touchpad: x[0..4762] y[0..3099] res=32,32 slots=5
palm: bottom_zone=750 edge_left=190 edge_right=4571 spread=400
virtual device created: ASUF1209 Palm Filtered Touchpad
grabbed source device (exclusive)
cnt=1 s0=fng (1631,1378) [filtered=0]
cnt=1 s0=fng (1631,1378) [filtered=0]
cnt=1 s0=fng (1631,1378) [filtered=0]
cnt=1 s0=fng (1631,1378) [filtered=0]
cnt=1 s0=fng (1631,1378) [filtered=0]
cnt=1 s0=fng (1630,1378) [filtered=0]
cnt=1 s0=fng (1629,1378) [filtered=0]
cnt=1 s0=fng (1629,1378) [filtered=0]
cnt=1 s0=fng (1628,1378) [filtered=0]
cnt=1 s0=fng (1626,1378) [filtered=0]
cnt=1 s0=fng (1624,1378) [filtered=0]
cnt=1 s0=fng (1619,1378) [filtered=0]
cnt=1 s0=fng (1616,1378) [filtered=0]
cnt=1 s0=fng (1610,1378) [filtered=0]
cnt=1 s0=fng (1601,1378) [filtered=0]
cnt=1 s0=fng (1590,1379) [filtered=0]
cnt=1 s0=fng (1576,1382) [filtered=0]
cnt=1 s0=fng (1563,1383) [filtered=0]
cnt=1 s0=fng (1546,1386) [filtered=0]
cnt=1 s0=fng (1528,1391) [filtered=0]
cnt=1 s0=fng (1507,1399) [filtered=0]
cnt=1 s0=fng (1486,1406) [filtered=0]
cnt=1 s0=fng (1465,1415) [filtered=0]
cnt=1 s0=fng (1444,1425) [filtered=0]
cnt=1 s0=fng (1423,1436) [filtered=0]
cnt=1 s0=fng (1404,1449) [filtered=0]
cnt=1 s0=fng (1385,1462) [filtered=0]
cnt=1 s0=fng (1368,1475) [filtered=0]
cnt=1 s0=fng (1352,1490) [filtered=0]
cnt=1 s0=fng (1338,1506) [filtered=0]
cnt=1 s0=fng (1326,1523) [filtered=0]
cnt=1 s0=fng (1315,1540) [filtered=0]
cnt=1 s0=fng (1307,1557) [filtered=0]
cnt=1 s0=fng (1300,1574) [filtered=0]
cnt=1 s0=fng (1295,1592) [filtered=0]
cnt=1 s0=fng (1290,1609) [filtered=0]
cnt=1 s0=fng (1286,1627) [filtered=0]
cnt=1 s0=fng (1285,1646) [filtered=0]
cnt=1 s0=fng (1285,1664) [filtered=0]
cnt=1 s0=fng (1289,1682) [filtered=0]
cnt=1 s0=fng (1293,1699) [filtered=0]
cnt=1 s0=fng (1299,1719) [filtered=0]
cnt=1 s0=fng (1308,1740) [filtered=0]
cnt=1 s0=fng (1320,1761) [filtered=0]
cnt=1 s0=fng (1335,1783) [filtered=0]
cnt=1 s0=fng (1349,1805) [filtered=0]
cnt=1 s0=fng (1366,1828) [filtered=0]
cnt=1 s0=fng (1387,1852) [filtered=0]
cnt=1 s0=fng (1413,1877) [filtered=0]
cnt=1 s0=fng (1442,1902) [filtered=0]
cnt=1 s0=fng (1470,1927) [filtered=0]
cnt=1 s0=fng (1500,1951) [filtered=0]
cnt=1 s0=fng (1531,1973) [filtered=0]
cnt=1 s0=fng (1562,1993) [filtered=0]
cnt=1 s0=fng (1593,2012) [filtered=0]
cnt=1 s0=fng (1623,2028) [filtered=0]
cnt=1 s0=fng (1652,2042) [filtered=0]
cnt=1 s0=fng (1681,2053) [filtered=0]
cnt=1 s0=fng (1708,2060) [filtered=0]
cnt=1 s0=fng (1735,2067) [filtered=0]
cnt=1 s0=fng (1760,2071) [filtered=0]
cnt=1 s0=fng (1782,2071) [filtered=0]
cnt=1 s0=fng (1803,2064) [filtered=0]
cnt=1 s0=fng (1821,2053) [filtered=0]
cnt=1 s0=fng (1838,2043) [filtered=0]
cnt=1 s0=fng (1855,2027) [filtered=0]
cnt=1 s0=fng (1871,2005) [filtered=0]
cnt=1 s0=fng (1884,1976) [filtered=0]
cnt=1 s0=fng (1896,1948) [filtered=0]
cnt=1 s0=fng (1906,1913) [filtered=0]
cnt=1 s0=fng (1913,1873) [filtered=0]
cnt=1 s0=fng (1917,1829) [filtered=0]
cnt=1 s0=fng (1917,1781) [filtered=0]
cnt=1 s0=fng (1917,1734) [filtered=0]
cnt=1 s0=fng (1912,1685) [filtered=0]
cnt=1 s0=fng (1905,1634) [filtered=0]
cnt=1 s0=fng (1895,1584) [filtered=0]
cnt=1 s0=fng (1883,1538) [filtered=0]
cnt=1 s0=fng (1872,1493) [filtered=0]
cnt=1 s0=fng (1859,1454) [filtered=0]
cnt=1 s0=fng (1845,1421) [filtered=0]
cnt=1 s0=fng (1828,1392) [filtered=0]
cnt=1 s0=fng (1812,1364) [filtered=0]
cnt=1 s0=fng (1794,1341) [filtered=0]
cnt=1 s0=fng (1774,1323) [filtered=0]
cnt=1 s0=fng (1752,1309) [filtered=0]
cnt=1 s0=fng (1726,1299) [filtered=0]
cnt=1 s0=fng (1701,1290) [filtered=0]
cnt=1 s0=fng (1674,1285) [filtered=0]
cnt=1 s0=fng (1646,1283) [filtered=0]
cnt=1 s0=fng (1618,1286) [filtered=0]
cnt=1 s0=fng (1591,1292) [filtered=0]
cnt=1 s0=fng (1564,1296) [filtered=0]
cnt=1 s0=fng (1538,1302) [filtered=0]
cnt=1 s0=fng (1512,1312) [filtered=0]
cnt=1 s0=fng (1486,1324) [filtered=0]
cnt=1 s0=fng (1461,1335) [filtered=0]
cnt=1 s0=fng (1436,1348) [filtered=0]
cnt=1 s0=fng (1411,1363) [filtered=0]
cnt=1 s0=fng (1388,1379) [filtered=0]
cnt=1 s0=fng (1367,1395) [filtered=0]
cnt=1 s0=fng (1347,1411) [filtered=0]
cnt=1 s0=fng (1330,1427) [filtered=0]
cnt=1 s0=fng (1313,1442) [filtered=0]
cnt=1 s0=fng (1299,1457) [filtered=0]
cnt=1 s0=fng (1287,1472) [filtered=0]
cnt=1 s0=fng (1276,1487) [filtered=0]
cnt=1 s0=fng (1268,1502) [filtered=0]
cnt=1 s0=fng (1262,1517) [filtered=0]
cnt=1 s0=fng (1258,1532) [filtered=0]
cnt=1 s0=fng (1254,1546) [filtered=0]
cnt=1 s0=fng (1253,1561) [filtered=0]
cnt=1 s0=fng (1253,1575) [filtered=0]
cnt=1 s0=fng (1257,1588) [filtered=0]
cnt=1 s0=fng (1263,1599) [filtered=0]
cnt=1 s0=fng (1269,1609) [filtered=0]
cnt=1 s0=fng (1275,1619) [filtered=0]
cnt=1 s0=fng (1283,1630) [filtered=0]
cnt=1 s0=fng (1292,1640) [filtered=0]
cnt=1 s0=fng (1302,1649) [filtered=0]
cnt=1 s0=fng (1311,1657) [filtered=0]
cnt=1 s0=fng (1320,1665) [filtered=0]
cnt=1 s0=fng (1329,1672) [filtered=0]
cnt=1 s0=fng (1338,1677) [filtered=0]
cnt=1 s0=fng (1347,1682) [filtered=0]
cnt=1 s0=fng (1355,1686) [filtered=0]
cnt=1 s0=fng (1362,1690) [filtered=0]
cnt=1 s0=fng (1368,1693) [filtered=0]
cnt=1 s0=fng (1373,1694) [filtered=0]
cnt=1 s0=fng (1377,1695) [filtered=0]
cnt=1 s0=fng (1382,1695) [filtered=0]
cnt=1 s0=fng (1386,1695) [filtered=0]
cnt=1 s0=fng (1389,1695) [filtered=0]
cnt=1 s0=fng (1390,1692) [filtered=0]
cnt=1 s0=fng (1391,1690) [filtered=0]
cnt=1 s0=fng (1392,1688) [filtered=0]
cnt=1 s0=fng (1393,1687) [filtered=0]
cnt=1 s0=fng (1393,1685) [filtered=0]
cnt=1 s0=fng (1393,1684) [filtered=0]
cnt=1 s0=fng (1393,1682) [filtered=0]
cnt=1 s0=fng (1393,1680) [filtered=0]
cnt=1 s0=fng (1392,1678) [filtered=0]
cnt=1 s0=fng (1391,1676) [filtered=0]
cnt=1 s0=fng (1391,1675) [filtered=0]
cnt=1 s0=fng (1390,1673) [filtered=0]
cnt=1 s0=fng (1388,1671) [filtered=0]
cnt=1 s0=fng (1385,1669) [filtered=0]
cnt=1 s0=fng (1380,1667) [filtered=0]
cnt=1 s0=fng (1377,1666) [filtered=0]
cnt=1 s0=fng (1372,1664) [filtered=0]
cnt=1 s0=fng (1366,1662) [filtered=0]
cnt=1 s0=fng (1358,1661) [filtered=0]
cnt=1 s0=fng (1350,1660) [filtered=0]
cnt=1 s0=fng (1341,1659) [filtered=0]
cnt=1 s0=fng (1332,1659) [filtered=0]
cnt=1 s0=fng (1322,1659) [filtered=0]
cnt=1 s0=fng (1311,1659) [filtered=0]
cnt=1 s0=fng (1301,1659) [filtered=0]
cnt=1 s0=fng (1290,1659) [filtered=0]
cnt=1 s0=fng (1280,1659) [filtered=0]
cnt=1 s0=fng (1270,1659) [filtered=0]
cnt=1 s0=fng (1261,1660) [filtered=0]
cnt=1 s0=fng (1253,1660) [filtered=0]
cnt=1 s0=fng (1244,1662) [filtered=0]
cnt=1 s0=fng (1236,1664) [filtered=0]
cnt=1 s0=fng (1229,1667) [filtered=0]
cnt=1 s0=fng (1223,1669) [filtered=0]
cnt=1 s0=fng (1218,1673) [filtered=0]
cnt=1 s0=fng (1214,1677) [filtered=0]
cnt=1 s0=fng (1209,1681) [filtered=0]
cnt=1 s0=fng (1046,911) [filtered=0]
cnt=1 s0=fng (1046,911) [filtered=0]
cnt=1 s0=fng (1046,911) [filtered=0]
cnt=1 s0=fng (1046,911) [filtered=0]
cnt=2 s0=fng (1046,911) s1=fng (1800,1154) [filtered=0]
cnt=2 s0=fng (1047,911) s1=fng (1800,1154) [filtered=0]
cnt=2 s0=fng (1047,911) s1=fng (1800,1155) [filtered=0]
cnt=2 s0=fng (1048,912) s1=fng (1800,1156) [filtered=0]
cnt=2 s0=fng (1048,912) s1=fng (1800,1156) [filtered=0]
cnt=2 s0=fng (1049,913) s1=fng (1800,1157) [filtered=0]
cnt=2 s0=fng (1049,913) s1=fng (1800,1159) [filtered=0]
cnt=2 s0=fng (1050,914) s1=fng (1800,1161) [filtered=0]
cnt=2 s0=fng (1050,915) s1=fng (1800,1164) [filtered=0]
cnt=2 s0=fng (1050,915) s1=fng (1800,1165) [filtered=0]
cnt=2 s0=fng (1051,917) s1=fng (1800,1168) [filtered=0]
cnt=2 s0=fng (1051,920) s1=fng (1800,1172) [filtered=0]
cnt=2 s0=fng (1053,927) s1=fng (1799,1179) [filtered=0]
cnt=2 s0=fng (1054,934) s1=fng (1799,1186) [filtered=0]
cnt=2 s0=fng (1055,944) s1=fng (1798,1195) [filtered=0]
cnt=2 s0=fng (1057,957) s1=fng (1797,1205) [filtered=0]
cnt=2 s0=fng (1060,974) s1=fng (1796,1217) [filtered=0]
cnt=2 s0=fng (1063,996) s1=fng (1795,1231) [filtered=0]
cnt=2 s0=fng (1065,1017) s1=fng (1795,1245) [filtered=0]
cnt=2 s0=fng (1068,1042) s1=fng (1795,1262) [filtered=0]
cnt=2 s0=fng (1071,1071) s1=fng (1796,1283) [filtered=0]
cnt=2 s0=fng (1075,1104) s1=fng (1797,1307) [filtered=0]
cnt=2 s0=fng (1080,1140) s1=fng (1799,1335) [filtered=0]
cnt=2 s0=fng (1083,1176) s1=fng (1800,1362) [filtered=0]
cnt=2 s0=fng (1087,1213) s1=fng (1802,1392) [filtered=0]
cnt=2 s0=fng (1090,1250) s1=fng (1805,1425) [filtered=0]
cnt=2 s0=fng (1093,1286) s1=fng (1808,1458) [filtered=0]
cnt=2 s0=fng (1095,1321) s1=fng (1810,1491) [filtered=0]
cnt=2 s0=fng (1098,1354) s1=fng (1814,1524) [filtered=0]
cnt=2 s0=fng (1101,1385) s1=fng (1818,1556) [filtered=0]
cnt=2 s0=fng (1104,1414) s1=fng (1822,1586) [filtered=0]
cnt=2 s0=fng (1106,1440) s1=fng (1826,1615) [filtered=0]
cnt=2 s0=fng (1107,1465) s1=fng (1829,1644) [filtered=0]
cnt=2 s0=fng (1109,1488) s1=fng (1833,1672) [filtered=0]
cnt=2 s0=fng (1111,1509) s1=fng (1837,1698) [filtered=0]
cnt=2 s0=fng (1113,1530) s1=fng (1841,1723) [filtered=0]
cnt=2 s0=fng (1115,1548) s1=fng (1846,1748) [filtered=0]
cnt=2 s0=fng (1116,1565) s1=fng (1850,1772) [filtered=0]
cnt=2 s0=fng (1118,1581) s1=fng (1855,1796) [filtered=0]
cnt=2 s0=fng (1120,1597) s1=fng (1860,1819) [filtered=0]
cnt=2 s0=fng (1123,1612) s1=fng (1865,1841) [filtered=0]
cnt=2 s0=fng (1125,1626) s1=fng (1869,1862) [filtered=0]
cnt=2 s0=fng (1128,1638) s1=fng (1873,1883) [filtered=0]
cnt=2 s0=fng (1130,1650) s1=fng (1878,1905) [filtered=0]
cnt=2 s0=fng (1132,1661) s1=fng (1883,1926) [filtered=0]
cnt=2 s0=fng (1135,1671) s1=fng (1887,1947) [filtered=0]
cnt=2 s0=fng (1136,1681) s1=fng (1890,1967) [filtered=0]
cnt=2 s0=fng (1138,1690) s1=fng (1894,1986) [filtered=0]
cnt=2 s0=fng (1140,1699) s1=fng (1898,2004) [filtered=0]
cnt=2 s0=fng (1142,1708) s1=fng (1901,2021) [filtered=0]
cnt=2 s0=fng (1144,1717) s1=fng (1904,2038) [filtered=0]
cnt=2 s0=fng (1145,1726) s1=fng (1906,2054) [filtered=0]
cnt=2 s0=fng (1147,1735) s1=fng (1908,2069) [filtered=0]
cnt=2 s0=fng (1149,1744) s1=fng (1909,2084) [filtered=0]
cnt=2 s0=fng (1151,1752) s1=fng (1911,2098) [filtered=0]
cnt=2 s0=fng (1152,1760) s1=fng (1912,2111) [filtered=0]
cnt=2 s0=fng (1153,1768) s1=fng (1912,2123) [filtered=0]
cnt=2 s0=fng (1154,1776) s1=fng (1912,2135) [filtered=0]
cnt=2 s0=fng (1155,1783) s1=fng (1912,2146) [filtered=0]
cnt=2 s0=fng (1156,1791) s1=fng (1912,2156) [filtered=0]
cnt=2 s0=fng (1157,1798) s1=fng (1912,2165) [filtered=0]
cnt=2 s0=fng (1158,1804) s1=fng (1912,2173) [filtered=0]
cnt=2 s0=fng (1158,1810) s1=fng (1912,2181) [filtered=0]
cnt=2 s0=fng (1159,1815) s1=fng (1912,2188) [filtered=0]
cnt=2 s0=fng (1159,1820) s1=fng (1912,2195) [filtered=0]
cnt=2 s0=fng (1160,1825) s1=fng (1912,2201) [filtered=0]
cnt=2 s0=fng (1160,1830) s1=fng (1912,2206) [filtered=0]
cnt=2 s0=fng (1161,1834) s1=fng (1912,2210) [filtered=0]
cnt=2 s0=fng (1161,1839) s1=fng (1912,2214) [filtered=0]
cnt=2 s0=fng (1161,1843) s1=fng (1912,2218) [filtered=0]
cnt=2 s0=fng (1161,1847) s1=fng (1912,2221) [filtered=0]
cnt=2 s0=fng (1161,1850) s1=fng (1912,2223) [filtered=0]
cnt=2 s0=fng (1161,1853) s1=fng (1912,2225) [filtered=0]
cnt=2 s0=fng (1161,1855) s1=fng (1912,2226) [filtered=0]
cnt=2 s0=fng (1161,1857) s1=fng (1912,2227) [filtered=0]
cnt=2 s0=fng (1161,1858) s1=fng (1912,2227) [filtered=0]
cnt=2 s0=fng (1161,1859) s1=fng (1912,2227) [filtered=0]
cnt=2 s0=fng (1161,1860) s1=fng (1912,2227) [filtered=0]
cnt=2 s0=fng (1161,1861) s1=fng (1912,2227) [filtered=0]
cnt=2 s0=fng (1161,1862) s1=fng (1912,2227) [filtered=0]
cnt=2 s0=fng (1161,1863) s1=fng (1912,2227) [filtered=0]
cnt=2 s0=fng (1161,1864) s1=fng (1912,2227) [filtered=0]
cnt=2 s0=fng (1160,1864) s1=fng (1912,2227) [filtered=0]
cnt=2 s0=fng (1160,1864) s1=fng (1912,2227) [filtered=0]
cnt=2 s0=fng (1160,1864) s1=fng (1912,2224) [filtered=0]
cnt=2 s0=fng (1159,1863) s1=fng (1912,2219) [filtered=0]
cnt=2 s0=fng (1158,1862) s1=fng (1912,2213) [filtered=0]
cnt=2 s0=fng (1158,1861) s1=fng (1911,2205) [filtered=0]
cnt=2 s0=fng (1158,1860) s1=fng (1910,2198) [filtered=0]
cnt=2 s0=fng (1157,1859) s1=fng (1909,2189) [filtered=0]
cnt=2 s0=fng (1156,1856) s1=fng (1907,2176) [filtered=0]
cnt=2 s0=fng (1155,1852) s1=fng (1904,2159) [filtered=0]
cnt=2 s0=fng (1154,1849) s1=fng (1902,2143) [filtered=0]
cnt=2 s0=fng (1152,1842) s1=fng (1900,2123) [filtered=0]
cnt=2 s0=fng (1148,1831) s1=fng (1896,2100) [filtered=0]
cnt=2 s0=fng (1143,1814) s1=fng (1891,2074) [filtered=0]
cnt=2 s0=fng (1135,1793) s1=fng (1886,2042) [filtered=0]
cnt=2 s0=fng (1128,1773) s1=fng (1882,2011) [filtered=0]
cnt=2 s0=fng (1119,1749) s1=fng (1878,1977) [filtered=0]
cnt=2 s0=fng (1109,1721) s1=fng (1873,1940) [filtered=0]
cnt=2 s0=fng (1098,1689) s1=fng (1867,1900) [filtered=0]
cnt=2 s0=fng (1087,1655) s1=fng (1861,1858) [filtered=0]
cnt=2 s0=fng (1076,1622) s1=fng (1856,1817) [filtered=0]
cnt=2 s0=fng (1065,1588) s1=fng (1850,1774) [filtered=0]
cnt=2 s0=fng (1055,1554) s1=fng (1843,1730) [filtered=0]
cnt=2 s0=fng (1046,1520) s1=fng (1836,1687) [filtered=0]
cnt=2 s0=fng (1037,1486) s1=fng (1829,1644) [filtered=0]
cnt=2 s0=fng (1028,1453) s1=fng (1822,1602) [filtered=0]
cnt=2 s0=fng (1019,1420) s1=fng (1815,1560) [filtered=0]
cnt=2 s0=fng (1010,1387) s1=fng (1808,1519) [filtered=0]
cnt=2 s0=fng (1001,1355) s1=fng (1801,1479) [filtered=0]
cnt=2 s0=fng (993,1323) s1=fng (1795,1439) [filtered=0]
cnt=2 s0=fng (985,1291) s1=fng (1788,1400) [filtered=0]
cnt=2 s0=fng (977,1261) s1=fng (1781,1363) [filtered=0]
cnt=2 s0=fng (969,1232) s1=fng (1775,1328) [filtered=0]
cnt=2 s0=fng (961,1203) s1=fng (1769,1295) [filtered=0]
cnt=2 s0=fng (954,1175) s1=fng (1764,1263) [filtered=0]
cnt=2 s0=fng (947,1147) s1=fng (1758,1231) [filtered=0]
cnt=2 s0=fng (941,1120) s1=fng (1753,1201) [filtered=0]
cnt=2 s0=fng (935,1095) s1=fng (1748,1172) [filtered=0]
cnt=2 s0=fng (929,1070) s1=fng (1743,1145) [filtered=0]
cnt=2 s0=fng (924,1046) s1=fng (1739,1119) [filtered=0]
cnt=2 s0=fng (919,1022) s1=fng (1735,1094) [filtered=0]
cnt=2 s0=fng (913,1000) s1=fng (1730,1070) [filtered=0]
cnt=2 s0=fng (908,979) s1=fng (1726,1046) [filtered=0]
cnt=2 s0=fng (904,959) s1=fng (1723,1023) [filtered=0]
cnt=2 s0=fng (900,940) s1=fng (1721,1001) [filtered=0]
cnt=2 s0=fng (895,922) s1=fng (1719,980) [filtered=0]
cnt=2 s0=fng (890,904) s1=fng (1716,959) [filtered=0]
cnt=2 s0=fng (885,887) s1=fng (1714,938) [filtered=0]
cnt=2 s0=fng (881,871) s1=fng (1713,918) [filtered=0]
cnt=2 s0=fng (878,855) s1=fng (1712,899) [filtered=0]
cnt=2 s0=fng (875,840) s1=fng (1710,881) [filtered=0]
cnt=2 s0=fng (872,825) s1=fng (1708,863) [filtered=0]
cnt=2 s0=fng (869,811) s1=fng (1707,845) [filtered=0]
cnt=2 s0=fng (866,798) s1=fng (1706,828) [filtered=0]
cnt=2 s0=fng (864,786) s1=fng (1705,812) [filtered=0]
cnt=2 s0=fng (861,774) s1=fng (1704,796) [filtered=0]
cnt=2 s0=fng (858,763) s1=fng (1703,779) [filtered=0]
cnt=2 s0=fng (856,752) s1=fng (1702,763) [filtered=0]
cnt=2 s0=fng (853,742) s1=fng (1701,748) [filtered=0]
cnt=2 s0=fng (850,732) s1=fng (1700,734) [filtered=0]
cnt=2 s0=fng (847,723) s1=fng (1699,721) [filtered=0]
cnt=2 s0=fng (844,715) s1=fng (1698,708) [filtered=0]
cnt=2 s0=fng (842,707) s1=fng (1697,696) [filtered=0]
cnt=2 s0=fng (840,699) s1=fng (1697,684) [filtered=0]
cnt=2 s0=fng (838,691) s1=fng (1696,672) [filtered=0]
cnt=2 s0=fng (835,684) s1=fng (1695,661) [filtered=0]
cnt=2 s0=fng (833,677) s1=fng (1694,650) [filtered=0]
cnt=2 s0=fng (832,671) s1=fng (1693,640) [filtered=0]
cnt=2 s0=fng (831,666) s1=fng (1692,631) [filtered=0]
cnt=2 s0=fng (829,661) s1=fng (1691,622) [filtered=0]
cnt=2 s0=fng (827,655) s1=fng (1690,612) [filtered=0]
cnt=2 s0=fng (826,650) s1=fng (1690,603) [filtered=0]
cnt=2 s0=fng (824,644) s1=fng (1689,593) [filtered=0]
cnt=2 s0=fng (822,636) s1=fng (1688,582) [filtered=0]
cnt=2 s0=fng (819,627) s1=fng (1686,570) [filtered=0]
cnt=2 s0=fng (815,618) s1=fng (1684,558) [filtered=0]
cnt=2 s0=fng (813,610) s1=fng (1683,547) [filtered=0]
cnt=2 s0=fng (810,602) s1=fng (1681,535) [filtered=0]
cnt=2 s0=fng (807,593) s1=fng (1679,522) [filtered=0]
cnt=2 s0=fng (803,584) s1=fng (1677,509) [filtered=0]
cnt=2 s0=fng (799,575) s1=fng (1674,496) [filtered=0]
cnt=2 s0=fng (797,567) s1=fng (1673,484) [filtered=0]
cnt=2 s0=fng (794,558) s1=fng (1671,471) [filtered=0]
cnt=2 s0=fng (791,549) s1=fng (1669,458) [filtered=0]
cnt=2 s0=fng (787,540) s1=fng (1666,445) [filtered=0]
cnt=2 s0=fng (785,532) s1=fng (1665,433) [filtered=0]
cnt=2 s0=fng (782,524) s1=fng (1663,421) [filtered=0]
cnt=2 s0=fng (779,515) s1=fng (1661,409) [filtered=0]
cnt=2 s0=fng (776,506) s1=fng (1659,398) [filtered=0]
cnt=2 s0=fng (772,498) s1=fng (1657,388) [filtered=0]
cnt=2 s0=fng (770,491) s1=fng (1656,379) [filtered=0]
cnt=2 s0=fng (768,484) s1=fng (1654,371) [filtered=0]
cnt=2 s0=fng (766,478) s1=fng (1653,363) [filtered=0]
cnt=2 s0=fng (763,472) s1=fng (1651,355) [filtered=0]
cnt=2 s0=fng (762,467) s1=fng (1650,348) [filtered=0]
cnt=2 s0=fng (760,462) s1=fng (1649,342) [filtered=0]
cnt=2 s0=fng (758,458) s1=fng (1648,337) [filtered=0]
cnt=2 s0=fng (756,453) s1=fng (1647,333) [filtered=0]
cnt=2 s0=fng (754,448) s1=fng (1646,329) [filtered=0]
cnt=2 s0=fng (753,444) s1=fng (1645,325) [filtered=0]
cnt=2 s0=fng (751,440) s1=fng (1644,322) [filtered=0]
cnt=2 s0=fng (749,435) s1=fng (1643,320) [filtered=0]
cnt=2 s0=fng (746,430) s1=fng (1643,318) [filtered=0]
cnt=2 s0=fng (743,423) s1=fng (1642,317) [filtered=0]
cnt=2 s0=fng (741,417) s1=fng (1642,317) [filtered=0]
cnt=2 s0=fng (737,408) s1=fng (1641,316) [filtered=0]
cnt=2 s0=fng (733,399) s1=fng (1640,315) [filtered=0]
cnt=2 s0=fng (730,391) s1=fng (1639,315) [filtered=0]
cnt=1 s1=fng (1638,315) [filtered=0]
cnt=1 s1=fng (1637,315) [filtered=0]
cnt=1 s1=fng (1636,315) [filtered=0]
cnt=1 s1=fng (1635,315) [filtered=0]
cnt=1 s1=fng (1633,315) [filtered=0]
cnt=1 s1=fng (1632,316) [filtered=0]
cnt=1 s1=fng (1631,316) [filtered=0]
cnt=1 s1=fng (1630,317) [filtered=0]
cnt=2 s0=fng (1616,830) s1=fng (829,801) [filtered=0]
cnt=2 s0=fng (1616,830) s1=fng (829,801) [filtered=0]
cnt=2 s0=fng (1616,830) s1=fng (829,801) [filtered=0]
cnt=2 s0=fng (1617,831) s1=fng (829,801) [filtered=0]
cnt=2 s0=fng (1617,831) s1=fng (829,801) [filtered=0]
cnt=2 s0=fng (1618,832) s1=fng (829,801) [filtered=0]
cnt=2 s0=fng (1618,833) s1=fng (829,801) [filtered=0]
cnt=2 s0=fng (1618,834) s1=fng (829,801) [filtered=0]
cnt=2 s0=fng (1619,835) s1=fng (829,801) [filtered=0]
cnt=2 s0=fng (1620,837) s1=fng (829,801) [filtered=0]
cnt=2 s0=fng (1621,840) s1=fng (829,802) [filtered=0]
cnt=2 s0=fng (1622,844) s1=fng (829,804) [filtered=0]
cnt=2 s0=fng (1622,847) s1=fng (829,805) [filtered=0]
cnt=2 s0=fng (1624,854) s1=fng (830,807) [filtered=0]
cnt=2 s0=fng (1626,865) s1=fng (831,813) [filtered=0]
cnt=2 s0=fng (1629,880) s1=fng (833,823) [filtered=0]
cnt=2 s0=fng (1632,899) s1=fng (835,836) [filtered=0]
cnt=2 s0=fng (1634,917) s1=fng (836,848) [filtered=0]
cnt=2 s0=fng (1637,938) s1=fng (838,864) [filtered=0]
cnt=2 s0=fng (1640,964) s1=fng (841,885) [filtered=0]
cnt=2 s0=fng (1643,992) s1=fng (844,910) [filtered=0]
cnt=2 s0=fng (1645,1020) s1=fng (846,935) [filtered=0]
cnt=2 s0=fng (1648,1048) s1=fng (849,963) [filtered=0]
cnt=2 s0=fng (1650,1077) s1=fng (852,996) [filtered=0]
cnt=2 s0=fng (1652,1107) s1=fng (854,1030) [filtered=0]
cnt=2 s0=fng (1653,1137) s1=fng (856,1062) [filtered=0]
cnt=2 s0=fng (1654,1167) s1=fng (857,1094) [filtered=0]
cnt=2 s0=fng (1654,1196) s1=fng (858,1122) [filtered=0]
cnt=1 s0=fng (1654,1225) [filtered=0]
cnt=1 s0=fng (1654,1253) [filtered=0]
cnt=1 s0=fng (1654,1280) [filtered=0]
cnt=1 s0=fng (1654,1306) [filtered=0]
cnt=1 s0=fng (1654,1331) [filtered=0]
cnt=1 s0=fng (1654,1356) [filtered=0]
cnt=1 s0=fng (1654,1379) [filtered=0]
cnt=1 s0=fng (1654,1400) [filtered=0]
cnt=1 s0=fng (1654,1420) [filtered=0]
cnt=1 s0=fng (1654,1440) [filtered=0]
cnt=1 s0=fng (1654,1460) [filtered=0]
cnt=1 s0=fng (1653,1478) [filtered=0]
cnt=1 s0=fng (1653,1495) [filtered=0]
cnt=1 s0=fng (1653,1511) [filtered=0]
cnt=1 s0=fng (1652,1526) [filtered=0]
cnt=1 s0=fng (1651,1539) [filtered=0]
cnt=1 s0=fng (1650,1552) [filtered=0]
cnt=1 s0=fng (1649,1564) [filtered=0]
cnt=1 s0=fng (1648,1574) [filtered=0]
cnt=1 s0=fng (1647,1583) [filtered=0]
cnt=1 s0=fng (1645,1591) [filtered=0]
cnt=1 s0=fng (1644,1597) [filtered=0]
cnt=1 s0=fng (1643,1603) [filtered=0]
cnt=1 s0=fng (1642,1608) [filtered=0]
cnt=1 s0=fng (1640,1612) [filtered=0]
cnt=1 s0=fng (1639,1615) [filtered=0]
cnt=1 s0=fng (1638,1618) [filtered=0]
cnt=1 s0=fng (1637,1620) [filtered=0]
cnt=1 s0=fng (1636,1621) [filtered=0]
cnt=1 s0=fng (1635,1621) [filtered=0]
cnt=1 s0=fng (1634,1621) [filtered=0]
cnt=1 s0=fng (1633,1621) [filtered=0]
cnt=1 s0=fng (1632,1621) [filtered=0]
cnt=1 s0=fng (1631,1621) [filtered=0]
cnt=1 s0=fng (1631,1621) [filtered=0]
cnt=1 s0=fng (1630,1621) [filtered=0]
cnt=1 s0=fng (1630,1621) [filtered=0]
cnt=1 s0=fng (1630,1618) [filtered=0]
cnt=1 s0=fng (1629,1614) [filtered=0]
cnt=1 s0=fng (1628,1609) [filtered=0]
cnt=1 s0=fng (1628,1605) [filtered=0]
cnt=1 s0=fng (1627,1599) [filtered=0]
cnt=1 s0=fng (1625,1592) [filtered=0]
cnt=1 s0=fng (1623,1583) [filtered=0]
cnt=1 s0=fng (1620,1572) [filtered=0]
cnt=1 s0=fng (1619,1562) [filtered=0]
cnt=1 s0=fng (1616,1550) [filtered=0]
cnt=1 s0=fng (1613,1536) [filtered=0]
cnt=1 s0=fng (1610,1520) [filtered=0]
cnt=1 s0=fng (1606,1502) [filtered=0]
cnt=1 s0=fng (1604,1485) [filtered=0]
cnt=1 s0=fng (1601,1467) [filtered=0]
cnt=1 s0=fng (1598,1449) [filtered=0]
cnt=1 s0=fng (1595,1430) [filtered=0]
cnt=1 s0=fng (1593,1411) [filtered=0]
cnt=1 s0=fng (1589,1391) [filtered=0]
cnt=1 s0=fng (1585,1371) [filtered=0]
cnt=1 s0=fng (1581,1351) [filtered=0]
cnt=1 s0=fng (1577,1331) [filtered=0]
cnt=1 s0=fng (1574,1311) [filtered=0]
cnt=1 s0=fng (1570,1292) [filtered=0]
cnt=1 s0=fng (1566,1273) [filtered=0]
cnt=1 s0=fng (1562,1254) [filtered=0]
cnt=1 s0=fng (1557,1235) [filtered=0]
cnt=1 s0=fng (1554,1217) [filtered=0]
cnt=1 s0=fng (1549,1199) [filtered=0]
cnt=1 s0=fng (1544,1181) [filtered=0]
cnt=1 s0=fng (1539,1163) [filtered=0]
cnt=1 s0=fng (1535,1146) [filtered=0]
cnt=1 s0=fng (1530,1130) [filtered=0]
cnt=1 s0=fng (1525,1114) [filtered=0]
cnt=1 s0=fng (1520,1099) [filtered=0]
cnt=1 s0=fng (1514,1085) [filtered=0]
cnt=1 s0=fng (1508,1072) [filtered=0]
cnt=1 s0=fng (1502,1060) [filtered=0]
cnt=1 s0=fng (1497,1050) [filtered=0]
cnt=1 s0=fng (1492,1042) [filtered=0]
cnt=1 s0=fng (1487,1035) [filtered=0]
cnt=1 s0=fng (1482,1028) [filtered=0]
cnt=1 s0=fng (1477,1023) [filtered=0]
cnt=1 s0=fng (1472,1019) [filtered=0]
cnt=1 s0=fng (1466,1017) [filtered=0]
cnt=1 s0=fng (1461,1015) [filtered=0]
cnt=1 s0=fng (1456,1015) [filtered=0]
cnt=1 s0=fng (1451,1015) [filtered=0]
cnt=1 s0=fng (1446,1019) [filtered=0]
cnt=1 s0=fng (1439,1025) [filtered=0]
cnt=1 s0=fng (1433,1031) [filtered=0]
cnt=1 s0=fng (1427,1038) [filtered=0]
cnt=1 s0=fng (1420,1048) [filtered=0]
cnt=1 s0=fng (1412,1062) [filtered=0]
cnt=1 s0=fng (1403,1079) [filtered=0]
cnt=1 s0=fng (1394,1095) [filtered=0]
cnt=1 s0=fng (1385,1114) [filtered=0]
cnt=1 s0=fng (1377,1135) [filtered=0]
cnt=1 s0=fng (1370,1158) [filtered=0]
cnt=1 s0=fng (1364,1180) [filtered=0]
cnt=1 s0=fng (1359,1202) [filtered=0]
cnt=1 s0=fng (1355,1224) [filtered=0]
cnt=1 s0=fng (1350,1246) [filtered=0]
cnt=1 s0=fng (1346,1268) [filtered=0]
cnt=1 s0=fng (1343,1289) [filtered=0]
cnt=1 s0=fng (1341,1310) [filtered=0]
cnt=1 s0=fng (1339,1331) [filtered=0]
cnt=1 s0=fng (1338,1352) [filtered=0]
cnt=1 s0=fng (1337,1373) [filtered=0]
cnt=1 s0=fng (1336,1394) [filtered=0]
cnt=1 s0=fng (1335,1414) [filtered=0]
cnt=1 s0=fng (1335,1434) [filtered=0]
cnt=1 s0=fng (1335,1453) [filtered=0]
cnt=1 s0=fng (1335,1471) [filtered=0]
cnt=1 s0=fng (1336,1489) [filtered=0]
cnt=1 s0=fng (1337,1506) [filtered=0]
cnt=1 s0=fng (1338,1523) [filtered=0]
cnt=1 s0=fng (1340,1540) [filtered=0]
cnt=1 s0=fng (1341,1556) [filtered=0]
cnt=1 s0=fng (1344,1573) [filtered=0]
cnt=1 s0=fng (1348,1590) [filtered=0]
cnt=1 s0=fng (1352,1607) [filtered=0]
cnt=1 s0=fng (1357,1624) [filtered=0]
cnt=1 s0=fng (1361,1640) [filtered=0]
cnt=1 s0=fng (1366,1656) [filtered=0]
cnt=1 s0=fng (1372,1671) [filtered=0]
cnt=1 s0=fng (1378,1684) [filtered=0]
cnt=1 s0=fng (1383,1696) [filtered=0]
cnt=1 s0=fng (1389,1708) [filtered=0]
cnt=1 s0=fng (1396,1720) [filtered=0]
cnt=1 s0=fng (1403,1730) [filtered=0]
cnt=1 s0=fng (1410,1739) [filtered=0]
cnt=1 s0=fng (1417,1747) [filtered=0]
cnt=1 s0=fng (1424,1754) [filtered=0]
cnt=1 s0=fng (1431,1759) [filtered=0]
cnt=1 s0=fng (1438,1763) [filtered=0]
cnt=1 s0=fng (1444,1766) [filtered=0]
cnt=1 s0=fng (1449,1769) [filtered=0]
cnt=1 s0=fng (1455,1771) [filtered=0]
cnt=1 s0=fng (1461,1772) [filtered=0]
cnt=1 s0=fng (1466,1772) [filtered=0]
cnt=1 s0=fng (1470,1772) [filtered=0]
cnt=1 s0=fng (1475,1772) [filtered=0]
cnt=1 s0=fng (1480,1772) [filtered=0]
cnt=1 s0=fng (1484,1772) [filtered=0]
cnt=1 s0=fng (1487,1772) [filtered=0]
cnt=1 s0=fng (1489,1772) [filtered=0]
cnt=1 s0=fng (1491,1772) [filtered=0]
cnt=1 s0=fng (1493,1769) [filtered=0]
cnt=1 s0=fng (1495,1765) [filtered=0]
cnt=1 s0=fng (1498,1761) [filtered=0]
cnt=1 s0=fng (1500,1758) [filtered=0]
cnt=1 s0=fng (1503,1754) [filtered=0]
cnt=1 s0=fng (1506,1749) [filtered=0]
cnt=1 s0=fng (1509,1743) [filtered=0]
cnt=1 s0=fng (1511,1738) [filtered=0]
cnt=1 s0=fng (1514,1730) [filtered=0]
cnt=1 s0=fng (1517,1721) [filtered=0]
cnt=1 s0=fng (1519,1711) [filtered=0]
cnt=1 s0=fng (1521,1698) [filtered=0]
cnt=1 s0=fng (1522,1685) [filtered=0]
cnt=1 s0=fng (1523,1671) [filtered=0]
cnt=1 s0=fng (1524,1655) [filtered=0]
cnt=1 s0=fng (1524,1638) [filtered=0]
cnt=1 s0=fng (1522,1619) [filtered=0]
cnt=1 s0=fng (1521,1600) [filtered=0]
cnt=1 s0=fng (1519,1579) [filtered=0]
cnt=1 s0=fng (1515,1557) [filtered=0]
cnt=1 s0=fng (1510,1535) [filtered=0]
cnt=1 s0=fng (1506,1513) [filtered=0]
cnt=1 s0=fng (1501,1492) [filtered=0]
cnt=1 s0=fng (1495,1471) [filtered=0]
cnt=1 s0=fng (1488,1452) [filtered=0]
cnt=1 s0=fng (1480,1435) [filtered=0]
cnt=1 s0=fng (1473,1419) [filtered=0]
cnt=1 s0=fng (1464,1403) [filtered=0]
cnt=1 s0=fng (1455,1389) [filtered=0]
cnt=1 s0=fng (1446,1376) [filtered=0]
cnt=1 s0=fng (1436,1365) [filtered=0]
cnt=1 s0=fng (1426,1355) [filtered=0]
cnt=1 s0=fng (1415,1347) [filtered=0]
cnt=1 s0=fng (1403,1340) [filtered=0]
cnt=1 s0=fng (1391,1335) [filtered=0]
cnt=1 s0=fng (1380,1330) [filtered=0]
cnt=1 s0=fng (1368,1326) [filtered=0]
cnt=1 s0=fng (1356,1323) [filtered=0]
cnt=1 s0=fng (1344,1322) [filtered=0]
cnt=1 s0=fng (1332,1322) [filtered=0]
cnt=1 s0=fng (1321,1322) [filtered=0]
cnt=1 s0=fng (1312,1322) [filtered=0]
cnt=1 s0=fng (1303,1325) [filtered=0]
cnt=1 s0=fng (1294,1329) [filtered=0]
cnt=1 s0=fng (1286,1331) [filtered=0]
cnt=1 s0=fng (1279,1334) [filtered=0]
cnt=1 s0=fng (1272,1339) [filtered=0]
cnt=1 s0=fng (1265,1345) [filtered=0]
cnt=1 s0=fng (1257,1354) [filtered=0]
cnt=1 s0=fng (1250,1363) [filtered=0]
cnt=1 s0=fng (1243,1373) [filtered=0]
cnt=1 s0=fng (1237,1386) [filtered=0]
cnt=1 s0=fng (1231,1401) [filtered=0]
cnt=1 s0=fng (1226,1418) [filtered=0]
cnt=1 s0=fng (1222,1435) [filtered=0]
cnt=1 s0=fng (1218,1453) [filtered=0]
cnt=1 s0=fng (1216,1473) [filtered=0]
cnt=1 s0=fng (1216,1494) [filtered=0]
cnt=1 s0=fng (1216,1515) [filtered=0]
cnt=1 s0=fng (1216,1536) [filtered=0]
cnt=1 s0=fng (1220,1558) [filtered=0]
cnt=1 s0=fng (1225,1582) [filtered=0]
cnt=1 s0=fng (1231,1606) [filtered=0]
cnt=1 s0=fng (1236,1629) [filtered=0]
cnt=1 s0=fng (1243,1654) [filtered=0]
cnt=1 s0=fng (1252,1679) [filtered=0]
cnt=1 s0=fng (1262,1704) [filtered=0]
cnt=1 s0=fng (1274,1728) [filtered=0]
cnt=1 s0=fng (1285,1751) [filtered=0]
cnt=1 s0=fng (1298,1774) [filtered=0]
cnt=1 s0=fng (1312,1795) [filtered=0]
cnt=1 s0=fng (1327,1815) [filtered=0]
cnt=1 s0=fng (1342,1834) [filtered=0]
cnt=1 s0=fng (1357,1850) [filtered=0]
cnt=1 s0=fng (1373,1865) [filtered=0]
cnt=1 s0=fng (1390,1877) [filtered=0]
cnt=1 s0=fng (1407,1889) [filtered=0]
cnt=1 s0=fng (1423,1900) [filtered=0]
cnt=1 s0=fng (1440,1908) [filtered=0]
cnt=1 s0=fng (1457,1915) [filtered=0]
cnt=1 s0=fng (1473,1919) [filtered=0]
cnt=1 s0=fng (1489,1922) [filtered=0]
cnt=1 s0=fng (1504,1925) [filtered=0]
cnt=1 s0=fng (1517,1926) [filtered=0]
cnt=1 s0=fng (1530,1926) [filtered=0]
cnt=1 s0=fng (1543,1926) [filtered=0]
cnt=1 s0=fng (1554,1923) [filtered=0]
cnt=1 s0=fng (1564,1920) [filtered=0]
cnt=1 s0=fng (1573,1917) [filtered=0]
cnt=1 s0=fng (1582,1913) [filtered=0]
cnt=1 s0=fng (1590,1910) [filtered=0]
cnt=1 s0=fng (1597,1909) [filtered=0]
cnt=1 s0=fng (1602,1907) [filtered=0]
cnt=1 s0=fng (1606,1904) [filtered=0]
cnt=1 s0=fng (1610,1901) [filtered=0]
cnt=1 s0=fng (1614,1899) [filtered=0]
cnt=2 s0=fng (1617,1897) s1=fng (4050,1784) [filtered=0]
cnt=2 s0=fng (1619,1894) s1=fng (4050,1785) [filtered=0]
cnt=2 s0=fng (1620,1891) s1=fng (4050,1785) [filtered=0]
cnt=2 s0=fng (1620,1888) s1=fng (4049,1785) [filtered=0]
cnt=2 s0=fng (1620,1886) s1=fng (4049,1785) [filtered=0]
cnt=2 s0=fng (1620,1883) s1=fng (4048,1785) [filtered=0]
cnt=2 s0=fng (1620,1879) s1=fng (4048,1785) [filtered=0]
cnt=2 s0=fng (1620,1874) s1=fng (4048,1785) [filtered=0]
cnt=2 s0=fng (1620,1870) s1=fng (4048,1785) [filtered=0]
cnt=2 s0=fng (1617,1865) s1=fng (4048,1785) [filtered=0]
cnt=2 s0=fng (1613,1858) s1=fng (4048,1785) [filtered=0]
cnt=2 s0=fng (1609,1852) s1=fng (4048,1785) [filtered=0]
cnt=2 s0=fng (1605,1843) s1=fng (4048,1785) [filtered=0]
cnt=2 s0=fng (1600,1832) s1=fng (4048,1785) [filtered=0]
cnt=2 s0=fng (1594,1818) s1=fng (4048,1785) [filtered=0]
cnt=2 s0=fng (1589,1804) s1=fng (4048,1785) [filtered=0]
cnt=2 s0=fng (1582,1787) s1=fng (4048,1785) [filtered=0]
cnt=2 s0=fng (1574,1768) s1=fng (4048,1785) [filtered=0]
cnt=2 s0=fng (1565,1749) s1=fng (4048,1785) [filtered=0]
cnt=2 s0=fng (1556,1730) s1=fng (4048,1785) [filtered=0]
cnt=2 s0=fng (1546,1711) s1=fng (4048,1785) [filtered=0]
cnt=2 s0=fng (1536,1692) s1=fng (4048,1785) [filtered=0]
cnt=2 s0=fng (1526,1673) s1=fng (4048,1785) [filtered=0]
cnt=2 s0=fng (1515,1654) s1=fng (4048,1785) [filtered=0]
cnt=2 s0=fng (1504,1636) s1=fng (4048,1785) [filtered=0]
cnt=2 s0=fng (1492,1619) s1=fng (4048,1785) [filtered=0]
cnt=2 s0=fng (1480,1603) s1=fng (4048,1785) [filtered=0]
cnt=2 s0=fng (1467,1587) s1=fng (4048,1785) [filtered=0]
cnt=2 s0=fng (1454,1572) s1=fng (4048,1785) [filtered=0]
cnt=2 s0=fng (1442,1558) s1=fng (4048,1785) [filtered=0]
cnt=2 s0=fng (1428,1545) s1=PALM(4048,1785)* [filtered=1]
cnt=2 s0=fng (1414,1532) s1=PALM(4048,1785)* [filtered=2]
cnt=2 s0=fng (1400,1520) s1=PALM(4048,1785)* [filtered=3]
cnt=2 s0=fng (1387,1509) s1=PALM(4048,1785)* [filtered=4]
cnt=2 s0=fng (1373,1500) s1=PALM(4048,1785)* [filtered=5]
cnt=2 s0=fng (1360,1491) s1=PALM(4048,1785)* [filtered=6]
cnt=2 s0=fng (1349,1484) s1=PALM(4048,1785)* [filtered=7]
cnt=2 s0=fng (1338,1477) s1=PALM(4048,1785)* [filtered=8]
cnt=2 s0=fng (1327,1471) s1=PALM(4048,1785)* [filtered=9]
cnt=2 s0=fng (1316,1466) s1=PALM(4048,1785)* [filtered=10]
cnt=2 s0=fng (1305,1461) s1=PALM(4048,1785)* [filtered=11]
cnt=2 s0=fng (1294,1457) s1=PALM(4048,1785)* [filtered=12]
cnt=2 s0=fng (1283,1453) s1=PALM(4048,1785)* [filtered=13]
cnt=2 s0=fng (1273,1451) s1=PALM(4048,1785)* [filtered=14]
cnt=2 s0=fng (1263,1449) s1=PALM(4048,1785)* [filtered=15]
cnt=2 s0=fng (1254,1449) s1=PALM(4048,1785)* [filtered=16]
cnt=2 s0=fng (1245,1449) s1=PALM(4048,1785)* [filtered=17]
cnt=2 s0=fng (1236,1449) s1=PALM(4048,1785)* [filtered=18]
cnt=2 s0=fng (1228,1449) s1=PALM(4048,1785)* [filtered=19]
cnt=2 s0=fng (1220,1449) s1=PALM(4048,1785)* [filtered=20]
cnt=2 s0=fng (1214,1452) s1=PALM(4048,1785)* [filtered=21]
cnt=2 s0=fng (1208,1455) s1=PALM(4048,1785)* [filtered=22]
cnt=2 s0=fng (1203,1458) s1=PALM(4048,1785)* [filtered=23]
cnt=2 s0=fng (1198,1461) s1=PALM(4048,1785)* [filtered=24]
cnt=2 s0=fng (1194,1465) s1=PALM(4048,1785)* [filtered=25]
cnt=2 s0=fng (1192,1470) s1=PALM(4048,1785)* [filtered=26]
cnt=2 s0=fng (1190,1474) s1=PALM(4048,1785)* [filtered=27]
cnt=2 s0=fng (1188,1478) s1=PALM(4048,1785)* [filtered=28]
cnt=2 s0=fng (1186,1481) s1=PALM(4048,1785)* [filtered=29]
cnt=2 s0=fng (1186,1485) s1=PALM(4048,1785)* [filtered=30]
cnt=2 s0=fng (1186,1488) s1=PALM(4048,1785)* [filtered=31]
cnt=2 s0=fng (1186,1494) s1=PALM(4048,1785)* [filtered=32]
cnt=2 s0=fng (1190,1503) s1=PALM(4048,1785)* [filtered=33]
cnt=2 s0=fng (1194,1512) s1=PALM(4048,1785)* [filtered=34]
cnt=2 s0=fng (1199,1524) s1=PALM(4048,1785)* [filtered=35]
cnt=2 s0=fng (1206,1539) s1=PALM(4048,1785)* [filtered=36]
cnt=2 s0=fng (1212,1554) s1=PALM(4048,1785)* [filtered=37]
cnt=2 s0=fng (1220,1573) s1=PALM(4048,1785)* [filtered=38]
cnt=2 s0=fng (1228,1592) s1=PALM(4048,1785)* [filtered=39]
cnt=2 s0=fng (1238,1613) s1=PALM(4048,1785)* [filtered=40]
cnt=2 s0=fng (1247,1633) s1=PALM(4048,1785)* [filtered=41]
cnt=2 s0=fng (1258,1654) s1=PALM(4048,1785)* [filtered=42]
cnt=2 s0=fng (1270,1675) s1=PALM(4048,1785)* [filtered=43]
cnt=2 s0=fng (1281,1695) s1=PALM(4048,1785)* [filtered=44]
cnt=2 s0=fng (1293,1715) s1=PALM(4048,1785)* [filtered=45]
cnt=2 s0=fng (1305,1734) s1=PALM(4048,1785)* [filtered=46]
cnt=2 s0=fng (1317,1752) s1=PALM(4048,1785)* [filtered=47]
cnt=2 s0=fng (1329,1768) s1=PALM(4048,1785)* [filtered=48]
cnt=2 s0=fng (1340,1784) s1=PALM(4048,1785)* [filtered=49]
cnt=2 s0=fng (1351,1798) s1=PALM(4048,1785)* [filtered=50]
cnt=2 s0=fng (1361,1812) s1=PALM(4048,1785)* [filtered=51]
cnt=2 s0=fng (1372,1824) s1=PALM(4048,1785)* [filtered=52]
cnt=2 s0=fng (1382,1833) s1=PALM(4048,1785)* [filtered=53]
cnt=2 s0=fng (1391,1842) s1=PALM(4048,1785)* [filtered=54]
cnt=2 s0=fng (1399,1848) s1=PALM(4048,1785)* [filtered=55]
cnt=2 s0=fng (1407,1852) s1=PALM(4048,1785)* [filtered=56]
cnt=2 s0=fng (1414,1856) s1=PALM(4048,1785)* [filtered=57]
cnt=2 s0=fng (1420,1859) s1=PALM(4048,1785)* [filtered=58]
cnt=2 s0=fng (1427,1860) s1=PALM(4048,1785)* [filtered=59]
cnt=2 s0=fng (1433,1861) s1=PALM(4048,1785)* [filtered=60]
cnt=2 s0=fng (1437,1861) s1=PALM(4048,1785)* [filtered=61]
cnt=2 s0=fng (1440,1861) s1=PALM(4048,1785)* [filtered=62]
cnt=2 s0=fng (1443,1861) s1=PALM(4048,1785)* [filtered=63]
cnt=2 s0=fng (1445,1858) s1=PALM(4048,1785)* [filtered=64]
cnt=2 s0=fng (1447,1854) s1=PALM(4048,1785)* [filtered=65]
cnt=2 s0=fng (1449,1850) s1=PALM(4048,1785)* [filtered=66]
cnt=2 s0=fng (1450,1845) s1=PALM(4048,1785)* [filtered=67]
cnt=2 s0=fng (1450,1840) s1=PALM(4048,1785)* [filtered=68]
cnt=2 s0=fng (1450,1835) s1=PALM(4048,1785)* [filtered=69]
cnt=2 s0=fng (1450,1828) s1=PALM(4048,1785)* [filtered=70]
cnt=2 s0=fng (1450,1821) s1=PALM(4048,1785)* [filtered=71]
cnt=2 s0=fng (1450,1811) s1=PALM(4048,1785)* [filtered=72]
cnt=2 s0=fng (1447,1798) s1=PALM(4048,1785)* [filtered=73]
cnt=2 s0=fng (1445,1786) s1=PALM(4048,1785)* [filtered=74]
cnt=2 s0=fng (1443,1769) s1=PALM(4048,1785)* [filtered=75]
cnt=2 s0=fng (1440,1748) s1=PALM(4048,1785)* [filtered=76]
cnt=2 s0=fng (1437,1728) s1=PALM(4048,1785)* [filtered=77]
cnt=2 s0=fng (1432,1704) s1=PALM(4048,1785)* [filtered=78]
cnt=2 s0=fng (1427,1678) s1=PALM(4048,1785)* [filtered=79]
cnt=2 s0=fng (1422,1653) s1=PALM(4048,1785)* [filtered=80]
cnt=2 s0=fng (1415,1626) s1=PALM(4048,1785)* [filtered=81]
cnt=2 s0=fng (1407,1598) s1=PALM(4048,1785)* [filtered=82]
cnt=2 s0=fng (1399,1571) s1=PALM(4048,1785)* [filtered=83]
cnt=2 s0=fng (1390,1544) s1=PALM(4048,1785)* [filtered=84]
cnt=2 s0=fng (1379,1517) s1=PALM(4048,1785)* [filtered=85]
cnt=2 s0=fng (1368,1491) s1=PALM(4048,1785)* [filtered=86]
cnt=2 s0=fng (1357,1467) s1=PALM(4048,1785)* [filtered=87]
cnt=2 s0=fng (1347,1443) s1=PALM(4048,1785)* [filtered=88]
cnt=2 s0=fng (1335,1422) s1=PALM(4048,1785)* [filtered=89]
cnt=2 s0=fng (1323,1403) s1=PALM(4048,1785)* [filtered=90]
cnt=2 s0=fng (1312,1385) s1=PALM(4048,1785)* [filtered=91]
cnt=2 s0=fng (1299,1368) s1=PALM(4048,1785)* [filtered=92]
cnt=2 s0=fng (1286,1353) s1=PALM(4048,1785)* [filtered=93]
cnt=2 s0=fng (1273,1339) s1=PALM(4048,1785)* [filtered=94]
cnt=2 s0=fng (1259,1326) s1=PALM(4048,1785)* [filtered=95]
cnt=2 s0=fng (1244,1315) s1=PALM(4048,1785)* [filtered=96]
cnt=2 s0=fng (1230,1305) s1=PALM(4048,1785)* [filtered=97]
cnt=2 s0=fng (1215,1297) s1=PALM(4048,1785)* [filtered=98]
cnt=2 s0=fng (1201,1291) s1=PALM(4048,1785)* [filtered=99]
cnt=2 s0=fng (1188,1285) s1=PALM(4048,1785)* [filtered=100]
cnt=2 s0=fng (1175,1281) s1=PALM(4048,1785)* [filtered=101]
cnt=2 s0=fng (1162,1278) s1=PALM(4048,1785)* [filtered=102]
cnt=2 s0=fng (1149,1275) s1=PALM(4048,1785)* [filtered=103]
cnt=2 s0=fng (1137,1273) s1=PALM(4048,1785)* [filtered=104]
cnt=2 s0=fng (1126,1273) s1=PALM(4048,1785)* [filtered=105]
cnt=2 s0=fng (1116,1273) s1=PALM(4048,1785)* [filtered=106]
cnt=2 s0=fng (1105,1273) s1=PALM(4048,1785)* [filtered=107]
cnt=2 s0=fng (1096,1276) s1=PALM(4048,1785)* [filtered=108]
cnt=2 s0=fng (1088,1279) s1=PALM(4048,1785)* [filtered=109]
cnt=2 s0=fng (1082,1283) s1=PALM(4048,1785)* [filtered=110]
cnt=2 s0=fng (1076,1287) s1=PALM(4048,1785)* [filtered=111]
cnt=2 s0=fng (1071,1290) s1=PALM(4048,1785)* [filtered=112]
cnt=2 s0=fng (1067,1293) s1=PALM(4048,1785)* [filtered=113]
cnt=2 s0=fng (1062,1298) s1=PALM(4048,1785)* [filtered=114]
cnt=2 s0=fng (1058,1306) s1=PALM(4048,1785)* [filtered=115]
cnt=2 s0=fng (1055,1313) s1=PALM(4048,1785)* [filtered=116]
cnt=2 s0=fng (1051,1323) s1=PALM(4048,1785)* [filtered=117]
cnt=2 s0=fng (1047,1336) s1=PALM(4048,1785)* [filtered=118]
cnt=2 s0=fng (1044,1348) s1=PALM(4048,1785)* [filtered=119]
cnt=2 s0=fng (1041,1362) s1=PALM(4048,1785)* [filtered=120]
cnt=2 s0=fng (1039,1378) s1=PALM(4048,1785)* [filtered=121]
cnt=2 s0=fng (1037,1393) s1=PALM(4048,1785)* [filtered=122]
cnt=2 s0=fng (1036,1410) s1=PALM(4048,1785)* [filtered=123]
cnt=2 s0=fng (1037,1429) s1=PALM(4048,1785)* [filtered=124]
cnt=2 s0=fng (1037,1447) s1=PALM(4048,1785)* [filtered=125]
cnt=2 s0=fng (1038,1467) s1=PALM(4048,1785)* [filtered=126]
cnt=2 s0=fng (1040,1489) s1=PALM(4048,1785)* [filtered=127]
cnt=2 s0=fng (1041,1510) s1=PALM(4048,1785)* [filtered=128]
cnt=2 s0=fng (1044,1534) s1=PALM(4048,1785)* [filtered=129]
cnt=2 s0=fng (1049,1561) s1=PALM(4048,1785)* [filtered=130]
cnt=2 s0=fng (1056,1589) s1=PALM(4048,1785)* [filtered=131]
cnt=2 s0=fng (1062,1616) s1=PALM(4048,1785)* [filtered=132]
cnt=2 s0=fng (1070,1645) s1=PALM(4048,1785)* [filtered=133]
cnt=2 s0=fng (1080,1673) s1=PALM(4048,1785)* [filtered=134]
cnt=2 s0=fng (1089,1700) s1=PALM(4048,1785)* [filtered=135]
cnt=2 s0=fng (1099,1727) s1=PALM(4048,1785)* [filtered=136]
cnt=2 s0=fng (1110,1753) s1=PALM(4048,1785)* [filtered=137]
cnt=2 s0=fng (1122,1778) s1=PALM(4048,1785)* [filtered=138]
cnt=2 s0=fng (1134,1802) s1=PALM(4048,1785)* [filtered=139]
cnt=2 s0=fng (1147,1824) s1=PALM(4048,1785)* [filtered=140]
cnt=2 s0=fng (1161,1844) s1=PALM(4048,1785)* [filtered=141]
cnt=2 s0=fng (1174,1864) s1=PALM(4048,1785)* [filtered=142]
cnt=2 s0=fng (1188,1882) s1=PALM(4048,1785)* [filtered=143]
cnt=2 s0=fng (1201,1900) s1=PALM(4048,1785)* [filtered=144]
cnt=2 s0=fng (1212,1914) s1=PALM(4048,1785)* [filtered=145]
cnt=2 s0=fng (1224,1927) s1=PALM(4048,1785)* [filtered=146]
cnt=2 s0=fng (1235,1940) s1=PALM(4048,1785)* [filtered=147]
cnt=2 s0=fng (1246,1952) s1=PALM(4048,1785)* [filtered=148]
cnt=2 s0=fng (1258,1963) s1=PALM(4048,1785)* [filtered=149]
cnt=2 s0=fng (1269,1974) s1=PALM(4048,1785)* [filtered=150]
cnt=2 s0=fng (1280,1984) s1=PALM(4048,1785)* [filtered=151]
cnt=2 s0=fng (1292,1992) s1=PALM(4048,1785)* [filtered=152]
cnt=2 s0=fng (1303,2000) s1=PALM(4048,1785)* [filtered=153]
cnt=2 s0=fng (1314,2007) s1=PALM(4048,1785)* [filtered=154]
cnt=2 s0=fng (1326,2013) s1=PALM(4048,1785)* [filtered=155]
cnt=2 s0=fng (1337,2019) s1=PALM(4048,1785)* [filtered=156]
cnt=2 s0=fng (1348,2023) s1=PALM(4048,1785)* [filtered=157]
cnt=2 s0=fng (1359,2027) s1=PALM(4048,1785)* [filtered=158]
cnt=2 s0=fng (1369,2029) s1=PALM(4048,1785)* [filtered=159]
cnt=2 s0=fng (1379,2030) s1=PALM(4048,1785)* [filtered=160]
cnt=2 s0=fng (1389,2031) s1=PALM(4048,1785)* [filtered=161]
cnt=2 s0=fng (1397,2031) s1=PALM(4048,1785)* [filtered=162]
cnt=2 s0=fng (1404,2027) s1=PALM(4048,1785)* [filtered=163]
cnt=2 s0=fng (1411,2023) s1=PALM(4048,1785)* [filtered=164]
cnt=2 s0=fng (1417,2018) s1=PALM(4048,1785)* [filtered=165]
cnt=2 s0=fng (1423,2013) s1=PALM(4048,1785)* [filtered=166]
cnt=2 s0=fng (1428,2007) s1=PALM(4048,1785)* [filtered=167]
cnt=2 s0=fng (1433,2000) s1=PALM(4048,1785)* [filtered=168]
cnt=2 s0=fng (1438,1990) s1=PALM(4048,1785)* [filtered=169]
cnt=2 s0=fng (1443,1980) s1=PALM(4048,1785)* [filtered=170]
cnt=2 s0=fng (1449,1967) s1=PALM(4048,1785)* [filtered=171]
cnt=2 s0=fng (1455,1951) s1=PALM(4048,1785)* [filtered=172]
cnt=2 s0=fng (1461,1936) s1=PALM(4048,1785)* [filtered=173]
cnt=2 s0=fng (1466,1919) s1=PALM(4048,1785)* [filtered=174]
cnt=2 s0=fng (1470,1900) s1=PALM(4048,1785)* [filtered=175]
cnt=2 s0=fng (1474,1882) s1=PALM(4048,1785)* [filtered=176]
cnt=2 s0=fng (1477,1862) s1=PALM(4048,1785)* [filtered=177]
cnt=2 s0=fng (1479,1839) s1=PALM(4048,1785)* [filtered=178]
cnt=2 s0=fng (1479,1816) s1=PALM(4048,1785)* [filtered=179]
cnt=2 s0=fng (1479,1794) s1=PALM(4048,1785)* [filtered=180]
cnt=2 s0=fng (1479,1772) s1=PALM(4048,1785)* [filtered=181]
cnt=2 s0=fng (1475,1748) s1=PALM(4048,1785)* [filtered=182]
cnt=2 s0=fng (1471,1725) s1=PALM(4048,1785)* [filtered=183]
cnt=2 s0=fng (1465,1700) s1=PALM(4048,1785)* [filtered=184]
cnt=2 s0=fng (1457,1674) s1=PALM(4048,1785)* [filtered=185]
cnt=2 s0=fng (1447,1646) s1=PALM(4048,1785)* [filtered=186]
cnt=2 s0=fng (1438,1619) s1=PALM(4048,1785)* [filtered=187]
cnt=2 s0=fng (1428,1593) s1=PALM(4048,1785)* [filtered=188]
cnt=2 s0=fng (1416,1568) s1=PALM(4048,1785)* [filtered=189]
cnt=2 s0=fng (1404,1544) s1=PALM(4048,1785)* [filtered=190]
cnt=2 s0=fng (1391,1521) s1=PALM(4048,1785)* [filtered=191]
cnt=2 s0=fng (1376,1499) s1=PALM(4048,1785)* [filtered=192]
cnt=2 s0=fng (1360,1478) s1=PALM(4048,1785)* [filtered=193]
cnt=2 s0=fng (1344,1458) s1=PALM(4048,1785)* [filtered=194]
cnt=2 s0=fng (1328,1440) s1=PALM(4048,1785)* [filtered=195]
cnt=2 s0=fng (1313,1422) s1=PALM(4048,1785)* [filtered=196]
cnt=2 s0=fng (1299,1407) s1=PALM(4048,1785)* [filtered=197]
cnt=2 s0=fng (1283,1393) s1=PALM(4048,1785)* [filtered=198]
cnt=2 s0=fng (1268,1379) s1=PALM(4048,1785)* [filtered=199]
cnt=2 s0=fng (1253,1367) s1=PALM(4048,1785)* [filtered=200]
cnt=2 s0=fng (1238,1355) s1=PALM(4048,1785)* [filtered=201]
cnt=2 s0=fng (1223,1345) s1=PALM(4048,1785)* [filtered=202]
cnt=2 s0=fng (1208,1336) s1=PALM(4048,1785)* [filtered=203]
cnt=2 s0=fng (1194,1327) s1=PALM(4048,1785)* [filtered=204]
cnt=2 s0=fng (1180,1319) s1=PALM(4048,1785)* [filtered=205]
cnt=2 s0=fng (1166,1311) s1=PALM(4048,1785)* [filtered=206]
cnt=2 s0=fng (1153,1305) s1=PALM(4048,1785)* [filtered=207]
cnt=2 s0=fng (1141,1300) s1=PALM(4048,1785)* [filtered=208]
cnt=2 s0=fng (1129,1295) s1=PALM(4048,1785)* [filtered=209]
cnt=2 s0=fng (1117,1291) s1=PALM(4048,1785)* [filtered=210]
cnt=2 s0=fng (1105,1287) s1=PALM(4048,1785)* [filtered=211]
cnt=2 s0=fng (1095,1284) s1=PALM(4048,1785)* [filtered=212]
cnt=2 s0=fng (1086,1282) s1=PALM(4048,1785)* [filtered=213]
cnt=2 s0=fng (1077,1280) s1=PALM(4048,1785)* [filtered=214]
cnt=2 s0=fng (1069,1278) s1=PALM(4048,1785)* [filtered=215]
cnt=2 s0=fng (1063,1278) s1=PALM(4048,1785)* [filtered=216]
cnt=2 s0=fng (1057,1278) s1=PALM(4048,1785)* [filtered=217]
cnt=2 s0=fng (1051,1278) s1=PALM(4048,1785)* [filtered=218]
cnt=2 s0=fng (1045,1278) s1=PALM(4048,1785)* [filtered=219]
cnt=2 s0=fng (1041,1281) s1=PALM(4048,1785)* [filtered=220]
cnt=2 s0=fng (1038,1285) s1=PALM(4048,1785)* [filtered=221]
cnt=2 s0=fng (1036,1290) s1=PALM(4048,1785)* [filtered=222]
cnt=2 s0=fng (1034,1295) s1=PALM(4048,1785)* [filtered=223]
cnt=2 s0=fng (1034,1301) s1=PALM(4048,1785)* [filtered=224]
cnt=2 s0=fng (1034,1309) s1=PALM(4048,1785)* [filtered=225]
cnt=2 s0=fng (1034,1317) s1=PALM(4048,1785)* [filtered=226]
cnt=2 s0=fng (1037,1327) s1=PALM(4048,1785)* [filtered=227]
cnt=2 s0=fng (1041,1338) s1=PALM(4048,1785)* [filtered=228]
cnt=2 s0=fng (1047,1352) s1=PALM(4048,1785)* [filtered=229]
cnt=2 s0=fng (1053,1365) s1=PALM(4048,1785)* [filtered=230]
cnt=2 s0=fng (1059,1382) s1=PALM(4048,1785)* [filtered=231]
cnt=2 s0=fng (1066,1401) s1=PALM(4048,1785)* [filtered=232]
cnt=2 s0=fng (1074,1422) s1=PALM(4048,1785)* [filtered=233]
cnt=2 s0=fng (1081,1442) s1=PALM(4048,1785)* [filtered=234]
cnt=2 s0=fng (1089,1464) s1=PALM(4048,1785)* [filtered=235]
cnt=2 s0=fng (1097,1488) s1=PALM(4048,1785)* [filtered=236]
cnt=2 s0=fng (1104,1511) s1=PALM(4048,1785)* [filtered=237]
cnt=2 s0=fng (1111,1536) s1=PALM(4048,1785)* [filtered=238]
cnt=2 s0=fng (1119,1564) s1=PALM(4048,1785)* [filtered=239]
cnt=2 s0=fng (1127,1593) s1=PALM(4048,1785)* [filtered=240]
cnt=2 s0=fng (1134,1621) s1=PALM(4048,1785)* [filtered=241]
cnt=2 s0=fng (1141,1649) s1=PALM(4048,1785)* [filtered=242]
cnt=2 s0=fng (1147,1674) s1=PALM(4048,1785)* [filtered=243]
cnt=2 s0=fng (1152,1699) s1=PALM(4048,1785)* [filtered=244]
cnt=2 s0=fng (1156,1721) s1=PALM(4048,1785)* [filtered=245]
cnt=1 s1=fng (4048,1785)* [filtered=245]
cnt=1 s1=fng (4048,1785)* [filtered=245]
cnt=1 s1=fng (4048,1785)* [filtered=245]
cnt=1 s1=fng (4048,1785)* [filtered=245]
cnt=1 s1=fng (4048,1785)* [filtered=245]
cnt=1 s1=fng (4048,1785)* [filtered=245]
cnt=1 s1=fng (4048,1785)* [filtered=245]
cnt=1 s1=fng (4048,1785)* [filtered=245]
cnt=1 s1=fng (4048,1785)* [filtered=245]
cnt=1 s1=fng (4048,1785)* [filtered=245]
cnt=1 s1=fng (4048,1785)* [filtered=245]
cnt=1 s1=fng (4048,1785)* [filtered=245]
cnt=1 s1=fng (4048,1785)* [filtered=245]
cnt=1 s1=fng (4048,1785)* [filtered=245]
cnt=1 s1=fng (4048,1785)* [filtered=245]
cnt=1 s1=fng (4048,1785)* [filtered=245]
cnt=1 s1=fng (4048,1785)* [filtered=245]
cnt=1 s1=fng (4048,1785)* [filtered=245]
cnt=1 s1=fng (4048,1785)* [filtered=245]
cnt=1 s1=fng (4048,1785)* [filtered=245]
cnt=1 s1=fng (4048,1785)* [filtered=245]
cnt=1 s1=fng (4048,1785)* [filtered=245]
cnt=1 s1=fng (4048,1785)* [filtered=245]
cnt=1 s1=fng (4048,1785)* [filtered=245]
cnt=1 s1=fng (4048,1785)* [filtered=245]
cnt=1 s1=fng (4048,1785)* [filtered=245]
cnt=1 s1=fng (4048,1785)* [filtered=245]
cnt=1 s1=fng (4048,1785)* [filtered=245]
cnt=1 s1=fng (4048,1785)* [filtered=245]
cnt=1 s1=fng (4048,1785)* [filtered=245]
cnt=1 s1=fng (4048,1785)* [filtered=245]
cnt=1 s1=fng (4048,1785)* [filtered=245]
cnt=1 s1=fng (4048,1785)* [filtered=245]
cnt=1 s1=fng (4048,1785)* [filtered=245]
cnt=1 s1=fng (4048,1785)* [filtered=245]
cnt=1 s1=fng (4048,1785)* [filtered=245]
cnt=1 s1=fng (4048,1785)* [filtered=245]
cnt=1 s1=fng (4048,1785)* [filtered=245]
cnt=1 s1=fng (4048,1785)* [filtered=245]
cnt=1 s1=fng (4048,1785)* [filtered=245]
cnt=1 s1=fng (4048,1785)* [filtered=245]
cnt=1 s1=fng (4048,1785)* [filtered=245]
cnt=1 s1=fng (4048,1785)* [filtered=245]
cnt=1 s1=fng (4048,1785)* [filtered=245]
cnt=1 s1=fng (4048,1785)* [filtered=245]
cnt=1 s1=fng (4048,1785)* [filtered=245]
cnt=1 s1=fng (4048,1785)* [filtered=245]
cnt=1 s1=fng (4048,1785)* [filtered=245]
cnt=1 s1=fng (4048,1785)* [filtered=245]
cnt=1 s1=fng (4048,1785)* [filtered=245]
cnt=1 s1=fng (4048,1785)* [filtered=245]
cnt=1 s1=fng (4048,1785)* [filtered=245]
cnt=1 s1=fng (4048,1785)* [filtered=245]
cnt=1 s1=fng (4048,1785)* [filtered=245]
cnt=1 s1=fng (4048,1785)* [filtered=245]
cnt=1 s1=fng (4048,1785)* [filtered=245]
cnt=1 s1=fng (4048,1785)* [filtered=245]
cnt=1 s1=fng (4048,1785)* [filtered=245]
cnt=1 s1=fng (4048,1785)* [filtered=245]
cnt=1 s1=fng (4048,1785)* [filtered=245]
cnt=1 s1=fng (4048,1785)* [filtered=245]
cnt=1 s1=fng (4048,1785)* [filtered=245]
cnt=1 s1=fng (4048,1785)* [filtered=245]
cnt=1 s1=fng (4048,1785)* [filtered=245]
cnt=1 s1=fng (4048,1785)* [filtered=245]
cnt=1 s1=fng (4048,1785)* [filtered=245]
cnt=1 s1=fng (4048,1785)* [filtered=245]
cnt=1 s1=fng (4048,1785)* [filtered=245]
cnt=1 s1=fng (4048,1785)* [filtered=245]
cnt=1 s1=fng (4048,1785)* [filtered=245]
cnt=1 s1=fng (4048,1785)* [filtered=245]
cnt=1 s1=fng (4048,1785)* [filtered=245]
cnt=1 s1=fng (4048,1785)* [filtered=245]
cnt=1 s1=fng (4048,1785)* [filtered=245]
cnt=1 s1=fng (4048,1785)* [filtered=245]
cnt=1 s1=fng (4048,1785)* [filtered=245]
cnt=1 s1=fng (4048,1785)* [filtered=245]
cnt=1 s1=fng (4048,1785)* [filtered=245]
cnt=1 s1=fng (4048,1785)* [filtered=245]
cnt=1 s1=fng (4048,1785)* [filtered=245]
cnt=1 s1=fng (4048,1785)* [filtered=245]
cnt=1 s1=fng (4048,1785)* [filtered=245]
cnt=1 s1=fng (4048,1785)* [filtered=245]
cnt=1 s1=fng (4048,1785)* [filtered=245]
cnt=1 s1=fng (4048,1785)* [filtered=245]
cnt=1 s1=fng (4048,1785)* [filtered=245]
cnt=1 s1=fng (4048,1785)* [filtered=245]
cnt=1 s1=fng (4048,1785)* [filtered=245]
cnt=1 s1=fng (4048,1785)* [filtered=245]
cnt=1 s1=fng (4048,1785)* [filtered=245]
cnt=1 s1=fng (4048,1785)* [filtered=245]
cnt=1 s1=fng (4048,1785)* [filtered=245]
cnt=1 s1=fng (4048,1785)* [filtered=245]
cnt=1 s1=fng (4048,1785)* [filtered=245]
cnt=1 s1=fng (4048,1785)* [filtered=245]
cnt=1 s1=fng (4048,1785)* [filtered=245]
cnt=1 s1=fng (4048,1785)* [filtered=245]
cnt=1 s1=fng (4048,1785)* [filtered=245]
cnt=1 s1=fng (4048,1785)* [filtered=245]
cnt=1 s1=fng (4048,1785)* [filtered=245]
cnt=1 s1=fng (4048,1785)* [filtered=245]
cnt=1 s1=fng (4048,1785)* [filtered=245]
cnt=1 s1=fng (4048,1785)* [filtered=245]
cnt=1 s1=fng (4048,1785)* [filtered=245]
cnt=1 s1=fng (4048,1785)* [filtered=245]
cnt=1 s1=fng (4048,1785)* [filtered=245]
cnt=1 s1=fng (4048,1785)* [filtered=245]
cnt=1 s1=fng (4048,1785)* [filtered=245]
cnt=1 s1=fng (4048,1785)* [filtered=245]
cnt=1 s1=fng (4048,1785)* [filtered=245]
cnt=1 s1=fng (4048,1785)* [filtered=245]
cnt=1 s1=fng (4048,1785)* [filtered=245]
cnt=1 s1=fng (4048,1785)* [filtered=245]
cnt=1 s1=fng (4048,1785)* [filtered=245]
cnt=1 s1=fng (4048,1785)* [filtered=245]
cnt=1 s1=fng (4048,1785)* [filtered=245]
cnt=1 s1=fng (4048,1785)* [filtered=245]
cnt=1 s1=fng (4048,1785)* [filtered=245]
cnt=1 s1=fng (4048,1785)* [filtered=245]
cnt=1 s1=fng (4048,1785)* [filtered=245]
cnt=1 s1=fng (4048,1785)* [filtered=245]
cnt=1 s1=fng (4048,1785)* [filtered=245]
cnt=1 s1=fng (4048,1785)* [filtered=245]
cnt=1 s1=fng (4048,1785)* [filtered=245]
cnt=1 s1=fng (4048,1785)* [filtered=245]
cnt=1 s1=fng (4048,1785)* [filtered=245]
cnt=1 s1=fng (4048,1785)* [filtered=245]
cnt=1 s1=fng (4048,1785)* [filtered=245]
cnt=1 s1=fng (4048,1785)* [filtered=245]
cnt=1 s1=fng (4048,1785)* [filtered=245]
cnt=1 s1=fng (4048,1785)* [filtered=245]
cnt=1 s1=fng (4048,1785)* [filtered=245]
cnt=1 s1=fng (4048,1785)* [filtered=245]
cnt=1 s1=fng (4048,1785)* [filtered=245]
cnt=1 s1=fng (4048,1785)* [filtered=245]
cnt=1 s1=fng (4048,1785)* [filtered=245]
cnt=1 s1=fng (4048,1785)* [filtered=245]
cnt=1 s1=fng (4048,1785)* [filtered=245]
cnt=1 s1=fng (4048,1785)* [filtered=245]
cnt=1 s1=fng (4048,1785)* [filtered=245]
cnt=1 s1=fng (4048,1785)* [filtered=245]
cnt=1 s1=fng (4048,1785)* [filtered=245]
cnt=1 s1=fng (4048,1785)* [filtered=245]
cnt=1 s1=fng (4048,1785)* [filtered=245]
cnt=1 s1=fng (4048,1785)* [filtered=245]
cnt=1 s1=fng (4048,1785)* [filtered=245]
cnt=1 s1=fng (4048,1785)* [filtered=245]
cnt=1 s1=fng (4048,1785)* [filtered=245]
cnt=1 s1=fng (4048,1785)* [filtered=245]
cnt=1 s1=fng (4048,1785)* [filtered=245]
cnt=1 s1=fng (4048,1785)* [filtered=245]
cnt=1 s1=fng (4048,1785)* [filtered=245]
cnt=1 s1=fng (4048,1785)* [filtered=245]
cnt=1 s1=fng (4048,1785)* [filtered=245]
cnt=1 s1=fng (4048,1785)* [filtered=245]
cnt=1 s1=fng (4048,1785)* [filtered=245]
cnt=1 s1=fng (4048,1785)* [filtered=245]
cnt=1 s1=fng (4048,1785)* [filtered=245]
cnt=1 s1=fng (4048,1785)* [filtered=245]
cnt=1 s1=fng (4048,1785)* [filtered=245]
cnt=1 s1=fng (4048,1785)* [filtered=245]
cnt=1 s1=fng (4048,1785)* [filtered=245]
cnt=1 s1=fng (4048,1785)* [filtered=245]
cnt=1 s1=fng (4048,1785)* [filtered=245]
cnt=1 s1=fng (4048,1785)* [filtered=245]
cnt=1 s1=fng (4048,1785)* [filtered=245]
cnt=1 s1=fng (4048,1785)* [filtered=245]
cnt=1 s1=fng (4048,1785)* [filtered=245]
cnt=1 s1=fng (4048,1785)* [filtered=245]
cnt=1 s1=fng (4048,1785)* [filtered=245]
cnt=1 s1=fng (4048,1785)* [filtered=245]
cnt=1 s1=fng (4048,1785)* [filtered=245]
cnt=1 s1=fng (4048,1785)* [filtered=245]
cnt=1 s1=fng (4048,1785)* [filtered=245]
cnt=1 s1=fng (4048,1785)* [filtered=245]
cnt=1 s1=fng (4048,1785)* [filtered=245]
cnt=1 s1=fng (4048,1785)* [filtered=245]
cnt=1 s1=fng (4048,1785)* [filtered=245]
cnt=1 s1=fng (4048,1785)* [filtered=245]
cnt=1 s1=fng (4048,1785)* [filtered=245]
cnt=1 s1=fng (4048,1785)* [filtered=245]
cnt=1 s1=fng (4048,1785)* [filtered=245]
cnt=1 s1=fng (4048,1785)* [filtered=245]
cnt=1 s1=fng (4048,1785)* [filtered=245]
cnt=1 s1=fng (4046,1790) [filtered=245]
cnt=1 s1=fng (4042,1797) [filtered=245]
cnt=1 s1=fng (4038,1806) [filtered=245]
cnt=1 s1=fng (4034,1815) [filtered=245]
cnt=1 s1=fng (4030,1825) [filtered=245]
cnt=1 s1=fng (4025,1835) [filtered=245]
cnt=1 s1=fng (4019,1845) [filtered=245]
cnt=1 s1=fng (4014,1855) [filtered=245]
cnt=1 s1=fng (4009,1865) [filtered=245]
cnt=1 s1=fng (4004,1874) [filtered=245]
cnt=1 s1=fng (4000,1882) [filtered=245]
cnt=1 s1=fng (3995,1891) [filtered=245]
cnt=1 s1=fng (3990,1900) [filtered=245]
cnt=1 s1=fng (3986,1908) [filtered=245]
cnt=1 s1=fng (3981,1916) [filtered=245]
cnt=1 s1=fng (3976,1923) [filtered=245]
cnt=1 s1=fng (3971,1931) [filtered=245]
cnt=1 s1=fng (3967,1938) [filtered=245]
cnt=1 s1=fng (3962,1944) [filtered=245]
cnt=1 s1=fng (3957,1951) [filtered=245]
cnt=1 s1=fng (3952,1958) [filtered=245]
cnt=1 s1=fng (3946,1965) [filtered=245]
cnt=1 s1=fng (3941,1971) [filtered=245]
cnt=1 s1=fng (3936,1977) [filtered=245]
cnt=1 s1=fng (3931,1984) [filtered=245]
cnt=1 s1=fng (3926,1990) [filtered=245]
cnt=1 s1=fng (3921,1996) [filtered=245]
cnt=1 s1=fng (3916,2001) [filtered=245]
cnt=1 s1=fng (3911,2006) [filtered=245]
cnt=1 s1=fng (3906,2012) [filtered=245]
cnt=1 s1=fng (3901,2018) [filtered=245]
cnt=1 s1=fng (3897,2023) [filtered=245]
cnt=1 s1=fng (3893,2027) [filtered=245]
cnt=1 s1=fng (3888,2032) [filtered=245]
cnt=1 s1=fng (3884,2037) [filtered=245]
cnt=1 s1=fng (3881,2041) [filtered=245]
cnt=1 s1=fng (3878,2046) [filtered=245]
cnt=1 s1=fng (3875,2051) [filtered=245]
cnt=1 s1=fng (3872,2056) [filtered=245]
cnt=1 s1=fng (3869,2060) [filtered=245]
cnt=1 s1=fng (3867,2065) [filtered=245]
cnt=1 s1=fng (3865,2070) [filtered=245]
cnt=1 s1=fng (3864,2075) [filtered=245]
cnt=1 s1=fng (3863,2081) [filtered=245]
cnt=1 s1=fng (3862,2085) [filtered=245]
cnt=1 s1=fng (3861,2090) [filtered=245]
cnt=1 s1=fng (3859,2094) [filtered=245]
cnt=1 s1=fng (3857,2098) [filtered=245]
cnt=1 s1=fng (3856,2101) [filtered=245]
cnt=1 s1=fng (3855,2103) [filtered=245]
cnt=1 s1=fng (3854,2104) [filtered=245]
cnt=1 s1=fng (3852,2105) [filtered=245]
cnt=1 s1=fng (3851,2105) [filtered=245]
cnt=1 s1=fng (3850,2105) [filtered=245]
cnt=1 s1=fng (3849,2104) [filtered=245]
cnt=1 s1=fng (3848,2102) [filtered=245]
cnt=1 s1=fng (3847,2099) [filtered=245]
cnt=1 s1=fng (3846,2097) [filtered=245]
cnt=1 s1=fng (3846,2093) [filtered=245]
cnt=1 s1=fng (3846,2088) [filtered=245]
cnt=1 s1=fng (3847,2083) [filtered=245]
cnt=1 s1=fng (3848,2076) [filtered=245]
cnt=1 s1=fng (3848,2070) [filtered=245]
cnt=1 s1=fng (3849,2063) [filtered=245]
cnt=1 s1=fng (3851,2055) [filtered=245]
cnt=1 s1=fng (3853,2046) [filtered=245]
cnt=1 s1=fng (3854,2038) [filtered=245]
cnt=1 s1=fng (3856,2029) [filtered=245]
cnt=1 s1=fng (3859,2019) [filtered=245]
cnt=1 s1=fng (3861,2010) [filtered=245]
cnt=1 s1=fng (3864,2001) [filtered=245]
cnt=1 s1=fng (3868,1990) [filtered=245]
cnt=1 s1=fng (3872,1978) [filtered=245]
cnt=1 s1=fng (3875,1967) [filtered=245]
cnt=1 s1=fng (3879,1954) [filtered=245]
cnt=1 s1=fng (3884,1941) [filtered=245]
cnt=1 s1=fng (3890,1928) [filtered=245]
cnt=1 s1=fng (3896,1915) [filtered=245]
cnt=1 s1=fng (3901,1902) [filtered=245]
cnt=1 s1=fng (3906,1888) [filtered=245]
cnt=1 s1=fng (3912,1874) [filtered=245]
cnt=1 s1=fng (3919,1860) [filtered=245]
cnt=1 s1=fng (3925,1846) [filtered=245]
cnt=1 s1=fng (3931,1832) [filtered=245]
cnt=1 s1=fng (3937,1818) [filtered=245]
cnt=1 s1=fng (3943,1804) [filtered=245]
cnt=1 s1=fng (3949,1791) [filtered=245]
cnt=1 s1=fng (3955,1778) [filtered=245]
cnt=1 s1=fng (3960,1766) [filtered=245]
cnt=1 s1=fng (3965,1755) [filtered=245]
cnt=1 s1=fng (3971,1745) [filtered=245]
cnt=1 s1=fng (3977,1735) [filtered=245]
cnt=1 s1=fng (3982,1726) [filtered=245]
cnt=1 s1=fng (3986,1717) [filtered=245]
cnt=1 s1=fng (3990,1709) [filtered=245]
cnt=1 s1=fng (3994,1701) [filtered=245]
cnt=1 s1=fng (3997,1694) [filtered=245]
cnt=1 s1=fng (4000,1688) [filtered=245]
cnt=1 s1=fng (4004,1682) [filtered=245]
cnt=1 s1=fng (4007,1675) [filtered=245]
cnt=1 s1=fng (4009,1669) [filtered=245]
cnt=1 s1=fng (4011,1664) [filtered=245]
cnt=1 s1=fng (4012,1660) [filtered=245]
cnt=1 s1=fng (4012,1656) [filtered=245]
cnt=1 s1=fng (4013,1653) [filtered=245]
cnt=1 s1=fng (4014,1650) [filtered=245]
cnt=1 s1=fng (4014,1646) [filtered=245]
cnt=1 s1=fng (4014,1643) [filtered=245]
cnt=1 s1=fng (4013,1641) [filtered=245]
cnt=1 s1=fng (4012,1641) [filtered=245]
cnt=1 s1=fng (4011,1642) [filtered=245]
cnt=1 s1=fng (4009,1642) [filtered=245]
cnt=1 s1=fng (4006,1643) [filtered=245]
cnt=1 s1=fng (4001,1646) [filtered=245]
cnt=1 s1=fng (3998,1647) [filtered=245]
cnt=1 s1=fng (3994,1650) [filtered=245]
cnt=1 s1=fng (3989,1655) [filtered=245]
cnt=1 s1=fng (3982,1660) [filtered=245]
cnt=1 s1=fng (3976,1665) [filtered=245]
cnt=1 s1=fng (3969,1671) [filtered=245]
cnt=1 s1=fng (3962,1678) [filtered=245]
cnt=1 s1=fng (3954,1686) [filtered=245]
cnt=1 s1=fng (3946,1694) [filtered=245]
cnt=1 s1=fng (3937,1703) [filtered=245]
cnt=1 s1=fng (3927,1713) [filtered=245]
cnt=1 s1=fng (3917,1723) [filtered=245]
cnt=1 s1=fng (3906,1733) [filtered=245]
cnt=1 s1=fng (3896,1743) [filtered=245]
cnt=1 s1=fng (3885,1755) [filtered=245]
cnt=1 s1=fng (3874,1767) [filtered=245]
cnt=1 s1=fng (3862,1779) [filtered=245]
cnt=1 s1=fng (3851,1790) [filtered=245]
cnt=1 s1=fng (3839,1802) [filtered=245]
cnt=1 s1=fng (3827,1814) [filtered=245]
cnt=1 s1=fng (3815,1826) [filtered=245]
cnt=1 s1=fng (3803,1838) [filtered=245]
cnt=1 s1=fng (3792,1849) [filtered=245]
cnt=1 s1=fng (3780,1861) [filtered=245]
cnt=1 s1=fng (3769,1872) [filtered=245]
cnt=1 s1=fng (3758,1883) [filtered=245]
cnt=1 s1=fng (3748,1893) [filtered=245]
cnt=1 s1=fng (3738,1902) [filtered=245]
cnt=1 s1=fng (3728,1911) [filtered=245]
cnt=1 s1=fng (3719,1919) [filtered=245]
cnt=1 s1=fng (3710,1926) [filtered=245]
cnt=1 s1=fng (3702,1933) [filtered=245]
cnt=1 s1=fng (3693,1940) [filtered=245]
cnt=1 s1=fng (3685,1946) [filtered=245]
cnt=1 s1=fng (3678,1952) [filtered=245]
cnt=1 s1=fng (3672,1957) [filtered=245]
cnt=1 s1=fng (3666,1962) [filtered=245]
cnt=1 s1=fng (3660,1966) [filtered=245]
cnt=1 s1=fng (3654,1970) [filtered=245]
cnt=1 s1=fng (3648,1974) [filtered=245]
cnt=1 s1=fng (3643,1977) [filtered=245]
cnt=1 s1=fng (3638,1980) [filtered=245]
cnt=1 s1=fng (3634,1982) [filtered=245]
cnt=1 s1=fng (3631,1983) [filtered=245]
cnt=1 s1=fng (3628,1982) [filtered=245]
cnt=1 s1=fng (3625,1982) [filtered=245]
cnt=1 s1=fng (3623,1982) [filtered=245]
cnt=1 s1=fng (3622,1979) [filtered=245]
cnt=1 s1=fng (3622,1978) [filtered=245]
cnt=1 s1=fng (3622,1975) [filtered=245]
cnt=1 s1=fng (3622,1971) [filtered=245]
cnt=1 s1=fng (3623,1966) [filtered=245]
cnt=1 s1=fng (3624,1960) [filtered=245]
cnt=1 s1=fng (3625,1955) [filtered=245]
cnt=1 s1=fng (3627,1949) [filtered=245]
cnt=1 s1=fng (3629,1942) [filtered=245]
cnt=1 s1=fng (3632,1934) [filtered=245]
cnt=1 s1=fng (3636,1925) [filtered=245]
cnt=1 s1=fng (3639,1916) [filtered=245]
cnt=1 s1=fng (3643,1906) [filtered=245]
cnt=1 s1=fng (3648,1897) [filtered=245]
cnt=1 s1=fng (3652,1889) [filtered=245]
cnt=1 s1=fng (3656,1880) [filtered=245]
cnt=1 s1=fng (3661,1871) [filtered=245]
cnt=1 s1=fng (3666,1863) [filtered=245]
cnt=1 s1=fng (3672,1855) [filtered=245]
cnt=1 s1=fng (3677,1847) [filtered=245]
cnt=1 s1=fng (3683,1838) [filtered=245]
cnt=1 s1=fng (3689,1829) [filtered=245]
cnt=1 s1=fng (3696,1821) [filtered=245]
cnt=1 s1=fng (3702,1814) [filtered=245]
cnt=1 s1=fng (3708,1808) [filtered=245]
cnt=1 s1=fng (3714,1801) [filtered=245]
cnt=1 s1=fng (3720,1795) [filtered=245]
cnt=1 s1=fng (3725,1790) [filtered=245]
cnt=1 s1=fng (3731,1785) [filtered=245]
cnt=1 s1=fng (3737,1780) [filtered=245]
cnt=1 s1=fng (3742,1775) [filtered=245]
cnt=1 s1=fng (3746,1771) [filtered=245]
cnt=1 s1=fng (3750,1767) [filtered=245]
cnt=1 s1=fng (3755,1764) [filtered=245]
cnt=1 s1=fng (3760,1762) [filtered=245]
cnt=1 s1=fng (3764,1760) [filtered=245]
cnt=1 s1=fng (3768,1758) [filtered=245]
cnt=1 s1=fng (3771,1757) [filtered=245]
cnt=1 s1=fng (3775,1756) [filtered=245]
cnt=1 s1=fng (3779,1755) [filtered=245]
cnt=1 s1=fng (3782,1754) [filtered=245]
cnt=1 s1=fng (3784,1753) [filtered=245]
cnt=1 s1=fng (3786,1752) [filtered=245]
cnt=1 s1=fng (3789,1752) [filtered=245]
cnt=1 s1=fng (3792,1753) [filtered=245]
cnt=1 s1=fng (3794,1753) [filtered=245]
cnt=1 s1=fng (3795,1754) [filtered=245]
cnt=1 s1=fng (3796,1755) [filtered=245]
cnt=1 s1=fng (3797,1756) [filtered=245]
cnt=1 s1=fng (3798,1756) [filtered=245]
cnt=1 s1=fng (3799,1757) [filtered=245]
cnt=1 s1=fng (3800,1758) [filtered=245]
cnt=1 s1=fng (3800,1760) [filtered=245]
cnt=1 s1=fng (3801,1761) [filtered=245]
cnt=1 s1=fng (3801,1762) [filtered=245]
cnt=1 s1=fng (3801,1763) [filtered=245]
cnt=1 s1=fng (3801,1765) [filtered=245]
cnt=1 s1=fng (3801,1766) [filtered=245]
cnt=1 s1=fng (3801,1768) [filtered=245]
cnt=1 s1=fng (3801,1769) [filtered=245]
cnt=1 s1=fng (3801,1770) [filtered=245]
cnt=1 s1=fng (3801,1771) [filtered=245]
cnt=1 s1=fng (3801,1772) [filtered=245]
cnt=1 s1=fng (3801,1773) [filtered=245]
cnt=1 s1=fng (3801,1774) [filtered=245]
cnt=1 s1=fng (3802,1775) [filtered=245]
cnt=1 s1=fng (3802,1776) [filtered=245]
cnt=1 s1=fng (3803,1777) [filtered=245]
cnt=1 s1=fng (3803,1778) [filtered=245]
cnt=1 s1=fng (3803,1779) [filtered=245]
cnt=1 s1=fng (3804,1780) [filtered=245]
cnt=1 s1=fng (3805,1781) [filtered=245]
cnt=1 s1=fng (3806,1782) [filtered=245]
cnt=1 s1=fng (3806,1782) [filtered=245]
cnt=1 s1=fng (3807,1783)* [filtered=245]
cnt=1 s1=fng (3808,1784)* [filtered=245]
cnt=1 s1=fng (3809,1785)* [filtered=245]
cnt=1 s1=fng (3809,1785)* [filtered=245]
cnt=1 s1=fng (3810,1785)* [filtered=245]
cnt=1 s1=fng (3812,1786)* [filtered=245]
cnt=1 s1=fng (3813,1786)* [filtered=245]
cnt=1 s1=fng (3814,1786)* [filtered=245]
cnt=1 s1=fng (3815,1786)* [filtered=245]
cnt=1 s1=fng (3816,1786)* [filtered=245]
cnt=1 s1=fng (3817,1786)* [filtered=245]
cnt=2 s0=fng (1476,1895) s1=PALM(3818,1786)* [filtered=246]
cnt=2 s0=fng (1476,1895) s1=PALM(3819,1786)* [filtered=247]
cnt=2 s0=fng (1476,1895) s1=PALM(3820,1786)* [filtered=248]
cnt=2 s0=fng (1476,1895) s1=PALM(3821,1786)* [filtered=249]
cnt=2 s0=fng (1476,1894) s1=PALM(3822,1786)* [filtered=250]
cnt=2 s0=fng (1476,1894) s1=PALM(3822,1786)* [filtered=251]
cnt=2 s0=fng (1476,1894) s1=PALM(3823,1786)* [filtered=252]
cnt=2 s0=fng (1476,1893) s1=PALM(3825,1786)* [filtered=253]
cnt=2 s0=fng (1476,1893) s1=PALM(3826,1786)* [filtered=254]
cnt=2 s0=fng (1476,1892) s1=PALM(3827,1786)* [filtered=255]
cnt=2 s0=fng (1476,1891) s1=PALM(3828,1786)* [filtered=256]
cnt=2 s0=fng (1476,1890) s1=PALM(3830,1786)* [filtered=257]
cnt=2 s0=fng (1476,1890) s1=PALM(3831,1786)* [filtered=258]
cnt=2 s0=fng (1476,1889) s1=PALM(3832,1787)* [filtered=259]
cnt=2 s0=fng (1476,1887) s1=PALM(3833,1788)* [filtered=260]
cnt=2 s0=fng (1476,1886) s1=PALM(3834,1788)* [filtered=261]
cnt=2 s0=fng (1476,1884) s1=PALM(3835,1788)* [filtered=262]
cnt=2 s0=fng (1475,1880) s1=PALM(3836,1789)* [filtered=263]
cnt=2 s0=fng (1474,1874) s1=PALM(3837,1789)* [filtered=264]
cnt=2 s0=fng (1474,1869) s1=PALM(3838,1789)* [filtered=265]
cnt=2 s0=fng (1472,1862) s1=PALM(3839,1790)* [filtered=266]
cnt=2 s0=fng (1469,1852) s1=PALM(3840,1791)* [filtered=267]
cnt=2 s0=fng (1468,1842) s1=PALM(3840,1791)* [filtered=268]
cnt=2 s0=fng (1464,1829) s1=PALM(3841,1791)* [filtered=269]
cnt=2 s0=fng (1461,1817) s1=PALM(3841,1791)* [filtered=270]
cnt=2 s0=fng (1457,1803) s1=PALM(3842,1792)* [filtered=271]
cnt=2 s0=fng (1452,1787) s1=PALM(3843,1792)* [filtered=272]
cnt=2 s0=fng (1448,1772) s1=PALM(3843,1792)* [filtered=273]
cnt=2 s0=fng (1443,1753) s1=PALM(3844,1793)* [filtered=274]
cnt=2 s0=fng (1437,1732) s1=PALM(3845,1794)* [filtered=275]
cnt=2 s0=fng (1431,1712) s1=PALM(3846,1794)* [filtered=276]
cnt=2 s0=fng (1425,1691) s1=PALM(3847,1795)* [filtered=277]
cnt=2 s0=fng (1418,1670) s1=PALM(3848,1795)* [filtered=278]
cnt=2 s0=fng (1412,1650) s1=PALM(3848,1795)* [filtered=279]
cnt=2 s0=fng (1405,1629) s1=PALM(3848,1796)* [filtered=280]
cnt=2 s0=fng (1398,1609) s1=PALM(3849,1796)* [filtered=281]
cnt=2 s0=fng (1392,1590) s1=PALM(3849,1796)* [filtered=282]
cnt=2 s0=fng (1386,1570) s1=PALM(3849,1797)* [filtered=283]
cnt=2 s0=fng (1380,1551) s1=PALM(3850,1797)* [filtered=284]
cnt=2 s0=fng (1375,1533) s1=PALM(3850,1797)* [filtered=285]
cnt=2 s0=fng (1369,1515) s1=PALM(3851,1798)* [filtered=286]
cnt=2 s0=fng (1363,1498) s1=PALM(3851,1799)* [filtered=287]
cnt=2 s0=fng (1358,1482) s1=PALM(3851,1799)* [filtered=288]
cnt=2 s0=fng (1353,1465) s1=PALM(3852,1799)* [filtered=289]
cnt=2 s0=fng (1347,1448) s1=PALM(3852,1800)* [filtered=290]
cnt=2 s0=fng (1341,1432) s1=PALM(3853,1800)* [filtered=291]
cnt=2 s0=fng (1336,1416) s1=PALM(3853,1800)* [filtered=292]
cnt=2 s0=fng (1329,1399) s1=PALM(3853,1801)* [filtered=293]
cnt=2 s0=fng (1322,1383) s1=PALM(3854,1801)* [filtered=294]
cnt=2 s0=fng (1315,1367) s1=PALM(3855,1802)* [filtered=295]
cnt=2 s0=fng (1309,1351) s1=PALM(3855,1802)* [filtered=296]
cnt=2 s0=fng (1302,1335) s1=PALM(3855,1802)* [filtered=297]
cnt=2 s0=fng (1296,1320) s1=PALM(3856,1802)* [filtered=298]
cnt=2 s0=fng (1291,1306) s1=PALM(3856,1802)* [filtered=299]
cnt=2 s0=fng (1286,1291) s1=PALM(3856,1802)* [filtered=300]
cnt=2 s0=fng (1280,1277) s1=PALM(3857,1802)* [filtered=301]
cnt=2 s0=fng (1275,1264) s1=PALM(3857,1802)* [filtered=302]
cnt=2 s0=fng (1271,1252) s1=PALM(3857,1802)* [filtered=303]
cnt=2 s0=fng (1267,1239) s1=PALM(3858,1802)* [filtered=304]
cnt=2 s0=fng (1262,1227) s1=PALM(3858,1802)* [filtered=305]
cnt=2 s0=fng (1258,1216) s1=PALM(3858,1802)* [filtered=306]
cnt=2 s0=fng (1255,1206) s1=PALM(3859,1802)* [filtered=307]
cnt=2 s0=fng (1251,1197) s1=PALM(3860,1802)* [filtered=308]
cnt=2 s0=fng (1247,1188) s1=PALM(3860,1802)* [filtered=309]
cnt=2 s0=fng (1244,1180) s1=PALM(3860,1802)* [filtered=310]
cnt=2 s0=fng (1241,1174) s1=PALM(3861,1802)* [filtered=311]
cnt=2 s0=fng (1239,1169) s1=PALM(3861,1802)* [filtered=312]
cnt=2 s0=fng (1237,1164) s1=PALM(3861,1802)* [filtered=313]
cnt=2 s0=fng (1235,1161) s1=PALM(3862,1802)* [filtered=314]
cnt=2 s0=fng (1233,1158) s1=PALM(3862,1802)* [filtered=315]
cnt=2 s0=fng (1231,1156) s1=PALM(3863,1802)* [filtered=316]
cnt=2 s0=fng (1230,1154) s1=PALM(3863,1802)* [filtered=317]
cnt=2 s0=fng (1229,1153) s1=PALM(3864,1802)* [filtered=318]
cnt=1 s1=fng (3864,1802)* [filtered=318]
cnt=1 s1=fng (3865,1802)* [filtered=318]
cnt=1 s1=fng (3866,1802)* [filtered=318]
cnt=1 s1=fng (3866,1802)* [filtered=318]
cnt=1 s1=fng (3867,1802)* [filtered=318]
cnt=1 s1=fng (3867,1802)* [filtered=318]
cnt=1 s1=fng (3868,1802)* [filtered=318]
cnt=1 s1=fng (3868,1802)* [filtered=318]
cnt=1 s1=fng (3869,1802)* [filtered=318]
cnt=1 s1=fng (3869,1802)* [filtered=318]
cnt=1 s1=fng (3870,1802)* [filtered=318]
cnt=1 s1=fng (3870,1802)* [filtered=318]
cnt=1 s1=fng (3870,1802)* [filtered=318]
cnt=1 s1=fng (3871,1802)* [filtered=318]
cnt=1 s1=fng (3871,1802)* [filtered=318]
cnt=1 s1=fng (3871,1802)* [filtered=318]
cnt=1 s1=fng (3871,1802)* [filtered=318]
cnt=1 s1=fng (3871,1802)* [filtered=318]
cnt=1 s1=fng (3872,1802)* [filtered=318]
cnt=1 s1=fng (3872,1802)* [filtered=318]
cnt=1 s1=fng (3872,1802)* [filtered=318]
cnt=1 s1=fng (3872,1802)* [filtered=318]
cnt=1 s1=fng (3872,1802)* [filtered=318]
cnt=1 s1=fng (3872,1802)* [filtered=318]
cnt=1 s1=fng (3872,1802)* [filtered=318]
cnt=1 s1=fng (3872,1803)* [filtered=318]
cnt=1 s1=fng (3872,1803)* [filtered=318]
cnt=1 s1=fng (3872,1803)* [filtered=318]
cnt=1 s1=fng (3872,1803)* [filtered=318]
cnt=1 s1=fng (3872,1803)* [filtered=318]
cnt=1 s1=fng (3872,1803)* [filtered=318]
cnt=1 s1=fng (3872,1803)* [filtered=318]
cnt=1 s1=fng (3872,1803)* [filtered=318]
cnt=1 s1=fng (3873,1804)* [filtered=318]
cnt=1 s1=fng (3873,1804)* [filtered=318]
cnt=1 s1=fng (3873,1804)* [filtered=318]
cnt=1 s1=fng (3873,1804)* [filtered=318]
cnt=1 s1=fng (3873,1804)* [filtered=318]
cnt=1 s1=fng (3873,1804)* [filtered=318]
cnt=1 s1=fng (3873,1804)* [filtered=318]
cnt=1 s1=fng (3873,1804)* [filtered=318]
cnt=1 s1=fng (3873,1804)* [filtered=318]
cnt=1 s1=fng (3873,1804)* [filtered=318]
cnt=1 s1=fng (3873,1804)* [filtered=318]
cnt=1 s1=fng (3873,1804)* [filtered=318]
cnt=1 s1=fng (3873,1804)* [filtered=318]
cnt=1 s1=fng (3874,1804)* [filtered=318]
cnt=1 s1=fng (3874,1804)* [filtered=318]
cnt=1 s1=fng (3874,1804)* [filtered=318]
cnt=1 s1=fng (3874,1804)* [filtered=318]
cnt=1 s1=fng (3874,1804)* [filtered=318]
cnt=1 s1=fng (3875,1805)* [filtered=318]
cnt=1 s1=fng (3875,1805)* [filtered=318]
cnt=1 s1=fng (3876,1806)* [filtered=318]
cnt=1 s1=fng (3876,1806)* [filtered=318]
cnt=1 s1=fng (3876,1806)* [filtered=318]
cnt=1 s1=fng (3876,1806)* [filtered=318]
cnt=1 s1=fng (3876,1806)* [filtered=318]
cnt=1 s1=fng (3877,1806)* [filtered=318]
cnt=1 s1=fng (3877,1806)* [filtered=318]
cnt=1 s1=fng (3877,1807)* [filtered=318]
cnt=1 s1=fng (3877,1807)* [filtered=318]
cnt=3 s0=fng (1560,1548) s1=PALM(3878,1808)* s2=fng (720,1516) [filtered=319]
cnt=3 s0=fng (1560,1548) s1=PALM(3878,1808)* s2=fng (720,1516) [filtered=320]
cnt=4 s0=fng (1560,1547) s1=PALM(3879,1810)* s2=fng (720,1516) s3=fng (726,1494) [filtered=321]
cnt=4 s0=fng (1560,1546) s1=fng (3881,1812) s2=fng (720,1516) s3=fng (726,1493) [filtered=321]
cnt=4 s0=fng (1560,1546) s1=fng (3882,1813) s2=fng (720,1516) s3=fng (726,1493) [filtered=321]
cnt=3 s0=fng (1560,1544) s1=fng (3883,1815) s3=fng (726,1491) [filtered=321]
cnt=3 s0=fng (1560,1541) s1=fng (3885,1817) s3=fng (726,1487) [filtered=321]
cnt=3 s0=fng (1560,1539) s1=fng (3886,1818) s3=fng (726,1485) [filtered=321]
cnt=3 s0=fng (1560,1533) s1=fng (3887,1820) s3=fng (727,1478) [filtered=321]
cnt=3 s0=fng (1560,1528) s1=fng (3887,1821) s3=fng (727,1471) [filtered=321]
cnt=3 s0=fng (1560,1519) s1=fng (3888,1823) s3=fng (728,1462) [filtered=321]
cnt=3 s0=fng (1560,1508) s1=fng (3889,1825) s3=fng (729,1451) [filtered=321]
cnt=3 s0=fng (1560,1497) s1=fng (3889,1826) s3=fng (729,1440) [filtered=321]
cnt=3 s0=fng (1559,1484) s1=fng (3890,1827) s3=fng (730,1427) [filtered=321]
cnt=3 s0=fng (1558,1469) s1=fng (3891,1828) s3=fng (731,1414) [filtered=321]
cnt=3 s0=fng (1558,1454) s1=fng (3891,1828) s3=fng (731,1401) [filtered=321]
cnt=3 s0=fng (1557,1439) s1=fng (3892,1829) s3=fng (732,1387) [filtered=321]
cnt=3 s0=fng (1556,1424) s1=fng (3892,1830) s3=fng (733,1373) [filtered=321]
cnt=3 s0=fng (1555,1409) s1=fng (3892,1830) s3=fng (733,1359) [filtered=321]
cnt=3 s0=fng (1554,1393) s1=fng (3893,1830) s3=fng (733,1344) [filtered=321]
cnt=3 s0=fng (1553,1377) s1=fng (3893,1830) s3=fng (733,1329) [filtered=321]
cnt=3 s0=fng (1553,1361) s1=fng (3893,1830) s3=fng (733,1314) [filtered=321]
cnt=3 s0=fng (1552,1345) s1=fng (3893,1830) s3=fng (733,1300) [filtered=321]
cnt=3 s0=fng (1551,1329) s1=fng (3893,1830) s3=fng (733,1287) [filtered=321]
cnt=3 s0=fng (1550,1313) s1=fng (3893,1830) s3=fng (733,1274) [filtered=321]
cnt=3 s0=fng (1549,1298) s1=fng (3893,1830) s3=fng (732,1261) [filtered=321]
cnt=3 s0=fng (1548,1283) s1=fng (3893,1830) s3=fng (732,1248) [filtered=321]
cnt=3 s0=fng (1547,1269) s1=fng (3893,1830) s3=fng (732,1235) [filtered=321]
cnt=3 s0=fng (1546,1254) s1=fng (3893,1830) s3=fng (731,1223) [filtered=321]
cnt=3 s0=fng (1545,1240) s1=fng (3893,1830) s3=fng (731,1212) [filtered=321]
cnt=3 s0=fng (1544,1227) s1=fng (3893,1829) s3=fng (731,1201) [filtered=321]
cnt=3 s0=fng (1543,1212) s1=fng (3893,1829) s3=fng (730,1189) [filtered=321]
cnt=3 s0=fng (1542,1198) s1=fng (3893,1829) s3=fng (729,1178) [filtered=321]
cnt=3 s0=fng (1541,1183) s1=fng (3893,1828) s3=fng (728,1165) [filtered=321]
cnt=3 s0=fng (1539,1168) s1=fng (3893,1827) s3=fng (727,1152) [filtered=321]
cnt=3 s0=fng (1538,1154) s1=fng (3893,1827) s3=fng (727,1140) [filtered=321]
cnt=3 s0=fng (1537,1138) s1=PALM(3892,1826)* s3=fng (726,1126) [filtered=322]
cnt=3 s0=fng (1536,1123) s1=PALM(3892,1826)* s3=fng (726,1113) [filtered=323]
cnt=3 s0=fng (1534,1107) s1=PALM(3892,1826)* s3=fng (724,1099) [filtered=324]
cnt=3 s0=fng (1532,1090) s1=PALM(3892,1825)* s3=fng (722,1084) [filtered=325]
cnt=3 s0=fng (1531,1074) s1=PALM(3892,1825)* s3=fng (721,1070) [filtered=326]
cnt=3 s0=fng (1530,1058) s1=PALM(3892,1825)* s3=fng (720,1055) [filtered=327]
cnt=3 s0=fng (1529,1041) s1=PALM(3892,1824)* s3=fng (719,1040) [filtered=328]
cnt=3 s0=fng (1528,1025) s1=PALM(3892,1824)* s3=fng (718,1026) [filtered=329]
cnt=3 s0=fng (1527,1008) s1=PALM(3891,1823)* s3=fng (717,1011) [filtered=330]
cnt=3 s0=fng (1526,991) s1=PALM(3891,1823)* s3=fng (716,996) [filtered=331]
cnt=3 s0=fng (1525,975) s1=PALM(3891,1823)* s3=fng (715,982) [filtered=332]
cnt=3 s0=fng (1524,958) s1=PALM(3891,1822)* s3=fng (714,969) [filtered=333]
cnt=3 s0=fng (1523,942) s1=PALM(3891,1822)* s3=fng (713,956) [filtered=334]
cnt=3 s0=fng (1521,926) s1=PALM(3891,1822)* s3=fng (712,943) [filtered=335]
cnt=3 s0=fng (1519,909) s1=PALM(3890,1821)* s3=fng (711,931) [filtered=336]
cnt=3 s0=fng (1518,893) s1=PALM(3890,1821)* s3=fng (710,919) [filtered=337]
cnt=3 s0=fng (1516,877) s1=PALM(3890,1821)* s3=fng (709,907) [filtered=338]
cnt=3 s0=fng (1514,860) s1=PALM(3890,1821)* s3=fng (708,894) [filtered=339]
cnt=3 s0=fng (1513,844) s1=PALM(3890,1821)* s3=fng (707,882) [filtered=340]
cnt=3 s0=fng (1511,828) s1=PALM(3890,1821)* s3=fng (706,870) [filtered=341]
cnt=3 s0=fng (1509,811) s1=PALM(3889,1820)* s3=fng (705,858) [filtered=342]
cnt=3 s0=fng (1508,795) s1=PALM(3889,1820)* s3=fng (704,847) [filtered=343]
cnt=3 s0=fng (1506,780) s1=PALM(3889,1820)* s3=fng (703,837) [filtered=344]
cnt=3 s0=fng (1505,765) s1=PALM(3889,1820)* s3=fng (702,827) [filtered=345]
cnt=3 s0=fng (1504,750) s1=PALM(3889,1820)* s3=fng (701,817) [filtered=346]
cnt=3 s0=fng (1502,736) s1=PALM(3889,1820)* s3=fng (699,807) [filtered=347]
cnt=3 s0=fng (1501,722) s1=PALM(3889,1820)* s3=fng (698,797) [filtered=348]
cnt=3 s0=fng (1499,708) s1=PALM(3889,1820)* s3=fng (697,787) [filtered=349]
cnt=3 s0=fng (1498,695) s1=PALM(3889,1820)* s3=fng (696,778) [filtered=350]
cnt=3 s0=fng (1497,682) s1=PALM(3889,1820)* s3=fng (695,769) [filtered=351]
cnt=3 s0=fng (1496,669) s1=PALM(3889,1820)* s3=fng (694,760) [filtered=352]
cnt=3 s0=fng (1495,656) s1=PALM(3889,1820)* s3=fng (693,751) [filtered=353]
cnt=3 s0=fng (1494,644) s1=PALM(3889,1820)* s3=fng (692,743) [filtered=354]
cnt=3 s0=fng (1493,633) s1=PALM(3889,1820)* s3=fng (690,735) [filtered=355]
cnt=3 s0=fng (1493,622) s1=PALM(3889,1820)* s3=fng (689,727) [filtered=356]
cnt=3 s0=fng (1492,612) s1=PALM(3889,1820)* s3=fng (688,719) [filtered=357]
cnt=3 s0=fng (1492,604) s1=PALM(3889,1820)* s3=fng (687,711) [filtered=358]
cnt=3 s0=fng (1492,596) s1=PALM(3889,1820)* s3=fng (686,703) [filtered=359]
cnt=3 s0=fng (1491,589) s1=PALM(3889,1820)* s3=fng (685,696) [filtered=360]
cnt=3 s0=fng (1490,583) s1=PALM(3889,1820)* s3=fng (683,689) [filtered=361]
cnt=3 s0=fng (1490,577) s1=PALM(3889,1820)* s3=fng (682,682) [filtered=362]
cnt=3 s0=fng (1490,573) s1=PALM(3889,1820)* s3=fng (680,675) [filtered=363]
cnt=3 s0=fng (1491,569) s1=PALM(3889,1820)* s3=fng (678,669) [filtered=364]
cnt=3 s0=fng (1491,565) s1=PALM(3889,1820)* s3=fng (677,663) [filtered=365]
cnt=2 s0=fng (1492,562) s1=PALM(3889,1820)* [filtered=366]
cnt=2 s0=fng (1492,560) s1=PALM(3889,1820)* [filtered=367]
cnt=1 s1=fng (3889,1820)* [filtered=367]
cnt=1 s1=fng (3889,1820)* [filtered=367]
cnt=1 s1=fng (3889,1820)* [filtered=367]
cnt=1 s1=fng (3889,1820)* [filtered=367]
cnt=1 s1=fng (3889,1820)* [filtered=367]
cnt=1 s1=fng (3889,1820)* [filtered=367]
cnt=1 s1=fng (3889,1820)* [filtered=367]
cnt=1 s1=fng (3889,1820)* [filtered=367]
cnt=1 s1=fng (3889,1820)* [filtered=367]
cnt=1 s1=fng (3889,1820)* [filtered=367]
cnt=1 s1=fng (3889,1820)* [filtered=367]
cnt=1 s1=fng (3889,1820)* [filtered=367]
cnt=1 s1=fng (3889,1820)* [filtered=367]
cnt=1 s1=fng (3889,1820)* [filtered=367]
cnt=1 s1=fng (3889,1820)* [filtered=367]
cnt=1 s1=fng (3889,1820)* [filtered=367]
cnt=1 s1=fng (3889,1820)* [filtered=367]
cnt=1 s1=fng (3889,1820)* [filtered=367]
cnt=1 s1=fng (3889,1820)* [filtered=367]
cnt=1 s1=fng (3889,1820)* [filtered=367]
cnt=1 s1=fng (3889,1820)* [filtered=367]
cnt=1 s1=fng (3889,1820)* [filtered=367]
cnt=1 s1=fng (3889,1820)* [filtered=367]
cnt=1 s1=fng (3889,1820)* [filtered=367]
cnt=1 s1=fng (3889,1820)* [filtered=367]
cnt=1 s1=fng (3889,1820)* [filtered=367]
cnt=1 s1=fng (3889,1820)* [filtered=367]
cnt=1 s1=fng (3889,1820)* [filtered=367]
cnt=1 s1=fng (3889,1820)* [filtered=367]
cnt=1 s1=fng (3889,1820)* [filtered=367]
cnt=1 s1=fng (3889,1820)* [filtered=367]
cnt=1 s1=fng (3889,1820)* [filtered=367]
cnt=1 s1=fng (3889,1820)* [filtered=367]
cnt=1 s1=fng (3889,1820)* [filtered=367]
cnt=1 s1=fng (3889,1820)* [filtered=367]
cnt=1 s1=fng (3889,1820)* [filtered=367]
cnt=1 s1=fng (3889,1820)* [filtered=367]
cnt=1 s1=fng (3889,1820)* [filtered=367]
cnt=1 s1=fng (3889,1820)* [filtered=367]
cnt=1 s1=fng (3889,1820)* [filtered=367]
cnt=1 s1=fng (3889,1820)* [filtered=367]
cnt=1 s1=fng (3889,1820)* [filtered=367]
cnt=1 s1=fng (3889,1820)* [filtered=367]
cnt=1 s1=fng (3889,1820)* [filtered=367]
cnt=1 s1=fng (3889,1820)* [filtered=367]
cnt=1 s1=fng (3889,1820)* [filtered=367]
cnt=1 s1=fng (3889,1820)* [filtered=367]
cnt=1 s1=fng (3889,1820)* [filtered=367]
cnt=1 s1=fng (3889,1820)* [filtered=367]
cnt=1 s1=fng (3889,1820)* [filtered=367]
cnt=1 s1=fng (3889,1820)* [filtered=367]
cnt=1 s1=fng (3889,1820)* [filtered=367]
cnt=1 s1=fng (3889,1820)* [filtered=367]
cnt=1 s1=fng (3889,1820)* [filtered=367]
cnt=1 s1=fng (3889,1820)* [filtered=367]
cnt=1 s1=fng (3889,1820)* [filtered=367]
cnt=1 s1=fng (3889,1820)* [filtered=367]
cnt=1 s1=fng (3889,1820)* [filtered=367]
cnt=1 s1=fng (3889,1820)* [filtered=367]
cnt=1 s1=fng (3889,1820)* [filtered=367]
cnt=1 s1=fng (3889,1820)* [filtered=367]
cnt=1 s1=fng (3889,1820)* [filtered=367]
cnt=1 s1=fng (3889,1820)* [filtered=367]
cnt=1 s1=fng (3889,1820)* [filtered=367]
cnt=1 s1=fng (3889,1820)* [filtered=367]
cnt=1 s1=fng (3889,1820)* [filtered=367]
cnt=1 s1=fng (3889,1820)* [filtered=367]
cnt=1 s1=fng (3889,1820)* [filtered=367]
cnt=1 s1=fng (3890,1820)* [filtered=367]
cnt=1 s1=fng (3890,1820)* [filtered=367]
cnt=1 s1=fng (3890,1820)* [filtered=367]
cnt=1 s1=fng (3890,1820)* [filtered=367]
cnt=1 s1=fng (3890,1820)* [filtered=367]
cnt=1 s1=fng (3891,1820)* [filtered=367]
cnt=1 s1=fng (3891,1820)* [filtered=367]
cnt=1 s1=fng (3891,1820)* [filtered=367]
cnt=3 s0=fng (1462,768) s1=PALM(3891,1820)* s2=fng (649,788) [filtered=368]
cnt=3 s0=fng (1462,768) s1=PALM(3891,1820)* s2=fng (649,788) [filtered=369]
cnt=3 s0=fng (1462,769) s1=PALM(3891,1820)* s2=fng (649,788) [filtered=370]
cnt=3 s0=fng (1462,770) s1=PALM(3892,1820)* s2=fng (649,789) [filtered=371]
cnt=3 s0=fng (1462,771) s1=PALM(3892,1820)* s2=fng (649,789) [filtered=372]
cnt=3 s0=fng (1463,773) s1=PALM(3892,1820)* s2=fng (649,789) [filtered=373]
cnt=3 s0=fng (1463,776) s1=PALM(3893,1820)* s2=fng (649,790) [filtered=374]
cnt=3 s0=fng (1463,778) s1=PALM(3893,1820)* s2=fng (649,790) [filtered=375]
cnt=3 s0=fng (1464,781) s1=PALM(3893,1820)* s2=fng (650,791) [filtered=376]
cnt=3 s0=fng (1465,787) s1=PALM(3894,1820)* s2=fng (651,793) [filtered=377]
cnt=3 s0=fng (1466,792) s1=PALM(3894,1820)* s2=fng (651,794) [filtered=378]
cnt=3 s0=fng (1467,799) s1=PALM(3895,1820)* s2=fng (652,796) [filtered=379]
cnt=3 s0=fng (1469,808) s1=PALM(3895,1820)* s2=fng (654,801) [filtered=380]
cnt=3 s0=fng (1470,817) s1=PALM(3895,1820)* s2=fng (655,806) [filtered=381]
cnt=3 s0=fng (1472,828) s1=PALM(3895,1820)* s2=fng (657,813) [filtered=382]
cnt=3 s0=fng (1473,838) s1=PALM(3895,1820)* s2=fng (658,819) [filtered=383]
cnt=3 s0=fng (1475,850) s1=PALM(3895,1820)* s2=fng (660,827) [filtered=384]
cnt=3 s0=fng (1477,863) s1=PALM(3895,1821)* s2=fng (663,836) [filtered=385]
cnt=3 s0=fng (1478,876) s1=PALM(3895,1821)* s2=fng (665,844) [filtered=386]
cnt=3 s0=fng (1480,890) s1=PALM(3895,1821)* s2=fng (666,854) [filtered=387]
cnt=3 s0=fng (1482,905) s1=PALM(3895,1821)* s2=fng (668,865) [filtered=388]
cnt=3 s0=fng (1483,919) s1=PALM(3895,1821)* s2=fng (669,875) [filtered=389]
cnt=3 s0=fng (1484,935) s1=PALM(3895,1822)* s2=fng (671,887) [filtered=390]
cnt=3 s0=fng (1485,950) s1=PALM(3895,1822)* s2=fng (672,898) [filtered=391]
cnt=3 s0=fng (1486,967) s1=PALM(3895,1822)* s2=fng (673,912) [filtered=392]
cnt=3 s0=fng (1488,986) s1=PALM(3896,1823)* s2=fng (675,928) [filtered=393]
cnt=3 s0=fng (1489,1004) s1=PALM(3896,1823)* s2=fng (676,943) [filtered=394]
cnt=3 s0=fng (1490,1023) s1=PALM(3896,1824)* s2=fng (677,960) [filtered=395]
cnt=3 s0=fng (1491,1044) s1=PALM(3897,1825)* s2=fng (678,979) [filtered=396]
cnt=3 s0=fng (1492,1064) s1=PALM(3897,1826)* s2=fng (678,997) [filtered=397]
cnt=3 s0=fng (1493,1085) s1=PALM(3897,1827)* s2=fng (678,1015) [filtered=398]
cnt=3 s0=fng (1493,1105) s1=PALM(3897,1827)* s2=fng (678,1032) [filtered=399]
cnt=3 s0=fng (1494,1125) s1=PALM(3898,1828)* s2=fng (678,1050) [filtered=400]
cnt=3 s0=fng (1495,1145) s1=PALM(3899,1829)* s2=fng (678,1068) [filtered=401]
cnt=3 s0=fng (1495,1164) s1=PALM(3899,1829)* s2=fng (678,1085) [filtered=402]
cnt=3 s0=fng (1496,1183) s1=PALM(3900,1830)* s2=fng (678,1101) [filtered=403]
cnt=3 s0=fng (1496,1202) s1=PALM(3900,1831)* s2=fng (677,1118) [filtered=404]
cnt=3 s0=fng (1496,1220) s1=PALM(3900,1831)* s2=fng (677,1134) [filtered=405]
cnt=3 s0=fng (1496,1238) s1=PALM(3901,1832)* s2=fng (676,1149) [filtered=406]
cnt=3 s0=fng (1496,1255) s1=PALM(3902,1833)* s2=fng (675,1164) [filtered=407]
cnt=3 s0=fng (1496,1271) s1=PALM(3902,1834)* s2=fng (675,1178) [filtered=408]
cnt=3 s0=fng (1496,1287) s1=PALM(3902,1835)* s2=fng (674,1190) [filtered=409]
cnt=3 s0=fng (1496,1301) s1=PALM(3903,1836)* s2=fng (673,1203) [filtered=410]
cnt=3 s0=fng (1496,1315) s1=PALM(3904,1836)* s2=fng (672,1215) [filtered=411]
cnt=3 s0=fng (1496,1328) s1=PALM(3905,1837)* s2=fng (671,1225) [filtered=412]
cnt=3 s0=fng (1496,1339) s1=PALM(3905,1838)* s2=fng (670,1234) [filtered=413]
cnt=3 s0=fng (1496,1350) s1=PALM(3905,1838)* s2=fng (670,1243) [filtered=414]
cnt=3 s0=fng (1496,1360) s1=PALM(3906,1839)* s2=fng (669,1251) [filtered=415]
cnt=3 s0=fng (1496,1369) s1=PALM(3906,1840)* s2=fng (668,1259) [filtered=416]
cnt=3 s0=fng (1496,1378) s1=PALM(3906,1840)* s2=fng (667,1267) [filtered=417]
cnt=3 s0=fng (1496,1386) s1=PALM(3907,1841)* s2=fng (666,1274) [filtered=418]
cnt=3 s0=fng (1496,1393) s1=PALM(3908,1841)* s2=fng (665,1280) [filtered=419]
cnt=3 s0=fng (1496,1400) s1=PALM(3908,1841)* s2=fng (665,1286) [filtered=420]
cnt=3 s0=fng (1496,1406) s1=PALM(3908,1842)* s2=fng (665,1292) [filtered=421]
cnt=3 s0=fng (1497,1412) s1=PALM(3909,1842)* s2=fng (664,1299) [filtered=422]
cnt=3 s0=fng (1497,1418) s1=PALM(3909,1842)* s2=fng (664,1305) [filtered=423]
cnt=3 s0=fng (1498,1424) s1=PALM(3909,1843)* s2=fng (664,1312) [filtered=424]
cnt=3 s0=fng (1498,1430) s1=PALM(3909,1843)* s2=fng (664,1319) [filtered=425]
cnt=3 s0=fng (1499,1436) s1=PALM(3910,1843)* s2=fng (663,1327) [filtered=426]
cnt=3 s0=fng (1501,1444) s1=PALM(3910,1844)* s2=fng (662,1337) [filtered=427]
cnt=3 s0=fng (1502,1452) s1=PALM(3910,1844)* s2=fng (662,1346) [filtered=428]
cnt=3 s0=fng (1504,1462) s1=PALM(3911,1844)* s2=fng (661,1359) [filtered=429]
cnt=3 s0=fng (1506,1475) s1=PALM(3911,1844)* s2=fng (660,1374) [filtered=430]
cnt=3 s0=fng (1507,1487) s1=PALM(3911,1844)* s2=fng (660,1388) [filtered=431]
cnt=3 s0=fng (1510,1502) s1=PALM(3911,1844)* s2=fng (659,1406) [filtered=432]
cnt=3 s0=fng (1512,1516) s1=PALM(3911,1844)* s2=fng (658,1423) [filtered=433]
cnt=3 s0=fng (1514,1532) s1=PALM(3911,1843)* s2=fng (657,1442) [filtered=434]
cnt=3 s0=fng (1517,1551) s1=PALM(3911,1842)* s2=fng (654,1464) [filtered=435]
cnt=3 s0=fng (1519,1569) s1=PALM(3911,1842)* s2=fng (653,1485) [filtered=436]
cnt=3 s0=fng (1521,1590) s1=PALM(3911,1841)* s2=fng (652,1510) [filtered=437]
cnt=3 s0=fng (1524,1612) s1=PALM(3911,1840)* s2=fng (650,1534) [filtered=438]
cnt=3 s0=fng (1526,1633) s1=PALM(3911,1840)* s2=fng (649,1557) [filtered=439]
cnt=3 s0=fng (1529,1655) s1=PALM(3911,1839)* s2=fng (648,1588) [filtered=440]
cnt=3 s0=fng (1533,1678) s1=PALM(3910,1837)* s2=fng (647,1619) [filtered=441]
cnt=3 s0=fng (1536,1700) s1=PALM(3910,1836)* s2=fng (646,1650) [filtered=442]
cnt=3 s0=fng (1540,1723) s1=PALM(3910,1835)* s2=fng (645,1678) [filtered=443]
cnt=2 s0=fng (1544,1746) s1=PALM(3909,1834)* [filtered=444]
cnt=2 s0=fng (1548,1768) s1=PALM(3909,1833)* [filtered=445]
cnt=2 s0=fng (1553,1790) s1=PALM(3909,1832)* [filtered=446]
cnt=2 s0=fng (1558,1810) s1=PALM(3908,1831)* [filtered=447]
cnt=2 s0=fng (1562,1829) s1=PALM(3908,1830)* [filtered=448]
cnt=2 s0=fng (1567,1847) s1=PALM(3908,1830)* [filtered=449]
cnt=2 s0=fng (1571,1864) s1=PALM(3908,1829)* [filtered=450]
cnt=2 s0=fng (1574,1880) s1=PALM(3908,1829)* [filtered=451]
cnt=2 s0=fng (1577,1894) s1=PALM(3908,1829)* [filtered=452]
cnt=2 s0=fng (1581,1908) s1=PALM(3908,1828)* [filtered=453]
cnt=2 s0=fng (1584,1921) s1=PALM(3908,1828)* [filtered=454]
cnt=2 s0=fng (1587,1933) s1=PALM(3907,1827)* [filtered=455]
cnt=2 s0=fng (1590,1943) s1=PALM(3907,1827)* [filtered=456]
cnt=2 s0=fng (1593,1952) s1=PALM(3907,1826)* [filtered=457]
cnt=2 s0=fng (1595,1960) s1=PALM(3907,1826)* [filtered=458]
cnt=2 s0=fng (1598,1968) s1=PALM(3907,1826)* [filtered=459]
cnt=2 s0=fng (1600,1974) s1=PALM(3907,1825)* [filtered=460]
cnt=2 s0=fng (1601,1980) s1=PALM(3907,1825)* [filtered=461]
cnt=2 s0=fng (1602,1985) s1=PALM(3907,1825)* [filtered=462]
cnt=2 s0=fng (1603,1989) s1=PALM(3907,1824)* [filtered=463]
cnt=2 s0=fng (1604,1993) s1=PALM(3907,1824)* [filtered=464]
cnt=2 s0=fng (1605,1996) s1=PALM(3907,1823)* [filtered=465]
cnt=2 s0=fng (1606,1998) s1=PALM(3907,1823)* [filtered=466]
cnt=2 s0=fng (1607,2000) s1=PALM(3907,1823)* [filtered=467]
cnt=2 s0=fng (1607,2001) s1=PALM(3907,1823)* [filtered=468]
cnt=2 s0=fng (1608,2001) s1=PALM(3907,1823)* [filtered=469]
cnt=2 s0=fng (1608,2001) s1=PALM(3907,1823)* [filtered=470]
cnt=2 s0=fng (1608,2001) s1=PALM(3907,1823)* [filtered=471]
cnt=2 s0=fng (1609,2001) s1=PALM(3907,1823)* [filtered=472]
cnt=2 s0=fng (1609,1998) s1=PALM(3907,1823)* [filtered=473]
cnt=2 s0=fng (1609,1995) s1=PALM(3907,1823)* [filtered=474]
cnt=2 s0=fng (1610,1991) s1=PALM(3907,1823)* [filtered=475]
cnt=2 s0=fng (1610,1988) s1=PALM(3907,1823)* [filtered=476]
cnt=3 s0=fng (1611,1985) s1=PALM(3907,1823)* s2=fng (720,1729) [filtered=477]
cnt=3 s0=fng (1611,1980) s1=PALM(3907,1823)* s2=fng (720,1728) [filtered=478]
cnt=3 s0=fng (1611,1976) s1=PALM(3907,1823)* s2=fng (720,1728) [filtered=479]
cnt=3 s0=fng (1610,1969) s1=PALM(3907,1824)* s2=fng (720,1726) [filtered=480]
cnt=3 s0=fng (1608,1958) s1=PALM(3908,1825)* s2=fng (719,1720) [filtered=481]
cnt=3 s0=fng (1607,1947) s1=PALM(3908,1825)* s2=fng (719,1714) [filtered=482]
cnt=3 s0=fng (1605,1932) s1=PALM(3908,1826)* s2=fng (718,1705) [filtered=483]
cnt=3 s0=fng (1601,1912) s1=PALM(3909,1827)* s2=fng (717,1691) [filtered=484]
cnt=3 s0=fng (1599,1892) s1=PALM(3909,1828)* s2=fng (716,1678) [filtered=485]
cnt=3 s0=fng (1595,1866) s1=PALM(3910,1829)* s2=fng (714,1661) [filtered=486]
cnt=3 s0=fng (1590,1833) s1=PALM(3911,1831)* s2=fng (711,1639) [filtered=487]
cnt=3 s0=fng (1585,1800) s1=PALM(3911,1832)* s2=fng (709,1617) [filtered=488]
cnt=3 s0=fng (1579,1761) s1=PALM(3912,1833)* s2=fng (706,1590) [filtered=489]
cnt=3 s0=fng (1574,1722) s1=PALM(3913,1834)* s2=fng (704,1563) [filtered=490]
cnt=3 s0=fng (1567,1676) s1=PALM(3914,1835)* s2=fng (700,1531) [filtered=491]
cnt=3 s0=fng (1560,1627) s1=PALM(3915,1836)* s2=fng (696,1495) [filtered=492]
cnt=3 s0=fng (1554,1578) s1=PALM(3915,1837)* s2=fng (693,1459) [filtered=493]
cnt=3 s0=fng (1546,1528) s1=PALM(3916,1838)* s2=fng (688,1422) [filtered=494]
cnt=3 s0=fng (1538,1476) s1=PALM(3917,1838)* s2=fng (683,1383) [filtered=495]
cnt=3 s0=fng (1530,1424) s1=PALM(3917,1838)* s2=fng (679,1344) [filtered=496]
cnt=3 s0=fng (1522,1373) s1=PALM(3917,1837)* s2=fng (674,1306) [filtered=497]
cnt=3 s0=fng (1514,1324) s1=PALM(3917,1837)* s2=fng (669,1269) [filtered=498]
cnt=3 s0=fng (1507,1275) s1=PALM(3917,1837)* s2=fng (665,1232) [filtered=499]
cnt=3 s0=fng (1499,1228) s1=PALM(3918,1836)* s2=fng (661,1197) [filtered=500]
cnt=3 s0=fng (1491,1183) s1=PALM(3918,1835)* s2=fng (656,1164) [filtered=501]
cnt=3 s0=fng (1484,1138) s1=PALM(3918,1835)* s2=fng (652,1131) [filtered=502]
cnt=3 s0=fng (1477,1096) s1=PALM(3919,1834)* s2=fng (648,1100) [filtered=503]
cnt=3 s0=fng (1471,1055) s1=PALM(3919,1834)* s2=fng (644,1070) [filtered=504]
cnt=3 s0=fng (1464,1017) s1=PALM(3919,1834)* s2=fng (640,1041) [filtered=505]
cnt=3 s0=fng (1457,981) s1=PALM(3920,1833)* s2=fng (636,1014) [filtered=506]
cnt=3 s0=fng (1451,946) s1=PALM(3920,1833)* s2=fng (632,988) [filtered=507]
cnt=3 s0=fng (1444,914) s1=PALM(3921,1833)* s2=fng (628,964) [filtered=508]
cnt=3 s0=fng (1437,884) s1=PALM(3922,1832)* s2=fng (623,942) [filtered=509]
cnt=3 s0=fng (1431,855) s1=PALM(3923,1832)* s2=fng (619,921) [filtered=510]
cnt=3 s0=fng (1426,830) s1=PALM(3924,1831)* s2=fng (614,902) [filtered=511]
cnt=3 s0=fng (1421,808) s1=PALM(3925,1831)* s2=fng (609,886) [filtered=512]
cnt=3 s0=fng (1417,786) s1=PALM(3926,1831)* s2=fng (605,870) [filtered=513]
cnt=3 s0=fng (1413,767) s1=PALM(3927,1830)* s2=fng (600,856) [filtered=514]
cnt=3 s0=fng (1409,748) s1=PALM(3928,1830)* s2=fng (596,842) [filtered=515]
cnt=3 s0=fng (1406,732) s1=PALM(3929,1830)* s2=fng (591,830) [filtered=516]
cnt=3 s0=fng (1403,716) s1=PALM(3930,1830)* s2=fng (587,818) [filtered=517]
cnt=3 s0=fng (1401,702) s1=PALM(3932,1830)* s2=fng (582,806) [filtered=518]
cnt=3 s0=fng (1399,690) s1=PALM(3935,1830)* s2=fng (574,791) [filtered=519]
cnt=3 s0=fng (1397,678) s1=PALM(3937,1830)* s2=fng (567,776) [filtered=520]
cnt=3 s0=fng (1395,666) s1=PALM(3940,1830)* s2=fng (557,757) [filtered=521]
cnt=3 s0=fng (1393,654) s1=PALM(3942,1830)* s2=fng (548,738) [filtered=522]
cnt=3 s0=fng (1392,643) s1=PALM(3945,1830)* s2=fng (538,720) [filtered=523]
cnt=3 s0=fng (1393,633) s1=fng (3949,1830) s2=fng (529,704) [filtered=523]
cnt=2 s0=fng (1392,623) s1=fng (3954,1831) [filtered=523]
cnt=2 s0=fng (1391,613) s1=fng (3959,1831) [filtered=523]
cnt=2 s0=fng (1388,604) s1=fng (3966,1832) [filtered=523]
cnt=2 s0=fng (1385,595) s1=fng (3973,1833) [filtered=523]
cnt=2 s0=fng (1383,586) s1=fng (3979,1834) [filtered=523]
cnt=2 s0=fng (1381,577) s1=fng (3986,1835) [filtered=523]
cnt=2 s0=fng (1378,568) s1=fng (3994,1837) [filtered=523]
cnt=2 s0=fng (1376,559) s1=fng (4001,1838) [filtered=523]
cnt=2 s0=fng (1374,551) s1=fng (4010,1840) [filtered=523]
cnt=1 s1=fng (4019,1842) [filtered=523]
cnt=1 s1=fng (4027,1843) [filtered=523]
cnt=1 s1=fng (4035,1844) [filtered=523]
cnt=1 s1=fng (4042,1845) [filtered=523]
cnt=1 s1=fng (4049,1847) [filtered=523]
cnt=1 s1=fng (4055,1848) [filtered=523]
cnt=1 s1=fng (4062,1849) [filtered=523]
cnt=1 s1=fng (4069,1850) [filtered=523]
cnt=1 s1=fng (4075,1850) [filtered=523]
cnt=1 s1=fng (4081,1851) [filtered=523]
cnt=1 s1=fng (4088,1852) [filtered=523]
cnt=1 s1=fng (4094,1852) [filtered=523]
cnt=1 s1=fng (4099,1853) [filtered=523]
cnt=1 s1=fng (4104,1855) [filtered=523]
cnt=1 s1=fng (4108,1856) [filtered=523]
cnt=1 s1=fng (4112,1857) [filtered=523]
cnt=1 s1=fng (4116,1858) [filtered=523]
cnt=1 s1=fng (4121,1860) [filtered=523]
cnt=1 s1=fng (4126,1862) [filtered=523]
cnt=1 s1=fng (4130,1863) [filtered=523]
cnt=1 s1=fng (4134,1865) [filtered=523]
cnt=1 s1=fng (4139,1867) [filtered=523]
cnt=1 s1=fng (4144,1869) [filtered=523]
cnt=1 s1=fng (4148,1870) [filtered=523]
cnt=1 s1=fng (4153,1872) [filtered=523]
cnt=1 s1=fng (4158,1875) [filtered=523]
cnt=1 s1=fng (4163,1878) [filtered=523]
cnt=1 s1=fng (4167,1879) [filtered=523]
cnt=1 s1=fng (4170,1882) [filtered=523]
cnt=1 s1=fng (4174,1885) [filtered=523]
cnt=1 s1=fng (4178,1888) [filtered=523]
cnt=1 s1=fng (4182,1891) [filtered=523]
cnt=1 s1=fng (4186,1893) [filtered=523]
cnt=1 s1=fng (4190,1896) [filtered=523]
cnt=1 s1=fng (4194,1898) [filtered=523]
cnt=1 s1=fng (4198,1900) [filtered=523]
cnt=1 s1=fng (4201,1901) [filtered=523]
cnt=1 s1=fng (4203,1903) [filtered=523]
cnt=1 s1=fng (4205,1905) [filtered=523]
cnt=1 s1=fng (4208,1907) [filtered=523]
cnt=1 s1=fng (4210,1909) [filtered=523]
cnt=1 s1=fng (4211,1910) [filtered=523]
cnt=1 s1=fng (4212,1911) [filtered=523]
cnt=1 s1=fng (4214,1912) [filtered=523]
cnt=1 s1=fng (4216,1914) [filtered=523]
cnt=1 s1=fng (4218,1915) [filtered=523]
cnt=1 s1=fng (4219,1916) [filtered=523]
cnt=1 s1=fng (4221,1917) [filtered=523]
cnt=1 s1=fng (4223,1918) [filtered=523]
cnt=1 s1=fng (4225,1919) [filtered=523]
cnt=1 s1=fng (4227,1920) [filtered=523]
cnt=1 s1=fng (4228,1921) [filtered=523]
cnt=1 s1=fng (4230,1922) [filtered=523]
cnt=1 s1=fng (4232,1923) [filtered=523]
cnt=1 s1=fng (4233,1924) [filtered=523]
cnt=1 s1=fng (4235,1925) [filtered=523]
cnt=1 s1=fng (4236,1925) [filtered=523]
cnt=1 s1=fng (4237,1926) [filtered=523]
cnt=1 s1=fng (4238,1927) [filtered=523]
cnt=1 s1=fng (4239,1927) [filtered=523]
cnt=1 s1=fng (4240,1927) [filtered=523]
cnt=1 s1=fng (4241,1928) [filtered=523]
cnt=1 s1=fng (4242,1928) [filtered=523]
cnt=1 s1=fng (4243,1929) [filtered=523]
cnt=1 s1=fng (4244,1929) [filtered=523]
cnt=1 s1=fng (4244,1929) [filtered=523]
cnt=1 s1=fng (4245,1930) [filtered=523]
cnt=1 s1=fng (4246,1931) [filtered=523]
cnt=1 s1=fng (4247,1932) [filtered=523]
cnt=1 s1=fng (4249,1933) [filtered=523]
cnt=1 s1=fng (4250,1934) [filtered=523]
cnt=1 s1=fng (4251,1935) [filtered=523]
cnt=1 s1=fng (4252,1937) [filtered=523]
cnt=1 s1=fng (4254,1939) [filtered=523]
cnt=1 s1=fng (4256,1941) [filtered=523]
cnt=1 s1=fng (4257,1942) [filtered=523]
cnt=1 s1=fng (4258,1943) [filtered=523]
cnt=1 s1=fng (4260,1945) [filtered=523]
cnt=1 s1=fng (4263,1948) [filtered=523]
cnt=1 s1=fng (4264,1949) [filtered=523]
cnt=1 s1=fng (4267,1951) [filtered=523]
cnt=1 s1=fng (4271,1954) [filtered=523]
cnt=1 s1=fng (4275,1958) [filtered=523]
cnt=1 s1=fng (4280,1962) [filtered=523]
cnt=1 s1=fng (4284,1964) [filtered=523]
cnt=1 s1=fng (4289,1968) [filtered=523]
cnt=1 s1=fng (4294,1973) [filtered=523]
cnt=1 s1=fng (4299,1978) [filtered=523]
cnt=1 s1=fng (4304,1983) [filtered=523]
cnt=1 s1=fng (4308,1987) [filtered=523]
cnt=1 s1=fng (4313,1992) [filtered=523]
cnt=1 s1=fng (4318,1997) [filtered=523]
cnt=1 s1=fng (4323,2002) [filtered=523]
cnt=1 s1=fng (4323,2002) [filtered=523]
cnt=1 s0=fng (4572,2295) [filtered=523]
cnt=1 s0=fng (4572,2295) [filtered=523]
cnt=1 s0=fng (4572,2295) [filtered=523]
cnt=1 s0=fng (4572,2295) [filtered=523]
cnt=1 s0=fng (4572,2295) [filtered=523]
cnt=1 s0=fng (4572,2295) [filtered=523]
cnt=1 s0=fng (4572,2295) [filtered=523]
cnt=1 s0=fng (4572,2295) [filtered=523]
cnt=1 s0=fng (4567,2293) [filtered=523]
cnt=1 s0=fng (4560,2289) [filtered=523]
cnt=1 s0=fng (4553,2287) [filtered=523]
cnt=1 s0=fng (4544,2283) [filtered=523]
cnt=1 s0=fng (4534,2279) [filtered=523]
cnt=1 s0=fng (4525,2276) [filtered=523]
cnt=1 s0=fng (4517,2274) [filtered=523]
cnt=1 s0=fng (4508,2272) [filtered=523]
cnt=1 s0=fng (4500,2271) [filtered=523]
cnt=1 s0=fng (4493,2271) [filtered=523]
cnt=1 s0=fng (4488,2272) [filtered=523]
cnt=1 s0=fng (4484,2272) [filtered=523]
cnt=1 s0=fng (4480,2274) [filtered=523]
cnt=1 s0=fng (4478,2278) [filtered=523]
cnt=1 s0=fng (4476,2282) [filtered=523]
cnt=1 s0=fng (4475,2288) [filtered=523]
cnt=1 s0=fng (4475,2292) [filtered=523]
cnt=1 s0=fng (4474,2297) [filtered=523]
cnt=1 s0=fng (4473,2302) [filtered=523]
cnt=1 s0=fng (4473,2308) [filtered=523]
cnt=1 s0=fng (4472,2314) [filtered=523]
cnt=1 s0=fng (4472,2320) [filtered=523]
cnt=1 s0=fng (4472,2326) [filtered=523]
cnt=1 s0=fng (4471,2332) [filtered=523]
cnt=1 s0=fng (4471,2338) [filtered=523]
cnt=1 s0=fng (4470,2344) [filtered=523]
cnt=1 s0=fng (4470,2349) [filtered=523]
cnt=1 s0=fng (4469,2354) [filtered=523]
cnt=1 s0=fng (4468,2359) [filtered=523]
cnt=1 s0=fng (4467,2364) [filtered=523]
cnt=1 s0=fng (4467,2368) [filtered=523]
cnt=1 s0=fng (4466,2373) [filtered=523]
cnt=1 s0=fng (4465,2378) [filtered=523]
cnt=1 s0=fng (4464,2383) [filtered=523]
cnt=1 s0=fng (4463,2388) [filtered=523]
cnt=1 s0=fng (4462,2392) [filtered=523]
cnt=1 s0=fng (4461,2395) [filtered=523]
cnt=1 s0=fng (4460,2398) [filtered=523]
cnt=1 s0=fng (4458,2402) [filtered=523]
cnt=1 s0=fng (4457,2405) [filtered=523]
cnt=1 s0=fng (4456,2408) [filtered=523]
cnt=1 s0=fng (4454,2410) [filtered=523]
cnt=1 s0=fng (4452,2412) [filtered=523]
cnt=1 s0=fng (4450,2414) [filtered=523]
cnt=1 s0=fng (4449,2415) [filtered=523]
cnt=1 s0=fng (4447,2417) [filtered=523]
cnt=1 s0=fng (4445,2418) [filtered=523]
cnt=1 s0=fng (4443,2420) [filtered=523]
cnt=1 s0=fng (4442,2421) [filtered=523]
cnt=1 s0=fng (4441,2422) [filtered=523]
cnt=1 s0=fng (4439,2423) [filtered=523]
cnt=1 s0=fng (4438,2424) [filtered=523]
cnt=1 s0=fng (4437,2425) [filtered=523]
cnt=1 s0=fng (4436,2426) [filtered=523]
cnt=1 s0=fng (4435,2426) [filtered=523]
cnt=1 s0=fng (4433,2427) [filtered=523]
cnt=1 s0=fng (4431,2428) [filtered=523]
cnt=1 s0=fng (4430,2428) [filtered=523]
cnt=1 s0=fng (4428,2428) [filtered=523]
cnt=1 s0=fng (4425,2428) [filtered=523]
cnt=1 s0=fng (4424,2428) [filtered=523]
cnt=1 s0=fng (4421,2428) [filtered=523]
cnt=1 s0=fng (4418,2428) [filtered=523]
cnt=1 s0=fng (4415,2427) [filtered=523]
cnt=1 s0=fng (4413,2427) [filtered=523]
cnt=1 s0=fng (4410,2426) [filtered=523]
cnt=1 s0=fng (4407,2425) [filtered=523]
cnt=1 s0=fng (4405,2425) [filtered=523]
cnt=1 s0=fng (4403,2424) [filtered=523]
cnt=1 s0=fng (4401,2423) [filtered=523]
cnt=1 s0=fng (4399,2423) [filtered=523]
cnt=1 s0=fng (4397,2422) [filtered=523]
cnt=1 s0=fng (4396,2421) [filtered=523]
cnt=1 s0=fng (4395,2421) [filtered=523]
cnt=1 s0=fng (4394,2420) [filtered=523]
cnt=2 s0=PALM(4392,2419) s1=fng (773,1093) [filtered=524]
cnt=2 s0=PALM(4391,2418) s1=fng (773,1093) [filtered=525]
cnt=2 s0=PALM(4390,2417) s1=fng (774,1094) [filtered=526]
cnt=2 s0=PALM(4388,2417) s1=fng (775,1094) [filtered=527]
cnt=2 s0=PALM(4387,2417) s1=fng (775,1094) [filtered=528]
cnt=2 s0=PALM(4386,2416) s1=fng (775,1095) [filtered=529]
cnt=2 s0=PALM(4385,2416) s1=fng (775,1095) [filtered=530]
cnt=3 s0=PALM(4384,2415) s1=fng (776,1095) s2=fng (1989,1788) [filtered=531]
cnt=3 s0=PALM(4383,2415) s1=fng (776,1095) s2=fng (1989,1788) [filtered=532]
cnt=3 s0=PALM(4381,2414) s1=fng (778,1096) s2=fng (1989,1788) [filtered=533]
cnt=3 s0=PALM(4379,2414) s1=fng (780,1097) s2=fng (1989,1788) [filtered=534]
cnt=3 s0=PALM(4378,2414) s1=fng (781,1098) s2=fng (1989,1788) [filtered=535]
cnt=3 s0=PALM(4375,2413) s1=fng (783,1099) s2=fng (1989,1788) [filtered=536]
cnt=3 s0=PALM(4373,2413) s1=fng (784,1099) s2=fng (1989,1788) [filtered=537]
cnt=2 s0=PALM(4371,2413) s1=fng (785,1100) [filtered=538]
cnt=2 s0=PALM(4369,2413) s1=fng (786,1101) [filtered=539]
cnt=4 s0=PALM(4367,2412) s1=fng (787,1101) s2=fng (1605,1233) s3=fng (1996,1774) [filtered=540]
cnt=4 s0=PALM(4365,2412) s1=fng (787,1101) s2=fng (1605,1233) s3=fng (1996,1774) [filtered=541]
cnt=4 s0=PALM(4364,2412) s1=fng (788,1101) s2=fng (1605,1233) s3=fng (1996,1774) [filtered=542]
cnt=4 s0=PALM(4363,2412) s1=fng (789,1101) s2=fng (1605,1233) s3=fng (1996,1774) [filtered=543]
cnt=4 s0=PALM(4362,2412) s1=fng (789,1101) s2=fng (1605,1233) s3=fng (1996,1774) [filtered=544]
cnt=4 s0=PALM(4361,2412) s1=fng (789,1101) s2=fng (1605,1233) s3=fng (1996,1774) [filtered=545]
cnt=4 s0=PALM(4361,2412) s1=fng (789,1101) s2=fng (1605,1233) s3=fng (1996,1774) [filtered=546]
cnt=4 s0=PALM(4360,2412) s1=fng (790,1101) s2=fng (1605,1233) s3=fng (1996,1774) [filtered=547]
cnt=4 s0=PALM(4359,2412) s1=fng (790,1101) s2=fng (1605,1233) s3=fng (1996,1774) [filtered=548]
cnt=4 s0=PALM(4358,2412) s1=fng (790,1101) s2=fng (1605,1233) s3=fng (1996,1774) [filtered=549]
cnt=4 s0=PALM(4358,2412) s1=fng (790,1101) s2=fng (1605,1233) s3=fng (1996,1774) [filtered=550]
cnt=4 s0=PALM(4357,2412) s1=fng (791,1101) s2=fng (1605,1233) s3=fng (1996,1774) [filtered=551]
cnt=4 s0=PALM(4357,2412) s1=fng (791,1101) s2=fng (1605,1233) s3=fng (1996,1774) [filtered=552]
cnt=4 s0=PALM(4357,2412) s1=fng (791,1101) s2=fng (1605,1233) s3=fng (1996,1774) [filtered=553]
cnt=4 s0=PALM(4357,2412) s1=PALM(792,1101)* s2=fng (1605,1233) s3=fng (1996,1774) [filtered=554]
cnt=4 s0=PALM(4357,2412) s1=PALM(792,1101)* s2=fng (1605,1233) s3=fng (1996,1774) [filtered=555]
cnt=4 s0=PALM(4357,2412) s1=PALM(793,1102)* s2=fng (1605,1233) s3=fng (1996,1774) [filtered=556]
cnt=4 s0=PALM(4357,2412) s1=PALM(794,1102)* s2=fng (1605,1233) s3=fng (1996,1774) [filtered=557]
cnt=4 s0=PALM(4357,2412) s1=PALM(795,1102)* s2=fng (1605,1233) s3=fng (1996,1774) [filtered=558]
cnt=4 s0=PALM(4357,2412) s1=PALM(795,1102)* s2=fng (1605,1233) s3=fng (1996,1774) [filtered=559]
cnt=4 s0=PALM(4357,2411) s1=PALM(796,1102)* s2=fng (1605,1233) s3=fng (1996,1774) [filtered=560]
cnt=4 s0=PALM(4357,2411) s1=PALM(797,1102)* s2=fng (1605,1233) s3=fng (1996,1774) [filtered=561]
cnt=4 s0=PALM(4357,2411) s1=PALM(798,1102)* s2=fng (1605,1233) s3=fng (1996,1774) [filtered=562]
cnt=4 s0=PALM(4357,2411) s1=PALM(799,1102)* s2=fng (1605,1233) s3=fng (1996,1774) [filtered=563]
cnt=4 s0=PALM(4357,2411) s1=PALM(800,1102)* s2=fng (1605,1233) s3=fng (1996,1774) [filtered=564]
cnt=4 s0=PALM(4357,2411) s1=PALM(801,1102)* s2=fng (1605,1233) s3=fng (1996,1774) [filtered=565]
cnt=4 s0=PALM(4357,2411)* s1=PALM(802,1102)* s2=fng (1605,1233) s3=fng (1996,1774) [filtered=566]
cnt=4 s0=PALM(4357,2411)* s1=PALM(803,1102)* s2=fng (1605,1232) s3=fng (1996,1774) [filtered=567]
cnt=4 s0=PALM(4357,2411)* s1=PALM(803,1102)* s2=fng (1605,1232) s3=fng (1996,1774) [filtered=568]
cnt=4 s0=PALM(4357,2411)* s1=PALM(804,1102)* s2=fng (1605,1231) s3=fng (1996,1773) [filtered=569]
cnt=4 s0=PALM(4357,2411)* s1=PALM(804,1102)* s2=PALM(1605,1231)* s3=PALM(1996,1773)* [filtered=570]
cnt=4 s0=PALM(4357,2411)* s1=PALM(805,1101)* s2=PALM(1605,1230)* s3=PALM(1996,1773)* [filtered=571]
cnt=4 s0=PALM(4357,2411)* s1=PALM(805,1101)* s2=PALM(1605,1230)* s3=PALM(1996,1773)* [filtered=572]
cnt=4 s0=PALM(4357,2411)* s1=PALM(806,1100)* s2=PALM(1605,1228)* s3=PALM(1996,1773)* [filtered=573]
cnt=4 s0=PALM(4357,2411)* s1=PALM(806,1099)* s2=PALM(1605,1227)* s3=PALM(1996,1773)* [filtered=574]
cnt=3 s0=PALM(4358,2411)* s1=PALM(807,1097)* s2=PALM(1605,1225)* [filtered=575]
cnt=3 s0=PALM(4359,2411)* s1=fng (808,1093) s2=fng (1604,1218) [filtered=576]
cnt=3 s0=PALM(4359,2411)* s1=fng (808,1089) s2=fng (1603,1211) [filtered=577]
cnt=3 s0=PALM(4360,2410)* s1=fng (808,1083) s2=fng (1601,1200) [filtered=578]
cnt=3 s0=PALM(4360,2410)* s1=fng (808,1078) s2=fng (1600,1190) [filtered=579]
cnt=3 s0=PALM(4361,2410)* s1=fng (807,1070) s2=fng (1597,1176) [filtered=580]
cnt=3 s0=PALM(4362,2410)* s1=fng (806,1061) s2=fng (1594,1159) [filtered=581]
cnt=3 s0=PALM(4362,2410)* s1=fng (806,1052) s2=fng (1592,1142) [filtered=582]
cnt=3 s0=PALM(4363,2410)* s1=fng (804,1041) s2=fng (1589,1123) [filtered=583]
cnt=3 s0=PALM(4364,2410)* s1=fng (803,1031) s2=fng (1587,1105) [filtered=584]
cnt=3 s0=PALM(4364,2410)* s1=fng (800,1018) s2=fng (1583,1084) [filtered=585]
cnt=3 s0=PALM(4364,2410)* s1=fng (798,1006) s2=fng (1580,1064) [filtered=586]
cnt=3 s0=PALM(4365,2410)* s1=fng (794,991) s2=fng (1575,1042) [filtered=587]
cnt=3 s0=PALM(4366,2410)* s1=fng (789,975) s2=fng (1570,1020) [filtered=588]
cnt=3 s0=PALM(4366,2410)* s1=fng (784,960) s2=fng (1566,999) [filtered=589]
cnt=3 s0=PALM(4367,2410)* s1=fng (779,944) s2=fng (1561,979) [filtered=590]
cnt=3 s0=PALM(4367,2410)* s1=fng (775,929) s2=fng (1557,959) [filtered=591]
cnt=3 s0=PALM(4368,2410)* s1=fng (770,915) s2=fng (1553,940) [filtered=592]
cnt=3 s0=PALM(4369,2410)* s1=fng (765,900) s2=fng (1548,922) [filtered=593]
cnt=3 s0=PALM(4369,2410)* s1=fng (761,886) s2=fng (1544,904) [filtered=594]
cnt=3 s0=PALM(4370,2410)* s1=fng (756,874) s2=fng (1539,888) [filtered=595]
cnt=3 s0=PALM(4371,2410)* s1=fng (752,862) s2=fng (1535,872) [filtered=596]
cnt=3 s0=PALM(4372,2410)* s1=fng (748,851) s2=fng (1531,858) [filtered=597]
cnt=3 s0=PALM(4373,2410)* s1=fng (743,841) s2=fng (1526,846) [filtered=598]
cnt=3 s0=PALM(4374,2410)* s1=fng (739,831) s2=fng (1522,834) [filtered=599]
cnt=3 s0=PALM(4376,2410)* s1=fng (736,823) s2=fng (1518,824) [filtered=600]
cnt=3 s0=PALM(4377,2410)* s1=fng (733,815) s2=fng (1514,814) [filtered=601]
cnt=3 s0=PALM(4378,2410)* s1=fng (730,808) s2=fng (1511,806) [filtered=602]
cnt=3 s0=PALM(4379,2410)* s1=fng (728,802) s2=fng (1508,800) [filtered=603]
cnt=3 s0=PALM(4380,2410)* s1=fng (726,796) s2=fng (1505,794) [filtered=604]
cnt=3 s0=PALM(4381,2410)* s1=fng (724,792) s2=fng (1503,790) [filtered=605]
cnt=3 s0=PALM(4382,2410)* s1=fng (722,788) s2=fng (1501,786) [filtered=606]
cnt=3 s0=PALM(4383,2410)* s1=fng (720,785) s2=fng (1499,783) [filtered=607]
cnt=3 s0=PALM(4383,2410)* s1=fng (718,782) s2=fng (1497,780) [filtered=608]
cnt=3 s0=PALM(4384,2410)* s1=fng (717,780) s2=fng (1495,779) [filtered=609]
cnt=3 s0=PALM(4385,2410)* s1=fng (717,778) s2=fng (1495,783) [filtered=610]
cnt=3 s0=PALM(4386,2410)* s1=fng (717,776) s2=fng (1496,787) [filtered=611]
cnt=3 s0=PALM(4387,2410)* s1=fng (716,775) s2=fng (1496,794) [filtered=612]
cnt=3 s0=PALM(4388,2410)* s1=fng (715,775) s2=fng (1500,804) [filtered=613]
cnt=3 s0=PALM(4388,2410)* s1=fng (714,775) s2=fng (1502,814) [filtered=614]
cnt=3 s0=PALM(4389,2410)* s1=fng (717,781) s2=fng (1505,828) [filtered=615]
cnt=3 s0=PALM(4389,2410)* s1=fng (718,787) s2=fng (1508,841) [filtered=616]
cnt=3 s0=PALM(4389,2410)* s1=fng (721,798) s2=fng (1513,858) [filtered=617]
cnt=3 s0=PALM(4389,2410)* s1=fng (724,808) s2=fng (1517,875) [filtered=618]
cnt=3 s0=PALM(4390,2410)* s1=fng (729,822) s2=fng (1524,897) [filtered=619]
cnt=3 s0=PALM(4391,2410)* s1=fng (736,837) s2=fng (1533,925) [filtered=620]
cnt=3 s0=PALM(4391,2410)* s1=fng (743,851) s2=fng (1542,952) [filtered=621]
cnt=3 s0=PALM(4391,2410)* s1=fng (752,870) s2=fng (1553,985) [filtered=622]
cnt=3 s0=PALM(4391,2410)* s1=fng (760,888) s2=fng (1563,1018) [filtered=623]
cnt=3 s0=PALM(4391,2410)* s1=fng (773,915) s2=fng (1576,1056) [filtered=624]
cnt=3 s0=PALM(4391,2410)* s1=fng (790,951) s2=fng (1592,1099) [filtered=625]
cnt=3 s0=PALM(4391,2410)* s1=fng (807,986) s2=fng (1608,1142) [filtered=626]
cnt=3 s0=PALM(4391,2410)* s1=fng (824,1021) s2=fng (1626,1188) [filtered=627]
cnt=3 s0=PALM(4391,2410)* s1=fng (840,1056) s2=fng (1643,1234) [filtered=628]
cnt=3 s0=PALM(4392,2410)* s1=fng (858,1093) s2=fng (1662,1280) [filtered=629]
cnt=3 s0=PALM(4392,2410)* s1=fng (880,1136) s2=fng (1681,1325) [filtered=630]
cnt=3 s0=PALM(4392,2410)* s1=fng (901,1179) s2=fng (1699,1369) [filtered=631]
cnt=3 s0=PALM(4392,2410)* s1=fng (926,1224) s2=fng (1718,1413) [filtered=632]
cnt=3 s0=PALM(4392,2410)* s1=fng (950,1268) s2=fng (1736,1456) [filtered=633]
cnt=3 s0=PALM(4392,2410)* s1=fng (975,1311) s2=fng (1754,1497) [filtered=634]
cnt=3 s0=PALM(4392,2410)* s1=fng (1000,1352) s2=fng (1771,1536) [filtered=635]
cnt=3 s0=PALM(4392,2410)* s1=fng (1024,1392) s2=fng (1787,1574) [filtered=636]
cnt=3 s0=PALM(4393,2410)* s1=fng (1046,1429) s2=fng (1802,1610) [filtered=637]
cnt=3 s0=PALM(4393,2410)* s1=fng (1068,1466) s2=fng (1817,1646) [filtered=638]
cnt=3 s0=PALM(4393,2410)* s1=fng (1087,1499) s2=fng (1830,1678) [filtered=639]
cnt=3 s0=PALM(4393,2410)* s1=fng (1102,1527) s2=fng (1841,1706) [filtered=640]
cnt=3 s0=PALM(4393,2410)* s1=fng (1117,1555) s2=fng (1852,1734) [filtered=641]
cnt=3 s0=PALM(4393,2410)* s1=fng (1129,1577) s2=fng (1862,1759) [filtered=642]
cnt=3 s0=PALM(4393,2410)* s1=fng (1141,1599) s2=fng (1872,1784) [filtered=643]
cnt=3 s0=PALM(4393,2410)* s1=fng (1149,1617) s2=fng (1880,1806) [filtered=644]
cnt=3 s0=PALM(4393,2410)* s1=fng (1155,1631) s2=fng (1886,1824) [filtered=645]
cnt=3 s0=PALM(4393,2410)* s1=fng (1161,1645) s2=fng (1892,1842) [filtered=646]
cnt=3 s0=PALM(4394,2410)* s1=fng (1165,1656) s2=fng (1897,1856) [filtered=647]
cnt=3 s0=PALM(4394,2410)* s1=fng (1169,1667) s2=fng (1902,1870) [filtered=648]
cnt=3 s0=PALM(4395,2410)* s1=fng (1172,1675) s2=fng (1906,1881) [filtered=649]
cnt=3 s0=PALM(4395,2410)* s1=fng (1174,1681) s2=fng (1908,1889) [filtered=650]
cnt=3 s0=PALM(4395,2410)* s1=fng (1176,1687) s2=fng (1910,1897) [filtered=651]
cnt=3 s0=PALM(4396,2410)* s1=fng (1177,1691) s2=fng (1912,1903) [filtered=652]
cnt=3 s0=PALM(4396,2410)* s1=fng (1178,1695) s2=fng (1914,1909) [filtered=653]
cnt=3 s0=PALM(4397,2410)* s1=fng (1178,1698) s2=fng (1915,1913) [filtered=654]
cnt=3 s0=PALM(4398,2410)* s1=fng (1178,1700) s2=fng (1915,1915) [filtered=655]
cnt=3 s0=PALM(4399,2410)* s1=fng (1178,1702) s2=fng (1915,1917) [filtered=656]
cnt=3 s0=PALM(4400,2411)* s1=fng (1178,1702) s2=fng (1915,1918) [filtered=657]
cnt=3 s0=PALM(4402,2411)* s1=fng (1178,1702) s2=fng (1915,1918) [filtered=658]
cnt=3 s0=PALM(4403,2411)* s1=fng (1178,1702) s2=fng (1915,1918) [filtered=659]
cnt=3 s0=PALM(4406,2412) s1=fng (1178,1702) s2=fng (1915,1918) [filtered=660]
cnt=3 s0=PALM(4409,2413) s1=fng (1178,1702) s2=fng (1915,1918) [filtered=661]
cnt=3 s0=PALM(4411,2413) s1=fng (1178,1702) s2=fng (1915,1918) [filtered=662]
cnt=3 s0=PALM(4415,2414) s1=fng (1174,1698) s2=fng (1915,1918) [filtered=663]
cnt=3 s0=PALM(4420,2416) s1=fng (1169,1693) s2=fng (1912,1915) [filtered=664]
cnt=3 s0=PALM(4426,2418) s1=fng (1162,1686) s2=fng (1908,1910) [filtered=665]
cnt=3 s0=PALM(4431,2419) s1=fng (1155,1679) s2=fng (1904,1905) [filtered=666]
cnt=3 s0=PALM(4438,2421) s1=fng (1147,1671) s2=fng (1898,1899) [filtered=667]
cnt=3 s0=PALM(4447,2425) s1=fng (1139,1663) s2=fng (1892,1891) [filtered=668]
cnt=3 s0=PALM(4458,2430) s1=fng (1131,1656) s2=fng (1884,1882) [filtered=669]
cnt=3 s0=PALM(4469,2435) s1=fng (1123,1649) s2=fng (1876,1873) [filtered=670]
cnt=2 s0=PALM(4480,2443) s2=fng (1867,1863) [filtered=671]
cnt=2 s0=PALM(4492,2453) s2=fng (1858,1853) [filtered=672]
cnt=2 s0=PALM(4492,2453) s2=fng (1852,1847) [filtered=673]
cnt=1 s2=fng (1852,1847) [filtered=673]
cnt=2 s0=fng (697,1101) s1=fng (1533,1199) [filtered=673]
cnt=2 s0=fng (697,1101) s1=fng (1533,1199) [filtered=673]
cnt=2 s0=fng (697,1100) s1=fng (1533,1198) [filtered=673]
cnt=2 s0=fng (697,1098) s1=fng (1533,1197) [filtered=673]
cnt=2 s0=fng (697,1095) s1=fng (1533,1195) [filtered=673]
cnt=2 s0=fng (697,1091) s1=fng (1533,1193) [filtered=673]
cnt=2 s0=fng (697,1088) s1=fng (1533,1192) [filtered=673]
cnt=2 s0=fng (697,1081) s1=fng (1533,1190) [filtered=673]
cnt=2 s0=fng (697,1071) s1=fng (1532,1183) [filtered=673]
cnt=2 s0=fng (696,1060) s1=fng (1531,1173) [filtered=673]
cnt=2 s0=fng (696,1047) s1=fng (1529,1161) [filtered=673]
cnt=2 s0=fng (696,1035) s1=fng (1528,1150) [filtered=673]
cnt=2 s0=fng (695,1021) s1=fng (1526,1136) [filtered=673]
cnt=2 s0=fng (693,1005) s1=fng (1523,1118) [filtered=673]
cnt=2 s0=fng (691,987) s1=fng (1519,1097) [filtered=673]
cnt=2 s0=fng (690,970) s1=fng (1516,1076) [filtered=673]
cnt=2 s0=fng (688,951) s1=fng (1511,1052) [filtered=673]
cnt=2 s0=fng (685,930) s1=fng (1506,1025) [filtered=673]
cnt=2 s0=fng (680,907) s1=fng (1501,996) [filtered=673]
cnt=2 s0=fng (675,883) s1=fng (1495,963) [filtered=673]
cnt=2 s0=fng (671,859) s1=fng (1490,930) [filtered=673]
cnt=2 s0=fng (666,834) s1=fng (1484,896) [filtered=673]
cnt=2 s0=fng (661,809) s1=fng (1477,862) [filtered=673]
cnt=2 s0=fng (655,784) s1=fng (1471,827) [filtered=673]
cnt=2 s0=fng (650,760) s1=fng (1466,792) [filtered=673]
cnt=2 s0=fng (644,735) s1=fng (1460,757) [filtered=673]
cnt=2 s0=fng (637,710) s1=fng (1453,722) [filtered=673]
cnt=2 s0=fng (629,685) s1=fng (1446,686) [filtered=673]
cnt=2 s0=fng (621,660) s1=fng (1439,650) [filtered=673]
cnt=2 s0=fng (614,636) s1=fng (1433,614) [filtered=673]
cnt=2 s0=fng (607,613) s1=fng (1426,579) [filtered=673]
cnt=2 s0=fng (599,590) s1=fng (1420,545) [filtered=673]
cnt=2 s0=fng (591,567) s1=fng (1414,512) [filtered=673]
cnt=2 s0=fng (583,543) s1=fng (1409,479) [filtered=673]
cnt=2 s0=fng (576,520) s1=fng (1405,446) [filtered=673]
cnt=2 s0=fng (567,495) s1=fng (1401,415) [filtered=673]
cnt=2 s0=fng (557,465) s1=fng (1396,386) [filtered=673]
cnt=2 s0=fng (545,429) s1=fng (1391,357) [filtered=673]
cnt=2 s0=fng (534,395) s1=fng (1386,329) [filtered=673]
cnt=2 s0=fng (524,362) s1=fng (1382,302) [filtered=673]
cnt=2 s0=fng (515,333) s1=fng (1379,276) [filtered=673]
cnt=1 s1=fng (1376,252) [filtered=673]
cnt=1 s1=fng (1373,231) [filtered=673]
cnt=1 s1=fng (1369,213) [filtered=673]
cnt=1 s1=fng (1366,196) [filtered=673]
cnt=1 s1=fng (1362,180) [filtered=673]
cnt=1 s1=fng (1357,166) [filtered=673]
cnt=1 s1=fng (1352,146) [filtered=673]
cnt=1 s1=fng (1348,127) [filtered=673]
cnt=1 s1=fng (1342,109) [filtered=673]
cnt=1 s1=fng (1335,93) [filtered=673]
cnt=1 s1=fng (1328,78) [filtered=673]
cnt=1 s1=fng (1320,65) [filtered=673]
cnt=1 s1=fng (1313,53) [filtered=673]
cnt=1 s1=fng (1306,42) [filtered=673]
cnt=1 s1=fng (1300,33) [filtered=673]
cnt=1 s0=fng (4565,1565) [filtered=673]
cnt=1 s0=fng (4564,1564) [filtered=673]
cnt=1 s0=fng (4563,1563) [filtered=673]
cnt=1 s0=fng (4563,1563) [filtered=673]
cnt=1 s0=fng (4563,1563) [filtered=673]
cnt=1 s0=fng (4563,1563) [filtered=673]
cnt=1 s0=fng (4563,1563) [filtered=673]
cnt=1 s0=fng (4563,1563) [filtered=673]
cnt=1 s0=fng (4563,1563) [filtered=673]
cnt=1 s0=fng (4563,1563) [filtered=673]
cnt=1 s0=fng (4563,1563) [filtered=673]
cnt=1 s0=fng (4563,1563) [filtered=673]
cnt=1 s0=fng (4563,1563) [filtered=673]
cnt=1 s0=fng (4563,1563) [filtered=673]
cnt=1 s0=fng (4563,1563) [filtered=673]
cnt=1 s0=fng (4563,1563) [filtered=673]
cnt=1 s0=fng (4563,1563) [filtered=673]
cnt=1 s0=fng (4563,1563) [filtered=673]
cnt=1 s0=fng (4563,1563) [filtered=673]
cnt=1 s0=fng (4563,1563) [filtered=673]
cnt=1 s0=fng (4563,1563) [filtered=673]
cnt=1 s0=fng (4563,1563) [filtered=673]
cnt=1 s0=fng (4563,1563) [filtered=673]
cnt=1 s0=fng (4563,1563) [filtered=673]
cnt=1 s0=fng (4563,1563) [filtered=673]
cnt=1 s0=fng (4563,1563) [filtered=673]
cnt=1 s0=fng (4563,1563) [filtered=673]
cnt=1 s0=fng (4563,1563) [filtered=673]
cnt=1 s0=fng (4563,1563) [filtered=673]
cnt=1 s0=fng (4563,1563) [filtered=673]
cnt=1 s0=fng (4563,1563)* [filtered=673]
cnt=1 s0=fng (4563,1563)* [filtered=673]
cnt=1 s0=fng (4563,1563)* [filtered=673]
cnt=1 s0=fng (4563,1563)* [filtered=673]
cnt=1 s0=fng (4563,1563)* [filtered=673]
cnt=1 s0=fng (4563,1563)* [filtered=673]
cnt=1 s0=fng (4563,1563)* [filtered=673]
cnt=1 s0=fng (4563,1563)* [filtered=673]
cnt=1 s0=fng (4563,1563)* [filtered=673]
cnt=1 s0=fng (4563,1563)* [filtered=673]
cnt=1 s0=fng (4563,1563)* [filtered=673]
cnt=1 s0=fng (4563,1563)* [filtered=673]
cnt=1 s0=fng (4563,1563)* [filtered=673]
cnt=1 s0=fng (4563,1563)* [filtered=673]
cnt=1 s0=fng (4563,1563)* [filtered=673]
cnt=1 s0=fng (4563,1563)* [filtered=673]
cnt=1 s0=fng (4563,1563)* [filtered=673]
cnt=1 s0=fng (4563,1563)* [filtered=673]
cnt=1 s0=fng (4563,1563)* [filtered=673]
cnt=1 s0=fng (4563,1563)* [filtered=673]
cnt=1 s0=fng (4563,1563)* [filtered=673]
cnt=1 s0=fng (4563,1563)* [filtered=673]
cnt=1 s0=fng (4563,1563)* [filtered=673]
cnt=1 s0=fng (4563,1563)* [filtered=673]
cnt=1 s0=fng (4563,1563)* [filtered=673]
cnt=1 s0=fng (4563,1563)* [filtered=673]
cnt=1 s0=fng (4563,1563)* [filtered=673]
cnt=1 s0=fng (4563,1563)* [filtered=673]
cnt=1 s0=fng (4563,1563)* [filtered=673]
cnt=1 s0=fng (4563,1563)* [filtered=673]
cnt=1 s0=fng (4563,1563)* [filtered=673]
cnt=1 s0=fng (4563,1563)* [filtered=673]
cnt=1 s0=fng (4563,1563)* [filtered=673]
cnt=1 s0=fng (4563,1563)* [filtered=673]
cnt=1 s0=fng (4563,1563)* [filtered=673]
cnt=1 s0=fng (4563,1563)* [filtered=673]
cnt=1 s0=fng (4563,1563)* [filtered=673]
cnt=1 s0=fng (4563,1563)* [filtered=673]
cnt=1 s0=fng (4563,1563)* [filtered=673]
cnt=1 s0=fng (4563,1563)* [filtered=673]
cnt=1 s0=fng (4563,1563)* [filtered=673]
cnt=1 s0=fng (4563,1563)* [filtered=673]
cnt=1 s0=fng (4563,1563)* [filtered=673]
cnt=1 s0=fng (4563,1563)* [filtered=673]
cnt=1 s0=fng (4563,1563)* [filtered=673]
cnt=1 s0=fng (4563,1563)* [filtered=673]
cnt=1 s0=fng (4563,1563)* [filtered=673]
cnt=1 s0=fng (4563,1563)* [filtered=673]
cnt=1 s0=fng (4563,1563)* [filtered=673]
cnt=1 s0=fng (4563,1563)* [filtered=673]
cnt=1 s0=fng (4563,1563)* [filtered=673]
cnt=1 s0=fng (4563,1563)* [filtered=673]
cnt=1 s0=fng (4563,1563)* [filtered=673]
cnt=1 s0=fng (4563,1563)* [filtered=673]
cnt=1 s0=fng (4563,1563)* [filtered=673]
cnt=1 s0=fng (4563,1563)* [filtered=673]
cnt=1 s0=fng (4563,1563)* [filtered=673]
cnt=1 s0=fng (4563,1563)* [filtered=673]
cnt=1 s0=fng (4563,1563)* [filtered=673]
cnt=1 s0=fng (4563,1563)* [filtered=673]
cnt=1 s0=fng (4563,1563)* [filtered=673]
cnt=1 s0=fng (4563,1563)* [filtered=673]
cnt=1 s0=fng (4563,1563)* [filtered=673]
cnt=1 s0=fng (4563,1563)* [filtered=673]
cnt=1 s0=fng (4563,1563)* [filtered=673]
cnt=1 s0=fng (4563,1563)* [filtered=673]
cnt=1 s0=fng (4563,1563)* [filtered=673]
cnt=1 s0=fng (4563,1563)* [filtered=673]
cnt=1 s0=fng (4563,1563)* [filtered=673]
cnt=1 s0=fng (4563,1563)* [filtered=673]
cnt=1 s0=fng (4563,1563)* [filtered=673]
cnt=1 s0=fng (4563,1563)* [filtered=673]
cnt=1 s0=fng (4563,1563)* [filtered=673]
cnt=1 s0=fng (4563,1563)* [filtered=673]
cnt=1 s0=fng (4563,1563)* [filtered=673]
cnt=1 s0=fng (4563,1563)* [filtered=673]
cnt=1 s0=fng (4563,1563)* [filtered=673]
cnt=1 s0=fng (4563,1563)* [filtered=673]
cnt=1 s0=fng (4563,1563)* [filtered=673]
cnt=1 s0=fng (4563,1563)* [filtered=673]
cnt=1 s0=fng (4563,1563)* [filtered=673]
cnt=1 s0=fng (4563,1563)* [filtered=673]
cnt=1 s0=fng (4563,1563)* [filtered=673]
cnt=2 s0=PALM(4563,1563)* s1=PALM(28,1977) [filtered=674]
cnt=2 s0=PALM(4563,1563)* s1=PALM(28,1977) [filtered=675]
cnt=2 s0=PALM(4563,1563)* s1=PALM(28,1977) [filtered=676]
cnt=2 s0=PALM(4563,1563)* s1=PALM(28,1978) [filtered=677]
cnt=2 s0=PALM(4563,1563)* s1=PALM(28,1978) [filtered=678]
cnt=2 s0=PALM(4563,1563)* s1=PALM(28,1979) [filtered=679]
cnt=2 s0=PALM(4563,1563)* s1=PALM(28,1980) [filtered=680]
cnt=2 s0=PALM(4563,1563)* s1=PALM(28,1980) [filtered=681]
cnt=2 s0=PALM(4563,1563)* s1=PALM(28,1981) [filtered=682]
cnt=2 s0=PALM(4563,1563)* s1=PALM(28,1982) [filtered=683]
cnt=2 s0=PALM(4563,1563)* s1=PALM(28,1983) [filtered=684]
cnt=2 s0=PALM(4563,1563)* s1=PALM(28,1984) [filtered=685]
cnt=2 s0=PALM(4563,1563)* s1=PALM(28,1984) [filtered=686]
cnt=2 s0=PALM(4563,1563)* s1=PALM(28,1985) [filtered=687]
cnt=2 s0=PALM(4563,1563)* s1=PALM(28,1986) [filtered=688]
cnt=2 s0=PALM(4563,1563)* s1=PALM(28,1987) [filtered=689]
cnt=2 s0=PALM(4563,1563)* s1=PALM(28,1988) [filtered=690]
cnt=2 s0=PALM(4563,1563)* s1=PALM(28,1989) [filtered=691]
cnt=2 s0=PALM(4563,1563)* s1=PALM(28,1990) [filtered=692]
cnt=2 s0=PALM(4563,1563)* s1=PALM(28,1991) [filtered=693]
cnt=2 s0=PALM(4563,1563)* s1=PALM(28,1993) [filtered=694]
cnt=2 s0=PALM(4563,1563)* s1=PALM(28,1994) [filtered=695]
cnt=2 s0=PALM(4563,1563)* s1=PALM(28,1995) [filtered=696]
cnt=2 s0=PALM(4563,1563)* s1=PALM(28,1998) [filtered=697]
cnt=2 s0=PALM(4563,1563)* s1=PALM(28,2001) [filtered=698]
cnt=2 s0=PALM(4563,1563)* s1=PALM(28,2004) [filtered=699]
cnt=2 s0=PALM(4563,1563)* s1=PALM(28,2006) [filtered=700]
cnt=2 s0=PALM(4563,1563)* s1=PALM(28,2009) [filtered=701]
cnt=2 s0=PALM(4563,1563)* s1=PALM(28,2012) [filtered=702]
cnt=2 s0=PALM(4563,1563)* s1=PALM(28,2015) [filtered=703]
cnt=2 s0=PALM(4563,1563)* s1=PALM(28,2018)* [filtered=704]
cnt=2 s0=PALM(4563,1563)* s1=PALM(28,2020)* [filtered=705]
cnt=2 s0=PALM(4563,1563)* s1=PALM(28,2021)* [filtered=706]
cnt=2 s0=PALM(4563,1563)* s1=PALM(28,2023)* [filtered=707]
cnt=2 s0=PALM(4563,1563)* s1=PALM(28,2025)* [filtered=708]
cnt=2 s0=PALM(4563,1563)* s1=PALM(28,2026)* [filtered=709]
cnt=2 s0=PALM(4563,1563)* s1=PALM(28,2028)* [filtered=710]
cnt=2 s0=PALM(4563,1563)* s1=PALM(29,2030)* [filtered=711]
cnt=2 s0=PALM(4563,1563)* s1=PALM(30,2032)* [filtered=712]
cnt=2 s0=PALM(4563,1563)* s1=PALM(31,2034)* [filtered=713]
cnt=2 s0=PALM(4563,1563)* s1=PALM(31,2035)* [filtered=714]
cnt=2 s0=PALM(4563,1563)* s1=PALM(32,2037)* [filtered=715]
cnt=2 s0=PALM(4563,1563)* s1=PALM(33,2039)* [filtered=716]
cnt=2 s0=PALM(4563,1563)* s1=PALM(34,2042) [filtered=717]
cnt=2 s0=PALM(4563,1563)* s1=PALM(34,2043) [filtered=718]
cnt=2 s0=PALM(4563,1563)* s1=PALM(35,2045) [filtered=719]
cnt=2 s0=PALM(4563,1563)* s1=PALM(36,2047) [filtered=720]
cnt=2 s0=PALM(4563,1563)* s1=PALM(37,2050) [filtered=721]
cnt=2 s0=PALM(4563,1563)* s1=PALM(38,2052) [filtered=722]
cnt=2 s0=PALM(4563,1563)* s1=PALM(39,2053) [filtered=723]
cnt=2 s0=PALM(4563,1563)* s1=PALM(40,2055) [filtered=724]
cnt=2 s0=PALM(4563,1563)* s1=PALM(41,2057) [filtered=725]
cnt=2 s0=PALM(4563,1563)* s1=PALM(42,2059) [filtered=726]
cnt=2 s0=PALM(4563,1563)* s1=PALM(43,2061) [filtered=727]
cnt=2 s0=PALM(4563,1563)* s1=PALM(43,2062) [filtered=728]
cnt=2 s0=PALM(4563,1563)* s1=PALM(43,2063) [filtered=729]
cnt=2 s0=PALM(4563,1563)* s1=PALM(44,2065) [filtered=730]
cnt=2 s0=PALM(4563,1563)* s1=PALM(45,2066) [filtered=731]
cnt=2 s0=PALM(4563,1563)* s1=PALM(45,2067) [filtered=732]
cnt=2 s0=PALM(4563,1563)* s1=PALM(46,2068) [filtered=733]
cnt=2 s0=PALM(4563,1563)* s1=PALM(46,2069) [filtered=734]
cnt=2 s0=PALM(4563,1563)* s1=PALM(46,2070) [filtered=735]
cnt=2 s0=PALM(4563,1563)* s1=PALM(46,2071) [filtered=736]
cnt=2 s0=PALM(4563,1563)* s1=PALM(46,2072) [filtered=737]
cnt=2 s0=PALM(4563,1563)* s1=PALM(46,2073) [filtered=738]
cnt=2 s0=PALM(4563,1563)* s1=PALM(46,2074) [filtered=739]
cnt=2 s0=PALM(4563,1563)* s1=PALM(46,2075) [filtered=740]
cnt=2 s0=PALM(4563,1563)* s1=PALM(46,2076) [filtered=741]
cnt=2 s0=PALM(4563,1563)* s1=PALM(46,2077) [filtered=742]
cnt=2 s0=PALM(4563,1563)* s1=PALM(46,2078) [filtered=743]
cnt=2 s0=PALM(4563,1563)* s1=PALM(46,2079) [filtered=744]
cnt=2 s0=PALM(4563,1563)* s1=PALM(46,2081) [filtered=745]
cnt=2 s0=PALM(4563,1563)* s1=PALM(46,2082) [filtered=746]
cnt=2 s0=PALM(4563,1563)* s1=PALM(46,2083) [filtered=747]
cnt=2 s0=PALM(4563,1563)* s1=PALM(46,2084) [filtered=748]
cnt=2 s0=PALM(4563,1563)* s1=PALM(46,2085) [filtered=749]
cnt=2 s0=PALM(4563,1563)* s1=PALM(46,2086) [filtered=750]
cnt=2 s0=PALM(4563,1563)* s1=PALM(46,2087)* [filtered=751]
cnt=2 s0=PALM(4563,1563)* s1=PALM(46,2088)* [filtered=752]
cnt=2 s0=PALM(4563,1563)* s1=PALM(46,2089)* [filtered=753]
cnt=2 s0=PALM(4563,1563)* s1=PALM(46,2090)* [filtered=754]
cnt=2 s0=PALM(4563,1563)* s1=PALM(46,2091)* [filtered=755]
cnt=2 s0=PALM(4563,1563)* s1=PALM(46,2092)* [filtered=756]
cnt=2 s0=PALM(4563,1563)* s1=PALM(46,2093)* [filtered=757]
cnt=2 s0=PALM(4563,1563)* s1=PALM(46,2093)* [filtered=758]
cnt=2 s0=PALM(4563,1563)* s1=PALM(46,2094)* [filtered=759]
cnt=2 s0=PALM(4563,1563)* s1=PALM(46,2094)* [filtered=760]
cnt=2 s0=PALM(4563,1563)* s1=PALM(46,2094)* [filtered=761]
cnt=2 s0=PALM(4563,1563)* s1=PALM(46,2094)* [filtered=762]
cnt=2 s0=PALM(4563,1563)* s1=PALM(46,2094)* [filtered=763]
cnt=2 s0=PALM(4563,1563)* s1=PALM(45,2094)* [filtered=764]
cnt=2 s0=PALM(4563,1563)* s1=PALM(45,2094)* [filtered=765]
cnt=2 s0=PALM(4563,1563)* s1=PALM(44,2094)* [filtered=766]
cnt=2 s0=PALM(4563,1563)* s1=PALM(43,2094)* [filtered=767]
cnt=2 s0=PALM(4563,1563)* s1=PALM(42,2094)* [filtered=768]
cnt=2 s0=PALM(4563,1563)* s1=PALM(41,2094)* [filtered=769]
cnt=2 s0=PALM(4563,1563)* s1=PALM(40,2094)* [filtered=770]
cnt=2 s0=PALM(4563,1563)* s1=PALM(39,2094)* [filtered=771]
cnt=2 s0=PALM(4563,1563)* s1=PALM(38,2094)* [filtered=772]
cnt=2 s0=PALM(4563,1563)* s1=PALM(37,2094)* [filtered=773]
cnt=2 s0=PALM(4563,1563)* s1=PALM(36,2094)* [filtered=774]
cnt=2 s0=PALM(4563,1563)* s1=PALM(36,2094)* [filtered=775]
cnt=2 s0=PALM(4563,1563)* s1=PALM(36,2094)* [filtered=776]
cnt=2 s0=PALM(4563,1563)* s1=PALM(35,2095)* [filtered=777]
cnt=2 s0=PALM(4563,1563)* s1=PALM(34,2095)* [filtered=778]
cnt=2 s0=PALM(4563,1563)* s1=PALM(33,2095)* [filtered=779]
cnt=2 s0=PALM(4563,1563)* s1=PALM(33,2096)* [filtered=780]
cnt=2 s0=PALM(4563,1563)* s1=PALM(33,2097)* [filtered=781]
cnt=2 s0=PALM(4563,1563)* s1=PALM(33,2098)* [filtered=782]
cnt=2 s0=PALM(4563,1563)* s1=PALM(33,2099)* [filtered=783]
cnt=2 s0=PALM(4563,1563)* s1=PALM(33,2100)* [filtered=784]
cnt=2 s0=PALM(4563,1563)* s1=PALM(33,2101)* [filtered=785]
cnt=2 s0=PALM(4563,1563)* s1=PALM(33,2102)* [filtered=786]
cnt=2 s0=PALM(4563,1563)* s1=PALM(33,2103)* [filtered=787]
cnt=2 s0=PALM(4563,1563)* s1=PALM(33,2104)* [filtered=788]
cnt=2 s0=PALM(4563,1563)* s1=PALM(33,2104)* [filtered=789]
cnt=2 s0=PALM(4563,1563)* s1=PALM(33,2105)* [filtered=790]
cnt=2 s0=PALM(4563,1563)* s1=PALM(33,2105)* [filtered=791]
cnt=2 s0=PALM(4563,1563)* s1=PALM(33,2106)* [filtered=792]
cnt=2 s0=PALM(4563,1563)* s1=PALM(33,2106)* [filtered=793]
cnt=2 s0=PALM(4563,1563)* s1=PALM(33,2106)* [filtered=794]
cnt=2 s0=PALM(4563,1563)* s1=PALM(33,2107)* [filtered=795]
cnt=2 s0=PALM(4563,1563)* s1=PALM(33,2107)* [filtered=796]
cnt=2 s0=PALM(4563,1563)* s1=PALM(33,2107)* [filtered=797]
cnt=2 s0=PALM(4563,1563)* s1=PALM(33,2107)* [filtered=798]
cnt=2 s0=PALM(4563,1563)* s1=PALM(33,2107)* [filtered=799]
cnt=2 s0=PALM(4563,1563)* s1=PALM(33,2107)* [filtered=800]
cnt=2 s0=PALM(4563,1563)* s1=PALM(32,2107)* [filtered=801]
cnt=2 s0=PALM(4563,1563)* s1=PALM(32,2107)* [filtered=802]
cnt=2 s0=PALM(4563,1563)* s1=PALM(32,2107)* [filtered=803]
cnt=2 s0=PALM(4563,1563)* s1=PALM(32,2107)* [filtered=804]
cnt=2 s0=PALM(4563,1563)* s1=PALM(32,2107)* [filtered=805]
cnt=2 s0=PALM(4563,1563)* s1=PALM(32,2107)* [filtered=806]
cnt=2 s0=PALM(4563,1563)* s1=PALM(32,2107)* [filtered=807]
cnt=2 s0=PALM(4563,1563)* s1=PALM(32,2107)* [filtered=808]
cnt=2 s0=PALM(4563,1563)* s1=PALM(32,2107)* [filtered=809]
cnt=2 s0=PALM(4563,1563)* s1=PALM(32,2107)* [filtered=810]
cnt=2 s0=PALM(4563,1563)* s1=PALM(32,2107)* [filtered=811]
cnt=2 s0=PALM(4563,1563)* s1=PALM(32,2107)* [filtered=812]
cnt=2 s0=PALM(4563,1563)* s1=PALM(32,2107)* [filtered=813]
cnt=2 s0=PALM(4563,1563)* s1=PALM(32,2107)* [filtered=814]
cnt=2 s0=PALM(4563,1563)* s1=PALM(32,2107)* [filtered=815]
cnt=2 s0=PALM(4563,1563)* s1=PALM(32,2107)* [filtered=816]
cnt=2 s0=PALM(4563,1563)* s1=PALM(32,2107)* [filtered=817]
cnt=2 s0=PALM(4563,1563)* s1=PALM(32,2107)* [filtered=818]
cnt=1 s1=fng (32,2107)* [filtered=818]
cnt=1 s1=fng (31,2107)* [filtered=818]
cnt=1 s1=fng (31,2107)* [filtered=818]
cnt=1 s1=fng (31,2107)* [filtered=818]
cnt=1 s1=fng (31,2107)* [filtered=818]
cnt=1 s1=fng (31,2107)* [filtered=818]
cnt=1 s1=fng (31,2107)* [filtered=818]
cnt=1 s1=fng (31,2107)* [filtered=818]
cnt=1 s1=fng (31,2107)* [filtered=818]
cnt=1 s1=fng (31,2107)* [filtered=818]
cnt=1 s1=fng (31,2107)* [filtered=818]
cnt=1 s1=fng (31,2107)* [filtered=818]
cnt=1 s1=fng (31,2107)* [filtered=818]
cnt=1 s1=fng (31,2107)* [filtered=818]
cnt=1 s1=fng (31,2107)* [filtered=818]
cnt=1 s1=fng (31,2107)* [filtered=818]
cnt=1 s1=fng (31,2107)* [filtered=818]
cnt=1 s1=fng (31,2107)* [filtered=818]
cnt=1 s1=fng (31,2107)* [filtered=818]
cnt=1 s1=fng (31,2107)* [filtered=818]
cnt=1 s1=fng (31,2107)* [filtered=818]
cnt=1 s1=fng (31,2107)* [filtered=818]
cnt=1 s1=fng (31,2106)* [filtered=818]
cnt=1 s1=fng (31,2106)* [filtered=818]
cnt=1 s1=fng (31,2106)* [filtered=818]
cnt=1 s1=fng (31,2106)* [filtered=818]
cnt=1 s1=fng (31,2105)* [filtered=818]
cnt=1 s1=fng (31,2105)* [filtered=818]
cnt=1 s1=fng (31,2105)* [filtered=818]
cnt=1 s1=fng (31,2104)* [filtered=818]
cnt=1 s1=fng (31,2104)* [filtered=818]
cnt=1 s1=fng (31,2104)* [filtered=818]
cnt=1 s1=fng (31,2104)* [filtered=818]
cnt=1 s1=fng (31,2104)* [filtered=818]
cnt=1 s1=fng (31,2104)* [filtered=818]
cnt=1 s1=fng (31,2104)* [filtered=818]
cnt=1 s1=fng (31,2104)* [filtered=818]
cnt=1 s1=fng (31,2104)* [filtered=818]
cnt=1 s1=fng (31,2104)* [filtered=818]
cnt=1 s1=fng (31,2104)* [filtered=818]
cnt=1 s1=fng (31,2104)* [filtered=818]
cnt=1 s1=fng (31,2105)* [filtered=818]
cnt=1 s1=fng (31,2105)* [filtered=818]
cnt=1 s1=fng (31,2106)* [filtered=818]
cnt=1 s1=fng (31,2107)* [filtered=818]
cnt=1 s1=fng (31,2109)* [filtered=818]
cnt=1 s1=fng (31,2111)* [filtered=818]
cnt=1 s1=fng (31,2112)* [filtered=818]
cnt=1 s1=fng (31,2113)* [filtered=818]
cnt=1 s1=fng (31,2114)* [filtered=818]
cnt=1 s1=fng (31,2116)* [filtered=818]
cnt=1 s1=fng (31,2117)* [filtered=818]
cnt=1 s1=fng (31,2119)* [filtered=818]
cnt=1 s1=fng (31,2120)* [filtered=818]
cnt=1 s1=fng (31,2122)* [filtered=818]
cnt=1 s1=fng (31,2124)* [filtered=818]
cnt=1 s1=fng (31,2125)* [filtered=818]
cnt=1 s1=fng (31,2126)* [filtered=818]
cnt=1 s1=fng (31,2127)* [filtered=818]
cnt=1 s1=fng (31,2129)* [filtered=818]
cnt=1 s1=fng (31,2130)* [filtered=818]
cnt=1 s1=fng (31,2131)* [filtered=818]
cnt=1 s1=fng (31,2132)* [filtered=818]
cnt=1 s1=fng (31,2133)* [filtered=818]
cnt=1 s1=fng (31,2134)* [filtered=818]
cnt=1 s1=fng (31,2134)* [filtered=818]
cnt=1 s1=fng (31,2135)* [filtered=818]
cnt=1 s1=fng (31,2135)* [filtered=818]
cnt=1 s1=fng (31,2135)* [filtered=818]
cnt=1 s1=fng (31,2135)* [filtered=818]
cnt=1 s1=fng (31,2135)* [filtered=818]
cnt=1 s1=fng (31,2135)* [filtered=818]
cnt=1 s1=fng (31,2135)* [filtered=818]
cnt=1 s1=fng (31,2135)* [filtered=818]
cnt=1 s1=fng (31,2135)* [filtered=818]
cnt=1 s1=fng (31,2135)* [filtered=818]
cnt=1 s1=fng (31,2135)* [filtered=818]
cnt=1 s1=fng (31,2135)* [filtered=818]
cnt=1 s1=fng (31,2135)* [filtered=818]
cnt=1 s1=fng (31,2135)* [filtered=818]
cnt=1 s1=fng (31,2135)* [filtered=818]
cnt=1 s1=fng (31,2135)* [filtered=818]
cnt=1 s1=fng (31,2135)* [filtered=818]
cnt=1 s1=fng (31,2135)* [filtered=818]
cnt=1 s1=fng (31,2135)* [filtered=818]
cnt=1 s1=fng (31,2135)* [filtered=818]
cnt=1 s1=fng (31,2135)* [filtered=818]
cnt=1 s1=fng (31,2135)* [filtered=818]
cnt=1 s1=fng (31,2135)* [filtered=818]
cnt=1 s1=fng (31,2135)* [filtered=818]
cnt=1 s1=fng (31,2135)* [filtered=818]
cnt=1 s1=fng (31,2135)* [filtered=818]
cnt=1 s1=fng (31,2135)* [filtered=818]
cnt=1 s1=fng (31,2135)* [filtered=818]
cnt=1 s1=fng (31,2135)* [filtered=818]
cnt=1 s1=fng (31,2135)* [filtered=818]
cnt=1 s1=fng (31,2135)* [filtered=818]
cnt=1 s1=fng (31,2135)* [filtered=818]
cnt=1 s1=fng (31,2135)* [filtered=818]
cnt=1 s1=fng (31,2135)* [filtered=818]
cnt=1 s1=fng (31,2135)* [filtered=818]
cnt=1 s1=fng (31,2134)* [filtered=818]
cnt=1 s1=fng (31,2134)* [filtered=818]
cnt=1 s1=fng (31,2134)* [filtered=818]
cnt=1 s1=fng (31,2133)* [filtered=818]
cnt=1 s1=fng (31,2132)* [filtered=818]
cnt=1 s1=fng (31,2132)* [filtered=818]
cnt=1 s1=fng (31,2131)* [filtered=818]
cnt=1 s1=fng (31,2131)* [filtered=818]
cnt=1 s1=fng (31,2131)* [filtered=818]
cnt=1 s1=fng (31,2130)* [filtered=818]
cnt=1 s1=fng (31,2129)* [filtered=818]
cnt=1 s1=fng (31,2129)* [filtered=818]
cnt=1 s1=fng (31,2129)* [filtered=818]
cnt=1 s1=fng (31,2129)* [filtered=818]
cnt=1 s1=fng (31,2128)* [filtered=818]
cnt=1 s1=fng (31,2128)* [filtered=818]
cnt=1 s1=fng (31,2128)* [filtered=818]
cnt=1 s1=fng (31,2128)* [filtered=818]
cnt=1 s1=fng (31,2128)* [filtered=818]
cnt=1 s1=fng (31,2128)* [filtered=818]
cnt=1 s1=fng (31,2128)* [filtered=818]
cnt=1 s1=fng (31,2128)* [filtered=818]
cnt=1 s1=fng (31,2127)* [filtered=818]
cnt=1 s1=fng (31,2127)* [filtered=818]
cnt=1 s1=fng (31,2127)* [filtered=818]
cnt=1 s1=fng (31,2127)* [filtered=818]
cnt=1 s1=fng (31,2127)* [filtered=818]
cnt=1 s1=fng (31,2126)* [filtered=818]
cnt=1 s1=fng (31,2126)* [filtered=818]
cnt=1 s1=fng (31,2125)* [filtered=818]
cnt=1 s1=fng (31,2124)* [filtered=818]
cnt=1 s1=fng (31,2124)* [filtered=818]
cnt=1 s1=fng (31,2123)* [filtered=818]
cnt=1 s1=fng (31,2122)* [filtered=818]
cnt=1 s1=fng (31,2121)* [filtered=818]
cnt=1 s1=fng (31,2120)* [filtered=818]
cnt=1 s1=fng (31,2119)* [filtered=818]
cnt=1 s1=fng (31,2117)* [filtered=818]
cnt=1 s1=fng (31,2115)* [filtered=818]
cnt=1 s1=fng (31,2113)* [filtered=818]
cnt=1 s1=fng (31,2112)* [filtered=818]
cnt=1 s1=fng (31,2110)* [filtered=818]
cnt=1 s1=fng (31,2108)* [filtered=818]
cnt=1 s1=fng (31,2106)* [filtered=818]
cnt=1 s1=fng (31,2103)* [filtered=818]
cnt=1 s1=fng (31,2102)* [filtered=818]
cnt=1 s1=fng (31,2100)* [filtered=818]
cnt=1 s1=fng (31,2097)* [filtered=818]
cnt=1 s1=fng (31,2094)* [filtered=818]
cnt=1 s1=fng (31,2093)* [filtered=818]
cnt=1 s1=fng (31,2091)* [filtered=818]
cnt=1 s1=fng (31,2088)* [filtered=818]
cnt=1 s1=fng (32,2084) [filtered=818]
cnt=1 s1=fng (33,2079) [filtered=818]
cnt=1 s1=fng (33,2076) [filtered=818]
cnt=1 s1=fng (34,2072) [filtered=818]
cnt=1 s1=fng (35,2068) [filtered=818]
cnt=2 s0=PALM(4731,1727) s1=PALM(36,2064) [filtered=819]
cnt=2 s0=PALM(4731,1727) s1=PALM(37,2061) [filtered=820]
cnt=2 s0=PALM(4731,1727) s1=PALM(38,2056) [filtered=821]
cnt=2 s0=PALM(4731,1727) s1=PALM(39,2051) [filtered=822]
cnt=2 s0=PALM(4731,1727) s1=PALM(40,2046) [filtered=823]
cnt=2 s0=PALM(4731,1727) s1=PALM(41,2041) [filtered=824]
cnt=2 s0=PALM(4731,1727) s1=PALM(41,2038) [filtered=825]
cnt=2 s0=PALM(4731,1726) s1=PALM(42,2034) [filtered=826]
cnt=2 s0=PALM(4731,1725) s1=PALM(42,2031) [filtered=827]
cnt=2 s0=PALM(4730,1724) s1=PALM(42,2028) [filtered=828]
cnt=2 s0=PALM(4730,1723) s1=PALM(42,2027) [filtered=829]
cnt=2 s0=PALM(4730,1723) s1=PALM(42,2026) [filtered=830]
cnt=2 s0=PALM(4730,1722) s1=PALM(42,2025) [filtered=831]
cnt=2 s0=PALM(4730,1721) s1=PALM(42,2024) [filtered=832]
cnt=2 s0=PALM(4729,1720) s1=PALM(42,2024) [filtered=833]
cnt=2 s0=PALM(4729,1720) s1=PALM(42,2024) [filtered=834]
cnt=2 s0=PALM(4728,1719) s1=PALM(42,2024) [filtered=835]
cnt=2 s0=PALM(4728,1718) s1=PALM(42,2025) [filtered=836]
cnt=2 s0=PALM(4728,1717) s1=PALM(42,2026) [filtered=837]
cnt=2 s0=PALM(4727,1716) s1=PALM(42,2028) [filtered=838]
cnt=2 s0=PALM(4727,1715) s1=PALM(42,2029) [filtered=839]
cnt=2 s0=PALM(4726,1714) s1=PALM(42,2032) [filtered=840]
cnt=2 s0=PALM(4725,1713) s1=PALM(42,2035) [filtered=841]
cnt=2 s0=PALM(4724,1712) s1=PALM(42,2039) [filtered=842]
cnt=2 s0=PALM(4723,1712) s1=PALM(41,2044) [filtered=843]
cnt=2 s0=PALM(4723,1712) s1=PALM(41,2047) [filtered=844]
cnt=2 s0=PALM(4722,1711) s1=PALM(40,2051) [filtered=845]
cnt=2 s0=PALM(4721,1710) s1=PALM(39,2055) [filtered=846]
cnt=2 s0=PALM(4720,1709) s1=PALM(38,2059) [filtered=847]
cnt=2 s0=PALM(4719,1709) s1=PALM(38,2062) [filtered=848]
cnt=2 s0=PALM(4718,1708)* s1=PALM(38,2064) [filtered=849]
cnt=2 s0=PALM(4717,1707)* s1=PALM(37,2066) [filtered=850]
cnt=2 s0=PALM(4716,1706)* s1=PALM(37,2066) [filtered=851]
cnt=2 s0=PALM(4715,1705)* s1=PALM(37,2067) [filtered=852]
cnt=2 s0=PALM(4715,1705)* s1=PALM(37,2067) [filtered=853]
cnt=2 s0=PALM(4715,1705)* s1=PALM(37,2067) [filtered=854]
cnt=2 s0=PALM(4714,1705)* s1=PALM(37,2066) [filtered=855]
cnt=2 s0=PALM(4713,1704)* s1=PALM(37,2065) [filtered=856]
cnt=2 s0=PALM(4712,1703)* s1=PALM(37,2063) [filtered=857]
cnt=2 s0=PALM(4712,1703)* s1=PALM(37,2062) [filtered=858]
cnt=2 s0=PALM(4711,1702)* s1=PALM(37,2060) [filtered=859]
cnt=2 s0=PALM(4711,1702)* s1=PALM(37,2058) [filtered=860]
cnt=2 s0=PALM(4711,1702)* s1=PALM(37,2056) [filtered=861]
cnt=2 s0=PALM(4711,1702)* s1=PALM(37,2055) [filtered=862]
cnt=2 s0=PALM(4710,1701)* s1=PALM(37,2053) [filtered=863]
cnt=2 s0=PALM(4710,1700)* s1=PALM(37,2052) [filtered=864]
cnt=2 s0=PALM(4710,1700)* s1=PALM(37,2050) [filtered=865]
cnt=2 s0=PALM(4709,1700)* s1=PALM(37,2049) [filtered=866]
cnt=2 s0=PALM(4709,1700)* s1=PALM(37,2048) [filtered=867]
cnt=2 s0=PALM(4708,1699)* s1=PALM(37,2047) [filtered=868]
cnt=2 s0=PALM(4707,1699)* s1=PALM(37,2046) [filtered=869]
cnt=2 s0=PALM(4706,1699)* s1=PALM(36,2045) [filtered=870]
cnt=2 s0=PALM(4705,1698)* s1=PALM(36,2044) [filtered=871]
cnt=2 s0=PALM(4705,1698)* s1=PALM(36,2044) [filtered=872]
cnt=2 s0=PALM(4705,1698)* s1=PALM(36,2043) [filtered=873]
cnt=2 s0=PALM(4705,1698)* s1=PALM(36,2042) [filtered=874]
cnt=2 s0=PALM(4705,1698)* s1=PALM(36,2041) [filtered=875]
cnt=2 s0=PALM(4705,1698)* s1=PALM(36,2041) [filtered=876]
cnt=2 s0=PALM(4705,1698)* s1=PALM(36,2040)* [filtered=877]
cnt=2 s0=PALM(4705,1698)* s1=PALM(36,2038)* [filtered=878]
cnt=2 s0=PALM(4705,1697)* s1=PALM(36,2036)* [filtered=879]
cnt=2 s0=PALM(4705,1697)* s1=PALM(36,2033)* [filtered=880]
cnt=2 s0=PALM(4705,1697)* s1=PALM(36,2032)* [filtered=881]
cnt=2 s0=PALM(4705,1696)* s1=PALM(36,2030)* [filtered=882]
cnt=2 s0=PALM(4705,1695)* s1=PALM(36,2027)* [filtered=883]
cnt=2 s0=PALM(4705,1695)* s1=PALM(36,2023) [filtered=884]
cnt=2 s0=PALM(4705,1695)* s1=PALM(36,2020) [filtered=885]
cnt=2 s0=PALM(4705,1694)* s1=PALM(36,2016) [filtered=886]
cnt=2 s0=PALM(4704,1694)* s1=PALM(36,2012) [filtered=887]
cnt=2 s0=PALM(4703,1693)* s1=PALM(36,2007) [filtered=888]
cnt=2 s0=PALM(4702,1693)* s1=PALM(36,2002) [filtered=889]
cnt=2 s0=PALM(4702,1693)* s1=PALM(36,1998) [filtered=890]
cnt=2 s0=PALM(4701,1692)* s1=PALM(37,1993) [filtered=891]
cnt=2 s0=PALM(4700,1691)* s1=PALM(38,1988) [filtered=892]
cnt=2 s0=PALM(4699,1691)* s1=PALM(38,1983) [filtered=893]
cnt=2 s0=PALM(4698,1691)* s1=PALM(38,1978) [filtered=894]
cnt=2 s0=PALM(4698,1691)* s1=PALM(38,1974) [filtered=895]
cnt=2 s0=PALM(4697,1691)* s1=PALM(38,1970) [filtered=896]
cnt=2 s0=PALM(4696,1691)* s1=PALM(38,1967) [filtered=897]
cnt=2 s0=PALM(4695,1691)* s1=PALM(38,1964) [filtered=898]
cnt=2 s0=PALM(4695,1691)* s1=PALM(38,1962) [filtered=899]
cnt=2 s0=PALM(4695,1691)* s1=PALM(38,1961) [filtered=900]
cnt=2 s0=PALM(4694,1691)* s1=PALM(38,1960) [filtered=901]
cnt=2 s0=PALM(4693,1691)* s1=PALM(38,1958) [filtered=902]
cnt=2 s0=PALM(4692,1691)* s1=PALM(38,1957) [filtered=903]
cnt=2 s0=PALM(4692,1691)* s1=PALM(38,1956) [filtered=904]
cnt=2 s0=PALM(4692,1692)* s1=PALM(38,1955) [filtered=905]
cnt=2 s0=PALM(4692,1693)* s1=PALM(38,1955) [filtered=906]
cnt=2 s0=PALM(4692,1694)* s1=PALM(38,1955) [filtered=907]
cnt=2 s0=PALM(4692,1694)* s1=PALM(38,1955) [filtered=908]
cnt=2 s0=PALM(4692,1694)* s1=PALM(38,1955) [filtered=909]
cnt=2 s0=PALM(4691,1695)* s1=PALM(38,1954) [filtered=910]
cnt=2 s0=PALM(4690,1696)* s1=PALM(38,1954) [filtered=911]
cnt=2 s0=PALM(4689,1697)* s1=PALM(38,1954) [filtered=912]
cnt=2 s0=PALM(4689,1698)* s1=PALM(38,1954) [filtered=913]
cnt=2 s0=PALM(4689,1698)* s1=PALM(38,1954) [filtered=914]
cnt=2 s0=PALM(4689,1699)* s1=PALM(38,1954) [filtered=915]
cnt=2 s0=PALM(4689,1700)* s1=PALM(38,1954) [filtered=916]
cnt=2 s0=PALM(4689,1701)* s1=PALM(38,1954) [filtered=917]
cnt=2 s0=PALM(4689,1702)* s1=PALM(38,1954) [filtered=918]
cnt=2 s0=PALM(4688,1703)* s1=PALM(38,1954) [filtered=919]
cnt=2 s0=PALM(4687,1704)* s1=PALM(37,1954) [filtered=920]
cnt=2 s0=PALM(4686,1705)* s1=PALM(36,1955) [filtered=921]
cnt=2 s0=PALM(4685,1706)* s1=PALM(35,1955) [filtered=922]
cnt=2 s0=PALM(4685,1707)* s1=PALM(34,1955) [filtered=923]
cnt=2 s0=PALM(4684,1708)* s1=PALM(34,1956) [filtered=924]
cnt=2 s0=PALM(4683,1709)* s1=PALM(34,1957) [filtered=925]
cnt=2 s0=PALM(4681,1709)* s1=PALM(33,1959)* [filtered=926]
cnt=2 s0=PALM(4679,1710)* s1=PALM(32,1961)* [filtered=927]
cnt=2 s0=PALM(4678,1710)* s1=PALM(32,1962)* [filtered=928]
cnt=2 s0=PALM(4677,1711)* s1=PALM(31,1964)* [filtered=929]
cnt=2 s0=PALM(4676,1712)* s1=PALM(30,1966)* [filtered=930]
cnt=2 s0=PALM(4676,1713)* s1=PALM(29,1968)* [filtered=931]
cnt=1 s0=fng (4676,1715)* [filtered=931]
cnt=1 s0=fng (4676,1716)* [filtered=931]
cnt=1 s0=fng (4676,1717)* [filtered=931]
cnt=1 s0=fng (4676,1718)* [filtered=931]
cnt=1 s0=fng (4676,1719)* [filtered=931]
cnt=1 s0=fng (4676,1720)* [filtered=931]
cnt=1 s0=fng (4676,1721)* [filtered=931]
cnt=1 s0=fng (4676,1722)* [filtered=931]
cnt=1 s0=fng (4676,1723)* [filtered=931]
cnt=1 s0=fng (4676,1724)* [filtered=931]
cnt=1 s0=fng (4676,1725)* [filtered=931]
cnt=1 s0=fng (4676,1726)* [filtered=931]
cnt=1 s0=fng (4676,1727)* [filtered=931]
cnt=1 s0=fng (4676,1728)* [filtered=931]
cnt=1 s0=fng (4676,1729)* [filtered=931]
cnt=1 s0=fng (4676,1729)* [filtered=931]
cnt=1 s0=fng (4676,1730)* [filtered=931]
cnt=1 s0=fng (4676,1731)* [filtered=931]
cnt=1 s0=fng (4676,1732)* [filtered=931]
cnt=1 s0=fng (4676,1732)* [filtered=931]
cnt=1 s0=fng (4676,1732)* [filtered=931]
cnt=1 s0=fng (4676,1733)* [filtered=931]
cnt=1 s0=fng (4676,1733)* [filtered=931]
cnt=1 s0=fng (4676,1734)* [filtered=931]
cnt=1 s0=fng (4676,1735)* [filtered=931]
cnt=1 s0=fng (4676,1735)* [filtered=931]
cnt=1 s0=fng (4676,1735)* [filtered=931]
cnt=1 s0=fng (4676,1736)* [filtered=931]
cnt=1 s0=fng (4676,1737)* [filtered=931]
cnt=1 s0=fng (4676,1737)* [filtered=931]
cnt=1 s0=fng (4676,1738)* [filtered=931]
cnt=1 s0=fng (4676,1739)* [filtered=931]
cnt=1 s0=fng (4676,1739)* [filtered=931]
cnt=1 s0=fng (4713,1709) [filtered=931]
cnt=1 s0=fng (4713,1708) [filtered=931]
cnt=1 s0=fng (4713,1708) [filtered=931]
cnt=1 s0=fng (4713,1707) [filtered=931]
cnt=1 s0=fng (4713,1705) [filtered=931]
cnt=1 s0=fng (4713,1703) [filtered=931]
cnt=1 s0=fng (4712,1702) [filtered=931]
cnt=1 s0=fng (4712,1701) [filtered=931]
cnt=1 s0=fng (4711,1699) [filtered=931]
cnt=1 s0=fng (4710,1697) [filtered=931]
cnt=1 s0=fng (4710,1695) [filtered=931]
cnt=1 s0=fng (4710,1694) [filtered=931]
cnt=1 s0=fng (4710,1692) [filtered=931]
cnt=1 s0=fng (4710,1690) [filtered=931]
cnt=1 s0=fng (4710,1688) [filtered=931]
cnt=1 s0=fng (4710,1687) [filtered=931]
cnt=1 s0=fng (4710,1686) [filtered=931]
cnt=1 s0=fng (4710,1685) [filtered=931]
cnt=1 s0=fng (4710,1684) [filtered=931]
cnt=1 s0=fng (4710,1683) [filtered=931]
cnt=1 s0=fng (4710,1682) [filtered=931]
cnt=1 s0=fng (4710,1681) [filtered=931]
cnt=1 s0=fng (4710,1680) [filtered=931]
cnt=1 s0=fng (4715,1683) [filtered=931]
cnt=1 s0=fng (4715,1683) [filtered=931]
cnt=1 s0=fng (4715,1683) [filtered=931]
cnt=1 s0=fng (4715,1683) [filtered=931]
cnt=1 s0=fng (4715,1683) [filtered=931]
cnt=1 s0=fng (4715,1682) [filtered=931]
cnt=1 s0=fng (4715,1682) [filtered=931]
cnt=1 s0=fng (4715,1682) [filtered=931]
cnt=1 s0=fng (4715,1681) [filtered=931]
cnt=1 s0=fng (4715,1680) [filtered=931]
cnt=1 s0=fng (4715,1680) [filtered=931]
cnt=1 s0=fng (4715,1679) [filtered=931]
cnt=1 s0=fng (4715,1679) [filtered=931]
cnt=1 s0=fng (4715,1679) [filtered=931]
cnt=1 s0=fng (4715,1678) [filtered=931]
cnt=1 s0=fng (4715,1678) [filtered=931]
cnt=1 s0=fng (4715,1678) [filtered=931]
cnt=1 s0=fng (4715,1678) [filtered=931]
cnt=1 s0=fng (4715,1678) [filtered=931]
cnt=1 s0=fng (4715,1678) [filtered=931]
cnt=1 s0=fng (4715,1678) [filtered=931]
cnt=1 s0=fng (4715,1678) [filtered=931]
cnt=1 s0=fng (4715,1678) [filtered=931]
cnt=1 s0=fng (4715,1678) [filtered=931]
cnt=1 s0=fng (4715,1678) [filtered=931]
cnt=1 s0=fng (4715,1678) [filtered=931]
cnt=1 s0=fng (4715,1678) [filtered=931]
cnt=1 s0=fng (4715,1678) [filtered=931]
cnt=1 s0=fng (4715,1678) [filtered=931]
cnt=1 s0=fng (4715,1678) [filtered=931]
cnt=1 s0=fng (4715,1677)* [filtered=931]
cnt=1 s0=fng (4715,1677)* [filtered=931]
cnt=1 s0=fng (4715,1676)* [filtered=931]
cnt=1 s0=fng (4715,1676)* [filtered=931]
cnt=1 s0=fng (4714,1675)* [filtered=931]
cnt=1 s0=fng (4714,1675)* [filtered=931]
cnt=1 s0=fng (4714,1675)* [filtered=931]
cnt=1 s0=fng (4714,1675)* [filtered=931]
cnt=1 s0=fng (4714,1675)* [filtered=931]
cnt=1 s0=fng (4714,1675)* [filtered=931]
cnt=1 s0=fng (4714,1675)* [filtered=931]
cnt=1 s0=fng (4714,1675)* [filtered=931]
cnt=1 s0=fng (4714,1676)* [filtered=931]
cnt=1 s0=fng (4714,1676)* [filtered=931]
cnt=1 s0=fng (4714,1677)* [filtered=931]
cnt=1 s0=fng (4714,1678)* [filtered=931]
cnt=1 s0=fng (4714,1679)* [filtered=931]
cnt=1 s0=fng (4714,1680)* [filtered=931]
cnt=1 s0=fng (4714,1681)* [filtered=931]
cnt=1 s0=fng (4714,1683)* [filtered=931]
cnt=1 s0=fng (4714,1684)* [filtered=931]
cnt=1 s0=fng (4714,1685)* [filtered=931]
cnt=1 s0=fng (4714,1687)* [filtered=931]
cnt=1 s0=fng (4714,1689)* [filtered=931]
cnt=1 s0=fng (4714,1691)* [filtered=931]
cnt=1 s0=fng (4714,1692)* [filtered=931]
cnt=1 s0=fng (4714,1694)* [filtered=931]
cnt=1 s0=fng (4714,1696)* [filtered=931]
cnt=1 s0=fng (4715,1699) [filtered=931]
cnt=1 s0=fng (4715,1700) [filtered=931]
cnt=1 s0=fng (4715,1702) [filtered=931]
cnt=1 s0=fng (4715,1704) [filtered=931]
cnt=1 s0=fng (894,16) [filtered=931]
cnt=1 s0=fng (894,16) [filtered=931]
cnt=1 s0=fng (894,16) [filtered=931]
cnt=1 s0=fng (894,16) [filtered=931]
cnt=1 s0=fng (894,16) [filtered=931]
cnt=1 s0=fng (894,16) [filtered=931]
cnt=1 s0=fng (894,16) [filtered=931]
cnt=1 s0=fng (894,16) [filtered=931]
cnt=1 s0=fng (894,16) [filtered=931]
cnt=1 s0=fng (894,16) [filtered=931]
cnt=1 s0=fng (894,17) [filtered=931]
cnt=1 s0=fng (894,17) [filtered=931]
cnt=1 s0=fng (894,18) [filtered=931]
cnt=1 s0=fng (894,19) [filtered=931]
cnt=1 s0=fng (894,20) [filtered=931]
cnt=1 s0=fng (894,21) [filtered=931]
cnt=1 s0=fng (894,21) [filtered=931]
cnt=1 s0=fng (894,21) [filtered=931]
cnt=1 s0=fng (894,21) [filtered=931]
cnt=1 s0=fng (894,21) [filtered=931]
cnt=1 s0=fng (4751,1720) [filtered=931]
cnt=1 s0=fng (4751,1720) [filtered=931]
cnt=1 s0=fng (4751,1720) [filtered=931]
cnt=1 s0=fng (4751,1719) [filtered=931]
cnt=1 s0=fng (4751,1718) [filtered=931]
cnt=1 s0=fng (4751,1716) [filtered=931]
cnt=1 s0=fng (4751,1715) [filtered=931]
cnt=1 s0=fng (4751,1713) [filtered=931]
cnt=1 s0=fng (4751,1711) [filtered=931]
cnt=1 s0=fng (4751,1708) [filtered=931]
cnt=1 s0=fng (4736,1793) [filtered=931]
cnt=1 s0=fng (4736,1792) [filtered=931]
cnt=1 s0=fng (4736,1792) [filtered=931]
cnt=1 s0=fng (4736,1790) [filtered=931]
cnt=1 s0=fng (4734,1787) [filtered=931]
cnt=1 s0=fng (4732,1781) [filtered=931]
cnt=1 s0=fng (4731,1777) [filtered=931]
cnt=1 s0=fng (4728,1771) [filtered=931]
cnt=1 s0=fng (4724,1763) [filtered=931]
cnt=1 s0=fng (4719,1754) [filtered=931]
cnt=1 s0=fng (4714,1745) [filtered=931]
cnt=1 s0=fng (4709,1736) [filtered=931]
cnt=1 s0=fng (4704,1727) [filtered=931]
cnt=1 s0=fng (4698,1717) [filtered=931]
cnt=1 s0=fng (4692,1707) [filtered=931]
cnt=1 s0=fng (4686,1696) [filtered=931]
cnt=1 s0=fng (4680,1686) [filtered=931]
cnt=1 s0=fng (4675,1676) [filtered=931]
cnt=1 s0=fng (4672,1667) [filtered=931]
cnt=1 s0=fng (4671,1658) [filtered=931]
cnt=1 s0=fng (4670,1649) [filtered=931]
cnt=1 s0=fng (4669,1640) [filtered=931]
cnt=1 s0=fng (4669,1632) [filtered=931]
cnt=1 s0=fng (4669,1625) [filtered=931]
cnt=1 s0=fng (4670,1619) [filtered=931]
cnt=1 s0=fng (4670,1614) [filtered=931]
cnt=1 s0=fng (4671,1609) [filtered=931]
cnt=1 s0=fng (4672,1604) [filtered=931]
cnt=1 s0=fng (4674,1600) [filtered=931]
cnt=1 s0=fng (4675,1598) [filtered=931]
cnt=1 s0=fng (4676,1596) [filtered=931]
cnt=1 s0=fng (4677,1595) [filtered=931]
cnt=1 s0=fng (4678,1596) [filtered=931]
cnt=1 s0=fng (4679,1597) [filtered=931]
cnt=1 s0=fng (4680,1598) [filtered=931]
cnt=1 s0=fng (4680,1599) [filtered=931]
cnt=1 s0=fng (4681,1600) [filtered=931]
cnt=1 s0=fng (4682,1602) [filtered=931]
cnt=1 s0=fng (4684,1606) [filtered=931]
cnt=1 s0=fng (4686,1612) [filtered=931]
cnt=1 s0=fng (4687,1616) [filtered=931]
cnt=1 s0=fng (4689,1622) [filtered=931]
cnt=1 s0=fng (4692,1629) [filtered=931]
cnt=1 s0=fng (4695,1637) [filtered=931]
cnt=1 s0=fng (4697,1644) [filtered=931]
cnt=1 s0=fng (4700,1653) [filtered=931]
cnt=1 s0=fng (4703,1662) [filtered=931]
cnt=1 s0=fng (4706,1670) [filtered=931]
cnt=1 s0=fng (4709,1678) [filtered=931]
cnt=1 s0=fng (4711,1685) [filtered=931]
cnt=1 s0=fng (4712,1692) [filtered=931]
cnt=1 s0=fng (4713,1699) [filtered=931]
cnt=1 s0=fng (4714,1706) [filtered=931]
cnt=1 s0=fng (4716,1712) [filtered=931]
cnt=1 s0=fng (4717,1717) [filtered=931]
cnt=1 s0=fng (4718,1722) [filtered=931]
cnt=1 s0=fng (4719,1727) [filtered=931]
cnt=1 s0=fng (4720,1732) [filtered=931]
cnt=1 s0=fng (4721,1736) [filtered=931]
cnt=1 s0=fng (4722,1740) [filtered=931]
cnt=1 s0=fng (4723,1743) [filtered=931]
cnt=1 s0=fng (4724,1746) [filtered=931]
cnt=1 s0=fng (4725,1749) [filtered=931]
cnt=1 s0=fng (4725,1751) [filtered=931]
cnt=1 s0=fng (4726,1752) [filtered=931]
cnt=1 s0=fng (4727,1754) [filtered=931]
cnt=1 s0=fng (4728,1756) [filtered=931]
cnt=1 s0=fng (4742,1773) [filtered=931]
cnt=1 s0=fng (4742,1773) [filtered=931]
cnt=1 s0=fng (4742,1773) [filtered=931]
cnt=1 s0=fng (4742,1773) [filtered=931]
cnt=1 s0=fng (4742,1773) [filtered=931]
cnt=1 s0=fng (4742,1773) [filtered=931]
cnt=1 s0=fng (4742,1773) [filtered=931]
cnt=1 s0=fng (4742,1773) [filtered=931]
cnt=1 s0=fng (4742,1773) [filtered=931]
cnt=1 s0=fng (4742,1773) [filtered=931]
cnt=1 s0=fng (4742,1773) [filtered=931]
cnt=1 s0=fng (4742,1773) [filtered=931]
cnt=1 s0=fng (4742,1773) [filtered=931]
cnt=1 s0=fng (4742,1773) [filtered=931]
cnt=1 s0=fng (4742,1773) [filtered=931]
cnt=1 s0=fng (4742,1773) [filtered=931]
cnt=1 s0=fng (4742,1773) [filtered=931]
cnt=1 s0=fng (4742,1772) [filtered=931]
cnt=1 s0=fng (4742,1772) [filtered=931]
cnt=1 s0=fng (4742,1771) [filtered=931]
cnt=1 s0=fng (4742,1770) [filtered=931]
cnt=1 s0=fng (4742,1770) [filtered=931]
cnt=1 s0=fng (4742,1770) [filtered=931]
cnt=1 s0=fng (4760,1757) [filtered=931]
cnt=1 s0=fng (4760,1757) [filtered=931]
cnt=1 s0=fng (4760,1757) [filtered=931]
cnt=1 s0=fng (4760,1757) [filtered=931]
cnt=1 s0=fng (4760,1757) [filtered=931]
cnt=1 s0=fng (4760,1757) [filtered=931]
cnt=1 s0=fng (4760,1757) [filtered=931]
cnt=1 s0=fng (4760,1757) [filtered=931]
cnt=1 s0=fng (4760,1757) [filtered=931]
cnt=1 s0=fng (4760,1757) [filtered=931]
cnt=1 s0=fng (4760,1757) [filtered=931]
cnt=1 s0=fng (4760,1757) [filtered=931]
cnt=1 s0=fng (4760,1757) [filtered=931]
cnt=1 s0=fng (4760,1757) [filtered=931]
cnt=1 s0=fng (4760,1757) [filtered=931]
cnt=1 s0=fng (4760,1757) [filtered=931]
cnt=1 s0=fng (4760,1757) [filtered=931]
cnt=1 s0=fng (4760,1757) [filtered=931]
cnt=1 s0=fng (4760,1757) [filtered=931]
cnt=1 s0=fng (4760,1757) [filtered=931]
cnt=1 s0=fng (4760,1757) [filtered=931]
cnt=1 s0=fng (4760,1757) [filtered=931]
cnt=1 s0=fng (4760,1757) [filtered=931]
cnt=1 s0=fng (4760,1757) [filtered=931]
cnt=1 s0=fng (4760,1757) [filtered=931]
cnt=1 s0=fng (4760,1757) [filtered=931]
cnt=1 s0=fng (4760,1756) [filtered=931]
cnt=1 s0=fng (4760,1755) [filtered=931]
cnt=1 s0=fng (4760,1755) [filtered=931]
cnt=1 s0=fng (4760,1755) [filtered=931]
cnt=1 s0=fng (4759,1754)* [filtered=931]
cnt=1 s0=fng (4759,1754)* [filtered=931]
cnt=1 s0=fng (4759,1754)* [filtered=931]
cnt=1 s0=fng (4759,1753)* [filtered=931]
cnt=1 s0=fng (4759,1753)* [filtered=931]
cnt=1 s0=fng (4759,1753)* [filtered=931]
cnt=1 s0=fng (4759,1752)* [filtered=931]
cnt=1 s0=fng (4759,1752)* [filtered=931]
cnt=1 s0=fng (4759,1752)* [filtered=931]
cnt=1 s0=fng (4759,1752)* [filtered=931]
cnt=1 s0=fng (4759,1752)* [filtered=931]
cnt=1 s0=fng (4759,1752)* [filtered=931]
cnt=1 s0=fng (4759,1752)* [filtered=931]
cnt=1 s0=fng (4759,1752)* [filtered=931]
cnt=1 s0=fng (4759,1752)* [filtered=931]
cnt=1 s0=fng (4759,1752)* [filtered=931]
cnt=1 s0=fng (4759,1752)* [filtered=931]
cnt=1 s0=fng (4759,1752)* [filtered=931]
cnt=1 s0=fng (4759,1752)* [filtered=931]
cnt=1 s0=fng (4759,1752)* [filtered=931]
cnt=1 s0=fng (4759,1752)* [filtered=931]
cnt=1 s0=fng (4759,1752)* [filtered=931]
cnt=1 s0=fng (4759,1752)* [filtered=931]
cnt=1 s0=fng (4759,1752)* [filtered=931]
cnt=1 s0=fng (4759,1752)* [filtered=931]
cnt=1 s0=fng (4759,1752)* [filtered=931]
cnt=1 s0=fng (4759,1752)* [filtered=931]
cnt=1 s0=fng (4759,1752)* [filtered=931]
cnt=1 s0=fng (4759,1753)* [filtered=931]
cnt=1 s0=fng (4759,1753)* [filtered=931]
cnt=1 s0=fng (4759,1754)* [filtered=931]
cnt=1 s0=fng (4759,1754)* [filtered=931]
cnt=1 s0=fng (4759,1754)* [filtered=931]
cnt=1 s0=fng (4759,1755)* [filtered=931]
cnt=1 s0=fng (4759,1755)* [filtered=931]
cnt=1 s0=fng (4759,1756)* [filtered=931]
cnt=1 s0=fng (4759,1757)* [filtered=931]
cnt=1 s0=fng (4759,1757)* [filtered=931]
cnt=1 s0=fng (4759,1757)* [filtered=931]
cnt=1 s0=fng (4759,1758)* [filtered=931]
cnt=1 s0=fng (4759,1758)* [filtered=931]
cnt=1 s0=fng (4759,1758)* [filtered=931]
cnt=1 s0=fng (4759,1759)* [filtered=931]
cnt=1 s0=fng (4759,1759)* [filtered=931]
cnt=1 s0=fng (4759,1760)* [filtered=931]
cnt=1 s0=fng (4759,1761)* [filtered=931]
cnt=1 s0=fng (4759,1761)* [filtered=931]
cnt=1 s0=fng (4759,1761)* [filtered=931]
cnt=1 s0=fng (4759,1762)* [filtered=931]
cnt=1 s0=fng (4759,1762)* [filtered=931]
cnt=1 s0=fng (4759,1763)* [filtered=931]
cnt=1 s0=fng (4759,1763)* [filtered=931]
cnt=1 s0=fng (4759,1763)* [filtered=931]
cnt=1 s0=fng (4759,1764)* [filtered=931]
cnt=1 s0=fng (4759,1765)* [filtered=931]
cnt=1 s0=fng (4759,1765)* [filtered=931]
cnt=1 s0=fng (4759,1765)* [filtered=931]
cnt=1 s0=fng (4759,1765)* [filtered=931]
cnt=1 s0=fng (4759,1765)* [filtered=931]
cnt=1 s0=fng (4759,1765)* [filtered=931]
cnt=1 s0=fng (4759,1765)* [filtered=931]
cnt=1 s0=fng (4759,1765)* [filtered=931]
cnt=1 s0=fng (4758,1764)* [filtered=931]
cnt=1 s0=fng (4757,1763)* [filtered=931]
cnt=1 s0=fng (4756,1762)* [filtered=931]
cnt=1 s0=fng (4756,1761)* [filtered=931]
cnt=1 s0=fng (4755,1760)* [filtered=931]
cnt=1 s0=fng (4754,1758)* [filtered=931]
cnt=1 s0=fng (4754,1756)* [filtered=931]
cnt=1 s0=fng (4754,1755)* [filtered=931]
cnt=1 s0=fng (4754,1754)* [filtered=931]
cnt=1 s0=fng (4754,1753)* [filtered=931]
cnt=1 s0=fng (4754,1752)* [filtered=931]
cnt=1 s0=fng (4754,1751)* [filtered=931]
cnt=1 s0=fng (4754,1751)* [filtered=931]
cnt=1 s0=fng (4754,1751)* [filtered=931]
cnt=1 s0=fng (4754,1751)* [filtered=931]
cnt=1 s0=fng (4754,1751)* [filtered=931]
cnt=1 s0=fng (4754,1752)* [filtered=931]
cnt=1 s0=fng (4754,1752)* [filtered=931]
cnt=1 s0=fng (4754,1753)* [filtered=931]
cnt=1 s0=fng (4754,1754)* [filtered=931]
cnt=1 s0=fng (4754,1755)* [filtered=931]
cnt=1 s0=fng (4754,1755)* [filtered=931]
cnt=1 s0=fng (4754,1756)* [filtered=931]
cnt=1 s0=fng (4754,1758)* [filtered=931]
cnt=1 s0=fng (4754,1760)* [filtered=931]
cnt=1 s0=fng (4754,1762)* [filtered=931]
cnt=1 s0=fng (4754,1763)* [filtered=931]
cnt=1 s0=fng (4754,1764)* [filtered=931]
cnt=1 s0=fng (4754,1766)* [filtered=931]
cnt=1 s0=fng (4754,1768)* [filtered=931]
cnt=1 s0=fng (4754,1769)* [filtered=931]
cnt=2 s0=PALM(4754,1770)* s1=fng (953,20) [filtered=932]
cnt=2 s0=PALM(4754,1773)* s1=fng (953,20) [filtered=933]
cnt=2 s0=PALM(4754,1776)* s1=fng (953,20) [filtered=934]
cnt=2 s0=PALM(4754,1779)* s1=fng (953,20) [filtered=935]
cnt=2 s0=PALM(4754,1780)* s1=fng (953,20) [filtered=936]
cnt=2 s0=PALM(4754,1782)* s1=fng (953,20) [filtered=937]
cnt=2 s0=PALM(4754,1784)* s1=fng (953,20) [filtered=938]
cnt=2 s0=PALM(4753,1785)* s1=fng (953,20) [filtered=939]
cnt=2 s0=PALM(4752,1787)* s1=fng (953,20) [filtered=940]
cnt=2 s0=PALM(4752,1788)* s1=fng (953,20) [filtered=941]
cnt=1 s0=fng (4752,1789)* [filtered=941]
cnt=1 s0=fng (4752,1789)* [filtered=941]
cnt=1 s0=fng (4751,1790)* [filtered=941]
cnt=1 s0=fng (4751,1790)* [filtered=941]
cnt=1 s0=fng (4751,1790)* [filtered=941]
cnt=1 s0=fng (4751,1790)* [filtered=941]
cnt=1 s0=fng (4751,1790)* [filtered=941]
cnt=1 s0=fng (4751,1790)* [filtered=941]
cnt=1 s0=fng (4751,1790)* [filtered=941]
cnt=1 s0=fng (4751,1790)* [filtered=941]
cnt=1 s0=fng (4751,1790)* [filtered=941]
cnt=1 s0=fng (4751,1790)* [filtered=941]
cnt=1 s0=fng (4751,1790)* [filtered=941]
cnt=1 s0=fng (4751,1790)* [filtered=941]
cnt=1 s0=fng (4751,1790)* [filtered=941]
cnt=1 s0=fng (4751,1790)* [filtered=941]
cnt=1 s0=fng (4751,1790)* [filtered=941]
cnt=1 s0=fng (4751,1790)* [filtered=941]
cnt=1 s0=fng (4751,1790)* [filtered=941]
cnt=1 s0=fng (4751,1790)* [filtered=941]
cnt=1 s0=fng (4751,1790)* [filtered=941]
cnt=1 s0=fng (4751,1790)* [filtered=941]
cnt=1 s0=fng (4751,1789)* [filtered=941]
cnt=1 s0=fng (4751,1789)* [filtered=941]
cnt=1 s0=fng (4751,1789)* [filtered=941]
cnt=1 s0=fng (4751,1788)* [filtered=941]
cnt=1 s0=fng (4751,1788)* [filtered=941]
cnt=1 s0=fng (4751,1787)* [filtered=941]
cnt=1 s0=fng (4751,1786)* [filtered=941]
cnt=1 s0=fng (4751,1785)* [filtered=941]
cnt=1 s0=fng (4751,1784)* [filtered=941]
cnt=1 s0=fng (4751,1783)* [filtered=941]
cnt=1 s0=fng (4751,1783)* [filtered=941]
cnt=1 s0=fng (4751,1782)* [filtered=941]
cnt=1 s0=fng (4751,1781)* [filtered=941]
cnt=1 s0=fng (4751,1780)* [filtered=941]
cnt=1 s0=fng (4751,1779)* [filtered=941]
cnt=1 s0=fng (4751,1778)* [filtered=941]
cnt=1 s0=fng (4751,1777)* [filtered=941]
cnt=1 s0=fng (4751,1776)* [filtered=941]
cnt=1 s0=fng (4751,1775)* [filtered=941]
cnt=1 s0=fng (4751,1774)* [filtered=941]
cnt=1 s0=fng (4751,1773)* [filtered=941]
cnt=1 s0=fng (4751,1772)* [filtered=941]
cnt=1 s0=fng (4751,1770)* [filtered=941]
cnt=1 s0=fng (4750,1768)* [filtered=941]
cnt=1 s0=fng (4750,1767)* [filtered=941]
cnt=1 s0=fng (4749,1764) [filtered=941]
cnt=1 s0=fng (4748,1760) [filtered=941]
cnt=1 s0=fng (4745,1755) [filtered=941]
cnt=1 s0=fng (4742,1749) [filtered=941]
cnt=1 s0=fng (4741,1743) [filtered=941]
cnt=1 s0=fng (4739,1737) [filtered=941]
cnt=1 s0=fng (4736,1731) [filtered=941]
cnt=1 s0=fng (4733,1725) [filtered=941]
cnt=1 s0=fng (4730,1719) [filtered=941]
cnt=1 s0=fng (4728,1713) [filtered=941]
cnt=1 s0=fng (4725,1708) [filtered=941]
cnt=1 s0=fng (4723,1703) [filtered=941]
cnt=1 s0=fng (4721,1699) [filtered=941]
cnt=1 s0=fng (4720,1696) [filtered=941]
cnt=2 s0=PALM(4719,1694) s1=fng (849,33) [filtered=942]
cnt=2 s0=PALM(4718,1693) s1=fng (849,33) [filtered=943]
cnt=2 s0=PALM(4717,1692) s1=fng (849,33) [filtered=944]
cnt=2 s0=PALM(4716,1691) s1=fng (849,33) [filtered=945]
cnt=2 s0=PALM(4716,1691) s1=fng (849,33) [filtered=946]
cnt=2 s0=PALM(4717,1692) s1=fng (849,33) [filtered=947]
cnt=2 s0=PALM(4718,1693) s1=fng (849,33) [filtered=948]
cnt=2 s0=PALM(4719,1694) s1=fng (849,33) [filtered=949]
cnt=2 s0=PALM(4720,1694) s1=fng (849,33) [filtered=950]
cnt=2 s0=PALM(4721,1695) s1=fng (849,33) [filtered=951]
cnt=1 s1=fng (849,33) [filtered=951]
cnt=2 s0=PALM(4734,1740) s1=fng (849,33) [filtered=952]
cnt=2 s0=PALM(4734,1740) s1=fng (849,33) [filtered=953]
cnt=2 s0=PALM(4734,1740) s1=fng (849,33) [filtered=954]
cnt=2 s0=PALM(4734,1740) s1=fng (849,33) [filtered=955]
cnt=1 s1=fng (849,33) [filtered=955]
cnt=1 s1=fng (849,33) [filtered=955]
cnt=1 s0=fng (4740,1768) [filtered=955]
cnt=1 s0=fng (4740,1768) [filtered=955]
cnt=1 s0=fng (4740,1768) [filtered=955]
cnt=1 s0=fng (4740,1768) [filtered=955]
cnt=1 s0=fng (4740,1768) [filtered=955]
cnt=1 s0=fng (4740,1768) [filtered=955]
cnt=1 s0=fng (4740,1768) [filtered=955]
cnt=1 s0=fng (4740,1768) [filtered=955]
cnt=1 s0=fng (4740,1769) [filtered=955]
cnt=1 s0=fng (4740,1769) [filtered=955]
cnt=1 s0=fng (4740,1769) [filtered=955]
cnt=1 s0=fng (4740,1770) [filtered=955]
cnt=1 s0=fng (4740,1770) [filtered=955]
cnt=1 s0=fng (4740,1771) [filtered=955]
cnt=1 s0=fng (4740,1772) [filtered=955]
cnt=1 s0=fng (4740,1772) [filtered=955]
cnt=1 s0=fng (4740,1772) [filtered=955]
cnt=1 s0=fng (983,39) [filtered=955]
cnt=1 s0=fng (983,39) [filtered=955]
cnt=1 s0=fng (982,39) [filtered=955]
cnt=1 s0=fng (981,39) [filtered=955]
cnt=1 s0=fng (981,39) [filtered=955]
cnt=1 s0=fng (980,39) [filtered=955]
cnt=1 s0=fng (980,39) [filtered=955]
cnt=1 s0=fng (980,39) [filtered=955]
cnt=1 s0=fng (979,39) [filtered=955]
cnt=1 s0=fng (979,39) [filtered=955]
cnt=1 s0=fng (979,39) [filtered=955]
cnt=1 s0=fng (978,39) [filtered=955]
cnt=1 s0=fng (977,39) [filtered=955]
cnt=1 s0=fng (977,39) [filtered=955]
cnt=1 s0=fng (976,39) [filtered=955]
cnt=1 s0=fng (976,39) [filtered=955]
cnt=1 s0=fng (976,39) [filtered=955]
cnt=1 s0=fng (975,39) [filtered=955]
cnt=1 s0=fng (975,39) [filtered=955]
cnt=1 s0=fng (4762,1786) [filtered=955]
cnt=1 s0=fng (4762,1786) [filtered=955]
cnt=1 s0=fng (4762,1785) [filtered=955]
cnt=1 s0=fng (4762,1783) [filtered=955]
cnt=1 s0=fng (4762,1780) [filtered=955]
cnt=1 s0=fng (4762,1778) [filtered=955]
cnt=1 s0=fng (4760,1773) [filtered=955]
cnt=1 s0=fng (4758,1767) [filtered=955]
cnt=1 s0=fng (4754,1759) [filtered=955]
cnt=1 s0=fng (4749,1749) [filtered=955]
cnt=1 s0=fng (4746,1740) [filtered=955]
cnt=1 s0=fng (4740,1729) [filtered=955]
cnt=1 s0=fng (4732,1718) [filtered=955]
cnt=1 s0=fng (4722,1705) [filtered=955]
cnt=1 s0=fng (4713,1693) [filtered=955]
cnt=1 s0=fng (4702,1680) [filtered=955]
cnt=1 s0=fng (4689,1667) [filtered=955]
cnt=1 s0=fng (4676,1654) [filtered=955]
cnt=1 s0=fng (4663,1642) [filtered=955]
cnt=1 s0=fng (4650,1631) [filtered=955]
cnt=1 s0=fng (4637,1620) [filtered=955]
cnt=1 s0=fng (4625,1611) [filtered=955]
cnt=1 s0=fng (4615,1603) [filtered=955]
cnt=1 s0=fng (4606,1596) [filtered=955]
cnt=1 s0=fng (4599,1590) [filtered=955]
cnt=1 s0=fng (4595,1585) [filtered=955]
cnt=1 s0=fng (4592,1581) [filtered=955]
cnt=1 s0=fng (4590,1576) [filtered=955]
cnt=1 s0=fng (4588,1572) [filtered=955]
cnt=1 s0=fng (4587,1568) [filtered=955]
cnt=1 s0=fng (4587,1565) [filtered=955]
cnt=1 s0=fng (4587,1563) [filtered=955]
cnt=1 s0=fng (4587,1562) [filtered=955]
cnt=1 s0=fng (4587,1562) [filtered=955]
cnt=1 s0=fng (4590,1562) [filtered=955]
cnt=1 s0=fng (4593,1562) [filtered=955]
cnt=1 s0=fng (4595,1562) [filtered=955]
cnt=1 s0=fng (4597,1563) [filtered=955]
cnt=1 s0=fng (4598,1564) [filtered=955]
cnt=1 s0=fng (4601,1565) [filtered=955]
cnt=1 s0=fng (4605,1568) [filtered=955]
cnt=1 s0=fng (4610,1571) [filtered=955]
cnt=1 s0=fng (4614,1573) [filtered=955]
cnt=1 s0=fng (4619,1577) [filtered=955]
cnt=1 s0=fng (4624,1582) [filtered=955]
cnt=1 s0=fng (4629,1589) [filtered=955]
cnt=1 s0=fng (4635,1598) [filtered=955]
cnt=1 s0=fng (4641,1607) [filtered=955]
cnt=1 s0=fng (4647,1616) [filtered=955]
cnt=1 s0=fng (4653,1626) [filtered=955]
cnt=1 s0=fng (4653,1626) [filtered=955]
cnt=1 s0=fng (4762,1812) [filtered=955]
cnt=1 s0=fng (4762,1812) [filtered=955]
cnt=1 s0=fng (4762,1811) [filtered=955]
cnt=1 s0=fng (4762,1810) [filtered=955]
cnt=1 s0=fng (4762,1809) [filtered=955]
cnt=1 s0=fng (4762,1808) [filtered=955]
cnt=1 s0=fng (4762,1808) [filtered=955]
cnt=1 s0=fng (4762,1807) [filtered=955]
cnt=1 s0=fng (4762,1807) [filtered=955]
cnt=1 s0=fng (4762,1827) [filtered=955]
cnt=1 s0=fng (4762,1826) [filtered=955]
cnt=1 s0=fng (4762,1825) [filtered=955]
cnt=1 s0=fng (4762,1821) [filtered=955]
cnt=1 s0=fng (4762,1819) [filtered=955]
cnt=1 s0=fng (4762,1813) [filtered=955]
cnt=1 s0=fng (4762,1806) [filtered=955]
cnt=1 s0=fng (4760,1796) [filtered=955]
cnt=1 s0=fng (4759,1786) [filtered=955]
cnt=1 s0=fng (4754,1774) [filtered=955]
cnt=1 s0=fng (4745,1761) [filtered=955]
cnt=1 s0=fng (4735,1748) [filtered=955]
cnt=1 s0=fng (4724,1736) [filtered=955]
cnt=1 s0=fng (4714,1724) [filtered=955]
cnt=1 s0=fng (4705,1713) [filtered=955]
cnt=1 s0=fng (4696,1703) [filtered=955]
cnt=1 s0=fng (4689,1694) [filtered=955]
cnt=1 s0=fng (4683,1687) [filtered=955]
cnt=1 s0=fng (4679,1681) [filtered=955]
cnt=1 s0=fng (4677,1676) [filtered=955]
cnt=1 s0=fng (4677,1672) [filtered=955]
cnt=1 s0=fng (4676,1670) [filtered=955]
cnt=1 s0=fng (4676,1668) [filtered=955]
cnt=1 s0=fng (4676,1667) [filtered=955]
cnt=1 s0=fng (4676,1667) [filtered=955]
cnt=1 s0=fng (4676,1667) [filtered=955]
cnt=1 s0=fng (4676,1667) [filtered=955]
cnt=1 s0=fng (4676,1667) [filtered=955]
cnt=1 s0=fng (4675,1668) [filtered=955]
cnt=1 s0=fng (4674,1668) [filtered=955]
cnt=1 s0=fng (4672,1667) [filtered=955]
cnt=1 s0=fng (4670,1666) [filtered=955]
cnt=1 s0=fng (4669,1665) [filtered=955]
cnt=1 s0=fng (4666,1664) [filtered=955]
cnt=1 s0=fng (4661,1662) [filtered=955]
cnt=1 s0=fng (4654,1659) [filtered=955]
cnt=1 s0=fng (4647,1658) [filtered=955]
cnt=1 s0=fng (4639,1655) [filtered=955]
cnt=1 s0=fng (4630,1652) [filtered=955]
cnt=1 s0=fng (4621,1648) [filtered=955]
cnt=1 s0=fng (4612,1644) [filtered=955]
cnt=1 s0=fng (4603,1641) [filtered=955]
cnt=1 s0=fng (4595,1637) [filtered=955]
cnt=1 s0=fng (4589,1633) [filtered=955]
cnt=1 s0=fng (4583,1629) [filtered=955]
cnt=1 s0=fng (4578,1626) [filtered=955]
cnt=1 s0=fng (4572,1623) [filtered=955]
cnt=1 s0=fng (4567,1619) [filtered=955]
cnt=1 s0=fng (4562,1615) [filtered=955]
cnt=1 s0=fng (4557,1611) [filtered=955]
cnt=1 s0=fng (4553,1608) [filtered=955]
cnt=1 s0=fng (4549,1606) [filtered=955]
cnt=1 s0=fng (4546,1604) [filtered=955]
cnt=1 s0=fng (4544,1602) [filtered=955]
cnt=1 s0=fng (4544,1600) [filtered=955]
cnt=1 s0=fng (4543,1599) [filtered=955]
cnt=1 s0=fng (4543,1598) [filtered=955]
cnt=1 s0=fng (4544,1598) [filtered=955]
cnt=1 s0=fng (4546,1599) [filtered=955]
cnt=1 s0=fng (4549,1600) [filtered=955]
cnt=1 s0=fng (4550,1601) [filtered=955]
cnt=1 s0=fng (4553,1603) [filtered=955]
cnt=1 s0=fng (4557,1607) [filtered=955]
cnt=1 s0=fng (4563,1612) [filtered=955]
cnt=1 s0=fng (4567,1616) [filtered=955]
cnt=1 s0=fng (4572,1622) [filtered=955]
cnt=1 s0=fng (4577,1629) [filtered=955]
cnt=1 s0=fng (4582,1638) [filtered=955]
cnt=1 s0=fng (4589,1648) [filtered=955]
cnt=1 s0=fng (4595,1657) [filtered=955]
cnt=1 s0=fng (4603,1668) [filtered=955]
cnt=1 s0=fng (4603,1668) [filtered=955]
cnt=1 s0=fng (4762,1758) [filtered=955]
cnt=1 s0=fng (4762,1758) [filtered=955]
cnt=1 s0=fng (4762,1756) [filtered=955]
cnt=1 s0=fng (4762,1753) [filtered=955]
cnt=1 s0=fng (4762,1747) [filtered=955]
cnt=1 s0=fng (4762,1742) [filtered=955]
cnt=1 s0=fng (4759,1734) [filtered=955]
cnt=1 s0=fng (4753,1724) [filtered=955]
cnt=1 s0=fng (4746,1713) [filtered=955]
cnt=1 s0=fng (4737,1700) [filtered=955]
cnt=1 s0=fng (4729,1688) [filtered=955]
cnt=1 s0=fng (4720,1676) [filtered=955]
cnt=1 s0=fng (4711,1664) [filtered=955]
cnt=1 s0=fng (4703,1652) [filtered=955]
cnt=1 s0=fng (4695,1640) [filtered=955]
cnt=1 s0=fng (4688,1628) [filtered=955]
cnt=1 s0=fng (4682,1617) [filtered=955]
cnt=1 s0=fng (4675,1606) [filtered=955]
cnt=1 s0=fng (4669,1595) [filtered=955]
cnt=1 s0=fng (4664,1585) [filtered=955]
cnt=1 s0=fng (4660,1577) [filtered=955]
cnt=1 s0=fng (4655,1568) [filtered=955]
cnt=1 s0=fng (4652,1560) [filtered=955]
cnt=1 s0=fng (4650,1554) [filtered=955]
cnt=1 s0=fng (4648,1549) [filtered=955]
cnt=1 s0=fng (4647,1545) [filtered=955]
cnt=1 s0=fng (4648,1542) [filtered=955]
cnt=1 s0=fng (4648,1541) [filtered=955]
cnt=1 s0=fng (4648,1541) [filtered=955]
cnt=1 s0=fng (4648,1541) [filtered=955]
cnt=1 s0=fng (4648,1541) [filtered=955]
cnt=1 s0=fng (4649,1541) [filtered=955]
cnt=1 s0=fng (4650,1544) [filtered=955]
cnt=1 s0=fng (4650,1545) [filtered=955]
cnt=1 s0=fng (4651,1547) [filtered=955]
cnt=1 s0=fng (4652,1551) [filtered=955]
cnt=1 s0=fng (4655,1556) [filtered=955]
cnt=1 s0=fng (4658,1563) [filtered=955]
cnt=1 s0=fng (4660,1569) [filtered=955]
cnt=1 s0=fng (4664,1578) [filtered=955]
cnt=1 s0=fng (4669,1589) [filtered=955]
cnt=1 s0=fng (4674,1602) [filtered=955]
cnt=1 s0=fng (4681,1618) [filtered=955]
cnt=1 s0=fng (4687,1633) [filtered=955]
cnt=1 s0=fng (4693,1650) [filtered=955]
cnt=1 s0=fng (4700,1667) [filtered=955]
cnt=1 s0=fng (4707,1684) [filtered=955]
cnt=1 s0=fng (4715,1702) [filtered=955]
cnt=1 s0=fng (4722,1719) [filtered=955]
cnt=1 s0=fng (4729,1735) [filtered=955]
cnt=1 s0=fng (4735,1750) [filtered=955]
cnt=1 s0=fng (4740,1763) [filtered=955]
cnt=1 s0=fng (4762,1861) [filtered=955]
cnt=1 s0=fng (4762,1861) [filtered=955]
cnt=1 s0=fng (4762,1860) [filtered=955]
cnt=1 s0=fng (4762,1859) [filtered=955]
cnt=1 s0=fng (4762,1858) [filtered=955]
cnt=1 s0=fng (4762,1857) [filtered=955]
cnt=1 s0=fng (4762,1856) [filtered=955]
cnt=1 s0=fng (4762,1855) [filtered=955]
cnt=1 s0=fng (4762,1854) [filtered=955]
cnt=1 s0=fng (4762,1852) [filtered=955]
cnt=1 s0=fng (4762,1851) [filtered=955]
cnt=1 s0=fng (4762,1850) [filtered=955]
cnt=1 s0=fng (4762,1849) [filtered=955]
cnt=1 s0=fng (4762,1847) [filtered=955]
cnt=1 s0=fng (4762,1845) [filtered=955]
cnt=1 s0=fng (4762,1844) [filtered=955]
cnt=1 s0=fng (4762,1843) [filtered=955]
cnt=1 s0=fng (4762,1842) [filtered=955]
cnt=1 s0=fng (4762,1841) [filtered=955]
cnt=1 s0=fng (4762,1840) [filtered=955]
cnt=1 s0=fng (4762,1839) [filtered=955]
cnt=1 s0=fng (4762,1838) [filtered=955]
cnt=1 s0=fng (4762,1837) [filtered=955]
cnt=1 s0=fng (4762,1836) [filtered=955]
cnt=1 s0=fng (4762,1835) [filtered=955]
cnt=1 s0=fng (4762,1834) [filtered=955]
cnt=1 s0=fng (4762,1833) [filtered=955]
cnt=1 s0=fng (4762,1832) [filtered=955]
cnt=1 s0=fng (4762,1831) [filtered=955]
cnt=1 s0=fng (4762,1830) [filtered=955]
cnt=1 s0=fng (4762,1830)* [filtered=955]
cnt=1 s0=fng (4762,1830)* [filtered=955]
cnt=1 s0=fng (4762,1830)* [filtered=955]
cnt=1 s0=fng (4762,1830)* [filtered=955]
cnt=1 s0=fng (4762,1830)* [filtered=955]
cnt=1 s0=fng (4762,1831)* [filtered=955]
cnt=1 s0=fng (4762,1833)* [filtered=955]
cnt=1 s0=fng (4762,1835)* [filtered=955]
cnt=1 s0=fng (4762,1837)* [filtered=955]
cnt=1 s0=fng (4762,1838)* [filtered=955]
cnt=1 s0=fng (4762,1812) [filtered=955]
cnt=1 s0=fng (4762,1811) [filtered=955]
cnt=1 s0=fng (4762,1811) [filtered=955]
cnt=1 s0=fng (4762,1810) [filtered=955]
cnt=1 s0=fng (4762,1810) [filtered=955]
cnt=1 s0=fng (4762,1810) [filtered=955]
cnt=1 s0=fng (4762,1809) [filtered=955]
cnt=1 s0=fng (4762,1808) [filtered=955]
cnt=1 s0=fng (4762,1808) [filtered=955]
cnt=1 s0=fng (4762,1808) [filtered=955]
cnt=1 s0=fng (4762,1807) [filtered=955]
cnt=1 s0=fng (4762,1807) [filtered=955]
cnt=1 s0=fng (4762,1806) [filtered=955]
cnt=1 s0=fng (4762,1806) [filtered=955]
cnt=1 s0=fng (4762,1806) [filtered=955]
cnt=1 s0=fng (4762,1806) [filtered=955]
cnt=1 s0=fng (4762,1806) [filtered=955]
cnt=1 s0=fng (4762,1806) [filtered=955]
cnt=1 s0=fng (4762,1806) [filtered=955]
cnt=1 s0=fng (4762,1806) [filtered=955]
cnt=1 s0=fng (4762,1806) [filtered=955]
cnt=1 s0=fng (4762,1806) [filtered=955]
cnt=1 s0=fng (4762,1806) [filtered=955]
cnt=1 s0=fng (4762,1806) [filtered=955]
cnt=1 s0=fng (4762,1805) [filtered=955]
cnt=1 s0=fng (4762,1804) [filtered=955]
cnt=1 s0=fng (4762,1803) [filtered=955]
cnt=1 s0=fng (4762,1803) [filtered=955]
cnt=1 s0=fng (4762,1802) [filtered=955]
cnt=1 s0=fng (4762,1801) [filtered=955]
cnt=1 s0=fng (4762,1800)* [filtered=955]
cnt=1 s0=fng (4762,1799)* [filtered=955]
cnt=1 s0=fng (4762,1799)* [filtered=955]
cnt=1 s0=fng (4762,1798)* [filtered=955]
cnt=1 s0=fng (4762,1797)* [filtered=955]
cnt=1 s0=fng (4762,1796)* [filtered=955]
cnt=1 s0=fng (4762,1795)* [filtered=955]
cnt=1 s0=fng (4762,1795)* [filtered=955]
cnt=1 s0=fng (4762,1794)* [filtered=955]
cnt=1 s0=fng (4762,1793)* [filtered=955]
cnt=1 s0=fng (4762,1793)* [filtered=955]
cnt=1 s0=fng (4762,1793)* [filtered=955]
cnt=1 s0=fng (4762,1792)* [filtered=955]
cnt=1 s0=fng (4762,1792)* [filtered=955]
cnt=1 s0=fng (4762,1791)* [filtered=955]
cnt=1 s0=fng (4762,1790)* [filtered=955]
cnt=1 s0=fng (4762,1790)* [filtered=955]
cnt=1 s0=fng (4762,1789)* [filtered=955]
cnt=1 s0=fng (4762,1788)* [filtered=955]
cnt=1 s0=fng (4762,1787)* [filtered=955]
cnt=1 s0=fng (4762,1786)* [filtered=955]
cnt=1 s0=fng (4762,1785)* [filtered=955]
cnt=1 s0=fng (4761,1783)* [filtered=955]
cnt=1 s0=fng (4759,1780) [filtered=955]
cnt=1 s0=fng (4755,1775) [filtered=955]
cnt=1 s0=fng (4752,1771) [filtered=955]
cnt=1 s0=fng (4747,1766) [filtered=955]
cnt=1 s0=fng (4742,1760) [filtered=955]
cnt=1 s0=fng (4735,1753) [filtered=955]
cnt=1 s0=fng (4729,1747) [filtered=955]
cnt=1 s0=fng (4720,1739) [filtered=955]
cnt=1 s0=fng (4710,1730) [filtered=955]
cnt=1 s0=fng (4698,1721) [filtered=955]
cnt=1 s0=fng (4684,1711) [filtered=955]
cnt=1 s0=fng (4670,1702) [filtered=955]
cnt=1 s0=fng (4655,1692) [filtered=955]
cnt=1 s0=fng (4640,1683) [filtered=955]
cnt=1 s0=fng (4626,1676) [filtered=955]
cnt=1 s0=fng (4613,1669) [filtered=955]
cnt=1 s0=fng (4600,1663) [filtered=955]
cnt=1 s0=fng (4590,1657) [filtered=955]
cnt=1 s0=fng (4581,1651) [filtered=955]
cnt=1 s0=fng (4572,1645) [filtered=955]
cnt=1 s0=fng (4564,1640) [filtered=955]
cnt=1 s0=fng (4558,1635) [filtered=955]
cnt=1 s0=fng (4552,1631) [filtered=955]
cnt=1 s0=fng (4547,1626) [filtered=955]
cnt=1 s0=fng (4542,1621) [filtered=955]
cnt=1 s0=fng (4538,1617) [filtered=955]
cnt=1 s0=fng (4534,1614) [filtered=955]
cnt=1 s0=fng (4531,1611) [filtered=955]
cnt=1 s0=fng (4529,1607) [filtered=955]
cnt=1 s0=fng (4527,1604) [filtered=955]
cnt=1 s0=fng (4525,1602) [filtered=955]
cnt=1 s0=fng (4524,1600) [filtered=955]
cnt=1 s0=fng (4523,1598) [filtered=955]
cnt=1 s0=fng (4521,1596) [filtered=955]
cnt=1 s0=fng (4520,1595) [filtered=955]
cnt=1 s0=fng (4519,1594) [filtered=955]
cnt=1 s0=fng (4517,1593) [filtered=955]
cnt=1 s0=fng (4515,1592) [filtered=955]
cnt=1 s0=fng (4513,1590) [filtered=955]
cnt=1 s0=fng (4512,1589) [filtered=955]
cnt=1 s0=fng (4511,1589) [filtered=955]
cnt=1 s0=fng (4511,1588) [filtered=955]
cnt=1 s0=fng (4511,1588) [filtered=955]
cnt=1 s0=fng (4511,1588) [filtered=955]
cnt=1 s0=fng (4511,1588) [filtered=955]
cnt=1 s0=fng (4511,1588) [filtered=955]
cnt=1 s0=fng (4512,1589) [filtered=955]
cnt=1 s0=fng (4513,1589) [filtered=955]
cnt=1 s0=fng (4514,1590) [filtered=955]
cnt=1 s0=fng (4515,1591) [filtered=955]
cnt=1 s0=fng (4516,1592) [filtered=955]
cnt=1 s0=fng (4518,1593) [filtered=955]
cnt=1 s0=fng (4521,1594) [filtered=955]
cnt=1 s0=fng (4522,1595) [filtered=955]
cnt=1 s0=fng (4524,1596) [filtered=955]
cnt=1 s0=fng (4527,1598) [filtered=955]
cnt=1 s0=fng (4530,1599) [filtered=955]
cnt=1 s0=fng (4533,1600) [filtered=955]
cnt=1 s0=fng (4534,1601) [filtered=955]
cnt=1 s0=fng (4535,1602) [filtered=955]
cnt=1 s0=fng (4536,1603) [filtered=955]
cnt=1 s0=fng (4537,1603) [filtered=955]
cnt=1 s0=fng (4537,1603) [filtered=955]
cnt=1 s0=fng (4537,1603) [filtered=955]
cnt=1 s0=fng (4536,1603) [filtered=955]
cnt=1 s0=fng (4535,1603) [filtered=955]
cnt=1 s0=fng (4534,1603) [filtered=955]
cnt=1 s0=fng (4534,1603) [filtered=955]
cnt=1 s0=fng (4533,1603) [filtered=955]
cnt=1 s0=fng (4532,1603) [filtered=955]
cnt=1 s0=fng (4531,1603) [filtered=955]
cnt=1 s0=fng (4530,1602) [filtered=955]
cnt=1 s0=fng (4529,1602) [filtered=955]
cnt=1 s0=fng (4528,1601) [filtered=955]
cnt=1 s0=fng (4526,1600) [filtered=955]
cnt=1 s0=fng (4523,1599) [filtered=955]
cnt=1 s0=fng (4520,1598) [filtered=955]
cnt=1 s0=fng (4518,1597) [filtered=955]
cnt=1 s0=fng (4514,1596) [filtered=955]
cnt=1 s0=fng (4510,1594) [filtered=955]
cnt=1 s0=fng (4506,1593) [filtered=955]
cnt=1 s0=fng (4503,1592) [filtered=955]
cnt=1 s0=fng (4499,1591) [filtered=955]
cnt=1 s0=fng (4495,1589) [filtered=955]
cnt=1 s0=fng (4491,1587) [filtered=955]
cnt=1 s0=fng (4488,1586) [filtered=955]
cnt=1 s0=fng (4486,1585) [filtered=955]
cnt=1 s0=fng (4483,1584) [filtered=955]
cnt=1 s0=fng (4481,1583) [filtered=955]
cnt=1 s0=fng (4479,1582) [filtered=955]
cnt=1 s0=fng (4478,1581) [filtered=955]
cnt=1 s0=fng (4477,1580) [filtered=955]
cnt=1 s0=fng (4476,1579) [filtered=955]
cnt=1 s0=fng (4475,1578) [filtered=955]
cnt=1 s0=fng (4474,1577) [filtered=955]
cnt=1 s0=fng (4473,1577) [filtered=955]
cnt=1 s0=fng (4473,1577) [filtered=955]
cnt=1 s0=fng (4473,1577) [filtered=955]
cnt=1 s0=fng (4473,1577) [filtered=955]
cnt=1 s0=fng (4473,1577) [filtered=955]
cnt=1 s0=fng (4473,1577) [filtered=955]
cnt=1 s0=fng (4474,1577) [filtered=955]
cnt=1 s0=fng (4476,1577) [filtered=955]
cnt=1 s0=fng (4479,1578) [filtered=955]
cnt=1 s0=fng (4482,1580) [filtered=955]
cnt=1 s0=fng (4484,1581) [filtered=955]
cnt=1 s0=fng (4488,1583) [filtered=955]
cnt=1 s0=fng (4493,1586) [filtered=955]
cnt=1 s0=fng (4498,1589) [filtered=955]
cnt=1 s0=fng (4504,1593) [filtered=955]
cnt=1 s0=fng (4509,1596) [filtered=955]
cnt=1 s0=fng (4514,1601) [filtered=955]
cnt=1 s0=fng (4520,1606) [filtered=955]
cnt=1 s0=fng (4526,1611) [filtered=955]
cnt=1 s0=fng (4533,1616) [filtered=955]
cnt=1 s0=fng (4539,1621) [filtered=955]
cnt=1 s0=fng (4545,1626) [filtered=955]
cnt=1 s0=fng (4551,1631) [filtered=955]
cnt=1 s0=fng (4557,1636) [filtered=955]
cnt=1 s0=fng (4562,1641) [filtered=955]
cnt=1 s0=fng (4567,1646) [filtered=955]
cnt=1 s0=fng (4572,1651) [filtered=955]
cnt=1 s0=fng (4577,1656) [filtered=955]
cnt=1 s0=fng (4582,1661) [filtered=955]
cnt=1 s0=fng (4586,1665) [filtered=955]
cnt=1 s0=fng (4590,1668) [filtered=955]
cnt=1 s0=fng (4595,1671) [filtered=955]
cnt=1 s0=fng (4599,1674) [filtered=955]
cnt=1 s0=fng (4604,1675) [filtered=955]
cnt=1 s0=fng (4608,1676) [filtered=955]
cnt=1 s0=fng (4612,1677) [filtered=955]
cnt=1 s0=fng (4617,1678) [filtered=955]
cnt=1 s0=fng (4622,1678) [filtered=955]
cnt=1 s0=fng (4626,1678) [filtered=955]
cnt=1 s0=fng (4629,1678) [filtered=955]
cnt=1 s0=fng (4632,1678) [filtered=955]
cnt=1 s0=fng (4634,1678) [filtered=955]
cnt=1 s0=fng (4636,1677) [filtered=955]
cnt=1 s0=fng (4638,1677) [filtered=955]
cnt=1 s0=fng (4640,1676) [filtered=955]
cnt=1 s0=fng (4643,1676) [filtered=955]
cnt=1 s0=fng (4647,1676) [filtered=955]
cnt=1 s0=fng (4651,1677) [filtered=955]
cnt=1 s0=fng (4654,1678) [filtered=955]
cnt=1 s0=fng (4657,1679) [filtered=955]
cnt=1 s0=fng (4661,1681) [filtered=955]
cnt=1 s0=fng (4665,1684) [filtered=955]
cnt=1 s0=fng (4669,1687) [filtered=955]
cnt=1 s0=fng (4672,1689) [filtered=955]
cnt=1 s0=fng (4675,1692) [filtered=955]
cnt=1 s0=fng (4677,1695) [filtered=955]
cnt=1 s0=fng (4680,1699) [filtered=955]
cnt=1 s0=fng (4683,1704) [filtered=955]
cnt=1 s0=fng (4685,1707) [filtered=955]
cnt=1 s0=fng (4687,1711) [filtered=955]
cnt=1 s0=fng (4690,1715) [filtered=955]
cnt=1 s0=fng (4693,1719) [filtered=955]
cnt=1 s0=fng (4695,1722) [filtered=955]
cnt=1 s0=fng (4696,1726) [filtered=955]
cnt=1 s0=fng (4698,1730) [filtered=955]
cnt=1 s0=fng (4700,1734) [filtered=955]
cnt=1 s0=fng (4702,1738) [filtered=955]
cnt=1 s0=fng (4703,1741) [filtered=955]
cnt=1 s0=fng (4705,1744) [filtered=955]
cnt=1 s0=fng (4707,1747) [filtered=955]
cnt=1 s0=fng (4709,1750) [filtered=955]
cnt=1 s0=fng (4710,1752) [filtered=955]
cnt=1 s0=fng (4711,1754) [filtered=955]
cnt=1 s0=fng (4712,1757) [filtered=955]
cnt=1 s0=fng (4713,1759) [filtered=955]
cnt=1 s0=fng (4714,1761) [filtered=955]
cnt=1 s0=fng (4714,1762) [filtered=955]
cnt=1 s0=fng (4715,1763) [filtered=955]
cnt=1 s0=fng (4716,1765) [filtered=955]
cnt=1 s0=fng (4717,1766) [filtered=955]
cnt=2 s0=PALM(4718,1768) s1=fng (918,0) [filtered=956]
cnt=2 s0=PALM(4719,1769) s1=fng (918,0) [filtered=957]
cnt=2 s0=PALM(4720,1770) s1=fng (918,0) [filtered=958]
cnt=2 s0=PALM(4721,1772) s1=fng (918,0) [filtered=959]
cnt=2 s0=PALM(4722,1773) s1=fng (918,0) [filtered=960]
cnt=2 s0=PALM(4722,1774) s1=fng (918,0) [filtered=961]
cnt=2 s0=PALM(4723,1775) s1=fng (918,0) [filtered=962]
cnt=2 s0=PALM(4724,1777) s1=fng (918,0) [filtered=963]
cnt=2 s0=PALM(4725,1778) s1=fng (918,0) [filtered=964]
cnt=2 s0=PALM(4726,1779) s1=fng (918,0) [filtered=965]
cnt=2 s0=PALM(4727,1780) s1=fng (918,0) [filtered=966]
cnt=1 s0=fng (4728,1781) [filtered=966]
cnt=1 s0=fng (4729,1782) [filtered=966]
cnt=1 s0=fng (4729,1782) [filtered=966]
cnt=1 s0=fng (4729,1782) [filtered=966]
cnt=1 s0=fng (4729,1782) [filtered=966]
cnt=1 s0=fng (4729,1781) [filtered=966]
cnt=1 s0=fng (4729,1779) [filtered=966]
cnt=1 s0=fng (4729,1776) [filtered=966]
cnt=1 s0=fng (4728,1773) [filtered=966]
cnt=1 s0=fng (4728,1771) [filtered=966]
cnt=1 s0=fng (4726,1766) [filtered=966]
cnt=1 s0=fng (4725,1761) [filtered=966]
cnt=1 s0=fng (4724,1756) [filtered=966]
cnt=1 s0=fng (4723,1752) [filtered=966]
cnt=1 s0=fng (4722,1747) [filtered=966]
cnt=1 s0=fng (4722,1742) [filtered=966]
cnt=1 s0=fng (4722,1737) [filtered=966]
cnt=1 s0=fng (4722,1733) [filtered=966]
cnt=1 s0=fng (4722,1730) [filtered=966]
cnt=1 s0=fng (4722,1727) [filtered=966]
cnt=1 s0=fng (4723,1685) [filtered=966]
cnt=1 s0=fng (4723,1685) [filtered=966]
cnt=1 s0=fng (4723,1685) [filtered=966]
cnt=1 s0=fng (4723,1685) [filtered=966]
cnt=1 s0=fng (4724,1685) [filtered=966]
cnt=1 s0=fng (4724,1685) [filtered=966]
cnt=1 s0=fng (4724,1685) [filtered=966]
cnt=1 s0=fng (4724,1685) [filtered=966]
cnt=1 s0=fng (4762,1728) [filtered=966]
cnt=1 s0=fng (4762,1729) [filtered=966]
cnt=1 s0=fng (4762,1731) [filtered=966]
cnt=1 s0=fng (4762,1733) [filtered=966]
cnt=1 s0=fng (4762,1734) [filtered=966]
cnt=1 s0=fng (4762,1736) [filtered=966]
cnt=1 s0=fng (4762,1738) [filtered=966]
cnt=1 s0=fng (4762,1740) [filtered=966]
cnt=1 s0=fng (4762,1742) [filtered=966]
cnt=1 s0=fng (4762,1743) [filtered=966]
cnt=1 s0=fng (4762,1745) [filtered=966]
cnt=1 s0=fng (4762,1747) [filtered=966]
cnt=1 s0=fng (4762,1749) [filtered=966]
cnt=1 s0=fng (4762,1751) [filtered=966]
cnt=1 s0=fng (4762,1752) [filtered=966]
cnt=1 s0=fng (4762,1754) [filtered=966]
cnt=1 s0=fng (4762,1756) [filtered=966]
cnt=1 s0=fng (4762,1758) [filtered=966]
cnt=1 s0=fng (4762,1759) [filtered=966]
cnt=1 s0=fng (4762,1761) [filtered=966]
cnt=1 s0=fng (4762,1762) [filtered=966]
cnt=1 s0=fng (4762,1764) [filtered=966]
cnt=1 s0=fng (4762,1767) [filtered=966]
cnt=1 s0=fng (4762,1768) [filtered=966]
cnt=1 s0=fng (4762,1770) [filtered=966]
cnt=1 s0=fng (4762,1773) [filtered=966]
cnt=1 s0=fng (4762,1776) [filtered=966]
cnt=1 s0=fng (4762,1779) [filtered=966]
cnt=1 s0=fng (4762,1780) [filtered=966]
cnt=1 s0=fng (4762,1782) [filtered=966]
cnt=1 s0=fng (4762,1784)* [filtered=966]
cnt=1 s0=fng (4762,1786)* [filtered=966]
cnt=1 s0=fng (4762,1787)* [filtered=966]
cnt=1 s0=fng (4762,1789)* [filtered=966]
cnt=1 s0=fng (4762,1791)* [filtered=966]
cnt=1 s0=fng (4762,1793)* [filtered=966]
cnt=1 s0=fng (4762,1794)* [filtered=966]
cnt=1 s0=fng (4762,1796)* [filtered=966]
cnt=1 s0=fng (4762,1798)* [filtered=966]
cnt=1 s0=fng (4762,1799)* [filtered=966]
cnt=1 s0=fng (4762,1801)* [filtered=966]
cnt=1 s0=fng (4762,1802)* [filtered=966]
cnt=1 s0=fng (4762,1803)* [filtered=966]
cnt=1 s0=fng (4762,1805)* [filtered=966]
cnt=1 s0=fng (4762,1807)* [filtered=966]
cnt=1 s0=fng (4762,1809)* [filtered=966]
cnt=1 s0=fng (4762,1810)* [filtered=966]
cnt=1 s0=fng (4762,1811)* [filtered=966]
cnt=1 s0=fng (4762,1812)* [filtered=966]
cnt=1 s0=fng (4762,1813)* [filtered=966]
cnt=1 s0=fng (4762,1814)* [filtered=966]
cnt=1 s0=fng (4762,1815)* [filtered=966]
cnt=1 s0=fng (4762,1816)* [filtered=966]
cnt=1 s0=fng (4762,1817)* [filtered=966]
cnt=1 s0=fng (4762,1818)* [filtered=966]
cnt=1 s0=fng (4762,1818)* [filtered=966]
cnt=1 s0=fng (4762,1818)* [filtered=966]
cnt=1 s0=fng (4762,1819)* [filtered=966]
cnt=1 s0=fng (4762,1819)* [filtered=966]
cnt=1 s0=fng (4762,1819)* [filtered=966]
cnt=1 s0=fng (4762,1819)* [filtered=966]
cnt=1 s0=fng (4762,1819)* [filtered=966]
cnt=1 s0=fng (4762,1819)* [filtered=966]
cnt=1 s0=fng (4762,1819)* [filtered=966]
cnt=1 s0=fng (4762,1819)* [filtered=966]
cnt=1 s0=fng (4762,1819)* [filtered=966]
cnt=1 s0=fng (4762,1819)* [filtered=966]
cnt=1 s0=fng (4761,1819)* [filtered=966]
cnt=1 s0=fng (4760,1819)* [filtered=966]
cnt=1 s0=fng (4759,1818)* [filtered=966]
cnt=1 s0=fng (4758,1818)* [filtered=966]
cnt=1 s0=fng (4757,1817)* [filtered=966]
cnt=1 s0=fng (4756,1816)* [filtered=966]
cnt=1 s0=fng (4755,1814)* [filtered=966]
cnt=1 s0=fng (4755,1813)* [filtered=966]
cnt=1 s0=fng (4754,1811)* [filtered=966]
cnt=1 s0=fng (4752,1808) [filtered=966]
cnt=1 s0=fng (4750,1804) [filtered=966]
cnt=1 s0=fng (4748,1798) [filtered=966]
cnt=1 s0=fng (4747,1794) [filtered=966]
cnt=1 s0=fng (4744,1789) [filtered=966]
cnt=1 s0=fng (4741,1783) [filtered=966]
cnt=1 s0=fng (4737,1777) [filtered=966]
cnt=1 s0=fng (4735,1772) [filtered=966]
cnt=1 s0=fng (4733,1766) [filtered=966]
cnt=1 s0=fng (4731,1761) [filtered=966]
cnt=1 s0=fng (4730,1756) [filtered=966]
cnt=1 s0=fng (4729,1753) [filtered=966]
cnt=1 s0=fng (4729,1751) [filtered=966]
cnt=1 s0=fng (4729,1751) [filtered=966]
cnt=1 s0=fng (4729,1751) [filtered=966]
cnt=1 s0=fng (4729,1751) [filtered=966]
cnt=1 s0=fng (4729,1752) [filtered=966]
cnt=1 s0=fng (4729,1752) [filtered=966]
cnt=1 s0=fng (4729,1753) [filtered=966]
cnt=1 s0=fng (4729,1755) [filtered=966]
cnt=1 s0=fng (4729,1757) [filtered=966]
cnt=1 s0=fng (4729,1760) [filtered=966]
cnt=1 s0=fng (4729,1761) [filtered=966]
cnt=1 s0=fng (4729,1763) [filtered=966]
cnt=1 s0=fng (4729,1765) [filtered=966]
cnt=1 s0=fng (4729,1768) [filtered=966]
cnt=1 s0=fng (4729,1769) [filtered=966]
cnt=1 s0=fng (4729,1771) [filtered=966]
cnt=1 s0=fng (4729,1774) [filtered=966]
cnt=1 s0=fng (4729,1777) [filtered=966]
cnt=1 s0=fng (4729,1780) [filtered=966]
cnt=1 s0=fng (4729,1781) [filtered=966]
cnt=1 s0=fng (4729,1783) [filtered=966]
cnt=1 s0=fng (4729,1786) [filtered=966]
cnt=1 s0=fng (4729,1789) [filtered=966]
cnt=1 s0=fng (4729,1791) [filtered=966]
cnt=1 s0=fng (4729,1792) [filtered=966]
cnt=1 s0=fng (4729,1794) [filtered=966]
cnt=1 s0=fng (4729,1797) [filtered=966]
cnt=1 s0=fng (4729,1799) [filtered=966]
cnt=1 s0=fng (4729,1800) [filtered=966]
cnt=1 s0=fng (4729,1802)* [filtered=966]
cnt=1 s0=fng (4729,1804)* [filtered=966]
cnt=1 s0=fng (4729,1806)* [filtered=966]
cnt=1 s0=fng (4729,1808)* [filtered=966]
cnt=1 s0=fng (4729,1809)* [filtered=966]
cnt=1 s0=fng (4729,1811)* [filtered=966]
cnt=1 s0=fng (4729,1813)* [filtered=966]
cnt=1 s0=fng (4729,1815)* [filtered=966]
cnt=1 s0=fng (4729,1817)* [filtered=966]
cnt=1 s0=fng (4729,1818)* [filtered=966]
cnt=1 s0=fng (4729,1820)* [filtered=966]
cnt=1 s0=fng (4729,1822)* [filtered=966]
cnt=1 s0=fng (4730,1824)* [filtered=966]
cnt=1 s0=fng (4730,1826)* [filtered=966]
cnt=1 s0=fng (4730,1827)* [filtered=966]
cnt=1 s0=fng (4730,1829)* [filtered=966]
cnt=1 s0=fng (4731,1831)* [filtered=966]
cnt=1 s0=fng (4732,1833)* [filtered=966]
cnt=1 s0=fng (4732,1834)* [filtered=966]
cnt=1 s0=fng (4732,1836)* [filtered=966]
cnt=1 s0=fng (4732,1838)* [filtered=966]
cnt=1 s0=fng (4733,1840)* [filtered=966]
cnt=1 s0=fng (4734,1842)* [filtered=966]
cnt=1 s0=fng (4734,1843)* [filtered=966]
cnt=1 s0=fng (4734,1844)* [filtered=966]
cnt=1 s0=fng (4734,1846)* [filtered=966]
cnt=1 s0=fng (4734,1848)* [filtered=966]
cnt=1 s0=fng (4734,1850)* [filtered=966]
cnt=1 s0=fng (4734,1851)* [filtered=966]
cnt=1 s0=fng (4734,1852)* [filtered=966]
cnt=1 s0=fng (4734,1854)* [filtered=966]
cnt=1 s0=fng (4734,1856)* [filtered=966]
cnt=1 s0=fng (4734,1857)* [filtered=966]
cnt=1 s0=fng (4734,1859)* [filtered=966]
cnt=1 s0=fng (4734,1860)* [filtered=966]
cnt=1 s0=fng (4734,1862)* [filtered=966]
cnt=1 s0=fng (4734,1864)* [filtered=966]
cnt=1 s0=fng (4734,1865)* [filtered=966]
cnt=1 s0=fng (4734,1866)* [filtered=966]
cnt=1 s0=fng (4734,1867)* [filtered=966]
cnt=1 s0=fng (4734,1869)* [filtered=966]
cnt=1 s0=fng (4734,1871)* [filtered=966]
cnt=1 s0=fng (4734,1872)* [filtered=966]
cnt=1 s0=fng (4734,1873)* [filtered=966]
cnt=1 s0=fng (4734,1874)* [filtered=966]
cnt=1 s0=fng (4734,1875)* [filtered=966]
cnt=1 s0=fng (4734,1876)* [filtered=966]
cnt=1 s0=fng (4734,1877)* [filtered=966]
cnt=1 s0=fng (4734,1878)* [filtered=966]
cnt=1 s0=fng (4734,1879)* [filtered=966]
cnt=1 s0=fng (4760,1757) [filtered=966]
cnt=1 s0=fng (4759,1757) [filtered=966]
cnt=1 s0=fng (4759,1757) [filtered=966]
cnt=1 s0=fng (4758,1757) [filtered=966]
cnt=1 s0=fng (4757,1756) [filtered=966]
cnt=1 s0=fng (4756,1755) [filtered=966]
cnt=1 s0=fng (4755,1755) [filtered=966]
cnt=1 s0=fng (4755,1755) [filtered=966]
cnt=1 s0=fng (4754,1754) [filtered=966]
cnt=1 s0=fng (4754,1754) [filtered=966]
cnt=1 s0=fng (4754,1753) [filtered=966]
cnt=1 s0=fng (4754,1753) [filtered=966]
cnt=1 s0=fng (4754,1752) [filtered=966]
cnt=1 s0=fng (4754,1751) [filtered=966]
cnt=1 s0=fng (4754,1751) [filtered=966]
cnt=1 s0=fng (4754,1750) [filtered=966]
cnt=1 s0=fng (4648,1272) [filtered=966]
cnt=1 s0=fng (4648,1272) [filtered=966]
cnt=1 s0=fng (4647,1272) [filtered=966]
cnt=1 s0=fng (4645,1271) [filtered=966]
cnt=1 s0=fng (4643,1271) [filtered=966]
cnt=1 s0=fng (4642,1271) [filtered=966]
cnt=1 s0=fng (4640,1270) [filtered=966]
cnt=1 s0=fng (4637,1269) [filtered=966]
cnt=1 s0=fng (4634,1269) [filtered=966]
cnt=1 s0=fng (4632,1268) [filtered=966]
cnt=1 s0=fng (4631,1268) [filtered=966]
cnt=1 s0=fng (4629,1268) [filtered=966]
cnt=1 s0=fng (4627,1267) [filtered=966]
cnt=1 s0=fng (4626,1267) [filtered=966]
cnt=1 s0=fng (4625,1266) [filtered=966]
cnt=1 s0=fng (4625,1266) [filtered=966]
cnt=1 s0=fng (4625,1265) [filtered=966]
cnt=1 s0=fng (4625,1265) [filtered=966]
cnt=1 s0=fng (4625,1264) [filtered=966]
cnt=1 s0=fng (4625,1264) [filtered=966]
cnt=1 s0=fng (4625,1264) [filtered=966]
cnt=1 s0=fng (4625,1263) [filtered=966]
cnt=1 s0=fng (4625,1263) [filtered=966]
cnt=1 s0=fng (4625,1262) [filtered=966]
cnt=1 s0=fng (4625,1262) [filtered=966]
cnt=1 s0=fng (4625,1261) [filtered=966]
cnt=1 s0=fng (4625,1260) [filtered=966]
cnt=1 s0=fng (4626,1259) [filtered=966]
cnt=1 s0=fng (4627,1257) [filtered=966]
cnt=1 s0=fng (4627,1256) [filtered=966]
cnt=1 s0=fng (4628,1254) [filtered=966]
cnt=1 s0=fng (4630,1252) [filtered=966]
cnt=1 s0=fng (4632,1250) [filtered=966]
cnt=1 s0=fng (4634,1248) [filtered=966]
cnt=1 s0=fng (4635,1247) [filtered=966]
cnt=1 s0=fng (4636,1246) [filtered=966]
cnt=1 s0=fng (4638,1244) [filtered=966]
cnt=1 s0=fng (4639,1242) [filtered=966]
cnt=1 s0=fng (4640,1241) [filtered=966]
cnt=1 s0=fng (4641,1240) [filtered=966]
cnt=1 s0=fng (4642,1239) [filtered=966]
cnt=1 s0=fng (4643,1238) [filtered=966]
cnt=1 s0=fng (4644,1236) [filtered=966]
cnt=1 s0=fng (4644,1235) [filtered=966]
cnt=1 s0=fng (4645,1234) [filtered=966]
cnt=1 s0=fng (4646,1233) [filtered=966]
cnt=1 s0=fng (4647,1232) [filtered=966]
cnt=1 s0=fng (4647,1231) [filtered=966]
cnt=1 s0=fng (4647,1231) [filtered=966]
cnt=1 s0=fng (4647,1231) [filtered=966]
cnt=1 s0=fng (4647,1230) [filtered=966]
cnt=1 s0=fng (4647,1230) [filtered=966]
cnt=1 s0=fng (4647,1230) [filtered=966]
cnt=1 s0=fng (4647,1230) [filtered=966]
cnt=1 s0=fng (4647,1230) [filtered=966]
cnt=1 s0=fng (4647,1230) [filtered=966]
cnt=1 s0=fng (4647,1230) [filtered=966]
cnt=1 s0=fng (4647,1230) [filtered=966]
cnt=1 s0=fng (4647,1231) [filtered=966]
cnt=1 s0=fng (4647,1231) [filtered=966]
cnt=1 s0=fng (4647,1232) [filtered=966]
cnt=1 s0=fng (4647,1233) [filtered=966]
cnt=1 s0=fng (4647,1233) [filtered=966]
cnt=1 s0=fng (4647,1234) [filtered=966]
cnt=1 s0=fng (4647,1235) [filtered=966]
cnt=1 s0=fng (4647,1236) [filtered=966]
cnt=1 s0=fng (4647,1237)* [filtered=966]
cnt=1 s0=fng (4646,1238)* [filtered=966]
cnt=1 s0=fng (4645,1240)* [filtered=966]
cnt=1 s0=fng (4644,1241)* [filtered=966]
cnt=1 s0=fng (4642,1243) [filtered=966]
cnt=1 s0=fng (4641,1244) [filtered=966]
cnt=1 s0=fng (4640,1245) [filtered=966]
cnt=1 s0=fng (4637,1247) [filtered=966]
cnt=1 s0=fng (4634,1248) [filtered=966]
cnt=1 s0=fng (4631,1249) [filtered=966]
cnt=1 s0=fng (4629,1250) [filtered=966]
cnt=1 s0=fng (4626,1251) [filtered=966]
cnt=1 s0=fng (4623,1252) [filtered=966]
cnt=1 s0=fng (4620,1253) [filtered=966]
cnt=1 s0=fng (4617,1254) [filtered=966]
cnt=1 s0=fng (4615,1255) [filtered=966]
cnt=1 s0=fng (4613,1256) [filtered=966]
cnt=1 s0=fng (4610,1257) [filtered=966]
cnt=1 s0=fng (4607,1258) [filtered=966]
cnt=1 s0=fng (4605,1258) [filtered=966]
cnt=1 s0=fng (4602,1259) [filtered=966]
cnt=1 s0=fng (4600,1260) [filtered=966]
cnt=1 s0=fng (4599,1261) [filtered=966]
cnt=1 s0=fng (4598,1262) [filtered=966]
cnt=1 s0=fng (4597,1263) [filtered=966]
cnt=1 s0=fng (4596,1263) [filtered=966]
cnt=1 s0=fng (4595,1264) [filtered=966]
cnt=1 s0=fng (4594,1264) [filtered=966]
cnt=1 s0=fng (4593,1265) [filtered=966]
cnt=1 s0=fng (4592,1265) [filtered=966]
cnt=1 s0=fng (4592,1265) [filtered=966]
cnt=1 s0=fng (4591,1266) [filtered=966]
cnt=1 s0=fng (4591,1267) [filtered=966]
cnt=1 s0=fng (4591,1267) [filtered=966]
cnt=1 s0=fng (4590,1267) [filtered=966]
cnt=1 s0=fng (4590,1268) [filtered=966]
cnt=1 s0=fng (4589,1268) [filtered=966]
cnt=1 s0=fng (4588,1269) [filtered=966]
cnt=1 s0=fng (4588,1269) [filtered=966]
cnt=1 s0=fng (4587,1269) [filtered=966]
cnt=1 s0=fng (4586,1270) [filtered=966]
cnt=1 s0=fng (4585,1271) [filtered=966]
cnt=1 s0=fng (4585,1271) [filtered=966]
cnt=1 s0=fng (4585,1271) [filtered=966]
cnt=1 s0=fng (4584,1272) [filtered=966]
cnt=1 s0=fng (4583,1272) [filtered=966]
cnt=1 s0=fng (4582,1273) [filtered=966]
cnt=1 s0=fng (4581,1273) [filtered=966]
cnt=1 s0=fng (4581,1273) [filtered=966]
cnt=1 s0=fng (4581,1274) [filtered=966]
cnt=1 s0=fng (4580,1275)* [filtered=966]
cnt=1 s0=fng (4579,1275)* [filtered=966]
cnt=1 s0=fng (4578,1275)* [filtered=966]
cnt=1 s0=fng (4578,1276)* [filtered=966]
cnt=1 s0=fng (4577,1276)* [filtered=966]
cnt=1 s0=fng (4577,1276)* [filtered=966]
cnt=1 s0=fng (4576,1276)* [filtered=966]
cnt=1 s0=fng (4576,1276)* [filtered=966]
cnt=1 s0=fng (4575,1276)* [filtered=966]
cnt=1 s0=fng (4575,1276)* [filtered=966]
cnt=1 s0=fng (4574,1276)* [filtered=966]
cnt=1 s0=fng (4574,1276)* [filtered=966]
cnt=1 s0=fng (4574,1276)* [filtered=966]
cnt=1 s0=fng (4573,1276)* [filtered=966]
cnt=1 s0=fng (4573,1276)* [filtered=966]
cnt=1 s0=fng (4572,1276)* [filtered=966]
cnt=1 s0=fng (4572,1276)* [filtered=966]
cnt=1 s0=fng (4572,1276)* [filtered=966]
cnt=1 s0=fng (4572,1276)* [filtered=966]
cnt=1 s0=fng (4572,1276)* [filtered=966]
cnt=1 s0=fng (4572,1276)* [filtered=966]
cnt=1 s0=fng (4572,1276)* [filtered=966]
cnt=1 s0=fng (4572,1276)* [filtered=966]
cnt=1 s0=fng (4572,1276)* [filtered=966]
cnt=1 s0=fng (4572,1276)* [filtered=966]
cnt=1 s0=fng (4572,1276)* [filtered=966]
cnt=1 s0=fng (4572,1276)* [filtered=966]
cnt=1 s0=fng (4572,1276)* [filtered=966]
cnt=1 s0=fng (4572,1276)* [filtered=966]
cnt=1 s0=fng (4572,1276)* [filtered=966]
cnt=1 s0=fng (4572,1276)* [filtered=966]
cnt=1 s0=fng (4572,1276)* [filtered=966]
cnt=1 s0=fng (4572,1276)* [filtered=966]
cnt=1 s0=fng (4572,1276)* [filtered=966]
cnt=1 s0=fng (4572,1276)* [filtered=966]
cnt=1 s0=fng (4572,1276)* [filtered=966]
cnt=1 s0=fng (4572,1276)* [filtered=966]
cnt=1 s0=fng (4572,1276)* [filtered=966]
cnt=1 s0=fng (4572,1276)* [filtered=966]
cnt=1 s0=fng (4572,1276)* [filtered=966]
cnt=1 s0=fng (4572,1276)* [filtered=966]
cnt=1 s0=fng (4572,1276)* [filtered=966]
cnt=1 s0=fng (4572,1276)* [filtered=966]
cnt=1 s0=fng (4572,1276)* [filtered=966]
cnt=1 s0=fng (4572,1276)* [filtered=966]
cnt=1 s0=fng (4572,1276)* [filtered=966]
cnt=1 s0=fng (4572,1276)* [filtered=966]
cnt=1 s0=fng (4572,1276)* [filtered=966]
cnt=1 s0=fng (4572,1276)* [filtered=966]
cnt=1 s0=fng (4572,1276)* [filtered=966]
cnt=1 s0=fng (4572,1276)* [filtered=966]
cnt=1 s0=fng (4572,1276)* [filtered=966]
cnt=1 s0=fng (4572,1276)* [filtered=966]
cnt=1 s0=fng (4572,1276)* [filtered=966]
cnt=1 s0=fng (4572,1276)* [filtered=966]
cnt=1 s0=fng (4572,1276)* [filtered=966]
cnt=1 s0=fng (4572,1276)* [filtered=966]
cnt=1 s0=fng (4572,1276)* [filtered=966]
cnt=1 s0=fng (4572,1276)* [filtered=966]
cnt=1 s0=fng (4572,1276)* [filtered=966]
cnt=1 s0=fng (4572,1276)* [filtered=966]
cnt=1 s0=fng (4572,1276)* [filtered=966]
cnt=1 s0=fng (4572,1276)* [filtered=966]
cnt=1 s0=fng (4572,1276)* [filtered=966]
cnt=1 s0=fng (4572,1276)* [filtered=966]
cnt=1 s0=fng (4572,1276)* [filtered=966]
cnt=1 s0=fng (4572,1276)* [filtered=966]
cnt=1 s0=fng (4573,1276)* [filtered=966]
cnt=1 s0=fng (4573,1276)* [filtered=966]
cnt=1 s0=fng (4573,1276)* [filtered=966]
cnt=1 s0=fng (4573,1276)* [filtered=966]
cnt=1 s0=fng (4573,1276)* [filtered=966]
cnt=1 s0=fng (4574,1276)* [filtered=966]
cnt=1 s0=fng (4574,1276)* [filtered=966]
cnt=1 s0=fng (4574,1276)* [filtered=966]
cnt=1 s0=fng (4575,1276)* [filtered=966]
cnt=1 s0=fng (4575,1276)* [filtered=966]
cnt=1 s0=fng (4576,1276)* [filtered=966]
cnt=1 s0=fng (4576,1276)* [filtered=966]
cnt=1 s0=fng (4577,1276)* [filtered=966]
cnt=1 s0=fng (4578,1276)* [filtered=966]
cnt=1 s0=fng (4579,1276)* [filtered=966]
cnt=1 s0=fng (4579,1276)* [filtered=966]
cnt=1 s0=fng (4580,1276)* [filtered=966]
cnt=1 s0=fng (4581,1276)* [filtered=966]
cnt=1 s0=fng (4583,1276)* [filtered=966]
cnt=1 s0=fng (4585,1276)* [filtered=966]
cnt=1 s0=fng (4586,1276)* [filtered=966]
cnt=1 s0=fng (4587,1276)* [filtered=966]
cnt=1 s0=fng (4588,1276)* [filtered=966]
cnt=1 s0=fng (4590,1276)* [filtered=966]
cnt=1 s0=fng (4591,1276)* [filtered=966]
cnt=1 s0=fng (4592,1276)* [filtered=966]
cnt=1 s0=fng (4593,1276)* [filtered=966]
cnt=1 s0=fng (4594,1276)* [filtered=966]
cnt=1 s0=fng (4595,1276)* [filtered=966]
cnt=1 s0=fng (4596,1277)* [filtered=966]
cnt=1 s0=fng (4596,1277)* [filtered=966]
cnt=1 s0=fng (4597,1277)* [filtered=966]
cnt=1 s0=fng (4598,1277)* [filtered=966]
cnt=1 s0=fng (4599,1277)* [filtered=966]
cnt=1 s0=fng (4600,1277)* [filtered=966]
cnt=1 s0=fng (4600,1277)* [filtered=966]
cnt=1 s0=fng (4600,1277)* [filtered=966]
cnt=1 s0=fng (4601,1277)* [filtered=966]
cnt=1 s0=fng (4601,1277)* [filtered=966]
cnt=1 s0=fng (4601,1277)* [filtered=966]
cnt=1 s0=fng (4601,1277)* [filtered=966]
cnt=1 s0=fng (4601,1277)* [filtered=966]
cnt=1 s0=fng (4601,1277)* [filtered=966]
cnt=1 s0=fng (4601,1277)* [filtered=966]
cnt=1 s0=fng (4601,1277)* [filtered=966]
cnt=1 s0=fng (4601,1277)* [filtered=966]
cnt=1 s0=fng (4600,1277)* [filtered=966]
cnt=1 s0=fng (4600,1277)* [filtered=966]
cnt=1 s0=fng (4599,1276)* [filtered=966]
cnt=1 s0=fng (4599,1276)* [filtered=966]
cnt=1 s0=fng (4598,1276)* [filtered=966]
cnt=1 s0=fng (4597,1275)* [filtered=966]
cnt=1 s0=fng (4596,1275)* [filtered=966]
cnt=1 s0=fng (4595,1275)* [filtered=966]
cnt=1 s0=fng (4594,1274)* [filtered=966]
cnt=1 s0=fng (4592,1274)* [filtered=966]
cnt=1 s0=fng (4590,1273)* [filtered=966]
cnt=1 s0=fng (4588,1273)* [filtered=966]
cnt=1 s0=fng (4587,1273)* [filtered=966]
cnt=1 s0=fng (4585,1272)* [filtered=966]
cnt=1 s0=fng (4583,1272)* [filtered=966]
cnt=1 s0=fng (4580,1271) [filtered=966]
cnt=1 s0=fng (4576,1270) [filtered=966]
cnt=1 s0=fng (4574,1270) [filtered=966]
cnt=1 s0=fng (4571,1269) [filtered=966]
cnt=1 s0=fng (4568,1268) [filtered=966]
cnt=1 s0=fng (4564,1266) [filtered=966]
cnt=1 s0=fng (4562,1265) [filtered=966]
cnt=1 s0=fng (4560,1264) [filtered=966]
cnt=1 s0=fng (4558,1262) [filtered=966]
cnt=1 s0=fng (4557,1260) [filtered=966]
cnt=1 s0=fng (4556,1258) [filtered=966]
cnt=1 s0=fng (4556,1257) [filtered=966]
cnt=1 s0=fng (4556,1256) [filtered=966]
cnt=1 s0=fng (4557,1255) [filtered=966]
cnt=1 s0=fng (4558,1254) [filtered=966]
cnt=1 s0=fng (4559,1254) [filtered=966]
cnt=1 s0=fng (4560,1254) [filtered=966]
cnt=1 s0=fng (4561,1254) [filtered=966]
cnt=1 s0=fng (4563,1255) [filtered=966]
cnt=1 s0=fng (4565,1256) [filtered=966]
cnt=1 s0=fng (4566,1257) [filtered=966]
cnt=1 s0=fng (4568,1259) [filtered=966]
cnt=1 s0=fng (4571,1262) [filtered=966]
cnt=1 s0=fng (4574,1266) [filtered=966]
cnt=1 s0=fng (4577,1272) [filtered=966]
cnt=1 s0=fng (4578,1276) [filtered=966]
cnt=1 s0=fng (4581,1281) [filtered=966]
cnt=1 s0=fng (4581,1281) [filtered=966]
cnt=1 s0=fng (102,1936) [filtered=966]
cnt=1 s0=fng (103,1936) [filtered=966]
cnt=1 s0=fng (104,1936) [filtered=966]
cnt=1 s0=fng (106,1935) [filtered=966]
cnt=1 s0=fng (108,1934) [filtered=966]
cnt=1 s0=fng (113,1932) [filtered=966]
cnt=1 s0=fng (117,1931) [filtered=966]
cnt=1 s0=fng (123,1929) [filtered=966]
cnt=1 s0=fng (131,1926) [filtered=966]
cnt=1 s0=fng (140,1922) [filtered=966]
cnt=1 s0=fng (150,1919) [filtered=966]
cnt=1 s0=fng (159,1917) [filtered=966]
cnt=1 s0=fng (166,1914) [filtered=966]
cnt=1 s0=fng (172,1911) [filtered=966]
cnt=1 s0=fng (177,1908) [filtered=966]
cnt=1 s0=fng (183,1905) [filtered=966]
cnt=1 s0=fng (188,1903) [filtered=966]
cnt=1 s0=fng (193,1900) [filtered=966]
cnt=1 s0=fng (198,1898) [filtered=966]
cnt=1 s0=fng (203,1896) [filtered=966]
cnt=1 s0=fng (208,1893) [filtered=966]
cnt=1 s0=fng (212,1892) [filtered=966]
cnt=1 s0=fng (216,1890) [filtered=966]
cnt=1 s0=fng (221,1888) [filtered=966]
cnt=1 s0=fng (225,1886) [filtered=966]
cnt=1 s0=fng (228,1885) [filtered=966]
cnt=1 s0=fng (231,1883) [filtered=966]
cnt=1 s0=fng (234,1881) [filtered=966]
cnt=1 s0=fng (237,1879) [filtered=966]
cnt=1 s0=fng (241,1876) [filtered=966]
cnt=1 s0=fng (244,1875) [filtered=966]
cnt=1 s0=fng (247,1873) [filtered=966]
cnt=1 s0=fng (250,1870) [filtered=966]
cnt=1 s0=fng (253,1867) [filtered=966]
cnt=1 s0=fng (256,1863) [filtered=966]
cnt=1 s0=fng (258,1861) [filtered=966]
cnt=1 s0=fng (260,1857) [filtered=966]
cnt=1 s0=fng (263,1853) [filtered=966]
cnt=1 s0=fng (266,1849) [filtered=966]
cnt=1 s0=fng (268,1846) [filtered=966]
cnt=1 s0=fng (270,1842) [filtered=966]
cnt=1 s0=fng (271,1837) [filtered=966]
cnt=1 s0=fng (273,1832) [filtered=966]
cnt=1 s0=fng (275,1827) [filtered=966]
cnt=1 s0=fng (276,1823) [filtered=966]
cnt=1 s0=fng (277,1819) [filtered=966]
cnt=1 s0=fng (278,1815) [filtered=966]
cnt=1 s0=fng (280,1811) [filtered=966]
cnt=1 s0=fng (281,1807) [filtered=966]
cnt=1 s0=fng (282,1804) [filtered=966]
cnt=1 s0=fng (283,1801) [filtered=966]
cnt=1 s0=fng (284,1798) [filtered=966]
cnt=1 s0=fng (285,1795) [filtered=966]
cnt=1 s0=fng (285,1793) [filtered=966]
cnt=1 s0=fng (286,1791) [filtered=966]
cnt=1 s0=fng (287,1790) [filtered=966]
cnt=1 s0=fng (289,1789) [filtered=966]
cnt=1 s0=fng (290,1788) [filtered=966]
cnt=1 s0=fng (291,1788) [filtered=966]
cnt=1 s0=fng (292,1788) [filtered=966]
cnt=1 s0=fng (293,1789) [filtered=966]
cnt=1 s0=fng (294,1790) [filtered=966]
cnt=1 s0=fng (295,1791) [filtered=966]
cnt=1 s0=fng (296,1793) [filtered=966]
cnt=1 s0=fng (298,1796) [filtered=966]
cnt=1 s0=fng (300,1801) [filtered=966]
cnt=1 s0=fng (303,1807) [filtered=966]
cnt=1 s0=fng (305,1813) [filtered=966]
cnt=1 s0=fng (309,1821) [filtered=966]
cnt=1 s0=fng (313,1830) [filtered=966]
cnt=1 s0=fng (318,1841) [filtered=966]
cnt=1 s0=fng (322,1852) [filtered=966]
cnt=1 s0=fng (326,1864) [filtered=966]
cnt=1 s0=fng (331,1877) [filtered=966]
cnt=1 s0=fng (336,1891) [filtered=966]
cnt=1 s0=fng (340,1904) [filtered=966]
cnt=2 s0=fng (344,1918) s1=fng (1157,301) [filtered=966]
cnt=2 s0=fng (348,1933) s1=fng (1163,310) [filtered=966]
cnt=2 s0=fng (352,1948) s1=fng (1172,323) [filtered=966]
cnt=2 s0=fng (356,1962) s1=fng (1181,336) [filtered=966]
cnt=2 s0=fng (359,1976) s1=fng (1190,351) [filtered=966]
cnt=2 s0=fng (362,1990) s1=fng (1200,366) [filtered=966]
cnt=2 s0=fng (365,2003) s1=fng (1209,379) [filtered=966]
cnt=2 s0=fng (368,2015) s1=fng (1217,392) [filtered=966]
cnt=2 s0=fng (370,2027) s1=fng (1225,404) [filtered=966]
cnt=1 s0=fng (372,2037) [filtered=966]
cnt=1 s0=fng (373,2045) [filtered=966]
cnt=1 s0=fng (373,2053) [filtered=966]
cnt=1 s0=fng (374,2060) [filtered=966]
cnt=1 s0=fng (376,2065) [filtered=966]
cnt=1 s0=fng (377,2069) [filtered=966]
cnt=1 s0=fng (378,2073) [filtered=966]
cnt=1 s0=fng (379,2077) [filtered=966]
cnt=1 s0=fng (380,2081) [filtered=966]
cnt=1 s0=fng (381,2084) [filtered=966]
cnt=1 s0=fng (381,2086) [filtered=966]
cnt=1 s0=fng (381,2088) [filtered=966]
cnt=1 s0=fng (381,2090) [filtered=966]
cnt=1 s0=fng (381,2091) [filtered=966]
cnt=1 s0=fng (380,2092) [filtered=966]
cnt=1 s0=fng (380,2093) [filtered=966]
cnt=1 s0=fng (379,2094) [filtered=966]
cnt=1 s0=fng (378,2095) [filtered=966]
cnt=1 s0=fng (376,2095) [filtered=966]
cnt=1 s0=fng (374,2094) [filtered=966]
cnt=1 s0=fng (373,2094) [filtered=966]
cnt=1 s0=fng (371,2092) [filtered=966]
cnt=1 s0=fng (369,2090) [filtered=966]
cnt=1 s0=fng (367,2086) [filtered=966]
cnt=1 s0=fng (364,2082) [filtered=966]
cnt=1 s0=fng (361,2077) [filtered=966]
cnt=1 s0=fng (359,2073) [filtered=966]
cnt=1 s0=fng (356,2067) [filtered=966]
cnt=1 s0=fng (353,2061) [filtered=966]
cnt=1 s0=fng (349,2055) [filtered=966]
cnt=1 s0=fng (347,2050) [filtered=966]
cnt=1 s0=fng (343,2043) [filtered=966]
cnt=1 s0=fng (339,2036) [filtered=966]
cnt=1 s0=fng (335,2028) [filtered=966]
cnt=1 s0=fng (332,2020) [filtered=966]
cnt=1 s0=fng (328,2012) [filtered=966]
cnt=1 s0=fng (324,2003) [filtered=966]
cnt=1 s0=fng (320,1994) [filtered=966]
cnt=1 s0=fng (315,1985) [filtered=966]
cnt=1 s0=fng (312,1977) [filtered=966]
cnt=1 s0=fng (308,1968) [filtered=966]
cnt=1 s0=fng (304,1959) [filtered=966]
cnt=1 s0=fng (299,1950) [filtered=966]
cnt=1 s0=fng (294,1941) [filtered=966]
cnt=1 s0=fng (290,1932) [filtered=966]
cnt=1 s0=fng (286,1923) [filtered=966]
cnt=1 s0=fng (281,1914) [filtered=966]
cnt=1 s0=fng (276,1905) [filtered=966]
cnt=1 s0=fng (272,1896) [filtered=966]
cnt=1 s0=fng (269,1887) [filtered=966]
cnt=1 s0=fng (266,1878) [filtered=966]
cnt=1 s0=fng (263,1870) [filtered=966]
cnt=1 s0=fng (259,1862) [filtered=966]
cnt=1 s0=fng (255,1854) [filtered=966]
cnt=1 s0=fng (252,1847) [filtered=966]
cnt=1 s0=fng (250,1840) [filtered=966]
cnt=1 s0=fng (248,1834) [filtered=966]
cnt=1 s0=fng (246,1828) [filtered=966]
cnt=1 s0=fng (244,1823) [filtered=966]
cnt=1 s0=fng (242,1819) [filtered=966]
cnt=1 s0=fng (241,1814) [filtered=966]
cnt=1 s0=fng (239,1809) [filtered=966]
cnt=1 s0=fng (237,1805) [filtered=966]
cnt=1 s0=fng (236,1802) [filtered=966]
cnt=1 s0=fng (235,1800) [filtered=966]
cnt=1 s0=fng (234,1798) [filtered=966]
cnt=1 s0=fng (233,1797) [filtered=966]
cnt=1 s0=fng (232,1796) [filtered=966]
cnt=1 s0=fng (232,1795) [filtered=966]
cnt=1 s0=fng (231,1794) [filtered=966]
cnt=1 s0=fng (231,1794) [filtered=966]
cnt=1 s0=fng (231,1795) [filtered=966]
cnt=1 s0=fng (231,1797) [filtered=966]
cnt=1 s0=fng (231,1798) [filtered=966]
cnt=1 s0=fng (231,1801) [filtered=966]
cnt=1 s0=fng (231,1805) [filtered=966]
cnt=1 s0=fng (231,1810) [filtered=966]
cnt=1 s0=fng (231,1814) [filtered=966]
cnt=1 s0=fng (232,1819) [filtered=966]
cnt=1 s0=fng (233,1824) [filtered=966]
cnt=1 s0=fng (234,1830) [filtered=966]
cnt=1 s0=fng (235,1836) [filtered=966]
cnt=1 s0=fng (236,1842) [filtered=966]
cnt=1 s0=fng (237,1849) [filtered=966]
cnt=1 s0=fng (238,1856) [filtered=966]
cnt=1 s0=fng (240,1864) [filtered=966]
cnt=1 s0=fng (241,1872) [filtered=966]
cnt=1 s0=fng (242,1879) [filtered=966]
cnt=1 s0=fng (244,1887) [filtered=966]
cnt=1 s0=fng (246,1895) [filtered=966]
cnt=1 s0=fng (248,1903) [filtered=966]
cnt=1 s0=fng (250,1911) [filtered=966]
cnt=1 s0=fng (251,1918) [filtered=966]
cnt=1 s0=fng (253,1925) [filtered=966]
cnt=1 s0=fng (255,1933) [filtered=966]
cnt=1 s0=fng (257,1940) [filtered=966]
cnt=1 s0=fng (258,1946) [filtered=966]
cnt=1 s0=fng (259,1952) [filtered=966]
cnt=1 s0=fng (261,1957) [filtered=966]
cnt=1 s0=fng (263,1963) [filtered=966]
cnt=1 s0=fng (265,1969) [filtered=966]
cnt=1 s0=fng (266,1974) [filtered=966]
cnt=1 s0=fng (267,1978) [filtered=966]
cnt=1 s0=fng (268,1982) [filtered=966]
cnt=1 s0=fng (270,1987) [filtered=966]
cnt=1 s0=fng (271,1992) [filtered=966]
cnt=1 s0=fng (272,1996) [filtered=966]
cnt=1 s0=fng (273,1999) [filtered=966]
cnt=1 s0=fng (275,2002) [filtered=966]
cnt=1 s0=fng (276,2004) [filtered=966]
cnt=1 s0=fng (277,2006) [filtered=966]
cnt=1 s0=fng (278,2008) [filtered=966]
cnt=1 s0=fng (279,2009) [filtered=966]
cnt=1 s0=fng (280,2008) [filtered=966]
cnt=1 s0=fng (280,2008) [filtered=966]
cnt=1 s0=fng (280,2008) [filtered=966]
cnt=1 s0=fng (280,2008) [filtered=966]
cnt=1 s0=fng (280,2008) [filtered=966]
cnt=1 s0=fng (280,2007) [filtered=966]
cnt=1 s0=fng (280,2005) [filtered=966]
cnt=1 s0=fng (280,2004) [filtered=966]
cnt=1 s0=fng (280,2001) [filtered=966]
cnt=1 s0=fng (279,1997) [filtered=966]
cnt=1 s0=fng (279,1992) [filtered=966]
cnt=1 s0=fng (278,1987) [filtered=966]
cnt=1 s0=fng (277,1982) [filtered=966]
cnt=1 s0=fng (276,1976) [filtered=966]
cnt=1 s0=fng (275,1969) [filtered=966]
cnt=1 s0=fng (274,1962) [filtered=966]
cnt=1 s0=fng (273,1956) [filtered=966]
cnt=1 s0=fng (272,1948) [filtered=966]
cnt=1 s0=fng (270,1939) [filtered=966]
cnt=1 s0=fng (268,1930) [filtered=966]
cnt=1 s0=fng (265,1921) [filtered=966]
cnt=1 s0=fng (264,1912) [filtered=966]
cnt=1 s0=fng (262,1902) [filtered=966]
cnt=1 s0=fng (260,1892) [filtered=966]
cnt=1 s0=fng (257,1882) [filtered=966]
cnt=1 s0=fng (254,1872) [filtered=966]
cnt=1 s0=fng (253,1862) [filtered=966]
cnt=1 s0=fng (251,1852) [filtered=966]
cnt=1 s0=fng (248,1843) [filtered=966]
cnt=1 s0=fng (246,1834) [filtered=966]
cnt=1 s0=fng (243,1825) [filtered=966]
cnt=1 s0=fng (242,1816) [filtered=966]
cnt=1 s0=fng (240,1807) [filtered=966]
cnt=1 s0=fng (237,1798) [filtered=966]
cnt=1 s0=fng (235,1790) [filtered=966]
cnt=1 s0=fng (234,1783) [filtered=966]
cnt=1 s0=fng (232,1777) [filtered=966]
cnt=1 s0=fng (230,1772) [filtered=966]
cnt=1 s0=fng (228,1767) [filtered=966]
cnt=1 s0=fng (226,1762) [filtered=966]
cnt=1 s0=fng (225,1758) [filtered=966]
cnt=1 s0=fng (224,1755) [filtered=966]
cnt=1 s0=fng (223,1753) [filtered=966]
cnt=1 s0=fng (222,1752) [filtered=966]
cnt=1 s0=fng (222,1752) [filtered=966]
cnt=1 s0=fng (222,1752) [filtered=966]
cnt=1 s0=fng (222,1754) [filtered=966]
cnt=1 s0=fng (222,1758) [filtered=966]
cnt=1 s0=fng (222,1763) [filtered=966]
cnt=1 s0=fng (222,1768) [filtered=966]
cnt=1 s0=fng (223,1775) [filtered=966]
cnt=1 s0=fng (224,1784) [filtered=966]
cnt=1 s0=fng (226,1794) [filtered=966]
cnt=1 s0=fng (228,1807) [filtered=966]
cnt=1 s0=fng (229,1819) [filtered=966]
cnt=1 s0=fng (231,1832) [filtered=966]
cnt=1 s0=fng (234,1847) [filtered=966]
cnt=1 s0=fng (237,1864) [filtered=966]
cnt=1 s0=fng (240,1881) [filtered=966]
cnt=1 s0=fng (242,1898) [filtered=966]
cnt=1 s0=fng (245,1916) [filtered=966]
cnt=1 s0=fng (248,1936) [filtered=966]
cnt=1 s0=fng (253,1956) [filtered=966]
cnt=1 s0=fng (256,1976) [filtered=966]
cnt=1 s0=fng (260,1997) [filtered=966]
cnt=1 s0=fng (264,2018) [filtered=966]
cnt=1 s0=fng (268,2039) [filtered=966]
cnt=1 s0=fng (271,2059) [filtered=966]
cnt=1 s0=fng (276,2080) [filtered=966]
cnt=1 s0=fng (281,2101) [filtered=966]
cnt=1 s0=fng (286,2121) [filtered=966]
cnt=1 s0=fng (290,2140) [filtered=966]
cnt=1 s0=fng (294,2158) [filtered=966]
cnt=1 s0=fng (298,2176) [filtered=966]
cnt=1 s0=fng (303,2194) [filtered=966]
cnt=1 s0=fng (307,2211) [filtered=966]
cnt=1 s0=fng (310,2227) [filtered=966]
cnt=1 s0=fng (313,2242) [filtered=966]
cnt=1 s0=fng (316,2255) [filtered=966]
cnt=1 s0=fng (318,2268) [filtered=966]
cnt=1 s0=fng (321,2281) [filtered=966]
cnt=1 s0=fng (323,2293) [filtered=966]
cnt=1 s0=fng (325,2304) [filtered=966]
cnt=1 s0=fng (327,2314) [filtered=966]
cnt=1 s0=fng (329,2322) [filtered=966]
cnt=1 s0=fng (330,2330) [filtered=966]
cnt=1 s0=fng (331,2338) [filtered=966]
cnt=1 s0=fng (332,2345) [filtered=966]
cnt=1 s0=fng (333,2351) [filtered=966]
cnt=1 s0=fng (333,2356) [filtered=966]
cnt=1 s0=fng (333,2361) [filtered=966]
cnt=1 s0=fng (333,2365) [filtered=966]
cnt=1 s0=fng (333,2367) [filtered=966]
cnt=1 s0=fng (332,2367) [filtered=966]
cnt=1 s0=fng (331,2363) [filtered=966]
cnt=1 s0=fng (330,2359) [filtered=966]
cnt=1 s0=fng (329,2353) [filtered=966]
cnt=1 s0=fng (326,2347) [filtered=966]
cnt=1 s0=fng (323,2338) [filtered=966]
cnt=1 s0=fng (320,2328) [filtered=966]
cnt=1 s0=fng (318,2319) [filtered=966]
cnt=1 s0=fng (314,2308) [filtered=966]
cnt=1 s0=fng (310,2295) [filtered=966]
cnt=1 s0=fng (306,2281) [filtered=966]
cnt=1 s0=fng (301,2265) [filtered=966]
cnt=1 s0=fng (297,2250) [filtered=966]
cnt=1 s0=fng (292,2233) [filtered=966]
cnt=1 s0=fng (287,2216) [filtered=966]
cnt=1 s0=fng (282,2198) [filtered=966]
cnt=1 s0=fng (277,2178) [filtered=966]
cnt=1 s0=fng (273,2159) [filtered=966]
cnt=1 s0=fng (268,2139) [filtered=966]
cnt=1 s0=fng (263,2119) [filtered=966]
cnt=1 s0=fng (257,2098) [filtered=966]
cnt=1 s0=fng (252,2077) [filtered=966]
cnt=1 s0=fng (246,2056) [filtered=966]
cnt=1 s0=fng (240,2035) [filtered=966]
cnt=1 s0=fng (234,2014) [filtered=966]
cnt=1 s0=fng (229,1994) [filtered=966]
cnt=1 s0=fng (224,1975) [filtered=966]
cnt=1 s0=fng (219,1955) [filtered=966]
cnt=1 s0=fng (214,1936) [filtered=966]
cnt=1 s0=fng (208,1918) [filtered=966]
cnt=1 s0=fng (202,1901) [filtered=966]
cnt=1 s0=fng (197,1885) [filtered=966]
cnt=1 s0=fng (192,1868) [filtered=966]
cnt=1 s0=fng (187,1853) [filtered=966]
cnt=1 s0=fng (182,1839) [filtered=966]
cnt=1 s0=fng (177,1826) [filtered=966]
cnt=1 s0=fng (173,1814) [filtered=966]
cnt=1 s0=fng (169,1803) [filtered=966]
cnt=1 s0=fng (165,1793) [filtered=966]
cnt=1 s0=fng (162,1783) [filtered=966]
cnt=1 s0=fng (160,1774) [filtered=966]
cnt=1 s0=fng (155,1766) [filtered=966]
cnt=1 s0=fng (150,1758) [filtered=966]
cnt=1 s0=fng (146,1752) [filtered=966]
cnt=1 s0=fng (142,1747) [filtered=966]
cnt=1 s0=fng (139,1742) [filtered=966]
cnt=1 s0=fng (137,1738) [filtered=966]
cnt=1 s0=fng (136,1734) [filtered=966]
cnt=1 s0=fng (137,1732) [filtered=966]
cnt=1 s0=fng (137,1732) [filtered=966]
cnt=1 s0=fng (137,1732) [filtered=966]
cnt=1 s0=fng (138,1735) [filtered=966]
cnt=1 s0=fng (139,1740) [filtered=966]
cnt=1 s0=fng (142,1746) [filtered=966]
cnt=1 s0=fng (144,1751) [filtered=966]
cnt=1 s0=fng (148,1757) [filtered=966]
cnt=1 s0=fng (152,1766) [filtered=966]
cnt=1 s0=fng (157,1777) [filtered=966]
cnt=1 s0=fng (162,1790) [filtered=966]
cnt=1 s0=fng (165,1802) [filtered=966]
cnt=1 s0=fng (169,1815) [filtered=966]
cnt=1 s0=fng (173,1830) [filtered=966]
cnt=1 s0=fng (177,1846) [filtered=966]
cnt=1 s0=fng (180,1862) [filtered=966]
cnt=1 s0=fng (185,1879) [filtered=966]
cnt=1 s0=fng (190,1897) [filtered=966]
cnt=1 s0=fng (195,1916) [filtered=966]
cnt=1 s0=fng (200,1935) [filtered=966]
cnt=1 s0=fng (204,1954) [filtered=966]
cnt=1 s0=fng (209,1974) [filtered=966]
cnt=1 s0=fng (215,1995) [filtered=966]
cnt=1 s0=fng (221,2016) [filtered=966]
cnt=1 s0=fng (226,2036) [filtered=966]
cnt=1 s0=fng (231,2057) [filtered=966]
cnt=1 s0=fng (237,2078) [filtered=966]
cnt=1 s0=fng (243,2099) [filtered=966]
cnt=1 s0=fng (249,2119) [filtered=966]
cnt=1 s0=fng (254,2138) [filtered=966]
cnt=1 s0=fng (260,2158) [filtered=966]
cnt=1 s0=fng (266,2177) [filtered=966]
cnt=1 s0=fng (272,2195) [filtered=966]
cnt=1 s0=fng (277,2212) [filtered=966]
cnt=1 s0=fng (282,2229) [filtered=966]
cnt=1 s0=fng (287,2246) [filtered=966]
cnt=1 s0=fng (292,2263) [filtered=966]
cnt=1 s0=fng (297,2278) [filtered=966]
cnt=1 s0=fng (301,2292) [filtered=966]
cnt=1 s0=fng (306,2305) [filtered=966]
cnt=1 s0=fng (311,2317) [filtered=966]
cnt=1 s0=fng (316,2329) [filtered=966]
cnt=1 s0=fng (321,2340) [filtered=966]
cnt=1 s0=fng (325,2350) [filtered=966]
cnt=1 s0=fng (329,2359) [filtered=966]
cnt=1 s0=fng (332,2367) [filtered=966]
cnt=1 s0=fng (335,2374) [filtered=966]
cnt=1 s0=fng (338,2381) [filtered=966]
cnt=1 s0=fng (340,2387) [filtered=966]
cnt=1 s0=fng (342,2392) [filtered=966]
cnt=1 s0=fng (343,2396) [filtered=966]
cnt=1 s0=fng (345,2399) [filtered=966]
cnt=1 s0=fng (346,2402) [filtered=966]
cnt=1 s0=fng (347,2403) [filtered=966]
cnt=1 s0=fng (348,2403) [filtered=966]
cnt=1 s0=fng (348,2399) [filtered=966]
cnt=1 s0=fng (347,2393) [filtered=966]
cnt=1 s0=fng (347,2388) [filtered=966]
cnt=1 s0=fng (346,2382) [filtered=966]
cnt=1 s0=fng (345,2373) [filtered=966]
cnt=1 s0=fng (343,2363) [filtered=966]
cnt=1 s0=fng (341,2350) [filtered=966]
cnt=1 s0=fng (340,2338) [filtered=966]
cnt=1 s0=fng (338,2325) [filtered=966]
cnt=1 s0=fng (335,2310) [filtered=966]
cnt=1 s0=fng (331,2292) [filtered=966]
cnt=1 s0=fng (327,2273) [filtered=966]
cnt=1 s0=fng (325,2255) [filtered=966]
cnt=1 s0=fng (321,2235) [filtered=966]
cnt=1 s0=fng (316,2214) [filtered=966]
cnt=1 s0=fng (311,2192) [filtered=966]
cnt=1 s0=fng (306,2169) [filtered=966]
cnt=1 s0=fng (302,2147) [filtered=966]
cnt=1 s0=fng (297,2124) [filtered=966]
cnt=1 s0=fng (292,2100) [filtered=966]
cnt=1 s0=fng (287,2075) [filtered=966]
cnt=1 s0=fng (283,2050) [filtered=966]
cnt=1 s0=fng (278,2025) [filtered=966]
cnt=1 s0=fng (273,2000) [filtered=966]
cnt=1 s0=fng (268,1975) [filtered=966]
cnt=1 s0=fng (262,1950) [filtered=966]
cnt=1 s0=fng (257,1925) [filtered=966]
cnt=1 s0=fng (251,1900) [filtered=966]
cnt=1 s0=fng (245,1876) [filtered=966]
cnt=1 s0=fng (239,1853) [filtered=966]
cnt=1 s0=fng (233,1831) [filtered=966]
cnt=1 s0=fng (228,1810) [filtered=966]
cnt=1 s0=fng (223,1789) [filtered=966]
cnt=1 s0=fng (218,1769) [filtered=966]
cnt=1 s0=fng (213,1750) [filtered=966]
cnt=1 s0=fng (208,1732) [filtered=966]
cnt=1 s0=fng (203,1716) [filtered=966]
cnt=1 s0=fng (198,1700) [filtered=966]
cnt=1 s0=fng (193,1685) [filtered=966]
cnt=1 s0=fng (189,1671) [filtered=966]
cnt=1 s0=fng (186,1658) [filtered=966]
cnt=1 s0=fng (182,1646) [filtered=966]
cnt=1 s0=fng (178,1636) [filtered=966]
cnt=1 s0=fng (175,1627) [filtered=966]
cnt=1 s0=fng (172,1618) [filtered=966]
cnt=1 s0=fng (170,1610) [filtered=966]
cnt=1 s0=fng (169,1602) [filtered=966]
cnt=1 s0=fng (168,1595) [filtered=966]
cnt=1 s0=fng (167,1590) [filtered=966]
cnt=1 s0=fng (166,1585) [filtered=966]
cnt=1 s0=fng (165,1581) [filtered=966]
cnt=1 s0=fng (165,1578) [filtered=966]
cnt=1 s0=fng (166,1577) [filtered=966]
cnt=1 s0=fng (167,1577) [filtered=966]
cnt=1 s0=fng (168,1577) [filtered=966]
cnt=1 s0=fng (169,1582) [filtered=966]
cnt=1 s0=fng (172,1589) [filtered=966]
cnt=1 s0=fng (175,1596) [filtered=966]
cnt=1 s0=fng (179,1606) [filtered=966]
cnt=1 s0=fng (181,1615) [filtered=966]
cnt=1 s0=fng (185,1626) [filtered=966]
cnt=1 s0=fng (190,1639) [filtered=966]
cnt=1 s0=fng (195,1655) [filtered=966]
cnt=1 s0=fng (199,1670) [filtered=966]
cnt=1 s0=fng (203,1687) [filtered=966]
cnt=1 s0=fng (208,1706) [filtered=966]
cnt=1 s0=fng (214,1727) [filtered=966]
cnt=1 s0=fng (220,1750) [filtered=966]
cnt=1 s0=fng (225,1772) [filtered=966]
cnt=1 s0=fng (231,1795) [filtered=966]
cnt=1 s0=fng (238,1819) [filtered=966]
cnt=1 s0=fng (246,1844) [filtered=966]
cnt=1 s0=fng (253,1869) [filtered=966]
cnt=1 s0=fng (261,1894) [filtered=966]
cnt=1 s0=fng (269,1920) [filtered=966]
cnt=1 s0=fng (278,1946) [filtered=966]
cnt=1 s0=fng (286,1971) [filtered=966]
cnt=1 s0=fng (294,1997) [filtered=966]
cnt=1 s0=fng (302,2023) [filtered=966]
cnt=1 s0=fng (311,2049) [filtered=966]
cnt=1 s0=fng (320,2074) [filtered=966]
cnt=1 s0=fng (328,2098) [filtered=966]
cnt=1 s0=fng (336,2123) [filtered=966]
cnt=1 s0=fng (344,2147) [filtered=966]
cnt=1 s0=fng (352,2170) [filtered=966]
cnt=1 s0=fng (360,2192) [filtered=966]
cnt=1 s0=fng (367,2213) [filtered=966]
cnt=1 s0=fng (374,2234) [filtered=966]
cnt=1 s0=fng (381,2254) [filtered=966]
cnt=1 s0=fng (388,2273) [filtered=966]
cnt=1 s0=fng (394,2290) [filtered=966]
cnt=1 s0=fng (400,2306) [filtered=966]
cnt=1 s0=fng (405,2322) [filtered=966]
cnt=1 s0=fng (410,2337) [filtered=966]
cnt=1 s0=fng (414,2351) [filtered=966]
cnt=1 s0=fng (418,2363) [filtered=966]
cnt=1 s0=fng (421,2375) [filtered=966]
cnt=1 s0=fng (424,2387) [filtered=966]
cnt=1 s0=fng (427,2397) [filtered=966]
cnt=1 s0=fng (429,2406) [filtered=966]
cnt=1 s0=fng (430,2414) [filtered=966]
cnt=1 s0=fng (431,2421) [filtered=966]
cnt=1 s0=fng (432,2428) [filtered=966]
cnt=1 s0=fng (432,2434) [filtered=966]
cnt=1 s0=fng (432,2439) [filtered=966]
cnt=1 s0=fng (432,2443) [filtered=966]
cnt=1 s0=fng (432,2446) [filtered=966]
cnt=1 s0=fng (432,2449) [filtered=966]
cnt=1 s0=fng (429,2450) [filtered=966]
cnt=1 s0=fng (426,2450) [filtered=966]
cnt=1 s0=fng (423,2446) [filtered=966]
cnt=1 s0=fng (422,2442) [filtered=966]
cnt=1 s0=fng (420,2436) [filtered=966]
cnt=1 s0=fng (417,2428) [filtered=966]
cnt=1 s0=fng (413,2419) [filtered=966]
cnt=1 s0=fng (408,2409) [filtered=966]
cnt=1 s0=fng (402,2397) [filtered=966]
cnt=1 s0=fng (398,2386) [filtered=966]
cnt=1 s0=fng (393,2371) [filtered=966]
cnt=1 s0=fng (387,2354) [filtered=966]
cnt=1 s0=fng (381,2336) [filtered=966]
cnt=1 s0=fng (375,2316) [filtered=966]
cnt=1 s0=fng (370,2297) [filtered=966]
cnt=1 s0=fng (364,2277) [filtered=966]
cnt=1 s0=fng (358,2256) [filtered=966]
cnt=1 s0=fng (351,2233) [filtered=966]
cnt=1 s0=fng (345,2210) [filtered=966]
cnt=1 s0=fng (338,2188) [filtered=966]
cnt=1 s0=fng (330,2165) [filtered=966]
cnt=1 s0=fng (322,2141) [filtered=966]
cnt=1 s0=fng (314,2117) [filtered=966]
cnt=1 s0=fng (307,2093) [filtered=966]
cnt=1 s0=fng (299,2068) [filtered=966]
cnt=1 s0=fng (291,2043) [filtered=966]
cnt=1 s0=fng (283,2018) [filtered=966]
cnt=1 s0=fng (275,1993) [filtered=966]
cnt=1 s0=fng (268,1969) [filtered=966]
cnt=1 s0=fng (260,1944) [filtered=966]
cnt=1 s0=fng (252,1920) [filtered=966]
cnt=1 s0=fng (244,1896) [filtered=966]
cnt=1 s0=fng (236,1873) [filtered=966]
cnt=1 s0=fng (229,1851) [filtered=966]
cnt=1 s0=fng (222,1829) [filtered=966]
cnt=1 s0=fng (215,1808) [filtered=966]
cnt=1 s0=fng (208,1787) [filtered=966]
cnt=1 s0=fng (202,1767) [filtered=966]
cnt=1 s0=fng (196,1748) [filtered=966]
cnt=1 s0=fng (190,1730) [filtered=966]
cnt=1 s0=fng (183,1712) [filtered=966]
cnt=1 s0=fng (177,1695) [filtered=966]
cnt=1 s0=fng (172,1679) [filtered=966]
cnt=1 s0=fng (167,1665) [filtered=966]
cnt=1 s0=fng (163,1653) [filtered=966]
cnt=1 s0=fng (157,1640) [filtered=966]
cnt=1 s0=fng (150,1628) [filtered=966]
cnt=1 s0=fng (144,1617) [filtered=966]
cnt=1 s0=fng (138,1607) [filtered=966]
cnt=1 s0=fng (132,1598) [filtered=966]
cnt=1 s0=fng (127,1590) [filtered=966]
cnt=1 s0=fng (122,1582) [filtered=966]
cnt=1 s0=fng (118,1574) [filtered=966]
cnt=1 s0=fng (115,1568) [filtered=966]
cnt=1 s0=fng (113,1563) [filtered=966]
cnt=1 s0=fng (112,1559) [filtered=966]
cnt=1 s0=fng (112,1555) [filtered=966]
cnt=1 s0=fng (112,1552) [filtered=966]
cnt=1 s0=fng (112,1550) [filtered=966]
cnt=1 s0=fng (113,1550) [filtered=966]
cnt=1 s0=fng (115,1553) [filtered=966]
cnt=1 s0=fng (116,1556) [filtered=966]
cnt=1 s0=fng (119,1562) [filtered=966]
cnt=1 s0=fng (123,1568) [filtered=966]
cnt=1 s0=fng (129,1577) [filtered=966]
cnt=1 s0=fng (135,1588) [filtered=966]
cnt=1 s0=fng (141,1598) [filtered=966]
cnt=1 s0=fng (148,1611) [filtered=966]
cnt=1 s0=fng (155,1626) [filtered=966]
cnt=1 s0=fng (161,1643) [filtered=966]
cnt=1 s0=fng (166,1660) [filtered=966]
cnt=1 s0=fng (171,1679) [filtered=966]
cnt=1 s0=fng (176,1700) [filtered=966]
cnt=1 s0=fng (181,1723) [filtered=966]
cnt=1 s0=fng (187,1748) [filtered=966]
cnt=1 s0=fng (193,1773) [filtered=966]
cnt=1 s0=fng (200,1799) [filtered=966]
cnt=1 s0=fng (207,1827) [filtered=966]
cnt=1 s0=fng (214,1856) [filtered=966]
cnt=1 s0=fng (220,1885) [filtered=966]
cnt=1 s0=fng (228,1915) [filtered=966]
cnt=1 s0=fng (237,1946) [filtered=966]
cnt=1 s0=fng (246,1977) [filtered=966]
cnt=1 s0=fng (255,2008) [filtered=966]
cnt=1 s0=fng (263,2039) [filtered=966]
cnt=1 s0=fng (272,2070) [filtered=966]
cnt=1 s0=fng (281,2100) [filtered=966]
cnt=1 s0=fng (291,2129) [filtered=966]
cnt=1 s0=fng (300,2157) [filtered=966]
cnt=1 s0=fng (310,2186) [filtered=966]
cnt=1 s0=fng (320,2214) [filtered=966]
cnt=1 s0=fng (330,2240) [filtered=966]
cnt=1 s0=fng (340,2265) [filtered=966]
cnt=1 s0=fng (350,2289) [filtered=966]
cnt=1 s0=fng (360,2314) [filtered=966]
cnt=1 s0=fng (370,2337) [filtered=966]
cnt=1 s0=fng (380,2359) [filtered=966]
cnt=1 s0=fng (389,2380) [filtered=966]
cnt=1 s0=fng (399,2400) [filtered=966]
cnt=1 s0=fng (408,2419) [filtered=966]
cnt=1 s0=fng (417,2438) [filtered=966]
cnt=1 s0=fng (426,2456) [filtered=966]
cnt=1 s0=fng (434,2473) [filtered=966]
cnt=1 s0=fng (442,2489) [filtered=966]
cnt=1 s0=fng (450,2503) [filtered=966]
cnt=1 s0=fng (457,2516) [filtered=966]
cnt=1 s0=fng (463,2529) [filtered=966]
cnt=1 s0=fng (468,2541) [filtered=966]
cnt=1 s0=fng (472,2552) [filtered=966]
cnt=1 s0=fng (477,2562) [filtered=966]
cnt=1 s0=fng (482,2571) [filtered=966]
cnt=1 s0=fng (486,2579) [filtered=966]
cnt=1 s0=fng (489,2587) [filtered=966]
cnt=1 s0=fng (491,2595) [filtered=966]
cnt=1 s0=fng (492,2602) [filtered=966]
cnt=1 s0=fng (493,2608) [filtered=966]
cnt=1 s0=fng (493,2614) [filtered=966]
cnt=1 s0=fng (494,2619) [filtered=966]
cnt=1 s0=fng (494,2623) [filtered=966]
cnt=1 s0=fng (493,2627) [filtered=966]
cnt=1 s0=fng (491,2630) [filtered=966]
cnt=1 s0=fng (490,2633) [filtered=966]
cnt=1 s0=fng (488,2634) [filtered=966]
cnt=1 s0=fng (484,2634) [filtered=966]
cnt=1 s0=fng (480,2630) [filtered=966]
cnt=1 s0=fng (474,2624) [filtered=966]
cnt=1 s0=fng (470,2619) [filtered=966]
cnt=1 s0=fng (465,2613) [filtered=966]
cnt=1 s0=fng (459,2604) [filtered=966]
cnt=1 s0=fng (452,2593) [filtered=966]
cnt=1 s0=fng (446,2583) [filtered=966]
cnt=1 s0=fng (439,2570) [filtered=966]
cnt=1 s0=fng (432,2555) [filtered=966]
cnt=1 s0=fng (424,2538) [filtered=966]
cnt=1 s0=fng (416,2518) [filtered=966]
cnt=1 s0=fng (407,2496) [filtered=966]
cnt=1 s0=fng (399,2475) [filtered=966]
cnt=1 s0=fng (390,2451) [filtered=966]
cnt=1 s0=fng (380,2425) [filtered=966]
cnt=1 s0=fng (370,2397) [filtered=966]
cnt=1 s0=fng (361,2369) [filtered=966]
cnt=1 s0=fng (352,2340) [filtered=966]
cnt=1 s0=fng (342,2310) [filtered=966]
cnt=1 s0=fng (332,2278) [filtered=966]
cnt=1 s0=fng (321,2245) [filtered=966]
cnt=1 s0=fng (311,2212) [filtered=966]
cnt=1 s0=fng (300,2179) [filtered=966]
cnt=1 s0=fng (289,2145) [filtered=966]
cnt=1 s0=fng (278,2111) [filtered=966]
cnt=1 s0=fng (267,2077) [filtered=966]
cnt=1 s0=fng (257,2043) [filtered=966]
cnt=1 s0=fng (245,2008) [filtered=966]
cnt=1 s0=fng (233,1974) [filtered=966]
cnt=1 s0=fng (221,1940) [filtered=966]
cnt=1 s0=fng (210,1906) [filtered=966]
cnt=1 s0=fng (200,1872) [filtered=966]
cnt=1 s0=fng (190,1837) [filtered=966]
cnt=1 s0=fng (190,1837) [filtered=966]
cnt=1 s0=fng (21,1550) [filtered=966]
cnt=1 s0=fng (25,1559) [filtered=966]
cnt=1 s0=fng (32,1576) [filtered=966]
cnt=1 s0=fng (44,1603) [filtered=966]
cnt=1 s0=fng (55,1629) [filtered=966]
cnt=1 s0=fng (71,1665) [filtered=966]
cnt=1 s0=fng (91,1710) [filtered=966]
cnt=1 s0=fng (112,1755) [filtered=966]
cnt=1 s0=fng (132,1800) [filtered=966]
cnt=1 s0=fng (152,1841) [filtered=966]
cnt=1 s0=fng (166,1879) [filtered=966]
cnt=1 s0=fng (178,1915) [filtered=966]
cnt=1 s0=fng (189,1950) [filtered=966]
cnt=1 s0=fng (198,1983) [filtered=966]
cnt=1 s0=fng (206,2015) [filtered=966]
cnt=1 s0=fng (214,2044) [filtered=966]
cnt=1 s0=fng (222,2073) [filtered=966]
cnt=1 s0=fng (230,2101) [filtered=966]
cnt=1 s0=fng (238,2129) [filtered=966]
cnt=1 s0=fng (246,2158) [filtered=966]
cnt=1 s0=fng (256,2187) [filtered=966]
cnt=1 s0=fng (265,2215) [filtered=966]
cnt=1 s0=fng (274,2242) [filtered=966]
cnt=1 s0=fng (283,2268) [filtered=966]
cnt=1 s0=fng (293,2295) [filtered=966]
cnt=1 s0=fng (303,2321) [filtered=966]
cnt=1 s0=fng (313,2346) [filtered=966]
cnt=1 s0=fng (322,2370) [filtered=966]
cnt=1 s0=fng (333,2395) [filtered=966]
cnt=1 s0=fng (344,2418) [filtered=966]
cnt=1 s0=fng (355,2441) [filtered=966]
cnt=1 s0=fng (365,2463) [filtered=966]
cnt=1 s0=fng (373,2483) [filtered=966]
cnt=1 s0=fng (381,2502) [filtered=966]
cnt=1 s0=fng (390,2520) [filtered=966]
cnt=1 s0=fng (399,2536) [filtered=966]
cnt=1 s0=fng (407,2552) [filtered=966]
cnt=1 s0=fng (414,2568) [filtered=966]
cnt=1 s0=fng (420,2582) [filtered=966]
cnt=1 s0=fng (425,2594) [filtered=966]
cnt=1 s0=fng (431,2606) [filtered=966]
cnt=1 s0=fng (436,2618) [filtered=966]
cnt=1 s0=fng (440,2629) [filtered=966]
cnt=1 s0=fng (444,2639) [filtered=966]
cnt=1 s0=fng (447,2647) [filtered=966]
cnt=1 s0=fng (450,2655) [filtered=966]
cnt=1 s0=fng (452,2663) [filtered=966]
cnt=1 s0=fng (453,2670) [filtered=966]
cnt=1 s0=fng (454,2676) [filtered=966]
cnt=1 s0=fng (454,2682) [filtered=966]
cnt=1 s0=fng (454,2688) [filtered=966]
cnt=1 s0=fng (453,2693) [filtered=966]
cnt=1 s0=fng (451,2697) [filtered=966]
cnt=1 s0=fng (447,2700) [filtered=966]
cnt=1 s0=fng (442,2702) [filtered=966]
cnt=1 s0=fng (438,2704) [filtered=966]
cnt=1 s0=fng (433,2704) [filtered=966]
cnt=1 s0=fng (427,2701) [filtered=966]
cnt=1 s0=fng (420,2696) [filtered=966]
cnt=1 s0=fng (412,2689) [filtered=966]
cnt=1 s0=fng (405,2682) [filtered=966]
cnt=1 s0=fng (398,2674) [filtered=966]
cnt=1 s0=fng (390,2664) [filtered=966]
cnt=1 s0=fng (382,2650) [filtered=966]
cnt=1 s0=fng (374,2634) [filtered=966]
cnt=1 s0=fng (367,2619) [filtered=966]
cnt=1 s0=fng (359,2601) [filtered=966]
cnt=1 s0=fng (351,2580) [filtered=966]
cnt=1 s0=fng (343,2555) [filtered=966]
cnt=1 s0=fng (334,2528) [filtered=966]
cnt=1 s0=fng (326,2502) [filtered=966]
cnt=1 s0=fng (318,2473) [filtered=966]
cnt=1 s0=fng (309,2441) [filtered=966]
cnt=1 s0=fng (299,2407) [filtered=966]
cnt=1 s0=fng (290,2373) [filtered=966]
cnt=1 s0=fng (281,2337) [filtered=966]
cnt=1 s0=fng (271,2300) [filtered=966]
cnt=1 s0=fng (260,2262) [filtered=966]
cnt=1 s0=fng (249,2222) [filtered=966]
cnt=1 s0=fng (239,2183) [filtered=966]
cnt=1 s0=fng (227,2143) [filtered=966]
cnt=1 s0=fng (216,2102) [filtered=966]
cnt=1 s0=fng (205,2061) [filtered=966]
cnt=1 s0=fng (205,2061) [filtered=966]
cnt=1 s0=fng (23,1493) [filtered=966]
cnt=1 s0=fng (23,1493) [filtered=966]
cnt=1 s0=fng (27,1503) [filtered=966]
cnt=1 s0=fng (36,1523) [filtered=966]
cnt=1 s0=fng (49,1552) [filtered=966]
cnt=1 s0=fng (61,1580) [filtered=966]
cnt=1 s0=fng (78,1617) [filtered=966]
cnt=1 s0=fng (96,1655) [filtered=966]
cnt=1 s0=fng (114,1692) [filtered=966]
cnt=1 s0=fng (132,1729) [filtered=966]
cnt=1 s0=fng (149,1763) [filtered=966]
cnt=1 s0=fng (162,1796) [filtered=966]
cnt=1 s0=fng (172,1827) [filtered=966]
cnt=1 s0=fng (181,1856) [filtered=966]
cnt=1 s0=fng (189,1884) [filtered=966]
cnt=1 s0=fng (196,1912) [filtered=966]
cnt=1 s0=fng (204,1940) [filtered=966]
cnt=1 s0=fng (212,1969) [filtered=966]
cnt=1 s0=fng (221,1998) [filtered=966]
cnt=1 s0=fng (229,2026) [filtered=966]
cnt=1 s0=fng (237,2055) [filtered=966]
cnt=1 s0=fng (246,2084) [filtered=966]
cnt=1 s0=fng (255,2113) [filtered=966]
cnt=1 s0=fng (263,2141) [filtered=966]
cnt=1 s0=fng (271,2168) [filtered=966]
cnt=1 s0=fng (280,2194) [filtered=966]
cnt=1 s0=fng (289,2220) [filtered=966]
cnt=1 s0=fng (297,2245) [filtered=966]
cnt=1 s0=fng (305,2269) [filtered=966]
cnt=1 s0=fng (314,2292) [filtered=966]
cnt=1 s0=fng (323,2313) [filtered=966]
cnt=1 s0=fng (332,2333) [filtered=966]
cnt=1 s0=fng (340,2353) [filtered=966]
cnt=1 s0=fng (349,2372) [filtered=966]
cnt=1 s0=fng (357,2389) [filtered=966]
cnt=1 s0=fng (365,2405) [filtered=966]
cnt=1 s0=fng (372,2420) [filtered=966]
cnt=1 s0=fng (378,2435) [filtered=966]
cnt=1 s0=fng (383,2448) [filtered=966]
cnt=1 s0=fng (389,2460) [filtered=966]
cnt=1 s0=fng (394,2471) [filtered=966]
cnt=1 s0=fng (399,2480) [filtered=966]
cnt=1 s0=fng (403,2489) [filtered=966]
cnt=1 s0=fng (407,2497) [filtered=966]
cnt=1 s0=fng (411,2505) [filtered=966]
cnt=1 s0=fng (414,2512) [filtered=966]
cnt=1 s0=fng (416,2519) [filtered=966]
cnt=1 s0=fng (418,2525) [filtered=966]
cnt=1 s0=fng (419,2530) [filtered=966]
cnt=1 s0=fng (420,2534) [filtered=966]
cnt=1 s0=fng (421,2538) [filtered=966]
cnt=1 s0=fng (422,2542) [filtered=966]
cnt=1 s0=fng (422,2545) [filtered=966]
cnt=1 s0=fng (422,2546) [filtered=966]
cnt=1 s0=fng (421,2546) [filtered=966]
cnt=1 s0=fng (420,2546) [filtered=966]
cnt=1 s0=fng (420,2546) [filtered=966]
cnt=1 s0=fng (419,2542) [filtered=966]
cnt=1 s0=fng (417,2535) [filtered=966]
cnt=1 s0=fng (415,2527) [filtered=966]
cnt=1 s0=fng (414,2519) [filtered=966]
cnt=1 s0=fng (412,2509) [filtered=966]
cnt=1 s0=fng (409,2498) [filtered=966]
cnt=1 s0=fng (405,2487) [filtered=966]
cnt=1 s0=fng (401,2474) [filtered=966]
cnt=1 s0=fng (398,2462) [filtered=966]
cnt=1 s0=fng (394,2449) [filtered=966]
cnt=1 s0=fng (390,2435) [filtered=966]
cnt=1 s0=fng (386,2420) [filtered=966]
cnt=1 s0=fng (381,2405) [filtered=966]
cnt=1 s0=fng (376,2389) [filtered=966]
cnt=1 s0=fng (373,2374) [filtered=966]
cnt=1 s0=fng (368,2358) [filtered=966]
cnt=1 s0=fng (363,2342) [filtered=966]
cnt=1 s0=fng (358,2326) [filtered=966]
cnt=1 s0=fng (354,2310) [filtered=966]
cnt=1 s0=fng (350,2295) [filtered=966]
cnt=1 s0=fng (347,2280) [filtered=966]
cnt=1 s0=fng (343,2265) [filtered=966]
cnt=1 s0=fng (339,2251) [filtered=966]
cnt=1 s0=fng (336,2237) [filtered=966]
cnt=1 s0=fng (334,2223) [filtered=966]
cnt=1 s0=fng (332,2210) [filtered=966]
cnt=1 s0=fng (330,2197) [filtered=966]
cnt=1 s0=fng (327,2184) [filtered=966]
cnt=1 s0=fng (325,2171) [filtered=966]
cnt=1 s0=fng (324,2158) [filtered=966]
cnt=1 s0=fng (325,2146) [filtered=966]
cnt=1 s0=fng (325,2134) [filtered=966]
cnt=1 s0=fng (325,2123) [filtered=966]
cnt=1 s0=fng (325,2112) [filtered=966]
cnt=1 s0=fng (326,2102) [filtered=966]
cnt=1 s0=fng (327,2093) [filtered=966]
cnt=1 s0=fng (329,2084) [filtered=966]
cnt=1 s0=fng (330,2076) [filtered=966]
cnt=1 s0=fng (331,2069) [filtered=966]
cnt=1 s0=fng (333,2063) [filtered=966]
cnt=1 s0=fng (335,2058) [filtered=966]
cnt=1 s0=fng (337,2052) [filtered=966]
cnt=1 s0=fng (338,2047) [filtered=966]
cnt=1 s0=fng (341,2042) [filtered=966]
cnt=1 s0=fng (344,2036) [filtered=966]
cnt=1 s0=fng (348,2030) [filtered=966]
cnt=1 s0=fng (350,2025) [filtered=966]
cnt=1 s0=fng (353,2020) [filtered=966]
cnt=1 s0=fng (357,2014) [filtered=966]
cnt=1 s0=fng (361,2008) [filtered=966]
cnt=1 s0=fng (365,2002) [filtered=966]
cnt=1 s0=fng (368,1997) [filtered=966]
cnt=1 s0=fng (372,1990) [filtered=966]
cnt=1 s0=fng (376,1983) [filtered=966]
cnt=1 s0=fng (380,1976) [filtered=966]
cnt=1 s0=fng (384,1968) [filtered=966]
cnt=1 s0=fng (387,1960) [filtered=966]
cnt=1 s0=fng (389,1951) [filtered=966]
cnt=1 s0=fng (391,1942) [filtered=966]
cnt=1 s0=fng (394,1933) [filtered=966]
cnt=1 s0=fng (397,1924) [filtered=966]
cnt=1 s0=fng (399,1916) [filtered=966]
cnt=1 s0=fng (401,1907) [filtered=966]
cnt=1 s0=fng (403,1898) [filtered=966]
cnt=1 s0=fng (405,1888) [filtered=966]
cnt=1 s0=fng (406,1878) [filtered=966]
cnt=1 s0=fng (407,1867) [filtered=966]
cnt=1 s0=fng (409,1855) [filtered=966]
cnt=1 s0=fng (410,1843) [filtered=966]
cnt=1 s0=fng (411,1831) [filtered=966]
cnt=1 s0=fng (412,1819) [filtered=966]
cnt=1 s0=fng (413,1806) [filtered=966]
cnt=1 s0=fng (413,1793) [filtered=966]
cnt=1 s0=fng (413,1780) [filtered=966]
cnt=1 s0=fng (413,1768) [filtered=966]
cnt=1 s0=fng (413,1755) [filtered=966]
cnt=1 s0=fng (413,1742) [filtered=966]
cnt=1 s0=fng (413,1729) [filtered=966]
cnt=1 s0=fng (412,1716) [filtered=966]
cnt=1 s0=fng (412,1703) [filtered=966]
cnt=1 s0=fng (412,1690) [filtered=966]
cnt=1 s0=fng (411,1677) [filtered=966]
cnt=1 s0=fng (410,1664) [filtered=966]
cnt=1 s0=fng (409,1651) [filtered=966]
cnt=1 s0=fng (408,1638) [filtered=966]
cnt=1 s0=fng (407,1625) [filtered=966]
cnt=1 s0=fng (405,1612) [filtered=966]
cnt=1 s0=fng (404,1599) [filtered=966]
cnt=1 s0=fng (402,1586) [filtered=966]
cnt=1 s0=fng (401,1573) [filtered=966]
cnt=1 s0=fng (400,1560) [filtered=966]
cnt=1 s0=fng (398,1547) [filtered=966]
cnt=1 s0=fng (396,1535) [filtered=966]
cnt=1 s0=fng (395,1524) [filtered=966]
cnt=1 s0=fng (393,1513) [filtered=966]
cnt=1 s0=fng (390,1501) [filtered=966]
cnt=1 s0=fng (387,1490) [filtered=966]
cnt=1 s0=fng (384,1479) [filtered=966]
cnt=1 s0=fng (382,1469) [filtered=966]
cnt=1 s0=fng (379,1460) [filtered=966]
cnt=1 s0=fng (376,1450) [filtered=966]
cnt=1 s0=fng (373,1440) [filtered=966]
cnt=1 s0=fng (369,1431) [filtered=966]
cnt=1 s0=fng (367,1423) [filtered=966]
cnt=1 s0=fng (364,1415) [filtered=966]
cnt=1 s0=fng (361,1406) [filtered=966]
cnt=1 s0=fng (357,1397) [filtered=966]
cnt=1 s0=fng (353,1388) [filtered=966]
cnt=1 s0=fng (351,1380) [filtered=966]
cnt=1 s0=fng (348,1371) [filtered=966]
cnt=1 s0=fng (345,1362) [filtered=966]
cnt=1 s0=fng (341,1353) [filtered=966]
cnt=1 s0=fng (337,1344) [filtered=966]
cnt=1 s0=fng (335,1336) [filtered=966]
cnt=1 s0=fng (331,1327) [filtered=966]
cnt=1 s0=fng (327,1318) [filtered=966]
cnt=1 s0=fng (323,1309) [filtered=966]
cnt=1 s0=fng (320,1301) [filtered=966]
cnt=1 s0=fng (317,1292) [filtered=966]
cnt=1 s0=fng (313,1283) [filtered=966]
cnt=1 s0=fng (309,1274) [filtered=966]
cnt=1 s0=fng (305,1265) [filtered=966]
cnt=1 s0=fng (302,1256) [filtered=966]
cnt=1 s0=fng (299,1247) [filtered=966]
cnt=1 s0=fng (295,1238) [filtered=966]
cnt=1 s0=fng (291,1229) [filtered=966]
cnt=1 s0=fng (287,1219) [filtered=966]
cnt=1 s0=fng (284,1210) [filtered=966]
cnt=1 s0=fng (280,1201) [filtered=966]
cnt=1 s0=fng (276,1191) [filtered=966]
cnt=1 s0=fng (272,1182) [filtered=966]
cnt=1 s0=fng (267,1172) [filtered=966]
cnt=1 s0=fng (264,1163) [filtered=966]
cnt=1 s0=fng (260,1154) [filtered=966]
cnt=1 s0=fng (256,1145) [filtered=966]
cnt=1 s0=fng (252,1136) [filtered=966]
cnt=1 s0=fng (247,1126) [filtered=966]
cnt=1 s0=fng (243,1117) [filtered=966]
cnt=1 s0=fng (238,1108) [filtered=966]
cnt=1 s0=fng (234,1099) [filtered=966]
cnt=1 s0=fng (230,1090) [filtered=966]
cnt=1 s0=fng (227,1081) [filtered=966]
cnt=1 s0=fng (224,1072) [filtered=966]
cnt=1 s0=fng (221,1064) [filtered=966]
cnt=1 s0=fng (217,1056) [filtered=966]
cnt=1 s0=fng (214,1049) [filtered=966]
cnt=1 s0=fng (212,1043) [filtered=966]
cnt=1 s0=fng (210,1037) [filtered=966]
cnt=1 s0=fng (207,1031) [filtered=966]
cnt=1 s0=fng (205,1025) [filtered=966]
cnt=1 s0=fng (203,1020) [filtered=966]
cnt=1 s0=fng (202,1016) [filtered=966]
cnt=1 s0=fng (201,1011) [filtered=966]
cnt=1 s0=fng (199,1006) [filtered=966]
cnt=1 s0=fng (198,1002) [filtered=966]
cnt=1 s0=fng (197,999) [filtered=966]
cnt=1 s0=fng (196,997) [filtered=966]
cnt=1 s0=fng (195,996) [filtered=966]
cnt=1 s0=fng (195,995) [filtered=966]
cnt=1 s0=fng (195,996) [filtered=966]
cnt=1 s0=fng (195,996) [filtered=966]
cnt=1 s0=fng (195,998) [filtered=966]
cnt=1 s0=fng (195,1001) [filtered=966]
cnt=1 s0=fng (196,1007) [filtered=966]
cnt=1 s0=fng (197,1013) [filtered=966]
cnt=1 s0=fng (198,1019) [filtered=966]
cnt=1 s0=fng (199,1027) [filtered=966]
cnt=1 s0=fng (201,1036) [filtered=966]
cnt=1 s0=fng (203,1047) [filtered=966]
cnt=1 s0=fng (205,1060) [filtered=966]
cnt=1 s0=fng (206,1072) [filtered=966]
cnt=1 s0=fng (209,1085) [filtered=966]
cnt=1 s0=fng (212,1100) [filtered=966]
cnt=1 s0=fng (215,1117) [filtered=966]
cnt=1 s0=fng (218,1136) [filtered=966]
cnt=1 s0=fng (220,1154) [filtered=966]
cnt=1 s0=fng (223,1173) [filtered=966]
cnt=1 s0=fng (226,1194) [filtered=966]
cnt=1 s0=fng (229,1216) [filtered=966]
cnt=1 s0=fng (231,1238) [filtered=966]
cnt=1 s0=fng (234,1260) [filtered=966]
cnt=1 s0=fng (237,1284) [filtered=966]
cnt=1 s0=fng (240,1309) [filtered=966]
cnt=1 s0=fng (243,1334) [filtered=966]
cnt=1 s0=fng (245,1359) [filtered=966]
cnt=1 s0=fng (248,1384) [filtered=966]
cnt=1 s0=fng (250,1410) [filtered=966]
cnt=1 s0=fng (252,1437) [filtered=966]
cnt=1 s0=fng (253,1463) [filtered=966]
cnt=1 s0=fng (255,1491) [filtered=966]
cnt=1 s0=fng (257,1519) [filtered=966]
cnt=1 s0=fng (259,1548) [filtered=966]
cnt=1 s0=fng (261,1577) [filtered=966]
cnt=1 s0=fng (262,1605) [filtered=966]
cnt=1 s0=fng (263,1634) [filtered=966]
cnt=1 s0=fng (265,1663) [filtered=966]
cnt=1 s0=fng (267,1692) [filtered=966]
cnt=1 s0=fng (268,1721) [filtered=966]
cnt=1 s0=fng (269,1749) [filtered=966]
cnt=1 s0=fng (270,1778) [filtered=966]
cnt=1 s0=fng (271,1807) [filtered=966]
cnt=1 s0=fng (272,1836) [filtered=966]
cnt=1 s0=fng (272,1865) [filtered=966]
cnt=1 s0=fng (272,1893) [filtered=966]
cnt=1 s0=fng (273,1922) [filtered=966]
cnt=1 s0=fng (273,1950) [filtered=966]
cnt=1 s0=fng (274,1978) [filtered=966]
cnt=1 s0=fng (275,2006) [filtered=966]
cnt=1 s0=fng (275,2033) [filtered=966]
cnt=1 s0=fng (276,2059) [filtered=966]
cnt=1 s0=fng (277,2085) [filtered=966]
cnt=1 s0=fng (278,2110) [filtered=966]
cnt=1 s0=fng (279,2134) [filtered=966]
cnt=1 s0=fng (280,2157) [filtered=966]
cnt=1 s0=fng (281,2178) [filtered=966]
cnt=1 s0=fng (282,2198) [filtered=966]
cnt=1 s0=fng (283,2218) [filtered=966]
cnt=1 s0=fng (283,2237) [filtered=966]
cnt=1 s0=fng (284,2254) [filtered=966]
cnt=1 s0=fng (285,2270) [filtered=966]
cnt=1 s0=fng (287,2285) [filtered=966]
cnt=1 s0=fng (288,2300) [filtered=966]
cnt=1 s0=fng (289,2313) [filtered=966]
cnt=1 s0=fng (290,2325) [filtered=966]
cnt=1 s0=fng (292,2336) [filtered=966]
cnt=1 s0=fng (293,2346) [filtered=966]
cnt=1 s0=fng (294,2356) [filtered=966]
cnt=1 s0=fng (295,2364) [filtered=966]
cnt=1 s0=fng (297,2372) [filtered=966]
cnt=1 s0=fng (299,2379) [filtered=966]
cnt=1 s0=fng (301,2384) [filtered=966]
cnt=1 s0=fng (302,2389) [filtered=966]
cnt=1 s0=fng (304,2393) [filtered=966]
cnt=1 s0=fng (306,2395) [filtered=966]
cnt=1 s0=fng (309,2395) [filtered=966]
cnt=1 s0=fng (312,2395) [filtered=966]
cnt=1 s0=fng (313,2395) [filtered=966]
cnt=1 s0=fng (315,2390) [filtered=966]
cnt=1 s0=fng (318,2383) [filtered=966]
cnt=1 s0=fng (321,2375) [filtered=966]
cnt=1 s0=fng (325,2364) [filtered=966]
cnt=1 s0=fng (327,2355) [filtered=966]
cnt=1 s0=fng (330,2344) [filtered=966]
cnt=1 s0=fng (333,2330) [filtered=966]
cnt=1 s0=fng (336,2315) [filtered=966]
cnt=1 s0=fng (339,2297) [filtered=966]
cnt=1 s0=fng (341,2280) [filtered=966]
cnt=1 s0=fng (343,2262) [filtered=966]
cnt=1 s0=fng (346,2242) [filtered=966]
cnt=1 s0=fng (349,2220) [filtered=966]
cnt=1 s0=fng (351,2199) [filtered=966]
cnt=1 s0=fng (353,2176) [filtered=966]
cnt=1 s0=fng (354,2151) [filtered=966]
cnt=1 s0=fng (356,2125) [filtered=966]
cnt=1 s0=fng (357,2099) [filtered=966]
cnt=1 s0=fng (359,2072) [filtered=966]
cnt=1 s0=fng (360,2043) [filtered=966]
cnt=1 s0=fng (362,2014) [filtered=966]
cnt=1 s0=fng (363,1984) [filtered=966]
cnt=1 s0=fng (364,1954) [filtered=966]
cnt=1 s0=fng (365,1923) [filtered=966]
cnt=1 s0=fng (365,1891) [filtered=966]
cnt=1 s0=fng (366,1859) [filtered=966]
cnt=1 s0=fng (366,1826) [filtered=966]
cnt=1 s0=fng (366,1793) [filtered=966]
cnt=1 s0=fng (366,1760) [filtered=966]
cnt=1 s0=fng (366,1727) [filtered=966]
cnt=1 s0=fng (366,1694) [filtered=966]
cnt=1 s0=fng (366,1662) [filtered=966]
cnt=1 s0=fng (366,1631) [filtered=966]
cnt=1 s0=fng (366,1600) [filtered=966]
cnt=1 s0=fng (366,1570) [filtered=966]
cnt=1 s0=fng (367,1540) [filtered=966]
cnt=1 s0=fng (368,1511) [filtered=966]
cnt=1 s0=fng (368,1483) [filtered=966]
cnt=1 s0=fng (369,1453) [filtered=966]
cnt=1 s0=fng (370,1424) [filtered=966]
cnt=1 s0=fng (371,1397) [filtered=966]
cnt=1 s0=fng (372,1371) [filtered=966]
cnt=1 s0=fng (373,1347) [filtered=966]
cnt=1 s0=fng (374,1324) [filtered=966]
cnt=1 s0=fng (376,1301) [filtered=966]
cnt=1 s0=fng (378,1280) [filtered=966]
cnt=1 s0=fng (379,1260) [filtered=966]
cnt=1 s0=fng (381,1241) [filtered=966]
cnt=1 s0=fng (384,1224) [filtered=966]
cnt=1 s0=fng (386,1208) [filtered=966]
cnt=1 s0=fng (389,1192) [filtered=966]
cnt=1 s0=fng (390,1177) [filtered=966]
cnt=1 s0=fng (392,1164) [filtered=966]
cnt=1 s0=fng (394,1152) [filtered=966]
cnt=1 s0=fng (396,1142) [filtered=966]
cnt=1 s0=fng (397,1132) [filtered=966]
cnt=1 s0=fng (398,1124) [filtered=966]
cnt=1 s0=fng (400,1116) [filtered=966]
cnt=1 s0=fng (402,1110) [filtered=966]
cnt=1 s0=fng (403,1106) [filtered=966]
cnt=1 s0=fng (404,1102) [filtered=966]
cnt=1 s0=fng (405,1099) [filtered=966]
cnt=1 s0=fng (407,1098) [filtered=966]
cnt=1 s0=fng (409,1098) [filtered=966]
cnt=1 s0=fng (410,1098) [filtered=966]
cnt=1 s0=fng (411,1102) [filtered=966]
cnt=1 s0=fng (413,1108) [filtered=966]
cnt=1 s0=fng (416,1116) [filtered=966]
cnt=1 s0=fng (419,1126) [filtered=966]
cnt=1 s0=fng (420,1135) [filtered=966]
cnt=1 s0=fng (423,1146) [filtered=966]
cnt=1 s0=fng (427,1160) [filtered=966]
cnt=1 s0=fng (431,1175) [filtered=966]
cnt=1 s0=fng (434,1189) [filtered=966]
cnt=1 s0=fng (438,1205) [filtered=966]
cnt=1 s0=fng (443,1222) [filtered=966]
cnt=1 s0=fng (447,1239) [filtered=966]
cnt=1 s0=fng (452,1257) [filtered=966]
cnt=1 s0=fng (458,1277) [filtered=966]
cnt=1 s0=fng (465,1299) [filtered=966]
cnt=1 s0=fng (471,1321) [filtered=966]
cnt=1 s0=fng (478,1345) [filtered=966]
cnt=1 s0=fng (485,1370) [filtered=966]
cnt=1 s0=fng (491,1395) [filtered=966]
cnt=1 s0=fng (498,1422) [filtered=966]
cnt=1 s0=fng (506,1450) [filtered=966]
cnt=1 s0=fng (513,1477) [filtered=966]
cnt=1 s0=fng (521,1508) [filtered=966]
cnt=1 s0=fng (529,1538) [filtered=966]
cnt=1 s0=fng (537,1566) [filtered=966]
cnt=1 s0=fng (546,1595) [filtered=966]
cnt=1 s0=fng (555,1626) [filtered=966]
cnt=1 s0=fng (563,1656) [filtered=966]
cnt=1 s0=fng (574,1691) [filtered=966]
cnt=1 s0=fng (585,1727) [filtered=966]
cnt=1 s0=fng (595,1762) [filtered=966]
cnt=1 s0=fng (606,1797) [filtered=966]
cnt=1 s0=fng (618,1833) [filtered=966]
cnt=1 s0=fng (629,1868) [filtered=966]
cnt=1 s0=fng (641,1903) [filtered=966]
cnt=1 s0=fng (654,1938) [filtered=966]
cnt=1 s0=fng (667,1973) [filtered=966]
cnt=1 s0=fng (679,2007) [filtered=966]
cnt=1 s0=fng (692,2040) [filtered=966]
cnt=1 s0=fng (706,2073) [filtered=966]
cnt=1 s0=fng (721,2106) [filtered=966]
cnt=1 s0=fng (735,2138) [filtered=966]
cnt=1 s0=fng (750,2169) [filtered=966]
cnt=1 s0=fng (765,2199) [filtered=966]
cnt=1 s0=fng (780,2230) [filtered=966]
cnt=1 s0=fng (796,2259) [filtered=966]
cnt=1 s0=fng (812,2287) [filtered=966]
cnt=1 s0=fng (829,2315) [filtered=966]
cnt=1 s0=fng (846,2343) [filtered=966]
cnt=1 s0=fng (863,2369) [filtered=966]
cnt=1 s0=fng (880,2394) [filtered=966]
cnt=1 s0=fng (896,2418) [filtered=966]
cnt=1 s0=fng (912,2440) [filtered=966]
cnt=1 s0=fng (927,2460) [filtered=966]
cnt=1 s0=fng (927,2460) [filtered=966]
cnt=1 s0=fng (422,1924) [filtered=966]
cnt=1 s0=fng (422,1924) [filtered=966]
cnt=1 s0=fng (422,1924) [filtered=966]
cnt=1 s0=fng (422,1924) [filtered=966]
cnt=1 s0=fng (422,1924) [filtered=966]
cnt=1 s0=fng (422,1924) [filtered=966]
cnt=1 s0=fng (420,1918) [filtered=966]
cnt=1 s0=fng (417,1909) [filtered=966]
cnt=1 s0=fng (415,1900) [filtered=966]
cnt=1 s0=fng (410,1887) [filtered=966]
cnt=1 s0=fng (404,1872) [filtered=966]
cnt=1 s0=fng (398,1856) [filtered=966]
cnt=1 s0=fng (391,1838) [filtered=966]
cnt=1 s0=fng (384,1821) [filtered=966]
cnt=1 s0=fng (377,1803) [filtered=966]
cnt=1 s0=fng (369,1784) [filtered=966]
cnt=1 s0=fng (361,1764) [filtered=966]
cnt=1 s0=fng (353,1744) [filtered=966]
cnt=1 s0=fng (346,1724) [filtered=966]
cnt=1 s0=fng (338,1704) [filtered=966]
cnt=1 s0=fng (330,1684) [filtered=966]
cnt=1 s0=fng (322,1665) [filtered=966]
cnt=1 s0=fng (315,1647) [filtered=966]
cnt=1 s0=fng (309,1630) [filtered=966]
cnt=1 s0=fng (302,1613) [filtered=966]
cnt=1 s0=fng (295,1596) [filtered=966]
cnt=1 s0=fng (288,1580) [filtered=966]
cnt=1 s0=fng (281,1564) [filtered=966]
cnt=1 s0=fng (275,1549) [filtered=966]
cnt=1 s0=fng (270,1536) [filtered=966]
cnt=1 s0=fng (264,1524) [filtered=966]
cnt=1 s0=fng (258,1513) [filtered=966]
cnt=1 s0=fng (253,1502) [filtered=966]
cnt=1 s0=fng (249,1493) [filtered=966]
cnt=1 s0=fng (245,1485) [filtered=966]
cnt=1 s0=fng (241,1477) [filtered=966]
cnt=1 s0=fng (237,1470) [filtered=966]
cnt=1 s0=fng (234,1463) [filtered=966]
cnt=1 s0=fng (231,1458) [filtered=966]
cnt=1 s0=fng (229,1454) [filtered=966]
cnt=1 s0=fng (226,1452) [filtered=966]
cnt=1 s0=fng (224,1452) [filtered=966]
cnt=1 s0=fng (223,1452) [filtered=966]
cnt=1 s0=fng (222,1455) [filtered=966]
cnt=1 s0=fng (221,1460) [filtered=966]
cnt=1 s0=fng (220,1467) [filtered=966]
cnt=1 s0=fng (220,1472) [filtered=966]
cnt=1 s0=fng (221,1479) [filtered=966]
cnt=1 s0=fng (223,1488) [filtered=966]
cnt=1 s0=fng (226,1500) [filtered=966]
cnt=1 s0=fng (230,1514) [filtered=966]
cnt=1 s0=fng (232,1527) [filtered=966]
cnt=1 s0=fng (237,1541) [filtered=966]
cnt=1 s0=fng (243,1557) [filtered=966]
cnt=1 s0=fng (252,1574) [filtered=966]
cnt=1 s0=fng (263,1594) [filtered=966]
cnt=1 s0=fng (273,1613) [filtered=966]
cnt=1 s0=fng (285,1633) [filtered=966]
cnt=1 s0=fng (299,1654) [filtered=966]
cnt=1 s0=fng (315,1676) [filtered=966]
cnt=1 s0=fng (331,1698) [filtered=966]
cnt=1 s0=fng (348,1721) [filtered=966]
cnt=1 s0=fng (367,1746) [filtered=966]
cnt=1 s0=fng (387,1771) [filtered=966]
cnt=1 s0=fng (408,1798) [filtered=966]
cnt=1 s0=fng (429,1824) [filtered=966]
cnt=1 s0=fng (450,1851) [filtered=966]
cnt=1 s0=fng (472,1878) [filtered=966]
cnt=1 s0=fng (495,1906) [filtered=966]
cnt=1 s0=fng (517,1934) [filtered=966]
cnt=1 s0=fng (541,1962) [filtered=966]
cnt=1 s0=fng (565,1990) [filtered=966]
cnt=1 s0=fng (590,2017) [filtered=966]
cnt=1 s0=fng (614,2043) [filtered=966]
cnt=1 s0=fng (639,2068) [filtered=966]
cnt=1 s0=fng (665,2094) [filtered=966]
cnt=1 s0=fng (692,2119) [filtered=966]
cnt=1 s0=fng (718,2143) [filtered=966]
cnt=1 s0=fng (744,2167) [filtered=966]
cnt=1 s0=fng (772,2192) [filtered=966]
cnt=1 s0=fng (800,2217) [filtered=966]
cnt=1 s0=fng (827,2241) [filtered=966]
cnt=1 s0=fng (854,2265) [filtered=966]
cnt=1 s0=fng (881,2288) [filtered=966]
cnt=1 s0=fng (909,2312) [filtered=966]
cnt=1 s0=fng (936,2335) [filtered=966]
cnt=1 s0=fng (963,2357) [filtered=966]
cnt=1 s0=fng (990,2378) [filtered=966]
cnt=1 s0=fng (1017,2398) [filtered=966]
cnt=1 s0=fng (1044,2418) [filtered=966]
cnt=1 s0=fng (1070,2438) [filtered=966]
cnt=1 s0=fng (1095,2457) [filtered=966]
cnt=1 s0=fng (1120,2475) [filtered=966]
cnt=1 s0=fng (1146,2492) [filtered=966]
cnt=1 s0=fng (1171,2509) [filtered=966]
cnt=1 s0=fng (1195,2525) [filtered=966]
cnt=1 s0=fng (1219,2541) [filtered=966]
cnt=1 s0=fng (1242,2555) [filtered=966]
cnt=1 s0=fng (1265,2568) [filtered=966]
cnt=1 s0=fng (1287,2580) [filtered=966]
cnt=1 s0=fng (1308,2592) [filtered=966]
cnt=1 s0=fng (1328,2604) [filtered=966]
cnt=1 s0=fng (1347,2614) [filtered=966]
cnt=1 s0=fng (1365,2624) [filtered=966]
cnt=1 s0=fng (1383,2634) [filtered=966]
cnt=1 s0=fng (1399,2642) [filtered=966]
cnt=1 s0=fng (1414,2650) [filtered=966]
cnt=1 s0=fng (1427,2657) [filtered=966]
cnt=1 s0=fng (1439,2663) [filtered=966]
cnt=1 s0=fng (1451,2669) [filtered=966]
cnt=1 s0=fng (1461,2674) [filtered=966]
cnt=1 s0=fng (1469,2679) [filtered=966]
cnt=1 s0=fng (1477,2683) [filtered=966]
cnt=1 s0=fng (1483,2687) [filtered=966]
cnt=1 s0=fng (1489,2691) [filtered=966]
cnt=1 s0=fng (1493,2695) [filtered=966]
cnt=1 s0=fng (1497,2699) [filtered=966]
cnt=1 s0=fng (1500,2703) [filtered=966]
cnt=1 s0=fng (1503,2707) [filtered=966]
cnt=1 s0=fng (1505,2710) [filtered=966]
cnt=1 s0=fng (1505,2713) [filtered=966]
cnt=1 s0=fng (1505,2716) [filtered=966]
cnt=1 s0=fng (1502,2718) [filtered=966]
cnt=1 s0=fng (1499,2720) [filtered=966]
cnt=1 s0=fng (1494,2720) [filtered=966]
cnt=1 s0=fng (1487,2720) [filtered=966]
cnt=1 s0=fng (1479,2717) [filtered=966]
cnt=1 s0=fng (1472,2714) [filtered=966]
cnt=1 s0=fng (1463,2709) [filtered=966]
cnt=1 s0=fng (1453,2703) [filtered=966]
cnt=1 s0=fng (1441,2697) [filtered=966]
cnt=1 s0=fng (1427,2689) [filtered=966]
cnt=1 s0=fng (1414,2682) [filtered=966]
cnt=1 s0=fng (1401,2673) [filtered=966]
cnt=1 s0=fng (1386,2663) [filtered=966]
cnt=1 s0=fng (1370,2651) [filtered=966]
cnt=1 s0=fng (1355,2640) [filtered=966]
cnt=1 s0=fng (1339,2627) [filtered=966]
cnt=1 s0=fng (1322,2613) [filtered=966]
cnt=1 s0=fng (1305,2598) [filtered=966]
cnt=1 s0=fng (1288,2583) [filtered=966]
cnt=1 s0=fng (1270,2566) [filtered=966]
cnt=1 s0=fng (1252,2549) [filtered=966]
cnt=1 s0=fng (1234,2531) [filtered=966]
cnt=1 s0=fng (1216,2512) [filtered=966]
cnt=1 s0=fng (1198,2493) [filtered=966]
cnt=1 s0=fng (1180,2474) [filtered=966]
cnt=1 s0=fng (1162,2455) [filtered=966]
cnt=1 s0=fng (1143,2436) [filtered=966]
cnt=1 s0=fng (1124,2417) [filtered=966]
cnt=1 s0=fng (1105,2399) [filtered=966]
cnt=1 s0=fng (1086,2380) [filtered=966]
cnt=1 s0=fng (1067,2362) [filtered=966]
cnt=1 s0=fng (1048,2345) [filtered=966]
cnt=1 s0=fng (1030,2329) [filtered=966]
cnt=1 s0=fng (1011,2313) [filtered=966]
cnt=1 s0=fng (992,2297) [filtered=966]
cnt=1 s0=fng (974,2282) [filtered=966]
cnt=1 s0=fng (956,2269) [filtered=966]
cnt=1 s0=fng (939,2257) [filtered=966]
cnt=1 s0=fng (921,2246) [filtered=966]
cnt=1 s0=fng (904,2236) [filtered=966]
cnt=1 s0=fng (887,2226) [filtered=966]
cnt=1 s0=fng (870,2217) [filtered=966]
cnt=1 s0=fng (854,2209) [filtered=966]
cnt=1 s0=fng (839,2203) [filtered=966]
cnt=1 s0=fng (825,2198) [filtered=966]
cnt=1 s0=fng (812,2194) [filtered=966]
cnt=1 s0=fng (800,2190) [filtered=966]
cnt=1 s0=fng (788,2186) [filtered=966]
cnt=1 s0=fng (777,2183) [filtered=966]
cnt=1 s0=fng (766,2181) [filtered=966]
cnt=1 s0=fng (756,2180) [filtered=966]
cnt=1 s0=fng (747,2179) [filtered=966]
cnt=1 s0=fng (739,2179) [filtered=966]
cnt=1 s0=fng (731,2179) [filtered=966]
cnt=1 s0=fng (725,2179) [filtered=966]
cnt=1 s0=fng (719,2179) [filtered=966]
cnt=1 s0=fng (714,2182) [filtered=966]
cnt=1 s0=fng (710,2186) [filtered=966]
cnt=1 s0=fng (706,2190) [filtered=966]
cnt=1 s0=fng (702,2193) [filtered=966]
cnt=1 s0=fng (699,2198) [filtered=966]
cnt=1 s0=fng (698,2203) [filtered=966]
cnt=1 s0=fng (698,2210) [filtered=966]
cnt=1 s0=fng (698,2216) [filtered=966]
cnt=1 s0=fng (698,2224) [filtered=966]
cnt=1 s0=fng (701,2233) [filtered=966]
cnt=1 s0=fng (705,2242) [filtered=966]
cnt=1 s0=fng (709,2250) [filtered=966]
cnt=1 s0=fng (713,2259) [filtered=966]
cnt=1 s0=fng (718,2269) [filtered=966]
cnt=1 s0=fng (724,2279) [filtered=966]
cnt=1 s0=fng (728,2288) [filtered=966]
cnt=1 s0=fng (733,2299) [filtered=966]
cnt=1 s0=fng (739,2310) [filtered=966]
cnt=1 s0=fng (745,2321) [filtered=966]
cnt=1 s0=fng (752,2332) [filtered=966]
cnt=1 s0=fng (758,2343) [filtered=966]
cnt=1 s0=fng (765,2354) [filtered=966]
cnt=1 s0=fng (772,2365) [filtered=966]
cnt=1 s0=fng (778,2375) [filtered=966]
cnt=1 s0=fng (784,2384) [filtered=966]
cnt=1 s0=fng (791,2394) [filtered=966]
cnt=1 s0=fng (798,2404) [filtered=966]
cnt=1 s0=fng (805,2413) [filtered=966]
cnt=1 s0=fng (811,2421) [filtered=966]
cnt=1 s0=fng (816,2429) [filtered=966]
cnt=1 s0=fng (822,2438) [filtered=966]
cnt=1 s0=fng (827,2446) [filtered=966]
cnt=1 s0=fng (832,2453) [filtered=966]
cnt=1 s0=fng (836,2459) [filtered=966]
cnt=1 s0=fng (840,2464) [filtered=966]
cnt=1 s0=fng (845,2468) [filtered=966]
cnt=1 s0=fng (849,2473) [filtered=966]
cnt=1 s0=fng (852,2477) [filtered=966]
cnt=1 s0=fng (854,2481) [filtered=966]
cnt=1 s0=fng (856,2485) [filtered=966]
cnt=1 s0=fng (857,2489) [filtered=966]
cnt=1 s0=fng (859,2492) [filtered=966]
cnt=1 s0=fng (860,2494) [filtered=966]
cnt=1 s0=fng (861,2495) [filtered=966]
cnt=1 s0=fng (863,2494) [filtered=966]
cnt=1 s0=fng (864,2494) [filtered=966]
cnt=1 s0=fng (865,2494) [filtered=966]
cnt=1 s0=fng (866,2490) [filtered=966]
cnt=1 s0=fng (867,2484) [filtered=966]
cnt=1 s0=fng (869,2476) [filtered=966]
cnt=1 s0=fng (870,2466) [filtered=966]
cnt=1 s0=fng (870,2466) [filtered=966]
