touchpad: x[0..4762] y[0..3099] res=32,32 slots=5
palm: bottom_zone=750 edge_left=190 edge_right=4571 spread=400
virtual device created: ASUF1209 Palm Filtered Touchpad
grabbed source device (exclusive)
cnt=1 s0=fng (3045,1181) [filtered=0]
cnt=1 s0=fng (3045,1181) [filtered=0]
cnt=1 s0=fng (3045,1181) [filtered=0]
cnt=1 s0=fng (3045,1181) [filtered=0]
cnt=1 s0=fng (3045,1181) [filtered=0]
cnt=1 s0=fng (3045,1181) [filtered=0]
cnt=1 s0=fng (3045,1181) [filtered=0]
cnt=1 s0=fng (3045,1181) [filtered=0]
cnt=1 s0=fng (3045,1181) [filtered=0]
cnt=1 s0=fng (3045,1181) [filtered=0]
cnt=1 s0=fng (3045,1181) [filtered=0]
cnt=1 s0=fng (3045,1181) [filtered=0]
cnt=1 s0=fng (3045,1181) [filtered=0]
cnt=1 s0=fng (3045,1181) [filtered=0]
cnt=1 s0=fng (3045,1181) [filtered=0]
cnt=1 s0=fng (3045,1181) [filtered=0]
cnt=1 s0=fng (3045,1181) [filtered=0]
cnt=1 s0=fng (3045,1181) [filtered=0]
cnt=1 s0=fng (3045,1181) [filtered=0]
cnt=1 s0=fng (3045,1181) [filtered=0]
cnt=1 s0=fng (3045,1181) [filtered=0]
cnt=1 s0=fng (3045,1181) [filtered=0]
cnt=1 s0=fng (3045,1181) [filtered=0]
cnt=1 s0=fng (3045,1181) [filtered=0]
cnt=1 s0=fng (3045,1181) [filtered=0]
cnt=1 s0=fng (3045,1181) [filtered=0]
cnt=1 s0=fng (3045,1181) [filtered=0]
cnt=1 s0=fng (3040,1182) [filtered=0]
cnt=1 s0=fng (3031,1184) [filtered=0]
cnt=1 s0=fng (3023,1185) [filtered=0]
cnt=1 s0=fng (3013,1187) [filtered=0]
cnt=1 s0=fng (3002,1190) [filtered=0]
cnt=1 s0=fng (2991,1192) [filtered=0]
cnt=1 s0=fng (2979,1196) [filtered=0]
cnt=1 s0=fng (2967,1200) [filtered=0]
cnt=1 s0=fng (2956,1203) [filtered=0]
cnt=1 s0=fng (2945,1208) [filtered=0]
cnt=1 s0=fng (2934,1214) [filtered=0]
cnt=1 s0=fng (2924,1219) [filtered=0]
cnt=1 s0=fng (2915,1226) [filtered=0]
cnt=1 s0=fng (2905,1233) [filtered=0]
cnt=1 s0=fng (2896,1239) [filtered=0]
cnt=1 s0=fng (2888,1247) [filtered=0]
cnt=1 s0=fng (2881,1257) [filtered=0]
cnt=1 s0=fng (2874,1266) [filtered=0]
cnt=1 s0=fng (2868,1276) [filtered=0]
cnt=1 s0=fng (2862,1286) [filtered=0]
cnt=1 s0=fng (2856,1295) [filtered=0]
cnt=1 s0=fng (2851,1307) [filtered=0]
cnt=1 s0=fng (2847,1319) [filtered=0]
cnt=1 s0=fng (2843,1330) [filtered=0]
cnt=1 s0=fng (2840,1342) [filtered=0]
cnt=1 s0=fng (2838,1355) [filtered=0]
cnt=1 s0=fng (2836,1367) [filtered=0]
cnt=1 s0=fng (2836,1379) [filtered=0]
cnt=1 s0=fng (2836,1392) [filtered=0]
cnt=1 s0=fng (2836,1404) [filtered=0]
cnt=1 s0=fng (2839,1416) [filtered=0]
cnt=1 s0=fng (2843,1429) [filtered=0]
cnt=1 s0=fng (2848,1442) [filtered=0]
cnt=1 s0=fng (2853,1454) [filtered=0]
cnt=1 s0=fng (2859,1467) [filtered=0]
cnt=1 s0=fng (2863,1479) [filtered=0]
cnt=1 s0=fng (2868,1489) [filtered=0]
cnt=1 s0=fng (2874,1499) [filtered=0]
cnt=1 s0=fng (2882,1510) [filtered=0]
cnt=1 s0=fng (2889,1520) [filtered=0]
cnt=1 s0=fng (2897,1530) [filtered=0]
cnt=1 s0=fng (2907,1539) [filtered=0]
cnt=1 s0=fng (2918,1548) [filtered=0]
cnt=1 s0=fng (2928,1556) [filtered=0]
cnt=1 s0=fng (2939,1563) [filtered=0]
cnt=1 s0=fng (2951,1569) [filtered=0]
cnt=1 s0=fng (2963,1573) [filtered=0]
cnt=1 s0=fng (2975,1577) [filtered=0]
cnt=1 s0=fng (2988,1580) [filtered=0]
cnt=1 s0=fng (3001,1581) [filtered=0]
cnt=1 s0=fng (3013,1582) [filtered=0]
cnt=1 s0=fng (3026,1582) [filtered=0]
cnt=1 s0=fng (3038,1582) [filtered=0]
cnt=1 s0=fng (3049,1582) [filtered=0]
cnt=1 s0=fng (3061,1578) [filtered=0]
cnt=1 s0=fng (3072,1575) [filtered=0]
cnt=1 s0=fng (3083,1571) [filtered=0]
cnt=1 s0=fng (3095,1567) [filtered=0]
cnt=1 s0=fng (3106,1563) [filtered=0]
cnt=1 s0=fng (3117,1558) [filtered=0]
cnt=1 s0=fng (3128,1552) [filtered=0]
cnt=1 s0=fng (3138,1546) [filtered=0]
cnt=1 s0=fng (3148,1539) [filtered=0]
cnt=1 s0=fng (3158,1532) [filtered=0]
cnt=1 s0=fng (3167,1524) [filtered=0]
cnt=1 s0=fng (3175,1516) [filtered=0]
cnt=1 s0=fng (3185,1506) [filtered=0]
cnt=1 s0=fng (3194,1496) [filtered=0]
cnt=1 s0=fng (3202,1486) [filtered=0]
cnt=1 s0=fng (3209,1476) [filtered=0]
cnt=1 s0=fng (3215,1466) [filtered=0]
cnt=1 s0=fng (3221,1457) [filtered=0]
cnt=1 s0=fng (3225,1446) [filtered=0]
cnt=1 s0=fng (3228,1435) [filtered=0]
cnt=1 s0=fng (3231,1425) [filtered=0]
cnt=1 s0=fng (3232,1415) [filtered=0]
cnt=1 s0=fng (3232,1404) [filtered=0]
cnt=1 s0=fng (3232,1394) [filtered=0]
cnt=1 s0=fng (3228,1384) [filtered=0]
cnt=1 s0=fng (3222,1374) [filtered=0]
cnt=1 s0=fng (3217,1365) [filtered=0]
cnt=1 s0=fng (3211,1356) [filtered=0]
cnt=1 s0=fng (3203,1348) [filtered=0]
cnt=1 s0=fng (3196,1340) [filtered=0]
cnt=1 s0=fng (3188,1333) [filtered=0]
cnt=1 s0=fng (3179,1327) [filtered=0]
cnt=1 s0=fng (3169,1321) [filtered=0]
cnt=1 s0=fng (3159,1315) [filtered=0]
cnt=1 s0=fng (3147,1310) [filtered=0]
cnt=1 s0=fng (3134,1306) [filtered=0]
cnt=1 s0=fng (3121,1303) [filtered=0]
cnt=1 s0=fng (3108,1300) [filtered=0]
cnt=1 s0=fng (3094,1298) [filtered=0]
cnt=1 s0=fng (3079,1298) [filtered=0]
cnt=1 s0=fng (3065,1298) [filtered=0]
cnt=1 s0=fng (3050,1298) [filtered=0]
cnt=1 s0=fng (3036,1298) [filtered=0]
cnt=1 s0=fng (3024,1301) [filtered=0]
cnt=1 s0=fng (3010,1306) [filtered=0]
cnt=1 s0=fng (2997,1309) [filtered=0]
cnt=1 s0=fng (2984,1311) [filtered=0]
cnt=1 s0=fng (2971,1314) [filtered=0]
cnt=1 s0=fng (2957,1320) [filtered=0]
cnt=1 s0=fng (2943,1325) [filtered=0]
cnt=1 s0=fng (2929,1331) [filtered=0]
cnt=1 s0=fng (2915,1338) [filtered=0]
cnt=1 s0=fng (2902,1348) [filtered=0]
cnt=1 s0=fng (2889,1357) [filtered=0]
cnt=1 s0=fng (2875,1368) [filtered=0]
cnt=1 s0=fng (2861,1378) [filtered=0]
cnt=1 s0=fng (2849,1389) [filtered=0]
cnt=1 s0=fng (2838,1400) [filtered=0]
cnt=1 s0=fng (2827,1410) [filtered=0]
cnt=1 s0=fng (2817,1423) [filtered=0]
cnt=1 s0=fng (2808,1436) [filtered=0]
cnt=1 s0=fng (2799,1449) [filtered=0]
cnt=1 s0=fng (2791,1463) [filtered=0]
cnt=1 s0=fng (2785,1478) [filtered=0]
cnt=1 s0=fng (2779,1492) [filtered=0]
cnt=1 s0=fng (2774,1507) [filtered=0]
cnt=1 s0=fng (2770,1522) [filtered=0]
cnt=1 s0=fng (2766,1536) [filtered=0]
cnt=1 s0=fng (2763,1551) [filtered=0]
cnt=1 s0=fng (2761,1566) [filtered=0]
cnt=1 s0=fng (2761,1581) [filtered=0]
cnt=1 s0=fng (2761,1596) [filtered=0]
cnt=1 s0=fng (2761,1612) [filtered=0]
cnt=1 s0=fng (2765,1628) [filtered=0]
cnt=1 s0=fng (2769,1644) [filtered=0]
cnt=1 s0=fng (2774,1660) [filtered=0]
cnt=1 s0=fng (2780,1675) [filtered=0]
cnt=1 s0=fng (2786,1689) [filtered=0]
cnt=1 s0=fng (2792,1704) [filtered=0]
cnt=1 s0=fng (2800,1718) [filtered=0]
cnt=1 s0=fng (2807,1731) [filtered=0]
cnt=1 s0=fng (2815,1743) [filtered=0]
cnt=1 s0=fng (2826,1755) [filtered=0]
cnt=1 s0=fng (2836,1767) [filtered=0]
cnt=1 s0=fng (2847,1778) [filtered=0]
cnt=1 s0=fng (2860,1787) [filtered=0]
cnt=1 s0=fng (2873,1796) [filtered=0]
cnt=1 s0=fng (2886,1804) [filtered=0]
cnt=1 s0=fng (2900,1811) [filtered=0]
cnt=1 s0=fng (2913,1818) [filtered=0]
cnt=1 s0=fng (2928,1824) [filtered=0]
cnt=1 s0=fng (2944,1828) [filtered=0]
cnt=1 s0=fng (2959,1832) [filtered=0]
cnt=1 s0=fng (2974,1835) [filtered=0]
cnt=1 s0=fng (2989,1838) [filtered=0]
cnt=1 s0=fng (3003,1840) [filtered=0]
cnt=1 s0=fng (3017,1840) [filtered=0]
cnt=1 s0=fng (3031,1840) [filtered=0]
cnt=1 s0=fng (3045,1840) [filtered=0]
cnt=1 s0=fng (3060,1837) [filtered=0]
cnt=1 s0=fng (3074,1834) [filtered=0]
cnt=1 s0=fng (3088,1830) [filtered=0]
cnt=1 s0=fng (3103,1825) [filtered=0]
cnt=1 s0=fng (3117,1820) [filtered=0]
cnt=1 s0=fng (3131,1813) [filtered=0]
cnt=1 s0=fng (3145,1807) [filtered=0]
cnt=1 s0=fng (3158,1801) [filtered=0]
cnt=1 s0=fng (3170,1793) [filtered=0]
cnt=1 s0=fng (3183,1784) [filtered=0]
cnt=1 s0=fng (3195,1776) [filtered=0]
cnt=1 s0=fng (3207,1765) [filtered=0]
cnt=1 s0=fng (3219,1755) [filtered=0]
cnt=1 s0=fng (3229,1745) [filtered=0]
cnt=1 s0=fng (3237,1734) [filtered=0]
cnt=1 s0=fng (3245,1723) [filtered=0]
cnt=1 s0=fng (3252,1712) [filtered=0]
cnt=1 s0=fng (3258,1700) [filtered=0]
cnt=1 s0=fng (3262,1687) [filtered=0]
cnt=1 s0=fng (3266,1675) [filtered=0]
cnt=1 s0=fng (3269,1661) [filtered=0]
cnt=1 s0=fng (3271,1647) [filtered=0]
cnt=1 s0=fng (3273,1633) [filtered=0]
cnt=1 s0=fng (3273,1619) [filtered=0]
cnt=1 s0=fng (3270,1605) [filtered=0]
cnt=1 s0=fng (3265,1590) [filtered=0]
cnt=1 s0=fng (3260,1576) [filtered=0]
cnt=1 s0=fng (3254,1562) [filtered=0]
cnt=1 s0=fng (3247,1548) [filtered=0]
cnt=1 s0=fng (3241,1534) [filtered=0]
cnt=1 s0=fng (3234,1521) [filtered=0]
cnt=1 s0=fng (3225,1508) [filtered=0]
cnt=1 s0=fng (3216,1496) [filtered=0]
cnt=1 s0=fng (3206,1483) [filtered=0]
cnt=1 s0=fng (3194,1470) [filtered=0]
cnt=1 s0=fng (3182,1458) [filtered=0]
cnt=1 s0=fng (3169,1447) [filtered=0]
cnt=1 s0=fng (3155,1437) [filtered=0]
cnt=1 s0=fng (3142,1427) [filtered=0]
cnt=1 s0=fng (3126,1417) [filtered=0]
cnt=1 s0=fng (3109,1408) [filtered=0]
cnt=1 s0=fng (3093,1399) [filtered=0]
cnt=1 s0=fng (3074,1391) [filtered=0]
cnt=1 s0=fng (3056,1383) [filtered=0]
cnt=1 s0=fng (3039,1377) [filtered=0]
cnt=1 s0=fng (3020,1371) [filtered=0]
cnt=1 s0=fng (3002,1365) [filtered=0]
cnt=1 s0=fng (2984,1361) [filtered=0]
cnt=1 s0=fng (2964,1358) [filtered=0]
cnt=1 s0=fng (2945,1355) [filtered=0]
cnt=1 s0=fng (2925,1353) [filtered=0]
cnt=1 s0=fng (2904,1353) [filtered=0]
cnt=1 s0=fng (2883,1353) [filtered=0]
cnt=1 s0=fng (2863,1353) [filtered=0]
cnt=1 s0=fng (2839,1357) [filtered=0]
cnt=1 s0=fng (2815,1362) [filtered=0]
cnt=1 s0=fng (2792,1367) [filtered=0]
cnt=1 s0=fng (2769,1373) [filtered=0]
cnt=1 s0=fng (2746,1378) [filtered=0]
cnt=1 s0=fng (2726,1384) [filtered=0]
cnt=1 s0=fng (2706,1392) [filtered=0]
cnt=1 s0=fng (2686,1399) [filtered=0]
cnt=1 s0=fng (2667,1406) [filtered=0]
cnt=1 s0=fng (2649,1415) [filtered=0]
cnt=1 s0=fng (2631,1423) [filtered=0]
cnt=1 s0=fng (2613,1432) [filtered=0]
cnt=1 s0=fng (2595,1440) [filtered=0]
cnt=1 s0=fng (2579,1450) [filtered=0]
cnt=1 s0=fng (2563,1461) [filtered=0]
cnt=1 s0=fng (2547,1472) [filtered=0]
cnt=1 s0=fng (2533,1484) [filtered=0]
cnt=1 s0=fng (2519,1497) [filtered=0]
cnt=1 s0=fng (2505,1510) [filtered=0]
cnt=1 s0=fng (2493,1524) [filtered=0]
cnt=1 s0=fng (2481,1537) [filtered=0]
cnt=1 s0=fng (2470,1552) [filtered=0]
cnt=1 s0=fng (2460,1567) [filtered=0]
cnt=1 s0=fng (2452,1583) [filtered=0]
cnt=1 s0=fng (2444,1599) [filtered=0]
cnt=1 s0=fng (2436,1617) [filtered=0]
cnt=1 s0=fng (2430,1635) [filtered=0]
cnt=1 s0=fng (2426,1653) [filtered=0]
cnt=1 s0=fng (2422,1671) [filtered=0]
cnt=1 s0=fng (2419,1689) [filtered=0]
cnt=1 s0=fng (2418,1707) [filtered=0]
cnt=1 s0=fng (2418,1725) [filtered=0]
cnt=1 s0=fng (2418,1743) [filtered=0]
cnt=1 s0=fng (2421,1760) [filtered=0]
cnt=1 s0=fng (2427,1777) [filtered=0]
cnt=1 s0=fng (2434,1793) [filtered=0]
cnt=1 s0=fng (2441,1809) [filtered=0]
cnt=1 s0=fng (2450,1825) [filtered=0]
cnt=1 s0=fng (2460,1841) [filtered=0]
cnt=1 s0=fng (2472,1856) [filtered=0]
cnt=1 s0=fng (2485,1870) [filtered=0]
cnt=1 s0=fng (2497,1884) [filtered=0]
cnt=1 s0=fng (2511,1898) [filtered=0]
cnt=1 s0=fng (2526,1911) [filtered=0]
cnt=1 s0=fng (2542,1924) [filtered=0]
cnt=1 s0=fng (2559,1935) [filtered=0]
cnt=1 s0=fng (2576,1946) [filtered=0]
cnt=1 s0=fng (2576,1946) [filtered=0]
cnt=1 s0=fng (4493,1955) [filtered=0]
cnt=1 s0=fng (4493,1955) [filtered=0]
cnt=1 s0=fng (4493,1955) [filtered=0]
cnt=1 s0=fng (4493,1955) [filtered=0]
cnt=1 s0=fng (4489,1952) [filtered=0]
cnt=1 s0=fng (4482,1947) [filtered=0]
cnt=1 s0=fng (4474,1941) [filtered=0]
cnt=1 s0=fng (4466,1935) [filtered=0]
cnt=1 s0=fng (4458,1928) [filtered=0]
cnt=1 s0=fng (4450,1921) [filtered=0]
cnt=1 s0=fng (4443,1915) [filtered=0]
cnt=1 s0=fng (4437,1910) [filtered=0]
cnt=1 s0=fng (4431,1904) [filtered=0]
cnt=1 s0=fng (4426,1899) [filtered=0]
cnt=1 s0=fng (4421,1894) [filtered=0]
cnt=1 s0=fng (4418,1890) [filtered=0]
cnt=1 s0=fng (4415,1887) [filtered=0]
cnt=1 s0=fng (4413,1884) [filtered=0]
cnt=1 s0=fng (4412,1882) [filtered=0]
cnt=1 s0=fng (4412,1880) [filtered=0]
cnt=1 s0=fng (4413,1877) [filtered=0]
cnt=1 s0=fng (4413,1875) [filtered=0]
cnt=1 s0=fng (4413,1873) [filtered=0]
cnt=1 s0=fng (4412,1871) [filtered=0]
cnt=1 s0=fng (4411,1868) [filtered=0]
cnt=1 s0=fng (4410,1866) [filtered=0]
cnt=1 s0=fng (4409,1864) [filtered=0]
cnt=1 s0=fng (4408,1861) [filtered=0]
cnt=1 s0=fng (4407,1858) [filtered=0]
cnt=1 s0=fng (4406,1854) [filtered=0]
cnt=1 s0=fng (4405,1851) [filtered=0]
cnt=1 s0=fng (4404,1847) [filtered=0]
cnt=1 s0=fng (4402,1842) [filtered=0]
cnt=1 s0=fng (4401,1837) [filtered=0]
cnt=1 s0=fng (4400,1833) [filtered=0]
cnt=1 s0=fng (4399,1827) [filtered=0]
cnt=1 s0=fng (4398,1821) [filtered=0]
cnt=1 s0=fng (4397,1814) [filtered=0]
cnt=1 s0=fng (4396,1808) [filtered=0]
cnt=1 s0=fng (4395,1800) [filtered=0]
cnt=1 s0=fng (4394,1791) [filtered=0]
cnt=1 s0=fng (4393,1782) [filtered=0]
cnt=1 s0=fng (4392,1773) [filtered=0]
cnt=1 s0=fng (4392,1765) [filtered=0]
cnt=1 s0=fng (4392,1756) [filtered=0]
cnt=1 s0=fng (4391,1746) [filtered=0]
cnt=1 s0=fng (4391,1736) [filtered=0]
cnt=1 s0=fng (4390,1725) [filtered=0]
cnt=1 s0=fng (4390,1714) [filtered=0]
cnt=1 s0=fng (4389,1703) [filtered=0]
cnt=1 s0=fng (4389,1692) [filtered=0]
cnt=1 s0=fng (4388,1681) [filtered=0]
cnt=1 s0=fng (4388,1671) [filtered=0]
cnt=1 s0=fng (4387,1660) [filtered=0]
cnt=1 s0=fng (4386,1649) [filtered=0]
cnt=1 s0=fng (4385,1639) [filtered=0]
cnt=1 s0=fng (4384,1629) [filtered=0]
cnt=1 s0=fng (4384,1620) [filtered=0]
cnt=1 s0=fng (4383,1610) [filtered=0]
cnt=1 s0=fng (4383,1600) [filtered=0]
cnt=1 s0=fng (4382,1591) [filtered=0]
cnt=1 s0=fng (4382,1583) [filtered=0]
cnt=1 s0=fng (4382,1575) [filtered=0]
cnt=1 s0=fng (4381,1566) [filtered=0]
cnt=1 s0=fng (4380,1558) [filtered=0]
cnt=1 s0=fng (4380,1551) [filtered=0]
cnt=1 s0=fng (4379,1545) [filtered=0]
cnt=1 s0=fng (4379,1540) [filtered=0]
cnt=1 s0=fng (4379,1535) [filtered=0]
cnt=1 s0=fng (4379,1530) [filtered=0]
cnt=1 s0=fng (4378,1525) [filtered=0]
cnt=1 s0=fng (4378,1521) [filtered=0]
cnt=1 s0=fng (4378,1518) [filtered=0]
cnt=1 s0=fng (4378,1515) [filtered=0]
cnt=1 s0=fng (4378,1513) [filtered=0]
cnt=1 s0=fng (4378,1511) [filtered=0]
cnt=1 s0=fng (4378,1509) [filtered=0]
cnt=1 s0=fng (4378,1507) [filtered=0]
cnt=1 s0=fng (4378,1506) [filtered=0]
cnt=1 s0=fng (4378,1505) [filtered=0]
cnt=1 s0=fng (4378,1505) [filtered=0]
cnt=1 s0=fng (4378,1504) [filtered=0]
cnt=1 s0=fng (4378,1503) [filtered=0]
cnt=1 s0=fng (4378,1503) [filtered=0]
cnt=1 s0=fng (4379,1503) [filtered=0]
cnt=1 s0=fng (4379,1503) [filtered=0]
cnt=1 s0=fng (4380,1504) [filtered=0]
cnt=1 s0=fng (4381,1505) [filtered=0]
cnt=1 s0=fng (4382,1506) [filtered=0]
cnt=1 s0=fng (4384,1507) [filtered=0]
cnt=1 s0=fng (4385,1507) [filtered=0]
cnt=1 s0=fng (4386,1508) [filtered=0]
cnt=1 s0=fng (4388,1509) [filtered=0]
cnt=1 s0=fng (4390,1511) [filtered=0]
cnt=1 s0=fng (4391,1512) [filtered=0]
cnt=1 s0=fng (4393,1514) [filtered=0]
cnt=1 s0=fng (4396,1516) [filtered=0]
cnt=1 s0=fng (4399,1519) [filtered=0]
cnt=1 s0=fng (4403,1522) [filtered=0]
cnt=1 s0=fng (4405,1524) [filtered=0]
cnt=1 s0=fng (4409,1527) [filtered=0]
cnt=1 s0=fng (4413,1531) [filtered=0]
cnt=1 s0=fng (4418,1535) [filtered=0]
cnt=1 s0=fng (4423,1540) [filtered=0]
cnt=1 s0=fng (4427,1544) [filtered=0]
cnt=1 s0=fng (4433,1549) [filtered=0]
cnt=1 s0=fng (4440,1554) [filtered=0]
cnt=1 s0=fng (4448,1560) [filtered=0]
cnt=1 s0=fng (4456,1566) [filtered=0]
cnt=1 s0=fng (4464,1571) [filtered=0]
cnt=1 s0=fng (4472,1577) [filtered=0]
cnt=1 s0=fng (4480,1582) [filtered=0]
cnt=1 s0=fng (4480,1582) [filtered=0]
cnt=1 s0=fng (4591,1378) [filtered=0]
cnt=1 s0=fng (4591,1378) [filtered=0]
cnt=1 s0=fng (4591,1378) [filtered=0]
cnt=1 s0=fng (4591,1378) [filtered=0]
cnt=1 s0=fng (4591,1378) [filtered=0]
cnt=1 s0=fng (4591,1378) [filtered=0]
cnt=1 s0=fng (4591,1378) [filtered=0]
cnt=1 s0=fng (4587,1374) [filtered=0]
cnt=1 s0=fng (4582,1367) [filtered=0]
cnt=1 s0=fng (4574,1358) [filtered=0]
cnt=1 s0=fng (4567,1349) [filtered=0]
cnt=1 s0=fng (4559,1339) [filtered=0]
cnt=1 s0=fng (4551,1329) [filtered=0]
cnt=1 s0=fng (4543,1319) [filtered=0]
cnt=1 s0=fng (4535,1309) [filtered=0]
cnt=1 s0=fng (4528,1298) [filtered=0]
cnt=1 s0=fng (4521,1287) [filtered=0]
cnt=1 s0=fng (4515,1277) [filtered=0]
cnt=1 s0=fng (4510,1268) [filtered=0]
cnt=1 s0=fng (4506,1258) [filtered=0]
cnt=1 s0=fng (4501,1248) [filtered=0]
cnt=1 s0=fng (4496,1237) [filtered=0]
cnt=1 s0=fng (4492,1227) [filtered=0]
cnt=1 s0=fng (4489,1217) [filtered=0]
cnt=1 s0=fng (4486,1206) [filtered=0]
cnt=1 s0=fng (4483,1195) [filtered=0]
cnt=1 s0=fng (4479,1184) [filtered=0]
cnt=1 s0=fng (4476,1174) [filtered=0]
cnt=1 s0=fng (4474,1163) [filtered=0]
cnt=1 s0=fng (4472,1151) [filtered=0]
cnt=1 s0=fng (4469,1139) [filtered=0]
cnt=1 s0=fng (4467,1127) [filtered=0]
cnt=1 s0=fng (4466,1116) [filtered=0]
cnt=1 s0=fng (4464,1104) [filtered=0]
cnt=1 s0=fng (4462,1092) [filtered=0]
cnt=1 s0=fng (4460,1080) [filtered=0]
cnt=1 s0=fng (4459,1068) [filtered=0]
cnt=1 s0=fng (4458,1057) [filtered=0]
cnt=1 s0=fng (4457,1046) [filtered=0]
cnt=1 s0=fng (4455,1034) [filtered=0]
cnt=1 s0=fng (4454,1022) [filtered=0]
cnt=1 s0=fng (4453,1011) [filtered=0]
cnt=1 s0=fng (4452,1000) [filtered=0]
cnt=1 s0=fng (4451,989) [filtered=0]
cnt=1 s0=fng (4450,977) [filtered=0]
cnt=1 s0=fng (4449,966) [filtered=0]
cnt=1 s0=fng (4448,956) [filtered=0]
cnt=1 s0=fng (4447,946) [filtered=0]
cnt=1 s0=fng (4446,936) [filtered=0]
cnt=1 s0=fng (4445,927) [filtered=0]
cnt=1 s0=fng (4444,918) [filtered=0]
cnt=1 s0=fng (4443,908) [filtered=0]
cnt=1 s0=fng (4442,898) [filtered=0]
cnt=1 s0=fng (4442,889) [filtered=0]
cnt=1 s0=fng (4441,879) [filtered=0]
cnt=1 s0=fng (4440,869) [filtered=0]
cnt=1 s0=fng (4439,859) [filtered=0]
cnt=1 s0=fng (4438,850) [filtered=0]
cnt=1 s0=fng (4438,842) [filtered=0]
cnt=1 s0=fng (4437,833) [filtered=0]
cnt=1 s0=fng (4436,824) [filtered=0]
cnt=1 s0=fng (4435,815) [filtered=0]
cnt=1 s0=fng (4435,807) [filtered=0]
cnt=1 s0=fng (4434,799) [filtered=0]
cnt=1 s0=fng (4433,791) [filtered=0]
cnt=1 s0=fng (4432,783) [filtered=0]
cnt=1 s0=fng (4431,775) [filtered=0]
cnt=1 s0=fng (4430,768) [filtered=0]
cnt=1 s0=fng (4429,762) [filtered=0]
cnt=1 s0=fng (4428,755) [filtered=0]
cnt=1 s0=fng (4427,748) [filtered=0]
cnt=1 s0=fng (4427,742) [filtered=0]
cnt=1 s0=fng (4427,737) [filtered=0]
cnt=1 s0=fng (4426,732) [filtered=0]
cnt=1 s0=fng (4426,727) [filtered=0]
cnt=1 s0=fng (4426,723) [filtered=0]
cnt=1 s0=fng (4425,719) [filtered=0]
cnt=1 s0=fng (4424,714) [filtered=0]
cnt=1 s0=fng (4424,709) [filtered=0]
cnt=1 s0=fng (4423,704) [filtered=0]
cnt=1 s0=fng (4423,700) [filtered=0]
cnt=1 s0=fng (4423,695) [filtered=0]
cnt=1 s0=fng (4422,690) [filtered=0]
cnt=1 s0=fng (4422,685) [filtered=0]
cnt=1 s0=fng (4421,680) [filtered=0]
cnt=1 s0=fng (4421,676) [filtered=0]
cnt=1 s0=fng (4420,672) [filtered=0]
cnt=1 s0=fng (4420,668) [filtered=0]
cnt=1 s0=fng (4419,664) [filtered=0]
cnt=1 s0=fng (4419,661) [filtered=0]
cnt=1 s0=fng (4419,659) [filtered=0]
cnt=1 s0=fng (4418,657) [filtered=0]
cnt=1 s0=fng (4418,654) [filtered=0]
cnt=1 s0=fng (4417,651) [filtered=0]
cnt=1 s0=fng (4417,649) [filtered=0]
cnt=1 s0=fng (4417,648) [filtered=0]
cnt=1 s0=fng (4416,647) [filtered=0]
cnt=1 s0=fng (4415,645) [filtered=0]
cnt=1 s0=fng (4414,644) [filtered=0]
cnt=1 s0=fng (4413,643) [filtered=0]
cnt=1 s0=fng (4412,642) [filtered=0]
cnt=1 s0=fng (4411,641) [filtered=0]
cnt=1 s0=fng (4410,641) [filtered=0]
cnt=1 s0=fng (4410,641) [filtered=0]
cnt=1 s0=fng (4409,641) [filtered=0]
cnt=1 s0=fng (4408,641) [filtered=0]
cnt=1 s0=fng (4407,642) [filtered=0]
cnt=1 s0=fng (4406,644) [filtered=0]
cnt=1 s0=fng (4405,645) [filtered=0]
cnt=1 s0=fng (4405,647) [filtered=0]
cnt=1 s0=fng (4404,651) [filtered=0]
cnt=1 s0=fng (4403,656) [filtered=0]
cnt=1 s0=fng (4403,660) [filtered=0]
cnt=1 s0=fng (4402,665) [filtered=0]
cnt=1 s0=fng (4402,672) [filtered=0]
cnt=1 s0=fng (4401,681) [filtered=0]
cnt=1 s0=fng (4401,690) [filtered=0]
cnt=1 s0=fng (4401,699) [filtered=0]
cnt=1 s0=fng (4400,710) [filtered=0]
cnt=1 s0=fng (4400,722) [filtered=0]
cnt=1 s0=fng (4399,735) [filtered=0]
cnt=1 s0=fng (4398,748) [filtered=0]
cnt=1 s0=fng (4398,761) [filtered=0]
cnt=1 s0=fng (4398,775) [filtered=0]
cnt=1 s0=fng (4397,790) [filtered=0]
cnt=1 s0=fng (4397,806) [filtered=0]
cnt=1 s0=fng (4397,824) [filtered=0]
cnt=1 s0=fng (4397,841) [filtered=0]
cnt=1 s0=fng (4397,859) [filtered=0]
cnt=1 s0=fng (4397,878) [filtered=0]
cnt=1 s0=fng (4397,898) [filtered=0]
cnt=1 s0=fng (4397,918) [filtered=0]
cnt=1 s0=fng (4397,939) [filtered=0]
cnt=1 s0=fng (4397,960) [filtered=0]
cnt=1 s0=fng (4397,982) [filtered=0]
cnt=1 s0=fng (4397,1005) [filtered=0]
cnt=1 s0=fng (4397,1028) [filtered=0]
cnt=1 s0=fng (4397,1052) [filtered=0]
cnt=1 s0=fng (4397,1076) [filtered=0]
cnt=1 s0=fng (4397,1101) [filtered=0]
cnt=1 s0=fng (4397,1125) [filtered=0]
cnt=1 s0=fng (4397,1150) [filtered=0]
cnt=1 s0=fng (4397,1175) [filtered=0]
cnt=1 s0=fng (4397,1201) [filtered=0]
cnt=1 s0=fng (4397,1227) [filtered=0]
cnt=1 s0=fng (4397,1252) [filtered=0]
cnt=1 s0=fng (4397,1278) [filtered=0]
cnt=1 s0=fng (4397,1304) [filtered=0]
cnt=1 s0=fng (4397,1329) [filtered=0]
cnt=1 s0=fng (4397,1353) [filtered=0]
cnt=1 s0=fng (4397,1379) [filtered=0]
cnt=1 s0=fng (4397,1404) [filtered=0]
cnt=1 s0=fng (4397,1429) [filtered=0]
cnt=1 s0=fng (4397,1455) [filtered=0]
cnt=1 s0=fng (4397,1480) [filtered=0]
cnt=1 s0=fng (4397,1506) [filtered=0]
cnt=1 s0=fng (4397,1533) [filtered=0]
cnt=1 s0=fng (4397,1560) [filtered=0]
cnt=1 s0=fng (4397,1587) [filtered=0]
cnt=1 s0=fng (4397,1614) [filtered=0]
cnt=1 s0=fng (4397,1641) [filtered=0]
cnt=1 s0=fng (4397,1668) [filtered=0]
cnt=1 s0=fng (4397,1695) [filtered=0]
cnt=1 s0=fng (4397,1722) [filtered=0]
cnt=1 s0=fng (4397,1749) [filtered=0]
cnt=1 s0=fng (4397,1776) [filtered=0]
cnt=1 s0=fng (4397,1803) [filtered=0]
cnt=1 s0=fng (4397,1830) [filtered=0]
cnt=1 s0=fng (4397,1857) [filtered=0]
cnt=1 s0=fng (4397,1884) [filtered=0]
cnt=1 s0=fng (4397,1911) [filtered=0]
cnt=1 s0=fng (4397,1937) [filtered=0]
cnt=1 s0=fng (4397,1963) [filtered=0]
cnt=1 s0=fng (4397,1991) [filtered=0]
cnt=1 s0=fng (4397,2018) [filtered=0]
cnt=1 s0=fng (4397,2044) [filtered=0]
cnt=1 s0=fng (4397,2070) [filtered=0]
cnt=1 s0=fng (4396,2095) [filtered=0]
cnt=1 s0=fng (4396,2119) [filtered=0]
cnt=1 s0=fng (4395,2143) [filtered=0]
cnt=1 s0=fng (4395,2167) [filtered=0]
cnt=1 s0=fng (4394,2190) [filtered=0]
cnt=1 s0=fng (4393,2212) [filtered=0]
cnt=1 s0=fng (4392,2233) [filtered=0]
cnt=1 s0=fng (4392,2254) [filtered=0]
cnt=1 s0=fng (4391,2274) [filtered=0]
cnt=1 s0=fng (4390,2294) [filtered=0]
cnt=1 s0=fng (4389,2313) [filtered=0]
cnt=1 s0=fng (4388,2331) [filtered=0]
cnt=1 s0=fng (4388,2349) [filtered=0]
cnt=1 s0=fng (4387,2366) [filtered=0]
cnt=1 s0=fng (4386,2382) [filtered=0]
cnt=1 s0=fng (4385,2398) [filtered=0]
cnt=1 s0=fng (4384,2413) [filtered=0]
cnt=1 s0=fng (4383,2428) [filtered=0]
cnt=1 s0=fng (4382,2441) [filtered=0]
cnt=1 s0=fng (4381,2453) [filtered=0]
cnt=1 s0=fng (4380,2465) [filtered=0]
cnt=1 s0=fng (4380,2477) [filtered=0]
cnt=1 s0=fng (4379,2488) [filtered=0]
cnt=1 s0=fng (4378,2498) [filtered=0]
cnt=1 s0=fng (4377,2507) [filtered=0]
cnt=1 s0=fng (4376,2515) [filtered=0]
cnt=1 s0=fng (4376,2523) [filtered=0]
cnt=1 s0=fng (4375,2531) [filtered=0]
cnt=1 s0=fng (4375,2538) [filtered=0]
cnt=1 s0=fng (4374,2544) [filtered=0]
cnt=1 s0=fng (4374,2549) [filtered=0]
cnt=1 s0=fng (4374,2554) [filtered=0]
cnt=1 s0=fng (4373,2559) [filtered=0]
cnt=1 s0=fng (4373,2563) [filtered=0]
cnt=1 s0=fng (4373,2567) [filtered=0]
cnt=1 s0=fng (4373,2571) [filtered=0]
cnt=1 s0=fng (4373,2574) [filtered=0]
cnt=1 s0=fng (4373,2577) [filtered=0]
cnt=1 s0=fng (4373,2579) [filtered=0]
cnt=1 s0=fng (4373,2580) [filtered=0]
cnt=1 s0=fng (4373,2581) [filtered=0]
cnt=1 s0=fng (4373,2581) [filtered=0]
cnt=1 s0=fng (4373,2581) [filtered=0]
cnt=1 s0=fng (4373,2581) [filtered=0]
cnt=1 s0=fng (4373,2578) [filtered=0]
cnt=1 s0=fng (4373,2575) [filtered=0]
cnt=1 s0=fng (4373,2570) [filtered=0]
cnt=1 s0=fng (4372,2563) [filtered=0]
cnt=1 s0=fng (4371,2556) [filtered=0]
cnt=1 s0=fng (4371,2549) [filtered=0]
cnt=1 s0=fng (4370,2540) [filtered=0]
cnt=1 s0=fng (4369,2529) [filtered=0]
cnt=1 s0=fng (4368,2517) [filtered=0]
cnt=1 s0=fng (4367,2506) [filtered=0]
cnt=1 s0=fng (4366,2493) [filtered=0]
cnt=1 s0=fng (4365,2479) [filtered=0]
cnt=1 s0=fng (4363,2463) [filtered=0]
cnt=1 s0=fng (4362,2448) [filtered=0]
cnt=1 s0=fng (4361,2431) [filtered=0]
cnt=1 s0=fng (4359,2413) [filtered=0]
cnt=1 s0=fng (4358,2395) [filtered=0]
cnt=1 s0=fng (4356,2376) [filtered=0]
cnt=1 s0=fng (4353,2356) [filtered=0]
cnt=1 s0=fng (4350,2334) [filtered=0]
cnt=1 s0=fng (4349,2312) [filtered=0]
cnt=1 s0=fng (4346,2290) [filtered=0]
cnt=1 s0=fng (4343,2267) [filtered=0]
cnt=1 s0=fng (4341,2245) [filtered=0]
cnt=1 s0=fng (4338,2221) [filtered=0]
cnt=1 s0=fng (4335,2196) [filtered=0]
cnt=1 s0=fng (4333,2172) [filtered=0]
cnt=1 s0=fng (4329,2147) [filtered=0]
cnt=1 s0=fng (4325,2121) [filtered=0]
cnt=1 s0=fng (4321,2094) [filtered=0]
cnt=1 s0=fng (4318,2068) [filtered=0]
cnt=1 s0=fng (4315,2040) [filtered=0]
cnt=1 s0=fng (4312,2012) [filtered=0]
cnt=1 s0=fng (4309,1985) [filtered=0]
cnt=1 s0=fng (4306,1957) [filtered=0]
cnt=1 s0=fng (4303,1928) [filtered=0]
cnt=1 s0=fng (4300,1900) [filtered=0]
cnt=1 s0=fng (4297,1871) [filtered=0]
cnt=1 s0=fng (4294,1841) [filtered=0]
cnt=1 s0=fng (4291,1810) [filtered=0]
cnt=1 s0=fng (4288,1780) [filtered=0]
cnt=1 s0=fng (4285,1750) [filtered=0]
cnt=1 s0=fng (4282,1720) [filtered=0]
cnt=1 s0=fng (4279,1690) [filtered=0]
cnt=1 s0=fng (4277,1660) [filtered=0]
cnt=1 s0=fng (4275,1630) [filtered=0]
cnt=1 s0=fng (4273,1599) [filtered=0]
cnt=1 s0=fng (4271,1569) [filtered=0]
cnt=1 s0=fng (4269,1539) [filtered=0]
cnt=1 s0=fng (4267,1509) [filtered=0]
cnt=1 s0=fng (4264,1478) [filtered=0]
cnt=1 s0=fng (4262,1448) [filtered=0]
cnt=1 s0=fng (4261,1418) [filtered=0]
cnt=1 s0=fng (4260,1388) [filtered=0]
cnt=1 s0=fng (4258,1358) [filtered=0]
cnt=1 s0=fng (4256,1328) [filtered=0]
cnt=1 s0=fng (4255,1299) [filtered=0]
cnt=1 s0=fng (4254,1269) [filtered=0]
cnt=1 s0=fng (4253,1239) [filtered=0]
cnt=1 s0=fng (4251,1208) [filtered=0]
cnt=1 s0=fng (4250,1178) [filtered=0]
cnt=1 s0=fng (4248,1148) [filtered=0]
cnt=1 s0=fng (4246,1119) [filtered=0]
cnt=1 s0=fng (4246,1119) [filtered=0]
cnt=1 s0=fng (4100,881) [filtered=0]
cnt=1 s0=fng (4100,881) [filtered=0]
cnt=1 s0=fng (4100,881) [filtered=0]
cnt=1 s0=fng (4100,881) [filtered=0]
cnt=1 s0=fng (4100,881) [filtered=0]
cnt=1 s0=fng (4100,881) [filtered=0]
cnt=1 s0=fng (4100,881) [filtered=0]
cnt=1 s0=fng (4100,881) [filtered=0]
cnt=1 s0=fng (4100,881) [filtered=0]
cnt=1 s0=fng (4100,881) [filtered=0]
cnt=1 s0=fng (4100,881) [filtered=0]
cnt=1 s0=fng (4101,886) [filtered=0]
cnt=1 s0=fng (4103,896) [filtered=0]
cnt=1 s0=fng (4104,905) [filtered=0]
cnt=1 s0=fng (4107,918) [filtered=0]
cnt=1 s0=fng (4111,935) [filtered=0]
cnt=1 s0=fng (4116,954) [filtered=0]
cnt=1 s0=fng (4120,973) [filtered=0]
cnt=1 s0=fng (4125,994) [filtered=0]
cnt=1 s0=fng (4130,1015) [filtered=0]
cnt=1 s0=fng (4135,1038) [filtered=0]
cnt=1 s0=fng (4139,1060) [filtered=0]
cnt=1 s0=fng (4144,1084) [filtered=0]
cnt=1 s0=fng (4149,1109) [filtered=0]
cnt=1 s0=fng (4154,1134) [filtered=0]
cnt=1 s0=fng (4159,1158) [filtered=0]
cnt=1 s0=fng (4164,1184) [filtered=0]
cnt=1 s0=fng (4169,1210) [filtered=0]
cnt=1 s0=fng (4173,1235) [filtered=0]
cnt=1 s0=fng (4178,1259) [filtered=0]
cnt=1 s0=fng (4183,1284) [filtered=0]
cnt=1 s0=fng (4188,1309) [filtered=0]
cnt=1 s0=fng (4194,1335) [filtered=0]
cnt=1 s0=fng (4199,1360) [filtered=0]
cnt=1 s0=fng (4204,1388) [filtered=0]
cnt=1 s0=fng (4209,1416) [filtered=0]
cnt=1 s0=fng (4213,1443) [filtered=0]
cnt=1 s0=fng (4217,1468) [filtered=0]
cnt=1 s0=fng (4221,1493) [filtered=0]
cnt=1 s0=fng (4224,1518) [filtered=0]
cnt=1 s0=fng (4227,1543) [filtered=0]
cnt=1 s0=fng (4231,1568) [filtered=0]
cnt=1 s0=fng (4235,1594) [filtered=0]
cnt=1 s0=fng (4238,1619) [filtered=0]
cnt=1 s0=fng (4240,1644) [filtered=0]
cnt=1 s0=fng (4243,1668) [filtered=0]
cnt=1 s0=fng (4245,1692) [filtered=0]
cnt=1 s0=fng (4246,1716) [filtered=0]
cnt=1 s0=fng (4248,1740) [filtered=0]
cnt=1 s0=fng (4249,1764) [filtered=0]
cnt=1 s0=fng (4251,1788) [filtered=0]
cnt=1 s0=fng (4253,1811) [filtered=0]
cnt=1 s0=fng (4254,1834) [filtered=0]
cnt=1 s0=fng (4256,1856) [filtered=0]
cnt=1 s0=fng (4258,1877) [filtered=0]
cnt=1 s0=fng (4260,1898) [filtered=0]
cnt=1 s0=fng (4261,1919) [filtered=0]
cnt=1 s0=fng (4262,1938) [filtered=0]
cnt=1 s0=fng (4263,1956) [filtered=0]
cnt=1 s0=fng (4264,1973) [filtered=0]
cnt=1 s0=fng (4265,1990) [filtered=0]
cnt=1 s0=fng (4266,2005) [filtered=0]
cnt=1 s0=fng (4266,2019) [filtered=0]
cnt=1 s0=fng (4266,2031) [filtered=0]
cnt=1 s0=fng (4266,2042) [filtered=0]
cnt=1 s0=fng (4266,2053) [filtered=0]
cnt=1 s0=fng (4265,2064) [filtered=0]
cnt=1 s0=fng (4264,2073) [filtered=0]
cnt=1 s0=fng (4263,2081) [filtered=0]
cnt=1 s0=fng (4263,2089) [filtered=0]
cnt=1 s0=fng (4262,2096) [filtered=0]
cnt=1 s0=fng (4260,2101) [filtered=0]
cnt=1 s0=fng (4259,2106) [filtered=0]
cnt=1 s0=fng (4257,2110) [filtered=0]
cnt=1 s0=fng (4255,2113) [filtered=0]
cnt=1 s0=fng (4254,2116) [filtered=0]
cnt=1 s0=fng (4251,2119) [filtered=0]
cnt=1 s0=fng (4248,2120) [filtered=0]
cnt=1 s0=fng (4246,2121) [filtered=0]
cnt=1 s0=fng (4243,2121) [filtered=0]
cnt=1 s0=fng (4239,2118) [filtered=0]
cnt=1 s0=fng (4236,2115) [filtered=0]
cnt=1 s0=fng (4233,2110) [filtered=0]
cnt=1 s0=fng (4228,2104) [filtered=0]
cnt=1 s0=fng (4223,2097) [filtered=0]
cnt=1 s0=fng (4219,2090) [filtered=0]
cnt=1 s0=fng (4214,2081) [filtered=0]
cnt=1 s0=fng (4208,2071) [filtered=0]
cnt=1 s0=fng (4203,2061) [filtered=0]
cnt=1 s0=fng (4196,2050) [filtered=0]
cnt=1 s0=fng (4189,2038) [filtered=0]
cnt=1 s0=fng (4182,2026) [filtered=0]
cnt=1 s0=fng (4176,2014) [filtered=0]
cnt=1 s0=fng (4169,2001) [filtered=0]
cnt=1 s0=fng (4163,1989) [filtered=0]
cnt=1 s0=fng (4157,1978) [filtered=0]
cnt=1 s0=fng (4151,1966) [filtered=0]
cnt=1 s0=fng (4145,1954) [filtered=0]
cnt=1 s0=fng (4139,1941) [filtered=0]
cnt=1 s0=fng (4132,1928) [filtered=0]
cnt=1 s0=fng (4126,1915) [filtered=0]
cnt=1 s0=fng (4120,1900) [filtered=0]
cnt=1 s0=fng (4114,1886) [filtered=0]
cnt=1 s0=fng (4108,1871) [filtered=0]
cnt=1 s0=fng (4101,1855) [filtered=0]
cnt=1 s0=fng (4094,1839) [filtered=0]
cnt=1 s0=fng (4088,1823) [filtered=0]
cnt=1 s0=fng (4080,1804) [filtered=0]
cnt=1 s0=fng (4072,1785) [filtered=0]
cnt=1 s0=fng (4065,1766) [filtered=0]
cnt=1 s0=fng (4057,1747) [filtered=0]
cnt=1 s0=fng (4049,1727) [filtered=0]
cnt=1 s0=fng (4042,1708) [filtered=0]
cnt=1 s0=fng (4035,1688) [filtered=0]
cnt=1 s0=fng (4028,1667) [filtered=0]
cnt=1 s0=fng (4022,1647) [filtered=0]
cnt=1 s0=fng (4016,1627) [filtered=0]
cnt=1 s0=fng (4010,1607) [filtered=0]
cnt=1 s0=fng (4005,1589) [filtered=0]
cnt=1 s0=fng (4000,1571) [filtered=0]
cnt=1 s0=fng (3995,1553) [filtered=0]
cnt=1 s0=fng (3991,1534) [filtered=0]
cnt=1 s0=fng (3987,1515) [filtered=0]
cnt=1 s0=fng (3983,1496) [filtered=0]
cnt=1 s0=fng (3979,1477) [filtered=0]
cnt=1 s0=fng (3975,1457) [filtered=0]
cnt=1 s0=fng (3971,1438) [filtered=0]
cnt=1 s0=fng (3967,1419) [filtered=0]
cnt=1 s0=fng (3964,1399) [filtered=0]
cnt=1 s0=fng (3961,1380) [filtered=0]
cnt=1 s0=fng (3959,1361) [filtered=0]
cnt=1 s0=fng (3957,1342) [filtered=0]
cnt=1 s0=fng (3955,1324) [filtered=0]
cnt=1 s0=fng (3952,1306) [filtered=0]
cnt=1 s0=fng (3950,1288) [filtered=0]
cnt=1 s0=fng (3948,1270) [filtered=0]
cnt=1 s0=fng (3945,1253) [filtered=0]
cnt=1 s0=fng (3943,1236) [filtered=0]
cnt=1 s0=fng (3942,1220) [filtered=0]
cnt=1 s0=fng (3941,1205) [filtered=0]
cnt=1 s0=fng (3940,1190) [filtered=0]
cnt=1 s0=fng (3939,1176) [filtered=0]
cnt=1 s0=fng (3938,1163) [filtered=0]
cnt=1 s0=fng (3937,1150) [filtered=0]
cnt=1 s0=fng (3937,1138) [filtered=0]
cnt=1 s0=fng (3936,1127) [filtered=0]
cnt=1 s0=fng (3936,1117) [filtered=0]
cnt=1 s0=fng (3936,1107) [filtered=0]
cnt=1 s0=fng (3936,1098) [filtered=0]
cnt=1 s0=fng (3936,1089) [filtered=0]
cnt=1 s0=fng (3936,1080) [filtered=0]
cnt=1 s0=fng (3937,1073) [filtered=0]
cnt=1 s0=fng (3938,1067) [filtered=0]
cnt=1 s0=fng (3938,1061) [filtered=0]
cnt=1 s0=fng (3939,1056) [filtered=0]
cnt=1 s0=fng (3941,1052) [filtered=0]
cnt=1 s0=fng (3943,1049) [filtered=0]
cnt=1 s0=fng (3944,1046) [filtered=0]
cnt=1 s0=fng (3946,1043) [filtered=0]
cnt=1 s0=fng (3948,1042) [filtered=0]
cnt=1 s0=fng (3949,1041) [filtered=0]
cnt=1 s0=fng (3951,1041) [filtered=0]
cnt=1 s0=fng (3953,1041) [filtered=0]
cnt=1 s0=fng (3954,1041) [filtered=0]
cnt=1 s0=fng (3956,1044) [filtered=0]
cnt=1 s0=fng (3959,1050) [filtered=0]
cnt=1 s0=fng (3960,1056) [filtered=0]
cnt=1 s0=fng (3962,1064) [filtered=0]
cnt=1 s0=fng (3965,1072) [filtered=0]
cnt=1 s0=fng (3968,1082) [filtered=0]
cnt=1 s0=fng (3969,1091) [filtered=0]
cnt=1 s0=fng (3971,1103) [filtered=0]
cnt=1 s0=fng (3973,1117) [filtered=0]
cnt=1 s0=fng (3974,1130) [filtered=0]
cnt=1 s0=fng (3976,1144) [filtered=0]
cnt=1 s0=fng (3979,1160) [filtered=0]
cnt=1 s0=fng (3980,1176) [filtered=0]
cnt=1 s0=fng (3982,1194) [filtered=0]
cnt=1 s0=fng (3984,1213) [filtered=0]
cnt=1 s0=fng (3985,1231) [filtered=0]
cnt=1 s0=fng (3987,1252) [filtered=0]
cnt=1 s0=fng (3989,1274) [filtered=0]
cnt=1 s0=fng (3990,1295) [filtered=0]
cnt=1 s0=fng (3992,1318) [filtered=0]
cnt=1 s0=fng (3993,1342) [filtered=0]
cnt=1 s0=fng (3994,1365) [filtered=0]
cnt=1 s0=fng (3995,1389) [filtered=0]
cnt=1 s0=fng (3995,1415) [filtered=0]
cnt=1 s0=fng (3996,1441) [filtered=0]
cnt=1 s0=fng (3996,1466) [filtered=0]
cnt=1 s0=fng (3997,1493) [filtered=0]
cnt=1 s0=fng (3998,1521) [filtered=0]
cnt=1 s0=fng (3998,1548) [filtered=0]
cnt=1 s0=fng (3999,1575) [filtered=0]
cnt=1 s0=fng (4000,1603) [filtered=0]
cnt=1 s0=fng (4001,1632) [filtered=0]
cnt=1 s0=fng (4001,1660) [filtered=0]
cnt=1 s0=fng (4002,1688) [filtered=0]
cnt=1 s0=fng (4003,1717) [filtered=0]
cnt=1 s0=fng (4003,1745) [filtered=0]
cnt=1 s0=fng (4003,1773) [filtered=0]
cnt=1 s0=fng (4003,1801) [filtered=0]
cnt=1 s0=fng (4004,1826) [filtered=0]
cnt=1 s0=fng (4004,1851) [filtered=0]
cnt=1 s0=fng (4004,1876) [filtered=0]
cnt=1 s0=fng (4004,1901) [filtered=0]
cnt=1 s0=fng (4004,1926) [filtered=0]
cnt=1 s0=fng (4004,1951) [filtered=0]
cnt=1 s0=fng (4004,1975) [filtered=0]
cnt=1 s0=fng (4003,1999) [filtered=0]
cnt=1 s0=fng (4003,2023) [filtered=0]
cnt=1 s0=fng (4003,2048) [filtered=0]
cnt=1 s0=fng (4002,2072) [filtered=0]
cnt=1 s0=fng (4002,2096) [filtered=0]
cnt=1 s0=fng (4002,2119) [filtered=0]
cnt=1 s0=fng (4001,2140) [filtered=0]
cnt=1 s0=fng (4000,2160) [filtered=0]
cnt=1 s0=fng (3999,2180) [filtered=0]
cnt=1 s0=fng (3998,2198) [filtered=0]
cnt=1 s0=fng (3997,2215) [filtered=0]
cnt=1 s0=fng (3997,2232) [filtered=0]
cnt=1 s0=fng (3996,2247) [filtered=0]
cnt=1 s0=fng (3995,2261) [filtered=0]
cnt=1 s0=fng (3994,2275) [filtered=0]
cnt=1 s0=fng (3993,2287) [filtered=0]
cnt=1 s0=fng (3992,2298) [filtered=0]
cnt=1 s0=fng (3991,2309) [filtered=0]
cnt=1 s0=fng (3990,2319) [filtered=0]
cnt=1 s0=fng (3988,2328) [filtered=0]
cnt=1 s0=fng (3987,2337) [filtered=0]
cnt=1 s0=fng (3986,2345) [filtered=0]
cnt=1 s0=fng (3984,2351) [filtered=0]
cnt=1 s0=fng (3983,2357) [filtered=0]
cnt=1 s0=fng (3981,2362) [filtered=0]
cnt=1 s0=fng (3979,2365) [filtered=0]
cnt=1 s0=fng (3976,2366) [filtered=0]
cnt=1 s0=fng (3975,2367) [filtered=0]
cnt=1 s0=fng (3973,2367) [filtered=0]
cnt=1 s0=fng (3970,2363) [filtered=0]
cnt=1 s0=fng (3969,2359) [filtered=0]
cnt=1 s0=fng (3967,2353) [filtered=0]
cnt=1 s0=fng (3966,2347) [filtered=0]
cnt=1 s0=fng (3964,2339) [filtered=0]
cnt=1 s0=fng (3962,2329) [filtered=0]
cnt=1 s0=fng (3961,2319) [filtered=0]
cnt=1 s0=fng (3959,2307) [filtered=0]
cnt=1 s0=fng (3958,2295) [filtered=0]
cnt=1 s0=fng (3957,2281) [filtered=0]
cnt=1 s0=fng (3955,2265) [filtered=0]
cnt=1 s0=fng (3954,2250) [filtered=0]
cnt=1 s0=fng (3953,2233) [filtered=0]
cnt=1 s0=fng (3952,2214) [filtered=0]
cnt=1 s0=fng (3951,2196) [filtered=0]
cnt=1 s0=fng (3950,2176) [filtered=0]
cnt=1 s0=fng (3950,2157) [filtered=0]
cnt=1 s0=fng (3949,2136) [filtered=0]
cnt=1 s0=fng (3949,2114) [filtered=0]
cnt=1 s0=fng (3949,2093) [filtered=0]
cnt=1 s0=fng (3948,2069) [filtered=0]
cnt=1 s0=fng (3947,2044) [filtered=0]
cnt=1 s0=fng (3947,2020) [filtered=0]
cnt=1 s0=fng (3946,1995) [filtered=0]
cnt=1 s0=fng (3946,1970) [filtered=0]
cnt=1 s0=fng (3945,1943) [filtered=0]
cnt=1 s0=fng (3944,1916) [filtered=0]
cnt=1 s0=fng (3944,1889) [filtered=0]
cnt=1 s0=fng (3943,1860) [filtered=0]
cnt=1 s0=fng (3942,1831) [filtered=0]
cnt=1 s0=fng (3941,1802) [filtered=0]
cnt=1 s0=fng (3940,1772) [filtered=0]
cnt=1 s0=fng (3940,1742) [filtered=0]
cnt=1 s0=fng (3940,1712) [filtered=0]
cnt=1 s0=fng (3939,1681) [filtered=0]
cnt=1 s0=fng (3939,1650) [filtered=0]
cnt=1 s0=fng (3938,1618) [filtered=0]
cnt=1 s0=fng (3938,1587) [filtered=0]
cnt=1 s0=fng (3937,1553) [filtered=0]
cnt=1 s0=fng (3937,1518) [filtered=0]
cnt=1 s0=fng (3937,1484) [filtered=0]
cnt=1 s0=fng (3936,1450) [filtered=0]
cnt=1 s0=fng (3936,1416) [filtered=0]
cnt=1 s0=fng (3936,1382) [filtered=0]
cnt=1 s0=fng (3935,1349) [filtered=0]
cnt=1 s0=fng (3935,1317) [filtered=0]
cnt=1 s0=fng (3935,1286) [filtered=0]
cnt=1 s0=fng (3934,1254) [filtered=0]
cnt=1 s0=fng (3934,1223) [filtered=0]
cnt=1 s0=fng (3933,1196) [filtered=0]
cnt=1 s0=fng (3933,1170) [filtered=0]
cnt=1 s0=fng (3933,1144) [filtered=0]
cnt=1 s0=fng (3932,1118) [filtered=0]
cnt=1 s0=fng (3932,1092) [filtered=0]
cnt=1 s0=fng (3931,1067) [filtered=0]
cnt=1 s0=fng (3930,1043) [filtered=0]
cnt=1 s0=fng (3930,1019) [filtered=0]
cnt=1 s0=fng (3929,996) [filtered=0]
cnt=1 s0=fng (3928,973) [filtered=0]
cnt=1 s0=fng (3927,951) [filtered=0]
cnt=1 s0=fng (3925,930) [filtered=0]
cnt=1 s0=fng (3924,909) [filtered=0]
cnt=1 s0=fng (3923,889) [filtered=0]
cnt=1 s0=fng (3921,871) [filtered=0]
cnt=1 s0=fng (3920,853) [filtered=0]
cnt=1 s0=fng (3918,837) [filtered=0]
cnt=1 s0=fng (3916,822) [filtered=0]
cnt=1 s0=fng (3915,807) [filtered=0]
cnt=1 s0=fng (3913,793) [filtered=0]
cnt=1 s0=fng (3911,781) [filtered=0]
cnt=1 s0=fng (3909,771) [filtered=0]
cnt=1 s0=fng (3908,761) [filtered=0]
cnt=1 s0=fng (3906,750) [filtered=0]
cnt=1 s0=fng (3905,741) [filtered=0]
cnt=1 s0=fng (3903,732) [filtered=0]
cnt=1 s0=fng (3902,723) [filtered=0]
cnt=1 s0=fng (3901,716) [filtered=0]
cnt=1 s0=fng (3900,709) [filtered=0]
cnt=1 s0=fng (3899,704) [filtered=0]
cnt=1 s0=fng (3898,700) [filtered=0]
cnt=1 s0=fng (3897,696) [filtered=0]
cnt=1 s0=fng (3896,693) [filtered=0]
cnt=1 s0=fng (3894,691) [filtered=0]
cnt=1 s0=fng (3893,689) [filtered=0]
cnt=1 s0=fng (3892,689) [filtered=0]
cnt=1 s0=fng (3890,692) [filtered=0]
cnt=1 s0=fng (3889,695) [filtered=0]
cnt=1 s0=fng (3887,700) [filtered=0]
cnt=1 s0=fng (3885,707) [filtered=0]
cnt=1 s0=fng (3884,714) [filtered=0]
cnt=1 s0=fng (3882,723) [filtered=0]
cnt=1 s0=fng (3880,734) [filtered=0]
cnt=1 s0=fng (3879,745) [filtered=0]
cnt=1 s0=fng (3877,758) [filtered=0]
cnt=1 s0=fng (3875,773) [filtered=0]
cnt=1 s0=fng (3874,787) [filtered=0]
cnt=1 s0=fng (3872,803) [filtered=0]
cnt=1 s0=fng (3870,822) [filtered=0]
cnt=1 s0=fng (3868,843) [filtered=0]
cnt=1 s0=fng (3867,863) [filtered=0]
cnt=1 s0=fng (3865,887) [filtered=0]
cnt=1 s0=fng (3863,913) [filtered=0]
cnt=1 s0=fng (3862,938) [filtered=0]
cnt=1 s0=fng (3861,966) [filtered=0]
cnt=1 s0=fng (3859,996) [filtered=0]
cnt=1 s0=fng (3858,1025) [filtered=0]
cnt=1 s0=fng (3857,1056) [filtered=0]
cnt=1 s0=fng (3856,1088) [filtered=0]
cnt=1 s0=fng (3855,1120) [filtered=0]
cnt=1 s0=fng (3854,1154) [filtered=0]
cnt=1 s0=fng (3852,1189) [filtered=0]
cnt=1 s0=fng (3851,1224) [filtered=0]
cnt=1 s0=fng (3850,1260) [filtered=0]
cnt=1 s0=fng (3849,1297) [filtered=0]
cnt=1 s0=fng (3848,1333) [filtered=0]
cnt=1 s0=fng (3847,1371) [filtered=0]
cnt=1 s0=fng (3846,1408) [filtered=0]
cnt=1 s0=fng (3845,1442) [filtered=0]
cnt=1 s0=fng (3843,1476) [filtered=0]
cnt=1 s0=fng (3841,1512) [filtered=0]
cnt=1 s0=fng (3840,1547) [filtered=0]
cnt=1 s0=fng (3838,1587) [filtered=0]
cnt=1 s0=fng (3836,1627) [filtered=0]
cnt=1 s0=fng (3835,1666) [filtered=0]
cnt=1 s0=fng (3833,1705) [filtered=0]
cnt=1 s0=fng (3832,1744) [filtered=0]
cnt=1 s0=fng (3830,1778) [filtered=0]
cnt=1 s0=fng (3828,1812) [filtered=0]
cnt=1 s0=fng (3827,1846) [filtered=0]
cnt=1 s0=fng (3825,1879) [filtered=0]
cnt=1 s0=fng (3822,1911) [filtered=0]
cnt=1 s0=fng (3821,1943) [filtered=0]
cnt=1 s0=fng (3819,1975) [filtered=0]
cnt=1 s0=fng (3817,2005) [filtered=0]
cnt=1 s0=fng (3814,2033) [filtered=0]
cnt=1 s0=fng (3813,2061) [filtered=0]
cnt=1 s0=fng (3811,2091) [filtered=0]
cnt=1 s0=fng (3809,2118) [filtered=0]
cnt=1 s0=fng (3808,2145) [filtered=0]
cnt=1 s0=fng (3806,2170) [filtered=0]
cnt=1 s0=fng (3805,2194) [filtered=0]
cnt=1 s0=fng (3804,2218) [filtered=0]
cnt=1 s0=fng (3803,2239) [filtered=0]
cnt=1 s0=fng (3802,2260) [filtered=0]
cnt=1 s0=fng (3801,2277) [filtered=0]
cnt=1 s0=fng (3800,2293) [filtered=0]
cnt=1 s0=fng (3799,2307) [filtered=0]
cnt=1 s0=fng (3798,2321) [filtered=0]
cnt=1 s0=fng (3798,2335) [filtered=0]
cnt=1 s0=fng (3797,2347) [filtered=0]
cnt=1 s0=fng (3796,2358) [filtered=0]
cnt=1 s0=fng (3796,2369) [filtered=0]
cnt=1 s0=fng (3796,2378) [filtered=0]
cnt=1 s0=fng (3796,2386) [filtered=0]
cnt=1 s0=fng (3796,2394) [filtered=0]
cnt=1 s0=fng (3797,2400) [filtered=0]
cnt=1 s0=fng (3798,2403) [filtered=0]
cnt=1 s0=fng (3799,2403) [filtered=0]
cnt=1 s0=fng (3800,2403) [filtered=0]
cnt=1 s0=fng (3801,2400) [filtered=0]
cnt=1 s0=fng (3803,2394) [filtered=0]
cnt=1 s0=fng (3804,2388) [filtered=0]
cnt=1 s0=fng (3806,2380) [filtered=0]
cnt=1 s0=fng (3809,2369) [filtered=0]
cnt=1 s0=fng (3810,2358) [filtered=0]
cnt=1 s0=fng (3813,2345) [filtered=0]
cnt=1 s0=fng (3816,2330) [filtered=0]
cnt=1 s0=fng (3818,2315) [filtered=0]
cnt=1 s0=fng (3821,2297) [filtered=0]
cnt=1 s0=fng (3824,2277) [filtered=0]
cnt=1 s0=fng (3826,2258) [filtered=0]
cnt=1 s0=fng (3829,2237) [filtered=0]
cnt=1 s0=fng (3832,2214) [filtered=0]
cnt=1 s0=fng (3835,2189) [filtered=0]
cnt=1 s0=fng (3837,2165) [filtered=0]
cnt=1 s0=fng (3840,2139) [filtered=0]
cnt=1 s0=fng (3843,2112) [filtered=0]
cnt=1 s0=fng (3845,2086) [filtered=0]
cnt=1 s0=fng (3847,2058) [filtered=0]
cnt=1 s0=fng (3849,2029) [filtered=0]
cnt=1 s0=fng (3852,2000) [filtered=0]
cnt=1 s0=fng (3855,1971) [filtered=0]
cnt=1 s0=fng (3857,1943) [filtered=0]
cnt=1 s0=fng (3858,1912) [filtered=0]
cnt=1 s0=fng (3860,1881) [filtered=0]
cnt=1 s0=fng (3862,1850) [filtered=0]
cnt=1 s0=fng (3864,1819) [filtered=0]
cnt=1 s0=fng (3864,1819) [filtered=0]
cnt=1 s0=fng (906,1975) [filtered=0]
cnt=1 s0=fng (906,1975) [filtered=0]
cnt=1 s0=fng (906,1975) [filtered=0]
cnt=1 s0=fng (906,1975) [filtered=0]
cnt=1 s0=fng (906,1975) [filtered=0]
cnt=1 s0=fng (906,1975) [filtered=0]
cnt=1 s0=fng (906,1975) [filtered=0]
cnt=1 s0=fng (906,1975) [filtered=0]
cnt=1 s0=fng (906,1975) [filtered=0]
cnt=1 s0=fng (906,1975) [filtered=0]
cnt=1 s0=fng (906,1975) [filtered=0]
cnt=1 s0=fng (906,1975) [filtered=0]
cnt=1 s0=fng (906,1975) [filtered=0]
cnt=1 s0=fng (906,1975) [filtered=0]
cnt=1 s0=fng (906,1975) [filtered=0]
cnt=1 s0=fng (906,1975) [filtered=0]
cnt=1 s0=fng (906,1975) [filtered=0]
cnt=1 s0=fng (906,1975) [filtered=0]
cnt=1 s0=fng (906,1975) [filtered=0]
cnt=1 s0=fng (906,1975) [filtered=0]
cnt=1 s0=fng (906,1975) [filtered=0]
cnt=1 s0=fng (905,1970) [filtered=0]
cnt=1 s0=fng (904,1966) [filtered=0]
cnt=1 s0=fng (902,1958) [filtered=0]
cnt=1 s0=fng (899,1946) [filtered=0]
cnt=1 s0=fng (897,1934) [filtered=0]
cnt=1 s0=fng (894,1921) [filtered=0]
cnt=1 s0=fng (891,1906) [filtered=0]
cnt=1 s0=fng (888,1890) [filtered=0]
cnt=1 s0=fng (886,1874) [filtered=0]
cnt=1 s0=fng (883,1857) [filtered=0]
cnt=1 s0=fng (880,1838) [filtered=0]
cnt=1 s0=fng (878,1820) [filtered=0]
cnt=1 s0=fng (875,1801) [filtered=0]
cnt=1 s0=fng (872,1781) [filtered=0]
cnt=1 s0=fng (868,1760) [filtered=0]
cnt=1 s0=fng (866,1740) [filtered=0]
cnt=1 s0=fng (863,1719) [filtered=0]
cnt=1 s0=fng (860,1698) [filtered=0]
cnt=1 s0=fng (856,1677) [filtered=0]
cnt=1 s0=fng (853,1656) [filtered=0]
cnt=1 s0=fng (851,1635) [filtered=0]
cnt=1 s0=fng (848,1614) [filtered=0]
cnt=1 s0=fng (845,1593) [filtered=0]
cnt=1 s0=fng (843,1573) [filtered=0]
cnt=1 s0=fng (842,1554) [filtered=0]
cnt=1 s0=fng (841,1535) [filtered=0]
cnt=1 s0=fng (839,1516) [filtered=0]
cnt=1 s0=fng (838,1498) [filtered=0]
cnt=1 s0=fng (837,1481) [filtered=0]
cnt=1 s0=fng (836,1465) [filtered=0]
cnt=1 s0=fng (835,1449) [filtered=0]
cnt=1 s0=fng (835,1434) [filtered=0]
cnt=1 s0=fng (834,1421) [filtered=0]
cnt=1 s0=fng (833,1409) [filtered=0]
cnt=1 s0=fng (832,1399) [filtered=0]
cnt=1 s0=fng (830,1389) [filtered=0]
cnt=1 s0=fng (829,1380) [filtered=0]
cnt=1 s0=fng (827,1372) [filtered=0]
cnt=1 s0=fng (825,1365) [filtered=0]
cnt=1 s0=fng (822,1360) [filtered=0]
cnt=1 s0=fng (821,1355) [filtered=0]
cnt=1 s0=fng (818,1351) [filtered=0]
cnt=1 s0=fng (815,1349) [filtered=0]
cnt=1 s0=fng (812,1349) [filtered=0]
cnt=1 s0=fng (810,1349) [filtered=0]
cnt=1 s0=fng (807,1353) [filtered=0]
cnt=1 s0=fng (804,1359) [filtered=0]
cnt=1 s0=fng (801,1366) [filtered=0]
cnt=1 s0=fng (799,1372) [filtered=0]
cnt=1 s0=fng (798,1381) [filtered=0]
cnt=1 s0=fng (796,1393) [filtered=0]
cnt=1 s0=fng (795,1404) [filtered=0]
cnt=1 s0=fng (794,1417) [filtered=0]
cnt=1 s0=fng (792,1431) [filtered=0]
cnt=1 s0=fng (791,1444) [filtered=0]
cnt=1 s0=fng (790,1460) [filtered=0]
cnt=1 s0=fng (789,1479) [filtered=0]
cnt=1 s0=fng (787,1499) [filtered=0]
cnt=1 s0=fng (786,1519) [filtered=0]
cnt=1 s0=fng (785,1541) [filtered=0]
cnt=1 s0=fng (784,1563) [filtered=0]
cnt=1 s0=fng (784,1584) [filtered=0]
cnt=1 s0=fng (783,1607) [filtered=0]
cnt=1 s0=fng (782,1629) [filtered=0]
cnt=1 s0=fng (781,1649) [filtered=0]
cnt=1 s0=fng (780,1671) [filtered=0]
cnt=1 s0=fng (778,1694) [filtered=0]
cnt=1 s0=fng (777,1716) [filtered=0]
cnt=1 s0=fng (776,1741) [filtered=0]
cnt=1 s0=fng (774,1766) [filtered=0]
cnt=1 s0=fng (772,1791) [filtered=0]
cnt=1 s0=fng (771,1815) [filtered=0]
cnt=1 s0=fng (770,1839) [filtered=0]
cnt=1 s0=fng (768,1862) [filtered=0]
cnt=1 s0=fng (766,1884) [filtered=0]
cnt=1 s0=fng (765,1905) [filtered=0]
cnt=1 s0=fng (763,1925) [filtered=0]
cnt=1 s0=fng (761,1944) [filtered=0]
cnt=1 s0=fng (759,1961) [filtered=0]
cnt=1 s0=fng (757,1977) [filtered=0]
cnt=1 s0=fng (756,1992) [filtered=0]
cnt=1 s0=fng (755,2008) [filtered=0]
cnt=1 s0=fng (754,2022) [filtered=0]
cnt=1 s0=fng (752,2035) [filtered=0]
cnt=1 s0=fng (751,2047) [filtered=0]
cnt=1 s0=fng (750,2057) [filtered=0]
cnt=1 s0=fng (749,2066) [filtered=0]
cnt=1 s0=fng (749,2074) [filtered=0]
cnt=1 s0=fng (748,2082) [filtered=0]
cnt=1 s0=fng (748,2089) [filtered=0]
cnt=1 s0=fng (748,2094) [filtered=0]
cnt=1 s0=fng (747,2098) [filtered=0]
cnt=1 s0=fng (747,2102) [filtered=0]
cnt=1 s0=fng (746,2104) [filtered=0]
cnt=1 s0=fng (746,2104) [filtered=0]
cnt=1 s0=fng (745,2101) [filtered=0]
cnt=1 s0=fng (745,2098) [filtered=0]
cnt=1 s0=fng (745,2093) [filtered=0]
cnt=1 s0=fng (745,2089) [filtered=0]
cnt=1 s0=fng (745,2083) [filtered=0]
cnt=1 s0=fng (745,2075) [filtered=0]
cnt=1 s0=fng (745,2068) [filtered=0]
cnt=1 s0=fng (744,2059) [filtered=0]
cnt=1 s0=fng (744,2047) [filtered=0]
cnt=1 s0=fng (744,2035) [filtered=0]
cnt=1 s0=fng (743,2020) [filtered=0]
cnt=1 s0=fng (742,2003) [filtered=0]
cnt=1 s0=fng (741,1986) [filtered=0]
cnt=1 s0=fng (741,1968) [filtered=0]
cnt=1 s0=fng (740,1949) [filtered=0]
cnt=1 s0=fng (740,1931) [filtered=0]
cnt=1 s0=fng (740,1914) [filtered=0]
cnt=1 s0=fng (739,1896) [filtered=0]
cnt=1 s0=fng (738,1877) [filtered=0]
cnt=1 s0=fng (738,1858) [filtered=0]
cnt=1 s0=fng (738,1840) [filtered=0]
cnt=1 s0=fng (737,1821) [filtered=0]
cnt=1 s0=fng (736,1801) [filtered=0]
cnt=1 s0=fng (735,1781) [filtered=0]
cnt=1 s0=fng (735,1762) [filtered=0]
cnt=1 s0=fng (734,1743) [filtered=0]
cnt=1 s0=fng (733,1724) [filtered=0]
cnt=1 s0=fng (732,1704) [filtered=0]
cnt=1 s0=fng (731,1685) [filtered=0]
cnt=1 s0=fng (730,1666) [filtered=0]
cnt=1 s0=fng (729,1647) [filtered=0]
cnt=1 s0=fng (728,1628) [filtered=0]
cnt=1 s0=fng (727,1610) [filtered=0]
cnt=1 s0=fng (725,1593) [filtered=0]
cnt=1 s0=fng (722,1577) [filtered=0]
cnt=1 s0=fng (721,1562) [filtered=0]
cnt=1 s0=fng (718,1546) [filtered=0]
cnt=1 s0=fng (715,1532) [filtered=0]
cnt=1 s0=fng (711,1519) [filtered=0]
cnt=1 s0=fng (709,1507) [filtered=0]
cnt=1 s0=fng (706,1497) [filtered=0]
cnt=1 s0=fng (703,1487) [filtered=0]
cnt=1 s0=fng (699,1479) [filtered=0]
cnt=1 s0=fng (696,1472) [filtered=0]
cnt=1 s0=fng (692,1466) [filtered=0]
cnt=1 s0=fng (688,1462) [filtered=0]
cnt=1 s0=fng (684,1459) [filtered=0]
cnt=1 s0=fng (680,1458) [filtered=0]
cnt=1 s0=fng (676,1457) [filtered=0]
cnt=1 s0=fng (671,1457) [filtered=0]
cnt=1 s0=fng (666,1462) [filtered=0]
cnt=1 s0=fng (662,1465) [filtered=0]
cnt=1 s0=fng (659,1470) [filtered=0]
cnt=1 s0=fng (655,1478) [filtered=0]
cnt=1 s0=fng (651,1488) [filtered=0]
cnt=1 s0=fng (648,1497) [filtered=0]
cnt=1 s0=fng (644,1508) [filtered=0]
cnt=1 s0=fng (640,1521) [filtered=0]
cnt=1 s0=fng (636,1537) [filtered=0]
cnt=1 s0=fng (632,1555) [filtered=0]
cnt=1 s0=fng (629,1572) [filtered=0]
cnt=1 s0=fng (624,1592) [filtered=0]
cnt=1 s0=fng (619,1614) [filtered=0]
cnt=1 s0=fng (614,1639) [filtered=0]
cnt=1 s0=fng (609,1665) [filtered=0]
cnt=1 s0=fng (605,1690) [filtered=0]
cnt=1 s0=fng (600,1717) [filtered=0]
cnt=1 s0=fng (594,1746) [filtered=0]
cnt=1 s0=fng (587,1776) [filtered=0]
cnt=1 s0=fng (579,1807) [filtered=0]
cnt=1 s0=fng (579,1807) [filtered=0]
cnt=1 s0=fng (66,2347) [filtered=0]
cnt=1 s0=fng (70,2343) [filtered=0]
cnt=1 s0=fng (73,2341) [filtered=0]
cnt=1 s0=fng (80,2335) [filtered=0]
cnt=1 s0=fng (89,2328) [filtered=0]
cnt=1 s0=fng (99,2319) [filtered=0]
cnt=1 s0=fng (110,2310) [filtered=0]
cnt=1 s0=fng (121,2302) [filtered=0]
cnt=1 s0=fng (131,2294) [filtered=0]
cnt=1 s0=fng (140,2287) [filtered=0]
cnt=1 s0=fng (148,2281) [filtered=0]
cnt=1 s0=fng (155,2276) [filtered=0]
cnt=1 s0=fng (161,2270) [filtered=0]
cnt=1 s0=fng (165,2265) [filtered=0]
cnt=1 s0=fng (168,2260) [filtered=0]
cnt=1 s0=fng (170,2256) [filtered=0]
cnt=1 s0=fng (172,2253) [filtered=0]
cnt=1 s0=fng (174,2250) [filtered=0]
cnt=1 s0=fng (175,2247) [filtered=0]
cnt=1 s0=fng (177,2244) [filtered=0]
cnt=1 s0=fng (179,2242) [filtered=0]
cnt=1 s0=fng (180,2241) [filtered=0]
cnt=1 s0=fng (182,2239) [filtered=0]
cnt=1 s0=fng (184,2236) [filtered=0]
cnt=1 s0=fng (186,2233) [filtered=0]
cnt=1 s0=fng (188,2230) [filtered=0]
cnt=1 s0=fng (189,2229) [filtered=0]
cnt=1 s0=fng (191,2227) [filtered=0]
cnt=1 s0=fng (194,2224) [filtered=0]
cnt=1 s0=fng (197,2220) [filtered=0]
cnt=1 s0=fng (200,2215) [filtered=0]
cnt=1 s0=fng (201,2212) [filtered=0]
cnt=1 s0=fng (204,2207) [filtered=0]
cnt=1 s0=fng (207,2202) [filtered=0]
cnt=1 s0=fng (209,2198) [filtered=0]
cnt=1 s0=fng (212,2193) [filtered=0]
cnt=1 s0=fng (216,2187) [filtered=0]
cnt=1 s0=fng (219,2182) [filtered=0]
cnt=2 s0=fng (223,2176) s1=fng (4491,2264) [filtered=0]
cnt=2 s0=fng (227,2169) s1=fng (4484,2257) [filtered=0]
cnt=2 s0=fng (230,2163) s1=fng (4477,2251) [filtered=0]
cnt=2 s0=fng (233,2158) s1=fng (4464,2239) [filtered=0]
cnt=2 s0=fng (236,2153) s1=fng (4448,2224) [filtered=0]
cnt=2 s0=fng (239,2148) s1=fng (4432,2209) [filtered=0]
cnt=2 s0=fng (242,2143) s1=fng (4416,2193) [filtered=0]
cnt=2 s0=fng (245,2139) s1=fng (4400,2177) [filtered=0]
cnt=2 s0=fng (248,2135) s1=fng (4385,2162) [filtered=0]
cnt=2 s0=fng (250,2131) s1=fng (4371,2146) [filtered=0]
cnt=2 s0=fng (252,2128) s1=fng (4359,2132) [filtered=0]
cnt=2 s0=fng (254,2125) s1=fng (4348,2119) [filtered=0]
cnt=2 s0=fng (255,2122) s1=fng (4340,2107) [filtered=0]
cnt=2 s0=fng (254,2119) s1=fng (4332,2095) [filtered=0]
cnt=2 s0=fng (255,2117) s1=fng (4328,2085) [filtered=0]
cnt=2 s0=fng (256,2115) s1=fng (4324,2075) [filtered=0]
cnt=2 s0=fng (257,2114) s1=fng (4322,2067) [filtered=0]
cnt=2 s0=fng (258,2114) s1=fng (4322,2060) [filtered=0]
cnt=2 s0=fng (258,2114) s1=fng (4322,2053) [filtered=0]
cnt=2 s0=fng (258,2114) s1=fng (4325,2047) [filtered=0]
cnt=2 s0=fng (258,2114) s1=fng (4328,2041) [filtered=0]
cnt=2 s0=fng (258,2114) s1=fng (4331,2036) [filtered=0]
cnt=2 s0=fng (258,2114) s1=fng (4334,2031) [filtered=0]
cnt=2 s0=fng (258,2114) s1=fng (4334,2025) [filtered=0]
cnt=2 s0=fng (258,2114) s1=fng (4334,2020) [filtered=0]
cnt=2 s0=fng (258,2114) s1=fng (4334,2015) [filtered=0]
cnt=2 s0=fng (258,2114) s1=fng (4334,2011) [filtered=0]
cnt=2 s0=fng (258,2114) s1=fng (4334,2008) [filtered=0]
cnt=2 s0=fng (258,2114) s1=fng (4334,2005) [filtered=0]
cnt=2 s0=fng (258,2114) s1=fng (4334,2002) [filtered=0]
cnt=2 s0=fng (258,2114) s1=fng (4334,1999) [filtered=0]
cnt=2 s0=fng (258,2114) s1=fng (4334,1996) [filtered=0]
cnt=2 s0=fng (258,2114) s1=fng (4334,1993) [filtered=0]
cnt=2 s0=fng (257,2117) s1=fng (4334,1990) [filtered=0]
cnt=2 s0=fng (257,2120) s1=fng (4334,1987) [filtered=0]
cnt=2 s0=fng (257,2123) s1=fng (4334,1984) [filtered=0]
cnt=2 s0=fng (256,2126) s1=fng (4335,1981) [filtered=0]
cnt=2 s0=fng (256,2128) s1=fng (4335,1978) [filtered=0]
cnt=2 s0=fng (255,2128) s1=fng (4334,1975) [filtered=0]
cnt=2 s0=fng (255,2129) s1=fng (4332,1972) [filtered=0]
cnt=2 s0=fng (255,2129) s1=fng (4331,1969) [filtered=0]
cnt=2 s0=fng (255,2129) s1=fng (4330,1965) [filtered=0]
cnt=2 s0=fng (256,2128) s1=fng (4329,1961) [filtered=0]
cnt=2 s0=fng (256,2127) s1=fng (4329,1957) [filtered=0]
cnt=2 s0=fng (257,2125) s1=fng (4328,1952) [filtered=0]
cnt=2 s0=fng (259,2122) s1=fng (4327,1947) [filtered=0]
cnt=2 s0=fng (260,2120) s1=fng (4327,1942) [filtered=0]
cnt=2 s0=fng (263,2116) s1=fng (4326,1937) [filtered=0]
cnt=2 s0=fng (267,2109) s1=fng (4326,1931) [filtered=0]
cnt=2 s0=fng (270,2102) s1=fng (4326,1925) [filtered=0]
cnt=2 s0=fng (275,2093) s1=fng (4325,1918) [filtered=0]
cnt=2 s0=fng (282,2082) s1=fng (4325,1909) [filtered=0]
cnt=2 s0=fng (289,2072) s1=fng (4325,1900) [filtered=0]
cnt=2 s0=fng (297,2058) s1=fng (4324,1890) [filtered=0]
cnt=2 s0=fng (307,2042) s1=fng (4323,1877) [filtered=0]
cnt=2 s0=fng (316,2027) s1=fng (4322,1865) [filtered=0]
cnt=2 s0=fng (328,2008) s1=fng (4321,1852) [filtered=0]
cnt=2 s0=fng (341,1987) s1=fng (4319,1836) [filtered=0]
cnt=2 s0=fng (354,1966) s1=fng (4317,1818) [filtered=0]
cnt=2 s0=fng (367,1945) s1=fng (4316,1801) [filtered=0]
cnt=2 s0=fng (380,1924) s1=fng (4315,1783) [filtered=0]
cnt=2 s0=fng (393,1904) s1=fng (4313,1764) [filtered=0]
cnt=2 s0=fng (405,1885) s1=fng (4312,1746) [filtered=0]
cnt=2 s0=fng (419,1865) s1=fng (4310,1727) [filtered=0]
cnt=2 s0=fng (434,1845) s1=fng (4307,1706) [filtered=0]
cnt=2 s0=fng (448,1826) s1=fng (4305,1686) [filtered=0]
cnt=2 s0=fng (464,1808) s1=fng (4302,1665) [filtered=0]
cnt=2 s0=fng (481,1788) s1=fng (4299,1645) [filtered=0]
cnt=2 s0=fng (497,1769) s1=fng (4297,1625) [filtered=0]
cnt=2 s0=fng (514,1751) s1=fng (4293,1605) [filtered=0]
cnt=2 s0=fng (531,1733) s1=fng (4290,1585) [filtered=0]
cnt=2 s0=fng (547,1717) s1=fng (4287,1567) [filtered=0]
cnt=2 s0=fng (563,1702) s1=fng (4283,1551) [filtered=0]
cnt=2 s0=fng (579,1687) s1=fng (4280,1535) [filtered=0]
cnt=2 s0=fng (596,1673) s1=fng (4275,1519) [filtered=0]
cnt=2 s0=fng (613,1659) s1=fng (4271,1503) [filtered=0]
cnt=2 s0=fng (629,1647) s1=fng (4267,1489) [filtered=0]
cnt=2 s0=fng (645,1635) s1=fng (4263,1475) [filtered=0]
cnt=2 s0=fng (661,1625) s1=fng (4259,1462) [filtered=0]
cnt=2 s0=fng (677,1615) s1=fng (4255,1449) [filtered=0]
cnt=2 s0=fng (693,1606) s1=fng (4250,1437) [filtered=0]
cnt=2 s0=fng (709,1597) s1=fng (4245,1425) [filtered=0]
cnt=2 s0=fng (725,1588) s1=fng (4240,1413) [filtered=0]
cnt=2 s0=fng (740,1580) s1=fng (4235,1403) [filtered=0]
cnt=2 s0=fng (755,1572) s1=fng (4230,1393) [filtered=0]
cnt=2 s0=fng (769,1565) s1=fng (4224,1384) [filtered=0]
cnt=2 s0=fng (783,1558) s1=fng (4218,1375) [filtered=0]
cnt=2 s0=fng (797,1552) s1=fng (4212,1367) [filtered=0]
cnt=2 s0=fng (811,1546) s1=fng (4206,1359) [filtered=0]
cnt=2 s0=fng (823,1541) s1=fng (4200,1353) [filtered=0]
cnt=2 s0=fng (835,1536) s1=fng (4194,1347) [filtered=0]
cnt=2 s0=fng (845,1532) s1=fng (4189,1342) [filtered=0]
cnt=2 s0=fng (855,1528) s1=fng (4184,1337) [filtered=0]
cnt=2 s0=fng (863,1526) s1=fng (4180,1334) [filtered=0]
cnt=2 s0=fng (871,1524) s1=fng (4176,1331) [filtered=0]
cnt=2 s0=fng (877,1523) s1=fng (4172,1330) [filtered=0]
cnt=2 s0=fng (883,1522) s1=fng (4168,1329) [filtered=0]
cnt=2 s0=fng (889,1521) s1=fng (4164,1328) [filtered=0]
cnt=2 s0=fng (894,1521) s1=fng (4162,1328) [filtered=0]
cnt=2 s0=fng (899,1521) s1=fng (4160,1328) [filtered=0]
cnt=2 s0=fng (902,1526) s1=fng (4158,1333) [filtered=0]
cnt=2 s0=fng (905,1531) s1=fng (4156,1338) [filtered=0]
cnt=2 s0=fng (906,1538) s1=fng (4155,1345) [filtered=0]
cnt=2 s0=fng (907,1545) s1=fng (4154,1352) [filtered=0]
cnt=2 s0=fng (907,1554) s1=fng (4154,1361) [filtered=0]
cnt=2 s0=fng (907,1563) s1=fng (4154,1370) [filtered=0]
cnt=2 s0=fng (903,1575) s1=fng (4154,1382) [filtered=0]
cnt=2 s0=fng (899,1587) s1=fng (4154,1394) [filtered=0]
cnt=2 s0=fng (894,1602) s1=fng (4154,1409) [filtered=0]
cnt=2 s0=fng (889,1617) s1=fng (4154,1424) [filtered=0]
cnt=2 s0=fng (882,1635) s1=fng (4154,1442) [filtered=0]
cnt=2 s0=fng (875,1652) s1=fng (4154,1460) [filtered=0]
cnt=2 s0=fng (868,1672) s1=fng (4154,1481) [filtered=0]
cnt=2 s0=fng (861,1692) s1=fng (4154,1501) [filtered=0]
cnt=2 s0=fng (852,1714) s1=fng (4154,1524) [filtered=0]
cnt=2 s0=fng (843,1735) s1=fng (4154,1547) [filtered=0]
cnt=2 s0=fng (834,1758) s1=fng (4154,1572) [filtered=0]
cnt=2 s0=fng (825,1781) s1=fng (4154,1596) [filtered=0]
cnt=2 s0=fng (815,1804) s1=fng (4154,1621) [filtered=0]
cnt=2 s0=fng (805,1826) s1=fng (4154,1646) [filtered=0]
cnt=2 s0=fng (794,1850) s1=fng (4153,1671) [filtered=0]
cnt=2 s0=fng (783,1873) s1=fng (4152,1695) [filtered=0]
cnt=2 s0=fng (772,1895) s1=fng (4151,1720) [filtered=0]
cnt=2 s0=fng (761,1917) s1=fng (4150,1744) [filtered=0]
cnt=2 s0=fng (750,1939) s1=fng (4149,1768) [filtered=0]
cnt=2 s0=fng (739,1962) s1=fng (4148,1792) [filtered=0]
cnt=2 s0=fng (728,1985) s1=fng (4147,1816) [filtered=0]
cnt=2 s0=fng (716,2008) s1=fng (4146,1839) [filtered=0]
cnt=2 s0=fng (705,2031) s1=fng (4145,1862) [filtered=0]
cnt=2 s0=fng (692,2055) s1=fng (4144,1884) [filtered=0]
cnt=2 s0=fng (680,2079) s1=fng (4143,1906) [filtered=0]
cnt=2 s0=fng (669,2103) s1=fng (4142,1928) [filtered=0]
cnt=2 s0=fng (658,2127) s1=fng (4141,1949) [filtered=0]
cnt=2 s0=fng (647,2151) s1=fng (4140,1970) [filtered=0]
cnt=2 s0=fng (636,2175) s1=fng (4139,1990) [filtered=0]
cnt=2 s0=fng (626,2199) s1=fng (4138,2010) [filtered=0]
cnt=2 s0=fng (615,2221) s1=fng (4137,2028) [filtered=0]
cnt=2 s0=fng (605,2243) s1=fng (4136,2046) [filtered=0]
cnt=2 s0=fng (597,2263) s1=fng (4134,2063) [filtered=0]
cnt=2 s0=fng (589,2283) s1=fng (4132,2080) [filtered=0]
cnt=2 s0=fng (582,2301) s1=fng (4130,2096) [filtered=0]
cnt=2 s0=fng (575,2319) s1=fng (4128,2112) [filtered=0]
cnt=2 s0=fng (569,2335) s1=fng (4126,2126) [filtered=0]
cnt=2 s0=PALM(563,2351) s1=fng (4124,2140) [filtered=1]
cnt=2 s0=PALM(558,2366) s1=fng (4122,2154) [filtered=2]
cnt=2 s0=PALM(553,2380) s1=fng (4120,2166) [filtered=3]
cnt=2 s0=PALM(548,2394) s1=fng (4118,2178) [filtered=4]
cnt=2 s0=PALM(544,2406) s1=fng (4115,2189) [filtered=5]
cnt=2 s0=PALM(540,2418) s1=fng (4112,2200) [filtered=6]
cnt=2 s0=PALM(536,2428) s1=fng (4108,2210) [filtered=7]
cnt=2 s0=PALM(532,2438) s1=fng (4104,2220) [filtered=8]
cnt=2 s0=PALM(528,2447) s1=fng (4100,2228) [filtered=9]
cnt=2 s0=PALM(524,2456) s1=fng (4096,2236) [filtered=10]
cnt=2 s0=PALM(521,2464) s1=fng (4092,2243) [filtered=11]
cnt=2 s0=PALM(519,2470) s1=fng (4087,2249) [filtered=12]
cnt=2 s0=PALM(517,2476) s1=fng (4082,2255) [filtered=13]
cnt=2 s0=PALM(517,2480) s1=fng (4076,2259) [filtered=14]
cnt=2 s0=PALM(517,2484) s1=fng (4070,2263) [filtered=15]
cnt=2 s0=PALM(517,2486) s1=fng (4064,2266) [filtered=16]
cnt=2 s0=PALM(517,2488) s1=fng (4058,2269) [filtered=17]
cnt=2 s0=PALM(521,2489) s1=fng (4052,2271) [filtered=18]
cnt=2 s0=PALM(525,2490) s1=fng (4046,2273) [filtered=19]
cnt=2 s0=PALM(530,2490) s1=fng (4039,2275) [filtered=20]
cnt=2 s0=PALM(535,2490) s1=fng (4032,2277) [filtered=21]
cnt=2 s0=PALM(540,2490) s1=fng (4024,2278) [filtered=22]
cnt=2 s0=PALM(545,2490) s1=fng (4016,2279) [filtered=23]
cnt=2 s0=PALM(550,2490) s1=fng (4008,2279) [filtered=24]
cnt=2 s0=PALM(554,2490) s1=fng (4000,2279) [filtered=25]
cnt=2 s0=PALM(560,2490) s1=fng (3992,2279) [filtered=26]
cnt=2 s0=PALM(565,2490) s1=fng (3984,2279) [filtered=27]
cnt=2 s0=PALM(571,2487) s1=fng (3976,2279) [filtered=28]
cnt=2 s0=PALM(579,2483) s1=fng (3968,2279) [filtered=29]
cnt=2 s0=PALM(587,2479) s1=fng (3960,2279) [filtered=30]
cnt=2 s0=PALM(597,2474) s1=fng (3952,2279) [filtered=31]
cnt=2 s0=PALM(608,2469) s1=fng (3944,2279) [filtered=32]
cnt=2 s0=PALM(619,2464) s1=fng (3936,2279) [filtered=33]
cnt=2 s0=PALM(632,2458) s1=fng (3928,2279) [filtered=34]
cnt=2 s0=PALM(646,2451) s1=fng (3919,2279) [filtered=35]
cnt=2 s0=PALM(660,2444) s1=fng (3910,2279) [filtered=36]
cnt=2 s0=PALM(675,2437) s1=fng (3901,2279) [filtered=37]
cnt=2 s0=PALM(691,2429) s1=fng (3892,2279) [filtered=38]
cnt=2 s0=PALM(707,2421) s1=fng (3883,2279) [filtered=39]
cnt=2 s0=PALM(707,2421) s1=fng (3875,2279) [filtered=40]
cnt=1 s1=fng (3875,2279) [filtered=40]
cnt=1 s1=fng (3875,2279) [filtered=40]
cnt=1 s0=fng (3631,2046) [filtered=40]
cnt=1 s0=fng (3631,2046) [filtered=40]
cnt=1 s0=fng (3631,2046) [filtered=40]
cnt=1 s0=fng (3631,2046) [filtered=40]
cnt=3 s0=fng (3631,2046) s1=fng (949,2097) s2=fng (1629,238) [filtered=40]
cnt=3 s0=fng (3631,2046) s1=fng (949,2097) s2=fng (1629,238) [filtered=40]
cnt=2 s0=fng (3631,2046) s1=fng (949,2097) [filtered=40]
cnt=2 s0=fng (3631,2046) s1=fng (949,2097) [filtered=40]
cnt=2 s0=fng (3631,2046) s1=fng (949,2097) [filtered=40]
cnt=2 s0=fng (3631,2046) s1=fng (949,2097) [filtered=40]
cnt=2 s0=fng (3631,2046) s1=fng (949,2097) [filtered=40]
cnt=2 s0=fng (3631,2046) s1=fng (949,2097) [filtered=40]
cnt=2 s0=fng (3631,2046) s1=fng (949,2097) [filtered=40]
cnt=2 s0=fng (3631,2046) s1=fng (949,2097) [filtered=40]
cnt=2 s0=fng (3631,2046) s1=fng (949,2097) [filtered=40]
cnt=2 s0=fng (3631,2046) s1=fng (949,2097) [filtered=40]
cnt=2 s0=fng (3631,2046) s1=fng (949,2097) [filtered=40]
cnt=2 s0=fng (3631,2046) s1=fng (949,2097) [filtered=40]
cnt=2 s0=fng (3636,2047) s1=fng (944,2099) [filtered=40]
cnt=2 s0=fng (3641,2048) s1=fng (939,2100) [filtered=40]
cnt=2 s0=fng (3652,2049) s1=fng (928,2104) [filtered=40]
cnt=2 s0=fng (3667,2049) s1=fng (915,2110) [filtered=40]
cnt=2 s0=fng (3681,2049) s1=fng (902,2115) [filtered=40]
cnt=2 s0=fng (3696,2048) s1=fng (887,2120) [filtered=40]
cnt=2 s0=fng (3711,2048) s1=fng (873,2124) [filtered=40]
cnt=2 s0=fng (3729,2046) s1=fng (858,2129) [filtered=40]
cnt=2 s0=fng (3746,2045) s1=fng (844,2133) [filtered=40]
cnt=2 s0=fng (3767,2042) s1=fng (829,2137) [filtered=40]
cnt=2 s0=fng (3788,2037) s1=fng (813,2141) [filtered=40]
cnt=2 s0=fng (3808,2033) s1=fng (798,2144) [filtered=40]
cnt=2 s0=fng (3829,2028) s1=fng (782,2148) [filtered=40]
cnt=2 s0=fng (3849,2024) s1=fng (767,2151) [filtered=40]
cnt=2 s0=fng (3870,2018) s1=fng (752,2153) [filtered=40]
cnt=2 s0=fng (3891,2013) s1=fng (737,2155) [filtered=40]
cnt=2 s0=fng (3912,2006) s1=fng (719,2158) [filtered=40]
cnt=2 s0=fng (3933,2000) s1=fng (701,2161) [filtered=40]
cnt=2 s0=fng (3953,1994) s1=fng (680,2165) [filtered=40]
cnt=2 s0=fng (3973,1988) s1=fng (659,2169) [filtered=40]
cnt=2 s0=fng (3993,1982) s1=fng (637,2173) [filtered=40]
cnt=2 s0=fng (4012,1976) s1=fng (615,2176) [filtered=40]
cnt=2 s0=fng (4031,1970) s1=fng (593,2179) [filtered=40]
cnt=2 s0=fng (4049,1964) s1=fng (571,2182) [filtered=40]
cnt=2 s0=fng (4067,1958) s1=fng (549,2185) [filtered=40]
cnt=2 s0=fng (4084,1953) s1=fng (529,2187) [filtered=40]
cnt=2 s0=fng (4100,1949) s1=fng (511,2189) [filtered=40]
cnt=2 s0=fng (4116,1945) s1=fng (493,2191) [filtered=40]
cnt=2 s0=fng (4131,1941) s1=fng (477,2191) [filtered=40]
cnt=2 s0=fng (4146,1937) s1=fng (461,2191) [filtered=40]
cnt=2 s0=fng (4160,1934) s1=fng (446,2191) [filtered=40]
cnt=2 s0=fng (4173,1932) s1=fng (433,2188) [filtered=40]
cnt=2 s0=fng (4186,1930) s1=fng (420,2187) [filtered=40]
cnt=2 s0=fng (4198,1928) s1=fng (409,2185) [filtered=40]
cnt=2 s0=fng (4210,1926) s1=fng (398,2184) [filtered=40]
cnt=2 s0=fng (4221,1925) s1=fng (388,2182) [filtered=40]
cnt=2 s0=fng (4232,1924) s1=fng (378,2181) [filtered=40]
cnt=2 s0=fng (4242,1924) s1=fng (370,2179) [filtered=40]
cnt=2 s0=fng (4251,1924) s1=fng (362,2177) [filtered=40]
cnt=2 s0=fng (4260,1924) s1=fng (354,2176) [filtered=40]
cnt=2 s0=fng (4268,1924) s1=fng (347,2174) [filtered=40]
cnt=2 s0=fng (4276,1924) s1=fng (340,2173) [filtered=40]
cnt=2 s0=fng (4283,1924) s1=fng (334,2172) [filtered=40]
cnt=2 s0=fng (4289,1924) s1=fng (328,2172) [filtered=40]
cnt=2 s0=fng (4295,1924) s1=fng (322,2172) [filtered=40]
cnt=2 s0=fng (4299,1924) s1=fng (317,2172) [filtered=40]
cnt=2 s0=fng (4302,1924) s1=fng (313,2172) [filtered=40]
cnt=2 s0=fng (4305,1924) s1=fng (309,2172) [filtered=40]
cnt=2 s0=fng (4307,1924) s1=fng (305,2172) [filtered=40]
cnt=2 s0=fng (4309,1924) s1=fng (301,2172) [filtered=40]
cnt=2 s0=fng (4311,1924) s1=fng (299,2172) [filtered=40]
cnt=2 s0=fng (4312,1924) s1=fng (297,2172) [filtered=40]
cnt=2 s0=fng (4313,1924) s1=fng (295,2172) [filtered=40]
cnt=2 s0=fng (4313,1927) s1=fng (294,2172) [filtered=40]
cnt=2 s0=fng (4313,1930) s1=fng (293,2172) [filtered=40]
cnt=2 s0=fng (4313,1933) s1=fng (293,2172) [filtered=40]
cnt=2 s0=fng (4313,1936) s1=fng (293,2172) [filtered=40]
cnt=2 s0=fng (4310,1938) s1=fng (296,2172) [filtered=40]
cnt=2 s0=fng (4306,1940) s1=fng (300,2172) [filtered=40]
cnt=2 s0=fng (4302,1940) s1=fng (304,2172) [filtered=40]
cnt=2 s0=fng (4297,1942) s1=fng (308,2172) [filtered=40]
cnt=2 s0=fng (4292,1945) s1=fng (313,2173) [filtered=40]
cnt=2 s0=fng (4287,1946) s1=fng (318,2173) [filtered=40]
cnt=2 s0=fng (4280,1949) s1=fng (323,2173) [filtered=40]
cnt=2 s0=fng (4273,1951) s1=fng (328,2173) [filtered=40]
cnt=2 s0=fng (4264,1954) s1=fng (334,2174) [filtered=40]
cnt=2 s0=fng (4255,1956) s1=fng (340,2175) [filtered=40]
cnt=2 s0=fng (4244,1960) s1=fng (348,2176) [filtered=40]
cnt=2 s0=fng (4233,1963) s1=fng (356,2177) [filtered=40]
cnt=2 s0=fng (4220,1967) s1=fng (366,2178) [filtered=40]
cnt=2 s0=fng (4208,1970) s1=fng (376,2179) [filtered=40]
cnt=2 s0=fng (4193,1975) s1=fng (388,2181) [filtered=40]
cnt=2 s0=fng (4179,1979) s1=fng (399,2182) [filtered=40]
cnt=2 s0=fng (4161,1983) s1=fng (413,2184) [filtered=40]
cnt=2 s0=fng (4141,1986) s1=fng (429,2186) [filtered=40]
cnt=2 s0=fng (4122,1989) s1=fng (445,2187) [filtered=40]
cnt=2 s0=fng (4102,1992) s1=fng (464,2190) [filtered=40]
cnt=2 s0=fng (4082,1995) s1=fng (482,2192) [filtered=40]
cnt=2 s0=fng (4061,1997) s1=fng (501,2195) [filtered=40]
cnt=2 s0=fng (4041,1999) s1=fng (520,2197) [filtered=40]
cnt=2 s0=fng (4020,2001) s1=fng (539,2199) [filtered=40]
cnt=2 s0=fng (4000,2003) s1=fng (557,2201) [filtered=40]
cnt=2 s0=fng (3980,2004) s1=fng (577,2202) [filtered=40]
cnt=2 s0=fng (3960,2005) s1=fng (596,2201) [filtered=40]
cnt=2 s0=fng (3941,2005) s1=fng (614,2202) [filtered=40]
cnt=2 s0=fng (3922,2005) s1=fng (632,2202) [filtered=40]
cnt=2 s0=fng (3904,2005) s1=fng (650,2202) [filtered=40]
cnt=2 s0=fng (3888,2002) s1=fng (667,2201) [filtered=40]
cnt=2 s0=fng (3872,1999) s1=fng (684,2201) [filtered=40]
cnt=2 s0=fng (3857,1996) s1=fng (700,2200) [filtered=40]
cnt=2 s0=fng (3842,1996) s1=fng (716,2199) [filtered=40]
cnt=2 s0=fng (3829,1994) s1=fng (730,2197) [filtered=40]
cnt=2 s0=fng (3816,1993) s1=fng (744,2196) [filtered=40]
cnt=2 s0=fng (3804,1990) s1=fng (756,2193) [filtered=40]
cnt=2 s0=fng (3792,1988) s1=fng (768,2191) [filtered=40]
cnt=2 s0=fng (3782,1985) s1=fng (778,2187) [filtered=40]
cnt=2 s0=fng (3772,1983) s1=fng (788,2184) [filtered=40]
cnt=2 s0=fng (3764,1980) s1=fng (797,2179) [filtered=40]
cnt=2 s0=fng (3756,1978) s1=fng (806,2175) [filtered=40]
cnt=2 s0=fng (3750,1974) s1=fng (814,2169) [filtered=40]
cnt=2 s0=fng (3744,1971) s1=fng (822,2164) [filtered=40]
cnt=2 s0=fng (3740,1966) s1=fng (828,2157) [filtered=40]
cnt=2 s0=fng (3736,1962) s1=fng (834,2151) [filtered=40]
cnt=2 s0=fng (3734,1955) s1=fng (839,2145) [filtered=40]
cnt=2 s0=fng (3732,1949) s1=fng (844,2139) [filtered=40]
cnt=2 s0=fng (3731,1943) s1=fng (848,2132) [filtered=40]
cnt=2 s0=fng (3730,1937) s1=fng (852,2125) [filtered=40]
cnt=2 s0=fng (3730,1930) s1=fng (854,2117) [filtered=40]
cnt=2 s0=fng (3730,1923) s1=fng (856,2109) [filtered=40]
cnt=2 s0=fng (3734,1916) s1=fng (857,2101) [filtered=40]
cnt=2 s0=fng (3739,1907) s1=fng (857,2092) [filtered=40]
cnt=2 s0=fng (3744,1899) s1=fng (857,2084) [filtered=40]
cnt=2 s0=fng (3751,1889) s1=fng (854,2076) [filtered=40]
cnt=2 s0=fng (3758,1879) s1=fng (851,2068) [filtered=40]
cnt=2 s0=fng (3766,1868) s1=fng (846,2060) [filtered=40]
cnt=2 s0=fng (3774,1857) s1=fng (841,2052) [filtered=40]
cnt=2 s0=fng (3783,1845) s1=fng (835,2043) [filtered=40]
cnt=2 s0=fng (3792,1833) s1=fng (829,2034) [filtered=40]
cnt=2 s0=fng (3802,1819) s1=fng (821,2025) [filtered=40]
cnt=2 s0=fng (3812,1805) s1=fng (813,2016) [filtered=40]
cnt=2 s0=fng (3823,1791) s1=fng (802,2006) [filtered=40]
cnt=2 s0=fng (3834,1777) s1=fng (791,1996) [filtered=40]
cnt=2 s0=fng (3845,1763) s1=fng (778,1986) [filtered=40]
cnt=2 s0=fng (3855,1749) s1=fng (765,1976) [filtered=40]
cnt=2 s0=fng (3866,1735) s1=fng (749,1966) [filtered=40]
cnt=2 s0=fng (3877,1721) s1=fng (732,1956) [filtered=40]
cnt=2 s0=fng (3887,1707) s1=fng (716,1946) [filtered=40]
cnt=2 s0=fng (3898,1695) s1=fng (699,1936) [filtered=40]
cnt=2 s0=fng (3908,1683) s1=fng (683,1926) [filtered=40]
cnt=2 s0=fng (3919,1672) s1=fng (665,1916) [filtered=40]
cnt=2 s0=fng (3929,1661) s1=fng (648,1906) [filtered=40]
cnt=2 s0=fng (3940,1651) s1=fng (630,1897) [filtered=40]
cnt=2 s0=fng (3951,1641) s1=fng (612,1888) [filtered=40]
cnt=2 s0=fng (3962,1633) s1=fng (593,1880) [filtered=40]
cnt=2 s0=fng (3975,1627) s1=fng (574,1873) [filtered=40]
cnt=2 s0=fng (3988,1621) s1=fng (555,1866) [filtered=40]
cnt=2 s0=fng (4001,1618) s1=fng (535,1860) [filtered=40]
cnt=2 s0=fng (4015,1617) s1=fng (516,1856) [filtered=40]
cnt=2 s0=fng (4029,1616) s1=fng (497,1852) [filtered=40]
cnt=2 s0=fng (4042,1616) s1=fng (478,1849) [filtered=40]
cnt=2 s0=fng (4054,1620) s1=fng (459,1847) [filtered=40]
cnt=2 s0=fng (4066,1624) s1=fng (440,1845) [filtered=40]
cnt=2 s0=fng (4077,1629) s1=fng (422,1845) [filtered=40]
cnt=2 s0=fng (4088,1636) s1=fng (405,1850) [filtered=40]
cnt=2 s0=fng (4098,1643) s1=fng (388,1855) [filtered=40]
cnt=2 s0=fng (4109,1652) s1=fng (373,1860) [filtered=40]
cnt=2 s0=fng (4118,1661) s1=fng (373,1860) [filtered=40]
cnt=1 s0=fng (4118,1661) [filtered=40]
cnt=1 s0=fng (4126,1670) [filtered=40]
cnt=1 s0=fng (4134,1679) [filtered=40]
cnt=1 s0=fng (4141,1688) [filtered=40]
cnt=1 s0=fng (4147,1697) [filtered=40]
cnt=1 s0=fng (4152,1706) [filtered=40]
cnt=1 s0=fng (4152,1706) [filtered=40]
cnt=2 s0=PALM(3586,2463) s1=PALM(767,2716) [filtered=41]
cnt=2 s0=PALM(3586,2463) s1=PALM(767,2716) [filtered=42]
cnt=2 s0=PALM(3585,2463) s1=PALM(767,2716) [filtered=43]
cnt=2 s0=PALM(3584,2463) s1=PALM(768,2715) [filtered=44]
cnt=2 s0=PALM(3583,2463) s1=PALM(769,2714) [filtered=45]
cnt=2 s0=PALM(3582,2463) s1=PALM(773,2711) [filtered=46]
cnt=2 s0=PALM(3581,2463) s1=PALM(779,2705) [filtered=47]
cnt=2 s0=PALM(3581,2463) s1=PALM(784,2701) [filtered=48]
cnt=2 s0=PALM(3581,2463) s1=PALM(790,2696) [filtered=49]
cnt=2 s0=PALM(3581,2463) s1=PALM(795,2692) [filtered=50]
cnt=2 s0=PALM(3581,2463) s1=PALM(800,2686) [filtered=51]
cnt=2 s0=PALM(3581,2463) s1=PALM(805,2679) [filtered=52]
cnt=2 s0=PALM(3581,2463) s1=PALM(810,2673) [filtered=53]
cnt=2 s0=PALM(3581,2463) s1=PALM(814,2667) [filtered=54]
cnt=2 s0=PALM(3581,2463) s1=PALM(818,2661) [filtered=55]
cnt=2 s0=PALM(3581,2463) s1=PALM(822,2656) [filtered=56]
cnt=2 s0=PALM(3581,2463) s1=PALM(826,2651) [filtered=57]
cnt=2 s0=PALM(3581,2463) s1=PALM(829,2646) [filtered=58]
cnt=2 s0=PALM(3581,2463) s1=PALM(832,2641) [filtered=59]
cnt=2 s0=PALM(3581,2463) s1=PALM(834,2637) [filtered=60]
cnt=2 s0=PALM(3581,2463) s1=PALM(836,2633) [filtered=61]
cnt=2 s0=PALM(3577,2460) s1=PALM(838,2629) [filtered=62]
cnt=2 s0=PALM(3574,2458) s1=PALM(840,2625) [filtered=63]
cnt=2 s0=PALM(3567,2452) s1=PALM(842,2620) [filtered=64]
cnt=2 s0=PALM(3560,2447) s1=PALM(844,2615) [filtered=65]
cnt=2 s0=PALM(3554,2442) s1=PALM(846,2610) [filtered=66]
cnt=2 s0=PALM(3543,2431) s1=PALM(849,2604) [filtered=67]
cnt=2 s0=PALM(3533,2421) s1=PALM(852,2598) [filtered=68]
cnt=2 s0=PALM(3518,2405) s1=PALM(856,2592) [filtered=69]
cnt=2 s0=PALM(3500,2383) s1=PALM(860,2584) [filtered=70]
cnt=2 s0=PALM(3483,2362) s1=PALM(864,2576) [filtered=71]
cnt=2 s0=fng (3464,2337) s1=PALM(868,2566) [filtered=72]
cnt=2 s0=fng (3446,2313) s1=PALM(872,2556) [filtered=73]
cnt=2 s0=fng (3429,2286) s1=PALM(876,2546) [filtered=74]
cnt=2 s0=fng (3412,2259) s1=PALM(880,2535) [filtered=75]
cnt=2 s0=fng (3396,2233) s1=PALM(884,2524) [filtered=76]
cnt=2 s0=fng (3382,2206) s1=PALM(888,2513) [filtered=77]
cnt=2 s0=fng (3368,2180) s1=PALM(892,2502) [filtered=78]
cnt=2 s0=fng (3354,2154) s1=PALM(896,2490) [filtered=79]
cnt=2 s0=fng (3340,2128) s1=PALM(900,2478) [filtered=80]
cnt=2 s0=fng (3328,2101) s1=PALM(905,2464) [filtered=81]
cnt=2 s0=fng (3316,2074) s1=PALM(910,2450) [filtered=82]
cnt=2 s0=fng (3305,2048) s1=PALM(916,2435) [filtered=83]
cnt=2 s0=fng (3294,2022) s1=PALM(922,2420) [filtered=84]
cnt=2 s0=fng (3285,1996) s1=PALM(928,2404) [filtered=85]
cnt=2 s0=fng (3276,1970) s1=PALM(934,2388) [filtered=86]
cnt=2 s0=fng (3269,1944) s1=PALM(940,2371) [filtered=87]
cnt=2 s0=fng (3263,1918) s1=PALM(946,2351) [filtered=88]
cnt=2 s0=fng (3257,1892) s1=fng (952,2331) [filtered=88]
cnt=2 s0=fng (3253,1866) s1=fng (957,2310) [filtered=88]
cnt=2 s0=fng (3249,1840) s1=fng (962,2289) [filtered=88]
cnt=2 s0=fng (3247,1815) s1=fng (967,2267) [filtered=88]
cnt=2 s0=fng (3245,1790) s1=fng (972,2245) [filtered=88]
cnt=2 s0=fng (3245,1766) s1=fng (976,2223) [filtered=88]
cnt=2 s0=fng (3245,1742) s1=fng (980,2201) [filtered=88]
cnt=2 s0=fng (3245,1720) s1=fng (984,2178) [filtered=88]
cnt=2 s0=fng (3245,1698) s1=fng (988,2155) [filtered=88]
cnt=2 s0=fng (3249,1678) s1=fng (992,2132) [filtered=88]
cnt=2 s0=fng (3253,1658) s1=fng (996,2109) [filtered=88]
cnt=2 s0=fng (3258,1640) s1=fng (1000,2087) [filtered=88]
cnt=2 s0=fng (3263,1622) s1=fng (1004,2065) [filtered=88]
cnt=2 s0=fng (3268,1605) s1=fng (1008,2043) [filtered=88]
cnt=2 s0=fng (3273,1588) s1=fng (1012,2021) [filtered=88]
cnt=2 s0=fng (3279,1573) s1=fng (1016,1999) [filtered=88]
cnt=2 s0=fng (3285,1558) s1=fng (1020,1977) [filtered=88]
cnt=2 s0=fng (3291,1545) s1=fng (1024,1955) [filtered=88]
cnt=2 s0=fng (3298,1535) s1=fng (1028,1935) [filtered=88]
cnt=2 s0=fng (3305,1525) s1=fng (1032,1915) [filtered=88]
cnt=2 s0=fng (3312,1517) s1=fng (1035,1897) [filtered=88]
cnt=2 s0=fng (3319,1509) s1=fng (1038,1879) [filtered=88]
cnt=2 s0=fng (3326,1503) s1=fng (1041,1863) [filtered=88]
cnt=2 s0=fng (3332,1497) s1=fng (1044,1847) [filtered=88]
cnt=2 s0=fng (3338,1492) s1=fng (1047,1833) [filtered=88]
cnt=2 s0=fng (3343,1487) s1=fng (1050,1819) [filtered=88]
cnt=2 s0=fng (3347,1483) s1=fng (1052,1807) [filtered=88]
cnt=2 s0=fng (3352,1481) s1=fng (1054,1796) [filtered=88]
cnt=2 s0=fng (3356,1479) s1=fng (1056,1785) [filtered=88]
cnt=2 s0=fng (3360,1477) s1=fng (1058,1775) [filtered=88]
cnt=2 s0=fng (3363,1475) s1=fng (1060,1765) [filtered=88]
cnt=2 s0=fng (3367,1475) s1=fng (1062,1757) [filtered=88]
cnt=2 s0=fng (3370,1475) s1=fng (1064,1751) [filtered=88]
cnt=2 s0=fng (3372,1475) s1=fng (1066,1745) [filtered=88]
cnt=2 s0=fng (3374,1475) s1=fng (1067,1740) [filtered=88]
cnt=2 s0=fng (3376,1475) s1=fng (1068,1735) [filtered=88]
cnt=2 s0=fng (3377,1478) s1=fng (1068,1731) [filtered=88]
cnt=2 s0=fng (3377,1481) s1=fng (1068,1729) [filtered=88]
cnt=2 s0=fng (3377,1484) s1=fng (1068,1727) [filtered=88]
cnt=2 s0=fng (3377,1488) s1=fng (1068,1725) [filtered=88]
cnt=2 s0=fng (3377,1492) s1=fng (1068,1724) [filtered=88]
cnt=2 s0=fng (3377,1496) s1=fng (1068,1723) [filtered=88]
cnt=2 s0=fng (3377,1500) s1=fng (1068,1723) [filtered=88]
cnt=2 s0=fng (3376,1505) s1=fng (1068,1723) [filtered=88]
cnt=2 s0=fng (3376,1510) s1=fng (1068,1723) [filtered=88]
cnt=2 s0=fng (3375,1515) s1=fng (1068,1726) [filtered=88]
cnt=2 s0=fng (3375,1520) s1=fng (1068,1729) [filtered=88]
cnt=2 s0=fng (3374,1526) s1=fng (1068,1733) [filtered=88]
cnt=2 s0=fng (3373,1533) s1=fng (1068,1737) [filtered=88]
cnt=2 s0=fng (3372,1540) s1=fng (1068,1741) [filtered=88]
cnt=2 s0=fng (3371,1549) s1=fng (1065,1746) [filtered=88]
cnt=2 s0=fng (3369,1559) s1=fng (1062,1751) [filtered=88]
cnt=2 s0=fng (3368,1569) s1=fng (1059,1756) [filtered=88]
cnt=2 s0=fng (3367,1580) s1=fng (1056,1762) [filtered=88]
cnt=2 s0=fng (3367,1593) s1=fng (1052,1769) [filtered=88]
cnt=2 s0=fng (3367,1606) s1=fng (1048,1776) [filtered=88]
cnt=2 s0=fng (3367,1620) s1=fng (1043,1785) [filtered=88]
cnt=2 s0=fng (3367,1634) s1=fng (1038,1794) [filtered=88]
cnt=2 s0=fng (3368,1650) s1=fng (1033,1805) [filtered=88]
cnt=2 s0=fng (3368,1666) s1=fng (1029,1816) [filtered=88]
cnt=2 s0=fng (3369,1683) s1=fng (1024,1829) [filtered=88]
cnt=2 s0=fng (3371,1702) s1=fng (1018,1844) [filtered=88]
cnt=2 s0=fng (3372,1721) s1=fng (1013,1859) [filtered=88]
cnt=2 s0=fng (3375,1740) s1=fng (1007,1876) [filtered=88]
cnt=2 s0=fng (3377,1759) s1=fng (1002,1893) [filtered=88]
cnt=2 s0=fng (3380,1779) s1=fng (995,1912) [filtered=88]
cnt=2 s0=fng (3382,1799) s1=fng (989,1931) [filtered=88]
cnt=2 s0=fng (3386,1820) s1=fng (982,1952) [filtered=88]
cnt=2 s0=fng (3389,1841) s1=fng (976,1973) [filtered=88]
cnt=2 s0=fng (3394,1863) s1=fng (969,1995) [filtered=88]
cnt=2 s0=fng (3398,1884) s1=fng (962,2017) [filtered=88]
cnt=2 s0=fng (3405,1905) s1=fng (955,2040) [filtered=88]
cnt=2 s0=fng (3411,1926) s1=fng (948,2062) [filtered=88]
cnt=2 s0=fng (3417,1946) s1=fng (941,2084) [filtered=88]
cnt=2 s0=fng (3423,1965) s1=fng (934,2106) [filtered=88]
cnt=2 s0=fng (3430,1985) s1=fng (927,2128) [filtered=88]
cnt=2 s0=fng (3437,2004) s1=fng (920,2149) [filtered=88]
cnt=2 s0=fng (3445,2022) s1=fng (913,2170) [filtered=88]
cnt=2 s0=fng (3454,2039) s1=fng (907,2191) [filtered=88]
cnt=2 s0=fng (3462,2056) s1=fng (901,2211) [filtered=88]
cnt=2 s0=fng (3471,2071) s1=fng (895,2230) [filtered=88]
cnt=2 s0=fng (3479,2085) s1=fng (889,2249) [filtered=88]
cnt=2 s0=fng (3487,2100) s1=fng (883,2268) [filtered=88]
cnt=2 s0=fng (3495,2114) s1=fng (877,2286) [filtered=88]
cnt=2 s0=fng (3503,2126) s1=fng (871,2304) [filtered=88]
cnt=2 s0=fng (3511,2138) s1=fng (865,2321) [filtered=88]
cnt=2 s0=fng (3520,2150) s1=fng (859,2338) [filtered=88]
cnt=2 s0=fng (3529,2162) s1=PALM(853,2355) [filtered=89]
cnt=2 s0=fng (3538,2172) s1=PALM(847,2371) [filtered=90]
cnt=2 s0=fng (3547,2182) s1=PALM(841,2387) [filtered=91]
cnt=2 s0=fng (3557,2191) s1=PALM(834,2402) [filtered=92]
cnt=2 s0=fng (3567,2200) s1=PALM(827,2417) [filtered=93]
cnt=2 s0=fng (3577,2208) s1=PALM(821,2430) [filtered=94]
cnt=2 s0=fng (3587,2216) s1=PALM(815,2443) [filtered=95]
cnt=2 s0=fng (3597,2224) s1=PALM(809,2455) [filtered=96]
cnt=2 s0=fng (3607,2230) s1=PALM(802,2465) [filtered=97]
cnt=2 s0=fng (3617,2236) s1=PALM(795,2475) [filtered=98]
cnt=2 s0=fng (3627,2242) s1=PALM(788,2483) [filtered=99]
cnt=2 s0=fng (3637,2248) s1=PALM(781,2491) [filtered=100]
cnt=2 s0=fng (3647,2252) s1=PALM(774,2498) [filtered=101]
cnt=2 s0=fng (3657,2256) s1=PALM(767,2505) [filtered=102]
cnt=2 s0=fng (3667,2260) s1=PALM(760,2510) [filtered=103]
cnt=2 s0=fng (3677,2264) s1=PALM(753,2515) [filtered=104]
cnt=2 s0=fng (3687,2267) s1=PALM(745,2518) [filtered=105]
cnt=2 s0=fng (3697,2270) s1=PALM(737,2521) [filtered=106]
cnt=2 s0=fng (3709,2272) s1=PALM(729,2523) [filtered=107]
cnt=2 s0=fng (3721,2274) s1=PALM(721,2525) [filtered=108]
cnt=2 s0=fng (3734,2276) s1=PALM(713,2525) [filtered=109]
cnt=2 s0=fng (3747,2278) s1=PALM(705,2525) [filtered=110]
cnt=2 s0=fng (3761,2279) s1=PALM(697,2521) [filtered=111]
cnt=2 s0=fng (3775,2280) s1=PALM(689,2517) [filtered=112]
cnt=2 s0=fng (3790,2280) s1=PALM(681,2512) [filtered=113]
cnt=2 s0=fng (3805,2280) s1=PALM(673,2507) [filtered=114]
cnt=2 s0=fng (3821,2276) s1=PALM(664,2501) [filtered=115]
cnt=2 s0=fng (3837,2272) s1=PALM(655,2495) [filtered=116]
cnt=2 s0=fng (3854,2267) s1=PALM(645,2488) [filtered=117]
cnt=2 s0=fng (3871,2262) s1=PALM(635,2481) [filtered=118]
cnt=2 s0=fng (3888,2255) s1=PALM(623,2473) [filtered=119]
cnt=2 s0=fng (3905,2248) s1=PALM(611,2465) [filtered=120]
cnt=2 s0=fng (3922,2239) s1=PALM(597,2456) [filtered=121]
cnt=2 s0=fng (3938,2229) s1=PALM(581,2446) [filtered=122]
cnt=2 s0=fng (3954,2219) s1=PALM(565,2436) [filtered=123]
cnt=2 s0=fng (3970,2208) s1=PALM(548,2425) [filtered=124]
cnt=2 s0=fng (3986,2198) s1=PALM(531,2415) [filtered=125]
cnt=2 s0=fng (4002,2187) s1=PALM(514,2404) [filtered=126]
cnt=2 s0=fng (4017,2176) s1=PALM(498,2392) [filtered=127]
cnt=2 s0=fng (4032,2166) s1=PALM(482,2380) [filtered=128]
cnt=2 s0=fng (4047,2155) s1=PALM(466,2368) [filtered=129]
cnt=2 s0=fng (4062,2145) s1=PALM(450,2357) [filtered=130]
cnt=2 s0=fng (4076,2135) s1=fng (436,2345) [filtered=130]
cnt=2 s0=fng (4090,2125) s1=fng (422,2333) [filtered=130]
cnt=2 s0=fng (4104,2116) s1=fng (408,2322) [filtered=130]
cnt=2 s0=fng (4117,2107) s1=fng (396,2311) [filtered=130]
cnt=2 s0=fng (4130,2098) s1=fng (384,2300) [filtered=130]
cnt=2 s0=fng (4142,2090) s1=fng (372,2289) [filtered=130]
cnt=2 s0=fng (4154,2082) s1=fng (361,2278) [filtered=130]
cnt=2 s0=fng (4166,2075) s1=fng (350,2267) [filtered=130]
cnt=2 s0=fng (4178,2068) s1=fng (340,2256) [filtered=130]
cnt=2 s0=fng (4189,2061) s1=fng (330,2246) [filtered=130]
cnt=2 s0=fng (4200,2055) s1=fng (320,2236) [filtered=130]
cnt=2 s0=fng (4210,2049) s1=fng (311,2227) [filtered=130]
cnt=2 s0=fng (4220,2044) s1=fng (302,2219) [filtered=130]
cnt=2 s0=fng (4230,2040) s1=fng (293,2213) [filtered=130]
cnt=2 s0=fng (4240,2036) s1=fng (283,2211) [filtered=130]
cnt=2 s0=fng (4250,2032) s1=fng (273,2209) [filtered=130]
cnt=2 s0=fng (4260,2030) s1=fng (262,2212) [filtered=130]
cnt=2 s0=fng (4270,2029) s1=fng (250,2218) [filtered=130]
cnt=2 s0=fng (4280,2028) s1=fng (238,2223) [filtered=130]
cnt=2 s0=fng (4290,2028) s1=fng (226,2230) [filtered=130]
cnt=2 s0=fng (4300,2028) s1=fng (215,2238) [filtered=130]
cnt=2 s0=fng (4310,2028) s1=fng (204,2245) [filtered=130]
cnt=2 s0=fng (4319,2031) s1=fng (194,2253) [filtered=130]
cnt=2 s0=fng (4327,2034) s1=PALM(185,2263) [filtered=131]
cnt=2 s0=fng (4335,2038) s1=PALM(185,2263) [filtered=132]
cnt=1 s0=fng (4335,2038) [filtered=132]
cnt=1 s0=fng (4342,2042) [filtered=132]
cnt=1 s0=fng (4349,2044) [filtered=132]
cnt=1 s0=fng (4356,2048) [filtered=132]
cnt=1 s0=fng (4363,2052) [filtered=132]
cnt=1 s0=fng (4370,2056) [filtered=132]
cnt=1 s0=fng (4377,2061) [filtered=132]
cnt=1 s0=fng (4384,2065) [filtered=132]
cnt=1 s0=fng (4392,2070) [filtered=132]
cnt=1 s0=fng (4400,2075) [filtered=132]
cnt=1 s0=fng (4407,2080) [filtered=132]
cnt=1 s0=fng (4413,2086) [filtered=132]
cnt=1 s0=fng (4419,2090) [filtered=132]
cnt=1 s0=fng (4425,2093) [filtered=132]
cnt=1 s0=fng (4425,2093) [filtered=132]
cnt=2 s0=PALM(75,2633) s1=PALM(4512,2510) [filtered=133]
cnt=2 s0=PALM(78,2632) s1=PALM(4512,2511) [filtered=134]
cnt=2 s0=PALM(82,2631) s1=PALM(4511,2512) [filtered=135]
cnt=2 s0=PALM(85,2630) s1=PALM(4511,2512) [filtered=136]
cnt=2 s0=PALM(86,2630) s1=PALM(4511,2512) [filtered=137]
cnt=2 s0=PALM(86,2630) s1=PALM(4511,2512) [filtered=138]
cnt=2 s0=PALM(86,2630) s1=PALM(4511,2512) [filtered=139]
cnt=2 s0=PALM(86,2630) s1=PALM(4511,2512) [filtered=140]
cnt=2 s0=PALM(86,2630) s1=PALM(4511,2512) [filtered=141]
cnt=2 s0=PALM(86,2630) s1=PALM(4511,2512) [filtered=142]
cnt=2 s0=PALM(86,2630) s1=PALM(4511,2512) [filtered=143]
cnt=2 s0=PALM(86,2630) s1=PALM(4511,2512) [filtered=144]
cnt=2 s0=PALM(86,2630) s1=PALM(4511,2512) [filtered=145]
cnt=2 s0=PALM(86,2630) s1=PALM(4511,2512) [filtered=146]
cnt=2 s0=PALM(86,2630) s1=PALM(4511,2512) [filtered=147]
cnt=2 s0=PALM(86,2630) s1=PALM(4511,2512) [filtered=148]
cnt=2 s0=PALM(86,2630) s1=PALM(4511,2512) [filtered=149]
cnt=2 s0=PALM(86,2630) s1=PALM(4511,2512) [filtered=150]
cnt=2 s0=PALM(86,2630) s1=PALM(4511,2512) [filtered=151]
cnt=2 s0=PALM(86,2630) s1=PALM(4511,2512) [filtered=152]
cnt=2 s0=PALM(86,2630) s1=PALM(4511,2512) [filtered=153]
cnt=2 s0=PALM(86,2630) s1=PALM(4511,2512) [filtered=154]
cnt=2 s0=PALM(86,2630) s1=PALM(4511,2512) [filtered=155]
cnt=2 s0=PALM(86,2630) s1=PALM(4511,2512) [filtered=156]
cnt=2 s0=PALM(86,2630) s1=PALM(4511,2512) [filtered=157]
cnt=2 s0=PALM(86,2630) s1=PALM(4511,2512) [filtered=158]
cnt=2 s0=PALM(86,2630) s1=PALM(4511,2512) [filtered=159]
cnt=2 s0=PALM(86,2630) s1=PALM(4511,2512) [filtered=160]
cnt=2 s0=PALM(86,2630) s1=PALM(4511,2512) [filtered=161]
cnt=2 s0=PALM(93,2627) s1=PALM(4511,2512) [filtered=162]
cnt=2 s0=PALM(109,2621) s1=PALM(4511,2512)* [filtered=163]
cnt=2 s0=PALM(125,2615) s1=PALM(4511,2512)* [filtered=164]
cnt=2 s0=PALM(144,2605) s1=PALM(4511,2512)* [filtered=165]
cnt=2 s0=PALM(161,2589) s1=PALM(4511,2512)* [filtered=166]
cnt=2 s0=PALM(178,2573) s1=PALM(4511,2512)* [filtered=167]
cnt=2 s0=PALM(194,2552) s1=PALM(4511,2512)* [filtered=168]
cnt=2 s0=PALM(207,2527) s1=PALM(4507,2509) [filtered=169]
cnt=2 s0=PALM(219,2503) s1=PALM(4505,2507) [filtered=170]
cnt=2 s0=PALM(230,2475) s1=PALM(4501,2503) [filtered=171]
cnt=2 s0=PALM(241,2448) s1=PALM(4498,2500) [filtered=172]
cnt=2 s0=PALM(249,2421) s1=PALM(4493,2494) [filtered=173]
cnt=2 s0=PALM(257,2390) s1=PALM(4488,2487) [filtered=174]
cnt=2 s0=PALM(265,2360) s1=PALM(4483,2480) [filtered=175]
cnt=2 s0=fng (271,2327) s1=PALM(4478,2472) [filtered=176]
cnt=2 s0=fng (276,2293) s1=PALM(4473,2463) [filtered=177]
cnt=2 s0=fng (281,2260) s1=PALM(4469,2454) [filtered=178]
cnt=2 s0=fng (285,2225) s1=PALM(4465,2445) [filtered=179]
cnt=2 s0=fng (288,2190) s1=PALM(4462,2435) [filtered=180]
cnt=2 s0=fng (291,2156) s1=PALM(4460,2425) [filtered=181]
cnt=2 s0=fng (293,2122) s1=PALM(4457,2416) [filtered=182]
cnt=2 s0=fng (295,2088) s1=PALM(4455,2407) [filtered=183]
cnt=2 s0=fng (297,2055) s1=PALM(4454,2398) [filtered=184]
cnt=2 s0=fng (298,2022) s1=PALM(4452,2389) [filtered=185]
cnt=2 s0=fng (298,1989) s1=PALM(4451,2380) [filtered=186]
cnt=2 s0=fng (298,1957) s1=PALM(4450,2371) [filtered=187]
cnt=2 s0=fng (298,1926) s1=PALM(4449,2362) [filtered=188]
cnt=2 s0=fng (298,1895) s1=PALM(4449,2353) [filtered=189]
cnt=2 s0=fng (298,1865) s1=fng (4449,2344) [filtered=189]
cnt=2 s0=fng (298,1837) s1=fng (4448,2335) [filtered=189]
cnt=2 s0=fng (298,1809) s1=fng (4448,2327) [filtered=189]
cnt=2 s0=fng (298,1782) s1=fng (4448,2320) [filtered=189]
cnt=2 s0=fng (298,1757) s1=fng (4447,2313) [filtered=189]
cnt=2 s0=fng (295,1733) s1=fng (4447,2306) [filtered=189]
cnt=2 s0=fng (292,1710) s1=fng (4447,2300) [filtered=189]
cnt=2 s0=fng (289,1689) s1=fng (4447,2293) [filtered=189]
cnt=2 s0=fng (286,1670) s1=fng (4447,2287) [filtered=189]
cnt=2 s0=fng (285,1651) s1=fng (4447,2282) [filtered=189]
cnt=2 s0=fng (283,1633) s1=fng (4447,2277) [filtered=189]
cnt=2 s0=fng (282,1615) s1=fng (4447,2273) [filtered=189]
cnt=2 s0=fng (281,1599) s1=fng (4448,2269) [filtered=189]
cnt=2 s0=fng (280,1585) s1=fng (4448,2265) [filtered=189]
cnt=2 s0=fng (280,1571) s1=fng (4448,2262) [filtered=189]
cnt=2 s0=fng (279,1559) s1=fng (4449,2260) [filtered=189]
cnt=2 s0=fng (278,1548) s1=fng (4450,2257) [filtered=189]
cnt=2 s0=fng (278,1537) s1=fng (4450,2255) [filtered=189]
cnt=2 s0=fng (277,1527) s1=fng (4451,2253) [filtered=189]
cnt=2 s0=fng (277,1519) s1=fng (4453,2251) [filtered=189]
cnt=2 s0=fng (277,1511) s1=fng (4454,2249) [filtered=189]
cnt=2 s0=fng (277,1505) s1=fng (4455,2248) [filtered=189]
cnt=2 s0=fng (277,1500) s1=fng (4456,2248) [filtered=189]
cnt=2 s0=fng (277,1495) s1=fng (4457,2248) [filtered=189]
cnt=2 s0=fng (277,1491) s1=fng (4458,2248) [filtered=189]
cnt=2 s0=fng (277,1488) s1=fng (4459,2249) [filtered=189]
cnt=2 s0=fng (277,1486) s1=fng (4460,2251) [filtered=189]
cnt=2 s0=fng (277,1484) s1=fng (4460,2252) [filtered=189]
cnt=2 s0=fng (277,1483) s1=fng (4461,2254) [filtered=189]
cnt=2 s0=fng (276,1483) s1=fng (4462,2258) [filtered=189]
cnt=2 s0=fng (276,1483) s1=fng (4463,2260) [filtered=189]
cnt=2 s0=fng (275,1483) s1=fng (4464,2264) [filtered=189]
cnt=2 s0=fng (274,1483) s1=fng (4464,2268) [filtered=189]
cnt=2 s0=fng (273,1486) s1=fng (4464,2274) [filtered=189]
cnt=2 s0=fng (273,1489) s1=fng (4464,2279) [filtered=189]
cnt=2 s0=fng (273,1493) s1=fng (4464,2285) [filtered=189]
cnt=2 s0=fng (273,1499) s1=fng (4465,2292) [filtered=189]
cnt=2 s0=fng (273,1505) s1=fng (4466,2298) [filtered=189]
cnt=2 s0=fng (274,1513) s1=fng (4466,2298) [filtered=189]
cnt=1 s0=fng (274,1513) [filtered=189]
cnt=1 s0=fng (275,1523) [filtered=189]
cnt=1 s0=fng (277,1535) [filtered=189]
cnt=1 s0=fng (280,1549) [filtered=189]
cnt=1 s0=fng (281,1562) [filtered=189]
cnt=1 s0=fng (284,1578) [filtered=189]
cnt=1 s0=fng (287,1596) [filtered=189]
cnt=1 s0=fng (292,1616) [filtered=189]
cnt=1 s0=fng (297,1638) [filtered=189]
cnt=1 s0=fng (301,1659) [filtered=189]
cnt=1 s0=fng (306,1682) [filtered=189]
cnt=1 s0=fng (311,1708) [filtered=189]
cnt=1 s0=fng (318,1735) [filtered=189]
cnt=1 s0=fng (324,1761) [filtered=189]
cnt=1 s0=fng (331,1790) [filtered=189]
cnt=1 s0=fng (339,1819) [filtered=189]
cnt=1 s0=fng (347,1850) [filtered=189]
cnt=1 s0=fng (356,1884) [filtered=189]
cnt=1 s0=fng (365,1917) [filtered=189]
cnt=1 s0=fng (374,1951) [filtered=189]
cnt=1 s0=fng (383,1985) [filtered=189]
cnt=1 s0=fng (393,2019) [filtered=189]
cnt=1 s0=fng (402,2053) [filtered=189]
cnt=1 s0=fng (412,2087) [filtered=189]
cnt=1 s0=fng (422,2120) [filtered=189]
cnt=1 s0=fng (432,2153) [filtered=189]
cnt=1 s0=fng (442,2184) [filtered=189]
cnt=1 s0=fng (451,2215) [filtered=189]
cnt=1 s0=fng (461,2245) [filtered=189]
cnt=1 s0=fng (470,2274) [filtered=189]
cnt=1 s0=fng (479,2302) [filtered=189]
cnt=1 s0=fng (487,2329) [filtered=189]
cnt=1 s0=fng (496,2355) [filtered=189]
cnt=1 s0=fng (505,2380) [filtered=189]
cnt=1 s0=fng (514,2405) [filtered=189]
cnt=1 s0=fng (522,2429) [filtered=189]
cnt=1 s0=fng (531,2452) [filtered=189]
cnt=1 s0=fng (541,2473) [filtered=189]
cnt=1 s0=fng (550,2494) [filtered=189]
cnt=1 s0=fng (559,2513) [filtered=189]
cnt=2 s0=PALM(569,2531) s1=PALM(4330,2404) [filtered=190]
cnt=2 s0=PALM(579,2548) s1=PALM(4330,2403) [filtered=191]
cnt=2 s0=PALM(588,2565) s1=PALM(4330,2403) [filtered=192]
cnt=2 s0=PALM(597,2581) s1=PALM(4330,2402) [filtered=193]
cnt=2 s0=PALM(606,2596) s1=PALM(4330,2400) [filtered=194]
cnt=2 s0=PALM(614,2611) s1=PALM(4330,2399) [filtered=195]
cnt=2 s0=PALM(622,2624) s1=PALM(4330,2397) [filtered=196]
cnt=2 s0=PALM(629,2636) s1=PALM(4330,2393) [filtered=197]
cnt=2 s0=PALM(637,2647) s1=PALM(4330,2387) [filtered=198]
cnt=2 s0=PALM(644,2658) s1=PALM(4330,2382) [filtered=199]
cnt=2 s0=PALM(650,2667) s1=PALM(4330,2375) [filtered=200]
cnt=2 s0=PALM(656,2676) s1=PALM(4330,2367) [filtered=201]
cnt=2 s0=PALM(662,2685) s1=PALM(4330,2360) [filtered=202]
cnt=2 s0=PALM(668,2693) s1=PALM(4330,2350) [filtered=203]
cnt=2 s0=PALM(674,2700) s1=fng (4331,2340) [filtered=204]
cnt=2 s0=PALM(680,2707) s1=fng (4331,2331) [filtered=205]
cnt=2 s0=PALM(686,2713) s1=fng (4331,2321) [filtered=206]
cnt=2 s0=PALM(691,2717) s1=fng (4331,2311) [filtered=207]
cnt=2 s0=PALM(696,2720) s1=fng (4330,2300) [filtered=208]
cnt=2 s0=PALM(701,2723) s1=fng (4330,2289) [filtered=209]
cnt=2 s0=PALM(705,2724) s1=fng (4330,2278) [filtered=210]
cnt=2 s0=PALM(708,2724) s1=fng (4329,2268) [filtered=211]
cnt=2 s0=PALM(711,2724) s1=fng (4329,2259) [filtered=212]
cnt=2 s0=PALM(713,2724) s1=fng (4327,2249) [filtered=213]
cnt=2 s0=PALM(715,2721) s1=fng (4324,2238) [filtered=214]
cnt=2 s0=PALM(717,2718) s1=fng (4323,2228) [filtered=215]
cnt=2 s0=PALM(718,2713) s1=fng (4320,2218) [filtered=216]
cnt=2 s0=PALM(719,2707) s1=fng (4315,2206) [filtered=217]
cnt=2 s0=PALM(720,2701) s1=fng (4311,2195) [filtered=218]
cnt=2 s0=PALM(721,2693) s1=fng (4306,2184) [filtered=219]
cnt=2 s0=PALM(722,2683) s1=fng (4300,2173) [filtered=220]
cnt=2 s0=PALM(723,2674) s1=fng (4294,2163) [filtered=221]
cnt=2 s0=PALM(722,2661) s1=fng (4287,2154) [filtered=222]
cnt=2 s0=PALM(722,2649) s1=fng (4281,2145) [filtered=223]
cnt=2 s0=PALM(723,2634) s1=fng (4274,2137) [filtered=224]
cnt=2 s0=PALM(726,2614) s1=fng (4267,2130) [filtered=225]
cnt=2 s0=PALM(728,2595) s1=fng (4261,2123) [filtered=226]
cnt=2 s0=PALM(731,2572) s1=fng (4253,2117) [filtered=227]
cnt=2 s0=PALM(733,2549) s1=fng (4246,2111) [filtered=228]
cnt=2 s0=PALM(735,2522) s1=fng (4237,2107) [filtered=229]
cnt=2 s0=PALM(737,2496) s1=fng (4229,2103) [filtered=230]
cnt=2 s0=PALM(739,2466) s1=fng (4221,2100) [filtered=231]
cnt=2 s0=PALM(742,2433) s1=fng (4211,2098) [filtered=232]
cnt=2 s0=PALM(744,2401) s1=fng (4202,2096) [filtered=233]
cnt=2 s0=PALM(746,2369) s1=fng (4193,2094) [filtered=234]
cnt=2 s0=fng (748,2335) s1=fng (4184,2094) [filtered=234]
cnt=2 s0=fng (750,2301) s1=fng (4175,2094) [filtered=234]
cnt=2 s0=fng (753,2267) s1=fng (4165,2098) [filtered=234]
cnt=2 s0=fng (755,2233) s1=fng (4155,2102) [filtered=234]
cnt=2 s0=fng (757,2199) s1=fng (4144,2107) [filtered=234]
cnt=2 s0=fng (759,2165) s1=fng (4133,2112) [filtered=234]
cnt=2 s0=fng (761,2132) s1=fng (4120,2119) [filtered=234]
cnt=2 s0=fng (763,2099) s1=fng (4107,2125) [filtered=234]
cnt=2 s0=fng (765,2067) s1=fng (4093,2133) [filtered=234]
cnt=2 s0=fng (767,2035) s1=fng (4079,2141) [filtered=234]
cnt=2 s0=fng (769,2005) s1=fng (4063,2151) [filtered=234]
cnt=2 s0=fng (771,1975) s1=fng (4047,2160) [filtered=234]
cnt=2 s0=fng (773,1946) s1=fng (4029,2170) [filtered=234]
cnt=2 s0=fng (775,1917) s1=fng (4011,2179) [filtered=234]
cnt=2 s0=fng (777,1890) s1=fng (3991,2190) [filtered=234]
cnt=2 s0=fng (779,1863) s1=fng (3971,2200) [filtered=234]
cnt=2 s0=fng (781,1838) s1=fng (3949,2211) [filtered=234]
cnt=2 s0=fng (783,1813) s1=fng (3927,2221) [filtered=234]
cnt=2 s0=fng (785,1789) s1=fng (3905,2232) [filtered=234]
cnt=2 s0=fng (788,1767) s1=fng (3883,2244) [filtered=234]
cnt=2 s0=fng (790,1745) s1=fng (3861,2255) [filtered=234]
cnt=2 s0=fng (793,1724) s1=fng (3839,2267) [filtered=234]
cnt=2 s0=fng (795,1703) s1=fng (3817,2278) [filtered=234]
cnt=2 s0=fng (798,1683) s1=fng (3795,2288) [filtered=234]
cnt=2 s0=fng (800,1663) s1=fng (3773,2298) [filtered=234]
cnt=2 s0=fng (804,1643) s1=fng (3751,2308) [filtered=234]
cnt=2 s0=fng (807,1623) s1=fng (3729,2318) [filtered=234]
cnt=2 s0=fng (810,1602) s1=fng (3705,2328) [filtered=234]
cnt=2 s0=fng (813,1581) s1=fng (3681,2338) [filtered=234]
cnt=2 s0=fng (816,1560) s1=fng (3657,2348) [filtered=234]
cnt=2 s0=fng (819,1539) s1=PALM(3633,2358) [filtered=235]
cnt=2 s0=fng (822,1518) s1=PALM(3609,2368) [filtered=236]
cnt=2 s0=fng (825,1497) s1=PALM(3585,2378) [filtered=237]
cnt=2 s0=fng (827,1477) s1=PALM(3561,2388) [filtered=238]
cnt=2 s0=fng (829,1457) s1=PALM(3537,2398) [filtered=239]
cnt=2 s0=fng (831,1437) s1=PALM(3515,2408) [filtered=240]
cnt=2 s0=fng (831,1417) s1=PALM(3493,2418) [filtered=241]
cnt=2 s0=fng (831,1397) s1=PALM(3471,2428) [filtered=242]
cnt=2 s0=fng (831,1379) s1=PALM(3450,2438) [filtered=243]
cnt=2 s0=fng (831,1361) s1=PALM(3429,2448) [filtered=244]
cnt=2 s0=fng (828,1344) s1=PALM(3409,2458) [filtered=245]
cnt=2 s0=fng (824,1328) s1=PALM(3390,2468) [filtered=246]
cnt=2 s0=fng (821,1312) s1=PALM(3371,2478) [filtered=247]
cnt=2 s0=fng (817,1298) s1=PALM(3353,2488) [filtered=248]
cnt=2 s0=fng (814,1284) s1=PALM(3335,2498) [filtered=249]
cnt=2 s0=fng (809,1270) s1=PALM(3319,2508) [filtered=250]
cnt=2 s0=fng (805,1256) s1=PALM(3303,2518) [filtered=251]
cnt=2 s0=fng (799,1242) s1=PALM(3287,2527) [filtered=252]
cnt=2 s0=fng (792,1228) s1=PALM(3273,2536) [filtered=253]
cnt=2 s0=fng (786,1214) s1=PALM(3259,2545) [filtered=254]
cnt=2 s0=fng (777,1200) s1=PALM(3246,2554) [filtered=255]
cnt=2 s0=fng (769,1186) s1=PALM(3233,2563) [filtered=256]
cnt=2 s0=fng (760,1173) s1=PALM(3221,2572) [filtered=257]
cnt=2 s0=fng (749,1161) s1=PALM(3211,2581) [filtered=258]
cnt=2 s0=fng (739,1149) s1=PALM(3201,2590) [filtered=259]
cnt=2 s0=fng (727,1139) s1=PALM(3192,2600) [filtered=260]
cnt=2 s0=fng (716,1129) s1=PALM(3183,2610) [filtered=261]
cnt=2 s0=fng (703,1120) s1=PALM(3175,2620) [filtered=262]
cnt=2 s0=fng (688,1112) s1=PALM(3168,2630) [filtered=263]
cnt=2 s0=fng (674,1104) s1=PALM(3161,2640) [filtered=264]
cnt=2 s0=fng (659,1098) s1=PALM(3155,2651) [filtered=265]
cnt=2 s0=fng (642,1094) s1=PALM(3151,2662) [filtered=266]
cnt=2 s0=fng (626,1090) s1=PALM(3147,2673) [filtered=267]
cnt=2 s0=fng (609,1087) s1=PALM(3143,2684) [filtered=268]
cnt=2 s0=fng (593,1084) s1=PALM(3139,2695) [filtered=269]
cnt=2 s0=fng (577,1082) s1=PALM(3136,2706) [filtered=270]
cnt=2 s0=fng (560,1082) s1=PALM(3133,2716) [filtered=271]
cnt=2 s0=fng (543,1082) s1=PALM(3130,2726) [filtered=272]
cnt=2 s0=fng (527,1082) s1=PALM(3127,2736) [filtered=273]
cnt=2 s0=fng (508,1082) s1=PALM(3124,2745) [filtered=274]
cnt=2 s0=fng (492,1082) s1=PALM(3120,2754) [filtered=275]
cnt=2 s0=fng (477,1081) s1=PALM(3116,2761) [filtered=276]
cnt=2 s0=fng (464,1080) s1=PALM(3112,2767) [filtered=277]
cnt=2 s0=fng (451,1079) s1=PALM(3108,2773) [filtered=278]
cnt=2 s0=fng (451,1079) s1=PALM(3104,2777) [filtered=279]
cnt=1 s1=fng (3104,2777) [filtered=279]
cnt=1 s1=fng (3100,2781) [filtered=279]
cnt=1 s1=fng (3095,2784) [filtered=279]
cnt=1 s1=fng (3090,2786) [filtered=279]
cnt=1 s1=fng (3085,2788) [filtered=279]
cnt=1 s1=fng (3079,2790) [filtered=279]
cnt=1 s1=fng (3072,2792) [filtered=279]
cnt=1 s1=fng (3064,2794) [filtered=279]
cnt=1 s1=fng (3056,2796) [filtered=279]
cnt=1 s1=fng (3048,2798) [filtered=279]
cnt=1 s1=fng (3039,2800) [filtered=279]
cnt=1 s1=fng (3029,2802) [filtered=279]
cnt=1 s1=fng (3018,2804) [filtered=279]
cnt=1 s1=fng (3007,2806) [filtered=279]
cnt=1 s1=fng (2995,2808) [filtered=279]
cnt=1 s1=fng (2983,2810) [filtered=279]
cnt=1 s1=fng (2970,2812) [filtered=279]
cnt=1 s1=fng (2957,2814) [filtered=279]
cnt=1 s1=fng (2944,2816) [filtered=279]
cnt=1 s1=fng (2930,2817) [filtered=279]
cnt=1 s1=fng (2916,2817) [filtered=279]
cnt=1 s1=fng (2902,2817) [filtered=279]
cnt=1 s1=fng (2888,2817) [filtered=279]
cnt=1 s1=fng (2874,2817) [filtered=279]
cnt=1 s1=fng (2860,2817) [filtered=279]
cnt=1 s1=fng (2846,2814) [filtered=279]
cnt=1 s1=fng (2832,2811) [filtered=279]
cnt=1 s1=fng (2818,2807) [filtered=279]
cnt=1 s1=fng (2804,2803) [filtered=279]
cnt=1 s1=fng (2790,2799) [filtered=279]
cnt=1 s1=fng (2777,2794) [filtered=279]
cnt=1 s1=fng (2765,2789) [filtered=279]
cnt=1 s1=fng (2753,2785) [filtered=279]
cnt=1 s1=fng (2741,2781) [filtered=279]
cnt=1 s1=fng (2729,2776) [filtered=279]
cnt=1 s1=fng (2717,2771) [filtered=279]
cnt=1 s1=fng (2706,2766) [filtered=279]
cnt=1 s1=fng (2695,2762) [filtered=279]
cnt=1 s1=fng (2685,2758) [filtered=279]
cnt=1 s1=fng (2675,2753) [filtered=279]
cnt=1 s1=fng (2665,2748) [filtered=279]
cnt=1 s1=fng (2655,2744) [filtered=279]
cnt=1 s1=fng (2645,2740) [filtered=279]
cnt=1 s1=fng (2636,2735) [filtered=279]
cnt=1 s1=fng (2627,2731) [filtered=279]
cnt=1 s1=fng (2618,2727) [filtered=279]
cnt=1 s1=fng (2610,2722) [filtered=279]
cnt=1 s1=fng (2603,2717) [filtered=279]
cnt=1 s1=fng (2596,2713) [filtered=279]
cnt=1 s1=fng (2589,2709) [filtered=279]
cnt=1 s1=fng (2583,2704) [filtered=279]
cnt=1 s1=fng (2577,2700) [filtered=279]
cnt=1 s1=fng (2572,2696) [filtered=279]
cnt=1 s1=fng (2567,2692) [filtered=279]
cnt=1 s1=fng (2563,2688) [filtered=279]
cnt=1 s1=fng (2559,2684) [filtered=279]
cnt=1 s1=fng (2556,2680) [filtered=279]
cnt=1 s1=fng (2553,2677) [filtered=279]
cnt=1 s1=fng (2551,2674) [filtered=279]
cnt=1 s1=fng (2550,2671) [filtered=279]
cnt=1 s1=fng (2550,2668) [filtered=279]
cnt=1 s1=fng (2550,2665) [filtered=279]
cnt=1 s1=fng (2550,2663) [filtered=279]
cnt=1 s1=fng (2550,2661) [filtered=279]
cnt=1 s1=fng (2553,2659) [filtered=279]
cnt=1 s1=fng (2557,2656) [filtered=279]
cnt=1 s1=fng (2561,2654) [filtered=279]
cnt=1 s1=fng (2566,2652) [filtered=279]
cnt=1 s1=fng (2572,2649) [filtered=279]
cnt=1 s1=fng (2579,2646) [filtered=279]
cnt=1 s1=fng (2586,2644) [filtered=279]
cnt=1 s1=fng (2594,2641) [filtered=279]
cnt=1 s1=fng (2603,2637) [filtered=279]
cnt=1 s1=fng (2613,2633) [filtered=279]
cnt=1 s1=fng (2623,2630) [filtered=279]
cnt=1 s1=fng (2635,2625) [filtered=279]
cnt=1 s1=fng (2647,2621) [filtered=279]
cnt=1 s1=fng (2662,2616) [filtered=279]
cnt=1 s1=fng (2677,2611) [filtered=279]
cnt=1 s1=fng (2693,2606) [filtered=279]
cnt=2 s0=PALM(4528,2459) s1=PALM(2713,2599) [filtered=280]
cnt=2 s0=PALM(4528,2459) s1=PALM(2733,2593) [filtered=281]
cnt=2 s0=PALM(4532,2459) s1=PALM(2757,2585) [filtered=282]
cnt=2 s0=PALM(4535,2459) s1=PALM(2780,2578) [filtered=283]
cnt=2 s0=PALM(4540,2459) s1=PALM(2806,2570) [filtered=284]
cnt=2 s0=PALM(4548,2459) s1=PALM(2835,2561) [filtered=285]
cnt=2 s0=PALM(4555,2459) s1=PALM(2863,2553) [filtered=286]
cnt=2 s0=PALM(4562,2457) s1=PALM(2892,2544) [filtered=287]
cnt=2 s0=PALM(4568,2456) s1=PALM(2921,2536) [filtered=288]
cnt=2 s0=PALM(4576,2455) s1=PALM(2952,2528) [filtered=289]
cnt=2 s0=PALM(4584,2453) s1=PALM(2984,2520) [filtered=290]
cnt=2 s0=PALM(4591,2452) s1=PALM(3015,2512) [filtered=291]
cnt=2 s0=PALM(4600,2451) s1=PALM(3047,2505) [filtered=292]
cnt=1 s1=fng (3077,2499) [filtered=292]
cnt=1 s1=fng (3106,2493) [filtered=292]
cnt=1 s1=fng (3133,2488) [filtered=292]
cnt=1 s1=fng (3157,2484) [filtered=292]
cnt=1 s1=fng (3180,2480) [filtered=292]
cnt=1 s1=fng (3203,2476) [filtered=292]
cnt=1 s1=fng (3223,2473) [filtered=292]
cnt=1 s1=fng (3242,2471) [filtered=292]
cnt=1 s1=fng (3260,2469) [filtered=292]
cnt=1 s1=fng (3280,2466) [filtered=292]
cnt=1 s1=fng (3300,2463) [filtered=292]
cnt=1 s1=fng (3320,2460) [filtered=292]
cnt=1 s1=fng (3340,2457) [filtered=292]
cnt=1 s1=fng (3360,2455) [filtered=292]
cnt=1 s1=fng (3379,2453) [filtered=292]
cnt=1 s1=fng (3398,2451) [filtered=292]
cnt=1 s1=fng (3417,2449) [filtered=292]
cnt=1 s1=fng (3435,2447) [filtered=292]
cnt=1 s1=fng (3454,2446) [filtered=292]
cnt=1 s1=fng (3473,2447) [filtered=292]
cnt=1 s1=fng (3492,2445) [filtered=292]
cnt=1 s1=fng (3512,2443) [filtered=292]
cnt=1 s1=fng (3534,2441) [filtered=292]
cnt=1 s1=fng (3555,2440) [filtered=292]
cnt=1 s1=fng (3578,2439) [filtered=292]
cnt=1 s1=fng (3601,2438) [filtered=292]
cnt=1 s1=fng (3624,2437) [filtered=292]
cnt=1 s1=fng (3647,2436) [filtered=292]
cnt=1 s1=fng (3670,2435) [filtered=292]
cnt=1 s1=fng (3693,2434) [filtered=292]
cnt=1 s1=fng (3716,2433) [filtered=292]
cnt=1 s1=fng (3739,2432) [filtered=292]
cnt=1 s1=fng (3761,2431) [filtered=292]
cnt=1 s1=fng (3783,2430) [filtered=292]
cnt=1 s1=fng (3806,2429) [filtered=292]
cnt=1 s1=fng (3828,2429) [filtered=292]
cnt=1 s1=fng (3850,2428) [filtered=292]
cnt=1 s1=fng (3871,2426) [filtered=292]
cnt=1 s1=fng (3893,2424) [filtered=292]
cnt=1 s1=fng (3914,2423) [filtered=292]
cnt=1 s1=fng (3935,2422) [filtered=292]
cnt=1 s1=fng (3955,2420) [filtered=292]
cnt=1 s1=fng (3974,2417) [filtered=292]
cnt=1 s1=fng (3992,2414) [filtered=292]
cnt=1 s1=fng (4010,2412) [filtered=292]
cnt=1 s1=fng (4027,2409) [filtered=292]
cnt=1 s1=fng (4044,2406) [filtered=292]
cnt=1 s1=fng (4060,2402) [filtered=292]
cnt=1 s1=fng (4075,2400) [filtered=292]
cnt=1 s1=fng (4090,2396) [filtered=292]
cnt=1 s1=fng (4104,2391) [filtered=292]
cnt=1 s1=fng (4117,2386) [filtered=292]
cnt=1 s1=fng (4129,2382) [filtered=292]
cnt=1 s1=fng (4141,2377) [filtered=292]
cnt=1 s1=fng (4152,2372) [filtered=292]
cnt=1 s1=fng (4163,2368) [filtered=292]
cnt=1 s1=fng (4172,2364) [filtered=292]
cnt=1 s1=fng (4181,2359) [filtered=292]
cnt=1 s1=fng (4190,2355) [filtered=292]
cnt=1 s1=fng (4198,2349) [filtered=292]
cnt=1 s1=fng (4206,2343) [filtered=292]
cnt=1 s1=fng (4213,2336) [filtered=292]
cnt=1 s1=fng (4219,2329) [filtered=292]
cnt=1 s1=fng (4225,2323) [filtered=292]
cnt=1 s1=fng (4231,2316) [filtered=292]
cnt=1 s1=fng (4237,2309) [filtered=292]
cnt=1 s1=fng (4242,2301) [filtered=292]
cnt=1 s1=fng (4247,2294) [filtered=292]
cnt=1 s1=fng (4252,2286) [filtered=292]
cnt=1 s1=fng (4256,2278) [filtered=292]
cnt=1 s1=fng (4260,2270) [filtered=292]
cnt=1 s1=fng (4264,2263) [filtered=292]
cnt=1 s1=fng (4267,2254) [filtered=292]
cnt=1 s1=fng (4270,2245) [filtered=292]
cnt=1 s1=fng (4273,2237) [filtered=292]
cnt=1 s1=fng (4276,2229) [filtered=292]
cnt=1 s1=fng (4278,2221) [filtered=292]
cnt=1 s1=fng (4280,2213) [filtered=292]
cnt=1 s1=fng (4282,2205) [filtered=292]
cnt=1 s1=fng (4283,2196) [filtered=292]
cnt=1 s1=fng (4284,2187) [filtered=292]
cnt=1 s1=fng (4285,2178) [filtered=292]
cnt=1 s1=fng (4285,2169) [filtered=292]
cnt=1 s1=fng (4285,2160) [filtered=292]
cnt=1 s1=fng (4285,2148) [filtered=292]
cnt=1 s1=fng (4285,2136) [filtered=292]
cnt=1 s1=fng (4282,2123) [filtered=292]
cnt=2 s0=PALM(655,2511) s1=fng (4277,2107) [filtered=293]
cnt=2 s0=PALM(655,2511) s1=fng (4274,2092) [filtered=294]
cnt=2 s0=PALM(660,2507) s1=fng (4270,2075) [filtered=295]
cnt=2 s0=PALM(665,2505) s1=fng (4266,2058) [filtered=296]
cnt=2 s0=PALM(672,2502) s1=fng (4260,2040) [filtered=297]
cnt=2 s0=PALM(681,2497) s1=fng (4252,2019) [filtered=298]
cnt=2 s0=PALM(690,2493) s1=fng (4244,1999) [filtered=299]
cnt=2 s0=PALM(699,2489) s1=fng (4234,1979) [filtered=300]
cnt=2 s0=PALM(707,2486) s1=fng (4225,1959) [filtered=301]
cnt=2 s0=PALM(717,2481) s1=fng (4214,1939) [filtered=302]
cnt=2 s0=PALM(727,2476) s1=fng (4201,1921) [filtered=303]
cnt=2 s0=PALM(736,2472) s1=fng (4188,1903) [filtered=304]
cnt=2 s0=PALM(746,2468) s1=fng (4173,1885) [filtered=305]
cnt=2 s0=PALM(757,2463) s1=fng (4157,1869) [filtered=306]
cnt=2 s0=PALM(767,2459) s1=fng (4141,1853) [filtered=307]
cnt=2 s0=PALM(778,2453) s1=fng (4124,1839) [filtered=308]
cnt=2 s0=PALM(788,2448) s1=fng (4108,1825) [filtered=309]
cnt=2 s0=PALM(799,2440) s1=fng (4090,1812) [filtered=310]
cnt=2 s0=PALM(809,2433) s1=fng (4073,1799) [filtered=311]
cnt=2 s0=PALM(820,2423) s1=fng (4055,1788) [filtered=312]
cnt=2 s0=PALM(831,2411) s1=fng (4036,1778) [filtered=313]
cnt=2 s0=PALM(841,2400) s1=fng (4018,1768) [filtered=314]
cnt=2 s0=PALM(851,2386) s1=fng (3999,1759) [filtered=315]
cnt=2 s0=PALM(861,2373) s1=fng (3980,1750) [filtered=316]
cnt=2 s0=PALM(870,2356) s1=fng (3960,1742) [filtered=317]
cnt=2 s0=fng (879,2340) s1=fng (3940,1734) [filtered=317]
cnt=2 s0=fng (887,2321) s1=fng (3920,1726) [filtered=317]
cnt=2 s0=fng (895,2303) s1=fng (3900,1718) [filtered=317]
cnt=2 s0=fng (902,2282) s1=fng (3880,1711) [filtered=317]
cnt=2 s0=fng (908,2259) s1=fng (3860,1705) [filtered=317]
cnt=2 s0=fng (914,2237) s1=fng (3840,1699) [filtered=317]
cnt=2 s0=fng (918,2212) s1=fng (3820,1693) [filtered=317]
cnt=2 s0=fng (922,2188) s1=fng (3800,1687) [filtered=317]
cnt=2 s0=fng (925,2164) s1=fng (3780,1681) [filtered=317]
cnt=2 s0=fng (928,2140) s1=fng (3760,1675) [filtered=317]
cnt=2 s0=fng (930,2115) s1=fng (3740,1670) [filtered=317]
cnt=2 s0=fng (930,2089) s1=fng (3720,1666) [filtered=317]
cnt=2 s0=fng (930,2063) s1=fng (3700,1662) [filtered=317]
cnt=2 s0=fng (930,2038) s1=fng (3680,1659) [filtered=317]
cnt=2 s0=fng (930,2013) s1=fng (3660,1656) [filtered=317]
cnt=2 s0=fng (930,1988) s1=fng (3640,1653) [filtered=317]
cnt=2 s0=fng (930,1963) s1=fng (3622,1651) [filtered=317]
cnt=2 s0=fng (930,1938) s1=fng (3604,1649) [filtered=317]
cnt=2 s0=fng (930,1912) s1=fng (3586,1648) [filtered=317]
cnt=2 s0=fng (930,1886) s1=fng (3568,1647) [filtered=317]
cnt=2 s0=fng (927,1860) s1=fng (3552,1647) [filtered=317]
cnt=2 s0=fng (924,1834) s1=fng (3536,1647) [filtered=317]
cnt=2 s0=fng (920,1808) s1=fng (3521,1651) [filtered=317]
cnt=2 s0=fng (916,1782) s1=fng (3506,1655) [filtered=317]
cnt=2 s0=fng (911,1758) s1=fng (3493,1660) [filtered=317]
cnt=2 s0=fng (906,1734) s1=fng (3480,1665) [filtered=317]
cnt=2 s0=fng (900,1711) s1=fng (3468,1670) [filtered=317]
cnt=2 s0=fng (894,1688) s1=fng (3456,1675) [filtered=317]
cnt=2 s0=fng (887,1668) s1=fng (3446,1681) [filtered=317]
cnt=2 s0=fng (881,1648) s1=fng (3436,1687) [filtered=317]
cnt=2 s0=fng (875,1630) s1=fng (3428,1694) [filtered=317]
cnt=2 s0=fng (870,1612) s1=fng (3420,1701) [filtered=317]
cnt=2 s0=fng (863,1597) s1=fng (3414,1708) [filtered=317]
cnt=2 s0=fng (856,1582) s1=fng (3408,1715) [filtered=317]
cnt=2 s0=fng (849,1570) s1=fng (3404,1722) [filtered=317]
cnt=2 s0=fng (843,1558) s1=fng (3400,1729) [filtered=317]
cnt=2 s0=fng (835,1549) s1=fng (3397,1736) [filtered=317]
cnt=2 s0=fng (828,1540) s1=fng (3394,1743) [filtered=317]
cnt=2 s0=fng (820,1534) s1=fng (3392,1751) [filtered=317]
cnt=2 s0=fng (812,1528) s1=fng (3390,1758) [filtered=317]
cnt=2 s0=fng (804,1524) s1=fng (3390,1766) [filtered=317]
cnt=2 s0=fng (796,1520) s1=fng (3390,1773) [filtered=317]
cnt=2 s0=fng (789,1519) s1=fng (3390,1780) [filtered=317]
cnt=2 s0=fng (782,1518) s1=fng (3390,1786) [filtered=317]
cnt=2 s0=fng (775,1521) s1=fng (3390,1795) [filtered=317]
cnt=2 s0=fng (768,1524) s1=fng (3390,1803) [filtered=317]
cnt=2 s0=fng (762,1530) s1=fng (3393,1814) [filtered=317]
cnt=2 s0=fng (756,1536) s1=fng (3396,1824) [filtered=317]
cnt=2 s0=fng (750,1545) s1=fng (3400,1837) [filtered=317]
cnt=2 s0=fng (744,1554) s1=fng (3404,1849) [filtered=317]
cnt=2 s0=fng (738,1563) s1=fng (3408,1861) [filtered=317]
cnt=2 s0=fng (732,1576) s1=fng (3413,1876) [filtered=317]
cnt=2 s0=fng (726,1594) s1=fng (3420,1895) [filtered=317]
cnt=2 s0=fng (720,1612) s1=fng (3427,1913) [filtered=317]
cnt=2 s0=fng (714,1630) s1=fng (3434,1931) [filtered=317]
cnt=2 s0=fng (707,1653) s1=fng (3443,1955) [filtered=317]
cnt=2 s0=fng (700,1676) s1=fng (3452,1979) [filtered=317]
cnt=2 s0=fng (694,1705) s1=fng (3462,2007) [filtered=317]
cnt=2 s0=fng (688,1734) s1=fng (3472,2035) [filtered=317]
cnt=2 s0=fng (682,1763) s1=fng (3482,2063) [filtered=317]
cnt=2 s0=fng (676,1796) s1=fng (3494,2095) [filtered=317]
cnt=2 s0=fng (670,1828) s1=fng (3506,2127) [filtered=317]
cnt=2 s0=fng (665,1864) s1=fng (3519,2163) [filtered=317]
cnt=2 s0=fng (660,1899) s1=fng (3532,2199) [filtered=317]
cnt=2 s0=fng (655,1933) s1=fng (3545,2235) [filtered=317]
cnt=2 s0=fng (651,1971) s1=fng (3559,2274) [filtered=317]
cnt=2 s0=fng (647,2008) s1=fng (3573,2313) [filtered=317]
cnt=2 s0=fng (643,2047) s1=PALM(3588,2352) [filtered=318]
cnt=2 s0=fng (639,2086) s1=PALM(3603,2391) [filtered=319]
cnt=2 s0=fng (637,2125) s1=PALM(3618,2431) [filtered=320]
cnt=2 s0=fng (635,2163) s1=PALM(3633,2471) [filtered=321]
cnt=2 s0=fng (634,2199) s1=PALM(3647,2508) [filtered=322]
cnt=2 s0=fng (633,2235) s1=PALM(3660,2545) [filtered=323]
cnt=2 s0=fng (633,2268) s1=PALM(3672,2579) [filtered=324]
cnt=2 s0=fng (633,2301) s1=PALM(3684,2613) [filtered=325]
cnt=2 s0=fng (636,2331) s1=PALM(3694,2643) [filtered=326]
cnt=2 s0=PALM(639,2361) s1=PALM(3703,2673) [filtered=327]
cnt=2 s0=PALM(642,2391) s1=PALM(3712,2703) [filtered=328]
cnt=2 s0=PALM(647,2417) s1=PALM(3719,2729) [filtered=329]
cnt=2 s0=PALM(652,2443) s1=PALM(3725,2755) [filtered=330]
cnt=2 s0=PALM(657,2467) s1=PALM(3730,2777) [filtered=331]
cnt=2 s0=PALM(662,2491) s1=PALM(3735,2799) [filtered=332]
cnt=2 s0=PALM(668,2512) s1=PALM(3738,2817) [filtered=333]
cnt=2 s0=PALM(675,2530) s1=PALM(3739,2831) [filtered=334]
cnt=2 s0=PALM(682,2548) s1=PALM(3740,2845) [filtered=335]
cnt=3 s0=PALM(689,2564) s1=PALM(3740,2856) s2=fng (1277,817) [filtered=336]
cnt=3 s0=PALM(696,2580) s1=PALM(3740,2867) s2=fng (1277,817) [filtered=337]
cnt=3 s0=PALM(703,2593) s1=PALM(3740,2875) s2=fng (1277,817) [filtered=338]
cnt=3 s0=PALM(710,2606) s1=PALM(3740,2883) s2=fng (1277,817) [filtered=339]
cnt=2 s0=PALM(717,2617) s1=PALM(3740,2889) [filtered=340]
cnt=2 s0=PALM(724,2628) s1=PALM(3740,2895) [filtered=341]
cnt=2 s0=PALM(730,2637) s1=PALM(3737,2899) [filtered=342]
cnt=2 s0=PALM(735,2646) s1=PALM(3734,2903) [filtered=343]
cnt=2 s0=PALM(741,2653) s1=PALM(3731,2906) [filtered=344]
cnt=2 s0=PALM(746,2660) s1=PALM(3730,2909) [filtered=345]
cnt=2 s0=PALM(751,2666) s1=PALM(3728,2911) [filtered=346]
cnt=2 s0=PALM(755,2672) s1=PALM(3727,2913) [filtered=347]
cnt=2 s0=PALM(759,2676) s1=PALM(3725,2914) [filtered=348]
cnt=2 s0=PALM(763,2680) s1=PALM(3724,2915) [filtered=349]
cnt=2 s0=PALM(767,2683) s1=PALM(3722,2915) [filtered=350]
cnt=2 s0=PALM(771,2686) s1=PALM(3721,2915) [filtered=351]
cnt=2 s0=PALM(775,2689) s1=PALM(3721,2915) [filtered=352]
cnt=2 s0=PALM(779,2691) s1=PALM(3719,2915) [filtered=353]
cnt=2 s0=PALM(783,2693) s1=PALM(3718,2915) [filtered=354]
cnt=2 s0=PALM(786,2694) s1=PALM(3715,2915) [filtered=355]
cnt=2 s0=PALM(789,2695) s1=PALM(3713,2915) [filtered=356]
cnt=2 s0=PALM(792,2695) s1=PALM(3711,2912) [filtered=357]
cnt=2 s0=PALM(795,2695) s1=PALM(3709,2909) [filtered=358]
cnt=2 s0=PALM(797,2695) s1=PALM(3705,2905) [filtered=359]
cnt=2 s0=PALM(799,2695) s1=PALM(3702,2901) [filtered=360]
cnt=2 s0=PALM(801,2692) s1=PALM(3699,2896) [filtered=361]
cnt=2 s0=PALM(803,2689) s1=PALM(3696,2891) [filtered=362]
cnt=2 s0=PALM(805,2686) s1=PALM(3693,2886) [filtered=363]
cnt=2 s0=PALM(806,2682) s1=PALM(3690,2880) [filtered=364]
cnt=2 s0=PALM(807,2678) s1=PALM(3687,2874) [filtered=365]
cnt=2 s0=PALM(808,2673) s1=PALM(3683,2867) [filtered=366]
cnt=2 s0=PALM(809,2668) s1=PALM(3679,2860) [filtered=367]
cnt=2 s0=PALM(809,2663) s1=PALM(3675,2852) [filtered=368]
cnt=2 s0=PALM(809,2658) s1=PALM(3671,2844) [filtered=369]
cnt=2 s0=PALM(809,2653) s1=PALM(3667,2836) [filtered=370]
cnt=2 s0=PALM(809,2648) s1=PALM(3662,2827) [filtered=371]
cnt=2 s0=PALM(809,2643) s1=PALM(3657,2818) [filtered=372]
cnt=2 s0=PALM(809,2637) s1=PALM(3651,2807) [filtered=373]
cnt=2 s0=PALM(809,2631) s1=PALM(3645,2796) [filtered=374]
cnt=2 s0=PALM(809,2625) s1=PALM(3639,2785) [filtered=375]
cnt=2 s0=PALM(809,2618) s1=PALM(3633,2773) [filtered=376]
cnt=2 s0=PALM(809,2611) s1=PALM(3627,2761) [filtered=377]
cnt=2 s0=PALM(809,2602) s1=PALM(3621,2748) [filtered=378]
cnt=2 s0=PALM(809,2593) s1=PALM(3615,2735) [filtered=379]
cnt=2 s0=PALM(806,2582) s1=PALM(3609,2722) [filtered=380]
cnt=2 s0=PALM(803,2571) s1=PALM(3603,2709) [filtered=381]
cnt=2 s0=PALM(800,2560) s1=PALM(3597,2696) [filtered=382]
cnt=2 s0=PALM(796,2547) s1=PALM(3592,2682) [filtered=383]
cnt=2 s0=PALM(792,2534) s1=PALM(3587,2668) [filtered=384]
cnt=3 s0=PALM(788,2519) s1=PALM(3583,2654) s2=fng (1439,441) [filtered=385]
cnt=3 s0=PALM(785,2504) s1=PALM(3579,2640) s2=fng (1439,441) [filtered=386]
cnt=3 s0=PALM(780,2487) s1=PALM(3575,2626) s2=fng (1436,437) [filtered=387]
cnt=3 s0=PALM(776,2470) s1=PALM(3571,2612) s2=fng (1434,434) [filtered=388]
cnt=3 s0=PALM(772,2453) s1=PALM(3567,2598) s2=fng (1432,432) [filtered=389]
cnt=3 s0=PALM(767,2434) s1=PALM(3564,2584) s2=fng (1427,426) [filtered=390]
cnt=3 s0=PALM(762,2416) s1=PALM(3561,2570) s2=fng (1423,421) [filtered=391]
cnt=3 s0=PALM(755,2396) s1=PALM(3559,2557) s2=fng (1416,413) [filtered=392]
cnt=3 s0=PALM(749,2377) s1=PALM(3557,2544) s2=fng (1410,406) [filtered=393]
cnt=3 s0=PALM(740,2357) s1=PALM(3556,2531) s2=fng (1399,396) [filtered=394]
cnt=3 s0=fng (732,2338) s1=PALM(3555,2518) s2=fng (1389,387) [filtered=395]
cnt=3 s0=fng (724,2319) s1=PALM(3554,2505) s2=fng (1379,378) [filtered=396]
cnt=3 s0=fng (713,2299) s1=PALM(3554,2492) s2=fng (1367,368) [filtered=397]
cnt=3 s0=fng (702,2280) s1=PALM(3554,2479) s2=fng (1355,358) [filtered=398]
cnt=3 s0=fng (688,2259) s1=PALM(3554,2466) s2=fng (1343,349) [filtered=399]
cnt=3 s0=fng (674,2239) s1=PALM(3554,2453) s2=fng (1331,340) [filtered=400]
cnt=3 s0=fng (658,2219) s1=PALM(3558,2440) s2=fng (1321,332) [filtered=401]
cnt=3 s0=fng (642,2199) s1=PALM(3562,2427) s2=fng (1311,324) [filtered=402]
cnt=2 s0=fng (625,2181) s1=PALM(3568,2414) [filtered=403]
cnt=2 s0=fng (608,2163) s1=PALM(3574,2401) [filtered=404]
cnt=2 s0=fng (590,2145) s1=PALM(3582,2388) [filtered=405]
cnt=2 s0=fng (572,2127) s1=PALM(3590,2375) [filtered=406]
cnt=2 s0=fng (554,2110) s1=PALM(3600,2361) [filtered=407]
cnt=2 s0=fng (536,2093) s1=fng (3610,2347) [filtered=407]
cnt=2 s0=fng (517,2077) s1=fng (3622,2333) [filtered=407]
cnt=2 s0=fng (498,2063) s1=fng (3636,2318) [filtered=407]
cnt=2 s0=fng (479,2049) s1=fng (3649,2303) [filtered=407]
cnt=2 s0=fng (460,2035) s1=fng (3663,2288) [filtered=407]
cnt=2 s0=fng (441,2021) s1=fng (3676,2273) [filtered=407]
cnt=2 s0=fng (421,2008) s1=fng (3692,2258) [filtered=407]
cnt=2 s0=fng (401,1996) s1=fng (3708,2243) [filtered=407]
cnt=2 s0=fng (381,1984) s1=fng (3723,2228) [filtered=407]
cnt=2 s0=fng (361,1974) s1=fng (3739,2214) [filtered=407]
cnt=2 s0=fng (341,1965) s1=fng (3755,2200) [filtered=407]
cnt=2 s0=fng (321,1956) s1=fng (3770,2186) [filtered=407]
cnt=2 s0=fng (300,1949) s1=fng (3786,2172) [filtered=407]
cnt=2 s0=fng (280,1943) s1=fng (3802,2158) [filtered=407]
cnt=2 s0=fng (260,1937) s1=fng (3817,2144) [filtered=407]
cnt=2 s0=fng (241,1931) s1=fng (3832,2131) [filtered=407]
cnt=2 s0=fng (224,1925) s1=fng (3848,2118) [filtered=407]
cnt=2 s0=fng (209,1919) s1=fng (3864,2105) [filtered=407]
cnt=2 s0=fng (194,1913) s1=fng (3879,2092) [filtered=407]
cnt=2 s0=PALM(180,1905) s1=fng (3896,2078) [filtered=408]
cnt=2 s0=PALM(168,1897) s1=fng (3912,2065) [filtered=409]
cnt=2 s0=PALM(158,1888) s1=fng (3928,2052) [filtered=410]
cnt=2 s0=PALM(148,1879) s1=fng (3943,2040) [filtered=411]
cnt=2 s0=PALM(148,1879) s1=fng (3956,2028) [filtered=412]
cnt=1 s1=fng (3956,2028) [filtered=412]
cnt=1 s1=fng (3969,2018) [filtered=412]
cnt=1 s1=fng (3980,2009) [filtered=412]
cnt=1 s1=fng (3990,2000) [filtered=412]
cnt=1 s1=fng (3999,1992) [filtered=412]
cnt=1 s1=fng (4008,1985) [filtered=412]
cnt=1 s1=fng (4017,1978) [filtered=412]
cnt=1 s1=fng (4025,1971) [filtered=412]
cnt=1 s1=fng (4032,1966) [filtered=412]
cnt=1 s1=fng (4039,1962) [filtered=412]
cnt=1 s1=fng (4046,1958) [filtered=412]
cnt=1 s1=fng (4053,1954) [filtered=412]
cnt=1 s1=fng (4060,1950) [filtered=412]
cnt=1 s1=fng (4066,1947) [filtered=412]
cnt=1 s1=fng (4071,1944) [filtered=412]
cnt=1 s1=fng (4076,1941) [filtered=412]
cnt=1 s1=fng (4081,1938) [filtered=412]
cnt=1 s1=fng (4085,1936) [filtered=412]
cnt=1 s1=fng (4090,1935) [filtered=412]
cnt=1 s1=fng (4095,1933) [filtered=412]
cnt=1 s1=fng (4100,1931) [filtered=412]
cnt=1 s1=fng (4104,1930) [filtered=412]
cnt=1 s1=fng (4107,1929) [filtered=412]
cnt=1 s1=fng (4110,1928) [filtered=412]
cnt=1 s1=fng (4112,1926) [filtered=412]
cnt=1 s1=fng (4114,1925) [filtered=412]
cnt=1 s1=fng (4116,1924) [filtered=412]
cnt=1 s1=fng (4117,1923) [filtered=412]
cnt=1 s1=fng (4118,1922) [filtered=412]
cnt=1 s1=fng (4120,1921) [filtered=412]
cnt=1 s1=fng (4121,1921) [filtered=412]
cnt=1 s1=fng (4122,1921) [filtered=412]
cnt=1 s1=fng (4123,1921) [filtered=412]
cnt=1 s1=fng (4123,1921) [filtered=412]
cnt=1 s1=fng (4123,1921) [filtered=412]
cnt=1 s1=fng (4123,1921) [filtered=412]
cnt=1 s1=fng (4123,1922) [filtered=412]
cnt=1 s1=fng (4122,1923) [filtered=412]
cnt=1 s1=fng (4122,1923) [filtered=412]
cnt=1 s1=fng (4121,1924) [filtered=412]
cnt=1 s1=fng (4119,1926) [filtered=412]
cnt=1 s1=fng (4117,1929) [filtered=412]
cnt=1 s1=fng (4116,1931) [filtered=412]
cnt=1 s1=fng (4114,1935) [filtered=412]
cnt=1 s1=fng (4112,1939) [filtered=412]
cnt=1 s1=fng (4109,1944) [filtered=412]
cnt=1 s1=fng (4107,1948) [filtered=412]
cnt=2 s0=PALM(279,2350) s1=fng (4104,1953) [filtered=413]
cnt=2 s0=PALM(279,2350) s1=fng (4101,1959) [filtered=414]
cnt=2 s0=PALM(279,2350) s1=fng (4099,1964) [filtered=415]
cnt=2 s0=PALM(279,2350) s1=fng (4095,1971) [filtered=416]
cnt=2 s0=PALM(279,2350) s1=fng (4091,1978) [filtered=417]
cnt=2 s0=PALM(279,2350) s1=fng (4088,1984) [filtered=418]
cnt=2 s0=PALM(279,2350) s1=fng (4085,1992) [filtered=419]
cnt=2 s0=PALM(279,2350) s1=fng (4081,2001) [filtered=420]
cnt=2 s0=PALM(279,2350) s1=fng (4077,2011) [filtered=421]
cnt=2 s0=PALM(279,2350) s1=fng (4074,2021) [filtered=422]
cnt=2 s0=PALM(283,2354) s1=fng (4071,2031) [filtered=423]
cnt=2 s0=PALM(289,2360) s1=fng (4069,2042) [filtered=424]
cnt=2 s0=PALM(295,2366) s1=fng (4067,2052) [filtered=425]
cnt=2 s0=PALM(303,2375) s1=fng (4065,2064) [filtered=426]
cnt=2 s0=PALM(313,2385) s1=fng (4064,2076) [filtered=427]
cnt=2 s0=PALM(322,2394) s1=fng (4063,2087) [filtered=428]
cnt=2 s0=PALM(332,2405) s1=fng (4063,2100) [filtered=429]
cnt=2 s0=PALM(342,2417) s1=fng (4063,2113) [filtered=430]
cnt=2 s0=PALM(351,2428) s1=fng (4063,2125) [filtered=431]
cnt=2 s0=PALM(359,2439) s1=fng (4063,2139) [filtered=432]
cnt=3 s0=PALM(367,2449) s1=fng (4064,2155) s2=PALM(442,2551) [filtered=433]
cnt=2 s1=fng (4065,2171) s2=PALM(442,2551) [filtered=434]
cnt=2 s1=fng (4065,2186) s2=PALM(442,2551) [filtered=435]
cnt=1 s1=fng (4066,2201) [filtered=435]
cnt=1 s1=fng (4067,2215) [filtered=435]
cnt=1 s1=fng (4068,2228) [filtered=435]
cnt=1 s1=fng (4069,2240) [filtered=435]
cnt=1 s1=fng (4070,2251) [filtered=435]
cnt=1 s1=fng (4071,2262) [filtered=435]
cnt=1 s1=fng (4072,2273) [filtered=435]
cnt=1 s1=fng (4073,2283) [filtered=435]
cnt=1 s1=fng (4074,2293) [filtered=435]
cnt=1 s1=fng (4075,2304) [filtered=435]
cnt=1 s1=fng (4076,2315) [filtered=435]
cnt=1 s1=fng (4077,2326) [filtered=435]
cnt=1 s1=fng (4078,2337) [filtered=435]
cnt=1 s1=fng (4078,2349) [filtered=435]
cnt=1 s1=fng (4079,2361) [filtered=435]
cnt=1 s1=fng (4079,2373) [filtered=435]
cnt=1 s1=fng (4080,2385) [filtered=435]
cnt=1 s1=fng (4080,2396) [filtered=435]
cnt=1 s1=fng (4081,2408) [filtered=435]
cnt=1 s1=fng (4081,2420) [filtered=435]
cnt=1 s1=fng (4082,2431) [filtered=435]
cnt=1 s1=fng (4082,2441) [filtered=435]
cnt=2 s0=fng (381,2340) s1=PALM(4082,2451) [filtered=436]
cnt=2 s0=fng (380,2340) s1=PALM(4083,2461) [filtered=437]
cnt=2 s0=fng (379,2338) s1=PALM(4084,2471) [filtered=438]
cnt=2 s0=fng (378,2337) s1=PALM(4084,2480) [filtered=439]
cnt=2 s0=fng (377,2334) s1=PALM(4085,2488) [filtered=440]
cnt=2 s0=fng (376,2328) s1=PALM(4086,2496) [filtered=441]
cnt=2 s0=fng (376,2323) s1=PALM(4086,2504) [filtered=442]
cnt=2 s0=fng (375,2316) s1=PALM(4086,2511) [filtered=443]
cnt=2 s0=fng (374,2306) s1=PALM(4087,2517) [filtered=444]
cnt=2 s0=fng (374,2296) s1=PALM(4087,2523) [filtered=445]
cnt=2 s0=fng (373,2283) s1=PALM(4087,2529) [filtered=446]
cnt=2 s0=fng (370,2269) s1=PALM(4087,2533) [filtered=447]
cnt=2 s0=fng (366,2255) s1=PALM(4088,2536) [filtered=448]
cnt=2 s0=fng (363,2241) s1=PALM(4088,2539) [filtered=449]
cnt=2 s0=fng (358,2227) s1=PALM(4088,2540) [filtered=450]
cnt=2 s0=fng (351,2214) s1=PALM(4088,2540) [filtered=451]
cnt=2 s0=fng (344,2202) s1=PALM(4088,2540) [filtered=452]
cnt=2 s0=fng (335,2190) s1=PALM(4088,2540) [filtered=453]
cnt=2 s0=fng (325,2180) s1=PALM(4088,2536) [filtered=454]
cnt=2 s0=fng (316,2171) s1=PALM(4088,2532) [filtered=455]
cnt=2 s0=fng (306,2162) s1=PALM(4088,2527) [filtered=456]
cnt=2 s0=fng (297,2152) s1=PALM(4087,2521) [filtered=457]
cnt=2 s0=fng (297,2152) s1=PALM(4087,2513) [filtered=458]
cnt=1 s1=fng (4087,2513) [filtered=458]
cnt=1 s1=fng (4087,2506) [filtered=458]
cnt=1 s1=fng (4087,2497) [filtered=458]
cnt=1 s1=fng (4087,2487) [filtered=458]
cnt=1 s1=fng (4088,2475) [filtered=458]
cnt=1 s1=fng (4088,2464) [filtered=458]
cnt=1 s1=fng (4089,2451) [filtered=458]
cnt=1 s1=fng (4090,2438) [filtered=458]
cnt=1 s1=fng (4091,2423) [filtered=458]
cnt=1 s1=fng (4093,2407) [filtered=458]
cnt=1 s1=fng (4094,2392) [filtered=458]
cnt=1 s1=fng (4095,2375) [filtered=458]
cnt=1 s1=fng (4096,2358) [filtered=458]
cnt=1 s1=fng (4098,2339) [filtered=458]
cnt=1 s1=fng (4099,2321) [filtered=458]
cnt=2 s0=fng (213,2232) s1=fng (4100,2299) [filtered=458]
cnt=2 s0=fng (213,2232) s1=fng (4101,2274) [filtered=458]
cnt=2 s0=fng (213,2232) s1=fng (4101,2250) [filtered=458]
cnt=2 s0=fng (213,2232) s1=fng (4102,2223) [filtered=458]
cnt=2 s0=fng (213,2232) s1=fng (4103,2197) [filtered=458]
cnt=2 s0=fng (213,2232) s1=fng (4103,2173) [filtered=458]
cnt=2 s0=fng (213,2232) s1=fng (4104,2148) [filtered=458]
cnt=2 s0=fng (213,2232) s1=fng (4104,2124) [filtered=458]
cnt=2 s0=fng (213,2232) s1=fng (4104,2100) [filtered=458]
cnt=2 s0=fng (213,2232) s1=fng (4104,2076) [filtered=458]
cnt=2 s0=fng (213,2232) s1=fng (4105,2054) [filtered=458]
cnt=2 s0=fng (217,2235) s1=fng (4106,2033) [filtered=458]
cnt=2 s0=fng (219,2236) s1=fng (4107,2012) [filtered=458]
cnt=2 s0=fng (225,2241) s1=fng (4108,1993) [filtered=458]
cnt=2 s0=fng (230,2245) s1=fng (4109,1974) [filtered=458]
cnt=2 s0=fng (237,2250) s1=fng (4111,1956) [filtered=458]
cnt=2 s0=fng (243,2254) s1=fng (4112,1938) [filtered=458]
cnt=2 s0=fng (252,2261) s1=fng (4115,1922) [filtered=458]
cnt=2 s0=fng (261,2270) s1=fng (4118,1908) [filtered=458]
cnt=2 s0=fng (269,2279) s1=fng (4120,1894) [filtered=458]
cnt=2 s0=fng (278,2288) s1=fng (4123,1882) [filtered=458]
cnt=2 s0=fng (286,2296) s1=fng (4125,1870) [filtered=458]
cnt=2 s0=fng (292,2306) s1=fng (4128,1860) [filtered=458]
cnt=2 s0=fng (298,2315) s1=fng (4130,1850) [filtered=458]
cnt=2 s0=fng (303,2326) s1=fng (4134,1842) [filtered=458]
cnt=2 s0=fng (308,2336) s1=fng (4137,1834) [filtered=458]
cnt=2 s0=fng (312,2346) s1=fng (4142,1828) [filtered=458]
cnt=2 s0=PALM(314,2358) s1=fng (4147,1824) [filtered=459]
cnt=2 s0=PALM(316,2369) s1=fng (4151,1820) [filtered=460]
cnt=2 s0=PALM(316,2380) s1=fng (4157,1817) [filtered=461]
cnt=2 s0=PALM(316,2392) s1=fng (4164,1815) [filtered=462]
cnt=2 s0=PALM(313,2403) s1=fng (4172,1815) [filtered=463]
cnt=2 s0=PALM(310,2413) s1=fng (4180,1815) [filtered=464]
cnt=2 s0=PALM(307,2425) s1=fng (4190,1815) [filtered=465]
cnt=2 s0=PALM(303,2436) s1=fng (4200,1819) [filtered=466]
cnt=2 s0=PALM(299,2446) s1=fng (4211,1825) [filtered=467]
cnt=2 s0=PALM(297,2455) s1=fng (4222,1831) [filtered=468]
cnt=2 s0=PALM(295,2462) s1=fng (4234,1837) [filtered=469]
cnt=2 s0=PALM(295,2462) s1=fng (4246,1843) [filtered=470]
cnt=1 s1=fng (4246,1843) [filtered=470]
cnt=1 s1=fng (4257,1850) [filtered=470]
cnt=1 s1=fng (4268,1856) [filtered=470]
cnt=1 s1=fng (4278,1862) [filtered=470]
cnt=1 s1=fng (4287,1868) [filtered=470]
cnt=1 s1=fng (4296,1875) [filtered=470]
cnt=1 s1=fng (4304,1882) [filtered=470]
cnt=1 s1=fng (4312,1889) [filtered=470]
cnt=1 s1=fng (4320,1896) [filtered=470]
cnt=1 s1=fng (4328,1903) [filtered=470]
cnt=1 s1=fng (4336,1910) [filtered=470]
cnt=1 s1=fng (4344,1917) [filtered=470]
cnt=1 s1=fng (4352,1924) [filtered=470]
cnt=1 s1=fng (4359,1931) [filtered=470]
cnt=1 s1=fng (4366,1938) [filtered=470]
cnt=1 s1=fng (4374,1945) [filtered=470]
cnt=1 s1=fng (4382,1952) [filtered=470]
cnt=1 s1=fng (4390,1959) [filtered=470]
cnt=1 s1=fng (4397,1966) [filtered=470]
cnt=1 s1=fng (4404,1973) [filtered=470]
cnt=1 s1=fng (4412,1981) [filtered=470]
cnt=1 s1=fng (4420,1989) [filtered=470]
cnt=1 s1=fng (4428,1997) [filtered=470]
cnt=1 s1=fng (4435,2004) [filtered=470]
cnt=1 s1=fng (4441,2011) [filtered=470]
cnt=1 s1=fng (4448,2018) [filtered=470]
cnt=2 s0=PALM(38,2212) s1=fng (4454,2025) [filtered=471]
cnt=2 s0=PALM(38,2212) s1=fng (4459,2031) [filtered=472]
cnt=2 s0=PALM(38,2212) s1=fng (4463,2036) [filtered=473]
cnt=2 s0=PALM(38,2212) s1=fng (4467,2041) [filtered=474]
cnt=2 s0=PALM(38,2212) s1=fng (4472,2047) [filtered=475]
cnt=2 s0=PALM(38,2212) s1=fng (4475,2052) [filtered=476]
cnt=2 s0=PALM(38,2212) s1=fng (4478,2055) [filtered=477]
cnt=2 s0=PALM(38,2212) s1=fng (4480,2059) [filtered=478]
cnt=2 s0=PALM(38,2212) s1=fng (4481,2063) [filtered=479]
cnt=2 s0=PALM(38,2212) s1=fng (4481,2066) [filtered=480]
cnt=2 s0=PALM(38,2212) s1=fng (4481,2068) [filtered=481]
cnt=2 s0=PALM(38,2212) s1=fng (4480,2069) [filtered=482]
cnt=2 s0=PALM(38,2212) s1=fng (4479,2070) [filtered=483]
cnt=2 s0=PALM(38,2212) s1=fng (4478,2071) [filtered=484]
cnt=1 s1=fng (4478,2071) [filtered=484]
cnt=1 s1=fng (4476,2071) [filtered=484]
cnt=1 s1=fng (4475,2071) [filtered=484]
cnt=1 s1=fng (4473,2072) [filtered=484]
cnt=1 s1=fng (4471,2073) [filtered=484]
cnt=1 s1=fng (4468,2074) [filtered=484]
cnt=1 s1=fng (4465,2075) [filtered=484]
cnt=1 s1=fng (4463,2075) [filtered=484]
cnt=1 s1=fng (4460,2076) [filtered=484]
cnt=1 s1=fng (4457,2077) [filtered=484]
cnt=1 s1=fng (4453,2078) [filtered=484]
cnt=1 s1=fng (4450,2079) [filtered=484]
cnt=1 s1=fng (4446,2080) [filtered=484]
cnt=1 s1=fng (4442,2081) [filtered=484]
cnt=1 s1=fng (4437,2082) [filtered=484]
cnt=1 s1=fng (4432,2083) [filtered=484]
cnt=1 s1=fng (4428,2083) [filtered=484]
cnt=1 s1=fng (4423,2083) [filtered=484]
cnt=1 s1=fng (4418,2084) [filtered=484]
cnt=1 s1=fng (4413,2085) [filtered=484]
cnt=1 s1=fng (4409,2085) [filtered=484]
cnt=1 s1=fng (4404,2085) [filtered=484]
cnt=1 s1=fng (4399,2086) [filtered=484]
cnt=1 s1=fng (4394,2086) [filtered=484]
cnt=1 s1=fng (4390,2086) [filtered=484]
cnt=1 s1=fng (4384,2086) [filtered=484]
cnt=2 s0=PALM(52,2082) s1=fng (4379,2087) [filtered=485]
cnt=2 s0=PALM(52,2082) s1=fng (4375,2087) [filtered=486]
cnt=2 s0=PALM(52,2082) s1=fng (4370,2087) [filtered=487]
cnt=2 s0=PALM(52,2082) s1=fng (4365,2088) [filtered=488]
cnt=2 s0=PALM(52,2082) s1=fng (4360,2089) [filtered=489]
cnt=2 s0=PALM(52,2082) s1=fng (4356,2089) [filtered=490]
cnt=2 s0=PALM(52,2082) s1=fng (4352,2089) [filtered=491]
cnt=2 s0=PALM(52,2082) s1=fng (4349,2089) [filtered=492]
cnt=2 s0=PALM(52,2082) s1=fng (4347,2090) [filtered=493]
cnt=2 s0=PALM(52,2082) s1=fng (4344,2090) [filtered=494]
cnt=2 s0=PALM(52,2082) s1=fng (4342,2090) [filtered=495]
cnt=2 s0=PALM(52,2082) s1=fng (4340,2091) [filtered=496]
cnt=2 s0=PALM(52,2082) s1=fng (4338,2091) [filtered=497]
cnt=2 s0=PALM(52,2082) s1=fng (4336,2091) [filtered=498]
cnt=3 s0=PALM(52,2082) s1=fng (4334,2092) s2=fng (996,280) [filtered=499]
cnt=3 s0=PALM(52,2082) s1=fng (4333,2092) s2=fng (996,280) [filtered=500]
cnt=3 s0=PALM(52,2082) s1=fng (4332,2093) s2=fng (996,281) [filtered=501]
cnt=3 s0=PALM(52,2082) s1=fng (4331,2093) s2=fng (996,281) [filtered=502]
cnt=3 s0=PALM(52,2082) s1=fng (4330,2093) s2=fng (996,282) [filtered=503]
cnt=3 s0=PALM(52,2082) s1=fng (4330,2094) s2=fng (996,283) [filtered=504]
cnt=3 s0=PALM(52,2082) s1=fng (4330,2094) s2=fng (996,283) [filtered=505]
cnt=3 s0=PALM(52,2082) s1=fng (4330,2094) s2=fng (996,284) [filtered=506]
cnt=3 s0=PALM(52,2082) s1=fng (4331,2095) s2=fng (996,285) [filtered=507]
cnt=3 s0=PALM(52,2082) s1=fng (4331,2095) s2=fng (996,286) [filtered=508]
cnt=3 s0=PALM(52,2082) s1=fng (4331,2095) s2=fng (995,287) [filtered=509]
cnt=3 s0=PALM(52,2082) s1=fng (4332,2096) s2=fng (995,287) [filtered=510]
cnt=3 s0=PALM(52,2082) s1=fng (4333,2097) s2=fng (995,287) [filtered=511]
cnt=3 s0=PALM(52,2082) s1=fng (4334,2098) s2=fng (995,287) [filtered=512]
cnt=2 s0=PALM(52,2082) s1=fng (4336,2100) [filtered=513]
cnt=2 s0=PALM(52,2082) s1=fng (4338,2102) [filtered=514]
cnt=2 s0=PALM(52,2082)* s1=fng (4339,2103) [filtered=515]
cnt=2 s0=PALM(52,2082)* s1=fng (4342,2106) [filtered=516]
cnt=2 s0=PALM(52,2082)* s1=fng (4346,2109) [filtered=517]
cnt=1 s1=fng (4346,2109) [filtered=517]
cnt=1 s1=fng (4350,2113) [filtered=517]
cnt=1 s1=fng (4354,2117) [filtered=517]
cnt=1 s1=fng (4359,2121) [filtered=517]
cnt=1 s1=fng (4363,2123) [filtered=517]
cnt=1 s1=fng (4368,2126) [filtered=517]
cnt=1 s1=fng (4373,2129) [filtered=517]
cnt=1 s1=fng (4378,2132) [filtered=517]
cnt=1 s1=fng (4382,2134) [filtered=517]
cnt=1 s1=fng (4387,2137) [filtered=517]
cnt=1 s1=fng (4392,2139) [filtered=517]
cnt=1 s1=fng (4397,2141) [filtered=517]
cnt=1 s1=fng (4402,2143) [filtered=517]
cnt=1 s1=fng (4406,2143) [filtered=517]
cnt=1 s1=fng (4411,2145) [filtered=517]
cnt=1 s1=fng (4416,2147) [filtered=517]
cnt=1 s1=fng (4421,2148) [filtered=517]
cnt=1 s1=fng (4426,2149) [filtered=517]
cnt=1 s1=fng (4431,2150) [filtered=517]
cnt=1 s1=fng (4436,2150) [filtered=517]
cnt=1 s1=fng (4441,2151) [filtered=517]
cnt=1 s1=fng (4447,2151) [filtered=517]
cnt=1 s1=fng (4453,2152) [filtered=517]
cnt=1 s1=fng (4459,2152) [filtered=517]
cnt=1 s1=fng (4465,2153) [filtered=517]
cnt=1 s1=fng (4471,2154) [filtered=517]
cnt=1 s1=fng (4476,2154) [filtered=517]
cnt=1 s1=fng (4480,2154) [filtered=517]
cnt=1 s1=fng (4485,2155) [filtered=517]
cnt=1 s0=fng (4568,2170) [filtered=517]
cnt=1 s0=fng (4569,2170) [filtered=517]
cnt=1 s0=fng (4569,2170) [filtered=517]
cnt=1 s0=fng (4570,2171) [filtered=517]
cnt=1 s0=fng (4571,2172) [filtered=517]
cnt=1 s0=fng (4572,2173) [filtered=517]
cnt=1 s0=fng (4573,2174) [filtered=517]
cnt=1 s0=fng (4574,2175) [filtered=517]
cnt=1 s0=fng (4574,2175) [filtered=517]
cnt=1 s0=fng (4590,2099) [filtered=517]
cnt=1 s0=fng (4590,2099) [filtered=517]
cnt=1 s0=fng (4590,2099) [filtered=517]
cnt=1 s0=fng (4590,2099) [filtered=517]
cnt=1 s0=fng (4585,2096) [filtered=517]
cnt=1 s0=fng (4578,2091) [filtered=517]
cnt=1 s0=fng (4567,2084) [filtered=517]
cnt=1 s0=fng (4557,2079) [filtered=517]
cnt=1 s0=fng (4546,2072) [filtered=517]
cnt=1 s0=fng (4534,2065) [filtered=517]
cnt=1 s0=fng (4522,2058) [filtered=517]
cnt=1 s0=fng (4510,2052) [filtered=517]
cnt=1 s0=fng (4498,2045) [filtered=517]
cnt=1 s0=fng (4487,2039) [filtered=517]
cnt=1 s0=fng (4477,2033) [filtered=517]
cnt=1 s0=fng (4468,2028) [filtered=517]
cnt=1 s0=fng (4460,2024) [filtered=517]
cnt=1 s0=fng (4451,2020) [filtered=517]
cnt=1 s0=fng (4443,2016) [filtered=517]
cnt=1 s0=fng (4437,2013) [filtered=517]
cnt=1 s0=fng (4432,2010) [filtered=517]
cnt=1 s0=fng (4428,2008) [filtered=517]
cnt=1 s0=fng (4424,2006) [filtered=517]
cnt=1 s0=fng (4419,2003) [filtered=517]
cnt=1 s0=fng (4414,2000) [filtered=517]
cnt=1 s0=fng (4410,1998) [filtered=517]
cnt=1 s0=fng (4406,1994) [filtered=517]
cnt=1 s0=fng (4401,1989) [filtered=517]
cnt=1 s0=fng (4394,1984) [filtered=517]
cnt=1 s0=fng (4388,1979) [filtered=517]
cnt=1 s0=fng (4379,1973) [filtered=517]
cnt=2 s0=fng (4367,1965) s1=PALM(162,1973) [filtered=518]
cnt=2 s0=fng (4356,1958) s1=PALM(162,1973) [filtered=519]
cnt=2 s0=fng (4343,1949) s1=PALM(163,1972) [filtered=520]
cnt=2 s0=fng (4328,1940) s1=PALM(166,1971) [filtered=521]
cnt=2 s0=fng (4314,1932) s1=PALM(168,1970) [filtered=522]
cnt=2 s0=fng (4298,1922) s1=PALM(173,1968) [filtered=523]
cnt=2 s0=fng (4283,1913) s1=PALM(177,1967) [filtered=524]
cnt=2 s0=fng (4269,1905) s1=PALM(183,1964) [filtered=525]
cnt=2 s0=fng (4254,1897) s1=fng (192,1958) [filtered=525]
cnt=2 s0=fng (4240,1889) s1=fng (201,1953) [filtered=525]
cnt=2 s0=fng (4227,1882) s1=fng (212,1947) [filtered=525]
cnt=2 s0=fng (4214,1876) s1=fng (225,1940) [filtered=525]
cnt=2 s0=fng (4202,1870) s1=fng (238,1933) [filtered=525]
cnt=2 s0=fng (4190,1864) s1=fng (251,1925) [filtered=525]
cnt=2 s0=fng (4178,1858) s1=fng (263,1918) [filtered=525]
cnt=2 s0=fng (4168,1852) s1=fng (277,1910) [filtered=525]
cnt=2 s0=fng (4159,1847) s1=fng (290,1902) [filtered=525]
cnt=2 s0=fng (4150,1842) s1=fng (302,1895) [filtered=525]
cnt=2 s0=fng (4142,1838) s1=fng (315,1888) [filtered=525]
cnt=2 s0=fng (4134,1834) s1=fng (327,1882) [filtered=525]
cnt=2 s0=fng (4128,1830) s1=fng (339,1876) [filtered=525]
cnt=2 s0=fng (4123,1826) s1=fng (351,1869) [filtered=525]
cnt=2 s0=fng (4118,1822) s1=fng (362,1863) [filtered=525]
cnt=2 s0=fng (4114,1818) s1=fng (372,1858) [filtered=525]
cnt=2 s0=fng (4111,1815) s1=fng (383,1852) [filtered=525]
cnt=2 s0=fng (4108,1812) s1=fng (393,1847) [filtered=525]
cnt=2 s0=fng (4106,1809) s1=fng (402,1842) [filtered=525]
cnt=2 s0=fng (4104,1806) s1=fng (411,1837) [filtered=525]
cnt=2 s0=fng (4103,1804) s1=fng (420,1832) [filtered=525]
cnt=2 s0=fng (4102,1802) s1=fng (429,1827) [filtered=525]
cnt=2 s0=fng (4102,1800) s1=fng (438,1822) [filtered=525]
cnt=2 s0=fng (4102,1798) s1=fng (447,1817) [filtered=525]
cnt=2 s0=fng (4102,1797) s1=fng (456,1812) [filtered=525]
cnt=2 s0=fng (4102,1796) s1=fng (465,1807) [filtered=525]
cnt=2 s0=fng (4102,1796) s1=fng (473,1802) [filtered=525]
cnt=2 s0=fng (4102,1796) s1=fng (481,1797) [filtered=525]
cnt=2 s0=fng (4102,1796) s1=fng (489,1792) [filtered=525]
cnt=2 s0=fng (4102,1796) s1=fng (497,1787) [filtered=525]
cnt=2 s0=fng (4102,1796) s1=fng (504,1782) [filtered=525]
cnt=2 s0=fng (4102,1796) s1=fng (511,1777) [filtered=525]
cnt=2 s0=fng (4105,1796) s1=fng (517,1773) [filtered=525]
cnt=2 s0=fng (4108,1796) s1=fng (523,1769) [filtered=525]
cnt=2 s0=fng (4111,1796) s1=fng (527,1766) [filtered=525]
cnt=2 s0=fng (4114,1796) s1=fng (531,1763) [filtered=525]
cnt=2 s0=fng (4118,1796) s1=fng (533,1761) [filtered=525]
cnt=2 s0=fng (4122,1796) s1=fng (535,1759) [filtered=525]
cnt=2 s0=fng (4127,1799) s1=fng (535,1759) [filtered=525]
cnt=2 s0=fng (4133,1803) s1=fng (531,1763) [filtered=525]
cnt=2 s0=fng (4138,1805) s1=fng (527,1767) [filtered=525]
cnt=2 s0=fng (4144,1809) s1=fng (521,1773) [filtered=525]
cnt=2 s0=fng (4149,1811) s1=fng (515,1779) [filtered=525]
cnt=2 s0=fng (4156,1815) s1=fng (507,1787) [filtered=525]
cnt=2 s0=fng (4166,1820) s1=fng (496,1797) [filtered=525]
cnt=2 s0=fng (4175,1825) s1=fng (485,1806) [filtered=525]
cnt=2 s0=fng (4184,1831) s1=fng (472,1819) [filtered=525]
cnt=2 s0=fng (4192,1836) s1=fng (460,1831) [filtered=525]
cnt=2 s0=fng (4201,1843) s1=fng (445,1846) [filtered=525]
cnt=2 s0=fng (4210,1850) s1=fng (429,1863) [filtered=525]
cnt=2 s0=fng (4219,1856) s1=fng (414,1879) [filtered=525]
cnt=2 s0=fng (4228,1863) s1=fng (397,1896) [filtered=525]
cnt=2 s0=fng (4236,1869) s1=fng (381,1912) [filtered=525]
cnt=2 s0=fng (4244,1875) s1=fng (366,1928) [filtered=525]
cnt=2 s0=fng (4252,1881) s1=fng (350,1943) [filtered=525]
cnt=2 s0=fng (4259,1886) s1=fng (335,1957) [filtered=525]
cnt=2 s0=fng (4265,1890) s1=fng (322,1971) [filtered=525]
cnt=2 s0=fng (4271,1894) s1=fng (309,1984) [filtered=525]
cnt=2 s0=fng (4277,1898) s1=fng (297,1996) [filtered=525]
cnt=2 s0=fng (4281,1903) s1=fng (287,2007) [filtered=525]
cnt=2 s0=fng (4285,1907) s1=fng (278,2017) [filtered=525]
cnt=2 s0=fng (4289,1909) s1=fng (269,2025) [filtered=525]
cnt=2 s0=fng (4293,1911) s1=fng (261,2033) [filtered=525]
cnt=2 s0=fng (4296,1913) s1=fng (255,2039) [filtered=525]
cnt=2 s0=fng (4298,1914) s1=fng (251,2043) [filtered=525]
cnt=2 s0=fng (4300,1915) s1=fng (247,2047) [filtered=525]
cnt=2 s0=fng (4301,1915) s1=fng (244,2050) [filtered=525]
cnt=2 s0=fng (4301,1915) s1=fng (242,2052) [filtered=525]
cnt=2 s0=fng (4301,1915) s1=fng (240,2054) [filtered=525]
cnt=2 s0=fng (4301,1915) s1=fng (239,2055) [filtered=525]
cnt=2 s0=fng (4301,1915) s1=fng (238,2056) [filtered=525]
cnt=2 s0=fng (4301,1915) s1=fng (238,2057) [filtered=525]
cnt=2 s0=fng (4298,1915) s1=fng (238,2057) [filtered=525]
cnt=2 s0=fng (4295,1915) s1=fng (238,2057) [filtered=525]
cnt=2 s0=fng (4292,1915) s1=fng (238,2057) [filtered=525]
cnt=2 s0=fng (4290,1915) s1=fng (238,2057) [filtered=525]
cnt=2 s0=fng (4288,1915) s1=fng (238,2057) [filtered=525]
cnt=2 s0=fng (4287,1915) s1=fng (238,2057) [filtered=525]
cnt=2 s0=fng (4285,1915) s1=fng (241,2057) [filtered=525]
cnt=2 s0=fng (4284,1915) s1=fng (244,2057) [filtered=525]
cnt=2 s0=fng (4282,1915) s1=fng (247,2057) [filtered=525]
cnt=2 s0=fng (4281,1915) s1=fng (250,2057) [filtered=525]
cnt=2 s0=fng (4278,1912) s1=fng (253,2057) [filtered=525]
cnt=2 s0=fng (4276,1909) s1=fng (255,2057) [filtered=525]
cnt=2 s0=fng (4271,1905) s1=fng (258,2054) [filtered=525]
cnt=2 s0=fng (4265,1901) s1=fng (264,2049) [filtered=525]
cnt=2 s0=fng (4259,1899) s1=fng (269,2045) [filtered=525]
cnt=2 s0=fng (4252,1896) s1=fng (275,2041) [filtered=525]
cnt=2 s0=fng (4246,1894) s1=fng (280,2038) [filtered=525]
cnt=2 s0=fng (4238,1890) s1=fng (287,2033) [filtered=525]
cnt=2 s0=fng (4231,1887) s1=fng (293,2029) [filtered=525]
cnt=2 s0=fng (4224,1882) s1=fng (302,2024) [filtered=525]
cnt=2 s0=fng (4217,1878) s1=fng (310,2020) [filtered=525]
cnt=2 s0=fng (4210,1874) s1=fng (320,2014) [filtered=525]
cnt=2 s0=fng (4203,1870) s1=fng (329,2009) [filtered=525]
cnt=2 s0=fng (4196,1866) s1=fng (338,2002) [filtered=525]
cnt=2 s0=fng (4189,1862) s1=fng (347,1996) [filtered=525]
cnt=2 s0=fng (4182,1858) s1=fng (357,1990) [filtered=525]
cnt=2 s0=fng (4175,1854) s1=fng (367,1984) [filtered=525]
cnt=2 s0=fng (4169,1850) s1=fng (376,1978) [filtered=525]
cnt=2 s0=fng (4163,1846) s1=fng (385,1972) [filtered=525]
cnt=2 s0=fng (4157,1842) s1=fng (394,1966) [filtered=525]
cnt=2 s0=fng (4151,1838) s1=fng (403,1960) [filtered=525]
cnt=2 s0=fng (4145,1833) s1=fng (411,1954) [filtered=525]
cnt=2 s0=fng (4139,1828) s1=fng (419,1948) [filtered=525]
cnt=2 s0=fng (4133,1823) s1=fng (427,1942) [filtered=525]
cnt=2 s0=fng (4127,1818) s1=fng (435,1936) [filtered=525]
cnt=2 s0=fng (4121,1813) s1=fng (443,1930) [filtered=525]
cnt=2 s0=fng (4115,1808) s1=fng (450,1924) [filtered=525]
cnt=2 s0=fng (4109,1802) s1=fng (456,1918) [filtered=525]
cnt=2 s0=fng (4103,1796) s1=fng (462,1912) [filtered=525]
cnt=2 s0=fng (4097,1790) s1=fng (467,1906) [filtered=525]
cnt=2 s0=fng (4091,1784) s1=fng (472,1900) [filtered=525]
cnt=2 s0=fng (4085,1778) s1=fng (476,1894) [filtered=525]
cnt=2 s0=fng (4079,1772) s1=fng (480,1888) [filtered=525]
cnt=2 s0=fng (4073,1766) s1=fng (484,1883) [filtered=525]
cnt=2 s0=fng (4068,1760) s1=fng (487,1879) [filtered=525]
cnt=2 s0=fng (4063,1754) s1=fng (490,1875) [filtered=525]
cnt=2 s0=fng (4059,1749) s1=fng (492,1871) [filtered=525]
cnt=2 s0=fng (4055,1744) s1=fng (494,1867) [filtered=525]
cnt=2 s0=fng (4051,1740) s1=fng (496,1863) [filtered=525]
cnt=2 s0=fng (4047,1736) s1=fng (498,1860) [filtered=525]
cnt=2 s0=fng (4043,1732) s1=fng (500,1857) [filtered=525]
cnt=2 s0=fng (4040,1728) s1=fng (502,1855) [filtered=525]
cnt=2 s0=fng (4037,1724) s1=fng (504,1853) [filtered=525]
cnt=2 s0=fng (4034,1720) s1=fng (506,1851) [filtered=525]
cnt=2 s0=fng (4031,1716) s1=fng (508,1849) [filtered=525]
cnt=2 s0=fng (4029,1713) s1=fng (510,1847) [filtered=525]
cnt=2 s0=fng (4027,1710) s1=fng (512,1844) [filtered=525]
cnt=2 s0=fng (4025,1707) s1=fng (514,1841) [filtered=525]
cnt=2 s0=fng (4023,1704) s1=fng (517,1839) [filtered=525]
cnt=2 s0=fng (4021,1701) s1=fng (520,1837) [filtered=525]
cnt=2 s0=fng (4019,1698) s1=fng (523,1835) [filtered=525]
cnt=2 s0=fng (4017,1695) s1=fng (525,1833) [filtered=525]
cnt=2 s0=fng (4015,1692) s1=fng (527,1831) [filtered=525]
cnt=2 s0=fng (4014,1690) s1=fng (529,1829) [filtered=525]
cnt=2 s0=fng (4013,1688) s1=fng (531,1827) [filtered=525]
cnt=2 s0=fng (4012,1686) s1=fng (533,1826) [filtered=525]
cnt=2 s0=fng (4011,1684) s1=fng (535,1825) [filtered=525]
cnt=2 s0=fng (4011,1682) s1=fng (537,1824) [filtered=525]
cnt=2 s0=fng (4011,1680) s1=fng (539,1823) [filtered=525]
cnt=2 s0=fng (4011,1678) s1=fng (541,1822) [filtered=525]
cnt=2 s0=fng (4011,1676) s1=fng (543,1821) [filtered=525]
cnt=2 s0=fng (4011,1674) s1=fng (545,1820) [filtered=525]
cnt=2 s0=fng (4011,1672) s1=fng (546,1819) [filtered=525]
cnt=2 s0=fng (4011,1670) s1=fng (547,1818) [filtered=525]
cnt=2 s0=fng (4011,1669) s1=fng (548,1818) [filtered=525]
cnt=2 s0=fng (4011,1668) s1=fng (549,1818) [filtered=525]
cnt=2 s0=fng (4011,1667) s1=fng (549,1818) [filtered=525]
cnt=2 s0=fng (4011,1666) s1=fng (549,1818) [filtered=525]
cnt=2 s0=fng (4011,1665) s1=fng (549,1818) [filtered=525]
cnt=2 s0=fng (4011,1664) s1=fng (549,1818) [filtered=525]
cnt=2 s0=fng (4011,1664) s1=fng (549,1818) [filtered=525]
cnt=2 s0=fng (4011,1664) s1=fng (549,1818) [filtered=525]
cnt=2 s0=fng (4011,1664) s1=fng (549,1818) [filtered=525]
cnt=2 s0=fng (4011,1664) s1=fng (549,1818) [filtered=525]
cnt=2 s0=fng (4011,1664) s1=fng (549,1818) [filtered=525]
cnt=2 s0=fng (4011,1664) s1=fng (549,1818) [filtered=525]
cnt=2 s0=fng (4011,1664) s1=fng (549,1818) [filtered=525]
cnt=2 s0=fng (4011,1664) s1=fng (549,1818) [filtered=525]
cnt=2 s0=fng (4011,1664) s1=fng (549,1818) [filtered=525]
cnt=2 s0=fng (4011,1664) s1=fng (549,1818) [filtered=525]
cnt=2 s0=fng (4011,1664) s1=fng (549,1818) [filtered=525]
cnt=2 s0=fng (4011,1664) s1=fng (549,1818) [filtered=525]
cnt=2 s0=PALM(4011,1664)* s1=fng (549,1818) [filtered=526]
cnt=2 s0=PALM(4011,1664)* s1=fng (549,1818) [filtered=527]
cnt=2 s0=PALM(4011,1664)* s1=PALM(546,1818)* [filtered=528]
cnt=2 s0=PALM(4011,1664)* s1=PALM(543,1818)* [filtered=529]
cnt=2 s0=PALM(4014,1664)* s1=fng (539,1818) [filtered=530]
cnt=2 s0=PALM(4017,1664)* s1=fng (535,1818) [filtered=531]
cnt=2 s0=PALM(4020,1664)* s1=fng (530,1821) [filtered=532]
cnt=2 s0=PALM(4023,1664)* s1=fng (525,1824) [filtered=533]
cnt=2 s0=PALM(4026,1664)* s1=fng (520,1828) [filtered=534]
cnt=2 s0=PALM(4029,1664)* s1=fng (515,1832) [filtered=535]
cnt=2 s0=fng (4033,1664) s1=fng (509,1836) [filtered=535]
cnt=2 s0=fng (4038,1664) s1=fng (501,1841) [filtered=535]
cnt=2 s0=fng (4043,1664) s1=fng (494,1845) [filtered=535]
cnt=2 s0=fng (4048,1664) s1=fng (487,1850) [filtered=535]
cnt=2 s0=fng (4052,1664) s1=fng (480,1854) [filtered=535]
cnt=2 s0=fng (4058,1667) s1=fng (471,1859) [filtered=535]
cnt=2 s0=fng (4065,1670) s1=fng (462,1864) [filtered=535]
cnt=2 s0=fng (4071,1673) s1=fng (453,1868) [filtered=535]
cnt=2 s0=fng (4079,1677) s1=fng (442,1874) [filtered=535]
cnt=2 s0=fng (4090,1681) s1=fng (429,1881) [filtered=535]
cnt=2 s0=fng (4100,1684) s1=fng (417,1888) [filtered=535]
cnt=2 s0=fng (4113,1686) s1=fng (404,1895) [filtered=535]
cnt=2 s0=fng (4128,1688) s1=fng (389,1903) [filtered=535]
cnt=2 s0=fng (4143,1688) s1=fng (374,1911) [filtered=535]
cnt=2 s0=fng (4161,1689) s1=fng (359,1919) [filtered=535]
cnt=2 s0=fng (4180,1686) s1=fng (345,1926) [filtered=535]
cnt=2 s0=fng (4201,1681) s1=fng (331,1931) [filtered=535]
cnt=3 s0=PALM(4221,1675) s1=fng (318,1936) s2=PALM(4413,1600) [filtered=536]
cnt=3 s0=PALM(4240,1670) s1=fng (306,1940) s2=PALM(4413,1600) [filtered=537]
cnt=3 s0=PALM(4260,1665) s1=fng (292,1944) s2=PALM(4413,1600) [filtered=538]
cnt=2 s0=fng (4260,1665) s1=fng (292,1944) [filtered=538]
cnt=1 s1=fng (281,1946) [filtered=538]
cnt=1 s1=fng (271,1946) [filtered=538]
cnt=1 s1=fng (263,1945) [filtered=538]
cnt=1 s1=fng (263,1945) [filtered=538]
cnt=1 s0=fng (4583,1591) [filtered=538]
cnt=1 s0=fng (4583,1591) [filtered=538]
cnt=1 s0=fng (4583,1591) [filtered=538]
cnt=1 s0=fng (4583,1591) [filtered=538]
cnt=1 s0=fng (4583,1591) [filtered=538]
cnt=1 s0=fng (4583,1591) [filtered=538]
cnt=1 s0=fng (4583,1591) [filtered=538]
cnt=1 s0=fng (4583,1591) [filtered=538]
cnt=1 s0=fng (4583,1591) [filtered=538]
cnt=1 s0=fng (4583,1591) [filtered=538]
cnt=1 s0=fng (4583,1591) [filtered=538]
cnt=1 s0=fng (4583,1591) [filtered=538]
cnt=1 s0=fng (4583,1591) [filtered=538]
cnt=1 s0=fng (4583,1591) [filtered=538]
cnt=1 s0=fng (4583,1591) [filtered=538]
cnt=1 s0=fng (4583,1591) [filtered=538]
cnt=1 s0=fng (4583,1591) [filtered=538]
cnt=1 s0=fng (4583,1591) [filtered=538]
cnt=1 s0=fng (4583,1591) [filtered=538]
cnt=1 s0=fng (4583,1591) [filtered=538]
cnt=1 s0=fng (4583,1591) [filtered=538]
cnt=1 s0=fng (4583,1591) [filtered=538]
cnt=1 s0=fng (4583,1591) [filtered=538]
cnt=1 s0=fng (4583,1591) [filtered=538]
cnt=1 s0=fng (4583,1591) [filtered=538]
cnt=1 s0=fng (4583,1591) [filtered=538]
cnt=1 s0=fng (4583,1591) [filtered=538]
cnt=1 s0=fng (4583,1591) [filtered=538]
cnt=1 s0=fng (4583,1591) [filtered=538]
cnt=1 s0=fng (4583,1591) [filtered=538]
cnt=1 s0=fng (4583,1591)* [filtered=538]
cnt=1 s0=fng (4583,1591)* [filtered=538]
cnt=1 s0=fng (4583,1591)* [filtered=538]
cnt=1 s0=fng (4583,1591)* [filtered=538]
cnt=1 s0=fng (4583,1591)* [filtered=538]
cnt=1 s0=fng (4583,1591)* [filtered=538]
cnt=1 s0=fng (4583,1591)* [filtered=538]
cnt=1 s0=fng (4583,1591)* [filtered=538]
cnt=1 s0=fng (4583,1591)* [filtered=538]
cnt=1 s0=fng (4583,1591)* [filtered=538]
cnt=1 s0=fng (4583,1591)* [filtered=538]
cnt=1 s0=fng (4583,1591)* [filtered=538]
cnt=1 s0=fng (4583,1591)* [filtered=538]
cnt=1 s0=fng (4583,1591)* [filtered=538]
cnt=1 s0=fng (4583,1591)* [filtered=538]
cnt=1 s0=fng (4583,1591)* [filtered=538]
cnt=1 s0=fng (4583,1591)* [filtered=538]
cnt=1 s0=fng (4583,1591)* [filtered=538]
cnt=1 s0=fng (4583,1591)* [filtered=538]
cnt=1 s0=fng (4583,1591)* [filtered=538]
cnt=1 s0=fng (4583,1591)* [filtered=538]
cnt=1 s0=fng (4583,1591)* [filtered=538]
cnt=1 s0=fng (4583,1591)* [filtered=538]
cnt=1 s0=fng (4583,1591)* [filtered=538]
cnt=1 s0=fng (4583,1591)* [filtered=538]
cnt=1 s0=fng (4583,1591)* [filtered=538]
cnt=1 s0=fng (4583,1591)* [filtered=538]
cnt=1 s0=fng (4583,1591)* [filtered=538]
cnt=1 s0=fng (4583,1591)* [filtered=538]
cnt=1 s0=fng (4583,1591)* [filtered=538]
cnt=1 s0=fng (4583,1591)* [filtered=538]
cnt=1 s0=fng (4583,1591)* [filtered=538]
cnt=1 s0=fng (4583,1591)* [filtered=538]
cnt=1 s0=fng (4583,1591)* [filtered=538]
cnt=1 s0=fng (4583,1591)* [filtered=538]
cnt=1 s0=fng (4583,1591)* [filtered=538]
cnt=1 s0=fng (4583,1591)* [filtered=538]
cnt=1 s0=fng (4583,1591)* [filtered=538]
cnt=1 s0=fng (4583,1591)* [filtered=538]
cnt=1 s0=fng (4583,1591)* [filtered=538]
cnt=1 s0=fng (4583,1591)* [filtered=538]
cnt=1 s0=fng (4583,1591)* [filtered=538]
cnt=1 s0=fng (4583,1591)* [filtered=538]
cnt=1 s0=fng (4632,1728) [filtered=538]
cnt=1 s0=fng (4632,1728) [filtered=538]
cnt=1 s0=fng (4746,1728) [filtered=538]
cnt=1 s0=fng (4746,1728) [filtered=538]
cnt=1 s0=fng (4746,1728) [filtered=538]
cnt=1 s0=fng (4746,1728) [filtered=538]
cnt=1 s0=fng (4746,1727) [filtered=538]
cnt=1 s0=fng (4746,1727) [filtered=538]
cnt=1 s0=fng (4746,1727) [filtered=538]
cnt=1 s0=fng (4762,1697) [filtered=538]
cnt=1 s0=fng (4762,1697) [filtered=538]
cnt=1 s0=fng (4762,1697) [filtered=538]
cnt=1 s0=fng (4762,1697) [filtered=538]
cnt=1 s0=fng (4762,1697) [filtered=538]
cnt=1 s0=fng (4762,1697) [filtered=538]
cnt=1 s0=fng (4762,1697) [filtered=538]
cnt=1 s0=fng (4762,1698) [filtered=538]
cnt=1 s0=fng (4762,1698) [filtered=538]
cnt=1 s0=fng (4762,1699) [filtered=538]
cnt=1 s0=fng (4762,1699) [filtered=538]
cnt=1 s0=fng (4762,1700) [filtered=538]
cnt=1 s0=fng (4762,1701) [filtered=538]
cnt=1 s0=fng (4762,1701) [filtered=538]
cnt=1 s0=fng (4762,1702) [filtered=538]
cnt=1 s0=fng (4762,1702) [filtered=538]
cnt=1 s0=fng (4762,1727) [filtered=538]
cnt=1 s0=fng (4762,1727) [filtered=538]
cnt=1 s0=fng (4762,1727) [filtered=538]
cnt=1 s0=fng (4762,1712) [filtered=538]
cnt=1 s0=fng (4762,1712) [filtered=538]
cnt=1 s0=fng (4762,1712) [filtered=538]
cnt=1 s0=fng (4746,1826) [filtered=538]
cnt=1 s0=fng (4746,1826) [filtered=538]
cnt=1 s0=fng (4746,1826) [filtered=538]
cnt=1 s0=fng (4746,1826) [filtered=538]
cnt=1 s0=fng (4746,1825) [filtered=538]
cnt=1 s0=fng (4746,1824) [filtered=538]
cnt=1 s0=fng (4746,1823) [filtered=538]
cnt=1 s0=fng (4746,1822) [filtered=538]
cnt=1 s0=fng (4746,1822) [filtered=538]
cnt=1 s0=fng (4746,1821) [filtered=538]
cnt=1 s0=fng (4746,1820) [filtered=538]
cnt=1 s0=fng (4746,1819) [filtered=538]
cnt=1 s0=fng (4746,1818) [filtered=538]
cnt=1 s0=fng (4746,1817) [filtered=538]
cnt=1 s0=fng (4746,1816) [filtered=538]
cnt=1 s0=fng (4746,1815) [filtered=538]
cnt=1 s0=fng (4756,1698) [filtered=538]
cnt=1 s0=fng (4756,1698) [filtered=538]
cnt=1 s0=fng (4756,1698) [filtered=538]
cnt=1 s0=fng (4756,1698) [filtered=538]
cnt=1 s0=fng (4756,1698) [filtered=538]
cnt=1 s0=fng (4756,1698) [filtered=538]
cnt=1 s0=fng (4756,1698) [filtered=538]
cnt=1 s0=fng (4756,1698) [filtered=538]
cnt=1 s0=fng (4756,1698) [filtered=538]
cnt=1 s0=fng (4756,1698) [filtered=538]
cnt=1 s0=fng (4756,1698) [filtered=538]
cnt=1 s0=fng (4756,1697) [filtered=538]
cnt=1 s0=fng (4756,1697) [filtered=538]
cnt=1 s0=fng (4756,1697) [filtered=538]
cnt=1 s0=fng (4756,1697) [filtered=538]
cnt=1 s0=fng (4756,1697) [filtered=538]
cnt=1 s0=fng (4756,1696) [filtered=538]
cnt=1 s0=fng (4756,1695) [filtered=538]
cnt=1 s0=fng (4756,1695) [filtered=538]
cnt=1 s0=fng (4756,1695) [filtered=538]
cnt=1 s0=fng (4756,1694) [filtered=538]
cnt=1 s0=fng (4756,1694) [filtered=538]
cnt=1 s0=fng (4756,1693) [filtered=538]
cnt=1 s0=fng (4756,1693) [filtered=538]
cnt=1 s0=fng (4756,1693) [filtered=538]
cnt=1 s0=fng (4755,1692) [filtered=538]
cnt=1 s0=fng (4754,1691) [filtered=538]
cnt=1 s0=fng (4753,1690) [filtered=538]
cnt=1 s0=fng (4752,1688) [filtered=538]
cnt=1 s0=fng (4751,1687) [filtered=538]
cnt=1 s0=fng (4750,1686)* [filtered=538]
cnt=1 s0=fng (4749,1684)* [filtered=538]
cnt=1 s0=fng (4749,1683)* [filtered=538]
cnt=1 s0=fng (4748,1682)* [filtered=538]
cnt=1 s0=fng (4747,1680)* [filtered=538]
cnt=1 s0=fng (4746,1678)* [filtered=538]
cnt=1 s0=fng (4744,1676) [filtered=538]
cnt=1 s0=fng (4743,1674) [filtered=538]
cnt=1 s0=fng (4742,1673) [filtered=538]
cnt=1 s0=fng (4741,1671) [filtered=538]
cnt=1 s0=fng (4740,1669) [filtered=538]
cnt=1 s0=fng (4739,1667) [filtered=538]
cnt=1 s0=fng (4738,1665) [filtered=538]
cnt=1 s0=fng (4737,1664) [filtered=538]
cnt=1 s0=fng (4736,1662) [filtered=538]
cnt=1 s0=fng (4735,1660) [filtered=538]
cnt=1 s0=fng (4734,1658) [filtered=538]
cnt=1 s0=fng (4733,1657) [filtered=538]
cnt=1 s0=fng (4732,1655) [filtered=538]
cnt=1 s0=fng (4731,1653) [filtered=538]
cnt=1 s0=fng (4730,1651) [filtered=538]
cnt=1 s0=fng (4728,1649) [filtered=538]
cnt=1 s0=fng (4727,1648) [filtered=538]
cnt=1 s0=fng (4725,1646) [filtered=538]
cnt=1 s0=fng (4723,1644) [filtered=538]
cnt=1 s0=fng (4721,1642) [filtered=538]
cnt=1 s0=fng (4719,1640) [filtered=538]
cnt=1 s0=fng (4718,1639) [filtered=538]
cnt=1 s0=fng (4716,1638) [filtered=538]
cnt=1 s0=fng (4714,1636) [filtered=538]
cnt=1 s0=fng (4712,1635) [filtered=538]
cnt=1 s0=fng (4711,1634) [filtered=538]
cnt=1 s0=fng (4710,1633) [filtered=538]
cnt=1 s0=fng (4708,1632) [filtered=538]
cnt=1 s0=fng (4706,1631) [filtered=538]
cnt=1 s0=fng (4704,1631) [filtered=538]
cnt=1 s0=fng (4703,1631) [filtered=538]
cnt=1 s0=fng (4702,1631) [filtered=538]
cnt=1 s0=fng (4701,1631) [filtered=538]
cnt=1 s0=fng (4700,1631) [filtered=538]
cnt=1 s0=fng (4699,1631) [filtered=538]
cnt=1 s0=fng (4698,1631) [filtered=538]
cnt=1 s0=fng (4697,1631) [filtered=538]
cnt=1 s0=fng (4696,1631) [filtered=538]
cnt=1 s0=fng (4695,1631) [filtered=538]
cnt=1 s0=fng (4695,1631) [filtered=538]
cnt=1 s0=fng (4694,1631) [filtered=538]
cnt=1 s0=fng (4693,1631) [filtered=538]
cnt=1 s0=fng (4692,1631) [filtered=538]
cnt=1 s0=fng (4691,1631) [filtered=538]
cnt=1 s0=fng (4690,1631) [filtered=538]
cnt=1 s0=fng (4690,1631) [filtered=538]
cnt=1 s0=fng (4690,1632) [filtered=538]
cnt=1 s0=fng (4690,1633) [filtered=538]
cnt=1 s0=fng (4690,1634) [filtered=538]
cnt=1 s0=fng (4690,1634) [filtered=538]
cnt=1 s0=fng (4690,1635) [filtered=538]
cnt=1 s0=fng (4690,1636) [filtered=538]
cnt=1 s0=fng (4690,1637) [filtered=538]
cnt=1 s0=fng (4690,1639)* [filtered=538]
cnt=1 s0=fng (4690,1640)* [filtered=538]
cnt=1 s0=fng (4690,1641)* [filtered=538]
cnt=1 s0=fng (4690,1642)* [filtered=538]
cnt=1 s0=fng (4690,1644)* [filtered=538]
cnt=1 s0=fng (4690,1645)* [filtered=538]
cnt=1 s0=fng (4691,1646)* [filtered=538]
cnt=1 s0=fng (4692,1647)* [filtered=538]
cnt=1 s0=fng (4693,1648)* [filtered=538]
cnt=1 s0=fng (4694,1649)* [filtered=538]
cnt=1 s0=fng (4695,1650)* [filtered=538]
cnt=1 s0=fng (4696,1651)* [filtered=538]
cnt=1 s0=fng (4697,1652)* [filtered=538]
cnt=1 s0=fng (4698,1653)* [filtered=538]
cnt=1 s0=fng (4698,1654)* [filtered=538]
cnt=1 s0=fng (4698,1654)* [filtered=538]
cnt=1 s0=fng (4698,1654)* [filtered=538]
cnt=1 s0=fng (4699,1655)* [filtered=538]
cnt=1 s0=fng (4700,1656)* [filtered=538]
cnt=1 s0=fng (4701,1656)* [filtered=538]
cnt=1 s0=fng (4702,1657)* [filtered=538]
cnt=1 s0=fng (4703,1658)* [filtered=538]
cnt=1 s0=fng (4704,1659)* [filtered=538]
cnt=1 s0=fng (4705,1661)* [filtered=538]
cnt=1 s0=fng (4705,1662)* [filtered=538]
cnt=1 s0=fng (4706,1664)* [filtered=538]
cnt=1 s0=fng (4708,1666) [filtered=538]
cnt=1 s0=fng (4710,1669) [filtered=538]
cnt=1 s0=fng (4712,1672) [filtered=538]
cnt=1 s0=fng (4713,1673) [filtered=538]
cnt=1 s0=fng (4714,1676) [filtered=538]
cnt=1 s0=fng (4716,1679) [filtered=538]
cnt=1 s0=fng (4718,1683) [filtered=538]
cnt=1 s0=fng (4719,1686) [filtered=538]
cnt=1 s0=fng (4721,1690) [filtered=538]
cnt=1 s0=fng (4723,1695) [filtered=538]
cnt=1 s0=fng (4727,1700) [filtered=538]
cnt=1 s0=fng (4731,1705) [filtered=538]
cnt=1 s0=fng (4733,1710) [filtered=538]
cnt=1 s0=fng (4736,1715) [filtered=538]
cnt=1 s0=fng (4739,1720) [filtered=538]
cnt=1 s0=fng (4762,1752) [filtered=538]
cnt=1 s0=fng (4762,1752) [filtered=538]
cnt=1 s0=fng (4762,1752) [filtered=538]
cnt=1 s0=fng (4762,1752) [filtered=538]
cnt=1 s0=fng (4762,1751) [filtered=538]
cnt=1 s0=fng (4762,1751) [filtered=538]
cnt=1 s0=fng (4762,1751) [filtered=538]
cnt=1 s0=fng (4762,1750) [filtered=538]
cnt=1 s0=fng (4762,1750) [filtered=538]
cnt=1 s0=fng (4762,1749) [filtered=538]
cnt=1 s0=fng (4762,1748) [filtered=538]
cnt=1 s0=fng (4762,1747) [filtered=538]
cnt=1 s0=fng (4761,1746) [filtered=538]
cnt=1 s0=fng (4760,1745) [filtered=538]
cnt=1 s0=fng (4759,1744) [filtered=538]
cnt=1 s0=fng (4759,1744) [filtered=538]
cnt=1 s0=fng (4759,1743) [filtered=538]
cnt=1 s0=fng (4759,1742) [filtered=538]
cnt=1 s0=fng (4759,1742) [filtered=538]
cnt=1 s0=fng (4759,1741) [filtered=538]
cnt=1 s0=fng (4759,1741) [filtered=538]
cnt=1 s0=fng (4759,1740) [filtered=538]
cnt=1 s0=fng (4759,1740) [filtered=538]
cnt=1 s0=fng (4759,1739) [filtered=538]
cnt=1 s0=fng (4759,1739) [filtered=538]
cnt=1 s0=fng (4759,1739) [filtered=538]
cnt=1 s0=fng (4759,1738) [filtered=538]
cnt=1 s0=fng (4758,1737) [filtered=538]
cnt=1 s0=fng (4757,1736) [filtered=538]
cnt=1 s0=fng (4757,1735) [filtered=538]
cnt=1 s0=fng (4757,1735)* [filtered=538]
cnt=1 s0=fng (4757,1734)* [filtered=538]
cnt=1 s0=fng (4756,1733)* [filtered=538]
cnt=1 s0=fng (4755,1732)* [filtered=538]
cnt=1 s0=fng (4755,1731)* [filtered=538]
cnt=1 s0=fng (4754,1730)* [filtered=538]
cnt=1 s0=fng (4754,1729)* [filtered=538]
cnt=1 s0=fng (4753,1728)* [filtered=538]
cnt=1 s0=fng (4752,1727)* [filtered=538]
cnt=1 s0=fng (4752,1727)* [filtered=538]
cnt=1 s0=fng (4751,1726)* [filtered=538]
cnt=1 s0=fng (4750,1724)* [filtered=538]
cnt=1 s0=fng (4749,1723)* [filtered=538]
cnt=1 s0=fng (4748,1721)* [filtered=538]
cnt=1 s0=fng (4748,1720)* [filtered=538]
cnt=1 s0=fng (4747,1719)* [filtered=538]
cnt=1 s0=fng (4746,1718)* [filtered=538]
cnt=1 s0=fng (4745,1717)* [filtered=538]
cnt=1 s0=fng (4745,1716)* [filtered=538]
cnt=1 s0=fng (4745,1715)* [filtered=538]
cnt=1 s0=fng (4744,1714)* [filtered=538]
cnt=1 s0=fng (4743,1713)* [filtered=538]
cnt=1 s0=fng (4743,1712)* [filtered=538]
cnt=1 s0=fng (4743,1712)* [filtered=538]
cnt=1 s0=fng (4743,1711)* [filtered=538]
cnt=1 s0=fng (4742,1710)* [filtered=538]
cnt=1 s0=fng (4741,1709)* [filtered=538]
cnt=1 s0=fng (4740,1708)* [filtered=538]
cnt=1 s0=fng (4740,1707)* [filtered=538]
cnt=1 s0=fng (4739,1706)* [filtered=538]
cnt=1 s0=fng (4738,1705)* [filtered=538]
cnt=1 s0=fng (4737,1704)* [filtered=538]
cnt=1 s0=fng (4736,1702)* [filtered=538]
cnt=1 s0=fng (4736,1701)* [filtered=538]
cnt=1 s0=fng (4735,1700)* [filtered=538]
cnt=1 s0=fng (4734,1699)* [filtered=538]
cnt=1 s0=fng (4733,1698)* [filtered=538]
cnt=1 s0=fng (4732,1697)* [filtered=538]
cnt=1 s0=fng (4731,1696)* [filtered=538]
cnt=1 s0=fng (4730,1695)* [filtered=538]
cnt=1 s0=fng (4729,1694)* [filtered=538]
cnt=1 s0=fng (4728,1693)* [filtered=538]
cnt=1 s0=fng (4728,1693)* [filtered=538]
cnt=1 s0=fng (4727,1692)* [filtered=538]
cnt=1 s0=fng (4726,1691)* [filtered=538]
cnt=1 s0=fng (4725,1690)* [filtered=538]
cnt=1 s0=fng (4725,1689)* [filtered=538]
cnt=1 s0=fng (4725,1688)* [filtered=538]
cnt=1 s0=fng (4724,1687)* [filtered=538]
cnt=1 s0=fng (4724,1687)* [filtered=538]
cnt=1 s0=fng (4724,1686)* [filtered=538]
cnt=1 s0=fng (4724,1686)* [filtered=538]
cnt=1 s0=fng (4724,1686)* [filtered=538]
cnt=1 s0=fng (4724,1685)* [filtered=538]
cnt=1 s0=fng (4723,1684)* [filtered=538]
cnt=1 s0=fng (4723,1683)* [filtered=538]
cnt=1 s0=fng (4723,1683)* [filtered=538]
cnt=1 s0=fng (4722,1682)* [filtered=538]
cnt=1 s0=fng (4721,1681)* [filtered=538]
cnt=1 s0=fng (4720,1680)* [filtered=538]
cnt=1 s0=fng (4719,1679)* [filtered=538]
cnt=1 s0=fng (4719,1679)* [filtered=538]
cnt=1 s0=fng (4718,1678)* [filtered=538]
cnt=1 s0=fng (4717,1677)* [filtered=538]
cnt=1 s0=fng (4716,1676)* [filtered=538]
cnt=1 s0=fng (4716,1676)* [filtered=538]
cnt=1 s0=fng (4715,1675)* [filtered=538]
cnt=1 s0=fng (4714,1674)* [filtered=538]
cnt=1 s0=fng (4713,1673)* [filtered=538]
cnt=1 s0=fng (4712,1672)* [filtered=538]
cnt=1 s0=fng (4712,1671)* [filtered=538]
cnt=1 s0=fng (4711,1670)* [filtered=538]
cnt=1 s0=fng (4710,1669)* [filtered=538]
cnt=1 s0=fng (4709,1668)* [filtered=538]
cnt=1 s0=fng (4707,1666) [filtered=538]
cnt=1 s0=fng (4706,1665) [filtered=538]
cnt=1 s0=fng (4705,1664) [filtered=538]
cnt=1 s0=fng (4704,1662) [filtered=538]
cnt=1 s0=fng (4702,1661) [filtered=538]
cnt=1 s0=fng (4701,1660) [filtered=538]
cnt=1 s0=fng (4700,1659) [filtered=538]
cnt=1 s0=fng (4698,1657) [filtered=538]
cnt=1 s0=fng (4697,1656) [filtered=538]
cnt=1 s0=fng (4696,1655) [filtered=538]
cnt=1 s0=fng (4695,1654) [filtered=538]
cnt=1 s0=fng (4694,1653) [filtered=538]
cnt=1 s0=fng (4693,1652) [filtered=538]
cnt=1 s0=fng (4692,1651) [filtered=538]
cnt=1 s0=fng (4691,1650) [filtered=538]
cnt=1 s0=fng (4690,1649) [filtered=538]
cnt=1 s0=fng (4689,1648) [filtered=538]
cnt=1 s0=fng (4689,1648) [filtered=538]
cnt=1 s0=fng (4689,1647) [filtered=538]
cnt=1 s0=fng (4689,1647) [filtered=538]
cnt=1 s0=fng (4689,1646) [filtered=538]
cnt=1 s0=fng (4689,1646) [filtered=538]
cnt=1 s0=fng (4689,1645) [filtered=538]
cnt=1 s0=fng (4689,1645) [filtered=538]
cnt=1 s0=fng (4689,1645) [filtered=538]
cnt=1 s0=fng (4689,1644) [filtered=538]
cnt=1 s0=fng (4689,1644) [filtered=538]
cnt=1 s0=fng (4689,1643) [filtered=538]
cnt=1 s0=fng (4689,1642) [filtered=538]
cnt=1 s0=fng (4689,1642) [filtered=538]
cnt=1 s0=fng (4689,1642) [filtered=538]
cnt=1 s0=fng (4689,1642) [filtered=538]
cnt=1 s0=fng (4689,1642) [filtered=538]
cnt=1 s0=fng (4689,1642) [filtered=538]
cnt=1 s0=fng (4689,1642) [filtered=538]
cnt=1 s0=fng (4689,1642) [filtered=538]
cnt=1 s0=fng (4689,1642) [filtered=538]
cnt=1 s0=fng (4689,1642)* [filtered=538]
cnt=1 s0=fng (4689,1642)* [filtered=538]
cnt=1 s0=fng (4689,1642)* [filtered=538]
cnt=1 s0=fng (4689,1642)* [filtered=538]
cnt=1 s0=fng (4689,1642)* [filtered=538]
cnt=1 s0=fng (4689,1642)* [filtered=538]
cnt=1 s0=fng (4689,1642)* [filtered=538]
cnt=1 s0=fng (4689,1642)* [filtered=538]
cnt=1 s0=fng (4689,1642)* [filtered=538]
cnt=1 s0=fng (4689,1642)* [filtered=538]
cnt=1 s0=fng (4689,1642)* [filtered=538]
cnt=1 s0=fng (4689,1642)* [filtered=538]
cnt=1 s0=fng (4689,1642)* [filtered=538]
cnt=1 s0=fng (4689,1641)* [filtered=538]
cnt=1 s0=fng (4689,1641)* [filtered=538]
cnt=1 s0=fng (4689,1641)* [filtered=538]
cnt=1 s0=fng (4689,1641)* [filtered=538]
cnt=1 s0=fng (4689,1640)* [filtered=538]
cnt=1 s0=fng (4689,1640)* [filtered=538]
cnt=1 s0=fng (4689,1639)* [filtered=538]
cnt=1 s0=fng (4689,1639)* [filtered=538]
cnt=1 s0=fng (4689,1638)* [filtered=538]
cnt=1 s0=fng (4689,1638)* [filtered=538]
cnt=1 s0=fng (4689,1637)* [filtered=538]
cnt=1 s0=fng (4689,1637)* [filtered=538]
cnt=1 s0=fng (4689,1637)* [filtered=538]
cnt=1 s0=fng (4689,1636)* [filtered=538]
cnt=1 s0=fng (4689,1635)* [filtered=538]
cnt=1 s0=fng (4689,1635)* [filtered=538]
cnt=1 s0=fng (4689,1635)* [filtered=538]
cnt=1 s0=fng (4689,1634)* [filtered=538]
cnt=1 s0=fng (4689,1634)* [filtered=538]
cnt=1 s0=fng (4689,1634)* [filtered=538]
cnt=1 s0=fng (4689,1633)* [filtered=538]
cnt=1 s0=fng (4689,1633)* [filtered=538]
cnt=1 s0=fng (4689,1633)* [filtered=538]
cnt=1 s0=fng (4689,1632)* [filtered=538]
cnt=1 s0=fng (4689,1632)* [filtered=538]
cnt=1 s0=fng (4689,1632)* [filtered=538]
cnt=1 s0=fng (4689,1632)* [filtered=538]
cnt=1 s0=fng (4689,1632)* [filtered=538]
cnt=1 s0=fng (4689,1632)* [filtered=538]
cnt=1 s0=fng (4689,1631)* [filtered=538]
cnt=1 s0=fng (4689,1631)* [filtered=538]
cnt=1 s0=fng (4689,1631)* [filtered=538]
cnt=1 s0=fng (4689,1631)* [filtered=538]
cnt=1 s0=fng (4689,1631)* [filtered=538]
cnt=1 s0=fng (4689,1631)* [filtered=538]
cnt=1 s0=fng (4689,1631)* [filtered=538]
cnt=1 s0=fng (4689,1631)* [filtered=538]
cnt=1 s0=fng (4689,1630)* [filtered=538]
cnt=1 s0=fng (4689,1630)* [filtered=538]
cnt=1 s0=fng (4689,1630)* [filtered=538]
cnt=1 s0=fng (4689,1630)* [filtered=538]
cnt=1 s0=fng (4689,1629)* [filtered=538]
cnt=1 s0=fng (4689,1629)* [filtered=538]
cnt=1 s0=fng (4688,1628)* [filtered=538]
cnt=1 s0=fng (4687,1627)* [filtered=538]
cnt=1 s0=fng (4687,1627)* [filtered=538]
cnt=1 s0=fng (4686,1627)* [filtered=538]
cnt=1 s0=fng (4685,1626)* [filtered=538]
cnt=1 s0=fng (4684,1626)* [filtered=538]
cnt=1 s0=fng (4684,1626)* [filtered=538]
cnt=1 s0=fng (4683,1625)* [filtered=538]
cnt=1 s0=fng (4682,1625)* [filtered=538]
cnt=1 s0=fng (4681,1624)* [filtered=538]
cnt=1 s0=fng (4680,1623)* [filtered=538]
cnt=1 s0=fng (4680,1623)* [filtered=538]
cnt=1 s0=fng (4679,1623)* [filtered=538]
cnt=1 s0=fng (4678,1622)* [filtered=538]
cnt=1 s0=fng (4677,1622)* [filtered=538]
cnt=1 s0=fng (4676,1621)* [filtered=538]
cnt=1 s0=fng (4676,1621)* [filtered=538]
cnt=1 s0=fng (4675,1620)* [filtered=538]
cnt=1 s0=fng (4674,1620)* [filtered=538]
cnt=1 s0=fng (4673,1619)* [filtered=538]
cnt=1 s0=fng (4672,1619)* [filtered=538]
cnt=1 s0=fng (4671,1619)* [filtered=538]
cnt=1 s0=fng (4670,1618)* [filtered=538]
cnt=1 s0=fng (4670,1618)* [filtered=538]
cnt=1 s0=fng (4670,1617)* [filtered=538]
cnt=1 s0=fng (4670,1617)* [filtered=538]
cnt=1 s0=fng (4670,1616)* [filtered=538]
cnt=1 s0=fng (4670,1616)* [filtered=538]
cnt=1 s0=fng (4670,1616)* [filtered=538]
cnt=1 s0=fng (4670,1616)* [filtered=538]
cnt=1 s0=fng (4670,1616)* [filtered=538]
cnt=1 s0=fng (4670,1616)* [filtered=538]
cnt=1 s0=fng (4670,1616)* [filtered=538]
cnt=1 s0=fng (4670,1616)* [filtered=538]
cnt=1 s0=fng (4670,1615)* [filtered=538]
cnt=1 s0=fng (4670,1615)* [filtered=538]
cnt=1 s0=fng (4670,1615)* [filtered=538]
cnt=1 s0=fng (4670,1615)* [filtered=538]
cnt=1 s0=fng (4670,1615)* [filtered=538]
cnt=1 s0=fng (4670,1615)* [filtered=538]
cnt=1 s0=fng (4670,1615)* [filtered=538]
cnt=1 s0=fng (4670,1615)* [filtered=538]
cnt=1 s0=fng (4670,1615)* [filtered=538]
cnt=1 s0=fng (4670,1615)* [filtered=538]
cnt=1 s0=fng (4670,1615)* [filtered=538]
cnt=1 s0=fng (4670,1615)* [filtered=538]
cnt=1 s0=fng (4670,1615)* [filtered=538]
cnt=1 s0=fng (4670,1615)* [filtered=538]
cnt=1 s0=fng (4670,1615)* [filtered=538]
cnt=1 s0=fng (4670,1615)* [filtered=538]
cnt=1 s0=fng (4670,1615)* [filtered=538]
cnt=1 s0=fng (4670,1615)* [filtered=538]
cnt=1 s0=fng (4670,1615)* [filtered=538]
cnt=1 s0=fng (4670,1615)* [filtered=538]
cnt=1 s0=fng (4670,1615)* [filtered=538]
cnt=1 s0=fng (4670,1615)* [filtered=538]
cnt=1 s0=fng (4670,1615)* [filtered=538]
cnt=1 s0=fng (4670,1615)* [filtered=538]
cnt=1 s0=fng (4670,1615)* [filtered=538]
cnt=1 s0=fng (4670,1615)* [filtered=538]
cnt=1 s0=fng (4670,1615)* [filtered=538]
cnt=1 s0=fng (4670,1615)* [filtered=538]
cnt=1 s0=fng (4670,1615)* [filtered=538]
cnt=1 s0=fng (4670,1615)* [filtered=538]
cnt=1 s0=fng (4670,1615)* [filtered=538]
cnt=1 s0=fng (4670,1615)* [filtered=538]
cnt=1 s0=fng (4670,1615)* [filtered=538]
cnt=1 s0=fng (4670,1616)* [filtered=538]
cnt=1 s0=fng (4670,1616)* [filtered=538]
cnt=1 s0=fng (4671,1616)* [filtered=538]
cnt=1 s0=fng (4672,1617)* [filtered=538]
cnt=1 s0=fng (4673,1618)* [filtered=538]
cnt=1 s0=fng (4674,1618)* [filtered=538]
cnt=1 s0=fng (4675,1618)* [filtered=538]
cnt=1 s0=fng (4676,1619)* [filtered=538]
cnt=1 s0=fng (4677,1619)* [filtered=538]
cnt=1 s0=fng (4678,1620)* [filtered=538]
cnt=1 s0=fng (4678,1620)* [filtered=538]
cnt=1 s0=fng (4679,1620)* [filtered=538]
cnt=1 s0=fng (4680,1621)* [filtered=538]
cnt=1 s0=fng (4681,1622)* [filtered=538]
cnt=1 s0=fng (4681,1622)* [filtered=538]
cnt=1 s0=fng (4681,1622)* [filtered=538]
cnt=1 s0=fng (4682,1623)* [filtered=538]
cnt=1 s0=fng (4683,1623)* [filtered=538]
cnt=1 s0=fng (4684,1623)* [filtered=538]
cnt=1 s0=fng (4685,1623)* [filtered=538]
cnt=1 s0=fng (4685,1623)* [filtered=538]
cnt=1 s0=fng (4686,1623)* [filtered=538]
cnt=1 s0=fng (4686,1623)* [filtered=538]
cnt=1 s0=fng (4686,1623)* [filtered=538]
cnt=1 s0=fng (4686,1623)* [filtered=538]
cnt=1 s0=fng (4686,1623)* [filtered=538]
cnt=1 s0=fng (4687,1623)* [filtered=538]
cnt=1 s0=fng (4688,1623)* [filtered=538]
cnt=1 s0=fng (4689,1623)* [filtered=538]
cnt=1 s0=fng (4689,1623)* [filtered=538]
cnt=1 s0=fng (4690,1623)* [filtered=538]
cnt=1 s0=fng (4691,1624)* [filtered=538]
cnt=1 s0=fng (4692,1624)* [filtered=538]
cnt=1 s0=fng (4693,1624)* [filtered=538]
cnt=1 s0=fng (4694,1624)* [filtered=538]
cnt=1 s0=fng (4694,1624)* [filtered=538]
cnt=1 s0=fng (4694,1624)* [filtered=538]
cnt=1 s0=fng (4694,1624)* [filtered=538]
cnt=1 s0=fng (4694,1624)* [filtered=538]
cnt=1 s0=fng (4694,1624)* [filtered=538]
cnt=1 s0=fng (4694,1624)* [filtered=538]
cnt=1 s0=fng (4694,1624)* [filtered=538]
cnt=1 s0=fng (4694,1623)* [filtered=538]
cnt=1 s0=fng (4694,1623)* [filtered=538]
cnt=1 s0=fng (4694,1623)* [filtered=538]
cnt=1 s0=fng (4694,1622)* [filtered=538]
cnt=1 s0=fng (4693,1621)* [filtered=538]
cnt=1 s0=fng (4693,1620)* [filtered=538]
cnt=1 s0=fng (4693,1620)* [filtered=538]
cnt=1 s0=fng (4693,1619)* [filtered=538]
cnt=1 s0=fng (4693,1618)* [filtered=538]
cnt=1 s0=fng (4693,1617)* [filtered=538]
cnt=1 s0=fng (4741,1682) [filtered=538]
cnt=1 s0=fng (4741,1682) [filtered=538]
cnt=1 s0=fng (4741,1682) [filtered=538]
cnt=1 s0=fng (4741,1682) [filtered=538]
cnt=1 s0=fng (4741,1682) [filtered=538]
cnt=1 s0=fng (4741,1682) [filtered=538]
cnt=1 s0=fng (4741,1682) [filtered=538]
cnt=1 s0=fng (4741,1682) [filtered=538]
cnt=1 s0=fng (4741,1682) [filtered=538]
cnt=1 s0=fng (4741,1682) [filtered=538]
cnt=1 s0=fng (4741,1682) [filtered=538]
cnt=1 s0=fng (4741,1682) [filtered=538]
cnt=1 s0=fng (4762,1679) [filtered=538]
cnt=1 s0=fng (4762,1679) [filtered=538]
cnt=1 s0=fng (4762,1679) [filtered=538]
cnt=1 s0=fng (4762,1679) [filtered=538]
cnt=1 s0=fng (4762,1679) [filtered=538]
cnt=1 s0=fng (4762,1679) [filtered=538]
cnt=1 s0=fng (4762,1679) [filtered=538]
cnt=1 s0=fng (4762,1679) [filtered=538]
cnt=1 s0=fng (4762,1679) [filtered=538]
cnt=1 s0=fng (4762,1678) [filtered=538]
cnt=1 s0=fng (4762,1678) [filtered=538]
cnt=1 s0=fng (4762,1678) [filtered=538]
cnt=1 s0=fng (4762,1678) [filtered=538]
cnt=1 s0=fng (4762,1677) [filtered=538]
cnt=1 s0=fng (4762,1676) [filtered=538]
cnt=1 s0=fng (4762,1676) [filtered=538]
cnt=1 s0=fng (4762,1676) [filtered=538]
cnt=1 s0=fng (4762,1675) [filtered=538]
cnt=1 s0=fng (4762,1674) [filtered=538]
cnt=1 s0=fng (4762,1674) [filtered=538]
cnt=1 s0=fng (4762,1673) [filtered=538]
cnt=1 s0=fng (4762,1671) [filtered=538]
cnt=1 s0=fng (4762,1668) [filtered=538]
cnt=1 s0=fng (4762,1662) [filtered=538]
cnt=1 s0=fng (4762,1658) [filtered=538]
cnt=1 s0=fng (4762,1652) [filtered=538]
cnt=1 s0=fng (4759,1645) [filtered=538]
cnt=1 s0=fng (4754,1636) [filtered=538]
cnt=1 s0=fng (4748,1627) [filtered=538]
cnt=1 s0=fng (4743,1618) [filtered=538]
cnt=1 s0=fng (4737,1609) [filtered=538]
cnt=1 s0=fng (4730,1600) [filtered=538]
cnt=1 s0=fng (4723,1591) [filtered=538]
cnt=1 s0=fng (4716,1582) [filtered=538]
cnt=1 s0=fng (4709,1573) [filtered=538]
cnt=1 s0=fng (4704,1565) [filtered=538]
cnt=1 s0=fng (4699,1559) [filtered=538]
cnt=1 s0=fng (4696,1554) [filtered=538]
cnt=1 s0=fng (4694,1550) [filtered=538]
cnt=1 s0=fng (4694,1548) [filtered=538]
cnt=1 s0=fng (4695,1548) [filtered=538]
cnt=1 s0=fng (4696,1551) [filtered=538]
cnt=1 s0=fng (4697,1556) [filtered=538]
cnt=1 s0=fng (4698,1559) [filtered=538]
cnt=1 s0=fng (4700,1565) [filtered=538]
cnt=1 s0=fng (4703,1574) [filtered=538]
cnt=1 s0=fng (4708,1586) [filtered=538]
cnt=1 s0=fng (4714,1598) [filtered=538]
cnt=1 s0=fng (4719,1609) [filtered=538]
cnt=1 s0=fng (4723,1619) [filtered=538]
cnt=1 s0=fng (1148,39) [filtered=538]
cnt=1 s0=fng (1148,39) [filtered=538]
cnt=1 s0=fng (1148,39) [filtered=538]
cnt=1 s0=fng (1148,39) [filtered=538]
cnt=1 s0=fng (1147,39) [filtered=538]
cnt=1 s0=fng (1147,39) [filtered=538]
cnt=1 s0=fng (1147,40) [filtered=538]
cnt=1 s0=fng (1147,40) [filtered=538]
cnt=1 s0=fng (1147,41) [filtered=538]
cnt=1 s0=fng (1147,42) [filtered=538]
cnt=1 s0=fng (1147,42) [filtered=538]
cnt=1 s0=fng (1147,43) [filtered=538]
cnt=1 s0=fng (1147,44) [filtered=538]
cnt=1 s0=fng (1147,45) [filtered=538]
cnt=1 s0=fng (1147,46) [filtered=538]
cnt=1 s0=fng (1147,46) [filtered=538]
cnt=1 s0=fng (1146,46) [filtered=538]
cnt=1 s0=fng (1146,46) [filtered=538]
cnt=1 s0=fng (1145,46) [filtered=538]
cnt=1 s0=fng (1145,46) [filtered=538]
cnt=1 s0=fng (1145,46) [filtered=538]
cnt=1 s0=fng (1144,46) [filtered=538]
cnt=1 s0=fng (1143,46) [filtered=538]
cnt=1 s0=fng (1143,46) [filtered=538]
cnt=1 s0=fng (1142,46) [filtered=538]
cnt=1 s0=fng (1142,46) [filtered=538]
cnt=1 s0=fng (4759,1833) [filtered=538]
cnt=1 s0=fng (4759,1833) [filtered=538]
cnt=1 s0=fng (4759,1833) [filtered=538]
cnt=1 s0=fng (4759,1833) [filtered=538]
cnt=1 s0=fng (4759,1832) [filtered=538]
cnt=1 s0=fng (4759,1831) [filtered=538]
cnt=1 s0=fng (4758,1830) [filtered=538]
cnt=1 s0=fng (4758,1830) [filtered=538]
cnt=1 s0=fng (4757,1829) [filtered=538]
cnt=1 s0=fng (4754,1826) [filtered=538]
cnt=1 s0=fng (4749,1821) [filtered=538]
cnt=1 s0=fng (4742,1814) [filtered=538]
cnt=1 s0=fng (4736,1808) [filtered=538]
cnt=1 s0=fng (4727,1799) [filtered=538]
cnt=1 s0=fng (4716,1789) [filtered=538]
cnt=1 s0=fng (4704,1779) [filtered=538]
cnt=1 s0=fng (4692,1769) [filtered=538]
cnt=1 s0=fng (4680,1760) [filtered=538]
cnt=1 s0=fng (4668,1751) [filtered=538]
cnt=1 s0=fng (4655,1742) [filtered=538]
cnt=1 s0=fng (4642,1733) [filtered=538]
cnt=1 s0=fng (4629,1725) [filtered=538]
cnt=1 s0=fng (4615,1716) [filtered=538]
cnt=1 s0=fng (4602,1707) [filtered=538]
cnt=1 s0=fng (4591,1698) [filtered=538]
cnt=1 s0=fng (4582,1690) [filtered=538]
cnt=1 s0=fng (4574,1683) [filtered=538]
cnt=1 s0=fng (4565,1676) [filtered=538]
cnt=1 s0=fng (4556,1669) [filtered=538]
cnt=1 s0=fng (4547,1662) [filtered=538]
cnt=1 s0=fng (4539,1656) [filtered=538]
cnt=1 s0=fng (4531,1651) [filtered=538]
cnt=1 s0=fng (4522,1646) [filtered=538]
cnt=1 s0=fng (4513,1640) [filtered=538]
cnt=1 s0=fng (4504,1634) [filtered=538]
cnt=1 s0=fng (4496,1629) [filtered=538]
cnt=1 s0=fng (4489,1625) [filtered=538]
cnt=1 s0=fng (4481,1621) [filtered=538]
cnt=1 s0=fng (4473,1617) [filtered=538]
cnt=1 s0=fng (4466,1613) [filtered=538]
cnt=1 s0=fng (4460,1610) [filtered=538]
cnt=1 s0=fng (4455,1608) [filtered=538]
cnt=1 s0=fng (4451,1606) [filtered=538]
cnt=1 s0=fng (4446,1605) [filtered=538]
cnt=1 s0=fng (4442,1605) [filtered=538]
cnt=1 s0=fng (4438,1604) [filtered=538]
cnt=1 s0=fng (4434,1603) [filtered=538]
cnt=1 s0=fng (4430,1602) [filtered=538]
cnt=1 s0=fng (4426,1602) [filtered=538]
cnt=1 s0=fng (4423,1602) [filtered=538]
cnt=1 s0=fng (4421,1602) [filtered=538]
cnt=1 s0=fng (4419,1602) [filtered=538]
cnt=1 s0=fng (4418,1603) [filtered=538]
cnt=1 s0=fng (4417,1603) [filtered=538]
cnt=1 s0=fng (4417,1603) [filtered=538]
cnt=1 s0=fng (4418,1604) [filtered=538]
cnt=1 s0=fng (4420,1605) [filtered=538]
cnt=1 s0=fng (4424,1607) [filtered=538]
cnt=1 s0=fng (4430,1610) [filtered=538]
cnt=1 s0=fng (4434,1611) [filtered=538]
cnt=1 s0=fng (4439,1614) [filtered=538]
cnt=1 s0=fng (4446,1618) [filtered=538]
cnt=1 s0=fng (4454,1623) [filtered=538]
cnt=1 s0=fng (4461,1627) [filtered=538]
cnt=1 s0=fng (4470,1632) [filtered=538]
cnt=1 s0=fng (4479,1637) [filtered=538]
cnt=1 s0=fng (4488,1642) [filtered=538]
cnt=1 s0=fng (4497,1647) [filtered=538]
cnt=1 s0=fng (4505,1651) [filtered=538]
cnt=1 s0=fng (4513,1656) [filtered=538]
cnt=1 s0=fng (4521,1661) [filtered=538]
cnt=1 s0=fng (4528,1665) [filtered=538]
cnt=1 s0=fng (4535,1669) [filtered=538]
cnt=1 s0=fng (4541,1672) [filtered=538]
cnt=1 s0=fng (4546,1675) [filtered=538]
cnt=1 s0=fng (4552,1678) [filtered=538]
cnt=1 s0=fng (4558,1681) [filtered=538]
cnt=1 s0=fng (4563,1684) [filtered=538]
cnt=1 s0=fng (4567,1686) [filtered=538]
cnt=1 s0=fng (4571,1688) [filtered=538]
cnt=1 s0=fng (4576,1691) [filtered=538]
cnt=1 s0=fng (4581,1694) [filtered=538]
cnt=1 s0=fng (4585,1696) [filtered=538]
cnt=1 s0=fng (4589,1700) [filtered=538]
cnt=1 s0=fng (4594,1704) [filtered=538]
cnt=1 s0=fng (4599,1708) [filtered=538]
cnt=1 s0=fng (4606,1713) [filtered=538]
cnt=1 s0=fng (4612,1717) [filtered=538]
cnt=1 s0=fng (4619,1721) [filtered=538]
cnt=1 s0=fng (4626,1726) [filtered=538]
cnt=1 s0=fng (4633,1731) [filtered=538]
cnt=1 s0=fng (4640,1737) [filtered=538]
cnt=1 s0=fng (4646,1742) [filtered=538]
cnt=1 s0=fng (4653,1748) [filtered=538]
cnt=1 s0=fng (4659,1755) [filtered=538]
cnt=1 s0=fng (4665,1762) [filtered=538]
cnt=1 s0=fng (4671,1770) [filtered=538]
cnt=1 s0=fng (4676,1777) [filtered=538]
cnt=1 s0=fng (4682,1784) [filtered=538]
cnt=1 s0=fng (4687,1791) [filtered=538]
cnt=1 s0=fng (4692,1798) [filtered=538]
cnt=1 s0=fng (4696,1804) [filtered=538]
cnt=1 s0=fng (4700,1810) [filtered=538]
cnt=1 s0=fng (4705,1814) [filtered=538]
cnt=1 s0=fng (4709,1819) [filtered=538]
cnt=1 s0=fng (4712,1824) [filtered=538]
cnt=1 s0=fng (4714,1828) [filtered=538]
cnt=1 s0=fng (4715,1831) [filtered=538]
cnt=1 s0=fng (4717,1833) [filtered=538]
cnt=1 s0=fng (4719,1834) [filtered=538]
cnt=1 s0=fng (4720,1835) [filtered=538]
cnt=1 s0=fng (4721,1835) [filtered=538]
cnt=1 s0=fng (4722,1836) [filtered=538]
cnt=1 s0=fng (4724,1837) [filtered=538]
cnt=1 s0=fng (4726,1837) [filtered=538]
cnt=1 s0=fng (4727,1837) [filtered=538]
cnt=1 s0=fng (4729,1837) [filtered=538]
cnt=1 s0=fng (4729,1837) [filtered=538]
cnt=1 s0=fng (4762,1841) [filtered=538]
cnt=1 s0=fng (4762,1841) [filtered=538]
cnt=1 s0=fng (4754,1821) [filtered=538]
cnt=1 s0=fng (4754,1821) [filtered=538]
cnt=1 s0=fng (4754,1821) [filtered=538]
cnt=1 s0=fng (4754,1821) [filtered=538]
cnt=1 s0=fng (4754,1821) [filtered=538]
cnt=1 s0=fng (4754,1820) [filtered=538]
cnt=1 s0=fng (4754,1820) [filtered=538]
cnt=1 s0=fng (4754,1819) [filtered=538]
cnt=1 s0=fng (4754,1819) [filtered=538]
cnt=1 s0=fng (4754,1818) [filtered=538]
cnt=1 s0=fng (4754,1818) [filtered=538]
cnt=1 s0=fng (4754,1818) [filtered=538]
cnt=1 s0=fng (4754,1817) [filtered=538]
cnt=1 s0=fng (4754,1816) [filtered=538]
cnt=1 s0=fng (4754,1816) [filtered=538]
cnt=1 s0=fng (4754,1816) [filtered=538]
cnt=1 s0=fng (4754,1816) [filtered=538]
cnt=1 s0=fng (4754,1816) [filtered=538]
cnt=1 s0=fng (4754,1816) [filtered=538]
cnt=1 s0=fng (4754,1816) [filtered=538]
cnt=1 s0=fng (4754,1816) [filtered=538]
cnt=1 s0=fng (4754,1815) [filtered=538]
cnt=1 s0=fng (4754,1815) [filtered=538]
cnt=1 s0=fng (4754,1815) [filtered=538]
cnt=1 s0=fng (4754,1815) [filtered=538]
cnt=1 s0=fng (4754,1815) [filtered=538]
cnt=1 s0=fng (4754,1814) [filtered=538]
cnt=1 s0=fng (4754,1813) [filtered=538]
cnt=1 s0=fng (4754,1812) [filtered=538]
cnt=1 s0=fng (4754,1812) [filtered=538]
cnt=1 s0=fng (4754,1812)* [filtered=538]
cnt=1 s0=fng (4754,1811)* [filtered=538]
cnt=1 s0=fng (4754,1810)* [filtered=538]
cnt=1 s0=fng (4754,1810)* [filtered=538]
cnt=1 s0=fng (4754,1810)* [filtered=538]
cnt=1 s0=fng (4754,1809)* [filtered=538]
cnt=1 s0=fng (4754,1808)* [filtered=538]
cnt=1 s0=fng (4754,1808)* [filtered=538]
cnt=1 s0=fng (4754,1807)* [filtered=538]
cnt=1 s0=fng (4754,1807)* [filtered=538]
cnt=1 s0=fng (4754,1807)* [filtered=538]
cnt=1 s0=fng (4754,1806)* [filtered=538]
cnt=1 s0=fng (4754,1806)* [filtered=538]
cnt=1 s0=fng (4754,1805)* [filtered=538]
cnt=1 s0=fng (4754,1805)* [filtered=538]
cnt=1 s0=fng (4754,1804)* [filtered=538]
cnt=1 s0=fng (4754,1804)* [filtered=538]
cnt=1 s0=fng (4754,1803)* [filtered=538]
cnt=1 s0=fng (4754,1803)* [filtered=538]
cnt=1 s0=fng (4754,1803)* [filtered=538]
cnt=1 s0=fng (4754,1802)* [filtered=538]
cnt=1 s0=fng (4754,1802)* [filtered=538]
cnt=1 s0=fng (4754,1801)* [filtered=538]
cnt=1 s0=fng (4754,1801)* [filtered=538]
cnt=1 s0=fng (4754,1801)* [filtered=538]
cnt=1 s0=fng (4754,1801)* [filtered=538]
cnt=1 s0=fng (4754,1801)* [filtered=538]
cnt=1 s0=fng (4754,1800)* [filtered=538]
cnt=1 s0=fng (4754,1800)* [filtered=538]
cnt=1 s0=fng (4754,1800)* [filtered=538]
cnt=1 s0=fng (4754,1799)* [filtered=538]
cnt=1 s0=fng (4754,1799)* [filtered=538]
cnt=1 s0=fng (4754,1798)* [filtered=538]
cnt=1 s0=fng (4754,1798)* [filtered=538]
cnt=1 s0=fng (4754,1797)* [filtered=538]
cnt=1 s0=fng (4754,1797)* [filtered=538]
cnt=1 s0=fng (4754,1796)* [filtered=538]
cnt=1 s0=fng (4754,1796)* [filtered=538]
cnt=1 s0=fng (4754,1796)* [filtered=538]
cnt=1 s0=fng (4754,1795)* [filtered=538]
cnt=1 s0=fng (4754,1795)* [filtered=538]
cnt=1 s0=fng (4754,1794)* [filtered=538]
cnt=1 s0=fng (4754,1794)* [filtered=538]
cnt=1 s0=fng (4754,1793)* [filtered=538]
cnt=1 s0=fng (4754,1793)* [filtered=538]
cnt=1 s0=fng (4754,1792)* [filtered=538]
cnt=1 s0=fng (4754,1792)* [filtered=538]
cnt=1 s0=fng (4754,1792)* [filtered=538]
cnt=1 s0=fng (4754,1792)* [filtered=538]
cnt=1 s0=fng (4754,1792)* [filtered=538]
cnt=1 s0=fng (4754,1792)* [filtered=538]
cnt=1 s0=fng (4754,1792)* [filtered=538]
cnt=1 s0=fng (4754,1792)* [filtered=538]
cnt=1 s0=fng (4754,1792)* [filtered=538]
cnt=1 s0=fng (4754,1792)* [filtered=538]
cnt=1 s0=fng (4754,1792)* [filtered=538]
cnt=1 s0=fng (4754,1792)* [filtered=538]
cnt=1 s0=fng (4754,1792)* [filtered=538]
cnt=1 s0=fng (4754,1792)* [filtered=538]
cnt=1 s0=fng (4754,1792)* [filtered=538]
cnt=1 s0=fng (4754,1792)* [filtered=538]
cnt=1 s0=fng (4754,1792)* [filtered=538]
cnt=1 s0=fng (4754,1792)* [filtered=538]
cnt=1 s0=fng (4754,1792)* [filtered=538]
cnt=1 s0=fng (4754,1792)* [filtered=538]
cnt=1 s0=fng (4754,1792)* [filtered=538]
cnt=1 s0=fng (4754,1792)* [filtered=538]
cnt=1 s0=fng (4754,1792)* [filtered=538]
cnt=1 s0=fng (4754,1792)* [filtered=538]
cnt=1 s0=fng (4754,1792)* [filtered=538]
cnt=1 s0=fng (4754,1792)* [filtered=538]
cnt=1 s0=fng (4754,1792)* [filtered=538]
cnt=1 s0=fng (4754,1792)* [filtered=538]
cnt=1 s0=fng (4754,1792)* [filtered=538]
cnt=1 s0=fng (4754,1792)* [filtered=538]
cnt=1 s0=fng (4754,1792)* [filtered=538]
cnt=1 s0=fng (4754,1792)* [filtered=538]
cnt=1 s0=fng (4754,1792)* [filtered=538]
cnt=1 s0=fng (4754,1791)* [filtered=538]
cnt=1 s0=fng (4754,1791)* [filtered=538]
cnt=1 s0=fng (4754,1791)* [filtered=538]
cnt=1 s0=fng (4754,1791)* [filtered=538]
cnt=1 s0=fng (4754,1791)* [filtered=538]
cnt=1 s0=fng (4754,1791)* [filtered=538]
cnt=1 s0=fng (4754,1791)* [filtered=538]
cnt=1 s0=fng (4754,1791)* [filtered=538]
cnt=1 s0=fng (4754,1791)* [filtered=538]
cnt=1 s0=fng (4754,1791)* [filtered=538]
cnt=1 s0=fng (4754,1791)* [filtered=538]
cnt=1 s0=fng (4754,1791)* [filtered=538]
cnt=1 s0=fng (4754,1791)* [filtered=538]
cnt=1 s0=fng (4754,1791)* [filtered=538]
cnt=1 s0=fng (4754,1791)* [filtered=538]
cnt=1 s0=fng (4754,1791)* [filtered=538]
cnt=1 s0=fng (4754,1791)* [filtered=538]
cnt=1 s0=fng (4754,1791)* [filtered=538]
cnt=1 s0=fng (4753,1791)* [filtered=538]
cnt=1 s0=fng (4752,1791)* [filtered=538]
cnt=1 s0=fng (4751,1791)* [filtered=538]
cnt=1 s0=fng (4751,1791)* [filtered=538]
cnt=1 s0=fng (4751,1791)* [filtered=538]
cnt=1 s0=fng (4751,1791)* [filtered=538]
cnt=1 s0=fng (4751,1791)* [filtered=538]
cnt=1 s0=fng (4751,1791)* [filtered=538]
cnt=1 s0=fng (4751,1791)* [filtered=538]
cnt=1 s0=fng (4751,1791)* [filtered=538]
cnt=1 s0=fng (4751,1791)* [filtered=538]
cnt=1 s0=fng (4751,1791)* [filtered=538]
cnt=1 s0=fng (4751,1791)* [filtered=538]
cnt=1 s0=fng (4751,1791)* [filtered=538]
cnt=1 s0=fng (4751,1791)* [filtered=538]
cnt=1 s0=fng (4751,1792)* [filtered=538]
cnt=1 s0=fng (4751,1792)* [filtered=538]
cnt=1 s0=fng (4751,1792)* [filtered=538]
cnt=1 s0=fng (4751,1792)* [filtered=538]
cnt=1 s0=fng (4751,1792)* [filtered=538]
cnt=1 s0=fng (4751,1792)* [filtered=538]
cnt=1 s0=fng (4751,1792)* [filtered=538]
cnt=1 s0=fng (4751,1792)* [filtered=538]
cnt=1 s0=fng (4751,1792)* [filtered=538]
cnt=1 s0=fng (4751,1792)* [filtered=538]
cnt=1 s0=fng (4751,1791)* [filtered=538]
cnt=1 s0=fng (4751,1790)* [filtered=538]
cnt=1 s0=fng (4751,1789)* [filtered=538]
cnt=1 s0=fng (4751,1788)* [filtered=538]
cnt=1 s0=fng (4751,1786)* [filtered=538]
cnt=1 s0=fng (4751,1784)* [filtered=538]
cnt=1 s0=fng (4751,1783)* [filtered=538]
cnt=1 s0=fng (4751,1781)* [filtered=538]
cnt=1 s0=fng (4751,1778)* [filtered=538]
cnt=1 s0=fng (4751,1775)* [filtered=538]
cnt=1 s0=fng (4751,1771) [filtered=538]
cnt=1 s0=fng (4751,1769) [filtered=538]
cnt=1 s0=fng (4751,1766) [filtered=538]
cnt=1 s0=fng (4751,1763) [filtered=538]
cnt=1 s0=fng (4751,1760) [filtered=538]
cnt=1 s0=fng (4751,1757) [filtered=538]
cnt=1 s0=fng (4751,1755) [filtered=538]
cnt=1 s0=fng (4751,1752) [filtered=538]
cnt=1 s0=fng (4751,1749) [filtered=538]
cnt=1 s0=fng (4760,1789) [filtered=538]
cnt=1 s0=fng (4760,1789) [filtered=538]
cnt=1 s0=fng (4760,1789) [filtered=538]
cnt=1 s0=fng (4760,1789) [filtered=538]
cnt=1 s0=fng (4760,1789) [filtered=538]
cnt=1 s0=fng (4760,1789) [filtered=538]
cnt=1 s0=fng (4760,1790) [filtered=538]
cnt=1 s0=fng (4760,1790) [filtered=538]
cnt=1 s0=fng (4760,1791) [filtered=538]
cnt=1 s0=fng (4760,1791) [filtered=538]
cnt=1 s0=fng (4760,1792) [filtered=538]
cnt=1 s0=fng (4760,1792) [filtered=538]
cnt=1 s0=fng (4760,1792) [filtered=538]
cnt=1 s0=fng (4760,1793) [filtered=538]
cnt=1 s0=fng (4760,1793) [filtered=538]
cnt=1 s0=fng (4760,1793) [filtered=538]
cnt=1 s0=fng (4760,1793) [filtered=538]
cnt=1 s0=fng (4760,1793) [filtered=538]
cnt=1 s0=fng (4762,1797) [filtered=538]
cnt=1 s0=fng (4762,1797) [filtered=538]
cnt=1 s0=fng (4762,1797) [filtered=538]
cnt=1 s0=fng (4762,1796) [filtered=538]
cnt=1 s0=fng (4762,1796) [filtered=538]
cnt=1 s0=fng (4762,1796) [filtered=538]
cnt=1 s0=fng (4762,1795) [filtered=538]
cnt=1 s0=fng (4762,1794) [filtered=538]
cnt=1 s0=fng (4762,1794) [filtered=538]
cnt=1 s0=fng (4762,1793) [filtered=538]
cnt=1 s0=fng (4762,1792) [filtered=538]
cnt=1 s0=fng (4762,1790) [filtered=538]
cnt=1 s0=fng (4762,1789) [filtered=538]
cnt=1 s0=fng (4762,1788) [filtered=538]
cnt=1 s0=fng (4762,1787) [filtered=538]
cnt=1 s0=fng (4762,1786) [filtered=538]
cnt=1 s0=fng (4762,1785) [filtered=538]
cnt=1 s0=fng (4762,1783) [filtered=538]
cnt=1 s0=fng (4762,1782) [filtered=538]
cnt=1 s0=fng (4762,1781) [filtered=538]
cnt=1 s0=fng (4762,1781) [filtered=538]
cnt=1 s0=fng (4762,1780) [filtered=538]
cnt=1 s0=fng (4762,1780) [filtered=538]
cnt=1 s0=fng (4762,1780) [filtered=538]
cnt=1 s0=fng (4762,1779) [filtered=538]
cnt=1 s0=fng (4762,1779) [filtered=538]
cnt=1 s0=fng (4762,1779) [filtered=538]
cnt=1 s0=fng (4762,1779) [filtered=538]
cnt=1 s0=fng (4762,1779) [filtered=538]
cnt=1 s0=fng (4762,1779) [filtered=538]
cnt=1 s0=fng (4762,1779)* [filtered=538]
cnt=1 s0=fng (4762,1779)* [filtered=538]
cnt=1 s0=fng (4762,1779)* [filtered=538]
cnt=1 s0=fng (4762,1780)* [filtered=538]
cnt=1 s0=fng (4762,1780)* [filtered=538]
cnt=1 s0=fng (4762,1781)* [filtered=538]
cnt=1 s0=fng (4762,1782)* [filtered=538]
cnt=1 s0=fng (4762,1782)* [filtered=538]
cnt=1 s0=fng (4762,1783)* [filtered=538]
cnt=1 s0=fng (4762,1784)* [filtered=538]
cnt=1 s0=fng (4762,1785)* [filtered=538]
cnt=1 s0=fng (4762,1785)* [filtered=538]
cnt=1 s0=fng (4762,1786)* [filtered=538]
cnt=1 s0=fng (4762,1787)* [filtered=538]
cnt=1 s0=fng (4762,1788)* [filtered=538]
cnt=1 s0=fng (4762,1789)* [filtered=538]
cnt=1 s0=fng (4762,1789)* [filtered=538]
cnt=1 s0=fng (4762,1789)* [filtered=538]
cnt=1 s0=fng (4762,1790)* [filtered=538]
cnt=1 s0=fng (4762,1791)* [filtered=538]
cnt=1 s0=fng (4762,1791)* [filtered=538]
cnt=1 s0=fng (4762,1791)* [filtered=538]
cnt=1 s0=fng (4762,1792)* [filtered=538]
cnt=1 s0=fng (4762,1792)* [filtered=538]
cnt=1 s0=fng (4762,1793)* [filtered=538]
cnt=1 s0=fng (4762,1793)* [filtered=538]
cnt=1 s0=fng (4762,1793)* [filtered=538]
cnt=1 s0=fng (4762,1793)* [filtered=538]
cnt=1 s0=fng (4762,1793)* [filtered=538]
cnt=1 s0=fng (4762,1794)* [filtered=538]
cnt=1 s0=fng (4762,1794)* [filtered=538]
cnt=1 s0=fng (4762,1794)* [filtered=538]
cnt=1 s0=fng (4762,1794)* [filtered=538]
cnt=1 s0=fng (4762,1794)* [filtered=538]
cnt=1 s0=fng (4762,1794)* [filtered=538]
cnt=1 s0=fng (4762,1794)* [filtered=538]
cnt=1 s0=fng (4762,1794)* [filtered=538]
cnt=1 s0=fng (4762,1794)* [filtered=538]
cnt=1 s0=fng (4762,1794)* [filtered=538]
cnt=1 s0=fng (4762,1794)* [filtered=538]
cnt=1 s0=fng (4762,1794)* [filtered=538]
cnt=1 s0=fng (4762,1794)* [filtered=538]
cnt=1 s0=fng (4762,1794)* [filtered=538]
cnt=2 s0=PALM(4762,1794)* s1=PALM(21,1915) [filtered=539]
cnt=2 s0=PALM(4762,1794)* s1=PALM(21,1915) [filtered=540]
cnt=2 s0=PALM(4762,1795)* s1=PALM(21,1915) [filtered=541]
cnt=2 s0=PALM(4762,1795)* s1=PALM(21,1915) [filtered=542]
cnt=2 s0=PALM(4762,1796)* s1=PALM(21,1915) [filtered=543]
cnt=2 s0=PALM(4762,1796)* s1=PALM(21,1915) [filtered=544]
cnt=2 s0=PALM(4762,1796)* s1=PALM(21,1915) [filtered=545]
cnt=2 s0=PALM(4762,1797)* s1=PALM(21,1915) [filtered=546]
cnt=1 s0=fng (4762,1797)* [filtered=546]
cnt=1 s0=fng (4762,1797)* [filtered=546]
cnt=1 s0=fng (4762,1797)* [filtered=546]
cnt=1 s0=fng (4762,1797)* [filtered=546]
cnt=1 s0=fng (4762,1797)* [filtered=546]
cnt=1 s0=fng (4762,1797)* [filtered=546]
cnt=1 s0=fng (4762,1797)* [filtered=546]
cnt=1 s0=fng (4762,1796)* [filtered=546]
cnt=1 s0=fng (4762,1796)* [filtered=546]
cnt=1 s0=fng (4762,1795)* [filtered=546]
cnt=1 s0=fng (4762,1794)* [filtered=546]
cnt=1 s0=fng (4762,1793)* [filtered=546]
cnt=1 s0=fng (4762,1793)* [filtered=546]
cnt=1 s0=fng (4761,1792)* [filtered=546]
cnt=1 s0=fng (4759,1790) [filtered=546]
cnt=1 s0=fng (4757,1788) [filtered=546]
cnt=1 s0=fng (4755,1785) [filtered=546]
cnt=1 s0=fng (4754,1784) [filtered=546]
cnt=1 s0=fng (4752,1782) [filtered=546]
cnt=1 s0=fng (4750,1780) [filtered=546]
cnt=1 s0=fng (4749,1778) [filtered=546]
cnt=1 s0=fng (4748,1776) [filtered=546]
cnt=1 s0=fng (4747,1775) [filtered=546]
cnt=1 s0=fng (4746,1773) [filtered=546]
cnt=1 s0=fng (4746,1772) [filtered=546]
cnt=1 s0=fng (4746,1771) [filtered=546]
cnt=1 s0=fng (4746,1770) [filtered=546]
cnt=1 s0=fng (4746,1769) [filtered=546]
cnt=1 s0=fng (4746,1769) [filtered=546]
cnt=1 s0=fng (4746,1769) [filtered=546]
cnt=1 s0=fng (4746,1769) [filtered=546]
cnt=1 s0=fng (4746,1769) [filtered=546]
cnt=1 s0=fng (4746,1769) [filtered=546]
cnt=1 s0=fng (4746,1769) [filtered=546]
cnt=1 s0=fng (4746,1769) [filtered=546]
cnt=1 s0=fng (4746,1769) [filtered=546]
cnt=1 s0=fng (4746,1769) [filtered=546]
cnt=1 s0=fng (4746,1770) [filtered=546]
cnt=1 s0=fng (4746,1770) [filtered=546]
cnt=1 s0=fng (4746,1771) [filtered=546]
cnt=1 s0=fng (4746,1772) [filtered=546]
cnt=1 s0=fng (4746,1772) [filtered=546]
cnt=1 s0=fng (4746,1773) [filtered=546]
cnt=1 s0=fng (4746,1774) [filtered=546]
cnt=1 s0=fng (4746,1775) [filtered=546]
cnt=1 s0=fng (4746,1775) [filtered=546]
cnt=1 s0=fng (4747,1776) [filtered=546]
cnt=1 s0=fng (4748,1777) [filtered=546]
cnt=1 s0=fng (4749,1778) [filtered=546]
cnt=1 s0=fng (4750,1779)* [filtered=546]
cnt=1 s0=fng (113,2236) [filtered=546]
cnt=1 s0=fng (114,2236) [filtered=546]
cnt=1 s0=fng (114,2236) [filtered=546]
cnt=1 s0=fng (115,2236) [filtered=546]
cnt=1 s0=fng (116,2236) [filtered=546]
cnt=1 s0=fng (118,2236) [filtered=546]
cnt=1 s0=fng (120,2236) [filtered=546]
cnt=1 s0=fng (121,2236) [filtered=546]
cnt=1 s0=fng (123,2236) [filtered=546]
cnt=1 s0=fng (125,2236) [filtered=546]
cnt=1 s0=fng (127,2236) [filtered=546]
cnt=1 s0=fng (129,2236) [filtered=546]
cnt=1 s0=fng (130,2236) [filtered=546]
cnt=1 s0=fng (132,2236) [filtered=546]
cnt=1 s0=fng (134,2236) [filtered=546]
cnt=1 s0=fng (136,2236) [filtered=546]
cnt=1 s0=fng (137,2236) [filtered=546]
cnt=1 s0=fng (138,2236) [filtered=546]
cnt=1 s0=fng (140,2236) [filtered=546]
cnt=1 s0=fng (142,2236) [filtered=546]
cnt=1 s0=fng (143,2236) [filtered=546]
cnt=2 s0=PALM(145,2236) s1=fng (4502,1861) [filtered=547]
cnt=2 s0=PALM(149,2235) s1=fng (4500,1860) [filtered=548]
cnt=2 s0=PALM(153,2234) s1=fng (4499,1860) [filtered=549]
cnt=2 s0=PALM(157,2234) s1=fng (4499,1860) [filtered=550]
cnt=2 s0=PALM(160,2234) s1=fng (4499,1860) [filtered=551]
cnt=2 s0=PALM(163,2233) s1=fng (4499,1860) [filtered=552]
cnt=2 s0=PALM(164,2233) s1=fng (4499,1860) [filtered=553]
cnt=2 s0=PALM(166,2232) s1=fng (4495,1857) [filtered=554]
cnt=2 s0=PALM(167,2232) s1=fng (4492,1856) [filtered=555]
cnt=2 s0=PALM(168,2232) s1=fng (4486,1851) [filtered=556]
cnt=2 s0=PALM(169,2231) s1=fng (4478,1844) [filtered=557]
cnt=2 s0=PALM(170,2230) s1=fng (4469,1836) [filtered=558]
cnt=2 s0=PALM(172,2230) s1=fng (4461,1827) [filtered=559]
cnt=2 s0=PALM(173,2230) s1=fng (4454,1819) [filtered=560]
cnt=2 s0=PALM(174,2229) s1=fng (4448,1811) [filtered=561]
cnt=2 s0=PALM(174,2228) s1=fng (4442,1803) [filtered=562]
cnt=2 s0=PALM(175,2227) s1=fng (4437,1794) [filtered=563]
cnt=2 s0=PALM(175,2226) s1=fng (4433,1786) [filtered=564]
cnt=2 s0=PALM(175,2225) s1=fng (4429,1777) [filtered=565]
cnt=2 s0=PALM(176,2224) s1=fng (4425,1768) [filtered=566]
cnt=2 s0=PALM(176,2223) s1=fng (4422,1760) [filtered=567]
cnt=2 s0=PALM(176,2222) s1=fng (4420,1753) [filtered=568]
cnt=2 s0=PALM(176,2220) s1=fng (4418,1744) [filtered=569]
cnt=2 s0=PALM(176,2218) s1=fng (4417,1735) [filtered=570]
cnt=2 s0=PALM(176,2217) s1=fng (4417,1727) [filtered=571]
cnt=2 s0=PALM(176,2215) s1=fng (4416,1719) [filtered=572]
cnt=2 s0=PALM(176,2212) s1=fng (4414,1710) [filtered=573]
cnt=2 s0=PALM(176,2210) s1=fng (4413,1702) [filtered=574]
cnt=2 s0=PALM(176,2207) s1=fng (4411,1694) [filtered=575]
cnt=2 s0=PALM(176,2203) s1=fng (4408,1686) [filtered=576]
cnt=2 s0=PALM(176,2200) s1=fng (4406,1678) [filtered=577]
cnt=2 s0=PALM(175,2194) s1=fng (4403,1670) [filtered=578]
cnt=2 s0=PALM(175,2187) s1=fng (4399,1662) [filtered=579]
cnt=2 s0=PALM(175,2181) s1=fng (4396,1654) [filtered=580]
cnt=2 s0=PALM(174,2172) s1=fng (4393,1647) [filtered=581]
cnt=2 s0=PALM(173,2162) s1=fng (4389,1641) [filtered=582]
cnt=2 s0=PALM(173,2153) s1=fng (4386,1635) [filtered=583]
cnt=2 s0=PALM(171,2142) s1=fng (4381,1629) [filtered=584]
cnt=2 s0=PALM(169,2130) s1=fng (4376,1623) [filtered=585]
cnt=2 s0=PALM(168,2119) s1=fng (4372,1617) [filtered=586]
cnt=2 s0=PALM(166,2106) s1=fng (4367,1612) [filtered=587]
cnt=2 s0=PALM(161,2093) s1=fng (4362,1607) [filtered=588]
cnt=2 s0=PALM(158,2081) s1=fng (4358,1602) [filtered=589]
cnt=2 s0=PALM(152,2069) s1=fng (4352,1598) [filtered=590]
cnt=2 s0=PALM(147,2057) s1=fng (4347,1594) [filtered=591]
cnt=2 s0=PALM(140,2046) s1=fng (4343,1591) [filtered=592]
cnt=2 s0=PALM(134,2035) s1=fng (4339,1588) [filtered=593]
cnt=2 s0=PALM(128,2024) s1=fng (4335,1585) [filtered=594]
cnt=2 s0=PALM(121,2014) s1=fng (4331,1583) [filtered=595]
cnt=2 s0=PALM(115,2004) s1=fng (4327,1581) [filtered=596]
cnt=2 s0=PALM(108,1994) s1=fng (4324,1579) [filtered=597]
cnt=2 s0=PALM(101,1985) s1=fng (4322,1577) [filtered=598]
cnt=2 s0=PALM(95,1976) s1=fng (4320,1575) [filtered=599]
cnt=2 s0=PALM(88,1968) s1=fng (4318,1574) [filtered=600]
cnt=2 s0=PALM(82,1960) s1=fng (4315,1574) [filtered=601]
cnt=2 s0=PALM(77,1952) s1=fng (4313,1574) [filtered=602]
cnt=2 s0=PALM(72,1946) s1=fng (4310,1574) [filtered=603]
cnt=2 s0=PALM(67,1940) s1=fng (4307,1574) [filtered=604]
cnt=2 s0=PALM(63,1934) s1=fng (4305,1574) [filtered=605]
cnt=2 s0=PALM(60,1930) s1=fng (4304,1574) [filtered=606]
cnt=2 s0=PALM(57,1926) s1=fng (4303,1574) [filtered=607]
cnt=2 s0=PALM(55,1922) s1=fng (4301,1574) [filtered=608]
cnt=2 s0=PALM(53,1919) s1=fng (4299,1574) [filtered=609]
cnt=2 s0=PALM(51,1916) s1=fng (4298,1574) [filtered=610]
cnt=2 s0=PALM(49,1914) s1=fng (4296,1574) [filtered=611]
cnt=2 s0=PALM(47,1913) s1=fng (4293,1574) [filtered=612]
cnt=2 s0=PALM(46,1912) s1=fng (4292,1574) [filtered=613]
cnt=2 s0=PALM(44,1912) s1=fng (4291,1574) [filtered=614]
cnt=2 s0=PALM(43,1912) s1=fng (4290,1574) [filtered=615]
cnt=2 s0=PALM(42,1912) s1=fng (4289,1574) [filtered=616]
cnt=2 s0=PALM(42,1912) s1=fng (4287,1574) [filtered=617]
cnt=2 s0=PALM(42,1912) s1=fng (4286,1574) [filtered=618]
cnt=2 s0=PALM(42,1912) s1=fng (4285,1574) [filtered=619]
cnt=2 s0=PALM(42,1912) s1=fng (4284,1574) [filtered=620]
cnt=2 s0=PALM(42,1912) s1=fng (4284,1574) [filtered=621]
cnt=2 s0=PALM(42,1912) s1=fng (4283,1574) [filtered=622]
cnt=2 s0=PALM(42,1912) s1=fng (4283,1574) [filtered=623]
cnt=2 s0=PALM(43,1912) s1=fng (4282,1574) [filtered=624]
cnt=2 s0=PALM(44,1912) s1=fng (4281,1574) [filtered=625]
cnt=2 s0=PALM(45,1912) s1=fng (4281,1574) [filtered=626]
cnt=2 s0=PALM(46,1912) s1=fng (4280,1574) [filtered=627]
cnt=2 s0=PALM(46,1912) s1=fng (4280,1574) [filtered=628]
cnt=2 s0=PALM(47,1912) s1=PALM(4279,1574)* [filtered=629]
cnt=2 s0=PALM(48,1912) s1=PALM(4278,1574)* [filtered=630]
cnt=2 s0=PALM(48,1912) s1=PALM(4278,1574)* [filtered=631]
cnt=2 s0=PALM(49,1912) s1=PALM(4277,1574)* [filtered=632]
cnt=2 s0=PALM(49,1912) s1=PALM(4277,1574)* [filtered=633]
cnt=2 s0=PALM(49,1912) s1=PALM(4277,1574)* [filtered=634]
cnt=2 s0=PALM(49,1912) s1=PALM(4277,1574)* [filtered=635]
cnt=2 s0=PALM(49,1912) s1=PALM(4276,1574)* [filtered=636]
cnt=2 s0=PALM(49,1912) s1=PALM(4276,1574)* [filtered=637]
cnt=2 s0=PALM(49,1912) s1=PALM(4276,1574)* [filtered=638]
cnt=2 s0=PALM(49,1912) s1=PALM(4276,1574)* [filtered=639]
cnt=2 s0=PALM(49,1912) s1=PALM(4276,1574)* [filtered=640]
cnt=2 s0=PALM(49,1912)* s1=PALM(4276,1574)* [filtered=641]
cnt=2 s0=PALM(49,1912)* s1=PALM(4276,1574)* [filtered=642]
cnt=2 s0=PALM(49,1912)* s1=PALM(4276,1574)* [filtered=643]
cnt=2 s0=PALM(49,1915)* s1=PALM(4276,1574)* [filtered=644]
cnt=2 s0=PALM(49,1918)* s1=PALM(4276,1574)* [filtered=645]
cnt=2 s0=PALM(49,1921)* s1=PALM(4276,1574)* [filtered=646]
cnt=2 s0=PALM(49,1924)* s1=PALM(4277,1574)* [filtered=647]
cnt=2 s0=PALM(49,1927)* s1=PALM(4277,1577)* [filtered=648]
cnt=2 s0=PALM(49,1929)* s1=PALM(4277,1580)* [filtered=649]
cnt=2 s0=PALM(49,1930)* s1=fng (4278,1583) [filtered=650]
cnt=2 s0=PALM(49,1931)* s1=fng (4278,1586) [filtered=651]
cnt=2 s0=PALM(48,1932)* s1=fng (4278,1589) [filtered=652]
cnt=2 s0=PALM(48,1933)* s1=fng (4279,1592) [filtered=653]
cnt=2 s0=PALM(48,1933)* s1=fng (4280,1595) [filtered=654]
cnt=2 s0=PALM(48,1934)* s1=fng (4280,1598) [filtered=655]
cnt=2 s0=PALM(48,1935)* s1=fng (4281,1599) [filtered=656]
cnt=2 s0=PALM(48,1936)* s1=fng (4281,1600) [filtered=657]
cnt=2 s0=PALM(47,1937)* s1=fng (4281,1601) [filtered=658]
cnt=2 s0=PALM(46,1938)* s1=fng (4282,1602) [filtered=659]
cnt=2 s0=PALM(46,1938)* s1=fng (4282,1603) [filtered=660]
cnt=2 s0=PALM(45,1939)* s1=fng (4282,1604) [filtered=661]
cnt=2 s0=PALM(44,1940)* s1=fng (4283,1605) [filtered=662]
cnt=2 s0=PALM(43,1941)* s1=fng (4283,1605) [filtered=663]
cnt=2 s0=PALM(42,1942)* s1=fng (4283,1606) [filtered=664]
cnt=2 s0=PALM(41,1943)* s1=fng (4284,1607) [filtered=665]
cnt=2 s0=PALM(41,1943)* s1=fng (4284,1608) [filtered=666]
cnt=2 s0=PALM(40,1944)* s1=fng (4285,1609) [filtered=667]
cnt=2 s0=PALM(39,1945)* s1=fng (4285,1610) [filtered=668]
cnt=2 s0=PALM(39,1946)* s1=fng (4285,1611) [filtered=669]
cnt=2 s0=PALM(39,1947)* s1=fng (4286,1612) [filtered=670]
cnt=2 s0=PALM(39,1947)* s1=fng (4286,1613) [filtered=671]
cnt=2 s0=PALM(38,1948)* s1=fng (4286,1614) [filtered=672]
cnt=2 s0=PALM(37,1949)* s1=fng (4287,1615) [filtered=673]
cnt=2 s0=PALM(37,1949)* s1=fng (4287,1616) [filtered=674]
cnt=2 s0=PALM(37,1950)* s1=fng (4287,1618) [filtered=675]
cnt=2 s0=PALM(37,1951)* s1=fng (4288,1620) [filtered=676]
cnt=2 s0=PALM(37,1951)* s1=fng (4288,1621) [filtered=677]
cnt=2 s0=PALM(37,1952)* s1=fng (4289,1622) [filtered=678]
cnt=2 s0=PALM(37,1953)* s1=fng (4289,1624) [filtered=679]
cnt=2 s0=PALM(37,1953)* s1=fng (4289,1625) [filtered=680]
cnt=2 s0=PALM(37,1954)* s1=fng (4290,1627) [filtered=681]
cnt=2 s0=PALM(36,1954)* s1=fng (4290,1629) [filtered=682]
cnt=2 s0=PALM(36,1954)* s1=fng (4290,1630) [filtered=683]
cnt=2 s0=PALM(36,1955)* s1=PALM(4290,1632)* [filtered=684]
cnt=2 s0=PALM(36,1955)* s1=PALM(4290,1635)* [filtered=685]
cnt=2 s0=PALM(36,1955)* s1=PALM(4290,1636)* [filtered=686]
cnt=2 s0=PALM(36,1956)* s1=PALM(4290,1638)* [filtered=687]
cnt=2 s0=PALM(36,1957)* s1=PALM(4290,1641)* [filtered=688]
cnt=2 s0=PALM(36,1957)* s1=PALM(4290,1643)* [filtered=689]
cnt=2 s0=PALM(36,1957)* s1=PALM(4290,1646)* [filtered=690]
cnt=2 s0=PALM(36,1957)* s1=fng (4289,1649) [filtered=691]
cnt=2 s0=PALM(36,1957)* s1=fng (4289,1651) [filtered=692]
cnt=2 s0=PALM(36,1957)* s1=fng (4288,1654) [filtered=693]
cnt=2 s0=PALM(36,1957)* s1=fng (4288,1656) [filtered=694]
cnt=3 s0=PALM(36,1957)* s1=fng (4287,1660) s2=fng (2788,409) [filtered=695]
cnt=3 s0=PALM(35,1957)* s1=fng (4285,1666) s2=fng (2787,409) [filtered=696]
cnt=3 s0=PALM(34,1957)* s1=fng (4284,1671) s2=fng (2787,409) [filtered=697]
cnt=3 s0=PALM(33,1957)* s1=fng (4282,1678) s2=fng (2786,410) [filtered=698]
cnt=3 s0=PALM(33,1957)* s1=fng (4281,1684) s2=fng (2786,410) [filtered=699]
cnt=3 s0=PALM(32,1957)* s1=fng (4280,1691) s2=fng (2785,411) [filtered=700]
cnt=3 s0=PALM(32,1957)* s1=fng (4279,1697) s2=fng (2784,412) [filtered=701]
cnt=3 s0=PALM(31,1957)* s1=fng (4278,1705) s2=fng (2783,414) [filtered=702]
cnt=3 s0=PALM(31,1957)* s1=fng (4277,1712) s2=fng (2782,415) [filtered=703]
cnt=3 s0=PALM(30,1957)* s1=fng (4276,1721) s2=fng (2779,420) [filtered=704]
cnt=3 s0=PALM(30,1957)* s1=fng (4276,1729) s2=fng (2777,425) [filtered=705]
cnt=3 s0=PALM(29,1957)* s1=fng (4275,1737) s2=fng (2774,432) [filtered=706]
cnt=3 s0=PALM(28,1957)* s1=fng (4274,1747) s2=fng (2769,442) [filtered=707]
cnt=3 s0=PALM(28,1957)* s1=fng (4274,1756) s2=fng (2764,452) [filtered=708]
cnt=3 s0=PALM(27,1957)* s1=fng (4274,1766) s2=fng (2758,465) [filtered=709]
cnt=3 s0=PALM(27,1957)* s1=fng (4274,1776) s2=fng (2753,478) [filtered=710]
cnt=3 s0=PALM(26,1957)* s1=fng (4274,1786) s2=fng (2746,493) [filtered=711]
cnt=3 s0=PALM(25,1957)* s1=fng (4274,1796) s2=fng (2740,507) [filtered=712]
cnt=3 s0=PALM(24,1957)* s1=fng (4274,1806) s2=fng (2731,524) [filtered=713]
cnt=3 s0=PALM(23,1957)* s1=fng (4275,1816) s2=fng (2722,543) [filtered=714]
cnt=3 s0=PALM(23,1957)* s1=fng (4276,1826) s2=fng (2714,561) [filtered=715]
cnt=3 s0=PALM(23,1957)* s1=fng (4277,1836) s2=fng (2704,580) [filtered=716]
cnt=3 s0=PALM(23,1957)* s1=fng (4277,1846) s2=fng (2695,598) [filtered=717]
cnt=3 s0=PALM(23,1957)* s1=fng (4278,1855) s2=fng (2684,617) [filtered=718]
cnt=3 s0=PALM(23,1957)* s1=fng (4279,1864) s2=fng (2673,636) [filtered=719]
cnt=3 s0=PALM(23,1957)* s1=fng (4279,1873) s2=fng (2663,654) [filtered=720]
cnt=3 s0=PALM(23,1956)* s1=fng (4280,1882) s2=fng (2653,673) [filtered=721]
cnt=3 s0=PALM(23,1956)* s1=fng (4281,1891) s2=fng (2643,691) [filtered=722]
cnt=3 s0=PALM(23,1955)* s1=fng (4282,1899) s2=fng (2634,709) [filtered=723]
cnt=3 s0=PALM(23,1954)* s1=fng (4284,1907) s2=fng (2625,726) [filtered=724]
cnt=3 s0=PALM(23,1954)* s1=fng (4285,1915) s2=fng (2616,743) [filtered=725]
cnt=3 s0=PALM(23,1954)* s1=fng (4287,1923) s2=fng (2607,759) [filtered=726]
cnt=3 s0=PALM(23,1953)* s1=fng (4290,1931) s2=fng (2597,775) [filtered=727]
cnt=3 s0=PALM(23,1953)* s1=fng (4291,1939) s2=fng (2588,791) [filtered=728]
cnt=3 s0=PALM(23,1953)* s1=fng (4294,1947) s2=fng (2580,807) [filtered=729]
cnt=3 s0=PALM(23,1953)* s1=fng (4296,1955) s2=fng (2572,823) [filtered=730]
cnt=3 s0=PALM(23,1952)* s1=fng (4299,1962) s2=fng (2564,837) [filtered=731]
cnt=3 s0=PALM(23,1951)* s1=fng (4302,1968) s2=fng (2557,851) [filtered=732]
cnt=3 s0=PALM(23,1951)* s1=fng (4304,1974) s2=fng (2550,865) [filtered=733]
cnt=3 s0=PALM(22,1950)* s1=fng (4306,1980) s2=fng (2544,879) [filtered=734]
cnt=3 s0=PALM(22,1950)* s1=fng (4309,1986) s2=fng (2538,891) [filtered=735]
cnt=3 s0=PALM(22,1950)* s1=fng (4311,1992) s2=fng (2532,903) [filtered=736]
cnt=3 s0=PALM(22,1950)* s1=fng (4312,1997) s2=fng (2527,914) [filtered=737]
cnt=3 s0=PALM(22,1950)* s1=fng (4313,2002) s2=fng (2522,925) [filtered=738]
cnt=3 s0=PALM(22,1949)* s1=fng (4315,2007) s2=fng (2518,935) [filtered=739]
cnt=3 s0=PALM(22,1948)* s1=fng (4317,2011) s2=fng (2515,944) [filtered=740]
cnt=3 s0=PALM(22,1948)* s1=fng (4318,2015) s2=fng (2512,953) [filtered=741]
cnt=3 s0=PALM(22,1948)* s1=fng (4320,2019) s2=fng (2509,961) [filtered=742]
cnt=3 s0=PALM(22,1948)* s1=fng (4321,2023) s2=fng (2506,969) [filtered=743]
cnt=3 s0=PALM(21,1948)* s1=fng (4322,2026) s2=fng (2504,976) [filtered=744]
cnt=3 s0=PALM(21,1948)* s1=fng (4324,2029) s2=fng (2502,982) [filtered=745]
cnt=3 s0=PALM(21,1948)* s1=fng (4325,2032) s2=fng (2500,988) [filtered=746]
cnt=3 s0=PALM(21,1948)* s1=fng (4326,2034) s2=fng (2499,993) [filtered=747]
cnt=3 s0=PALM(21,1948)* s1=fng (4326,2036) s2=fng (2498,998) [filtered=748]
cnt=3 s0=PALM(21,1948)* s1=fng (4327,2038) s2=fng (2497,1002) [filtered=749]
cnt=3 s0=PALM(21,1948)* s1=fng (4329,2040) s2=fng (2496,1006) [filtered=750]
cnt=3 s0=PALM(21,1948)* s1=fng (4330,2042) s2=fng (2495,1010) [filtered=751]
cnt=3 s0=PALM(21,1948)* s1=fng (4331,2044) s2=fng (2495,1012) [filtered=752]
cnt=3 s0=PALM(21,1948)* s1=fng (4331,2046) s2=fng (2495,1014) [filtered=753]
cnt=3 s0=PALM(21,1948)* s1=fng (4332,2047) s2=fng (2495,1016) [filtered=754]
cnt=3 s0=PALM(21,1948)* s1=fng (4334,2048) s2=fng (2495,1016) [filtered=755]
cnt=3 s0=PALM(21,1948)* s1=fng (4335,2049) s2=fng (2495,1016) [filtered=756]
cnt=3 s0=PALM(21,1947)* s1=fng (4336,2049) s2=fng (2495,1016) [filtered=757]
cnt=3 s0=PALM(21,1947)* s1=fng (4338,2049) s2=fng (2495,1016) [filtered=758]
cnt=3 s0=PALM(21,1947)* s1=fng (4339,2049) s2=fng (2495,1016) [filtered=759]
cnt=3 s0=PALM(21,1947)* s1=fng (4340,2049) s2=fng (2494,1013) [filtered=760]
cnt=3 s0=PALM(21,1947)* s1=fng (4341,2049) s2=fng (2493,1010) [filtered=761]
cnt=3 s0=PALM(21,1947)* s1=fng (4342,2049) s2=fng (2492,1006) [filtered=762]
cnt=3 s0=PALM(21,1946)* s1=fng (4343,2049) s2=fng (2491,1001) [filtered=763]
cnt=3 s0=PALM(21,1946)* s1=fng (4344,2049) s2=fng (2490,996) [filtered=764]
cnt=3 s0=PALM(21,1946)* s1=fng (4344,2049) s2=fng (2489,990) [filtered=765]
cnt=3 s0=PALM(21,1945)* s1=fng (4344,2049) s2=fng (2488,983) [filtered=766]
cnt=3 s0=PALM(21,1945)* s1=fng (4344,2049) s2=fng (2488,976) [filtered=767]
cnt=3 s0=PALM(21,1944)* s1=fng (4344,2049) s2=fng (2488,968) [filtered=768]
cnt=3 s0=PALM(21,1943)* s1=fng (4344,2049) s2=fng (2489,959) [filtered=769]
cnt=3 s0=PALM(21,1943)* s1=fng (4344,2049) s2=fng (2489,951) [filtered=770]
cnt=3 s0=PALM(21,1943)* s1=fng (4343,2049) s2=fng (2490,941) [filtered=771]
cnt=3 s0=PALM(21,1942)* s1=fng (4341,2046) s2=fng (2492,929) [filtered=772]
cnt=3 s0=PALM(21,1942)* s1=fng (4340,2043) s2=fng (2493,918) [filtered=773]
cnt=3 s0=PALM(21,1942)* s1=fng (4338,2040) s2=fng (2496,904) [filtered=774]
cnt=3 s0=PALM(21,1942)* s1=fng (4336,2036) s2=fng (2500,887) [filtered=775]
cnt=3 s0=PALM(21,1942)* s1=fng (4335,2032) s2=fng (2504,871) [filtered=776]
cnt=3 s0=PALM(21,1942)* s1=fng (4332,2027) s2=fng (2509,853) [filtered=777]
cnt=3 s0=PALM(21,1942)* s1=fng (4330,2024) s2=fng (2513,835) [filtered=778]
cnt=3 s0=PALM(21,1942)* s1=fng (4327,2021) s2=fng (2520,814) [filtered=779]
cnt=3 s0=PALM(21,1942)* s1=fng (4324,2017) s2=fng (2528,791) [filtered=780]
cnt=3 s0=PALM(21,1942)* s1=fng (4322,2014) s2=fng (2536,768) [filtered=781]
cnt=3 s0=PALM(21,1942)* s1=fng (4320,2010) s2=fng (2545,743) [filtered=782]
cnt=3 s0=PALM(21,1941)* s1=fng (4317,2005) s2=fng (2555,717) [filtered=783]
cnt=3 s0=PALM(21,1941)* s1=fng (4315,2001) s2=fng (2565,691) [filtered=784]
cnt=3 s0=PALM(21,1941)* s1=fng (4313,1996) s2=fng (2575,665) [filtered=785]
cnt=3 s0=PALM(21,1940)* s1=fng (4311,1991) s2=fng (2586,639) [filtered=786]
cnt=3 s0=PALM(21,1940)* s1=fng (4309,1986) s2=fng (2597,613) [filtered=787]
cnt=3 s0=PALM(21,1939)* s1=fng (4307,1981) s2=fng (2608,588) [filtered=788]
cnt=3 s0=PALM(21,1939)* s1=fng (4305,1977) s2=fng (2618,564) [filtered=789]
cnt=3 s0=PALM(21,1938)* s1=fng (4304,1971) s2=fng (2627,539) [filtered=790]
cnt=3 s0=PALM(21,1937)* s1=fng (4303,1965) s2=fng (2637,515) [filtered=791]
cnt=3 s0=PALM(21,1936)* s1=fng (4303,1960) s2=fng (2646,492) [filtered=792]
cnt=3 s0=PALM(21,1935)* s1=fng (4301,1953) s2=fng (2655,469) [filtered=793]
cnt=3 s0=PALM(21,1934)* s1=fng (4300,1946) s2=fng (2664,448) [filtered=794]
cnt=2 s1=fng (4298,1940) s2=fng (2673,429) [filtered=794]
cnt=2 s1=fng (4297,1934) s2=fng (2681,410) [filtered=794]
cnt=2 s1=fng (4296,1927) s2=fng (2690,391) [filtered=794]
cnt=2 s1=fng (4295,1920) s2=fng (2698,374) [filtered=794]
cnt=2 s1=fng (4295,1914) s2=fng (2705,358) [filtered=794]
cnt=2 s1=fng (4295,1907) s2=fng (2711,343) [filtered=794]
cnt=2 s1=fng (4294,1901) s2=fng (2718,330) [filtered=794]
cnt=2 s1=fng (4294,1896) s2=fng (2724,318) [filtered=794]
cnt=1 s1=fng (4294,1891) [filtered=794]
cnt=1 s1=fng (4293,1886) [filtered=794]
cnt=1 s1=fng (4293,1881) [filtered=794]
cnt=1 s1=fng (4293,1877) [filtered=794]
cnt=1 s1=fng (4292,1874) [filtered=794]
cnt=1 s1=fng (4291,1870) [filtered=794]
cnt=1 s1=fng (4291,1866) [filtered=794]
cnt=1 s1=fng (4291,1863) [filtered=794]
cnt=1 s1=fng (4290,1859) [filtered=794]
cnt=1 s1=fng (4290,1855) [filtered=794]
cnt=1 s1=fng (4289,1851) [filtered=794]
cnt=1 s1=fng (4289,1848) [filtered=794]
cnt=1 s1=fng (4289,1844) [filtered=794]
cnt=1 s1=fng (4288,1839) [filtered=794]
cnt=1 s1=fng (4287,1834) [filtered=794]
cnt=1 s1=fng (4287,1829) [filtered=794]
cnt=1 s1=fng (4287,1824) [filtered=794]
cnt=1 s1=fng (4286,1818) [filtered=794]
cnt=1 s1=fng (4286,1812) [filtered=794]
cnt=1 s1=fng (4286,1807) [filtered=794]
cnt=1 s1=fng (4285,1800) [filtered=794]
cnt=1 s1=fng (4284,1793) [filtered=794]
cnt=1 s1=fng (4283,1786) [filtered=794]
cnt=1 s1=fng (4282,1779) [filtered=794]
cnt=1 s1=fng (4281,1770) [filtered=794]
cnt=1 s1=fng (4278,1760) [filtered=794]
cnt=1 s1=fng (4274,1748) [filtered=794]
cnt=1 s1=fng (4270,1734) [filtered=794]
cnt=1 s1=fng (4266,1721) [filtered=794]
cnt=1 s1=fng (4261,1707) [filtered=794]
cnt=1 s1=fng (4256,1693) [filtered=794]
cnt=1 s1=fng (4251,1679) [filtered=794]
cnt=1 s1=fng (4245,1665) [filtered=794]
cnt=1 s1=fng (4240,1652) [filtered=794]
cnt=1 s1=fng (4237,1639) [filtered=794]
cnt=1 s1=fng (4234,1627) [filtered=794]
cnt=1 s1=fng (4233,1617) [filtered=794]
cnt=1 s1=fng (4232,1608) [filtered=794]
cnt=1 s1=fng (4232,1600) [filtered=794]
cnt=1 s1=fng (4233,1593) [filtered=794]
cnt=1 s1=fng (4234,1586) [filtered=794]
cnt=1 s1=fng (4236,1580) [filtered=794]
cnt=1 s1=fng (4237,1575) [filtered=794]
cnt=1 s1=fng (4240,1571) [filtered=794]
cnt=1 s1=fng (4243,1567) [filtered=794]
cnt=1 s1=fng (4247,1564) [filtered=794]
cnt=1 s1=fng (4251,1560) [filtered=794]
cnt=1 s1=fng (4253,1557) [filtered=794]
cnt=1 s1=fng (4256,1554) [filtered=794]
cnt=1 s1=fng (4259,1552) [filtered=794]
cnt=1 s1=fng (4262,1551) [filtered=794]
cnt=1 s1=fng (4264,1550) [filtered=794]
cnt=1 s1=fng (4265,1548) [filtered=794]
cnt=1 s1=fng (4266,1546) [filtered=794]
cnt=1 s1=fng (4267,1545) [filtered=794]
cnt=1 s1=fng (4268,1544) [filtered=794]
cnt=1 s1=fng (4270,1542) [filtered=794]
cnt=1 s1=fng (4271,1540) [filtered=794]
cnt=1 s1=fng (4272,1539) [filtered=794]
cnt=1 s1=fng (4273,1538) [filtered=794]
cnt=1 s1=fng (4275,1537) [filtered=794]
cnt=1 s1=fng (4276,1537) [filtered=794]
cnt=1 s1=fng (4277,1536) [filtered=794]
cnt=1 s1=fng (4278,1536) [filtered=794]
cnt=1 s1=fng (4280,1536) [filtered=794]
cnt=1 s1=fng (4281,1536) [filtered=794]
cnt=1 s1=fng (4282,1536) [filtered=794]
cnt=1 s1=fng (4283,1536) [filtered=794]
cnt=1 s1=fng (4283,1536) [filtered=794]
cnt=1 s1=fng (4284,1536) [filtered=794]
cnt=1 s1=fng (4285,1536) [filtered=794]
cnt=1 s1=fng (4285,1536) [filtered=794]
cnt=1 s1=fng (4285,1537) [filtered=794]
cnt=1 s1=fng (4285,1537) [filtered=794]
cnt=1 s1=fng (4285,1538) [filtered=794]
cnt=1 s1=fng (4285,1539) [filtered=794]
cnt=1 s1=fng (4285,1540) [filtered=794]
cnt=1 s1=fng (4285,1541) [filtered=794]
cnt=1 s1=fng (4285,1542) [filtered=794]
cnt=1 s1=fng (4285,1542) [filtered=794]
cnt=1 s1=fng (4284,1543) [filtered=794]
cnt=1 s1=fng (4283,1544) [filtered=794]
cnt=1 s1=fng (4282,1545) [filtered=794]
cnt=1 s1=fng (4281,1546) [filtered=794]
cnt=1 s1=fng (4280,1547) [filtered=794]
cnt=1 s1=fng (4279,1548) [filtered=794]
cnt=1 s1=fng (4278,1550)* [filtered=794]
cnt=1 s1=fng (4277,1551)* [filtered=794]
cnt=1 s1=fng (4275,1552)* [filtered=794]
cnt=1 s1=fng (4273,1553)* [filtered=794]
cnt=1 s1=fng (4272,1554)* [filtered=794]
cnt=1 s1=fng (4271,1555)* [filtered=794]
cnt=1 s1=fng (4269,1557) [filtered=794]
cnt=1 s1=fng (4268,1558) [filtered=794]
cnt=1 s1=fng (4266,1560) [filtered=794]
cnt=1 s1=fng (4264,1562) [filtered=794]
cnt=1 s1=fng (4262,1564) [filtered=794]
cnt=1 s1=fng (4261,1565) [filtered=794]
cnt=1 s1=fng (4260,1567) [filtered=794]
cnt=1 s1=fng (4259,1570) [filtered=794]
cnt=1 s1=fng (4257,1573) [filtered=794]
cnt=1 s1=fng (4256,1574) [filtered=794]
cnt=1 s1=fng (4255,1576) [filtered=794]
cnt=1 s1=fng (4254,1579) [filtered=794]
cnt=1 s1=fng (4254,1582) [filtered=794]
cnt=1 s1=fng (4254,1583) [filtered=794]
cnt=1 s1=fng (4253,1585) [filtered=794]
cnt=1 s1=fng (4252,1587) [filtered=794]
cnt=1 s1=fng (4252,1588) [filtered=794]
cnt=1 s1=fng (4252,1590) [filtered=794]
cnt=1 s1=fng (4252,1591) [filtered=794]
cnt=1 s1=fng (4252,1593) [filtered=794]
cnt=1 s1=fng (4252,1594) [filtered=794]
cnt=1 s1=fng (4252,1595) [filtered=794]
cnt=1 s1=fng (4252,1596) [filtered=794]
cnt=1 s1=fng (4252,1597) [filtered=794]
cnt=1 s1=fng (4252,1597) [filtered=794]
cnt=1 s1=fng (4253,1598) [filtered=794]
cnt=1 s1=fng (4254,1599) [filtered=794]
cnt=1 s1=fng (4254,1599) [filtered=794]
cnt=1 s1=fng (4255,1600) [filtered=794]
cnt=1 s1=fng (4256,1600) [filtered=794]
cnt=1 s1=fng (4257,1600) [filtered=794]
cnt=1 s1=fng (4257,1600) [filtered=794]
cnt=1 s1=fng (4258,1600) [filtered=794]
cnt=1 s1=fng (4259,1600) [filtered=794]
cnt=1 s1=fng (4260,1600) [filtered=794]
cnt=1 s1=fng (4261,1600) [filtered=794]
cnt=1 s1=fng (4262,1600) [filtered=794]
cnt=1 s1=fng (4263,1600) [filtered=794]
cnt=1 s1=fng (4264,1600) [filtered=794]
cnt=2 s0=PALM(47,1845) s1=fng (4266,1600) [filtered=795]
cnt=2 s0=PALM(47,1845) s1=fng (4267,1600) [filtered=796]
cnt=2 s0=PALM(47,1845) s1=PALM(4268,1600)* [filtered=797]
cnt=2 s0=PALM(47,1845) s1=PALM(4268,1600)* [filtered=798]
cnt=2 s0=PALM(47,1845) s1=PALM(4269,1600)* [filtered=799]
cnt=2 s0=PALM(47,1845) s1=PALM(4271,1600)* [filtered=800]
cnt=2 s0=PALM(47,1845) s1=PALM(4272,1600)* [filtered=801]
cnt=2 s0=PALM(47,1845) s1=PALM(4273,1600)* [filtered=802]
cnt=2 s0=PALM(47,1845) s1=PALM(4275,1600)* [filtered=803]
cnt=2 s0=PALM(47,1845) s1=PALM(4277,1600)* [filtered=804]
cnt=2 s0=PALM(47,1845) s1=PALM(4278,1600)* [filtered=805]
cnt=2 s0=PALM(47,1845) s1=PALM(4279,1599)* [filtered=806]
cnt=2 s0=PALM(47,1845) s1=PALM(4281,1599)* [filtered=807]
cnt=2 s0=PALM(47,1845) s1=PALM(4282,1599)* [filtered=808]
cnt=2 s0=PALM(47,1845) s1=PALM(4283,1598)* [filtered=809]
cnt=2 s0=PALM(47,1845) s1=PALM(4284,1597)* [filtered=810]
cnt=2 s0=PALM(47,1845) s1=PALM(4285,1597)* [filtered=811]
cnt=2 s0=PALM(47,1845) s1=PALM(4286,1597)* [filtered=812]
cnt=2 s0=PALM(47,1845) s1=PALM(4287,1597)* [filtered=813]
cnt=2 s0=PALM(47,1845) s1=PALM(4288,1596)* [filtered=814]
cnt=2 s0=PALM(47,1845) s1=PALM(4289,1596)* [filtered=815]
cnt=2 s0=PALM(47,1845) s1=PALM(4290,1596)* [filtered=816]
cnt=2 s0=PALM(47,1845) s1=PALM(4291,1595)* [filtered=817]
cnt=2 s0=PALM(47,1845) s1=PALM(4292,1595)* [filtered=818]
cnt=2 s0=PALM(47,1845) s1=PALM(4293,1595)* [filtered=819]
cnt=2 s0=PALM(47,1845) s1=PALM(4294,1594)* [filtered=820]
cnt=2 s0=PALM(47,1845) s1=PALM(4295,1593)* [filtered=821]
cnt=2 s0=PALM(47,1845) s1=PALM(4295,1593)* [filtered=822]
cnt=2 s0=PALM(47,1845) s1=PALM(4296,1593)* [filtered=823]
cnt=2 s0=PALM(47,1844) s1=PALM(4297,1592)* [filtered=824]
cnt=2 s0=PALM(47,1844)* s1=PALM(4298,1592)* [filtered=825]
cnt=2 s0=PALM(47,1844)* s1=PALM(4298,1592)* [filtered=826]
cnt=2 s0=PALM(47,1843)* s1=PALM(4299,1592)* [filtered=827]
cnt=2 s0=PALM(47,1842)* s1=PALM(4300,1592)* [filtered=828]
cnt=2 s0=PALM(47,1842)* s1=PALM(4300,1592)* [filtered=829]
cnt=2 s0=PALM(47,1841)* s1=PALM(4301,1592)* [filtered=830]
cnt=2 s0=PALM(47,1840)* s1=PALM(4302,1592)* [filtered=831]
cnt=2 s0=PALM(47,1840)* s1=PALM(4303,1592)* [filtered=832]
cnt=2 s0=PALM(47,1839)* s1=PALM(4304,1592)* [filtered=833]
cnt=2 s0=PALM(47,1838)* s1=PALM(4304,1592)* [filtered=834]
cnt=2 s0=PALM(47,1838)* s1=PALM(4304,1592)* [filtered=835]
cnt=2 s0=PALM(47,1838)* s1=PALM(4305,1592)* [filtered=836]
cnt=1 s1=fng (4306,1592)* [filtered=836]
cnt=1 s1=fng (4307,1592)* [filtered=836]
cnt=1 s1=fng (4307,1592)* [filtered=836]
cnt=1 s1=fng (4308,1593)* [filtered=836]
cnt=1 s1=fng (4310,1593)* [filtered=836]
cnt=1 s1=fng (4311,1594)* [filtered=836]
cnt=1 s1=fng (4313,1595)* [filtered=836]
cnt=1 s1=fng (4314,1595)* [filtered=836]
cnt=1 s1=fng (4316,1595)* [filtered=836]
cnt=1 s1=fng (4318,1596)* [filtered=836]
cnt=1 s1=fng (4319,1596)* [filtered=836]
cnt=1 s1=fng (4321,1596)* [filtered=836]
cnt=1 s1=fng (4323,1596)* [filtered=836]
cnt=1 s1=fng (4326,1596)* [filtered=836]
cnt=1 s1=fng (4329,1596)* [filtered=836]
cnt=1 s1=fng (4331,1596)* [filtered=836]
cnt=1 s1=fng (4334,1596)* [filtered=836]
cnt=1 s1=fng (4337,1596)* [filtered=836]
cnt=1 s1=fng (4339,1596)* [filtered=836]
cnt=1 s1=fng (4341,1596)* [filtered=836]
cnt=1 s1=fng (4342,1596)* [filtered=836]
cnt=1 s1=fng (4344,1596)* [filtered=836]
cnt=1 s1=fng (4347,1597) [filtered=836]
cnt=1 s1=fng (4350,1597) [filtered=836]
cnt=1 s1=fng (4353,1598) [filtered=836]
cnt=1 s1=fng (4354,1598) [filtered=836]
cnt=1 s1=fng (4356,1599) [filtered=836]
cnt=1 s1=fng (4358,1599) [filtered=836]
cnt=1 s1=fng (4360,1600) [filtered=836]
cnt=1 s1=fng (4361,1600) [filtered=836]
cnt=1 s1=fng (4363,1600) [filtered=836]
cnt=1 s1=fng (4364,1600) [filtered=836]
cnt=1 s1=fng (4366,1601) [filtered=836]
cnt=1 s1=fng (4368,1601) [filtered=836]
cnt=1 s1=fng (4369,1601) [filtered=836]
cnt=1 s1=fng (4370,1601) [filtered=836]
cnt=1 s1=fng (4371,1601) [filtered=836]
cnt=1 s1=fng (4372,1601) [filtered=836]
cnt=1 s1=fng (4373,1601) [filtered=836]
cnt=1 s1=fng (4374,1601) [filtered=836]
cnt=1 s1=fng (4375,1601) [filtered=836]
cnt=1 s1=fng (4375,1601) [filtered=836]
cnt=1 s1=fng (4376,1601) [filtered=836]
cnt=1 s1=fng (4376,1601) [filtered=836]
cnt=1 s1=fng (4377,1601) [filtered=836]
cnt=1 s1=fng (4377,1601) [filtered=836]
cnt=1 s1=fng (4378,1601) [filtered=836]
cnt=1 s1=fng (4378,1601) [filtered=836]
cnt=1 s1=fng (4378,1601) [filtered=836]
cnt=1 s1=fng (4379,1601) [filtered=836]
cnt=1 s1=fng (4379,1601) [filtered=836]
cnt=1 s1=fng (4380,1601) [filtered=836]
cnt=1 s1=fng (4380,1601) [filtered=836]
cnt=1 s1=fng (4380,1601) [filtered=836]
cnt=1 s1=fng (4381,1601)* [filtered=836]
cnt=1 s1=fng (4382,1601)* [filtered=836]
cnt=1 s1=fng (4382,1601)* [filtered=836]
cnt=1 s1=fng (4382,1601)* [filtered=836]
cnt=1 s1=fng (4383,1601)* [filtered=836]
cnt=1 s1=fng (4383,1601)* [filtered=836]
cnt=1 s1=fng (4384,1601)* [filtered=836]
cnt=1 s1=fng (4384,1601)* [filtered=836]
cnt=1 s1=fng (4384,1601)* [filtered=836]
cnt=1 s1=fng (4384,1601)* [filtered=836]
cnt=1 s1=fng (4384,1601)* [filtered=836]
cnt=1 s1=fng (4384,1601)* [filtered=836]
cnt=1 s1=fng (4384,1601)* [filtered=836]
cnt=1 s1=fng (4384,1601)* [filtered=836]
cnt=1 s1=fng (4384,1601)* [filtered=836]
cnt=1 s1=fng (4384,1600)* [filtered=836]
cnt=1 s1=fng (4384,1600)* [filtered=836]
cnt=1 s1=fng (4384,1600)* [filtered=836]
cnt=1 s1=fng (4384,1600)* [filtered=836]
cnt=1 s1=fng (4384,1600)* [filtered=836]
cnt=1 s1=fng (4384,1600)* [filtered=836]
cnt=1 s1=fng (4384,1600)* [filtered=836]
cnt=1 s1=fng (4384,1600)* [filtered=836]
cnt=1 s1=fng (4384,1600)* [filtered=836]
cnt=1 s1=fng (4384,1600)* [filtered=836]
cnt=1 s1=fng (4384,1600)* [filtered=836]
cnt=1 s1=fng (4384,1600)* [filtered=836]
cnt=1 s1=fng (4384,1600)* [filtered=836]
cnt=1 s1=fng (4384,1600)* [filtered=836]
cnt=1 s1=fng (4384,1600)* [filtered=836]
cnt=1 s1=fng (4384,1600)* [filtered=836]
cnt=1 s1=fng (4384,1600)* [filtered=836]
cnt=1 s1=fng (4384,1600)* [filtered=836]
cnt=1 s1=fng (4384,1600)* [filtered=836]
cnt=1 s1=fng (4384,1600)* [filtered=836]
cnt=1 s1=fng (4384,1600)* [filtered=836]
cnt=2 s0=PALM(73,1848) s1=PALM(4384,1600)* [filtered=837]
cnt=2 s0=PALM(73,1848) s1=PALM(4384,1600)* [filtered=838]
cnt=2 s0=PALM(73,1848) s1=PALM(4384,1600)* [filtered=839]
cnt=2 s0=PALM(74,1848) s1=PALM(4384,1600)* [filtered=840]
cnt=2 s0=PALM(74,1848) s1=PALM(4384,1600)* [filtered=841]
cnt=2 s0=PALM(75,1848) s1=PALM(4384,1600)* [filtered=842]
cnt=2 s0=PALM(76,1848) s1=PALM(4384,1600)* [filtered=843]
cnt=2 s0=PALM(78,1848) s1=PALM(4383,1600)* [filtered=844]
cnt=2 s0=PALM(79,1848) s1=PALM(4383,1600)* [filtered=845]
cnt=2 s0=PALM(81,1848) s1=PALM(4383,1600)* [filtered=846]
cnt=2 s0=PALM(83,1848) s1=PALM(4382,1599)* [filtered=847]
cnt=2 s0=PALM(84,1848) s1=PALM(4382,1599)* [filtered=848]
cnt=2 s0=PALM(85,1848) s1=PALM(4382,1599)* [filtered=849]
cnt=2 s0=PALM(88,1848) s1=PALM(4381,1598)* [filtered=850]
cnt=2 s0=PALM(90,1848) s1=PALM(4381,1598)* [filtered=851]
cnt=2 s0=PALM(92,1848) s1=PALM(4380,1597)* [filtered=852]
cnt=2 s0=PALM(95,1848) s1=PALM(4379,1597)* [filtered=853]
cnt=2 s0=PALM(97,1848) s1=PALM(4379,1597)* [filtered=854]
cnt=2 s0=PALM(99,1848) s1=PALM(4378,1596)* [filtered=855]
cnt=2 s0=PALM(101,1848) s1=PALM(4378,1596)* [filtered=856]
cnt=2 s0=PALM(103,1849) s1=PALM(4377,1596)* [filtered=857]
cnt=2 s0=PALM(106,1849) s1=PALM(4376,1596)* [filtered=858]
cnt=2 s0=PALM(108,1849) s1=PALM(4375,1596)* [filtered=859]
cnt=2 s0=PALM(110,1850) s1=PALM(4374,1595)* [filtered=860]
cnt=2 s0=PALM(112,1850) s1=PALM(4372,1595)* [filtered=861]
cnt=2 s0=PALM(114,1850) s1=PALM(4371,1595)* [filtered=862]
cnt=2 s0=PALM(116,1851) s1=PALM(4370,1595)* [filtered=863]
cnt=2 s0=PALM(120,1852) s1=PALM(4369,1595)* [filtered=864]
cnt=2 s0=PALM(123,1852) s1=PALM(4368,1595)* [filtered=865]
cnt=2 s0=PALM(127,1853) s1=PALM(4367,1595)* [filtered=866]
cnt=2 s0=PALM(130,1853) s1=PALM(4367,1595)* [filtered=867]
cnt=2 s0=PALM(134,1854) s1=PALM(4366,1595)* [filtered=868]
cnt=2 s0=PALM(138,1855) s1=PALM(4365,1595)* [filtered=869]
cnt=2 s0=PALM(141,1856) s1=PALM(4365,1595)* [filtered=870]
cnt=2 s0=PALM(145,1857) s1=PALM(4365,1595)* [filtered=871]
cnt=2 s0=PALM(150,1858) s1=PALM(4365,1595)* [filtered=872]
cnt=2 s0=PALM(154,1859) s1=PALM(4365,1595)* [filtered=873]
cnt=2 s0=PALM(159,1860) s1=PALM(4365,1595)* [filtered=874]
cnt=2 s0=PALM(162,1862) s1=PALM(4365,1595)* [filtered=875]
cnt=2 s0=PALM(164,1863) s1=PALM(4365,1595)* [filtered=876]
cnt=2 s0=PALM(166,1864) s1=PALM(4365,1595)* [filtered=877]
cnt=2 s0=PALM(169,1865) s1=PALM(4365,1596)* [filtered=878]
cnt=2 s0=PALM(171,1866) s1=PALM(4365,1596)* [filtered=879]
cnt=2 s0=PALM(174,1867) s1=PALM(4366,1596)* [filtered=880]
cnt=2 s0=PALM(177,1869) s1=PALM(4366,1596)* [filtered=881]
cnt=2 s0=PALM(179,1870) s1=PALM(4366,1596)* [filtered=882]
cnt=2 s0=PALM(182,1871) s1=PALM(4367,1596)* [filtered=883]
cnt=2 s0=PALM(185,1873) s1=PALM(4367,1596)* [filtered=884]
cnt=2 s0=PALM(187,1874) s1=PALM(4367,1596)* [filtered=885]
cnt=2 s0=PALM(190,1875) s1=PALM(4367,1596)* [filtered=886]
cnt=2 s0=fng (192,1875) s1=PALM(4367,1596)* [filtered=887]
cnt=2 s0=fng (194,1877) s1=PALM(4367,1596)* [filtered=888]
cnt=2 s0=fng (197,1880) s1=PALM(4367,1596)* [filtered=889]
cnt=2 s0=fng (199,1882) s1=PALM(4367,1596)* [filtered=890]
cnt=2 s0=fng (202,1885) s1=PALM(4367,1596)* [filtered=891]
cnt=2 s0=fng (206,1888) s1=PALM(4367,1596)* [filtered=892]
cnt=2 s0=fng (209,1890) s1=PALM(4367,1596)* [filtered=893]
cnt=2 s0=fng (212,1893) s1=PALM(4367,1596)* [filtered=894]
cnt=2 s0=fng (214,1895) s1=PALM(4367,1596)* [filtered=895]
cnt=2 s0=fng (217,1899) s1=PALM(4367,1596)* [filtered=896]
cnt=2 s0=fng (220,1904) s1=PALM(4367,1596)* [filtered=897]
cnt=2 s0=fng (222,1908) s1=PALM(4367,1596)* [filtered=898]
cnt=2 s0=fng (225,1913) s1=PALM(4367,1596)* [filtered=899]
cnt=2 s0=fng (228,1918) s1=PALM(4367,1596)* [filtered=900]
cnt=2 s0=fng (230,1922) s1=PALM(4367,1596)* [filtered=901]
cnt=2 s0=fng (233,1927) s1=PALM(4367,1596)* [filtered=902]
cnt=2 s0=fng (235,1932) s1=PALM(4367,1596)* [filtered=903]
cnt=2 s0=fng (236,1936) s1=PALM(4367,1596)* [filtered=904]
cnt=2 s0=fng (238,1942) s1=PALM(4367,1596)* [filtered=905]
cnt=2 s0=fng (239,1949) s1=PALM(4367,1596)* [filtered=906]
cnt=2 s0=fng (240,1955) s1=PALM(4367,1596)* [filtered=907]
cnt=2 s0=fng (241,1962) s1=PALM(4367,1596)* [filtered=908]
cnt=2 s0=fng (241,1969) s1=PALM(4367,1596)* [filtered=909]
cnt=2 s0=fng (241,1975) s1=PALM(4367,1596)* [filtered=910]
cnt=2 s0=fng (242,1982) s1=PALM(4367,1596)* [filtered=911]
cnt=2 s0=fng (242,1989) s1=PALM(4367,1596)* [filtered=912]
cnt=2 s0=fng (242,1995) s1=PALM(4367,1596)* [filtered=913]
cnt=2 s0=fng (243,2002) s1=PALM(4367,1596)* [filtered=914]
cnt=2 s0=fng (244,2008) s1=PALM(4367,1596)* [filtered=915]
cnt=2 s0=fng (244,2013) s1=PALM(4367,1596)* [filtered=916]
cnt=2 s0=fng (244,2018) s1=PALM(4367,1596)* [filtered=917]
cnt=2 s0=fng (245,2023) s1=PALM(4367,1596)* [filtered=918]
cnt=2 s0=fng (245,2027) s1=PALM(4367,1596)* [filtered=919]
cnt=2 s0=fng (245,2032) s1=PALM(4367,1596)* [filtered=920]
cnt=2 s0=fng (246,2036) s1=PALM(4367,1596)* [filtered=921]
cnt=2 s0=fng (246,2039) s1=PALM(4367,1596)* [filtered=922]
cnt=2 s0=fng (246,2042) s1=PALM(4367,1596)* [filtered=923]
cnt=2 s0=fng (246,2045) s1=PALM(4367,1596)* [filtered=924]
cnt=2 s0=fng (246,2047) s1=PALM(4367,1596)* [filtered=925]
cnt=2 s0=fng (246,2050) s1=PALM(4367,1596)* [filtered=926]
cnt=2 s0=fng (246,2053) s1=PALM(4367,1596)* [filtered=927]
cnt=2 s0=fng (246,2055) s1=PALM(4367,1596)* [filtered=928]
cnt=2 s0=fng (245,2056) s1=PALM(4367,1595)* [filtered=929]
cnt=2 s0=fng (244,2058) s1=PALM(4367,1595)* [filtered=930]
cnt=2 s0=fng (244,2059) s1=PALM(4367,1595)* [filtered=931]
cnt=2 s0=fng (243,2060) s1=PALM(4366,1595)* [filtered=932]
cnt=2 s0=fng (242,2062) s1=PALM(4366,1594)* [filtered=933]
cnt=2 s0=fng (241,2063) s1=PALM(4366,1594)* [filtered=934]
cnt=2 s0=fng (240,2065) s1=PALM(4365,1593)* [filtered=935]
cnt=2 s0=fng (238,2067) s1=PALM(4365,1593)* [filtered=936]
cnt=2 s0=fng (237,2068) s1=PALM(4365,1593)* [filtered=937]
cnt=2 s0=fng (235,2069) s1=PALM(4364,1592)* [filtered=938]
cnt=2 s0=fng (233,2071) s1=PALM(4363,1592)* [filtered=939]
cnt=2 s0=fng (232,2072) s1=PALM(4363,1592)* [filtered=940]
cnt=2 s0=fng (230,2074) s1=PALM(4362,1591)* [filtered=941]
cnt=2 s0=fng (227,2076) s1=PALM(4361,1591)* [filtered=942]
cnt=2 s0=fng (226,2077) s1=PALM(4361,1591)* [filtered=943]
cnt=2 s0=fng (224,2078) s1=PALM(4360,1590)* [filtered=944]
cnt=2 s0=fng (221,2080) s1=PALM(4359,1589)* [filtered=945]
cnt=2 s0=fng (220,2081) s1=PALM(4358,1589)* [filtered=946]
cnt=2 s0=fng (218,2082) s1=PALM(4357,1589)* [filtered=947]
cnt=2 s0=fng (217,2083) s1=PALM(4357,1589)* [filtered=948]
cnt=2 s0=fng (215,2084) s1=PALM(4356,1589)* [filtered=949]
cnt=2 s0=fng (214,2085) s1=PALM(4355,1589)* [filtered=950]
cnt=2 s0=fng (213,2085) s1=PALM(4355,1589)* [filtered=951]
cnt=2 s0=fng (212,2085) s1=PALM(4354,1589)* [filtered=952]
cnt=2 s0=fng (210,2085) s1=PALM(4353,1588)* [filtered=953]
cnt=2 s0=fng (209,2085) s1=PALM(4353,1588)* [filtered=954]
cnt=2 s0=fng (208,2085) s1=PALM(4353,1588)* [filtered=955]
cnt=2 s0=fng (207,2084) s1=PALM(4352,1587)* [filtered=956]
cnt=2 s0=fng (207,2084) s1=PALM(4352,1587)* [filtered=957]
cnt=2 s0=fng (206,2083) s1=PALM(4352,1587)* [filtered=958]
cnt=2 s0=fng (205,2082) s1=PALM(4351,1587)* [filtered=959]
cnt=2 s0=fng (205,2082) s1=PALM(4351,1587)* [filtered=960]
cnt=2 s0=fng (204,2081) s1=PALM(4351,1587)* [filtered=961]
cnt=2 s0=fng (203,2080) s1=PALM(4351,1587)* [filtered=962]
cnt=2 s0=fng (203,2079) s1=PALM(4351,1587)* [filtered=963]
cnt=2 s0=fng (202,2077) s1=PALM(4351,1588)* [filtered=964]
cnt=2 s0=fng (202,2075) s1=PALM(4351,1588)* [filtered=965]
cnt=2 s0=fng (202,2074) s1=PALM(4351,1588)* [filtered=966]
cnt=2 s0=fng (202,2071) s1=PALM(4350,1589)* [filtered=967]
cnt=2 s0=fng (203,2068) s1=PALM(4349,1590)* [filtered=968]
cnt=2 s0=fng (203,2065) s1=PALM(4349,1591)* [filtered=969]
cnt=2 s0=fng (204,2060) s1=PALM(4349,1592)* [filtered=970]
cnt=2 s0=fng (206,2052) s1=PALM(4348,1593)* [filtered=971]
cnt=2 s0=fng (207,2045) s1=PALM(4348,1594)* [filtered=972]
cnt=2 s0=fng (210,2037) s1=PALM(4348,1595)* [filtered=973]
cnt=2 s0=fng (213,2028) s1=PALM(4347,1597)* [filtered=974]
cnt=2 s0=fng (216,2018) s1=PALM(4347,1600)* [filtered=975]
cnt=2 s0=fng (219,2009) s1=PALM(4347,1601)* [filtered=976]
cnt=2 s0=fng (223,1999) s1=PALM(4346,1603)* [filtered=977]
cnt=2 s0=fng (226,1990) s1=PALM(4346,1606)* [filtered=978]
cnt=2 s0=fng (230,1981) s1=fng (4345,1610) [filtered=978]
cnt=2 s0=fng (232,1973) s1=fng (4345,1613) [filtered=978]
cnt=2 s0=fng (235,1966) s1=fng (4344,1617) [filtered=978]
cnt=2 s0=fng (238,1959) s1=fng (4343,1621) [filtered=978]
cnt=2 s0=fng (240,1953) s1=fng (4343,1624) [filtered=978]
cnt=2 s0=fng (241,1946) s1=fng (4342,1628) [filtered=978]
cnt=2 s0=fng (242,1940) s1=fng (4341,1632) [filtered=978]
cnt=2 s0=fng (242,1935) s1=fng (4341,1635) [filtered=978]
cnt=2 s0=fng (243,1929) s1=fng (4340,1639) [filtered=978]
cnt=2 s0=fng (245,1923) s1=fng (4339,1644) [filtered=978]
cnt=2 s0=fng (246,1918) s1=fng (4339,1648) [filtered=978]
cnt=2 s0=fng (247,1914) s1=fng (4338,1654) [filtered=978]
cnt=2 s0=fng (248,1910) s1=fng (4338,1659) [filtered=978]
cnt=2 s0=fng (249,1906) s1=fng (4337,1663) [filtered=978]
cnt=2 s0=fng (250,1902) s1=fng (4336,1668) [filtered=978]
cnt=2 s0=fng (251,1898) s1=fng (4335,1672) [filtered=978]
cnt=2 s0=fng (252,1894) s1=fng (4335,1676) [filtered=978]
cnt=2 s0=fng (254,1890) s1=fng (4334,1681) [filtered=978]
cnt=2 s0=fng (255,1886) s1=fng (4334,1685) [filtered=978]
cnt=2 s0=fng (256,1882) s1=fng (4334,1690) [filtered=978]
cnt=2 s0=fng (258,1877) s1=fng (4334,1695) [filtered=978]
cnt=2 s0=fng (259,1873) s1=fng (4334,1699) [filtered=978]
cnt=2 s0=fng (260,1869) s1=fng (4335,1704) [filtered=978]
cnt=2 s0=fng (260,1865) s1=fng (4335,1708) [filtered=978]
cnt=2 s0=fng (261,1861) s1=fng (4336,1712) [filtered=978]
cnt=2 s0=fng (263,1856) s1=fng (4337,1718) [filtered=978]
cnt=2 s0=fng (264,1852) s1=fng (4338,1723) [filtered=978]
cnt=2 s0=fng (265,1847) s1=fng (4339,1728) [filtered=978]
cnt=2 s0=fng (266,1842) s1=fng (4341,1734) [filtered=978]
cnt=2 s0=fng (266,1838) s1=fng (4342,1739) [filtered=978]
cnt=2 s0=fng (267,1833) s1=fng (4343,1743) [filtered=978]
cnt=2 s0=fng (267,1829) s1=fng (4344,1747) [filtered=978]
cnt=2 s0=fng (267,1824) s1=fng (4345,1751) [filtered=978]
cnt=2 s0=fng (268,1819) s1=fng (4347,1756) [filtered=978]
cnt=2 s0=fng (268,1815) s1=fng (4348,1760) [filtered=978]
cnt=2 s0=fng (268,1810) s1=fng (4349,1765) [filtered=978]
cnt=2 s0=fng (269,1805) s1=fng (4350,1770) [filtered=978]
cnt=2 s0=fng (269,1801) s1=fng (4351,1774) [filtered=978]
cnt=2 s0=fng (270,1796) s1=fng (4352,1778) [filtered=978]
cnt=2 s0=fng (270,1792) s1=fng (4353,1782) [filtered=978]
cnt=2 s0=fng (271,1787) s1=fng (4354,1785) [filtered=978]
cnt=2 s0=fng (272,1782) s1=fng (4355,1788) [filtered=978]
cnt=2 s0=fng (272,1778) s1=fng (4356,1791) [filtered=978]
cnt=2 s0=fng (273,1775) s1=fng (4357,1794) [filtered=978]
cnt=2 s0=fng (274,1771) s1=fng (4359,1797) [filtered=978]
cnt=2 s0=fng (274,1768) s1=fng (4360,1800) [filtered=978]
cnt=2 s0=fng (275,1765) s1=fng (4361,1802) [filtered=978]
cnt=2 s0=fng (276,1762) s1=fng (4363,1805) [filtered=978]
cnt=2 s0=fng (276,1760) s1=fng (4364,1807) [filtered=978]
cnt=2 s0=fng (277,1757) s1=fng (4366,1809) [filtered=978]
cnt=2 s0=fng (277,1755) s1=fng (4367,1811) [filtered=978]
cnt=2 s0=fng (278,1753) s1=fng (4369,1813) [filtered=978]
cnt=2 s0=fng (279,1752) s1=fng (4371,1814) [filtered=978]
cnt=2 s0=fng (280,1751) s1=fng (4372,1814) [filtered=978]
cnt=2 s0=fng (281,1750) s1=fng (4374,1815) [filtered=978]
cnt=2 s0=fng (282,1749) s1=fng (4377,1817) [filtered=978]
cnt=2 s0=fng (282,1748) s1=fng (4378,1818) [filtered=978]
cnt=2 s0=fng (283,1747) s1=fng (4380,1819) [filtered=978]
cnt=2 s0=fng (284,1747) s1=fng (4382,1820) [filtered=978]
cnt=2 s0=fng (285,1747) s1=fng (4383,1820) [filtered=978]
cnt=2 s0=fng (286,1747) s1=fng (4385,1821) [filtered=978]
cnt=2 s0=fng (287,1747) s1=fng (4388,1821) [filtered=978]
cnt=2 s0=fng (288,1747) s1=fng (4389,1821) [filtered=978]
cnt=2 s0=fng (289,1747) s1=fng (4391,1821) [filtered=978]
cnt=2 s0=fng (290,1747) s1=fng (4394,1821) [filtered=978]
cnt=2 s0=fng (291,1747) s1=fng (4395,1821) [filtered=978]
cnt=2 s0=fng (292,1747) s1=fng (4397,1821) [filtered=978]
cnt=2 s0=fng (293,1747) s1=fng (4398,1821) [filtered=978]
cnt=2 s0=fng (294,1748) s1=fng (4399,1821) [filtered=978]
cnt=2 s0=fng (295,1749) s1=fng (4401,1821) [filtered=978]
cnt=2 s0=fng (296,1749) s1=fng (4402,1821) [filtered=978]
cnt=2 s0=fng (297,1750) s1=fng (4403,1821) [filtered=978]
cnt=2 s0=fng (299,1752) s1=fng (4405,1821) [filtered=978]
cnt=2 s0=fng (300,1753) s1=fng (4406,1821) [filtered=978]
cnt=2 s0=fng (302,1755) s1=fng (4407,1821) [filtered=978]
cnt=2 s0=fng (304,1758) s1=fng (4408,1821) [filtered=978]
cnt=2 s0=fng (305,1760) s1=fng (4409,1821) [filtered=978]
cnt=2 s0=fng (307,1763) s1=fng (4410,1821) [filtered=978]
cnt=2 s0=fng (310,1766) s1=fng (4411,1821) [filtered=978]
cnt=2 s0=fng (311,1768) s1=fng (4411,1821) [filtered=978]
cnt=2 s0=fng (313,1772) s1=fng (4411,1820) [filtered=978]
cnt=2 s0=fng (316,1777) s1=fng (4412,1819) [filtered=978]
cnt=2 s0=fng (317,1781) s1=fng (4412,1819) [filtered=978]
cnt=2 s0=fng (319,1786) s1=fng (4413,1819) [filtered=978]
cnt=2 s0=fng (321,1791) s1=fng (4413,1818) [filtered=978]
cnt=2 s0=fng (322,1795) s1=PALM(4413,1818)* [filtered=979]
cnt=2 s0=fng (324,1800) s1=PALM(4413,1817)* [filtered=980]
cnt=2 s0=fng (326,1805) s1=PALM(4413,1816)* [filtered=981]
cnt=2 s0=fng (327,1809) s1=PALM(4413,1815)* [filtered=982]
cnt=2 s0=fng (328,1813) s1=PALM(4413,1814)* [filtered=983]
cnt=2 s0=fng (330,1817) s1=PALM(4413,1813)* [filtered=984]
cnt=2 s0=fng (332,1821) s1=PALM(4413,1812)* [filtered=985]
cnt=2 s0=fng (333,1824) s1=PALM(4413,1812)* [filtered=986]
cnt=2 s0=fng (334,1828) s1=PALM(4413,1811)* [filtered=987]
cnt=2 s0=fng (335,1832) s1=PALM(4413,1810)* [filtered=988]
cnt=2 s0=fng (335,1835) s1=PALM(4413,1810)* [filtered=989]
cnt=2 s0=fng (336,1837) s1=PALM(4413,1809)* [filtered=990]
cnt=2 s0=fng (337,1838) s1=PALM(4413,1808)* [filtered=991]
cnt=2 s0=fng (338,1838) s1=PALM(4413,1807)* [filtered=992]
cnt=2 s0=fng (339,1839) s1=PALM(4413,1806)* [filtered=993]
cnt=2 s0=fng (340,1840) s1=PALM(4413,1805)* [filtered=994]
cnt=2 s0=fng (341,1840) s1=PALM(4413,1804)* [filtered=995]
cnt=2 s0=fng (341,1840) s1=PALM(4414,1803)* [filtered=996]
cnt=2 s0=fng (341,1840) s1=PALM(4415,1802)* [filtered=997]
cnt=2 s0=fng (341,1840) s1=PALM(4416,1801)* [filtered=998]
cnt=2 s0=fng (341,1840) s1=PALM(4416,1800)* [filtered=999]
cnt=2 s0=fng (341,1840) s1=PALM(4417,1799)* [filtered=1000]
cnt=2 s0=fng (340,1840) s1=PALM(4418,1797)* [filtered=1001]
cnt=2 s0=fng (338,1840) s1=PALM(4419,1796)* [filtered=1002]
cnt=2 s0=fng (337,1840) s1=PALM(4420,1795)* [filtered=1003]
cnt=2 s0=fng (336,1840) s1=PALM(4421,1793)* [filtered=1004]
cnt=2 s0=fng (334,1840) s1=fng (4423,1791) [filtered=1004]
cnt=2 s0=fng (331,1840) s1=fng (4425,1789) [filtered=1004]
cnt=2 s0=fng (330,1840) s1=fng (4426,1788) [filtered=1004]
cnt=2 s0=fng (327,1840) s1=fng (4427,1786) [filtered=1004]
cnt=2 s0=fng (323,1840) s1=fng (4428,1784) [filtered=1004]
cnt=2 s0=fng (319,1839) s1=fng (4430,1781) [filtered=1004]
cnt=2 s0=fng (313,1838) s1=fng (4432,1778) [filtered=1004]
cnt=2 s0=fng (308,1837) s1=fng (4433,1777) [filtered=1004]
cnt=2 s0=fng (303,1835) s1=fng (4434,1775) [filtered=1004]
cnt=2 s0=fng (298,1832) s1=fng (4436,1772) [filtered=1004]
cnt=2 s0=fng (293,1827) s1=fng (4438,1769) [filtered=1004]
cnt=2 s0=fng (288,1823) s1=fng (4439,1768) [filtered=1004]
cnt=2 s0=fng (283,1818) s1=fng (4440,1766) [filtered=1004]
cnt=2 s0=fng (283,1818) s1=fng (4441,1763) [filtered=1004]
cnt=1 s1=fng (4441,1763) [filtered=1004]
cnt=1 s1=fng (4443,1760) [filtered=1004]
cnt=1 s1=fng (4444,1757) [filtered=1004]
cnt=1 s1=fng (4446,1754) [filtered=1004]
cnt=1 s1=fng (4447,1752) [filtered=1004]
cnt=1 s1=fng (4448,1750) [filtered=1004]
cnt=1 s1=fng (4449,1748) [filtered=1004]
cnt=1 s1=fng (4451,1746) [filtered=1004]
cnt=1 s1=fng (4452,1745) [filtered=1004]
cnt=1 s1=fng (4453,1744) [filtered=1004]
cnt=1 s1=fng (4454,1743) [filtered=1004]
cnt=1 s1=fng (4456,1742) [filtered=1004]
cnt=1 s1=fng (4458,1741) [filtered=1004]
cnt=1 s1=fng (4459,1740) [filtered=1004]
cnt=1 s1=fng (4460,1739) [filtered=1004]
cnt=1 s1=fng (4461,1739) [filtered=1004]
cnt=1 s1=fng (4462,1738) [filtered=1004]
cnt=1 s1=fng (4463,1737) [filtered=1004]
cnt=1 s1=fng (4463,1737) [filtered=1004]
cnt=1 s1=fng (4464,1737) [filtered=1004]
cnt=1 s1=fng (4464,1736) [filtered=1004]
cnt=1 s1=fng (4465,1736) [filtered=1004]
cnt=1 s1=fng (4466,1736) [filtered=1004]
cnt=1 s1=fng (4467,1736) [filtered=1004]
cnt=1 s1=fng (4468,1736) [filtered=1004]
cnt=1 s1=fng (4469,1737) [filtered=1004]
cnt=1 s1=fng (4471,1738) [filtered=1004]
cnt=1 s1=fng (4472,1738) [filtered=1004]
cnt=1 s1=fng (4474,1739) [filtered=1004]
cnt=1 s1=fng (4477,1742) [filtered=1004]
cnt=1 s1=fng (4481,1745) [filtered=1004]
cnt=1 s1=fng (4486,1750) [filtered=1004]
cnt=1 s1=fng (4490,1753) [filtered=1004]
cnt=1 s1=fng (4495,1758) [filtered=1004]
cnt=1 s1=fng (4500,1763) [filtered=1004]
cnt=1 s1=fng (4506,1768) [filtered=1004]
cnt=1 s1=fng (4511,1772) [filtered=1004]
cnt=1 s1=fng (4517,1777) [filtered=1004]
cnt=1 s1=fng (4523,1783) [filtered=1004]
cnt=1 s1=fng (4529,1789) [filtered=1004]
cnt=1 s1=fng (4535,1795) [filtered=1004]
cnt=1 s1=fng (4541,1801) [filtered=1004]
cnt=1 s1=fng (4546,1807) [filtered=1004]
cnt=1 s1=fng (4546,1807) [filtered=1004]
cnt=1 s0=fng (4721,1817) [filtered=1004]
cnt=1 s0=fng (4720,1816) [filtered=1004]
cnt=1 s0=fng (4720,1816) [filtered=1004]
cnt=1 s0=fng (4719,1815) [filtered=1004]
cnt=1 s0=fng (4718,1814) [filtered=1004]
cnt=1 s0=fng (4716,1813) [filtered=1004]
cnt=1 s0=fng (4715,1812) [filtered=1004]
cnt=1 s0=fng (4714,1811) [filtered=1004]
cnt=1 s0=fng (4712,1810) [filtered=1004]
cnt=1 s0=fng (4711,1809) [filtered=1004]
cnt=1 s0=fng (4710,1808) [filtered=1004]
cnt=1 s0=fng (4709,1807) [filtered=1004]
cnt=1 s0=fng (4708,1806) [filtered=1004]
cnt=1 s0=fng (4707,1806) [filtered=1004]
cnt=1 s0=fng (4706,1805) [filtered=1004]
cnt=1 s0=fng (4706,1804) [filtered=1004]
cnt=1 s0=fng (4706,1804) [filtered=1004]
cnt=1 s0=fng (4706,1804) [filtered=1004]
cnt=1 s0=fng (4706,1804) [filtered=1004]
cnt=1 s0=fng (4706,1803) [filtered=1004]
cnt=1 s0=fng (4706,1803) [filtered=1004]
cnt=1 s0=fng (4706,1803) [filtered=1004]
cnt=1 s0=fng (4706,1802) [filtered=1004]
cnt=1 s0=fng (4706,1801) [filtered=1004]
cnt=1 s0=fng (4706,1800) [filtered=1004]
cnt=1 s0=fng (4670,1546) [filtered=1004]
cnt=1 s0=fng (4670,1546) [filtered=1004]
cnt=1 s0=fng (4670,1545) [filtered=1004]
cnt=1 s0=fng (4670,1545) [filtered=1004]
cnt=1 s0=fng (4670,1544) [filtered=1004]
cnt=1 s0=fng (4670,1544) [filtered=1004]
cnt=1 s0=fng (4670,1544) [filtered=1004]
cnt=1 s0=fng (4670,1544) [filtered=1004]
cnt=1 s0=fng (4670,1544) [filtered=1004]
cnt=1 s0=fng (4670,1545) [filtered=1004]
cnt=1 s0=fng (4670,1546) [filtered=1004]
cnt=1 s0=fng (4670,1547) [filtered=1004]
cnt=1 s0=fng (4671,1548) [filtered=1004]
cnt=1 s0=fng (4671,1548) [filtered=1004]
cnt=1 s0=fng (4672,1549) [filtered=1004]
cnt=1 s0=fng (4674,1552) [filtered=1004]
cnt=1 s0=fng (4676,1557) [filtered=1004]
cnt=1 s0=fng (4678,1561) [filtered=1004]
cnt=1 s0=fng (4679,1564) [filtered=1004]
cnt=1 s0=fng (4736,1739) [filtered=1004]
cnt=1 s0=fng (4735,1738) [filtered=1004]
cnt=1 s0=fng (4734,1738) [filtered=1004]
cnt=1 s0=fng (4733,1737) [filtered=1004]
cnt=1 s0=fng (4732,1736) [filtered=1004]
cnt=1 s0=fng (4731,1735) [filtered=1004]
cnt=1 s0=fng (4731,1734) [filtered=1004]
cnt=1 s0=fng (4731,1734) [filtered=1004]
cnt=1 s0=fng (4731,1734) [filtered=1004]
cnt=1 s0=fng (4731,1734) [filtered=1004]
cnt=1 s0=fng (4731,1734) [filtered=1004]
cnt=1 s0=fng (4650,1565) [filtered=1004]
cnt=1 s0=fng (4650,1565) [filtered=1004]
cnt=1 s0=fng (4650,1565) [filtered=1004]
cnt=1 s0=fng (4650,1565) [filtered=1004]
cnt=1 s0=fng (4650,1565) [filtered=1004]
cnt=1 s0=fng (4650,1565) [filtered=1004]
cnt=1 s0=fng (4650,1565) [filtered=1004]
cnt=1 s0=fng (4650,1565) [filtered=1004]
cnt=1 s0=fng (4650,1565) [filtered=1004]
cnt=1 s0=fng (4650,1565) [filtered=1004]
cnt=1 s0=fng (4650,1565) [filtered=1004]
cnt=1 s0=fng (4650,1565) [filtered=1004]
cnt=1 s0=fng (4650,1565) [filtered=1004]
cnt=1 s0=fng (4650,1565) [filtered=1004]
cnt=1 s0=fng (4650,1565) [filtered=1004]
cnt=1 s0=fng (4650,1565) [filtered=1004]
cnt=1 s0=fng (4650,1565) [filtered=1004]
cnt=1 s0=fng (4650,1565) [filtered=1004]
cnt=1 s0=fng (4650,1565) [filtered=1004]
cnt=1 s0=fng (4650,1565) [filtered=1004]
cnt=1 s0=fng (4650,1565) [filtered=1004]
cnt=1 s0=fng (4650,1565) [filtered=1004]
cnt=1 s0=fng (4650,1565) [filtered=1004]
cnt=1 s0=fng (4650,1565) [filtered=1004]
cnt=1 s0=fng (4650,1565) [filtered=1004]
cnt=1 s0=fng (4650,1565) [filtered=1004]
cnt=1 s0=fng (4650,1565) [filtered=1004]
cnt=1 s0=fng (4650,1565) [filtered=1004]
cnt=1 s0=fng (4650,1565) [filtered=1004]
cnt=1 s0=fng (4650,1565) [filtered=1004]
cnt=1 s0=fng (4650,1565)* [filtered=1004]
cnt=1 s0=fng (4650,1565)* [filtered=1004]
cnt=1 s0=fng (4650,1565)* [filtered=1004]
cnt=1 s0=fng (4650,1565)* [filtered=1004]
cnt=1 s0=fng (4650,1565)* [filtered=1004]
cnt=1 s0=fng (4650,1565)* [filtered=1004]
cnt=1 s0=fng (4650,1565)* [filtered=1004]
cnt=1 s0=fng (4650,1565)* [filtered=1004]
cnt=1 s0=fng (4650,1565)* [filtered=1004]
cnt=1 s0=fng (4650,1565)* [filtered=1004]
cnt=1 s0=fng (4650,1565)* [filtered=1004]
cnt=1 s0=fng (4650,1565)* [filtered=1004]
cnt=1 s0=fng (4650,1565)* [filtered=1004]
cnt=1 s0=fng (4650,1565)* [filtered=1004]
cnt=1 s0=fng (4650,1565)* [filtered=1004]
cnt=1 s0=fng (4650,1565)* [filtered=1004]
cnt=1 s0=fng (4650,1565)* [filtered=1004]
cnt=1 s0=fng (4650,1565)* [filtered=1004]
cnt=1 s0=fng (4650,1565)* [filtered=1004]
cnt=1 s0=fng (4650,1565)* [filtered=1004]
cnt=1 s0=fng (4650,1565)* [filtered=1004]
cnt=1 s0=fng (4650,1565)* [filtered=1004]
cnt=1 s0=fng (4650,1565)* [filtered=1004]
cnt=1 s0=fng (4650,1565)* [filtered=1004]
cnt=1 s0=fng (4650,1565)* [filtered=1004]
cnt=1 s0=fng (4650,1565)* [filtered=1004]
cnt=1 s0=fng (4650,1565)* [filtered=1004]
cnt=1 s0=fng (4650,1565)* [filtered=1004]
cnt=1 s0=fng (4650,1565)* [filtered=1004]
cnt=1 s0=fng (4650,1565)* [filtered=1004]
cnt=1 s0=fng (4650,1565)* [filtered=1004]
cnt=1 s0=fng (4650,1565)* [filtered=1004]
cnt=1 s0=fng (4650,1565)* [filtered=1004]
cnt=1 s0=fng (4650,1565)* [filtered=1004]
cnt=1 s0=fng (4650,1565)* [filtered=1004]
cnt=1 s0=fng (4650,1565)* [filtered=1004]
cnt=1 s0=fng (4650,1565)* [filtered=1004]
cnt=1 s0=fng (4650,1565)* [filtered=1004]
cnt=1 s0=fng (4650,1565)* [filtered=1004]
cnt=1 s0=fng (4650,1565)* [filtered=1004]
cnt=1 s0=fng (4650,1565)* [filtered=1004]
cnt=1 s0=fng (4650,1565)* [filtered=1004]
cnt=1 s0=fng (4650,1565)* [filtered=1004]
cnt=1 s0=fng (4650,1565)* [filtered=1004]
cnt=1 s0=fng (4650,1565)* [filtered=1004]
cnt=1 s0=fng (4650,1565)* [filtered=1004]
cnt=1 s0=fng (4650,1565)* [filtered=1004]
cnt=1 s0=fng (4650,1565)* [filtered=1004]
cnt=1 s0=fng (4650,1565)* [filtered=1004]
cnt=1 s0=fng (4650,1565)* [filtered=1004]
cnt=1 s0=fng (4650,1565)* [filtered=1004]
cnt=1 s0=fng (4650,1565)* [filtered=1004]
cnt=1 s0=fng (4650,1565)* [filtered=1004]
cnt=1 s0=fng (4650,1565)* [filtered=1004]
cnt=1 s0=fng (4650,1565)* [filtered=1004]
cnt=1 s0=fng (4650,1565)* [filtered=1004]
cnt=1 s0=fng (4650,1565)* [filtered=1004]
cnt=1 s0=fng (4650,1565)* [filtered=1004]
cnt=1 s0=fng (4650,1565)* [filtered=1004]
cnt=1 s0=fng (4650,1565)* [filtered=1004]
cnt=1 s0=fng (4650,1565)* [filtered=1004]
cnt=1 s0=fng (4650,1565)* [filtered=1004]
cnt=1 s0=fng (4650,1565)* [filtered=1004]
cnt=1 s0=fng (4650,1565)* [filtered=1004]
cnt=1 s0=fng (4650,1565)* [filtered=1004]
cnt=1 s0=fng (4650,1565)* [filtered=1004]
cnt=1 s0=fng (4650,1565)* [filtered=1004]
cnt=1 s0=fng (4650,1565)* [filtered=1004]
cnt=1 s0=fng (4650,1565)* [filtered=1004]
cnt=1 s0=fng (4650,1565)* [filtered=1004]
cnt=1 s0=fng (4650,1565)* [filtered=1004]
cnt=1 s0=fng (4650,1565)* [filtered=1004]
cnt=1 s0=fng (4650,1565)* [filtered=1004]
cnt=1 s0=fng (4650,1565)* [filtered=1004]
cnt=1 s0=fng (4650,1565)* [filtered=1004]
cnt=1 s0=fng (4650,1565)* [filtered=1004]
cnt=1 s0=fng (4650,1565)* [filtered=1004]
cnt=1 s0=fng (4650,1565)* [filtered=1004]
cnt=1 s0=fng (4650,1565)* [filtered=1004]
cnt=1 s0=fng (4650,1565)* [filtered=1004]
cnt=1 s0=fng (4650,1565)* [filtered=1004]
cnt=1 s0=fng (4650,1565)* [filtered=1004]
cnt=1 s0=fng (4650,1565)* [filtered=1004]
cnt=1 s0=fng (4650,1565)* [filtered=1004]
cnt=1 s0=fng (4650,1565)* [filtered=1004]
cnt=1 s0=fng (4650,1565)* [filtered=1004]
cnt=1 s0=fng (4650,1565)* [filtered=1004]
cnt=1 s0=fng (4650,1565)* [filtered=1004]
cnt=1 s0=fng (4650,1565)* [filtered=1004]
cnt=1 s0=fng (4650,1565)* [filtered=1004]
cnt=1 s0=fng (4650,1565)* [filtered=1004]
cnt=1 s0=fng (4650,1565)* [filtered=1004]
cnt=1 s0=fng (4650,1565)* [filtered=1004]
cnt=1 s0=fng (4650,1565)* [filtered=1004]
cnt=1 s0=fng (4650,1565)* [filtered=1004]
cnt=1 s0=fng (4650,1565)* [filtered=1004]
cnt=1 s0=fng (4650,1565)* [filtered=1004]
cnt=1 s0=fng (4650,1565)* [filtered=1004]
cnt=1 s0=fng (4650,1565)* [filtered=1004]
cnt=1 s0=fng (4650,1565)* [filtered=1004]
cnt=1 s0=fng (4650,1565)* [filtered=1004]
cnt=1 s0=fng (4650,1565)* [filtered=1004]
cnt=1 s0=fng (4650,1565)* [filtered=1004]
cnt=1 s0=fng (4650,1565)* [filtered=1004]
cnt=1 s0=fng (4650,1565)* [filtered=1004]
cnt=1 s0=fng (4650,1565)* [filtered=1004]
cnt=1 s0=fng (4650,1565)* [filtered=1004]
cnt=1 s0=fng (4650,1565)* [filtered=1004]
cnt=1 s0=fng (4650,1565)* [filtered=1004]
cnt=1 s0=fng (4650,1565)* [filtered=1004]
cnt=1 s0=fng (4650,1565)* [filtered=1004]
cnt=1 s0=fng (4650,1565)* [filtered=1004]
cnt=1 s0=fng (4650,1565)* [filtered=1004]
cnt=1 s0=fng (4650,1565)* [filtered=1004]
cnt=1 s0=fng (4650,1565)* [filtered=1004]
cnt=1 s0=fng (4650,1565)* [filtered=1004]
cnt=1 s0=fng (4650,1565)* [filtered=1004]
cnt=1 s0=fng (4650,1565)* [filtered=1004]
cnt=1 s0=fng (4650,1565)* [filtered=1004]
cnt=1 s0=fng (4650,1565)* [filtered=1004]
cnt=1 s0=fng (4650,1565)* [filtered=1004]
cnt=1 s0=fng (4650,1565)* [filtered=1004]
cnt=1 s0=fng (4650,1565)* [filtered=1004]
cnt=1 s0=fng (4650,1565)* [filtered=1004]
cnt=1 s0=fng (4650,1565)* [filtered=1004]
cnt=1 s0=fng (4650,1565)* [filtered=1004]
cnt=1 s0=fng (4650,1565)* [filtered=1004]
cnt=1 s0=fng (4650,1565)* [filtered=1004]
cnt=1 s0=fng (4650,1565)* [filtered=1004]
cnt=1 s0=fng (4650,1565)* [filtered=1004]
cnt=1 s0=fng (4650,1565)* [filtered=1004]
cnt=1 s0=fng (4650,1565)* [filtered=1004]
cnt=1 s0=fng (4650,1565)* [filtered=1004]
cnt=1 s0=fng (4650,1565)* [filtered=1004]
cnt=1 s0=fng (4650,1565)* [filtered=1004]
cnt=1 s0=fng (4650,1565)* [filtered=1004]
cnt=1 s0=fng (4650,1565)* [filtered=1004]
cnt=1 s0=fng (4650,1565)* [filtered=1004]
cnt=1 s0=fng (4650,1565)* [filtered=1004]
cnt=1 s0=fng (4650,1565)* [filtered=1004]
cnt=1 s0=fng (4650,1565)* [filtered=1004]
cnt=1 s0=fng (4650,1565)* [filtered=1004]
cnt=1 s0=fng (4650,1565)* [filtered=1004]
cnt=1 s0=fng (4650,1565)* [filtered=1004]
cnt=1 s0=fng (4650,1565)* [filtered=1004]
cnt=1 s0=fng (4650,1565)* [filtered=1004]
cnt=1 s0=fng (4650,1565)* [filtered=1004]
cnt=1 s0=fng (4650,1565)* [filtered=1004]
cnt=1 s0=fng (4650,1565)* [filtered=1004]
cnt=1 s0=fng (4650,1565)* [filtered=1004]
cnt=1 s0=fng (4650,1565)* [filtered=1004]
cnt=1 s0=fng (4650,1565)* [filtered=1004]
cnt=1 s0=fng (4650,1565)* [filtered=1004]
cnt=1 s0=fng (4650,1565)* [filtered=1004]
cnt=1 s0=fng (4650,1565)* [filtered=1004]
cnt=1 s0=fng (4650,1565)* [filtered=1004]
cnt=1 s0=fng (4650,1565)* [filtered=1004]
cnt=1 s0=fng (4650,1565)* [filtered=1004]
cnt=1 s0=fng (4650,1565)* [filtered=1004]
cnt=1 s0=fng (4650,1565)* [filtered=1004]
cnt=1 s0=fng (4650,1565)* [filtered=1004]
cnt=1 s0=fng (4650,1565)* [filtered=1004]
cnt=1 s0=fng (4650,1565)* [filtered=1004]
cnt=1 s0=fng (4650,1565)* [filtered=1004]
cnt=1 s0=fng (4650,1565)* [filtered=1004]
cnt=1 s0=fng (4650,1565)* [filtered=1004]
cnt=1 s0=fng (4650,1565)* [filtered=1004]
cnt=1 s0=fng (4650,1565)* [filtered=1004]
cnt=1 s0=fng (4650,1565)* [filtered=1004]
cnt=1 s0=fng (4650,1565)* [filtered=1004]
cnt=1 s0=fng (4650,1565)* [filtered=1004]
cnt=1 s0=fng (4650,1565)* [filtered=1004]
cnt=1 s0=fng (4650,1565)* [filtered=1004]
cnt=1 s0=fng (4650,1565)* [filtered=1004]
cnt=1 s0=fng (4650,1565)* [filtered=1004]
cnt=1 s0=fng (4650,1565)* [filtered=1004]
cnt=1 s0=fng (4650,1565)* [filtered=1004]
cnt=1 s0=fng (4650,1565)* [filtered=1004]
cnt=1 s0=fng (4650,1565)* [filtered=1004]
cnt=1 s0=fng (4650,1565)* [filtered=1004]
cnt=1 s0=fng (4650,1565)* [filtered=1004]
cnt=1 s0=fng (4650,1565)* [filtered=1004]
cnt=1 s0=fng (4650,1565)* [filtered=1004]
cnt=1 s0=fng (4650,1565)* [filtered=1004]
cnt=1 s0=fng (4742,1665) [filtered=1004]
cnt=1 s0=fng (4742,1664) [filtered=1004]
cnt=1 s0=fng (4742,1664) [filtered=1004]
cnt=1 s0=fng (4742,1664) [filtered=1004]
cnt=1 s0=fng (4741,1663) [filtered=1004]
cnt=1 s0=fng (4740,1662) [filtered=1004]
cnt=1 s0=fng (4739,1661) [filtered=1004]
cnt=1 s0=fng (4738,1660) [filtered=1004]
cnt=1 s0=fng (4738,1659) [filtered=1004]
cnt=1 s0=fng (4737,1658) [filtered=1004]
cnt=1 s0=fng (4736,1657) [filtered=1004]
cnt=1 s0=fng (4734,1655) [filtered=1004]
cnt=1 s0=fng (4732,1653) [filtered=1004]
cnt=1 s0=fng (4731,1652) [filtered=1004]
cnt=1 s0=fng (4730,1651) [filtered=1004]
cnt=1 s0=fng (4728,1650) [filtered=1004]
cnt=1 s0=fng (4725,1647) [filtered=1004]
cnt=1 s0=fng (4723,1646) [filtered=1004]
cnt=1 s0=fng (4719,1643) [filtered=1004]
cnt=1 s0=fng (4714,1638) [filtered=1004]
cnt=1 s0=fng (4708,1633) [filtered=1004]
cnt=1 s0=fng (4700,1627) [filtered=1004]
cnt=1 s0=fng (4692,1623) [filtered=1004]
cnt=1 s0=fng (4683,1618) [filtered=1004]
cnt=1 s0=fng (4674,1613) [filtered=1004]
cnt=1 s0=fng (4665,1608) [filtered=1004]
cnt=1 s0=fng (4656,1603) [filtered=1004]
cnt=1 s0=fng (4648,1599) [filtered=1004]
cnt=1 s0=fng (4640,1594) [filtered=1004]
cnt=1 s0=fng (4632,1590) [filtered=1004]
cnt=1 s0=fng (4624,1586) [filtered=1004]
cnt=1 s0=fng (4617,1583) [filtered=1004]
cnt=1 s0=fng (4611,1580) [filtered=1004]
cnt=1 s0=fng (4606,1577) [filtered=1004]
cnt=1 s0=fng (4602,1574) [filtered=1004]
cnt=1 s0=fng (4598,1571) [filtered=1004]
cnt=1 s0=fng (4595,1569) [filtered=1004]
cnt=1 s0=fng (4593,1568) [filtered=1004]
cnt=1 s0=fng (4592,1567) [filtered=1004]
cnt=1 s0=fng (4591,1565) [filtered=1004]
cnt=1 s0=fng (4589,1563) [filtered=1004]
cnt=1 s0=fng (4588,1562) [filtered=1004]
cnt=1 s0=fng (4587,1561) [filtered=1004]
cnt=1 s0=fng (4586,1560) [filtered=1004]
cnt=1 s0=fng (4585,1559) [filtered=1004]
cnt=1 s0=fng (4585,1559) [filtered=1004]
cnt=1 s0=fng (4585,1558) [filtered=1004]
cnt=1 s0=fng (4585,1558) [filtered=1004]
cnt=1 s0=fng (4585,1558) [filtered=1004]
cnt=1 s0=fng (4585,1558) [filtered=1004]
cnt=1 s0=fng (4585,1558) [filtered=1004]
cnt=1 s0=fng (4585,1558) [filtered=1004]
cnt=1 s0=fng (4585,1558) [filtered=1004]
cnt=1 s0=fng (4586,1558) [filtered=1004]
cnt=1 s0=fng (4586,1558) [filtered=1004]
cnt=1 s0=fng (4586,1558) [filtered=1004]
cnt=1 s0=fng (4586,1558) [filtered=1004]
cnt=1 s0=fng (4586,1558) [filtered=1004]
cnt=1 s0=fng (4586,1558) [filtered=1004]
cnt=1 s0=fng (4586,1558) [filtered=1004]
cnt=1 s0=fng (4586,1558) [filtered=1004]
cnt=1 s0=fng (4586,1558) [filtered=1004]
cnt=1 s0=fng (4586,1558) [filtered=1004]
cnt=1 s0=fng (4586,1558) [filtered=1004]
cnt=1 s0=fng (4586,1558) [filtered=1004]
cnt=1 s0=fng (4586,1558) [filtered=1004]
cnt=1 s0=fng (4586,1558) [filtered=1004]
cnt=1 s0=fng (4586,1558) [filtered=1004]
cnt=1 s0=fng (4586,1558) [filtered=1004]
cnt=1 s0=fng (4586,1558) [filtered=1004]
cnt=1 s0=fng (4586,1558)* [filtered=1004]
cnt=1 s0=fng (4586,1558)* [filtered=1004]
cnt=1 s0=fng (4586,1558)* [filtered=1004]
cnt=1 s0=fng (4586,1558)* [filtered=1004]
cnt=1 s0=fng (4586,1558)* [filtered=1004]
cnt=1 s0=fng (4586,1558)* [filtered=1004]
cnt=1 s0=fng (4586,1558)* [filtered=1004]
cnt=1 s0=fng (4586,1558)* [filtered=1004]
cnt=1 s0=fng (4586,1558)* [filtered=1004]
cnt=1 s0=fng (4586,1558)* [filtered=1004]
cnt=1 s0=fng (4586,1558)* [filtered=1004]
cnt=1 s0=fng (4585,1558)* [filtered=1004]
cnt=1 s0=fng (4585,1558)* [filtered=1004]
cnt=1 s0=fng (4585,1558)* [filtered=1004]
cnt=1 s0=fng (4584,1558)* [filtered=1004]
cnt=1 s0=fng (4583,1558)* [filtered=1004]
cnt=1 s0=fng (4583,1558)* [filtered=1004]
cnt=1 s0=fng (4582,1558)* [filtered=1004]
cnt=1 s0=fng (4582,1558)* [filtered=1004]
cnt=1 s0=fng (4582,1558)* [filtered=1004]
cnt=1 s0=fng (4581,1558)* [filtered=1004]
cnt=1 s0=fng (4581,1558)* [filtered=1004]
cnt=1 s0=fng (4580,1558)* [filtered=1004]
cnt=1 s0=fng (4580,1558)* [filtered=1004]
cnt=1 s0=fng (4579,1558)* [filtered=1004]
cnt=1 s0=fng (4579,1558)* [filtered=1004]
cnt=1 s0=fng (4578,1558)* [filtered=1004]
cnt=1 s0=fng (4578,1558)* [filtered=1004]
cnt=1 s0=fng (4578,1558)* [filtered=1004]
cnt=1 s0=fng (4577,1558)* [filtered=1004]
cnt=1 s0=fng (4577,1558)* [filtered=1004]
cnt=1 s0=fng (4577,1558)* [filtered=1004]
cnt=1 s0=fng (4577,1558)* [filtered=1004]
cnt=1 s0=fng (4577,1558)* [filtered=1004]
cnt=1 s0=fng (4577,1558)* [filtered=1004]
cnt=1 s0=fng (4577,1558)* [filtered=1004]
cnt=1 s0=fng (4577,1558)* [filtered=1004]
cnt=1 s0=fng (4577,1558)* [filtered=1004]
cnt=1 s0=fng (4577,1558)* [filtered=1004]
cnt=1 s0=fng (4577,1558)* [filtered=1004]
cnt=1 s0=fng (4577,1558)* [filtered=1004]
cnt=1 s0=fng (4577,1558)* [filtered=1004]
cnt=1 s0=fng (4577,1558)* [filtered=1004]
cnt=1 s0=fng (4576,1558)* [filtered=1004]
cnt=1 s0=fng (4575,1558)* [filtered=1004]
cnt=1 s0=fng (4575,1558)* [filtered=1004]
cnt=1 s0=fng (4575,1558)* [filtered=1004]
cnt=1 s0=fng (4575,1558)* [filtered=1004]
cnt=1 s0=fng (4574,1558)* [filtered=1004]
cnt=1 s0=fng (4574,1558)* [filtered=1004]
cnt=1 s0=fng (4574,1558)* [filtered=1004]
cnt=1 s0=fng (4574,1558)* [filtered=1004]
cnt=1 s0=fng (4574,1558)* [filtered=1004]
cnt=1 s0=fng (4574,1558)* [filtered=1004]
cnt=1 s0=fng (4574,1558)* [filtered=1004]
cnt=1 s0=fng (4574,1558)* [filtered=1004]
cnt=1 s0=fng (4574,1558)* [filtered=1004]
cnt=1 s0=fng (4574,1558)* [filtered=1004]
cnt=1 s0=fng (4574,1558)* [filtered=1004]
cnt=1 s0=fng (4574,1558)* [filtered=1004]
cnt=1 s0=fng (4574,1558)* [filtered=1004]
cnt=1 s0=fng (4574,1558)* [filtered=1004]
cnt=1 s0=fng (4575,1558)* [filtered=1004]
cnt=1 s0=fng (4575,1558)* [filtered=1004]
cnt=1 s0=fng (4576,1558)* [filtered=1004]
cnt=1 s0=fng (4576,1558)* [filtered=1004]
cnt=1 s0=fng (4577,1558)* [filtered=1004]
cnt=1 s0=fng (4578,1558)* [filtered=1004]
cnt=1 s0=fng (4579,1558)* [filtered=1004]
cnt=1 s0=fng (4580,1558)* [filtered=1004]
cnt=1 s0=fng (4580,1558)* [filtered=1004]
cnt=1 s0=fng (4581,1559)* [filtered=1004]
cnt=1 s0=fng (4582,1560)* [filtered=1004]
cnt=1 s0=fng (4584,1561)* [filtered=1004]
cnt=1 s0=fng (4586,1562)* [filtered=1004]
cnt=1 s0=fng (4587,1563)* [filtered=1004]
cnt=1 s0=fng (4588,1564)* [filtered=1004]
cnt=1 s0=fng (4590,1567) [filtered=1004]
cnt=1 s0=fng (4593,1570) [filtered=1004]
cnt=1 s0=fng (4596,1574) [filtered=1004]
cnt=1 s0=fng (4598,1577) [filtered=1004]
cnt=1 s0=fng (4602,1582) [filtered=1004]
cnt=1 s0=fng (4607,1587) [filtered=1004]
cnt=1 s0=fng (4612,1592) [filtered=1004]
cnt=1 s0=fng (4617,1596) [filtered=1004]
cnt=1 s0=fng (4622,1600) [filtered=1004]
cnt=1 s0=fng (4627,1603) [filtered=1004]
cnt=1 s0=fng (4633,1605) [filtered=1004]
cnt=1 s0=fng (4639,1608) [filtered=1004]
cnt=1 s0=fng (4644,1610) [filtered=1004]
cnt=1 s0=fng (4649,1613) [filtered=1004]
cnt=1 s0=fng (4654,1617) [filtered=1004]
cnt=1 s0=fng (4660,1621) [filtered=1004]
cnt=1 s0=fng (4734,1643) [filtered=1004]
cnt=1 s0=fng (4734,1643) [filtered=1004]
cnt=1 s0=fng (4734,1643) [filtered=1004]
cnt=1 s0=fng (4734,1643) [filtered=1004]
cnt=1 s0=fng (4734,1643) [filtered=1004]
cnt=1 s0=fng (4734,1642) [filtered=1004]
cnt=1 s0=fng (4734,1642) [filtered=1004]
cnt=1 s0=fng (4734,1642) [filtered=1004]
cnt=1 s0=fng (4734,1642) [filtered=1004]
cnt=1 s0=fng (4734,1641) [filtered=1004]
cnt=1 s0=fng (4734,1641) [filtered=1004]
cnt=1 s0=fng (4734,1641) [filtered=1004]
cnt=1 s0=fng (4734,1640) [filtered=1004]
cnt=1 s0=fng (4734,1640) [filtered=1004]
cnt=1 s0=fng (4734,1639) [filtered=1004]
cnt=1 s0=fng (4734,1638) [filtered=1004]
cnt=1 s0=fng (4734,1638) [filtered=1004]
cnt=1 s0=fng (4734,1638) [filtered=1004]
cnt=1 s0=fng (4734,1637) [filtered=1004]
cnt=1 s0=fng (4734,1637) [filtered=1004]
cnt=1 s0=fng (4734,1636) [filtered=1004]
cnt=1 s0=fng (4734,1636) [filtered=1004]
cnt=1 s0=fng (4734,1635) [filtered=1004]
cnt=1 s0=fng (4734,1635) [filtered=1004]
cnt=1 s0=fng (4734,1634) [filtered=1004]
cnt=1 s0=fng (4734,1634) [filtered=1004]
cnt=1 s0=fng (4734,1634) [filtered=1004]
cnt=1 s0=fng (4733,1633) [filtered=1004]
cnt=1 s0=fng (4732,1631) [filtered=1004]
cnt=1 s0=fng (4731,1630) [filtered=1004]
cnt=1 s0=fng (4731,1629)* [filtered=1004]
cnt=1 s0=fng (4730,1628)* [filtered=1004]
cnt=1 s0=fng (4729,1626)* [filtered=1004]
cnt=1 s0=fng (4728,1625)* [filtered=1004]
cnt=1 s0=fng (4727,1624)* [filtered=1004]
cnt=1 s0=fng (4727,1623)* [filtered=1004]
cnt=1 s0=fng (4725,1622)* [filtered=1004]
cnt=1 s0=fng (4723,1620) [filtered=1004]
cnt=1 s0=fng (4721,1618) [filtered=1004]
cnt=1 s0=fng (4720,1617) [filtered=1004]
cnt=1 s0=fng (4719,1615) [filtered=1004]
cnt=1 s0=fng (4717,1613) [filtered=1004]
cnt=1 s0=fng (4715,1611) [filtered=1004]
cnt=1 s0=fng (4713,1609) [filtered=1004]
cnt=1 s0=fng (4712,1608) [filtered=1004]
cnt=1 s0=fng (4711,1606) [filtered=1004]
cnt=1 s0=fng (4709,1604) [filtered=1004]
cnt=1 s0=fng (4707,1602) [filtered=1004]
cnt=1 s0=fng (4705,1600) [filtered=1004]
cnt=1 s0=fng (4704,1599) [filtered=1004]
cnt=1 s0=fng (4703,1598) [filtered=1004]
cnt=1 s0=fng (4702,1597) [filtered=1004]
cnt=1 s0=fng (4700,1596) [filtered=1004]
cnt=1 s0=fng (4699,1595) [filtered=1004]
cnt=1 s0=fng (4698,1594) [filtered=1004]
cnt=1 s0=fng (4697,1593) [filtered=1004]
cnt=1 s0=fng (4696,1593) [filtered=1004]
cnt=1 s0=fng (4695,1592) [filtered=1004]
cnt=1 s0=fng (4695,1592) [filtered=1004]
cnt=1 s0=fng (4695,1592) [filtered=1004]
cnt=1 s0=fng (4695,1592) [filtered=1004]
cnt=1 s0=fng (4695,1592) [filtered=1004]
cnt=1 s0=fng (4695,1592) [filtered=1004]
cnt=1 s0=fng (4695,1592) [filtered=1004]
cnt=1 s0=fng (4695,1592) [filtered=1004]
cnt=1 s0=fng (4695,1592) [filtered=1004]
cnt=1 s0=fng (4695,1592) [filtered=1004]
cnt=1 s0=fng (4695,1592) [filtered=1004]
cnt=1 s0=fng (4695,1592) [filtered=1004]
cnt=1 s0=fng (4695,1592) [filtered=1004]
cnt=1 s0=fng (4695,1593) [filtered=1004]
cnt=1 s0=fng (4695,1594) [filtered=1004]
cnt=1 s0=fng (4695,1594) [filtered=1004]
cnt=1 s0=fng (4695,1595) [filtered=1004]
cnt=1 s0=fng (4695,1596) [filtered=1004]
cnt=1 s0=fng (4695,1597) [filtered=1004]
cnt=1 s0=fng (4695,1598) [filtered=1004]
cnt=1 s0=fng (4695,1599) [filtered=1004]
cnt=1 s0=fng (4695,1600)* [filtered=1004]
cnt=1 s0=fng (4695,1601)* [filtered=1004]
cnt=1 s0=fng (4695,1603)* [filtered=1004]
cnt=1 s0=fng (4695,1604)* [filtered=1004]
cnt=1 s0=fng (4695,1605)* [filtered=1004]
cnt=1 s0=fng (4695,1606)* [filtered=1004]
cnt=1 s0=fng (4695,1607)* [filtered=1004]
cnt=1 s0=fng (4695,1608)* [filtered=1004]
cnt=1 s0=fng (4695,1608)* [filtered=1004]
cnt=1 s0=fng (4695,1609)* [filtered=1004]
cnt=1 s0=fng (4695,1610)* [filtered=1004]
cnt=1 s0=fng (4695,1610)* [filtered=1004]
cnt=1 s0=fng (4695,1610)* [filtered=1004]
cnt=1 s0=fng (4695,1610)* [filtered=1004]
cnt=1 s0=fng (4694,1610)* [filtered=1004]
cnt=1 s0=fng (4693,1610)* [filtered=1004]
cnt=1 s0=fng (4692,1610)* [filtered=1004]
cnt=1 s0=fng (4692,1610)* [filtered=1004]
cnt=1 s0=fng (4691,1609)* [filtered=1004]
cnt=1 s0=fng (4689,1608)* [filtered=1004]
cnt=1 s0=fng (4687,1608)* [filtered=1004]
cnt=1 s0=fng (4685,1607)* [filtered=1004]
cnt=1 s0=fng (4684,1607)* [filtered=1004]
cnt=1 s0=fng (4682,1606)* [filtered=1004]
cnt=1 s0=fng (4680,1605)* [filtered=1004]
cnt=1 s0=fng (4678,1604)* [filtered=1004]
cnt=1 s0=fng (4676,1603)* [filtered=1004]
cnt=1 s0=fng (4675,1602)* [filtered=1004]
cnt=1 s0=fng (4674,1601)* [filtered=1004]
cnt=1 s0=fng (4673,1600)* [filtered=1004]
cnt=1 s0=fng (4672,1599)* [filtered=1004]
cnt=1 s0=fng (4671,1599)* [filtered=1004]
cnt=1 s0=fng (4670,1598)* [filtered=1004]
cnt=1 s0=fng (4669,1597)* [filtered=1004]
cnt=1 s0=fng (4668,1596)* [filtered=1004]
cnt=1 s0=fng (4667,1595)* [filtered=1004]
cnt=1 s0=fng (4667,1595)* [filtered=1004]
cnt=1 s0=fng (4666,1595)* [filtered=1004]
cnt=1 s0=fng (4665,1594)* [filtered=1004]
cnt=1 s0=fng (4664,1593)* [filtered=1004]
cnt=1 s0=fng (4663,1593)* [filtered=1004]
cnt=1 s0=fng (4663,1593)* [filtered=1004]
cnt=1 s0=fng (4662,1592)* [filtered=1004]
cnt=1 s0=fng (4661,1592)* [filtered=1004]
cnt=1 s0=fng (4660,1591)* [filtered=1004]
cnt=1 s0=fng (4659,1590)* [filtered=1004]
cnt=1 s0=fng (4659,1590)* [filtered=1004]
cnt=1 s0=fng (4658,1589)* [filtered=1004]
cnt=1 s0=fng (4657,1588)* [filtered=1004]
cnt=1 s0=fng (4655,1587)* [filtered=1004]
cnt=1 s0=fng (4654,1586)* [filtered=1004]
cnt=1 s0=fng (4652,1585)* [filtered=1004]
cnt=1 s0=fng (4649,1584) [filtered=1004]
cnt=1 s0=fng (4645,1583) [filtered=1004]
cnt=1 s0=fng (4641,1581) [filtered=1004]
cnt=1 s0=fng (4638,1580) [filtered=1004]
cnt=1 s0=fng (4634,1579) [filtered=1004]
cnt=1 s0=fng (4630,1578) [filtered=1004]
cnt=1 s0=fng (4626,1576) [filtered=1004]
cnt=1 s0=fng (4623,1575) [filtered=1004]
cnt=1 s0=fng (4620,1574) [filtered=1004]
cnt=1 s0=fng (4616,1572) [filtered=1004]
cnt=1 s0=fng (4612,1571) [filtered=1004]
cnt=2 s0=PALM(4609,1570) s1=fng (1326,29) [filtered=1005]
cnt=2 s0=PALM(4607,1569) s1=fng (1326,29) [filtered=1006]
cnt=2 s0=PALM(4602,1567) s1=fng (1326,29) [filtered=1007]
cnt=2 s0=PALM(4598,1565) s1=fng (1326,29) [filtered=1008]
cnt=2 s0=PALM(4596,1563) s1=fng (1326,29) [filtered=1009]
cnt=2 s0=PALM(4594,1562) s1=fng (1326,29) [filtered=1010]
cnt=2 s0=PALM(4593,1561) s1=fng (1326,29) [filtered=1011]
cnt=2 s0=PALM(4592,1560) s1=fng (1326,29) [filtered=1012]
cnt=2 s0=PALM(4591,1559) s1=fng (1326,29) [filtered=1013]
cnt=2 s0=PALM(4589,1558) s1=fng (1326,29) [filtered=1014]
cnt=2 s0=PALM(4588,1557) s1=fng (1326,29) [filtered=1015]
cnt=2 s0=PALM(4587,1556) s1=fng (1326,29) [filtered=1016]
cnt=2 s0=PALM(4586,1556) s1=fng (1326,29) [filtered=1017]
cnt=2 s0=PALM(4585,1555) s1=fng (1326,29) [filtered=1018]
cnt=2 s0=PALM(4584,1555) s1=fng (1326,29) [filtered=1019]
cnt=2 s0=PALM(4584,1555) s1=fng (1326,29) [filtered=1020]
cnt=2 s0=PALM(4583,1554) s1=fng (1326,29) [filtered=1021]
cnt=2 s0=PALM(4582,1553) s1=fng (1326,29) [filtered=1022]
cnt=2 s0=PALM(4581,1552) s1=fng (1326,29) [filtered=1023]
cnt=2 s0=PALM(4580,1551) s1=fng (1326,29) [filtered=1024]
cnt=2 s0=PALM(4579,1551) s1=fng (1326,29) [filtered=1025]
cnt=1 s0=fng (4578,1550) [filtered=1025]
cnt=1 s0=fng (4578,1550) [filtered=1025]
cnt=1 s0=fng (4577,1549) [filtered=1025]
cnt=1 s0=fng (4577,1548) [filtered=1025]
cnt=1 s0=fng (4577,1548) [filtered=1025]
cnt=1 s0=fng (4576,1548) [filtered=1025]
cnt=1 s0=fng (4575,1547) [filtered=1025]
cnt=1 s0=fng (4575,1547) [filtered=1025]
cnt=1 s0=fng (4575,1547) [filtered=1025]
cnt=1 s0=fng (4574,1546) [filtered=1025]
cnt=1 s0=fng (4574,1546) [filtered=1025]
cnt=1 s0=fng (4573,1545) [filtered=1025]
cnt=1 s0=fng (4572,1544) [filtered=1025]
cnt=1 s0=fng (4571,1543)* [filtered=1025]
cnt=1 s0=fng (4570,1542)* [filtered=1025]
cnt=1 s0=fng (4568,1541)* [filtered=1025]
cnt=1 s0=fng (4566,1539) [filtered=1025]
cnt=1 s0=fng (4564,1537) [filtered=1025]
cnt=1 s0=fng (4563,1536) [filtered=1025]
cnt=1 s0=fng (4561,1534) [filtered=1025]
cnt=1 s0=fng (4558,1532) [filtered=1025]
cnt=1 s0=fng (4554,1530) [filtered=1025]
cnt=1 s0=fng (4552,1529) [filtered=1025]
cnt=1 s0=fng (4549,1528) [filtered=1025]
cnt=1 s0=fng (4546,1526) [filtered=1025]
cnt=1 s0=fng (4542,1525) [filtered=1025]
cnt=1 s0=fng (4538,1523) [filtered=1025]
cnt=1 s0=fng (4536,1522) [filtered=1025]
cnt=1 s0=fng (4533,1521) [filtered=1025]
cnt=1 s0=fng (4530,1520) [filtered=1025]
cnt=1 s0=fng (4527,1519) [filtered=1025]
cnt=1 s0=fng (4525,1518) [filtered=1025]
cnt=1 s0=fng (4524,1517) [filtered=1025]
cnt=1 s0=fng (4522,1516) [filtered=1025]
cnt=1 s0=fng (4521,1516) [filtered=1025]
cnt=1 s0=fng (4519,1515) [filtered=1025]
cnt=1 s0=fng (4518,1515) [filtered=1025]
cnt=1 s0=fng (4517,1514) [filtered=1025]
cnt=1 s0=fng (4516,1514) [filtered=1025]
cnt=1 s0=fng (4514,1513) [filtered=1025]
cnt=1 s0=fng (4512,1513) [filtered=1025]
cnt=1 s0=fng (4511,1513) [filtered=1025]
cnt=1 s0=fng (4510,1512) [filtered=1025]
cnt=1 s0=fng (4508,1512) [filtered=1025]
cnt=1 s0=fng (4506,1511) [filtered=1025]
cnt=1 s0=fng (4505,1511) [filtered=1025]
cnt=1 s0=fng (4503,1510) [filtered=1025]
cnt=1 s0=fng (4501,1510) [filtered=1025]
cnt=1 s0=fng (4498,1509) [filtered=1025]
cnt=1 s0=fng (4495,1509) [filtered=1025]
cnt=1 s0=fng (4494,1509) [filtered=1025]
cnt=1 s0=fng (4491,1508) [filtered=1025]
cnt=1 s0=fng (4488,1507) [filtered=1025]
cnt=1 s0=fng (4485,1507) [filtered=1025]
cnt=1 s0=fng (4482,1507) [filtered=1025]
cnt=1 s0=fng (4480,1507) [filtered=1025]
cnt=1 s0=fng (4477,1507) [filtered=1025]
cnt=1 s0=fng (4474,1507) [filtered=1025]
cnt=1 s0=fng (4471,1507) [filtered=1025]
cnt=1 s0=fng (4469,1507) [filtered=1025]
cnt=1 s0=fng (4467,1507) [filtered=1025]
cnt=1 s0=fng (4465,1506) [filtered=1025]
cnt=1 s0=fng (4463,1506) [filtered=1025]
cnt=1 s0=fng (4461,1506) [filtered=1025]
cnt=1 s0=fng (4460,1506) [filtered=1025]
cnt=1 s0=fng (4458,1506) [filtered=1025]
cnt=1 s0=fng (4455,1506) [filtered=1025]
cnt=1 s0=fng (4452,1506) [filtered=1025]
cnt=1 s0=fng (4450,1506) [filtered=1025]
cnt=1 s0=fng (4447,1506) [filtered=1025]
cnt=1 s0=fng (4446,1506) [filtered=1025]
cnt=1 s0=fng (4444,1506) [filtered=1025]
cnt=1 s0=fng (4442,1506) [filtered=1025]
cnt=1 s0=fng (4440,1506) [filtered=1025]
cnt=1 s0=fng (4439,1506) [filtered=1025]
cnt=1 s0=fng (4437,1506) [filtered=1025]
cnt=1 s0=fng (4435,1506) [filtered=1025]
cnt=1 s0=fng (4433,1506) [filtered=1025]
cnt=1 s0=fng (4432,1506) [filtered=1025]
cnt=1 s0=fng (4431,1505) [filtered=1025]
cnt=1 s0=fng (4429,1505) [filtered=1025]
cnt=1 s0=fng (4428,1504) [filtered=1025]
cnt=1 s0=fng (4427,1503)* [filtered=1025]
cnt=1 s0=fng (4425,1503)* [filtered=1025]
cnt=1 s0=fng (4424,1503)* [filtered=1025]
cnt=1 s0=fng (4424,1502)* [filtered=1025]
cnt=1 s0=fng (4423,1502)* [filtered=1025]
cnt=1 s0=fng (4423,1501)* [filtered=1025]
cnt=1 s0=fng (4423,1501)* [filtered=1025]
cnt=1 s0=fng (4422,1501)* [filtered=1025]
cnt=1 s0=fng (4422,1500)* [filtered=1025]
cnt=1 s0=fng (4421,1499)* [filtered=1025]
cnt=1 s0=fng (4421,1499)* [filtered=1025]
cnt=1 s0=fng (4420,1499)* [filtered=1025]
cnt=1 s0=fng (4420,1498)* [filtered=1025]
cnt=1 s0=fng (4420,1498)* [filtered=1025]
cnt=1 s0=fng (4420,1497)* [filtered=1025]
cnt=1 s0=fng (4420,1497)* [filtered=1025]
cnt=1 s0=fng (4420,1497)* [filtered=1025]
cnt=1 s0=fng (4420,1496)* [filtered=1025]
cnt=1 s0=fng (4420,1495)* [filtered=1025]
cnt=1 s0=fng (4420,1495)* [filtered=1025]
cnt=1 s0=fng (4420,1495)* [filtered=1025]
cnt=1 s0=fng (4420,1494)* [filtered=1025]
cnt=1 s0=fng (4419,1494)* [filtered=1025]
cnt=1 s0=fng (4419,1493)* [filtered=1025]
cnt=1 s0=fng (4419,1493)* [filtered=1025]
cnt=1 s0=fng (4418,1493)* [filtered=1025]
cnt=1 s0=fng (4417,1492)* [filtered=1025]
cnt=1 s0=fng (4416,1491)* [filtered=1025]
cnt=1 s0=fng (4416,1491)* [filtered=1025]
cnt=1 s0=fng (4415,1491)* [filtered=1025]
cnt=1 s0=fng (4414,1491)* [filtered=1025]
cnt=1 s0=fng (4413,1491)* [filtered=1025]
cnt=1 s0=fng (4413,1491)* [filtered=1025]
cnt=1 s0=fng (4413,1491)* [filtered=1025]
cnt=1 s0=fng (4412,1491)* [filtered=1025]
cnt=1 s0=fng (4411,1491)* [filtered=1025]
cnt=1 s0=fng (4411,1491)* [filtered=1025]
cnt=1 s0=fng (4411,1491)* [filtered=1025]
cnt=1 s0=fng (4410,1491)* [filtered=1025]
cnt=1 s0=fng (4410,1491)* [filtered=1025]
cnt=1 s0=fng (4410,1490)* [filtered=1025]
cnt=1 s0=fng (4410,1490)* [filtered=1025]
cnt=1 s0=fng (4410,1490)* [filtered=1025]
cnt=1 s0=fng (4410,1490)* [filtered=1025]
cnt=1 s0=fng (4410,1490)* [filtered=1025]
cnt=1 s0=fng (4411,1490)* [filtered=1025]
cnt=1 s0=fng (4411,1490)* [filtered=1025]
cnt=1 s0=fng (4411,1490)* [filtered=1025]
cnt=1 s0=fng (4412,1490)* [filtered=1025]
cnt=1 s0=fng (4413,1490)* [filtered=1025]
cnt=1 s0=fng (4414,1490)* [filtered=1025]
cnt=1 s0=fng (4415,1489)* [filtered=1025]
cnt=1 s0=fng (4417,1489)* [filtered=1025]
cnt=1 s0=fng (4419,1489)* [filtered=1025]
cnt=1 s0=fng (4422,1489)* [filtered=1025]
cnt=1 s0=fng (4423,1489)* [filtered=1025]
cnt=1 s0=fng (4426,1489)* [filtered=1025]
cnt=1 s0=fng (4430,1489) [filtered=1025]
cnt=1 s0=fng (4435,1490) [filtered=1025]
cnt=1 s0=fng (4440,1491) [filtered=1025]
cnt=1 s0=fng (4446,1492) [filtered=1025]
cnt=1 s0=fng (4450,1492) [filtered=1025]
cnt=1 s0=fng (4456,1493) [filtered=1025]
cnt=1 s0=fng (4462,1495) [filtered=1025]
cnt=1 s0=fng (4468,1497) [filtered=1025]
cnt=1 s0=fng (4473,1498) [filtered=1025]
cnt=1 s0=fng (4480,1501) [filtered=1025]
cnt=1 s0=fng (4487,1504) [filtered=1025]
cnt=1 s0=fng (4494,1509) [filtered=1025]
cnt=1 s0=fng (4501,1514) [filtered=1025]
cnt=1 s0=fng (4507,1517) [filtered=1025]
cnt=1 s0=fng (4514,1522) [filtered=1025]
cnt=1 s0=fng (4521,1527) [filtered=1025]
cnt=1 s0=fng (4528,1532) [filtered=1025]
cnt=1 s0=fng (4534,1537) [filtered=1025]
cnt=1 s0=fng (4539,1541) [filtered=1025]
cnt=1 s0=fng (4545,1546) [filtered=1025]
cnt=1 s0=fng (4550,1551) [filtered=1025]
cnt=1 s0=fng (4555,1556) [filtered=1025]
cnt=1 s0=fng (4559,1560) [filtered=1025]
cnt=1 s0=fng (4563,1565) [filtered=1025]
cnt=1 s0=fng (4567,1569) [filtered=1025]
cnt=1 s0=fng (4571,1573) [filtered=1025]
cnt=1 s0=fng (4574,1576) [filtered=1025]
cnt=1 s0=fng (4576,1578) [filtered=1025]
cnt=1 s0=fng (4578,1580) [filtered=1025]
cnt=1 s0=fng (4579,1581) [filtered=1025]
cnt=1 s0=fng (4581,1583) [filtered=1025]
cnt=1 s0=fng (4582,1585) [filtered=1025]
cnt=1 s0=fng (4583,1586) [filtered=1025]
cnt=1 s0=fng (4584,1587) [filtered=1025]
cnt=1 s0=fng (4585,1588) [filtered=1025]
cnt=1 s0=fng (4585,1588) [filtered=1025]
cnt=1 s0=fng (4585,1588) [filtered=1025]
cnt=1 s0=fng (4586,1589) [filtered=1025]
cnt=1 s0=fng (4586,1589) [filtered=1025]
cnt=1 s0=fng (4587,1590) [filtered=1025]
cnt=1 s0=fng (4587,1591) [filtered=1025]
cnt=1 s0=fng (4587,1591) [filtered=1025]
cnt=1 s0=fng (4588,1591) [filtered=1025]
cnt=1 s0=fng (4589,1592) [filtered=1025]
cnt=1 s0=fng (4590,1592) [filtered=1025]
cnt=1 s0=fng (4591,1593) [filtered=1025]
cnt=1 s0=fng (4592,1593) [filtered=1025]
cnt=1 s0=fng (4593,1593) [filtered=1025]
cnt=1 s0=fng (4594,1594) [filtered=1025]
cnt=1 s0=fng (4596,1595) [filtered=1025]
cnt=1 s0=fng (4598,1596) [filtered=1025]
cnt=1 s0=fng (4599,1596) [filtered=1025]
cnt=1 s0=fng (4600,1596) [filtered=1025]
cnt=1 s0=fng (4602,1597) [filtered=1025]
cnt=1 s0=fng (4605,1597) [filtered=1025]
cnt=1 s0=fng (4606,1597) [filtered=1025]
cnt=1 s0=fng (4608,1597) [filtered=1025]
cnt=1 s0=fng (4610,1597) [filtered=1025]
cnt=1 s0=fng (4612,1597) [filtered=1025]
cnt=1 s0=fng (4613,1597) [filtered=1025]
cnt=1 s0=fng (4613,1597)* [filtered=1025]
cnt=1 s0=fng (4613,1596)* [filtered=1025]
cnt=1 s0=fng (4612,1595)* [filtered=1025]
cnt=1 s0=fng (4610,1593) [filtered=1025]
cnt=1 s0=fng (4609,1592) [filtered=1025]
cnt=1 s0=fng (4606,1590) [filtered=1025]
cnt=1 s0=fng (4602,1587) [filtered=1025]
cnt=1 s0=fng (4599,1584) [filtered=1025]
cnt=1 s0=fng (4595,1580) [filtered=1025]
cnt=1 s0=fng (4593,1578) [filtered=1025]
cnt=1 s0=fng (4590,1575) [filtered=1025]
cnt=1 s0=fng (4587,1572) [filtered=1025]
cnt=1 s0=fng (4583,1568) [filtered=1025]
cnt=1 s0=fng (4580,1564) [filtered=1025]
cnt=1 s0=fng (4578,1562) [filtered=1025]
cnt=1 s0=fng (4575,1559) [filtered=1025]
cnt=1 s0=fng (4572,1556) [filtered=1025]
cnt=1 s0=fng (4570,1553) [filtered=1025]
cnt=1 s0=fng (4569,1551) [filtered=1025]
cnt=1 s0=fng (4567,1548) [filtered=1025]
cnt=1 s0=fng (4566,1546) [filtered=1025]
cnt=1 s0=fng (4565,1544) [filtered=1025]
cnt=1 s0=fng (4564,1542) [filtered=1025]
cnt=1 s0=fng (4563,1541) [filtered=1025]
cnt=1 s0=fng (4562,1540) [filtered=1025]
cnt=1 s0=fng (4561,1538) [filtered=1025]
cnt=1 s0=fng (4560,1536) [filtered=1025]
cnt=1 s0=fng (4559,1534) [filtered=1025]
cnt=1 s0=fng (4558,1533) [filtered=1025]
cnt=1 s0=fng (4557,1532) [filtered=1025]
cnt=1 s0=fng (4557,1531) [filtered=1025]
cnt=1 s0=fng (4556,1530) [filtered=1025]
cnt=1 s0=fng (4556,1530) [filtered=1025]
cnt=1 s0=fng (4556,1529) [filtered=1025]
cnt=1 s0=fng (4555,1528) [filtered=1025]
cnt=1 s0=fng (4555,1527) [filtered=1025]
cnt=1 s0=fng (4554,1526) [filtered=1025]
cnt=1 s0=fng (4554,1525) [filtered=1025]
cnt=1 s0=fng (4554,1524) [filtered=1025]
cnt=1 s0=fng (4553,1523) [filtered=1025]
cnt=1 s0=fng (4552,1522) [filtered=1025]
cnt=1 s0=fng (4552,1521) [filtered=1025]
cnt=1 s0=fng (4552,1521) [filtered=1025]
cnt=1 s0=fng (4551,1520) [filtered=1025]
cnt=1 s0=fng (4551,1519) [filtered=1025]
cnt=1 s0=fng (4550,1518) [filtered=1025]
cnt=1 s0=fng (4550,1517) [filtered=1025]
cnt=1 s0=fng (4549,1516) [filtered=1025]
cnt=1 s0=fng (4548,1514) [filtered=1025]
cnt=1 s0=fng (4546,1513)* [filtered=1025]
cnt=1 s0=fng (4544,1511) [filtered=1025]
cnt=1 s0=fng (4543,1510) [filtered=1025]
cnt=1 s0=fng (4542,1509) [filtered=1025]
cnt=1 s0=fng (4541,1508) [filtered=1025]
cnt=1 s0=fng (4541,1507) [filtered=1025]
cnt=1 s0=fng (4540,1506) [filtered=1025]
cnt=1 s0=fng (4540,1505) [filtered=1025]
cnt=1 s0=fng (4540,1505) [filtered=1025]
cnt=1 s0=fng (4540,1504) [filtered=1025]
cnt=1 s0=fng (4540,1503) [filtered=1025]
cnt=1 s0=fng (4540,1503) [filtered=1025]
cnt=1 s0=fng (4540,1503) [filtered=1025]
cnt=1 s0=fng (4540,1503) [filtered=1025]
cnt=1 s0=fng (4541,1503) [filtered=1025]
cnt=1 s0=fng (4541,1503) [filtered=1025]
cnt=1 s0=fng (4541,1503) [filtered=1025]
cnt=1 s0=fng (4542,1504) [filtered=1025]
cnt=1 s0=fng (4543,1505) [filtered=1025]
cnt=1 s0=fng (4544,1506) [filtered=1025]
cnt=1 s0=fng (4546,1508) [filtered=1025]
cnt=1 s0=fng (4547,1509) [filtered=1025]
cnt=1 s0=fng (4548,1511) [filtered=1025]
cnt=1 s0=fng (4550,1513) [filtered=1025]
cnt=1 s0=fng (4552,1516) [filtered=1025]
cnt=1 s0=fng (4554,1519) [filtered=1025]
cnt=1 s0=fng (4555,1521) [filtered=1025]
cnt=1 s0=fng (4557,1526) [filtered=1025]
cnt=1 s0=fng (4560,1531) [filtered=1025]
cnt=1 s0=fng (4563,1538) [filtered=1025]
cnt=1 s0=fng (4566,1545) [filtered=1025]
cnt=1 s0=fng (4566,1545) [filtered=1025]
cnt=1 s0=fng (166,2043) [filtered=1025]
cnt=1 s0=fng (168,2044) [filtered=1025]
cnt=1 s0=fng (169,2045) [filtered=1025]
cnt=2 s0=PALM(173,2047) s1=PALM(4605,1763) [filtered=1026]
cnt=2 s0=PALM(179,2052) s1=PALM(4605,1763) [filtered=1027]
cnt=2 s0=PALM(187,2059) s1=PALM(4605,1764) [filtered=1028]
cnt=2 s0=fng (196,2066) s1=PALM(4605,1765) [filtered=1029]
cnt=2 s0=fng (204,2072) s1=PALM(4605,1765) [filtered=1030]
cnt=2 s0=fng (213,2080) s1=PALM(4605,1766) [filtered=1031]
cnt=2 s0=fng (222,2088) s1=PALM(4604,1767) [filtered=1032]
cnt=2 s0=fng (231,2098) s1=PALM(4603,1769) [filtered=1033]
cnt=2 s0=fng (240,2109) s1=PALM(4601,1770) [filtered=1034]
cnt=2 s0=fng (248,2119) s1=PALM(4600,1771) [filtered=1035]
cnt=2 s0=fng (257,2130) s1=PALM(4599,1772) [filtered=1036]
cnt=2 s0=fng (266,2141) s1=PALM(4598,1773) [filtered=1037]
cnt=2 s0=fng (275,2152) s1=PALM(4597,1775) [filtered=1038]
cnt=2 s0=fng (283,2163) s1=PALM(4596,1777) [filtered=1039]
cnt=2 s0=fng (290,2174) s1=PALM(4595,1778) [filtered=1040]
cnt=2 s0=fng (297,2185) s1=PALM(4593,1779) [filtered=1041]
cnt=2 s0=fng (304,2196) s1=PALM(4591,1780) [filtered=1042]
cnt=2 s0=fng (310,2207) s1=PALM(4589,1781) [filtered=1043]
cnt=2 s0=fng (315,2217) s1=PALM(4588,1782) [filtered=1044]
cnt=2 s0=fng (319,2225) s1=PALM(4586,1783) [filtered=1045]
cnt=2 s0=fng (323,2234) s1=PALM(4584,1784) [filtered=1046]
cnt=2 s0=fng (328,2243) s1=PALM(4581,1785) [filtered=1047]
cnt=2 s0=fng (332,2251) s1=PALM(4579,1785) [filtered=1048]
cnt=2 s0=fng (335,2258) s1=PALM(4578,1785) [filtered=1049]
cnt=2 s0=fng (338,2264) s1=PALM(4576,1785) [filtered=1050]
cnt=2 s0=fng (341,2269) s1=PALM(4573,1785) [filtered=1051]
cnt=2 s0=fng (345,2273) s1=fng (4569,1785) [filtered=1051]
cnt=2 s0=fng (347,2277) s1=fng (4565,1785) [filtered=1051]
cnt=2 s0=fng (349,2281) s1=fng (4562,1785) [filtered=1051]
cnt=2 s0=fng (351,2284) s1=fng (4558,1785) [filtered=1051]
cnt=2 s0=fng (352,2287) s1=fng (4555,1784) [filtered=1051]
cnt=2 s0=fng (353,2289) s1=fng (4552,1784) [filtered=1051]
cnt=2 s0=fng (353,2291) s1=fng (4550,1784) [filtered=1051]
cnt=2 s0=fng (354,2293) s1=fng (4548,1784) [filtered=1051]
cnt=2 s0=fng (354,2294) s1=fng (4547,1784) [filtered=1051]
cnt=2 s0=fng (354,2294) s1=fng (4546,1784) [filtered=1051]
cnt=2 s0=fng (353,2294) s1=fng (4545,1784) [filtered=1051]
cnt=2 s0=fng (353,2294) s1=fng (4545,1784) [filtered=1051]
cnt=2 s0=fng (352,2293) s1=fng (4544,1784) [filtered=1051]
cnt=2 s0=fng (351,2291) s1=fng (4544,1784) [filtered=1051]
cnt=2 s0=fng (350,2289) s1=fng (4544,1784) [filtered=1051]
cnt=2 s0=fng (349,2286) s1=fng (4545,1783) [filtered=1051]
cnt=2 s0=fng (348,2284) s1=fng (4545,1783) [filtered=1051]
cnt=2 s0=fng (347,2280) s1=fng (4546,1782) [filtered=1051]
cnt=2 s0=fng (345,2275) s1=fng (4547,1782) [filtered=1051]
cnt=2 s0=fng (343,2270) s1=fng (4548,1781) [filtered=1051]
cnt=2 s0=fng (342,2266) s1=fng (4548,1781) [filtered=1051]
cnt=2 s0=fng (341,2260) s1=fng (4549,1780) [filtered=1051]
cnt=2 s0=fng (339,2255) s1=fng (4550,1779) [filtered=1051]
cnt=2 s0=fng (338,2250) s1=fng (4551,1778) [filtered=1051]
cnt=2 s0=fng (336,2244) s1=fng (4552,1777) [filtered=1051]
cnt=2 s0=fng (335,2239) s1=fng (4552,1776) [filtered=1051]
cnt=2 s0=fng (334,2233) s1=fng (4552,1775) [filtered=1051]
cnt=2 s0=fng (333,2226) s1=fng (4553,1773) [filtered=1051]
cnt=2 s0=fng (331,2218) s1=fng (4554,1771) [filtered=1051]
cnt=2 s0=fng (328,2209) s1=fng (4555,1769) [filtered=1051]
cnt=2 s0=fng (327,2201) s1=fng (4556,1768) [filtered=1051]
cnt=2 s0=fng (324,2192) s1=fng (4557,1766) [filtered=1051]
cnt=2 s0=fng (321,2183) s1=fng (4558,1763) [filtered=1051]
cnt=2 s0=fng (318,2174) s1=fng (4559,1759) [filtered=1051]
cnt=2 s0=fng (316,2165) s1=fng (4560,1756) [filtered=1051]
cnt=2 s0=fng (313,2156) s1=fng (4561,1752) [filtered=1051]
cnt=2 s0=fng (310,2147) s1=fng (4562,1747) [filtered=1051]
cnt=2 s0=fng (307,2137) s1=fng (4564,1742) [filtered=1051]
cnt=2 s0=fng (304,2127) s1=fng (4565,1737) [filtered=1051]
cnt=2 s0=fng (302,2117) s1=fng (4566,1732) [filtered=1051]
cnt=2 s0=fng (300,2107) s1=fng (4568,1726) [filtered=1051]
cnt=2 s0=fng (298,2096) s1=fng (4570,1720) [filtered=1051]
cnt=2 s0=fng (295,2085) s1=PALM(4572,1714) [filtered=1052]
cnt=2 s0=fng (292,2074) s1=PALM(4575,1707) [filtered=1053]
cnt=2 s0=fng (290,2063) s1=PALM(4576,1701) [filtered=1054]
cnt=2 s0=fng (289,2052) s1=PALM(4578,1694) [filtered=1055]
cnt=2 s0=fng (287,2041) s1=PALM(4580,1687) [filtered=1056]
cnt=2 s0=fng (285,2030) s1=PALM(4583,1680) [filtered=1057]
cnt=2 s0=fng (284,2020) s1=PALM(4584,1674) [filtered=1058]
cnt=2 s0=fng (282,2011) s1=PALM(4586,1667) [filtered=1059]
cnt=2 s0=fng (280,2001) s1=PALM(4589,1660) [filtered=1060]
cnt=2 s0=fng (277,1992) s1=PALM(4592,1653) [filtered=1061]
cnt=2 s0=fng (274,1983) s1=PALM(4594,1646) [filtered=1062]
cnt=2 s0=fng (273,1975) s1=PALM(4595,1640) [filtered=1063]
cnt=2 s0=fng (270,1967) s1=PALM(4597,1634) [filtered=1064]
cnt=2 s0=fng (267,1959) s1=PALM(4599,1628) [filtered=1065]
cnt=2 s0=fng (263,1951) s1=PALM(4602,1622) [filtered=1066]
cnt=2 s0=fng (260,1943) s1=PALM(4605,1616) [filtered=1067]
cnt=2 s0=fng (258,1936) s1=PALM(4607,1611) [filtered=1068]
cnt=2 s0=fng (255,1929) s1=PALM(4609,1605) [filtered=1069]
cnt=2 s0=fng (252,1923) s1=PALM(4611,1599) [filtered=1070]
cnt=2 s0=fng (249,1916) s1=PALM(4612,1593) [filtered=1071]
cnt=2 s0=fng (247,1910) s1=PALM(4613,1588) [filtered=1072]
cnt=2 s0=fng (244,1904) s1=PALM(4613,1583) [filtered=1073]
cnt=2 s0=fng (241,1898) s1=PALM(4613,1578) [filtered=1074]
cnt=2 s0=fng (238,1892) s1=PALM(4613,1573) [filtered=1075]
cnt=2 s0=fng (236,1886) s1=PALM(4613,1567) [filtered=1076]
cnt=2 s0=fng (235,1881) s1=PALM(4613,1562) [filtered=1077]
cnt=2 s0=fng (233,1876) s1=PALM(4613,1557) [filtered=1078]
cnt=2 s0=fng (231,1871) s1=PALM(4613,1552) [filtered=1079]
cnt=2 s0=fng (229,1866) s1=PALM(4613,1547) [filtered=1080]
cnt=2 s0=fng (226,1861) s1=PALM(4613,1542) [filtered=1081]
cnt=2 s0=fng (225,1857) s1=PALM(4613,1538) [filtered=1082]
cnt=2 s0=fng (223,1853) s1=PALM(4612,1535) [filtered=1083]
cnt=2 s0=fng (221,1850) s1=PALM(4611,1533) [filtered=1084]
cnt=2 s0=fng (219,1847) s1=PALM(4610,1530) [filtered=1085]
cnt=2 s0=fng (218,1845) s1=PALM(4609,1528) [filtered=1086]
cnt=2 s0=fng (216,1843) s1=PALM(4608,1526) [filtered=1087]
cnt=2 s0=fng (214,1842) s1=PALM(4607,1524) [filtered=1088]
cnt=2 s0=fng (212,1840) s1=PALM(4606,1522) [filtered=1089]
cnt=2 s0=fng (211,1839) s1=PALM(4606,1521) [filtered=1090]
cnt=2 s0=fng (210,1838) s1=PALM(4605,1519) [filtered=1091]
cnt=2 s0=fng (208,1836) s1=PALM(4604,1518) [filtered=1092]
cnt=2 s0=fng (207,1834) s1=PALM(4602,1516) [filtered=1093]
cnt=2 s0=fng (206,1833) s1=PALM(4601,1515) [filtered=1094]
cnt=2 s0=fng (205,1832) s1=PALM(4600,1514) [filtered=1095]
cnt=2 s0=fng (204,1831) s1=PALM(4599,1513) [filtered=1096]
cnt=2 s0=fng (203,1830) s1=PALM(4598,1512) [filtered=1097]
cnt=2 s0=fng (202,1829) s1=PALM(4597,1511) [filtered=1098]
cnt=2 s0=fng (201,1829) s1=PALM(4596,1510) [filtered=1099]
cnt=2 s0=fng (200,1828) s1=PALM(4595,1509) [filtered=1100]
cnt=2 s0=fng (199,1827) s1=PALM(4594,1508) [filtered=1101]
cnt=2 s0=fng (198,1827) s1=PALM(4592,1507) [filtered=1102]
cnt=2 s0=fng (197,1827) s1=PALM(4591,1507) [filtered=1103]
cnt=2 s0=fng (197,1827) s1=PALM(4590,1506) [filtered=1104]
cnt=2 s0=fng (196,1827) s1=PALM(4589,1505) [filtered=1105]
cnt=2 s0=fng (196,1827) s1=PALM(4587,1504) [filtered=1106]
cnt=2 s0=fng (195,1827) s1=PALM(4586,1502) [filtered=1107]
cnt=2 s0=fng (195,1827) s1=PALM(4585,1501) [filtered=1108]
cnt=2 s0=fng (195,1827) s1=PALM(4583,1500) [filtered=1109]
cnt=2 s0=fng (194,1827) s1=PALM(4582,1499) [filtered=1110]
cnt=2 s0=fng (193,1827) s1=PALM(4580,1498) [filtered=1111]
cnt=2 s0=fng (193,1827) s1=PALM(4579,1497) [filtered=1112]
cnt=2 s0=fng (192,1827) s1=PALM(4578,1496) [filtered=1113]
cnt=2 s0=fng (191,1828) s1=PALM(4576,1495) [filtered=1114]
cnt=2 s0=PALM(190,1829) s1=PALM(4575,1494) [filtered=1115]
cnt=2 s0=PALM(189,1830) s1=PALM(4573,1493) [filtered=1116]
cnt=2 s0=PALM(188,1830) s1=PALM(4572,1493) [filtered=1117]
cnt=2 s0=PALM(187,1831) s1=PALM(4571,1492) [filtered=1118]
cnt=2 s0=PALM(185,1832) s1=fng (4570,1491) [filtered=1119]
cnt=2 s0=PALM(184,1833) s1=fng (4569,1490) [filtered=1120]
cnt=2 s0=PALM(183,1834) s1=fng (4568,1489) [filtered=1121]
cnt=2 s0=PALM(182,1835)* s1=fng (4567,1488) [filtered=1122]
cnt=2 s0=PALM(180,1836)* s1=PALM(4566,1487)* [filtered=1123]
cnt=2 s0=PALM(179,1838)* s1=PALM(4565,1486)* [filtered=1124]
cnt=2 s0=PALM(177,1840) s1=PALM(4564,1485)* [filtered=1125]
cnt=2 s0=PALM(176,1841) s1=PALM(4564,1484)* [filtered=1126]
cnt=2 s0=PALM(175,1842) s1=PALM(4563,1483)* [filtered=1127]
cnt=2 s0=PALM(174,1843) s1=PALM(4562,1482)* [filtered=1128]
cnt=2 s0=PALM(172,1845) s1=PALM(4560,1481)* [filtered=1129]
cnt=2 s0=PALM(171,1846) s1=PALM(4559,1480)* [filtered=1130]
cnt=2 s0=PALM(170,1847) s1=PALM(4558,1479)* [filtered=1131]
cnt=2 s0=PALM(168,1849) s1=PALM(4557,1477)* [filtered=1132]
cnt=2 s0=PALM(167,1851) s1=PALM(4555,1476)* [filtered=1133]
cnt=2 s0=PALM(165,1853) s1=fng (4553,1474) [filtered=1134]
cnt=2 s0=PALM(164,1854) s1=fng (4552,1473) [filtered=1135]
cnt=2 s0=PALM(163,1856) s1=fng (4551,1472) [filtered=1136]
cnt=2 s0=PALM(161,1858) s1=fng (4549,1470) [filtered=1137]
cnt=2 s0=PALM(158,1860) s1=fng (4547,1469) [filtered=1138]
cnt=2 s0=PALM(157,1861) s1=fng (4546,1468) [filtered=1139]
cnt=2 s0=PALM(155,1862) s1=fng (4545,1467) [filtered=1140]
cnt=2 s0=PALM(152,1864) s1=fng (4543,1465) [filtered=1141]
cnt=2 s0=PALM(149,1866) s1=fng (4541,1464) [filtered=1142]
cnt=2 s0=PALM(146,1867) s1=fng (4539,1462) [filtered=1143]
cnt=2 s0=PALM(144,1868) s1=fng (4538,1461) [filtered=1144]
cnt=2 s0=PALM(141,1869) s1=fng (4536,1460) [filtered=1145]
cnt=2 s0=PALM(138,1870) s1=fng (4534,1458) [filtered=1146]
cnt=2 s0=PALM(136,1871) s1=fng (4532,1457) [filtered=1147]
cnt=2 s0=PALM(135,1872) s1=fng (4531,1456) [filtered=1148]
cnt=2 s0=PALM(132,1873) s1=fng (4529,1455) [filtered=1149]
cnt=2 s0=PALM(129,1874) s1=fng (4527,1453) [filtered=1150]
cnt=2 s0=PALM(126,1875) s1=fng (4526,1451) [filtered=1151]
cnt=2 s0=PALM(124,1875) s1=fng (4525,1450) [filtered=1152]
cnt=2 s0=PALM(121,1876) s1=fng (4524,1449) [filtered=1153]
cnt=2 s0=PALM(118,1877) s1=fng (4522,1448) [filtered=1154]
cnt=2 s0=PALM(115,1878) s1=fng (4521,1446) [filtered=1155]
cnt=2 s0=PALM(112,1879) s1=fng (4519,1445) [filtered=1156]
cnt=2 s0=PALM(110,1880) s1=fng (4518,1444) [filtered=1157]
cnt=2 s0=PALM(108,1881) s1=fng (4517,1443) [filtered=1158]
cnt=2 s0=PALM(105,1882) s1=fng (4516,1441) [filtered=1159]
cnt=2 s0=PALM(102,1883) s1=fng (4514,1439) [filtered=1160]
cnt=2 s0=PALM(100,1883) s1=fng (4513,1438) [filtered=1161]
cnt=2 s0=PALM(97,1884) s1=fng (4512,1437) [filtered=1162]
cnt=2 s0=PALM(94,1885) s1=fng (4511,1436) [filtered=1163]
cnt=2 s0=PALM(91,1886) s1=fng (4509,1435) [filtered=1164]
cnt=2 s0=PALM(89,1887) s1=fng (4508,1434) [filtered=1165]
cnt=2 s0=PALM(87,1888) s1=fng (4507,1433) [filtered=1166]
cnt=2 s0=PALM(84,1889) s1=fng (4505,1432) [filtered=1167]
cnt=2 s0=PALM(81,1889) s1=fng (4504,1431) [filtered=1168]
cnt=2 s0=PALM(78,1890) s1=fng (4502,1430) [filtered=1169]
cnt=2 s0=PALM(76,1890) s1=fng (4501,1430) [filtered=1170]
cnt=2 s0=PALM(75,1890) s1=fng (4500,1429) [filtered=1171]
cnt=2 s0=PALM(74,1890) s1=fng (4499,1428) [filtered=1172]
cnt=2 s0=PALM(72,1890) s1=fng (4498,1427) [filtered=1173]
cnt=2 s0=PALM(71,1890) s1=fng (4497,1426) [filtered=1174]
cnt=2 s0=PALM(69,1890) s1=fng (4496,1425) [filtered=1175]
cnt=2 s0=PALM(69,1890) s1=fng (4495,1424) [filtered=1176]
cnt=1 s1=fng (4495,1424) [filtered=1176]
cnt=1 s1=fng (4493,1423) [filtered=1176]
cnt=1 s1=fng (4491,1422) [filtered=1176]
cnt=1 s1=fng (4490,1421) [filtered=1176]
cnt=1 s1=fng (4489,1420) [filtered=1176]
cnt=1 s1=fng (4488,1419) [filtered=1176]
cnt=1 s1=fng (4487,1418) [filtered=1176]
cnt=1 s1=fng (4486,1417) [filtered=1176]
cnt=1 s1=fng (4485,1416) [filtered=1176]
cnt=1 s1=fng (4484,1416) [filtered=1176]
cnt=1 s1=fng (4483,1415) [filtered=1176]
cnt=1 s1=fng (4482,1415) [filtered=1176]
cnt=1 s1=fng (4482,1415) [filtered=1176]
cnt=1 s1=fng (4482,1414) [filtered=1176]
cnt=1 s1=fng (4481,1414)* [filtered=1176]
cnt=1 s1=fng (4481,1413)* [filtered=1176]
cnt=1 s1=fng (4480,1412)* [filtered=1176]
cnt=1 s1=fng (4480,1412)* [filtered=1176]
cnt=1 s1=fng (4480,1412)* [filtered=1176]
cnt=1 s1=fng (4480,1411)* [filtered=1176]
cnt=1 s1=fng (4480,1411)* [filtered=1176]
cnt=1 s1=fng (4480,1411)* [filtered=1176]
cnt=1 s1=fng (4480,1411)* [filtered=1176]
cnt=1 s1=fng (4480,1411)* [filtered=1176]
cnt=1 s1=fng (4480,1411)* [filtered=1176]
cnt=1 s1=fng (4480,1411)* [filtered=1176]
cnt=1 s1=fng (4480,1411)* [filtered=1176]
cnt=1 s1=fng (4480,1411)* [filtered=1176]
cnt=1 s1=fng (4480,1411)* [filtered=1176]
cnt=1 s1=fng (4480,1411)* [filtered=1176]
cnt=1 s1=fng (4480,1411)* [filtered=1176]
cnt=1 s1=fng (4480,1411)* [filtered=1176]
cnt=1 s1=fng (4480,1411)* [filtered=1176]
cnt=1 s1=fng (4480,1411)* [filtered=1176]
cnt=1 s1=fng (4480,1411)* [filtered=1176]
cnt=1 s1=fng (4480,1411)* [filtered=1176]
cnt=1 s1=fng (4480,1411)* [filtered=1176]
cnt=1 s1=fng (4480,1411)* [filtered=1176]
cnt=1 s1=fng (4481,1411)* [filtered=1176]
cnt=1 s1=fng (4481,1411)* [filtered=1176]
cnt=1 s1=fng (4482,1411)* [filtered=1176]
cnt=1 s1=fng (4482,1411)* [filtered=1176]
cnt=1 s1=fng (4483,1411)* [filtered=1176]
cnt=1 s1=fng (4484,1411)* [filtered=1176]
cnt=1 s1=fng (4485,1411)* [filtered=1176]
cnt=1 s1=fng (4486,1411)* [filtered=1176]
cnt=1 s1=fng (4486,1411)* [filtered=1176]
cnt=1 s1=fng (4487,1411)* [filtered=1176]
cnt=1 s1=fng (4489,1411)* [filtered=1176]
cnt=1 s1=fng (4490,1411)* [filtered=1176]
cnt=1 s1=fng (4491,1411)* [filtered=1176]
cnt=1 s1=fng (4492,1412)* [filtered=1176]
cnt=1 s1=fng (4494,1412)* [filtered=1176]
cnt=1 s1=fng (4496,1413)* [filtered=1176]
cnt=1 s1=fng (4497,1414)* [filtered=1176]
cnt=1 s1=fng (4498,1414)* [filtered=1176]
cnt=1 s1=fng (4499,1414)* [filtered=1176]
cnt=1 s1=fng (4500,1415)* [filtered=1176]
cnt=1 s1=fng (4501,1415)* [filtered=1176]
cnt=1 s1=fng (4502,1416)* [filtered=1176]
cnt=1 s1=fng (4502,1416)* [filtered=1176]
cnt=1 s1=fng (4503,1416)* [filtered=1176]
cnt=1 s1=fng (4503,1417)* [filtered=1176]
cnt=1 s1=fng (4504,1418)* [filtered=1176]
cnt=1 s1=fng (4504,1418)* [filtered=1176]
cnt=1 s1=fng (4504,1418)* [filtered=1176]
cnt=1 s1=fng (4505,1419)* [filtered=1176]
cnt=1 s1=fng (4506,1419)* [filtered=1176]
cnt=1 s1=fng (4506,1420)* [filtered=1176]
cnt=1 s1=fng (4506,1420)* [filtered=1176]
cnt=1 s1=fng (4507,1420)* [filtered=1176]
cnt=1 s1=fng (4507,1421)* [filtered=1176]
cnt=1 s1=fng (4508,1422)* [filtered=1176]
cnt=1 s1=fng (4508,1422)* [filtered=1176]
cnt=1 s1=fng (4508,1422)* [filtered=1176]
cnt=1 s1=fng (4509,1422)* [filtered=1176]
cnt=1 s1=fng (4510,1422)* [filtered=1176]
cnt=1 s1=fng (4511,1423)* [filtered=1176]
cnt=1 s1=fng (4512,1423)* [filtered=1176]
cnt=1 s1=fng (4513,1423)* [filtered=1176]
cnt=1 s1=fng (4514,1424)* [filtered=1176]
cnt=1 s1=fng (4515,1424)* [filtered=1176]
cnt=1 s1=fng (4517,1425)* [filtered=1176]
cnt=1 s1=fng (4518,1425)* [filtered=1176]
cnt=1 s1=fng (4519,1426)* [filtered=1176]
cnt=1 s1=fng (4520,1426)* [filtered=1176]
cnt=1 s1=fng (4522,1427)* [filtered=1176]
cnt=1 s1=fng (4524,1428)* [filtered=1176]
cnt=1 s1=fng (4525,1429)* [filtered=1176]
cnt=1 s1=fng (4526,1430)* [filtered=1176]
cnt=1 s1=fng (4527,1431)* [filtered=1176]
cnt=1 s1=fng (4528,1432)* [filtered=1176]
cnt=1 s1=fng (4529,1433)* [filtered=1176]
cnt=1 s1=fng (4530,1433)* [filtered=1176]
cnt=1 s1=fng (4530,1433)* [filtered=1176]
cnt=1 s1=fng (4531,1434)* [filtered=1176]
cnt=1 s1=fng (4532,1434)* [filtered=1176]
cnt=1 s1=fng (4532,1434)* [filtered=1176]
cnt=1 s1=fng (4532,1435)* [filtered=1176]
cnt=1 s1=fng (4532,1435)* [filtered=1176]
cnt=1 s1=fng (4532,1435)* [filtered=1176]
cnt=1 s1=fng (4532,1435)* [filtered=1176]
cnt=1 s1=fng (4532,1435)* [filtered=1176]
cnt=1 s1=fng (4532,1435)* [filtered=1176]
cnt=1 s1=fng (4532,1435)* [filtered=1176]
cnt=1 s1=fng (4532,1435)* [filtered=1176]
cnt=1 s1=fng (4532,1435)* [filtered=1176]
cnt=1 s1=fng (4532,1435)* [filtered=1176]
cnt=1 s1=fng (4532,1435)* [filtered=1176]
cnt=1 s1=fng (4532,1435)* [filtered=1176]
cnt=1 s1=fng (4532,1435)* [filtered=1176]
cnt=1 s1=fng (4532,1435)* [filtered=1176]
cnt=1 s1=fng (4532,1435)* [filtered=1176]
cnt=1 s1=fng (4532,1435)* [filtered=1176]
cnt=1 s1=fng (4532,1435)* [filtered=1176]
cnt=1 s1=fng (4532,1435)* [filtered=1176]
cnt=1 s1=fng (4532,1435)* [filtered=1176]
cnt=1 s1=fng (4532,1435)* [filtered=1176]
cnt=1 s1=fng (4532,1435)* [filtered=1176]
cnt=1 s1=fng (4532,1435)* [filtered=1176]
cnt=1 s1=fng (4532,1435)* [filtered=1176]
cnt=1 s1=fng (4532,1435)* [filtered=1176]
cnt=1 s1=fng (4532,1435)* [filtered=1176]
cnt=1 s1=fng (4532,1435)* [filtered=1176]
cnt=1 s1=fng (4532,1435)* [filtered=1176]
cnt=1 s1=fng (4532,1435)* [filtered=1176]
cnt=1 s1=fng (4532,1435)* [filtered=1176]
cnt=1 s1=fng (4532,1435)* [filtered=1176]
cnt=1 s1=fng (4532,1435)* [filtered=1176]
cnt=1 s1=fng (4532,1435)* [filtered=1176]
cnt=1 s1=fng (4532,1435)* [filtered=1176]
cnt=1 s1=fng (4532,1435)* [filtered=1176]
cnt=1 s1=fng (4532,1435)* [filtered=1176]
cnt=1 s1=fng (4532,1435)* [filtered=1176]
cnt=1 s1=fng (4532,1435)* [filtered=1176]
cnt=1 s1=fng (4532,1435)* [filtered=1176]
cnt=1 s1=fng (4532,1435)* [filtered=1176]
cnt=1 s1=fng (4532,1435)* [filtered=1176]
cnt=1 s1=fng (4532,1435)* [filtered=1176]
cnt=1 s1=fng (4532,1435)* [filtered=1176]
cnt=1 s1=fng (4532,1435)* [filtered=1176]
cnt=1 s1=fng (4532,1435)* [filtered=1176]
cnt=1 s1=fng (4532,1435)* [filtered=1176]
cnt=1 s1=fng (4532,1435)* [filtered=1176]
cnt=1 s1=fng (4532,1435)* [filtered=1176]
cnt=1 s1=fng (4532,1435)* [filtered=1176]
cnt=1 s1=fng (4532,1435)* [filtered=1176]
cnt=1 s1=fng (4532,1435)* [filtered=1176]
cnt=1 s1=fng (4532,1435)* [filtered=1176]
cnt=1 s1=fng (4532,1435)* [filtered=1176]
cnt=1 s1=fng (4532,1435)* [filtered=1176]
cnt=1 s1=fng (4532,1435)* [filtered=1176]
cnt=1 s1=fng (4532,1435)* [filtered=1176]
cnt=1 s1=fng (4532,1435)* [filtered=1176]
cnt=1 s1=fng (4532,1435)* [filtered=1176]
cnt=1 s1=fng (4532,1435)* [filtered=1176]
cnt=1 s1=fng (4532,1435)* [filtered=1176]
cnt=1 s1=fng (4532,1435)* [filtered=1176]
cnt=1 s1=fng (4532,1435)* [filtered=1176]
cnt=1 s1=fng (4532,1435)* [filtered=1176]
cnt=1 s1=fng (4532,1435)* [filtered=1176]
cnt=1 s1=fng (4532,1435)* [filtered=1176]
cnt=1 s1=fng (4532,1435)* [filtered=1176]
cnt=1 s1=fng (4532,1435)* [filtered=1176]
cnt=1 s1=fng (4532,1435)* [filtered=1176]
cnt=1 s1=fng (4532,1435)* [filtered=1176]
cnt=1 s1=fng (4531,1435)* [filtered=1176]
cnt=1 s1=fng (4531,1435)* [filtered=1176]
cnt=1 s1=fng (4531,1435)* [filtered=1176]
cnt=1 s1=fng (4531,1435)* [filtered=1176]
cnt=1 s1=fng (4531,1435)* [filtered=1176]
cnt=1 s1=fng (4530,1435)* [filtered=1176]
cnt=1 s1=fng (4530,1435)* [filtered=1176]
cnt=1 s1=fng (4530,1435)* [filtered=1176]
cnt=1 s1=fng (4530,1435)* [filtered=1176]
cnt=1 s1=fng (4530,1435)* [filtered=1176]
cnt=1 s1=fng (4530,1435)* [filtered=1176]
cnt=1 s1=fng (4529,1435)* [filtered=1176]
cnt=1 s1=fng (4529,1435)* [filtered=1176]
cnt=1 s1=fng (4529,1435)* [filtered=1176]
cnt=1 s1=fng (4528,1435)* [filtered=1176]
cnt=1 s1=fng (4528,1435)* [filtered=1176]
cnt=1 s1=fng (4527,1435)* [filtered=1176]
cnt=1 s1=fng (4527,1435)* [filtered=1176]
cnt=1 s1=fng (4526,1434)* [filtered=1176]
cnt=1 s1=fng (4526,1434)* [filtered=1176]
cnt=1 s1=fng (4525,1434)* [filtered=1176]
cnt=1 s1=fng (4525,1434)* [filtered=1176]
cnt=1 s1=fng (4525,1434)* [filtered=1176]
cnt=1 s1=fng (4524,1433)* [filtered=1176]
cnt=1 s1=fng (4524,1433)* [filtered=1176]
cnt=1 s1=fng (4523,1433)* [filtered=1176]
cnt=1 s1=fng (4523,1433)* [filtered=1176]
cnt=1 s1=fng (4522,1433)* [filtered=1176]
cnt=1 s1=fng (4522,1433)* [filtered=1176]
cnt=1 s1=fng (4522,1433)* [filtered=1176]
cnt=1 s1=fng (4522,1433)* [filtered=1176]
cnt=1 s1=fng (4522,1433)* [filtered=1176]
cnt=1 s1=fng (4522,1433)* [filtered=1176]
cnt=1 s1=fng (4522,1433)* [filtered=1176]
cnt=1 s1=fng (4522,1433)* [filtered=1176]
cnt=1 s1=fng (4522,1433)* [filtered=1176]
cnt=1 s1=fng (4522,1433)* [filtered=1176]
cnt=1 s1=fng (4522,1433)* [filtered=1176]
cnt=1 s1=fng (4522,1433)* [filtered=1176]
cnt=1 s1=fng (4522,1433)* [filtered=1176]
cnt=1 s1=fng (4522,1433)* [filtered=1176]
cnt=1 s1=fng (4522,1433)* [filtered=1176]
cnt=1 s1=fng (4522,1433)* [filtered=1176]
cnt=1 s1=fng (4522,1433)* [filtered=1176]
cnt=1 s1=fng (4522,1433)* [filtered=1176]
cnt=1 s1=fng (4522,1433)* [filtered=1176]
cnt=1 s1=fng (4522,1433)* [filtered=1176]
cnt=1 s1=fng (4522,1433)* [filtered=1176]
cnt=1 s1=fng (4522,1433)* [filtered=1176]
cnt=1 s1=fng (4522,1433)* [filtered=1176]
cnt=1 s1=fng (4522,1433)* [filtered=1176]
cnt=1 s1=fng (4522,1434)* [filtered=1176]
cnt=1 s1=fng (4522,1435)* [filtered=1176]
cnt=1 s1=fng (4522,1436)* [filtered=1176]
cnt=1 s1=fng (4522,1438)* [filtered=1176]
cnt=1 s1=fng (4522,1439)* [filtered=1176]
cnt=1 s1=fng (4522,1441)* [filtered=1176]
cnt=1 s1=fng (4523,1444) [filtered=1176]
cnt=1 s1=fng (4524,1447) [filtered=1176]
cnt=1 s1=fng (4526,1452) [filtered=1176]
cnt=1 s1=fng (4527,1455) [filtered=1176]
cnt=1 s1=fng (4530,1460) [filtered=1176]
cnt=1 s1=fng (4533,1465) [filtered=1176]
cnt=1 s1=fng (4537,1472) [filtered=1176]
cnt=1 s1=fng (4542,1481) [filtered=1176]
cnt=1 s1=fng (4546,1489) [filtered=1176]
cnt=1 s1=fng (4551,1498) [filtered=1176]
cnt=1 s1=fng (4556,1507) [filtered=1176]
cnt=1 s1=fng (4561,1515) [filtered=1176]
cnt=1 s1=fng (4566,1522) [filtered=1176]
cnt=1 s1=fng (4570,1528) [filtered=1176]
cnt=1 s1=fng (4570,1528) [filtered=1176]
