touchpad: x[0..4762] y[0..3099] res=32,32 slots=5
palm: bottom_zone=1000 edge_left=285 edge_right=4476 spread=400
virtual device created: ASUF1209 Palm Filtered Touchpad
grabbed source device (exclusive)
cnt=1 s0=fng (4762,1638) [filtered=0]
cnt=1 s0=fng (4762,1637) [filtered=0]
cnt=1 s0=fng (4762,1637) [filtered=0]
cnt=1 s0=fng (4762,1637) [filtered=0]
cnt=1 s0=fng (4762,1636) [filtered=0]
cnt=1 s0=fng (4762,1635) [filtered=0]
cnt=1 s0=fng (4762,1635) [filtered=0]
cnt=1 s0=fng (4762,1634) [filtered=0]
cnt=1 s0=fng (4762,1634) [filtered=0]
cnt=1 s0=fng (4762,1634) [filtered=0]
cnt=2 s0=PALM(4762,1633) s1=PALM(14,2154) [filtered=1]
cnt=2 s0=PALM(4762,1631) s1=PALM(14,2154) [filtered=2]
cnt=2 s0=PALM(4762,1630) s1=PALM(14,2154) [filtered=3]
cnt=2 s0=PALM(4762,1629) s1=PALM(14,2154) [filtered=4]
cnt=2 s0=PALM(4762,1628) s1=PALM(15,2153) [filtered=5]
cnt=2 s0=PALM(4762,1627) s1=PALM(16,2152) [filtered=6]
cnt=2 s0=PALM(4760,1626) s1=PALM(18,2151) [filtered=7]
cnt=2 s0=PALM(4759,1625) s1=PALM(19,2151) [filtered=8]
cnt=2 s0=PALM(4757,1625) s1=PALM(20,2150) [filtered=9]
cnt=2 s0=PALM(4754,1624) s1=PALM(22,2148) [filtered=10]
cnt=2 s0=PALM(4751,1623) s1=PALM(25,2146) [filtered=11]
cnt=2 s0=PALM(4749,1623) s1=PALM(26,2145) [filtered=12]
cnt=2 s0=PALM(4746,1623) s1=PALM(28,2144) [filtered=13]
cnt=2 s0=PALM(4743,1623) s1=PALM(31,2142) [filtered=14]
cnt=2 s0=PALM(4738,1622) s1=PALM(34,2140) [filtered=15]
cnt=2 s0=PALM(4732,1622) s1=PALM(37,2139) [filtered=16]
cnt=2 s0=PALM(4727,1622) s1=PALM(39,2138) [filtered=17]
cnt=2 s0=PALM(4722,1621) s1=PALM(43,2137) [filtered=18]
cnt=2 s0=PALM(4717,1620) s1=PALM(47,2136) [filtered=19]
cnt=2 s0=PALM(4712,1620) s1=PALM(51,2135) [filtered=20]
cnt=2 s0=PALM(4707,1620) s1=PALM(54,2135) [filtered=21]
cnt=2 s0=PALM(4702,1619) s1=PALM(57,2134) [filtered=22]
cnt=2 s0=PALM(4697,1619) s1=PALM(62,2134) [filtered=23]
cnt=2 s0=PALM(4692,1618) s1=PALM(67,2133) [filtered=24]
cnt=2 s0=PALM(4686,1617) s1=PALM(72,2132) [filtered=25]
cnt=2 s0=PALM(4682,1616) s1=PALM(76,2132) [filtered=26]
cnt=2 s0=PALM(4678,1615) s1=PALM(80,2132) [filtered=27]
cnt=2 s0=PALM(4674,1614) s1=PALM(89,2131) [filtered=28]
cnt=2 s0=PALM(4671,1614) s1=PALM(97,2130) [filtered=29]
cnt=2 s0=PALM(4668,1613) s1=PALM(107,2129) [filtered=30]
cnt=2 s0=PALM(4666,1612) s1=PALM(117,2128) [filtered=31]
cnt=2 s0=PALM(4663,1612) s1=PALM(127,2127) [filtered=32]
cnt=2 s0=PALM(4661,1611) s1=PALM(135,2126) [filtered=33]
cnt=2 s0=PALM(4660,1611) s1=PALM(142,2125) [filtered=34]
cnt=2 s0=PALM(4658,1611) s1=PALM(150,2124) [filtered=35]
cnt=2 s0=PALM(4657,1611) s1=PALM(158,2123) [filtered=36]
cnt=2 s0=PALM(4655,1611) s1=PALM(164,2121) [filtered=37]
cnt=2 s0=PALM(4654,1611) s1=PALM(169,2119) [filtered=38]
cnt=2 s0=PALM(4654,1611) s1=PALM(173,2118) [filtered=39]
cnt=2 s0=PALM(4654,1611) s1=PALM(177,2116) [filtered=40]
cnt=2 s0=PALM(4654,1611) s1=PALM(182,2114) [filtered=41]
cnt=2 s0=PALM(4654,1611) s1=PALM(187,2111) [filtered=42]
cnt=2 s0=PALM(4654,1611) s1=PALM(191,2110) [filtered=43]
cnt=2 s0=PALM(4654,1611) s1=PALM(195,2108) [filtered=44]
cnt=2 s0=PALM(4654,1611) s1=PALM(200,2106) [filtered=45]
cnt=2 s0=PALM(4654,1611) s1=PALM(205,2103) [filtered=46]
cnt=2 s0=PALM(4654,1611) s1=PALM(209,2102) [filtered=47]
cnt=2 s0=PALM(4654,1611) s1=PALM(213,2100) [filtered=48]
cnt=2 s0=PALM(4654,1611) s1=PALM(218,2097) [filtered=49]
cnt=2 s0=PALM(4654,1611) s1=PALM(223,2094) [filtered=50]
cnt=2 s0=PALM(4654,1611) s1=PALM(227,2093) [filtered=51]
cnt=2 s0=PALM(4654,1611) s1=PALM(231,2091) [filtered=52]
cnt=2 s0=PALM(4654,1611) s1=PALM(236,2088) [filtered=53]
cnt=2 s0=PALM(4654,1611) s1=PALM(241,2085) [filtered=54]
cnt=2 s0=PALM(4654,1611) s1=PALM(245,2084) [filtered=55]
cnt=2 s0=PALM(4653,1611) s1=PALM(250,2081) [filtered=56]
cnt=2 s0=PALM(4652,1611) s1=PALM(255,2078) [filtered=57]
cnt=2 s0=PALM(4651,1611) s1=PALM(260,2075) [filtered=58]
cnt=2 s0=PALM(4651,1611) s1=PALM(264,2073) [filtered=59]
cnt=2 s0=PALM(4650,1611)* s1=PALM(269,2070) [filtered=60]
cnt=2 s0=PALM(4649,1611)* s1=PALM(274,2067) [filtered=61]
cnt=2 s0=PALM(4649,1611)* s1=PALM(278,2065) [filtered=62]
cnt=2 s0=PALM(4648,1611)* s1=PALM(282,2063) [filtered=63]
cnt=2 s0=PALM(4647,1611)* s1=fng (286,2060) [filtered=64]
cnt=2 s0=PALM(4646,1611)* s1=fng (290,2057) [filtered=65]
cnt=2 s0=PALM(4645,1611)* s1=fng (293,2055) [filtered=66]
cnt=2 s0=PALM(4644,1611)* s1=fng (297,2053) [filtered=67]
cnt=2 s0=PALM(4643,1611)* s1=fng (301,2050) [filtered=68]
cnt=2 s0=PALM(4643,1611)* s1=fng (304,2048) [filtered=69]
cnt=2 s0=PALM(4642,1611)* s1=fng (308,2046) [filtered=70]
cnt=2 s0=PALM(4641,1611)* s1=fng (312,2043) [filtered=71]
cnt=2 s0=PALM(4641,1611)* s1=fng (315,2041) [filtered=72]
cnt=2 s0=PALM(4640,1611)* s1=fng (319,2039) [filtered=73]
cnt=2 s0=PALM(4638,1611)* s1=fng (323,2037) [filtered=74]
cnt=2 s0=PALM(4636,1611)* s1=fng (327,2034) [filtered=75]
cnt=2 s0=PALM(4635,1611)* s1=fng (330,2032) [filtered=76]
cnt=2 s0=PALM(4634,1611)* s1=fng (333,2030) [filtered=77]
cnt=2 s0=PALM(4632,1611)* s1=fng (337,2028) [filtered=78]
cnt=2 s0=PALM(4631,1611)* s1=fng (340,2026) [filtered=79]
cnt=2 s0=PALM(4629,1611)* s1=fng (343,2025) [filtered=80]
cnt=2 s0=PALM(4627,1611)* s1=fng (345,2024) [filtered=81]
cnt=2 s0=PALM(4626,1611)* s1=fng (347,2023) [filtered=82]
cnt=2 s0=PALM(4625,1611)* s1=fng (349,2022) [filtered=83]
cnt=2 s0=PALM(4623,1612)* s1=fng (351,2020) [filtered=84]
cnt=2 s0=PALM(4622,1612)* s1=fng (353,2019) [filtered=85]
cnt=2 s0=PALM(4620,1614) s1=fng (354,2018) [filtered=86]
cnt=2 s0=PALM(4618,1616) s1=fng (355,2018) [filtered=87]
cnt=2 s0=PALM(4617,1617) s1=fng (355,2018) [filtered=88]
cnt=2 s0=PALM(4615,1621) s1=fng (356,2018) [filtered=89]
cnt=2 s0=PALM(4613,1626) s1=fng (358,2018) [filtered=90]
cnt=2 s0=PALM(4612,1630) s1=fng (359,2018) [filtered=91]
cnt=2 s0=PALM(4610,1637) s1=fng (360,2018) [filtered=92]
cnt=2 s0=PALM(4608,1645) s1=fng (361,2019) [filtered=93]
cnt=2 s0=PALM(4607,1652) s1=fng (361,2019) [filtered=94]
cnt=2 s0=PALM(4605,1661) s1=fng (362,2020) [filtered=95]
cnt=2 s0=PALM(4602,1671) s1=fng (363,2021) [filtered=96]
cnt=2 s0=PALM(4600,1680) s1=fng (364,2022) [filtered=97]
cnt=2 s0=PALM(4597,1690) s1=fng (365,2023) [filtered=98]
cnt=2 s0=PALM(4594,1700) s1=fng (367,2025) [filtered=99]
cnt=2 s0=PALM(4592,1709) s1=fng (368,2026) [filtered=100]
cnt=2 s0=PALM(4589,1720) s1=fng (369,2028) [filtered=101]
cnt=2 s0=PALM(4585,1731) s1=fng (371,2030) [filtered=102]
cnt=2 s0=PALM(4582,1741) s1=fng (372,2031) [filtered=103]
cnt=2 s0=PALM(4578,1750) s1=fng (373,2034) [filtered=104]
cnt=2 s0=PALM(4575,1759) s1=fng (374,2036) [filtered=105]
cnt=2 s0=PALM(4571,1767) s1=fng (376,2038) [filtered=106]
cnt=2 s0=PALM(4566,1775) s1=fng (378,2041) [filtered=107]
cnt=2 s0=PALM(4562,1783) s1=fng (379,2043) [filtered=108]
cnt=2 s0=PALM(4556,1791) s1=fng (380,2046) [filtered=109]
cnt=2 s0=PALM(4550,1800) s1=fng (382,2050) [filtered=110]
cnt=2 s0=PALM(4545,1808) s1=fng (383,2053) [filtered=111]
cnt=2 s0=PALM(4539,1816) s1=fng (385,2057) [filtered=112]
cnt=2 s0=PALM(4534,1824) s1=fng (386,2060) [filtered=113]
cnt=2 s0=PALM(4528,1832) s1=fng (387,2064) [filtered=114]
cnt=2 s0=PALM(4522,1840) s1=fng (389,2068) [filtered=115]
cnt=2 s0=PALM(4517,1848) s1=fng (390,2071) [filtered=116]
cnt=2 s0=PALM(4511,1856) s1=fng (391,2075) [filtered=117]
cnt=2 s0=PALM(4505,1864) s1=fng (393,2079) [filtered=118]
cnt=2 s0=PALM(4500,1872) s1=fng (394,2082) [filtered=119]
cnt=2 s0=PALM(4494,1880) s1=fng (396,2086) [filtered=120]
cnt=2 s0=PALM(4488,1889) s1=fng (398,2090) [filtered=121]
cnt=2 s0=PALM(4483,1897) s1=fng (399,2093) [filtered=122]
cnt=2 s0=PALM(4478,1904) s1=fng (401,2095) [filtered=123]
cnt=2 s0=fng (4473,1912) s1=fng (403,2098) [filtered=123]
cnt=2 s0=fng (4469,1919) s1=PALM(404,2100) [filtered=124]
cnt=2 s0=fng (4464,1925) s1=PALM(406,2103) [filtered=125]
cnt=2 s0=fng (4459,1932) s1=PALM(408,2106) [filtered=126]
cnt=2 s0=fng (4455,1938) s1=PALM(409,2108) [filtered=127]
cnt=2 s0=fng (4450,1944) s1=PALM(411,2110) [filtered=128]
cnt=2 s0=fng (4445,1950) s1=PALM(412,2111) [filtered=129]
cnt=2 s0=fng (4441,1955) s1=PALM(413,2112) [filtered=130]
cnt=2 s0=fng (4438,1959) s1=PALM(414,2113) [filtered=131]
cnt=2 s0=fng (4434,1964) s1=PALM(416,2115) [filtered=132]
cnt=2 s0=fng (4431,1968) s1=PALM(417,2116) [filtered=133]
cnt=2 s0=fng (4427,1972) s1=PALM(418,2118) [filtered=134]
cnt=2 s0=fng (4423,1975) s1=PALM(419,2119) [filtered=135]
cnt=2 s0=fng (4420,1978) s1=PALM(419,2120) [filtered=136]
cnt=2 s0=fng (4417,1980) s1=PALM(419,2121) [filtered=137]
cnt=2 s0=fng (4414,1982) s1=PALM(420,2122) [filtered=138]
cnt=2 s0=fng (4412,1984) s1=PALM(420,2123) [filtered=139]
cnt=2 s0=fng (4409,1986) s1=PALM(421,2124) [filtered=140]
cnt=2 s0=fng (4407,1987) s1=PALM(421,2123) [filtered=141]
cnt=2 s0=fng (4406,1987) s1=PALM(421,2123) [filtered=142]
cnt=2 s0=fng (4405,1988) s1=PALM(421,2122) [filtered=143]
cnt=2 s0=fng (4404,1989) s1=PALM(421,2120) [filtered=144]
cnt=2 s0=fng (4404,1989) s1=PALM(421,2119) [filtered=145]
cnt=2 s0=fng (4404,1989) s1=PALM(420,2117) [filtered=146]
cnt=2 s0=fng (4404,1990) s1=PALM(419,2114) [filtered=147]
cnt=2 s0=fng (4404,1990) s1=PALM(419,2112) [filtered=148]
cnt=2 s0=fng (4404,1990) s1=PALM(418,2108) [filtered=149]
cnt=2 s0=fng (4405,1990) s1=PALM(417,2103) [filtered=150]
cnt=2 s0=fng (4405,1990) s1=fng (415,2096) [filtered=150]
cnt=2 s0=fng (4405,1990) s1=fng (414,2090) [filtered=150]
cnt=2 s0=fng (4406,1990) s1=fng (412,2082) [filtered=150]
cnt=2 s0=fng (4406,1990) s1=fng (410,2072) [filtered=150]
cnt=2 s0=fng (4406,1990) s1=fng (409,2063) [filtered=150]
cnt=2 s0=fng (4407,1989) s1=fng (407,2053) [filtered=150]
cnt=2 s0=fng (4408,1989) s1=fng (404,2042) [filtered=150]
cnt=2 s0=fng (4409,1988) s1=fng (401,2030) [filtered=150]
cnt=2 s0=fng (4410,1988) s1=fng (399,2018) [filtered=150]
cnt=2 s0=fng (4411,1987) s1=fng (396,2006) [filtered=150]
cnt=2 s0=fng (4412,1986) s1=fng (393,1993) [filtered=150]
cnt=2 s0=fng (4412,1985) s1=fng (391,1981) [filtered=150]
cnt=2 s0=fng (4413,1984) s1=fng (387,1968) [filtered=150]
cnt=2 s0=fng (4414,1983) s1=fng (383,1955) [filtered=150]
cnt=2 s0=fng (4414,1982) s1=fng (380,1943) [filtered=150]
cnt=2 s0=fng (4415,1981) s1=fng (377,1931) [filtered=150]
cnt=2 s0=fng (4416,1979) s1=fng (373,1918) [filtered=150]
cnt=2 s0=fng (4417,1978) s1=fng (370,1906) [filtered=150]
cnt=2 s0=fng (4418,1977) s1=fng (367,1894) [filtered=150]
cnt=2 s0=PALM(4419,1975)* s1=fng (363,1882) [filtered=151]
cnt=2 s0=fng (4420,1972) s1=fng (359,1869) [filtered=151]
cnt=2 s0=fng (4420,1971) s1=fng (356,1857) [filtered=151]
cnt=2 s0=fng (4421,1968) s1=fng (353,1845) [filtered=151]
cnt=2 s0=fng (4422,1965) s1=fng (349,1833) [filtered=151]
cnt=2 s0=fng (4424,1962) s1=fng (345,1821) [filtered=151]
cnt=2 s0=fng (4425,1960) s1=fng (342,1810) [filtered=151]
cnt=2 s0=fng (4426,1957) s1=fng (339,1799) [filtered=151]
cnt=2 s0=fng (4427,1954) s1=fng (337,1789) [filtered=151]
cnt=2 s0=fng (4429,1951) s1=fng (334,1779) [filtered=151]
cnt=2 s0=fng (4430,1949) s1=fng (332,1770) [filtered=151]
cnt=2 s0=fng (4431,1945) s1=fng (330,1761) [filtered=151]
cnt=2 s0=fng (4432,1941) s1=fng (329,1753) [filtered=151]
cnt=2 s0=fng (4434,1937) s1=fng (327,1747) [filtered=151]
cnt=2 s0=fng (4435,1934) s1=fng (326,1741) [filtered=151]
cnt=2 s0=fng (4436,1931) s1=fng (324,1735) [filtered=151]
cnt=2 s0=fng (4437,1928) s1=fng (322,1730) [filtered=151]
cnt=2 s0=fng (4439,1924) s1=fng (321,1726) [filtered=151]
cnt=2 s0=fng (4440,1921) s1=fng (320,1722) [filtered=151]
cnt=2 s0=fng (4441,1918) s1=fng (319,1719) [filtered=151]
cnt=2 s0=fng (4442,1915) s1=fng (318,1716) [filtered=151]
cnt=2 s0=fng (4443,1912) s1=fng (317,1713) [filtered=151]
cnt=2 s0=fng (4444,1910) s1=fng (317,1710) [filtered=151]
cnt=2 s0=fng (4445,1908) s1=fng (316,1708) [filtered=151]
cnt=2 s0=fng (4446,1905) s1=fng (316,1707) [filtered=151]
cnt=2 s0=fng (4447,1902) s1=fng (315,1706) [filtered=151]
cnt=2 s0=fng (4448,1899) s1=fng (315,1705) [filtered=151]
cnt=2 s0=fng (4448,1897) s1=fng (315,1704) [filtered=151]
cnt=2 s0=fng (4449,1895) s1=fng (315,1703) [filtered=151]
cnt=2 s0=fng (4450,1894) s1=fng (315,1703) [filtered=151]
cnt=2 s0=fng (4451,1892) s1=fng (315,1703) [filtered=151]
cnt=2 s0=fng (4452,1891) s1=fng (315,1703) [filtered=151]
cnt=2 s0=fng (4453,1890) s1=fng (315,1703) [filtered=151]
cnt=2 s0=fng (4454,1888) s1=fng (315,1704) [filtered=151]
cnt=2 s0=fng (4455,1886) s1=fng (315,1705) [filtered=151]
cnt=2 s0=fng (4456,1884) s1=fng (315,1705) [filtered=151]
cnt=2 s0=fng (4457,1883) s1=fng (315,1705) [filtered=151]
cnt=2 s0=fng (4458,1881) s1=fng (315,1706) [filtered=151]
cnt=2 s0=fng (4459,1880) s1=fng (315,1708) [filtered=151]
cnt=2 s0=fng (4460,1878) s1=fng (315,1710) [filtered=151]
cnt=2 s0=fng (4460,1877) s1=fng (315,1711) [filtered=151]
cnt=2 s0=fng (4461,1876) s1=fng (316,1714) [filtered=151]
cnt=2 s0=fng (4462,1875) s1=fng (317,1720) [filtered=151]
cnt=2 s0=fng (4462,1874) s1=fng (318,1724) [filtered=151]
cnt=2 s0=fng (4463,1873) s1=fng (320,1730) [filtered=151]
cnt=2 s0=fng (4464,1872) s1=fng (322,1737) [filtered=151]
cnt=2 s0=fng (4464,1871) s1=fng (323,1743) [filtered=151]
cnt=2 s0=fng (4465,1870) s1=fng (326,1753) [filtered=151]
cnt=2 s0=fng (4466,1869) s1=fng (330,1764) [filtered=151]
cnt=2 s0=fng (4467,1868) s1=fng (334,1777) [filtered=151]
cnt=2 s0=fng (4468,1868) s1=fng (337,1790) [filtered=151]
cnt=2 s0=fng (4469,1868) s1=fng (341,1805) [filtered=151]
cnt=2 s0=fng (4470,1867) s1=fng (345,1821) [filtered=151]
cnt=2 s0=fng (4470,1867) s1=fng (348,1836) [filtered=151]
cnt=2 s0=fng (4471,1867) s1=fng (352,1853) [filtered=151]
cnt=2 s0=fng (4471,1866) s1=fng (356,1870) [filtered=151]
cnt=2 s0=PALM(4472,1865)* s1=fng (361,1888) [filtered=152]
cnt=2 s0=PALM(4472,1865)* s1=fng (365,1906) [filtered=153]
cnt=2 s0=PALM(4472,1864)* s1=fng (370,1924) [filtered=154]
cnt=2 s0=PALM(4473,1864)* s1=fng (375,1942) [filtered=155]
cnt=2 s0=PALM(4473,1864)* s1=fng (380,1959) [filtered=156]
cnt=2 s0=PALM(4473,1863)* s1=fng (386,1976) [filtered=157]
cnt=2 s0=PALM(4474,1862)* s1=fng (392,1994) [filtered=158]
cnt=2 s0=PALM(4474,1862)* s1=fng (397,2011) [filtered=159]
cnt=2 s0=PALM(4475,1861)* s1=fng (403,2027) [filtered=160]
cnt=2 s0=PALM(4475,1861)* s1=fng (410,2042) [filtered=161]
cnt=2 s0=PALM(4475,1861)* s1=fng (416,2057) [filtered=162]
cnt=2 s0=PALM(4476,1860)* s1=fng (422,2072) [filtered=163]
cnt=2 s0=PALM(4476,1860)* s1=fng (428,2087) [filtered=164]
cnt=2 s0=PALM(4476,1860)* s1=PALM(434,2102) [filtered=165]
cnt=2 s0=PALM(4476,1859)* s1=PALM(440,2117) [filtered=166]
cnt=2 s0=PALM(4476,1858)* s1=PALM(446,2132) [filtered=167]
cnt=2 s0=PALM(4476,1857)* s1=PALM(452,2147) [filtered=168]
cnt=2 s0=PALM(4476,1857)* s1=PALM(457,2161) [filtered=169]
cnt=2 s0=PALM(4476,1856)* s1=PALM(462,2174) [filtered=170]
cnt=2 s0=PALM(4476,1856)* s1=PALM(467,2187) [filtered=171]
cnt=2 s0=PALM(4477,1856)* s1=PALM(472,2200) [filtered=172]
cnt=2 s0=PALM(4477,1855)* s1=PALM(477,2212) [filtered=173]
cnt=2 s0=PALM(4477,1855)* s1=PALM(483,2224) [filtered=174]
cnt=2 s0=PALM(4477,1855)* s1=PALM(488,2236) [filtered=175]
cnt=2 s0=PALM(4477,1854)* s1=PALM(492,2248) [filtered=176]
cnt=2 s0=PALM(4478,1853)* s1=PALM(496,2260) [filtered=177]
cnt=2 s0=PALM(4478,1853)* s1=PALM(500,2272) [filtered=178]
cnt=2 s0=PALM(4479,1853)* s1=PALM(504,2283) [filtered=179]
cnt=2 s0=PALM(4479,1853)* s1=PALM(507,2293) [filtered=180]
cnt=2 s0=PALM(4479,1853)* s1=PALM(510,2303) [filtered=181]
cnt=2 s0=PALM(4479,1853)* s1=PALM(513,2312) [filtered=182]
cnt=2 s0=PALM(4479,1853)* s1=PALM(516,2321) [filtered=183]
cnt=2 s0=PALM(4479,1853)* s1=PALM(519,2330) [filtered=184]
cnt=2 s0=PALM(4479,1853)* s1=PALM(522,2338) [filtered=185]
cnt=2 s0=PALM(4479,1853)* s1=PALM(524,2344) [filtered=186]
cnt=2 s0=PALM(4479,1853)* s1=PALM(526,2350) [filtered=187]
cnt=2 s0=PALM(4479,1853)* s1=PALM(528,2356) [filtered=188]
cnt=2 s0=PALM(4479,1853)* s1=PALM(529,2361) [filtered=189]
cnt=2 s0=PALM(4479,1853)* s1=PALM(528,2366) [filtered=190]
cnt=2 s0=PALM(4479,1853)* s1=PALM(529,2370) [filtered=191]
cnt=2 s0=PALM(4479,1853)* s1=PALM(530,2373) [filtered=192]
cnt=2 s0=PALM(4479,1853)* s1=PALM(530,2376) [filtered=193]
cnt=2 s0=PALM(4479,1853)* s1=PALM(530,2379) [filtered=194]
cnt=2 s0=PALM(4479,1853)* s1=PALM(530,2381) [filtered=195]
cnt=2 s0=PALM(4479,1853)* s1=PALM(529,2382) [filtered=196]
cnt=2 s0=PALM(4479,1853)* s1=PALM(529,2383) [filtered=197]
cnt=2 s0=PALM(4479,1853)* s1=PALM(529,2384) [filtered=198]
cnt=2 s0=PALM(4479,1853)* s1=PALM(528,2384) [filtered=199]
cnt=2 s0=PALM(4479,1853)* s1=PALM(528,2384) [filtered=200]
cnt=2 s0=PALM(4479,1853)* s1=PALM(527,2384) [filtered=201]
cnt=2 s0=PALM(4479,1852)* s1=PALM(526,2384) [filtered=202]
cnt=2 s0=PALM(4479,1852)* s1=PALM(525,2384) [filtered=203]
cnt=2 s0=PALM(4479,1852)* s1=PALM(524,2384) [filtered=204]
cnt=2 s0=PALM(4479,1851)* s1=PALM(523,2384) [filtered=205]
cnt=2 s0=PALM(4479,1850)* s1=PALM(521,2384) [filtered=206]
cnt=2 s0=PALM(4479,1850)* s1=PALM(520,2384) [filtered=207]
cnt=2 s0=PALM(4479,1850)* s1=PALM(518,2384) [filtered=208]
cnt=2 s0=PALM(4479,1849)* s1=PALM(515,2384) [filtered=209]
cnt=2 s0=PALM(4479,1849)* s1=PALM(513,2384) [filtered=210]
cnt=2 s0=PALM(4479,1849)* s1=PALM(509,2384) [filtered=211]
cnt=2 s0=PALM(4478,1848)* s1=PALM(505,2381) [filtered=212]
cnt=2 s0=PALM(4477,1848)* s1=PALM(499,2378) [filtered=213]
cnt=2 s0=PALM(4477,1848)* s1=PALM(494,2375) [filtered=214]
cnt=2 s0=PALM(4477,1847)* s1=PALM(488,2371) [filtered=215]
cnt=2 s0=PALM(4476,1846)* s1=PALM(482,2366) [filtered=216]
cnt=2 s0=PALM(4476,1846)* s1=PALM(477,2361) [filtered=217]
cnt=2 s0=PALM(4475,1845)* s1=PALM(470,2356) [filtered=218]
cnt=2 s0=PALM(4474,1844)* s1=PALM(463,2350) [filtered=219]
cnt=2 s0=PALM(4473,1844)* s1=PALM(457,2346) [filtered=220]
cnt=2 s0=PALM(4472,1843)* s1=PALM(451,2342) [filtered=221]
cnt=2 s0=PALM(4471,1842)* s1=PALM(444,2337) [filtered=222]
cnt=2 s0=PALM(4469,1841)* s1=PALM(437,2331) [filtered=223]
cnt=2 s0=PALM(4468,1840)* s1=PALM(431,2326) [filtered=224]
cnt=2 s0=PALM(4467,1839)* s1=PALM(426,2321) [filtered=225]
cnt=2 s0=PALM(4466,1838)* s1=PALM(420,2316) [filtered=226]
cnt=2 s0=PALM(4465,1838)* s1=PALM(415,2311) [filtered=227]
cnt=2 s0=PALM(4464,1837)* s1=PALM(409,2306) [filtered=228]
cnt=2 s0=PALM(4463,1836)* s1=PALM(402,2300) [filtered=229]
cnt=2 s0=PALM(4461,1835)* s1=PALM(395,2294) [filtered=230]
cnt=2 s0=PALM(4460,1834)* s1=PALM(389,2288) [filtered=231]
cnt=2 s0=PALM(4459,1833)* s1=PALM(381,2282) [filtered=232]
cnt=2 s0=PALM(4458,1832)* s1=PALM(373,2276) [filtered=233]
cnt=2 s0=PALM(4457,1831)* s1=PALM(365,2270) [filtered=234]
cnt=2 s0=PALM(4456,1831)* s1=PALM(358,2265) [filtered=235]
cnt=2 s0=PALM(4455,1830)* s1=PALM(350,2259) [filtered=236]
cnt=2 s0=PALM(4454,1830)* s1=PALM(342,2253) [filtered=237]
cnt=2 s0=PALM(4454,1829)* s1=PALM(334,2247) [filtered=238]
cnt=2 s0=PALM(4453,1829)* s1=PALM(326,2241) [filtered=239]
cnt=2 s0=PALM(4453,1829)* s1=PALM(319,2236) [filtered=240]
cnt=2 s0=PALM(4453,1828)* s1=PALM(311,2231) [filtered=241]
cnt=2 s0=PALM(4452,1827)* s1=PALM(304,2225) [filtered=242]
cnt=2 s0=PALM(4451,1827)* s1=PALM(297,2219) [filtered=243]
cnt=2 s0=PALM(4451,1827)* s1=PALM(291,2214) [filtered=244]
cnt=2 s0=PALM(4451,1826)* s1=PALM(284,2209) [filtered=245]
cnt=2 s0=PALM(4450,1826)* s1=PALM(278,2203) [filtered=246]
cnt=2 s0=PALM(4450,1825)* s1=PALM(273,2197) [filtered=247]
cnt=2 s0=PALM(4449,1825)* s1=PALM(268,2191) [filtered=248]
cnt=2 s0=PALM(4449,1825)* s1=PALM(264,2186) [filtered=249]
cnt=2 s0=PALM(4449,1824)* s1=PALM(260,2180) [filtered=250]
cnt=2 s0=PALM(4448,1823)* s1=PALM(257,2174) [filtered=251]
cnt=2 s0=PALM(4448,1823)* s1=PALM(254,2168) [filtered=252]
cnt=2 s0=PALM(4448,1823)* s1=PALM(252,2163) [filtered=253]
cnt=2 s0=PALM(4447,1822)* s1=PALM(250,2158) [filtered=254]
cnt=2 s0=PALM(4446,1822)* s1=PALM(247,2153) [filtered=255]
cnt=2 s0=PALM(4446,1821)* s1=PALM(245,2148) [filtered=256]
cnt=2 s0=PALM(4446,1821)* s1=PALM(244,2144) [filtered=257]
cnt=2 s0=PALM(4445,1821)* s1=PALM(243,2140) [filtered=258]
cnt=2 s0=PALM(4445,1820)* s1=PALM(241,2137) [filtered=259]
cnt=2 s0=PALM(4444,1819)* s1=PALM(239,2133) [filtered=260]
cnt=2 s0=PALM(4444,1819)* s1=PALM(238,2130) [filtered=261]
cnt=2 s0=PALM(4444,1819)* s1=PALM(237,2128) [filtered=262]
cnt=2 s0=PALM(4443,1819)* s1=PALM(236,2127) [filtered=263]
cnt=2 s0=PALM(4442,1819)* s1=PALM(234,2125) [filtered=264]
cnt=2 s0=PALM(4442,1819)* s1=PALM(233,2124) [filtered=265]
cnt=2 s0=PALM(4442,1819)* s1=PALM(233,2123) [filtered=266]
cnt=2 s0=PALM(4441,1819)* s1=PALM(233,2121) [filtered=267]
cnt=2 s0=PALM(4441,1819)* s1=PALM(233,2119) [filtered=268]
cnt=2 s0=PALM(4441,1819)* s1=PALM(233,2118) [filtered=269]
cnt=2 s0=PALM(4440,1819)* s1=PALM(233,2117) [filtered=270]
cnt=2 s0=PALM(4439,1819)* s1=PALM(234,2116) [filtered=271]
cnt=2 s0=PALM(4439,1819)* s1=PALM(234,2115) [filtered=272]
cnt=2 s0=PALM(4438,1819)* s1=PALM(235,2114) [filtered=273]
cnt=2 s0=PALM(4437,1819)* s1=PALM(236,2113) [filtered=274]
cnt=2 s0=PALM(4437,1819)* s1=PALM(236,2113) [filtered=275]
cnt=2 s0=PALM(4436,1819)* s1=PALM(237,2112) [filtered=276]
cnt=2 s0=PALM(4435,1819)* s1=PALM(239,2111) [filtered=277]
cnt=2 s0=PALM(4434,1819)* s1=PALM(240,2110) [filtered=278]
cnt=2 s0=PALM(4433,1819)* s1=PALM(241,2109) [filtered=279]
cnt=2 s0=PALM(4432,1819)* s1=PALM(243,2108) [filtered=280]
cnt=2 s0=PALM(4431,1819)* s1=PALM(244,2108) [filtered=281]
cnt=2 s0=PALM(4429,1819)* s1=PALM(245,2107) [filtered=282]
cnt=2 s0=PALM(4427,1819)* s1=PALM(247,2106) [filtered=283]
cnt=2 s0=PALM(4426,1819)* s1=PALM(248,2105) [filtered=284]
cnt=2 s0=PALM(4425,1819)* s1=PALM(250,2104) [filtered=285]
cnt=2 s0=PALM(4423,1819)* s1=PALM(252,2104) [filtered=286]
cnt=2 s0=PALM(4422,1819)* s1=PALM(253,2104) [filtered=287]
cnt=2 s0=PALM(4420,1820)* s1=PALM(255,2103) [filtered=288]
cnt=2 s0=PALM(4419,1821)* s1=PALM(256,2103) [filtered=289]
cnt=2 s0=fng (4416,1823) s1=PALM(258,2103) [filtered=290]
cnt=2 s0=fng (4413,1826) s1=PALM(261,2104) [filtered=291]
cnt=2 s0=fng (4411,1828) s1=PALM(262,2104) [filtered=292]
cnt=2 s0=fng (4408,1831) s1=PALM(265,2105) [filtered=293]
cnt=2 s0=fng (4405,1836) s1=PALM(268,2107) [filtered=294]
cnt=2 s0=fng (4403,1841) s1=PALM(271,2108) [filtered=295]
cnt=2 s0=fng (4400,1848) s1=PALM(275,2111) [filtered=296]
cnt=2 s0=fng (4396,1857) s1=PALM(279,2117) [filtered=297]
cnt=2 s0=fng (4393,1866) s1=PALM(282,2122) [filtered=298]
cnt=2 s0=fng (4390,1876) s1=PALM(286,2128) [filtered=299]
cnt=2 s0=fng (4386,1888) s1=PALM(290,2135) [filtered=300]
cnt=2 s0=fng (4382,1900) s1=PALM(293,2142) [filtered=301]
cnt=2 s0=fng (4378,1913) s1=PALM(297,2150) [filtered=302]
cnt=2 s0=fng (4375,1925) s1=PALM(300,2157) [filtered=303]
cnt=2 s0=fng (4372,1939) s1=PALM(303,2166) [filtered=304]
cnt=2 s0=fng (4368,1954) s1=PALM(306,2175) [filtered=305]
cnt=2 s0=fng (4365,1968) s1=PALM(308,2183) [filtered=306]
cnt=2 s0=fng (4362,1983) s1=PALM(311,2192) [filtered=307]
cnt=2 s0=fng (4358,1999) s1=PALM(314,2201) [filtered=308]
cnt=2 s0=fng (4355,2014) s1=PALM(316,2210) [filtered=309]
cnt=2 s0=fng (4351,2030) s1=PALM(319,2220) [filtered=310]
cnt=2 s0=fng (4347,2045) s1=PALM(322,2230) [filtered=311]
cnt=2 s0=fng (4344,2059) s1=PALM(324,2240) [filtered=312]
cnt=2 s0=fng (4339,2074) s1=PALM(327,2250) [filtered=313]
cnt=2 s0=fng (4335,2088) s1=PALM(329,2259) [filtered=314]
cnt=2 s0=PALM(4330,2103) s1=PALM(332,2267) [filtered=315]
cnt=2 s0=PALM(4325,2118) s1=PALM(335,2276) [filtered=316]
cnt=2 s0=PALM(4321,2132) s1=PALM(337,2284) [filtered=317]
cnt=2 s0=PALM(4316,2145) s1=PALM(340,2293) [filtered=318]
cnt=2 s0=PALM(4311,2158) s1=PALM(343,2302) [filtered=319]
cnt=2 s0=PALM(4307,2170) s1=PALM(346,2310) [filtered=320]
cnt=2 s0=PALM(4301,2181) s1=PALM(349,2319) [filtered=321]
cnt=2 s0=PALM(4296,2192) s1=PALM(351,2327) [filtered=322]
cnt=2 s0=PALM(4290,2202) s1=PALM(354,2335) [filtered=323]
cnt=2 s0=PALM(4284,2212) s1=PALM(357,2344) [filtered=324]
cnt=2 s0=PALM(4279,2222) s1=PALM(359,2352) [filtered=325]
cnt=2 s0=PALM(4273,2230) s1=PALM(362,2360) [filtered=326]
cnt=2 s0=PALM(4268,2238) s1=PALM(363,2369) [filtered=327]
cnt=2 s0=PALM(4264,2246) s1=PALM(364,2377) [filtered=328]
cnt=2 s0=PALM(4259,2252) s1=PALM(365,2385) [filtered=329]
cnt=2 s0=PALM(4254,2258) s1=PALM(366,2394) [filtered=330]
cnt=2 s0=PALM(4250,2264) s1=PALM(366,2402) [filtered=331]
cnt=2 s0=PALM(4246,2269) s1=PALM(366,2409) [filtered=332]
cnt=2 s0=PALM(4242,2273) s1=PALM(367,2416) [filtered=333]
cnt=2 s0=PALM(4239,2277) s1=PALM(367,2423) [filtered=334]
cnt=2 s0=PALM(4236,2280) s1=PALM(368,2429) [filtered=335]
cnt=2 s0=PALM(4233,2282) s1=PALM(369,2435) [filtered=336]
cnt=2 s0=PALM(4231,2284) s1=PALM(369,2441) [filtered=337]
cnt=2 s0=PALM(4229,2286) s1=PALM(371,2445) [filtered=338]
cnt=2 s0=PALM(4228,2288) s1=PALM(373,2449) [filtered=339]
cnt=2 s0=PALM(4227,2290) s1=PALM(374,2453) [filtered=340]
cnt=2 s0=PALM(4226,2291) s1=PALM(376,2456) [filtered=341]
cnt=2 s0=PALM(4226,2292) s1=PALM(377,2459) [filtered=342]
cnt=2 s0=PALM(4226,2292) s1=PALM(380,2461) [filtered=343]
cnt=2 s0=PALM(4227,2292) s1=PALM(383,2463) [filtered=344]
cnt=2 s0=PALM(4227,2292) s1=PALM(385,2465) [filtered=345]
cnt=2 s0=PALM(4228,2292) s1=PALM(388,2466) [filtered=346]
cnt=2 s0=PALM(4229,2292) s1=PALM(390,2467) [filtered=347]
cnt=2 s0=PALM(4230,2292) s1=PALM(392,2467) [filtered=348]
cnt=2 s0=PALM(4231,2292) s1=PALM(395,2467) [filtered=349]
cnt=2 s0=PALM(4232,2292) s1=PALM(397,2467) [filtered=350]
cnt=2 s0=PALM(4233,2292) s1=PALM(400,2467) [filtered=351]
cnt=2 s0=PALM(4235,2289) s1=PALM(403,2467) [filtered=352]
cnt=2 s0=PALM(4236,2286) s1=PALM(406,2467) [filtered=353]
cnt=2 s0=PALM(4238,2282) s1=PALM(409,2467) [filtered=354]
cnt=2 s0=PALM(4239,2279) s1=PALM(411,2467) [filtered=355]
cnt=2 s0=PALM(4241,2275) s1=PALM(414,2467) [filtered=356]
cnt=2 s0=PALM(4244,2270) s1=PALM(417,2467) [filtered=357]
cnt=2 s0=PALM(4246,2266) s1=PALM(419,2467) [filtered=358]
cnt=2 s0=PALM(4249,2261) s1=PALM(420,2467) [filtered=359]
cnt=2 s0=PALM(4251,2257) s1=PALM(420,2467) [filtered=360]
cnt=2 s0=PALM(4253,2251) s1=PALM(421,2467) [filtered=361]
cnt=2 s0=PALM(4255,2246) s1=PALM(422,2467) [filtered=362]
cnt=2 s0=PALM(4257,2239) s1=PALM(423,2467) [filtered=363]
cnt=2 s0=PALM(4261,2231) s1=PALM(424,2467) [filtered=364]
cnt=2 s0=PALM(4264,2224) s1=PALM(425,2467) [filtered=365]
cnt=2 s0=PALM(4269,2215) s1=PALM(426,2464) [filtered=366]
cnt=2 s0=PALM(4274,2206) s1=PALM(427,2460) [filtered=367]
cnt=2 s0=PALM(4278,2197) s1=PALM(428,2456) [filtered=368]
cnt=2 s0=PALM(4283,2188) s1=PALM(429,2453) [filtered=369]
cnt=2 s0=PALM(4287,2180) s1=PALM(430,2452) [filtered=370]
cnt=2 s0=PALM(4291,2170) s1=PALM(431,2449) [filtered=371]
cnt=2 s0=PALM(4295,2161) s1=PALM(431,2447) [filtered=372]
cnt=2 s0=PALM(4299,2152) s1=PALM(432,2444) [filtered=373]
cnt=2 s0=PALM(4303,2141) s1=PALM(433,2440) [filtered=374]
cnt=2 s0=PALM(4307,2131) s1=PALM(433,2437) [filtered=375]
cnt=2 s0=PALM(4311,2121) s1=PALM(434,2433) [filtered=376]
cnt=2 s0=PALM(4315,2110) s1=PALM(435,2428) [filtered=377]
cnt=2 s0=PALM(4319,2100) s1=PALM(435,2424) [filtered=378]
cnt=2 s0=fng (4323,2090) s1=PALM(436,2419) [filtered=379]
cnt=2 s0=fng (4328,2079) s1=PALM(437,2414) [filtered=380]
cnt=2 s0=fng (4332,2069) s1=PALM(437,2410) [filtered=381]
cnt=2 s0=fng (4336,2059) s1=PALM(438,2405) [filtered=382]
cnt=2 s0=fng (4340,2049) s1=PALM(438,2401) [filtered=383]
cnt=2 s0=fng (4344,2040) s1=PALM(439,2397) [filtered=384]
cnt=2 s0=fng (4349,2031) s1=PALM(439,2392) [filtered=385]
cnt=2 s0=fng (4353,2022) s1=PALM(439,2388) [filtered=386]
cnt=2 s0=fng (4356,2013) s1=PALM(439,2383) [filtered=387]
cnt=2 s0=fng (4359,2004) s1=PALM(439,2377) [filtered=388]
cnt=2 s0=fng (4362,1995) s1=PALM(439,2372) [filtered=389]
cnt=2 s0=fng (4365,1986) s1=PALM(439,2366) [filtered=390]
cnt=2 s0=fng (4368,1976) s1=PALM(439,2360) [filtered=391]
cnt=2 s0=fng (4370,1967) s1=PALM(439,2355) [filtered=392]
cnt=2 s0=fng (4372,1958) s1=PALM(439,2349) [filtered=393]
cnt=2 s0=fng (4375,1949) s1=PALM(438,2343) [filtered=394]
cnt=2 s0=fng (4377,1941) s1=PALM(438,2338) [filtered=395]
cnt=2 s0=fng (4379,1933) s1=PALM(437,2331) [filtered=396]
cnt=2 s0=fng (4381,1925) s1=PALM(437,2325) [filtered=397]
cnt=2 s0=fng (4382,1917) s1=PALM(437,2319) [filtered=398]
cnt=2 s0=fng (4383,1908) s1=PALM(436,2312) [filtered=399]
cnt=2 s0=fng (4383,1900) s1=PALM(436,2306) [filtered=400]
cnt=2 s0=fng (4384,1892) s1=PALM(435,2299) [filtered=401]
cnt=2 s0=fng (4384,1884) s1=PALM(435,2293) [filtered=402]
cnt=2 s0=fng (4385,1876) s1=PALM(434,2287) [filtered=403]
cnt=2 s0=fng (4386,1868) s1=PALM(433,2279) [filtered=404]
cnt=2 s0=fng (4387,1860) s1=PALM(432,2272) [filtered=405]
cnt=2 s0=fng (4388,1852) s1=PALM(431,2264) [filtered=406]
cnt=2 s0=fng (4388,1844) s1=PALM(430,2257) [filtered=407]
cnt=2 s0=fng (4389,1837) s1=PALM(429,2249) [filtered=408]
cnt=2 s0=fng (4390,1830) s1=PALM(428,2241) [filtered=409]
cnt=2 s0=fng (4391,1824) s1=PALM(427,2233) [filtered=410]
cnt=2 s0=fng (4391,1818) s1=PALM(426,2225) [filtered=411]
cnt=2 s0=fng (4392,1812) s1=PALM(425,2217) [filtered=412]
cnt=2 s0=fng (4393,1807) s1=PALM(423,2208) [filtered=413]
cnt=2 s0=fng (4394,1802) s1=PALM(422,2199) [filtered=414]
cnt=2 s0=fng (4395,1798) s1=PALM(420,2190) [filtered=415]
cnt=2 s0=fng (4396,1794) s1=PALM(419,2181) [filtered=416]
cnt=2 s0=fng (4397,1790) s1=PALM(417,2172) [filtered=417]
cnt=2 s0=fng (4398,1787) s1=PALM(414,2163) [filtered=418]
cnt=2 s0=fng (4399,1784) s1=PALM(413,2154) [filtered=419]
cnt=2 s0=fng (4400,1782) s1=PALM(410,2145) [filtered=420]
cnt=2 s0=fng (4401,1780) s1=PALM(408,2136) [filtered=421]
cnt=2 s0=fng (4403,1778) s1=PALM(405,2127) [filtered=422]
cnt=2 s0=fng (4405,1777) s1=PALM(402,2118) [filtered=423]
cnt=2 s0=fng (4406,1776) s1=PALM(400,2109) [filtered=424]
cnt=2 s0=fng (4408,1775) s1=PALM(397,2100) [filtered=425]
cnt=2 s0=fng (4410,1774) s1=fng (394,2091) [filtered=425]
cnt=2 s0=fng (4411,1773) s1=fng (392,2082) [filtered=425]
cnt=2 s0=fng (4412,1773) s1=fng (389,2073) [filtered=425]
cnt=2 s0=fng (4414,1773) s1=fng (386,2064) [filtered=425]
cnt=2 s0=fng (4415,1773) s1=fng (383,2055) [filtered=425]
cnt=2 s0=fng (4416,1773) s1=fng (379,2047) [filtered=425]
cnt=2 s0=fng (4417,1773) s1=fng (375,2039) [filtered=425]
cnt=2 s0=fng (4418,1773) s1=fng (372,2031) [filtered=425]
cnt=2 s0=fng (4419,1773) s1=fng (368,2023) [filtered=425]
cnt=2 s0=fng (4419,1773) s1=fng (364,2015) [filtered=425]
cnt=2 s0=fng (4419,1773) s1=fng (361,2007) [filtered=425]
cnt=2 s0=fng (4420,1773) s1=fng (357,1999) [filtered=425]
cnt=2 s0=fng (4421,1773) s1=fng (353,1990) [filtered=425]
cnt=2 s0=fng (4422,1773) s1=fng (349,1981) [filtered=425]
cnt=2 s0=fng (4422,1773) s1=fng (346,1973) [filtered=425]
cnt=2 s0=fng (4422,1773) s1=fng (342,1963) [filtered=425]
cnt=2 s0=fng (4423,1774) s1=fng (338,1953) [filtered=425]
cnt=2 s0=fng (4423,1773) s1=fng (334,1943) [filtered=425]
cnt=2 s0=fng (4423,1773) s1=fng (331,1934) [filtered=425]
cnt=2 s0=fng (4424,1772) s1=fng (327,1925) [filtered=425]
cnt=2 s0=fng (4424,1771) s1=fng (323,1916) [filtered=425]
cnt=2 s0=fng (4424,1770) s1=fng (320,1908) [filtered=425]
cnt=2 s0=fng (4425,1769) s1=fng (317,1901) [filtered=425]
cnt=2 s0=fng (4426,1767) s1=fng (313,1894) [filtered=425]
cnt=2 s0=fng (4427,1766) s1=fng (309,1886) [filtered=425]
cnt=2 s0=fng (4427,1765) s1=fng (306,1879) [filtered=425]
cnt=2 s0=PALM(4428,1764)* s1=fng (303,1872) [filtered=426]
cnt=2 s0=PALM(4429,1762)* s1=fng (300,1866) [filtered=427]
cnt=2 s0=PALM(4429,1760)* s1=fng (296,1859) [filtered=428]
cnt=2 s0=PALM(4429,1759)* s1=fng (293,1853) [filtered=429]
cnt=2 s0=PALM(4430,1757)* s1=fng (290,1847) [filtered=430]
cnt=2 s0=PALM(4431,1755)* s1=fng (287,1840) [filtered=431]
cnt=2 s0=PALM(4431,1752)* s1=PALM(283,1833) [filtered=432]
cnt=2 s0=PALM(4431,1751)* s1=PALM(280,1827) [filtered=433]
cnt=2 s0=PALM(4431,1749)* s1=PALM(277,1821) [filtered=434]
cnt=2 s0=PALM(4431,1746)* s1=PALM(274,1814) [filtered=435]
cnt=2 s0=PALM(4431,1744)* s1=PALM(271,1808) [filtered=436]
cnt=2 s0=PALM(4431,1741)* s1=PALM(268,1802) [filtered=437]
cnt=2 s0=PALM(4431,1738)* s1=PALM(266,1796) [filtered=438]
cnt=2 s0=PALM(4431,1736)* s1=PALM(264,1790) [filtered=439]
cnt=2 s0=PALM(4431,1733)* s1=PALM(262,1784) [filtered=440]
cnt=2 s0=fng (4431,1729) s1=PALM(260,1778) [filtered=441]
cnt=2 s0=fng (4431,1726) s1=PALM(258,1772) [filtered=442]
cnt=2 s0=fng (4432,1722) s1=PALM(256,1766) [filtered=443]
cnt=2 s0=fng (4432,1718) s1=PALM(254,1760) [filtered=444]
cnt=2 s0=fng (4433,1712) s1=PALM(252,1754) [filtered=445]
cnt=2 s0=fng (4433,1707) s1=PALM(250,1748) [filtered=446]
cnt=2 s0=fng (4434,1702) s1=PALM(248,1742) [filtered=447]
cnt=2 s0=fng (4435,1698) s1=PALM(246,1736) [filtered=448]
cnt=2 s0=fng (4436,1693) s1=PALM(244,1731) [filtered=449]
cnt=2 s0=fng (4437,1687) s1=PALM(243,1727) [filtered=450]
cnt=2 s0=fng (4437,1682) s1=PALM(243,1723) [filtered=451]
cnt=2 s0=fng (4438,1675) s1=PALM(242,1719) [filtered=452]
cnt=2 s0=fng (4439,1668) s1=PALM(240,1715) [filtered=453]
cnt=2 s0=fng (4440,1662) s1=PALM(239,1711) [filtered=454]
cnt=2 s0=fng (4441,1655) s1=PALM(238,1707) [filtered=455]
cnt=2 s0=fng (4443,1647) s1=PALM(236,1703) [filtered=456]
cnt=2 s0=fng (4445,1637) s1=PALM(234,1698) [filtered=457]
cnt=2 s0=fng (4446,1628) s1=PALM(233,1694) [filtered=458]
cnt=2 s0=fng (4448,1618) s1=PALM(231,1687) [filtered=459]
cnt=2 s0=fng (4450,1608) s1=PALM(229,1680) [filtered=460]
cnt=2 s0=fng (4452,1598) s1=PALM(227,1673) [filtered=461]
cnt=2 s0=fng (4453,1588) s1=PALM(226,1667) [filtered=462]
cnt=2 s0=fng (4454,1578) s1=PALM(224,1661) [filtered=463]
cnt=2 s0=fng (4456,1568) s1=PALM(222,1654) [filtered=464]
cnt=2 s0=fng (4457,1559) s1=PALM(221,1648) [filtered=465]
cnt=2 s0=fng (4459,1549) s1=PALM(219,1642) [filtered=466]
cnt=2 s0=fng (4461,1539) s1=PALM(217,1636) [filtered=467]
cnt=2 s0=fng (4464,1529) s1=PALM(215,1629) [filtered=468]
cnt=2 s0=fng (4465,1519) s1=PALM(214,1623) [filtered=469]
cnt=2 s0=fng (4467,1509) s1=PALM(212,1617) [filtered=470]
cnt=2 s0=fng (4470,1499) s1=PALM(209,1610) [filtered=471]
cnt=2 s0=fng (4473,1489) s1=PALM(206,1602) [filtered=472]
cnt=2 s0=fng (4474,1479) s1=PALM(205,1595) [filtered=473]
cnt=2 s0=PALM(4476,1469) s1=PALM(203,1587) [filtered=474]
cnt=2 s0=PALM(4478,1459) s1=PALM(201,1579) [filtered=475]
cnt=2 s0=PALM(4481,1448) s1=PALM(198,1571) [filtered=476]
cnt=2 s0=PALM(4484,1437) s1=PALM(195,1563) [filtered=477]
cnt=2 s0=PALM(4485,1427) s1=PALM(194,1555) [filtered=478]
cnt=2 s0=PALM(4487,1416) s1=PALM(192,1546) [filtered=479]
cnt=2 s0=PALM(4489,1405) s1=PALM(190,1537) [filtered=480]
cnt=2 s0=PALM(4492,1393) s1=PALM(187,1528) [filtered=481]
cnt=2 s0=PALM(4493,1382) s1=PALM(186,1520) [filtered=482]
cnt=2 s0=PALM(4495,1371) s1=PALM(184,1512) [filtered=483]
cnt=2 s0=PALM(4497,1360) s1=PALM(181,1503) [filtered=484]
cnt=2 s0=PALM(4499,1349) s1=PALM(178,1494) [filtered=485]
cnt=2 s0=PALM(4501,1339) s1=PALM(176,1485) [filtered=486]
cnt=2 s0=PALM(4502,1329) s1=PALM(175,1477) [filtered=487]
cnt=2 s0=PALM(4504,1320) s1=PALM(173,1469) [filtered=488]
cnt=2 s0=PALM(4506,1311) s1=PALM(170,1462) [filtered=489]
cnt=2 s0=PALM(4508,1302) s1=PALM(167,1454) [filtered=490]
cnt=2 s0=PALM(4510,1293) s1=PALM(164,1447) [filtered=491]
cnt=2 s0=PALM(4511,1284) s1=PALM(163,1441) [filtered=492]
cnt=2 s0=PALM(4513,1275) s1=PALM(160,1435) [filtered=493]
cnt=2 s0=PALM(4515,1267) s1=PALM(156,1428) [filtered=494]
cnt=2 s0=PALM(4517,1260) s1=PALM(151,1421) [filtered=495]
cnt=2 s0=PALM(4518,1254) s1=PALM(147,1415) [filtered=496]
cnt=2 s0=PALM(4519,1248) s1=PALM(144,1409) [filtered=497]
cnt=2 s0=PALM(4520,1243) s1=PALM(139,1403) [filtered=498]
cnt=2 s0=PALM(4521,1237) s1=PALM(134,1398) [filtered=499]
cnt=2 s0=PALM(4522,1232) s1=PALM(130,1393) [filtered=500]
cnt=2 s0=PALM(4523,1228) s1=PALM(127,1389) [filtered=501]
cnt=2 s0=PALM(4524,1224) s1=PALM(123,1385) [filtered=502]
cnt=2 s0=PALM(4525,1220) s1=PALM(119,1380) [filtered=503]
cnt=2 s0=PALM(4526,1217) s1=PALM(115,1375) [filtered=504]
cnt=2 s0=PALM(4527,1214) s1=PALM(111,1371) [filtered=505]
cnt=2 s0=PALM(4528,1212) s1=PALM(108,1368) [filtered=506]
cnt=2 s0=PALM(4528,1210) s1=PALM(105,1366) [filtered=507]
cnt=2 s0=PALM(4529,1209) s1=PALM(103,1364) [filtered=508]
cnt=2 s0=PALM(4529,1207) s1=PALM(100,1362) [filtered=509]
cnt=2 s0=PALM(4529,1206) s1=PALM(98,1360) [filtered=510]
cnt=2 s0=PALM(4530,1205) s1=PALM(96,1359) [filtered=511]
cnt=2 s0=PALM(4530,1204) s1=PALM(95,1357) [filtered=512]
cnt=2 s0=PALM(4531,1203) s1=PALM(93,1356) [filtered=513]
cnt=2 s0=PALM(4532,1202) s1=PALM(91,1355) [filtered=514]
cnt=2 s0=PALM(4532,1201) s1=PALM(90,1354) [filtered=515]
cnt=2 s0=PALM(4532,1201) s1=PALM(88,1353) [filtered=516]
cnt=2 s0=PALM(4533,1200) s1=PALM(87,1352) [filtered=517]
cnt=2 s0=PALM(4533,1200) s1=PALM(86,1351) [filtered=518]
cnt=2 s0=PALM(4533,1200) s1=PALM(85,1350) [filtered=519]
cnt=2 s0=PALM(4533,1200) s1=PALM(84,1350) [filtered=520]
cnt=2 s0=PALM(4533,1200) s1=PALM(83,1350) [filtered=521]
cnt=2 s0=PALM(4533,1200) s1=PALM(82,1349) [filtered=522]
cnt=2 s0=PALM(4533,1200) s1=PALM(81,1348) [filtered=523]
cnt=2 s0=PALM(4533,1200) s1=PALM(81,1348) [filtered=524]
cnt=2 s0=PALM(4533,1200) s1=PALM(80,1348) [filtered=525]
cnt=2 s0=PALM(4533,1200) s1=PALM(80,1348) [filtered=526]
cnt=2 s0=PALM(4533,1200) s1=PALM(80,1348) [filtered=527]
cnt=2 s0=PALM(4533,1200) s1=PALM(80,1348) [filtered=528]
cnt=2 s0=PALM(4533,1200) s1=PALM(80,1348) [filtered=529]
cnt=2 s0=PALM(4533,1200) s1=PALM(80,1347) [filtered=530]
cnt=2 s0=PALM(4533,1200) s1=PALM(80,1347) [filtered=531]
cnt=2 s0=PALM(4533,1200) s1=PALM(79,1346) [filtered=532]
cnt=2 s0=PALM(4533,1200) s1=PALM(78,1346) [filtered=533]
cnt=2 s0=PALM(4533,1200) s1=PALM(77,1346) [filtered=534]
cnt=2 s0=PALM(4533,1200)* s1=PALM(76,1345) [filtered=535]
cnt=2 s0=PALM(4533,1200)* s1=PALM(75,1344) [filtered=536]
cnt=2 s0=PALM(4533,1200)* s1=PALM(74,1343) [filtered=537]
cnt=2 s0=PALM(4533,1200)* s1=PALM(74,1342) [filtered=538]
cnt=2 s0=PALM(4533,1200)* s1=PALM(73,1341) [filtered=539]
cnt=2 s0=PALM(4533,1200)* s1=PALM(72,1340)* [filtered=540]
cnt=2 s0=PALM(4534,1200)* s1=PALM(71,1339)* [filtered=541]
cnt=2 s0=PALM(4534,1200)* s1=PALM(70,1338)* [filtered=542]
cnt=2 s0=PALM(4534,1200)* s1=PALM(69,1337)* [filtered=543]
cnt=2 s0=PALM(4535,1200)* s1=PALM(68,1336)* [filtered=544]
cnt=2 s0=PALM(4535,1200)* s1=PALM(67,1335)* [filtered=545]
cnt=2 s0=PALM(4536,1199)* s1=PALM(66,1334)* [filtered=546]
cnt=2 s0=PALM(4537,1199)* s1=PALM(65,1333)* [filtered=547]
cnt=2 s0=PALM(4537,1199)* s1=PALM(65,1333)* [filtered=548]
cnt=2 s0=PALM(4537,1198)* s1=PALM(64,1332)* [filtered=549]
cnt=2 s0=PALM(4538,1198)* s1=PALM(63,1332)* [filtered=550]
cnt=2 s0=PALM(4538,1198)* s1=PALM(62,1331)* [filtered=551]
cnt=2 s0=PALM(4538,1198)* s1=PALM(62,1331)* [filtered=552]
cnt=2 s0=PALM(4539,1198)* s1=PALM(61,1331)* [filtered=553]
cnt=2 s0=PALM(4539,1198)* s1=PALM(60,1330)* [filtered=554]
cnt=2 s0=PALM(4540,1198)* s1=PALM(59,1330)* [filtered=555]
cnt=2 s0=PALM(4541,1198)* s1=PALM(58,1330)* [filtered=556]
cnt=2 s0=PALM(4541,1198)* s1=PALM(57,1330)* [filtered=557]
cnt=2 s0=PALM(4541,1198)* s1=PALM(56,1330)* [filtered=558]
cnt=2 s0=PALM(4542,1198)* s1=PALM(55,1330)* [filtered=559]
cnt=2 s0=PALM(4542,1198)* s1=PALM(54,1329)* [filtered=560]
cnt=2 s0=PALM(4543,1198)* s1=PALM(53,1329)* [filtered=561]
cnt=2 s0=PALM(4543,1198)* s1=PALM(52,1329)* [filtered=562]
cnt=2 s0=PALM(4543,1198)* s1=PALM(51,1328)* [filtered=563]
cnt=2 s0=PALM(4544,1198)* s1=PALM(50,1328)* [filtered=564]
cnt=2 s0=PALM(4544,1198)* s1=PALM(49,1327)* [filtered=565]
cnt=2 s0=PALM(4544,1198)* s1=PALM(49,1327)* [filtered=566]
cnt=2 s0=PALM(4544,1198)* s1=PALM(48,1326)* [filtered=567]
cnt=2 s0=PALM(4544,1198)* s1=PALM(47,1326)* [filtered=568]
cnt=2 s0=PALM(4544,1198)* s1=PALM(46,1325)* [filtered=569]
cnt=2 s0=PALM(4544,1198)* s1=PALM(45,1324)* [filtered=570]
cnt=2 s0=PALM(4544,1198)* s1=PALM(45,1324)* [filtered=571]
cnt=2 s0=PALM(4544,1198)* s1=PALM(45,1324)* [filtered=572]
cnt=2 s0=PALM(4544,1198)* s1=PALM(45,1323)* [filtered=573]
cnt=2 s0=PALM(4544,1198)* s1=PALM(45,1322)* [filtered=574]
cnt=2 s0=PALM(4544,1198)* s1=PALM(45,1322)* [filtered=575]
cnt=2 s0=PALM(4544,1198)* s1=PALM(45,1322)* [filtered=576]
cnt=2 s0=PALM(4544,1198)* s1=PALM(45,1321)* [filtered=577]
cnt=2 s0=PALM(4544,1198)* s1=PALM(45,1321)* [filtered=578]
cnt=2 s0=PALM(4544,1198)* s1=PALM(44,1320)* [filtered=579]
cnt=2 s0=PALM(4544,1198)* s1=PALM(43,1320)* [filtered=580]
cnt=2 s0=PALM(4544,1198)* s1=PALM(43,1320)* [filtered=581]
cnt=2 s0=PALM(4544,1197)* s1=PALM(43,1319)* [filtered=582]
cnt=2 s0=PALM(4544,1197)* s1=PALM(43,1318)* [filtered=583]
cnt=2 s0=PALM(4544,1197)* s1=PALM(43,1318)* [filtered=584]
cnt=2 s0=PALM(4544,1197)* s1=PALM(43,1318)* [filtered=585]
cnt=2 s0=PALM(4544,1197)* s1=PALM(43,1317)* [filtered=586]
cnt=2 s0=PALM(4544,1196)* s1=PALM(43,1317)* [filtered=587]
cnt=2 s0=PALM(4545,1196)* s1=PALM(43,1316)* [filtered=588]
cnt=2 s0=PALM(4546,1196)* s1=PALM(43,1316)* [filtered=589]
cnt=2 s0=PALM(4546,1196)* s1=PALM(43,1316)* [filtered=590]
cnt=2 s0=PALM(4546,1196)* s1=PALM(43,1315)* [filtered=591]
cnt=2 s0=PALM(4547,1196)* s1=PALM(43,1315)* [filtered=592]
cnt=2 s0=PALM(4547,1196)* s1=PALM(43,1314)* [filtered=593]
cnt=2 s0=PALM(4547,1196)* s1=PALM(43,1314)* [filtered=594]
cnt=2 s0=PALM(4548,1196)* s1=PALM(43,1314)* [filtered=595]
cnt=2 s0=PALM(4548,1196)* s1=PALM(43,1314)* [filtered=596]
cnt=2 s0=PALM(4549,1195)* s1=PALM(43,1314)* [filtered=597]
cnt=2 s0=PALM(4550,1195)* s1=PALM(43,1314)* [filtered=598]
cnt=2 s0=PALM(4550,1195)* s1=PALM(43,1314)* [filtered=599]
cnt=2 s0=PALM(4550,1195)* s1=PALM(43,1314)* [filtered=600]
cnt=2 s0=PALM(4551,1195)* s1=PALM(43,1314)* [filtered=601]
cnt=2 s0=PALM(4551,1195)* s1=PALM(43,1314)* [filtered=602]
cnt=2 s0=PALM(4552,1195)* s1=PALM(43,1314)* [filtered=603]
cnt=2 s0=PALM(4552,1195)* s1=PALM(43,1314)* [filtered=604]
cnt=2 s0=PALM(4552,1195)* s1=PALM(43,1314)* [filtered=605]
cnt=2 s0=PALM(4553,1195)* s1=PALM(43,1314)* [filtered=606]
cnt=2 s0=PALM(4554,1195)* s1=PALM(43,1314)* [filtered=607]
cnt=2 s0=PALM(4554,1195)* s1=PALM(43,1314)* [filtered=608]
cnt=2 s0=PALM(4554,1195)* s1=PALM(43,1314)* [filtered=609]
cnt=2 s0=PALM(4555,1195)* s1=PALM(43,1313)* [filtered=610]
cnt=2 s0=PALM(4555,1195)* s1=PALM(43,1313)* [filtered=611]
cnt=2 s0=PALM(4556,1195)* s1=PALM(43,1313)* [filtered=612]
cnt=2 s0=PALM(4556,1195)* s1=PALM(43,1313)* [filtered=613]
cnt=2 s0=PALM(4556,1195)* s1=PALM(43,1312)* [filtered=614]
cnt=2 s0=PALM(4557,1195)* s1=PALM(43,1312)* [filtered=615]
cnt=1 s0=fng (4557,1195)* [filtered=615]
cnt=1 s0=fng (4557,1194)* [filtered=615]
cnt=1 s0=fng (4558,1194)* [filtered=615]
cnt=1 s0=fng (4558,1194)* [filtered=615]
cnt=1 s0=fng (4559,1194)* [filtered=615]
cnt=1 s0=fng (4559,1194)* [filtered=615]
cnt=1 s0=fng (4560,1194)* [filtered=615]
cnt=1 s0=fng (4560,1194)* [filtered=615]
cnt=1 s0=fng (4560,1194)* [filtered=615]
cnt=1 s0=fng (4561,1194)* [filtered=615]
cnt=1 s0=fng (4561,1194)* [filtered=615]
cnt=1 s0=fng (4562,1193)* [filtered=615]
cnt=1 s0=fng (4563,1193)* [filtered=615]
cnt=1 s0=fng (4563,1193)* [filtered=615]
cnt=1 s0=fng (4563,1193)* [filtered=615]
cnt=1 s0=fng (4564,1193)* [filtered=615]
cnt=1 s0=fng (4564,1193)* [filtered=615]
cnt=1 s0=fng (4565,1193)* [filtered=615]
cnt=1 s0=fng (4565,1193)* [filtered=615]
cnt=1 s0=fng (4565,1193)* [filtered=615]
cnt=1 s0=fng (4566,1193)* [filtered=615]
cnt=1 s0=fng (4566,1193)* [filtered=615]
cnt=1 s0=fng (4566,1193)* [filtered=615]
cnt=1 s0=fng (4567,1193)* [filtered=615]
cnt=1 s0=fng (4567,1193)* [filtered=615]
cnt=1 s0=fng (4567,1193)* [filtered=615]
cnt=1 s0=fng (4568,1193)* [filtered=615]
cnt=1 s0=fng (4568,1193)* [filtered=615]
cnt=1 s0=fng (4568,1193)* [filtered=615]
cnt=1 s0=fng (4568,1193)* [filtered=615]
cnt=1 s0=fng (4568,1193)* [filtered=615]
cnt=1 s0=fng (4568,1193)* [filtered=615]
cnt=1 s0=fng (4568,1193)* [filtered=615]
cnt=1 s0=fng (4568,1193)* [filtered=615]
cnt=1 s0=fng (4568,1193)* [filtered=615]
cnt=1 s0=fng (4568,1193)* [filtered=615]
cnt=1 s0=fng (4568,1193)* [filtered=615]
cnt=1 s0=fng (4568,1193)* [filtered=615]
cnt=1 s0=fng (4568,1193)* [filtered=615]
cnt=1 s0=fng (4568,1193)* [filtered=615]
cnt=1 s0=fng (4568,1193)* [filtered=615]
cnt=1 s0=fng (4568,1193)* [filtered=615]
cnt=1 s0=fng (4568,1193)* [filtered=615]
cnt=1 s0=fng (4568,1193)* [filtered=615]
cnt=1 s0=fng (4568,1193)* [filtered=615]
cnt=1 s0=fng (4568,1193)* [filtered=615]
cnt=1 s0=fng (4568,1193)* [filtered=615]
cnt=1 s0=fng (4568,1193)* [filtered=615]
cnt=1 s0=fng (4569,1193)* [filtered=615]
cnt=1 s0=fng (4569,1193)* [filtered=615]
cnt=1 s0=fng (4570,1193)* [filtered=615]
cnt=1 s0=fng (4570,1193)* [filtered=615]
cnt=1 s0=fng (4570,1193)* [filtered=615]
cnt=1 s0=fng (4570,1193)* [filtered=615]
cnt=1 s0=fng (4571,1193)* [filtered=615]
cnt=1 s0=fng (4572,1193)* [filtered=615]
cnt=1 s0=fng (4572,1193)* [filtered=615]
cnt=1 s0=fng (4572,1193)* [filtered=615]
cnt=1 s0=fng (4572,1193)* [filtered=615]
cnt=1 s0=fng (4573,1193)* [filtered=615]
cnt=1 s0=fng (4573,1193)* [filtered=615]
cnt=1 s0=fng (4573,1193)* [filtered=615]
cnt=1 s0=fng (4573,1193)* [filtered=615]
cnt=1 s0=fng (4573,1193)* [filtered=615]
cnt=1 s0=fng (4573,1193)* [filtered=615]
cnt=1 s0=fng (4573,1193)* [filtered=615]
cnt=1 s0=fng (4574,1193)* [filtered=615]
cnt=1 s0=fng (4574,1193)* [filtered=615]
cnt=1 s0=fng (4574,1193)* [filtered=615]
cnt=1 s0=fng (4574,1193)* [filtered=615]
cnt=1 s0=fng (4574,1193)* [filtered=615]
cnt=1 s0=fng (4574,1193)* [filtered=615]
cnt=1 s0=fng (4575,1193)* [filtered=615]
cnt=1 s0=fng (4575,1193)* [filtered=615]
cnt=1 s0=fng (4575,1193)* [filtered=615]
cnt=1 s0=fng (4575,1193)* [filtered=615]
cnt=1 s0=fng (4575,1193)* [filtered=615]
cnt=1 s0=fng (4575,1193)* [filtered=615]
cnt=1 s0=fng (4576,1193)* [filtered=615]
cnt=1 s0=fng (4576,1193)* [filtered=615]
cnt=1 s0=fng (4576,1193)* [filtered=615]
cnt=1 s0=fng (4576,1193)* [filtered=615]
cnt=1 s0=fng (4576,1193)* [filtered=615]
cnt=1 s0=fng (4576,1193)* [filtered=615]
cnt=1 s0=fng (4576,1193)* [filtered=615]
cnt=1 s0=fng (4576,1193)* [filtered=615]
cnt=1 s0=fng (4576,1193)* [filtered=615]
cnt=1 s0=fng (4576,1193)* [filtered=615]
cnt=1 s0=fng (4577,1193)* [filtered=615]
cnt=1 s0=fng (4577,1193)* [filtered=615]
cnt=1 s0=fng (4577,1193)* [filtered=615]
cnt=1 s0=fng (4577,1193)* [filtered=615]
cnt=1 s0=fng (4578,1193)* [filtered=615]
cnt=1 s0=fng (4578,1193)* [filtered=615]
cnt=1 s0=fng (4578,1193)* [filtered=615]
cnt=1 s0=fng (4578,1193)* [filtered=615]
cnt=1 s0=fng (4578,1193)* [filtered=615]
cnt=1 s0=fng (4579,1193)* [filtered=615]
cnt=1 s0=fng (4579,1193)* [filtered=615]
cnt=1 s0=fng (4579,1193)* [filtered=615]
cnt=1 s0=fng (4579,1193)* [filtered=615]
cnt=1 s0=fng (4579,1193)* [filtered=615]
cnt=1 s0=fng (4579,1193)* [filtered=615]
cnt=1 s0=fng (4579,1193)* [filtered=615]
cnt=1 s0=fng (4579,1193)* [filtered=615]
cnt=1 s0=fng (4579,1193)* [filtered=615]
cnt=1 s0=fng (4579,1193)* [filtered=615]
cnt=1 s0=fng (4579,1193)* [filtered=615]
cnt=1 s0=fng (4579,1193)* [filtered=615]
cnt=1 s0=fng (4579,1193)* [filtered=615]
cnt=1 s0=fng (4579,1193)* [filtered=615]
cnt=1 s0=fng (4579,1193)* [filtered=615]
cnt=1 s0=fng (4579,1193)* [filtered=615]
cnt=1 s0=fng (4579,1193)* [filtered=615]
cnt=1 s0=fng (4579,1193)* [filtered=615]
cnt=1 s0=fng (4579,1193)* [filtered=615]
cnt=1 s0=fng (4579,1193)* [filtered=615]
cnt=1 s0=fng (4579,1193)* [filtered=615]
cnt=1 s0=fng (4579,1193)* [filtered=615]
cnt=1 s0=fng (4579,1193)* [filtered=615]
cnt=1 s0=fng (4579,1193)* [filtered=615]
cnt=1 s0=fng (4579,1193)* [filtered=615]
cnt=1 s0=fng (4579,1193)* [filtered=615]
cnt=1 s0=fng (4579,1193)* [filtered=615]
cnt=1 s0=fng (4579,1193)* [filtered=615]
cnt=1 s0=fng (4579,1193)* [filtered=615]
cnt=1 s0=fng (4579,1193)* [filtered=615]
cnt=1 s0=fng (4579,1193)* [filtered=615]
cnt=1 s0=fng (4579,1193)* [filtered=615]
cnt=1 s0=fng (4579,1193)* [filtered=615]
cnt=1 s0=fng (4579,1193)* [filtered=615]
cnt=1 s0=fng (4579,1193)* [filtered=615]
cnt=1 s0=fng (4579,1193)* [filtered=615]
cnt=1 s0=fng (4579,1193)* [filtered=615]
cnt=1 s0=fng (4579,1193)* [filtered=615]
cnt=1 s0=fng (4579,1193)* [filtered=615]
cnt=1 s0=fng (4579,1193)* [filtered=615]
cnt=1 s0=fng (4579,1193)* [filtered=615]
cnt=1 s0=fng (4579,1193)* [filtered=615]
cnt=1 s0=fng (4579,1193)* [filtered=615]
cnt=1 s0=fng (4579,1193)* [filtered=615]
cnt=1 s0=fng (4579,1193)* [filtered=615]
cnt=1 s0=fng (4579,1193)* [filtered=615]
cnt=1 s0=fng (4579,1193)* [filtered=615]
cnt=1 s0=fng (4579,1193)* [filtered=615]
cnt=1 s0=fng (4579,1193)* [filtered=615]
cnt=1 s0=fng (4579,1193)* [filtered=615]
cnt=1 s0=fng (4579,1193)* [filtered=615]
cnt=1 s0=fng (4579,1193)* [filtered=615]
cnt=1 s0=fng (4579,1193)* [filtered=615]
cnt=1 s0=fng (4579,1193)* [filtered=615]
cnt=1 s0=fng (4579,1193)* [filtered=615]
cnt=1 s0=fng (4579,1193)* [filtered=615]
cnt=1 s0=fng (4579,1194)* [filtered=615]
cnt=1 s0=fng (4579,1194)* [filtered=615]
cnt=1 s0=fng (4579,1194)* [filtered=615]
cnt=1 s0=fng (4579,1194)* [filtered=615]
cnt=1 s0=fng (4579,1194)* [filtered=615]
cnt=1 s0=fng (4579,1194)* [filtered=615]
cnt=1 s0=fng (4579,1194)* [filtered=615]
cnt=1 s0=fng (4579,1194)* [filtered=615]
cnt=1 s0=fng (4579,1194)* [filtered=615]
cnt=1 s0=fng (4579,1194)* [filtered=615]
cnt=1 s0=fng (4579,1194)* [filtered=615]
cnt=1 s0=fng (4579,1194)* [filtered=615]
cnt=1 s0=fng (4579,1194)* [filtered=615]
cnt=1 s0=fng (4579,1194)* [filtered=615]
cnt=1 s0=fng (4579,1194)* [filtered=615]
cnt=1 s0=fng (4579,1194)* [filtered=615]
cnt=1 s0=fng (4579,1194)* [filtered=615]
cnt=1 s0=fng (4579,1194)* [filtered=615]
cnt=1 s0=fng (4579,1194)* [filtered=615]
cnt=1 s0=fng (4579,1195)* [filtered=615]
cnt=1 s0=fng (4579,1196)* [filtered=615]
cnt=1 s0=fng (4579,1196)* [filtered=615]
cnt=1 s0=fng (4579,1196)* [filtered=615]
cnt=1 s0=fng (4579,1196)* [filtered=615]
cnt=1 s0=fng (4579,1196)* [filtered=615]
cnt=1 s0=fng (4579,1196)* [filtered=615]
cnt=1 s0=fng (4579,1196)* [filtered=615]
cnt=1 s0=fng (4579,1196)* [filtered=615]
cnt=1 s0=fng (4579,1196)* [filtered=615]
cnt=1 s0=fng (4579,1196)* [filtered=615]
cnt=1 s0=fng (4579,1196)* [filtered=615]
cnt=1 s0=fng (4579,1196)* [filtered=615]
cnt=1 s0=fng (4579,1196)* [filtered=615]
cnt=1 s0=fng (4579,1196)* [filtered=615]
cnt=1 s0=fng (4579,1196)* [filtered=615]
cnt=1 s0=fng (4579,1196)* [filtered=615]
cnt=1 s0=fng (4579,1196)* [filtered=615]
cnt=1 s0=fng (4579,1196)* [filtered=615]
cnt=1 s0=fng (4579,1196)* [filtered=615]
cnt=1 s0=fng (4579,1196)* [filtered=615]
cnt=1 s0=fng (4579,1196)* [filtered=615]
cnt=1 s0=fng (4579,1196)* [filtered=615]
cnt=1 s0=fng (4579,1196)* [filtered=615]
cnt=1 s0=fng (4579,1196)* [filtered=615]
cnt=1 s0=fng (4579,1196)* [filtered=615]
cnt=1 s0=fng (4579,1196)* [filtered=615]
cnt=1 s0=fng (4579,1196)* [filtered=615]
cnt=1 s0=fng (4579,1196)* [filtered=615]
cnt=1 s0=fng (4579,1196)* [filtered=615]
cnt=1 s0=fng (4579,1196)* [filtered=615]
cnt=1 s0=fng (4579,1196)* [filtered=615]
cnt=1 s0=fng (4579,1196)* [filtered=615]
cnt=1 s0=fng (4579,1196)* [filtered=615]
cnt=1 s0=fng (4579,1196)* [filtered=615]
cnt=1 s0=fng (4579,1196)* [filtered=615]
cnt=1 s0=fng (4579,1196)* [filtered=615]
cnt=1 s0=fng (4579,1196)* [filtered=615]
cnt=1 s0=fng (4579,1196)* [filtered=615]
cnt=1 s0=fng (4579,1196)* [filtered=615]
cnt=1 s0=fng (4579,1196)* [filtered=615]
cnt=1 s0=fng (4579,1196)* [filtered=615]
cnt=1 s0=fng (4579,1196)* [filtered=615]
cnt=1 s0=fng (4579,1197)* [filtered=615]
cnt=1 s0=fng (4579,1197)* [filtered=615]
cnt=1 s0=fng (4579,1197)* [filtered=615]
cnt=1 s0=fng (4579,1197)* [filtered=615]
cnt=1 s0=fng (4579,1197)* [filtered=615]
cnt=1 s0=fng (4579,1197)* [filtered=615]
cnt=1 s0=fng (4579,1197)* [filtered=615]
cnt=1 s0=fng (4579,1197)* [filtered=615]
cnt=1 s0=fng (4579,1197)* [filtered=615]
cnt=1 s0=fng (4579,1197)* [filtered=615]
cnt=1 s0=fng (4579,1197)* [filtered=615]
cnt=1 s0=fng (4579,1197)* [filtered=615]
cnt=1 s0=fng (4579,1197)* [filtered=615]
cnt=1 s0=fng (4579,1197)* [filtered=615]
cnt=1 s0=fng (4579,1197)* [filtered=615]
cnt=1 s0=fng (4579,1197)* [filtered=615]
cnt=1 s0=fng (4579,1197)* [filtered=615]
cnt=1 s0=fng (4579,1197)* [filtered=615]
cnt=1 s0=fng (4579,1197)* [filtered=615]
cnt=1 s0=fng (4579,1197)* [filtered=615]
cnt=1 s0=fng (4579,1197)* [filtered=615]
cnt=1 s0=fng (4579,1197)* [filtered=615]
cnt=1 s0=fng (4579,1197)* [filtered=615]
cnt=1 s0=fng (4579,1197)* [filtered=615]
cnt=1 s0=fng (4579,1197)* [filtered=615]
cnt=1 s0=fng (4579,1197)* [filtered=615]
cnt=1 s0=fng (4579,1197)* [filtered=615]
cnt=1 s0=fng (4579,1197)* [filtered=615]
cnt=1 s0=fng (4579,1197)* [filtered=615]
cnt=1 s0=fng (4579,1197)* [filtered=615]
cnt=1 s0=fng (4579,1197)* [filtered=615]
cnt=1 s0=fng (4579,1197)* [filtered=615]
cnt=1 s0=fng (4579,1197)* [filtered=615]
cnt=1 s0=fng (4579,1197)* [filtered=615]
cnt=1 s0=fng (4579,1197)* [filtered=615]
cnt=1 s0=fng (4579,1197)* [filtered=615]
cnt=1 s0=fng (4579,1197)* [filtered=615]
cnt=1 s0=fng (4579,1197)* [filtered=615]
cnt=1 s0=fng (4579,1197)* [filtered=615]
cnt=1 s0=fng (4579,1197)* [filtered=615]
cnt=1 s0=fng (4579,1197)* [filtered=615]
cnt=1 s0=fng (4579,1197)* [filtered=615]
cnt=1 s0=fng (4579,1197)* [filtered=615]
cnt=1 s0=fng (4579,1197)* [filtered=615]
cnt=1 s0=fng (4579,1197)* [filtered=615]
cnt=1 s0=fng (4579,1197)* [filtered=615]
cnt=1 s0=fng (4579,1197)* [filtered=615]
cnt=1 s0=fng (4579,1197)* [filtered=615]
cnt=1 s0=fng (4579,1197)* [filtered=615]
cnt=1 s0=fng (4579,1197)* [filtered=615]
cnt=1 s0=fng (4579,1197)* [filtered=615]
cnt=1 s0=fng (4579,1197)* [filtered=615]
cnt=1 s0=fng (4579,1197)* [filtered=615]
cnt=1 s0=fng (4579,1197)* [filtered=615]
cnt=1 s0=fng (4579,1197)* [filtered=615]
cnt=1 s0=fng (4579,1197)* [filtered=615]
cnt=1 s0=fng (4579,1197)* [filtered=615]
cnt=1 s0=fng (4579,1197)* [filtered=615]
cnt=1 s0=fng (4579,1197)* [filtered=615]
cnt=1 s0=fng (4579,1197)* [filtered=615]
cnt=1 s0=fng (4579,1197)* [filtered=615]
cnt=1 s0=fng (4579,1197)* [filtered=615]
cnt=1 s0=fng (4579,1197)* [filtered=615]
cnt=1 s0=fng (4579,1197)* [filtered=615]
cnt=1 s0=fng (4579,1197)* [filtered=615]
cnt=1 s0=fng (4579,1197)* [filtered=615]
cnt=1 s0=fng (4579,1197)* [filtered=615]
cnt=1 s0=fng (4579,1197)* [filtered=615]
cnt=1 s0=fng (4579,1197)* [filtered=615]
cnt=1 s0=fng (4579,1197)* [filtered=615]
cnt=1 s0=fng (4579,1197)* [filtered=615]
cnt=1 s0=fng (4579,1197)* [filtered=615]
cnt=1 s0=fng (4579,1197)* [filtered=615]
cnt=1 s0=fng (4579,1197)* [filtered=615]
cnt=1 s0=fng (4579,1197)* [filtered=615]
cnt=1 s0=fng (4579,1197)* [filtered=615]
cnt=1 s0=fng (4579,1197)* [filtered=615]
cnt=1 s0=fng (4579,1197)* [filtered=615]
cnt=1 s0=fng (4579,1197)* [filtered=615]
cnt=1 s0=fng (4579,1197)* [filtered=615]
cnt=1 s0=fng (4579,1197)* [filtered=615]
cnt=1 s0=fng (4579,1197)* [filtered=615]
cnt=1 s0=fng (4579,1197)* [filtered=615]
cnt=1 s0=fng (4579,1197)* [filtered=615]
cnt=1 s0=fng (4579,1197)* [filtered=615]
cnt=1 s0=fng (4579,1197)* [filtered=615]
cnt=1 s0=fng (4579,1197)* [filtered=615]
cnt=1 s0=fng (4579,1197)* [filtered=615]
cnt=1 s0=fng (4579,1197)* [filtered=615]
cnt=1 s0=fng (4579,1197)* [filtered=615]
cnt=1 s0=fng (4579,1197)* [filtered=615]
cnt=1 s0=fng (4579,1197)* [filtered=615]
cnt=1 s0=fng (4579,1197)* [filtered=615]
cnt=1 s0=fng (4579,1197)* [filtered=615]
cnt=1 s0=fng (4579,1197)* [filtered=615]
cnt=1 s0=fng (4579,1197)* [filtered=615]
cnt=1 s0=fng (4579,1197)* [filtered=615]
cnt=1 s0=fng (4579,1197)* [filtered=615]
cnt=1 s0=fng (4579,1197)* [filtered=615]
cnt=1 s0=fng (4579,1197)* [filtered=615]
cnt=1 s0=fng (4579,1197)* [filtered=615]
cnt=1 s0=fng (4579,1197)* [filtered=615]
cnt=1 s0=fng (4579,1197)* [filtered=615]
cnt=1 s0=fng (4579,1197)* [filtered=615]
cnt=1 s0=fng (4579,1197)* [filtered=615]
cnt=1 s0=fng (4579,1197)* [filtered=615]
cnt=1 s0=fng (4579,1197)* [filtered=615]
cnt=1 s0=fng (4579,1197)* [filtered=615]
cnt=1 s0=fng (4579,1197)* [filtered=615]
cnt=1 s0=fng (4579,1197)* [filtered=615]
cnt=1 s0=fng (4579,1197)* [filtered=615]
cnt=1 s0=fng (4579,1197)* [filtered=615]
cnt=1 s0=fng (4579,1197)* [filtered=615]
cnt=1 s0=fng (4579,1197)* [filtered=615]
cnt=1 s0=fng (4579,1197)* [filtered=615]
cnt=1 s0=fng (4579,1197)* [filtered=615]
cnt=1 s0=fng (4579,1197)* [filtered=615]
cnt=1 s0=fng (4579,1197)* [filtered=615]
cnt=1 s0=fng (4579,1197)* [filtered=615]
cnt=1 s0=fng (4579,1197)* [filtered=615]
cnt=1 s0=fng (4579,1197)* [filtered=615]
cnt=1 s0=fng (4579,1197)* [filtered=615]
cnt=1 s0=fng (4579,1197)* [filtered=615]
cnt=1 s0=fng (4579,1197)* [filtered=615]
cnt=1 s0=fng (4579,1197)* [filtered=615]
cnt=1 s0=fng (4579,1197)* [filtered=615]
cnt=1 s0=fng (4579,1197)* [filtered=615]
cnt=1 s0=fng (4579,1197)* [filtered=615]
cnt=1 s0=fng (4579,1198)* [filtered=615]
cnt=1 s0=fng (4579,1198)* [filtered=615]
cnt=1 s0=fng (4578,1199)* [filtered=615]
cnt=1 s0=fng (4578,1199)* [filtered=615]
cnt=1 s0=fng (4578,1200)* [filtered=615]
cnt=1 s0=fng (4578,1200)* [filtered=615]
cnt=2 s0=PALM(4578,1200)* s1=PALM(36,1303) [filtered=616]
cnt=2 s0=PALM(4578,1201)* s1=PALM(36,1303) [filtered=617]
cnt=2 s0=PALM(4578,1201)* s1=PALM(36,1303) [filtered=618]
cnt=2 s0=PALM(4578,1202)* s1=PALM(36,1303) [filtered=619]
cnt=2 s0=PALM(4578,1202)* s1=PALM(36,1303) [filtered=620]
cnt=2 s0=PALM(4578,1203)* s1=PALM(36,1303) [filtered=621]
cnt=2 s0=PALM(4578,1203)* s1=PALM(36,1303) [filtered=622]
cnt=2 s0=PALM(4577,1204)* s1=PALM(36,1303) [filtered=623]
cnt=2 s0=PALM(4577,1205)* s1=PALM(36,1303) [filtered=624]
cnt=2 s0=PALM(4577,1205)* s1=PALM(36,1303) [filtered=625]
cnt=2 s0=PALM(4576,1206)* s1=PALM(36,1303) [filtered=626]
cnt=2 s0=PALM(4575,1207)* s1=PALM(36,1303) [filtered=627]
cnt=2 s0=PALM(4575,1208)* s1=PALM(36,1303) [filtered=628]
cnt=2 s0=PALM(4575,1209)* s1=PALM(36,1303) [filtered=629]
cnt=2 s0=PALM(4574,1210)* s1=PALM(36,1303) [filtered=630]
cnt=2 s0=PALM(4574,1211)* s1=PALM(36,1303) [filtered=631]
cnt=2 s0=PALM(4573,1213)* s1=PALM(36,1303) [filtered=632]
cnt=2 s0=PALM(4572,1215)* s1=PALM(36,1303) [filtered=633]
cnt=2 s0=PALM(4572,1216)* s1=PALM(36,1303) [filtered=634]
cnt=2 s0=PALM(4571,1217)* s1=PALM(36,1303) [filtered=635]
cnt=2 s0=PALM(4570,1218)* s1=PALM(36,1303) [filtered=636]
cnt=2 s0=PALM(4569,1220)* s1=PALM(36,1303) [filtered=637]
cnt=2 s0=PALM(4568,1222)* s1=PALM(36,1303) [filtered=638]
cnt=2 s0=PALM(4568,1223)* s1=PALM(36,1303) [filtered=639]
cnt=2 s0=PALM(4567,1224)* s1=PALM(36,1303) [filtered=640]
cnt=2 s0=PALM(4566,1226)* s1=PALM(36,1303) [filtered=641]
cnt=2 s0=PALM(4565,1228)* s1=PALM(36,1303) [filtered=642]
cnt=2 s0=PALM(4564,1229)* s1=PALM(36,1303) [filtered=643]
cnt=2 s0=PALM(4563,1230)* s1=PALM(36,1303) [filtered=644]
cnt=2 s0=PALM(4562,1232)* s1=PALM(36,1303) [filtered=645]
cnt=2 s0=PALM(4561,1234)* s1=PALM(36,1303)* [filtered=646]
cnt=2 s0=PALM(4560,1237) s1=PALM(36,1303)* [filtered=647]
cnt=2 s0=PALM(4559,1238) s1=PALM(36,1303)* [filtered=648]
cnt=2 s0=PALM(4558,1240) s1=PALM(36,1303)* [filtered=649]
cnt=2 s0=PALM(4556,1243) s1=PALM(36,1303)* [filtered=650]
cnt=2 s0=PALM(4555,1246) s1=PALM(36,1303)* [filtered=651]
cnt=2 s0=PALM(4554,1248) s1=PALM(36,1303)* [filtered=652]
cnt=2 s0=PALM(4552,1251) s1=PALM(36,1303)* [filtered=653]
cnt=2 s0=PALM(4550,1254) s1=PALM(36,1303)* [filtered=654]
cnt=2 s0=PALM(4548,1257) s1=PALM(36,1303)* [filtered=655]
cnt=2 s0=PALM(4546,1261) s1=PALM(36,1303)* [filtered=656]
cnt=2 s0=PALM(4545,1264) s1=PALM(36,1303)* [filtered=657]
cnt=2 s0=PALM(4543,1268) s1=PALM(36,1303)* [filtered=658]
cnt=2 s0=PALM(4541,1273) s1=PALM(41,1309) [filtered=659]
cnt=2 s0=PALM(4538,1278) s1=PALM(49,1320) [filtered=660]
cnt=2 s0=PALM(4536,1282) s1=PALM(57,1331) [filtered=661]
cnt=2 s0=PALM(4532,1290) s1=PALM(69,1348) [filtered=662]
cnt=2 s0=PALM(4528,1299) s1=PALM(82,1368) [filtered=663]
cnt=2 s0=PALM(4523,1310) s1=PALM(96,1391) [filtered=664]
cnt=2 s0=PALM(4519,1321) s1=PALM(110,1414) [filtered=665]
cnt=2 s0=PALM(4514,1334) s1=PALM(125,1439) [filtered=666]
cnt=2 s0=PALM(4509,1349) s1=PALM(139,1464) [filtered=667]
cnt=2 s0=PALM(4504,1366) s1=PALM(152,1489) [filtered=668]
cnt=2 s0=PALM(4500,1383) s1=PALM(164,1513) [filtered=669]
cnt=2 s0=PALM(4496,1400) s1=PALM(172,1538) [filtered=670]
cnt=2 s0=PALM(4492,1417) s1=PALM(179,1562) [filtered=671]
cnt=2 s0=PALM(4488,1433) s1=PALM(186,1585) [filtered=672]
cnt=2 s0=PALM(4484,1449) s1=PALM(192,1606) [filtered=673]
cnt=2 s0=PALM(4478,1466) s1=PALM(198,1627) [filtered=674]
cnt=2 s0=fng (4472,1483) s1=PALM(204,1648) [filtered=675]
cnt=2 s0=fng (4467,1499) s1=PALM(210,1668) [filtered=676]
cnt=2 s0=fng (4461,1515) s1=PALM(216,1687) [filtered=677]
cnt=2 s0=fng (4454,1531) s1=PALM(222,1705) [filtered=678]
cnt=2 s0=fng (4448,1546) s1=PALM(228,1723) [filtered=679]
cnt=2 s0=fng (4442,1561) s1=PALM(234,1741) [filtered=680]
cnt=2 s0=fng (4436,1576) s1=PALM(240,1759) [filtered=681]
cnt=2 s0=fng (4431,1589) s1=PALM(246,1774) [filtered=682]
cnt=2 s0=fng (4425,1602) s1=PALM(252,1790) [filtered=683]
cnt=2 s0=fng (4419,1615) s1=PALM(258,1806) [filtered=684]
cnt=2 s0=fng (4413,1628) s1=PALM(264,1822) [filtered=685]
cnt=2 s0=fng (4406,1641) s1=PALM(270,1838) [filtered=686]
cnt=2 s0=fng (4400,1654) s1=PALM(276,1854) [filtered=687]
cnt=2 s0=fng (4394,1667) s1=PALM(281,1870) [filtered=688]
cnt=2 s0=fng (4388,1680) s1=fng (286,1886) [filtered=688]
cnt=2 s0=fng (4382,1692) s1=fng (291,1901) [filtered=688]
cnt=2 s0=fng (4376,1704) s1=fng (295,1915) [filtered=688]
cnt=2 s0=fng (4370,1716) s1=fng (299,1929) [filtered=688]
cnt=2 s0=fng (4364,1728) s1=fng (303,1943) [filtered=688]
cnt=2 s0=fng (4358,1740) s1=fng (307,1957) [filtered=688]
cnt=2 s0=fng (4352,1752) s1=fng (311,1971) [filtered=688]
cnt=2 s0=fng (4347,1764) s1=fng (315,1984) [filtered=688]
cnt=2 s0=fng (4342,1776) s1=fng (319,1997) [filtered=688]
cnt=2 s0=fng (4338,1788) s1=fng (323,2009) [filtered=688]
cnt=2 s0=fng (4334,1800) s1=fng (327,2021) [filtered=688]
cnt=2 s0=fng (4330,1812) s1=fng (331,2033) [filtered=688]
cnt=2 s0=fng (4326,1823) s1=fng (335,2044) [filtered=688]
cnt=2 s0=fng (4322,1834) s1=fng (339,2055) [filtered=688]
cnt=2 s0=fng (4318,1845) s1=fng (342,2065) [filtered=688]
cnt=2 s0=fng (4314,1856) s1=fng (345,2075) [filtered=688]
cnt=2 s0=fng (4310,1866) s1=fng (348,2085) [filtered=688]
cnt=2 s0=fng (4306,1876) s1=fng (351,2095) [filtered=688]
cnt=2 s0=fng (4302,1886) s1=PALM(354,2105) [filtered=689]
cnt=2 s0=fng (4298,1896) s1=PALM(357,2115) [filtered=690]
cnt=2 s0=fng (4294,1906) s1=PALM(360,2125) [filtered=691]
cnt=2 s0=fng (4290,1915) s1=PALM(363,2135) [filtered=692]
cnt=2 s0=fng (4286,1924) s1=PALM(366,2145) [filtered=693]
cnt=2 s0=fng (4282,1932) s1=PALM(368,2155) [filtered=694]
cnt=2 s0=fng (4278,1940) s1=PALM(370,2165) [filtered=695]
cnt=2 s0=fng (4274,1948) s1=PALM(372,2175) [filtered=696]
cnt=2 s0=fng (4270,1956) s1=PALM(374,2185) [filtered=697]
cnt=2 s0=fng (4266,1964) s1=PALM(376,2195) [filtered=698]
cnt=2 s0=fng (4263,1971) s1=PALM(378,2204) [filtered=699]
cnt=2 s0=fng (4260,1978) s1=PALM(380,2213) [filtered=700]
cnt=2 s0=fng (4257,1985) s1=PALM(382,2221) [filtered=701]
cnt=2 s0=fng (4254,1992) s1=PALM(384,2229) [filtered=702]
cnt=2 s0=fng (4251,1999) s1=PALM(386,2237) [filtered=703]
cnt=2 s0=fng (4248,2006) s1=PALM(388,2245) [filtered=704]
cnt=2 s0=fng (4245,2013) s1=PALM(389,2252) [filtered=705]
cnt=2 s0=fng (4243,2019) s1=PALM(391,2259) [filtered=706]
cnt=2 s0=fng (4241,2025) s1=PALM(393,2266) [filtered=707]
cnt=2 s0=fng (4239,2031) s1=PALM(395,2273) [filtered=708]
cnt=2 s0=fng (4237,2037) s1=PALM(397,2280) [filtered=709]
cnt=2 s0=fng (4235,2042) s1=PALM(399,2287) [filtered=710]
cnt=2 s0=fng (4233,2047) s1=PALM(401,2294) [filtered=711]
cnt=2 s0=fng (4231,2052) s1=PALM(403,2302) [filtered=712]
cnt=2 s0=fng (4229,2057) s1=PALM(405,2310) [filtered=713]
cnt=2 s0=fng (4227,2061) s1=PALM(407,2318) [filtered=714]
cnt=2 s0=fng (4225,2065) s1=PALM(409,2326) [filtered=715]
cnt=2 s0=fng (4223,2069) s1=PALM(411,2334) [filtered=716]
cnt=2 s0=fng (4221,2073) s1=PALM(413,2342) [filtered=717]
cnt=2 s0=fng (4219,2078) s1=PALM(415,2350) [filtered=718]
cnt=2 s0=fng (4217,2083) s1=PALM(417,2358) [filtered=719]
cnt=2 s0=fng (4215,2088) s1=PALM(419,2366) [filtered=720]
cnt=2 s0=fng (4213,2093) s1=PALM(421,2374) [filtered=721]
cnt=2 s0=fng (4211,2098) s1=PALM(423,2382) [filtered=722]
cnt=2 s0=PALM(4209,2103) s1=PALM(425,2390) [filtered=723]
cnt=2 s0=PALM(4207,2108) s1=PALM(427,2398) [filtered=724]
cnt=2 s0=PALM(4205,2113) s1=PALM(429,2405) [filtered=725]
cnt=2 s0=PALM(4203,2118) s1=PALM(431,2412) [filtered=726]
cnt=2 s0=PALM(4201,2123) s1=PALM(433,2419) [filtered=727]
cnt=2 s0=PALM(4199,2128) s1=PALM(435,2426) [filtered=728]
cnt=2 s0=PALM(4197,2133) s1=PALM(437,2433) [filtered=729]
cnt=2 s0=PALM(4195,2138) s1=PALM(439,2439) [filtered=730]
cnt=2 s0=PALM(4193,2143) s1=PALM(441,2445) [filtered=731]
cnt=2 s0=PALM(4191,2148) s1=PALM(443,2451) [filtered=732]
cnt=2 s0=PALM(4189,2153) s1=PALM(445,2457) [filtered=733]
cnt=2 s0=PALM(4187,2157) s1=PALM(447,2462) [filtered=734]
cnt=2 s0=PALM(4185,2161) s1=PALM(449,2467) [filtered=735]
cnt=2 s0=PALM(4183,2165) s1=PALM(451,2471) [filtered=736]
cnt=2 s0=PALM(4180,2169) s1=PALM(453,2475) [filtered=737]
cnt=2 s0=PALM(4178,2173) s1=PALM(455,2479) [filtered=738]
cnt=2 s0=PALM(4176,2177) s1=PALM(457,2482) [filtered=739]
cnt=2 s0=PALM(4174,2181) s1=PALM(459,2485) [filtered=740]
cnt=2 s0=PALM(4172,2185) s1=PALM(458,2487) [filtered=741]
cnt=2 s0=PALM(4170,2189) s1=PALM(458,2489) [filtered=742]
cnt=2 s0=PALM(4168,2192) s1=PALM(460,2491) [filtered=743]
cnt=2 s0=PALM(4167,2195) s1=PALM(462,2493) [filtered=744]
cnt=2 s0=PALM(4168,2198) s1=PALM(463,2495) [filtered=745]
cnt=2 s0=PALM(4167,2200) s1=PALM(464,2496) [filtered=746]
cnt=2 s0=PALM(4166,2202) s1=PALM(465,2497) [filtered=747]
cnt=2 s0=PALM(4164,2204) s1=PALM(466,2498) [filtered=748]
cnt=2 s0=PALM(4163,2206) s1=PALM(466,2499) [filtered=749]
cnt=2 s0=PALM(4162,2208) s1=PALM(467,2500) [filtered=750]
cnt=2 s0=PALM(4161,2210) s1=PALM(468,2500) [filtered=751]
cnt=2 s0=PALM(4160,2212) s1=PALM(468,2500) [filtered=752]
cnt=2 s0=PALM(4159,2213) s1=PALM(469,2500) [filtered=753]
cnt=2 s0=PALM(4158,2214) s1=PALM(470,2500) [filtered=754]
cnt=2 s0=PALM(4157,2215) s1=PALM(471,2500) [filtered=755]
cnt=2 s0=PALM(4157,2216) s1=PALM(471,2500) [filtered=756]
cnt=2 s0=PALM(4156,2216) s1=PALM(471,2500) [filtered=757]
cnt=2 s0=PALM(4155,2216) s1=PALM(472,2500) [filtered=758]
cnt=2 s0=PALM(4155,2216) s1=PALM(472,2500) [filtered=759]
cnt=2 s0=PALM(4154,2216) s1=PALM(472,2500) [filtered=760]
cnt=2 s0=PALM(4153,2216) s1=PALM(472,2500) [filtered=761]
cnt=2 s0=PALM(4153,2216) s1=PALM(472,2500) [filtered=762]
cnt=2 s0=PALM(4152,2216) s1=PALM(472,2500) [filtered=763]
cnt=2 s0=PALM(4151,2216) s1=PALM(472,2500) [filtered=764]
cnt=2 s0=PALM(4150,2216) s1=PALM(472,2496) [filtered=765]
cnt=2 s0=PALM(4149,2216) s1=PALM(471,2491) [filtered=766]
cnt=2 s0=PALM(4148,2216) s1=PALM(471,2486) [filtered=767]
cnt=2 s0=PALM(4147,2216) s1=PALM(470,2479) [filtered=768]
cnt=2 s0=PALM(4147,2216) s1=PALM(470,2472) [filtered=769]
cnt=2 s0=PALM(4146,2216) s1=PALM(469,2463) [filtered=770]
cnt=2 s0=PALM(4145,2216) s1=PALM(468,2454) [filtered=771]
cnt=2 s0=PALM(4145,2216) s1=PALM(466,2443) [filtered=772]
cnt=2 s0=PALM(4145,2216) s1=PALM(463,2430) [filtered=773]
cnt=2 s0=PALM(4145,2216) s1=PALM(461,2417) [filtered=774]
cnt=2 s0=PALM(4145,2216) s1=PALM(458,2402) [filtered=775]
cnt=2 s0=PALM(4145,2216) s1=PALM(456,2387) [filtered=776]
cnt=2 s0=PALM(4145,2216) s1=PALM(454,2370) [filtered=777]
cnt=2 s0=PALM(4145,2213)* s1=PALM(450,2352) [filtered=778]
cnt=2 s0=PALM(4145,2210)* s1=PALM(447,2334) [filtered=779]
cnt=2 s0=PALM(4145,2206) s1=PALM(443,2315) [filtered=780]
cnt=2 s0=PALM(4145,2202) s1=PALM(440,2297) [filtered=781]
cnt=2 s0=PALM(4146,2197) s1=PALM(435,2278) [filtered=782]
cnt=2 s0=PALM(4147,2192) s1=PALM(430,2257) [filtered=783]
cnt=2 s0=PALM(4147,2187) s1=PALM(426,2237) [filtered=784]
cnt=2 s0=PALM(4148,2180) s1=PALM(421,2217) [filtered=785]
cnt=2 s0=PALM(4149,2173) s1=PALM(417,2197) [filtered=786]
cnt=2 s0=PALM(4150,2165) s1=PALM(413,2177) [filtered=787]
cnt=2 s0=PALM(4152,2156) s1=PALM(408,2157) [filtered=788]
cnt=2 s0=PALM(4153,2147) s1=PALM(404,2138) [filtered=789]
cnt=2 s0=PALM(4155,2136) s1=PALM(399,2119) [filtered=790]
cnt=2 s0=PALM(4158,2125) s1=PALM(394,2101) [filtered=791]
cnt=2 s0=PALM(4160,2115) s1=fng (390,2084) [filtered=792]
cnt=2 s0=PALM(4163,2103) s1=fng (385,2066) [filtered=793]
cnt=2 s0=fng (4165,2091) s1=fng (381,2049) [filtered=793]
cnt=2 s0=fng (4168,2079) s1=fng (377,2032) [filtered=793]
cnt=2 s0=fng (4170,2068) s1=fng (373,2015) [filtered=793]
cnt=2 s0=fng (4173,2055) s1=fng (369,1999) [filtered=793]
cnt=2 s0=fng (4175,2043) s1=fng (365,1984) [filtered=793]
cnt=2 s0=fng (4179,2030) s1=fng (361,1968) [filtered=793]
cnt=2 s0=fng (4183,2016) s1=fng (357,1952) [filtered=793]
cnt=2 s0=fng (4186,2003) s1=fng (353,1937) [filtered=793]
cnt=2 s0=fng (4191,1989) s1=fng (350,1922) [filtered=793]
cnt=2 s0=fng (4196,1974) s1=fng (347,1907) [filtered=793]
cnt=2 s0=fng (4200,1959) s1=fng (344,1893) [filtered=793]
cnt=2 s0=fng (4205,1944) s1=fng (341,1880) [filtered=793]
cnt=2 s0=fng (4210,1929) s1=fng (338,1866) [filtered=793]
cnt=2 s0=fng (4214,1914) s1=fng (335,1853) [filtered=793]
cnt=2 s0=fng (4219,1899) s1=fng (332,1840) [filtered=793]
cnt=2 s0=fng (4224,1884) s1=fng (328,1827) [filtered=793]
cnt=2 s0=fng (4228,1869) s1=fng (325,1815) [filtered=793]
cnt=2 s0=fng (4233,1855) s1=fng (322,1803) [filtered=793]
cnt=2 s0=fng (4237,1842) s1=fng (319,1791) [filtered=793]
cnt=2 s0=fng (4241,1829) s1=fng (316,1779) [filtered=793]
cnt=2 s0=fng (4246,1816) s1=fng (314,1767) [filtered=793]
cnt=2 s0=fng (4250,1804) s1=fng (312,1756) [filtered=793]
cnt=2 s0=fng (4254,1791) s1=fng (309,1745) [filtered=793]
cnt=2 s0=fng (4259,1778) s1=fng (306,1733) [filtered=793]
cnt=2 s0=fng (4263,1766) s1=fng (304,1722) [filtered=793]
cnt=2 s0=fng (4267,1753) s1=fng (301,1711) [filtered=793]
cnt=2 s0=fng (4272,1740) s1=fng (298,1700) [filtered=793]
cnt=2 s0=fng (4276,1728) s1=fng (295,1690) [filtered=793]
cnt=2 s0=fng (4281,1716) s1=fng (292,1680) [filtered=793]
cnt=2 s0=fng (4286,1704) s1=fng (288,1669) [filtered=793]
cnt=2 s0=fng (4290,1693) s1=PALM(285,1659) [filtered=794]
cnt=2 s0=fng (4294,1682) s1=PALM(282,1649) [filtered=795]
cnt=2 s0=fng (4299,1671) s1=PALM(278,1638) [filtered=796]
cnt=2 s0=fng (4303,1661) s1=PALM(275,1628) [filtered=797]
cnt=2 s0=fng (4307,1650) s1=PALM(272,1618) [filtered=798]
cnt=2 s0=fng (4310,1639) s1=PALM(269,1607) [filtered=799]
cnt=2 s0=fng (4313,1629) s1=PALM(266,1597) [filtered=800]
cnt=2 s0=fng (4316,1618) s1=PALM(263,1587) [filtered=801]
cnt=2 s0=fng (4320,1608) s1=PALM(260,1577) [filtered=802]
cnt=2 s0=fng (4323,1599) s1=PALM(258,1568) [filtered=803]
cnt=2 s0=fng (4326,1590) s1=PALM(255,1559) [filtered=804]
cnt=2 s0=fng (4329,1581) s1=PALM(253,1550) [filtered=805]
cnt=2 s0=fng (4332,1572) s1=PALM(250,1541) [filtered=806]
cnt=2 s0=fng (4336,1563) s1=PALM(247,1531) [filtered=807]
cnt=2 s0=fng (4339,1555) s1=PALM(244,1522) [filtered=808]
cnt=2 s0=fng (4341,1547) s1=PALM(241,1513) [filtered=809]
cnt=2 s0=fng (4344,1538) s1=PALM(238,1503) [filtered=810]
cnt=2 s0=fng (4346,1530) s1=PALM(235,1494) [filtered=811]
cnt=2 s0=fng (4349,1522) s1=PALM(232,1485) [filtered=812]
cnt=2 s0=fng (4352,1514) s1=PALM(229,1475) [filtered=813]
cnt=2 s0=fng (4354,1507) s1=PALM(227,1466) [filtered=814]
cnt=2 s0=fng (4357,1501) s1=PALM(224,1458) [filtered=815]
cnt=2 s0=fng (4360,1494) s1=PALM(221,1449) [filtered=816]
cnt=2 s0=fng (4363,1487) s1=PALM(217,1440) [filtered=817]
cnt=2 s0=fng (4365,1481) s1=PALM(215,1432) [filtered=818]
cnt=2 s0=fng (4368,1474) s1=PALM(212,1422) [filtered=819]
cnt=2 s0=fng (4371,1467) s1=PALM(209,1412) [filtered=820]
cnt=2 s0=fng (4373,1461) s1=PALM(207,1403) [filtered=821]
cnt=2 s0=fng (4375,1455) s1=PALM(204,1394) [filtered=822]
cnt=2 s0=fng (4377,1448) s1=PALM(201,1385) [filtered=823]
cnt=2 s0=fng (4379,1441) s1=PALM(198,1376) [filtered=824]
cnt=2 s0=fng (4380,1435) s1=PALM(196,1368) [filtered=825]
cnt=2 s0=fng (4381,1430) s1=PALM(193,1361) [filtered=826]
cnt=2 s0=fng (4383,1425) s1=PALM(190,1355) [filtered=827]
cnt=2 s0=fng (4384,1420) s1=PALM(188,1349) [filtered=828]
cnt=2 s0=fng (4386,1415) s1=PALM(187,1343) [filtered=829]
cnt=2 s0=fng (4387,1410) s1=PALM(185,1336) [filtered=830]
cnt=2 s0=fng (4388,1405) s1=PALM(184,1330) [filtered=831]
cnt=2 s0=fng (4389,1401) s1=PALM(182,1324) [filtered=832]
cnt=2 s0=fng (4391,1397) s1=PALM(179,1318) [filtered=833]
cnt=2 s0=fng (4392,1394) s1=PALM(176,1311) [filtered=834]
cnt=2 s0=fng (4393,1391) s1=PALM(175,1305) [filtered=835]
cnt=2 s0=fng (4394,1388) s1=PALM(173,1299) [filtered=836]
cnt=2 s0=fng (4396,1385) s1=PALM(170,1292) [filtered=837]
cnt=2 s0=fng (4397,1381) s1=PALM(167,1285) [filtered=838]
cnt=2 s0=fng (4398,1378) s1=PALM(166,1279) [filtered=839]
cnt=2 s0=fng (4399,1375) s1=PALM(164,1273) [filtered=840]
cnt=2 s0=fng (4400,1372) s1=PALM(162,1268) [filtered=841]
cnt=2 s0=fng (4401,1369) s1=PALM(158,1262) [filtered=842]
cnt=2 s0=fng (4401,1367) s1=PALM(156,1257) [filtered=843]
cnt=2 s0=fng (4402,1365) s1=PALM(153,1252) [filtered=844]
cnt=2 s0=fng (4403,1364) s1=PALM(150,1248) [filtered=845]
cnt=2 s0=fng (4403,1363) s1=PALM(148,1244) [filtered=846]
cnt=2 s0=fng (4404,1362) s1=PALM(145,1240) [filtered=847]
cnt=2 s0=fng (4404,1361) s1=PALM(142,1237) [filtered=848]
cnt=2 s0=fng (4405,1360) s1=PALM(139,1234) [filtered=849]
cnt=2 s0=fng (4405,1359) s1=PALM(137,1231) [filtered=850]
cnt=2 s0=fng (4406,1358) s1=PALM(135,1228) [filtered=851]
cnt=2 s0=fng (4406,1358) s1=PALM(132,1226) [filtered=852]
cnt=2 s0=fng (4407,1358) s1=PALM(130,1224) [filtered=853]
cnt=2 s0=fng (4408,1358) s1=PALM(129,1222) [filtered=854]
cnt=2 s0=fng (4408,1358) s1=PALM(128,1220) [filtered=855]
cnt=2 s0=fng (4409,1358) s1=PALM(127,1219) [filtered=856]
cnt=2 s0=fng (4409,1358) s1=PALM(126,1219) [filtered=857]
cnt=2 s0=fng (4409,1358) s1=PALM(125,1218) [filtered=858]
cnt=2 s0=fng (4410,1358) s1=PALM(124,1216) [filtered=859]
cnt=2 s0=fng (4410,1358) s1=PALM(124,1215) [filtered=860]
cnt=2 s0=fng (4410,1358) s1=PALM(124,1214) [filtered=861]
cnt=2 s0=fng (4411,1358) s1=PALM(124,1214) [filtered=862]
cnt=2 s0=fng (4411,1359) s1=PALM(124,1214) [filtered=863]
cnt=2 s0=fng (4411,1359) s1=PALM(124,1214) [filtered=864]
cnt=2 s0=fng (4412,1360) s1=PALM(124,1215) [filtered=865]
cnt=2 s0=fng (4413,1361) s1=PALM(124,1216) [filtered=866]
cnt=2 s0=fng (4414,1362) s1=PALM(125,1217) [filtered=867]
cnt=2 s0=fng (4415,1363) s1=PALM(125,1218) [filtered=868]
cnt=2 s0=fng (4416,1364) s1=PALM(126,1221) [filtered=869]
cnt=2 s0=fng (4417,1365) s1=PALM(128,1225) [filtered=870]
cnt=2 s0=fng (4418,1367) s1=PALM(132,1233) [filtered=871]
cnt=2 s0=PALM(4419,1368)* s1=PALM(135,1240) [filtered=872]
cnt=2 s0=PALM(4420,1370)* s1=PALM(139,1249) [filtered=873]
cnt=2 s0=fng (4422,1372) s1=PALM(144,1260) [filtered=874]
cnt=2 s0=fng (4424,1374) s1=PALM(152,1274) [filtered=875]
cnt=2 s0=fng (4425,1375) s1=PALM(159,1288) [filtered=876]
cnt=2 s0=fng (4426,1377) s1=PALM(164,1305) [filtered=877]
cnt=2 s0=fng (4428,1379) s1=PALM(169,1324) [filtered=878]
cnt=2 s0=fng (4430,1382) s1=PALM(174,1346) [filtered=879]
cnt=2 s0=fng (4431,1383) s1=PALM(178,1368) [filtered=880]
cnt=2 s0=fng (4433,1385) s1=PALM(183,1391) [filtered=881]
cnt=2 s0=fng (4436,1387) s1=PALM(189,1416) [filtered=882]
cnt=2 s0=fng (4439,1389) s1=PALM(195,1441) [filtered=883]
cnt=2 s0=fng (4440,1390) s1=PALM(200,1466) [filtered=884]
cnt=2 s0=fng (4442,1392) s1=PALM(206,1491) [filtered=885]
cnt=2 s0=fng (4444,1394) s1=PALM(213,1517) [filtered=886]
cnt=2 s0=fng (4445,1395) s1=PALM(219,1543) [filtered=887]
cnt=2 s0=fng (4447,1396) s1=PALM(226,1569) [filtered=888]
cnt=2 s0=fng (4450,1397) s1=PALM(233,1596) [filtered=889]
cnt=2 s0=fng (4453,1398) s1=PALM(241,1622) [filtered=890]
cnt=2 s0=fng (4454,1399) s1=PALM(248,1648) [filtered=891]
cnt=2 s0=fng (4456,1400) s1=PALM(256,1673) [filtered=892]
cnt=2 s0=fng (4458,1401) s1=PALM(264,1698) [filtered=893]
cnt=2 s0=fng (4459,1401) s1=PALM(271,1722) [filtered=894]
cnt=2 s0=fng (4461,1401) s1=PALM(279,1746) [filtered=895]
cnt=2 s0=fng (4464,1401) s1=fng (288,1771) [filtered=895]
cnt=2 s0=fng (4465,1401) s1=fng (296,1795) [filtered=895]
cnt=2 s0=fng (4467,1401) s1=fng (304,1819) [filtered=895]
cnt=2 s0=fng (4470,1401) s1=fng (313,1842) [filtered=895]
cnt=2 s0=fng (4471,1401) s1=fng (321,1865) [filtered=895]
cnt=2 s0=fng (4473,1401) s1=fng (330,1888) [filtered=895]
cnt=2 s0=fng (4475,1401) s1=fng (340,1911) [filtered=895]
cnt=2 s0=PALM(4476,1401) s1=fng (349,1934) [filtered=896]
cnt=2 s0=PALM(4478,1401) s1=fng (358,1956) [filtered=897]
cnt=2 s0=PALM(4480,1400) s1=fng (367,1977) [filtered=898]
cnt=2 s0=PALM(4481,1400) s1=fng (376,1998) [filtered=899]
cnt=2 s0=PALM(4483,1400) s1=fng (385,2019) [filtered=900]
cnt=2 s0=PALM(4485,1399) s1=fng (394,2039) [filtered=901]
cnt=2 s0=PALM(4486,1399) s1=fng (403,2059) [filtered=902]
cnt=2 s0=PALM(4488,1399) s1=fng (412,2079) [filtered=903]
cnt=2 s0=PALM(4491,1398) s1=fng (421,2098) [filtered=904]
cnt=2 s0=PALM(4492,1398) s1=PALM(430,2117) [filtered=905]
cnt=2 s0=PALM(4494,1397) s1=PALM(439,2136) [filtered=906]
cnt=2 s0=PALM(4495,1397) s1=PALM(448,2155) [filtered=907]
cnt=2 s0=PALM(4498,1397) s1=PALM(456,2172) [filtered=908]
cnt=2 s0=PALM(4500,1397) s1=PALM(464,2189) [filtered=909]
cnt=2 s0=PALM(4502,1397) s1=PALM(472,2205) [filtered=910]
cnt=2 s0=PALM(4505,1397) s1=PALM(481,2221) [filtered=911]
cnt=2 s0=PALM(4507,1397) s1=PALM(490,2237) [filtered=912]
cnt=2 s0=PALM(4509,1397) s1=PALM(499,2253) [filtered=913]
cnt=2 s0=PALM(4511,1397) s1=PALM(508,2268) [filtered=914]
cnt=2 s0=PALM(4513,1397) s1=PALM(517,2283) [filtered=915]
cnt=2 s0=PALM(4515,1397) s1=PALM(525,2298) [filtered=916]
cnt=2 s0=PALM(4518,1397) s1=PALM(533,2312) [filtered=917]
cnt=2 s0=PALM(4520,1397) s1=PALM(541,2326) [filtered=918]
cnt=2 s0=PALM(4522,1397) s1=PALM(549,2340) [filtered=919]
cnt=2 s0=PALM(4525,1397) s1=PALM(557,2354) [filtered=920]
cnt=2 s0=PALM(4527,1397) s1=PALM(565,2368) [filtered=921]
cnt=2 s0=PALM(4529,1398) s1=PALM(573,2382) [filtered=922]
cnt=2 s0=PALM(4531,1399) s1=PALM(581,2395) [filtered=923]
cnt=2 s0=PALM(4533,1399) s1=PALM(589,2408) [filtered=924]
cnt=2 s0=PALM(4534,1399) s1=PALM(597,2420) [filtered=925]
cnt=2 s0=PALM(4536,1400) s1=PALM(604,2432) [filtered=926]
cnt=2 s0=PALM(4537,1400) s1=PALM(611,2444) [filtered=927]
cnt=2 s0=PALM(4538,1400) s1=PALM(618,2456) [filtered=928]
cnt=2 s0=PALM(4540,1401) s1=PALM(625,2466) [filtered=929]
cnt=2 s0=PALM(4541,1401) s1=PALM(632,2476) [filtered=930]
cnt=2 s0=PALM(4543,1401) s1=PALM(639,2486) [filtered=931]
cnt=2 s0=PALM(4545,1402) s1=PALM(645,2496) [filtered=932]
cnt=2 s0=PALM(4546,1402) s1=PALM(651,2506) [filtered=933]
cnt=2 s0=PALM(4547,1403)* s1=PALM(657,2515) [filtered=934]
cnt=2 s0=PALM(4549,1403)* s1=PALM(664,2523) [filtered=935]
cnt=2 s0=PALM(4550,1403)* s1=PALM(670,2531) [filtered=936]
cnt=2 s0=PALM(4552,1404)* s1=PALM(676,2539) [filtered=937]
cnt=2 s0=PALM(4554,1404)* s1=PALM(683,2546) [filtered=938]
cnt=2 s0=PALM(4555,1404)* s1=PALM(689,2553) [filtered=939]
cnt=2 s0=PALM(4557,1405)* s1=PALM(695,2559) [filtered=940]
cnt=2 s0=PALM(4559,1406)* s1=PALM(701,2565) [filtered=941]
cnt=2 s0=PALM(4560,1407)* s1=PALM(707,2571) [filtered=942]
cnt=2 s0=PALM(4562,1408)* s1=PALM(712,2577) [filtered=943]
cnt=2 s0=PALM(4565,1409) s1=PALM(717,2581) [filtered=944]
cnt=2 s0=PALM(4567,1409) s1=PALM(722,2585) [filtered=945]
cnt=2 s0=PALM(4570,1411) s1=PALM(727,2589) [filtered=946]
cnt=2 s0=PALM(4573,1413) s1=PALM(733,2593) [filtered=947]
cnt=2 s0=PALM(4576,1414) s1=PALM(738,2597) [filtered=948]
cnt=2 s0=PALM(4579,1416) s1=PALM(743,2600) [filtered=949]
cnt=2 s0=PALM(4583,1419) s1=PALM(749,2602) [filtered=950]
cnt=2 s0=PALM(4586,1421) s1=PALM(754,2604) [filtered=951]
cnt=2 s0=PALM(4589,1424) s1=PALM(759,2606) [filtered=952]
cnt=2 s0=PALM(4593,1427) s1=PALM(765,2607) [filtered=953]
cnt=2 s0=PALM(4601,1433) s1=PALM(772,2607) [filtered=954]
cnt=2 s0=PALM(4608,1438) s1=PALM(778,2607) [filtered=955]
cnt=2 s0=PALM(4618,1445) s1=PALM(785,2607) [filtered=956]
cnt=2 s0=PALM(4618,1445) s1=PALM(792,2607) [filtered=957]
cnt=1 s1=fng (792,2607) [filtered=957]
cnt=1 s1=fng (799,2607) [filtered=957]
cnt=1 s1=fng (806,2607) [filtered=957]
cnt=1 s1=fng (813,2607) [filtered=957]
cnt=1 s1=fng (820,2604) [filtered=957]
cnt=1 s1=fng (827,2601) [filtered=957]
cnt=1 s1=fng (833,2598) [filtered=957]
cnt=1 s1=fng (839,2595) [filtered=957]
cnt=1 s1=fng (846,2592) [filtered=957]
cnt=1 s1=fng (853,2589) [filtered=957]
cnt=1 s1=fng (860,2586) [filtered=957]
cnt=1 s1=fng (866,2583) [filtered=957]
cnt=1 s1=fng (874,2579) [filtered=957]
cnt=1 s1=fng (882,2574) [filtered=957]
cnt=1 s1=fng (891,2569) [filtered=957]
cnt=1 s1=fng (899,2564) [filtered=957]
cnt=1 s1=fng (908,2559) [filtered=957]
cnt=1 s1=fng (917,2554) [filtered=957]
cnt=1 s1=fng (926,2548) [filtered=957]
cnt=1 s1=fng (934,2542) [filtered=957]
cnt=1 s1=fng (943,2536) [filtered=957]
cnt=1 s1=fng (952,2530) [filtered=957]
cnt=1 s1=fng (962,2523) [filtered=957]
cnt=1 s1=fng (971,2517) [filtered=957]
cnt=1 s1=fng (981,2511) [filtered=957]
cnt=1 s1=fng (991,2505) [filtered=957]
cnt=1 s1=fng (1002,2499) [filtered=957]
cnt=1 s1=fng (1012,2494) [filtered=957]
cnt=1 s1=fng (1022,2489) [filtered=957]
cnt=1 s1=fng (1033,2482) [filtered=957]
cnt=1 s1=fng (1043,2476) [filtered=957]
cnt=1 s1=fng (1052,2469) [filtered=957]
cnt=1 s1=fng (1061,2462) [filtered=957]
cnt=1 s1=fng (1071,2455) [filtered=957]
cnt=1 s1=fng (1080,2449) [filtered=957]
cnt=1 s1=fng (1089,2442) [filtered=957]
cnt=1 s1=fng (1098,2434) [filtered=957]
cnt=1 s1=fng (1108,2425) [filtered=957]
cnt=1 s1=fng (1117,2416) [filtered=957]
cnt=1 s1=fng (1126,2407) [filtered=957]
cnt=1 s1=fng (1135,2397) [filtered=957]
cnt=1 s1=fng (1145,2387) [filtered=957]
cnt=1 s1=fng (1154,2378) [filtered=957]
cnt=1 s1=fng (1162,2368) [filtered=957]
cnt=1 s1=fng (1170,2358) [filtered=957]
cnt=1 s1=fng (1178,2349) [filtered=957]
cnt=1 s1=fng (1185,2339) [filtered=957]
cnt=1 s1=fng (1192,2330) [filtered=957]
cnt=1 s1=fng (1198,2321) [filtered=957]
cnt=1 s1=fng (1204,2310) [filtered=957]
cnt=1 s1=fng (1210,2300) [filtered=957]
cnt=1 s1=fng (1215,2290) [filtered=957]
cnt=1 s1=fng (1219,2279) [filtered=957]
cnt=1 s1=fng (1223,2268) [filtered=957]
cnt=1 s1=fng (1227,2258) [filtered=957]
cnt=1 s1=fng (1230,2245) [filtered=957]
cnt=1 s1=fng (1232,2232) [filtered=957]
cnt=1 s1=fng (1232,2219) [filtered=957]
cnt=1 s1=fng (1232,2207) [filtered=957]
cnt=1 s1=fng (1232,2194) [filtered=957]
cnt=1 s1=fng (1229,2181) [filtered=957]
cnt=1 s1=fng (1226,2169) [filtered=957]
cnt=1 s1=fng (1222,2157) [filtered=957]
cnt=1 s1=fng (1217,2144) [filtered=957]
cnt=1 s1=fng (1212,2131) [filtered=957]
cnt=1 s1=fng (1207,2118) [filtered=957]
cnt=1 s1=fng (1203,2106) [filtered=957]
cnt=1 s1=fng (1198,2093) [filtered=957]
cnt=1 s1=fng (1191,2080) [filtered=957]
cnt=1 s1=fng (1183,2067) [filtered=957]
cnt=1 s1=fng (1176,2055) [filtered=957]
cnt=1 s1=fng (1167,2042) [filtered=957]
cnt=1 s1=fng (1158,2029) [filtered=957]
cnt=1 s1=fng (1148,2015) [filtered=957]
cnt=1 s1=fng (1139,2002) [filtered=957]
cnt=1 s1=fng (1129,1989) [filtered=957]
cnt=1 s1=fng (1118,1974) [filtered=957]
cnt=1 s1=fng (1106,1959) [filtered=957]
cnt=1 s1=fng (1093,1944) [filtered=957]
cnt=1 s1=fng (1080,1930) [filtered=957]
cnt=1 s1=fng (1067,1915) [filtered=957]
cnt=1 s1=fng (1054,1900) [filtered=957]
cnt=1 s1=fng (1041,1885) [filtered=957]
cnt=1 s1=fng (1029,1871) [filtered=957]
cnt=1 s1=fng (1015,1857) [filtered=957]
cnt=1 s1=fng (1001,1842) [filtered=957]
cnt=1 s1=fng (987,1827) [filtered=957]
cnt=1 s1=fng (973,1812) [filtered=957]
cnt=1 s1=fng (959,1798) [filtered=957]
cnt=1 s1=fng (945,1784) [filtered=957]
cnt=1 s1=fng (931,1770) [filtered=957]
cnt=1 s1=fng (917,1756) [filtered=957]
cnt=1 s1=fng (903,1743) [filtered=957]
cnt=1 s1=fng (889,1731) [filtered=957]
cnt=1 s1=fng (875,1719) [filtered=957]
cnt=1 s1=fng (861,1706) [filtered=957]
cnt=1 s1=fng (847,1693) [filtered=957]
cnt=1 s1=fng (834,1681) [filtered=957]
cnt=1 s1=fng (820,1670) [filtered=957]
cnt=1 s1=fng (806,1660) [filtered=957]
cnt=1 s1=fng (793,1650) [filtered=957]
cnt=1 s1=fng (780,1640) [filtered=957]
cnt=1 s1=fng (767,1631) [filtered=957]
cnt=1 s1=fng (754,1623) [filtered=957]
cnt=1 s1=fng (741,1615) [filtered=957]
cnt=1 s1=fng (728,1607) [filtered=957]
cnt=1 s1=fng (715,1600) [filtered=957]
cnt=1 s1=fng (703,1594) [filtered=957]
cnt=1 s1=fng (690,1589) [filtered=957]
cnt=1 s1=fng (678,1585) [filtered=957]
cnt=1 s1=fng (666,1580) [filtered=957]
cnt=1 s1=fng (655,1576) [filtered=957]
cnt=1 s1=fng (644,1572) [filtered=957]
cnt=1 s1=fng (634,1568) [filtered=957]
cnt=1 s1=fng (624,1565) [filtered=957]
cnt=1 s1=fng (614,1562) [filtered=957]
cnt=1 s1=fng (605,1560) [filtered=957]
cnt=1 s1=fng (597,1558) [filtered=957]
cnt=1 s1=fng (588,1556) [filtered=957]
cnt=1 s1=fng (580,1553) [filtered=957]
cnt=1 s1=fng (572,1551) [filtered=957]
cnt=1 s1=fng (565,1550) [filtered=957]
cnt=1 s1=fng (559,1548) [filtered=957]
cnt=1 s1=fng (553,1546) [filtered=957]
cnt=1 s1=fng (548,1544) [filtered=957]
cnt=1 s1=fng (543,1542) [filtered=957]
cnt=1 s1=fng (539,1541) [filtered=957]
cnt=1 s1=fng (535,1540) [filtered=957]
cnt=1 s1=fng (532,1538) [filtered=957]
cnt=1 s1=fng (529,1537) [filtered=957]
cnt=1 s1=fng (526,1536) [filtered=957]
cnt=1 s1=fng (524,1535) [filtered=957]
cnt=1 s1=fng (522,1535) [filtered=957]
cnt=1 s1=fng (521,1535) [filtered=957]
cnt=1 s1=fng (520,1536) [filtered=957]
cnt=1 s1=fng (519,1537) [filtered=957]
cnt=1 s1=fng (519,1537) [filtered=957]
cnt=1 s1=fng (519,1539) [filtered=957]
cnt=1 s1=fng (519,1543) [filtered=957]
cnt=1 s1=fng (520,1547) [filtered=957]
cnt=1 s1=fng (521,1550) [filtered=957]
cnt=1 s1=fng (522,1555) [filtered=957]
cnt=1 s1=fng (525,1561) [filtered=957]
cnt=1 s1=fng (529,1569) [filtered=957]
cnt=1 s1=fng (533,1578) [filtered=957]
cnt=1 s1=fng (536,1587) [filtered=957]
cnt=1 s1=fng (541,1596) [filtered=957]
cnt=1 s1=fng (546,1607) [filtered=957]
cnt=1 s1=fng (552,1619) [filtered=957]
cnt=1 s1=fng (557,1631) [filtered=957]
cnt=1 s1=fng (564,1644) [filtered=957]
cnt=1 s1=fng (572,1657) [filtered=957]
cnt=1 s1=fng (581,1672) [filtered=957]
cnt=1 s1=fng (589,1686) [filtered=957]
cnt=1 s1=fng (598,1701) [filtered=957]
cnt=1 s1=fng (607,1717) [filtered=957]
cnt=1 s1=fng (617,1734) [filtered=957]
cnt=1 s1=fng (628,1751) [filtered=957]
cnt=1 s1=fng (638,1767) [filtered=957]
cnt=1 s1=fng (650,1784) [filtered=957]
cnt=1 s1=fng (663,1801) [filtered=957]
cnt=1 s1=fng (676,1818) [filtered=957]
cnt=1 s1=fng (688,1834) [filtered=957]
cnt=1 s1=fng (701,1850) [filtered=957]
cnt=1 s1=fng (715,1867) [filtered=957]
cnt=1 s1=fng (730,1884) [filtered=957]
cnt=1 s1=fng (744,1900) [filtered=957]
cnt=1 s1=fng (758,1916) [filtered=957]
cnt=1 s1=fng (773,1932) [filtered=957]
cnt=1 s1=fng (788,1949) [filtered=957]
cnt=1 s1=fng (802,1965) [filtered=957]
cnt=1 s1=fng (817,1981) [filtered=957]
cnt=1 s1=fng (833,1996) [filtered=957]
cnt=1 s1=fng (848,2011) [filtered=957]
cnt=1 s1=fng (862,2026) [filtered=957]
cnt=1 s1=fng (876,2041) [filtered=957]
cnt=1 s1=fng (890,2056) [filtered=957]
cnt=1 s1=fng (905,2070) [filtered=957]
cnt=1 s1=fng (920,2085) [filtered=957]
cnt=1 s1=fng (934,2099) [filtered=957]
cnt=1 s1=fng (948,2112) [filtered=957]
cnt=1 s1=fng (963,2125) [filtered=957]
cnt=1 s1=fng (978,2137) [filtered=957]
cnt=1 s1=fng (992,2149) [filtered=957]
cnt=1 s1=fng (1006,2161) [filtered=957]
cnt=1 s1=fng (1020,2173) [filtered=957]
cnt=1 s1=fng (1035,2185) [filtered=957]
cnt=1 s1=fng (1050,2198) [filtered=957]
cnt=1 s1=fng (1064,2210) [filtered=957]
cnt=1 s1=fng (1077,2221) [filtered=957]
cnt=1 s1=fng (1090,2232) [filtered=957]
cnt=1 s1=fng (1103,2242) [filtered=957]
cnt=1 s1=fng (1116,2253) [filtered=957]
cnt=1 s1=fng (1128,2263) [filtered=957]
cnt=1 s1=fng (1140,2272) [filtered=957]
cnt=1 s1=fng (1151,2281) [filtered=957]
cnt=1 s1=fng (1163,2289) [filtered=957]
cnt=1 s1=fng (1174,2297) [filtered=957]
cnt=1 s1=fng (1184,2305) [filtered=957]
cnt=1 s1=fng (1194,2313) [filtered=957]
cnt=1 s1=fng (1204,2321) [filtered=957]
cnt=1 s1=fng (1213,2327) [filtered=957]
cnt=1 s1=fng (1221,2333) [filtered=957]
cnt=1 s1=fng (1229,2339) [filtered=957]
cnt=1 s1=fng (1236,2344) [filtered=957]
cnt=1 s1=fng (1243,2349) [filtered=957]
cnt=1 s1=fng (1250,2354) [filtered=957]
cnt=1 s1=fng (1256,2358) [filtered=957]
cnt=1 s1=fng (1261,2363) [filtered=957]
cnt=1 s1=fng (1266,2367) [filtered=957]
cnt=1 s1=fng (1270,2371) [filtered=957]
cnt=1 s1=fng (1274,2375) [filtered=957]
cnt=1 s1=fng (1277,2378) [filtered=957]
cnt=1 s1=fng (1280,2381) [filtered=957]
cnt=1 s1=fng (1282,2384) [filtered=957]
cnt=1 s1=fng (1284,2386) [filtered=957]
cnt=1 s1=fng (1285,2388) [filtered=957]
cnt=1 s1=fng (1286,2390) [filtered=957]
cnt=1 s1=fng (1286,2391) [filtered=957]
cnt=1 s1=fng (1286,2393) [filtered=957]
cnt=1 s1=fng (1286,2394) [filtered=957]
cnt=1 s1=fng (1286,2395) [filtered=957]
cnt=1 s1=fng (1286,2396) [filtered=957]
cnt=1 s1=fng (1283,2397) [filtered=957]
cnt=1 s1=fng (1279,2397) [filtered=957]
cnt=1 s1=fng (1275,2396) [filtered=957]
cnt=1 s1=fng (1272,2396) [filtered=957]
cnt=1 s1=fng (1268,2395) [filtered=957]
cnt=1 s1=fng (1263,2392) [filtered=957]
cnt=1 s1=fng (1258,2388) [filtered=957]
cnt=1 s1=fng (1254,2385) [filtered=957]
cnt=1 s1=fng (1248,2380) [filtered=957]
cnt=1 s1=fng (1240,2373) [filtered=957]
cnt=1 s1=fng (1231,2365) [filtered=957]
cnt=1 s1=fng (1222,2357) [filtered=957]
cnt=1 s1=fng (1213,2348) [filtered=957]
cnt=1 s1=fng (1202,2339) [filtered=957]
cnt=1 s1=fng (1190,2328) [filtered=957]
cnt=1 s1=fng (1177,2316) [filtered=957]
cnt=1 s1=fng (1164,2304) [filtered=957]
cnt=1 s1=fng (1151,2291) [filtered=957]
cnt=1 s1=fng (1136,2278) [filtered=957]
cnt=1 s1=fng (1120,2264) [filtered=957]
cnt=1 s1=fng (1105,2250) [filtered=957]
cnt=1 s1=fng (1088,2235) [filtered=957]
cnt=1 s1=fng (1070,2219) [filtered=957]
cnt=1 s1=fng (1052,2202) [filtered=957]
cnt=1 s1=fng (1035,2186) [filtered=957]
cnt=1 s1=fng (1016,2169) [filtered=957]
cnt=1 s1=fng (996,2152) [filtered=957]
cnt=1 s1=fng (975,2134) [filtered=957]
cnt=1 s1=fng (955,2117) [filtered=957]
cnt=1 s1=fng (934,2099) [filtered=957]
cnt=1 s1=fng (913,2080) [filtered=957]
cnt=1 s1=fng (891,2060) [filtered=957]
cnt=1 s1=fng (870,2041) [filtered=957]
cnt=1 s1=fng (848,2022) [filtered=957]
cnt=1 s1=fng (825,2002) [filtered=957]
cnt=1 s1=fng (802,1982) [filtered=957]
cnt=1 s1=fng (780,1963) [filtered=957]
cnt=1 s1=fng (758,1944) [filtered=957]
cnt=1 s1=fng (735,1925) [filtered=957]
cnt=1 s1=fng (713,1905) [filtered=957]
cnt=1 s1=fng (692,1885) [filtered=957]
cnt=1 s1=fng (672,1866) [filtered=957]
cnt=1 s1=fng (652,1847) [filtered=957]
cnt=1 s1=fng (631,1828) [filtered=957]
cnt=1 s1=fng (611,1808) [filtered=957]
cnt=1 s1=fng (592,1788) [filtered=957]
cnt=1 s1=fng (574,1769) [filtered=957]
cnt=1 s1=fng (557,1750) [filtered=957]
cnt=1 s1=fng (541,1732) [filtered=957]
cnt=1 s1=fng (524,1713) [filtered=957]
cnt=1 s1=fng (508,1695) [filtered=957]
cnt=1 s1=fng (493,1678) [filtered=957]
cnt=1 s1=fng (479,1662) [filtered=957]
cnt=1 s1=fng (466,1646) [filtered=957]
cnt=1 s1=fng (454,1630) [filtered=957]
cnt=1 s1=fng (441,1615) [filtered=957]
cnt=1 s1=fng (429,1601) [filtered=957]
cnt=1 s1=fng (418,1588) [filtered=957]
cnt=1 s1=fng (408,1576) [filtered=957]
cnt=1 s1=fng (399,1563) [filtered=957]
cnt=1 s1=fng (391,1551) [filtered=957]
cnt=1 s1=fng (383,1540) [filtered=957]
cnt=1 s1=fng (375,1531) [filtered=957]
cnt=1 s1=fng (368,1523) [filtered=957]
cnt=1 s1=fng (362,1515) [filtered=957]
cnt=1 s1=fng (357,1508) [filtered=957]
cnt=1 s1=fng (352,1501) [filtered=957]
cnt=1 s1=fng (348,1495) [filtered=957]
cnt=1 s1=fng (344,1490) [filtered=957]
cnt=1 s1=fng (340,1486) [filtered=957]
cnt=1 s1=fng (336,1482) [filtered=957]
cnt=1 s1=fng (333,1478) [filtered=957]
cnt=1 s1=fng (330,1475) [filtered=957]
cnt=1 s1=fng (328,1473) [filtered=957]
cnt=1 s1=fng (327,1472) [filtered=957]
cnt=1 s1=fng (328,1471) [filtered=957]
cnt=1 s1=fng (326,1471) [filtered=957]
cnt=1 s1=fng (324,1471) [filtered=957]
cnt=1 s1=fng (322,1474) [filtered=957]
cnt=1 s1=fng (321,1477) [filtered=957]
cnt=1 s1=fng (320,1479) [filtered=957]
cnt=1 s1=fng (320,1483) [filtered=957]
cnt=1 s1=fng (320,1489) [filtered=957]
cnt=1 s1=fng (320,1495) [filtered=957]
cnt=1 s1=fng (320,1501) [filtered=957]
cnt=1 s1=fng (320,1508) [filtered=957]
cnt=1 s1=fng (321,1517) [filtered=957]
cnt=1 s1=fng (322,1527) [filtered=957]
cnt=1 s1=fng (323,1538) [filtered=957]
cnt=1 s1=fng (324,1549) [filtered=957]
cnt=1 s1=fng (325,1561) [filtered=957]
cnt=1 s1=fng (327,1574) [filtered=957]
cnt=1 s1=fng (330,1588) [filtered=957]
cnt=1 s1=fng (331,1602) [filtered=957]
cnt=1 s1=fng (334,1617) [filtered=957]
cnt=1 s1=fng (338,1633) [filtered=957]
cnt=1 s1=fng (342,1650) [filtered=957]
cnt=1 s1=fng (347,1667) [filtered=957]
cnt=1 s1=fng (350,1684) [filtered=957]
cnt=1 s1=fng (355,1702) [filtered=957]
cnt=1 s1=fng (360,1720) [filtered=957]
cnt=1 s1=fng (365,1739) [filtered=957]
cnt=1 s1=fng (371,1758) [filtered=957]
cnt=1 s1=fng (376,1777) [filtered=957]
cnt=1 s1=fng (382,1797) [filtered=957]
cnt=1 s1=fng (388,1817) [filtered=957]
cnt=1 s1=fng (395,1838) [filtered=957]
cnt=1 s1=fng (401,1858) [filtered=957]
cnt=1 s1=fng (409,1879) [filtered=957]
cnt=1 s1=fng (417,1900) [filtered=957]
cnt=1 s1=fng (425,1921) [filtered=957]
cnt=1 s1=fng (432,1941) [filtered=957]
cnt=1 s1=fng (441,1961) [filtered=957]
cnt=1 s1=fng (450,1982) [filtered=957]
cnt=1 s1=fng (459,2003) [filtered=957]
cnt=1 s1=fng (468,2024) [filtered=957]
cnt=1 s1=fng (476,2044) [filtered=957]
cnt=1 s1=fng (484,2064) [filtered=957]
cnt=1 s1=fng (492,2083) [filtered=957]
cnt=1 s1=fng (500,2103) [filtered=957]
cnt=1 s1=fng (507,2122) [filtered=957]
cnt=1 s1=fng (514,2140) [filtered=957]
cnt=2 s0=PALM(4762,1687) s1=PALM(521,2158) [filtered=958]
cnt=2 s0=PALM(4762,1687) s1=PALM(528,2176) [filtered=959]
cnt=2 s0=PALM(4762,1687) s1=PALM(534,2193) [filtered=960]
cnt=2 s0=PALM(4762,1687) s1=PALM(540,2209) [filtered=961]
cnt=2 s0=PALM(4762,1687) s1=PALM(546,2225) [filtered=962]
cnt=2 s0=PALM(4762,1687) s1=PALM(552,2241) [filtered=963]
cnt=2 s0=PALM(4762,1687) s1=PALM(558,2257) [filtered=964]
cnt=2 s0=PALM(4762,1687) s1=PALM(564,2273) [filtered=965]
cnt=2 s0=PALM(4762,1687) s1=PALM(570,2289) [filtered=966]
cnt=2 s0=PALM(4762,1687) s1=PALM(576,2305) [filtered=967]
cnt=2 s0=PALM(4762,1687) s1=PALM(581,2320) [filtered=968]
cnt=2 s0=PALM(4762,1687) s1=PALM(585,2335) [filtered=969]
cnt=2 s0=PALM(4762,1687) s1=PALM(588,2350) [filtered=970]
cnt=2 s0=PALM(4762,1687) s1=PALM(591,2365) [filtered=971]
cnt=2 s0=PALM(4762,1687) s1=PALM(594,2380) [filtered=972]
cnt=2 s0=PALM(4762,1687) s1=PALM(596,2394) [filtered=973]
cnt=1 s0=fng (4762,1687) [filtered=973]
cnt=1 s0=fng (4762,1687) [filtered=973]
cnt=1 s0=fng (4762,1687) [filtered=973]
cnt=1 s0=fng (4762,1687) [filtered=973]
cnt=1 s0=fng (4762,1687) [filtered=973]
cnt=1 s0=fng (4756,1693) [filtered=973]
cnt=1 s0=fng (4745,1703) [filtered=973]
cnt=1 s0=fng (4735,1713) [filtered=973]
cnt=1 s0=fng (4721,1727) [filtered=973]
cnt=1 s0=fng (4705,1743) [filtered=973]
cnt=1 s0=fng (4688,1759) [filtered=973]
cnt=1 s0=fng (4671,1775) [filtered=973]
cnt=1 s0=fng (4654,1791) [filtered=973]
cnt=1 s0=fng (4637,1807) [filtered=973]
cnt=1 s0=fng (4620,1823) [filtered=973]
cnt=1 s0=fng (4607,1838) [filtered=973]
cnt=1 s0=fng (4594,1853) [filtered=973]
cnt=1 s0=fng (4582,1868) [filtered=973]
cnt=1 s0=fng (4571,1882) [filtered=973]
cnt=1 s0=fng (4560,1895) [filtered=973]
cnt=1 s0=fng (4549,1908) [filtered=973]
cnt=1 s0=fng (4538,1920) [filtered=973]
cnt=1 s0=fng (4527,1932) [filtered=973]
cnt=1 s0=fng (4516,1943) [filtered=973]
cnt=1 s0=fng (4505,1953) [filtered=973]
cnt=1 s0=fng (4495,1962) [filtered=973]
cnt=1 s0=fng (4484,1970) [filtered=973]
cnt=1 s0=fng (4473,1979) [filtered=973]
cnt=1 s0=fng (4462,1987) [filtered=973]
cnt=1 s0=fng (4452,1994) [filtered=973]
cnt=1 s0=fng (4441,2000) [filtered=973]
cnt=1 s0=fng (4430,2006) [filtered=973]
cnt=1 s0=fng (4420,2011) [filtered=973]
cnt=1 s0=fng (4410,2016) [filtered=973]
cnt=1 s0=fng (4401,2020) [filtered=973]
cnt=1 s0=fng (4393,2024) [filtered=973]
cnt=1 s0=fng (4384,2028) [filtered=973]
cnt=1 s0=fng (4376,2032) [filtered=973]
cnt=1 s0=fng (4369,2035) [filtered=973]
cnt=1 s0=fng (4363,2037) [filtered=973]
cnt=1 s0=fng (4358,2039) [filtered=973]
cnt=1 s0=fng (4353,2041) [filtered=973]
cnt=1 s0=fng (4348,2043) [filtered=973]
cnt=1 s0=fng (4344,2044) [filtered=973]
cnt=1 s0=fng (4340,2046) [filtered=973]
cnt=1 s0=fng (4337,2048) [filtered=973]
cnt=1 s0=fng (4335,2050) [filtered=973]
cnt=1 s0=fng (4333,2051) [filtered=973]
cnt=1 s0=fng (4331,2052) [filtered=973]
cnt=1 s0=fng (4330,2054) [filtered=973]
cnt=1 s0=fng (4329,2055) [filtered=973]
cnt=1 s0=fng (4328,2055) [filtered=973]
cnt=1 s0=fng (4327,2055) [filtered=973]
cnt=1 s0=fng (4326,2054) [filtered=973]
cnt=1 s0=fng (4326,2052) [filtered=973]
cnt=1 s0=fng (4326,2049) [filtered=973]
cnt=1 s0=fng (4326,2047) [filtered=973]
cnt=1 s0=fng (4326,2043) [filtered=973]
cnt=1 s0=fng (4325,2038) [filtered=973]
cnt=1 s0=fng (4325,2032) [filtered=973]
cnt=1 s0=fng (4325,2026) [filtered=973]
cnt=2 s0=fng (4324,2018) s1=PALM(85,1825) [filtered=974]
cnt=2 s0=fng (4324,2009) s1=PALM(85,1825) [filtered=975]
cnt=2 s0=fng (4323,1997) s1=PALM(85,1825) [filtered=976]
cnt=2 s0=fng (4323,1982) s1=PALM(85,1825) [filtered=977]
cnt=2 s0=fng (4323,1968) s1=PALM(85,1825) [filtered=978]
cnt=2 s0=fng (4323,1951) s1=PALM(85,1825) [filtered=979]
cnt=2 s0=fng (4324,1932) s1=PALM(85,1825) [filtered=980]
cnt=2 s0=fng (4325,1912) s1=PALM(85,1825) [filtered=981]
cnt=2 s0=fng (4325,1892) s1=PALM(85,1825) [filtered=982]
cnt=2 s0=fng (4326,1871) s1=PALM(85,1825) [filtered=983]
cnt=2 s0=fng (4328,1850) s1=PALM(85,1825) [filtered=984]
cnt=2 s0=fng (4330,1829) s1=PALM(85,1825) [filtered=985]
cnt=2 s0=fng (4331,1809) s1=PALM(85,1825) [filtered=986]
cnt=2 s0=fng (4333,1787) s1=PALM(85,1825) [filtered=987]
cnt=2 s0=fng (4336,1765) s1=PALM(85,1825) [filtered=988]
cnt=2 s0=fng (4339,1742) s1=PALM(85,1825) [filtered=989]
cnt=2 s0=fng (4340,1720) s1=PALM(85,1825) [filtered=990]
cnt=2 s0=fng (4342,1697) s1=PALM(85,1825) [filtered=991]
cnt=2 s0=fng (4345,1674) s1=PALM(85,1825) [filtered=992]
cnt=2 s0=fng (4347,1652) s1=PALM(85,1825) [filtered=993]
cnt=2 s0=fng (4350,1631) s1=PALM(85,1825) [filtered=994]
cnt=2 s0=fng (4353,1611) s1=PALM(85,1825) [filtered=995]
cnt=2 s0=fng (4356,1591) s1=PALM(85,1825) [filtered=996]
cnt=2 s0=fng (4358,1572) s1=PALM(85,1825) [filtered=997]
cnt=2 s0=fng (4361,1553) s1=PALM(85,1825) [filtered=998]
cnt=2 s0=fng (4364,1535) s1=PALM(85,1825) [filtered=999]
cnt=2 s0=fng (4366,1517) s1=PALM(85,1825) [filtered=1000]
cnt=2 s0=fng (4368,1500) s1=PALM(85,1825) [filtered=1001]
cnt=2 s0=fng (4370,1485) s1=PALM(85,1825) [filtered=1002]
cnt=2 s0=fng (4372,1471) s1=PALM(85,1825) [filtered=1003]
cnt=2 s0=fng (4373,1457) s1=PALM(85,1825)* [filtered=1004]
cnt=2 s0=fng (4374,1444) s1=PALM(85,1825)* [filtered=1005]
cnt=2 s0=fng (4375,1433) s1=PALM(85,1825)* [filtered=1006]
cnt=2 s0=fng (4376,1422) s1=PALM(85,1825)* [filtered=1007]
cnt=2 s0=fng (4377,1413) s1=PALM(85,1825)* [filtered=1008]
cnt=2 s0=fng (4377,1405) s1=PALM(85,1825)* [filtered=1009]
cnt=2 s0=fng (4377,1397) s1=PALM(85,1825)* [filtered=1010]
cnt=2 s0=fng (4377,1391) s1=PALM(85,1825)* [filtered=1011]
cnt=2 s0=fng (4377,1386) s1=PALM(89,1829) [filtered=1012]
cnt=2 s0=fng (4376,1382) s1=PALM(95,1837) [filtered=1013]
cnt=2 s0=fng (4376,1378) s1=PALM(101,1845) [filtered=1014]
cnt=2 s0=fng (4375,1375) s1=PALM(108,1855) [filtered=1015]
cnt=2 s0=fng (4374,1372) s1=PALM(116,1866) [filtered=1016]
cnt=2 s0=fng (4373,1369) s1=PALM(123,1877) [filtered=1017]
cnt=2 s0=fng (4372,1367) s1=PALM(132,1888) [filtered=1018]
cnt=2 s0=fng (4370,1366) s1=PALM(142,1901) [filtered=1019]
cnt=2 s0=fng (4369,1365) s1=PALM(151,1913) [filtered=1020]
cnt=2 s0=fng (4367,1365) s1=PALM(161,1926) [filtered=1021]
cnt=2 s0=fng (4365,1365) s1=PALM(169,1939) [filtered=1022]
cnt=2 s0=fng (4364,1365) s1=PALM(176,1951) [filtered=1023]
cnt=2 s0=fng (4363,1368) s1=PALM(182,1962) [filtered=1024]
cnt=2 s0=fng (4362,1371) s1=PALM(188,1971) [filtered=1025]
cnt=2 s0=fng (4361,1374) s1=PALM(194,1980) [filtered=1026]
cnt=2 s0=fng (4360,1378) s1=PALM(200,1989) [filtered=1027]
cnt=2 s0=fng (4358,1383) s1=PALM(206,1997) [filtered=1028]
cnt=2 s0=fng (4357,1388) s1=PALM(212,2005) [filtered=1029]
cnt=2 s0=fng (4355,1394) s1=PALM(218,2011) [filtered=1030]
cnt=2 s0=fng (4352,1401) s1=PALM(224,2017) [filtered=1031]
cnt=2 s0=fng (4350,1408) s1=PALM(230,2023) [filtered=1032]
cnt=2 s0=fng (4346,1416) s1=PALM(236,2028) [filtered=1033]
cnt=2 s0=fng (4342,1427) s1=PALM(242,2032) [filtered=1034]
cnt=2 s0=fng (4339,1437) s1=PALM(248,2036) [filtered=1035]
cnt=2 s0=fng (4334,1449) s1=PALM(254,2039) [filtered=1036]
cnt=2 s0=fng (4330,1460) s1=PALM(260,2042) [filtered=1037]
cnt=2 s0=fng (4326,1473) s1=PALM(264,2044) [filtered=1038]
cnt=2 s0=fng (4321,1488) s1=PALM(268,2046) [filtered=1039]
cnt=2 s0=fng (4317,1502) s1=PALM(272,2048) [filtered=1040]
cnt=2 s0=fng (4311,1518) s1=PALM(276,2050) [filtered=1041]
cnt=2 s0=fng (4305,1535) s1=PALM(279,2052) [filtered=1042]
cnt=2 s0=fng (4300,1552) s1=PALM(282,2054) [filtered=1043]
cnt=2 s0=fng (4294,1569) s1=PALM(284,2056) [filtered=1044]
cnt=2 s0=fng (4289,1586) s1=fng (286,2057) [filtered=1044]
cnt=2 s0=fng (4285,1603) s1=fng (288,2058) [filtered=1044]
cnt=2 s0=fng (4280,1620) s1=fng (290,2059) [filtered=1044]
cnt=2 s0=fng (4276,1636) s1=fng (292,2060) [filtered=1044]
cnt=2 s0=fng (4272,1653) s1=fng (293,2060) [filtered=1044]
cnt=2 s0=fng (4267,1669) s1=fng (293,2060) [filtered=1044]
cnt=2 s0=fng (4263,1684) s1=fng (293,2060) [filtered=1044]
cnt=2 s0=fng (4260,1699) s1=fng (294,2060) [filtered=1044]
cnt=2 s0=fng (4257,1713) s1=fng (294,2060) [filtered=1044]
cnt=2 s0=fng (4254,1726) s1=fng (295,2057) [filtered=1044]
cnt=2 s0=fng (4251,1738) s1=fng (296,2053) [filtered=1044]
cnt=2 s0=fng (4248,1750) s1=fng (296,2049) [filtered=1044]
cnt=2 s0=fng (4246,1762) s1=fng (297,2045) [filtered=1044]
cnt=2 s0=fng (4244,1774) s1=fng (297,2042) [filtered=1044]
cnt=2 s0=fng (4242,1784) s1=fng (297,2037) [filtered=1044]
cnt=2 s0=fng (4240,1794) s1=fng (297,2032) [filtered=1044]
cnt=2 s0=fng (4238,1803) s1=fng (298,2025) [filtered=1044]
cnt=2 s0=fng (4237,1811) s1=fng (298,2016) [filtered=1044]
cnt=2 s0=fng (4237,1819) s1=fng (298,2007) [filtered=1044]
cnt=2 s0=fng (4236,1826) s1=fng (298,1995) [filtered=1044]
cnt=2 s0=fng (4236,1833) s1=fng (298,1984) [filtered=1044]
cnt=2 s0=fng (4236,1839) s1=fng (298,1970) [filtered=1044]
cnt=2 s0=fng (4236,1844) s1=fng (298,1954) [filtered=1044]
cnt=2 s0=fng (4236,1849) s1=fng (298,1938) [filtered=1044]
cnt=2 s0=fng (4236,1853) s1=fng (297,1920) [filtered=1044]
cnt=2 s0=fng (4237,1856) s1=fng (295,1902) [filtered=1044]
cnt=2 s0=fng (4237,1859) s1=fng (294,1884) [filtered=1044]
cnt=2 s0=fng (4238,1861) s1=fng (292,1866) [filtered=1044]
cnt=2 s0=fng (4239,1863) s1=fng (290,1848) [filtered=1044]
cnt=2 s0=fng (4240,1865) s1=fng (289,1830) [filtered=1044]
cnt=2 s0=fng (4241,1866) s1=fng (287,1813) [filtered=1044]
cnt=2 s0=fng (4243,1866) s1=PALM(284,1796) [filtered=1045]
cnt=2 s0=fng (4244,1866) s1=PALM(282,1779) [filtered=1046]
cnt=2 s0=fng (4245,1866) s1=PALM(279,1763) [filtered=1047]
cnt=2 s0=fng (4247,1866) s1=PALM(276,1748) [filtered=1048]
cnt=2 s0=fng (4248,1866) s1=PALM(274,1734) [filtered=1049]
cnt=2 s0=fng (4250,1866) s1=PALM(272,1720) [filtered=1050]
cnt=2 s0=fng (4251,1866) s1=PALM(270,1707) [filtered=1051]
cnt=2 s0=fng (4252,1866) s1=PALM(268,1695) [filtered=1052]
cnt=2 s0=fng (4253,1866) s1=PALM(265,1682) [filtered=1053]
cnt=2 s0=fng (4254,1866) s1=PALM(263,1670) [filtered=1054]
cnt=2 s0=fng (4255,1866) s1=PALM(261,1659) [filtered=1055]
cnt=2 s0=fng (4255,1866) s1=PALM(259,1648) [filtered=1056]
cnt=2 s0=fng (4255,1866) s1=PALM(257,1638) [filtered=1057]
cnt=2 s0=fng (4256,1866) s1=PALM(255,1628) [filtered=1058]
cnt=2 s0=fng (4256,1866) s1=PALM(253,1618) [filtered=1059]
cnt=2 s0=fng (4256,1866) s1=PALM(251,1609) [filtered=1060]
cnt=2 s0=fng (4257,1866) s1=PALM(249,1601) [filtered=1061]
cnt=2 s0=fng (4258,1866) s1=PALM(248,1592) [filtered=1062]
cnt=2 s0=fng (4259,1866) s1=PALM(246,1583) [filtered=1063]
cnt=2 s0=fng (4260,1866) s1=PALM(245,1575) [filtered=1064]
cnt=2 s0=fng (4260,1866) s1=PALM(243,1566) [filtered=1065]
cnt=2 s0=fng (4261,1866) s1=PALM(242,1557) [filtered=1066]
cnt=2 s0=fng (4261,1866) s1=PALM(241,1549) [filtered=1067]
cnt=2 s0=PALM(4262,1866)* s1=PALM(240,1542) [filtered=1068]
cnt=2 s0=PALM(4262,1866)* s1=PALM(239,1535) [filtered=1069]
cnt=2 s0=PALM(4262,1866)* s1=PALM(238,1529) [filtered=1070]
cnt=2 s0=PALM(4263,1866)* s1=PALM(237,1523) [filtered=1071]
cnt=2 s0=PALM(4263,1866)* s1=PALM(235,1516) [filtered=1072]
cnt=2 s0=PALM(4263,1866)* s1=PALM(234,1510) [filtered=1073]
cnt=2 s0=PALM(4263,1866)* s1=PALM(233,1504) [filtered=1074]
cnt=2 s0=PALM(4263,1866)* s1=PALM(232,1499) [filtered=1075]
cnt=2 s0=PALM(4263,1866)* s1=PALM(231,1494) [filtered=1076]
cnt=2 s0=PALM(4263,1866)* s1=PALM(230,1489) [filtered=1077]
cnt=2 s0=PALM(4263,1866)* s1=PALM(229,1485) [filtered=1078]
cnt=2 s0=PALM(4263,1866)* s1=PALM(229,1481) [filtered=1079]
cnt=2 s0=PALM(4263,1866)* s1=PALM(228,1477) [filtered=1080]
cnt=2 s0=PALM(4263,1866)* s1=PALM(227,1472) [filtered=1081]
cnt=2 s0=PALM(4263,1866)* s1=PALM(226,1467) [filtered=1082]
cnt=2 s0=PALM(4263,1866)* s1=PALM(225,1462) [filtered=1083]
cnt=2 s0=PALM(4263,1866)* s1=PALM(223,1456) [filtered=1084]
cnt=2 s0=PALM(4263,1866)* s1=PALM(222,1450) [filtered=1085]
cnt=2 s0=PALM(4263,1866)* s1=PALM(220,1444) [filtered=1086]
cnt=2 s0=PALM(4263,1866)* s1=PALM(217,1435) [filtered=1087]
cnt=2 s0=PALM(4263,1866)* s1=PALM(215,1427) [filtered=1088]
cnt=2 s0=PALM(4263,1866)* s1=PALM(213,1418) [filtered=1089]
cnt=2 s0=PALM(4263,1866)* s1=PALM(210,1408) [filtered=1090]
cnt=2 s0=PALM(4263,1866)* s1=PALM(208,1399) [filtered=1091]
cnt=2 s0=PALM(4262,1867)* s1=PALM(205,1389) [filtered=1092]
cnt=2 s0=PALM(4262,1868)* s1=PALM(201,1377) [filtered=1093]
cnt=2 s0=PALM(4262,1869)* s1=PALM(198,1366) [filtered=1094]
cnt=2 s0=PALM(4261,1871)* s1=PALM(194,1355) [filtered=1095]
cnt=2 s0=fng (4260,1874) s1=PALM(190,1342) [filtered=1096]
cnt=2 s0=fng (4260,1877) s1=PALM(187,1330) [filtered=1097]
cnt=2 s0=fng (4260,1880) s1=PALM(184,1318) [filtered=1098]
cnt=2 s0=fng (4259,1883) s1=PALM(180,1306) [filtered=1099]
cnt=2 s0=fng (4258,1887) s1=PALM(176,1293) [filtered=1100]
cnt=2 s0=fng (4258,1891) s1=PALM(173,1281) [filtered=1101]
cnt=2 s0=fng (4257,1896) s1=PALM(169,1269) [filtered=1102]
cnt=2 s0=fng (4255,1903) s1=PALM(165,1257) [filtered=1103]
cnt=2 s0=fng (4254,1909) s1=PALM(162,1245) [filtered=1104]
cnt=2 s0=fng (4253,1915) s1=PALM(157,1233) [filtered=1105]
cnt=2 s0=fng (4251,1923) s1=PALM(151,1222) [filtered=1106]
cnt=2 s0=fng (4250,1930) s1=PALM(146,1211) [filtered=1107]
cnt=2 s0=fng (4249,1938) s1=PALM(139,1201) [filtered=1108]
cnt=2 s0=fng (4247,1948) s1=PALM(132,1191) [filtered=1109]
cnt=2 s0=fng (4246,1957) s1=PALM(126,1181) [filtered=1110]
cnt=2 s0=fng (4244,1966) s1=PALM(120,1172) [filtered=1111]
cnt=2 s0=fng (4243,1975) s1=PALM(114,1163) [filtered=1112]
cnt=2 s0=fng (4242,1983) s1=PALM(109,1155) [filtered=1113]
cnt=2 s0=fng (4240,1992) s1=PALM(105,1149) [filtered=1114]
cnt=2 s0=fng (4239,2001) s1=PALM(101,1143) [filtered=1115]
cnt=2 s0=fng (4237,2010) s1=PALM(97,1137) [filtered=1116]
cnt=2 s0=fng (4234,2020) s1=PALM(94,1132) [filtered=1117]
cnt=2 s0=fng (4233,2029) s1=PALM(91,1127) [filtered=1118]
cnt=2 s0=fng (4231,2038) s1=PALM(88,1123) [filtered=1119]
cnt=2 s0=fng (4228,2049) s1=PALM(86,1119) [filtered=1120]
cnt=2 s0=fng (4226,2059) s1=PALM(84,1115) [filtered=1121]
cnt=2 s0=fng (4223,2069) s1=PALM(83,1112) [filtered=1122]
cnt=2 s0=fng (4221,2079) s1=PALM(83,1109) [filtered=1123]
cnt=2 s0=fng (4219,2089) s1=PALM(83,1107) [filtered=1124]
cnt=2 s0=PALM(4216,2099) s1=PALM(84,1106) [filtered=1125]
cnt=2 s0=PALM(4214,2109) s1=PALM(84,1105) [filtered=1126]
cnt=2 s0=PALM(4212,2119) s1=PALM(86,1105) [filtered=1127]
cnt=2 s0=PALM(4210,2129) s1=PALM(87,1105) [filtered=1128]
cnt=2 s0=PALM(4208,2139) s1=PALM(90,1105) [filtered=1129]
cnt=2 s0=PALM(4205,2149) s1=PALM(93,1105) [filtered=1130]
cnt=2 s0=PALM(4203,2159) s1=PALM(96,1105) [filtered=1131]
cnt=2 s0=PALM(4201,2168) s1=PALM(100,1108) [filtered=1132]
cnt=2 s0=PALM(4199,2177) s1=PALM(103,1111) [filtered=1133]
cnt=2 s0=PALM(4197,2185) s1=PALM(108,1116) [filtered=1134]
cnt=2 s0=PALM(4195,2193) s1=PALM(115,1122) [filtered=1135]
cnt=2 s0=PALM(4193,2201) s1=PALM(122,1128) [filtered=1136]
cnt=2 s0=PALM(4192,2209) s1=PALM(131,1136) [filtered=1137]
cnt=2 s0=PALM(4193,2217) s1=PALM(139,1143) [filtered=1138]
cnt=2 s0=PALM(4192,2225) s1=PALM(150,1153) [filtered=1139]
cnt=2 s0=PALM(4190,2232) s1=PALM(159,1166) [filtered=1140]
cnt=2 s0=PALM(4189,2239) s1=PALM(168,1178) [filtered=1141]
cnt=2 s0=PALM(4188,2245) s1=PALM(177,1194) [filtered=1142]
cnt=2 s0=PALM(4188,2251) s1=PALM(185,1210) [filtered=1143]
cnt=2 s0=PALM(4188,2257) s1=PALM(194,1231) [filtered=1144]
cnt=2 s0=PALM(4188,2262) s1=PALM(203,1256) [filtered=1145]
cnt=2 s0=PALM(4188,2267) s1=PALM(211,1281) [filtered=1146]
cnt=2 s0=PALM(4188,2271) s1=PALM(220,1310) [filtered=1147]
cnt=2 s0=PALM(4188,2275) s1=PALM(228,1341) [filtered=1148]
cnt=2 s0=PALM(4188,2279) s1=PALM(235,1372) [filtered=1149]
cnt=2 s0=PALM(4188,2283) s1=PALM(241,1405) [filtered=1150]
cnt=2 s0=PALM(4188,2287) s1=PALM(247,1437) [filtered=1151]
cnt=2 s0=PALM(4189,2290) s1=PALM(253,1471) [filtered=1152]
cnt=2 s0=PALM(4190,2292) s1=PALM(259,1505) [filtered=1153]
cnt=2 s0=PALM(4191,2294) s1=PALM(264,1538) [filtered=1154]
cnt=2 s0=PALM(4192,2296) s1=PALM(269,1573) [filtered=1155]
cnt=2 s0=PALM(4193,2298) s1=PALM(274,1607) [filtered=1156]
cnt=2 s0=PALM(4194,2299) s1=PALM(280,1642) [filtered=1157]
cnt=2 s0=PALM(4196,2299) s1=fng (286,1677) [filtered=1158]
cnt=2 s0=PALM(4197,2299) s1=fng (292,1711) [filtered=1159]
cnt=2 s0=PALM(4199,2299) s1=fng (298,1743) [filtered=1160]
cnt=2 s0=PALM(4200,2299) s1=fng (304,1775) [filtered=1161]
cnt=2 s0=PALM(4202,2299) s1=fng (310,1806) [filtered=1162]
cnt=2 s0=PALM(4203,2299) s1=fng (316,1837) [filtered=1163]
cnt=2 s0=PALM(4204,2299) s1=fng (322,1866) [filtered=1164]
cnt=2 s0=PALM(4206,2299) s1=fng (328,1893) [filtered=1165]
cnt=2 s0=PALM(4207,2299) s1=fng (334,1920) [filtered=1166]
cnt=2 s0=PALM(4208,2299) s1=fng (340,1946) [filtered=1167]
cnt=2 s0=PALM(4209,2299) s1=fng (346,1972) [filtered=1168]
cnt=2 s0=PALM(4210,2299) s1=fng (352,1996) [filtered=1169]
cnt=2 s0=PALM(4210,2299) s1=fng (358,2020) [filtered=1170]
cnt=2 s0=PALM(4211,2296) s1=fng (364,2041) [filtered=1171]
cnt=2 s0=PALM(4212,2293) s1=fng (370,2062) [filtered=1172]
cnt=2 s0=PALM(4213,2290) s1=fng (376,2081) [filtered=1173]
cnt=2 s0=PALM(4214,2287) s1=PALM(382,2100) [filtered=1174]
cnt=2 s0=PALM(4215,2284) s1=PALM(388,2117) [filtered=1175]
cnt=2 s0=PALM(4215,2281) s1=PALM(394,2134) [filtered=1176]
cnt=2 s0=PALM(4216,2278) s1=PALM(398,2149) [filtered=1177]
cnt=2 s0=PALM(4216,2275) s1=PALM(402,2164) [filtered=1178]
cnt=2 s0=PALM(4217,2271) s1=PALM(406,2177) [filtered=1179]
cnt=2 s0=PALM(4218,2267) s1=PALM(410,2190) [filtered=1180]
cnt=2 s0=PALM(4219,2264) s1=PALM(413,2201) [filtered=1181]
cnt=2 s0=PALM(4219,2262) s1=PALM(416,2212) [filtered=1182]
cnt=2 s0=PALM(4219,2260) s1=PALM(418,2221) [filtered=1183]
cnt=2 s0=PALM(4219,2259) s1=PALM(420,2230) [filtered=1184]
cnt=2 s0=PALM(4220,2257) s1=PALM(421,2237) [filtered=1185]
cnt=2 s0=PALM(4220,2256) s1=PALM(422,2244) [filtered=1186]
cnt=2 s0=PALM(4220,2254) s1=PALM(422,2250) [filtered=1187]
cnt=2 s0=PALM(4220,2253) s1=PALM(422,2256) [filtered=1188]
cnt=2 s0=PALM(4220,2251) s1=PALM(422,2260) [filtered=1189]
cnt=2 s0=PALM(4220,2249) s1=PALM(422,2262) [filtered=1190]
cnt=2 s0=PALM(4220,2248) s1=PALM(422,2264) [filtered=1191]
cnt=2 s0=PALM(4220,2247) s1=PALM(422,2266) [filtered=1192]
cnt=2 s0=PALM(4220,2245) s1=PALM(419,2267) [filtered=1193]
cnt=2 s0=PALM(4220,2244) s1=PALM(416,2268) [filtered=1194]
cnt=2 s0=PALM(4220,2242) s1=PALM(412,2268) [filtered=1195]
cnt=2 s0=PALM(4220,2241) s1=PALM(408,2268) [filtered=1196]
cnt=2 s0=PALM(4220,2239) s1=PALM(404,2268) [filtered=1197]
cnt=2 s0=PALM(4220,2238) s1=PALM(400,2268) [filtered=1198]
cnt=2 s0=PALM(4220,2237) s1=PALM(396,2265) [filtered=1199]
cnt=2 s0=PALM(4220,2236) s1=PALM(392,2262) [filtered=1200]
cnt=2 s0=PALM(4220,2234) s1=PALM(388,2259) [filtered=1201]
cnt=2 s0=PALM(4219,2232) s1=PALM(384,2255) [filtered=1202]
cnt=2 s0=PALM(4219,2231) s1=PALM(381,2251) [filtered=1203]
cnt=2 s0=PALM(4219,2229) s1=PALM(379,2247) [filtered=1204]
cnt=2 s0=PALM(4219,2228) s1=PALM(378,2243) [filtered=1205]
cnt=2 s0=PALM(4218,2226) s1=PALM(376,2239) [filtered=1206]
cnt=2 s0=PALM(4218,2225) s1=PALM(375,2235) [filtered=1207]
cnt=2 s0=PALM(4218,2223) s1=PALM(373,2230) [filtered=1208]
cnt=2 s0=PALM(4218,2222) s1=PALM(372,2225) [filtered=1209]
cnt=2 s0=PALM(4218,2220) s1=PALM(369,2220) [filtered=1210]
cnt=2 s0=PALM(4218,2218)* s1=PALM(366,2215) [filtered=1211]
cnt=2 s0=PALM(4218,2217)* s1=PALM(363,2210) [filtered=1212]
cnt=2 s0=PALM(4218,2214)* s1=PALM(360,2204) [filtered=1213]
cnt=2 s0=PALM(4218,2212)* s1=PALM(358,2198) [filtered=1214]
cnt=2 s0=PALM(4218,2210)* s1=PALM(354,2192) [filtered=1215]
cnt=2 s0=PALM(4219,2207) s1=PALM(350,2187) [filtered=1216]
cnt=2 s0=PALM(4219,2205) s1=PALM(346,2182) [filtered=1217]
cnt=2 s0=PALM(4219,2200) s1=PALM(342,2177) [filtered=1218]
cnt=2 s0=PALM(4220,2194) s1=PALM(338,2172) [filtered=1219]
cnt=2 s0=PALM(4220,2188) s1=PALM(335,2167) [filtered=1220]
cnt=2 s0=PALM(4221,2181) s1=PALM(331,2162) [filtered=1221]
cnt=2 s0=PALM(4221,2175) s1=PALM(328,2157) [filtered=1222]
cnt=2 s0=PALM(4222,2166) s1=PALM(325,2152) [filtered=1223]
cnt=2 s0=PALM(4224,2155) s1=PALM(322,2148) [filtered=1224]
cnt=2 s0=PALM(4225,2144) s1=PALM(320,2144) [filtered=1225]
cnt=2 s0=PALM(4227,2132) s1=PALM(317,2140) [filtered=1226]
cnt=2 s0=PALM(4228,2121) s1=PALM(315,2136) [filtered=1227]
cnt=2 s0=PALM(4230,2108) s1=PALM(312,2132) [filtered=1228]
cnt=2 s0=fng (4232,2094) s1=PALM(309,2128) [filtered=1229]
cnt=2 s0=fng (4233,2081) s1=PALM(307,2124) [filtered=1230]
cnt=2 s0=fng (4235,2066) s1=PALM(304,2119) [filtered=1231]
cnt=2 s0=fng (4238,2051) s1=PALM(301,2112) [filtered=1232]
cnt=2 s0=fng (4240,2037) s1=PALM(299,2105) [filtered=1233]
cnt=2 s0=fng (4242,2022) s1=fng (296,2096) [filtered=1233]
cnt=2 s0=fng (4245,2007) s1=fng (293,2084) [filtered=1233]
cnt=2 s0=fng (4247,1993) s1=fng (291,2072) [filtered=1233]
cnt=2 s0=fng (4249,1978) s1=fng (287,2057) [filtered=1233]
cnt=2 s0=fng (4252,1963) s1=PALM(282,2040) [filtered=1234]
cnt=2 s0=fng (4254,1949) s1=PALM(278,2023) [filtered=1235]
cnt=2 s0=fng (4256,1934) s1=PALM(273,2003) [filtered=1236]
cnt=2 s0=fng (4259,1920) s1=PALM(268,1980) [filtered=1237]
cnt=2 s0=fng (4261,1907) s1=PALM(264,1958) [filtered=1238]
cnt=2 s0=fng (4263,1894) s1=PALM(259,1936) [filtered=1239]
cnt=2 s0=fng (4266,1881) s1=PALM(254,1912) [filtered=1240]
cnt=2 s0=fng (4268,1869) s1=PALM(250,1889) [filtered=1241]
cnt=2 s0=fng (4269,1858) s1=PALM(245,1866) [filtered=1242]
cnt=2 s0=fng (4271,1847) s1=PALM(240,1843) [filtered=1243]
cnt=2 s0=fng (4272,1837) s1=PALM(235,1820) [filtered=1244]
cnt=2 s0=fng (4273,1827) s1=PALM(230,1798) [filtered=1245]
cnt=2 s0=fng (4275,1818) s1=PALM(225,1776) [filtered=1246]
cnt=2 s0=fng (4276,1810) s1=PALM(220,1754) [filtered=1247]
cnt=2 s0=fng (4277,1802) s1=PALM(215,1732) [filtered=1248]
cnt=2 s0=fng (4278,1795) s1=PALM(210,1711) [filtered=1249]
cnt=2 s0=fng (4279,1788) s1=PALM(204,1690) [filtered=1250]
cnt=2 s0=fng (4280,1782) s1=PALM(199,1670) [filtered=1251]
cnt=2 s0=fng (4280,1777) s1=PALM(195,1649) [filtered=1252]
cnt=2 s0=fng (4281,1772) s1=PALM(191,1628) [filtered=1253]
cnt=2 s0=fng (4281,1768) s1=PALM(188,1608) [filtered=1254]
cnt=2 s0=fng (4281,1765) s1=PALM(184,1590) [filtered=1255]
cnt=2 s0=fng (4281,1762) s1=PALM(180,1573) [filtered=1256]
cnt=2 s0=fng (4281,1759) s1=PALM(177,1557) [filtered=1257]
cnt=2 s0=fng (4281,1757) s1=PALM(174,1542) [filtered=1258]
cnt=2 s0=fng (4280,1756) s1=PALM(171,1528) [filtered=1259]
cnt=2 s0=fng (4280,1756) s1=PALM(168,1516) [filtered=1260]
cnt=2 s0=fng (4280,1756) s1=PALM(166,1505) [filtered=1261]
cnt=2 s0=fng (4279,1757) s1=PALM(164,1495) [filtered=1262]
cnt=2 s0=fng (4278,1756) s1=PALM(161,1486) [filtered=1263]
cnt=2 s0=fng (4278,1756) s1=PALM(159,1478) [filtered=1264]
cnt=2 s0=fng (4277,1756) s1=PALM(155,1471) [filtered=1265]
cnt=2 s0=fng (4276,1756) s1=PALM(151,1464) [filtered=1266]
cnt=2 s0=fng (4276,1756) s1=PALM(148,1458) [filtered=1267]
cnt=2 s0=fng (4275,1756) s1=PALM(145,1452) [filtered=1268]
cnt=2 s0=fng (4274,1756) s1=PALM(141,1448) [filtered=1269]
cnt=2 s0=fng (4273,1756) s1=PALM(138,1445) [filtered=1270]
cnt=2 s0=fng (4273,1756) s1=PALM(136,1442) [filtered=1271]
cnt=2 s0=fng (4272,1756) s1=PALM(135,1439) [filtered=1272]
cnt=2 s0=fng (4272,1756) s1=PALM(136,1437) [filtered=1273]
cnt=2 s0=fng (4272,1756) s1=PALM(135,1436) [filtered=1274]
cnt=2 s0=fng (4271,1756) s1=PALM(133,1435) [filtered=1275]
cnt=2 s0=fng (4271,1756) s1=PALM(132,1435) [filtered=1276]
cnt=2 s0=fng (4271,1756) s1=PALM(130,1435) [filtered=1277]
cnt=2 s0=fng (4271,1756) s1=PALM(129,1435) [filtered=1278]
cnt=2 s0=fng (4270,1756) s1=PALM(128,1435) [filtered=1279]
cnt=2 s0=fng (4269,1756) s1=PALM(126,1436) [filtered=1280]
cnt=2 s0=fng (4269,1756) s1=PALM(125,1436) [filtered=1281]
cnt=2 s0=fng (4269,1756) s1=PALM(124,1437) [filtered=1282]
cnt=2 s0=fng (4269,1756) s1=PALM(124,1437) [filtered=1283]
cnt=2 s0=PALM(4268,1756)* s1=PALM(123,1437) [filtered=1284]
cnt=2 s0=PALM(4268,1756)* s1=PALM(122,1438) [filtered=1285]
cnt=2 s0=PALM(4268,1756)* s1=PALM(121,1438) [filtered=1286]
cnt=2 s0=PALM(4267,1756)* s1=PALM(120,1439) [filtered=1287]
cnt=2 s0=PALM(4267,1756)* s1=PALM(119,1440) [filtered=1288]
cnt=2 s0=PALM(4267,1756)* s1=PALM(119,1441) [filtered=1289]
cnt=2 s0=PALM(4266,1756)* s1=PALM(118,1443) [filtered=1290]
cnt=2 s0=PALM(4266,1756)* s1=PALM(118,1444) [filtered=1291]
cnt=2 s0=PALM(4265,1756)* s1=PALM(118,1445) [filtered=1292]
cnt=2 s0=PALM(4265,1756)* s1=PALM(118,1447) [filtered=1293]
cnt=2 s0=PALM(4265,1756)* s1=PALM(118,1448) [filtered=1294]
cnt=2 s0=PALM(4265,1756)* s1=PALM(118,1450) [filtered=1295]
cnt=2 s0=PALM(4265,1756)* s1=PALM(118,1452) [filtered=1296]
cnt=2 s0=PALM(4265,1756)* s1=PALM(118,1453) [filtered=1297]
cnt=2 s0=PALM(4264,1756)* s1=PALM(118,1455) [filtered=1298]
cnt=2 s0=PALM(4264,1756)* s1=PALM(118,1456) [filtered=1299]
cnt=2 s0=PALM(4264,1756)* s1=PALM(118,1458) [filtered=1300]
cnt=2 s0=PALM(4264,1756)* s1=PALM(118,1461) [filtered=1301]
cnt=2 s0=PALM(4264,1756)* s1=PALM(118,1462)* [filtered=1302]
cnt=2 s0=PALM(4263,1756)* s1=PALM(118,1464)* [filtered=1303]
cnt=2 s0=PALM(4263,1756)* s1=PALM(118,1466)* [filtered=1304]
cnt=2 s0=PALM(4263,1756)* s1=PALM(118,1467)* [filtered=1305]
cnt=2 s0=PALM(4263,1756)* s1=PALM(118,1469)* [filtered=1306]
cnt=2 s0=PALM(4263,1756)* s1=PALM(118,1470)* [filtered=1307]
cnt=2 s0=PALM(4263,1757)* s1=PALM(118,1471)* [filtered=1308]
cnt=2 s0=PALM(4263,1757)* s1=PALM(118,1473)* [filtered=1309]
cnt=2 s0=PALM(4263,1757)* s1=PALM(118,1474)* [filtered=1310]
cnt=2 s0=PALM(4263,1758)* s1=PALM(118,1476)* [filtered=1311]
cnt=2 s0=PALM(4263,1758)* s1=PALM(118,1478)* [filtered=1312]
cnt=2 s0=PALM(4263,1758)* s1=PALM(118,1479)* [filtered=1313]
cnt=2 s0=PALM(4263,1759)* s1=PALM(118,1480)* [filtered=1314]
cnt=2 s0=PALM(4263,1759)* s1=PALM(118,1480)* [filtered=1315]
cnt=2 s0=PALM(4263,1759)* s1=PALM(118,1481)* [filtered=1316]
cnt=2 s0=PALM(4263,1760)* s1=PALM(118,1482)* [filtered=1317]
cnt=2 s0=PALM(4263,1760)* s1=PALM(118,1483)* [filtered=1318]
cnt=2 s0=PALM(4263,1761)* s1=PALM(118,1484)* [filtered=1319]
cnt=2 s0=PALM(4263,1761)* s1=PALM(118,1485)* [filtered=1320]
cnt=2 s0=PALM(4263,1761)* s1=PALM(118,1486)* [filtered=1321]
cnt=2 s0=PALM(4263,1761)* s1=PALM(118,1487)* [filtered=1322]
cnt=2 s0=PALM(4263,1761)* s1=PALM(118,1487)* [filtered=1323]
cnt=2 s0=PALM(4263,1761)* s1=PALM(118,1488)* [filtered=1324]
cnt=2 s0=PALM(4263,1761)* s1=PALM(118,1489)* [filtered=1325]
cnt=2 s0=PALM(4263,1761)* s1=PALM(118,1489)* [filtered=1326]
cnt=2 s0=PALM(4263,1761)* s1=PALM(118,1490)* [filtered=1327]
cnt=2 s0=PALM(4263,1761)* s1=PALM(118,1491)* [filtered=1328]
cnt=2 s0=PALM(4263,1761)* s1=PALM(118,1491)* [filtered=1329]
cnt=2 s0=PALM(4263,1761)* s1=PALM(118,1492)* [filtered=1330]
cnt=2 s0=PALM(4263,1762)* s1=PALM(118,1493)* [filtered=1331]
cnt=2 s0=PALM(4263,1762)* s1=PALM(118,1493)* [filtered=1332]
cnt=2 s0=PALM(4263,1762)* s1=PALM(118,1493)* [filtered=1333]
cnt=2 s0=PALM(4263,1762)* s1=PALM(118,1493)* [filtered=1334]
cnt=2 s0=PALM(4263,1763)* s1=PALM(118,1494)* [filtered=1335]
cnt=2 s0=PALM(4263,1763)* s1=PALM(118,1494)* [filtered=1336]
cnt=2 s0=PALM(4263,1763)* s1=PALM(118,1494)* [filtered=1337]
cnt=2 s0=PALM(4263,1764)* s1=PALM(118,1495)* [filtered=1338]
cnt=2 s0=PALM(4263,1765)* s1=PALM(118,1495)* [filtered=1339]
cnt=2 s0=PALM(4263,1765)* s1=PALM(118,1495)* [filtered=1340]
cnt=2 s0=PALM(4263,1765)* s1=PALM(118,1496)* [filtered=1341]
cnt=2 s0=PALM(4263,1765)* s1=PALM(118,1497)* [filtered=1342]
cnt=2 s0=PALM(4263,1765)* s1=PALM(118,1497)* [filtered=1343]
cnt=2 s0=PALM(4263,1765)* s1=PALM(118,1497)* [filtered=1344]
cnt=2 s0=PALM(4263,1765)* s1=PALM(118,1498)* [filtered=1345]
cnt=2 s0=PALM(4263,1765)* s1=PALM(118,1498)* [filtered=1346]
cnt=2 s0=PALM(4263,1766)* s1=PALM(118,1498)* [filtered=1347]
cnt=2 s0=PALM(4263,1766)* s1=PALM(118,1498)* [filtered=1348]
cnt=2 s0=PALM(4263,1766)* s1=PALM(118,1499)* [filtered=1349]
cnt=2 s0=PALM(4263,1766)* s1=PALM(118,1499)* [filtered=1350]
cnt=2 s0=PALM(4263,1766)* s1=PALM(118,1499)* [filtered=1351]
cnt=2 s0=PALM(4263,1766)* s1=PALM(118,1500)* [filtered=1352]
cnt=2 s0=PALM(4263,1766)* s1=PALM(118,1501)* [filtered=1353]
cnt=2 s0=PALM(4263,1766)* s1=PALM(118,1501)* [filtered=1354]
cnt=2 s0=PALM(4263,1766)* s1=PALM(118,1501)* [filtered=1355]
cnt=2 s0=PALM(4264,1766)* s1=PALM(118,1502)* [filtered=1356]
cnt=2 s0=PALM(4264,1766)* s1=PALM(118,1502)* [filtered=1357]
cnt=2 s0=PALM(4264,1766)* s1=PALM(119,1502)* [filtered=1358]
cnt=2 s0=PALM(4265,1766)* s1=PALM(119,1503)* [filtered=1359]
cnt=2 s0=PALM(4265,1766)* s1=PALM(120,1503)* [filtered=1360]
cnt=2 s0=PALM(4265,1766)* s1=PALM(120,1503)* [filtered=1361]
cnt=2 s0=PALM(4266,1766)* s1=PALM(120,1504)* [filtered=1362]
cnt=2 s0=PALM(4267,1766)* s1=PALM(121,1504)* [filtered=1363]
cnt=2 s0=PALM(4267,1766)* s1=PALM(121,1504)* [filtered=1364]
cnt=2 s0=PALM(4267,1766)* s1=PALM(121,1504)* [filtered=1365]
cnt=2 s0=PALM(4268,1767)* s1=PALM(122,1504)* [filtered=1366]
cnt=2 s0=PALM(4268,1767)* s1=PALM(122,1504)* [filtered=1367]
cnt=2 s0=PALM(4268,1767)* s1=PALM(122,1504)* [filtered=1368]
cnt=2 s0=PALM(4269,1767)* s1=PALM(123,1504)* [filtered=1369]
cnt=2 s0=PALM(4269,1767)* s1=PALM(124,1504)* [filtered=1370]
cnt=2 s0=PALM(4269,1767)* s1=PALM(125,1504)* [filtered=1371]
cnt=2 s0=PALM(4270,1767)* s1=PALM(126,1504)* [filtered=1372]
cnt=2 s0=PALM(4270,1767)* s1=PALM(126,1504)* [filtered=1373]
cnt=2 s0=PALM(4270,1767)* s1=PALM(127,1504)* [filtered=1374]
cnt=2 s0=PALM(4271,1767)* s1=PALM(128,1504)* [filtered=1375]
cnt=2 s0=PALM(4271,1767)* s1=PALM(129,1504)* [filtered=1376]
cnt=2 s0=PALM(4271,1767)* s1=PALM(129,1504)* [filtered=1377]
cnt=2 s0=PALM(4271,1767)* s1=PALM(130,1504)* [filtered=1378]
cnt=2 s0=PALM(4271,1767)* s1=PALM(131,1504)* [filtered=1379]
cnt=2 s0=PALM(4271,1767)* s1=PALM(131,1504)* [filtered=1380]
cnt=2 s0=PALM(4272,1767)* s1=PALM(132,1505)* [filtered=1381]
cnt=2 s0=PALM(4272,1767)* s1=PALM(133,1505)* [filtered=1382]
cnt=2 s0=PALM(4272,1767)* s1=PALM(134,1505)* [filtered=1383]
cnt=2 s0=PALM(4272,1767)* s1=PALM(135,1505)* [filtered=1384]
cnt=2 s0=PALM(4273,1767)* s1=PALM(136,1505)* [filtered=1385]
cnt=2 s0=PALM(4273,1767)* s1=PALM(136,1505)* [filtered=1386]
cnt=2 s0=PALM(4273,1767)* s1=PALM(137,1505)* [filtered=1387]
cnt=2 s0=PALM(4274,1767)* s1=PALM(138,1505)* [filtered=1388]
cnt=2 s0=PALM(4274,1767)* s1=PALM(138,1505)* [filtered=1389]
cnt=2 s0=PALM(4274,1767)* s1=PALM(139,1505)* [filtered=1390]
cnt=2 s0=PALM(4275,1767)* s1=PALM(141,1505)* [filtered=1391]
cnt=2 s0=PALM(4275,1767)* s1=PALM(142,1505)* [filtered=1392]
cnt=2 s0=PALM(4276,1767)* s1=PALM(143,1506)* [filtered=1393]
cnt=2 s0=PALM(4276,1767)* s1=PALM(145,1506)* [filtered=1394]
cnt=2 s0=PALM(4276,1767)* s1=PALM(146,1506)* [filtered=1395]
cnt=2 s0=PALM(4277,1768)* s1=PALM(147,1507)* [filtered=1396]
cnt=2 s0=PALM(4277,1769)* s1=PALM(149,1507)* [filtered=1397]
cnt=2 s0=PALM(4277,1769)* s1=PALM(150,1507)* [filtered=1398]
cnt=2 s0=PALM(4278,1769)* s1=PALM(152,1508)* [filtered=1399]
cnt=2 s0=PALM(4278,1770)* s1=PALM(154,1509)* [filtered=1400]
cnt=2 s0=PALM(4279,1770)* s1=PALM(156,1509)* [filtered=1401]
cnt=2 s0=PALM(4280,1770)* s1=PALM(157,1509)* [filtered=1402]
cnt=2 s0=PALM(4281,1771)* s1=PALM(160,1510) [filtered=1403]
cnt=2 s0=PALM(4282,1772)* s1=PALM(161,1511) [filtered=1404]
cnt=2 s0=PALM(4282,1772)* s1=PALM(162,1512) [filtered=1405]
cnt=2 s0=PALM(4283,1772)* s1=PALM(163,1513) [filtered=1406]
cnt=2 s0=PALM(4284,1773)* s1=PALM(165,1514) [filtered=1407]
cnt=2 s0=PALM(4284,1773)* s1=PALM(166,1514) [filtered=1408]
cnt=2 s0=PALM(4285,1773)* s1=PALM(168,1514) [filtered=1409]
cnt=2 s0=PALM(4286,1774)* s1=PALM(170,1515) [filtered=1410]
cnt=2 s0=PALM(4286,1774)* s1=PALM(171,1515) [filtered=1411]
cnt=2 s0=PALM(4287,1774)* s1=PALM(172,1516) [filtered=1412]
cnt=2 s0=PALM(4288,1775)* s1=PALM(174,1516) [filtered=1413]
cnt=2 s0=PALM(4289,1775)* s1=PALM(175,1516) [filtered=1414]
cnt=2 s0=PALM(4290,1776)* s1=PALM(177,1517) [filtered=1415]
cnt=2 s0=PALM(4291,1776)* s1=PALM(179,1517) [filtered=1416]
cnt=2 s0=PALM(4291,1776)* s1=PALM(180,1517) [filtered=1417]
cnt=2 s0=PALM(4292,1777)* s1=PALM(181,1518) [filtered=1418]
cnt=2 s0=PALM(4293,1778)* s1=PALM(183,1519) [filtered=1419]
cnt=2 s0=PALM(4293,1778)* s1=PALM(184,1519) [filtered=1420]
cnt=2 s0=PALM(4294,1779)* s1=PALM(186,1520) [filtered=1421]
cnt=2 s0=PALM(4295,1780)* s1=PALM(188,1521) [filtered=1422]
cnt=2 s0=PALM(4296,1781)* s1=PALM(189,1521) [filtered=1423]
cnt=2 s0=PALM(4297,1782)* s1=PALM(190,1522) [filtered=1424]
cnt=2 s0=fng (4299,1784) s1=PALM(192,1524) [filtered=1425]
cnt=2 s0=fng (4300,1785) s1=PALM(193,1525) [filtered=1426]
cnt=2 s0=fng (4301,1786) s1=PALM(195,1527) [filtered=1427]
cnt=2 s0=fng (4303,1788) s1=PALM(198,1530) [filtered=1428]
cnt=2 s0=fng (4304,1789) s1=PALM(200,1532) [filtered=1429]
cnt=2 s0=fng (4306,1791) s1=PALM(203,1535) [filtered=1430]
cnt=2 s0=fng (4308,1794) s1=PALM(206,1539) [filtered=1431]
cnt=2 s0=fng (4309,1795) s1=PALM(208,1542) [filtered=1432]
cnt=2 s0=fng (4311,1798) s1=PALM(211,1548) [filtered=1433]
cnt=2 s0=fng (4314,1801) s1=PALM(214,1555) [filtered=1434]
cnt=2 s0=fng (4315,1803) s1=PALM(216,1562) [filtered=1435]
cnt=2 s0=fng (4317,1806) s1=PALM(219,1571) [filtered=1436]
cnt=2 s0=fng (4320,1809) s1=PALM(222,1581) [filtered=1437]
cnt=2 s0=fng (4322,1811) s1=PALM(224,1590) [filtered=1438]
cnt=2 s0=fng (4324,1814) s1=PALM(227,1601) [filtered=1439]
cnt=2 s0=fng (4327,1818) s1=PALM(230,1613) [filtered=1440]
cnt=2 s0=fng (4329,1821) s1=PALM(232,1624) [filtered=1441]
cnt=2 s0=fng (4332,1825) s1=PALM(235,1637) [filtered=1442]
cnt=2 s0=fng (4335,1829) s1=PALM(238,1650) [filtered=1443]
cnt=2 s0=fng (4337,1832) s1=PALM(240,1662) [filtered=1444]
cnt=2 s0=fng (4339,1837) s1=PALM(243,1676) [filtered=1445]
cnt=2 s0=fng (4341,1841) s1=PALM(245,1689) [filtered=1446]
cnt=2 s0=fng (4343,1845) s1=PALM(247,1701) [filtered=1447]
cnt=2 s0=fng (4345,1849) s1=PALM(249,1713) [filtered=1448]
cnt=2 s0=fng (4347,1853) s1=PALM(252,1725) [filtered=1449]
cnt=2 s0=fng (4348,1859) s1=PALM(256,1738) [filtered=1450]
cnt=2 s0=fng (4349,1864) s1=PALM(259,1751) [filtered=1451]
cnt=2 s0=fng (4350,1871) s1=PALM(263,1765) [filtered=1452]
cnt=2 s0=fng (4351,1877) s1=PALM(266,1779) [filtered=1453]
cnt=2 s0=fng (4352,1883) s1=PALM(270,1793) [filtered=1454]
cnt=2 s0=fng (4353,1889) s1=PALM(273,1807) [filtered=1455]
cnt=2 s0=fng (4354,1896) s1=PALM(276,1821) [filtered=1456]
cnt=2 s0=fng (4355,1903) s1=PALM(279,1835) [filtered=1457]
cnt=2 s0=fng (4356,1911) s1=PALM(282,1849) [filtered=1458]
cnt=2 s0=fng (4356,1919) s1=PALM(285,1863) [filtered=1459]
cnt=2 s0=fng (4357,1927) s1=fng (288,1877) [filtered=1459]
cnt=2 s0=fng (4358,1938) s1=fng (291,1891) [filtered=1459]
cnt=2 s0=fng (4358,1948) s1=fng (293,1905) [filtered=1459]
cnt=2 s0=fng (4358,1958) s1=fng (295,1919) [filtered=1459]
cnt=2 s0=fng (4358,1968) s1=fng (297,1933) [filtered=1459]
cnt=2 s0=fng (4359,1979) s1=fng (299,1947) [filtered=1459]
cnt=2 s0=fng (4360,1992) s1=fng (302,1961) [filtered=1459]
cnt=2 s0=fng (4360,2004) s1=fng (304,1975) [filtered=1459]
cnt=2 s0=fng (4360,2016) s1=fng (306,1988) [filtered=1459]
cnt=2 s0=fng (4360,2028) s1=fng (308,2001) [filtered=1459]
cnt=2 s0=fng (4361,2040) s1=fng (309,2014) [filtered=1459]
cnt=2 s0=fng (4361,2052) s1=fng (309,2027) [filtered=1459]
cnt=2 s0=fng (4361,2064) s1=fng (310,2039) [filtered=1459]
cnt=2 s0=fng (4362,2076) s1=fng (311,2051) [filtered=1459]
cnt=2 s0=fng (4362,2088) s1=fng (312,2063) [filtered=1459]
cnt=2 s0=PALM(4362,2100) s1=fng (312,2074) [filtered=1460]
cnt=2 s0=PALM(4363,2112) s1=fng (312,2085) [filtered=1461]
cnt=2 s0=PALM(4363,2124) s1=fng (312,2096) [filtered=1462]
cnt=2 s0=PALM(4364,2135) s1=PALM(312,2106) [filtered=1463]
cnt=2 s0=PALM(4364,2146) s1=PALM(312,2116) [filtered=1464]
cnt=2 s0=PALM(4364,2157) s1=PALM(312,2126) [filtered=1465]
cnt=2 s0=PALM(4365,2167) s1=PALM(311,2135) [filtered=1466]
cnt=2 s0=PALM(4365,2177) s1=PALM(311,2144) [filtered=1467]
cnt=2 s0=PALM(4365,2187) s1=PALM(310,2152) [filtered=1468]
cnt=2 s0=PALM(4366,2197) s1=PALM(309,2160) [filtered=1469]
cnt=2 s0=PALM(4366,2207) s1=PALM(308,2168) [filtered=1470]
cnt=2 s0=PALM(4366,2216) s1=PALM(307,2176) [filtered=1471]
cnt=2 s0=PALM(4367,2224) s1=PALM(305,2183) [filtered=1472]
cnt=2 s0=PALM(4367,2232) s1=PALM(304,2190) [filtered=1473]
cnt=2 s0=PALM(4368,2240) s1=PALM(303,2196) [filtered=1474]
cnt=2 s0=PALM(4369,2248) s1=PALM(301,2202) [filtered=1475]
cnt=2 s0=PALM(4369,2256) s1=PALM(300,2208) [filtered=1476]
cnt=2 s0=PALM(4370,2263) s1=PALM(298,2213) [filtered=1477]
cnt=2 s0=PALM(4370,2270) s1=PALM(297,2218) [filtered=1478]
cnt=2 s0=PALM(4371,2276) s1=PALM(295,2222) [filtered=1479]
cnt=2 s0=PALM(4372,2282) s1=PALM(292,2226) [filtered=1480]
cnt=2 s0=PALM(4373,2288) s1=PALM(290,2230) [filtered=1481]
cnt=2 s0=PALM(4374,2294) s1=PALM(287,2234) [filtered=1482]
cnt=2 s0=PALM(4375,2300) s1=PALM(285,2237) [filtered=1483]
cnt=2 s0=PALM(4375,2306) s1=PALM(284,2240) [filtered=1484]
cnt=2 s0=PALM(4376,2311) s1=PALM(282,2242) [filtered=1485]
cnt=2 s0=PALM(4377,2315) s1=PALM(280,2244) [filtered=1486]
cnt=2 s0=PALM(4377,2319) s1=PALM(279,2246) [filtered=1487]
cnt=2 s0=PALM(4377,2323) s1=PALM(278,2248) [filtered=1488]
cnt=2 s0=PALM(4378,2326) s1=PALM(276,2250) [filtered=1489]
cnt=2 s0=PALM(4378,2329) s1=PALM(275,2252) [filtered=1490]
cnt=2 s0=PALM(4378,2331) s1=PALM(273,2253) [filtered=1491]
cnt=2 s0=PALM(4378,2333) s1=PALM(271,2254) [filtered=1492]
cnt=2 s0=PALM(4378,2335) s1=PALM(270,2255) [filtered=1493]
cnt=2 s0=PALM(4378,2336) s1=PALM(269,2255) [filtered=1494]
cnt=2 s0=PALM(4378,2336) s1=PALM(268,2255) [filtered=1495]
cnt=2 s0=PALM(4378,2336) s1=PALM(267,2255) [filtered=1496]
cnt=2 s0=PALM(4378,2336) s1=PALM(266,2255) [filtered=1497]
cnt=2 s0=PALM(4378,2336) s1=PALM(265,2255) [filtered=1498]
cnt=2 s0=PALM(4378,2336) s1=PALM(264,2255) [filtered=1499]
cnt=2 s0=PALM(4378,2336) s1=PALM(263,2255) [filtered=1500]
cnt=2 s0=PALM(4378,2336) s1=PALM(262,2255) [filtered=1501]
cnt=2 s0=PALM(4378,2336) s1=PALM(262,2255) [filtered=1502]
cnt=2 s0=PALM(4378,2336) s1=PALM(261,2255) [filtered=1503]
cnt=2 s0=PALM(4378,2336) s1=PALM(260,2255) [filtered=1504]
cnt=2 s0=PALM(4378,2336) s1=PALM(259,2255) [filtered=1505]
cnt=2 s0=PALM(4378,2336) s1=PALM(259,2255) [filtered=1506]
cnt=2 s0=PALM(4378,2336) s1=PALM(258,2255) [filtered=1507]
cnt=2 s0=PALM(4378,2336) s1=PALM(258,2255) [filtered=1508]
cnt=2 s0=PALM(4378,2333) s1=PALM(258,2255) [filtered=1509]
cnt=2 s0=PALM(4378,2330) s1=PALM(257,2255) [filtered=1510]
cnt=2 s0=PALM(4378,2327) s1=PALM(257,2255) [filtered=1511]
cnt=2 s0=PALM(4378,2324) s1=PALM(257,2255) [filtered=1512]
cnt=2 s0=PALM(4377,2321) s1=PALM(256,2255) [filtered=1513]
cnt=2 s0=PALM(4377,2318) s1=PALM(256,2255) [filtered=1514]
cnt=2 s0=PALM(4377,2315) s1=PALM(255,2255) [filtered=1515]
cnt=2 s0=PALM(4376,2313) s1=PALM(255,2255) [filtered=1516]
cnt=2 s0=PALM(4376,2313) s1=PALM(255,2255) [filtered=1517]
cnt=2 s0=PALM(4375,2311) s1=PALM(254,2255) [filtered=1518]
cnt=2 s0=PALM(4375,2310) s1=PALM(254,2255)* [filtered=1519]
cnt=2 s0=PALM(4375,2309) s1=PALM(254,2255)* [filtered=1520]
cnt=2 s0=PALM(4374,2307) s1=PALM(253,2255)* [filtered=1521]
cnt=2 s0=PALM(4374,2306) s1=PALM(253,2255)* [filtered=1522]
cnt=2 s0=PALM(4374,2305) s1=PALM(252,2255)* [filtered=1523]
cnt=2 s0=PALM(4373,2303) s1=PALM(251,2255)* [filtered=1524]
cnt=2 s0=PALM(4373,2302) s1=PALM(250,2255)* [filtered=1525]
cnt=2 s0=PALM(4373,2301) s1=PALM(249,2255)* [filtered=1526]
cnt=2 s0=PALM(4372,2299) s1=PALM(249,2255)* [filtered=1527]
cnt=2 s0=PALM(4372,2298) s1=PALM(249,2255)* [filtered=1528]
cnt=2 s0=PALM(4371,2297) s1=PALM(248,2255)* [filtered=1529]
cnt=2 s0=PALM(4371,2295) s1=PALM(248,2255)* [filtered=1530]
cnt=2 s0=PALM(4371,2294) s1=PALM(248,2255)* [filtered=1531]
cnt=2 s0=PALM(4370,2292) s1=PALM(247,2255)* [filtered=1532]
cnt=2 s0=PALM(4370,2289) s1=PALM(246,2255)* [filtered=1533]
cnt=2 s0=PALM(4370,2288) s1=PALM(246,2255)* [filtered=1534]
cnt=2 s0=PALM(4369,2286) s1=PALM(246,2255)* [filtered=1535]
cnt=2 s0=PALM(4369,2285) s1=PALM(246,2255)* [filtered=1536]
cnt=2 s0=PALM(4369,2282) s1=PALM(246,2255)* [filtered=1537]
cnt=2 s0=PALM(4368,2278) s1=PALM(246,2255)* [filtered=1538]
cnt=2 s0=PALM(4368,2275) s1=PALM(246,2255)* [filtered=1539]
cnt=2 s0=PALM(4367,2270) s1=PALM(246,2255)* [filtered=1540]
cnt=2 s0=PALM(4367,2266) s1=PALM(246,2255)* [filtered=1541]
cnt=2 s0=PALM(4366,2259) s1=PALM(246,2255)* [filtered=1542]
cnt=2 s0=PALM(4365,2251) s1=PALM(246,2255)* [filtered=1543]
cnt=2 s0=PALM(4365,2244) s1=PALM(246,2255)* [filtered=1544]
cnt=2 s0=PALM(4364,2234) s1=PALM(246,2252)* [filtered=1545]
cnt=2 s0=PALM(4362,2222) s1=PALM(246,2248) [filtered=1546]
cnt=2 s0=PALM(4361,2210) s1=PALM(246,2244) [filtered=1547]
cnt=2 s0=PALM(4360,2197) s1=PALM(246,2240) [filtered=1548]
cnt=2 s0=PALM(4358,2182) s1=PALM(246,2235) [filtered=1549]
cnt=2 s0=PALM(4357,2167) s1=PALM(246,2230) [filtered=1550]
cnt=2 s0=PALM(4355,2150) s1=PALM(247,2223) [filtered=1551]
cnt=2 s0=PALM(4354,2134) s1=PALM(247,2217) [filtered=1552]
cnt=2 s0=PALM(4351,2116) s1=PALM(248,2210) [filtered=1553]
cnt=2 s0=fng (4348,2097) s1=PALM(248,2202) [filtered=1554]
cnt=2 s0=fng (4346,2079) s1=PALM(248,2195) [filtered=1555]
cnt=2 s0=fng (4343,2059) s1=PALM(249,2186) [filtered=1556]
cnt=2 s0=fng (4341,2040) s1=PALM(249,2177) [filtered=1557]
cnt=2 s0=fng (4337,2019) s1=PALM(250,2167) [filtered=1558]
cnt=2 s0=fng (4332,1997) s1=PALM(251,2156) [filtered=1559]
cnt=2 s0=fng (4328,1976) s1=PALM(251,2145) [filtered=1560]
cnt=2 s0=fng (4323,1954) s1=PALM(252,2133) [filtered=1561]
cnt=2 s0=fng (4318,1932) s1=PALM(253,2121) [filtered=1562]
cnt=2 s0=fng (4313,1911) s1=PALM(254,2109) [filtered=1563]
cnt=2 s0=fng (4309,1890) s1=PALM(254,2097) [filtered=1564]
cnt=2 s0=fng (4303,1867) s1=PALM(254,2084) [filtered=1565]
cnt=2 s0=fng (4298,1845) s1=PALM(254,2072) [filtered=1566]
cnt=2 s0=fng (4294,1826) s1=PALM(255,2061) [filtered=1567]
cnt=2 s0=fng (4289,1807) s1=PALM(256,2050) [filtered=1568]
cnt=2 s0=fng (4285,1789) s1=PALM(257,2040) [filtered=1569]
cnt=2 s0=fng (4281,1771) s1=PALM(258,2028) [filtered=1570]
cnt=2 s0=fng (4277,1753) s1=PALM(259,2017) [filtered=1571]
cnt=2 s0=fng (4273,1735) s1=PALM(261,2004) [filtered=1572]
cnt=2 s0=fng (4268,1717) s1=PALM(263,1991) [filtered=1573]
cnt=2 s0=fng (4264,1699) s1=PALM(264,1979) [filtered=1574]
cnt=2 s0=fng (4259,1681) s1=PALM(267,1966) [filtered=1575]
cnt=2 s0=fng (4255,1663) s1=PALM(269,1954) [filtered=1576]
cnt=2 s0=fng (4250,1645) s1=PALM(271,1942) [filtered=1577]
cnt=2 s0=fng (4245,1628) s1=PALM(274,1929) [filtered=1578]
cnt=2 s0=fng (4241,1611) s1=PALM(276,1917) [filtered=1579]
cnt=2 s0=fng (4236,1595) s1=PALM(278,1905) [filtered=1580]
cnt=2 s0=fng (4232,1579) s1=PALM(280,1893) [filtered=1581]
cnt=2 s0=fng (4228,1563) s1=PALM(282,1881) [filtered=1582]
cnt=2 s0=fng (4223,1547) s1=PALM(285,1869) [filtered=1583]
cnt=2 s0=fng (4219,1531) s1=fng (289,1856) [filtered=1583]
cnt=2 s0=fng (4216,1515) s1=fng (293,1844) [filtered=1583]
cnt=2 s0=fng (4212,1498) s1=fng (297,1829) [filtered=1583]
cnt=2 s0=fng (4209,1481) s1=fng (300,1815) [filtered=1583]
cnt=2 s0=fng (4206,1467) s1=fng (304,1803) [filtered=1583]
cnt=2 s0=fng (4202,1453) s1=fng (308,1791) [filtered=1583]
cnt=2 s0=fng (4199,1439) s1=fng (311,1779) [filtered=1583]
cnt=2 s0=fng (4197,1426) s1=fng (315,1767) [filtered=1583]
cnt=2 s0=fng (4195,1413) s1=fng (318,1755) [filtered=1583]
cnt=2 s0=fng (4193,1401) s1=fng (321,1743) [filtered=1583]
cnt=2 s0=fng (4191,1389) s1=fng (324,1731) [filtered=1583]
cnt=2 s0=fng (4189,1378) s1=fng (327,1719) [filtered=1583]
cnt=2 s0=fng (4187,1367) s1=fng (330,1707) [filtered=1583]
cnt=2 s0=fng (4185,1356) s1=fng (333,1695) [filtered=1583]
cnt=2 s0=fng (4183,1344) s1=fng (337,1683) [filtered=1583]
cnt=2 s0=fng (4181,1332) s1=fng (340,1671) [filtered=1583]
cnt=2 s0=fng (4179,1320) s1=fng (344,1658) [filtered=1583]
cnt=2 s0=fng (4177,1308) s1=fng (348,1645) [filtered=1583]
cnt=2 s0=fng (4176,1296) s1=fng (352,1631) [filtered=1583]
cnt=2 s0=fng (4175,1284) s1=fng (357,1617) [filtered=1583]
cnt=2 s0=fng (4175,1272) s1=fng (361,1603) [filtered=1583]
cnt=2 s0=fng (4174,1260) s1=fng (365,1589) [filtered=1583]
cnt=2 s0=fng (4173,1248) s1=fng (369,1575) [filtered=1583]
cnt=2 s0=fng (4172,1236) s1=fng (373,1560) [filtered=1583]
cnt=2 s0=fng (4171,1224) s1=fng (377,1545) [filtered=1583]
cnt=2 s0=fng (4170,1212) s1=fng (381,1529) [filtered=1583]
cnt=2 s0=fng (4169,1200) s1=fng (385,1513) [filtered=1583]
cnt=2 s0=fng (4168,1188) s1=fng (389,1497) [filtered=1583]
cnt=2 s0=fng (4167,1176) s1=fng (393,1481) [filtered=1583]
cnt=2 s0=fng (4166,1164) s1=fng (398,1463) [filtered=1583]
cnt=2 s0=fng (4166,1152) s1=fng (403,1445) [filtered=1583]
cnt=2 s0=fng (4166,1140) s1=fng (409,1427) [filtered=1583]
cnt=2 s0=fng (4165,1127) s1=fng (416,1408) [filtered=1583]
cnt=2 s0=fng (4165,1114) s1=fng (422,1389) [filtered=1583]
cnt=2 s0=fng (4165,1101) s1=fng (428,1369) [filtered=1583]
cnt=2 s0=fng (4165,1088) s1=fng (434,1349) [filtered=1583]
cnt=2 s0=fng (4166,1076) s1=fng (440,1329) [filtered=1583]
cnt=2 s0=fng (4166,1064) s1=fng (446,1309) [filtered=1583]
cnt=2 s0=fng (4167,1052) s1=fng (452,1289) [filtered=1583]
cnt=2 s0=fng (4167,1040) s1=fng (458,1269) [filtered=1583]
cnt=2 s0=fng (4168,1028) s1=fng (464,1249) [filtered=1583]
cnt=2 s0=fng (4169,1016) s1=fng (470,1229) [filtered=1583]
cnt=2 s0=fng (4170,1004) s1=fng (476,1209) [filtered=1583]
cnt=2 s0=fng (4173,992) s1=fng (482,1189) [filtered=1583]
cnt=2 s0=fng (4174,980) s1=fng (488,1169) [filtered=1583]
cnt=2 s0=fng (4177,968) s1=fng (494,1149) [filtered=1583]
cnt=2 s0=fng (4179,956) s1=fng (500,1129) [filtered=1583]
cnt=2 s0=fng (4182,944) s1=fng (505,1110) [filtered=1583]
cnt=2 s0=fng (4184,932) s1=fng (510,1091) [filtered=1583]
cnt=2 s0=fng (4187,921) s1=fng (514,1073) [filtered=1583]
cnt=2 s0=fng (4189,910) s1=fng (518,1055) [filtered=1583]
cnt=2 s0=fng (4193,900) s1=fng (522,1037) [filtered=1583]
cnt=2 s0=fng (4196,890) s1=fng (526,1019) [filtered=1583]
cnt=2 s0=fng (4199,880) s1=fng (529,1003) [filtered=1583]
cnt=2 s0=fng (4204,872) s1=fng (531,987) [filtered=1583]
cnt=2 s0=fng (4208,864) s1=fng (533,971) [filtered=1583]
cnt=2 s0=fng (4213,857) s1=fng (535,956) [filtered=1583]
cnt=2 s0=fng (4217,850) s1=fng (537,941) [filtered=1583]
cnt=2 s0=fng (4221,844) s1=fng (539,927) [filtered=1583]
cnt=2 s0=fng (4226,840) s1=fng (541,915) [filtered=1583]
cnt=2 s0=fng (4230,836) s1=fng (543,903) [filtered=1583]
cnt=2 s0=fng (4234,832) s1=fng (544,893) [filtered=1583]
cnt=2 s0=fng (4238,828) s1=fng (545,883) [filtered=1583]
cnt=2 s0=fng (4242,826) s1=fng (545,874) [filtered=1583]
cnt=2 s0=fng (4246,824) s1=fng (545,865) [filtered=1583]
cnt=2 s0=fng (4249,823) s1=fng (545,857) [filtered=1583]
cnt=2 s0=fng (4252,823) s1=fng (545,851) [filtered=1583]
cnt=2 s0=fng (4255,823) s1=fng (545,845) [filtered=1583]
cnt=2 s0=fng (4258,823) s1=fng (545,840) [filtered=1583]
cnt=2 s0=fng (4261,823) s1=fng (545,835) [filtered=1583]
cnt=2 s0=fng (4263,823) s1=fng (545,831) [filtered=1583]
cnt=2 s0=fng (4265,823) s1=fng (545,828) [filtered=1583]
cnt=2 s0=fng (4267,823) s1=fng (545,825) [filtered=1583]
cnt=2 s0=fng (4269,823) s1=fng (545,823) [filtered=1583]
cnt=2 s0=fng (4271,823) s1=fng (545,821) [filtered=1583]
cnt=2 s0=fng (4273,823) s1=fng (545,820) [filtered=1583]
cnt=2 s0=fng (4274,823) s1=fng (545,820) [filtered=1583]
cnt=2 s0=fng (4273,823) s1=fng (545,820) [filtered=1583]
cnt=2 s0=fng (4275,826) s1=fng (542,820) [filtered=1583]
cnt=2 s0=fng (4276,829) s1=fng (539,820) [filtered=1583]
cnt=2 s0=fng (4279,832) s1=fng (536,820) [filtered=1583]
cnt=2 s0=fng (4282,836) s1=fng (533,820) [filtered=1583]
cnt=2 s0=fng (4284,840) s1=fng (530,820) [filtered=1583]
cnt=2 s0=fng (4286,845) s1=fng (527,823) [filtered=1583]
cnt=2 s0=fng (4289,850) s1=fng (524,826) [filtered=1583]
cnt=2 s0=fng (4291,855) s1=fng (524,829) [filtered=1583]
cnt=2 s0=fng (4293,861) s1=fng (522,833) [filtered=1583]
cnt=2 s0=fng (4295,867) s1=fng (521,837) [filtered=1583]
cnt=2 s0=fng (4297,874) s1=fng (519,841) [filtered=1583]
cnt=2 s0=fng (4300,882) s1=fng (516,846) [filtered=1583]
cnt=2 s0=fng (4302,890) s1=fng (514,851) [filtered=1583]
cnt=2 s0=fng (4304,899) s1=fng (511,856) [filtered=1583]
cnt=2 s0=fng (4306,908) s1=fng (509,861) [filtered=1583]
cnt=2 s0=fng (4309,919) s1=fng (506,867) [filtered=1583]
cnt=2 s0=fng (4311,930) s1=fng (504,873) [filtered=1583]
cnt=2 s0=fng (4315,942) s1=fng (500,880) [filtered=1583]
cnt=2 s0=fng (4320,956) s1=fng (495,889) [filtered=1583]
cnt=2 s0=fng (4324,970) s1=fng (491,898) [filtered=1583]
cnt=2 s0=fng (4329,986) s1=fng (485,908) [filtered=1583]
cnt=2 s0=fng (4334,1003) s1=fng (479,919) [filtered=1583]
cnt=2 s0=fng (4338,1020) s1=fng (473,930) [filtered=1583]
cnt=2 s0=fng (4343,1037) s1=fng (467,941) [filtered=1583]
cnt=2 s0=fng (4347,1054) s1=fng (462,952) [filtered=1583]
cnt=2 s0=fng (4351,1072) s1=fng (457,963) [filtered=1583]
cnt=2 s0=fng (4356,1091) s1=fng (451,974) [filtered=1583]
cnt=2 s0=fng (4360,1109) s1=fng (446,985) [filtered=1583]
cnt=2 s0=fng (4364,1128) s1=fng (441,997) [filtered=1583]
cnt=2 s0=fng (4368,1146) s1=fng (436,1009) [filtered=1583]
cnt=2 s0=fng (4372,1164) s1=fng (432,1021) [filtered=1583]
cnt=2 s0=fng (4377,1183) s1=fng (426,1034) [filtered=1583]
cnt=2 s0=fng (4381,1202) s1=fng (421,1047) [filtered=1583]
cnt=2 s0=fng (4385,1221) s1=fng (416,1060) [filtered=1583]
cnt=2 s0=fng (4390,1240) s1=fng (410,1074) [filtered=1583]
cnt=2 s0=fng (4394,1259) s1=fng (405,1088) [filtered=1583]
cnt=2 s0=fng (4398,1277) s1=fng (399,1103) [filtered=1583]
cnt=2 s0=fng (4403,1295) s1=fng (393,1118) [filtered=1583]
cnt=2 s0=fng (4407,1312) s1=fng (388,1133) [filtered=1583]
cnt=2 s0=fng (4411,1330) s1=fng (381,1148) [filtered=1583]
cnt=2 s0=fng (4415,1347) s1=fng (375,1163) [filtered=1583]
cnt=2 s0=fng (4419,1364) s1=fng (369,1178) [filtered=1583]
cnt=2 s0=fng (4424,1382) s1=fng (362,1194) [filtered=1583]
cnt=2 s0=fng (4428,1399) s1=fng (356,1210) [filtered=1583]
cnt=2 s0=fng (4434,1416) s1=fng (350,1226) [filtered=1583]
cnt=2 s0=fng (4440,1434) s1=fng (343,1242) [filtered=1583]
cnt=2 s0=fng (4445,1451) s1=fng (337,1258) [filtered=1583]
cnt=2 s0=fng (4452,1467) s1=fng (330,1274) [filtered=1583]
cnt=2 s0=fng (4459,1482) s1=fng (322,1291) [filtered=1583]
cnt=2 s0=fng (4465,1497) s1=fng (315,1307) [filtered=1583]
cnt=2 s0=fng (4472,1512) s1=fng (307,1322) [filtered=1583]
cnt=2 s0=PALM(4479,1526) s1=fng (299,1338) [filtered=1584]
cnt=2 s0=PALM(4487,1540) s1=fng (291,1353) [filtered=1585]
cnt=2 s0=PALM(4494,1553) s1=PALM(283,1367) [filtered=1586]
cnt=2 s0=PALM(4503,1566) s1=PALM(274,1384) [filtered=1587]
cnt=2 s0=PALM(4512,1579) s1=PALM(265,1400) [filtered=1588]
cnt=2 s0=PALM(4522,1590) s1=PALM(256,1416) [filtered=1589]
cnt=2 s0=PALM(4531,1600) s1=PALM(247,1431) [filtered=1590]
cnt=2 s0=PALM(4540,1610) s1=PALM(238,1445) [filtered=1591]
cnt=2 s0=PALM(4550,1619) s1=PALM(229,1459) [filtered=1592]
cnt=2 s0=PALM(4560,1628) s1=PALM(220,1474) [filtered=1593]
cnt=2 s0=PALM(4569,1636) s1=PALM(212,1488) [filtered=1594]
cnt=2 s0=PALM(4578,1643) s1=PALM(204,1501) [filtered=1595]
cnt=2 s0=PALM(4587,1651) s1=PALM(195,1515) [filtered=1596]
cnt=2 s0=PALM(4597,1659) s1=PALM(187,1529) [filtered=1597]
cnt=2 s0=PALM(4611,1667) s1=PALM(180,1542) [filtered=1598]
cnt=2 s0=PALM(4611,1667) s1=PALM(174,1555) [filtered=1599]
cnt=1 s1=fng (174,1555) [filtered=1599]
cnt=1 s1=fng (169,1567) [filtered=1599]
cnt=1 s1=fng (164,1577) [filtered=1599]
cnt=1 s1=fng (159,1585) [filtered=1599]
cnt=1 s1=fng (154,1592) [filtered=1599]
cnt=1 s1=fng (149,1597) [filtered=1599]
cnt=1 s1=fng (145,1600) [filtered=1599]
cnt=1 s1=fng (140,1601) [filtered=1599]
cnt=1 s1=fng (140,1601) [filtered=1599]
cnt=1 s0=fng (4563,2221) [filtered=1599]
cnt=1 s0=fng (4563,2221) [filtered=1599]
cnt=1 s0=fng (4563,2221) [filtered=1599]
cnt=1 s0=fng (4563,2221) [filtered=1599]
cnt=1 s0=fng (4563,2221) [filtered=1599]
cnt=1 s0=fng (4558,2219) [filtered=1599]
cnt=1 s0=fng (4555,2218) [filtered=1599]
cnt=1 s0=fng (4547,2215) [filtered=1599]
cnt=1 s0=fng (4536,2211) [filtered=1599]
cnt=1 s0=fng (4526,2208) [filtered=1599]
cnt=1 s0=fng (4514,2204) [filtered=1599]
cnt=1 s0=fng (4502,2200) [filtered=1599]
cnt=1 s0=fng (4491,2197) [filtered=1599]
cnt=2 s0=PALM(4481,2194) s1=PALM(271,2500) [filtered=1600]
cnt=2 s0=PALM(4470,2192) s1=PALM(271,2500) [filtered=1601]
cnt=2 s0=PALM(4460,2190) s1=PALM(271,2500) [filtered=1602]
cnt=2 s0=PALM(4451,2188) s1=PALM(271,2500) [filtered=1603]
cnt=2 s0=PALM(4442,2186) s1=PALM(271,2500) [filtered=1604]
cnt=2 s0=PALM(4434,2185) s1=PALM(271,2500) [filtered=1605]
cnt=2 s0=PALM(4427,2185) s1=PALM(271,2500) [filtered=1606]
cnt=2 s0=PALM(4420,2185) s1=PALM(271,2500) [filtered=1607]
cnt=2 s0=PALM(4414,2185) s1=PALM(271,2500) [filtered=1608]
cnt=2 s0=PALM(4410,2185) s1=PALM(271,2500) [filtered=1609]
cnt=2 s0=PALM(4406,2185) s1=PALM(271,2500) [filtered=1610]
cnt=2 s0=PALM(4402,2185) s1=PALM(271,2500) [filtered=1611]
cnt=2 s0=PALM(4399,2185) s1=PALM(271,2500) [filtered=1612]
cnt=2 s0=PALM(4396,2185) s1=PALM(271,2500) [filtered=1613]
cnt=2 s0=PALM(4393,2185) s1=PALM(271,2500) [filtered=1614]
cnt=2 s0=PALM(4390,2185) s1=PALM(271,2500) [filtered=1615]
cnt=2 s0=PALM(4387,2184) s1=PALM(271,2500) [filtered=1616]
cnt=2 s0=PALM(4384,2182) s1=PALM(271,2500) [filtered=1617]
cnt=2 s0=PALM(4381,2181) s1=PALM(271,2500) [filtered=1618]
cnt=2 s0=PALM(4376,2178) s1=PALM(271,2500) [filtered=1619]
cnt=2 s0=PALM(4369,2174) s1=PALM(271,2500) [filtered=1620]
cnt=2 s0=PALM(4363,2171) s1=PALM(271,2500) [filtered=1621]
cnt=2 s0=PALM(4356,2167) s1=PALM(271,2500) [filtered=1622]
cnt=2 s0=PALM(4348,2162) s1=PALM(271,2500) [filtered=1623]
cnt=2 s0=PALM(4341,2158) s1=PALM(271,2500) [filtered=1624]
cnt=2 s0=PALM(4334,2153) s1=PALM(271,2500) [filtered=1625]
cnt=2 s0=PALM(4327,2148) s1=PALM(271,2500) [filtered=1626]
cnt=2 s0=PALM(4320,2142) s1=PALM(271,2500) [filtered=1627]
cnt=2 s0=PALM(4314,2137) s1=PALM(271,2500) [filtered=1628]
cnt=2 s0=PALM(4308,2132) s1=PALM(271,2500) [filtered=1629]
cnt=2 s0=PALM(4303,2128) s1=PALM(271,2500)* [filtered=1630]
cnt=2 s0=PALM(4298,2125) s1=PALM(271,2500)* [filtered=1631]
cnt=2 s0=PALM(4294,2121) s1=PALM(271,2500)* [filtered=1632]
cnt=2 s0=PALM(4291,2117) s1=PALM(271,2500)* [filtered=1633]
cnt=2 s0=PALM(4288,2114) s1=PALM(271,2500)* [filtered=1634]
cnt=2 s0=PALM(4285,2110) s1=PALM(271,2500)* [filtered=1635]
cnt=2 s0=PALM(4282,2106) s1=PALM(271,2500)* [filtered=1636]
cnt=2 s0=PALM(4279,2103) s1=PALM(271,2500)* [filtered=1637]
cnt=2 s0=PALM(4276,2101) s1=PALM(271,2500)* [filtered=1638]
cnt=2 s0=fng (4274,2098) s1=PALM(271,2500)* [filtered=1639]
cnt=2 s0=fng (4272,2096) s1=PALM(271,2500)* [filtered=1640]
cnt=2 s0=fng (4271,2094) s1=PALM(271,2500)* [filtered=1641]
cnt=2 s0=fng (4271,2092) s1=PALM(271,2500)* [filtered=1642]
cnt=2 s0=fng (4271,2090) s1=PALM(271,2500)* [filtered=1643]
cnt=2 s0=fng (4272,2088) s1=PALM(271,2500)* [filtered=1644]
cnt=2 s0=fng (4271,2087) s1=PALM(271,2500)* [filtered=1645]
cnt=2 s0=fng (4270,2085) s1=PALM(271,2500)* [filtered=1646]
cnt=2 s0=fng (4269,2084) s1=PALM(271,2500)* [filtered=1647]
cnt=2 s0=fng (4269,2082) s1=PALM(271,2500)* [filtered=1648]
cnt=2 s0=fng (4268,2080) s1=PALM(271,2500)* [filtered=1649]
cnt=2 s0=fng (4268,2079) s1=PALM(271,2500)* [filtered=1650]
cnt=2 s0=fng (4268,2078) s1=PALM(271,2500)* [filtered=1651]
cnt=2 s0=fng (4267,2077) s1=PALM(271,2500)* [filtered=1652]
cnt=2 s0=fng (4267,2076) s1=PALM(271,2500)* [filtered=1653]
cnt=2 s0=fng (4267,2075) s1=PALM(271,2500)* [filtered=1654]
cnt=2 s0=fng (4267,2075) s1=PALM(271,2500)* [filtered=1655]
cnt=2 s0=fng (4266,2074) s1=PALM(271,2500)* [filtered=1656]
cnt=2 s0=fng (4265,2073) s1=PALM(271,2500)* [filtered=1657]
cnt=2 s0=fng (4264,2073) s1=PALM(271,2500)* [filtered=1658]
cnt=2 s0=fng (4263,2072) s1=PALM(271,2500)* [filtered=1659]
cnt=2 s0=fng (4263,2072) s1=PALM(271,2500)* [filtered=1660]
cnt=2 s0=fng (4262,2071) s1=PALM(274,2496) [filtered=1661]
cnt=2 s0=fng (4261,2069) s1=PALM(279,2490) [filtered=1662]
cnt=2 s0=fng (4261,2068) s1=PALM(283,2485) [filtered=1663]
cnt=2 s0=fng (4260,2067) s1=PALM(288,2478) [filtered=1664]
cnt=2 s0=fng (4259,2065) s1=PALM(293,2471) [filtered=1665]
cnt=2 s0=fng (4259,2064) s1=PALM(298,2464) [filtered=1666]
cnt=2 s0=fng (4258,2062) s1=PALM(303,2457) [filtered=1667]
cnt=2 s0=fng (4258,2061) s1=PALM(307,2451) [filtered=1668]
cnt=2 s0=fng (4257,2059) s1=PALM(312,2444) [filtered=1669]
cnt=2 s0=PALM(4257,2058)* s1=PALM(316,2438) [filtered=1670]
cnt=2 s0=fng (4256,2055) s1=PALM(321,2432) [filtered=1671]
cnt=2 s0=fng (4256,2051) s1=PALM(327,2424) [filtered=1672]
cnt=2 s0=fng (4256,2048) s1=PALM(332,2417) [filtered=1673]
cnt=2 s0=fng (4255,2043) s1=PALM(338,2409) [filtered=1674]
cnt=2 s0=fng (4255,2039) s1=PALM(343,2402) [filtered=1675]
cnt=2 s0=fng (4254,2032) s1=PALM(348,2393) [filtered=1676]
cnt=2 s0=fng (4253,2023) s1=PALM(353,2384) [filtered=1677]
cnt=2 s0=fng (4252,2014) s1=PALM(357,2376) [filtered=1678]
cnt=2 s0=fng (4251,2004) s1=PALM(361,2367) [filtered=1679]
cnt=2 s0=fng (4251,1995) s1=PALM(365,2359) [filtered=1680]
cnt=2 s0=fng (4250,1984) s1=PALM(368,2351) [filtered=1681]
cnt=2 s0=fng (4250,1974) s1=PALM(371,2343) [filtered=1682]
cnt=2 s0=fng (4249,1961) s1=PALM(373,2333) [filtered=1683]
cnt=2 s0=fng (4248,1949) s1=PALM(375,2323) [filtered=1684]
cnt=2 s0=fng (4247,1937) s1=PALM(377,2312) [filtered=1685]
cnt=2 s0=fng (4246,1925) s1=PALM(379,2301) [filtered=1686]
cnt=2 s0=fng (4245,1912) s1=PALM(380,2289) [filtered=1687]
cnt=2 s0=fng (4244,1900) s1=PALM(381,2276) [filtered=1688]
cnt=2 s0=fng (4243,1888) s1=PALM(382,2263) [filtered=1689]
cnt=2 s0=fng (4242,1876) s1=PALM(383,2249) [filtered=1690]
cnt=2 s0=fng (4242,1864) s1=PALM(384,2235) [filtered=1691]
cnt=2 s0=fng (4241,1852) s1=PALM(385,2220) [filtered=1692]
cnt=2 s0=fng (4239,1841) s1=PALM(386,2204) [filtered=1693]
cnt=2 s0=fng (4238,1830) s1=PALM(387,2188) [filtered=1694]
cnt=2 s0=fng (4237,1820) s1=PALM(389,2172) [filtered=1695]
cnt=2 s0=fng (4236,1810) s1=PALM(391,2156) [filtered=1696]
cnt=2 s0=fng (4234,1801) s1=PALM(393,2140) [filtered=1697]
cnt=2 s0=fng (4233,1792) s1=PALM(395,2124) [filtered=1698]
cnt=2 s0=fng (4232,1784) s1=PALM(397,2108) [filtered=1699]
cnt=2 s0=fng (4230,1776) s1=fng (399,2092) [filtered=1699]
cnt=2 s0=fng (4229,1768) s1=fng (401,2076) [filtered=1699]
cnt=2 s0=fng (4228,1761) s1=fng (404,2060) [filtered=1699]
cnt=2 s0=fng (4227,1754) s1=fng (407,2044) [filtered=1699]
cnt=2 s0=fng (4226,1748) s1=fng (411,2028) [filtered=1699]
cnt=2 s0=fng (4225,1742) s1=fng (415,2012) [filtered=1699]
cnt=2 s0=fng (4224,1737) s1=fng (419,1998) [filtered=1699]
cnt=2 s0=fng (4222,1733) s1=fng (424,1984) [filtered=1699]
cnt=2 s0=fng (4221,1729) s1=fng (428,1970) [filtered=1699]
cnt=2 s0=fng (4220,1726) s1=fng (433,1957) [filtered=1699]
cnt=2 s0=fng (4220,1723) s1=fng (438,1944) [filtered=1699]
cnt=2 s0=fng (4219,1721) s1=fng (443,1932) [filtered=1699]
cnt=2 s0=fng (4218,1719) s1=fng (448,1920) [filtered=1699]
cnt=2 s0=fng (4217,1717) s1=fng (454,1909) [filtered=1699]
cnt=2 s0=fng (4216,1716) s1=fng (461,1899) [filtered=1699]
cnt=2 s0=fng (4215,1715) s1=fng (467,1889) [filtered=1699]
cnt=2 s0=fng (4215,1714) s1=fng (474,1881) [filtered=1699]
cnt=2 s0=fng (4214,1714) s1=fng (481,1874) [filtered=1699]
cnt=2 s0=fng (4214,1714) s1=fng (487,1867) [filtered=1699]
cnt=2 s0=fng (4214,1714) s1=fng (493,1861) [filtered=1699]
cnt=2 s0=fng (4214,1714) s1=fng (499,1855) [filtered=1699]
cnt=2 s0=fng (4214,1714) s1=fng (503,1851) [filtered=1699]
cnt=2 s0=fng (4214,1714) s1=fng (507,1847) [filtered=1699]
cnt=2 s0=fng (4214,1714) s1=fng (511,1843) [filtered=1699]
cnt=2 s0=fng (4214,1714) s1=fng (514,1841) [filtered=1699]
cnt=2 s0=fng (4214,1714) s1=fng (517,1839) [filtered=1699]
cnt=2 s0=fng (4214,1714) s1=fng (519,1837) [filtered=1699]
cnt=2 s0=fng (4214,1714) s1=fng (521,1835) [filtered=1699]
cnt=2 s0=fng (4214,1714) s1=fng (523,1834) [filtered=1699]
cnt=2 s0=fng (4214,1714) s1=fng (525,1833) [filtered=1699]
cnt=2 s0=fng (4214,1714) s1=fng (526,1833) [filtered=1699]
cnt=2 s0=fng (4214,1714) s1=fng (527,1833) [filtered=1699]
cnt=2 s0=fng (4214,1714) s1=fng (527,1833) [filtered=1699]
cnt=2 s0=fng (4214,1714) s1=fng (527,1833) [filtered=1699]
cnt=2 s0=fng (4214,1714) s1=fng (527,1833) [filtered=1699]
cnt=2 s0=fng (4214,1714) s1=fng (527,1833) [filtered=1699]
cnt=2 s0=fng (4214,1714) s1=fng (527,1833) [filtered=1699]
cnt=2 s0=fng (4214,1714) s1=fng (527,1833) [filtered=1699]
cnt=2 s0=fng (4214,1714) s1=fng (527,1833) [filtered=1699]
cnt=2 s0=PALM(4214,1714)* s1=fng (527,1833) [filtered=1700]
cnt=2 s0=PALM(4213,1714)* s1=fng (527,1833) [filtered=1701]
cnt=2 s0=PALM(4213,1714)* s1=fng (527,1833) [filtered=1702]
cnt=2 s0=PALM(4212,1714)* s1=fng (527,1833) [filtered=1703]
cnt=2 s0=PALM(4212,1714)* s1=fng (527,1833) [filtered=1704]
cnt=2 s0=PALM(4212,1714)* s1=fng (527,1833) [filtered=1705]
cnt=2 s0=PALM(4212,1714)* s1=fng (527,1833) [filtered=1706]
cnt=2 s0=PALM(4212,1714)* s1=fng (527,1833) [filtered=1707]
cnt=2 s0=PALM(4212,1714)* s1=fng (527,1833) [filtered=1708]
cnt=2 s0=PALM(4212,1714)* s1=fng (527,1833) [filtered=1709]
cnt=2 s0=PALM(4212,1714)* s1=fng (527,1833) [filtered=1710]
cnt=2 s0=PALM(4212,1714)* s1=fng (527,1833) [filtered=1711]
cnt=2 s0=PALM(4212,1714)* s1=fng (527,1833) [filtered=1712]
cnt=2 s0=PALM(4212,1714)* s1=fng (527,1833) [filtered=1713]
cnt=2 s0=PALM(4212,1714)* s1=fng (527,1833) [filtered=1714]
cnt=2 s0=PALM(4212,1714)* s1=fng (527,1833) [filtered=1715]
cnt=2 s0=PALM(4212,1714)* s1=fng (527,1833) [filtered=1716]
cnt=2 s0=PALM(4212,1714)* s1=fng (527,1833) [filtered=1717]
cnt=2 s0=PALM(4212,1714)* s1=PALM(527,1833)* [filtered=1718]
cnt=2 s0=PALM(4212,1714)* s1=PALM(527,1833)* [filtered=1719]
cnt=2 s0=PALM(4212,1714)* s1=PALM(527,1833)* [filtered=1720]
cnt=2 s0=PALM(4212,1714)* s1=PALM(527,1833)* [filtered=1721]
cnt=2 s0=PALM(4212,1714)* s1=PALM(527,1833)* [filtered=1722]
cnt=2 s0=PALM(4212,1714)* s1=PALM(527,1833)* [filtered=1723]
cnt=2 s0=PALM(4212,1714)* s1=PALM(527,1833)* [filtered=1724]
cnt=2 s0=PALM(4212,1714)* s1=PALM(527,1833)* [filtered=1725]
cnt=2 s0=PALM(4212,1714)* s1=PALM(527,1833)* [filtered=1726]
cnt=2 s0=PALM(4212,1714)* s1=PALM(527,1833)* [filtered=1727]
cnt=2 s0=PALM(4212,1714)* s1=PALM(527,1833)* [filtered=1728]
cnt=2 s0=PALM(4212,1714)* s1=PALM(527,1833)* [filtered=1729]
cnt=2 s0=PALM(4212,1714)* s1=PALM(527,1833)* [filtered=1730]
cnt=2 s0=PALM(4212,1714)* s1=PALM(527,1833)* [filtered=1731]
cnt=2 s0=PALM(4212,1714)* s1=PALM(527,1833)* [filtered=1732]
cnt=2 s0=PALM(4212,1714)* s1=PALM(527,1833)* [filtered=1733]
cnt=2 s0=PALM(4212,1714)* s1=PALM(527,1833)* [filtered=1734]
cnt=2 s0=PALM(4212,1714)* s1=PALM(527,1833)* [filtered=1735]
cnt=2 s0=PALM(4212,1714)* s1=PALM(527,1833)* [filtered=1736]
cnt=2 s0=PALM(4212,1714)* s1=PALM(527,1833)* [filtered=1737]
cnt=2 s0=PALM(4212,1714)* s1=PALM(527,1833)* [filtered=1738]
cnt=2 s0=PALM(4212,1714)* s1=PALM(527,1833)* [filtered=1739]
cnt=2 s0=PALM(4213,1714)* s1=PALM(527,1833)* [filtered=1740]
cnt=2 s0=PALM(4213,1714)* s1=PALM(527,1833)* [filtered=1741]
cnt=2 s0=PALM(4214,1714)* s1=PALM(527,1833)* [filtered=1742]
cnt=2 s0=PALM(4214,1714)* s1=PALM(527,1833)* [filtered=1743]
cnt=2 s0=PALM(4214,1714)* s1=PALM(527,1833)* [filtered=1744]
cnt=2 s0=PALM(4214,1714)* s1=PALM(527,1833)* [filtered=1745]
cnt=2 s0=PALM(4214,1714)* s1=PALM(527,1833)* [filtered=1746]
cnt=2 s0=PALM(4214,1714)* s1=PALM(527,1833)* [filtered=1747]
cnt=2 s0=PALM(4214,1714)* s1=PALM(527,1833)* [filtered=1748]
cnt=2 s0=PALM(4214,1714)* s1=PALM(527,1833)* [filtered=1749]
cnt=2 s0=PALM(4214,1714)* s1=PALM(527,1833)* [filtered=1750]
cnt=2 s0=PALM(4214,1714)* s1=PALM(527,1833)* [filtered=1751]
cnt=2 s0=PALM(4214,1714)* s1=PALM(527,1833)* [filtered=1752]
cnt=2 s0=PALM(4214,1714)* s1=PALM(527,1833)* [filtered=1753]
cnt=2 s0=PALM(4214,1714)* s1=PALM(527,1833)* [filtered=1754]
cnt=2 s0=PALM(4214,1714)* s1=PALM(527,1833)* [filtered=1755]
cnt=2 s0=PALM(4214,1714)* s1=PALM(527,1833)* [filtered=1756]
cnt=2 s0=PALM(4214,1714)* s1=PALM(527,1833)* [filtered=1757]
cnt=2 s0=PALM(4214,1714)* s1=PALM(527,1833)* [filtered=1758]
cnt=2 s0=PALM(4214,1714)* s1=PALM(527,1833)* [filtered=1759]
cnt=2 s0=PALM(4214,1714)* s1=PALM(527,1833)* [filtered=1760]
cnt=2 s0=PALM(4214,1714)* s1=PALM(527,1833)* [filtered=1761]
cnt=2 s0=PALM(4214,1714)* s1=PALM(527,1833)* [filtered=1762]
cnt=2 s0=PALM(4214,1714)* s1=PALM(527,1833)* [filtered=1763]
cnt=2 s0=PALM(4214,1714)* s1=PALM(527,1833)* [filtered=1764]
cnt=2 s0=PALM(4214,1714)* s1=PALM(527,1833)* [filtered=1765]
cnt=2 s0=PALM(4214,1714)* s1=PALM(527,1833)* [filtered=1766]
cnt=2 s0=PALM(4214,1714)* s1=PALM(527,1833)* [filtered=1767]
cnt=2 s0=PALM(4214,1714)* s1=PALM(527,1833)* [filtered=1768]
cnt=2 s0=PALM(4214,1714)* s1=PALM(527,1833)* [filtered=1769]
cnt=2 s0=PALM(4214,1714)* s1=PALM(527,1833)* [filtered=1770]
cnt=2 s0=PALM(4214,1714)* s1=PALM(527,1833)* [filtered=1771]
cnt=2 s0=PALM(4214,1714)* s1=PALM(527,1833)* [filtered=1772]
cnt=2 s0=PALM(4214,1714)* s1=PALM(527,1833)* [filtered=1773]
cnt=2 s0=PALM(4214,1714)* s1=PALM(527,1833)* [filtered=1774]
cnt=2 s0=PALM(4214,1714)* s1=PALM(527,1833)* [filtered=1775]
cnt=2 s0=PALM(4214,1714)* s1=PALM(527,1833)* [filtered=1776]
cnt=2 s0=PALM(4214,1714)* s1=PALM(527,1833)* [filtered=1777]
cnt=2 s0=PALM(4214,1714)* s1=PALM(527,1833)* [filtered=1778]
cnt=2 s0=PALM(4214,1714)* s1=PALM(527,1833)* [filtered=1779]
cnt=2 s0=PALM(4214,1714)* s1=PALM(527,1833)* [filtered=1780]
cnt=2 s0=PALM(4214,1714)* s1=PALM(527,1833)* [filtered=1781]
cnt=2 s0=PALM(4214,1714)* s1=PALM(527,1833)* [filtered=1782]
cnt=2 s0=PALM(4214,1714)* s1=PALM(527,1833)* [filtered=1783]
cnt=2 s0=PALM(4214,1714)* s1=PALM(527,1833)* [filtered=1784]
cnt=2 s0=PALM(4214,1714)* s1=PALM(526,1833)* [filtered=1785]
cnt=2 s0=PALM(4214,1714)* s1=PALM(526,1833)* [filtered=1786]
cnt=2 s0=PALM(4214,1714)* s1=PALM(527,1833)* [filtered=1787]
cnt=2 s0=PALM(4214,1714)* s1=PALM(527,1833)* [filtered=1788]
cnt=2 s0=PALM(4214,1714)* s1=PALM(527,1833)* [filtered=1789]
cnt=2 s0=PALM(4214,1714)* s1=PALM(527,1833)* [filtered=1790]
cnt=2 s0=PALM(4214,1714)* s1=PALM(528,1833)* [filtered=1791]
cnt=2 s0=PALM(4214,1714)* s1=PALM(528,1833)* [filtered=1792]
cnt=2 s0=PALM(4214,1714)* s1=PALM(528,1833)* [filtered=1793]
cnt=2 s0=PALM(4214,1714)* s1=PALM(528,1833)* [filtered=1794]
cnt=2 s0=PALM(4214,1714)* s1=PALM(528,1833)* [filtered=1795]
cnt=2 s0=PALM(4214,1714)* s1=PALM(528,1833)* [filtered=1796]
cnt=2 s0=PALM(4214,1714)* s1=PALM(528,1833)* [filtered=1797]
cnt=2 s0=PALM(4214,1714)* s1=PALM(528,1833)* [filtered=1798]
cnt=2 s0=PALM(4214,1714)* s1=PALM(528,1833)* [filtered=1799]
cnt=2 s0=PALM(4214,1714)* s1=PALM(528,1833)* [filtered=1800]
cnt=2 s0=PALM(4214,1714)* s1=PALM(528,1833)* [filtered=1801]
cnt=2 s0=PALM(4214,1714)* s1=PALM(528,1833)* [filtered=1802]
cnt=2 s0=PALM(4214,1714)* s1=PALM(528,1833)* [filtered=1803]
cnt=2 s0=PALM(4214,1714)* s1=PALM(528,1833)* [filtered=1804]
cnt=2 s0=PALM(4214,1714)* s1=PALM(528,1833)* [filtered=1805]
cnt=2 s0=PALM(4214,1714)* s1=PALM(528,1833)* [filtered=1806]
cnt=2 s0=PALM(4214,1714)* s1=PALM(528,1833)* [filtered=1807]
cnt=2 s0=PALM(4214,1714)* s1=PALM(527,1833)* [filtered=1808]
cnt=2 s0=PALM(4214,1714)* s1=PALM(527,1833)* [filtered=1809]
cnt=2 s0=PALM(4214,1714)* s1=PALM(527,1833)* [filtered=1810]
cnt=2 s0=PALM(4214,1714)* s1=PALM(527,1833)* [filtered=1811]
cnt=2 s0=PALM(4214,1714)* s1=PALM(526,1833)* [filtered=1812]
cnt=2 s0=PALM(4214,1714)* s1=PALM(526,1833)* [filtered=1813]
cnt=2 s0=PALM(4214,1714)* s1=PALM(525,1833)* [filtered=1814]
cnt=2 s0=PALM(4214,1714)* s1=PALM(525,1833)* [filtered=1815]
cnt=2 s0=PALM(4214,1714)* s1=PALM(525,1833)* [filtered=1816]
cnt=2 s0=PALM(4214,1714)* s1=PALM(525,1833)* [filtered=1817]
cnt=2 s0=PALM(4214,1714)* s1=PALM(525,1833)* [filtered=1818]
cnt=2 s0=PALM(4214,1714)* s1=PALM(524,1833)* [filtered=1819]
cnt=2 s0=PALM(4214,1714)* s1=PALM(524,1833)* [filtered=1820]
cnt=2 s0=PALM(4214,1714)* s1=fng (523,1836) [filtered=1821]
cnt=2 s0=PALM(4214,1714)* s1=fng (523,1839) [filtered=1822]
cnt=2 s0=PALM(4214,1714)* s1=fng (522,1842) [filtered=1823]
cnt=2 s0=PALM(4214,1714)* s1=fng (521,1845) [filtered=1824]
cnt=2 s0=PALM(4214,1714)* s1=fng (521,1848) [filtered=1825]
cnt=2 s0=PALM(4214,1714)* s1=fng (521,1851) [filtered=1826]
cnt=2 s0=PALM(4214,1714)* s1=fng (520,1854) [filtered=1827]
cnt=2 s0=PALM(4214,1714)* s1=fng (520,1857) [filtered=1828]
cnt=2 s0=PALM(4214,1714)* s1=fng (520,1857) [filtered=1829]
cnt=2 s0=PALM(4214,1714)* s1=fng (520,1857) [filtered=1830]
cnt=2 s0=PALM(4214,1714)* s1=fng (519,1857) [filtered=1831]
cnt=2 s0=PALM(4214,1714)* s1=fng (519,1857) [filtered=1832]
cnt=2 s0=PALM(4214,1714)* s1=fng (519,1857) [filtered=1833]
cnt=2 s0=PALM(4214,1714)* s1=fng (519,1857) [filtered=1834]
cnt=2 s0=PALM(4214,1714)* s1=fng (518,1857) [filtered=1835]
cnt=2 s0=PALM(4214,1714)* s1=fng (518,1857) [filtered=1836]
cnt=2 s0=PALM(4214,1714)* s1=fng (518,1857) [filtered=1837]
cnt=2 s0=PALM(4214,1714)* s1=fng (518,1857) [filtered=1838]
cnt=2 s0=PALM(4214,1714)* s1=fng (517,1860) [filtered=1839]
cnt=2 s0=PALM(4214,1714)* s1=fng (517,1863) [filtered=1840]
cnt=2 s0=PALM(4214,1714)* s1=fng (516,1863) [filtered=1841]
cnt=2 s0=PALM(4214,1714)* s1=fng (516,1863) [filtered=1842]
cnt=2 s0=PALM(4214,1714)* s1=fng (516,1863) [filtered=1843]
cnt=2 s0=PALM(4214,1714)* s1=fng (516,1863) [filtered=1844]
cnt=2 s0=PALM(4214,1714)* s1=fng (515,1863) [filtered=1845]
cnt=2 s0=PALM(4214,1714)* s1=fng (515,1863) [filtered=1846]
cnt=2 s0=PALM(4214,1714)* s1=fng (515,1863) [filtered=1847]
cnt=2 s0=PALM(4214,1714)* s1=fng (515,1863) [filtered=1848]
cnt=2 s0=PALM(4214,1714)* s1=fng (514,1863) [filtered=1849]
cnt=2 s0=PALM(4214,1714)* s1=fng (514,1863) [filtered=1850]
cnt=2 s0=PALM(4214,1714)* s1=fng (514,1863) [filtered=1851]
cnt=2 s0=PALM(4214,1714)* s1=fng (514,1863) [filtered=1852]
cnt=2 s0=PALM(4214,1714)* s1=fng (513,1863) [filtered=1853]
cnt=2 s0=PALM(4214,1714)* s1=fng (513,1863) [filtered=1854]
cnt=2 s0=PALM(4214,1714)* s1=fng (512,1863) [filtered=1855]
cnt=2 s0=PALM(4214,1714)* s1=fng (512,1863) [filtered=1856]
cnt=2 s0=PALM(4214,1714)* s1=fng (512,1863) [filtered=1857]
cnt=2 s0=PALM(4214,1714)* s1=fng (512,1863) [filtered=1858]
cnt=2 s0=PALM(4214,1714)* s1=fng (512,1863) [filtered=1859]
cnt=2 s0=PALM(4214,1714)* s1=fng (511,1863) [filtered=1860]
cnt=2 s0=PALM(4214,1714)* s1=fng (511,1863) [filtered=1861]
cnt=2 s0=PALM(4214,1714)* s1=fng (511,1863) [filtered=1862]
cnt=2 s0=PALM(4214,1714)* s1=fng (511,1863) [filtered=1863]
cnt=2 s0=PALM(4214,1714)* s1=fng (510,1863) [filtered=1864]
cnt=2 s0=PALM(4214,1714)* s1=fng (510,1863) [filtered=1865]
cnt=2 s0=PALM(4214,1714)* s1=fng (510,1863) [filtered=1866]
cnt=2 s0=PALM(4214,1714)* s1=fng (510,1863) [filtered=1867]
cnt=2 s0=PALM(4214,1714)* s1=fng (510,1863) [filtered=1868]
cnt=2 s0=PALM(4214,1714)* s1=PALM(510,1863)* [filtered=1869]
cnt=2 s0=PALM(4214,1714)* s1=PALM(510,1863)* [filtered=1870]
cnt=2 s0=PALM(4214,1714)* s1=PALM(510,1863)* [filtered=1871]
cnt=2 s0=PALM(4214,1714)* s1=PALM(510,1863)* [filtered=1872]
cnt=2 s0=PALM(4214,1714)* s1=PALM(510,1863)* [filtered=1873]
cnt=2 s0=PALM(4214,1714)* s1=PALM(510,1863)* [filtered=1874]
cnt=2 s0=PALM(4214,1714)* s1=PALM(510,1863)* [filtered=1875]
cnt=2 s0=PALM(4214,1714)* s1=PALM(510,1863)* [filtered=1876]
cnt=2 s0=PALM(4214,1714)* s1=PALM(510,1863)* [filtered=1877]
cnt=2 s0=PALM(4214,1714)* s1=PALM(510,1863)* [filtered=1878]
cnt=2 s0=PALM(4214,1714)* s1=PALM(510,1863)* [filtered=1879]
cnt=2 s0=PALM(4214,1714)* s1=PALM(510,1863)* [filtered=1880]
cnt=2 s0=PALM(4214,1714)* s1=PALM(510,1863)* [filtered=1881]
cnt=2 s0=PALM(4214,1714)* s1=PALM(510,1863)* [filtered=1882]
cnt=2 s0=PALM(4214,1714)* s1=PALM(510,1863)* [filtered=1883]
cnt=2 s0=PALM(4214,1714)* s1=PALM(510,1863)* [filtered=1884]
cnt=2 s0=PALM(4214,1714)* s1=PALM(510,1863)* [filtered=1885]
cnt=2 s0=PALM(4214,1714)* s1=PALM(510,1863)* [filtered=1886]
cnt=2 s0=PALM(4214,1714)* s1=PALM(510,1863)* [filtered=1887]
cnt=2 s0=PALM(4214,1714)* s1=PALM(510,1863)* [filtered=1888]
cnt=2 s0=PALM(4214,1714)* s1=PALM(510,1863)* [filtered=1889]
cnt=2 s0=PALM(4214,1714)* s1=PALM(510,1863)* [filtered=1890]
cnt=2 s0=PALM(4214,1714)* s1=PALM(510,1863)* [filtered=1891]
cnt=2 s0=PALM(4214,1714)* s1=PALM(510,1863)* [filtered=1892]
cnt=2 s0=PALM(4214,1714)* s1=PALM(511,1863)* [filtered=1893]
cnt=2 s0=PALM(4214,1714)* s1=PALM(511,1863)* [filtered=1894]
cnt=2 s0=PALM(4214,1714)* s1=PALM(511,1863)* [filtered=1895]
cnt=2 s0=PALM(4214,1714)* s1=PALM(511,1863)* [filtered=1896]
cnt=2 s0=PALM(4214,1714)* s1=PALM(512,1863)* [filtered=1897]
cnt=2 s0=PALM(4214,1714)* s1=PALM(512,1863)* [filtered=1898]
cnt=2 s0=PALM(4214,1714)* s1=PALM(512,1863)* [filtered=1899]
cnt=2 s0=PALM(4214,1714)* s1=PALM(512,1863)* [filtered=1900]
cnt=2 s0=PALM(4214,1714)* s1=PALM(513,1863)* [filtered=1901]
cnt=2 s0=PALM(4214,1714)* s1=PALM(513,1863)* [filtered=1902]
cnt=2 s0=PALM(4214,1714)* s1=PALM(514,1863)* [filtered=1903]
cnt=2 s0=PALM(4214,1714)* s1=PALM(514,1863)* [filtered=1904]
cnt=2 s0=PALM(4214,1714)* s1=PALM(514,1863)* [filtered=1905]
cnt=2 s0=PALM(4214,1714)* s1=PALM(514,1863)* [filtered=1906]
cnt=2 s0=PALM(4214,1714)* s1=PALM(514,1863)* [filtered=1907]
cnt=2 s0=PALM(4214,1714)* s1=PALM(514,1863)* [filtered=1908]
cnt=2 s0=PALM(4214,1714)* s1=PALM(514,1863)* [filtered=1909]
cnt=2 s0=PALM(4214,1714)* s1=PALM(515,1863)* [filtered=1910]
cnt=2 s0=PALM(4214,1714)* s1=PALM(515,1863)* [filtered=1911]
cnt=2 s0=PALM(4214,1714)* s1=PALM(515,1863)* [filtered=1912]
cnt=2 s0=PALM(4214,1714)* s1=PALM(515,1863)* [filtered=1913]
cnt=2 s0=PALM(4214,1714)* s1=PALM(516,1863)* [filtered=1914]
cnt=2 s0=PALM(4214,1714)* s1=PALM(516,1863)* [filtered=1915]
cnt=2 s0=PALM(4214,1714)* s1=PALM(516,1863)* [filtered=1916]
cnt=2 s0=PALM(4214,1714)* s1=PALM(516,1863)* [filtered=1917]
cnt=2 s0=PALM(4214,1714)* s1=PALM(517,1863)* [filtered=1918]
cnt=2 s0=PALM(4214,1714)* s1=PALM(517,1863)* [filtered=1919]
cnt=2 s0=PALM(4214,1714)* s1=PALM(518,1863)* [filtered=1920]
cnt=2 s0=PALM(4214,1714)* s1=PALM(518,1863)* [filtered=1921]
cnt=2 s0=PALM(4214,1714)* s1=PALM(518,1863)* [filtered=1922]
cnt=2 s0=PALM(4214,1714)* s1=PALM(518,1863)* [filtered=1923]
cnt=2 s0=PALM(4214,1714)* s1=PALM(518,1863)* [filtered=1924]
cnt=2 s0=PALM(4214,1714)* s1=PALM(519,1863)* [filtered=1925]
cnt=2 s0=PALM(4214,1714)* s1=PALM(519,1863)* [filtered=1926]
cnt=2 s0=PALM(4214,1714)* s1=PALM(519,1863)* [filtered=1927]
cnt=2 s0=PALM(4214,1714)* s1=PALM(519,1863)* [filtered=1928]
cnt=2 s0=PALM(4214,1714)* s1=PALM(520,1863)* [filtered=1929]
cnt=2 s0=PALM(4214,1714)* s1=PALM(520,1863)* [filtered=1930]
cnt=2 s0=PALM(4214,1714)* s1=PALM(520,1863)* [filtered=1931]
cnt=2 s0=PALM(4214,1714)* s1=PALM(520,1863)* [filtered=1932]
cnt=2 s0=PALM(4214,1714)* s1=PALM(520,1863)* [filtered=1933]
cnt=2 s0=PALM(4214,1714)* s1=PALM(521,1863)* [filtered=1934]
cnt=2 s0=PALM(4214,1714)* s1=PALM(521,1863)* [filtered=1935]
cnt=2 s0=PALM(4214,1714)* s1=PALM(521,1863)* [filtered=1936]
cnt=2 s0=PALM(4214,1714)* s1=PALM(521,1863)* [filtered=1937]
cnt=2 s0=PALM(4214,1714)* s1=PALM(521,1863)* [filtered=1938]
cnt=2 s0=PALM(4213,1714)* s1=PALM(522,1863)* [filtered=1939]
cnt=2 s0=PALM(4213,1714)* s1=PALM(522,1863)* [filtered=1940]
cnt=2 s0=PALM(4212,1714)* s1=PALM(523,1863)* [filtered=1941]
cnt=2 s0=PALM(4212,1714)* s1=PALM(523,1863)* [filtered=1942]
cnt=2 s0=PALM(4212,1714)* s1=PALM(523,1863)* [filtered=1943]
cnt=2 s0=PALM(4212,1714)* s1=PALM(523,1863)* [filtered=1944]
cnt=2 s0=PALM(4211,1714)* s1=PALM(524,1863)* [filtered=1945]
cnt=2 s0=PALM(4211,1714)* s1=PALM(524,1863)* [filtered=1946]
cnt=2 s0=PALM(4211,1714)* s1=PALM(524,1863)* [filtered=1947]
cnt=2 s0=PALM(4211,1714)* s1=PALM(524,1863)* [filtered=1948]
cnt=2 s0=PALM(4211,1714)* s1=PALM(524,1863)* [filtered=1949]
cnt=2 s0=PALM(4210,1714)* s1=PALM(525,1863)* [filtered=1950]
cnt=2 s0=PALM(4210,1714)* s1=PALM(525,1863)* [filtered=1951]
cnt=2 s0=PALM(4210,1714)* s1=PALM(525,1863)* [filtered=1952]
cnt=2 s0=PALM(4210,1714)* s1=PALM(525,1863)* [filtered=1953]
cnt=2 s0=PALM(4209,1714)* s1=PALM(526,1863)* [filtered=1954]
cnt=2 s0=PALM(4209,1714)* s1=PALM(527,1863)* [filtered=1955]
cnt=2 s0=PALM(4209,1714)* s1=PALM(528,1863)* [filtered=1956]
cnt=2 s0=PALM(4209,1714)* s1=PALM(528,1863)* [filtered=1957]
cnt=2 s0=PALM(4209,1714)* s1=PALM(528,1863)* [filtered=1958]
cnt=2 s0=PALM(4209,1714)* s1=PALM(529,1863)* [filtered=1959]
cnt=2 s0=PALM(4209,1714)* s1=PALM(529,1863)* [filtered=1960]
cnt=2 s0=PALM(4209,1714)* s1=PALM(530,1863)* [filtered=1961]
cnt=2 s0=PALM(4209,1714)* s1=PALM(530,1863)* [filtered=1962]
cnt=2 s0=PALM(4209,1714)* s1=PALM(531,1863)* [filtered=1963]
cnt=2 s0=PALM(4209,1714)* s1=PALM(531,1863)* [filtered=1964]
cnt=2 s0=PALM(4209,1714)* s1=PALM(531,1863)* [filtered=1965]
cnt=2 s0=PALM(4209,1714)* s1=fng (532,1866) [filtered=1966]
cnt=2 s0=PALM(4209,1714)* s1=fng (532,1869) [filtered=1967]
cnt=2 s0=PALM(4208,1714)* s1=fng (533,1872) [filtered=1968]
cnt=2 s0=PALM(4208,1714)* s1=fng (534,1875) [filtered=1969]
cnt=2 s0=PALM(4207,1714)* s1=fng (535,1878) [filtered=1970]
cnt=2 s0=PALM(4207,1714)* s1=fng (536,1881) [filtered=1971]
cnt=2 s0=PALM(4206,1714)* s1=fng (537,1884) [filtered=1972]
cnt=2 s0=PALM(4206,1714)* s1=fng (537,1887) [filtered=1973]
cnt=2 s0=PALM(4205,1714)* s1=fng (539,1891) [filtered=1974]
cnt=2 s0=PALM(4205,1714)* s1=fng (540,1895) [filtered=1975]
cnt=2 s0=fng (4204,1717) s1=fng (541,1899) [filtered=1975]
cnt=2 s0=fng (4203,1720) s1=fng (542,1903) [filtered=1975]
cnt=2 s0=fng (4203,1723) s1=fng (542,1907) [filtered=1975]
cnt=2 s0=fng (4202,1726) s1=fng (545,1911) [filtered=1975]
cnt=2 s0=fng (4202,1729) s1=fng (547,1915) [filtered=1975]
cnt=2 s0=fng (4202,1732) s1=fng (549,1919) [filtered=1975]
cnt=2 s0=fng (4201,1735) s1=fng (551,1923) [filtered=1975]
cnt=2 s0=fng (4200,1736) s1=fng (553,1927) [filtered=1975]
cnt=2 s0=fng (4200,1737) s1=fng (555,1931) [filtered=1975]
cnt=2 s0=fng (4198,1738) s1=fng (558,1936) [filtered=1975]
cnt=2 s0=fng (4197,1739) s1=fng (561,1941) [filtered=1975]
cnt=2 s0=fng (4195,1740) s1=fng (565,1946) [filtered=1975]
cnt=2 s0=fng (4194,1741) s1=fng (569,1951) [filtered=1975]
cnt=2 s0=fng (4194,1741) s1=fng (573,1954) [filtered=1975]
cnt=2 s0=fng (4193,1742) s1=fng (578,1958) [filtered=1975]
cnt=2 s0=fng (4192,1742) s1=fng (583,1961) [filtered=1975]
cnt=2 s0=fng (4192,1742) s1=fng (588,1963) [filtered=1975]
cnt=3 s0=fng (4190,1743) s1=fng (594,1967) s2=fng (1787,381) [filtered=1975]
cnt=3 s0=fng (4189,1743) s1=fng (600,1970) s2=fng (1787,381) [filtered=1975]
cnt=3 s0=fng (4187,1744) s1=fng (608,1975) s2=fng (1788,381) [filtered=1975]
cnt=3 s0=fng (4186,1744) s1=fng (616,1979) s2=fng (1788,381) [filtered=1975]
cnt=3 s0=fng (4186,1744) s1=fng (624,1983) s2=fng (1788,381) [filtered=1975]
cnt=3 s0=fng (4184,1745) s1=fng (633,1989) s2=fng (1790,381) [filtered=1975]
cnt=3 s0=fng (4183,1745) s1=fng (642,1995) s2=fng (1791,381) [filtered=1975]
cnt=3 s0=fng (4183,1745) s1=fng (651,2001) s2=fng (1791,381) [filtered=1975]
cnt=3 s0=fng (4181,1746) s1=fng (661,2008) s2=fng (1793,382) [filtered=1975]
cnt=3 s0=fng (4180,1746) s1=fng (671,2015) s2=fng (1794,382) [filtered=1975]
cnt=3 s0=fng (4178,1746) s1=fng (682,2023) s2=fng (1797,382) [filtered=1975]
cnt=3 s0=fng (4177,1746) s1=fng (693,2031) s2=fng (1799,382) [filtered=1975]
cnt=3 s0=fng (4177,1746) s1=fng (704,2039) s2=fng (1801,382) [filtered=1975]
cnt=3 s0=fng (4175,1746) s1=fng (715,2047) s2=fng (1803,383) [filtered=1975]
cnt=3 s0=fng (4174,1746) s1=fng (726,2055) s2=fng (1805,383) [filtered=1975]
cnt=3 s0=fng (4171,1746) s1=fng (736,2063) s2=fng (1807,383) [filtered=1975]
cnt=3 s0=fng (4169,1746) s1=fng (746,2071) s2=fng (1809,383) [filtered=1975]
cnt=3 s0=fng (4167,1746) s1=fng (756,2079) s2=fng (1811,383) [filtered=1975]
cnt=3 s0=fng (4165,1746) s1=fng (766,2087) s2=fng (1813,383) [filtered=1975]
cnt=3 s0=PALM(4163,1746)* s1=fng (776,2095) s2=fng (1815,383) [filtered=1976]
cnt=3 s0=PALM(4161,1746)* s1=PALM(784,2101) s2=fng (1817,383) [filtered=1977]
cnt=3 s0=PALM(4159,1746)* s1=PALM(792,2107) s2=fng (1819,383) [filtered=1978]
cnt=3 s0=PALM(4157,1746)* s1=PALM(799,2112) s2=fng (1821,383) [filtered=1979]
cnt=3 s0=PALM(4155,1746)* s1=PALM(806,2117) s2=fng (1823,383) [filtered=1980]
cnt=3 s0=PALM(4153,1746)* s1=PALM(812,2121) s2=fng (1825,382) [filtered=1981]
cnt=3 s0=PALM(4151,1746)* s1=PALM(818,2125) s2=fng (1827,382) [filtered=1982]
cnt=3 s0=fng (4148,1745) s1=PALM(822,2128) s2=fng (1828,380) [filtered=1983]
cnt=3 s0=fng (4145,1745) s1=PALM(826,2131) s2=fng (1829,379) [filtered=1984]
cnt=3 s0=fng (4142,1744) s1=PALM(829,2133) s2=fng (1830,376) [filtered=1985]
cnt=3 s0=fng (4139,1744) s1=PALM(832,2135) s2=fng (1831,374) [filtered=1986]
cnt=3 s0=fng (4134,1743) s1=PALM(834,2136) s2=fng (1832,369) [filtered=1987]
cnt=3 s0=fng (4130,1742) s1=PALM(836,2137) s2=fng (1833,365) [filtered=1988]
cnt=3 s0=fng (4125,1740) s1=PALM(838,2137) s2=fng (1834,358) [filtered=1989]
cnt=3 s0=fng (4120,1739) s1=PALM(840,2137) s2=fng (1835,352) [filtered=1990]
cnt=3 s0=fng (4114,1736) s1=PALM(842,2137) s2=fng (1836,343) [filtered=1991]
cnt=3 s0=fng (4108,1734) s1=PALM(844,2137) s2=fng (1837,335) [filtered=1992]
cnt=3 s0=fng (4102,1732) s1=PALM(846,2137) s2=fng (1838,327) [filtered=1993]
cnt=3 s0=fng (4096,1729) s1=PALM(848,2137) s2=fng (1839,319) [filtered=1994]
cnt=3 s0=fng (4090,1727) s1=PALM(850,2137) s2=fng (1840,311) [filtered=1995]
cnt=3 s0=fng (4082,1722) s1=PALM(852,2137) s2=fng (1840,302) [filtered=1996]
cnt=3 s0=fng (4074,1718) s1=PALM(854,2137) s2=fng (1840,293) [filtered=1997]
cnt=3 s0=fng (4066,1713) s1=PALM(856,2134) s2=fng (1841,284) [filtered=1998]
cnt=3 s0=fng (4058,1709) s1=PALM(858,2131) s2=fng (1842,275) [filtered=1999]
cnt=3 s0=fng (4050,1703) s1=PALM(860,2128) s2=fng (1843,266) [filtered=2000]
cnt=3 s0=fng (4042,1698) s1=PALM(862,2125) s2=fng (1844,257) [filtered=2001]
cnt=3 s0=fng (4034,1692) s1=PALM(864,2120) s2=fng (1845,249) [filtered=2002]
cnt=3 s0=fng (4026,1686) s1=PALM(866,2115) s2=fng (1846,241) [filtered=2003]
cnt=3 s0=fng (4018,1680) s1=PALM(870,2109) s2=fng (1847,233) [filtered=2004]
cnt=3 s0=fng (4010,1674) s1=PALM(874,2103) s2=fng (1848,225) [filtered=2005]
cnt=3 s0=fng (4001,1668) s1=fng (879,2096) s2=fng (1849,217) [filtered=2005]
cnt=3 s0=fng (3992,1662) s1=fng (884,2089) s2=fng (1850,209) [filtered=2005]
cnt=3 s0=fng (3983,1656) s1=fng (890,2080) s2=fng (1850,202) [filtered=2005]
cnt=3 s0=fng (3974,1650) s1=fng (896,2072) s2=fng (1850,195) [filtered=2005]
cnt=3 s0=fng (3966,1644) s1=fng (904,2063) s2=fng (1850,189) [filtered=2005]
cnt=3 s0=fng (3958,1638) s1=fng (912,2054) s2=fng (1850,183) [filtered=2005]
cnt=3 s0=fng (3950,1633) s1=fng (920,2044) s2=fng (1850,177) [filtered=2005]
cnt=3 s0=fng (3942,1628) s1=fng (928,2035) s2=fng (1850,171) [filtered=2005]
cnt=3 s0=fng (3934,1623) s1=fng (936,2026) s2=fng (1851,165) [filtered=2005]
cnt=3 s0=fng (3926,1618) s1=fng (944,2017) s2=fng (1852,159) [filtered=2005]
cnt=3 s0=fng (3918,1614) s1=fng (952,2008) s2=fng (1853,153) [filtered=2005]
cnt=3 s0=fng (3910,1610) s1=fng (960,2000) s2=fng (1853,147) [filtered=2005]
cnt=3 s0=fng (3903,1606) s1=fng (968,1991) s2=fng (1854,142) [filtered=2005]
cnt=3 s0=fng (3896,1602) s1=fng (976,1983) s2=fng (1855,137) [filtered=2005]
cnt=3 s0=fng (3890,1599) s1=fng (984,1974) s2=fng (1855,133) [filtered=2005]
cnt=3 s0=fng (3884,1596) s1=fng (992,1966) s2=fng (1855,129) [filtered=2005]
cnt=3 s0=fng (3878,1594) s1=fng (999,1958) s2=fng (1856,125) [filtered=2005]
cnt=3 s0=fng (3872,1592) s1=fng (1006,1950) s2=fng (1856,121) [filtered=2005]
cnt=3 s0=fng (3868,1590) s1=fng (1012,1942) s2=fng (1857,118) [filtered=2005]
cnt=3 s0=fng (3864,1588) s1=fng (1018,1934) s2=fng (1857,115) [filtered=2005]
cnt=3 s0=fng (3860,1586) s1=fng (1024,1927) s2=fng (1857,110) [filtered=2005]
cnt=3 s0=fng (3856,1584) s1=fng (1030,1920) s2=fng (1857,105) [filtered=2005]
cnt=3 s0=fng (3853,1582) s1=fng (1035,1914) s2=fng (1858,100) [filtered=2005]
cnt=3 s0=fng (3850,1580) s1=fng (1040,1908) s2=fng (1858,95) [filtered=2005]
cnt=3 s0=fng (3848,1578) s1=fng (1044,1902) s2=fng (1859,90) [filtered=2005]
cnt=3 s0=fng (3846,1576) s1=fng (1048,1897) s2=fng (1859,86) [filtered=2005]
cnt=3 s0=fng (3844,1574) s1=fng (1052,1892) s2=fng (1859,82) [filtered=2005]
cnt=3 s0=fng (3842,1573) s1=fng (1056,1888) s2=fng (1859,78) [filtered=2005]
cnt=3 s0=fng (3840,1572) s1=fng (1060,1884) s2=fng (1859,74) [filtered=2005]
cnt=3 s0=fng (3838,1571) s1=fng (1063,1880) s2=fng (1859,71) [filtered=2005]
cnt=3 s0=fng (3836,1570) s1=fng (1066,1876) s2=fng (1859,68) [filtered=2005]
cnt=3 s0=fng (3835,1570) s1=fng (1069,1873) s2=fng (1858,66) [filtered=2005]
cnt=3 s0=fng (3834,1570) s1=fng (1072,1870) s2=fng (1858,64) [filtered=2005]
cnt=3 s0=fng (3834,1570) s1=fng (1074,1867) s2=fng (1857,62) [filtered=2005]
cnt=3 s0=fng (3834,1570) s1=fng (1076,1864) s2=fng (1857,60) [filtered=2005]
cnt=3 s0=fng (3834,1570) s1=fng (1078,1861) s2=fng (1855,58) [filtered=2005]
cnt=3 s0=fng (3834,1570) s1=fng (1080,1858) s2=fng (1854,56) [filtered=2005]
cnt=3 s0=fng (3834,1570) s1=fng (1082,1856) s2=fng (1852,55) [filtered=2005]
cnt=3 s0=fng (3834,1570) s1=fng (1084,1854) s2=fng (1849,54) [filtered=2005]
cnt=3 s0=fng (3834,1570) s1=fng (1086,1852) s2=fng (1847,53) [filtered=2005]
cnt=3 s0=fng (3834,1570) s1=fng (1088,1850) s2=fng (1843,51) [filtered=2005]
cnt=3 s0=fng (3834,1570) s1=fng (1090,1848) s2=fng (1840,49) [filtered=2005]
cnt=3 s0=fng (3834,1570) s1=fng (1091,1846) s2=fng (1835,47) [filtered=2005]
cnt=3 s0=fng (3834,1570) s1=fng (1092,1844) s2=fng (1831,45) [filtered=2005]
cnt=3 s0=fng (3834,1570) s1=fng (1093,1842) s2=fng (1825,43) [filtered=2005]
cnt=3 s0=fng (3834,1570) s1=fng (1093,1840) s2=fng (1818,42) [filtered=2005]
cnt=3 s0=fng (3834,1570) s1=fng (1093,1838) s2=fng (1812,41) [filtered=2005]
cnt=3 s0=fng (3834,1570) s1=fng (1093,1837) s2=fng (1805,41) [filtered=2005]
cnt=3 s0=fng (3834,1570) s1=fng (1093,1836) s2=fng (1799,41) [filtered=2005]
cnt=3 s0=fng (3834,1570) s1=fng (1093,1836) s2=fng (1792,41) [filtered=2005]
cnt=3 s0=fng (3834,1570) s1=fng (1093,1836) s2=fng (1786,41) [filtered=2005]
cnt=3 s0=fng (3834,1570) s1=fng (1093,1836) s2=fng (1779,41) [filtered=2005]
cnt=3 s0=fng (3834,1570) s1=fng (1093,1836) s2=fng (1772,41) [filtered=2005]
cnt=3 s0=fng (3834,1570) s1=fng (1093,1836) s2=fng (1765,41) [filtered=2005]
cnt=3 s0=fng (3834,1570) s1=fng (1093,1836) s2=fng (1757,44) [filtered=2005]
cnt=3 s0=fng (3834,1570) s1=fng (1093,1836) s2=fng (1750,47) [filtered=2005]
cnt=3 s0=PALM(3837,1570)* s1=fng (1093,1836) s2=fng (1743,51) [filtered=2006]
cnt=3 s0=PALM(3840,1570)* s1=fng (1093,1836) s2=fng (1736,55) [filtered=2007]
cnt=3 s0=PALM(3843,1570)* s1=fng (1093,1839) s2=fng (1729,60) [filtered=2008]
cnt=3 s0=PALM(3846,1570)* s1=fng (1093,1842) s2=fng (1722,65) [filtered=2009]
cnt=3 s0=PALM(3849,1570)* s1=fng (1093,1845) s2=fng (1715,70) [filtered=2010]
cnt=3 s0=PALM(3852,1570)* s1=fng (1093,1848) s2=fng (1708,75) [filtered=2011]
cnt=3 s0=PALM(3855,1570)* s1=fng (1090,1851) s2=fng (1702,81) [filtered=2012]
cnt=3 s0=fng (3859,1570) s1=fng (1086,1855) s2=fng (1696,87) [filtered=2012]
cnt=3 s0=fng (3863,1570) s1=fng (1082,1859) s2=fng (1690,93) [filtered=2012]
cnt=3 s0=fng (3867,1570) s1=fng (1077,1864) s2=fng (1684,98) [filtered=2012]
cnt=3 s0=fng (3871,1570) s1=fng (1072,1869) s2=fng (1678,103) [filtered=2012]
cnt=3 s0=fng (3875,1570) s1=fng (1064,1875) s2=fng (1673,108) [filtered=2012]
cnt=3 s0=fng (3880,1570) s1=fng (1064,1875) s2=fng (1668,113) [filtered=2012]
cnt=2 s0=fng (3880,1570) s2=fng (1668,113) [filtered=2012]
cnt=2 s0=fng (3885,1570) s2=fng (1663,118) [filtered=2012]
cnt=2 s0=fng (3890,1570) s2=fng (1658,122) [filtered=2012]
cnt=2 s0=fng (3895,1570) s2=fng (1653,125) [filtered=2012]
cnt=2 s0=fng (3900,1570) s2=fng (1648,128) [filtered=2012]
cnt=2 s0=fng (3906,1570) s2=fng (1644,128) [filtered=2012]
cnt=2 s0=fng (3912,1573) s2=fng (1640,131) [filtered=2012]
cnt=2 s0=fng (3918,1576) s2=fng (1636,134) [filtered=2012]
cnt=2 s0=fng (3925,1579) s2=fng (1632,134) [filtered=2012]
cnt=2 s0=fng (3932,1582) s2=fng (1629,134) [filtered=2012]
cnt=2 s0=fng (3938,1582) s2=fng (1626,134) [filtered=2012]
cnt=2 s0=fng (3944,1584) s2=fng (1623,134) [filtered=2012]
cnt=2 s0=fng (3950,1586) s2=fng (1620,134) [filtered=2012]
cnt=2 s0=fng (3956,1589) s2=fng (1618,134) [filtered=2012]
cnt=2 s0=fng (3961,1590) s2=fng (1616,134) [filtered=2012]
cnt=2 s0=fng (3969,1593) s2=fng (1614,134) [filtered=2012]
cnt=2 s0=fng (3977,1597) s2=fng (1612,134) [filtered=2012]
cnt=2 s0=fng (3984,1600) s2=fng (1610,134) [filtered=2012]
cnt=2 s0=fng (3991,1604) s2=fng (1608,134) [filtered=2012]
cnt=2 s0=fng (3997,1608) s2=fng (1607,134) [filtered=2012]
cnt=2 s0=fng (4003,1613) s2=fng (1607,134) [filtered=2012]
cnt=2 s0=fng (4008,1617) s2=fng (1607,134) [filtered=2012]
cnt=2 s0=fng (4013,1622) s2=fng (1605,134) [filtered=2012]
cnt=2 s0=fng (4018,1627) s2=fng (1603,134) [filtered=2012]
cnt=2 s0=fng (4023,1632) s2=fng (1601,134) [filtered=2012]
cnt=2 s0=fng (4028,1636) s2=fng (1600,134) [filtered=2012]
cnt=2 s0=fng (4033,1641) s2=fng (1598,134) [filtered=2012]
cnt=2 s0=fng (4038,1646) s2=fng (1594,134) [filtered=2012]
cnt=2 s0=fng (4042,1650) s2=fng (1592,134) [filtered=2012]
cnt=2 s0=fng (4047,1655) s2=fng (1588,137) [filtered=2012]
cnt=2 s0=fng (4052,1660) s2=fng (1584,141) [filtered=2012]
cnt=2 s0=fng (4057,1664) s2=fng (1577,145) [filtered=2012]
cnt=2 s0=fng (4062,1667) s2=fng (1571,147) [filtered=2012]
cnt=2 s0=fng (4068,1671) s2=fng (1564,150) [filtered=2012]
cnt=2 s0=fng (4074,1675) s2=fng (1557,154) [filtered=2012]
cnt=2 s0=fng (4079,1678) s2=fng (1551,156) [filtered=2012]
cnt=2 s0=fng (4085,1680) s2=fng (1543,160) [filtered=2012]
cnt=2 s0=fng (4091,1682) s2=fng (1534,164) [filtered=2012]
cnt=2 s0=fng (4098,1685) s2=fng (1524,167) [filtered=2012]
cnt=2 s0=fng (4104,1687) s2=fng (1514,169) [filtered=2012]
cnt=2 s0=fng (4111,1688) s2=fng (1504,172) [filtered=2012]
cnt=2 s0=fng (4118,1689) s2=fng (1494,175) [filtered=2012]
cnt=2 s0=fng (4125,1689) s2=fng (1483,177) [filtered=2012]
cnt=2 s0=fng (4131,1689) s2=fng (1472,178) [filtered=2012]
cnt=2 s0=fng (4138,1689) s2=fng (1461,180) [filtered=2012]
cnt=2 s0=fng (4145,1689) s2=fng (1450,182) [filtered=2012]
cnt=2 s0=fng (4153,1688) s2=fng (1439,184) [filtered=2012]
cnt=2 s0=fng (4160,1687) s2=fng (1429,185) [filtered=2012]
cnt=2 s0=fng (4169,1686) s2=fng (1419,186) [filtered=2012]
cnt=2 s0=fng (4178,1683) s2=fng (1409,187) [filtered=2012]
cnt=2 s0=fng (4186,1682) s2=fng (1400,188) [filtered=2012]
cnt=2 s0=fng (4194,1678) s2=fng (1390,189) [filtered=2012]
cnt=2 s0=fng (4202,1674) s2=fng (1380,190) [filtered=2012]
cnt=2 s0=fng (4209,1667) s2=fng (1369,190) [filtered=2012]
cnt=2 s0=fng (4215,1661) s2=fng (1359,190) [filtered=2012]
cnt=2 s0=fng (4222,1654) s2=fng (1346,190) [filtered=2012]
cnt=2 s0=fng (4229,1646) s2=fng (1332,191) [filtered=2012]
cnt=2 s0=fng (4235,1639) s2=fng (1319,191) [filtered=2012]
cnt=2 s0=fng (4241,1630) s2=fng (1304,191) [filtered=2012]
cnt=2 s0=fng (4247,1620) s2=fng (1288,191) [filtered=2012]
cnt=2 s0=fng (4252,1610) s2=fng (1272,191) [filtered=2012]
cnt=2 s0=fng (4256,1600) s2=fng (1256,191) [filtered=2012]
cnt=2 s0=fng (4259,1590) s2=fng (1240,191) [filtered=2012]
cnt=2 s0=fng (4263,1580) s2=fng (1223,191) [filtered=2012]
cnt=2 s0=fng (4267,1571) s2=fng (1206,191) [filtered=2012]
cnt=2 s0=fng (4271,1562) s2=fng (1190,192) [filtered=2012]
cnt=2 s0=fng (4274,1554) s2=fng (1175,192) [filtered=2012]
cnt=2 s0=fng (4277,1547) s2=fng (1161,193) [filtered=2012]
cnt=2 s0=fng (4279,1541) s2=fng (1148,193) [filtered=2012]
cnt=2 s0=fng (4281,1536) s2=fng (1137,194) [filtered=2012]
cnt=2 s0=fng (4283,1532) s2=fng (1127,194) [filtered=2012]
cnt=2 s0=fng (4284,1528) s2=fng (1118,195) [filtered=2012]
cnt=2 s0=fng (4285,1525) s2=fng (1110,196) [filtered=2012]
cnt=2 s0=fng (4286,1523) s2=fng (1104,198) [filtered=2012]
cnt=2 s0=fng (4287,1521) s2=fng (1098,199) [filtered=2012]
cnt=2 s0=fng (4287,1520) s2=fng (1093,200) [filtered=2012]
cnt=2 s0=fng (4287,1520) s2=fng (1089,202) [filtered=2012]
cnt=2 s0=fng (4286,1520) s2=fng (1086,204) [filtered=2012]
cnt=2 s0=fng (4286,1520) s2=fng (1083,205) [filtered=2012]
cnt=2 s0=fng (4285,1520) s2=fng (1081,207) [filtered=2012]
cnt=2 s0=fng (4284,1520) s2=fng (1080,209) [filtered=2012]
cnt=2 s0=fng (4284,1520) s2=fng (1079,210) [filtered=2012]
cnt=2 s0=fng (4283,1523) s2=fng (1079,212) [filtered=2012]
cnt=2 s0=fng (4282,1526) s2=fng (1082,214) [filtered=2012]
cnt=2 s0=fng (4281,1529) s2=fng (1085,215) [filtered=2012]
cnt=2 s0=fng (4279,1532) s2=fng (1089,216) [filtered=2012]
cnt=2 s0=fng (4276,1536) s2=fng (1096,218) [filtered=2012]
cnt=2 s0=fng (4274,1539) s2=fng (1102,219) [filtered=2012]
cnt=2 s0=fng (4270,1544) s2=fng (1112,220) [filtered=2012]
cnt=2 s0=fng (4267,1548) s2=fng (1121,220) [filtered=2012]
cnt=3 s0=fng (4262,1555) s1=PALM(546,2116) s2=fng (1134,221) [filtered=2013]
cnt=3 s0=fng (4258,1561) s1=PALM(546,2116) s2=fng (1146,221) [filtered=2014]
cnt=3 s0=fng (4252,1570) s1=PALM(546,2118) s2=fng (1164,222) [filtered=2015]
cnt=3 s0=fng (4244,1583) s1=PALM(546,2121) s2=fng (1189,224) [filtered=2016]
cnt=3 s0=fng (4237,1596) s1=PALM(546,2122) s2=fng (1214,225) [filtered=2017]
cnt=3 s0=fng (4226,1613) s1=PALM(547,2127) s2=fng (1247,228) [filtered=2018]
cnt=3 s0=fng (4216,1629) s1=PALM(547,2132) s2=fng (1279,230) [filtered=2019]
cnt=3 s0=fng (4203,1649) s1=PALM(549,2139) s2=fng (1318,233) [filtered=2020]
cnt=3 s0=fng (4191,1668) s1=PALM(550,2145) s2=fng (1356,235) [filtered=2021]
cnt=3 s0=fng (4176,1691) s1=PALM(553,2153) s2=fng (1399,240) [filtered=2022]
cnt=3 s0=fng (4160,1716) s1=PALM(559,2162) s2=fng (1443,246) [filtered=2023]
cnt=3 s0=fng (4145,1740) s1=PALM(564,2171) s2=fng (1486,252) [filtered=2024]
cnt=3 s0=fng (4128,1765) s1=PALM(573,2180) s2=fng (1529,259) [filtered=2025]
cnt=3 s0=fng (4112,1789) s1=PALM(582,2188) s2=fng (1571,265) [filtered=2026]
cnt=3 s0=fng (4096,1813) s1=PALM(593,2197) s2=fng (1610,273) [filtered=2027]
cnt=3 s0=fng (4080,1837) s1=PALM(603,2205) s2=fng (1649,280) [filtered=2028]
cnt=3 s0=fng (4064,1860) s1=PALM(616,2213) s2=fng (1684,287) [filtered=2029]
cnt=3 s0=fng (4048,1883) s1=PALM(628,2221) s2=fng (1719,294) [filtered=2030]
cnt=3 s0=fng (4032,1905) s1=PALM(643,2227) s2=fng (1750,301) [filtered=2031]
cnt=3 s0=fng (4016,1927) s1=PALM(657,2233) s2=fng (1781,308) [filtered=2032]
cnt=3 s0=fng (4001,1947) s1=PALM(671,2239) s2=fng (1808,314) [filtered=2033]
cnt=3 s0=fng (3986,1967) s1=PALM(685,2245) s2=fng (1835,320) [filtered=2034]
cnt=3 s0=fng (3972,1985) s1=PALM(700,2250) s2=fng (1859,326) [filtered=2035]
cnt=3 s0=fng (3958,2003) s1=PALM(715,2255) s2=fng (1883,332) [filtered=2036]
cnt=3 s0=fng (3944,2019) s1=PALM(730,2259) s2=fng (1902,339) [filtered=2037]
cnt=3 s0=fng (3930,2035) s1=PALM(745,2263) s2=fng (1921,346) [filtered=2038]
cnt=3 s0=fng (3917,2049) s1=PALM(759,2266) s2=fng (1936,353) [filtered=2039]
cnt=3 s0=fng (3904,2063) s1=PALM(773,2269) s2=fng (1951,360) [filtered=2040]
cnt=3 s0=fng (3891,2077) s1=PALM(787,2272) s2=fng (1966,367) [filtered=2041]
cnt=3 s0=fng (3879,2089) s1=PALM(801,2275) s2=fng (1978,373) [filtered=2042]
cnt=3 s0=PALM(3867,2101) s1=PALM(815,2278) s2=fng (1990,379) [filtered=2043]
cnt=3 s0=PALM(3856,2110) s1=PALM(827,2280) s2=fng (1999,385) [filtered=2044]
cnt=3 s0=PALM(3845,2119) s1=PALM(839,2282) s2=fng (2008,391) [filtered=2045]
cnt=3 s0=PALM(3834,2128) s1=PALM(851,2284) s2=fng (2017,397) [filtered=2046]
cnt=3 s0=PALM(3825,2135) s1=PALM(861,2286) s2=fng (2024,401) [filtered=2047]
cnt=3 s0=PALM(3816,2142) s1=PALM(871,2288) s2=fng (2031,405) [filtered=2048]
cnt=3 s0=PALM(3809,2147) s1=PALM(879,2290) s2=fng (2036,408) [filtered=2049]
cnt=3 s0=PALM(3802,2152) s1=PALM(887,2292) s2=fng (2041,411) [filtered=2050]
cnt=3 s0=PALM(3795,2157) s1=PALM(895,2294) s2=fng (2046,414) [filtered=2051]
cnt=3 s0=PALM(3791,2160) s1=PALM(901,2296) s2=fng (2049,415) [filtered=2052]
cnt=3 s0=PALM(3787,2163) s1=PALM(907,2298) s2=fng (2052,416) [filtered=2053]
cnt=3 s0=PALM(3785,2165) s1=PALM(909,2300) s2=fng (2053,416) [filtered=2054]
cnt=3 s0=PALM(3783,2167) s1=PALM(911,2302) s2=fng (2054,416) [filtered=2055]
cnt=3 s0=PALM(3781,2169) s1=PALM(913,2304) s2=fng (2055,416) [filtered=2056]
cnt=3 s0=PALM(3781,2170) s1=PALM(913,2306) s2=fng (2050,412) [filtered=2057]
cnt=3 s0=PALM(3781,2171) s1=PALM(913,2308) s2=fng (2045,408) [filtered=2058]
cnt=3 s0=PALM(3784,2171) s1=PALM(908,2309) s2=fng (2035,403) [filtered=2059]
cnt=3 s0=PALM(3787,2171) s1=PALM(903,2310) s2=fng (2025,398) [filtered=2060]
cnt=3 s0=PALM(3792,2171) s1=PALM(897,2311) s2=fng (2010,393) [filtered=2061]
cnt=3 s0=PALM(3797,2171) s1=PALM(891,2312) s2=fng (1995,388) [filtered=2062]
cnt=3 s0=PALM(3802,2171) s1=PALM(884,2313) s2=fng (1977,383) [filtered=2063]
cnt=3 s0=PALM(3807,2171) s1=PALM(877,2314) s2=fng (1959,378) [filtered=2064]
cnt=3 s0=PALM(3812,2171) s1=PALM(868,2315) s2=fng (1938,373) [filtered=2065]
cnt=3 s0=PALM(3817,2171) s1=PALM(859,2316) s2=fng (1917,368) [filtered=2066]
cnt=3 s0=PALM(3823,2171) s1=PALM(849,2317) s2=fng (1893,363) [filtered=2067]
cnt=3 s0=PALM(3829,2171) s1=PALM(839,2318) s2=fng (1869,358) [filtered=2068]
cnt=3 s0=PALM(3836,2171) s1=PALM(828,2318) s2=fng (1842,353) [filtered=2069]
cnt=3 s0=PALM(3843,2171) s1=PALM(817,2318) s2=fng (1815,348) [filtered=2070]
cnt=3 s0=PALM(3852,2171) s1=PALM(805,2318) s2=fng (1786,343) [filtered=2071]
cnt=3 s0=PALM(3861,2171) s1=PALM(793,2318) s2=fng (1757,339) [filtered=2072]
cnt=3 s0=PALM(3871,2168) s1=PALM(780,2318) s2=fng (1728,335) [filtered=2073]
cnt=3 s0=PALM(3881,2165) s1=PALM(767,2318) s2=fng (1699,333) [filtered=2074]
cnt=3 s0=PALM(3892,2160) s1=PALM(754,2318) s2=fng (1670,333) [filtered=2075]
cnt=3 s0=PALM(3903,2155) s1=PALM(741,2318) s2=fng (1641,332) [filtered=2076]
cnt=3 s0=PALM(3916,2150) s1=PALM(728,2315) s2=fng (1612,332) [filtered=2077]
cnt=3 s0=PALM(3929,2145) s1=PALM(716,2312) s2=fng (1584,332) [filtered=2078]
cnt=3 s0=PALM(3942,2138) s1=PALM(703,2308) s2=fng (1554,332) [filtered=2079]
cnt=3 s0=PALM(3955,2131) s1=PALM(690,2304) s2=fng (1525,332) [filtered=2080]
cnt=3 s0=PALM(3970,2123) s1=PALM(676,2299) s2=fng (1496,332) [filtered=2081]
cnt=3 s0=PALM(3985,2115) s1=PALM(663,2294) s2=fng (1467,332) [filtered=2082]
cnt=3 s0=PALM(4001,2105) s1=PALM(650,2288) s2=fng (1439,332) [filtered=2083]
cnt=3 s0=fng (4016,2095) s1=PALM(637,2282) s2=fng (1412,332) [filtered=2084]
cnt=3 s0=fng (4032,2084) s1=PALM(624,2276) s2=fng (1384,331) [filtered=2085]
cnt=3 s0=fng (4047,2073) s1=PALM(612,2271) s2=fng (1357,330) [filtered=2086]
cnt=3 s0=fng (4063,2060) s1=PALM(599,2265) s2=fng (1330,329) [filtered=2087]
cnt=3 s0=fng (4078,2047) s1=PALM(587,2260) s2=fng (1304,328) [filtered=2088]
cnt=3 s0=fng (4093,2032) s1=PALM(574,2253) s2=fng (1275,325) [filtered=2089]
cnt=3 s0=fng (4109,2016) s1=PALM(561,2246) s2=fng (1245,322) [filtered=2090]
cnt=3 s0=fng (4124,2000) s1=PALM(549,2239) s2=fng (1215,320) [filtered=2091]
cnt=3 s0=fng (4138,1984) s1=PALM(537,2233) s2=fng (1186,318) [filtered=2092]
cnt=3 s0=fng (4153,1968) s1=PALM(526,2225) s2=fng (1158,316) [filtered=2093]
cnt=3 s0=fng (4168,1951) s1=PALM(516,2216) s2=fng (1129,312) [filtered=2094]
cnt=3 s0=fng (4182,1934) s1=PALM(506,2208) s2=fng (1101,309) [filtered=2095]
cnt=3 s0=fng (4195,1917) s1=PALM(496,2199) s2=fng (1075,305) [filtered=2096]
cnt=3 s0=fng (4208,1900) s1=PALM(486,2191) s2=fng (1049,302) [filtered=2097]
cnt=3 s0=fng (4220,1883) s1=PALM(478,2183) s2=fng (1025,300) [filtered=2098]
cnt=3 s0=fng (4232,1866) s1=PALM(470,2175) s2=fng (1001,298) [filtered=2099]
cnt=3 s0=fng (4243,1850) s1=PALM(463,2167) s2=fng (979,296) [filtered=2100]
cnt=3 s0=fng (4254,1835) s1=PALM(456,2159) s2=fng (957,294) [filtered=2101]
cnt=3 s0=fng (4264,1820) s1=PALM(450,2152) s2=fng (939,292) [filtered=2102]
cnt=3 s0=fng (4274,1806) s1=PALM(444,2145) s2=fng (921,290) [filtered=2103]
cnt=3 s0=fng (4284,1792) s1=PALM(439,2139) s2=fng (906,288) [filtered=2104]
cnt=3 s0=fng (4292,1777) s1=PALM(435,2133) s2=fng (894,287) [filtered=2105]
cnt=3 s0=fng (4300,1763) s1=PALM(431,2127) s2=fng (882,287) [filtered=2106]
cnt=3 s0=fng (4308,1750) s1=PALM(427,2121) s2=fng (870,287) [filtered=2107]
cnt=3 s0=fng (4315,1739) s1=PALM(425,2116) s2=fng (860,286) [filtered=2108]
cnt=3 s0=fng (4321,1728) s1=PALM(423,2112) s2=fng (853,285) [filtered=2109]
cnt=3 s0=fng (4327,1718) s1=PALM(421,2108) s2=fng (846,284) [filtered=2110]
cnt=3 s0=fng (4331,1709) s1=PALM(421,2104) s2=fng (842,283) [filtered=2111]
cnt=3 s0=fng (4335,1700) s1=PALM(421,2100) s2=fng (838,283) [filtered=2112]
cnt=3 s0=fng (4339,1692) s1=fng (421,2096) s2=fng (834,283) [filtered=2112]
cnt=3 s0=fng (4341,1685) s1=fng (421,2093) s2=fng (833,282) [filtered=2112]
cnt=3 s0=fng (4343,1678) s1=fng (421,2090) s2=fng (832,282) [filtered=2112]
cnt=3 s0=fng (4343,1672) s1=fng (421,2088) s2=fng (836,281) [filtered=2112]
cnt=3 s0=fng (4343,1666) s1=fng (421,2086) s2=fng (840,281) [filtered=2112]
cnt=3 s0=fng (4343,1662) s1=fng (424,2085) s2=fng (847,280) [filtered=2112]
cnt=3 s0=fng (4343,1658) s1=fng (427,2084) s2=fng (854,280) [filtered=2112]
cnt=3 s0=fng (4340,1656) s1=fng (431,2084) s2=fng (865,279) [filtered=2112]
cnt=3 s0=fng (4337,1654) s1=fng (435,2084) s2=fng (876,279) [filtered=2112]
cnt=3 s0=fng (4333,1653) s1=fng (439,2084) s2=fng (891,278) [filtered=2112]
cnt=3 s0=fng (4329,1652) s1=fng (443,2084) s2=fng (906,278) [filtered=2112]
cnt=3 s0=fng (4324,1652) s1=fng (448,2087) s2=fng (927,277) [filtered=2112]
cnt=3 s0=fng (4319,1652) s1=fng (453,2090) s2=fng (948,277) [filtered=2112]
cnt=3 s0=fng (4314,1652) s1=fng (458,2093) s2=fng (968,277) [filtered=2112]
cnt=3 s0=fng (4309,1652) s1=fng (463,2097) s2=fng (995,276) [filtered=2112]
cnt=3 s0=fng (4304,1652) s1=PALM(468,2101) s2=fng (1022,276) [filtered=2113]
cnt=3 s0=fng (4298,1652) s1=PALM(473,2106) s2=fng (1057,277) [filtered=2114]
cnt=3 s0=fng (4292,1652) s1=PALM(476,2111) s2=fng (1091,277) [filtered=2115]
cnt=3 s0=fng (4285,1655) s1=PALM(482,2116) s2=fng (1134,279) [filtered=2116]
cnt=3 s0=fng (4278,1658) s1=PALM(487,2121) s2=fng (1177,280) [filtered=2117]
cnt=3 s0=fng (4270,1661) s1=PALM(494,2126) s2=fng (1218,282) [filtered=2118]
cnt=3 s0=fng (4262,1664) s1=PALM(500,2130) s2=fng (1258,283) [filtered=2119]
cnt=3 s0=fng (4252,1668) s1=PALM(509,2135) s2=fng (1294,284) [filtered=2120]
cnt=2 s0=fng (4239,1673) s1=PALM(519,2141) [filtered=2121]
cnt=2 s0=fng (4227,1677) s1=PALM(529,2146) [filtered=2122]
cnt=2 s0=fng (4213,1681) s1=PALM(540,2153) [filtered=2123]
cnt=2 s0=fng (4199,1684) s1=PALM(550,2159) [filtered=2124]
cnt=2 s0=fng (4183,1688) s1=PALM(563,2166) [filtered=2125]
cnt=2 s0=fng (4168,1692) s1=PALM(575,2172) [filtered=2126]
cnt=2 s0=fng (4150,1697) s1=PALM(587,2180) [filtered=2127]
cnt=2 s0=fng (4133,1701) s1=PALM(599,2187) [filtered=2128]
cnt=2 s0=fng (4114,1708) s1=PALM(611,2194) [filtered=2129]
cnt=2 s0=fng (4095,1716) s1=PALM(625,2201) [filtered=2130]
cnt=2 s0=fng (4077,1724) s1=PALM(638,2207) [filtered=2131]
cnt=2 s0=fng (4059,1732) s1=PALM(652,2213) [filtered=2132]
cnt=2 s0=fng (4042,1741) s1=PALM(667,2217) [filtered=2133]
cnt=2 s0=fng (4026,1749) s1=PALM(681,2221) [filtered=2134]
cnt=2 s0=fng (4010,1758) s1=PALM(695,2225) [filtered=2135]
cnt=2 s0=fng (3994,1766) s1=PALM(709,2229) [filtered=2136]
cnt=2 s0=fng (3980,1775) s1=PALM(723,2232) [filtered=2137]
cnt=2 s0=fng (3966,1783) s1=PALM(737,2235) [filtered=2138]
cnt=2 s0=fng (3953,1791) s1=PALM(751,2237) [filtered=2139]
cnt=2 s0=fng (3940,1799) s1=PALM(765,2239) [filtered=2140]
cnt=2 s0=fng (3928,1806) s1=PALM(779,2239) [filtered=2141]
cnt=2 s0=fng (3916,1813) s1=PALM(793,2239) [filtered=2142]
cnt=2 s0=fng (3906,1819) s1=PALM(806,2239) [filtered=2143]
cnt=2 s0=fng (3896,1825) s1=PALM(819,2239) [filtered=2144]
cnt=2 s0=fng (3887,1830) s1=PALM(832,2236) [filtered=2145]
cnt=2 s0=fng (3878,1835) s1=PALM(845,2233) [filtered=2146]
cnt=2 s0=fng (3870,1838) s1=PALM(858,2229) [filtered=2147]
cnt=2 s0=fng (3862,1841) s1=PALM(871,2226) [filtered=2148]
cnt=2 s0=fng (3855,1843) s1=PALM(883,2223) [filtered=2149]
cnt=2 s0=fng (3848,1845) s1=PALM(895,2222) [filtered=2150]
cnt=2 s0=fng (3842,1845) s1=PALM(906,2219) [filtered=2151]
cnt=2 s0=fng (3838,1845) s1=PALM(916,2216) [filtered=2152]
cnt=2 s0=fng (3834,1845) s1=PALM(926,2214) [filtered=2153]
cnt=2 s0=fng (3831,1845) s1=PALM(935,2211) [filtered=2154]
cnt=2 s0=fng (3828,1845) s1=PALM(944,2209) [filtered=2155]
cnt=2 s0=fng (3827,1842) s1=PALM(952,2206) [filtered=2156]
cnt=2 s0=fng (3826,1839) s1=PALM(960,2204) [filtered=2157]
cnt=2 s0=fng (3826,1836) s1=PALM(966,2202) [filtered=2158]
cnt=2 s0=fng (3829,1833) s1=PALM(971,2199) [filtered=2159]
cnt=2 s0=fng (3832,1830) s1=PALM(976,2197) [filtered=2160]
cnt=2 s0=fng (3835,1827) s1=PALM(980,2195) [filtered=2161]
cnt=2 s0=fng (3838,1824) s1=PALM(984,2193) [filtered=2162]
cnt=2 s0=fng (3841,1821) s1=PALM(988,2191) [filtered=2163]
cnt=2 s0=fng (3844,1818) s1=PALM(992,2189) [filtered=2164]
cnt=2 s0=fng (3847,1815) s1=PALM(995,2187) [filtered=2165]
cnt=2 s0=fng (3850,1812) s1=PALM(997,2185) [filtered=2166]
cnt=2 s0=fng (3853,1811) s1=PALM(999,2183) [filtered=2167]
cnt=2 s0=fng (3857,1810) s1=PALM(1001,2181) [filtered=2168]
cnt=2 s0=fng (3860,1809) s1=PALM(1002,2179) [filtered=2169]
cnt=2 s0=fng (3863,1808) s1=PALM(1003,2177) [filtered=2170]
cnt=2 s0=fng (3866,1807) s1=PALM(1003,2176) [filtered=2171]
cnt=2 s0=fng (3869,1806) s1=PALM(1003,2176) [filtered=2172]
cnt=2 s0=fng (3872,1806) s1=PALM(1003,2176) [filtered=2173]
cnt=2 s0=fng (3875,1805) s1=PALM(1003,2174) [filtered=2174]
cnt=2 s0=fng (3878,1803) s1=PALM(1003,2173) [filtered=2175]
cnt=2 s0=fng (3881,1802) s1=PALM(1003,2172) [filtered=2176]
cnt=2 s0=fng (3884,1801) s1=PALM(1003,2171) [filtered=2177]
cnt=2 s0=fng (3887,1799) s1=PALM(1003,2169) [filtered=2178]
cnt=2 s0=fng (3890,1798) s1=PALM(1003,2168) [filtered=2179]
cnt=2 s0=fng (3893,1796) s1=PALM(1003,2167) [filtered=2180]
cnt=2 s0=fng (3896,1794) s1=PALM(1003,2166) [filtered=2181]
cnt=2 s0=fng (3899,1793) s1=PALM(1003,2165) [filtered=2182]
cnt=2 s0=fng (3902,1791) s1=PALM(1003,2164) [filtered=2183]
cnt=2 s0=fng (3905,1790) s1=PALM(1003,2163) [filtered=2184]
cnt=2 s0=fng (3908,1787) s1=PALM(1003,2162) [filtered=2185]
cnt=2 s0=fng (3911,1785) s1=PALM(1003,2161) [filtered=2186]
cnt=2 s0=fng (3911,1782) s1=PALM(1003,2160) [filtered=2187]
cnt=2 s0=fng (3911,1779) s1=PALM(1003,2158) [filtered=2188]
cnt=2 s0=fng (3911,1777) s1=PALM(1003,2157) [filtered=2189]
cnt=2 s0=fng (3911,1774) s1=PALM(1003,2156) [filtered=2190]
cnt=2 s0=fng (3911,1772) s1=PALM(1003,2155) [filtered=2191]
cnt=2 s0=fng (3914,1768) s1=PALM(1004,2154) [filtered=2192]
cnt=2 s0=fng (3916,1765) s1=PALM(1005,2153) [filtered=2193]
cnt=2 s0=fng (3917,1760) s1=PALM(1006,2151) [filtered=2194]
cnt=2 s0=fng (3919,1755) s1=PALM(1007,2148) [filtered=2195]
cnt=2 s0=fng (3920,1751) s1=PALM(1008,2146) [filtered=2196]
cnt=2 s0=fng (3921,1746) s1=PALM(1009,2144) [filtered=2197]
cnt=2 s0=fng (3922,1742) s1=PALM(1010,2142) [filtered=2198]
cnt=2 s0=fng (3924,1738) s1=PALM(1011,2140) [filtered=2199]
cnt=2 s0=fng (3925,1734) s1=PALM(1012,2138) [filtered=2200]
cnt=2 s0=fng (3927,1729) s1=PALM(1014,2136) [filtered=2201]
cnt=2 s0=fng (3930,1723) s1=PALM(1016,2133) [filtered=2202]
cnt=2 s0=fng (3932,1718) s1=PALM(1018,2131) [filtered=2203]
cnt=2 s0=fng (3935,1712) s1=PALM(1020,2129) [filtered=2204]
cnt=2 s0=fng (3937,1707) s1=PALM(1022,2127) [filtered=2205]
cnt=2 s0=fng (3940,1702) s1=PALM(1025,2125) [filtered=2206]
cnt=2 s0=fng (3943,1696) s1=PALM(1029,2122) [filtered=2207]
cnt=2 s0=fng (3945,1691) s1=PALM(1033,2120) [filtered=2208]
cnt=2 s0=fng (3947,1686) s1=PALM(1037,2117) [filtered=2209]
cnt=2 s0=fng (3949,1681) s1=PALM(1041,2115) [filtered=2210]
cnt=2 s0=fng (3950,1676) s1=PALM(1045,2112) [filtered=2211]
cnt=2 s0=fng (3949,1671) s1=PALM(1049,2110) [filtered=2212]
cnt=2 s0=fng (3950,1667) s1=PALM(1053,2107) [filtered=2213]
cnt=2 s0=fng (3951,1663) s1=PALM(1057,2105) [filtered=2214]
cnt=2 s0=fng (3953,1659) s1=PALM(1061,2103) [filtered=2215]
cnt=2 s0=fng (3954,1655) s1=PALM(1065,2101) [filtered=2216]
cnt=2 s0=fng (3955,1651) s1=PALM(1069,2099) [filtered=2217]
cnt=2 s0=fng (3955,1647) s1=fng (1073,2097) [filtered=2217]
cnt=2 s0=fng (3956,1643) s1=fng (1077,2095) [filtered=2217]
cnt=2 s0=fng (3957,1639) s1=fng (1081,2093) [filtered=2217]
cnt=2 s0=fng (3958,1635) s1=fng (1084,2092) [filtered=2217]
cnt=2 s0=fng (3960,1632) s1=fng (1087,2091) [filtered=2217]
cnt=2 s0=fng (3961,1629) s1=fng (1090,2091) [filtered=2217]
cnt=2 s0=fng (3963,1626) s1=fng (1093,2090) [filtered=2217]
cnt=2 s0=fng (3964,1623) s1=fng (1096,2090) [filtered=2217]
cnt=2 s0=fng (3966,1621) s1=fng (1098,2089) [filtered=2217]
cnt=2 s0=fng (3967,1619) s1=fng (1100,2089) [filtered=2217]
cnt=2 s0=fng (3970,1617) s1=fng (1102,2088) [filtered=2217]
cnt=2 s0=fng (3972,1615) s1=fng (1104,2088) [filtered=2217]
cnt=2 s0=fng (3974,1614) s1=fng (1106,2087) [filtered=2217]
cnt=2 s0=fng (3976,1613) s1=fng (1108,2087) [filtered=2217]
cnt=2 s0=fng (3978,1612) s1=fng (1109,2087) [filtered=2217]
cnt=2 s0=fng (3980,1611) s1=fng (1110,2087) [filtered=2217]
cnt=2 s0=fng (3982,1611) s1=fng (1110,2087) [filtered=2217]
cnt=2 s0=fng (3986,1611) s1=fng (1110,2088) [filtered=2217]
cnt=2 s0=fng (3989,1611) s1=fng (1110,2089) [filtered=2217]
cnt=2 s0=fng (3993,1611) s1=fng (1110,2090) [filtered=2217]
cnt=2 s0=fng (3996,1611) s1=fng (1110,2090) [filtered=2217]
cnt=2 s0=fng (4000,1611) s1=fng (1110,2091) [filtered=2217]
cnt=2 s0=fng (4005,1611) s1=fng (1107,2092) [filtered=2217]
cnt=2 s0=fng (4009,1611) s1=fng (1104,2093) [filtered=2217]
cnt=2 s0=fng (4013,1611) s1=fng (1100,2095) [filtered=2217]
cnt=2 s0=fng (4017,1611) s1=fng (1096,2096) [filtered=2217]
cnt=2 s0=fng (4022,1614) s1=PALM(1091,2099) [filtered=2218]
cnt=2 s0=fng (4028,1618) s1=PALM(1085,2102) [filtered=2219]
cnt=2 s0=fng (4033,1622) s1=PALM(1079,2104) [filtered=2220]
cnt=2 s0=fng (4040,1625) s1=PALM(1072,2108) [filtered=2221]
cnt=2 s0=fng (4046,1627) s1=PALM(1065,2111) [filtered=2222]
cnt=2 s0=fng (4052,1630) s1=PALM(1057,2116) [filtered=2223]
cnt=2 s0=fng (4058,1632) s1=PALM(1049,2120) [filtered=2224]
cnt=2 s0=fng (4065,1636) s1=PALM(1039,2127) [filtered=2225]
cnt=2 s0=fng (4072,1639) s1=PALM(1029,2133) [filtered=2226]
cnt=2 s0=fng (4080,1644) s1=PALM(1017,2141) [filtered=2227]
cnt=2 s0=fng (4088,1648) s1=PALM(1006,2148) [filtered=2228]
cnt=2 s0=fng (4096,1655) s1=PALM(994,2156) [filtered=2229]
cnt=2 s0=fng (4104,1661) s1=PALM(983,2164) [filtered=2230]
cnt=2 s0=fng (4112,1669) s1=PALM(969,2173) [filtered=2231]
cnt=2 s0=fng (4120,1676) s1=PALM(956,2182) [filtered=2232]
cnt=2 s0=fng (4129,1684) s1=PALM(942,2191) [filtered=2233]
cnt=2 s0=fng (4138,1693) s1=PALM(927,2202) [filtered=2234]
cnt=2 s0=fng (4147,1701) s1=PALM(912,2212) [filtered=2235]
cnt=2 s0=fng (4157,1711) s1=PALM(897,2222) [filtered=2236]
cnt=2 s0=fng (4167,1720) s1=PALM(883,2232) [filtered=2237]
cnt=2 s0=fng (4177,1729) s1=PALM(869,2242) [filtered=2238]
cnt=2 s0=fng (4187,1739) s1=PALM(856,2252) [filtered=2239]
cnt=2 s0=fng (4197,1748) s1=PALM(844,2262) [filtered=2240]
cnt=2 s0=fng (4206,1758) s1=PALM(831,2272) [filtered=2241]
cnt=2 s0=fng (4215,1768) s1=PALM(819,2282) [filtered=2242]
cnt=2 s0=fng (4224,1778) s1=PALM(808,2291) [filtered=2243]
cnt=2 s0=fng (4232,1788) s1=PALM(797,2299) [filtered=2244]
cnt=2 s0=fng (4240,1798) s1=PALM(787,2307) [filtered=2245]
cnt=3 s0=fng (4247,1807) s1=PALM(776,2315) s2=fng (2050,264) [filtered=2246]
cnt=3 s0=fng (4254,1816) s1=PALM(765,2323) s2=fng (2050,264) [filtered=2247]
cnt=3 s0=fng (4260,1824) s1=PALM(753,2331) s2=fng (2049,264) [filtered=2248]
cnt=3 s0=fng (4264,1832) s1=PALM(739,2339) s2=fng (2047,265) [filtered=2249]
cnt=3 s0=fng (4268,1840) s1=PALM(726,2347) s2=fng (2046,265) [filtered=2250]
cnt=3 s0=fng (4271,1847) s1=PALM(712,2355) s2=fng (2043,266) [filtered=2251]
cnt=3 s0=fng (4274,1854) s1=PALM(698,2363) s2=fng (2041,267) [filtered=2252]
cnt=3 s0=fng (4276,1861) s1=PALM(682,2371) s2=fng (2037,269) [filtered=2253]
cnt=3 s0=fng (4276,1867) s1=PALM(665,2379) s2=fng (2032,272) [filtered=2254]
cnt=3 s0=fng (4276,1873) s1=PALM(649,2387) s2=fng (2027,274) [filtered=2255]
cnt=3 s0=fng (4276,1879) s1=PALM(633,2395) s2=fng (2020,278) [filtered=2256]
cnt=3 s0=fng (4276,1885) s1=PALM(617,2403) s2=fng (2014,281) [filtered=2257]
cnt=2 s0=fng (4273,1890) s1=PALM(601,2410) [filtered=2258]
cnt=2 s0=fng (4270,1895) s1=PALM(585,2417) [filtered=2259]
cnt=2 s0=fng (4266,1899) s1=PALM(569,2423) [filtered=2260]
cnt=2 s0=fng (4262,1903) s1=PALM(553,2429) [filtered=2261]
cnt=2 s0=fng (4257,1907) s1=PALM(537,2435) [filtered=2262]
cnt=2 s0=fng (4252,1911) s1=PALM(521,2441) [filtered=2263]
cnt=2 s0=fng (4247,1916) s1=PALM(505,2446) [filtered=2264]
cnt=2 s0=fng (4242,1921) s1=PALM(489,2451) [filtered=2265]
cnt=3 s0=fng (4237,1927) s1=PALM(473,2455) s2=fng (2508,590) [filtered=2266]
cnt=3 s0=fng (4233,1933) s1=PALM(457,2459) s2=fng (2508,590) [filtered=2267]
cnt=3 s0=fng (4230,1939) s1=PALM(441,2463) s2=fng (2508,590) [filtered=2268]
cnt=4 s0=fng (4226,1945) s1=PALM(427,2466) s2=fng (2504,596) s3=fng (1752,389) [filtered=2269]
cnt=4 s0=fng (4223,1951) s1=PALM(413,2469) s2=fng (2500,601) s3=fng (1752,389) [filtered=2270]
cnt=4 s0=fng (4218,1958) s1=PALM(399,2471) s2=fng (2491,610) s3=fng (1751,389) [filtered=2271]
cnt=4 s0=fng (4214,1965) s1=PALM(385,2473) s2=fng (2483,619) s3=fng (1750,389) [filtered=2272]
cnt=4 s0=fng (4210,1972) s1=PALM(371,2475) s2=fng (2475,627) s3=fng (1750,389) [filtered=2273]
cnt=4 s0=fng (4206,1981) s1=PALM(357,2475) s2=fng (2462,642) s3=fng (1747,390) [filtered=2274]
cnt=4 s0=fng (4202,1990) s1=PALM(343,2475) s2=fng (2450,656) s3=fng (1745,390) [filtered=2275]
cnt=4 s0=fng (4198,2000) s1=PALM(331,2475) s2=fng (2432,675) s3=fng (1739,392) [filtered=2276]
cnt=4 s0=fng (4194,2010) s1=PALM(319,2475) s2=fng (2415,693) s3=fng (1734,393) [filtered=2277]
cnt=4 s0=fng (4190,2020) s1=PALM(307,2472) s2=fng (2397,715) s3=fng (1724,395) [filtered=2278]
cnt=4 s0=fng (4186,2030) s1=PALM(295,2469) s2=fng (2379,736) s3=fng (1715,396) [filtered=2279]
cnt=4 s0=fng (4182,2040) s1=PALM(283,2466) s2=fng (2361,757) s3=fng (1706,397) [filtered=2280]
cnt=4 s0=fng (4178,2050) s1=PALM(270,2461) s2=fng (2343,779) s3=fng (1694,400) [filtered=2281]
cnt=4 s0=fng (4174,2060) s1=PALM(257,2456) s2=fng (2325,801) s3=fng (1682,402) [filtered=2282]
cnt=4 s0=fng (4170,2069) s1=PALM(244,2449) s2=fng (2309,822) s3=fng (1666,404) [filtered=2283]
cnt=4 s0=fng (4166,2078) s1=PALM(231,2442) s2=fng (2293,843) s3=fng (1650,406) [filtered=2284]
cnt=4 s0=fng (4162,2086) s1=PALM(218,2434) s2=fng (2280,862) s3=fng (1632,408) [filtered=2285]
cnt=4 s0=fng (4158,2094) s1=PALM(205,2426) s2=fng (2267,881) s3=fng (1614,410) [filtered=2286]
cnt=4 s0=PALM(4154,2102) s1=PALM(192,2419) s2=fng (2254,900) s3=fng (1596,412) [filtered=2287]
cnt=4 s0=PALM(4152,2110) s1=PALM(180,2411) s2=fng (2244,916) s3=fng (1576,413) [filtered=2288]
cnt=4 s0=PALM(4150,2118) s1=PALM(168,2404) s2=fng (2234,932) s3=fng (1556,414) [filtered=2289]
cnt=4 s0=PALM(4148,2124) s1=PALM(157,2394) s2=fng (2226,945) s3=fng (1534,414) [filtered=2290]
cnt=4 s0=PALM(4146,2130) s1=PALM(146,2385) s2=fng (2218,958) s3=fng (1512,414) [filtered=2291]
cnt=4 s0=PALM(4144,2136) s1=PALM(135,2377) s2=fng (2210,971) s3=fng (1490,414) [filtered=2292]
cnt=4 s0=PALM(4144,2142) s1=PALM(125,2366) s2=fng (2206,981) s3=fng (1467,414) [filtered=2293]
cnt=4 s0=PALM(4144,2148) s1=PALM(115,2356) s2=fng (2202,991) s3=fng (1444,414) [filtered=2294]
cnt=4 s0=PALM(4144,2153) s1=PALM(107,2342) s2=fng (2202,996) s3=fng (1420,414) [filtered=2295]
cnt=4 s0=PALM(4144,2158) s1=PALM(99,2329) s2=fng (2202,1001) s3=fng (1396,414) [filtered=2296]
cnt=4 s0=PALM(4147,2162) s1=PALM(92,2313) s2=fng (2207,1001) s3=fng (1370,414) [filtered=2297]
cnt=4 s0=PALM(4150,2166) s1=PALM(85,2298) s2=fng (2212,1001) s3=fng (1344,414) [filtered=2298]
cnt=4 s0=PALM(4154,2170) s1=PALM(79,2282) s2=fng (2220,996) s3=fng (1318,411) [filtered=2299]
cnt=4 s0=PALM(4158,2174) s1=PALM(73,2266) s2=fng (2228,991) s3=fng (1292,408) [filtered=2300]
cnt=4 s0=PALM(4163,2176) s1=PALM(67,2249) s2=fng (2239,982) s3=fng (1267,405) [filtered=2301]
cnt=4 s0=PALM(4168,2178) s1=PALM(62,2232) s2=fng (2254,969) s3=fng (1243,402) [filtered=2302]
cnt=4 s0=PALM(4173,2180) s1=PALM(57,2216) s2=fng (2269,956) s3=fng (1219,399) [filtered=2303]
cnt=4 s0=PALM(4178,2180) s1=PALM(53,2200) s2=fng (2288,938) s3=fng (1196,395) [filtered=2304]
cnt=4 s0=PALM(4182,2180) s1=PALM(49,2184) s2=fng (2307,920) s3=fng (1173,392) [filtered=2305]
cnt=4 s0=PALM(4187,2177) s1=PALM(45,2170) s2=fng (2330,897) s3=fng (1152,388) [filtered=2306]
cnt=4 s0=PALM(4191,2174) s1=PALM(41,2156) s2=fng (2353,874) s3=fng (1131,385) [filtered=2307]
cnt=4 s0=PALM(4196,2170) s1=PALM(37,2143) s2=fng (2381,847) s3=fng (1111,381) [filtered=2308]
cnt=4 s0=PALM(4200,2166) s1=PALM(33,2130) s2=fng (2408,820) s3=fng (1091,378) [filtered=2309]
cnt=4 s0=PALM(4205,2161) s1=PALM(29,2118) s2=fng (2439,794) s3=fng (1073,374) [filtered=2310]
cnt=4 s0=PALM(4209,2156) s1=PALM(25,2106) s2=fng (2470,768) s3=fng (1055,370) [filtered=2311]
cnt=4 s0=PALM(4214,2149) s1=PALM(21,2096) s2=fng (2498,746) s3=fng (1039,366) [filtered=2312]
cnt=4 s0=PALM(4220,2141) s1=PALM(18,2088) s2=fng (2522,728) s3=fng (1025,362) [filtered=2313]
cnt=4 s0=PALM(4225,2133) s1=PALM(15,2080) s2=fng (2546,710) s3=fng (1011,358) [filtered=2314]
cnt=3 s0=PALM(4232,2124) s1=PALM(13,2073) s3=fng (999,355) [filtered=2315]
cnt=3 s0=PALM(4239,2113) s1=PALM(11,2067) s3=fng (988,351) [filtered=2316]
cnt=3 s0=PALM(4246,2102) s1=PALM(9,2061) s3=fng (977,348) [filtered=2317]
cnt=3 s0=fng (4255,2091) s1=PALM(8,2057) s3=fng (968,346) [filtered=2318]
cnt=3 s0=fng (4263,2080) s1=PALM(7,2053) s3=fng (959,344) [filtered=2319]
cnt=3 s0=fng (4272,2069) s1=PALM(7,2050) s3=fng (951,342) [filtered=2320]
cnt=3 s0=fng (4281,2058) s1=PALM(7,2048) s3=fng (945,341) [filtered=2321]
cnt=3 s0=fng (4289,2047) s1=PALM(7,2046) s3=fng (939,340) [filtered=2322]
cnt=3 s0=fng (4298,2036) s1=PALM(7,2044) s3=fng (934,339) [filtered=2323]
cnt=3 s0=fng (4306,2026) s1=PALM(10,2043) s3=fng (930,338) [filtered=2324]
cnt=3 s0=fng (4313,2016) s1=PALM(13,2042) s3=fng (926,338) [filtered=2325]
cnt=3 s0=fng (4319,2007) s1=PALM(16,2042) s3=fng (923,338) [filtered=2326]
cnt=3 s0=fng (4325,1998) s1=PALM(19,2042) s3=fng (920,338) [filtered=2327]
cnt=3 s0=fng (4330,1990) s1=PALM(22,2042) s3=fng (918,338) [filtered=2328]
cnt=3 s0=fng (4334,1983) s1=PALM(25,2042) s3=fng (916,337) [filtered=2329]
cnt=3 s0=fng (4338,1976) s1=PALM(28,2042) s3=fng (914,337) [filtered=2330]
cnt=3 s0=fng (4342,1969) s1=PALM(31,2042) s3=fng (913,337) [filtered=2331]
cnt=3 s0=fng (4346,1962) s1=PALM(34,2042) s3=fng (912,337) [filtered=2332]
cnt=3 s0=fng (4349,1956) s1=PALM(37,2042) s3=fng (912,336) [filtered=2333]
cnt=3 s0=fng (4352,1950) s1=PALM(40,2042) s3=fng (912,336) [filtered=2334]
cnt=3 s0=fng (4354,1945) s1=PALM(43,2042) s3=fng (912,335) [filtered=2335]
cnt=3 s0=fng (4356,1940) s1=PALM(46,2042) s3=fng (912,334) [filtered=2336]
cnt=3 s0=fng (4358,1935) s1=PALM(49,2042) s3=fng (912,333) [filtered=2337]
cnt=3 s0=fng (4358,1930) s1=PALM(53,2042) s3=fng (912,332) [filtered=2338]
cnt=3 s0=fng (4358,1925) s1=PALM(57,2042) s3=fng (912,332) [filtered=2339]
cnt=3 s0=fng (4358,1921) s1=PALM(61,2042) s3=fng (912,331) [filtered=2340]
cnt=3 s0=fng (4358,1917) s1=PALM(66,2042) s3=fng (912,331) [filtered=2341]
cnt=3 s0=fng (4358,1915) s1=PALM(71,2042) s3=fng (912,331) [filtered=2342]
cnt=3 s0=fng (4355,1913) s1=PALM(76,2042) s3=fng (915,331) [filtered=2343]
cnt=3 s0=fng (4352,1912) s1=PALM(81,2042) s3=fng (918,331) [filtered=2344]
cnt=3 s0=fng (4349,1911) s1=PALM(87,2042) s3=fng (922,331) [filtered=2345]
cnt=3 s0=fng (4346,1910) s1=PALM(93,2042) s3=fng (926,331) [filtered=2346]
cnt=3 s0=fng (4342,1909) s1=PALM(100,2042) s3=fng (931,331) [filtered=2347]
cnt=3 s0=fng (4339,1908) s1=PALM(108,2045) s3=fng (937,330) [filtered=2348]
cnt=3 s0=fng (4337,1908) s1=PALM(116,2048) s3=fng (943,330) [filtered=2349]
cnt=3 s0=fng (4335,1907) s1=PALM(125,2052) s3=fng (950,328) [filtered=2350]
cnt=3 s0=fng (4334,1907) s1=PALM(134,2056) s3=fng (957,327) [filtered=2351]
cnt=3 s0=fng (4331,1906) s1=PALM(143,2061) s3=fng (966,324) [filtered=2352]
cnt=2 s0=fng (4328,1906) s1=PALM(151,2066) [filtered=2353]
cnt=2 s0=fng (4326,1906) s1=PALM(159,2071) [filtered=2354]
cnt=2 s0=fng (4323,1907) s1=PALM(166,2078) [filtered=2355]
cnt=2 s0=fng (4321,1907) s1=PALM(173,2085) [filtered=2356]
cnt=2 s0=fng (4317,1908) s1=PALM(180,2093) [filtered=2357]
cnt=2 s0=fng (4312,1909) s1=PALM(186,2103) [filtered=2358]
cnt=2 s0=fng (4307,1910) s1=PALM(192,2112) [filtered=2359]
cnt=2 s0=fng (4301,1912) s1=PALM(198,2122) [filtered=2360]
cnt=2 s0=fng (4293,1916) s1=PALM(205,2133) [filtered=2361]
cnt=2 s0=fng (4285,1918) s1=PALM(212,2143) [filtered=2362]
cnt=2 s0=fng (4275,1921) s1=PALM(220,2153) [filtered=2363]
cnt=2 s0=fng (4262,1923) s1=PALM(230,2163) [filtered=2364]
cnt=2 s0=fng (4246,1924) s1=PALM(241,2174) [filtered=2365]
cnt=2 s0=fng (4231,1925) s1=PALM(252,2184) [filtered=2366]
cnt=2 s0=fng (4212,1925) s1=PALM(267,2194) [filtered=2367]
cnt=2 s0=fng (4191,1924) s1=PALM(283,2203) [filtered=2368]
cnt=2 s0=fng (4171,1924) s1=PALM(299,2212) [filtered=2369]
cnt=2 s0=fng (4149,1923) s1=PALM(317,2220) [filtered=2370]
cnt=2 s0=fng (4127,1922) s1=PALM(336,2227) [filtered=2371]
cnt=2 s0=fng (4105,1921) s1=PALM(355,2233) [filtered=2372]
cnt=2 s0=fng (4083,1920) s1=PALM(376,2237) [filtered=2373]
cnt=2 s0=fng (4062,1920) s1=PALM(397,2240) [filtered=2374]
cnt=2 s0=fng (4043,1918) s1=PALM(417,2241) [filtered=2375]
cnt=2 s0=fng (4022,1915) s1=PALM(440,2238) [filtered=2376]
cnt=2 s0=fng (4002,1913) s1=PALM(462,2237) [filtered=2377]
cnt=2 s0=fng (3980,1909) s1=PALM(487,2234) [filtered=2378]
cnt=2 s0=fng (3958,1906) s1=PALM(512,2232) [filtered=2379]
cnt=2 s0=fng (3936,1901) s1=PALM(537,2228) [filtered=2380]
cnt=2 s0=fng (3913,1894) s1=PALM(561,2223) [filtered=2381]
cnt=2 s0=fng (3891,1887) s1=PALM(585,2219) [filtered=2382]
cnt=2 s0=fng (3870,1880) s1=PALM(607,2214) [filtered=2383]
cnt=2 s0=fng (3849,1874) s1=PALM(628,2210) [filtered=2384]
cnt=2 s0=fng (3830,1867) s1=PALM(648,2206) [filtered=2385]
cnt=2 s0=fng (3811,1861) s1=PALM(667,2202) [filtered=2386]
cnt=2 s0=fng (3795,1855) s1=PALM(685,2198) [filtered=2387]
cnt=2 s0=fng (3781,1849) s1=PALM(702,2193) [filtered=2388]
cnt=2 s0=fng (3767,1843) s1=PALM(718,2189) [filtered=2389]
cnt=2 s0=fng (3757,1838) s1=PALM(733,2185) [filtered=2390]
cnt=2 s0=fng (3747,1833) s1=PALM(748,2181) [filtered=2391]
cnt=2 s0=fng (3739,1828) s1=PALM(761,2178) [filtered=2392]
cnt=2 s0=fng (3731,1823) s1=PALM(773,2175) [filtered=2393]
cnt=2 s0=fng (3725,1819) s1=PALM(785,2173) [filtered=2394]
cnt=2 s0=fng (3723,1815) s1=PALM(795,2171) [filtered=2395]
cnt=2 s0=fng (3721,1811) s1=PALM(804,2169) [filtered=2396]
cnt=2 s0=fng (3721,1807) s1=PALM(810,2169) [filtered=2397]
cnt=2 s0=fng (3726,1804) s1=PALM(814,2169) [filtered=2398]
cnt=2 s0=fng (3731,1801) s1=PALM(818,2169) [filtered=2399]
cnt=2 s0=fng (3738,1799) s1=PALM(819,2172) [filtered=2400]
cnt=2 s0=fng (3746,1797) s1=PALM(819,2176) [filtered=2401]
cnt=2 s0=fng (3754,1795) s1=PALM(819,2179) [filtered=2402]
cnt=2 s0=fng (3763,1793) s1=PALM(814,2182) [filtered=2403]
cnt=2 s0=fng (3774,1791) s1=PALM(809,2185) [filtered=2404]
cnt=2 s0=fng (3785,1789) s1=PALM(804,2186) [filtered=2405]
cnt=2 s0=fng (3797,1787) s1=PALM(804,2186) [filtered=2406]
cnt=1 s0=fng (3797,1787) [filtered=2406]
cnt=1 s0=fng (3808,1785) [filtered=2406]
cnt=1 s0=fng (3819,1782) [filtered=2406]
cnt=1 s0=fng (3830,1780) [filtered=2406]
cnt=1 s0=fng (3842,1776) [filtered=2406]
cnt=1 s0=fng (3854,1772) [filtered=2406]
cnt=1 s0=fng (3866,1769) [filtered=2406]
cnt=1 s0=fng (3878,1766) [filtered=2406]
cnt=2 s0=fng (3893,1761) s1=PALM(591,2235) [filtered=2407]
cnt=2 s0=fng (3907,1757) s1=PALM(591,2235) [filtered=2408]
cnt=2 s0=fng (3924,1750) s1=PALM(591,2235) [filtered=2409]
cnt=2 s0=fng (3944,1742) s1=PALM(591,2235) [filtered=2410]
cnt=2 s0=fng (3964,1733) s1=PALM(591,2235) [filtered=2411]
cnt=2 s0=fng (3983,1725) s1=PALM(591,2235) [filtered=2412]
cnt=2 s0=fng (4003,1715) s1=PALM(591,2235) [filtered=2413]
cnt=2 s0=fng (4023,1705) s1=PALM(591,2235) [filtered=2414]
cnt=2 s0=fng (4042,1696) s1=PALM(591,2235) [filtered=2415]
cnt=2 s0=fng (4060,1686) s1=PALM(591,2235) [filtered=2416]
cnt=2 s0=fng (4078,1676) s1=PALM(591,2235) [filtered=2417]
cnt=2 s0=fng (4095,1667) s1=PALM(591,2235) [filtered=2418]
cnt=2 s0=fng (4113,1657) s1=PALM(591,2235) [filtered=2419]
cnt=2 s0=fng (4131,1646) s1=PALM(591,2235) [filtered=2420]
cnt=2 s0=fng (4149,1636) s1=PALM(591,2235) [filtered=2421]
cnt=2 s0=fng (4166,1626) s1=PALM(591,2235) [filtered=2422]
cnt=2 s0=fng (4182,1615) s1=PALM(591,2235) [filtered=2423]
cnt=2 s0=fng (4197,1605) s1=PALM(591,2235) [filtered=2424]
cnt=2 s0=fng (4213,1596) s1=PALM(591,2235) [filtered=2425]
cnt=2 s0=fng (4229,1587) s1=PALM(585,2234) [filtered=2426]
cnt=2 s0=fng (4244,1578) s1=PALM(580,2234) [filtered=2427]
cnt=2 s0=fng (4261,1569) s1=PALM(569,2234) [filtered=2428]
cnt=2 s0=fng (4278,1561) s1=PALM(553,2233) [filtered=2429]
cnt=2 s0=fng (4295,1554) s1=PALM(533,2232) [filtered=2430]
cnt=2 s0=fng (4311,1547) s1=PALM(514,2232) [filtered=2431]
cnt=2 s0=fng (4326,1541) s1=PALM(495,2231) [filtered=2432]
cnt=2 s0=fng (4342,1535) s1=PALM(476,2230) [filtered=2433]
cnt=2 s0=fng (4358,1530) s1=PALM(457,2228) [filtered=2434]
cnt=2 s0=fng (4373,1525) s1=PALM(438,2227) [filtered=2435]
cnt=2 s0=fng (4387,1521) s1=PALM(419,2226) [filtered=2436]
cnt=2 s0=fng (4401,1517) s1=PALM(401,2224) [filtered=2437]
cnt=2 s0=fng (4414,1512) s1=PALM(384,2222) [filtered=2438]
cnt=2 s0=fng (4426,1508) s1=PALM(367,2221) [filtered=2439]
cnt=2 s0=fng (4437,1505) s1=PALM(351,2218) [filtered=2440]
cnt=2 s0=fng (4446,1502) s1=PALM(336,2214) [filtered=2441]
cnt=2 s0=fng (4455,1498) s1=PALM(322,2210) [filtered=2442]
cnt=2 s0=fng (4462,1494) s1=PALM(322,2210) [filtered=2443]
cnt=1 s0=fng (4462,1494) [filtered=2443]
cnt=1 s0=fng (4468,1491) [filtered=2443]
cnt=1 s0=fng (4473,1489) [filtered=2443]
cnt=1 s0=fng (4477,1488) [filtered=2443]
cnt=1 s0=fng (4481,1486) [filtered=2443]
cnt=1 s0=fng (4484,1485) [filtered=2443]
cnt=1 s0=fng (4487,1484) [filtered=2443]
cnt=1 s0=fng (4489,1484) [filtered=2443]
cnt=1 s0=fng (4491,1484) [filtered=2443]
cnt=1 s0=fng (4493,1484) [filtered=2443]
cnt=1 s0=fng (4496,1484) [filtered=2443]
cnt=1 s0=fng (4498,1484) [filtered=2443]
cnt=1 s0=fng (4500,1485) [filtered=2443]
cnt=1 s0=fng (4504,1486) [filtered=2443]
cnt=1 s0=fng (4508,1488) [filtered=2443]
cnt=1 s0=fng (4511,1489) [filtered=2443]
cnt=1 s0=fng (4514,1491) [filtered=2443]
cnt=1 s0=fng (4517,1494) [filtered=2443]
cnt=1 s0=fng (4520,1497) [filtered=2443]
cnt=1 s0=fng (4523,1500) [filtered=2443]
cnt=1 s0=fng (4525,1502) [filtered=2443]
cnt=1 s0=fng (4527,1505) [filtered=2443]
cnt=1 s0=fng (4530,1509) [filtered=2443]
cnt=1 s0=fng (4533,1514) [filtered=2443]
cnt=1 s0=fng (4536,1519) [filtered=2443]
cnt=1 s0=fng (4538,1523) [filtered=2443]
cnt=1 s0=fng (4540,1528) [filtered=2443]
cnt=1 s0=fng (4542,1533) [filtered=2443]
cnt=1 s0=fng (4544,1538) [filtered=2443]
cnt=1 s0=fng (4545,1542) [filtered=2443]
cnt=1 s0=fng (4546,1547) [filtered=2443]
cnt=1 s0=fng (4547,1552) [filtered=2443]
cnt=1 s0=fng (4549,1557) [filtered=2443]
cnt=1 s0=fng (4551,1563) [filtered=2443]
cnt=1 s0=fng (4552,1568) [filtered=2443]
cnt=1 s0=fng (4553,1573) [filtered=2443]
cnt=1 s0=fng (4554,1578) [filtered=2443]
cnt=1 s0=fng (4556,1584) [filtered=2443]
cnt=1 s0=fng (4557,1590) [filtered=2443]
cnt=1 s0=fng (4558,1595) [filtered=2443]
cnt=1 s0=fng (4559,1600) [filtered=2443]
cnt=1 s0=fng (4560,1606) [filtered=2443]
cnt=1 s0=fng (4561,1613) [filtered=2443]
cnt=1 s0=fng (4562,1619) [filtered=2443]
cnt=1 s0=fng (4563,1625) [filtered=2443]
cnt=1 s0=fng (4563,1631) [filtered=2443]
cnt=1 s0=fng (4562,1636) [filtered=2443]
cnt=1 s0=fng (4560,1642) [filtered=2443]
cnt=1 s0=fng (4559,1647) [filtered=2443]
cnt=1 s0=fng (4557,1652) [filtered=2443]
cnt=1 s0=fng (4553,1657) [filtered=2443]
cnt=1 s0=fng (4548,1662) [filtered=2443]
cnt=1 s0=fng (4544,1666) [filtered=2443]
cnt=1 s0=fng (4539,1671) [filtered=2443]
cnt=1 s0=fng (4533,1676) [filtered=2443]
cnt=1 s0=fng (4526,1682) [filtered=2443]
cnt=1 s0=fng (4518,1689) [filtered=2443]
cnt=1 s0=fng (4511,1695) [filtered=2443]
cnt=1 s0=fng (4503,1702) [filtered=2443]
cnt=1 s0=fng (4495,1710) [filtered=2443]
cnt=1 s0=fng (4486,1719) [filtered=2443]
cnt=1 s0=fng (4477,1728) [filtered=2443]
cnt=1 s0=fng (4469,1737) [filtered=2443]
cnt=1 s0=fng (4460,1746) [filtered=2443]
cnt=1 s0=fng (4450,1755) [filtered=2443]
cnt=1 s0=fng (4440,1764) [filtered=2443]
cnt=1 s0=fng (4431,1773) [filtered=2443]
cnt=1 s0=fng (4420,1782) [filtered=2443]
cnt=1 s0=fng (4409,1791) [filtered=2443]
cnt=1 s0=fng (4397,1800) [filtered=2443]
cnt=1 s0=fng (4384,1810) [filtered=2443]
cnt=1 s0=fng (4371,1819) [filtered=2443]
cnt=1 s0=fng (4358,1828) [filtered=2443]
cnt=1 s0=fng (4344,1837) [filtered=2443]
cnt=1 s0=fng (4329,1846) [filtered=2443]
cnt=1 s0=fng (4315,1854) [filtered=2443]
cnt=1 s0=fng (4298,1861) [filtered=2443]
cnt=1 s0=fng (4281,1868) [filtered=2443]
cnt=1 s0=fng (4264,1874) [filtered=2443]
cnt=1 s0=fng (4248,1879) [filtered=2443]
cnt=1 s0=fng (4229,1883) [filtered=2443]
cnt=1 s0=fng (4210,1888) [filtered=2443]
cnt=1 s0=fng (4190,1893) [filtered=2443]
cnt=1 s0=fng (4170,1896) [filtered=2443]
cnt=1 s0=fng (4151,1899) [filtered=2443]
cnt=1 s0=fng (4131,1900) [filtered=2443]
cnt=1 s0=fng (4112,1900) [filtered=2443]
cnt=1 s0=fng (4094,1899) [filtered=2443]
cnt=1 s0=fng (4078,1899) [filtered=2443]
cnt=1 s0=fng (4059,1898) [filtered=2443]
cnt=1 s0=fng (4041,1898) [filtered=2443]
cnt=2 s0=fng (4022,1896) s1=PALM(905,2316) [filtered=2444]
cnt=2 s0=fng (4003,1895) s1=PALM(905,2316) [filtered=2445]
cnt=2 s0=fng (3987,1894) s1=PALM(905,2316) [filtered=2446]
cnt=2 s0=fng (3971,1893) s1=PALM(905,2316) [filtered=2447]
cnt=2 s0=fng (3957,1891) s1=PALM(905,2316) [filtered=2448]
cnt=2 s0=fng (3943,1890) s1=PALM(905,2316) [filtered=2449]
cnt=2 s0=fng (3931,1888) s1=PALM(905,2316) [filtered=2450]
cnt=2 s0=fng (3921,1885) s1=PALM(905,2316) [filtered=2451]
cnt=2 s0=fng (3911,1884) s1=PALM(905,2316) [filtered=2452]
cnt=2 s0=fng (3904,1882) s1=PALM(905,2316) [filtered=2453]
cnt=2 s0=fng (3897,1881) s1=PALM(905,2316) [filtered=2454]
cnt=2 s0=fng (3893,1880) s1=PALM(905,2316) [filtered=2455]
cnt=2 s0=fng (3892,1879) s1=PALM(905,2316) [filtered=2456]
cnt=2 s0=fng (3891,1879) s1=PALM(905,2316) [filtered=2457]
cnt=2 s0=fng (3895,1878) s1=PALM(905,2316) [filtered=2458]
cnt=2 s0=fng (3901,1877) s1=PALM(905,2316) [filtered=2459]
cnt=2 s0=fng (3907,1876) s1=PALM(905,2316) [filtered=2460]
cnt=2 s0=fng (3916,1875) s1=PALM(905,2316) [filtered=2461]
cnt=2 s0=fng (3927,1872) s1=PALM(905,2316) [filtered=2462]
cnt=2 s0=fng (3938,1871) s1=PALM(905,2316) [filtered=2463]
cnt=2 s0=fng (3952,1868) s1=PALM(900,2315) [filtered=2464]
cnt=2 s0=fng (3966,1866) s1=PALM(896,2315) [filtered=2465]
cnt=2 s0=fng (3982,1863) s1=PALM(887,2314) [filtered=2466]
cnt=2 s0=fng (3999,1858) s1=PALM(873,2312) [filtered=2467]
cnt=2 s0=fng (4015,1853) s1=PALM(860,2311) [filtered=2468]
cnt=2 s0=fng (4032,1846) s1=PALM(844,2310) [filtered=2469]
cnt=2 s0=fng (4050,1837) s1=PALM(826,2309) [filtered=2470]
cnt=2 s0=fng (4068,1825) s1=PALM(808,2309) [filtered=2471]
cnt=2 s0=fng (4085,1814) s1=PALM(791,2309) [filtered=2472]
cnt=2 s0=fng (4105,1800) s1=PALM(772,2309) [filtered=2473]
cnt=2 s0=fng (4125,1784) s1=PALM(752,2309) [filtered=2474]
cnt=2 s0=fng (4145,1768) s1=PALM(733,2309) [filtered=2475]
cnt=2 s0=fng (4165,1750) s1=PALM(714,2308) [filtered=2476]
cnt=2 s0=fng (4184,1733) s1=PALM(696,2308) [filtered=2477]
cnt=2 s0=fng (4200,1717) s1=PALM(681,2307) [filtered=2478]
cnt=2 s0=fng (4215,1700) s1=PALM(667,2305) [filtered=2479]
cnt=2 s0=fng (4230,1684) s1=PALM(654,2304) [filtered=2480]
cnt=2 s0=fng (4245,1666) s1=PALM(641,2301) [filtered=2481]
cnt=2 s0=fng (4260,1648) s1=PALM(630,2298) [filtered=2482]
cnt=2 s0=fng (4275,1631) s1=PALM(620,2295) [filtered=2483]
cnt=2 s0=fng (4289,1613) s1=PALM(610,2291) [filtered=2484]
cnt=2 s0=fng (4302,1596) s1=PALM(600,2288) [filtered=2485]
cnt=2 s0=fng (4316,1579) s1=PALM(590,2283) [filtered=2486]
cnt=2 s0=fng (4330,1561) s1=PALM(578,2278) [filtered=2487]
cnt=2 s0=fng (4343,1544) s1=PALM(567,2274) [filtered=2488]
cnt=2 s0=fng (4357,1527) s1=PALM(555,2269) [filtered=2489]
cnt=2 s0=fng (4370,1511) s1=PALM(541,2264) [filtered=2490]
cnt=2 s0=fng (4382,1495) s1=PALM(528,2260) [filtered=2491]
cnt=2 s0=fng (4395,1479) s1=PALM(514,2255) [filtered=2492]
cnt=2 s0=fng (4407,1463) s1=PALM(500,2251) [filtered=2493]
cnt=2 s0=fng (4418,1447) s1=PALM(486,2247) [filtered=2494]
cnt=2 s0=fng (4429,1432) s1=PALM(472,2242) [filtered=2495]
cnt=2 s0=fng (4439,1417) s1=PALM(458,2238) [filtered=2496]
cnt=2 s0=fng (4449,1403) s1=PALM(445,2234) [filtered=2497]
cnt=2 s0=fng (4459,1390) s1=PALM(433,2228) [filtered=2498]
cnt=2 s0=fng (4468,1377) s1=PALM(421,2223) [filtered=2499]
cnt=2 s0=PALM(4476,1365) s1=PALM(409,2216) [filtered=2500]
cnt=2 s0=PALM(4484,1355) s1=PALM(398,2207) [filtered=2501]
cnt=2 s0=PALM(4491,1346) s1=PALM(387,2196) [filtered=2502]
cnt=2 s0=PALM(4497,1337) s1=PALM(377,2185) [filtered=2503]
cnt=2 s0=PALM(4504,1328) s1=PALM(365,2172) [filtered=2504]
cnt=2 s0=PALM(4510,1319) s1=PALM(353,2160) [filtered=2505]
cnt=2 s0=PALM(4514,1313) s1=PALM(343,2147) [filtered=2506]
cnt=2 s0=PALM(4517,1308) s1=PALM(334,2134) [filtered=2507]
cnt=2 s0=PALM(4519,1304) s1=PALM(325,2120) [filtered=2508]
cnt=2 s0=PALM(4521,1300) s1=PALM(317,2106) [filtered=2509]
cnt=2 s0=PALM(4523,1297) s1=fng (308,2090) [filtered=2510]
cnt=2 s0=PALM(4524,1295) s1=fng (298,2075) [filtered=2511]
cnt=2 s0=PALM(4524,1294) s1=fng (288,2061) [filtered=2512]
cnt=2 s0=PALM(4524,1293) s1=PALM(279,2047) [filtered=2513]
cnt=2 s0=PALM(4524,1293) s1=PALM(271,2033) [filtered=2514]
cnt=2 s0=PALM(4523,1293) s1=PALM(264,2019) [filtered=2515]
cnt=2 s0=PALM(4522,1293) s1=PALM(257,2006) [filtered=2516]
cnt=2 s0=PALM(4521,1293) s1=PALM(251,1993) [filtered=2517]
cnt=2 s0=PALM(4520,1293) s1=PALM(245,1981) [filtered=2518]
cnt=2 s0=PALM(4520,1293) s1=PALM(239,1970) [filtered=2519]
cnt=2 s0=PALM(4519,1293) s1=PALM(233,1960) [filtered=2520]
cnt=2 s0=PALM(4517,1296) s1=PALM(228,1951) [filtered=2521]
cnt=2 s0=PALM(4516,1299) s1=PALM(223,1942) [filtered=2522]
cnt=2 s0=PALM(4515,1302) s1=PALM(219,1935) [filtered=2523]
cnt=2 s0=PALM(4513,1306) s1=PALM(215,1929) [filtered=2524]
cnt=2 s0=PALM(4512,1310) s1=PALM(211,1923) [filtered=2525]
cnt=2 s0=PALM(4509,1315) s1=PALM(208,1918) [filtered=2526]
cnt=2 s0=PALM(4505,1321) s1=PALM(205,1915) [filtered=2527]
cnt=2 s0=PALM(4502,1326) s1=PALM(202,1912) [filtered=2528]
cnt=2 s0=PALM(4498,1331) s1=PALM(199,1909) [filtered=2529]
cnt=2 s0=PALM(4492,1339) s1=PALM(196,1907) [filtered=2530]
cnt=2 s0=PALM(4487,1346) s1=PALM(193,1905) [filtered=2531]
cnt=2 s0=PALM(4480,1355) s1=PALM(191,1903) [filtered=2532]
cnt=2 s0=fng (4472,1366) s1=PALM(190,1902) [filtered=2533]
cnt=2 s0=fng (4463,1380) s1=PALM(189,1902) [filtered=2534]
cnt=2 s0=fng (4454,1393) s1=PALM(188,1902) [filtered=2535]
cnt=2 s0=fng (4444,1408) s1=PALM(187,1902) [filtered=2536]
cnt=2 s0=fng (4434,1424) s1=PALM(188,1902) [filtered=2537]
cnt=2 s0=fng (4425,1440) s1=PALM(188,1902) [filtered=2538]
cnt=2 s0=fng (4415,1456) s1=PALM(187,1902) [filtered=2539]
cnt=2 s0=fng (4406,1471) s1=PALM(187,1902) [filtered=2540]
cnt=2 s0=fng (4398,1485) s1=PALM(187,1902) [filtered=2541]
cnt=2 s0=fng (4390,1499) s1=PALM(187,1902) [filtered=2542]
cnt=2 s0=fng (4381,1513) s1=PALM(187,1902) [filtered=2543]
cnt=2 s0=fng (4372,1527) s1=PALM(187,1902) [filtered=2544]
cnt=2 s0=fng (4363,1541) s1=PALM(187,1902) [filtered=2545]
cnt=2 s0=fng (4353,1554) s1=PALM(188,1902) [filtered=2546]
cnt=2 s0=fng (4343,1567) s1=PALM(188,1902) [filtered=2547]
cnt=2 s0=fng (4333,1579) s1=PALM(189,1902) [filtered=2548]
cnt=2 s0=fng (4323,1591) s1=PALM(189,1902) [filtered=2549]
cnt=2 s0=fng (4313,1601) s1=PALM(190,1905) [filtered=2550]
cnt=2 s0=fng (4303,1611) s1=PALM(191,1908) [filtered=2551]
cnt=2 s0=fng (4294,1620) s1=PALM(192,1912) [filtered=2552]
cnt=2 s0=fng (4285,1629) s1=PALM(193,1916) [filtered=2553]
cnt=2 s0=fng (4277,1637) s1=PALM(195,1920) [filtered=2554]
cnt=2 s0=fng (4270,1644) s1=PALM(198,1925) [filtered=2555]
cnt=2 s0=fng (4263,1651) s1=PALM(200,1929) [filtered=2556]
cnt=2 s0=fng (4257,1657) s1=PALM(203,1935) [filtered=2557]
cnt=2 s0=fng (4253,1663) s1=PALM(203,1945) [filtered=2558]
cnt=2 s0=fng (4249,1669) s1=PALM(204,1954) [filtered=2559]
cnt=2 s0=fng (4246,1674) s1=PALM(203,1966) [filtered=2560]
cnt=2 s0=fng (4243,1679) s1=PALM(203,1978) [filtered=2561]
cnt=2 s0=fng (4241,1683) s1=PALM(201,1993) [filtered=2562]
cnt=2 s0=fng (4240,1687) s1=PALM(199,2010) [filtered=2563]
cnt=2 s0=fng (4239,1691) s1=PALM(198,2027) [filtered=2564]
cnt=2 s0=fng (4239,1695) s1=PALM(197,2044) [filtered=2565]
cnt=2 s0=fng (4239,1698) s1=PALM(196,2060) [filtered=2566]
cnt=2 s0=fng (4239,1700) s1=PALM(197,2076) [filtered=2567]
cnt=2 s0=fng (4239,1702) s1=PALM(198,2091) [filtered=2568]
cnt=2 s0=fng (4239,1704) s1=PALM(201,2105) [filtered=2569]
cnt=2 s0=fng (4239,1705) s1=PALM(205,2117) [filtered=2570]
cnt=2 s0=fng (4239,1706) s1=PALM(208,2129) [filtered=2571]
cnt=2 s0=fng (4239,1707) s1=PALM(214,2139) [filtered=2572]
cnt=2 s0=fng (4239,1707) s1=PALM(221,2145) [filtered=2573]
cnt=2 s0=fng (4239,1707) s1=PALM(228,2151) [filtered=2574]
cnt=2 s0=fng (4239,1707) s1=PALM(237,2155) [filtered=2575]
cnt=2 s0=fng (4239,1707) s1=PALM(248,2157) [filtered=2576]
cnt=2 s0=fng (4239,1707) s1=PALM(258,2159) [filtered=2577]
cnt=2 s0=fng (4238,1707) s1=PALM(271,2159) [filtered=2578]
cnt=2 s0=fng (4236,1704) s1=PALM(287,2156) [filtered=2579]
cnt=2 s0=fng (4234,1701) s1=PALM(302,2153) [filtered=2580]
cnt=2 s0=fng (4231,1696) s1=PALM(321,2147) [filtered=2581]
cnt=2 s0=fng (4228,1691) s1=PALM(339,2143) [filtered=2582]
cnt=2 s0=fng (4224,1686) s1=PALM(357,2138) [filtered=2583]
cnt=2 s0=fng (4220,1681) s1=PALM(377,2131) [filtered=2584]
cnt=2 s0=fng (4216,1676) s1=PALM(396,2125) [filtered=2585]
cnt=2 s0=fng (4211,1670) s1=PALM(417,2119) [filtered=2586]
cnt=2 s0=fng (4206,1663) s1=PALM(438,2113) [filtered=2587]
cnt=2 s0=fng (4201,1657) s1=PALM(458,2108) [filtered=2588]
cnt=2 s0=fng (4196,1651) s1=PALM(477,2102) [filtered=2589]
cnt=2 s0=fng (4191,1646) s1=fng (496,2097) [filtered=2589]
cnt=2 s0=fng (4186,1641) s1=fng (514,2091) [filtered=2589]
cnt=2 s0=fng (4182,1637) s1=fng (532,2085) [filtered=2589]
cnt=2 s0=fng (4178,1634) s1=fng (550,2080) [filtered=2589]
cnt=2 s0=fng (4174,1631) s1=fng (567,2075) [filtered=2589]
cnt=2 s0=fng (4170,1628) s1=fng (584,2070) [filtered=2589]
cnt=2 s0=fng (4167,1625) s1=fng (600,2065) [filtered=2589]
cnt=2 s0=fng (4164,1623) s1=fng (616,2060) [filtered=2589]
cnt=2 s0=fng (4162,1622) s1=fng (632,2056) [filtered=2589]
cnt=2 s0=fng (4160,1623) s1=fng (647,2053) [filtered=2589]
cnt=2 s0=fng (4158,1623) s1=fng (662,2050) [filtered=2589]
cnt=2 s0=fng (4156,1623) s1=fng (676,2048) [filtered=2589]
cnt=2 s0=fng (4154,1623) s1=fng (690,2046) [filtered=2589]
cnt=2 s0=fng (4153,1623) s1=fng (702,2046) [filtered=2589]
cnt=2 s0=fng (4153,1623) s1=fng (712,2046) [filtered=2589]
cnt=2 s0=fng (4153,1623) s1=fng (722,2046) [filtered=2589]
cnt=2 s0=fng (4153,1624) s1=fng (730,2049) [filtered=2589]
cnt=2 s0=fng (4153,1625) s1=fng (738,2052) [filtered=2589]
cnt=2 s0=fng (4153,1626) s1=fng (745,2055) [filtered=2589]
cnt=2 s0=fng (4156,1628) s1=fng (750,2057) [filtered=2589]
cnt=2 s0=fng (4159,1629) s1=fng (755,2058) [filtered=2589]
cnt=2 s0=fng (4163,1632) s1=fng (759,2060) [filtered=2589]
cnt=2 s0=fng (4167,1634) s1=fng (763,2061) [filtered=2589]
cnt=2 s0=fng (4172,1638) s1=fng (765,2063) [filtered=2589]
cnt=2 s0=fng (4177,1642) s1=fng (767,2066) [filtered=2589]
cnt=2 s0=fng (4181,1645) s1=fng (769,2068) [filtered=2589]
cnt=2 s0=fng (4186,1649) s1=fng (769,2070) [filtered=2589]
cnt=2 s0=fng (4190,1652) s1=fng (769,2072) [filtered=2589]
cnt=2 s0=fng (4193,1655) s1=fng (769,2074) [filtered=2589]
cnt=2 s0=fng (4193,1658) s1=fng (766,2076) [filtered=2589]
cnt=2 s0=fng (4194,1660) s1=fng (763,2078) [filtered=2589]
cnt=2 s0=fng (4193,1661) s1=fng (758,2080) [filtered=2589]
cnt=2 s0=fng (4192,1662) s1=fng (752,2083) [filtered=2589]
cnt=2 s0=fng (4191,1663) s1=fng (746,2085) [filtered=2589]
cnt=2 s0=fng (4189,1663) s1=fng (739,2089) [filtered=2589]
cnt=2 s0=fng (4188,1663) s1=fng (732,2092) [filtered=2589]
cnt=2 s0=fng (4186,1663) s1=fng (723,2098) [filtered=2589]
cnt=2 s0=fng (4183,1663) s1=PALM(712,2106) [filtered=2590]
cnt=2 s0=fng (4181,1663) s1=PALM(701,2114) [filtered=2591]
cnt=2 s0=fng (4180,1663) s1=PALM(690,2123) [filtered=2592]
cnt=2 s0=fng (4178,1663) s1=PALM(678,2132) [filtered=2593]
cnt=2 s0=fng (4176,1663) s1=PALM(665,2142) [filtered=2594]
cnt=2 s0=fng (4175,1663) s1=PALM(653,2151) [filtered=2595]
cnt=2 s0=fng (4175,1663) s1=PALM(639,2161) [filtered=2596]
cnt=2 s0=fng (4176,1664) s1=PALM(624,2171) [filtered=2597]
cnt=2 s0=fng (4176,1664) s1=PALM(609,2180) [filtered=2598]
cnt=2 s0=fng (4178,1665) s1=PALM(593,2187) [filtered=2599]
cnt=2 s0=fng (4181,1666) s1=PALM(576,2194) [filtered=2600]
cnt=2 s0=fng (4182,1667) s1=PALM(560,2200) [filtered=2601]
cnt=2 s0=fng (4185,1668) s1=PALM(544,2207) [filtered=2602]
cnt=2 s0=fng (4190,1670) s1=PALM(527,2213) [filtered=2603]
cnt=2 s0=fng (4195,1672) s1=PALM(509,2218) [filtered=2604]
cnt=2 s0=fng (4200,1673) s1=PALM(492,2222) [filtered=2605]
cnt=2 s0=fng (4207,1675) s1=PALM(475,2225) [filtered=2606]
cnt=2 s0=fng (4215,1678) s1=PALM(458,2229) [filtered=2607]
cnt=2 s0=fng (4225,1682) s1=PALM(440,2233) [filtered=2608]
cnt=2 s0=fng (4235,1685) s1=PALM(423,2236) [filtered=2609]
cnt=2 s0=fng (4248,1689) s1=PALM(407,2239) [filtered=2610]
cnt=2 s0=fng (4264,1694) s1=PALM(392,2241) [filtered=2611]
cnt=2 s0=fng (4282,1702) s1=PALM(377,2244) [filtered=2612]
cnt=2 s0=fng (4299,1709) s1=PALM(363,2246) [filtered=2613]
cnt=2 s0=fng (4316,1716) s1=PALM(350,2248) [filtered=2614]
cnt=2 s0=fng (4332,1723) s1=PALM(337,2251) [filtered=2615]
cnt=2 s0=fng (4348,1730) s1=PALM(324,2255) [filtered=2616]
cnt=2 s0=fng (4363,1736) s1=PALM(312,2258) [filtered=2617]
cnt=2 s0=fng (4375,1740) s1=PALM(300,2261) [filtered=2618]
cnt=2 s0=fng (4384,1742) s1=PALM(289,2265) [filtered=2619]
cnt=2 s0=fng (4390,1742) s1=PALM(278,2269) [filtered=2620]
cnt=2 s0=fng (4395,1742) s1=PALM(267,2272) [filtered=2621]
cnt=2 s0=fng (4397,1740) s1=PALM(256,2275) [filtered=2622]
cnt=2 s0=fng (4397,1738) s1=PALM(245,2279) [filtered=2623]
cnt=2 s0=fng (4397,1735) s1=PALM(235,2282) [filtered=2624]
cnt=2 s0=fng (4397,1733) s1=PALM(225,2284) [filtered=2625]
cnt=2 s0=fng (4394,1730) s1=PALM(215,2286) [filtered=2626]
cnt=2 s0=fng (4390,1728) s1=PALM(206,2289) [filtered=2627]
cnt=2 s0=fng (4388,1727) s1=PALM(198,2291) [filtered=2628]
cnt=2 s0=fng (4385,1724) s1=PALM(190,2292) [filtered=2629]
cnt=2 s0=fng (4381,1721) s1=PALM(190,2292) [filtered=2630]
cnt=1 s0=fng (4381,1721) [filtered=2630]
cnt=1 s0=fng (4377,1718) [filtered=2630]
cnt=1 s0=fng (4373,1716) [filtered=2630]
cnt=1 s0=fng (4369,1714) [filtered=2630]
cnt=1 s0=fng (4365,1713) [filtered=2630]
cnt=1 s0=fng (4360,1712) [filtered=2630]
cnt=1 s0=fng (4356,1712) [filtered=2630]
cnt=1 s0=fng (4352,1711) [filtered=2630]
cnt=1 s0=fng (4349,1711) [filtered=2630]
cnt=1 s0=fng (4345,1711) [filtered=2630]
cnt=1 s0=fng (4340,1711) [filtered=2630]
cnt=1 s0=fng (4335,1712) [filtered=2630]
cnt=1 s0=fng (4330,1713) [filtered=2630]
cnt=1 s0=fng (4325,1713) [filtered=2630]
cnt=1 s0=fng (4318,1714) [filtered=2630]
cnt=1 s0=fng (4311,1716) [filtered=2630]
cnt=1 s0=fng (4304,1718) [filtered=2630]
cnt=1 s0=fng (4297,1719) [filtered=2630]
cnt=1 s0=fng (4289,1721) [filtered=2630]
cnt=1 s0=fng (4281,1724) [filtered=2630]
cnt=1 s0=fng (4272,1728) [filtered=2630]
cnt=1 s0=fng (4261,1732) [filtered=2630]
cnt=1 s0=fng (4251,1735) [filtered=2630]
cnt=1 s0=fng (4240,1740) [filtered=2630]
cnt=1 s0=fng (4228,1745) [filtered=2630]
cnt=1 s0=fng (4216,1750) [filtered=2630]
cnt=1 s0=fng (4204,1754) [filtered=2630]
cnt=1 s0=fng (4191,1758) [filtered=2630]
cnt=1 s0=fng (4178,1762) [filtered=2630]
cnt=1 s0=fng (4166,1766) [filtered=2630]
cnt=1 s0=fng (4150,1770) [filtered=2630]
cnt=1 s0=fng (4132,1774) [filtered=2630]
cnt=1 s0=fng (4115,1778) [filtered=2630]
cnt=1 s0=fng (4094,1782) [filtered=2630]
cnt=2 s0=fng (4072,1786) s1=PALM(265,2185) [filtered=2631]
cnt=2 s0=fng (4051,1790) s1=PALM(265,2185) [filtered=2632]
cnt=2 s0=fng (4030,1793) s1=PALM(269,2184) [filtered=2633]
cnt=2 s0=fng (4009,1796) s1=PALM(273,2184) [filtered=2634]
cnt=2 s0=fng (3991,1798) s1=PALM(280,2182) [filtered=2635]
cnt=2 s0=fng (3973,1800) s1=PALM(286,2181) [filtered=2636]
cnt=2 s0=fng (3955,1802) s1=PALM(299,2178) [filtered=2637]
cnt=2 s0=fng (3939,1804) s1=PALM(317,2172) [filtered=2638]
cnt=2 s0=fng (3923,1806) s1=PALM(335,2167) [filtered=2639]
cnt=2 s0=fng (3908,1807) s1=PALM(355,2162) [filtered=2640]
cnt=2 s0=fng (3893,1806) s1=PALM(374,2158) [filtered=2641]
cnt=2 s0=fng (3880,1807) s1=PALM(394,2153) [filtered=2642]
cnt=2 s0=fng (3870,1809) s1=PALM(413,2148) [filtered=2643]
cnt=2 s0=fng (3860,1810) s1=PALM(431,2144) [filtered=2644]
cnt=2 s0=fng (3853,1812) s1=PALM(448,2139) [filtered=2645]
cnt=2 s0=fng (3846,1813) s1=PALM(464,2135) [filtered=2646]
cnt=2 s0=fng (3842,1815) s1=PALM(478,2132) [filtered=2647]
cnt=2 s0=fng (3838,1816) s1=PALM(492,2129) [filtered=2648]
cnt=2 s0=fng (3836,1819) s1=PALM(502,2127) [filtered=2649]
cnt=2 s0=fng (3836,1821) s1=PALM(510,2126) [filtered=2650]
cnt=2 s0=fng (3836,1822) s1=PALM(518,2125) [filtered=2651]
cnt=2 s0=fng (3840,1824) s1=PALM(522,2125) [filtered=2652]
cnt=2 s0=fng (3844,1825) s1=PALM(526,2125) [filtered=2653]
cnt=2 s0=fng (3849,1826) s1=PALM(528,2125) [filtered=2654]
cnt=2 s0=fng (3854,1827) s1=PALM(528,2125) [filtered=2655]
cnt=2 s0=fng (3859,1828) s1=PALM(528,2125) [filtered=2656]
cnt=2 s0=fng (3864,1829) s1=PALM(528,2128) [filtered=2657]
cnt=2 s0=fng (3871,1831) s1=PALM(524,2131) [filtered=2658]
cnt=2 s0=fng (3878,1832) s1=PALM(520,2134) [filtered=2659]
cnt=2 s0=fng (3885,1833) s1=PALM(516,2135) [filtered=2660]
cnt=2 s0=fng (3892,1834) s1=PALM(512,2136) [filtered=2661]
cnt=2 s0=fng (3900,1835) s1=PALM(507,2137) [filtered=2662]
cnt=2 s0=fng (3908,1837) s1=PALM(501,2139) [filtered=2663]
cnt=2 s0=fng (3916,1838) s1=PALM(495,2140) [filtered=2664]
cnt=2 s0=fng (3924,1839) s1=PALM(488,2142) [filtered=2665]
cnt=2 s0=fng (3932,1840) s1=PALM(480,2145) [filtered=2666]
cnt=2 s0=fng (3940,1841) s1=PALM(473,2147) [filtered=2667]
cnt=2 s0=fng (3948,1842) s1=PALM(465,2150) [filtered=2668]
cnt=2 s0=fng (3956,1843) s1=PALM(457,2154) [filtered=2669]
cnt=2 s0=fng (3963,1844) s1=PALM(450,2157) [filtered=2670]
cnt=2 s0=fng (3970,1845) s1=PALM(442,2162) [filtered=2671]
cnt=2 s0=fng (3977,1846) s1=PALM(433,2168) [filtered=2672]
cnt=2 s0=fng (3983,1846) s1=PALM(425,2174) [filtered=2673]
cnt=2 s0=fng (3989,1847) s1=PALM(417,2181) [filtered=2674]
cnt=2 s0=fng (3995,1848) s1=PALM(407,2188) [filtered=2675]
cnt=2 s0=fng (4001,1849) s1=PALM(398,2194) [filtered=2676]
cnt=2 s0=fng (4007,1850) s1=PALM(389,2201) [filtered=2677]
cnt=2 s0=fng (4013,1851) s1=PALM(380,2208) [filtered=2678]
cnt=2 s0=fng (4018,1851) s1=PALM(371,2214) [filtered=2679]
cnt=2 s0=fng (4022,1852) s1=PALM(362,2221) [filtered=2680]
cnt=2 s0=fng (4025,1852) s1=PALM(354,2227) [filtered=2681]
cnt=2 s0=fng (4029,1853) s1=PALM(347,2233) [filtered=2682]
cnt=2 s0=fng (4032,1853) s1=PALM(339,2240) [filtered=2683]
cnt=2 s0=fng (4034,1853) s1=PALM(332,2246) [filtered=2684]
cnt=2 s0=fng (4037,1853) s1=PALM(325,2252) [filtered=2685]
cnt=2 s0=fng (4039,1853) s1=PALM(318,2258) [filtered=2686]
cnt=2 s0=fng (4040,1853) s1=PALM(312,2263) [filtered=2687]
cnt=2 s0=fng (4039,1853) s1=PALM(306,2268) [filtered=2688]
cnt=2 s0=fng (4040,1853) s1=PALM(300,2273) [filtered=2689]
cnt=2 s0=fng (4041,1852) s1=PALM(294,2277) [filtered=2690]
cnt=2 s0=fng (4041,1852) s1=PALM(288,2281) [filtered=2691]
cnt=2 s0=fng (4041,1852) s1=PALM(283,2285) [filtered=2692]
cnt=2 s0=fng (4041,1851) s1=PALM(279,2289) [filtered=2693]
cnt=2 s0=fng (4041,1851) s1=PALM(275,2293) [filtered=2694]
cnt=2 s0=fng (4041,1850) s1=PALM(271,2297) [filtered=2695]
cnt=2 s0=fng (4041,1850) s1=PALM(267,2301) [filtered=2696]
cnt=2 s0=fng (4041,1849) s1=PALM(263,2304) [filtered=2697]
cnt=2 s0=fng (4040,1848) s1=PALM(259,2307) [filtered=2698]
cnt=2 s0=fng (4040,1848) s1=PALM(255,2310) [filtered=2699]
cnt=2 s0=fng (4039,1847) s1=PALM(252,2313) [filtered=2700]
cnt=2 s0=fng (4039,1845) s1=PALM(250,2315) [filtered=2701]
cnt=2 s0=fng (4039,1844) s1=PALM(248,2317) [filtered=2702]
cnt=2 s0=fng (4039,1842) s1=PALM(246,2319) [filtered=2703]
cnt=2 s0=fng (4039,1841) s1=PALM(244,2321) [filtered=2704]
cnt=2 s0=fng (4040,1838) s1=PALM(243,2322) [filtered=2705]
cnt=2 s0=fng (4040,1836) s1=PALM(242,2323) [filtered=2706]
cnt=2 s0=fng (4041,1834) s1=PALM(242,2323) [filtered=2707]
cnt=2 s0=fng (4042,1832) s1=PALM(242,2323) [filtered=2708]
cnt=2 s0=fng (4044,1828) s1=PALM(246,2319) [filtered=2709]
cnt=2 s0=fng (4045,1825) s1=PALM(250,2316) [filtered=2710]
cnt=2 s0=fng (4048,1820) s1=PALM(254,2312) [filtered=2711]
cnt=2 s0=fng (4050,1816) s1=PALM(257,2310) [filtered=2712]
cnt=3 s0=fng (4055,1810) s1=PALM(261,2307) s2=fng (1358,333) [filtered=2713]
cnt=3 s0=fng (4059,1805) s1=PALM(264,2305) s2=fng (1358,333) [filtered=2714]
cnt=3 s0=fng (4065,1798) s1=PALM(267,2301) s2=fng (1356,335) [filtered=2715]
cnt=3 s0=fng (4070,1792) s1=PALM(269,2298) s2=fng (1355,336) [filtered=2716]
cnt=3 s0=fng (4078,1783) s1=PALM(272,2294) s2=fng (1352,337) [filtered=2717]
cnt=3 s0=fng (4085,1775) s1=PALM(274,2291) s2=fng (1350,338) [filtered=2718]
cnt=3 s0=fng (4095,1766) s1=PALM(275,2287) s2=fng (1346,340) [filtered=2719]
cnt=3 s0=fng (4107,1755) s1=PALM(276,2282) s2=fng (1341,343) [filtered=2720]
cnt=3 s0=fng (4118,1745) s1=PALM(277,2278) s2=fng (1336,344) [filtered=2721]
cnt=3 s0=fng (4132,1733) s1=PALM(278,2273) s2=fng (1329,347) [filtered=2722]
cnt=3 s0=fng (4145,1722) s1=PALM(278,2269) s2=fng (1323,349) [filtered=2723]
cnt=3 s0=fng (4160,1710) s1=PALM(278,2265) s2=fng (1315,351) [filtered=2724]
cnt=3 s0=fng (4174,1698) s1=PALM(278,2261) s2=fng (1308,353) [filtered=2725]
cnt=3 s0=fng (4190,1685) s1=PALM(278,2257) s2=fng (1298,355) [filtered=2726]
cnt=3 s0=fng (4206,1672) s1=PALM(278,2253) s2=fng (1289,357) [filtered=2727]
cnt=3 s0=fng (4222,1658) s1=PALM(279,2249) s2=fng (1277,359) [filtered=2728]
cnt=3 s0=fng (4238,1644) s1=PALM(280,2245) s2=fng (1262,361) [filtered=2729]
cnt=3 s0=fng (4254,1630) s1=PALM(280,2241) s2=fng (1248,363) [filtered=2730]
cnt=3 s0=fng (4269,1616) s1=PALM(281,2237) s2=fng (1232,365) [filtered=2731]
cnt=3 s0=fng (4284,1602) s1=PALM(282,2233) s2=fng (1217,367) [filtered=2732]
cnt=3 s0=fng (4298,1589) s1=PALM(284,2228) s2=fng (1202,369) [filtered=2733]
cnt=3 s0=fng (4310,1577) s1=PALM(286,2222) s2=fng (1187,372) [filtered=2734]
cnt=3 s0=fng (4322,1565) s1=PALM(287,2217) s2=fng (1173,374) [filtered=2735]
cnt=3 s0=fng (4333,1554) s1=PALM(289,2211) s2=fng (1161,377) [filtered=2736]
cnt=3 s0=fng (4343,1544) s1=PALM(291,2205) s2=fng (1149,380) [filtered=2737]
cnt=3 s0=fng (4353,1534) s1=PALM(292,2200) s2=fng (1138,382) [filtered=2738]
cnt=3 s0=fng (4361,1526) s1=PALM(294,2195) s2=fng (1128,385) [filtered=2739]
cnt=3 s0=fng (4368,1519) s1=PALM(297,2190) s2=fng (1120,387) [filtered=2740]
cnt=3 s0=fng (4375,1512) s1=PALM(298,2186) s2=fng (1112,388) [filtered=2741]
cnt=3 s0=fng (4381,1506) s1=PALM(300,2181) s2=fng (1105,390) [filtered=2742]
cnt=3 s0=fng (4387,1500) s1=PALM(301,2177) s2=fng (1098,391) [filtered=2743]
cnt=3 s0=fng (4391,1496) s1=PALM(303,2173) s2=fng (1092,393) [filtered=2744]
cnt=3 s0=fng (4394,1493) s1=PALM(305,2170) s2=fng (1088,394) [filtered=2745]
cnt=3 s0=fng (4397,1490) s1=PALM(306,2167) s2=fng (1084,395) [filtered=2746]
cnt=3 s0=fng (4399,1488) s1=PALM(309,2164) s2=fng (1080,396) [filtered=2747]
cnt=3 s0=fng (4401,1486) s1=PALM(311,2161) s2=fng (1076,397) [filtered=2748]
cnt=3 s0=fng (4402,1485) s1=PALM(313,2159) s2=fng (1073,398) [filtered=2749]
cnt=3 s0=fng (4403,1484) s1=PALM(315,2157) s2=fng (1070,398) [filtered=2750]
cnt=3 s0=fng (4403,1484) s1=PALM(317,2155) s2=fng (1068,399) [filtered=2751]
cnt=3 s0=fng (4403,1484) s1=PALM(319,2153) s2=fng (1066,400) [filtered=2752]
cnt=3 s0=fng (4403,1484) s1=PALM(321,2151) s2=fng (1066,401) [filtered=2753]
cnt=3 s0=fng (4403,1484) s1=PALM(323,2149) s2=fng (1066,402) [filtered=2754]
cnt=3 s0=fng (4400,1484) s1=PALM(325,2147) s2=fng (1066,402) [filtered=2755]
cnt=3 s0=fng (4397,1484) s1=PALM(327,2145) s2=fng (1066,402) [filtered=2756]
cnt=3 s0=fng (4394,1484) s1=PALM(328,2144) s2=fng (1066,401) [filtered=2757]
cnt=3 s0=fng (4391,1484) s1=PALM(327,2143) s2=fng (1066,401) [filtered=2758]
cnt=3 s0=fng (4388,1487) s1=PALM(328,2143) s2=fng (1066,400) [filtered=2759]
cnt=3 s0=fng (4385,1490) s1=PALM(329,2143) s2=fng (1069,398) [filtered=2760]
cnt=3 s0=fng (4382,1493) s1=PALM(330,2143) s2=fng (1072,397) [filtered=2761]
cnt=3 s0=fng (4378,1496) s1=PALM(330,2143) s2=fng (1076,396) [filtered=2762]
cnt=3 s0=fng (4374,1499) s1=PALM(330,2143) s2=fng (1080,395) [filtered=2763]
cnt=3 s0=fng (4369,1503) s1=PALM(330,2143) s2=fng (1085,393) [filtered=2764]
cnt=3 s0=fng (4364,1507) s1=PALM(330,2143) s2=fng (1090,392) [filtered=2765]
cnt=3 s0=fng (4359,1512) s1=PALM(330,2143) s2=fng (1094,390) [filtered=2766]
cnt=3 s0=fng (4356,1516) s1=PALM(330,2143) s2=fng (1097,389) [filtered=2767]
cnt=3 s0=fng (4351,1520) s1=PALM(330,2143) s2=fng (1102,386) [filtered=2768]
cnt=3 s0=fng (4347,1523) s1=PALM(330,2143) s2=fng (1106,384) [filtered=2769]
cnt=3 s0=fng (4342,1526) s1=PALM(330,2143) s2=fng (1111,382) [filtered=2770]
cnt=3 s0=fng (4338,1528) s1=PALM(330,2143) s2=fng (1115,380) [filtered=2771]
cnt=3 s0=fng (4333,1532) s1=PALM(329,2143) s2=fng (1120,378) [filtered=2772]
cnt=3 s0=fng (4329,1535) s1=PALM(329,2143) s2=fng (1124,376) [filtered=2773]
cnt=2 s0=fng (4324,1540) s1=PALM(329,2146) [filtered=2774]
cnt=2 s0=fng (4320,1544) s1=PALM(329,2149) [filtered=2775]
cnt=2 s0=fng (4316,1548) s1=PALM(329,2152) [filtered=2776]
cnt=2 s0=fng (4312,1552) s1=PALM(329,2153) [filtered=2777]
cnt=2 s0=fng (4308,1556) s1=PALM(329,2154) [filtered=2778]
cnt=2 s0=fng (4304,1560) s1=PALM(329,2155) [filtered=2779]
cnt=2 s0=fng (4300,1564) s1=PALM(330,2156) [filtered=2780]
cnt=2 s0=fng (4296,1568) s1=PALM(330,2157) [filtered=2781]
cnt=2 s0=fng (4293,1572) s1=PALM(331,2158) [filtered=2782]
cnt=2 s0=fng (4290,1577) s1=PALM(332,2159) [filtered=2783]
cnt=2 s0=fng (4287,1581) s1=PALM(333,2159) [filtered=2784]
cnt=2 s0=fng (4284,1585) s1=PALM(334,2159) [filtered=2785]
cnt=2 s0=fng (4281,1589) s1=PALM(335,2159)* [filtered=2786]
cnt=2 s0=fng (4278,1593) s1=PALM(337,2160)* [filtered=2787]
cnt=2 s0=fng (4275,1597) s1=PALM(338,2160)* [filtered=2788]
cnt=2 s0=fng (4272,1601) s1=PALM(340,2160)* [filtered=2789]
cnt=2 s0=fng (4269,1605) s1=PALM(341,2160)* [filtered=2790]
cnt=2 s0=fng (4266,1609) s1=PALM(343,2160)* [filtered=2791]
cnt=2 s0=fng (4263,1613) s1=PALM(344,2160)* [filtered=2792]
cnt=3 s0=fng (4261,1616) s1=PALM(346,2161)* s2=fng (1363,328) [filtered=2793]
cnt=3 s0=fng (4259,1619) s1=PALM(347,2161)* s2=fng (1363,328) [filtered=2794]
cnt=3 s0=fng (4257,1622) s1=PALM(349,2161)* s2=fng (1364,328) [filtered=2795]
cnt=3 s0=fng (4255,1625) s1=PALM(350,2161)* s2=fng (1365,328) [filtered=2796]
cnt=3 s0=fng (4253,1627) s1=PALM(352,2162)* s2=fng (1366,328) [filtered=2797]
cnt=3 s0=fng (4251,1629) s1=PALM(353,2162)* s2=fng (1367,328) [filtered=2798]
cnt=3 s0=fng (4249,1631) s1=PALM(355,2163)* s2=fng (1367,328) [filtered=2799]
cnt=3 s0=fng (4247,1633) s1=PALM(356,2163)* s2=fng (1367,328) [filtered=2800]
cnt=3 s0=fng (4245,1635) s1=PALM(358,2164)* s2=fng (1367,328) [filtered=2801]
cnt=3 s0=fng (4243,1637) s1=PALM(359,2165)* s2=fng (1367,328) [filtered=2802]
cnt=2 s0=fng (4241,1639) s1=PALM(360,2166)* [filtered=2803]
cnt=2 s0=fng (4239,1641) s1=PALM(361,2166)* [filtered=2804]
cnt=2 s0=fng (4237,1643) s1=PALM(363,2167)* [filtered=2805]
cnt=2 s0=fng (4235,1645) s1=PALM(364,2167)* [filtered=2806]
cnt=2 s0=fng (4233,1647) s1=PALM(366,2168)* [filtered=2807]
cnt=2 s0=fng (4232,1649) s1=PALM(369,2169) [filtered=2808]
cnt=2 s0=fng (4231,1651) s1=PALM(371,2170) [filtered=2809]
cnt=2 s0=fng (4229,1654) s1=PALM(374,2171) [filtered=2810]
cnt=2 s0=fng (4227,1657) s1=PALM(376,2172) [filtered=2811]
cnt=2 s0=fng (4225,1660) s1=PALM(378,2173) [filtered=2812]
cnt=2 s0=fng (4223,1663) s1=PALM(380,2174) [filtered=2813]
cnt=2 s0=fng (4221,1666) s1=PALM(384,2176) [filtered=2814]
cnt=2 s0=fng (4219,1669) s1=PALM(387,2177) [filtered=2815]
cnt=2 s0=fng (4217,1672) s1=PALM(392,2179) [filtered=2816]
cnt=2 s0=fng (4214,1675) s1=PALM(397,2181) [filtered=2817]
cnt=2 s0=fng (4211,1678) s1=PALM(401,2182) [filtered=2818]
cnt=2 s0=fng (4207,1680) s1=PALM(408,2184) [filtered=2819]
cnt=2 s0=fng (4203,1682) s1=PALM(414,2185) [filtered=2820]
cnt=2 s0=fng (4198,1684) s1=PALM(423,2187) [filtered=2821]
cnt=2 s0=fng (4193,1686) s1=PALM(431,2188) [filtered=2822]
cnt=2 s0=fng (4187,1688) s1=PALM(441,2189) [filtered=2823]
cnt=2 s0=fng (4181,1690) s1=PALM(450,2190) [filtered=2824]
cnt=2 s0=fng (4174,1690) s1=PALM(460,2191) [filtered=2825]
cnt=2 s0=fng (4167,1690) s1=PALM(470,2191) [filtered=2826]
cnt=2 s0=fng (4158,1690) s1=PALM(482,2190) [filtered=2827]
cnt=2 s0=fng (4149,1690) s1=PALM(494,2190) [filtered=2828]
cnt=2 s0=fng (4138,1686) s1=PALM(509,2188) [filtered=2829]
cnt=2 s0=fng (4127,1682) s1=PALM(524,2187) [filtered=2830]
cnt=2 s0=fng (4114,1678) s1=PALM(542,2184) [filtered=2831]
cnt=2 s0=fng (4101,1675) s1=PALM(560,2182) [filtered=2832]
cnt=2 s0=fng (4088,1673) s1=PALM(578,2180) [filtered=2833]
cnt=2 s0=fng (4072,1667) s1=PALM(600,2175) [filtered=2834]
cnt=2 s0=fng (4056,1661) s1=PALM(622,2171) [filtered=2835]
cnt=2 s0=fng (4038,1652) s1=PALM(646,2164) [filtered=2836]
cnt=2 s0=fng (4020,1644) s1=PALM(670,2158) [filtered=2837]
cnt=2 s0=fng (4000,1633) s1=PALM(696,2149) [filtered=2838]
cnt=2 s0=fng (3980,1623) s1=PALM(722,2141) [filtered=2839]
cnt=2 s0=fng (3960,1610) s1=PALM(750,2130) [filtered=2840]
cnt=2 s0=fng (3940,1598) s1=PALM(778,2120) [filtered=2841]
cnt=2 s0=fng (3920,1586) s1=PALM(806,2110) [filtered=2842]
cnt=2 s0=fng (3901,1573) s1=PALM(834,2099) [filtered=2843]
cnt=2 s0=fng (3882,1560) s1=fng (862,2088) [filtered=2843]
cnt=2 s0=fng (3864,1546) s1=fng (889,2076) [filtered=2843]
cnt=2 s0=fng (3846,1532) s1=fng (916,2064) [filtered=2843]
cnt=2 s0=fng (3830,1518) s1=fng (942,2052) [filtered=2843]
cnt=2 s0=fng (3814,1504) s1=fng (968,2040) [filtered=2843]
cnt=2 s0=fng (3800,1490) s1=fng (993,2028) [filtered=2843]
cnt=2 s0=fng (3786,1476) s1=fng (1018,2016) [filtered=2843]
cnt=2 s0=fng (3775,1462) s1=fng (1042,2003) [filtered=2843]
cnt=2 s0=fng (3764,1448) s1=fng (1066,1990) [filtered=2843]
cnt=2 s0=fng (3756,1435) s1=fng (1088,1978) [filtered=2843]
cnt=2 s0=fng (3750,1423) s1=fng (1108,1966) [filtered=2843]
cnt=2 s0=fng (3744,1411) s1=fng (1128,1954) [filtered=2843]
cnt=2 s0=fng (3741,1400) s1=fng (1146,1942) [filtered=2843]
cnt=2 s0=fng (3738,1389) s1=fng (1164,1930) [filtered=2843]
cnt=2 s0=fng (3737,1379) s1=fng (1180,1919) [filtered=2843]
cnt=2 s0=fng (3736,1369) s1=fng (1196,1908) [filtered=2843]
cnt=2 s0=fng (3736,1361) s1=fng (1210,1898) [filtered=2843]
cnt=2 s0=fng (3736,1353) s1=fng (1224,1888) [filtered=2843]
cnt=2 s0=fng (3739,1346) s1=fng (1235,1878) [filtered=2843]
cnt=2 s0=fng (3742,1339) s1=fng (1246,1868) [filtered=2843]
cnt=2 s0=fng (3746,1333) s1=fng (1254,1859) [filtered=2843]
cnt=2 s0=fng (3750,1327) s1=fng (1262,1850) [filtered=2843]
cnt=2 s0=fng (3755,1322) s1=fng (1268,1842) [filtered=2843]
cnt=2 s0=fng (3760,1317) s1=fng (1274,1834) [filtered=2843]
cnt=2 s0=fng (3766,1311) s1=fng (1277,1827) [filtered=2843]
cnt=2 s0=fng (3774,1305) s1=fng (1277,1821) [filtered=2843]
cnt=2 s0=fng (3782,1299) s1=fng (1277,1815) [filtered=2843]
cnt=2 s0=fng (3793,1291) s1=fng (1272,1809) [filtered=2843]
cnt=2 s0=fng (3804,1283) s1=fng (1267,1803) [filtered=2843]
cnt=2 s0=fng (3818,1274) s1=fng (1260,1797) [filtered=2843]
cnt=2 s0=fng (3835,1262) s1=fng (1250,1789) [filtered=2843]
cnt=2 s0=fng (3852,1250) s1=fng (1240,1781) [filtered=2843]
cnt=2 s0=fng (3873,1236) s1=fng (1227,1772) [filtered=2843]
cnt=2 s0=fng (3900,1221) s1=fng (1212,1762) [filtered=2843]
cnt=2 s0=fng (3933,1205) s1=fng (1193,1751) [filtered=2843]
cnt=2 s0=fng (3966,1189) s1=fng (1174,1740) [filtered=2843]
cnt=2 s0=fng (4006,1171) s1=fng (1150,1728) [filtered=2843]
cnt=2 s0=fng (4006,1171) s1=fng (1125,1717) [filtered=2843]
cnt=1 s1=fng (1125,1717) [filtered=2843]
cnt=1 s1=fng (1100,1708) [filtered=2843]
cnt=1 s1=fng (1075,1702) [filtered=2843]
cnt=1 s1=fng (1050,1696) [filtered=2843]
cnt=1 s1=fng (1023,1692) [filtered=2843]
cnt=1 s1=fng (1023,1692) [filtered=2843]
cnt=1 s0=fng (4630,1754) [filtered=2843]
cnt=1 s0=fng (4630,1754) [filtered=2843]
cnt=1 s0=fng (4622,1751) [filtered=2843]
cnt=1 s0=fng (4614,1749) [filtered=2843]
cnt=1 s0=fng (4603,1745) [filtered=2843]
cnt=1 s0=fng (4591,1740) [filtered=2843]
cnt=1 s0=fng (4579,1734) [filtered=2843]
cnt=1 s0=fng (4568,1730) [filtered=2843]
cnt=1 s0=fng (4556,1725) [filtered=2843]
cnt=1 s0=fng (4545,1720) [filtered=2843]
cnt=1 s0=fng (4536,1716) [filtered=2843]
cnt=1 s0=fng (4528,1713) [filtered=2843]
cnt=1 s0=fng (4521,1711) [filtered=2843]
cnt=1 s0=fng (4516,1710) [filtered=2843]
cnt=1 s0=fng (4512,1709) [filtered=2843]
cnt=1 s0=fng (4509,1709) [filtered=2843]
cnt=1 s0=fng (4507,1710) [filtered=2843]
cnt=1 s0=fng (4505,1710) [filtered=2843]
cnt=1 s0=fng (4504,1711) [filtered=2843]
cnt=1 s0=fng (4504,1712) [filtered=2843]
cnt=1 s0=fng (4505,1714) [filtered=2843]
cnt=1 s0=fng (4505,1715) [filtered=2843]
cnt=1 s0=fng (4504,1716) [filtered=2843]
cnt=1 s0=fng (4503,1718) [filtered=2843]
cnt=1 s0=fng (4502,1720) [filtered=2843]
cnt=1 s0=fng (4501,1721) [filtered=2843]
cnt=1 s0=fng (4500,1722) [filtered=2843]
cnt=1 s0=fng (4499,1723) [filtered=2843]
cnt=1 s0=fng (4497,1724) [filtered=2843]
cnt=1 s0=fng (4494,1725) [filtered=2843]
cnt=1 s0=fng (4491,1725) [filtered=2843]
cnt=1 s0=fng (4490,1725) [filtered=2843]
cnt=1 s0=fng (4487,1726) [filtered=2843]
cnt=1 s0=fng (4484,1727) [filtered=2843]
cnt=1 s0=fng (4482,1727) [filtered=2843]
cnt=1 s0=fng (4479,1727) [filtered=2843]
cnt=1 s0=fng (4478,1727) [filtered=2843]
cnt=1 s0=fng (4476,1727) [filtered=2843]
cnt=1 s0=fng (4474,1728) [filtered=2843]
cnt=1 s0=fng (4472,1728) [filtered=2843]
cnt=1 s0=fng (4471,1728) [filtered=2843]
cnt=1 s0=fng (4470,1729) [filtered=2843]
cnt=1 s0=fng (4470,1729) [filtered=2843]
cnt=1 s0=fng (4470,1730) [filtered=2843]
cnt=1 s0=fng (4470,1731) [filtered=2843]
cnt=1 s0=fng (4470,1731) [filtered=2843]
cnt=1 s0=fng (4470,1731) [filtered=2843]
cnt=1 s0=fng (4470,1732) [filtered=2843]
cnt=1 s0=fng (4471,1732) [filtered=2843]
cnt=1 s0=fng (4471,1733) [filtered=2843]
cnt=1 s0=fng (4471,1733) [filtered=2843]
cnt=1 s0=fng (4472,1733) [filtered=2843]
cnt=1 s0=fng (4473,1733) [filtered=2843]
cnt=1 s0=fng (4474,1733) [filtered=2843]
cnt=1 s0=fng (4475,1733) [filtered=2843]
cnt=1 s0=fng (4475,1733) [filtered=2843]
cnt=1 s0=fng (4476,1732) [filtered=2843]
cnt=1 s0=fng (4477,1732) [filtered=2843]
cnt=1 s0=fng (4478,1731) [filtered=2843]
cnt=1 s0=fng (4479,1731) [filtered=2843]
cnt=1 s0=fng (4480,1731) [filtered=2843]
cnt=2 s0=PALM(4481,1730) s1=PALM(24,2032) [filtered=2844]
cnt=2 s0=PALM(4483,1729) s1=PALM(24,2032) [filtered=2845]
cnt=2 s0=PALM(4485,1729)* s1=PALM(24,2032) [filtered=2846]
cnt=2 s0=PALM(4486,1729)* s1=PALM(24,2032) [filtered=2847]
cnt=2 s0=PALM(4488,1729)* s1=PALM(24,2032) [filtered=2848]
cnt=2 s0=PALM(4490,1729)* s1=PALM(24,2032) [filtered=2849]
cnt=2 s0=PALM(4493,1729)* s1=PALM(24,2032) [filtered=2850]
cnt=2 s0=PALM(4494,1729)* s1=PALM(24,2032) [filtered=2851]
cnt=2 s0=PALM(4496,1729)* s1=PALM(24,2032) [filtered=2852]
cnt=2 s0=PALM(4499,1729)* s1=PALM(24,2032) [filtered=2853]
cnt=2 s0=PALM(4501,1729)* s1=PALM(24,2032) [filtered=2854]
cnt=2 s0=PALM(4504,1729)* s1=PALM(24,2032) [filtered=2855]
cnt=2 s0=PALM(4505,1729)* s1=PALM(24,2032) [filtered=2856]
cnt=2 s0=PALM(4507,1729)* s1=PALM(24,2032) [filtered=2857]
cnt=2 s0=PALM(4509,1729)* s1=PALM(24,2032) [filtered=2858]
cnt=2 s0=PALM(4511,1729)* s1=PALM(24,2032) [filtered=2859]
cnt=2 s0=PALM(4512,1729)* s1=PALM(24,2032) [filtered=2860]
cnt=2 s0=PALM(4513,1729)* s1=PALM(24,2032) [filtered=2861]
cnt=2 s0=PALM(4514,1729)* s1=PALM(24,2032) [filtered=2862]
cnt=2 s0=PALM(4515,1729)* s1=PALM(24,2032) [filtered=2863]
cnt=2 s0=PALM(4515,1729)* s1=PALM(24,2032) [filtered=2864]
cnt=2 s0=PALM(4515,1729)* s1=PALM(24,2032) [filtered=2865]
cnt=2 s0=PALM(4515,1729)* s1=PALM(24,2032) [filtered=2866]
cnt=2 s0=PALM(4515,1729)* s1=PALM(24,2032) [filtered=2867]
cnt=2 s0=PALM(4515,1729)* s1=PALM(24,2032) [filtered=2868]
cnt=2 s0=PALM(4515,1728)* s1=PALM(24,2032) [filtered=2869]
cnt=2 s0=PALM(4515,1728)* s1=PALM(24,2032) [filtered=2870]
cnt=2 s0=PALM(4514,1728)* s1=PALM(24,2032) [filtered=2871]
cnt=2 s0=PALM(4513,1727)* s1=PALM(24,2032) [filtered=2872]
cnt=2 s0=PALM(4512,1727)* s1=PALM(24,2032) [filtered=2873]
cnt=2 s0=PALM(4511,1726)* s1=PALM(24,2032)* [filtered=2874]
cnt=2 s0=PALM(4511,1726)* s1=PALM(24,2032)* [filtered=2875]
cnt=2 s0=PALM(4510,1725)* s1=PALM(24,2032)* [filtered=2876]
cnt=2 s0=PALM(4509,1725)* s1=PALM(24,2032)* [filtered=2877]
cnt=2 s0=PALM(4508,1724)* s1=PALM(24,2032)* [filtered=2878]
cnt=2 s0=PALM(4508,1724)* s1=PALM(24,2032)* [filtered=2879]
cnt=2 s0=PALM(4507,1724)* s1=PALM(24,2032)* [filtered=2880]
cnt=2 s0=PALM(4506,1723)* s1=PALM(24,2032)* [filtered=2881]
cnt=2 s0=PALM(4505,1723)* s1=PALM(24,2032)* [filtered=2882]
cnt=2 s0=PALM(4504,1722)* s1=PALM(24,2032)* [filtered=2883]
cnt=2 s0=PALM(4503,1722)* s1=PALM(24,2032)* [filtered=2884]
cnt=2 s0=PALM(4502,1721)* s1=PALM(24,2032)* [filtered=2885]
cnt=2 s0=PALM(4502,1721)* s1=PALM(24,2032)* [filtered=2886]
cnt=2 s0=PALM(4501,1721)* s1=PALM(24,2032)* [filtered=2887]
cnt=2 s0=PALM(4501,1721)* s1=PALM(24,2032)* [filtered=2888]
cnt=2 s0=PALM(4501,1721)* s1=PALM(24,2032)* [filtered=2889]
cnt=2 s0=PALM(4500,1721)* s1=PALM(24,2032)* [filtered=2890]
cnt=2 s0=PALM(4499,1721)* s1=PALM(24,2032)* [filtered=2891]
cnt=2 s0=PALM(4499,1720)* s1=PALM(24,2032)* [filtered=2892]
cnt=2 s0=PALM(4499,1720)* s1=PALM(24,2032)* [filtered=2893]
cnt=2 s0=PALM(4498,1720)* s1=PALM(24,2032)* [filtered=2894]
cnt=2 s0=PALM(4498,1720)* s1=PALM(24,2032)* [filtered=2895]
cnt=2 s0=PALM(4497,1719)* s1=PALM(24,2031)* [filtered=2896]
cnt=2 s0=PALM(4496,1718)* s1=PALM(24,2031)* [filtered=2897]
cnt=2 s0=PALM(4496,1718)* s1=PALM(24,2031)* [filtered=2898]
cnt=2 s0=PALM(4495,1718)* s1=PALM(24,2030)* [filtered=2899]
cnt=2 s0=PALM(4494,1717)* s1=PALM(24,2030)* [filtered=2900]
cnt=2 s0=PALM(4493,1717)* s1=PALM(24,2030)* [filtered=2901]
cnt=2 s0=PALM(4492,1716)* s1=PALM(24,2030)* [filtered=2902]
cnt=2 s0=PALM(4491,1716)* s1=PALM(24,2030)* [filtered=2903]
cnt=2 s0=PALM(4490,1716)* s1=PALM(24,2030)* [filtered=2904]
cnt=2 s0=PALM(4489,1715)* s1=PALM(24,2030)* [filtered=2905]
cnt=2 s0=PALM(4488,1714)* s1=PALM(24,2030)* [filtered=2906]
cnt=2 s0=PALM(4487,1714)* s1=PALM(24,2030)* [filtered=2907]
cnt=2 s0=PALM(4486,1714)* s1=PALM(24,2030)* [filtered=2908]
cnt=2 s0=PALM(4485,1713)* s1=PALM(24,2030)* [filtered=2909]
cnt=2 s0=PALM(4483,1713)* s1=PALM(24,2030)* [filtered=2910]
cnt=2 s0=PALM(4481,1712)* s1=PALM(24,2030)* [filtered=2911]
cnt=2 s0=PALM(4480,1712)* s1=PALM(24,2030)* [filtered=2912]
cnt=2 s0=PALM(4478,1711)* s1=PALM(24,2030)* [filtered=2913]
cnt=2 s0=PALM(4477,1710)* s1=PALM(24,2030)* [filtered=2914]
cnt=2 s0=PALM(4475,1709)* s1=PALM(24,2030)* [filtered=2915]
cnt=2 s0=PALM(4473,1709)* s1=PALM(24,2030)* [filtered=2916]
cnt=2 s0=PALM(4472,1709)* s1=PALM(24,2030)* [filtered=2917]
cnt=2 s0=PALM(4471,1708)* s1=PALM(24,2030)* [filtered=2918]
cnt=2 s0=PALM(4470,1708)* s1=PALM(24,2030)* [filtered=2919]
cnt=2 s0=PALM(4468,1707)* s1=PALM(24,2030)* [filtered=2920]
cnt=2 s0=PALM(4467,1707)* s1=PALM(24,2030)* [filtered=2921]
cnt=2 s0=PALM(4466,1706)* s1=PALM(24,2030)* [filtered=2922]
cnt=2 s0=PALM(4465,1706)* s1=PALM(24,2030)* [filtered=2923]
cnt=2 s0=PALM(4464,1705)* s1=PALM(24,2030)* [filtered=2924]
cnt=2 s0=PALM(4463,1705)* s1=PALM(24,2030)* [filtered=2925]
cnt=2 s0=PALM(4462,1705)* s1=PALM(24,2030)* [filtered=2926]
cnt=2 s0=PALM(4461,1704)* s1=PALM(24,2030)* [filtered=2927]
cnt=2 s0=PALM(4460,1703)* s1=PALM(24,2030)* [filtered=2928]
cnt=2 s0=PALM(4459,1703)* s1=PALM(24,2030)* [filtered=2929]
cnt=2 s0=PALM(4458,1703)* s1=PALM(24,2030)* [filtered=2930]
cnt=2 s0=PALM(4457,1702)* s1=PALM(24,2030)* [filtered=2931]
cnt=2 s0=PALM(4456,1702)* s1=PALM(24,2030)* [filtered=2932]
cnt=2 s0=PALM(4455,1701)* s1=PALM(24,2030)* [filtered=2933]
cnt=2 s0=PALM(4453,1701)* s1=PALM(24,2030)* [filtered=2934]
cnt=2 s0=PALM(4452,1701)* s1=PALM(24,2030)* [filtered=2935]
cnt=2 s0=PALM(4451,1700)* s1=PALM(24,2030)* [filtered=2936]
cnt=2 s0=PALM(4450,1699)* s1=PALM(24,2030)* [filtered=2937]
cnt=2 s0=PALM(4448,1699)* s1=PALM(24,2030)* [filtered=2938]
cnt=2 s0=PALM(4446,1698)* s1=PALM(24,2030)* [filtered=2939]
cnt=2 s0=PALM(4445,1698)* s1=PALM(24,2030)* [filtered=2940]
cnt=2 s0=PALM(4444,1698)* s1=PALM(24,2030)* [filtered=2941]
cnt=2 s0=PALM(4443,1697)* s1=PALM(24,2030)* [filtered=2942]
cnt=2 s0=PALM(4442,1697)* s1=PALM(24,2030)* [filtered=2943]
cnt=2 s0=PALM(4442,1697)* s1=PALM(24,2030)* [filtered=2944]
cnt=2 s0=PALM(4441,1697)* s1=PALM(24,2030)* [filtered=2945]
cnt=2 s0=PALM(4440,1697)* s1=PALM(24,2030)* [filtered=2946]
cnt=2 s0=PALM(4439,1697)* s1=PALM(24,2030)* [filtered=2947]
cnt=2 s0=PALM(4438,1697)* s1=PALM(24,2030)* [filtered=2948]
cnt=2 s0=PALM(4438,1697)* s1=PALM(24,2030)* [filtered=2949]
cnt=2 s0=PALM(4437,1697)* s1=PALM(24,2030)* [filtered=2950]
cnt=2 s0=PALM(4437,1697)* s1=PALM(24,2030)* [filtered=2951]
cnt=2 s0=PALM(4436,1697)* s1=PALM(24,2030)* [filtered=2952]
cnt=2 s0=PALM(4436,1697)* s1=PALM(24,2030)* [filtered=2953]
cnt=2 s0=PALM(4436,1697)* s1=PALM(24,2029)* [filtered=2954]
cnt=2 s0=PALM(4435,1697)* s1=PALM(24,2029)* [filtered=2955]
cnt=2 s0=PALM(4435,1697)* s1=PALM(24,2029)* [filtered=2956]
cnt=2 s0=PALM(4434,1697)* s1=PALM(24,2028)* [filtered=2957]
cnt=2 s0=PALM(4434,1697)* s1=PALM(24,2028)* [filtered=2958]
cnt=2 s0=PALM(4433,1697)* s1=PALM(24,2028)* [filtered=2959]
cnt=2 s0=PALM(4433,1697)* s1=PALM(24,2028)* [filtered=2960]
cnt=2 s0=PALM(4432,1697)* s1=PALM(24,2028)* [filtered=2961]
cnt=2 s0=PALM(4432,1697)* s1=PALM(24,2028)* [filtered=2962]
cnt=2 s0=PALM(4432,1697)* s1=PALM(24,2027)* [filtered=2963]
cnt=2 s0=PALM(4431,1697)* s1=PALM(24,2027)* [filtered=2964]
cnt=2 s0=PALM(4431,1697)* s1=PALM(24,2026)* [filtered=2965]
cnt=2 s0=PALM(4431,1697)* s1=PALM(24,2026)* [filtered=2966]
cnt=2 s0=PALM(4431,1697)* s1=PALM(24,2026)* [filtered=2967]
cnt=2 s0=PALM(4430,1697)* s1=PALM(24,2026)* [filtered=2968]
cnt=2 s0=PALM(4430,1697)* s1=PALM(24,2026)* [filtered=2969]
cnt=2 s0=PALM(4429,1697)* s1=PALM(24,2025)* [filtered=2970]
cnt=2 s0=PALM(4429,1697)* s1=PALM(24,2025)* [filtered=2971]
cnt=2 s0=PALM(4429,1697)* s1=PALM(24,2025)* [filtered=2972]
cnt=2 s0=PALM(4429,1697)* s1=PALM(24,2025)* [filtered=2973]
cnt=2 s0=PALM(4428,1697)* s1=PALM(24,2025)* [filtered=2974]
cnt=2 s0=PALM(4428,1697)* s1=PALM(24,2025)* [filtered=2975]
cnt=2 s0=PALM(4428,1697)* s1=PALM(24,2025)* [filtered=2976]
cnt=2 s0=PALM(4428,1697)* s1=PALM(24,2025)* [filtered=2977]
cnt=2 s0=PALM(4428,1697)* s1=PALM(24,2024)* [filtered=2978]
cnt=2 s0=PALM(4427,1697)* s1=PALM(24,2023)* [filtered=2979]
cnt=2 s0=PALM(4427,1697)* s1=PALM(24,2023)* [filtered=2980]
cnt=2 s0=PALM(4427,1697)* s1=PALM(24,2023)* [filtered=2981]
cnt=2 s0=PALM(4427,1697)* s1=PALM(24,2023)* [filtered=2982]
cnt=2 s0=PALM(4426,1697)* s1=PALM(24,2023)* [filtered=2983]
cnt=2 s0=PALM(4426,1697)* s1=PALM(24,2023)* [filtered=2984]
cnt=2 s0=PALM(4426,1697)* s1=PALM(24,2023)* [filtered=2985]
cnt=2 s0=PALM(4425,1697)* s1=PALM(24,2023)* [filtered=2986]
cnt=2 s0=PALM(4424,1697)* s1=PALM(24,2023)* [filtered=2987]
cnt=2 s0=PALM(4424,1697)* s1=PALM(24,2023)* [filtered=2988]
cnt=2 s0=PALM(4423,1697)* s1=PALM(24,2023)* [filtered=2989]
cnt=2 s0=PALM(4423,1697)* s1=PALM(24,2023)* [filtered=2990]
cnt=2 s0=PALM(4423,1696)* s1=PALM(24,2023)* [filtered=2991]
cnt=2 s0=PALM(4422,1696)* s1=PALM(24,2023)* [filtered=2992]
cnt=2 s0=PALM(4422,1696)* s1=PALM(24,2023)* [filtered=2993]
cnt=2 s0=PALM(4421,1696)* s1=PALM(24,2023)* [filtered=2994]
cnt=2 s0=PALM(4421,1696)* s1=PALM(24,2023)* [filtered=2995]
cnt=2 s0=PALM(4420,1696)* s1=PALM(24,2023)* [filtered=2996]
cnt=2 s0=PALM(4420,1696)* s1=PALM(24,2023)* [filtered=2997]
cnt=2 s0=PALM(4419,1696)* s1=PALM(24,2023)* [filtered=2998]
cnt=2 s0=PALM(4419,1696)* s1=PALM(24,2023)* [filtered=2999]
cnt=2 s0=PALM(4419,1696)* s1=PALM(24,2023)* [filtered=3000]
cnt=2 s0=PALM(4418,1696)* s1=PALM(24,2023)* [filtered=3001]
cnt=2 s0=PALM(4418,1696)* s1=PALM(24,2023)* [filtered=3002]
cnt=2 s0=PALM(4418,1696)* s1=PALM(24,2023)* [filtered=3003]
cnt=2 s0=PALM(4417,1696)* s1=PALM(24,2023)* [filtered=3004]
cnt=2 s0=PALM(4417,1696)* s1=PALM(24,2023)* [filtered=3005]
cnt=2 s0=PALM(4416,1696)* s1=PALM(24,2022)* [filtered=3006]
cnt=2 s0=PALM(4415,1696)* s1=PALM(24,2022)* [filtered=3007]
cnt=2 s0=PALM(4415,1696)* s1=PALM(24,2022)* [filtered=3008]
cnt=2 s0=PALM(4415,1696)* s1=PALM(24,2022)* [filtered=3009]
cnt=2 s0=PALM(4414,1695)* s1=PALM(24,2022)* [filtered=3010]
cnt=2 s0=PALM(4414,1695)* s1=PALM(24,2022)* [filtered=3011]
cnt=2 s0=PALM(4414,1695)* s1=PALM(24,2022)* [filtered=3012]
cnt=2 s0=PALM(4414,1695)* s1=PALM(24,2022)* [filtered=3013]
cnt=2 s0=PALM(4413,1695)* s1=PALM(24,2022)* [filtered=3014]
cnt=2 s0=PALM(4413,1695)* s1=PALM(24,2022)* [filtered=3015]
cnt=2 s0=PALM(4412,1695)* s1=PALM(24,2022)* [filtered=3016]
cnt=2 s0=PALM(4412,1695)* s1=PALM(24,2022)* [filtered=3017]
cnt=2 s0=PALM(4411,1694)* s1=PALM(24,2022)* [filtered=3018]
cnt=2 s0=PALM(4411,1694)* s1=PALM(24,2022)* [filtered=3019]
cnt=2 s0=PALM(4410,1694)* s1=PALM(24,2022)* [filtered=3020]
cnt=2 s0=PALM(4410,1694)* s1=PALM(24,2022)* [filtered=3021]
cnt=2 s0=PALM(4410,1694)* s1=PALM(24,2022)* [filtered=3022]
cnt=2 s0=PALM(4410,1694)* s1=PALM(24,2022)* [filtered=3023]
cnt=2 s0=PALM(4409,1694)* s1=PALM(24,2021)* [filtered=3024]
cnt=2 s0=PALM(4409,1694)* s1=PALM(24,2021)* [filtered=3025]
cnt=2 s0=PALM(4409,1694)* s1=PALM(24,2021)* [filtered=3026]
cnt=2 s0=PALM(4409,1694)* s1=PALM(24,2021)* [filtered=3027]
cnt=2 s0=PALM(4408,1694)* s1=PALM(24,2021)* [filtered=3028]
cnt=2 s0=PALM(4408,1694)* s1=PALM(24,2021)* [filtered=3029]
cnt=2 s0=PALM(4408,1694)* s1=PALM(24,2021)* [filtered=3030]
cnt=2 s0=PALM(4408,1694)* s1=PALM(24,2021)* [filtered=3031]
cnt=2 s0=PALM(4407,1694)* s1=PALM(24,2021)* [filtered=3032]
cnt=2 s0=PALM(4406,1694)* s1=PALM(24,2021)* [filtered=3033]
cnt=2 s0=PALM(4406,1694)* s1=PALM(24,2021)* [filtered=3034]
cnt=2 s0=PALM(4406,1694)* s1=PALM(24,2021)* [filtered=3035]
cnt=2 s0=PALM(4406,1694)* s1=PALM(24,2020)* [filtered=3036]
cnt=2 s0=PALM(4406,1694)* s1=PALM(24,2020)* [filtered=3037]
cnt=2 s0=PALM(4405,1694)* s1=PALM(24,2020)* [filtered=3038]
cnt=2 s0=PALM(4405,1694)* s1=PALM(24,2020)* [filtered=3039]
cnt=2 s0=PALM(4405,1694)* s1=PALM(24,2020)* [filtered=3040]
cnt=2 s0=PALM(4405,1694)* s1=PALM(24,2020)* [filtered=3041]
cnt=2 s0=PALM(4405,1694)* s1=PALM(24,2020)* [filtered=3042]
cnt=2 s0=PALM(4405,1694)* s1=PALM(24,2020)* [filtered=3043]
cnt=2 s0=PALM(4405,1694)* s1=PALM(24,2020)* [filtered=3044]
cnt=2 s0=PALM(4405,1693)* s1=PALM(24,2019)* [filtered=3045]
cnt=2 s0=PALM(4405,1693)* s1=PALM(24,2019)* [filtered=3046]
cnt=2 s0=PALM(4405,1693)* s1=PALM(24,2019)* [filtered=3047]
cnt=2 s0=PALM(4405,1693)* s1=PALM(24,2019)* [filtered=3048]
cnt=2 s0=PALM(4405,1693)* s1=PALM(24,2019)* [filtered=3049]
cnt=2 s0=PALM(4404,1693)* s1=PALM(24,2019)* [filtered=3050]
cnt=2 s0=PALM(4404,1693)* s1=PALM(24,2019)* [filtered=3051]
cnt=2 s0=PALM(4404,1693)* s1=PALM(24,2019)* [filtered=3052]
cnt=2 s0=PALM(4404,1693)* s1=PALM(24,2019)* [filtered=3053]
cnt=2 s0=PALM(4404,1693)* s1=PALM(24,2019)* [filtered=3054]
cnt=2 s0=PALM(4404,1693)* s1=PALM(24,2018)* [filtered=3055]
cnt=2 s0=PALM(4403,1693)* s1=PALM(24,2018)* [filtered=3056]
cnt=2 s0=PALM(4403,1693)* s1=PALM(24,2018)* [filtered=3057]
cnt=2 s0=PALM(4403,1693)* s1=PALM(24,2018)* [filtered=3058]
cnt=2 s0=PALM(4402,1693)* s1=PALM(24,2018)* [filtered=3059]
cnt=2 s0=PALM(4402,1693)* s1=PALM(24,2018)* [filtered=3060]
cnt=2 s0=PALM(4402,1693)* s1=PALM(24,2018)* [filtered=3061]
cnt=2 s0=PALM(4402,1693)* s1=PALM(24,2018)* [filtered=3062]
cnt=2 s0=PALM(4402,1693)* s1=PALM(24,2018)* [filtered=3063]
cnt=2 s0=PALM(4401,1693)* s1=PALM(24,2018)* [filtered=3064]
cnt=2 s0=PALM(4401,1693)* s1=PALM(24,2017)* [filtered=3065]
cnt=2 s0=PALM(4401,1693)* s1=PALM(24,2017)* [filtered=3066]
cnt=2 s0=PALM(4401,1693)* s1=PALM(24,2017)* [filtered=3067]
cnt=2 s0=PALM(4401,1693)* s1=PALM(24,2017)* [filtered=3068]
cnt=2 s0=PALM(4401,1693)* s1=PALM(24,2017)* [filtered=3069]
cnt=2 s0=PALM(4401,1693)* s1=PALM(24,2017)* [filtered=3070]
cnt=2 s0=PALM(4401,1693)* s1=PALM(24,2017)* [filtered=3071]
cnt=2 s0=PALM(4401,1693)* s1=PALM(24,2017)* [filtered=3072]
cnt=2 s0=PALM(4401,1693)* s1=PALM(24,2017)* [filtered=3073]
cnt=2 s0=PALM(4401,1693)* s1=PALM(24,2017)* [filtered=3074]
cnt=2 s0=PALM(4401,1693)* s1=PALM(24,2017)* [filtered=3075]
cnt=2 s0=PALM(4401,1693)* s1=PALM(24,2017)* [filtered=3076]
cnt=2 s0=PALM(4401,1693)* s1=PALM(24,2016)* [filtered=3077]
cnt=2 s0=PALM(4401,1693)* s1=PALM(24,2015)* [filtered=3078]
cnt=2 s0=PALM(4401,1693)* s1=PALM(24,2015)* [filtered=3079]
cnt=2 s0=PALM(4401,1693)* s1=PALM(24,2015)* [filtered=3080]
cnt=2 s0=PALM(4401,1693)* s1=PALM(24,2015)* [filtered=3081]
cnt=2 s0=PALM(4401,1693)* s1=PALM(24,2015)* [filtered=3082]
cnt=2 s0=PALM(4401,1693)* s1=PALM(24,2015)* [filtered=3083]
cnt=2 s0=PALM(4401,1693)* s1=PALM(24,2015)* [filtered=3084]
cnt=2 s0=PALM(4401,1693)* s1=PALM(24,2015)* [filtered=3085]
cnt=2 s0=PALM(4401,1693)* s1=PALM(24,2015)* [filtered=3086]
cnt=2 s0=PALM(4401,1693)* s1=PALM(24,2015)* [filtered=3087]
cnt=2 s0=PALM(4401,1693)* s1=PALM(24,2015)* [filtered=3088]
cnt=2 s0=PALM(4401,1693)* s1=PALM(24,2015)* [filtered=3089]
cnt=2 s0=PALM(4401,1693)* s1=PALM(24,2015)* [filtered=3090]
cnt=2 s0=PALM(4401,1693)* s1=PALM(24,2015)* [filtered=3091]
cnt=2 s0=PALM(4401,1693)* s1=PALM(24,2015)* [filtered=3092]
cnt=2 s0=PALM(4401,1693)* s1=PALM(24,2015)* [filtered=3093]
cnt=2 s0=PALM(4401,1693)* s1=PALM(24,2015)* [filtered=3094]
cnt=2 s0=PALM(4401,1693)* s1=PALM(24,2015)* [filtered=3095]
cnt=2 s0=PALM(4401,1693)* s1=PALM(24,2015)* [filtered=3096]
cnt=2 s0=PALM(4401,1693)* s1=PALM(24,2015)* [filtered=3097]
cnt=2 s0=PALM(4401,1693)* s1=PALM(24,2015)* [filtered=3098]
cnt=2 s0=PALM(4401,1693)* s1=PALM(24,2015)* [filtered=3099]
cnt=2 s0=PALM(4401,1693)* s1=PALM(24,2015)* [filtered=3100]
cnt=2 s0=PALM(4401,1693)* s1=PALM(24,2015)* [filtered=3101]
cnt=2 s0=PALM(4401,1693)* s1=PALM(24,2015)* [filtered=3102]
cnt=2 s0=PALM(4401,1693)* s1=PALM(24,2015)* [filtered=3103]
cnt=2 s0=PALM(4401,1693)* s1=PALM(24,2015)* [filtered=3104]
cnt=2 s0=PALM(4401,1693)* s1=PALM(24,2015)* [filtered=3105]
cnt=2 s0=PALM(4401,1693)* s1=PALM(24,2015)* [filtered=3106]
cnt=2 s0=PALM(4401,1693)* s1=PALM(24,2015)* [filtered=3107]
cnt=2 s0=PALM(4400,1693)* s1=PALM(24,2015)* [filtered=3108]
cnt=2 s0=PALM(4400,1693)* s1=PALM(24,2015)* [filtered=3109]
cnt=2 s0=PALM(4400,1693)* s1=PALM(24,2015)* [filtered=3110]
cnt=2 s0=PALM(4399,1693)* s1=PALM(24,2015)* [filtered=3111]
cnt=2 s0=PALM(4398,1693)* s1=PALM(24,2015)* [filtered=3112]
cnt=2 s0=PALM(4398,1693)* s1=PALM(24,2015)* [filtered=3113]
cnt=2 s0=PALM(4397,1693)* s1=PALM(24,2015)* [filtered=3114]
cnt=2 s0=PALM(4396,1693)* s1=PALM(24,2015)* [filtered=3115]
cnt=2 s0=PALM(4396,1693)* s1=PALM(24,2015)* [filtered=3116]
cnt=2 s0=PALM(4395,1693)* s1=PALM(24,2015)* [filtered=3117]
cnt=2 s0=PALM(4394,1693)* s1=PALM(24,2015)* [filtered=3118]
cnt=2 s0=PALM(4393,1693)* s1=PALM(24,2015)* [filtered=3119]
cnt=2 s0=PALM(4392,1693)* s1=PALM(24,2015)* [filtered=3120]
cnt=2 s0=PALM(4391,1693)* s1=PALM(24,2015)* [filtered=3121]
cnt=2 s0=PALM(4391,1693)* s1=PALM(24,2015)* [filtered=3122]
cnt=2 s0=PALM(4390,1693)* s1=PALM(24,2015)* [filtered=3123]
cnt=2 s0=PALM(4390,1693)* s1=PALM(24,2015)* [filtered=3124]
cnt=2 s0=PALM(4389,1693)* s1=PALM(24,2015)* [filtered=3125]
cnt=2 s0=PALM(4389,1693)* s1=PALM(24,2015)* [filtered=3126]
cnt=2 s0=PALM(4388,1693)* s1=PALM(24,2015)* [filtered=3127]
cnt=2 s0=PALM(4388,1693)* s1=PALM(24,2015)* [filtered=3128]
cnt=2 s0=PALM(4388,1693)* s1=PALM(24,2015)* [filtered=3129]
cnt=2 s0=PALM(4387,1693)* s1=PALM(24,2015)* [filtered=3130]
cnt=2 s0=PALM(4387,1693)* s1=PALM(24,2015)* [filtered=3131]
cnt=2 s0=PALM(4387,1693)* s1=PALM(24,2015)* [filtered=3132]
cnt=2 s0=PALM(4387,1693)* s1=PALM(24,2015)* [filtered=3133]
cnt=2 s0=PALM(4387,1693)* s1=PALM(24,2015)* [filtered=3134]
cnt=2 s0=PALM(4387,1693)* s1=PALM(24,2015)* [filtered=3135]
cnt=2 s0=PALM(4387,1693)* s1=PALM(24,2015)* [filtered=3136]
cnt=2 s0=PALM(4387,1693)* s1=PALM(24,2015)* [filtered=3137]
cnt=2 s0=PALM(4387,1693)* s1=PALM(24,2015)* [filtered=3138]
cnt=2 s0=PALM(4387,1693)* s1=PALM(24,2015)* [filtered=3139]
cnt=2 s0=PALM(4387,1693)* s1=PALM(24,2015)* [filtered=3140]
cnt=2 s0=PALM(4387,1693)* s1=PALM(24,2015)* [filtered=3141]
cnt=2 s0=PALM(4387,1693)* s1=PALM(24,2015)* [filtered=3142]
cnt=2 s0=PALM(4387,1693)* s1=PALM(24,2015)* [filtered=3143]
cnt=2 s0=PALM(4387,1693)* s1=PALM(24,2015)* [filtered=3144]
cnt=2 s0=PALM(4386,1693)* s1=PALM(24,2015)* [filtered=3145]
cnt=2 s0=PALM(4386,1693)* s1=PALM(24,2015)* [filtered=3146]
cnt=2 s0=PALM(4386,1693)* s1=PALM(24,2015)* [filtered=3147]
cnt=2 s0=PALM(4385,1693)* s1=PALM(24,2015)* [filtered=3148]
cnt=2 s0=PALM(4384,1693)* s1=PALM(24,2015)* [filtered=3149]
cnt=2 s0=PALM(4384,1693)* s1=PALM(24,2015)* [filtered=3150]
cnt=2 s0=PALM(4384,1693)* s1=PALM(24,2015)* [filtered=3151]
cnt=2 s0=PALM(4383,1693)* s1=PALM(24,2015)* [filtered=3152]
cnt=2 s0=PALM(4383,1693)* s1=PALM(24,2015)* [filtered=3153]
cnt=2 s0=PALM(4383,1693)* s1=PALM(24,2015)* [filtered=3154]
cnt=2 s0=PALM(4382,1693)* s1=PALM(24,2015)* [filtered=3155]
cnt=2 s0=PALM(4382,1693)* s1=PALM(24,2015)* [filtered=3156]
cnt=2 s0=PALM(4382,1693)* s1=PALM(24,2015)* [filtered=3157]
cnt=2 s0=PALM(4381,1693)* s1=PALM(24,2015)* [filtered=3158]
cnt=2 s0=PALM(4380,1693)* s1=PALM(24,2015)* [filtered=3159]
cnt=2 s0=PALM(4380,1693)* s1=PALM(24,2015)* [filtered=3160]
cnt=2 s0=PALM(4380,1693)* s1=PALM(24,2014)* [filtered=3161]
cnt=2 s0=PALM(4379,1693)* s1=PALM(24,2014)* [filtered=3162]
cnt=2 s0=PALM(4379,1693)* s1=PALM(24,2014)* [filtered=3163]
cnt=2 s0=PALM(4379,1693)* s1=PALM(24,2014)* [filtered=3164]
cnt=2 s0=PALM(4378,1693)* s1=PALM(24,2014)* [filtered=3165]
cnt=2 s0=PALM(4378,1693)* s1=PALM(24,2014)* [filtered=3166]
cnt=2 s0=PALM(4378,1693)* s1=PALM(24,2014)* [filtered=3167]
cnt=2 s0=PALM(4377,1693)* s1=PALM(24,2014)* [filtered=3168]
cnt=2 s0=PALM(4377,1693)* s1=PALM(24,2014)* [filtered=3169]
cnt=2 s0=PALM(4377,1693)* s1=PALM(24,2014)* [filtered=3170]
cnt=2 s0=PALM(4377,1693)* s1=PALM(24,2014)* [filtered=3171]
cnt=2 s0=PALM(4377,1693)* s1=PALM(24,2014)* [filtered=3172]
cnt=2 s0=PALM(4377,1693)* s1=PALM(24,2013)* [filtered=3173]
cnt=2 s0=PALM(4377,1693)* s1=PALM(24,2013)* [filtered=3174]
cnt=2 s0=PALM(4377,1693)* s1=PALM(24,2013)* [filtered=3175]
cnt=2 s0=PALM(4377,1693)* s1=PALM(24,2013)* [filtered=3176]
cnt=2 s0=PALM(4377,1693)* s1=PALM(24,2013)* [filtered=3177]
cnt=2 s0=PALM(4378,1693)* s1=PALM(24,2013)* [filtered=3178]
cnt=2 s0=PALM(4378,1693)* s1=PALM(24,2013)* [filtered=3179]
cnt=2 s0=PALM(4379,1694)* s1=PALM(24,2013)* [filtered=3180]
cnt=2 s0=PALM(4379,1694)* s1=PALM(24,2013)* [filtered=3181]
cnt=2 s0=PALM(4380,1694)* s1=PALM(24,2013)* [filtered=3182]
cnt=2 s0=PALM(4382,1695)* s1=PALM(24,2013)* [filtered=3183]
cnt=2 s0=PALM(4384,1696)* s1=PALM(24,2013)* [filtered=3184]
cnt=2 s0=PALM(4386,1697)* s1=PALM(24,2013)* [filtered=3185]
cnt=2 s0=PALM(4387,1697)* s1=PALM(24,2013)* [filtered=3186]
cnt=2 s0=PALM(4389,1698)* s1=PALM(24,2013)* [filtered=3187]
cnt=2 s0=fng (4392,1700) s1=PALM(24,2013)* [filtered=3188]
cnt=2 s0=fng (4396,1702) s1=PALM(24,2013)* [filtered=3189]
cnt=2 s0=fng (4399,1703) s1=PALM(24,2013)* [filtered=3190]
cnt=2 s0=fng (4403,1705) s1=PALM(24,2013)* [filtered=3191]
cnt=2 s0=fng (4407,1707) s1=PALM(24,2013)* [filtered=3192]
cnt=2 s0=fng (4411,1710) s1=PALM(24,2013)* [filtered=3193]
cnt=2 s0=fng (4417,1714) s1=PALM(24,2013)* [filtered=3194]
cnt=2 s0=fng (4421,1716) s1=PALM(24,2013)* [filtered=3195]
cnt=2 s0=fng (4426,1720) s1=PALM(24,2013)* [filtered=3196]
cnt=2 s0=fng (4431,1724) s1=PALM(24,2013)* [filtered=3197]
cnt=2 s0=fng (4436,1728) s1=PALM(24,2013)* [filtered=3198]
cnt=2 s0=fng (4442,1733) s1=PALM(24,2013)* [filtered=3199]
cnt=2 s0=fng (4448,1736) s1=PALM(24,2013)* [filtered=3200]
cnt=2 s0=fng (4454,1740) s1=PALM(24,2013)* [filtered=3201]
cnt=2 s0=fng (4460,1745) s1=PALM(24,2013)* [filtered=3202]
cnt=2 s0=fng (4466,1750) s1=PALM(24,2014)* [filtered=3203]
cnt=2 s0=fng (4471,1754) s1=PALM(24,2014)* [filtered=3204]
cnt=2 s0=fng (4475,1758) s1=PALM(24,2014)* [filtered=3205]
cnt=2 s0=PALM(4480,1763) s1=PALM(24,2014)* [filtered=3206]
cnt=1 s0=fng (4485,1768) [filtered=3206]
cnt=1 s0=fng (4490,1772) [filtered=3206]
cnt=1 s0=fng (4494,1775) [filtered=3206]
cnt=1 s0=fng (4497,1777) [filtered=3206]
cnt=1 s0=fng (4500,1779) [filtered=3206]
cnt=1 s0=fng (4503,1781) [filtered=3206]
cnt=1 s0=fng (4506,1783) [filtered=3206]
cnt=1 s0=fng (4508,1784) [filtered=3206]
cnt=1 s0=fng (4510,1786) [filtered=3206]
cnt=1 s0=fng (4512,1788) [filtered=3206]
cnt=1 s0=fng (4514,1790) [filtered=3206]
cnt=1 s0=fng (4516,1791) [filtered=3206]
cnt=1 s0=fng (4517,1791) [filtered=3206]
cnt=1 s0=fng (4518,1792) [filtered=3206]
cnt=1 s0=fng (4519,1792) [filtered=3206]
cnt=1 s0=fng (4520,1792) [filtered=3206]
cnt=1 s0=fng (4521,1792) [filtered=3206]
cnt=1 s0=fng (4521,1792) [filtered=3206]
cnt=1 s0=fng (4521,1791) [filtered=3206]
cnt=1 s0=fng (4521,1791) [filtered=3206]
cnt=1 s0=fng (4521,1790) [filtered=3206]
cnt=1 s0=fng (4521,1789) [filtered=3206]
cnt=1 s0=fng (4521,1788) [filtered=3206]
cnt=1 s0=fng (4520,1787) [filtered=3206]
cnt=1 s0=fng (4520,1786) [filtered=3206]
cnt=1 s0=fng (4519,1785) [filtered=3206]
cnt=1 s0=fng (4519,1784) [filtered=3206]
cnt=1 s0=fng (4518,1783) [filtered=3206]
cnt=1 s0=fng (4517,1782) [filtered=3206]
cnt=1 s0=fng (4516,1780) [filtered=3206]
cnt=1 s0=fng (4515,1778) [filtered=3206]
cnt=1 s0=fng (4515,1777) [filtered=3206]
cnt=1 s0=fng (4514,1776) [filtered=3206]
cnt=1 s0=fng (4513,1775) [filtered=3206]
cnt=1 s0=fng (4512,1774) [filtered=3206]
cnt=1 s0=fng (4511,1773) [filtered=3206]
cnt=1 s0=fng (4510,1772) [filtered=3206]
cnt=1 s0=fng (4509,1771) [filtered=3206]
cnt=1 s0=fng (4508,1770) [filtered=3206]
cnt=1 s0=fng (4508,1769) [filtered=3206]
cnt=1 s0=fng (4508,1769)* [filtered=3206]
cnt=1 s0=fng (4508,1769)* [filtered=3206]
cnt=1 s0=fng (4508,1769)* [filtered=3206]
cnt=1 s0=fng (4509,1769)* [filtered=3206]
cnt=1 s0=fng (4510,1769)* [filtered=3206]
cnt=1 s0=fng (4510,1769)* [filtered=3206]
cnt=1 s0=fng (4511,1769)* [filtered=3206]
cnt=1 s0=fng (4512,1770)* [filtered=3206]
cnt=1 s0=fng (4514,1770)* [filtered=3206]
cnt=1 s0=fng (4515,1771)* [filtered=3206]
cnt=1 s0=fng (4516,1772)* [filtered=3206]
cnt=1 s0=fng (4517,1773)* [filtered=3206]
cnt=1 s0=fng (4518,1774)* [filtered=3206]
cnt=1 s0=fng (4519,1775)* [filtered=3206]
cnt=1 s0=fng (4519,1777)* [filtered=3206]
cnt=1 s0=fng (4519,1778)* [filtered=3206]
cnt=1 s0=fng (4520,1779)* [filtered=3206]
cnt=1 s0=fng (4520,1781)* [filtered=3206]
cnt=1 s0=fng (4520,1783)* [filtered=3206]
cnt=1 s0=fng (4520,1785)* [filtered=3206]
cnt=1 s0=fng (4520,1786)* [filtered=3206]
cnt=1 s0=fng (4520,1788)* [filtered=3206]
cnt=1 s0=fng (4520,1790)* [filtered=3206]
cnt=1 s0=fng (4520,1793)* [filtered=3206]
cnt=1 s0=fng (4520,1794)* [filtered=3206]
cnt=1 s0=fng (4520,1796)* [filtered=3206]
cnt=1 s0=fng (4520,1799)* [filtered=3206]
cnt=1 s0=fng (4520,1802)* [filtered=3206]
cnt=1 s0=fng (4520,1805)* [filtered=3206]
cnt=1 s0=fng (4520,1807)* [filtered=3206]
cnt=1 s0=fng (4520,1810)* [filtered=3206]
cnt=1 s0=fng (4520,1813)* [filtered=3206]
cnt=1 s0=fng (4520,1816)* [filtered=3206]
cnt=1 s0=fng (4520,1819)* [filtered=3206]
cnt=1 s0=fng (4520,1821)* [filtered=3206]
cnt=1 s0=fng (4520,1823)* [filtered=3206]
cnt=1 s0=fng (4520,1826)* [filtered=3206]
cnt=1 s0=fng (4520,1829)* [filtered=3206]
cnt=1 s0=fng (4520,1832)* [filtered=3206]
cnt=1 s0=fng (4520,1834)* [filtered=3206]
cnt=1 s0=fng (4520,1835)* [filtered=3206]
cnt=1 s0=fng (4520,1836)* [filtered=3206]
cnt=1 s0=fng (4520,1838)* [filtered=3206]
cnt=1 s0=fng (4520,1839)* [filtered=3206]
cnt=1 s0=fng (4520,1840)* [filtered=3206]
cnt=1 s0=fng (4520,1841)* [filtered=3206]
cnt=1 s0=fng (4519,1842)* [filtered=3206]
cnt=1 s0=fng (4519,1843)* [filtered=3206]
cnt=1 s0=fng (4519,1844)* [filtered=3206]
cnt=1 s0=fng (4518,1844)* [filtered=3206]
cnt=1 s0=fng (4517,1845)* [filtered=3206]
cnt=1 s0=fng (4517,1845)* [filtered=3206]
cnt=1 s0=fng (4517,1845)* [filtered=3206]
cnt=1 s0=fng (4516,1845)* [filtered=3206]
cnt=1 s0=fng (4516,1846)* [filtered=3206]
cnt=1 s0=fng (4516,1846)* [filtered=3206]
cnt=1 s0=fng (4516,1846)* [filtered=3206]
cnt=1 s0=fng (4516,1846)* [filtered=3206]
cnt=1 s0=fng (4516,1846)* [filtered=3206]
cnt=1 s0=fng (4516,1846)* [filtered=3206]
cnt=1 s0=fng (4515,1846)* [filtered=3206]
cnt=1 s0=fng (4515,1846)* [filtered=3206]
cnt=1 s0=fng (4515,1846)* [filtered=3206]
cnt=1 s0=fng (4514,1846)* [filtered=3206]
cnt=1 s0=fng (4513,1846)* [filtered=3206]
cnt=1 s0=fng (4513,1845)* [filtered=3206]
cnt=1 s0=fng (4512,1845)* [filtered=3206]
cnt=1 s0=fng (4512,1845)* [filtered=3206]
cnt=1 s0=fng (4511,1844)* [filtered=3206]
cnt=1 s0=fng (4510,1844)* [filtered=3206]
cnt=1 s0=fng (4510,1843)* [filtered=3206]
cnt=1 s0=fng (4510,1843)* [filtered=3206]
cnt=1 s0=fng (4509,1842)* [filtered=3206]
cnt=1 s0=fng (4508,1841)* [filtered=3206]
cnt=1 s0=fng (4507,1840)* [filtered=3206]
cnt=1 s0=fng (4506,1839)* [filtered=3206]
cnt=1 s0=fng (4506,1839)* [filtered=3206]
cnt=1 s0=fng (4506,1838)* [filtered=3206]
cnt=1 s0=fng (4505,1837)* [filtered=3206]
cnt=1 s0=fng (4504,1836)* [filtered=3206]
cnt=1 s0=fng (4503,1835)* [filtered=3206]
cnt=1 s0=fng (4502,1834)* [filtered=3206]
cnt=1 s0=fng (4501,1833)* [filtered=3206]
cnt=1 s0=fng (4500,1832)* [filtered=3206]
cnt=1 s0=fng (4499,1831)* [filtered=3206]
cnt=1 s0=fng (4499,1831)* [filtered=3206]
cnt=1 s0=fng (4498,1830)* [filtered=3206]
cnt=1 s0=fng (4497,1828)* [filtered=3206]
cnt=1 s0=fng (4496,1827)* [filtered=3206]
cnt=1 s0=fng (4495,1825)* [filtered=3206]
cnt=1 s0=fng (4494,1824)* [filtered=3206]
cnt=1 s0=fng (4493,1823)* [filtered=3206]
cnt=1 s0=fng (4491,1822)* [filtered=3206]
cnt=1 s0=fng (4490,1820)* [filtered=3206]
cnt=1 s0=fng (4489,1818)* [filtered=3206]
cnt=1 s0=fng (4488,1817)* [filtered=3206]
cnt=1 s0=fng (4487,1816)* [filtered=3206]
cnt=1 s0=fng (4485,1815)* [filtered=3206]
cnt=1 s0=fng (4484,1813)* [filtered=3206]
cnt=1 s0=fng (4483,1812)* [filtered=3206]
cnt=1 s0=fng (4482,1811)* [filtered=3206]
cnt=1 s0=fng (4481,1810)* [filtered=3206]
cnt=1 s0=fng (4480,1809)* [filtered=3206]
cnt=1 s0=fng (4479,1808)* [filtered=3206]
cnt=1 s0=fng (4479,1808)* [filtered=3206]
cnt=1 s0=fng (4478,1807)* [filtered=3206]
cnt=1 s0=fng (4477,1806)* [filtered=3206]
cnt=1 s0=fng (4476,1806)* [filtered=3206]
cnt=1 s0=fng (4475,1805)* [filtered=3206]
cnt=1 s0=fng (4475,1805)* [filtered=3206]
cnt=1 s0=fng (4474,1804)* [filtered=3206]
cnt=1 s0=fng (4473,1804)* [filtered=3206]
cnt=1 s0=fng (4473,1803)* [filtered=3206]
cnt=1 s0=fng (4472,1803)* [filtered=3206]
cnt=1 s0=fng (4472,1803)* [filtered=3206]
cnt=1 s0=fng (4472,1802)* [filtered=3206]
cnt=1 s0=fng (4471,1801)* [filtered=3206]
cnt=1 s0=fng (4471,1801)* [filtered=3206]
cnt=1 s0=fng (4471,1801)* [filtered=3206]
cnt=1 s0=fng (4470,1800)* [filtered=3206]
cnt=1 s0=fng (4470,1800)* [filtered=3206]
cnt=1 s0=fng (4469,1799)* [filtered=3206]
cnt=1 s0=fng (4468,1799)* [filtered=3206]
cnt=1 s0=fng (4468,1799)* [filtered=3206]
cnt=1 s0=fng (4468,1798)* [filtered=3206]
cnt=1 s0=fng (4467,1797)* [filtered=3206]
cnt=1 s0=fng (4467,1797)* [filtered=3206]
cnt=1 s0=fng (4466,1796)* [filtered=3206]
cnt=1 s0=fng (4466,1796)* [filtered=3206]
cnt=1 s0=fng (4466,1796)* [filtered=3206]
cnt=1 s0=fng (4465,1795)* [filtered=3206]
cnt=1 s0=fng (4464,1795)* [filtered=3206]
cnt=1 s0=fng (4463,1794)* [filtered=3206]
cnt=1 s0=fng (4463,1794)* [filtered=3206]
cnt=1 s0=fng (4462,1793)* [filtered=3206]
cnt=1 s0=fng (4461,1792)* [filtered=3206]
cnt=1 s0=fng (4460,1792)* [filtered=3206]
cnt=1 s0=fng (4460,1792)* [filtered=3206]
cnt=1 s0=fng (4459,1791)* [filtered=3206]
cnt=1 s0=fng (4458,1790)* [filtered=3206]
cnt=1 s0=fng (4458,1789)* [filtered=3206]
cnt=1 s0=fng (4457,1789)* [filtered=3206]
cnt=1 s0=fng (4457,1789)* [filtered=3206]
cnt=1 s0=fng (4457,1788)* [filtered=3206]
cnt=1 s0=fng (4456,1788)* [filtered=3206]
cnt=1 s0=fng (4455,1787)* [filtered=3206]
cnt=1 s0=fng (4455,1786)* [filtered=3206]
cnt=1 s0=fng (4455,1786)* [filtered=3206]
cnt=1 s0=fng (4454,1786)* [filtered=3206]
cnt=1 s0=fng (4454,1785)* [filtered=3206]
cnt=1 s0=fng (4453,1785)* [filtered=3206]
cnt=1 s0=fng (4453,1784)* [filtered=3206]
cnt=1 s0=fng (4453,1784)* [filtered=3206]
cnt=1 s0=fng (4452,1784)* [filtered=3206]
cnt=1 s0=fng (4451,1784)* [filtered=3206]
cnt=1 s0=fng (4451,1783)* [filtered=3206]
cnt=1 s0=fng (4451,1783)* [filtered=3206]
cnt=1 s0=fng (4450,1782)* [filtered=3206]
cnt=1 s0=fng (4450,1782)* [filtered=3206]
cnt=1 s0=fng (4449,1782)* [filtered=3206]
cnt=1 s0=fng (4449,1781)* [filtered=3206]
cnt=1 s0=fng (4449,1781)* [filtered=3206]
cnt=1 s0=fng (4448,1781)* [filtered=3206]
cnt=1 s0=fng (4448,1780)* [filtered=3206]
cnt=1 s0=fng (4447,1780)* [filtered=3206]
cnt=1 s0=fng (4446,1779)* [filtered=3206]
cnt=1 s0=fng (4446,1779)* [filtered=3206]
cnt=1 s0=fng (4446,1778)* [filtered=3206]
cnt=1 s0=fng (4445,1778)* [filtered=3206]
cnt=1 s0=fng (4445,1777)* [filtered=3206]
cnt=1 s0=fng (4444,1777)* [filtered=3206]
cnt=1 s0=fng (4444,1777)* [filtered=3206]
cnt=1 s0=fng (4444,1776)* [filtered=3206]
cnt=1 s0=fng (4443,1776)* [filtered=3206]
cnt=1 s0=fng (4442,1776)* [filtered=3206]
cnt=1 s0=fng (4442,1776)* [filtered=3206]
cnt=1 s0=fng (4442,1776)* [filtered=3206]
cnt=1 s0=fng (4441,1776)* [filtered=3206]
cnt=1 s0=fng (4441,1776)* [filtered=3206]
cnt=1 s0=fng (4440,1776)* [filtered=3206]
cnt=1 s0=fng (4440,1776)* [filtered=3206]
cnt=1 s0=fng (4440,1776)* [filtered=3206]
cnt=1 s0=fng (4439,1776)* [filtered=3206]
cnt=1 s0=fng (4439,1776)* [filtered=3206]
cnt=1 s0=fng (4438,1776)* [filtered=3206]
cnt=1 s0=fng (4438,1776)* [filtered=3206]
cnt=1 s0=fng (4437,1776)* [filtered=3206]
cnt=1 s0=fng (4437,1776)* [filtered=3206]
cnt=1 s0=fng (4436,1776)* [filtered=3206]
cnt=1 s0=fng (4436,1776)* [filtered=3206]
cnt=1 s0=fng (4436,1776)* [filtered=3206]
cnt=1 s0=fng (4435,1776)* [filtered=3206]
cnt=1 s0=fng (4435,1776)* [filtered=3206]
cnt=1 s0=fng (4434,1776)* [filtered=3206]
cnt=1 s0=fng (4434,1776)* [filtered=3206]
cnt=1 s0=fng (4433,1776)* [filtered=3206]
cnt=1 s0=fng (4433,1776)* [filtered=3206]
cnt=1 s0=fng (4433,1776)* [filtered=3206]
cnt=1 s0=fng (4433,1777)* [filtered=3206]
cnt=1 s0=fng (4433,1777)* [filtered=3206]
cnt=1 s0=fng (4433,1778)* [filtered=3206]
cnt=1 s0=fng (4433,1780)* [filtered=3206]
cnt=1 s0=fng (4433,1782)* [filtered=3206]
cnt=1 s0=fng (4433,1784)* [filtered=3206]
cnt=1 s0=fng (4433,1785)* [filtered=3206]
cnt=1 s0=fng (4433,1787)* [filtered=3206]
cnt=1 s0=fng (4434,1790) [filtered=3206]
cnt=1 s0=fng (4435,1794) [filtered=3206]
cnt=1 s0=fng (4436,1798) [filtered=3206]
cnt=1 s0=fng (4437,1800) [filtered=3206]
cnt=1 s0=fng (4438,1803) [filtered=3206]
cnt=1 s0=fng (4440,1806) [filtered=3206]
cnt=1 s0=fng (4442,1810) [filtered=3206]
cnt=1 s0=fng (4445,1814) [filtered=3206]
cnt=1 s0=fng (4447,1816) [filtered=3206]
cnt=1 s0=fng (4450,1819) [filtered=3206]
cnt=1 s0=fng (4453,1822) [filtered=3206]
cnt=1 s0=fng (4456,1826) [filtered=3206]
cnt=1 s0=fng (4458,1828) [filtered=3206]
cnt=1 s0=fng (4461,1831) [filtered=3206]
cnt=1 s0=fng (4464,1834) [filtered=3206]
cnt=1 s0=fng (4467,1837) [filtered=3206]
cnt=1 s0=fng (4470,1840) [filtered=3206]
cnt=1 s0=fng (4472,1841) [filtered=3206]
cnt=1 s0=fng (4475,1843) [filtered=3206]
cnt=1 s0=fng (4478,1844) [filtered=3206]
cnt=1 s0=fng (4480,1845) [filtered=3206]
cnt=1 s0=fng (4481,1846) [filtered=3206]
cnt=1 s0=fng (4482,1846) [filtered=3206]
cnt=1 s0=fng (4483,1846) [filtered=3206]
cnt=1 s0=fng (4485,1846) [filtered=3206]
cnt=1 s0=fng (4487,1846) [filtered=3206]
cnt=1 s0=fng (4488,1846) [filtered=3206]
cnt=1 s0=fng (4489,1846) [filtered=3206]
cnt=1 s0=fng (4490,1846) [filtered=3206]
cnt=1 s0=fng (4493,1847) [filtered=3206]
cnt=1 s0=fng (4496,1849) [filtered=3206]
cnt=1 s0=fng (4498,1850) [filtered=3206]
cnt=1 s0=fng (4503,1853) [filtered=3206]
cnt=1 s0=fng (4508,1857) [filtered=3206]
cnt=1 s0=fng (4514,1862) [filtered=3206]
cnt=1 s0=fng (4521,1867) [filtered=3206]
cnt=1 s0=fng (4528,1872) [filtered=3206]
cnt=1 s0=fng (4535,1877) [filtered=3206]
cnt=1 s0=fng (4535,1877) [filtered=3206]
cnt=1 s0=fng (4541,1565) [filtered=3206]
cnt=1 s0=fng (4541,1565) [filtered=3206]
cnt=1 s0=fng (4540,1564) [filtered=3206]
cnt=1 s0=fng (4539,1564) [filtered=3206]
cnt=1 s0=fng (4539,1564) [filtered=3206]
cnt=1 s0=fng (4539,1564) [filtered=3206]
cnt=1 s0=fng (4539,1564) [filtered=3206]
cnt=1 s0=fng (4539,1564) [filtered=3206]
cnt=1 s0=fng (4539,1564) [filtered=3206]
cnt=1 s0=fng (4539,1564) [filtered=3206]
cnt=1 s0=fng (4539,1564) [filtered=3206]
cnt=1 s0=fng (4539,1564) [filtered=3206]
cnt=1 s0=fng (4539,1564) [filtered=3206]
cnt=1 s0=fng (4539,1564) [filtered=3206]
cnt=1 s0=fng (4539,1564) [filtered=3206]
cnt=1 s0=fng (4539,1564) [filtered=3206]
cnt=1 s0=fng (4539,1564) [filtered=3206]
cnt=1 s0=fng (4539,1564) [filtered=3206]
cnt=1 s0=fng (4539,1564) [filtered=3206]
cnt=1 s0=fng (4539,1564) [filtered=3206]
cnt=1 s0=fng (4539,1564) [filtered=3206]
cnt=1 s0=fng (4539,1564) [filtered=3206]
cnt=1 s0=fng (4539,1564) [filtered=3206]
cnt=1 s0=fng (4539,1564) [filtered=3206]
cnt=1 s0=fng (4539,1564) [filtered=3206]
cnt=1 s0=fng (4539,1564) [filtered=3206]
cnt=1 s0=fng (4539,1564) [filtered=3206]
cnt=1 s0=fng (4539,1564) [filtered=3206]
cnt=1 s0=fng (4539,1564) [filtered=3206]
cnt=1 s0=fng (4539,1564) [filtered=3206]
cnt=1 s0=fng (4539,1564)* [filtered=3206]
cnt=1 s0=fng (4539,1564)* [filtered=3206]
cnt=1 s0=fng (4539,1564)* [filtered=3206]
cnt=1 s0=fng (4539,1564)* [filtered=3206]
cnt=1 s0=fng (4539,1564)* [filtered=3206]
cnt=1 s0=fng (4539,1564)* [filtered=3206]
cnt=1 s0=fng (4539,1564)* [filtered=3206]
cnt=1 s0=fng (4539,1564)* [filtered=3206]
cnt=1 s0=fng (4539,1564)* [filtered=3206]
cnt=1 s0=fng (4539,1564)* [filtered=3206]
cnt=1 s0=fng (4539,1564)* [filtered=3206]
cnt=1 s0=fng (4539,1564)* [filtered=3206]
cnt=1 s0=fng (4539,1564)* [filtered=3206]
cnt=1 s0=fng (4539,1564)* [filtered=3206]
cnt=1 s0=fng (4539,1564)* [filtered=3206]
cnt=1 s0=fng (4539,1564)* [filtered=3206]
cnt=1 s0=fng (4539,1564)* [filtered=3206]
cnt=1 s0=fng (4539,1564)* [filtered=3206]
cnt=1 s0=fng (4539,1564)* [filtered=3206]
cnt=1 s0=fng (4539,1564)* [filtered=3206]
cnt=1 s0=fng (4539,1564)* [filtered=3206]
cnt=1 s0=fng (4539,1564)* [filtered=3206]
cnt=1 s0=fng (4539,1564)* [filtered=3206]
cnt=1 s0=fng (4539,1564)* [filtered=3206]
cnt=1 s0=fng (4539,1564)* [filtered=3206]
cnt=1 s0=fng (4539,1564)* [filtered=3206]
cnt=1 s0=fng (4539,1564)* [filtered=3206]
cnt=1 s0=fng (4539,1564)* [filtered=3206]
cnt=1 s0=fng (4539,1564)* [filtered=3206]
cnt=1 s0=fng (4539,1564)* [filtered=3206]
cnt=1 s0=fng (4539,1564)* [filtered=3206]
cnt=1 s0=fng (4539,1564)* [filtered=3206]
cnt=1 s0=fng (4539,1564)* [filtered=3206]
cnt=1 s0=fng (4539,1564)* [filtered=3206]
cnt=1 s0=fng (4539,1564)* [filtered=3206]
cnt=1 s0=fng (4539,1564)* [filtered=3206]
cnt=1 s0=fng (4539,1564)* [filtered=3206]
cnt=1 s0=fng (4539,1564)* [filtered=3206]
cnt=1 s0=fng (4539,1564)* [filtered=3206]
cnt=1 s0=fng (4539,1564)* [filtered=3206]
cnt=1 s0=fng (4539,1564)* [filtered=3206]
cnt=1 s0=fng (4539,1564)* [filtered=3206]
cnt=1 s0=fng (4539,1564)* [filtered=3206]
cnt=1 s0=fng (4539,1564)* [filtered=3206]
cnt=1 s0=fng (4539,1564)* [filtered=3206]
cnt=1 s0=fng (4539,1564)* [filtered=3206]
cnt=1 s0=fng (4539,1564)* [filtered=3206]
cnt=1 s0=fng (4539,1564)* [filtered=3206]
cnt=1 s0=fng (4539,1564)* [filtered=3206]
cnt=1 s0=fng (4539,1564)* [filtered=3206]
cnt=1 s0=fng (4539,1564)* [filtered=3206]
cnt=1 s0=fng (4539,1564)* [filtered=3206]
cnt=1 s0=fng (4539,1564)* [filtered=3206]
cnt=1 s0=fng (4539,1564)* [filtered=3206]
cnt=1 s0=fng (4539,1564)* [filtered=3206]
cnt=1 s0=fng (4539,1564)* [filtered=3206]
cnt=1 s0=fng (4539,1564)* [filtered=3206]
cnt=1 s0=fng (4539,1564)* [filtered=3206]
cnt=1 s0=fng (4539,1564)* [filtered=3206]
cnt=1 s0=fng (4539,1564)* [filtered=3206]
cnt=1 s0=fng (4539,1564)* [filtered=3206]
cnt=1 s0=fng (4539,1564)* [filtered=3206]
cnt=1 s0=fng (4539,1564)* [filtered=3206]
cnt=1 s0=fng (4539,1564)* [filtered=3206]
cnt=1 s0=fng (4539,1564)* [filtered=3206]
cnt=1 s0=fng (4539,1564)* [filtered=3206]
cnt=1 s0=fng (4539,1564)* [filtered=3206]
cnt=1 s0=fng (4539,1564)* [filtered=3206]
cnt=1 s0=fng (4539,1564)* [filtered=3206]
cnt=1 s0=fng (4539,1564)* [filtered=3206]
cnt=1 s0=fng (4539,1564)* [filtered=3206]
cnt=1 s0=fng (4539,1564)* [filtered=3206]
cnt=1 s0=fng (4539,1564)* [filtered=3206]
cnt=1 s0=fng (4539,1564)* [filtered=3206]
cnt=1 s0=fng (4539,1564)* [filtered=3206]
cnt=1 s0=fng (4539,1564)* [filtered=3206]
cnt=1 s0=fng (4539,1564)* [filtered=3206]
cnt=1 s0=fng (4539,1564)* [filtered=3206]
cnt=1 s0=fng (4539,1564)* [filtered=3206]
cnt=1 s0=fng (4539,1564)* [filtered=3206]
cnt=1 s0=fng (4539,1564)* [filtered=3206]
cnt=1 s0=fng (4539,1564)* [filtered=3206]
cnt=1 s0=fng (4539,1564)* [filtered=3206]
cnt=1 s0=fng (4539,1564)* [filtered=3206]
cnt=1 s0=fng (4539,1564)* [filtered=3206]
cnt=1 s0=fng (4539,1564)* [filtered=3206]
cnt=1 s0=fng (4539,1564)* [filtered=3206]
cnt=1 s0=fng (4539,1564)* [filtered=3206]
cnt=1 s0=fng (4539,1564)* [filtered=3206]
cnt=1 s0=fng (4539,1564)* [filtered=3206]
cnt=1 s0=fng (4539,1564)* [filtered=3206]
cnt=1 s0=fng (4539,1564)* [filtered=3206]
cnt=1 s0=fng (4539,1564)* [filtered=3206]
cnt=1 s0=fng (4539,1564)* [filtered=3206]
cnt=1 s0=fng (4539,1564)* [filtered=3206]
cnt=1 s0=fng (4539,1564)* [filtered=3206]
cnt=1 s0=fng (4539,1564)* [filtered=3206]
cnt=1 s0=fng (4539,1564)* [filtered=3206]
cnt=1 s0=fng (4539,1564)* [filtered=3206]
cnt=1 s0=fng (4539,1564)* [filtered=3206]
cnt=1 s0=fng (4539,1564)* [filtered=3206]
cnt=1 s0=fng (4539,1564)* [filtered=3206]
cnt=1 s0=fng (4539,1564)* [filtered=3206]
cnt=1 s0=fng (4543,1568) [filtered=3206]
cnt=1 s0=fng (4548,1574) [filtered=3206]
cnt=1 s0=fng (4552,1579) [filtered=3206]
cnt=1 s0=fng (4557,1587) [filtered=3206]
cnt=1 s0=fng (4563,1596) [filtered=3206]
cnt=1 s0=fng (4569,1605) [filtered=3206]
cnt=1 s0=fng (4575,1614) [filtered=3206]
cnt=1 s0=fng (4580,1623) [filtered=3206]
cnt=1 s0=fng (4585,1632) [filtered=3206]
cnt=1 s0=fng (4590,1641) [filtered=3206]
cnt=1 s0=fng (4595,1650) [filtered=3206]
cnt=1 s0=fng (4599,1659) [filtered=3206]
cnt=1 s0=fng (4604,1668) [filtered=3206]
cnt=1 s0=fng (4610,1677) [filtered=3206]
cnt=1 s0=fng (4616,1685) [filtered=3206]
cnt=1 s0=fng (4623,1692) [filtered=3206]
cnt=1 s0=fng (4629,1698) [filtered=3206]
cnt=1 s0=fng (4634,1702) [filtered=3206]
cnt=1 s0=fng (4639,1706) [filtered=3206]
cnt=1 s0=fng (4644,1711) [filtered=3206]
cnt=1 s0=fng (4648,1715) [filtered=3206]
cnt=1 s0=fng (4651,1717) [filtered=3206]
cnt=1 s0=fng (4653,1718) [filtered=3206]
cnt=1 s0=fng (4656,1719) [filtered=3206]
cnt=1 s0=fng (4659,1719) [filtered=3206]
cnt=1 s0=fng (4661,1719) [filtered=3206]
cnt=1 s0=fng (4662,1720) [filtered=3206]
cnt=1 s0=fng (4665,1721) [filtered=3206]
cnt=1 s0=fng (4667,1723) [filtered=3206]
cnt=1 s0=fng (4669,1725) [filtered=3206]
cnt=1 s0=fng (4670,1726) [filtered=3206]
cnt=1 s0=fng (4672,1728) [filtered=3206]
cnt=1 s0=fng (4675,1730) [filtered=3206]
cnt=1 s0=fng (4679,1734) [filtered=3206]
cnt=1 s0=fng (4679,1734) [filtered=3206]
cnt=1 s0=fng (831,28) [filtered=3206]
cnt=1 s0=fng (831,28) [filtered=3206]
cnt=1 s0=fng (831,28) [filtered=3206]
cnt=1 s0=fng (831,28) [filtered=3206]
cnt=1 s0=fng (831,28) [filtered=3206]
cnt=1 s0=fng (831,28) [filtered=3206]
cnt=1 s0=fng (831,28) [filtered=3206]
cnt=2 s0=fng (831,28) s1=PALM(4741,1751) [filtered=3207]
cnt=2 s0=fng (831,28) s1=PALM(4741,1751) [filtered=3208]
cnt=2 s0=fng (830,28) s1=PALM(4740,1750) [filtered=3209]
cnt=1 s1=fng (4739,1748) [filtered=3209]
cnt=1 s1=fng (4738,1747) [filtered=3209]
cnt=1 s1=fng (4737,1746) [filtered=3209]
cnt=1 s1=fng (4735,1744) [filtered=3209]
cnt=1 s1=fng (4732,1742) [filtered=3209]
cnt=1 s1=fng (4726,1737) [filtered=3209]
cnt=1 s1=fng (4722,1733) [filtered=3209]
cnt=1 s1=fng (4715,1727) [filtered=3209]
cnt=1 s1=fng (4705,1718) [filtered=3209]
cnt=1 s1=fng (4693,1708) [filtered=3209]
cnt=1 s1=fng (4681,1698) [filtered=3209]
cnt=1 s1=fng (4668,1687) [filtered=3209]
cnt=1 s1=fng (4654,1675) [filtered=3209]
cnt=1 s1=fng (4640,1664) [filtered=3209]
cnt=1 s1=fng (4625,1653) [filtered=3209]
cnt=1 s1=fng (4611,1642) [filtered=3209]
cnt=1 s1=fng (4600,1631) [filtered=3209]
cnt=1 s1=fng (4591,1620) [filtered=3209]
cnt=1 s1=fng (4583,1609) [filtered=3209]
cnt=1 s1=fng (4576,1599) [filtered=3209]
cnt=1 s1=fng (4570,1589) [filtered=3209]
cnt=1 s1=fng (4564,1579) [filtered=3209]
cnt=1 s1=fng (4559,1570) [filtered=3209]
cnt=1 s1=fng (4555,1561) [filtered=3209]
cnt=1 s1=fng (4552,1553) [filtered=3209]
cnt=1 s1=fng (4550,1547) [filtered=3209]
cnt=1 s1=fng (4550,1542) [filtered=3209]
cnt=1 s1=fng (4551,1538) [filtered=3209]
cnt=1 s1=fng (4552,1536) [filtered=3209]
cnt=1 s1=fng (4552,1534) [filtered=3209]
cnt=1 s1=fng (4553,1534) [filtered=3209]
cnt=1 s1=fng (4555,1534) [filtered=3209]
cnt=1 s1=fng (4557,1537) [filtered=3209]
cnt=1 s1=fng (4558,1538) [filtered=3209]
cnt=1 s1=fng (4560,1540) [filtered=3209]
cnt=1 s1=fng (4562,1543) [filtered=3209]
cnt=1 s1=fng (4565,1547) [filtered=3209]
cnt=1 s1=fng (4569,1552) [filtered=3209]
cnt=1 s1=fng (4571,1556) [filtered=3209]
cnt=1 s1=fng (4574,1561) [filtered=3209]
cnt=1 s1=fng (4577,1567) [filtered=3209]
cnt=1 s1=fng (4580,1574) [filtered=3209]
cnt=1 s1=fng (4584,1583) [filtered=3209]
cnt=1 s1=fng (4587,1591) [filtered=3209]
cnt=1 s1=fng (4591,1599) [filtered=3209]
cnt=1 s1=fng (4595,1608) [filtered=3209]
cnt=1 s1=fng (4599,1617) [filtered=3209]
cnt=1 s1=fng (4604,1626) [filtered=3209]
cnt=1 s1=fng (4608,1634) [filtered=3209]
cnt=1 s1=fng (4613,1643) [filtered=3209]
cnt=1 s1=fng (4618,1652) [filtered=3209]
cnt=1 s1=fng (4623,1661) [filtered=3209]
cnt=1 s1=fng (4628,1670) [filtered=3209]
cnt=1 s1=fng (4632,1678) [filtered=3209]
cnt=1 s1=fng (4637,1686) [filtered=3209]
cnt=1 s1=fng (4642,1694) [filtered=3209]
cnt=1 s1=fng (4647,1702) [filtered=3209]
cnt=1 s1=fng (4651,1709) [filtered=3209]
cnt=1 s1=fng (4654,1715) [filtered=3209]
cnt=1 s1=fng (4657,1720) [filtered=3209]
cnt=1 s1=fng (4659,1726) [filtered=3209]
cnt=1 s1=fng (4661,1731) [filtered=3209]
cnt=1 s1=fng (4662,1735) [filtered=3209]
cnt=1 s1=fng (4664,1739) [filtered=3209]
cnt=1 s1=fng (4666,1743) [filtered=3209]
cnt=1 s1=fng (4668,1748) [filtered=3209]
cnt=1 s1=fng (4669,1752) [filtered=3209]
cnt=1 s1=fng (4670,1755) [filtered=3209]
cnt=1 s1=fng (4671,1758) [filtered=3209]
cnt=1 s1=fng (4672,1761) [filtered=3209]
cnt=1 s1=fng (4674,1763) [filtered=3209]
cnt=1 s1=fng (4675,1765) [filtered=3209]
cnt=1 s1=fng (4676,1767) [filtered=3209]
cnt=1 s1=fng (4677,1769) [filtered=3209]
cnt=1 s1=fng (4678,1771) [filtered=3209]
cnt=1 s1=fng (4679,1773) [filtered=3209]
cnt=1 s1=fng (4679,1774) [filtered=3209]
cnt=1 s1=fng (4680,1775) [filtered=3209]
cnt=1 s1=fng (4681,1776) [filtered=3209]
cnt=1 s1=fng (4682,1778) [filtered=3209]
cnt=1 s1=fng (4683,1779) [filtered=3209]
cnt=1 s1=fng (4684,1780) [filtered=3209]
cnt=1 s1=fng (4685,1781) [filtered=3209]
cnt=1 s1=fng (4686,1782) [filtered=3209]
cnt=1 s1=fng (4687,1782) [filtered=3209]
cnt=1 s1=fng (4687,1782) [filtered=3209]
cnt=1 s1=fng (4688,1782) [filtered=3209]
cnt=1 s1=fng (4689,1782) [filtered=3209]
cnt=1 s1=fng (4690,1782) [filtered=3209]
cnt=1 s1=fng (4691,1782) [filtered=3209]
cnt=1 s1=fng (4692,1782) [filtered=3209]
cnt=1 s1=fng (4693,1782) [filtered=3209]
cnt=1 s1=fng (4694,1782) [filtered=3209]
cnt=1 s1=fng (4695,1782) [filtered=3209]
cnt=1 s1=fng (4696,1782) [filtered=3209]
cnt=1 s1=fng (4696,1782) [filtered=3209]
cnt=1 s1=fng (4697,1782) [filtered=3209]
cnt=1 s1=fng (4698,1782) [filtered=3209]
cnt=1 s1=fng (4699,1782) [filtered=3209]
cnt=1 s1=fng (4700,1781) [filtered=3209]
cnt=1 s1=fng (4701,1781)* [filtered=3209]
cnt=1 s1=fng (4701,1780)* [filtered=3209]
cnt=1 s1=fng (4701,1779)* [filtered=3209]
cnt=1 s1=fng (4701,1778)* [filtered=3209]
cnt=1 s1=fng (4701,1778)* [filtered=3209]
cnt=1 s1=fng (4701,1777)* [filtered=3209]
cnt=1 s1=fng (4701,1775)* [filtered=3209]
cnt=1 s1=fng (4701,1773)* [filtered=3209]
cnt=1 s1=fng (4701,1771)* [filtered=3209]
cnt=1 s1=fng (4701,1770)* [filtered=3209]
cnt=1 s1=fng (4701,1769)* [filtered=3209]
cnt=1 s0=fng (4684,1729) [filtered=3209]
cnt=1 s0=fng (4684,1729) [filtered=3209]
cnt=1 s0=fng (4683,1728) [filtered=3209]
cnt=1 s0=fng (4682,1727) [filtered=3209]
cnt=1 s0=fng (4681,1726) [filtered=3209]
cnt=1 s0=fng (4680,1725) [filtered=3209]
cnt=1 s0=fng (4680,1724) [filtered=3209]
cnt=1 s0=fng (4680,1723) [filtered=3209]
cnt=1 s0=fng (4680,1723) [filtered=3209]
cnt=1 s0=fng (4680,1722) [filtered=3209]
cnt=1 s0=fng (4680,1722) [filtered=3209]
cnt=1 s0=fng (4680,1722) [filtered=3209]
cnt=1 s0=fng (4680,1722) [filtered=3209]
cnt=1 s0=fng (4680,1723) [filtered=3209]
cnt=1 s0=fng (4680,1723) [filtered=3209]
cnt=1 s0=fng (4680,1724) [filtered=3209]
cnt=1 s0=fng (4680,1724) [filtered=3209]
cnt=1 s0=fng (4680,1725) [filtered=3209]
cnt=1 s0=fng (4680,1726) [filtered=3209]
cnt=1 s0=fng (4680,1727) [filtered=3209]
cnt=1 s0=fng (4680,1728) [filtered=3209]
cnt=1 s0=fng (4680,1728) [filtered=3209]
cnt=1 s0=fng (4680,1729) [filtered=3209]
cnt=1 s0=fng (4681,1731) [filtered=3209]
cnt=1 s0=fng (4683,1733) [filtered=3209]
cnt=1 s0=fng (4684,1734) [filtered=3209]
cnt=1 s0=fng (4685,1736) [filtered=3209]
cnt=1 s0=fng (4686,1738) [filtered=3209]
cnt=1 s0=fng (4687,1741) [filtered=3209]
cnt=1 s0=fng (4688,1743) [filtered=3209]
cnt=1 s0=fng (4688,1744) [filtered=3209]
cnt=1 s0=fng (4689,1746) [filtered=3209]
cnt=1 s0=fng (4689,1747) [filtered=3209]
cnt=1 s0=fng (4690,1749) [filtered=3209]
cnt=1 s0=fng (4690,1750) [filtered=3209]
cnt=1 s0=fng (4690,1751) [filtered=3209]
cnt=1 s0=fng (4690,1752) [filtered=3209]
cnt=1 s0=fng (4690,1753) [filtered=3209]
cnt=1 s0=fng (4690,1754) [filtered=3209]
cnt=1 s0=fng (4691,1755) [filtered=3209]
cnt=1 s0=fng (4692,1755) [filtered=3209]
cnt=1 s0=fng (4693,1756) [filtered=3209]
cnt=1 s0=fng (4694,1757) [filtered=3209]
cnt=1 s0=fng (4695,1758) [filtered=3209]
cnt=1 s0=fng (4695,1759) [filtered=3209]
cnt=1 s0=fng (4696,1760) [filtered=3209]
cnt=1 s0=fng (4697,1761) [filtered=3209]
cnt=1 s0=fng (4698,1762) [filtered=3209]
cnt=1 s0=fng (4699,1763) [filtered=3209]
cnt=1 s0=fng (4699,1763) [filtered=3209]
cnt=1 s0=fng (4700,1764) [filtered=3209]
cnt=1 s0=fng (4701,1765) [filtered=3209]
cnt=1 s0=fng (4702,1766) [filtered=3209]
cnt=1 s0=fng (4703,1767) [filtered=3209]
cnt=2 s0=PALM(4704,1768) s1=fng (1028,44) [filtered=3210]
cnt=2 s0=PALM(4706,1771) s1=fng (1028,44) [filtered=3211]
cnt=2 s0=PALM(4708,1774) s1=fng (1028,44) [filtered=3212]
cnt=2 s0=PALM(4710,1777) s1=fng (1028,44) [filtered=3213]
cnt=2 s0=PALM(4711,1778) s1=fng (1028,44) [filtered=3214]
cnt=2 s0=PALM(4713,1780) s1=fng (1028,44) [filtered=3215]
cnt=2 s0=PALM(4714,1782) s1=fng (1028,44) [filtered=3216]
cnt=2 s0=PALM(4715,1784) s1=fng (1028,44) [filtered=3217]
cnt=2 s0=PALM(4717,1786) s1=fng (1028,44) [filtered=3218]
cnt=2 s0=PALM(4718,1787) s1=fng (1028,44) [filtered=3219]
cnt=2 s0=PALM(4719,1788) s1=fng (1028,44) [filtered=3220]
cnt=2 s0=PALM(4720,1789) s1=fng (1028,44) [filtered=3221]
cnt=2 s0=PALM(4721,1790) s1=fng (1028,44) [filtered=3222]
cnt=2 s0=PALM(4722,1791) s1=fng (1027,44) [filtered=3223]
cnt=2 s0=PALM(4722,1791) s1=fng (1027,44) [filtered=3224]
cnt=2 s0=PALM(4722,1792) s1=fng (1027,44) [filtered=3225]
cnt=2 s0=PALM(4722,1792) s1=fng (1027,44) [filtered=3226]
cnt=1 s0=fng (4722,1792) [filtered=3226]
cnt=1 s0=fng (4722,1792) [filtered=3226]
cnt=1 s0=fng (4722,1792) [filtered=3226]
cnt=1 s0=fng (4722,1792) [filtered=3226]
cnt=1 s0=fng (4722,1791) [filtered=3226]
cnt=1 s0=fng (4722,1791) [filtered=3226]
cnt=1 s0=fng (4722,1791) [filtered=3226]
cnt=1 s0=fng (4722,1790) [filtered=3226]
cnt=1 s0=fng (4722,1789) [filtered=3226]
cnt=1 s0=fng (4722,1789) [filtered=3226]
cnt=1 s0=fng (4722,1789) [filtered=3226]
cnt=1 s0=fng (4722,1789) [filtered=3226]
cnt=1 s0=fng (4722,1788) [filtered=3226]
cnt=1 s0=fng (4722,1788) [filtered=3226]
cnt=1 s0=fng (4722,1788) [filtered=3226]
cnt=1 s0=fng (4722,1788) [filtered=3226]
cnt=1 s0=fng (4722,1788) [filtered=3226]
cnt=1 s0=fng (4722,1788) [filtered=3226]
cnt=1 s0=fng (4722,1788) [filtered=3226]
cnt=1 s0=fng (4722,1788) [filtered=3226]
cnt=1 s0=fng (4722,1788) [filtered=3226]
cnt=1 s0=fng (4722,1788)* [filtered=3226]
cnt=1 s0=fng (4722,1788)* [filtered=3226]
cnt=1 s0=fng (4722,1788)* [filtered=3226]
cnt=1 s0=fng (4723,1788)* [filtered=3226]
cnt=1 s0=fng (4723,1788)* [filtered=3226]
cnt=1 s0=fng (4723,1788)* [filtered=3226]
cnt=1 s0=fng (4723,1788)* [filtered=3226]
cnt=1 s0=fng (4723,1788)* [filtered=3226]
cnt=1 s0=fng (4723,1787)* [filtered=3226]
cnt=1 s0=fng (4723,1787)* [filtered=3226]
cnt=1 s0=fng (4723,1786)* [filtered=3226]
cnt=1 s0=fng (4723,1786)* [filtered=3226]
cnt=1 s0=fng (4723,1785)* [filtered=3226]
cnt=1 s0=fng (4723,1785)* [filtered=3226]
cnt=1 s0=fng (4723,1785)* [filtered=3226]
cnt=1 s0=fng (4723,1784)* [filtered=3226]
cnt=1 s0=fng (4723,1783)* [filtered=3226]
cnt=1 s0=fng (4723,1782)* [filtered=3226]
cnt=1 s0=fng (4723,1781)* [filtered=3226]
cnt=1 s0=fng (4723,1780)* [filtered=3226]
cnt=1 s0=fng (4723,1779)* [filtered=3226]
cnt=1 s0=fng (4724,1778)* [filtered=3226]
cnt=1 s0=fng (4724,1777)* [filtered=3226]
cnt=1 s0=fng (4724,1777)* [filtered=3226]
cnt=1 s0=fng (4724,1776)* [filtered=3226]
cnt=1 s0=fng (4724,1775)* [filtered=3226]
cnt=1 s0=fng (4725,1774)* [filtered=3226]
cnt=1 s0=fng (4725,1773)* [filtered=3226]
cnt=1 s0=fng (4725,1772)* [filtered=3226]
cnt=1 s0=fng (4725,1772)* [filtered=3226]
cnt=1 s0=fng (4725,1771)* [filtered=3226]
cnt=1 s0=fng (4725,1770)* [filtered=3226]
cnt=1 s0=fng (4725,1769)* [filtered=3226]
cnt=1 s0=fng (4725,1769)* [filtered=3226]
cnt=1 s0=fng (4725,1769)* [filtered=3226]
cnt=1 s0=fng (4725,1768)* [filtered=3226]
cnt=1 s0=fng (4725,1767)* [filtered=3226]
cnt=1 s0=fng (4725,1767)* [filtered=3226]
cnt=1 s0=fng (4725,1767)* [filtered=3226]
cnt=1 s0=fng (4725,1767)* [filtered=3226]
cnt=1 s0=fng (4725,1767)* [filtered=3226]
cnt=1 s0=fng (4725,1767)* [filtered=3226]
cnt=1 s0=fng (4725,1767)* [filtered=3226]
cnt=1 s0=fng (4725,1767)* [filtered=3226]
cnt=1 s0=fng (4725,1768)* [filtered=3226]
cnt=1 s0=fng (4725,1769)* [filtered=3226]
cnt=1 s0=fng (4725,1770)* [filtered=3226]
cnt=1 s0=fng (4725,1770)* [filtered=3226]
cnt=1 s0=fng (4726,1771)* [filtered=3226]
cnt=1 s0=fng (4727,1772)* [filtered=3226]
cnt=1 s0=fng (4728,1773)* [filtered=3226]
cnt=1 s0=fng (4729,1775)* [filtered=3226]
cnt=1 s0=fng (4729,1776)* [filtered=3226]
cnt=1 s0=fng (4730,1777)* [filtered=3226]
cnt=1 s0=fng (4731,1778)* [filtered=3226]
cnt=1 s0=fng (4732,1779)* [filtered=3226]
cnt=1 s0=fng (4747,1805) [filtered=3226]
cnt=1 s0=fng (4747,1805) [filtered=3226]
cnt=1 s0=fng (4747,1805) [filtered=3226]
cnt=1 s0=fng (4747,1805) [filtered=3226]
cnt=1 s0=fng (4747,1805) [filtered=3226]
cnt=1 s0=fng (4747,1805) [filtered=3226]
cnt=1 s0=fng (4747,1805) [filtered=3226]
cnt=1 s0=fng (4747,1805) [filtered=3226]
cnt=1 s0=fng (4747,1805) [filtered=3226]
cnt=1 s0=fng (4747,1805) [filtered=3226]
cnt=1 s0=fng (4747,1805) [filtered=3226]
cnt=1 s0=fng (4747,1805) [filtered=3226]
cnt=1 s0=fng (4750,1750) [filtered=3226]
cnt=1 s0=fng (4750,1750) [filtered=3226]
cnt=1 s0=fng (4750,1750) [filtered=3226]
cnt=1 s0=fng (4750,1750) [filtered=3226]
cnt=1 s0=fng (4750,1750) [filtered=3226]
cnt=1 s0=fng (4750,1750) [filtered=3226]
cnt=1 s0=fng (4750,1750) [filtered=3226]
cnt=1 s0=fng (4750,1750) [filtered=3226]
cnt=1 s0=fng (4750,1750) [filtered=3226]
cnt=1 s0=fng (4750,1749) [filtered=3226]
cnt=1 s0=fng (4750,1748) [filtered=3226]
cnt=1 s0=fng (4750,1748) [filtered=3226]
