touchpad: x[0..4762] y[0..3099] res=32,32 slots=5
palm: bottom_zone=1200 edge_left=476 edge_right=4285 spread=400
virtual device created: ASUF1209 Palm Filtered Touchpad
grabbed source device (exclusive)
cnt=1 s0=fng (4757,1358) [filtered=0]
cnt=1 s0=fng (4757,1358) [filtered=0]
cnt=1 s0=fng (4757,1358) [filtered=0]
cnt=1 s0=fng (4757,1358) [filtered=0]
cnt=1 s0=fng (4757,1358) [filtered=0]
cnt=1 s0=fng (4757,1358) [filtered=0]
cnt=1 s0=fng (4757,1358) [filtered=0]
cnt=1 s0=fng (4757,1358) [filtered=0]
cnt=1 s0=fng (4757,1358) [filtered=0]
cnt=1 s0=fng (4757,1358) [filtered=0]
cnt=1 s0=fng (4757,1358) [filtered=0]
cnt=1 s0=fng (4757,1358) [filtered=0]
cnt=1 s0=fng (4757,1358) [filtered=0]
cnt=1 s0=fng (4757,1358) [filtered=0]
cnt=1 s0=fng (4757,1358) [filtered=0]
cnt=1 s0=fng (4757,1358) [filtered=0]
cnt=1 s0=fng (4757,1358) [filtered=0]
cnt=1 s0=fng (4757,1358) [filtered=0]
cnt=1 s0=fng (4757,1358) [filtered=0]
cnt=1 s0=fng (4757,1358) [filtered=0]
cnt=1 s0=fng (4757,1358)* [filtered=0]
cnt=1 s0=fng (4757,1358)* [filtered=0]
cnt=1 s0=fng (4757,1358)* [filtered=0]
cnt=1 s0=fng (4757,1358)* [filtered=0]
cnt=1 s0=fng (4757,1358)* [filtered=0]
cnt=1 s0=fng (4757,1358)* [filtered=0]
cnt=1 s0=fng (4757,1358)* [filtered=0]
cnt=1 s0=fng (4757,1358)* [filtered=0]
cnt=1 s0=fng (4757,1358)* [filtered=0]
cnt=1 s0=fng (4757,1358)* [filtered=0]
cnt=1 s0=fng (4757,1358)* [filtered=0]
cnt=1 s0=fng (4757,1358)* [filtered=0]
cnt=1 s0=fng (4757,1358)* [filtered=0]
cnt=1 s0=fng (4757,1358)* [filtered=0]
cnt=1 s0=fng (4757,1358)* [filtered=0]
cnt=1 s0=fng (4757,1358)* [filtered=0]
cnt=1 s0=fng (4757,1358)* [filtered=0]
cnt=1 s0=fng (4757,1358)* [filtered=0]
cnt=1 s0=fng (4757,1358)* [filtered=0]
cnt=1 s0=fng (4757,1358)* [filtered=0]
cnt=1 s0=fng (4757,1358)* [filtered=0]
cnt=1 s0=fng (4757,1358)* [filtered=0]
cnt=1 s0=fng (4757,1358)* [filtered=0]
cnt=1 s0=fng (4757,1358)* [filtered=0]
cnt=1 s0=fng (4757,1358)* [filtered=0]
cnt=1 s0=fng (4757,1358)* [filtered=0]
cnt=1 s0=fng (4757,1358)* [filtered=0]
cnt=1 s0=fng (4757,1358)* [filtered=0]
cnt=1 s0=fng (4757,1358)* [filtered=0]
cnt=1 s0=fng (4757,1358)* [filtered=0]
cnt=1 s0=fng (4757,1358)* [filtered=0]
cnt=1 s0=fng (4757,1358)* [filtered=0]
cnt=1 s0=fng (4757,1358)* [filtered=0]
cnt=1 s0=fng (4757,1358)* [filtered=0]
cnt=1 s0=fng (4757,1358)* [filtered=0]
cnt=1 s0=fng (4757,1358)* [filtered=0]
cnt=1 s0=fng (4757,1358)* [filtered=0]
cnt=1 s0=fng (4757,1358)* [filtered=0]
cnt=1 s0=fng (4757,1358)* [filtered=0]
cnt=1 s0=fng (4757,1358)* [filtered=0]
cnt=1 s0=fng (4757,1358)* [filtered=0]
cnt=1 s0=fng (4757,1358)* [filtered=0]
cnt=1 s0=fng (4757,1358)* [filtered=0]
cnt=1 s0=fng (4757,1358)* [filtered=0]
cnt=1 s0=fng (4757,1358)* [filtered=0]
cnt=1 s0=fng (4757,1358)* [filtered=0]
cnt=1 s0=fng (4757,1358)* [filtered=0]
cnt=1 s0=fng (4757,1358)* [filtered=0]
cnt=1 s0=fng (4757,1358)* [filtered=0]
cnt=1 s0=fng (4757,1358)* [filtered=0]
cnt=1 s0=fng (4757,1358)* [filtered=0]
cnt=1 s0=fng (4757,1358)* [filtered=0]
cnt=1 s0=fng (4757,1358)* [filtered=0]
cnt=1 s0=fng (4757,1358)* [filtered=0]
cnt=1 s0=fng (4757,1358)* [filtered=0]
cnt=1 s0=fng (4757,1358)* [filtered=0]
cnt=1 s0=fng (4757,1358)* [filtered=0]
cnt=1 s0=fng (4757,1358)* [filtered=0]
cnt=1 s0=fng (4757,1358)* [filtered=0]
cnt=1 s0=fng (4757,1358)* [filtered=0]
cnt=1 s0=fng (4757,1358)* [filtered=0]
cnt=1 s0=fng (4757,1358)* [filtered=0]
cnt=1 s0=fng (4757,1358)* [filtered=0]
cnt=1 s0=fng (4757,1358)* [filtered=0]
cnt=1 s0=fng (4757,1358)* [filtered=0]
cnt=1 s0=fng (4757,1358)* [filtered=0]
cnt=1 s0=fng (4757,1358)* [filtered=0]
cnt=1 s0=fng (4757,1358)* [filtered=0]
cnt=1 s0=fng (4757,1358)* [filtered=0]
cnt=1 s0=fng (4757,1358)* [filtered=0]
cnt=1 s0=fng (4757,1358)* [filtered=0]
cnt=1 s0=fng (4757,1358)* [filtered=0]
cnt=1 s0=fng (4757,1358)* [filtered=0]
cnt=1 s0=fng (4757,1358)* [filtered=0]
cnt=1 s0=fng (4757,1358)* [filtered=0]
cnt=1 s0=fng (4757,1358)* [filtered=0]
cnt=1 s0=fng (4757,1358)* [filtered=0]
cnt=1 s0=fng (4757,1358)* [filtered=0]
cnt=1 s0=fng (4757,1358)* [filtered=0]
cnt=1 s0=fng (4757,1358)* [filtered=0]
cnt=1 s0=fng (4757,1358)* [filtered=0]
cnt=1 s0=fng (4757,1358)* [filtered=0]
cnt=1 s0=fng (4757,1358)* [filtered=0]
cnt=1 s0=fng (4757,1358)* [filtered=0]
cnt=1 s0=fng (4757,1358)* [filtered=0]
cnt=1 s0=fng (4757,1358)* [filtered=0]
cnt=1 s0=fng (4757,1358)* [filtered=0]
cnt=1 s0=fng (4757,1358)* [filtered=0]
cnt=1 s0=fng (4756,1358)* [filtered=0]
cnt=1 s0=fng (4756,1358)* [filtered=0]
cnt=1 s0=fng (4755,1358)* [filtered=0]
cnt=1 s0=fng (4754,1358)* [filtered=0]
cnt=1 s0=fng (4753,1359)* [filtered=0]
cnt=1 s0=fng (4752,1359)* [filtered=0]
cnt=1 s0=fng (4751,1359)* [filtered=0]
cnt=1 s0=fng (4750,1359)* [filtered=0]
cnt=1 s0=fng (4749,1359)* [filtered=0]
cnt=1 s0=fng (4748,1360)* [filtered=0]
cnt=1 s0=fng (4748,1360)* [filtered=0]
cnt=1 s0=fng (4747,1360)* [filtered=0]
cnt=1 s0=fng (4746,1361)* [filtered=0]
cnt=2 s0=PALM(4745,1361)* s1=PALM(4,1835) [filtered=1]
cnt=2 s0=PALM(4742,1362) s1=PALM(4,1835) [filtered=2]
cnt=2 s0=PALM(4740,1362) s1=PALM(4,1835) [filtered=3]
cnt=2 s0=PALM(4737,1363) s1=PALM(4,1835) [filtered=4]
cnt=2 s0=PALM(4733,1364) s1=PALM(4,1835) [filtered=5]
cnt=2 s0=PALM(4729,1365) s1=PALM(4,1835) [filtered=6]
cnt=2 s0=PALM(4726,1366) s1=PALM(4,1835) [filtered=7]
cnt=2 s0=PALM(4722,1367) s1=PALM(5,1835) [filtered=8]
cnt=2 s0=PALM(4717,1368) s1=PALM(6,1835) [filtered=9]
cnt=2 s0=PALM(4712,1369) s1=PALM(7,1834) [filtered=10]
cnt=2 s0=PALM(4707,1370) s1=PALM(8,1834) [filtered=11]
cnt=2 s0=PALM(4703,1370) s1=PALM(9,1834) [filtered=12]
cnt=2 s0=PALM(4698,1371) s1=PALM(10,1833) [filtered=13]
cnt=2 s0=PALM(4693,1373) s1=PALM(11,1832) [filtered=14]
cnt=2 s0=PALM(4688,1374) s1=PALM(13,1831) [filtered=15]
cnt=2 s0=PALM(4683,1375) s1=PALM(14,1830) [filtered=16]
cnt=2 s0=PALM(4678,1376) s1=PALM(15,1830) [filtered=17]
cnt=2 s0=PALM(4672,1378) s1=PALM(17,1829) [filtered=18]
cnt=2 s0=PALM(4666,1380) s1=PALM(20,1828) [filtered=19]
cnt=2 s0=PALM(4659,1381) s1=PALM(23,1827) [filtered=20]
cnt=2 s0=PALM(4653,1382) s1=PALM(24,1827) [filtered=21]
cnt=2 s0=PALM(4647,1384) s1=PALM(27,1826) [filtered=22]
cnt=2 s0=PALM(4641,1386) s1=PALM(31,1825) [filtered=23]
cnt=2 s0=PALM(4634,1388) s1=PALM(36,1824) [filtered=24]
cnt=2 s0=PALM(4628,1389) s1=PALM(39,1824) [filtered=25]
cnt=2 s0=PALM(4621,1391) s1=PALM(44,1823) [filtered=26]
cnt=2 s0=PALM(4614,1393) s1=PALM(49,1822) [filtered=27]
cnt=2 s0=PALM(4607,1395) s1=PALM(58,1819) [filtered=28]
cnt=2 s0=PALM(4602,1398) s1=PALM(69,1816) [filtered=29]
cnt=2 s0=PALM(4597,1399) s1=PALM(80,1815) [filtered=30]
cnt=2 s0=PALM(4592,1402) s1=PALM(93,1815) [filtered=31]
cnt=2 s0=PALM(4587,1405) s1=PALM(106,1817) [filtered=32]
cnt=2 s0=PALM(4582,1409) s1=PALM(119,1822) [filtered=33]
cnt=2 s0=PALM(4578,1412) s1=PALM(131,1825) [filtered=34]
cnt=2 s0=PALM(4574,1417) s1=PALM(142,1830) [filtered=35]
cnt=2 s0=PALM(4569,1422) s1=PALM(152,1837) [filtered=36]
cnt=2 s0=PALM(4564,1427) s1=PALM(161,1847) [filtered=37]
cnt=2 s0=PALM(4560,1431) s1=PALM(169,1856) [filtered=38]
cnt=2 s0=PALM(4556,1437) s1=PALM(176,1868) [filtered=39]
cnt=2 s0=PALM(4552,1444) s1=PALM(181,1881) [filtered=40]
cnt=2 s0=PALM(4547,1453) s1=PALM(186,1894) [filtered=41]
cnt=2 s0=PALM(4543,1461) s1=PALM(191,1907) [filtered=42]
cnt=2 s0=PALM(4537,1470) s1=PALM(196,1920) [filtered=43]
cnt=2 s0=PALM(4529,1480) s1=PALM(201,1933) [filtered=44]
cnt=2 s0=PALM(4522,1489) s1=PALM(206,1945) [filtered=45]
cnt=2 s0=PALM(4514,1499) s1=PALM(212,1958) [filtered=46]
cnt=2 s0=PALM(4505,1509) s1=PALM(219,1971) [filtered=47]
cnt=2 s0=PALM(4495,1519) s1=PALM(226,1983) [filtered=48]
cnt=2 s0=PALM(4486,1528) s1=PALM(232,1994) [filtered=49]
cnt=2 s0=PALM(4476,1539) s1=PALM(238,2004) [filtered=50]
cnt=2 s0=PALM(4465,1550) s1=PALM(245,2014) [filtered=51]
cnt=2 s0=PALM(4455,1560) s1=PALM(251,2023) [filtered=52]
cnt=2 s0=PALM(4444,1571) s1=PALM(259,2032) [filtered=53]
cnt=2 s0=PALM(4434,1581) s1=PALM(266,2041) [filtered=54]
cnt=2 s0=PALM(4424,1590) s1=PALM(272,2048) [filtered=55]
cnt=2 s0=PALM(4413,1599) s1=PALM(279,2055) [filtered=56]
cnt=2 s0=PALM(4403,1608) s1=PALM(285,2062) [filtered=57]
cnt=2 s0=PALM(4393,1617) s1=PALM(291,2068) [filtered=58]
cnt=2 s0=PALM(4383,1626) s1=PALM(297,2074) [filtered=59]
cnt=2 s0=PALM(4373,1635) s1=PALM(303,2080) [filtered=60]
cnt=2 s0=PALM(4363,1644) s1=PALM(310,2085) [filtered=61]
cnt=2 s0=PALM(4353,1653) s1=PALM(316,2090) [filtered=62]
cnt=2 s0=PALM(4344,1662) s1=PALM(322,2094) [filtered=63]
cnt=2 s0=PALM(4335,1671) s1=PALM(328,2098) [filtered=64]
cnt=2 s0=PALM(4326,1679) s1=PALM(334,2101) [filtered=65]
cnt=2 s0=PALM(4318,1687) s1=PALM(340,2103) [filtered=66]
cnt=2 s0=PALM(4310,1695) s1=PALM(346,2105) [filtered=67]
cnt=2 s0=PALM(4302,1703) s1=PALM(352,2107) [filtered=68]
cnt=2 s0=PALM(4295,1710) s1=PALM(358,2107) [filtered=69]
cnt=2 s0=PALM(4288,1717) s1=PALM(364,2107) [filtered=70]
cnt=2 s0=fng (4282,1723) s1=PALM(370,2107) [filtered=71]
cnt=2 s0=fng (4276,1729) s1=PALM(376,2107) [filtered=72]
cnt=2 s0=fng (4270,1735) s1=PALM(381,2107) [filtered=73]
cnt=2 s0=fng (4265,1740) s1=PALM(385,2107) [filtered=74]
cnt=2 s0=fng (4260,1745) s1=PALM(389,2107) [filtered=75]
cnt=2 s0=fng (4256,1749) s1=PALM(393,2107) [filtered=76]
cnt=2 s0=fng (4252,1753) s1=PALM(397,2107) [filtered=77]
cnt=2 s0=fng (4248,1756) s1=PALM(400,2107) [filtered=78]
cnt=2 s0=fng (4245,1758) s1=PALM(402,2107) [filtered=79]
cnt=2 s0=fng (4242,1760) s1=PALM(404,2107) [filtered=80]
cnt=2 s0=fng (4240,1762) s1=PALM(405,2107) [filtered=81]
cnt=2 s0=fng (4238,1764) s1=PALM(406,2107) [filtered=82]
cnt=2 s0=fng (4237,1764) s1=PALM(406,2107) [filtered=83]
cnt=2 s0=fng (4237,1764) s1=PALM(406,2107) [filtered=84]
cnt=2 s0=fng (4237,1764) s1=PALM(406,2107) [filtered=85]
cnt=2 s0=fng (4237,1764) s1=PALM(406,2107) [filtered=86]
cnt=2 s0=fng (4240,1761) s1=PALM(406,2107) [filtered=87]
cnt=2 s0=fng (4243,1758) s1=PALM(406,2107) [filtered=88]
cnt=2 s0=fng (4246,1758) s1=PALM(403,2107) [filtered=89]
cnt=2 s0=fng (4249,1758) s1=PALM(400,2107) [filtered=90]
cnt=2 s0=fng (4252,1758) s1=PALM(397,2107) [filtered=91]
cnt=2 s0=fng (4255,1758) s1=PALM(393,2107) [filtered=92]
cnt=2 s0=fng (4259,1758) s1=PALM(389,2107) [filtered=93]
cnt=2 s0=fng (4261,1758) s1=PALM(387,2107) [filtered=94]
cnt=2 s0=fng (4264,1755) s1=PALM(385,2107) [filtered=95]
cnt=2 s0=fng (4267,1751) s1=PALM(383,2107) [filtered=96]
cnt=2 s0=fng (4270,1747) s1=PALM(382,2107) [filtered=97]
cnt=2 s0=fng (4274,1742) s1=PALM(380,2107) [filtered=98]
cnt=2 s0=fng (4280,1737) s1=PALM(378,2107) [filtered=99]
cnt=2 s0=PALM(4285,1733) s1=PALM(377,2107) [filtered=100]
cnt=2 s0=PALM(4290,1728) s1=PALM(375,2107) [filtered=101]
cnt=2 s0=PALM(4296,1721) s1=PALM(372,2107) [filtered=102]
cnt=2 s0=PALM(4302,1715) s1=PALM(371,2107) [filtered=103]
cnt=2 s0=PALM(4308,1708) s1=PALM(369,2107) [filtered=104]
cnt=2 s0=PALM(4313,1702) s1=PALM(368,2107) [filtered=105]
cnt=2 s0=PALM(4319,1694) s1=PALM(366,2107) [filtered=106]
cnt=2 s0=PALM(4325,1685) s1=PALM(364,2107) [filtered=107]
cnt=2 s0=PALM(4330,1676) s1=PALM(363,2107) [filtered=108]
cnt=2 s0=PALM(4335,1667) s1=PALM(361,2107) [filtered=109]
cnt=2 s0=PALM(4340,1658) s1=PALM(358,2107) [filtered=110]
cnt=2 s0=PALM(4345,1649) s1=PALM(355,2107) [filtered=111]
cnt=2 s0=PALM(4349,1640) s1=PALM(354,2107) [filtered=112]
cnt=2 s0=PALM(4354,1630) s1=PALM(352,2107)* [filtered=113]
cnt=2 s0=PALM(4358,1620) s1=PALM(350,2107)* [filtered=114]
cnt=2 s0=PALM(4361,1611) s1=PALM(349,2107)* [filtered=115]
cnt=2 s0=PALM(4364,1601) s1=PALM(347,2107)* [filtered=116]
cnt=2 s0=PALM(4368,1592) s1=PALM(345,2104) [filtered=117]
cnt=2 s0=PALM(4372,1584) s1=PALM(343,2101) [filtered=118]
cnt=2 s0=PALM(4375,1577) s1=PALM(342,2098) [filtered=119]
cnt=2 s0=PALM(4377,1569) s1=PALM(340,2096) [filtered=120]
cnt=2 s0=PALM(4380,1562) s1=PALM(338,2094) [filtered=121]
cnt=2 s0=PALM(4382,1556) s1=PALM(337,2094) [filtered=122]
cnt=2 s0=PALM(4383,1550) s1=PALM(335,2092) [filtered=123]
cnt=2 s0=PALM(4385,1544) s1=PALM(333,2089) [filtered=124]
cnt=2 s0=PALM(4386,1539) s1=PALM(332,2088) [filtered=125]
cnt=2 s0=PALM(4387,1535) s1=PALM(331,2085) [filtered=126]
cnt=2 s0=PALM(4389,1532) s1=PALM(330,2082) [filtered=127]
cnt=2 s0=PALM(4390,1528) s1=PALM(329,2078) [filtered=128]
cnt=2 s0=PALM(4391,1525) s1=PALM(329,2075) [filtered=129]
cnt=2 s0=PALM(4392,1522) s1=PALM(329,2071) [filtered=130]
cnt=2 s0=PALM(4392,1520) s1=PALM(329,2066) [filtered=131]
cnt=2 s0=PALM(4392,1518) s1=PALM(329,2062) [filtered=132]
cnt=2 s0=PALM(4392,1516) s1=PALM(329,2057) [filtered=133]
cnt=2 s0=PALM(4392,1514) s1=PALM(329,2052) [filtered=134]
cnt=2 s0=PALM(4391,1513) s1=PALM(329,2047) [filtered=135]
cnt=2 s0=PALM(4391,1513) s1=PALM(329,2043) [filtered=136]
cnt=2 s0=PALM(4391,1512) s1=PALM(328,2038) [filtered=137]
cnt=2 s0=PALM(4390,1511) s1=PALM(328,2033) [filtered=138]
cnt=2 s0=PALM(4390,1511) s1=PALM(328,2029) [filtered=139]
cnt=2 s0=PALM(4389,1511) s1=PALM(327,2025) [filtered=140]
cnt=2 s0=PALM(4388,1511) s1=PALM(326,2020) [filtered=141]
cnt=2 s0=PALM(4388,1511) s1=PALM(326,2016) [filtered=142]
cnt=2 s0=PALM(4387,1511) s1=PALM(326,2012) [filtered=143]
cnt=2 s0=PALM(4387,1511) s1=PALM(325,2009) [filtered=144]
cnt=2 s0=PALM(4387,1511) s1=PALM(325,2006) [filtered=145]
cnt=2 s0=PALM(4386,1511) s1=PALM(325,2002) [filtered=146]
cnt=2 s0=PALM(4385,1512) s1=PALM(325,1998) [filtered=147]
cnt=2 s0=PALM(4385,1512) s1=PALM(325,1995) [filtered=148]
cnt=2 s0=PALM(4384,1512) s1=PALM(326,1990) [filtered=149]
cnt=2 s0=PALM(4384,1512)* s1=PALM(326,1986) [filtered=150]
cnt=2 s0=PALM(4383,1513)* s1=PALM(327,1982) [filtered=151]
cnt=2 s0=PALM(4382,1513)* s1=PALM(329,1976) [filtered=152]
cnt=2 s0=PALM(4381,1513)* s1=PALM(330,1971) [filtered=153]
cnt=2 s0=PALM(4380,1514)* s1=PALM(333,1964) [filtered=154]
cnt=2 s0=PALM(4379,1514)* s1=PALM(335,1958) [filtered=155]
cnt=2 s0=PALM(4378,1514)* s1=PALM(338,1951) [filtered=156]
cnt=2 s0=PALM(4377,1514)* s1=PALM(340,1945) [filtered=157]
cnt=2 s0=PALM(4375,1515)* s1=PALM(344,1938) [filtered=158]
cnt=2 s0=PALM(4373,1516)* s1=PALM(349,1929) [filtered=159]
cnt=2 s0=PALM(4372,1516)* s1=PALM(354,1921) [filtered=160]
cnt=2 s0=PALM(4370,1517)* s1=PALM(359,1914) [filtered=161]
cnt=2 s0=PALM(4369,1517)* s1=PALM(363,1907) [filtered=162]
cnt=2 s0=PALM(4367,1518)* s1=PALM(368,1900) [filtered=163]
cnt=2 s0=PALM(4364,1519) s1=PALM(373,1893) [filtered=164]
cnt=2 s0=PALM(4362,1520) s1=PALM(377,1887) [filtered=165]
cnt=2 s0=PALM(4359,1521) s1=PALM(382,1881) [filtered=166]
cnt=2 s0=PALM(4357,1522) s1=PALM(386,1875) [filtered=167]
cnt=2 s0=PALM(4354,1523) s1=PALM(391,1869) [filtered=168]
cnt=2 s0=PALM(4351,1524) s1=PALM(396,1864) [filtered=169]
cnt=2 s0=PALM(4349,1525) s1=PALM(400,1859) [filtered=170]
cnt=2 s0=PALM(4346,1526) s1=PALM(405,1854) [filtered=171]
cnt=2 s0=PALM(4344,1526) s1=PALM(409,1849) [filtered=172]
cnt=2 s0=PALM(4342,1527) s1=PALM(414,1845) [filtered=173]
cnt=2 s0=PALM(4339,1528) s1=PALM(419,1841) [filtered=174]
cnt=2 s0=PALM(4337,1528) s1=PALM(423,1837) [filtered=175]
cnt=2 s0=PALM(4334,1529) s1=PALM(428,1833) [filtered=176]
cnt=2 s0=PALM(4332,1529) s1=PALM(432,1829) [filtered=177]
cnt=2 s0=PALM(4330,1530) s1=PALM(436,1825) [filtered=178]
cnt=2 s0=PALM(4327,1531) s1=PALM(441,1821) [filtered=179]
cnt=2 s0=PALM(4325,1531) s1=PALM(445,1817) [filtered=180]
cnt=2 s0=PALM(4323,1531) s1=PALM(449,1813) [filtered=181]
cnt=2 s0=PALM(4321,1531) s1=PALM(453,1809) [filtered=182]
cnt=2 s0=PALM(4319,1531) s1=PALM(457,1806) [filtered=183]
cnt=2 s0=PALM(4318,1531) s1=PALM(460,1803) [filtered=184]
cnt=2 s0=PALM(4318,1531) s1=PALM(463,1800) [filtered=185]
cnt=2 s0=PALM(4317,1531) s1=PALM(465,1798) [filtered=186]
cnt=2 s0=PALM(4316,1531) s1=PALM(467,1796) [filtered=187]
cnt=2 s0=PALM(4315,1531) s1=PALM(469,1794) [filtered=188]
cnt=2 s0=PALM(4313,1531) s1=PALM(472,1792) [filtered=189]
cnt=2 s0=PALM(4312,1531) s1=PALM(475,1790) [filtered=190]
cnt=2 s0=PALM(4311,1531) s1=fng (477,1788) [filtered=191]
cnt=2 s0=PALM(4311,1531) s1=fng (479,1786) [filtered=192]
cnt=2 s0=PALM(4310,1531) s1=fng (481,1784) [filtered=193]
cnt=2 s0=PALM(4309,1530) s1=fng (484,1781) [filtered=194]
cnt=2 s0=PALM(4309,1530) s1=fng (486,1779) [filtered=195]
cnt=2 s0=PALM(4309,1529) s1=fng (489,1776) [filtered=196]
cnt=2 s0=PALM(4309,1529) s1=fng (491,1774) [filtered=197]
cnt=2 s0=PALM(4308,1529) s1=fng (493,1772) [filtered=198]
cnt=2 s0=PALM(4308,1528)* s1=fng (496,1769) [filtered=199]
cnt=2 s0=PALM(4308,1528)* s1=fng (498,1767) [filtered=200]
cnt=2 s0=PALM(4308,1527)* s1=fng (499,1766) [filtered=201]
cnt=2 s0=PALM(4308,1526)* s1=fng (501,1764) [filtered=202]
cnt=2 s0=PALM(4308,1526)* s1=fng (502,1763) [filtered=203]
cnt=2 s0=PALM(4308,1525)* s1=fng (503,1762) [filtered=204]
cnt=2 s0=PALM(4308,1525)* s1=fng (503,1762) [filtered=205]
cnt=2 s0=PALM(4308,1524)* s1=fng (504,1761) [filtered=206]
cnt=2 s0=PALM(4308,1523)* s1=fng (505,1760) [filtered=207]
cnt=2 s0=PALM(4308,1522)* s1=fng (505,1759) [filtered=208]
cnt=2 s0=PALM(4308,1521)* s1=fng (505,1759) [filtered=209]
cnt=2 s0=PALM(4308,1520)* s1=fng (505,1759) [filtered=210]
cnt=2 s0=PALM(4308,1519)* s1=fng (505,1759) [filtered=211]
cnt=2 s0=PALM(4308,1518)* s1=fng (505,1759) [filtered=212]
cnt=2 s0=PALM(4308,1516)* s1=fng (504,1759) [filtered=213]
cnt=2 s0=PALM(4308,1515)* s1=fng (503,1759) [filtered=214]
cnt=2 s0=PALM(4308,1513)* s1=fng (502,1759) [filtered=215]
cnt=2 s0=PALM(4308,1512)* s1=fng (502,1759) [filtered=216]
cnt=2 s0=PALM(4308,1510)* s1=fng (500,1760) [filtered=217]
cnt=2 s0=PALM(4308,1508)* s1=fng (498,1761) [filtered=218]
cnt=2 s0=PALM(4308,1507)* s1=fng (497,1761) [filtered=219]
cnt=2 s0=PALM(4308,1505)* s1=fng (494,1762) [filtered=220]
cnt=2 s0=PALM(4308,1504)* s1=fng (492,1763) [filtered=221]
cnt=2 s0=PALM(4308,1502)* s1=fng (490,1764) [filtered=222]
cnt=2 s0=PALM(4308,1500)* s1=fng (487,1766) [filtered=223]
cnt=2 s0=PALM(4308,1499)* s1=fng (485,1767) [filtered=224]
cnt=2 s0=PALM(4308,1497)* s1=fng (481,1770) [filtered=225]
cnt=2 s0=PALM(4308,1495)* s1=fng (477,1773) [filtered=226]
cnt=2 s0=PALM(4308,1494)* s1=PALM(473,1775) [filtered=227]
cnt=2 s0=PALM(4308,1492)* s1=PALM(469,1778) [filtered=228]
cnt=2 s0=PALM(4308,1491)* s1=PALM(465,1781) [filtered=229]
cnt=2 s0=PALM(4308,1490)* s1=PALM(461,1783) [filtered=230]
cnt=2 s0=PALM(4308,1489)* s1=PALM(457,1786) [filtered=231]
cnt=2 s0=PALM(4308,1488)* s1=PALM(453,1789) [filtered=232]
cnt=2 s0=PALM(4308,1487)* s1=PALM(449,1792) [filtered=233]
cnt=2 s0=PALM(4308,1486)* s1=PALM(445,1794) [filtered=234]
cnt=2 s0=PALM(4308,1485)* s1=PALM(441,1796) [filtered=235]
cnt=2 s0=PALM(4308,1484)* s1=PALM(438,1798) [filtered=236]
cnt=2 s0=PALM(4308,1484)* s1=PALM(436,1800) [filtered=237]
cnt=2 s0=PALM(4308,1483)* s1=PALM(433,1803) [filtered=238]
cnt=2 s0=PALM(4308,1483)* s1=PALM(430,1806) [filtered=239]
cnt=2 s0=PALM(4308,1483)* s1=PALM(428,1808) [filtered=240]
cnt=2 s0=PALM(4308,1483)* s1=PALM(425,1809) [filtered=241]
cnt=2 s0=PALM(4308,1483)* s1=PALM(422,1810) [filtered=242]
cnt=2 s0=PALM(4308,1483)* s1=PALM(420,1811) [filtered=243]
cnt=2 s0=PALM(4308,1483)* s1=PALM(419,1813) [filtered=244]
cnt=2 s0=PALM(4308,1483)* s1=PALM(418,1815) [filtered=245]
cnt=2 s0=PALM(4308,1483)* s1=PALM(417,1816) [filtered=246]
cnt=2 s0=PALM(4308,1483)* s1=PALM(415,1817) [filtered=247]
cnt=2 s0=PALM(4308,1483)* s1=PALM(414,1818) [filtered=248]
cnt=2 s0=PALM(4308,1483)* s1=PALM(413,1819) [filtered=249]
cnt=2 s0=PALM(4308,1483)* s1=PALM(412,1820) [filtered=250]
cnt=2 s0=PALM(4308,1483)* s1=PALM(410,1821) [filtered=251]
cnt=2 s0=PALM(4308,1483)* s1=PALM(409,1822) [filtered=252]
cnt=2 s0=PALM(4308,1483)* s1=PALM(408,1823) [filtered=253]
cnt=2 s0=PALM(4308,1483)* s1=PALM(406,1824) [filtered=254]
cnt=2 s0=PALM(4308,1483)* s1=PALM(404,1825) [filtered=255]
cnt=2 s0=PALM(4308,1483)* s1=PALM(403,1826) [filtered=256]
cnt=2 s0=PALM(4308,1483)* s1=PALM(401,1827) [filtered=257]
cnt=2 s0=PALM(4308,1483)* s1=PALM(399,1829) [filtered=258]
cnt=2 s0=PALM(4308,1483)* s1=PALM(398,1830) [filtered=259]
cnt=2 s0=PALM(4309,1483)* s1=PALM(397,1831) [filtered=260]
cnt=2 s0=PALM(4309,1483)* s1=PALM(395,1833) [filtered=261]
cnt=2 s0=PALM(4309,1483)* s1=PALM(394,1834) [filtered=262]
cnt=2 s0=PALM(4310,1483)* s1=PALM(394,1835) [filtered=263]
cnt=2 s0=PALM(4310,1483)* s1=PALM(394,1836) [filtered=264]
cnt=2 s0=PALM(4311,1483)* s1=PALM(393,1837) [filtered=265]
cnt=2 s0=PALM(4311,1483)* s1=PALM(393,1839) [filtered=266]
cnt=2 s0=PALM(4311,1483)* s1=PALM(393,1840) [filtered=267]
cnt=2 s0=PALM(4312,1483)* s1=PALM(393,1841) [filtered=268]
cnt=2 s0=PALM(4313,1483)* s1=PALM(394,1842) [filtered=269]
cnt=2 s0=PALM(4313,1483)* s1=PALM(394,1843) [filtered=270]
cnt=2 s0=PALM(4313,1483)* s1=PALM(394,1844) [filtered=271]
cnt=2 s0=PALM(4313,1483)* s1=PALM(394,1845) [filtered=272]
cnt=2 s0=PALM(4314,1483)* s1=PALM(395,1846) [filtered=273]
cnt=2 s0=PALM(4314,1483)* s1=PALM(395,1846) [filtered=274]
cnt=2 s0=PALM(4314,1484)* s1=PALM(396,1847) [filtered=275]
cnt=2 s0=PALM(4315,1484)* s1=PALM(397,1849) [filtered=276]
cnt=2 s0=PALM(4315,1484)* s1=PALM(398,1850) [filtered=277]
cnt=2 s0=PALM(4316,1485)* s1=PALM(399,1851) [filtered=278]
cnt=2 s0=PALM(4316,1485)* s1=PALM(400,1852) [filtered=279]
cnt=2 s0=PALM(4316,1486)* s1=PALM(402,1853) [filtered=280]
cnt=2 s0=PALM(4316,1487)* s1=PALM(405,1854) [filtered=281]
cnt=2 s0=PALM(4316,1487)* s1=PALM(407,1855) [filtered=282]
cnt=2 s0=PALM(4316,1488)* s1=PALM(410,1856) [filtered=283]
cnt=2 s0=PALM(4316,1489)* s1=PALM(412,1857) [filtered=284]
cnt=2 s0=PALM(4316,1490)* s1=PALM(416,1858) [filtered=285]
cnt=2 s0=PALM(4316,1492)* s1=PALM(421,1859) [filtered=286]
cnt=2 s0=PALM(4316,1493)* s1=PALM(425,1860) [filtered=287]
cnt=2 s0=PALM(4316,1494)* s1=PALM(430,1861) [filtered=288]
cnt=2 s0=PALM(4316,1494)* s1=PALM(434,1861) [filtered=289]
cnt=2 s0=PALM(4316,1495)* s1=PALM(439,1862) [filtered=290]
cnt=2 s0=PALM(4315,1497)* s1=PALM(444,1863) [filtered=291]
cnt=2 s0=PALM(4315,1498)* s1=PALM(448,1864) [filtered=292]
cnt=2 s0=PALM(4314,1499)* s1=PALM(453,1864) [filtered=293]
cnt=2 s0=PALM(4314,1499)* s1=PALM(457,1864) [filtered=294]
cnt=2 s0=PALM(4313,1500)* s1=PALM(463,1864) [filtered=295]
cnt=2 s0=PALM(4313,1501)* s1=PALM(468,1864) [filtered=296]
cnt=2 s0=PALM(4312,1502)* s1=PALM(475,1864) [filtered=297]
cnt=2 s0=PALM(4311,1503)* s1=fng (481,1864) [filtered=298]
cnt=2 s0=PALM(4310,1504)* s1=fng (486,1864) [filtered=299]
cnt=2 s0=PALM(4309,1505)* s1=fng (491,1864) [filtered=300]
cnt=2 s0=PALM(4308,1506)* s1=fng (496,1864) [filtered=301]
cnt=2 s0=PALM(4308,1506)* s1=fng (501,1864) [filtered=302]
cnt=2 s0=PALM(4306,1507)* s1=fng (505,1864) [filtered=303]
cnt=2 s0=PALM(4305,1508)* s1=fng (509,1864) [filtered=304]
cnt=2 s0=PALM(4304,1509)* s1=fng (513,1864) [filtered=305]
cnt=2 s0=PALM(4303,1509)* s1=fng (517,1864) [filtered=306]
cnt=2 s0=PALM(4302,1510)* s1=fng (521,1864) [filtered=307]
cnt=2 s0=PALM(4301,1510)* s1=fng (525,1864) [filtered=308]
cnt=2 s0=PALM(4300,1511)* s1=fng (528,1864) [filtered=309]
cnt=2 s0=PALM(4299,1512)* s1=fng (531,1864) [filtered=310]
cnt=2 s0=PALM(4297,1513)* s1=fng (533,1864) [filtered=311]
cnt=2 s0=PALM(4296,1513)* s1=fng (535,1864) [filtered=312]
cnt=2 s0=PALM(4295,1514)* s1=fng (537,1864) [filtered=313]
cnt=2 s0=PALM(4294,1514)* s1=fng (539,1864) [filtered=314]
cnt=2 s0=PALM(4294,1514)* s1=fng (541,1864) [filtered=315]
cnt=2 s0=PALM(4293,1514)* s1=fng (542,1864) [filtered=316]
cnt=2 s0=PALM(4292,1514)* s1=fng (543,1864) [filtered=317]
cnt=2 s0=PALM(4291,1515)* s1=fng (543,1864) [filtered=318]
cnt=2 s0=PALM(4290,1515)* s1=fng (543,1864) [filtered=319]
cnt=2 s0=PALM(4288,1515)* s1=fng (540,1864) [filtered=320]
cnt=2 s0=PALM(4286,1515)* s1=fng (537,1864) [filtered=321]
cnt=2 s0=PALM(4285,1515)* s1=fng (534,1864) [filtered=322]
cnt=2 s0=PALM(4284,1515)* s1=fng (530,1864) [filtered=323]
cnt=2 s0=PALM(4283,1515)* s1=fng (526,1864) [filtered=324]
cnt=2 s0=PALM(4282,1515)* s1=fng (521,1865) [filtered=325]
cnt=2 s0=PALM(4281,1515)* s1=fng (515,1866) [filtered=326]
cnt=2 s0=PALM(4281,1515)* s1=fng (510,1867) [filtered=327]
cnt=2 s0=PALM(4280,1515)* s1=fng (504,1869) [filtered=328]
cnt=2 s0=PALM(4279,1515)* s1=fng (497,1871) [filtered=329]
cnt=2 s0=PALM(4278,1515)* s1=fng (491,1872) [filtered=330]
cnt=2 s0=PALM(4278,1515)* s1=fng (485,1873) [filtered=331]
cnt=2 s0=PALM(4277,1514)* s1=fng (478,1874) [filtered=332]
cnt=2 s0=PALM(4277,1514)* s1=PALM(472,1875) [filtered=333]
cnt=2 s0=PALM(4277,1514)* s1=PALM(466,1876) [filtered=334]
cnt=2 s0=PALM(4277,1513)* s1=PALM(459,1876) [filtered=335]
cnt=2 s0=PALM(4277,1513)* s1=PALM(453,1876) [filtered=336]
cnt=2 s0=PALM(4277,1513)* s1=PALM(447,1876) [filtered=337]
cnt=2 s0=PALM(4277,1513)* s1=PALM(442,1876) [filtered=338]
cnt=2 s0=PALM(4278,1513)* s1=PALM(436,1876) [filtered=339]
cnt=2 s0=PALM(4279,1512)* s1=PALM(430,1876) [filtered=340]
cnt=2 s0=PALM(4279,1512)* s1=PALM(424,1876) [filtered=341]
cnt=2 s0=PALM(4280,1512)* s1=PALM(418,1876) [filtered=342]
cnt=2 s0=PALM(4281,1512)* s1=PALM(412,1875) [filtered=343]
cnt=2 s0=PALM(4281,1512)* s1=PALM(407,1875) [filtered=344]
cnt=2 s0=PALM(4282,1512)* s1=PALM(402,1874) [filtered=345]
cnt=2 s0=PALM(4283,1512)* s1=PALM(398,1872) [filtered=346]
cnt=2 s0=PALM(4283,1512)* s1=PALM(395,1871) [filtered=347]
cnt=2 s0=PALM(4284,1512)* s1=PALM(393,1869) [filtered=348]
cnt=2 s0=PALM(4285,1512)* s1=PALM(391,1868) [filtered=349]
cnt=2 s0=PALM(4286,1512)* s1=PALM(389,1866) [filtered=350]
cnt=2 s0=PALM(4286,1512)* s1=PALM(387,1865) [filtered=351]
cnt=2 s0=PALM(4287,1512)* s1=PALM(385,1863) [filtered=352]
cnt=2 s0=PALM(4288,1512)* s1=PALM(382,1861) [filtered=353]
cnt=2 s0=PALM(4288,1512)* s1=PALM(380,1860) [filtered=354]
cnt=2 s0=PALM(4289,1512)* s1=PALM(377,1858) [filtered=355]
cnt=2 s0=PALM(4289,1512)* s1=PALM(375,1857) [filtered=356]
cnt=2 s0=PALM(4289,1512)* s1=PALM(373,1855) [filtered=357]
cnt=2 s0=PALM(4289,1512)* s1=PALM(371,1854) [filtered=358]
cnt=2 s0=PALM(4290,1512)* s1=PALM(369,1852) [filtered=359]
cnt=2 s0=PALM(4290,1512)* s1=PALM(367,1850) [filtered=360]
cnt=2 s0=PALM(4290,1512)* s1=PALM(365,1849) [filtered=361]
cnt=2 s0=PALM(4291,1512)* s1=PALM(364,1848) [filtered=362]
cnt=2 s0=PALM(4291,1512)* s1=PALM(364,1847) [filtered=363]
cnt=2 s0=PALM(4291,1512)* s1=PALM(362,1846) [filtered=364]
cnt=2 s0=PALM(4291,1512)* s1=PALM(360,1845) [filtered=365]
cnt=2 s0=PALM(4291,1512)* s1=PALM(359,1844) [filtered=366]
cnt=2 s0=PALM(4291,1512)* s1=PALM(358,1843) [filtered=367]
cnt=2 s0=PALM(4291,1512)* s1=PALM(357,1842) [filtered=368]
cnt=2 s0=PALM(4292,1512)* s1=PALM(356,1841) [filtered=369]
cnt=2 s0=PALM(4293,1512)* s1=PALM(356,1841) [filtered=370]
cnt=2 s0=PALM(4293,1512)* s1=PALM(356,1841) [filtered=371]
cnt=2 s0=PALM(4293,1513)* s1=PALM(356,1841) [filtered=372]
cnt=2 s0=PALM(4293,1513)* s1=PALM(356,1841) [filtered=373]
cnt=2 s0=PALM(4294,1514)* s1=PALM(356,1841) [filtered=374]
cnt=2 s0=PALM(4294,1515)* s1=PALM(356,1841) [filtered=375]
cnt=2 s0=PALM(4294,1516)* s1=PALM(356,1841) [filtered=376]
cnt=2 s0=PALM(4294,1517)* s1=PALM(357,1841) [filtered=377]
cnt=2 s0=PALM(4294,1517)* s1=PALM(357,1841) [filtered=378]
cnt=2 s0=PALM(4294,1519)* s1=PALM(358,1842) [filtered=379]
cnt=2 s0=PALM(4294,1521)* s1=PALM(359,1843)* [filtered=380]
cnt=2 s0=PALM(4294,1522)* s1=PALM(359,1844)* [filtered=381]
cnt=2 s0=PALM(4293,1525) s1=PALM(360,1845)* [filtered=382]
cnt=2 s0=PALM(4293,1527) s1=PALM(361,1846)* [filtered=383]
cnt=2 s0=PALM(4292,1529) s1=PALM(363,1848) [filtered=384]
cnt=2 s0=PALM(4291,1532) s1=PALM(366,1852) [filtered=385]
cnt=2 s0=PALM(4290,1534) s1=PALM(368,1855) [filtered=386]
cnt=2 s0=PALM(4288,1538) s1=PALM(371,1860) [filtered=387]
cnt=2 s0=PALM(4287,1541) s1=PALM(373,1864) [filtered=388]
cnt=2 s0=PALM(4285,1546) s1=PALM(376,1871) [filtered=389]
cnt=2 s0=fng (4284,1550) s1=PALM(378,1877) [filtered=390]
cnt=2 s0=fng (4281,1556) s1=PALM(382,1886) [filtered=391]
cnt=2 s0=fng (4279,1561) s1=PALM(385,1894) [filtered=392]
cnt=2 s0=fng (4276,1568) s1=PALM(389,1904) [filtered=393]
cnt=2 s0=fng (4274,1574) s1=PALM(393,1913) [filtered=394]
cnt=2 s0=fng (4270,1580) s1=PALM(397,1923) [filtered=395]
cnt=2 s0=fng (4267,1586) s1=PALM(401,1933) [filtered=396]
cnt=2 s0=fng (4262,1593) s1=PALM(405,1945) [filtered=397]
cnt=2 s0=fng (4258,1600) s1=PALM(409,1957) [filtered=398]
cnt=2 s0=fng (4254,1607) s1=PALM(413,1969) [filtered=399]
cnt=2 s0=fng (4250,1614) s1=PALM(417,1981) [filtered=400]
cnt=3 s0=fng (4246,1620) s1=PALM(421,1993) s2=fng (1516,355) [filtered=401]
cnt=3 s0=fng (4242,1626) s1=PALM(425,2005) s2=fng (1516,355) [filtered=402]
cnt=3 s0=fng (4238,1632) s1=PALM(429,2017) s2=fng (1516,355) [filtered=403]
cnt=3 s0=fng (4234,1638) s1=PALM(433,2029) s2=fng (1523,359) [filtered=404]
cnt=3 s0=fng (4230,1644) s1=PALM(437,2041) s2=fng (1529,361) [filtered=405]
cnt=3 s0=fng (4226,1649) s1=PALM(443,2053) s2=fng (1538,365) [filtered=406]
cnt=3 s0=fng (4222,1654) s1=PALM(449,2065) s2=fng (1546,368) [filtered=407]
cnt=4 s0=fng (4218,1658) s1=PALM(455,2075) s2=fng (1556,373) s3=fng (2686,277) [filtered=408]
cnt=4 s0=fng (4214,1662) s1=PALM(461,2085) s2=fng (1565,377) s3=fng (2686,277) [filtered=409]
cnt=4 s0=fng (4210,1666) s1=PALM(467,2095) s2=fng (1574,381) s3=fng (2686,277) [filtered=410]
cnt=4 s0=fng (4206,1670) s1=PALM(474,2105) s2=fng (1583,385) s3=fng (2686,277) [filtered=411]
cnt=4 s0=fng (4202,1674) s1=PALM(481,2115) s2=fng (1592,389) s3=fng (2686,277) [filtered=412]
cnt=4 s0=fng (4198,1677) s1=PALM(488,2123) s2=fng (1601,393) s3=fng (2686,277) [filtered=413]
cnt=4 s0=fng (4194,1680) s1=PALM(495,2131) s2=fng (1610,397) s3=fng (2686,277) [filtered=414]
cnt=4 s0=fng (4190,1683) s1=PALM(502,2139) s2=fng (1619,401) s3=fng (2686,277) [filtered=415]
cnt=4 s0=fng (4186,1685) s1=PALM(509,2147) s2=fng (1627,405) s3=fng (2687,276) [filtered=416]
cnt=4 s0=fng (4182,1687) s1=PALM(516,2155) s2=fng (1635,409) s3=fng (2687,276) [filtered=417]
cnt=3 s0=fng (4179,1689) s1=PALM(523,2162) s2=fng (1642,412) [filtered=418]
cnt=3 s0=fng (4176,1691) s1=PALM(530,2169) s2=fng (1649,415) [filtered=419]
cnt=3 s0=fng (4174,1692) s1=PALM(537,2175) s2=fng (1655,417) [filtered=420]
cnt=3 s0=fng (4172,1693) s1=PALM(544,2181) s2=fng (1661,419) [filtered=421]
cnt=3 s0=fng (4170,1693) s1=PALM(550,2187) s2=fng (1667,421) [filtered=422]
cnt=3 s0=fng (4168,1693) s1=PALM(556,2193) s2=fng (1673,423) [filtered=423]
cnt=3 s0=fng (4166,1693) s1=PALM(562,2199) s2=fng (1679,425) [filtered=424]
cnt=3 s0=fng (4165,1693) s1=PALM(568,2204) s2=fng (1684,427) [filtered=425]
cnt=3 s0=fng (4164,1693) s1=PALM(574,2209) s2=fng (1689,429) [filtered=426]
cnt=3 s0=fng (4164,1693) s1=PALM(579,2213) s2=fng (1693,430) [filtered=427]
cnt=3 s0=fng (4164,1693) s1=PALM(584,2217) s2=fng (1697,431) [filtered=428]
cnt=3 s0=fng (4164,1693) s1=PALM(588,2221) s2=fng (1700,431) [filtered=429]
cnt=3 s0=fng (4164,1693) s1=PALM(592,2225) s2=fng (1703,431) [filtered=430]
cnt=3 s0=fng (4167,1693) s1=PALM(596,2228) s2=fng (1705,431) [filtered=431]
cnt=3 s0=fng (4170,1693) s1=PALM(600,2231) s2=fng (1707,431) [filtered=432]
cnt=3 s0=fng (4173,1693) s1=PALM(602,2234) s2=fng (1709,431) [filtered=433]
cnt=3 s0=fng (4176,1693) s1=PALM(604,2237) s2=fng (1711,431) [filtered=434]
cnt=3 s0=fng (4179,1693) s1=PALM(606,2239) s2=fng (1712,431) [filtered=435]
cnt=3 s0=fng (4182,1693) s1=PALM(608,2241) s2=fng (1713,431) [filtered=436]
cnt=3 s0=fng (4185,1693) s1=PALM(609,2243) s2=fng (1713,428) [filtered=437]
cnt=3 s0=fng (4188,1693) s1=PALM(610,2245) s2=fng (1713,425) [filtered=438]
cnt=3 s0=PALM(4191,1693)* s1=PALM(610,2246) s2=fng (1713,422) [filtered=439]
cnt=3 s0=PALM(4194,1693)* s1=PALM(610,2247) s2=fng (1713,419) [filtered=440]
cnt=3 s0=PALM(4197,1693)* s1=PALM(610,2248) s2=fng (1713,415) [filtered=441]
cnt=3 s0=PALM(4198,1693)* s1=PALM(610,2249) s2=fng (1713,411) [filtered=442]
cnt=3 s0=PALM(4200,1693)* s1=PALM(610,2249) s2=fng (1710,407) [filtered=443]
cnt=3 s0=PALM(4201,1693)* s1=PALM(610,2249) s2=fng (1707,404) [filtered=444]
cnt=3 s0=PALM(4202,1693)* s1=PALM(610,2249) s2=fng (1702,401) [filtered=445]
cnt=3 s0=PALM(4202,1693)* s1=PALM(610,2249) s2=fng (1697,400) [filtered=446]
cnt=3 s0=fng (4203,1690) s1=PALM(607,2249) s2=fng (1689,397) [filtered=447]
cnt=3 s0=fng (4204,1687) s1=PALM(604,2249) s2=fng (1681,395) [filtered=448]
cnt=3 s0=fng (4205,1684) s1=PALM(604,2249) s2=fng (1669,391) [filtered=449]
cnt=3 s0=fng (4205,1681) s1=PALM(604,2249) s2=fng (1657,388) [filtered=450]
cnt=3 s0=fng (4206,1681) s1=PALM(604,2249) s2=fng (1641,383) [filtered=451]
cnt=3 s0=fng (4206,1681) s1=PALM(604,2249) s2=fng (1625,379) [filtered=452]
cnt=3 s0=fng (4207,1681) s1=PALM(604,2246) s2=fng (1605,375) [filtered=453]
cnt=3 s0=fng (4207,1681) s1=PALM(604,2243) s2=fng (1586,371) [filtered=454]
cnt=3 s0=fng (4208,1681) s1=PALM(604,2240) s2=fng (1565,367) [filtered=455]
cnt=3 s0=fng (4209,1681) s1=PALM(604,2237)* s2=fng (1544,363) [filtered=456]
cnt=3 s0=fng (4210,1681) s1=PALM(601,2233) s2=fng (1522,359) [filtered=457]
cnt=3 s0=fng (4210,1681) s1=PALM(598,2229) s2=fng (1501,355) [filtered=458]
cnt=3 s0=fng (4211,1681) s1=PALM(595,2224) s2=fng (1479,352) [filtered=459]
cnt=3 s0=fng (4211,1681) s1=PALM(592,2219) s2=fng (1458,349) [filtered=460]
cnt=3 s0=fng (4211,1681) s1=PALM(588,2214) s2=fng (1438,347) [filtered=461]
cnt=3 s0=fng (4212,1681) s1=PALM(583,2208) s2=fng (1417,345) [filtered=462]
cnt=3 s0=fng (4212,1681) s1=PALM(578,2202) s2=fng (1397,343) [filtered=463]
cnt=3 s0=fng (4212,1681) s1=PALM(573,2196) s2=fng (1378,341) [filtered=464]
cnt=3 s0=fng (4212,1681) s1=PALM(568,2190) s2=fng (1359,339) [filtered=465]
cnt=3 s0=fng (4213,1681) s1=PALM(563,2184) s2=fng (1341,337) [filtered=466]
cnt=3 s0=fng (4213,1681) s1=PALM(558,2178) s2=fng (1323,335) [filtered=467]
cnt=3 s0=fng (4214,1681) s1=PALM(553,2172) s2=fng (1306,333) [filtered=468]
cnt=3 s0=PALM(4214,1681)* s1=PALM(548,2166) s2=fng (1289,331) [filtered=469]
cnt=3 s0=PALM(4214,1681)* s1=PALM(543,2160) s2=fng (1273,329) [filtered=470]
cnt=3 s0=PALM(4214,1681)* s1=PALM(538,2154) s2=fng (1257,327) [filtered=471]
cnt=3 s0=PALM(4215,1681)* s1=PALM(533,2148) s2=fng (1243,326) [filtered=472]
cnt=3 s0=PALM(4215,1681)* s1=PALM(528,2142) s2=fng (1229,325) [filtered=473]
cnt=3 s0=PALM(4215,1681)* s1=PALM(523,2136) s2=fng (1217,324) [filtered=474]
cnt=3 s0=PALM(4215,1681)* s1=PALM(518,2130) s2=fng (1205,323) [filtered=475]
cnt=3 s0=PALM(4216,1681)* s1=PALM(514,2124) s2=fng (1194,323) [filtered=476]
cnt=3 s0=PALM(4216,1681)* s1=PALM(511,2118) s2=fng (1183,323) [filtered=477]
cnt=3 s0=PALM(4216,1681)* s1=PALM(508,2112) s2=fng (1174,323) [filtered=478]
cnt=3 s0=PALM(4216,1681)* s1=PALM(506,2106) s2=fng (1165,323) [filtered=479]
cnt=3 s0=PALM(4217,1681)* s1=PALM(505,2101) s2=fng (1157,323) [filtered=480]
cnt=3 s0=PALM(4217,1681)* s1=PALM(504,2096) s2=fng (1149,323) [filtered=481]
cnt=3 s0=PALM(4217,1681)* s1=PALM(504,2091) s2=fng (1141,323) [filtered=482]
cnt=3 s0=PALM(4218,1681)* s1=PALM(503,2086) s2=fng (1135,323) [filtered=483]
cnt=3 s0=PALM(4218,1681)* s1=PALM(502,2082) s2=fng (1129,323) [filtered=484]
cnt=3 s0=PALM(4218,1681)* s1=PALM(501,2077) s2=fng (1124,323) [filtered=485]
cnt=3 s0=PALM(4218,1681)* s1=PALM(501,2074) s2=fng (1119,323) [filtered=486]
cnt=3 s0=PALM(4219,1681)* s1=PALM(501,2071) s2=fng (1115,323) [filtered=487]
cnt=3 s0=PALM(4219,1681)* s1=PALM(501,2069) s2=fng (1111,323) [filtered=488]
cnt=3 s0=PALM(4220,1681)* s1=PALM(501,2068) s2=fng (1109,323) [filtered=489]
cnt=3 s0=PALM(4220,1681)* s1=PALM(501,2067) s2=fng (1107,323) [filtered=490]
cnt=3 s0=PALM(4220,1681)* s1=PALM(501,2067) s2=fng (1105,323) [filtered=491]
cnt=3 s0=PALM(4221,1681)* s1=PALM(501,2066) s2=fng (1105,323) [filtered=492]
cnt=3 s0=PALM(4221,1681)* s1=PALM(501,2065) s2=fng (1105,323) [filtered=493]
cnt=3 s0=PALM(4222,1681)* s1=PALM(501,2064) s2=fng (1110,323) [filtered=494]
cnt=3 s0=PALM(4222,1681)* s1=PALM(501,2064) s2=fng (1115,323) [filtered=495]
cnt=3 s0=PALM(4223,1681)* s1=PALM(502,2063) s2=fng (1122,323) [filtered=496]
cnt=3 s0=PALM(4223,1681)* s1=PALM(502,2063) s2=fng (1129,323) [filtered=497]
cnt=3 s0=PALM(4223,1681)* s1=PALM(502,2063) s2=fng (1136,323) [filtered=498]
cnt=3 s0=PALM(4224,1681)* s1=PALM(504,2062) s2=fng (1145,323) [filtered=499]
cnt=3 s0=PALM(4224,1681)* s1=PALM(505,2061) s2=fng (1154,323) [filtered=500]
cnt=3 s0=PALM(4224,1681)* s1=PALM(506,2060) s2=fng (1167,323) [filtered=501]
cnt=3 s0=PALM(4224,1681)* s1=PALM(507,2060) s2=fng (1180,323) [filtered=502]
cnt=3 s0=PALM(4224,1681)* s1=PALM(509,2059) s2=fng (1196,324) [filtered=503]
cnt=3 s0=PALM(4224,1681)* s1=PALM(510,2058) s2=fng (1212,324) [filtered=504]
cnt=3 s0=PALM(4224,1681)* s1=PALM(511,2058)* s2=fng (1228,324) [filtered=505]
cnt=3 s0=PALM(4224,1681)* s1=PALM(514,2056) s2=fng (1247,321) [filtered=506]
cnt=3 s0=PALM(4224,1681)* s1=PALM(516,2055) s2=fng (1265,319) [filtered=507]
cnt=3 s0=PALM(4224,1681)* s1=PALM(520,2053) s2=fng (1287,316) [filtered=508]
cnt=3 s0=PALM(4224,1681)* s1=PALM(523,2052) s2=fng (1308,314) [filtered=509]
cnt=3 s0=PALM(4224,1681)* s1=PALM(527,2049) s2=fng (1332,310) [filtered=510]
cnt=3 s0=PALM(4224,1681)* s1=PALM(530,2047) s2=fng (1355,307) [filtered=511]
cnt=3 s0=PALM(4224,1681)* s1=PALM(533,2045) s2=fng (1377,304) [filtered=512]
cnt=3 s0=PALM(4224,1681)* s1=PALM(537,2043) s2=fng (1400,300) [filtered=513]
cnt=3 s0=PALM(4224,1681)* s1=PALM(541,2041) s2=fng (1422,296) [filtered=514]
cnt=3 s0=PALM(4224,1681)* s1=PALM(545,2039) s2=fng (1444,292) [filtered=515]
cnt=3 s0=PALM(4224,1681)* s1=PALM(549,2037) s2=fng (1466,288) [filtered=516]
cnt=3 s0=PALM(4224,1681)* s1=PALM(553,2035) s2=fng (1486,284) [filtered=517]
cnt=3 s0=PALM(4224,1681)* s1=PALM(557,2033) s2=fng (1506,280) [filtered=518]
cnt=3 s0=PALM(4224,1681)* s1=PALM(561,2031) s2=fng (1526,276) [filtered=519]
cnt=3 s0=PALM(4224,1681)* s1=PALM(565,2029) s2=fng (1544,272) [filtered=520]
cnt=3 s0=PALM(4224,1681)* s1=PALM(569,2027) s2=fng (1562,268) [filtered=521]
cnt=3 s0=PALM(4224,1681)* s1=PALM(573,2025) s2=fng (1580,264) [filtered=522]
cnt=3 s0=PALM(4224,1681)* s1=PALM(577,2022) s2=fng (1596,260) [filtered=523]
cnt=3 s0=PALM(4224,1681)* s1=PALM(581,2019) s2=fng (1612,256) [filtered=524]
cnt=3 s0=PALM(4224,1681)* s1=PALM(585,2015) s2=fng (1626,252) [filtered=525]
cnt=3 s0=PALM(4224,1681)* s1=PALM(589,2011) s2=fng (1640,248) [filtered=526]
cnt=3 s0=PALM(4224,1681)* s1=PALM(593,2007) s2=fng (1652,244) [filtered=527]
cnt=3 s0=PALM(4224,1681)* s1=PALM(597,2003) s2=fng (1664,240) [filtered=528]
cnt=3 s0=PALM(4224,1681)* s1=PALM(601,1999) s2=fng (1674,236) [filtered=529]
cnt=3 s0=PALM(4224,1681)* s1=PALM(605,1995) s2=fng (1684,232) [filtered=530]
cnt=3 s0=PALM(4224,1681)* s1=PALM(609,1991) s2=fng (1692,228) [filtered=531]
cnt=3 s0=PALM(4224,1681)* s1=PALM(613,1987) s2=fng (1700,224) [filtered=532]
cnt=3 s0=PALM(4225,1681)* s1=PALM(617,1982) s2=fng (1706,220) [filtered=533]
cnt=3 s0=PALM(4225,1681)* s1=PALM(621,1977) s2=fng (1712,216) [filtered=534]
cnt=3 s0=PALM(4225,1681)* s1=PALM(625,1972) s2=fng (1716,213) [filtered=535]
cnt=3 s0=PALM(4225,1681)* s1=PALM(629,1967) s2=fng (1720,210) [filtered=536]
cnt=3 s0=PALM(4226,1681)* s1=PALM(633,1961) s2=fng (1722,207) [filtered=537]
cnt=3 s0=PALM(4226,1681)* s1=PALM(637,1955) s2=fng (1724,204) [filtered=538]
cnt=3 s0=PALM(4226,1681)* s1=PALM(641,1949) s2=fng (1726,201) [filtered=539]
cnt=3 s0=PALM(4227,1681)* s1=PALM(644,1943) s2=fng (1726,199) [filtered=540]
cnt=3 s0=PALM(4227,1681)* s1=PALM(647,1937) s2=fng (1726,197) [filtered=541]
cnt=3 s0=PALM(4228,1681)* s1=PALM(649,1931) s2=fng (1722,195) [filtered=542]
cnt=3 s0=PALM(4228,1681)* s1=PALM(651,1925) s2=fng (1718,193) [filtered=543]
cnt=3 s0=PALM(4229,1681)* s1=PALM(653,1918) s2=fng (1712,191) [filtered=544]
cnt=3 s0=PALM(4229,1681)* s1=PALM(655,1911) s2=fng (1706,189) [filtered=545]
cnt=3 s0=PALM(4230,1681)* s1=PALM(657,1904) s2=fng (1697,187) [filtered=546]
cnt=3 s0=PALM(4230,1681)* s1=fng (659,1897) s2=fng (1688,185) [filtered=547]
cnt=3 s0=PALM(4231,1681)* s1=fng (661,1890) s2=fng (1676,183) [filtered=548]
cnt=3 s0=PALM(4231,1681)* s1=fng (663,1883) s2=fng (1664,181) [filtered=549]
cnt=3 s0=PALM(4232,1681)* s1=fng (663,1876) s2=fng (1649,179) [filtered=550]
cnt=3 s0=PALM(4232,1681)* s1=fng (663,1869) s2=fng (1634,177) [filtered=551]
cnt=3 s0=PALM(4233,1681)* s1=fng (663,1862) s2=fng (1616,176) [filtered=552]
cnt=3 s0=PALM(4233,1681)* s1=fng (663,1855) s2=fng (1598,175) [filtered=553]
cnt=3 s0=fng (4234,1678) s1=fng (663,1849) s2=fng (1578,174) [filtered=553]
cnt=3 s0=fng (4235,1675) s1=fng (663,1843) s2=fng (1558,173) [filtered=553]
cnt=3 s0=fng (4236,1672) s1=fng (660,1837) s2=fng (1535,173) [filtered=553]
cnt=3 s0=fng (4237,1669) s1=fng (657,1831) s2=fng (1512,173) [filtered=553]
cnt=3 s0=fng (4238,1666) s1=fng (653,1825) s2=fng (1485,173) [filtered=553]
cnt=3 s0=fng (4239,1662) s1=fng (648,1819) s2=fng (1457,173) [filtered=553]
cnt=3 s0=fng (4240,1658) s1=fng (643,1813) s2=fng (1430,173) [filtered=553]
cnt=3 s0=fng (4241,1654) s1=fng (637,1807) s2=fng (1402,173) [filtered=553]
cnt=3 s0=fng (4242,1650) s1=fng (631,1801) s2=fng (1375,173) [filtered=553]
cnt=3 s0=fng (4243,1646) s1=fng (624,1796) s2=fng (1349,173) [filtered=553]
cnt=3 s0=fng (4244,1642) s1=fng (617,1791) s2=fng (1324,173) [filtered=553]
cnt=3 s0=fng (4245,1637) s1=fng (611,1786) s2=fng (1299,173) [filtered=553]
cnt=3 s0=fng (4246,1634) s1=fng (606,1781) s2=fng (1275,173) [filtered=553]
cnt=3 s0=fng (4248,1631) s1=fng (599,1777) s2=fng (1253,176) [filtered=553]
cnt=3 s0=fng (4249,1629) s1=fng (593,1773) s2=fng (1231,179) [filtered=553]
cnt=3 s0=fng (4250,1626) s1=fng (587,1769) s2=fng (1210,182) [filtered=553]
cnt=3 s0=fng (4251,1624) s1=fng (582,1765) s2=fng (1190,185) [filtered=553]
cnt=3 s0=fng (4252,1622) s1=fng (575,1761) s2=fng (1171,188) [filtered=553]
cnt=3 s0=fng (4253,1620) s1=fng (569,1757) s2=fng (1153,191) [filtered=553]
cnt=3 s0=fng (4254,1618) s1=fng (563,1754) s2=fng (1137,194) [filtered=553]
cnt=3 s0=fng (4255,1616) s1=fng (557,1751) s2=fng (1121,197) [filtered=553]
cnt=3 s0=fng (4257,1614) s1=fng (551,1749) s2=fng (1107,200) [filtered=553]
cnt=3 s0=fng (4258,1612) s1=fng (545,1747) s2=fng (1093,203) [filtered=553]
cnt=3 s0=fng (4259,1611) s1=fng (539,1746) s2=fng (1081,203) [filtered=553]
cnt=3 s0=fng (4260,1610) s1=fng (533,1745) s2=fng (1069,203) [filtered=553]
cnt=3 s0=fng (4261,1609) s1=fng (526,1745) s2=fng (1059,203) [filtered=553]
cnt=3 s0=fng (4263,1610) s1=fng (518,1745) s2=fng (1051,203) [filtered=553]
cnt=3 s0=fng (4264,1610) s1=fng (511,1745) s2=fng (1043,203) [filtered=553]
cnt=3 s0=fng (4266,1609) s1=fng (503,1749) s2=fng (1039,203) [filtered=553]
cnt=3 s0=fng (4267,1608) s1=fng (495,1753) s2=fng (1035,203) [filtered=553]
cnt=3 s0=fng (4269,1608) s1=fng (486,1758) s2=fng (1034,203) [filtered=553]
cnt=3 s0=fng (4270,1608) s1=fng (477,1763) s2=fng (1033,203) [filtered=553]
cnt=3 s0=fng (4272,1608) s1=PALM(467,1770) s2=fng (1038,203) [filtered=554]
cnt=3 s0=fng (4273,1608) s1=PALM(457,1777) s2=fng (1043,203) [filtered=555]
cnt=3 s0=fng (4275,1608) s1=PALM(447,1786) s2=fng (1050,206) [filtered=556]
cnt=3 s0=fng (4276,1608) s1=PALM(437,1795) s2=fng (1057,209) [filtered=557]
cnt=3 s0=fng (4278,1609) s1=PALM(427,1804) s2=fng (1066,212) [filtered=558]
cnt=3 s0=fng (4279,1610) s1=PALM(417,1813) s2=fng (1075,215) [filtered=559]
cnt=3 s0=fng (4281,1611) s1=PALM(408,1824) s2=fng (1088,218) [filtered=560]
cnt=3 s0=fng (4282,1611) s1=PALM(399,1834) s2=fng (1100,220) [filtered=561]
cnt=3 s0=fng (4284,1613) s1=PALM(391,1844) s2=fng (1115,223) [filtered=562]
cnt=3 s0=PALM(4287,1615) s1=PALM(385,1854) s2=fng (1133,229) [filtered=563]
cnt=3 s0=PALM(4289,1616) s1=PALM(379,1863) s2=fng (1151,234) [filtered=564]
cnt=3 s0=PALM(4290,1619) s1=PALM(375,1872) s2=fng (1172,239) [filtered=565]
cnt=3 s0=PALM(4291,1621) s1=PALM(371,1880) s2=fng (1192,243) [filtered=566]
cnt=3 s0=PALM(4293,1623) s1=PALM(369,1887) s2=fng (1215,250) [filtered=567]
cnt=3 s0=PALM(4294,1625) s1=PALM(367,1894) s2=fng (1238,256) [filtered=568]
cnt=3 s0=PALM(4295,1627) s1=PALM(365,1901) s2=fng (1261,262) [filtered=569]
cnt=3 s0=PALM(4296,1629) s1=PALM(363,1907) s2=fng (1284,268) [filtered=570]
cnt=3 s0=PALM(4298,1631) s1=PALM(363,1914) s2=fng (1307,274) [filtered=571]
cnt=3 s0=PALM(4299,1633) s1=PALM(363,1920) s2=fng (1329,280) [filtered=572]
cnt=3 s0=PALM(4300,1635) s1=PALM(363,1926) s2=fng (1352,286) [filtered=573]
cnt=3 s0=PALM(4301,1637) s1=PALM(363,1932) s2=fng (1374,292) [filtered=574]
cnt=3 s0=PALM(4302,1638) s1=PALM(363,1937) s2=fng (1396,298) [filtered=575]
cnt=3 s0=PALM(4303,1639) s1=PALM(363,1942) s2=fng (1418,304) [filtered=576]
cnt=3 s0=PALM(4304,1638) s1=PALM(363,1946) s2=fng (1439,309) [filtered=577]
cnt=3 s0=PALM(4305,1638) s1=PALM(363,1950) s2=fng (1460,314) [filtered=578]
cnt=3 s0=PALM(4306,1639) s1=PALM(363,1954) s2=fng (1480,319) [filtered=579]
cnt=3 s0=PALM(4307,1640) s1=PALM(363,1958) s2=fng (1500,324) [filtered=580]
cnt=3 s0=PALM(4308,1641) s1=PALM(363,1962) s2=fng (1520,328) [filtered=581]
cnt=3 s0=PALM(4309,1641) s1=PALM(363,1966) s2=fng (1540,332) [filtered=582]
cnt=3 s0=PALM(4310,1642) s1=PALM(366,1969) s2=fng (1558,336) [filtered=583]
cnt=3 s0=PALM(4311,1643) s1=PALM(369,1972) s2=fng (1576,340) [filtered=584]
cnt=3 s0=PALM(4312,1644) s1=PALM(372,1974) s2=fng (1593,343) [filtered=585]
cnt=3 s0=PALM(4313,1645) s1=PALM(375,1976) s2=fng (1610,346) [filtered=586]
cnt=3 s0=PALM(4315,1646) s1=PALM(378,1978) s2=fng (1626,348) [filtered=587]
cnt=3 s0=PALM(4316,1646) s1=PALM(381,1980) s2=fng (1642,350) [filtered=588]
cnt=3 s0=PALM(4317,1647) s1=PALM(381,1982) s2=fng (1656,352) [filtered=589]
cnt=3 s0=PALM(4317,1647) s1=PALM(381,1984) s2=fng (1670,354) [filtered=590]
cnt=3 s0=PALM(4318,1648)* s1=PALM(381,1986) s2=fng (1683,355) [filtered=591]
cnt=3 s0=PALM(4319,1648)* s1=PALM(381,1988) s2=fng (1696,356) [filtered=592]
cnt=3 s0=PALM(4320,1649)* s1=PALM(381,1989) s2=fng (1708,356) [filtered=593]
cnt=3 s0=PALM(4321,1649)* s1=PALM(381,1990) s2=fng (1720,356) [filtered=594]
cnt=3 s0=PALM(4322,1650)* s1=PALM(381,1991) s2=fng (1730,356) [filtered=595]
cnt=3 s0=PALM(4323,1651)* s1=PALM(381,1991) s2=fng (1738,356) [filtered=596]
cnt=3 s0=PALM(4323,1652)* s1=PALM(381,1991) s2=fng (1746,356) [filtered=597]
cnt=3 s0=PALM(4324,1653)* s1=PALM(381,1991) s2=fng (1754,356) [filtered=598]
cnt=3 s0=PALM(4324,1653)* s1=PALM(381,1991) s2=fng (1762,356) [filtered=599]
cnt=3 s0=PALM(4324,1653)* s1=PALM(381,1991) s2=fng (1768,356) [filtered=600]
cnt=3 s0=PALM(4324,1653)* s1=PALM(381,1991) s2=fng (1774,356) [filtered=601]
cnt=3 s0=PALM(4324,1654)* s1=PALM(381,1991) s2=fng (1779,356) [filtered=602]
cnt=3 s0=PALM(4324,1654)* s1=PALM(381,1991) s2=fng (1784,356) [filtered=603]
cnt=3 s0=PALM(4324,1654)* s1=PALM(381,1991) s2=fng (1788,356) [filtered=604]
cnt=3 s0=PALM(4324,1655)* s1=PALM(381,1991) s2=fng (1792,353) [filtered=605]
cnt=3 s0=PALM(4324,1655)* s1=PALM(381,1991) s2=fng (1796,350) [filtered=606]
cnt=3 s0=PALM(4324,1655)* s1=PALM(381,1991) s2=fng (1799,347) [filtered=607]
cnt=3 s0=PALM(4324,1655)* s1=PALM(381,1991)* s2=fng (1802,344) [filtered=608]
cnt=3 s0=PALM(4324,1655)* s1=PALM(381,1991)* s2=fng (1804,341) [filtered=609]
cnt=3 s0=PALM(4324,1655)* s1=PALM(381,1991)* s2=fng (1806,338) [filtered=610]
cnt=3 s0=PALM(4323,1655)* s1=PALM(381,1991)* s2=fng (1808,334) [filtered=611]
cnt=3 s0=PALM(4323,1655)* s1=PALM(381,1991)* s2=fng (1810,330) [filtered=612]
cnt=3 s0=PALM(4322,1655)* s1=PALM(381,1991)* s2=fng (1811,326) [filtered=613]
cnt=3 s0=PALM(4322,1655)* s1=PALM(381,1991)* s2=fng (1812,322) [filtered=614]
cnt=3 s0=PALM(4322,1655)* s1=PALM(381,1991)* s2=fng (1812,319) [filtered=615]
cnt=3 s0=PALM(4321,1654)* s1=PALM(381,1991)* s2=fng (1812,316) [filtered=616]
cnt=3 s0=PALM(4321,1654)* s1=PALM(381,1991)* s2=fng (1812,314) [filtered=617]
cnt=3 s0=PALM(4321,1654)* s1=PALM(381,1991)* s2=fng (1812,311) [filtered=618]
cnt=3 s0=PALM(4321,1654)* s1=PALM(381,1991)* s2=fng (1812,309) [filtered=619]
cnt=3 s0=PALM(4320,1653)* s1=PALM(381,1991)* s2=fng (1812,307) [filtered=620]
cnt=3 s0=PALM(4320,1653)* s1=PALM(381,1991)* s2=fng (1812,305) [filtered=621]
cnt=3 s0=PALM(4320,1653)* s1=PALM(381,1991)* s2=fng (1809,304) [filtered=622]
cnt=3 s0=PALM(4320,1653)* s1=PALM(381,1991)* s2=fng (1806,304) [filtered=623]
cnt=3 s0=PALM(4319,1652)* s1=PALM(381,1991)* s2=fng (1803,303) [filtered=624]
cnt=3 s0=PALM(4318,1652)* s1=PALM(381,1991)* s2=fng (1799,301) [filtered=625]
cnt=3 s0=PALM(4318,1652)* s1=PALM(381,1991)* s2=fng (1795,300) [filtered=626]
cnt=3 s0=PALM(4318,1651)* s1=PALM(381,1991)* s2=fng (1791,298) [filtered=627]
cnt=3 s0=PALM(4318,1651)* s1=PALM(381,1991)* s2=fng (1787,297) [filtered=628]
cnt=3 s0=PALM(4317,1650)* s1=PALM(381,1991)* s2=fng (1782,296) [filtered=629]
cnt=3 s0=PALM(4317,1650)* s1=PALM(381,1991)* s2=fng (1777,295) [filtered=630]
cnt=3 s0=PALM(4317,1650)* s1=PALM(381,1991)* s2=fng (1772,293) [filtered=631]
cnt=3 s0=PALM(4317,1650)* s1=PALM(381,1991)* s2=fng (1767,292) [filtered=632]
cnt=3 s0=PALM(4317,1649)* s1=PALM(381,1988)* s2=fng (1761,289) [filtered=633]
cnt=3 s0=PALM(4317,1649)* s1=PALM(381,1985)* s2=fng (1755,287) [filtered=634]
cnt=3 s0=PALM(4317,1649)* s1=PALM(381,1982)* s2=fng (1748,285) [filtered=635]
cnt=3 s0=PALM(4317,1649)* s1=PALM(381,1979)* s2=fng (1741,283) [filtered=636]
cnt=3 s0=PALM(4317,1648)* s1=PALM(381,1976)* s2=fng (1734,281) [filtered=637]
cnt=3 s0=PALM(4317,1648)* s1=PALM(381,1974)* s2=fng (1727,278) [filtered=638]
cnt=3 s0=PALM(4317,1648)* s1=PALM(381,1974)* s2=fng (1720,276) [filtered=639]
cnt=3 s0=PALM(4317,1647)* s1=PALM(381,1972)* s2=fng (1712,274) [filtered=640]
cnt=3 s0=PALM(4317,1647)* s1=PALM(381,1971)* s2=fng (1704,272) [filtered=641]
cnt=3 s0=PALM(4317,1646)* s1=PALM(381,1969)* s2=fng (1696,270) [filtered=642]
cnt=3 s0=PALM(4317,1646)* s1=PALM(381,1968)* s2=fng (1688,268) [filtered=643]
cnt=3 s0=PALM(4317,1646)* s1=PALM(381,1967)* s2=fng (1680,265) [filtered=644]
cnt=3 s0=PALM(4317,1646)* s1=PALM(381,1966)* s2=fng (1672,263) [filtered=645]
cnt=3 s0=PALM(4317,1646)* s1=PALM(381,1964)* s2=fng (1664,261) [filtered=646]
cnt=3 s0=PALM(4317,1646)* s1=PALM(381,1963)* s2=fng (1656,259) [filtered=647]
cnt=3 s0=PALM(4317,1645)* s1=PALM(381,1962)* s2=fng (1648,257) [filtered=648]
cnt=3 s0=PALM(4317,1645)* s1=PALM(381,1961)* s2=fng (1640,255) [filtered=649]
cnt=3 s0=PALM(4317,1645)* s1=PALM(381,1960)* s2=fng (1632,253) [filtered=650]
cnt=3 s0=PALM(4317,1644)* s1=PALM(381,1958)* s2=fng (1625,250) [filtered=651]
cnt=3 s0=PALM(4317,1644)* s1=PALM(381,1957)* s2=fng (1618,248) [filtered=652]
cnt=3 s0=PALM(4317,1644)* s1=PALM(381,1955)* s2=fng (1611,245) [filtered=653]
cnt=3 s0=PALM(4317,1644)* s1=PALM(381,1954)* s2=fng (1604,243) [filtered=654]
cnt=3 s0=PALM(4317,1643)* s1=PALM(382,1953)* s2=fng (1598,242) [filtered=655]
cnt=3 s0=PALM(4317,1643)* s1=PALM(382,1952)* s2=fng (1592,242) [filtered=656]
cnt=3 s0=PALM(4317,1642)* s1=PALM(381,1951)* s2=fng (1586,240) [filtered=657]
cnt=3 s0=PALM(4317,1642)* s1=PALM(381,1950)* s2=fng (1581,239) [filtered=658]
cnt=3 s0=PALM(4317,1642)* s1=PALM(380,1948)* s2=fng (1577,237) [filtered=659]
cnt=3 s0=PALM(4317,1641)* s1=PALM(378,1946) s2=fng (1573,235) [filtered=660]
cnt=3 s0=PALM(4317,1641)* s1=PALM(377,1945) s2=fng (1570,234) [filtered=661]
cnt=3 s0=PALM(4318,1641)* s1=PALM(375,1944) s2=fng (1567,233) [filtered=662]
cnt=3 s0=PALM(4318,1641)* s1=PALM(374,1943) s2=fng (1565,232) [filtered=663]
cnt=3 s0=PALM(4318,1640)* s1=PALM(372,1941) s2=fng (1563,231) [filtered=664]
cnt=3 s0=PALM(4318,1640)* s1=PALM(371,1940) s2=fng (1561,230) [filtered=665]
cnt=3 s0=PALM(4318,1640)* s1=PALM(368,1939) s2=fng (1560,228) [filtered=666]
cnt=3 s0=PALM(4318,1639)* s1=PALM(365,1938) s2=fng (1559,226) [filtered=667]
cnt=3 s0=PALM(4318,1639)* s1=PALM(363,1937) s2=fng (1558,225) [filtered=668]
cnt=3 s0=PALM(4318,1638)* s1=PALM(360,1936) s2=fng (1556,223) [filtered=669]
cnt=3 s0=PALM(4318,1638)* s1=PALM(358,1935) s2=fng (1555,222) [filtered=670]
cnt=3 s0=PALM(4318,1638)* s1=PALM(355,1934) s2=fng (1554,220) [filtered=671]
cnt=3 s0=PALM(4318,1638)* s1=PALM(353,1934) s2=fng (1554,219) [filtered=672]
cnt=3 s0=PALM(4318,1637)* s1=PALM(351,1933) s2=fng (1553,217) [filtered=673]
cnt=3 s0=PALM(4318,1637)* s1=PALM(348,1932) s2=fng (1551,215) [filtered=674]
cnt=3 s0=PALM(4318,1637)* s1=PALM(346,1931) s2=fng (1550,214) [filtered=675]
cnt=3 s0=PALM(4318,1636)* s1=PALM(344,1930) s2=fng (1549,212) [filtered=676]
cnt=3 s0=PALM(4318,1636)* s1=PALM(342,1929) s2=fng (1549,211) [filtered=677]
cnt=3 s0=PALM(4318,1635)* s1=PALM(341,1928) s2=fng (1548,210) [filtered=678]
cnt=3 s0=PALM(4318,1635)* s1=PALM(341,1928) s2=fng (1548,209) [filtered=679]
cnt=3 s0=PALM(4318,1635)* s1=PALM(340,1927) s2=fng (1547,207) [filtered=680]
cnt=3 s0=PALM(4318,1634)* s1=PALM(340,1927) s2=fng (1546,205) [filtered=681]
cnt=2 s0=PALM(4318,1634)* s2=fng (1546,205) [filtered=682]
cnt=2 s0=PALM(4318,1634)* s2=fng (1546,204) [filtered=683]
cnt=2 s0=PALM(4318,1634)* s2=fng (1545,203) [filtered=684]
cnt=2 s0=PALM(4318,1633)* s2=fng (1544,201) [filtered=685]
cnt=2 s0=PALM(4318,1633)* s2=fng (1544,200) [filtered=686]
cnt=2 s0=PALM(4318,1633)* s2=fng (1543,199) [filtered=687]
cnt=2 s0=PALM(4318,1632)* s2=fng (1543,197) [filtered=688]
cnt=2 s0=PALM(4318,1632)* s2=fng (1543,196) [filtered=689]
cnt=2 s0=PALM(4318,1631)* s2=fng (1542,195) [filtered=690]
cnt=2 s0=PALM(4318,1631)* s2=fng (1542,194) [filtered=691]
cnt=2 s0=PALM(4318,1631)* s2=fng (1542,194) [filtered=692]
cnt=2 s0=PALM(4318,1631)* s2=fng (1542,193) [filtered=693]
cnt=2 s0=PALM(4318,1631)* s2=fng (1542,192) [filtered=694]
cnt=2 s0=PALM(4318,1631)* s2=PALM(1542,191)* [filtered=695]
cnt=2 s0=PALM(4318,1631)* s2=PALM(1541,191)* [filtered=696]
cnt=2 s0=PALM(4318,1631)* s2=PALM(1541,190)* [filtered=697]
cnt=2 s0=PALM(4318,1631)* s2=PALM(1541,190)* [filtered=698]
cnt=2 s0=PALM(4318,1631)* s2=PALM(1540,189)* [filtered=699]
cnt=2 s0=PALM(4318,1631)* s2=PALM(1539,188)* [filtered=700]
cnt=2 s0=PALM(4318,1631)* s2=PALM(1539,187)* [filtered=701]
cnt=2 s0=PALM(4318,1631)* s2=PALM(1539,186)* [filtered=702]
cnt=2 s0=PALM(4318,1631)* s2=PALM(1538,185)* [filtered=703]
cnt=2 s0=PALM(4318,1631)* s2=PALM(1538,185)* [filtered=704]
cnt=2 s0=PALM(4318,1631)* s2=PALM(1538,184)* [filtered=705]
cnt=2 s0=PALM(4318,1630)* s2=PALM(1537,182)* [filtered=706]
cnt=2 s0=PALM(4318,1630)* s2=PALM(1537,181)* [filtered=707]
cnt=2 s0=PALM(4318,1630)* s2=PALM(1537,180)* [filtered=708]
cnt=2 s0=PALM(4318,1629)* s2=PALM(1536,178)* [filtered=709]
cnt=2 s0=PALM(4318,1629)* s2=PALM(1536,177)* [filtered=710]
cnt=2 s0=PALM(4318,1629)* s2=PALM(1536,175)* [filtered=711]
cnt=2 s0=PALM(4318,1628)* s2=PALM(1535,173)* [filtered=712]
cnt=2 s0=PALM(4318,1628)* s2=PALM(1535,172)* [filtered=713]
cnt=2 s0=PALM(4318,1627)* s2=PALM(1534,171)* [filtered=714]
cnt=2 s0=PALM(4318,1626)* s2=PALM(1534,169)* [filtered=715]
cnt=2 s0=PALM(4318,1625)* s2=PALM(1534,168)* [filtered=716]
cnt=2 s0=PALM(4318,1624)* s2=PALM(1533,166)* [filtered=717]
cnt=2 s0=PALM(4318,1622)* s2=fng (1533,162) [filtered=718]
cnt=2 s0=PALM(4318,1621)* s2=fng (1533,159) [filtered=719]
cnt=2 s0=PALM(4318,1619)* s2=fng (1533,156) [filtered=720]
cnt=2 s0=PALM(4317,1616) s2=fng (1533,153) [filtered=721]
cnt=2 s0=PALM(4317,1614) s2=fng (1533,150) [filtered=722]
cnt=2 s0=PALM(4316,1611) s2=fng (1533,147) [filtered=723]
cnt=2 s0=PALM(4315,1608) s2=fng (1534,143) [filtered=724]
cnt=2 s0=PALM(4314,1605) s2=fng (1534,140) [filtered=725]
cnt=2 s0=PALM(4313,1601) s2=fng (1534,136) [filtered=726]
cnt=2 s0=PALM(4311,1597) s2=fng (1535,133) [filtered=727]
cnt=2 s0=PALM(4308,1592) s2=fng (1536,129) [filtered=728]
cnt=2 s0=PALM(4306,1588) s2=fng (1537,125) [filtered=729]
cnt=2 s0=PALM(4303,1583) s2=fng (1538,121) [filtered=730]
cnt=2 s0=PALM(4300,1578) s2=fng (1540,117) [filtered=731]
cnt=2 s0=PALM(4298,1574) s2=fng (1541,114) [filtered=732]
cnt=2 s0=PALM(4295,1569) s2=fng (1543,110) [filtered=733]
cnt=2 s0=PALM(4292,1565) s2=fng (1546,106) [filtered=734]
cnt=2 s0=PALM(4288,1561) s2=fng (1550,102) [filtered=735]
cnt=2 s0=PALM(4286,1558) s2=fng (1553,98) [filtered=736]
cnt=2 s0=fng (4283,1554) s2=fng (1557,94) [filtered=736]
cnt=2 s0=fng (4280,1550) s2=fng (1561,90) [filtered=736]
cnt=2 s0=fng (4278,1547) s2=fng (1564,87) [filtered=736]
cnt=2 s0=fng (4275,1545) s2=fng (1567,84) [filtered=736]
cnt=2 s0=fng (4272,1543) s2=fng (1571,81) [filtered=736]
cnt=2 s0=fng (4270,1541) s2=fng (1574,78) [filtered=736]
cnt=3 s0=fng (4267,1540) s1=fng (630,1582) s2=fng (1578,76) [filtered=736]
cnt=3 s0=fng (4265,1540) s1=fng (630,1582) s2=fng (1581,74) [filtered=736]
cnt=3 s0=fng (4262,1538) s1=fng (630,1582) s2=fng (1586,72) [filtered=736]
cnt=3 s0=fng (4260,1537) s1=fng (630,1582) s2=fng (1590,70) [filtered=736]
cnt=3 s0=fng (4258,1536) s1=fng (631,1582) s2=fng (1594,68) [filtered=736]
cnt=3 s0=fng (4256,1536) s1=fng (632,1582) s2=fng (1598,66) [filtered=736]
cnt=3 s0=fng (4253,1535) s1=fng (633,1582) s2=fng (1603,64) [filtered=736]
cnt=3 s0=fng (4251,1535) s1=fng (634,1582) s2=fng (1608,62) [filtered=736]
cnt=3 s0=fng (4249,1534) s1=fng (636,1582) s2=fng (1613,61) [filtered=736]
cnt=3 s0=fng (4247,1534) s1=fng (637,1582) s2=fng (1618,60) [filtered=736]
cnt=3 s0=fng (4245,1534) s1=fng (637,1582) s2=fng (1623,60) [filtered=736]
cnt=3 s0=fng (4243,1534) s1=fng (637,1582) s2=fng (1628,60) [filtered=736]
cnt=3 s0=fng (4241,1534) s1=fng (637,1582) s2=fng (1633,60) [filtered=736]
cnt=3 s0=fng (4239,1534) s1=fng (637,1582) s2=fng (1638,60) [filtered=736]
cnt=3 s0=fng (4237,1534) s1=fng (637,1582) s2=fng (1642,60) [filtered=736]
cnt=3 s0=fng (4235,1534) s1=fng (637,1582) s2=fng (1646,60) [filtered=736]
cnt=3 s0=fng (4233,1534) s1=fng (637,1582) s2=fng (1650,60) [filtered=736]
cnt=3 s0=fng (4231,1534) s1=fng (637,1582) s2=fng (1654,60) [filtered=736]
cnt=3 s0=fng (4230,1534) s1=fng (637,1582) s2=fng (1658,60) [filtered=736]
cnt=3 s0=fng (4229,1534) s1=fng (637,1582) s2=fng (1662,60) [filtered=736]
cnt=3 s0=fng (4230,1534) s1=PALM(637,1582)* s2=fng (1666,63) [filtered=737]
cnt=3 s0=fng (4230,1534) s1=PALM(637,1582)* s2=fng (1670,66) [filtered=738]
cnt=3 s0=fng (4229,1534) s1=PALM(637,1582)* s2=fng (1673,68) [filtered=739]
cnt=3 s0=fng (4228,1534) s1=PALM(637,1582)* s2=fng (1676,68) [filtered=740]
cnt=3 s0=fng (4227,1534) s1=PALM(637,1582)* s2=fng (1679,69) [filtered=741]
cnt=3 s0=fng (4227,1534) s1=PALM(637,1582)* s2=fng (1682,70) [filtered=742]
cnt=3 s0=PALM(4226,1534)* s1=PALM(637,1582)* s2=fng (1684,71) [filtered=743]
cnt=3 s0=PALM(4226,1534)* s1=PALM(637,1582)* s2=fng (1686,72) [filtered=744]
cnt=3 s0=PALM(4225,1534)* s1=PALM(637,1582)* s2=fng (1688,73) [filtered=745]
cnt=3 s0=PALM(4225,1534)* s1=PALM(637,1582)* s2=fng (1690,74) [filtered=746]
cnt=3 s0=PALM(4225,1534)* s1=PALM(637,1582)* s2=fng (1692,74) [filtered=747]
cnt=3 s0=PALM(4225,1534)* s1=PALM(637,1582)* s2=fng (1694,75) [filtered=748]
cnt=3 s0=PALM(4225,1534)* s1=PALM(637,1582)* s2=fng (1696,76) [filtered=749]
cnt=3 s0=PALM(4225,1534)* s1=PALM(637,1582)* s2=fng (1697,77) [filtered=750]
cnt=3 s0=PALM(4225,1534)* s1=PALM(637,1582)* s2=fng (1698,77) [filtered=751]
cnt=3 s0=PALM(4225,1534)* s1=PALM(637,1582)* s2=fng (1699,78) [filtered=752]
cnt=3 s0=PALM(4225,1534)* s1=PALM(637,1582)* s2=fng (1700,78) [filtered=753]
cnt=3 s0=PALM(4225,1534)* s1=PALM(637,1582)* s2=fng (1700,79) [filtered=754]
cnt=3 s0=PALM(4225,1534)* s1=PALM(637,1582)* s2=fng (1700,79) [filtered=755]
cnt=3 s0=PALM(4225,1534)* s1=PALM(637,1582)* s2=fng (1700,79) [filtered=756]
cnt=3 s0=PALM(4225,1534)* s1=PALM(637,1582)* s2=fng (1700,79) [filtered=757]
cnt=3 s0=PALM(4226,1534)* s1=PALM(637,1582)* s2=fng (1700,79) [filtered=758]
cnt=3 s0=PALM(4226,1534)* s1=PALM(637,1582)* s2=fng (1700,79) [filtered=759]
cnt=3 s0=PALM(4227,1534)* s1=PALM(637,1582)* s2=fng (1697,79) [filtered=760]
cnt=3 s0=PALM(4227,1534)* s1=PALM(637,1582)* s2=fng (1694,79) [filtered=761]
cnt=3 s0=PALM(4228,1534)* s1=PALM(637,1582)* s2=PALM(1691,79)* [filtered=762]
cnt=3 s0=PALM(4228,1534)* s1=PALM(637,1582)* s2=PALM(1688,79)* [filtered=763]
cnt=3 s0=PALM(4229,1534)* s1=PALM(637,1582)* s2=fng (1684,79) [filtered=764]
cnt=3 s0=PALM(4229,1534)* s1=PALM(637,1582)* s2=fng (1680,79) [filtered=765]
cnt=3 s0=PALM(4230,1535)* s1=PALM(637,1582)* s2=fng (1675,79) [filtered=766]
cnt=3 s0=PALM(4230,1535)* s1=PALM(637,1582)* s2=fng (1671,79) [filtered=767]
cnt=3 s0=PALM(4231,1535)* s1=PALM(637,1582)* s2=fng (1665,79) [filtered=768]
cnt=3 s0=PALM(4231,1535)* s1=PALM(637,1582)* s2=fng (1660,79) [filtered=769]
cnt=3 s0=PALM(4232,1536)* s1=PALM(637,1582)* s2=fng (1654,79) [filtered=770]
cnt=3 s0=PALM(4232,1536)* s1=PALM(637,1582)* s2=fng (1649,79) [filtered=771]
cnt=3 s0=PALM(4233,1536)* s1=PALM(637,1582)* s2=fng (1641,79) [filtered=772]
cnt=3 s0=PALM(4234,1536)* s1=PALM(637,1582)* s2=fng (1634,79) [filtered=773]
cnt=3 s0=PALM(4235,1537)* s1=PALM(637,1582)* s2=fng (1625,79) [filtered=774]
cnt=3 s0=PALM(4236,1537)* s1=PALM(637,1582)* s2=fng (1614,79) [filtered=775]
cnt=3 s0=PALM(4237,1537)* s1=PALM(637,1582)* s2=fng (1604,79) [filtered=776]
cnt=3 s0=PALM(4238,1537)* s1=PALM(637,1582)* s2=fng (1593,79) [filtered=777]
cnt=3 s0=PALM(4239,1537)* s1=PALM(637,1582)* s2=fng (1583,79) [filtered=778]
cnt=3 s0=PALM(4240,1537)* s1=PALM(637,1582)* s2=fng (1570,79) [filtered=779]
cnt=3 s0=PALM(4241,1537)* s1=PALM(637,1582)* s2=fng (1558,79) [filtered=780]
cnt=3 s0=PALM(4242,1537)* s1=PALM(637,1582)* s2=fng (1545,79) [filtered=781]
cnt=3 s0=PALM(4242,1537)* s1=PALM(637,1582)* s2=fng (1532,79) [filtered=782]
cnt=3 s0=PALM(4243,1537)* s1=PALM(637,1582)* s2=fng (1518,79) [filtered=783]
cnt=3 s0=PALM(4244,1537)* s1=PALM(637,1582)* s2=fng (1504,79) [filtered=784]
cnt=3 s0=PALM(4245,1537)* s1=PALM(637,1582)* s2=fng (1490,79) [filtered=785]
cnt=3 s0=PALM(4247,1537)* s1=fng (633,1586) s2=fng (1476,78) [filtered=786]
cnt=3 s0=PALM(4248,1537)* s1=fng (631,1588) s2=fng (1462,78) [filtered=787]
cnt=3 s0=PALM(4249,1536)* s1=fng (627,1591) s2=fng (1448,77) [filtered=788]
cnt=3 s0=PALM(4250,1536)* s1=fng (624,1593) s2=fng (1434,77) [filtered=789]
cnt=3 s0=PALM(4251,1536)* s1=fng (619,1596) s2=fng (1422,76) [filtered=790]
cnt=3 s0=PALM(4252,1536)* s1=fng (615,1598) s2=fng (1410,76) [filtered=791]
cnt=3 s0=PALM(4253,1535)* s1=fng (610,1601) s2=fng (1399,75) [filtered=792]
cnt=3 s0=PALM(4254,1535)* s1=fng (606,1603) s2=fng (1388,74) [filtered=793]
cnt=2 s0=PALM(4255,1535)* s1=fng (600,1606) [filtered=794]
cnt=2 s0=PALM(4256,1534)* s1=fng (594,1609) [filtered=795]
cnt=2 s0=PALM(4257,1534)* s1=fng (589,1611) [filtered=796]
cnt=2 s0=PALM(4258,1533)* s1=fng (583,1614) [filtered=797]
cnt=2 s0=PALM(4258,1533)* s1=fng (578,1616) [filtered=798]
cnt=2 s0=PALM(4259,1533)* s1=fng (572,1619) [filtered=799]
cnt=2 s0=PALM(4260,1532)* s1=fng (566,1622) [filtered=800]
cnt=2 s0=PALM(4260,1532)* s1=fng (561,1624) [filtered=801]
cnt=2 s0=PALM(4261,1532)* s1=fng (555,1627) [filtered=802]
cnt=2 s0=PALM(4262,1532)* s1=fng (550,1629) [filtered=803]
cnt=2 s0=PALM(4262,1532)* s1=fng (544,1631) [filtered=804]
cnt=2 s0=PALM(4263,1532)* s1=fng (537,1634) [filtered=805]
cnt=2 s0=PALM(4263,1532)* s1=fng (531,1636) [filtered=806]
cnt=2 s0=PALM(4263,1532)* s1=fng (524,1639) [filtered=807]
cnt=2 s0=PALM(4263,1532)* s1=fng (518,1641) [filtered=808]
cnt=2 s0=PALM(4264,1532)* s1=fng (512,1643) [filtered=809]
cnt=2 s0=PALM(4264,1532)* s1=fng (505,1645) [filtered=810]
cnt=2 s0=PALM(4264,1532)* s1=fng (499,1646) [filtered=811]
cnt=2 s0=PALM(4264,1532)* s1=fng (493,1648) [filtered=812]
cnt=2 s0=PALM(4264,1532)* s1=fng (487,1649) [filtered=813]
cnt=2 s0=PALM(4264,1532)* s1=fng (482,1650) [filtered=814]
cnt=2 s0=PALM(4264,1532)* s1=fng (478,1652) [filtered=815]
cnt=2 s0=PALM(4264,1532)* s1=PALM(474,1653) [filtered=816]
cnt=2 s0=PALM(4264,1532)* s1=PALM(470,1654) [filtered=817]
cnt=2 s0=PALM(4264,1532)* s1=PALM(466,1655) [filtered=818]
cnt=2 s0=PALM(4264,1532)* s1=PALM(463,1656) [filtered=819]
cnt=2 s0=PALM(4264,1532)* s1=PALM(461,1657) [filtered=820]
cnt=2 s0=PALM(4264,1532)* s1=PALM(459,1657) [filtered=821]
cnt=2 s0=PALM(4264,1532)* s1=PALM(457,1658) [filtered=822]
cnt=2 s0=PALM(4264,1532)* s1=PALM(455,1659) [filtered=823]
cnt=2 s0=PALM(4264,1532)* s1=PALM(453,1659) [filtered=824]
cnt=2 s0=PALM(4264,1532)* s1=PALM(451,1659) [filtered=825]
cnt=2 s0=PALM(4265,1532)* s1=PALM(450,1660) [filtered=826]
cnt=2 s0=PALM(4265,1532)* s1=PALM(451,1660) [filtered=827]
cnt=2 s0=PALM(4265,1532)* s1=PALM(451,1660) [filtered=828]
cnt=2 s0=PALM(4266,1532)* s1=PALM(450,1661) [filtered=829]
cnt=2 s0=PALM(4266,1532)* s1=PALM(450,1661) [filtered=830]
cnt=2 s0=PALM(4267,1532)* s1=PALM(449,1661) [filtered=831]
cnt=2 s0=PALM(4267,1532)* s1=PALM(448,1662) [filtered=832]
cnt=2 s0=PALM(4267,1532)* s1=PALM(448,1662) [filtered=833]
cnt=2 s0=PALM(4268,1532)* s1=PALM(447,1663) [filtered=834]
cnt=2 s0=PALM(4268,1532)* s1=PALM(447,1663) [filtered=835]
cnt=2 s0=PALM(4268,1533)* s1=PALM(447,1663) [filtered=836]
cnt=2 s0=PALM(4268,1533)* s1=PALM(447,1663) [filtered=837]
cnt=2 s0=PALM(4269,1533)* s1=PALM(446,1664) [filtered=838]
cnt=2 s0=PALM(4269,1534)* s1=PALM(445,1664)* [filtered=839]
cnt=2 s0=PALM(4269,1534)* s1=PALM(445,1664)* [filtered=840]
cnt=2 s0=PALM(4269,1535)* s1=PALM(445,1665)* [filtered=841]
cnt=2 s0=PALM(4269,1535)* s1=PALM(445,1665)* [filtered=842]
cnt=2 s0=PALM(4269,1535)* s1=PALM(445,1665)* [filtered=843]
cnt=2 s0=PALM(4269,1535)* s1=PALM(445,1665)* [filtered=844]
cnt=2 s0=PALM(4269,1536)* s1=PALM(445,1666)* [filtered=845]
cnt=2 s0=PALM(4269,1536)* s1=PALM(445,1667)* [filtered=846]
cnt=2 s0=PALM(4269,1536)* s1=PALM(445,1667)* [filtered=847]
cnt=2 s0=PALM(4269,1537)* s1=PALM(445,1667)* [filtered=848]
cnt=2 s0=PALM(4269,1537)* s1=PALM(445,1667)* [filtered=849]
cnt=2 s0=PALM(4269,1537)* s1=PALM(444,1668)* [filtered=850]
cnt=2 s0=PALM(4269,1537)* s1=PALM(444,1668)* [filtered=851]
cnt=2 s0=PALM(4269,1538)* s1=PALM(444,1668)* [filtered=852]
cnt=2 s0=PALM(4269,1538)* s1=PALM(444,1668)* [filtered=853]
cnt=2 s0=PALM(4269,1539)* s1=PALM(443,1669)* [filtered=854]
cnt=2 s0=PALM(4269,1540)* s1=PALM(443,1669)* [filtered=855]
cnt=2 s0=PALM(4269,1540)* s1=PALM(443,1669)* [filtered=856]
cnt=2 s0=PALM(4269,1541)* s1=PALM(442,1670)* [filtered=857]
cnt=2 s0=PALM(4269,1541)* s1=PALM(442,1670)* [filtered=858]
cnt=2 s0=PALM(4269,1542)* s1=PALM(441,1671)* [filtered=859]
cnt=2 s0=PALM(4269,1543)* s1=PALM(440,1672)* [filtered=860]
cnt=2 s0=PALM(4269,1543)* s1=PALM(440,1672)* [filtered=861]
cnt=2 s0=PALM(4269,1544)* s1=PALM(439,1673)* [filtered=862]
cnt=2 s0=PALM(4269,1544)* s1=PALM(439,1673)* [filtered=863]
cnt=2 s0=PALM(4269,1545)* s1=PALM(437,1674)* [filtered=864]
cnt=2 s0=PALM(4269,1546)* s1=PALM(433,1677) [filtered=865]
cnt=2 s0=PALM(4269,1547)* s1=PALM(431,1678) [filtered=866]
cnt=2 s0=PALM(4270,1548)* s1=PALM(427,1681) [filtered=867]
cnt=2 s0=PALM(4271,1549)* s1=PALM(421,1685) [filtered=868]
cnt=2 s0=PALM(4271,1549)* s1=PALM(416,1689) [filtered=869]
cnt=2 s0=PALM(4271,1550)* s1=PALM(409,1694) [filtered=870]
cnt=2 s0=PALM(4272,1551)* s1=PALM(400,1700) [filtered=871]
cnt=2 s0=PALM(4272,1552)* s1=PALM(390,1708) [filtered=872]
cnt=2 s0=PALM(4272,1552)* s1=PALM(381,1715) [filtered=873]
cnt=2 s0=PALM(4273,1553)* s1=PALM(371,1722) [filtered=874]
cnt=2 s0=PALM(4273,1554)* s1=PALM(361,1729) [filtered=875]
cnt=2 s0=PALM(4273,1555)* s1=PALM(351,1736) [filtered=876]
cnt=2 s0=PALM(4274,1555)* s1=PALM(341,1743) [filtered=877]
cnt=2 s0=PALM(4274,1556)* s1=PALM(332,1750) [filtered=878]
cnt=2 s0=PALM(4275,1556)* s1=PALM(324,1756) [filtered=879]
cnt=2 s0=PALM(4275,1556)* s1=PALM(316,1761) [filtered=880]
cnt=2 s0=PALM(4276,1557)* s1=PALM(308,1767) [filtered=881]
cnt=2 s0=PALM(4277,1558)* s1=PALM(301,1773) [filtered=882]
cnt=2 s0=PALM(4277,1558)* s1=PALM(295,1778) [filtered=883]
cnt=2 s0=PALM(4278,1558)* s1=PALM(288,1782) [filtered=884]
cnt=2 s0=PALM(4279,1559)* s1=PALM(282,1785) [filtered=885]
cnt=2 s0=PALM(4280,1559)* s1=PALM(277,1789) [filtered=886]
cnt=2 s0=PALM(4280,1559)* s1=PALM(273,1792) [filtered=887]
cnt=2 s0=PALM(4281,1560)* s1=PALM(268,1795) [filtered=888]
cnt=2 s0=PALM(4282,1561)* s1=PALM(264,1798) [filtered=889]
cnt=2 s0=PALM(4282,1561)* s1=PALM(261,1800) [filtered=890]
cnt=2 s0=PALM(4283,1561)* s1=PALM(258,1802) [filtered=891]
cnt=2 s0=PALM(4284,1562)* s1=PALM(254,1806) [filtered=892]
cnt=2 s0=PALM(4285,1562)* s1=PALM(251,1810) [filtered=893]
cnt=2 s0=PALM(4286,1562)* s1=PALM(249,1813) [filtered=894]
cnt=2 s0=PALM(4287,1563)* s1=PALM(247,1816) [filtered=895]
cnt=2 s0=PALM(4288,1563)* s1=PALM(245,1820) [filtered=896]
cnt=2 s0=PALM(4290,1564)* s1=PALM(243,1823) [filtered=897]
cnt=2 s0=PALM(4291,1564)* s1=PALM(242,1825) [filtered=898]
cnt=2 s0=PALM(4292,1565)* s1=PALM(240,1827) [filtered=899]
cnt=2 s0=PALM(4293,1565)* s1=PALM(238,1829) [filtered=900]
cnt=2 s0=PALM(4295,1566)* s1=PALM(236,1832) [filtered=901]
cnt=2 s0=PALM(4296,1566)* s1=PALM(235,1834) [filtered=902]
cnt=2 s0=PALM(4297,1566)* s1=PALM(233,1837) [filtered=903]
cnt=2 s0=PALM(4298,1567)* s1=PALM(232,1840) [filtered=904]
cnt=2 s0=PALM(4299,1567)* s1=PALM(231,1842) [filtered=905]
cnt=2 s0=PALM(4301,1568)* s1=PALM(230,1845) [filtered=906]
cnt=2 s0=PALM(4303,1569)* s1=PALM(230,1845) [filtered=907]
cnt=1 s0=fng (4303,1569)* [filtered=907]
cnt=1 s0=fng (4306,1570) [filtered=907]
cnt=1 s0=fng (4309,1570) [filtered=907]
cnt=1 s0=fng (4311,1570) [filtered=907]
cnt=1 s0=fng (4313,1571) [filtered=907]
cnt=1 s0=fng (4316,1571) [filtered=907]
cnt=1 s0=fng (4319,1571) [filtered=907]
cnt=1 s0=fng (4321,1571) [filtered=907]
cnt=1 s0=fng (4322,1571) [filtered=907]
cnt=1 s0=fng (4324,1571) [filtered=907]
cnt=1 s0=fng (4325,1570) [filtered=907]
cnt=1 s0=fng (4327,1569) [filtered=907]
cnt=1 s0=fng (4328,1569) [filtered=907]
cnt=2 s0=PALM(4329,1568) s1=PALM(92,1859) [filtered=908]
cnt=2 s0=PALM(4330,1567) s1=PALM(92,1859) [filtered=909]
cnt=2 s0=PALM(4330,1567) s1=PALM(92,1859) [filtered=910]
cnt=2 s0=PALM(4330,1566) s1=PALM(92,1859) [filtered=911]
cnt=2 s0=PALM(4331,1564) s1=PALM(92,1859) [filtered=912]
cnt=2 s0=PALM(4331,1562) s1=PALM(92,1859) [filtered=913]
cnt=2 s0=PALM(4331,1561) s1=PALM(92,1859) [filtered=914]
cnt=2 s0=PALM(4332,1560) s1=PALM(92,1859) [filtered=915]
cnt=2 s0=PALM(4333,1558)* s1=PALM(92,1859) [filtered=916]
cnt=2 s0=PALM(4333,1555)* s1=PALM(92,1859) [filtered=917]
cnt=2 s0=PALM(4333,1554)* s1=PALM(92,1859) [filtered=918]
cnt=2 s0=PALM(4333,1552)* s1=PALM(92,1859) [filtered=919]
cnt=2 s0=PALM(4333,1550)* s1=PALM(96,1855) [filtered=920]
cnt=2 s0=PALM(4333,1549)* s1=PALM(99,1851) [filtered=921]
cnt=2 s0=PALM(4333,1547)* s1=PALM(103,1845) [filtered=922]
cnt=2 s0=PALM(4333,1545)* s1=PALM(107,1838) [filtered=923]
cnt=2 s0=PALM(4333,1544)* s1=PALM(111,1832) [filtered=924]
cnt=2 s0=PALM(4333,1542)* s1=PALM(115,1825) [filtered=925]
cnt=2 s0=PALM(4334,1540)* s1=PALM(119,1818) [filtered=926]
cnt=2 s0=PALM(4334,1539)* s1=PALM(124,1812) [filtered=927]
cnt=2 s0=PALM(4334,1538)* s1=PALM(127,1807) [filtered=928]
cnt=2 s0=PALM(4335,1537)* s1=PALM(130,1801) [filtered=929]
cnt=2 s0=PALM(4336,1536)* s1=PALM(133,1795) [filtered=930]
cnt=2 s0=PALM(4336,1536)* s1=PALM(135,1790) [filtered=931]
cnt=2 s0=PALM(4336,1536)* s1=PALM(137,1786) [filtered=932]
cnt=2 s0=PALM(4337,1536)* s1=PALM(140,1783) [filtered=933]
cnt=2 s0=PALM(4337,1536)* s1=PALM(142,1780) [filtered=934]
cnt=2 s0=PALM(4337,1536)* s1=PALM(145,1777) [filtered=935]
cnt=2 s0=PALM(4336,1537)* s1=PALM(149,1773) [filtered=936]
cnt=2 s0=PALM(4336,1537)* s1=PALM(152,1770) [filtered=937]
cnt=2 s0=PALM(4335,1538)* s1=PALM(157,1766) [filtered=938]
cnt=2 s0=PALM(4334,1539)* s1=PALM(161,1762) [filtered=939]
cnt=2 s0=PALM(4333,1540)* s1=PALM(164,1759) [filtered=940]
cnt=2 s0=PALM(4331,1541)* s1=PALM(167,1755) [filtered=941]
cnt=2 s0=PALM(4328,1544) s1=PALM(171,1751) [filtered=942]
cnt=2 s0=PALM(4326,1545) s1=PALM(174,1748) [filtered=943]
cnt=2 s0=PALM(4322,1548) s1=PALM(177,1744) [filtered=944]
cnt=2 s0=PALM(4315,1553) s1=PALM(181,1741) [filtered=945]
cnt=2 s0=PALM(4309,1557) s1=PALM(184,1739) [filtered=946]
cnt=2 s0=PALM(4302,1563) s1=PALM(189,1738) [filtered=947]
cnt=2 s0=PALM(4293,1570) s1=PALM(194,1737) [filtered=948]
cnt=2 s0=PALM(4285,1576) s1=PALM(198,1737) [filtered=949]
cnt=2 s0=fng (4275,1584) s1=PALM(201,1737) [filtered=950]
cnt=2 s0=fng (4264,1593) s1=PALM(205,1740) [filtered=951]
cnt=2 s0=fng (4254,1601) s1=PALM(208,1742) [filtered=952]
cnt=2 s0=fng (4242,1611) s1=PALM(213,1746) [filtered=953]
cnt=2 s0=fng (4230,1621) s1=PALM(218,1752) [filtered=954]
cnt=2 s0=fng (4219,1630) s1=PALM(222,1758) [filtered=955]
cnt=2 s0=fng (4209,1639) s1=PALM(226,1765) [filtered=956]
cnt=2 s0=fng (4199,1649) s1=PALM(232,1774) [filtered=957]
cnt=2 s0=fng (4190,1658) s1=PALM(237,1782) [filtered=958]
cnt=2 s0=fng (4182,1667) s1=PALM(242,1792) [filtered=959]
cnt=2 s0=fng (4175,1675) s1=PALM(248,1802) [filtered=960]
cnt=2 s0=fng (4168,1683) s1=PALM(253,1811) [filtered=961]
cnt=2 s0=fng (4162,1690) s1=PALM(260,1822) [filtered=962]
cnt=2 s0=fng (4156,1696) s1=PALM(267,1832) [filtered=963]
cnt=2 s0=fng (4150,1702) s1=PALM(273,1841) [filtered=964]
cnt=2 s0=fng (4146,1708) s1=PALM(281,1851) [filtered=965]
cnt=2 s0=fng (4143,1713) s1=PALM(290,1861) [filtered=966]
cnt=2 s0=fng (4140,1718) s1=PALM(298,1870) [filtered=967]
cnt=2 s0=fng (4137,1722) s1=PALM(306,1878) [filtered=968]
cnt=2 s0=fng (4136,1725) s1=PALM(315,1886) [filtered=969]
cnt=2 s0=fng (4135,1728) s1=PALM(323,1893) [filtered=970]
cnt=2 s0=fng (4135,1731) s1=PALM(331,1899) [filtered=971]
cnt=2 s0=fng (4135,1733) s1=PALM(340,1905) [filtered=972]
cnt=2 s0=fng (4135,1735) s1=PALM(348,1911) [filtered=973]
cnt=2 s0=fng (4135,1736) s1=PALM(356,1915) [filtered=974]
cnt=2 s0=fng (4135,1736) s1=PALM(364,1918) [filtered=975]
cnt=2 s0=fng (4135,1736) s1=PALM(372,1921) [filtered=976]
cnt=2 s0=fng (4138,1736) s1=PALM(380,1924) [filtered=977]
cnt=2 s0=fng (4141,1736) s1=PALM(388,1926) [filtered=978]
cnt=2 s0=fng (4144,1736) s1=PALM(396,1928) [filtered=979]
cnt=2 s0=fng (4147,1736) s1=PALM(403,1929) [filtered=980]
cnt=2 s0=fng (4151,1736) s1=PALM(409,1929) [filtered=981]
cnt=2 s0=fng (4155,1736) s1=PALM(415,1929) [filtered=982]
cnt=2 s0=fng (4159,1736) s1=PALM(421,1929) [filtered=983]
cnt=2 s0=fng (4162,1736) s1=PALM(427,1929) [filtered=984]
cnt=2 s0=fng (4164,1736) s1=PALM(433,1929) [filtered=985]
cnt=2 s0=fng (4167,1733) s1=PALM(439,1929) [filtered=986]
cnt=2 s0=fng (4171,1728) s1=PALM(444,1929) [filtered=987]
cnt=2 s0=fng (4174,1724) s1=PALM(449,1929) [filtered=988]
cnt=2 s0=fng (4178,1719) s1=PALM(454,1929) [filtered=989]
cnt=2 s0=fng (4182,1713) s1=PALM(458,1929) [filtered=990]
cnt=2 s0=fng (4185,1708) s1=PALM(462,1929) [filtered=991]
cnt=2 s0=fng (4190,1701) s1=PALM(465,1929) [filtered=992]
cnt=2 s0=fng (4194,1694) s1=PALM(468,1929) [filtered=993]
cnt=2 s0=fng (4197,1687) s1=PALM(471,1929) [filtered=994]
cnt=2 s0=fng (4200,1679) s1=PALM(474,1929) [filtered=995]
cnt=2 s0=fng (4204,1671) s1=PALM(476,1929) [filtered=996]
cnt=2 s0=fng (4207,1664) s1=PALM(478,1929) [filtered=997]
cnt=2 s0=fng (4210,1656) s1=PALM(480,1929) [filtered=998]
cnt=2 s0=fng (4214,1648) s1=PALM(482,1929) [filtered=999]
cnt=2 s0=fng (4217,1641) s1=PALM(484,1929) [filtered=1000]
cnt=2 s0=fng (4220,1635) s1=PALM(486,1929) [filtered=1001]
cnt=2 s0=fng (4223,1628) s1=PALM(488,1929) [filtered=1002]
cnt=2 s0=fng (4227,1621) s1=PALM(490,1929) [filtered=1003]
cnt=2 s0=fng (4230,1615) s1=PALM(492,1929) [filtered=1004]
cnt=2 s0=fng (4232,1609) s1=PALM(495,1926) [filtered=1005]
cnt=2 s0=fng (4234,1603) s1=PALM(497,1922) [filtered=1006]
cnt=2 s0=fng (4236,1598) s1=PALM(499,1918) [filtered=1007]
cnt=2 s0=fng (4238,1594) s1=PALM(501,1915) [filtered=1008]
cnt=2 s0=fng (4239,1590) s1=PALM(504,1912) [filtered=1009]
cnt=2 s0=fng (4239,1586) s1=PALM(507,1910) [filtered=1010]
cnt=2 s0=fng (4240,1582) s1=PALM(510,1908) [filtered=1011]
cnt=2 s0=fng (4241,1578) s1=PALM(513,1905) [filtered=1012]
cnt=2 s0=fng (4242,1574) s1=PALM(516,1903) [filtered=1013]
cnt=2 s0=fng (4243,1571) s1=PALM(519,1900) [filtered=1014]
cnt=2 s0=fng (4244,1568) s1=fng (522,1897) [filtered=1014]
cnt=2 s0=fng (4245,1565) s1=fng (525,1895) [filtered=1014]
cnt=2 s0=fng (4246,1562) s1=fng (528,1891) [filtered=1014]
cnt=2 s0=fng (4247,1560) s1=fng (531,1887) [filtered=1014]
cnt=2 s0=fng (4248,1558) s1=fng (534,1884) [filtered=1014]
cnt=2 s0=fng (4249,1556) s1=fng (537,1879) [filtered=1014]
cnt=2 s0=fng (4250,1554) s1=fng (540,1874) [filtered=1014]
cnt=2 s0=fng (4251,1552) s1=fng (543,1870) [filtered=1014]
cnt=2 s0=fng (4252,1550) s1=fng (546,1865) [filtered=1014]
cnt=2 s0=fng (4254,1549) s1=fng (549,1860) [filtered=1014]
cnt=2 s0=fng (4255,1549) s1=fng (552,1856) [filtered=1014]
cnt=2 s0=fng (4256,1547) s1=fng (554,1850) [filtered=1014]
cnt=2 s0=fng (4256,1546) s1=fng (556,1845) [filtered=1014]
cnt=2 s0=fng (4257,1545) s1=fng (558,1841) [filtered=1014]
cnt=2 s0=fng (4258,1543) s1=fng (559,1836) [filtered=1014]
cnt=2 s0=fng (4258,1542) s1=fng (560,1832) [filtered=1014]
cnt=2 s0=fng (4259,1541) s1=fng (560,1828) [filtered=1014]
cnt=2 s0=fng (4259,1540) s1=fng (559,1822) [filtered=1014]
cnt=2 s0=fng (4259,1539) s1=fng (559,1817) [filtered=1014]
cnt=2 s0=fng (4260,1538) s1=fng (559,1812) [filtered=1014]
cnt=2 s0=fng (4260,1537) s1=fng (559,1808) [filtered=1014]
cnt=2 s0=fng (4260,1536) s1=fng (559,1804) [filtered=1014]
cnt=2 s0=PALM(4261,1534)* s1=fng (558,1798) [filtered=1015]
cnt=2 s0=PALM(4261,1533)* s1=fng (558,1793) [filtered=1016]
cnt=2 s0=PALM(4262,1531)* s1=fng (557,1786) [filtered=1017]
cnt=2 s0=PALM(4262,1529)* s1=fng (556,1779) [filtered=1018]
cnt=2 s0=PALM(4262,1528)* s1=fng (556,1773) [filtered=1019]
cnt=2 s0=PALM(4263,1526)* s1=fng (555,1765) [filtered=1020]
cnt=2 s0=PALM(4264,1524)* s1=fng (553,1756) [filtered=1021]
cnt=2 s0=PALM(4264,1523)* s1=fng (552,1747) [filtered=1022]
cnt=2 s0=fng (4265,1520) s1=fng (549,1738) [filtered=1022]
cnt=2 s0=fng (4266,1517) s1=fng (546,1729) [filtered=1022]
cnt=2 s0=fng (4267,1515) s1=fng (544,1721) [filtered=1022]
cnt=2 s0=fng (4268,1512) s1=fng (540,1712) [filtered=1022]
cnt=2 s0=fng (4268,1510) s1=fng (537,1704) [filtered=1022]
cnt=2 s0=fng (4269,1507) s1=fng (532,1695) [filtered=1022]
cnt=2 s0=fng (4271,1503) s1=fng (527,1686) [filtered=1022]
cnt=2 s0=fng (4272,1500) s1=fng (523,1678) [filtered=1022]
cnt=2 s0=fng (4273,1496) s1=fng (518,1669) [filtered=1022]
cnt=2 s0=fng (4275,1491) s1=fng (512,1660) [filtered=1022]
cnt=2 s0=fng (4276,1487) s1=fng (506,1652) [filtered=1022]
cnt=2 s0=fng (4278,1482) s1=fng (500,1643) [filtered=1022]
cnt=2 s0=fng (4280,1477) s1=fng (494,1634) [filtered=1022]
cnt=2 s0=fng (4281,1473) s1=fng (489,1626) [filtered=1022]
cnt=2 s0=fng (4283,1469) s1=fng (483,1618) [filtered=1022]
cnt=2 s0=fng (4284,1465) s1=fng (478,1610) [filtered=1022]
cnt=2 s0=PALM(4285,1461) s1=PALM(472,1602) [filtered=1023]
cnt=2 s0=PALM(4287,1458) s1=PALM(466,1594) [filtered=1024]
cnt=2 s0=PALM(4288,1455) s1=PALM(461,1587) [filtered=1025]
cnt=2 s0=PALM(4290,1452) s1=PALM(456,1580) [filtered=1026]
cnt=2 s0=PALM(4292,1448) s1=PALM(451,1573) [filtered=1027]
cnt=2 s0=PALM(4293,1445) s1=PALM(447,1567) [filtered=1028]
cnt=2 s0=PALM(4294,1441) s1=PALM(442,1561) [filtered=1029]
cnt=2 s0=PALM(4296,1438) s1=PALM(437,1555) [filtered=1030]
cnt=2 s0=PALM(4297,1436) s1=PALM(433,1550) [filtered=1031]
cnt=2 s0=PALM(4298,1433) s1=PALM(429,1546) [filtered=1032]
cnt=2 s0=PALM(4299,1430) s1=PALM(425,1541) [filtered=1033]
cnt=2 s0=PALM(4300,1428) s1=PALM(422,1537) [filtered=1034]
cnt=2 s0=PALM(4301,1425) s1=PALM(419,1534) [filtered=1035]
cnt=2 s0=PALM(4302,1423) s1=PALM(416,1531) [filtered=1036]
cnt=2 s0=PALM(4303,1421) s1=PALM(413,1529) [filtered=1037]
cnt=2 s0=PALM(4304,1419) s1=PALM(409,1527) [filtered=1038]
cnt=2 s0=PALM(4305,1418) s1=PALM(406,1525) [filtered=1039]
cnt=2 s0=PALM(4306,1417) s1=PALM(404,1523) [filtered=1040]
cnt=2 s0=PALM(4308,1415) s1=PALM(401,1522) [filtered=1041]
cnt=2 s0=PALM(4309,1414) s1=PALM(399,1522) [filtered=1042]
cnt=2 s0=PALM(4310,1413) s1=PALM(396,1522) [filtered=1043]
cnt=2 s0=PALM(4311,1413) s1=PALM(394,1522) [filtered=1044]
cnt=2 s0=PALM(4312,1412) s1=PALM(392,1522) [filtered=1045]
cnt=2 s0=PALM(4313,1411) s1=PALM(389,1523) [filtered=1046]
cnt=2 s0=PALM(4313,1411) s1=PALM(387,1524) [filtered=1047]
cnt=2 s0=PALM(4314,1411) s1=PALM(386,1526) [filtered=1048]
cnt=2 s0=PALM(4315,1411) s1=PALM(386,1528) [filtered=1049]
cnt=2 s0=PALM(4316,1411) s1=PALM(386,1529) [filtered=1050]
cnt=2 s0=PALM(4317,1411) s1=PALM(385,1532) [filtered=1051]
cnt=2 s0=PALM(4317,1411) s1=PALM(384,1535) [filtered=1052]
cnt=2 s0=PALM(4317,1411) s1=PALM(384,1537) [filtered=1053]
cnt=2 s0=PALM(4317,1412) s1=PALM(383,1542) [filtered=1054]
cnt=2 s0=PALM(4317,1412) s1=PALM(383,1546) [filtered=1055]
cnt=2 s0=PALM(4317,1412) s1=PALM(383,1552) [filtered=1056]
cnt=2 s0=PALM(4317,1413) s1=PALM(383,1559) [filtered=1057]
cnt=2 s0=PALM(4317,1413) s1=PALM(383,1566) [filtered=1058]
cnt=2 s0=PALM(4317,1414) s1=PALM(383,1575) [filtered=1059]
cnt=2 s0=PALM(4317,1414) s1=PALM(383,1583) [filtered=1060]
cnt=2 s0=PALM(4317,1415)* s1=PALM(383,1594) [filtered=1061]
cnt=2 s0=PALM(4317,1416)* s1=PALM(383,1606) [filtered=1062]
cnt=2 s0=PALM(4317,1417)* s1=PALM(383,1617) [filtered=1063]
cnt=2 s0=PALM(4317,1418)* s1=PALM(383,1630) [filtered=1064]
cnt=2 s0=PALM(4317,1419)* s1=PALM(383,1642) [filtered=1065]
cnt=2 s0=PALM(4317,1421)* s1=PALM(383,1656) [filtered=1066]
cnt=2 s0=PALM(4317,1423)* s1=PALM(383,1670) [filtered=1067]
cnt=2 s0=PALM(4317,1424)* s1=PALM(383,1683) [filtered=1068]
cnt=2 s0=PALM(4317,1426)* s1=PALM(382,1697) [filtered=1069]
cnt=2 s0=PALM(4317,1428)* s1=PALM(381,1711) [filtered=1070]
cnt=2 s0=PALM(4317,1429)* s1=PALM(381,1724) [filtered=1071]
cnt=2 s0=PALM(4317,1431)* s1=PALM(380,1738) [filtered=1072]
cnt=2 s0=PALM(4317,1434)* s1=PALM(379,1751) [filtered=1073]
cnt=2 s0=PALM(4317,1435)* s1=PALM(379,1763) [filtered=1074]
cnt=2 s0=PALM(4318,1437)* s1=PALM(378,1776) [filtered=1075]
cnt=2 s0=PALM(4318,1439)* s1=PALM(377,1788) [filtered=1076]
cnt=2 s0=PALM(4318,1440)* s1=PALM(377,1799) [filtered=1077]
cnt=2 s0=PALM(4319,1442)* s1=PALM(376,1810) [filtered=1078]
cnt=2 s0=PALM(4320,1444)* s1=PALM(375,1821) [filtered=1079]
cnt=2 s0=PALM(4320,1445)* s1=PALM(374,1831) [filtered=1080]
cnt=2 s0=PALM(4320,1446)* s1=PALM(373,1839) [filtered=1081]
cnt=2 s0=PALM(4321,1448)* s1=PALM(372,1848) [filtered=1082]
cnt=2 s0=PALM(4321,1449)* s1=PALM(372,1856) [filtered=1083]
cnt=2 s0=PALM(4321,1450)* s1=PALM(371,1863) [filtered=1084]
cnt=2 s0=PALM(4322,1451)* s1=PALM(370,1869) [filtered=1085]
cnt=2 s0=PALM(4322,1452)* s1=PALM(369,1875) [filtered=1086]
cnt=2 s0=PALM(4322,1453)* s1=PALM(368,1880) [filtered=1087]
cnt=2 s0=PALM(4323,1454)* s1=PALM(366,1884) [filtered=1088]
cnt=2 s0=PALM(4323,1454)* s1=PALM(365,1888) [filtered=1089]
cnt=2 s0=PALM(4324,1455)* s1=PALM(364,1892) [filtered=1090]
cnt=2 s0=PALM(4324,1456)* s1=PALM(362,1896) [filtered=1091]
cnt=2 s0=PALM(4324,1457)* s1=PALM(361,1900) [filtered=1092]
cnt=2 s0=PALM(4325,1458)* s1=PALM(359,1903) [filtered=1093]
cnt=2 s0=PALM(4325,1459)* s1=PALM(357,1905) [filtered=1094]
cnt=2 s0=PALM(4325,1459)* s1=PALM(356,1907) [filtered=1095]
cnt=2 s0=PALM(4326,1460)* s1=PALM(354,1909) [filtered=1096]
cnt=2 s0=PALM(4326,1461)* s1=PALM(352,1911) [filtered=1097]
cnt=2 s0=PALM(4326,1461)* s1=PALM(351,1913) [filtered=1098]
cnt=2 s0=PALM(4327,1462)* s1=PALM(349,1914) [filtered=1099]
cnt=2 s0=PALM(4327,1463)* s1=PALM(347,1915) [filtered=1100]
cnt=2 s0=PALM(4327,1464)* s1=PALM(346,1916) [filtered=1101]
cnt=2 s0=PALM(4328,1465)* s1=PALM(344,1917) [filtered=1102]
cnt=2 s0=PALM(4329,1466)* s1=PALM(341,1919) [filtered=1103]
cnt=2 s0=PALM(4329,1466)* s1=PALM(340,1920) [filtered=1104]
cnt=2 s0=PALM(4330,1467)* s1=PALM(338,1922) [filtered=1105]
cnt=2 s0=PALM(4330,1467)* s1=PALM(337,1923) [filtered=1106]
cnt=2 s0=PALM(4331,1468)* s1=PALM(335,1924) [filtered=1107]
cnt=2 s0=PALM(4332,1469)* s1=PALM(332,1926) [filtered=1108]
cnt=2 s0=PALM(4332,1469)* s1=PALM(330,1927) [filtered=1109]
cnt=2 s0=PALM(4333,1470)* s1=PALM(328,1928) [filtered=1110]
cnt=2 s0=PALM(4334,1471)* s1=PALM(325,1930) [filtered=1111]
cnt=2 s0=PALM(4334,1471)* s1=PALM(323,1931) [filtered=1112]
cnt=2 s0=PALM(4335,1472)* s1=PALM(321,1933) [filtered=1113]
cnt=2 s0=PALM(4335,1472)* s1=PALM(319,1934) [filtered=1114]
cnt=2 s0=PALM(4335,1473)* s1=PALM(318,1935) [filtered=1115]
cnt=2 s0=PALM(4336,1474)* s1=PALM(317,1937) [filtered=1116]
cnt=2 s0=PALM(4336,1475)* s1=PALM(316,1938) [filtered=1117]
cnt=2 s0=PALM(4336,1475)* s1=PALM(314,1939) [filtered=1118]
cnt=2 s0=PALM(4336,1476)* s1=PALM(312,1941) [filtered=1119]
cnt=2 s0=PALM(4336,1476)* s1=PALM(311,1942) [filtered=1120]
cnt=2 s0=PALM(4336,1476)* s1=PALM(310,1943) [filtered=1121]
cnt=2 s0=PALM(4336,1477)* s1=PALM(308,1944) [filtered=1122]
cnt=2 s0=PALM(4336,1477)* s1=PALM(307,1945) [filtered=1123]
cnt=2 s0=PALM(4336,1478)* s1=PALM(306,1946) [filtered=1124]
cnt=2 s0=PALM(4336,1479)* s1=PALM(304,1947) [filtered=1125]
cnt=2 s0=PALM(4336,1479)* s1=PALM(303,1948) [filtered=1126]
cnt=2 s0=PALM(4336,1480)* s1=PALM(302,1949) [filtered=1127]
cnt=2 s0=PALM(4336,1480)* s1=PALM(302,1950) [filtered=1128]
cnt=2 s0=PALM(4336,1481)* s1=PALM(301,1952) [filtered=1129]
cnt=2 s0=PALM(4336,1482)* s1=PALM(300,1954) [filtered=1130]
cnt=2 s0=PALM(4336,1483)* s1=PALM(299,1955) [filtered=1131]
cnt=2 s0=PALM(4335,1484)* s1=PALM(298,1956) [filtered=1132]
cnt=2 s0=PALM(4335,1485)* s1=PALM(298,1958) [filtered=1133]
cnt=2 s0=PALM(4335,1486)* s1=PALM(298,1959) [filtered=1134]
cnt=2 s0=PALM(4334,1487)* s1=PALM(297,1960) [filtered=1135]
cnt=2 s0=PALM(4333,1488)* s1=PALM(297,1962) [filtered=1136]
cnt=2 s0=PALM(4333,1489)* s1=PALM(297,1963) [filtered=1137]
cnt=2 s0=PALM(4332,1490)* s1=PALM(297,1965) [filtered=1138]
cnt=2 s0=PALM(4331,1492)* s1=PALM(297,1968)* [filtered=1139]
cnt=2 s0=PALM(4330,1493)* s1=PALM(297,1969)* [filtered=1140]
cnt=2 s0=PALM(4328,1495) s1=PALM(297,1972)* [filtered=1141]
cnt=2 s0=PALM(4326,1499) s1=PALM(297,1975)* [filtered=1142]
cnt=2 s0=PALM(4325,1501) s1=PALM(297,1977)* [filtered=1143]
cnt=2 s0=PALM(4322,1505) s1=PALM(298,1981) [filtered=1144]
cnt=2 s0=PALM(4320,1508) s1=PALM(298,1984) [filtered=1145]
cnt=2 s0=PALM(4316,1513) s1=PALM(299,1989) [filtered=1146]
cnt=2 s0=PALM(4311,1519) s1=PALM(301,1996) [filtered=1147]
cnt=2 s0=PALM(4307,1525) s1=PALM(302,2002) [filtered=1148]
cnt=2 s0=PALM(4302,1533) s1=PALM(304,2010) [filtered=1149]
cnt=2 s0=PALM(4296,1542) s1=PALM(307,2019) [filtered=1150]
cnt=2 s0=PALM(4290,1551) s1=PALM(309,2028) [filtered=1151]
cnt=2 s0=fng (4283,1562) s1=PALM(312,2039) [filtered=1152]
cnt=2 s0=fng (4276,1574) s1=PALM(317,2050) [filtered=1153]
cnt=2 s0=fng (4269,1586) s1=PALM(322,2061) [filtered=1154]
cnt=2 s0=fng (4261,1599) s1=PALM(327,2073) [filtered=1155]
cnt=2 s0=fng (4254,1611) s1=PALM(331,2084) [filtered=1156]
cnt=2 s0=fng (4246,1624) s1=PALM(337,2097) [filtered=1157]
cnt=2 s0=fng (4238,1637) s1=PALM(344,2110) [filtered=1158]
cnt=2 s0=fng (4231,1649) s1=PALM(350,2122) [filtered=1159]
cnt=2 s0=fng (4224,1662) s1=PALM(357,2135) [filtered=1160]
cnt=2 s0=fng (4216,1676) s1=PALM(366,2148) [filtered=1161]
cnt=2 s0=fng (4209,1689) s1=PALM(375,2160) [filtered=1162]
cnt=2 s0=fng (4202,1702) s1=PALM(384,2172) [filtered=1163]
cnt=2 s0=fng (4195,1714) s1=PALM(392,2183) [filtered=1164]
cnt=2 s0=fng (4189,1727) s1=PALM(401,2194) [filtered=1165]
cnt=2 s0=fng (4183,1739) s1=PALM(409,2205) [filtered=1166]
cnt=2 s0=fng (4177,1751) s1=PALM(417,2215) [filtered=1167]
cnt=2 s0=fng (4171,1764) s1=PALM(427,2225) [filtered=1168]
cnt=2 s0=fng (4165,1776) s1=PALM(436,2235) [filtered=1169]
cnt=2 s0=fng (4159,1787) s1=PALM(445,2244) [filtered=1170]
cnt=2 s0=fng (4153,1798) s1=PALM(454,2253) [filtered=1171]
cnt=2 s0=fng (4147,1808) s1=PALM(464,2261) [filtered=1172]
cnt=2 s0=fng (4141,1818) s1=PALM(474,2269) [filtered=1173]
cnt=2 s0=fng (4135,1828) s1=PALM(484,2277) [filtered=1174]
cnt=2 s0=fng (4130,1837) s1=PALM(494,2285) [filtered=1175]
cnt=2 s0=fng (4125,1846) s1=PALM(504,2293) [filtered=1176]
cnt=2 s0=fng (4121,1854) s1=PALM(514,2300) [filtered=1177]
cnt=2 s0=fng (4117,1862) s1=PALM(524,2307) [filtered=1178]
cnt=2 s0=fng (4113,1869) s1=PALM(534,2314) [filtered=1179]
cnt=2 s0=fng (4109,1876) s1=PALM(544,2321) [filtered=1180]
cnt=2 s0=fng (4105,1882) s1=PALM(552,2327) [filtered=1181]
cnt=2 s0=fng (4101,1888) s1=PALM(560,2333) [filtered=1182]
cnt=2 s0=fng (4098,1892) s1=PALM(568,2339) [filtered=1183]
cnt=2 s0=fng (4095,1896) s1=PALM(576,2345) [filtered=1184]
cnt=2 s0=PALM(4093,1899) s1=PALM(583,2351) [filtered=1185]
cnt=2 s0=PALM(4091,1902) s1=PALM(590,2357) [filtered=1186]
cnt=2 s0=PALM(4089,1904) s1=PALM(596,2362) [filtered=1187]
cnt=2 s0=PALM(4087,1906) s1=PALM(602,2367) [filtered=1188]
cnt=2 s0=PALM(4086,1907) s1=PALM(608,2371) [filtered=1189]
cnt=2 s0=PALM(4085,1908) s1=PALM(614,2375) [filtered=1190]
cnt=2 s0=PALM(4085,1908) s1=PALM(620,2378) [filtered=1191]
cnt=2 s0=PALM(4085,1908) s1=PALM(626,2381) [filtered=1192]
cnt=2 s0=PALM(4085,1908) s1=PALM(632,2383) [filtered=1193]
cnt=2 s0=PALM(4085,1908) s1=PALM(638,2385) [filtered=1194]
cnt=2 s0=PALM(4085,1908) s1=PALM(644,2385) [filtered=1195]
cnt=2 s0=PALM(4085,1908) s1=PALM(650,2385) [filtered=1196]
cnt=2 s0=PALM(4085,1908) s1=PALM(656,2385) [filtered=1197]
cnt=2 s0=PALM(4085,1908) s1=PALM(662,2385) [filtered=1198]
cnt=2 s0=PALM(4085,1908) s1=PALM(667,2385) [filtered=1199]
cnt=2 s0=PALM(4085,1908) s1=PALM(672,2385) [filtered=1200]
cnt=2 s0=PALM(4088,1908) s1=PALM(676,2382) [filtered=1201]
cnt=2 s0=PALM(4092,1908) s1=PALM(680,2379) [filtered=1202]
cnt=2 s0=PALM(4096,1908) s1=PALM(684,2376) [filtered=1203]
cnt=2 s0=PALM(4100,1908) s1=PALM(688,2373) [filtered=1204]
cnt=2 s0=PALM(4104,1908) s1=PALM(692,2370) [filtered=1205]
cnt=2 s0=PALM(4109,1908) s1=PALM(695,2366) [filtered=1206]
cnt=2 s0=PALM(4114,1908) s1=PALM(698,2362) [filtered=1207]
cnt=2 s0=PALM(4118,1905) s1=PALM(700,2358) [filtered=1208]
cnt=2 s0=PALM(4123,1901) s1=PALM(702,2354) [filtered=1209]
cnt=2 s0=fng (4127,1897) s1=PALM(704,2350) [filtered=1210]
cnt=2 s0=fng (4131,1892) s1=PALM(706,2345) [filtered=1211]
cnt=2 s0=fng (4136,1886) s1=PALM(708,2340) [filtered=1212]
cnt=2 s0=fng (4140,1880) s1=PALM(710,2335) [filtered=1213]
cnt=2 s0=fng (4144,1873) s1=PALM(712,2330) [filtered=1214]
cnt=2 s0=fng (4147,1866) s1=PALM(714,2325) [filtered=1215]
cnt=2 s0=fng (4151,1859) s1=PALM(715,2320) [filtered=1216]
cnt=2 s0=fng (4155,1852) s1=PALM(716,2314) [filtered=1217]
cnt=2 s0=fng (4158,1846) s1=PALM(717,2309) [filtered=1218]
cnt=2 s0=fng (4162,1840) s1=PALM(717,2303) [filtered=1219]
cnt=2 s0=fng (4166,1833) s1=PALM(717,2297) [filtered=1220]
cnt=2 s0=fng (4169,1826) s1=PALM(717,2292) [filtered=1221]
cnt=2 s0=fng (4172,1819) s1=PALM(717,2286) [filtered=1222]
cnt=2 s0=fng (4175,1813) s1=PALM(717,2280) [filtered=1223]
cnt=2 s0=fng (4178,1807) s1=PALM(717,2274) [filtered=1224]
cnt=2 s0=fng (4182,1801) s1=PALM(717,2267) [filtered=1225]
cnt=2 s0=fng (4185,1795) s1=PALM(717,2260) [filtered=1226]
cnt=2 s0=fng (4188,1789) s1=PALM(714,2252) [filtered=1227]
cnt=2 s0=fng (4191,1784) s1=PALM(711,2245) [filtered=1228]
cnt=2 s0=fng (4194,1778) s1=PALM(707,2236) [filtered=1229]
cnt=2 s0=fng (4197,1773) s1=PALM(703,2228) [filtered=1230]
cnt=2 s0=fng (4200,1768) s1=PALM(698,2218) [filtered=1231]
cnt=2 s0=fng (4204,1762) s1=PALM(693,2207) [filtered=1232]
cnt=2 s0=fng (4207,1757) s1=PALM(688,2197) [filtered=1233]
cnt=2 s0=fng (4210,1752) s1=PALM(682,2186) [filtered=1234]
cnt=2 s0=fng (4214,1747) s1=PALM(675,2174) [filtered=1235]
cnt=2 s0=fng (4217,1743) s1=PALM(668,2163) [filtered=1236]
cnt=2 s0=fng (4221,1739) s1=PALM(661,2151) [filtered=1237]
cnt=2 s0=fng (4224,1735) s1=PALM(654,2140) [filtered=1238]
cnt=2 s0=fng (4227,1731) s1=PALM(647,2129) [filtered=1239]
cnt=2 s0=fng (4231,1727) s1=PALM(641,2117) [filtered=1240]
cnt=2 s0=fng (4234,1723) s1=PALM(635,2106) [filtered=1241]
cnt=2 s0=fng (4237,1719) s1=PALM(629,2094) [filtered=1242]
cnt=2 s0=fng (4241,1716) s1=PALM(622,2082) [filtered=1243]
cnt=2 s0=fng (4244,1713) s1=PALM(616,2071) [filtered=1244]
cnt=2 s0=fng (4247,1710) s1=PALM(610,2061) [filtered=1245]
cnt=2 s0=fng (4250,1707) s1=PALM(604,2051) [filtered=1246]
cnt=2 s0=fng (4253,1704) s1=PALM(598,2041) [filtered=1247]
cnt=2 s0=fng (4256,1700) s1=PALM(592,2030) [filtered=1248]
cnt=2 s0=fng (4259,1697) s1=PALM(586,2020) [filtered=1249]
cnt=2 s0=fng (4262,1694) s1=PALM(580,2010) [filtered=1250]
cnt=2 s0=fng (4266,1690) s1=PALM(574,1999) [filtered=1251]
cnt=2 s0=fng (4269,1687) s1=PALM(568,1989) [filtered=1252]
cnt=2 s0=fng (4272,1684) s1=PALM(561,1979) [filtered=1253]
cnt=2 s0=fng (4275,1681) s1=PALM(555,1969) [filtered=1254]
cnt=2 s0=fng (4278,1678) s1=PALM(548,1960) [filtered=1255]
cnt=2 s0=fng (4280,1674) s1=PALM(541,1951) [filtered=1256]
cnt=2 s0=fng (4282,1671) s1=PALM(535,1942) [filtered=1257]
cnt=2 s0=PALM(4285,1667) s1=PALM(528,1934) [filtered=1258]
cnt=2 s0=PALM(4287,1663) s1=PALM(522,1926) [filtered=1259]
cnt=2 s0=PALM(4289,1659) s1=PALM(516,1918) [filtered=1260]
cnt=2 s0=PALM(4292,1655) s1=PALM(510,1910) [filtered=1261]
cnt=2 s0=PALM(4294,1651) s1=PALM(504,1902) [filtered=1262]
cnt=2 s0=PALM(4297,1647) s1=fng (498,1894) [filtered=1263]
cnt=2 s0=PALM(4300,1642) s1=fng (493,1886) [filtered=1264]
cnt=2 s0=PALM(4302,1638) s1=fng (488,1878) [filtered=1265]
cnt=2 s0=PALM(4305,1634) s1=fng (483,1871) [filtered=1266]
cnt=2 s0=PALM(4308,1629) s1=fng (477,1865) [filtered=1267]
cnt=2 s0=PALM(4310,1625) s1=PALM(472,1859) [filtered=1268]
cnt=2 s0=PALM(4313,1621) s1=PALM(467,1853) [filtered=1269]
cnt=2 s0=PALM(4315,1617) s1=PALM(462,1847) [filtered=1270]
cnt=2 s0=PALM(4318,1613) s1=PALM(457,1841) [filtered=1271]
cnt=2 s0=PALM(4321,1609) s1=PALM(453,1836) [filtered=1272]
cnt=2 s0=PALM(4323,1605) s1=PALM(449,1831) [filtered=1273]
cnt=2 s0=PALM(4325,1602) s1=PALM(445,1827) [filtered=1274]
cnt=2 s0=PALM(4327,1599) s1=PALM(441,1823) [filtered=1275]
cnt=2 s0=PALM(4329,1596) s1=PALM(437,1819) [filtered=1276]
cnt=2 s0=PALM(4330,1593) s1=PALM(432,1816) [filtered=1277]
cnt=2 s0=PALM(4331,1590) s1=PALM(428,1813) [filtered=1278]
cnt=2 s0=PALM(4333,1587) s1=PALM(422,1811) [filtered=1279]
cnt=2 s0=PALM(4335,1583) s1=PALM(416,1810) [filtered=1280]
cnt=2 s0=PALM(4336,1580) s1=PALM(411,1809) [filtered=1281]
cnt=2 s0=PALM(4338,1577) s1=PALM(404,1809) [filtered=1282]
cnt=2 s0=PALM(4341,1574) s1=PALM(398,1809) [filtered=1283]
cnt=2 s0=PALM(4342,1572) s1=PALM(393,1809) [filtered=1284]
cnt=2 s0=PALM(4344,1570) s1=PALM(387,1812) [filtered=1285]
cnt=2 s0=PALM(4345,1568) s1=PALM(382,1815) [filtered=1286]
cnt=2 s0=PALM(4347,1566) s1=PALM(378,1818) [filtered=1287]
cnt=2 s0=PALM(4349,1564) s1=PALM(372,1822) [filtered=1288]
cnt=2 s0=PALM(4350,1562) s1=PALM(367,1826) [filtered=1289]
cnt=2 s0=PALM(4352,1561) s1=PALM(362,1830) [filtered=1290]
cnt=2 s0=PALM(4354,1560) s1=PALM(355,1835) [filtered=1291]
cnt=2 s0=PALM(4355,1559) s1=PALM(349,1839) [filtered=1292]
cnt=2 s0=PALM(4357,1558) s1=PALM(342,1843) [filtered=1293]
cnt=2 s0=PALM(4359,1557) s1=PALM(335,1849) [filtered=1294]
cnt=2 s0=PALM(4360,1556) s1=PALM(329,1854) [filtered=1295]
cnt=2 s0=PALM(4361,1555) s1=PALM(322,1859) [filtered=1296]
cnt=2 s0=PALM(4362,1554) s1=PALM(315,1864) [filtered=1297]
cnt=2 s0=PALM(4362,1554) s1=PALM(309,1868) [filtered=1298]
cnt=2 s0=PALM(4363,1553) s1=PALM(303,1873) [filtered=1299]
cnt=2 s0=PALM(4364,1552) s1=PALM(297,1878) [filtered=1300]
cnt=2 s0=PALM(4364,1552) s1=PALM(292,1882) [filtered=1301]
cnt=2 s0=PALM(4365,1551) s1=PALM(288,1887) [filtered=1302]
cnt=2 s0=PALM(4365,1550) s1=PALM(283,1892) [filtered=1303]
cnt=2 s0=PALM(4365,1550) s1=PALM(279,1896) [filtered=1304]
cnt=2 s0=PALM(4365,1550) s1=PALM(275,1901) [filtered=1305]
cnt=2 s0=PALM(4365,1549) s1=PALM(270,1906) [filtered=1306]
cnt=2 s0=PALM(4365,1548) s1=PALM(266,1910) [filtered=1307]
cnt=2 s0=PALM(4365,1548)* s1=PALM(263,1913) [filtered=1308]
cnt=2 s0=PALM(4365,1548)* s1=PALM(259,1917) [filtered=1309]
cnt=2 s0=PALM(4365,1548)* s1=PALM(255,1921) [filtered=1310]
cnt=2 s0=PALM(4365,1548)* s1=PALM(252,1924) [filtered=1311]
cnt=2 s0=PALM(4365,1547)* s1=PALM(249,1928) [filtered=1312]
cnt=2 s0=PALM(4365,1547)* s1=PALM(245,1932) [filtered=1313]
cnt=2 s0=PALM(4365,1547)* s1=PALM(241,1936) [filtered=1314]
cnt=2 s0=PALM(4365,1547)* s1=PALM(238,1939) [filtered=1315]
cnt=2 s0=PALM(4365,1547)* s1=PALM(236,1943) [filtered=1316]
cnt=2 s0=PALM(4365,1547)* s1=PALM(235,1946) [filtered=1317]
cnt=2 s0=PALM(4365,1547)* s1=PALM(235,1948) [filtered=1318]
cnt=2 s0=PALM(4365,1547)* s1=PALM(234,1950) [filtered=1319]
cnt=2 s0=PALM(4364,1547)* s1=PALM(232,1952) [filtered=1320]
cnt=2 s0=PALM(4364,1547)* s1=PALM(230,1955) [filtered=1321]
cnt=2 s0=PALM(4364,1547)* s1=PALM(229,1957) [filtered=1322]
cnt=2 s0=PALM(4363,1547)* s1=PALM(227,1959) [filtered=1323]
cnt=2 s0=PALM(4362,1547)* s1=PALM(224,1962) [filtered=1324]
cnt=2 s0=PALM(4362,1547)* s1=PALM(223,1964) [filtered=1325]
cnt=2 s0=PALM(4362,1547)* s1=PALM(221,1966) [filtered=1326]
cnt=2 s0=PALM(4361,1547)* s1=PALM(219,1968) [filtered=1327]
cnt=2 s0=PALM(4361,1547)* s1=PALM(216,1971) [filtered=1328]
cnt=2 s0=PALM(4361,1547)* s1=PALM(215,1973) [filtered=1329]
cnt=2 s0=PALM(4360,1547)* s1=PALM(213,1974) [filtered=1330]
cnt=2 s0=PALM(4360,1547)* s1=PALM(211,1975) [filtered=1331]
cnt=2 s0=PALM(4359,1547)* s1=PALM(209,1977) [filtered=1332]
cnt=2 s0=PALM(4359,1547)* s1=PALM(208,1978) [filtered=1333]
cnt=2 s0=PALM(4358,1547)* s1=PALM(206,1979) [filtered=1334]
cnt=2 s0=PALM(4358,1547)* s1=PALM(205,1980) [filtered=1335]
cnt=2 s0=PALM(4358,1547)* s1=PALM(204,1981) [filtered=1336]
cnt=2 s0=PALM(4357,1547)* s1=PALM(203,1982) [filtered=1337]
cnt=2 s0=PALM(4356,1547)* s1=PALM(202,1983) [filtered=1338]
cnt=2 s0=PALM(4356,1547)* s1=PALM(202,1983) [filtered=1339]
cnt=2 s0=PALM(4355,1547)* s1=PALM(202,1984) [filtered=1340]
cnt=2 s0=PALM(4354,1547)* s1=PALM(202,1984) [filtered=1341]
cnt=2 s0=PALM(4353,1547)* s1=PALM(202,1984) [filtered=1342]
cnt=2 s0=PALM(4352,1547)* s1=PALM(202,1984) [filtered=1343]
cnt=2 s0=PALM(4351,1547)* s1=PALM(202,1984) [filtered=1344]
cnt=2 s0=PALM(4350,1547)* s1=PALM(202,1984) [filtered=1345]
cnt=2 s0=PALM(4350,1547)* s1=PALM(202,1984) [filtered=1346]
cnt=2 s0=PALM(4349,1547)* s1=PALM(203,1984) [filtered=1347]
cnt=2 s0=PALM(4348,1547)* s1=PALM(204,1984) [filtered=1348]
cnt=2 s0=PALM(4348,1547)* s1=PALM(205,1984) [filtered=1349]
cnt=2 s0=PALM(4347,1547)* s1=PALM(206,1984) [filtered=1350]
cnt=2 s0=PALM(4346,1547)* s1=PALM(208,1984) [filtered=1351]
cnt=2 s0=PALM(4346,1547)* s1=PALM(209,1984)* [filtered=1352]
cnt=2 s0=PALM(4345,1547)* s1=PALM(210,1984)* [filtered=1353]
cnt=2 s0=PALM(4344,1547)* s1=PALM(212,1985)* [filtered=1354]
cnt=2 s0=PALM(4343,1547)* s1=PALM(213,1985)* [filtered=1355]
cnt=2 s0=PALM(4342,1547)* s1=PALM(215,1985)* [filtered=1356]
cnt=2 s0=PALM(4341,1547)* s1=PALM(217,1986)* [filtered=1357]
cnt=2 s0=PALM(4340,1547)* s1=PALM(218,1987)* [filtered=1358]
cnt=2 s0=PALM(4339,1547)* s1=PALM(221,1988) [filtered=1359]
cnt=2 s0=PALM(4338,1547)* s1=PALM(225,1990) [filtered=1360]
cnt=2 s0=PALM(4338,1547)* s1=PALM(228,1991) [filtered=1361]
cnt=2 s0=PALM(4337,1547)* s1=PALM(232,1992) [filtered=1362]
cnt=2 s0=PALM(4336,1547)* s1=PALM(237,1995) [filtered=1363]
cnt=2 s0=PALM(4335,1547)* s1=PALM(241,1997) [filtered=1364]
cnt=2 s0=PALM(4334,1547)* s1=PALM(247,2000) [filtered=1365]
cnt=2 s0=PALM(4333,1547)* s1=PALM(254,2003) [filtered=1366]
cnt=2 s0=PALM(4332,1547)* s1=PALM(260,2005) [filtered=1367]
cnt=2 s0=PALM(4331,1547)* s1=PALM(268,2008) [filtered=1368]
cnt=2 s0=PALM(4329,1546)* s1=PALM(276,2011) [filtered=1369]
cnt=2 s0=PALM(4327,1546)* s1=PALM(285,2015) [filtered=1370]
cnt=2 s0=PALM(4326,1546)* s1=PALM(293,2018) [filtered=1371]
cnt=2 s0=PALM(4325,1545)* s1=PALM(302,2022) [filtered=1372]
cnt=2 s0=PALM(4324,1545)* s1=PALM(310,2025) [filtered=1373]
cnt=2 s0=PALM(4322,1545)* s1=PALM(317,2027) [filtered=1374]
cnt=2 s0=PALM(4320,1545)* s1=PALM(325,2030) [filtered=1375]
cnt=2 s0=PALM(4318,1546)* s1=PALM(333,2034) [filtered=1376]
cnt=2 s0=PALM(4317,1546)* s1=PALM(340,2037) [filtered=1377]
cnt=2 s0=PALM(4315,1547)* s1=PALM(349,2041) [filtered=1378]
cnt=2 s0=PALM(4313,1548)* s1=PALM(357,2045) [filtered=1379]
cnt=2 s0=PALM(4312,1549)* s1=PALM(364,2049) [filtered=1380]
cnt=2 s0=PALM(4311,1551)* s1=PALM(371,2053) [filtered=1381]
cnt=2 s0=PALM(4309,1554) s1=PALM(379,2057) [filtered=1382]
cnt=2 s0=PALM(4307,1558) s1=PALM(386,2062) [filtered=1383]
cnt=2 s0=PALM(4306,1561) s1=PALM(392,2066) [filtered=1384]
cnt=2 s0=PALM(4304,1565) s1=PALM(398,2070) [filtered=1385]
cnt=2 s0=PALM(4301,1570) s1=PALM(405,2074) [filtered=1386]
cnt=2 s0=PALM(4298,1575) s1=PALM(412,2078) [filtered=1387]
cnt=2 s0=PALM(4296,1580) s1=PALM(418,2081) [filtered=1388]
cnt=2 s0=PALM(4293,1585) s1=PALM(424,2085) [filtered=1389]
cnt=2 s0=PALM(4289,1590) s1=PALM(430,2089) [filtered=1390]
cnt=2 s0=PALM(4285,1596) s1=PALM(436,2093) [filtered=1391]
cnt=2 s0=fng (4282,1601) s1=PALM(441,2096) [filtered=1392]
cnt=2 s0=fng (4278,1607) s1=PALM(445,2099) [filtered=1393]
cnt=2 s0=fng (4274,1613) s1=PALM(450,2101) [filtered=1394]
cnt=2 s0=fng (4271,1618) s1=PALM(454,2103) [filtered=1395]
cnt=2 s0=fng (4267,1623) s1=PALM(458,2105) [filtered=1396]
cnt=2 s0=fng (4263,1628) s1=PALM(461,2106) [filtered=1397]
cnt=2 s0=fng (4258,1632) s1=PALM(465,2108) [filtered=1398]
cnt=2 s0=fng (4254,1635) s1=PALM(468,2109) [filtered=1399]
cnt=1 s0=fng (4249,1638) [filtered=1399]
cnt=2 s0=fng (4244,1642) s1=PALM(503,2124) [filtered=1400]
cnt=2 s0=fng (4240,1645) s1=PALM(503,2124) [filtered=1401]
cnt=2 s0=fng (4236,1647) s1=PALM(503,2124) [filtered=1402]
cnt=2 s0=fng (4231,1649) s1=PALM(503,2124) [filtered=1403]
cnt=2 s0=fng (4226,1652) s1=PALM(503,2124) [filtered=1404]
cnt=2 s0=fng (4222,1654) s1=PALM(503,2124) [filtered=1405]
cnt=2 s0=fng (4217,1655) s1=PALM(503,2124) [filtered=1406]
cnt=2 s0=fng (4212,1656) s1=PALM(503,2124) [filtered=1407]
cnt=2 s0=fng (4208,1657) s1=PALM(503,2124) [filtered=1408]
cnt=2 s0=fng (4203,1658) s1=PALM(502,2124) [filtered=1409]
cnt=2 s0=fng (4199,1659) s1=PALM(502,2124) [filtered=1410]
cnt=2 s0=fng (4196,1659) s1=PALM(502,2124) [filtered=1411]
cnt=2 s0=fng (4192,1659) s1=PALM(501,2124) [filtered=1412]
cnt=2 s0=fng (4188,1659) s1=PALM(500,2124) [filtered=1413]
cnt=2 s0=fng (4184,1658) s1=PALM(499,2124) [filtered=1414]
cnt=2 s0=fng (4181,1658) s1=PALM(499,2124) [filtered=1415]
cnt=2 s0=fng (4179,1657) s1=PALM(498,2124) [filtered=1416]
cnt=2 s0=fng (4177,1657) s1=PALM(497,2124) [filtered=1417]
cnt=2 s0=fng (4176,1656) s1=PALM(496,2124) [filtered=1418]
cnt=2 s0=fng (4175,1656) s1=PALM(496,2124) [filtered=1419]
cnt=2 s0=fng (4175,1656) s1=PALM(495,2124)* [filtered=1420]
cnt=1 s0=fng (4175,1656) [filtered=1420]
cnt=1 s0=fng (4176,1656) [filtered=1420]
cnt=1 s0=fng (4177,1656) [filtered=1420]
cnt=1 s0=fng (4177,1656) [filtered=1420]
cnt=1 s0=fng (4178,1657) [filtered=1420]
cnt=1 s0=fng (4179,1657) [filtered=1420]
cnt=1 s0=fng (4181,1657) [filtered=1420]
cnt=1 s0=fng (4183,1657) [filtered=1420]
cnt=1 s0=fng (4184,1657) [filtered=1420]
cnt=1 s0=fng (4186,1657) [filtered=1420]
cnt=1 s0=fng (4188,1657) [filtered=1420]
cnt=1 s0=fng (4190,1657) [filtered=1420]
cnt=1 s0=fng (4192,1657) [filtered=1420]
cnt=1 s0=fng (4193,1657)* [filtered=1420]
cnt=1 s0=fng (4194,1657)* [filtered=1420]
cnt=1 s0=fng (4196,1657)* [filtered=1420]
cnt=1 s0=fng (4198,1656)* [filtered=1420]
cnt=1 s0=fng (4199,1656)* [filtered=1420]
cnt=1 s0=fng (4201,1656)* [filtered=1420]
cnt=1 s0=fng (4203,1656)* [filtered=1420]
cnt=1 s0=fng (4205,1655)* [filtered=1420]
cnt=1 s0=fng (4208,1654) [filtered=1420]
cnt=1 s0=fng (4209,1654) [filtered=1420]
cnt=1 s0=fng (4212,1654) [filtered=1420]
cnt=1 s0=fng (4215,1653) [filtered=1420]
cnt=1 s0=fng (4219,1652) [filtered=1420]
cnt=1 s0=fng (4224,1651) [filtered=1420]
cnt=1 s0=fng (4227,1650) [filtered=1420]
cnt=1 s0=fng (4231,1650) [filtered=1420]
cnt=1 s0=fng (4236,1649) [filtered=1420]
cnt=1 s0=fng (4241,1649) [filtered=1420]
cnt=1 s0=fng (4245,1649) [filtered=1420]
cnt=1 s0=fng (4250,1648) [filtered=1420]
cnt=1 s0=fng (4255,1647) [filtered=1420]
cnt=1 s0=fng (4260,1646) [filtered=1420]
cnt=1 s0=fng (4266,1645) [filtered=1420]
cnt=1 s0=fng (4271,1645) [filtered=1420]
cnt=1 s0=fng (4276,1644) [filtered=1420]
cnt=1 s0=fng (4281,1643) [filtered=1420]
cnt=1 s0=fng (4287,1642) [filtered=1420]
cnt=1 s0=fng (4293,1641) [filtered=1420]
cnt=1 s0=fng (4298,1640) [filtered=1420]
cnt=1 s0=fng (4303,1638) [filtered=1420]
cnt=1 s0=fng (4309,1636) [filtered=1420]
cnt=1 s0=fng (4316,1634) [filtered=1420]
cnt=1 s0=fng (4323,1631) [filtered=1420]
cnt=1 s0=fng (4329,1630) [filtered=1420]
cnt=1 s0=fng (4335,1628) [filtered=1420]
cnt=1 s0=fng (4341,1625) [filtered=1420]
cnt=1 s0=fng (4347,1621) [filtered=1420]
cnt=1 s0=fng (4354,1616) [filtered=1420]
cnt=1 s0=fng (4360,1613) [filtered=1420]
cnt=1 s0=fng (4366,1608) [filtered=1420]
cnt=1 s0=fng (4372,1603) [filtered=1420]
cnt=1 s0=fng (4377,1598) [filtered=1420]
cnt=1 s0=fng (4381,1594) [filtered=1420]
cnt=1 s0=fng (4386,1588) [filtered=1420]
cnt=1 s0=fng (4391,1581) [filtered=1420]
cnt=1 s0=fng (4396,1574) [filtered=1420]
cnt=1 s0=fng (4400,1566) [filtered=1420]
cnt=1 s0=fng (4403,1559) [filtered=1420]
cnt=1 s0=fng (4406,1551) [filtered=1420]
cnt=1 s0=fng (4410,1543) [filtered=1420]
cnt=1 s0=fng (4414,1535) [filtered=1420]
cnt=1 s0=fng (4417,1528) [filtered=1420]
cnt=1 s0=fng (4420,1520) [filtered=1420]
cnt=1 s0=fng (4425,1512) [filtered=1420]
cnt=1 s0=fng (4430,1504) [filtered=1420]
cnt=1 s0=fng (4435,1496) [filtered=1420]
cnt=1 s0=fng (4439,1489) [filtered=1420]
cnt=1 s0=fng (4443,1482) [filtered=1420]
cnt=1 s0=fng (4447,1474) [filtered=1420]
cnt=1 s0=fng (4452,1467) [filtered=1420]
cnt=1 s0=fng (4457,1461) [filtered=1420]
cnt=1 s0=fng (4461,1456) [filtered=1420]
cnt=1 s0=fng (4465,1451) [filtered=1420]
cnt=1 s0=fng (4470,1445) [filtered=1420]
cnt=1 s0=fng (4475,1440) [filtered=1420]
cnt=1 s0=fng (4480,1435) [filtered=1420]
cnt=1 s0=fng (4484,1431) [filtered=1420]
cnt=1 s0=fng (4488,1427) [filtered=1420]
cnt=1 s0=fng (4492,1423) [filtered=1420]
cnt=1 s0=fng (4496,1419) [filtered=1420]
cnt=1 s0=fng (4500,1416) [filtered=1420]
cnt=1 s0=fng (4503,1414) [filtered=1420]
cnt=1 s0=fng (4505,1412) [filtered=1420]
cnt=1 s0=fng (4507,1409) [filtered=1420]
cnt=1 s0=fng (4509,1407) [filtered=1420]
cnt=1 s0=fng (4510,1406) [filtered=1420]
cnt=1 s0=fng (4511,1405) [filtered=1420]
cnt=1 s0=fng (4512,1403) [filtered=1420]
cnt=1 s0=fng (4514,1401) [filtered=1420]
cnt=1 s0=fng (4515,1399) [filtered=1420]
cnt=1 s0=fng (4515,1398) [filtered=1420]
cnt=1 s0=fng (4515,1397) [filtered=1420]
cnt=2 s0=PALM(4515,1396) s1=PALM(131,2146) [filtered=1421]
cnt=2 s0=PALM(4515,1395) s1=PALM(131,2146) [filtered=1422]
cnt=2 s0=PALM(4515,1394) s1=PALM(131,2146) [filtered=1423]
cnt=2 s0=PALM(4514,1393) s1=PALM(131,2146) [filtered=1424]
cnt=2 s0=PALM(4513,1393) s1=PALM(131,2146) [filtered=1425]
cnt=2 s0=PALM(4512,1392) s1=PALM(131,2146) [filtered=1426]
cnt=2 s0=PALM(4512,1392) s1=PALM(131,2146) [filtered=1427]
cnt=2 s0=PALM(4511,1392) s1=PALM(131,2146) [filtered=1428]
cnt=2 s0=PALM(4510,1392) s1=PALM(131,2146) [filtered=1429]
cnt=2 s0=PALM(4509,1392) s1=PALM(131,2146) [filtered=1430]
cnt=2 s0=PALM(4508,1392) s1=PALM(131,2146) [filtered=1431]
cnt=2 s0=PALM(4506,1393) s1=PALM(139,2148) [filtered=1432]
cnt=2 s0=PALM(4504,1394) s1=PALM(152,2153) [filtered=1433]
cnt=2 s0=PALM(4503,1394) s1=PALM(164,2156) [filtered=1434]
cnt=2 s0=PALM(4502,1395) s1=PALM(178,2162) [filtered=1435]
cnt=2 s0=PALM(4500,1396) s1=PALM(194,2171) [filtered=1436]
cnt=2 s0=PALM(4499,1397)* s1=PALM(210,2180) [filtered=1437]
cnt=2 s0=PALM(4496,1399) s1=PALM(226,2190) [filtered=1438]
cnt=2 s0=PALM(4493,1402) s1=PALM(242,2202) [filtered=1439]
cnt=2 s0=PALM(4489,1405) s1=PALM(257,2215) [filtered=1440]
cnt=2 s0=PALM(4486,1407) s1=PALM(272,2228) [filtered=1441]
cnt=2 s0=PALM(4482,1410) s1=PALM(286,2243) [filtered=1442]
cnt=2 s0=PALM(4479,1412) s1=PALM(299,2257) [filtered=1443]
cnt=2 s0=PALM(4476,1415) s1=PALM(310,2272) [filtered=1444]
cnt=2 s0=PALM(4472,1418) s1=PALM(322,2289) [filtered=1445]
cnt=2 s0=PALM(4469,1421) s1=PALM(333,2305) [filtered=1446]
cnt=2 s0=PALM(4465,1424) s1=PALM(344,2322) [filtered=1447]
cnt=2 s0=PALM(4461,1428) s1=PALM(356,2339) [filtered=1448]
cnt=2 s0=PALM(4458,1431) s1=PALM(367,2355) [filtered=1449]
cnt=2 s0=PALM(4453,1434) s1=PALM(378,2372) [filtered=1450]
cnt=2 s0=PALM(4448,1438) s1=PALM(390,2389) [filtered=1451]
cnt=2 s0=PALM(4444,1442) s1=PALM(401,2405) [filtered=1452]
cnt=2 s0=PALM(4439,1445) s1=PALM(413,2421) [filtered=1453]
cnt=2 s0=PALM(4434,1448) s1=PALM(425,2436) [filtered=1454]
cnt=2 s0=PALM(4429,1452) s1=PALM(437,2450) [filtered=1455]
cnt=2 s0=PALM(4424,1455) s1=PALM(448,2463) [filtered=1456]
cnt=2 s0=PALM(4419,1459) s1=PALM(461,2477) [filtered=1457]
cnt=2 s0=PALM(4414,1462) s1=PALM(474,2489) [filtered=1458]
cnt=2 s0=PALM(4410,1464) s1=PALM(486,2500) [filtered=1459]
cnt=2 s0=PALM(4405,1467) s1=PALM(499,2509) [filtered=1460]
cnt=2 s0=PALM(4400,1470) s1=PALM(512,2516) [filtered=1461]
cnt=2 s0=PALM(4396,1472) s1=PALM(524,2523) [filtered=1462]
cnt=2 s0=PALM(4393,1473) s1=PALM(536,2529) [filtered=1463]
cnt=2 s0=PALM(4390,1473) s1=PALM(548,2535) [filtered=1464]
cnt=2 s0=PALM(4387,1474) s1=PALM(558,2539) [filtered=1465]
cnt=2 s0=PALM(4384,1476) s1=PALM(568,2541) [filtered=1466]
cnt=2 s0=PALM(4381,1477) s1=PALM(578,2543) [filtered=1467]
cnt=2 s0=PALM(4378,1478) s1=PALM(587,2545) [filtered=1468]
cnt=2 s0=PALM(4375,1479) s1=PALM(596,2547) [filtered=1469]
cnt=2 s0=PALM(4373,1480) s1=PALM(605,2547) [filtered=1470]
cnt=2 s0=PALM(4371,1481) s1=PALM(613,2547) [filtered=1471]
cnt=2 s0=PALM(4369,1482) s1=PALM(621,2547) [filtered=1472]
cnt=2 s0=PALM(4367,1483) s1=PALM(627,2544) [filtered=1473]
cnt=2 s0=PALM(4364,1485) s1=PALM(632,2540) [filtered=1474]
cnt=2 s0=PALM(4362,1486) s1=PALM(637,2536) [filtered=1475]
cnt=2 s0=PALM(4360,1487) s1=PALM(641,2531) [filtered=1476]
cnt=2 s0=PALM(4358,1489) s1=PALM(644,2525) [filtered=1477]
cnt=2 s0=PALM(4357,1490) s1=PALM(647,2520) [filtered=1478]
cnt=2 s0=PALM(4356,1491) s1=PALM(650,2514) [filtered=1479]
cnt=2 s0=PALM(4355,1491) s1=PALM(653,2509) [filtered=1480]
cnt=2 s0=PALM(4354,1493) s1=PALM(655,2502) [filtered=1481]
cnt=2 s0=PALM(4353,1494) s1=PALM(657,2495) [filtered=1482]
cnt=2 s0=PALM(4352,1496) s1=PALM(659,2486) [filtered=1483]
cnt=2 s0=PALM(4350,1499) s1=PALM(661,2475) [filtered=1484]
cnt=2 s0=PALM(4349,1501) s1=PALM(663,2464) [filtered=1485]
cnt=2 s0=PALM(4347,1504) s1=PALM(665,2451) [filtered=1486]
cnt=2 s0=PALM(4346,1506) s1=PALM(667,2439) [filtered=1487]
cnt=2 s0=PALM(4343,1510) s1=PALM(669,2424) [filtered=1488]
cnt=2 s0=PALM(4340,1515) s1=PALM(671,2409) [filtered=1489]
cnt=2 s0=PALM(4337,1519) s1=PALM(673,2395) [filtered=1490]
cnt=2 s0=PALM(4333,1524) s1=PALM(674,2379) [filtered=1491]
cnt=2 s0=PALM(4330,1528) s1=PALM(675,2364) [filtered=1492]
cnt=2 s0=PALM(4325,1532) s1=PALM(676,2348) [filtered=1493]
cnt=2 s0=PALM(4321,1536) s1=PALM(677,2333) [filtered=1494]
cnt=2 s0=PALM(4317,1541) s1=PALM(677,2318) [filtered=1495]
cnt=2 s0=PALM(4311,1547) s1=PALM(677,2303) [filtered=1496]
cnt=2 s0=PALM(4306,1552) s1=PALM(677,2289) [filtered=1497]
cnt=2 s0=PALM(4299,1559) s1=PALM(677,2276) [filtered=1498]
cnt=2 s0=PALM(4292,1566) s1=PALM(674,2263) [filtered=1499]
cnt=2 s0=PALM(4286,1572) s1=PALM(671,2251) [filtered=1500]
cnt=2 s0=fng (4280,1578) s1=PALM(668,2239) [filtered=1501]
cnt=2 s0=fng (4274,1584) s1=PALM(665,2227) [filtered=1502]
cnt=2 s0=fng (4268,1590) s1=PALM(662,2216) [filtered=1503]
cnt=2 s0=fng (4261,1597) s1=PALM(659,2205) [filtered=1504]
cnt=2 s0=fng (4255,1603) s1=PALM(658,2194) [filtered=1505]
cnt=2 s0=fng (4249,1610) s1=PALM(657,2184) [filtered=1506]
cnt=2 s0=fng (4243,1616) s1=PALM(656,2174) [filtered=1507]
cnt=2 s0=fng (4238,1622) s1=PALM(655,2164) [filtered=1508]
cnt=2 s0=fng (4233,1629) s1=PALM(655,2155) [filtered=1509]
cnt=2 s0=fng (4228,1635) s1=PALM(655,2146) [filtered=1510]
cnt=2 s0=fng (4223,1641) s1=PALM(655,2138) [filtered=1511]
cnt=2 s0=fng (4218,1647) s1=PALM(655,2130) [filtered=1512]
cnt=2 s0=fng (4214,1653) s1=PALM(655,2122) [filtered=1513]
cnt=2 s0=fng (4210,1659) s1=PALM(655,2114) [filtered=1514]
cnt=2 s0=fng (4206,1665) s1=PALM(656,2108) [filtered=1515]
cnt=2 s0=fng (4202,1670) s1=PALM(658,2102) [filtered=1516]
cnt=2 s0=fng (4198,1675) s1=PALM(659,2096) [filtered=1517]
cnt=2 s0=fng (4194,1679) s1=PALM(660,2092) [filtered=1518]
cnt=2 s0=fng (4190,1683) s1=PALM(661,2088) [filtered=1519]
cnt=2 s0=fng (4186,1687) s1=PALM(663,2084) [filtered=1520]
cnt=2 s0=fng (4182,1691) s1=PALM(664,2080) [filtered=1521]
cnt=2 s0=fng (4179,1694) s1=PALM(666,2076) [filtered=1522]
cnt=2 s0=fng (4176,1696) s1=PALM(668,2072) [filtered=1523]
cnt=2 s0=fng (4173,1698) s1=PALM(669,2068) [filtered=1524]
cnt=2 s0=fng (4171,1700) s1=PALM(672,2064) [filtered=1525]
cnt=2 s0=fng (4169,1702) s1=PALM(674,2060) [filtered=1526]
cnt=2 s0=fng (4168,1704) s1=PALM(676,2055) [filtered=1527]
cnt=2 s0=fng (4168,1706) s1=PALM(679,2050) [filtered=1528]
cnt=2 s0=fng (4168,1708) s1=PALM(681,2045) [filtered=1529]
cnt=2 s0=fng (4168,1710) s1=PALM(683,2040) [filtered=1530]
cnt=2 s0=fng (4171,1711) s1=PALM(684,2035) [filtered=1531]
cnt=2 s0=fng (4174,1712) s1=PALM(685,2030) [filtered=1532]
cnt=2 s0=fng (4178,1713) s1=PALM(686,2025) [filtered=1533]
cnt=2 s0=fng (4181,1714) s1=PALM(687,2020) [filtered=1534]
cnt=2 s0=fng (4185,1716) s1=PALM(688,2015) [filtered=1535]
cnt=2 s0=fng (4191,1719) s1=PALM(690,2010) [filtered=1536]
cnt=2 s0=fng (4196,1722) s1=PALM(691,2005) [filtered=1537]
cnt=2 s0=fng (4203,1727) s1=PALM(692,2000) [filtered=1538]
cnt=2 s0=fng (4212,1732) s1=PALM(693,1995) [filtered=1539]
cnt=2 s0=fng (4221,1736) s1=PALM(693,1990) [filtered=1540]
cnt=2 s0=fng (4231,1742) s1=PALM(694,1986) [filtered=1541]
cnt=1 s0=fng (4242,1748) [filtered=1541]
cnt=1 s0=fng (4253,1753) [filtered=1541]
cnt=2 s0=fng (4264,1758) s1=PALM(705,1937) [filtered=1542]
cnt=2 s0=fng (4276,1763) s1=PALM(705,1936) [filtered=1543]
cnt=2 s0=PALM(4288,1767) s1=PALM(705,1936) [filtered=1544]
cnt=2 s0=PALM(4299,1771) s1=PALM(705,1936) [filtered=1545]
cnt=2 s0=PALM(4310,1774) s1=PALM(704,1935) [filtered=1546]
cnt=2 s0=PALM(4321,1777) s1=PALM(704,1935) [filtered=1547]
cnt=2 s0=PALM(4331,1779) s1=PALM(704,1935) [filtered=1548]
cnt=2 s0=PALM(4341,1780) s1=PALM(703,1934) [filtered=1549]
cnt=2 s0=PALM(4350,1779) s1=PALM(702,1933) [filtered=1550]
cnt=2 s0=PALM(4359,1779) s1=PALM(702,1932) [filtered=1551]
cnt=2 s0=PALM(4367,1779) s1=PALM(701,1931) [filtered=1552]
cnt=2 s0=PALM(4374,1778) s1=PALM(700,1930) [filtered=1553]
cnt=2 s0=PALM(4381,1777) s1=PALM(699,1929) [filtered=1554]
cnt=2 s0=PALM(4387,1777) s1=PALM(699,1929) [filtered=1555]
cnt=2 s0=PALM(4394,1776) s1=PALM(697,1927) [filtered=1556]
cnt=2 s0=PALM(4400,1775) s1=PALM(694,1925) [filtered=1557]
cnt=2 s0=PALM(4405,1775) s1=PALM(692,1924) [filtered=1558]
cnt=2 s0=PALM(4410,1774) s1=PALM(688,1923) [filtered=1559]
cnt=2 s0=PALM(4416,1773) s1=PALM(684,1924) [filtered=1560]
cnt=2 s0=PALM(4421,1773) s1=PALM(681,1924) [filtered=1561]
cnt=2 s0=PALM(4426,1773) s1=PALM(674,1928) [filtered=1562]
cnt=2 s0=PALM(4431,1773) s1=PALM(666,1932) [filtered=1563]
cnt=2 s0=PALM(4435,1773) s1=PALM(658,1937) [filtered=1564]
cnt=1 s0=fng (4439,1774) [filtered=1564]
cnt=1 s0=fng (4443,1774) [filtered=1564]
cnt=1 s0=fng (4446,1774) [filtered=1564]
cnt=1 s0=fng (4450,1775) [filtered=1564]
cnt=1 s0=fng (4454,1777) [filtered=1564]
cnt=1 s0=fng (4458,1779) [filtered=1564]
cnt=1 s0=fng (4462,1782) [filtered=1564]
cnt=1 s0=fng (4465,1784) [filtered=1564]
cnt=1 s0=fng (4469,1787) [filtered=1564]
cnt=1 s0=fng (4473,1791) [filtered=1564]
cnt=1 s0=fng (4477,1796) [filtered=1564]
cnt=1 s0=fng (4480,1800) [filtered=1564]
cnt=1 s0=fng (4483,1805) [filtered=1564]
cnt=1 s0=fng (4487,1810) [filtered=1564]
cnt=1 s0=fng (4491,1816) [filtered=1564]
cnt=1 s0=fng (4495,1823) [filtered=1564]
cnt=1 s0=fng (4498,1829) [filtered=1564]
cnt=1 s0=fng (4501,1837) [filtered=1564]
cnt=1 s0=fng (4505,1845) [filtered=1564]
cnt=1 s0=fng (4509,1854) [filtered=1564]
cnt=1 s0=fng (4512,1863) [filtered=1564]
cnt=1 s0=fng (4514,1871) [filtered=1564]
cnt=1 s0=fng (4515,1879) [filtered=1564]
cnt=1 s0=fng (4516,1888) [filtered=1564]
cnt=1 s0=fng (4516,1897) [filtered=1564]
cnt=1 s0=fng (4516,1897) [filtered=1564]
cnt=1 s0=fng (4400,2313) [filtered=1564]
cnt=1 s0=fng (4400,2313) [filtered=1564]
cnt=1 s0=fng (4400,2313) [filtered=1564]
cnt=1 s0=fng (4400,2313) [filtered=1564]
cnt=1 s0=fng (4400,2313) [filtered=1564]
cnt=1 s0=fng (4400,2313) [filtered=1564]
cnt=1 s0=fng (4400,2313) [filtered=1564]
cnt=1 s0=fng (4400,2313) [filtered=1564]
cnt=1 s0=fng (4400,2313) [filtered=1564]
cnt=1 s0=fng (4400,2313) [filtered=1564]
cnt=1 s0=fng (4400,2313) [filtered=1564]
cnt=1 s0=fng (4400,2313) [filtered=1564]
cnt=1 s0=fng (4400,2313) [filtered=1564]
cnt=2 s0=PALM(4400,2313) s1=PALM(200,2404) [filtered=1565]
cnt=2 s0=PALM(4400,2313) s1=PALM(200,2404) [filtered=1566]
cnt=2 s0=PALM(4400,2313) s1=PALM(200,2404) [filtered=1567]
cnt=2 s0=PALM(4400,2313) s1=PALM(201,2404) [filtered=1568]
cnt=2 s0=PALM(4400,2313) s1=PALM(202,2404) [filtered=1569]
cnt=2 s0=PALM(4400,2313) s1=PALM(203,2404) [filtered=1570]
cnt=2 s0=PALM(4400,2313) s1=PALM(204,2404) [filtered=1571]
cnt=2 s0=PALM(4400,2313)* s1=PALM(205,2404) [filtered=1572]
cnt=2 s0=PALM(4400,2313)* s1=PALM(206,2404) [filtered=1573]
cnt=2 s0=PALM(4400,2313)* s1=PALM(208,2404) [filtered=1574]
cnt=2 s0=PALM(4400,2313)* s1=PALM(209,2404) [filtered=1575]
cnt=2 s0=PALM(4400,2313)* s1=PALM(210,2404) [filtered=1576]
cnt=2 s0=PALM(4400,2313)* s1=PALM(212,2404) [filtered=1577]
cnt=2 s0=PALM(4400,2313)* s1=PALM(214,2404) [filtered=1578]
cnt=2 s0=PALM(4400,2313)* s1=PALM(215,2404) [filtered=1579]
cnt=2 s0=PALM(4400,2313)* s1=PALM(216,2404) [filtered=1580]
cnt=2 s0=PALM(4400,2313)* s1=PALM(217,2404) [filtered=1581]
cnt=2 s0=PALM(4400,2313)* s1=PALM(219,2405) [filtered=1582]
cnt=2 s0=PALM(4400,2313)* s1=PALM(220,2405) [filtered=1583]
cnt=2 s0=PALM(4400,2313)* s1=PALM(221,2406) [filtered=1584]
cnt=2 s0=PALM(4400,2313)* s1=PALM(222,2407)* [filtered=1585]
cnt=2 s0=PALM(4400,2313)* s1=PALM(223,2408)* [filtered=1586]
cnt=2 s0=PALM(4400,2313)* s1=PALM(224,2408)* [filtered=1587]
cnt=2 s0=PALM(4400,2313)* s1=PALM(225,2409)* [filtered=1588]
cnt=2 s0=PALM(4400,2307) s1=PALM(227,2410)* [filtered=1589]
cnt=2 s0=PALM(4400,2295) s1=PALM(229,2412) [filtered=1590]
cnt=2 s0=PALM(4400,2283) s1=PALM(230,2413) [filtered=1591]
cnt=2 s0=PALM(4400,2269) s1=PALM(231,2415) [filtered=1592]
cnt=2 s0=PALM(4400,2253) s1=PALM(232,2417) [filtered=1593]
cnt=2 s0=PALM(4400,2235) s1=PALM(234,2419) [filtered=1594]
cnt=2 s0=PALM(4400,2215) s1=PALM(235,2421) [filtered=1595]
cnt=2 s0=PALM(4400,2196) s1=PALM(235,2422) [filtered=1596]
cnt=2 s0=PALM(4401,2177) s1=PALM(236,2423) [filtered=1597]
cnt=2 s0=PALM(4403,2158) s1=PALM(236,2424) [filtered=1598]
cnt=2 s0=PALM(4405,2140) s1=PALM(237,2426) [filtered=1599]
cnt=2 s0=PALM(4408,2122) s1=PALM(238,2427) [filtered=1600]
cnt=2 s0=PALM(4409,2105) s1=PALM(238,2428) [filtered=1601]
cnt=2 s0=PALM(4412,2088) s1=PALM(239,2429) [filtered=1602]
cnt=2 s0=PALM(4415,2072) s1=PALM(239,2429) [filtered=1603]
cnt=2 s0=PALM(4419,2057) s1=PALM(240,2430) [filtered=1604]
cnt=2 s0=PALM(4422,2042) s1=PALM(240,2430) [filtered=1605]
cnt=1 s0=fng (4426,2028) [filtered=1605]
cnt=1 s0=fng (4430,2015) [filtered=1605]
cnt=1 s0=fng (4434,2003) [filtered=1605]
cnt=1 s0=fng (4439,1992) [filtered=1605]
cnt=1 s0=fng (4444,1982) [filtered=1605]
cnt=1 s0=fng (4448,1973) [filtered=1605]
cnt=1 s0=fng (4453,1963) [filtered=1605]
cnt=1 s0=fng (4458,1953) [filtered=1605]
cnt=1 s0=fng (4463,1943) [filtered=1605]
cnt=1 s0=fng (4467,1934) [filtered=1605]
cnt=1 s0=fng (4471,1926) [filtered=1605]
cnt=1 s0=fng (4475,1918) [filtered=1605]
cnt=1 s0=fng (4480,1909) [filtered=1605]
cnt=1 s0=fng (4484,1900) [filtered=1605]
cnt=1 s0=fng (4487,1892) [filtered=1605]
cnt=1 s0=fng (4490,1884) [filtered=1605]
cnt=1 s0=fng (4493,1876) [filtered=1605]
cnt=1 s0=fng (4495,1867) [filtered=1605]
cnt=1 s0=fng (4497,1859) [filtered=1605]
cnt=2 s0=PALM(4499,1851) s1=PALM(205,2351) [filtered=1606]
cnt=2 s0=PALM(4500,1843) s1=PALM(205,2351) [filtered=1607]
cnt=2 s0=PALM(4502,1836) s1=PALM(205,2351) [filtered=1608]
cnt=2 s0=PALM(4504,1828) s1=PALM(205,2350) [filtered=1609]
cnt=2 s0=PALM(4505,1821) s1=PALM(205,2350) [filtered=1610]
cnt=2 s0=PALM(4506,1814) s1=PALM(205,2350) [filtered=1611]
cnt=2 s0=PALM(4508,1807) s1=PALM(206,2349) [filtered=1612]
cnt=2 s0=PALM(4510,1801) s1=PALM(206,2348) [filtered=1613]
cnt=2 s0=PALM(4511,1795) s1=PALM(206,2348) [filtered=1614]
cnt=2 s0=PALM(4512,1790) s1=PALM(207,2347) [filtered=1615]
cnt=2 s0=PALM(4513,1785) s1=PALM(208,2346) [filtered=1616]
cnt=2 s0=PALM(4514,1781) s1=PALM(209,2346) [filtered=1617]
cnt=2 s0=PALM(4516,1776) s1=PALM(209,2346) [filtered=1618]
cnt=2 s0=PALM(4517,1772) s1=PALM(209,2346) [filtered=1619]
cnt=2 s0=PALM(4518,1768) s1=PALM(209,2346) [filtered=1620]
cnt=2 s0=PALM(4519,1764) s1=PALM(209,2346) [filtered=1621]
cnt=2 s0=PALM(4521,1761) s1=PALM(209,2346) [filtered=1622]
cnt=2 s0=PALM(4522,1758) s1=PALM(209,2346) [filtered=1623]
cnt=2 s0=PALM(4523,1756) s1=PALM(209,2346) [filtered=1624]
cnt=2 s0=PALM(4524,1754) s1=PALM(209,2346) [filtered=1625]
cnt=2 s0=PALM(4525,1753) s1=PALM(209,2346)* [filtered=1626]
cnt=2 s0=PALM(4526,1752) s1=PALM(209,2346)* [filtered=1627]
cnt=2 s0=PALM(4527,1751) s1=PALM(209,2346)* [filtered=1628]
cnt=2 s0=PALM(4529,1751) s1=PALM(209,2346)* [filtered=1629]
cnt=2 s0=PALM(4531,1752) s1=PALM(209,2346)* [filtered=1630]
cnt=2 s0=PALM(4533,1752) s1=PALM(214,2348) [filtered=1631]
cnt=2 s0=PALM(4534,1752) s1=PALM(217,2349) [filtered=1632]
cnt=2 s0=PALM(4535,1753) s1=PALM(226,2354) [filtered=1633]
cnt=2 s0=PALM(4537,1754) s1=PALM(239,2361) [filtered=1634]
cnt=2 s0=PALM(4538,1755) s1=PALM(256,2372) [filtered=1635]
cnt=2 s0=PALM(4540,1756) s1=PALM(275,2385) [filtered=1636]
cnt=2 s0=PALM(4541,1757) s1=PALM(293,2397) [filtered=1637]
cnt=2 s0=PALM(4542,1758) s1=PALM(311,2410) [filtered=1638]
cnt=2 s0=PALM(4542,1758) s1=PALM(328,2423) [filtered=1639]
cnt=1 s1=fng (328,2423) [filtered=1639]
cnt=1 s1=fng (344,2436) [filtered=1639]
cnt=1 s1=fng (359,2448) [filtered=1639]
cnt=1 s1=fng (373,2459) [filtered=1639]
cnt=1 s1=fng (386,2468) [filtered=1639]
cnt=1 s1=fng (399,2477) [filtered=1639]
cnt=1 s1=fng (412,2486) [filtered=1639]
cnt=1 s1=fng (425,2495) [filtered=1639]
cnt=1 s1=fng (438,2504) [filtered=1639]
cnt=1 s1=fng (451,2513) [filtered=1639]
cnt=1 s1=fng (465,2522) [filtered=1639]
cnt=1 s1=fng (480,2531) [filtered=1639]
cnt=1 s1=fng (496,2539) [filtered=1639]
cnt=1 s1=fng (512,2546) [filtered=1639]
cnt=1 s1=fng (528,2554) [filtered=1639]
cnt=1 s1=fng (544,2562) [filtered=1639]
cnt=1 s1=fng (560,2569) [filtered=1639]
cnt=1 s1=fng (576,2575) [filtered=1639]
cnt=1 s1=fng (592,2580) [filtered=1639]
cnt=1 s1=fng (608,2585) [filtered=1639]
cnt=1 s1=fng (624,2590) [filtered=1639]
cnt=1 s1=fng (640,2595) [filtered=1639]
cnt=1 s1=fng (655,2599) [filtered=1639]
cnt=1 s1=fng (671,2603) [filtered=1639]
cnt=1 s1=fng (687,2606) [filtered=1639]
cnt=1 s1=fng (702,2608) [filtered=1639]
cnt=1 s1=fng (717,2610) [filtered=1639]
cnt=1 s1=fng (731,2611) [filtered=1639]
cnt=1 s1=fng (744,2612) [filtered=1639]
cnt=1 s1=fng (758,2612) [filtered=1639]
cnt=1 s1=fng (771,2612) [filtered=1639]
cnt=1 s1=fng (784,2611) [filtered=1639]
cnt=1 s1=fng (796,2611) [filtered=1639]
cnt=1 s1=fng (808,2610) [filtered=1639]
cnt=1 s1=fng (820,2608) [filtered=1639]
cnt=1 s1=fng (832,2605) [filtered=1639]
cnt=1 s1=fng (843,2604) [filtered=1639]
cnt=1 s1=fng (853,2601) [filtered=1639]
cnt=1 s1=fng (863,2596) [filtered=1639]
cnt=1 s1=fng (874,2591) [filtered=1639]
cnt=1 s1=fng (884,2584) [filtered=1639]
cnt=1 s1=fng (893,2578) [filtered=1639]
cnt=1 s1=fng (902,2571) [filtered=1639]
cnt=1 s1=fng (911,2563) [filtered=1639]
cnt=1 s1=fng (921,2554) [filtered=1639]
cnt=1 s1=fng (931,2545) [filtered=1639]
cnt=1 s1=fng (940,2536) [filtered=1639]
cnt=1 s1=fng (948,2526) [filtered=1639]
cnt=1 s1=fng (956,2516) [filtered=1639]
cnt=1 s1=fng (965,2505) [filtered=1639]
cnt=1 s1=fng (973,2494) [filtered=1639]
cnt=1 s1=fng (980,2482) [filtered=1639]
cnt=1 s1=fng (986,2470) [filtered=1639]
cnt=1 s1=fng (991,2458) [filtered=1639]
cnt=1 s1=fng (996,2447) [filtered=1639]
cnt=1 s1=fng (1000,2435) [filtered=1639]
cnt=1 s1=fng (1004,2423) [filtered=1639]
cnt=1 s1=fng (1007,2410) [filtered=1639]
cnt=1 s1=fng (1009,2397) [filtered=1639]
cnt=1 s1=fng (1010,2384) [filtered=1639]
cnt=1 s1=fng (1009,2372) [filtered=1639]
cnt=1 s1=fng (1009,2359) [filtered=1639]
cnt=1 s1=fng (1009,2346) [filtered=1639]
cnt=1 s1=fng (1008,2333) [filtered=1639]
cnt=1 s1=fng (1008,2321) [filtered=1639]
cnt=1 s1=fng (1007,2308) [filtered=1639]
cnt=1 s1=fng (1006,2295) [filtered=1639]
cnt=1 s1=fng (1004,2282) [filtered=1639]
cnt=1 s1=fng (1003,2270) [filtered=1639]
cnt=1 s1=fng (1000,2258) [filtered=1639]
cnt=1 s1=fng (996,2245) [filtered=1639]
cnt=1 s1=fng (992,2232) [filtered=1639]
cnt=1 s1=fng (986,2219) [filtered=1639]
cnt=1 s1=fng (982,2207) [filtered=1639]
cnt=1 s1=fng (977,2195) [filtered=1639]
cnt=1 s1=fng (971,2182) [filtered=1639]
cnt=1 s1=fng (964,2169) [filtered=1639]
cnt=1 s1=fng (957,2157) [filtered=1639]
cnt=1 s1=fng (950,2146) [filtered=1639]
cnt=1 s1=fng (942,2135) [filtered=1639]
cnt=1 s1=fng (934,2125) [filtered=1639]
cnt=1 s1=fng (925,2114) [filtered=1639]
cnt=1 s1=fng (917,2104) [filtered=1639]
cnt=1 s1=fng (908,2095) [filtered=1639]
cnt=1 s1=fng (899,2086) [filtered=1639]
cnt=1 s1=fng (890,2076) [filtered=1639]
cnt=1 s1=fng (881,2066) [filtered=1639]
cnt=1 s1=fng (872,2057) [filtered=1639]
cnt=1 s1=fng (862,2049) [filtered=1639]
cnt=1 s1=fng (852,2041) [filtered=1639]
cnt=1 s1=fng (842,2032) [filtered=1639]
cnt=1 s1=fng (833,2024) [filtered=1639]
cnt=1 s1=fng (823,2016) [filtered=1639]
cnt=1 s1=fng (813,2009) [filtered=1639]
cnt=1 s1=fng (804,2002) [filtered=1639]
cnt=1 s1=fng (795,1995) [filtered=1639]
cnt=1 s1=fng (787,1989) [filtered=1639]
cnt=1 s1=fng (778,1984) [filtered=1639]
cnt=1 s1=fng (769,1980) [filtered=1639]
cnt=1 s1=fng (760,1976) [filtered=1639]
cnt=1 s1=fng (751,1971) [filtered=1639]
cnt=1 s1=fng (742,1967) [filtered=1639]
cnt=1 s1=fng (733,1964) [filtered=1639]
cnt=1 s1=fng (724,1962) [filtered=1639]
cnt=1 s1=fng (715,1961) [filtered=1639]
cnt=1 s1=fng (706,1962) [filtered=1639]
cnt=1 s1=fng (698,1962) [filtered=1639]
cnt=1 s1=fng (689,1962) [filtered=1639]
cnt=1 s1=fng (681,1963) [filtered=1639]
cnt=1 s1=fng (674,1964) [filtered=1639]
cnt=1 s1=fng (668,1966) [filtered=1639]
cnt=1 s1=fng (663,1967) [filtered=1639]
cnt=1 s1=fng (658,1969) [filtered=1639]
cnt=1 s1=fng (653,1972) [filtered=1639]
cnt=1 s1=fng (649,1976) [filtered=1639]
cnt=1 s1=fng (646,1979) [filtered=1639]
cnt=1 s1=fng (643,1983) [filtered=1639]
cnt=1 s1=fng (641,1988) [filtered=1639]
cnt=1 s1=fng (640,1993) [filtered=1639]
cnt=1 s1=fng (639,2000) [filtered=1639]
cnt=1 s1=fng (639,2006) [filtered=1639]
cnt=1 s1=fng (639,2013) [filtered=1639]
cnt=1 s1=fng (640,2021) [filtered=1639]
cnt=1 s1=fng (641,2030) [filtered=1639]
cnt=1 s1=fng (642,2038) [filtered=1639]
cnt=1 s1=fng (644,2047) [filtered=1639]
cnt=1 s1=fng (647,2056) [filtered=1639]
cnt=1 s1=fng (650,2066) [filtered=1639]
cnt=1 s1=fng (655,2076) [filtered=1639]
cnt=1 s1=fng (658,2086) [filtered=1639]
cnt=1 s1=fng (663,2096) [filtered=1639]
cnt=1 s1=fng (668,2107) [filtered=1639]
cnt=1 s1=fng (674,2118) [filtered=1639]
cnt=1 s1=fng (679,2128) [filtered=1639]
cnt=1 s1=fng (686,2139) [filtered=1639]
cnt=1 s1=fng (694,2150) [filtered=1639]
cnt=1 s1=fng (702,2161) [filtered=1639]
cnt=1 s1=fng (711,2172) [filtered=1639]
cnt=1 s1=fng (720,2182) [filtered=1639]
cnt=1 s1=fng (729,2193) [filtered=1639]
cnt=1 s1=fng (738,2204) [filtered=1639]
cnt=1 s1=fng (748,2215) [filtered=1639]
cnt=1 s1=fng (758,2226) [filtered=1639]
cnt=1 s1=fng (768,2236) [filtered=1639]
cnt=1 s1=fng (778,2247) [filtered=1639]
cnt=1 s1=fng (788,2258) [filtered=1639]
cnt=1 s1=fng (798,2269) [filtered=1639]
cnt=1 s1=fng (808,2279) [filtered=1639]
cnt=1 s1=fng (818,2288) [filtered=1639]
cnt=1 s1=fng (829,2297) [filtered=1639]
cnt=1 s1=fng (840,2307) [filtered=1639]
cnt=1 s1=fng (851,2316) [filtered=1639]
cnt=1 s1=fng (862,2325) [filtered=1639]
cnt=1 s1=fng (873,2333) [filtered=1639]
cnt=1 s1=fng (883,2340) [filtered=1639]
cnt=1 s1=fng (893,2348) [filtered=1639]
cnt=1 s1=fng (903,2355) [filtered=1639]
cnt=1 s1=fng (912,2361) [filtered=1639]
cnt=1 s1=fng (921,2366) [filtered=1639]
cnt=1 s1=fng (930,2371) [filtered=1639]
cnt=1 s1=fng (939,2376) [filtered=1639]
cnt=1 s1=fng (948,2381) [filtered=1639]
cnt=1 s1=fng (956,2385) [filtered=1639]
cnt=1 s1=fng (963,2388) [filtered=1639]
cnt=1 s1=fng (971,2391) [filtered=1639]
cnt=1 s1=fng (978,2395) [filtered=1639]
cnt=1 s1=fng (985,2398) [filtered=1639]
cnt=1 s1=fng (991,2400) [filtered=1639]
cnt=1 s1=fng (996,2401) [filtered=1639]
cnt=1 s1=fng (1000,2402) [filtered=1639]
cnt=1 s1=fng (1005,2404) [filtered=1639]
cnt=1 s1=fng (1009,2405) [filtered=1639]
cnt=1 s1=fng (1012,2406) [filtered=1639]
cnt=1 s1=fng (1015,2407) [filtered=1639]
cnt=1 s1=fng (1017,2408) [filtered=1639]
cnt=1 s1=fng (1018,2408) [filtered=1639]
cnt=1 s1=fng (1018,2408) [filtered=1639]
cnt=1 s1=fng (1019,2409) [filtered=1639]
cnt=1 s1=fng (1020,2409) [filtered=1639]
cnt=1 s1=fng (1020,2409) [filtered=1639]
cnt=1 s1=fng (1020,2409) [filtered=1639]
cnt=1 s1=fng (1020,2409) [filtered=1639]
cnt=1 s1=fng (1019,2409) [filtered=1639]
cnt=1 s1=fng (1018,2409) [filtered=1639]
cnt=1 s1=fng (1016,2409) [filtered=1639]
cnt=1 s1=fng (1015,2409) [filtered=1639]
cnt=1 s1=fng (1013,2409) [filtered=1639]
cnt=1 s1=fng (1011,2409) [filtered=1639]
cnt=1 s1=fng (1008,2409) [filtered=1639]
cnt=1 s1=fng (1006,2409) [filtered=1639]
cnt=1 s1=fng (1003,2409) [filtered=1639]
cnt=1 s1=fng (999,2409) [filtered=1639]
cnt=1 s1=fng (995,2409) [filtered=1639]
cnt=1 s1=fng (992,2409) [filtered=1639]
cnt=1 s1=fng (988,2409) [filtered=1639]
cnt=1 s1=fng (985,2409) [filtered=1639]
cnt=1 s1=fng (982,2409) [filtered=1639]
cnt=1 s1=fng (978,2409) [filtered=1639]
cnt=1 s1=fng (975,2409) [filtered=1639]
cnt=1 s1=fng (972,2409) [filtered=1639]
cnt=1 s1=fng (968,2409) [filtered=1639]
cnt=1 s1=fng (965,2409) [filtered=1639]
cnt=1 s1=fng (962,2409) [filtered=1639]
cnt=1 s1=fng (959,2409) [filtered=1639]
cnt=1 s1=fng (956,2409) [filtered=1639]
cnt=1 s1=fng (953,2409) [filtered=1639]
cnt=1 s1=fng (950,2409) [filtered=1639]
cnt=1 s1=fng (947,2409) [filtered=1639]
cnt=1 s1=fng (944,2409) [filtered=1639]
cnt=1 s1=fng (941,2409) [filtered=1639]
cnt=1 s1=fng (938,2410) [filtered=1639]
cnt=1 s1=fng (934,2411) [filtered=1639]
cnt=1 s1=fng (931,2411) [filtered=1639]
cnt=1 s1=fng (928,2412) [filtered=1639]
cnt=1 s1=fng (924,2413) [filtered=1639]
cnt=1 s1=fng (920,2414) [filtered=1639]
cnt=1 s1=fng (916,2415) [filtered=1639]
cnt=1 s1=fng (913,2416) [filtered=1639]
cnt=1 s1=fng (909,2417) [filtered=1639]
cnt=1 s1=fng (905,2418) [filtered=1639]
cnt=1 s1=fng (901,2420) [filtered=1639]
cnt=1 s1=fng (898,2421) [filtered=1639]
cnt=1 s1=fng (895,2422) [filtered=1639]
cnt=1 s1=fng (891,2423) [filtered=1639]
cnt=1 s1=fng (887,2423) [filtered=1639]
cnt=1 s1=fng (883,2423) [filtered=1639]
cnt=1 s1=fng (880,2423) [filtered=1639]
cnt=1 s1=fng (878,2423) [filtered=1639]
cnt=1 s1=fng (875,2423) [filtered=1639]
cnt=1 s1=fng (872,2422) [filtered=1639]
cnt=1 s1=fng (870,2422) [filtered=1639]
cnt=1 s1=fng (868,2421) [filtered=1639]
cnt=1 s1=fng (866,2420) [filtered=1639]
cnt=1 s1=fng (863,2419) [filtered=1639]
cnt=1 s1=fng (861,2418) [filtered=1639]
cnt=1 s1=fng (858,2416) [filtered=1639]
cnt=1 s1=fng (855,2414) [filtered=1639]
cnt=1 s1=fng (852,2412) [filtered=1639]
cnt=1 s1=fng (850,2411) [filtered=1639]
cnt=1 s1=fng (846,2409) [filtered=1639]
cnt=1 s1=fng (841,2406) [filtered=1639]
cnt=1 s1=fng (837,2405) [filtered=1639]
cnt=1 s1=fng (832,2402) [filtered=1639]
cnt=2 s0=PALM(4446,2085) s1=PALM(826,2398) [filtered=1640]
cnt=2 s0=PALM(4446,2085) s1=PALM(821,2395) [filtered=1641]
cnt=2 s0=PALM(4446,2086) s1=PALM(814,2391) [filtered=1642]
cnt=2 s0=PALM(4446,2086) s1=PALM(807,2387) [filtered=1643]
cnt=2 s0=PALM(4446,2086) s1=PALM(801,2384) [filtered=1644]
cnt=2 s0=PALM(4446,2087) s1=PALM(794,2380) [filtered=1645]
cnt=2 s0=PALM(4447,2087) s1=PALM(785,2375) [filtered=1646]
cnt=2 s0=PALM(4447,2087) s1=PALM(777,2371) [filtered=1647]
cnt=2 s0=PALM(4448,2087) s1=PALM(769,2366) [filtered=1648]
cnt=2 s0=PALM(4448,2087) s1=PALM(759,2361) [filtered=1649]
cnt=2 s0=PALM(4448,2087) s1=PALM(750,2357) [filtered=1650]
cnt=2 s0=PALM(4449,2087) s1=PALM(741,2352) [filtered=1651]
cnt=2 s0=PALM(4450,2087) s1=PALM(731,2347) [filtered=1652]
cnt=2 s0=PALM(4451,2087) s1=PALM(721,2342) [filtered=1653]
cnt=2 s0=PALM(4451,2087) s1=PALM(712,2338) [filtered=1654]
cnt=2 s0=PALM(4452,2087) s1=PALM(704,2333) [filtered=1655]
cnt=2 s0=PALM(4454,2087) s1=PALM(695,2328) [filtered=1656]
cnt=2 s0=PALM(4456,2086) s1=PALM(686,2323) [filtered=1657]
cnt=2 s0=PALM(4457,2086) s1=PALM(678,2318) [filtered=1658]
cnt=2 s0=PALM(4459,2085) s1=PALM(671,2313) [filtered=1659]
cnt=2 s0=PALM(4463,2083) s1=PALM(663,2308) [filtered=1660]
cnt=2 s0=PALM(4466,2082) s1=PALM(656,2304) [filtered=1661]
cnt=2 s0=PALM(4470,2080) s1=PALM(650,2300) [filtered=1662]
cnt=2 s0=PALM(4475,2077) s1=PALM(644,2296) [filtered=1663]
cnt=2 s0=PALM(4480,2073) s1=PALM(637,2292) [filtered=1664]
cnt=2 s0=PALM(4485,2071) s1=PALM(631,2289) [filtered=1665]
cnt=2 s0=PALM(4490,2067) s1=PALM(626,2285) [filtered=1666]
cnt=2 s0=PALM(4495,2063) s1=PALM(622,2281) [filtered=1667]
cnt=2 s0=PALM(4500,2059) s1=PALM(618,2277) [filtered=1668]
cnt=2 s0=PALM(4504,2055) s1=PALM(615,2274) [filtered=1669]
cnt=2 s0=PALM(4508,2051) s1=PALM(612,2272) [filtered=1670]
cnt=2 s0=PALM(4512,2047) s1=PALM(608,2269) [filtered=1671]
cnt=2 s0=PALM(4515,2043) s1=PALM(605,2267) [filtered=1672]
cnt=2 s0=PALM(4519,2038) s1=PALM(602,2265) [filtered=1673]
cnt=2 s0=PALM(4523,2034) s1=PALM(600,2262) [filtered=1674]
cnt=2 s0=PALM(4526,2031) s1=PALM(598,2260) [filtered=1675]
cnt=2 s0=PALM(4528,2027) s1=PALM(597,2259) [filtered=1676]
cnt=2 s0=PALM(4530,2023) s1=PALM(596,2257) [filtered=1677]
cnt=2 s0=PALM(4532,2019) s1=PALM(596,2256) [filtered=1678]
cnt=2 s0=PALM(4534,2015) s1=PALM(596,2254) [filtered=1679]
cnt=2 s0=PALM(4535,2011) s1=PALM(596,2252) [filtered=1680]
cnt=2 s0=PALM(4537,2007) s1=PALM(597,2250) [filtered=1681]
cnt=2 s0=PALM(4538,2004) s1=PALM(597,2249) [filtered=1682]
cnt=2 s0=PALM(4539,2000) s1=PALM(598,2247) [filtered=1683]
cnt=2 s0=PALM(4540,1997) s1=PALM(598,2246) [filtered=1684]
cnt=2 s0=PALM(4541,1995) s1=PALM(599,2245) [filtered=1685]
cnt=2 s0=PALM(4542,1992) s1=PALM(600,2244) [filtered=1686]
cnt=2 s0=PALM(4543,1990) s1=PALM(601,2243) [filtered=1687]
cnt=2 s0=PALM(4544,1987) s1=PALM(602,2242) [filtered=1688]
cnt=2 s0=PALM(4545,1984) s1=PALM(604,2241) [filtered=1689]
cnt=2 s0=PALM(4545,1982) s1=PALM(605,2241) [filtered=1690]
cnt=2 s0=PALM(4546,1981) s1=PALM(607,2240) [filtered=1691]
cnt=2 s0=PALM(4546,1980) s1=PALM(608,2240) [filtered=1692]
cnt=2 s0=PALM(4546,1978) s1=PALM(611,2239) [filtered=1693]
cnt=2 s0=PALM(4547,1976) s1=PALM(614,2238) [filtered=1694]
cnt=2 s0=PALM(4547,1975) s1=PALM(616,2237) [filtered=1695]
cnt=2 s0=PALM(4547,1974) s1=PALM(619,2236) [filtered=1696]
cnt=2 s0=PALM(4547,1972) s1=PALM(623,2235) [filtered=1697]
cnt=2 s0=PALM(4547,1971) s1=PALM(626,2235) [filtered=1698]
cnt=2 s0=PALM(4547,1970) s1=PALM(631,2234) [filtered=1699]
cnt=2 s0=PALM(4547,1970) s1=PALM(635,2234) [filtered=1700]
cnt=2 s0=PALM(4547,1969) s1=PALM(639,2234) [filtered=1701]
cnt=2 s0=PALM(4547,1968) s1=PALM(644,2234) [filtered=1702]
cnt=2 s0=PALM(4547,1968) s1=PALM(648,2234) [filtered=1703]
cnt=2 s0=PALM(4547,1968) s1=PALM(653,2234) [filtered=1704]
cnt=2 s0=PALM(4548,1967) s1=PALM(659,2235) [filtered=1705]
cnt=2 s0=PALM(4548,1966) s1=PALM(665,2238) [filtered=1706]
cnt=2 s0=PALM(4548,1966) s1=PALM(671,2240) [filtered=1707]
cnt=2 s0=PALM(4549,1966) s1=PALM(678,2245) [filtered=1708]
cnt=2 s0=PALM(4550,1965)* s1=PALM(685,2252) [filtered=1709]
cnt=2 s0=PALM(4550,1965)* s1=PALM(691,2259) [filtered=1710]
cnt=2 s0=PALM(4550,1965)* s1=PALM(698,2267) [filtered=1711]
cnt=2 s0=PALM(4551,1964)* s1=PALM(706,2277) [filtered=1712]
cnt=2 s0=PALM(4551,1963)* s1=PALM(706,2277) [filtered=1713]
cnt=1 s0=fng (4551,1963)* [filtered=1713]
cnt=1 s0=fng (4552,1963)* [filtered=1713]
cnt=1 s0=fng (4552,1962)* [filtered=1713]
cnt=1 s0=fng (4552,1962)* [filtered=1713]
cnt=1 s0=fng (4553,1961)* [filtered=1713]
cnt=1 s0=fng (4554,1960)* [filtered=1713]
cnt=1 s0=fng (4555,1959)* [filtered=1713]
cnt=1 s0=fng (4556,1958)* [filtered=1713]
cnt=1 s0=fng (4556,1958)* [filtered=1713]
cnt=1 s0=fng (4557,1957)* [filtered=1713]
cnt=1 s0=fng (4558,1956)* [filtered=1713]
cnt=1 s0=fng (4559,1955)* [filtered=1713]
cnt=1 s0=fng (4560,1954)* [filtered=1713]
cnt=1 s0=fng (4561,1953)* [filtered=1713]
cnt=1 s0=fng (4562,1952)* [filtered=1713]
cnt=1 s0=fng (4563,1951)* [filtered=1713]
cnt=1 s0=fng (4564,1949)* [filtered=1713]
cnt=1 s0=fng (4564,1948)* [filtered=1713]
cnt=1 s0=fng (4565,1947)* [filtered=1713]
cnt=1 s0=fng (4567,1946)* [filtered=1713]
cnt=1 s0=fng (4568,1944)* [filtered=1713]
cnt=1 s0=fng (4570,1943)* [filtered=1713]
cnt=1 s0=fng (4571,1942)* [filtered=1713]
cnt=1 s0=fng (4572,1941)* [filtered=1713]
cnt=1 s0=fng (4573,1939)* [filtered=1713]
cnt=1 s0=fng (4575,1937) [filtered=1713]
cnt=1 s0=fng (4577,1936) [filtered=1713]
cnt=1 s0=fng (4578,1935) [filtered=1713]
cnt=1 s0=fng (4579,1934) [filtered=1713]
cnt=1 s0=fng (4580,1933) [filtered=1713]
cnt=1 s0=fng (4582,1931) [filtered=1713]
cnt=1 s0=fng (4583,1930) [filtered=1713]
cnt=1 s0=fng (4584,1929) [filtered=1713]
cnt=1 s0=fng (4585,1928) [filtered=1713]
cnt=1 s0=fng (4587,1927) [filtered=1713]
cnt=1 s0=fng (4589,1926) [filtered=1713]
cnt=1 s0=fng (4590,1925) [filtered=1713]
cnt=1 s0=fng (4591,1924) [filtered=1713]
cnt=1 s0=fng (4592,1923) [filtered=1713]
cnt=1 s0=fng (4593,1922) [filtered=1713]
cnt=1 s0=fng (4594,1921) [filtered=1713]
cnt=1 s0=fng (4595,1920) [filtered=1713]
cnt=1 s0=fng (4596,1919) [filtered=1713]
cnt=1 s0=fng (4597,1918) [filtered=1713]
cnt=1 s0=fng (4598,1917) [filtered=1713]
cnt=1 s0=fng (4599,1916) [filtered=1713]
cnt=1 s0=fng (4600,1915) [filtered=1713]
cnt=1 s0=fng (4602,1914) [filtered=1713]
cnt=1 s0=fng (4604,1913) [filtered=1713]
cnt=1 s0=fng (4606,1912) [filtered=1713]
cnt=1 s0=fng (4607,1912)* [filtered=1713]
cnt=1 s0=fng (4608,1911)* [filtered=1713]
cnt=1 s0=fng (4610,1910)* [filtered=1713]
cnt=1 s0=fng (4612,1909)* [filtered=1713]
cnt=1 s0=fng (4614,1908)* [filtered=1713]
cnt=1 s0=fng (4615,1908)* [filtered=1713]
cnt=1 s0=fng (4616,1908)* [filtered=1713]
cnt=1 s0=fng (4617,1907)* [filtered=1713]
cnt=1 s0=fng (4617,1906)* [filtered=1713]
cnt=1 s0=fng (4617,1906)* [filtered=1713]
cnt=1 s0=fng (4617,1906)* [filtered=1713]
cnt=1 s0=fng (4617,1905)* [filtered=1713]
cnt=1 s0=fng (1025,2336) [filtered=1713]
cnt=1 s0=fng (1025,2336) [filtered=1713]
cnt=1 s0=fng (1025,2336) [filtered=1713]
cnt=1 s0=fng (1025,2336) [filtered=1713]
cnt=1 s0=fng (1025,2336) [filtered=1713]
cnt=1 s0=fng (1025,2336) [filtered=1713]
cnt=1 s0=fng (1025,2336) [filtered=1713]
cnt=1 s0=fng (1025,2336) [filtered=1713]
cnt=1 s0=fng (1025,2336) [filtered=1713]
cnt=1 s0=fng (1025,2336) [filtered=1713]
cnt=1 s0=fng (1025,2336) [filtered=1713]
cnt=1 s0=fng (1025,2336) [filtered=1713]
cnt=1 s0=fng (1025,2336) [filtered=1713]
cnt=1 s0=fng (1025,2336) [filtered=1713]
cnt=1 s0=fng (1025,2336) [filtered=1713]
cnt=1 s0=fng (1025,2336) [filtered=1713]
cnt=1 s0=fng (1025,2336) [filtered=1713]
cnt=1 s0=fng (1025,2336) [filtered=1713]
cnt=1 s0=fng (1025,2336) [filtered=1713]
cnt=1 s0=fng (1025,2336) [filtered=1713]
cnt=1 s0=fng (1025,2336)* [filtered=1713]
cnt=1 s0=fng (1025,2336)* [filtered=1713]
cnt=1 s0=fng (1025,2336)* [filtered=1713]
cnt=1 s0=fng (1025,2336)* [filtered=1713]
cnt=1 s0=fng (1025,2336)* [filtered=1713]
cnt=1 s0=fng (1025,2336)* [filtered=1713]
cnt=1 s0=fng (1025,2336)* [filtered=1713]
cnt=1 s0=fng (1025,2336)* [filtered=1713]
cnt=1 s0=fng (1025,2336)* [filtered=1713]
cnt=1 s0=fng (1025,2336)* [filtered=1713]
cnt=1 s0=fng (1025,2336)* [filtered=1713]
cnt=1 s0=fng (1025,2336)* [filtered=1713]
cnt=1 s0=fng (1025,2336)* [filtered=1713]
cnt=1 s0=fng (1025,2336)* [filtered=1713]
cnt=1 s0=fng (1025,2336)* [filtered=1713]
cnt=1 s0=fng (1025,2336)* [filtered=1713]
cnt=1 s0=fng (1025,2336)* [filtered=1713]
cnt=1 s0=fng (1025,2336)* [filtered=1713]
cnt=1 s0=fng (1025,2336)* [filtered=1713]
cnt=1 s0=fng (1025,2336)* [filtered=1713]
cnt=1 s0=fng (1025,2336)* [filtered=1713]
cnt=1 s0=fng (1025,2336)* [filtered=1713]
cnt=1 s0=fng (1025,2336)* [filtered=1713]
cnt=1 s0=fng (1025,2336)* [filtered=1713]
cnt=1 s0=fng (1025,2336)* [filtered=1713]
cnt=1 s0=fng (1025,2336)* [filtered=1713]
cnt=1 s0=fng (1025,2336)* [filtered=1713]
cnt=1 s0=fng (1025,2336)* [filtered=1713]
cnt=1 s0=fng (1025,2336)* [filtered=1713]
cnt=1 s0=fng (1025,2336)* [filtered=1713]
cnt=1 s0=fng (1025,2336)* [filtered=1713]
cnt=1 s0=fng (1025,2336)* [filtered=1713]
cnt=1 s0=fng (1025,2336)* [filtered=1713]
cnt=1 s0=fng (1025,2336)* [filtered=1713]
cnt=1 s0=fng (1025,2336)* [filtered=1713]
cnt=1 s0=fng (1025,2336)* [filtered=1713]
cnt=1 s0=fng (1025,2336)* [filtered=1713]
cnt=1 s0=fng (1025,2336)* [filtered=1713]
cnt=1 s0=fng (1025,2336)* [filtered=1713]
cnt=1 s0=fng (1025,2336)* [filtered=1713]
cnt=1 s0=fng (1025,2336)* [filtered=1713]
cnt=1 s0=fng (1025,2336)* [filtered=1713]
cnt=1 s0=fng (1025,2336)* [filtered=1713]
cnt=1 s0=fng (1025,2336)* [filtered=1713]
cnt=1 s0=fng (1025,2336)* [filtered=1713]
cnt=1 s0=fng (1025,2336)* [filtered=1713]
cnt=1 s0=fng (1025,2336)* [filtered=1713]
cnt=1 s0=fng (1025,2336)* [filtered=1713]
cnt=1 s0=fng (1025,2336)* [filtered=1713]
cnt=1 s0=fng (1025,2336)* [filtered=1713]
cnt=1 s0=fng (1025,2336)* [filtered=1713]
cnt=1 s0=fng (1025,2336)* [filtered=1713]
cnt=1 s0=fng (1025,2336)* [filtered=1713]
cnt=1 s0=fng (1025,2336)* [filtered=1713]
cnt=1 s0=fng (1025,2336)* [filtered=1713]
cnt=1 s0=fng (1025,2336)* [filtered=1713]
cnt=1 s0=fng (1025,2336)* [filtered=1713]
cnt=1 s0=fng (1025,2336)* [filtered=1713]
cnt=1 s0=fng (1025,2336)* [filtered=1713]
cnt=1 s0=fng (1025,2336)* [filtered=1713]
cnt=1 s0=fng (1025,2336)* [filtered=1713]
cnt=1 s0=fng (1025,2336)* [filtered=1713]
cnt=1 s0=fng (1025,2336)* [filtered=1713]
cnt=1 s0=fng (1025,2336)* [filtered=1713]
cnt=1 s0=fng (1025,2336)* [filtered=1713]
cnt=1 s0=fng (1025,2336)* [filtered=1713]
cnt=1 s0=fng (1025,2336)* [filtered=1713]
cnt=1 s0=fng (1025,2336)* [filtered=1713]
cnt=1 s0=fng (1025,2336)* [filtered=1713]
cnt=1 s0=fng (1025,2336)* [filtered=1713]
cnt=1 s0=fng (1025,2336)* [filtered=1713]
cnt=1 s0=fng (1025,2336)* [filtered=1713]
cnt=1 s0=fng (1025,2336)* [filtered=1713]
cnt=1 s0=fng (1025,2336)* [filtered=1713]
cnt=1 s0=fng (1025,2336)* [filtered=1713]
cnt=1 s0=fng (1025,2336)* [filtered=1713]
cnt=1 s0=fng (1025,2336)* [filtered=1713]
cnt=1 s0=fng (1025,2336)* [filtered=1713]
cnt=1 s0=fng (1025,2336)* [filtered=1713]
cnt=1 s0=fng (1025,2336)* [filtered=1713]
cnt=1 s0=fng (1025,2336)* [filtered=1713]
cnt=1 s0=fng (1025,2336)* [filtered=1713]
cnt=1 s0=fng (1025,2336)* [filtered=1713]
cnt=1 s0=fng (1025,2336)* [filtered=1713]
cnt=1 s0=fng (1025,2336)* [filtered=1713]
cnt=1 s0=fng (1025,2336)* [filtered=1713]
cnt=1 s0=fng (1025,2336)* [filtered=1713]
cnt=1 s0=fng (1021,2333) [filtered=1713]
cnt=1 s0=fng (1015,2327) [filtered=1713]
cnt=1 s0=fng (1006,2319) [filtered=1713]
cnt=1 s0=fng (997,2312) [filtered=1713]
cnt=1 s0=fng (987,2303) [filtered=1713]
cnt=1 s0=fng (976,2294) [filtered=1713]
cnt=1 s0=fng (966,2286) [filtered=1713]
cnt=1 s0=fng (955,2276) [filtered=1713]
cnt=1 s0=fng (944,2266) [filtered=1713]
cnt=1 s0=fng (933,2256) [filtered=1713]
cnt=1 s0=fng (921,2246) [filtered=1713]
cnt=1 s0=fng (909,2237) [filtered=1713]
cnt=1 s0=fng (896,2227) [filtered=1713]
cnt=1 s0=fng (883,2218) [filtered=1713]
cnt=1 s0=fng (870,2209) [filtered=1713]
cnt=1 s0=fng (858,2201) [filtered=1713]
cnt=1 s0=fng (846,2192) [filtered=1713]
cnt=1 s0=fng (834,2183) [filtered=1713]
cnt=1 s0=fng (822,2174) [filtered=1713]
cnt=1 s0=fng (811,2166) [filtered=1713]
cnt=1 s0=fng (801,2159) [filtered=1713]
cnt=1 s0=fng (792,2153) [filtered=1713]
cnt=1 s0=fng (783,2147) [filtered=1713]
cnt=1 s0=fng (774,2141) [filtered=1713]
cnt=1 s0=fng (765,2136) [filtered=1713]
cnt=1 s0=fng (757,2132) [filtered=1713]
cnt=1 s0=fng (750,2128) [filtered=1713]
cnt=1 s0=fng (743,2123) [filtered=1713]
cnt=1 s0=fng (737,2118) [filtered=1713]
cnt=1 s0=fng (730,2113) [filtered=1713]
cnt=1 s0=fng (724,2109) [filtered=1713]
cnt=1 s0=fng (719,2106) [filtered=1713]
cnt=1 s0=fng (715,2104) [filtered=1713]
cnt=1 s0=fng (710,2101) [filtered=1713]
cnt=1 s0=fng (706,2099) [filtered=1713]
cnt=1 s0=fng (702,2097) [filtered=1713]
cnt=1 s0=fng (698,2096) [filtered=1713]
cnt=1 s0=fng (694,2095) [filtered=1713]
cnt=1 s0=fng (691,2094) [filtered=1713]
cnt=1 s0=fng (689,2094) [filtered=1713]
cnt=1 s0=fng (688,2095) [filtered=1713]
cnt=1 s0=fng (688,2096) [filtered=1713]
cnt=1 s0=fng (688,2097) [filtered=1713]
cnt=1 s0=fng (688,2098) [filtered=1713]
cnt=1 s0=fng (690,2101) [filtered=1713]
cnt=1 s0=fng (691,2103) [filtered=1713]
cnt=1 s0=fng (693,2107) [filtered=1713]
cnt=1 s0=fng (697,2111) [filtered=1713]
cnt=1 s0=fng (701,2118) [filtered=1713]
cnt=1 s0=fng (705,2124) [filtered=1713]
cnt=1 s0=fng (711,2131) [filtered=1713]
cnt=1 s0=fng (718,2139) [filtered=1713]
cnt=1 s0=fng (726,2147) [filtered=1713]
cnt=1 s0=fng (733,2155) [filtered=1713]
cnt=1 s0=fng (741,2164) [filtered=1713]
cnt=1 s0=fng (750,2174) [filtered=1713]
cnt=1 s0=fng (760,2184) [filtered=1713]
cnt=1 s0=fng (769,2194) [filtered=1713]
cnt=1 s0=fng (779,2204) [filtered=1713]
cnt=1 s0=fng (789,2213) [filtered=1713]
cnt=1 s0=fng (799,2222) [filtered=1713]
cnt=1 s0=fng (809,2230) [filtered=1713]
cnt=1 s0=fng (819,2238) [filtered=1713]
cnt=1 s0=fng (828,2246) [filtered=1713]
cnt=1 s0=fng (836,2253) [filtered=1713]
cnt=1 s0=fng (843,2260) [filtered=1713]
cnt=1 s0=fng (850,2267) [filtered=1713]
cnt=1 s0=fng (857,2274) [filtered=1713]
cnt=1 s0=fng (864,2280) [filtered=1713]
cnt=1 s0=fng (870,2285) [filtered=1713]
cnt=1 s0=fng (875,2290) [filtered=1713]
cnt=1 s0=fng (880,2294) [filtered=1713]
cnt=1 s0=fng (885,2299) [filtered=1713]
cnt=1 s0=fng (890,2304) [filtered=1713]
cnt=1 s0=fng (894,2308) [filtered=1713]
cnt=1 s0=fng (897,2311) [filtered=1713]
cnt=1 s0=fng (899,2314) [filtered=1713]
cnt=1 s0=fng (901,2316) [filtered=1713]
cnt=1 s0=fng (903,2318) [filtered=1713]
cnt=1 s0=fng (904,2319) [filtered=1713]
cnt=1 s0=fng (905,2320) [filtered=1713]
cnt=1 s0=fng (906,2321) [filtered=1713]
cnt=1 s0=fng (907,2321) [filtered=1713]
cnt=1 s0=fng (907,2321) [filtered=1713]
cnt=1 s0=fng (907,2321) [filtered=1713]
cnt=1 s0=fng (906,2320) [filtered=1713]
cnt=1 s0=fng (904,2317) [filtered=1713]
cnt=1 s0=fng (902,2313) [filtered=1713]
cnt=1 s0=fng (901,2310) [filtered=1713]
cnt=1 s0=fng (898,2306) [filtered=1713]
cnt=1 s0=fng (894,2301) [filtered=1713]
cnt=1 s0=fng (889,2296) [filtered=1713]
cnt=1 s0=fng (884,2289) [filtered=1713]
cnt=1 s0=fng (879,2283) [filtered=1713]
cnt=1 s0=fng (874,2276) [filtered=1713]
cnt=1 s0=fng (868,2269) [filtered=1713]
cnt=1 s0=fng (861,2262) [filtered=1713]
cnt=1 s0=fng (855,2256) [filtered=1713]
cnt=1 s0=fng (848,2248) [filtered=1713]
cnt=1 s0=fng (841,2240) [filtered=1713]
cnt=1 s0=fng (833,2231) [filtered=1713]
cnt=1 s0=fng (826,2223) [filtered=1713]
cnt=1 s0=fng (818,2215) [filtered=1713]
cnt=1 s0=fng (810,2206) [filtered=1713]
cnt=1 s0=fng (802,2197) [filtered=1713]
cnt=1 s0=fng (794,2188) [filtered=1713]
cnt=1 s0=fng (787,2180) [filtered=1713]
cnt=1 s0=fng (779,2172) [filtered=1713]
cnt=1 s0=fng (771,2163) [filtered=1713]
cnt=1 s0=fng (763,2154) [filtered=1713]
cnt=1 s0=fng (756,2146) [filtered=1713]
cnt=1 s0=fng (748,2138) [filtered=1713]
cnt=1 s0=fng (741,2131) [filtered=1713]
cnt=1 s0=fng (735,2123) [filtered=1713]
cnt=1 s0=fng (730,2116) [filtered=1713]
cnt=1 s0=fng (725,2110) [filtered=1713]
cnt=1 s0=fng (720,2105) [filtered=1713]
cnt=1 s0=fng (715,2100) [filtered=1713]
cnt=1 s0=fng (711,2095) [filtered=1713]
cnt=1 s0=fng (708,2090) [filtered=1713]
cnt=1 s0=fng (705,2086) [filtered=1713]
cnt=1 s0=fng (702,2081) [filtered=1713]
cnt=1 s0=fng (699,2077) [filtered=1713]
cnt=1 s0=fng (697,2073) [filtered=1713]
cnt=1 s0=fng (695,2069) [filtered=1713]
cnt=1 s0=fng (694,2066) [filtered=1713]
cnt=1 s0=fng (693,2063) [filtered=1713]
cnt=1 s0=fng (692,2061) [filtered=1713]
cnt=1 s0=fng (691,2060) [filtered=1713]
cnt=1 s0=fng (690,2059) [filtered=1713]
cnt=1 s0=fng (689,2059) [filtered=1713]
cnt=1 s0=fng (689,2059) [filtered=1713]
cnt=1 s0=fng (689,2059) [filtered=1713]
cnt=1 s0=fng (690,2060) [filtered=1713]
cnt=1 s0=fng (691,2062) [filtered=1713]
cnt=1 s0=fng (692,2063) [filtered=1713]
cnt=1 s0=fng (694,2066) [filtered=1713]
cnt=1 s0=fng (696,2070) [filtered=1713]
cnt=1 s0=fng (700,2075) [filtered=1713]
cnt=1 s0=fng (703,2079) [filtered=1713]
cnt=1 s0=fng (707,2084) [filtered=1713]
cnt=1 s0=fng (712,2090) [filtered=1713]
cnt=1 s0=fng (716,2095) [filtered=1713]
cnt=1 s0=fng (721,2102) [filtered=1713]
cnt=1 s0=fng (727,2109) [filtered=1713]
cnt=1 s0=fng (732,2115) [filtered=1713]
cnt=1 s0=fng (739,2123) [filtered=1713]
cnt=1 s0=fng (746,2131) [filtered=1713]
cnt=1 s0=fng (753,2140) [filtered=1713]
cnt=1 s0=fng (759,2148) [filtered=1713]
cnt=1 s0=fng (767,2157) [filtered=1713]
cnt=1 s0=fng (775,2166) [filtered=1713]
cnt=1 s0=fng (782,2175) [filtered=1713]
cnt=1 s0=fng (788,2183) [filtered=1713]
cnt=1 s0=fng (795,2190) [filtered=1713]
cnt=1 s0=fng (802,2198) [filtered=1713]
cnt=1 s0=fng (809,2205) [filtered=1713]
cnt=1 s0=fng (815,2211) [filtered=1713]
cnt=1 s0=fng (820,2218) [filtered=1713]
cnt=1 s0=fng (826,2225) [filtered=1713]
cnt=1 s0=fng (831,2231) [filtered=1713]
cnt=1 s0=fng (835,2236) [filtered=1713]
cnt=1 s0=fng (838,2240) [filtered=1713]
cnt=1 s0=fng (842,2245) [filtered=1713]
cnt=1 s0=fng (846,2249) [filtered=1713]
cnt=1 s0=fng (849,2253) [filtered=1713]
cnt=1 s0=fng (851,2257) [filtered=1713]
cnt=1 s0=fng (852,2261) [filtered=1713]
cnt=1 s0=fng (853,2265) [filtered=1713]
cnt=1 s0=fng (854,2269) [filtered=1713]
cnt=1 s0=fng (854,2272) [filtered=1713]
cnt=1 s0=fng (854,2274) [filtered=1713]
cnt=1 s0=fng (853,2275) [filtered=1713]
cnt=1 s0=fng (852,2276) [filtered=1713]
cnt=1 s0=fng (849,2276) [filtered=1713]
cnt=1 s0=fng (848,2276) [filtered=1713]
cnt=1 s0=fng (845,2275) [filtered=1713]
cnt=1 s0=fng (840,2273) [filtered=1713]
cnt=1 s0=fng (835,2269) [filtered=1713]
cnt=1 s0=fng (830,2267) [filtered=1713]
cnt=1 s0=fng (824,2263) [filtered=1713]
cnt=1 s0=fng (817,2258) [filtered=1713]
cnt=1 s0=fng (810,2252) [filtered=1713]
cnt=1 s0=fng (804,2247) [filtered=1713]
cnt=1 s0=fng (796,2241) [filtered=1713]
cnt=1 s0=fng (788,2234) [filtered=1713]
cnt=1 s0=fng (779,2225) [filtered=1713]
cnt=1 s0=fng (771,2217) [filtered=1713]
cnt=1 s0=fng (762,2208) [filtered=1713]
cnt=1 s0=fng (753,2199) [filtered=1713]
cnt=1 s0=fng (744,2189) [filtered=1713]
cnt=1 s0=fng (736,2180) [filtered=1713]
cnt=1 s0=fng (727,2170) [filtered=1713]
cnt=1 s0=fng (718,2160) [filtered=1713]
cnt=1 s0=fng (709,2150) [filtered=1713]
cnt=1 s0=fng (701,2141) [filtered=1713]
cnt=1 s0=fng (692,2131) [filtered=1713]
cnt=1 s0=fng (683,2121) [filtered=1713]
cnt=1 s0=fng (674,2111) [filtered=1713]
cnt=1 s0=fng (666,2102) [filtered=1713]
cnt=1 s0=fng (659,2093) [filtered=1713]
cnt=1 s0=fng (651,2084) [filtered=1713]
cnt=1 s0=fng (643,2075) [filtered=1713]
cnt=1 s0=fng (636,2067) [filtered=1713]
cnt=1 s0=fng (630,2059) [filtered=1713]
cnt=1 s0=fng (625,2052) [filtered=1713]
cnt=1 s0=fng (621,2046) [filtered=1713]
cnt=1 s0=fng (616,2039) [filtered=1713]
cnt=1 s0=fng (612,2033) [filtered=1713]
cnt=1 s0=fng (608,2028) [filtered=1713]
cnt=1 s0=fng (605,2024) [filtered=1713]
cnt=1 s0=fng (601,2020) [filtered=1713]
cnt=1 s0=fng (598,2016) [filtered=1713]
cnt=1 s0=fng (595,2012) [filtered=1713]
cnt=1 s0=fng (592,2009) [filtered=1713]
cnt=1 s0=fng (589,2006) [filtered=1713]
cnt=1 s0=fng (587,2003) [filtered=1713]
cnt=1 s0=fng (585,2001) [filtered=1713]
cnt=1 s0=fng (584,2000) [filtered=1713]
cnt=1 s0=fng (583,2000) [filtered=1713]
cnt=1 s0=fng (582,2000) [filtered=1713]
cnt=1 s0=fng (582,2001) [filtered=1713]
cnt=1 s0=fng (582,2002) [filtered=1713]
cnt=1 s0=fng (583,2003) [filtered=1713]
cnt=1 s0=fng (583,2004) [filtered=1713]
cnt=1 s0=fng (585,2007) [filtered=1713]
cnt=1 s0=fng (589,2012) [filtered=1713]
cnt=1 s0=fng (595,2018) [filtered=1713]
cnt=1 s0=fng (599,2023) [filtered=1713]
cnt=1 s0=fng (604,2031) [filtered=1713]
cnt=1 s0=fng (611,2040) [filtered=1713]
cnt=1 s0=fng (619,2049) [filtered=1713]
cnt=1 s0=fng (629,2060) [filtered=1713]
cnt=1 s0=fng (638,2071) [filtered=1713]
cnt=1 s0=fng (648,2083) [filtered=1713]
cnt=1 s0=fng (659,2095) [filtered=1713]
cnt=1 s0=fng (671,2108) [filtered=1713]
cnt=1 s0=fng (682,2120) [filtered=1713]
cnt=1 s0=fng (695,2133) [filtered=1713]
cnt=1 s0=fng (707,2146) [filtered=1713]
cnt=1 s0=fng (719,2159) [filtered=1713]
cnt=1 s0=fng (719,2159) [filtered=1713]
cnt=1 s0=fng (377,1884) [filtered=1713]
cnt=1 s0=fng (377,1884) [filtered=1713]
cnt=1 s0=fng (377,1884) [filtered=1713]
cnt=1 s0=fng (377,1884) [filtered=1713]
cnt=1 s0=fng (377,1884) [filtered=1713]
cnt=1 s0=fng (377,1884) [filtered=1713]
cnt=1 s0=fng (377,1884) [filtered=1713]
cnt=1 s0=fng (377,1884) [filtered=1713]
cnt=1 s0=fng (377,1884) [filtered=1713]
cnt=1 s0=fng (377,1884) [filtered=1713]
cnt=1 s0=fng (377,1884) [filtered=1713]
cnt=1 s0=fng (377,1884) [filtered=1713]
cnt=1 s0=fng (377,1884) [filtered=1713]
cnt=1 s0=fng (377,1884) [filtered=1713]
cnt=1 s0=fng (377,1884) [filtered=1713]
cnt=1 s0=fng (377,1884) [filtered=1713]
cnt=1 s0=fng (377,1884) [filtered=1713]
cnt=1 s0=fng (377,1884) [filtered=1713]
cnt=1 s0=fng (377,1884) [filtered=1713]
cnt=1 s0=fng (377,1884) [filtered=1713]
cnt=1 s0=fng (377,1884)* [filtered=1713]
cnt=1 s0=fng (377,1884)* [filtered=1713]
cnt=1 s0=fng (377,1884)* [filtered=1713]
cnt=1 s0=fng (377,1884)* [filtered=1713]
cnt=1 s0=fng (377,1884)* [filtered=1713]
cnt=1 s0=fng (377,1884)* [filtered=1713]
cnt=1 s0=fng (377,1884)* [filtered=1713]
cnt=1 s0=fng (377,1884)* [filtered=1713]
cnt=1 s0=fng (377,1884)* [filtered=1713]
cnt=1 s0=fng (377,1884)* [filtered=1713]
cnt=1 s0=fng (377,1884)* [filtered=1713]
cnt=1 s0=fng (377,1884)* [filtered=1713]
cnt=1 s0=fng (377,1884)* [filtered=1713]
cnt=1 s0=fng (377,1884)* [filtered=1713]
cnt=1 s0=fng (377,1884)* [filtered=1713]
cnt=1 s0=fng (377,1884)* [filtered=1713]
cnt=1 s0=fng (377,1884)* [filtered=1713]
cnt=1 s0=fng (377,1884)* [filtered=1713]
cnt=1 s0=fng (377,1884)* [filtered=1713]
cnt=1 s0=fng (377,1884)* [filtered=1713]
cnt=1 s0=fng (377,1884)* [filtered=1713]
cnt=1 s0=fng (377,1884)* [filtered=1713]
cnt=1 s0=fng (377,1884)* [filtered=1713]
cnt=1 s0=fng (377,1884)* [filtered=1713]
cnt=1 s0=fng (377,1884)* [filtered=1713]
cnt=1 s0=fng (377,1884)* [filtered=1713]
cnt=1 s0=fng (377,1884)* [filtered=1713]
cnt=1 s0=fng (377,1884)* [filtered=1713]
cnt=1 s0=fng (377,1884)* [filtered=1713]
cnt=1 s0=fng (377,1884)* [filtered=1713]
cnt=1 s0=fng (377,1884)* [filtered=1713]
cnt=1 s0=fng (377,1884)* [filtered=1713]
cnt=1 s0=fng (377,1884)* [filtered=1713]
cnt=1 s0=fng (377,1884)* [filtered=1713]
cnt=1 s0=fng (377,1884)* [filtered=1713]
cnt=1 s0=fng (377,1884)* [filtered=1713]
cnt=1 s0=fng (382,1887) [filtered=1713]
cnt=1 s0=fng (389,1892) [filtered=1713]
cnt=1 s0=fng (395,1896) [filtered=1713]
cnt=1 s0=fng (404,1902) [filtered=1713]
cnt=1 s0=fng (414,1909) [filtered=1713]
cnt=1 s0=fng (425,1917) [filtered=1713]
cnt=1 s0=fng (437,1926) [filtered=1713]
cnt=1 s0=fng (448,1934) [filtered=1713]
cnt=1 s0=fng (459,1942) [filtered=1713]
cnt=1 s0=fng (470,1951) [filtered=1713]
cnt=1 s0=fng (481,1960) [filtered=1713]
cnt=1 s0=fng (491,1968) [filtered=1713]
cnt=1 s0=fng (501,1975) [filtered=1713]
cnt=1 s0=fng (511,1983) [filtered=1713]
cnt=1 s0=fng (520,1990) [filtered=1713]
cnt=1 s0=fng (528,1996) [filtered=1713]
cnt=1 s0=fng (537,2002) [filtered=1713]
cnt=1 s0=fng (546,2008) [filtered=1713]
cnt=1 s0=fng (555,2013) [filtered=1713]
cnt=1 s0=fng (564,2018) [filtered=1713]
cnt=1 s0=fng (572,2022) [filtered=1713]
cnt=1 s0=fng (579,2026) [filtered=1713]
cnt=1 s0=fng (585,2030) [filtered=1713]
cnt=1 s0=fng (592,2034) [filtered=1713]
cnt=1 s0=fng (598,2037) [filtered=1713]
cnt=1 s0=fng (603,2040) [filtered=1713]
cnt=1 s0=fng (608,2043) [filtered=1713]
cnt=1 s0=fng (613,2046) [filtered=1713]
cnt=1 s0=fng (617,2048) [filtered=1713]
cnt=1 s0=fng (621,2050) [filtered=1713]
cnt=1 s0=fng (624,2052) [filtered=1713]
cnt=1 s0=fng (627,2054) [filtered=1713]
cnt=2 s0=PALM(630,2056) s1=fng (1793,283) [filtered=1714]
cnt=2 s0=PALM(633,2058) s1=fng (1793,283) [filtered=1715]
cnt=2 s0=PALM(635,2060) s1=fng (1793,283) [filtered=1716]
cnt=1 s0=fng (638,2062) [filtered=1716]
cnt=1 s0=fng (640,2063) [filtered=1716]
cnt=1 s0=fng (642,2064) [filtered=1716]
cnt=1 s0=fng (643,2065) [filtered=1716]
cnt=1 s0=fng (643,2063) [filtered=1716]
cnt=1 s0=fng (643,2062) [filtered=1716]
cnt=1 s0=fng (642,2059) [filtered=1716]
cnt=1 s0=fng (641,2055) [filtered=1716]
cnt=1 s0=fng (640,2050) [filtered=1716]
cnt=1 s0=fng (639,2046) [filtered=1716]
cnt=1 s0=fng (637,2041) [filtered=1716]
cnt=1 s0=fng (634,2035) [filtered=1716]
cnt=1 s0=fng (630,2029) [filtered=1716]
cnt=1 s0=fng (626,2021) [filtered=1716]
cnt=1 s0=fng (623,2014) [filtered=1716]
cnt=1 s0=fng (618,2007) [filtered=1716]
cnt=1 s0=fng (613,1999) [filtered=1716]
cnt=1 s0=fng (608,1991) [filtered=1716]
cnt=1 s0=fng (602,1983) [filtered=1716]
cnt=1 s0=fng (596,1975) [filtered=1716]
cnt=1 s0=fng (590,1967) [filtered=1716]
cnt=1 s0=fng (584,1959) [filtered=1716]
cnt=1 s0=fng (578,1951) [filtered=1716]
cnt=1 s0=fng (573,1944) [filtered=1716]
cnt=1 s0=fng (567,1936) [filtered=1716]
cnt=1 s0=fng (561,1928) [filtered=1716]
cnt=1 s0=fng (556,1921) [filtered=1716]
cnt=1 s0=fng (550,1914) [filtered=1716]
cnt=1 s0=fng (545,1908) [filtered=1716]
cnt=1 s0=fng (540,1902) [filtered=1716]
cnt=1 s0=fng (535,1896) [filtered=1716]
cnt=1 s0=fng (530,1890) [filtered=1716]
cnt=1 s0=fng (526,1884) [filtered=1716]
cnt=1 s0=fng (523,1879) [filtered=1716]
cnt=1 s0=fng (520,1874) [filtered=1716]
cnt=1 s0=fng (517,1869) [filtered=1716]
cnt=1 s0=fng (514,1864) [filtered=1716]
cnt=1 s0=fng (512,1860) [filtered=1716]
cnt=1 s0=fng (511,1856) [filtered=1716]
cnt=1 s0=fng (509,1851) [filtered=1716]
cnt=1 s0=fng (507,1847) [filtered=1716]
cnt=1 s0=fng (505,1843) [filtered=1716]
cnt=1 s0=fng (504,1840) [filtered=1716]
cnt=1 s0=fng (502,1838) [filtered=1716]
cnt=1 s0=fng (501,1837) [filtered=1716]
cnt=1 s0=fng (500,1837) [filtered=1716]
cnt=1 s0=fng (500,1837) [filtered=1716]
cnt=1 s0=fng (501,1838) [filtered=1716]
cnt=1 s0=fng (502,1840) [filtered=1716]
cnt=1 s0=fng (503,1842) [filtered=1716]
cnt=1 s0=fng (505,1845) [filtered=1716]
cnt=1 s0=fng (506,1846) [filtered=1716]
cnt=1 s0=fng (508,1849) [filtered=1716]
cnt=1 s0=fng (510,1853) [filtered=1716]
cnt=1 s0=fng (513,1857) [filtered=1716]
cnt=1 s0=fng (515,1860) [filtered=1716]
cnt=1 s0=fng (518,1865) [filtered=1716]
cnt=1 s0=fng (522,1870) [filtered=1716]
cnt=1 s0=fng (526,1875) [filtered=1716]
cnt=1 s0=fng (529,1879) [filtered=1716]
cnt=1 s0=fng (533,1884) [filtered=1716]
cnt=1 s0=fng (538,1889) [filtered=1716]
cnt=1 s0=fng (542,1893) [filtered=1716]
cnt=1 s0=fng (545,1898) [filtered=1716]
cnt=1 s0=fng (549,1903) [filtered=1716]
cnt=1 s0=fng (553,1908) [filtered=1716]
cnt=1 s0=fng (557,1913) [filtered=1716]
cnt=1 s0=fng (560,1917) [filtered=1716]
cnt=1 s0=fng (565,1922) [filtered=1716]
cnt=1 s0=fng (570,1927) [filtered=1716]
cnt=1 s0=fng (574,1932) [filtered=1716]
cnt=1 s0=fng (578,1937) [filtered=1716]
cnt=1 s0=fng (581,1941) [filtered=1716]
cnt=1 s0=fng (584,1945) [filtered=1716]
cnt=1 s0=fng (587,1949) [filtered=1716]
cnt=1 s0=fng (589,1952) [filtered=1716]
cnt=1 s0=fng (592,1955) [filtered=1716]
cnt=1 s0=fng (594,1957) [filtered=1716]
cnt=1 s0=fng (595,1958) [filtered=1716]
cnt=1 s0=fng (597,1960) [filtered=1716]
cnt=1 s0=fng (600,1961) [filtered=1716]
cnt=1 s0=fng (601,1962) [filtered=1716]
cnt=1 s0=fng (602,1963) [filtered=1716]
cnt=1 s0=fng (603,1963) [filtered=1716]
cnt=1 s0=fng (603,1962) [filtered=1716]
cnt=1 s0=fng (602,1961) [filtered=1716]
cnt=1 s0=fng (601,1960) [filtered=1716]
cnt=1 s0=fng (599,1958) [filtered=1716]
cnt=1 s0=fng (596,1955) [filtered=1716]
cnt=1 s0=fng (593,1952) [filtered=1716]
cnt=1 s0=fng (591,1950) [filtered=1716]
cnt=1 s0=fng (587,1946) [filtered=1716]
cnt=1 s0=fng (582,1942) [filtered=1716]
cnt=1 s0=fng (577,1938) [filtered=1716]
cnt=1 s0=fng (572,1933) [filtered=1716]
cnt=1 s0=fng (568,1930) [filtered=1716]
cnt=1 s0=fng (564,1926) [filtered=1716]
cnt=1 s0=fng (559,1922) [filtered=1716]
cnt=1 s0=fng (554,1917) [filtered=1716]
cnt=1 s0=fng (549,1913) [filtered=1716]
cnt=1 s0=fng (545,1910) [filtered=1716]
cnt=1 s0=fng (541,1906) [filtered=1716]
cnt=1 s0=fng (537,1902) [filtered=1716]
cnt=1 s0=fng (533,1898) [filtered=1716]
cnt=1 s0=fng (529,1895) [filtered=1716]
cnt=1 s0=fng (526,1893) [filtered=1716]
cnt=1 s0=fng (523,1890) [filtered=1716]
cnt=1 s0=fng (520,1887) [filtered=1716]
cnt=1 s0=fng (516,1884) [filtered=1716]
cnt=1 s0=fng (513,1882) [filtered=1716]
cnt=1 s0=fng (510,1880) [filtered=1716]
cnt=1 s0=fng (506,1877) [filtered=1716]
cnt=1 s0=fng (502,1875) [filtered=1716]
cnt=1 s0=fng (498,1873) [filtered=1716]
cnt=1 s0=fng (495,1872) [filtered=1716]
cnt=1 s0=fng (492,1870) [filtered=1716]
cnt=1 s0=fng (490,1868) [filtered=1716]
cnt=1 s0=fng (488,1866) [filtered=1716]
cnt=1 s0=fng (486,1865) [filtered=1716]
cnt=1 s0=fng (484,1864) [filtered=1716]
cnt=1 s0=fng (483,1863) [filtered=1716]
cnt=1 s0=fng (481,1862) [filtered=1716]
cnt=1 s0=fng (480,1861) [filtered=1716]
cnt=1 s0=fng (479,1860) [filtered=1716]
cnt=1 s0=fng (478,1860) [filtered=1716]
cnt=1 s0=fng (478,1860) [filtered=1716]
cnt=1 s0=fng (479,1861) [filtered=1716]
cnt=1 s0=fng (479,1862) [filtered=1716]
cnt=1 s0=fng (480,1864) [filtered=1716]
cnt=1 s0=fng (482,1867) [filtered=1716]
cnt=1 s0=fng (485,1871) [filtered=1716]
cnt=1 s0=fng (489,1876) [filtered=1716]
cnt=1 s0=fng (491,1880) [filtered=1716]
cnt=1 s0=fng (495,1885) [filtered=1716]
cnt=1 s0=fng (500,1890) [filtered=1716]
cnt=1 s0=fng (505,1897) [filtered=1716]
cnt=1 s0=fng (505,1897) [filtered=1716]
cnt=1 s0=fng (688,2139) [filtered=1716]
cnt=1 s0=fng (688,2139) [filtered=1716]
cnt=1 s0=fng (687,2139) [filtered=1716]
cnt=1 s0=fng (686,2139) [filtered=1716]
cnt=1 s0=fng (685,2139) [filtered=1716]
cnt=1 s0=fng (685,2139) [filtered=1716]
cnt=1 s0=fng (685,2139) [filtered=1716]
cnt=1 s0=fng (685,2139) [filtered=1716]
cnt=1 s0=fng (685,2139) [filtered=1716]
cnt=1 s0=fng (685,2139) [filtered=1716]
cnt=1 s0=fng (685,2139) [filtered=1716]
cnt=1 s0=fng (685,2139) [filtered=1716]
cnt=1 s0=fng (685,2139) [filtered=1716]
cnt=1 s0=fng (685,2139) [filtered=1716]
cnt=1 s0=fng (685,2139) [filtered=1716]
cnt=1 s0=fng (685,2139) [filtered=1716]
cnt=1 s0=fng (685,2139) [filtered=1716]
cnt=1 s0=fng (685,2139) [filtered=1716]
cnt=1 s0=fng (685,2139) [filtered=1716]
cnt=1 s0=fng (685,2139) [filtered=1716]
cnt=1 s0=fng (685,2139)* [filtered=1716]
cnt=1 s0=fng (685,2139)* [filtered=1716]
cnt=1 s0=fng (685,2139)* [filtered=1716]
cnt=1 s0=fng (685,2139)* [filtered=1716]
cnt=1 s0=fng (685,2139)* [filtered=1716]
cnt=1 s0=fng (685,2139)* [filtered=1716]
cnt=1 s0=fng (685,2139)* [filtered=1716]
cnt=1 s0=fng (685,2139)* [filtered=1716]
cnt=1 s0=fng (685,2139)* [filtered=1716]
cnt=1 s0=fng (685,2139)* [filtered=1716]
cnt=1 s0=fng (685,2139)* [filtered=1716]
cnt=1 s0=fng (685,2139)* [filtered=1716]
cnt=1 s0=fng (685,2139)* [filtered=1716]
cnt=1 s0=fng (685,2139)* [filtered=1716]
cnt=1 s0=fng (685,2139)* [filtered=1716]
cnt=1 s0=fng (685,2139)* [filtered=1716]
cnt=1 s0=fng (685,2139)* [filtered=1716]
cnt=1 s0=fng (685,2139)* [filtered=1716]
cnt=1 s0=fng (685,2139)* [filtered=1716]
cnt=1 s0=fng (685,2139)* [filtered=1716]
cnt=1 s0=fng (685,2139)* [filtered=1716]
cnt=1 s0=fng (685,2139)* [filtered=1716]
cnt=1 s0=fng (685,2139)* [filtered=1716]
cnt=1 s0=fng (685,2139)* [filtered=1716]
cnt=1 s0=fng (685,2139)* [filtered=1716]
cnt=1 s0=fng (685,2139)* [filtered=1716]
cnt=1 s0=fng (685,2139)* [filtered=1716]
cnt=1 s0=fng (685,2139)* [filtered=1716]
cnt=1 s0=fng (685,2139)* [filtered=1716]
cnt=1 s0=fng (685,2139)* [filtered=1716]
cnt=1 s0=fng (685,2139)* [filtered=1716]
cnt=1 s0=fng (684,2141)* [filtered=1716]
cnt=2 s0=PALM(682,2144) s1=PALM(639,2232) [filtered=1717]
cnt=2 s0=PALM(681,2146) s1=PALM(639,2232) [filtered=1718]
cnt=2 s0=PALM(679,2149) s1=PALM(639,2232) [filtered=1719]
cnt=1 s0=fng (679,2149) [filtered=1719]
cnt=1 s0=fng (640,2226) [filtered=1719]
cnt=1 s0=fng (640,2226) [filtered=1719]
cnt=1 s0=fng (644,2225) [filtered=1719]
cnt=1 s0=fng (644,2225) [filtered=1719]
cnt=1 s0=fng (644,2225) [filtered=1719]
cnt=1 s0=fng (644,2225) [filtered=1719]
cnt=1 s0=fng (644,2225) [filtered=1719]
cnt=1 s0=fng (644,2225) [filtered=1719]
cnt=1 s0=fng (644,2225) [filtered=1719]
cnt=1 s0=fng (644,2225) [filtered=1719]
cnt=1 s0=fng (644,2225) [filtered=1719]
cnt=1 s0=fng (644,2225) [filtered=1719]
cnt=1 s0=fng (644,2225) [filtered=1719]
cnt=1 s0=fng (644,2225) [filtered=1719]
cnt=1 s0=fng (644,2225) [filtered=1719]
cnt=1 s0=fng (644,2225) [filtered=1719]
cnt=1 s0=fng (644,2225) [filtered=1719]
cnt=1 s0=fng (644,2225) [filtered=1719]
cnt=1 s0=fng (644,2225) [filtered=1719]
cnt=1 s0=fng (644,2225) [filtered=1719]
cnt=1 s0=fng (644,2225) [filtered=1719]
cnt=1 s0=fng (644,2225) [filtered=1719]
cnt=1 s0=fng (644,2225)* [filtered=1719]
cnt=1 s0=fng (644,2225)* [filtered=1719]
cnt=1 s0=fng (644,2225)* [filtered=1719]
cnt=1 s0=fng (644,2225)* [filtered=1719]
cnt=1 s0=fng (644,2225)* [filtered=1719]
cnt=1 s0=fng (644,2225)* [filtered=1719]
cnt=1 s0=fng (644,2225)* [filtered=1719]
cnt=1 s0=fng (644,2225)* [filtered=1719]
cnt=1 s0=fng (644,2225)* [filtered=1719]
cnt=1 s0=fng (644,2225)* [filtered=1719]
cnt=1 s0=fng (644,2225)* [filtered=1719]
cnt=1 s0=fng (644,2225)* [filtered=1719]
cnt=1 s0=fng (644,2225)* [filtered=1719]
cnt=1 s0=fng (644,2225)* [filtered=1719]
cnt=1 s0=fng (644,2225)* [filtered=1719]
cnt=1 s0=fng (644,2225)* [filtered=1719]
cnt=1 s0=fng (644,2225)* [filtered=1719]
cnt=1 s0=fng (644,2225)* [filtered=1719]
cnt=1 s0=fng (644,2225)* [filtered=1719]
cnt=1 s0=fng (644,2225)* [filtered=1719]
cnt=1 s0=fng (644,2225)* [filtered=1719]
cnt=1 s0=fng (644,2225)* [filtered=1719]
cnt=1 s0=fng (644,2225)* [filtered=1719]
cnt=1 s0=fng (644,2225)* [filtered=1719]
cnt=1 s0=fng (644,2225)* [filtered=1719]
cnt=1 s0=fng (644,2225)* [filtered=1719]
cnt=1 s0=fng (644,2225)* [filtered=1719]
cnt=1 s0=fng (644,2225)* [filtered=1719]
cnt=1 s0=fng (644,2225)* [filtered=1719]
cnt=1 s0=fng (644,2225)* [filtered=1719]
cnt=1 s0=fng (644,2225)* [filtered=1719]
cnt=1 s0=fng (644,2225)* [filtered=1719]
cnt=1 s0=fng (644,2225)* [filtered=1719]
cnt=1 s0=fng (644,2225)* [filtered=1719]
cnt=1 s0=fng (644,2225)* [filtered=1719]
cnt=1 s0=fng (644,2225)* [filtered=1719]
cnt=1 s0=fng (644,2225)* [filtered=1719]
cnt=1 s0=fng (644,2225)* [filtered=1719]
cnt=1 s0=fng (644,2225)* [filtered=1719]
cnt=1 s0=fng (644,2225)* [filtered=1719]
cnt=1 s0=fng (644,2225)* [filtered=1719]
cnt=1 s0=fng (644,2225)* [filtered=1719]
cnt=1 s0=fng (644,2225)* [filtered=1719]
cnt=1 s0=fng (644,2225)* [filtered=1719]
cnt=1 s0=fng (589,2150) [filtered=1719]
cnt=1 s0=fng (589,2150) [filtered=1719]
cnt=1 s0=fng (589,2150) [filtered=1719]
cnt=1 s0=fng (589,2150) [filtered=1719]
cnt=1 s0=fng (589,2150) [filtered=1719]
cnt=1 s0=fng (589,2150) [filtered=1719]
cnt=1 s0=fng (589,2150) [filtered=1719]
cnt=1 s0=fng (589,2150) [filtered=1719]
cnt=1 s0=fng (589,2150) [filtered=1719]
cnt=1 s0=fng (589,2150) [filtered=1719]
cnt=1 s0=fng (589,2150) [filtered=1719]
cnt=1 s0=fng (589,2150) [filtered=1719]
cnt=1 s0=fng (589,2150) [filtered=1719]
cnt=1 s0=fng (589,2150) [filtered=1719]
cnt=1 s0=fng (589,2150) [filtered=1719]
cnt=1 s0=fng (589,2150) [filtered=1719]
cnt=1 s0=fng (589,2150) [filtered=1719]
cnt=1 s0=fng (589,2150) [filtered=1719]
cnt=1 s0=fng (589,2150) [filtered=1719]
cnt=1 s0=fng (589,2150) [filtered=1719]
cnt=1 s0=fng (589,2150)* [filtered=1719]
cnt=1 s0=fng (589,2150)* [filtered=1719]
cnt=1 s0=fng (589,2150)* [filtered=1719]
cnt=1 s0=fng (589,2150)* [filtered=1719]
cnt=1 s0=fng (589,2150)* [filtered=1719]
cnt=1 s0=fng (589,2150)* [filtered=1719]
cnt=1 s0=fng (589,2150)* [filtered=1719]
cnt=1 s0=fng (589,2150)* [filtered=1719]
cnt=1 s0=fng (589,2150)* [filtered=1719]
cnt=1 s0=fng (589,2150)* [filtered=1719]
cnt=1 s0=fng (589,2150)* [filtered=1719]
cnt=1 s0=fng (589,2150)* [filtered=1719]
cnt=1 s0=fng (589,2150)* [filtered=1719]
cnt=1 s0=fng (589,2150)* [filtered=1719]
cnt=1 s0=fng (589,2150)* [filtered=1719]
cnt=1 s0=fng (589,2150)* [filtered=1719]
cnt=1 s0=fng (589,2150)* [filtered=1719]
cnt=1 s0=fng (589,2150)* [filtered=1719]
cnt=1 s0=fng (604,2165) [filtered=1719]
cnt=1 s0=fng (604,2165) [filtered=1719]
cnt=1 s0=fng (604,2165) [filtered=1719]
cnt=1 s0=fng (604,2165) [filtered=1719]
cnt=1 s0=fng (604,2165) [filtered=1719]
cnt=1 s0=fng (604,2165) [filtered=1719]
cnt=1 s0=fng (604,2165) [filtered=1719]
cnt=1 s0=fng (604,2165) [filtered=1719]
cnt=1 s0=fng (604,2165) [filtered=1719]
cnt=1 s0=fng (604,2165) [filtered=1719]
cnt=1 s0=fng (604,2165) [filtered=1719]
cnt=1 s0=fng (604,2165) [filtered=1719]
cnt=1 s0=fng (604,2165) [filtered=1719]
cnt=1 s0=fng (604,2165) [filtered=1719]
cnt=1 s0=fng (604,2165) [filtered=1719]
cnt=1 s0=fng (604,2165) [filtered=1719]
cnt=1 s0=fng (604,2165) [filtered=1719]
cnt=1 s0=fng (604,2165) [filtered=1719]
cnt=1 s0=fng (604,2165) [filtered=1719]
cnt=1 s0=fng (604,2165) [filtered=1719]
cnt=1 s0=fng (604,2165)* [filtered=1719]
cnt=1 s0=fng (604,2165)* [filtered=1719]
cnt=1 s0=fng (604,2165)* [filtered=1719]
cnt=1 s0=fng (604,2165)* [filtered=1719]
cnt=1 s0=fng (604,2165)* [filtered=1719]
cnt=1 s0=fng (604,2165)* [filtered=1719]
cnt=1 s0=fng (604,2165)* [filtered=1719]
cnt=1 s0=fng (604,2165)* [filtered=1719]
cnt=1 s0=fng (604,2165)* [filtered=1719]
cnt=1 s0=fng (604,2165)* [filtered=1719]
cnt=1 s0=fng (604,2165)* [filtered=1719]
cnt=1 s0=fng (604,2165)* [filtered=1719]
cnt=1 s0=fng (604,2165)* [filtered=1719]
cnt=1 s0=fng (604,2165)* [filtered=1719]
cnt=1 s0=fng (604,2165)* [filtered=1719]
cnt=1 s0=fng (604,2165)* [filtered=1719]
cnt=1 s0=fng (604,2165)* [filtered=1719]
cnt=1 s0=fng (604,2165)* [filtered=1719]
cnt=1 s0=fng (604,2165)* [filtered=1719]
cnt=1 s0=fng (604,2165)* [filtered=1719]
cnt=1 s0=fng (604,2165)* [filtered=1719]
cnt=1 s0=fng (604,2165)* [filtered=1719]
cnt=1 s0=fng (604,2165)* [filtered=1719]
cnt=1 s0=fng (604,2165)* [filtered=1719]
cnt=1 s0=fng (604,2165)* [filtered=1719]
cnt=1 s0=fng (604,2165)* [filtered=1719]
cnt=1 s0=fng (604,2165)* [filtered=1719]
cnt=1 s0=fng (604,2165)* [filtered=1719]
cnt=1 s0=fng (601,2161) [filtered=1719]
cnt=1 s0=fng (596,2155) [filtered=1719]
cnt=1 s0=fng (590,2146) [filtered=1719]
cnt=1 s0=fng (585,2138) [filtered=1719]
cnt=1 s0=fng (579,2129) [filtered=1719]
cnt=1 s0=fng (573,2120) [filtered=1719]
cnt=1 s0=fng (567,2111) [filtered=1719]
cnt=1 s0=fng (560,2102) [filtered=1719]
cnt=1 s0=fng (554,2094) [filtered=1719]
cnt=1 s0=fng (548,2086) [filtered=1719]
cnt=1 s0=fng (542,2078) [filtered=1719]
cnt=1 s0=fng (537,2070) [filtered=1719]
cnt=1 s0=fng (533,2063) [filtered=1719]
cnt=1 s0=fng (528,2056) [filtered=1719]
cnt=1 s0=fng (523,2049) [filtered=1719]
cnt=1 s0=fng (518,2043) [filtered=1719]
cnt=1 s0=fng (513,2037) [filtered=1719]
cnt=1 s0=fng (509,2032) [filtered=1719]
cnt=1 s0=fng (504,2027) [filtered=1719]
cnt=1 s0=fng (500,2023) [filtered=1719]
cnt=1 s0=fng (496,2018) [filtered=1719]
cnt=1 s0=fng (492,2013) [filtered=1719]
cnt=1 s0=fng (489,2009) [filtered=1719]
cnt=1 s0=fng (487,2005) [filtered=1719]
cnt=1 s0=fng (485,2001) [filtered=1719]
cnt=1 s0=fng (482,1997) [filtered=1719]
cnt=1 s0=fng (480,1994) [filtered=1719]
cnt=1 s0=fng (478,1991) [filtered=1719]
cnt=1 s0=fng (476,1988) [filtered=1719]
cnt=1 s0=fng (473,1986) [filtered=1719]
cnt=1 s0=fng (471,1983) [filtered=1719]
cnt=1 s0=fng (470,1981) [filtered=1719]
cnt=1 s0=fng (469,1979) [filtered=1719]
cnt=1 s0=fng (467,1978) [filtered=1719]
cnt=1 s0=fng (466,1976) [filtered=1719]
cnt=1 s0=fng (465,1975) [filtered=1719]
cnt=1 s0=fng (464,1973) [filtered=1719]
cnt=1 s0=fng (463,1971) [filtered=1719]
cnt=1 s0=fng (462,1970) [filtered=1719]
cnt=1 s0=fng (462,1969) [filtered=1719]
cnt=1 s0=fng (462,1968) [filtered=1719]
cnt=1 s0=fng (462,1968) [filtered=1719]
cnt=1 s0=fng (463,1969) [filtered=1719]
cnt=1 s0=fng (465,1970) [filtered=1719]
cnt=1 s0=fng (468,1972) [filtered=1719]
cnt=1 s0=fng (469,1973) [filtered=1719]
cnt=1 s0=fng (472,1975) [filtered=1719]
cnt=1 s0=fng (475,1979) [filtered=1719]
cnt=1 s0=fng (479,1983) [filtered=1719]
cnt=1 s0=fng (482,1986) [filtered=1719]
cnt=1 s0=fng (487,1991) [filtered=1719]
cnt=1 s0=fng (492,1996) [filtered=1719]
cnt=1 s0=fng (497,2001) [filtered=1719]
cnt=1 s0=fng (502,2007) [filtered=1719]
cnt=1 s0=fng (506,2013) [filtered=1719]
cnt=1 s0=fng (511,2019) [filtered=1719]
cnt=1 s0=fng (517,2025) [filtered=1719]
cnt=1 s0=fng (523,2031) [filtered=1719]
cnt=1 s0=fng (529,2039) [filtered=1719]
cnt=1 s0=fng (535,2046) [filtered=1719]
cnt=1 s0=fng (541,2053) [filtered=1719]
cnt=1 s0=fng (547,2059) [filtered=1719]
cnt=1 s0=fng (552,2065) [filtered=1719]
cnt=1 s0=fng (557,2070) [filtered=1719]
cnt=1 s0=fng (561,2074) [filtered=1719]
cnt=1 s0=fng (566,2079) [filtered=1719]
cnt=1 s0=fng (571,2084) [filtered=1719]
cnt=1 s0=fng (575,2089) [filtered=1719]
cnt=1 s0=fng (578,2093) [filtered=1719]
cnt=1 s0=fng (582,2097) [filtered=1719]
cnt=1 s0=fng (586,2100) [filtered=1719]
cnt=1 s0=fng (589,2104) [filtered=1719]
cnt=1 s0=fng (592,2107) [filtered=1719]
cnt=1 s0=fng (594,2109) [filtered=1719]
cnt=1 s0=fng (595,2111) [filtered=1719]
cnt=1 s0=fng (597,2112) [filtered=1719]
cnt=1 s0=fng (599,2114) [filtered=1719]
cnt=1 s0=fng (601,2116) [filtered=1719]
cnt=1 s0=fng (602,2117) [filtered=1719]
cnt=1 s0=fng (603,2118) [filtered=1719]
cnt=1 s0=fng (603,2117) [filtered=1719]
cnt=1 s0=fng (603,2116) [filtered=1719]
cnt=1 s0=fng (603,2116) [filtered=1719]
cnt=1 s0=fng (602,2114) [filtered=1719]
cnt=1 s0=fng (601,2112) [filtered=1719]
cnt=1 s0=fng (599,2109) [filtered=1719]
cnt=1 s0=fng (597,2105) [filtered=1719]
cnt=1 s0=fng (596,2102) [filtered=1719]
cnt=1 s0=fng (594,2097) [filtered=1719]
cnt=1 s0=fng (592,2092) [filtered=1719]
cnt=1 s0=fng (589,2087) [filtered=1719]
cnt=1 s0=fng (588,2083) [filtered=1719]
cnt=1 s0=fng (585,2077) [filtered=1719]
cnt=1 s0=fng (582,2070) [filtered=1719]
cnt=1 s0=fng (579,2062) [filtered=1719]
cnt=1 s0=fng (575,2054) [filtered=1719]
cnt=1 s0=fng (573,2046) [filtered=1719]
cnt=1 s0=fng (569,2038) [filtered=1719]
cnt=1 s0=fng (564,2029) [filtered=1719]
cnt=1 s0=fng (564,2029) [filtered=1719]
cnt=1 s0=fng (4607,1586) [filtered=1719]
cnt=1 s0=fng (4607,1586) [filtered=1719]
cnt=1 s0=fng (4607,1586) [filtered=1719]
cnt=1 s0=fng (4607,1586) [filtered=1719]
cnt=1 s0=fng (4607,1586) [filtered=1719]
cnt=1 s0=fng (4607,1586) [filtered=1719]
cnt=1 s0=fng (4607,1586) [filtered=1719]
cnt=1 s0=fng (4607,1586) [filtered=1719]
cnt=1 s0=fng (4607,1586) [filtered=1719]
cnt=1 s0=fng (4607,1586) [filtered=1719]
cnt=1 s0=fng (4607,1586) [filtered=1719]
cnt=1 s0=fng (4607,1586) [filtered=1719]
cnt=1 s0=fng (4607,1586) [filtered=1719]
cnt=1 s0=fng (4607,1586) [filtered=1719]
cnt=1 s0=fng (4607,1586) [filtered=1719]
cnt=1 s0=fng (4607,1586) [filtered=1719]
cnt=1 s0=fng (4607,1586) [filtered=1719]
cnt=1 s0=fng (4639,1534) [filtered=1719]
cnt=1 s0=fng (4639,1534) [filtered=1719]
cnt=1 s0=fng (4645,1544) [filtered=1719]
cnt=1 s0=fng (4645,1544) [filtered=1719]
cnt=1 s0=fng (4645,1544) [filtered=1719]
cnt=1 s0=fng (4645,1544) [filtered=1719]
cnt=1 s0=fng (4645,1544) [filtered=1719]
cnt=1 s0=fng (4645,1544) [filtered=1719]
cnt=2 s0=PALM(4645,1544) s1=PALM(30,2016) [filtered=1720]
cnt=2 s0=PALM(4645,1544) s1=PALM(30,2016) [filtered=1721]
cnt=2 s0=PALM(4645,1544) s1=PALM(30,2015) [filtered=1722]
cnt=2 s0=PALM(4645,1544) s1=PALM(30,2015) [filtered=1723]
cnt=2 s0=PALM(4645,1544) s1=PALM(30,2014) [filtered=1724]
cnt=2 s0=PALM(4645,1544) s1=PALM(30,2014) [filtered=1725]
cnt=2 s0=PALM(4645,1544) s1=PALM(30,2013) [filtered=1726]
cnt=2 s0=PALM(4645,1544) s1=PALM(30,2012) [filtered=1727]
cnt=2 s0=PALM(4645,1544) s1=PALM(30,2011) [filtered=1728]
cnt=2 s0=PALM(4645,1544) s1=PALM(30,2010) [filtered=1729]
cnt=2 s0=PALM(4645,1544) s1=PALM(30,2010) [filtered=1730]
cnt=2 s0=PALM(4645,1544) s1=PALM(30,2009) [filtered=1731]
cnt=2 s0=PALM(4645,1544) s1=PALM(30,2008) [filtered=1732]
cnt=2 s0=PALM(4645,1544) s1=PALM(30,2007) [filtered=1733]
cnt=2 s0=PALM(4645,1544)* s1=PALM(30,2006) [filtered=1734]
cnt=2 s0=PALM(4645,1544)* s1=PALM(30,2006) [filtered=1735]
cnt=2 s0=PALM(4645,1544)* s1=PALM(30,2005) [filtered=1736]
cnt=2 s0=PALM(4645,1544)* s1=PALM(30,2004) [filtered=1737]
cnt=2 s0=PALM(4645,1544)* s1=PALM(30,2003) [filtered=1738]
cnt=2 s0=PALM(4645,1544)* s1=PALM(30,2002) [filtered=1739]
cnt=2 s0=PALM(4645,1544)* s1=PALM(30,2001)* [filtered=1740]
cnt=2 s0=PALM(4645,1544)* s1=PALM(30,2000)* [filtered=1741]
cnt=2 s0=PALM(4645,1544)* s1=PALM(30,1999)* [filtered=1742]
cnt=2 s0=PALM(4645,1544)* s1=PALM(30,1997)* [filtered=1743]
cnt=2 s0=PALM(4645,1544)* s1=PALM(30,1996)* [filtered=1744]
cnt=2 s0=PALM(4645,1544)* s1=PALM(30,1994)* [filtered=1745]
cnt=2 s0=PALM(4645,1544)* s1=PALM(30,1992)* [filtered=1746]
cnt=2 s0=PALM(4645,1544)* s1=PALM(30,1990)* [filtered=1747]
cnt=2 s0=PALM(4645,1544)* s1=PALM(30,1989)* [filtered=1748]
cnt=2 s0=PALM(4645,1544)* s1=PALM(30,1988)* [filtered=1749]
cnt=2 s0=PALM(4645,1544)* s1=PALM(30,1986)* [filtered=1750]
cnt=2 s0=PALM(4645,1544)* s1=PALM(30,1984)* [filtered=1751]
cnt=2 s0=PALM(4645,1544)* s1=PALM(30,1982)* [filtered=1752]
cnt=2 s0=PALM(4645,1544)* s1=PALM(30,1981)* [filtered=1753]
cnt=2 s0=PALM(4645,1544)* s1=PALM(30,1980)* [filtered=1754]
cnt=2 s0=PALM(4645,1544)* s1=PALM(30,1978)* [filtered=1755]
cnt=2 s0=PALM(4645,1544)* s1=PALM(30,1977)* [filtered=1756]
cnt=2 s0=PALM(4645,1544)* s1=PALM(30,1975)* [filtered=1757]
cnt=2 s0=PALM(4645,1544)* s1=PALM(30,1974)* [filtered=1758]
cnt=2 s0=PALM(4645,1544)* s1=PALM(30,1972)* [filtered=1759]
cnt=2 s0=PALM(4645,1544)* s1=PALM(30,1970)* [filtered=1760]
cnt=2 s0=PALM(4645,1544)* s1=PALM(30,1968)* [filtered=1761]
cnt=2 s0=PALM(4645,1544)* s1=PALM(30,1966)* [filtered=1762]
cnt=2 s0=PALM(4645,1544)* s1=PALM(30,1965)* [filtered=1763]
cnt=1 s0=fng (4645,1544)* [filtered=1763]
cnt=1 s0=fng (4645,1544)* [filtered=1763]
cnt=1 s0=fng (4645,1544)* [filtered=1763]
cnt=1 s0=fng (4645,1544)* [filtered=1763]
cnt=1 s0=fng (4645,1544)* [filtered=1763]
cnt=1 s0=fng (4645,1544)* [filtered=1763]
cnt=1 s0=fng (4645,1544)* [filtered=1763]
cnt=1 s0=fng (4645,1544)* [filtered=1763]
cnt=1 s0=fng (4645,1544)* [filtered=1763]
cnt=1 s0=fng (4645,1544)* [filtered=1763]
cnt=1 s0=fng (4645,1544)* [filtered=1763]
cnt=1 s0=fng (4645,1544)* [filtered=1763]
cnt=1 s0=fng (4645,1544)* [filtered=1763]
cnt=1 s0=fng (4645,1544)* [filtered=1763]
cnt=1 s0=fng (4645,1544)* [filtered=1763]
cnt=1 s0=fng (4645,1544)* [filtered=1763]
cnt=1 s0=fng (4645,1544)* [filtered=1763]
cnt=1 s0=fng (4645,1544)* [filtered=1763]
cnt=1 s0=fng (4645,1544)* [filtered=1763]
cnt=1 s0=fng (4645,1544)* [filtered=1763]
cnt=1 s0=fng (1114,19) [filtered=1763]
cnt=1 s0=fng (1114,19) [filtered=1763]
cnt=1 s0=fng (1114,19) [filtered=1763]
cnt=1 s0=fng (1114,19) [filtered=1763]
cnt=1 s0=fng (1114,19) [filtered=1763]
cnt=1 s0=fng (1114,19) [filtered=1763]
cnt=1 s0=fng (1114,19) [filtered=1763]
cnt=1 s0=fng (1114,19) [filtered=1763]
cnt=1 s0=fng (1114,19) [filtered=1763]
cnt=1 s0=fng (1114,19) [filtered=1763]
cnt=1 s0=fng (1114,19) [filtered=1763]
cnt=1 s0=fng (1114,19) [filtered=1763]
cnt=1 s0=fng (1114,19) [filtered=1763]
cnt=1 s0=fng (1114,19) [filtered=1763]
cnt=1 s0=fng (1114,19) [filtered=1763]
cnt=1 s0=fng (1114,19) [filtered=1763]
cnt=1 s0=fng (1114,19) [filtered=1763]
cnt=1 s0=fng (1114,19) [filtered=1763]
cnt=1 s0=fng (1114,19) [filtered=1763]
cnt=1 s0=fng (1113,19) [filtered=1763]
cnt=1 s0=fng (1113,19)* [filtered=1763]
cnt=1 s0=fng (1113,19)* [filtered=1763]
cnt=1 s0=fng (4748,1850) [filtered=1763]
cnt=1 s0=fng (4748,1850) [filtered=1763]
cnt=1 s0=fng (4748,1850) [filtered=1763]
cnt=1 s0=fng (4748,1849) [filtered=1763]
cnt=1 s0=fng (4748,1849) [filtered=1763]
cnt=1 s0=fng (4748,1848) [filtered=1763]
cnt=1 s0=fng (4748,1848) [filtered=1763]
cnt=1 s0=fng (4748,1848) [filtered=1763]
cnt=1 s0=fng (4748,1847) [filtered=1763]
cnt=1 s0=fng (4747,1846) [filtered=1763]
cnt=1 s0=fng (4747,1846) [filtered=1763]
cnt=1 s0=fng (4746,1845) [filtered=1763]
cnt=1 s0=fng (4745,1844) [filtered=1763]
cnt=1 s0=fng (4744,1842) [filtered=1763]
cnt=1 s0=fng (4743,1841) [filtered=1763]
cnt=1 s0=fng (4742,1840) [filtered=1763]
cnt=1 s0=fng (4741,1839) [filtered=1763]
cnt=1 s0=fng (4740,1837) [filtered=1763]
cnt=1 s0=fng (4739,1835) [filtered=1763]
cnt=1 s0=fng (4739,1834) [filtered=1763]
cnt=1 s0=fng (4739,1833)* [filtered=1763]
cnt=1 s0=fng (4739,1832)* [filtered=1763]
cnt=1 s0=fng (4739,1831)* [filtered=1763]
cnt=1 s0=fng (4739,1830)* [filtered=1763]
cnt=1 s0=fng (4739,1830)* [filtered=1763]
cnt=1 s0=fng (4738,1829)* [filtered=1763]
cnt=1 s0=fng (4737,1828)* [filtered=1763]
cnt=1 s0=fng (4736,1827)* [filtered=1763]
cnt=1 s0=fng (4736,1826)* [filtered=1763]
cnt=1 s0=fng (4736,1825)* [filtered=1763]
cnt=1 s0=fng (4736,1825)* [filtered=1763]
cnt=1 s0=fng (4736,1825)* [filtered=1763]
cnt=1 s0=fng (4736,1825)* [filtered=1763]
cnt=1 s0=fng (4736,1825)* [filtered=1763]
cnt=1 s0=fng (4736,1825)* [filtered=1763]
cnt=1 s0=fng (4736,1825)* [filtered=1763]
cnt=1 s0=fng (4736,1825)* [filtered=1763]
cnt=1 s0=fng (4736,1825)* [filtered=1763]
cnt=1 s0=fng (4736,1825)* [filtered=1763]
cnt=1 s0=fng (4736,1825)* [filtered=1763]
cnt=1 s0=fng (4736,1825)* [filtered=1763]
cnt=1 s0=fng (4736,1825)* [filtered=1763]
cnt=1 s0=fng (4736,1825)* [filtered=1763]
cnt=1 s0=fng (4736,1825)* [filtered=1763]
cnt=1 s0=fng (4736,1825)* [filtered=1763]
cnt=1 s0=fng (4735,1825)* [filtered=1763]
cnt=1 s0=fng (4734,1825)* [filtered=1763]
cnt=1 s0=fng (4733,1825)* [filtered=1763]
cnt=1 s0=fng (4733,1825)* [filtered=1763]
cnt=1 s0=fng (4733,1825)* [filtered=1763]
cnt=1 s0=fng (4733,1825)* [filtered=1763]
cnt=1 s0=fng (4733,1825)* [filtered=1763]
cnt=1 s0=fng (4733,1825)* [filtered=1763]
cnt=1 s0=fng (4733,1825)* [filtered=1763]
cnt=1 s0=fng (4733,1825)* [filtered=1763]
cnt=1 s0=fng (4733,1825)* [filtered=1763]
cnt=1 s0=fng (4733,1825)* [filtered=1763]
cnt=1 s0=fng (4733,1825)* [filtered=1763]
cnt=1 s0=fng (4733,1826)* [filtered=1763]
cnt=1 s0=fng (4733,1826)* [filtered=1763]
cnt=1 s0=fng (4733,1827)* [filtered=1763]
cnt=1 s0=fng (4733,1827)* [filtered=1763]
cnt=1 s0=fng (4733,1827)* [filtered=1763]
cnt=1 s0=fng (4733,1828)* [filtered=1763]
cnt=1 s0=fng (4733,1829)* [filtered=1763]
cnt=1 s0=fng (4733,1829)* [filtered=1763]
cnt=1 s0=fng (4733,1830)* [filtered=1763]
cnt=1 s0=fng (4733,1830)* [filtered=1763]
cnt=1 s0=fng (4733,1830)* [filtered=1763]
cnt=1 s0=fng (4733,1830)* [filtered=1763]
cnt=1 s0=fng (4733,1830)* [filtered=1763]
cnt=1 s0=fng (4733,1830)* [filtered=1763]
cnt=1 s0=fng (4733,1830)* [filtered=1763]
cnt=1 s0=fng (4732,1830)* [filtered=1763]
cnt=1 s0=fng (4731,1830)* [filtered=1763]
cnt=1 s0=fng (4730,1830)* [filtered=1763]
cnt=1 s0=fng (4730,1830)* [filtered=1763]
cnt=1 s0=fng (4729,1830)* [filtered=1763]
cnt=1 s0=fng (4728,1829)* [filtered=1763]
cnt=1 s0=fng (4727,1829)* [filtered=1763]
cnt=1 s0=fng (4726,1828)* [filtered=1763]
cnt=1 s0=fng (4725,1828)* [filtered=1763]
cnt=1 s0=fng (4724,1827)* [filtered=1763]
cnt=1 s0=fng (4723,1826)* [filtered=1763]
cnt=1 s0=fng (4722,1825)* [filtered=1763]
cnt=1 s0=fng (4721,1824)* [filtered=1763]
cnt=1 s0=fng (4720,1823)* [filtered=1763]
cnt=1 s0=fng (4719,1822)* [filtered=1763]
cnt=1 s0=fng (4718,1821)* [filtered=1763]
cnt=1 s0=fng (4717,1820)* [filtered=1763]
cnt=1 s0=fng (4716,1819)* [filtered=1763]
cnt=1 s0=fng (4715,1819)* [filtered=1763]
cnt=1 s0=fng (4714,1818)* [filtered=1763]
cnt=1 s0=fng (4713,1817)* [filtered=1763]
cnt=1 s0=fng (4712,1816)* [filtered=1763]
cnt=1 s0=fng (4712,1815)* [filtered=1763]
cnt=1 s0=fng (4711,1814)* [filtered=1763]
cnt=1 s0=fng (4710,1813)* [filtered=1763]
cnt=1 s0=fng (4709,1812)* [filtered=1763]
cnt=1 s0=fng (4708,1811)* [filtered=1763]
cnt=1 s0=fng (4707,1811)* [filtered=1763]
cnt=1 s0=fng (4706,1810)* [filtered=1763]
cnt=1 s0=fng (4705,1809)* [filtered=1763]
cnt=1 s0=fng (4704,1808)* [filtered=1763]
cnt=1 s0=fng (4704,1807)* [filtered=1763]
cnt=1 s0=fng (4703,1806)* [filtered=1763]
cnt=1 s0=fng (4702,1805)* [filtered=1763]
cnt=1 s0=fng (4700,1804)* [filtered=1763]
cnt=1 s0=fng (4698,1802) [filtered=1763]
cnt=1 s0=fng (4697,1801) [filtered=1763]
cnt=1 s0=fng (4696,1800) [filtered=1763]
cnt=1 s0=fng (4695,1799) [filtered=1763]
cnt=1 s0=fng (4693,1797) [filtered=1763]
cnt=1 s0=fng (4691,1796) [filtered=1763]
cnt=1 s0=fng (4690,1795) [filtered=1763]
cnt=1 s0=fng (4688,1794) [filtered=1763]
cnt=1 s0=fng (4686,1792) [filtered=1763]
cnt=1 s0=fng (4685,1790) [filtered=1763]
cnt=1 s0=fng (4683,1789) [filtered=1763]
cnt=1 s0=fng (4682,1788) [filtered=1763]
cnt=1 s0=fng (4680,1787) [filtered=1763]
cnt=1 s0=fng (4678,1785) [filtered=1763]
cnt=1 s0=fng (4676,1783) [filtered=1763]
cnt=1 s0=fng (4675,1782) [filtered=1763]
cnt=1 s0=fng (4673,1781) [filtered=1763]
cnt=1 s0=fng (4672,1780) [filtered=1763]
cnt=1 s0=fng (4670,1778) [filtered=1763]
cnt=1 s0=fng (4669,1777) [filtered=1763]
cnt=1 s0=fng (4668,1776) [filtered=1763]
cnt=1 s0=fng (4667,1775) [filtered=1763]
cnt=1 s0=fng (4666,1773) [filtered=1763]
cnt=1 s0=fng (4665,1771) [filtered=1763]
cnt=1 s0=fng (4664,1770) [filtered=1763]
cnt=1 s0=fng (4663,1769) [filtered=1763]
cnt=1 s0=fng (4662,1768) [filtered=1763]
cnt=1 s0=fng (4661,1766) [filtered=1763]
cnt=1 s0=fng (4660,1764) [filtered=1763]
cnt=1 s0=fng (4660,1763) [filtered=1763]
cnt=1 s0=fng (4659,1762) [filtered=1763]
cnt=1 s0=fng (4658,1761) [filtered=1763]
cnt=1 s0=fng (4657,1759) [filtered=1763]
cnt=1 s0=fng (4656,1758) [filtered=1763]
cnt=1 s0=fng (4656,1757) [filtered=1763]
cnt=1 s0=fng (4655,1756) [filtered=1763]
cnt=1 s0=fng (4654,1755) [filtered=1763]
cnt=1 s0=fng (4653,1754) [filtered=1763]
cnt=1 s0=fng (4652,1753)* [filtered=1763]
cnt=1 s0=fng (4651,1752)* [filtered=1763]
cnt=1 s0=fng (4650,1751)* [filtered=1763]
cnt=1 s0=fng (4649,1750)* [filtered=1763]
cnt=1 s0=fng (4648,1749)* [filtered=1763]
cnt=1 s0=fng (4647,1748)* [filtered=1763]
cnt=1 s0=fng (4647,1747)* [filtered=1763]
cnt=1 s0=fng (4646,1746)* [filtered=1763]
cnt=1 s0=fng (4645,1745)* [filtered=1763]
cnt=1 s0=fng (4644,1744)* [filtered=1763]
cnt=1 s0=fng (4643,1743)* [filtered=1763]
cnt=1 s0=fng (4642,1742)* [filtered=1763]
cnt=1 s0=fng (4641,1741)* [filtered=1763]
cnt=1 s0=fng (4640,1739)* [filtered=1763]
cnt=1 s0=fng (4638,1737) [filtered=1763]
cnt=1 s0=fng (4637,1736) [filtered=1763]
cnt=1 s0=fng (4636,1735) [filtered=1763]
cnt=1 s0=fng (4634,1734) [filtered=1763]
cnt=1 s0=fng (4632,1732) [filtered=1763]
cnt=1 s0=fng (4630,1730) [filtered=1763]
cnt=1 s0=fng (4629,1729) [filtered=1763]
cnt=1 s0=fng (4627,1728) [filtered=1763]
cnt=1 s0=fng (4625,1726) [filtered=1763]
cnt=1 s0=fng (4623,1725) [filtered=1763]
cnt=1 s0=fng (4621,1723) [filtered=1763]
cnt=1 s0=fng (4620,1722) [filtered=1763]
cnt=1 s0=fng (4618,1721) [filtered=1763]
cnt=1 s0=fng (4616,1719) [filtered=1763]
cnt=1 s0=fng (4614,1718) [filtered=1763]
cnt=1 s0=fng (4613,1717) [filtered=1763]
cnt=1 s0=fng (4611,1716) [filtered=1763]
cnt=1 s0=fng (4609,1714) [filtered=1763]
cnt=1 s0=fng (4607,1713) [filtered=1763]
cnt=1 s0=fng (4606,1711) [filtered=1763]
cnt=1 s0=fng (4605,1710) [filtered=1763]
cnt=1 s0=fng (4604,1709) [filtered=1763]
cnt=1 s0=fng (4603,1708) [filtered=1763]
cnt=1 s0=fng (4601,1706) [filtered=1763]
cnt=1 s0=fng (4600,1705) [filtered=1763]
cnt=1 s0=fng (4599,1704) [filtered=1763]
cnt=1 s0=fng (4598,1703) [filtered=1763]
cnt=1 s0=fng (4597,1701) [filtered=1763]
cnt=1 s0=fng (4596,1699) [filtered=1763]
cnt=1 s0=fng (4596,1698) [filtered=1763]
cnt=1 s0=fng (4595,1697) [filtered=1763]
cnt=1 s0=fng (4594,1696) [filtered=1763]
cnt=1 s0=fng (4593,1695) [filtered=1763]
cnt=1 s0=fng (4592,1694) [filtered=1763]
cnt=1 s0=fng (4591,1693) [filtered=1763]
cnt=1 s0=fng (4590,1692) [filtered=1763]
cnt=1 s0=fng (4589,1690) [filtered=1763]
cnt=1 s0=fng (4588,1688) [filtered=1763]
cnt=1 s0=fng (4588,1687) [filtered=1763]
cnt=1 s0=fng (4587,1686) [filtered=1763]
cnt=1 s0=fng (4586,1685) [filtered=1763]
cnt=1 s0=fng (4585,1684) [filtered=1763]
cnt=1 s0=fng (4584,1683) [filtered=1763]
cnt=1 s0=fng (4583,1682)* [filtered=1763]
cnt=1 s0=fng (4582,1681)* [filtered=1763]
cnt=1 s0=fng (4581,1680)* [filtered=1763]
cnt=1 s0=fng (4580,1679)* [filtered=1763]
cnt=1 s0=fng (4579,1678)* [filtered=1763]
cnt=1 s0=fng (4579,1678)* [filtered=1763]
cnt=1 s0=fng (4578,1677)* [filtered=1763]
cnt=1 s0=fng (4578,1676)* [filtered=1763]
cnt=1 s0=fng (4577,1675)* [filtered=1763]
cnt=1 s0=fng (4577,1674)* [filtered=1763]
cnt=1 s0=fng (4577,1674)* [filtered=1763]
cnt=1 s0=fng (4576,1673)* [filtered=1763]
cnt=1 s0=fng (4576,1672)* [filtered=1763]
cnt=1 s0=fng (4576,1672)* [filtered=1763]
cnt=1 s0=fng (4576,1671)* [filtered=1763]
cnt=1 s0=fng (4576,1671)* [filtered=1763]
cnt=1 s0=fng (4576,1671)* [filtered=1763]
cnt=1 s0=fng (4576,1670)* [filtered=1763]
cnt=1 s0=fng (4576,1669)* [filtered=1763]
cnt=1 s0=fng (4576,1669)* [filtered=1763]
cnt=1 s0=fng (4576,1669)* [filtered=1763]
cnt=1 s0=fng (4576,1668)* [filtered=1763]
cnt=1 s0=fng (4576,1668)* [filtered=1763]
cnt=1 s0=fng (4576,1667)* [filtered=1763]
cnt=1 s0=fng (4576,1667)* [filtered=1763]
cnt=1 s0=fng (4576,1667)* [filtered=1763]
cnt=1 s0=fng (4576,1666)* [filtered=1763]
cnt=1 s0=fng (4576,1665)* [filtered=1763]
cnt=1 s0=fng (4576,1665)* [filtered=1763]
cnt=1 s0=fng (4576,1665)* [filtered=1763]
cnt=1 s0=fng (4576,1664)* [filtered=1763]
cnt=1 s0=fng (4576,1664)* [filtered=1763]
cnt=1 s0=fng (4576,1663)* [filtered=1763]
cnt=1 s0=fng (4576,1663)* [filtered=1763]
cnt=1 s0=fng (4576,1663)* [filtered=1763]
cnt=1 s0=fng (4576,1662)* [filtered=1763]
cnt=1 s0=fng (4576,1661)* [filtered=1763]
cnt=1 s0=fng (4576,1661)* [filtered=1763]
cnt=1 s0=fng (4576,1661)* [filtered=1763]
cnt=1 s0=fng (4576,1660)* [filtered=1763]
cnt=1 s0=fng (4575,1660)* [filtered=1763]
cnt=1 s0=fng (4575,1659)* [filtered=1763]
cnt=1 s0=fng (4574,1659)* [filtered=1763]
cnt=1 s0=fng (4574,1659)* [filtered=1763]
cnt=1 s0=fng (4574,1658)* [filtered=1763]
cnt=1 s0=fng (4573,1657)* [filtered=1763]
cnt=1 s0=fng (4573,1657)* [filtered=1763]
cnt=1 s0=fng (4572,1656)* [filtered=1763]
cnt=1 s0=fng (4572,1656)* [filtered=1763]
cnt=1 s0=fng (4572,1656)* [filtered=1763]
cnt=1 s0=fng (4571,1655)* [filtered=1763]
cnt=1 s0=fng (4570,1654)* [filtered=1763]
cnt=1 s0=fng (4570,1654)* [filtered=1763]
cnt=1 s0=fng (4570,1654)* [filtered=1763]
cnt=1 s0=fng (4569,1653)* [filtered=1763]
cnt=1 s0=fng (4569,1653)* [filtered=1763]
cnt=1 s0=fng (4568,1652)* [filtered=1763]
cnt=1 s0=fng (4568,1652)* [filtered=1763]
cnt=1 s0=fng (4568,1652)* [filtered=1763]
cnt=1 s0=fng (4567,1651)* [filtered=1763]
cnt=1 s0=fng (4566,1650)* [filtered=1763]
cnt=1 s0=fng (4566,1650)* [filtered=1763]
cnt=1 s0=fng (4566,1650)* [filtered=1763]
cnt=1 s0=fng (4565,1649)* [filtered=1763]
cnt=1 s0=fng (4565,1649)* [filtered=1763]
cnt=1 s0=fng (4564,1648)* [filtered=1763]
cnt=1 s0=fng (4564,1648)* [filtered=1763]
cnt=1 s0=fng (4564,1648)* [filtered=1763]
cnt=1 s0=fng (4563,1647)* [filtered=1763]
cnt=1 s0=fng (4563,1646)* [filtered=1763]
cnt=1 s0=fng (4562,1646)* [filtered=1763]
cnt=1 s0=fng (4562,1645)* [filtered=1763]
cnt=1 s0=fng (4562,1645)* [filtered=1763]
cnt=1 s0=fng (4561,1645)* [filtered=1763]
cnt=1 s0=fng (4561,1644)* [filtered=1763]
cnt=1 s0=fng (4560,1644)* [filtered=1763]
cnt=1 s0=fng (4560,1644)* [filtered=1763]
cnt=1 s0=fng (4560,1643)* [filtered=1763]
cnt=1 s0=fng (4560,1643)* [filtered=1763]
cnt=1 s0=fng (4559,1643)* [filtered=1763]
cnt=1 s0=fng (4559,1642)* [filtered=1763]
cnt=1 s0=fng (4559,1642)* [filtered=1763]
cnt=1 s0=fng (4558,1642)* [filtered=1763]
cnt=1 s0=fng (4557,1642)* [filtered=1763]
cnt=1 s0=fng (4557,1641)* [filtered=1763]
cnt=1 s0=fng (4556,1641)* [filtered=1763]
cnt=1 s0=fng (4556,1641)* [filtered=1763]
cnt=1 s0=fng (4556,1640)* [filtered=1763]
cnt=1 s0=fng (4555,1640)* [filtered=1763]
cnt=1 s0=fng (4555,1640)* [filtered=1763]
cnt=1 s0=fng (4555,1640)* [filtered=1763]
cnt=1 s0=fng (4554,1640)* [filtered=1763]
cnt=1 s0=fng (4554,1639)* [filtered=1763]
cnt=1 s0=fng (4553,1639)* [filtered=1763]
cnt=1 s0=fng (4552,1639)* [filtered=1763]
cnt=1 s0=fng (4552,1639)* [filtered=1763]
cnt=1 s0=fng (4552,1638)* [filtered=1763]
cnt=1 s0=fng (4551,1638)* [filtered=1763]
cnt=1 s0=fng (4551,1638)* [filtered=1763]
cnt=1 s0=fng (4551,1638)* [filtered=1763]
cnt=1 s0=fng (4551,1638)* [filtered=1763]
cnt=1 s0=fng (4550,1638)* [filtered=1763]
cnt=1 s0=fng (4550,1637)* [filtered=1763]
cnt=1 s0=fng (4550,1637)* [filtered=1763]
cnt=1 s0=fng (4549,1637)* [filtered=1763]
cnt=1 s0=fng (4549,1637)* [filtered=1763]
cnt=1 s0=fng (4548,1637)* [filtered=1763]
cnt=1 s0=fng (4548,1636)* [filtered=1763]
cnt=1 s0=fng (4548,1636)* [filtered=1763]
cnt=1 s0=fng (4547,1635)* [filtered=1763]
cnt=1 s0=fng (4547,1635)* [filtered=1763]
cnt=1 s0=fng (4547,1635)* [filtered=1763]
cnt=1 s0=fng (4546,1635)* [filtered=1763]
cnt=1 s0=fng (4546,1634)* [filtered=1763]
cnt=1 s0=fng (4546,1634)* [filtered=1763]
cnt=1 s0=fng (4545,1634)* [filtered=1763]
cnt=1 s0=fng (4544,1634)* [filtered=1763]
cnt=1 s0=fng (4544,1634)* [filtered=1763]
cnt=1 s0=fng (4543,1634)* [filtered=1763]
cnt=1 s0=fng (4543,1634)* [filtered=1763]
cnt=1 s0=fng (4543,1634)* [filtered=1763]
cnt=1 s0=fng (4543,1634)* [filtered=1763]
cnt=1 s0=fng (4543,1634)* [filtered=1763]
cnt=1 s0=fng (4543,1634)* [filtered=1763]
cnt=1 s0=fng (4543,1634)* [filtered=1763]
cnt=1 s0=fng (4543,1634)* [filtered=1763]
cnt=1 s0=fng (4543,1634)* [filtered=1763]
cnt=1 s0=fng (4543,1633)* [filtered=1763]
cnt=1 s0=fng (4543,1633)* [filtered=1763]
cnt=1 s0=fng (4542,1633)* [filtered=1763]
cnt=1 s0=fng (4542,1632)* [filtered=1763]
cnt=1 s0=fng (4541,1631)* [filtered=1763]
cnt=1 s0=fng (4541,1631)* [filtered=1763]
cnt=1 s0=fng (4541,1631)* [filtered=1763]
cnt=1 s0=fng (4540,1630)* [filtered=1763]
cnt=1 s0=fng (4539,1630)* [filtered=1763]
cnt=1 s0=fng (4539,1629)* [filtered=1763]
cnt=1 s0=fng (4538,1629)* [filtered=1763]
cnt=1 s0=fng (4538,1629)* [filtered=1763]
cnt=1 s0=fng (4538,1629)* [filtered=1763]
cnt=1 s0=fng (4537,1629)* [filtered=1763]
cnt=1 s0=fng (4537,1628)* [filtered=1763]
cnt=1 s0=fng (4537,1628)* [filtered=1763]
cnt=1 s0=fng (4537,1628)* [filtered=1763]
cnt=1 s0=fng (4537,1628)* [filtered=1763]
cnt=1 s0=fng (4537,1628)* [filtered=1763]
cnt=1 s0=fng (4536,1628)* [filtered=1763]
cnt=1 s0=fng (4536,1628)* [filtered=1763]
cnt=1 s0=fng (4536,1628)* [filtered=1763]
cnt=1 s0=fng (4535,1627)* [filtered=1763]
cnt=1 s0=fng (4535,1627)* [filtered=1763]
cnt=1 s0=fng (4534,1627)* [filtered=1763]
cnt=1 s0=fng (4534,1627)* [filtered=1763]
cnt=1 s0=fng (4534,1627)* [filtered=1763]
cnt=1 s0=fng (4534,1627)* [filtered=1763]
cnt=1 s0=fng (4534,1627)* [filtered=1763]
cnt=1 s0=fng (4534,1627)* [filtered=1763]
cnt=1 s0=fng (4534,1627)* [filtered=1763]
cnt=1 s0=fng (4534,1627)* [filtered=1763]
cnt=1 s0=fng (4533,1627)* [filtered=1763]
cnt=1 s0=fng (4533,1627)* [filtered=1763]
cnt=1 s0=fng (4533,1627)* [filtered=1763]
cnt=1 s0=fng (4533,1627)* [filtered=1763]
cnt=1 s0=fng (4533,1626)* [filtered=1763]
cnt=1 s0=fng (4532,1626)* [filtered=1763]
cnt=1 s0=fng (4532,1626)* [filtered=1763]
cnt=1 s0=fng (4532,1626)* [filtered=1763]
cnt=1 s0=fng (4532,1626)* [filtered=1763]
cnt=1 s0=fng (4532,1626)* [filtered=1763]
cnt=1 s0=fng (4532,1626)* [filtered=1763]
cnt=1 s0=fng (4532,1626)* [filtered=1763]
cnt=1 s0=fng (4532,1626)* [filtered=1763]
cnt=1 s0=fng (4532,1626)* [filtered=1763]
cnt=1 s0=fng (4532,1626)* [filtered=1763]
cnt=1 s0=fng (4532,1626)* [filtered=1763]
cnt=1 s0=fng (4532,1626)* [filtered=1763]
cnt=1 s0=fng (4532,1626)* [filtered=1763]
cnt=1 s0=fng (4532,1626)* [filtered=1763]
cnt=1 s0=fng (4532,1626)* [filtered=1763]
cnt=1 s0=fng (4532,1626)* [filtered=1763]
cnt=1 s0=fng (4532,1626)* [filtered=1763]
cnt=1 s0=fng (4532,1626)* [filtered=1763]
cnt=1 s0=fng (4531,1626)* [filtered=1763]
cnt=1 s0=fng (4531,1626)* [filtered=1763]
cnt=1 s0=fng (4531,1626)* [filtered=1763]
cnt=1 s0=fng (4531,1626)* [filtered=1763]
cnt=1 s0=fng (4531,1626)* [filtered=1763]
cnt=1 s0=fng (4530,1626)* [filtered=1763]
cnt=1 s0=fng (4530,1626)* [filtered=1763]
cnt=1 s0=fng (4530,1626)* [filtered=1763]
cnt=1 s0=fng (4530,1626)* [filtered=1763]
cnt=1 s0=fng (4530,1626)* [filtered=1763]
cnt=1 s0=fng (4530,1626)* [filtered=1763]
cnt=1 s0=fng (4530,1626)* [filtered=1763]
cnt=1 s0=fng (4530,1626)* [filtered=1763]
cnt=1 s0=fng (4530,1626)* [filtered=1763]
cnt=1 s0=fng (4530,1626)* [filtered=1763]
cnt=1 s0=fng (4530,1626)* [filtered=1763]
cnt=1 s0=fng (4530,1626)* [filtered=1763]
cnt=1 s0=fng (4530,1626)* [filtered=1763]
cnt=1 s0=fng (4530,1626)* [filtered=1763]
cnt=1 s0=fng (4530,1626)* [filtered=1763]
cnt=1 s0=fng (4530,1626)* [filtered=1763]
cnt=1 s0=fng (4530,1626)* [filtered=1763]
cnt=1 s0=fng (4530,1626)* [filtered=1763]
cnt=1 s0=fng (4530,1626)* [filtered=1763]
cnt=1 s0=fng (4530,1626)* [filtered=1763]
cnt=1 s0=fng (4530,1626)* [filtered=1763]
cnt=1 s0=fng (4530,1626)* [filtered=1763]
cnt=1 s0=fng (4530,1626)* [filtered=1763]
cnt=1 s0=fng (4530,1626)* [filtered=1763]
cnt=1 s0=fng (4530,1626)* [filtered=1763]
cnt=1 s0=fng (4530,1626)* [filtered=1763]
cnt=1 s0=fng (4530,1626)* [filtered=1763]
cnt=1 s0=fng (4530,1626)* [filtered=1763]
cnt=1 s0=fng (4530,1626)* [filtered=1763]
cnt=1 s0=fng (4530,1626)* [filtered=1763]
cnt=1 s0=fng (4530,1626)* [filtered=1763]
cnt=1 s0=fng (4530,1626)* [filtered=1763]
cnt=1 s0=fng (4530,1626)* [filtered=1763]
cnt=1 s0=fng (4530,1626)* [filtered=1763]
cnt=1 s0=fng (4530,1626)* [filtered=1763]
cnt=1 s0=fng (4530,1626)* [filtered=1763]
cnt=1 s0=fng (4530,1626)* [filtered=1763]
cnt=1 s0=fng (4530,1626)* [filtered=1763]
cnt=1 s0=fng (4530,1626)* [filtered=1763]
cnt=1 s0=fng (4530,1626)* [filtered=1763]
cnt=1 s0=fng (4530,1626)* [filtered=1763]
cnt=1 s0=fng (4530,1626)* [filtered=1763]
cnt=1 s0=fng (4530,1626)* [filtered=1763]
cnt=1 s0=fng (4530,1626)* [filtered=1763]
cnt=1 s0=fng (4530,1626)* [filtered=1763]
cnt=1 s0=fng (4530,1626)* [filtered=1763]
cnt=1 s0=fng (4530,1626)* [filtered=1763]
cnt=1 s0=fng (4530,1626)* [filtered=1763]
cnt=1 s0=fng (4530,1626)* [filtered=1763]
cnt=1 s0=fng (4530,1626)* [filtered=1763]
cnt=1 s0=fng (4530,1626)* [filtered=1763]
cnt=1 s0=fng (4530,1626)* [filtered=1763]
cnt=1 s0=fng (4530,1626)* [filtered=1763]
cnt=1 s0=fng (4530,1626)* [filtered=1763]
cnt=1 s0=fng (4530,1626)* [filtered=1763]
cnt=1 s0=fng (4530,1626)* [filtered=1763]
cnt=1 s0=fng (4530,1626)* [filtered=1763]
cnt=1 s0=fng (4530,1626)* [filtered=1763]
cnt=1 s0=fng (4530,1626)* [filtered=1763]
cnt=1 s0=fng (4530,1626)* [filtered=1763]
cnt=1 s0=fng (4530,1626)* [filtered=1763]
cnt=1 s0=fng (4530,1626)* [filtered=1763]
cnt=1 s0=fng (4530,1626)* [filtered=1763]
cnt=1 s0=fng (4530,1626)* [filtered=1763]
cnt=1 s0=fng (4530,1626)* [filtered=1763]
cnt=1 s0=fng (4530,1626)* [filtered=1763]
cnt=1 s0=fng (4530,1626)* [filtered=1763]
cnt=1 s0=fng (4530,1626)* [filtered=1763]
cnt=1 s0=fng (4530,1626)* [filtered=1763]
cnt=1 s0=fng (4530,1626)* [filtered=1763]
cnt=1 s0=fng (4530,1626)* [filtered=1763]
cnt=1 s0=fng (4530,1626)* [filtered=1763]
cnt=1 s0=fng (4530,1626)* [filtered=1763]
cnt=1 s0=fng (4530,1626)* [filtered=1763]
cnt=1 s0=fng (4530,1626)* [filtered=1763]
cnt=1 s0=fng (4530,1626)* [filtered=1763]
cnt=1 s0=fng (4530,1626)* [filtered=1763]
cnt=1 s0=fng (4530,1626)* [filtered=1763]
cnt=1 s0=fng (4530,1626)* [filtered=1763]
cnt=1 s0=fng (4530,1626)* [filtered=1763]
cnt=1 s0=fng (4530,1626)* [filtered=1763]
cnt=1 s0=fng (4530,1626)* [filtered=1763]
cnt=1 s0=fng (4530,1626)* [filtered=1763]
cnt=1 s0=fng (4530,1626)* [filtered=1763]
cnt=1 s0=fng (4530,1626)* [filtered=1763]
cnt=1 s0=fng (4530,1626)* [filtered=1763]
cnt=1 s0=fng (4530,1626)* [filtered=1763]
cnt=1 s0=fng (4530,1626)* [filtered=1763]
cnt=1 s0=fng (4530,1626)* [filtered=1763]
cnt=1 s0=fng (4530,1626)* [filtered=1763]
cnt=1 s0=fng (4530,1626)* [filtered=1763]
cnt=1 s0=fng (4530,1626)* [filtered=1763]
cnt=1 s0=fng (4530,1626)* [filtered=1763]
cnt=1 s0=fng (4530,1626)* [filtered=1763]
cnt=1 s0=fng (4530,1626)* [filtered=1763]
cnt=1 s0=fng (4530,1626)* [filtered=1763]
cnt=1 s0=fng (4530,1626)* [filtered=1763]
cnt=1 s0=fng (4530,1626)* [filtered=1763]
cnt=1 s0=fng (4530,1626)* [filtered=1763]
cnt=1 s0=fng (4530,1626)* [filtered=1763]
cnt=1 s0=fng (4530,1626)* [filtered=1763]
cnt=1 s0=fng (4530,1626)* [filtered=1763]
cnt=1 s0=fng (4530,1626)* [filtered=1763]
cnt=1 s0=fng (4530,1626)* [filtered=1763]
cnt=1 s0=fng (4530,1626)* [filtered=1763]
cnt=1 s0=fng (4530,1626)* [filtered=1763]
cnt=1 s0=fng (4530,1626)* [filtered=1763]
cnt=1 s0=fng (4530,1626)* [filtered=1763]
cnt=1 s0=fng (4530,1626)* [filtered=1763]
cnt=1 s0=fng (4530,1626)* [filtered=1763]
cnt=1 s0=fng (4531,1627)* [filtered=1763]
cnt=1 s0=fng (4532,1627)* [filtered=1763]
cnt=1 s0=fng (4532,1627)* [filtered=1763]
cnt=1 s0=fng (4532,1628)* [filtered=1763]
cnt=1 s0=fng (4533,1629)* [filtered=1763]
cnt=1 s0=fng (4533,1629)* [filtered=1763]
cnt=1 s0=fng (4534,1630)* [filtered=1763]
cnt=1 s0=fng (4534,1630)* [filtered=1763]
cnt=1 s0=fng (4534,1630)* [filtered=1763]
cnt=1 s0=fng (4535,1631)* [filtered=1763]
cnt=1 s0=fng (4535,1631)* [filtered=1763]
cnt=1 s0=fng (4536,1632)* [filtered=1763]
cnt=1 s0=fng (4536,1632)* [filtered=1763]
cnt=1 s0=fng (4537,1633)* [filtered=1763]
cnt=1 s0=fng (4537,1634)* [filtered=1763]
cnt=1 s0=fng (4538,1634)* [filtered=1763]
cnt=1 s0=fng (4538,1635)* [filtered=1763]
cnt=1 s0=fng (4538,1635)* [filtered=1763]
cnt=1 s0=fng (4539,1636)* [filtered=1763]
cnt=1 s0=fng (4540,1637)* [filtered=1763]
cnt=1 s0=fng (4541,1638)* [filtered=1763]
cnt=1 s0=fng (4542,1639)* [filtered=1763]
cnt=1 s0=fng (4543,1640)* [filtered=1763]
cnt=1 s0=fng (4543,1641)* [filtered=1763]
cnt=1 s0=fng (4544,1642)* [filtered=1763]
cnt=1 s0=fng (4545,1643)* [filtered=1763]
cnt=1 s0=fng (4546,1644)* [filtered=1763]
cnt=1 s0=fng (4547,1645)* [filtered=1763]
cnt=1 s0=fng (4547,1646)* [filtered=1763]
cnt=1 s0=fng (4548,1647)* [filtered=1763]
cnt=1 s0=fng (4549,1648)* [filtered=1763]
cnt=1 s0=fng (4550,1648)* [filtered=1763]
cnt=1 s0=fng (4550,1649)* [filtered=1763]
cnt=1 s0=fng (4551,1650)* [filtered=1763]
cnt=1 s0=fng (4552,1651)* [filtered=1763]
cnt=1 s0=fng (4553,1652)* [filtered=1763]
cnt=1 s0=fng (4554,1653)* [filtered=1763]
cnt=1 s0=fng (4555,1654)* [filtered=1763]
cnt=1 s0=fng (4556,1656)* [filtered=1763]
cnt=1 s0=fng (4557,1658)* [filtered=1763]
cnt=1 s0=fng (4559,1660) [filtered=1763]
cnt=1 s0=fng (4560,1661) [filtered=1763]
cnt=1 s0=fng (4561,1663) [filtered=1763]
cnt=1 s0=fng (4563,1666) [filtered=1763]
cnt=1 s0=fng (4565,1669) [filtered=1763]
cnt=1 s0=fng (4566,1671) [filtered=1763]
cnt=1 s0=fng (4568,1674) [filtered=1763]
cnt=1 s0=fng (4571,1677) [filtered=1763]
cnt=1 s0=fng (4574,1681) [filtered=1763]
cnt=1 s0=fng (4578,1685) [filtered=1763]
cnt=1 s0=fng (4580,1688) [filtered=1763]
cnt=1 s0=fng (4583,1692) [filtered=1763]
cnt=1 s0=fng (4587,1696) [filtered=1763]
cnt=1 s0=fng (4591,1699) [filtered=1763]
cnt=1 s0=fng (4595,1702) [filtered=1763]
cnt=1 s0=fng (4598,1704) [filtered=1763]
cnt=1 s0=fng (4603,1707) [filtered=1763]
cnt=1 s0=fng (4609,1709) [filtered=1763]
cnt=1 s0=fng (4616,1711) [filtered=1763]
cnt=1 s0=fng (4624,1712) [filtered=1763]
cnt=1 s0=fng (4631,1713) [filtered=1763]
cnt=1 s0=fng (4638,1713) [filtered=1763]
cnt=1 s0=fng (4645,1713) [filtered=1763]
cnt=1 s0=fng (4651,1713) [filtered=1763]
cnt=1 s0=fng (4656,1713) [filtered=1763]
cnt=1 s0=fng (4660,1712) [filtered=1763]
cnt=1 s0=fng (4665,1710) [filtered=1763]
cnt=1 s0=fng (4668,1707) [filtered=1763]
cnt=1 s0=fng (4670,1703) [filtered=1763]
cnt=1 s0=fng (4672,1701) [filtered=1763]
cnt=1 s0=fng (4674,1697) [filtered=1763]
cnt=1 s0=fng (4675,1692) [filtered=1763]
cnt=1 s0=fng (4676,1687) [filtered=1763]
cnt=1 s0=fng (4677,1682) [filtered=1763]
cnt=1 s0=fng (4677,1678) [filtered=1763]
cnt=1 s0=fng (4678,1673) [filtered=1763]
cnt=1 s0=fng (4679,1668) [filtered=1763]
cnt=1 s0=fng (4680,1663) [filtered=1763]
cnt=1 s0=fng (4683,1658) [filtered=1763]
cnt=1 s0=fng (4684,1653) [filtered=1763]
cnt=1 s0=fng (4687,1648) [filtered=1763]
cnt=1 s0=fng (4687,1648) [filtered=1763]
cnt=1 s0=fng (4623,1516) [filtered=1763]
cnt=1 s0=fng (4622,1516) [filtered=1763]
cnt=1 s0=fng (4622,1516) [filtered=1763]
cnt=1 s0=fng (4620,1516) [filtered=1763]
cnt=1 s0=fng (4618,1516) [filtered=1763]
cnt=1 s0=fng (4616,1516) [filtered=1763]
cnt=1 s0=fng (4614,1516) [filtered=1763]
cnt=1 s0=fng (4613,1516) [filtered=1763]
cnt=1 s0=fng (4611,1516) [filtered=1763]
cnt=1 s0=fng (4609,1516) [filtered=1763]
cnt=1 s0=fng (4607,1516) [filtered=1763]
cnt=1 s0=fng (4606,1516) [filtered=1763]
cnt=1 s0=fng (4605,1516) [filtered=1763]
cnt=1 s0=fng (4604,1516) [filtered=1763]
cnt=1 s0=fng (4603,1516) [filtered=1763]
cnt=1 s0=fng (4602,1516) [filtered=1763]
cnt=1 s0=fng (4601,1516) [filtered=1763]
cnt=1 s0=fng (4600,1516) [filtered=1763]
cnt=1 s0=fng (4600,1516) [filtered=1763]
cnt=1 s0=fng (4599,1516) [filtered=1763]
cnt=1 s0=fng (4599,1516)* [filtered=1763]
cnt=1 s0=fng (4599,1516)* [filtered=1763]
cnt=1 s0=fng (4598,1515)* [filtered=1763]
cnt=1 s0=fng (4597,1515)* [filtered=1763]
cnt=1 s0=fng (4596,1514)* [filtered=1763]
cnt=1 s0=fng (4595,1514)* [filtered=1763]
cnt=1 s0=fng (4595,1514)* [filtered=1763]
cnt=1 s0=fng (4595,1513)* [filtered=1763]
cnt=1 s0=fng (4594,1513)* [filtered=1763]
cnt=1 s0=fng (4594,1513)* [filtered=1763]
cnt=1 s0=fng (4593,1513)* [filtered=1763]
cnt=1 s0=fng (4593,1513)* [filtered=1763]
cnt=1 s0=fng (4592,1513)* [filtered=1763]
cnt=1 s0=fng (4592,1513)* [filtered=1763]
cnt=1 s0=fng (4591,1513)* [filtered=1763]
cnt=1 s0=fng (4591,1513)* [filtered=1763]
cnt=1 s0=fng (4591,1513)* [filtered=1763]
cnt=1 s0=fng (4591,1513)* [filtered=1763]
cnt=1 s0=fng (4591,1513)* [filtered=1763]
cnt=1 s0=fng (4591,1514)* [filtered=1763]
cnt=1 s0=fng (4591,1514)* [filtered=1763]
cnt=1 s0=fng (4590,1514)* [filtered=1763]
cnt=1 s0=fng (4590,1514)* [filtered=1763]
cnt=1 s0=fng (4590,1515)* [filtered=1763]
cnt=1 s0=fng (4590,1515)* [filtered=1763]
cnt=1 s0=fng (4590,1515)* [filtered=1763]
cnt=1 s0=fng (4590,1515)* [filtered=1763]
cnt=1 s0=fng (4590,1515)* [filtered=1763]
cnt=1 s0=fng (4590,1515)* [filtered=1763]
cnt=1 s0=fng (4590,1515)* [filtered=1763]
cnt=1 s0=fng (4590,1515)* [filtered=1763]
cnt=1 s0=fng (4590,1515)* [filtered=1763]
cnt=1 s0=fng (4590,1515)* [filtered=1763]
cnt=1 s0=fng (4590,1515)* [filtered=1763]
cnt=1 s0=fng (4590,1515)* [filtered=1763]
cnt=1 s0=fng (4590,1515)* [filtered=1763]
cnt=1 s0=fng (4590,1515)* [filtered=1763]
cnt=1 s0=fng (4590,1515)* [filtered=1763]
cnt=1 s0=fng (4590,1515)* [filtered=1763]
cnt=1 s0=fng (4590,1515)* [filtered=1763]
cnt=1 s0=fng (4590,1515)* [filtered=1763]
cnt=1 s0=fng (4590,1515)* [filtered=1763]
cnt=1 s0=fng (4590,1515)* [filtered=1763]
cnt=1 s0=fng (4590,1515)* [filtered=1763]
cnt=1 s0=fng (4590,1515)* [filtered=1763]
cnt=1 s0=fng (4590,1515)* [filtered=1763]
cnt=1 s0=fng (4590,1515)* [filtered=1763]
cnt=1 s0=fng (4590,1515)* [filtered=1763]
cnt=1 s0=fng (4590,1515)* [filtered=1763]
cnt=1 s0=fng (4590,1515)* [filtered=1763]
cnt=1 s0=fng (4590,1515)* [filtered=1763]
cnt=1 s0=fng (4590,1515)* [filtered=1763]
cnt=1 s0=fng (4590,1515)* [filtered=1763]
cnt=1 s0=fng (4590,1515)* [filtered=1763]
cnt=1 s0=fng (4590,1515)* [filtered=1763]
cnt=1 s0=fng (4590,1515)* [filtered=1763]
cnt=1 s0=fng (4590,1515)* [filtered=1763]
cnt=1 s0=fng (4590,1515)* [filtered=1763]
cnt=1 s0=fng (4590,1515)* [filtered=1763]
cnt=1 s0=fng (4590,1515)* [filtered=1763]
cnt=1 s0=fng (4590,1515)* [filtered=1763]
cnt=1 s0=fng (4590,1515)* [filtered=1763]
cnt=1 s0=fng (4590,1515)* [filtered=1763]
cnt=1 s0=fng (4590,1515)* [filtered=1763]
cnt=1 s0=fng (4590,1515)* [filtered=1763]
cnt=1 s0=fng (4590,1515)* [filtered=1763]
cnt=1 s0=fng (4590,1516)* [filtered=1763]
cnt=1 s0=fng (4590,1516)* [filtered=1763]
cnt=1 s0=fng (4590,1516)* [filtered=1763]
cnt=1 s0=fng (4590,1517)* [filtered=1763]
cnt=1 s0=fng (4590,1517)* [filtered=1763]
cnt=1 s0=fng (4591,1517)* [filtered=1763]
cnt=1 s0=fng (4591,1518)* [filtered=1763]
cnt=1 s0=fng (4591,1518)* [filtered=1763]
cnt=1 s0=fng (4591,1518)* [filtered=1763]
cnt=1 s0=fng (4592,1519)* [filtered=1763]
cnt=1 s0=fng (4592,1519)* [filtered=1763]
cnt=1 s0=fng (4592,1519)* [filtered=1763]
cnt=1 s0=fng (4592,1519)* [filtered=1763]
cnt=1 s0=fng (4592,1519)* [filtered=1763]
cnt=1 s0=fng (4592,1519)* [filtered=1763]
cnt=1 s0=fng (4592,1519)* [filtered=1763]
cnt=1 s0=fng (4592,1519)* [filtered=1763]
cnt=1 s0=fng (4592,1519)* [filtered=1763]
cnt=1 s0=fng (4592,1519)* [filtered=1763]
cnt=1 s0=fng (4592,1519)* [filtered=1763]
cnt=1 s0=fng (4592,1519)* [filtered=1763]
cnt=1 s0=fng (4592,1519)* [filtered=1763]
cnt=1 s0=fng (4592,1519)* [filtered=1763]
cnt=1 s0=fng (4592,1519)* [filtered=1763]
cnt=1 s0=fng (4591,1519)* [filtered=1763]
cnt=1 s0=fng (4591,1519)* [filtered=1763]
cnt=1 s0=fng (4591,1519)* [filtered=1763]
cnt=1 s0=fng (4590,1519)* [filtered=1763]
cnt=1 s0=fng (4590,1519)* [filtered=1763]
cnt=1 s0=fng (4589,1519)* [filtered=1763]
cnt=1 s0=fng (4589,1519)* [filtered=1763]
cnt=1 s0=fng (4588,1518)* [filtered=1763]
cnt=1 s0=fng (4588,1518)* [filtered=1763]
cnt=1 s0=fng (4587,1518)* [filtered=1763]
cnt=1 s0=fng (4587,1517)* [filtered=1763]
cnt=1 s0=fng (4587,1517)* [filtered=1763]
cnt=1 s0=fng (4586,1517)* [filtered=1763]
cnt=1 s0=fng (4586,1516)* [filtered=1763]
cnt=1 s0=fng (4585,1516)* [filtered=1763]
cnt=1 s0=fng (4585,1515)* [filtered=1763]
cnt=1 s0=fng (4585,1515)* [filtered=1763]
cnt=1 s0=fng (4584,1514)* [filtered=1763]
cnt=1 s0=fng (4583,1514)* [filtered=1763]
cnt=1 s0=fng (4583,1513)* [filtered=1763]
cnt=1 s0=fng (4582,1513)* [filtered=1763]
cnt=1 s0=fng (4582,1513)* [filtered=1763]
cnt=1 s0=fng (4582,1512)* [filtered=1763]
cnt=1 s0=fng (4581,1512)* [filtered=1763]
cnt=1 s0=fng (4581,1511)* [filtered=1763]
cnt=1 s0=fng (4581,1511)* [filtered=1763]
cnt=1 s0=fng (4580,1510)* [filtered=1763]
cnt=1 s0=fng (4579,1510)* [filtered=1763]
cnt=1 s0=fng (4579,1509)* [filtered=1763]
cnt=1 s0=fng (4579,1509)* [filtered=1763]
cnt=1 s0=fng (4579,1509)* [filtered=1763]
cnt=1 s0=fng (4579,1509)* [filtered=1763]
cnt=1 s0=fng (4579,1509)* [filtered=1763]
cnt=1 s0=fng (4579,1509)* [filtered=1763]
cnt=1 s0=fng (4579,1509)* [filtered=1763]
cnt=1 s0=fng (4579,1509)* [filtered=1763]
cnt=1 s0=fng (4579,1509)* [filtered=1763]
cnt=1 s0=fng (4579,1509)* [filtered=1763]
cnt=1 s0=fng (4579,1509)* [filtered=1763]
cnt=1 s0=fng (4579,1509)* [filtered=1763]
cnt=1 s0=fng (4579,1509)* [filtered=1763]
cnt=1 s0=fng (4579,1509)* [filtered=1763]
cnt=1 s0=fng (4579,1509)* [filtered=1763]
cnt=1 s0=fng (4579,1509)* [filtered=1763]
cnt=1 s0=fng (4579,1509)* [filtered=1763]
cnt=1 s0=fng (4579,1509)* [filtered=1763]
cnt=1 s0=fng (4579,1509)* [filtered=1763]
cnt=1 s0=fng (4579,1509)* [filtered=1763]
cnt=1 s0=fng (4579,1509)* [filtered=1763]
cnt=1 s0=fng (4579,1509)* [filtered=1763]
cnt=1 s0=fng (4579,1509)* [filtered=1763]
cnt=1 s0=fng (4579,1509)* [filtered=1763]
cnt=2 s0=PALM(4579,1509)* s1=fng (1143,43) [filtered=1764]
cnt=2 s0=PALM(4579,1509)* s1=fng (1143,43) [filtered=1765]
cnt=2 s0=PALM(4580,1510)* s1=fng (1143,43) [filtered=1766]
cnt=2 s0=PALM(4581,1510)* s1=fng (1143,43) [filtered=1767]
cnt=2 s0=PALM(4582,1511)* s1=fng (1143,43) [filtered=1768]
cnt=2 s0=PALM(4583,1512)* s1=fng (1143,43) [filtered=1769]
cnt=2 s0=PALM(4584,1512)* s1=fng (1143,43) [filtered=1770]
cnt=2 s0=PALM(4585,1513)* s1=fng (1143,43) [filtered=1771]
cnt=2 s0=PALM(4586,1514)* s1=fng (1143,43) [filtered=1772]
cnt=2 s0=PALM(4587,1515)* s1=fng (1143,43) [filtered=1773]
cnt=2 s0=PALM(4588,1516)* s1=fng (1143,43) [filtered=1774]
cnt=2 s0=PALM(4588,1517)* s1=fng (1143,43) [filtered=1775]
cnt=2 s0=PALM(4589,1518)* s1=fng (1143,43) [filtered=1776]
cnt=2 s0=PALM(4590,1520)* s1=fng (1143,43) [filtered=1777]
cnt=2 s0=PALM(4591,1521)* s1=fng (1143,43) [filtered=1778]
cnt=2 s0=PALM(4593,1523) s1=fng (1143,43) [filtered=1779]
cnt=2 s0=PALM(4594,1524) s1=fng (1143,43) [filtered=1780]
cnt=2 s0=PALM(4595,1526) s1=fng (1143,43) [filtered=1781]
cnt=2 s0=PALM(4596,1527) s1=fng (1143,43) [filtered=1782]
cnt=2 s0=PALM(4598,1529) s1=fng (1143,43) [filtered=1783]
cnt=2 s0=PALM(4599,1530) s1=PALM(1143,43)* [filtered=1784]
cnt=2 s0=PALM(4600,1531) s1=PALM(1143,43)* [filtered=1785]
cnt=2 s0=PALM(4603,1533) s1=PALM(1143,43)* [filtered=1786]
cnt=2 s0=PALM(4605,1535) s1=PALM(1143,43)* [filtered=1787]
cnt=2 s0=PALM(4608,1537) s1=PALM(1143,43)* [filtered=1788]
cnt=2 s0=PALM(4609,1538) s1=PALM(1143,43)* [filtered=1789]
cnt=2 s0=PALM(4611,1539) s1=PALM(1143,43)* [filtered=1790]
cnt=2 s0=PALM(4614,1541) s1=PALM(1143,43)* [filtered=1791]
cnt=2 s0=PALM(4617,1543) s1=PALM(1143,43)* [filtered=1792]
cnt=2 s0=PALM(4620,1545) s1=PALM(1143,43)* [filtered=1793]
cnt=2 s0=PALM(4621,1546) s1=PALM(1143,43)* [filtered=1794]
cnt=2 s0=PALM(4623,1548) s1=PALM(1143,43)* [filtered=1795]
cnt=2 s0=PALM(4625,1550) s1=PALM(1143,43)* [filtered=1796]
cnt=2 s0=PALM(4628,1552) s1=PALM(1143,43)* [filtered=1797]
cnt=2 s0=PALM(4631,1555) s1=PALM(1143,43)* [filtered=1798]
cnt=2 s0=PALM(4633,1556) s1=PALM(1143,43)* [filtered=1799]
cnt=2 s0=PALM(4635,1558) s1=PALM(1143,43)* [filtered=1800]
cnt=1 s0=fng (4638,1560) [filtered=1800]
cnt=1 s0=fng (4640,1562) [filtered=1800]
cnt=1 s0=fng (4642,1564) [filtered=1800]
cnt=1 s0=fng (4643,1565) [filtered=1800]
cnt=1 s0=fng (4645,1567) [filtered=1800]
cnt=1 s0=fng (4647,1569) [filtered=1800]
cnt=1 s0=fng (4733,1638) [filtered=1800]
cnt=1 s0=fng (4733,1638) [filtered=1800]
cnt=1 s0=fng (4733,1637) [filtered=1800]
cnt=1 s0=fng (4733,1637) [filtered=1800]
cnt=1 s0=fng (4733,1637) [filtered=1800]
cnt=1 s0=fng (4733,1636) [filtered=1800]
cnt=1 s0=fng (4733,1635) [filtered=1800]
cnt=1 s0=fng (4733,1634) [filtered=1800]
cnt=1 s0=fng (4733,1634) [filtered=1800]
cnt=1 s0=fng (4733,1633) [filtered=1800]
cnt=1 s0=fng (4733,1632) [filtered=1800]
cnt=1 s0=fng (4732,1631) [filtered=1800]
cnt=1 s0=fng (4731,1630) [filtered=1800]
cnt=1 s0=fng (4731,1629) [filtered=1800]
cnt=1 s0=fng (4730,1628) [filtered=1800]
cnt=1 s0=fng (4729,1627) [filtered=1800]
cnt=1 s0=fng (4728,1626) [filtered=1800]
cnt=1 s0=fng (4727,1624) [filtered=1800]
cnt=1 s0=fng (4727,1623) [filtered=1800]
cnt=1 s0=fng (4726,1622) [filtered=1800]
cnt=1 s0=fng (4725,1621)* [filtered=1800]
cnt=1 s0=fng (4724,1619)* [filtered=1800]
cnt=1 s0=fng (4723,1618)* [filtered=1800]
cnt=1 s0=fng (4722,1617)* [filtered=1800]
cnt=1 s0=fng (4720,1614) [filtered=1800]
cnt=1 s0=fng (4717,1611) [filtered=1800]
cnt=1 s0=fng (4714,1607) [filtered=1800]
cnt=1 s0=fng (4712,1604) [filtered=1800]
cnt=1 s0=fng (4708,1599) [filtered=1800]
cnt=1 s0=fng (4704,1594) [filtered=1800]
cnt=1 s0=fng (4700,1590) [filtered=1800]
cnt=1 s0=fng (4697,1586) [filtered=1800]
cnt=1 s0=fng (4695,1583) [filtered=1800]
cnt=1 s0=fng (4692,1580) [filtered=1800]
cnt=1 s0=fng (4689,1577) [filtered=1800]
cnt=1 s0=fng (4686,1573) [filtered=1800]
cnt=1 s0=fng (4684,1570) [filtered=1800]
cnt=1 s0=fng (4681,1567) [filtered=1800]
cnt=1 s0=fng (4678,1564) [filtered=1800]
cnt=1 s0=fng (4675,1561) [filtered=1800]
cnt=1 s0=fng (4672,1558) [filtered=1800]
cnt=1 s0=fng (4670,1556) [filtered=1800]
cnt=1 s0=fng (4668,1554) [filtered=1800]
cnt=1 s0=fng (4665,1551) [filtered=1800]
cnt=1 s0=fng (4662,1548) [filtered=1800]
cnt=1 s0=fng (4659,1545) [filtered=1800]
cnt=1 s0=fng (4657,1543) [filtered=1800]
cnt=1 s0=fng (4654,1541) [filtered=1800]
cnt=1 s0=fng (4651,1540) [filtered=1800]
cnt=1 s0=fng (4649,1538) [filtered=1800]
cnt=1 s0=fng (4648,1537) [filtered=1800]
cnt=1 s0=fng (4646,1535) [filtered=1800]
cnt=1 s0=fng (4644,1533) [filtered=1800]
cnt=1 s0=fng (4642,1532) [filtered=1800]
cnt=1 s0=fng (4641,1530) [filtered=1800]
cnt=1 s0=fng (4640,1529) [filtered=1800]
cnt=1 s0=fng (4639,1528) [filtered=1800]
cnt=1 s0=fng (4638,1526) [filtered=1800]
cnt=1 s0=fng (4637,1525) [filtered=1800]
cnt=1 s0=fng (4636,1524) [filtered=1800]
cnt=1 s0=fng (4635,1523) [filtered=1800]
cnt=1 s0=fng (4634,1522) [filtered=1800]
cnt=1 s0=fng (4633,1521) [filtered=1800]
cnt=1 s0=fng (4632,1520) [filtered=1800]
cnt=1 s0=fng (4631,1519) [filtered=1800]
cnt=1 s0=fng (4631,1518) [filtered=1800]
cnt=1 s0=fng (4630,1517) [filtered=1800]
cnt=1 s0=fng (4629,1516) [filtered=1800]
cnt=1 s0=fng (4628,1516) [filtered=1800]
cnt=1 s0=fng (4627,1516) [filtered=1800]
cnt=1 s0=fng (4626,1515) [filtered=1800]
cnt=1 s0=fng (4625,1514) [filtered=1800]
cnt=1 s0=fng (4624,1513)* [filtered=1800]
cnt=1 s0=fng (4623,1513)* [filtered=1800]
cnt=1 s0=fng (4623,1513)* [filtered=1800]
cnt=1 s0=fng (4622,1512)* [filtered=1800]
cnt=1 s0=fng (4621,1512)* [filtered=1800]
cnt=1 s0=fng (4621,1511)* [filtered=1800]
cnt=1 s0=fng (4620,1510)* [filtered=1800]
cnt=1 s0=fng (4619,1510)* [filtered=1800]
cnt=1 s0=fng (4619,1510)* [filtered=1800]
cnt=1 s0=fng (4618,1509)* [filtered=1800]
cnt=1 s0=fng (4618,1509)* [filtered=1800]
cnt=1 s0=fng (4617,1508)* [filtered=1800]
cnt=1 s0=fng (4617,1508)* [filtered=1800]
cnt=1 s0=fng (4617,1507)* [filtered=1800]
cnt=1 s0=fng (4616,1507)* [filtered=1800]
cnt=1 s0=fng (4616,1506)* [filtered=1800]
cnt=1 s0=fng (4616,1506)* [filtered=1800]
cnt=1 s0=fng (4616,1506)* [filtered=1800]
cnt=1 s0=fng (4616,1506)* [filtered=1800]
cnt=1 s0=fng (4616,1505)* [filtered=1800]
cnt=1 s0=fng (4616,1505)* [filtered=1800]
cnt=1 s0=fng (4616,1505)* [filtered=1800]
cnt=1 s0=fng (4616,1505)* [filtered=1800]
cnt=1 s0=fng (4616,1505)* [filtered=1800]
cnt=1 s0=fng (4616,1505)* [filtered=1800]
cnt=1 s0=fng (4616,1505)* [filtered=1800]
cnt=1 s0=fng (4616,1505)* [filtered=1800]
cnt=1 s0=fng (4616,1505)* [filtered=1800]
cnt=1 s0=fng (4616,1505)* [filtered=1800]
cnt=1 s0=fng (4616,1505)* [filtered=1800]
cnt=1 s0=fng (4616,1505)* [filtered=1800]
cnt=1 s0=fng (4616,1505)* [filtered=1800]
cnt=1 s0=fng (4616,1505)* [filtered=1800]
cnt=1 s0=fng (4616,1505)* [filtered=1800]
cnt=1 s0=fng (4616,1505)* [filtered=1800]
cnt=1 s0=fng (4616,1505)* [filtered=1800]
cnt=1 s0=fng (4616,1505)* [filtered=1800]
cnt=1 s0=fng (4616,1505)* [filtered=1800]
cnt=1 s0=fng (4616,1505)* [filtered=1800]
cnt=1 s0=fng (4616,1504)* [filtered=1800]
cnt=1 s0=fng (4616,1504)* [filtered=1800]
cnt=1 s0=fng (4616,1503)* [filtered=1800]
cnt=1 s0=fng (4616,1503)* [filtered=1800]
cnt=1 s0=fng (4615,1502)* [filtered=1800]
cnt=1 s0=fng (4614,1502)* [filtered=1800]
cnt=1 s0=fng (4614,1502)* [filtered=1800]
cnt=1 s0=fng (4614,1501)* [filtered=1800]
cnt=1 s0=fng (4613,1500)* [filtered=1800]
cnt=1 s0=fng (4613,1499)* [filtered=1800]
cnt=1 s0=fng (4613,1498)* [filtered=1800]
cnt=1 s0=fng (4613,1497)* [filtered=1800]
cnt=1 s0=fng (4613,1496)* [filtered=1800]
cnt=1 s0=fng (4613,1495)* [filtered=1800]
cnt=1 s0=fng (4613,1494)* [filtered=1800]
cnt=1 s0=fng (4613,1494)* [filtered=1800]
cnt=1 s0=fng (4613,1493)* [filtered=1800]
cnt=1 s0=fng (4614,1492)* [filtered=1800]
cnt=1 s0=fng (4615,1491)* [filtered=1800]
cnt=1 s0=fng (4616,1491)* [filtered=1800]
cnt=1 s0=fng (4617,1491)* [filtered=1800]
cnt=1 s0=fng (4618,1490)* [filtered=1800]
cnt=1 s0=fng (4620,1490)* [filtered=1800]
cnt=1 s0=fng (4622,1489)* [filtered=1800]
cnt=1 s0=fng (4624,1489)* [filtered=1800]
cnt=1 s0=fng (4625,1489)* [filtered=1800]
cnt=1 s0=fng (4627,1488)* [filtered=1800]
cnt=1 s0=fng (4629,1488)* [filtered=1800]
cnt=1 s0=fng (4631,1488)* [filtered=1800]
cnt=1 s0=fng (4633,1488)* [filtered=1800]
cnt=1 s0=fng (4634,1488)* [filtered=1800]
cnt=1 s0=fng (4636,1488)* [filtered=1800]
cnt=1 s0=fng (4638,1488)* [filtered=1800]
cnt=1 s0=fng (4639,1488)* [filtered=1800]
cnt=1 s0=fng (4639,1488)* [filtered=1800]
cnt=1 s0=fng (4639,1488)* [filtered=1800]
cnt=1 s0=fng (4639,1487)* [filtered=1800]
cnt=1 s0=fng (4638,1487)* [filtered=1800]
cnt=1 s0=fng (4637,1486)* [filtered=1800]
cnt=1 s0=fng (4636,1486)* [filtered=1800]
cnt=1 s0=fng (4635,1486)* [filtered=1800]
cnt=1 s0=fng (4633,1485)* [filtered=1800]
cnt=1 s0=fng (4631,1484)* [filtered=1800]
cnt=1 s0=fng (4629,1484)* [filtered=1800]
cnt=1 s0=fng (4628,1484)* [filtered=1800]
cnt=1 s0=fng (4627,1484)* [filtered=1800]
cnt=1 s0=fng (4627,1484)* [filtered=1800]
cnt=1 s0=fng (4627,1484)* [filtered=1800]
cnt=1 s0=fng (4627,1484)* [filtered=1800]
cnt=1 s0=fng (4627,1484)* [filtered=1800]
cnt=1 s0=fng (4627,1484)* [filtered=1800]
cnt=1 s0=fng (4628,1484)* [filtered=1800]
cnt=1 s0=fng (4629,1484)* [filtered=1800]
cnt=1 s0=fng (4630,1484)* [filtered=1800]
cnt=1 s0=fng (4631,1485)* [filtered=1800]
cnt=1 s0=fng (4633,1486)* [filtered=1800]
cnt=1 s0=fng (4635,1487)* [filtered=1800]
cnt=1 s0=fng (4637,1488)* [filtered=1800]
cnt=1 s0=fng (4638,1488)* [filtered=1800]
cnt=1 s0=fng (4640,1489)* [filtered=1800]
cnt=1 s0=fng (4642,1490)* [filtered=1800]
cnt=1 s0=fng (4644,1491)* [filtered=1800]
cnt=1 s0=fng (4646,1492)* [filtered=1800]
cnt=1 s0=fng (4647,1493)* [filtered=1800]
cnt=1 s0=fng (4649,1494)* [filtered=1800]
cnt=1 s0=fng (4651,1494)* [filtered=1800]
cnt=1 s0=fng (4652,1495)* [filtered=1800]
cnt=1 s0=fng (4653,1495)* [filtered=1800]
cnt=1 s0=fng (4654,1495)* [filtered=1800]
cnt=1 s0=fng (4655,1496)* [filtered=1800]
cnt=1 s0=fng (4656,1497)* [filtered=1800]
cnt=1 s0=fng (4657,1497)* [filtered=1800]
cnt=1 s0=fng (4658,1497)* [filtered=1800]
cnt=1 s0=fng (4659,1497)* [filtered=1800]
cnt=1 s0=fng (4660,1497)* [filtered=1800]
cnt=1 s0=fng (4661,1497)* [filtered=1800]
cnt=1 s0=fng (4661,1497)* [filtered=1800]
cnt=1 s0=fng (4661,1497)* [filtered=1800]
cnt=1 s0=fng (4662,1497)* [filtered=1800]
cnt=1 s0=fng (4663,1497)* [filtered=1800]
cnt=1 s0=fng (4663,1497)* [filtered=1800]
cnt=1 s0=fng (4663,1497)* [filtered=1800]
cnt=1 s0=fng (4663,1497)* [filtered=1800]
cnt=1 s0=fng (4664,1497)* [filtered=1800]
cnt=1 s0=fng (4665,1497)* [filtered=1800]
cnt=1 s0=fng (4666,1497)* [filtered=1800]
cnt=1 s0=fng (4667,1497)* [filtered=1800]
cnt=1 s0=fng (4668,1497)* [filtered=1800]
cnt=1 s0=fng (4669,1497)* [filtered=1800]
cnt=1 s0=fng (4670,1497)* [filtered=1800]
cnt=1 s0=fng (4671,1498)* [filtered=1800]
cnt=1 s0=fng (4671,1498)* [filtered=1800]
cnt=1 s0=fng (4672,1499)* [filtered=1800]
cnt=1 s0=fng (4673,1500)* [filtered=1800]
cnt=1 s0=fng (4674,1501)* [filtered=1800]
cnt=1 s0=fng (4675,1502)* [filtered=1800]
cnt=1 s0=fng (4676,1503)* [filtered=1800]
cnt=1 s0=fng (4677,1504)* [filtered=1800]
cnt=1 s0=fng (4678,1506)* [filtered=1800]
cnt=1 s0=fng (4679,1508)* [filtered=1800]
cnt=1 s0=fng (4681,1511) [filtered=1800]
cnt=1 s0=fng (4682,1512) [filtered=1800]
cnt=1 s0=fng (4684,1515) [filtered=1800]
cnt=1 s0=fng (4686,1518) [filtered=1800]
cnt=1 s0=fng (4688,1522) [filtered=1800]
cnt=1 s0=fng (4691,1527) [filtered=1800]
cnt=1 s0=fng (4693,1530) [filtered=1800]
cnt=1 s0=fng (4696,1534) [filtered=1800]
cnt=1 s0=fng (4699,1538) [filtered=1800]
cnt=1 s0=fng (4702,1542) [filtered=1800]
cnt=1 s0=fng (4704,1545) [filtered=1800]
cnt=1 s0=fng (4705,1549) [filtered=1800]
cnt=1 s0=fng (4707,1553) [filtered=1800]
cnt=1 s0=fng (4709,1556) [filtered=1800]
cnt=1 s0=fng (4711,1559) [filtered=1800]
cnt=1 s0=fng (4712,1561) [filtered=1800]
cnt=1 s0=fng (4714,1562) [filtered=1800]
cnt=1 s0=fng (4716,1564) [filtered=1800]
cnt=1 s0=fng (4718,1565) [filtered=1800]
cnt=1 s0=fng (4720,1565) [filtered=1800]
cnt=1 s0=fng (4721,1565) [filtered=1800]
cnt=1 s0=fng (4722,1565) [filtered=1800]
cnt=1 s0=fng (4723,1565) [filtered=1800]
cnt=1 s0=fng (4724,1564) [filtered=1800]
cnt=1 s0=fng (4726,1563) [filtered=1800]
cnt=1 s0=fng (4727,1563) [filtered=1800]
cnt=1 s0=fng (4728,1562) [filtered=1800]
cnt=1 s0=fng (4729,1560) [filtered=1800]
cnt=1 s0=fng (4730,1558) [filtered=1800]
cnt=1 s0=fng (4731,1556) [filtered=1800]
cnt=1 s0=fng (4731,1555) [filtered=1800]
cnt=1 s0=fng (4732,1553) [filtered=1800]
cnt=1 s0=fng (4733,1550) [filtered=1800]
cnt=1 s0=fng (4734,1548) [filtered=1800]
cnt=1 s0=fng (4734,1547) [filtered=1800]
cnt=1 s0=fng (4735,1545) [filtered=1800]
cnt=1 s0=fng (4736,1544) [filtered=1800]
cnt=1 s0=fng (4737,1543) [filtered=1800]
cnt=1 s0=fng (4738,1542) [filtered=1800]
cnt=1 s0=fng (4739,1542) [filtered=1800]
cnt=1 s0=fng (4740,1542) [filtered=1800]
cnt=1 s0=fng (4751,1664) [filtered=1800]
cnt=1 s0=fng (4751,1663) [filtered=1800]
cnt=1 s0=fng (4751,1662) [filtered=1800]
cnt=1 s0=fng (4751,1662) [filtered=1800]
cnt=1 s0=fng (4751,1661) [filtered=1800]
cnt=1 s0=fng (4750,1660) [filtered=1800]
cnt=1 s0=fng (4749,1659) [filtered=1800]
cnt=1 s0=fng (4749,1659) [filtered=1800]
cnt=1 s0=fng (4748,1658) [filtered=1800]
cnt=1 s0=fng (4747,1657) [filtered=1800]
cnt=1 s0=fng (4746,1655) [filtered=1800]
cnt=1 s0=fng (4745,1653) [filtered=1800]
cnt=1 s0=fng (4745,1652) [filtered=1800]
cnt=1 s0=fng (4743,1651) [filtered=1800]
cnt=1 s0=fng (4741,1650) [filtered=1800]
cnt=1 s0=fng (4739,1648) [filtered=1800]
cnt=1 s0=fng (4737,1646) [filtered=1800]
cnt=1 s0=fng (4736,1645) [filtered=1800]
cnt=1 s0=fng (4734,1644) [filtered=1800]
cnt=1 s0=fng (4732,1643) [filtered=1800]
cnt=1 s0=fng (4730,1641) [filtered=1800]
cnt=1 s0=fng (4729,1640) [filtered=1800]
cnt=1 s0=fng (4728,1639) [filtered=1800]
cnt=1 s0=fng (4726,1638) [filtered=1800]
cnt=1 s0=fng (4724,1636) [filtered=1800]
cnt=1 s0=fng (4723,1634) [filtered=1800]
cnt=1 s0=fng (4722,1633) [filtered=1800]
cnt=1 s0=fng (4720,1631) [filtered=1800]
cnt=1 s0=fng (4717,1628) [filtered=1800]
cnt=1 s0=fng (4714,1625) [filtered=1800]
cnt=1 s0=fng (4711,1622) [filtered=1800]
cnt=1 s0=fng (4709,1620) [filtered=1800]
cnt=1 s0=fng (4706,1617) [filtered=1800]
cnt=1 s0=fng (4703,1615) [filtered=1800]
cnt=1 s0=fng (4700,1613) [filtered=1800]
cnt=1 s0=fng (4698,1612) [filtered=1800]
cnt=1 s0=fng (4696,1609) [filtered=1800]
cnt=1 s0=fng (4693,1606) [filtered=1800]
cnt=1 s0=fng (4690,1603) [filtered=1800]
cnt=1 s0=fng (4688,1600) [filtered=1800]
cnt=1 s0=fng (4687,1598) [filtered=1800]
cnt=1 s0=fng (4685,1596) [filtered=1800]
cnt=1 s0=fng (4683,1593) [filtered=1800]
cnt=1 s0=fng (4680,1590) [filtered=1800]
cnt=1 s0=fng (4677,1587) [filtered=1800]
cnt=1 s0=fng (4676,1585) [filtered=1800]
cnt=1 s0=fng (4673,1584) [filtered=1800]
cnt=1 s0=fng (4671,1582) [filtered=1800]
cnt=1 s0=fng (4668,1580) [filtered=1800]
cnt=1 s0=fng (4665,1578) [filtered=1800]
cnt=1 s0=fng (4664,1577) [filtered=1800]
cnt=1 s0=fng (4662,1575) [filtered=1800]
cnt=1 s0=fng (4660,1573) [filtered=1800]
cnt=1 s0=fng (4658,1571) [filtered=1800]
cnt=1 s0=fng (4657,1570) [filtered=1800]
cnt=1 s0=fng (4655,1568) [filtered=1800]
cnt=1 s0=fng (4653,1566) [filtered=1800]
cnt=1 s0=fng (4651,1564) [filtered=1800]
cnt=1 s0=fng (4650,1563) [filtered=1800]
cnt=1 s0=fng (4649,1562) [filtered=1800]
cnt=1 s0=fng (4648,1561) [filtered=1800]
cnt=1 s0=fng (4647,1559) [filtered=1800]
cnt=1 s0=fng (4646,1557) [filtered=1800]
cnt=1 s0=fng (4645,1556) [filtered=1800]
cnt=1 s0=fng (4644,1555) [filtered=1800]
cnt=1 s0=fng (4643,1554) [filtered=1800]
cnt=1 s0=fng (4642,1552) [filtered=1800]
cnt=1 s0=fng (4641,1551) [filtered=1800]
cnt=1 s0=fng (4640,1550) [filtered=1800]
cnt=1 s0=fng (4639,1549) [filtered=1800]
cnt=1 s0=fng (4638,1548) [filtered=1800]
cnt=1 s0=fng (4637,1547) [filtered=1800]
cnt=1 s0=fng (4636,1546) [filtered=1800]
cnt=1 s0=fng (4635,1546) [filtered=1800]
cnt=1 s0=fng (4634,1545) [filtered=1800]
cnt=1 s0=fng (4633,1544) [filtered=1800]
cnt=1 s0=fng (4632,1543) [filtered=1800]
cnt=1 s0=fng (4632,1542)* [filtered=1800]
cnt=1 s0=fng (4631,1541)* [filtered=1800]
cnt=1 s0=fng (4630,1540)* [filtered=1800]
cnt=1 s0=fng (4629,1539)* [filtered=1800]
cnt=1 s0=fng (4628,1539)* [filtered=1800]
cnt=1 s0=fng (4627,1539)* [filtered=1800]
cnt=1 s0=fng (4626,1538)* [filtered=1800]
cnt=1 s0=fng (4625,1537)* [filtered=1800]
cnt=1 s0=fng (4624,1537)* [filtered=1800]
cnt=1 s0=fng (4623,1536)* [filtered=1800]
cnt=1 s0=fng (4623,1536)* [filtered=1800]
cnt=1 s0=fng (4622,1536)* [filtered=1800]
cnt=1 s0=fng (4621,1535)* [filtered=1800]
cnt=1 s0=fng (4621,1535)* [filtered=1800]
cnt=1 s0=fng (4621,1534)* [filtered=1800]
cnt=1 s0=fng (4621,1534)* [filtered=1800]
cnt=1 s0=fng (4621,1534)* [filtered=1800]
cnt=1 s0=fng (4621,1534)* [filtered=1800]
cnt=1 s0=fng (4621,1534)* [filtered=1800]
cnt=1 s0=fng (4621,1534)* [filtered=1800]
cnt=1 s0=fng (4621,1534)* [filtered=1800]
cnt=1 s0=fng (4621,1534)* [filtered=1800]
cnt=1 s0=fng (4622,1535)* [filtered=1800]
cnt=1 s0=fng (4623,1535)* [filtered=1800]
cnt=1 s0=fng (4623,1535)* [filtered=1800]
cnt=1 s0=fng (4624,1536)* [filtered=1800]
cnt=1 s0=fng (4625,1537)* [filtered=1800]
cnt=1 s0=fng (4627,1538)* [filtered=1800]
cnt=1 s0=fng (4629,1539)* [filtered=1800]
cnt=1 s0=fng (4630,1540)* [filtered=1800]
cnt=1 s0=fng (4632,1541)* [filtered=1800]
cnt=1 s0=fng (4634,1543) [filtered=1800]
cnt=1 s0=fng (4637,1545) [filtered=1800]
cnt=1 s0=fng (4640,1547) [filtered=1800]
cnt=1 s0=fng (4642,1548) [filtered=1800]
cnt=1 s0=fng (4645,1550) [filtered=1800]
cnt=1 s0=fng (4648,1552) [filtered=1800]
cnt=1 s0=fng (4651,1556) [filtered=1800]
cnt=1 s0=fng (4653,1558) [filtered=1800]
cnt=1 s0=fng (4657,1562) [filtered=1800]
cnt=1 s0=fng (4662,1566) [filtered=1800]
cnt=1 s0=fng (4666,1571) [filtered=1800]
cnt=1 s0=fng (4671,1576) [filtered=1800]
cnt=1 s0=fng (4675,1580) [filtered=1800]
cnt=1 s0=fng (4678,1583) [filtered=1800]
cnt=1 s0=fng (4743,1548) [filtered=1800]
cnt=1 s0=fng (4743,1548) [filtered=1800]
cnt=1 s0=fng (4743,1548) [filtered=1800]
cnt=1 s0=fng (4742,1548) [filtered=1800]
cnt=1 s0=fng (4741,1548) [filtered=1800]
cnt=1 s0=fng (4741,1548) [filtered=1800]
cnt=1 s0=fng (4740,1547) [filtered=1800]
cnt=1 s0=fng (4739,1547) [filtered=1800]
cnt=1 s0=fng (4738,1546) [filtered=1800]
cnt=1 s0=fng (4737,1546) [filtered=1800]
cnt=1 s0=fng (4737,1546) [filtered=1800]
cnt=1 s0=fng (4737,1545) [filtered=1800]
cnt=1 s0=fng (4737,1544) [filtered=1800]
cnt=1 s0=fng (4737,1544) [filtered=1800]
cnt=1 s0=fng (4737,1544) [filtered=1800]
cnt=1 s0=fng (4737,1544) [filtered=1800]
cnt=1 s0=fng (4737,1543) [filtered=1800]
cnt=1 s0=fng (4737,1543) [filtered=1800]
cnt=1 s0=fng (4737,1542) [filtered=1800]
cnt=1 s0=fng (4737,1542) [filtered=1800]
cnt=1 s0=fng (4737,1542)* [filtered=1800]
cnt=1 s0=fng (4737,1542)* [filtered=1800]
cnt=1 s0=fng (4737,1542)* [filtered=1800]
cnt=1 s0=fng (4737,1542)* [filtered=1800]
cnt=1 s0=fng (4737,1542)* [filtered=1800]
cnt=1 s0=fng (4737,1542)* [filtered=1800]
cnt=1 s0=fng (4737,1542)* [filtered=1800]
cnt=1 s0=fng (4736,1542)* [filtered=1800]
cnt=1 s0=fng (4735,1542)* [filtered=1800]
cnt=1 s0=fng (4734,1542)* [filtered=1800]
cnt=1 s0=fng (4733,1542)* [filtered=1800]
cnt=1 s0=fng (4732,1542)* [filtered=1800]
cnt=1 s0=fng (4731,1542)* [filtered=1800]
cnt=1 s0=fng (4730,1542)* [filtered=1800]
cnt=1 s0=fng (4730,1542)* [filtered=1800]
cnt=1 s0=fng (4729,1542)* [filtered=1800]
cnt=1 s0=fng (4728,1542)* [filtered=1800]
cnt=1 s0=fng (4727,1542)* [filtered=1800]
cnt=1 s0=fng (4727,1542)* [filtered=1800]
cnt=1 s0=fng (4726,1542)* [filtered=1800]
cnt=1 s0=fng (4725,1542)* [filtered=1800]
cnt=1 s0=fng (4724,1542)* [filtered=1800]
cnt=1 s0=fng (4723,1542)* [filtered=1800]
cnt=1 s0=fng (4722,1542)* [filtered=1800]
cnt=1 s0=fng (4721,1542)* [filtered=1800]
cnt=1 s0=fng (4720,1542)* [filtered=1800]
cnt=1 s0=fng (4719,1542)* [filtered=1800]
cnt=1 s0=fng (4719,1542)* [filtered=1800]
cnt=1 s0=fng (4719,1542)* [filtered=1800]
cnt=1 s0=fng (4719,1542)* [filtered=1800]
cnt=1 s0=fng (4719,1542)* [filtered=1800]
cnt=1 s0=fng (4719,1542)* [filtered=1800]
cnt=1 s0=fng (4719,1542)* [filtered=1800]
cnt=1 s0=fng (4719,1542)* [filtered=1800]
cnt=1 s0=fng (4719,1542)* [filtered=1800]
cnt=1 s0=fng (4719,1542)* [filtered=1800]
cnt=1 s0=fng (4719,1542)* [filtered=1800]
cnt=1 s0=fng (4719,1542)* [filtered=1800]
cnt=1 s0=fng (4719,1542)* [filtered=1800]
cnt=1 s0=fng (4719,1542)* [filtered=1800]
cnt=1 s0=fng (4719,1542)* [filtered=1800]
cnt=1 s0=fng (4719,1543)* [filtered=1800]
cnt=1 s0=fng (4719,1543)* [filtered=1800]
cnt=1 s0=fng (4719,1543)* [filtered=1800]
cnt=1 s0=fng (4719,1543)* [filtered=1800]
cnt=1 s0=fng (4719,1543)* [filtered=1800]
cnt=1 s0=fng (4719,1543)* [filtered=1800]
cnt=1 s0=fng (4719,1543)* [filtered=1800]
cnt=1 s0=fng (4719,1543)* [filtered=1800]
cnt=1 s0=fng (4719,1543)* [filtered=1800]
cnt=1 s0=fng (4719,1543)* [filtered=1800]
cnt=1 s0=fng (4719,1543)* [filtered=1800]
cnt=1 s0=fng (4719,1543)* [filtered=1800]
cnt=1 s0=fng (4719,1544)* [filtered=1800]
cnt=1 s0=fng (4719,1544)* [filtered=1800]
cnt=1 s0=fng (4719,1544)* [filtered=1800]
cnt=1 s0=fng (4719,1544)* [filtered=1800]
cnt=1 s0=fng (4719,1544)* [filtered=1800]
cnt=1 s0=fng (4719,1544)* [filtered=1800]
cnt=1 s0=fng (4719,1544)* [filtered=1800]
cnt=1 s0=fng (4719,1544)* [filtered=1800]
cnt=1 s0=fng (4719,1544)* [filtered=1800]
cnt=1 s0=fng (4719,1544)* [filtered=1800]
cnt=1 s0=fng (4719,1544)* [filtered=1800]
cnt=1 s0=fng (4719,1544)* [filtered=1800]
cnt=1 s0=fng (4719,1544)* [filtered=1800]
cnt=1 s0=fng (4719,1544)* [filtered=1800]
cnt=1 s0=fng (4719,1544)* [filtered=1800]
cnt=1 s0=fng (4719,1544)* [filtered=1800]
cnt=1 s0=fng (4719,1544)* [filtered=1800]
cnt=1 s0=fng (4719,1544)* [filtered=1800]
cnt=1 s0=fng (4719,1544)* [filtered=1800]
cnt=1 s0=fng (4719,1544)* [filtered=1800]
cnt=1 s0=fng (4719,1544)* [filtered=1800]
cnt=1 s0=fng (4719,1544)* [filtered=1800]
cnt=1 s0=fng (4719,1544)* [filtered=1800]
cnt=1 s0=fng (4719,1544)* [filtered=1800]
cnt=1 s0=fng (4719,1544)* [filtered=1800]
cnt=1 s0=fng (4719,1544)* [filtered=1800]
cnt=1 s0=fng (4719,1544)* [filtered=1800]
cnt=1 s0=fng (4719,1544)* [filtered=1800]
cnt=1 s0=fng (4719,1544)* [filtered=1800]
cnt=1 s0=fng (4719,1544)* [filtered=1800]
cnt=1 s0=fng (4719,1544)* [filtered=1800]
cnt=1 s0=fng (4719,1544)* [filtered=1800]
cnt=1 s0=fng (4719,1544)* [filtered=1800]
cnt=1 s0=fng (4719,1544)* [filtered=1800]
cnt=1 s0=fng (4719,1544)* [filtered=1800]
cnt=1 s0=fng (4719,1544)* [filtered=1800]
cnt=1 s0=fng (4719,1544)* [filtered=1800]
cnt=1 s0=fng (4719,1544)* [filtered=1800]
cnt=1 s0=fng (4719,1543)* [filtered=1800]
cnt=1 s0=fng (4719,1543)* [filtered=1800]
cnt=1 s0=fng (4719,1542)* [filtered=1800]
cnt=1 s0=fng (4719,1542)* [filtered=1800]
cnt=1 s0=fng (4719,1542)* [filtered=1800]
cnt=1 s0=fng (4719,1541)* [filtered=1800]
cnt=1 s0=fng (4719,1540)* [filtered=1800]
cnt=1 s0=fng (4718,1540)* [filtered=1800]
cnt=1 s0=fng (4718,1540)* [filtered=1800]
cnt=1 s0=fng (4717,1539)* [filtered=1800]
cnt=1 s0=fng (4716,1539)* [filtered=1800]
cnt=1 s0=fng (4715,1538)* [filtered=1800]
cnt=1 s0=fng (4714,1537)* [filtered=1800]
cnt=1 s0=fng (4713,1537)* [filtered=1800]
cnt=1 s0=fng (4712,1537)* [filtered=1800]
cnt=1 s0=fng (4711,1536)* [filtered=1800]
cnt=1 s0=fng (4710,1536)* [filtered=1800]
cnt=1 s0=fng (4709,1535)* [filtered=1800]
cnt=1 s0=fng (4709,1535)* [filtered=1800]
cnt=1 s0=fng (4708,1535)* [filtered=1800]
cnt=1 s0=fng (4707,1535)* [filtered=1800]
cnt=1 s0=fng (4706,1535)* [filtered=1800]
cnt=1 s0=fng (4705,1535)* [filtered=1800]
cnt=1 s0=fng (4704,1535)* [filtered=1800]
cnt=1 s0=fng (4703,1535)* [filtered=1800]
cnt=1 s0=fng (4702,1534)* [filtered=1800]
cnt=1 s0=fng (4701,1533)* [filtered=1800]
cnt=1 s0=fng (4701,1533)* [filtered=1800]
cnt=1 s0=fng (4700,1533)* [filtered=1800]
cnt=1 s0=fng (4699,1532)* [filtered=1800]
cnt=1 s0=fng (4697,1532)* [filtered=1800]
cnt=1 s0=fng (4695,1531)* [filtered=1800]
cnt=1 s0=fng (4694,1531)* [filtered=1800]
cnt=1 s0=fng (4692,1531)* [filtered=1800]
cnt=1 s0=fng (4689,1530) [filtered=1800]
cnt=1 s0=fng (4686,1529) [filtered=1800]
cnt=1 s0=fng (4684,1529) [filtered=1800]
cnt=1 s0=fng (4679,1529) [filtered=1800]
cnt=1 s0=fng (4673,1528) [filtered=1800]
cnt=1 s0=fng (4665,1527) [filtered=1800]
cnt=1 s0=fng (4656,1525) [filtered=1800]
cnt=1 s0=fng (4647,1524) [filtered=1800]
cnt=1 s0=fng (4638,1523) [filtered=1800]
cnt=1 s0=fng (4630,1522) [filtered=1800]
cnt=1 s0=fng (4623,1520) [filtered=1800]
cnt=1 s0=fng (4617,1518) [filtered=1800]
cnt=1 s0=fng (4612,1517) [filtered=1800]
cnt=1 s0=fng (4607,1516) [filtered=1800]
cnt=1 s0=fng (4605,1515) [filtered=1800]
cnt=1 s0=fng (4605,1513) [filtered=1800]
cnt=1 s0=fng (4604,1511) [filtered=1800]
cnt=1 s0=fng (4604,1510) [filtered=1800]
cnt=1 s0=fng (4604,1509) [filtered=1800]
cnt=1 s0=fng (4605,1508) [filtered=1800]
cnt=1 s0=fng (4606,1507) [filtered=1800]
cnt=1 s0=fng (4607,1507) [filtered=1800]
cnt=1 s0=fng (4608,1507) [filtered=1800]
cnt=1 s0=fng (4610,1506) [filtered=1800]
cnt=1 s0=fng (4612,1506) [filtered=1800]
cnt=1 s0=fng (4614,1505) [filtered=1800]
cnt=1 s0=fng (4615,1505) [filtered=1800]
cnt=1 s0=fng (4617,1505) [filtered=1800]
cnt=1 s0=fng (4619,1505) [filtered=1800]
cnt=1 s0=fng (4621,1505) [filtered=1800]
cnt=1 s0=fng (4623,1505) [filtered=1800]
cnt=1 s0=fng (4624,1505) [filtered=1800]
cnt=1 s0=fng (4626,1506) [filtered=1800]
cnt=1 s0=fng (4627,1507)* [filtered=1800]
cnt=1 s0=fng (4629,1508)* [filtered=1800]
cnt=1 s0=fng (4630,1509)* [filtered=1800]
cnt=1 s0=fng (4631,1509)* [filtered=1800]
cnt=1 s0=fng (4632,1510)* [filtered=1800]
cnt=1 s0=fng (4632,1512)* [filtered=1800]
cnt=1 s0=fng (4632,1513)* [filtered=1800]
cnt=1 s0=fng (4632,1514)* [filtered=1800]
cnt=1 s0=fng (4632,1515)* [filtered=1800]
cnt=1 s0=fng (4632,1517)* [filtered=1800]
cnt=1 s0=fng (4632,1519)* [filtered=1800]
cnt=1 s0=fng (4632,1520)* [filtered=1800]
cnt=1 s0=fng (4632,1521)* [filtered=1800]
cnt=1 s0=fng (4632,1522)* [filtered=1800]
cnt=1 s0=fng (4632,1524)* [filtered=1800]
cnt=1 s0=fng (4632,1525)* [filtered=1800]
cnt=1 s0=fng (4632,1526)* [filtered=1800]
cnt=1 s0=fng (4632,1527)* [filtered=1800]
cnt=1 s0=fng (4632,1528)* [filtered=1800]
cnt=1 s0=fng (4632,1529)* [filtered=1800]
cnt=1 s0=fng (4632,1530)* [filtered=1800]
cnt=1 s0=fng (4633,1531)* [filtered=1800]
cnt=1 s0=fng (4633,1532)* [filtered=1800]
cnt=1 s0=fng (4634,1533)* [filtered=1800]
cnt=1 s0=fng (4635,1535)* [filtered=1800]
cnt=1 s0=fng (4637,1536)* [filtered=1800]
cnt=1 s0=fng (4638,1537)* [filtered=1800]
cnt=1 s0=fng (4640,1538)* [filtered=1800]
cnt=1 s0=fng (4643,1540) [filtered=1800]
cnt=1 s0=fng (4646,1542) [filtered=1800]
cnt=1 s0=fng (4650,1544) [filtered=1800]
cnt=1 s0=fng (4652,1545) [filtered=1800]
cnt=1 s0=fng (4656,1548) [filtered=1800]
cnt=1 s0=fng (4661,1551) [filtered=1800]
cnt=1 s0=fng (4666,1556) [filtered=1800]
cnt=1 s0=fng (4672,1561) [filtered=1800]
cnt=1 s0=fng (4676,1565) [filtered=1800]
cnt=1 s0=fng (4681,1570) [filtered=1800]
cnt=1 s0=fng (4686,1576) [filtered=1800]
cnt=1 s0=fng (4691,1582) [filtered=1800]
cnt=1 s0=fng (4696,1588) [filtered=1800]
cnt=1 s0=fng (4701,1594) [filtered=1800]
cnt=1 s0=fng (4706,1600) [filtered=1800]
cnt=1 s0=fng (4711,1606) [filtered=1800]
cnt=1 s0=fng (4716,1611) [filtered=1800]
cnt=1 s0=fng (4750,1553) [filtered=1800]
cnt=1 s0=fng (4750,1553) [filtered=1800]
cnt=1 s0=fng (4749,1553) [filtered=1800]
cnt=1 s0=fng (4748,1553) [filtered=1800]
cnt=1 s0=fng (4747,1552) [filtered=1800]
cnt=1 s0=fng (4747,1552) [filtered=1800]
cnt=1 s0=fng (4746,1552) [filtered=1800]
cnt=1 s0=fng (4744,1551) [filtered=1800]
cnt=1 s0=fng (4742,1551) [filtered=1800]
cnt=1 s0=fng (4740,1550) [filtered=1800]
cnt=1 s0=fng (4739,1550) [filtered=1800]
cnt=1 s0=fng (4738,1550) [filtered=1800]
cnt=1 s0=fng (4737,1550) [filtered=1800]
cnt=1 s0=fng (4736,1550) [filtered=1800]
cnt=1 s0=fng (4736,1550) [filtered=1800]
cnt=1 s0=fng (4736,1550) [filtered=1800]
cnt=1 s0=fng (4736,1550) [filtered=1800]
cnt=1 s0=fng (4736,1551) [filtered=1800]
cnt=1 s0=fng (4736,1552) [filtered=1800]
cnt=1 s0=fng (4736,1553) [filtered=1800]
cnt=1 s0=fng (4736,1553)* [filtered=1800]
cnt=1 s0=fng (4736,1554)* [filtered=1800]
cnt=1 s0=fng (4751,1607) [filtered=1800]
cnt=1 s0=fng (4751,1607) [filtered=1800]
cnt=1 s0=fng (4751,1607) [filtered=1800]
cnt=1 s0=fng (4751,1607) [filtered=1800]
cnt=2 s0=PALM(4751,1607) s1=fng (1181,34) [filtered=1801]
cnt=2 s0=PALM(4751,1607) s1=fng (1181,34) [filtered=1802]
cnt=2 s0=PALM(4750,1607) s1=fng (1181,34) [filtered=1803]
cnt=2 s0=PALM(4749,1606) s1=fng (1181,34) [filtered=1804]
cnt=2 s0=PALM(4748,1605) s1=fng (1181,34) [filtered=1805]
cnt=2 s0=PALM(4748,1605) s1=fng (1181,34) [filtered=1806]
cnt=2 s0=PALM(4747,1605) s1=fng (1181,34) [filtered=1807]
cnt=2 s0=PALM(4745,1604) s1=fng (1181,34) [filtered=1808]
cnt=2 s0=PALM(4743,1603) s1=fng (1181,34) [filtered=1809]
cnt=2 s0=PALM(4742,1603) s1=fng (1181,34) [filtered=1810]
cnt=2 s0=PALM(4740,1602) s1=fng (1181,34) [filtered=1811]
cnt=2 s0=PALM(4738,1601) s1=fng (1181,34) [filtered=1812]
cnt=1 s0=fng (4736,1600) [filtered=1812]
cnt=1 s0=fng (4734,1599) [filtered=1812]
cnt=1 s0=fng (4733,1599) [filtered=1812]
cnt=1 s0=fng (4732,1599) [filtered=1812]
cnt=1 s0=fng (4731,1598)* [filtered=1812]
cnt=1 s0=fng (4730,1597)* [filtered=1812]
cnt=1 s0=fng (4729,1597)* [filtered=1812]
cnt=1 s0=fng (4729,1597)* [filtered=1812]
cnt=1 s0=fng (4728,1596)* [filtered=1812]
cnt=1 s0=fng (4727,1596)* [filtered=1812]
cnt=1 s0=fng (4725,1595)* [filtered=1812]
cnt=1 s0=fng (4724,1594)* [filtered=1812]
cnt=1 s0=fng (4723,1593)* [filtered=1812]
cnt=1 s0=fng (4721,1591) [filtered=1812]
cnt=1 s0=fng (4719,1589) [filtered=1812]
cnt=1 s0=fng (4717,1587) [filtered=1812]
cnt=1 s0=fng (4716,1586) [filtered=1812]
cnt=1 s0=fng (4714,1584) [filtered=1812]
cnt=1 s0=fng (4712,1582) [filtered=1812]
cnt=1 s0=fng (4710,1580) [filtered=1812]
cnt=1 s0=fng (4708,1578) [filtered=1812]
cnt=1 s0=fng (4707,1577) [filtered=1812]
cnt=1 s0=fng (4705,1575) [filtered=1812]
cnt=1 s0=fng (4704,1573) [filtered=1812]
cnt=1 s0=fng (4703,1571) [filtered=1812]
cnt=1 s0=fng (4702,1570) [filtered=1812]
cnt=1 s0=fng (4701,1569) [filtered=1812]
cnt=1 s0=fng (4700,1568) [filtered=1812]
cnt=1 s0=fng (4698,1566) [filtered=1812]
cnt=1 s0=fng (4697,1564) [filtered=1812]
cnt=1 s0=fng (4696,1563) [filtered=1812]
cnt=1 s0=fng (4695,1562) [filtered=1812]
cnt=1 s0=fng (4694,1561) [filtered=1812]
cnt=1 s0=fng (4693,1559) [filtered=1812]
cnt=1 s0=fng (4691,1557) [filtered=1812]
cnt=1 s0=fng (4690,1556) [filtered=1812]
cnt=1 s0=fng (4688,1555) [filtered=1812]
cnt=1 s0=fng (4686,1554) [filtered=1812]
cnt=1 s0=fng (4684,1553) [filtered=1812]
cnt=1 s0=fng (4682,1552) [filtered=1812]
cnt=1 s0=fng (4681,1551) [filtered=1812]
cnt=1 s0=fng (4679,1550) [filtered=1812]
cnt=1 s0=fng (4677,1549) [filtered=1812]
cnt=1 s0=fng (4675,1548) [filtered=1812]
cnt=1 s0=fng (4674,1548) [filtered=1812]
cnt=1 s0=fng (4672,1547) [filtered=1812]
cnt=1 s0=fng (4670,1546) [filtered=1812]
cnt=1 s0=fng (4668,1545) [filtered=1812]
cnt=1 s0=fng (4666,1544) [filtered=1812]
cnt=1 s0=fng (4665,1544) [filtered=1812]
cnt=1 s0=fng (4664,1544) [filtered=1812]
cnt=1 s0=fng (4662,1543) [filtered=1812]
cnt=1 s0=fng (4661,1543) [filtered=1812]
cnt=1 s0=fng (4659,1542) [filtered=1812]
cnt=1 s0=fng (4658,1542)* [filtered=1812]
cnt=1 s0=fng (4657,1542)* [filtered=1812]
cnt=1 s0=fng (4655,1541)* [filtered=1812]
cnt=1 s0=fng (4653,1540)* [filtered=1812]
cnt=1 s0=fng (4652,1540)* [filtered=1812]
cnt=1 s0=fng (4651,1540)* [filtered=1812]
cnt=1 s0=fng (4649,1539)* [filtered=1812]
cnt=1 s0=fng (4647,1539)* [filtered=1812]
cnt=1 s0=fng (4645,1538)* [filtered=1812]
cnt=1 s0=fng (4644,1538)* [filtered=1812]
cnt=1 s0=fng (4643,1537)* [filtered=1812]
cnt=1 s0=fng (4641,1536)* [filtered=1812]
cnt=1 s0=fng (4640,1535)* [filtered=1812]
cnt=1 s0=fng (4638,1535)* [filtered=1812]
cnt=1 s0=fng (4637,1535)* [filtered=1812]
cnt=1 s0=fng (4636,1534)* [filtered=1812]
cnt=1 s0=fng (4635,1533)* [filtered=1812]
cnt=1 s0=fng (4634,1533)* [filtered=1812]
cnt=1 s0=fng (4633,1532)* [filtered=1812]
cnt=1 s0=fng (4632,1532)* [filtered=1812]
cnt=1 s0=fng (4631,1532)* [filtered=1812]
cnt=1 s0=fng (4630,1531)* [filtered=1812]
cnt=1 s0=fng (4629,1531)* [filtered=1812]
cnt=1 s0=fng (4628,1531)* [filtered=1812]
cnt=1 s0=fng (4627,1530)* [filtered=1812]
cnt=1 s0=fng (4626,1529)* [filtered=1812]
cnt=1 s0=fng (4624,1529)* [filtered=1812]
cnt=1 s0=fng (4622,1528)* [filtered=1812]
cnt=1 s0=fng (4621,1528)* [filtered=1812]
cnt=1 s0=fng (4619,1528)* [filtered=1812]
cnt=1 s0=fng (4616,1527) [filtered=1812]
cnt=1 s0=fng (4613,1527) [filtered=1812]
cnt=1 s0=fng (4609,1526) [filtered=1812]
cnt=1 s0=fng (4607,1526) [filtered=1812]
cnt=1 s0=fng (4603,1525) [filtered=1812]
cnt=1 s0=fng (4599,1524) [filtered=1812]
cnt=1 s0=fng (4595,1523) [filtered=1812]
cnt=1 s0=fng (4590,1522) [filtered=1812]
cnt=1 s0=fng (4586,1522) [filtered=1812]
cnt=1 s0=fng (4581,1521) [filtered=1812]
cnt=1 s0=fng (4576,1519) [filtered=1812]
cnt=1 s0=fng (4570,1518) [filtered=1812]
cnt=1 s0=fng (4564,1517) [filtered=1812]
cnt=1 s0=fng (4559,1516) [filtered=1812]
cnt=1 s0=fng (4553,1515) [filtered=1812]
cnt=1 s0=fng (4547,1514) [filtered=1812]
cnt=1 s0=fng (4541,1513) [filtered=1812]
cnt=1 s0=fng (4536,1512) [filtered=1812]
cnt=1 s0=fng (4530,1511) [filtered=1812]
cnt=1 s0=fng (4524,1512) [filtered=1812]
cnt=1 s0=fng (4519,1513) [filtered=1812]
cnt=1 s0=fng (4513,1517) [filtered=1812]
cnt=1 s0=fng (4509,1519) [filtered=1812]
cnt=1 s0=fng (4503,1523) [filtered=1812]
cnt=1 s0=fng (4503,1523) [filtered=1812]
cnt=1 s0=fng (4660,1675) [filtered=1812]
cnt=1 s0=fng (4660,1675) [filtered=1812]
cnt=1 s0=fng (4660,1675) [filtered=1812]
cnt=1 s0=fng (4660,1675) [filtered=1812]
cnt=1 s0=fng (4660,1675) [filtered=1812]
cnt=1 s0=fng (4660,1675) [filtered=1812]
cnt=1 s0=fng (4660,1675) [filtered=1812]
cnt=1 s0=fng (4660,1675) [filtered=1812]
cnt=1 s0=fng (4660,1675) [filtered=1812]
cnt=1 s0=fng (4660,1675) [filtered=1812]
cnt=1 s0=fng (4660,1675) [filtered=1812]
cnt=1 s0=fng (4660,1675) [filtered=1812]
cnt=1 s0=fng (4660,1675) [filtered=1812]
cnt=1 s0=fng (4660,1675) [filtered=1812]
cnt=1 s0=fng (4660,1675) [filtered=1812]
cnt=1 s0=fng (4660,1675) [filtered=1812]
cnt=1 s0=fng (4660,1675) [filtered=1812]
cnt=1 s0=fng (4660,1675) [filtered=1812]
cnt=1 s0=fng (4660,1675) [filtered=1812]
cnt=1 s0=fng (4660,1675) [filtered=1812]
cnt=1 s0=fng (4660,1675)* [filtered=1812]
cnt=1 s0=fng (4660,1675)* [filtered=1812]
cnt=1 s0=fng (4660,1675)* [filtered=1812]
cnt=1 s0=fng (4660,1675)* [filtered=1812]
cnt=1 s0=fng (4660,1675)* [filtered=1812]
cnt=1 s0=fng (4660,1675)* [filtered=1812]
cnt=1 s0=fng (4660,1675)* [filtered=1812]
cnt=1 s0=fng (4660,1675)* [filtered=1812]
cnt=1 s0=fng (4660,1675)* [filtered=1812]
cnt=1 s0=fng (4660,1675)* [filtered=1812]
cnt=1 s0=fng (4660,1675)* [filtered=1812]
cnt=1 s0=fng (4660,1675)* [filtered=1812]
cnt=1 s0=fng (4660,1675)* [filtered=1812]
cnt=1 s0=fng (4660,1675)* [filtered=1812]
cnt=1 s0=fng (4660,1675)* [filtered=1812]
cnt=1 s0=fng (4660,1675)* [filtered=1812]
cnt=1 s0=fng (4660,1675)* [filtered=1812]
cnt=1 s0=fng (4660,1675)* [filtered=1812]
cnt=1 s0=fng (4660,1675)* [filtered=1812]
cnt=1 s0=fng (4660,1675)* [filtered=1812]
cnt=1 s0=fng (4660,1675)* [filtered=1812]
cnt=1 s0=fng (4660,1675)* [filtered=1812]
cnt=1 s0=fng (4660,1675)* [filtered=1812]
cnt=1 s0=fng (4660,1675)* [filtered=1812]
cnt=1 s0=fng (4660,1675)* [filtered=1812]
cnt=1 s0=fng (4660,1675)* [filtered=1812]
cnt=1 s0=fng (4660,1675)* [filtered=1812]
cnt=1 s0=fng (4660,1675)* [filtered=1812]
cnt=1 s0=fng (4660,1675)* [filtered=1812]
cnt=1 s0=fng (4660,1675)* [filtered=1812]
cnt=1 s0=fng (4660,1675)* [filtered=1812]
cnt=1 s0=fng (4660,1675)* [filtered=1812]
cnt=1 s0=fng (4660,1675)* [filtered=1812]
cnt=1 s0=fng (4660,1675)* [filtered=1812]
cnt=1 s0=fng (4660,1675)* [filtered=1812]
cnt=1 s0=fng (4660,1675)* [filtered=1812]
cnt=1 s0=fng (4660,1675)* [filtered=1812]
cnt=1 s0=fng (4660,1675)* [filtered=1812]
cnt=1 s0=fng (4660,1675)* [filtered=1812]
cnt=1 s0=fng (4660,1675)* [filtered=1812]
cnt=1 s0=fng (4660,1675)* [filtered=1812]
cnt=1 s0=fng (4660,1675)* [filtered=1812]
cnt=1 s0=fng (4660,1675)* [filtered=1812]
cnt=1 s0=fng (4660,1675)* [filtered=1812]
cnt=1 s0=fng (4660,1675)* [filtered=1812]
cnt=1 s0=fng (4660,1675)* [filtered=1812]
cnt=1 s0=fng (4660,1675)* [filtered=1812]
cnt=1 s0=fng (4660,1675)* [filtered=1812]
cnt=1 s0=fng (4660,1675)* [filtered=1812]
cnt=1 s0=fng (4660,1675)* [filtered=1812]
cnt=1 s0=fng (4660,1675)* [filtered=1812]
cnt=1 s0=fng (4660,1675)* [filtered=1812]
cnt=1 s0=fng (4660,1675)* [filtered=1812]
cnt=1 s0=fng (4660,1675)* [filtered=1812]
cnt=1 s0=fng (4660,1675)* [filtered=1812]
cnt=1 s0=fng (4660,1675)* [filtered=1812]
cnt=1 s0=fng (4660,1675)* [filtered=1812]
cnt=1 s0=fng (4660,1675)* [filtered=1812]
cnt=1 s0=fng (4660,1675)* [filtered=1812]
cnt=1 s0=fng (4660,1675)* [filtered=1812]
cnt=1 s0=fng (4660,1675)* [filtered=1812]
cnt=1 s0=fng (4660,1675)* [filtered=1812]
cnt=1 s0=fng (4660,1675)* [filtered=1812]
cnt=1 s0=fng (4660,1675)* [filtered=1812]
cnt=1 s0=fng (4660,1675)* [filtered=1812]
cnt=1 s0=fng (4660,1675)* [filtered=1812]
cnt=1 s0=fng (4660,1675)* [filtered=1812]
cnt=1 s0=fng (4660,1675)* [filtered=1812]
cnt=1 s0=fng (4660,1675)* [filtered=1812]
cnt=1 s0=fng (4660,1675)* [filtered=1812]
cnt=1 s0=fng (4660,1675)* [filtered=1812]
cnt=1 s0=fng (4660,1675)* [filtered=1812]
cnt=1 s0=fng (4660,1675)* [filtered=1812]
cnt=1 s0=fng (4660,1675)* [filtered=1812]
cnt=1 s0=fng (4660,1675)* [filtered=1812]
cnt=1 s0=fng (4660,1675)* [filtered=1812]
cnt=1 s0=fng (4660,1675)* [filtered=1812]
cnt=1 s0=fng (4660,1675)* [filtered=1812]
cnt=1 s0=fng (4660,1675)* [filtered=1812]
cnt=1 s0=fng (4660,1675)* [filtered=1812]
cnt=1 s0=fng (4660,1675)* [filtered=1812]
cnt=1 s0=fng (4660,1675)* [filtered=1812]
cnt=1 s0=fng (4660,1675)* [filtered=1812]
cnt=1 s0=fng (4660,1675)* [filtered=1812]
cnt=1 s0=fng (4660,1675)* [filtered=1812]
cnt=1 s0=fng (4660,1675)* [filtered=1812]
cnt=1 s0=fng (4660,1675)* [filtered=1812]
cnt=1 s0=fng (4660,1675)* [filtered=1812]
cnt=1 s0=fng (4660,1675)* [filtered=1812]
cnt=1 s0=fng (4660,1675)* [filtered=1812]
cnt=1 s0=fng (4660,1675)* [filtered=1812]
cnt=1 s0=fng (4660,1675)* [filtered=1812]
cnt=1 s0=fng (4660,1675)* [filtered=1812]
cnt=1 s0=fng (4660,1675)* [filtered=1812]
cnt=1 s0=fng (4660,1675)* [filtered=1812]
cnt=1 s0=fng (4660,1675)* [filtered=1812]
cnt=1 s0=fng (4660,1675)* [filtered=1812]
cnt=1 s0=fng (4660,1675)* [filtered=1812]
cnt=1 s0=fng (4660,1675)* [filtered=1812]
cnt=1 s0=fng (4660,1675)* [filtered=1812]
cnt=1 s0=fng (4660,1675)* [filtered=1812]
cnt=1 s0=fng (4660,1675)* [filtered=1812]
cnt=1 s0=fng (4660,1675)* [filtered=1812]
cnt=1 s0=fng (4660,1675)* [filtered=1812]
cnt=1 s0=fng (4660,1675)* [filtered=1812]
cnt=1 s0=fng (4660,1675)* [filtered=1812]
cnt=1 s0=fng (4660,1675)* [filtered=1812]
cnt=1 s0=fng (4660,1675)* [filtered=1812]
cnt=1 s0=fng (4660,1675)* [filtered=1812]
cnt=1 s0=fng (4660,1675)* [filtered=1812]
cnt=1 s0=fng (4660,1675)* [filtered=1812]
cnt=1 s0=fng (4660,1675)* [filtered=1812]
cnt=1 s0=fng (4660,1675)* [filtered=1812]
cnt=1 s0=fng (4660,1675)* [filtered=1812]
cnt=1 s0=fng (4660,1675)* [filtered=1812]
cnt=1 s0=fng (4660,1675)* [filtered=1812]
cnt=1 s0=fng (4660,1675)* [filtered=1812]
cnt=1 s0=fng (4660,1675)* [filtered=1812]
cnt=1 s0=fng (4660,1675)* [filtered=1812]
cnt=1 s0=fng (4660,1675)* [filtered=1812]
cnt=1 s0=fng (4660,1675)* [filtered=1812]
cnt=1 s0=fng (4660,1675)* [filtered=1812]
cnt=1 s0=fng (4660,1675)* [filtered=1812]
cnt=1 s0=fng (4660,1675)* [filtered=1812]
cnt=1 s0=fng (4660,1675)* [filtered=1812]
cnt=1 s0=fng (4660,1675)* [filtered=1812]
cnt=1 s0=fng (4655,1671) [filtered=1812]
cnt=1 s0=fng (4650,1668) [filtered=1812]
cnt=1 s0=fng (4641,1662) [filtered=1812]
cnt=1 s0=fng (4629,1655) [filtered=1812]
cnt=1 s0=fng (4616,1646) [filtered=1812]
cnt=1 s0=fng (4606,1636) [filtered=1812]
cnt=1 s0=fng (4597,1627) [filtered=1812]
cnt=1 s0=fng (4589,1618) [filtered=1812]
cnt=1 s0=fng (4582,1609) [filtered=1812]
cnt=1 s0=fng (4576,1600) [filtered=1812]
cnt=1 s0=fng (4570,1591) [filtered=1812]
cnt=1 s0=fng (4565,1583) [filtered=1812]
cnt=1 s0=fng (4560,1576) [filtered=1812]
cnt=1 s0=fng (4556,1569) [filtered=1812]
cnt=1 s0=fng (4553,1563) [filtered=1812]
cnt=1 s0=fng (4550,1558) [filtered=1812]
cnt=1 s0=fng (4548,1554) [filtered=1812]
cnt=1 s0=fng (4547,1550) [filtered=1812]
cnt=1 s0=fng (4546,1547) [filtered=1812]
cnt=1 s0=fng (4546,1544) [filtered=1812]
cnt=1 s0=fng (4546,1543) [filtered=1812]
cnt=1 s0=fng (4546,1542) [filtered=1812]
cnt=1 s0=fng (4546,1542) [filtered=1812]
cnt=1 s0=fng (4547,1542) [filtered=1812]
cnt=1 s0=fng (4547,1542) [filtered=1812]
cnt=1 s0=fng (4547,1542) [filtered=1812]
cnt=1 s0=fng (4548,1542) [filtered=1812]
cnt=1 s0=fng (4549,1543) [filtered=1812]
cnt=1 s0=fng (4550,1544) [filtered=1812]
cnt=1 s0=fng (4551,1546) [filtered=1812]
cnt=1 s0=fng (4552,1547) [filtered=1812]
cnt=1 s0=fng (4553,1549) [filtered=1812]
cnt=1 s0=fng (4555,1551) [filtered=1812]
cnt=1 s0=fng (4557,1554) [filtered=1812]
cnt=1 s0=fng (4559,1558) [filtered=1812]
cnt=1 s0=fng (4560,1560) [filtered=1812]
cnt=1 s0=fng (4562,1563) [filtered=1812]
cnt=1 s0=fng (4564,1567) [filtered=1812]
cnt=1 s0=fng (4567,1572) [filtered=1812]
cnt=1 s0=fng (4568,1576) [filtered=1812]
cnt=1 s0=fng (4570,1580) [filtered=1812]
cnt=2 s0=PALM(4572,1585) s1=PALM(54,1779) [filtered=1813]
cnt=2 s0=PALM(4574,1590) s1=PALM(54,1778) [filtered=1814]
cnt=2 s0=PALM(4576,1595) s1=PALM(55,1777) [filtered=1815]
cnt=2 s0=PALM(4577,1599) s1=PALM(55,1777) [filtered=1816]
cnt=2 s0=PALM(4579,1603) s1=PALM(56,1776) [filtered=1817]
cnt=2 s0=PALM(4581,1608) s1=PALM(57,1775) [filtered=1818]
cnt=2 s0=PALM(4583,1613) s1=PALM(58,1773) [filtered=1819]
cnt=2 s0=PALM(4584,1617) s1=PALM(58,1772) [filtered=1820]
cnt=2 s0=PALM(4585,1620) s1=PALM(61,1769) [filtered=1821]
cnt=2 s0=PALM(4586,1623) s1=PALM(65,1764) [filtered=1822]
cnt=2 s0=PALM(4587,1627) s1=PALM(72,1758) [filtered=1823]
cnt=2 s0=PALM(4588,1631) s1=PALM(80,1750) [filtered=1824]
cnt=2 s0=PALM(4589,1634) s1=PALM(87,1743) [filtered=1825]
cnt=2 s0=PALM(4590,1636) s1=PALM(94,1736) [filtered=1826]
cnt=2 s0=PALM(4591,1639) s1=PALM(102,1729) [filtered=1827]
cnt=2 s0=PALM(4591,1641) s1=PALM(111,1721) [filtered=1828]
cnt=2 s0=PALM(4592,1643) s1=PALM(121,1712) [filtered=1829]
cnt=2 s0=PALM(4592,1644) s1=PALM(131,1703) [filtered=1830]
cnt=2 s0=PALM(4592,1646) s1=PALM(142,1694) [filtered=1831]
cnt=2 s0=PALM(4593,1648) s1=PALM(153,1684) [filtered=1832]
cnt=2 s0=PALM(4594,1650) s1=PALM(162,1674) [filtered=1833]
cnt=2 s0=PALM(4594,1651) s1=PALM(170,1665) [filtered=1834]
cnt=2 s0=PALM(4594,1653) s1=PALM(177,1655) [filtered=1835]
cnt=2 s0=PALM(4595,1655) s1=PALM(182,1646) [filtered=1836]
cnt=2 s0=PALM(4595,1657) s1=PALM(187,1637) [filtered=1837]
cnt=1 s0=fng (4596,1659) [filtered=1837]
cnt=1 s0=fng (4596,1662) [filtered=1837]
cnt=1 s0=fng (4596,1663) [filtered=1837]
cnt=1 s0=fng (4597,1665) [filtered=1837]
cnt=1 s0=fng (4597,1668) [filtered=1837]
cnt=1 s0=fng (4597,1670) [filtered=1837]
cnt=1 s0=fng (4597,1673) [filtered=1837]
cnt=1 s0=fng (4597,1674) [filtered=1837]
cnt=1 s0=fng (4597,1676) [filtered=1837]
cnt=1 s0=fng (4597,1678)* [filtered=1837]
cnt=1 s0=fng (4597,1679)* [filtered=1837]
cnt=1 s0=fng (4597,1680)* [filtered=1837]
cnt=1 s0=fng (4598,1681)* [filtered=1837]
cnt=1 s0=fng (4599,1682)* [filtered=1837]
cnt=1 s0=fng (4599,1683)* [filtered=1837]
cnt=1 s0=fng (4599,1684)* [filtered=1837]
cnt=1 s0=fng (4599,1684)* [filtered=1837]
cnt=1 s0=fng (4600,1685)* [filtered=1837]
cnt=1 s0=fng (4600,1685)* [filtered=1837]
cnt=1 s0=fng (4600,1685)* [filtered=1837]
cnt=1 s0=fng (4600,1685)* [filtered=1837]
cnt=1 s0=fng (4600,1685)* [filtered=1837]
cnt=1 s0=fng (4600,1685)* [filtered=1837]
cnt=1 s0=fng (4600,1684)* [filtered=1837]
cnt=1 s0=fng (4600,1683)* [filtered=1837]
cnt=1 s0=fng (4600,1683)* [filtered=1837]
cnt=1 s0=fng (4600,1682)* [filtered=1837]
cnt=1 s0=fng (4600,1681)* [filtered=1837]
cnt=1 s0=fng (4600,1679)* [filtered=1837]
cnt=1 s0=fng (4600,1677)* [filtered=1837]
cnt=1 s0=fng (4600,1676)* [filtered=1837]
cnt=1 s0=fng (4600,1674)* [filtered=1837]
cnt=1 s0=fng (4600,1671)* [filtered=1837]
cnt=1 s0=fng (4600,1669)* [filtered=1837]
cnt=1 s0=fng (4600,1668)* [filtered=1837]
cnt=1 s0=fng (4600,1665)* [filtered=1837]
cnt=1 s0=fng (4600,1662)* [filtered=1837]
cnt=1 s0=fng (4600,1659)* [filtered=1837]
cnt=1 s0=fng (4600,1656)* [filtered=1837]
cnt=1 s0=fng (4600,1654)* [filtered=1837]
cnt=1 s0=fng (4600,1652)* [filtered=1837]
cnt=1 s0=fng (4600,1649)* [filtered=1837]
cnt=1 s0=fng (4600,1647)* [filtered=1837]
cnt=1 s0=fng (4600,1645)* [filtered=1837]
cnt=1 s0=fng (4600,1644)* [filtered=1837]
cnt=1 s0=fng (4601,1643)* [filtered=1837]
cnt=1 s0=fng (4602,1641)* [filtered=1837]
cnt=1 s0=fng (4603,1640)* [filtered=1837]
cnt=1 s0=fng (4604,1639)* [filtered=1837]
cnt=1 s0=fng (4605,1638)* [filtered=1837]
cnt=1 s0=fng (4606,1637)* [filtered=1837]
cnt=1 s0=fng (4607,1637)* [filtered=1837]
cnt=1 s0=fng (4608,1637)* [filtered=1837]
cnt=1 s0=fng (4608,1637)* [filtered=1837]
cnt=1 s0=fng (4608,1637)* [filtered=1837]
cnt=1 s0=fng (4609,1637)* [filtered=1837]
cnt=1 s0=fng (4610,1637)* [filtered=1837]
cnt=1 s0=fng (4611,1637)* [filtered=1837]
cnt=1 s0=fng (4612,1637)* [filtered=1837]
cnt=1 s0=fng (4613,1637)* [filtered=1837]
cnt=1 s0=fng (4614,1638)* [filtered=1837]
cnt=1 s0=fng (4615,1639)* [filtered=1837]
cnt=1 s0=fng (4616,1640)* [filtered=1837]
cnt=1 s0=fng (4616,1641)* [filtered=1837]
cnt=1 s0=fng (4617,1643)* [filtered=1837]
cnt=1 s0=fng (4619,1645) [filtered=1837]
cnt=1 s0=fng (4621,1648) [filtered=1837]
cnt=1 s0=fng (4624,1651) [filtered=1837]
cnt=1 s0=fng (4625,1653) [filtered=1837]
cnt=1 s0=fng (4628,1657) [filtered=1837]
cnt=1 s0=fng (4631,1661) [filtered=1837]
cnt=1 s0=fng (4634,1665) [filtered=1837]
cnt=1 s0=fng (4637,1671) [filtered=1837]
cnt=1 s0=fng (4639,1675) [filtered=1837]
cnt=1 s0=fng (4642,1680) [filtered=1837]
cnt=1 s0=fng (4645,1685) [filtered=1837]
cnt=1 s0=fng (4648,1690) [filtered=1837]
cnt=1 s0=fng (4651,1695) [filtered=1837]
cnt=1 s0=fng (4653,1700) [filtered=1837]
cnt=1 s0=fng (4656,1705) [filtered=1837]
cnt=1 s0=fng (4659,1710) [filtered=1837]
cnt=1 s0=fng (4662,1715) [filtered=1837]
cnt=1 s0=fng (4664,1719) [filtered=1837]
cnt=1 s0=fng (4666,1724) [filtered=1837]
cnt=1 s0=fng (4668,1728) [filtered=1837]
cnt=1 s0=fng (4670,1732) [filtered=1837]
cnt=1 s0=fng (4672,1736) [filtered=1837]
cnt=1 s0=fng (4673,1739) [filtered=1837]
cnt=1 s0=fng (4675,1742) [filtered=1837]
cnt=1 s0=fng (4676,1744) [filtered=1837]
cnt=1 s0=fng (4678,1745) [filtered=1837]
cnt=1 s0=fng (4679,1747) [filtered=1837]
cnt=1 s0=fng (4680,1748) [filtered=1837]
cnt=1 s0=fng (4681,1749) [filtered=1837]
cnt=1 s0=fng (4682,1751) [filtered=1837]
cnt=1 s0=fng (4683,1752) [filtered=1837]
cnt=1 s0=fng (4684,1753) [filtered=1837]
cnt=1 s0=fng (4685,1754) [filtered=1837]
cnt=1 s0=fng (4686,1754) [filtered=1837]
cnt=1 s0=fng (4687,1754) [filtered=1837]
cnt=1 s0=fng (4688,1754) [filtered=1837]
cnt=1 s0=fng (4689,1754) [filtered=1837]
cnt=1 s0=fng (4690,1753) [filtered=1837]
cnt=1 s0=fng (4691,1752) [filtered=1837]
cnt=1 s0=fng (4692,1752) [filtered=1837]
cnt=1 s0=fng (4693,1751) [filtered=1837]
cnt=1 s0=fng (4694,1751) [filtered=1837]
cnt=1 s0=fng (4695,1751) [filtered=1837]
cnt=1 s0=fng (4696,1750)* [filtered=1837]
cnt=1 s0=fng (4697,1749)* [filtered=1837]
cnt=1 s0=fng (4698,1748)* [filtered=1837]
cnt=1 s0=fng (4698,1747)* [filtered=1837]
cnt=1 s0=fng (4699,1746)* [filtered=1837]
cnt=1 s0=fng (4699,1745)* [filtered=1837]
cnt=1 s0=fng (4699,1744)* [filtered=1837]
cnt=1 s0=fng (4699,1743)* [filtered=1837]
cnt=1 s0=fng (4699,1742)* [filtered=1837]
cnt=1 s0=fng (4699,1741)* [filtered=1837]
cnt=1 s0=fng (4699,1739)* [filtered=1837]
cnt=1 s0=fng (4699,1737)* [filtered=1837]
cnt=1 s0=fng (4699,1736)* [filtered=1837]
cnt=1 s0=fng (4698,1734)* [filtered=1837]
cnt=1 s0=fng (4697,1732)* [filtered=1837]
cnt=1 s0=fng (4696,1730)* [filtered=1837]
cnt=1 s0=fng (4694,1728) [filtered=1837]
cnt=1 s0=fng (4693,1727) [filtered=1837]
cnt=1 s0=fng (4691,1725) [filtered=1837]
cnt=1 s0=fng (4689,1724) [filtered=1837]
cnt=1 s0=fng (4688,1722) [filtered=1837]
cnt=1 s0=fng (4687,1721) [filtered=1837]
cnt=1 s1=fng (4654,1695) [filtered=1837]
cnt=2 s0=PALM(64,2028) s1=PALM(4654,1695) [filtered=1838]
cnt=2 s0=PALM(64,2028) s1=PALM(4653,1694) [filtered=1839]
cnt=2 s0=PALM(64,2028) s1=PALM(4652,1693) [filtered=1840]
cnt=2 s0=PALM(64,2028) s1=PALM(4652,1693) [filtered=1841]
cnt=2 s0=PALM(64,2028) s1=PALM(4651,1692) [filtered=1842]
cnt=2 s0=PALM(65,2028) s1=PALM(4650,1691) [filtered=1843]
cnt=2 s0=PALM(66,2028) s1=PALM(4649,1690) [filtered=1844]
cnt=2 s0=PALM(67,2028) s1=PALM(4649,1690) [filtered=1845]
cnt=2 s0=PALM(68,2028) s1=PALM(4648,1690) [filtered=1846]
cnt=2 s0=PALM(69,2028) s1=PALM(4647,1689) [filtered=1847]
cnt=2 s0=PALM(70,2029) s1=PALM(4646,1689) [filtered=1848]
cnt=2 s0=PALM(71,2029) s1=PALM(4645,1688) [filtered=1849]
cnt=2 s0=PALM(72,2029) s1=PALM(4644,1688) [filtered=1850]
cnt=2 s0=PALM(72,2030) s1=PALM(4644,1687) [filtered=1851]
cnt=2 s0=PALM(72,2030) s1=PALM(4643,1687) [filtered=1852]
cnt=2 s0=PALM(72,2031) s1=PALM(4642,1686) [filtered=1853]
cnt=2 s0=PALM(72,2032) s1=PALM(4641,1686) [filtered=1854]
cnt=2 s0=PALM(72,2033) s1=PALM(4641,1686) [filtered=1855]
cnt=2 s0=PALM(72,2034) s1=PALM(4640,1685) [filtered=1856]
cnt=2 s0=PALM(72,2034) s1=PALM(4639,1684)* [filtered=1857]
cnt=2 s0=PALM(72,2035)* s1=PALM(4638,1683)* [filtered=1858]
cnt=2 s0=PALM(72,2036)* s1=PALM(4637,1683)* [filtered=1859]
cnt=2 s0=PALM(72,2037)* s1=PALM(4636,1682)* [filtered=1860]
cnt=2 s0=PALM(72,2038)* s1=PALM(4635,1681)* [filtered=1861]
cnt=2 s0=PALM(72,2038)* s1=PALM(4633,1680)* [filtered=1862]
cnt=2 s0=PALM(72,2039)* s1=PALM(4631,1678) [filtered=1863]
cnt=2 s0=PALM(72,2039)* s1=PALM(4630,1677) [filtered=1864]
cnt=2 s0=PALM(71,2040)* s1=PALM(4628,1676) [filtered=1865]
cnt=2 s0=PALM(70,2041)* s1=PALM(4626,1675) [filtered=1866]
cnt=2 s0=PALM(69,2041)* s1=PALM(4624,1673) [filtered=1867]
cnt=2 s0=PALM(68,2042)* s1=PALM(4622,1671) [filtered=1868]
cnt=2 s0=PALM(68,2042)* s1=PALM(4621,1670) [filtered=1869]
cnt=2 s0=PALM(68,2042)* s1=PALM(4619,1669) [filtered=1870]
cnt=2 s0=PALM(67,2042)* s1=PALM(4617,1668) [filtered=1871]
cnt=2 s0=PALM(67,2042)* s1=PALM(4615,1666) [filtered=1872]
cnt=2 s0=PALM(67,2042)* s1=PALM(4614,1665) [filtered=1873]
cnt=2 s0=PALM(67,2042)* s1=PALM(4613,1664) [filtered=1874]
cnt=2 s0=PALM(66,2042)* s1=PALM(4611,1662) [filtered=1875]
cnt=2 s0=PALM(65,2042)* s1=PALM(4609,1661) [filtered=1876]
cnt=2 s0=PALM(64,2042)* s1=PALM(4606,1659) [filtered=1877]
cnt=2 s0=PALM(64,2042)* s1=PALM(4605,1658) [filtered=1878]
cnt=2 s0=PALM(63,2041)* s1=PALM(4602,1657) [filtered=1879]
cnt=2 s0=PALM(63,2041)* s1=PALM(4600,1655) [filtered=1880]
cnt=2 s0=PALM(63,2041)* s1=PALM(4598,1653) [filtered=1881]
cnt=2 s0=PALM(63,2040)* s1=PALM(4597,1651) [filtered=1882]
cnt=2 s0=PALM(63,2040)* s1=PALM(4596,1650) [filtered=1883]
cnt=2 s0=PALM(63,2040)* s1=PALM(4595,1649) [filtered=1884]
cnt=2 s0=PALM(63,2040)* s1=PALM(4594,1648) [filtered=1885]
cnt=2 s0=PALM(63,2039)* s1=PALM(4594,1647) [filtered=1886]
cnt=2 s0=PALM(63,2039)* s1=PALM(4594,1647) [filtered=1887]
cnt=2 s0=PALM(62,2039)* s1=PALM(4593,1646) [filtered=1888]
cnt=2 s0=PALM(61,2039)* s1=PALM(4592,1646) [filtered=1889]
cnt=2 s0=PALM(60,2039)* s1=PALM(4592,1645) [filtered=1890]
cnt=2 s0=PALM(59,2039)* s1=PALM(4591,1645) [filtered=1891]
cnt=2 s0=PALM(58,2039)* s1=PALM(4591,1645) [filtered=1892]
cnt=2 s0=PALM(57,2038)* s1=PALM(4591,1645) [filtered=1893]
cnt=2 s0=PALM(56,2038)* s1=PALM(4590,1645) [filtered=1894]
cnt=2 s0=PALM(55,2038)* s1=PALM(4590,1644) [filtered=1895]
cnt=2 s0=PALM(54,2038)* s1=PALM(4590,1644) [filtered=1896]
cnt=2 s0=PALM(54,2038)* s1=PALM(4590,1644) [filtered=1897]
cnt=2 s0=PALM(53,2038)* s1=PALM(4590,1644) [filtered=1898]
cnt=2 s0=PALM(52,2038)* s1=PALM(4589,1644) [filtered=1899]
cnt=2 s0=PALM(51,2038)* s1=PALM(4588,1644) [filtered=1900]
cnt=2 s0=PALM(51,2038)* s1=PALM(4588,1644)* [filtered=1901]
cnt=2 s0=PALM(51,2038)* s1=PALM(4588,1644)* [filtered=1902]
cnt=2 s0=PALM(51,2038)* s1=PALM(4588,1644)* [filtered=1903]
cnt=2 s0=PALM(51,2038)* s1=PALM(4588,1644)* [filtered=1904]
cnt=2 s0=PALM(51,2038)* s1=PALM(4588,1644)* [filtered=1905]
cnt=2 s0=PALM(51,2038)* s1=PALM(4588,1644)* [filtered=1906]
cnt=2 s0=PALM(50,2038)* s1=PALM(4588,1644)* [filtered=1907]
cnt=2 s0=PALM(49,2037)* s1=PALM(4588,1645)* [filtered=1908]
cnt=2 s0=PALM(49,2037)* s1=PALM(4588,1645)* [filtered=1909]
cnt=2 s0=PALM(48,2037)* s1=PALM(4589,1646)* [filtered=1910]
cnt=2 s0=PALM(48,2037)* s1=PALM(4589,1646)* [filtered=1911]
cnt=2 s0=PALM(47,2037)* s1=PALM(4590,1646)* [filtered=1912]
cnt=2 s0=PALM(46,2037)* s1=PALM(4590,1647)* [filtered=1913]
cnt=1 s1=fng (4590,1648)* [filtered=1913]
cnt=1 s1=fng (4590,1648)* [filtered=1913]
cnt=1 s1=fng (4590,1648)* [filtered=1913]
cnt=1 s1=fng (4590,1648)* [filtered=1913]
cnt=1 s1=fng (4590,1648)* [filtered=1913]
cnt=1 s1=fng (4590,1648)* [filtered=1913]
cnt=1 s1=fng (4590,1648)* [filtered=1913]
cnt=1 s1=fng (4590,1648)* [filtered=1913]
cnt=1 s1=fng (4590,1648)* [filtered=1913]
cnt=1 s1=fng (4590,1648)* [filtered=1913]
cnt=1 s1=fng (4590,1648)* [filtered=1913]
cnt=1 s1=fng (4590,1648)* [filtered=1913]
cnt=1 s1=fng (4590,1648)* [filtered=1913]
cnt=1 s1=fng (4590,1648)* [filtered=1913]
cnt=1 s1=fng (4590,1648)* [filtered=1913]
cnt=1 s1=fng (4590,1648)* [filtered=1913]
cnt=1 s1=fng (4590,1648)* [filtered=1913]
cnt=1 s1=fng (4590,1648)* [filtered=1913]
cnt=1 s1=fng (4590,1648)* [filtered=1913]
cnt=1 s1=fng (4590,1648)* [filtered=1913]
cnt=1 s1=fng (4591,1648)* [filtered=1913]
cnt=1 s1=fng (4591,1648)* [filtered=1913]
cnt=1 s1=fng (4591,1648)* [filtered=1913]
cnt=1 s1=fng (4592,1649)* [filtered=1913]
cnt=1 s1=fng (4592,1649)* [filtered=1913]
cnt=1 s1=fng (4592,1649)* [filtered=1913]
cnt=1 s1=fng (4593,1650)* [filtered=1913]
cnt=1 s1=fng (4594,1651)* [filtered=1913]
cnt=1 s1=fng (4595,1652)* [filtered=1913]
cnt=1 s1=fng (4596,1653)* [filtered=1913]
cnt=1 s1=fng (4596,1654)* [filtered=1913]
cnt=1 s1=fng (4597,1655)* [filtered=1913]
cnt=1 s1=fng (4599,1657) [filtered=1913]
cnt=1 s1=fng (4601,1659) [filtered=1913]
cnt=1 s1=fng (4604,1662) [filtered=1913]
cnt=1 s1=fng (4606,1663) [filtered=1913]
cnt=1 s1=fng (4610,1665) [filtered=1913]
cnt=1 s1=fng (4614,1668) [filtered=1913]
cnt=1 s1=fng (4619,1671) [filtered=1913]
cnt=1 s1=fng (4624,1675) [filtered=1913]
cnt=1 s1=fng (4628,1677) [filtered=1913]
cnt=1 s1=fng (4632,1680) [filtered=1913]
cnt=1 s1=fng (4637,1683) [filtered=1913]
cnt=1 s1=fng (4641,1686) [filtered=1913]
cnt=1 s1=fng (4645,1689) [filtered=1913]
cnt=1 s1=fng (4648,1690) [filtered=1913]
cnt=1 s1=fng (4650,1692) [filtered=1913]
cnt=1 s1=fng (4653,1695) [filtered=1913]
cnt=1 s1=fng (4656,1697) [filtered=1913]
cnt=1 s1=fng (4658,1697) [filtered=1913]
cnt=1 s1=fng (4659,1699) [filtered=1913]
cnt=1 s1=fng (4660,1701) [filtered=1913]
cnt=1 s1=fng (4662,1702) [filtered=1913]
cnt=1 s1=fng (4664,1703) [filtered=1913]
cnt=1 s1=fng (4665,1704) [filtered=1913]
cnt=1 s1=fng (4667,1705) [filtered=1913]
cnt=1 s1=fng (4668,1706) [filtered=1913]
cnt=1 s1=fng (4669,1707) [filtered=1913]
cnt=1 s1=fng (4670,1708) [filtered=1913]
cnt=1 s1=fng (4671,1708) [filtered=1913]
cnt=1 s1=fng (4673,1709) [filtered=1913]
cnt=1 s1=fng (4675,1709) [filtered=1913]
cnt=1 s1=fng (4676,1710) [filtered=1913]
cnt=1 s1=fng (4677,1710) [filtered=1913]
cnt=1 s1=fng (4678,1710) [filtered=1913]
cnt=1 s1=fng (4679,1711) [filtered=1913]
cnt=1 s1=fng (4680,1712) [filtered=1913]
cnt=1 s1=fng (4681,1712) [filtered=1913]
cnt=1 s1=fng (4681,1712)* [filtered=1913]
cnt=1 s1=fng (4682,1712)* [filtered=1913]
cnt=1 s1=fng (4683,1711)* [filtered=1913]
cnt=1 s1=fng (4683,1710)* [filtered=1913]
cnt=1 s1=fng (4683,1709)* [filtered=1913]
cnt=1 s1=fng (4683,1709)* [filtered=1913]
cnt=1 s1=fng (4683,1708)* [filtered=1913]
cnt=1 s1=fng (4682,1706)* [filtered=1913]
cnt=1 s1=fng (4681,1704)* [filtered=1913]
cnt=1 s1=fng (4680,1703)* [filtered=1913]
cnt=1 s1=fng (4679,1701)* [filtered=1913]
cnt=1 s1=fng (4677,1699) [filtered=1913]
cnt=1 s1=fng (4675,1696) [filtered=1913]
cnt=1 s1=fng (4673,1693) [filtered=1913]
cnt=1 s1=fng (4672,1692) [filtered=1913]
cnt=1 s1=fng (4670,1690) [filtered=1913]
cnt=1 s1=fng (4668,1687) [filtered=1913]
cnt=1 s1=fng (4667,1685) [filtered=1913]
cnt=1 s1=fng (4666,1683) [filtered=1913]
cnt=1 s1=fng (4665,1682) [filtered=1913]
cnt=1 s1=fng (4665,1681) [filtered=1913]
cnt=1 s1=fng (4665,1680) [filtered=1913]
cnt=1 s1=fng (4665,1679) [filtered=1913]
cnt=1 s1=fng (4666,1679) [filtered=1913]
cnt=1 s1=fng (4666,1679) [filtered=1913]
cnt=1 s1=fng (4667,1680) [filtered=1913]
cnt=1 s1=fng (4668,1681) [filtered=1913]
cnt=1 s1=fng (4669,1682) [filtered=1913]
cnt=1 s1=fng (4670,1682) [filtered=1913]
cnt=1 s1=fng (4671,1683) [filtered=1913]
cnt=1 s1=fng (4673,1685) [filtered=1913]
cnt=1 s1=fng (4675,1687) [filtered=1913]
cnt=1 s1=fng (4677,1689) [filtered=1913]
cnt=1 s1=fng (4678,1690) [filtered=1913]
cnt=1 s1=fng (4680,1692) [filtered=1913]
cnt=1 s1=fng (4682,1694) [filtered=1913]
cnt=1 s1=fng (4684,1696) [filtered=1913]
cnt=1 s1=fng (4686,1698) [filtered=1913]
cnt=1 s1=fng (4687,1699) [filtered=1913]
cnt=1 s1=fng (4688,1701) [filtered=1913]
cnt=1 s1=fng (4689,1703) [filtered=1913]
cnt=1 s1=fng (4691,1705) [filtered=1913]
cnt=1 s1=fng (4692,1706) [filtered=1913]
cnt=1 s1=fng (4694,1708) [filtered=1913]
cnt=1 s1=fng (4695,1710) [filtered=1913]
cnt=1 s1=fng (4696,1712) [filtered=1913]
cnt=1 s1=fng (4697,1713) [filtered=1913]
cnt=1 s1=fng (4698,1714) [filtered=1913]
cnt=1 s1=fng (4699,1715) [filtered=1913]
cnt=1 s1=fng (4700,1716) [filtered=1913]
cnt=1 s1=fng (4701,1717) [filtered=1913]
cnt=1 s1=fng (4701,1717) [filtered=1913]
cnt=1 s1=fng (4701,1717) [filtered=1913]
cnt=1 s1=fng (4701,1717) [filtered=1913]
cnt=1 s1=fng (4701,1717) [filtered=1913]
cnt=1 s1=fng (4700,1717) [filtered=1913]
cnt=1 s1=fng (4699,1717) [filtered=1913]
cnt=1 s1=fng (4698,1717) [filtered=1913]
cnt=1 s1=fng (4697,1716) [filtered=1913]
cnt=1 s1=fng (4695,1715) [filtered=1913]
cnt=1 s1=fng (4693,1714) [filtered=1913]
cnt=1 s1=fng (4692,1713) [filtered=1913]
cnt=1 s1=fng (4690,1712) [filtered=1913]
cnt=1 s1=fng (4688,1710) [filtered=1913]
cnt=1 s1=fng (4685,1709) [filtered=1913]
cnt=1 s1=fng (4682,1707) [filtered=1913]
cnt=1 s1=fng (4681,1706) [filtered=1913]
cnt=1 s1=fng (4679,1705) [filtered=1913]
cnt=1 s1=fng (4678,1704) [filtered=1913]
cnt=1 s1=fng (4677,1703) [filtered=1913]
cnt=1 s1=fng (4676,1703) [filtered=1913]
cnt=1 s1=fng (4676,1703) [filtered=1913]
cnt=1 s1=fng (4676,1703) [filtered=1913]
cnt=1 s1=fng (4676,1703) [filtered=1913]
cnt=1 s1=fng (4676,1704) [filtered=1913]
cnt=1 s1=fng (4677,1705) [filtered=1913]
cnt=1 s1=fng (4677,1706) [filtered=1913]
cnt=1 s1=fng (4678,1708) [filtered=1913]
cnt=1 s1=fng (4679,1710) [filtered=1913]
cnt=1 s1=fng (4681,1712) [filtered=1913]
cnt=1 s1=fng (4682,1713) [filtered=1913]
cnt=1 s1=fng (4684,1715) [filtered=1913]
cnt=1 s1=fng (4686,1717) [filtered=1913]
cnt=1 s1=fng (4688,1720) [filtered=1913]
cnt=1 s1=fng (4690,1723) [filtered=1913]
cnt=1 s1=fng (4691,1724) [filtered=1913]
cnt=1 s1=fng (4693,1726) [filtered=1913]
cnt=1 s1=fng (4695,1729) [filtered=1913]
cnt=1 s1=fng (4697,1731) [filtered=1913]
cnt=1 s1=fng (4698,1734) [filtered=1913]
cnt=1 s1=fng (4699,1735) [filtered=1913]
cnt=1 s1=fng (4700,1737) [filtered=1913]
cnt=1 s1=fng (4701,1740) [filtered=1913]
cnt=1 s1=fng (4702,1742) [filtered=1913]
cnt=1 s1=fng (4703,1743) [filtered=1913]
cnt=1 s1=fng (4704,1745) [filtered=1913]
cnt=1 s1=fng (4705,1747) [filtered=1913]
cnt=1 s1=fng (4706,1748) [filtered=1913]
cnt=1 s1=fng (4707,1749) [filtered=1913]
cnt=1 s1=fng (4707,1750) [filtered=1913]
cnt=1 s1=fng (4708,1751) [filtered=1913]
cnt=1 s1=fng (4709,1752) [filtered=1913]
cnt=1 s0=fng (4762,1704) [filtered=1913]
cnt=1 s0=fng (4762,1704) [filtered=1913]
cnt=1 s0=fng (4762,1704) [filtered=1913]
cnt=1 s0=fng (4762,1704) [filtered=1913]
cnt=1 s0=fng (4762,1704) [filtered=1913]
cnt=1 s0=fng (4762,1704) [filtered=1913]
cnt=1 s0=fng (4762,1704) [filtered=1913]
cnt=1 s0=fng (4762,1704) [filtered=1913]
cnt=1 s0=fng (4762,1704) [filtered=1913]
cnt=1 s0=fng (4762,1704) [filtered=1913]
cnt=1 s0=fng (4762,1704) [filtered=1913]
cnt=1 s0=fng (4762,1704) [filtered=1913]
cnt=1 s0=fng (4762,1704) [filtered=1913]
cnt=1 s0=fng (4762,1704) [filtered=1913]
cnt=1 s0=fng (4762,1704) [filtered=1913]
cnt=1 s0=fng (4762,1704) [filtered=1913]
cnt=1 s0=fng (4762,1704) [filtered=1913]
cnt=1 s0=fng (4762,1704) [filtered=1913]
cnt=1 s0=fng (4762,1704) [filtered=1913]
cnt=1 s0=fng (4762,1704) [filtered=1913]
cnt=1 s0=fng (4762,1704)* [filtered=1913]
cnt=1 s0=fng (4762,1704)* [filtered=1913]
cnt=1 s0=fng (4762,1704)* [filtered=1913]
cnt=1 s0=fng (4762,1704)* [filtered=1913]
cnt=1 s0=fng (4762,1704)* [filtered=1913]
cnt=1 s0=fng (4761,1704)* [filtered=1913]
cnt=1 s0=fng (4760,1703)* [filtered=1913]
cnt=1 s0=fng (4759,1703)* [filtered=1913]
cnt=1 s0=fng (4758,1702)* [filtered=1913]
cnt=1 s0=fng (4758,1702)* [filtered=1913]
cnt=1 s0=fng (4757,1702)* [filtered=1913]
cnt=1 s0=fng (4757,1702)* [filtered=1913]
cnt=1 s0=fng (4757,1702)* [filtered=1913]
cnt=1 s0=fng (4757,1702)* [filtered=1913]
cnt=1 s0=fng (4757,1702)* [filtered=1913]
cnt=1 s0=fng (4757,1702)* [filtered=1913]
cnt=1 s0=fng (4757,1702)* [filtered=1913]
cnt=1 s0=fng (4757,1702)* [filtered=1913]
cnt=1 s0=fng (4757,1702)* [filtered=1913]
cnt=1 s0=fng (4757,1702)* [filtered=1913]
cnt=1 s0=fng (4757,1703)* [filtered=1913]
cnt=1 s0=fng (4757,1704)* [filtered=1913]
cnt=1 s0=fng (4757,1705)* [filtered=1913]
cnt=1 s0=fng (4757,1706)* [filtered=1913]
cnt=1 s0=fng (4757,1706)* [filtered=1913]
cnt=1 s0=fng (4747,1743) [filtered=1913]
cnt=1 s0=fng (4747,1743) [filtered=1913]
cnt=1 s0=fng (4747,1742) [filtered=1913]
cnt=1 s0=fng (4746,1741) [filtered=1913]
cnt=1 s0=fng (4745,1740) [filtered=1913]
cnt=1 s0=fng (4745,1740) [filtered=1913]
cnt=1 s0=fng (4744,1739) [filtered=1913]
cnt=1 s0=fng (4742,1738) [filtered=1913]
cnt=1 s0=fng (4741,1737) [filtered=1913]
cnt=1 s0=fng (4740,1735) [filtered=1913]
cnt=1 s0=fng (4739,1734) [filtered=1913]
cnt=1 s0=fng (4738,1733) [filtered=1913]
cnt=1 s0=fng (4737,1732) [filtered=1913]
cnt=1 s0=fng (4736,1731) [filtered=1913]
cnt=1 s0=fng (4736,1730) [filtered=1913]
cnt=1 s0=fng (4736,1729) [filtered=1913]
cnt=1 s0=fng (4736,1728) [filtered=1913]
cnt=1 s0=fng (4736,1727) [filtered=1913]
cnt=1 s0=fng (4736,1726) [filtered=1913]
cnt=1 s0=fng (4736,1725) [filtered=1913]
cnt=1 s0=fng (4736,1725)* [filtered=1913]
cnt=1 s0=fng (4736,1725)* [filtered=1913]
cnt=1 s0=fng (4736,1724)* [filtered=1913]
cnt=1 s0=fng (4736,1724)* [filtered=1913]
cnt=1 s0=fng (4736,1723)* [filtered=1913]
cnt=1 s0=fng (4736,1723)* [filtered=1913]
cnt=1 s0=fng (4736,1723)* [filtered=1913]
cnt=1 s0=fng (4736,1722)* [filtered=1913]
cnt=1 s0=fng (4736,1720)* [filtered=1913]
cnt=1 s0=fng (4736,1719)* [filtered=1913]
cnt=1 s0=fng (4735,1717)* [filtered=1913]
cnt=1 s0=fng (4734,1715)* [filtered=1913]
cnt=1 s0=fng (4732,1712) [filtered=1913]
cnt=1 s0=fng (4730,1709) [filtered=1913]
cnt=1 s0=fng (4729,1707) [filtered=1913]
cnt=1 s0=fng (4726,1704) [filtered=1913]
cnt=1 s0=fng (4722,1701) [filtered=1913]
cnt=1 s0=fng (4718,1697) [filtered=1913]
cnt=1 s0=fng (4715,1694) [filtered=1913]
cnt=1 s0=fng (4711,1690) [filtered=1913]
cnt=1 s0=fng (4706,1685) [filtered=1913]
cnt=1 s0=fng (4701,1680) [filtered=1913]
cnt=1 s0=fng (4696,1674) [filtered=1913]
cnt=1 s0=fng (4692,1669) [filtered=1913]
cnt=1 s0=fng (4688,1663) [filtered=1913]
cnt=1 s0=fng (4683,1656) [filtered=1913]
cnt=1 s0=fng (4678,1649) [filtered=1913]
cnt=1 s0=fng (4674,1643) [filtered=1913]
cnt=1 s0=fng (4669,1636) [filtered=1913]
cnt=1 s0=fng (4664,1629) [filtered=1913]
cnt=1 s0=fng (4659,1622) [filtered=1913]
cnt=1 s0=fng (4653,1615) [filtered=1913]
cnt=1 s0=fng (4649,1609) [filtered=1913]
cnt=1 s0=fng (4644,1603) [filtered=1913]
cnt=1 s0=fng (4640,1598) [filtered=1913]
cnt=1 s0=fng (4636,1593) [filtered=1913]
cnt=1 s0=fng (4634,1589) [filtered=1913]
cnt=1 s0=fng (4632,1586) [filtered=1913]
cnt=1 s0=fng (4631,1583) [filtered=1913]
cnt=1 s0=fng (4630,1581) [filtered=1913]
cnt=1 s0=fng (4629,1581) [filtered=1913]
cnt=1 s0=fng (4628,1580) [filtered=1913]
cnt=1 s0=fng (4628,1580) [filtered=1913]
cnt=1 s0=fng (4628,1580) [filtered=1913]
cnt=1 s0=fng (4628,1580) [filtered=1913]
cnt=1 s0=fng (4628,1581) [filtered=1913]
cnt=1 s0=fng (4628,1581) [filtered=1913]
cnt=1 s0=fng (4628,1582) [filtered=1913]
cnt=1 s0=fng (4628,1583) [filtered=1913]
cnt=1 s0=fng (4629,1585) [filtered=1913]
cnt=1 s0=fng (4630,1587) [filtered=1913]
cnt=1 s0=fng (4631,1588) [filtered=1913]
cnt=1 s0=fng (4632,1590) [filtered=1913]
cnt=1 s0=fng (4633,1593) [filtered=1913]
cnt=1 s0=fng (4634,1596) [filtered=1913]
cnt=1 s0=fng (4635,1599) [filtered=1913]
cnt=1 s0=fng (4635,1601) [filtered=1913]
cnt=1 s0=fng (4636,1605) [filtered=1913]
cnt=1 s0=fng (4638,1609) [filtered=1913]
cnt=1 s0=fng (4640,1613) [filtered=1913]
cnt=1 s0=fng (4642,1618) [filtered=1913]
cnt=1 s0=fng (4643,1622) [filtered=1913]
cnt=1 s0=fng (4645,1626) [filtered=1913]
cnt=1 s0=fng (4647,1631) [filtered=1913]
cnt=1 s0=fng (4649,1636) [filtered=1913]
cnt=1 s0=fng (4650,1641) [filtered=1913]
cnt=1 s0=fng (4651,1645) [filtered=1913]
cnt=1 s0=fng (4652,1648) [filtered=1913]
cnt=1 s0=fng (4653,1651) [filtered=1913]
cnt=2 s0=PALM(4654,1654) s1=fng (1315,29) [filtered=1914]
cnt=2 s0=PALM(4654,1657) s1=fng (1315,29) [filtered=1915]
cnt=2 s0=PALM(4656,1661) s1=fng (1315,29) [filtered=1916]
cnt=2 s0=PALM(4659,1666) s1=fng (1315,29) [filtered=1917]
cnt=2 s0=PALM(4662,1671) s1=fng (1315,29) [filtered=1918]
cnt=2 s0=PALM(4665,1676) s1=fng (1315,29) [filtered=1919]
cnt=2 s0=PALM(4667,1681) s1=fng (1315,29) [filtered=1920]
cnt=2 s0=PALM(4670,1686) s1=fng (1315,29) [filtered=1921]
cnt=2 s0=PALM(4674,1691) s1=fng (1315,29) [filtered=1922]
cnt=2 s0=PALM(4678,1696) s1=fng (1315,29) [filtered=1923]
cnt=2 s0=PALM(4681,1700) s1=fng (1315,29) [filtered=1924]
cnt=2 s0=PALM(4686,1705) s1=fng (1315,29) [filtered=1925]
cnt=2 s0=PALM(4691,1710) s1=fng (1315,29) [filtered=1926]
cnt=2 s0=PALM(4695,1715) s1=fng (1315,29) [filtered=1927]
cnt=2 s0=PALM(4699,1720) s1=fng (1315,29) [filtered=1928]
cnt=2 s0=PALM(4702,1725) s1=fng (1315,29) [filtered=1929]
cnt=1 s0=fng (4704,1730) [filtered=1929]
cnt=1 s0=fng (4706,1735) [filtered=1929]
cnt=1 s0=fng (4709,1740) [filtered=1929]
cnt=1 s0=fng (4762,1663) [filtered=1929]
cnt=1 s0=fng (4762,1663) [filtered=1929]
cnt=1 s0=fng (4762,1662) [filtered=1929]
cnt=1 s0=fng (4762,1661) [filtered=1929]
cnt=1 s0=fng (4762,1661) [filtered=1929]
cnt=1 s0=fng (4762,1660) [filtered=1929]
cnt=1 s0=fng (4762,1660) [filtered=1929]
cnt=1 s0=fng (4762,1713) [filtered=1929]
cnt=1 s0=fng (4762,1713) [filtered=1929]
cnt=1 s0=fng (4762,1713) [filtered=1929]
cnt=1 s0=fng (4762,1713) [filtered=1929]
cnt=1 s0=fng (4762,1713) [filtered=1929]
cnt=1 s0=fng (4762,1712) [filtered=1929]
cnt=1 s0=fng (4762,1712) [filtered=1929]
cnt=1 s0=fng (4762,1712) [filtered=1929]
cnt=1 s0=fng (4762,1711) [filtered=1929]
cnt=1 s0=fng (4762,1710) [filtered=1929]
cnt=1 s0=fng (4762,1710) [filtered=1929]
cnt=1 s0=fng (4762,1710) [filtered=1929]
cnt=1 s0=fng (4762,1710) [filtered=1929]
cnt=1 s0=fng (4762,1710) [filtered=1929]
cnt=1 s0=fng (4762,1710) [filtered=1929]
cnt=1 s0=fng (4762,1710) [filtered=1929]
cnt=1 s0=fng (4762,1710) [filtered=1929]
cnt=1 s0=fng (4762,1710) [filtered=1929]
cnt=1 s0=fng (4762,1710) [filtered=1929]
cnt=1 s0=fng (4762,1710) [filtered=1929]
cnt=1 s0=fng (4762,1710)* [filtered=1929]
cnt=1 s0=fng (4762,1710)* [filtered=1929]
cnt=1 s0=fng (4762,1710)* [filtered=1929]
cnt=1 s0=fng (4762,1710)* [filtered=1929]
cnt=1 s0=fng (4762,1710)* [filtered=1929]
cnt=1 s0=fng (4762,1709)* [filtered=1929]
cnt=1 s0=fng (4762,1709)* [filtered=1929]
cnt=1 s0=fng (4762,1708)* [filtered=1929]
cnt=1 s0=fng (4762,1708)* [filtered=1929]
cnt=1 s0=fng (4762,1708)* [filtered=1929]
cnt=1 s0=fng (4762,1707)* [filtered=1929]
cnt=1 s0=fng (4762,1706)* [filtered=1929]
cnt=1 s0=fng (4762,1706)* [filtered=1929]
cnt=1 s0=fng (4761,1705)* [filtered=1929]
cnt=1 s0=fng (4760,1705)* [filtered=1929]
cnt=1 s0=fng (4759,1704)* [filtered=1929]
cnt=1 s0=fng (4758,1703)* [filtered=1929]
cnt=1 s0=fng (4757,1702)* [filtered=1929]
cnt=1 s0=fng (4756,1701)* [filtered=1929]
cnt=1 s0=fng (4756,1700)* [filtered=1929]
cnt=1 s0=fng (4755,1699)* [filtered=1929]
cnt=1 s0=fng (4754,1698)* [filtered=1929]
cnt=1 s0=fng (4753,1697)* [filtered=1929]
cnt=1 s0=fng (4752,1697)* [filtered=1929]
cnt=1 s0=fng (4751,1696)* [filtered=1929]
cnt=1 s0=fng (4750,1695)* [filtered=1929]
cnt=1 s0=fng (4749,1694)* [filtered=1929]
cnt=1 s0=fng (4748,1693)* [filtered=1929]
cnt=1 s0=fng (4748,1692)* [filtered=1929]
cnt=1 s0=fng (4747,1691)* [filtered=1929]
cnt=1 s0=fng (4746,1691)* [filtered=1929]
cnt=1 s0=fng (4745,1690)* [filtered=1929]
cnt=1 s0=fng (4744,1690)* [filtered=1929]
cnt=1 s0=fng (4743,1690)* [filtered=1929]
cnt=1 s0=fng (4742,1689)* [filtered=1929]
cnt=1 s0=fng (4741,1689)* [filtered=1929]
cnt=1 s0=fng (4740,1688)* [filtered=1929]
cnt=1 s0=fng (4740,1688)* [filtered=1929]
cnt=1 s0=fng (4739,1687)* [filtered=1929]
cnt=1 s0=fng (4738,1686)* [filtered=1929]
cnt=1 s0=fng (4737,1685)* [filtered=1929]
cnt=1 s0=fng (4735,1684)* [filtered=1929]
cnt=1 s0=fng (4734,1684)* [filtered=1929]
cnt=1 s0=fng (4732,1683)* [filtered=1929]
cnt=1 s0=fng (4730,1681) [filtered=1929]
cnt=1 s0=fng (4728,1680) [filtered=1929]
cnt=1 s0=fng (4726,1678) [filtered=1929]
cnt=1 s0=fng (4725,1677) [filtered=1929]
cnt=1 s0=fng (4723,1675) [filtered=1929]
cnt=1 s0=fng (4721,1673) [filtered=1929]
cnt=1 s0=fng (4719,1670) [filtered=1929]
cnt=1 s0=fng (4717,1667) [filtered=1929]
cnt=1 s0=fng (4716,1665) [filtered=1929]
cnt=1 s0=fng (4715,1662) [filtered=1929]
cnt=1 s0=fng (4714,1659) [filtered=1929]
cnt=1 s0=fng (4713,1656) [filtered=1929]
cnt=1 s0=fng (4713,1654) [filtered=1929]
cnt=1 s0=fng (4713,1650) [filtered=1929]
cnt=1 s0=fng (4713,1646) [filtered=1929]
cnt=1 s0=fng (4713,1642) [filtered=1929]
cnt=1 s0=fng (4713,1638) [filtered=1929]
cnt=1 s0=fng (4713,1635) [filtered=1929]
cnt=1 s0=fng (4713,1633) [filtered=1929]
cnt=1 s0=fng (4713,1630) [filtered=1929]
cnt=1 s0=fng (4713,1627) [filtered=1929]
cnt=1 s0=fng (4713,1624) [filtered=1929]
cnt=1 s0=fng (4713,1622) [filtered=1929]
cnt=1 s0=fng (4713,1621) [filtered=1929]
cnt=1 s0=fng (4713,1620) [filtered=1929]
cnt=1 s0=fng (4713,1620) [filtered=1929]
cnt=1 s0=fng (4713,1620) [filtered=1929]
cnt=1 s0=fng (4713,1620) [filtered=1929]
cnt=1 s0=fng (4713,1620) [filtered=1929]
cnt=1 s0=fng (4714,1620) [filtered=1929]
cnt=1 s0=fng (4714,1621) [filtered=1929]
cnt=1 s0=fng (4714,1621) [filtered=1929]
cnt=1 s0=fng (4714,1622) [filtered=1929]
cnt=1 s0=fng (4714,1623) [filtered=1929]
cnt=1 s0=fng (4714,1624) [filtered=1929]
cnt=1 s0=fng (4714,1625) [filtered=1929]
cnt=1 s0=fng (4714,1626)* [filtered=1929]
cnt=1 s0=fng (4714,1627)* [filtered=1929]
cnt=1 s0=fng (4714,1628)* [filtered=1929]
cnt=1 s0=fng (4714,1629)* [filtered=1929]
cnt=1 s0=fng (4714,1630)* [filtered=1929]
cnt=1 s0=fng (4714,1631)* [filtered=1929]
cnt=1 s0=fng (4714,1632)* [filtered=1929]
cnt=1 s0=fng (4714,1633)* [filtered=1929]
cnt=1 s0=fng (4714,1634)* [filtered=1929]
cnt=1 s0=fng (4714,1635)* [filtered=1929]
cnt=1 s0=fng (4714,1636)* [filtered=1929]
cnt=1 s0=fng (4714,1637)* [filtered=1929]
cnt=1 s0=fng (4715,1638)* [filtered=1929]
cnt=1 s0=fng (4716,1639)* [filtered=1929]
cnt=1 s0=fng (4716,1640)* [filtered=1929]
cnt=1 s0=fng (4717,1641)* [filtered=1929]
cnt=1 s0=fng (4718,1642)* [filtered=1929]
cnt=1 s0=fng (4719,1644)* [filtered=1929]
cnt=1 s0=fng (4721,1646) [filtered=1929]
cnt=1 s0=fng (4722,1647) [filtered=1929]
cnt=1 s0=fng (4723,1648) [filtered=1929]
cnt=1 s0=fng (4725,1650) [filtered=1929]
cnt=1 s0=fng (4727,1652) [filtered=1929]
cnt=1 s0=fng (4729,1655) [filtered=1929]
cnt=1 s0=fng (4730,1656) [filtered=1929]
cnt=1 s0=fng (4732,1658) [filtered=1929]
cnt=1 s0=fng (4734,1661) [filtered=1929]
cnt=1 s0=fng (4736,1663) [filtered=1929]
cnt=1 s0=fng (4737,1664) [filtered=1929]
cnt=1 s0=fng (4739,1666) [filtered=1929]
cnt=1 s0=fng (4741,1669) [filtered=1929]
cnt=1 s0=fng (4743,1672) [filtered=1929]
cnt=1 s0=fng (4745,1674) [filtered=1929]
cnt=1 s0=fng (4746,1675) [filtered=1929]
cnt=1 s0=fng (4747,1677) [filtered=1929]
cnt=1 s0=fng (4748,1679) [filtered=1929]
cnt=1 s0=fng (4749,1681) [filtered=1929]
cnt=1 s0=fng (4750,1684) [filtered=1929]
cnt=1 s0=fng (4750,1685) [filtered=1929]
cnt=1 s0=fng (4751,1687) [filtered=1929]
cnt=1 s0=fng (4752,1690) [filtered=1929]
cnt=1 s0=fng (4753,1693) [filtered=1929]
cnt=1 s0=fng (4754,1695) [filtered=1929]
cnt=1 s0=fng (4755,1698) [filtered=1929]
cnt=1 s0=fng (4756,1701) [filtered=1929]
cnt=1 s0=fng (4762,1777) [filtered=1929]
cnt=1 s0=fng (4762,1777) [filtered=1929]
cnt=1 s0=fng (4762,1777) [filtered=1929]
cnt=1 s0=fng (4762,1777) [filtered=1929]
cnt=1 s0=fng (4762,1776) [filtered=1929]
cnt=1 s0=fng (4762,1776) [filtered=1929]
cnt=1 s0=fng (4762,1775) [filtered=1929]
cnt=1 s0=fng (4762,1775) [filtered=1929]
cnt=1 s0=fng (4762,1774) [filtered=1929]
cnt=1 s0=fng (4762,1774) [filtered=1929]
cnt=1 s0=fng (4762,1773) [filtered=1929]
cnt=1 s0=fng (4762,1773) [filtered=1929]
cnt=1 s0=fng (4762,1773) [filtered=1929]
cnt=1 s0=fng (4762,1772) [filtered=1929]
cnt=1 s0=fng (4762,1772) [filtered=1929]
cnt=1 s0=fng (4762,1771) [filtered=1929]
cnt=1 s0=fng (4762,1770) [filtered=1929]
cnt=1 s0=fng (4762,1770) [filtered=1929]
cnt=1 s0=fng (4762,1769) [filtered=1929]
cnt=1 s0=fng (4762,1769) [filtered=1929]
cnt=1 s0=fng (4762,1761) [filtered=1929]
cnt=1 s0=fng (4762,1761) [filtered=1929]
cnt=1 s0=fng (4762,1761) [filtered=1929]
cnt=1 s0=fng (4762,1761) [filtered=1929]
cnt=1 s0=fng (4762,1761) [filtered=1929]
cnt=1 s0=fng (4762,1761) [filtered=1929]
cnt=1 s0=fng (4762,1761) [filtered=1929]
cnt=1 s0=fng (4762,1761) [filtered=1929]
cnt=1 s0=fng (4762,1761) [filtered=1929]
cnt=1 s0=fng (4762,1761) [filtered=1929]
cnt=1 s0=fng (4762,1761) [filtered=1929]
cnt=1 s0=fng (4762,1761) [filtered=1929]
cnt=1 s0=fng (4762,1761) [filtered=1929]
cnt=1 s0=fng (4762,1761) [filtered=1929]
cnt=1 s0=fng (4762,1761) [filtered=1929]
cnt=1 s0=fng (4762,1761) [filtered=1929]
cnt=1 s0=fng (4762,1761) [filtered=1929]
cnt=1 s0=fng (4762,1761) [filtered=1929]
cnt=1 s0=fng (4762,1761) [filtered=1929]
cnt=1 s0=fng (4762,1761) [filtered=1929]
cnt=1 s0=fng (4762,1761)* [filtered=1929]
cnt=1 s0=fng (4762,1761)* [filtered=1929]
cnt=1 s0=fng (4762,1760)* [filtered=1929]
cnt=1 s0=fng (4762,1759)* [filtered=1929]
cnt=1 s0=fng (4762,1759)* [filtered=1929]
cnt=1 s0=fng (4762,1759)* [filtered=1929]
cnt=1 s0=fng (4762,1758)* [filtered=1929]
cnt=1 s0=fng (4762,1757)* [filtered=1929]
cnt=1 s0=fng (4762,1756)* [filtered=1929]
cnt=1 s0=fng (4762,1755)* [filtered=1929]
cnt=1 s0=fng (4762,1754)* [filtered=1929]
cnt=1 s0=fng (4762,1752)* [filtered=1929]
cnt=1 s0=fng (4762,1751)* [filtered=1929]
cnt=1 s0=fng (4762,1749)* [filtered=1929]
cnt=1 s0=fng (4762,1748)* [filtered=1929]
cnt=1 s0=fng (4762,1747)* [filtered=1929]
cnt=1 s0=fng (4761,1745)* [filtered=1929]
cnt=1 s0=fng (4759,1743) [filtered=1929]
cnt=1 s0=fng (4757,1741) [filtered=1929]
cnt=1 s0=fng (4756,1740) [filtered=1929]
cnt=1 s0=fng (4755,1738) [filtered=1929]
cnt=1 s0=fng (4753,1736) [filtered=1929]
cnt=1 s0=fng (4751,1734) [filtered=1929]
cnt=1 s0=fng (4750,1733) [filtered=1929]
cnt=1 s0=fng (4748,1731) [filtered=1929]
cnt=1 s0=fng (4746,1728) [filtered=1929]
cnt=1 s0=fng (4743,1725) [filtered=1929]
cnt=1 s0=fng (4740,1722) [filtered=1929]
cnt=1 s0=fng (4738,1721) [filtered=1929]
cnt=1 s0=fng (4735,1719) [filtered=1929]
cnt=1 s0=fng (4732,1716) [filtered=1929]
cnt=1 s0=fng (4729,1714) [filtered=1929]
cnt=1 s0=fng (4726,1711) [filtered=1929]
cnt=1 s0=fng (4724,1710) [filtered=1929]
cnt=1 s0=fng (4722,1708) [filtered=1929]
cnt=1 s0=fng (4719,1705) [filtered=1929]
cnt=1 s0=fng (4716,1703) [filtered=1929]
cnt=1 s0=fng (4714,1702) [filtered=1929]
cnt=1 s0=fng (4712,1700) [filtered=1929]
cnt=1 s0=fng (4709,1698) [filtered=1929]
cnt=1 s0=fng (4706,1696) [filtered=1929]
cnt=1 s0=fng (4704,1694) [filtered=1929]
cnt=1 s0=fng (4703,1693) [filtered=1929]
cnt=1 s0=fng (4701,1691) [filtered=1929]
cnt=1 s0=fng (4699,1689) [filtered=1929]
cnt=1 s0=fng (4697,1687) [filtered=1929]
cnt=1 s0=fng (4695,1685) [filtered=1929]
cnt=1 s0=fng (4694,1684) [filtered=1929]
cnt=1 s0=fng (4692,1682) [filtered=1929]
cnt=1 s0=fng (4690,1680) [filtered=1929]
cnt=1 s0=fng (4688,1678) [filtered=1929]
cnt=1 s0=fng (4687,1677) [filtered=1929]
cnt=1 s0=fng (4685,1675) [filtered=1929]
cnt=1 s0=fng (4683,1673) [filtered=1929]
cnt=1 s0=fng (4681,1671) [filtered=1929]
cnt=1 s0=fng (4679,1669) [filtered=1929]
cnt=1 s0=fng (4678,1668) [filtered=1929]
cnt=1 s0=fng (4676,1667) [filtered=1929]
cnt=1 s0=fng (4675,1665) [filtered=1929]
cnt=1 s0=fng (4673,1664) [filtered=1929]
cnt=1 s0=fng (4672,1662) [filtered=1929]
cnt=1 s0=fng (4671,1661) [filtered=1929]
cnt=1 s0=fng (4670,1660) [filtered=1929]
cnt=1 s0=fng (4669,1659) [filtered=1929]
cnt=1 s0=fng (4668,1658) [filtered=1929]
cnt=1 s0=fng (4668,1657) [filtered=1929]
cnt=1 s0=fng (4667,1656) [filtered=1929]
cnt=1 s0=fng (4666,1655) [filtered=1929]
cnt=1 s0=fng (4665,1654) [filtered=1929]
cnt=1 s0=fng (4665,1653) [filtered=1929]
cnt=1 s0=fng (4665,1653) [filtered=1929]
cnt=1 s0=fng (4665,1653) [filtered=1929]
cnt=1 s0=fng (4665,1652) [filtered=1929]
cnt=1 s0=fng (4665,1652) [filtered=1929]
cnt=1 s0=fng (4665,1651) [filtered=1929]
cnt=1 s0=fng (4665,1651)* [filtered=1929]
cnt=1 s0=fng (4665,1651)* [filtered=1929]
cnt=1 s0=fng (4665,1651)* [filtered=1929]
cnt=1 s0=fng (4665,1651)* [filtered=1929]
cnt=1 s0=fng (4665,1651)* [filtered=1929]
cnt=1 s0=fng (4665,1651)* [filtered=1929]
cnt=1 s0=fng (4665,1651)* [filtered=1929]
cnt=1 s0=fng (4665,1651)* [filtered=1929]
cnt=1 s0=fng (4665,1651)* [filtered=1929]
cnt=1 s0=fng (4665,1651)* [filtered=1929]
cnt=1 s0=fng (4665,1651)* [filtered=1929]
cnt=1 s0=fng (4665,1651)* [filtered=1929]
cnt=1 s0=fng (4665,1651)* [filtered=1929]
cnt=1 s0=fng (4665,1651)* [filtered=1929]
cnt=1 s0=fng (4665,1651)* [filtered=1929]
cnt=1 s0=fng (4665,1651)* [filtered=1929]
cnt=1 s0=fng (4665,1651)* [filtered=1929]
cnt=1 s0=fng (4665,1651)* [filtered=1929]
cnt=1 s0=fng (4665,1651)* [filtered=1929]
cnt=1 s0=fng (4665,1651)* [filtered=1929]
cnt=1 s0=fng (4665,1651)* [filtered=1929]
cnt=1 s0=fng (4665,1651)* [filtered=1929]
cnt=1 s0=fng (4665,1651)* [filtered=1929]
cnt=1 s0=fng (4665,1651)* [filtered=1929]
cnt=1 s0=fng (4665,1651)* [filtered=1929]
cnt=1 s0=fng (4665,1651)* [filtered=1929]
cnt=1 s0=fng (4665,1651)* [filtered=1929]
cnt=1 s0=fng (4665,1651)* [filtered=1929]
cnt=1 s0=fng (4665,1651)* [filtered=1929]
cnt=1 s0=fng (4665,1651)* [filtered=1929]
cnt=1 s0=fng (4665,1651)* [filtered=1929]
cnt=1 s0=fng (4665,1651)* [filtered=1929]
cnt=1 s0=fng (4665,1651)* [filtered=1929]
cnt=1 s0=fng (4665,1651)* [filtered=1929]
cnt=1 s0=fng (4665,1651)* [filtered=1929]
cnt=1 s0=fng (4665,1651)* [filtered=1929]
cnt=1 s0=fng (4665,1651)* [filtered=1929]
cnt=1 s0=fng (4664,1651)* [filtered=1929]
cnt=1 s0=fng (4663,1651)* [filtered=1929]
cnt=1 s0=fng (4663,1651)* [filtered=1929]
cnt=1 s0=fng (4662,1651)* [filtered=1929]
cnt=1 s0=fng (4661,1651)* [filtered=1929]
cnt=1 s0=fng (4661,1651)* [filtered=1929]
cnt=1 s0=fng (4661,1651)* [filtered=1929]
cnt=1 s0=fng (4661,1651)* [filtered=1929]
cnt=1 s0=fng (4660,1651)* [filtered=1929]
cnt=1 s0=fng (4660,1651)* [filtered=1929]
cnt=1 s0=fng (4660,1651)* [filtered=1929]
cnt=1 s0=fng (4660,1651)* [filtered=1929]
cnt=1 s0=fng (4660,1651)* [filtered=1929]
cnt=1 s0=fng (4660,1651)* [filtered=1929]
cnt=1 s0=fng (4660,1651)* [filtered=1929]
cnt=1 s0=fng (4660,1651)* [filtered=1929]
cnt=1 s0=fng (4660,1651)* [filtered=1929]
cnt=1 s0=fng (4660,1651)* [filtered=1929]
cnt=1 s0=fng (4660,1651)* [filtered=1929]
cnt=1 s0=fng (4660,1651)* [filtered=1929]
cnt=1 s0=fng (4660,1651)* [filtered=1929]
cnt=1 s0=fng (4660,1651)* [filtered=1929]
cnt=1 s0=fng (4660,1651)* [filtered=1929]
cnt=1 s0=fng (4660,1651)* [filtered=1929]
cnt=1 s0=fng (4660,1651)* [filtered=1929]
cnt=1 s0=fng (4660,1651)* [filtered=1929]
cnt=1 s0=fng (4660,1650)* [filtered=1929]
cnt=1 s0=fng (4660,1650)* [filtered=1929]
cnt=1 s0=fng (4660,1649)* [filtered=1929]
cnt=1 s0=fng (4660,1649)* [filtered=1929]
cnt=1 s0=fng (4660,1649)* [filtered=1929]
cnt=1 s0=fng (4660,1648)* [filtered=1929]
cnt=1 s0=fng (4660,1648)* [filtered=1929]
cnt=1 s0=fng (4660,1648)* [filtered=1929]
cnt=1 s0=fng (4660,1648)* [filtered=1929]
cnt=1 s0=fng (4660,1648)* [filtered=1929]
cnt=1 s0=fng (4660,1648)* [filtered=1929]
cnt=1 s0=fng (4660,1648)* [filtered=1929]
cnt=1 s0=fng (4660,1648)* [filtered=1929]
cnt=1 s0=fng (4660,1648)* [filtered=1929]
cnt=1 s0=fng (4660,1648)* [filtered=1929]
cnt=1 s0=fng (4660,1648)* [filtered=1929]
cnt=1 s0=fng (4660,1648)* [filtered=1929]
cnt=1 s0=fng (4660,1648)* [filtered=1929]
cnt=1 s0=fng (4660,1648)* [filtered=1929]
cnt=1 s0=fng (4660,1648)* [filtered=1929]
cnt=1 s0=fng (4660,1648)* [filtered=1929]
cnt=1 s0=fng (4660,1648)* [filtered=1929]
cnt=1 s0=fng (4660,1648)* [filtered=1929]
cnt=1 s0=fng (4660,1648)* [filtered=1929]
cnt=1 s0=fng (4660,1648)* [filtered=1929]
cnt=1 s0=fng (4660,1649)* [filtered=1929]
cnt=1 s0=fng (4660,1649)* [filtered=1929]
cnt=1 s0=fng (4660,1649)* [filtered=1929]
cnt=1 s0=fng (4660,1650)* [filtered=1929]
cnt=1 s0=fng (4660,1650)* [filtered=1929]
cnt=1 s0=fng (4660,1651)* [filtered=1929]
cnt=1 s0=fng (4660,1652)* [filtered=1929]
cnt=1 s0=fng (4660,1652)* [filtered=1929]
cnt=1 s0=fng (4660,1653)* [filtered=1929]
cnt=1 s0=fng (4660,1653)* [filtered=1929]
cnt=1 s0=fng (4660,1654)* [filtered=1929]
cnt=1 s0=fng (4660,1654)* [filtered=1929]
cnt=1 s0=fng (4660,1654)* [filtered=1929]
cnt=1 s0=fng (4660,1655)* [filtered=1929]
cnt=1 s0=fng (4660,1656)* [filtered=1929]
cnt=1 s0=fng (4660,1656)* [filtered=1929]
cnt=1 s0=fng (4660,1656)* [filtered=1929]
cnt=1 s0=fng (4660,1656)* [filtered=1929]
cnt=1 s0=fng (4660,1656)* [filtered=1929]
cnt=1 s0=fng (4660,1656)* [filtered=1929]
cnt=1 s0=fng (4660,1656)* [filtered=1929]
cnt=1 s0=fng (4660,1656)* [filtered=1929]
cnt=2 s0=PALM(4660,1656)* s1=fng (1280,40) [filtered=1930]
cnt=2 s0=PALM(4659,1656)* s1=fng (1280,40) [filtered=1931]
cnt=2 s0=PALM(4658,1656)* s1=fng (1280,40) [filtered=1932]
cnt=2 s0=PALM(4657,1656)* s1=fng (1280,40) [filtered=1933]
cnt=2 s0=PALM(4656,1656)* s1=fng (1280,40) [filtered=1934]
cnt=2 s0=PALM(4655,1656)* s1=fng (1280,40) [filtered=1935]
cnt=2 s0=PALM(4654,1656)* s1=fng (1280,40) [filtered=1936]
cnt=2 s0=PALM(4653,1656)* s1=fng (1280,40) [filtered=1937]
cnt=2 s0=PALM(4652,1656)* s1=fng (1280,40) [filtered=1938]
cnt=2 s0=PALM(4651,1656)* s1=fng (1280,41) [filtered=1939]
cnt=2 s0=PALM(4651,1656)* s1=fng (1280,41) [filtered=1940]
cnt=2 s0=PALM(4651,1656)* s1=fng (1280,41) [filtered=1941]
cnt=2 s0=PALM(4651,1656)* s1=fng (1280,41) [filtered=1942]
cnt=2 s0=PALM(4651,1656)* s1=fng (1280,41) [filtered=1943]
cnt=2 s0=PALM(4651,1656)* s1=fng (1280,41) [filtered=1944]
cnt=2 s0=PALM(4651,1656)* s1=fng (1280,41) [filtered=1945]
cnt=2 s0=PALM(4651,1656)* s1=fng (1280,41) [filtered=1946]
cnt=2 s0=PALM(4651,1656)* s1=fng (1280,41) [filtered=1947]
cnt=2 s0=PALM(4651,1656)* s1=fng (1280,42) [filtered=1948]
cnt=2 s0=PALM(4651,1656)* s1=fng (1279,42) [filtered=1949]
cnt=2 s0=PALM(4651,1656)* s1=PALM(1278,42)* [filtered=1950]
cnt=2 s0=PALM(4651,1656)* s1=PALM(1278,42)* [filtered=1951]
cnt=2 s0=PALM(4651,1656)* s1=PALM(1278,42)* [filtered=1952]
cnt=1 s0=fng (4651,1656)* [filtered=1952]
cnt=1 s0=fng (4651,1656)* [filtered=1952]
cnt=1 s0=fng (4651,1656)* [filtered=1952]
cnt=1 s0=fng (4651,1656)* [filtered=1952]
cnt=1 s0=fng (4651,1656)* [filtered=1952]
cnt=1 s0=fng (4651,1656)* [filtered=1952]
cnt=1 s0=fng (4651,1656)* [filtered=1952]
cnt=1 s0=fng (4651,1656)* [filtered=1952]
cnt=1 s0=fng (4651,1656)* [filtered=1952]
cnt=1 s0=fng (4651,1656)* [filtered=1952]
cnt=1 s0=fng (4651,1656)* [filtered=1952]
cnt=1 s0=fng (4651,1656)* [filtered=1952]
cnt=1 s0=fng (4651,1656)* [filtered=1952]
cnt=1 s0=fng (4651,1656)* [filtered=1952]
cnt=1 s0=fng (4651,1656)* [filtered=1952]
cnt=1 s0=fng (4651,1656)* [filtered=1952]
cnt=1 s0=fng (4650,1655)* [filtered=1952]
cnt=1 s0=fng (4650,1654)* [filtered=1952]
cnt=1 s0=fng (4650,1654)* [filtered=1952]
cnt=1 s0=fng (4650,1654)* [filtered=1952]
cnt=1 s0=fng (4649,1653)* [filtered=1952]
cnt=1 s0=fng (4648,1653)* [filtered=1952]
cnt=1 s0=fng (4648,1652)* [filtered=1952]
cnt=1 s0=fng (4648,1652)* [filtered=1952]
cnt=1 s0=fng (4648,1652)* [filtered=1952]
cnt=1 s0=fng (4648,1651)* [filtered=1952]
cnt=1 s0=fng (4648,1650)* [filtered=1952]
cnt=1 s0=fng (4648,1650)* [filtered=1952]
cnt=1 s0=fng (4648,1650)* [filtered=1952]
cnt=1 s0=fng (4647,1650)* [filtered=1952]
cnt=1 s0=fng (4647,1650)* [filtered=1952]
cnt=1 s0=fng (4647,1650)* [filtered=1952]
cnt=1 s0=fng (4647,1650)* [filtered=1952]
cnt=1 s0=fng (4647,1650)* [filtered=1952]
cnt=1 s0=fng (4647,1650)* [filtered=1952]
cnt=1 s0=fng (4647,1650)* [filtered=1952]
cnt=1 s0=fng (4647,1650)* [filtered=1952]
cnt=1 s0=fng (4647,1650)* [filtered=1952]
cnt=1 s0=fng (4647,1650)* [filtered=1952]
cnt=1 s0=fng (4647,1650)* [filtered=1952]
cnt=1 s0=fng (4647,1650)* [filtered=1952]
cnt=1 s0=fng (4647,1650)* [filtered=1952]
cnt=1 s0=fng (4647,1650)* [filtered=1952]
cnt=1 s0=fng (4647,1650)* [filtered=1952]
cnt=1 s0=fng (4646,1650)* [filtered=1952]
cnt=1 s0=fng (4645,1649)* [filtered=1952]
cnt=1 s0=fng (4644,1649)* [filtered=1952]
cnt=1 s0=fng (4644,1649)* [filtered=1952]
cnt=1 s0=fng (4643,1648)* [filtered=1952]
cnt=1 s0=fng (4643,1648)* [filtered=1952]
cnt=1 s0=fng (4642,1647)* [filtered=1952]
cnt=1 s0=fng (4642,1647)* [filtered=1952]
cnt=1 s0=fng (4641,1646)* [filtered=1952]
cnt=1 s0=fng (4640,1646)* [filtered=1952]
cnt=1 s0=fng (4639,1645)* [filtered=1952]
cnt=1 s0=fng (4638,1645)* [filtered=1952]
cnt=1 s0=fng (4637,1645)* [filtered=1952]
cnt=1 s0=fng (4636,1644)* [filtered=1952]
cnt=1 s0=fng (4635,1644)* [filtered=1952]
cnt=1 s0=fng (4634,1643)* [filtered=1952]
cnt=1 s0=fng (4633,1643)* [filtered=1952]
cnt=1 s0=fng (4633,1643)* [filtered=1952]
cnt=1 s0=fng (4632,1643)* [filtered=1952]
cnt=1 s0=fng (4631,1643)* [filtered=1952]
cnt=1 s0=fng (4630,1643)* [filtered=1952]
cnt=1 s0=fng (4630,1643)* [filtered=1952]
cnt=1 s0=fng (4629,1643)* [filtered=1952]
cnt=1 s0=fng (4628,1643)* [filtered=1952]
cnt=1 s0=fng (4628,1643)* [filtered=1952]
cnt=1 s0=fng (4628,1643)* [filtered=1952]
cnt=1 s0=fng (4628,1643)* [filtered=1952]
cnt=1 s0=fng (4628,1644)* [filtered=1952]
cnt=1 s0=fng (4628,1644)* [filtered=1952]
cnt=1 s0=fng (4628,1645)* [filtered=1952]
cnt=1 s0=fng (4628,1645)* [filtered=1952]
cnt=1 s0=fng (4628,1645)* [filtered=1952]
cnt=1 s0=fng (4628,1646)* [filtered=1952]
cnt=1 s0=fng (4628,1647)* [filtered=1952]
cnt=1 s0=fng (4628,1648)* [filtered=1952]
cnt=1 s0=fng (4628,1649)* [filtered=1952]
cnt=1 s0=fng (4628,1650)* [filtered=1952]
cnt=1 s0=fng (4628,1651)* [filtered=1952]
cnt=1 s0=fng (4628,1652)* [filtered=1952]
cnt=1 s0=fng (4628,1653)* [filtered=1952]
cnt=1 s0=fng (4629,1654)* [filtered=1952]
cnt=1 s0=fng (4630,1655)* [filtered=1952]
cnt=1 s0=fng (4631,1656)* [filtered=1952]
cnt=1 s0=fng (4632,1657)* [filtered=1952]
cnt=1 s0=fng (4633,1658)* [filtered=1952]
cnt=1 s0=fng (4633,1659)* [filtered=1952]
cnt=1 s0=fng (4634,1660)* [filtered=1952]
cnt=1 s0=fng (4635,1661)* [filtered=1952]
cnt=1 s0=fng (4636,1662)* [filtered=1952]
cnt=1 s0=fng (4637,1663)* [filtered=1952]
cnt=1 s0=fng (4637,1663)* [filtered=1952]
cnt=1 s0=fng (4638,1664)* [filtered=1952]
cnt=1 s0=fng (4639,1665)* [filtered=1952]
cnt=1 s0=fng (4640,1666)* [filtered=1952]
cnt=1 s0=fng (4641,1667)* [filtered=1952]
cnt=1 s0=fng (4642,1667)* [filtered=1952]
cnt=1 s0=fng (4643,1667)* [filtered=1952]
cnt=1 s0=fng (4644,1668)* [filtered=1952]
cnt=1 s0=fng (4645,1668)* [filtered=1952]
cnt=1 s0=fng (4645,1668)* [filtered=1952]
cnt=1 s0=fng (4646,1669)* [filtered=1952]
cnt=1 s0=fng (4647,1669)* [filtered=1952]
cnt=1 s0=fng (4648,1670)* [filtered=1952]
cnt=1 s0=fng (4649,1671)* [filtered=1952]
cnt=1 s0=fng (4650,1671)* [filtered=1952]
cnt=1 s0=fng (4651,1671)* [filtered=1952]
cnt=1 s0=fng (4651,1672)* [filtered=1952]
cnt=1 s0=fng (4651,1672)* [filtered=1952]
cnt=1 s0=fng (4652,1673)* [filtered=1952]
cnt=1 s0=fng (4652,1673)* [filtered=1952]
cnt=1 s0=fng (4652,1674)* [filtered=1952]
cnt=1 s0=fng (4652,1674)* [filtered=1952]
cnt=1 s0=fng (4652,1675)* [filtered=1952]
cnt=1 s0=fng (4652,1675)* [filtered=1952]
cnt=1 s0=fng (4652,1675)* [filtered=1952]
cnt=1 s0=fng (4653,1675)* [filtered=1952]
cnt=1 s0=fng (4654,1676)* [filtered=1952]
cnt=1 s0=fng (4655,1676)* [filtered=1952]
cnt=1 s0=fng (4656,1676)* [filtered=1952]
cnt=1 s0=fng (4657,1676)* [filtered=1952]
cnt=1 s0=fng (4658,1676)* [filtered=1952]
cnt=1 s0=fng (4659,1676)* [filtered=1952]
cnt=1 s0=fng (4660,1676)* [filtered=1952]
cnt=1 s0=fng (4660,1676)* [filtered=1952]
cnt=1 s0=fng (4661,1676)* [filtered=1952]
cnt=1 s0=fng (4662,1676)* [filtered=1952]
cnt=1 s0=fng (4663,1676)* [filtered=1952]
cnt=1 s0=fng (4664,1676)* [filtered=1952]
cnt=1 s0=fng (4665,1676)* [filtered=1952]
cnt=1 s0=fng (4666,1676)* [filtered=1952]
cnt=1 s0=fng (4667,1676)* [filtered=1952]
cnt=1 s0=fng (4668,1676)* [filtered=1952]
cnt=1 s0=fng (4670,1676)* [filtered=1952]
cnt=1 s0=fng (4671,1676)* [filtered=1952]
cnt=1 s0=fng (4672,1676)* [filtered=1952]
cnt=1 s0=fng (4673,1676)* [filtered=1952]
cnt=1 s0=fng (4674,1676)* [filtered=1952]
cnt=1 s0=fng (4675,1676)* [filtered=1952]
cnt=1 s0=fng (4676,1676)* [filtered=1952]
cnt=1 s0=fng (4677,1676)* [filtered=1952]
cnt=1 s0=fng (4678,1676)* [filtered=1952]
cnt=1 s0=fng (4678,1676)* [filtered=1952]
cnt=1 s0=fng (4678,1676)* [filtered=1952]
cnt=1 s0=fng (4678,1676)* [filtered=1952]
cnt=1 s0=fng (4678,1676)* [filtered=1952]
cnt=1 s0=fng (4678,1676)* [filtered=1952]
cnt=1 s0=fng (4678,1676)* [filtered=1952]
cnt=1 s0=fng (4678,1676)* [filtered=1952]
cnt=1 s0=fng (4678,1676)* [filtered=1952]
cnt=1 s0=fng (4678,1676)* [filtered=1952]
cnt=1 s0=fng (4678,1676)* [filtered=1952]
cnt=1 s0=fng (4678,1677)* [filtered=1952]
cnt=1 s0=fng (4678,1677)* [filtered=1952]
cnt=1 s0=fng (4677,1678)* [filtered=1952]
cnt=1 s0=fng (4676,1678)* [filtered=1952]
cnt=1 s0=fng (4675,1679)* [filtered=1952]
cnt=1 s0=fng (4675,1679)* [filtered=1952]
cnt=1 s0=fng (4674,1680)* [filtered=1952]
cnt=1 s0=fng (4673,1680)* [filtered=1952]
cnt=1 s0=fng (4672,1681)* [filtered=1952]
cnt=1 s0=fng (4671,1682)* [filtered=1952]
cnt=1 s0=fng (4670,1682)* [filtered=1952]
cnt=1 s0=fng (4669,1682)* [filtered=1952]
cnt=1 s0=fng (4669,1683)* [filtered=1952]
cnt=1 s0=fng (4669,1683)* [filtered=1952]
cnt=1 s0=fng (4669,1683)* [filtered=1952]
cnt=1 s0=fng (4669,1683)* [filtered=1952]
cnt=1 s0=fng (4669,1683)* [filtered=1952]
cnt=1 s0=fng (4669,1683)* [filtered=1952]
cnt=1 s0=fng (4669,1683)* [filtered=1952]
cnt=1 s0=fng (4669,1683)* [filtered=1952]
cnt=1 s0=fng (4669,1683)* [filtered=1952]
cnt=1 s0=fng (4669,1683)* [filtered=1952]
cnt=1 s0=fng (4669,1682)* [filtered=1952]
cnt=1 s0=fng (4669,1681)* [filtered=1952]
cnt=1 s0=fng (4669,1680)* [filtered=1952]
cnt=1 s0=fng (4669,1680)* [filtered=1952]
cnt=1 s0=fng (4669,1679)* [filtered=1952]
cnt=1 s0=fng (4669,1678)* [filtered=1952]
cnt=1 s0=fng (4669,1677)* [filtered=1952]
cnt=1 s0=fng (4669,1676)* [filtered=1952]
cnt=1 s0=fng (4669,1675)* [filtered=1952]
cnt=1 s0=fng (4669,1673)* [filtered=1952]
cnt=1 s0=fng (4669,1672)* [filtered=1952]
cnt=1 s0=fng (4669,1670)* [filtered=1952]
cnt=1 s0=fng (4669,1669)* [filtered=1952]
cnt=1 s0=fng (4669,1668)* [filtered=1952]
cnt=1 s0=fng (4669,1666)* [filtered=1952]
cnt=1 s0=fng (4669,1665)* [filtered=1952]
cnt=1 s0=fng (4669,1663)* [filtered=1952]
cnt=1 s0=fng (4669,1662)* [filtered=1952]
cnt=1 s0=fng (4669,1661)* [filtered=1952]
cnt=1 s0=fng (4669,1660)* [filtered=1952]
cnt=1 s0=fng (4669,1659)* [filtered=1952]
cnt=1 s0=fng (4669,1659)* [filtered=1952]
cnt=1 s0=fng (4669,1658)* [filtered=1952]
cnt=1 s0=fng (4669,1657)* [filtered=1952]
cnt=1 s0=fng (4669,1656)* [filtered=1952]
cnt=1 s0=fng (4669,1655)* [filtered=1952]
cnt=1 s0=fng (4669,1655)* [filtered=1952]
cnt=1 s0=fng (4669,1654)* [filtered=1952]
cnt=1 s0=fng (4669,1654)* [filtered=1952]
cnt=1 s0=fng (4669,1653)* [filtered=1952]
cnt=1 s0=fng (4668,1653)* [filtered=1952]
cnt=1 s0=fng (4668,1653)* [filtered=1952]
cnt=1 s0=fng (4667,1652)* [filtered=1952]
cnt=1 s0=fng (4666,1652)* [filtered=1952]
cnt=1 s0=fng (4666,1651)* [filtered=1952]
cnt=1 s0=fng (4666,1650)* [filtered=1952]
cnt=1 s0=fng (4666,1650)* [filtered=1952]
cnt=1 s0=fng (4666,1650)* [filtered=1952]
cnt=1 s0=fng (4666,1649)* [filtered=1952]
cnt=1 s0=fng (4666,1649)* [filtered=1952]
cnt=1 s0=fng (4666,1649)* [filtered=1952]
cnt=1 s0=fng (4666,1649)* [filtered=1952]
cnt=1 s0=fng (4666,1649)* [filtered=1952]
cnt=1 s0=fng (4666,1649)* [filtered=1952]
cnt=1 s0=fng (4666,1649)* [filtered=1952]
cnt=1 s0=fng (4666,1649)* [filtered=1952]
cnt=1 s0=fng (4666,1649)* [filtered=1952]
cnt=1 s0=fng (4666,1649)* [filtered=1952]
cnt=1 s0=fng (4666,1648)* [filtered=1952]
cnt=1 s0=fng (4666,1648)* [filtered=1952]
cnt=1 s0=fng (4666,1648)* [filtered=1952]
cnt=1 s0=fng (4666,1647)* [filtered=1952]
cnt=1 s0=fng (4666,1646)* [filtered=1952]
cnt=1 s0=fng (4666,1646)* [filtered=1952]
cnt=1 s0=fng (4666,1646)* [filtered=1952]
cnt=1 s0=fng (4666,1646)* [filtered=1952]
cnt=1 s0=fng (4667,1646)* [filtered=1952]
cnt=1 s0=fng (4668,1646)* [filtered=1952]
cnt=1 s0=fng (4669,1646)* [filtered=1952]
cnt=1 s0=fng (4670,1646)* [filtered=1952]
cnt=1 s0=fng (4670,1646)* [filtered=1952]
cnt=1 s0=fng (4671,1646)* [filtered=1952]
cnt=1 s0=fng (4673,1646)* [filtered=1952]
cnt=1 s0=fng (4675,1646)* [filtered=1952]
cnt=1 s0=fng (4676,1646)* [filtered=1952]
cnt=1 s0=fng (4678,1647)* [filtered=1952]
cnt=1 s0=fng (4680,1648)* [filtered=1952]
cnt=1 s0=fng (4682,1649)* [filtered=1952]
cnt=1 s0=fng (4684,1650)* [filtered=1952]
cnt=1 s0=fng (4685,1650)* [filtered=1952]
cnt=1 s0=fng (4686,1651)* [filtered=1952]
cnt=1 s0=fng (4687,1652)* [filtered=1952]
cnt=1 s0=fng (4688,1653)* [filtered=1952]
cnt=1 s0=fng (4689,1654)* [filtered=1952]
cnt=1 s0=fng (4690,1655)* [filtered=1952]
cnt=1 s0=fng (4691,1656)* [filtered=1952]
cnt=1 s0=fng (4692,1658)* [filtered=1952]
cnt=1 s0=fng (4693,1659)* [filtered=1952]
cnt=1 s0=fng (4693,1661)* [filtered=1952]
cnt=1 s0=fng (4693,1662)* [filtered=1952]
cnt=1 s0=fng (4693,1663)* [filtered=1952]
cnt=1 s0=fng (4693,1664)* [filtered=1952]
cnt=1 s0=fng (4693,1666)* [filtered=1952]
cnt=1 s0=fng (4693,1667)* [filtered=1952]
cnt=1 s0=fng (4693,1668)* [filtered=1952]
cnt=1 s0=fng (4693,1669)* [filtered=1952]
cnt=1 s0=fng (4693,1670)* [filtered=1952]
cnt=1 s0=fng (4693,1671)* [filtered=1952]
cnt=1 s0=fng (4693,1672)* [filtered=1952]
cnt=1 s0=fng (4692,1673)* [filtered=1952]
cnt=1 s0=fng (4691,1674)* [filtered=1952]
cnt=1 s0=fng (4690,1675)* [filtered=1952]
cnt=1 s0=fng (4689,1676)* [filtered=1952]
cnt=1 s0=fng (4688,1676)* [filtered=1952]
cnt=1 s0=fng (4687,1676)* [filtered=1952]
cnt=1 s0=fng (4686,1677)* [filtered=1952]
cnt=1 s0=fng (4685,1678)* [filtered=1952]
cnt=1 s0=fng (4684,1678)* [filtered=1952]
cnt=1 s0=fng (4684,1678)* [filtered=1952]
cnt=1 s0=fng (4683,1678)* [filtered=1952]
cnt=1 s0=fng (4682,1678)* [filtered=1952]
cnt=1 s0=fng (4681,1678)* [filtered=1952]
cnt=1 s0=fng (4680,1678)* [filtered=1952]
cnt=1 s0=fng (4679,1678)* [filtered=1952]
cnt=1 s0=fng (4678,1678)* [filtered=1952]
cnt=1 s0=fng (4677,1678)* [filtered=1952]
cnt=1 s0=fng (4676,1678)* [filtered=1952]
cnt=1 s0=fng (4676,1678)* [filtered=1952]
cnt=1 s0=fng (4675,1678)* [filtered=1952]
cnt=1 s0=fng (4674,1678)* [filtered=1952]
cnt=1 s0=fng (4674,1678)* [filtered=1952]
cnt=1 s0=fng (4673,1678)* [filtered=1952]
cnt=1 s0=fng (4672,1678)* [filtered=1952]
cnt=1 s0=fng (4671,1678)* [filtered=1952]
cnt=1 s0=fng (4671,1677)* [filtered=1952]
cnt=1 s0=fng (4670,1676)* [filtered=1952]
cnt=1 s0=fng (4670,1676)* [filtered=1952]
cnt=1 s0=fng (4670,1676)* [filtered=1952]
cnt=1 s0=fng (4670,1675)* [filtered=1952]
cnt=1 s0=fng (4670,1675)* [filtered=1952]
cnt=1 s0=fng (4669,1674)* [filtered=1952]
cnt=1 s0=fng (4669,1674)* [filtered=1952]
cnt=1 s0=fng (4669,1674)* [filtered=1952]
cnt=1 s0=fng (4668,1673)* [filtered=1952]
cnt=1 s0=fng (4668,1672)* [filtered=1952]
cnt=1 s0=fng (4667,1672)* [filtered=1952]
cnt=1 s0=fng (4667,1672)* [filtered=1952]
cnt=1 s0=fng (4666,1671)* [filtered=1952]
cnt=1 s0=fng (4665,1671)* [filtered=1952]
cnt=1 s0=fng (4664,1670)* [filtered=1952]
cnt=1 s0=fng (4663,1669)* [filtered=1952]
cnt=1 s0=fng (4662,1669)* [filtered=1952]
cnt=1 s0=fng (4661,1669)* [filtered=1952]
cnt=1 s0=fng (4660,1668)* [filtered=1952]
cnt=1 s0=fng (4659,1667)* [filtered=1952]
cnt=1 s0=fng (4659,1667)* [filtered=1952]
cnt=1 s0=fng (4658,1666)* [filtered=1952]
cnt=1 s0=fng (4657,1665)* [filtered=1952]
cnt=1 s0=fng (4656,1664)* [filtered=1952]
cnt=1 s0=fng (4655,1663)* [filtered=1952]
cnt=1 s0=fng (4654,1662)* [filtered=1952]
cnt=1 s0=fng (4653,1661)* [filtered=1952]
cnt=1 s0=fng (4652,1660)* [filtered=1952]
cnt=1 s0=fng (4651,1659)* [filtered=1952]
cnt=1 s0=fng (4650,1658)* [filtered=1952]
cnt=1 s0=fng (4650,1658)* [filtered=1952]
cnt=1 s0=fng (4649,1657)* [filtered=1952]
cnt=1 s0=fng (4649,1657)* [filtered=1952]
cnt=1 s0=fng (4649,1656)* [filtered=1952]
cnt=1 s0=fng (4649,1656)* [filtered=1952]
cnt=1 s0=fng (4649,1656)* [filtered=1952]
cnt=1 s0=fng (4649,1656)* [filtered=1952]
cnt=1 s0=fng (4649,1656)* [filtered=1952]
cnt=1 s0=fng (4649,1656)* [filtered=1952]
cnt=1 s0=fng (4649,1656)* [filtered=1952]
cnt=1 s0=fng (4649,1656)* [filtered=1952]
cnt=1 s0=fng (4649,1656)* [filtered=1952]
cnt=1 s0=fng (4649,1656)* [filtered=1952]
cnt=1 s0=fng (4649,1656)* [filtered=1952]
cnt=1 s0=fng (4649,1656)* [filtered=1952]
cnt=1 s0=fng (4649,1657)* [filtered=1952]
cnt=1 s0=fng (4649,1657)* [filtered=1952]
cnt=1 s0=fng (4649,1658)* [filtered=1952]
cnt=1 s0=fng (4649,1659)* [filtered=1952]
cnt=1 s0=fng (4649,1660)* [filtered=1952]
cnt=1 s0=fng (4649,1661)* [filtered=1952]
cnt=1 s0=fng (4649,1662)* [filtered=1952]
cnt=1 s0=fng (4649,1663)* [filtered=1952]
cnt=1 s0=fng (4649,1664)* [filtered=1952]
cnt=1 s0=fng (4649,1665)* [filtered=1952]
cnt=1 s0=fng (4649,1666)* [filtered=1952]
cnt=1 s0=fng (4650,1668)* [filtered=1952]
cnt=1 s0=fng (4651,1670)* [filtered=1952]
cnt=1 s0=fng (4651,1671)* [filtered=1952]
cnt=1 s0=fng (4652,1673)* [filtered=1952]
cnt=1 s0=fng (4653,1675)* [filtered=1952]
cnt=1 s0=fng (4654,1677)* [filtered=1952]
cnt=1 s0=fng (4655,1679)* [filtered=1952]
cnt=1 s0=fng (4656,1680)* [filtered=1952]
cnt=1 s0=fng (4657,1682)* [filtered=1952]
cnt=1 s0=fng (4659,1684) [filtered=1952]
cnt=1 s0=fng (4661,1687) [filtered=1952]
cnt=1 s0=fng (4664,1689) [filtered=1952]
cnt=1 s0=fng (4665,1690) [filtered=1952]
cnt=1 s0=fng (4667,1692) [filtered=1952]
cnt=1 s0=fng (4670,1695) [filtered=1952]
cnt=1 s0=fng (4673,1698) [filtered=1952]
cnt=1 s0=fng (4676,1701) [filtered=1952]
cnt=1 s0=fng (4678,1702) [filtered=1952]
cnt=1 s0=fng (4681,1704) [filtered=1952]
cnt=1 s0=fng (4683,1706) [filtered=1952]
cnt=1 s0=fng (4685,1708) [filtered=1952]
cnt=1 s0=fng (4686,1709) [filtered=1952]
cnt=1 s0=fng (4688,1711) [filtered=1952]
cnt=1 s0=fng (4690,1713) [filtered=1952]
cnt=1 s0=fng (4692,1715) [filtered=1952]
cnt=1 s0=fng (4694,1717) [filtered=1952]
cnt=1 s0=fng (4695,1718) [filtered=1952]
cnt=1 s0=fng (4697,1719) [filtered=1952]
cnt=1 s0=fng (4698,1720) [filtered=1952]
cnt=1 s0=fng (4700,1721) [filtered=1952]
cnt=1 s0=fng (4701,1721) [filtered=1952]
cnt=1 s0=fng (4702,1721) [filtered=1952]
cnt=1 s0=fng (4703,1721) [filtered=1952]
cnt=1 s0=fng (4704,1721) [filtered=1952]
cnt=1 s0=fng (4705,1721) [filtered=1952]
cnt=1 s0=fng (4705,1721) [filtered=1952]
cnt=1 s0=fng (4705,1721) [filtered=1952]
cnt=1 s0=fng (4705,1721) [filtered=1952]
cnt=1 s0=fng (4705,1720) [filtered=1952]
cnt=1 s0=fng (4705,1720) [filtered=1952]
cnt=1 s0=fng (4705,1720) [filtered=1952]
cnt=1 s0=fng (4705,1719) [filtered=1952]
cnt=1 s0=fng (4705,1718) [filtered=1952]
cnt=1 s0=fng (4705,1718) [filtered=1952]
cnt=1 s0=fng (4705,1717) [filtered=1952]
cnt=1 s0=fng (4705,1717)* [filtered=1952]
cnt=1 s0=fng (4705,1717)* [filtered=1952]
cnt=1 s0=fng (4705,1716)* [filtered=1952]
cnt=1 s0=fng (4705,1716)* [filtered=1952]
cnt=1 s0=fng (4705,1715)* [filtered=1952]
cnt=1 s0=fng (4705,1715)* [filtered=1952]
cnt=1 s0=fng (4705,1714)* [filtered=1952]
cnt=1 s0=fng (4705,1714)* [filtered=1952]
cnt=1 s0=fng (4705,1713)* [filtered=1952]
cnt=1 s0=fng (4705,1713)* [filtered=1952]
cnt=1 s0=fng (4705,1713)* [filtered=1952]
cnt=1 s0=fng (4705,1712)* [filtered=1952]
cnt=1 s0=fng (4705,1712)* [filtered=1952]
cnt=1 s0=fng (4705,1711)* [filtered=1952]
cnt=1 s0=fng (4705,1711)* [filtered=1952]
cnt=1 s0=fng (4705,1710)* [filtered=1952]
cnt=1 s0=fng (4705,1709)* [filtered=1952]
cnt=1 s0=fng (4705,1709)* [filtered=1952]
cnt=1 s0=fng (4705,1708)* [filtered=1952]
cnt=1 s0=fng (4705,1708)* [filtered=1952]
cnt=1 s0=fng (4705,1707)* [filtered=1952]
cnt=1 s0=fng (4705,1706)* [filtered=1952]
cnt=1 s0=fng (4705,1705)* [filtered=1952]
cnt=1 s0=fng (4705,1704)* [filtered=1952]
cnt=1 s0=fng (4705,1703)* [filtered=1952]
cnt=1 s0=fng (4705,1702)* [filtered=1952]
cnt=1 s0=fng (4705,1701)* [filtered=1952]
cnt=1 s0=fng (4704,1700)* [filtered=1952]
cnt=1 s0=fng (4704,1699)* [filtered=1952]
cnt=1 s0=fng (4703,1698)* [filtered=1952]
cnt=1 s0=fng (4702,1697)* [filtered=1952]
cnt=1 s0=fng (4701,1696)* [filtered=1952]
cnt=1 s0=fng (4700,1695)* [filtered=1952]
cnt=1 s0=fng (4699,1695)* [filtered=1952]
cnt=1 s0=fng (4698,1694)* [filtered=1952]
cnt=1 s0=fng (4697,1693)* [filtered=1952]
cnt=1 s0=fng (4696,1692)* [filtered=1952]
cnt=1 s0=fng (4696,1691)* [filtered=1952]
cnt=1 s0=fng (4695,1691)* [filtered=1952]
cnt=1 s0=fng (4694,1690)* [filtered=1952]
cnt=1 s0=fng (4694,1690)* [filtered=1952]
cnt=1 s0=fng (4694,1689)* [filtered=1952]
cnt=1 s0=fng (4694,1689)* [filtered=1952]
cnt=1 s0=fng (4694,1689)* [filtered=1952]
cnt=1 s0=fng (4694,1689)* [filtered=1952]
cnt=1 s0=fng (4694,1689)* [filtered=1952]
cnt=1 s0=fng (4694,1689)* [filtered=1952]
cnt=1 s0=fng (4694,1689)* [filtered=1952]
cnt=1 s0=fng (4694,1689)* [filtered=1952]
cnt=1 s0=fng (4694,1689)* [filtered=1952]
cnt=1 s0=fng (4694,1689)* [filtered=1952]
cnt=1 s0=fng (4694,1689)* [filtered=1952]
cnt=1 s0=fng (4694,1689)* [filtered=1952]
cnt=1 s0=fng (4694,1689)* [filtered=1952]
cnt=1 s0=fng (4693,1689)* [filtered=1952]
cnt=1 s0=fng (4692,1689)* [filtered=1952]
cnt=1 s0=fng (4691,1689)* [filtered=1952]
cnt=1 s0=fng (4690,1689)* [filtered=1952]
cnt=1 s0=fng (4689,1689)* [filtered=1952]
cnt=1 s0=fng (4689,1689)* [filtered=1952]
cnt=1 s0=fng (4689,1689)* [filtered=1952]
cnt=1 s0=fng (4689,1689)* [filtered=1952]
cnt=1 s0=fng (4689,1689)* [filtered=1952]
cnt=1 s0=fng (4689,1689)* [filtered=1952]
cnt=1 s0=fng (4689,1689)* [filtered=1952]
cnt=1 s0=fng (4689,1689)* [filtered=1952]
cnt=1 s0=fng (4689,1689)* [filtered=1952]
cnt=1 s0=fng (4689,1689)* [filtered=1952]
cnt=1 s0=fng (4689,1689)* [filtered=1952]
cnt=1 s0=fng (4689,1689)* [filtered=1952]
cnt=1 s0=fng (4689,1689)* [filtered=1952]
cnt=1 s0=fng (4689,1689)* [filtered=1952]
cnt=1 s0=fng (4689,1689)* [filtered=1952]
cnt=1 s0=fng (4689,1689)* [filtered=1952]
cnt=1 s0=fng (4689,1689)* [filtered=1952]
cnt=1 s0=fng (4689,1688)* [filtered=1952]
cnt=1 s0=fng (4689,1687)* [filtered=1952]
cnt=1 s0=fng (4689,1686)* [filtered=1952]
cnt=1 s0=fng (4689,1685)* [filtered=1952]
cnt=1 s0=fng (4689,1683)* [filtered=1952]
cnt=1 s0=fng (4689,1682)* [filtered=1952]
cnt=1 s0=fng (4688,1680)* [filtered=1952]
cnt=1 s0=fng (4688,1678)* [filtered=1952]
cnt=1 s0=fng (4688,1675)* [filtered=1952]
cnt=1 s0=fng (4688,1672)* [filtered=1952]
cnt=1 s0=fng (4688,1670)* [filtered=1952]
cnt=1 s0=fng (4688,1667)* [filtered=1952]
cnt=1 s0=fng (4688,1663) [filtered=1952]
cnt=1 s0=fng (4688,1659) [filtered=1952]
cnt=1 s0=fng (4689,1655) [filtered=1952]
cnt=1 s0=fng (4689,1652) [filtered=1952]
cnt=1 s0=fng (4690,1649) [filtered=1952]
cnt=1 s0=fng (4691,1645) [filtered=1952]
cnt=1 s0=fng (4693,1642) [filtered=1952]
cnt=1 s0=fng (4694,1640) [filtered=1952]
cnt=1 s0=fng (4695,1639) [filtered=1952]
cnt=1 s0=fng (4697,1638) [filtered=1952]
cnt=1 s0=fng (4699,1637) [filtered=1952]
cnt=1 s0=fng (4701,1637) [filtered=1952]
cnt=1 s0=fng (4702,1637) [filtered=1952]
cnt=1 s0=fng (4704,1637) [filtered=1952]
cnt=1 s0=fng (4705,1637) [filtered=1952]
cnt=1 s0=fng (4706,1638) [filtered=1952]
cnt=1 s0=fng (4708,1639) [filtered=1952]
cnt=1 s0=fng (4709,1639) [filtered=1952]
cnt=1 s0=fng (4710,1640) [filtered=1952]
cnt=1 s0=fng (4711,1641) [filtered=1952]
cnt=1 s0=fng (4712,1643) [filtered=1952]
cnt=1 s0=fng (4713,1644) [filtered=1952]
cnt=1 s0=fng (4713,1645) [filtered=1952]
cnt=1 s0=fng (4714,1646) [filtered=1952]
cnt=1 s0=fng (4715,1647) [filtered=1952]
cnt=1 s0=fng (4716,1648) [filtered=1952]
cnt=1 s0=fng (4716,1649)* [filtered=1952]
cnt=1 s0=fng (4717,1649)* [filtered=1952]
cnt=1 s0=fng (4718,1650)* [filtered=1952]
cnt=1 s0=fng (4719,1650)* [filtered=1952]
cnt=1 s0=fng (4720,1650)* [filtered=1952]
cnt=1 s0=fng (4721,1650)* [filtered=1952]
cnt=1 s0=fng (4722,1650)* [filtered=1952]
cnt=1 s0=fng (4723,1649)* [filtered=1952]
cnt=1 s0=fng (4724,1649)* [filtered=1952]
cnt=1 s0=fng (4725,1648)* [filtered=1952]
cnt=1 s0=fng (4725,1648)* [filtered=1952]
cnt=1 s0=fng (4726,1648)* [filtered=1952]
cnt=1 s0=fng (4727,1648)* [filtered=1952]
cnt=1 s0=fng (4728,1648)* [filtered=1952]
cnt=1 s0=fng (4730,1648)* [filtered=1952]
cnt=1 s0=fng (4731,1648)* [filtered=1952]
cnt=1 s0=fng (4732,1648)* [filtered=1952]
cnt=1 s0=fng (4734,1649)* [filtered=1952]
cnt=1 s0=fng (4736,1651) [filtered=1952]
cnt=1 s0=fng (4738,1652) [filtered=1952]
cnt=1 s0=fng (4739,1653) [filtered=1952]
cnt=1 s0=fng (4741,1654) [filtered=1952]
cnt=1 s0=fng (4762,1751) [filtered=1952]
cnt=1 s0=fng (4762,1750) [filtered=1952]
cnt=1 s0=fng (4762,1750) [filtered=1952]
cnt=1 s0=fng (4762,1750) [filtered=1952]
cnt=1 s0=fng (4762,1749) [filtered=1952]
cnt=1 s0=fng (4760,1748) [filtered=1952]
cnt=1 s0=fng (4759,1747) [filtered=1952]
cnt=1 s0=fng (4756,1745) [filtered=1952]
cnt=1 s0=fng (4751,1741) [filtered=1952]
cnt=1 s0=fng (4743,1735) [filtered=1952]
cnt=1 s0=fng (4735,1731) [filtered=1952]
cnt=1 s0=fng (4726,1726) [filtered=1952]
cnt=1 s0=fng (4714,1719) [filtered=1952]
cnt=1 s0=fng (4701,1712) [filtered=1952]
cnt=1 s0=fng (4689,1704) [filtered=1952]
cnt=1 s0=fng (4677,1697) [filtered=1952]
cnt=1 s0=fng (4666,1691) [filtered=1952]
cnt=1 s0=fng (4656,1685) [filtered=1952]
cnt=1 s0=fng (4647,1680) [filtered=1952]
cnt=1 s0=fng (4638,1675) [filtered=1952]
cnt=1 s0=fng (4629,1671) [filtered=1952]
cnt=1 s0=fng (4621,1668) [filtered=1952]
cnt=1 s0=fng (4616,1664) [filtered=1952]
cnt=1 s0=fng (4611,1661) [filtered=1952]
cnt=1 s0=fng (4606,1658) [filtered=1952]
cnt=1 s0=fng (4602,1656) [filtered=1952]
cnt=1 s0=fng (4599,1655) [filtered=1952]
cnt=1 s0=fng (4597,1654) [filtered=1952]
cnt=1 s0=fng (4596,1653) [filtered=1952]
cnt=1 s0=fng (4595,1652) [filtered=1952]
cnt=1 s0=fng (4595,1652) [filtered=1952]
cnt=1 s0=fng (4596,1651) [filtered=1952]
cnt=1 s0=fng (4596,1651) [filtered=1952]
cnt=1 s0=fng (4595,1651) [filtered=1952]
cnt=1 s0=fng (4595,1651) [filtered=1952]
cnt=1 s0=fng (4595,1652) [filtered=1952]
cnt=1 s0=fng (4595,1653) [filtered=1952]
cnt=1 s0=fng (4595,1654) [filtered=1952]
cnt=1 s0=fng (4596,1656) [filtered=1952]
cnt=1 s0=fng (4596,1657) [filtered=1952]
cnt=1 s0=fng (4596,1659) [filtered=1952]
cnt=1 s0=fng (4597,1662) [filtered=1952]
cnt=1 s0=fng (4598,1665) [filtered=1952]
cnt=1 s0=fng (4600,1669) [filtered=1952]
cnt=1 s0=fng (4601,1672) [filtered=1952]
cnt=1 s0=fng (4604,1676) [filtered=1952]
cnt=1 s0=fng (4607,1681) [filtered=1952]
cnt=1 s0=fng (4611,1686) [filtered=1952]
cnt=1 s0=fng (4616,1691) [filtered=1952]
cnt=1 s0=fng (4620,1695) [filtered=1952]
cnt=1 s0=fng (4624,1700) [filtered=1952]
cnt=1 s0=fng (4629,1705) [filtered=1952]
cnt=1 s0=fng (4634,1710) [filtered=1952]
cnt=1 s0=fng (4639,1714) [filtered=1952]
cnt=1 s0=fng (4643,1717) [filtered=1952]
cnt=1 s0=fng (4646,1720) [filtered=1952]
cnt=1 s0=fng (4649,1723) [filtered=1952]
cnt=1 s0=fng (4653,1727) [filtered=1952]
cnt=1 s0=fng (4656,1730) [filtered=1952]
cnt=1 s0=fng (4659,1732) [filtered=1952]
cnt=1 s0=fng (4662,1733) [filtered=1952]
cnt=1 s0=fng (4666,1734) [filtered=1952]
cnt=1 s0=fng (4669,1735) [filtered=1952]
cnt=1 s0=fng (4671,1736) [filtered=1952]
cnt=1 s0=fng (4672,1737) [filtered=1952]
cnt=1 s0=fng (4674,1738) [filtered=1952]
cnt=2 s0=PALM(4676,1739) s1=fng (1224,18) [filtered=1953]
cnt=2 s0=PALM(4677,1740) s1=fng (1224,18) [filtered=1954]
cnt=2 s0=PALM(4678,1740) s1=fng (1224,18) [filtered=1955]
cnt=2 s0=PALM(4679,1741) s1=fng (1224,18) [filtered=1956]
cnt=2 s0=PALM(4680,1741) s1=fng (1224,18) [filtered=1957]
cnt=2 s0=PALM(4681,1741) s1=fng (1224,18) [filtered=1958]
cnt=2 s0=PALM(4681,1741) s1=fng (1224,18) [filtered=1959]
cnt=2 s0=PALM(4681,1741) s1=fng (1224,18) [filtered=1960]
cnt=2 s0=PALM(4681,1741) s1=fng (1224,18) [filtered=1961]
cnt=2 s0=PALM(4681,1741) s1=fng (1224,18) [filtered=1962]
cnt=1 s0=fng (4681,1741) [filtered=1962]
cnt=1 s0=fng (4681,1741) [filtered=1962]
cnt=1 s0=fng (4681,1741) [filtered=1962]
cnt=1 s0=fng (4681,1741) [filtered=1962]
cnt=1 s0=fng (4682,1741) [filtered=1962]
cnt=1 s0=fng (4683,1742) [filtered=1962]
cnt=1 s0=fng (4683,1742)* [filtered=1962]
cnt=1 s0=fng (4684,1742)* [filtered=1962]
cnt=1 s0=fng (4684,1743)* [filtered=1962]
cnt=1 s0=fng (4684,1743)* [filtered=1962]
cnt=1 s0=fng (4685,1744)* [filtered=1962]
cnt=1 s0=fng (4685,1744)* [filtered=1962]
cnt=1 s0=fng (4685,1744)* [filtered=1962]
cnt=1 s0=fng (4685,1744)* [filtered=1962]
cnt=1 s0=fng (4685,1744)* [filtered=1962]
cnt=1 s0=fng (4685,1744)* [filtered=1962]
cnt=1 s0=fng (4685,1744)* [filtered=1962]
cnt=1 s0=fng (4685,1744)* [filtered=1962]
cnt=1 s0=fng (4685,1744)* [filtered=1962]
cnt=1 s0=fng (4685,1744)* [filtered=1962]
cnt=1 s0=fng (4685,1744)* [filtered=1962]
cnt=1 s0=fng (4685,1744)* [filtered=1962]
cnt=1 s0=fng (4685,1744)* [filtered=1962]
cnt=1 s0=fng (4685,1744)* [filtered=1962]
cnt=1 s0=fng (4685,1744)* [filtered=1962]
cnt=1 s0=fng (4685,1744)* [filtered=1962]
cnt=1 s0=fng (4685,1744)* [filtered=1962]
cnt=1 s0=fng (4685,1744)* [filtered=1962]
cnt=1 s0=fng (4685,1744)* [filtered=1962]
cnt=1 s0=fng (4685,1744)* [filtered=1962]
cnt=1 s0=fng (4685,1744)* [filtered=1962]
cnt=1 s0=fng (4685,1744)* [filtered=1962]
cnt=1 s0=fng (4685,1744)* [filtered=1962]
cnt=1 s0=fng (4685,1744)* [filtered=1962]
cnt=1 s0=fng (4685,1744)* [filtered=1962]
cnt=1 s0=fng (4685,1744)* [filtered=1962]
cnt=1 s0=fng (4685,1744)* [filtered=1962]
cnt=1 s0=fng (4685,1744)* [filtered=1962]
cnt=1 s0=fng (4684,1738) [filtered=1962]
cnt=1 s0=fng (4684,1738) [filtered=1962]
cnt=1 s0=fng (4684,1738) [filtered=1962]
cnt=1 s0=fng (4684,1737) [filtered=1962]
cnt=1 s0=fng (4684,1737) [filtered=1962]
cnt=1 s0=fng (4684,1737) [filtered=1962]
cnt=1 s0=fng (4684,1736) [filtered=1962]
cnt=1 s0=fng (4684,1736) [filtered=1962]
cnt=1 s0=fng (4684,1735) [filtered=1962]
cnt=1 s0=fng (4684,1735) [filtered=1962]
cnt=1 s0=fng (4684,1735) [filtered=1962]
cnt=1 s0=fng (4684,1734) [filtered=1962]
cnt=1 s0=fng (4684,1733) [filtered=1962]
cnt=1 s0=fng (4684,1732) [filtered=1962]
cnt=1 s0=fng (4684,1731) [filtered=1962]
cnt=1 s0=fng (4684,1730) [filtered=1962]
cnt=1 s0=fng (4683,1729) [filtered=1962]
cnt=1 s0=fng (4682,1728) [filtered=1962]
cnt=1 s0=fng (4681,1727) [filtered=1962]
cnt=1 s0=fng (4680,1726) [filtered=1962]
cnt=1 s0=fng (4678,1723) [filtered=1962]
cnt=1 s0=fng (4674,1718) [filtered=1962]
cnt=1 s0=fng (4668,1713) [filtered=1962]
cnt=1 s0=fng (4664,1709) [filtered=1962]
cnt=1 s0=fng (4658,1704) [filtered=1962]
cnt=1 s0=fng (4651,1698) [filtered=1962]
cnt=1 s0=fng (4643,1692) [filtered=1962]
cnt=1 s0=fng (4635,1686) [filtered=1962]
cnt=1 s0=fng (4627,1681) [filtered=1962]
cnt=1 s0=fng (4619,1675) [filtered=1962]
cnt=1 s0=fng (4611,1669) [filtered=1962]
cnt=1 s0=fng (4604,1664) [filtered=1962]
cnt=1 s0=fng (4598,1660) [filtered=1962]
cnt=1 s0=fng (4594,1655) [filtered=1962]
cnt=1 s0=fng (4590,1650) [filtered=1962]
cnt=1 s0=fng (4587,1645) [filtered=1962]
cnt=1 s0=fng (4584,1640) [filtered=1962]
cnt=1 s0=fng (4581,1636) [filtered=1962]
cnt=1 s0=fng (4579,1631) [filtered=1962]
cnt=1 s0=fng (4577,1626) [filtered=1962]
cnt=1 s0=fng (4574,1621) [filtered=1962]
cnt=1 s0=fng (4571,1616) [filtered=1962]
cnt=1 s0=fng (4569,1612) [filtered=1962]
cnt=1 s0=fng (4566,1608) [filtered=1962]
cnt=1 s0=fng (4563,1604) [filtered=1962]
cnt=1 s0=fng (4560,1600) [filtered=1962]
cnt=1 s0=fng (4558,1596) [filtered=1962]
cnt=1 s0=fng (4554,1592) [filtered=1962]
cnt=1 s0=fng (4550,1588) [filtered=1962]
cnt=1 s0=fng (4546,1585) [filtered=1962]
cnt=1 s0=fng (4542,1583) [filtered=1962]
cnt=1 s0=fng (4539,1581) [filtered=1962]
cnt=1 s0=fng (4536,1579) [filtered=1962]
cnt=1 s0=fng (4533,1577) [filtered=1962]
cnt=1 s0=fng (4530,1575) [filtered=1962]
cnt=1 s0=fng (4528,1574) [filtered=1962]
cnt=1 s0=fng (4527,1573) [filtered=1962]
cnt=1 s0=fng (4526,1571) [filtered=1962]
cnt=1 s0=fng (4524,1570) [filtered=1962]
cnt=1 s0=fng (4522,1569) [filtered=1962]
cnt=1 s0=fng (4521,1568) [filtered=1962]
cnt=1 s0=fng (4520,1567) [filtered=1962]
cnt=1 s0=fng (4518,1567) [filtered=1962]
cnt=1 s0=fng (4516,1567) [filtered=1962]
cnt=1 s0=fng (4515,1567) [filtered=1962]
cnt=1 s0=fng (4514,1567) [filtered=1962]
cnt=1 s0=fng (4513,1567) [filtered=1962]
cnt=1 s0=fng (4513,1567) [filtered=1962]
cnt=1 s0=fng (4514,1567) [filtered=1962]
cnt=1 s0=fng (4515,1568) [filtered=1962]
cnt=1 s0=fng (4516,1569) [filtered=1962]
cnt=1 s0=fng (4518,1570) [filtered=1962]
cnt=1 s0=fng (4520,1572) [filtered=1962]
cnt=1 s0=fng (4524,1575) [filtered=1962]
cnt=1 s0=fng (4526,1576) [filtered=1962]
cnt=1 s0=fng (4530,1579) [filtered=1962]
cnt=1 s0=fng (4535,1583) [filtered=1962]
cnt=1 s0=fng (4540,1588) [filtered=1962]
cnt=1 s0=fng (4545,1593) [filtered=1962]
cnt=1 s0=fng (4549,1597) [filtered=1962]
cnt=1 s0=fng (4554,1602) [filtered=1962]
cnt=1 s0=fng (4559,1607) [filtered=1962]
cnt=1 s0=fng (4564,1612) [filtered=1962]
cnt=1 s0=fng (4569,1617) [filtered=1962]
cnt=1 s0=fng (4573,1621) [filtered=1962]
cnt=1 s0=fng (4577,1625) [filtered=1962]
cnt=1 s0=fng (4580,1630) [filtered=1962]
cnt=1 s0=fng (4582,1634) [filtered=1962]
cnt=1 s0=fng (4584,1637) [filtered=1962]
cnt=1 s0=fng (4586,1639) [filtered=1962]
cnt=1 s0=fng (4587,1641) [filtered=1962]
cnt=1 s0=fng (4587,1643) [filtered=1962]
cnt=1 s0=fng (4588,1644) [filtered=1962]
cnt=1 s0=fng (4588,1645) [filtered=1962]
cnt=1 s0=fng (4588,1646) [filtered=1962]
cnt=1 s0=fng (4588,1647) [filtered=1962]
cnt=1 s0=fng (4587,1647) [filtered=1962]
cnt=1 s0=fng (4587,1646) [filtered=1962]
cnt=1 s0=fng (4587,1646) [filtered=1962]
cnt=1 s0=fng (4586,1646) [filtered=1962]
cnt=1 s0=fng (4585,1645) [filtered=1962]
cnt=1 s0=fng (4583,1644) [filtered=1962]
cnt=1 s0=fng (4581,1642) [filtered=1962]
cnt=1 s0=fng (4580,1641) [filtered=1962]
cnt=1 s0=fng (4579,1640) [filtered=1962]
cnt=1 s0=fng (4578,1639) [filtered=1962]
cnt=1 s0=fng (4578,1638) [filtered=1962]
cnt=1 s0=fng (4578,1637) [filtered=1962]
cnt=1 s0=fng (4578,1636) [filtered=1962]
cnt=1 s0=fng (4578,1635) [filtered=1962]
cnt=1 s0=fng (4579,1635) [filtered=1962]
cnt=1 s0=fng (4580,1635) [filtered=1962]
cnt=1 s0=fng (4580,1635) [filtered=1962]
cnt=1 s0=fng (4581,1636) [filtered=1962]
cnt=1 s0=fng (4582,1637) [filtered=1962]
cnt=1 s0=fng (4583,1638) [filtered=1962]
cnt=1 s0=fng (4584,1639) [filtered=1962]
cnt=1 s0=fng (4585,1640) [filtered=1962]
cnt=1 s0=fng (4586,1641) [filtered=1962]
cnt=1 s0=fng (4587,1642) [filtered=1962]
cnt=1 s0=fng (4588,1644) [filtered=1962]
cnt=1 s0=fng (4589,1645) [filtered=1962]
cnt=1 s0=fng (4590,1646)* [filtered=1962]
cnt=1 s0=fng (4591,1648)* [filtered=1962]
cnt=1 s0=fng (4592,1650)* [filtered=1962]
cnt=1 s0=fng (4593,1652)* [filtered=1962]
cnt=1 s0=fng (4593,1653)* [filtered=1962]
cnt=1 s0=fng (4594,1655)* [filtered=1962]
cnt=1 s0=fng (4594,1657)* [filtered=1962]
cnt=1 s0=fng (4595,1659)* [filtered=1962]
cnt=1 s0=fng (4596,1662) [filtered=1962]
cnt=1 s0=fng (4596,1663) [filtered=1962]
cnt=1 s0=fng (4597,1665) [filtered=1962]
cnt=1 s0=fng (4598,1667) [filtered=1962]
cnt=1 s0=fng (4599,1670) [filtered=1962]
cnt=1 s0=fng (4600,1673) [filtered=1962]
cnt=1 s0=fng (4601,1674) [filtered=1962]
cnt=1 s0=fng (4603,1676) [filtered=1962]
cnt=1 s0=fng (4604,1679) [filtered=1962]
cnt=1 s0=fng (4605,1682) [filtered=1962]
cnt=1 s0=fng (4606,1685) [filtered=1962]
cnt=1 s0=fng (4607,1686) [filtered=1962]
cnt=1 s0=fng (4608,1688) [filtered=1962]
cnt=1 s0=fng (4609,1691) [filtered=1962]
cnt=1 s0=fng (4610,1693) [filtered=1962]
cnt=1 s0=fng (4610,1694) [filtered=1962]
cnt=1 s0=fng (4611,1696) [filtered=1962]
cnt=1 s0=fng (4612,1698) [filtered=1962]
cnt=1 s0=fng (4613,1700) [filtered=1962]
cnt=1 s0=fng (4614,1702) [filtered=1962]
cnt=1 s0=fng (4615,1703) [filtered=1962]
cnt=1 s0=fng (4616,1704) [filtered=1962]
cnt=1 s0=fng (4617,1705) [filtered=1962]
cnt=1 s0=fng (4618,1706) [filtered=1962]
cnt=1 s0=fng (4619,1707) [filtered=1962]
cnt=1 s0=fng (4619,1707) [filtered=1962]
cnt=1 s0=fng (4620,1707) [filtered=1962]
cnt=1 s0=fng (4621,1706) [filtered=1962]
cnt=1 s0=fng (4623,1705) [filtered=1962]
cnt=1 s0=fng (4625,1704) [filtered=1962]
cnt=1 s0=fng (4626,1703) [filtered=1962]
cnt=1 s0=fng (4627,1702) [filtered=1962]
cnt=1 s0=fng (4629,1699) [filtered=1962]
cnt=1 s0=fng (4631,1696) [filtered=1962]
cnt=1 s0=fng (4632,1694) [filtered=1962]
cnt=1 s0=fng (4634,1691) [filtered=1962]
cnt=1 s0=fng (4637,1687) [filtered=1962]
cnt=1 s0=fng (4641,1683) [filtered=1962]
cnt=1 s0=fng (4645,1678) [filtered=1962]
cnt=1 s0=fng (4648,1675) [filtered=1962]
cnt=1 s0=fng (4652,1671) [filtered=1962]
cnt=1 s0=fng (4656,1667) [filtered=1962]
cnt=1 s0=fng (4660,1663) [filtered=1962]
cnt=1 s0=fng (4664,1659) [filtered=1962]
cnt=1 s0=fng (4667,1656) [filtered=1962]
cnt=1 s0=fng (4670,1654) [filtered=1962]
cnt=1 s0=fng (4674,1653) [filtered=1962]
cnt=1 s0=fng (4678,1653) [filtered=1962]
cnt=1 s0=fng (4682,1654) [filtered=1962]
cnt=1 s0=fng (4685,1654) [filtered=1962]
cnt=1 s0=fng (4688,1655) [filtered=1962]
cnt=1 s0=fng (4692,1657) [filtered=1962]
cnt=1 s0=fng (4695,1659) [filtered=1962]
cnt=1 s0=fng (4698,1662) [filtered=1962]
cnt=1 s0=fng (4700,1664) [filtered=1962]
cnt=1 s0=fng (4702,1668) [filtered=1962]
cnt=1 s0=fng (4704,1672) [filtered=1962]
cnt=1 s0=fng (4706,1676) [filtered=1962]
cnt=1 s0=fng (4707,1679) [filtered=1962]
cnt=1 s0=fng (4708,1682) [filtered=1962]
cnt=1 s0=fng (4709,1686) [filtered=1962]
cnt=1 s0=fng (4710,1690) [filtered=1962]
cnt=1 s0=fng (4710,1693) [filtered=1962]
cnt=1 s0=fng (4710,1695) [filtered=1962]
cnt=1 s0=fng (4710,1696) [filtered=1962]
cnt=1 s0=fng (4710,1697) [filtered=1962]
cnt=1 s0=fng (4710,1698) [filtered=1962]
cnt=1 s0=fng (4710,1699) [filtered=1962]
cnt=1 s0=fng (4710,1699) [filtered=1962]
cnt=1 s0=fng (4710,1700) [filtered=1962]
cnt=1 s0=fng (4710,1700) [filtered=1962]
cnt=1 s0=fng (4711,1700) [filtered=1962]
cnt=1 s0=fng (4711,1700) [filtered=1962]
cnt=1 s0=fng (4712,1700) [filtered=1962]
cnt=1 s0=fng (4713,1700) [filtered=1962]
cnt=1 s0=fng (4714,1700) [filtered=1962]
cnt=1 s0=fng (4715,1701) [filtered=1962]
cnt=1 s0=fng (4715,1701) [filtered=1962]
cnt=1 s0=fng (4717,1702) [filtered=1962]
cnt=1 s0=fng (4719,1703) [filtered=1962]
cnt=1 s0=fng (4721,1705) [filtered=1962]
cnt=1 s0=fng (4723,1707) [filtered=1962]
cnt=1 s0=fng (4724,1708) [filtered=1962]
cnt=1 s0=fng (4726,1710) [filtered=1962]
cnt=1 s0=fng (4728,1712) [filtered=1962]
cnt=1 s0=fng (4730,1715) [filtered=1962]
cnt=1 s0=fng (4732,1718) [filtered=1962]
cnt=1 s0=fng (4733,1720) [filtered=1962]
cnt=1 s0=fng (4735,1723) [filtered=1962]
cnt=1 s0=fng (4737,1726) [filtered=1962]
cnt=1 s0=fng (4738,1729) [filtered=1962]
cnt=1 s0=fng (4739,1731) [filtered=1962]
cnt=1 s0=fng (4740,1734) [filtered=1962]
cnt=1 s0=fng (4741,1736) [filtered=1962]
cnt=1 s0=fng (4741,1738) [filtered=1962]
cnt=1 s0=fng (4742,1740) [filtered=1962]
cnt=1 s0=fng (4742,1741) [filtered=1962]
cnt=1 s0=fng (4742,1743) [filtered=1962]
cnt=1 s0=fng (4742,1745) [filtered=1962]
cnt=1 s0=fng (4742,1747) [filtered=1962]
cnt=1 s0=fng (4742,1749) [filtered=1962]
cnt=1 s0=fng (4742,1750) [filtered=1962]
cnt=1 s0=fng (4742,1752) [filtered=1962]
cnt=1 s0=fng (4742,1755) [filtered=1962]
cnt=1 s0=fng (4742,1757) [filtered=1962]
cnt=1 s0=fng (4742,1760) [filtered=1962]
cnt=1 s0=fng (4742,1761) [filtered=1962]
cnt=1 s0=fng (4742,1763) [filtered=1962]
cnt=1 s0=fng (4742,1765) [filtered=1962]
cnt=1 s0=fng (4742,1767) [filtered=1962]
cnt=1 s0=fng (4742,1768) [filtered=1962]
cnt=1 s0=fng (4742,1769) [filtered=1962]
cnt=1 s0=fng (4742,1771)* [filtered=1962]
cnt=1 s0=fng (4742,1772)* [filtered=1962]
cnt=1 s0=fng (4742,1773)* [filtered=1962]
cnt=1 s0=fng (4742,1774)* [filtered=1962]
cnt=1 s0=fng (4742,1775)* [filtered=1962]
cnt=1 s0=fng (4742,1776)* [filtered=1962]
cnt=1 s0=fng (4742,1776)* [filtered=1962]
cnt=1 s0=fng (4742,1776)* [filtered=1962]
cnt=1 s0=fng (4742,1776)* [filtered=1962]
cnt=1 s0=fng (4741,1776)* [filtered=1962]
cnt=1 s0=fng (4740,1776)* [filtered=1962]
cnt=1 s0=fng (4739,1776)* [filtered=1962]
cnt=1 s0=fng (4738,1776)* [filtered=1962]
cnt=1 s0=fng (4738,1776)* [filtered=1962]
cnt=1 s0=fng (4737,1776)* [filtered=1962]
cnt=1 s0=fng (4735,1776)* [filtered=1962]
cnt=1 s0=fng (4733,1776)* [filtered=1962]
cnt=1 s0=fng (4732,1776)* [filtered=1962]
cnt=1 s0=fng (4730,1776)* [filtered=1962]
cnt=1 s0=fng (4727,1776)* [filtered=1962]
cnt=1 s0=fng (4724,1776)* [filtered=1962]
cnt=1 s0=fng (4722,1775)* [filtered=1962]
cnt=1 s0=fng (4721,1775)* [filtered=1962]
cnt=1 s0=fng (4719,1775)* [filtered=1962]
cnt=1 s0=fng (4717,1775)* [filtered=1962]
cnt=1 s0=fng (4715,1774)* [filtered=1962]
cnt=1 s0=fng (4713,1774)* [filtered=1962]
cnt=1 s0=fng (4712,1774)* [filtered=1962]
cnt=1 s0=fng (4710,1774)* [filtered=1962]
cnt=1 s0=fng (4708,1774)* [filtered=1962]
cnt=1 s0=fng (4707,1773)* [filtered=1962]
cnt=1 s0=fng (4706,1773)* [filtered=1962]
cnt=1 s0=fng (4705,1773)* [filtered=1962]
cnt=1 s0=fng (4704,1773)* [filtered=1962]
cnt=1 s0=fng (4703,1773)* [filtered=1962]
cnt=1 s0=fng (4702,1773)* [filtered=1962]
cnt=1 s0=fng (4702,1773)* [filtered=1962]
cnt=1 s0=fng (4701,1773)* [filtered=1962]
cnt=1 s0=fng (4700,1772)* [filtered=1962]
cnt=1 s0=fng (4699,1772)* [filtered=1962]
cnt=1 s0=fng (4698,1771)* [filtered=1962]
cnt=1 s0=fng (4697,1771)* [filtered=1962]
cnt=1 s0=fng (4697,1770)* [filtered=1962]
cnt=1 s0=fng (4696,1770)* [filtered=1962]
cnt=1 s0=fng (4695,1769)* [filtered=1962]
cnt=1 s0=fng (4695,1769)* [filtered=1962]
cnt=1 s0=fng (4695,1769)* [filtered=1962]
cnt=1 s0=fng (4694,1768)* [filtered=1962]
cnt=1 s0=fng (4693,1767)* [filtered=1962]
cnt=1 s0=fng (4692,1767)* [filtered=1962]
cnt=1 s0=fng (4692,1767)* [filtered=1962]
cnt=1 s0=fng (4691,1766)* [filtered=1962]
cnt=1 s0=fng (4690,1766)* [filtered=1962]
cnt=1 s0=fng (4689,1765)* [filtered=1962]
cnt=1 s0=fng (4688,1765)* [filtered=1962]
cnt=1 s0=fng (4687,1765)* [filtered=1962]
cnt=1 s0=fng (4686,1764)* [filtered=1962]
cnt=1 s0=fng (4685,1764)* [filtered=1962]
cnt=1 s0=fng (4684,1764)* [filtered=1962]
cnt=1 s0=fng (4683,1764)* [filtered=1962]
cnt=1 s0=fng (4683,1764)* [filtered=1962]
cnt=1 s0=fng (4682,1763)* [filtered=1962]
cnt=1 s0=fng (4681,1763)* [filtered=1962]
cnt=1 s0=fng (4680,1763)* [filtered=1962]
cnt=1 s0=fng (4679,1763)* [filtered=1962]
cnt=1 s0=fng (4678,1762)* [filtered=1962]
cnt=1 s0=fng (4677,1762)* [filtered=1962]
cnt=1 s0=fng (4677,1761)* [filtered=1962]
cnt=1 s0=fng (4676,1761)* [filtered=1962]
cnt=1 s0=fng (4676,1761)* [filtered=1962]
cnt=1 s0=fng (4676,1760)* [filtered=1962]
cnt=1 s0=fng (4675,1759)* [filtered=1962]
cnt=1 s0=fng (4675,1759)* [filtered=1962]
cnt=1 s0=fng (4675,1759)* [filtered=1962]
cnt=1 s0=fng (4675,1758)* [filtered=1962]
cnt=1 s0=fng (4674,1758)* [filtered=1962]
cnt=1 s0=fng (4673,1757)* [filtered=1962]
cnt=1 s0=fng (4672,1757)* [filtered=1962]
cnt=1 s0=fng (4671,1757)* [filtered=1962]
cnt=1 s0=fng (4670,1756)* [filtered=1962]
cnt=1 s0=fng (4669,1755)* [filtered=1962]
cnt=1 s0=fng (4668,1754)* [filtered=1962]
cnt=1 s0=fng (4667,1753)* [filtered=1962]
cnt=1 s0=fng (4667,1752)* [filtered=1962]
cnt=1 s0=fng (4667,1751)* [filtered=1962]
cnt=1 s0=fng (4666,1750)* [filtered=1962]
cnt=1 s0=fng (4665,1749)* [filtered=1962]
cnt=1 s0=fng (4665,1748)* [filtered=1962]
cnt=1 s0=fng (4665,1748)* [filtered=1962]
cnt=1 s0=fng (4664,1747)* [filtered=1962]
cnt=1 s0=fng (4663,1746)* [filtered=1962]
cnt=1 s0=fng (4662,1745)* [filtered=1962]
cnt=1 s0=fng (4661,1743)* [filtered=1962]
cnt=1 s0=fng (4660,1742)* [filtered=1962]
cnt=1 s0=fng (4659,1741)* [filtered=1962]
cnt=1 s0=fng (4658,1739)* [filtered=1962]
cnt=1 s0=fng (4657,1737)* [filtered=1962]
cnt=1 s0=fng (4656,1736)* [filtered=1962]
cnt=1 s0=fng (4654,1734) [filtered=1962]
cnt=1 s0=fng (4652,1731) [filtered=1962]
cnt=1 s0=fng (4649,1727) [filtered=1962]
cnt=1 s0=fng (4645,1723) [filtered=1962]
cnt=1 s0=fng (4643,1721) [filtered=1962]
cnt=1 s0=fng (4639,1717) [filtered=1962]
cnt=1 s0=fng (4635,1713) [filtered=1962]
cnt=1 s0=fng (4630,1708) [filtered=1962]
cnt=1 s0=fng (4626,1704) [filtered=1962]
cnt=1 s0=fng (4621,1699) [filtered=1962]
cnt=1 s0=fng (4616,1694) [filtered=1962]
cnt=1 s0=fng (4611,1689) [filtered=1962]
cnt=1 s0=fng (4605,1684) [filtered=1962]
cnt=1 s0=fng (4601,1680) [filtered=1962]
cnt=1 s0=fng (4598,1676) [filtered=1962]
cnt=1 s0=fng (4596,1673) [filtered=1962]
cnt=1 s0=fng (4595,1670) [filtered=1962]
cnt=1 s0=fng (4593,1668) [filtered=1962]
cnt=1 s0=fng (4592,1666) [filtered=1962]
cnt=1 s0=fng (4592,1665) [filtered=1962]
cnt=1 s0=fng (4592,1665) [filtered=1962]
cnt=1 s0=fng (4592,1665) [filtered=1962]
cnt=1 s0=fng (4592,1665) [filtered=1962]
cnt=1 s0=fng (4592,1665) [filtered=1962]
cnt=1 s0=fng (4592,1666) [filtered=1962]
cnt=1 s0=fng (4592,1667) [filtered=1962]
cnt=1 s0=fng (4593,1668) [filtered=1962]
cnt=1 s0=fng (4594,1670) [filtered=1962]
cnt=1 s0=fng (4594,1671) [filtered=1962]
cnt=1 s0=fng (4595,1673) [filtered=1962]
cnt=1 s0=fng (4596,1675) [filtered=1962]
cnt=1 s0=fng (4597,1678) [filtered=1962]
cnt=1 s0=fng (4598,1681) [filtered=1962]
cnt=1 s0=fng (4599,1682) [filtered=1962]
cnt=1 s0=fng (4600,1685) [filtered=1962]
cnt=1 s0=fng (4603,1688) [filtered=1962]
cnt=1 s0=fng (4606,1692) [filtered=1962]
cnt=1 s0=fng (4607,1694) [filtered=1962]
cnt=1 s0=fng (4610,1697) [filtered=1962]
cnt=1 s0=fng (4613,1700) [filtered=1962]
cnt=1 s0=fng (4616,1704) [filtered=1962]
cnt=1 s0=fng (4619,1708) [filtered=1962]
cnt=1 s0=fng (4621,1711) [filtered=1962]
cnt=1 s0=fng (4624,1715) [filtered=1962]
cnt=1 s0=fng (4626,1719) [filtered=1962]
cnt=1 s0=fng (4629,1723) [filtered=1962]
cnt=1 s0=fng (4631,1727) [filtered=1962]
cnt=1 s0=fng (4632,1730) [filtered=1962]
cnt=1 s0=fng (4634,1733) [filtered=1962]
cnt=1 s0=fng (4636,1735) [filtered=1962]
cnt=1 s0=fng (4638,1738) [filtered=1962]
cnt=1 s0=fng (4639,1740) [filtered=1962]
cnt=1 s0=fng (4641,1742) [filtered=1962]
cnt=1 s0=fng (4643,1744) [filtered=1962]
cnt=2 s0=PALM(4645,1746) s1=fng (1080,13) [filtered=1963]
cnt=2 s0=PALM(4647,1748) s1=fng (1080,13) [filtered=1964]
cnt=2 s0=PALM(4648,1749) s1=fng (1080,13) [filtered=1965]
cnt=2 s0=PALM(4650,1750) s1=fng (1080,13) [filtered=1966]
cnt=2 s0=PALM(4652,1751) s1=fng (1080,13) [filtered=1967]
cnt=2 s0=PALM(4654,1752) s1=fng (1080,13) [filtered=1968]
cnt=2 s0=PALM(4656,1754) s1=fng (1080,13) [filtered=1969]
cnt=2 s0=PALM(4657,1755) s1=fng (1080,13) [filtered=1970]
cnt=2 s0=PALM(4659,1756) s1=fng (1080,13) [filtered=1971]
cnt=2 s0=PALM(4661,1757) s1=fng (1079,13) [filtered=1972]
cnt=2 s0=PALM(4662,1758) s1=fng (1078,13) [filtered=1973]
cnt=2 s0=PALM(4663,1758) s1=fng (1078,13) [filtered=1974]
cnt=2 s0=PALM(4664,1759) s1=fng (1078,13) [filtered=1975]
cnt=1 s0=fng (4666,1760) [filtered=1975]
cnt=1 s0=fng (4668,1762) [filtered=1975]
cnt=1 s0=fng (4669,1764) [filtered=1975]
cnt=1 s0=fng (4670,1765) [filtered=1975]
cnt=1 s0=fng (4671,1766) [filtered=1975]
cnt=1 s0=fng (4672,1767) [filtered=1975]
cnt=1 s0=fng (4673,1768) [filtered=1975]
cnt=1 s0=fng (4674,1769) [filtered=1975]
cnt=1 s0=fng (4674,1769) [filtered=1975]
cnt=1 s0=fng (4674,1769) [filtered=1975]
cnt=1 s0=fng (4674,1770) [filtered=1975]
cnt=1 s0=fng (4674,1770) [filtered=1975]
cnt=1 s0=fng (4674,1770) [filtered=1975]
cnt=1 s0=fng (4674,1770) [filtered=1975]
cnt=1 s0=fng (4674,1770) [filtered=1975]
cnt=1 s0=fng (4674,1770) [filtered=1975]
cnt=1 s0=fng (4674,1770) [filtered=1975]
cnt=1 s0=fng (4674,1770) [filtered=1975]
cnt=1 s0=fng (4674,1770) [filtered=1975]
cnt=1 s0=fng (4674,1770) [filtered=1975]
cnt=1 s0=fng (4674,1770) [filtered=1975]
cnt=1 s0=fng (4674,1769)* [filtered=1975]
cnt=1 s0=fng (4674,1769)* [filtered=1975]
cnt=1 s0=fng (4674,1769)* [filtered=1975]
cnt=1 s0=fng (4674,1768)* [filtered=1975]
cnt=1 s0=fng (4674,1767)* [filtered=1975]
cnt=1 s0=fng (4674,1766)* [filtered=1975]
cnt=1 s0=fng (4674,1766)* [filtered=1975]
cnt=1 s0=fng (4674,1765)* [filtered=1975]
cnt=1 s0=fng (4674,1764)* [filtered=1975]
cnt=1 s0=fng (4674,1763)* [filtered=1975]
cnt=1 s0=fng (4674,1762)* [filtered=1975]
cnt=1 s0=fng (4674,1761)* [filtered=1975]
cnt=1 s0=fng (4674,1760)* [filtered=1975]
cnt=1 s0=fng (4674,1758)* [filtered=1975]
cnt=1 s0=fng (4674,1756)* [filtered=1975]
cnt=1 s0=fng (4674,1755)* [filtered=1975]
cnt=1 s0=fng (4674,1753)* [filtered=1975]
cnt=1 s0=fng (4674,1750)* [filtered=1975]
cnt=1 s0=fng (4674,1747)* [filtered=1975]
cnt=1 s0=fng (4674,1743) [filtered=1975]
cnt=1 s0=fng (4674,1741) [filtered=1975]
cnt=1 s0=fng (4673,1737) [filtered=1975]
cnt=1 s0=fng (4672,1733) [filtered=1975]
cnt=1 s0=fng (4670,1729) [filtered=1975]
cnt=1 s0=fng (4669,1726) [filtered=1975]
cnt=1 s0=fng (4668,1721) [filtered=1975]
cnt=1 s0=fng (4665,1716) [filtered=1975]
cnt=1 s0=fng (4662,1711) [filtered=1975]
cnt=1 s0=fng (4658,1705) [filtered=1975]
cnt=1 s0=fng (4655,1700) [filtered=1975]
cnt=1 s0=fng (4651,1694) [filtered=1975]
cnt=1 s0=fng (4647,1688) [filtered=1975]
cnt=1 s0=fng (4643,1682) [filtered=1975]
cnt=1 s0=fng (4638,1676) [filtered=1975]
cnt=1 s0=fng (4634,1671) [filtered=1975]
cnt=1 s0=fng (4630,1665) [filtered=1975]
cnt=1 s0=fng (4625,1659) [filtered=1975]
cnt=1 s0=fng (4620,1654) [filtered=1975]
cnt=1 s0=fng (4616,1650) [filtered=1975]
cnt=1 s0=fng (4613,1645) [filtered=1975]
cnt=1 s0=fng (4611,1641) [filtered=1975]
cnt=1 s0=fng (4609,1637) [filtered=1975]
cnt=1 s0=fng (4608,1634) [filtered=1975]
cnt=1 s0=fng (4608,1632) [filtered=1975]
cnt=1 s0=fng (4607,1630) [filtered=1975]
cnt=1 s0=fng (4605,1629) [filtered=1975]
cnt=1 s0=fng (4603,1628) [filtered=1975]
cnt=1 s0=fng (4602,1627) [filtered=1975]
cnt=1 s0=fng (4601,1626) [filtered=1975]
cnt=1 s0=fng (4600,1625) [filtered=1975]
cnt=1 s0=fng (4599,1625) [filtered=1975]
cnt=1 s0=fng (4599,1625) [filtered=1975]
cnt=1 s0=fng (4599,1625) [filtered=1975]
cnt=1 s0=fng (4599,1626) [filtered=1975]
cnt=1 s0=fng (4599,1627) [filtered=1975]
cnt=1 s0=fng (4599,1629) [filtered=1975]
cnt=1 s0=fng (4600,1631) [filtered=1975]
cnt=1 s0=fng (4602,1635) [filtered=1975]
cnt=1 s0=fng (4603,1637) [filtered=1975]
cnt=1 s0=fng (4606,1641) [filtered=1975]
cnt=1 s0=fng (4610,1645) [filtered=1975]
cnt=1 s0=fng (4615,1651) [filtered=1975]
cnt=1 s0=fng (4618,1655) [filtered=1975]
cnt=1 s0=fng (4623,1660) [filtered=1975]
cnt=1 s0=fng (4628,1666) [filtered=1975]
cnt=1 s0=fng (4633,1672) [filtered=1975]
cnt=1 s0=fng (4639,1678) [filtered=1975]
cnt=1 s0=fng (4644,1683) [filtered=1975]
cnt=1 s0=fng (4649,1689) [filtered=1975]
cnt=1 s0=fng (4654,1695) [filtered=1975]
cnt=1 s0=fng (4658,1700) [filtered=1975]
cnt=1 s0=fng (4661,1705) [filtered=1975]
cnt=1 s0=fng (4663,1709) [filtered=1975]
cnt=1 s0=fng (4664,1712) [filtered=1975]
cnt=1 s0=fng (4665,1715) [filtered=1975]
cnt=1 s0=fng (4665,1716) [filtered=1975]
cnt=1 s0=fng (4665,1717) [filtered=1975]
cnt=1 s0=fng (4665,1718) [filtered=1975]
cnt=1 s0=fng (4662,1718) [filtered=1975]
cnt=1 s0=fng (4660,1717) [filtered=1975]
cnt=1 s0=fng (4656,1716) [filtered=1975]
cnt=1 s0=fng (4654,1716) [filtered=1975]
cnt=1 s0=fng (4651,1715) [filtered=1975]
cnt=1 s0=fng (4647,1713) [filtered=1975]
cnt=1 s0=fng (4643,1711) [filtered=1975]
cnt=1 s0=fng (4639,1710) [filtered=1975]
cnt=1 s0=fng (4636,1709) [filtered=1975]
cnt=1 s0=fng (4634,1708) [filtered=1975]
cnt=1 s0=fng (4633,1707) [filtered=1975]
cnt=1 s0=fng (4633,1707) [filtered=1975]
cnt=1 s0=fng (4633,1708) [filtered=1975]
cnt=1 s0=fng (4633,1708) [filtered=1975]
cnt=1 s0=fng (4633,1709) [filtered=1975]
cnt=1 s0=fng (4634,1710) [filtered=1975]
cnt=1 s0=fng (4635,1712) [filtered=1975]
cnt=1 s0=fng (4636,1714) [filtered=1975]
cnt=1 s0=fng (4637,1715) [filtered=1975]
cnt=1 s0=fng (4639,1717) [filtered=1975]
cnt=1 s0=fng (4641,1720) [filtered=1975]
cnt=1 s0=fng (4644,1724) [filtered=1975]
cnt=1 s0=fng (4646,1726) [filtered=1975]
cnt=1 s0=fng (4648,1729) [filtered=1975]
cnt=1 s0=fng (4650,1732) [filtered=1975]
cnt=1 s0=fng (4653,1736) [filtered=1975]
cnt=1 s0=fng (4656,1740) [filtered=1975]
cnt=1 s0=fng (4658,1742) [filtered=1975]
cnt=1 s0=fng (4661,1746) [filtered=1975]
cnt=1 s0=fng (4664,1750) [filtered=1975]
cnt=1 s0=fng (4667,1754) [filtered=1975]
cnt=1 s0=fng (4670,1758) [filtered=1975]
cnt=1 s0=fng (4672,1761) [filtered=1975]
cnt=1 s0=fng (4675,1765) [filtered=1975]
cnt=1 s0=fng (4677,1769) [filtered=1975]
cnt=1 s0=fng (4679,1773) [filtered=1975]
cnt=1 s0=fng (4681,1776) [filtered=1975]
cnt=1 s0=fng (4682,1778) [filtered=1975]
cnt=1 s0=fng (4684,1780) [filtered=1975]
cnt=1 s0=fng (4685,1782) [filtered=1975]
cnt=1 s0=fng (4686,1784) [filtered=1975]
cnt=1 s0=fng (4687,1785) [filtered=1975]
cnt=1 s0=fng (4687,1786) [filtered=1975]
cnt=1 s0=fng (4687,1787) [filtered=1975]
cnt=1 s0=fng (4687,1788) [filtered=1975]
cnt=1 s0=fng (4687,1789) [filtered=1975]
cnt=1 s0=fng (4687,1789) [filtered=1975]
cnt=1 s0=fng (4687,1789) [filtered=1975]
cnt=1 s0=fng (4687,1789) [filtered=1975]
cnt=1 s0=fng (4687,1789) [filtered=1975]
cnt=1 s0=fng (4687,1788) [filtered=1975]
cnt=1 s0=fng (4687,1788) [filtered=1975]
cnt=1 s0=fng (4686,1788) [filtered=1975]
cnt=1 s0=fng (4685,1787) [filtered=1975]
cnt=1 s0=fng (4684,1786) [filtered=1975]
cnt=1 s0=fng (4684,1785) [filtered=1975]
cnt=1 s0=fng (4684,1785) [filtered=1975]
cnt=1 s0=fng (4684,1784) [filtered=1975]
cnt=1 s0=fng (4684,1783)* [filtered=1975]
cnt=1 s0=fng (4684,1782)* [filtered=1975]
cnt=1 s0=fng (4684,1782)* [filtered=1975]
cnt=1 s0=fng (4684,1782)* [filtered=1975]
cnt=1 s0=fng (4685,1782)* [filtered=1975]
cnt=1 s0=fng (4686,1782)* [filtered=1975]
cnt=1 s0=fng (4687,1782)* [filtered=1975]
cnt=1 s0=fng (4688,1782)* [filtered=1975]
cnt=1 s0=fng (4689,1783)* [filtered=1975]
cnt=1 s0=fng (4691,1784)* [filtered=1975]
cnt=1 s0=fng (4694,1785) [filtered=1975]
cnt=1 s0=fng (4697,1787) [filtered=1975]
cnt=1 s0=fng (4698,1788) [filtered=1975]
cnt=1 s0=fng (4700,1790) [filtered=1975]
cnt=1 s0=fng (4703,1792) [filtered=1975]
cnt=1 s0=fng (4705,1794) [filtered=1975]
cnt=1 s0=fng (4708,1797) [filtered=1975]
cnt=1 s0=fng (4709,1798) [filtered=1975]
cnt=1 s0=fng (4711,1800) [filtered=1975]
cnt=1 s0=fng (4712,1802) [filtered=1975]
cnt=1 s0=fng (4713,1804) [filtered=1975]
cnt=1 s0=fng (4714,1805) [filtered=1975]
cnt=1 s0=fng (4715,1807) [filtered=1975]
cnt=1 s0=fng (4716,1809) [filtered=1975]
cnt=1 s0=fng (4717,1811) [filtered=1975]
cnt=1 s0=fng (4718,1813) [filtered=1975]
cnt=1 s0=fng (4719,1814) [filtered=1975]
cnt=1 s0=fng (4719,1815) [filtered=1975]
cnt=1 s0=fng (4719,1816) [filtered=1975]
cnt=1 s0=fng (4719,1818) [filtered=1975]
cnt=1 s0=fng (4719,1820) [filtered=1975]
cnt=1 s0=fng (4719,1821) [filtered=1975]
cnt=1 s0=fng (4719,1822) [filtered=1975]
cnt=1 s0=fng (4719,1823) [filtered=1975]
cnt=1 s0=fng (4719,1823) [filtered=1975]
cnt=1 s0=fng (4719,1823) [filtered=1975]
cnt=1 s0=fng (4719,1824) [filtered=1975]
cnt=1 s0=fng (4719,1824) [filtered=1975]
cnt=1 s0=fng (4719,1824)* [filtered=1975]
cnt=1 s0=fng (4719,1824)* [filtered=1975]
cnt=1 s0=fng (4719,1824)* [filtered=1975]
cnt=1 s0=fng (4719,1824)* [filtered=1975]
cnt=1 s0=fng (4719,1824)* [filtered=1975]
cnt=1 s0=fng (4719,1823)* [filtered=1975]
cnt=1 s0=fng (4719,1823)* [filtered=1975]
cnt=1 s0=fng (4719,1823)* [filtered=1975]
cnt=1 s0=fng (4719,1822)* [filtered=1975]
cnt=1 s0=fng (4719,1821)* [filtered=1975]
cnt=1 s0=fng (4719,1820)* [filtered=1975]
cnt=1 s0=fng (4719,1819)* [filtered=1975]
cnt=1 s0=fng (4719,1818)* [filtered=1975]
cnt=1 s0=fng (4720,1817)* [filtered=1975]
cnt=1 s0=fng (4720,1816)* [filtered=1975]
cnt=1 s0=fng (4720,1815)* [filtered=1975]
cnt=1 s0=fng (4720,1814)* [filtered=1975]
cnt=1 s0=fng (4720,1813)* [filtered=1975]
cnt=1 s0=fng (4720,1811)* [filtered=1975]
cnt=1 s0=fng (4720,1809)* [filtered=1975]
cnt=1 s0=fng (4720,1807)* [filtered=1975]
cnt=1 s0=fng (4720,1806)* [filtered=1975]
cnt=1 s0=fng (4720,1804)* [filtered=1975]
cnt=1 s0=fng (4720,1802)* [filtered=1975]
cnt=1 s0=fng (4720,1800)* [filtered=1975]
cnt=1 s0=fng (4720,1798)* [filtered=1975]
cnt=1 s0=fng (4720,1797)* [filtered=1975]
cnt=1 s0=fng (4720,1796)* [filtered=1975]
cnt=1 s0=fng (4720,1794)* [filtered=1975]
cnt=1 s0=fng (4720,1792)* [filtered=1975]
cnt=1 s0=fng (4720,1790)* [filtered=1975]
cnt=1 s0=fng (4720,1789)* [filtered=1975]
cnt=1 s0=fng (4719,1788)* [filtered=1975]
cnt=1 s0=fng (4718,1786)* [filtered=1975]
cnt=1 s0=fng (4717,1785)* [filtered=1975]
cnt=1 s0=fng (4716,1784)* [filtered=1975]
cnt=1 s0=fng (4715,1783)* [filtered=1975]
cnt=1 s0=fng (4714,1782)* [filtered=1975]
cnt=1 s0=fng (4713,1781)* [filtered=1975]
cnt=1 s0=fng (4712,1780)* [filtered=1975]
cnt=1 s0=fng (4712,1779)* [filtered=1975]
cnt=1 s0=fng (4711,1778)* [filtered=1975]
cnt=1 s0=fng (4710,1777)* [filtered=1975]
cnt=1 s0=fng (4709,1776)* [filtered=1975]
cnt=1 s0=fng (4709,1775)* [filtered=1975]
cnt=1 s0=fng (4709,1774)* [filtered=1975]
cnt=1 s0=fng (4708,1774)* [filtered=1975]
cnt=1 s0=fng (4707,1773)* [filtered=1975]
cnt=1 s0=fng (4706,1773)* [filtered=1975]
cnt=1 s0=fng (4705,1772)* [filtered=1975]
cnt=1 s0=fng (4704,1772)* [filtered=1975]
cnt=1 s0=fng (4703,1771)* [filtered=1975]
cnt=1 s0=fng (4702,1770)* [filtered=1975]
cnt=1 s0=fng (4701,1769)* [filtered=1975]
cnt=1 s0=fng (4701,1768)* [filtered=1975]
cnt=1 s0=fng (4700,1767)* [filtered=1975]
cnt=1 s0=fng (4698,1766)* [filtered=1975]
cnt=1 s0=fng (4696,1765)* [filtered=1975]
cnt=1 s0=fng (4694,1764)* [filtered=1975]
cnt=1 s0=fng (4693,1764)* [filtered=1975]
cnt=1 s0=fng (4691,1763)* [filtered=1975]
cnt=1 s0=fng (4690,1762)* [filtered=1975]
cnt=1 s0=fng (4689,1761)* [filtered=1975]
cnt=1 s0=fng (4688,1761)* [filtered=1975]
cnt=1 s0=fng (4687,1761)* [filtered=1975]
cnt=1 s0=fng (4686,1760)* [filtered=1975]
cnt=1 s0=fng (4685,1759)* [filtered=1975]
cnt=1 s0=fng (4684,1759)* [filtered=1975]
cnt=1 s0=fng (4684,1759)* [filtered=1975]
cnt=1 s0=fng (4683,1758)* [filtered=1975]
cnt=1 s0=fng (4682,1758)* [filtered=1975]
cnt=1 s0=fng (4681,1757)* [filtered=1975]
cnt=1 s0=fng (4680,1757)* [filtered=1975]
cnt=1 s0=fng (4679,1757)* [filtered=1975]
cnt=1 s0=fng (4679,1757)* [filtered=1975]
cnt=1 s0=fng (4679,1757)* [filtered=1975]
cnt=1 s0=fng (4679,1757)* [filtered=1975]
cnt=1 s0=fng (4679,1757)* [filtered=1975]
cnt=1 s0=fng (4678,1757)* [filtered=1975]
cnt=1 s0=fng (4678,1757)* [filtered=1975]
cnt=1 s0=fng (4678,1757)* [filtered=1975]
cnt=1 s0=fng (4677,1757)* [filtered=1975]
cnt=1 s0=fng (4677,1757)* [filtered=1975]
cnt=1 s0=fng (4676,1757)* [filtered=1975]
cnt=1 s0=fng (4675,1757)* [filtered=1975]
cnt=1 s0=fng (4674,1756)* [filtered=1975]
cnt=1 s0=fng (4674,1756)* [filtered=1975]
cnt=1 s0=fng (4674,1756)* [filtered=1975]
cnt=1 s0=fng (4673,1756)* [filtered=1975]
cnt=1 s0=fng (4672,1756)* [filtered=1975]
cnt=1 s0=fng (4672,1756)* [filtered=1975]
cnt=1 s0=fng (4672,1756)* [filtered=1975]
cnt=1 s0=fng (4672,1756)* [filtered=1975]
cnt=1 s0=fng (4672,1757)* [filtered=1975]
cnt=1 s0=fng (4672,1758)* [filtered=1975]
cnt=1 s0=fng (4672,1759)* [filtered=1975]
cnt=1 s0=fng (4673,1760)* [filtered=1975]
cnt=1 s0=fng (4674,1761)* [filtered=1975]
cnt=1 s0=fng (4675,1762)* [filtered=1975]
cnt=1 s0=fng (4676,1764)* [filtered=1975]
cnt=1 s0=fng (4678,1767) [filtered=1975]
cnt=1 s0=fng (4680,1770) [filtered=1975]
cnt=1 s0=fng (4681,1771) [filtered=1975]
cnt=1 s0=fng (4683,1774) [filtered=1975]
cnt=1 s0=fng (4686,1777) [filtered=1975]
cnt=1 s0=fng (4689,1780) [filtered=1975]
cnt=1 s0=fng (4691,1782) [filtered=1975]
cnt=1 s0=fng (4693,1785) [filtered=1975]
cnt=1 s0=fng (4695,1788) [filtered=1975]
cnt=1 s0=fng (4697,1792) [filtered=1975]
cnt=1 s0=fng (4699,1795) [filtered=1975]
cnt=1 s0=fng (4700,1797) [filtered=1975]
cnt=1 s0=fng (4702,1800) [filtered=1975]
cnt=1 s0=fng (4703,1803) [filtered=1975]
cnt=1 s0=fng (4704,1806) [filtered=1975]
cnt=1 s0=fng (4705,1807) [filtered=1975]
cnt=1 s0=fng (4706,1808) [filtered=1975]
cnt=1 s0=fng (4707,1809) [filtered=1975]
cnt=1 s0=fng (4708,1810) [filtered=1975]
cnt=1 s0=fng (4709,1811) [filtered=1975]
cnt=1 s0=fng (4710,1811) [filtered=1975]
cnt=1 s0=fng (4711,1812) [filtered=1975]
cnt=1 s0=fng (4712,1812) [filtered=1975]
cnt=1 s0=fng (4713,1812) [filtered=1975]
cnt=1 s0=fng (4714,1812) [filtered=1975]
cnt=1 s0=fng (4714,1812) [filtered=1975]
cnt=1 s0=fng (4715,1811) [filtered=1975]
cnt=1 s0=fng (4716,1811) [filtered=1975]
cnt=1 s0=fng (4717,1810) [filtered=1975]
cnt=1 s0=fng (4718,1808) [filtered=1975]
cnt=1 s0=fng (4718,1807) [filtered=1975]
cnt=1 s0=fng (4718,1806) [filtered=1975]
cnt=1 s0=fng (4718,1803) [filtered=1975]
cnt=1 s0=fng (4717,1800) [filtered=1975]
cnt=1 s0=fng (4716,1799) [filtered=1975]
cnt=1 s0=fng (4715,1796) [filtered=1975]
cnt=1 s0=fng (4713,1792) [filtered=1975]
cnt=1 s0=fng (4710,1788) [filtered=1975]
cnt=1 s0=fng (4706,1784) [filtered=1975]
cnt=1 s0=fng (4704,1781) [filtered=1975]
cnt=1 s0=fng (4700,1776) [filtered=1975]
cnt=1 s0=fng (4696,1771) [filtered=1975]
cnt=1 s0=fng (4692,1766) [filtered=1975]
cnt=1 s0=fng (4688,1761) [filtered=1975]
cnt=1 s0=fng (4685,1757) [filtered=1975]
cnt=1 s0=fng (4681,1751) [filtered=1975]
cnt=1 s0=fng (4678,1745) [filtered=1975]
cnt=1 s0=fng (4675,1739) [filtered=1975]
cnt=1 s0=fng (4673,1734) [filtered=1975]
cnt=1 s0=fng (4671,1728) [filtered=1975]
cnt=1 s0=fng (4670,1722) [filtered=1975]
cnt=1 s0=fng (4670,1716) [filtered=1975]
cnt=1 s0=fng (4670,1710) [filtered=1975]
cnt=1 s0=fng (4670,1705) [filtered=1975]
cnt=1 s0=fng (4671,1700) [filtered=1975]
cnt=1 s0=fng (4672,1695) [filtered=1975]
cnt=1 s0=fng (4674,1690) [filtered=1975]
cnt=1 s0=fng (4676,1686) [filtered=1975]
cnt=1 s0=fng (4677,1683) [filtered=1975]
cnt=1 s0=fng (4679,1681) [filtered=1975]
cnt=1 s0=fng (4682,1680) [filtered=1975]
cnt=1 s0=fng (4685,1680) [filtered=1975]
cnt=1 s0=fng (4687,1680) [filtered=1975]
cnt=1 s0=fng (4688,1680) [filtered=1975]
cnt=1 s0=fng (4690,1681) [filtered=1975]
cnt=1 s0=fng (4692,1682) [filtered=1975]
cnt=1 s0=fng (4694,1684) [filtered=1975]
cnt=1 s0=fng (4695,1685) [filtered=1975]
cnt=1 s0=fng (4696,1687) [filtered=1975]
cnt=1 s0=fng (4697,1690) [filtered=1975]
cnt=1 s0=fng (4698,1694) [filtered=1975]
cnt=1 s0=fng (4699,1698) [filtered=1975]
cnt=1 s0=fng (4699,1700) [filtered=1975]
cnt=1 s0=fng (4700,1704) [filtered=1975]
cnt=1 s0=fng (4701,1709) [filtered=1975]
cnt=1 s0=fng (4703,1714) [filtered=1975]
cnt=1 s0=fng (4705,1719) [filtered=1975]
cnt=1 s0=fng (4706,1723) [filtered=1975]
cnt=1 s0=fng (4708,1729) [filtered=1975]
cnt=1 s0=fng (4711,1736) [filtered=1975]
cnt=1 s0=fng (4714,1743) [filtered=1975]
cnt=1 s0=fng (4714,1743) [filtered=1975]
cnt=1 s0=fng (4704,1761) [filtered=1975]
cnt=1 s0=fng (4703,1760) [filtered=1975]
cnt=1 s0=fng (4699,1758) [filtered=1975]
cnt=1 s0=fng (4697,1757) [filtered=1975]
cnt=1 s0=fng (4691,1754) [filtered=1975]
cnt=1 s0=fng (4683,1748) [filtered=1975]
cnt=1 s0=fng (4672,1741) [filtered=1975]
cnt=1 s0=fng (4662,1735) [filtered=1975]
cnt=1 s0=fng (4649,1728) [filtered=1975]
cnt=1 s0=fng (4636,1720) [filtered=1975]
cnt=1 s0=fng (4624,1712) [filtered=1975]
cnt=1 s0=fng (4613,1704) [filtered=1975]
cnt=1 s0=fng (4602,1697) [filtered=1975]
cnt=1 s0=fng (4594,1690) [filtered=1975]
cnt=1 s0=fng (4587,1683) [filtered=1975]
cnt=1 s0=fng (4581,1677) [filtered=1975]
cnt=1 s0=fng (4576,1671) [filtered=1975]
cnt=1 s0=fng (4572,1666) [filtered=1975]
cnt=1 s0=fng (4568,1660) [filtered=1975]
cnt=1 s0=fng (4565,1655) [filtered=1975]
cnt=1 s0=fng (4561,1650) [filtered=1975]
cnt=1 s0=fng (4558,1646) [filtered=1975]
cnt=1 s0=fng (4556,1641) [filtered=1975]
cnt=1 s0=fng (4554,1636) [filtered=1975]
cnt=1 s0=fng (4553,1632) [filtered=1975]
cnt=1 s0=fng (4551,1628) [filtered=1975]
cnt=1 s0=fng (4550,1625) [filtered=1975]
cnt=1 s0=fng (4549,1622) [filtered=1975]
cnt=1 s0=fng (4548,1618) [filtered=1975]
cnt=1 s0=fng (4547,1615) [filtered=1975]
cnt=1 s0=fng (4546,1612) [filtered=1975]
cnt=1 s0=fng (4546,1610) [filtered=1975]
cnt=1 s0=fng (4545,1608) [filtered=1975]
cnt=1 s0=fng (4544,1605) [filtered=1975]
cnt=1 s0=fng (4544,1602) [filtered=1975]
cnt=1 s0=fng (4544,1600) [filtered=1975]
cnt=1 s0=fng (4544,1599) [filtered=1975]
cnt=1 s0=fng (4544,1598) [filtered=1975]
cnt=1 s0=fng (4544,1596) [filtered=1975]
cnt=1 s0=fng (4544,1594) [filtered=1975]
cnt=1 s0=fng (4544,1593) [filtered=1975]
cnt=1 s0=fng (4544,1592) [filtered=1975]
cnt=1 s0=fng (4544,1590) [filtered=1975]
cnt=1 s0=fng (4544,1589) [filtered=1975]
cnt=1 s0=fng (4543,1588) [filtered=1975]
cnt=1 s0=fng (4543,1587) [filtered=1975]
cnt=1 s0=fng (4543,1586) [filtered=1975]
cnt=1 s0=fng (4543,1585) [filtered=1975]
cnt=1 s0=fng (4543,1584) [filtered=1975]
cnt=1 s0=fng (4543,1584) [filtered=1975]
cnt=1 s0=fng (4543,1583) [filtered=1975]
cnt=1 s0=fng (4543,1582) [filtered=1975]
cnt=1 s0=fng (4543,1581) [filtered=1975]
cnt=1 s0=fng (4543,1581)* [filtered=1975]
cnt=1 s0=fng (4543,1581)* [filtered=1975]
cnt=1 s0=fng (4543,1581)* [filtered=1975]
cnt=1 s0=fng (4543,1581)* [filtered=1975]
cnt=1 s0=fng (4544,1581)* [filtered=1975]
cnt=1 s0=fng (4544,1581)* [filtered=1975]
cnt=1 s0=fng (4544,1581)* [filtered=1975]
cnt=1 s0=fng (4545,1581)* [filtered=1975]
cnt=1 s0=fng (4546,1581)* [filtered=1975]
cnt=1 s0=fng (4547,1581)* [filtered=1975]
cnt=1 s0=fng (4548,1581)* [filtered=1975]
cnt=1 s0=fng (4548,1581)* [filtered=1975]
cnt=1 s0=fng (4548,1581)* [filtered=1975]
cnt=1 s0=fng (4549,1582)* [filtered=1975]
cnt=1 s0=fng (4550,1582)* [filtered=1975]
cnt=1 s0=fng (4551,1583)* [filtered=1975]
cnt=1 s0=fng (4551,1583)* [filtered=1975]
cnt=1 s0=fng (4551,1584)* [filtered=1975]
cnt=1 s0=fng (4552,1584)* [filtered=1975]
cnt=1 s0=fng (4552,1585)* [filtered=1975]
cnt=1 s0=fng (4553,1585)* [filtered=1975]
cnt=1 s0=fng (4553,1585)* [filtered=1975]
cnt=1 s0=fng (4554,1586)* [filtered=1975]
cnt=1 s0=fng (4554,1586)* [filtered=1975]
cnt=1 s0=fng (4555,1587)* [filtered=1975]
cnt=1 s0=fng (4555,1587)* [filtered=1975]
cnt=1 s0=fng (4555,1588)* [filtered=1975]
cnt=1 s0=fng (4556,1588)* [filtered=1975]
cnt=1 s0=fng (4556,1589)* [filtered=1975]
cnt=1 s0=fng (4557,1589)* [filtered=1975]
cnt=1 s0=fng (4557,1589)* [filtered=1975]
cnt=1 s0=fng (4557,1590)* [filtered=1975]
cnt=1 s0=fng (4558,1591)* [filtered=1975]
cnt=1 s0=fng (4559,1591)* [filtered=1975]
cnt=1 s0=fng (4559,1591)* [filtered=1975]
cnt=1 s0=fng (4559,1591)* [filtered=1975]
cnt=1 s0=fng (4560,1591)* [filtered=1975]
cnt=1 s0=fng (4560,1591)* [filtered=1975]
cnt=1 s0=fng (4560,1591)* [filtered=1975]
cnt=1 s0=fng (4561,1592)* [filtered=1975]
cnt=1 s0=fng (4561,1592)* [filtered=1975]
cnt=1 s0=fng (4561,1592)* [filtered=1975]
cnt=1 s0=fng (4562,1593)* [filtered=1975]
cnt=1 s0=fng (4563,1593)* [filtered=1975]
cnt=1 s0=fng (4563,1593)* [filtered=1975]
cnt=1 s0=fng (4564,1594)* [filtered=1975]
cnt=1 s0=fng (4565,1595)* [filtered=1975]
cnt=1 s0=fng (4566,1595)* [filtered=1975]
cnt=1 s0=fng (4567,1596)* [filtered=1975]
cnt=1 s0=fng (4568,1596)* [filtered=1975]
cnt=1 s0=fng (4569,1597)* [filtered=1975]
cnt=1 s0=fng (4571,1598)* [filtered=1975]
cnt=1 s0=fng (4572,1599)* [filtered=1975]
cnt=1 s0=fng (4573,1600)* [filtered=1975]
cnt=1 s0=fng (4574,1600)* [filtered=1975]
cnt=1 s0=fng (4575,1601)* [filtered=1975]
cnt=1 s0=fng (4576,1602)* [filtered=1975]
cnt=1 s0=fng (4577,1603)* [filtered=1975]
cnt=1 s0=fng (4577,1604)* [filtered=1975]
cnt=1 s0=fng (4577,1605)* [filtered=1975]
cnt=1 s0=fng (4578,1606)* [filtered=1975]
cnt=1 s0=fng (4578,1607)* [filtered=1975]
cnt=1 s0=fng (4579,1607)* [filtered=1975]
cnt=1 s0=fng (4579,1607)* [filtered=1975]
cnt=1 s0=fng (4579,1608)* [filtered=1975]
cnt=1 s0=fng (4579,1608)* [filtered=1975]
cnt=1 s0=fng (4579,1609)* [filtered=1975]
cnt=1 s0=fng (4579,1610)* [filtered=1975]
cnt=1 s0=fng (4579,1610)* [filtered=1975]
cnt=1 s0=fng (4579,1610)* [filtered=1975]
cnt=1 s0=fng (4579,1611)* [filtered=1975]
cnt=1 s0=fng (4579,1611)* [filtered=1975]
cnt=1 s0=fng (4579,1611)* [filtered=1975]
cnt=1 s0=fng (4579,1611)* [filtered=1975]
cnt=1 s0=fng (4579,1611)* [filtered=1975]
cnt=1 s0=fng (4579,1611)* [filtered=1975]
cnt=1 s0=fng (4579,1611)* [filtered=1975]
cnt=1 s0=fng (4579,1611)* [filtered=1975]
cnt=1 s0=fng (4579,1611)* [filtered=1975]
cnt=1 s0=fng (4579,1611)* [filtered=1975]
cnt=1 s0=fng (4578,1611)* [filtered=1975]
cnt=1 s0=fng (4577,1610)* [filtered=1975]
cnt=1 s0=fng (4577,1610)* [filtered=1975]
cnt=1 s0=fng (4576,1609)* [filtered=1975]
cnt=1 s0=fng (4575,1608)* [filtered=1975]
cnt=1 s0=fng (4573,1606) [filtered=1975]
cnt=1 s0=fng (4571,1604) [filtered=1975]
cnt=1 s0=fng (4570,1603) [filtered=1975]
cnt=1 s0=fng (4568,1601) [filtered=1975]
cnt=1 s0=fng (4565,1598) [filtered=1975]
cnt=1 s0=fng (4561,1595) [filtered=1975]
cnt=1 s0=fng (4557,1592) [filtered=1975]
cnt=1 s0=fng (4554,1590) [filtered=1975]
cnt=1 s0=fng (4550,1587) [filtered=1975]
cnt=1 s0=fng (4546,1584) [filtered=1975]
cnt=1 s0=fng (4542,1581) [filtered=1975]
cnt=1 s0=fng (4539,1579) [filtered=1975]
cnt=1 s0=fng (4535,1576) [filtered=1975]
cnt=1 s0=fng (4531,1573) [filtered=1975]
cnt=1 s0=fng (4527,1570) [filtered=1975]
cnt=1 s0=fng (4523,1567) [filtered=1975]
cnt=1 s0=fng (4520,1565) [filtered=1975]
cnt=1 s0=fng (4517,1563) [filtered=1975]
cnt=1 s0=fng (4514,1561) [filtered=1975]
cnt=1 s0=fng (4512,1559) [filtered=1975]
cnt=1 s0=fng (4510,1557) [filtered=1975]
cnt=1 s0=fng (4509,1556) [filtered=1975]
cnt=1 s0=fng (4508,1555) [filtered=1975]
cnt=1 s0=fng (4507,1555) [filtered=1975]
cnt=1 s0=fng (4507,1554) [filtered=1975]
cnt=1 s0=fng (4507,1554) [filtered=1975]
cnt=1 s0=fng (4507,1554) [filtered=1975]
cnt=1 s0=fng (4508,1554) [filtered=1975]
cnt=1 s0=fng (4509,1555) [filtered=1975]
cnt=1 s0=fng (4510,1556) [filtered=1975]
cnt=1 s0=fng (4511,1556) [filtered=1975]
cnt=1 s0=fng (4512,1557) [filtered=1975]
cnt=1 s0=fng (4514,1559) [filtered=1975]
cnt=1 s0=fng (4516,1561) [filtered=1975]
cnt=1 s0=fng (4518,1564) [filtered=1975]
cnt=1 s0=fng (4519,1565) [filtered=1975]
cnt=1 s0=fng (4521,1567) [filtered=1975]
cnt=1 s0=fng (4524,1570) [filtered=1975]
cnt=1 s0=fng (4527,1574) [filtered=1975]
cnt=1 s0=fng (4530,1578) [filtered=1975]
cnt=1 s0=fng (4532,1581) [filtered=1975]
cnt=1 s0=fng (4535,1586) [filtered=1975]
cnt=1 s0=fng (4538,1591) [filtered=1975]
cnt=1 s0=fng (4541,1596) [filtered=1975]
cnt=1 s0=fng (4545,1601) [filtered=1975]
cnt=1 s0=fng (4547,1605) [filtered=1975]
cnt=1 s0=fng (4550,1610) [filtered=1975]
cnt=1 s0=fng (4553,1616) [filtered=1975]
cnt=1 s0=fng (4556,1622) [filtered=1975]
cnt=1 s0=fng (4560,1629) [filtered=1975]
cnt=1 s0=fng (4562,1635) [filtered=1975]
cnt=1 s0=fng (4565,1641) [filtered=1975]
cnt=1 s0=fng (4568,1648) [filtered=1975]
cnt=1 s0=fng (4572,1655) [filtered=1975]
cnt=1 s0=fng (4576,1663) [filtered=1975]
cnt=1 s0=fng (4578,1670) [filtered=1975]
cnt=1 s0=fng (4582,1677) [filtered=1975]
cnt=1 s0=fng (4586,1684) [filtered=1975]
cnt=1 s0=fng (4591,1691) [filtered=1975]
cnt=1 s0=fng (4596,1699) [filtered=1975]
cnt=1 s0=fng (4600,1706) [filtered=1975]
cnt=1 s0=fng (4604,1713) [filtered=1975]
cnt=1 s0=fng (4610,1721) [filtered=1975]
cnt=1 s0=fng (4616,1729) [filtered=1975]
cnt=1 s0=fng (4616,1729) [filtered=1975]
cnt=1 s0=fng (4738,1732) [filtered=1975]
cnt=1 s0=fng (4737,1732) [filtered=1975]
cnt=1 s0=fng (4736,1731) [filtered=1975]
cnt=1 s0=fng (4735,1731) [filtered=1975]
cnt=1 s0=fng (4734,1731) [filtered=1975]
cnt=1 s0=fng (4733,1730) [filtered=1975]
cnt=1 s0=fng (4732,1729) [filtered=1975]
cnt=1 s0=fng (4732,1729) [filtered=1975]
cnt=1 s0=fng (4732,1729) [filtered=1975]
cnt=1 s0=fng (4732,1728) [filtered=1975]
cnt=1 s0=fng (4732,1728) [filtered=1975]
cnt=1 s0=fng (4732,1727) [filtered=1975]
cnt=1 s0=fng (4732,1726) [filtered=1975]
cnt=1 s0=fng (4732,1725) [filtered=1975]
cnt=1 s0=fng (4732,1725) [filtered=1975]
cnt=1 s0=fng (4732,1725) [filtered=1975]
cnt=1 s0=fng (4743,1748) [filtered=1975]
cnt=1 s0=fng (4743,1748) [filtered=1975]
cnt=1 s0=fng (4743,1748) [filtered=1975]
cnt=1 s0=fng (4743,1748) [filtered=1975]
cnt=1 s0=fng (4743,1747) [filtered=1975]
cnt=1 s0=fng (4743,1747) [filtered=1975]
cnt=1 s0=fng (4743,1746) [filtered=1975]
cnt=1 s0=fng (4743,1746) [filtered=1975]
cnt=1 s0=fng (4743,1746) [filtered=1975]
cnt=1 s0=fng (4743,1745) [filtered=1975]
cnt=1 s0=fng (4742,1744) [filtered=1975]
cnt=1 s0=fng (4741,1743) [filtered=1975]
cnt=1 s0=fng (4741,1743) [filtered=1975]
cnt=1 s0=fng (4740,1742) [filtered=1975]
cnt=1 s0=fng (4739,1741) [filtered=1975]
cnt=1 s0=fng (4738,1740) [filtered=1975]
cnt=1 s0=fng (4737,1739) [filtered=1975]
cnt=1 s0=fng (4737,1738) [filtered=1975]
cnt=1 s0=fng (4736,1737) [filtered=1975]
cnt=1 s0=fng (4735,1737) [filtered=1975]
cnt=1 s0=fng (4734,1736)* [filtered=1975]
cnt=1 s0=fng (4733,1736)* [filtered=1975]
cnt=1 s0=fng (4732,1736)* [filtered=1975]
cnt=1 s0=fng (4731,1736)* [filtered=1975]
cnt=1 s0=fng (4730,1735)* [filtered=1975]
cnt=1 s0=fng (4728,1735)* [filtered=1975]
cnt=1 s0=fng (4727,1735)* [filtered=1975]
cnt=1 s0=fng (4725,1734)* [filtered=1975]
cnt=1 s0=fng (4723,1733)* [filtered=1975]
cnt=1 s0=fng (4720,1732) [filtered=1975]
cnt=1 s0=fng (4717,1730) [filtered=1975]
cnt=1 s0=fng (4715,1729) [filtered=1975]
cnt=1 s0=fng (4712,1728) [filtered=1975]
cnt=1 s0=fng (4709,1726) [filtered=1975]
cnt=1 s0=fng (4706,1724) [filtered=1975]
cnt=1 s0=fng (4704,1723) [filtered=1975]
cnt=1 s0=fng (4703,1721) [filtered=1975]
cnt=1 s0=fng (4702,1719) [filtered=1975]
cnt=1 s0=fng (4700,1716) [filtered=1975]
cnt=1 s0=fng (4699,1714) [filtered=1975]
cnt=1 s0=fng (4699,1714) [filtered=1975]
cnt=1 s0=fng (4699,1713) [filtered=1975]
cnt=1 s0=fng (4699,1712) [filtered=1975]
cnt=1 s0=fng (4700,1711) [filtered=1975]
cnt=1 s0=fng (4701,1710) [filtered=1975]
cnt=1 s0=fng (4702,1710) [filtered=1975]
cnt=1 s0=fng (4703,1710) [filtered=1975]
cnt=1 s0=fng (4704,1710) [filtered=1975]
cnt=1 s0=fng (4705,1710) [filtered=1975]
cnt=1 s0=fng (4706,1710) [filtered=1975]
cnt=1 s0=fng (4706,1710) [filtered=1975]
cnt=1 s0=fng (4707,1710) [filtered=1975]
cnt=1 s0=fng (4708,1711) [filtered=1975]
cnt=1 s0=fng (4709,1712) [filtered=1975]
cnt=1 s0=fng (4709,1712) [filtered=1975]
cnt=1 s0=fng (4709,1712) [filtered=1975]
cnt=1 s0=fng (4709,1713) [filtered=1975]
cnt=1 s0=fng (4709,1714) [filtered=1975]
cnt=1 s0=fng (4709,1715)* [filtered=1975]
cnt=1 s0=fng (4709,1716)* [filtered=1975]
cnt=1 s0=fng (4709,1717)* [filtered=1975]
cnt=1 s0=fng (4709,1718)* [filtered=1975]
cnt=1 s0=fng (4708,1719)* [filtered=1975]
cnt=1 s0=fng (4707,1720)* [filtered=1975]
cnt=1 s0=fng (4706,1721)* [filtered=1975]
cnt=1 s0=fng (4705,1722)* [filtered=1975]
cnt=1 s0=fng (4704,1723)* [filtered=1975]
cnt=1 s0=fng (4703,1724)* [filtered=1975]
cnt=1 s0=fng (4703,1725)* [filtered=1975]
cnt=1 s0=fng (4702,1726)* [filtered=1975]
cnt=1 s0=fng (4701,1727)* [filtered=1975]
cnt=1 s0=fng (4700,1728)* [filtered=1975]
cnt=1 s0=fng (4699,1729)* [filtered=1975]
cnt=1 s0=fng (4698,1730)* [filtered=1975]
cnt=1 s0=fng (4698,1731)* [filtered=1975]
cnt=1 s0=fng (4698,1732)* [filtered=1975]
cnt=1 s0=fng (4698,1732)* [filtered=1975]
cnt=1 s0=fng (4698,1733)* [filtered=1975]
cnt=1 s0=fng (4698,1733)* [filtered=1975]
cnt=1 s0=fng (4698,1733)* [filtered=1975]
cnt=1 s0=fng (4697,1733)* [filtered=1975]
cnt=1 s0=fng (4696,1733)* [filtered=1975]
cnt=1 s0=fng (4695,1733)* [filtered=1975]
cnt=1 s0=fng (4695,1733)* [filtered=1975]
cnt=1 s0=fng (4694,1733)* [filtered=1975]
cnt=1 s0=fng (4693,1733)* [filtered=1975]
cnt=1 s0=fng (4692,1733)* [filtered=1975]
cnt=1 s0=fng (4692,1733)* [filtered=1975]
cnt=1 s0=fng (4691,1732)* [filtered=1975]
cnt=1 s0=fng (4690,1732)* [filtered=1975]
cnt=1 s0=fng (4688,1731)* [filtered=1975]
cnt=1 s0=fng (4687,1730)* [filtered=1975]
cnt=1 s0=fng (4686,1729)* [filtered=1975]
cnt=1 s0=fng (4685,1728)* [filtered=1975]
cnt=1 s0=fng (4683,1727)* [filtered=1975]
cnt=1 s0=fng (4681,1726)* [filtered=1975]
cnt=1 s0=fng (4680,1726)* [filtered=1975]
cnt=1 s0=fng (4678,1725)* [filtered=1975]
cnt=1 s0=fng (4676,1724)* [filtered=1975]
cnt=1 s0=fng (4674,1723)* [filtered=1975]
cnt=1 s0=fng (4672,1722)* [filtered=1975]
cnt=1 s0=fng (4671,1721)* [filtered=1975]
cnt=1 s0=fng (4669,1720)* [filtered=1975]
cnt=1 s0=fng (4667,1719)* [filtered=1975]
cnt=1 s0=fng (4665,1718)* [filtered=1975]
cnt=1 s0=fng (4663,1717)* [filtered=1975]
cnt=1 s0=fng (4662,1716)* [filtered=1975]
cnt=1 s0=fng (4660,1715)* [filtered=1975]
cnt=1 s0=fng (4658,1714)* [filtered=1975]
cnt=1 s0=fng (4657,1713)* [filtered=1975]
cnt=1 s0=fng (4655,1712)* [filtered=1975]
cnt=1 s0=fng (4654,1711)* [filtered=1975]
cnt=1 s0=fng (4653,1710)* [filtered=1975]
cnt=1 s0=fng (4652,1709)* [filtered=1975]
cnt=1 s0=fng (4651,1708)* [filtered=1975]
cnt=1 s0=fng (4651,1708)* [filtered=1975]
cnt=1 s0=fng (4650,1707)* [filtered=1975]
cnt=1 s0=fng (4649,1706)* [filtered=1975]
cnt=1 s0=fng (4648,1705)* [filtered=1975]
cnt=1 s0=fng (4647,1704)* [filtered=1975]
cnt=1 s0=fng (4647,1703)* [filtered=1975]
cnt=1 s0=fng (4646,1702)* [filtered=1975]
cnt=1 s0=fng (4645,1701)* [filtered=1975]
cnt=1 s0=fng (4644,1700)* [filtered=1975]
cnt=1 s0=fng (4643,1699)* [filtered=1975]
cnt=1 s0=fng (4642,1698)* [filtered=1975]
cnt=1 s0=fng (4641,1697)* [filtered=1975]
cnt=1 s0=fng (4640,1696)* [filtered=1975]
cnt=1 s0=fng (4640,1695)* [filtered=1975]
cnt=1 s0=fng (4640,1694)* [filtered=1975]
cnt=1 s0=fng (4640,1694)* [filtered=1975]
cnt=1 s0=fng (4640,1693)* [filtered=1975]
cnt=1 s0=fng (4640,1692)* [filtered=1975]
cnt=1 s0=fng (4640,1691)* [filtered=1975]
cnt=1 s0=fng (4640,1691)* [filtered=1975]
cnt=1 s0=fng (4639,1690)* [filtered=1975]
cnt=1 s0=fng (4639,1689)* [filtered=1975]
cnt=1 s0=fng (4638,1688)* [filtered=1975]
cnt=1 s0=fng (4637,1687)* [filtered=1975]
cnt=1 s0=fng (4636,1686)* [filtered=1975]
cnt=1 s0=fng (4635,1685)* [filtered=1975]
cnt=1 s0=fng (4634,1684)* [filtered=1975]
cnt=1 s0=fng (4633,1683)* [filtered=1975]
cnt=1 s0=fng (4632,1682)* [filtered=1975]
cnt=1 s0=fng (4632,1682)* [filtered=1975]
cnt=1 s0=fng (4631,1681)* [filtered=1975]
cnt=1 s0=fng (4630,1680)* [filtered=1975]
cnt=1 s0=fng (4629,1679)* [filtered=1975]
cnt=1 s0=fng (4628,1678)* [filtered=1975]
cnt=1 s0=fng (4627,1677)* [filtered=1975]
cnt=1 s0=fng (4626,1676)* [filtered=1975]
cnt=1 s0=fng (4625,1675)* [filtered=1975]
cnt=1 s0=fng (4624,1674)* [filtered=1975]
cnt=1 s0=fng (4624,1674)* [filtered=1975]
cnt=1 s0=fng (4623,1673)* [filtered=1975]
cnt=1 s0=fng (4622,1672)* [filtered=1975]
cnt=1 s0=fng (4621,1671)* [filtered=1975]
cnt=1 s0=fng (4619,1669) [filtered=1975]
cnt=1 s0=fng (4618,1668) [filtered=1975]
cnt=1 s0=fng (4617,1667) [filtered=1975]
cnt=1 s0=fng (4615,1666) [filtered=1975]
cnt=1 s0=fng (4612,1664) [filtered=1975]
cnt=1 s0=fng (4609,1661) [filtered=1975]
cnt=1 s0=fng (4607,1660) [filtered=1975]
cnt=1 s0=fng (4603,1657) [filtered=1975]
cnt=1 s0=fng (4600,1654) [filtered=1975]
cnt=1 s0=fng (4597,1650) [filtered=1975]
cnt=1 s0=fng (4595,1648) [filtered=1975]
cnt=1 s0=fng (4594,1644) [filtered=1975]
cnt=1 s0=fng (4591,1640) [filtered=1975]
cnt=1 s0=fng (4588,1636) [filtered=1975]
cnt=1 s0=fng (4585,1632) [filtered=1975]
cnt=1 s0=fng (4583,1629) [filtered=1975]
cnt=1 s0=fng (4581,1625) [filtered=1975]
cnt=1 s0=fng (4579,1621) [filtered=1975]
cnt=1 s0=fng (4576,1617) [filtered=1975]
cnt=1 s0=fng (4574,1613) [filtered=1975]
cnt=1 s0=fng (4573,1610) [filtered=1975]
cnt=1 s0=fng (4572,1608) [filtered=1975]
cnt=1 s0=fng (4571,1605) [filtered=1975]
cnt=1 s0=fng (4570,1602) [filtered=1975]
cnt=1 s0=fng (4569,1600) [filtered=1975]
cnt=1 s0=fng (4569,1599) [filtered=1975]
cnt=1 s0=fng (4569,1599) [filtered=1975]
cnt=1 s0=fng (4569,1598) [filtered=1975]
cnt=1 s0=fng (4569,1598) [filtered=1975]
cnt=1 s0=fng (4569,1598) [filtered=1975]
cnt=1 s0=fng (4569,1598) [filtered=1975]
cnt=1 s0=fng (4569,1599) [filtered=1975]
cnt=1 s0=fng (4570,1599) [filtered=1975]
cnt=1 s0=fng (4570,1600) [filtered=1975]
cnt=1 s0=fng (4570,1600) [filtered=1975]
cnt=1 s0=fng (4571,1601) [filtered=1975]
cnt=1 s0=fng (4572,1603) [filtered=1975]
cnt=1 s0=fng (4573,1605) [filtered=1975]
cnt=1 s0=fng (4575,1608) [filtered=1975]
cnt=1 s0=fng (4576,1610) [filtered=1975]
cnt=1 s0=fng (4577,1613) [filtered=1975]
cnt=1 s0=fng (4578,1616) [filtered=1975]
cnt=1 s0=fng (4580,1619) [filtered=1975]
cnt=1 s0=fng (4582,1622) [filtered=1975]
cnt=1 s0=fng (4583,1624) [filtered=1975]
cnt=1 s0=fng (4584,1627) [filtered=1975]
cnt=1 s0=fng (4586,1630) [filtered=1975]
cnt=1 s0=fng (4588,1633) [filtered=1975]
cnt=1 s0=fng (4589,1635) [filtered=1975]
cnt=1 s0=fng (4590,1637) [filtered=1975]
cnt=1 s0=fng (4592,1640) [filtered=1975]
cnt=1 s0=fng (4594,1643) [filtered=1975]
cnt=1 s0=fng (4596,1645) [filtered=1975]
cnt=1 s0=fng (4597,1646) [filtered=1975]
cnt=1 s0=fng (4598,1648) [filtered=1975]
cnt=1 s0=fng (4599,1650) [filtered=1975]
cnt=1 s0=fng (4602,1652) [filtered=1975]
cnt=1 s0=fng (4605,1653) [filtered=1975]
cnt=1 s0=fng (4606,1654) [filtered=1975]
cnt=1 s0=fng (4608,1655) [filtered=1975]
cnt=1 s0=fng (4611,1657) [filtered=1975]
cnt=1 s0=fng (4614,1658) [filtered=1975]
cnt=1 s0=fng (4617,1659) [filtered=1975]
cnt=1 s0=fng (4618,1660) [filtered=1975]
cnt=1 s0=fng (4620,1661) [filtered=1975]
cnt=1 s0=fng (4622,1662) [filtered=1975]
cnt=1 s0=fng (4624,1663) [filtered=1975]
cnt=1 s0=fng (4625,1663) [filtered=1975]
cnt=1 s0=fng (4627,1663) [filtered=1975]
cnt=1 s0=fng (4629,1663) [filtered=1975]
cnt=1 s0=fng (4631,1663) [filtered=1975]
cnt=1 s0=fng (4632,1663) [filtered=1975]
cnt=1 s0=fng (4633,1663) [filtered=1975]
cnt=1 s0=fng (4634,1663) [filtered=1975]
cnt=1 s0=fng (4635,1663) [filtered=1975]
cnt=1 s0=fng (4636,1663) [filtered=1975]
cnt=1 s0=fng (4637,1663) [filtered=1975]
cnt=1 s0=fng (4637,1663) [filtered=1975]
cnt=1 s0=fng (4638,1663) [filtered=1975]
cnt=1 s0=fng (4639,1663) [filtered=1975]
cnt=1 s0=fng (4640,1663) [filtered=1975]
cnt=1 s0=fng (4640,1663) [filtered=1975]
cnt=1 s0=fng (4640,1663)* [filtered=1975]
cnt=1 s0=fng (4641,1663)* [filtered=1975]
cnt=1 s0=fng (4641,1663)* [filtered=1975]
cnt=1 s0=fng (4641,1663)* [filtered=1975]
cnt=1 s0=fng (4641,1663)* [filtered=1975]
cnt=1 s0=fng (4641,1663)* [filtered=1975]
cnt=1 s0=fng (4641,1664)* [filtered=1975]
cnt=1 s0=fng (4641,1664)* [filtered=1975]
cnt=1 s0=fng (4641,1665)* [filtered=1975]
cnt=1 s0=fng (4641,1665)* [filtered=1975]
cnt=1 s0=fng (4641,1665)* [filtered=1975]
cnt=1 s0=fng (4641,1666)* [filtered=1975]
cnt=1 s0=fng (4642,1667)* [filtered=1975]
cnt=1 s0=fng (4642,1667)* [filtered=1975]
cnt=1 s0=fng (4642,1667)* [filtered=1975]
cnt=1 s0=fng (4643,1668)* [filtered=1975]
cnt=1 s0=fng (4644,1668)* [filtered=1975]
cnt=1 s0=fng (4645,1669)* [filtered=1975]
cnt=1 s0=fng (4645,1669)* [filtered=1975]
cnt=1 s0=fng (4645,1669)* [filtered=1975]
cnt=1 s0=fng (4646,1669)* [filtered=1975]
cnt=1 s0=fng (4647,1669)* [filtered=1975]
cnt=1 s0=fng (4648,1669)* [filtered=1975]
cnt=1 s0=fng (4649,1669)* [filtered=1975]
cnt=1 s0=fng (4649,1669)* [filtered=1975]
cnt=1 s0=fng (4650,1669)* [filtered=1975]
cnt=1 s0=fng (4651,1669)* [filtered=1975]
cnt=1 s0=fng (4652,1669)* [filtered=1975]
cnt=1 s0=fng (4652,1669)* [filtered=1975]
cnt=1 s0=fng (4653,1669)* [filtered=1975]
cnt=1 s0=fng (4653,1669)* [filtered=1975]
cnt=1 s0=fng (4653,1669)* [filtered=1975]
cnt=1 s0=fng (4653,1669)* [filtered=1975]
cnt=1 s0=fng (4653,1669)* [filtered=1975]
cnt=1 s0=fng (4653,1669)* [filtered=1975]
cnt=1 s0=fng (4653,1668)* [filtered=1975]
cnt=1 s0=fng (4653,1668)* [filtered=1975]
cnt=1 s0=fng (4653,1667)* [filtered=1975]
cnt=1 s0=fng (4653,1667)* [filtered=1975]
cnt=1 s0=fng (4653,1667)* [filtered=1975]
cnt=1 s0=fng (4653,1666)* [filtered=1975]
cnt=1 s0=fng (4653,1666)* [filtered=1975]
cnt=1 s0=fng (4653,1665)* [filtered=1975]
cnt=1 s0=fng (4653,1665)* [filtered=1975]
cnt=1 s0=fng (4653,1665)* [filtered=1975]
cnt=1 s0=fng (4653,1665)* [filtered=1975]
cnt=1 s0=fng (4653,1665)* [filtered=1975]
cnt=1 s0=fng (4653,1665)* [filtered=1975]
cnt=1 s0=fng (4653,1665)* [filtered=1975]
cnt=1 s0=fng (4653,1665)* [filtered=1975]
cnt=1 s0=fng (4653,1665)* [filtered=1975]
cnt=1 s0=fng (4653,1665)* [filtered=1975]
cnt=1 s0=fng (4653,1665)* [filtered=1975]
cnt=1 s0=fng (4653,1665)* [filtered=1975]
cnt=1 s0=fng (4654,1665)* [filtered=1975]
cnt=1 s0=fng (4655,1665)* [filtered=1975]
cnt=1 s0=fng (4656,1665)* [filtered=1975]
cnt=1 s0=fng (4657,1665)* [filtered=1975]
cnt=1 s0=fng (4657,1665)* [filtered=1975]
cnt=1 s0=fng (4657,1665)* [filtered=1975]
cnt=1 s0=fng (4658,1665)* [filtered=1975]
cnt=1 s0=fng (4658,1665)* [filtered=1975]
cnt=1 s0=fng (4658,1665)* [filtered=1975]
cnt=1 s0=fng (4658,1665)* [filtered=1975]
cnt=1 s0=fng (4658,1666)* [filtered=1975]
cnt=1 s0=fng (4658,1667)* [filtered=1975]
cnt=1 s0=fng (4658,1667)* [filtered=1975]
cnt=1 s0=fng (4658,1667)* [filtered=1975]
cnt=1 s0=fng (4658,1668)* [filtered=1975]
cnt=1 s0=fng (4658,1668)* [filtered=1975]
cnt=1 s0=fng (4658,1669)* [filtered=1975]
cnt=1 s0=fng (4658,1669)* [filtered=1975]
cnt=1 s0=fng (4658,1670)* [filtered=1975]
cnt=1 s0=fng (4658,1671)* [filtered=1975]
cnt=1 s0=fng (4658,1672)* [filtered=1975]
cnt=1 s0=fng (4658,1673)* [filtered=1975]
cnt=1 s0=fng (4658,1673)* [filtered=1975]
cnt=1 s0=fng (4658,1674)* [filtered=1975]
cnt=1 s0=fng (4658,1674)* [filtered=1975]
cnt=1 s0=fng (4668,1690) [filtered=1975]
cnt=1 s0=fng (4668,1690) [filtered=1975]
cnt=1 s0=fng (4668,1690) [filtered=1975]
cnt=1 s0=fng (4668,1689) [filtered=1975]
cnt=1 s0=fng (4668,1689) [filtered=1975]
cnt=1 s0=fng (4668,1689) [filtered=1975]
cnt=1 s0=fng (4668,1688) [filtered=1975]
cnt=1 s0=fng (4668,1687) [filtered=1975]
cnt=1 s0=fng (4668,1687) [filtered=1975]
cnt=1 s0=fng (4668,1687) [filtered=1975]
cnt=1 s0=fng (4668,1686) [filtered=1975]
cnt=1 s0=fng (4668,1685) [filtered=1975]
cnt=1 s0=fng (4668,1684) [filtered=1975]
cnt=1 s0=fng (4668,1683) [filtered=1975]
cnt=1 s0=fng (4668,1682) [filtered=1975]
cnt=1 s0=fng (4668,1681) [filtered=1975]
cnt=1 s0=fng (4668,1680) [filtered=1975]
cnt=1 s0=fng (4668,1678) [filtered=1975]
cnt=1 s0=fng (4668,1677) [filtered=1975]
cnt=1 s0=fng (4668,1676) [filtered=1975]
cnt=1 s0=fng (4668,1675)* [filtered=1975]
cnt=1 s0=fng (4668,1673)* [filtered=1975]
cnt=1 s0=fng (4667,1670) [filtered=1975]
cnt=1 s0=fng (4667,1668) [filtered=1975]
cnt=1 s0=fng (4666,1665) [filtered=1975]
cnt=1 s0=fng (4665,1662) [filtered=1975]
cnt=1 s0=fng (4664,1659) [filtered=1975]
cnt=1 s0=fng (4663,1656) [filtered=1975]
cnt=1 s0=fng (4662,1654) [filtered=1975]
cnt=1 s0=fng (4661,1652) [filtered=1975]
cnt=1 s0=fng (4660,1650) [filtered=1975]
cnt=1 s0=fng (4660,1649) [filtered=1975]
cnt=1 s0=fng (4660,1648) [filtered=1975]
cnt=1 s0=fng (4660,1648) [filtered=1975]
cnt=1 s0=fng (4660,1648) [filtered=1975]
cnt=1 s0=fng (4660,1648) [filtered=1975]
cnt=1 s0=fng (4660,1648) [filtered=1975]
cnt=1 s0=fng (4660,1648) [filtered=1975]
cnt=1 s0=fng (4660,1649) [filtered=1975]
cnt=1 s0=fng (4660,1650) [filtered=1975]
cnt=1 s0=fng (4660,1652) [filtered=1975]
cnt=1 s0=fng (4660,1654) [filtered=1975]
cnt=1 s0=fng (4660,1655) [filtered=1975]
cnt=1 s0=fng (4661,1657) [filtered=1975]
cnt=1 s0=fng (4662,1659) [filtered=1975]
cnt=1 s0=fng (4664,1662) [filtered=1975]
cnt=1 s0=fng (4666,1666) [filtered=1975]
cnt=1 s0=fng (4667,1668) [filtered=1975]
cnt=1 s0=fng (4669,1672) [filtered=1975]
cnt=1 s0=fng (4671,1676) [filtered=1975]
cnt=1 s0=fng (4673,1680) [filtered=1975]
cnt=1 s0=fng (4675,1684) [filtered=1975]
cnt=1 s0=fng (4676,1687) [filtered=1975]
cnt=1 s0=fng (4678,1691) [filtered=1975]
cnt=1 s0=fng (4679,1695) [filtered=1975]
cnt=1 s0=fng (4680,1699) [filtered=1975]
cnt=1 s0=fng (4681,1703) [filtered=1975]
cnt=1 s0=fng (4681,1706) [filtered=1975]
cnt=1 s0=fng (4681,1709) [filtered=1975]
cnt=1 s0=fng (4681,1712) [filtered=1975]
cnt=1 s0=fng (4680,1715) [filtered=1975]
cnt=1 s0=fng (4680,1717) [filtered=1975]
cnt=1 s0=fng (4679,1718) [filtered=1975]
cnt=1 s0=fng (4678,1719) [filtered=1975]
cnt=1 s0=fng (4677,1720) [filtered=1975]
cnt=1 s0=fng (4675,1722) [filtered=1975]
cnt=1 s0=fng (4674,1723) [filtered=1975]
cnt=1 s0=fng (4673,1723) [filtered=1975]
cnt=1 s0=fng (4672,1724) [filtered=1975]
cnt=1 s0=fng (4671,1724) [filtered=1975]
cnt=1 s0=fng (4670,1724) [filtered=1975]
cnt=1 s0=fng (4669,1724) [filtered=1975]
cnt=1 s0=fng (4669,1724) [filtered=1975]
cnt=1 s0=fng (4669,1724) [filtered=1975]
cnt=1 s0=fng (4669,1724) [filtered=1975]
cnt=1 s0=fng (4669,1724) [filtered=1975]
cnt=1 s0=fng (4669,1724) [filtered=1975]
cnt=1 s0=fng (4669,1724) [filtered=1975]
cnt=1 s0=fng (4670,1724) [filtered=1975]
cnt=1 s0=fng (4671,1724) [filtered=1975]
cnt=1 s0=fng (4671,1724) [filtered=1975]
cnt=1 s0=fng (4672,1724) [filtered=1975]
cnt=1 s0=fng (4673,1724) [filtered=1975]
cnt=1 s0=fng (4674,1724) [filtered=1975]
cnt=1 s0=fng (4675,1724) [filtered=1975]
cnt=1 s0=fng (4676,1724)* [filtered=1975]
cnt=1 s0=fng (4677,1724)* [filtered=1975]
cnt=1 s0=fng (4678,1724)* [filtered=1975]
cnt=1 s0=fng (4679,1724)* [filtered=1975]
cnt=1 s0=fng (4680,1724)* [filtered=1975]
cnt=1 s0=fng (4680,1724)* [filtered=1975]
cnt=1 s0=fng (4681,1724)* [filtered=1975]
cnt=1 s0=fng (4681,1724)* [filtered=1975]
cnt=1 s0=fng (4681,1724)* [filtered=1975]
cnt=1 s0=fng (4681,1724)* [filtered=1975]
cnt=1 s0=fng (4681,1724)* [filtered=1975]
cnt=1 s0=fng (4681,1723)* [filtered=1975]
cnt=1 s0=fng (4681,1723)* [filtered=1975]
cnt=1 s0=fng (4681,1722)* [filtered=1975]
cnt=1 s0=fng (4681,1722)* [filtered=1975]
cnt=1 s0=fng (4681,1721)* [filtered=1975]
cnt=1 s0=fng (4681,1720)* [filtered=1975]
cnt=1 s0=fng (4681,1719)* [filtered=1975]
cnt=1 s0=fng (4681,1718)* [filtered=1975]
cnt=1 s0=fng (4681,1717)* [filtered=1975]
cnt=1 s0=fng (4681,1716)* [filtered=1975]
cnt=1 s0=fng (4680,1714)* [filtered=1975]
cnt=1 s0=fng (4680,1713)* [filtered=1975]
cnt=1 s0=fng (4679,1711)* [filtered=1975]
cnt=1 s0=fng (4679,1710)* [filtered=1975]
cnt=1 s0=fng (4678,1709)* [filtered=1975]
cnt=1 s0=fng (4677,1707)* [filtered=1975]
cnt=1 s0=fng (4676,1705)* [filtered=1975]
cnt=1 s0=fng (4676,1704)* [filtered=1975]
cnt=1 s0=fng (4675,1702)* [filtered=1975]
cnt=1 s0=fng (4675,1700)* [filtered=1975]
cnt=1 s0=fng (4674,1697) [filtered=1975]
cnt=1 s0=fng (4673,1695) [filtered=1975]
cnt=1 s0=fng (4672,1694) [filtered=1975]
cnt=1 s0=fng (4672,1692) [filtered=1975]
cnt=1 s0=fng (4671,1689) [filtered=1975]
cnt=1 s0=fng (4670,1686) [filtered=1975]
cnt=1 s0=fng (4669,1682) [filtered=1975]
cnt=1 s0=fng (4669,1680) [filtered=1975]
cnt=1 s0=fng (4668,1677) [filtered=1975]
cnt=1 s0=fng (4667,1674) [filtered=1975]
cnt=1 s0=fng (4666,1671) [filtered=1975]
cnt=1 s0=fng (4666,1669) [filtered=1975]
cnt=1 s0=fng (4665,1665) [filtered=1975]
cnt=1 s0=fng (4664,1661) [filtered=1975]
cnt=1 s0=fng (4662,1656) [filtered=1975]
cnt=1 s0=fng (4660,1651) [filtered=1975]
cnt=1 s0=fng (4659,1647) [filtered=1975]
cnt=1 s0=fng (4658,1644) [filtered=1975]
cnt=1 s0=fng (4655,1640) [filtered=1975]
cnt=1 s0=fng (4652,1636) [filtered=1975]
cnt=1 s0=fng (4649,1632) [filtered=1975]
cnt=1 s0=fng (4648,1629) [filtered=1975]
cnt=1 s0=fng (4645,1626) [filtered=1975]
cnt=1 s0=fng (4642,1624) [filtered=1975]
cnt=1 s0=fng (4639,1621) [filtered=1975]
cnt=1 s0=fng (4637,1619) [filtered=1975]
cnt=1 s0=fng (4634,1617) [filtered=1975]
cnt=1 s0=fng (4632,1616) [filtered=1975]
cnt=1 s0=fng (4630,1615) [filtered=1975]
cnt=1 s0=fng (4628,1614) [filtered=1975]
cnt=1 s0=fng (4627,1614) [filtered=1975]
cnt=1 s0=fng (4626,1614) [filtered=1975]
cnt=1 s0=fng (4625,1614) [filtered=1975]
cnt=1 s0=fng (4625,1615) [filtered=1975]
cnt=1 s0=fng (4625,1616) [filtered=1975]
cnt=1 s0=fng (4625,1617) [filtered=1975]
cnt=1 s0=fng (4625,1618) [filtered=1975]
cnt=1 s0=fng (4625,1621) [filtered=1975]
cnt=1 s0=fng (4625,1624) [filtered=1975]
cnt=1 s0=fng (4626,1628) [filtered=1975]
cnt=1 s0=fng (4626,1631) [filtered=1975]
cnt=1 s0=fng (4627,1636) [filtered=1975]
cnt=1 s0=fng (4629,1642) [filtered=1975]
cnt=1 s0=fng (4631,1649) [filtered=1975]
cnt=1 s0=fng (4634,1658) [filtered=1975]
cnt=1 s0=fng (4636,1666) [filtered=1975]
cnt=1 s0=fng (4640,1675) [filtered=1975]
cnt=1 s0=fng (4645,1684) [filtered=1975]
cnt=1 s0=fng (4650,1693) [filtered=1975]
cnt=1 s0=fng (4655,1703) [filtered=1975]
cnt=1 s0=fng (4660,1713) [filtered=1975]
cnt=1 s0=fng (4665,1723) [filtered=1975]
cnt=1 s0=fng (4670,1732) [filtered=1975]
cnt=1 s0=fng (4676,1741) [filtered=1975]
cnt=1 s0=fng (4682,1750) [filtered=1975]
cnt=1 s0=fng (4687,1759) [filtered=1975]
cnt=1 s0=fng (4692,1768) [filtered=1975]
cnt=1 s0=fng (4697,1776) [filtered=1975]
cnt=1 s0=fng (4737,1796) [filtered=1975]
cnt=1 s0=fng (4737,1796) [filtered=1975]
cnt=1 s0=fng (4737,1795) [filtered=1975]
cnt=1 s0=fng (4737,1795) [filtered=1975]
cnt=1 s0=fng (4737,1795) [filtered=1975]
cnt=1 s0=fng (4737,1794) [filtered=1975]
cnt=1 s0=fng (4737,1793) [filtered=1975]
cnt=1 s0=fng (4737,1793) [filtered=1975]
cnt=1 s0=fng (4737,1793) [filtered=1975]
cnt=1 s0=fng (4737,1792) [filtered=1975]
cnt=1 s0=fng (4737,1792) [filtered=1975]
cnt=1 s0=fng (4737,1791) [filtered=1975]
cnt=1 s0=fng (4737,1791) [filtered=1975]
cnt=1 s0=fng (4737,1791) [filtered=1975]
cnt=1 s0=fng (4737,1790) [filtered=1975]
cnt=1 s0=fng (4737,1789) [filtered=1975]
cnt=1 s0=fng (4737,1789) [filtered=1975]
cnt=1 s0=fng (4737,1789) [filtered=1975]
cnt=1 s0=fng (4737,1788) [filtered=1975]
cnt=1 s0=fng (4737,1788) [filtered=1975]
cnt=1 s0=fng (4737,1787)* [filtered=1975]
cnt=1 s0=fng (4737,1786)* [filtered=1975]
cnt=1 s0=fng (4737,1786)* [filtered=1975]
cnt=1 s0=fng (4737,1786)* [filtered=1975]
cnt=1 s0=fng (4737,1785)* [filtered=1975]
cnt=1 s0=fng (4737,1785)* [filtered=1975]
cnt=1 s0=fng (4737,1785)* [filtered=1975]
cnt=1 s0=fng (4737,1784)* [filtered=1975]
cnt=1 s0=fng (4737,1783)* [filtered=1975]
cnt=1 s0=fng (4737,1782)* [filtered=1975]
cnt=1 s0=fng (4737,1781)* [filtered=1975]
cnt=1 s0=fng (4737,1780)* [filtered=1975]
cnt=1 s0=fng (4737,1779)* [filtered=1975]
cnt=1 s0=fng (4737,1778)* [filtered=1975]
cnt=1 s0=fng (4736,1777)* [filtered=1975]
cnt=1 s0=fng (4735,1775)* [filtered=1975]
cnt=1 s0=fng (4734,1774)* [filtered=1975]
cnt=1 s0=fng (4733,1773)* [filtered=1975]
cnt=1 s0=fng (4732,1772)* [filtered=1975]
cnt=1 s0=fng (4731,1770)* [filtered=1975]
cnt=1 s0=fng (4731,1769)* [filtered=1975]
cnt=1 s0=fng (4730,1768)* [filtered=1975]
cnt=1 s0=fng (4729,1767)* [filtered=1975]
cnt=1 s0=fng (4727,1765) [filtered=1975]
cnt=1 s0=fng (4725,1763) [filtered=1975]
cnt=1 s0=fng (4724,1762) [filtered=1975]
cnt=1 s0=fng (4722,1760) [filtered=1975]
cnt=1 s0=fng (4720,1758) [filtered=1975]
cnt=1 s0=fng (4718,1756) [filtered=1975]
cnt=1 s0=fng (4716,1754) [filtered=1975]
cnt=1 s0=fng (4715,1753) [filtered=1975]
cnt=1 s0=fng (4713,1751) [filtered=1975]
cnt=1 s0=fng (4711,1749) [filtered=1975]
cnt=1 s0=fng (4709,1747) [filtered=1975]
cnt=1 s0=fng (4707,1745) [filtered=1975]
cnt=1 s0=fng (4706,1744) [filtered=1975]
cnt=1 s0=fng (4704,1742) [filtered=1975]
cnt=1 s0=fng (4702,1740) [filtered=1975]
cnt=1 s0=fng (4700,1738) [filtered=1975]
cnt=1 s0=fng (4699,1737) [filtered=1975]
cnt=1 s0=fng (4697,1735) [filtered=1975]
cnt=1 s0=fng (4695,1733) [filtered=1975]
cnt=1 s0=fng (4693,1731) [filtered=1975]
cnt=1 s0=fng (4691,1729) [filtered=1975]
cnt=1 s0=fng (4690,1728) [filtered=1975]
cnt=1 s0=fng (4688,1726) [filtered=1975]
cnt=1 s0=fng (4686,1724) [filtered=1975]
cnt=1 s0=fng (4684,1722) [filtered=1975]
cnt=1 s0=fng (4683,1721) [filtered=1975]
cnt=1 s0=fng (4681,1719) [filtered=1975]
cnt=1 s0=fng (4679,1717) [filtered=1975]
cnt=1 s0=fng (4678,1715) [filtered=1975]
cnt=1 s0=fng (4676,1713) [filtered=1975]
cnt=1 s0=fng (4675,1712) [filtered=1975]
cnt=1 s0=fng (4674,1710) [filtered=1975]
cnt=1 s0=fng (4672,1708) [filtered=1975]
cnt=1 s0=fng (4670,1705) [filtered=1975]
cnt=1 s0=fng (4668,1701) [filtered=1975]
cnt=1 s0=fng (4667,1699) [filtered=1975]
cnt=1 s0=fng (4664,1696) [filtered=1975]
cnt=1 s0=fng (4660,1691) [filtered=1975]
cnt=1 s0=fng (4654,1686) [filtered=1975]
cnt=1 s0=fng (4648,1681) [filtered=1975]
cnt=1 s0=fng (4643,1676) [filtered=1975]
cnt=1 s0=fng (4637,1671) [filtered=1975]
cnt=1 s0=fng (4630,1665) [filtered=1975]
cnt=1 s0=fng (4622,1659) [filtered=1975]
cnt=1 s0=fng (4615,1654) [filtered=1975]
cnt=1 s0=fng (4607,1648) [filtered=1975]
cnt=1 s0=fng (4600,1642) [filtered=1975]
cnt=1 s0=fng (4595,1636) [filtered=1975]
cnt=1 s0=fng (4590,1631) [filtered=1975]
cnt=1 s0=fng (4586,1627) [filtered=1975]
cnt=1 s0=fng (4583,1622) [filtered=1975]
cnt=1 s0=fng (4581,1617) [filtered=1975]
cnt=1 s0=fng (4580,1613) [filtered=1975]
cnt=1 s0=fng (4580,1610) [filtered=1975]
cnt=1 s0=fng (4580,1608) [filtered=1975]
cnt=1 s0=fng (4579,1607) [filtered=1975]
cnt=1 s0=fng (4578,1606) [filtered=1975]
cnt=1 s0=fng (4578,1605) [filtered=1975]
cnt=1 s0=fng (4578,1605) [filtered=1975]
cnt=1 s0=fng (4578,1605) [filtered=1975]
cnt=1 s0=fng (4578,1605) [filtered=1975]
cnt=1 s0=fng (4578,1605) [filtered=1975]
cnt=1 s0=fng (4578,1606) [filtered=1975]
cnt=1 s0=fng (4578,1607) [filtered=1975]
cnt=1 s0=fng (4578,1608) [filtered=1975]
cnt=1 s0=fng (4578,1609) [filtered=1975]
cnt=1 s0=fng (4579,1610) [filtered=1975]
cnt=1 s0=fng (4579,1612) [filtered=1975]
cnt=1 s0=fng (4579,1613) [filtered=1975]
cnt=1 s0=fng (4580,1615) [filtered=1975]
cnt=1 s0=fng (4581,1617) [filtered=1975]
cnt=1 s0=fng (4582,1620) [filtered=1975]
cnt=1 s0=fng (4583,1623) [filtered=1975]
cnt=1 s0=fng (4583,1624) [filtered=1975]
cnt=1 s0=fng (4584,1627) [filtered=1975]
cnt=1 s0=fng (4585,1630) [filtered=1975]
cnt=1 s0=fng (4586,1633) [filtered=1975]
cnt=1 s0=fng (4587,1636) [filtered=1975]
cnt=1 s0=fng (4588,1638) [filtered=1975]
cnt=1 s0=fng (4589,1641) [filtered=1975]
cnt=1 s0=fng (4590,1644) [filtered=1975]
cnt=1 s0=fng (4592,1647) [filtered=1975]
cnt=1 s0=fng (4593,1649) [filtered=1975]
cnt=1 s0=fng (4594,1651) [filtered=1975]
cnt=1 s0=fng (4595,1654) [filtered=1975]
cnt=1 s0=fng (4596,1657) [filtered=1975]
cnt=1 s0=fng (4597,1660) [filtered=1975]
cnt=1 s0=fng (4598,1662) [filtered=1975]
cnt=1 s0=fng (4599,1663) [filtered=1975]
cnt=1 s0=fng (4600,1664) [filtered=1975]
cnt=1 s0=fng (4602,1666) [filtered=1975]
cnt=1 s0=fng (4604,1668) [filtered=1975]
cnt=1 s0=fng (4605,1669) [filtered=1975]
cnt=1 s0=fng (4606,1670) [filtered=1975]
cnt=1 s0=fng (4607,1671) [filtered=1975]
cnt=1 s0=fng (4608,1671) [filtered=1975]
cnt=1 s0=fng (4609,1671) [filtered=1975]
cnt=1 s0=fng (4610,1671) [filtered=1975]
cnt=1 s0=fng (4611,1671) [filtered=1975]
cnt=1 s0=fng (4612,1671) [filtered=1975]
cnt=1 s0=fng (4613,1670) [filtered=1975]
cnt=1 s0=fng (4613,1670) [filtered=1975]
cnt=1 s0=fng (4613,1669) [filtered=1975]
cnt=1 s0=fng (4613,1668) [filtered=1975]
cnt=1 s0=fng (4613,1667) [filtered=1975]
cnt=1 s0=fng (4613,1666) [filtered=1975]
cnt=1 s0=fng (4613,1665) [filtered=1975]
cnt=1 s0=fng (4613,1664) [filtered=1975]
cnt=1 s0=fng (4614,1663) [filtered=1975]
cnt=1 s0=fng (4615,1663) [filtered=1975]
cnt=1 s0=fng (4616,1663) [filtered=1975]
cnt=1 s0=fng (4616,1663)* [filtered=1975]
cnt=1 s0=fng (4617,1663)* [filtered=1975]
cnt=1 s0=fng (4618,1663)* [filtered=1975]
cnt=1 s0=fng (4619,1663)* [filtered=1975]
cnt=1 s0=fng (4620,1663)* [filtered=1975]
cnt=1 s0=fng (4621,1663)* [filtered=1975]
cnt=1 s0=fng (4622,1664)* [filtered=1975]
cnt=1 s0=fng (4623,1664)* [filtered=1975]
cnt=1 s0=fng (4624,1665)* [filtered=1975]
cnt=1 s0=fng (4624,1665)* [filtered=1975]
cnt=1 s0=fng (4625,1666)* [filtered=1975]
cnt=1 s0=fng (4626,1667)* [filtered=1975]
cnt=1 s0=fng (4627,1668)* [filtered=1975]
cnt=1 s0=fng (4627,1669)* [filtered=1975]
cnt=1 s0=fng (4627,1670)* [filtered=1975]
cnt=1 s0=fng (4627,1671)* [filtered=1975]
cnt=1 s0=fng (4627,1672)* [filtered=1975]
cnt=1 s0=fng (4627,1672)* [filtered=1975]
cnt=1 s0=fng (4627,1673)* [filtered=1975]
cnt=1 s0=fng (4627,1673)* [filtered=1975]
cnt=1 s0=fng (4627,1674)* [filtered=1975]
cnt=1 s0=fng (4627,1674)* [filtered=1975]
cnt=1 s0=fng (4627,1674)* [filtered=1975]
cnt=1 s0=fng (4627,1674)* [filtered=1975]
cnt=1 s0=fng (4627,1674)* [filtered=1975]
cnt=1 s0=fng (4627,1673)* [filtered=1975]
cnt=1 s0=fng (4626,1672)* [filtered=1975]
cnt=1 s0=fng (4625,1671)* [filtered=1975]
cnt=1 s0=fng (4625,1670)* [filtered=1975]
cnt=1 s0=fng (4624,1669)* [filtered=1975]
cnt=1 s0=fng (4623,1667)* [filtered=1975]
cnt=1 s0=fng (4622,1665)* [filtered=1975]
cnt=1 s0=fng (4620,1662) [filtered=1975]
cnt=1 s0=fng (4619,1660) [filtered=1975]
cnt=1 s0=fng (4617,1657) [filtered=1975]
cnt=1 s0=fng (4615,1654) [filtered=1975]
cnt=1 s0=fng (4613,1651) [filtered=1975]
cnt=1 s0=fng (4611,1647) [filtered=1975]
cnt=1 s0=fng (4610,1645) [filtered=1975]
cnt=1 s0=fng (4609,1641) [filtered=1975]
cnt=1 s0=fng (4608,1637) [filtered=1975]
cnt=1 s0=fng (4607,1633) [filtered=1975]
cnt=1 s0=fng (4606,1630) [filtered=1975]
cnt=1 s0=fng (4605,1627) [filtered=1975]
cnt=1 s0=fng (4604,1623) [filtered=1975]
cnt=1 s0=fng (4603,1619) [filtered=1975]
cnt=1 s0=fng (4602,1616) [filtered=1975]
cnt=1 s0=fng (4601,1614) [filtered=1975]
cnt=1 s0=fng (4600,1612) [filtered=1975]
cnt=1 s0=fng (4600,1610) [filtered=1975]
cnt=1 s0=fng (4599,1607) [filtered=1975]
cnt=1 s0=fng (4598,1605) [filtered=1975]
cnt=1 s0=fng (4597,1604) [filtered=1975]
cnt=1 s0=fng (4596,1602) [filtered=1975]
cnt=1 s0=fng (4595,1600) [filtered=1975]
cnt=1 s0=fng (4594,1598) [filtered=1975]
cnt=1 s0=fng (4594,1596) [filtered=1975]
cnt=1 s0=fng (4594,1595) [filtered=1975]
cnt=1 s0=fng (4593,1594) [filtered=1975]
cnt=1 s0=fng (4592,1593) [filtered=1975]
cnt=1 s0=fng (4592,1592) [filtered=1975]
cnt=1 s0=fng (4592,1591) [filtered=1975]
cnt=1 s0=fng (4591,1590) [filtered=1975]
cnt=1 s0=fng (4591,1589) [filtered=1975]
cnt=1 s0=fng (4590,1588) [filtered=1975]
cnt=1 s0=fng (4590,1587) [filtered=1975]
cnt=1 s0=fng (4590,1587) [filtered=1975]
cnt=1 s0=fng (4590,1586) [filtered=1975]
cnt=1 s0=fng (4589,1585) [filtered=1975]
cnt=1 s0=fng (4588,1584) [filtered=1975]
cnt=1 s0=fng (4588,1583)* [filtered=1975]
cnt=1 s0=fng (4588,1582)* [filtered=1975]
cnt=1 s0=fng (4587,1581)* [filtered=1975]
cnt=1 s0=fng (4587,1580)* [filtered=1975]
cnt=1 s0=fng (4586,1579)* [filtered=1975]
cnt=1 s0=fng (4586,1577)* [filtered=1975]
cnt=1 s0=fng (4586,1576)* [filtered=1975]
cnt=1 s0=fng (4585,1575)* [filtered=1975]
cnt=1 s0=fng (4585,1574)* [filtered=1975]
cnt=1 s0=fng (4584,1572)* [filtered=1975]
cnt=1 s0=fng (4584,1571)* [filtered=1975]
cnt=1 s0=fng (4583,1570)* [filtered=1975]
cnt=1 s0=fng (4583,1568)* [filtered=1975]
cnt=1 s0=fng (4582,1567)* [filtered=1975]
cnt=1 s0=fng (4582,1566)* [filtered=1975]
cnt=1 s0=fng (4582,1565)* [filtered=1975]
cnt=1 s0=fng (4581,1564)* [filtered=1975]
cnt=1 s0=fng (4581,1563)* [filtered=1975]
cnt=1 s0=fng (4580,1562)* [filtered=1975]
cnt=1 s0=fng (4580,1561)* [filtered=1975]
cnt=1 s0=fng (4580,1561)* [filtered=1975]
cnt=1 s0=fng (4580,1561)* [filtered=1975]
cnt=1 s0=fng (4580,1561)* [filtered=1975]
cnt=1 s0=fng (4580,1561)* [filtered=1975]
cnt=1 s0=fng (4580,1561)* [filtered=1975]
cnt=1 s0=fng (4580,1561)* [filtered=1975]
cnt=1 s0=fng (4580,1562)* [filtered=1975]
cnt=1 s0=fng (4580,1563)* [filtered=1975]
cnt=1 s0=fng (4581,1564)* [filtered=1975]
cnt=1 s0=fng (4581,1564)* [filtered=1975]
cnt=1 s0=fng (4581,1565)* [filtered=1975]
cnt=1 s0=fng (4582,1567)* [filtered=1975]
cnt=1 s0=fng (4583,1569)* [filtered=1975]
cnt=1 s0=fng (4584,1571)* [filtered=1975]
cnt=1 s0=fng (4584,1572)* [filtered=1975]
cnt=1 s0=fng (4585,1574)* [filtered=1975]
cnt=1 s0=fng (4586,1576)* [filtered=1975]
cnt=1 s0=fng (4587,1579) [filtered=1975]
cnt=1 s0=fng (4588,1582) [filtered=1975]
cnt=1 s0=fng (4589,1584) [filtered=1975]
cnt=1 s0=fng (4590,1587) [filtered=1975]
cnt=1 s0=fng (4591,1590) [filtered=1975]
cnt=1 s0=fng (4593,1593) [filtered=1975]
cnt=1 s0=fng (4595,1596) [filtered=1975]
cnt=1 s0=fng (4596,1598) [filtered=1975]
cnt=1 s0=fng (4597,1601) [filtered=1975]
cnt=1 s0=fng (4598,1604) [filtered=1975]
cnt=1 s0=fng (4600,1607) [filtered=1975]
cnt=1 s0=fng (4601,1609) [filtered=1975]
cnt=1 s0=fng (4603,1612) [filtered=1975]
cnt=1 s0=fng (4606,1615) [filtered=1975]
cnt=1 s0=fng (4609,1618) [filtered=1975]
cnt=1 s0=fng (4612,1621) [filtered=1975]
cnt=1 s0=fng (4614,1623) [filtered=1975]
cnt=1 s0=fng (4617,1626) [filtered=1975]
cnt=1 s0=fng (4620,1629) [filtered=1975]
cnt=1 s0=fng (4623,1632) [filtered=1975]
cnt=1 s0=fng (4626,1635) [filtered=1975]
cnt=1 s0=fng (4628,1637) [filtered=1975]
cnt=1 s0=fng (4631,1639) [filtered=1975]
cnt=1 s0=fng (4633,1641) [filtered=1975]
cnt=1 s0=fng (4635,1644) [filtered=1975]
cnt=1 s0=fng (4638,1646) [filtered=1975]
cnt=1 s0=fng (4639,1647) [filtered=1975]
cnt=1 s0=fng (4641,1648) [filtered=1975]
cnt=1 s0=fng (4643,1650) [filtered=1975]
cnt=1 s0=fng (4646,1652) [filtered=1975]
cnt=1 s0=fng (4648,1653) [filtered=1975]
cnt=1 s0=fng (4650,1654) [filtered=1975]
cnt=1 s0=fng (4652,1656) [filtered=1975]
cnt=1 s0=fng (4655,1658) [filtered=1975]
cnt=1 s0=fng (4657,1659) [filtered=1975]
cnt=1 s0=fng (4658,1660) [filtered=1975]
cnt=1 s0=fng (4660,1661) [filtered=1975]
cnt=1 s0=fng (4663,1662) [filtered=1975]
cnt=1 s0=fng (4665,1663) [filtered=1975]
cnt=1 s0=fng (4667,1664) [filtered=1975]
cnt=1 s0=fng (4668,1664) [filtered=1975]
cnt=1 s0=fng (4670,1664) [filtered=1975]
cnt=1 s0=fng (4671,1664) [filtered=1975]
cnt=1 s0=fng (4673,1664) [filtered=1975]
cnt=1 s0=fng (4674,1664) [filtered=1975]
cnt=1 s0=fng (4675,1663) [filtered=1975]
cnt=1 s0=fng (4676,1663) [filtered=1975]
cnt=1 s0=fng (4677,1662) [filtered=1975]
cnt=1 s0=fng (4678,1661) [filtered=1975]
cnt=1 s0=fng (4679,1661) [filtered=1975]
cnt=1 s0=fng (4680,1660) [filtered=1975]
cnt=1 s0=fng (4681,1659) [filtered=1975]
cnt=1 s0=fng (4683,1658) [filtered=1975]
cnt=1 s0=fng (4684,1657) [filtered=1975]
cnt=1 s0=fng (4685,1656) [filtered=1975]
cnt=1 s0=fng (4686,1656) [filtered=1975]
cnt=1 s0=fng (4687,1655) [filtered=1975]
cnt=1 s0=fng (4688,1655)* [filtered=1975]
cnt=1 s0=fng (4690,1655)* [filtered=1975]
cnt=1 s0=fng (4691,1655)* [filtered=1975]
cnt=1 s0=fng (4692,1655)* [filtered=1975]
cnt=1 s0=fng (4694,1655)* [filtered=1975]
cnt=1 s0=fng (4695,1656)* [filtered=1975]
cnt=1 s0=fng (4696,1656)* [filtered=1975]
cnt=1 s0=fng (4697,1656)* [filtered=1975]
cnt=1 s0=fng (4698,1657)* [filtered=1975]
cnt=1 s0=fng (4699,1658)* [filtered=1975]
cnt=1 s0=fng (4700,1659)* [filtered=1975]
cnt=1 s0=fng (4701,1659)* [filtered=1975]
cnt=1 s0=fng (4702,1660)* [filtered=1975]
cnt=1 s0=fng (4703,1661)* [filtered=1975]
cnt=1 s0=fng (4704,1662)* [filtered=1975]
cnt=1 s0=fng (4728,1683) [filtered=1975]
cnt=1 s0=fng (4728,1683) [filtered=1975]
cnt=1 s0=fng (4728,1683) [filtered=1975]
cnt=1 s0=fng (4728,1683) [filtered=1975]
cnt=1 s0=fng (4728,1683) [filtered=1975]
cnt=1 s0=fng (4728,1683) [filtered=1975]
cnt=1 s0=fng (4728,1683) [filtered=1975]
cnt=1 s0=fng (4728,1683) [filtered=1975]
cnt=1 s0=fng (4728,1683) [filtered=1975]
cnt=1 s0=fng (4728,1683) [filtered=1975]
cnt=1 s0=fng (4728,1683) [filtered=1975]
cnt=1 s0=fng (4728,1683) [filtered=1975]
cnt=1 s0=fng (4728,1683) [filtered=1975]
cnt=1 s0=fng (4728,1683) [filtered=1975]
cnt=1 s0=fng (4728,1683) [filtered=1975]
cnt=1 s0=fng (4728,1683) [filtered=1975]
cnt=1 s0=fng (4728,1683) [filtered=1975]
cnt=1 s0=fng (4728,1683) [filtered=1975]
cnt=2 s0=PALM(4728,1683) s1=fng (1166,23) [filtered=1976]
cnt=2 s0=PALM(4728,1683) s1=fng (1166,23) [filtered=1977]
cnt=2 s0=PALM(4728,1683)* s1=fng (1166,23) [filtered=1978]
cnt=2 s0=PALM(4728,1683)* s1=fng (1166,23) [filtered=1979]
cnt=2 s0=PALM(4728,1683)* s1=fng (1166,23) [filtered=1980]
cnt=2 s0=PALM(4728,1683)* s1=fng (1166,23) [filtered=1981]
cnt=2 s0=PALM(4728,1682)* s1=fng (1166,23) [filtered=1982]
cnt=2 s0=PALM(4728,1682)* s1=fng (1166,23) [filtered=1983]
cnt=2 s0=PALM(4728,1681)* s1=fng (1166,23) [filtered=1984]
cnt=2 s0=PALM(4728,1681)* s1=fng (1166,23) [filtered=1985]
cnt=2 s0=PALM(4728,1680)* s1=fng (1166,23) [filtered=1986]
cnt=2 s0=PALM(4728,1679)* s1=fng (1166,23) [filtered=1987]
cnt=2 s0=PALM(4728,1678)* s1=fng (1166,23) [filtered=1988]
cnt=2 s0=PALM(4728,1677)* s1=fng (1166,23) [filtered=1989]
cnt=2 s0=PALM(4728,1676)* s1=fng (1166,23) [filtered=1990]
cnt=2 s0=PALM(4728,1675)* s1=fng (1165,23) [filtered=1991]
cnt=2 s0=PALM(4727,1674)* s1=fng (1164,23) [filtered=1992]
cnt=2 s0=PALM(4726,1673)* s1=fng (1163,23) [filtered=1993]
cnt=2 s0=PALM(4725,1673)* s1=fng (1163,23) [filtered=1994]
cnt=2 s0=PALM(4724,1672)* s1=fng (1162,23) [filtered=1995]
cnt=2 s0=PALM(4723,1671)* s1=PALM(1161,23)* [filtered=1996]
cnt=2 s0=PALM(4722,1671)* s1=PALM(1159,23)* [filtered=1997]
cnt=2 s0=PALM(4721,1670)* s1=PALM(1156,23)* [filtered=1998]
cnt=2 s0=PALM(4721,1670)* s1=PALM(1155,23)* [filtered=1999]
cnt=2 s0=PALM(4721,1670)* s1=PALM(1153,23)* [filtered=2000]
cnt=2 s0=PALM(4720,1670)* s1=PALM(1150,23)* [filtered=2001]
cnt=2 s0=PALM(4719,1670)* s1=fng (1146,23) [filtered=2002]
cnt=1 s0=fng (4718,1670)* [filtered=2002]
cnt=1 s0=fng (4718,1670)* [filtered=2002]
cnt=1 s0=fng (4718,1670)* [filtered=2002]
cnt=1 s0=fng (4718,1670)* [filtered=2002]
cnt=1 s0=fng (4718,1670)* [filtered=2002]
cnt=1 s0=fng (4718,1670)* [filtered=2002]
cnt=1 s0=fng (4718,1670)* [filtered=2002]
cnt=1 s0=fng (4717,1670)* [filtered=2002]
cnt=1 s0=fng (4716,1670)* [filtered=2002]
cnt=1 s0=fng (4715,1670)* [filtered=2002]
cnt=1 s0=fng (4714,1670)* [filtered=2002]
cnt=1 s0=fng (4713,1670)* [filtered=2002]
cnt=1 s0=fng (4712,1670)* [filtered=2002]
cnt=1 s0=fng (4711,1670)* [filtered=2002]
cnt=1 s0=fng (4710,1670)* [filtered=2002]
cnt=1 s0=fng (4710,1670)* [filtered=2002]
cnt=1 s0=fng (4709,1670)* [filtered=2002]
cnt=1 s0=fng (4708,1670)* [filtered=2002]
cnt=1 s0=fng (4707,1670)* [filtered=2002]
cnt=1 s0=fng (4706,1669)* [filtered=2002]
cnt=1 s0=fng (4705,1669)* [filtered=2002]
cnt=1 s0=fng (4704,1669)* [filtered=2002]
cnt=1 s0=fng (4703,1669)* [filtered=2002]
cnt=1 s0=fng (4702,1669)* [filtered=2002]
cnt=1 s0=fng (4701,1669)* [filtered=2002]
cnt=1 s0=fng (4701,1669)* [filtered=2002]
cnt=1 s0=fng (4700,1669)* [filtered=2002]
cnt=1 s0=fng (4699,1669)* [filtered=2002]
cnt=1 s0=fng (4698,1669)* [filtered=2002]
cnt=1 s0=fng (4697,1669)* [filtered=2002]
cnt=1 s0=fng (4696,1669)* [filtered=2002]
cnt=1 s0=fng (4695,1669)* [filtered=2002]
cnt=1 s0=fng (4694,1669)* [filtered=2002]
cnt=1 s0=fng (4693,1669)* [filtered=2002]
cnt=1 s0=fng (4693,1669)* [filtered=2002]
cnt=1 s0=fng (4692,1669)* [filtered=2002]
cnt=1 s0=fng (4691,1669)* [filtered=2002]
cnt=1 s0=fng (4690,1669)* [filtered=2002]
cnt=1 s0=fng (4689,1669)* [filtered=2002]
cnt=1 s0=fng (4688,1669)* [filtered=2002]
cnt=1 s0=fng (4687,1669)* [filtered=2002]
cnt=1 s0=fng (4686,1669)* [filtered=2002]
cnt=1 s0=fng (4685,1669)* [filtered=2002]
cnt=1 s0=fng (4684,1669)* [filtered=2002]
cnt=1 s0=fng (4684,1669)* [filtered=2002]
cnt=1 s0=fng (4683,1669)* [filtered=2002]
cnt=1 s0=fng (4682,1668)* [filtered=2002]
cnt=1 s0=fng (4681,1668)* [filtered=2002]
cnt=1 s0=fng (4680,1668)* [filtered=2002]
cnt=1 s0=fng (4679,1667)* [filtered=2002]
cnt=1 s0=fng (4678,1667)* [filtered=2002]
cnt=1 s0=fng (4677,1666)* [filtered=2002]
cnt=1 s0=fng (4676,1665)* [filtered=2002]
cnt=1 s0=fng (4675,1664)* [filtered=2002]
cnt=1 s0=fng (4673,1663)* [filtered=2002]
cnt=1 s0=fng (4671,1662)* [filtered=2002]
cnt=1 s0=fng (4669,1661)* [filtered=2002]
cnt=1 s0=fng (4667,1660)* [filtered=2002]
cnt=1 s0=fng (4666,1660)* [filtered=2002]
cnt=1 s0=fng (4664,1659)* [filtered=2002]
cnt=1 s0=fng (4662,1658)* [filtered=2002]
cnt=1 s0=fng (4660,1657)* [filtered=2002]
cnt=1 s0=fng (4659,1656)* [filtered=2002]
cnt=1 s0=fng (4658,1655)* [filtered=2002]
cnt=1 s0=fng (4657,1654)* [filtered=2002]
cnt=1 s0=fng (4655,1653)* [filtered=2002]
cnt=1 s0=fng (4653,1652)* [filtered=2002]
cnt=1 s0=fng (4652,1652)* [filtered=2002]
cnt=1 s0=fng (4651,1651)* [filtered=2002]
cnt=1 s0=fng (4650,1650)* [filtered=2002]
cnt=1 s0=fng (4649,1649)* [filtered=2002]
cnt=1 s0=fng (4648,1649)* [filtered=2002]
cnt=1 s0=fng (4647,1649)* [filtered=2002]
cnt=1 s0=fng (4645,1648)* [filtered=2002]
cnt=1 s0=fng (4644,1648)* [filtered=2002]
cnt=1 s0=fng (4643,1647)* [filtered=2002]
cnt=1 s0=fng (4642,1647)* [filtered=2002]
cnt=1 s0=fng (4641,1646)* [filtered=2002]
cnt=1 s0=fng (4640,1646)* [filtered=2002]
cnt=1 s0=fng (4638,1645)* [filtered=2002]
cnt=1 s0=fng (4636,1645)* [filtered=2002]
cnt=1 s0=fng (4635,1645)* [filtered=2002]
cnt=1 s0=fng (4633,1644)* [filtered=2002]
cnt=1 s0=fng (4632,1644)* [filtered=2002]
cnt=1 s0=fng (4631,1643)* [filtered=2002]
cnt=1 s0=fng (4629,1642)* [filtered=2002]
cnt=1 s0=fng (4628,1642)* [filtered=2002]
cnt=1 s0=fng (4626,1642)* [filtered=2002]
cnt=1 s0=fng (4624,1641)* [filtered=2002]
cnt=1 s0=fng (4623,1640)* [filtered=2002]
cnt=1 s0=fng (4622,1640)* [filtered=2002]
cnt=1 s0=fng (4621,1639)* [filtered=2002]
cnt=1 s0=fng (4620,1638)* [filtered=2002]
cnt=1 s0=fng (4619,1637)* [filtered=2002]
cnt=1 s0=fng (4618,1636)* [filtered=2002]
cnt=1 s0=fng (4617,1635)* [filtered=2002]
cnt=1 s0=fng (4616,1635)* [filtered=2002]
cnt=1 s0=fng (4616,1634)* [filtered=2002]
cnt=1 s0=fng (4616,1634)* [filtered=2002]
cnt=1 s0=fng (4616,1633)* [filtered=2002]
cnt=1 s0=fng (4616,1633)* [filtered=2002]
cnt=1 s0=fng (4616,1633)* [filtered=2002]
cnt=1 s0=fng (4616,1633)* [filtered=2002]
cnt=1 s0=fng (4616,1633)* [filtered=2002]
cnt=1 s0=fng (4616,1633)* [filtered=2002]
cnt=1 s0=fng (4616,1633)* [filtered=2002]
cnt=1 s0=fng (4616,1633)* [filtered=2002]
cnt=1 s0=fng (4616,1633)* [filtered=2002]
cnt=1 s0=fng (4615,1633)* [filtered=2002]
cnt=1 s0=fng (4615,1633)* [filtered=2002]
cnt=1 s0=fng (4614,1633)* [filtered=2002]
cnt=1 s0=fng (4613,1633)* [filtered=2002]
cnt=1 s0=fng (4612,1632)* [filtered=2002]
cnt=1 s0=fng (4611,1631)* [filtered=2002]
cnt=1 s0=fng (4610,1631)* [filtered=2002]
cnt=1 s0=fng (4609,1631)* [filtered=2002]
cnt=1 s0=fng (4608,1631)* [filtered=2002]
cnt=1 s0=fng (4607,1630)* [filtered=2002]
cnt=1 s0=fng (4606,1630)* [filtered=2002]
cnt=1 s0=fng (4606,1630)* [filtered=2002]
cnt=1 s0=fng (4605,1630)* [filtered=2002]
cnt=1 s0=fng (4604,1630)* [filtered=2002]
cnt=1 s0=fng (4604,1630)* [filtered=2002]
cnt=1 s0=fng (4604,1630)* [filtered=2002]
cnt=1 s0=fng (4604,1630)* [filtered=2002]
cnt=1 s0=fng (4603,1629)* [filtered=2002]
cnt=1 s0=fng (4602,1629)* [filtered=2002]
cnt=1 s0=fng (4601,1628)* [filtered=2002]
cnt=1 s0=fng (4601,1628)* [filtered=2002]
cnt=1 s0=fng (4600,1627)* [filtered=2002]
cnt=1 s0=fng (4600,1627)* [filtered=2002]
cnt=1 s0=fng (4599,1626)* [filtered=2002]
cnt=1 s0=fng (4599,1626)* [filtered=2002]
cnt=1 s0=fng (4599,1626)* [filtered=2002]
cnt=1 s0=fng (4598,1625)* [filtered=2002]
cnt=1 s0=fng (4597,1624)* [filtered=2002]
cnt=1 s0=fng (4596,1623)* [filtered=2002]
cnt=1 s0=fng (4596,1622)* [filtered=2002]
cnt=1 s0=fng (4595,1621)* [filtered=2002]
cnt=1 s0=fng (4594,1619)* [filtered=2002]
cnt=1 s0=fng (4593,1617)* [filtered=2002]
cnt=1 s0=fng (4591,1615) [filtered=2002]
cnt=1 s0=fng (4590,1614) [filtered=2002]
cnt=1 s0=fng (4589,1612) [filtered=2002]
cnt=1 s0=fng (4587,1609) [filtered=2002]
cnt=1 s0=fng (4585,1606) [filtered=2002]
cnt=1 s0=fng (4582,1603) [filtered=2002]
cnt=1 s0=fng (4581,1601) [filtered=2002]
cnt=1 s0=fng (4579,1598) [filtered=2002]
cnt=1 s0=fng (4577,1595) [filtered=2002]
cnt=1 s0=fng (4575,1593) [filtered=2002]
cnt=1 s0=fng (4572,1590) [filtered=2002]
cnt=1 s0=fng (4571,1589) [filtered=2002]
cnt=1 s0=fng (4570,1587) [filtered=2002]
cnt=1 s0=fng (4569,1585) [filtered=2002]
cnt=1 s0=fng (4567,1583) [filtered=2002]
cnt=1 s0=fng (4566,1582) [filtered=2002]
cnt=1 s0=fng (4566,1581) [filtered=2002]
cnt=1 s0=fng (4566,1581) [filtered=2002]
cnt=1 s0=fng (4566,1581) [filtered=2002]
cnt=1 s0=fng (4566,1581) [filtered=2002]
cnt=1 s0=fng (4566,1581) [filtered=2002]
cnt=1 s0=fng (4566,1581) [filtered=2002]
cnt=1 s0=fng (4566,1582) [filtered=2002]
cnt=1 s0=fng (4566,1583) [filtered=2002]
cnt=1 s0=fng (4566,1585) [filtered=2002]
cnt=1 s0=fng (4567,1587) [filtered=2002]
cnt=1 s0=fng (4567,1588) [filtered=2002]
cnt=1 s0=fng (4568,1590) [filtered=2002]
cnt=1 s0=fng (4569,1592) [filtered=2002]
cnt=1 s0=fng (4570,1595) [filtered=2002]
cnt=1 s0=fng (4570,1596) [filtered=2002]
cnt=1 s0=fng (4571,1599) [filtered=2002]
cnt=1 s0=fng (4573,1602) [filtered=2002]
cnt=1 s0=fng (4574,1606) [filtered=2002]
cnt=1 s0=fng (4576,1610) [filtered=2002]
cnt=1 s0=fng (4577,1613) [filtered=2002]
cnt=1 s0=fng (4578,1617) [filtered=2002]
cnt=1 s0=fng (4580,1621) [filtered=2002]
cnt=1 s0=fng (4582,1625) [filtered=2002]
cnt=1 s0=fng (4584,1629) [filtered=2002]
cnt=1 s0=fng (4585,1632) [filtered=2002]
cnt=1 s0=fng (4587,1635) [filtered=2002]
cnt=1 s0=fng (4589,1637) [filtered=2002]
cnt=1 s0=fng (4591,1640) [filtered=2002]
cnt=1 s0=fng (4593,1643) [filtered=2002]
cnt=1 s0=fng (4594,1645) [filtered=2002]
cnt=1 s0=fng (4596,1647) [filtered=2002]
cnt=1 s0=fng (4598,1649) [filtered=2002]
cnt=1 s0=fng (4600,1651) [filtered=2002]
cnt=1 s0=fng (4603,1653) [filtered=2002]
cnt=1 s0=fng (4605,1654) [filtered=2002]
cnt=1 s0=fng (4607,1655) [filtered=2002]
cnt=1 s0=fng (4610,1656) [filtered=2002]
cnt=1 s0=fng (4613,1658) [filtered=2002]
cnt=1 s0=fng (4615,1659) [filtered=2002]
cnt=1 s0=fng (4617,1660) [filtered=2002]
cnt=1 s0=fng (4620,1661) [filtered=2002]
cnt=1 s0=fng (4622,1662) [filtered=2002]
cnt=1 s0=fng (4624,1663) [filtered=2002]
cnt=1 s0=fng (4625,1663) [filtered=2002]
cnt=1 s0=fng (4626,1663) [filtered=2002]
cnt=1 s0=fng (4628,1664) [filtered=2002]
cnt=1 s0=fng (4630,1664) [filtered=2002]
cnt=1 s0=fng (4632,1665) [filtered=2002]
cnt=1 s0=fng (4633,1665) [filtered=2002]
cnt=1 s0=fng (4634,1665) [filtered=2002]
cnt=1 s0=fng (4635,1666) [filtered=2002]
cnt=1 s0=fng (4636,1667) [filtered=2002]
cnt=1 s0=fng (4638,1667) [filtered=2002]
cnt=1 s0=fng (4639,1667) [filtered=2002]
cnt=1 s0=fng (4640,1668) [filtered=2002]
cnt=1 s0=fng (4641,1668) [filtered=2002]
cnt=1 s0=fng (4642,1669) [filtered=2002]
cnt=1 s0=fng (4642,1669) [filtered=2002]
cnt=1 s0=fng (4643,1669) [filtered=2002]
cnt=1 s0=fng (4643,1670) [filtered=2002]
cnt=1 s0=fng (4643,1671)* [filtered=2002]
cnt=1 s0=fng (4643,1671)* [filtered=2002]
cnt=1 s0=fng (4643,1671)* [filtered=2002]
cnt=1 s0=fng (4643,1672)* [filtered=2002]
cnt=1 s0=fng (4643,1672)* [filtered=2002]
cnt=1 s0=fng (4643,1673)* [filtered=2002]
cnt=1 s0=fng (4643,1674)* [filtered=2002]
cnt=1 s0=fng (4643,1674)* [filtered=2002]
cnt=1 s0=fng (4643,1675)* [filtered=2002]
cnt=1 s0=fng (4643,1676)* [filtered=2002]
cnt=1 s0=fng (4643,1676)* [filtered=2002]
cnt=1 s0=fng (4643,1677)* [filtered=2002]
cnt=1 s0=fng (4643,1677)* [filtered=2002]
cnt=1 s0=fng (4644,1678)* [filtered=2002]
cnt=1 s0=fng (4645,1678)* [filtered=2002]
cnt=1 s0=fng (4646,1679)* [filtered=2002]
cnt=1 s0=fng (4647,1679)* [filtered=2002]
cnt=1 s0=fng (4648,1679)* [filtered=2002]
cnt=1 s0=fng (4649,1680)* [filtered=2002]
cnt=1 s0=fng (4649,1680)* [filtered=2002]
cnt=1 s0=fng (4650,1681)* [filtered=2002]
cnt=1 s0=fng (4650,1681)* [filtered=2002]
cnt=1 s0=fng (4651,1682)* [filtered=2002]
cnt=1 s0=fng (4652,1682)* [filtered=2002]
cnt=1 s0=fng (4652,1683)* [filtered=2002]
cnt=1 s0=fng (4652,1683)* [filtered=2002]
cnt=1 s0=fng (4652,1683)* [filtered=2002]
cnt=1 s0=fng (4652,1683)* [filtered=2002]
cnt=1 s0=fng (4652,1683)* [filtered=2002]
cnt=1 s0=fng (4665,1689) [filtered=2002]
cnt=1 s0=fng (4665,1689) [filtered=2002]
cnt=1 s0=fng (4665,1689) [filtered=2002]
cnt=1 s0=fng (4665,1689) [filtered=2002]
cnt=1 s0=fng (4665,1689) [filtered=2002]
cnt=1 s0=fng (4665,1689) [filtered=2002]
cnt=1 s0=fng (4665,1689) [filtered=2002]
cnt=1 s0=fng (4665,1689) [filtered=2002]
cnt=1 s0=fng (4665,1689) [filtered=2002]
cnt=1 s0=fng (4665,1689) [filtered=2002]
cnt=1 s0=fng (4665,1689) [filtered=2002]
cnt=1 s0=fng (4665,1689) [filtered=2002]
cnt=1 s0=fng (4665,1689) [filtered=2002]
cnt=1 s0=fng (4665,1689) [filtered=2002]
cnt=1 s0=fng (4665,1689) [filtered=2002]
cnt=1 s0=fng (4665,1689) [filtered=2002]
cnt=1 s0=fng (4665,1689) [filtered=2002]
cnt=1 s0=fng (4665,1689) [filtered=2002]
cnt=2 s0=PALM(4665,1689) s1=fng (1120,3) [filtered=2003]
cnt=2 s0=PALM(4665,1689) s1=fng (1120,3) [filtered=2004]
cnt=2 s0=PALM(4665,1689)* s1=fng (1120,3) [filtered=2005]
cnt=2 s0=PALM(4665,1689)* s1=fng (1120,3) [filtered=2006]
cnt=2 s0=PALM(4665,1689)* s1=fng (1120,3) [filtered=2007]
cnt=2 s0=PALM(4664,1688)* s1=fng (1120,3) [filtered=2008]
cnt=2 s0=PALM(4663,1687)* s1=fng (1120,3) [filtered=2009]
cnt=2 s0=PALM(4662,1686)* s1=fng (1120,3) [filtered=2010]
cnt=2 s0=PALM(4661,1685)* s1=fng (1120,3) [filtered=2011]
cnt=2 s0=PALM(4660,1684)* s1=fng (1120,3) [filtered=2012]
cnt=2 s0=PALM(4659,1683)* s1=fng (1120,3) [filtered=2013]
cnt=2 s0=PALM(4659,1682)* s1=fng (1120,3) [filtered=2014]
cnt=1 s0=fng (4658,1681)* [filtered=2014]
cnt=1 s0=fng (4657,1680)* [filtered=2014]
cnt=1 s0=fng (4657,1679)* [filtered=2014]
cnt=1 s0=fng (4657,1677)* [filtered=2014]
cnt=1 s0=fng (4657,1676)* [filtered=2014]
cnt=1 s0=fng (4657,1675)* [filtered=2014]
cnt=1 s0=fng (4657,1674)* [filtered=2014]
cnt=1 s0=fng (4657,1673)* [filtered=2014]
cnt=1 s0=fng (4657,1673)* [filtered=2014]
cnt=1 s0=fng (4657,1672)* [filtered=2014]
cnt=1 s0=fng (4657,1671)* [filtered=2014]
cnt=1 s0=fng (4656,1670)* [filtered=2014]
cnt=1 s0=fng (4656,1669)* [filtered=2014]
cnt=1 s0=fng (4656,1668)* [filtered=2014]
cnt=1 s0=fng (4656,1667)* [filtered=2014]
cnt=1 s0=fng (4655,1666)* [filtered=2014]
cnt=1 s0=fng (4654,1665)* [filtered=2014]
cnt=1 s0=fng (4654,1665)* [filtered=2014]
cnt=1 s0=fng (4654,1665)* [filtered=2014]
cnt=1 s0=fng (4654,1664)* [filtered=2014]
cnt=1 s0=fng (4654,1664)* [filtered=2014]
cnt=1 s0=fng (4654,1663)* [filtered=2014]
cnt=1 s0=fng (4654,1663)* [filtered=2014]
cnt=1 s0=fng (4654,1663)* [filtered=2014]
cnt=1 s0=fng (4654,1662)* [filtered=2014]
cnt=1 s0=fng (4653,1661)* [filtered=2014]
cnt=1 s0=fng (4653,1661)* [filtered=2014]
cnt=1 s0=fng (4653,1661)* [filtered=2014]
cnt=1 s0=fng (4652,1660)* [filtered=2014]
cnt=1 s0=fng (4651,1660)* [filtered=2014]
cnt=1 s0=fng (4650,1659)* [filtered=2014]
cnt=1 s0=fng (4649,1659)* [filtered=2014]
cnt=1 s0=fng (4649,1659)* [filtered=2014]
cnt=1 s0=fng (4648,1658)* [filtered=2014]
cnt=1 s0=fng (4647,1657)* [filtered=2014]
cnt=1 s0=fng (4646,1657)* [filtered=2014]
cnt=1 s0=fng (4645,1656)* [filtered=2014]
cnt=1 s0=fng (4645,1656)* [filtered=2014]
cnt=1 s0=fng (4645,1656)* [filtered=2014]
cnt=1 s0=fng (4644,1655)* [filtered=2014]
cnt=1 s0=fng (4644,1654)* [filtered=2014]
cnt=1 s0=fng (4644,1654)* [filtered=2014]
cnt=1 s0=fng (4644,1654)* [filtered=2014]
cnt=1 s0=fng (4644,1653)* [filtered=2014]
cnt=1 s0=fng (4644,1653)* [filtered=2014]
cnt=1 s0=fng (4644,1652)* [filtered=2014]
cnt=1 s0=fng (4644,1652)* [filtered=2014]
cnt=1 s0=fng (4644,1652)* [filtered=2014]
cnt=1 s0=fng (4644,1652)* [filtered=2014]
cnt=1 s0=fng (4644,1652)* [filtered=2014]
cnt=1 s0=fng (4644,1652)* [filtered=2014]
cnt=1 s0=fng (4644,1652)* [filtered=2014]
cnt=1 s0=fng (4644,1652)* [filtered=2014]
cnt=1 s0=fng (4644,1652)* [filtered=2014]
cnt=1 s0=fng (4644,1652)* [filtered=2014]
cnt=1 s0=fng (4644,1652)* [filtered=2014]
cnt=1 s0=fng (4644,1652)* [filtered=2014]
cnt=1 s0=fng (4644,1652)* [filtered=2014]
cnt=1 s0=fng (4644,1652)* [filtered=2014]
cnt=1 s0=fng (4643,1652)* [filtered=2014]
cnt=1 s0=fng (4643,1652)* [filtered=2014]
cnt=1 s0=fng (4643,1652)* [filtered=2014]
cnt=1 s0=fng (4643,1652)* [filtered=2014]
cnt=1 s0=fng (4643,1652)* [filtered=2014]
cnt=1 s0=fng (4643,1652)* [filtered=2014]
cnt=1 s0=fng (4643,1652)* [filtered=2014]
cnt=1 s0=fng (4643,1652)* [filtered=2014]
cnt=1 s0=fng (4643,1652)* [filtered=2014]
cnt=1 s0=fng (4643,1652)* [filtered=2014]
cnt=1 s0=fng (4643,1652)* [filtered=2014]
cnt=1 s0=fng (4643,1652)* [filtered=2014]
cnt=1 s0=fng (4643,1652)* [filtered=2014]
cnt=1 s0=fng (4643,1652)* [filtered=2014]
cnt=1 s0=fng (4643,1652)* [filtered=2014]
cnt=1 s0=fng (4643,1652)* [filtered=2014]
cnt=1 s0=fng (4643,1652)* [filtered=2014]
cnt=1 s0=fng (4643,1652)* [filtered=2014]
cnt=1 s0=fng (4643,1652)* [filtered=2014]
cnt=1 s0=fng (4643,1652)* [filtered=2014]
cnt=1 s0=fng (4643,1652)* [filtered=2014]
cnt=1 s0=fng (4643,1652)* [filtered=2014]
cnt=1 s0=fng (4643,1652)* [filtered=2014]
cnt=1 s0=fng (4643,1653)* [filtered=2014]
cnt=1 s0=fng (4643,1653)* [filtered=2014]
cnt=1 s0=fng (4643,1653)* [filtered=2014]
cnt=1 s0=fng (4643,1654)* [filtered=2014]
cnt=1 s0=fng (4643,1654)* [filtered=2014]
cnt=1 s0=fng (4643,1655)* [filtered=2014]
cnt=1 s0=fng (4643,1656)* [filtered=2014]
cnt=1 s0=fng (4643,1656)* [filtered=2014]
cnt=1 s0=fng (4643,1656)* [filtered=2014]
cnt=1 s0=fng (4643,1657)* [filtered=2014]
cnt=1 s0=fng (4643,1657)* [filtered=2014]
cnt=1 s0=fng (4643,1658)* [filtered=2014]
cnt=1 s0=fng (4643,1658)* [filtered=2014]
cnt=1 s0=fng (4643,1659)* [filtered=2014]
cnt=1 s0=fng (4643,1659)* [filtered=2014]
cnt=1 s0=fng (4643,1660)* [filtered=2014]
cnt=1 s0=fng (4643,1660)* [filtered=2014]
cnt=1 s0=fng (4643,1660)* [filtered=2014]
cnt=1 s0=fng (4643,1661)* [filtered=2014]
cnt=1 s0=fng (4643,1662)* [filtered=2014]
cnt=1 s0=fng (4643,1663)* [filtered=2014]
cnt=1 s0=fng (4643,1663)* [filtered=2014]
cnt=1 s0=fng (4643,1663)* [filtered=2014]
cnt=1 s0=fng (4643,1664)* [filtered=2014]
cnt=1 s0=fng (4643,1664)* [filtered=2014]
cnt=1 s0=fng (4643,1665)* [filtered=2014]
cnt=1 s0=fng (4643,1665)* [filtered=2014]
cnt=1 s0=fng (4643,1665)* [filtered=2014]
cnt=1 s0=fng (4643,1666)* [filtered=2014]
cnt=1 s0=fng (4643,1667)* [filtered=2014]
cnt=1 s0=fng (4643,1667)* [filtered=2014]
cnt=1 s0=fng (4643,1667)* [filtered=2014]
cnt=1 s0=fng (4643,1668)* [filtered=2014]
cnt=1 s0=fng (4643,1668)* [filtered=2014]
cnt=1 s0=fng (4643,1669)* [filtered=2014]
cnt=1 s0=fng (4643,1669)* [filtered=2014]
cnt=1 s0=fng (4643,1669)* [filtered=2014]
cnt=1 s0=fng (4643,1670)* [filtered=2014]
cnt=1 s0=fng (4643,1671)* [filtered=2014]
cnt=1 s0=fng (4643,1672)* [filtered=2014]
cnt=1 s0=fng (4643,1673)* [filtered=2014]
cnt=1 s0=fng (4643,1673)* [filtered=2014]
cnt=1 s0=fng (4643,1674)* [filtered=2014]
cnt=1 s0=fng (4643,1675)* [filtered=2014]
cnt=1 s0=fng (4643,1676)* [filtered=2014]
cnt=1 s0=fng (4643,1676)* [filtered=2014]
cnt=1 s0=fng (4644,1677)* [filtered=2014]
cnt=1 s0=fng (4645,1679)* [filtered=2014]
cnt=1 s0=fng (4646,1681)* [filtered=2014]
cnt=1 s0=fng (4647,1684) [filtered=2014]
cnt=1 s0=fng (4648,1685) [filtered=2014]
cnt=1 s0=fng (4649,1687) [filtered=2014]
cnt=1 s0=fng (4650,1689) [filtered=2014]
cnt=1 s0=fng (4651,1692) [filtered=2014]
cnt=1 s0=fng (4653,1695) [filtered=2014]
cnt=1 s0=fng (4654,1697) [filtered=2014]
cnt=1 s0=fng (4656,1700) [filtered=2014]
cnt=1 s0=fng (4659,1703) [filtered=2014]
cnt=1 s0=fng (4662,1707) [filtered=2014]
cnt=1 s0=fng (4665,1711) [filtered=2014]
cnt=1 s0=fng (4667,1713) [filtered=2014]
cnt=1 s0=fng (4670,1716) [filtered=2014]
cnt=1 s0=fng (4673,1719) [filtered=2014]
cnt=1 s0=fng (4676,1722) [filtered=2014]
cnt=1 s0=fng (4678,1724) [filtered=2014]
cnt=1 s0=fng (4679,1727) [filtered=2014]
cnt=1 s0=fng (4682,1730) [filtered=2014]
cnt=1 s0=fng (4684,1733) [filtered=2014]
cnt=1 s0=fng (4686,1736) [filtered=2014]
cnt=1 s0=fng (4687,1738) [filtered=2014]
cnt=1 s0=fng (4689,1741) [filtered=2014]
cnt=1 s0=fng (4691,1744) [filtered=2014]
cnt=1 s0=fng (4693,1746) [filtered=2014]
cnt=1 s0=fng (4695,1748) [filtered=2014]
cnt=1 s0=fng (4696,1749) [filtered=2014]
cnt=1 s0=fng (4698,1751) [filtered=2014]
cnt=1 s0=fng (4700,1753) [filtered=2014]
cnt=1 s0=fng (4702,1755) [filtered=2014]
cnt=1 s0=fng (4703,1756) [filtered=2014]
cnt=1 s0=fng (4704,1757) [filtered=2014]
cnt=1 s0=fng (4705,1758) [filtered=2014]
cnt=1 s0=fng (4706,1759) [filtered=2014]
cnt=1 s0=fng (4706,1760) [filtered=2014]
cnt=1 s0=fng (4706,1761) [filtered=2014]
cnt=1 s0=fng (4706,1761) [filtered=2014]
cnt=1 s0=fng (4706,1761) [filtered=2014]
cnt=1 s0=fng (4706,1761) [filtered=2014]
cnt=1 s0=fng (4706,1761) [filtered=2014]
cnt=1 s0=fng (4706,1761) [filtered=2014]
cnt=1 s0=fng (4706,1761) [filtered=2014]
cnt=1 s0=fng (4706,1761) [filtered=2014]
cnt=1 s0=fng (4706,1761) [filtered=2014]
cnt=1 s0=fng (4706,1761) [filtered=2014]
cnt=1 s0=fng (4706,1761) [filtered=2014]
cnt=1 s0=fng (4706,1761) [filtered=2014]
cnt=1 s0=fng (4706,1760) [filtered=2014]
cnt=1 s0=fng (4706,1759) [filtered=2014]
cnt=1 s0=fng (4706,1759)* [filtered=2014]
cnt=1 s0=fng (4706,1759)* [filtered=2014]
cnt=1 s0=fng (4706,1758)* [filtered=2014]
cnt=1 s0=fng (4706,1758)* [filtered=2014]
cnt=1 s0=fng (4705,1758)* [filtered=2014]
cnt=1 s0=fng (4705,1758)* [filtered=2014]
cnt=1 s0=fng (4705,1758)* [filtered=2014]
cnt=1 s0=fng (4705,1758)* [filtered=2014]
cnt=1 s0=fng (4705,1758)* [filtered=2014]
cnt=1 s0=fng (4705,1758)* [filtered=2014]
cnt=1 s0=fng (4705,1758)* [filtered=2014]
cnt=1 s0=fng (4705,1758)* [filtered=2014]
cnt=1 s0=fng (4705,1758)* [filtered=2014]
cnt=1 s0=fng (4705,1758)* [filtered=2014]
cnt=1 s0=fng (4705,1758)* [filtered=2014]
cnt=1 s0=fng (4705,1758)* [filtered=2014]
cnt=1 s0=fng (4705,1758)* [filtered=2014]
cnt=1 s0=fng (4705,1758)* [filtered=2014]
cnt=1 s0=fng (4705,1758)* [filtered=2014]
cnt=1 s0=fng (4705,1758)* [filtered=2014]
cnt=1 s0=fng (4705,1758)* [filtered=2014]
cnt=1 s0=fng (4705,1758)* [filtered=2014]
cnt=1 s0=fng (4705,1757)* [filtered=2014]
cnt=1 s0=fng (4705,1757)* [filtered=2014]
cnt=1 s0=fng (4705,1757)* [filtered=2014]
cnt=1 s0=fng (4705,1757)* [filtered=2014]
cnt=1 s0=fng (4705,1757)* [filtered=2014]
cnt=1 s0=fng (4705,1756)* [filtered=2014]
cnt=1 s0=fng (4705,1756)* [filtered=2014]
cnt=1 s0=fng (4705,1755)* [filtered=2014]
cnt=1 s0=fng (4705,1755)* [filtered=2014]
cnt=1 s0=fng (4705,1755)* [filtered=2014]
cnt=1 s0=fng (4705,1755)* [filtered=2014]
cnt=1 s0=fng (4705,1755)* [filtered=2014]
cnt=1 s0=fng (4705,1755)* [filtered=2014]
cnt=1 s0=fng (4705,1755)* [filtered=2014]
cnt=1 s0=fng (4705,1755)* [filtered=2014]
cnt=1 s0=fng (4705,1755)* [filtered=2014]
cnt=1 s0=fng (4705,1755)* [filtered=2014]
cnt=1 s0=fng (4705,1755)* [filtered=2014]
cnt=1 s0=fng (4705,1755)* [filtered=2014]
cnt=1 s0=fng (4705,1755)* [filtered=2014]
cnt=1 s0=fng (4705,1755)* [filtered=2014]
cnt=1 s0=fng (4705,1755)* [filtered=2014]
cnt=1 s0=fng (4705,1755)* [filtered=2014]
cnt=1 s0=fng (4705,1755)* [filtered=2014]
cnt=1 s0=fng (4705,1756)* [filtered=2014]
cnt=1 s0=fng (4705,1756)* [filtered=2014]
cnt=1 s0=fng (4705,1757)* [filtered=2014]
cnt=1 s0=fng (4705,1757)* [filtered=2014]
cnt=1 s0=fng (4705,1758)* [filtered=2014]
cnt=1 s0=fng (4705,1758)* [filtered=2014]
cnt=1 s0=fng (4705,1758)* [filtered=2014]
cnt=1 s0=fng (4705,1759)* [filtered=2014]
cnt=1 s0=fng (4705,1759)* [filtered=2014]
cnt=1 s0=fng (4705,1759)* [filtered=2014]
cnt=1 s0=fng (4705,1759)* [filtered=2014]
cnt=1 s0=fng (4705,1759)* [filtered=2014]
cnt=2 s0=PALM(4705,1759)* s1=fng (1103,8) [filtered=2015]
cnt=2 s0=PALM(4705,1759)* s1=fng (1103,8) [filtered=2016]
cnt=2 s0=PALM(4705,1759)* s1=fng (1102,8) [filtered=2017]
cnt=2 s0=PALM(4705,1759)* s1=fng (1102,8) [filtered=2018]
cnt=2 s0=PALM(4705,1759)* s1=fng (1102,8) [filtered=2019]
cnt=2 s0=PALM(4704,1759)* s1=fng (1102,8) [filtered=2020]
cnt=2 s0=PALM(4703,1759)* s1=fng (1101,8) [filtered=2021]
cnt=2 s0=PALM(4702,1758)* s1=fng (1100,8) [filtered=2022]
cnt=2 s0=PALM(4702,1758)* s1=fng (1100,8) [filtered=2023]
cnt=2 s0=PALM(4701,1758)* s1=fng (1100,8) [filtered=2024]
cnt=2 s0=PALM(4700,1757)* s1=fng (1099,8) [filtered=2025]
cnt=2 s0=PALM(4698,1756)* s1=fng (1099,8) [filtered=2026]
cnt=2 s0=PALM(4696,1755)* s1=fng (1098,8) [filtered=2027]
cnt=2 s0=PALM(4695,1754)* s1=fng (1098,8) [filtered=2028]
cnt=2 s0=PALM(4694,1753)* s1=fng (1098,8) [filtered=2029]
cnt=2 s0=PALM(4693,1752)* s1=fng (1097,8) [filtered=2030]
cnt=2 s0=PALM(4691,1751)* s1=fng (1096,8) [filtered=2031]
cnt=2 s0=PALM(4690,1750)* s1=fng (1096,8) [filtered=2032]
cnt=2 s0=PALM(4689,1749)* s1=fng (1095,8) [filtered=2033]
cnt=2 s0=PALM(4688,1747)* s1=fng (1094,8) [filtered=2034]
cnt=2 s0=PALM(4687,1745)* s1=PALM(1093,8)* [filtered=2035]
cnt=1 s0=fng (4686,1744)* [filtered=2035]
cnt=1 s0=fng (4686,1743)* [filtered=2035]
cnt=1 s0=fng (4685,1742)* [filtered=2035]
cnt=1 s0=fng (4684,1741)* [filtered=2035]
cnt=1 s0=fng (4683,1740)* [filtered=2035]
cnt=1 s0=fng (4682,1738)* [filtered=2035]
cnt=1 s0=fng (4681,1737)* [filtered=2035]
cnt=1 s0=fng (4680,1736)* [filtered=2035]
cnt=1 s0=fng (4680,1735)* [filtered=2035]
cnt=1 s0=fng (4680,1735)* [filtered=2035]
cnt=1 s0=fng (4680,1734)* [filtered=2035]
cnt=1 s0=fng (4680,1734)* [filtered=2035]
cnt=1 s0=fng (4680,1734)* [filtered=2035]
cnt=1 s0=fng (4680,1734)* [filtered=2035]
cnt=1 s0=fng (4680,1734)* [filtered=2035]
cnt=1 s0=fng (4680,1734)* [filtered=2035]
cnt=1 s0=fng (4680,1734)* [filtered=2035]
cnt=1 s0=fng (4680,1734)* [filtered=2035]
cnt=1 s0=fng (4680,1734)* [filtered=2035]
cnt=1 s0=fng (4680,1734)* [filtered=2035]
cnt=1 s0=fng (4680,1734)* [filtered=2035]
cnt=1 s0=fng (4680,1734)* [filtered=2035]
cnt=1 s0=fng (4680,1734)* [filtered=2035]
cnt=1 s0=fng (4680,1734)* [filtered=2035]
cnt=1 s0=fng (4680,1734)* [filtered=2035]
cnt=1 s0=fng (4680,1734)* [filtered=2035]
cnt=1 s0=fng (4680,1734)* [filtered=2035]
cnt=1 s0=fng (4680,1734)* [filtered=2035]
cnt=1 s0=fng (4680,1734)* [filtered=2035]
cnt=1 s0=fng (4680,1734)* [filtered=2035]
cnt=1 s0=fng (4680,1734)* [filtered=2035]
cnt=1 s0=fng (4680,1734)* [filtered=2035]
cnt=1 s0=fng (4680,1734)* [filtered=2035]
cnt=1 s0=fng (4680,1734)* [filtered=2035]
cnt=1 s0=fng (4680,1734)* [filtered=2035]
cnt=1 s0=fng (4680,1734)* [filtered=2035]
cnt=1 s0=fng (4680,1734)* [filtered=2035]
cnt=1 s0=fng (4680,1734)* [filtered=2035]
cnt=1 s0=fng (4680,1734)* [filtered=2035]
cnt=1 s0=fng (4680,1734)* [filtered=2035]
cnt=1 s0=fng (4680,1734)* [filtered=2035]
cnt=1 s0=fng (4680,1734)* [filtered=2035]
cnt=1 s0=fng (4680,1734)* [filtered=2035]
cnt=1 s0=fng (4680,1734)* [filtered=2035]
cnt=1 s0=fng (4680,1734)* [filtered=2035]
cnt=1 s0=fng (4680,1734)* [filtered=2035]
cnt=1 s0=fng (4680,1734)* [filtered=2035]
cnt=1 s0=fng (4680,1734)* [filtered=2035]
cnt=1 s0=fng (4680,1734)* [filtered=2035]
cnt=1 s0=fng (4680,1734)* [filtered=2035]
cnt=1 s0=fng (4680,1734)* [filtered=2035]
cnt=1 s0=fng (4680,1734)* [filtered=2035]
cnt=1 s0=fng (4680,1734)* [filtered=2035]
cnt=1 s0=fng (4680,1734)* [filtered=2035]
cnt=1 s0=fng (4680,1734)* [filtered=2035]
cnt=1 s0=fng (4680,1734)* [filtered=2035]
cnt=1 s0=fng (4680,1734)* [filtered=2035]
cnt=1 s0=fng (4680,1734)* [filtered=2035]
cnt=1 s0=fng (4680,1734)* [filtered=2035]
cnt=1 s0=fng (4680,1734)* [filtered=2035]
cnt=1 s0=fng (4679,1734)* [filtered=2035]
cnt=1 s0=fng (4679,1734)* [filtered=2035]
cnt=1 s0=fng (4678,1734)* [filtered=2035]
cnt=1 s0=fng (4678,1734)* [filtered=2035]
cnt=1 s0=fng (4677,1734)* [filtered=2035]
cnt=1 s0=fng (4676,1734)* [filtered=2035]
cnt=1 s0=fng (4676,1734)* [filtered=2035]
cnt=1 s0=fng (4675,1734)* [filtered=2035]
cnt=1 s0=fng (4675,1734)* [filtered=2035]
cnt=1 s0=fng (4674,1733)* [filtered=2035]
cnt=1 s0=fng (4673,1733)* [filtered=2035]
cnt=1 s0=fng (4672,1733)* [filtered=2035]
cnt=1 s0=fng (4671,1733)* [filtered=2035]
cnt=1 s0=fng (4670,1732)* [filtered=2035]
cnt=1 s0=fng (4669,1732)* [filtered=2035]
cnt=1 s0=fng (4669,1731)* [filtered=2035]
cnt=1 s0=fng (4669,1731)* [filtered=2035]
cnt=1 s0=fng (4669,1731)* [filtered=2035]
cnt=1 s0=fng (4668,1730)* [filtered=2035]
cnt=1 s0=fng (4668,1729)* [filtered=2035]
cnt=1 s0=fng (4667,1729)* [filtered=2035]
cnt=1 s0=fng (4666,1728)* [filtered=2035]
cnt=1 s0=fng (4666,1728)* [filtered=2035]
cnt=1 s0=fng (4665,1728)* [filtered=2035]
cnt=1 s0=fng (4665,1727)* [filtered=2035]
cnt=1 s0=fng (4664,1727)* [filtered=2035]
cnt=1 s0=fng (4663,1727)* [filtered=2035]
cnt=1 s0=fng (4663,1726)* [filtered=2035]
cnt=1 s0=fng (4663,1725)* [filtered=2035]
cnt=1 s0=fng (4662,1725)* [filtered=2035]
cnt=1 s0=fng (4662,1724)* [filtered=2035]
cnt=1 s0=fng (4662,1724)* [filtered=2035]
cnt=1 s0=fng (4661,1723)* [filtered=2035]
cnt=1 s0=fng (4660,1722)* [filtered=2035]
cnt=1 s0=fng (4659,1721)* [filtered=2035]
cnt=1 s0=fng (4658,1720)* [filtered=2035]
cnt=1 s0=fng (4658,1720)* [filtered=2035]
cnt=1 s0=fng (4657,1719)* [filtered=2035]
cnt=1 s0=fng (4656,1717)* [filtered=2035]
cnt=1 s0=fng (4655,1715)* [filtered=2035]
cnt=1 s0=fng (4654,1714)* [filtered=2035]
cnt=1 s0=fng (4653,1713)* [filtered=2035]
cnt=1 s0=fng (4652,1711)* [filtered=2035]
cnt=1 s0=fng (4651,1709)* [filtered=2035]
cnt=1 s0=fng (4650,1707)* [filtered=2035]
cnt=1 s0=fng (4649,1706)* [filtered=2035]
cnt=1 s0=fng (4648,1704)* [filtered=2035]
cnt=1 s0=fng (4646,1702) [filtered=2035]
cnt=1 s0=fng (4644,1700) [filtered=2035]
cnt=1 s0=fng (4642,1697) [filtered=2035]
cnt=1 s0=fng (4641,1696) [filtered=2035]
cnt=1 s0=fng (4639,1694) [filtered=2035]
cnt=1 s0=fng (4637,1692) [filtered=2035]
cnt=1 s0=fng (4636,1690) [filtered=2035]
cnt=1 s0=fng (4635,1688) [filtered=2035]
cnt=1 s0=fng (4634,1687) [filtered=2035]
cnt=1 s0=fng (4634,1685) [filtered=2035]
cnt=1 s0=fng (4634,1684) [filtered=2035]
cnt=1 s0=fng (4634,1683) [filtered=2035]
cnt=1 s0=fng (4634,1683) [filtered=2035]
cnt=1 s0=fng (4634,1683) [filtered=2035]
cnt=1 s0=fng (4634,1683) [filtered=2035]
cnt=1 s0=fng (4635,1683) [filtered=2035]
cnt=1 s0=fng (4636,1684) [filtered=2035]
cnt=1 s0=fng (4636,1685) [filtered=2035]
cnt=1 s0=fng (4637,1686) [filtered=2035]
cnt=1 s0=fng (4639,1688) [filtered=2035]
cnt=1 s0=fng (4641,1691) [filtered=2035]
cnt=1 s0=fng (4645,1695) [filtered=2035]
cnt=1 s0=fng (4647,1697) [filtered=2035]
cnt=1 s0=fng (4651,1701) [filtered=2035]
cnt=1 s0=fng (4656,1706) [filtered=2035]
cnt=1 s0=fng (4661,1712) [filtered=2035]
cnt=1 s0=fng (4666,1719) [filtered=2035]
cnt=1 s0=fng (4671,1725) [filtered=2035]
cnt=1 s0=fng (4675,1730) [filtered=2035]
cnt=1 s0=fng (4738,1835) [filtered=2035]
cnt=1 s0=fng (4738,1835) [filtered=2035]
cnt=1 s0=fng (4738,1834) [filtered=2035]
cnt=1 s0=fng (4738,1834) [filtered=2035]
cnt=1 s0=fng (4738,1834) [filtered=2035]
cnt=1 s0=fng (4738,1834) [filtered=2035]
cnt=1 s0=fng (4738,1834) [filtered=2035]
cnt=1 s0=fng (4738,1834) [filtered=2035]
cnt=1 s0=fng (4738,1834) [filtered=2035]
cnt=1 s0=fng (4738,1834) [filtered=2035]
cnt=1 s0=fng (4738,1834) [filtered=2035]
cnt=1 s0=fng (4762,1830) [filtered=2035]
cnt=1 s0=fng (4762,1830) [filtered=2035]
cnt=1 s0=fng (4762,1830) [filtered=2035]
cnt=1 s0=fng (4762,1830) [filtered=2035]
cnt=1 s0=fng (4762,1830) [filtered=2035]
cnt=1 s0=fng (4762,1829) [filtered=2035]
cnt=1 s0=fng (4762,1829) [filtered=2035]
cnt=1 s0=fng (4762,1829) [filtered=2035]
cnt=1 s0=fng (4762,1828) [filtered=2035]
cnt=1 s0=fng (4762,1827) [filtered=2035]
cnt=1 s0=fng (4762,1827) [filtered=2035]
cnt=1 s0=fng (4762,1827) [filtered=2035]
cnt=1 s0=fng (4762,1826) [filtered=2035]
cnt=1 s0=fng (4762,1826) [filtered=2035]
cnt=1 s0=fng (4762,1825) [filtered=2035]
cnt=1 s0=fng (4762,1824) [filtered=2035]
cnt=1 s0=fng (4762,1823) [filtered=2035]
cnt=1 s0=fng (4762,1822) [filtered=2035]
cnt=1 s0=fng (4762,1821) [filtered=2035]
cnt=1 s0=fng (4762,1820) [filtered=2035]
cnt=1 s0=fng (4762,1820)* [filtered=2035]
cnt=1 s0=fng (4762,1819)* [filtered=2035]
cnt=1 s0=fng (4761,1818)* [filtered=2035]
cnt=1 s0=fng (4760,1817)* [filtered=2035]
cnt=1 s0=fng (4759,1816)* [filtered=2035]
cnt=1 s0=fng (4758,1815)* [filtered=2035]
cnt=1 s0=fng (4757,1814)* [filtered=2035]
cnt=1 s0=fng (4756,1813)* [filtered=2035]
cnt=1 s0=fng (4755,1812)* [filtered=2035]
cnt=1 s0=fng (4753,1810) [filtered=2035]
cnt=1 s0=fng (4752,1809) [filtered=2035]
cnt=1 s0=fng (4751,1808) [filtered=2035]
cnt=1 s0=fng (4750,1807) [filtered=2035]
cnt=1 s0=fng (4748,1805) [filtered=2035]
cnt=1 s0=fng (4747,1803) [filtered=2035]
cnt=1 s0=fng (4746,1802) [filtered=2035]
cnt=1 s0=fng (4745,1801) [filtered=2035]
cnt=1 s0=fng (4743,1800) [filtered=2035]
cnt=1 s0=fng (4742,1798) [filtered=2035]
cnt=1 s0=fng (4741,1797) [filtered=2035]
cnt=1 s0=fng (4740,1796) [filtered=2035]
cnt=1 s0=fng (4738,1794) [filtered=2035]
cnt=1 s0=fng (4737,1793) [filtered=2035]
cnt=1 s0=fng (4735,1791) [filtered=2035]
cnt=1 s0=fng (4734,1790) [filtered=2035]
cnt=1 s0=fng (4733,1789) [filtered=2035]
cnt=1 s0=fng (4732,1787) [filtered=2035]
cnt=1 s0=fng (4731,1786) [filtered=2035]
cnt=1 s0=fng (4730,1785) [filtered=2035]
cnt=1 s0=fng (4729,1784) [filtered=2035]
cnt=1 s0=fng (4728,1783) [filtered=2035]
cnt=1 s0=fng (4727,1782) [filtered=2035]
cnt=1 s0=fng (4726,1781) [filtered=2035]
cnt=1 s0=fng (4725,1780) [filtered=2035]
cnt=1 s0=fng (4724,1780) [filtered=2035]
cnt=1 s0=fng (4723,1779) [filtered=2035]
cnt=1 s0=fng (4722,1778) [filtered=2035]
cnt=1 s0=fng (4722,1777) [filtered=2035]
cnt=1 s0=fng (4722,1777) [filtered=2035]
cnt=1 s0=fng (4722,1776) [filtered=2035]
cnt=1 s0=fng (4722,1776) [filtered=2035]
cnt=1 s0=fng (4722,1775) [filtered=2035]
cnt=1 s0=fng (4722,1774) [filtered=2035]
cnt=1 s0=fng (4722,1774)* [filtered=2035]
cnt=1 s0=fng (4722,1774)* [filtered=2035]
cnt=1 s0=fng (4722,1773)* [filtered=2035]
cnt=1 s0=fng (4721,1773)* [filtered=2035]
cnt=1 s0=fng (4720,1772)* [filtered=2035]
cnt=1 s0=fng (4720,1772)* [filtered=2035]
cnt=1 s0=fng (4719,1771)* [filtered=2035]
cnt=1 s0=fng (4718,1770)* [filtered=2035]
cnt=1 s0=fng (4717,1769)* [filtered=2035]
cnt=1 s0=fng (4716,1769)* [filtered=2035]
cnt=1 s0=fng (4715,1768)* [filtered=2035]
cnt=1 s0=fng (4714,1767)* [filtered=2035]
cnt=1 s0=fng (4713,1766)* [filtered=2035]
cnt=1 s0=fng (4712,1764)* [filtered=2035]
cnt=1 s0=fng (4712,1763)* [filtered=2035]
cnt=1 s0=fng (4711,1762)* [filtered=2035]
cnt=1 s0=fng (4710,1760)* [filtered=2035]
cnt=1 s0=fng (4709,1758)* [filtered=2035]
cnt=1 s0=fng (4707,1756) [filtered=2035]
cnt=1 s0=fng (4706,1755) [filtered=2035]
cnt=1 s0=fng (4705,1753) [filtered=2035]
cnt=1 s0=fng (4704,1751) [filtered=2035]
cnt=1 s0=fng (4703,1749) [filtered=2035]
cnt=1 s0=fng (4702,1748) [filtered=2035]
cnt=1 s0=fng (4701,1747) [filtered=2035]
cnt=1 s0=fng (4701,1746) [filtered=2035]
cnt=1 s0=fng (4701,1745) [filtered=2035]
cnt=1 s0=fng (4701,1744) [filtered=2035]
cnt=1 s0=fng (4701,1744) [filtered=2035]
cnt=1 s0=fng (4701,1743) [filtered=2035]
cnt=1 s0=fng (4701,1743) [filtered=2035]
cnt=1 s0=fng (4701,1743) [filtered=2035]
cnt=1 s0=fng (4701,1743) [filtered=2035]
cnt=1 s0=fng (4701,1743) [filtered=2035]
cnt=1 s0=fng (4701,1743) [filtered=2035]
cnt=1 s0=fng (4701,1743) [filtered=2035]
cnt=1 s0=fng (4701,1744) [filtered=2035]
cnt=1 s0=fng (4701,1744) [filtered=2035]
cnt=1 s0=fng (4701,1744)* [filtered=2035]
cnt=1 s0=fng (4701,1745)* [filtered=2035]
cnt=1 s0=fng (4701,1746)* [filtered=2035]
cnt=1 s0=fng (4701,1747)* [filtered=2035]
cnt=1 s0=fng (4701,1747)* [filtered=2035]
cnt=1 s0=fng (4701,1747)* [filtered=2035]
cnt=1 s0=fng (4701,1748)* [filtered=2035]
cnt=1 s0=fng (4701,1749)* [filtered=2035]
cnt=1 s0=fng (4701,1750)* [filtered=2035]
cnt=1 s0=fng (4701,1750)* [filtered=2035]
cnt=1 s0=fng (4701,1750)* [filtered=2035]
cnt=1 s0=fng (4701,1751)* [filtered=2035]
cnt=1 s0=fng (4701,1751)* [filtered=2035]
cnt=1 s0=fng (4701,1752)* [filtered=2035]
cnt=1 s0=fng (4701,1752)* [filtered=2035]
cnt=1 s0=fng (4701,1752)* [filtered=2035]
cnt=1 s0=fng (4701,1753)* [filtered=2035]
cnt=1 s0=fng (4701,1753)* [filtered=2035]
cnt=1 s0=fng (4701,1754)* [filtered=2035]
cnt=1 s0=fng (4701,1754)* [filtered=2035]
cnt=1 s0=fng (4701,1754)* [filtered=2035]
cnt=1 s0=fng (4701,1754)* [filtered=2035]
cnt=1 s0=fng (4701,1754)* [filtered=2035]
cnt=1 s0=fng (4701,1754)* [filtered=2035]
cnt=1 s0=fng (4701,1754)* [filtered=2035]
cnt=1 s0=fng (4701,1754)* [filtered=2035]
cnt=1 s0=fng (4701,1754)* [filtered=2035]
cnt=1 s0=fng (4701,1754)* [filtered=2035]
cnt=1 s0=fng (4701,1754)* [filtered=2035]
cnt=1 s0=fng (4701,1754)* [filtered=2035]
cnt=1 s0=fng (4701,1754)* [filtered=2035]
cnt=1 s0=fng (4701,1754)* [filtered=2035]
cnt=1 s0=fng (4701,1755)* [filtered=2035]
cnt=1 s0=fng (4701,1755)* [filtered=2035]
cnt=2 s0=PALM(4701,1755)* s1=PALM(36,1897) [filtered=2036]
cnt=2 s0=PALM(4701,1756)* s1=PALM(36,1897) [filtered=2037]
cnt=2 s0=PALM(4701,1757)* s1=PALM(36,1897) [filtered=2038]
cnt=2 s0=PALM(4702,1758)* s1=PALM(36,1897) [filtered=2039]
cnt=2 s0=PALM(4702,1758)* s1=PALM(36,1897) [filtered=2040]
cnt=2 s0=PALM(4702,1759)* s1=PALM(36,1897) [filtered=2041]
cnt=2 s0=PALM(4702,1759)* s1=PALM(36,1897) [filtered=2042]
cnt=2 s0=PALM(4702,1760)* s1=PALM(36,1897) [filtered=2043]
cnt=2 s0=PALM(4702,1761)* s1=PALM(36,1897) [filtered=2044]
cnt=2 s0=PALM(4702,1761)* s1=PALM(36,1897) [filtered=2045]
cnt=2 s0=PALM(4702,1761)* s1=PALM(36,1897) [filtered=2046]
cnt=1 s0=fng (4702,1762)* [filtered=2046]
cnt=1 s0=fng (4701,1762)* [filtered=2046]
cnt=1 s0=fng (4701,1762)* [filtered=2046]
cnt=1 s0=fng (4701,1762)* [filtered=2046]
cnt=1 s0=fng (4701,1762)* [filtered=2046]
cnt=1 s0=fng (4701,1762)* [filtered=2046]
cnt=1 s0=fng (4701,1762)* [filtered=2046]
cnt=1 s0=fng (4701,1762)* [filtered=2046]
cnt=1 s0=fng (4701,1762)* [filtered=2046]
cnt=1 s0=fng (4701,1762)* [filtered=2046]
cnt=1 s0=fng (4701,1762)* [filtered=2046]
cnt=1 s0=fng (4701,1762)* [filtered=2046]
cnt=1 s0=fng (4701,1762)* [filtered=2046]
cnt=1 s0=fng (4701,1762)* [filtered=2046]
cnt=1 s0=fng (4701,1762)* [filtered=2046]
cnt=1 s0=fng (4701,1762)* [filtered=2046]
cnt=1 s0=fng (4701,1762)* [filtered=2046]
cnt=1 s0=fng (4701,1762)* [filtered=2046]
cnt=1 s0=fng (4701,1762)* [filtered=2046]
cnt=1 s0=fng (4701,1762)* [filtered=2046]
cnt=1 s0=fng (4701,1762)* [filtered=2046]
cnt=1 s0=fng (4701,1762)* [filtered=2046]
cnt=1 s0=fng (4701,1762)* [filtered=2046]
cnt=1 s0=fng (4701,1762)* [filtered=2046]
cnt=1 s0=fng (4701,1762)* [filtered=2046]
cnt=1 s0=fng (4701,1762)* [filtered=2046]
cnt=1 s0=fng (4701,1762)* [filtered=2046]
cnt=1 s0=fng (4701,1762)* [filtered=2046]
cnt=1 s0=fng (4701,1762)* [filtered=2046]
cnt=1 s0=fng (4701,1762)* [filtered=2046]
cnt=1 s0=fng (4701,1762)* [filtered=2046]
cnt=1 s0=fng (4701,1762)* [filtered=2046]
cnt=1 s0=fng (4701,1762)* [filtered=2046]
cnt=1 s0=fng (4701,1762)* [filtered=2046]
cnt=1 s0=fng (4701,1762)* [filtered=2046]
cnt=1 s0=fng (4701,1763)* [filtered=2046]
cnt=1 s0=fng (4701,1763)* [filtered=2046]
cnt=1 s0=fng (4701,1763)* [filtered=2046]
cnt=1 s0=fng (4701,1764)* [filtered=2046]
cnt=1 s0=fng (4701,1765)* [filtered=2046]
cnt=1 s0=fng (4701,1765)* [filtered=2046]
cnt=1 s0=fng (4701,1765)* [filtered=2046]
cnt=1 s0=fng (4701,1766)* [filtered=2046]
cnt=1 s0=fng (4701,1766)* [filtered=2046]
cnt=1 s0=fng (4701,1767)* [filtered=2046]
cnt=1 s0=fng (4701,1767)* [filtered=2046]
cnt=1 s0=fng (4701,1767)* [filtered=2046]
cnt=1 s0=fng (4701,1768)* [filtered=2046]
cnt=1 s0=fng (4701,1769)* [filtered=2046]
cnt=1 s0=fng (4701,1769)* [filtered=2046]
cnt=1 s0=fng (4701,1769)* [filtered=2046]
cnt=1 s0=fng (4701,1770)* [filtered=2046]
cnt=1 s0=fng (4701,1771)* [filtered=2046]
cnt=1 s0=fng (4701,1772)* [filtered=2046]
cnt=1 s0=fng (4701,1773)* [filtered=2046]
cnt=1 s0=fng (4701,1773)* [filtered=2046]
cnt=1 s0=fng (4701,1774)* [filtered=2046]
cnt=1 s0=fng (4701,1774)* [filtered=2046]
cnt=1 s0=fng (4701,1775)* [filtered=2046]
cnt=1 s0=fng (4701,1776)* [filtered=2046]
cnt=1 s0=fng (4701,1777)* [filtered=2046]
cnt=1 s0=fng (4701,1778)* [filtered=2046]
cnt=1 s0=fng (4701,1779)* [filtered=2046]
cnt=1 s0=fng (4701,1780)* [filtered=2046]
cnt=1 s0=fng (4701,1780)* [filtered=2046]
cnt=1 s0=fng (4701,1780)* [filtered=2046]
cnt=1 s0=fng (4701,1781)* [filtered=2046]
cnt=1 s0=fng (4701,1781)* [filtered=2046]
cnt=1 s0=fng (4701,1782)* [filtered=2046]
cnt=1 s0=fng (4701,1782)* [filtered=2046]
cnt=1 s0=fng (4701,1782)* [filtered=2046]
cnt=1 s0=fng (4701,1783)* [filtered=2046]
cnt=1 s0=fng (4701,1784)* [filtered=2046]
cnt=1 s0=fng (4701,1784)* [filtered=2046]
cnt=1 s0=fng (4701,1784)* [filtered=2046]
cnt=1 s0=fng (4701,1784)* [filtered=2046]
cnt=1 s0=fng (4701,1784)* [filtered=2046]
cnt=1 s0=fng (4701,1784)* [filtered=2046]
cnt=1 s0=fng (4701,1784)* [filtered=2046]
cnt=1 s0=fng (4701,1783)* [filtered=2046]
cnt=1 s0=fng (4701,1782)* [filtered=2046]
cnt=1 s0=fng (4701,1782)* [filtered=2046]
cnt=1 s0=fng (4701,1781)* [filtered=2046]
cnt=1 s0=fng (4701,1781)* [filtered=2046]
cnt=1 s0=fng (4701,1780)* [filtered=2046]
cnt=1 s0=fng (4701,1779)* [filtered=2046]
cnt=1 s0=fng (4701,1778)* [filtered=2046]
cnt=1 s0=fng (4701,1776)* [filtered=2046]
cnt=1 s0=fng (4701,1775)* [filtered=2046]
cnt=1 s0=fng (4701,1774)* [filtered=2046]
cnt=1 s0=fng (4701,1773)* [filtered=2046]
cnt=1 s0=fng (4701,1771)* [filtered=2046]
cnt=1 s0=fng (4701,1769)* [filtered=2046]
cnt=1 s0=fng (4701,1768)* [filtered=2046]
cnt=1 s0=fng (4701,1766)* [filtered=2046]
cnt=1 s0=fng (4701,1764)* [filtered=2046]
cnt=1 s0=fng (4702,1762)* [filtered=2046]
cnt=1 s0=fng (4702,1761)* [filtered=2046]
cnt=1 s0=fng (4703,1760)* [filtered=2046]
cnt=1 s0=fng (4704,1759)* [filtered=2046]
cnt=1 s0=fng (4705,1758)* [filtered=2046]
cnt=1 s0=fng (4706,1756)* [filtered=2046]
cnt=1 s0=fng (4706,1755)* [filtered=2046]
cnt=1 s0=fng (4707,1755)* [filtered=2046]
cnt=1 s0=fng (4708,1754)* [filtered=2046]
cnt=1 s0=fng (4709,1754)* [filtered=2046]
cnt=1 s0=fng (4710,1753)* [filtered=2046]
cnt=1 s0=fng (4710,1752)* [filtered=2046]
cnt=1 s0=fng (4710,1752)* [filtered=2046]
cnt=1 s0=fng (4710,1751)* [filtered=2046]
cnt=1 s0=fng (4710,1751)* [filtered=2046]
cnt=1 s0=fng (4711,1751)* [filtered=2046]
cnt=1 s0=fng (4711,1751)* [filtered=2046]
cnt=1 s0=fng (4712,1751)* [filtered=2046]
cnt=1 s0=fng (4713,1752)* [filtered=2046]
cnt=1 s0=fng (4714,1753)* [filtered=2046]
cnt=1 s0=fng (4715,1754)* [filtered=2046]
cnt=1 s0=fng (4715,1754)* [filtered=2046]
cnt=1 s0=fng (4716,1755)* [filtered=2046]
cnt=1 s0=fng (4717,1757)* [filtered=2046]
cnt=1 s0=fng (4718,1759)* [filtered=2046]
cnt=1 s0=fng (4719,1760)* [filtered=2046]
cnt=1 s0=fng (4720,1762)* [filtered=2046]
cnt=1 s0=fng (4722,1765) [filtered=2046]
cnt=1 s0=fng (4724,1768) [filtered=2046]
cnt=1 s0=fng (4755,1807) [filtered=2046]
cnt=1 s0=fng (4755,1807) [filtered=2046]
cnt=1 s0=fng (4755,1807) [filtered=2046]
cnt=1 s0=fng (4755,1807) [filtered=2046]
cnt=1 s0=fng (4755,1806) [filtered=2046]
cnt=1 s0=fng (4755,1806) [filtered=2046]
cnt=1 s0=fng (4754,1805) [filtered=2046]
cnt=1 s0=fng (4754,1805) [filtered=2046]
cnt=1 s0=fng (4753,1804) [filtered=2046]
cnt=1 s0=fng (4752,1803) [filtered=2046]
cnt=1 s0=fng (4751,1802) [filtered=2046]
cnt=1 s0=fng (4750,1801) [filtered=2046]
cnt=1 s0=fng (4749,1800) [filtered=2046]
cnt=1 s0=fng (4748,1799) [filtered=2046]
cnt=1 s0=fng (4747,1798) [filtered=2046]
cnt=1 s0=fng (4746,1797) [filtered=2046]
cnt=1 s0=fng (4745,1796) [filtered=2046]
cnt=1 s0=fng (4745,1796) [filtered=2046]
cnt=1 s0=fng (4744,1795) [filtered=2046]
cnt=1 s0=fng (4742,1794) [filtered=2046]
cnt=1 s0=fng (4741,1793)* [filtered=2046]
cnt=1 s0=fng (4740,1792)* [filtered=2046]
cnt=1 s0=fng (4739,1791)* [filtered=2046]
cnt=1 s0=fng (4737,1789) [filtered=2046]
cnt=1 s0=fng (4735,1787) [filtered=2046]
cnt=1 s0=fng (4732,1784) [filtered=2046]
cnt=1 s0=fng (4730,1783) [filtered=2046]
cnt=1 s0=fng (4726,1780) [filtered=2046]
cnt=1 s0=fng (4722,1776) [filtered=2046]
cnt=1 s0=fng (4718,1771) [filtered=2046]
cnt=1 s0=fng (4715,1768) [filtered=2046]
cnt=1 s0=fng (4712,1764) [filtered=2046]
cnt=1 s0=fng (4708,1760) [filtered=2046]
cnt=1 s0=fng (4704,1756) [filtered=2046]
cnt=1 s0=fng (4700,1752) [filtered=2046]
cnt=1 s0=fng (4697,1749) [filtered=2046]
cnt=1 s0=fng (4695,1745) [filtered=2046]
cnt=1 s0=fng (4693,1741) [filtered=2046]
cnt=1 s0=fng (4690,1737) [filtered=2046]
cnt=1 s0=fng (4687,1733) [filtered=2046]
cnt=1 s0=fng (4685,1730) [filtered=2046]
cnt=1 s0=fng (4682,1727) [filtered=2046]
cnt=1 s0=fng (4679,1725) [filtered=2046]
cnt=1 s0=fng (4676,1723) [filtered=2046]
cnt=1 s0=fng (4674,1721) [filtered=2046]
cnt=1 s0=fng (4672,1719) [filtered=2046]
cnt=1 s0=fng (4671,1718) [filtered=2046]
cnt=1 s0=fng (4669,1716) [filtered=2046]
cnt=1 s0=fng (4667,1714) [filtered=2046]
cnt=1 s0=fng (4666,1713) [filtered=2046]
cnt=1 s0=fng (4664,1711) [filtered=2046]
cnt=1 s0=fng (4662,1710) [filtered=2046]
cnt=1 s0=fng (4660,1708) [filtered=2046]
cnt=1 s0=fng (4658,1706) [filtered=2046]
cnt=1 s0=fng (4657,1705) [filtered=2046]
cnt=1 s0=fng (4655,1704) [filtered=2046]
cnt=1 s0=fng (4654,1703) [filtered=2046]
cnt=1 s0=fng (4653,1702) [filtered=2046]
cnt=1 s0=fng (4652,1702) [filtered=2046]
cnt=1 s0=fng (4651,1701) [filtered=2046]
cnt=1 s0=fng (4650,1700) [filtered=2046]
cnt=1 s0=fng (4649,1699) [filtered=2046]
cnt=1 s0=fng (4648,1699) [filtered=2046]
cnt=1 s0=fng (4648,1699) [filtered=2046]
cnt=1 s0=fng (4647,1698) [filtered=2046]
cnt=1 s0=fng (4646,1698) [filtered=2046]
cnt=1 s0=fng (4645,1697) [filtered=2046]
cnt=1 s0=fng (4644,1697) [filtered=2046]
cnt=1 s0=fng (4644,1697) [filtered=2046]
cnt=1 s0=fng (4644,1696) [filtered=2046]
cnt=1 s0=fng (4644,1696) [filtered=2046]
cnt=1 s0=fng (4644,1696) [filtered=2046]
cnt=1 s0=fng (4644,1696) [filtered=2046]
cnt=1 s0=fng (4644,1696)* [filtered=2046]
cnt=1 s0=fng (4644,1696)* [filtered=2046]
cnt=1 s0=fng (4644,1695)* [filtered=2046]
cnt=1 s0=fng (4644,1695)* [filtered=2046]
cnt=1 s0=fng (4644,1695)* [filtered=2046]
cnt=1 s0=fng (4644,1694)* [filtered=2046]
cnt=1 s0=fng (4644,1694)* [filtered=2046]
cnt=1 s0=fng (4644,1693)* [filtered=2046]
cnt=1 s0=fng (4644,1693)* [filtered=2046]
cnt=1 s0=fng (4644,1693)* [filtered=2046]
cnt=1 s0=fng (4644,1692)* [filtered=2046]
cnt=1 s0=fng (4644,1691)* [filtered=2046]
cnt=1 s0=fng (4644,1691)* [filtered=2046]
cnt=1 s0=fng (4644,1690)* [filtered=2046]
cnt=1 s0=fng (4644,1690)* [filtered=2046]
cnt=1 s0=fng (4643,1690)* [filtered=2046]
cnt=1 s0=fng (4642,1689)* [filtered=2046]
cnt=1 s0=fng (4642,1689)* [filtered=2046]
cnt=1 s0=fng (4642,1689)* [filtered=2046]
cnt=1 s0=fng (4642,1688)* [filtered=2046]
cnt=1 s0=fng (4642,1687)* [filtered=2046]
cnt=1 s0=fng (4642,1687)* [filtered=2046]
cnt=1 s0=fng (4642,1687)* [filtered=2046]
cnt=1 s0=fng (4642,1687)* [filtered=2046]
cnt=1 s0=fng (4642,1687)* [filtered=2046]
cnt=1 s0=fng (4642,1687)* [filtered=2046]
cnt=1 s0=fng (4642,1687)* [filtered=2046]
cnt=1 s0=fng (4642,1687)* [filtered=2046]
cnt=1 s0=fng (4642,1687)* [filtered=2046]
cnt=1 s0=fng (4642,1687)* [filtered=2046]
cnt=1 s0=fng (4642,1687)* [filtered=2046]
cnt=1 s0=fng (4642,1687)* [filtered=2046]
cnt=1 s0=fng (4642,1687)* [filtered=2046]
cnt=1 s0=fng (4642,1687)* [filtered=2046]
cnt=1 s0=fng (4642,1687)* [filtered=2046]
cnt=1 s0=fng (4642,1687)* [filtered=2046]
cnt=1 s0=fng (4642,1687)* [filtered=2046]
cnt=1 s0=fng (4642,1687)* [filtered=2046]
cnt=1 s0=fng (4642,1687)* [filtered=2046]
cnt=1 s0=fng (4642,1687)* [filtered=2046]
cnt=1 s0=fng (4642,1688)* [filtered=2046]
cnt=1 s0=fng (4642,1689)* [filtered=2046]
cnt=1 s0=fng (4642,1689)* [filtered=2046]
cnt=1 s0=fng (4642,1690)* [filtered=2046]
cnt=1 s0=fng (4642,1691)* [filtered=2046]
cnt=1 s0=fng (4642,1692)* [filtered=2046]
cnt=1 s0=fng (4642,1693)* [filtered=2046]
cnt=1 s0=fng (4642,1694)* [filtered=2046]
cnt=1 s0=fng (4642,1695)* [filtered=2046]
cnt=1 s0=fng (4642,1696)* [filtered=2046]
cnt=1 s0=fng (4642,1698)* [filtered=2046]
cnt=1 s0=fng (4642,1700)* [filtered=2046]
cnt=1 s0=fng (4642,1701)* [filtered=2046]
cnt=1 s0=fng (4643,1703)* [filtered=2046]
cnt=1 s0=fng (4644,1705)* [filtered=2046]
cnt=1 s0=fng (4645,1707)* [filtered=2046]
cnt=1 s0=fng (4646,1709)* [filtered=2046]
cnt=1 s0=fng (4647,1710)* [filtered=2046]
cnt=1 s0=fng (4648,1712)* [filtered=2046]
cnt=1 s0=fng (4649,1714)* [filtered=2046]
cnt=1 s0=fng (4650,1716)* [filtered=2046]
cnt=1 s0=fng (4651,1717)* [filtered=2046]
cnt=1 s0=fng (4652,1718)* [filtered=2046]
cnt=1 s0=fng (4654,1719)* [filtered=2046]
cnt=1 s0=fng (4656,1720)* [filtered=2046]
cnt=1 s0=fng (4658,1721)* [filtered=2046]
cnt=1 s0=fng (4659,1721)* [filtered=2046]
cnt=1 s0=fng (4660,1721)* [filtered=2046]
cnt=1 s0=fng (4661,1721)* [filtered=2046]
cnt=1 s0=fng (4662,1721)* [filtered=2046]
cnt=1 s0=fng (4664,1721)* [filtered=2046]
cnt=1 s0=fng (4665,1721)* [filtered=2046]
cnt=1 s0=fng (4666,1721)* [filtered=2046]
cnt=1 s0=fng (4667,1721)* [filtered=2046]
cnt=1 s0=fng (4668,1721)* [filtered=2046]
cnt=1 s0=fng (4669,1721)* [filtered=2046]
cnt=1 s0=fng (4669,1721)* [filtered=2046]
cnt=1 s0=fng (4670,1721)* [filtered=2046]
cnt=1 s0=fng (4670,1721)* [filtered=2046]
cnt=1 s0=fng (4670,1721)* [filtered=2046]
cnt=1 s0=fng (4670,1721)* [filtered=2046]
cnt=1 s0=fng (4670,1721)* [filtered=2046]
cnt=1 s0=fng (4670,1721)* [filtered=2046]
cnt=1 s0=fng (4670,1721)* [filtered=2046]
cnt=1 s0=fng (4670,1721)* [filtered=2046]
cnt=1 s0=fng (4670,1721)* [filtered=2046]
cnt=1 s0=fng (4670,1721)* [filtered=2046]
cnt=1 s0=fng (4670,1721)* [filtered=2046]
cnt=1 s0=fng (4670,1721)* [filtered=2046]
cnt=1 s0=fng (4670,1721)* [filtered=2046]
cnt=1 s0=fng (4670,1721)* [filtered=2046]
cnt=1 s0=fng (4670,1721)* [filtered=2046]
cnt=1 s0=fng (4670,1721)* [filtered=2046]
cnt=1 s0=fng (4670,1722)* [filtered=2046]
cnt=1 s0=fng (4670,1722)* [filtered=2046]
cnt=1 s0=fng (4670,1722)* [filtered=2046]
cnt=1 s0=fng (4670,1722)* [filtered=2046]
cnt=1 s0=fng (4670,1722)* [filtered=2046]
cnt=1 s0=fng (4670,1723)* [filtered=2046]
cnt=1 s0=fng (4670,1723)* [filtered=2046]
cnt=1 s0=fng (4670,1723)* [filtered=2046]
cnt=1 s0=fng (4670,1724)* [filtered=2046]
cnt=1 s0=fng (4670,1724)* [filtered=2046]
cnt=1 s0=fng (4670,1724)* [filtered=2046]
cnt=1 s0=fng (4670,1724)* [filtered=2046]
cnt=1 s0=fng (4670,1724)* [filtered=2046]
cnt=1 s0=fng (4670,1724)* [filtered=2046]
cnt=1 s0=fng (4670,1725)* [filtered=2046]
cnt=1 s0=fng (4670,1725)* [filtered=2046]
cnt=1 s0=fng (4670,1725)* [filtered=2046]
cnt=1 s0=fng (4671,1725)* [filtered=2046]
cnt=1 s0=fng (4671,1725)* [filtered=2046]
cnt=1 s0=fng (4672,1725)* [filtered=2046]
cnt=1 s0=fng (4672,1725)* [filtered=2046]
cnt=1 s0=fng (4672,1725)* [filtered=2046]
cnt=1 s0=fng (4672,1725)* [filtered=2046]
cnt=1 s0=fng (4673,1725)* [filtered=2046]
cnt=1 s0=fng (4674,1725)* [filtered=2046]
cnt=1 s0=fng (4675,1725)* [filtered=2046]
cnt=1 s0=fng (4675,1725)* [filtered=2046]
cnt=1 s0=fng (4675,1725)* [filtered=2046]
cnt=1 s0=fng (4675,1725)* [filtered=2046]
cnt=1 s0=fng (4675,1725)* [filtered=2046]
cnt=1 s0=fng (4675,1725)* [filtered=2046]
cnt=1 s0=fng (4675,1725)* [filtered=2046]
cnt=1 s0=fng (4676,1725)* [filtered=2046]
cnt=1 s0=fng (4677,1725)* [filtered=2046]
cnt=1 s0=fng (4678,1725)* [filtered=2046]
cnt=1 s0=fng (4678,1725)* [filtered=2046]
cnt=1 s0=fng (4678,1725)* [filtered=2046]
cnt=1 s0=fng (4679,1725)* [filtered=2046]
cnt=1 s0=fng (4679,1725)* [filtered=2046]
cnt=1 s0=fng (4679,1725)* [filtered=2046]
cnt=1 s0=fng (4679,1725)* [filtered=2046]
cnt=1 s0=fng (4679,1725)* [filtered=2046]
cnt=1 s0=fng (4679,1725)* [filtered=2046]
cnt=1 s0=fng (4679,1725)* [filtered=2046]
cnt=1 s0=fng (4679,1725)* [filtered=2046]
cnt=1 s0=fng (4679,1726)* [filtered=2046]
cnt=1 s0=fng (4679,1726)* [filtered=2046]
cnt=1 s0=fng (4679,1726)* [filtered=2046]
cnt=1 s0=fng (4679,1726)* [filtered=2046]
cnt=1 s0=fng (4679,1726)* [filtered=2046]
cnt=1 s0=fng (4679,1726)* [filtered=2046]
cnt=1 s0=fng (4679,1726)* [filtered=2046]
cnt=1 s0=fng (4679,1726)* [filtered=2046]
cnt=1 s0=fng (4679,1726)* [filtered=2046]
cnt=1 s0=fng (4679,1726)* [filtered=2046]
cnt=1 s0=fng (4679,1726)* [filtered=2046]
cnt=1 s0=fng (4679,1726)* [filtered=2046]
cnt=1 s0=fng (4679,1726)* [filtered=2046]
cnt=1 s0=fng (4679,1726)* [filtered=2046]
cnt=1 s0=fng (4679,1726)* [filtered=2046]
cnt=1 s0=fng (4679,1726)* [filtered=2046]
cnt=1 s0=fng (4679,1726)* [filtered=2046]
cnt=1 s0=fng (4679,1726)* [filtered=2046]
cnt=1 s0=fng (4679,1726)* [filtered=2046]
cnt=1 s0=fng (4679,1726)* [filtered=2046]
cnt=1 s0=fng (4679,1726)* [filtered=2046]
cnt=1 s0=fng (4679,1726)* [filtered=2046]
cnt=1 s0=fng (4679,1726)* [filtered=2046]
cnt=1 s0=fng (4679,1726)* [filtered=2046]
cnt=1 s0=fng (4679,1726)* [filtered=2046]
cnt=1 s0=fng (4679,1726)* [filtered=2046]
cnt=1 s0=fng (4679,1726)* [filtered=2046]
cnt=1 s0=fng (4679,1726)* [filtered=2046]
cnt=1 s0=fng (4679,1726)* [filtered=2046]
cnt=1 s0=fng (4679,1726)* [filtered=2046]
cnt=1 s0=fng (4679,1726)* [filtered=2046]
cnt=1 s0=fng (4679,1726)* [filtered=2046]
cnt=1 s0=fng (4679,1726)* [filtered=2046]
cnt=1 s0=fng (4679,1727)* [filtered=2046]
cnt=1 s0=fng (4679,1727)* [filtered=2046]
cnt=1 s0=fng (4679,1727)* [filtered=2046]
cnt=1 s0=fng (4679,1728)* [filtered=2046]
cnt=1 s0=fng (4679,1728)* [filtered=2046]
cnt=1 s0=fng (4679,1728)* [filtered=2046]
cnt=1 s0=fng (4679,1728)* [filtered=2046]
cnt=1 s0=fng (4679,1729)* [filtered=2046]
cnt=1 s0=fng (4679,1729)* [filtered=2046]
cnt=1 s0=fng (4679,1729)* [filtered=2046]
cnt=1 s0=fng (4679,1730)* [filtered=2046]
cnt=1 s0=fng (4679,1730)* [filtered=2046]
cnt=1 s0=fng (4679,1730)* [filtered=2046]
cnt=1 s0=fng (4680,1730)* [filtered=2046]
cnt=1 s0=fng (4680,1730)* [filtered=2046]
cnt=1 s0=fng (4680,1730)* [filtered=2046]
cnt=1 s0=fng (4681,1730)* [filtered=2046]
cnt=1 s0=fng (4681,1730)* [filtered=2046]
cnt=1 s0=fng (4681,1730)* [filtered=2046]
cnt=1 s0=fng (4681,1730)* [filtered=2046]
cnt=1 s0=fng (4681,1730)* [filtered=2046]
cnt=1 s0=fng (4681,1730)* [filtered=2046]
cnt=1 s0=fng (4681,1730)* [filtered=2046]
cnt=1 s0=fng (4681,1730)* [filtered=2046]
cnt=1 s0=fng (4681,1730)* [filtered=2046]
cnt=1 s0=fng (4681,1730)* [filtered=2046]
cnt=1 s0=fng (4681,1730)* [filtered=2046]
cnt=1 s0=fng (4681,1730)* [filtered=2046]
cnt=1 s0=fng (4681,1730)* [filtered=2046]
cnt=1 s0=fng (4681,1730)* [filtered=2046]
cnt=1 s0=fng (4681,1730)* [filtered=2046]
cnt=1 s0=fng (4681,1730)* [filtered=2046]
cnt=1 s0=fng (4681,1730)* [filtered=2046]
cnt=1 s0=fng (4681,1730)* [filtered=2046]
cnt=1 s0=fng (4681,1730)* [filtered=2046]
cnt=1 s0=fng (4681,1729)* [filtered=2046]
cnt=1 s0=fng (4681,1729)* [filtered=2046]
cnt=1 s0=fng (4681,1729)* [filtered=2046]
cnt=1 s0=fng (4681,1728)* [filtered=2046]
cnt=1 s0=fng (4681,1728)* [filtered=2046]
cnt=1 s0=fng (4681,1727)* [filtered=2046]
cnt=1 s0=fng (4681,1727)* [filtered=2046]
cnt=1 s0=fng (4681,1726)* [filtered=2046]
cnt=1 s0=fng (4681,1725)* [filtered=2046]
cnt=1 s0=fng (4681,1724)* [filtered=2046]
cnt=1 s0=fng (4681,1722)* [filtered=2046]
cnt=1 s0=fng (4681,1721)* [filtered=2046]
cnt=1 s0=fng (4681,1720)* [filtered=2046]
cnt=1 s0=fng (4681,1718)* [filtered=2046]
cnt=1 s0=fng (4681,1716)* [filtered=2046]
cnt=1 s0=fng (4681,1714)* [filtered=2046]
cnt=1 s0=fng (4681,1713)* [filtered=2046]
cnt=1 s0=fng (4681,1711)* [filtered=2046]
cnt=1 s0=fng (4681,1709)* [filtered=2046]
cnt=1 s0=fng (4681,1707)* [filtered=2046]
cnt=1 s0=fng (4682,1704) [filtered=2046]
cnt=1 s0=fng (4683,1703) [filtered=2046]
cnt=1 s0=fng (4684,1701) [filtered=2046]
cnt=1 s0=fng (4685,1698) [filtered=2046]
cnt=1 s0=fng (4686,1696) [filtered=2046]
cnt=1 s0=fng (4686,1695) [filtered=2046]
cnt=1 s0=fng (4687,1693) [filtered=2046]
cnt=1 s0=fng (4688,1691) [filtered=2046]
cnt=1 s0=fng (4689,1689) [filtered=2046]
cnt=1 s0=fng (4690,1687) [filtered=2046]
cnt=1 s0=fng (4690,1686) [filtered=2046]
cnt=1 s0=fng (4691,1686) [filtered=2046]
cnt=1 s0=fng (4692,1686) [filtered=2046]
cnt=1 s0=fng (4693,1686) [filtered=2046]
cnt=1 s0=fng (4694,1686) [filtered=2046]
cnt=1 s0=fng (4694,1686) [filtered=2046]
cnt=1 s0=fng (4695,1686) [filtered=2046]
cnt=1 s0=fng (4695,1687) [filtered=2046]
cnt=1 s0=fng (4695,1688) [filtered=2046]
cnt=1 s0=fng (4695,1689) [filtered=2046]
cnt=1 s0=fng (4695,1690) [filtered=2046]
cnt=1 s0=fng (4695,1691) [filtered=2046]
cnt=1 s0=fng (4695,1692) [filtered=2046]
cnt=1 s0=fng (4696,1694)* [filtered=2046]
cnt=1 s0=fng (4696,1695)* [filtered=2046]
cnt=1 s0=fng (4697,1696)* [filtered=2046]
cnt=1 s0=fng (4698,1698)* [filtered=2046]
cnt=1 s0=fng (4699,1700)* [filtered=2046]
cnt=1 s0=fng (4700,1702)* [filtered=2046]
cnt=1 s0=fng (4701,1703)* [filtered=2046]
cnt=1 s0=fng (4702,1705)* [filtered=2046]
cnt=1 s0=fng (4703,1707)* [filtered=2046]
cnt=1 s0=fng (4704,1710) [filtered=2046]
cnt=1 s0=fng (4705,1712) [filtered=2046]
cnt=1 s0=fng (4705,1713) [filtered=2046]
cnt=1 s0=fng (4706,1715) [filtered=2046]
cnt=1 s0=fng (4708,1718) [filtered=2046]
cnt=1 s0=fng (4710,1722) [filtered=2046]
cnt=1 s0=fng (4711,1724) [filtered=2046]
cnt=1 s0=fng (4713,1727) [filtered=2046]
cnt=1 s0=fng (4714,1730) [filtered=2046]
cnt=1 s0=fng (4715,1733) [filtered=2046]
cnt=1 s0=fng (4717,1736) [filtered=2046]
cnt=1 s0=fng (4718,1738) [filtered=2046]
cnt=1 s0=fng (4719,1741) [filtered=2046]
cnt=1 s0=fng (4720,1743) [filtered=2046]
cnt=1 s0=fng (4721,1745) [filtered=2046]
cnt=1 s0=fng (4721,1747) [filtered=2046]
cnt=1 s0=fng (4721,1747) [filtered=2046]
cnt=1 s0=fng (4721,1749) [filtered=2046]
cnt=1 s0=fng (4721,1750) [filtered=2046]
cnt=1 s0=fng (4721,1751) [filtered=2046]
cnt=1 s0=fng (4721,1751) [filtered=2046]
cnt=1 s0=fng (4721,1752) [filtered=2046]
cnt=1 s0=fng (4721,1752) [filtered=2046]
cnt=1 s0=fng (4721,1752) [filtered=2046]
cnt=1 s0=fng (4721,1752) [filtered=2046]
cnt=1 s0=fng (4721,1752) [filtered=2046]
cnt=1 s0=fng (4721,1752) [filtered=2046]
cnt=1 s0=fng (4720,1752) [filtered=2046]
cnt=1 s0=fng (4719,1751) [filtered=2046]
cnt=1 s0=fng (4718,1751) [filtered=2046]
cnt=1 s0=fng (4718,1751) [filtered=2046]
cnt=1 s0=fng (4717,1750) [filtered=2046]
cnt=1 s0=fng (4716,1749)* [filtered=2046]
cnt=1 s0=fng (4715,1748)* [filtered=2046]
cnt=1 s0=fng (4714,1747)* [filtered=2046]
cnt=1 s0=fng (4713,1746)* [filtered=2046]
cnt=1 s0=fng (4713,1745)* [filtered=2046]
cnt=1 s0=fng (4713,1744)* [filtered=2046]
cnt=1 s0=fng (4713,1744)* [filtered=2046]
cnt=1 s0=fng (4713,1744)* [filtered=2046]
cnt=1 s0=fng (4713,1743)* [filtered=2046]
cnt=1 s0=fng (4713,1743)* [filtered=2046]
cnt=1 s0=fng (4713,1743)* [filtered=2046]
cnt=1 s0=fng (4713,1743)* [filtered=2046]
cnt=1 s0=fng (4713,1743)* [filtered=2046]
cnt=1 s0=fng (4713,1743)* [filtered=2046]
cnt=1 s0=fng (4713,1743)* [filtered=2046]
cnt=1 s0=fng (4713,1743)* [filtered=2046]
cnt=1 s0=fng (4713,1743)* [filtered=2046]
cnt=1 s0=fng (4713,1743)* [filtered=2046]
cnt=1 s0=fng (4713,1743)* [filtered=2046]
cnt=1 s0=fng (4713,1744)* [filtered=2046]
cnt=1 s0=fng (4713,1744)* [filtered=2046]
cnt=1 s0=fng (4713,1744)* [filtered=2046]
cnt=1 s0=fng (4713,1745)* [filtered=2046]
cnt=1 s0=fng (4713,1745)* [filtered=2046]
cnt=1 s0=fng (4713,1746)* [filtered=2046]
cnt=1 s0=fng (4713,1746)* [filtered=2046]
cnt=1 s0=fng (4713,1746)* [filtered=2046]
cnt=1 s0=fng (4713,1746)* [filtered=2046]
cnt=1 s0=fng (4713,1746)* [filtered=2046]
cnt=1 s0=fng (4713,1747)* [filtered=2046]
cnt=1 s0=fng (4713,1747)* [filtered=2046]
cnt=1 s0=fng (4713,1747)* [filtered=2046]
cnt=1 s0=fng (4713,1747)* [filtered=2046]
cnt=1 s0=fng (4713,1747)* [filtered=2046]
cnt=1 s0=fng (4713,1747)* [filtered=2046]
cnt=1 s0=fng (4713,1747)* [filtered=2046]
cnt=1 s0=fng (4713,1747)* [filtered=2046]
cnt=1 s0=fng (4713,1747)* [filtered=2046]
cnt=1 s0=fng (4713,1747)* [filtered=2046]
cnt=1 s0=fng (4713,1747)* [filtered=2046]
cnt=1 s0=fng (4713,1747)* [filtered=2046]
cnt=1 s0=fng (4713,1747)* [filtered=2046]
cnt=1 s0=fng (4713,1747)* [filtered=2046]
cnt=1 s0=fng (4713,1747)* [filtered=2046]
cnt=1 s0=fng (4713,1747)* [filtered=2046]
cnt=1 s0=fng (4713,1747)* [filtered=2046]
cnt=1 s0=fng (4713,1747)* [filtered=2046]
cnt=1 s0=fng (4713,1747)* [filtered=2046]
cnt=1 s0=fng (4713,1747)* [filtered=2046]
cnt=1 s0=fng (4713,1747)* [filtered=2046]
cnt=1 s0=fng (4713,1747)* [filtered=2046]
cnt=1 s0=fng (4713,1747)* [filtered=2046]
cnt=1 s0=fng (4713,1747)* [filtered=2046]
cnt=1 s0=fng (4713,1747)* [filtered=2046]
cnt=1 s0=fng (4713,1747)* [filtered=2046]
cnt=1 s0=fng (4713,1747)* [filtered=2046]
cnt=1 s0=fng (4713,1747)* [filtered=2046]
cnt=1 s0=fng (4713,1747)* [filtered=2046]
cnt=1 s0=fng (4713,1747)* [filtered=2046]
cnt=1 s0=fng (4713,1747)* [filtered=2046]
cnt=1 s0=fng (4713,1747)* [filtered=2046]
cnt=1 s0=fng (4713,1747)* [filtered=2046]
cnt=1 s0=fng (4713,1747)* [filtered=2046]
cnt=1 s0=fng (4713,1747)* [filtered=2046]
cnt=1 s0=fng (4713,1747)* [filtered=2046]
cnt=1 s0=fng (4713,1747)* [filtered=2046]
cnt=1 s0=fng (4713,1747)* [filtered=2046]
cnt=1 s0=fng (4713,1747)* [filtered=2046]
cnt=1 s0=fng (4713,1747)* [filtered=2046]
cnt=1 s0=fng (4713,1747)* [filtered=2046]
cnt=1 s0=fng (4713,1747)* [filtered=2046]
cnt=1 s0=fng (4713,1748)* [filtered=2046]
cnt=1 s0=fng (4713,1748)* [filtered=2046]
cnt=1 s0=fng (4713,1749)* [filtered=2046]
cnt=1 s0=fng (4713,1749)* [filtered=2046]
cnt=1 s0=fng (4713,1750)* [filtered=2046]
cnt=1 s0=fng (4713,1750)* [filtered=2046]
cnt=1 s0=fng (4713,1751)* [filtered=2046]
cnt=1 s0=fng (4713,1751)* [filtered=2046]
cnt=1 s0=fng (4713,1752)* [filtered=2046]
cnt=1 s0=fng (4713,1752)* [filtered=2046]
cnt=1 s0=fng (4713,1753)* [filtered=2046]
cnt=1 s0=fng (4713,1754)* [filtered=2046]
cnt=1 s0=fng (4713,1754)* [filtered=2046]
cnt=1 s0=fng (4713,1754)* [filtered=2046]
cnt=1 s0=fng (4713,1754)* [filtered=2046]
cnt=1 s0=fng (4713,1754)* [filtered=2046]
cnt=1 s0=fng (4713,1754)* [filtered=2046]
cnt=1 s0=fng (4713,1754)* [filtered=2046]
cnt=1 s0=fng (4713,1754)* [filtered=2046]
cnt=1 s0=fng (4713,1754)* [filtered=2046]
cnt=1 s0=fng (4713,1754)* [filtered=2046]
cnt=1 s0=fng (4713,1754)* [filtered=2046]
cnt=1 s0=fng (4713,1754)* [filtered=2046]
cnt=1 s0=fng (4713,1754)* [filtered=2046]
cnt=1 s0=fng (4713,1754)* [filtered=2046]
cnt=1 s0=fng (4713,1754)* [filtered=2046]
cnt=1 s0=fng (4713,1754)* [filtered=2046]
cnt=1 s0=fng (4713,1754)* [filtered=2046]
cnt=1 s0=fng (4713,1754)* [filtered=2046]
cnt=1 s0=fng (4713,1754)* [filtered=2046]
cnt=1 s0=fng (4713,1754)* [filtered=2046]
cnt=1 s0=fng (4713,1754)* [filtered=2046]
cnt=1 s0=fng (4713,1754)* [filtered=2046]
cnt=1 s0=fng (4713,1754)* [filtered=2046]
cnt=1 s0=fng (4713,1755)* [filtered=2046]
cnt=1 s0=fng (4713,1755)* [filtered=2046]
cnt=1 s0=fng (4713,1755)* [filtered=2046]
cnt=1 s0=fng (4713,1756)* [filtered=2046]
cnt=1 s0=fng (4713,1757)* [filtered=2046]
cnt=1 s0=fng (4713,1757)* [filtered=2046]
cnt=1 s0=fng (4713,1758)* [filtered=2046]
cnt=1 s0=fng (4713,1758)* [filtered=2046]
cnt=1 s0=fng (4713,1759)* [filtered=2046]
cnt=1 s0=fng (4713,1760)* [filtered=2046]
cnt=1 s0=fng (4713,1761)* [filtered=2046]
cnt=1 s0=fng (4713,1761)* [filtered=2046]
cnt=1 s0=fng (4713,1762)* [filtered=2046]
cnt=1 s0=fng (4713,1763)* [filtered=2046]
cnt=1 s0=fng (4713,1764)* [filtered=2046]
cnt=1 s0=fng (4713,1765)* [filtered=2046]
cnt=1 s0=fng (4713,1766)* [filtered=2046]
cnt=1 s0=fng (4713,1767)* [filtered=2046]
cnt=1 s0=fng (4713,1768)* [filtered=2046]
cnt=1 s0=fng (4713,1770)* [filtered=2046]
cnt=1 s0=fng (4713,1772)* [filtered=2046]
cnt=1 s0=fng (4713,1773)* [filtered=2046]
cnt=1 s0=fng (4713,1774)* [filtered=2046]
cnt=1 s0=fng (4713,1775)* [filtered=2046]
cnt=1 s0=fng (4713,1776)* [filtered=2046]
cnt=1 s0=fng (4713,1776)* [filtered=2046]
cnt=1 s0=fng (4713,1777)* [filtered=2046]
cnt=1 s0=fng (4712,1778)* [filtered=2046]
cnt=1 s0=fng (4711,1779)* [filtered=2046]
cnt=1 s0=fng (4710,1780)* [filtered=2046]
cnt=1 s0=fng (4710,1780)* [filtered=2046]
cnt=1 s0=fng (4709,1780)* [filtered=2046]
cnt=1 s0=fng (4708,1781)* [filtered=2046]
cnt=1 s0=fng (4707,1781)* [filtered=2046]
cnt=1 s0=fng (4706,1782)* [filtered=2046]
cnt=1 s0=fng (4706,1782)* [filtered=2046]
cnt=1 s0=fng (4705,1782)* [filtered=2046]
cnt=1 s0=fng (4704,1783)* [filtered=2046]
cnt=1 s0=fng (4703,1784)* [filtered=2046]
cnt=1 s0=fng (4703,1784)* [filtered=2046]
cnt=1 s0=fng (4702,1785)* [filtered=2046]
cnt=1 s0=fng (4701,1786)* [filtered=2046]
cnt=1 s0=fng (4700,1787)* [filtered=2046]
cnt=1 s0=fng (4699,1788)* [filtered=2046]
cnt=1 s0=fng (4698,1789)* [filtered=2046]
cnt=1 s0=fng (4697,1790)* [filtered=2046]
cnt=1 s0=fng (4696,1791)* [filtered=2046]
cnt=1 s0=fng (4695,1792)* [filtered=2046]
cnt=1 s0=fng (4694,1793)* [filtered=2046]
cnt=1 s0=fng (4694,1793)* [filtered=2046]
cnt=1 s0=fng (4694,1794)* [filtered=2046]
cnt=1 s0=fng (4694,1795)* [filtered=2046]
cnt=1 s0=fng (4694,1795)* [filtered=2046]
cnt=1 s0=fng (4694,1796)* [filtered=2046]
cnt=1 s0=fng (4694,1796)* [filtered=2046]
cnt=1 s0=fng (4694,1796)* [filtered=2046]
cnt=1 s0=fng (4694,1797)* [filtered=2046]
cnt=1 s0=fng (4694,1797)* [filtered=2046]
cnt=1 s0=fng (4694,1797)* [filtered=2046]
cnt=1 s0=fng (4694,1797)* [filtered=2046]
cnt=1 s0=fng (4694,1797)* [filtered=2046]
cnt=1 s0=fng (4695,1797)* [filtered=2046]
cnt=1 s0=fng (4695,1797)* [filtered=2046]
cnt=1 s0=fng (4696,1797)* [filtered=2046]
cnt=1 s0=fng (4697,1797)* [filtered=2046]
cnt=1 s0=fng (4698,1798)* [filtered=2046]
cnt=1 s0=fng (4699,1798)* [filtered=2046]
cnt=1 s0=fng (4699,1798)* [filtered=2046]
cnt=1 s0=fng (4700,1798)* [filtered=2046]
cnt=1 s0=fng (4701,1798)* [filtered=2046]
cnt=1 s0=fng (4702,1798)* [filtered=2046]
cnt=1 s0=fng (4703,1798)* [filtered=2046]
cnt=1 s0=fng (4704,1798)* [filtered=2046]
cnt=1 s0=fng (4705,1798)* [filtered=2046]
cnt=1 s0=fng (4706,1798)* [filtered=2046]
cnt=1 s0=fng (4707,1798)* [filtered=2046]
cnt=1 s0=fng (4707,1798)* [filtered=2046]
cnt=1 s0=fng (4707,1798)* [filtered=2046]
cnt=1 s0=fng (4707,1798)* [filtered=2046]
cnt=1 s0=fng (4707,1798)* [filtered=2046]
cnt=1 s0=fng (4707,1798)* [filtered=2046]
cnt=1 s0=fng (4707,1798)* [filtered=2046]
cnt=1 s0=fng (4707,1798)* [filtered=2046]
cnt=1 s0=fng (4707,1798)* [filtered=2046]
cnt=1 s0=fng (4707,1798)* [filtered=2046]
cnt=1 s0=fng (4707,1798)* [filtered=2046]
cnt=1 s0=fng (4707,1798)* [filtered=2046]
cnt=1 s0=fng (4707,1798)* [filtered=2046]
cnt=1 s0=fng (4707,1797)* [filtered=2046]
cnt=1 s0=fng (4707,1797)* [filtered=2046]
cnt=1 s0=fng (4707,1796)* [filtered=2046]
cnt=1 s0=fng (4707,1796)* [filtered=2046]
cnt=1 s0=fng (4707,1796)* [filtered=2046]
cnt=1 s0=fng (4707,1795)* [filtered=2046]
cnt=1 s0=fng (4707,1794)* [filtered=2046]
cnt=1 s0=fng (4707,1793)* [filtered=2046]
cnt=1 s0=fng (4707,1793)* [filtered=2046]
cnt=1 s0=fng (4707,1792)* [filtered=2046]
cnt=1 s0=fng (4707,1791)* [filtered=2046]
cnt=1 s0=fng (4707,1790)* [filtered=2046]
cnt=1 s0=fng (4707,1789)* [filtered=2046]
cnt=1 s0=fng (4707,1788)* [filtered=2046]
cnt=1 s0=fng (4707,1787)* [filtered=2046]
cnt=1 s0=fng (4707,1786)* [filtered=2046]
cnt=1 s0=fng (4707,1785)* [filtered=2046]
cnt=1 s0=fng (4707,1785)* [filtered=2046]
cnt=1 s0=fng (4707,1784)* [filtered=2046]
cnt=1 s0=fng (4707,1784)* [filtered=2046]
cnt=1 s0=fng (4707,1784)* [filtered=2046]
cnt=1 s0=fng (4707,1784)* [filtered=2046]
cnt=1 s0=fng (4707,1784)* [filtered=2046]
cnt=1 s0=fng (4707,1784)* [filtered=2046]
cnt=1 s0=fng (4707,1784)* [filtered=2046]
cnt=1 s0=fng (4708,1784)* [filtered=2046]
cnt=1 s0=fng (4709,1784)* [filtered=2046]
cnt=1 s0=fng (4710,1785)* [filtered=2046]
cnt=1 s0=fng (4711,1786)* [filtered=2046]
cnt=1 s0=fng (4712,1788)* [filtered=2046]
cnt=1 s0=fng (4713,1790)* [filtered=2046]
cnt=1 s0=fng (4713,1791)* [filtered=2046]
cnt=1 s0=fng (4714,1793)* [filtered=2046]
cnt=1 s0=fng (4715,1795)* [filtered=2046]
cnt=1 s0=fng (4717,1798) [filtered=2046]
cnt=1 s0=fng (4719,1801) [filtered=2046]
cnt=1 s0=fng (4721,1805) [filtered=2046]
cnt=1 s0=fng (4722,1807) [filtered=2046]
cnt=1 s0=fng (1205,34) [filtered=2046]
cnt=1 s0=fng (1205,34) [filtered=2046]
cnt=1 s0=fng (1205,34) [filtered=2046]
cnt=1 s0=fng (1205,34) [filtered=2046]
cnt=1 s0=fng (1205,34) [filtered=2046]
cnt=1 s0=fng (1205,34) [filtered=2046]
cnt=1 s0=fng (1205,34) [filtered=2046]
cnt=1 s0=fng (1204,34) [filtered=2046]
cnt=2 s0=fng (1204,34) s1=PALM(4762,1846) [filtered=2047]
cnt=2 s0=fng (1204,34) s1=PALM(4762,1846) [filtered=2048]
cnt=2 s0=fng (1203,34) s1=PALM(4762,1845) [filtered=2049]
cnt=2 s0=fng (1203,34) s1=PALM(4762,1845) [filtered=2050]
cnt=1 s1=fng (4762,1844) [filtered=2050]
cnt=1 s1=fng (4762,1844) [filtered=2050]
cnt=1 s1=fng (4762,1843) [filtered=2050]
cnt=1 s1=fng (4762,1842) [filtered=2050]
cnt=1 s1=fng (4762,1841) [filtered=2050]
cnt=1 s1=fng (4762,1841) [filtered=2050]
cnt=1 s1=fng (4762,1840) [filtered=2050]
cnt=1 s1=fng (4762,1839) [filtered=2050]
cnt=1 s1=fng (4762,1839) [filtered=2050]
cnt=1 s1=fng (4762,1838) [filtered=2050]
cnt=1 s1=fng (4762,1837) [filtered=2050]
cnt=1 s1=fng (4762,1836) [filtered=2050]
cnt=1 s1=fng (4762,1835) [filtered=2050]
cnt=1 s1=fng (4762,1834) [filtered=2050]
cnt=1 s1=fng (4762,1833) [filtered=2050]
cnt=1 s1=fng (4762,1832) [filtered=2050]
cnt=1 s1=fng (4762,1831)* [filtered=2050]
cnt=1 s1=fng (4762,1830)* [filtered=2050]
cnt=1 s1=fng (4762,1830)* [filtered=2050]
cnt=1 s1=fng (4762,1829)* [filtered=2050]
cnt=1 s1=fng (4761,1828)* [filtered=2050]
cnt=1 s1=fng (4760,1827)* [filtered=2050]
cnt=1 s1=fng (4758,1826)* [filtered=2050]
cnt=1 s1=fng (4757,1825)* [filtered=2050]
cnt=1 s1=fng (4756,1824)* [filtered=2050]
cnt=1 s1=fng (4755,1822)* [filtered=2050]
cnt=1 s1=fng (4753,1820) [filtered=2050]
cnt=1 s1=fng (4752,1819) [filtered=2050]
cnt=1 s1=fng (4750,1818) [filtered=2050]
cnt=1 s1=fng (4748,1817) [filtered=2050]
cnt=1 s1=fng (4746,1816) [filtered=2050]
cnt=1 s1=fng (4744,1815) [filtered=2050]
cnt=1 s1=fng (4743,1814) [filtered=2050]
cnt=1 s1=fng (4741,1813) [filtered=2050]
cnt=1 s1=fng (4739,1812) [filtered=2050]
cnt=1 s1=fng (4737,1811) [filtered=2050]
cnt=1 s1=fng (4735,1810) [filtered=2050]
cnt=1 s1=fng (4734,1810) [filtered=2050]
cnt=1 s1=fng (4732,1809) [filtered=2050]
cnt=1 s1=fng (4730,1808) [filtered=2050]
cnt=1 s1=fng (4728,1807) [filtered=2050]
cnt=1 s1=fng (4727,1807) [filtered=2050]
cnt=1 s1=fng (4725,1806) [filtered=2050]
cnt=1 s1=fng (4723,1805) [filtered=2050]
cnt=1 s1=fng (4721,1804) [filtered=2050]
cnt=1 s1=fng (4718,1804) [filtered=2050]
cnt=1 s1=fng (4716,1804)* [filtered=2050]
cnt=1 s1=fng (4714,1803)* [filtered=2050]
cnt=1 s1=fng (4711,1803)* [filtered=2050]
cnt=1 s1=fng (4708,1802) [filtered=2050]
cnt=1 s1=fng (4705,1801) [filtered=2050]
cnt=1 s1=fng (4703,1801) [filtered=2050]
cnt=1 s1=fng (4700,1801) [filtered=2050]
cnt=1 s1=fng (4697,1800) [filtered=2050]
cnt=1 s1=fng (4694,1799) [filtered=2050]
cnt=1 s1=fng (4692,1799) [filtered=2050]
cnt=1 s1=fng (4690,1798) [filtered=2050]
cnt=1 s1=fng (4687,1797) [filtered=2050]
cnt=1 s1=fng (4684,1796) [filtered=2050]
cnt=1 s1=fng (4681,1795) [filtered=2050]
cnt=1 s1=fng (4679,1794) [filtered=2050]
cnt=1 s1=fng (4677,1793) [filtered=2050]
cnt=1 s1=fng (4674,1792) [filtered=2050]
cnt=1 s1=fng (4671,1791) [filtered=2050]
cnt=1 s1=fng (4668,1789) [filtered=2050]
cnt=1 s1=fng (4666,1788) [filtered=2050]
cnt=1 s1=fng (4663,1787) [filtered=2050]
cnt=1 s1=fng (4660,1786) [filtered=2050]
cnt=1 s1=fng (4657,1784) [filtered=2050]
cnt=1 s1=fng (4655,1783) [filtered=2050]
cnt=1 s1=fng (4653,1782) [filtered=2050]
cnt=1 s1=fng (4651,1781) [filtered=2050]
cnt=1 s1=fng (4649,1780) [filtered=2050]
cnt=1 s1=fng (4647,1779) [filtered=2050]
cnt=1 s1=fng (4646,1778) [filtered=2050]
cnt=1 s1=fng (4644,1777) [filtered=2050]
cnt=1 s1=fng (4643,1776) [filtered=2050]
cnt=1 s1=fng (4642,1775) [filtered=2050]
cnt=1 s1=fng (4641,1774) [filtered=2050]
cnt=1 s1=fng (4640,1773) [filtered=2050]
cnt=1 s1=fng (4639,1773) [filtered=2050]
cnt=1 s1=fng (4638,1772) [filtered=2050]
cnt=1 s1=fng (4637,1771) [filtered=2050]
cnt=1 s1=fng (4636,1771) [filtered=2050]
cnt=1 s1=fng (4635,1770) [filtered=2050]
cnt=1 s1=fng (4634,1769) [filtered=2050]
cnt=1 s1=fng (4633,1768) [filtered=2050]
cnt=1 s1=fng (4632,1767) [filtered=2050]
cnt=1 s1=fng (4632,1767)* [filtered=2050]
cnt=1 s1=fng (4631,1766)* [filtered=2050]
cnt=1 s1=fng (4631,1766)* [filtered=2050]
cnt=1 s1=fng (4630,1765)* [filtered=2050]
cnt=1 s1=fng (4629,1764)* [filtered=2050]
cnt=1 s1=fng (4628,1764)* [filtered=2050]
cnt=1 s1=fng (4628,1763)* [filtered=2050]
cnt=1 s1=fng (4628,1763)* [filtered=2050]
cnt=1 s1=fng (4628,1762)* [filtered=2050]
cnt=1 s1=fng (4628,1762)* [filtered=2050]
cnt=1 s1=fng (4628,1762)* [filtered=2050]
cnt=1 s1=fng (4628,1761)* [filtered=2050]
cnt=1 s1=fng (4627,1761)* [filtered=2050]
cnt=1 s1=fng (4627,1760)* [filtered=2050]
cnt=1 s1=fng (4627,1760)* [filtered=2050]
cnt=1 s1=fng (4627,1759)* [filtered=2050]
cnt=1 s1=fng (4627,1759)* [filtered=2050]
cnt=1 s1=fng (4627,1758)* [filtered=2050]
cnt=1 s1=fng (4627,1758)* [filtered=2050]
cnt=1 s1=fng (4627,1758)* [filtered=2050]
cnt=1 s1=fng (4627,1757)* [filtered=2050]
cnt=1 s1=fng (4627,1757)* [filtered=2050]
cnt=1 s1=fng (4627,1756)* [filtered=2050]
cnt=1 s1=fng (4627,1756)* [filtered=2050]
cnt=1 s1=fng (4627,1756)* [filtered=2050]
cnt=1 s1=fng (4627,1756)* [filtered=2050]
cnt=1 s1=fng (4627,1756)* [filtered=2050]
cnt=1 s1=fng (4627,1756)* [filtered=2050]
cnt=1 s1=fng (4627,1756)* [filtered=2050]
cnt=1 s1=fng (4627,1756)* [filtered=2050]
cnt=1 s1=fng (4627,1756)* [filtered=2050]
cnt=1 s1=fng (4627,1756)* [filtered=2050]
cnt=1 s1=fng (4627,1756)* [filtered=2050]
cnt=1 s1=fng (4627,1756)* [filtered=2050]
cnt=1 s1=fng (4627,1756)* [filtered=2050]
cnt=1 s1=fng (4627,1756)* [filtered=2050]
cnt=1 s1=fng (4627,1756)* [filtered=2050]
cnt=1 s1=fng (4627,1756)* [filtered=2050]
cnt=1 s1=fng (4627,1756)* [filtered=2050]
cnt=1 s1=fng (4627,1756)* [filtered=2050]
cnt=1 s1=fng (4627,1756)* [filtered=2050]
cnt=1 s1=fng (4627,1756)* [filtered=2050]
cnt=1 s1=fng (4627,1756)* [filtered=2050]
cnt=1 s1=fng (4627,1756)* [filtered=2050]
cnt=1 s1=fng (4627,1756)* [filtered=2050]
cnt=1 s1=fng (4627,1756)* [filtered=2050]
cnt=1 s1=fng (4627,1756)* [filtered=2050]
cnt=1 s1=fng (4627,1756)* [filtered=2050]
cnt=1 s1=fng (4627,1756)* [filtered=2050]
cnt=1 s1=fng (4627,1756)* [filtered=2050]
cnt=1 s1=fng (4627,1756)* [filtered=2050]
cnt=1 s1=fng (4627,1756)* [filtered=2050]
cnt=1 s1=fng (4627,1756)* [filtered=2050]
cnt=1 s1=fng (4627,1756)* [filtered=2050]
cnt=1 s1=fng (4627,1756)* [filtered=2050]
cnt=1 s1=fng (4627,1756)* [filtered=2050]
cnt=1 s1=fng (4627,1756)* [filtered=2050]
cnt=1 s1=fng (4627,1756)* [filtered=2050]
cnt=1 s1=fng (4627,1755)* [filtered=2050]
cnt=1 s1=fng (4627,1755)* [filtered=2050]
cnt=1 s1=fng (4627,1755)* [filtered=2050]
cnt=1 s1=fng (4627,1755)* [filtered=2050]
cnt=1 s1=fng (4627,1755)* [filtered=2050]
cnt=1 s1=fng (4627,1755)* [filtered=2050]
cnt=1 s1=fng (4627,1755)* [filtered=2050]
cnt=1 s1=fng (4627,1755)* [filtered=2050]
cnt=1 s1=fng (4627,1755)* [filtered=2050]
cnt=1 s1=fng (4627,1755)* [filtered=2050]
cnt=1 s1=fng (4627,1755)* [filtered=2050]
cnt=1 s1=fng (4627,1755)* [filtered=2050]
cnt=1 s1=fng (4627,1755)* [filtered=2050]
cnt=1 s1=fng (4627,1755)* [filtered=2050]
cnt=1 s1=fng (4627,1755)* [filtered=2050]
cnt=1 s1=fng (4627,1755)* [filtered=2050]
cnt=1 s1=fng (4627,1755)* [filtered=2050]
cnt=1 s1=fng (4627,1755)* [filtered=2050]
cnt=1 s1=fng (4627,1755)* [filtered=2050]
cnt=1 s1=fng (4627,1755)* [filtered=2050]
cnt=1 s1=fng (4627,1754)* [filtered=2050]
cnt=1 s1=fng (4627,1754)* [filtered=2050]
cnt=1 s1=fng (4627,1753)* [filtered=2050]
cnt=1 s1=fng (4627,1753)* [filtered=2050]
cnt=1 s1=fng (4627,1752)* [filtered=2050]
cnt=1 s1=fng (4627,1752)* [filtered=2050]
cnt=1 s1=fng (4627,1752)* [filtered=2050]
cnt=1 s1=fng (4627,1751)* [filtered=2050]
cnt=1 s1=fng (4627,1751)* [filtered=2050]
cnt=1 s1=fng (4627,1751)* [filtered=2050]
cnt=1 s1=fng (4627,1750)* [filtered=2050]
cnt=2 s0=fng (1161,31) s1=PALM(4627,1750)* [filtered=2051]
cnt=2 s0=fng (1161,31) s1=PALM(4627,1750)* [filtered=2052]
cnt=2 s0=fng (1161,31) s1=PALM(4627,1749)* [filtered=2053]
cnt=2 s0=fng (1161,31) s1=PALM(4627,1748)* [filtered=2054]
cnt=2 s0=fng (1161,31) s1=PALM(4627,1748)* [filtered=2055]
cnt=2 s0=fng (1161,31) s1=PALM(4627,1747)* [filtered=2056]
cnt=2 s0=fng (1161,31) s1=PALM(4627,1747)* [filtered=2057]
cnt=2 s0=fng (1161,31) s1=PALM(4627,1747)* [filtered=2058]
cnt=2 s0=fng (1161,31) s1=PALM(4627,1747)* [filtered=2059]
cnt=2 s0=fng (1161,31) s1=PALM(4627,1747)* [filtered=2060]
cnt=2 s0=fng (1161,31) s1=PALM(4627,1747)* [filtered=2061]
cnt=2 s0=fng (1161,31) s1=PALM(4627,1747)* [filtered=2062]
cnt=2 s0=fng (1161,31) s1=PALM(4627,1747)* [filtered=2063]
cnt=2 s0=fng (1161,31) s1=PALM(4627,1747)* [filtered=2064]
cnt=2 s0=fng (1161,31) s1=PALM(4627,1747)* [filtered=2065]
cnt=2 s0=fng (1161,31) s1=PALM(4627,1747)* [filtered=2066]
cnt=1 s1=fng (4627,1747)* [filtered=2066]
cnt=1 s1=fng (4627,1747)* [filtered=2066]
cnt=1 s1=fng (4627,1747)* [filtered=2066]
cnt=1 s1=fng (4627,1747)* [filtered=2066]
cnt=1 s1=fng (4627,1747)* [filtered=2066]
cnt=1 s1=fng (4627,1747)* [filtered=2066]
cnt=1 s1=fng (4627,1747)* [filtered=2066]
cnt=1 s1=fng (4627,1747)* [filtered=2066]
cnt=1 s1=fng (4627,1747)* [filtered=2066]
cnt=1 s1=fng (4627,1747)* [filtered=2066]
cnt=1 s1=fng (4627,1747)* [filtered=2066]
cnt=1 s1=fng (4627,1747)* [filtered=2066]
cnt=1 s1=fng (4627,1746)* [filtered=2066]
cnt=1 s1=fng (4627,1746)* [filtered=2066]
cnt=1 s1=fng (4627,1746)* [filtered=2066]
cnt=1 s1=fng (4627,1746)* [filtered=2066]
cnt=1 s1=fng (4627,1745)* [filtered=2066]
cnt=1 s1=fng (4627,1744)* [filtered=2066]
cnt=1 s1=fng (4627,1744)* [filtered=2066]
cnt=1 s1=fng (4627,1744)* [filtered=2066]
cnt=1 s1=fng (4627,1743)* [filtered=2066]
cnt=1 s1=fng (4627,1743)* [filtered=2066]
cnt=1 s1=fng (4627,1742)* [filtered=2066]
cnt=1 s1=fng (4627,1742)* [filtered=2066]
cnt=1 s1=fng (4627,1742)* [filtered=2066]
cnt=1 s1=fng (4627,1741)* [filtered=2066]
cnt=1 s1=fng (4627,1740)* [filtered=2066]
cnt=1 s1=fng (4627,1740)* [filtered=2066]
cnt=1 s1=fng (4627,1740)* [filtered=2066]
cnt=1 s1=fng (4627,1739)* [filtered=2066]
cnt=1 s1=fng (4627,1739)* [filtered=2066]
cnt=1 s1=fng (4627,1738)* [filtered=2066]
cnt=1 s1=fng (4627,1737)* [filtered=2066]
cnt=1 s1=fng (4627,1737)* [filtered=2066]
cnt=1 s1=fng (4627,1737)* [filtered=2066]
cnt=1 s1=fng (4627,1736)* [filtered=2066]
cnt=1 s1=fng (4627,1736)* [filtered=2066]
cnt=1 s1=fng (4627,1736)* [filtered=2066]
cnt=1 s1=fng (4627,1735)* [filtered=2066]
cnt=1 s1=fng (4627,1735)* [filtered=2066]
cnt=1 s1=fng (4627,1735)* [filtered=2066]
cnt=1 s1=fng (4628,1735)* [filtered=2066]
cnt=1 s1=fng (4628,1735)* [filtered=2066]
cnt=1 s1=fng (4629,1735)* [filtered=2066]
cnt=1 s1=fng (4630,1735)* [filtered=2066]
cnt=1 s1=fng (4631,1735)* [filtered=2066]
cnt=1 s1=fng (4632,1735)* [filtered=2066]
cnt=1 s1=fng (4633,1735)* [filtered=2066]
cnt=1 s1=fng (4634,1735)* [filtered=2066]
cnt=1 s1=fng (4635,1735)* [filtered=2066]
cnt=1 s1=fng (4636,1735)* [filtered=2066]
cnt=1 s1=fng (4636,1735)* [filtered=2066]
cnt=1 s1=fng (4637,1735)* [filtered=2066]
cnt=1 s1=fng (4638,1735)* [filtered=2066]
cnt=1 s1=fng (4639,1735)* [filtered=2066]
cnt=1 s1=fng (4639,1735)* [filtered=2066]
cnt=1 s1=fng (4639,1735)* [filtered=2066]
cnt=1 s1=fng (4639,1735)* [filtered=2066]
cnt=1 s1=fng (4639,1735)* [filtered=2066]
cnt=1 s1=fng (4639,1735)* [filtered=2066]
cnt=1 s1=fng (4639,1735)* [filtered=2066]
cnt=1 s1=fng (4639,1735)* [filtered=2066]
cnt=1 s1=fng (4639,1734)* [filtered=2066]
cnt=1 s1=fng (4639,1733)* [filtered=2066]
cnt=1 s1=fng (4638,1733)* [filtered=2066]
cnt=1 s1=fng (4637,1733)* [filtered=2066]
cnt=1 s1=fng (4636,1732)* [filtered=2066]
cnt=1 s1=fng (4635,1731)* [filtered=2066]
cnt=1 s1=fng (4634,1730)* [filtered=2066]
cnt=1 s1=fng (4632,1729)* [filtered=2066]
cnt=1 s1=fng (4631,1728)* [filtered=2066]
cnt=1 s1=fng (4629,1727)* [filtered=2066]
cnt=1 s1=fng (4627,1726)* [filtered=2066]
cnt=1 s1=fng (4625,1724) [filtered=2066]
cnt=1 s1=fng (4623,1722) [filtered=2066]
cnt=1 s1=fng (4622,1721) [filtered=2066]
cnt=1 s1=fng (4619,1719) [filtered=2066]
cnt=1 s1=fng (4616,1717) [filtered=2066]
cnt=1 s1=fng (4613,1715) [filtered=2066]
cnt=1 s1=fng (4610,1712) [filtered=2066]
cnt=1 s1=fng (4608,1710) [filtered=2066]
cnt=1 s1=fng (4605,1707) [filtered=2066]
cnt=1 s1=fng (4602,1704) [filtered=2066]
cnt=1 s1=fng (4599,1700) [filtered=2066]
cnt=1 s1=fng (4597,1697) [filtered=2066]
cnt=1 s1=fng (4596,1692) [filtered=2066]
cnt=1 s1=fng (4594,1687) [filtered=2066]
cnt=1 s1=fng (4592,1682) [filtered=2066]
cnt=1 s1=fng (4591,1677) [filtered=2066]
cnt=1 s1=fng (4590,1673) [filtered=2066]
cnt=1 s1=fng (4589,1670) [filtered=2066]
cnt=1 s1=fng (4588,1667) [filtered=2066]
cnt=1 s1=fng (4587,1664) [filtered=2066]
cnt=1 s1=fng (4587,1661) [filtered=2066]
cnt=1 s1=fng (4587,1658) [filtered=2066]
cnt=1 s1=fng (4587,1655) [filtered=2066]
cnt=1 s1=fng (4587,1653) [filtered=2066]
cnt=1 s1=fng (4588,1650) [filtered=2066]
cnt=1 s1=fng (4588,1647) [filtered=2066]
cnt=1 s1=fng (4588,1645) [filtered=2066]
cnt=1 s1=fng (4589,1644) [filtered=2066]
cnt=1 s1=fng (4590,1643) [filtered=2066]
cnt=1 s1=fng (4591,1641) [filtered=2066]
cnt=1 s1=fng (4591,1640) [filtered=2066]
cnt=1 s1=fng (4592,1639) [filtered=2066]
cnt=1 s1=fng (4593,1638) [filtered=2066]
cnt=1 s1=fng (4594,1638) [filtered=2066]
cnt=1 s1=fng (4594,1638) [filtered=2066]
cnt=1 s1=fng (4594,1638) [filtered=2066]
cnt=1 s1=fng (4594,1638) [filtered=2066]
cnt=1 s1=fng (4594,1638) [filtered=2066]
cnt=1 s1=fng (4594,1638) [filtered=2066]
cnt=1 s1=fng (4594,1638) [filtered=2066]
cnt=1 s1=fng (4594,1638) [filtered=2066]
cnt=1 s1=fng (4594,1638) [filtered=2066]
cnt=1 s1=fng (4594,1638) [filtered=2066]
cnt=1 s1=fng (4594,1638) [filtered=2066]
cnt=1 s1=fng (4593,1638)* [filtered=2066]
cnt=1 s1=fng (4593,1638)* [filtered=2066]
cnt=1 s1=fng (4592,1638)* [filtered=2066]
cnt=1 s1=fng (4591,1638)* [filtered=2066]
cnt=1 s1=fng (4590,1637)* [filtered=2066]
cnt=1 s1=fng (4590,1637)* [filtered=2066]
cnt=1 s1=fng (4589,1637)* [filtered=2066]
cnt=1 s1=fng (4588,1636)* [filtered=2066]
cnt=1 s1=fng (4587,1635)* [filtered=2066]
cnt=1 s1=fng (4586,1634)* [filtered=2066]
cnt=1 s1=fng (4585,1634)* [filtered=2066]
cnt=1 s1=fng (4584,1633)* [filtered=2066]
cnt=1 s1=fng (4583,1632)* [filtered=2066]
cnt=1 s1=fng (4582,1631)* [filtered=2066]
cnt=1 s1=fng (4581,1630)* [filtered=2066]
cnt=1 s1=fng (4581,1630)* [filtered=2066]
cnt=1 s1=fng (4581,1630)* [filtered=2066]
cnt=1 s1=fng (4581,1630)* [filtered=2066]
cnt=1 s1=fng (4581,1631)* [filtered=2066]
cnt=1 s1=fng (4582,1633)* [filtered=2066]
cnt=1 s1=fng (4582,1634)* [filtered=2066]
cnt=1 s1=fng (4583,1636)* [filtered=2066]
cnt=1 s1=fng (4584,1639) [filtered=2066]
cnt=1 s1=fng (4586,1644) [filtered=2066]
cnt=1 s1=fng (4587,1647) [filtered=2066]
cnt=1 s1=fng (4588,1652) [filtered=2066]
cnt=1 s1=fng (4590,1657) [filtered=2066]
cnt=1 s1=fng (4593,1663) [filtered=2066]
cnt=1 s1=fng (4596,1670) [filtered=2066]
cnt=1 s1=fng (4597,1676) [filtered=2066]
cnt=1 s1=fng (4601,1683) [filtered=2066]
cnt=1 s1=fng (4606,1690) [filtered=2066]
cnt=1 s1=fng (4613,1697) [filtered=2066]
cnt=1 s1=fng (4621,1704) [filtered=2066]
cnt=1 s1=fng (4628,1711) [filtered=2066]
cnt=1 s1=fng (4635,1718) [filtered=2066]
cnt=1 s1=fng (4642,1724) [filtered=2066]
cnt=1 s1=fng (4642,1724) [filtered=2066]
cnt=1 s0=fng (4746,1816) [filtered=2066]
cnt=1 s0=fng (4746,1816) [filtered=2066]
cnt=1 s0=fng (4746,1816) [filtered=2066]
cnt=1 s0=fng (4746,1816) [filtered=2066]
cnt=1 s0=fng (4746,1816) [filtered=2066]
cnt=1 s0=fng (4746,1816) [filtered=2066]
cnt=1 s0=fng (4746,1816) [filtered=2066]
cnt=1 s0=fng (4750,1773) [filtered=2066]
cnt=1 s0=fng (4750,1772) [filtered=2066]
cnt=1 s0=fng (4750,1772) [filtered=2066]
cnt=1 s0=fng (4750,1772) [filtered=2066]
cnt=1 s0=fng (4749,1771) [filtered=2066]
cnt=1 s0=fng (4748,1770) [filtered=2066]
cnt=1 s0=fng (4748,1770) [filtered=2066]
cnt=1 s0=fng (4747,1769) [filtered=2066]
cnt=1 s0=fng (4745,1768) [filtered=2066]
cnt=1 s0=fng (4743,1767) [filtered=2066]
cnt=1 s0=fng (4739,1765) [filtered=2066]
cnt=1 s0=fng (4737,1764) [filtered=2066]
cnt=1 s0=fng (4733,1761) [filtered=2066]
cnt=1 s0=fng (4728,1756) [filtered=2066]
cnt=1 s0=fng (4723,1751) [filtered=2066]
cnt=1 s0=fng (4717,1746) [filtered=2066]
cnt=1 s0=fng (4713,1743) [filtered=2066]
cnt=1 s0=fng (4708,1739) [filtered=2066]
cnt=1 s0=fng (4705,1735) [filtered=2066]
cnt=1 s0=fng (4703,1731) [filtered=2066]
cnt=1 s0=fng (4700,1728) [filtered=2066]
cnt=1 s0=fng (4698,1726) [filtered=2066]
cnt=1 s0=fng (4697,1724) [filtered=2066]
cnt=1 s0=fng (4697,1721) [filtered=2066]
cnt=1 s0=fng (4697,1718) [filtered=2066]
cnt=1 s0=fng (4697,1716) [filtered=2066]
cnt=1 s0=fng (4697,1715) [filtered=2066]
cnt=1 s0=fng (4697,1714) [filtered=2066]
cnt=1 s0=fng (4696,1713) [filtered=2066]
cnt=1 s0=fng (4695,1711) [filtered=2066]
cnt=1 s0=fng (4695,1710) [filtered=2066]
cnt=1 s0=fng (4694,1708) [filtered=2066]
cnt=1 s0=fng (4693,1706) [filtered=2066]
cnt=1 s0=fng (4691,1704) [filtered=2066]
cnt=1 s0=fng (4689,1701) [filtered=2066]
cnt=1 s0=fng (4688,1700) [filtered=2066]
cnt=1 s0=fng (4687,1698) [filtered=2066]
cnt=1 s0=fng (4685,1695) [filtered=2066]
cnt=1 s0=fng (4683,1692) [filtered=2066]
cnt=1 s0=fng (4682,1690) [filtered=2066]
cnt=1 s0=fng (4680,1686) [filtered=2066]
cnt=1 s0=fng (4677,1681) [filtered=2066]
cnt=1 s0=fng (4674,1676) [filtered=2066]
cnt=1 s0=fng (4670,1671) [filtered=2066]
cnt=1 s0=fng (4668,1667) [filtered=2066]
cnt=1 s0=fng (4664,1661) [filtered=2066]
cnt=1 s0=fng (4660,1655) [filtered=2066]
cnt=1 s0=fng (4656,1649) [filtered=2066]
cnt=1 s0=fng (4652,1643) [filtered=2066]
cnt=1 s0=fng (4649,1637) [filtered=2066]
cnt=1 s0=fng (4644,1631) [filtered=2066]
cnt=1 s0=fng (4639,1625) [filtered=2066]
cnt=1 s0=fng (4634,1619) [filtered=2066]
cnt=1 s0=fng (4630,1613) [filtered=2066]
cnt=1 s0=fng (4626,1607) [filtered=2066]
cnt=1 s0=fng (4623,1601) [filtered=2066]
cnt=1 s0=fng (4619,1595) [filtered=2066]
cnt=1 s0=fng (4616,1590) [filtered=2066]
cnt=1 s0=fng (4614,1586) [filtered=2066]
cnt=1 s0=fng (4613,1581) [filtered=2066]
cnt=1 s0=fng (4612,1577) [filtered=2066]
cnt=1 s0=fng (4611,1574) [filtered=2066]
cnt=1 s0=fng (4610,1572) [filtered=2066]
cnt=1 s0=fng (4610,1571) [filtered=2066]
cnt=1 s0=fng (4610,1570) [filtered=2066]
cnt=1 s0=fng (4610,1570) [filtered=2066]
cnt=1 s0=fng (4610,1570) [filtered=2066]
cnt=1 s0=fng (4610,1570) [filtered=2066]
cnt=1 s0=fng (4610,1570) [filtered=2066]
cnt=1 s0=fng (4610,1571) [filtered=2066]
cnt=1 s0=fng (4610,1572) [filtered=2066]
cnt=1 s0=fng (4611,1573) [filtered=2066]
cnt=1 s0=fng (4612,1574) [filtered=2066]
cnt=1 s0=fng (4613,1576) [filtered=2066]
cnt=1 s0=fng (4614,1578) [filtered=2066]
cnt=1 s0=fng (4615,1580) [filtered=2066]
cnt=1 s0=fng (4616,1583) [filtered=2066]
cnt=1 s0=fng (4617,1585) [filtered=2066]
cnt=1 s0=fng (4618,1588) [filtered=2066]
cnt=1 s0=fng (4620,1592) [filtered=2066]
cnt=1 s0=fng (4623,1596) [filtered=2066]
cnt=1 s0=fng (4625,1600) [filtered=2066]
cnt=1 s0=fng (4626,1603) [filtered=2066]
cnt=1 s0=fng (4629,1607) [filtered=2066]
cnt=1 s0=fng (4632,1611) [filtered=2066]
cnt=1 s0=fng (4635,1615) [filtered=2066]
cnt=1 s0=fng (4638,1619) [filtered=2066]
cnt=1 s0=fng (4640,1622) [filtered=2066]
cnt=1 s0=fng (4643,1626) [filtered=2066]
cnt=1 s0=fng (4646,1630) [filtered=2066]
cnt=1 s0=fng (4649,1634) [filtered=2066]
cnt=1 s0=fng (4651,1637) [filtered=2066]
cnt=1 s0=fng (4653,1640) [filtered=2066]
cnt=1 s0=fng (4656,1644) [filtered=2066]
cnt=1 s0=fng (4659,1648) [filtered=2066]
cnt=1 s0=fng (4662,1652) [filtered=2066]
cnt=1 s0=fng (4664,1655) [filtered=2066]
cnt=1 s0=fng (4667,1658) [filtered=2066]
cnt=1 s0=fng (4670,1661) [filtered=2066]
cnt=1 s0=fng (4673,1664) [filtered=2066]
cnt=1 s0=fng (4675,1667) [filtered=2066]
cnt=1 s0=fng (4676,1669) [filtered=2066]
cnt=1 s0=fng (4678,1671) [filtered=2066]
cnt=1 s0=fng (4680,1674) [filtered=2066]
cnt=1 s0=fng (4682,1677) [filtered=2066]
cnt=1 s0=fng (4684,1680) [filtered=2066]
cnt=1 s0=fng (4685,1682) [filtered=2066]
cnt=1 s0=fng (4686,1683) [filtered=2066]
cnt=1 s0=fng (4687,1685) [filtered=2066]
cnt=1 s0=fng (4688,1687) [filtered=2066]
cnt=1 s0=fng (4689,1688) [filtered=2066]
cnt=1 s0=fng (4690,1690) [filtered=2066]
cnt=1 s0=fng (4691,1692) [filtered=2066]
cnt=1 s0=fng (4692,1693) [filtered=2066]
cnt=1 s0=fng (4692,1695) [filtered=2066]
cnt=1 s0=fng (4692,1696) [filtered=2066]
cnt=1 s0=fng (4693,1697) [filtered=2066]
cnt=1 s0=fng (4693,1698) [filtered=2066]
cnt=1 s0=fng (4694,1699) [filtered=2066]
cnt=1 s0=fng (4695,1700) [filtered=2066]
cnt=1 s0=fng (4695,1701) [filtered=2066]
cnt=1 s0=fng (4696,1702) [filtered=2066]
cnt=1 s0=fng (4697,1703) [filtered=2066]
cnt=1 s0=fng (4698,1704) [filtered=2066]
cnt=1 s0=fng (4699,1705) [filtered=2066]
cnt=1 s0=fng (4699,1705)* [filtered=2066]
cnt=1 s0=fng (4700,1705)* [filtered=2066]
cnt=1 s0=fng (4701,1706)* [filtered=2066]
cnt=1 s0=fng (4702,1707)* [filtered=2066]
cnt=1 s0=fng (4703,1707)* [filtered=2066]
cnt=1 s0=fng (4704,1708)* [filtered=2066]
cnt=1 s0=fng (4705,1708)* [filtered=2066]
cnt=1 s0=fng (4706,1709)* [filtered=2066]
cnt=1 s0=fng (4707,1709)* [filtered=2066]
cnt=1 s0=fng (4707,1709)* [filtered=2066]
cnt=1 s0=fng (4708,1710)* [filtered=2066]
cnt=1 s0=fng (4709,1710)* [filtered=2066]
cnt=1 s0=fng (4710,1711)* [filtered=2066]
cnt=1 s0=fng (4711,1712)* [filtered=2066]
cnt=1 s0=fng (4712,1712)* [filtered=2066]
cnt=1 s0=fng (4713,1712)* [filtered=2066]
cnt=1 s0=fng (4713,1713)* [filtered=2066]
cnt=1 s0=fng (4713,1713)* [filtered=2066]
cnt=1 s0=fng (4713,1714)* [filtered=2066]
cnt=1 s0=fng (4713,1714)* [filtered=2066]
cnt=1 s0=fng (4713,1714)* [filtered=2066]
cnt=1 s0=fng (4713,1714)* [filtered=2066]
cnt=1 s0=fng (4713,1714)* [filtered=2066]
cnt=1 s0=fng (4713,1714)* [filtered=2066]
cnt=1 s0=fng (4713,1714)* [filtered=2066]
cnt=1 s0=fng (4713,1714)* [filtered=2066]
cnt=1 s0=fng (4713,1714)* [filtered=2066]
cnt=1 s0=fng (4713,1714)* [filtered=2066]
cnt=1 s0=fng (4713,1714)* [filtered=2066]
cnt=1 s0=fng (4713,1714)* [filtered=2066]
cnt=1 s0=fng (4713,1714)* [filtered=2066]
cnt=1 s0=fng (4713,1714)* [filtered=2066]
cnt=1 s0=fng (4713,1714)* [filtered=2066]
cnt=1 s0=fng (4713,1714)* [filtered=2066]
cnt=1 s0=fng (4713,1714)* [filtered=2066]
cnt=1 s0=fng (4713,1714)* [filtered=2066]
cnt=1 s0=fng (4713,1714)* [filtered=2066]
cnt=1 s0=fng (4713,1714)* [filtered=2066]
cnt=1 s0=fng (4713,1714)* [filtered=2066]
cnt=1 s0=fng (4713,1714)* [filtered=2066]
cnt=1 s0=fng (4713,1715)* [filtered=2066]
cnt=1 s0=fng (4713,1716)* [filtered=2066]
cnt=1 s0=fng (4713,1716)* [filtered=2066]
cnt=1 s0=fng (4713,1716)* [filtered=2066]
cnt=1 s0=fng (4713,1717)* [filtered=2066]
cnt=1 s0=fng (4713,1717)* [filtered=2066]
cnt=1 s0=fng (4713,1718)* [filtered=2066]
cnt=1 s0=fng (4713,1718)* [filtered=2066]
cnt=1 s0=fng (4713,1718)* [filtered=2066]
cnt=1 s0=fng (4713,1719)* [filtered=2066]
cnt=1 s0=fng (4713,1720)* [filtered=2066]
cnt=1 s0=fng (4713,1720)* [filtered=2066]
cnt=1 s0=fng (4713,1720)* [filtered=2066]
cnt=1 s0=fng (4713,1721)* [filtered=2066]
cnt=1 s0=fng (4713,1721)* [filtered=2066]
cnt=1 s0=fng (4713,1722)* [filtered=2066]
cnt=1 s0=fng (4714,1723)* [filtered=2066]
cnt=1 s0=fng (4714,1723)* [filtered=2066]
cnt=1 s0=fng (4714,1724)* [filtered=2066]
cnt=1 s0=fng (4714,1725)* [filtered=2066]
cnt=1 s0=fng (4714,1725)* [filtered=2066]
cnt=1 s0=fng (4714,1726)* [filtered=2066]
cnt=1 s0=fng (4714,1727)* [filtered=2066]
cnt=1 s0=fng (4714,1727)* [filtered=2066]
cnt=1 s0=fng (4714,1728)* [filtered=2066]
cnt=1 s0=fng (4714,1728)* [filtered=2066]
cnt=1 s0=fng (4714,1728)* [filtered=2066]
cnt=1 s0=fng (4714,1729)* [filtered=2066]
cnt=1 s0=fng (4714,1729)* [filtered=2066]
cnt=1 s0=fng (4714,1730)* [filtered=2066]
cnt=1 s0=fng (4714,1730)* [filtered=2066]
cnt=1 s0=fng (4714,1730)* [filtered=2066]
cnt=1 s0=fng (4714,1730)* [filtered=2066]
cnt=1 s0=fng (4714,1730)* [filtered=2066]
cnt=1 s0=fng (4714,1730)* [filtered=2066]
cnt=1 s0=fng (4714,1730)* [filtered=2066]
cnt=1 s0=fng (4714,1730)* [filtered=2066]
cnt=1 s0=fng (4714,1730)* [filtered=2066]
cnt=1 s0=fng (4714,1730)* [filtered=2066]
cnt=1 s0=fng (4714,1730)* [filtered=2066]
cnt=1 s0=fng (4714,1730)* [filtered=2066]
cnt=1 s0=fng (4714,1730)* [filtered=2066]
cnt=1 s0=fng (4714,1730)* [filtered=2066]
cnt=1 s0=fng (4714,1730)* [filtered=2066]
cnt=1 s0=fng (4714,1730)* [filtered=2066]
cnt=1 s0=fng (4714,1730)* [filtered=2066]
cnt=1 s0=fng (4714,1730)* [filtered=2066]
cnt=1 s0=fng (4714,1730)* [filtered=2066]
cnt=1 s0=fng (4714,1730)* [filtered=2066]
cnt=1 s0=fng (4714,1730)* [filtered=2066]
cnt=1 s0=fng (4714,1730)* [filtered=2066]
cnt=1 s0=fng (4714,1730)* [filtered=2066]
cnt=1 s0=fng (4714,1730)* [filtered=2066]
cnt=1 s0=fng (4714,1730)* [filtered=2066]
cnt=1 s0=fng (4714,1730)* [filtered=2066]
cnt=1 s0=fng (4714,1730)* [filtered=2066]
cnt=1 s0=fng (4714,1730)* [filtered=2066]
cnt=1 s0=fng (4714,1730)* [filtered=2066]
cnt=1 s0=fng (4714,1730)* [filtered=2066]
cnt=1 s0=fng (4714,1730)* [filtered=2066]
cnt=1 s0=fng (4714,1730)* [filtered=2066]
cnt=1 s0=fng (4714,1730)* [filtered=2066]
cnt=1 s0=fng (4714,1730)* [filtered=2066]
cnt=1 s0=fng (4714,1729)* [filtered=2066]
cnt=1 s0=fng (4714,1729)* [filtered=2066]
cnt=1 s0=fng (4713,1729)* [filtered=2066]
cnt=1 s0=fng (4712,1728)* [filtered=2066]
cnt=1 s0=fng (4711,1727)* [filtered=2066]
cnt=1 s0=fng (4710,1726)* [filtered=2066]
cnt=1 s0=fng (4710,1726)* [filtered=2066]
cnt=1 s0=fng (4708,1725)* [filtered=2066]
cnt=1 s0=fng (4706,1724)* [filtered=2066]
cnt=1 s0=fng (4704,1722) [filtered=2066]
cnt=1 s0=fng (4702,1720) [filtered=2066]
cnt=1 s0=fng (4701,1719) [filtered=2066]
cnt=1 s0=fng (4700,1717) [filtered=2066]
cnt=1 s0=fng (4699,1715) [filtered=2066]
cnt=1 s0=fng (4698,1713) [filtered=2066]
cnt=1 s0=fng (4697,1712) [filtered=2066]
cnt=1 s0=fng (4696,1711) [filtered=2066]
cnt=1 s0=fng (4696,1709) [filtered=2066]
cnt=1 s0=fng (4696,1708) [filtered=2066]
cnt=1 s0=fng (4696,1707) [filtered=2066]
cnt=1 s0=fng (4696,1706) [filtered=2066]
cnt=1 s0=fng (4696,1705) [filtered=2066]
cnt=1 s0=fng (4696,1704) [filtered=2066]
cnt=1 s0=fng (4696,1703) [filtered=2066]
cnt=1 s0=fng (4696,1703) [filtered=2066]
cnt=1 s0=fng (4696,1703) [filtered=2066]
cnt=1 s0=fng (4696,1703) [filtered=2066]
cnt=1 s0=fng (4696,1703) [filtered=2066]
cnt=1 s0=fng (4696,1703) [filtered=2066]
cnt=1 s0=fng (4696,1703) [filtered=2066]
cnt=1 s0=fng (4696,1703)* [filtered=2066]
cnt=1 s0=fng (4696,1703)* [filtered=2066]
cnt=1 s0=fng (4696,1703)* [filtered=2066]
cnt=1 s0=fng (4696,1703)* [filtered=2066]
cnt=1 s0=fng (4696,1703)* [filtered=2066]
cnt=1 s0=fng (4696,1703)* [filtered=2066]
cnt=1 s0=fng (4696,1703)* [filtered=2066]
cnt=1 s0=fng (4696,1703)* [filtered=2066]
cnt=1 s0=fng (4696,1703)* [filtered=2066]
cnt=1 s0=fng (4696,1703)* [filtered=2066]
cnt=1 s0=fng (4696,1704)* [filtered=2066]
cnt=1 s0=fng (4696,1705)* [filtered=2066]
cnt=1 s0=fng (4696,1705)* [filtered=2066]
cnt=1 s0=fng (4696,1706)* [filtered=2066]
cnt=1 s0=fng (4696,1706)* [filtered=2066]
cnt=1 s0=fng (4696,1706)* [filtered=2066]
cnt=1 s0=fng (4696,1706)* [filtered=2066]
cnt=1 s0=fng (4696,1706)* [filtered=2066]
cnt=1 s0=fng (4696,1706)* [filtered=2066]
cnt=1 s0=fng (4696,1706)* [filtered=2066]
cnt=1 s0=fng (4696,1706)* [filtered=2066]
cnt=1 s0=fng (4696,1706)* [filtered=2066]
cnt=1 s0=fng (4696,1706)* [filtered=2066]
cnt=1 s0=fng (4696,1706)* [filtered=2066]
cnt=1 s0=fng (4696,1706)* [filtered=2066]
cnt=1 s0=fng (4696,1706)* [filtered=2066]
cnt=1 s0=fng (4696,1706)* [filtered=2066]
cnt=1 s0=fng (4696,1706)* [filtered=2066]
cnt=1 s0=fng (4696,1706)* [filtered=2066]
cnt=1 s0=fng (4696,1706)* [filtered=2066]
cnt=1 s0=fng (4696,1706)* [filtered=2066]
cnt=1 s0=fng (4696,1706)* [filtered=2066]
cnt=1 s0=fng (4696,1706)* [filtered=2066]
cnt=1 s0=fng (4696,1706)* [filtered=2066]
cnt=1 s0=fng (4696,1706)* [filtered=2066]
cnt=1 s0=fng (4696,1706)* [filtered=2066]
cnt=1 s0=fng (4696,1706)* [filtered=2066]
cnt=1 s0=fng (4696,1706)* [filtered=2066]
cnt=1 s0=fng (4696,1706)* [filtered=2066]
cnt=1 s0=fng (4696,1706)* [filtered=2066]
cnt=1 s0=fng (4696,1706)* [filtered=2066]
cnt=1 s0=fng (4696,1706)* [filtered=2066]
cnt=1 s0=fng (4696,1706)* [filtered=2066]
cnt=1 s0=fng (4696,1706)* [filtered=2066]
cnt=1 s0=fng (4696,1706)* [filtered=2066]
cnt=1 s0=fng (4696,1706)* [filtered=2066]
cnt=1 s0=fng (4696,1706)* [filtered=2066]
cnt=1 s0=fng (4696,1706)* [filtered=2066]
cnt=1 s0=fng (4696,1706)* [filtered=2066]
cnt=1 s0=fng (4696,1706)* [filtered=2066]
cnt=1 s0=fng (4696,1706)* [filtered=2066]
cnt=1 s0=fng (4696,1706)* [filtered=2066]
cnt=1 s0=fng (4696,1706)* [filtered=2066]
cnt=1 s0=fng (4696,1706)* [filtered=2066]
cnt=1 s0=fng (4696,1706)* [filtered=2066]
cnt=1 s0=fng (4696,1706)* [filtered=2066]
cnt=1 s0=fng (4696,1706)* [filtered=2066]
cnt=1 s0=fng (4696,1706)* [filtered=2066]
cnt=1 s0=fng (4696,1706)* [filtered=2066]
cnt=1 s0=fng (4696,1706)* [filtered=2066]
cnt=1 s0=fng (4696,1706)* [filtered=2066]
cnt=1 s0=fng (4696,1706)* [filtered=2066]
cnt=1 s0=fng (4696,1706)* [filtered=2066]
cnt=1 s0=fng (4696,1706)* [filtered=2066]
cnt=1 s0=fng (4696,1706)* [filtered=2066]
cnt=1 s0=fng (4696,1706)* [filtered=2066]
cnt=1 s0=fng (4696,1706)* [filtered=2066]
cnt=1 s0=fng (4696,1706)* [filtered=2066]
cnt=1 s0=fng (4696,1706)* [filtered=2066]
cnt=1 s0=fng (4696,1706)* [filtered=2066]
cnt=1 s0=fng (4696,1706)* [filtered=2066]
cnt=1 s0=fng (4696,1706)* [filtered=2066]
cnt=1 s0=fng (4696,1706)* [filtered=2066]
cnt=1 s0=fng (4696,1705)* [filtered=2066]
cnt=1 s0=fng (4696,1705)* [filtered=2066]
cnt=1 s0=fng (4696,1705)* [filtered=2066]
cnt=1 s0=fng (4696,1705)* [filtered=2066]
cnt=1 s0=fng (4696,1705)* [filtered=2066]
cnt=1 s0=fng (4696,1705)* [filtered=2066]
cnt=1 s0=fng (4696,1705)* [filtered=2066]
cnt=1 s0=fng (4696,1705)* [filtered=2066]
cnt=1 s0=fng (4696,1704)* [filtered=2066]
cnt=1 s0=fng (4696,1704)* [filtered=2066]
cnt=1 s0=fng (4696,1703)* [filtered=2066]
cnt=1 s0=fng (4696,1703)* [filtered=2066]
cnt=1 s0=fng (4696,1703)* [filtered=2066]
cnt=1 s0=fng (4696,1702)* [filtered=2066]
cnt=1 s0=fng (4696,1702)* [filtered=2066]
cnt=1 s0=fng (4696,1702)* [filtered=2066]
cnt=1 s0=fng (4696,1702)* [filtered=2066]
cnt=1 s0=fng (4696,1702)* [filtered=2066]
cnt=1 s0=fng (4696,1702)* [filtered=2066]
cnt=1 s0=fng (4696,1702)* [filtered=2066]
cnt=1 s0=fng (4696,1702)* [filtered=2066]
cnt=1 s0=fng (4696,1701)* [filtered=2066]
cnt=1 s0=fng (4696,1701)* [filtered=2066]
cnt=1 s0=fng (4696,1701)* [filtered=2066]
cnt=1 s0=fng (4696,1701)* [filtered=2066]
cnt=1 s0=fng (4696,1701)* [filtered=2066]
cnt=1 s0=fng (4696,1701)* [filtered=2066]
cnt=1 s0=fng (4696,1701)* [filtered=2066]
cnt=1 s0=fng (4696,1701)* [filtered=2066]
cnt=1 s0=fng (4696,1701)* [filtered=2066]
cnt=1 s0=fng (4696,1700)* [filtered=2066]
cnt=1 s0=fng (4696,1700)* [filtered=2066]
cnt=1 s0=fng (4696,1699)* [filtered=2066]
cnt=1 s0=fng (4696,1699)* [filtered=2066]
cnt=1 s0=fng (4696,1698)* [filtered=2066]
cnt=1 s0=fng (4696,1698)* [filtered=2066]
cnt=1 s0=fng (4696,1698)* [filtered=2066]
cnt=1 s0=fng (4695,1698)* [filtered=2066]
cnt=1 s0=fng (4695,1697)* [filtered=2066]
cnt=1 s0=fng (4695,1697)* [filtered=2066]
cnt=1 s0=fng (4694,1696)* [filtered=2066]
cnt=1 s0=fng (4694,1696)* [filtered=2066]
cnt=1 s0=fng (4693,1695)* [filtered=2066]
cnt=1 s0=fng (4692,1695)* [filtered=2066]
cnt=1 s0=fng (4691,1694)* [filtered=2066]
cnt=1 s0=fng (4690,1694)* [filtered=2066]
cnt=1 s0=fng (4689,1694)* [filtered=2066]
cnt=1 s0=fng (4688,1693)* [filtered=2066]
cnt=1 s0=fng (4687,1693)* [filtered=2066]
cnt=1 s0=fng (4686,1692)* [filtered=2066]
cnt=1 s0=fng (4686,1692)* [filtered=2066]
cnt=1 s0=fng (4685,1691)* [filtered=2066]
cnt=1 s0=fng (4684,1691)* [filtered=2066]
cnt=1 s0=fng (4683,1690)* [filtered=2066]
cnt=1 s0=fng (4683,1690)* [filtered=2066]
cnt=1 s0=fng (4683,1690)* [filtered=2066]
cnt=1 s0=fng (4682,1689)* [filtered=2066]
cnt=1 s0=fng (4681,1689)* [filtered=2066]
cnt=1 s0=fng (4681,1689)* [filtered=2066]
cnt=1 s0=fng (4681,1689)* [filtered=2066]
cnt=1 s0=fng (4680,1689)* [filtered=2066]
cnt=1 s0=fng (4680,1689)* [filtered=2066]
cnt=1 s0=fng (4680,1689)* [filtered=2066]
cnt=1 s0=fng (4679,1689)* [filtered=2066]
cnt=1 s0=fng (4679,1689)* [filtered=2066]
cnt=1 s0=fng (4678,1689)* [filtered=2066]
cnt=1 s0=fng (4678,1689)* [filtered=2066]
cnt=1 s0=fng (4677,1689)* [filtered=2066]
cnt=1 s0=fng (4677,1689)* [filtered=2066]
cnt=1 s0=fng (4677,1689)* [filtered=2066]
cnt=1 s0=fng (4676,1689)* [filtered=2066]
cnt=1 s0=fng (4676,1689)* [filtered=2066]
cnt=1 s0=fng (4676,1689)* [filtered=2066]
cnt=1 s0=fng (4675,1689)* [filtered=2066]
cnt=1 s0=fng (4675,1689)* [filtered=2066]
cnt=1 s0=fng (4675,1689)* [filtered=2066]
cnt=1 s0=fng (4675,1689)* [filtered=2066]
cnt=1 s0=fng (4675,1689)* [filtered=2066]
cnt=1 s0=fng (4675,1689)* [filtered=2066]
cnt=1 s0=fng (4675,1689)* [filtered=2066]
cnt=1 s0=fng (4675,1689)* [filtered=2066]
cnt=1 s0=fng (4675,1689)* [filtered=2066]
cnt=1 s0=fng (4675,1689)* [filtered=2066]
cnt=1 s0=fng (4675,1689)* [filtered=2066]
cnt=1 s0=fng (4675,1689)* [filtered=2066]
cnt=1 s0=fng (4675,1689)* [filtered=2066]
cnt=1 s0=fng (4675,1689)* [filtered=2066]
cnt=1 s0=fng (4675,1689)* [filtered=2066]
cnt=1 s0=fng (4675,1689)* [filtered=2066]
cnt=1 s0=fng (4675,1689)* [filtered=2066]
cnt=1 s0=fng (4674,1689)* [filtered=2066]
cnt=1 s0=fng (4674,1689)* [filtered=2066]
cnt=1 s0=fng (4674,1689)* [filtered=2066]
cnt=1 s0=fng (4673,1689)* [filtered=2066]
cnt=1 s0=fng (4672,1689)* [filtered=2066]
cnt=1 s0=fng (4672,1689)* [filtered=2066]
cnt=1 s0=fng (4671,1689)* [filtered=2066]
cnt=1 s0=fng (4671,1689)* [filtered=2066]
cnt=1 s0=fng (4670,1689)* [filtered=2066]
cnt=1 s0=fng (4669,1689)* [filtered=2066]
cnt=1 s0=fng (4668,1689)* [filtered=2066]
cnt=1 s0=fng (4667,1689)* [filtered=2066]
cnt=1 s0=fng (4667,1689)* [filtered=2066]
cnt=1 s0=fng (4666,1689)* [filtered=2066]
cnt=1 s0=fng (4665,1689)* [filtered=2066]
cnt=1 s0=fng (4664,1689)* [filtered=2066]
cnt=1 s0=fng (4663,1689)* [filtered=2066]
cnt=1 s0=fng (4663,1689)* [filtered=2066]
cnt=1 s0=fng (4663,1689)* [filtered=2066]
cnt=1 s0=fng (4663,1689)* [filtered=2066]
cnt=1 s0=fng (4663,1689)* [filtered=2066]
cnt=1 s0=fng (4663,1689)* [filtered=2066]
cnt=1 s0=fng (4663,1689)* [filtered=2066]
cnt=1 s0=fng (4663,1689)* [filtered=2066]
cnt=1 s0=fng (4663,1688)* [filtered=2066]
cnt=1 s0=fng (4663,1687)* [filtered=2066]
cnt=1 s0=fng (4663,1687)* [filtered=2066]
cnt=1 s0=fng (4663,1687)* [filtered=2066]
cnt=1 s0=fng (4663,1686)* [filtered=2066]
cnt=1 s0=fng (4663,1686)* [filtered=2066]
cnt=1 s0=fng (4663,1685)* [filtered=2066]
cnt=1 s0=fng (4663,1685)* [filtered=2066]
cnt=1 s0=fng (4663,1684)* [filtered=2066]
cnt=1 s0=fng (4663,1684)* [filtered=2066]
cnt=1 s0=fng (4663,1683)* [filtered=2066]
cnt=1 s0=fng (4663,1683)* [filtered=2066]
cnt=1 s0=fng (4663,1683)* [filtered=2066]
cnt=1 s0=fng (4663,1682)* [filtered=2066]
cnt=1 s0=fng (4663,1682)* [filtered=2066]
cnt=1 s0=fng (4663,1681)* [filtered=2066]
cnt=1 s0=fng (4663,1680)* [filtered=2066]
cnt=1 s0=fng (4663,1680)* [filtered=2066]
cnt=1 s0=fng (4663,1680)* [filtered=2066]
cnt=1 s0=fng (4663,1679)* [filtered=2066]
cnt=1 s0=fng (4663,1679)* [filtered=2066]
cnt=1 s0=fng (4663,1679)* [filtered=2066]
cnt=1 s0=fng (4663,1679)* [filtered=2066]
cnt=1 s0=fng (4663,1678)* [filtered=2066]
cnt=1 s0=fng (4663,1678)* [filtered=2066]
cnt=1 s0=fng (4663,1678)* [filtered=2066]
cnt=1 s0=fng (4663,1678)* [filtered=2066]
cnt=1 s0=fng (4663,1678)* [filtered=2066]
cnt=1 s0=fng (4663,1678)* [filtered=2066]
cnt=1 s0=fng (4663,1678)* [filtered=2066]
cnt=1 s0=fng (4663,1678)* [filtered=2066]
cnt=1 s0=fng (4663,1678)* [filtered=2066]
cnt=1 s0=fng (4663,1678)* [filtered=2066]
cnt=1 s0=fng (4663,1678)* [filtered=2066]
cnt=1 s0=fng (4663,1678)* [filtered=2066]
cnt=1 s0=fng (4663,1678)* [filtered=2066]
cnt=1 s0=fng (4663,1678)* [filtered=2066]
cnt=1 s0=fng (4663,1678)* [filtered=2066]
cnt=1 s0=fng (4663,1678)* [filtered=2066]
cnt=1 s0=fng (4663,1678)* [filtered=2066]
cnt=1 s0=fng (4663,1678)* [filtered=2066]
cnt=1 s0=fng (4663,1678)* [filtered=2066]
cnt=1 s0=fng (4663,1678)* [filtered=2066]
cnt=1 s0=fng (4663,1678)* [filtered=2066]
cnt=1 s0=fng (4663,1678)* [filtered=2066]
cnt=1 s0=fng (4663,1678)* [filtered=2066]
cnt=1 s0=fng (4663,1678)* [filtered=2066]
cnt=1 s0=fng (4663,1678)* [filtered=2066]
cnt=1 s0=fng (4663,1678)* [filtered=2066]
cnt=1 s0=fng (4663,1678)* [filtered=2066]
cnt=1 s0=fng (4663,1678)* [filtered=2066]
cnt=1 s0=fng (4663,1678)* [filtered=2066]
cnt=1 s0=fng (4663,1678)* [filtered=2066]
cnt=1 s0=fng (4663,1678)* [filtered=2066]
cnt=1 s0=fng (4663,1678)* [filtered=2066]
cnt=1 s0=fng (4663,1678)* [filtered=2066]
cnt=1 s0=fng (4663,1678)* [filtered=2066]
cnt=1 s0=fng (4663,1678)* [filtered=2066]
cnt=1 s0=fng (4663,1678)* [filtered=2066]
cnt=1 s0=fng (4663,1678)* [filtered=2066]
cnt=1 s0=fng (4663,1678)* [filtered=2066]
cnt=1 s0=fng (4663,1678)* [filtered=2066]
cnt=1 s0=fng (4663,1678)* [filtered=2066]
cnt=1 s0=fng (4663,1678)* [filtered=2066]
cnt=1 s0=fng (4663,1678)* [filtered=2066]
cnt=1 s0=fng (4663,1678)* [filtered=2066]
cnt=1 s0=fng (4663,1678)* [filtered=2066]
cnt=1 s0=fng (4663,1678)* [filtered=2066]
cnt=1 s0=fng (4663,1678)* [filtered=2066]
cnt=1 s0=fng (4663,1678)* [filtered=2066]
cnt=1 s0=fng (4663,1678)* [filtered=2066]
cnt=1 s0=fng (4663,1678)* [filtered=2066]
cnt=1 s0=fng (4663,1678)* [filtered=2066]
cnt=1 s0=fng (4663,1678)* [filtered=2066]
cnt=1 s0=fng (4663,1678)* [filtered=2066]
cnt=1 s0=fng (4663,1678)* [filtered=2066]
cnt=1 s0=fng (4663,1678)* [filtered=2066]
cnt=1 s0=fng (4663,1678)* [filtered=2066]
cnt=1 s0=fng (4663,1678)* [filtered=2066]
cnt=1 s0=fng (4663,1678)* [filtered=2066]
cnt=1 s0=fng (4663,1678)* [filtered=2066]
cnt=1 s0=fng (4663,1678)* [filtered=2066]
cnt=1 s0=fng (4663,1678)* [filtered=2066]
cnt=1 s0=fng (4663,1678)* [filtered=2066]
cnt=1 s0=fng (4663,1678)* [filtered=2066]
cnt=1 s0=fng (4663,1678)* [filtered=2066]
cnt=1 s0=fng (4663,1678)* [filtered=2066]
cnt=1 s0=fng (4663,1678)* [filtered=2066]
cnt=1 s0=fng (4663,1678)* [filtered=2066]
cnt=1 s0=fng (4663,1678)* [filtered=2066]
cnt=1 s0=fng (4663,1678)* [filtered=2066]
cnt=1 s0=fng (4663,1678)* [filtered=2066]
cnt=1 s0=fng (4663,1678)* [filtered=2066]
cnt=1 s0=fng (4663,1678)* [filtered=2066]
cnt=1 s0=fng (4663,1678)* [filtered=2066]
cnt=1 s0=fng (4663,1678)* [filtered=2066]
cnt=1 s0=fng (4663,1678)* [filtered=2066]
cnt=1 s0=fng (4663,1678)* [filtered=2066]
cnt=1 s0=fng (4663,1678)* [filtered=2066]
cnt=1 s0=fng (4663,1678)* [filtered=2066]
cnt=1 s0=fng (4663,1678)* [filtered=2066]
cnt=1 s0=fng (4663,1678)* [filtered=2066]
cnt=1 s0=fng (4663,1678)* [filtered=2066]
cnt=1 s0=fng (4663,1678)* [filtered=2066]
cnt=1 s0=fng (4663,1678)* [filtered=2066]
cnt=1 s0=fng (4663,1678)* [filtered=2066]
cnt=1 s0=fng (4663,1678)* [filtered=2066]
cnt=1 s0=fng (4663,1678)* [filtered=2066]
cnt=1 s0=fng (4663,1678)* [filtered=2066]
cnt=1 s0=fng (4663,1678)* [filtered=2066]
cnt=1 s0=fng (4663,1678)* [filtered=2066]
cnt=1 s0=fng (4663,1678)* [filtered=2066]
cnt=1 s0=fng (4663,1678)* [filtered=2066]
cnt=1 s0=fng (4663,1678)* [filtered=2066]
cnt=1 s0=fng (4663,1678)* [filtered=2066]
cnt=1 s0=fng (4663,1678)* [filtered=2066]
cnt=1 s0=fng (4663,1678)* [filtered=2066]
cnt=1 s0=fng (4663,1678)* [filtered=2066]
cnt=1 s0=fng (4663,1678)* [filtered=2066]
cnt=1 s0=fng (4663,1678)* [filtered=2066]
cnt=1 s0=fng (4663,1678)* [filtered=2066]
cnt=1 s0=fng (4663,1678)* [filtered=2066]
cnt=1 s0=fng (4663,1678)* [filtered=2066]
cnt=1 s0=fng (4663,1678)* [filtered=2066]
cnt=1 s0=fng (4663,1678)* [filtered=2066]
cnt=1 s0=fng (4663,1678)* [filtered=2066]
cnt=1 s0=fng (4663,1678)* [filtered=2066]
cnt=1 s0=fng (4663,1678)* [filtered=2066]
cnt=1 s0=fng (4663,1678)* [filtered=2066]
cnt=1 s0=fng (4663,1678)* [filtered=2066]
cnt=1 s0=fng (4663,1678)* [filtered=2066]
cnt=1 s0=fng (4663,1678)* [filtered=2066]
cnt=1 s0=fng (4663,1678)* [filtered=2066]
cnt=1 s0=fng (4663,1678)* [filtered=2066]
cnt=1 s0=fng (4663,1678)* [filtered=2066]
cnt=1 s0=fng (4663,1678)* [filtered=2066]
cnt=1 s0=fng (4663,1678)* [filtered=2066]
cnt=1 s0=fng (4663,1678)* [filtered=2066]
cnt=1 s0=fng (4663,1678)* [filtered=2066]
cnt=1 s0=fng (4663,1678)* [filtered=2066]
cnt=1 s0=fng (4663,1678)* [filtered=2066]
cnt=1 s0=fng (4663,1678)* [filtered=2066]
cnt=1 s0=fng (4663,1678)* [filtered=2066]
cnt=1 s0=fng (4663,1678)* [filtered=2066]
cnt=1 s0=fng (4663,1678)* [filtered=2066]
cnt=1 s0=fng (4663,1678)* [filtered=2066]
cnt=1 s0=fng (4663,1678)* [filtered=2066]
cnt=1 s0=fng (4663,1678)* [filtered=2066]
cnt=1 s0=fng (4663,1678)* [filtered=2066]
cnt=1 s0=fng (4663,1678)* [filtered=2066]
cnt=1 s0=fng (4663,1678)* [filtered=2066]
cnt=1 s0=fng (4663,1678)* [filtered=2066]
cnt=1 s0=fng (4663,1678)* [filtered=2066]
cnt=1 s0=fng (4663,1678)* [filtered=2066]
cnt=1 s0=fng (4663,1678)* [filtered=2066]
cnt=1 s0=fng (4663,1678)* [filtered=2066]
cnt=1 s0=fng (4663,1678)* [filtered=2066]
cnt=1 s0=fng (4663,1678)* [filtered=2066]
cnt=1 s0=fng (4663,1678)* [filtered=2066]
cnt=1 s0=fng (4663,1678)* [filtered=2066]
cnt=1 s0=fng (4663,1678)* [filtered=2066]
cnt=1 s0=fng (4663,1678)* [filtered=2066]
cnt=1 s0=fng (4663,1678)* [filtered=2066]
cnt=1 s0=fng (4663,1678)* [filtered=2066]
cnt=1 s0=fng (4663,1678)* [filtered=2066]
cnt=1 s0=fng (4663,1678)* [filtered=2066]
cnt=1 s0=fng (4663,1678)* [filtered=2066]
cnt=1 s0=fng (4663,1678)* [filtered=2066]
cnt=1 s0=fng (4663,1678)* [filtered=2066]
cnt=1 s0=fng (4663,1678)* [filtered=2066]
cnt=1 s0=fng (4663,1678)* [filtered=2066]
cnt=1 s0=fng (4663,1678)* [filtered=2066]
cnt=1 s0=fng (4663,1678)* [filtered=2066]
cnt=1 s0=fng (4663,1678)* [filtered=2066]
cnt=1 s0=fng (4663,1677)* [filtered=2066]
cnt=1 s0=fng (4663,1677)* [filtered=2066]
cnt=1 s0=fng (4663,1677)* [filtered=2066]
cnt=1 s0=fng (4663,1677)* [filtered=2066]
cnt=1 s0=fng (4663,1677)* [filtered=2066]
cnt=1 s0=fng (4663,1677)* [filtered=2066]
cnt=1 s0=fng (4663,1677)* [filtered=2066]
cnt=1 s0=fng (4663,1677)* [filtered=2066]
cnt=1 s0=fng (4663,1677)* [filtered=2066]
cnt=1 s0=fng (4663,1677)* [filtered=2066]
cnt=1 s0=fng (4663,1677)* [filtered=2066]
cnt=1 s0=fng (4663,1677)* [filtered=2066]
cnt=1 s0=fng (4663,1677)* [filtered=2066]
cnt=1 s0=fng (4663,1677)* [filtered=2066]
cnt=1 s0=fng (4663,1677)* [filtered=2066]
cnt=1 s0=fng (4663,1677)* [filtered=2066]
cnt=1 s0=fng (4663,1677)* [filtered=2066]
cnt=1 s0=fng (4663,1677)* [filtered=2066]
cnt=1 s0=fng (4663,1677)* [filtered=2066]
cnt=1 s0=fng (4663,1677)* [filtered=2066]
cnt=1 s0=fng (4663,1677)* [filtered=2066]
cnt=1 s0=fng (4663,1677)* [filtered=2066]
cnt=1 s0=fng (4663,1677)* [filtered=2066]
cnt=1 s0=fng (4663,1677)* [filtered=2066]
cnt=1 s0=fng (4663,1677)* [filtered=2066]
cnt=1 s0=fng (4663,1677)* [filtered=2066]
cnt=1 s0=fng (4663,1677)* [filtered=2066]
cnt=1 s0=fng (4663,1677)* [filtered=2066]
cnt=1 s0=fng (4663,1677)* [filtered=2066]
cnt=1 s0=fng (4663,1677)* [filtered=2066]
cnt=1 s0=fng (4663,1677)* [filtered=2066]
cnt=1 s0=fng (4663,1677)* [filtered=2066]
cnt=1 s0=fng (4663,1677)* [filtered=2066]
cnt=1 s0=fng (4663,1677)* [filtered=2066]
cnt=1 s0=fng (4663,1677)* [filtered=2066]
cnt=1 s0=fng (4663,1676)* [filtered=2066]
cnt=1 s0=fng (4663,1676)* [filtered=2066]
cnt=1 s0=fng (4663,1676)* [filtered=2066]
cnt=1 s0=fng (4663,1675)* [filtered=2066]
cnt=1 s0=fng (4663,1675)* [filtered=2066]
cnt=1 s0=fng (4663,1674)* [filtered=2066]
cnt=1 s0=fng (4663,1674)* [filtered=2066]
cnt=1 s0=fng (4663,1674)* [filtered=2066]
cnt=1 s0=fng (4663,1673)* [filtered=2066]
cnt=1 s0=fng (4663,1672)* [filtered=2066]
cnt=1 s0=fng (4663,1671)* [filtered=2066]
cnt=1 s0=fng (4663,1670)* [filtered=2066]
cnt=1 s0=fng (4663,1669)* [filtered=2066]
cnt=1 s0=fng (4663,1668)* [filtered=2066]
cnt=1 s0=fng (4663,1667)* [filtered=2066]
cnt=1 s0=fng (4663,1665)* [filtered=2066]
cnt=1 s0=fng (4663,1664)* [filtered=2066]
cnt=1 s0=fng (4663,1663)* [filtered=2066]
cnt=1 s0=fng (4662,1662)* [filtered=2066]
cnt=1 s0=fng (4661,1660)* [filtered=2066]
cnt=1 s0=fng (4661,1659)* [filtered=2066]
cnt=1 s0=fng (4660,1658)* [filtered=2066]
cnt=1 s0=fng (4659,1656)* [filtered=2066]
cnt=1 s0=fng (4658,1654)* [filtered=2066]
cnt=1 s0=fng (4657,1651) [filtered=2066]
cnt=1 s0=fng (4656,1650) [filtered=2066]
cnt=1 s0=fng (4654,1648) [filtered=2066]
cnt=1 s0=fng (4652,1646) [filtered=2066]
cnt=1 s0=fng (4650,1643) [filtered=2066]
cnt=1 s0=fng (4648,1640) [filtered=2066]
cnt=1 s0=fng (4647,1639) [filtered=2066]
cnt=1 s0=fng (4645,1637) [filtered=2066]
cnt=1 s0=fng (4643,1634) [filtered=2066]
cnt=1 s0=fng (4640,1631) [filtered=2066]
cnt=1 s0=fng (4637,1628) [filtered=2066]
cnt=1 s0=fng (4635,1626) [filtered=2066]
cnt=1 s0=fng (4632,1623) [filtered=2066]
cnt=1 s0=fng (4629,1620) [filtered=2066]
cnt=1 s0=fng (4626,1616) [filtered=2066]
cnt=1 s0=fng (4624,1614) [filtered=2066]
cnt=1 s0=fng (4622,1610) [filtered=2066]
cnt=1 s0=fng (4618,1606) [filtered=2066]
cnt=1 s0=fng (4613,1601) [filtered=2066]
cnt=1 s0=fng (4608,1596) [filtered=2066]
cnt=1 s0=fng (4604,1592) [filtered=2066]
cnt=1 s0=fng (4600,1587) [filtered=2066]
cnt=1 s0=fng (4597,1582) [filtered=2066]
cnt=1 s0=fng (4595,1577) [filtered=2066]
cnt=1 s0=fng (4593,1573) [filtered=2066]
cnt=1 s0=fng (4591,1569) [filtered=2066]
cnt=1 s0=fng (4588,1564) [filtered=2066]
cnt=1 s0=fng (4585,1559) [filtered=2066]
cnt=1 s0=fng (4582,1554) [filtered=2066]
cnt=1 s0=fng (4580,1550) [filtered=2066]
cnt=1 s0=fng (4578,1545) [filtered=2066]
cnt=1 s0=fng (4575,1540) [filtered=2066]
cnt=1 s0=fng (4572,1535) [filtered=2066]
cnt=1 s0=fng (4570,1531) [filtered=2066]
cnt=1 s0=fng (4568,1526) [filtered=2066]
cnt=1 s0=fng (4565,1522) [filtered=2066]
cnt=1 s0=fng (4562,1518) [filtered=2066]
cnt=1 s0=fng (4560,1514) [filtered=2066]
cnt=1 s0=fng (4559,1511) [filtered=2066]
cnt=1 s0=fng (4558,1509) [filtered=2066]
cnt=1 s0=fng (4556,1508) [filtered=2066]
cnt=1 s0=fng (4555,1507) [filtered=2066]
cnt=1 s0=fng (4553,1505) [filtered=2066]
cnt=1 s0=fng (4552,1504) [filtered=2066]
cnt=1 s0=fng (4551,1503) [filtered=2066]
cnt=1 s0=fng (4550,1502) [filtered=2066]
cnt=1 s0=fng (4550,1502) [filtered=2066]
cnt=1 s0=fng (4550,1502) [filtered=2066]
cnt=1 s0=fng (4550,1502) [filtered=2066]
cnt=1 s0=fng (4550,1502) [filtered=2066]
cnt=1 s0=fng (4550,1503) [filtered=2066]
cnt=1 s0=fng (4550,1504) [filtered=2066]
cnt=1 s0=fng (4550,1505) [filtered=2066]
cnt=1 s0=fng (4551,1506) [filtered=2066]
cnt=1 s0=fng (4552,1508) [filtered=2066]
cnt=1 s0=fng (4554,1511) [filtered=2066]
cnt=1 s0=fng (4556,1515) [filtered=2066]
cnt=1 s0=fng (4557,1517) [filtered=2066]
cnt=1 s0=fng (4559,1521) [filtered=2066]
cnt=1 s0=fng (4562,1526) [filtered=2066]
cnt=1 s0=fng (4566,1531) [filtered=2066]
cnt=1 s0=fng (4570,1537) [filtered=2066]
cnt=1 s0=fng (4573,1542) [filtered=2066]
cnt=1 s0=fng (4577,1548) [filtered=2066]
cnt=1 s0=fng (4581,1554) [filtered=2066]
cnt=1 s0=fng (4585,1560) [filtered=2066]
cnt=1 s0=fng (4589,1567) [filtered=2066]
cnt=1 s0=fng (4592,1573) [filtered=2066]
cnt=1 s0=fng (4594,1579) [filtered=2066]
cnt=1 s0=fng (4596,1585) [filtered=2066]
cnt=1 s0=fng (4599,1591) [filtered=2066]
cnt=1 s0=fng (4603,1596) [filtered=2066]
cnt=1 s0=fng (4606,1600) [filtered=2066]
cnt=1 s0=fng (4609,1605) [filtered=2066]
cnt=1 s0=fng (4612,1610) [filtered=2066]
cnt=1 s0=fng (4615,1614) [filtered=2066]
cnt=1 s0=fng (4617,1617) [filtered=2066]
cnt=1 s0=fng (4618,1619) [filtered=2066]
cnt=1 s0=fng (4620,1621) [filtered=2066]
cnt=1 s0=fng (4621,1622) [filtered=2066]
cnt=1 s0=fng (4622,1624) [filtered=2066]
cnt=1 s0=fng (4622,1625) [filtered=2066]
cnt=1 s0=fng (4622,1626) [filtered=2066]
cnt=1 s0=fng (4622,1627) [filtered=2066]
cnt=1 s0=fng (4622,1628) [filtered=2066]
cnt=1 s0=fng (4622,1629) [filtered=2066]
cnt=1 s0=fng (4622,1630) [filtered=2066]
cnt=1 s0=fng (4622,1631) [filtered=2066]
cnt=1 s0=fng (4622,1632) [filtered=2066]
cnt=1 s0=fng (4622,1633) [filtered=2066]
cnt=1 s0=fng (4622,1634) [filtered=2066]
cnt=1 s0=fng (4622,1635) [filtered=2066]
cnt=1 s0=fng (4623,1636) [filtered=2066]
cnt=1 s0=fng (4624,1637) [filtered=2066]
cnt=1 s0=fng (4625,1639) [filtered=2066]
cnt=1 s0=fng (4625,1640) [filtered=2066]
cnt=1 s0=fng (4626,1641) [filtered=2066]
cnt=1 s0=fng (4627,1643) [filtered=2066]
cnt=1 s0=fng (4629,1645) [filtered=2066]
cnt=1 s0=fng (4631,1647) [filtered=2066]
cnt=1 s0=fng (4632,1648) [filtered=2066]
cnt=1 s0=fng (4634,1649) [filtered=2066]
cnt=1 s0=fng (4636,1651) [filtered=2066]
cnt=1 s0=fng (4638,1652) [filtered=2066]
cnt=1 s0=fng (4640,1654) [filtered=2066]
cnt=1 s0=fng (4641,1655) [filtered=2066]
cnt=1 s0=fng (4643,1656) [filtered=2066]
cnt=1 s0=fng (4646,1658) [filtered=2066]
cnt=1 s0=fng (4649,1659) [filtered=2066]
cnt=1 s0=fng (4652,1661) [filtered=2066]
cnt=1 s0=fng (4654,1662) [filtered=2066]
cnt=1 s0=fng (4657,1663) [filtered=2066]
cnt=1 s0=fng (4660,1665) [filtered=2066]
cnt=1 s0=fng (4663,1667) [filtered=2066]
cnt=1 s0=fng (4665,1668) [filtered=2066]
cnt=1 s0=fng (4666,1670) [filtered=2066]
cnt=1 s0=fng (4668,1672) [filtered=2066]
cnt=1 s0=fng (4670,1674) [filtered=2066]
cnt=1 s0=fng (4672,1677) [filtered=2066]
cnt=1 s0=fng (4673,1678) [filtered=2066]
cnt=1 s0=fng (4675,1680) [filtered=2066]
cnt=1 s0=fng (4678,1683) [filtered=2066]
cnt=1 s0=fng (4681,1686) [filtered=2066]
cnt=1 s0=fng (4684,1689) [filtered=2066]
cnt=1 s0=fng (4686,1691) [filtered=2066]
cnt=1 s0=fng (4689,1694) [filtered=2066]
cnt=1 s0=fng (4692,1697) [filtered=2066]
cnt=1 s0=fng (4695,1700) [filtered=2066]
cnt=1 s0=fng (4697,1702) [filtered=2066]
cnt=1 s0=fng (4700,1705) [filtered=2066]
cnt=1 s0=fng (4703,1708) [filtered=2066]
cnt=1 s0=fng (4705,1711) [filtered=2066]
cnt=1 s0=fng (4707,1714) [filtered=2066]
cnt=1 s0=fng (4708,1716) [filtered=2066]
cnt=1 s0=fng (4710,1717) [filtered=2066]
cnt=1 s0=fng (4711,1719) [filtered=2066]
cnt=1 s0=fng (4712,1721) [filtered=2066]
cnt=1 s0=fng (4713,1723) [filtered=2066]
cnt=1 s0=fng (4714,1724) [filtered=2066]
cnt=1 s0=fng (4714,1725) [filtered=2066]
cnt=1 s0=fng (4714,1726) [filtered=2066]
cnt=1 s0=fng (4714,1727) [filtered=2066]
cnt=1 s0=fng (4714,1727) [filtered=2066]
cnt=1 s0=fng (4714,1727) [filtered=2066]
cnt=1 s0=fng (4714,1727) [filtered=2066]
cnt=1 s0=fng (4714,1727) [filtered=2066]
cnt=1 s0=fng (4714,1727) [filtered=2066]
cnt=1 s0=fng (4714,1727) [filtered=2066]
cnt=1 s0=fng (4714,1727) [filtered=2066]
cnt=1 s0=fng (4714,1727) [filtered=2066]
cnt=1 s0=fng (4714,1727) [filtered=2066]
cnt=1 s0=fng (4714,1727) [filtered=2066]
cnt=1 s0=fng (4714,1727)* [filtered=2066]
cnt=1 s0=fng (4714,1727)* [filtered=2066]
cnt=1 s0=fng (4714,1727)* [filtered=2066]
cnt=1 s0=fng (4715,1727)* [filtered=2066]
cnt=1 s0=fng (4716,1727)* [filtered=2066]
cnt=1 s0=fng (4716,1727)* [filtered=2066]
cnt=1 s0=fng (4717,1727)* [filtered=2066]
cnt=1 s0=fng (4718,1727)* [filtered=2066]
cnt=1 s0=fng (4719,1727)* [filtered=2066]
cnt=1 s0=fng (4720,1727)* [filtered=2066]
cnt=1 s0=fng (4721,1727)* [filtered=2066]
cnt=1 s0=fng (4722,1727)* [filtered=2066]
cnt=1 s0=fng (4723,1727)* [filtered=2066]
cnt=1 s0=fng (4724,1727)* [filtered=2066]
cnt=1 s0=fng (4724,1727)* [filtered=2066]
cnt=1 s0=fng (4725,1727)* [filtered=2066]
cnt=1 s0=fng (4726,1727)* [filtered=2066]
cnt=1 s0=fng (4727,1727)* [filtered=2066]
cnt=1 s0=fng (4728,1727)* [filtered=2066]
cnt=1 s0=fng (4728,1727)* [filtered=2066]
cnt=1 s0=fng (4728,1728)* [filtered=2066]
cnt=1 s0=fng (4728,1728)* [filtered=2066]
cnt=1 s0=fng (4728,1729)* [filtered=2066]
cnt=1 s0=fng (4728,1729)* [filtered=2066]
cnt=1 s0=fng (4728,1729)* [filtered=2066]
cnt=1 s0=fng (4728,1730)* [filtered=2066]
cnt=1 s0=fng (4728,1731)* [filtered=2066]
cnt=1 s0=fng (4728,1732)* [filtered=2066]
cnt=1 s0=fng (4728,1732)* [filtered=2066]
cnt=1 s0=fng (4728,1732)* [filtered=2066]
cnt=1 s0=fng (4728,1732)* [filtered=2066]
cnt=1 s0=fng (4728,1733)* [filtered=2066]
cnt=1 s0=fng (4728,1733)* [filtered=2066]
cnt=1 s0=fng (4728,1733)* [filtered=2066]
cnt=1 s0=fng (4728,1733)* [filtered=2066]
cnt=1 s0=fng (4728,1733)* [filtered=2066]
cnt=1 s0=fng (4728,1733)* [filtered=2066]
cnt=1 s0=fng (4727,1733)* [filtered=2066]
cnt=1 s0=fng (4727,1733)* [filtered=2066]
cnt=1 s0=fng (4727,1733)* [filtered=2066]
cnt=1 s0=fng (4726,1733)* [filtered=2066]
cnt=1 s0=fng (4725,1733)* [filtered=2066]
cnt=1 s0=fng (4725,1733)* [filtered=2066]
cnt=1 s0=fng (4725,1733)* [filtered=2066]
cnt=1 s0=fng (4725,1733)* [filtered=2066]
cnt=1 s0=fng (4725,1733)* [filtered=2066]
cnt=1 s0=fng (4725,1733)* [filtered=2066]
cnt=1 s0=fng (4725,1733)* [filtered=2066]
cnt=1 s0=fng (4725,1733)* [filtered=2066]
cnt=1 s0=fng (4725,1732)* [filtered=2066]
cnt=1 s0=fng (4725,1732)* [filtered=2066]
cnt=1 s0=fng (4725,1732)* [filtered=2066]
cnt=1 s0=fng (4725,1732)* [filtered=2066]
cnt=1 s0=fng (4725,1731)* [filtered=2066]
cnt=1 s0=fng (4725,1731)* [filtered=2066]
cnt=1 s0=fng (4724,1731)* [filtered=2066]
cnt=1 s0=fng (4724,1731)* [filtered=2066]
cnt=1 s0=fng (4724,1731)* [filtered=2066]
cnt=1 s0=fng (4724,1730)* [filtered=2066]
cnt=1 s0=fng (4724,1729)* [filtered=2066]
cnt=1 s0=fng (4724,1729)* [filtered=2066]
cnt=1 s0=fng (4724,1728)* [filtered=2066]
cnt=1 s0=fng (4724,1728)* [filtered=2066]
cnt=1 s0=fng (4724,1728)* [filtered=2066]
cnt=1 s0=fng (4724,1728)* [filtered=2066]
cnt=1 s0=fng (4724,1728)* [filtered=2066]
cnt=1 s0=fng (4724,1728)* [filtered=2066]
cnt=1 s0=fng (4724,1728)* [filtered=2066]
cnt=1 s0=fng (4724,1727)* [filtered=2066]
cnt=1 s0=fng (4723,1727)* [filtered=2066]
cnt=1 s0=fng (4723,1727)* [filtered=2066]
cnt=1 s0=fng (4723,1727)* [filtered=2066]
cnt=1 s0=fng (4722,1726)* [filtered=2066]
cnt=1 s0=fng (4722,1725)* [filtered=2066]
cnt=1 s0=fng (4721,1725)* [filtered=2066]
cnt=1 s0=fng (4721,1725)* [filtered=2066]
cnt=1 s0=fng (4721,1725)* [filtered=2066]
cnt=1 s0=fng (4721,1725)* [filtered=2066]
cnt=1 s0=fng (4720,1725)* [filtered=2066]
cnt=1 s0=fng (4720,1725)* [filtered=2066]
cnt=1 s0=fng (4720,1725)* [filtered=2066]
cnt=1 s0=fng (4720,1725)* [filtered=2066]
cnt=1 s0=fng (4720,1725)* [filtered=2066]
cnt=1 s0=fng (4720,1725)* [filtered=2066]
cnt=1 s0=fng (4720,1725)* [filtered=2066]
cnt=1 s0=fng (4720,1725)* [filtered=2066]
cnt=1 s0=fng (4720,1725)* [filtered=2066]
cnt=1 s0=fng (4720,1725)* [filtered=2066]
cnt=1 s0=fng (4720,1725)* [filtered=2066]
cnt=1 s0=fng (4720,1725)* [filtered=2066]
cnt=1 s0=fng (4720,1725)* [filtered=2066]
cnt=1 s0=fng (4720,1725)* [filtered=2066]
cnt=1 s0=fng (4720,1725)* [filtered=2066]
cnt=1 s0=fng (4720,1725)* [filtered=2066]
cnt=1 s0=fng (4720,1725)* [filtered=2066]
cnt=1 s0=fng (4720,1725)* [filtered=2066]
cnt=1 s0=fng (4719,1725)* [filtered=2066]
cnt=1 s0=fng (4719,1725)* [filtered=2066]
cnt=1 s0=fng (4719,1725)* [filtered=2066]
cnt=1 s0=fng (4719,1725)* [filtered=2066]
cnt=1 s0=fng (4719,1725)* [filtered=2066]
cnt=1 s0=fng (4718,1725)* [filtered=2066]
cnt=1 s0=fng (4718,1725)* [filtered=2066]
cnt=1 s0=fng (4718,1725)* [filtered=2066]
cnt=1 s0=fng (4718,1725)* [filtered=2066]
cnt=1 s0=fng (4718,1724)* [filtered=2066]
cnt=1 s0=fng (4718,1724)* [filtered=2066]
cnt=1 s0=fng (4718,1724)* [filtered=2066]
cnt=1 s0=fng (4718,1724)* [filtered=2066]
cnt=1 s0=fng (4718,1724)* [filtered=2066]
cnt=1 s0=fng (4718,1724)* [filtered=2066]
cnt=1 s0=fng (4718,1724)* [filtered=2066]
cnt=1 s0=fng (4718,1724)* [filtered=2066]
cnt=1 s0=fng (4718,1724)* [filtered=2066]
cnt=1 s0=fng (4718,1724)* [filtered=2066]
cnt=1 s0=fng (4718,1724)* [filtered=2066]
cnt=1 s0=fng (4718,1724)* [filtered=2066]
cnt=1 s0=fng (4718,1724)* [filtered=2066]
cnt=1 s0=fng (4718,1724)* [filtered=2066]
cnt=1 s0=fng (4718,1724)* [filtered=2066]
cnt=1 s0=fng (4718,1723)* [filtered=2066]
cnt=1 s0=fng (4718,1723)* [filtered=2066]
cnt=1 s0=fng (4718,1723)* [filtered=2066]
cnt=1 s0=fng (4718,1723)* [filtered=2066]
cnt=1 s0=fng (4718,1723)* [filtered=2066]
cnt=1 s0=fng (4718,1722)* [filtered=2066]
cnt=1 s0=fng (4718,1721)* [filtered=2066]
cnt=1 s0=fng (4718,1721)* [filtered=2066]
cnt=1 s0=fng (4718,1721)* [filtered=2066]
cnt=1 s0=fng (4718,1720)* [filtered=2066]
cnt=1 s0=fng (4718,1719)* [filtered=2066]
cnt=1 s0=fng (4718,1718)* [filtered=2066]
cnt=1 s0=fng (4718,1717)* [filtered=2066]
cnt=1 s0=fng (4718,1716)* [filtered=2066]
cnt=1 s0=fng (4718,1715)* [filtered=2066]
cnt=1 s0=fng (4718,1714)* [filtered=2066]
cnt=1 s0=fng (4718,1713)* [filtered=2066]
cnt=1 s0=fng (4718,1711)* [filtered=2066]
cnt=1 s0=fng (4718,1710)* [filtered=2066]
cnt=1 s0=fng (4718,1709)* [filtered=2066]
cnt=1 s0=fng (4718,1708)* [filtered=2066]
cnt=1 s0=fng (4718,1707)* [filtered=2066]
cnt=1 s0=fng (4718,1706)* [filtered=2066]
cnt=1 s0=fng (4718,1705)* [filtered=2066]
cnt=1 s0=fng (4718,1704)* [filtered=2066]
cnt=1 s0=fng (4718,1703)* [filtered=2066]
cnt=1 s0=fng (4718,1703)* [filtered=2066]
cnt=1 s0=fng (4718,1703)* [filtered=2066]
cnt=1 s0=fng (4719,1703)* [filtered=2066]
cnt=1 s0=fng (4720,1703)* [filtered=2066]
cnt=1 s0=fng (4720,1703)* [filtered=2066]
cnt=1 s0=fng (4720,1704)* [filtered=2066]
cnt=1 s0=fng (4720,1704)* [filtered=2066]
cnt=1 s0=fng (4720,1704)* [filtered=2066]
cnt=1 s0=fng (4720,1704)* [filtered=2066]
cnt=1 s0=fng (4720,1705)* [filtered=2066]
cnt=1 s0=fng (4720,1705)* [filtered=2066]
cnt=1 s0=fng (4720,1705)* [filtered=2066]
cnt=1 s0=fng (4720,1706)* [filtered=2066]
cnt=1 s0=fng (4720,1706)* [filtered=2066]
cnt=1 s0=fng (4720,1707)* [filtered=2066]
cnt=1 s0=fng (4720,1707)* [filtered=2066]
cnt=1 s0=fng (4720,1708)* [filtered=2066]
cnt=1 s0=fng (4720,1708)* [filtered=2066]
cnt=1 s0=fng (4720,1709)* [filtered=2066]
cnt=1 s0=fng (4720,1709)* [filtered=2066]
cnt=1 s0=fng (4720,1709)* [filtered=2066]
cnt=1 s0=fng (4720,1710)* [filtered=2066]
cnt=1 s0=fng (4720,1710)* [filtered=2066]
cnt=1 s0=fng (4720,1711)* [filtered=2066]
cnt=1 s0=fng (4720,1712)* [filtered=2066]
cnt=1 s0=fng (4720,1712)* [filtered=2066]
cnt=1 s0=fng (4720,1712)* [filtered=2066]
cnt=1 s0=fng (4720,1713)* [filtered=2066]
cnt=1 s0=fng (4720,1713)* [filtered=2066]
cnt=1 s0=fng (4720,1713)* [filtered=2066]
cnt=1 s0=fng (4720,1714)* [filtered=2066]
cnt=1 s0=fng (4720,1714)* [filtered=2066]
cnt=1 s0=fng (4720,1715)* [filtered=2066]
cnt=1 s0=fng (4720,1716)* [filtered=2066]
cnt=1 s0=fng (4720,1716)* [filtered=2066]
cnt=1 s0=fng (4720,1717)* [filtered=2066]
cnt=1 s0=fng (4720,1718)* [filtered=2066]
cnt=1 s0=fng (4720,1718)* [filtered=2066]
cnt=1 s0=fng (4720,1719)* [filtered=2066]
cnt=1 s0=fng (4720,1719)* [filtered=2066]
cnt=1 s0=fng (4720,1720)* [filtered=2066]
cnt=1 s0=fng (4720,1720)* [filtered=2066]
cnt=1 s0=fng (4720,1721)* [filtered=2066]
cnt=1 s0=fng (4720,1721)* [filtered=2066]
cnt=1 s0=fng (4720,1721)* [filtered=2066]
cnt=1 s0=fng (4720,1722)* [filtered=2066]
cnt=1 s0=fng (4720,1722)* [filtered=2066]
cnt=1 s0=fng (4720,1723)* [filtered=2066]
cnt=1 s0=fng (4720,1723)* [filtered=2066]
cnt=1 s0=fng (4720,1723)* [filtered=2066]
cnt=1 s0=fng (4720,1723)* [filtered=2066]
cnt=1 s0=fng (4720,1724)* [filtered=2066]
cnt=1 s0=fng (4720,1724)* [filtered=2066]
cnt=1 s0=fng (4720,1724)* [filtered=2066]
cnt=1 s0=fng (4720,1724)* [filtered=2066]
cnt=1 s0=fng (4720,1724)* [filtered=2066]
cnt=1 s0=fng (4720,1724)* [filtered=2066]
cnt=1 s0=fng (4720,1725)* [filtered=2066]
cnt=1 s0=fng (4720,1725)* [filtered=2066]
cnt=1 s0=fng (4720,1725)* [filtered=2066]
cnt=1 s0=fng (4720,1726)* [filtered=2066]
cnt=1 s0=fng (4720,1727)* [filtered=2066]
cnt=1 s0=fng (4720,1727)* [filtered=2066]
cnt=1 s0=fng (4720,1727)* [filtered=2066]
cnt=1 s0=fng (4720,1728)* [filtered=2066]
cnt=1 s0=fng (4720,1728)* [filtered=2066]
cnt=1 s0=fng (4721,1729)* [filtered=2066]
cnt=1 s0=fng (4721,1730)* [filtered=2066]
cnt=1 s0=fng (4721,1730)* [filtered=2066]
cnt=1 s0=fng (4721,1731)* [filtered=2066]
cnt=1 s0=fng (4722,1732)* [filtered=2066]
cnt=1 s0=fng (4723,1733)* [filtered=2066]
cnt=1 s0=fng (4723,1733)* [filtered=2066]
cnt=1 s0=fng (4724,1733)* [filtered=2066]
cnt=1 s0=fng (4725,1734)* [filtered=2066]
cnt=1 s0=fng (4726,1735)* [filtered=2066]
cnt=1 s0=fng (4727,1736)* [filtered=2066]
cnt=1 s0=fng (4728,1736)* [filtered=2066]
cnt=1 s0=fng (4729,1737)* [filtered=2066]
cnt=1 s0=fng (4730,1738)* [filtered=2066]
cnt=1 s0=fng (4731,1739)* [filtered=2066]
cnt=1 s0=fng (4732,1739)* [filtered=2066]
cnt=1 s0=fng (4732,1739)* [filtered=2066]
cnt=1 s0=fng (4732,1739)* [filtered=2066]
cnt=1 s0=fng (4762,1697) [filtered=2066]
cnt=1 s0=fng (4762,1697) [filtered=2066]
cnt=1 s0=fng (4762,1697) [filtered=2066]
cnt=1 s0=fng (4762,1697) [filtered=2066]
cnt=1 s0=fng (4762,1696) [filtered=2066]
cnt=1 s0=fng (4762,1695) [filtered=2066]
cnt=1 s0=fng (4762,1695) [filtered=2066]
cnt=1 s0=fng (4762,1695) [filtered=2066]
cnt=1 s0=fng (4762,1694) [filtered=2066]
cnt=1 s0=fng (4762,1694) [filtered=2066]
cnt=1 s0=fng (4762,1693) [filtered=2066]
cnt=1 s0=fng (4762,1693) [filtered=2066]
cnt=1 s0=fng (4762,1693) [filtered=2066]
cnt=1 s0=fng (4762,1692) [filtered=2066]
cnt=1 s0=fng (4762,1691) [filtered=2066]
cnt=1 s0=fng (4762,1690) [filtered=2066]
cnt=1 s0=fng (4762,1690) [filtered=2066]
cnt=1 s0=fng (4762,1689) [filtered=2066]
cnt=1 s0=fng (4762,1688) [filtered=2066]
cnt=1 s0=fng (4762,1687) [filtered=2066]
cnt=1 s0=fng (4762,1686)* [filtered=2066]
cnt=1 s0=fng (4762,1685)* [filtered=2066]
cnt=1 s0=fng (4762,1684)* [filtered=2066]
cnt=1 s0=fng (4762,1683)* [filtered=2066]
cnt=1 s0=fng (4762,1681)* [filtered=2066]
cnt=1 s0=fng (4762,1680)* [filtered=2066]
cnt=1 s0=fng (4762,1679)* [filtered=2066]
cnt=1 s0=fng (4762,1677)* [filtered=2066]
cnt=1 s0=fng (4762,1676)* [filtered=2066]
cnt=1 s0=fng (4762,1675)* [filtered=2066]
cnt=1 s0=fng (4762,1674)* [filtered=2066]
cnt=1 s0=fng (4762,1673)* [filtered=2066]
cnt=1 s0=fng (4762,1672)* [filtered=2066]
cnt=1 s0=fng (4762,1672)* [filtered=2066]
cnt=1 s0=fng (4762,1672)* [filtered=2066]
cnt=1 s0=fng (4762,1672)* [filtered=2066]
cnt=1 s0=fng (4762,1672)* [filtered=2066]
cnt=1 s0=fng (4762,1672)* [filtered=2066]
cnt=1 s0=fng (4762,1672)* [filtered=2066]
cnt=1 s0=fng (4762,1673)* [filtered=2066]
cnt=1 s0=fng (4762,1673)* [filtered=2066]
cnt=1 s0=fng (4762,1674)* [filtered=2066]
cnt=1 s0=fng (4762,1674)* [filtered=2066]
cnt=1 s0=fng (4762,1675)* [filtered=2066]
cnt=1 s0=fng (4762,1675)* [filtered=2066]
cnt=1 s0=fng (4762,1675)* [filtered=2066]
cnt=1 s0=fng (4762,1676)* [filtered=2066]
cnt=1 s0=fng (4762,1676)* [filtered=2066]
cnt=1 s0=fng (4762,1677)* [filtered=2066]
cnt=1 s0=fng (4762,1677)* [filtered=2066]
cnt=1 s0=fng (4762,1678)* [filtered=2066]
cnt=1 s0=fng (4762,1678)* [filtered=2066]
cnt=1 s0=fng (4762,1678)* [filtered=2066]
cnt=1 s0=fng (4762,1678)* [filtered=2066]
cnt=1 s0=fng (4762,1678)* [filtered=2066]
cnt=1 s0=fng (4762,1678)* [filtered=2066]
cnt=1 s0=fng (4762,1678)* [filtered=2066]
cnt=1 s0=fng (4762,1660) [filtered=2066]
cnt=1 s0=fng (4762,1660) [filtered=2066]
cnt=1 s0=fng (4757,1657) [filtered=2066]
cnt=1 s0=fng (4757,1656) [filtered=2066]
cnt=1 s0=fng (4757,1655) [filtered=2066]
cnt=1 s0=fng (4757,1654) [filtered=2066]
cnt=1 s0=fng (4757,1653) [filtered=2066]
cnt=1 s0=fng (4757,1651) [filtered=2066]
cnt=1 s0=fng (4757,1649) [filtered=2066]
cnt=1 s0=fng (4757,1648) [filtered=2066]
cnt=1 s0=fng (4756,1644) [filtered=2066]
cnt=1 s0=fng (4755,1639) [filtered=2066]
cnt=1 s0=fng (4753,1633) [filtered=2066]
cnt=1 s0=fng (4751,1626) [filtered=2066]
cnt=1 s0=fng (4750,1620) [filtered=2066]
cnt=1 s0=fng (4749,1614) [filtered=2066]
cnt=1 s0=fng (4748,1608) [filtered=2066]
cnt=1 s0=fng (4747,1601) [filtered=2066]
cnt=1 s0=fng (4747,1595) [filtered=2066]
cnt=1 s0=fng (4746,1590) [filtered=2066]
cnt=1 s0=fng (4746,1585) [filtered=2066]
cnt=1 s0=fng (4746,1580) [filtered=2066]
cnt=1 s0=fng (4746,1576) [filtered=2066]
cnt=1 s0=fng (4746,1573) [filtered=2066]
cnt=1 s0=fng (4746,1571) [filtered=2066]
cnt=1 s0=fng (4746,1570) [filtered=2066]
cnt=1 s0=fng (4746,1570) [filtered=2066]
cnt=1 s0=fng (4746,1570) [filtered=2066]
cnt=1 s0=fng (4746,1570) [filtered=2066]
cnt=1 s0=fng (4746,1571) [filtered=2066]
cnt=1 s0=fng (4746,1572) [filtered=2066]
cnt=1 s0=fng (4746,1573) [filtered=2066]
cnt=1 s0=fng (4746,1575) [filtered=2066]
cnt=1 s0=fng (4746,1576) [filtered=2066]
cnt=1 s0=fng (4747,1578) [filtered=2066]
cnt=1 s0=fng (4748,1580) [filtered=2066]
cnt=1 s0=fng (4749,1583) [filtered=2066]
cnt=1 s0=fng (2238,1456) [filtered=2066]
cnt=1 s0=fng (2238,1456) [filtered=2066]
cnt=1 s0=fng (2238,1456) [filtered=2066]
cnt=1 s0=fng (2238,1456) [filtered=2066]
cnt=1 s0=fng (2239,1456) [filtered=2066]
cnt=1 s0=fng (2240,1456) [filtered=2066]
cnt=1 s0=fng (2240,1456) [filtered=2066]
cnt=1 s0=fng (2241,1456) [filtered=2066]
cnt=1 s0=fng (2241,1456) [filtered=2066]
cnt=1 s0=fng (2241,1456) [filtered=2066]
cnt=1 s0=fng (2242,1456) [filtered=2066]
cnt=1 s0=fng (2242,1456) [filtered=2066]
cnt=1 s0=fng (2242,1456) [filtered=2066]
cnt=1 s0=fng (2243,1456) [filtered=2066]
cnt=1 s0=fng (2244,1456) [filtered=2066]
cnt=1 s0=fng (2244,1456) [filtered=2066]
cnt=1 s0=fng (2244,1455) [filtered=2066]
cnt=1 s0=fng (2244,1455) [filtered=2066]
cnt=1 s0=fng (2244,1454) [filtered=2066]
cnt=1 s0=fng (2244,1454) [filtered=2066]
cnt=1 s0=fng (2244,1453)* [filtered=2066]
cnt=1 s0=fng (2244,1453)* [filtered=2066]
cnt=1 s0=fng (2244,1453)* [filtered=2066]
cnt=1 s0=fng (2244,1452)* [filtered=2066]
cnt=1 s0=fng (2244,1451)* [filtered=2066]
cnt=1 s0=fng (2244,1450)* [filtered=2066]
cnt=1 s0=fng (2244,1448)* [filtered=2066]
cnt=1 s0=fng (2244,1447)* [filtered=2066]
cnt=1 s0=fng (2244,1445)* [filtered=2066]
cnt=1 s0=fng (2244,1443)* [filtered=2066]
cnt=1 s0=fng (2244,1440)* [filtered=2066]
cnt=1 s0=fng (2244,1437)* [filtered=2066]
cnt=1 s0=fng (2244,1436)* [filtered=2066]
cnt=1 s0=fng (2243,1434)* [filtered=2066]
cnt=1 s0=fng (2242,1431) [filtered=2066]
cnt=1 s0=fng (2242,1427) [filtered=2066]
cnt=1 s0=fng (2242,1425) [filtered=2066]
cnt=1 s0=fng (2241,1422) [filtered=2066]
cnt=1 s0=fng (2241,1419) [filtered=2066]
cnt=1 s0=fng (2240,1415) [filtered=2066]
cnt=1 s0=fng (2240,1411) [filtered=2066]
cnt=1 s0=fng (2240,1408) [filtered=2066]
cnt=1 s0=fng (2240,1404) [filtered=2066]
cnt=1 s0=fng (2240,1400) [filtered=2066]
cnt=1 s0=fng (2240,1396) [filtered=2066]
cnt=1 s0=fng (2240,1393) [filtered=2066]
cnt=1 s0=fng (2240,1390) [filtered=2066]
cnt=1 s0=fng (2240,1386) [filtered=2066]
cnt=1 s0=fng (2241,1382) [filtered=2066]
cnt=1 s0=fng (2241,1378) [filtered=2066]
cnt=1 s0=fng (2241,1375) [filtered=2066]
cnt=1 s0=fng (2242,1372) [filtered=2066]
cnt=1 s0=fng (2243,1367) [filtered=2066]
cnt=1 s0=fng (2244,1362) [filtered=2066]
cnt=1 s0=fng (2246,1357) [filtered=2066]
cnt=1 s0=fng (2247,1353) [filtered=2066]
cnt=1 s0=fng (2250,1349) [filtered=2066]
cnt=1 s0=fng (2254,1344) [filtered=2066]
cnt=1 s0=fng (2259,1339) [filtered=2066]
cnt=1 s0=fng (2267,1333) [filtered=2066]
cnt=1 s0=fng (2274,1328) [filtered=2066]
cnt=1 s0=fng (2282,1323) [filtered=2066]
cnt=1 s0=fng (2291,1319) [filtered=2066]
cnt=1 s0=fng (2300,1318) [filtered=2066]
cnt=1 s0=fng (2309,1317) [filtered=2066]
cnt=1 s0=fng (2319,1317) [filtered=2066]
cnt=1 s0=fng (2330,1318) [filtered=2066]
cnt=1 s0=fng (2342,1320) [filtered=2066]
cnt=1 s0=fng (2355,1325) [filtered=2066]
cnt=1 s0=fng (2368,1328) [filtered=2066]
cnt=1 s0=fng (2381,1333) [filtered=2066]
cnt=1 s0=fng (2394,1340) [filtered=2066]
cnt=1 s0=fng (2406,1349) [filtered=2066]
cnt=1 s0=fng (2417,1359) [filtered=2066]
cnt=1 s0=fng (2428,1368) [filtered=2066]
cnt=1 s0=fng (2438,1377) [filtered=2066]
cnt=1 s0=fng (2447,1387) [filtered=2066]
cnt=1 s0=fng (2456,1397) [filtered=2066]
cnt=1 s0=fng (2463,1408) [filtered=2066]
cnt=1 s0=fng (2469,1418) [filtered=2066]
cnt=1 s0=fng (2474,1429) [filtered=2066]
cnt=1 s0=fng (2479,1440) [filtered=2066]
cnt=1 s0=fng (2483,1451) [filtered=2066]
cnt=1 s0=fng (2486,1461) [filtered=2066]
cnt=1 s0=fng (2488,1471) [filtered=2066]
cnt=1 s0=fng (2489,1480) [filtered=2066]
cnt=1 s0=fng (2489,1489) [filtered=2066]
cnt=1 s0=fng (2489,1498) [filtered=2066]
cnt=1 s0=fng (2489,1506) [filtered=2066]
cnt=1 s0=fng (2489,1514) [filtered=2066]
cnt=1 s0=fng (2489,1521) [filtered=2066]
cnt=1 s0=fng (2486,1527) [filtered=2066]
cnt=1 s0=fng (2482,1532) [filtered=2066]
cnt=1 s0=fng (2480,1536) [filtered=2066]
cnt=1 s0=fng (2478,1540) [filtered=2066]
cnt=1 s0=fng (2475,1543) [filtered=2066]
cnt=1 s0=fng (2471,1545) [filtered=2066]
cnt=1 s0=fng (2468,1547) [filtered=2066]
cnt=1 s0=fng (2463,1549) [filtered=2066]
cnt=1 s0=fng (2456,1551) [filtered=2066]
cnt=1 s0=fng (2447,1552) [filtered=2066]
cnt=1 s0=fng (2435,1554) [filtered=2066]
cnt=1 s0=fng (2424,1555) [filtered=2066]
cnt=1 s0=fng (2411,1556) [filtered=2066]
cnt=1 s0=fng (2398,1557) [filtered=2066]
cnt=1 s0=fng (2385,1558) [filtered=2066]
cnt=1 s0=fng (2372,1557) [filtered=2066]
cnt=1 s0=fng (2359,1557) [filtered=2066]
cnt=1 s0=fng (2346,1556) [filtered=2066]
cnt=1 s0=fng (2333,1554) [filtered=2066]
cnt=1 s0=fng (2320,1551) [filtered=2066]
cnt=1 s0=fng (2307,1550) [filtered=2066]
cnt=1 s0=fng (2294,1547) [filtered=2066]
cnt=1 s0=fng (2282,1543) [filtered=2066]
cnt=1 s0=fng (2271,1539) [filtered=2066]
cnt=1 s0=fng (2262,1534) [filtered=2066]
cnt=1 s0=fng (2254,1530) [filtered=2066]
cnt=1 s0=fng (2246,1525) [filtered=2066]
cnt=1 s0=fng (2238,1520) [filtered=2066]
cnt=1 s0=fng (2231,1515) [filtered=2066]
cnt=1 s0=fng (2225,1511) [filtered=2066]
cnt=1 s0=fng (2220,1508) [filtered=2066]
cnt=1 s0=fng (2216,1505) [filtered=2066]
cnt=1 s0=fng (2214,1502) [filtered=2066]
cnt=1 s0=fng (2214,1498) [filtered=2066]
cnt=1 s0=fng (2214,1495) [filtered=2066]
cnt=1 s0=fng (2214,1493) [filtered=2066]
cnt=1 s0=fng (2217,1491) [filtered=2066]
cnt=1 s0=fng (2221,1489) [filtered=2066]
cnt=1 s0=fng (2226,1487) [filtered=2066]
cnt=1 s0=fng (2229,1486) [filtered=2066]
cnt=1 s0=fng (2234,1485) [filtered=2066]
cnt=1 s0=fng (2239,1484) [filtered=2066]
cnt=1 s0=fng (2246,1484) [filtered=2066]
cnt=1 s0=fng (2255,1485) [filtered=2066]
cnt=1 s0=fng (2263,1486) [filtered=2066]
cnt=1 s0=fng (2272,1488) [filtered=2066]
cnt=1 s0=fng (2283,1492) [filtered=2066]
cnt=1 s0=fng (2296,1497) [filtered=2066]
cnt=1 s0=fng (2309,1502) [filtered=2066]
cnt=1 s0=fng (2323,1510) [filtered=2066]
cnt=1 s0=fng (2337,1519) [filtered=2066]
cnt=1 s0=fng (2350,1530) [filtered=2066]
cnt=1 s0=fng (2362,1542) [filtered=2066]
cnt=1 s0=fng (2374,1553) [filtered=2066]
cnt=1 s0=fng (2384,1565) [filtered=2066]
cnt=1 s0=fng (2393,1578) [filtered=2066]
cnt=1 s0=fng (2400,1591) [filtered=2066]
cnt=1 s0=fng (2405,1604) [filtered=2066]
cnt=1 s0=fng (2409,1617) [filtered=2066]
cnt=1 s0=fng (2412,1630) [filtered=2066]
cnt=1 s0=fng (2413,1644) [filtered=2066]
cnt=1 s0=fng (2413,1657) [filtered=2066]
cnt=1 s0=fng (2409,1671) [filtered=2066]
cnt=1 s0=fng (2406,1684) [filtered=2066]
cnt=1 s0=fng (2402,1697) [filtered=2066]
cnt=1 s0=fng (2396,1710) [filtered=2066]
cnt=1 s0=fng (2387,1725) [filtered=2066]
cnt=1 s0=fng (2379,1740) [filtered=2066]
cnt=1 s0=fng (2368,1757) [filtered=2066]
cnt=1 s0=fng (2354,1774) [filtered=2066]
cnt=1 s0=fng (2337,1792) [filtered=2066]
cnt=1 s0=fng (2317,1810) [filtered=2066]
cnt=1 s0=fng (2297,1828) [filtered=2066]
cnt=1 s0=fng (2275,1845) [filtered=2066]
cnt=1 s0=fng (2251,1861) [filtered=2066]
cnt=1 s0=fng (2226,1874) [filtered=2066]
cnt=1 s0=fng (2201,1886) [filtered=2066]
cnt=1 s0=fng (2176,1897) [filtered=2066]
cnt=1 s0=fng (2151,1905) [filtered=2066]
cnt=1 s0=fng (2126,1911) [filtered=2066]
cnt=1 s0=fng (2101,1915) [filtered=2066]
cnt=1 s0=fng (2078,1917) [filtered=2066]
cnt=1 s0=fng (2055,1919) [filtered=2066]
cnt=1 s0=fng (2034,1919) [filtered=2066]
cnt=1 s0=fng (2016,1916) [filtered=2066]
cnt=1 s0=fng (2000,1913) [filtered=2066]
cnt=1 s0=fng (1985,1911) [filtered=2066]
cnt=1 s0=fng (1973,1908) [filtered=2066]
cnt=1 s0=fng (1963,1903) [filtered=2066]
cnt=1 s0=fng (1953,1898) [filtered=2066]
cnt=1 s0=fng (1944,1891) [filtered=2066]
cnt=1 s0=fng (1936,1885) [filtered=2066]
cnt=1 s0=fng (1930,1878) [filtered=2066]
cnt=1 s0=fng (1925,1870) [filtered=2066]
cnt=1 s0=fng (1921,1861) [filtered=2066]
cnt=1 s0=fng (1918,1852) [filtered=2066]
cnt=1 s0=fng (1915,1843) [filtered=2066]
cnt=1 s0=fng (1913,1833) [filtered=2066]
cnt=1 s0=fng (1913,1822) [filtered=2066]
cnt=1 s0=fng (1913,1810) [filtered=2066]
cnt=1 s0=fng (1913,1798) [filtered=2066]
cnt=1 s0=fng (1917,1785) [filtered=2066]
cnt=1 s0=fng (1923,1770) [filtered=2066]
cnt=1 s0=fng (1929,1753) [filtered=2066]
cnt=1 s0=fng (1936,1736) [filtered=2066]
cnt=1 s0=fng (1942,1719) [filtered=2066]
cnt=1 s0=fng (1949,1702) [filtered=2066]
cnt=1 s0=fng (1958,1685) [filtered=2066]
cnt=1 s0=fng (1967,1668) [filtered=2066]
cnt=1 s0=fng (1976,1652) [filtered=2066]
cnt=1 s0=fng (1986,1637) [filtered=2066]
cnt=1 s0=fng (1997,1623) [filtered=2066]
cnt=1 s0=fng (2008,1610) [filtered=2066]
cnt=1 s0=fng (2020,1597) [filtered=2066]
cnt=1 s0=fng (2032,1585) [filtered=2066]
cnt=1 s0=fng (2044,1574) [filtered=2066]
cnt=1 s0=fng (2056,1564) [filtered=2066]
cnt=1 s0=fng (2068,1554) [filtered=2066]
cnt=1 s0=fng (2080,1545) [filtered=2066]
cnt=1 s0=fng (2091,1537) [filtered=2066]
cnt=1 s0=fng (2103,1530) [filtered=2066]
cnt=1 s0=fng (2115,1524) [filtered=2066]
cnt=1 s0=fng (2128,1519) [filtered=2066]
cnt=1 s0=fng (2141,1515) [filtered=2066]
cnt=1 s0=fng (2153,1511) [filtered=2066]
cnt=1 s0=fng (2166,1508) [filtered=2066]
cnt=1 s0=fng (2179,1507) [filtered=2066]
cnt=1 s0=fng (2192,1507) [filtered=2066]
cnt=1 s0=fng (2205,1510) [filtered=2066]
cnt=1 s0=fng (2217,1511) [filtered=2066]
cnt=1 s0=fng (2230,1514) [filtered=2066]
cnt=1 s0=fng (2242,1518) [filtered=2066]
cnt=1 s0=fng (2255,1524) [filtered=2066]
cnt=1 s0=fng (2267,1530) [filtered=2066]
cnt=1 s0=fng (2279,1539) [filtered=2066]
cnt=1 s0=fng (2293,1551) [filtered=2066]
cnt=1 s0=fng (2307,1566) [filtered=2066]
cnt=1 s0=fng (2320,1583) [filtered=2066]
cnt=1 s0=fng (2332,1600) [filtered=2066]
cnt=1 s0=fng (2345,1620) [filtered=2066]
cnt=1 s0=fng (2358,1641) [filtered=2066]
cnt=1 s0=fng (2370,1663) [filtered=2066]
cnt=1 s0=fng (2380,1687) [filtered=2066]
cnt=1 s0=fng (2389,1710) [filtered=2066]
cnt=1 s0=fng (2397,1733) [filtered=2066]
cnt=1 s0=fng (2404,1756) [filtered=2066]
cnt=1 s0=fng (2411,1779) [filtered=2066]
cnt=1 s0=fng (2416,1801) [filtered=2066]
cnt=1 s0=fng (2420,1823) [filtered=2066]
cnt=1 s0=fng (2424,1844) [filtered=2066]
cnt=1 s0=fng (2426,1865) [filtered=2066]
cnt=1 s0=fng (2426,1886) [filtered=2066]
cnt=1 s0=fng (2426,1906) [filtered=2066]
cnt=1 s0=fng (2426,1926) [filtered=2066]
cnt=1 s0=fng (2423,1944) [filtered=2066]
cnt=1 s0=fng (2421,1961) [filtered=2066]
cnt=1 s0=fng (2418,1976) [filtered=2066]
cnt=1 s0=fng (2415,1989) [filtered=2066]
cnt=1 s0=fng (2414,2002) [filtered=2066]
cnt=1 s0=fng (2412,2014) [filtered=2066]
cnt=1 s0=fng (2529,1505) [filtered=2066]
cnt=1 s0=fng (2529,1505) [filtered=2066]
cnt=1 s0=fng (2529,1505) [filtered=2066]
cnt=1 s0=fng (2529,1505) [filtered=2066]
cnt=1 s0=fng (2529,1505) [filtered=2066]
cnt=1 s0=fng (2529,1505) [filtered=2066]
cnt=1 s0=fng (2530,1505) [filtered=2066]
cnt=1 s0=fng (2530,1505) [filtered=2066]
cnt=1 s0=fng (2530,1506) [filtered=2066]
cnt=1 s0=fng (2530,1506) [filtered=2066]
cnt=1 s0=fng (2530,1506) [filtered=2066]
cnt=1 s0=fng (2531,1507) [filtered=2066]
cnt=1 s0=fng (2532,1507) [filtered=2066]
cnt=1 s0=fng (2532,1508) [filtered=2066]
cnt=1 s0=fng (2532,1508) [filtered=2066]
cnt=1 s0=fng (2533,1509) [filtered=2066]
cnt=1 s0=fng (2533,1510) [filtered=2066]
cnt=1 s0=fng (2534,1511) [filtered=2066]
cnt=1 s0=fng (2534,1512) [filtered=2066]
cnt=1 s0=fng (2534,1512) [filtered=2066]
cnt=1 s0=fng (2535,1513)* [filtered=2066]
cnt=1 s0=fng (2536,1515)* [filtered=2066]
cnt=1 s0=fng (2536,1517)* [filtered=2066]
cnt=1 s0=fng (2536,1518)* [filtered=2066]
cnt=1 s0=fng (2537,1521) [filtered=2066]
cnt=1 s0=fng (2538,1526) [filtered=2066]
cnt=1 s0=fng (2540,1532) [filtered=2066]
cnt=1 s0=fng (2541,1540) [filtered=2066]
cnt=1 s0=fng (2542,1548) [filtered=2066]
cnt=1 s0=fng (2543,1557) [filtered=2066]
cnt=1 s0=fng (2543,1568) [filtered=2066]
cnt=1 s0=fng (2544,1580) [filtered=2066]
cnt=1 s0=fng (2544,1593) [filtered=2066]
cnt=1 s0=fng (2544,1606) [filtered=2066]
cnt=1 s0=fng (2543,1619) [filtered=2066]
cnt=1 s0=fng (2543,1632) [filtered=2066]
cnt=1 s0=fng (2542,1645) [filtered=2066]
cnt=1 s0=fng (2541,1658) [filtered=2066]
cnt=1 s0=fng (2541,1671) [filtered=2066]
cnt=1 s0=fng (2540,1684) [filtered=2066]
cnt=1 s0=fng (2539,1697) [filtered=2066]
cnt=1 s0=fng (2537,1710) [filtered=2066]
cnt=1 s0=fng (2536,1722) [filtered=2066]
cnt=1 s0=fng (2534,1734) [filtered=2066]
cnt=1 s0=fng (2532,1746) [filtered=2066]
cnt=1 s0=fng (2529,1757) [filtered=2066]
cnt=1 s0=fng (2526,1768) [filtered=2066]
cnt=1 s0=fng (2525,1778) [filtered=2066]
cnt=1 s0=fng (2522,1787) [filtered=2066]
cnt=1 s0=fng (2518,1795) [filtered=2066]
cnt=1 s0=fng (2514,1804) [filtered=2066]
cnt=1 s0=fng (2510,1812) [filtered=2066]
cnt=1 s0=fng (2507,1819) [filtered=2066]
cnt=1 s0=fng (2502,1825) [filtered=2066]
cnt=1 s0=fng (2497,1830) [filtered=2066]
cnt=1 s0=fng (2492,1834) [filtered=2066]
cnt=1 s0=fng (2488,1838) [filtered=2066]
cnt=1 s0=fng (2483,1842) [filtered=2066]
cnt=1 s0=fng (2478,1844) [filtered=2066]
cnt=1 s0=fng (2473,1845) [filtered=2066]
cnt=1 s0=fng (2467,1845) [filtered=2066]
cnt=1 s0=fng (2462,1845) [filtered=2066]
cnt=1 s0=fng (2457,1844) [filtered=2066]
cnt=1 s0=fng (2452,1843) [filtered=2066]
cnt=1 s0=fng (2447,1841) [filtered=2066]
cnt=1 s0=fng (2442,1838) [filtered=2066]
cnt=1 s0=fng (2438,1836) [filtered=2066]
cnt=1 s0=fng (2435,1832) [filtered=2066]
cnt=1 s0=fng (2432,1826) [filtered=2066]
cnt=1 s0=fng (2428,1818) [filtered=2066]
cnt=1 s0=fng (2425,1810) [filtered=2066]
cnt=1 s0=fng (2423,1801) [filtered=2066]
cnt=1 s0=fng (2421,1789) [filtered=2066]
cnt=1 s0=fng (2419,1776) [filtered=2066]
cnt=1 s0=fng (2418,1762) [filtered=2066]
cnt=1 s0=fng (2417,1748) [filtered=2066]
cnt=1 s0=fng (2417,1734) [filtered=2066]
cnt=1 s0=fng (2417,1720) [filtered=2066]
cnt=1 s0=fng (2418,1706) [filtered=2066]
cnt=1 s0=fng (2419,1693) [filtered=2066]
cnt=1 s0=fng (2419,1680) [filtered=2066]
cnt=1 s0=fng (2420,1667) [filtered=2066]
cnt=1 s0=fng (2421,1655) [filtered=2066]
cnt=1 s0=fng (2423,1644) [filtered=2066]
cnt=1 s0=fng (2424,1634) [filtered=2066]
cnt=1 s0=fng (2425,1624) [filtered=2066]
cnt=1 s0=fng (2427,1615) [filtered=2066]
cnt=1 s0=fng (2429,1606) [filtered=2066]
cnt=1 s0=fng (2432,1598) [filtered=2066]
cnt=1 s0=fng (2434,1591) [filtered=2066]
cnt=1 s0=fng (2437,1585) [filtered=2066]
cnt=1 s0=fng (2440,1579) [filtered=2066]
cnt=1 s0=fng (2444,1574) [filtered=2066]
cnt=1 s0=fng (2449,1571) [filtered=2066]
cnt=1 s0=fng (2452,1568) [filtered=2066]
cnt=1 s0=fng (2456,1567) [filtered=2066]
cnt=1 s0=fng (2460,1567) [filtered=2066]
cnt=1 s0=fng (2464,1567) [filtered=2066]
cnt=1 s0=fng (2467,1567) [filtered=2066]
cnt=1 s0=fng (2470,1570) [filtered=2066]
cnt=1 s0=fng (2473,1574) [filtered=2066]
cnt=1 s0=fng (2476,1578) [filtered=2066]
cnt=1 s0=fng (2479,1584) [filtered=2066]
cnt=1 s0=fng (2481,1588) [filtered=2066]
cnt=1 s0=fng (2483,1594) [filtered=2066]
cnt=1 s0=fng (2484,1602) [filtered=2066]
cnt=1 s0=fng (2486,1612) [filtered=2066]
cnt=1 s0=fng (2488,1624) [filtered=2066]
cnt=1 s0=fng (2489,1635) [filtered=2066]
cnt=1 s0=fng (2489,1647) [filtered=2066]
cnt=1 s0=fng (2489,1660) [filtered=2066]
cnt=1 s0=fng (2488,1673) [filtered=2066]
cnt=1 s0=fng (2488,1686) [filtered=2066]
cnt=1 s0=fng (2487,1700) [filtered=2066]
cnt=1 s0=fng (2485,1715) [filtered=2066]
cnt=1 s0=fng (2483,1730) [filtered=2066]
cnt=1 s0=fng (2480,1744) [filtered=2066]
cnt=1 s0=fng (2478,1758) [filtered=2066]
cnt=1 s0=fng (2475,1772) [filtered=2066]
cnt=1 s0=fng (2471,1785) [filtered=2066]
cnt=1 s0=fng (2466,1798) [filtered=2066]
cnt=1 s0=fng (2462,1810) [filtered=2066]
cnt=1 s0=fng (2458,1821) [filtered=2066]
cnt=1 s0=fng (2453,1831) [filtered=2066]
cnt=1 s0=fng (2448,1840) [filtered=2066]
cnt=1 s0=fng (2442,1848) [filtered=2066]
cnt=1 s0=fng (2437,1855) [filtered=2066]
cnt=1 s0=fng (2431,1861) [filtered=2066]
cnt=1 s0=fng (2425,1866) [filtered=2066]
cnt=1 s0=fng (2418,1870) [filtered=2066]
cnt=1 s0=fng (2410,1875) [filtered=2066]
cnt=1 s0=fng (2403,1879) [filtered=2066]
cnt=1 s0=fng (2396,1881) [filtered=2066]
cnt=1 s0=fng (2389,1882) [filtered=2066]
cnt=1 s0=fng (2382,1882) [filtered=2066]
cnt=1 s0=fng (2376,1882) [filtered=2066]
cnt=1 s0=fng (2371,1882) [filtered=2066]
cnt=1 s0=fng (2366,1882) [filtered=2066]
cnt=1 s0=fng (2361,1879) [filtered=2066]
cnt=1 s0=fng (2357,1876) [filtered=2066]
cnt=1 s0=fng (2354,1875) [filtered=2066]
cnt=1 s0=fng (2352,1872) [filtered=2066]
cnt=1 s0=fng (2349,1868) [filtered=2066]
cnt=1 s0=fng (2346,1863) [filtered=2066]
cnt=1 s0=fng (2343,1857) [filtered=2066]
cnt=1 s0=fng (2341,1852) [filtered=2066]
cnt=1 s0=fng (2340,1846) [filtered=2066]
cnt=1 s0=fng (2339,1838) [filtered=2066]
cnt=1 s0=fng (2339,1829) [filtered=2066]
cnt=1 s0=fng (2339,1817) [filtered=2066]
cnt=1 s0=fng (2339,1806) [filtered=2066]
cnt=1 s0=fng (2340,1793) [filtered=2066]
cnt=1 s0=fng (2342,1779) [filtered=2066]
cnt=1 s0=fng (2345,1765) [filtered=2066]
cnt=1 s0=fng (2348,1750) [filtered=2066]
cnt=1 s0=fng (2350,1736) [filtered=2066]
cnt=1 s0=fng (2354,1723) [filtered=2066]
cnt=1 s0=fng (2359,1710) [filtered=2066]
cnt=1 s0=fng (2364,1698) [filtered=2066]
cnt=1 s0=fng (2368,1686) [filtered=2066]
cnt=1 s0=fng (2373,1675) [filtered=2066]
cnt=1 s0=fng (2378,1665) [filtered=2066]
cnt=1 s0=fng (2384,1656) [filtered=2066]
cnt=1 s0=fng (2390,1648) [filtered=2066]
cnt=1 s0=fng (2396,1641) [filtered=2066]
cnt=1 s0=fng (2402,1636) [filtered=2066]
cnt=1 s0=fng (2409,1632) [filtered=2066]
cnt=1 s0=fng (2416,1629) [filtered=2066]
cnt=1 s0=fng (2422,1626) [filtered=2066]
cnt=1 s0=fng (2429,1624) [filtered=2066]
cnt=1 s0=fng (2436,1624) [filtered=2066]
cnt=1 s0=fng (2442,1624) [filtered=2066]
cnt=1 s0=fng (2447,1627) [filtered=2066]
cnt=1 s0=fng (2451,1628) [filtered=2066]
cnt=1 s0=fng (2456,1630) [filtered=2066]
cnt=1 s0=fng (2461,1633) [filtered=2066]
cnt=1 s0=fng (2466,1637) [filtered=2066]
cnt=1 s0=fng (2471,1643) [filtered=2066]
cnt=1 s0=fng (2475,1648) [filtered=2066]
cnt=1 s0=fng (2479,1655) [filtered=2066]
cnt=1 s0=fng (2482,1664) [filtered=2066]
cnt=1 s0=fng (2485,1674) [filtered=2066]
cnt=1 s0=fng (2487,1684) [filtered=2066]
cnt=1 s0=fng (2488,1696) [filtered=2066]
cnt=1 s0=fng (2488,1709) [filtered=2066]
cnt=1 s0=fng (2488,1722) [filtered=2066]
cnt=1 s0=fng (2486,1737) [filtered=2066]
cnt=1 s0=fng (2485,1752) [filtered=2066]
cnt=1 s0=fng (2484,1769) [filtered=2066]
cnt=1 s0=fng (2480,1786) [filtered=2066]
cnt=1 s0=fng (2475,1805) [filtered=2066]
cnt=1 s0=fng (2470,1824) [filtered=2066]
cnt=1 s0=fng (2465,1843) [filtered=2066]
cnt=1 s0=fng (2459,1861) [filtered=2066]
cnt=1 s0=fng (2452,1878) [filtered=2066]
cnt=1 s0=fng (2445,1895) [filtered=2066]
cnt=1 s0=fng (2436,1911) [filtered=2066]
cnt=1 s0=fng (2428,1926) [filtered=2066]
cnt=1 s0=fng (2419,1940) [filtered=2066]
cnt=1 s0=fng (2410,1953) [filtered=2066]
cnt=1 s0=fng (2401,1964) [filtered=2066]
cnt=1 s0=fng (2392,1973) [filtered=2066]
cnt=1 s0=fng (2383,1981) [filtered=2066]
cnt=1 s0=fng (2374,1988) [filtered=2066]
cnt=1 s0=fng (2365,1994) [filtered=2066]
cnt=1 s0=fng (2355,1998) [filtered=2066]
cnt=1 s0=fng (2346,2002) [filtered=2066]
cnt=1 s0=fng (2337,2005) [filtered=2066]
cnt=1 s0=fng (2328,2006) [filtered=2066]
cnt=1 s0=fng (2319,2006) [filtered=2066]
cnt=1 s0=fng (2311,2003) [filtered=2066]
cnt=1 s0=fng (2304,2000) [filtered=2066]
cnt=1 s0=fng (2298,1997) [filtered=2066]
cnt=1 s0=fng (2292,1994) [filtered=2066]
cnt=1 s0=fng (2286,1989) [filtered=2066]
cnt=1 s0=fng (2280,1983) [filtered=2066]
cnt=1 s0=fng (2275,1979) [filtered=2066]
cnt=1 s0=fng (2270,1973) [filtered=2066]
cnt=1 s0=fng (2266,1965) [filtered=2066]
cnt=1 s0=fng (2261,1956) [filtered=2066]
cnt=1 s0=fng (2257,1947) [filtered=2066]
cnt=1 s0=fng (2254,1936) [filtered=2066]
cnt=1 s0=fng (2252,1924) [filtered=2066]
cnt=1 s0=fng (2252,1911) [filtered=2066]
cnt=1 s0=fng (2252,1899) [filtered=2066]
cnt=1 s0=fng (2252,1887) [filtered=2066]
cnt=1 s0=fng (2252,1874) [filtered=2066]
cnt=1 s0=fng (2255,1861) [filtered=2066]
cnt=1 s0=fng (2259,1848) [filtered=2066]
cnt=1 s0=fng (2263,1835) [filtered=2066]
cnt=1 s0=fng (2266,1822) [filtered=2066]
cnt=1 s0=fng (2270,1810) [filtered=2066]
cnt=1 s0=fng (2275,1799) [filtered=2066]
cnt=1 s0=fng (2281,1789) [filtered=2066]
cnt=1 s0=fng (2286,1780) [filtered=2066]
cnt=1 s0=fng (2292,1772) [filtered=2066]
cnt=1 s0=fng (2299,1765) [filtered=2066]
cnt=1 s0=fng (2307,1760) [filtered=2066]
cnt=1 s0=fng (2316,1756) [filtered=2066]
cnt=1 s0=fng (2324,1752) [filtered=2066]
cnt=1 s0=fng (2333,1750) [filtered=2066]
cnt=1 s0=fng (2342,1750) [filtered=2066]
cnt=1 s0=fng (2350,1750) [filtered=2066]
cnt=1 s0=fng (2357,1753) [filtered=2066]
cnt=1 s0=fng (2363,1756) [filtered=2066]
cnt=1 s0=fng (2369,1759) [filtered=2066]
cnt=1 s0=fng (2375,1764) [filtered=2066]
cnt=1 s0=fng (2381,1771) [filtered=2066]
cnt=1 s0=fng (2387,1781) [filtered=2066]
cnt=1 s0=fng (2392,1790) [filtered=2066]
cnt=1 s0=fng (2398,1801) [filtered=2066]
cnt=1 s0=fng (2403,1814) [filtered=2066]
cnt=1 s0=fng (2406,1827) [filtered=2066]
cnt=1 s0=fng (2409,1840) [filtered=2066]
cnt=1 s0=fng (2411,1855) [filtered=2066]
cnt=1 s0=fng (2411,1872) [filtered=2066]
cnt=1 s0=fng (2411,1889) [filtered=2066]
cnt=1 s0=fng (2408,1907) [filtered=2066]
cnt=1 s0=fng (2406,1925) [filtered=2066]
cnt=1 s0=fng (2403,1943) [filtered=2066]
cnt=1 s0=fng (2399,1961) [filtered=2066]
cnt=1 s0=fng (2395,1978) [filtered=2066]
cnt=1 s0=fng (2392,1994) [filtered=2066]
cnt=1 s0=fng (2387,2010) [filtered=2066]
cnt=1 s0=fng (2382,2024) [filtered=2066]
cnt=1 s0=fng (2377,2037) [filtered=2066]
cnt=1 s0=fng (2372,2048) [filtered=2066]
cnt=1 s0=fng (2367,2058) [filtered=2066]
cnt=1 s0=fng (2362,2066) [filtered=2066]
cnt=1 s0=fng (2357,2073) [filtered=2066]
cnt=1 s0=fng (2351,2077) [filtered=2066]
cnt=1 s0=fng (2344,2080) [filtered=2066]
cnt=1 s0=fng (2338,2083) [filtered=2066]
cnt=1 s0=fng (2332,2084) [filtered=2066]
cnt=1 s0=fng (2326,2084) [filtered=2066]
cnt=1 s0=fng (2321,2081) [filtered=2066]
cnt=1 s0=fng (2316,2078) [filtered=2066]
cnt=1 s0=fng (2312,2075) [filtered=2066]
cnt=1 s0=fng (2309,2072) [filtered=2066]
cnt=1 s0=fng (2305,2069) [filtered=2066]
cnt=1 s0=fng (2301,2066) [filtered=2066]
cnt=1 s0=fng (2297,2064) [filtered=2066]
cnt=1 s0=fng (2294,2063) [filtered=2066]
cnt=1 s0=fng (4739,1237) [filtered=2066]
cnt=1 s0=fng (4739,1237) [filtered=2066]
cnt=1 s0=fng (4739,1237) [filtered=2066]
cnt=1 s0=fng (4739,1236) [filtered=2066]
cnt=1 s0=fng (4739,1235) [filtered=2066]
cnt=1 s0=fng (4739,1234) [filtered=2066]
cnt=1 s0=fng (4739,1234) [filtered=2066]
cnt=1 s0=fng (4739,1233) [filtered=2066]
cnt=1 s0=fng (4739,1233) [filtered=2066]
cnt=1 s0=fng (4739,1232) [filtered=2066]
cnt=1 s0=fng (4739,1231) [filtered=2066]
cnt=1 s0=fng (4739,1230) [filtered=2066]
cnt=1 s0=fng (4739,1230) [filtered=2066]
cnt=1 s0=fng (4739,1229) [filtered=2066]
cnt=1 s0=fng (4739,1228) [filtered=2066]
cnt=1 s0=fng (4739,1228) [filtered=2066]
cnt=1 s0=fng (4739,1227) [filtered=2066]
cnt=1 s0=fng (4739,1227) [filtered=2066]
cnt=1 s0=fng (4739,1226) [filtered=2066]
cnt=1 s0=fng (4739,1226) [filtered=2066]
cnt=1 s0=fng (4739,1226)* [filtered=2066]
cnt=1 s0=fng (4739,1225)* [filtered=2066]
cnt=1 s0=fng (4739,1224)* [filtered=2066]
cnt=1 s0=fng (4739,1224)* [filtered=2066]
cnt=1 s0=fng (4739,1224)* [filtered=2066]
cnt=1 s0=fng (4739,1224)* [filtered=2066]
cnt=1 s0=fng (4739,1224)* [filtered=2066]
cnt=1 s0=fng (4739,1224)* [filtered=2066]
cnt=1 s0=fng (4739,1224)* [filtered=2066]
cnt=1 s0=fng (4739,1224)* [filtered=2066]
cnt=1 s0=fng (4739,1224)* [filtered=2066]
cnt=1 s0=fng (4739,1224)* [filtered=2066]
cnt=1 s0=fng (4739,1224)* [filtered=2066]
cnt=1 s0=fng (4760,1366) [filtered=2066]
cnt=1 s0=fng (4760,1366) [filtered=2066]
cnt=1 s0=fng (4760,1366) [filtered=2066]
cnt=1 s0=fng (4760,1365) [filtered=2066]
cnt=1 s0=fng (4760,1365) [filtered=2066]
cnt=1 s0=fng (4760,1365) [filtered=2066]
cnt=1 s0=fng (4760,1364) [filtered=2066]
cnt=1 s0=fng (4760,1363) [filtered=2066]
cnt=1 s0=fng (4760,1363) [filtered=2066]
cnt=1 s0=fng (4760,1363) [filtered=2066]
cnt=1 s0=fng (4759,1362) [filtered=2066]
cnt=1 s0=fng (4758,1362) [filtered=2066]
cnt=1 s0=fng (4757,1361) [filtered=2066]
cnt=1 s0=fng (4757,1361) [filtered=2066]
cnt=1 s0=fng (4756,1361) [filtered=2066]
cnt=1 s0=fng (4755,1360) [filtered=2066]
cnt=1 s0=fng (4754,1359) [filtered=2066]
cnt=1 s0=fng (4753,1359) [filtered=2066]
cnt=1 s0=fng (4752,1359) [filtered=2066]
cnt=1 s0=fng (4751,1358) [filtered=2066]
cnt=1 s0=fng (4750,1358)* [filtered=2066]
cnt=1 s0=fng (4749,1357)* [filtered=2066]
cnt=1 s0=fng (4748,1356)* [filtered=2066]
cnt=1 s0=fng (4748,1356)* [filtered=2066]
cnt=1 s0=fng (4748,1356)* [filtered=2066]
cnt=1 s0=fng (4748,1355)* [filtered=2066]
cnt=1 s0=fng (4747,1354)* [filtered=2066]
cnt=1 s0=fng (4747,1354)* [filtered=2066]
cnt=1 s0=fng (4746,1353)* [filtered=2066]
cnt=1 s0=fng (4745,1352)* [filtered=2066]
cnt=1 s0=fng (4744,1352)* [filtered=2066]
cnt=1 s0=fng (4743,1351)* [filtered=2066]
cnt=1 s0=fng (4742,1351)* [filtered=2066]
cnt=1 s0=fng (4742,1351)* [filtered=2066]
cnt=1 s0=fng (4742,1351)* [filtered=2066]
cnt=1 s0=fng (4742,1351)* [filtered=2066]
cnt=1 s0=fng (4742,1351)* [filtered=2066]
cnt=1 s0=fng (4742,1351)* [filtered=2066]
cnt=1 s0=fng (4742,1351)* [filtered=2066]
cnt=1 s0=fng (4742,1352)* [filtered=2066]
cnt=1 s0=fng (4742,1352)* [filtered=2066]
cnt=1 s0=fng (4742,1353)* [filtered=2066]
cnt=1 s0=fng (4742,1354)* [filtered=2066]
cnt=1 s0=fng (4742,1355)* [filtered=2066]
cnt=1 s0=fng (4742,1356)* [filtered=2066]
cnt=1 s0=fng (4742,1357)* [filtered=2066]
cnt=1 s0=fng (4757,1301) [filtered=2066]
cnt=1 s0=fng (4757,1301) [filtered=2066]
cnt=1 s0=fng (4757,1301) [filtered=2066]
cnt=1 s0=fng (4757,1301) [filtered=2066]
cnt=1 s0=fng (4757,1301) [filtered=2066]
cnt=1 s0=fng (4757,1301) [filtered=2066]
