touchpad: x[0..4762] y[0..3099] res=32,32 slots=5
palm: bottom_zone=1200 edge_left=476 edge_right=4285 spread=400
virtual device created: ASUF1209 Palm Filtered Touchpad
grabbed source device (exclusive)
cnt=1 s0=fng (4695,1807) [filtered=0]
cnt=1 s0=fng (4695,1806) [filtered=0]
cnt=1 s0=fng (4695,1806) [filtered=0]
cnt=1 s0=fng (4695,1806) [filtered=0]
cnt=1 s0=fng (4694,1805) [filtered=0]
cnt=1 s0=fng (4693,1804) [filtered=0]
cnt=1 s0=fng (4692,1802) [filtered=0]
cnt=1 s0=fng (4690,1801) [filtered=0]
cnt=1 s0=fng (4689,1800) [filtered=0]
cnt=1 s0=fng (4688,1799) [filtered=0]
cnt=1 s0=fng (4686,1797) [filtered=0]
cnt=1 s0=fng (4684,1796) [filtered=0]
cnt=1 s0=fng (4682,1794) [filtered=0]
cnt=1 s0=fng (4681,1793) [filtered=0]
cnt=1 s0=fng (4679,1792) [filtered=0]
cnt=1 s0=fng (4677,1790) [filtered=0]
cnt=1 s0=fng (4676,1789) [filtered=0]
cnt=1 s0=fng (4675,1788) [filtered=0]
cnt=1 s0=fng (4674,1787) [filtered=0]
cnt=1 s0=fng (4673,1786) [filtered=0]
cnt=1 s0=fng (4672,1785) [filtered=0]
cnt=1 s0=fng (4671,1784) [filtered=0]
cnt=1 s0=fng (4670,1783) [filtered=0]
cnt=1 s0=fng (4669,1782) [filtered=0]
cnt=1 s0=fng (4668,1781) [filtered=0]
cnt=1 s0=fng (4666,1779) [filtered=0]
cnt=1 s0=fng (4664,1777) [filtered=0]
cnt=1 s0=fng (4663,1776) [filtered=0]
cnt=1 s0=fng (4661,1775) [filtered=0]
cnt=1 s0=fng (4659,1773) [filtered=0]
cnt=1 s0=fng (4658,1771) [filtered=0]
cnt=1 s0=fng (4657,1770) [filtered=0]
cnt=1 s0=fng (4655,1769) [filtered=0]
cnt=1 s0=fng (4654,1768) [filtered=0]
cnt=1 s0=fng (4653,1766) [filtered=0]
cnt=1 s0=fng (4652,1764) [filtered=0]
cnt=1 s0=fng (4651,1763) [filtered=0]
cnt=1 s0=fng (4650,1762) [filtered=0]
cnt=1 s0=fng (4648,1761) [filtered=0]
cnt=1 s0=fng (4646,1759) [filtered=0]
cnt=1 s0=fng (4644,1758) [filtered=0]
cnt=1 s0=fng (4643,1757) [filtered=0]
cnt=1 s0=fng (4642,1756) [filtered=0]
cnt=1 s0=fng (4641,1754) [filtered=0]
cnt=1 s0=fng (4640,1752) [filtered=0]
cnt=1 s0=fng (4640,1751) [filtered=0]
cnt=1 s0=fng (4639,1750) [filtered=0]
cnt=1 s0=fng (4638,1749) [filtered=0]
cnt=1 s0=fng (4637,1748) [filtered=0]
cnt=1 s0=fng (4637,1747) [filtered=0]
cnt=1 s0=fng (4637,1746) [filtered=0]
cnt=1 s0=fng (4637,1746) [filtered=0]
cnt=1 s0=fng (4637,1745) [filtered=0]
cnt=1 s0=fng (4637,1745) [filtered=0]
cnt=1 s0=fng (4637,1745) [filtered=0]
cnt=1 s0=fng (4637,1745) [filtered=0]
cnt=1 s0=fng (4637,1745) [filtered=0]
cnt=1 s0=fng (4637,1745) [filtered=0]
cnt=1 s0=fng (4637,1745) [filtered=0]
cnt=1 s0=fng (4637,1745)* [filtered=0]
cnt=1 s0=fng (4637,1745)* [filtered=0]
cnt=1 s0=fng (4637,1745)* [filtered=0]
cnt=1 s0=fng (4637,1745)* [filtered=0]
cnt=1 s0=fng (4637,1745)* [filtered=0]
cnt=1 s0=fng (4637,1745)* [filtered=0]
cnt=1 s0=fng (4637,1745)* [filtered=0]
cnt=1 s0=fng (4637,1745)* [filtered=0]
cnt=1 s0=fng (4636,1745)* [filtered=0]
cnt=1 s0=fng (4635,1744)* [filtered=0]
cnt=1 s0=fng (4635,1744)* [filtered=0]
cnt=1 s0=fng (4634,1744)* [filtered=0]
cnt=1 s0=fng (4633,1743)* [filtered=0]
cnt=1 s0=fng (4632,1743)* [filtered=0]
cnt=1 s0=fng (4631,1742)* [filtered=0]
cnt=1 s0=fng (4630,1742)* [filtered=0]
cnt=1 s0=fng (4628,1741)* [filtered=0]
cnt=1 s0=fng (4626,1740)* [filtered=0]
cnt=1 s0=fng (4624,1739)* [filtered=0]
cnt=1 s0=fng (4623,1739)* [filtered=0]
cnt=1 s0=fng (4622,1738)* [filtered=0]
cnt=1 s0=fng (4620,1737)* [filtered=0]
cnt=1 s0=fng (4618,1736)* [filtered=0]
cnt=1 s0=fng (4616,1735)* [filtered=0]
cnt=1 s0=fng (4615,1735)* [filtered=0]
cnt=1 s0=fng (4613,1735)* [filtered=0]
cnt=1 s0=fng (4611,1734)* [filtered=0]
cnt=1 s0=fng (4609,1733)* [filtered=0]
cnt=1 s0=fng (4608,1733)* [filtered=0]
cnt=1 s0=fng (4606,1733)* [filtered=0]
cnt=1 s0=fng (4604,1732)* [filtered=0]
cnt=1 s0=fng (4602,1732)* [filtered=0]
cnt=1 s0=fng (4601,1731)* [filtered=0]
cnt=1 s0=fng (4600,1731)* [filtered=0]
cnt=1 s0=fng (4599,1731)* [filtered=0]
cnt=1 s0=fng (4599,1730)* [filtered=0]
cnt=1 s0=fng (4598,1729)* [filtered=0]
cnt=1 s0=fng (4597,1729)* [filtered=0]
cnt=1 s0=fng (4597,1729)* [filtered=0]
cnt=1 s0=fng (4597,1728)* [filtered=0]
cnt=1 s0=fng (4596,1728)* [filtered=0]
cnt=1 s0=fng (4596,1727)* [filtered=0]
cnt=1 s0=fng (4596,1727)* [filtered=0]
cnt=1 s0=fng (4595,1727)* [filtered=0]
cnt=1 s0=fng (4595,1726)* [filtered=0]
cnt=2 s0=PALM(4594,1725)* s1=PALM(46,2046) [filtered=1]
cnt=2 s0=PALM(4593,1724)* s1=PALM(46,2046) [filtered=2]
cnt=2 s0=PALM(4593,1724)* s1=PALM(46,2046) [filtered=3]
cnt=2 s0=PALM(4592,1724)* s1=PALM(46,2047) [filtered=4]
cnt=2 s0=PALM(4591,1723)* s1=PALM(46,2048) [filtered=5]
cnt=2 s0=PALM(4591,1723)* s1=PALM(46,2049) [filtered=6]
cnt=2 s0=PALM(4591,1723)* s1=PALM(46,2049) [filtered=7]
cnt=2 s0=PALM(4590,1723)* s1=PALM(46,2050) [filtered=8]
cnt=2 s0=PALM(4590,1723)* s1=PALM(46,2051) [filtered=9]
cnt=2 s0=PALM(4589,1723)* s1=PALM(46,2052) [filtered=10]
cnt=2 s0=PALM(4589,1723)* s1=PALM(46,2052) [filtered=11]
cnt=2 s0=PALM(4589,1723)* s1=PALM(46,2052) [filtered=12]
cnt=2 s0=PALM(4589,1723)* s1=PALM(46,2053) [filtered=13]
cnt=2 s0=PALM(4589,1723)* s1=PALM(46,2054) [filtered=14]
cnt=2 s0=PALM(4589,1723)* s1=PALM(46,2055) [filtered=15]
cnt=2 s0=PALM(4589,1723)* s1=PALM(46,2056) [filtered=16]
cnt=2 s0=PALM(4589,1723)* s1=PALM(46,2056) [filtered=17]
cnt=2 s0=PALM(4589,1723)* s1=PALM(46,2057) [filtered=18]
cnt=2 s0=PALM(4589,1723)* s1=PALM(46,2058) [filtered=19]
cnt=2 s0=PALM(4589,1723)* s1=PALM(46,2059) [filtered=20]
cnt=2 s0=PALM(4589,1723)* s1=PALM(46,2060)* [filtered=21]
cnt=2 s0=PALM(4589,1724)* s1=PALM(45,2061)* [filtered=22]
cnt=2 s0=PALM(4589,1724)* s1=PALM(44,2062)* [filtered=23]
cnt=2 s0=PALM(4589,1725)* s1=PALM(43,2063)* [filtered=24]
cnt=2 s0=PALM(4590,1725)* s1=PALM(42,2064)* [filtered=25]
cnt=2 s0=PALM(4590,1725)* s1=PALM(41,2064)* [filtered=26]
cnt=2 s0=PALM(4590,1726)* s1=PALM(40,2065)* [filtered=27]
cnt=2 s0=PALM(4591,1727)* s1=PALM(39,2066)* [filtered=28]
cnt=2 s0=PALM(4591,1728)* s1=PALM(38,2068)* [filtered=29]
cnt=2 s0=PALM(4592,1729)* s1=PALM(37,2069)* [filtered=30]
cnt=2 s0=PALM(4592,1729)* s1=PALM(36,2070)* [filtered=31]
cnt=2 s0=PALM(4592,1730)* s1=PALM(35,2071)* [filtered=32]
cnt=2 s0=PALM(4593,1731)* s1=PALM(34,2072)* [filtered=33]
cnt=2 s0=PALM(4593,1731)* s1=PALM(33,2072)* [filtered=34]
cnt=2 s0=PALM(4593,1732)* s1=PALM(32,2073)* [filtered=35]
cnt=2 s0=PALM(4593,1732)* s1=PALM(31,2074)* [filtered=36]
cnt=2 s0=PALM(4593,1732)* s1=PALM(31,2075)* [filtered=37]
cnt=2 s0=PALM(4593,1732)* s1=PALM(30,2076)* [filtered=38]
cnt=2 s0=PALM(4593,1732)* s1=PALM(30,2076)* [filtered=39]
cnt=2 s0=PALM(4593,1732)* s1=PALM(30,2076)* [filtered=40]
cnt=2 s0=PALM(4593,1732)* s1=PALM(30,2077)* [filtered=41]
cnt=2 s0=PALM(4593,1732)* s1=PALM(30,2078)* [filtered=42]
cnt=2 s0=PALM(4593,1732)* s1=PALM(30,2080)* [filtered=43]
cnt=2 s0=PALM(4593,1732)* s1=PALM(30,2082)* [filtered=44]
cnt=2 s0=PALM(4593,1732)* s1=PALM(30,2083)* [filtered=45]
cnt=2 s0=PALM(4593,1732)* s1=PALM(30,2084)* [filtered=46]
cnt=2 s0=PALM(4593,1732)* s1=PALM(30,2085)* [filtered=47]
cnt=2 s0=PALM(4593,1732)* s1=PALM(30,2086)* [filtered=48]
cnt=2 s0=PALM(4593,1732)* s1=PALM(30,2087)* [filtered=49]
cnt=2 s0=PALM(4593,1732)* s1=PALM(31,2088)* [filtered=50]
cnt=2 s0=PALM(4593,1733)* s1=PALM(32,2089)* [filtered=51]
cnt=2 s0=PALM(4594,1733)* s1=PALM(35,2090) [filtered=52]
cnt=2 s0=PALM(4594,1734)* s1=PALM(38,2090) [filtered=53]
cnt=2 s0=PALM(4594,1735)* s1=PALM(40,2090) [filtered=54]
cnt=2 s0=PALM(4594,1735)* s1=PALM(44,2091) [filtered=55]
cnt=2 s0=PALM(4594,1736)* s1=PALM(48,2091) [filtered=56]
cnt=2 s0=PALM(4594,1736)* s1=PALM(53,2091) [filtered=57]
cnt=2 s0=PALM(4594,1736)* s1=PALM(58,2091) [filtered=58]
cnt=2 s0=PALM(4594,1736)* s1=PALM(63,2091) [filtered=59]
cnt=2 s0=PALM(4594,1736)* s1=PALM(68,2090) [filtered=60]
cnt=2 s0=PALM(4593,1735)* s1=PALM(73,2089) [filtered=61]
cnt=2 s0=PALM(4592,1734)* s1=PALM(78,2088) [filtered=62]
cnt=2 s0=PALM(4592,1733)* s1=PALM(83,2088) [filtered=63]
cnt=2 s0=PALM(4591,1732)* s1=PALM(88,2087) [filtered=64]
cnt=2 s0=PALM(4589,1730) s1=PALM(93,2086) [filtered=65]
cnt=2 s0=PALM(4587,1727) s1=PALM(98,2085) [filtered=66]
cnt=2 s0=PALM(4586,1726) s1=PALM(103,2084) [filtered=67]
cnt=2 s0=PALM(4584,1724) s1=PALM(108,2083) [filtered=68]
cnt=2 s0=PALM(4583,1722) s1=PALM(113,2082) [filtered=69]
cnt=2 s0=PALM(4582,1720) s1=PALM(117,2081) [filtered=70]
cnt=2 s0=PALM(4581,1719) s1=PALM(120,2080) [filtered=71]
cnt=2 s0=PALM(4580,1718) s1=PALM(122,2079) [filtered=72]
cnt=2 s0=PALM(4579,1717) s1=PALM(125,2078) [filtered=73]
cnt=2 s0=PALM(4578,1715) s1=PALM(127,2077) [filtered=74]
cnt=2 s0=PALM(4577,1713) s1=PALM(129,2076) [filtered=75]
cnt=2 s0=PALM(4577,1712) s1=PALM(130,2076) [filtered=76]
cnt=2 s0=PALM(4577,1711) s1=PALM(133,2075) [filtered=77]
cnt=2 s0=PALM(4576,1710) s1=PALM(136,2075) [filtered=78]
cnt=2 s0=PALM(4576,1709) s1=PALM(138,2074) [filtered=79]
cnt=2 s0=PALM(4576,1708) s1=PALM(139,2074) [filtered=80]
cnt=2 s0=PALM(4575,1707) s1=PALM(141,2074) [filtered=81]
cnt=2 s0=PALM(4575,1706) s1=PALM(143,2073) [filtered=82]
cnt=2 s0=PALM(4574,1705) s1=PALM(145,2072) [filtered=83]
cnt=2 s0=PALM(4574,1704) s1=PALM(147,2072) [filtered=84]
cnt=2 s0=PALM(4574,1703) s1=PALM(148,2072) [filtered=85]
cnt=2 s0=PALM(4573,1702) s1=PALM(150,2072) [filtered=86]
cnt=2 s0=PALM(4573,1701) s1=PALM(152,2072) [filtered=87]
cnt=2 s0=PALM(4572,1700)* s1=PALM(154,2072) [filtered=88]
cnt=2 s0=PALM(4572,1699)* s1=PALM(155,2072) [filtered=89]
cnt=2 s0=PALM(4571,1698)* s1=PALM(157,2072) [filtered=90]
cnt=2 s0=PALM(4570,1697)* s1=PALM(159,2072) [filtered=91]
cnt=2 s0=PALM(4569,1696)* s1=PALM(161,2072) [filtered=92]
cnt=2 s0=PALM(4568,1695)* s1=PALM(163,2072) [filtered=93]
cnt=2 s0=PALM(4567,1695)* s1=PALM(164,2072) [filtered=94]
cnt=2 s0=PALM(4566,1694)* s1=PALM(165,2072) [filtered=95]
cnt=2 s0=PALM(4565,1692)* s1=PALM(166,2072) [filtered=96]
cnt=2 s0=PALM(4563,1691)* s1=PALM(168,2072)* [filtered=97]
cnt=2 s0=PALM(4562,1690)* s1=PALM(169,2072)* [filtered=98]
cnt=2 s0=PALM(4561,1689)* s1=PALM(170,2072)* [filtered=99]
cnt=2 s0=PALM(4559,1688)* s1=PALM(171,2072)* [filtered=100]
cnt=2 s0=PALM(4557,1686) s1=PALM(172,2072)* [filtered=101]
cnt=2 s0=PALM(4556,1685) s1=PALM(173,2072)* [filtered=102]
cnt=2 s0=PALM(4554,1684) s1=PALM(174,2072)* [filtered=103]
cnt=2 s0=PALM(4552,1683) s1=PALM(175,2072)* [filtered=104]
cnt=2 s0=PALM(4550,1681) s1=PALM(176,2072)* [filtered=105]
cnt=2 s0=PALM(4548,1679) s1=PALM(177,2072)* [filtered=106]
cnt=2 s0=PALM(4547,1678) s1=PALM(177,2072)* [filtered=107]
cnt=2 s0=PALM(4546,1677) s1=PALM(178,2072)* [filtered=108]
cnt=2 s0=PALM(4544,1676) s1=PALM(179,2072)* [filtered=109]
cnt=2 s0=PALM(4543,1674) s1=PALM(180,2072)* [filtered=110]
cnt=2 s0=PALM(4541,1672) s1=PALM(181,2072)* [filtered=111]
cnt=2 s0=PALM(4540,1671) s1=PALM(182,2072)* [filtered=112]
cnt=2 s0=PALM(4539,1670) s1=PALM(183,2072)* [filtered=113]
cnt=2 s0=PALM(4538,1669) s1=PALM(184,2072)* [filtered=114]
cnt=2 s0=PALM(4536,1667) s1=PALM(185,2071)* [filtered=115]
cnt=2 s0=PALM(4535,1666) s1=PALM(185,2071)* [filtered=116]
cnt=2 s0=PALM(4534,1665) s1=PALM(186,2071)* [filtered=117]
cnt=2 s0=PALM(4533,1664) s1=PALM(187,2070)* [filtered=118]
cnt=2 s0=PALM(4531,1662) s1=PALM(188,2070)* [filtered=119]
cnt=2 s0=PALM(4529,1660) s1=PALM(189,2069)* [filtered=120]
cnt=2 s0=PALM(4528,1659) s1=PALM(189,2069)* [filtered=121]
cnt=2 s0=PALM(4526,1658) s1=PALM(190,2068)* [filtered=122]
cnt=2 s0=PALM(4524,1657) s1=PALM(191,2068)* [filtered=123]
cnt=2 s0=PALM(4522,1655) s1=PALM(192,2067)* [filtered=124]
cnt=2 s0=PALM(4521,1654) s1=PALM(193,2067)* [filtered=125]
cnt=2 s0=PALM(4520,1653) s1=PALM(194,2067)* [filtered=126]
cnt=2 s0=PALM(4518,1652) s1=PALM(195,2066)* [filtered=127]
cnt=2 s0=PALM(4516,1651) s1=PALM(196,2066)* [filtered=128]
cnt=2 s0=PALM(4514,1650) s1=PALM(197,2065)* [filtered=129]
cnt=2 s0=PALM(4513,1649) s1=PALM(197,2065)* [filtered=130]
cnt=2 s0=PALM(4511,1648) s1=PALM(198,2064)* [filtered=131]
cnt=2 s0=PALM(4509,1647) s1=PALM(199,2064)* [filtered=132]
cnt=2 s0=PALM(4507,1646) s1=PALM(200,2063)* [filtered=133]
cnt=2 s0=PALM(4505,1645) s1=PALM(202,2063)* [filtered=134]
cnt=2 s0=PALM(4504,1644) s1=PALM(203,2063)* [filtered=135]
cnt=2 s0=PALM(4502,1643) s1=PALM(204,2062)* [filtered=136]
cnt=2 s0=PALM(4500,1642) s1=PALM(205,2061)* [filtered=137]
cnt=2 s0=PALM(4498,1641) s1=PALM(207,2060)* [filtered=138]
cnt=2 s0=PALM(4497,1641) s1=PALM(208,2059)* [filtered=139]
cnt=2 s0=PALM(4495,1640) s1=PALM(209,2058)* [filtered=140]
cnt=2 s0=PALM(4493,1639) s1=PALM(210,2057)* [filtered=141]
cnt=2 s0=PALM(4490,1638) s1=PALM(212,2056)* [filtered=142]
cnt=2 s0=PALM(4487,1637) s1=PALM(214,2055)* [filtered=143]
cnt=2 s0=PALM(4486,1636) s1=PALM(215,2055)* [filtered=144]
cnt=2 s0=PALM(4484,1635) s1=PALM(216,2054)* [filtered=145]
cnt=2 s0=PALM(4482,1634) s1=PALM(217,2053)* [filtered=146]
cnt=2 s0=PALM(4479,1633) s1=PALM(219,2052)* [filtered=147]
cnt=2 s0=PALM(4476,1633) s1=PALM(221,2050) [filtered=148]
cnt=2 s0=PALM(4475,1633) s1=PALM(222,2049) [filtered=149]
cnt=2 s0=PALM(4473,1632) s1=PALM(223,2048) [filtered=150]
cnt=2 s0=PALM(4470,1631) s1=PALM(224,2047) [filtered=151]
cnt=2 s0=PALM(4468,1631) s1=PALM(226,2046) [filtered=152]
cnt=2 s0=PALM(4467,1631) s1=PALM(227,2045) [filtered=153]
cnt=2 s0=PALM(4465,1630) s1=PALM(228,2044) [filtered=154]
cnt=2 s0=PALM(4463,1630) s1=PALM(230,2043) [filtered=155]
cnt=2 s0=PALM(4461,1629) s1=PALM(232,2041) [filtered=156]
cnt=2 s0=PALM(4460,1629) s1=PALM(233,2040) [filtered=157]
cnt=2 s0=PALM(4458,1629) s1=PALM(235,2039) [filtered=158]
cnt=2 s0=PALM(4456,1628) s1=PALM(238,2037) [filtered=159]
cnt=2 s0=PALM(4454,1627) s1=PALM(241,2035) [filtered=160]
cnt=2 s0=PALM(4453,1627) s1=PALM(243,2034) [filtered=161]
cnt=2 s0=PALM(4451,1627) s1=PALM(246,2032) [filtered=162]
cnt=2 s0=PALM(4449,1627) s1=PALM(249,2030) [filtered=163]
cnt=2 s0=PALM(4447,1627) s1=PALM(252,2028) [filtered=164]
cnt=2 s0=PALM(4446,1627) s1=PALM(254,2027) [filtered=165]
cnt=2 s0=PALM(4445,1627) s1=PALM(257,2025) [filtered=166]
cnt=2 s0=PALM(4443,1627) s1=PALM(260,2023) [filtered=167]
cnt=2 s0=PALM(4442,1627) s1=PALM(262,2022) [filtered=168]
cnt=2 s0=PALM(4441,1627) s1=PALM(265,2019) [filtered=169]
cnt=2 s0=PALM(4440,1626) s1=PALM(269,2016) [filtered=170]
cnt=2 s0=PALM(4439,1626)* s1=PALM(272,2014) [filtered=171]
cnt=2 s0=PALM(4438,1626)* s1=PALM(275,2012) [filtered=172]
cnt=2 s0=PALM(4437,1626)* s1=PALM(278,2010) [filtered=173]
cnt=2 s0=PALM(4436,1626)* s1=PALM(280,2008) [filtered=174]
cnt=2 s0=PALM(4435,1626)* s1=PALM(283,2007) [filtered=175]
cnt=2 s0=PALM(4434,1626)* s1=PALM(285,2006) [filtered=176]
cnt=2 s0=PALM(4433,1626)* s1=PALM(287,2004) [filtered=177]
cnt=2 s0=PALM(4432,1626)* s1=PALM(290,2002) [filtered=178]
cnt=2 s0=PALM(4431,1626)* s1=PALM(292,2001) [filtered=179]
cnt=2 s0=PALM(4430,1626)* s1=PALM(295,2000) [filtered=180]
cnt=2 s0=PALM(4428,1626)* s1=PALM(298,1998) [filtered=181]
cnt=2 s0=PALM(4427,1626)* s1=PALM(300,1997) [filtered=182]
cnt=2 s0=PALM(4426,1626)* s1=PALM(303,1995) [filtered=183]
cnt=2 s0=PALM(4426,1626)* s1=PALM(305,1994) [filtered=184]
cnt=2 s0=PALM(4425,1626)* s1=PALM(307,1993) [filtered=185]
cnt=2 s0=PALM(4424,1626)* s1=PALM(309,1992) [filtered=186]
cnt=2 s0=PALM(4424,1626)* s1=PALM(311,1991) [filtered=187]
cnt=2 s0=PALM(4423,1626)* s1=PALM(312,1990) [filtered=188]
cnt=2 s0=PALM(4422,1626)* s1=PALM(314,1988) [filtered=189]
cnt=2 s0=PALM(4422,1626)* s1=PALM(315,1987) [filtered=190]
cnt=2 s0=PALM(4421,1626)* s1=PALM(316,1986) [filtered=191]
cnt=2 s0=PALM(4420,1626)* s1=PALM(317,1986) [filtered=192]
cnt=2 s0=PALM(4419,1626)* s1=PALM(319,1985) [filtered=193]
cnt=2 s0=PALM(4418,1626)* s1=PALM(321,1984) [filtered=194]
cnt=2 s0=PALM(4418,1626)* s1=PALM(322,1984) [filtered=195]
cnt=2 s0=PALM(4417,1626)* s1=PALM(323,1983) [filtered=196]
cnt=2 s0=PALM(4417,1626)* s1=PALM(324,1982) [filtered=197]
cnt=2 s0=PALM(4416,1626)* s1=PALM(325,1981) [filtered=198]
cnt=2 s0=PALM(4415,1626)* s1=PALM(327,1981) [filtered=199]
cnt=2 s0=PALM(4415,1626)* s1=PALM(328,1981) [filtered=200]
cnt=2 s0=PALM(4414,1626)* s1=PALM(329,1980) [filtered=201]
cnt=2 s0=PALM(4414,1626)* s1=PALM(329,1980) [filtered=202]
cnt=2 s0=PALM(4413,1626)* s1=PALM(330,1980) [filtered=203]
cnt=2 s0=PALM(4412,1626)* s1=PALM(331,1979) [filtered=204]
cnt=2 s0=PALM(4411,1626)* s1=PALM(332,1979) [filtered=205]
cnt=2 s0=PALM(4411,1626)* s1=PALM(333,1978) [filtered=206]
cnt=2 s0=PALM(4410,1626)* s1=PALM(334,1978) [filtered=207]
cnt=2 s0=PALM(4410,1626)* s1=PALM(334,1978) [filtered=208]
cnt=2 s0=PALM(4410,1626)* s1=PALM(335,1978)* [filtered=209]
cnt=2 s0=PALM(4410,1626)* s1=PALM(335,1978)* [filtered=210]
cnt=2 s0=PALM(4409,1626)* s1=PALM(336,1978)* [filtered=211]
cnt=2 s0=PALM(4409,1626)* s1=PALM(337,1978)* [filtered=212]
cnt=2 s0=PALM(4409,1626)* s1=PALM(338,1978)* [filtered=213]
cnt=2 s0=PALM(4408,1626)* s1=PALM(339,1978)* [filtered=214]
cnt=2 s0=PALM(4408,1626)* s1=PALM(340,1978)* [filtered=215]
cnt=2 s0=PALM(4408,1626)* s1=PALM(340,1978)* [filtered=216]
cnt=2 s0=PALM(4407,1626)* s1=PALM(341,1978)* [filtered=217]
cnt=2 s0=PALM(4406,1626)* s1=PALM(342,1978)* [filtered=218]
cnt=2 s0=PALM(4406,1626)* s1=PALM(342,1978)* [filtered=219]
cnt=2 s0=PALM(4406,1626)* s1=PALM(343,1978)* [filtered=220]
cnt=2 s0=PALM(4406,1626)* s1=PALM(343,1978)* [filtered=221]
cnt=2 s0=PALM(4405,1626)* s1=PALM(343,1978)* [filtered=222]
cnt=2 s0=PALM(4405,1626)* s1=PALM(344,1978)* [filtered=223]
cnt=2 s0=PALM(4405,1626)* s1=PALM(344,1978)* [filtered=224]
cnt=2 s0=PALM(4404,1626)* s1=PALM(344,1978)* [filtered=225]
cnt=2 s0=PALM(4404,1626)* s1=PALM(345,1978)* [filtered=226]
cnt=2 s0=PALM(4404,1626)* s1=PALM(345,1978)* [filtered=227]
cnt=2 s0=PALM(4403,1626)* s1=PALM(346,1978)* [filtered=228]
cnt=2 s0=PALM(4403,1626)* s1=PALM(346,1978)* [filtered=229]
cnt=2 s0=PALM(4402,1626)* s1=PALM(346,1978)* [filtered=230]
cnt=2 s0=PALM(4402,1626)* s1=PALM(346,1978)* [filtered=231]
cnt=2 s0=PALM(4402,1626)* s1=PALM(346,1978)* [filtered=232]
cnt=2 s0=PALM(4402,1626)* s1=PALM(346,1978)* [filtered=233]
cnt=2 s0=PALM(4402,1626)* s1=PALM(346,1978)* [filtered=234]
cnt=2 s0=PALM(4402,1626)* s1=PALM(346,1978)* [filtered=235]
cnt=2 s0=PALM(4402,1626)* s1=PALM(346,1978)* [filtered=236]
cnt=2 s0=PALM(4401,1626)* s1=PALM(346,1978)* [filtered=237]
cnt=2 s0=PALM(4401,1626)* s1=PALM(346,1978)* [filtered=238]
cnt=2 s0=PALM(4401,1626)* s1=PALM(346,1978)* [filtered=239]
cnt=2 s0=PALM(4401,1626)* s1=PALM(346,1978)* [filtered=240]
cnt=2 s0=PALM(4401,1626)* s1=PALM(346,1978)* [filtered=241]
cnt=2 s0=PALM(4401,1626)* s1=PALM(346,1977)* [filtered=242]
cnt=2 s0=PALM(4401,1626)* s1=PALM(346,1977)* [filtered=243]
cnt=2 s0=PALM(4401,1626)* s1=PALM(346,1977)* [filtered=244]
cnt=2 s0=PALM(4401,1626)* s1=PALM(346,1977)* [filtered=245]
cnt=2 s0=PALM(4401,1626)* s1=PALM(346,1977)* [filtered=246]
cnt=2 s0=PALM(4401,1626)* s1=PALM(346,1977)* [filtered=247]
cnt=2 s0=PALM(4401,1626)* s1=PALM(346,1976)* [filtered=248]
cnt=2 s0=PALM(4401,1626)* s1=PALM(346,1976)* [filtered=249]
cnt=2 s0=PALM(4401,1626)* s1=PALM(346,1976)* [filtered=250]
cnt=2 s0=PALM(4401,1626)* s1=PALM(346,1976)* [filtered=251]
cnt=2 s0=PALM(4401,1626)* s1=PALM(346,1976)* [filtered=252]
cnt=2 s0=PALM(4401,1626)* s1=PALM(346,1976)* [filtered=253]
cnt=2 s0=PALM(4401,1626)* s1=PALM(346,1976)* [filtered=254]
cnt=2 s0=PALM(4401,1626)* s1=PALM(345,1976)* [filtered=255]
cnt=2 s0=PALM(4401,1626)* s1=PALM(344,1976)* [filtered=256]
cnt=2 s0=PALM(4401,1626)* s1=PALM(344,1976)* [filtered=257]
cnt=2 s0=PALM(4401,1626)* s1=PALM(344,1976)* [filtered=258]
cnt=2 s0=PALM(4401,1626)* s1=PALM(344,1976)* [filtered=259]
cnt=2 s0=PALM(4401,1626)* s1=PALM(343,1976)* [filtered=260]
cnt=2 s0=PALM(4401,1626)* s1=PALM(342,1976)* [filtered=261]
cnt=2 s0=PALM(4401,1626)* s1=PALM(342,1976)* [filtered=262]
cnt=2 s0=PALM(4401,1626)* s1=PALM(341,1976)* [filtered=263]
cnt=2 s0=PALM(4401,1626)* s1=PALM(341,1976)* [filtered=264]
cnt=2 s0=PALM(4401,1626)* s1=PALM(340,1976)* [filtered=265]
cnt=2 s0=PALM(4401,1626)* s1=PALM(339,1976)* [filtered=266]
cnt=2 s0=PALM(4401,1626)* s1=PALM(338,1976)* [filtered=267]
cnt=2 s0=PALM(4401,1626)* s1=PALM(337,1976)* [filtered=268]
cnt=2 s0=PALM(4401,1626)* s1=PALM(336,1976)* [filtered=269]
cnt=2 s0=PALM(4401,1626)* s1=PALM(336,1976)* [filtered=270]
cnt=2 s0=PALM(4401,1626)* s1=PALM(335,1976)* [filtered=271]
cnt=2 s0=PALM(4401,1626)* s1=PALM(334,1976)* [filtered=272]
cnt=2 s0=PALM(4401,1626)* s1=PALM(334,1976)* [filtered=273]
cnt=2 s0=PALM(4401,1626)* s1=PALM(333,1976)* [filtered=274]
cnt=2 s0=PALM(4401,1626)* s1=PALM(333,1976)* [filtered=275]
cnt=2 s0=PALM(4401,1626)* s1=PALM(332,1976)* [filtered=276]
cnt=2 s0=PALM(4401,1626)* s1=PALM(331,1976)* [filtered=277]
cnt=2 s0=PALM(4401,1626)* s1=PALM(330,1976)* [filtered=278]
cnt=2 s0=PALM(4401,1626)* s1=PALM(329,1976)* [filtered=279]
cnt=2 s0=PALM(4401,1626)* s1=PALM(327,1976)* [filtered=280]
cnt=2 s0=PALM(4401,1626)* s1=PALM(326,1976)* [filtered=281]
cnt=2 s0=PALM(4401,1626)* s1=PALM(325,1976)* [filtered=282]
cnt=2 s0=PALM(4401,1626)* s1=PALM(324,1976)* [filtered=283]
cnt=2 s0=PALM(4401,1626)* s1=PALM(323,1976)* [filtered=284]
cnt=2 s0=PALM(4401,1626)* s1=PALM(322,1977)* [filtered=285]
cnt=2 s0=PALM(4401,1626)* s1=PALM(321,1977)* [filtered=286]
cnt=2 s0=PALM(4401,1626)* s1=PALM(320,1977)* [filtered=287]
cnt=2 s0=PALM(4401,1626)* s1=PALM(319,1978)* [filtered=288]
cnt=2 s0=PALM(4401,1626)* s1=PALM(317,1978)* [filtered=289]
cnt=2 s0=PALM(4401,1626)* s1=PALM(316,1978)* [filtered=290]
cnt=2 s0=PALM(4401,1626)* s1=PALM(315,1979)* [filtered=291]
cnt=2 s0=PALM(4401,1626)* s1=PALM(313,1980)* [filtered=292]
cnt=2 s0=PALM(4401,1626)* s1=PALM(312,1980)* [filtered=293]
cnt=2 s0=PALM(4401,1626)* s1=PALM(311,1981)* [filtered=294]
cnt=2 s0=PALM(4401,1626)* s1=PALM(309,1982)* [filtered=295]
cnt=2 s0=PALM(4401,1626)* s1=PALM(306,1983) [filtered=296]
cnt=2 s0=PALM(4401,1626)* s1=PALM(305,1984) [filtered=297]
cnt=2 s0=PALM(4401,1626)* s1=PALM(303,1986) [filtered=298]
cnt=2 s0=PALM(4401,1626)* s1=PALM(300,1988) [filtered=299]
cnt=2 s0=PALM(4401,1626)* s1=PALM(298,1989) [filtered=300]
cnt=2 s0=PALM(4401,1626)* s1=PALM(294,1992) [filtered=301]
cnt=2 s0=PALM(4401,1626)* s1=PALM(290,1996) [filtered=302]
cnt=2 s0=PALM(4401,1626)* s1=PALM(285,2000) [filtered=303]
cnt=2 s0=PALM(4401,1626)* s1=PALM(282,2003) [filtered=304]
cnt=2 s0=PALM(4401,1626)* s1=PALM(278,2007) [filtered=305]
cnt=2 s0=PALM(4401,1626)* s1=PALM(274,2011) [filtered=306]
cnt=2 s0=PALM(4401,1626)* s1=PALM(270,2015) [filtered=307]
cnt=2 s0=PALM(4401,1626)* s1=PALM(267,2018) [filtered=308]
cnt=2 s0=PALM(4401,1626)* s1=PALM(263,2022) [filtered=309]
cnt=2 s0=PALM(4401,1626)* s1=PALM(259,2026) [filtered=310]
cnt=2 s0=PALM(4401,1626)* s1=PALM(256,2030) [filtered=311]
cnt=2 s0=PALM(4401,1626)* s1=PALM(252,2034) [filtered=312]
cnt=2 s0=PALM(4401,1626)* s1=PALM(248,2038) [filtered=313]
cnt=2 s0=PALM(4401,1626)* s1=PALM(244,2043) [filtered=314]
cnt=2 s0=PALM(4401,1626)* s1=PALM(241,2047) [filtered=315]
cnt=2 s0=PALM(4401,1626)* s1=PALM(237,2051) [filtered=316]
cnt=2 s0=PALM(4401,1626)* s1=PALM(233,2055) [filtered=317]
cnt=2 s0=PALM(4401,1626)* s1=PALM(229,2059) [filtered=318]
cnt=2 s0=PALM(4401,1626)* s1=PALM(226,2062) [filtered=319]
cnt=2 s0=PALM(4401,1626)* s1=PALM(223,2066) [filtered=320]
cnt=2 s0=PALM(4401,1626)* s1=PALM(220,2070) [filtered=321]
cnt=2 s0=PALM(4401,1626)* s1=PALM(217,2074) [filtered=322]
cnt=2 s0=PALM(4401,1626)* s1=PALM(215,2077) [filtered=323]
cnt=2 s0=PALM(4401,1626)* s1=PALM(214,2079) [filtered=324]
cnt=2 s0=PALM(4401,1626)* s1=PALM(212,2080) [filtered=325]
cnt=2 s0=PALM(4401,1626)* s1=PALM(211,2080) [filtered=326]
cnt=2 s0=PALM(4401,1626)* s1=PALM(210,2081) [filtered=327]
cnt=2 s0=PALM(4401,1626)* s1=PALM(209,2082) [filtered=328]
cnt=2 s0=PALM(4401,1626)* s1=PALM(208,2084) [filtered=329]
cnt=2 s0=PALM(4401,1626)* s1=PALM(207,2085) [filtered=330]
cnt=2 s0=PALM(4401,1626)* s1=PALM(206,2086) [filtered=331]
cnt=2 s0=PALM(4401,1626)* s1=PALM(206,2087) [filtered=332]
cnt=2 s0=PALM(4401,1626)* s1=PALM(205,2088) [filtered=333]
cnt=2 s0=PALM(4401,1626)* s1=PALM(205,2088) [filtered=334]
cnt=2 s0=PALM(4401,1626)* s1=PALM(205,2089) [filtered=335]
cnt=2 s0=PALM(4401,1626)* s1=PALM(204,2089) [filtered=336]
cnt=2 s0=PALM(4402,1626)* s1=PALM(204,2090) [filtered=337]
cnt=2 s0=PALM(4402,1626)* s1=PALM(203,2090) [filtered=338]
cnt=2 s0=PALM(4402,1626)* s1=PALM(203,2090) [filtered=339]
cnt=2 s0=PALM(4403,1626)* s1=PALM(202,2091) [filtered=340]
cnt=2 s0=PALM(4404,1626)* s1=PALM(202,2091) [filtered=341]
cnt=2 s0=PALM(4404,1626)* s1=PALM(201,2092) [filtered=342]
cnt=2 s0=PALM(4405,1626)* s1=PALM(201,2093)* [filtered=343]
cnt=2 s0=PALM(4405,1626)* s1=PALM(201,2093)* [filtered=344]
cnt=2 s0=PALM(4405,1626)* s1=PALM(200,2093)* [filtered=345]
cnt=2 s0=PALM(4406,1626)* s1=PALM(199,2094)* [filtered=346]
cnt=2 s0=PALM(4406,1626)* s1=PALM(198,2094)* [filtered=347]
cnt=2 s0=PALM(4407,1626)* s1=PALM(197,2095)* [filtered=348]
cnt=2 s0=PALM(4407,1626)* s1=PALM(196,2095)* [filtered=349]
cnt=2 s0=PALM(4408,1626)* s1=PALM(195,2095)* [filtered=350]
cnt=2 s0=PALM(4408,1626)* s1=PALM(194,2095)* [filtered=351]
cnt=2 s0=PALM(4409,1626)* s1=PALM(193,2095)* [filtered=352]
cnt=2 s0=PALM(4409,1626)* s1=PALM(192,2095)* [filtered=353]
cnt=2 s0=PALM(4409,1626)* s1=PALM(192,2095)* [filtered=354]
cnt=2 s0=PALM(4410,1626)* s1=PALM(191,2095)* [filtered=355]
cnt=2 s0=PALM(4410,1626)* s1=PALM(190,2095)* [filtered=356]
cnt=2 s0=PALM(4410,1626)* s1=PALM(189,2095)* [filtered=357]
cnt=2 s0=PALM(4410,1626)* s1=PALM(188,2095)* [filtered=358]
cnt=2 s0=PALM(4410,1626)* s1=PALM(187,2095)* [filtered=359]
cnt=2 s0=PALM(4410,1626)* s1=PALM(185,2095)* [filtered=360]
cnt=2 s0=PALM(4411,1626)* s1=PALM(184,2095)* [filtered=361]
cnt=2 s0=PALM(4411,1626)* s1=PALM(182,2095)* [filtered=362]
cnt=2 s0=PALM(4411,1626)* s1=PALM(181,2095)* [filtered=363]
cnt=2 s0=PALM(4411,1626)* s1=PALM(180,2095)* [filtered=364]
cnt=2 s0=PALM(4411,1626)* s1=PALM(179,2095)* [filtered=365]
cnt=2 s0=PALM(4412,1626)* s1=PALM(177,2094)* [filtered=366]
cnt=2 s0=PALM(4413,1626)* s1=PALM(176,2094)* [filtered=367]
cnt=2 s0=PALM(4413,1626)* s1=PALM(175,2094)* [filtered=368]
cnt=2 s0=PALM(4413,1626)* s1=PALM(174,2093)* [filtered=369]
cnt=2 s0=PALM(4414,1626)* s1=PALM(173,2092)* [filtered=370]
cnt=2 s0=PALM(4414,1626)* s1=PALM(172,2091)* [filtered=371]
cnt=2 s0=PALM(4414,1626)* s1=PALM(171,2090)* [filtered=372]
cnt=2 s0=PALM(4415,1626)* s1=PALM(170,2089)* [filtered=373]
cnt=2 s0=PALM(4415,1626)* s1=PALM(169,2088)* [filtered=374]
cnt=2 s0=PALM(4416,1626)* s1=PALM(168,2087)* [filtered=375]
cnt=2 s0=PALM(4417,1626)* s1=PALM(167,2086)* [filtered=376]
cnt=2 s0=PALM(4417,1626)* s1=PALM(166,2086)* [filtered=377]
cnt=2 s0=PALM(4417,1626)* s1=PALM(165,2085)* [filtered=378]
cnt=2 s0=PALM(4418,1626)* s1=PALM(164,2084)* [filtered=379]
cnt=2 s0=PALM(4418,1626)* s1=PALM(163,2083)* [filtered=380]
cnt=2 s0=PALM(4419,1626)* s1=PALM(162,2083)* [filtered=381]
cnt=2 s0=PALM(4419,1626)* s1=PALM(162,2083)* [filtered=382]
cnt=2 s0=PALM(4419,1626)* s1=PALM(161,2082)* [filtered=383]
cnt=2 s0=PALM(4420,1626)* s1=PALM(159,2082)* [filtered=384]
cnt=2 s0=PALM(4420,1626)* s1=PALM(157,2081)* [filtered=385]
cnt=2 s0=PALM(4420,1626)* s1=PALM(156,2081)* [filtered=386]
cnt=2 s0=PALM(4421,1626)* s1=PALM(155,2080)* [filtered=387]
cnt=2 s0=PALM(4422,1626)* s1=PALM(154,2079)* [filtered=388]
cnt=2 s0=PALM(4422,1626)* s1=PALM(152,2079)* [filtered=389]
cnt=2 s0=PALM(4423,1626)* s1=PALM(150,2078)* [filtered=390]
cnt=2 s0=PALM(4423,1626)* s1=PALM(149,2078)* [filtered=391]
cnt=2 s0=PALM(4423,1626)* s1=PALM(147,2077)* [filtered=392]
cnt=2 s0=PALM(4423,1626)* s1=PALM(145,2076)* [filtered=393]
cnt=2 s0=PALM(4423,1626)* s1=PALM(143,2075)* [filtered=394]
cnt=2 s0=PALM(4423,1626)* s1=PALM(141,2073) [filtered=395]
cnt=2 s0=PALM(4423,1626)* s1=PALM(140,2072) [filtered=396]
cnt=2 s0=PALM(4423,1626)* s1=PALM(138,2071) [filtered=397]
cnt=2 s0=PALM(4423,1626)* s1=PALM(136,2070) [filtered=398]
cnt=2 s0=PALM(4423,1626)* s1=PALM(135,2068) [filtered=399]
cnt=2 s0=PALM(4423,1626)* s1=PALM(134,2067) [filtered=400]
cnt=2 s0=PALM(4423,1626)* s1=PALM(133,2066) [filtered=401]
cnt=2 s0=PALM(4423,1626)* s1=PALM(132,2065) [filtered=402]
cnt=1 s0=fng (4423,1626)* [filtered=402]
cnt=1 s0=fng (4422,1627)* [filtered=402]
cnt=1 s0=fng (4422,1627)* [filtered=402]
cnt=1 s0=fng (4421,1627)* [filtered=402]
cnt=1 s0=fng (4420,1627)* [filtered=402]
cnt=1 s0=fng (4419,1627)* [filtered=402]
cnt=1 s0=fng (4418,1627)* [filtered=402]
cnt=1 s0=fng (4417,1627)* [filtered=402]
cnt=1 s0=fng (4416,1627)* [filtered=402]
cnt=1 s0=fng (4414,1627)* [filtered=402]
cnt=1 s0=fng (4412,1627)* [filtered=402]
cnt=1 s0=fng (4411,1627)* [filtered=402]
cnt=1 s0=fng (4410,1627)* [filtered=402]
cnt=1 s0=fng (4409,1627)* [filtered=402]
cnt=1 s0=fng (4409,1627)* [filtered=402]
cnt=1 s0=fng (4408,1626)* [filtered=402]
cnt=1 s0=fng (4408,1626)* [filtered=402]
cnt=1 s0=fng (4408,1626)* [filtered=402]
cnt=1 s0=fng (4408,1625)* [filtered=402]
cnt=1 s0=fng (4408,1625)* [filtered=402]
cnt=1 s0=fng (4408,1624)* [filtered=402]
cnt=1 s0=fng (4408,1624)* [filtered=402]
cnt=1 s0=fng (4408,1624)* [filtered=402]
cnt=1 s0=fng (4408,1624)* [filtered=402]
cnt=1 s0=fng (4409,1624)* [filtered=402]
cnt=1 s0=fng (4410,1624)* [filtered=402]
cnt=1 s0=fng (4410,1624)* [filtered=402]
cnt=1 s0=fng (4411,1624)* [filtered=402]
cnt=1 s0=fng (4412,1624)* [filtered=402]
cnt=1 s0=fng (4413,1624)* [filtered=402]
cnt=1 s0=fng (4415,1625)* [filtered=402]
cnt=1 s0=fng (4416,1625)* [filtered=402]
cnt=1 s0=fng (4417,1625)* [filtered=402]
cnt=1 s0=fng (4418,1626)* [filtered=402]
cnt=1 s0=fng (4420,1627)* [filtered=402]
cnt=1 s0=fng (4422,1628)* [filtered=402]
cnt=1 s0=fng (4423,1628)* [filtered=402]
cnt=1 s0=fng (4424,1629)* [filtered=402]
cnt=1 s0=fng (4425,1630)* [filtered=402]
cnt=1 s0=fng (4427,1631)* [filtered=402]
cnt=1 s0=fng (4428,1631)* [filtered=402]
cnt=1 s0=fng (4429,1632)* [filtered=402]
cnt=1 s0=fng (4431,1633)* [filtered=402]
cnt=1 s0=fng (4433,1635) [filtered=402]
cnt=1 s0=fng (4435,1637) [filtered=402]
cnt=1 s0=fng (4436,1638) [filtered=402]
cnt=1 s0=fng (4438,1639) [filtered=402]
cnt=1 s0=fng (4440,1640) [filtered=402]
cnt=1 s0=fng (4443,1642) [filtered=402]
cnt=1 s0=fng (4446,1644) [filtered=402]
cnt=1 s0=fng (4448,1645) [filtered=402]
cnt=1 s0=fng (4451,1646) [filtered=402]
cnt=1 s0=fng (4454,1647) [filtered=402]
cnt=1 s0=fng (4457,1649) [filtered=402]
cnt=1 s0=fng (4459,1650) [filtered=402]
cnt=1 s0=fng (4462,1651) [filtered=402]
cnt=1 s0=fng (4466,1652) [filtered=402]
cnt=1 s0=fng (4470,1653) [filtered=402]
cnt=1 s0=fng (4474,1655) [filtered=402]
cnt=1 s0=fng (4477,1656) [filtered=402]
cnt=1 s0=fng (4481,1657) [filtered=402]
cnt=1 s0=fng (4485,1658) [filtered=402]
cnt=1 s0=fng (4489,1659) [filtered=402]
cnt=1 s0=fng (4493,1660) [filtered=402]
cnt=1 s0=fng (4496,1661) [filtered=402]
cnt=1 s0=fng (4499,1662) [filtered=402]
cnt=1 s0=fng (4502,1663) [filtered=402]
cnt=1 s0=fng (4506,1665) [filtered=402]
cnt=1 s0=fng (4509,1666) [filtered=402]
cnt=1 s0=fng (4512,1668) [filtered=402]
cnt=1 s0=fng (4516,1671) [filtered=402]
cnt=1 s0=fng (4521,1675) [filtered=402]
cnt=1 s0=fng (4526,1681) [filtered=402]
cnt=1 s0=fng (4530,1685) [filtered=402]
cnt=1 s0=fng (4534,1690) [filtered=402]
cnt=1 s0=fng (4539,1696) [filtered=402]
cnt=1 s0=fng (4544,1703) [filtered=402]
cnt=1 s0=fng (4549,1711) [filtered=402]
cnt=1 s0=fng (4553,1718) [filtered=402]
cnt=1 s0=fng (4558,1726) [filtered=402]
cnt=1 s0=fng (4563,1735) [filtered=402]
cnt=1 s0=fng (4568,1744) [filtered=402]
cnt=1 s0=fng (4572,1752) [filtered=402]
cnt=1 s0=fng (4577,1760) [filtered=402]
cnt=1 s0=fng (4582,1767) [filtered=402]
cnt=1 s0=fng (4587,1775) [filtered=402]
cnt=1 s0=fng (4592,1782) [filtered=402]
cnt=1 s0=fng (4596,1788) [filtered=402]
cnt=1 s0=fng (4600,1793) [filtered=402]
cnt=1 s0=fng (4606,1797) [filtered=402]
cnt=1 s0=fng (4613,1802) [filtered=402]
cnt=1 s0=fng (4620,1805) [filtered=402]
cnt=1 s0=fng (4626,1808) [filtered=402]
cnt=1 s0=fng (4633,1810) [filtered=402]
cnt=1 s0=fng (4640,1811) [filtered=402]
cnt=1 s0=fng (4646,1811) [filtered=402]
cnt=1 s0=fng (4652,1812) [filtered=402]
cnt=1 s0=fng (4657,1812) [filtered=402]
cnt=1 s0=fng (4661,1812) [filtered=402]
cnt=1 s0=fng (4666,1811) [filtered=402]
cnt=1 s0=fng (4671,1810) [filtered=402]
cnt=1 s0=fng (4675,1810) [filtered=402]
cnt=1 s0=fng (4679,1809) [filtered=402]
cnt=1 s0=fng (4683,1807) [filtered=402]
cnt=1 s0=fng (4687,1805) [filtered=402]
cnt=1 s0=fng (4691,1802) [filtered=402]
cnt=1 s0=fng (4694,1801) [filtered=402]
cnt=1 s0=fng (4697,1799) [filtered=402]
cnt=1 s0=fng (4701,1797) [filtered=402]
cnt=1 s0=fng (4701,1797) [filtered=402]
cnt=1 s0=fng (4743,1554) [filtered=402]
cnt=1 s0=fng (4743,1554) [filtered=402]
cnt=1 s0=fng (4743,1554) [filtered=402]
cnt=1 s0=fng (4743,1554) [filtered=402]
cnt=1 s0=fng (4743,1554) [filtered=402]
cnt=1 s0=fng (4743,1554) [filtered=402]
cnt=1 s0=fng (4743,1554) [filtered=402]
cnt=1 s0=fng (4743,1554) [filtered=402]
cnt=1 s0=fng (4743,1554) [filtered=402]
cnt=1 s0=fng (4743,1554) [filtered=402]
cnt=1 s0=fng (4743,1554) [filtered=402]
cnt=1 s0=fng (4743,1554) [filtered=402]
cnt=1 s0=fng (4743,1554) [filtered=402]
cnt=1 s0=fng (4742,1554) [filtered=402]
cnt=1 s0=fng (4742,1554) [filtered=402]
cnt=1 s0=fng (4742,1554) [filtered=402]
cnt=1 s0=fng (4742,1554) [filtered=402]
cnt=1 s0=fng (4742,1554) [filtered=402]
cnt=1 s0=fng (4742,1554) [filtered=402]
cnt=1 s0=fng (4742,1554) [filtered=402]
cnt=1 s0=fng (4742,1554)* [filtered=402]
cnt=1 s0=fng (4742,1555)* [filtered=402]
cnt=1 s0=fng (4742,1556)* [filtered=402]
cnt=1 s0=fng (4742,1557)* [filtered=402]
cnt=1 s0=fng (4742,1557)* [filtered=402]
cnt=1 s0=fng (4742,1559)* [filtered=402]
cnt=1 s0=fng (4742,1561)* [filtered=402]
cnt=1 s0=fng (4742,1565) [filtered=402]
cnt=1 s0=fng (4743,1570) [filtered=402]
cnt=1 s0=fng (4743,1574) [filtered=402]
cnt=1 s0=fng (4745,1580) [filtered=402]
cnt=1 s0=fng (4747,1586) [filtered=402]
cnt=1 s0=fng (4749,1592) [filtered=402]
cnt=1 s0=fng (4734,1565) [filtered=402]
cnt=1 s0=fng (4734,1564) [filtered=402]
cnt=1 s0=fng (4734,1564) [filtered=402]
cnt=1 s0=fng (4734,1563) [filtered=402]
cnt=1 s0=fng (4734,1562) [filtered=402]
cnt=1 s0=fng (4734,1561) [filtered=402]
cnt=1 s0=fng (4734,1561) [filtered=402]
cnt=1 s0=fng (4734,1560) [filtered=402]
cnt=1 s0=fng (4734,1559) [filtered=402]
cnt=1 s0=fng (4734,1558) [filtered=402]
cnt=1 s0=fng (4734,1558) [filtered=402]
cnt=1 s0=fng (4734,1558) [filtered=402]
cnt=1 s0=fng (4734,1557) [filtered=402]
cnt=1 s0=fng (4734,1556) [filtered=402]
cnt=1 s0=fng (4734,1556) [filtered=402]
cnt=1 s0=fng (4734,1556) [filtered=402]
cnt=1 s0=fng (4734,1556) [filtered=402]
cnt=1 s0=fng (4734,1556) [filtered=402]
cnt=1 s0=fng (4734,1556) [filtered=402]
cnt=1 s0=fng (4734,1556) [filtered=402]
cnt=1 s0=fng (4734,1557)* [filtered=402]
cnt=1 s0=fng (4734,1557)* [filtered=402]
cnt=1 s0=fng (4734,1558)* [filtered=402]
cnt=1 s0=fng (4734,1559)* [filtered=402]
cnt=1 s0=fng (4734,1560)* [filtered=402]
cnt=1 s0=fng (4734,1561)* [filtered=402]
cnt=1 s0=fng (4734,1562)* [filtered=402]
cnt=1 s0=fng (4734,1564)* [filtered=402]
cnt=1 s0=fng (4734,1567)* [filtered=402]
cnt=1 s0=fng (4734,1571) [filtered=402]
cnt=1 s0=fng (4734,1573) [filtered=402]
cnt=1 s0=fng (4734,1576) [filtered=402]
cnt=1 s0=fng (4734,1581) [filtered=402]
cnt=1 s0=fng (4734,1586) [filtered=402]
cnt=1 s0=fng (4734,1592) [filtered=402]
cnt=1 s0=fng (4734,1598) [filtered=402]
cnt=1 s0=fng (4735,1605) [filtered=402]
cnt=1 s0=fng (4736,1614) [filtered=402]
cnt=1 s0=fng (4737,1623) [filtered=402]
cnt=1 s0=fng (4738,1631) [filtered=402]
cnt=1 s0=fng (4739,1640) [filtered=402]
cnt=1 s0=fng (4740,1650) [filtered=402]
cnt=1 s0=fng (4742,1661) [filtered=402]
cnt=1 s0=fng (4745,1673) [filtered=402]
cnt=1 s0=fng (4747,1685) [filtered=402]
cnt=1 s0=fng (4749,1696) [filtered=402]
cnt=1 s0=fng (4752,1706) [filtered=402]
cnt=1 s0=fng (28,2114) [filtered=402]
cnt=1 s0=fng (28,2114) [filtered=402]
cnt=1 s0=fng (28,2114) [filtered=402]
cnt=1 s0=fng (28,2114) [filtered=402]
cnt=1 s0=fng (28,2114) [filtered=402]
cnt=1 s0=fng (28,2114) [filtered=402]
cnt=1 s0=fng (28,2114) [filtered=402]
cnt=1 s0=fng (28,2114) [filtered=402]
cnt=1 s0=fng (29,2114) [filtered=402]
cnt=1 s0=fng (30,2114) [filtered=402]
cnt=1 s0=fng (31,2114) [filtered=402]
cnt=1 s0=fng (31,2114) [filtered=402]
cnt=1 s0=fng (32,2114) [filtered=402]
cnt=1 s0=fng (33,2114) [filtered=402]
cnt=1 s0=fng (34,2114) [filtered=402]
cnt=1 s0=fng (35,2114) [filtered=402]
cnt=1 s0=fng (36,2114) [filtered=402]
cnt=1 s0=fng (37,2114) [filtered=402]
cnt=1 s0=fng (38,2114) [filtered=402]
cnt=1 s0=fng (39,2114) [filtered=402]
cnt=1 s0=fng (39,2114)* [filtered=402]
cnt=1 s0=fng (40,2114)* [filtered=402]
cnt=1 s0=fng (41,2114)* [filtered=402]
cnt=1 s0=fng (42,2114)* [filtered=402]
cnt=1 s0=fng (44,2114)* [filtered=402]
cnt=1 s0=fng (45,2114)* [filtered=402]
cnt=1 s0=fng (47,2114)* [filtered=402]
cnt=1 s0=fng (50,2114)* [filtered=402]
cnt=1 s0=fng (53,2114)* [filtered=402]
cnt=1 s0=fng (55,2114)* [filtered=402]
cnt=1 s0=fng (57,2114)* [filtered=402]
cnt=2 s0=PALM(59,2114)* s1=PALM(4748,1721) [filtered=403]
cnt=2 s0=PALM(63,2114) s1=PALM(4748,1721) [filtered=404]
cnt=2 s0=PALM(67,2115) s1=PALM(4748,1721) [filtered=405]
cnt=2 s0=PALM(70,2115) s1=PALM(4748,1721) [filtered=406]
cnt=2 s0=PALM(74,2116) s1=PALM(4748,1721) [filtered=407]
cnt=2 s0=PALM(77,2116) s1=PALM(4748,1721) [filtered=408]
cnt=2 s0=PALM(80,2116) s1=PALM(4748,1721) [filtered=409]
cnt=2 s0=PALM(82,2116) s1=PALM(4748,1721) [filtered=410]
cnt=2 s0=PALM(83,2116) s1=PALM(4748,1721) [filtered=411]
cnt=2 s0=PALM(85,2116) s1=PALM(4748,1721) [filtered=412]
cnt=2 s0=PALM(86,2116) s1=PALM(4748,1721) [filtered=413]
cnt=2 s0=PALM(88,2116) s1=PALM(4748,1721) [filtered=414]
cnt=2 s0=PALM(89,2116) s1=PALM(4748,1721) [filtered=415]
cnt=2 s0=PALM(90,2116) s1=PALM(4748,1721) [filtered=416]
cnt=2 s0=PALM(91,2116) s1=PALM(4748,1721) [filtered=417]
cnt=2 s0=PALM(92,2116) s1=PALM(4748,1721) [filtered=418]
cnt=2 s0=PALM(92,2116) s1=PALM(4748,1721) [filtered=419]
cnt=2 s0=PALM(92,2116) s1=PALM(4748,1721) [filtered=420]
cnt=2 s0=PALM(92,2116) s1=PALM(4748,1721) [filtered=421]
cnt=2 s0=PALM(92,2116) s1=PALM(4748,1721) [filtered=422]
cnt=2 s0=PALM(92,2116) s1=PALM(4748,1721)* [filtered=423]
cnt=2 s0=PALM(92,2116) s1=PALM(4748,1721)* [filtered=424]
cnt=2 s0=PALM(92,2116) s1=PALM(4748,1721)* [filtered=425]
cnt=2 s0=PALM(92,2116) s1=PALM(4748,1721)* [filtered=426]
cnt=2 s0=PALM(92,2116)* s1=PALM(4748,1721)* [filtered=427]
cnt=2 s0=PALM(92,2116)* s1=PALM(4748,1721)* [filtered=428]
cnt=2 s0=PALM(92,2116)* s1=PALM(4748,1721)* [filtered=429]
cnt=2 s0=PALM(91,2116)* s1=PALM(4748,1721)* [filtered=430]
cnt=2 s0=PALM(90,2116)* s1=PALM(4748,1721)* [filtered=431]
cnt=2 s0=PALM(89,2116)* s1=PALM(4747,1721)* [filtered=432]
cnt=2 s0=PALM(88,2116)* s1=PALM(4746,1720)* [filtered=433]
cnt=2 s0=PALM(87,2116)* s1=PALM(4746,1720)* [filtered=434]
cnt=2 s0=PALM(86,2116)* s1=PALM(4745,1720)* [filtered=435]
cnt=2 s0=PALM(85,2116)* s1=PALM(4744,1719)* [filtered=436]
cnt=2 s0=PALM(84,2116)* s1=PALM(4743,1719)* [filtered=437]
cnt=2 s0=PALM(82,2116)* s1=PALM(4743,1718)* [filtered=438]
cnt=2 s0=PALM(81,2116)* s1=PALM(4743,1718)* [filtered=439]
cnt=2 s0=PALM(80,2116)* s1=PALM(4743,1718)* [filtered=440]
cnt=2 s0=PALM(78,2116)* s1=PALM(4743,1718)* [filtered=441]
cnt=2 s0=PALM(76,2116)* s1=PALM(4743,1718)* [filtered=442]
cnt=2 s0=PALM(75,2116)* s1=PALM(4743,1718)* [filtered=443]
cnt=2 s0=PALM(74,2116)* s1=PALM(4743,1718)* [filtered=444]
cnt=2 s0=PALM(73,2116)* s1=PALM(4743,1719)* [filtered=445]
cnt=2 s0=PALM(71,2116)* s1=PALM(4743,1720)* [filtered=446]
cnt=2 s0=PALM(69,2116)* s1=PALM(4743,1720)* [filtered=447]
cnt=2 s0=PALM(68,2116)* s1=PALM(4743,1720)* [filtered=448]
cnt=2 s0=PALM(66,2116)* s1=PALM(4743,1721)* [filtered=449]
cnt=2 s0=PALM(64,2116)* s1=PALM(4743,1721)* [filtered=450]
cnt=2 s0=PALM(63,2116)* s1=PALM(4744,1722)* [filtered=451]
cnt=2 s0=PALM(61,2116)* s1=PALM(4745,1723)* [filtered=452]
cnt=2 s0=PALM(60,2116)* s1=PALM(4745,1723)* [filtered=453]
cnt=2 s0=PALM(59,2116)* s1=PALM(4746,1724)* [filtered=454]
cnt=2 s0=PALM(58,2116)* s1=PALM(4747,1725)* [filtered=455]
cnt=2 s0=PALM(56,2116)* s1=PALM(4747,1726)* [filtered=456]
cnt=2 s0=PALM(55,2116)* s1=PALM(4747,1727)* [filtered=457]
cnt=2 s0=PALM(53,2116)* s1=PALM(4747,1728)* [filtered=458]
cnt=2 s0=PALM(52,2116)* s1=PALM(4747,1730)* [filtered=459]
cnt=2 s0=PALM(51,2116)* s1=PALM(4747,1731)* [filtered=460]
cnt=2 s0=PALM(50,2116)* s1=PALM(4748,1733)* [filtered=461]
cnt=2 s0=PALM(49,2116)* s1=PALM(4748,1734)* [filtered=462]
cnt=2 s0=PALM(48,2116)* s1=PALM(4748,1735)* [filtered=463]
cnt=2 s0=PALM(47,2116)* s1=PALM(4748,1736)* [filtered=464]
cnt=2 s0=PALM(46,2116)* s1=PALM(4748,1738)* [filtered=465]
cnt=2 s0=PALM(45,2116)* s1=PALM(4749,1740)* [filtered=466]
cnt=2 s0=PALM(45,2116)* s1=PALM(4749,1741)* [filtered=467]
cnt=2 s0=PALM(44,2116)* s1=PALM(4750,1743)* [filtered=468]
cnt=2 s0=PALM(43,2116)* s1=PALM(4751,1745)* [filtered=469]
cnt=2 s0=PALM(42,2116)* s1=PALM(4752,1746)* [filtered=470]
cnt=2 s0=PALM(42,2116)* s1=PALM(4752,1747)* [filtered=471]
cnt=2 s0=PALM(41,2116)* s1=PALM(4753,1748)* [filtered=472]
cnt=2 s0=PALM(41,2115)* s1=PALM(4754,1750)* [filtered=473]
cnt=2 s0=PALM(41,2115)* s1=PALM(4755,1751)* [filtered=474]
cnt=2 s0=PALM(41,2115)* s1=PALM(4756,1753)* [filtered=475]
cnt=2 s0=PALM(41,2115)* s1=PALM(4756,1754)* [filtered=476]
cnt=2 s0=PALM(41,2115)* s1=PALM(4757,1755)* [filtered=477]
cnt=2 s0=PALM(41,2115)* s1=PALM(4757,1755)* [filtered=478]
cnt=2 s0=PALM(41,2114)* s1=PALM(4758,1756)* [filtered=479]
cnt=2 s0=PALM(41,2114)* s1=PALM(4758,1756)* [filtered=480]
cnt=2 s0=PALM(41,2114)* s1=PALM(4758,1756)* [filtered=481]
cnt=2 s0=PALM(41,2114)* s1=PALM(4758,1756)* [filtered=482]
cnt=2 s0=PALM(41,2114)* s1=PALM(4758,1756)* [filtered=483]
cnt=1 s0=fng (41,2114)* [filtered=483]
cnt=1 s0=fng (41,2114)* [filtered=483]
cnt=2 s0=PALM(41,2114)* s1=PALM(4755,1729) [filtered=484]
cnt=2 s0=PALM(41,2114)* s1=PALM(4755,1729) [filtered=485]
cnt=2 s0=PALM(41,2114)* s1=PALM(4755,1729) [filtered=486]
cnt=1 s0=fng (41,2114)* [filtered=486]
cnt=1 s0=fng (41,2114)* [filtered=486]
cnt=1 s0=fng (41,2114)* [filtered=486]
cnt=1 s0=fng (41,2114)* [filtered=486]
cnt=1 s0=fng (41,2114)* [filtered=486]
cnt=1 s0=fng (41,2114)* [filtered=486]
cnt=1 s0=fng (41,2114)* [filtered=486]
cnt=1 s0=fng (41,2114)* [filtered=486]
cnt=1 s0=fng (41,2114)* [filtered=486]
cnt=1 s0=fng (41,2114)* [filtered=486]
cnt=1 s0=fng (41,2114)* [filtered=486]
cnt=1 s0=fng (41,2114)* [filtered=486]
cnt=1 s0=fng (41,2114)* [filtered=486]
cnt=1 s0=fng (41,2114)* [filtered=486]
cnt=1 s0=fng (41,2114)* [filtered=486]
cnt=1 s0=fng (41,2114)* [filtered=486]
cnt=1 s0=fng (41,2114)* [filtered=486]
cnt=1 s0=fng (4737,1674) [filtered=486]
cnt=1 s0=fng (4737,1673) [filtered=486]
cnt=1 s0=fng (4737,1673) [filtered=486]
cnt=1 s0=fng (4737,1672) [filtered=486]
cnt=1 s0=fng (4737,1671) [filtered=486]
cnt=1 s0=fng (4737,1670) [filtered=486]
cnt=1 s0=fng (4736,1668) [filtered=486]
cnt=1 s0=fng (4736,1667) [filtered=486]
cnt=1 s0=fng (4735,1666) [filtered=486]
cnt=1 s0=fng (4733,1662) [filtered=486]
cnt=1 s0=fng (4731,1657) [filtered=486]
cnt=1 s0=fng (4730,1654) [filtered=486]
cnt=1 s0=fng (4728,1649) [filtered=486]
cnt=1 s0=fng (4725,1642) [filtered=486]
cnt=1 s0=fng (4722,1634) [filtered=486]
cnt=1 s0=fng (4718,1625) [filtered=486]
cnt=1 s0=fng (4716,1616) [filtered=486]
cnt=1 s0=fng (4713,1607) [filtered=486]
cnt=1 s0=fng (4709,1598) [filtered=486]
cnt=1 s0=fng (4705,1589) [filtered=486]
cnt=1 s0=fng (4701,1580) [filtered=486]
cnt=1 s0=fng (4698,1571) [filtered=486]
cnt=1 s0=fng (4695,1562) [filtered=486]
cnt=1 s0=fng (4693,1554) [filtered=486]
cnt=1 s0=fng (4691,1548) [filtered=486]
cnt=1 s0=fng (4690,1543) [filtered=486]
cnt=1 s0=fng (4690,1539) [filtered=486]
cnt=1 s0=fng (4690,1536) [filtered=486]
cnt=1 s0=fng (4690,1534) [filtered=486]
cnt=1 s0=fng (4691,1534) [filtered=486]
cnt=1 s0=fng (4692,1534) [filtered=486]
cnt=1 s0=fng (4693,1534) [filtered=486]
cnt=1 s0=fng (4694,1537) [filtered=486]
cnt=1 s0=fng (4695,1541) [filtered=486]
cnt=1 s0=fng (4696,1547) [filtered=486]
cnt=1 s0=fng (4697,1551) [filtered=486]
cnt=1 s0=fng (4698,1558) [filtered=486]
cnt=1 s0=fng (4700,1567) [filtered=486]
cnt=1 s0=fng (4703,1580) [filtered=486]
cnt=1 s0=fng (4706,1596) [filtered=486]
cnt=1 s0=fng (4708,1611) [filtered=486]
cnt=1 s0=fng (4711,1629) [filtered=486]
cnt=1 s0=fng (4715,1649) [filtered=486]
cnt=1 s0=fng (4718,1669) [filtered=486]
cnt=1 s0=fng (4720,1689) [filtered=486]
cnt=1 s0=fng (4724,1708) [filtered=486]
cnt=1 s0=fng (4728,1725) [filtered=486]
cnt=1 s0=fng (4732,1740) [filtered=486]
cnt=1 s0=fng (4736,1753) [filtered=486]
cnt=1 s0=fng (4759,1988) [filtered=486]
cnt=1 s0=fng (4759,1988) [filtered=486]
cnt=1 s0=fng (4759,1988) [filtered=486]
cnt=1 s0=fng (4759,1989) [filtered=486]
cnt=1 s0=fng (4759,1989) [filtered=486]
cnt=1 s0=fng (0,2198) [filtered=486]
cnt=1 s0=fng (0,2198) [filtered=486]
cnt=1 s0=fng (0,2198) [filtered=486]
cnt=1 s0=fng (0,2198) [filtered=486]
cnt=1 s0=fng (0,2198) [filtered=486]
cnt=1 s0=fng (0,2198) [filtered=486]
cnt=1 s0=fng (0,2198) [filtered=486]
cnt=1 s0=fng (0,2198) [filtered=486]
cnt=1 s0=fng (0,2198) [filtered=486]
cnt=1 s0=fng (0,2198) [filtered=486]
cnt=1 s0=fng (0,2198) [filtered=486]
cnt=1 s0=fng (0,2198) [filtered=486]
cnt=1 s0=fng (0,2198) [filtered=486]
cnt=1 s0=fng (0,2198) [filtered=486]
cnt=1 s0=fng (0,2198) [filtered=486]
cnt=1 s0=fng (0,2198) [filtered=486]
cnt=1 s0=fng (0,2198) [filtered=486]
cnt=1 s0=fng (0,2198) [filtered=486]
cnt=1 s0=fng (0,2198) [filtered=486]
cnt=1 s0=fng (0,2198) [filtered=486]
cnt=1 s0=fng (0,2198)* [filtered=486]
cnt=1 s0=fng (0,2198)* [filtered=486]
cnt=1 s0=fng (0,2198)* [filtered=486]
cnt=1 s0=fng (0,2198)* [filtered=486]
cnt=1 s0=fng (0,2198)* [filtered=486]
cnt=1 s0=fng (0,2198)* [filtered=486]
cnt=1 s0=fng (0,2198)* [filtered=486]
cnt=1 s0=fng (0,2198)* [filtered=486]
cnt=1 s0=fng (0,2198)* [filtered=486]
cnt=1 s0=fng (0,2198)* [filtered=486]
cnt=1 s0=fng (0,2198)* [filtered=486]
cnt=1 s0=fng (0,2198)* [filtered=486]
cnt=1 s0=fng (0,2198)* [filtered=486]
cnt=1 s0=fng (0,2198)* [filtered=486]
cnt=1 s0=fng (0,2198)* [filtered=486]
cnt=1 s0=fng (0,2198)* [filtered=486]
cnt=1 s0=fng (0,2198)* [filtered=486]
cnt=1 s0=fng (0,2198)* [filtered=486]
cnt=1 s0=fng (0,2198)* [filtered=486]
cnt=1 s0=fng (0,2198)* [filtered=486]
cnt=1 s0=fng (0,2198)* [filtered=486]
cnt=1 s0=fng (0,2198)* [filtered=486]
cnt=1 s0=fng (0,2198)* [filtered=486]
cnt=1 s0=fng (0,2198)* [filtered=486]
cnt=1 s0=fng (0,2198)* [filtered=486]
cnt=1 s0=fng (0,2198)* [filtered=486]
cnt=1 s0=fng (0,2198)* [filtered=486]
cnt=1 s0=fng (0,2198)* [filtered=486]
cnt=1 s0=fng (0,2198)* [filtered=486]
cnt=1 s0=fng (0,2198)* [filtered=486]
cnt=1 s0=fng (0,2198)* [filtered=486]
cnt=1 s0=fng (0,2198)* [filtered=486]
cnt=1 s0=fng (0,2198)* [filtered=486]
cnt=1 s0=fng (0,2198)* [filtered=486]
cnt=1 s0=fng (0,2198)* [filtered=486]
cnt=1 s0=fng (0,2198)* [filtered=486]
cnt=1 s0=fng (0,2198)* [filtered=486]
cnt=1 s0=fng (0,2198)* [filtered=486]
cnt=1 s0=fng (0,2198)* [filtered=486]
cnt=1 s0=fng (0,2198)* [filtered=486]
cnt=1 s0=fng (0,2198)* [filtered=486]
cnt=1 s0=fng (0,2198)* [filtered=486]
cnt=1 s0=fng (0,2198)* [filtered=486]
cnt=1 s0=fng (0,2198)* [filtered=486]
cnt=1 s0=fng (0,2198)* [filtered=486]
cnt=1 s0=fng (0,2198)* [filtered=486]
cnt=1 s0=fng (0,2198)* [filtered=486]
cnt=1 s0=fng (0,2198)* [filtered=486]
cnt=1 s0=fng (0,2198)* [filtered=486]
cnt=1 s0=fng (0,2198)* [filtered=486]
cnt=1 s0=fng (0,2198)* [filtered=486]
cnt=1 s0=fng (0,2198)* [filtered=486]
cnt=1 s0=fng (0,2198)* [filtered=486]
cnt=1 s0=fng (0,2198)* [filtered=486]
cnt=1 s0=fng (0,2198)* [filtered=486]
cnt=1 s0=fng (0,2198)* [filtered=486]
cnt=1 s0=fng (0,2198)* [filtered=486]
cnt=1 s0=fng (0,2198)* [filtered=486]
cnt=1 s0=fng (0,2198)* [filtered=486]
cnt=1 s0=fng (0,2198)* [filtered=486]
cnt=1 s0=fng (0,2198)* [filtered=486]
cnt=1 s0=fng (0,2198)* [filtered=486]
cnt=1 s0=fng (0,2198)* [filtered=486]
cnt=1 s0=fng (0,2198)* [filtered=486]
cnt=1 s0=fng (0,2198)* [filtered=486]
cnt=1 s0=fng (0,2198)* [filtered=486]
cnt=1 s0=fng (0,2198)* [filtered=486]
cnt=1 s0=fng (0,2198)* [filtered=486]
cnt=1 s0=fng (0,2198)* [filtered=486]
cnt=1 s0=fng (0,2198)* [filtered=486]
cnt=1 s0=fng (0,2198)* [filtered=486]
cnt=1 s0=fng (0,2198)* [filtered=486]
cnt=1 s0=fng (0,2198)* [filtered=486]
cnt=1 s0=fng (0,2198)* [filtered=486]
cnt=1 s0=fng (0,2198)* [filtered=486]
cnt=1 s0=fng (0,2198)* [filtered=486]
cnt=1 s0=fng (0,2198)* [filtered=486]
cnt=1 s0=fng (0,2198)* [filtered=486]
cnt=1 s0=fng (0,2198)* [filtered=486]
cnt=1 s0=fng (0,2198)* [filtered=486]
cnt=1 s0=fng (0,2198)* [filtered=486]
cnt=1 s0=fng (0,2198)* [filtered=486]
cnt=1 s0=fng (0,2198)* [filtered=486]
cnt=1 s0=fng (0,2198)* [filtered=486]
cnt=1 s0=fng (0,2198)* [filtered=486]
cnt=1 s0=fng (0,2198)* [filtered=486]
cnt=1 s0=fng (0,2198)* [filtered=486]
cnt=1 s0=fng (0,2198)* [filtered=486]
cnt=1 s0=fng (0,2198)* [filtered=486]
cnt=1 s0=fng (0,2198)* [filtered=486]
cnt=1 s0=fng (0,2198)* [filtered=486]
cnt=1 s0=fng (0,2198)* [filtered=486]
cnt=1 s0=fng (0,2198)* [filtered=486]
cnt=1 s0=fng (0,2198)* [filtered=486]
cnt=1 s0=fng (0,2198)* [filtered=486]
cnt=1 s0=fng (0,2198)* [filtered=486]
cnt=1 s0=fng (0,2198)* [filtered=486]
cnt=1 s0=fng (0,2198)* [filtered=486]
cnt=1 s0=fng (0,2198)* [filtered=486]
cnt=1 s0=fng (0,2198)* [filtered=486]
cnt=1 s0=fng (0,2198)* [filtered=486]
cnt=1 s0=fng (0,2198)* [filtered=486]
cnt=1 s0=fng (0,2198)* [filtered=486]
cnt=1 s0=fng (0,2198)* [filtered=486]
cnt=1 s0=fng (0,2198)* [filtered=486]
cnt=1 s0=fng (0,2198)* [filtered=486]
cnt=1 s0=fng (0,2198)* [filtered=486]
cnt=1 s0=fng (0,2198)* [filtered=486]
cnt=1 s0=fng (0,2198)* [filtered=486]
cnt=1 s0=fng (0,2198)* [filtered=486]
cnt=1 s0=fng (0,2198)* [filtered=486]
cnt=1 s0=fng (0,2198)* [filtered=486]
cnt=1 s0=fng (0,2198)* [filtered=486]
cnt=1 s0=fng (0,2198)* [filtered=486]
cnt=1 s0=fng (0,2198)* [filtered=486]
cnt=1 s0=fng (0,2198)* [filtered=486]
cnt=1 s0=fng (0,2198)* [filtered=486]
cnt=1 s0=fng (0,2198)* [filtered=486]
cnt=1 s0=fng (0,2198)* [filtered=486]
cnt=1 s0=fng (0,2198)* [filtered=486]
cnt=1 s0=fng (0,2198)* [filtered=486]
cnt=1 s0=fng (0,2198)* [filtered=486]
cnt=1 s0=fng (0,2198)* [filtered=486]
cnt=1 s0=fng (0,2198)* [filtered=486]
cnt=1 s0=fng (0,2198)* [filtered=486]
cnt=1 s0=fng (0,2198)* [filtered=486]
cnt=1 s0=fng (0,2198)* [filtered=486]
cnt=1 s0=fng (0,2198)* [filtered=486]
cnt=1 s0=fng (0,2198)* [filtered=486]
cnt=1 s0=fng (0,2198)* [filtered=486]
cnt=1 s0=fng (0,2198)* [filtered=486]
cnt=1 s0=fng (0,2198)* [filtered=486]
cnt=1 s0=fng (0,2198)* [filtered=486]
cnt=1 s0=fng (0,2198)* [filtered=486]
cnt=1 s0=fng (0,2198)* [filtered=486]
cnt=1 s0=fng (0,2198)* [filtered=486]
cnt=1 s0=fng (0,2198)* [filtered=486]
cnt=1 s0=fng (0,2198)* [filtered=486]
cnt=1 s0=fng (0,2198)* [filtered=486]
cnt=1 s0=fng (0,2198)* [filtered=486]
cnt=1 s0=fng (0,2198)* [filtered=486]
cnt=1 s0=fng (0,2198)* [filtered=486]
cnt=1 s0=fng (0,2198)* [filtered=486]
cnt=1 s0=fng (0,2198)* [filtered=486]
cnt=1 s0=fng (0,2198)* [filtered=486]
cnt=1 s0=fng (0,2198)* [filtered=486]
cnt=1 s0=fng (0,2198)* [filtered=486]
cnt=1 s0=fng (0,2198)* [filtered=486]
cnt=1 s0=fng (0,2198)* [filtered=486]
cnt=1 s0=fng (0,2198)* [filtered=486]
cnt=1 s0=fng (0,2198)* [filtered=486]
cnt=1 s0=fng (0,2198)* [filtered=486]
cnt=1 s0=fng (0,2198)* [filtered=486]
cnt=1 s0=fng (0,2198)* [filtered=486]
cnt=1 s0=fng (0,2198)* [filtered=486]
cnt=1 s0=fng (0,2198)* [filtered=486]
cnt=1 s0=fng (0,2198)* [filtered=486]
cnt=1 s0=fng (0,2198)* [filtered=486]
cnt=1 s0=fng (0,2198)* [filtered=486]
cnt=1 s0=fng (0,2198)* [filtered=486]
cnt=1 s0=fng (0,2198)* [filtered=486]
cnt=1 s0=fng (0,2198)* [filtered=486]
cnt=1 s0=fng (0,2198)* [filtered=486]
cnt=1 s0=fng (0,2198)* [filtered=486]
cnt=1 s0=fng (0,2198)* [filtered=486]
cnt=1 s0=fng (0,2198)* [filtered=486]
cnt=1 s0=fng (0,2198)* [filtered=486]
cnt=1 s0=fng (0,2198)* [filtered=486]
cnt=1 s0=fng (0,2198)* [filtered=486]
cnt=1 s0=fng (0,2198)* [filtered=486]
cnt=1 s0=fng (0,2198)* [filtered=486]
cnt=1 s0=fng (0,2198)* [filtered=486]
cnt=1 s0=fng (0,2198)* [filtered=486]
cnt=1 s0=fng (0,2198)* [filtered=486]
cnt=1 s0=fng (0,2198)* [filtered=486]
cnt=1 s0=fng (0,2198)* [filtered=486]
cnt=1 s0=fng (0,2198)* [filtered=486]
cnt=1 s0=fng (0,2198)* [filtered=486]
cnt=1 s0=fng (0,2198)* [filtered=486]
cnt=1 s0=fng (0,2198)* [filtered=486]
cnt=1 s0=fng (0,2198)* [filtered=486]
cnt=1 s0=fng (0,2198)* [filtered=486]
cnt=1 s0=fng (0,2198)* [filtered=486]
cnt=1 s0=fng (0,2198)* [filtered=486]
cnt=1 s0=fng (0,2198)* [filtered=486]
cnt=1 s0=fng (0,2198)* [filtered=486]
cnt=1 s0=fng (0,2198)* [filtered=486]
cnt=1 s0=fng (0,2198)* [filtered=486]
cnt=1 s0=fng (0,2197)* [filtered=486]
cnt=1 s0=fng (0,2196)* [filtered=486]
cnt=1 s0=fng (0,2196)* [filtered=486]
cnt=1 s0=fng (0,2196)* [filtered=486]
cnt=1 s0=fng (0,2196)* [filtered=486]
cnt=1 s0=fng (0,2196)* [filtered=486]
cnt=1 s0=fng (0,2196)* [filtered=486]
cnt=1 s0=fng (0,2196)* [filtered=486]
cnt=1 s0=fng (0,2196)* [filtered=486]
cnt=1 s0=fng (0,2196)* [filtered=486]
cnt=1 s0=fng (0,2195)* [filtered=486]
cnt=1 s0=fng (0,2195)* [filtered=486]
cnt=1 s0=fng (0,2195)* [filtered=486]
cnt=1 s0=fng (0,2195)* [filtered=486]
cnt=1 s0=fng (0,2195)* [filtered=486]
cnt=1 s0=fng (0,2195)* [filtered=486]
cnt=1 s0=fng (0,2195)* [filtered=486]
cnt=1 s0=fng (0,2195)* [filtered=486]
cnt=1 s0=fng (0,2195)* [filtered=486]
cnt=1 s0=fng (0,2195)* [filtered=486]
cnt=1 s0=fng (0,2195)* [filtered=486]
cnt=1 s0=fng (0,2195)* [filtered=486]
cnt=1 s0=fng (0,2195)* [filtered=486]
cnt=1 s0=fng (0,2195)* [filtered=486]
cnt=1 s0=fng (0,2195)* [filtered=486]
cnt=1 s0=fng (0,2195)* [filtered=486]
cnt=1 s0=fng (0,2195)* [filtered=486]
cnt=1 s0=fng (0,2195)* [filtered=486]
cnt=1 s0=fng (0,2195)* [filtered=486]
cnt=1 s0=fng (0,2195)* [filtered=486]
cnt=1 s0=fng (0,2195)* [filtered=486]
cnt=1 s0=fng (0,2195)* [filtered=486]
cnt=1 s0=fng (0,2195)* [filtered=486]
cnt=1 s0=fng (0,2195)* [filtered=486]
cnt=1 s0=fng (0,2195)* [filtered=486]
cnt=1 s0=fng (0,2195)* [filtered=486]
cnt=1 s0=fng (0,2195)* [filtered=486]
cnt=1 s0=fng (0,2195)* [filtered=486]
cnt=1 s0=fng (0,2185) [filtered=486]
cnt=1 s0=fng (0,2185) [filtered=486]
cnt=1 s0=fng (0,2185) [filtered=486]
cnt=1 s0=fng (0,2186) [filtered=486]
cnt=1 s0=fng (0,2186) [filtered=486]
cnt=1 s0=fng (0,2186) [filtered=486]
cnt=1 s0=fng (0,2186) [filtered=486]
cnt=1 s0=fng (0,2186) [filtered=486]
cnt=1 s0=fng (0,2186) [filtered=486]
cnt=1 s0=fng (0,2186) [filtered=486]
cnt=1 s0=fng (0,2186) [filtered=486]
cnt=1 s0=fng (0,2186) [filtered=486]
cnt=1 s0=fng (0,2186) [filtered=486]
cnt=1 s0=fng (0,2186) [filtered=486]
cnt=1 s0=fng (0,2186) [filtered=486]
cnt=1 s0=fng (0,2186) [filtered=486]
cnt=1 s0=fng (0,2186) [filtered=486]
cnt=1 s0=fng (0,2186) [filtered=486]
cnt=1 s0=fng (0,2186) [filtered=486]
cnt=1 s0=fng (0,2186) [filtered=486]
cnt=1 s0=fng (0,2186) [filtered=486]
cnt=1 s0=fng (0,2186) [filtered=486]
cnt=1 s0=fng (0,2186) [filtered=486]
cnt=1 s0=fng (0,2186)* [filtered=486]
cnt=1 s0=fng (0,2186)* [filtered=486]
cnt=1 s0=fng (0,2186)* [filtered=486]
cnt=1 s0=fng (0,2186)* [filtered=486]
cnt=1 s0=fng (0,2186)* [filtered=486]
cnt=1 s0=fng (0,2186)* [filtered=486]
cnt=1 s0=fng (0,2186)* [filtered=486]
cnt=1 s0=fng (0,2186)* [filtered=486]
cnt=1 s0=fng (0,2186)* [filtered=486]
cnt=1 s0=fng (0,2186)* [filtered=486]
cnt=1 s0=fng (0,2186)* [filtered=486]
cnt=1 s0=fng (0,2186)* [filtered=486]
cnt=1 s0=fng (0,2186)* [filtered=486]
cnt=1 s0=fng (0,2186)* [filtered=486]
cnt=1 s0=fng (0,2186)* [filtered=486]
cnt=1 s0=fng (0,2186)* [filtered=486]
cnt=1 s0=fng (0,2186)* [filtered=486]
cnt=1 s0=fng (0,2186)* [filtered=486]
cnt=1 s0=fng (0,2186)* [filtered=486]
cnt=1 s0=fng (0,2186)* [filtered=486]
cnt=1 s0=fng (0,2186)* [filtered=486]
cnt=1 s0=fng (0,2186)* [filtered=486]
cnt=1 s0=fng (0,2186)* [filtered=486]
cnt=1 s0=fng (0,2186)* [filtered=486]
cnt=1 s0=fng (0,2186)* [filtered=486]
cnt=1 s0=fng (0,2187)* [filtered=486]
cnt=1 s0=fng (0,2187)* [filtered=486]
cnt=1 s0=fng (0,2187)* [filtered=486]
cnt=1 s0=fng (0,2187)* [filtered=486]
cnt=1 s0=fng (0,2187)* [filtered=486]
cnt=1 s0=fng (0,2187)* [filtered=486]
cnt=1 s0=fng (0,2187)* [filtered=486]
cnt=1 s0=fng (0,2187)* [filtered=486]
cnt=1 s0=fng (0,2188)* [filtered=486]
cnt=1 s0=fng (0,2188)* [filtered=486]
cnt=1 s0=fng (0,2188)* [filtered=486]
cnt=1 s0=fng (0,2188)* [filtered=486]
cnt=1 s0=fng (0,2188)* [filtered=486]
cnt=1 s0=fng (0,2188)* [filtered=486]
cnt=1 s0=fng (0,2188)* [filtered=486]
cnt=2 s0=PALM(0,2188)* s1=PALM(4596,1729) [filtered=487]
cnt=2 s0=PALM(0,2188)* s1=PALM(4596,1729) [filtered=488]
cnt=2 s0=PALM(0,2189)* s1=PALM(4597,1729) [filtered=489]
cnt=2 s0=PALM(0,2189)* s1=PALM(4597,1729) [filtered=490]
cnt=2 s0=PALM(0,2189)* s1=PALM(4597,1729) [filtered=491]
cnt=2 s0=PALM(0,2190)* s1=PALM(4597,1728) [filtered=492]
cnt=2 s0=PALM(0,2190)* s1=PALM(4597,1727) [filtered=493]
cnt=2 s0=PALM(0,2190)* s1=PALM(4597,1727) [filtered=494]
cnt=2 s0=PALM(1,2190)* s1=PALM(4597,1726) [filtered=495]
cnt=2 s0=PALM(2,2190)* s1=PALM(4597,1725) [filtered=496]
cnt=2 s0=PALM(3,2190)* s1=PALM(4597,1724) [filtered=497]
cnt=2 s0=PALM(4,2190)* s1=PALM(4597,1722) [filtered=498]
cnt=2 s0=PALM(4,2190)* s1=PALM(4597,1721) [filtered=499]
cnt=2 s0=PALM(5,2190)* s1=PALM(4597,1720) [filtered=500]
cnt=2 s0=PALM(6,2190)* s1=PALM(4597,1719) [filtered=501]
cnt=2 s0=PALM(7,2190)* s1=PALM(4597,1718) [filtered=502]
cnt=2 s0=PALM(7,2190)* s1=PALM(4597,1717) [filtered=503]
cnt=2 s0=PALM(8,2190)* s1=PALM(4598,1716) [filtered=504]
cnt=2 s0=PALM(9,2190)* s1=PALM(4599,1715) [filtered=505]
cnt=2 s0=PALM(10,2190)* s1=PALM(4599,1714) [filtered=506]
cnt=2 s0=PALM(11,2190)* s1=PALM(4600,1713)* [filtered=507]
cnt=2 s0=PALM(12,2190)* s1=PALM(4600,1712)* [filtered=508]
cnt=2 s0=PALM(13,2190)* s1=PALM(4600,1711)* [filtered=509]
cnt=2 s0=PALM(14,2190)* s1=PALM(4601,1710)* [filtered=510]
cnt=2 s0=PALM(15,2190)* s1=PALM(4602,1709)* [filtered=511]
cnt=2 s0=PALM(16,2190)* s1=PALM(4603,1707)* [filtered=512]
cnt=2 s0=PALM(16,2190)* s1=PALM(4603,1706)* [filtered=513]
cnt=2 s0=PALM(17,2189)* s1=PALM(4604,1704)* [filtered=514]
cnt=2 s0=PALM(18,2189)* s1=PALM(4605,1701) [filtered=515]
cnt=2 s0=PALM(19,2188)* s1=PALM(4606,1699) [filtered=516]
cnt=2 s0=PALM(20,2188)* s1=PALM(4606,1698) [filtered=517]
cnt=2 s0=PALM(21,2188)* s1=PALM(4606,1696) [filtered=518]
cnt=2 s0=PALM(22,2187)* s1=PALM(4606,1693) [filtered=519]
cnt=2 s0=PALM(23,2187)* s1=PALM(4606,1690) [filtered=520]
cnt=2 s0=PALM(24,2186)* s1=PALM(4606,1687) [filtered=521]
cnt=2 s0=PALM(24,2186)* s1=PALM(4606,1686) [filtered=522]
cnt=2 s0=PALM(25,2185)* s1=PALM(4606,1684) [filtered=523]
cnt=2 s0=PALM(26,2185)* s1=PALM(4605,1681) [filtered=524]
cnt=2 s0=PALM(27,2184)* s1=PALM(4604,1678) [filtered=525]
cnt=2 s0=PALM(28,2184)* s1=PALM(4604,1677) [filtered=526]
cnt=2 s0=PALM(29,2184)* s1=PALM(4602,1675) [filtered=527]
cnt=2 s0=PALM(30,2183)* s1=PALM(4601,1673) [filtered=528]
cnt=2 s0=PALM(30,2183)* s1=PALM(4600,1671) [filtered=529]
cnt=2 s0=PALM(31,2182)* s1=PALM(4598,1669) [filtered=530]
cnt=2 s0=PALM(31,2182)* s1=PALM(4597,1668) [filtered=531]
cnt=2 s0=PALM(31,2181)* s1=PALM(4596,1667) [filtered=532]
cnt=2 s0=PALM(31,2181)* s1=PALM(4595,1666) [filtered=533]
cnt=2 s0=PALM(32,2180)* s1=PALM(4594,1665) [filtered=534]
cnt=2 s0=PALM(32,2180)* s1=PALM(4593,1665) [filtered=535]
cnt=2 s0=PALM(32,2180)* s1=PALM(4593,1665) [filtered=536]
cnt=2 s0=PALM(33,2179)* s1=PALM(4592,1665) [filtered=537]
cnt=2 s0=PALM(34,2178)* s1=PALM(4591,1665) [filtered=538]
cnt=2 s0=PALM(34,2178)* s1=PALM(4590,1665) [filtered=539]
cnt=2 s0=PALM(34,2178)* s1=PALM(4590,1665) [filtered=540]
cnt=2 s0=PALM(35,2177)* s1=PALM(4590,1665) [filtered=541]
cnt=2 s0=PALM(36,2177)* s1=PALM(4589,1665) [filtered=542]
cnt=2 s0=PALM(37,2176)* s1=PALM(4588,1665) [filtered=543]
cnt=2 s0=PALM(38,2176)* s1=PALM(4588,1665) [filtered=544]
cnt=2 s0=PALM(39,2176)* s1=PALM(4588,1665) [filtered=545]
cnt=2 s0=PALM(40,2175)* s1=PALM(4588,1665) [filtered=546]
cnt=2 s0=PALM(41,2174)* s1=PALM(4588,1665) [filtered=547]
cnt=2 s0=PALM(42,2174)* s1=PALM(4587,1665) [filtered=548]
cnt=2 s0=PALM(42,2174)* s1=PALM(4587,1665) [filtered=549]
cnt=2 s0=PALM(42,2174)* s1=PALM(4587,1665)* [filtered=550]
cnt=2 s0=PALM(42,2174)* s1=PALM(4586,1665)* [filtered=551]
cnt=2 s0=PALM(42,2174)* s1=PALM(4586,1665)* [filtered=552]
cnt=2 s0=PALM(42,2174)* s1=PALM(4585,1665)* [filtered=553]
cnt=2 s0=PALM(42,2174)* s1=PALM(4585,1665)* [filtered=554]
cnt=2 s0=PALM(42,2174)* s1=PALM(4585,1665)* [filtered=555]
cnt=2 s0=PALM(42,2174)* s1=PALM(4584,1665)* [filtered=556]
cnt=2 s0=PALM(42,2174)* s1=PALM(4583,1665)* [filtered=557]
cnt=2 s0=PALM(42,2174)* s1=PALM(4583,1665)* [filtered=558]
cnt=2 s0=PALM(42,2174)* s1=PALM(4583,1665)* [filtered=559]
cnt=2 s0=PALM(42,2174)* s1=PALM(4582,1665)* [filtered=560]
cnt=2 s0=PALM(42,2174)* s1=PALM(4582,1665)* [filtered=561]
cnt=2 s0=PALM(42,2174)* s1=PALM(4582,1665)* [filtered=562]
cnt=2 s0=PALM(42,2174)* s1=PALM(4582,1665)* [filtered=563]
cnt=2 s0=PALM(42,2174)* s1=PALM(4582,1665)* [filtered=564]
cnt=2 s0=PALM(42,2174)* s1=PALM(4582,1665)* [filtered=565]
cnt=2 s0=PALM(42,2174)* s1=PALM(4582,1666)* [filtered=566]
cnt=2 s0=PALM(42,2174)* s1=PALM(4583,1667)* [filtered=567]
cnt=2 s0=PALM(42,2174)* s1=PALM(4583,1667)* [filtered=568]
cnt=2 s0=PALM(42,2174)* s1=PALM(4583,1667)* [filtered=569]
cnt=2 s0=PALM(42,2174)* s1=PALM(4584,1668)* [filtered=570]
cnt=2 s0=PALM(42,2173)* s1=PALM(4585,1668)* [filtered=571]
cnt=2 s0=PALM(42,2173)* s1=PALM(4585,1669)* [filtered=572]
cnt=2 s0=PALM(42,2173)* s1=PALM(4585,1669)* [filtered=573]
cnt=2 s0=PALM(42,2173)* s1=PALM(4586,1669)* [filtered=574]
cnt=2 s0=PALM(42,2173)* s1=PALM(4586,1670)* [filtered=575]
cnt=2 s0=PALM(42,2173)* s1=PALM(4586,1671)* [filtered=576]
cnt=2 s0=PALM(42,2173)* s1=PALM(4586,1671)* [filtered=577]
cnt=2 s0=PALM(42,2173)* s1=PALM(4586,1671)* [filtered=578]
cnt=2 s0=PALM(42,2173)* s1=PALM(4586,1671)* [filtered=579]
cnt=2 s0=PALM(42,2172)* s1=PALM(4586,1671)* [filtered=580]
cnt=2 s0=PALM(42,2172)* s1=PALM(4586,1671)* [filtered=581]
cnt=2 s0=PALM(42,2172)* s1=PALM(4586,1671)* [filtered=582]
cnt=2 s0=PALM(42,2172)* s1=PALM(4586,1671)* [filtered=583]
cnt=2 s0=PALM(42,2172)* s1=PALM(4586,1671)* [filtered=584]
cnt=2 s0=PALM(42,2172)* s1=PALM(4585,1671)* [filtered=585]
cnt=2 s0=PALM(42,2172)* s1=PALM(4585,1671)* [filtered=586]
cnt=2 s0=PALM(42,2172)* s1=PALM(4585,1671)* [filtered=587]
cnt=2 s0=PALM(42,2172)* s1=PALM(4585,1671)* [filtered=588]
cnt=2 s0=PALM(42,2172)* s1=PALM(4585,1671)* [filtered=589]
cnt=2 s0=PALM(42,2172)* s1=PALM(4585,1672)* [filtered=590]
cnt=2 s0=PALM(42,2172)* s1=PALM(4585,1672)* [filtered=591]
cnt=2 s0=PALM(42,2172)* s1=PALM(4585,1672)* [filtered=592]
cnt=2 s0=PALM(42,2172)* s1=PALM(4585,1672)* [filtered=593]
cnt=2 s0=PALM(42,2172)* s1=PALM(4585,1672)* [filtered=594]
cnt=2 s0=PALM(42,2172)* s1=PALM(4585,1672)* [filtered=595]
cnt=2 s0=PALM(42,2172)* s1=PALM(4585,1672)* [filtered=596]
cnt=2 s0=PALM(42,2172)* s1=PALM(4585,1672)* [filtered=597]
cnt=2 s0=PALM(42,2172)* s1=PALM(4585,1672)* [filtered=598]
cnt=2 s0=PALM(42,2172)* s1=PALM(4584,1672)* [filtered=599]
cnt=2 s0=PALM(42,2172)* s1=PALM(4583,1672)* [filtered=600]
cnt=2 s0=PALM(42,2172)* s1=PALM(4583,1672)* [filtered=601]
cnt=2 s0=PALM(41,2172)* s1=PALM(4582,1672)* [filtered=602]
cnt=2 s0=PALM(40,2172)* s1=PALM(4580,1671)* [filtered=603]
cnt=2 s0=PALM(40,2172)* s1=PALM(4578,1671)* [filtered=604]
cnt=2 s0=PALM(40,2172)* s1=PALM(4575,1670) [filtered=605]
cnt=2 s0=PALM(40,2172)* s1=PALM(4574,1670) [filtered=606]
cnt=2 s0=PALM(40,2172)* s1=PALM(4572,1669) [filtered=607]
cnt=2 s0=PALM(39,2172)* s1=PALM(4569,1669) [filtered=608]
cnt=2 s0=PALM(39,2172)* s1=PALM(4567,1669) [filtered=609]
cnt=2 s0=PALM(39,2172)* s1=PALM(4566,1669) [filtered=610]
cnt=2 s0=PALM(39,2172)* s1=PALM(4564,1669) [filtered=611]
cnt=2 s0=PALM(39,2172)* s1=PALM(4562,1669) [filtered=612]
cnt=2 s0=PALM(39,2172)* s1=PALM(4560,1669) [filtered=613]
cnt=2 s0=PALM(39,2172)* s1=PALM(4558,1669) [filtered=614]
cnt=2 s0=PALM(39,2172)* s1=PALM(4557,1669) [filtered=615]
cnt=2 s0=PALM(39,2172)* s1=PALM(4555,1669) [filtered=616]
cnt=2 s0=PALM(39,2172)* s1=PALM(4553,1669) [filtered=617]
cnt=2 s0=PALM(39,2172)* s1=PALM(4552,1669) [filtered=618]
cnt=2 s0=PALM(39,2172)* s1=PALM(4550,1669) [filtered=619]
cnt=2 s0=PALM(39,2172)* s1=PALM(4549,1669) [filtered=620]
cnt=2 s0=PALM(39,2172)* s1=PALM(4548,1669) [filtered=621]
cnt=2 s0=PALM(39,2172)* s1=PALM(4547,1669) [filtered=622]
cnt=2 s0=PALM(39,2172)* s1=PALM(4546,1669) [filtered=623]
cnt=2 s0=PALM(39,2172)* s1=PALM(4546,1669) [filtered=624]
cnt=2 s0=PALM(39,2172)* s1=PALM(4546,1670)* [filtered=625]
cnt=2 s0=PALM(39,2172)* s1=PALM(4546,1671)* [filtered=626]
cnt=2 s0=PALM(39,2172)* s1=PALM(4546,1672)* [filtered=627]
cnt=2 s0=PALM(39,2172)* s1=PALM(4546,1673)* [filtered=628]
cnt=2 s0=PALM(39,2172)* s1=PALM(4546,1674)* [filtered=629]
cnt=2 s0=PALM(39,2172)* s1=PALM(4546,1675)* [filtered=630]
cnt=2 s0=PALM(39,2172)* s1=PALM(4546,1677)* [filtered=631]
cnt=2 s0=PALM(39,2172)* s1=PALM(4546,1679)* [filtered=632]
cnt=2 s0=PALM(39,2172)* s1=PALM(4546,1681)* [filtered=633]
cnt=2 s0=PALM(39,2172)* s1=PALM(4546,1682)* [filtered=634]
cnt=2 s0=PALM(39,2172)* s1=PALM(4546,1684)* [filtered=635]
cnt=2 s0=PALM(39,2171)* s1=PALM(4546,1686)* [filtered=636]
cnt=2 s0=PALM(39,2171)* s1=PALM(4546,1688)* [filtered=637]
cnt=2 s0=PALM(39,2171)* s1=PALM(4546,1689)* [filtered=638]
cnt=2 s0=PALM(39,2171)* s1=PALM(4546,1691)* [filtered=639]
cnt=2 s0=PALM(39,2171)* s1=PALM(4546,1693)* [filtered=640]
cnt=2 s0=PALM(39,2171)* s1=PALM(4546,1695)* [filtered=641]
cnt=2 s0=PALM(39,2170)* s1=PALM(4546,1697)* [filtered=642]
cnt=2 s0=PALM(39,2170)* s1=PALM(4546,1698)* [filtered=643]
cnt=2 s0=PALM(39,2170)* s1=PALM(4545,1699)* [filtered=644]
cnt=2 s0=PALM(39,2169)* s1=PALM(4544,1700)* [filtered=645]
cnt=2 s0=PALM(39,2169)* s1=PALM(4544,1701)* [filtered=646]
cnt=2 s0=PALM(39,2169)* s1=PALM(4543,1702)* [filtered=647]
cnt=2 s0=PALM(39,2169)* s1=PALM(4543,1703)* [filtered=648]
cnt=2 s0=PALM(39,2169)* s1=PALM(4542,1703)* [filtered=649]
cnt=2 s0=PALM(39,2169)* s1=PALM(4541,1704)* [filtered=650]
cnt=2 s0=PALM(39,2169)* s1=PALM(4540,1705)* [filtered=651]
cnt=2 s0=PALM(39,2169)* s1=PALM(4539,1705)* [filtered=652]
cnt=2 s0=PALM(39,2169)* s1=PALM(4538,1705)* [filtered=653]
cnt=2 s0=PALM(39,2169)* s1=PALM(4537,1705)* [filtered=654]
cnt=2 s0=PALM(39,2168)* s1=PALM(4536,1705)* [filtered=655]
cnt=2 s0=PALM(39,2168)* s1=PALM(4535,1706)* [filtered=656]
cnt=2 s0=PALM(39,2168)* s1=PALM(4534,1706)* [filtered=657]
cnt=2 s0=PALM(39,2168)* s1=PALM(4533,1706)* [filtered=658]
cnt=2 s0=PALM(39,2168)* s1=PALM(4532,1707)* [filtered=659]
cnt=2 s0=PALM(39,2168)* s1=PALM(4532,1708)* [filtered=660]
cnt=2 s0=PALM(39,2167)* s1=PALM(4531,1708)* [filtered=661]
cnt=2 s0=PALM(39,2167)* s1=PALM(4531,1708)* [filtered=662]
cnt=2 s0=PALM(38,2166)* s1=PALM(4531,1709)* [filtered=663]
cnt=2 s0=PALM(38,2166)* s1=PALM(4531,1709)* [filtered=664]
cnt=2 s0=PALM(37,2166)* s1=PALM(4531,1710)* [filtered=665]
cnt=2 s0=PALM(37,2166)* s1=PALM(4531,1710)* [filtered=666]
cnt=2 s0=PALM(36,2165)* s1=PALM(4531,1710)* [filtered=667]
cnt=2 s0=PALM(35,2165)* s1=PALM(4531,1711)* [filtered=668]
cnt=2 s0=PALM(34,2165)* s1=PALM(4531,1712)* [filtered=669]
cnt=2 s0=PALM(34,2164)* s1=PALM(4531,1712)* [filtered=670]
cnt=2 s0=PALM(34,2164)* s1=PALM(4531,1712)* [filtered=671]
cnt=2 s0=PALM(33,2163)* s1=PALM(4531,1713)* [filtered=672]
cnt=2 s0=PALM(32,2163)* s1=PALM(4531,1713)* [filtered=673]
cnt=2 s0=PALM(32,2163)* s1=PALM(4531,1714)* [filtered=674]
cnt=2 s0=PALM(32,2162)* s1=PALM(4531,1714)* [filtered=675]
cnt=2 s0=PALM(32,2162)* s1=PALM(4531,1714)* [filtered=676]
cnt=2 s0=PALM(32,2162)* s1=PALM(4531,1714)* [filtered=677]
cnt=2 s0=PALM(31,2161)* s1=PALM(4531,1714)* [filtered=678]
cnt=2 s0=PALM(31,2160)* s1=PALM(4531,1714)* [filtered=679]
cnt=2 s0=PALM(31,2159)* s1=PALM(4531,1714)* [filtered=680]
cnt=2 s0=PALM(31,2159)* s1=PALM(4531,1714)* [filtered=681]
cnt=2 s0=PALM(31,2158)* s1=PALM(4531,1714)* [filtered=682]
cnt=2 s0=PALM(31,2158)* s1=PALM(4531,1714)* [filtered=683]
cnt=2 s0=PALM(30,2157)* s1=PALM(4531,1714)* [filtered=684]
cnt=2 s0=PALM(30,2157)* s1=PALM(4531,1714)* [filtered=685]
cnt=2 s0=PALM(30,2156)* s1=PALM(4531,1714)* [filtered=686]
cnt=2 s0=PALM(30,2155)* s1=PALM(4531,1714)* [filtered=687]
cnt=2 s0=PALM(30,2155)* s1=PALM(4531,1714)* [filtered=688]
cnt=2 s0=PALM(30,2154)* s1=PALM(4531,1714)* [filtered=689]
cnt=2 s0=PALM(30,2154)* s1=PALM(4531,1714)* [filtered=690]
cnt=2 s0=PALM(30,2154)* s1=PALM(4531,1714)* [filtered=691]
cnt=2 s0=PALM(30,2153)* s1=PALM(4531,1714)* [filtered=692]
cnt=2 s0=PALM(30,2153)* s1=PALM(4531,1714)* [filtered=693]
cnt=2 s0=PALM(30,2152)* s1=PALM(4531,1714)* [filtered=694]
cnt=2 s0=PALM(30,2152)* s1=PALM(4531,1714)* [filtered=695]
cnt=2 s0=PALM(30,2151)* s1=PALM(4531,1714)* [filtered=696]
cnt=2 s0=PALM(30,2151)* s1=PALM(4531,1714)* [filtered=697]
cnt=2 s0=PALM(30,2150)* s1=PALM(4532,1714)* [filtered=698]
cnt=2 s0=PALM(30,2150)* s1=PALM(4532,1714)* [filtered=699]
cnt=2 s0=PALM(30,2150)* s1=PALM(4532,1714)* [filtered=700]
cnt=2 s0=PALM(30,2149)* s1=PALM(4533,1714)* [filtered=701]
cnt=2 s0=PALM(30,2148)* s1=PALM(4533,1714)* [filtered=702]
cnt=2 s0=PALM(30,2147)* s1=PALM(4534,1715)* [filtered=703]
cnt=2 s0=PALM(30,2147)* s1=PALM(4534,1715)* [filtered=704]
cnt=2 s0=PALM(30,2146)* s1=PALM(4534,1715)* [filtered=705]
cnt=2 s0=PALM(30,2145)* s1=PALM(4535,1716)* [filtered=706]
cnt=2 s0=PALM(30,2144)* s1=PALM(4535,1716)* [filtered=707]
cnt=2 s0=PALM(30,2143)* s1=PALM(4535,1716)* [filtered=708]
cnt=2 s0=PALM(30,2142)* s1=PALM(4536,1716)* [filtered=709]
cnt=2 s0=PALM(30,2141)* s1=PALM(4537,1716)* [filtered=710]
cnt=2 s0=PALM(30,2140)* s1=PALM(4537,1716)* [filtered=711]
cnt=2 s0=PALM(30,2139)* s1=PALM(4537,1716)* [filtered=712]
cnt=2 s0=PALM(30,2139)* s1=PALM(4537,1716)* [filtered=713]
cnt=2 s0=PALM(30,2138)* s1=PALM(4537,1716)* [filtered=714]
cnt=2 s0=PALM(30,2137)* s1=PALM(4537,1716)* [filtered=715]
cnt=2 s0=PALM(30,2136)* s1=PALM(4537,1716)* [filtered=716]
cnt=2 s0=PALM(30,2135)* s1=PALM(4537,1716)* [filtered=717]
cnt=2 s0=PALM(30,2134)* s1=PALM(4537,1716)* [filtered=718]
cnt=2 s0=PALM(30,2133)* s1=PALM(4537,1716)* [filtered=719]
cnt=2 s0=PALM(30,2132)* s1=PALM(4537,1716)* [filtered=720]
cnt=2 s0=PALM(30,2131)* s1=PALM(4537,1716)* [filtered=721]
cnt=2 s0=PALM(30,2131)* s1=PALM(4537,1716)* [filtered=722]
cnt=2 s0=PALM(30,2130)* s1=PALM(4537,1716)* [filtered=723]
cnt=2 s0=PALM(30,2129)* s1=PALM(4538,1716)* [filtered=724]
cnt=2 s0=PALM(30,2128)* s1=PALM(4538,1716)* [filtered=725]
cnt=2 s0=PALM(30,2127)* s1=PALM(4539,1716)* [filtered=726]
cnt=2 s0=PALM(30,2126)* s1=PALM(4539,1716)* [filtered=727]
cnt=2 s0=PALM(30,2125)* s1=PALM(4540,1717)* [filtered=728]
cnt=2 s0=PALM(30,2125)* s1=PALM(4541,1717)* [filtered=729]
cnt=2 s0=PALM(30,2124)* s1=PALM(4542,1718)* [filtered=730]
cnt=2 s0=PALM(30,2124)* s1=PALM(4543,1718)* [filtered=731]
cnt=2 s0=PALM(30,2124)* s1=PALM(4543,1718)* [filtered=732]
cnt=2 s0=PALM(30,2123)* s1=PALM(4544,1719)* [filtered=733]
cnt=2 s0=PALM(30,2123)* s1=PALM(4545,1720)* [filtered=734]
cnt=2 s0=PALM(30,2122)* s1=PALM(4546,1721)* [filtered=735]
cnt=2 s0=PALM(30,2122)* s1=PALM(4547,1721)* [filtered=736]
cnt=2 s0=PALM(30,2121)* s1=PALM(4548,1722)* [filtered=737]
cnt=2 s0=PALM(30,2121)* s1=PALM(4549,1723)* [filtered=738]
cnt=2 s0=PALM(30,2120)* s1=PALM(4550,1724)* [filtered=739]
cnt=2 s0=PALM(30,2120)* s1=PALM(4551,1724)* [filtered=740]
cnt=2 s0=PALM(30,2120)* s1=PALM(4552,1724)* [filtered=741]
cnt=2 s0=PALM(30,2119)* s1=PALM(4553,1725)* [filtered=742]
cnt=2 s0=PALM(30,2119)* s1=PALM(4554,1725)* [filtered=743]
cnt=2 s0=PALM(30,2119)* s1=PALM(4555,1726)* [filtered=744]
cnt=2 s0=PALM(30,2119)* s1=PALM(4556,1727)* [filtered=745]
cnt=2 s0=PALM(30,2119)* s1=PALM(4556,1727)* [filtered=746]
cnt=2 s0=PALM(30,2119)* s1=PALM(4556,1727)* [filtered=747]
cnt=2 s0=PALM(30,2119)* s1=PALM(4557,1728)* [filtered=748]
cnt=2 s0=PALM(30,2119)* s1=PALM(4557,1728)* [filtered=749]
cnt=2 s0=PALM(30,2119)* s1=PALM(4557,1728)* [filtered=750]
cnt=2 s0=PALM(30,2119)* s1=PALM(4557,1728)* [filtered=751]
cnt=2 s0=PALM(30,2119)* s1=PALM(4557,1728)* [filtered=752]
cnt=2 s0=PALM(30,2119)* s1=PALM(4557,1728)* [filtered=753]
cnt=2 s0=PALM(30,2119)* s1=PALM(4557,1728)* [filtered=754]
cnt=2 s0=PALM(30,2119)* s1=PALM(4557,1728)* [filtered=755]
cnt=2 s0=PALM(30,2119)* s1=PALM(4557,1728)* [filtered=756]
cnt=2 s0=PALM(30,2119)* s1=PALM(4557,1728)* [filtered=757]
cnt=2 s0=PALM(30,2119)* s1=PALM(4557,1728)* [filtered=758]
cnt=2 s0=PALM(30,2119)* s1=PALM(4557,1728)* [filtered=759]
cnt=2 s0=PALM(30,2119)* s1=PALM(4557,1728)* [filtered=760]
cnt=2 s0=PALM(30,2119)* s1=PALM(4557,1728)* [filtered=761]
cnt=2 s0=PALM(30,2119)* s1=PALM(4557,1728)* [filtered=762]
cnt=2 s0=PALM(30,2119)* s1=PALM(4557,1728)* [filtered=763]
cnt=2 s0=PALM(30,2119)* s1=PALM(4557,1728)* [filtered=764]
cnt=2 s0=PALM(30,2119)* s1=PALM(4557,1728)* [filtered=765]
cnt=2 s0=PALM(30,2119)* s1=PALM(4557,1728)* [filtered=766]
cnt=2 s0=PALM(30,2119)* s1=PALM(4557,1728)* [filtered=767]
cnt=2 s0=PALM(30,2119)* s1=PALM(4557,1728)* [filtered=768]
cnt=2 s0=PALM(30,2119)* s1=PALM(4557,1728)* [filtered=769]
cnt=2 s0=PALM(30,2119)* s1=PALM(4557,1728)* [filtered=770]
cnt=2 s0=PALM(30,2119)* s1=PALM(4557,1728)* [filtered=771]
cnt=2 s0=PALM(30,2119)* s1=PALM(4557,1728)* [filtered=772]
cnt=2 s0=PALM(30,2119)* s1=PALM(4557,1728)* [filtered=773]
cnt=2 s0=PALM(30,2119)* s1=PALM(4557,1728)* [filtered=774]
cnt=2 s0=PALM(30,2119)* s1=PALM(4557,1728)* [filtered=775]
cnt=2 s0=PALM(30,2119)* s1=PALM(4557,1728)* [filtered=776]
cnt=2 s0=PALM(30,2119)* s1=PALM(4557,1728)* [filtered=777]
cnt=2 s0=PALM(30,2119)* s1=PALM(4557,1728)* [filtered=778]
cnt=2 s0=PALM(30,2119)* s1=PALM(4557,1728)* [filtered=779]
cnt=2 s0=PALM(30,2119)* s1=PALM(4557,1728)* [filtered=780]
cnt=2 s0=PALM(30,2119)* s1=PALM(4557,1728)* [filtered=781]
cnt=2 s0=PALM(30,2119)* s1=PALM(4557,1728)* [filtered=782]
cnt=2 s0=PALM(30,2119)* s1=PALM(4557,1728)* [filtered=783]
cnt=2 s0=PALM(30,2119)* s1=PALM(4557,1728)* [filtered=784]
cnt=2 s0=PALM(29,2119)* s1=PALM(4557,1728)* [filtered=785]
cnt=2 s0=PALM(28,2119)* s1=PALM(4556,1728)* [filtered=786]
cnt=2 s0=PALM(27,2119)* s1=PALM(4555,1727)* [filtered=787]
cnt=2 s0=PALM(27,2119)* s1=PALM(4555,1727)* [filtered=788]
cnt=2 s0=PALM(26,2119)* s1=PALM(4554,1727)* [filtered=789]
cnt=2 s0=PALM(25,2119)* s1=PALM(4553,1726)* [filtered=790]
cnt=1 s1=fng (4552,1725)* [filtered=790]
cnt=1 s1=fng (4550,1724)* [filtered=790]
cnt=1 s1=fng (4549,1724)* [filtered=790]
cnt=1 s1=fng (4547,1723)* [filtered=790]
cnt=1 s1=fng (4544,1722) [filtered=790]
cnt=1 s1=fng (4541,1721) [filtered=790]
cnt=1 s1=fng (4539,1720) [filtered=790]
cnt=1 s1=fng (4538,1719) [filtered=790]
cnt=1 s1=fng (4536,1718) [filtered=790]
cnt=1 s1=fng (4534,1717) [filtered=790]
cnt=1 s1=fng (4533,1716) [filtered=790]
cnt=1 s1=fng (4532,1716) [filtered=790]
cnt=1 s1=fng (4531,1716) [filtered=790]
cnt=1 s1=fng (4530,1715) [filtered=790]
cnt=1 s1=fng (4529,1714) [filtered=790]
cnt=1 s1=fng (4529,1714) [filtered=790]
cnt=1 s1=fng (4529,1714) [filtered=790]
cnt=1 s1=fng (4529,1714) [filtered=790]
cnt=1 s1=fng (4529,1714) [filtered=790]
cnt=1 s1=fng (4529,1714) [filtered=790]
cnt=1 s1=fng (4529,1714) [filtered=790]
cnt=1 s1=fng (4529,1714) [filtered=790]
cnt=1 s1=fng (4530,1714) [filtered=790]
cnt=1 s1=fng (4530,1714) [filtered=790]
cnt=1 s1=fng (4531,1714) [filtered=790]
cnt=1 s1=fng (4531,1714)* [filtered=790]
cnt=1 s1=fng (4532,1714)* [filtered=790]
cnt=1 s1=fng (4532,1715)* [filtered=790]
cnt=1 s1=fng (4533,1716)* [filtered=790]
cnt=1 s1=fng (4533,1716)* [filtered=790]
cnt=1 s1=fng (4533,1716)* [filtered=790]
cnt=1 s1=fng (4534,1717)* [filtered=790]
cnt=1 s1=fng (4534,1717)* [filtered=790]
cnt=1 s1=fng (4535,1718)* [filtered=790]
cnt=1 s1=fng (4535,1718)* [filtered=790]
cnt=1 s1=fng (4535,1718)* [filtered=790]
cnt=1 s1=fng (4535,1719)* [filtered=790]
cnt=1 s1=fng (4535,1720)* [filtered=790]
cnt=1 s1=fng (4535,1720)* [filtered=790]
cnt=1 s1=fng (4535,1721)* [filtered=790]
cnt=1 s1=fng (4535,1721)* [filtered=790]
cnt=1 s1=fng (4535,1721)* [filtered=790]
cnt=1 s1=fng (4534,1721)* [filtered=790]
cnt=1 s1=fng (4534,1721)* [filtered=790]
cnt=1 s1=fng (4534,1721)* [filtered=790]
cnt=1 s1=fng (4533,1721)* [filtered=790]
cnt=1 s1=fng (4533,1721)* [filtered=790]
cnt=1 s1=fng (4532,1721)* [filtered=790]
cnt=1 s1=fng (4532,1721)* [filtered=790]
cnt=1 s1=fng (4532,1721)* [filtered=790]
cnt=1 s1=fng (4531,1721)* [filtered=790]
cnt=1 s1=fng (4530,1721)* [filtered=790]
cnt=1 s1=fng (4530,1721)* [filtered=790]
cnt=1 s1=fng (4530,1721)* [filtered=790]
cnt=1 s1=fng (4530,1721)* [filtered=790]
cnt=1 s1=fng (4530,1721)* [filtered=790]
cnt=1 s1=fng (4530,1721)* [filtered=790]
cnt=1 s1=fng (4530,1721)* [filtered=790]
cnt=1 s1=fng (4530,1721)* [filtered=790]
cnt=2 s0=fng (1113,24) s1=PALM(4530,1721)* [filtered=791]
cnt=2 s0=fng (1112,24) s1=PALM(4530,1721)* [filtered=792]
cnt=2 s0=fng (1112,24) s1=PALM(4530,1721)* [filtered=793]
cnt=2 s0=fng (1111,24) s1=PALM(4530,1721)* [filtered=794]
cnt=2 s0=fng (1111,24) s1=PALM(4530,1721)* [filtered=795]
cnt=2 s0=fng (1110,24) s1=PALM(4530,1721)* [filtered=796]
cnt=2 s0=fng (1109,24) s1=PALM(4530,1721)* [filtered=797]
cnt=2 s0=fng (1107,24) s1=PALM(4530,1721)* [filtered=798]
cnt=2 s0=fng (1106,24) s1=PALM(4530,1721)* [filtered=799]
cnt=2 s0=fng (1105,24) s1=PALM(4530,1721)* [filtered=800]
cnt=2 s0=fng (1103,24) s1=PALM(4530,1721)* [filtered=801]
cnt=2 s0=fng (1101,24) s1=PALM(4530,1721)* [filtered=802]
cnt=2 s0=fng (1100,24) s1=PALM(4530,1721)* [filtered=803]
cnt=2 s0=fng (1099,24) s1=PALM(4530,1721)* [filtered=804]
cnt=2 s0=fng (1099,24) s1=PALM(4530,1721)* [filtered=805]
cnt=1 s1=fng (4531,1721)* [filtered=805]
cnt=1 s1=fng (4532,1721)* [filtered=805]
cnt=1 s1=fng (4533,1721)* [filtered=805]
cnt=1 s1=fng (4533,1721)* [filtered=805]
cnt=1 s1=fng (4534,1721)* [filtered=805]
cnt=1 s1=fng (4535,1721)* [filtered=805]
cnt=1 s1=fng (4536,1721)* [filtered=805]
cnt=1 s1=fng (4537,1721)* [filtered=805]
cnt=1 s1=fng (4537,1721)* [filtered=805]
cnt=1 s1=fng (4538,1721)* [filtered=805]
cnt=1 s1=fng (4539,1721)* [filtered=805]
cnt=1 s1=fng (4540,1721)* [filtered=805]
cnt=1 s1=fng (4541,1721)* [filtered=805]
cnt=1 s1=fng (4541,1721)* [filtered=805]
cnt=1 s1=fng (4542,1721)* [filtered=805]
cnt=1 s1=fng (4542,1721)* [filtered=805]
cnt=1 s1=fng (4543,1721)* [filtered=805]
cnt=1 s1=fng (4543,1721)* [filtered=805]
cnt=1 s1=fng (4543,1721)* [filtered=805]
cnt=1 s1=fng (4544,1721)* [filtered=805]
cnt=1 s1=fng (4544,1721)* [filtered=805]
cnt=1 s1=fng (4545,1721)* [filtered=805]
cnt=1 s1=fng (4545,1721)* [filtered=805]
cnt=1 s1=fng (4546,1721)* [filtered=805]
cnt=1 s1=fng (4546,1721)* [filtered=805]
cnt=1 s1=fng (4547,1721)* [filtered=805]
cnt=1 s1=fng (4547,1721)* [filtered=805]
cnt=1 s1=fng (4547,1721)* [filtered=805]
cnt=1 s1=fng (4548,1721)* [filtered=805]
cnt=1 s1=fng (4549,1721)* [filtered=805]
cnt=1 s1=fng (4550,1721)* [filtered=805]
cnt=1 s1=fng (4551,1721)* [filtered=805]
cnt=1 s1=fng (4551,1721)* [filtered=805]
cnt=1 s1=fng (4552,1721)* [filtered=805]
cnt=1 s1=fng (4553,1721)* [filtered=805]
cnt=1 s1=fng (4554,1721)* [filtered=805]
cnt=1 s1=fng (4555,1721)* [filtered=805]
cnt=1 s1=fng (4555,1721)* [filtered=805]
cnt=1 s1=fng (4556,1721)* [filtered=805]
cnt=1 s1=fng (4556,1722)* [filtered=805]
cnt=1 s1=fng (4557,1722)* [filtered=805]
cnt=1 s1=fng (4557,1722)* [filtered=805]
cnt=1 s1=fng (4557,1722)* [filtered=805]
cnt=1 s1=fng (4558,1722)* [filtered=805]
cnt=1 s1=fng (4559,1723)* [filtered=805]
cnt=1 s1=fng (4559,1723)* [filtered=805]
cnt=1 s1=fng (4559,1723)* [filtered=805]
cnt=1 s1=fng (4560,1723)* [filtered=805]
cnt=1 s1=fng (4560,1723)* [filtered=805]
cnt=1 s1=fng (4561,1723)* [filtered=805]
cnt=1 s1=fng (4561,1723)* [filtered=805]
cnt=1 s1=fng (4561,1723)* [filtered=805]
cnt=1 s1=fng (4562,1723)* [filtered=805]
cnt=1 s1=fng (4563,1723)* [filtered=805]
cnt=1 s1=fng (4563,1724)* [filtered=805]
cnt=1 s1=fng (4564,1724)* [filtered=805]
cnt=1 s1=fng (4564,1724)* [filtered=805]
cnt=1 s1=fng (4564,1724)* [filtered=805]
cnt=1 s1=fng (4565,1724)* [filtered=805]
cnt=1 s1=fng (4565,1724)* [filtered=805]
cnt=1 s1=fng (4565,1724)* [filtered=805]
cnt=1 s1=fng (4566,1724)* [filtered=805]
cnt=1 s1=fng (4566,1724)* [filtered=805]
cnt=1 s1=fng (4566,1724)* [filtered=805]
cnt=1 s1=fng (4566,1724)* [filtered=805]
cnt=1 s1=fng (4566,1724)* [filtered=805]
cnt=1 s1=fng (4566,1723)* [filtered=805]
cnt=1 s1=fng (4566,1723)* [filtered=805]
cnt=1 s1=fng (4566,1722)* [filtered=805]
cnt=1 s1=fng (4566,1721)* [filtered=805]
cnt=1 s1=fng (4566,1720)* [filtered=805]
cnt=1 s1=fng (4566,1719)* [filtered=805]
cnt=1 s1=fng (4565,1718)* [filtered=805]
cnt=1 s1=fng (4565,1717)* [filtered=805]
cnt=1 s1=fng (4565,1716)* [filtered=805]
cnt=1 s1=fng (4564,1715)* [filtered=805]
cnt=1 s1=fng (4564,1714)* [filtered=805]
cnt=1 s1=fng (4563,1713)* [filtered=805]
cnt=1 s1=fng (4563,1712)* [filtered=805]
cnt=1 s1=fng (4563,1712)* [filtered=805]
cnt=1 s1=fng (4563,1712)* [filtered=805]
cnt=1 s1=fng (4563,1711)* [filtered=805]
cnt=1 s1=fng (4563,1710)* [filtered=805]
cnt=1 s1=fng (4563,1710)* [filtered=805]
cnt=1 s1=fng (4563,1710)* [filtered=805]
cnt=1 s1=fng (4563,1710)* [filtered=805]
cnt=1 s1=fng (4563,1710)* [filtered=805]
cnt=1 s1=fng (4563,1710)* [filtered=805]
cnt=1 s1=fng (4563,1710)* [filtered=805]
cnt=1 s1=fng (4563,1710)* [filtered=805]
cnt=1 s1=fng (4563,1710)* [filtered=805]
cnt=1 s1=fng (4563,1710)* [filtered=805]
cnt=1 s1=fng (4563,1710)* [filtered=805]
cnt=1 s1=fng (4563,1710)* [filtered=805]
cnt=1 s1=fng (4563,1711)* [filtered=805]
cnt=1 s1=fng (4563,1712)* [filtered=805]
cnt=1 s1=fng (4563,1712)* [filtered=805]
cnt=1 s1=fng (4563,1712)* [filtered=805]
cnt=1 s1=fng (4563,1712)* [filtered=805]
cnt=1 s1=fng (4563,1712)* [filtered=805]
cnt=1 s1=fng (4563,1712)* [filtered=805]
cnt=1 s1=fng (4563,1712)* [filtered=805]
cnt=1 s1=fng (4563,1712)* [filtered=805]
cnt=1 s1=fng (4563,1712)* [filtered=805]
cnt=1 s1=fng (4563,1712)* [filtered=805]
cnt=1 s1=fng (4563,1712)* [filtered=805]
cnt=1 s1=fng (4563,1712)* [filtered=805]
cnt=1 s1=fng (4563,1712)* [filtered=805]
cnt=1 s1=fng (4563,1712)* [filtered=805]
cnt=1 s1=fng (4563,1712)* [filtered=805]
cnt=1 s1=fng (4563,1712)* [filtered=805]
cnt=1 s1=fng (4563,1712)* [filtered=805]
cnt=1 s1=fng (4563,1712)* [filtered=805]
cnt=1 s1=fng (4563,1712)* [filtered=805]
cnt=1 s1=fng (4563,1712)* [filtered=805]
cnt=1 s1=fng (4563,1712)* [filtered=805]
cnt=1 s1=fng (4563,1712)* [filtered=805]
cnt=1 s1=fng (4563,1712)* [filtered=805]
cnt=1 s1=fng (4563,1712)* [filtered=805]
cnt=1 s1=fng (4563,1712)* [filtered=805]
cnt=1 s1=fng (4564,1712)* [filtered=805]
cnt=1 s1=fng (4565,1712)* [filtered=805]
cnt=1 s1=fng (4565,1712)* [filtered=805]
cnt=1 s1=fng (4566,1712)* [filtered=805]
cnt=1 s1=fng (4567,1712)* [filtered=805]
cnt=1 s1=fng (4568,1713)* [filtered=805]
cnt=1 s1=fng (4569,1713)* [filtered=805]
cnt=1 s1=fng (4570,1713)* [filtered=805]
cnt=1 s1=fng (4572,1714)* [filtered=805]
cnt=1 s1=fng (4573,1715)* [filtered=805]
cnt=1 s1=fng (4574,1716)* [filtered=805]
cnt=1 s1=fng (4575,1716)* [filtered=805]
cnt=1 s1=fng (4575,1716)* [filtered=805]
cnt=1 s1=fng (4575,1716)* [filtered=805]
cnt=1 s1=fng (4575,1716)* [filtered=805]
cnt=1 s1=fng (4575,1715)* [filtered=805]
cnt=1 s1=fng (4575,1715)* [filtered=805]
cnt=1 s1=fng (4574,1714)* [filtered=805]
cnt=1 s1=fng (4572,1713)* [filtered=805]
cnt=1 s1=fng (4570,1712)* [filtered=805]
cnt=1 s1=fng (4569,1712)* [filtered=805]
cnt=1 s1=fng (4567,1711)* [filtered=805]
cnt=1 s1=fng (4565,1710)* [filtered=805]
cnt=1 s1=fng (4562,1709) [filtered=805]
cnt=1 s1=fng (4559,1708) [filtered=805]
cnt=1 s1=fng (4558,1708) [filtered=805]
cnt=1 s1=fng (4557,1707) [filtered=805]
cnt=1 s1=fng (4556,1706) [filtered=805]
cnt=1 s1=fng (4555,1705) [filtered=805]
cnt=1 s1=fng (4554,1705) [filtered=805]
cnt=1 s1=fng (4554,1705) [filtered=805]
cnt=1 s1=fng (4555,1705) [filtered=805]
cnt=1 s1=fng (4556,1705) [filtered=805]
cnt=1 s1=fng (4557,1705) [filtered=805]
cnt=1 s1=fng (4558,1705) [filtered=805]
cnt=1 s1=fng (4559,1705) [filtered=805]
cnt=1 s1=fng (4560,1706) [filtered=805]
cnt=1 s1=fng (4562,1707) [filtered=805]
cnt=1 s1=fng (4564,1708) [filtered=805]
cnt=1 s1=fng (4565,1708) [filtered=805]
cnt=1 s1=fng (4567,1709) [filtered=805]
cnt=1 s1=fng (4569,1711) [filtered=805]
cnt=1 s1=fng (4571,1712) [filtered=805]
cnt=1 s1=fng (4573,1714) [filtered=805]
cnt=1 s1=fng (4574,1715) [filtered=805]
cnt=1 s1=fng (4576,1717) [filtered=805]
cnt=1 s1=fng (4578,1719) [filtered=805]
cnt=1 s1=fng (4580,1721) [filtered=805]
cnt=1 s1=fng (4581,1722) [filtered=805]
cnt=1 s1=fng (4582,1724) [filtered=805]
cnt=2 s0=fng (1205,17) s1=PALM(4583,1726) [filtered=806]
cnt=2 s0=fng (1205,17) s1=PALM(4584,1728) [filtered=807]
cnt=2 s0=fng (1206,17) s1=PALM(4585,1730) [filtered=808]
cnt=2 s0=fng (1206,17) s1=PALM(4586,1731) [filtered=809]
cnt=2 s0=fng (1206,17) s1=PALM(4587,1733) [filtered=810]
cnt=2 s0=fng (1206,17) s1=PALM(4588,1735) [filtered=811]
cnt=2 s0=fng (1207,17) s1=PALM(4589,1737) [filtered=812]
cnt=2 s0=fng (1207,17) s1=PALM(4590,1740) [filtered=813]
cnt=2 s0=fng (1207,17) s1=PALM(4591,1741) [filtered=814]
cnt=2 s0=fng (1207,17) s1=PALM(4592,1743) [filtered=815]
cnt=2 s0=fng (1208,17) s1=PALM(4592,1745) [filtered=816]
cnt=2 s0=fng (1209,17) s1=PALM(4593,1746) [filtered=817]
cnt=2 s0=fng (1209,17) s1=PALM(4593,1747) [filtered=818]
cnt=2 s0=fng (1209,17) s1=PALM(4593,1748) [filtered=819]
cnt=2 s0=fng (1210,17) s1=PALM(4593,1749) [filtered=820]
cnt=2 s0=fng (1210,17) s1=PALM(4593,1750) [filtered=821]
cnt=2 s0=fng (1211,17) s1=PALM(4593,1751) [filtered=822]
cnt=2 s0=fng (1211,17) s1=PALM(4593,1751) [filtered=823]
cnt=2 s0=fng (1211,17) s1=PALM(4592,1751) [filtered=824]
cnt=2 s0=fng (1212,17) s1=PALM(4592,1751) [filtered=825]
cnt=2 s0=PALM(1212,17)* s1=PALM(4591,1750) [filtered=826]
cnt=2 s0=PALM(1212,17)* s1=PALM(4590,1750) [filtered=827]
cnt=2 s0=PALM(1212,17)* s1=PALM(4589,1750) [filtered=828]
cnt=1 s1=fng (4588,1749) [filtered=828]
cnt=1 s1=fng (4586,1747) [filtered=828]
cnt=1 s1=fng (4583,1745) [filtered=828]
cnt=1 s1=fng (4581,1743) [filtered=828]
cnt=1 s1=fng (4580,1742) [filtered=828]
cnt=1 s1=fng (4578,1740) [filtered=828]
cnt=1 s1=fng (4576,1737) [filtered=828]
cnt=1 s1=fng (4574,1734) [filtered=828]
cnt=1 s1=fng (4573,1733) [filtered=828]
cnt=1 s1=fng (4571,1731) [filtered=828]
cnt=1 s1=fng (4569,1728) [filtered=828]
cnt=1 s1=fng (4567,1725) [filtered=828]
cnt=1 s1=fng (4566,1722) [filtered=828]
cnt=1 s1=fng (4566,1721) [filtered=828]
cnt=1 s1=fng (4566,1719) [filtered=828]
cnt=1 s1=fng (4566,1717) [filtered=828]
cnt=1 s1=fng (4566,1716) [filtered=828]
cnt=1 s1=fng (4566,1715) [filtered=828]
cnt=1 s1=fng (4566,1714) [filtered=828]
cnt=1 s1=fng (4567,1714) [filtered=828]
cnt=1 s1=fng (4568,1713) [filtered=828]
cnt=1 s1=fng (4568,1713) [filtered=828]
cnt=1 s1=fng (4568,1713) [filtered=828]
cnt=1 s1=fng (4569,1712) [filtered=828]
cnt=1 s1=fng (4569,1712) [filtered=828]
cnt=1 s1=fng (4569,1712) [filtered=828]
cnt=1 s1=fng (4569,1711) [filtered=828]
cnt=1 s1=fng (4569,1711) [filtered=828]
cnt=1 s1=fng (4569,1710) [filtered=828]
cnt=1 s1=fng (4568,1709) [filtered=828]
cnt=1 s1=fng (4567,1708) [filtered=828]
cnt=1 s1=fng (4566,1707) [filtered=828]
cnt=1 s1=fng (4565,1706)* [filtered=828]
cnt=1 s1=fng (4563,1705)* [filtered=828]
cnt=1 s1=fng (4561,1703) [filtered=828]
cnt=1 s1=fng (4558,1702) [filtered=828]
cnt=1 s1=fng (4555,1700) [filtered=828]
cnt=1 s1=fng (4553,1699) [filtered=828]
cnt=1 s1=fng (4550,1698) [filtered=828]
cnt=1 s1=fng (4547,1696) [filtered=828]
cnt=1 s1=fng (4544,1695) [filtered=828]
cnt=1 s1=fng (4542,1694) [filtered=828]
cnt=1 s1=fng (4541,1693) [filtered=828]
cnt=1 s1=fng (4540,1693) [filtered=828]
cnt=1 s1=fng (4539,1692) [filtered=828]
cnt=1 s1=fng (4538,1691) [filtered=828]
cnt=1 s1=fng (4537,1691) [filtered=828]
cnt=1 s1=fng (4537,1691) [filtered=828]
cnt=1 s1=fng (4537,1691) [filtered=828]
cnt=1 s1=fng (4537,1691) [filtered=828]
cnt=1 s1=fng (4537,1691) [filtered=828]
cnt=1 s1=fng (4537,1691) [filtered=828]
cnt=1 s1=fng (4537,1691) [filtered=828]
cnt=1 s1=fng (4537,1691) [filtered=828]
cnt=1 s1=fng (4537,1691) [filtered=828]
cnt=1 s1=fng (4537,1691) [filtered=828]
cnt=1 s1=fng (4537,1692) [filtered=828]
cnt=1 s1=fng (4538,1692) [filtered=828]
cnt=1 s1=fng (4538,1692) [filtered=828]
cnt=1 s1=fng (4538,1692) [filtered=828]
cnt=1 s1=fng (4538,1692)* [filtered=828]
cnt=1 s1=fng (4538,1692)* [filtered=828]
cnt=1 s1=fng (4537,1692)* [filtered=828]
cnt=1 s1=fng (4536,1691)* [filtered=828]
cnt=1 s1=fng (4535,1691)* [filtered=828]
cnt=1 s1=fng (4534,1691)* [filtered=828]
cnt=1 s1=fng (4533,1690)* [filtered=828]
cnt=1 s1=fng (4531,1689)* [filtered=828]
cnt=1 s1=fng (4530,1688)* [filtered=828]
cnt=1 s1=fng (4528,1687)* [filtered=828]
cnt=1 s1=fng (4527,1686)* [filtered=828]
cnt=1 s1=fng (4526,1686)* [filtered=828]
cnt=1 s1=fng (4525,1685)* [filtered=828]
cnt=1 s1=fng (4525,1684)* [filtered=828]
cnt=1 s1=fng (4525,1684)* [filtered=828]
cnt=1 s1=fng (4525,1684)* [filtered=828]
cnt=1 s1=fng (4525,1684)* [filtered=828]
cnt=1 s1=fng (4525,1684)* [filtered=828]
cnt=1 s1=fng (4525,1684)* [filtered=828]
cnt=1 s1=fng (4525,1684)* [filtered=828]
cnt=1 s1=fng (4524,1684)* [filtered=828]
cnt=1 s1=fng (4522,1684)* [filtered=828]
cnt=1 s1=fng (4520,1684)* [filtered=828]
cnt=1 s1=fng (4517,1684)* [filtered=828]
cnt=1 s1=fng (4515,1684)* [filtered=828]
cnt=1 s1=fng (4512,1683) [filtered=828]
cnt=1 s1=fng (4508,1683) [filtered=828]
cnt=1 s1=fng (4504,1682) [filtered=828]
cnt=1 s1=fng (4501,1682) [filtered=828]
cnt=1 s1=fng (4497,1681) [filtered=828]
cnt=1 s1=fng (4493,1680) [filtered=828]
cnt=1 s1=fng (4489,1679) [filtered=828]
cnt=1 s1=fng (4486,1678) [filtered=828]
cnt=1 s1=fng (4484,1677) [filtered=828]
cnt=1 s1=fng (4482,1676) [filtered=828]
cnt=1 s1=fng (4480,1675) [filtered=828]
cnt=1 s1=fng (4478,1674) [filtered=828]
cnt=1 s1=fng (4477,1674) [filtered=828]
cnt=1 s1=fng (4476,1673) [filtered=828]
cnt=1 s1=fng (4474,1671) [filtered=828]
cnt=1 s1=fng (4473,1669) [filtered=828]
cnt=1 s1=fng (4472,1668) [filtered=828]
cnt=1 s1=fng (4471,1667) [filtered=828]
cnt=1 s1=fng (4470,1666) [filtered=828]
cnt=1 s1=fng (4469,1664) [filtered=828]
cnt=1 s1=fng (4469,1662) [filtered=828]
cnt=1 s1=fng (4469,1661) [filtered=828]
cnt=1 s1=fng (4469,1660) [filtered=828]
cnt=1 s1=fng (4470,1659) [filtered=828]
cnt=1 s1=fng (4470,1658) [filtered=828]
cnt=1 s1=fng (4471,1657) [filtered=828]
cnt=1 s1=fng (4471,1656) [filtered=828]
cnt=1 s1=fng (4472,1656) [filtered=828]
cnt=1 s1=fng (4473,1655) [filtered=828]
cnt=1 s1=fng (4474,1655) [filtered=828]
cnt=1 s1=fng (4475,1655) [filtered=828]
cnt=1 s1=fng (4476,1655) [filtered=828]
cnt=1 s1=fng (4477,1655) [filtered=828]
cnt=1 s1=fng (4478,1655) [filtered=828]
cnt=1 s1=fng (4479,1656)* [filtered=828]
cnt=1 s1=fng (4479,1656)* [filtered=828]
cnt=1 s1=fng (4479,1656)* [filtered=828]
cnt=1 s1=fng (4480,1657)* [filtered=828]
cnt=1 s1=fng (4481,1658)* [filtered=828]
cnt=1 s1=fng (4482,1659)* [filtered=828]
cnt=1 s1=fng (4484,1661) [filtered=828]
cnt=1 s1=fng (4485,1662) [filtered=828]
cnt=1 s1=fng (4487,1664) [filtered=828]
cnt=1 s1=fng (4489,1666) [filtered=828]
cnt=1 s1=fng (4492,1669) [filtered=828]
cnt=1 s1=fng (4496,1673) [filtered=828]
cnt=1 s1=fng (4499,1675) [filtered=828]
cnt=1 s1=fng (4503,1678) [filtered=828]
cnt=1 s1=fng (4507,1681) [filtered=828]
cnt=1 s1=fng (4511,1685) [filtered=828]
cnt=1 s1=fng (4514,1688) [filtered=828]
cnt=1 s1=fng (4518,1692) [filtered=828]
cnt=1 s1=fng (4522,1696) [filtered=828]
cnt=1 s1=fng (4526,1700) [filtered=828]
cnt=1 s1=fng (4529,1703) [filtered=828]
cnt=1 s1=fng (4531,1705) [filtered=828]
cnt=1 s1=fng (4534,1708) [filtered=828]
cnt=1 s1=fng (4536,1711) [filtered=828]
cnt=1 s1=fng (4537,1712) [filtered=828]
cnt=1 s1=fng (4538,1713) [filtered=828]
cnt=1 s1=fng (4538,1713) [filtered=828]
cnt=1 s1=fng (4538,1713) [filtered=828]
cnt=1 s1=fng (4538,1713) [filtered=828]
cnt=1 s1=fng (4537,1713) [filtered=828]
cnt=1 s1=fng (4537,1713) [filtered=828]
cnt=1 s1=fng (4536,1712) [filtered=828]
cnt=1 s1=fng (4534,1711) [filtered=828]
cnt=1 s1=fng (4533,1710) [filtered=828]
cnt=1 s1=fng (4531,1709) [filtered=828]
cnt=1 s1=fng (4530,1708) [filtered=828]
cnt=1 s1=fng (4529,1707) [filtered=828]
cnt=1 s1=fng (4527,1705) [filtered=828]
cnt=1 s1=fng (4526,1703) [filtered=828]
cnt=1 s1=fng (4524,1702) [filtered=828]
cnt=1 s1=fng (4523,1701) [filtered=828]
cnt=1 s1=fng (4522,1700) [filtered=828]
cnt=1 s1=fng (4521,1699) [filtered=828]
cnt=1 s1=fng (4519,1697) [filtered=828]
cnt=1 s1=fng (4517,1695) [filtered=828]
cnt=1 s1=fng (4516,1694) [filtered=828]
cnt=1 s1=fng (4514,1693) [filtered=828]
cnt=1 s1=fng (4511,1692) [filtered=828]
cnt=1 s1=fng (4507,1690) [filtered=828]
cnt=1 s1=fng (4504,1689) [filtered=828]
cnt=1 s1=fng (4500,1688) [filtered=828]
cnt=1 s1=fng (4496,1686) [filtered=828]
cnt=1 s1=fng (4492,1684) [filtered=828]
cnt=1 s1=fng (4487,1682) [filtered=828]
cnt=1 s1=fng (4484,1681) [filtered=828]
cnt=1 s1=fng (4480,1679) [filtered=828]
cnt=1 s1=fng (4476,1677) [filtered=828]
cnt=1 s1=fng (4473,1675) [filtered=828]
cnt=1 s1=fng (4471,1674) [filtered=828]
cnt=1 s1=fng (4468,1672) [filtered=828]
cnt=1 s1=fng (4466,1670) [filtered=828]
cnt=1 s1=fng (4465,1668) [filtered=828]
cnt=1 s1=fng (4464,1665) [filtered=828]
cnt=1 s1=fng (4464,1664) [filtered=828]
cnt=1 s1=fng (4464,1662) [filtered=828]
cnt=1 s1=fng (4464,1660) [filtered=828]
cnt=1 s1=fng (4465,1658) [filtered=828]
cnt=1 s1=fng (4466,1656) [filtered=828]
cnt=1 s1=fng (4467,1655) [filtered=828]
cnt=1 s1=fng (4468,1653) [filtered=828]
cnt=1 s1=fng (4470,1651) [filtered=828]
cnt=1 s1=fng (4472,1650) [filtered=828]
cnt=1 s1=fng (4474,1649) [filtered=828]
cnt=1 s1=fng (4475,1648) [filtered=828]
cnt=1 s1=fng (4476,1648) [filtered=828]
cnt=1 s1=fng (4478,1648) [filtered=828]
cnt=1 s1=fng (4480,1648) [filtered=828]
cnt=1 s1=fng (4481,1648) [filtered=828]
cnt=1 s1=fng (4482,1648) [filtered=828]
cnt=1 s1=fng (4483,1648) [filtered=828]
cnt=1 s1=fng (4484,1648) [filtered=828]
cnt=1 s1=fng (4485,1648) [filtered=828]
cnt=1 s1=fng (4486,1648) [filtered=828]
cnt=1 s1=fng (4487,1648) [filtered=828]
cnt=1 s1=fng (4487,1648) [filtered=828]
cnt=1 s1=fng (4487,1647) [filtered=828]
cnt=1 s1=fng (4487,1646) [filtered=828]
cnt=1 s1=fng (4487,1646) [filtered=828]
cnt=1 s1=fng (4487,1646) [filtered=828]
cnt=1 s1=fng (4486,1645) [filtered=828]
cnt=1 s1=fng (4485,1644)* [filtered=828]
cnt=1 s1=fng (4484,1643)* [filtered=828]
cnt=1 s1=fng (4484,1643)* [filtered=828]
cnt=1 s1=fng (4483,1642)* [filtered=828]
cnt=1 s1=fng (4481,1641)* [filtered=828]
cnt=1 s1=fng (4479,1639) [filtered=828]
cnt=1 s1=fng (4477,1637) [filtered=828]
cnt=1 s1=fng (4476,1636) [filtered=828]
cnt=1 s1=fng (4475,1634) [filtered=828]
cnt=1 s1=fng (4475,1632) [filtered=828]
cnt=1 s1=fng (4475,1631) [filtered=828]
cnt=1 s1=fng (4475,1630) [filtered=828]
cnt=1 s1=fng (4475,1629) [filtered=828]
cnt=1 s1=fng (4475,1629) [filtered=828]
cnt=1 s1=fng (4475,1629) [filtered=828]
cnt=1 s1=fng (4475,1629) [filtered=828]
cnt=1 s1=fng (4475,1629) [filtered=828]
cnt=1 s1=fng (4475,1629) [filtered=828]
cnt=1 s1=fng (4475,1629) [filtered=828]
cnt=1 s1=fng (4475,1629) [filtered=828]
cnt=1 s1=fng (4475,1630) [filtered=828]
cnt=1 s1=fng (4475,1630) [filtered=828]
cnt=1 s1=fng (4476,1631) [filtered=828]
cnt=1 s1=fng (4477,1633) [filtered=828]
cnt=1 s1=fng (4479,1635) [filtered=828]
cnt=1 s1=fng (4480,1636) [filtered=828]
cnt=1 s1=fng (4482,1638) [filtered=828]
cnt=1 s1=fng (4486,1641) [filtered=828]
cnt=1 s1=fng (4490,1645) [filtered=828]
cnt=1 s1=fng (4495,1649) [filtered=828]
cnt=1 s1=fng (4498,1652) [filtered=828]
cnt=1 s1=fng (4503,1657) [filtered=828]
cnt=1 s1=fng (4508,1662) [filtered=828]
cnt=1 s1=fng (4514,1667) [filtered=828]
cnt=1 s1=fng (4521,1673) [filtered=828]
cnt=1 s1=fng (4527,1678) [filtered=828]
cnt=1 s1=fng (4534,1685) [filtered=828]
cnt=1 s1=fng (4541,1692) [filtered=828]
cnt=1 s1=fng (4547,1700) [filtered=828]
cnt=1 s1=fng (4553,1709) [filtered=828]
cnt=1 s1=fng (4559,1718) [filtered=828]
cnt=1 s1=fng (4565,1727) [filtered=828]
cnt=1 s1=fng (4570,1736) [filtered=828]
cnt=1 s1=fng (4575,1745) [filtered=828]
cnt=1 s1=fng (4580,1754) [filtered=828]
cnt=1 s1=fng (4584,1762) [filtered=828]
cnt=1 s1=fng (4589,1769) [filtered=828]
cnt=1 s1=fng (4594,1777) [filtered=828]
cnt=1 s1=fng (4599,1785) [filtered=828]
cnt=1 s1=fng (4603,1792) [filtered=828]
cnt=1 s1=fng (4610,1799) [filtered=828]
cnt=1 s1=fng (4618,1807) [filtered=828]
cnt=1 s1=fng (4626,1816) [filtered=828]
cnt=2 s0=fng (1353,21) s1=PALM(4633,1824) [filtered=829]
cnt=2 s0=fng (1353,21) s1=PALM(4639,1831) [filtered=830]
cnt=2 s0=fng (1353,21) s1=PALM(4645,1838) [filtered=831]
cnt=2 s0=fng (1353,21) s1=PALM(4650,1844) [filtered=832]
cnt=2 s0=fng (1353,21) s1=PALM(4655,1849) [filtered=833]
cnt=2 s0=fng (1353,21) s1=PALM(4659,1854) [filtered=834]
cnt=2 s0=fng (1353,21) s1=PALM(4662,1858) [filtered=835]
cnt=2 s0=fng (1353,21) s1=PALM(4665,1862) [filtered=836]
cnt=2 s0=fng (1353,21) s1=PALM(4668,1866) [filtered=837]
cnt=2 s0=fng (1353,21) s1=PALM(4670,1870) [filtered=838]
cnt=2 s0=fng (1353,21) s1=PALM(4671,1874) [filtered=839]
cnt=2 s0=fng (1353,21) s1=PALM(4673,1877) [filtered=840]
cnt=2 s0=fng (1353,21) s1=PALM(4675,1879) [filtered=841]
cnt=2 s0=fng (1353,21) s1=PALM(4677,1881) [filtered=842]
cnt=2 s0=fng (1353,21) s1=PALM(4678,1883) [filtered=843]
cnt=2 s0=fng (1353,21) s1=PALM(4679,1885) [filtered=844]
cnt=2 s0=fng (1353,21) s1=PALM(4680,1887) [filtered=845]
cnt=2 s0=fng (1353,21) s1=PALM(4682,1888) [filtered=846]
cnt=2 s0=fng (1352,21) s1=PALM(4683,1889) [filtered=847]
cnt=2 s0=fng (1352,21) s1=PALM(4684,1890) [filtered=848]
cnt=2 s0=PALM(1352,21)* s1=PALM(4685,1892) [filtered=849]
cnt=2 s0=PALM(1352,21)* s1=PALM(4686,1893) [filtered=850]
cnt=2 s0=PALM(1352,21)* s1=PALM(4687,1895) [filtered=851]
cnt=1 s1=fng (4687,1897) [filtered=851]
cnt=1 s1=fng (4687,1898) [filtered=851]
cnt=1 s1=fng (4688,1899) [filtered=851]
cnt=1 s1=fng (4688,1900) [filtered=851]
cnt=1 s1=fng (4689,1901) [filtered=851]
cnt=1 s1=fng (4689,1901) [filtered=851]
cnt=1 s1=fng (4689,1901) [filtered=851]
cnt=1 s1=fng (4689,1901) [filtered=851]
cnt=1 s1=fng (4689,1901) [filtered=851]
cnt=1 s1=fng (4689,1900) [filtered=851]
cnt=1 s1=fng (4689,1900)* [filtered=851]
cnt=1 s1=fng (4689,1899)* [filtered=851]
cnt=1 s1=fng (4689,1898)* [filtered=851]
cnt=1 s1=fng (4689,1897)* [filtered=851]
cnt=1 s1=fng (4689,1897)* [filtered=851]
cnt=1 s1=fng (4689,1897)* [filtered=851]
cnt=1 s1=fng (4689,1896)* [filtered=851]
cnt=1 s1=fng (4689,1895)* [filtered=851]
cnt=1 s1=fng (4689,1895)* [filtered=851]
cnt=1 s1=fng (4689,1894)* [filtered=851]
cnt=1 s1=fng (4689,1894)* [filtered=851]
cnt=1 s1=fng (4689,1894)* [filtered=851]
cnt=1 s1=fng (4689,1894)* [filtered=851]
cnt=1 s1=fng (4689,1894)* [filtered=851]
cnt=1 s1=fng (4690,1894)* [filtered=851]
cnt=1 s1=fng (4690,1894)* [filtered=851]
cnt=1 s1=fng (4690,1894)* [filtered=851]
cnt=1 s1=fng (4691,1894)* [filtered=851]
cnt=1 s1=fng (4692,1894)* [filtered=851]
cnt=1 s1=fng (4692,1894)* [filtered=851]
cnt=1 s1=fng (4692,1894)* [filtered=851]
cnt=1 s1=fng (4692,1894)* [filtered=851]
cnt=1 s0=fng (4703,1902) [filtered=851]
cnt=1 s0=fng (4703,1902) [filtered=851]
cnt=1 s0=fng (4703,1902) [filtered=851]
cnt=1 s0=fng (4703,1902) [filtered=851]
cnt=1 s0=fng (4703,1902) [filtered=851]
cnt=1 s0=fng (4703,1902) [filtered=851]
cnt=1 s0=fng (4703,1902) [filtered=851]
cnt=1 s0=fng (4703,1902) [filtered=851]
cnt=1 s0=fng (4703,1902) [filtered=851]
cnt=1 s0=fng (4703,1902) [filtered=851]
cnt=1 s0=fng (4703,1902) [filtered=851]
cnt=1 s0=fng (4703,1902) [filtered=851]
cnt=1 s0=fng (4703,1902) [filtered=851]
cnt=1 s0=fng (4703,1902) [filtered=851]
cnt=1 s0=fng (4703,1902) [filtered=851]
cnt=1 s0=fng (4703,1902) [filtered=851]
cnt=1 s0=fng (4703,1901) [filtered=851]
cnt=1 s0=fng (4703,1901) [filtered=851]
cnt=2 s0=PALM(4703,1901) s1=fng (1347,31) [filtered=852]
cnt=2 s0=PALM(4703,1900) s1=fng (1347,31) [filtered=853]
cnt=2 s0=PALM(4703,1900)* s1=fng (1347,31) [filtered=854]
cnt=2 s0=PALM(4703,1899)* s1=fng (1347,31) [filtered=855]
cnt=2 s0=PALM(4703,1898)* s1=fng (1347,31) [filtered=856]
cnt=2 s0=PALM(4703,1897)* s1=fng (1347,31) [filtered=857]
cnt=2 s0=PALM(4703,1897)* s1=fng (1347,31) [filtered=858]
cnt=2 s0=PALM(4702,1896)* s1=fng (1347,31) [filtered=859]
cnt=2 s0=PALM(4702,1895)* s1=fng (1348,31) [filtered=860]
cnt=2 s0=PALM(4701,1894)* s1=fng (1348,31) [filtered=861]
cnt=2 s0=PALM(4701,1893)* s1=fng (1348,31) [filtered=862]
cnt=2 s0=PALM(4701,1893)* s1=fng (1348,31) [filtered=863]
cnt=2 s0=PALM(4701,1892)* s1=fng (1348,31) [filtered=864]
cnt=2 s0=PALM(4701,1891)* s1=fng (1348,31) [filtered=865]
cnt=2 s0=PALM(4701,1890)* s1=fng (1348,31) [filtered=866]
cnt=2 s0=PALM(4701,1889)* s1=fng (1348,31) [filtered=867]
cnt=2 s0=PALM(4701,1889)* s1=fng (1348,31) [filtered=868]
cnt=2 s0=PALM(4701,1889)* s1=fng (1348,31) [filtered=869]
cnt=2 s0=PALM(4701,1888)* s1=fng (1348,31) [filtered=870]
cnt=2 s0=PALM(4701,1888)* s1=fng (1348,31) [filtered=871]
cnt=2 s0=PALM(4701,1888)* s1=PALM(1348,31)* [filtered=872]
cnt=2 s0=PALM(4701,1888)* s1=PALM(1348,31)* [filtered=873]
cnt=2 s0=PALM(4701,1888)* s1=PALM(1348,31)* [filtered=874]
cnt=2 s0=PALM(4701,1887)* s1=PALM(1347,31)* [filtered=875]
cnt=2 s0=PALM(4701,1887)* s1=PALM(1347,31)* [filtered=876]
cnt=2 s0=PALM(4701,1887)* s1=PALM(1347,31)* [filtered=877]
cnt=2 s0=PALM(4701,1886)* s1=PALM(1346,31)* [filtered=878]
cnt=2 s0=PALM(4701,1886)* s1=PALM(1345,31)* [filtered=879]
cnt=2 s0=PALM(4701,1885)* s1=PALM(1344,31)* [filtered=880]
cnt=2 s0=PALM(4701,1884)* s1=PALM(1343,31)* [filtered=881]
cnt=2 s0=PALM(4701,1883)* s1=PALM(1342,31)* [filtered=882]
cnt=2 s0=PALM(4701,1882)* s1=PALM(1341,31)* [filtered=883]
cnt=2 s0=PALM(4701,1881)* s1=PALM(1340,31)* [filtered=884]
cnt=2 s0=PALM(4701,1880)* s1=PALM(1339,31)* [filtered=885]
cnt=1 s0=fng (4701,1879)* [filtered=885]
cnt=1 s0=fng (4701,1878)* [filtered=885]
cnt=1 s0=fng (4701,1877)* [filtered=885]
cnt=1 s0=fng (4701,1876)* [filtered=885]
cnt=1 s0=fng (4701,1876)* [filtered=885]
cnt=1 s0=fng (4701,1876)* [filtered=885]
cnt=1 s0=fng (4701,1875)* [filtered=885]
cnt=1 s0=fng (4701,1875)* [filtered=885]
cnt=1 s0=fng (4701,1874)* [filtered=885]
cnt=1 s0=fng (4701,1874)* [filtered=885]
cnt=1 s0=fng (4701,1874)* [filtered=885]
cnt=1 s0=fng (4701,1873)* [filtered=885]
cnt=1 s0=fng (4701,1872)* [filtered=885]
cnt=1 s0=fng (4701,1872)* [filtered=885]
cnt=1 s0=fng (4701,1871)* [filtered=885]
cnt=1 s0=fng (4701,1871)* [filtered=885]
cnt=1 s0=fng (4700,1871)* [filtered=885]
cnt=1 s0=fng (4699,1870)* [filtered=885]
cnt=1 s0=fng (4698,1870)* [filtered=885]
cnt=1 s0=fng (4698,1869)* [filtered=885]
cnt=1 s0=fng (4698,1869)* [filtered=885]
cnt=1 s0=fng (4697,1868)* [filtered=885]
cnt=1 s0=fng (4697,1868)* [filtered=885]
cnt=1 s0=fng (4696,1867)* [filtered=885]
cnt=1 s0=fng (4696,1867)* [filtered=885]
cnt=1 s0=fng (4696,1867)* [filtered=885]
cnt=1 s0=fng (4696,1867)* [filtered=885]
cnt=1 s0=fng (4696,1867)* [filtered=885]
cnt=1 s0=fng (4696,1867)* [filtered=885]
cnt=1 s0=fng (4696,1867)* [filtered=885]
cnt=1 s0=fng (4696,1867)* [filtered=885]
cnt=1 s0=fng (4696,1867)* [filtered=885]
cnt=1 s0=fng (4696,1867)* [filtered=885]
cnt=1 s0=fng (4696,1867)* [filtered=885]
cnt=1 s0=fng (4696,1867)* [filtered=885]
cnt=1 s0=fng (4696,1867)* [filtered=885]
cnt=1 s0=fng (4696,1868)* [filtered=885]
cnt=1 s0=fng (4696,1868)* [filtered=885]
cnt=1 s0=fng (4696,1868)* [filtered=885]
cnt=1 s0=fng (4696,1869)* [filtered=885]
cnt=1 s0=fng (4696,1870)* [filtered=885]
cnt=1 s0=fng (4696,1870)* [filtered=885]
cnt=1 s0=fng (4696,1871)* [filtered=885]
cnt=1 s0=fng (4696,1871)* [filtered=885]
cnt=1 s0=fng (4696,1871)* [filtered=885]
cnt=1 s0=fng (4696,1871)* [filtered=885]
cnt=1 s0=fng (4696,1871)* [filtered=885]
cnt=1 s0=fng (4696,1871)* [filtered=885]
cnt=1 s0=fng (4696,1871)* [filtered=885]
cnt=1 s0=fng (4696,1871)* [filtered=885]
cnt=1 s0=fng (4696,1871)* [filtered=885]
cnt=1 s0=fng (4696,1871)* [filtered=885]
cnt=1 s0=fng (4696,1871)* [filtered=885]
cnt=1 s0=fng (4696,1871)* [filtered=885]
cnt=1 s0=fng (4696,1871)* [filtered=885]
cnt=1 s0=fng (4696,1870)* [filtered=885]
cnt=1 s0=fng (4696,1870)* [filtered=885]
cnt=1 s0=fng (4696,1870)* [filtered=885]
cnt=1 s0=fng (4696,1869)* [filtered=885]
cnt=1 s0=fng (4696,1868)* [filtered=885]
cnt=1 s0=fng (4696,1868)* [filtered=885]
cnt=1 s0=fng (4696,1867)* [filtered=885]
cnt=1 s0=fng (4696,1867)* [filtered=885]
cnt=1 s0=fng (4696,1867)* [filtered=885]
cnt=1 s0=fng (4696,1866)* [filtered=885]
cnt=1 s0=fng (4696,1865)* [filtered=885]
cnt=1 s0=fng (4696,1865)* [filtered=885]
cnt=1 s0=fng (4696,1865)* [filtered=885]
cnt=1 s0=fng (4695,1864)* [filtered=885]
cnt=1 s0=fng (4695,1864)* [filtered=885]
cnt=1 s0=fng (4694,1863)* [filtered=885]
cnt=1 s0=fng (4694,1863)* [filtered=885]
cnt=1 s0=fng (4694,1863)* [filtered=885]
cnt=1 s0=fng (4694,1862)* [filtered=885]
cnt=1 s0=fng (4694,1861)* [filtered=885]
cnt=1 s0=fng (4693,1861)* [filtered=885]
cnt=1 s0=fng (4693,1861)* [filtered=885]
cnt=1 s0=fng (4692,1860)* [filtered=885]
cnt=1 s0=fng (4692,1860)* [filtered=885]
cnt=1 s0=fng (4692,1859)* [filtered=885]
cnt=1 s0=fng (4691,1859)* [filtered=885]
cnt=1 s0=fng (4690,1859)* [filtered=885]
cnt=1 s0=fng (4690,1858)* [filtered=885]
cnt=1 s0=fng (4689,1857)* [filtered=885]
cnt=1 s0=fng (4689,1857)* [filtered=885]
cnt=1 s0=fng (4689,1856)* [filtered=885]
cnt=1 s0=fng (4689,1856)* [filtered=885]
cnt=1 s0=fng (4688,1856)* [filtered=885]
cnt=1 s0=fng (4687,1855)* [filtered=885]
cnt=1 s0=fng (4686,1855)* [filtered=885]
cnt=1 s0=fng (4686,1855)* [filtered=885]
cnt=1 s0=fng (4685,1854)* [filtered=885]
cnt=1 s0=fng (4684,1853)* [filtered=885]
cnt=1 s0=fng (4683,1853)* [filtered=885]
cnt=1 s0=fng (4683,1852)* [filtered=885]
cnt=1 s0=fng (4683,1852)* [filtered=885]
cnt=1 s0=fng (4682,1852)* [filtered=885]
cnt=1 s0=fng (4681,1851)* [filtered=885]
cnt=1 s0=fng (4681,1850)* [filtered=885]
cnt=1 s0=fng (4681,1850)* [filtered=885]
cnt=1 s0=fng (4681,1850)* [filtered=885]
cnt=1 s0=fng (4681,1849)* [filtered=885]
cnt=1 s0=fng (4681,1849)* [filtered=885]
cnt=1 s0=fng (4680,1848)* [filtered=885]
cnt=1 s0=fng (4680,1848)* [filtered=885]
cnt=2 s0=PALM(4680,1848)* s1=fng (1461,35) [filtered=886]
cnt=2 s0=PALM(4679,1847)* s1=fng (1461,35) [filtered=887]
cnt=2 s0=PALM(4678,1845)* s1=fng (1462,35) [filtered=888]
cnt=2 s0=PALM(4676,1843) s1=fng (1463,35) [filtered=889]
cnt=2 s0=PALM(4675,1842) s1=fng (1463,35) [filtered=890]
cnt=2 s0=PALM(4673,1841) s1=fng (1464,35) [filtered=891]
cnt=2 s0=PALM(4671,1840) s1=fng (1465,35) [filtered=892]
cnt=2 s0=PALM(4669,1839) s1=fng (1466,35) [filtered=893]
cnt=2 s0=PALM(4667,1838) s1=fng (1467,35) [filtered=894]
cnt=2 s0=PALM(4666,1837) s1=fng (1468,35) [filtered=895]
cnt=2 s0=PALM(4664,1836) s1=fng (1469,35) [filtered=896]
cnt=2 s0=PALM(4662,1835) s1=fng (1470,35) [filtered=897]
cnt=2 s0=PALM(4660,1834) s1=fng (1471,35) [filtered=898]
cnt=2 s0=PALM(4659,1833) s1=fng (1471,35) [filtered=899]
cnt=2 s0=PALM(4658,1832) s1=fng (1472,35) [filtered=900]
cnt=2 s0=PALM(4657,1831) s1=fng (1472,35) [filtered=901]
cnt=1 s0=fng (4656,1830) [filtered=901]
cnt=1 s0=fng (4655,1829) [filtered=901]
cnt=1 s0=fng (4654,1828) [filtered=901]
cnt=1 s0=fng (4654,1828) [filtered=901]
cnt=1 s0=fng (4654,1827) [filtered=901]
cnt=1 s0=fng (4654,1827) [filtered=901]
cnt=1 s0=fng (4654,1827) [filtered=901]
cnt=1 s0=fng (4654,1827)* [filtered=901]
cnt=1 s0=fng (4654,1827)* [filtered=901]
cnt=1 s0=fng (4654,1827)* [filtered=901]
cnt=1 s0=fng (4654,1827)* [filtered=901]
cnt=1 s0=fng (4654,1827)* [filtered=901]
cnt=1 s0=fng (4654,1827)* [filtered=901]
cnt=1 s0=fng (4654,1827)* [filtered=901]
cnt=1 s0=fng (4654,1826)* [filtered=901]
cnt=1 s0=fng (4654,1826)* [filtered=901]
cnt=1 s0=fng (4654,1825)* [filtered=901]
cnt=1 s0=fng (4654,1825)* [filtered=901]
cnt=1 s0=fng (4654,1825)* [filtered=901]
cnt=1 s0=fng (4653,1824)* [filtered=901]
cnt=1 s0=fng (4652,1823)* [filtered=901]
cnt=1 s0=fng (4651,1822)* [filtered=901]
cnt=1 s0=fng (4651,1821)* [filtered=901]
cnt=1 s0=fng (4650,1820)* [filtered=901]
cnt=1 s0=fng (4648,1818) [filtered=901]
cnt=1 s0=fng (4646,1816) [filtered=901]
cnt=1 s0=fng (4645,1815) [filtered=901]
cnt=1 s0=fng (4643,1812) [filtered=901]
cnt=1 s0=fng (4639,1808) [filtered=901]
cnt=1 s0=fng (4635,1803) [filtered=901]
cnt=1 s0=fng (4630,1798) [filtered=901]
cnt=1 s0=fng (4626,1794) [filtered=901]
cnt=1 s0=fng (4621,1789) [filtered=901]
cnt=1 s0=fng (4616,1783) [filtered=901]
cnt=1 s0=fng (4610,1777) [filtered=901]
cnt=1 s0=fng (4604,1771) [filtered=901]
cnt=1 s0=fng (4599,1765) [filtered=901]
cnt=1 s0=fng (4594,1759) [filtered=901]
cnt=1 s0=fng (4589,1753) [filtered=901]
cnt=1 s0=fng (4585,1747) [filtered=901]
cnt=1 s0=fng (4582,1742) [filtered=901]
cnt=1 s0=fng (4579,1736) [filtered=901]
cnt=1 s0=fng (4577,1731) [filtered=901]
cnt=1 s0=fng (4575,1726) [filtered=901]
cnt=1 s0=fng (4573,1721) [filtered=901]
cnt=1 s0=fng (4572,1717) [filtered=901]
cnt=1 s0=fng (4571,1714) [filtered=901]
cnt=1 s0=fng (4570,1711) [filtered=901]
cnt=1 s0=fng (4570,1709) [filtered=901]
cnt=1 s0=fng (4570,1707) [filtered=901]
cnt=1 s0=fng (4570,1706) [filtered=901]
cnt=1 s0=fng (4570,1705) [filtered=901]
cnt=1 s0=fng (4570,1705) [filtered=901]
cnt=1 s0=fng (4570,1705) [filtered=901]
cnt=1 s0=fng (4570,1705) [filtered=901]
cnt=1 s0=fng (4571,1705) [filtered=901]
cnt=1 s0=fng (4572,1706) [filtered=901]
cnt=1 s0=fng (4574,1708) [filtered=901]
cnt=1 s0=fng (4576,1710) [filtered=901]
cnt=1 s0=fng (4577,1711) [filtered=901]
cnt=1 s0=fng (4579,1713) [filtered=901]
cnt=1 s0=fng (4581,1717) [filtered=901]
cnt=1 s0=fng (4584,1721) [filtered=901]
cnt=1 s0=fng (4587,1725) [filtered=901]
cnt=1 s0=fng (4588,1728) [filtered=901]
cnt=1 s0=fng (4590,1732) [filtered=901]
cnt=1 s0=fng (4592,1736) [filtered=901]
cnt=1 s0=fng (4594,1739) [filtered=901]
cnt=1 s0=fng (4595,1742) [filtered=901]
cnt=1 s0=fng (4596,1744) [filtered=901]
cnt=1 s0=fng (4597,1746) [filtered=901]
cnt=1 s0=fng (4597,1747) [filtered=901]
cnt=1 s0=fng (4597,1748) [filtered=901]
cnt=1 s0=fng (4597,1748) [filtered=901]
cnt=1 s0=fng (4597,1749) [filtered=901]
cnt=1 s0=fng (4597,1749) [filtered=901]
cnt=1 s0=fng (4596,1748) [filtered=901]
cnt=1 s0=fng (4595,1747) [filtered=901]
cnt=1 s0=fng (4594,1747) [filtered=901]
cnt=1 s0=fng (4593,1746) [filtered=901]
cnt=1 s0=fng (4591,1745) [filtered=901]
cnt=1 s0=fng (4589,1743) [filtered=901]
cnt=1 s0=fng (4587,1741) [filtered=901]
cnt=1 s0=fng (4586,1740) [filtered=901]
cnt=1 s0=fng (4584,1738) [filtered=901]
cnt=1 s0=fng (4582,1736) [filtered=901]
cnt=1 s0=fng (4581,1734) [filtered=901]
cnt=1 s0=fng (4580,1733) [filtered=901]
cnt=1 s0=fng (4580,1732) [filtered=901]
cnt=1 s0=fng (4580,1731) [filtered=901]
cnt=1 s0=fng (4581,1731) [filtered=901]
cnt=1 s0=fng (4582,1732) [filtered=901]
cnt=1 s0=fng (4582,1732) [filtered=901]
cnt=1 s0=fng (4584,1733) [filtered=901]
cnt=1 s0=fng (4586,1735) [filtered=901]
cnt=1 s0=fng (4588,1737) [filtered=901]
cnt=1 s0=fng (4590,1740) [filtered=901]
cnt=1 s0=fng (4591,1741) [filtered=901]
cnt=1 s0=fng (4593,1744) [filtered=901]
cnt=1 s0=fng (4595,1747) [filtered=901]
cnt=1 s0=fng (4598,1751) [filtered=901]
cnt=1 s0=fng (4599,1753) [filtered=901]
cnt=1 s0=fng (4602,1756) [filtered=901]
cnt=1 s0=fng (4606,1759) [filtered=901]
cnt=1 s0=fng (4611,1763) [filtered=901]
cnt=2 s0=PALM(4615,1768) s1=fng (1375,33) [filtered=902]
cnt=2 s0=PALM(4618,1772) s1=fng (1375,33) [filtered=903]
cnt=2 s0=PALM(4623,1777) s1=fng (1375,33) [filtered=904]
cnt=2 s0=PALM(4628,1782) s1=fng (1375,33) [filtered=905]
cnt=2 s0=PALM(4632,1787) s1=fng (1375,33) [filtered=906]
cnt=2 s0=PALM(4636,1792) s1=fng (1375,33) [filtered=907]
cnt=2 s0=PALM(4639,1797) s1=fng (1375,33) [filtered=908]
cnt=2 s0=PALM(4641,1802) s1=fng (1375,33) [filtered=909]
cnt=2 s0=PALM(4641,1802) s1=fng (1375,33) [filtered=910]
cnt=1 s1=fng (1375,33) [filtered=910]
cnt=1 s1=fng (1374,33) [filtered=910]
cnt=1 s1=fng (1374,33) [filtered=910]
cnt=1 s1=fng (1374,33) [filtered=910]
cnt=1 s1=fng (1373,33) [filtered=910]
cnt=1 s1=fng (1372,33) [filtered=910]
cnt=1 s1=fng (1372,33) [filtered=910]
cnt=1 s1=fng (1371,33) [filtered=910]
cnt=1 s1=fng (1371,33) [filtered=910]
cnt=1 s0=fng (4711,1827) [filtered=910]
cnt=1 s0=fng (4711,1827) [filtered=910]
cnt=1 s0=fng (4711,1827) [filtered=910]
cnt=1 s0=fng (4711,1827) [filtered=910]
cnt=1 s0=fng (4711,1827) [filtered=910]
cnt=1 s0=fng (4711,1827) [filtered=910]
cnt=1 s0=fng (4711,1827) [filtered=910]
cnt=1 s0=fng (4711,1827) [filtered=910]
cnt=1 s0=fng (4711,1827) [filtered=910]
cnt=1 s0=fng (4711,1827) [filtered=910]
cnt=1 s0=fng (4711,1827) [filtered=910]
cnt=1 s0=fng (4711,1827) [filtered=910]
cnt=1 s0=fng (4711,1827) [filtered=910]
cnt=1 s0=fng (4711,1827) [filtered=910]
cnt=1 s0=fng (4711,1827) [filtered=910]
cnt=1 s0=fng (4711,1827) [filtered=910]
cnt=1 s0=fng (4711,1827) [filtered=910]
cnt=1 s0=fng (4711,1827) [filtered=910]
cnt=1 s0=fng (4711,1827) [filtered=910]
cnt=1 s0=fng (4711,1827) [filtered=910]
cnt=1 s0=fng (4711,1827)* [filtered=910]
cnt=1 s0=fng (4711,1827)* [filtered=910]
cnt=1 s0=fng (4711,1827)* [filtered=910]
cnt=1 s0=fng (4711,1827)* [filtered=910]
cnt=1 s0=fng (4711,1827)* [filtered=910]
cnt=1 s0=fng (4711,1827)* [filtered=910]
cnt=1 s0=fng (4711,1827)* [filtered=910]
cnt=1 s0=fng (4711,1827)* [filtered=910]
cnt=1 s0=fng (4711,1827)* [filtered=910]
cnt=1 s0=fng (1560,29) [filtered=910]
cnt=1 s0=fng (1560,29) [filtered=910]
cnt=1 s0=fng (1560,29) [filtered=910]
cnt=1 s0=fng (1560,29) [filtered=910]
cnt=1 s0=fng (1560,29) [filtered=910]
cnt=1 s0=fng (1560,29) [filtered=910]
cnt=1 s0=fng (1560,29) [filtered=910]
cnt=1 s0=fng (1560,29) [filtered=910]
cnt=1 s0=fng (1560,29) [filtered=910]
cnt=1 s0=fng (1560,29) [filtered=910]
cnt=1 s0=fng (1560,29) [filtered=910]
cnt=1 s0=fng (1560,29) [filtered=910]
cnt=1 s0=fng (1560,29) [filtered=910]
cnt=1 s0=fng (1560,29) [filtered=910]
cnt=1 s0=fng (1560,29) [filtered=910]
cnt=1 s0=fng (1560,29) [filtered=910]
cnt=1 s0=fng (1560,29) [filtered=910]
cnt=1 s0=fng (1559,29) [filtered=910]
cnt=1 s0=fng (1559,29) [filtered=910]
cnt=1 s0=fng (1558,29) [filtered=910]
cnt=1 s0=fng (1558,29)* [filtered=910]
cnt=1 s0=fng (1558,29)* [filtered=910]
cnt=1 s0=fng (1507,63) [filtered=910]
cnt=1 s0=fng (1507,63) [filtered=910]
cnt=1 s0=fng (1507,63) [filtered=910]
cnt=1 s0=fng (1507,63) [filtered=910]
cnt=1 s0=fng (1507,63) [filtered=910]
cnt=1 s0=fng (1507,63) [filtered=910]
cnt=1 s0=fng (1507,63) [filtered=910]
cnt=1 s0=fng (1507,63) [filtered=910]
cnt=1 s0=fng (1507,63) [filtered=910]
cnt=1 s0=fng (1507,63) [filtered=910]
cnt=1 s0=fng (1506,63) [filtered=910]
cnt=1 s0=fng (1506,63) [filtered=910]
cnt=1 s0=fng (1506,63) [filtered=910]
cnt=1 s0=fng (1505,63) [filtered=910]
cnt=1 s0=fng (1505,63) [filtered=910]
cnt=1 s0=fng (1504,63) [filtered=910]
cnt=1 s0=fng (1503,63) [filtered=910]
cnt=1 s0=fng (1503,63) [filtered=910]
cnt=1 s0=fng (1503,63) [filtered=910]
cnt=1 s0=fng (1502,63) [filtered=910]
cnt=1 s0=fng (1502,63)* [filtered=910]
cnt=1 s0=fng (1501,63)* [filtered=910]
cnt=1 s0=fng (1501,63)* [filtered=910]
cnt=1 s0=fng (1501,63)* [filtered=910]
cnt=1 s0=fng (1500,63)* [filtered=910]
cnt=1 s0=fng (4762,1879) [filtered=910]
cnt=1 s0=fng (4762,1879) [filtered=910]
cnt=1 s0=fng (4762,1878) [filtered=910]
cnt=1 s0=fng (4762,1878) [filtered=910]
cnt=1 s0=fng (4762,1877) [filtered=910]
cnt=1 s0=fng (4762,1875) [filtered=910]
cnt=1 s0=fng (4762,1873) [filtered=910]
cnt=1 s0=fng (4762,1872) [filtered=910]
cnt=1 s0=fng (4760,1869) [filtered=910]
cnt=1 s0=fng (4757,1865) [filtered=910]
cnt=1 s0=fng (4753,1860) [filtered=910]
cnt=1 s0=fng (4748,1855) [filtered=910]
cnt=1 s0=fng (4743,1850) [filtered=910]
cnt=1 s0=fng (4737,1844) [filtered=910]
cnt=1 s0=fng (4729,1837) [filtered=910]
cnt=1 s0=fng (4720,1830) [filtered=910]
cnt=1 s0=fng (4711,1821) [filtered=910]
cnt=1 s0=fng (4702,1813) [filtered=910]
cnt=1 s0=fng (4694,1806) [filtered=910]
cnt=1 s0=fng (4687,1799) [filtered=910]
cnt=1 s0=fng (4681,1793) [filtered=910]
cnt=1 s0=fng (4676,1788) [filtered=910]
cnt=1 s0=fng (4672,1783) [filtered=910]
cnt=1 s0=fng (4669,1778) [filtered=910]
cnt=1 s0=fng (4667,1773) [filtered=910]
cnt=1 s0=fng (4666,1768) [filtered=910]
cnt=1 s0=fng (4666,1764) [filtered=910]
cnt=1 s0=fng (4665,1761) [filtered=910]
cnt=1 s0=fng (4665,1758) [filtered=910]
cnt=1 s0=fng (4665,1756) [filtered=910]
cnt=1 s0=fng (4665,1754) [filtered=910]
cnt=1 s0=fng (4665,1753) [filtered=910]
cnt=1 s0=fng (4665,1752) [filtered=910]
cnt=1 s0=fng (4665,1751) [filtered=910]
cnt=1 s0=fng (4665,1750) [filtered=910]
cnt=1 s0=fng (4665,1750) [filtered=910]
cnt=1 s0=fng (4665,1750) [filtered=910]
cnt=1 s0=fng (4665,1751) [filtered=910]
cnt=1 s0=fng (4665,1752) [filtered=910]
cnt=1 s0=fng (4666,1754) [filtered=910]
cnt=1 s0=fng (4666,1755) [filtered=910]
cnt=1 s0=fng (4667,1757) [filtered=910]
cnt=1 s0=fng (4668,1759) [filtered=910]
cnt=1 s0=fng (4669,1763) [filtered=910]
cnt=1 s0=fng (4671,1768) [filtered=910]
cnt=1 s0=fng (4672,1771) [filtered=910]
cnt=1 s0=fng (4674,1776) [filtered=910]
cnt=1 s0=fng (4677,1781) [filtered=910]
cnt=1 s0=fng (4681,1787) [filtered=910]
cnt=1 s0=fng (4685,1793) [filtered=910]
cnt=1 s0=fng (4687,1799) [filtered=910]
cnt=1 s0=fng (4690,1804) [filtered=910]
cnt=1 s0=fng (4693,1809) [filtered=910]
cnt=1 s0=fng (4696,1813) [filtered=910]
cnt=1 s0=fng (4699,1817) [filtered=910]
cnt=1 s0=fng (4701,1820) [filtered=910]
cnt=1 s0=fng (4704,1824) [filtered=910]
cnt=1 s0=fng (4707,1828) [filtered=910]
cnt=1 s0=fng (4710,1831) [filtered=910]
cnt=1 s0=fng (4712,1833) [filtered=910]
cnt=1 s0=fng (4713,1835) [filtered=910]
cnt=1 s0=fng (4715,1838) [filtered=910]
cnt=1 s0=fng (4717,1841) [filtered=910]
cnt=1 s0=fng (4719,1844) [filtered=910]
cnt=1 s0=fng (4720,1846) [filtered=910]
cnt=1 s0=fng (4722,1847) [filtered=910]
cnt=1 s0=fng (4723,1848) [filtered=910]
cnt=1 s0=fng (4724,1849) [filtered=910]
cnt=1 s0=fng (4726,1850) [filtered=910]
cnt=1 s0=fng (4727,1850) [filtered=910]
cnt=1 s0=fng (4728,1850) [filtered=910]
cnt=1 s0=fng (4729,1850) [filtered=910]
cnt=1 s0=fng (4729,1850) [filtered=910]
cnt=1 s0=fng (4729,1850) [filtered=910]
cnt=1 s0=fng (4729,1849) [filtered=910]
cnt=1 s0=fng (4729,1849) [filtered=910]
cnt=1 s0=fng (4729,1848) [filtered=910]
cnt=1 s0=fng (4729,1847) [filtered=910]
cnt=1 s0=fng (4729,1847) [filtered=910]
cnt=1 s0=fng (4729,1846) [filtered=910]
cnt=1 s0=fng (4729,1845) [filtered=910]
cnt=1 s0=fng (4729,1844) [filtered=910]
cnt=1 s0=fng (4729,1844) [filtered=910]
cnt=1 s0=fng (4729,1843)* [filtered=910]
cnt=1 s0=fng (4729,1842)* [filtered=910]
cnt=1 s0=fng (4728,1841)* [filtered=910]
cnt=1 s0=fng (4727,1840)* [filtered=910]
cnt=1 s0=fng (4727,1839)* [filtered=910]
cnt=1 s0=fng (4726,1838)* [filtered=910]
cnt=1 s0=fng (4725,1837)* [filtered=910]
cnt=1 s0=fng (4723,1836)* [filtered=910]
cnt=1 s0=fng (4721,1835)* [filtered=910]
cnt=1 s0=fng (4720,1835)* [filtered=910]
cnt=1 s0=fng (4719,1834)* [filtered=910]
cnt=1 s0=fng (4717,1833)* [filtered=910]
cnt=1 s0=fng (4716,1832)* [filtered=910]
cnt=1 s0=fng (4715,1830)* [filtered=910]
cnt=1 s0=fng (4714,1829)* [filtered=910]
cnt=1 s0=fng (4713,1828)* [filtered=910]
cnt=1 s0=fng (4712,1826)* [filtered=910]
cnt=1 s0=fng (4712,1824)* [filtered=910]
cnt=1 s0=fng (4712,1821)* [filtered=910]
cnt=1 s0=fng (4712,1819)* [filtered=910]
cnt=1 s0=fng (4712,1816)* [filtered=910]
cnt=1 s0=fng (4713,1812) [filtered=910]
cnt=1 s0=fng (4714,1807) [filtered=910]
cnt=1 s0=fng (4714,1803) [filtered=910]
cnt=1 s0=fng (4715,1797) [filtered=910]
cnt=1 s0=fng (4717,1790) [filtered=910]
cnt=1 s0=fng (4719,1783) [filtered=910]
cnt=1 s0=fng (4721,1776) [filtered=910]
cnt=1 s0=fng (4722,1770) [filtered=910]
cnt=1 s0=fng (4723,1765) [filtered=910]
cnt=1 s0=fng (4726,1760) [filtered=910]
cnt=1 s0=fng (4728,1756) [filtered=910]
cnt=1 s0=fng (4730,1754) [filtered=910]
cnt=1 s0=fng (4731,1752) [filtered=910]
cnt=1 s0=fng (4733,1752) [filtered=910]
cnt=1 s0=fng (4735,1752) [filtered=910]
cnt=1 s0=fng (4737,1755) [filtered=910]
cnt=1 s0=fng (4738,1757) [filtered=910]
cnt=1 s0=fng (4740,1760) [filtered=910]
cnt=1 s0=fng (4741,1764) [filtered=910]
cnt=1 s0=fng (4742,1769) [filtered=910]
cnt=1 s0=fng (4742,1775) [filtered=910]
cnt=1 s0=fng (4742,1779) [filtered=910]
cnt=1 s0=fng (4742,1784) [filtered=910]
cnt=1 s0=fng (4742,1789) [filtered=910]
cnt=1 s0=fng (4742,1793) [filtered=910]
cnt=1 s0=fng (4742,1797) [filtered=910]
cnt=1 s0=fng (4742,1800) [filtered=910]
cnt=1 s0=fng (4742,1803) [filtered=910]
cnt=1 s0=fng (4741,1807) [filtered=910]
cnt=1 s0=fng (4740,1811) [filtered=910]
cnt=1 s0=fng (4740,1814) [filtered=910]
cnt=1 s0=fng (4739,1817) [filtered=910]
cnt=1 s0=fng (4738,1819) [filtered=910]
cnt=1 s0=fng (4737,1821) [filtered=910]
cnt=1 s0=fng (4736,1824) [filtered=910]
cnt=1 s0=fng (4736,1826) [filtered=910]
cnt=1 s0=fng (4735,1827) [filtered=910]
cnt=1 s0=fng (4733,1827) [filtered=910]
cnt=1 s0=fng (4731,1827) [filtered=910]
cnt=1 s0=fng (4729,1827) [filtered=910]
cnt=1 s0=fng (4728,1827) [filtered=910]
cnt=1 s0=fng (4726,1827) [filtered=910]
cnt=1 s0=fng (4724,1826) [filtered=910]
cnt=1 s0=fng (4723,1825) [filtered=910]
cnt=1 s0=fng (4722,1824) [filtered=910]
cnt=1 s0=fng (4721,1824) [filtered=910]
cnt=1 s0=fng (4720,1823) [filtered=910]
cnt=1 s0=fng (4720,1822) [filtered=910]
cnt=1 s0=fng (4720,1820) [filtered=910]
cnt=1 s0=fng (4720,1819) [filtered=910]
cnt=1 s0=fng (4720,1817) [filtered=910]
cnt=1 s0=fng (4720,1815) [filtered=910]
cnt=1 s0=fng (4720,1813) [filtered=910]
cnt=1 s0=fng (4720,1810) [filtered=910]
cnt=1 s0=fng (4720,1809)* [filtered=910]
cnt=1 s0=fng (4720,1807)* [filtered=910]
cnt=1 s0=fng (4721,1805)* [filtered=910]
cnt=1 s0=fng (4722,1803)* [filtered=910]
cnt=1 s0=fng (4723,1802)* [filtered=910]
cnt=1 s0=fng (4723,1801)* [filtered=910]
cnt=1 s0=fng (4724,1801)* [filtered=910]
cnt=1 s0=fng (4725,1804) [filtered=910]
cnt=1 s0=fng (4727,1807) [filtered=910]
cnt=1 s0=fng (4729,1812) [filtered=910]
cnt=1 s0=fng (4730,1815) [filtered=910]
cnt=1 s0=fng (4733,1821) [filtered=910]
cnt=1 s0=fng (4736,1828) [filtered=910]
cnt=1 s0=fng (4739,1835) [filtered=910]
cnt=1 s0=fng (4762,1961) [filtered=910]
cnt=1 s0=fng (4762,1961) [filtered=910]
cnt=1 s0=fng (4762,1961) [filtered=910]
cnt=1 s0=fng (4762,1961) [filtered=910]
cnt=1 s0=fng (4762,1961) [filtered=910]
cnt=1 s0=fng (4762,1961) [filtered=910]
cnt=1 s0=fng (4762,1961) [filtered=910]
cnt=1 s0=fng (4762,1961) [filtered=910]
cnt=1 s0=fng (4762,1961) [filtered=910]
cnt=1 s0=fng (4762,1961) [filtered=910]
cnt=1 s0=fng (4762,1961) [filtered=910]
cnt=1 s0=fng (4762,1961) [filtered=910]
cnt=1 s0=fng (4762,1961) [filtered=910]
cnt=1 s0=fng (4762,1961) [filtered=910]
cnt=1 s0=fng (4762,1961) [filtered=910]
cnt=1 s0=fng (4762,1960) [filtered=910]
cnt=1 s0=fng (4762,1959) [filtered=910]
cnt=1 s0=fng (4762,1959) [filtered=910]
cnt=1 s0=fng (4762,1959) [filtered=910]
cnt=1 s0=fng (4762,1959) [filtered=910]
cnt=1 s0=fng (4762,1959)* [filtered=910]
cnt=1 s0=fng (4762,1959)* [filtered=910]
cnt=1 s0=fng (4762,1959)* [filtered=910]
cnt=1 s0=fng (4762,1959)* [filtered=910]
cnt=1 s0=fng (4762,1959)* [filtered=910]
cnt=1 s0=fng (4762,1959)* [filtered=910]
cnt=1 s0=fng (4762,1959)* [filtered=910]
cnt=1 s0=fng (4762,1959)* [filtered=910]
cnt=1 s0=fng (4762,1959)* [filtered=910]
cnt=1 s0=fng (4762,1959)* [filtered=910]
cnt=1 s0=fng (4762,1959)* [filtered=910]
cnt=1 s0=fng (4762,1959)* [filtered=910]
cnt=1 s0=fng (4762,1959)* [filtered=910]
cnt=1 s0=fng (4762,1960)* [filtered=910]
cnt=1 s0=fng (4762,1961)* [filtered=910]
cnt=1 s0=fng (4762,1961)* [filtered=910]
cnt=1 s0=fng (4762,1961)* [filtered=910]
cnt=1 s0=fng (4762,1962)* [filtered=910]
cnt=1 s0=fng (4762,1962)* [filtered=910]
cnt=1 s0=fng (4762,1963)* [filtered=910]
cnt=1 s0=fng (4762,1963)* [filtered=910]
cnt=1 s0=fng (4762,1964)* [filtered=910]
cnt=1 s0=fng (4762,1965)* [filtered=910]
cnt=1 s0=fng (4762,1967)* [filtered=910]
cnt=1 s0=fng (4762,1968)* [filtered=910]
cnt=1 s0=fng (4762,1969)* [filtered=910]
cnt=1 s0=fng (4762,1970)* [filtered=910]
cnt=1 s0=fng (4762,1971)* [filtered=910]
cnt=1 s0=fng (1417,18) [filtered=910]
cnt=1 s0=fng (1417,18) [filtered=910]
cnt=1 s0=fng (1417,18) [filtered=910]
cnt=1 s0=fng (1417,18) [filtered=910]
cnt=1 s0=fng (1417,18) [filtered=910]
cnt=1 s0=fng (1417,18) [filtered=910]
cnt=1 s0=fng (1417,18) [filtered=910]
cnt=1 s0=fng (1417,18) [filtered=910]
cnt=1 s0=fng (1417,18) [filtered=910]
cnt=1 s0=fng (1417,18) [filtered=910]
cnt=1 s0=fng (1417,18) [filtered=910]
cnt=1 s0=fng (1417,18) [filtered=910]
cnt=1 s0=fng (1417,18) [filtered=910]
cnt=1 s0=fng (1417,18) [filtered=910]
cnt=1 s0=fng (1417,18) [filtered=910]
cnt=1 s0=fng (1417,18) [filtered=910]
cnt=1 s0=fng (1417,18) [filtered=910]
cnt=1 s0=fng (1417,18) [filtered=910]
cnt=1 s0=fng (1417,18) [filtered=910]
cnt=1 s0=fng (1416,18) [filtered=910]
cnt=1 s0=fng (1415,18)* [filtered=910]
cnt=1 s0=fng (1415,18)* [filtered=910]
cnt=1 s0=fng (1415,18)* [filtered=910]
cnt=1 s0=fng (1414,18)* [filtered=910]
cnt=1 s0=fng (4759,1897) [filtered=910]
cnt=1 s0=fng (4759,1897) [filtered=910]
cnt=1 s0=fng (4759,1896) [filtered=910]
cnt=1 s0=fng (4759,1895) [filtered=910]
cnt=1 s0=fng (4758,1893) [filtered=910]
cnt=1 s0=fng (4756,1889) [filtered=910]
cnt=1 s0=fng (4755,1887) [filtered=910]
cnt=1 s0=fng (4752,1881) [filtered=910]
cnt=1 s0=fng (4746,1874) [filtered=910]
cnt=1 s0=fng (4740,1864) [filtered=910]
cnt=1 s0=fng (4734,1854) [filtered=910]
cnt=1 s0=fng (4726,1843) [filtered=910]
cnt=1 s0=fng (4717,1830) [filtered=910]
cnt=1 s0=fng (4708,1817) [filtered=910]
cnt=1 s0=fng (4699,1805) [filtered=910]
cnt=1 s0=fng (4690,1792) [filtered=910]
cnt=1 s0=fng (4680,1779) [filtered=910]
cnt=1 s0=fng (4671,1766) [filtered=910]
cnt=1 s0=fng (4662,1753) [filtered=910]
cnt=1 s0=fng (4653,1741) [filtered=910]
cnt=1 s0=fng (4644,1731) [filtered=910]
cnt=1 s0=fng (4637,1723) [filtered=910]
cnt=1 s0=fng (4631,1714) [filtered=910]
cnt=1 s0=fng (4626,1705) [filtered=910]
cnt=1 s0=fng (4622,1697) [filtered=910]
cnt=1 s0=fng (4617,1690) [filtered=910]
cnt=1 s0=fng (4612,1683) [filtered=910]
cnt=1 s0=fng (4607,1677) [filtered=910]
cnt=1 s0=fng (4604,1671) [filtered=910]
cnt=1 s0=fng (4602,1666) [filtered=910]
cnt=1 s0=fng (4601,1662) [filtered=910]
cnt=1 s0=fng (4601,1658) [filtered=910]
cnt=1 s0=fng (4600,1654) [filtered=910]
cnt=1 s0=fng (4600,1650) [filtered=910]
cnt=1 s0=fng (4600,1647) [filtered=910]
cnt=1 s0=fng (4600,1645) [filtered=910]
cnt=1 s0=fng (4600,1644) [filtered=910]
cnt=1 s0=fng (4601,1645) [filtered=910]
cnt=1 s0=fng (4601,1645) [filtered=910]
cnt=1 s0=fng (4603,1645) [filtered=910]
cnt=1 s0=fng (4605,1646) [filtered=910]
cnt=1 s0=fng (4608,1648) [filtered=910]
cnt=1 s0=fng (4612,1650) [filtered=910]
cnt=1 s0=fng (4614,1651) [filtered=910]
cnt=1 s0=fng (4618,1654) [filtered=910]
cnt=1 s0=fng (4623,1658) [filtered=910]
cnt=1 s0=fng (4628,1663) [filtered=910]
cnt=1 s0=fng (4632,1667) [filtered=910]
cnt=1 s0=fng (4637,1672) [filtered=910]
cnt=1 s0=fng (4643,1679) [filtered=910]
cnt=1 s0=fng (4649,1688) [filtered=910]
cnt=1 s0=fng (4656,1697) [filtered=910]
cnt=1 s0=fng (4662,1706) [filtered=910]
cnt=1 s0=fng (4669,1716) [filtered=910]
cnt=2 s0=PALM(4678,1728) s1=fng (1414,25) [filtered=911]
cnt=2 s0=PALM(4678,1728) s1=fng (1414,25) [filtered=912]
cnt=1 s1=fng (1414,25) [filtered=912]
cnt=1 s1=fng (1414,25) [filtered=912]
cnt=1 s1=fng (1414,25) [filtered=912]
cnt=1 s1=fng (1414,25) [filtered=912]
cnt=1 s1=fng (1414,25) [filtered=912]
cnt=1 s1=fng (1414,25) [filtered=912]
cnt=1 s1=fng (1414,25) [filtered=912]
cnt=1 s1=fng (1414,25) [filtered=912]
cnt=1 s1=fng (1414,25) [filtered=912]
cnt=2 s0=PALM(4762,1924) s1=fng (1413,25) [filtered=913]
cnt=2 s0=PALM(4762,1924) s1=fng (1413,25) [filtered=914]
cnt=2 s0=PALM(4762,1924) s1=fng (1413,25) [filtered=915]
cnt=2 s0=PALM(4762,1924) s1=fng (1412,25) [filtered=916]
cnt=2 s0=PALM(4762,1924) s1=fng (1412,25) [filtered=917]
cnt=2 s0=PALM(4762,1924) s1=fng (1411,25) [filtered=918]
cnt=2 s0=PALM(4762,1924) s1=fng (1410,25) [filtered=919]
cnt=2 s0=PALM(4762,1924) s1=fng (1410,25) [filtered=920]
cnt=2 s0=PALM(4762,1924) s1=fng (1410,25) [filtered=921]
cnt=2 s0=PALM(4762,1924) s1=fng (1410,25) [filtered=922]
cnt=1 s0=fng (4762,1924) [filtered=922]
cnt=1 s0=fng (4762,1924) [filtered=922]
cnt=1 s0=fng (4762,1924) [filtered=922]
cnt=1 s0=fng (1352,12) [filtered=922]
cnt=1 s0=fng (1352,12) [filtered=922]
cnt=1 s0=fng (1352,12) [filtered=922]
cnt=1 s0=fng (1352,12) [filtered=922]
cnt=1 s0=fng (1352,12) [filtered=922]
cnt=1 s0=fng (1352,12) [filtered=922]
cnt=1 s0=fng (1352,12) [filtered=922]
cnt=1 s0=fng (1352,12) [filtered=922]
cnt=1 s0=fng (1352,12) [filtered=922]
cnt=1 s0=fng (1352,12) [filtered=922]
cnt=1 s0=fng (1352,12) [filtered=922]
cnt=1 s0=fng (1352,12) [filtered=922]
cnt=1 s0=fng (1352,12) [filtered=922]
cnt=1 s0=fng (1352,12) [filtered=922]
cnt=1 s0=fng (1352,12) [filtered=922]
cnt=1 s0=fng (1352,12) [filtered=922]
cnt=1 s0=fng (1352,12) [filtered=922]
cnt=1 s0=fng (1352,12) [filtered=922]
cnt=1 s0=fng (1352,12) [filtered=922]
cnt=1 s0=fng (1351,12) [filtered=922]
cnt=1 s0=fng (1351,12)* [filtered=922]
cnt=1 s0=fng (1350,12)* [filtered=922]
cnt=1 s0=fng (1350,12)* [filtered=922]
cnt=1 s0=fng (4762,1852) [filtered=922]
cnt=1 s0=fng (4762,1852) [filtered=922]
cnt=1 s0=fng (4762,1852) [filtered=922]
cnt=1 s0=fng (4762,1852) [filtered=922]
cnt=1 s0=fng (4762,1852) [filtered=922]
cnt=1 s0=fng (4762,1852) [filtered=922]
cnt=1 s0=fng (4762,1851) [filtered=922]
cnt=1 s0=fng (4762,1850) [filtered=922]
cnt=1 s0=fng (4762,1850) [filtered=922]
cnt=1 s0=fng (4762,1850) [filtered=922]
cnt=1 s0=fng (4762,1849) [filtered=922]
cnt=1 s0=fng (4762,1849) [filtered=922]
cnt=1 s0=fng (4762,1848) [filtered=922]
cnt=1 s0=fng (4762,1848) [filtered=922]
cnt=1 s0=fng (4762,1847) [filtered=922]
cnt=1 s0=fng (4762,1846) [filtered=922]
cnt=1 s0=fng (4762,1845) [filtered=922]
cnt=1 s0=fng (4762,1844) [filtered=922]
cnt=1 s0=fng (4762,1843) [filtered=922]
cnt=1 s0=fng (4762,1842) [filtered=922]
cnt=1 s0=fng (4762,1841)* [filtered=922]
cnt=1 s0=fng (4762,1839)* [filtered=922]
cnt=1 s0=fng (4762,1838)* [filtered=922]
cnt=1 s0=fng (4762,1835)* [filtered=922]
cnt=1 s0=fng (4762,1830) [filtered=922]
cnt=1 s0=fng (4762,1825) [filtered=922]
cnt=1 s0=fng (4762,1818) [filtered=922]
cnt=1 s0=fng (4762,1812) [filtered=922]
cnt=1 s0=fng (4762,1805) [filtered=922]
cnt=1 s0=fng (4762,1797) [filtered=922]
cnt=1 s0=fng (4762,1789) [filtered=922]
cnt=1 s0=fng (4760,1780) [filtered=922]
cnt=1 s0=fng (4759,1772) [filtered=922]
cnt=1 s0=fng (4758,1764) [filtered=922]
cnt=1 s0=fng (4757,1756) [filtered=922]
cnt=1 s0=fng (4756,1748) [filtered=922]
cnt=1 s0=fng (4755,1741) [filtered=922]
cnt=1 s0=fng (4753,1734) [filtered=922]
cnt=1 s0=fng (4751,1726) [filtered=922]
cnt=1 s0=fng (4748,1718) [filtered=922]
cnt=1 s0=fng (4745,1711) [filtered=922]
cnt=1 s0=fng (4743,1705) [filtered=922]
cnt=1 s0=fng (4740,1700) [filtered=922]
cnt=1 s0=fng (4737,1695) [filtered=922]
cnt=1 s0=fng (4734,1691) [filtered=922]
cnt=1 s0=fng (4732,1686) [filtered=922]
cnt=1 s0=fng (4731,1682) [filtered=922]
cnt=1 s0=fng (4729,1679) [filtered=922]
cnt=1 s0=fng (4727,1677) [filtered=922]
cnt=1 s0=fng (4725,1676) [filtered=922]
cnt=1 s0=fng (4724,1677) [filtered=922]
cnt=1 s0=fng (4724,1678) [filtered=922]
cnt=1 s0=fng (4724,1679) [filtered=922]
cnt=1 s0=fng (4724,1681) [filtered=922]
cnt=1 s0=fng (4725,1684) [filtered=922]
cnt=1 s0=fng (4726,1687) [filtered=922]
cnt=1 s0=fng (4727,1689) [filtered=922]
cnt=1 s0=fng (4728,1692) [filtered=922]
cnt=1 s0=fng (4762,1919) [filtered=922]
cnt=1 s0=fng (4762,1918) [filtered=922]
cnt=1 s0=fng (4762,1917) [filtered=922]
cnt=1 s0=fng (4762,1917) [filtered=922]
cnt=1 s0=fng (4762,1916) [filtered=922]
cnt=1 s0=fng (4762,1915) [filtered=922]
cnt=1 s0=fng (4762,1914) [filtered=922]
cnt=1 s0=fng (4762,1913) [filtered=922]
cnt=1 s0=fng (4762,1913) [filtered=922]
cnt=1 s0=fng (4762,1912) [filtered=922]
cnt=1 s0=fng (4762,1911) [filtered=922]
cnt=1 s0=fng (4762,1910) [filtered=922]
cnt=1 s0=fng (4762,1909) [filtered=922]
cnt=1 s0=fng (4762,1908) [filtered=922]
cnt=1 s0=fng (4762,1907) [filtered=922]
cnt=1 s0=fng (4762,1906) [filtered=922]
cnt=1 s0=fng (4762,1905) [filtered=922]
cnt=1 s0=fng (4762,1905) [filtered=922]
cnt=1 s0=fng (4761,1904) [filtered=922]
cnt=1 s0=fng (4760,1902) [filtered=922]
cnt=1 s0=fng (4759,1900)* [filtered=922]
cnt=1 s0=fng (4758,1899)* [filtered=922]
cnt=1 s0=fng (4757,1898)* [filtered=922]
cnt=1 s0=fng (4756,1897)* [filtered=922]
cnt=1 s0=fng (4754,1894) [filtered=922]
cnt=1 s0=fng (4751,1890) [filtered=922]
cnt=1 s0=fng (4748,1886) [filtered=922]
cnt=1 s0=fng (4747,1883) [filtered=922]
cnt=1 s0=fng (4744,1878) [filtered=922]
cnt=1 s0=fng (4740,1873) [filtered=922]
cnt=1 s0=fng (4736,1868) [filtered=922]
cnt=1 s0=fng (4732,1862) [filtered=922]
cnt=1 s0=fng (4729,1858) [filtered=922]
cnt=1 s0=fng (4725,1853) [filtered=922]
cnt=1 s0=fng (4721,1848) [filtered=922]
cnt=1 s0=fng (4717,1843) [filtered=922]
cnt=1 s0=fng (4714,1839) [filtered=922]
cnt=1 s0=fng (4711,1835) [filtered=922]
cnt=1 s0=fng (4706,1830) [filtered=922]
cnt=1 s0=fng (4701,1825) [filtered=922]
cnt=1 s0=fng (4697,1820) [filtered=922]
cnt=1 s0=fng (4694,1816) [filtered=922]
cnt=1 s0=fng (4690,1811) [filtered=922]
cnt=1 s0=fng (4686,1806) [filtered=922]
cnt=1 s0=fng (4682,1801) [filtered=922]
cnt=1 s0=fng (4679,1796) [filtered=922]
cnt=1 s0=fng (4677,1792) [filtered=922]
cnt=1 s0=fng (4675,1789) [filtered=922]
cnt=1 s0=fng (4672,1787) [filtered=922]
cnt=1 s0=fng (4671,1785) [filtered=922]
cnt=1 s0=fng (4670,1784) [filtered=922]
cnt=1 s0=fng (4669,1783) [filtered=922]
cnt=1 s0=fng (4669,1782) [filtered=922]
cnt=1 s0=fng (4669,1782) [filtered=922]
cnt=1 s0=fng (4669,1782) [filtered=922]
cnt=1 s0=fng (4669,1782) [filtered=922]
cnt=1 s0=fng (4669,1782) [filtered=922]
cnt=1 s0=fng (4669,1782) [filtered=922]
cnt=1 s0=fng (4669,1783) [filtered=922]
cnt=1 s0=fng (4670,1784) [filtered=922]
cnt=1 s0=fng (4670,1785) [filtered=922]
cnt=1 s0=fng (4671,1786) [filtered=922]
cnt=1 s0=fng (4672,1787) [filtered=922]
cnt=1 s0=fng (4673,1788) [filtered=922]
cnt=1 s0=fng (4674,1789) [filtered=922]
cnt=1 s0=fng (4675,1791) [filtered=922]
cnt=1 s0=fng (4676,1793) [filtered=922]
cnt=1 s0=fng (4677,1795) [filtered=922]
cnt=1 s0=fng (4678,1797)* [filtered=922]
cnt=1 s0=fng (4679,1798)* [filtered=922]
cnt=1 s0=fng (4680,1800)* [filtered=922]
cnt=1 s0=fng (4682,1802) [filtered=922]
cnt=1 s0=fng (4684,1805) [filtered=922]
cnt=1 s0=fng (4686,1808) [filtered=922]
cnt=1 s0=fng (4687,1809) [filtered=922]
cnt=1 s0=fng (4689,1811) [filtered=922]
cnt=1 s0=fng (4691,1813) [filtered=922]
cnt=1 s0=fng (4693,1816) [filtered=922]
cnt=1 s0=fng (4695,1819) [filtered=922]
cnt=1 s0=fng (4696,1820) [filtered=922]
cnt=1 s0=fng (4698,1822) [filtered=922]
cnt=1 s0=fng (4700,1824) [filtered=922]
cnt=1 s0=fng (4702,1827) [filtered=922]
cnt=1 s0=fng (4704,1829) [filtered=922]
cnt=1 s0=fng (4705,1830) [filtered=922]
cnt=1 s0=fng (4707,1832) [filtered=922]
cnt=1 s0=fng (4709,1834) [filtered=922]
cnt=1 s0=fng (4711,1836) [filtered=922]
cnt=1 s0=fng (4712,1837) [filtered=922]
cnt=1 s0=fng (4714,1839) [filtered=922]
cnt=1 s0=fng (4716,1842) [filtered=922]
cnt=1 s0=fng (4718,1844) [filtered=922]
cnt=1 s0=fng (4721,1847) [filtered=922]
cnt=1 s0=fng (4722,1848) [filtered=922]
cnt=1 s0=fng (4725,1850) [filtered=922]
cnt=1 s0=fng (4728,1853) [filtered=922]
cnt=1 s0=fng (4730,1856) [filtered=922]
cnt=1 s0=fng (4732,1859) [filtered=922]
cnt=1 s0=fng (4733,1860) [filtered=922]
cnt=1 s0=fng (4735,1862) [filtered=922]
cnt=1 s0=fng (4737,1864) [filtered=922]
cnt=1 s0=fng (4739,1866) [filtered=922]
cnt=1 s0=fng (4740,1867) [filtered=922]
cnt=1 s0=fng (4742,1869) [filtered=922]
cnt=1 s0=fng (4744,1871) [filtered=922]
cnt=1 s0=fng (4746,1873) [filtered=922]
cnt=1 s0=fng (4747,1874) [filtered=922]
cnt=1 s0=fng (4748,1875) [filtered=922]
cnt=1 s0=fng (4749,1876) [filtered=922]
cnt=1 s0=fng (4750,1877) [filtered=922]
cnt=1 s0=fng (4751,1878) [filtered=922]
cnt=1 s0=fng (4752,1879) [filtered=922]
cnt=1 s0=fng (4752,1879) [filtered=922]
cnt=1 s0=fng (4753,1879) [filtered=922]
cnt=1 s0=fng (4754,1880) [filtered=922]
cnt=1 s0=fng (4755,1880) [filtered=922]
cnt=1 s0=fng (4762,1906) [filtered=922]
cnt=1 s0=fng (4762,1906) [filtered=922]
cnt=1 s0=fng (4762,1906) [filtered=922]
cnt=1 s0=fng (4762,1906) [filtered=922]
cnt=1 s0=fng (4762,1907) [filtered=922]
cnt=1 s0=fng (4762,1907) [filtered=922]
cnt=1 s0=fng (4762,1908) [filtered=922]
cnt=1 s0=fng (4762,1908) [filtered=922]
cnt=1 s0=fng (4762,1908) [filtered=922]
cnt=1 s0=fng (4762,1909) [filtered=922]
cnt=1 s0=fng (4762,1909) [filtered=922]
cnt=1 s0=fng (4762,1910) [filtered=922]
cnt=1 s0=fng (4762,1910) [filtered=922]
cnt=1 s0=fng (4762,1910) [filtered=922]
cnt=1 s0=fng (4762,1910) [filtered=922]
cnt=1 s0=fng (4762,1910) [filtered=922]
cnt=1 s0=fng (4762,1910) [filtered=922]
cnt=1 s0=fng (4762,1910) [filtered=922]
cnt=1 s0=fng (4762,1910) [filtered=922]
cnt=1 s0=fng (4762,1910) [filtered=922]
cnt=1 s0=fng (4762,1910)* [filtered=922]
cnt=1 s0=fng (4762,1910)* [filtered=922]
cnt=2 s0=PALM(4762,1911)* s1=fng (1388,23) [filtered=923]
cnt=2 s0=PALM(4762,1912)* s1=fng (1388,23) [filtered=924]
cnt=2 s0=PALM(4762,1912)* s1=fng (1388,23) [filtered=925]
cnt=2 s0=PALM(4762,1912)* s1=fng (1388,23) [filtered=926]
cnt=2 s0=PALM(4762,1913)* s1=fng (1388,23) [filtered=927]
cnt=2 s0=PALM(4762,1914)* s1=fng (1388,23) [filtered=928]
cnt=2 s0=PALM(4762,1915)* s1=fng (1388,23) [filtered=929]
cnt=2 s0=PALM(4762,1916)* s1=fng (1388,23) [filtered=930]
cnt=2 s0=PALM(4762,1917)* s1=fng (1388,23) [filtered=931]
cnt=2 s0=PALM(4762,1918)* s1=fng (1388,23) [filtered=932]
cnt=2 s0=PALM(4762,1919)* s1=fng (1388,23) [filtered=933]
cnt=2 s0=PALM(4762,1920)* s1=fng (1388,23) [filtered=934]
cnt=2 s0=PALM(4762,1921)* s1=fng (1388,23) [filtered=935]
cnt=2 s0=PALM(4762,1921)* s1=fng (1388,23) [filtered=936]
cnt=1 s1=fng (1387,23) [filtered=936]
cnt=2 s0=PALM(4762,1936) s1=fng (1387,23) [filtered=937]
cnt=2 s0=PALM(4762,1936) s1=fng (1386,23) [filtered=938]
cnt=2 s0=PALM(4762,1936) s1=fng (1386,23) [filtered=939]
cnt=2 s0=PALM(4762,1936) s1=fng (1385,23) [filtered=940]
cnt=1 s1=fng (1383,23) [filtered=940]
cnt=2 s0=PALM(4762,1938) s1=PALM(1382,23)* [filtered=941]
cnt=2 s0=PALM(4762,1938) s1=PALM(1380,23)* [filtered=942]
cnt=2 s0=PALM(4762,1938) s1=PALM(1378,23)* [filtered=943]
cnt=2 s0=PALM(4762,1938) s1=PALM(1377,23)* [filtered=944]
cnt=1 s1=fng (1376,23)* [filtered=944]
cnt=1 s0=fng (4762,1943) [filtered=944]
cnt=1 s0=fng (4762,1943) [filtered=944]
cnt=1 s0=fng (4762,1950) [filtered=944]
cnt=1 s0=fng (4762,1950) [filtered=944]
cnt=1 s0=fng (4762,1942) [filtered=944]
cnt=1 s0=fng (4762,1942) [filtered=944]
cnt=1 s0=fng (4762,1937) [filtered=944]
cnt=1 s0=fng (4762,1937) [filtered=944]
cnt=1 s0=fng (4762,1926) [filtered=944]
cnt=1 s0=fng (4762,1925) [filtered=944]
cnt=1 s0=fng (4762,1924) [filtered=944]
cnt=1 s0=fng (4762,1922) [filtered=944]
cnt=1 s0=fng (4762,1921) [filtered=944]
cnt=1 s0=fng (4762,1918) [filtered=944]
cnt=1 s0=fng (4762,1913) [filtered=944]
cnt=1 s0=fng (4762,1907) [filtered=944]
cnt=1 s0=fng (4762,1901) [filtered=944]
cnt=1 s0=fng (4762,1894) [filtered=944]
cnt=1 s0=fng (4758,1887) [filtered=944]
cnt=1 s0=fng (4753,1880) [filtered=944]
cnt=1 s0=fng (4748,1871) [filtered=944]
cnt=1 s0=fng (4744,1863) [filtered=944]
cnt=1 s0=fng (4739,1856) [filtered=944]
cnt=1 s0=fng (4734,1849) [filtered=944]
cnt=1 s0=fng (4730,1842) [filtered=944]
cnt=1 s0=fng (4727,1836) [filtered=944]
cnt=1 s0=fng (4724,1831) [filtered=944]
cnt=1 s0=fng (4722,1827) [filtered=944]
cnt=1 s0=fng (4721,1822) [filtered=944]
cnt=1 s0=fng (4722,1819) [filtered=944]
cnt=1 s0=fng (4722,1816) [filtered=944]
cnt=1 s0=fng (4722,1814) [filtered=944]
cnt=1 s0=fng (4722,1814) [filtered=944]
cnt=1 s0=fng (4722,1814) [filtered=944]
cnt=1 s0=fng (4722,1814) [filtered=944]
cnt=1 s0=fng (4722,1814) [filtered=944]
cnt=1 s0=fng (4722,1817) [filtered=944]
cnt=1 s0=fng (4723,1820) [filtered=944]
cnt=1 s0=fng (4724,1823) [filtered=944]
cnt=1 s0=fng (4726,1828) [filtered=944]
cnt=1 s0=fng (4727,1832) [filtered=944]
cnt=1 s0=fng (4729,1837) [filtered=944]
cnt=1 s0=fng (4731,1843) [filtered=944]
cnt=1 s0=fng (4734,1850) [filtered=944]
cnt=1 s0=fng (4737,1857) [filtered=944]
cnt=1 s0=fng (4739,1863) [filtered=944]
cnt=1 s0=fng (4762,1883) [filtered=944]
cnt=1 s0=fng (4762,1882) [filtered=944]
cnt=1 s0=fng (4762,1882) [filtered=944]
cnt=1 s0=fng (4762,1882) [filtered=944]
cnt=1 s0=fng (4762,1881) [filtered=944]
cnt=1 s0=fng (4762,1880) [filtered=944]
cnt=1 s0=fng (4762,1879) [filtered=944]
cnt=1 s0=fng (4762,1879) [filtered=944]
cnt=1 s0=fng (4762,1879) [filtered=944]
cnt=1 s0=fng (4762,1878) [filtered=944]
cnt=1 s0=fng (4762,1878) [filtered=944]
cnt=1 s0=fng (4762,1877) [filtered=944]
cnt=1 s0=fng (4762,1876) [filtered=944]
cnt=1 s0=fng (4762,1876) [filtered=944]
cnt=1 s0=fng (4762,1893) [filtered=944]
cnt=1 s0=fng (4762,1893) [filtered=944]
cnt=1 s0=fng (4762,1893) [filtered=944]
cnt=1 s0=fng (4762,1893) [filtered=944]
cnt=1 s0=fng (4762,1893) [filtered=944]
cnt=1 s0=fng (4762,1893) [filtered=944]
cnt=1 s0=fng (4762,1893) [filtered=944]
cnt=1 s0=fng (4762,1893) [filtered=944]
cnt=1 s0=fng (4762,1893) [filtered=944]
cnt=1 s0=fng (4762,1893) [filtered=944]
cnt=1 s0=fng (4762,1893) [filtered=944]
cnt=2 s0=PALM(4762,1893) s1=fng (1382,12) [filtered=945]
cnt=2 s0=PALM(4762,1894) s1=fng (1382,12) [filtered=946]
cnt=2 s0=PALM(4762,1894) s1=fng (1382,12) [filtered=947]
cnt=2 s0=PALM(4762,1895) s1=fng (1382,12) [filtered=948]
cnt=2 s0=PALM(4762,1895) s1=fng (1382,12) [filtered=949]
cnt=2 s0=PALM(4762,1895) s1=fng (1382,12) [filtered=950]
cnt=2 s0=PALM(4762,1896) s1=fng (1382,12) [filtered=951]
cnt=2 s0=PALM(4762,1897) s1=fng (1382,12) [filtered=952]
cnt=2 s0=PALM(4762,1898) s1=fng (1382,12) [filtered=953]
cnt=2 s0=PALM(4762,1898)* s1=fng (1382,12) [filtered=954]
cnt=2 s0=PALM(4762,1898)* s1=fng (1381,12) [filtered=955]
cnt=2 s0=PALM(4762,1898)* s1=fng (1380,12) [filtered=956]
cnt=2 s0=PALM(4762,1898)* s1=fng (1379,12) [filtered=957]
cnt=2 s0=PALM(4762,1898)* s1=fng (1377,12) [filtered=958]
cnt=2 s0=PALM(4762,1898)* s1=fng (1376,12) [filtered=959]
cnt=2 s0=PALM(4762,1898)* s1=fng (1375,12) [filtered=960]
cnt=2 s0=PALM(4762,1898)* s1=fng (1374,12) [filtered=961]
cnt=1 s0=fng (4762,1898)* [filtered=961]
cnt=1 s0=fng (4762,1898)* [filtered=961]
cnt=1 s0=fng (4762,1898)* [filtered=961]
cnt=1 s0=fng (4762,1898)* [filtered=961]
cnt=1 s0=fng (4762,1897)* [filtered=961]
cnt=1 s0=fng (4762,1896)* [filtered=961]
cnt=1 s0=fng (4762,1895)* [filtered=961]
cnt=1 s0=fng (4762,1894)* [filtered=961]
cnt=1 s0=fng (4762,1893)* [filtered=961]
cnt=1 s0=fng (4762,1891)* [filtered=961]
cnt=1 s0=fng (4762,1889)* [filtered=961]
cnt=1 s0=fng (4762,1888)* [filtered=961]
cnt=1 s0=fng (4762,1885)* [filtered=961]
cnt=1 s0=fng (4762,1882)* [filtered=961]
cnt=1 s0=fng (4762,1878) [filtered=961]
cnt=1 s0=fng (4762,1873) [filtered=961]
cnt=1 s0=fng (4762,1870) [filtered=961]
cnt=1 s0=fng (4762,1865) [filtered=961]
cnt=1 s0=fng (4762,1860) [filtered=961]
cnt=1 s0=fng (4762,1855) [filtered=961]
cnt=1 s0=fng (4761,1849) [filtered=961]
cnt=1 s0=fng (4760,1844) [filtered=961]
cnt=1 s0=fng (4759,1838) [filtered=961]
cnt=1 s0=fng (4757,1832) [filtered=961]
cnt=1 s0=fng (4755,1825) [filtered=961]
cnt=1 s0=fng (4754,1818) [filtered=961]
cnt=1 s0=fng (4752,1811) [filtered=961]
cnt=1 s0=fng (4750,1804) [filtered=961]
cnt=1 s0=fng (4748,1797) [filtered=961]
cnt=1 s0=fng (4746,1790) [filtered=961]
cnt=1 s0=fng (4745,1784) [filtered=961]
cnt=1 s0=fng (4743,1777) [filtered=961]
cnt=1 s0=fng (4741,1770) [filtered=961]
cnt=1 s0=fng (4738,1763) [filtered=961]
cnt=1 s0=fng (4737,1757) [filtered=961]
cnt=1 s0=fng (4734,1750) [filtered=961]
cnt=1 s0=fng (4730,1743) [filtered=961]
cnt=1 s0=fng (4726,1737) [filtered=961]
cnt=1 s0=fng (4723,1732) [filtered=961]
cnt=1 s0=fng (4721,1728) [filtered=961]
cnt=1 s0=fng (4719,1723) [filtered=961]
cnt=1 s0=fng (4717,1718) [filtered=961]
cnt=1 s0=fng (4715,1714) [filtered=961]
cnt=1 s0=fng (4713,1711) [filtered=961]
cnt=1 s0=fng (4713,1709) [filtered=961]
cnt=1 s0=fng (4712,1707) [filtered=961]
cnt=1 s0=fng (4711,1706) [filtered=961]
cnt=1 s0=fng (4710,1704) [filtered=961]
cnt=1 s0=fng (4709,1703) [filtered=961]
cnt=1 s0=fng (4709,1702) [filtered=961]
cnt=1 s0=fng (4709,1702) [filtered=961]
cnt=1 s0=fng (4709,1701) [filtered=961]
cnt=1 s0=fng (4709,1701) [filtered=961]
cnt=1 s0=fng (4709,1701) [filtered=961]
cnt=1 s0=fng (4709,1701) [filtered=961]
cnt=1 s0=fng (4709,1701) [filtered=961]
cnt=1 s0=fng (4709,1702) [filtered=961]
cnt=1 s0=fng (4709,1703) [filtered=961]
cnt=1 s0=fng (4709,1703) [filtered=961]
cnt=1 s0=fng (4709,1704) [filtered=961]
cnt=1 s0=fng (4710,1705) [filtered=961]
cnt=1 s0=fng (4711,1707) [filtered=961]
cnt=1 s0=fng (4712,1709) [filtered=961]
cnt=1 s0=fng (4712,1710)* [filtered=961]
cnt=1 s0=fng (4713,1712)* [filtered=961]
cnt=1 s0=fng (4714,1715) [filtered=961]
cnt=1 s0=fng (4715,1718) [filtered=961]
cnt=1 s0=fng (4717,1722) [filtered=961]
cnt=1 s0=fng (4718,1724) [filtered=961]
cnt=1 s0=fng (4719,1728) [filtered=961]
cnt=1 s0=fng (4721,1732) [filtered=961]
cnt=1 s0=fng (4723,1736) [filtered=961]
cnt=1 s0=fng (4726,1742) [filtered=961]
cnt=1 s0=fng (4727,1746) [filtered=961]
cnt=1 s0=fng (4729,1751) [filtered=961]
cnt=1 s0=fng (4731,1756) [filtered=961]
cnt=1 s0=fng (4734,1761) [filtered=961]
cnt=1 s0=fng (4736,1765) [filtered=961]
cnt=1 s0=fng (4738,1770) [filtered=961]
cnt=1 s0=fng (4740,1775) [filtered=961]
cnt=1 s0=fng (4741,1780) [filtered=961]
cnt=1 s0=fng (4742,1785) [filtered=961]
cnt=1 s0=fng (4743,1789) [filtered=961]
cnt=1 s0=fng (4744,1794) [filtered=961]
cnt=1 s0=fng (4745,1798) [filtered=961]
cnt=1 s0=fng (4746,1802) [filtered=961]
cnt=1 s0=fng (4747,1805) [filtered=961]
cnt=2 s0=PALM(4748,1808) s1=fng (1584,39) [filtered=962]
cnt=2 s0=PALM(4749,1811) s1=fng (1584,39) [filtered=963]
cnt=2 s0=PALM(4750,1815) s1=fng (1584,39) [filtered=964]
cnt=2 s0=PALM(4751,1818) s1=fng (1584,39) [filtered=965]
cnt=2 s0=PALM(4751,1820) s1=fng (1584,39) [filtered=966]
cnt=2 s0=PALM(4752,1822) s1=fng (1585,39) [filtered=967]
cnt=2 s0=PALM(4754,1825) s1=fng (1585,39) [filtered=968]
cnt=2 s0=PALM(4756,1827) s1=fng (1586,39) [filtered=969]
cnt=2 s0=PALM(4758,1829) s1=fng (1586,39) [filtered=970]
cnt=2 s0=PALM(4759,1830) s1=fng (1586,39) [filtered=971]
cnt=2 s0=PALM(4761,1832) s1=fng (1586,39) [filtered=972]
cnt=2 s0=PALM(4762,1834) s1=fng (1586,39) [filtered=973]
cnt=2 s0=PALM(4762,1836) s1=fng (1586,39) [filtered=974]
cnt=1 s0=fng (4762,1837) [filtered=974]
cnt=1 s0=fng (4762,1838) [filtered=974]
cnt=1 s0=fng (4762,1839) [filtered=974]
cnt=1 s0=fng (4762,1841) [filtered=974]
cnt=1 s0=fng (4762,1842) [filtered=974]
cnt=1 s0=fng (4762,1843) [filtered=974]
cnt=1 s0=fng (4762,1844) [filtered=974]
cnt=1 s0=fng (4762,1845) [filtered=974]
cnt=1 s0=fng (4762,1846) [filtered=974]
cnt=1 s0=fng (4762,1846) [filtered=974]
cnt=1 s0=fng (4762,1846) [filtered=974]
cnt=1 s0=fng (4762,1847) [filtered=974]
cnt=1 s0=fng (4762,1848) [filtered=974]
cnt=1 s0=fng (4762,1848) [filtered=974]
cnt=1 s0=fng (4762,1849) [filtered=974]
cnt=1 s0=fng (4762,1849) [filtered=974]
cnt=1 s0=fng (4762,1850) [filtered=974]
cnt=1 s0=fng (4762,1851)* [filtered=974]
cnt=1 s0=fng (4762,1852)* [filtered=974]
cnt=1 s0=fng (4762,1853)* [filtered=974]
cnt=1 s0=fng (4762,1853)* [filtered=974]
cnt=1 s0=fng (4762,1854)* [filtered=974]
cnt=1 s0=fng (4762,1855)* [filtered=974]
cnt=1 s0=fng (4762,1855)* [filtered=974]
cnt=1 s0=fng (4762,1856)* [filtered=974]
cnt=1 s0=fng (4762,1856)* [filtered=974]
cnt=1 s0=fng (4762,1856)* [filtered=974]
cnt=1 s0=fng (4762,1856)* [filtered=974]
cnt=1 s0=fng (4762,1856)* [filtered=974]
cnt=1 s0=fng (4762,1856)* [filtered=974]
cnt=1 s0=fng (4762,1856)* [filtered=974]
cnt=1 s0=fng (4762,1856)* [filtered=974]
cnt=1 s0=fng (4762,1856)* [filtered=974]
cnt=1 s0=fng (4762,1856)* [filtered=974]
cnt=1 s0=fng (4762,1856)* [filtered=974]
cnt=1 s0=fng (4762,1856)* [filtered=974]
cnt=1 s0=fng (4762,1856)* [filtered=974]
cnt=1 s0=fng (4762,1855)* [filtered=974]
cnt=1 s0=fng (4762,1855)* [filtered=974]
cnt=1 s0=fng (4762,1855)* [filtered=974]
cnt=1 s0=fng (4762,1854)* [filtered=974]
cnt=1 s0=fng (4762,1853)* [filtered=974]
cnt=1 s0=fng (4762,1853)* [filtered=974]
cnt=1 s0=fng (4762,1853)* [filtered=974]
cnt=1 s0=fng (4762,1852)* [filtered=974]
cnt=1 s0=fng (4762,1852)* [filtered=974]
cnt=1 s0=fng (4762,1852)* [filtered=974]
cnt=1 s0=fng (4762,1852)* [filtered=974]
cnt=1 s0=fng (4762,1852)* [filtered=974]
cnt=1 s0=fng (4762,1853)* [filtered=974]
cnt=1 s0=fng (4762,1853)* [filtered=974]
cnt=1 s0=fng (4762,1854)* [filtered=974]
cnt=1 s0=fng (4762,1855)* [filtered=974]
cnt=1 s0=fng (4762,1855)* [filtered=974]
cnt=1 s0=fng (4762,1856)* [filtered=974]
cnt=1 s0=fng (4762,1857)* [filtered=974]
cnt=1 s0=fng (4762,1858)* [filtered=974]
cnt=1 s0=fng (4762,1860)* [filtered=974]
cnt=1 s0=fng (4762,1861)* [filtered=974]
cnt=1 s0=fng (4762,1862)* [filtered=974]
cnt=1 s0=fng (4762,1863)* [filtered=974]
cnt=1 s0=fng (4762,1864)* [filtered=974]
cnt=1 s0=fng (4762,1865)* [filtered=974]
cnt=1 s0=fng (4762,1866)* [filtered=974]
cnt=1 s0=fng (4762,1867)* [filtered=974]
cnt=1 s0=fng (4762,1868)* [filtered=974]
cnt=1 s0=fng (4762,1869)* [filtered=974]
cnt=1 s0=fng (4762,1870)* [filtered=974]
cnt=1 s0=fng (4762,1871)* [filtered=974]
cnt=1 s0=fng (4762,1871)* [filtered=974]
cnt=1 s0=fng (4762,1871)* [filtered=974]
cnt=1 s0=fng (4762,1871)* [filtered=974]
cnt=1 s0=fng (4762,1871)* [filtered=974]
cnt=1 s0=fng (4762,1871)* [filtered=974]
cnt=1 s0=fng (4762,1871)* [filtered=974]
cnt=1 s0=fng (4762,1871)* [filtered=974]
cnt=1 s0=fng (4762,1871)* [filtered=974]
cnt=1 s0=fng (4762,1871)* [filtered=974]
cnt=1 s0=fng (4762,1871)* [filtered=974]
cnt=1 s0=fng (4762,1870)* [filtered=974]
cnt=1 s0=fng (4762,1869)* [filtered=974]
cnt=1 s0=fng (4762,1869)* [filtered=974]
cnt=1 s0=fng (4762,1868)* [filtered=974]
cnt=1 s0=fng (4762,1867)* [filtered=974]
cnt=1 s0=fng (4762,1866)* [filtered=974]
cnt=1 s0=fng (4762,1865)* [filtered=974]
cnt=1 s0=fng (4762,1864)* [filtered=974]
cnt=1 s0=fng (4762,1863)* [filtered=974]
cnt=1 s0=fng (4762,1861)* [filtered=974]
cnt=1 s0=fng (4762,1860)* [filtered=974]
cnt=1 s0=fng (4762,1858)* [filtered=974]
cnt=1 s0=fng (4762,1857)* [filtered=974]
cnt=1 s0=fng (4762,1856)* [filtered=974]
cnt=1 s0=fng (4762,1855)* [filtered=974]
cnt=1 s0=fng (4762,1854)* [filtered=974]
cnt=1 s0=fng (4762,1853)* [filtered=974]
cnt=1 s0=fng (4762,1852)* [filtered=974]
cnt=1 s0=fng (4762,1851)* [filtered=974]
cnt=1 s0=fng (4762,1850)* [filtered=974]
cnt=1 s0=fng (4762,1849)* [filtered=974]
cnt=1 s0=fng (4762,1848)* [filtered=974]
cnt=1 s0=fng (4762,1847)* [filtered=974]
cnt=1 s0=fng (4762,1846)* [filtered=974]
cnt=1 s0=fng (4762,1845)* [filtered=974]
cnt=1 s0=fng (4762,1844)* [filtered=974]
cnt=1 s0=fng (4762,1843)* [filtered=974]
cnt=1 s0=fng (4762,1842)* [filtered=974]
cnt=1 s0=fng (4762,1841)* [filtered=974]
cnt=1 s0=fng (4762,1840)* [filtered=974]
cnt=1 s0=fng (4762,1840)* [filtered=974]
cnt=1 s0=fng (4762,1839)* [filtered=974]
cnt=1 s0=fng (4762,1838)* [filtered=974]
cnt=1 s0=fng (4762,1837)* [filtered=974]
cnt=1 s0=fng (4762,1836)* [filtered=974]
cnt=1 s0=fng (4762,1835)* [filtered=974]
cnt=1 s0=fng (4762,1834)* [filtered=974]
cnt=1 s0=fng (4762,1833)* [filtered=974]
cnt=1 s0=fng (4762,1832)* [filtered=974]
cnt=1 s0=fng (4762,1831)* [filtered=974]
cnt=1 s0=fng (4762,1831)* [filtered=974]
cnt=1 s0=fng (4762,1830)* [filtered=974]
cnt=1 s0=fng (4762,1829)* [filtered=974]
cnt=1 s0=fng (4762,1828)* [filtered=974]
cnt=1 s0=fng (4762,1827)* [filtered=974]
cnt=1 s0=fng (4762,1826)* [filtered=974]
cnt=1 s0=fng (4762,1825)* [filtered=974]
cnt=1 s0=fng (4762,1824)* [filtered=974]
cnt=1 s0=fng (4762,1823)* [filtered=974]
cnt=1 s0=fng (4762,1823)* [filtered=974]
cnt=1 s0=fng (4762,1822)* [filtered=974]
cnt=1 s0=fng (4762,1822)* [filtered=974]
cnt=1 s0=fng (4762,1822)* [filtered=974]
cnt=1 s0=fng (4762,1822)* [filtered=974]
cnt=1 s0=fng (4762,1822)* [filtered=974]
cnt=1 s0=fng (4762,1822)* [filtered=974]
cnt=1 s0=fng (4762,1822)* [filtered=974]
cnt=1 s0=fng (4762,1822)* [filtered=974]
cnt=1 s0=fng (4762,1823)* [filtered=974]
cnt=1 s0=fng (4762,1823)* [filtered=974]
cnt=1 s0=fng (4762,1823)* [filtered=974]
cnt=1 s0=fng (4762,1823)* [filtered=974]
cnt=1 s0=fng (4762,1823)* [filtered=974]
cnt=1 s0=fng (4762,1823)* [filtered=974]
cnt=1 s0=fng (4762,1824)* [filtered=974]
cnt=1 s0=fng (4762,1825)* [filtered=974]
cnt=1 s0=fng (4762,1825)* [filtered=974]
cnt=1 s0=fng (4762,1825)* [filtered=974]
cnt=1 s0=fng (4762,1825)* [filtered=974]
cnt=1 s0=fng (4762,1825)* [filtered=974]
cnt=1 s0=fng (4762,1825)* [filtered=974]
cnt=1 s0=fng (4762,1825)* [filtered=974]
cnt=1 s0=fng (4762,1826)* [filtered=974]
cnt=1 s0=fng (4762,1826)* [filtered=974]
cnt=1 s0=fng (4762,1826)* [filtered=974]
cnt=1 s0=fng (4762,1827)* [filtered=974]
cnt=1 s0=fng (4762,1828)* [filtered=974]
cnt=1 s0=fng (4762,1829)* [filtered=974]
cnt=1 s0=fng (4762,1829)* [filtered=974]
cnt=1 s0=fng (4762,1830)* [filtered=974]
cnt=1 s0=fng (4762,1832)* [filtered=974]
cnt=1 s0=fng (4762,1833)* [filtered=974]
cnt=1 s0=fng (4762,1834)* [filtered=974]
cnt=1 s0=fng (4762,1835)* [filtered=974]
cnt=1 s0=fng (4762,1836)* [filtered=974]
cnt=1 s0=fng (4762,1837)* [filtered=974]
cnt=1 s0=fng (4762,1838)* [filtered=974]
cnt=1 s0=fng (4762,1838)* [filtered=974]
cnt=1 s0=fng (4762,1839)* [filtered=974]
cnt=1 s0=fng (4762,1839)* [filtered=974]
cnt=1 s0=fng (4762,1838)* [filtered=974]
cnt=1 s0=fng (4762,1838)* [filtered=974]
cnt=1 s0=fng (4762,1838)* [filtered=974]
cnt=1 s0=fng (4762,1837)* [filtered=974]
cnt=1 s0=fng (4762,1836)* [filtered=974]
cnt=1 s0=fng (4762,1834)* [filtered=974]
cnt=1 s0=fng (4762,1833)* [filtered=974]
cnt=1 s0=fng (4762,1831)* [filtered=974]
cnt=1 s0=fng (4762,1829)* [filtered=974]
cnt=1 s0=fng (4762,1827)* [filtered=974]
cnt=1 s0=fng (4762,1825)* [filtered=974]
cnt=1 s0=fng (4762,1823)* [filtered=974]
cnt=1 s0=fng (4762,1822)* [filtered=974]
cnt=1 s0=fng (4762,1862) [filtered=974]
cnt=1 s0=fng (4762,1862) [filtered=974]
cnt=1 s0=fng (4762,1862) [filtered=974]
cnt=1 s0=fng (4762,1862) [filtered=974]
cnt=1 s0=fng (4762,1861) [filtered=974]
cnt=1 s0=fng (4762,1861) [filtered=974]
cnt=1 s0=fng (4762,1861) [filtered=974]
cnt=1 s0=fng (4762,1860) [filtered=974]
cnt=1 s0=fng (4762,1860) [filtered=974]
cnt=1 s0=fng (4762,1859) [filtered=974]
cnt=1 s0=fng (4762,1859) [filtered=974]
cnt=1 s0=fng (4762,1858) [filtered=974]
cnt=1 s0=fng (4762,1857) [filtered=974]
cnt=1 s0=fng (4762,1856) [filtered=974]
cnt=1 s0=fng (4762,1855) [filtered=974]
cnt=1 s0=fng (4762,1855) [filtered=974]
cnt=1 s0=fng (4762,1855) [filtered=974]
cnt=1 s0=fng (4762,1854) [filtered=974]
cnt=1 s0=fng (4762,1853) [filtered=974]
cnt=1 s0=fng (4762,1852) [filtered=974]
cnt=1 s0=fng (4762,1852)* [filtered=974]
cnt=1 s0=fng (4762,1851)* [filtered=974]
cnt=1 s0=fng (4762,1850)* [filtered=974]
cnt=1 s0=fng (4762,1849)* [filtered=974]
cnt=1 s0=fng (4762,1848)* [filtered=974]
cnt=1 s0=fng (4762,1847)* [filtered=974]
cnt=1 s0=fng (4762,1846)* [filtered=974]
cnt=1 s0=fng (4762,1844)* [filtered=974]
cnt=1 s0=fng (4762,1842)* [filtered=974]
cnt=1 s0=fng (4762,1841)* [filtered=974]
cnt=1 s0=fng (4762,1839)* [filtered=974]
cnt=1 s0=fng (4761,1836) [filtered=974]
cnt=1 s0=fng (4759,1833) [filtered=974]
cnt=1 s0=fng (4757,1830) [filtered=974]
cnt=1 s0=fng (4756,1828) [filtered=974]
cnt=1 s0=fng (4753,1825) [filtered=974]
cnt=1 s0=fng (4750,1822) [filtered=974]
cnt=1 s0=fng (4747,1819) [filtered=974]
cnt=1 s0=fng (4745,1817) [filtered=974]
cnt=1 s0=fng (4743,1815) [filtered=974]
cnt=1 s0=fng (4741,1812) [filtered=974]
cnt=1 s0=fng (4739,1809) [filtered=974]
cnt=1 s0=fng (4737,1806) [filtered=974]
cnt=1 s0=fng (4736,1804) [filtered=974]
cnt=1 s0=fng (4734,1802) [filtered=974]
cnt=1 s0=fng (4732,1800) [filtered=974]
cnt=1 s0=fng (4730,1798) [filtered=974]
cnt=1 s0=fng (4728,1795) [filtered=974]
cnt=1 s0=fng (4727,1794) [filtered=974]
cnt=1 s0=fng (4725,1792) [filtered=974]
cnt=1 s0=fng (4723,1789) [filtered=974]
cnt=1 s0=fng (4721,1786) [filtered=974]
cnt=1 s0=fng (4720,1785) [filtered=974]
cnt=1 s0=fng (4719,1783) [filtered=974]
cnt=1 s0=fng (4716,1780) [filtered=974]
cnt=1 s0=fng (4714,1778) [filtered=974]
cnt=1 s0=fng (4711,1775) [filtered=974]
cnt=1 s0=fng (4710,1774) [filtered=974]
cnt=1 s0=fng (4707,1772) [filtered=974]
cnt=1 s0=fng (4704,1769) [filtered=974]
cnt=1 s0=fng (4701,1767) [filtered=974]
cnt=1 s0=fng (4698,1764) [filtered=974]
cnt=1 s0=fng (4696,1763) [filtered=974]
cnt=1 s0=fng (4694,1761) [filtered=974]
cnt=1 s0=fng (4692,1759) [filtered=974]
cnt=1 s0=fng (4690,1757) [filtered=974]
cnt=1 s0=fng (4689,1756) [filtered=974]
cnt=1 s0=fng (4687,1755) [filtered=974]
cnt=1 s0=fng (4685,1753) [filtered=974]
cnt=1 s0=fng (4683,1751) [filtered=974]
cnt=1 s0=fng (4681,1749) [filtered=974]
cnt=1 s0=fng (4680,1748) [filtered=974]
cnt=1 s0=fng (4678,1747) [filtered=974]
cnt=1 s0=fng (4676,1746) [filtered=974]
cnt=1 s0=fng (4674,1745) [filtered=974]
cnt=1 s0=fng (4672,1744) [filtered=974]
cnt=1 s0=fng (4671,1744) [filtered=974]
cnt=1 s0=fng (4670,1743) [filtered=974]
cnt=1 s0=fng (4669,1742) [filtered=974]
cnt=1 s0=fng (4668,1741) [filtered=974]
cnt=1 s0=fng (4667,1740) [filtered=974]
cnt=1 s0=fng (4666,1739) [filtered=974]
cnt=1 s0=fng (4664,1738) [filtered=974]
cnt=1 s0=fng (4662,1737) [filtered=974]
cnt=1 s0=fng (4660,1736) [filtered=974]
cnt=1 s0=fng (4659,1735) [filtered=974]
cnt=1 s0=fng (4657,1734) [filtered=974]
cnt=1 s0=fng (4655,1733) [filtered=974]
cnt=1 s0=fng (4652,1731) [filtered=974]
cnt=1 s0=fng (4651,1730) [filtered=974]
cnt=1 s0=fng (4649,1728) [filtered=974]
cnt=1 s0=fng (4645,1726) [filtered=974]
cnt=1 s0=fng (4639,1723) [filtered=974]
cnt=1 s0=fng (4634,1719) [filtered=974]
cnt=1 s0=fng (4629,1717) [filtered=974]
cnt=1 s0=fng (4624,1714) [filtered=974]
cnt=1 s0=fng (4619,1711) [filtered=974]
cnt=1 s0=fng (4614,1708) [filtered=974]
cnt=1 s0=fng (4609,1704) [filtered=974]
cnt=1 s0=fng (4605,1702) [filtered=974]
cnt=1 s0=fng (4601,1699) [filtered=974]
cnt=1 s0=fng (4599,1696) [filtered=974]
cnt=1 s0=fng (4598,1694) [filtered=974]
cnt=1 s0=fng (4597,1693) [filtered=974]
cnt=1 s0=fng (4596,1692) [filtered=974]
cnt=1 s0=fng (4596,1690) [filtered=974]
cnt=1 s0=fng (4596,1689) [filtered=974]
cnt=1 s0=fng (4596,1688) [filtered=974]
cnt=1 s0=fng (4596,1687) [filtered=974]
cnt=1 s0=fng (4596,1686) [filtered=974]
cnt=1 s0=fng (4596,1686) [filtered=974]
cnt=1 s0=fng (4597,1687) [filtered=974]
cnt=1 s0=fng (4598,1688) [filtered=974]
cnt=1 s0=fng (4599,1688) [filtered=974]
cnt=1 s0=fng (4600,1689) [filtered=974]
cnt=1 s0=fng (4603,1691) [filtered=974]
cnt=1 s0=fng (4607,1694) [filtered=974]
cnt=1 s0=fng (4612,1698) [filtered=974]
cnt=1 s0=fng (4615,1700) [filtered=974]
cnt=1 s0=fng (4620,1704) [filtered=974]
cnt=1 s0=fng (4625,1709) [filtered=974]
cnt=1 s0=fng (4630,1715) [filtered=974]
cnt=1 s0=fng (4635,1722) [filtered=974]
cnt=1 s0=fng (4639,1728) [filtered=974]
cnt=1 s0=fng (4644,1735) [filtered=974]
cnt=1 s0=fng (4649,1743) [filtered=974]
cnt=1 s0=fng (4655,1751) [filtered=974]
cnt=1 s0=fng (4661,1759) [filtered=974]
cnt=1 s0=fng (4666,1767) [filtered=974]
cnt=1 s0=fng (4672,1775) [filtered=974]
cnt=1 s0=fng (4677,1783) [filtered=974]
cnt=1 s0=fng (4682,1791) [filtered=974]
cnt=1 s0=fng (4686,1798) [filtered=974]
cnt=1 s0=fng (4692,1805) [filtered=974]
cnt=1 s0=fng (4698,1812) [filtered=974]
cnt=1 s0=fng (4704,1818) [filtered=974]
cnt=1 s0=fng (4709,1823) [filtered=974]
cnt=1 s0=fng (4713,1827) [filtered=974]
cnt=1 s0=fng (4713,1827) [filtered=974]
cnt=1 s0=fng (4762,1890) [filtered=974]
cnt=1 s0=fng (4762,1890) [filtered=974]
cnt=1 s0=fng (4762,1887) [filtered=974]
cnt=1 s0=fng (4762,1887) [filtered=974]
cnt=1 s0=fng (4762,1887) [filtered=974]
cnt=1 s0=fng (4762,1887) [filtered=974]
cnt=1 s0=fng (4762,1887) [filtered=974]
cnt=1 s0=fng (4762,1887) [filtered=974]
cnt=1 s0=fng (4762,1887) [filtered=974]
cnt=1 s0=fng (4762,1887) [filtered=974]
cnt=1 s0=fng (4762,1887) [filtered=974]
cnt=1 s0=fng (4762,1887) [filtered=974]
cnt=1 s0=fng (4762,1887) [filtered=974]
cnt=1 s0=fng (4762,1887) [filtered=974]
cnt=1 s0=fng (4762,1887) [filtered=974]
cnt=1 s0=fng (1286,21) [filtered=974]
cnt=1 s0=fng (1285,21) [filtered=974]
cnt=1 s0=fng (1284,21) [filtered=974]
cnt=1 s0=fng (1284,21) [filtered=974]
cnt=1 s0=fng (1283,21) [filtered=974]
cnt=1 s0=fng (1282,21) [filtered=974]
cnt=1 s0=fng (4762,1950) [filtered=974]
cnt=1 s0=fng (4762,1949) [filtered=974]
cnt=1 s0=fng (4762,1948) [filtered=974]
cnt=1 s0=fng (4762,1948) [filtered=974]
cnt=1 s0=fng (4762,1947) [filtered=974]
cnt=1 s0=fng (4762,1946) [filtered=974]
cnt=1 s0=fng (4762,1944) [filtered=974]
cnt=1 s0=fng (4762,1943) [filtered=974]
cnt=1 s0=fng (4762,1942) [filtered=974]
cnt=1 s0=fng (4762,1940) [filtered=974]
cnt=1 s0=fng (4762,1938) [filtered=974]
cnt=1 s0=fng (4762,1936) [filtered=974]
cnt=1 s0=fng (4762,1935) [filtered=974]
cnt=1 s0=fng (4762,1933) [filtered=974]
cnt=1 s0=fng (4762,1931) [filtered=974]
cnt=1 s0=fng (4762,1929) [filtered=974]
cnt=1 s0=fng (4762,1927) [filtered=974]
cnt=1 s0=fng (4762,1926) [filtered=974]
cnt=1 s0=fng (4762,1924) [filtered=974]
cnt=1 s0=fng (4762,1922) [filtered=974]
cnt=1 s0=fng (4762,1920)* [filtered=974]
cnt=1 s0=fng (4762,1918)* [filtered=974]
cnt=1 s0=fng (4762,1917)* [filtered=974]
cnt=1 s0=fng (4762,1915)* [filtered=974]
cnt=1 s0=fng (4762,1912)* [filtered=974]
cnt=1 s0=fng (4760,1908) [filtered=974]
cnt=1 s0=fng (4758,1903) [filtered=974]
cnt=1 s0=fng (4757,1899) [filtered=974]
cnt=1 s0=fng (4756,1894) [filtered=974]
cnt=1 s0=fng (4754,1889) [filtered=974]
cnt=1 s0=fng (4751,1884) [filtered=974]
cnt=1 s0=fng (4750,1880) [filtered=974]
cnt=1 s0=fng (4748,1875) [filtered=974]
cnt=1 s0=fng (4746,1870) [filtered=974]
cnt=1 s0=fng (4744,1865) [filtered=974]
cnt=1 s0=fng (4742,1860) [filtered=974]
cnt=1 s0=fng (4741,1856) [filtered=974]
cnt=1 s0=fng (4739,1852) [filtered=974]
cnt=1 s0=fng (4738,1849) [filtered=974]
cnt=1 s0=fng (4737,1846) [filtered=974]
cnt=1 s0=fng (4735,1843) [filtered=974]
cnt=1 s0=fng (4734,1841) [filtered=974]
cnt=1 s0=fng (4734,1840) [filtered=974]
cnt=1 s0=fng (4734,1839) [filtered=974]
cnt=1 s0=fng (4734,1838) [filtered=974]
cnt=1 s0=fng (4734,1838) [filtered=974]
cnt=1 s0=fng (4734,1838) [filtered=974]
cnt=1 s0=fng (4734,1838) [filtered=974]
cnt=1 s0=fng (4734,1838) [filtered=974]
cnt=1 s0=fng (4734,1838) [filtered=974]
cnt=1 s0=fng (4734,1838) [filtered=974]
cnt=1 s0=fng (4734,1839) [filtered=974]
cnt=1 s0=fng (4734,1840) [filtered=974]
cnt=1 s0=fng (4734,1840) [filtered=974]
cnt=1 s0=fng (4734,1841) [filtered=974]
cnt=1 s0=fng (4734,1841) [filtered=974]
cnt=1 s0=fng (4734,1842) [filtered=974]
cnt=1 s0=fng (4734,1843) [filtered=974]
cnt=1 s0=fng (4734,1845) [filtered=974]
cnt=1 s0=fng (4734,1847) [filtered=974]
cnt=1 s0=fng (4734,1848)* [filtered=974]
cnt=1 s0=fng (4734,1849)* [filtered=974]
cnt=1 s0=fng (4734,1851)* [filtered=974]
cnt=1 s0=fng (4734,1852)* [filtered=974]
cnt=1 s0=fng (4734,1854)* [filtered=974]
cnt=1 s0=fng (4734,1855)* [filtered=974]
cnt=1 s0=fng (4734,1856)* [filtered=974]
cnt=1 s0=fng (4734,1858)* [filtered=974]
cnt=1 s0=fng (4734,1860)* [filtered=974]
cnt=1 s0=fng (4734,1861)* [filtered=974]
cnt=1 s0=fng (4734,1862)* [filtered=974]
cnt=1 s0=fng (4734,1863)* [filtered=974]
cnt=1 s0=fng (4734,1864)* [filtered=974]
cnt=1 s0=fng (4734,1865)* [filtered=974]
cnt=1 s0=fng (4734,1866)* [filtered=974]
cnt=1 s0=fng (4734,1867)* [filtered=974]
cnt=1 s0=fng (4734,1868)* [filtered=974]
cnt=1 s0=fng (4734,1869)* [filtered=974]
cnt=1 s0=fng (4759,1931) [filtered=974]
cnt=1 s0=fng (4759,1931) [filtered=974]
cnt=1 s0=fng (4759,1931) [filtered=974]
cnt=1 s0=fng (4759,1931) [filtered=974]
cnt=1 s0=fng (4759,1931) [filtered=974]
cnt=1 s0=fng (4759,1931) [filtered=974]
cnt=1 s0=fng (4759,1931) [filtered=974]
cnt=1 s0=fng (4759,1931) [filtered=974]
cnt=2 s0=PALM(4759,1931) s1=fng (1333,16) [filtered=975]
cnt=2 s0=PALM(4759,1932) s1=fng (1333,16) [filtered=976]
cnt=2 s0=PALM(4759,1932) s1=fng (1333,16) [filtered=977]
cnt=2 s0=PALM(4759,1933) s1=fng (1333,16) [filtered=978]
cnt=2 s0=PALM(4759,1933) s1=fng (1333,16) [filtered=979]
cnt=2 s0=PALM(4759,1934) s1=fng (1333,16) [filtered=980]
cnt=2 s0=PALM(4759,1935) s1=fng (1333,16) [filtered=981]
cnt=2 s0=PALM(4759,1936) s1=fng (1333,16) [filtered=982]
cnt=2 s0=PALM(4759,1937) s1=fng (1333,16) [filtered=983]
cnt=2 s0=PALM(4759,1938) s1=fng (1333,16) [filtered=984]
cnt=2 s0=PALM(4759,1939) s1=fng (1332,16) [filtered=985]
cnt=1 s1=fng (1331,16) [filtered=985]
cnt=1 s1=fng (1331,16) [filtered=985]
cnt=1 s1=fng (1331,16) [filtered=985]
cnt=1 s0=fng (4762,1935) [filtered=985]
cnt=1 s0=fng (4762,1934) [filtered=985]
cnt=1 s0=fng (4762,1933) [filtered=985]
cnt=1 s0=fng (4762,1933) [filtered=985]
cnt=1 s0=fng (4762,1933) [filtered=985]
cnt=1 s0=fng (4762,1932) [filtered=985]
cnt=1 s0=fng (4762,1932) [filtered=985]
cnt=1 s0=fng (4762,1939) [filtered=985]
cnt=1 s0=fng (4762,1939) [filtered=985]
cnt=1 s0=fng (4762,1938) [filtered=985]
cnt=1 s0=fng (4762,1937) [filtered=985]
cnt=1 s0=fng (4762,1937) [filtered=985]
cnt=1 s0=fng (4762,1936) [filtered=985]
cnt=1 s0=fng (4762,1936) [filtered=985]
cnt=1 s0=fng (4762,1935) [filtered=985]
cnt=1 s0=fng (4762,1934) [filtered=985]
cnt=1 s0=fng (4762,1933) [filtered=985]
cnt=1 s0=fng (4762,1932) [filtered=985]
cnt=1 s0=fng (4762,1931) [filtered=985]
cnt=1 s0=fng (4762,1930) [filtered=985]
cnt=1 s0=fng (4762,1929) [filtered=985]
cnt=1 s0=fng (4762,1928) [filtered=985]
cnt=1 s0=fng (4762,1927) [filtered=985]
cnt=1 s0=fng (4762,1925) [filtered=985]
cnt=1 s0=fng (4762,1923) [filtered=985]
cnt=1 s0=fng (4762,1922) [filtered=985]
cnt=1 s0=fng (4762,1919) [filtered=985]
cnt=1 s0=fng (4762,1914) [filtered=985]
cnt=1 s0=fng (4762,1909) [filtered=985]
cnt=1 s0=fng (4762,1902) [filtered=985]
cnt=1 s0=fng (4762,1896) [filtered=985]
cnt=1 s0=fng (4762,1889) [filtered=985]
cnt=1 s0=fng (4760,1880) [filtered=985]
cnt=1 s0=fng (4756,1870) [filtered=985]
cnt=1 s0=fng (4753,1860) [filtered=985]
cnt=1 s0=fng (4748,1849) [filtered=985]
cnt=1 s0=fng (4743,1838) [filtered=985]
cnt=1 s0=fng (4737,1826) [filtered=985]
cnt=1 s0=fng (4731,1814) [filtered=985]
cnt=1 s0=fng (4725,1802) [filtered=985]
cnt=1 s0=fng (4719,1791) [filtered=985]
cnt=1 s0=fng (4712,1781) [filtered=985]
cnt=1 s0=fng (4705,1772) [filtered=985]
cnt=1 s0=fng (4698,1763) [filtered=985]
cnt=1 s0=fng (4692,1755) [filtered=985]
cnt=1 s0=fng (4686,1747) [filtered=985]
cnt=1 s0=fng (4680,1740) [filtered=985]
cnt=1 s0=fng (4674,1734) [filtered=985]
cnt=1 s0=fng (4669,1729) [filtered=985]
cnt=1 s0=fng (4664,1725) [filtered=985]
cnt=1 s0=fng (4659,1722) [filtered=985]
cnt=1 s0=fng (4654,1720) [filtered=985]
cnt=1 s0=fng (4650,1719) [filtered=985]
cnt=1 s0=fng (4647,1720) [filtered=985]
cnt=1 s0=fng (4644,1720) [filtered=985]
cnt=1 s0=fng (4642,1720) [filtered=985]
cnt=1 s0=fng (4641,1720) [filtered=985]
cnt=1 s0=fng (4641,1721) [filtered=985]
cnt=1 s0=fng (4641,1722) [filtered=985]
cnt=1 s0=fng (4641,1723) [filtered=985]
cnt=1 s0=fng (4641,1725) [filtered=985]
cnt=1 s0=fng (4642,1729) [filtered=985]
cnt=1 s0=fng (4643,1734) [filtered=985]
cnt=1 s0=fng (4644,1737) [filtered=985]
cnt=1 s0=fng (4646,1742) [filtered=985]
cnt=1 s0=fng (4649,1749) [filtered=985]
cnt=1 s0=fng (4654,1758) [filtered=985]
cnt=1 s0=fng (4657,1766) [filtered=985]
cnt=1 s0=fng (4662,1775) [filtered=985]
cnt=1 s0=fng (4667,1786) [filtered=985]
cnt=1 s0=fng (4673,1798) [filtered=985]
cnt=1 s0=fng (4680,1810) [filtered=985]
cnt=1 s0=fng (4686,1822) [filtered=985]
cnt=1 s0=fng (4692,1834) [filtered=985]
cnt=1 s0=fng (4699,1845) [filtered=985]
cnt=1 s0=fng (4706,1855) [filtered=985]
cnt=1 s0=fng (4712,1864) [filtered=985]
cnt=1 s0=fng (4718,1872) [filtered=985]
cnt=1 s0=fng (4762,1935) [filtered=985]
cnt=1 s0=fng (4762,1935) [filtered=985]
cnt=1 s0=fng (4762,1935) [filtered=985]
cnt=1 s0=fng (4762,1935) [filtered=985]
cnt=1 s0=fng (4762,1935) [filtered=985]
cnt=1 s0=fng (4762,1935) [filtered=985]
cnt=1 s0=fng (4762,1935) [filtered=985]
cnt=1 s0=fng (4762,1935) [filtered=985]
cnt=1 s0=fng (4762,1935) [filtered=985]
cnt=1 s0=fng (4762,1935) [filtered=985]
cnt=1 s0=fng (4762,1935) [filtered=985]
cnt=1 s0=fng (4762,1935) [filtered=985]
cnt=1 s0=fng (4762,1935) [filtered=985]
cnt=1 s0=fng (4762,1935) [filtered=985]
cnt=1 s0=fng (4762,1935) [filtered=985]
cnt=1 s0=fng (4762,1935) [filtered=985]
cnt=1 s0=fng (4762,1935) [filtered=985]
cnt=1 s0=fng (4762,1935) [filtered=985]
cnt=1 s0=fng (4762,1935) [filtered=985]
cnt=1 s0=fng (4762,1935) [filtered=985]
cnt=1 s0=fng (4762,1935)* [filtered=985]
cnt=1 s0=fng (4762,1935)* [filtered=985]
cnt=1 s0=fng (4762,1935)* [filtered=985]
cnt=1 s0=fng (4762,1935)* [filtered=985]
cnt=1 s0=fng (4762,1935)* [filtered=985]
cnt=1 s0=fng (4762,1935)* [filtered=985]
cnt=1 s0=fng (4762,1935)* [filtered=985]
cnt=1 s0=fng (4762,1935)* [filtered=985]
cnt=1 s0=fng (4762,1935)* [filtered=985]
cnt=1 s0=fng (4762,1934)* [filtered=985]
cnt=1 s0=fng (4762,1933)* [filtered=985]
cnt=1 s0=fng (4762,1932)* [filtered=985]
cnt=1 s0=fng (4762,1931)* [filtered=985]
cnt=1 s0=fng (4762,1930)* [filtered=985]
cnt=1 s0=fng (4762,1929)* [filtered=985]
cnt=1 s0=fng (4762,1928)* [filtered=985]
cnt=1 s0=fng (4762,1926)* [filtered=985]
cnt=1 s0=fng (4762,1924)* [filtered=985]
cnt=1 s0=fng (4762,1922)* [filtered=985]
cnt=1 s0=fng (4762,1921)* [filtered=985]
cnt=1 s0=fng (4762,1919)* [filtered=985]
cnt=1 s0=fng (4762,1916)* [filtered=985]
cnt=1 s0=fng (4762,1914)* [filtered=985]
cnt=1 s0=fng (4762,1911)* [filtered=985]
cnt=1 s0=fng (4762,1910)* [filtered=985]
cnt=1 s0=fng (4762,1907)* [filtered=985]
cnt=1 s0=fng (4762,1904)* [filtered=985]
cnt=1 s0=fng (4762,1901)* [filtered=985]
cnt=1 s0=fng (4762,1899)* [filtered=985]
cnt=1 s0=fng (4762,1895) [filtered=985]
cnt=1 s0=fng (4762,1890) [filtered=985]
cnt=1 s0=fng (4762,1885) [filtered=985]
cnt=1 s0=fng (4762,1878) [filtered=985]
cnt=1 s0=fng (4762,1872) [filtered=985]
cnt=1 s0=fng (4762,1865) [filtered=985]
cnt=1 s0=fng (4762,1857) [filtered=985]
cnt=1 s0=fng (4762,1848) [filtered=985]
cnt=1 s0=fng (4762,1839) [filtered=985]
cnt=1 s0=fng (4762,1830) [filtered=985]
cnt=1 s0=fng (4762,1821) [filtered=985]
cnt=1 s0=fng (1366,10) [filtered=985]
cnt=1 s0=fng (1366,10) [filtered=985]
cnt=1 s0=fng (1366,10) [filtered=985]
cnt=1 s0=fng (1366,10) [filtered=985]
cnt=1 s0=fng (1366,10) [filtered=985]
cnt=1 s0=fng (1365,10) [filtered=985]
cnt=1 s0=fng (1365,10) [filtered=985]
cnt=1 s0=fng (1364,10) [filtered=985]
cnt=1 s0=fng (1364,10) [filtered=985]
cnt=1 s0=fng (1364,10) [filtered=985]
cnt=1 s0=fng (4762,1987) [filtered=985]
cnt=1 s0=fng (4762,1986) [filtered=985]
cnt=1 s0=fng (4762,1986) [filtered=985]
cnt=1 s0=fng (4762,1985) [filtered=985]
cnt=1 s0=fng (4762,1985) [filtered=985]
cnt=1 s0=fng (4762,1984) [filtered=985]
cnt=1 s0=fng (4762,1984) [filtered=985]
cnt=1 s0=fng (4762,1984) [filtered=985]
cnt=1 s0=fng (4762,1983) [filtered=985]
cnt=1 s0=fng (4762,1982) [filtered=985]
cnt=1 s0=fng (4762,1981) [filtered=985]
cnt=1 s0=fng (4762,1980) [filtered=985]
cnt=1 s0=fng (4762,1979) [filtered=985]
cnt=1 s0=fng (4762,1978) [filtered=985]
cnt=1 s0=fng (4762,1976) [filtered=985]
cnt=1 s0=fng (4762,1974) [filtered=985]
cnt=1 s0=fng (4762,1973) [filtered=985]
cnt=1 s0=fng (4762,1972) [filtered=985]
cnt=1 s0=fng (4762,1971) [filtered=985]
cnt=1 s0=fng (4762,1969) [filtered=985]
cnt=1 s0=fng (4762,1967)* [filtered=985]
cnt=1 s0=fng (4762,1966)* [filtered=985]
cnt=1 s0=fng (4762,1965)* [filtered=985]
cnt=1 s0=fng (4762,1963)* [filtered=985]
cnt=1 s0=fng (4762,1962)* [filtered=985]
cnt=1 s0=fng (4762,1960)* [filtered=985]
cnt=1 s0=fng (4762,1959)* [filtered=985]
cnt=1 s0=fng (4762,1958)* [filtered=985]
cnt=1 s0=fng (4762,1956)* [filtered=985]
cnt=1 s0=fng (4762,1955)* [filtered=985]
cnt=1 s0=fng (4762,1954)* [filtered=985]
cnt=1 s0=fng (4762,1954)* [filtered=985]
cnt=1 s0=fng (4762,1954)* [filtered=985]
cnt=1 s0=fng (4762,1954)* [filtered=985]
cnt=1 s0=fng (4762,1954)* [filtered=985]
cnt=1 s0=fng (4762,1954)* [filtered=985]
cnt=1 s0=fng (4762,1954)* [filtered=985]
cnt=1 s0=fng (4762,1954)* [filtered=985]
cnt=1 s0=fng (4762,1954)* [filtered=985]
cnt=1 s0=fng (4762,1954)* [filtered=985]
cnt=1 s0=fng (4762,1954)* [filtered=985]
cnt=1 s0=fng (4762,1954)* [filtered=985]
cnt=1 s0=fng (4762,1954)* [filtered=985]
cnt=1 s0=fng (4762,1954)* [filtered=985]
cnt=1 s0=fng (4762,1954)* [filtered=985]
cnt=1 s0=fng (4762,1954)* [filtered=985]
cnt=1 s0=fng (4761,1954)* [filtered=985]
cnt=1 s0=fng (4760,1954)* [filtered=985]
cnt=1 s0=fng (4759,1954)* [filtered=985]
cnt=1 s0=fng (4758,1954)* [filtered=985]
cnt=1 s0=fng (4757,1954)* [filtered=985]
cnt=1 s0=fng (4756,1954)* [filtered=985]
cnt=1 s0=fng (4755,1954)* [filtered=985]
cnt=1 s0=fng (4754,1954)* [filtered=985]
cnt=1 s0=fng (4754,1954)* [filtered=985]
cnt=1 s0=fng (4753,1954)* [filtered=985]
cnt=1 s0=fng (4752,1954)* [filtered=985]
cnt=1 s0=fng (4751,1954)* [filtered=985]
cnt=1 s0=fng (4751,1953)* [filtered=985]
cnt=1 s0=fng (4751,1953)* [filtered=985]
cnt=1 s0=fng (4751,1953)* [filtered=985]
cnt=1 s0=fng (4751,1952)* [filtered=985]
cnt=1 s0=fng (4751,1951)* [filtered=985]
cnt=1 s0=fng (4750,1950)* [filtered=985]
cnt=1 s0=fng (4750,1950)* [filtered=985]
cnt=1 s0=fng (4750,1949)* [filtered=985]
cnt=1 s0=fng (4749,1948)* [filtered=985]
cnt=1 s0=fng (4748,1947)* [filtered=985]
cnt=1 s0=fng (4748,1946)* [filtered=985]
cnt=1 s0=fng (4747,1945)* [filtered=985]
cnt=1 s0=fng (4747,1944)* [filtered=985]
cnt=1 s0=fng (4746,1943)* [filtered=985]
cnt=1 s0=fng (4745,1941)* [filtered=985]
cnt=1 s0=fng (4745,1940)* [filtered=985]
cnt=1 s0=fng (4744,1939)* [filtered=985]
cnt=1 s0=fng (4743,1938)* [filtered=985]
cnt=1 s0=fng (4742,1936)* [filtered=985]
cnt=1 s0=fng (4741,1934)* [filtered=985]
cnt=1 s0=fng (4740,1933)* [filtered=985]
cnt=1 s0=fng (4739,1932)* [filtered=985]
cnt=1 s0=fng (4738,1931)* [filtered=985]
cnt=1 s0=fng (4737,1929)* [filtered=985]
cnt=1 s0=fng (4737,1928)* [filtered=985]
cnt=1 s0=fng (4736,1927)* [filtered=985]
cnt=1 s0=fng (4735,1926)* [filtered=985]
cnt=1 s0=fng (4734,1924)* [filtered=985]
cnt=1 s0=fng (4733,1923)* [filtered=985]
cnt=1 s0=fng (4732,1922)* [filtered=985]
cnt=1 s0=fng (4732,1921)* [filtered=985]
cnt=1 s0=fng (4731,1920)* [filtered=985]
cnt=1 s0=fng (4731,1919)* [filtered=985]
cnt=1 s0=fng (4731,1918)* [filtered=985]
cnt=1 s0=fng (4731,1917)* [filtered=985]
cnt=1 s0=fng (4731,1916)* [filtered=985]
cnt=1 s0=fng (4731,1915)* [filtered=985]
cnt=1 s0=fng (4731,1914)* [filtered=985]
cnt=1 s0=fng (4731,1913)* [filtered=985]
cnt=1 s0=fng (4731,1912)* [filtered=985]
cnt=1 s0=fng (4730,1911)* [filtered=985]
cnt=1 s0=fng (4729,1909)* [filtered=985]
cnt=1 s0=fng (4729,1907)* [filtered=985]
cnt=1 s0=fng (4729,1906)* [filtered=985]
cnt=1 s0=fng (4728,1905)* [filtered=985]
cnt=1 s0=fng (4727,1904)* [filtered=985]
cnt=1 s0=fng (4727,1902)* [filtered=985]
cnt=1 s0=fng (4726,1900)* [filtered=985]
cnt=1 s0=fng (4725,1899)* [filtered=985]
cnt=1 s0=fng (4725,1898)* [filtered=985]
cnt=1 s0=fng (4724,1897)* [filtered=985]
cnt=1 s0=fng (4723,1895)* [filtered=985]
cnt=1 s0=fng (4723,1894)* [filtered=985]
cnt=1 s0=fng (4723,1893)* [filtered=985]
cnt=2 s0=PALM(4723,1892)* s1=fng (1446,19) [filtered=986]
cnt=2 s0=PALM(4722,1890)* s1=fng (1446,19) [filtered=987]
cnt=2 s0=PALM(4721,1888)* s1=fng (1446,19) [filtered=988]
cnt=2 s0=PALM(4721,1887)* s1=fng (1446,19) [filtered=989]
cnt=2 s0=PALM(4720,1885)* s1=fng (1447,19) [filtered=990]
cnt=2 s0=PALM(4719,1883)* s1=fng (1448,19) [filtered=991]
cnt=2 s0=PALM(4717,1881) s1=fng (1449,19) [filtered=992]
cnt=2 s0=PALM(4716,1880) s1=fng (1450,19) [filtered=993]
cnt=2 s0=PALM(4715,1879) s1=fng (1450,19) [filtered=994]
cnt=2 s0=PALM(4714,1878) s1=fng (1451,19) [filtered=995]
cnt=2 s0=PALM(4713,1877) s1=fng (1452,19) [filtered=996]
cnt=2 s0=PALM(4712,1876) s1=fng (1453,19) [filtered=997]
cnt=2 s0=PALM(4711,1876) s1=fng (1453,19) [filtered=998]
cnt=2 s0=PALM(4710,1876) s1=fng (1453,19) [filtered=999]
cnt=2 s0=PALM(4709,1875) s1=fng (1454,19) [filtered=1000]
cnt=2 s0=PALM(4708,1874) s1=fng (1454,19) [filtered=1001]
cnt=1 s0=fng (4707,1873) [filtered=1001]
cnt=1 s0=fng (4706,1872) [filtered=1001]
cnt=1 s0=fng (4705,1872) [filtered=1001]
cnt=1 s0=fng (4705,1871) [filtered=1001]
cnt=1 s0=fng (4705,1871) [filtered=1001]
cnt=1 s0=fng (4705,1870) [filtered=1001]
cnt=1 s0=fng (4705,1870) [filtered=1001]
cnt=1 s0=fng (4705,1870) [filtered=1001]
cnt=1 s0=fng (4705,1869) [filtered=1001]
cnt=1 s0=fng (4705,1868) [filtered=1001]
cnt=1 s0=fng (4705,1867)* [filtered=1001]
cnt=1 s0=fng (4705,1867)* [filtered=1001]
cnt=1 s0=fng (4705,1866)* [filtered=1001]
cnt=1 s0=fng (4705,1865)* [filtered=1001]
cnt=1 s0=fng (4705,1864)* [filtered=1001]
cnt=1 s0=fng (4705,1863)* [filtered=1001]
cnt=1 s0=fng (4705,1862)* [filtered=1001]
cnt=1 s0=fng (4705,1861)* [filtered=1001]
cnt=1 s0=fng (4705,1860)* [filtered=1001]
cnt=1 s0=fng (4705,1860)* [filtered=1001]
cnt=1 s0=fng (4705,1860)* [filtered=1001]
cnt=1 s0=fng (4705,1859)* [filtered=1001]
cnt=1 s0=fng (4706,1859)* [filtered=1001]
cnt=1 s0=fng (4707,1859)* [filtered=1001]
cnt=1 s0=fng (4708,1859)* [filtered=1001]
cnt=1 s0=fng (4709,1859)* [filtered=1001]
cnt=1 s0=fng (4710,1860)* [filtered=1001]
cnt=1 s0=fng (4711,1860)* [filtered=1001]
cnt=1 s0=fng (4712,1861)* [filtered=1001]
cnt=1 s0=fng (4713,1862)* [filtered=1001]
cnt=1 s0=fng (4713,1863)* [filtered=1001]
cnt=1 s0=fng (4714,1864)* [filtered=1001]
cnt=1 s0=fng (4715,1864)* [filtered=1001]
cnt=1 s0=fng (4716,1865)* [filtered=1001]
cnt=1 s0=fng (4717,1865)* [filtered=1001]
cnt=1 s0=fng (4718,1865)* [filtered=1001]
cnt=1 s0=fng (4718,1865)* [filtered=1001]
cnt=1 s0=fng (4718,1865)* [filtered=1001]
cnt=1 s0=fng (4718,1864)* [filtered=1001]
cnt=1 s0=fng (4718,1864)* [filtered=1001]
cnt=1 s0=fng (4717,1863)* [filtered=1001]
cnt=1 s0=fng (4716,1862)* [filtered=1001]
cnt=1 s0=fng (4715,1861)* [filtered=1001]
cnt=1 s0=fng (4714,1859)* [filtered=1001]
cnt=1 s0=fng (4713,1858)* [filtered=1001]
cnt=1 s0=fng (4712,1857)* [filtered=1001]
cnt=1 s0=fng (4712,1856)* [filtered=1001]
cnt=1 s0=fng (4712,1856)* [filtered=1001]
cnt=1 s0=fng (4712,1856)* [filtered=1001]
cnt=1 s0=fng (4712,1856)* [filtered=1001]
cnt=1 s0=fng (4712,1856)* [filtered=1001]
cnt=1 s0=fng (4712,1856)* [filtered=1001]
cnt=1 s0=fng (4712,1856)* [filtered=1001]
cnt=1 s0=fng (4712,1856)* [filtered=1001]
cnt=1 s0=fng (4713,1857)* [filtered=1001]
cnt=1 s0=fng (4714,1857)* [filtered=1001]
cnt=1 s0=fng (4715,1858)* [filtered=1001]
cnt=1 s0=fng (4716,1859)* [filtered=1001]
cnt=1 s0=fng (4716,1860)* [filtered=1001]
cnt=1 s0=fng (4717,1861)* [filtered=1001]
cnt=1 s0=fng (4718,1862)* [filtered=1001]
cnt=1 s0=fng (4719,1863)* [filtered=1001]
cnt=1 s0=fng (4720,1864)* [filtered=1001]
cnt=1 s0=fng (4721,1864)* [filtered=1001]
cnt=1 s0=fng (4722,1865)* [filtered=1001]
cnt=1 s0=fng (4723,1867)* [filtered=1001]
cnt=1 s0=fng (4724,1869)* [filtered=1001]
cnt=1 s0=fng (4724,1870)* [filtered=1001]
cnt=1 s0=fng (4725,1871)* [filtered=1001]
cnt=1 s0=fng (4726,1873)* [filtered=1001]
cnt=1 s0=fng (4727,1875)* [filtered=1001]
cnt=1 s0=fng (4728,1877)* [filtered=1001]
cnt=1 s0=fng (4729,1878)* [filtered=1001]
cnt=1 s0=fng (4730,1880)* [filtered=1001]
cnt=1 s0=fng (4731,1882)* [filtered=1001]
cnt=1 s0=fng (4732,1885) [filtered=1001]
cnt=1 s0=fng (4733,1888) [filtered=1001]
cnt=1 s0=fng (4733,1889) [filtered=1001]
cnt=1 s0=fng (4734,1891) [filtered=1001]
cnt=1 s0=fng (4735,1893) [filtered=1001]
cnt=1 s0=fng (4736,1895) [filtered=1001]
cnt=1 s0=fng (4736,1897) [filtered=1001]
cnt=1 s0=fng (4736,1898) [filtered=1001]
cnt=1 s0=fng (4736,1899) [filtered=1001]
cnt=1 s0=fng (4736,1900) [filtered=1001]
cnt=1 s0=fng (4736,1901) [filtered=1001]
cnt=1 s0=fng (4736,1901) [filtered=1001]
cnt=1 s0=fng (4736,1901) [filtered=1001]
cnt=1 s0=fng (4736,1901) [filtered=1001]
cnt=1 s0=fng (4736,1901) [filtered=1001]
cnt=1 s0=fng (4736,1901) [filtered=1001]
cnt=1 s0=fng (4736,1901) [filtered=1001]
cnt=1 s0=fng (4736,1901) [filtered=1001]
cnt=1 s0=fng (4736,1901) [filtered=1001]
cnt=1 s0=fng (4736,1901) [filtered=1001]
cnt=1 s0=fng (4736,1901) [filtered=1001]
cnt=1 s0=fng (4736,1901)* [filtered=1001]
cnt=1 s0=fng (4736,1901)* [filtered=1001]
cnt=1 s0=fng (4736,1901)* [filtered=1001]
cnt=1 s0=fng (4736,1901)* [filtered=1001]
cnt=1 s0=fng (4736,1901)* [filtered=1001]
cnt=1 s0=fng (4736,1901)* [filtered=1001]
cnt=1 s0=fng (4736,1901)* [filtered=1001]
cnt=2 s0=PALM(4736,1901)* s1=PALM(245,2129) [filtered=1002]
cnt=2 s0=PALM(4737,1901)* s1=PALM(245,2129) [filtered=1003]
cnt=2 s0=PALM(4737,1901)* s1=PALM(245,2129) [filtered=1004]
cnt=2 s0=PALM(4738,1901)* s1=PALM(245,2129) [filtered=1005]
cnt=2 s0=PALM(4739,1901)* s1=PALM(245,2129) [filtered=1006]
cnt=2 s0=PALM(4740,1901)* s1=PALM(245,2129) [filtered=1007]
cnt=2 s0=PALM(4740,1901)* s1=PALM(245,2129) [filtered=1008]
cnt=2 s0=PALM(4741,1901)* s1=PALM(245,2129) [filtered=1009]
cnt=2 s0=PALM(4741,1901)* s1=PALM(245,2129) [filtered=1010]
cnt=2 s0=PALM(4741,1900)* s1=PALM(245,2129) [filtered=1011]
cnt=2 s0=PALM(4741,1900)* s1=PALM(245,2129) [filtered=1012]
cnt=2 s0=PALM(4741,1900)* s1=PALM(245,2129) [filtered=1013]
cnt=2 s0=PALM(4741,1900)* s1=PALM(246,2129) [filtered=1014]
cnt=2 s0=PALM(4741,1899)* s1=PALM(246,2130) [filtered=1015]
cnt=2 s0=PALM(4741,1899)* s1=PALM(247,2131) [filtered=1016]
cnt=2 s0=PALM(4741,1899)* s1=PALM(247,2131) [filtered=1017]
cnt=2 s0=PALM(4741,1899)* s1=PALM(247,2131) [filtered=1018]
cnt=1 s0=fng (4741,1899)* [filtered=1018]
cnt=1 s0=fng (4741,1899)* [filtered=1018]
cnt=1 s0=fng (4741,1899)* [filtered=1018]
cnt=1 s0=fng (4741,1899)* [filtered=1018]
cnt=1 s0=fng (4741,1899)* [filtered=1018]
cnt=1 s0=fng (4741,1899)* [filtered=1018]
cnt=1 s0=fng (4741,1899)* [filtered=1018]
cnt=1 s0=fng (4741,1899)* [filtered=1018]
cnt=1 s0=fng (4741,1899)* [filtered=1018]
cnt=1 s0=fng (4741,1899)* [filtered=1018]
cnt=1 s0=fng (4741,1899)* [filtered=1018]
cnt=1 s0=fng (4741,1899)* [filtered=1018]
cnt=1 s0=fng (4741,1899)* [filtered=1018]
cnt=1 s0=fng (4741,1899)* [filtered=1018]
cnt=1 s0=fng (4741,1899)* [filtered=1018]
cnt=1 s0=fng (4741,1899)* [filtered=1018]
cnt=1 s0=fng (4741,1899)* [filtered=1018]
cnt=1 s0=fng (4741,1899)* [filtered=1018]
cnt=2 s0=PALM(4741,1899)* s1=PALM(253,2161) [filtered=1019]
cnt=2 s0=PALM(4741,1898)* s1=PALM(253,2160) [filtered=1020]
cnt=2 s0=PALM(4741,1898)* s1=PALM(253,2160) [filtered=1021]
cnt=2 s0=PALM(4741,1897)* s1=PALM(253,2160) [filtered=1022]
cnt=2 s0=PALM(4741,1897)* s1=PALM(253,2160) [filtered=1023]
cnt=2 s0=PALM(4741,1896)* s1=PALM(253,2159) [filtered=1024]
cnt=2 s0=PALM(4741,1895)* s1=PALM(253,2159) [filtered=1025]
cnt=2 s0=PALM(4741,1895)* s1=PALM(253,2159) [filtered=1026]
cnt=2 s0=PALM(4741,1895)* s1=PALM(253,2159) [filtered=1027]
cnt=2 s0=PALM(4741,1895)* s1=PALM(253,2159) [filtered=1028]
cnt=2 s0=PALM(4741,1894)* s1=PALM(253,2159) [filtered=1029]
cnt=2 s0=PALM(4741,1894)* s1=PALM(253,2159) [filtered=1030]
cnt=1 s0=fng (4741,1894)* [filtered=1030]
cnt=1 s0=fng (4741,1894)* [filtered=1030]
cnt=1 s0=fng (4741,1894)* [filtered=1030]
cnt=1 s0=fng (4741,1894)* [filtered=1030]
cnt=1 s0=fng (4741,1894)* [filtered=1030]
cnt=1 s0=fng (4741,1894)* [filtered=1030]
cnt=1 s0=fng (4741,1894)* [filtered=1030]
cnt=1 s0=fng (4741,1894)* [filtered=1030]
cnt=1 s0=fng (4741,1894)* [filtered=1030]
cnt=1 s0=fng (4741,1894)* [filtered=1030]
cnt=1 s0=fng (4741,1894)* [filtered=1030]
cnt=1 s0=fng (4741,1894)* [filtered=1030]
cnt=1 s0=fng (4741,1894)* [filtered=1030]
cnt=1 s0=fng (4741,1894)* [filtered=1030]
cnt=1 s0=fng (4741,1894)* [filtered=1030]
cnt=1 s0=fng (4741,1894)* [filtered=1030]
cnt=1 s0=fng (4741,1894)* [filtered=1030]
cnt=1 s0=fng (4741,1894)* [filtered=1030]
cnt=1 s0=fng (4741,1894)* [filtered=1030]
cnt=1 s0=fng (4741,1894)* [filtered=1030]
cnt=1 s0=fng (4741,1894)* [filtered=1030]
cnt=1 s0=fng (4741,1894)* [filtered=1030]
cnt=1 s0=fng (4741,1894)* [filtered=1030]
cnt=1 s0=fng (4741,1894)* [filtered=1030]
cnt=1 s0=fng (4741,1894)* [filtered=1030]
cnt=1 s0=fng (4741,1894)* [filtered=1030]
cnt=1 s0=fng (4741,1893)* [filtered=1030]
cnt=1 s0=fng (4741,1893)* [filtered=1030]
cnt=1 s0=fng (4741,1893)* [filtered=1030]
cnt=1 s0=fng (4741,1893)* [filtered=1030]
cnt=1 s0=fng (4741,1893)* [filtered=1030]
cnt=1 s0=fng (4741,1893)* [filtered=1030]
cnt=1 s0=fng (4741,1892)* [filtered=1030]
cnt=1 s0=fng (4741,1892)* [filtered=1030]
cnt=1 s0=fng (4741,1892)* [filtered=1030]
cnt=1 s0=fng (4741,1892)* [filtered=1030]
cnt=1 s0=fng (4741,1892)* [filtered=1030]
cnt=1 s0=fng (4741,1892)* [filtered=1030]
cnt=1 s0=fng (4741,1892)* [filtered=1030]
cnt=1 s0=fng (4741,1892)* [filtered=1030]
cnt=1 s0=fng (4741,1892)* [filtered=1030]
cnt=1 s0=fng (4741,1892)* [filtered=1030]
cnt=1 s0=fng (4741,1891)* [filtered=1030]
cnt=1 s0=fng (4741,1891)* [filtered=1030]
cnt=1 s0=fng (4741,1891)* [filtered=1030]
cnt=1 s0=fng (4741,1890)* [filtered=1030]
cnt=1 s0=fng (4741,1890)* [filtered=1030]
cnt=1 s0=fng (4740,1889)* [filtered=1030]
cnt=1 s0=fng (4739,1889)* [filtered=1030]
cnt=1 s0=fng (4739,1889)* [filtered=1030]
cnt=1 s0=fng (4738,1888)* [filtered=1030]
cnt=1 s0=fng (4737,1887)* [filtered=1030]
cnt=1 s0=fng (4736,1887)* [filtered=1030]
cnt=1 s0=fng (4735,1886)* [filtered=1030]
cnt=1 s0=fng (4734,1886)* [filtered=1030]
cnt=1 s0=fng (4733,1886)* [filtered=1030]
cnt=1 s0=fng (4732,1885)* [filtered=1030]
cnt=1 s0=fng (4731,1884)* [filtered=1030]
cnt=1 s0=fng (4731,1884)* [filtered=1030]
cnt=1 s0=fng (4730,1883)* [filtered=1030]
cnt=1 s0=fng (4729,1882)* [filtered=1030]
cnt=1 s0=fng (4728,1881)* [filtered=1030]
cnt=1 s0=fng (4727,1880)* [filtered=1030]
cnt=1 s0=fng (4727,1879)* [filtered=1030]
cnt=1 s0=fng (4726,1878)* [filtered=1030]
cnt=1 s0=fng (4725,1877)* [filtered=1030]
cnt=1 s0=fng (4724,1876)* [filtered=1030]
cnt=1 s0=fng (4723,1875)* [filtered=1030]
cnt=1 s0=fng (4722,1875)* [filtered=1030]
cnt=1 s0=fng (4721,1874)* [filtered=1030]
cnt=1 s0=fng (4720,1873)* [filtered=1030]
cnt=1 s0=fng (4719,1872)* [filtered=1030]
cnt=1 s0=fng (4719,1871)* [filtered=1030]
cnt=1 s0=fng (4718,1870)* [filtered=1030]
cnt=1 s0=fng (4717,1869)* [filtered=1030]
cnt=1 s0=fng (4716,1868)* [filtered=1030]
cnt=1 s0=fng (4715,1867)* [filtered=1030]
cnt=1 s0=fng (4715,1867)* [filtered=1030]
cnt=1 s0=fng (4715,1866)* [filtered=1030]
cnt=1 s0=fng (4715,1865)* [filtered=1030]
cnt=1 s0=fng (4715,1865)* [filtered=1030]
cnt=1 s0=fng (4715,1864)* [filtered=1030]
cnt=1 s0=fng (4715,1864)* [filtered=1030]
cnt=1 s0=fng (4715,1864)* [filtered=1030]
cnt=1 s0=fng (4715,1863)* [filtered=1030]
cnt=1 s0=fng (4715,1863)* [filtered=1030]
cnt=1 s0=fng (4715,1862)* [filtered=1030]
cnt=1 s0=fng (4715,1862)* [filtered=1030]
cnt=1 s0=fng (4715,1862)* [filtered=1030]
cnt=1 s0=fng (4715,1862)* [filtered=1030]
cnt=1 s0=fng (4715,1862)* [filtered=1030]
cnt=1 s0=fng (4715,1862)* [filtered=1030]
cnt=1 s0=fng (4715,1862)* [filtered=1030]
cnt=1 s0=fng (4715,1862)* [filtered=1030]
cnt=1 s0=fng (4715,1862)* [filtered=1030]
cnt=1 s0=fng (4715,1862)* [filtered=1030]
cnt=1 s0=fng (4715,1862)* [filtered=1030]
cnt=1 s0=fng (4714,1862)* [filtered=1030]
cnt=1 s0=fng (4714,1862)* [filtered=1030]
cnt=1 s0=fng (4714,1862)* [filtered=1030]
cnt=1 s0=fng (4713,1862)* [filtered=1030]
cnt=1 s0=fng (4713,1862)* [filtered=1030]
cnt=1 s0=fng (4713,1862)* [filtered=1030]
cnt=1 s0=fng (4713,1862)* [filtered=1030]
cnt=1 s0=fng (4713,1862)* [filtered=1030]
cnt=1 s0=fng (4713,1862)* [filtered=1030]
cnt=1 s0=fng (4713,1862)* [filtered=1030]
cnt=1 s0=fng (4713,1862)* [filtered=1030]
cnt=1 s0=fng (4713,1862)* [filtered=1030]
cnt=1 s0=fng (4713,1862)* [filtered=1030]
cnt=1 s0=fng (4713,1862)* [filtered=1030]
cnt=1 s0=fng (4713,1862)* [filtered=1030]
cnt=1 s0=fng (4713,1862)* [filtered=1030]
cnt=1 s0=fng (4713,1862)* [filtered=1030]
cnt=1 s0=fng (4713,1862)* [filtered=1030]
cnt=1 s0=fng (4713,1862)* [filtered=1030]
cnt=1 s0=fng (4713,1861)* [filtered=1030]
cnt=1 s0=fng (4713,1860)* [filtered=1030]
cnt=1 s0=fng (4713,1859)* [filtered=1030]
cnt=1 s0=fng (4713,1858)* [filtered=1030]
cnt=1 s0=fng (4713,1857)* [filtered=1030]
cnt=1 s0=fng (4713,1856)* [filtered=1030]
cnt=1 s0=fng (4713,1854)* [filtered=1030]
cnt=1 s0=fng (4713,1851)* [filtered=1030]
cnt=1 s0=fng (4713,1850)* [filtered=1030]
cnt=1 s0=fng (4713,1847)* [filtered=1030]
cnt=1 s0=fng (4713,1843) [filtered=1030]
cnt=1 s0=fng (4713,1838) [filtered=1030]
cnt=1 s0=fng (4714,1831) [filtered=1030]
cnt=1 s0=fng (4714,1825) [filtered=1030]
cnt=1 s0=fng (4715,1818) [filtered=1030]
cnt=1 s0=fng (4716,1810) [filtered=1030]
cnt=1 s0=fng (4718,1803) [filtered=1030]
cnt=1 s0=fng (4719,1796) [filtered=1030]
cnt=1 s0=fng (4720,1789) [filtered=1030]
cnt=1 s0=fng (4721,1783) [filtered=1030]
cnt=1 s0=fng (4722,1777) [filtered=1030]
cnt=1 s0=fng (4723,1772) [filtered=1030]
cnt=1 s0=fng (4723,1767) [filtered=1030]
cnt=1 s0=fng (4723,1762) [filtered=1030]
cnt=1 s0=fng (4740,1746) [filtered=1030]
cnt=1 s0=fng (4740,1746) [filtered=1030]
cnt=1 s0=fng (4740,1747) [filtered=1030]
cnt=1 s0=fng (4740,1748) [filtered=1030]
cnt=1 s0=fng (4740,1749) [filtered=1030]
cnt=1 s0=fng (4740,1750) [filtered=1030]
cnt=1 s0=fng (4740,1751) [filtered=1030]
cnt=1 s0=fng (4740,1752) [filtered=1030]
cnt=1 s0=fng (4740,1754) [filtered=1030]
cnt=1 s0=fng (4740,1756) [filtered=1030]
cnt=1 s0=fng (4740,1757) [filtered=1030]
cnt=1 s0=fng (4740,1758) [filtered=1030]
cnt=1 s0=fng (4740,1759) [filtered=1030]
cnt=1 s0=fng (4740,1761) [filtered=1030]
cnt=1 s0=fng (4740,1762) [filtered=1030]
cnt=1 s0=fng (4740,1763) [filtered=1030]
cnt=1 s0=fng (4740,1764) [filtered=1030]
cnt=1 s0=fng (4740,1765) [filtered=1030]
cnt=1 s0=fng (4740,1766) [filtered=1030]
cnt=1 s0=fng (4740,1766) [filtered=1030]
cnt=1 s0=fng (4740,1766)* [filtered=1030]
cnt=1 s0=fng (4740,1767)* [filtered=1030]
cnt=1 s0=fng (4740,1767)* [filtered=1030]
cnt=1 s0=fng (4740,1767)* [filtered=1030]
cnt=1 s0=fng (4740,1768)* [filtered=1030]
cnt=1 s0=fng (4740,1768)* [filtered=1030]
cnt=1 s0=fng (4740,1769)* [filtered=1030]
cnt=1 s0=fng (4740,1769)* [filtered=1030]
cnt=1 s0=fng (4740,1770)* [filtered=1030]
cnt=1 s0=fng (4740,1772)* [filtered=1030]
cnt=1 s0=fng (4740,1773)* [filtered=1030]
cnt=1 s0=fng (4740,1775)* [filtered=1030]
cnt=1 s0=fng (4741,1777)* [filtered=1030]
cnt=1 s0=fng (4742,1780) [filtered=1030]
cnt=1 s0=fng (4744,1785) [filtered=1030]
cnt=1 s0=fng (4745,1789) [filtered=1030]
cnt=1 s0=fng (4747,1795) [filtered=1030]
cnt=1 s0=fng (4748,1802) [filtered=1030]
cnt=1 s0=fng (4749,1809) [filtered=1030]
cnt=1 s0=fng (4750,1815) [filtered=1030]
cnt=1 s0=fng (4751,1822) [filtered=1030]
cnt=1 s0=fng (4751,1828) [filtered=1030]
cnt=1 s0=fng (4751,1834) [filtered=1030]
cnt=1 s0=fng (4751,1840) [filtered=1030]
cnt=1 s0=fng (4751,1845) [filtered=1030]
cnt=1 s0=fng (4751,1850) [filtered=1030]
cnt=1 s0=fng (4751,1855) [filtered=1030]
cnt=1 s0=fng (4751,1860) [filtered=1030]
cnt=1 s0=fng (4751,1865) [filtered=1030]
cnt=1 s0=fng (4751,1869) [filtered=1030]
cnt=1 s0=fng (4751,1873) [filtered=1030]
cnt=1 s0=fng (4751,1877) [filtered=1030]
cnt=1 s0=fng (4751,1881) [filtered=1030]
cnt=1 s0=fng (4751,1884) [filtered=1030]
cnt=1 s0=fng (4751,1887) [filtered=1030]
cnt=1 s0=fng (4751,1890) [filtered=1030]
cnt=1 s0=fng (4751,1894) [filtered=1030]
cnt=1 s0=fng (4751,1898) [filtered=1030]
cnt=1 s0=fng (4751,1901) [filtered=1030]
cnt=1 s0=fng (4751,1903) [filtered=1030]
cnt=1 s0=fng (4751,1905) [filtered=1030]
cnt=1 s0=fng (4751,1908) [filtered=1030]
cnt=1 s0=fng (4751,1910) [filtered=1030]
cnt=1 s0=fng (4751,1911) [filtered=1030]
cnt=1 s0=fng (4751,1912) [filtered=1030]
cnt=1 s0=fng (4751,1913) [filtered=1030]
cnt=1 s0=fng (4751,1915) [filtered=1030]
cnt=1 s0=fng (4751,1916) [filtered=1030]
cnt=1 s0=fng (4751,1916) [filtered=1030]
cnt=1 s0=fng (4751,1917) [filtered=1030]
cnt=1 s0=fng (4751,1917) [filtered=1030]
cnt=1 s0=fng (4751,1917) [filtered=1030]
cnt=1 s0=fng (4751,1917) [filtered=1030]
cnt=1 s0=fng (4751,1916) [filtered=1030]
cnt=1 s0=fng (4751,1915) [filtered=1030]
cnt=1 s0=fng (4750,1914) [filtered=1030]
cnt=1 s0=fng (4749,1912) [filtered=1030]
cnt=1 s0=fng (4749,1911)* [filtered=1030]
cnt=1 s0=fng (4748,1909)* [filtered=1030]
cnt=1 s0=fng (4747,1906) [filtered=1030]
cnt=1 s0=fng (4746,1903) [filtered=1030]
cnt=1 s0=fng (4745,1900) [filtered=1030]
cnt=1 s0=fng (4745,1898) [filtered=1030]
cnt=1 s0=fng (4744,1895) [filtered=1030]
cnt=1 s0=fng (4743,1892) [filtered=1030]
cnt=1 s0=fng (4742,1889) [filtered=1030]
cnt=1 s0=fng (4741,1887) [filtered=1030]
cnt=1 s0=fng (4740,1884) [filtered=1030]
cnt=1 s0=fng (4739,1881) [filtered=1030]
cnt=1 s0=fng (4736,1878) [filtered=1030]
cnt=1 s0=fng (4733,1874) [filtered=1030]
cnt=1 s0=fng (4731,1871) [filtered=1030]
cnt=1 s0=fng (4727,1868) [filtered=1030]
cnt=1 s0=fng (4723,1864) [filtered=1030]
cnt=1 s0=fng (4719,1860) [filtered=1030]
cnt=1 s0=fng (4716,1857) [filtered=1030]
cnt=1 s0=fng (4712,1854) [filtered=1030]
cnt=1 s0=fng (4708,1851) [filtered=1030]
cnt=1 s0=fng (4707,1849) [filtered=1030]
cnt=1 s0=fng (4706,1848) [filtered=1030]
cnt=1 s0=fng (4705,1847) [filtered=1030]
cnt=1 s0=fng (4705,1846) [filtered=1030]
cnt=1 s0=fng (4705,1845) [filtered=1030]
cnt=1 s0=fng (4705,1845) [filtered=1030]
cnt=1 s0=fng (4705,1845) [filtered=1030]
cnt=1 s0=fng (4705,1845) [filtered=1030]
cnt=1 s0=fng (4705,1845) [filtered=1030]
cnt=1 s0=fng (4705,1845) [filtered=1030]
cnt=1 s0=fng (4705,1846) [filtered=1030]
cnt=1 s0=fng (4705,1846) [filtered=1030]
cnt=1 s0=fng (4705,1846) [filtered=1030]
cnt=1 s0=fng (4705,1847) [filtered=1030]
cnt=1 s0=fng (4705,1848) [filtered=1030]
cnt=1 s0=fng (4705,1848) [filtered=1030]
cnt=1 s0=fng (4705,1848) [filtered=1030]
cnt=1 s0=fng (4705,1849) [filtered=1030]
cnt=1 s0=fng (4705,1849) [filtered=1030]
cnt=1 s0=fng (4705,1850)* [filtered=1030]
cnt=1 s0=fng (4705,1850)* [filtered=1030]
cnt=1 s0=fng (4705,1850)* [filtered=1030]
cnt=1 s0=fng (4705,1851)* [filtered=1030]
cnt=1 s0=fng (4705,1852)* [filtered=1030]
cnt=1 s0=fng (4705,1852)* [filtered=1030]
cnt=1 s0=fng (4705,1853)* [filtered=1030]
cnt=1 s0=fng (4705,1853)* [filtered=1030]
cnt=1 s0=fng (4705,1854)* [filtered=1030]
cnt=1 s0=fng (4705,1855)* [filtered=1030]
cnt=1 s0=fng (4705,1856)* [filtered=1030]
cnt=1 s0=fng (4705,1858)* [filtered=1030]
cnt=1 s0=fng (4705,1859)* [filtered=1030]
cnt=1 s0=fng (4705,1860)* [filtered=1030]
cnt=1 s0=fng (4705,1862)* [filtered=1030]
cnt=1 s0=fng (4706,1864)* [filtered=1030]
cnt=1 s0=fng (4706,1865)* [filtered=1030]
cnt=1 s0=fng (4707,1867)* [filtered=1030]
cnt=1 s0=fng (4708,1869)* [filtered=1030]
cnt=1 s0=fng (4709,1871)* [filtered=1030]
cnt=1 s0=fng (4710,1873)* [filtered=1030]
cnt=1 s0=fng (4711,1874)* [filtered=1030]
cnt=1 s0=fng (4712,1875)* [filtered=1030]
cnt=1 s0=fng (4713,1877)* [filtered=1030]
cnt=1 s0=fng (4714,1878)* [filtered=1030]
cnt=1 s0=fng (4715,1879)* [filtered=1030]
cnt=1 s0=fng (4715,1880)* [filtered=1030]
cnt=1 s0=fng (4716,1881)* [filtered=1030]
cnt=1 s0=fng (4717,1882)* [filtered=1030]
cnt=1 s0=fng (4718,1883)* [filtered=1030]
cnt=1 s0=fng (4719,1884)* [filtered=1030]
cnt=1 s0=fng (4720,1885)* [filtered=1030]
cnt=1 s0=fng (4721,1886)* [filtered=1030]
cnt=1 s0=fng (4721,1886)* [filtered=1030]
cnt=1 s0=fng (4721,1887)* [filtered=1030]
cnt=1 s0=fng (4721,1887)* [filtered=1030]
cnt=1 s0=fng (4721,1887)* [filtered=1030]
cnt=1 s0=fng (4721,1887)* [filtered=1030]
cnt=1 s0=fng (4721,1887)* [filtered=1030]
cnt=1 s0=fng (4722,1887)* [filtered=1030]
cnt=1 s0=fng (4722,1887)* [filtered=1030]
cnt=1 s0=fng (4722,1887)* [filtered=1030]
cnt=1 s0=fng (4723,1887)* [filtered=1030]
cnt=1 s0=fng (4723,1887)* [filtered=1030]
cnt=1 s0=fng (4724,1888)* [filtered=1030]
cnt=1 s0=fng (4724,1888)* [filtered=1030]
cnt=1 s0=fng (4725,1889)* [filtered=1030]
cnt=1 s0=fng (4726,1889)* [filtered=1030]
cnt=1 s0=fng (4727,1890)* [filtered=1030]
cnt=1 s0=fng (4728,1891)* [filtered=1030]
cnt=1 s0=fng (4729,1891)* [filtered=1030]
cnt=1 s0=fng (4730,1892)* [filtered=1030]
cnt=1 s0=fng (4731,1893)* [filtered=1030]
cnt=1 s0=fng (4732,1894)* [filtered=1030]
cnt=1 s0=fng (4732,1894)* [filtered=1030]
cnt=1 s0=fng (4733,1895)* [filtered=1030]
cnt=1 s0=fng (4734,1896)* [filtered=1030]
cnt=1 s0=fng (4735,1897)* [filtered=1030]
cnt=1 s0=fng (4736,1898)* [filtered=1030]
cnt=1 s0=fng (4736,1899)* [filtered=1030]
cnt=1 s0=fng (4736,1900)* [filtered=1030]
cnt=1 s0=fng (4737,1901)* [filtered=1030]
cnt=1 s0=fng (4738,1902)* [filtered=1030]
cnt=1 s0=fng (4739,1903)* [filtered=1030]
cnt=1 s0=fng (4739,1904)* [filtered=1030]
cnt=1 s0=fng (4739,1905)* [filtered=1030]
cnt=1 s0=fng (4740,1906)* [filtered=1030]
cnt=1 s0=fng (4741,1907)* [filtered=1030]
cnt=1 s0=fng (4741,1907)* [filtered=1030]
cnt=1 s0=fng (4741,1908)* [filtered=1030]
cnt=1 s0=fng (4741,1908)* [filtered=1030]
cnt=1 s0=fng (4741,1909)* [filtered=1030]
cnt=1 s0=fng (4741,1909)* [filtered=1030]
cnt=1 s0=fng (4741,1909)* [filtered=1030]
cnt=1 s0=fng (4741,1909)* [filtered=1030]
cnt=1 s0=fng (4741,1909)* [filtered=1030]
cnt=1 s0=fng (4741,1909)* [filtered=1030]
cnt=1 s0=fng (4741,1909)* [filtered=1030]
cnt=1 s0=fng (4741,1909)* [filtered=1030]
cnt=1 s0=fng (4741,1908)* [filtered=1030]
cnt=1 s0=fng (4741,1907)* [filtered=1030]
cnt=1 s0=fng (4741,1906)* [filtered=1030]
cnt=1 s0=fng (4741,1904)* [filtered=1030]
cnt=1 s0=fng (4741,1903)* [filtered=1030]
cnt=1 s0=fng (4741,1901)* [filtered=1030]
cnt=1 s0=fng (4741,1899)* [filtered=1030]
cnt=1 s0=fng (4741,1897)* [filtered=1030]
cnt=1 s0=fng (4741,1896)* [filtered=1030]
cnt=1 s0=fng (4741,1894)* [filtered=1030]
cnt=1 s0=fng (4741,1893)* [filtered=1030]
cnt=1 s0=fng (4741,1892)* [filtered=1030]
cnt=1 s0=fng (4741,1891)* [filtered=1030]
cnt=1 s0=fng (4741,1890)* [filtered=1030]
cnt=1 s0=fng (4741,1890)* [filtered=1030]
cnt=1 s0=fng (4741,1891)* [filtered=1030]
cnt=1 s0=fng (4741,1892)* [filtered=1030]
cnt=1 s0=fng (4741,1893)* [filtered=1030]
cnt=1 s0=fng (4741,1894)* [filtered=1030]
cnt=1 s0=fng (4741,1895)* [filtered=1030]
cnt=1 s0=fng (4741,1896)* [filtered=1030]
cnt=1 s0=fng (4741,1898)* [filtered=1030]
cnt=1 s0=fng (4741,1900)* [filtered=1030]
cnt=1 s0=fng (4741,1901)* [filtered=1030]
cnt=1 s0=fng (4741,1903)* [filtered=1030]
cnt=1 s0=fng (4741,1905)* [filtered=1030]
cnt=1 s0=fng (4741,1907)* [filtered=1030]
cnt=1 s0=fng (4741,1909)* [filtered=1030]
cnt=1 s0=fng (4741,1910)* [filtered=1030]
cnt=1 s0=fng (4741,1912)* [filtered=1030]
cnt=1 s0=fng (4741,1914)* [filtered=1030]
cnt=1 s0=fng (4741,1916)* [filtered=1030]
cnt=1 s0=fng (4741,1917)* [filtered=1030]
cnt=1 s0=fng (4741,1919)* [filtered=1030]
cnt=1 s0=fng (4741,1921)* [filtered=1030]
cnt=1 s0=fng (4741,1923)* [filtered=1030]
cnt=1 s0=fng (4741,1925)* [filtered=1030]
cnt=1 s0=fng (4741,1926)* [filtered=1030]
cnt=1 s0=fng (4741,1927)* [filtered=1030]
cnt=1 s0=fng (4741,1928)* [filtered=1030]
cnt=1 s0=fng (4741,1930)* [filtered=1030]
cnt=1 s0=fng (4741,1931)* [filtered=1030]
cnt=1 s0=fng (4741,1932)* [filtered=1030]
cnt=1 s0=fng (4741,1933)* [filtered=1030]
cnt=1 s0=fng (4741,1933)* [filtered=1030]
cnt=1 s0=fng (4741,1934)* [filtered=1030]
cnt=1 s0=fng (4741,1934)* [filtered=1030]
cnt=1 s0=fng (4741,1934)* [filtered=1030]
cnt=1 s0=fng (4741,1934)* [filtered=1030]
cnt=1 s0=fng (4741,1934)* [filtered=1030]
cnt=1 s0=fng (4741,1934)* [filtered=1030]
cnt=1 s0=fng (4741,1934)* [filtered=1030]
cnt=1 s0=fng (4741,1933)* [filtered=1030]
cnt=1 s0=fng (4741,1933)* [filtered=1030]
cnt=1 s0=fng (4741,1932)* [filtered=1030]
cnt=1 s0=fng (4741,1931)* [filtered=1030]
cnt=1 s0=fng (4741,1931)* [filtered=1030]
cnt=1 s0=fng (4741,1930)* [filtered=1030]
cnt=1 s0=fng (4741,1929)* [filtered=1030]
cnt=1 s0=fng (4741,1928)* [filtered=1030]
cnt=1 s0=fng (4741,1927)* [filtered=1030]
cnt=1 s0=fng (4741,1926)* [filtered=1030]
cnt=1 s0=fng (4741,1925)* [filtered=1030]
cnt=1 s0=fng (4741,1924)* [filtered=1030]
cnt=1 s0=fng (4741,1923)* [filtered=1030]
cnt=1 s0=fng (4741,1923)* [filtered=1030]
cnt=1 s0=fng (4741,1922)* [filtered=1030]
cnt=1 s0=fng (4741,1921)* [filtered=1030]
cnt=1 s0=fng (4740,1920)* [filtered=1030]
cnt=1 s0=fng (4739,1918)* [filtered=1030]
cnt=1 s0=fng (4739,1917)* [filtered=1030]
cnt=1 s0=fng (4738,1916)* [filtered=1030]
cnt=1 s0=fng (4737,1914)* [filtered=1030]
cnt=1 s0=fng (4736,1912)* [filtered=1030]
cnt=1 s0=fng (4735,1910)* [filtered=1030]
cnt=1 s0=fng (4734,1909)* [filtered=1030]
cnt=1 s0=fng (4733,1907)* [filtered=1030]
cnt=1 s0=fng (4732,1904) [filtered=1030]
cnt=1 s0=fng (4731,1900) [filtered=1030]
cnt=1 s0=fng (4730,1898) [filtered=1030]
cnt=1 s0=fng (4729,1895) [filtered=1030]
cnt=1 s0=fng (4727,1892) [filtered=1030]
cnt=1 s0=fng (4725,1888) [filtered=1030]
cnt=1 s0=fng (4723,1884) [filtered=1030]
cnt=1 s0=fng (4722,1881) [filtered=1030]
cnt=1 s0=fng (4720,1877) [filtered=1030]
cnt=1 s0=fng (4718,1873) [filtered=1030]
cnt=1 s0=fng (4716,1869) [filtered=1030]
cnt=1 s0=fng (4714,1865) [filtered=1030]
cnt=1 s0=fng (4713,1862) [filtered=1030]
cnt=1 s0=fng (4711,1860) [filtered=1030]
cnt=1 s0=fng (4709,1858) [filtered=1030]
cnt=1 s0=fng (4707,1856) [filtered=1030]
cnt=1 s0=fng (4706,1855) [filtered=1030]
cnt=1 s0=fng (4704,1853) [filtered=1030]
cnt=1 s0=fng (4703,1851) [filtered=1030]
cnt=1 s0=fng (4702,1848) [filtered=1030]
cnt=1 s0=fng (4700,1846) [filtered=1030]
cnt=1 s0=fng (4699,1845) [filtered=1030]
cnt=1 s0=fng (4697,1843) [filtered=1030]
cnt=1 s0=fng (4696,1841) [filtered=1030]
cnt=1 s0=fng (4695,1839) [filtered=1030]
cnt=1 s0=fng (4693,1837) [filtered=1030]
cnt=1 s0=fng (4692,1836) [filtered=1030]
cnt=1 s0=fng (4691,1835) [filtered=1030]
cnt=1 s0=fng (4690,1834) [filtered=1030]
cnt=1 s0=fng (4689,1832) [filtered=1030]
cnt=1 s0=fng (4688,1831) [filtered=1030]
cnt=1 s0=fng (4687,1830) [filtered=1030]
cnt=1 s0=fng (4686,1829) [filtered=1030]
cnt=1 s0=fng (4685,1827) [filtered=1030]
cnt=1 s0=fng (4683,1826) [filtered=1030]
cnt=1 s0=fng (4682,1825) [filtered=1030]
cnt=1 s0=fng (4680,1824) [filtered=1030]
cnt=1 s0=fng (4678,1822) [filtered=1030]
cnt=1 s0=fng (4676,1820) [filtered=1030]
cnt=1 s0=fng (4673,1818) [filtered=1030]
cnt=1 s0=fng (4671,1817) [filtered=1030]
cnt=1 s0=fng (4669,1815) [filtered=1030]
cnt=1 s0=fng (4666,1813) [filtered=1030]
cnt=1 s0=fng (4662,1810) [filtered=1030]
cnt=1 s0=fng (4659,1808) [filtered=1030]
cnt=1 s0=fng (4655,1805) [filtered=1030]
cnt=1 s0=fng (4650,1802) [filtered=1030]
cnt=1 s0=fng (4645,1798) [filtered=1030]
cnt=1 s0=fng (4639,1793) [filtered=1030]
cnt=1 s0=fng (4634,1790) [filtered=1030]
cnt=1 s0=fng (4628,1786) [filtered=1030]
cnt=1 s0=fng (4622,1782) [filtered=1030]
cnt=1 s0=fng (4617,1778) [filtered=1030]
cnt=1 s0=fng (4612,1774) [filtered=1030]
cnt=1 s0=fng (4608,1771) [filtered=1030]
cnt=1 s0=fng (4604,1768) [filtered=1030]
cnt=1 s0=fng (4601,1764) [filtered=1030]
cnt=1 s0=fng (4600,1761) [filtered=1030]
cnt=1 s0=fng (4600,1758) [filtered=1030]
cnt=1 s0=fng (4599,1756) [filtered=1030]
cnt=1 s0=fng (4599,1754) [filtered=1030]
cnt=1 s0=fng (4599,1753) [filtered=1030]
cnt=1 s0=fng (4599,1751) [filtered=1030]
cnt=1 s0=fng (4599,1750) [filtered=1030]
cnt=1 s0=fng (4599,1749) [filtered=1030]
cnt=1 s0=fng (4599,1748) [filtered=1030]
cnt=1 s0=fng (4600,1748) [filtered=1030]
cnt=1 s0=fng (4601,1748) [filtered=1030]
cnt=1 s0=fng (4601,1748) [filtered=1030]
cnt=1 s0=fng (4603,1749) [filtered=1030]
cnt=1 s0=fng (4606,1751) [filtered=1030]
cnt=1 s0=fng (4610,1754) [filtered=1030]
cnt=1 s0=fng (4615,1758) [filtered=1030]
cnt=1 s0=fng (4618,1760) [filtered=1030]
cnt=1 s0=fng (4623,1764) [filtered=1030]
cnt=1 s0=fng (4628,1769) [filtered=1030]
cnt=1 s0=fng (4633,1774) [filtered=1030]
cnt=1 s0=fng (4638,1779) [filtered=1030]
cnt=1 s0=fng (4642,1784) [filtered=1030]
cnt=1 s0=fng (4647,1790) [filtered=1030]
cnt=1 s0=fng (4652,1796) [filtered=1030]
cnt=1 s0=fng (4657,1802) [filtered=1030]
cnt=1 s0=fng (4661,1807) [filtered=1030]
cnt=1 s0=fng (4665,1813) [filtered=1030]
cnt=1 s0=fng (4670,1819) [filtered=1030]
cnt=1 s0=fng (4675,1825) [filtered=1030]
cnt=1 s0=fng (4679,1830) [filtered=1030]
cnt=1 s0=fng (4682,1834) [filtered=1030]
cnt=1 s0=fng (4685,1839) [filtered=1030]
cnt=1 s0=fng (4689,1844) [filtered=1030]
cnt=1 s0=fng (4693,1849) [filtered=1030]
cnt=1 s0=fng (4696,1853) [filtered=1030]
cnt=1 s0=fng (4698,1856) [filtered=1030]
cnt=1 s0=fng (4701,1859) [filtered=1030]
cnt=1 s0=fng (4704,1862) [filtered=1030]
cnt=1 s0=fng (4707,1864) [filtered=1030]
cnt=1 s0=fng (4709,1867) [filtered=1030]
cnt=1 s0=fng (4710,1869) [filtered=1030]
cnt=1 s0=fng (4712,1871) [filtered=1030]
cnt=1 s0=fng (4714,1874) [filtered=1030]
cnt=1 s0=fng (4716,1877) [filtered=1030]
cnt=1 s0=fng (4718,1879) [filtered=1030]
cnt=1 s0=fng (4719,1880) [filtered=1030]
cnt=1 s0=fng (4721,1882) [filtered=1030]
cnt=1 s0=fng (4722,1884) [filtered=1030]
cnt=1 s0=fng (4723,1887) [filtered=1030]
cnt=1 s0=fng (4724,1888) [filtered=1030]
cnt=1 s0=fng (4725,1890) [filtered=1030]
cnt=1 s0=fng (4726,1892) [filtered=1030]
cnt=1 s0=fng (4727,1895) [filtered=1030]
cnt=1 s0=fng (4728,1898) [filtered=1030]
cnt=1 s0=fng (4729,1899) [filtered=1030]
cnt=1 s0=fng (4730,1902) [filtered=1030]
cnt=1 s0=fng (4731,1904) [filtered=1030]
cnt=1 s0=fng (4732,1907) [filtered=1030]
cnt=1 s0=fng (4733,1910) [filtered=1030]
cnt=1 s0=fng (4733,1912) [filtered=1030]
cnt=1 s0=fng (4734,1915) [filtered=1030]
cnt=1 s0=fng (4735,1918) [filtered=1030]
cnt=1 s0=fng (4736,1921) [filtered=1030]
cnt=1 s0=fng (4737,1923) [filtered=1030]
cnt=1 s0=fng (4738,1924) [filtered=1030]
cnt=1 s0=fng (4739,1926) [filtered=1030]
cnt=1 s0=fng (4740,1929) [filtered=1030]
cnt=1 s0=fng (4742,1931) [filtered=1030]
cnt=1 s0=fng (4743,1932) [filtered=1030]
cnt=1 s0=fng (4745,1934) [filtered=1030]
cnt=1 s0=fng (4747,1937) [filtered=1030]
cnt=1 s0=fng (4748,1939) [filtered=1030]
cnt=1 s0=fng (4749,1942) [filtered=1030]
cnt=1 s0=fng (4750,1943) [filtered=1030]
cnt=1 s0=fng (4751,1945) [filtered=1030]
cnt=1 s0=fng (4753,1948) [filtered=1030]
cnt=1 s0=fng (4755,1951) [filtered=1030]
cnt=1 s0=fng (4756,1955) [filtered=1030]
cnt=1 s0=fng (4757,1957) [filtered=1030]
cnt=1 s0=fng (4757,1957) [filtered=1030]
cnt=1 s0=fng (4762,1947) [filtered=1030]
cnt=1 s0=fng (4762,1947) [filtered=1030]
cnt=1 s0=fng (4762,1947) [filtered=1030]
cnt=1 s0=fng (4762,1947) [filtered=1030]
cnt=1 s0=fng (4762,1947) [filtered=1030]
cnt=1 s0=fng (4762,1946) [filtered=1030]
cnt=1 s0=fng (4762,1946) [filtered=1030]
cnt=1 s0=fng (4762,1946) [filtered=1030]
cnt=1 s0=fng (4762,1945) [filtered=1030]
cnt=1 s0=fng (4762,1944) [filtered=1030]
cnt=1 s0=fng (4762,1944) [filtered=1030]
cnt=1 s0=fng (4762,1944) [filtered=1030]
cnt=1 s0=fng (4762,1943) [filtered=1030]
cnt=1 s0=fng (4762,1943) [filtered=1030]
cnt=1 s0=fng (4762,1942) [filtered=1030]
cnt=1 s0=fng (4762,1941) [filtered=1030]
cnt=1 s0=fng (4762,1940) [filtered=1030]
cnt=1 s0=fng (4762,1939) [filtered=1030]
cnt=1 s0=fng (4762,1938) [filtered=1030]
cnt=1 s0=fng (4762,1937) [filtered=1030]
cnt=1 s0=fng (4762,1937)* [filtered=1030]
cnt=1 s0=fng (4762,1936)* [filtered=1030]
cnt=1 s0=fng (4762,1934)* [filtered=1030]
cnt=1 s0=fng (4762,1933)* [filtered=1030]
cnt=1 s0=fng (4762,1930)* [filtered=1030]
cnt=1 s0=fng (4762,1929)* [filtered=1030]
cnt=1 s0=fng (4762,1926)* [filtered=1030]
cnt=1 s0=fng (4762,1921) [filtered=1030]
cnt=1 s0=fng (4762,1916) [filtered=1030]
cnt=1 s0=fng (4762,1910) [filtered=1030]
cnt=1 s0=fng (4762,1906) [filtered=1030]
cnt=1 s0=fng (4762,1901) [filtered=1030]
cnt=1 s0=fng (4762,1896) [filtered=1030]
cnt=1 s0=fng (4762,1891) [filtered=1030]
cnt=1 s0=fng (4762,1885) [filtered=1030]
cnt=1 s0=fng (4762,1880) [filtered=1030]
cnt=1 s0=fng (4762,1874) [filtered=1030]
cnt=1 s0=fng (4761,1868) [filtered=1030]
cnt=1 s0=fng (4760,1860) [filtered=1030]
cnt=1 s0=fng (4759,1853) [filtered=1030]
cnt=1 s0=fng (4758,1846) [filtered=1030]
cnt=1 s0=fng (4756,1838) [filtered=1030]
cnt=1 s0=fng (4754,1830) [filtered=1030]
cnt=1 s0=fng (4752,1822) [filtered=1030]
cnt=1 s0=fng (4751,1814) [filtered=1030]
cnt=1 s0=fng (4749,1805) [filtered=1030]
cnt=1 s0=fng (4747,1796) [filtered=1030]
cnt=1 s0=fng (4744,1787) [filtered=1030]
cnt=1 s0=fng (4740,1778) [filtered=1030]
cnt=1 s0=fng (4738,1769) [filtered=1030]
cnt=1 s0=fng (4734,1760) [filtered=1030]
cnt=1 s0=fng (4729,1751) [filtered=1030]
cnt=1 s0=fng (4724,1742) [filtered=1030]
cnt=1 s0=fng (4720,1734) [filtered=1030]
cnt=1 s0=fng (4715,1725) [filtered=1030]
cnt=1 s0=fng (4710,1716) [filtered=1030]
cnt=1 s0=fng (4705,1708) [filtered=1030]
cnt=1 s0=fng (4700,1700) [filtered=1030]
cnt=1 s0=fng (4696,1693) [filtered=1030]
cnt=1 s0=fng (4692,1686) [filtered=1030]
cnt=1 s0=fng (4688,1679) [filtered=1030]
cnt=1 s0=fng (4684,1673) [filtered=1030]
cnt=1 s0=fng (4680,1668) [filtered=1030]
cnt=1 s0=fng (4677,1664) [filtered=1030]
cnt=1 s0=fng (4675,1660) [filtered=1030]
cnt=1 s0=fng (4674,1657) [filtered=1030]
cnt=1 s0=fng (4674,1654) [filtered=1030]
cnt=1 s0=fng (4673,1653) [filtered=1030]
cnt=1 s0=fng (4672,1652) [filtered=1030]
cnt=1 s0=fng (4671,1652) [filtered=1030]
cnt=1 s0=fng (4671,1652) [filtered=1030]
cnt=1 s0=fng (4671,1652) [filtered=1030]
cnt=1 s0=fng (4671,1652) [filtered=1030]
cnt=1 s0=fng (4671,1653) [filtered=1030]
cnt=1 s0=fng (4671,1654) [filtered=1030]
cnt=1 s0=fng (4671,1656) [filtered=1030]
cnt=1 s0=fng (4672,1659) [filtered=1030]
cnt=1 s0=fng (4672,1660) [filtered=1030]
cnt=1 s0=fng (4674,1663) [filtered=1030]
cnt=1 s0=fng (4676,1668) [filtered=1030]
cnt=1 s0=fng (4679,1674) [filtered=1030]
cnt=1 s0=fng (4683,1682) [filtered=1030]
cnt=1 s0=fng (4685,1689) [filtered=1030]
cnt=1 s0=fng (4688,1697) [filtered=1030]
cnt=1 s0=fng (4692,1706) [filtered=1030]
cnt=1 s0=fng (4697,1715) [filtered=1030]
cnt=1 s0=fng (4701,1724) [filtered=1030]
cnt=1 s0=fng (4706,1733) [filtered=1030]
cnt=1 s0=fng (4711,1742) [filtered=1030]
cnt=1 s0=fng (1256,2) [filtered=1030]
cnt=1 s0=fng (1256,2) [filtered=1030]
cnt=1 s0=fng (1256,2) [filtered=1030]
cnt=1 s0=fng (1256,2) [filtered=1030]
cnt=1 s0=fng (1256,2) [filtered=1030]
cnt=1 s0=fng (1256,2) [filtered=1030]
cnt=1 s0=fng (4762,1916) [filtered=1030]
cnt=1 s0=fng (4762,1916) [filtered=1030]
cnt=1 s0=fng (4762,1916) [filtered=1030]
cnt=1 s0=fng (4762,1916) [filtered=1030]
cnt=1 s0=fng (4762,1916) [filtered=1030]
cnt=1 s0=fng (4762,1916) [filtered=1030]
cnt=1 s0=fng (4762,1917) [filtered=1030]
cnt=1 s0=fng (4762,1917) [filtered=1030]
cnt=1 s0=fng (4762,1917) [filtered=1030]
cnt=1 s0=fng (4762,1918) [filtered=1030]
cnt=1 s0=fng (4762,1919) [filtered=1030]
cnt=1 s0=fng (4762,1920) [filtered=1030]
cnt=1 s0=fng (4762,1920) [filtered=1030]
cnt=1 s0=fng (4762,1920) [filtered=1030]
cnt=1 s0=fng (237,2104) [filtered=1030]
cnt=1 s0=fng (237,2104) [filtered=1030]
cnt=1 s0=fng (237,2104) [filtered=1030]
cnt=1 s0=fng (237,2104) [filtered=1030]
cnt=1 s0=fng (238,2104) [filtered=1030]
cnt=1 s0=fng (239,2104) [filtered=1030]
cnt=1 s0=fng (239,2104) [filtered=1030]
cnt=2 s0=PALM(240,2104) s1=PALM(4762,1984) [filtered=1031]
cnt=2 s0=PALM(241,2104) s1=PALM(4762,1984) [filtered=1032]
cnt=2 s0=PALM(243,2105) s1=PALM(4762,1984) [filtered=1033]
cnt=2 s0=PALM(244,2105) s1=PALM(4762,1984) [filtered=1034]
cnt=2 s0=PALM(245,2105) s1=PALM(4762,1984) [filtered=1035]
cnt=2 s0=PALM(246,2105) s1=PALM(4762,1984) [filtered=1036]
cnt=2 s0=PALM(247,2105) s1=PALM(4762,1983) [filtered=1037]
cnt=2 s0=PALM(248,2105) s1=PALM(4762,1982) [filtered=1038]
cnt=2 s0=PALM(250,2104) s1=PALM(4762,1981) [filtered=1039]
cnt=2 s0=PALM(251,2104) s1=PALM(4762,1981) [filtered=1040]
cnt=2 s0=PALM(252,2103) s1=PALM(4762,1980) [filtered=1041]
cnt=2 s0=PALM(253,2102) s1=PALM(4762,1979) [filtered=1042]
cnt=2 s0=PALM(254,2100) s1=PALM(4762,1978) [filtered=1043]
cnt=2 s0=PALM(255,2099)* s1=PALM(4762,1978) [filtered=1044]
cnt=3 s0=PALM(257,2098)* s1=PALM(4762,1977) s2=fng (1621,53) [filtered=1045]
cnt=3 s0=PALM(258,2096)* s1=PALM(4762,1976) s2=fng (1621,53) [filtered=1046]
cnt=3 s0=PALM(259,2094)* s1=PALM(4762,1976) s2=fng (1621,53) [filtered=1047]
cnt=3 s0=PALM(260,2092)* s1=PALM(4762,1975) s2=fng (1621,53) [filtered=1048]
cnt=3 s0=PALM(261,2091)* s1=PALM(4762,1975) s2=fng (1621,53) [filtered=1049]
cnt=3 s0=PALM(262,2090)* s1=PALM(4762,1974) s2=fng (1621,53) [filtered=1050]
cnt=2 s1=PALM(4762,1974)* s2=fng (1621,53) [filtered=1051]
cnt=2 s1=PALM(4762,1973)* s2=fng (1621,53) [filtered=1052]
cnt=2 s1=PALM(4762,1973)* s2=fng (1620,54) [filtered=1053]
cnt=2 s1=PALM(4762,1973)* s2=fng (1620,54) [filtered=1054]
cnt=2 s1=PALM(4762,1972)* s2=fng (1619,55) [filtered=1055]
cnt=2 s1=PALM(4762,1972)* s2=fng (1618,55) [filtered=1056]
cnt=2 s1=PALM(4762,1971)* s2=fng (1617,55) [filtered=1057]
cnt=2 s1=PALM(4762,1970)* s2=fng (1615,55) [filtered=1058]
cnt=2 s1=PALM(4762,1970)* s2=fng (1614,55) [filtered=1059]
cnt=2 s1=PALM(4762,1970)* s2=fng (1613,55) [filtered=1060]
cnt=2 s1=PALM(4762,1970)* s2=fng (1611,55) [filtered=1061]
cnt=2 s1=PALM(4762,1970)* s2=fng (1609,55) [filtered=1062]
cnt=2 s1=PALM(4762,1970)* s2=fng (1608,55) [filtered=1063]
cnt=2 s1=PALM(4762,1970)* s2=fng (1606,55) [filtered=1064]
cnt=2 s1=PALM(4762,1970)* s2=PALM(1604,55)* [filtered=1065]
cnt=2 s1=PALM(4762,1971)* s2=PALM(1602,55)* [filtered=1066]
cnt=2 s1=PALM(4762,1972)* s2=PALM(1600,54)* [filtered=1067]
cnt=2 s1=PALM(4762,1972)* s2=PALM(1599,54)* [filtered=1068]
cnt=2 s1=PALM(4762,1973)* s2=PALM(1597,54)* [filtered=1069]
cnt=2 s1=PALM(4762,1975)* s2=PALM(1596,53)* [filtered=1070]
cnt=2 s1=PALM(4762,1976)* s2=fng (1593,51) [filtered=1071]
cnt=2 s1=PALM(4762,1978)* s2=fng (1590,50) [filtered=1072]
cnt=2 s1=PALM(4762,1979)* s2=fng (1588,49) [filtered=1073]
cnt=2 s1=PALM(4762,1980)* s2=fng (1585,48) [filtered=1074]
cnt=2 s1=PALM(4762,1981)* s2=fng (1582,47) [filtered=1075]
cnt=2 s1=PALM(4762,1983)* s2=fng (1579,46) [filtered=1076]
cnt=2 s1=PALM(4762,1984)* s2=fng (1577,46) [filtered=1077]
cnt=2 s1=PALM(4762,1985)* s2=fng (1574,45) [filtered=1078]
cnt=2 s1=PALM(4762,1985)* s2=fng (1571,44) [filtered=1079]
cnt=2 s1=PALM(4762,1986)* s2=fng (1568,43) [filtered=1080]
cnt=2 s1=PALM(4762,1986)* s2=fng (1565,42) [filtered=1081]
cnt=2 s1=PALM(4762,1986)* s2=fng (1563,41) [filtered=1082]
cnt=2 s1=PALM(4762,1986)* s2=fng (1560,40) [filtered=1083]
cnt=2 s1=PALM(4762,1986)* s2=fng (1557,39) [filtered=1084]
cnt=1 s1=fng (4762,1985)* [filtered=1084]
cnt=1 s1=fng (4762,1984)* [filtered=1084]
cnt=1 s1=fng (4762,1984)* [filtered=1084]
cnt=1 s1=fng (4762,1983)* [filtered=1084]
cnt=1 s1=fng (4762,1982)* [filtered=1084]
cnt=1 s1=fng (4762,1981)* [filtered=1084]
cnt=1 s1=fng (4762,1980)* [filtered=1084]
cnt=1 s1=fng (4762,1980)* [filtered=1084]
cnt=1 s1=fng (4762,1979)* [filtered=1084]
cnt=1 s1=fng (4762,1977)* [filtered=1084]
cnt=1 s1=fng (4762,1975)* [filtered=1084]
cnt=1 s1=fng (4762,1974)* [filtered=1084]
cnt=1 s1=fng (4762,1973)* [filtered=1084]
cnt=1 s1=fng (4762,1972)* [filtered=1084]
cnt=1 s1=fng (4762,1971)* [filtered=1084]
cnt=1 s1=fng (4762,1970)* [filtered=1084]
cnt=1 s1=fng (4762,1970)* [filtered=1084]
cnt=1 s1=fng (4762,1970)* [filtered=1084]
cnt=1 s1=fng (4762,1970)* [filtered=1084]
cnt=1 s1=fng (4762,1970)* [filtered=1084]
cnt=1 s1=fng (4762,1971)* [filtered=1084]
cnt=1 s1=fng (4762,1971)* [filtered=1084]
cnt=1 s1=fng (4762,1972)* [filtered=1084]
cnt=1 s1=fng (4762,1972)* [filtered=1084]
cnt=1 s1=fng (4762,1973)* [filtered=1084]
cnt=1 s1=fng (4762,1973)* [filtered=1084]
cnt=1 s1=fng (4762,1973)* [filtered=1084]
cnt=1 s1=fng (4762,1974)* [filtered=1084]
cnt=1 s1=fng (4762,1975)* [filtered=1084]
cnt=1 s1=fng (4762,1976)* [filtered=1084]
cnt=1 s1=fng (4762,1976)* [filtered=1084]
cnt=1 s1=fng (4762,1977)* [filtered=1084]
cnt=1 s1=fng (4762,1977)* [filtered=1084]
cnt=1 s1=fng (4762,1978)* [filtered=1084]
cnt=1 s1=fng (4762,1979)* [filtered=1084]
cnt=1 s1=fng (4762,1979)* [filtered=1084]
cnt=1 s1=fng (4762,1980)* [filtered=1084]
cnt=1 s1=fng (4762,1980)* [filtered=1084]
cnt=1 s1=fng (4762,1981)* [filtered=1084]
cnt=1 s1=fng (4762,1981)* [filtered=1084]
cnt=1 s1=fng (4762,1981)* [filtered=1084]
cnt=1 s1=fng (4762,1982)* [filtered=1084]
cnt=1 s1=fng (4762,1982)* [filtered=1084]
cnt=1 s1=fng (4762,1983)* [filtered=1084]
cnt=1 s1=fng (4762,1983)* [filtered=1084]
cnt=1 s1=fng (4762,1983)* [filtered=1084]
cnt=1 s1=fng (4762,1983)* [filtered=1084]
cnt=1 s1=fng (4762,1983)* [filtered=1084]
cnt=1 s1=fng (4762,1983)* [filtered=1084]
cnt=1 s1=fng (4762,1983)* [filtered=1084]
cnt=1 s1=fng (4762,1983)* [filtered=1084]
cnt=1 s1=fng (4762,1983)* [filtered=1084]
cnt=1 s1=fng (4762,1983)* [filtered=1084]
cnt=1 s1=fng (4762,1983)* [filtered=1084]
cnt=2 s0=PALM(261,2074) s1=PALM(4762,1983)* [filtered=1085]
cnt=2 s0=PALM(261,2074) s1=PALM(4762,1983)* [filtered=1086]
cnt=2 s0=PALM(261,2074) s1=PALM(4762,1983)* [filtered=1087]
cnt=1 s1=fng (4762,1983)* [filtered=1087]
cnt=1 s1=fng (4762,1983)* [filtered=1087]
cnt=1 s1=fng (4762,1983)* [filtered=1087]
cnt=1 s1=fng (4762,1982)* [filtered=1087]
cnt=1 s1=fng (4762,1982)* [filtered=1087]
cnt=1 s1=fng (4762,1981)* [filtered=1087]
cnt=1 s1=fng (4762,1981)* [filtered=1087]
cnt=1 s1=fng (4762,1981)* [filtered=1087]
cnt=1 s1=fng (4762,1980)* [filtered=1087]
cnt=1 s1=fng (4762,1979)* [filtered=1087]
cnt=1 s1=fng (4762,1978)* [filtered=1087]
cnt=1 s1=fng (4762,1977)* [filtered=1087]
cnt=1 s1=fng (4762,1976)* [filtered=1087]
cnt=1 s1=fng (4762,1975)* [filtered=1087]
cnt=1 s1=fng (4762,1974)* [filtered=1087]
cnt=1 s1=fng (4762,1973)* [filtered=1087]
cnt=1 s1=fng (4762,1973)* [filtered=1087]
cnt=1 s1=fng (4762,1972)* [filtered=1087]
cnt=1 s1=fng (4762,1971)* [filtered=1087]
cnt=1 s1=fng (4762,1970)* [filtered=1087]
cnt=1 s1=fng (4762,1969)* [filtered=1087]
cnt=1 s1=fng (4762,1969)* [filtered=1087]
cnt=1 s1=fng (4762,1968)* [filtered=1087]
cnt=1 s1=fng (4762,1968)* [filtered=1087]
cnt=1 s1=fng (4762,1967)* [filtered=1087]
cnt=1 s1=fng (4762,1967)* [filtered=1087]
cnt=1 s1=fng (4762,1966)* [filtered=1087]
cnt=1 s1=fng (4762,1966)* [filtered=1087]
cnt=1 s1=fng (4762,1965)* [filtered=1087]
cnt=1 s1=fng (4762,1965)* [filtered=1087]
cnt=1 s1=fng (4762,1965)* [filtered=1087]
cnt=1 s1=fng (4762,1964)* [filtered=1087]
cnt=1 s1=fng (4762,1963)* [filtered=1087]
cnt=1 s1=fng (4762,1963)* [filtered=1087]
cnt=1 s1=fng (4762,1962)* [filtered=1087]
cnt=1 s1=fng (4762,1962)* [filtered=1087]
cnt=1 s1=fng (4762,1962)* [filtered=1087]
cnt=1 s1=fng (4762,1961)* [filtered=1087]
cnt=1 s1=fng (4762,1961)* [filtered=1087]
cnt=1 s1=fng (4762,1960)* [filtered=1087]
cnt=1 s1=fng (4762,1960)* [filtered=1087]
cnt=2 s0=fng (1468,18) s1=PALM(4762,1959)* [filtered=1088]
cnt=2 s0=fng (1468,18) s1=PALM(4762,1958)* [filtered=1089]
cnt=2 s0=fng (1469,18) s1=PALM(4762,1957)* [filtered=1090]
cnt=2 s0=fng (1469,18) s1=PALM(4762,1957)* [filtered=1091]
cnt=2 s0=fng (1470,18) s1=PALM(4762,1957)* [filtered=1092]
cnt=2 s0=fng (1470,18) s1=PALM(4762,1956)* [filtered=1093]
cnt=2 s0=fng (1471,18) s1=PALM(4762,1955)* [filtered=1094]
cnt=2 s0=fng (1472,18) s1=PALM(4762,1954)* [filtered=1095]
cnt=2 s0=fng (1472,18) s1=PALM(4762,1954)* [filtered=1096]
cnt=2 s0=fng (1473,18) s1=PALM(4762,1954)* [filtered=1097]
cnt=2 s0=fng (1474,18) s1=PALM(4762,1953)* [filtered=1098]
cnt=2 s0=fng (1475,18) s1=PALM(4762,1953)* [filtered=1099]
cnt=2 s0=fng (1475,18) s1=PALM(4762,1953)* [filtered=1100]
cnt=2 s0=fng (1476,18) s1=PALM(4762,1952)* [filtered=1101]
cnt=2 s0=fng (1476,18) s1=PALM(4762,1951)* [filtered=1102]
cnt=2 s0=fng (1477,18) s1=PALM(4762,1951)* [filtered=1103]
cnt=2 s0=fng (1477,18) s1=PALM(4762,1950)* [filtered=1104]
cnt=2 s0=fng (1477,18) s1=PALM(4762,1950)* [filtered=1105]
cnt=2 s0=fng (1477,18) s1=PALM(4762,1950)* [filtered=1106]
cnt=2 s0=fng (1477,18) s1=PALM(4762,1949)* [filtered=1107]
cnt=2 s0=PALM(1477,18)* s1=PALM(4762,1948)* [filtered=1108]
cnt=2 s0=PALM(1476,18)* s1=PALM(4762,1948)* [filtered=1109]
cnt=2 s0=PALM(1476,18)* s1=PALM(4762,1948)* [filtered=1110]
cnt=2 s0=PALM(1476,18)* s1=PALM(4762,1947)* [filtered=1111]
cnt=1 s1=fng (4762,1947)* [filtered=1111]
cnt=1 s1=fng (4762,1946)* [filtered=1111]
cnt=1 s1=fng (4762,1946)* [filtered=1111]
cnt=1 s1=fng (4762,1946)* [filtered=1111]
cnt=1 s1=fng (4762,1945)* [filtered=1111]
cnt=1 s1=fng (4762,1944)* [filtered=1111]
cnt=1 s1=fng (4762,1943)* [filtered=1111]
cnt=1 s1=fng (4762,1943)* [filtered=1111]
cnt=1 s1=fng (4762,1942)* [filtered=1111]
cnt=1 s1=fng (4762,1941)* [filtered=1111]
cnt=1 s1=fng (4762,1940)* [filtered=1111]
cnt=1 s1=fng (4761,1939)* [filtered=1111]
cnt=1 s1=fng (4760,1938)* [filtered=1111]
cnt=1 s1=fng (4759,1937)* [filtered=1111]
cnt=1 s1=fng (4758,1936)* [filtered=1111]
cnt=1 s1=fng (4757,1934)* [filtered=1111]
cnt=1 s1=fng (4756,1931) [filtered=1111]
cnt=1 s1=fng (4756,1930) [filtered=1111]
cnt=1 s1=fng (4755,1928) [filtered=1111]
cnt=1 s1=fng (4753,1924) [filtered=1111]
cnt=1 s1=fng (4750,1920) [filtered=1111]
cnt=1 s1=fng (4749,1917) [filtered=1111]
cnt=1 s1=fng (4747,1912) [filtered=1111]
cnt=1 s1=fng (4743,1907) [filtered=1111]
cnt=1 s1=fng (4738,1900) [filtered=1111]
cnt=1 s1=fng (4732,1891) [filtered=1111]
cnt=1 s1=fng (4728,1883) [filtered=1111]
cnt=1 s1=fng (4723,1874) [filtered=1111]
cnt=1 s1=fng (4717,1865) [filtered=1111]
cnt=1 s1=fng (4711,1855) [filtered=1111]
cnt=1 s1=fng (4705,1846) [filtered=1111]
cnt=1 s1=fng (4699,1836) [filtered=1111]
cnt=1 s1=fng (4692,1826) [filtered=1111]
cnt=1 s1=fng (4685,1816) [filtered=1111]
cnt=1 s1=fng (4678,1806) [filtered=1111]
cnt=1 s1=fng (4672,1797) [filtered=1111]
cnt=1 s1=fng (4665,1788) [filtered=1111]
cnt=1 s1=fng (4658,1779) [filtered=1111]
cnt=1 s1=fng (4652,1770) [filtered=1111]
cnt=1 s1=fng (4646,1762) [filtered=1111]
cnt=1 s1=fng (4641,1755) [filtered=1111]
cnt=1 s1=fng (4636,1749) [filtered=1111]
cnt=1 s1=fng (4631,1745) [filtered=1111]
cnt=1 s1=fng (4627,1740) [filtered=1111]
cnt=1 s1=fng (4624,1736) [filtered=1111]
cnt=1 s1=fng (4622,1733) [filtered=1111]
cnt=1 s1=fng (4621,1731) [filtered=1111]
cnt=1 s1=fng (4621,1730) [filtered=1111]
cnt=1 s1=fng (4620,1730) [filtered=1111]
cnt=1 s1=fng (4619,1730) [filtered=1111]
cnt=1 s1=fng (4619,1730) [filtered=1111]
cnt=1 s1=fng (4619,1730) [filtered=1111]
cnt=1 s1=fng (4619,1730) [filtered=1111]
cnt=1 s1=fng (4619,1730) [filtered=1111]
cnt=1 s1=fng (4619,1730) [filtered=1111]
cnt=1 s1=fng (4619,1730) [filtered=1111]
cnt=1 s1=fng (4620,1730) [filtered=1111]
cnt=1 s1=fng (4621,1730) [filtered=1111]
cnt=1 s1=fng (4623,1730) [filtered=1111]
cnt=1 s1=fng (4624,1730) [filtered=1111]
cnt=1 s1=fng (4625,1733) [filtered=1111]
cnt=1 s1=fng (4628,1736) [filtered=1111]
cnt=1 s1=fng (4631,1738) [filtered=1111]
cnt=1 s1=fng (4633,1739) [filtered=1111]
cnt=1 s1=fng (4637,1742) [filtered=1111]
cnt=1 s1=fng (4642,1746) [filtered=1111]
cnt=1 s1=fng (4647,1752) [filtered=1111]
cnt=1 s1=fng (4654,1758) [filtered=1111]
cnt=1 s1=fng (4660,1764) [filtered=1111]
cnt=1 s1=fng (4666,1770) [filtered=1111]
cnt=1 s1=fng (4672,1777) [filtered=1111]
cnt=1 s1=fng (4678,1784) [filtered=1111]
cnt=1 s1=fng (4684,1790) [filtered=1111]
cnt=2 s0=fng (1395,13) s1=PALM(4690,1798) [filtered=1112]
cnt=2 s0=fng (1395,13) s1=PALM(4696,1807) [filtered=1113]
cnt=2 s0=fng (1395,13) s1=PALM(4701,1816) [filtered=1114]
cnt=2 s0=fng (1395,13) s1=PALM(4706,1825) [filtered=1115]
cnt=2 s0=fng (1395,13) s1=PALM(4711,1833) [filtered=1116]
cnt=2 s0=fng (1395,13) s1=PALM(4716,1840) [filtered=1117]
cnt=2 s0=fng (1395,13) s1=PALM(4720,1847) [filtered=1118]
cnt=2 s0=fng (1395,13) s1=PALM(4722,1853) [filtered=1119]
cnt=2 s0=fng (1396,13) s1=PALM(4723,1859) [filtered=1120]
cnt=2 s0=fng (1396,13) s1=PALM(4724,1864) [filtered=1121]
cnt=2 s0=fng (1396,13) s1=PALM(4724,1868) [filtered=1122]
cnt=2 s0=fng (1396,13) s1=PALM(4724,1873) [filtered=1123]
cnt=2 s0=fng (1396,13) s1=PALM(4724,1878) [filtered=1124]
cnt=2 s0=fng (1396,13) s1=PALM(4724,1882) [filtered=1125]
cnt=2 s0=fng (1396,13) s1=PALM(4724,1885) [filtered=1126]
cnt=2 s0=fng (1396,13) s1=PALM(4724,1888) [filtered=1127]
cnt=2 s0=fng (1396,13) s1=PALM(4723,1891) [filtered=1128]
cnt=1 s1=fng (4722,1894) [filtered=1128]
cnt=1 s1=fng (4721,1897) [filtered=1128]
cnt=1 s1=fng (4721,1899) [filtered=1128]
cnt=1 s1=fng (4720,1901) [filtered=1128]
cnt=1 s1=fng (4720,1902) [filtered=1128]
cnt=1 s1=fng (4720,1904) [filtered=1128]
cnt=1 s1=fng (4720,1906) [filtered=1128]
cnt=1 s1=fng (4720,1907) [filtered=1128]
cnt=1 s1=fng (4720,1908) [filtered=1128]
cnt=1 s1=fng (4720,1910) [filtered=1128]
cnt=1 s1=fng (4720,1911) [filtered=1128]
cnt=1 s1=fng (4720,1912) [filtered=1128]
cnt=1 s1=fng (4720,1913) [filtered=1128]
cnt=1 s1=fng (4720,1914) [filtered=1128]
cnt=1 s1=fng (4720,1915) [filtered=1128]
cnt=1 s1=fng (4720,1916) [filtered=1128]
cnt=1 s1=fng (4720,1916) [filtered=1128]
cnt=1 s1=fng (4720,1917) [filtered=1128]
cnt=1 s1=fng (4720,1917) [filtered=1128]
cnt=1 s1=fng (4720,1918) [filtered=1128]
cnt=1 s1=fng (4720,1919) [filtered=1128]
cnt=1 s1=fng (4720,1919)* [filtered=1128]
cnt=1 s1=fng (4720,1919)* [filtered=1128]
cnt=1 s1=fng (4720,1919)* [filtered=1128]
cnt=1 s1=fng (4720,1919)* [filtered=1128]
cnt=1 s1=fng (4720,1919)* [filtered=1128]
cnt=1 s1=fng (4720,1919)* [filtered=1128]
cnt=1 s1=fng (4720,1919)* [filtered=1128]
cnt=1 s1=fng (4720,1919)* [filtered=1128]
cnt=1 s1=fng (4720,1919)* [filtered=1128]
cnt=1 s1=fng (4720,1919)* [filtered=1128]
cnt=1 s1=fng (4720,1919)* [filtered=1128]
cnt=1 s1=fng (4720,1919)* [filtered=1128]
cnt=1 s1=fng (4720,1919)* [filtered=1128]
cnt=1 s1=fng (4720,1919)* [filtered=1128]
cnt=1 s1=fng (4720,1919)* [filtered=1128]
cnt=1 s1=fng (4720,1919)* [filtered=1128]
cnt=1 s1=fng (4720,1919)* [filtered=1128]
cnt=1 s1=fng (4720,1919)* [filtered=1128]
cnt=1 s1=fng (4720,1919)* [filtered=1128]
cnt=1 s1=fng (4720,1919)* [filtered=1128]
cnt=1 s1=fng (4720,1919)* [filtered=1128]
cnt=1 s1=fng (4720,1919)* [filtered=1128]
cnt=1 s1=fng (4720,1919)* [filtered=1128]
cnt=1 s1=fng (4720,1919)* [filtered=1128]
cnt=1 s1=fng (4720,1919)* [filtered=1128]
cnt=1 s1=fng (4720,1919)* [filtered=1128]
cnt=1 s1=fng (4720,1919)* [filtered=1128]
cnt=1 s1=fng (4720,1919)* [filtered=1128]
cnt=1 s1=fng (4720,1919)* [filtered=1128]
cnt=1 s1=fng (4720,1919)* [filtered=1128]
cnt=1 s1=fng (4720,1919)* [filtered=1128]
cnt=1 s1=fng (4720,1919)* [filtered=1128]
cnt=1 s1=fng (4720,1919)* [filtered=1128]
cnt=1 s1=fng (4720,1919)* [filtered=1128]
cnt=1 s1=fng (4720,1918)* [filtered=1128]
cnt=1 s1=fng (4721,1917)* [filtered=1128]
cnt=1 s1=fng (4721,1917)* [filtered=1128]
cnt=1 s1=fng (4722,1916)* [filtered=1128]
cnt=1 s1=fng (4722,1916)* [filtered=1128]
cnt=1 s1=fng (4723,1915)* [filtered=1128]
cnt=1 s1=fng (4723,1914)* [filtered=1128]
cnt=1 s1=fng (4723,1913)* [filtered=1128]
cnt=1 s1=fng (4723,1912)* [filtered=1128]
cnt=1 s1=fng (4724,1911)* [filtered=1128]
cnt=1 s1=fng (4725,1909)* [filtered=1128]
cnt=1 s1=fng (4726,1907)* [filtered=1128]
cnt=1 s1=fng (4727,1905)* [filtered=1128]
cnt=1 s1=fng (4728,1904)* [filtered=1128]
cnt=1 s1=fng (4729,1902)* [filtered=1128]
cnt=1 s1=fng (4730,1900)* [filtered=1128]
cnt=1 s1=fng (4731,1898)* [filtered=1128]
cnt=1 s1=fng (4732,1896)* [filtered=1128]
cnt=1 s1=fng (4732,1895)* [filtered=1128]
cnt=1 s1=fng (4733,1894)* [filtered=1128]
cnt=1 s1=fng (4734,1892)* [filtered=1128]
cnt=1 s1=fng (4735,1891)* [filtered=1128]
cnt=1 s1=fng (4736,1890)* [filtered=1128]
cnt=1 s1=fng (4737,1889)* [filtered=1128]
cnt=1 s1=fng (4738,1888)* [filtered=1128]
cnt=1 s1=fng (4739,1887)* [filtered=1128]
cnt=1 s1=fng (4740,1886)* [filtered=1128]
cnt=1 s1=fng (4740,1886)* [filtered=1128]
cnt=1 s1=fng (4741,1885)* [filtered=1128]
cnt=1 s1=fng (4741,1884)* [filtered=1128]
cnt=1 s1=fng (4741,1884)* [filtered=1128]
cnt=1 s1=fng (4742,1884)* [filtered=1128]
cnt=1 s1=fng (4742,1884)* [filtered=1128]
cnt=1 s1=fng (4743,1884)* [filtered=1128]
cnt=1 s1=fng (4743,1884)* [filtered=1128]
cnt=1 s1=fng (4744,1884)* [filtered=1128]
cnt=1 s1=fng (4745,1884)* [filtered=1128]
cnt=1 s1=fng (4746,1884)* [filtered=1128]
cnt=1 s1=fng (4747,1885)* [filtered=1128]
cnt=1 s1=fng (4748,1886)* [filtered=1128]
cnt=1 s1=fng (4749,1886)* [filtered=1128]
cnt=1 s1=fng (4749,1886)* [filtered=1128]
cnt=1 s1=fng (4749,1887)* [filtered=1128]
cnt=1 s1=fng (4749,1887)* [filtered=1128]
cnt=1 s1=fng (4749,1888)* [filtered=1128]
cnt=1 s1=fng (4749,1889)* [filtered=1128]
cnt=1 s1=fng (4749,1890)* [filtered=1128]
cnt=1 s1=fng (4749,1891)* [filtered=1128]
cnt=1 s1=fng (4749,1892)* [filtered=1128]
cnt=1 s1=fng (4749,1893)* [filtered=1128]
cnt=1 s1=fng (4749,1893)* [filtered=1128]
cnt=1 s1=fng (4749,1894)* [filtered=1128]
cnt=1 s1=fng (4749,1895)* [filtered=1128]
cnt=1 s1=fng (4749,1896)* [filtered=1128]
cnt=1 s1=fng (4749,1897)* [filtered=1128]
cnt=1 s1=fng (4749,1898)* [filtered=1128]
cnt=1 s1=fng (4749,1899)* [filtered=1128]
cnt=1 s1=fng (4749,1900)* [filtered=1128]
cnt=1 s1=fng (4749,1901)* [filtered=1128]
cnt=1 s1=fng (4749,1902)* [filtered=1128]
cnt=1 s1=fng (4749,1903)* [filtered=1128]
cnt=1 s1=fng (4749,1904)* [filtered=1128]
cnt=1 s1=fng (4749,1905)* [filtered=1128]
cnt=1 s1=fng (4749,1907)* [filtered=1128]
cnt=1 s1=fng (4749,1908)* [filtered=1128]
cnt=1 s1=fng (4749,1909)* [filtered=1128]
cnt=1 s1=fng (4749,1911)* [filtered=1128]
cnt=1 s1=fng (4749,1912)* [filtered=1128]
cnt=1 s1=fng (4749,1913)* [filtered=1128]
cnt=1 s1=fng (4749,1914)* [filtered=1128]
cnt=1 s1=fng (4749,1915)* [filtered=1128]
cnt=1 s1=fng (4749,1916)* [filtered=1128]
cnt=1 s1=fng (4750,1917)* [filtered=1128]
cnt=1 s1=fng (4750,1917)* [filtered=1128]
cnt=1 s1=fng (4750,1917)* [filtered=1128]
cnt=1 s1=fng (4751,1917)* [filtered=1128]
cnt=1 s1=fng (4752,1917)* [filtered=1128]
cnt=1 s1=fng (4753,1917)* [filtered=1128]
cnt=1 s1=fng (4754,1917)* [filtered=1128]
cnt=1 s1=fng (4755,1916)* [filtered=1128]
cnt=1 s1=fng (4756,1915)* [filtered=1128]
cnt=1 s1=fng (4757,1914)* [filtered=1128]
cnt=1 s1=fng (4757,1913)* [filtered=1128]
cnt=1 s1=fng (4757,1913)* [filtered=1128]
cnt=1 s1=fng (4757,1912)* [filtered=1128]
cnt=1 s1=fng (4757,1910)* [filtered=1128]
cnt=1 s1=fng (4757,1909)* [filtered=1128]
cnt=1 s1=fng (4757,1907)* [filtered=1128]
cnt=1 s1=fng (4757,1906)* [filtered=1128]
cnt=1 s1=fng (4757,1905)* [filtered=1128]
cnt=1 s1=fng (4757,1904)* [filtered=1128]
cnt=1 s1=fng (4757,1903)* [filtered=1128]
cnt=1 s1=fng (4757,1902)* [filtered=1128]
cnt=1 s1=fng (4757,1901)* [filtered=1128]
cnt=1 s1=fng (4757,1900)* [filtered=1128]
cnt=1 s1=fng (4757,1899)* [filtered=1128]
cnt=1 s1=fng (4756,1897)* [filtered=1128]
cnt=1 s1=fng (4756,1896)* [filtered=1128]
cnt=1 s1=fng (4755,1895)* [filtered=1128]
cnt=1 s1=fng (4754,1894)* [filtered=1128]
cnt=1 s1=fng (4753,1892)* [filtered=1128]
cnt=1 s1=fng (4752,1891)* [filtered=1128]
cnt=1 s1=fng (4751,1890)* [filtered=1128]
cnt=1 s1=fng (4751,1889)* [filtered=1128]
cnt=1 s1=fng (4751,1889)* [filtered=1128]
cnt=1 s1=fng (4751,1889)* [filtered=1128]
cnt=1 s1=fng (4751,1889)* [filtered=1128]
cnt=1 s1=fng (4751,1889)* [filtered=1128]
cnt=1 s1=fng (4751,1889)* [filtered=1128]
cnt=1 s1=fng (4751,1890)* [filtered=1128]
cnt=1 s1=fng (4751,1890)* [filtered=1128]
cnt=1 s1=fng (4751,1890)* [filtered=1128]
cnt=1 s1=fng (4751,1891)* [filtered=1128]
cnt=1 s1=fng (4751,1892)* [filtered=1128]
cnt=1 s1=fng (4751,1893)* [filtered=1128]
cnt=1 s1=fng (4751,1894)* [filtered=1128]
cnt=1 s1=fng (4751,1895)* [filtered=1128]
cnt=1 s1=fng (4751,1896)* [filtered=1128]
cnt=1 s1=fng (4751,1897)* [filtered=1128]
cnt=1 s1=fng (4751,1899)* [filtered=1128]
cnt=1 s1=fng (4751,1900)* [filtered=1128]
cnt=1 s1=fng (4751,1901)* [filtered=1128]
cnt=1 s1=fng (4751,1903)* [filtered=1128]
cnt=1 s1=fng (4751,1904)* [filtered=1128]
cnt=1 s1=fng (4751,1906)* [filtered=1128]
cnt=1 s1=fng (4751,1907)* [filtered=1128]
cnt=1 s1=fng (4751,1908)* [filtered=1128]
cnt=1 s1=fng (4751,1909)* [filtered=1128]
cnt=1 s1=fng (4751,1910)* [filtered=1128]
cnt=1 s1=fng (4751,1911)* [filtered=1128]
cnt=1 s1=fng (4751,1912)* [filtered=1128]
cnt=1 s1=fng (4751,1912)* [filtered=1128]
cnt=1 s1=fng (4751,1912)* [filtered=1128]
cnt=1 s1=fng (4751,1912)* [filtered=1128]
cnt=1 s1=fng (4751,1912)* [filtered=1128]
cnt=1 s1=fng (4750,1912)* [filtered=1128]
cnt=1 s1=fng (4750,1912)* [filtered=1128]
cnt=1 s1=fng (4749,1912)* [filtered=1128]
cnt=1 s1=fng (4748,1912)* [filtered=1128]
cnt=1 s1=fng (4748,1912)* [filtered=1128]
cnt=1 s1=fng (4747,1912)* [filtered=1128]
cnt=1 s1=fng (4746,1912)* [filtered=1128]
cnt=1 s1=fng (4745,1912)* [filtered=1128]
cnt=1 s1=fng (4745,1912)* [filtered=1128]
cnt=1 s1=fng (4744,1911)* [filtered=1128]
cnt=1 s1=fng (4742,1910)* [filtered=1128]
cnt=1 s1=fng (4740,1909)* [filtered=1128]
cnt=1 s1=fng (4738,1908)* [filtered=1128]
cnt=1 s1=fng (4737,1908)* [filtered=1128]
cnt=1 s1=fng (4734,1907) [filtered=1128]
cnt=1 s1=fng (4730,1905) [filtered=1128]
cnt=1 s1=fng (4725,1903) [filtered=1128]
cnt=1 s1=fng (4719,1900) [filtered=1128]
cnt=1 s1=fng (4714,1898) [filtered=1128]
cnt=1 s1=fng (4708,1894) [filtered=1128]
cnt=1 s1=fng (4701,1889) [filtered=1128]
cnt=1 s1=fng (4694,1884) [filtered=1128]
cnt=1 s1=fng (4688,1880) [filtered=1128]
cnt=1 s1=fng (4681,1875) [filtered=1128]
cnt=2 s0=PALM(257,2014) s1=PALM(4674,1870) [filtered=1129]
cnt=2 s0=PALM(257,2014) s1=PALM(4666,1864) [filtered=1130]
cnt=2 s0=PALM(257,2014) s1=PALM(4659,1859) [filtered=1131]
cnt=2 s0=PALM(257,2015) s1=PALM(4652,1852) [filtered=1132]
cnt=2 s0=PALM(258,2015) s1=PALM(4644,1844) [filtered=1133]
cnt=2 s0=PALM(259,2015) s1=PALM(4637,1836) [filtered=1134]
cnt=2 s0=PALM(260,2015) s1=PALM(4630,1828) [filtered=1135]
cnt=2 s0=PALM(261,2015) s1=PALM(4624,1820) [filtered=1136]
cnt=2 s0=PALM(262,2015) s1=PALM(4619,1812) [filtered=1137]
cnt=2 s0=PALM(264,2015) s1=PALM(4615,1804) [filtered=1138]
cnt=2 s0=PALM(267,2015) s1=PALM(4610,1796) [filtered=1139]
cnt=2 s0=PALM(269,2015) s1=PALM(4606,1789) [filtered=1140]
cnt=2 s0=PALM(272,2015) s1=PALM(4602,1782) [filtered=1141]
cnt=2 s0=PALM(275,2015) s1=PALM(4599,1775) [filtered=1142]
cnt=2 s0=PALM(276,2015) s1=PALM(4597,1768) [filtered=1143]
cnt=2 s0=PALM(277,2015) s1=PALM(4595,1762) [filtered=1144]
cnt=2 s0=PALM(277,2015) s1=PALM(4594,1757) [filtered=1145]
cnt=2 s0=PALM(277,2015) s1=PALM(4592,1752) [filtered=1146]
cnt=2 s0=PALM(277,2015) s1=PALM(4590,1746) [filtered=1147]
cnt=2 s0=PALM(277,2015) s1=PALM(4588,1740) [filtered=1148]
cnt=2 s0=PALM(277,2015)* s1=PALM(4587,1735) [filtered=1149]
cnt=2 s0=PALM(277,2015)* s1=PALM(4586,1731) [filtered=1150]
cnt=2 s0=PALM(277,2015)* s1=PALM(4585,1727) [filtered=1151]
cnt=2 s0=PALM(277,2015)* s1=PALM(4584,1722) [filtered=1152]
cnt=2 s0=PALM(277,2015)* s1=PALM(4583,1718) [filtered=1153]
cnt=2 s0=PALM(277,2015)* s1=PALM(4583,1715) [filtered=1154]
cnt=2 s0=PALM(277,2015)* s1=PALM(4583,1713) [filtered=1155]
cnt=2 s0=PALM(277,2015)* s1=PALM(4583,1711) [filtered=1156]
cnt=2 s0=PALM(277,2015)* s1=PALM(4583,1710) [filtered=1157]
cnt=2 s0=PALM(277,2015)* s1=PALM(4583,1709) [filtered=1158]
cnt=2 s0=PALM(277,2015)* s1=PALM(4583,1708) [filtered=1159]
cnt=2 s0=PALM(277,2015)* s1=PALM(4583,1707) [filtered=1160]
cnt=2 s0=PALM(277,2015)* s1=PALM(4582,1706) [filtered=1161]
cnt=2 s0=PALM(277,2015)* s1=PALM(4582,1706) [filtered=1162]
cnt=2 s0=PALM(277,2015)* s1=PALM(4581,1706) [filtered=1163]
cnt=2 s0=PALM(277,2015)* s1=PALM(4581,1706) [filtered=1164]
cnt=2 s0=PALM(277,2015)* s1=PALM(4581,1706) [filtered=1165]
cnt=2 s0=PALM(277,2015)* s1=PALM(4580,1706) [filtered=1166]
cnt=2 s0=PALM(277,2015)* s1=PALM(4579,1706) [filtered=1167]
cnt=2 s0=PALM(277,2015)* s1=PALM(4579,1706) [filtered=1168]
cnt=2 s0=PALM(277,2015)* s1=PALM(4579,1706) [filtered=1169]
cnt=2 s0=PALM(277,2015)* s1=PALM(4578,1706) [filtered=1170]
cnt=2 s0=PALM(277,2015)* s1=PALM(4578,1706) [filtered=1171]
cnt=2 s0=PALM(277,2015)* s1=PALM(4577,1706) [filtered=1172]
cnt=2 s0=PALM(277,2015)* s1=PALM(4577,1706)* [filtered=1173]
cnt=2 s0=PALM(277,2015)* s1=PALM(4577,1706)* [filtered=1174]
cnt=2 s0=PALM(277,2015)* s1=PALM(4576,1707)* [filtered=1175]
cnt=2 s0=PALM(277,2015)* s1=PALM(4575,1708)* [filtered=1176]
cnt=2 s0=PALM(277,2015)* s1=PALM(4575,1708)* [filtered=1177]
cnt=2 s0=PALM(277,2015)* s1=PALM(4575,1708)* [filtered=1178]
cnt=2 s0=PALM(277,2015)* s1=PALM(4574,1709)* [filtered=1179]
cnt=2 s0=PALM(277,2015)* s1=PALM(4574,1710)* [filtered=1180]
cnt=2 s0=PALM(277,2015)* s1=PALM(4574,1711)* [filtered=1181]
cnt=2 s0=PALM(277,2015)* s1=PALM(4574,1711)* [filtered=1182]
cnt=2 s0=PALM(277,2015)* s1=PALM(4574,1712)* [filtered=1183]
cnt=2 s0=PALM(277,2015)* s1=PALM(4574,1714)* [filtered=1184]
cnt=2 s0=PALM(277,2015)* s1=PALM(4575,1716)* [filtered=1185]
cnt=2 s0=PALM(277,2015)* s1=PALM(4575,1719)* [filtered=1186]
cnt=2 s0=PALM(277,2015)* s1=PALM(4575,1720)* [filtered=1187]
cnt=2 s0=PALM(277,2015)* s1=PALM(4576,1723) [filtered=1188]
cnt=2 s0=PALM(277,2015)* s1=PALM(4578,1728) [filtered=1189]
cnt=2 s0=PALM(277,2015)* s1=PALM(4580,1733) [filtered=1190]
cnt=2 s0=PALM(277,2015)* s1=PALM(4583,1740) [filtered=1191]
cnt=2 s0=PALM(277,2015)* s1=PALM(4585,1746) [filtered=1192]
cnt=2 s0=PALM(277,2015)* s1=PALM(4588,1753) [filtered=1193]
cnt=2 s0=PALM(277,2015)* s1=PALM(4592,1761) [filtered=1194]
cnt=2 s0=PALM(277,2015)* s1=PALM(4596,1769) [filtered=1195]
cnt=2 s0=PALM(277,2015)* s1=PALM(4599,1776) [filtered=1196]
cnt=2 s0=PALM(277,2015)* s1=PALM(4604,1784) [filtered=1197]
cnt=2 s0=PALM(277,2015)* s1=PALM(4609,1792) [filtered=1198]
cnt=2 s0=PALM(277,2015)* s1=PALM(4614,1800) [filtered=1199]
cnt=2 s0=PALM(277,2015)* s1=PALM(4619,1807) [filtered=1200]
cnt=2 s0=PALM(277,2015)* s1=PALM(4624,1813) [filtered=1201]
cnt=2 s0=PALM(277,2015)* s1=PALM(4629,1819) [filtered=1202]
cnt=2 s0=PALM(277,2015)* s1=PALM(4634,1825) [filtered=1203]
cnt=2 s0=PALM(277,2015)* s1=PALM(4639,1830) [filtered=1204]
cnt=2 s0=PALM(277,2015)* s1=PALM(4644,1835) [filtered=1205]
cnt=1 s1=fng (4644,1835) [filtered=1205]
cnt=1 s1=fng (4648,1839) [filtered=1205]
cnt=1 s1=fng (4651,1842) [filtered=1205]
cnt=1 s1=fng (4653,1844) [filtered=1205]
cnt=1 s1=fng (4656,1847) [filtered=1205]
cnt=1 s1=fng (4659,1849) [filtered=1205]
cnt=1 s1=fng (4661,1850) [filtered=1205]
cnt=1 s1=fng (4665,1851) [filtered=1205]
cnt=1 s1=fng (4668,1852) [filtered=1205]
cnt=1 s1=fng (4671,1854) [filtered=1205]
cnt=1 s1=fng (4674,1856) [filtered=1205]
cnt=1 s1=fng (4676,1857) [filtered=1205]
cnt=1 s1=fng (4678,1858) [filtered=1205]
cnt=1 s1=fng (4681,1860) [filtered=1205]
cnt=1 s1=fng (4684,1862) [filtered=1205]
cnt=1 s1=fng (4687,1864) [filtered=1205]
cnt=1 s1=fng (4689,1865) [filtered=1205]
cnt=1 s1=fng (4692,1867) [filtered=1205]
cnt=1 s1=fng (4694,1870) [filtered=1205]
cnt=1 s1=fng (4696,1873) [filtered=1205]
cnt=1 s1=fng (4698,1876) [filtered=1205]
cnt=1 s1=fng (4699,1877) [filtered=1205]
cnt=1 s1=fng (4701,1879) [filtered=1205]
cnt=1 s1=fng (4703,1881) [filtered=1205]
cnt=1 s1=fng (4704,1884) [filtered=1205]
cnt=1 s1=fng (4705,1885) [filtered=1205]
cnt=1 s1=fng (4706,1887) [filtered=1205]
cnt=1 s1=fng (4707,1890) [filtered=1205]
cnt=1 s1=fng (4708,1893) [filtered=1205]
cnt=1 s1=fng (4709,1896) [filtered=1205]
cnt=1 s1=fng (4710,1897) [filtered=1205]
cnt=1 s1=fng (4711,1899) [filtered=1205]
cnt=1 s1=fng (4712,1901) [filtered=1205]
cnt=1 s1=fng (4712,1903) [filtered=1205]
cnt=1 s1=fng (4712,1905) [filtered=1205]
cnt=1 s1=fng (4712,1906) [filtered=1205]
cnt=1 s1=fng (4712,1907) [filtered=1205]
cnt=1 s1=fng (4712,1908) [filtered=1205]
cnt=1 s1=fng (4712,1909) [filtered=1205]
cnt=1 s1=fng (4712,1910) [filtered=1205]
cnt=1 s1=fng (4712,1911) [filtered=1205]
cnt=1 s1=fng (4712,1912) [filtered=1205]
cnt=1 s1=fng (4712,1913) [filtered=1205]
cnt=1 s1=fng (4713,1913) [filtered=1205]
cnt=1 s1=fng (4713,1913) [filtered=1205]
cnt=1 s1=fng (4714,1914) [filtered=1205]
cnt=1 s1=fng (4715,1914) [filtered=1205]
cnt=1 s1=fng (4716,1915) [filtered=1205]
cnt=1 s1=fng (4717,1916) [filtered=1205]
cnt=1 s1=fng (4718,1916)* [filtered=1205]
cnt=1 s1=fng (4719,1916)* [filtered=1205]
cnt=1 s1=fng (4720,1917)* [filtered=1205]
cnt=1 s1=fng (4721,1917)* [filtered=1205]
cnt=1 s1=fng (4721,1917)* [filtered=1205]
cnt=1 s1=fng (4721,1918)* [filtered=1205]
cnt=1 s1=fng (4721,1919)* [filtered=1205]
cnt=1 s1=fng (4721,1919)* [filtered=1205]
cnt=1 s0=fng (4731,1933) [filtered=1205]
cnt=1 s0=fng (4731,1933) [filtered=1205]
cnt=1 s0=fng (4731,1933) [filtered=1205]
cnt=1 s0=fng (4731,1933) [filtered=1205]
cnt=1 s0=fng (4731,1933) [filtered=1205]
cnt=1 s0=fng (4731,1933) [filtered=1205]
cnt=1 s0=fng (4731,1933) [filtered=1205]
cnt=1 s0=fng (4731,1933) [filtered=1205]
cnt=1 s0=fng (4731,1933) [filtered=1205]
cnt=1 s0=fng (4731,1933) [filtered=1205]
cnt=1 s0=fng (4731,1933) [filtered=1205]
cnt=1 s0=fng (4731,1933) [filtered=1205]
cnt=1 s0=fng (4731,1933) [filtered=1205]
cnt=1 s0=fng (4731,1933) [filtered=1205]
cnt=1 s0=fng (4731,1933) [filtered=1205]
cnt=1 s0=fng (4731,1934) [filtered=1205]
cnt=1 s0=fng (4731,1935) [filtered=1205]
cnt=1 s0=fng (4731,1935) [filtered=1205]
cnt=1 s0=fng (4731,1935) [filtered=1205]
cnt=1 s0=fng (4731,1936) [filtered=1205]
cnt=1 s0=fng (4731,1936)* [filtered=1205]
cnt=1 s0=fng (4731,1936)* [filtered=1205]
cnt=1 s0=fng (4731,1936)* [filtered=1205]
cnt=1 s0=fng (4731,1936)* [filtered=1205]
cnt=1 s0=fng (4731,1936)* [filtered=1205]
cnt=1 s0=fng (4731,1936)* [filtered=1205]
cnt=1 s0=fng (4731,1936)* [filtered=1205]
cnt=1 s0=fng (4731,1936)* [filtered=1205]
cnt=1 s0=fng (4731,1936)* [filtered=1205]
cnt=1 s0=fng (4731,1936)* [filtered=1205]
cnt=1 s0=fng (4731,1936)* [filtered=1205]
cnt=1 s0=fng (4731,1936)* [filtered=1205]
cnt=1 s0=fng (4731,1936)* [filtered=1205]
cnt=1 s0=fng (4731,1936)* [filtered=1205]
cnt=1 s0=fng (4731,1936)* [filtered=1205]
cnt=1 s0=fng (4731,1936)* [filtered=1205]
cnt=1 s0=fng (4732,1936)* [filtered=1205]
cnt=1 s0=fng (4732,1936)* [filtered=1205]
cnt=1 s0=fng (4732,1936)* [filtered=1205]
cnt=1 s0=fng (4733,1936)* [filtered=1205]
cnt=1 s0=fng (4734,1936)* [filtered=1205]
cnt=1 s0=fng (4735,1936)* [filtered=1205]
cnt=1 s0=fng (4736,1936)* [filtered=1205]
cnt=1 s0=fng (4736,1936)* [filtered=1205]
cnt=1 s0=fng (4737,1936)* [filtered=1205]
cnt=1 s0=fng (4737,1936)* [filtered=1205]
cnt=2 s0=PALM(4737,1936)* s1=fng (1370,17) [filtered=1206]
cnt=2 s0=PALM(4738,1936)* s1=fng (1370,17) [filtered=1207]
cnt=2 s0=PALM(4739,1936)* s1=fng (1370,17) [filtered=1208]
cnt=2 s0=PALM(4740,1936)* s1=fng (1370,17) [filtered=1209]
cnt=2 s0=PALM(4741,1936)* s1=fng (1370,17) [filtered=1210]
cnt=2 s0=PALM(4741,1936)* s1=fng (1370,17) [filtered=1211]
cnt=2 s0=PALM(4741,1936)* s1=fng (1370,17) [filtered=1212]
cnt=2 s0=PALM(4741,1936)* s1=fng (1370,17) [filtered=1213]
cnt=2 s0=PALM(4741,1936)* s1=fng (1370,17) [filtered=1214]
cnt=2 s0=PALM(4741,1936)* s1=fng (1370,17) [filtered=1215]
cnt=2 s0=PALM(4741,1936)* s1=fng (1370,17) [filtered=1216]
cnt=2 s0=PALM(4741,1936)* s1=fng (1370,17) [filtered=1217]
cnt=2 s0=PALM(4741,1935)* s1=fng (1370,17) [filtered=1218]
cnt=2 s0=PALM(4741,1934)* s1=fng (1370,17) [filtered=1219]
cnt=2 s0=PALM(4741,1934)* s1=fng (1370,17) [filtered=1220]
cnt=2 s0=PALM(4741,1933)* s1=fng (1369,17) [filtered=1221]
cnt=2 s0=PALM(4741,1932)* s1=fng (1369,17) [filtered=1222]
cnt=2 s0=PALM(4741,1931)* s1=fng (1368,17) [filtered=1223]
cnt=2 s0=PALM(4741,1930)* s1=fng (1367,17) [filtered=1224]
cnt=2 s0=PALM(4741,1930)* s1=fng (1366,17) [filtered=1225]
cnt=2 s0=PALM(4741,1929)* s1=PALM(1365,17)* [filtered=1226]
cnt=2 s0=PALM(4741,1929)* s1=PALM(1364,17)* [filtered=1227]
cnt=2 s0=PALM(4741,1928)* s1=PALM(1362,17)* [filtered=1228]
cnt=2 s0=PALM(4741,1928)* s1=PALM(1361,17)* [filtered=1229]
cnt=2 s0=PALM(4741,1927)* s1=PALM(1360,17)* [filtered=1230]
cnt=2 s0=PALM(4742,1927)* s1=PALM(1359,17)* [filtered=1231]
cnt=1 s0=fng (4743,1927)* [filtered=1231]
cnt=1 s0=fng (4744,1927)* [filtered=1231]
cnt=1 s0=fng (4745,1927)* [filtered=1231]
cnt=1 s0=fng (4746,1927)* [filtered=1231]
cnt=1 s0=fng (4746,1927)* [filtered=1231]
cnt=1 s0=fng (4746,1927)* [filtered=1231]
cnt=1 s0=fng (4746,1927)* [filtered=1231]
cnt=1 s0=fng (4746,1927)* [filtered=1231]
cnt=1 s0=fng (4746,1927)* [filtered=1231]
cnt=1 s0=fng (4746,1927)* [filtered=1231]
cnt=1 s0=fng (4746,1927)* [filtered=1231]
cnt=1 s0=fng (4746,1927)* [filtered=1231]
cnt=1 s0=fng (4746,1927)* [filtered=1231]
cnt=1 s0=fng (4746,1927)* [filtered=1231]
cnt=1 s0=fng (4746,1927)* [filtered=1231]
cnt=1 s0=fng (4746,1927)* [filtered=1231]
cnt=1 s0=fng (4746,1927)* [filtered=1231]
cnt=1 s0=fng (4746,1927)* [filtered=1231]
cnt=1 s0=fng (4746,1927)* [filtered=1231]
cnt=1 s0=fng (4746,1927)* [filtered=1231]
cnt=1 s0=fng (4746,1927)* [filtered=1231]
cnt=1 s0=fng (4746,1927)* [filtered=1231]
cnt=1 s0=fng (4746,1928)* [filtered=1231]
cnt=1 s0=fng (4746,1928)* [filtered=1231]
cnt=1 s0=fng (4747,1929)* [filtered=1231]
cnt=1 s0=fng (4748,1929)* [filtered=1231]
cnt=1 s0=fng (4748,1929)* [filtered=1231]
cnt=1 s0=fng (4749,1930)* [filtered=1231]
cnt=1 s0=fng (4750,1931)* [filtered=1231]
cnt=1 s0=fng (4751,1932)* [filtered=1231]
cnt=1 s0=fng (4752,1934)* [filtered=1231]
cnt=1 s0=fng (4752,1935)* [filtered=1231]
cnt=1 s0=fng (4753,1936)* [filtered=1231]
cnt=1 s0=fng (4762,1923) [filtered=1231]
cnt=1 s0=fng (4762,1923) [filtered=1231]
cnt=1 s0=fng (4762,1923) [filtered=1231]
cnt=1 s0=fng (4762,1923) [filtered=1231]
cnt=1 s0=fng (4762,1923) [filtered=1231]
cnt=1 s0=fng (4762,1923) [filtered=1231]
cnt=1 s0=fng (4762,1923) [filtered=1231]
cnt=1 s0=fng (4762,1923) [filtered=1231]
cnt=1 s0=fng (4762,1923) [filtered=1231]
cnt=1 s0=fng (4762,1923) [filtered=1231]
cnt=1 s0=fng (4762,1923) [filtered=1231]
cnt=1 s0=fng (4762,1923) [filtered=1231]
cnt=1 s0=fng (4762,1923) [filtered=1231]
cnt=1 s0=fng (4762,1923) [filtered=1231]
cnt=1 s0=fng (4762,1923) [filtered=1231]
cnt=1 s0=fng (4762,1923) [filtered=1231]
cnt=1 s0=fng (4762,1923) [filtered=1231]
cnt=1 s0=fng (4762,1923) [filtered=1231]
cnt=1 s0=fng (4762,1923) [filtered=1231]
cnt=1 s0=fng (4762,1923) [filtered=1231]
cnt=1 s0=fng (4762,1923)* [filtered=1231]
cnt=1 s0=fng (4762,1923)* [filtered=1231]
cnt=1 s0=fng (4762,1923)* [filtered=1231]
cnt=1 s0=fng (4762,1923)* [filtered=1231]
cnt=1 s0=fng (4762,1923)* [filtered=1231]
cnt=1 s0=fng (4762,1923)* [filtered=1231]
cnt=2 s0=PALM(4762,1923)* s1=fng (1407,34) [filtered=1232]
cnt=2 s0=PALM(4762,1923)* s1=fng (1407,34) [filtered=1233]
cnt=2 s0=PALM(4762,1923)* s1=fng (1407,34) [filtered=1234]
cnt=2 s0=PALM(4762,1923)* s1=fng (1407,34) [filtered=1235]
cnt=2 s0=PALM(4762,1923)* s1=fng (1407,34) [filtered=1236]
cnt=2 s0=PALM(4762,1923)* s1=fng (1407,34) [filtered=1237]
cnt=2 s0=PALM(4762,1923)* s1=fng (1407,34) [filtered=1238]
cnt=2 s0=PALM(4762,1924)* s1=fng (1407,34) [filtered=1239]
cnt=2 s0=PALM(4762,1924)* s1=fng (1407,34) [filtered=1240]
cnt=2 s0=PALM(4762,1924)* s1=fng (1407,34) [filtered=1241]
cnt=2 s0=PALM(4762,1924)* s1=fng (1407,34) [filtered=1242]
cnt=2 s0=PALM(4762,1925)* s1=fng (1407,34) [filtered=1243]
cnt=2 s0=PALM(4762,1925)* s1=fng (1407,34) [filtered=1244]
cnt=2 s0=PALM(4762,1925)* s1=fng (1407,34) [filtered=1245]
cnt=2 s0=PALM(4762,1926)* s1=fng (1407,34) [filtered=1246]
cnt=2 s0=PALM(4762,1927)* s1=fng (1407,34) [filtered=1247]
cnt=2 s0=PALM(4762,1927)* s1=fng (1407,34) [filtered=1248]
cnt=2 s0=PALM(4762,1927)* s1=fng (1407,34) [filtered=1249]
cnt=2 s0=PALM(4762,1927)* s1=fng (1407,34) [filtered=1250]
cnt=2 s0=PALM(4761,1928)* s1=fng (1407,34) [filtered=1251]
cnt=2 s0=PALM(4759,1928)* s1=PALM(1407,34)* [filtered=1252]
cnt=2 s0=PALM(4758,1928)* s1=PALM(1406,34)* [filtered=1253]
cnt=2 s0=PALM(4757,1928)* s1=PALM(1406,34)* [filtered=1254]
cnt=2 s0=PALM(4756,1928)* s1=PALM(1406,34)* [filtered=1255]
cnt=2 s0=PALM(4755,1928)* s1=PALM(1406,34)* [filtered=1256]
cnt=1 s0=fng (4754,1928)* [filtered=1256]
cnt=1 s0=fng (4754,1927)* [filtered=1256]
cnt=1 s0=fng (4754,1927)* [filtered=1256]
cnt=1 s0=fng (4754,1927)* [filtered=1256]
cnt=1 s0=fng (4754,1927)* [filtered=1256]
cnt=1 s0=fng (4754,1927)* [filtered=1256]
cnt=1 s0=fng (4754,1927)* [filtered=1256]
cnt=1 s0=fng (4754,1926)* [filtered=1256]
cnt=1 s0=fng (4754,1925)* [filtered=1256]
cnt=1 s0=fng (4754,1925)* [filtered=1256]
cnt=1 s0=fng (4754,1924)* [filtered=1256]
cnt=1 s0=fng (4754,1924)* [filtered=1256]
cnt=1 s0=fng (4754,1924)* [filtered=1256]
cnt=1 s0=fng (4754,1923)* [filtered=1256]
cnt=1 s0=fng (4754,1923)* [filtered=1256]
cnt=1 s0=fng (4754,1922)* [filtered=1256]
cnt=1 s0=fng (4754,1922)* [filtered=1256]
cnt=1 s0=fng (4754,1921)* [filtered=1256]
cnt=1 s0=fng (4754,1921)* [filtered=1256]
cnt=1 s0=fng (4754,1920)* [filtered=1256]
cnt=1 s0=fng (4754,1920)* [filtered=1256]
cnt=1 s0=fng (4754,1920)* [filtered=1256]
cnt=1 s0=fng (4754,1919)* [filtered=1256]
cnt=1 s0=fng (4754,1919)* [filtered=1256]
cnt=1 s0=fng (4754,1918)* [filtered=1256]
cnt=1 s0=fng (4754,1918)* [filtered=1256]
cnt=1 s0=fng (4754,1917)* [filtered=1256]
cnt=1 s0=fng (4754,1917)* [filtered=1256]
cnt=1 s0=fng (4754,1916)* [filtered=1256]
cnt=1 s0=fng (4754,1916)* [filtered=1256]
cnt=1 s0=fng (4754,1916)* [filtered=1256]
cnt=1 s0=fng (4754,1916)* [filtered=1256]
cnt=1 s0=fng (4754,1916)* [filtered=1256]
cnt=1 s0=fng (4754,1916)* [filtered=1256]
cnt=1 s0=fng (4754,1916)* [filtered=1256]
cnt=1 s0=fng (4754,1916)* [filtered=1256]
cnt=1 s0=fng (4754,1916)* [filtered=1256]
cnt=1 s0=fng (4754,1916)* [filtered=1256]
cnt=1 s0=fng (4754,1915)* [filtered=1256]
cnt=1 s0=fng (4754,1915)* [filtered=1256]
cnt=1 s0=fng (4754,1915)* [filtered=1256]
cnt=1 s0=fng (4754,1915)* [filtered=1256]
cnt=1 s0=fng (4754,1915)* [filtered=1256]
cnt=1 s0=fng (4754,1914)* [filtered=1256]
cnt=1 s0=fng (4754,1914)* [filtered=1256]
cnt=1 s0=fng (4754,1914)* [filtered=1256]
cnt=1 s0=fng (4754,1913)* [filtered=1256]
cnt=1 s0=fng (4754,1913)* [filtered=1256]
cnt=1 s0=fng (4754,1912)* [filtered=1256]
cnt=1 s0=fng (4754,1912)* [filtered=1256]
cnt=1 s0=fng (4754,1912)* [filtered=1256]
cnt=1 s0=fng (4754,1911)* [filtered=1256]
cnt=1 s0=fng (4754,1910)* [filtered=1256]
cnt=1 s0=fng (4754,1910)* [filtered=1256]
cnt=1 s0=fng (4754,1910)* [filtered=1256]
cnt=1 s0=fng (4754,1909)* [filtered=1256]
cnt=1 s0=fng (4754,1909)* [filtered=1256]
cnt=1 s0=fng (4754,1908)* [filtered=1256]
cnt=1 s0=fng (4754,1908)* [filtered=1256]
cnt=1 s0=fng (4754,1908)* [filtered=1256]
cnt=1 s0=fng (4754,1908)* [filtered=1256]
cnt=1 s0=fng (4754,1908)* [filtered=1256]
cnt=1 s0=fng (4754,1908)* [filtered=1256]
cnt=1 s0=fng (4754,1908)* [filtered=1256]
cnt=1 s0=fng (4754,1908)* [filtered=1256]
cnt=1 s0=fng (4754,1908)* [filtered=1256]
cnt=1 s0=fng (4754,1908)* [filtered=1256]
cnt=1 s0=fng (4754,1908)* [filtered=1256]
cnt=1 s0=fng (4754,1908)* [filtered=1256]
cnt=1 s0=fng (4754,1908)* [filtered=1256]
cnt=1 s0=fng (4754,1908)* [filtered=1256]
cnt=1 s0=fng (4754,1908)* [filtered=1256]
cnt=1 s0=fng (4754,1908)* [filtered=1256]
cnt=1 s0=fng (4754,1908)* [filtered=1256]
cnt=1 s0=fng (4754,1908)* [filtered=1256]
cnt=1 s0=fng (4754,1908)* [filtered=1256]
cnt=1 s0=fng (4754,1908)* [filtered=1256]
cnt=1 s0=fng (4754,1908)* [filtered=1256]
cnt=1 s0=fng (4754,1908)* [filtered=1256]
cnt=1 s0=fng (4754,1908)* [filtered=1256]
cnt=1 s0=fng (4754,1908)* [filtered=1256]
cnt=1 s0=fng (4754,1908)* [filtered=1256]
cnt=1 s0=fng (4754,1908)* [filtered=1256]
cnt=1 s0=fng (4754,1908)* [filtered=1256]
cnt=1 s0=fng (4754,1908)* [filtered=1256]
cnt=1 s0=fng (4754,1908)* [filtered=1256]
cnt=1 s0=fng (4754,1908)* [filtered=1256]
cnt=1 s0=fng (4754,1908)* [filtered=1256]
cnt=1 s0=fng (4754,1908)* [filtered=1256]
cnt=1 s0=fng (4754,1908)* [filtered=1256]
cnt=1 s0=fng (4754,1908)* [filtered=1256]
cnt=1 s0=fng (4754,1908)* [filtered=1256]
cnt=1 s0=fng (4754,1908)* [filtered=1256]
cnt=1 s0=fng (4754,1908)* [filtered=1256]
cnt=1 s0=fng (4754,1908)* [filtered=1256]
cnt=1 s0=fng (4754,1908)* [filtered=1256]
cnt=1 s0=fng (4754,1908)* [filtered=1256]
cnt=1 s0=fng (4754,1908)* [filtered=1256]
cnt=1 s0=fng (4754,1908)* [filtered=1256]
cnt=1 s0=fng (4754,1908)* [filtered=1256]
cnt=1 s0=fng (4754,1908)* [filtered=1256]
cnt=1 s0=fng (4754,1908)* [filtered=1256]
cnt=1 s0=fng (4754,1908)* [filtered=1256]
cnt=1 s0=fng (4754,1908)* [filtered=1256]
cnt=1 s0=fng (4754,1908)* [filtered=1256]
cnt=1 s0=fng (4754,1908)* [filtered=1256]
cnt=1 s0=fng (4754,1908)* [filtered=1256]
cnt=1 s0=fng (4754,1908)* [filtered=1256]
cnt=1 s0=fng (4754,1908)* [filtered=1256]
cnt=1 s0=fng (4754,1908)* [filtered=1256]
cnt=1 s0=fng (4754,1908)* [filtered=1256]
cnt=1 s0=fng (4754,1908)* [filtered=1256]
cnt=1 s0=fng (4754,1908)* [filtered=1256]
cnt=1 s0=fng (4754,1908)* [filtered=1256]
cnt=1 s0=fng (4754,1907)* [filtered=1256]
cnt=1 s0=fng (4754,1907)* [filtered=1256]
cnt=1 s0=fng (4754,1906)* [filtered=1256]
cnt=1 s0=fng (4754,1906)* [filtered=1256]
cnt=1 s0=fng (4754,1905)* [filtered=1256]
cnt=1 s0=fng (4754,1904)* [filtered=1256]
cnt=1 s0=fng (4754,1904)* [filtered=1256]
cnt=1 s0=fng (4754,1903)* [filtered=1256]
cnt=1 s0=fng (4754,1902)* [filtered=1256]
cnt=1 s0=fng (4754,1901)* [filtered=1256]
cnt=1 s0=fng (4754,1900)* [filtered=1256]
cnt=1 s0=fng (4754,1899)* [filtered=1256]
cnt=1 s0=fng (4754,1898)* [filtered=1256]
cnt=1 s0=fng (4754,1896)* [filtered=1256]
cnt=1 s0=fng (4754,1895)* [filtered=1256]
cnt=1 s0=fng (4754,1894)* [filtered=1256]
cnt=1 s0=fng (4754,1893)* [filtered=1256]
cnt=1 s0=fng (4754,1891)* [filtered=1256]
cnt=1 s0=fng (4754,1890)* [filtered=1256]
cnt=1 s0=fng (4754,1888)* [filtered=1256]
cnt=1 s0=fng (4754,1887)* [filtered=1256]
cnt=1 s0=fng (4754,1886)* [filtered=1256]
cnt=1 s0=fng (4754,1884)* [filtered=1256]
cnt=1 s0=fng (4754,1882)* [filtered=1256]
cnt=1 s0=fng (4754,1880)* [filtered=1256]
cnt=1 s0=fng (4754,1879)* [filtered=1256]
cnt=1 s0=fng (4754,1877)* [filtered=1256]
cnt=1 s0=fng (4754,1875)* [filtered=1256]
cnt=1 s0=fng (4754,1873)* [filtered=1256]
cnt=1 s0=fng (4754,1872)* [filtered=1256]
cnt=1 s0=fng (4755,1871)* [filtered=1256]
cnt=1 s0=fng (4756,1869)* [filtered=1256]
cnt=1 s0=fng (4757,1867)* [filtered=1256]
cnt=1 s0=fng (4762,1930) [filtered=1256]
cnt=1 s0=fng (4762,1930) [filtered=1256]
cnt=1 s0=fng (4762,1930) [filtered=1256]
cnt=1 s0=fng (4762,1931) [filtered=1256]
cnt=1 s0=fng (4762,1931) [filtered=1256]
cnt=1 s0=fng (4762,1932) [filtered=1256]
cnt=1 s0=fng (4762,1933) [filtered=1256]
cnt=1 s0=fng (4762,1933) [filtered=1256]
cnt=1 s0=fng (4762,1933) [filtered=1256]
cnt=1 s0=fng (4762,1934) [filtered=1256]
cnt=1 s0=fng (4762,1935) [filtered=1256]
cnt=1 s0=fng (4762,1936) [filtered=1256]
cnt=1 s0=fng (4762,1936) [filtered=1256]
cnt=1 s0=fng (4762,1937) [filtered=1256]
cnt=1 s0=fng (4762,1938) [filtered=1256]
cnt=1 s0=fng (4762,1963) [filtered=1256]
cnt=1 s0=fng (4762,1963) [filtered=1256]
cnt=1 s0=fng (4762,1963) [filtered=1256]
cnt=1 s0=fng (4762,1963) [filtered=1256]
cnt=1 s0=fng (4762,1963) [filtered=1256]
cnt=1 s0=fng (4762,1963) [filtered=1256]
cnt=1 s0=fng (4762,1963) [filtered=1256]
cnt=1 s0=fng (4762,1963) [filtered=1256]
cnt=1 s0=fng (4762,1963) [filtered=1256]
cnt=1 s0=fng (4762,1963) [filtered=1256]
cnt=1 s0=fng (4762,1963) [filtered=1256]
cnt=1 s0=fng (4762,1963) [filtered=1256]
cnt=1 s0=fng (4762,1963) [filtered=1256]
cnt=1 s0=fng (4762,1963) [filtered=1256]
cnt=1 s0=fng (4762,1963) [filtered=1256]
cnt=1 s0=fng (4762,1963) [filtered=1256]
cnt=1 s0=fng (4762,1962) [filtered=1256]
cnt=1 s0=fng (4762,1962) [filtered=1256]
cnt=1 s0=fng (4762,1962) [filtered=1256]
cnt=1 s0=fng (4762,1961) [filtered=1256]
cnt=1 s0=fng (4762,1960)* [filtered=1256]
cnt=1 s0=fng (4762,1959)* [filtered=1256]
cnt=1 s0=fng (4762,1959)* [filtered=1256]
cnt=1 s0=fng (4762,1958)* [filtered=1256]
cnt=1 s0=fng (4762,1957)* [filtered=1256]
cnt=1 s0=fng (4762,1956)* [filtered=1256]
cnt=1 s0=fng (4762,1955)* [filtered=1256]
cnt=1 s0=fng (4762,1954)* [filtered=1256]
cnt=1 s0=fng (4762,1953)* [filtered=1256]
cnt=1 s0=fng (4762,1952)* [filtered=1256]
cnt=1 s0=fng (4762,1950)* [filtered=1256]
cnt=1 s0=fng (4762,1949)* [filtered=1256]
cnt=1 s0=fng (4762,1948)* [filtered=1256]
cnt=1 s0=fng (4762,1946)* [filtered=1256]
cnt=1 s0=fng (4762,1945)* [filtered=1256]
cnt=1 s0=fng (4762,1944)* [filtered=1256]
cnt=1 s0=fng (4762,1943)* [filtered=1256]
cnt=1 s0=fng (4762,1942)* [filtered=1256]
cnt=1 s0=fng (4762,1942)* [filtered=1256]
cnt=1 s0=fng (4762,1941)* [filtered=1256]
cnt=1 s0=fng (4762,1941)* [filtered=1256]
cnt=1 s0=fng (4762,1941)* [filtered=1256]
cnt=1 s0=fng (4762,1941)* [filtered=1256]
cnt=1 s0=fng (4762,1941)* [filtered=1256]
cnt=1 s0=fng (4762,1942)* [filtered=1256]
cnt=1 s0=fng (4762,1942)* [filtered=1256]
cnt=1 s0=fng (4762,1942)* [filtered=1256]
cnt=1 s0=fng (4762,1943)* [filtered=1256]
cnt=1 s0=fng (4762,1944)* [filtered=1256]
cnt=1 s0=fng (4762,1945)* [filtered=1256]
cnt=1 s0=fng (4762,1946)* [filtered=1256]
cnt=1 s0=fng (4762,1947)* [filtered=1256]
cnt=1 s0=fng (4762,1948)* [filtered=1256]
cnt=1 s0=fng (4762,1949)* [filtered=1256]
cnt=1 s0=fng (4762,1950)* [filtered=1256]
cnt=1 s0=fng (4762,1950)* [filtered=1256]
cnt=1 s0=fng (4762,1951)* [filtered=1256]
cnt=1 s0=fng (4762,1952)* [filtered=1256]
cnt=1 s0=fng (4762,1953)* [filtered=1256]
cnt=1 s0=fng (4762,1954)* [filtered=1256]
cnt=1 s0=fng (4762,1955)* [filtered=1256]
cnt=1 s0=fng (4762,1956)* [filtered=1256]
cnt=1 s0=fng (4762,1957)* [filtered=1256]
cnt=1 s0=fng (4762,1958)* [filtered=1256]
cnt=1 s0=fng (4762,1958)* [filtered=1256]
cnt=1 s0=fng (4762,1958)* [filtered=1256]
cnt=1 s0=fng (4762,1959)* [filtered=1256]
cnt=1 s0=fng (4762,1959)* [filtered=1256]
cnt=1 s0=fng (4762,1959)* [filtered=1256]
cnt=1 s0=fng (4762,1959)* [filtered=1256]
cnt=1 s0=fng (4762,1959)* [filtered=1256]
cnt=1 s0=fng (4762,1958)* [filtered=1256]
cnt=1 s0=fng (4762,1958)* [filtered=1256]
cnt=1 s0=fng (4762,1957)* [filtered=1256]
cnt=1 s0=fng (4762,1957)* [filtered=1256]
cnt=1 s0=fng (4762,1956)* [filtered=1256]
cnt=1 s0=fng (4762,1955)* [filtered=1256]
cnt=1 s0=fng (4762,1953)* [filtered=1256]
cnt=1 s0=fng (4762,1951)* [filtered=1256]
cnt=1 s0=fng (4762,1950)* [filtered=1256]
cnt=1 s0=fng (4762,1949)* [filtered=1256]
cnt=1 s0=fng (4762,1948)* [filtered=1256]
cnt=1 s0=fng (4762,1947)* [filtered=1256]
cnt=1 s0=fng (4762,1946)* [filtered=1256]
cnt=1 s0=fng (4762,1946)* [filtered=1256]
cnt=1 s0=fng (4762,1946)* [filtered=1256]
cnt=1 s0=fng (4762,1946)* [filtered=1256]
cnt=1 s0=fng (4762,1946)* [filtered=1256]
cnt=1 s0=fng (4762,1989) [filtered=1256]
cnt=1 s0=fng (4762,1989) [filtered=1256]
cnt=1 s0=fng (4762,1989) [filtered=1256]
cnt=1 s0=fng (4762,1989) [filtered=1256]
cnt=1 s0=fng (4762,1989) [filtered=1256]
cnt=1 s0=fng (4762,1989) [filtered=1256]
cnt=1 s0=fng (4762,1989) [filtered=1256]
cnt=1 s0=fng (4762,1989) [filtered=1256]
cnt=1 s0=fng (4762,1989) [filtered=1256]
cnt=1 s0=fng (4762,1989) [filtered=1256]
cnt=1 s0=fng (4762,1989) [filtered=1256]
cnt=1 s0=fng (4762,1991) [filtered=1256]
cnt=1 s0=fng (4762,1991) [filtered=1256]
cnt=1 s0=fng (4762,1991) [filtered=1256]
cnt=1 s0=fng (4762,1991) [filtered=1256]
cnt=1 s0=fng (4762,1991) [filtered=1256]
cnt=1 s0=fng (4762,1991) [filtered=1256]
cnt=1 s0=fng (4762,1991) [filtered=1256]
cnt=1 s0=fng (4762,1991) [filtered=1256]
cnt=1 s0=fng (4762,1991) [filtered=1256]
cnt=1 s0=fng (4762,1990) [filtered=1256]
cnt=1 s0=fng (4762,1989) [filtered=1256]
cnt=1 s0=fng (4762,1988) [filtered=1256]
cnt=1 s0=fng (4762,1988) [filtered=1256]
cnt=1 s0=fng (4762,1987) [filtered=1256]
cnt=1 s0=fng (4762,1987) [filtered=1256]
cnt=1 s0=fng (4762,1986) [filtered=1256]
cnt=1 s0=fng (4762,1985) [filtered=1256]
cnt=1 s0=fng (4762,1984) [filtered=1256]
cnt=1 s0=fng (4762,1983) [filtered=1256]
cnt=1 s0=fng (4762,1982) [filtered=1256]
cnt=1 s0=fng (4762,1981)* [filtered=1256]
cnt=1 s0=fng (4762,1981)* [filtered=1256]
cnt=1 s0=fng (4762,1980)* [filtered=1256]
cnt=1 s0=fng (4762,1979)* [filtered=1256]
cnt=1 s0=fng (4762,1978)* [filtered=1256]
cnt=1 s0=fng (4762,1977)* [filtered=1256]
cnt=1 s0=fng (4762,1976)* [filtered=1256]
cnt=1 s0=fng (4762,1974)* [filtered=1256]
cnt=1 s0=fng (4762,1971)* [filtered=1256]
cnt=1 s0=fng (4762,1968)* [filtered=1256]
cnt=1 s0=fng (4762,1966)* [filtered=1256]
cnt=1 s0=fng (4762,1964)* [filtered=1256]
cnt=1 s0=fng (4762,1961)* [filtered=1256]
cnt=1 s0=fng (4762,1959)* [filtered=1256]
cnt=1 s0=fng (4762,1957)* [filtered=1256]
cnt=1 s0=fng (4762,1955)* [filtered=1256]
cnt=1 s0=fng (4762,1954)* [filtered=1256]
cnt=1 s0=fng (4762,1952)* [filtered=1256]
cnt=1 s0=fng (1382,9) [filtered=1256]
cnt=1 s0=fng (1382,9) [filtered=1256]
cnt=1 s0=fng (1382,9) [filtered=1256]
cnt=1 s0=fng (1382,9) [filtered=1256]
cnt=1 s0=fng (1382,9) [filtered=1256]
cnt=1 s0=fng (1382,9) [filtered=1256]
cnt=1 s0=fng (1382,9) [filtered=1256]
cnt=1 s0=fng (1382,9) [filtered=1256]
cnt=1 s0=fng (1382,9) [filtered=1256]
cnt=1 s0=fng (1382,9) [filtered=1256]
cnt=1 s0=fng (1382,9) [filtered=1256]
cnt=1 s0=fng (1382,9) [filtered=1256]
cnt=1 s0=fng (1382,9) [filtered=1256]
cnt=1 s0=fng (1382,9) [filtered=1256]
cnt=1 s0=fng (1381,9) [filtered=1256]
cnt=1 s0=fng (1381,9) [filtered=1256]
cnt=1 s0=fng (1380,9) [filtered=1256]
cnt=1 s0=fng (4762,1914) [filtered=1256]
cnt=1 s0=fng (4762,1914) [filtered=1256]
cnt=1 s0=fng (4762,1914) [filtered=1256]
cnt=1 s0=fng (4762,1914) [filtered=1256]
cnt=1 s0=fng (4762,1914) [filtered=1256]
cnt=1 s0=fng (4762,1914) [filtered=1256]
cnt=1 s0=fng (4762,1914) [filtered=1256]
cnt=1 s0=fng (4762,1914) [filtered=1256]
cnt=1 s0=fng (4762,1913) [filtered=1256]
cnt=1 s0=fng (4762,1913) [filtered=1256]
cnt=1 s0=fng (4762,1912) [filtered=1256]
cnt=1 s0=fng (4762,1912) [filtered=1256]
cnt=1 s0=fng (4762,1912) [filtered=1256]
cnt=1 s0=fng (4762,1911) [filtered=1256]
cnt=1 s0=fng (4762,1910) [filtered=1256]
cnt=1 s0=fng (4762,1910) [filtered=1256]
cnt=1 s0=fng (4762,1910) [filtered=1256]
cnt=1 s0=fng (4762,1910) [filtered=1256]
cnt=1 s0=fng (4762,1910) [filtered=1256]
cnt=1 s0=fng (4762,1910) [filtered=1256]
cnt=1 s0=fng (4762,1910)* [filtered=1256]
cnt=1 s0=fng (4762,1910)* [filtered=1256]
cnt=1 s0=fng (4762,1910)* [filtered=1256]
cnt=1 s0=fng (4762,1910)* [filtered=1256]
cnt=1 s0=fng (4762,1910)* [filtered=1256]
cnt=1 s0=fng (4762,1910)* [filtered=1256]
cnt=1 s0=fng (4762,1910)* [filtered=1256]
cnt=1 s0=fng (4762,1910)* [filtered=1256]
cnt=1 s0=fng (4762,1910)* [filtered=1256]
cnt=1 s0=fng (4762,1911)* [filtered=1256]
cnt=1 s0=fng (4762,1911)* [filtered=1256]
cnt=1 s0=fng (4762,1912)* [filtered=1256]
cnt=1 s0=fng (4762,1913)* [filtered=1256]
cnt=1 s0=fng (4762,1915)* [filtered=1256]
cnt=1 s0=fng (4762,1917) [filtered=1256]
cnt=1 s0=fng (4762,1917) [filtered=1256]
cnt=1 s0=fng (4762,1916) [filtered=1256]
cnt=1 s0=fng (4762,1916) [filtered=1256]
cnt=1 s0=fng (4762,1915) [filtered=1256]
cnt=1 s0=fng (4762,1914) [filtered=1256]
cnt=1 s0=fng (4762,1914) [filtered=1256]
cnt=1 s0=fng (4762,1914) [filtered=1256]
cnt=1 s0=fng (4762,1913) [filtered=1256]
cnt=1 s0=fng (4762,1913) [filtered=1256]
cnt=1 s0=fng (4762,1912) [filtered=1256]
cnt=1 s0=fng (4762,1912) [filtered=1256]
cnt=1 s0=fng (4762,1887) [filtered=1256]
cnt=1 s0=fng (4762,1886) [filtered=1256]
cnt=1 s0=fng (4762,1886) [filtered=1256]
cnt=1 s0=fng (4762,1886) [filtered=1256]
cnt=1 s0=fng (4762,1885) [filtered=1256]
cnt=1 s0=fng (4762,1884) [filtered=1256]
cnt=1 s0=fng (4762,1884) [filtered=1256]
cnt=1 s0=fng (4762,1884) [filtered=1256]
cnt=1 s0=fng (4762,1884) [filtered=1256]
cnt=1 s0=fng (4762,1884) [filtered=1256]
cnt=1 s0=fng (4762,1884) [filtered=1256]
cnt=1 s0=fng (4762,1884) [filtered=1256]
cnt=1 s0=fng (4762,1884) [filtered=1256]
cnt=1 s0=fng (4762,1884) [filtered=1256]
cnt=1 s0=fng (1396,16) [filtered=1256]
cnt=1 s0=fng (1396,16) [filtered=1256]
cnt=1 s0=fng (1396,16) [filtered=1256]
cnt=1 s0=fng (1396,16) [filtered=1256]
cnt=1 s0=fng (1396,16) [filtered=1256]
cnt=1 s0=fng (1396,16) [filtered=1256]
cnt=1 s0=fng (1396,16) [filtered=1256]
cnt=1 s0=fng (1396,16) [filtered=1256]
cnt=1 s0=fng (1396,16) [filtered=1256]
cnt=1 s0=fng (1396,16) [filtered=1256]
cnt=2 s0=fng (1396,16) s1=PALM(4762,1902) [filtered=1257]
cnt=2 s0=fng (1396,16) s1=PALM(4762,1903) [filtered=1258]
cnt=2 s0=fng (1396,16) s1=PALM(4762,1903) [filtered=1259]
cnt=2 s0=fng (1396,16) s1=PALM(4762,1904) [filtered=1260]
cnt=2 s0=fng (1396,16) s1=PALM(4762,1904) [filtered=1261]
cnt=2 s0=fng (1396,16) s1=PALM(4762,1904) [filtered=1262]
cnt=2 s0=fng (1396,16) s1=PALM(4762,1904) [filtered=1263]
cnt=2 s0=fng (1396,16) s1=PALM(4762,1904) [filtered=1264]
cnt=2 s0=fng (1395,16) s1=PALM(4762,1904) [filtered=1265]
cnt=2 s0=fng (1395,16) s1=PALM(4762,1904) [filtered=1266]
cnt=2 s0=PALM(1395,16)* s1=PALM(4762,1904) [filtered=1267]
cnt=2 s0=PALM(1395,16)* s1=PALM(4762,1904) [filtered=1268]
cnt=1 s1=fng (4762,1904) [filtered=1268]
cnt=1 s1=fng (4762,1904) [filtered=1268]
cnt=1 s1=fng (4762,1904) [filtered=1268]
cnt=1 s1=fng (4762,1904) [filtered=1268]
cnt=1 s1=fng (4762,1904) [filtered=1268]
cnt=1 s1=fng (4762,1904) [filtered=1268]
cnt=1 s1=fng (4762,1904) [filtered=1268]
cnt=1 s1=fng (4762,1904) [filtered=1268]
cnt=1 s1=fng (4762,1904)* [filtered=1268]
cnt=1 s1=fng (4762,1904)* [filtered=1268]
cnt=1 s1=fng (4762,1904)* [filtered=1268]
cnt=1 s1=fng (4762,1904)* [filtered=1268]
cnt=1 s1=fng (4762,1903)* [filtered=1268]
cnt=1 s1=fng (4762,1903)* [filtered=1268]
cnt=1 s1=fng (4762,1902)* [filtered=1268]
cnt=1 s1=fng (4762,1901)* [filtered=1268]
cnt=1 s1=fng (4762,1899)* [filtered=1268]
cnt=1 s1=fng (4762,1897)* [filtered=1268]
cnt=1 s1=fng (4762,1896)* [filtered=1268]
cnt=1 s1=fng (4762,1894)* [filtered=1268]
cnt=1 s1=fng (4762,1892)* [filtered=1268]
cnt=1 s1=fng (4762,1891)* [filtered=1268]
cnt=1 s1=fng (4762,1889)* [filtered=1268]
cnt=1 s1=fng (4762,1888)* [filtered=1268]
cnt=1 s1=fng (4762,1887)* [filtered=1268]
cnt=1 s1=fng (4762,1886)* [filtered=1268]
cnt=1 s1=fng (4762,1885)* [filtered=1268]
cnt=1 s1=fng (4762,1884)* [filtered=1268]
cnt=1 s1=fng (4762,1883)* [filtered=1268]
cnt=1 s1=fng (4762,1882)* [filtered=1268]
cnt=1 s1=fng (4762,1882)* [filtered=1268]
cnt=1 s1=fng (4762,1882)* [filtered=1268]
cnt=1 s1=fng (4762,1882)* [filtered=1268]
cnt=1 s1=fng (4762,1882)* [filtered=1268]
cnt=1 s1=fng (4762,1882)* [filtered=1268]
cnt=1 s1=fng (4762,1882)* [filtered=1268]
cnt=1 s1=fng (4762,1882)* [filtered=1268]
cnt=1 s1=fng (4762,1882)* [filtered=1268]
cnt=1 s1=fng (4762,1883)* [filtered=1268]
cnt=1 s1=fng (4762,1883)* [filtered=1268]
cnt=1 s1=fng (4762,1884)* [filtered=1268]
cnt=1 s1=fng (4762,1885)* [filtered=1268]
cnt=1 s1=fng (4762,1885)* [filtered=1268]
cnt=1 s1=fng (4762,1886)* [filtered=1268]
cnt=1 s1=fng (4762,1887)* [filtered=1268]
cnt=1 s1=fng (4762,1888)* [filtered=1268]
cnt=1 s1=fng (4762,1889)* [filtered=1268]
cnt=1 s1=fng (4762,1889)* [filtered=1268]
cnt=1 s1=fng (4762,1890)* [filtered=1268]
cnt=1 s1=fng (4762,1891)* [filtered=1268]
cnt=1 s1=fng (4762,1892)* [filtered=1268]
cnt=1 s1=fng (4762,1892)* [filtered=1268]
cnt=1 s1=fng (4762,1893)* [filtered=1268]
cnt=1 s1=fng (4762,1894)* [filtered=1268]
cnt=1 s1=fng (4762,1895)* [filtered=1268]
cnt=1 s1=fng (4762,1896)* [filtered=1268]
cnt=1 s1=fng (4762,1897)* [filtered=1268]
cnt=1 s1=fng (4762,1897)* [filtered=1268]
cnt=1 s1=fng (4762,1898)* [filtered=1268]
cnt=1 s1=fng (4762,1898)* [filtered=1268]
cnt=1 s1=fng (4762,1898)* [filtered=1268]
cnt=1 s1=fng (4762,1898)* [filtered=1268]
cnt=1 s1=fng (4762,1898)* [filtered=1268]
cnt=1 s1=fng (4762,1898)* [filtered=1268]
cnt=1 s1=fng (4762,1898)* [filtered=1268]
cnt=1 s1=fng (4762,1898)* [filtered=1268]
cnt=1 s1=fng (4762,1898)* [filtered=1268]
cnt=1 s1=fng (4762,1898)* [filtered=1268]
cnt=1 s1=fng (4762,1898)* [filtered=1268]
cnt=1 s1=fng (4762,1898)* [filtered=1268]
cnt=1 s1=fng (4762,1898)* [filtered=1268]
cnt=1 s1=fng (4762,1898)* [filtered=1268]
cnt=1 s1=fng (4762,1898)* [filtered=1268]
cnt=1 s1=fng (4762,1898)* [filtered=1268]
cnt=1 s1=fng (4762,1899)* [filtered=1268]
cnt=1 s1=fng (4762,1899)* [filtered=1268]
cnt=1 s1=fng (4762,1899)* [filtered=1268]
cnt=1 s1=fng (4762,1900)* [filtered=1268]
cnt=1 s1=fng (4762,1901)* [filtered=1268]
cnt=1 s1=fng (4762,1901)* [filtered=1268]
cnt=1 s1=fng (4762,1901)* [filtered=1268]
cnt=1 s1=fng (4762,1902)* [filtered=1268]
cnt=1 s1=fng (4762,1902)* [filtered=1268]
cnt=1 s1=fng (4762,1903)* [filtered=1268]
cnt=1 s1=fng (4762,1903)* [filtered=1268]
cnt=1 s1=fng (4762,1904)* [filtered=1268]
cnt=1 s1=fng (4762,1904)* [filtered=1268]
cnt=1 s1=fng (4762,1905)* [filtered=1268]
cnt=1 s1=fng (4762,1905)* [filtered=1268]
cnt=1 s1=fng (4762,1905)* [filtered=1268]
cnt=1 s1=fng (4762,1906)* [filtered=1268]
cnt=1 s1=fng (4762,1907)* [filtered=1268]
cnt=1 s1=fng (4762,1908)* [filtered=1268]
cnt=1 s1=fng (4762,1909)* [filtered=1268]
cnt=1 s1=fng (4762,1909)* [filtered=1268]
cnt=1 s1=fng (4762,1910)* [filtered=1268]
cnt=1 s1=fng (4762,1911)* [filtered=1268]
cnt=1 s1=fng (4762,1912)* [filtered=1268]
cnt=1 s1=fng (4762,1912)* [filtered=1268]
cnt=1 s1=fng (4762,1912)* [filtered=1268]
cnt=1 s1=fng (4762,1913)* [filtered=1268]
cnt=1 s1=fng (4762,1913)* [filtered=1268]
cnt=1 s1=fng (4762,1914)* [filtered=1268]
cnt=1 s1=fng (4762,1914)* [filtered=1268]
cnt=1 s1=fng (4762,1914)* [filtered=1268]
cnt=1 s1=fng (4762,1915)* [filtered=1268]
cnt=1 s1=fng (4762,1916)* [filtered=1268]
cnt=1 s1=fng (4762,1916)* [filtered=1268]
cnt=1 s1=fng (4762,1916)* [filtered=1268]
cnt=1 s1=fng (4762,1916)* [filtered=1268]
cnt=1 s1=fng (4762,1916)* [filtered=1268]
cnt=1 s1=fng (4762,1916)* [filtered=1268]
cnt=1 s1=fng (4762,1916)* [filtered=1268]
cnt=1 s1=fng (4762,1916)* [filtered=1268]
cnt=1 s1=fng (4762,1916)* [filtered=1268]
cnt=1 s1=fng (4762,1916)* [filtered=1268]
cnt=1 s1=fng (4762,1916)* [filtered=1268]
cnt=1 s1=fng (4762,1916)* [filtered=1268]
cnt=1 s1=fng (4762,1916)* [filtered=1268]
cnt=1 s1=fng (4762,1916)* [filtered=1268]
cnt=1 s1=fng (4762,1916)* [filtered=1268]
cnt=1 s1=fng (4762,1917)* [filtered=1268]
cnt=1 s1=fng (4762,1917)* [filtered=1268]
cnt=1 s1=fng (4762,1917)* [filtered=1268]
cnt=1 s1=fng (4762,1918)* [filtered=1268]
cnt=1 s1=fng (4762,1919)* [filtered=1268]
cnt=1 s1=fng (4762,1919)* [filtered=1268]
cnt=1 s1=fng (4762,1919)* [filtered=1268]
cnt=1 s1=fng (4762,1920)* [filtered=1268]
cnt=2 s0=fng (1419,20) s1=PALM(4762,1920)* [filtered=1269]
cnt=2 s0=fng (1419,20) s1=PALM(4762,1921)* [filtered=1270]
cnt=2 s0=fng (1419,20) s1=PALM(4762,1922)* [filtered=1271]
cnt=2 s0=fng (1419,20) s1=PALM(4762,1923)* [filtered=1272]
cnt=2 s0=fng (1419,20) s1=PALM(4761,1924)* [filtered=1273]
cnt=2 s0=fng (1419,20) s1=PALM(4760,1925)* [filtered=1274]
cnt=2 s0=fng (1419,20) s1=PALM(4759,1925)* [filtered=1275]
cnt=2 s0=fng (1419,20) s1=PALM(4759,1925)* [filtered=1276]
cnt=2 s0=fng (1419,20) s1=PALM(4758,1926)* [filtered=1277]
cnt=2 s0=fng (1419,20) s1=PALM(4758,1927)* [filtered=1278]
cnt=2 s0=fng (1419,20) s1=PALM(4758,1927)* [filtered=1279]
cnt=2 s0=fng (1418,20) s1=PALM(4758,1927)* [filtered=1280]
cnt=2 s0=fng (1418,20) s1=PALM(4758,1927)* [filtered=1281]
cnt=2 s0=fng (1418,20) s1=PALM(4758,1927)* [filtered=1282]
cnt=2 s0=fng (1417,20) s1=PALM(4757,1927)* [filtered=1283]
cnt=2 s0=fng (1416,20) s1=PALM(4756,1927)* [filtered=1284]
cnt=2 s0=fng (1415,20) s1=PALM(4755,1927)* [filtered=1285]
cnt=2 s0=fng (1414,20) s1=PALM(4755,1927)* [filtered=1286]
cnt=2 s0=fng (1413,20) s1=PALM(4753,1926)* [filtered=1287]
cnt=2 s0=fng (1412,20) s1=PALM(4751,1925)* [filtered=1288]
cnt=2 s0=PALM(1410,20)* s1=PALM(4748,1924) [filtered=1289]
cnt=1 s1=fng (4745,1922) [filtered=1289]
cnt=1 s1=fng (4743,1921) [filtered=1289]
cnt=1 s1=fng (4741,1920) [filtered=1289]
cnt=1 s1=fng (4739,1918) [filtered=1289]
cnt=1 s1=fng (4737,1916) [filtered=1289]
cnt=1 s1=fng (4736,1915) [filtered=1289]
cnt=1 s1=fng (4735,1913) [filtered=1289]
cnt=1 s1=fng (4733,1911) [filtered=1289]
cnt=1 s1=fng (4731,1909) [filtered=1289]
cnt=1 s1=fng (4730,1907) [filtered=1289]
cnt=1 s1=fng (4729,1906) [filtered=1289]
cnt=1 s1=fng (4728,1904) [filtered=1289]
cnt=1 s1=fng (4727,1901) [filtered=1289]
cnt=1 s1=fng (4726,1899) [filtered=1289]
cnt=1 s1=fng (4725,1896) [filtered=1289]
cnt=1 s1=fng (4724,1895) [filtered=1289]
cnt=1 s1=fng (4724,1893) [filtered=1289]
cnt=1 s1=fng (4724,1891) [filtered=1289]
cnt=1 s1=fng (4724,1889) [filtered=1289]
cnt=1 s1=fng (4724,1888) [filtered=1289]
cnt=1 s1=fng (4724,1886) [filtered=1289]
cnt=1 s1=fng (4724,1884) [filtered=1289]
cnt=1 s1=fng (4723,1882) [filtered=1289]
cnt=1 s1=fng (4722,1880) [filtered=1289]
cnt=1 s1=fng (4722,1879) [filtered=1289]
cnt=1 s1=fng (4721,1876) [filtered=1289]
cnt=1 s1=fng (4718,1872) [filtered=1289]
cnt=1 s1=fng (4714,1866) [filtered=1289]
cnt=1 s1=fng (4710,1861) [filtered=1289]
cnt=1 s1=fng (4707,1857) [filtered=1289]
cnt=1 s1=fng (4704,1852) [filtered=1289]
cnt=1 s1=fng (4701,1847) [filtered=1289]
cnt=1 s1=fng (4699,1843) [filtered=1289]
cnt=1 s1=fng (4698,1840) [filtered=1289]
cnt=1 s1=fng (4696,1837) [filtered=1289]
cnt=1 s1=fng (4695,1834) [filtered=1289]
cnt=1 s1=fng (4694,1831) [filtered=1289]
cnt=1 s1=fng (4694,1830) [filtered=1289]
cnt=1 s1=fng (4694,1829) [filtered=1289]
cnt=1 s1=fng (4694,1828) [filtered=1289]
cnt=1 s1=fng (4694,1827) [filtered=1289]
cnt=1 s1=fng (4695,1826) [filtered=1289]
cnt=1 s1=fng (4696,1825) [filtered=1289]
cnt=1 s1=fng (4696,1825) [filtered=1289]
cnt=1 s1=fng (4697,1825) [filtered=1289]
cnt=1 s1=fng (4698,1825) [filtered=1289]
cnt=1 s1=fng (4699,1825) [filtered=1289]
cnt=1 s1=fng (4699,1825) [filtered=1289]
cnt=1 s1=fng (4700,1825) [filtered=1289]
cnt=1 s1=fng (4701,1826) [filtered=1289]
cnt=1 s1=fng (4702,1827) [filtered=1289]
cnt=1 s1=fng (4703,1828) [filtered=1289]
cnt=1 s1=fng (4704,1828) [filtered=1289]
cnt=1 s1=fng (4705,1829) [filtered=1289]
cnt=1 s1=fng (4706,1830) [filtered=1289]
cnt=1 s1=fng (4707,1832) [filtered=1289]
cnt=1 s1=fng (4707,1833)* [filtered=1289]
cnt=1 s1=fng (4708,1834)* [filtered=1289]
cnt=2 s0=fng (1344,9) s1=PALM(4709,1836)* [filtered=1290]
cnt=2 s0=fng (1344,9) s1=PALM(4710,1839) [filtered=1291]
cnt=2 s0=fng (1345,9) s1=PALM(4711,1843) [filtered=1292]
cnt=2 s0=fng (1345,9) s1=PALM(4712,1846) [filtered=1293]
cnt=2 s0=fng (1346,9) s1=PALM(4713,1850) [filtered=1294]
cnt=2 s0=fng (1346,9) s1=PALM(4714,1854) [filtered=1295]
cnt=2 s0=fng (1347,9) s1=PALM(4714,1858) [filtered=1296]
cnt=2 s0=fng (1347,9) s1=PALM(4714,1861) [filtered=1297]
cnt=2 s0=fng (1347,9) s1=PALM(4714,1863) [filtered=1298]
cnt=2 s0=fng (1348,9) s1=PALM(4714,1865) [filtered=1299]
cnt=2 s0=fng (1348,9) s1=PALM(4714,1867) [filtered=1300]
cnt=2 s0=fng (1348,9) s1=PALM(4715,1869) [filtered=1301]
cnt=2 s0=fng (1348,9) s1=PALM(4715,1870) [filtered=1302]
cnt=2 s0=fng (1348,9) s1=PALM(4716,1871) [filtered=1303]
cnt=2 s0=fng (1348,9) s1=PALM(4717,1873) [filtered=1304]
cnt=2 s0=fng (1348,9) s1=PALM(4718,1874) [filtered=1305]
cnt=2 s0=fng (1347,9) s1=PALM(4719,1875) [filtered=1306]
cnt=2 s0=fng (1347,9) s1=PALM(4720,1876) [filtered=1307]
cnt=2 s0=fng (1347,9) s1=PALM(4721,1877) [filtered=1308]
cnt=1 s1=fng (4722,1878) [filtered=1308]
cnt=1 s1=fng (4723,1879) [filtered=1308]
cnt=1 s1=fng (4723,1880) [filtered=1308]
cnt=1 s1=fng (4723,1880) [filtered=1308]
cnt=1 s1=fng (4724,1880) [filtered=1308]
cnt=1 s1=fng (4724,1880) [filtered=1308]
cnt=1 s1=fng (4724,1880) [filtered=1308]
cnt=1 s1=fng (4724,1880)* [filtered=1308]
cnt=1 s1=fng (4724,1880)* [filtered=1308]
cnt=1 s1=fng (4724,1880)* [filtered=1308]
cnt=1 s1=fng (4724,1880)* [filtered=1308]
cnt=1 s1=fng (4724,1880)* [filtered=1308]
cnt=1 s1=fng (4724,1880)* [filtered=1308]
cnt=1 s1=fng (4724,1880)* [filtered=1308]
cnt=1 s1=fng (4724,1880)* [filtered=1308]
cnt=1 s1=fng (4724,1880)* [filtered=1308]
cnt=1 s1=fng (4724,1880)* [filtered=1308]
cnt=1 s1=fng (4724,1880)* [filtered=1308]
cnt=1 s1=fng (4724,1879)* [filtered=1308]
cnt=1 s1=fng (4724,1879)* [filtered=1308]
cnt=1 s1=fng (4724,1878)* [filtered=1308]
cnt=1 s1=fng (4724,1878)* [filtered=1308]
cnt=1 s1=fng (4724,1878)* [filtered=1308]
cnt=1 s1=fng (4724,1878)* [filtered=1308]
cnt=1 s1=fng (4724,1878)* [filtered=1308]
cnt=1 s1=fng (4724,1878)* [filtered=1308]
cnt=1 s1=fng (4724,1878)* [filtered=1308]
cnt=1 s1=fng (4724,1878)* [filtered=1308]
cnt=1 s1=fng (4724,1878)* [filtered=1308]
cnt=1 s1=fng (4724,1878)* [filtered=1308]
cnt=1 s1=fng (4724,1878)* [filtered=1308]
cnt=1 s1=fng (4724,1878)* [filtered=1308]
cnt=1 s1=fng (4724,1878)* [filtered=1308]
cnt=1 s1=fng (4724,1878)* [filtered=1308]
cnt=1 s1=fng (4724,1878)* [filtered=1308]
cnt=1 s1=fng (4724,1878)* [filtered=1308]
cnt=1 s1=fng (4724,1878)* [filtered=1308]
cnt=1 s1=fng (4724,1878)* [filtered=1308]
cnt=1 s1=fng (4724,1878)* [filtered=1308]
cnt=1 s1=fng (4724,1878)* [filtered=1308]
cnt=1 s1=fng (4724,1878)* [filtered=1308]
cnt=1 s1=fng (4724,1878)* [filtered=1308]
cnt=1 s1=fng (4724,1878)* [filtered=1308]
cnt=1 s1=fng (4723,1878)* [filtered=1308]
cnt=1 s1=fng (4722,1878)* [filtered=1308]
cnt=1 s1=fng (4722,1878)* [filtered=1308]
cnt=1 s1=fng (4721,1877)* [filtered=1308]
cnt=1 s1=fng (4720,1876)* [filtered=1308]
cnt=1 s1=fng (4719,1874)* [filtered=1308]
cnt=1 s1=fng (4717,1872) [filtered=1308]
cnt=1 s1=fng (4716,1871) [filtered=1308]
cnt=1 s1=fng (4714,1869) [filtered=1308]
cnt=1 s1=fng (4711,1866) [filtered=1308]
cnt=1 s1=fng (4707,1862) [filtered=1308]
cnt=1 s1=fng (4705,1859) [filtered=1308]
cnt=1 s1=fng (4701,1855) [filtered=1308]
cnt=1 s1=fng (4697,1850) [filtered=1308]
cnt=1 s1=fng (4692,1845) [filtered=1308]
cnt=1 s1=fng (4687,1840) [filtered=1308]
cnt=1 s1=fng (4683,1836) [filtered=1308]
cnt=1 s1=fng (4678,1831) [filtered=1308]
cnt=1 s1=fng (4673,1826) [filtered=1308]
cnt=1 s1=fng (4668,1820) [filtered=1308]
cnt=1 s1=fng (4663,1813) [filtered=1308]
cnt=1 s1=fng (4659,1807) [filtered=1308]
cnt=1 s1=fng (4654,1800) [filtered=1308]
cnt=1 s1=fng (4649,1793) [filtered=1308]
cnt=1 s1=fng (4644,1786) [filtered=1308]
cnt=1 s1=fng (4640,1780) [filtered=1308]
cnt=1 s1=fng (4635,1774) [filtered=1308]
cnt=1 s1=fng (4630,1767) [filtered=1308]
cnt=1 s1=fng (4626,1760) [filtered=1308]
cnt=1 s1=fng (4622,1754) [filtered=1308]
cnt=1 s1=fng (4619,1749) [filtered=1308]
cnt=1 s1=fng (4615,1743) [filtered=1308]
cnt=1 s1=fng (4611,1737) [filtered=1308]
cnt=1 s1=fng (4608,1732) [filtered=1308]
cnt=1 s1=fng (4605,1727) [filtered=1308]
cnt=1 s1=fng (4603,1722) [filtered=1308]
cnt=1 s1=fng (4601,1717) [filtered=1308]
cnt=1 s1=fng (4600,1712) [filtered=1308]
cnt=1 s1=fng (4599,1707) [filtered=1308]
cnt=1 s1=fng (4598,1702) [filtered=1308]
cnt=1 s1=fng (4597,1698) [filtered=1308]
cnt=1 s1=fng (4596,1694) [filtered=1308]
cnt=1 s1=fng (4595,1690) [filtered=1308]
cnt=1 s1=fng (4595,1686) [filtered=1308]
cnt=1 s1=fng (4595,1683) [filtered=1308]
cnt=1 s1=fng (4594,1680) [filtered=1308]
cnt=1 s1=fng (4594,1677) [filtered=1308]
cnt=1 s1=fng (4593,1673) [filtered=1308]
cnt=1 s1=fng (4592,1670) [filtered=1308]
cnt=1 s1=fng (4592,1668) [filtered=1308]
cnt=1 s1=fng (4591,1666) [filtered=1308]
cnt=1 s1=fng (4591,1664) [filtered=1308]
cnt=1 s1=fng (4590,1662) [filtered=1308]
cnt=1 s1=fng (4590,1660) [filtered=1308]
cnt=1 s1=fng (4590,1659) [filtered=1308]
cnt=1 s1=fng (4589,1657) [filtered=1308]
cnt=1 s1=fng (4588,1655) [filtered=1308]
cnt=1 s1=fng (4588,1654) [filtered=1308]
cnt=1 s1=fng (4588,1653) [filtered=1308]
cnt=1 s1=fng (4587,1652) [filtered=1308]
cnt=1 s1=fng (4587,1651) [filtered=1308]
cnt=1 s1=fng (4586,1650) [filtered=1308]
cnt=1 s1=fng (4586,1649) [filtered=1308]
cnt=1 s1=fng (4586,1649) [filtered=1308]
cnt=1 s1=fng (4586,1648) [filtered=1308]
cnt=1 s1=fng (4586,1648) [filtered=1308]
cnt=1 s1=fng (4586,1647) [filtered=1308]
cnt=1 s1=fng (4586,1647) [filtered=1308]
cnt=1 s1=fng (4586,1647)* [filtered=1308]
cnt=1 s1=fng (4586,1647)* [filtered=1308]
cnt=1 s1=fng (4586,1647)* [filtered=1308]
cnt=1 s1=fng (4586,1647)* [filtered=1308]
cnt=1 s1=fng (4586,1647)* [filtered=1308]
cnt=1 s1=fng (4586,1647)* [filtered=1308]
cnt=1 s1=fng (4586,1647)* [filtered=1308]
cnt=1 s1=fng (4586,1646)* [filtered=1308]
cnt=1 s1=fng (4586,1646)* [filtered=1308]
cnt=1 s1=fng (4586,1646)* [filtered=1308]
cnt=1 s1=fng (4585,1645)* [filtered=1308]
cnt=1 s1=fng (4585,1645)* [filtered=1308]
cnt=1 s1=fng (4584,1644)* [filtered=1308]
cnt=1 s1=fng (4583,1643)* [filtered=1308]
cnt=1 s1=fng (4582,1642)* [filtered=1308]
cnt=1 s1=fng (4581,1641)* [filtered=1308]
cnt=1 s1=fng (4579,1639) [filtered=1308]
cnt=1 s1=fng (4578,1637) [filtered=1308]
cnt=1 s1=fng (4576,1635) [filtered=1308]
cnt=1 s1=fng (4575,1634) [filtered=1308]
cnt=1 s1=fng (4573,1632) [filtered=1308]
cnt=1 s1=fng (4571,1630) [filtered=1308]
cnt=1 s1=fng (4569,1628) [filtered=1308]
cnt=1 s1=fng (4568,1627) [filtered=1308]
cnt=1 s1=fng (4566,1625) [filtered=1308]
cnt=1 s1=fng (4565,1623) [filtered=1308]
cnt=1 s1=fng (4563,1621) [filtered=1308]
cnt=1 s1=fng (4562,1619) [filtered=1308]
cnt=1 s1=fng (4561,1618) [filtered=1308]
cnt=1 s1=fng (4560,1617) [filtered=1308]
cnt=1 s1=fng (4560,1616) [filtered=1308]
cnt=1 s1=fng (4559,1615) [filtered=1308]
cnt=1 s1=fng (4559,1614) [filtered=1308]
cnt=1 s1=fng (4559,1613) [filtered=1308]
cnt=1 s1=fng (4559,1612) [filtered=1308]
cnt=1 s1=fng (4559,1612) [filtered=1308]
cnt=1 s1=fng (4559,1612) [filtered=1308]
cnt=1 s1=fng (4559,1612) [filtered=1308]
cnt=1 s1=fng (4559,1612) [filtered=1308]
cnt=1 s1=fng (4559,1612) [filtered=1308]
cnt=1 s1=fng (4559,1612) [filtered=1308]
cnt=2 s0=fng (1229,14) s1=PALM(4560,1613) [filtered=1309]
cnt=2 s0=fng (1229,14) s1=PALM(4560,1613) [filtered=1310]
cnt=2 s0=fng (1229,14) s1=PALM(4560,1614) [filtered=1311]
cnt=2 s0=fng (1229,14) s1=PALM(4561,1615) [filtered=1312]
cnt=2 s0=fng (1228,14) s1=PALM(4562,1616) [filtered=1313]
cnt=2 s0=fng (1228,14) s1=PALM(4563,1616)* [filtered=1314]
cnt=2 s0=fng (1228,14) s1=PALM(4564,1618)* [filtered=1315]
cnt=2 s0=fng (1227,14) s1=PALM(4565,1620)* [filtered=1316]
cnt=2 s0=fng (1227,14) s1=PALM(4567,1623) [filtered=1317]
cnt=2 s0=fng (1226,14) s1=PALM(4570,1627) [filtered=1318]
cnt=2 s0=fng (1226,14) s1=PALM(4571,1630) [filtered=1319]
cnt=2 s0=fng (1225,14) s1=PALM(4574,1635) [filtered=1320]
cnt=2 s0=fng (1224,14) s1=PALM(4579,1641) [filtered=1321]
cnt=2 s0=fng (1223,14) s1=PALM(4584,1650) [filtered=1322]
cnt=2 s0=fng (1222,14) s1=PALM(4589,1660) [filtered=1323]
cnt=2 s0=fng (1222,14) s1=PALM(4594,1669) [filtered=1324]
cnt=2 s0=fng (1221,14) s1=PALM(4600,1680) [filtered=1325]
cnt=2 s0=fng (1220,14) s1=PALM(4609,1691) [filtered=1326]
cnt=2 s0=fng (1219,14) s1=PALM(4619,1703) [filtered=1327]
cnt=2 s0=fng (1219,14) s1=PALM(4629,1716) [filtered=1328]
cnt=2 s0=PALM(1219,14)* s1=PALM(4639,1728) [filtered=1329]
cnt=2 s0=PALM(1219,14)* s1=PALM(4649,1740) [filtered=1330]
cnt=1 s1=fng (4658,1751) [filtered=1330]
cnt=1 s1=fng (4665,1760) [filtered=1330]
cnt=1 s1=fng (4671,1769) [filtered=1330]
cnt=1 s1=fng (4676,1778) [filtered=1330]
cnt=1 s1=fng (4681,1786) [filtered=1330]
cnt=1 s1=fng (4686,1794) [filtered=1330]
cnt=1 s1=fng (4691,1802) [filtered=1330]
cnt=1 s1=fng (4696,1810) [filtered=1330]
cnt=1 s1=fng (4700,1817) [filtered=1330]
cnt=1 s1=fng (4704,1824) [filtered=1330]
cnt=1 s1=fng (4708,1831) [filtered=1330]
cnt=1 s1=fng (4712,1838) [filtered=1330]
cnt=1 s1=fng (4715,1844) [filtered=1330]
cnt=1 s1=fng (4718,1849) [filtered=1330]
cnt=1 s1=fng (4720,1855) [filtered=1330]
cnt=1 s1=fng (4723,1861) [filtered=1330]
cnt=1 s1=fng (4726,1867) [filtered=1330]
cnt=1 s1=fng (4728,1872) [filtered=1330]
cnt=1 s1=fng (4730,1877) [filtered=1330]
cnt=1 s1=fng (4733,1883) [filtered=1330]
cnt=1 s1=fng (4736,1889) [filtered=1330]
cnt=1 s1=fng (4739,1895) [filtered=1330]
cnt=1 s1=fng (4741,1900) [filtered=1330]
cnt=1 s1=fng (4744,1905) [filtered=1330]
cnt=1 s1=fng (4746,1911) [filtered=1330]
cnt=1 s1=fng (4746,1911) [filtered=1330]
cnt=2 s0=fng (2211,848) s1=PALM(4752,2474) [filtered=1331]
cnt=2 s0=fng (2210,850) s1=PALM(4752,2474) [filtered=1332]
cnt=2 s0=fng (2210,851) s1=PALM(4752,2474) [filtered=1333]
cnt=2 s0=fng (2209,854) s1=PALM(4752,2474) [filtered=1334]
cnt=2 s0=fng (2208,857) s1=PALM(4752,2474) [filtered=1335]
cnt=1 s1=fng (4752,2474) [filtered=1335]
cnt=1 s1=fng (4752,2474) [filtered=1335]
cnt=1 s0=fng (226,2217) [filtered=1335]
cnt=1 s0=fng (227,2217) [filtered=1335]
cnt=1 s0=fng (227,2217) [filtered=1335]
cnt=1 s0=fng (228,2217) [filtered=1335]
cnt=1 s0=fng (229,2217) [filtered=1335]
cnt=1 s0=fng (229,2217) [filtered=1335]
cnt=1 s0=fng (229,2217) [filtered=1335]
cnt=1 s0=fng (229,2217) [filtered=1335]
cnt=1 s0=fng (229,2217) [filtered=1335]
cnt=1 s0=fng (229,2217) [filtered=1335]
cnt=2 s0=PALM(229,2217) s1=PALM(4715,2359) [filtered=1336]
cnt=2 s0=PALM(229,2217) s1=PALM(4715,2359) [filtered=1337]
cnt=2 s0=PALM(229,2217) s1=PALM(4701,2350) [filtered=1338]
cnt=2 s0=PALM(229,2217) s1=PALM(4670,2333) [filtered=1339]
cnt=2 s0=PALM(229,2217) s1=PALM(4639,2317) [filtered=1340]
cnt=2 s0=PALM(229,2217) s1=PALM(4606,2295) [filtered=1341]
cnt=2 s0=PALM(229,2217) s1=PALM(4577,2270) [filtered=1342]
cnt=2 s0=PALM(229,2217) s1=PALM(4551,2242) [filtered=1343]
cnt=2 s0=PALM(229,2217) s1=PALM(4525,2214) [filtered=1344]
cnt=2 s0=PALM(229,2217) s1=PALM(4501,2186) [filtered=1345]
cnt=2 s0=PALM(234,2219) s1=PALM(4480,2158) [filtered=1346]
cnt=2 s0=PALM(239,2220) s1=PALM(4460,2131) [filtered=1347]
cnt=2 s0=PALM(249,2223) s1=PALM(4442,2103) [filtered=1348]
cnt=2 s0=PALM(261,2227) s1=PALM(4426,2075) [filtered=1349]
cnt=2 s0=PALM(273,2230) s1=PALM(4411,2048) [filtered=1350]
cnt=2 s0=PALM(287,2235) s1=PALM(4399,2022) [filtered=1351]
cnt=2 s0=PALM(303,2241) s1=PALM(4390,1996) [filtered=1352]
cnt=2 s0=PALM(318,2246) s1=PALM(4381,1971) [filtered=1353]
cnt=2 s0=PALM(334,2252) s1=PALM(4375,1947) [filtered=1354]
cnt=2 s0=PALM(351,2259) s1=PALM(4371,1925) [filtered=1355]
cnt=2 s0=PALM(367,2265) s1=PALM(4367,1903) [filtered=1356]
cnt=2 s0=PALM(383,2272) s1=PALM(4364,1882) [filtered=1357]
cnt=2 s0=PALM(400,2279) s1=PALM(4362,1864) [filtered=1358]
cnt=2 s0=PALM(416,2285) s1=PALM(4360,1846) [filtered=1359]
cnt=2 s0=PALM(431,2292) s1=PALM(4359,1829) [filtered=1360]
cnt=2 s0=PALM(446,2298) s1=PALM(4358,1812) [filtered=1361]
cnt=2 s0=PALM(459,2304) s1=PALM(4358,1798) [filtered=1362]
cnt=2 s0=PALM(471,2311) s1=PALM(4358,1786) [filtered=1363]
cnt=2 s0=PALM(483,2317) s1=PALM(4358,1774) [filtered=1364]
cnt=2 s0=PALM(495,2324) s1=PALM(4358,1763) [filtered=1365]
cnt=2 s0=PALM(505,2332) s1=PALM(4358,1753) [filtered=1366]
cnt=2 s0=PALM(515,2339) s1=PALM(4358,1743) [filtered=1367]
cnt=2 s0=PALM(525,2348) s1=PALM(4361,1734) [filtered=1368]
cnt=2 s0=PALM(535,2356) s1=PALM(4364,1725) [filtered=1369]
cnt=2 s0=PALM(544,2364) s1=PALM(4367,1717) [filtered=1370]
cnt=2 s0=PALM(552,2373) s1=PALM(4370,1709) [filtered=1371]
cnt=2 s0=PALM(560,2381) s1=PALM(4373,1701) [filtered=1372]
cnt=2 s0=PALM(567,2391) s1=PALM(4376,1694) [filtered=1373]
cnt=2 s0=PALM(574,2400) s1=PALM(4379,1687) [filtered=1374]
cnt=2 s0=PALM(580,2410) s1=PALM(4383,1681) [filtered=1375]
cnt=2 s0=PALM(586,2420) s1=PALM(4387,1675) [filtered=1376]
cnt=2 s0=PALM(592,2430) s1=PALM(4390,1669) [filtered=1377]
cnt=2 s0=PALM(598,2440) s1=PALM(4393,1663) [filtered=1378]
cnt=2 s0=PALM(604,2450) s1=PALM(4396,1658) [filtered=1379]
cnt=3 s0=PALM(610,2460) s1=PALM(4399,1654) s2=fng (1792,729) [filtered=1380]
cnt=3 s0=PALM(616,2470) s1=PALM(4400,1650) s2=fng (1792,729) [filtered=1381]
cnt=3 s0=PALM(622,2480) s1=PALM(4402,1647) s2=fng (1793,730) [filtered=1382]
cnt=3 s0=PALM(628,2490) s1=PALM(4403,1644) s2=fng (1793,731) [filtered=1383]
cnt=3 s0=PALM(634,2500) s1=PALM(4405,1642) s2=fng (1794,734) [filtered=1384]
cnt=3 s0=PALM(640,2510) s1=PALM(4406,1640) s2=fng (1794,736) [filtered=1385]
cnt=3 s0=PALM(646,2519) s1=PALM(4408,1640) s2=fng (1795,740) [filtered=1386]
cnt=3 s0=PALM(652,2528) s1=PALM(4409,1640) s2=fng (1796,743) [filtered=1387]
cnt=3 s0=PALM(659,2536) s1=PALM(4410,1640) s2=fng (1797,748) [filtered=1388]
cnt=3 s0=PALM(667,2542) s1=PALM(4412,1640) s2=fng (1798,754) [filtered=1389]
cnt=3 s0=PALM(675,2548) s1=PALM(4413,1640) s2=fng (1799,759) [filtered=1390]
cnt=3 s0=PALM(683,2553) s1=PALM(4415,1640) s2=fng (1799,765) [filtered=1391]
cnt=3 s0=PALM(691,2558) s1=PALM(4416,1640) s2=fng (1799,770) [filtered=1392]
cnt=3 s0=PALM(700,2562) s1=PALM(4418,1640) s2=fng (1799,774) [filtered=1393]
cnt=3 s0=PALM(710,2566) s1=PALM(4420,1640) s2=fng (1799,779) [filtered=1394]
cnt=3 s0=PALM(720,2570) s1=PALM(4421,1640) s2=fng (1799,783) [filtered=1395]
cnt=3 s0=PALM(730,2572) s1=PALM(4423,1640) s2=fng (1798,786) [filtered=1396]
cnt=3 s0=PALM(740,2574) s1=PALM(4424,1640) s2=fng (1797,789) [filtered=1397]
cnt=3 s0=PALM(750,2576) s1=PALM(4427,1640) s2=fng (1795,791) [filtered=1398]
cnt=3 s0=PALM(760,2578) s1=PALM(4429,1640) s2=fng (1794,793) [filtered=1399]
cnt=3 s0=PALM(769,2579) s1=PALM(4431,1640) s2=fng (1791,794) [filtered=1400]
cnt=3 s0=PALM(777,2579) s1=PALM(4436,1640) s2=fng (1788,794) [filtered=1401]
cnt=3 s0=PALM(785,2579) s1=PALM(4440,1640) s2=fng (1786,794) [filtered=1402]
cnt=3 s0=PALM(792,2579) s1=PALM(4445,1643) s2=fng (1781,794) [filtered=1403]
cnt=3 s0=PALM(798,2576) s1=PALM(4452,1647) s2=fng (1775,790) [filtered=1404]
cnt=3 s0=PALM(804,2573) s1=PALM(4459,1651) s2=fng (1770,787) [filtered=1405]
cnt=3 s0=PALM(808,2568) s1=PALM(4467,1656) s2=fng (1762,782) [filtered=1406]
cnt=3 s0=PALM(812,2563) s1=PALM(4474,1661) s2=fng (1755,778) [filtered=1407]
cnt=3 s0=PALM(815,2558) s1=PALM(4483,1666) s2=fng (1744,772) [filtered=1408]
cnt=3 s0=PALM(818,2553) s1=PALM(4491,1671) s2=fng (1734,767) [filtered=1409]
cnt=3 s0=PALM(820,2546) s1=PALM(4501,1677) s2=fng (1720,759) [filtered=1410]
cnt=3 s0=PALM(821,2538) s1=PALM(4512,1684) s2=fng (1703,749) [filtered=1411]
cnt=3 s0=PALM(822,2531) s1=PALM(4522,1691) s2=fng (1686,739) [filtered=1412]
cnt=3 s0=PALM(822,2522) s1=PALM(4533,1698) s2=fng (1665,728) [filtered=1413]
cnt=3 s0=PALM(822,2511) s1=PALM(4533,1698) s2=fng (1641,715) [filtered=1414]
cnt=2 s0=PALM(822,2511) s2=fng (1641,715) [filtered=1415]
cnt=2 s0=PALM(822,2501) s2=fng (1617,702) [filtered=1416]
cnt=2 s0=PALM(819,2488) s2=fng (1589,687) [filtered=1417]
cnt=2 s0=PALM(814,2474) s2=fng (1560,674) [filtered=1418]
cnt=2 s0=PALM(809,2461) s2=fng (1531,661) [filtered=1419]
cnt=2 s0=PALM(803,2447) s2=fng (1502,648) [filtered=1420]
cnt=2 s0=PALM(796,2432) s2=fng (1475,637) [filtered=1421]
cnt=2 s0=PALM(789,2418) s2=fng (1448,626) [filtered=1422]
cnt=2 s0=PALM(781,2405) s2=fng (1424,617) [filtered=1423]
cnt=2 s0=PALM(772,2392) s2=fng (1404,609) [filtered=1424]
cnt=2 s0=PALM(763,2380) s2=fng (1384,602) [filtered=1425]
cnt=1 s0=fng (753,2369) [filtered=1425]
cnt=1 s0=fng (742,2359) [filtered=1425]
cnt=1 s0=fng (731,2351) [filtered=1425]
cnt=1 s0=fng (720,2344) [filtered=1425]
cnt=1 s0=fng (709,2338) [filtered=1425]
cnt=1 s0=fng (698,2333) [filtered=1425]
cnt=1 s0=fng (688,2329) [filtered=1425]
cnt=1 s0=fng (678,2325) [filtered=1425]
cnt=1 s0=fng (668,2322) [filtered=1425]
cnt=1 s0=fng (658,2320) [filtered=1425]
cnt=1 s0=fng (648,2319) [filtered=1425]
cnt=1 s0=fng (638,2320) [filtered=1425]
cnt=1 s0=fng (629,2320) [filtered=1425]
cnt=1 s0=fng (621,2320) [filtered=1425]
cnt=1 s0=fng (614,2320) [filtered=1425]
cnt=1 s0=fng (606,2320) [filtered=1425]
cnt=1 s0=fng (599,2320) [filtered=1425]
cnt=1 s0=fng (593,2320) [filtered=1425]
cnt=1 s0=fng (588,2320) [filtered=1425]
cnt=1 s0=fng (584,2321) [filtered=1425]
cnt=1 s0=fng (581,2321) [filtered=1425]
cnt=1 s0=fng (578,2321) [filtered=1425]
cnt=1 s0=fng (577,2322) [filtered=1425]
cnt=1 s0=fng (576,2322) [filtered=1425]
cnt=1 s0=fng (577,2323) [filtered=1425]
cnt=1 s0=fng (578,2324) [filtered=1425]
cnt=1 s0=fng (581,2325) [filtered=1425]
cnt=1 s0=fng (582,2326) [filtered=1425]
cnt=1 s0=fng (586,2328) [filtered=1425]
cnt=1 s0=fng (590,2331) [filtered=1425]
cnt=1 s0=fng (594,2333) [filtered=1425]
cnt=1 s0=fng (601,2337) [filtered=1425]
cnt=1 s0=fng (609,2341) [filtered=1425]
cnt=1 s0=fng (616,2344) [filtered=1425]
cnt=1 s0=fng (626,2349) [filtered=1425]
cnt=1 s0=fng (637,2354) [filtered=1425]
cnt=1 s0=fng (647,2358) [filtered=1425]
cnt=1 s0=fng (660,2364) [filtered=1425]
cnt=1 s0=fng (675,2371) [filtered=1425]
cnt=1 s0=fng (689,2377) [filtered=1425]
cnt=1 s0=fng (705,2384) [filtered=1425]
cnt=1 s0=fng (722,2391) [filtered=1425]
cnt=1 s0=fng (738,2397) [filtered=1425]
cnt=1 s0=fng (757,2404) [filtered=1425]
cnt=1 s0=fng (776,2412) [filtered=1425]
cnt=1 s0=fng (796,2420) [filtered=1425]
cnt=1 s0=fng (815,2427) [filtered=1425]
cnt=1 s0=fng (835,2436) [filtered=1425]
cnt=1 s0=fng (855,2445) [filtered=1425]
cnt=1 s0=fng (874,2454) [filtered=1425]
cnt=1 s0=fng (892,2462) [filtered=1425]
cnt=1 s0=fng (911,2472) [filtered=1425]
cnt=1 s0=fng (930,2482) [filtered=1425]
cnt=1 s0=fng (948,2492) [filtered=1425]
cnt=1 s0=fng (965,2502) [filtered=1425]
cnt=1 s0=fng (982,2512) [filtered=1425]
cnt=1 s0=fng (999,2523) [filtered=1425]
cnt=1 s0=fng (1016,2534) [filtered=1425]
cnt=1 s0=fng (1033,2545) [filtered=1425]
cnt=1 s0=fng (1049,2557) [filtered=1425]
cnt=1 s0=fng (1064,2569) [filtered=1425]
cnt=1 s0=fng (1078,2581) [filtered=1425]
cnt=1 s0=fng (1091,2594) [filtered=1425]
cnt=1 s0=fng (1104,2607) [filtered=1425]
cnt=1 s0=fng (1116,2620) [filtered=1425]
cnt=1 s0=fng (1127,2632) [filtered=1425]
cnt=1 s0=fng (1136,2645) [filtered=1425]
cnt=1 s0=fng (1144,2658) [filtered=1425]
cnt=1 s0=fng (1152,2671) [filtered=1425]
cnt=1 s0=fng (1158,2684) [filtered=1425]
cnt=1 s0=fng (1163,2697) [filtered=1425]
cnt=1 s0=fng (1167,2710) [filtered=1425]
cnt=1 s0=fng (1169,2723) [filtered=1425]
cnt=1 s0=fng (1170,2736) [filtered=1425]
cnt=1 s0=fng (1170,2749) [filtered=1425]
cnt=1 s0=fng (1170,2749) [filtered=1425]
cnt=1 s0=fng (2647,692) [filtered=1425]
cnt=1 s0=fng (2646,693) [filtered=1425]
cnt=1 s0=fng (2644,696) [filtered=1425]
cnt=1 s0=fng (2643,697) [filtered=1425]
cnt=1 s0=fng (2639,702) [filtered=1425]
cnt=1 s0=fng (2634,711) [filtered=1425]
cnt=1 s0=fng (2627,725) [filtered=1425]
cnt=1 s0=fng (2622,739) [filtered=1425]
cnt=1 s0=fng (2616,757) [filtered=1425]
cnt=1 s0=fng (2609,780) [filtered=1425]
cnt=1 s0=fng (2603,807) [filtered=1425]
cnt=1 s0=fng (2597,837) [filtered=1425]
cnt=1 s0=fng (2593,866) [filtered=1425]
cnt=1 s0=fng (2590,899) [filtered=1425]
cnt=1 s0=fng (2589,933) [filtered=1425]
cnt=1 s0=fng (2589,969) [filtered=1425]
cnt=1 s0=fng (2593,1008) [filtered=1425]
cnt=1 s0=fng (2595,1046) [filtered=1425]
cnt=1 s0=fng (2600,1085) [filtered=1425]
cnt=1 s0=fng (2607,1124) [filtered=1425]
cnt=1 s0=fng (2617,1161) [filtered=1425]
cnt=1 s0=fng (2626,1198) [filtered=1425]
cnt=1 s0=fng (2638,1235) [filtered=1425]
cnt=1 s0=fng (2651,1270) [filtered=1425]
cnt=1 s0=fng (2667,1303) [filtered=1425]
cnt=1 s0=fng (2684,1332) [filtered=1425]
cnt=1 s0=fng (2701,1360) [filtered=1425]
cnt=1 s0=fng (2720,1386) [filtered=1425]
cnt=1 s0=fng (2741,1409) [filtered=1425]
cnt=1 s0=fng (2763,1430) [filtered=1425]
cnt=1 s0=fng (2787,1447) [filtered=1425]
cnt=1 s0=fng (2810,1463) [filtered=1425]
cnt=1 s0=fng (2834,1477) [filtered=1425]
cnt=1 s0=fng (2859,1489) [filtered=1425]
cnt=1 s0=fng (2884,1497) [filtered=1425]
cnt=1 s0=fng (2909,1503) [filtered=1425]
cnt=1 s0=fng (2934,1509) [filtered=1425]
cnt=1 s0=fng (2959,1513) [filtered=1425]
cnt=1 s0=fng (2984,1514) [filtered=1425]
cnt=1 s0=fng (3007,1514) [filtered=1425]
cnt=1 s0=fng (3029,1514) [filtered=1425]
cnt=1 s0=fng (3050,1510) [filtered=1425]
cnt=1 s0=fng (3071,1504) [filtered=1425]
cnt=1 s0=fng (3092,1496) [filtered=1425]
cnt=1 s0=fng (3113,1486) [filtered=1425]
cnt=1 s0=fng (3133,1477) [filtered=1425]
cnt=1 s0=fng (3156,1465) [filtered=1425]
cnt=1 s0=fng (3181,1449) [filtered=1425]
cnt=1 s0=fng (3205,1431) [filtered=1425]
cnt=1 s0=fng (3230,1409) [filtered=1425]
cnt=1 s0=fng (3254,1388) [filtered=1425]
cnt=1 s0=fng (3279,1364) [filtered=1425]
cnt=1 s0=fng (3303,1338) [filtered=1425]
cnt=1 s0=fng (3326,1311) [filtered=1425]
cnt=1 s0=fng (3348,1284) [filtered=1425]
cnt=1 s0=fng (3368,1256) [filtered=1425]
cnt=1 s0=fng (3386,1227) [filtered=1425]
cnt=1 s0=fng (3403,1198) [filtered=1425]
cnt=1 s0=fng (3417,1168) [filtered=1425]
cnt=1 s0=fng (3430,1139) [filtered=1425]
cnt=1 s0=fng (3441,1110) [filtered=1425]
cnt=1 s0=fng (3449,1080) [filtered=1425]
cnt=1 s0=fng (3455,1050) [filtered=1425]
cnt=1 s0=fng (3459,1020) [filtered=1425]
cnt=1 s0=fng (3463,990) [filtered=1425]
cnt=1 s0=fng (3465,960) [filtered=1425]
cnt=1 s0=fng (3465,931) [filtered=1425]
cnt=1 s0=fng (3461,903) [filtered=1425]
cnt=1 s0=fng (3457,876) [filtered=1425]
cnt=1 s0=fng (3451,849) [filtered=1425]
cnt=1 s0=fng (3443,822) [filtered=1425]
cnt=1 s0=fng (3433,797) [filtered=1425]
cnt=1 s0=fng (3420,773) [filtered=1425]
cnt=1 s0=fng (3408,750) [filtered=1425]
cnt=1 s0=fng (3394,729) [filtered=1425]
cnt=1 s0=fng (3376,711) [filtered=1425]
cnt=1 s0=fng (3356,696) [filtered=1425]
cnt=1 s0=fng (3334,684) [filtered=1425]
cnt=1 s0=fng (3313,673) [filtered=1425]
cnt=1 s0=fng (3289,666) [filtered=1425]
cnt=1 s0=fng (3264,663) [filtered=1425]
cnt=1 s0=fng (3238,663) [filtered=1425]
cnt=1 s0=fng (3209,670) [filtered=1425]
cnt=1 s0=fng (3181,677) [filtered=1425]
cnt=1 s0=fng (3151,686) [filtered=1425]
cnt=1 s0=fng (3119,699) [filtered=1425]
cnt=1 s0=fng (3086,716) [filtered=1425]
cnt=1 s0=fng (3053,732) [filtered=1425]
cnt=1 s0=fng (3019,751) [filtered=1425]
cnt=1 s0=fng (2986,772) [filtered=1425]
cnt=1 s0=fng (2955,796) [filtered=1425]
cnt=1 s0=fng (2926,822) [filtered=1425]
cnt=1 s0=fng (2897,847) [filtered=1425]
cnt=1 s0=fng (2870,872) [filtered=1425]
cnt=1 s0=fng (2845,897) [filtered=1425]
cnt=1 s0=fng (2823,922) [filtered=1425]
cnt=1 s0=fng (2802,946) [filtered=1425]
cnt=1 s0=fng (2782,969) [filtered=1425]
cnt=1 s0=fng (2764,991) [filtered=1425]
cnt=1 s0=fng (2749,1012) [filtered=1425]
cnt=1 s0=fng (2736,1033) [filtered=1425]
cnt=1 s0=fng (2724,1054) [filtered=1425]
cnt=1 s0=fng (2714,1074) [filtered=1425]
cnt=1 s0=fng (2706,1093) [filtered=1425]
cnt=1 s0=fng (2700,1110) [filtered=1425]
cnt=1 s0=fng (2696,1125) [filtered=1425]
cnt=1 s0=fng (2692,1139) [filtered=1425]
cnt=1 s0=fng (2688,1151) [filtered=1425]
cnt=1 s0=fng (4719,1408) [filtered=1425]
cnt=1 s0=fng (4719,1408) [filtered=1425]
cnt=1 s0=fng (4719,1408) [filtered=1425]
cnt=1 s0=fng (4718,1408) [filtered=1425]
cnt=1 s0=fng (4717,1407) [filtered=1425]
cnt=1 s0=fng (4716,1407) [filtered=1425]
cnt=1 s0=fng (4715,1407) [filtered=1425]
cnt=1 s0=fng (4714,1406) [filtered=1425]
cnt=1 s0=fng (4713,1405) [filtered=1425]
cnt=1 s0=fng (4712,1405) [filtered=1425]
cnt=1 s0=fng (4710,1404) [filtered=1425]
cnt=1 s0=fng (4709,1404) [filtered=1425]
cnt=1 s0=fng (4707,1403) [filtered=1425]
cnt=1 s0=fng (4702,1401) [filtered=1425]
cnt=1 s0=fng (4695,1398) [filtered=1425]
cnt=1 s0=fng (4686,1395) [filtered=1425]
cnt=1 s0=fng (4677,1393) [filtered=1425]
cnt=1 s0=fng (4666,1390) [filtered=1425]
cnt=1 s0=fng (4654,1387) [filtered=1425]
cnt=1 s0=fng (4642,1383) [filtered=1425]
cnt=1 s0=fng (4630,1381) [filtered=1425]
cnt=1 s0=fng (4619,1378) [filtered=1425]
cnt=1 s0=fng (4609,1376) [filtered=1425]
cnt=1 s0=fng (4601,1374) [filtered=1425]
cnt=1 s0=fng (4596,1374) [filtered=1425]
cnt=1 s0=fng (4592,1373) [filtered=1425]
cnt=1 s0=fng (4589,1373) [filtered=1425]
cnt=1 s0=fng (4587,1373) [filtered=1425]
cnt=1 s0=fng (4586,1374) [filtered=1425]
cnt=1 s0=fng (4584,1375) [filtered=1425]
cnt=1 s0=fng (4583,1376) [filtered=1425]
cnt=1 s0=fng (4581,1377) [filtered=1425]
cnt=1 s0=fng (4579,1379) [filtered=1425]
cnt=1 s0=fng (4577,1381) [filtered=1425]
cnt=1 s0=fng (4576,1382) [filtered=1425]
cnt=1 s0=fng (4574,1384) [filtered=1425]
cnt=1 s0=fng (4572,1387) [filtered=1425]
cnt=1 s0=fng (4570,1390) [filtered=1425]
cnt=1 s0=fng (4568,1393) [filtered=1425]
cnt=1 s0=fng (4567,1395) [filtered=1425]
cnt=1 s0=fng (4566,1398) [filtered=1425]
cnt=1 s0=fng (4565,1401) [filtered=1425]
cnt=1 s0=fng (4565,1405) [filtered=1425]
cnt=1 s0=fng (4565,1409) [filtered=1425]
cnt=1 s0=fng (4565,1412) [filtered=1425]
cnt=1 s0=fng (4566,1416) [filtered=1425]
cnt=1 s0=fng (4567,1420) [filtered=1425]
cnt=1 s0=fng (4569,1424) [filtered=1425]
cnt=1 s0=fng (4570,1427) [filtered=1425]
cnt=1 s0=fng (4572,1432) [filtered=1425]
cnt=2 s0=PALM(4575,1437) s1=fng (915,25) [filtered=1426]
cnt=2 s0=PALM(4579,1442) s1=fng (915,25) [filtered=1427]
cnt=2 s0=PALM(4583,1448) s1=fng (915,25) [filtered=1428]
cnt=2 s0=PALM(4586,1454) s1=fng (915,25) [filtered=1429]
cnt=2 s0=PALM(4590,1460) s1=fng (915,25) [filtered=1430]
cnt=2 s0=PALM(4595,1466) s1=fng (915,25) [filtered=1431]
cnt=2 s0=PALM(4600,1471) s1=fng (915,25) [filtered=1432]
cnt=2 s0=PALM(4607,1476) s1=fng (915,25) [filtered=1433]
cnt=2 s0=PALM(4614,1480) s1=fng (915,25) [filtered=1434]
cnt=2 s0=PALM(4622,1484) s1=fng (914,25) [filtered=1435]
cnt=2 s0=PALM(4630,1487) s1=fng (913,25) [filtered=1436]
cnt=2 s0=PALM(4637,1490) s1=fng (913,25) [filtered=1437]
cnt=2 s0=PALM(4643,1493) s1=fng (913,25) [filtered=1438]
cnt=2 s0=PALM(4648,1495) s1=fng (913,25) [filtered=1439]
cnt=2 s0=PALM(4654,1496) s1=fng (913,25) [filtered=1440]
cnt=1 s0=fng (4659,1497) [filtered=1440]
cnt=1 s0=fng (4664,1498) [filtered=1440]
cnt=1 s0=fng (4668,1500) [filtered=1440]
cnt=1 s0=fng (4671,1501) [filtered=1440]
cnt=1 s0=fng (4674,1502) [filtered=1440]
cnt=1 s0=fng (4676,1503) [filtered=1440]
cnt=1 s0=fng (4679,1504) [filtered=1440]
cnt=1 s0=fng (4681,1505) [filtered=1440]
cnt=1 s0=fng (4683,1506) [filtered=1440]
cnt=1 s0=fng (4684,1507) [filtered=1440]
cnt=1 s0=fng (4685,1508) [filtered=1440]
cnt=1 s0=fng (4685,1509) [filtered=1440]
cnt=1 s0=fng (4685,1509) [filtered=1440]
cnt=1 s0=fng (4684,1510) [filtered=1440]
cnt=1 s0=fng (4682,1511) [filtered=1440]
cnt=1 s0=fng (4680,1512) [filtered=1440]
cnt=1 s0=fng (4678,1513) [filtered=1440]
cnt=1 s0=fng (4677,1514) [filtered=1440]
cnt=1 s0=fng (4674,1515) [filtered=1440]
cnt=1 s0=fng (4670,1516) [filtered=1440]
cnt=1 s0=fng (4665,1516) [filtered=1440]
cnt=1 s0=fng (4662,1516) [filtered=1440]
cnt=1 s0=fng (4658,1517) [filtered=1440]
cnt=1 s0=fng (4653,1517) [filtered=1440]
cnt=1 s0=fng (4648,1517) [filtered=1440]
cnt=1 s0=fng (4643,1517) [filtered=1440]
cnt=1 s0=fng (4638,1517) [filtered=1440]
cnt=1 s0=fng (4633,1517) [filtered=1440]
cnt=1 s0=fng (4628,1516) [filtered=1440]
cnt=1 s0=fng (4623,1516) [filtered=1440]
cnt=1 s0=fng (4617,1515) [filtered=1440]
cnt=1 s0=fng (4613,1514) [filtered=1440]
cnt=1 s0=fng (4608,1513) [filtered=1440]
cnt=1 s0=fng (4604,1512) [filtered=1440]
cnt=1 s0=fng (4601,1511) [filtered=1440]
cnt=1 s0=fng (4599,1510) [filtered=1440]
cnt=1 s0=fng (4598,1509) [filtered=1440]
cnt=1 s0=fng (4598,1507) [filtered=1440]
cnt=1 s0=fng (4597,1505) [filtered=1440]
cnt=1 s0=fng (4597,1503) [filtered=1440]
cnt=1 s0=fng (4597,1502) [filtered=1440]
cnt=1 s0=fng (4597,1500) [filtered=1440]
cnt=1 s0=fng (4597,1497) [filtered=1440]
cnt=1 s0=fng (4597,1495) [filtered=1440]
cnt=1 s0=fng (4598,1492) [filtered=1440]
cnt=1 s0=fng (4598,1491) [filtered=1440]
cnt=1 s0=fng (4599,1489) [filtered=1440]
cnt=1 s0=fng (4599,1486) [filtered=1440]
cnt=1 s0=fng (4600,1483) [filtered=1440]
cnt=1 s0=fng (4600,1481) [filtered=1440]
cnt=1 s0=fng (4600,1480) [filtered=1440]
cnt=1 s0=fng (4600,1478) [filtered=1440]
cnt=1 s0=fng (4600,1476) [filtered=1440]
cnt=1 s0=fng (4601,1474) [filtered=1440]
cnt=1 s0=fng (4601,1473) [filtered=1440]
cnt=1 s0=fng (4602,1472) [filtered=1440]
cnt=1 s0=fng (4603,1470) [filtered=1440]
cnt=1 s0=fng (4604,1469) [filtered=1440]
cnt=1 s0=fng (4605,1468) [filtered=1440]
cnt=1 s0=fng (4606,1468) [filtered=1440]
cnt=1 s0=fng (4607,1468) [filtered=1440]
cnt=1 s0=fng (4608,1468) [filtered=1440]
cnt=1 s0=fng (4609,1467) [filtered=1440]
cnt=1 s0=fng (4609,1467) [filtered=1440]
cnt=1 s0=fng (4609,1467) [filtered=1440]
cnt=1 s0=fng (4609,1467) [filtered=1440]
cnt=1 s0=fng (4609,1467) [filtered=1440]
cnt=1 s0=fng (4609,1467) [filtered=1440]
cnt=1 s0=fng (4609,1467)* [filtered=1440]
cnt=1 s0=fng (4609,1467)* [filtered=1440]
cnt=1 s0=fng (4609,1467)* [filtered=1440]
cnt=1 s0=fng (4609,1467)* [filtered=1440]
cnt=1 s0=fng (4609,1467)* [filtered=1440]
cnt=1 s0=fng (4609,1467)* [filtered=1440]
cnt=1 s0=fng (4608,1467)* [filtered=1440]
cnt=1 s0=fng (4607,1467)* [filtered=1440]
cnt=1 s0=fng (4606,1467)* [filtered=1440]
cnt=1 s0=fng (4606,1467)* [filtered=1440]
cnt=1 s0=fng (4606,1467)* [filtered=1440]
cnt=1 s0=fng (4606,1468)* [filtered=1440]
cnt=1 s0=fng (4607,1469)* [filtered=1440]
cnt=1 s0=fng (4608,1470)* [filtered=1440]
cnt=1 s0=fng (4609,1472)* [filtered=1440]
cnt=1 s0=fng (4610,1473)* [filtered=1440]
cnt=1 s0=fng (4612,1474)* [filtered=1440]
cnt=1 s0=fng (4615,1476) [filtered=1440]
cnt=1 s0=fng (4619,1479) [filtered=1440]
cnt=1 s0=fng (4624,1483) [filtered=1440]
cnt=1 s0=fng (4627,1485) [filtered=1440]
cnt=1 s0=fng (4632,1488) [filtered=1440]
cnt=1 s0=fng (4637,1491) [filtered=1440]
cnt=1 s0=fng (4642,1495) [filtered=1440]
cnt=1 s0=fng (4647,1499) [filtered=1440]
cnt=1 s0=fng (4651,1502) [filtered=1440]
cnt=1 s0=fng (4655,1507) [filtered=1440]
cnt=1 s0=fng (4658,1512) [filtered=1440]
cnt=1 s0=fng (4661,1516) [filtered=1440]
cnt=1 s0=fng (4663,1519) [filtered=1440]
cnt=1 s0=fng (4664,1522) [filtered=1440]
cnt=1 s0=fng (4665,1524) [filtered=1440]
cnt=1 s0=fng (4666,1527) [filtered=1440]
cnt=1 s0=fng (4674,1558) [filtered=1440]
cnt=1 s0=fng (4672,1557) [filtered=1440]
cnt=1 s0=fng (4670,1556) [filtered=1440]
cnt=1 s0=fng (4669,1556) [filtered=1440]
cnt=1 s0=fng (4668,1556) [filtered=1440]
cnt=1 s0=fng (4666,1555) [filtered=1440]
cnt=1 s0=fng (4664,1555) [filtered=1440]
cnt=1 s0=fng (4662,1555) [filtered=1440]
cnt=1 s0=fng (4661,1555) [filtered=1440]
cnt=1 s0=fng (4659,1555) [filtered=1440]
cnt=1 s0=fng (4658,1555) [filtered=1440]
cnt=1 s0=fng (4657,1555) [filtered=1440]
cnt=1 s0=fng (4655,1555) [filtered=1440]
cnt=1 s0=fng (4654,1555) [filtered=1440]
cnt=1 s0=fng (4653,1555) [filtered=1440]
cnt=1 s0=fng (4652,1555) [filtered=1440]
cnt=1 s0=fng (4651,1555) [filtered=1440]
cnt=1 s0=fng (4650,1555) [filtered=1440]
cnt=1 s0=fng (4649,1555) [filtered=1440]
cnt=1 s0=fng (4648,1555) [filtered=1440]
cnt=1 s0=fng (4647,1555)* [filtered=1440]
cnt=1 s0=fng (4646,1555)* [filtered=1440]
cnt=1 s0=fng (4645,1555)* [filtered=1440]
cnt=1 s0=fng (4644,1555)* [filtered=1440]
cnt=1 s0=fng (4642,1555)* [filtered=1440]
cnt=1 s0=fng (4639,1555)* [filtered=1440]
cnt=1 s0=fng (4636,1554) [filtered=1440]
cnt=1 s0=fng (4635,1554) [filtered=1440]
cnt=1 s0=fng (4632,1554) [filtered=1440]
cnt=1 s0=fng (4628,1553) [filtered=1440]
cnt=1 s0=fng (4624,1552) [filtered=1440]
cnt=1 s0=fng (4620,1551) [filtered=1440]
cnt=1 s0=fng (4617,1550) [filtered=1440]
cnt=1 s0=fng (4612,1549) [filtered=1440]
cnt=1 s0=fng (4607,1547) [filtered=1440]
cnt=1 s0=fng (4602,1545) [filtered=1440]
cnt=1 s0=fng (4598,1542) [filtered=1440]
cnt=1 s0=fng (4595,1541) [filtered=1440]
cnt=1 s0=fng (4593,1539) [filtered=1440]
cnt=1 s0=fng (4592,1537) [filtered=1440]
cnt=1 s0=fng (4591,1536) [filtered=1440]
cnt=1 s0=fng (4590,1535) [filtered=1440]
cnt=1 s0=fng (4589,1535) [filtered=1440]
cnt=1 s0=fng (4588,1535) [filtered=1440]
cnt=1 s0=fng (4587,1535) [filtered=1440]
cnt=1 s0=fng (4586,1535) [filtered=1440]
cnt=1 s0=fng (4585,1535) [filtered=1440]
cnt=1 s0=fng (4584,1535) [filtered=1440]
cnt=1 s0=fng (4583,1535) [filtered=1440]
cnt=1 s0=fng (4582,1536) [filtered=1440]
cnt=1 s0=fng (4580,1537) [filtered=1440]
cnt=1 s0=fng (4579,1538) [filtered=1440]
cnt=1 s0=fng (4578,1539) [filtered=1440]
cnt=1 s0=fng (4578,1541) [filtered=1440]
cnt=1 s0=fng (4577,1544) [filtered=1440]
cnt=1 s0=fng (4577,1546) [filtered=1440]
cnt=1 s0=fng (4577,1549) [filtered=1440]
cnt=1 s0=fng (4577,1552) [filtered=1440]
cnt=1 s0=fng (4577,1556) [filtered=1440]
cnt=1 s0=fng (4578,1560) [filtered=1440]
cnt=1 s0=fng (4578,1563) [filtered=1440]
cnt=1 s0=fng (4579,1567) [filtered=1440]
cnt=1 s0=fng (4580,1571) [filtered=1440]
cnt=1 s0=fng (4581,1575) [filtered=1440]
cnt=1 s0=fng (4583,1580) [filtered=1440]
cnt=1 s0=fng (4584,1583) [filtered=1440]
cnt=1 s0=fng (4586,1587) [filtered=1440]
cnt=1 s0=fng (4588,1592) [filtered=1440]
cnt=1 s0=fng (4591,1597) [filtered=1440]
cnt=1 s0=fng (4594,1602) [filtered=1440]
cnt=1 s0=fng (4595,1606) [filtered=1440]
cnt=1 s0=fng (4598,1611) [filtered=1440]
cnt=1 s0=fng (4602,1616) [filtered=1440]
cnt=1 s0=fng (4608,1621) [filtered=1440]
cnt=1 s0=fng (4614,1626) [filtered=1440]
cnt=1 s0=fng (4618,1630) [filtered=1440]
cnt=1 s0=fng (4623,1634) [filtered=1440]
cnt=1 s0=fng (4628,1639) [filtered=1440]
cnt=1 s0=fng (4633,1644) [filtered=1440]
cnt=1 s0=fng (4637,1648) [filtered=1440]
cnt=1 s0=fng (4642,1652) [filtered=1440]
cnt=1 s0=fng (4647,1656) [filtered=1440]
cnt=1 s0=fng (4651,1661) [filtered=1440]
cnt=1 s0=fng (4655,1666) [filtered=1440]
cnt=1 s0=fng (4658,1670) [filtered=1440]
cnt=1 s0=fng (4661,1674) [filtered=1440]
cnt=1 s0=fng (4664,1678) [filtered=1440]
cnt=1 s0=fng (4667,1682) [filtered=1440]
cnt=1 s0=fng (4670,1686) [filtered=1440]
cnt=1 s0=fng (4672,1690) [filtered=1440]
cnt=1 s0=fng (4674,1693) [filtered=1440]
cnt=1 s0=fng (4676,1696) [filtered=1440]
cnt=1 s0=fng (4677,1700) [filtered=1440]
cnt=1 s0=fng (4678,1703) [filtered=1440]
cnt=1 s0=fng (4679,1706) [filtered=1440]
cnt=1 s0=fng (4680,1709) [filtered=1440]
cnt=1 s0=fng (4680,1713) [filtered=1440]
cnt=1 s0=fng (4680,1716) [filtered=1440]
cnt=1 s0=fng (4680,1718) [filtered=1440]
cnt=1 s0=fng (4680,1719) [filtered=1440]
cnt=1 s0=fng (4679,1720) [filtered=1440]
cnt=1 s0=fng (4678,1722) [filtered=1440]
cnt=1 s0=fng (4677,1723) [filtered=1440]
cnt=1 s0=fng (4677,1724) [filtered=1440]
cnt=1 s0=fng (4676,1724) [filtered=1440]
cnt=1 s0=fng (4673,1724) [filtered=1440]
cnt=1 s0=fng (4670,1724) [filtered=1440]
cnt=1 s0=fng (4669,1724) [filtered=1440]
cnt=1 s0=fng (4667,1724) [filtered=1440]
cnt=1 s0=fng (4664,1724) [filtered=1440]
cnt=1 s0=fng (4661,1724) [filtered=1440]
cnt=1 s0=fng (4657,1723) [filtered=1440]
cnt=1 s0=fng (4655,1723) [filtered=1440]
cnt=1 s0=fng (4653,1723) [filtered=1440]
cnt=1 s0=fng (4651,1722) [filtered=1440]
cnt=1 s0=fng (4650,1721) [filtered=1440]
cnt=1 s0=fng (4649,1721) [filtered=1440]
cnt=1 s0=fng (4648,1721) [filtered=1440]
cnt=1 s0=fng (4648,1721) [filtered=1440]
cnt=1 s0=fng (4648,1721) [filtered=1440]
cnt=1 s0=fng (4649,1721) [filtered=1440]
cnt=1 s0=fng (4649,1721) [filtered=1440]
cnt=1 s0=fng (4650,1721) [filtered=1440]
cnt=1 s0=fng (4651,1722) [filtered=1440]
cnt=1 s0=fng (4653,1723) [filtered=1440]
cnt=1 s0=fng (4655,1724) [filtered=1440]
cnt=1 s0=fng (4656,1724) [filtered=1440]
cnt=1 s0=fng (4658,1724) [filtered=1440]
cnt=1 s0=fng (4660,1725) [filtered=1440]
cnt=1 s0=fng (4695,1740) [filtered=1440]
cnt=1 s0=fng (4695,1740) [filtered=1440]
cnt=1 s0=fng (4695,1740) [filtered=1440]
cnt=1 s0=fng (4695,1740) [filtered=1440]
cnt=1 s0=fng (4695,1740) [filtered=1440]
cnt=1 s0=fng (4695,1740) [filtered=1440]
cnt=1 s0=fng (4695,1740) [filtered=1440]
cnt=1 s0=fng (4695,1741) [filtered=1440]
cnt=1 s0=fng (4695,1742) [filtered=1440]
cnt=1 s0=fng (4695,1742) [filtered=1440]
cnt=1 s0=fng (4695,1742) [filtered=1440]
cnt=1 s0=fng (4695,1742) [filtered=1440]
cnt=1 s0=fng (4695,1742) [filtered=1440]
cnt=1 s0=fng (4695,1742) [filtered=1440]
cnt=1 s0=fng (4695,1742) [filtered=1440]
cnt=1 s0=fng (4695,1742) [filtered=1440]
cnt=1 s0=fng (4695,1742) [filtered=1440]
cnt=1 s0=fng (4695,1742) [filtered=1440]
cnt=1 s0=fng (4695,1742) [filtered=1440]
cnt=1 s0=fng (4695,1742) [filtered=1440]
cnt=1 s0=fng (4695,1742)* [filtered=1440]
cnt=1 s0=fng (4695,1742)* [filtered=1440]
cnt=1 s0=fng (4695,1742)* [filtered=1440]
cnt=1 s0=fng (4695,1742)* [filtered=1440]
cnt=1 s0=fng (4695,1743)* [filtered=1440]
cnt=1 s0=fng (4695,1743)* [filtered=1440]
cnt=1 s0=fng (4695,1743)* [filtered=1440]
cnt=1 s0=fng (4695,1744)* [filtered=1440]
cnt=1 s0=fng (4695,1744)* [filtered=1440]
cnt=1 s0=fng (4695,1744)* [filtered=1440]
cnt=1 s0=fng (4695,1745)* [filtered=1440]
cnt=1 s0=fng (4696,1745)* [filtered=1440]
cnt=1 s0=fng (4696,1746)* [filtered=1440]
cnt=1 s0=fng (4696,1746)* [filtered=1440]
cnt=1 s0=fng (4696,1746)* [filtered=1440]
cnt=1 s0=fng (4696,1747)* [filtered=1440]
cnt=1 s0=fng (4696,1747)* [filtered=1440]
cnt=1 s0=fng (4696,1748)* [filtered=1440]
cnt=1 s0=fng (4696,1748)* [filtered=1440]
cnt=1 s0=fng (4696,1748)* [filtered=1440]
cnt=1 s0=fng (4696,1749)* [filtered=1440]
cnt=1 s0=fng (4696,1750)* [filtered=1440]
cnt=1 s0=fng (4696,1750)* [filtered=1440]
cnt=1 s0=fng (4696,1751)* [filtered=1440]
cnt=1 s0=fng (4696,1751)* [filtered=1440]
cnt=1 s0=fng (4696,1751)* [filtered=1440]
cnt=1 s0=fng (4696,1752)* [filtered=1440]
cnt=1 s0=fng (4696,1752)* [filtered=1440]
cnt=1 s0=fng (4696,1752)* [filtered=1440]
cnt=1 s0=fng (4696,1752)* [filtered=1440]
cnt=1 s0=fng (4696,1752)* [filtered=1440]
cnt=1 s0=fng (4696,1752)* [filtered=1440]
cnt=1 s0=fng (4696,1752)* [filtered=1440]
cnt=1 s0=fng (4696,1752)* [filtered=1440]
cnt=1 s0=fng (4696,1751)* [filtered=1440]
cnt=1 s0=fng (4696,1751)* [filtered=1440]
cnt=1 s0=fng (4696,1750)* [filtered=1440]
cnt=1 s0=fng (4696,1750)* [filtered=1440]
cnt=1 s0=fng (4696,1750)* [filtered=1440]
cnt=1 s0=fng (4696,1749)* [filtered=1440]
cnt=1 s0=fng (4696,1748)* [filtered=1440]
cnt=1 s0=fng (4696,1747)* [filtered=1440]
cnt=1 s0=fng (4695,1746)* [filtered=1440]
cnt=1 s0=fng (4695,1746)* [filtered=1440]
cnt=1 s0=fng (4695,1746)* [filtered=1440]
cnt=1 s0=fng (4695,1745)* [filtered=1440]
cnt=1 s0=fng (4695,1744)* [filtered=1440]
cnt=1 s0=fng (4695,1743)* [filtered=1440]
cnt=1 s0=fng (4695,1743)* [filtered=1440]
