touchpad: x[0..4762] y[0..3099] res=32,32 slots=5
palm: bottom_zone=1200 edge_left=476 edge_right=4285 spread=400
virtual device created: ASUF1209 Palm Filtered Touchpad
grabbed source device (exclusive)
cnt=1 s0=fng (4657,1496) [filtered=0]
cnt=1 s0=fng (4657,1496) [filtered=0]
cnt=1 s0=fng (4657,1496) [filtered=0]
cnt=1 s0=fng (4657,1496) [filtered=0]
cnt=1 s0=fng (4657,1496) [filtered=0]
cnt=1 s0=fng (4657,1496) [filtered=0]
cnt=1 s0=fng (4657,1495) [filtered=0]
cnt=1 s0=fng (4657,1495) [filtered=0]
cnt=1 s0=fng (4657,1495) [filtered=0]
cnt=1 s0=fng (4656,1495) [filtered=0]
cnt=1 s0=fng (4655,1494) [filtered=0]
cnt=1 s0=fng (4654,1494) [filtered=0]
cnt=1 s0=fng (4653,1494) [filtered=0]
cnt=1 s0=fng (4652,1493) [filtered=0]
cnt=1 s0=fng (4652,1493) [filtered=0]
cnt=1 s0=fng (4652,1492) [filtered=0]
cnt=1 s0=fng (4652,1491) [filtered=0]
cnt=1 s0=fng (4652,1491) [filtered=0]
cnt=1 s0=fng (4652,1490) [filtered=0]
cnt=1 s0=fng (4652,1489) [filtered=0]
cnt=1 s0=fng (4652,1488)* [filtered=0]
cnt=1 s0=fng (4652,1487)* [filtered=0]
cnt=1 s0=fng (4652,1487)* [filtered=0]
cnt=1 s0=fng (4652,1486)* [filtered=0]
cnt=1 s0=fng (4652,1486)* [filtered=0]
cnt=1 s0=fng (4652,1485)* [filtered=0]
cnt=1 s0=fng (4652,1485)* [filtered=0]
cnt=1 s0=fng (4652,1484)* [filtered=0]
cnt=1 s0=fng (4652,1484)* [filtered=0]
cnt=1 s0=fng (4652,1485)* [filtered=0]
cnt=1 s0=fng (4652,1486)* [filtered=0]
cnt=1 s0=fng (4652,1486)* [filtered=0]
cnt=1 s0=fng (4653,1487)* [filtered=0]
cnt=1 s0=fng (4654,1488)* [filtered=0]
cnt=1 s0=fng (4655,1489)* [filtered=0]
cnt=1 s0=fng (4656,1491)* [filtered=0]
cnt=1 s0=fng (973,29) [filtered=0]
cnt=1 s0=fng (973,29) [filtered=0]
cnt=1 s0=fng (973,29) [filtered=0]
cnt=1 s0=fng (973,29) [filtered=0]
cnt=1 s0=fng (973,29) [filtered=0]
cnt=1 s0=fng (973,29) [filtered=0]
cnt=1 s0=fng (973,29) [filtered=0]
cnt=1 s0=fng (973,29) [filtered=0]
cnt=1 s0=fng (973,29) [filtered=0]
cnt=1 s0=fng (973,29) [filtered=0]
cnt=1 s0=fng (973,29) [filtered=0]
cnt=1 s0=fng (973,29) [filtered=0]
cnt=1 s0=fng (973,29) [filtered=0]
cnt=1 s0=fng (973,29) [filtered=0]
cnt=1 s0=fng (973,29) [filtered=0]
cnt=1 s0=fng (973,29) [filtered=0]
cnt=1 s0=fng (973,29) [filtered=0]
cnt=1 s0=fng (973,29) [filtered=0]
cnt=1 s0=fng (973,29) [filtered=0]
cnt=1 s0=fng (973,29) [filtered=0]
cnt=1 s0=fng (973,29)* [filtered=0]
cnt=1 s0=fng (676,1529) [filtered=0]
cnt=1 s0=fng (676,1530) [filtered=0]
cnt=1 s0=fng (676,1531) [filtered=0]
cnt=1 s0=fng (676,1532) [filtered=0]
cnt=1 s0=fng (677,1535) [filtered=0]
cnt=1 s0=fng (679,1542) [filtered=0]
cnt=1 s0=fng (682,1552) [filtered=0]
cnt=1 s0=fng (683,1562) [filtered=0]
cnt=1 s0=fng (687,1576) [filtered=0]
cnt=1 s0=fng (692,1596) [filtered=0]
cnt=1 s0=fng (698,1621) [filtered=0]
cnt=1 s0=fng (707,1652) [filtered=0]
cnt=1 s0=fng (715,1682) [filtered=0]
cnt=1 s0=fng (724,1717) [filtered=0]
cnt=1 s0=fng (733,1754) [filtered=0]
cnt=1 s0=fng (742,1787) [filtered=0]
cnt=1 s0=fng (750,1817) [filtered=0]
cnt=1 s0=fng (757,1846) [filtered=0]
cnt=1 s0=fng (1041,2854) [filtered=0]
cnt=1 s0=fng (1041,2854) [filtered=0]
cnt=1 s0=fng (1041,2854) [filtered=0]
cnt=1 s0=fng (1041,2854) [filtered=0]
cnt=1 s0=fng (1041,2854) [filtered=0]
cnt=1 s0=fng (1041,2854) [filtered=0]
cnt=1 s0=fng (1041,2854) [filtered=0]
cnt=1 s0=fng (1041,2854) [filtered=0]
cnt=1 s0=fng (1041,2854) [filtered=0]
cnt=1 s0=fng (1041,2854) [filtered=0]
cnt=1 s0=fng (1041,2854) [filtered=0]
cnt=1 s0=fng (1041,2854) [filtered=0]
cnt=1 s0=fng (1041,2854) [filtered=0]
cnt=1 s0=fng (1041,2854) [filtered=0]
cnt=1 s0=fng (1041,2854) [filtered=0]
cnt=1 s0=fng (1041,2854) [filtered=0]
cnt=1 s0=fng (1041,2854) [filtered=0]
cnt=1 s0=fng (1041,2853) [filtered=0]
cnt=1 s0=fng (1041,2852) [filtered=0]
cnt=1 s0=fng (1041,2852) [filtered=0]
cnt=1 s0=fng (1041,2852)* [filtered=0]
cnt=1 s0=fng (1041,2851)* [filtered=0]
cnt=1 s0=fng (1041,2851)* [filtered=0]
cnt=1 s0=fng (1041,2850)* [filtered=0]
cnt=1 s0=fng (1041,2849)* [filtered=0]
cnt=1 s0=fng (1041,2849)* [filtered=0]
cnt=1 s0=fng (1041,2849)* [filtered=0]
cnt=1 s0=fng (1040,2849)* [filtered=0]
cnt=1 s0=fng (1039,2848)* [filtered=0]
cnt=1 s0=fng (1039,2848)* [filtered=0]
cnt=1 s0=fng (1039,2848)* [filtered=0]
cnt=1 s0=fng (1038,2847)* [filtered=0]
cnt=1 s0=fng (1038,2847)* [filtered=0]
cnt=1 s0=fng (1037,2846)* [filtered=0]
cnt=1 s0=fng (1037,2846)* [filtered=0]
cnt=1 s0=fng (1037,2845)* [filtered=0]
cnt=1 s0=fng (1036,2845)* [filtered=0]
cnt=1 s0=fng (1035,2844)* [filtered=0]
cnt=1 s0=fng (1034,2844)* [filtered=0]
cnt=1 s0=fng (1034,2844)* [filtered=0]
cnt=1 s0=fng (1033,2843)* [filtered=0]
cnt=1 s0=fng (1032,2843)* [filtered=0]
cnt=1 s0=fng (1031,2843)* [filtered=0]
cnt=1 s0=fng (1030,2843)* [filtered=0]
cnt=1 s0=fng (1030,2843)* [filtered=0]
cnt=1 s0=fng (1029,2843)* [filtered=0]
cnt=1 s0=fng (1028,2843)* [filtered=0]
cnt=1 s0=fng (1028,2843)* [filtered=0]
cnt=1 s0=fng (1028,2843)* [filtered=0]
cnt=1 s0=fng (1027,2843)* [filtered=0]
cnt=1 s0=fng (1027,2843)* [filtered=0]
cnt=1 s0=fng (1026,2843)* [filtered=0]
cnt=1 s0=fng (1025,2843)* [filtered=0]
cnt=1 s0=fng (1025,2843)* [filtered=0]
cnt=1 s0=fng (1025,2843)* [filtered=0]
cnt=1 s0=fng (1024,2843)* [filtered=0]
cnt=1 s0=fng (1024,2843)* [filtered=0]
cnt=1 s0=fng (1023,2843)* [filtered=0]
cnt=1 s0=fng (1023,2843)* [filtered=0]
cnt=1 s0=fng (1023,2843)* [filtered=0]
cnt=1 s0=fng (1022,2843)* [filtered=0]
cnt=1 s0=fng (1021,2843)* [filtered=0]
cnt=1 s0=fng (1021,2844)* [filtered=0]
cnt=1 s0=fng (1021,2844)* [filtered=0]
cnt=1 s0=fng (1020,2844)* [filtered=0]
cnt=1 s0=fng (1019,2845)* [filtered=0]
cnt=1 s0=fng (1018,2846)* [filtered=0]
cnt=1 s0=fng (1018,2847)* [filtered=0]
cnt=1 s0=fng (1017,2848)* [filtered=0]
cnt=1 s0=fng (1015,2849)* [filtered=0]
cnt=1 s0=fng (1013,2851) [filtered=0]
cnt=1 s0=fng (1011,2853) [filtered=0]
cnt=1 s0=fng (1010,2854) [filtered=0]
cnt=1 s0=fng (1009,2855) [filtered=0]
cnt=1 s0=fng (1007,2857) [filtered=0]
cnt=1 s0=fng (1005,2859) [filtered=0]
cnt=1 s0=fng (1003,2861) [filtered=0]
cnt=1 s0=fng (1002,2862) [filtered=0]
cnt=1 s0=fng (1000,2864) [filtered=0]
cnt=1 s0=fng (998,2866) [filtered=0]
cnt=1 s0=fng (996,2868) [filtered=0]
cnt=1 s0=fng (995,2869) [filtered=0]
cnt=1 s0=fng (993,2871) [filtered=0]
cnt=1 s0=fng (991,2873) [filtered=0]
cnt=1 s0=fng (989,2875) [filtered=0]
cnt=1 s0=fng (988,2877) [filtered=0]
cnt=1 s0=fng (987,2878) [filtered=0]
cnt=1 s0=fng (986,2879) [filtered=0]
cnt=1 s0=fng (985,2880) [filtered=0]
cnt=1 s0=fng (984,2881) [filtered=0]
cnt=1 s0=fng (983,2881) [filtered=0]
cnt=1 s0=fng (983,2881) [filtered=0]
cnt=1 s0=fng (983,2881) [filtered=0]
cnt=1 s0=fng (983,2881) [filtered=0]
cnt=1 s0=fng (983,2881) [filtered=0]
cnt=1 s0=fng (983,2881) [filtered=0]
cnt=1 s0=fng (983,2881) [filtered=0]
cnt=1 s0=fng (983,2881) [filtered=0]
cnt=1 s0=fng (983,2881) [filtered=0]
cnt=1 s0=fng (983,2881) [filtered=0]
cnt=1 s0=fng (983,2881) [filtered=0]
cnt=1 s0=fng (983,2881) [filtered=0]
cnt=1 s0=fng (983,2881) [filtered=0]
cnt=1 s0=fng (983,2881) [filtered=0]
cnt=1 s0=fng (983,2881)* [filtered=0]
cnt=1 s0=fng (983,2881)* [filtered=0]
cnt=1 s0=fng (983,2881)* [filtered=0]
cnt=1 s0=fng (983,2881)* [filtered=0]
cnt=1 s0=fng (983,2881)* [filtered=0]
cnt=1 s0=fng (983,2881)* [filtered=0]
cnt=1 s0=fng (983,2881)* [filtered=0]
cnt=1 s0=fng (982,2881)* [filtered=0]
cnt=1 s0=fng (981,2881)* [filtered=0]
cnt=1 s0=fng (981,2882)* [filtered=0]
cnt=1 s0=fng (981,2882)* [filtered=0]
cnt=1 s0=fng (980,2882)* [filtered=0]
cnt=1 s0=fng (980,2883)* [filtered=0]
cnt=1 s0=fng (979,2883)* [filtered=0]
cnt=1 s0=fng (979,2884)* [filtered=0]
cnt=1 s0=fng (979,2884)* [filtered=0]
cnt=1 s0=fng (978,2885)* [filtered=0]
cnt=1 s0=fng (977,2885)* [filtered=0]
cnt=1 s0=fng (977,2886)* [filtered=0]
cnt=1 s0=fng (976,2887)* [filtered=0]
cnt=1 s0=fng (976,2887)* [filtered=0]
cnt=1 s0=fng (976,2888)* [filtered=0]
cnt=1 s0=fng (975,2888)* [filtered=0]
cnt=1 s0=fng (975,2889)* [filtered=0]
cnt=1 s0=fng (975,2889)* [filtered=0]
cnt=1 s0=fng (974,2890)* [filtered=0]
cnt=1 s0=fng (974,2891)* [filtered=0]
cnt=1 s0=fng (973,2892)* [filtered=0]
cnt=1 s0=fng (972,2892)* [filtered=0]
cnt=1 s0=fng (972,2892)* [filtered=0]
cnt=1 s0=fng (972,2893)* [filtered=0]
cnt=1 s0=fng (971,2893)* [filtered=0]
cnt=1 s0=fng (971,2894)* [filtered=0]
cnt=1 s0=fng (970,2894)* [filtered=0]
cnt=1 s0=fng (970,2894)* [filtered=0]
cnt=1 s0=fng (970,2895)* [filtered=0]
cnt=1 s0=fng (969,2896)* [filtered=0]
cnt=1 s0=fng (969,2896)* [filtered=0]
cnt=1 s0=fng (968,2897)* [filtered=0]
cnt=1 s0=fng (968,2897)* [filtered=0]
cnt=1 s0=fng (968,2897)* [filtered=0]
cnt=1 s0=fng (968,2898)* [filtered=0]
cnt=1 s0=fng (967,2898)* [filtered=0]
cnt=1 s0=fng (967,2898)* [filtered=0]
cnt=1 s0=fng (967,2899)* [filtered=0]
cnt=1 s0=fng (967,2900)* [filtered=0]
cnt=1 s0=fng (967,2900)* [filtered=0]
cnt=1 s0=fng (967,2901)* [filtered=0]
cnt=1 s0=fng (967,2901)* [filtered=0]
cnt=1 s0=fng (966,2901)* [filtered=0]
cnt=1 s0=fng (966,2902)* [filtered=0]
cnt=1 s0=fng (966,2903)* [filtered=0]
cnt=1 s0=fng (966,2903)* [filtered=0]
cnt=1 s0=fng (966,2903)* [filtered=0]
cnt=1 s0=fng (966,2903)* [filtered=0]
cnt=1 s0=fng (966,2903)* [filtered=0]
cnt=1 s0=fng (966,2903)* [filtered=0]
cnt=1 s0=fng (966,2903)* [filtered=0]
cnt=1 s0=fng (966,2903)* [filtered=0]
cnt=1 s0=fng (966,2903)* [filtered=0]
cnt=1 s0=fng (966,2903)* [filtered=0]
cnt=1 s0=fng (966,2903)* [filtered=0]
cnt=1 s0=fng (966,2903)* [filtered=0]
cnt=1 s0=fng (966,2903)* [filtered=0]
cnt=1 s0=fng (966,2903)* [filtered=0]
cnt=1 s0=fng (966,2903)* [filtered=0]
cnt=1 s0=fng (966,2902)* [filtered=0]
cnt=1 s0=fng (966,2902)* [filtered=0]
cnt=1 s0=fng (966,2901)* [filtered=0]
cnt=1 s0=fng (966,2901)* [filtered=0]
cnt=1 s0=fng (966,2900)* [filtered=0]
cnt=1 s0=fng (966,2900)* [filtered=0]
cnt=1 s0=fng (966,2900)* [filtered=0]
cnt=1 s0=fng (966,2899)* [filtered=0]
cnt=1 s0=fng (966,2898)* [filtered=0]
cnt=1 s0=fng (966,2898)* [filtered=0]
cnt=1 s0=fng (966,2898)* [filtered=0]
cnt=1 s0=fng (966,2897)* [filtered=0]
cnt=1 s0=fng (966,2897)* [filtered=0]
cnt=1 s0=fng (966,2897)* [filtered=0]
cnt=1 s0=fng (965,2897)* [filtered=0]
cnt=1 s0=fng (965,2897)* [filtered=0]
cnt=1 s0=fng (965,2897)* [filtered=0]
cnt=1 s0=fng (964,2897)* [filtered=0]
cnt=1 s0=fng (963,2897)* [filtered=0]
cnt=1 s0=fng (963,2897)* [filtered=0]
cnt=1 s0=fng (963,2897)* [filtered=0]
cnt=1 s0=fng (962,2897)* [filtered=0]
cnt=1 s0=fng (962,2897)* [filtered=0]
cnt=1 s0=fng (961,2897)* [filtered=0]
cnt=1 s0=fng (961,2897)* [filtered=0]
cnt=1 s0=fng (961,2897)* [filtered=0]
cnt=1 s0=fng (960,2897)* [filtered=0]
cnt=1 s0=fng (960,2897)* [filtered=0]
cnt=1 s0=fng (960,2897)* [filtered=0]
cnt=1 s0=fng (960,2897)* [filtered=0]
cnt=1 s0=fng (960,2897)* [filtered=0]
cnt=1 s0=fng (960,2897)* [filtered=0]
cnt=1 s0=fng (960,2897)* [filtered=0]
cnt=1 s0=fng (960,2897)* [filtered=0]
cnt=1 s0=fng (960,2897)* [filtered=0]
cnt=1 s0=fng (960,2897)* [filtered=0]
cnt=1 s0=fng (960,2897)* [filtered=0]
cnt=1 s0=fng (960,2897)* [filtered=0]
cnt=1 s0=fng (960,2897)* [filtered=0]
cnt=1 s0=fng (960,2897)* [filtered=0]
cnt=1 s0=fng (960,2897)* [filtered=0]
cnt=1 s0=fng (960,2897)* [filtered=0]
cnt=1 s0=fng (960,2897)* [filtered=0]
cnt=1 s0=fng (960,2897)* [filtered=0]
cnt=1 s0=fng (960,2897)* [filtered=0]
cnt=1 s0=fng (960,2897)* [filtered=0]
cnt=1 s0=fng (960,2897)* [filtered=0]
cnt=1 s0=fng (960,2897)* [filtered=0]
cnt=1 s0=fng (960,2897)* [filtered=0]
cnt=1 s0=fng (960,2897)* [filtered=0]
cnt=1 s0=fng (960,2897)* [filtered=0]
cnt=1 s0=fng (960,2897)* [filtered=0]
cnt=1 s0=fng (961,2897)* [filtered=0]
cnt=1 s0=fng (961,2897)* [filtered=0]
cnt=1 s0=fng (961,2897)* [filtered=0]
cnt=1 s0=fng (962,2897)* [filtered=0]
cnt=1 s0=fng (962,2897)* [filtered=0]
cnt=1 s0=fng (963,2896)* [filtered=0]
cnt=1 s0=fng (963,2896)* [filtered=0]
cnt=1 s0=fng (964,2896)* [filtered=0]
cnt=1 s0=fng (965,2895)* [filtered=0]
cnt=1 s0=fng (966,2894)* [filtered=0]
cnt=1 s0=fng (966,2893)* [filtered=0]
cnt=1 s0=fng (967,2892)* [filtered=0]
cnt=1 s0=fng (968,2891)* [filtered=0]
cnt=1 s0=fng (969,2890)* [filtered=0]
cnt=1 s0=fng (970,2888)* [filtered=0]
cnt=1 s0=fng (971,2887)* [filtered=0]
cnt=1 s0=fng (972,2886)* [filtered=0]
cnt=1 s0=fng (973,2884)* [filtered=0]
cnt=1 s0=fng (974,2883)* [filtered=0]
cnt=1 s0=fng (975,2881)* [filtered=0]
cnt=1 s0=fng (975,2880)* [filtered=0]
cnt=1 s0=fng (976,2879)* [filtered=0]
cnt=1 s0=fng (977,2878)* [filtered=0]
cnt=1 s0=fng (978,2876)* [filtered=0]
cnt=1 s0=fng (978,2875)* [filtered=0]
cnt=1 s0=fng (979,2874)* [filtered=0]
cnt=1 s0=fng (979,2872)* [filtered=0]
cnt=1 s0=fng (980,2871)* [filtered=0]
cnt=1 s0=fng (980,2870)* [filtered=0]
cnt=1 s0=fng (980,2869)* [filtered=0]
cnt=1 s0=fng (981,2868)* [filtered=0]
cnt=1 s0=fng (981,2867)* [filtered=0]
cnt=1 s0=fng (982,2866)* [filtered=0]
cnt=1 s0=fng (983,2865)* [filtered=0]
cnt=1 s0=fng (983,2864)* [filtered=0]
cnt=1 s0=fng (983,2863)* [filtered=0]
cnt=1 s0=fng (984,2863)* [filtered=0]
cnt=1 s0=fng (984,2862)* [filtered=0]
cnt=1 s0=fng (984,2862)* [filtered=0]
cnt=1 s0=fng (984,2862)* [filtered=0]
cnt=1 s0=fng (984,2861)* [filtered=0]
cnt=1 s0=fng (984,2860)* [filtered=0]
cnt=1 s0=fng (984,2860)* [filtered=0]
cnt=1 s0=fng (984,2860)* [filtered=0]
cnt=1 s0=fng (985,2859)* [filtered=0]
cnt=1 s0=fng (985,2859)* [filtered=0]
cnt=1 s0=fng (986,2858)* [filtered=0]
cnt=1 s0=fng (987,2858)* [filtered=0]
cnt=1 s0=fng (987,2858)* [filtered=0]
cnt=1 s0=fng (987,2857)* [filtered=0]
cnt=1 s0=fng (988,2856)* [filtered=0]
cnt=1 s0=fng (988,2856)* [filtered=0]
cnt=1 s0=fng (989,2855)* [filtered=0]
cnt=1 s0=fng (989,2855)* [filtered=0]
cnt=1 s0=fng (989,2855)* [filtered=0]
cnt=1 s0=fng (990,2854)* [filtered=0]
cnt=1 s0=fng (990,2854)* [filtered=0]
cnt=1 s0=fng (991,2853)* [filtered=0]
cnt=1 s0=fng (991,2853)* [filtered=0]
cnt=1 s0=fng (992,2852)* [filtered=0]
cnt=1 s0=fng (992,2852)* [filtered=0]
cnt=1 s0=fng (993,2852)* [filtered=0]
cnt=1 s0=fng (993,2852)* [filtered=0]
cnt=1 s0=fng (993,2852)* [filtered=0]
cnt=1 s0=fng (994,2852)* [filtered=0]
cnt=1 s0=fng (994,2852)* [filtered=0]
cnt=1 s0=fng (995,2852)* [filtered=0]
cnt=1 s0=fng (995,2852)* [filtered=0]
cnt=1 s0=fng (996,2852)* [filtered=0]
cnt=1 s0=fng (996,2852)* [filtered=0]
cnt=1 s0=fng (996,2851)* [filtered=0]
cnt=1 s0=fng (996,2851)* [filtered=0]
cnt=1 s0=fng (996,2851)* [filtered=0]
cnt=1 s0=fng (995,2850)* [filtered=0]
cnt=1 s0=fng (994,2849)* [filtered=0]
cnt=1 s0=fng (994,2848)* [filtered=0]
cnt=1 s0=fng (993,2847)* [filtered=0]
cnt=1 s0=fng (993,2846)* [filtered=0]
cnt=1 s0=fng (993,2845)* [filtered=0]
cnt=1 s0=fng (992,2844)* [filtered=0]
cnt=1 s0=fng (2051,1631) [filtered=0]
cnt=1 s0=fng (2051,1631) [filtered=0]
cnt=1 s0=fng (2051,1631) [filtered=0]
cnt=1 s0=fng (2052,1631) [filtered=0]
cnt=1 s0=fng (2053,1631) [filtered=0]
cnt=1 s0=fng (2054,1632) [filtered=0]
cnt=1 s0=fng (2054,1632) [filtered=0]
cnt=1 s0=fng (2055,1633) [filtered=0]
cnt=1 s0=fng (2056,1633) [filtered=0]
cnt=1 s0=fng (2057,1634) [filtered=0]
cnt=1 s0=fng (2058,1634) [filtered=0]
cnt=1 s0=fng (2058,1634) [filtered=0]
cnt=1 s0=fng (2059,1634) [filtered=0]
cnt=1 s0=fng (2059,1634) [filtered=0]
cnt=1 s0=fng (2060,1634) [filtered=0]
cnt=1 s0=fng (2060,1634) [filtered=0]
cnt=1 s0=fng (2060,1634) [filtered=0]
cnt=1 s0=fng (2060,1634) [filtered=0]
cnt=1 s0=fng (2060,1634) [filtered=0]
cnt=1 s0=fng (2060,1634) [filtered=0]
cnt=1 s0=fng (2060,1634)* [filtered=0]
cnt=1 s0=fng (2060,1634)* [filtered=0]
cnt=1 s0=fng (2060,1634)* [filtered=0]
cnt=1 s0=fng (2060,1634)* [filtered=0]
cnt=1 s0=fng (2060,1634)* [filtered=0]
cnt=1 s0=fng (2060,1634)* [filtered=0]
cnt=1 s0=fng (2060,1634)* [filtered=0]
cnt=1 s0=fng (2060,1634)* [filtered=0]
cnt=1 s0=fng (2060,1635)* [filtered=0]
cnt=1 s0=fng (2060,1635)* [filtered=0]
cnt=1 s0=fng (2060,1635)* [filtered=0]
cnt=1 s0=fng (2060,1636)* [filtered=0]
cnt=1 s0=fng (2060,1637)* [filtered=0]
cnt=1 s0=fng (2060,1637)* [filtered=0]
cnt=1 s0=fng (2060,1637)* [filtered=0]
cnt=1 s0=fng (2060,1638)* [filtered=0]
cnt=1 s0=fng (2060,1638)* [filtered=0]
cnt=1 s0=fng (2060,1639)* [filtered=0]
cnt=1 s0=fng (2060,1640)* [filtered=0]
cnt=1 s0=fng (2060,1640)* [filtered=0]
cnt=1 s0=fng (2060,1640)* [filtered=0]
cnt=1 s0=fng (2060,1641)* [filtered=0]
cnt=1 s0=fng (2060,1641)* [filtered=0]
cnt=1 s0=fng (2060,1642)* [filtered=0]
cnt=1 s0=fng (2060,1642)* [filtered=0]
cnt=1 s0=fng (2060,1642)* [filtered=0]
cnt=1 s0=fng (2060,1643)* [filtered=0]
cnt=1 s0=fng (2060,1644)* [filtered=0]
cnt=1 s0=fng (2060,1644)* [filtered=0]
cnt=1 s0=fng (2060,1644)* [filtered=0]
cnt=1 s0=fng (2060,1645)* [filtered=0]
cnt=1 s0=fng (2060,1645)* [filtered=0]
cnt=1 s0=fng (2060,1645)* [filtered=0]
cnt=1 s0=fng (2060,1645)* [filtered=0]
cnt=1 s0=fng (2060,1646)* [filtered=0]
cnt=1 s0=fng (2060,1646)* [filtered=0]
cnt=1 s0=fng (2060,1646)* [filtered=0]
cnt=1 s0=fng (2060,1646)* [filtered=0]
cnt=1 s0=fng (2060,1646)* [filtered=0]
cnt=1 s0=fng (2060,1646)* [filtered=0]
cnt=1 s0=fng (2060,1646)* [filtered=0]
cnt=1 s0=fng (2059,1646)* [filtered=0]
cnt=1 s0=fng (2059,1646)* [filtered=0]
cnt=1 s0=fng (2059,1646)* [filtered=0]
cnt=1 s0=fng (2058,1646)* [filtered=0]
cnt=1 s0=fng (2058,1646)* [filtered=0]
cnt=1 s0=fng (2057,1646)* [filtered=0]
cnt=1 s0=fng (2056,1646)* [filtered=0]
cnt=1 s0=fng (2056,1646)* [filtered=0]
cnt=1 s0=fng (2055,1647)* [filtered=0]
cnt=1 s0=fng (2054,1648)* [filtered=0]
cnt=1 s0=fng (2053,1648)* [filtered=0]
cnt=1 s0=fng (2052,1648)* [filtered=0]
cnt=1 s0=fng (2051,1649)* [filtered=0]
cnt=1 s0=fng (2050,1649)* [filtered=0]
cnt=1 s0=fng (2049,1650)* [filtered=0]
cnt=1 s0=fng (2048,1650)* [filtered=0]
cnt=1 s0=fng (2048,1650)* [filtered=0]
cnt=1 s0=fng (2047,1650)* [filtered=0]
cnt=1 s0=fng (2047,1650)* [filtered=0]
cnt=1 s0=fng (2046,1650)* [filtered=0]
cnt=1 s0=fng (2046,1650)* [filtered=0]
cnt=1 s0=fng (2046,1650)* [filtered=0]
cnt=1 s0=fng (2046,1650)* [filtered=0]
cnt=1 s0=fng (2046,1650)* [filtered=0]
cnt=1 s0=fng (2046,1650)* [filtered=0]
cnt=1 s0=fng (2046,1650)* [filtered=0]
cnt=1 s0=fng (2046,1650)* [filtered=0]
cnt=1 s0=fng (2046,1650)* [filtered=0]
cnt=1 s0=fng (2046,1650)* [filtered=0]
cnt=1 s0=fng (2046,1650)* [filtered=0]
cnt=1 s0=fng (2046,1650)* [filtered=0]
cnt=1 s0=fng (2046,1650)* [filtered=0]
cnt=1 s0=fng (2046,1650)* [filtered=0]
cnt=1 s0=fng (2046,1651)* [filtered=0]
cnt=1 s0=fng (2046,1652)* [filtered=0]
cnt=1 s0=fng (2046,1652)* [filtered=0]
cnt=1 s0=fng (2045,1653)* [filtered=0]
cnt=1 s0=fng (2044,1655)* [filtered=0]
cnt=1 s0=fng (2042,1658) [filtered=0]
cnt=1 s0=fng (2039,1662) [filtered=0]
cnt=1 s0=fng (2038,1664) [filtered=0]
cnt=1 s0=fng (2035,1668) [filtered=0]
cnt=1 s0=fng (2032,1672) [filtered=0]
cnt=1 s0=fng (2029,1676) [filtered=0]
cnt=1 s0=fng (2026,1680) [filtered=0]
cnt=1 s0=fng (2024,1683) [filtered=0]
cnt=1 s0=fng (2023,1687) [filtered=0]
cnt=1 s0=fng (2021,1690) [filtered=0]
cnt=1 s0=fng (2019,1693) [filtered=0]
cnt=1 s0=fng (2017,1696) [filtered=0]
cnt=1 s0=fng (2016,1698) [filtered=0]
cnt=1 s0=fng (2015,1700) [filtered=0]
cnt=1 s0=fng (2014,1702) [filtered=0]
cnt=1 s0=fng (2013,1704) [filtered=0]
cnt=1 s0=fng (2012,1705) [filtered=0]
cnt=1 s0=fng (2011,1706) [filtered=0]
cnt=1 s0=fng (2010,1708) [filtered=0]
cnt=1 s0=fng (2010,1709) [filtered=0]
cnt=1 s0=fng (2009,1710) [filtered=0]
cnt=1 s0=fng (2009,1711) [filtered=0]
cnt=1 s0=fng (2008,1712) [filtered=0]
cnt=1 s0=fng (2008,1713) [filtered=0]
cnt=1 s0=fng (2007,1713) [filtered=0]
cnt=1 s0=fng (2007,1714) [filtered=0]
cnt=1 s0=fng (2007,1714) [filtered=0]
cnt=1 s0=fng (2006,1714) [filtered=0]
cnt=1 s0=fng (2006,1715) [filtered=0]
cnt=1 s0=fng (2006,1716) [filtered=0]
cnt=1 s0=fng (2006,1716) [filtered=0]
cnt=1 s0=fng (2006,1716)* [filtered=0]
cnt=1 s0=fng (2006,1716)* [filtered=0]
cnt=1 s0=fng (2006,1716)* [filtered=0]
cnt=1 s0=fng (2006,1716)* [filtered=0]
cnt=1 s0=fng (2006,1716)* [filtered=0]
cnt=1 s0=fng (2006,1716)* [filtered=0]
cnt=1 s0=fng (2006,1716)* [filtered=0]
cnt=1 s0=fng (2006,1716)* [filtered=0]
cnt=1 s0=fng (2006,1716)* [filtered=0]
cnt=1 s0=fng (2006,1716)* [filtered=0]
cnt=1 s0=fng (2006,1716)* [filtered=0]
cnt=1 s0=fng (2006,1716)* [filtered=0]
cnt=1 s0=fng (2006,1716)* [filtered=0]
cnt=1 s0=fng (2006,1716)* [filtered=0]
cnt=1 s0=fng (2006,1716)* [filtered=0]
cnt=1 s0=fng (2006,1716)* [filtered=0]
cnt=1 s0=fng (2006,1716)* [filtered=0]
cnt=1 s0=fng (2006,1716)* [filtered=0]
cnt=1 s0=fng (2006,1716)* [filtered=0]
cnt=1 s0=fng (2006,1716)* [filtered=0]
cnt=1 s0=fng (2006,1716)* [filtered=0]
cnt=1 s0=fng (2006,1716)* [filtered=0]
cnt=1 s0=fng (2006,1716)* [filtered=0]
cnt=1 s0=fng (2006,1716)* [filtered=0]
cnt=1 s0=fng (2006,1716)* [filtered=0]
cnt=1 s0=fng (2006,1716)* [filtered=0]
cnt=1 s0=fng (2006,1716)* [filtered=0]
cnt=1 s0=fng (2006,1716)* [filtered=0]
cnt=1 s0=fng (2006,1716)* [filtered=0]
cnt=1 s0=fng (2006,1716)* [filtered=0]
cnt=1 s0=fng (2006,1716)* [filtered=0]
cnt=1 s0=fng (2006,1716)* [filtered=0]
cnt=1 s0=fng (2006,1716)* [filtered=0]
cnt=1 s0=fng (2006,1716)* [filtered=0]
cnt=1 s0=fng (2006,1716)* [filtered=0]
cnt=1 s0=fng (2006,1716)* [filtered=0]
cnt=1 s0=fng (2006,1715)* [filtered=0]
cnt=1 s0=fng (2006,1715)* [filtered=0]
cnt=1 s0=fng (2006,1714)* [filtered=0]
cnt=1 s0=fng (2006,1714)* [filtered=0]
cnt=1 s0=fng (2006,1713)* [filtered=0]
cnt=1 s0=fng (2006,1713)* [filtered=0]
cnt=1 s0=fng (2006,1713)* [filtered=0]
cnt=1 s0=fng (2006,1712)* [filtered=0]
cnt=1 s0=fng (2006,1712)* [filtered=0]
cnt=1 s0=fng (2006,1711)* [filtered=0]
cnt=1 s0=fng (2006,1710)* [filtered=0]
cnt=1 s0=fng (2006,1710)* [filtered=0]
cnt=1 s0=fng (2006,1710)* [filtered=0]
cnt=1 s0=fng (2006,1709)* [filtered=0]
cnt=1 s0=fng (2006,1709)* [filtered=0]
cnt=1 s0=fng (2006,1709)* [filtered=0]
cnt=1 s0=fng (2006,1708)* [filtered=0]
cnt=1 s0=fng (2006,1708)* [filtered=0]
cnt=1 s0=fng (2006,1707)* [filtered=0]
cnt=1 s0=fng (2006,1706)* [filtered=0]
cnt=1 s0=fng (2006,1706)* [filtered=0]
cnt=1 s0=fng (2007,1706)* [filtered=0]
cnt=1 s0=fng (2007,1705)* [filtered=0]
cnt=1 s0=fng (2008,1705)* [filtered=0]
cnt=1 s0=fng (2008,1704)* [filtered=0]
cnt=1 s0=fng (2008,1704)* [filtered=0]
cnt=1 s0=fng (2008,1703)* [filtered=0]
cnt=1 s0=fng (2008,1703)* [filtered=0]
cnt=1 s0=fng (2008,1702)* [filtered=0]
cnt=1 s0=fng (2008,1702)* [filtered=0]
cnt=1 s0=fng (2008,1702)* [filtered=0]
cnt=1 s0=fng (2008,1701)* [filtered=0]
cnt=1 s0=fng (2008,1701)* [filtered=0]
cnt=1 s0=fng (2008,1701)* [filtered=0]
cnt=1 s0=fng (2008,1701)* [filtered=0]
cnt=1 s0=fng (2008,1701)* [filtered=0]
cnt=1 s0=fng (2008,1700)* [filtered=0]
cnt=1 s0=fng (2008,1699)* [filtered=0]
cnt=1 s0=fng (2008,1699)* [filtered=0]
cnt=1 s0=fng (2008,1699)* [filtered=0]
cnt=1 s0=fng (2008,1699)* [filtered=0]
cnt=1 s0=fng (2008,1699)* [filtered=0]
cnt=1 s0=fng (2008,1699)* [filtered=0]
cnt=1 s0=fng (2008,1699)* [filtered=0]
cnt=1 s0=fng (2008,1699)* [filtered=0]
cnt=1 s0=fng (2008,1698)* [filtered=0]
cnt=1 s0=fng (2008,1698)* [filtered=0]
cnt=1 s0=fng (2008,1697)* [filtered=0]
cnt=1 s0=fng (2008,1697)* [filtered=0]
cnt=1 s0=fng (2008,1697)* [filtered=0]
cnt=1 s0=fng (2008,1696)* [filtered=0]
cnt=1 s0=fng (2008,1695)* [filtered=0]
cnt=1 s0=fng (2008,1695)* [filtered=0]
cnt=1 s0=fng (2008,1695)* [filtered=0]
cnt=1 s0=fng (2008,1694)* [filtered=0]
cnt=1 s0=fng (2008,1694)* [filtered=0]
cnt=1 s0=fng (2008,1693)* [filtered=0]
cnt=1 s0=fng (2008,1693)* [filtered=0]
cnt=1 s0=fng (2008,1693)* [filtered=0]
cnt=1 s0=fng (2008,1693)* [filtered=0]
cnt=1 s0=fng (2008,1693)* [filtered=0]
cnt=1 s0=fng (2008,1693)* [filtered=0]
cnt=1 s0=fng (2008,1693)* [filtered=0]
cnt=1 s0=fng (2008,1693)* [filtered=0]
cnt=1 s0=fng (2008,1693)* [filtered=0]
cnt=1 s0=fng (2008,1693)* [filtered=0]
cnt=1 s0=fng (2008,1693)* [filtered=0]
cnt=1 s0=fng (2008,1693)* [filtered=0]
cnt=1 s0=fng (2008,1693)* [filtered=0]
cnt=1 s0=fng (2008,1693)* [filtered=0]
cnt=1 s0=fng (2008,1693)* [filtered=0]
cnt=1 s0=fng (2008,1693)* [filtered=0]
cnt=1 s0=fng (2008,1693)* [filtered=0]
cnt=1 s0=fng (2008,1693)* [filtered=0]
cnt=1 s0=fng (2008,1693)* [filtered=0]
cnt=1 s0=fng (2008,1693)* [filtered=0]
cnt=1 s0=fng (2008,1693)* [filtered=0]
cnt=1 s0=fng (2008,1693)* [filtered=0]
cnt=1 s0=fng (2008,1693)* [filtered=0]
cnt=1 s0=fng (2008,1693)* [filtered=0]
cnt=1 s0=fng (2008,1693)* [filtered=0]
cnt=1 s0=fng (2008,1693)* [filtered=0]
cnt=1 s0=fng (2008,1693)* [filtered=0]
cnt=1 s0=fng (2008,1693)* [filtered=0]
cnt=1 s0=fng (2008,1693)* [filtered=0]
cnt=1 s0=fng (2008,1693)* [filtered=0]
cnt=1 s0=fng (2008,1693)* [filtered=0]
cnt=1 s0=fng (2008,1693)* [filtered=0]
cnt=1 s0=fng (2008,1693)* [filtered=0]
cnt=1 s0=fng (2008,1693)* [filtered=0]
cnt=1 s0=fng (2008,1693)* [filtered=0]
cnt=1 s0=fng (2008,1693)* [filtered=0]
cnt=1 s0=fng (2009,1693)* [filtered=0]
cnt=1 s0=fng (2010,1693)* [filtered=0]
cnt=1 s0=fng (2010,1693)* [filtered=0]
cnt=1 s0=fng (2010,1693)* [filtered=0]
cnt=1 s0=fng (2010,1693)* [filtered=0]
cnt=1 s0=fng (2010,1693)* [filtered=0]
cnt=1 s0=fng (2010,1693)* [filtered=0]
cnt=1 s0=fng (2010,1693)* [filtered=0]
cnt=1 s0=fng (2010,1693)* [filtered=0]
cnt=1 s0=fng (2010,1693)* [filtered=0]
cnt=1 s0=fng (2010,1693)* [filtered=0]
cnt=1 s0=fng (2010,1693)* [filtered=0]
cnt=1 s0=fng (2010,1693)* [filtered=0]
cnt=1 s0=fng (2010,1693)* [filtered=0]
cnt=1 s0=fng (2010,1693)* [filtered=0]
cnt=1 s0=fng (2010,1693)* [filtered=0]
cnt=1 s0=fng (2011,1693)* [filtered=0]
cnt=1 s0=fng (2011,1693)* [filtered=0]
cnt=1 s0=fng (2011,1693)* [filtered=0]
cnt=1 s0=fng (2012,1693)* [filtered=0]
cnt=1 s0=fng (2012,1693)* [filtered=0]
cnt=1 s0=fng (2013,1693)* [filtered=0]
cnt=1 s0=fng (2014,1693)* [filtered=0]
cnt=1 s0=fng (2014,1693)* [filtered=0]
cnt=1 s0=fng (2014,1693)* [filtered=0]
cnt=1 s0=fng (2015,1693)* [filtered=0]
cnt=1 s0=fng (2015,1693)* [filtered=0]
cnt=1 s0=fng (2015,1693)* [filtered=0]
cnt=1 s0=fng (2015,1693)* [filtered=0]
cnt=1 s0=fng (2015,1693)* [filtered=0]
cnt=1 s0=fng (2015,1693)* [filtered=0]
cnt=1 s0=fng (2015,1693)* [filtered=0]
cnt=1 s0=fng (2015,1693)* [filtered=0]
cnt=1 s0=fng (2015,1693)* [filtered=0]
cnt=1 s0=fng (2015,1693)* [filtered=0]
cnt=1 s0=fng (2015,1693)* [filtered=0]
cnt=1 s0=fng (2015,1693)* [filtered=0]
cnt=1 s0=fng (2015,1693)* [filtered=0]
cnt=1 s0=fng (2015,1693)* [filtered=0]
cnt=1 s0=fng (2015,1693)* [filtered=0]
cnt=1 s0=fng (2015,1693)* [filtered=0]
cnt=1 s0=fng (2015,1693)* [filtered=0]
cnt=1 s0=fng (2015,1693)* [filtered=0]
cnt=1 s0=fng (2015,1693)* [filtered=0]
cnt=1 s0=fng (2015,1693)* [filtered=0]
cnt=1 s0=fng (2015,1693)* [filtered=0]
cnt=1 s0=fng (2015,1693)* [filtered=0]
cnt=1 s0=fng (2015,1693)* [filtered=0]
cnt=1 s0=fng (2015,1693)* [filtered=0]
cnt=1 s0=fng (2015,1693)* [filtered=0]
cnt=1 s0=fng (2015,1693)* [filtered=0]
cnt=1 s0=fng (2015,1693)* [filtered=0]
cnt=1 s0=fng (2015,1693)* [filtered=0]
cnt=1 s0=fng (2015,1693)* [filtered=0]
cnt=1 s0=fng (2015,1693)* [filtered=0]
cnt=1 s0=fng (2015,1693)* [filtered=0]
cnt=1 s0=fng (2015,1693)* [filtered=0]
cnt=1 s0=fng (2015,1693)* [filtered=0]
cnt=1 s0=fng (2015,1693)* [filtered=0]
cnt=1 s0=fng (2015,1693)* [filtered=0]
cnt=1 s0=fng (2015,1693)* [filtered=0]
cnt=1 s0=fng (2015,1693)* [filtered=0]
cnt=1 s0=fng (2015,1693)* [filtered=0]
cnt=1 s0=fng (2015,1693)* [filtered=0]
cnt=1 s0=fng (2015,1693)* [filtered=0]
cnt=1 s0=fng (2015,1693)* [filtered=0]
cnt=1 s0=fng (2015,1693)* [filtered=0]
cnt=1 s0=fng (2015,1693)* [filtered=0]
cnt=1 s0=fng (2015,1693)* [filtered=0]
cnt=1 s0=fng (2015,1693)* [filtered=0]
cnt=1 s0=fng (2015,1693)* [filtered=0]
cnt=1 s0=fng (2015,1693)* [filtered=0]
cnt=1 s0=fng (2015,1693)* [filtered=0]
cnt=1 s0=fng (2015,1693)* [filtered=0]
cnt=1 s0=fng (2015,1693)* [filtered=0]
cnt=1 s0=fng (2015,1693)* [filtered=0]
cnt=1 s0=fng (2015,1693)* [filtered=0]
cnt=1 s0=fng (2015,1693)* [filtered=0]
cnt=1 s0=fng (2015,1693)* [filtered=0]
cnt=1 s0=fng (2015,1693)* [filtered=0]
cnt=1 s0=fng (2015,1693)* [filtered=0]
cnt=1 s0=fng (2015,1693)* [filtered=0]
cnt=1 s0=fng (2016,1694)* [filtered=0]
cnt=1 s0=fng (2016,1695)* [filtered=0]
cnt=1 s0=fng (2016,1697)* [filtered=0]
cnt=1 s0=fng (2016,1699)* [filtered=0]
cnt=1 s0=fng (2016,1700)* [filtered=0]
cnt=1 s0=fng (2016,1701)* [filtered=0]
cnt=1 s0=fng (2415,2796) [filtered=0]
cnt=1 s0=fng (2415,2796) [filtered=0]
cnt=1 s0=fng (2416,2796) [filtered=0]
cnt=1 s0=fng (2417,2796) [filtered=0]
cnt=1 s0=fng (2417,2796) [filtered=0]
cnt=1 s0=fng (2417,2796) [filtered=0]
cnt=1 s0=fng (2418,2796) [filtered=0]
cnt=1 s0=fng (2418,2796) [filtered=0]
cnt=1 s0=fng (2418,2796) [filtered=0]
cnt=1 s0=fng (2418,2796) [filtered=0]
cnt=1 s0=fng (2418,2796) [filtered=0]
cnt=1 s0=fng (2418,2795) [filtered=0]
cnt=1 s0=fng (2418,2795) [filtered=0]
cnt=1 s0=fng (2418,2794) [filtered=0]
cnt=1 s0=fng (2418,2794) [filtered=0]
cnt=1 s0=fng (2418,2794) [filtered=0]
cnt=1 s0=fng (2418,2793) [filtered=0]
cnt=1 s0=fng (2418,2792) [filtered=0]
cnt=1 s0=fng (2418,2792) [filtered=0]
cnt=1 s0=fng (2418,2792) [filtered=0]
cnt=1 s0=fng (2417,2791)* [filtered=0]
cnt=1 s0=fng (2417,2791)* [filtered=0]
cnt=1 s0=fng (2416,2790)* [filtered=0]
cnt=1 s0=fng (2416,2790)* [filtered=0]
cnt=1 s0=fng (2415,2790)* [filtered=0]
cnt=1 s0=fng (2415,2789)* [filtered=0]
cnt=1 s0=fng (2414,2788)* [filtered=0]
cnt=1 s0=fng (2413,2787)* [filtered=0]
cnt=1 s0=fng (2413,2787)* [filtered=0]
cnt=1 s0=fng (2412,2787)* [filtered=0]
cnt=1 s0=fng (2411,2786)* [filtered=0]
cnt=1 s0=fng (2410,2785)* [filtered=0]
cnt=1 s0=fng (2409,2785)* [filtered=0]
cnt=1 s0=fng (2409,2785)* [filtered=0]
cnt=1 s0=fng (2409,2784)* [filtered=0]
cnt=1 s0=fng (2408,2784)* [filtered=0]
cnt=1 s0=fng (2408,2784)* [filtered=0]
cnt=1 s0=fng (2408,2784)* [filtered=0]
cnt=1 s0=fng (2408,2784)* [filtered=0]
cnt=1 s0=fng (2408,2784)* [filtered=0]
cnt=1 s0=fng (2408,2784)* [filtered=0]
cnt=1 s0=fng (2408,2784)* [filtered=0]
cnt=1 s0=fng (2408,2784)* [filtered=0]
cnt=1 s0=fng (2408,2784)* [filtered=0]
cnt=1 s0=fng (2407,2784)* [filtered=0]
cnt=1 s0=fng (2406,2784)* [filtered=0]
cnt=1 s0=fng (2406,2784)* [filtered=0]
cnt=1 s0=fng (2406,2784)* [filtered=0]
cnt=1 s0=fng (2405,2784)* [filtered=0]
cnt=1 s0=fng (2405,2785)* [filtered=0]
cnt=1 s0=fng (2404,2785)* [filtered=0]
cnt=1 s0=fng (2404,2786)* [filtered=0]
cnt=1 s0=fng (2404,2786)* [filtered=0]
cnt=1 s0=fng (2403,2787)* [filtered=0]
cnt=1 s0=fng (2402,2787)* [filtered=0]
cnt=1 s0=fng (2402,2788)* [filtered=0]
cnt=1 s0=fng (2402,2788)* [filtered=0]
cnt=1 s0=fng (2401,2789)* [filtered=0]
cnt=1 s0=fng (2401,2790)* [filtered=0]
cnt=1 s0=fng (2400,2791)* [filtered=0]
cnt=1 s0=fng (2400,2792)* [filtered=0]
cnt=1 s0=fng (2400,2793)* [filtered=0]
cnt=1 s0=fng (2399,2794)* [filtered=0]
cnt=1 s0=fng (2399,2795)* [filtered=0]
cnt=1 s0=fng (2399,2796)* [filtered=0]
cnt=1 s0=fng (2399,2797)* [filtered=0]
cnt=1 s0=fng (2399,2798)* [filtered=0]
cnt=1 s0=fng (2399,2799)* [filtered=0]
cnt=1 s0=fng (2399,2801)* [filtered=0]
cnt=1 s0=fng (2399,2802)* [filtered=0]
cnt=1 s0=fng (2399,2803)* [filtered=0]
cnt=1 s0=fng (2399,2804)* [filtered=0]
cnt=1 s0=fng (2399,2805)* [filtered=0]
cnt=1 s0=fng (2399,2806)* [filtered=0]
cnt=1 s0=fng (2399,2807)* [filtered=0]
cnt=1 s0=fng (2399,2807)* [filtered=0]
cnt=1 s0=fng (2399,2808)* [filtered=0]
cnt=1 s0=fng (2399,2809)* [filtered=0]
cnt=1 s0=fng (2399,2809)* [filtered=0]
cnt=1 s0=fng (2399,2809)* [filtered=0]
cnt=1 s0=fng (2399,2809)* [filtered=0]
cnt=1 s0=fng (2398,2809)* [filtered=0]
cnt=1 s0=fng (2397,2809)* [filtered=0]
cnt=1 s0=fng (2397,2809)* [filtered=0]
cnt=1 s0=fng (2397,2809)* [filtered=0]
cnt=1 s0=fng (2396,2809)* [filtered=0]
cnt=1 s0=fng (2396,2809)* [filtered=0]
cnt=1 s0=fng (2395,2809)* [filtered=0]
cnt=1 s0=fng (2395,2809)* [filtered=0]
cnt=1 s0=fng (2395,2809)* [filtered=0]
cnt=1 s0=fng (2394,2809)* [filtered=0]
cnt=1 s0=fng (2393,2809)* [filtered=0]
cnt=1 s0=fng (2393,2809)* [filtered=0]
cnt=1 s0=fng (2392,2809)* [filtered=0]
cnt=1 s0=fng (2392,2809)* [filtered=0]
cnt=1 s0=fng (2392,2809)* [filtered=0]
cnt=1 s0=fng (2391,2809)* [filtered=0]
cnt=1 s0=fng (2391,2809)* [filtered=0]
cnt=1 s0=fng (2391,2809)* [filtered=0]
cnt=1 s0=fng (2391,2809)* [filtered=0]
cnt=1 s0=fng (2390,2809)* [filtered=0]
cnt=1 s0=fng (2390,2809)* [filtered=0]
cnt=1 s0=fng (2390,2809)* [filtered=0]
cnt=1 s0=fng (2390,2809)* [filtered=0]
cnt=1 s0=fng (2390,2809)* [filtered=0]
cnt=1 s0=fng (2390,2809)* [filtered=0]
cnt=1 s0=fng (2389,2809)* [filtered=0]
cnt=1 s0=fng (2388,2809)* [filtered=0]
cnt=1 s0=fng (2388,2809)* [filtered=0]
cnt=1 s0=fng (2388,2809)* [filtered=0]
cnt=1 s0=fng (2387,2809)* [filtered=0]
cnt=1 s0=fng (2387,2809)* [filtered=0]
cnt=1 s0=fng (2386,2809)* [filtered=0]
cnt=1 s0=fng (2386,2809)* [filtered=0]
cnt=1 s0=fng (2385,2809)* [filtered=0]
cnt=1 s0=fng (2383,2809)* [filtered=0]
cnt=1 s0=fng (2382,2809)* [filtered=0]
cnt=1 s0=fng (2362,3035) [filtered=0]
cnt=1 s0=fng (2362,3035) [filtered=0]
cnt=1 s0=fng (2363,3035) [filtered=0]
cnt=1 s0=fng (2364,3035) [filtered=0]
cnt=1 s0=fng (2364,3035) [filtered=0]
cnt=1 s0=fng (2365,3035) [filtered=0]
cnt=1 s0=fng (2365,3035) [filtered=0]
cnt=1 s0=fng (2365,3035) [filtered=0]
cnt=1 s0=fng (2366,3035) [filtered=0]
cnt=1 s0=fng (2366,3034) [filtered=0]
cnt=1 s0=fng (2366,3034) [filtered=0]
cnt=1 s0=fng (2367,3033) [filtered=0]
cnt=1 s0=fng (2368,3032) [filtered=0]
cnt=1 s0=fng (2368,3031) [filtered=0]
cnt=1 s0=fng (2369,3030) [filtered=0]
cnt=1 s0=fng (2369,3029) [filtered=0]
cnt=1 s0=fng (2369,3029) [filtered=0]
cnt=1 s0=fng (2370,3029) [filtered=0]
cnt=1 s0=fng (2370,3029) [filtered=0]
cnt=1 s0=fng (2371,3028) [filtered=0]
cnt=1 s0=fng (2371,3028)* [filtered=0]
cnt=1 s0=fng (2371,3028)* [filtered=0]
cnt=1 s0=fng (2371,3028)* [filtered=0]
cnt=1 s0=fng (2371,3027)* [filtered=0]
cnt=1 s0=fng (2371,3026)* [filtered=0]
cnt=1 s0=fng (2371,3026)* [filtered=0]
cnt=1 s0=fng (2371,3025)* [filtered=0]
cnt=1 s0=fng (2371,3024)* [filtered=0]
cnt=1 s0=fng (2372,3023)* [filtered=0]
cnt=1 s0=fng (2373,3022)* [filtered=0]
cnt=1 s0=fng (2373,3021)* [filtered=0]
cnt=1 s0=fng (2373,3020)* [filtered=0]
cnt=1 s0=fng (2374,3019)* [filtered=0]
cnt=1 s0=fng (2374,3018)* [filtered=0]
cnt=1 s0=fng (2374,3018)* [filtered=0]
cnt=1 s0=fng (2374,3017)* [filtered=0]
cnt=1 s0=fng (2374,3016)* [filtered=0]
cnt=1 s0=fng (2374,3015)* [filtered=0]
cnt=1 s0=fng (2374,3014)* [filtered=0]
cnt=1 s0=fng (2374,3013)* [filtered=0]
cnt=1 s0=fng (2374,3013)* [filtered=0]
cnt=1 s0=fng (2374,3013)* [filtered=0]
cnt=1 s0=fng (2374,3013)* [filtered=0]
cnt=1 s0=fng (2375,3013)* [filtered=0]
cnt=1 s0=fng (2375,3013)* [filtered=0]
cnt=1 s0=fng (2375,3013)* [filtered=0]
cnt=1 s0=fng (2375,3013)* [filtered=0]
cnt=1 s0=fng (2376,3013)* [filtered=0]
cnt=1 s0=fng (2376,3013)* [filtered=0]
cnt=1 s0=fng (2377,3013)* [filtered=0]
cnt=1 s0=fng (2377,3013)* [filtered=0]
cnt=1 s0=fng (2378,3013)* [filtered=0]
cnt=1 s0=fng (2379,3013)* [filtered=0]
cnt=1 s0=fng (2379,3013)* [filtered=0]
cnt=1 s0=fng (2380,3013)* [filtered=0]
cnt=1 s0=fng (2381,3013)* [filtered=0]
cnt=1 s0=fng (2382,3013)* [filtered=0]
cnt=1 s0=fng (2383,3013)* [filtered=0]
cnt=1 s0=fng (2384,3013)* [filtered=0]
cnt=1 s0=fng (2385,3013)* [filtered=0]
cnt=1 s0=fng (2387,3013)* [filtered=0]
cnt=1 s0=fng (2389,3013)* [filtered=0]
cnt=1 s0=fng (2390,3013)* [filtered=0]
cnt=1 s0=fng (2391,3013)* [filtered=0]
cnt=1 s0=fng (2392,3013)* [filtered=0]
cnt=1 s0=fng (2394,3013)* [filtered=0]
cnt=1 s0=fng (2395,3013)* [filtered=0]
cnt=1 s0=fng (2396,3013)* [filtered=0]
cnt=1 s0=fng (2397,3013)* [filtered=0]
cnt=1 s0=fng (2398,3013)* [filtered=0]
cnt=1 s0=fng (2399,3013)* [filtered=0]
cnt=1 s0=fng (2400,3013)* [filtered=0]
cnt=1 s0=fng (2400,3013)* [filtered=0]
cnt=1 s0=fng (2400,3013)* [filtered=0]
cnt=1 s0=fng (2401,3013)* [filtered=0]
cnt=1 s0=fng (2401,3013)* [filtered=0]
cnt=1 s0=fng (2401,3013)* [filtered=0]
cnt=1 s0=fng (2401,3013)* [filtered=0]
cnt=1 s0=fng (2401,3013)* [filtered=0]
cnt=1 s0=fng (2401,3013)* [filtered=0]
cnt=1 s0=fng (2401,3013)* [filtered=0]
cnt=1 s0=fng (2401,3013)* [filtered=0]
cnt=1 s0=fng (2401,3013)* [filtered=0]
cnt=1 s0=fng (2401,3013)* [filtered=0]
cnt=1 s0=fng (2401,3013)* [filtered=0]
cnt=1 s0=fng (2401,3013)* [filtered=0]
cnt=1 s0=fng (2401,3013)* [filtered=0]
cnt=1 s0=fng (2401,3013)* [filtered=0]
cnt=1 s0=fng (2401,3013)* [filtered=0]
cnt=1 s0=fng (2401,3013)* [filtered=0]
cnt=1 s0=fng (2401,3013)* [filtered=0]
cnt=1 s0=fng (2401,3013)* [filtered=0]
cnt=1 s0=fng (2401,3013)* [filtered=0]
cnt=1 s0=fng (2401,3013)* [filtered=0]
cnt=1 s0=fng (2401,3013)* [filtered=0]
cnt=1 s0=fng (2401,3013)* [filtered=0]
cnt=1 s0=fng (2401,3013)* [filtered=0]
cnt=1 s0=fng (2401,3013)* [filtered=0]
cnt=1 s0=fng (2401,3013)* [filtered=0]
cnt=1 s0=fng (2401,3013)* [filtered=0]
cnt=1 s0=fng (2401,3013)* [filtered=0]
cnt=1 s0=fng (2401,3013)* [filtered=0]
cnt=1 s0=fng (2401,3013)* [filtered=0]
cnt=1 s0=fng (2402,3013)* [filtered=0]
cnt=1 s0=fng (2402,3013)* [filtered=0]
cnt=1 s0=fng (2402,3013)* [filtered=0]
cnt=1 s0=fng (2403,3013)* [filtered=0]
cnt=1 s0=fng (2403,3013)* [filtered=0]
cnt=1 s0=fng (2403,3013)* [filtered=0]
cnt=1 s0=fng (2403,3013)* [filtered=0]
cnt=1 s0=fng (2403,3013)* [filtered=0]
cnt=1 s0=fng (2403,3013)* [filtered=0]
cnt=1 s0=fng (2403,3013)* [filtered=0]
cnt=1 s0=fng (2403,3013)* [filtered=0]
cnt=1 s0=fng (2403,3013)* [filtered=0]
cnt=1 s0=fng (2403,3013)* [filtered=0]
cnt=1 s0=fng (2403,3013)* [filtered=0]
cnt=1 s0=fng (2403,3013)* [filtered=0]
cnt=1 s0=fng (2402,3013)* [filtered=0]
cnt=1 s0=fng (2402,3013)* [filtered=0]
cnt=1 s0=fng (2402,3013)* [filtered=0]
cnt=1 s0=fng (2401,3013)* [filtered=0]
cnt=1 s0=fng (2401,3013)* [filtered=0]
cnt=1 s0=fng (2400,3013)* [filtered=0]
cnt=1 s0=fng (2400,3013)* [filtered=0]
cnt=1 s0=fng (2400,3013)* [filtered=0]
cnt=1 s0=fng (2399,3013)* [filtered=0]
cnt=1 s0=fng (2399,3013)* [filtered=0]
cnt=1 s0=fng (2398,3013)* [filtered=0]
cnt=1 s0=fng (2398,3013)* [filtered=0]
cnt=1 s0=fng (2397,3013)* [filtered=0]
cnt=1 s0=fng (2397,3013)* [filtered=0]
cnt=1 s0=fng (2396,3013)* [filtered=0]
cnt=1 s0=fng (2396,3013)* [filtered=0]
cnt=1 s0=fng (2396,3013)* [filtered=0]
cnt=1 s0=fng (2396,3014)* [filtered=0]
cnt=1 s0=fng (2396,3016)* [filtered=0]
cnt=1 s0=fng (2395,3018)* [filtered=0]
cnt=1 s0=fng (2395,3020)* [filtered=0]
cnt=1 s0=fng (2395,3021)* [filtered=0]
cnt=1 s0=fng (4423,3063) [filtered=0]
cnt=1 s0=fng (4423,3063) [filtered=0]
cnt=1 s0=fng (4423,3063) [filtered=0]
cnt=1 s0=fng (4423,3063) [filtered=0]
cnt=1 s0=fng (4423,3063) [filtered=0]
cnt=1 s0=fng (4423,3063) [filtered=0]
cnt=1 s0=fng (4423,3063) [filtered=0]
cnt=1 s0=fng (4423,3063) [filtered=0]
cnt=1 s0=fng (4424,3063) [filtered=0]
cnt=1 s0=fng (4424,3063) [filtered=0]
cnt=1 s0=fng (4424,3063) [filtered=0]
cnt=1 s0=fng (4425,3063) [filtered=0]
cnt=1 s0=fng (4426,3063) [filtered=0]
cnt=1 s0=fng (4426,3063) [filtered=0]
cnt=1 s0=fng (4427,3062) [filtered=0]
cnt=1 s0=fng (4427,3062) [filtered=0]
cnt=1 s0=fng (4427,3061) [filtered=0]
cnt=1 s0=fng (4427,3060) [filtered=0]
cnt=1 s0=fng (4427,3059) [filtered=0]
cnt=1 s0=fng (4427,3058) [filtered=0]
cnt=1 s0=fng (4427,3057)* [filtered=0]
cnt=1 s0=fng (4427,3056)* [filtered=0]
cnt=1 s0=fng (4427,3055)* [filtered=0]
cnt=1 s0=fng (4427,3054)* [filtered=0]
cnt=1 s0=fng (4427,3054)* [filtered=0]
cnt=1 s0=fng (4427,3053)* [filtered=0]
cnt=1 s0=fng (4427,3052)* [filtered=0]
cnt=1 s0=fng (4427,3050)* [filtered=0]
cnt=1 s0=fng (4427,3047)* [filtered=0]
cnt=1 s0=fng (4427,3045)* [filtered=0]
cnt=1 s0=fng (4427,3042)* [filtered=0]
cnt=1 s0=fng (4427,3040)* [filtered=0]
cnt=1 s0=fng (4427,3038)* [filtered=0]
cnt=1 s0=fng (4427,3036)* [filtered=0]
cnt=1 s0=fng (4427,3035)* [filtered=0]
cnt=1 s0=fng (4427,3033)* [filtered=0]
cnt=1 s0=fng (4427,3031)* [filtered=0]
cnt=1 s0=fng (4427,3029)* [filtered=0]
cnt=1 s0=fng (4427,3028)* [filtered=0]
cnt=1 s0=fng (4427,3026)* [filtered=0]
cnt=1 s0=fng (4427,3025)* [filtered=0]
cnt=1 s0=fng (4427,3023)* [filtered=0]
cnt=1 s0=fng (4427,3022)* [filtered=0]
cnt=1 s0=fng (4427,3021)* [filtered=0]
cnt=1 s0=fng (4427,3020)* [filtered=0]
cnt=1 s0=fng (4427,3019)* [filtered=0]
cnt=1 s0=fng (4427,3019)* [filtered=0]
cnt=1 s0=fng (4427,3019)* [filtered=0]
cnt=1 s0=fng (4427,3019)* [filtered=0]
cnt=1 s0=fng (4427,3019)* [filtered=0]
cnt=1 s0=fng (4427,3019)* [filtered=0]
cnt=1 s0=fng (4427,3019)* [filtered=0]
cnt=1 s0=fng (4427,3019)* [filtered=0]
cnt=1 s0=fng (4427,3019)* [filtered=0]
cnt=1 s0=fng (4427,3019)* [filtered=0]
cnt=1 s0=fng (4427,3019)* [filtered=0]
cnt=1 s0=fng (4427,3019)* [filtered=0]
cnt=1 s0=fng (4427,3019)* [filtered=0]
cnt=1 s0=fng (4427,3019)* [filtered=0]
cnt=1 s0=fng (4427,3019)* [filtered=0]
cnt=1 s0=fng (4427,3019)* [filtered=0]
cnt=1 s0=fng (4427,3019)* [filtered=0]
cnt=1 s0=fng (4427,3019)* [filtered=0]
cnt=1 s0=fng (4427,3019)* [filtered=0]
cnt=1 s0=fng (4427,3018)* [filtered=0]
cnt=1 s0=fng (4427,3017)* [filtered=0]
cnt=1 s0=fng (4427,3016)* [filtered=0]
cnt=1 s0=fng (4427,3015)* [filtered=0]
cnt=1 s0=fng (4427,3014)* [filtered=0]
cnt=1 s0=fng (4427,3013)* [filtered=0]
cnt=1 s0=fng (4427,3012)* [filtered=0]
cnt=1 s0=fng (4427,3012)* [filtered=0]
cnt=1 s0=fng (4427,3011)* [filtered=0]
cnt=1 s0=fng (4427,3010)* [filtered=0]
cnt=1 s0=fng (4427,3009)* [filtered=0]
cnt=1 s0=fng (4427,3008)* [filtered=0]
cnt=1 s0=fng (4427,3007)* [filtered=0]
cnt=1 s0=fng (4427,3006)* [filtered=0]
cnt=1 s0=fng (4428,3005)* [filtered=0]
cnt=1 s0=fng (4428,3004)* [filtered=0]
cnt=1 s0=fng (4428,3003)* [filtered=0]
cnt=1 s0=fng (4428,3003)* [filtered=0]
cnt=1 s0=fng (4429,3002)* [filtered=0]
cnt=1 s0=fng (4429,3001)* [filtered=0]
cnt=1 s0=fng (4430,3000)* [filtered=0]
cnt=1 s0=fng (4430,2999)* [filtered=0]
cnt=1 s0=fng (4431,2998)* [filtered=0]
cnt=1 s0=fng (4431,2997)* [filtered=0]
cnt=1 s0=fng (4432,2996)* [filtered=0]
cnt=1 s0=fng (4432,2995)* [filtered=0]
cnt=1 s0=fng (4432,2994)* [filtered=0]
cnt=1 s0=fng (4433,2993)* [filtered=0]
cnt=1 s0=fng (4433,2992)* [filtered=0]
cnt=1 s0=fng (4433,2991)* [filtered=0]
cnt=1 s0=fng (4433,2990)* [filtered=0]
cnt=1 s0=fng (4433,2989)* [filtered=0]
cnt=1 s0=fng (4433,2988)* [filtered=0]
cnt=1 s0=fng (4433,2987)* [filtered=0]
cnt=1 s0=fng (4433,2986)* [filtered=0]
cnt=1 s0=fng (4433,2986)* [filtered=0]
cnt=1 s0=fng (4433,2986)* [filtered=0]
cnt=1 s0=fng (4433,2986)* [filtered=0]
cnt=1 s0=fng (4433,2986)* [filtered=0]
cnt=1 s0=fng (4433,2986)* [filtered=0]
cnt=1 s0=fng (4433,2986)* [filtered=0]
cnt=1 s0=fng (4433,2986)* [filtered=0]
cnt=1 s0=fng (4433,2986)* [filtered=0]
cnt=1 s0=fng (4433,2986)* [filtered=0]
cnt=1 s0=fng (4433,2986)* [filtered=0]
cnt=1 s0=fng (4433,2986)* [filtered=0]
cnt=1 s0=fng (4433,2986)* [filtered=0]
cnt=1 s0=fng (4433,2986)* [filtered=0]
cnt=1 s0=fng (4433,2986)* [filtered=0]
cnt=1 s0=fng (4433,2986)* [filtered=0]
cnt=1 s0=fng (4433,2986)* [filtered=0]
cnt=1 s0=fng (4433,2986)* [filtered=0]
cnt=1 s0=fng (4433,2986)* [filtered=0]
cnt=1 s0=fng (4433,2986)* [filtered=0]
cnt=1 s0=fng (4433,2986)* [filtered=0]
cnt=1 s0=fng (4433,2986)* [filtered=0]
cnt=1 s0=fng (4433,2986)* [filtered=0]
cnt=1 s0=fng (4433,2986)* [filtered=0]
cnt=1 s0=fng (4433,2986)* [filtered=0]
cnt=1 s0=fng (4433,2986)* [filtered=0]
cnt=1 s0=fng (4433,2986)* [filtered=0]
cnt=1 s0=fng (4433,2986)* [filtered=0]
cnt=1 s0=fng (4434,2986)* [filtered=0]
cnt=1 s0=fng (4434,2986)* [filtered=0]
cnt=1 s0=fng (4435,2985)* [filtered=0]
cnt=1 s0=fng (4435,2984)* [filtered=0]
cnt=1 s0=fng (4436,2983)* [filtered=0]
cnt=1 s0=fng (4436,2982)* [filtered=0]
cnt=1 s0=fng (4436,2981)* [filtered=0]
cnt=1 s0=fng (4437,2980)* [filtered=0]
cnt=1 s0=fng (4437,2979)* [filtered=0]
cnt=1 s0=fng (4438,2978)* [filtered=0]
cnt=1 s0=fng (4439,2977)* [filtered=0]
cnt=1 s0=fng (4439,2976)* [filtered=0]
cnt=1 s0=fng (4439,2975)* [filtered=0]
cnt=1 s0=fng (4440,2975)* [filtered=0]
cnt=1 s0=fng (4440,2975)* [filtered=0]
cnt=1 s0=fng (4440,2975)* [filtered=0]
cnt=1 s0=fng (4440,2975)* [filtered=0]
cnt=1 s0=fng (4440,2975)* [filtered=0]
cnt=1 s0=fng (4440,2975)* [filtered=0]
cnt=1 s0=fng (4440,2975)* [filtered=0]
cnt=1 s0=fng (4440,2975)* [filtered=0]
cnt=1 s0=fng (4440,2975)* [filtered=0]
cnt=1 s0=fng (4440,2975)* [filtered=0]
cnt=1 s0=fng (4440,2975)* [filtered=0]
cnt=1 s0=fng (4440,2975)* [filtered=0]
cnt=1 s0=fng (4440,2975)* [filtered=0]
cnt=1 s0=fng (4440,2975)* [filtered=0]
cnt=1 s0=fng (4440,2975)* [filtered=0]
cnt=1 s0=fng (4440,2975)* [filtered=0]
cnt=1 s0=fng (4440,2975)* [filtered=0]
cnt=1 s0=fng (4440,2975)* [filtered=0]
cnt=1 s0=fng (4439,2975)* [filtered=0]
cnt=1 s0=fng (4439,2975)* [filtered=0]
cnt=1 s0=fng (4438,2975)* [filtered=0]
cnt=1 s0=fng (4437,2975)* [filtered=0]
cnt=1 s0=fng (4436,2975)* [filtered=0]
cnt=1 s0=fng (4435,2975)* [filtered=0]
cnt=1 s0=fng (4434,2975)* [filtered=0]
cnt=1 s0=fng (3609,1866) [filtered=0]
cnt=1 s0=fng (3609,1866) [filtered=0]
cnt=1 s0=fng (3609,1865) [filtered=0]
cnt=1 s0=fng (3608,1864) [filtered=0]
cnt=1 s0=fng (3606,1861) [filtered=0]
cnt=1 s0=fng (3603,1855) [filtered=0]
cnt=1 s0=fng (3602,1850) [filtered=0]
cnt=1 s0=fng (3598,1841) [filtered=0]
cnt=1 s0=fng (3593,1828) [filtered=0]
cnt=1 s0=fng (3587,1812) [filtered=0]
cnt=1 s0=fng (3582,1796) [filtered=0]
cnt=1 s0=fng (3577,1778) [filtered=0]
cnt=1 s0=fng (3572,1759) [filtered=0]
cnt=1 s0=fng (3567,1739) [filtered=0]
cnt=1 s0=fng (3563,1717) [filtered=0]
cnt=1 s0=fng (3560,1696) [filtered=0]
cnt=1 s0=fng (3557,1675) [filtered=0]
cnt=1 s0=fng (3555,1654) [filtered=0]
cnt=1 s0=fng (3553,1633) [filtered=0]
cnt=1 s0=fng (3551,1612) [filtered=0]
cnt=1 s0=fng (3550,1591) [filtered=0]
cnt=1 s0=fng (3549,1571) [filtered=0]
cnt=1 s0=fng (3548,1551) [filtered=0]
cnt=1 s0=fng (3546,1532) [filtered=0]
cnt=1 s0=fng (3545,1514) [filtered=0]
cnt=1 s0=fng (3544,1496) [filtered=0]
cnt=1 s0=fng (3542,1479) [filtered=0]
cnt=1 s0=fng (3540,1462) [filtered=0]
cnt=1 s0=fng (3537,1445) [filtered=0]
cnt=1 s0=fng (3536,1429) [filtered=0]
cnt=1 s0=fng (3534,1413) [filtered=0]
cnt=1 s0=fng (3532,1397) [filtered=0]
cnt=1 s0=fng (3529,1381) [filtered=0]
cnt=1 s0=fng (3526,1365) [filtered=0]
cnt=1 s0=fng (3524,1350) [filtered=0]
cnt=1 s0=fng (3521,1335) [filtered=0]
cnt=1 s0=fng (3518,1320) [filtered=0]
cnt=1 s0=fng (3515,1305) [filtered=0]
cnt=1 s0=fng (3513,1291) [filtered=0]
cnt=1 s0=fng (3511,1278) [filtered=0]
cnt=1 s0=fng (3509,1266) [filtered=0]
cnt=1 s0=fng (3506,1253) [filtered=0]
cnt=1 s0=fng (3504,1240) [filtered=0]
cnt=1 s0=fng (3503,1228) [filtered=0]
cnt=1 s0=fng (3502,1217) [filtered=0]
cnt=1 s0=fng (3500,1207) [filtered=0]
cnt=1 s0=fng (3498,1198) [filtered=0]
cnt=1 s0=fng (3496,1189) [filtered=0]
cnt=1 s0=fng (3495,1181) [filtered=0]
cnt=1 s0=fng (3494,1173) [filtered=0]
cnt=1 s0=fng (3492,1167) [filtered=0]
cnt=1 s0=fng (3490,1162) [filtered=0]
cnt=1 s0=fng (3489,1157) [filtered=0]
cnt=1 s0=fng (3488,1153) [filtered=0]
cnt=1 s0=fng (3487,1149) [filtered=0]
cnt=1 s0=fng (3486,1146) [filtered=0]
cnt=1 s0=fng (3485,1145) [filtered=0]
cnt=1 s0=fng (3485,1144) [filtered=0]
cnt=1 s0=fng (3484,1144) [filtered=0]
cnt=1 s0=fng (3484,1144) [filtered=0]
cnt=1 s0=fng (3483,1144) [filtered=0]
cnt=1 s0=fng (3483,1147) [filtered=0]
cnt=1 s0=fng (3483,1150) [filtered=0]
cnt=1 s0=fng (3483,1154) [filtered=0]
cnt=1 s0=fng (3483,1159) [filtered=0]
cnt=1 s0=fng (3483,1165) [filtered=0]
cnt=1 s0=fng (3483,1170) [filtered=0]
cnt=1 s0=fng (3484,1178) [filtered=0]
cnt=1 s0=fng (3485,1188) [filtered=0]
cnt=1 s0=fng (3488,1201) [filtered=0]
cnt=1 s0=fng (3493,1217) [filtered=0]
cnt=1 s0=fng (3497,1232) [filtered=0]
cnt=1 s0=fng (3504,1250) [filtered=0]
cnt=1 s0=fng (3513,1271) [filtered=0]
cnt=1 s0=fng (3524,1292) [filtered=0]
cnt=1 s0=fng (3538,1315) [filtered=0]
cnt=1 s0=fng (3551,1337) [filtered=0]
cnt=1 s0=fng (3565,1358) [filtered=0]
cnt=1 s0=fng (3580,1378) [filtered=0]
cnt=1 s0=fng (3597,1396) [filtered=0]
cnt=1 s0=fng (3614,1414) [filtered=0]
cnt=1 s0=fng (3631,1431) [filtered=0]
cnt=1 s0=fng (3648,1446) [filtered=0]
cnt=1 s0=fng (3665,1459) [filtered=0]
cnt=1 s0=fng (3682,1470) [filtered=0]
cnt=1 s0=fng (3699,1480) [filtered=0]
cnt=1 s0=fng (3716,1488) [filtered=0]
cnt=1 s0=fng (3732,1493) [filtered=0]
cnt=1 s0=fng (3746,1497) [filtered=0]
cnt=1 s0=fng (3759,1499) [filtered=0]
cnt=1 s0=fng (3772,1501) [filtered=0]
cnt=1 s0=fng (3784,1501) [filtered=0]
cnt=1 s0=fng (3794,1501) [filtered=0]
cnt=1 s0=fng (3803,1501) [filtered=0]
cnt=1 s0=fng (3811,1501) [filtered=0]
cnt=1 s0=fng (3817,1498) [filtered=0]
cnt=1 s0=fng (3821,1494) [filtered=0]
cnt=1 s0=fng (3825,1490) [filtered=0]
cnt=1 s0=fng (3828,1486) [filtered=0]
cnt=1 s0=fng (3831,1484) [filtered=0]
cnt=1 s0=fng (3833,1481) [filtered=0]
cnt=1 s0=fng (3834,1478) [filtered=0]
cnt=1 s0=fng (3834,1476) [filtered=0]
cnt=1 s0=fng (3833,1474) [filtered=0]
cnt=1 s0=fng (3833,1473) [filtered=0]
cnt=1 s0=fng (3834,1471) [filtered=0]
cnt=1 s0=fng (3834,1468) [filtered=0]
cnt=1 s0=fng (3835,1465) [filtered=0]
cnt=1 s0=fng (3835,1464) [filtered=0]
cnt=1 s0=fng (3835,1462) [filtered=0]
cnt=1 s0=fng (3835,1459) [filtered=0]
cnt=1 s0=fng (3835,1456) [filtered=0]
cnt=1 s0=fng (3835,1454) [filtered=0]
cnt=1 s0=fng (3835,1453) [filtered=0]
cnt=1 s0=fng (3835,1451) [filtered=0]
cnt=1 s0=fng (3835,1448) [filtered=0]
cnt=1 s0=fng (3835,1445) [filtered=0]
cnt=1 s0=fng (3835,1441) [filtered=0]
cnt=1 s0=fng (3835,1439) [filtered=0]
cnt=1 s0=fng (3834,1435) [filtered=0]
cnt=1 s0=fng (3834,1430) [filtered=0]
cnt=1 s0=fng (3833,1425) [filtered=0]
cnt=1 s0=fng (3832,1421) [filtered=0]
cnt=1 s0=fng (3830,1415) [filtered=0]
cnt=1 s0=fng (3827,1407) [filtered=0]
cnt=1 s0=fng (3822,1398) [filtered=0]
cnt=1 s0=fng (3817,1389) [filtered=0]
cnt=1 s0=fng (3812,1380) [filtered=0]
cnt=1 s0=fng (3805,1370) [filtered=0]
cnt=1 s0=fng (3796,1359) [filtered=0]
cnt=1 s0=fng (3785,1347) [filtered=0]
cnt=1 s0=fng (3771,1335) [filtered=0]
cnt=1 s0=fng (3758,1323) [filtered=0]
cnt=1 s0=fng (3743,1311) [filtered=0]
cnt=1 s0=fng (3726,1298) [filtered=0]
cnt=1 s0=fng (3708,1286) [filtered=0]
cnt=1 s0=fng (3690,1275) [filtered=0]
cnt=1 s0=fng (3671,1263) [filtered=0]
cnt=1 s0=fng (3651,1252) [filtered=0]
cnt=1 s0=fng (3630,1241) [filtered=0]
cnt=1 s0=fng (3609,1231) [filtered=0]
cnt=1 s0=fng (3588,1222) [filtered=0]
cnt=1 s0=fng (3567,1212) [filtered=0]
cnt=1 s0=fng (3547,1202) [filtered=0]
cnt=1 s0=fng (3527,1192) [filtered=0]
cnt=1 s0=fng (3507,1182) [filtered=0]
cnt=1 s0=fng (3488,1173) [filtered=0]
cnt=1 s0=fng (3468,1164) [filtered=0]
cnt=1 s0=fng (3448,1155) [filtered=0]
cnt=1 s0=fng (3428,1145) [filtered=0]
cnt=1 s0=fng (3409,1136) [filtered=0]
cnt=1 s0=fng (3390,1128) [filtered=0]
cnt=1 s0=fng (3370,1119) [filtered=0]
cnt=1 s0=fng (3351,1110) [filtered=0]
cnt=1 s0=fng (3332,1101) [filtered=0]
cnt=1 s0=fng (3314,1093) [filtered=0]
cnt=1 s0=fng (3297,1086) [filtered=0]
cnt=1 s0=fng (3279,1080) [filtered=0]
cnt=1 s0=fng (3262,1073) [filtered=0]
cnt=1 s0=fng (3245,1066) [filtered=0]
cnt=1 s0=fng (3229,1060) [filtered=0]
cnt=1 s0=fng (3213,1055) [filtered=0]
cnt=1 s0=fng (3197,1051) [filtered=0]
cnt=1 s0=fng (3183,1046) [filtered=0]
cnt=1 s0=fng (3170,1042) [filtered=0]
cnt=1 s0=fng (3158,1038) [filtered=0]
cnt=1 s0=fng (3147,1035) [filtered=0]
cnt=1 s0=fng (3138,1033) [filtered=0]
cnt=1 s0=fng (3130,1032) [filtered=0]
cnt=1 s0=fng (3122,1032) [filtered=0]
cnt=1 s0=fng (3114,1033) [filtered=0]
cnt=1 s0=fng (3107,1034) [filtered=0]
cnt=1 s0=fng (3101,1036) [filtered=0]
cnt=1 s0=fng (3097,1038) [filtered=0]
cnt=1 s0=fng (3093,1039) [filtered=0]
cnt=1 s0=fng (3674,1762) [filtered=0]
cnt=1 s0=fng (3674,1762) [filtered=0]
cnt=1 s0=fng (3674,1762) [filtered=0]
cnt=1 s0=fng (3674,1762) [filtered=0]
cnt=1 s0=fng (3674,1762) [filtered=0]
cnt=1 s0=fng (3674,1762) [filtered=0]
cnt=1 s0=fng (3674,1762) [filtered=0]
cnt=1 s0=fng (3674,1762) [filtered=0]
cnt=1 s0=fng (3674,1763) [filtered=0]
cnt=1 s0=fng (3674,1763) [filtered=0]
cnt=1 s0=fng (3674,1764) [filtered=0]
cnt=1 s0=fng (3674,1764) [filtered=0]
cnt=1 s0=fng (3673,1765) [filtered=0]
cnt=1 s0=fng (3672,1765) [filtered=0]
cnt=1 s0=fng (3672,1766) [filtered=0]
cnt=1 s0=fng (3671,1766) [filtered=0]
cnt=1 s0=fng (3671,1766) [filtered=0]
cnt=1 s0=fng (3670,1767) [filtered=0]
cnt=1 s0=fng (3669,1768) [filtered=0]
cnt=1 s0=fng (3666,1770) [filtered=0]
cnt=1 s0=fng (3660,1773) [filtered=0]
cnt=1 s0=fng (3656,1775) [filtered=0]
cnt=1 s0=fng (3649,1779) [filtered=0]
cnt=1 s0=fng (3640,1785) [filtered=0]
cnt=1 s0=fng (3628,1793) [filtered=0]
cnt=1 s0=fng (3615,1802) [filtered=0]
cnt=1 s0=fng (3602,1811) [filtered=0]
cnt=1 s0=fng (3588,1820) [filtered=0]
cnt=1 s0=fng (3574,1829) [filtered=0]
cnt=1 s0=fng (3560,1838) [filtered=0]
cnt=1 s0=fng (3547,1846) [filtered=0]
cnt=1 s0=fng (3534,1854) [filtered=0]
cnt=1 s0=fng (3521,1862) [filtered=0]
cnt=1 s0=fng (3509,1869) [filtered=0]
cnt=1 s0=fng (3498,1875) [filtered=0]
cnt=1 s0=fng (3488,1880) [filtered=0]
cnt=1 s0=fng (3479,1885) [filtered=0]
cnt=1 s0=fng (3470,1891) [filtered=0]
cnt=1 s0=fng (3461,1896) [filtered=0]
cnt=1 s0=fng (3452,1901) [filtered=0]
cnt=1 s0=fng (3444,1905) [filtered=0]
cnt=1 s0=fng (3436,1911) [filtered=0]
cnt=1 s0=fng (3427,1918) [filtered=0]
cnt=1 s0=fng (3418,1926) [filtered=0]
cnt=1 s0=fng (3410,1933) [filtered=0]
cnt=1 s0=fng (3400,1942) [filtered=0]
cnt=1 s0=fng (3391,1951) [filtered=0]
cnt=1 s0=fng (3382,1960) [filtered=0]
cnt=1 s0=fng (3373,1968) [filtered=0]
cnt=1 s0=fng (3365,1976) [filtered=0]
cnt=1 s0=fng (3356,1984) [filtered=0]
cnt=1 s0=fng (3347,1991) [filtered=0]
cnt=1 s0=fng (3339,1998) [filtered=0]
cnt=1 s0=fng (3331,2005) [filtered=0]
cnt=1 s0=fng (3324,2011) [filtered=0]
cnt=1 s0=fng (3318,2018) [filtered=0]
cnt=1 s0=fng (3311,2024) [filtered=0]
cnt=1 s0=fng (3305,2029) [filtered=0]
cnt=1 s0=fng (3300,2033) [filtered=0]
cnt=1 s0=fng (3296,2037) [filtered=0]
cnt=1 s0=fng (3291,2042) [filtered=0]
cnt=1 s0=fng (3286,2047) [filtered=0]
cnt=1 s0=fng (3281,2052) [filtered=0]
cnt=1 s0=fng (3277,2056) [filtered=0]
cnt=1 s0=fng (3272,2060) [filtered=0]
cnt=1 s0=fng (3267,2065) [filtered=0]
cnt=1 s0=fng (3262,2069) [filtered=0]
cnt=1 s0=fng (3257,2073) [filtered=0]
cnt=1 s0=fng (3253,2076) [filtered=0]
cnt=1 s0=fng (3248,2079) [filtered=0]
cnt=1 s0=fng (3244,2083) [filtered=0]
cnt=1 s0=fng (3240,2086) [filtered=0]
cnt=1 s0=fng (3237,2088) [filtered=0]
cnt=1 s0=fng (3234,2090) [filtered=0]
cnt=1 s0=fng (3232,2093) [filtered=0]
cnt=1 s0=fng (3229,2096) [filtered=0]
cnt=1 s0=fng (3226,2098) [filtered=0]
cnt=1 s0=fng (3224,2099) [filtered=0]
cnt=1 s0=fng (3222,2100) [filtered=0]
cnt=1 s0=fng (3221,2102) [filtered=0]
cnt=1 s0=fng (3219,2104) [filtered=0]
cnt=1 s0=fng (3217,2106) [filtered=0]
cnt=1 s0=fng (3216,2107) [filtered=0]
cnt=1 s0=fng (3215,2109) [filtered=0]
cnt=1 s0=fng (3213,2112) [filtered=0]
cnt=1 s0=fng (3211,2116) [filtered=0]
cnt=1 s0=fng (3210,2119) [filtered=0]
cnt=1 s0=fng (3208,2123) [filtered=0]
cnt=1 s0=fng (3206,2127) [filtered=0]
cnt=1 s0=fng (3204,2132) [filtered=0]
cnt=1 s0=fng (3202,2137) [filtered=0]
cnt=1 s0=fng (3201,2141) [filtered=0]
cnt=1 s0=fng (3199,2145) [filtered=0]
cnt=1 s0=fng (3198,2150) [filtered=0]
cnt=1 s0=fng (887,2336) [filtered=0]
cnt=1 s0=fng (886,2336) [filtered=0]
cnt=1 s0=fng (886,2337) [filtered=0]
cnt=1 s0=fng (886,2338) [filtered=0]
cnt=1 s0=fng (886,2338) [filtered=0]
cnt=1 s0=fng (886,2338) [filtered=0]
cnt=1 s0=fng (886,2339) [filtered=0]
cnt=1 s0=fng (885,2339) [filtered=0]
cnt=1 s0=fng (884,2340) [filtered=0]
cnt=1 s0=fng (884,2340) [filtered=0]
cnt=1 s0=fng (884,2340) [filtered=0]
cnt=1 s0=fng (884,2341) [filtered=0]
cnt=1 s0=fng (884,2342) [filtered=0]
cnt=1 s0=fng (884,2342) [filtered=0]
cnt=1 s0=fng (884,2342) [filtered=0]
cnt=1 s0=fng (884,2343) [filtered=0]
cnt=1 s0=fng (884,2344) [filtered=0]
cnt=1 s0=fng (884,2345) [filtered=0]
cnt=1 s0=fng (884,2345) [filtered=0]
cnt=1 s0=fng (883,2346) [filtered=0]
cnt=1 s0=fng (883,2347)* [filtered=0]
cnt=1 s0=fng (882,2348)* [filtered=0]
cnt=1 s0=fng (882,2350)* [filtered=0]
cnt=1 s0=fng (882,2351)* [filtered=0]
cnt=1 s0=fng (881,2352)* [filtered=0]
cnt=1 s0=fng (881,2353)* [filtered=0]
cnt=1 s0=fng (880,2355)* [filtered=0]
cnt=1 s0=fng (879,2358) [filtered=0]
cnt=1 s0=fng (878,2360) [filtered=0]
cnt=1 s0=fng (877,2363) [filtered=0]
cnt=1 s0=fng (876,2366) [filtered=0]
cnt=1 s0=fng (875,2370) [filtered=0]
cnt=1 s0=fng (874,2374) [filtered=0]
cnt=1 s0=fng (873,2376) [filtered=0]
cnt=1 s0=fng (872,2379) [filtered=0]
cnt=1 s0=fng (871,2382) [filtered=0]
cnt=1 s0=fng (870,2385) [filtered=0]
cnt=1 s0=fng (870,2387) [filtered=0]
cnt=1 s0=fng (869,2390) [filtered=0]
cnt=1 s0=fng (868,2393) [filtered=0]
cnt=1 s0=fng (867,2396) [filtered=0]
cnt=1 s0=fng (866,2398) [filtered=0]
cnt=1 s0=fng (865,2399) [filtered=0]
cnt=1 s0=fng (865,2401) [filtered=0]
cnt=1 s0=fng (864,2404) [filtered=0]
cnt=1 s0=fng (864,2406) [filtered=0]
cnt=1 s0=fng (863,2408) [filtered=0]
cnt=1 s0=fng (863,2409) [filtered=0]
cnt=1 s0=fng (862,2410) [filtered=0]
cnt=1 s0=fng (862,2412) [filtered=0]
cnt=1 s0=fng (861,2414) [filtered=0]
cnt=1 s0=fng (861,2415) [filtered=0]
cnt=1 s0=fng (861,2416) [filtered=0]
cnt=1 s0=fng (860,2417) [filtered=0]
cnt=1 s0=fng (859,2419) [filtered=0]
cnt=1 s0=fng (859,2421) [filtered=0]
cnt=1 s0=fng (859,2422) [filtered=0]
cnt=1 s0=fng (858,2423) [filtered=0]
cnt=1 s0=fng (857,2424) [filtered=0]
cnt=1 s0=fng (857,2426) [filtered=0]
cnt=1 s0=fng (856,2427) [filtered=0]
cnt=1 s0=fng (856,2428) [filtered=0]
cnt=1 s0=fng (856,2429) [filtered=0]
cnt=1 s0=fng (855,2430) [filtered=0]
cnt=1 s0=fng (855,2431)* [filtered=0]
cnt=1 s0=fng (855,2432)* [filtered=0]
cnt=1 s0=fng (854,2433)* [filtered=0]
cnt=1 s0=fng (853,2434)* [filtered=0]
cnt=1 s0=fng (853,2435)* [filtered=0]
cnt=1 s0=fng (852,2436)* [filtered=0]
cnt=1 s0=fng (852,2436)* [filtered=0]
cnt=1 s0=fng (852,2437)* [filtered=0]
cnt=1 s0=fng (852,2438)* [filtered=0]
cnt=1 s0=fng (852,2439)* [filtered=0]
cnt=1 s0=fng (852,2440)* [filtered=0]
cnt=1 s0=fng (852,2441)* [filtered=0]
cnt=1 s0=fng (852,2441)* [filtered=0]
cnt=1 s0=fng (852,2442)* [filtered=0]
cnt=1 s0=fng (852,2442)* [filtered=0]
cnt=1 s0=fng (852,2442)* [filtered=0]
cnt=1 s0=fng (852,2443)* [filtered=0]
cnt=1 s0=fng (852,2444)* [filtered=0]
cnt=1 s0=fng (852,2444)* [filtered=0]
cnt=1 s0=fng (852,2445)* [filtered=0]
cnt=1 s0=fng (852,2445)* [filtered=0]
cnt=1 s0=fng (852,2445)* [filtered=0]
cnt=1 s0=fng (852,2446)* [filtered=0]
cnt=1 s0=fng (852,2447)* [filtered=0]
cnt=1 s0=fng (852,2447)* [filtered=0]
cnt=1 s0=fng (852,2447)* [filtered=0]
cnt=1 s0=fng (852,2448)* [filtered=0]
cnt=1 s0=fng (852,2448)* [filtered=0]
cnt=1 s0=fng (852,2449)* [filtered=0]
cnt=1 s0=fng (852,2449)* [filtered=0]
cnt=1 s0=fng (852,2449)* [filtered=0]
cnt=1 s0=fng (852,2450)* [filtered=0]
cnt=1 s0=fng (852,2451)* [filtered=0]
cnt=1 s0=fng (852,2451)* [filtered=0]
cnt=1 s0=fng (852,2451)* [filtered=0]
cnt=1 s0=fng (852,2452)* [filtered=0]
cnt=1 s0=fng (852,2452)* [filtered=0]
cnt=1 s0=fng (851,2453)* [filtered=0]
cnt=1 s0=fng (851,2453)* [filtered=0]
cnt=1 s0=fng (851,2453)* [filtered=0]
cnt=1 s0=fng (850,2454)* [filtered=0]
cnt=1 s0=fng (850,2455)* [filtered=0]
cnt=1 s0=fng (849,2455)* [filtered=0]
cnt=1 s0=fng (848,2456)* [filtered=0]
cnt=1 s0=fng (848,2456)* [filtered=0]
cnt=1 s0=fng (848,2456)* [filtered=0]
cnt=1 s0=fng (848,2457)* [filtered=0]
cnt=1 s0=fng (847,2457)* [filtered=0]
cnt=1 s0=fng (847,2457)* [filtered=0]
cnt=1 s0=fng (847,2458)* [filtered=0]
cnt=1 s0=fng (847,2459)* [filtered=0]
cnt=1 s0=fng (847,2459)* [filtered=0]
cnt=1 s0=fng (847,2460)* [filtered=0]
cnt=1 s0=fng (847,2460)* [filtered=0]
cnt=1 s0=fng (847,2460)* [filtered=0]
cnt=1 s0=fng (847,2460)* [filtered=0]
cnt=1 s0=fng (847,2460)* [filtered=0]
cnt=1 s0=fng (847,2460)* [filtered=0]
cnt=1 s0=fng (847,2460)* [filtered=0]
cnt=1 s0=fng (847,2460)* [filtered=0]
cnt=1 s0=fng (847,2460)* [filtered=0]
cnt=1 s0=fng (847,2460)* [filtered=0]
cnt=1 s0=fng (847,2460)* [filtered=0]
cnt=1 s0=fng (847,2460)* [filtered=0]
cnt=1 s0=fng (847,2460)* [filtered=0]
cnt=1 s0=fng (847,2460)* [filtered=0]
cnt=1 s0=fng (847,2461)* [filtered=0]
cnt=1 s0=fng (847,2461)* [filtered=0]
cnt=1 s0=fng (847,2461)* [filtered=0]
cnt=1 s0=fng (847,2461)* [filtered=0]
cnt=1 s0=fng (847,2461)* [filtered=0]
cnt=1 s0=fng (847,2461)* [filtered=0]
cnt=1 s0=fng (847,2461)* [filtered=0]
cnt=1 s0=fng (847,2461)* [filtered=0]
cnt=1 s0=fng (847,2461)* [filtered=0]
cnt=1 s0=fng (847,2461)* [filtered=0]
cnt=1 s0=fng (847,2461)* [filtered=0]
cnt=1 s0=fng (847,2461)* [filtered=0]
cnt=1 s0=fng (847,2460)* [filtered=0]
cnt=1 s0=fng (847,2460)* [filtered=0]
cnt=1 s0=fng (847,2459)* [filtered=0]
cnt=1 s0=fng (847,2458)* [filtered=0]
cnt=1 s0=fng (847,2458)* [filtered=0]
cnt=2 s0=PALM(847,2457)* s1=PALM(4282,2764) [filtered=1]
cnt=2 s0=PALM(847,2455)* s1=PALM(4282,2764) [filtered=2]
cnt=2 s0=PALM(848,2452) s1=PALM(4283,2764) [filtered=3]
cnt=2 s0=PALM(848,2451) s1=PALM(4283,2764) [filtered=4]
cnt=2 s0=PALM(849,2448) s1=PALM(4283,2764) [filtered=5]
cnt=2 s0=PALM(850,2445) s1=PALM(4283,2764) [filtered=6]
cnt=2 s0=PALM(851,2441) s1=PALM(4284,2764) [filtered=7]
cnt=2 s0=PALM(853,2437) s1=PALM(4284,2764) [filtered=8]
cnt=2 s0=PALM(854,2434) s1=PALM(4284,2764) [filtered=9]
cnt=2 s0=PALM(855,2430) s1=PALM(4284,2764) [filtered=10]
cnt=2 s0=PALM(857,2426) s1=PALM(4284,2764) [filtered=11]
cnt=2 s0=PALM(859,2422) s1=PALM(4285,2764) [filtered=12]
cnt=2 s0=PALM(860,2419) s1=PALM(4285,2764) [filtered=13]
cnt=2 s0=PALM(862,2415) s1=PALM(4285,2764) [filtered=14]
cnt=2 s0=PALM(864,2411) s1=PALM(4285,2764) [filtered=15]
cnt=2 s0=PALM(867,2407) s1=PALM(4285,2764) [filtered=16]
cnt=2 s0=PALM(870,2404) s1=PALM(4286,2764) [filtered=17]
cnt=2 s0=PALM(872,2402) s1=PALM(4286,2764) [filtered=18]
cnt=2 s0=PALM(875,2400) s1=PALM(4286,2764) [filtered=19]
cnt=2 s0=PALM(878,2397) s1=PALM(4286,2764) [filtered=20]
cnt=2 s0=PALM(881,2395) s1=PALM(4287,2765)* [filtered=21]
cnt=2 s0=PALM(884,2393) s1=PALM(4287,2765)* [filtered=22]
cnt=2 s0=PALM(886,2392) s1=PALM(4287,2765)* [filtered=23]
cnt=2 s0=PALM(888,2390) s1=PALM(4288,2766)* [filtered=24]
cnt=2 s0=PALM(891,2388) s1=PALM(4289,2766)* [filtered=25]
cnt=2 s0=PALM(893,2385) s1=PALM(4289,2767)* [filtered=26]
cnt=2 s0=PALM(894,2384) s1=PALM(4289,2767)* [filtered=27]
cnt=2 s0=PALM(896,2382) s1=PALM(4290,2768)* [filtered=28]
cnt=2 s0=PALM(898,2379) s1=PALM(4290,2769)* [filtered=29]
cnt=2 s0=PALM(901,2376) s1=PALM(4291,2770)* [filtered=30]
cnt=2 s0=PALM(903,2373) s1=PALM(4291,2771)* [filtered=31]
cnt=2 s0=PALM(904,2372) s1=PALM(4291,2771)* [filtered=32]
cnt=2 s0=PALM(906,2370) s1=PALM(4292,2772)* [filtered=33]
cnt=2 s0=PALM(908,2367) s1=PALM(4293,2773)* [filtered=34]
cnt=2 s0=PALM(910,2364) s1=PALM(4293,2773)* [filtered=35]
cnt=2 s0=PALM(911,2363) s1=PALM(4293,2773)* [filtered=36]
cnt=2 s0=PALM(912,2362) s1=PALM(4294,2774)* [filtered=37]
cnt=2 s0=PALM(913,2360) s1=PALM(4294,2775)* [filtered=38]
cnt=2 s0=PALM(914,2359) s1=PALM(4294,2775)* [filtered=39]
cnt=2 s0=PALM(914,2359) s1=PALM(4294,2776)* [filtered=40]
cnt=2 s0=PALM(914,2359) s1=PALM(4294,2776)* [filtered=41]
cnt=2 s0=PALM(914,2360) s1=PALM(4294,2776)* [filtered=42]
cnt=2 s0=PALM(913,2361) s1=PALM(4294,2777)* [filtered=43]
cnt=2 s0=PALM(913,2362) s1=PALM(4294,2777)* [filtered=44]
cnt=2 s0=PALM(912,2364) s1=PALM(4294,2778)* [filtered=45]
cnt=2 s0=PALM(912,2365) s1=PALM(4294,2778)* [filtered=46]
cnt=2 s0=PALM(911,2367) s1=PALM(4294,2779)* [filtered=47]
cnt=2 s0=PALM(910,2370) s1=PALM(4294,2779)* [filtered=48]
cnt=2 s0=PALM(909,2373) s1=PALM(4294,2780)* [filtered=49]
cnt=2 s0=PALM(907,2377) s1=PALM(4294,2780)* [filtered=50]
cnt=2 s0=PALM(906,2380) s1=PALM(4294,2780)* [filtered=51]
cnt=2 s0=PALM(904,2385) s1=PALM(4294,2781)* [filtered=52]
cnt=2 s0=PALM(902,2390) s1=PALM(4294,2781)* [filtered=53]
cnt=2 s0=PALM(900,2395) s1=PALM(4294,2782)* [filtered=54]
cnt=2 s0=PALM(899,2399) s1=PALM(4294,2782)* [filtered=55]
cnt=2 s0=PALM(897,2403) s1=PALM(4295,2783)* [filtered=56]
cnt=2 s0=PALM(895,2407) s1=PALM(4295,2783)* [filtered=57]
cnt=2 s0=PALM(893,2410) s1=PALM(4296,2784)* [filtered=58]
cnt=2 s0=PALM(891,2413) s1=PALM(4297,2784)* [filtered=59]
cnt=2 s0=PALM(890,2415) s1=PALM(4297,2784)* [filtered=60]
cnt=2 s0=PALM(889,2417) s1=PALM(4298,2785)* [filtered=61]
cnt=2 s0=PALM(888,2419) s1=PALM(4298,2785)* [filtered=62]
cnt=2 s0=PALM(887,2422) s1=PALM(4299,2786)* [filtered=63]
cnt=2 s0=PALM(886,2424) s1=PALM(4299,2786)* [filtered=64]
cnt=2 s0=PALM(885,2425) s1=PALM(4299,2786)* [filtered=65]
cnt=2 s0=PALM(884,2427) s1=PALM(4300,2786)* [filtered=66]
cnt=2 s0=PALM(883,2429) s1=PALM(4300,2786)* [filtered=67]
cnt=2 s0=PALM(882,2431) s1=PALM(4300,2786)* [filtered=68]
cnt=2 s0=PALM(881,2432) s1=PALM(4300,2786)* [filtered=69]
cnt=2 s0=PALM(880,2433) s1=PALM(4300,2786)* [filtered=70]
cnt=2 s0=PALM(879,2435) s1=PALM(4300,2786)* [filtered=71]
cnt=2 s0=PALM(878,2436) s1=PALM(4300,2786)* [filtered=72]
cnt=2 s0=PALM(877,2438) s1=PALM(4300,2786)* [filtered=73]
cnt=2 s0=PALM(877,2439) s1=PALM(4300,2786)* [filtered=74]
cnt=2 s0=PALM(876,2440) s1=PALM(4300,2786)* [filtered=75]
cnt=2 s0=PALM(875,2441) s1=PALM(4300,2786)* [filtered=76]
cnt=2 s0=PALM(874,2443) s1=PALM(4300,2786)* [filtered=77]
cnt=2 s0=PALM(874,2444) s1=PALM(4300,2786)* [filtered=78]
cnt=2 s0=PALM(873,2445) s1=PALM(4300,2786)* [filtered=79]
cnt=2 s0=PALM(873,2447) s1=PALM(4300,2786)* [filtered=80]
cnt=2 s0=PALM(872,2448) s1=PALM(4300,2787)* [filtered=81]
cnt=2 s0=PALM(872,2450) s1=PALM(4300,2787)* [filtered=82]
cnt=2 s0=PALM(872,2451)* s1=PALM(4300,2787)* [filtered=83]
cnt=2 s0=PALM(871,2452)* s1=PALM(4300,2788)* [filtered=84]
cnt=2 s0=PALM(870,2454)* s1=PALM(4300,2788)* [filtered=85]
cnt=2 s0=PALM(869,2455)* s1=PALM(4300,2788)* [filtered=86]
cnt=2 s0=PALM(869,2456)* s1=PALM(4300,2788)* [filtered=87]
cnt=2 s0=PALM(869,2457)* s1=PALM(4300,2788)* [filtered=88]
cnt=2 s0=PALM(868,2458)* s1=PALM(4300,2789)* [filtered=89]
cnt=2 s0=PALM(868,2459)* s1=PALM(4300,2789)* [filtered=90]
cnt=2 s0=PALM(868,2460)* s1=PALM(4300,2789)* [filtered=91]
cnt=2 s0=PALM(868,2460)* s1=PALM(4300,2789)* [filtered=92]
cnt=2 s0=PALM(868,2461)* s1=PALM(4300,2789)* [filtered=93]
cnt=2 s0=PALM(868,2461)* s1=PALM(4301,2790)* [filtered=94]
cnt=2 s0=PALM(868,2461)* s1=PALM(4301,2790)* [filtered=95]
cnt=2 s0=PALM(868,2460)* s1=PALM(4301,2790)* [filtered=96]
cnt=2 s0=PALM(868,2460)* s1=PALM(4301,2790)* [filtered=97]
cnt=2 s0=PALM(868,2460)* s1=PALM(4301,2790)* [filtered=98]
cnt=2 s0=PALM(868,2459)* s1=PALM(4301,2790)* [filtered=99]
cnt=2 s0=PALM(868,2459)* s1=PALM(4301,2790)* [filtered=100]
cnt=2 s0=PALM(868,2458)* s1=PALM(4301,2790)* [filtered=101]
cnt=2 s0=PALM(868,2458)* s1=PALM(4301,2790)* [filtered=102]
cnt=2 s0=PALM(868,2457)* s1=PALM(4301,2790)* [filtered=103]
cnt=2 s0=PALM(868,2457)* s1=PALM(4301,2790)* [filtered=104]
cnt=2 s0=PALM(868,2456)* s1=PALM(4301,2790)* [filtered=105]
cnt=2 s0=PALM(868,2456)* s1=PALM(4301,2790)* [filtered=106]
cnt=2 s0=PALM(868,2456)* s1=PALM(4301,2790)* [filtered=107]
cnt=2 s0=PALM(868,2455)* s1=PALM(4301,2790)* [filtered=108]
cnt=2 s0=PALM(868,2455)* s1=PALM(4301,2790)* [filtered=109]
cnt=2 s0=PALM(868,2455)* s1=PALM(4301,2790)* [filtered=110]
cnt=2 s0=PALM(868,2455)* s1=PALM(4301,2790)* [filtered=111]
cnt=2 s0=PALM(868,2455)* s1=PALM(4301,2790)* [filtered=112]
cnt=2 s0=PALM(868,2455)* s1=PALM(4301,2789)* [filtered=113]
cnt=2 s0=PALM(868,2455)* s1=PALM(4301,2788)* [filtered=114]
cnt=2 s0=PALM(868,2455)* s1=PALM(4301,2787)* [filtered=115]
cnt=2 s0=PALM(868,2455)* s1=PALM(4301,2787)* [filtered=116]
cnt=2 s0=PALM(867,2455)* s1=PALM(4302,2788)* [filtered=117]
cnt=2 s0=PALM(866,2455)* s1=PALM(4302,2789)* [filtered=118]
cnt=2 s0=PALM(866,2456)* s1=PALM(4303,2790)* [filtered=119]
cnt=2 s0=PALM(866,2456)* s1=PALM(4304,2791)* [filtered=120]
cnt=2 s0=PALM(866,2456)* s1=PALM(4306,2793) [filtered=121]
cnt=2 s0=PALM(865,2457)* s1=PALM(4308,2795) [filtered=122]
cnt=2 s0=PALM(865,2458)* s1=PALM(4310,2797) [filtered=123]
cnt=1 s0=fng (865,2459)* [filtered=123]
cnt=1 s0=fng (865,2460)* [filtered=123]
cnt=1 s0=fng (865,2460)* [filtered=123]
cnt=1 s0=fng (865,2461)* [filtered=123]
cnt=1 s0=fng (865,2461)* [filtered=123]
cnt=1 s0=fng (865,2462)* [filtered=123]
cnt=1 s0=fng (865,2462)* [filtered=123]
cnt=1 s0=fng (865,2462)* [filtered=123]
cnt=1 s0=fng (865,2462)* [filtered=123]
cnt=1 s0=fng (865,2463)* [filtered=123]
cnt=1 s0=fng (865,2463)* [filtered=123]
cnt=1 s0=fng (865,2463)* [filtered=123]
cnt=1 s0=fng (865,2464)* [filtered=123]
cnt=1 s0=fng (865,2464)* [filtered=123]
cnt=1 s0=fng (865,2465)* [filtered=123]
cnt=1 s0=fng (865,2465)* [filtered=123]
cnt=1 s0=fng (865,2465)* [filtered=123]
cnt=1 s0=fng (865,2465)* [filtered=123]
cnt=1 s0=fng (865,2465)* [filtered=123]
cnt=1 s0=fng (865,2465)* [filtered=123]
cnt=1 s0=fng (865,2465)* [filtered=123]
cnt=1 s0=fng (865,2465)* [filtered=123]
cnt=1 s0=fng (865,2465)* [filtered=123]
cnt=1 s0=fng (866,2464)* [filtered=123]
cnt=1 s0=fng (866,2463)* [filtered=123]
cnt=1 s0=fng (866,2463)* [filtered=123]
cnt=1 s0=fng (867,2462)* [filtered=123]
cnt=1 s0=fng (868,2461)* [filtered=123]
cnt=1 s0=fng (869,2459)* [filtered=123]
cnt=1 s0=fng (870,2458)* [filtered=123]
cnt=1 s0=fng (871,2457)* [filtered=123]
cnt=1 s0=fng (872,2456)* [filtered=123]
cnt=1 s0=fng (874,2456)* [filtered=123]
cnt=1 s0=fng (876,2457)* [filtered=123]
cnt=1 s0=fng (878,2458)* [filtered=123]
cnt=1 s0=fng (879,2459)* [filtered=123]
cnt=1 s0=fng (881,2461) [filtered=123]
cnt=1 s0=fng (883,2464) [filtered=123]
cnt=1 s0=fng (886,2469) [filtered=123]
cnt=1 s0=fng (887,2473) [filtered=123]
cnt=1 s0=fng (889,2480) [filtered=123]
cnt=1 s0=fng (892,2489) [filtered=123]
cnt=1 s0=fng (895,2500) [filtered=123]
cnt=1 s0=fng (897,2513) [filtered=123]
cnt=1 s0=fng (898,2525) [filtered=123]
cnt=1 s0=fng (900,2538) [filtered=123]
cnt=1 s0=fng (902,2553) [filtered=123]
cnt=1 s0=fng (903,2568) [filtered=123]
cnt=1 s0=fng (904,2585) [filtered=123]
cnt=1 s0=fng (904,2601) [filtered=123]
cnt=1 s0=fng (904,2617) [filtered=123]
cnt=1 s0=fng (904,2632) [filtered=123]
cnt=1 s0=fng (904,2647) [filtered=123]
cnt=1 s0=fng (904,2661) [filtered=123]
cnt=1 s0=fng (903,2675) [filtered=123]
cnt=1 s0=fng (902,2689) [filtered=123]
cnt=1 s0=fng (901,2702) [filtered=123]
cnt=1 s0=fng (900,2715) [filtered=123]
cnt=1 s0=fng (899,2727) [filtered=123]
cnt=1 s0=fng (898,2738) [filtered=123]
cnt=1 s0=fng (896,2749) [filtered=123]
cnt=1 s0=fng (894,2759) [filtered=123]
cnt=1 s0=fng (892,2768) [filtered=123]
cnt=1 s0=fng (891,2776) [filtered=123]
cnt=1 s0=fng (890,2784) [filtered=123]
cnt=1 s0=fng (888,2792) [filtered=123]
cnt=1 s0=fng (887,2799) [filtered=123]
cnt=1 s0=fng (886,2805) [filtered=123]
cnt=1 s0=fng (885,2810) [filtered=123]
cnt=1 s0=fng (884,2814) [filtered=123]
cnt=1 s0=fng (883,2819) [filtered=123]
cnt=1 s0=fng (882,2824) [filtered=123]
cnt=1 s0=fng (881,2828) [filtered=123]
cnt=1 s0=fng (880,2831) [filtered=123]
cnt=1 s0=fng (879,2834) [filtered=123]
cnt=1 s0=fng (878,2836) [filtered=123]
cnt=1 s0=fng (878,2837) [filtered=123]
cnt=1 s0=fng (878,2838) [filtered=123]
cnt=1 s0=fng (877,2839) [filtered=123]
cnt=1 s0=fng (877,2840) [filtered=123]
cnt=1 s0=fng (877,2842) [filtered=123]
cnt=1 s0=fng (877,2843) [filtered=123]
cnt=1 s0=fng (877,2844) [filtered=123]
cnt=1 s0=fng (877,2845) [filtered=123]
cnt=1 s0=fng (877,2846) [filtered=123]
cnt=1 s0=fng (877,2847) [filtered=123]
cnt=1 s0=fng (877,2847) [filtered=123]
cnt=1 s0=fng (877,2847) [filtered=123]
cnt=1 s0=fng (877,2848) [filtered=123]
cnt=1 s0=fng (877,2848) [filtered=123]
cnt=1 s0=fng (877,2849) [filtered=123]
cnt=1 s0=fng (877,2849) [filtered=123]
cnt=1 s0=fng (877,2849) [filtered=123]
cnt=1 s0=fng (877,2850) [filtered=123]
cnt=1 s0=fng (877,2851)* [filtered=123]
cnt=1 s0=fng (877,2851)* [filtered=123]
cnt=1 s0=fng (877,2851)* [filtered=123]
cnt=1 s0=fng (877,2851)* [filtered=123]
cnt=1 s0=fng (877,2851)* [filtered=123]
cnt=1 s0=fng (877,2851)* [filtered=123]
cnt=1 s0=fng (877,2851)* [filtered=123]
cnt=1 s0=fng (878,2851)* [filtered=123]
cnt=1 s0=fng (878,2851)* [filtered=123]
cnt=1 s0=fng (878,2851)* [filtered=123]
cnt=1 s0=fng (878,2851)* [filtered=123]
cnt=1 s0=fng (878,2851)* [filtered=123]
cnt=1 s0=fng (878,2851)* [filtered=123]
cnt=1 s0=fng (878,2851)* [filtered=123]
cnt=1 s0=fng (878,2851)* [filtered=123]
cnt=1 s0=fng (878,2851)* [filtered=123]
cnt=1 s0=fng (878,2851)* [filtered=123]
cnt=1 s0=fng (878,2851)* [filtered=123]
cnt=1 s0=fng (878,2851)* [filtered=123]
cnt=1 s0=fng (878,2851)* [filtered=123]
cnt=1 s0=fng (878,2851)* [filtered=123]
cnt=1 s0=fng (878,2851)* [filtered=123]
cnt=1 s0=fng (878,2851)* [filtered=123]
cnt=1 s0=fng (878,2851)* [filtered=123]
cnt=1 s0=fng (878,2851)* [filtered=123]
cnt=1 s0=fng (878,2851)* [filtered=123]
cnt=1 s0=fng (878,2851)* [filtered=123]
cnt=1 s0=fng (878,2851)* [filtered=123]
cnt=1 s0=fng (878,2851)* [filtered=123]
cnt=1 s0=fng (878,2851)* [filtered=123]
cnt=1 s0=fng (878,2851)* [filtered=123]
cnt=1 s0=fng (878,2851)* [filtered=123]
cnt=1 s0=fng (878,2851)* [filtered=123]
cnt=1 s0=fng (878,2851)* [filtered=123]
cnt=1 s0=fng (878,2851)* [filtered=123]
cnt=1 s0=fng (878,2851)* [filtered=123]
cnt=1 s0=fng (878,2851)* [filtered=123]
cnt=1 s0=fng (878,2851)* [filtered=123]
cnt=1 s0=fng (878,2851)* [filtered=123]
cnt=1 s0=fng (878,2851)* [filtered=123]
cnt=1 s0=fng (878,2851)* [filtered=123]
cnt=1 s0=fng (878,2851)* [filtered=123]
cnt=1 s0=fng (878,2851)* [filtered=123]
cnt=1 s0=fng (878,2851)* [filtered=123]
cnt=1 s0=fng (878,2851)* [filtered=123]
cnt=1 s0=fng (878,2851)* [filtered=123]
cnt=1 s0=fng (878,2851)* [filtered=123]
cnt=1 s0=fng (878,2851)* [filtered=123]
cnt=1 s0=fng (878,2851)* [filtered=123]
cnt=1 s0=fng (878,2851)* [filtered=123]
cnt=1 s0=fng (878,2851)* [filtered=123]
cnt=1 s0=fng (878,2851)* [filtered=123]
cnt=1 s0=fng (878,2851)* [filtered=123]
cnt=1 s0=fng (878,2851)* [filtered=123]
cnt=1 s0=fng (878,2851)* [filtered=123]
cnt=1 s0=fng (878,2851)* [filtered=123]
cnt=1 s0=fng (878,2851)* [filtered=123]
cnt=1 s0=fng (878,2851)* [filtered=123]
cnt=1 s0=fng (878,2851)* [filtered=123]
cnt=1 s0=fng (878,2851)* [filtered=123]
cnt=1 s0=fng (878,2851)* [filtered=123]
cnt=1 s0=fng (878,2851)* [filtered=123]
cnt=1 s0=fng (878,2851)* [filtered=123]
cnt=1 s0=fng (878,2851)* [filtered=123]
cnt=1 s0=fng (878,2851)* [filtered=123]
cnt=1 s0=fng (878,2851)* [filtered=123]
cnt=1 s0=fng (878,2851)* [filtered=123]
cnt=1 s0=fng (878,2851)* [filtered=123]
cnt=1 s0=fng (878,2851)* [filtered=123]
cnt=1 s0=fng (878,2851)* [filtered=123]
cnt=1 s0=fng (878,2851)* [filtered=123]
cnt=1 s0=fng (878,2851)* [filtered=123]
cnt=1 s0=fng (878,2851)* [filtered=123]
cnt=1 s0=fng (878,2851)* [filtered=123]
cnt=1 s0=fng (878,2851)* [filtered=123]
cnt=1 s0=fng (878,2851)* [filtered=123]
cnt=1 s0=fng (878,2851)* [filtered=123]
cnt=1 s0=fng (878,2851)* [filtered=123]
cnt=1 s0=fng (878,2851)* [filtered=123]
cnt=1 s0=fng (878,2851)* [filtered=123]
cnt=1 s0=fng (878,2851)* [filtered=123]
cnt=1 s0=fng (878,2851)* [filtered=123]
cnt=1 s0=fng (878,2851)* [filtered=123]
cnt=1 s0=fng (878,2851)* [filtered=123]
cnt=1 s0=fng (878,2851)* [filtered=123]
cnt=1 s0=fng (878,2851)* [filtered=123]
cnt=1 s0=fng (878,2851)* [filtered=123]
cnt=1 s0=fng (878,2851)* [filtered=123]
cnt=1 s0=fng (878,2851)* [filtered=123]
cnt=1 s0=fng (878,2851)* [filtered=123]
cnt=1 s0=fng (878,2851)* [filtered=123]
cnt=1 s0=fng (878,2851)* [filtered=123]
cnt=1 s0=fng (878,2851)* [filtered=123]
cnt=1 s0=fng (878,2851)* [filtered=123]
cnt=1 s0=fng (878,2851)* [filtered=123]
cnt=1 s0=fng (878,2851)* [filtered=123]
cnt=1 s0=fng (878,2851)* [filtered=123]
cnt=1 s0=fng (878,2851)* [filtered=123]
cnt=1 s0=fng (878,2851)* [filtered=123]
cnt=1 s0=fng (878,2851)* [filtered=123]
cnt=1 s0=fng (878,2851)* [filtered=123]
cnt=1 s0=fng (878,2851)* [filtered=123]
cnt=1 s0=fng (878,2851)* [filtered=123]
cnt=1 s0=fng (878,2851)* [filtered=123]
cnt=1 s0=fng (878,2851)* [filtered=123]
cnt=1 s0=fng (878,2851)* [filtered=123]
cnt=1 s0=fng (878,2851)* [filtered=123]
cnt=1 s0=fng (878,2851)* [filtered=123]
cnt=1 s0=fng (878,2851)* [filtered=123]
cnt=1 s0=fng (878,2851)* [filtered=123]
cnt=1 s0=fng (878,2851)* [filtered=123]
cnt=1 s0=fng (878,2851)* [filtered=123]
cnt=1 s0=fng (878,2851)* [filtered=123]
cnt=1 s0=fng (878,2851)* [filtered=123]
cnt=1 s0=fng (878,2851)* [filtered=123]
cnt=1 s0=fng (878,2851)* [filtered=123]
cnt=1 s0=fng (878,2851)* [filtered=123]
cnt=1 s0=fng (878,2851)* [filtered=123]
cnt=1 s0=fng (878,2851)* [filtered=123]
cnt=1 s0=fng (878,2851)* [filtered=123]
cnt=1 s0=fng (878,2851)* [filtered=123]
cnt=1 s0=fng (878,2851)* [filtered=123]
cnt=1 s0=fng (878,2851)* [filtered=123]
cnt=1 s0=fng (878,2851)* [filtered=123]
cnt=1 s0=fng (878,2851)* [filtered=123]
cnt=1 s0=fng (878,2851)* [filtered=123]
cnt=1 s0=fng (878,2851)* [filtered=123]
cnt=1 s0=fng (878,2851)* [filtered=123]
cnt=1 s0=fng (878,2851)* [filtered=123]
cnt=1 s0=fng (878,2851)* [filtered=123]
cnt=1 s0=fng (879,2851)* [filtered=123]
cnt=1 s0=fng (879,2850)* [filtered=123]
cnt=1 s0=fng (880,2849)* [filtered=123]
cnt=1 s0=fng (881,2848)* [filtered=123]
cnt=1 s0=fng (882,2847)* [filtered=123]
cnt=1 s0=fng (883,2845)* [filtered=123]
cnt=1 s0=fng (885,2842) [filtered=123]
cnt=1 s0=fng (889,2838) [filtered=123]
cnt=1 s0=fng (894,2833) [filtered=123]
cnt=1 s0=fng (898,2829) [filtered=123]
cnt=1 s0=fng (903,2825) [filtered=123]
cnt=1 s0=fng (908,2820) [filtered=123]
cnt=1 s0=fng (4231,2785) [filtered=123]
cnt=1 s0=fng (4231,2785) [filtered=123]
cnt=1 s0=fng (4231,2785) [filtered=123]
cnt=1 s0=fng (4231,2785) [filtered=123]
cnt=1 s0=fng (4231,2785) [filtered=123]
cnt=1 s0=fng (4231,2785) [filtered=123]
cnt=1 s0=fng (4231,2785) [filtered=123]
cnt=1 s0=fng (4230,2785) [filtered=123]
cnt=1 s0=fng (4230,2785) [filtered=123]
cnt=1 s0=fng (4229,2785) [filtered=123]
cnt=1 s0=fng (4229,2785) [filtered=123]
cnt=1 s0=fng (4229,2786) [filtered=123]
cnt=1 s0=fng (4229,2787) [filtered=123]
cnt=1 s0=fng (4229,2787) [filtered=123]
cnt=1 s0=fng (4229,2787) [filtered=123]
cnt=1 s0=fng (4229,2788) [filtered=123]
cnt=1 s0=fng (4229,2789) [filtered=123]
cnt=1 s0=fng (4229,2790) [filtered=123]
cnt=1 s0=fng (4229,2790) [filtered=123]
cnt=1 s0=fng (4229,2791) [filtered=123]
cnt=1 s0=fng (4229,2791)* [filtered=123]
cnt=1 s0=fng (4229,2792)* [filtered=123]
cnt=1 s0=fng (4229,2792)* [filtered=123]
cnt=1 s0=fng (4229,2793)* [filtered=123]
cnt=1 s0=fng (4229,2794)* [filtered=123]
cnt=1 s0=fng (4229,2795)* [filtered=123]
cnt=1 s0=fng (4229,2795)* [filtered=123]
cnt=1 s0=fng (4229,2795)* [filtered=123]
cnt=1 s0=fng (4230,2796)* [filtered=123]
cnt=1 s0=fng (4231,2798)* [filtered=123]
cnt=1 s0=fng (4231,2799)* [filtered=123]
cnt=1 s0=fng (4232,2801)* [filtered=123]
cnt=1 s0=fng (4232,2802)* [filtered=123]
cnt=1 s0=fng (4232,2803)* [filtered=123]
cnt=1 s0=fng (4233,2804)* [filtered=123]
cnt=1 s0=fng (4233,2805)* [filtered=123]
cnt=1 s0=fng (4233,2806)* [filtered=123]
cnt=1 s0=fng (4234,2807)* [filtered=123]
cnt=1 s0=fng (4234,2808)* [filtered=123]
cnt=1 s0=fng (4235,2809)* [filtered=123]
cnt=1 s0=fng (4236,2810)* [filtered=123]
cnt=1 s0=fng (4236,2811)* [filtered=123]
cnt=1 s0=fng (4236,2811)* [filtered=123]
cnt=1 s0=fng (4237,2812)* [filtered=123]
cnt=1 s0=fng (4237,2813)* [filtered=123]
cnt=1 s0=fng (4238,2813)* [filtered=123]
cnt=1 s0=fng (4238,2813)* [filtered=123]
cnt=1 s0=fng (4238,2814)* [filtered=123]
cnt=1 s0=fng (4239,2814)* [filtered=123]
cnt=1 s0=fng (4239,2815)* [filtered=123]
cnt=1 s0=fng (4239,2815)* [filtered=123]
cnt=1 s0=fng (4239,2815)* [filtered=123]
cnt=1 s0=fng (4239,2816)* [filtered=123]
cnt=1 s0=fng (4239,2817)* [filtered=123]
cnt=1 s0=fng (4239,2817)* [filtered=123]
cnt=1 s0=fng (4239,2817)* [filtered=123]
cnt=1 s0=fng (4239,2817)* [filtered=123]
cnt=1 s0=fng (4239,2817)* [filtered=123]
cnt=1 s0=fng (4239,2817)* [filtered=123]
cnt=1 s0=fng (4239,2817)* [filtered=123]
cnt=1 s0=fng (4239,2817)* [filtered=123]
cnt=1 s0=fng (4240,2817)* [filtered=123]
cnt=1 s0=fng (4240,2817)* [filtered=123]
cnt=1 s0=fng (4240,2817)* [filtered=123]
cnt=1 s0=fng (4240,2817)* [filtered=123]
cnt=1 s0=fng (4240,2817)* [filtered=123]
cnt=1 s0=fng (4240,2817)* [filtered=123]
cnt=1 s0=fng (4240,2817)* [filtered=123]
cnt=1 s0=fng (4241,2817)* [filtered=123]
cnt=1 s0=fng (4241,2817)* [filtered=123]
cnt=1 s0=fng (4241,2818)* [filtered=123]
cnt=1 s0=fng (4241,2818)* [filtered=123]
cnt=1 s0=fng (4241,2819)* [filtered=123]
cnt=1 s0=fng (4241,2819)* [filtered=123]
cnt=1 s0=fng (4241,2819)* [filtered=123]
cnt=1 s0=fng (4241,2819)* [filtered=123]
cnt=1 s0=fng (4241,2819)* [filtered=123]
cnt=1 s0=fng (4241,2819)* [filtered=123]
cnt=1 s0=fng (4241,2819)* [filtered=123]
cnt=1 s0=fng (4241,2819)* [filtered=123]
cnt=1 s0=fng (4241,2819)* [filtered=123]
cnt=1 s0=fng (4241,2819)* [filtered=123]
cnt=1 s0=fng (4241,2819)* [filtered=123]
cnt=1 s0=fng (4241,2819)* [filtered=123]
cnt=1 s0=fng (4241,2819)* [filtered=123]
cnt=1 s0=fng (4241,2819)* [filtered=123]
cnt=1 s0=fng (4241,2819)* [filtered=123]
cnt=1 s0=fng (4241,2819)* [filtered=123]
cnt=1 s0=fng (4241,2819)* [filtered=123]
cnt=1 s0=fng (4241,2819)* [filtered=123]
cnt=1 s0=fng (4241,2819)* [filtered=123]
cnt=1 s0=fng (4241,2819)* [filtered=123]
cnt=1 s0=fng (4241,2819)* [filtered=123]
cnt=1 s0=fng (4241,2819)* [filtered=123]
cnt=1 s0=fng (4241,2819)* [filtered=123]
cnt=1 s0=fng (4241,2820)* [filtered=123]
cnt=1 s0=fng (4241,2821)* [filtered=123]
cnt=1 s0=fng (4241,2821)* [filtered=123]
cnt=1 s0=fng (4241,2821)* [filtered=123]
cnt=1 s0=fng (4241,2822)* [filtered=123]
cnt=1 s0=fng (4241,2822)* [filtered=123]
cnt=1 s0=fng (4241,2823)* [filtered=123]
cnt=1 s0=fng (4241,2824)* [filtered=123]
cnt=1 s0=fng (4241,2824)* [filtered=123]
cnt=1 s0=fng (4241,2824)* [filtered=123]
cnt=1 s0=fng (4241,2825)* [filtered=123]
cnt=1 s0=fng (4241,2825)* [filtered=123]
cnt=1 s0=fng (4241,2825)* [filtered=123]
cnt=1 s0=fng (4241,2826)* [filtered=123]
cnt=1 s0=fng (4241,2826)* [filtered=123]
cnt=1 s0=fng (4241,2826)* [filtered=123]
cnt=1 s0=fng (4241,2826)* [filtered=123]
cnt=1 s0=fng (4241,2826)* [filtered=123]
cnt=1 s0=fng (4241,2826)* [filtered=123]
cnt=1 s0=fng (4241,2826)* [filtered=123]
cnt=1 s0=fng (4241,2826)* [filtered=123]
cnt=1 s0=fng (4241,2826)* [filtered=123]
cnt=1 s0=fng (4241,2826)* [filtered=123]
cnt=1 s0=fng (4241,2826)* [filtered=123]
cnt=1 s0=fng (4241,2826)* [filtered=123]
cnt=1 s0=fng (4241,2826)* [filtered=123]
cnt=1 s0=fng (4241,2826)* [filtered=123]
cnt=1 s0=fng (4241,2826)* [filtered=123]
cnt=1 s0=fng (4241,2826)* [filtered=123]
cnt=1 s0=fng (4241,2826)* [filtered=123]
cnt=1 s0=fng (4240,2827)* [filtered=123]
cnt=1 s0=fng (4240,2827)* [filtered=123]
cnt=1 s0=fng (4239,2828)* [filtered=123]
cnt=1 s0=fng (4236,2831) [filtered=123]
cnt=1 s0=fng (4233,2836) [filtered=123]
cnt=1 s0=fng (4229,2841) [filtered=123]
cnt=1 s0=fng (4225,2847) [filtered=123]
cnt=1 s0=fng (4222,2852) [filtered=123]
cnt=1 s0=fng (3147,2707) [filtered=123]
cnt=1 s0=fng (3147,2707) [filtered=123]
cnt=1 s0=fng (3147,2707) [filtered=123]
cnt=1 s0=fng (3146,2707) [filtered=123]
cnt=1 s0=fng (3145,2706) [filtered=123]
cnt=1 s0=fng (3142,2705) [filtered=123]
cnt=1 s0=fng (3140,2704) [filtered=123]
cnt=1 s0=fng (3135,2702) [filtered=123]
cnt=1 s0=fng (3129,2699) [filtered=123]
cnt=1 s0=fng (3121,2695) [filtered=123]
cnt=1 s0=fng (3114,2692) [filtered=123]
cnt=1 s0=fng (3105,2687) [filtered=123]
cnt=1 s0=fng (3094,2680) [filtered=123]
cnt=1 s0=fng (3081,2671) [filtered=123]
cnt=1 s0=fng (3068,2659) [filtered=123]
cnt=1 s0=fng (3055,2648) [filtered=123]
cnt=1 s0=fng (3042,2635) [filtered=123]
cnt=1 s0=fng (3029,2618) [filtered=123]
cnt=1 s0=fng (3016,2598) [filtered=123]
cnt=1 s0=fng (3002,2573) [filtered=123]
cnt=1 s0=fng (2989,2549) [filtered=123]
cnt=1 s0=fng (2976,2520) [filtered=123]
cnt=1 s0=fng (2964,2487) [filtered=123]
cnt=1 s0=fng (2951,2449) [filtered=123]
cnt=1 s0=fng (2939,2411) [filtered=123]
cnt=1 s0=fng (2926,2368) [filtered=123]
cnt=1 s0=fng (2913,2322) [filtered=123]
cnt=1 s0=fng (2900,2274) [filtered=123]
cnt=1 s0=fng (2887,2225) [filtered=123]
cnt=1 s0=fng (2875,2176) [filtered=123]
cnt=1 s0=fng (2862,2127) [filtered=123]
cnt=1 s0=fng (2849,2078) [filtered=123]
cnt=1 s0=fng (2836,2029) [filtered=123]
cnt=1 s0=fng (2822,1982) [filtered=123]
cnt=1 s0=fng (2809,1935) [filtered=123]
cnt=1 s0=fng (2795,1889) [filtered=123]
cnt=1 s0=fng (2781,1845) [filtered=123]
cnt=1 s0=fng (2767,1804) [filtered=123]
cnt=1 s0=fng (2754,1764) [filtered=123]
cnt=1 s0=fng (2740,1726) [filtered=123]
cnt=1 s0=fng (2727,1690) [filtered=123]
cnt=1 s0=fng (2714,1657) [filtered=123]
cnt=1 s0=fng (2702,1627) [filtered=123]
cnt=1 s0=fng (2691,1598) [filtered=123]
cnt=1 s0=fng (2681,1571) [filtered=123]
cnt=1 s0=fng (2671,1546) [filtered=123]
cnt=1 s0=fng (2662,1525) [filtered=123]
cnt=1 s0=fng (2653,1505) [filtered=123]
cnt=1 s0=fng (2645,1486) [filtered=123]
cnt=1 s0=fng (2638,1470) [filtered=123]
cnt=1 s0=fng (2632,1454) [filtered=123]
cnt=1 s0=fng (2625,1439) [filtered=123]
cnt=1 s0=fng (2619,1424) [filtered=123]
cnt=1 s0=fng (2614,1411) [filtered=123]
cnt=1 s0=fng (2610,1399) [filtered=123]
cnt=1 s0=fng (2606,1388) [filtered=123]
cnt=1 s0=fng (2604,1380) [filtered=123]
cnt=1 s0=fng (2602,1372) [filtered=123]
cnt=1 s0=fng (2600,1366) [filtered=123]
cnt=1 s0=fng (2599,1362) [filtered=123]
cnt=1 s0=fng (2598,1359) [filtered=123]
cnt=1 s0=fng (2597,1359) [filtered=123]
cnt=1 s0=fng (2597,1359) [filtered=123]
cnt=1 s0=fng (2597,1359) [filtered=123]
cnt=1 s0=fng (2597,1359) [filtered=123]
cnt=1 s0=fng (3696,2169) [filtered=123]
cnt=1 s0=fng (3696,2169) [filtered=123]
cnt=1 s0=fng (3696,2169) [filtered=123]
cnt=1 s0=fng (3696,2169) [filtered=123]
cnt=1 s0=fng (3696,2169) [filtered=123]
cnt=1 s0=fng (3696,2168) [filtered=123]
cnt=1 s0=fng (3696,2168) [filtered=123]
cnt=1 s0=fng (3696,2168) [filtered=123]
cnt=1 s0=fng (3696,2167) [filtered=123]
cnt=1 s0=fng (3696,2166) [filtered=123]
cnt=1 s0=fng (3696,2166) [filtered=123]
cnt=1 s0=fng (3696,2166) [filtered=123]
cnt=1 s0=fng (3695,2166) [filtered=123]
cnt=1 s0=fng (3695,2166) [filtered=123]
cnt=1 s0=fng (3695,2166) [filtered=123]
cnt=1 s0=fng (3695,2166) [filtered=123]
cnt=1 s0=fng (3695,2166) [filtered=123]
cnt=1 s0=fng (3695,2166) [filtered=123]
cnt=1 s0=fng (3695,2166) [filtered=123]
cnt=1 s0=fng (3694,2166) [filtered=123]
cnt=1 s0=fng (3694,2166)* [filtered=123]
cnt=1 s0=fng (3694,2166)* [filtered=123]
cnt=1 s0=fng (3693,2166)* [filtered=123]
cnt=1 s0=fng (3693,2166)* [filtered=123]
cnt=1 s0=fng (3693,2166)* [filtered=123]
cnt=1 s0=fng (3692,2166)* [filtered=123]
cnt=1 s0=fng (3692,2166)* [filtered=123]
cnt=1 s0=fng (3691,2166)* [filtered=123]
cnt=1 s0=fng (3689,2166)* [filtered=123]
cnt=1 s0=fng (3688,2166)* [filtered=123]
cnt=1 s0=fng (3686,2167)* [filtered=123]
cnt=1 s0=fng (3682,2168) [filtered=123]
cnt=1 s0=fng (3676,2169) [filtered=123]
cnt=1 s0=fng (3670,2170) [filtered=123]
cnt=1 s0=fng (3665,2170) [filtered=123]
cnt=1 s0=fng (3659,2171) [filtered=123]
cnt=1 s0=fng (3652,2172) [filtered=123]
cnt=1 s0=fng (3644,2173) [filtered=123]
cnt=1 s0=fng (3637,2173) [filtered=123]
cnt=1 s0=fng (3629,2173) [filtered=123]
cnt=1 s0=fng (3621,2174) [filtered=123]
cnt=1 s0=fng (3614,2175) [filtered=123]
cnt=1 s0=fng (3607,2176) [filtered=123]
cnt=1 s0=fng (3601,2177) [filtered=123]
cnt=1 s0=fng (3594,2178) [filtered=123]
cnt=1 s0=fng (3588,2179) [filtered=123]
cnt=1 s0=fng (3582,2180) [filtered=123]
cnt=1 s0=fng (3577,2181) [filtered=123]
cnt=1 s0=fng (3573,2181) [filtered=123]
cnt=1 s0=fng (3569,2182) [filtered=123]
cnt=1 s0=fng (3566,2183) [filtered=123]
cnt=1 s0=fng (3562,2184) [filtered=123]
cnt=1 s0=fng (3559,2185) [filtered=123]
cnt=1 s0=fng (3557,2186) [filtered=123]
cnt=1 s0=fng (3555,2187) [filtered=123]
cnt=1 s0=fng (3554,2187) [filtered=123]
cnt=1 s0=fng (3552,2188) [filtered=123]
cnt=1 s0=fng (3551,2188) [filtered=123]
cnt=1 s0=fng (3550,2188) [filtered=123]
cnt=1 s0=fng (3548,2189) [filtered=123]
cnt=1 s0=fng (3547,2189) [filtered=123]
cnt=1 s0=fng (3546,2190) [filtered=123]
cnt=1 s0=fng (3545,2190) [filtered=123]
cnt=1 s0=fng (3544,2191) [filtered=123]
cnt=1 s0=fng (3543,2191) [filtered=123]
cnt=1 s0=fng (3543,2192) [filtered=123]
cnt=1 s0=fng (3542,2192) [filtered=123]
cnt=1 s0=fng (3542,2192) [filtered=123]
cnt=1 s0=fng (3542,2193) [filtered=123]
cnt=1 s0=fng (3542,2193) [filtered=123]
cnt=1 s0=fng (3542,2194) [filtered=123]
cnt=1 s0=fng (3542,2194) [filtered=123]
cnt=1 s0=fng (3542,2195)* [filtered=123]
cnt=1 s0=fng (3542,2195)* [filtered=123]
cnt=1 s0=fng (3542,2196)* [filtered=123]
cnt=1 s0=fng (3542,2196)* [filtered=123]
cnt=1 s0=fng (3542,2196)* [filtered=123]
cnt=1 s0=fng (3542,2197)* [filtered=123]
cnt=1 s0=fng (3542,2198)* [filtered=123]
cnt=1 s0=fng (3542,2198)* [filtered=123]
cnt=1 s0=fng (3542,2199)* [filtered=123]
cnt=1 s0=fng (3542,2199)* [filtered=123]
cnt=1 s0=fng (3543,2199)* [filtered=123]
cnt=1 s0=fng (3543,2200)* [filtered=123]
cnt=1 s0=fng (3544,2200)* [filtered=123]
cnt=1 s0=fng (3544,2200)* [filtered=123]
cnt=1 s0=fng (3545,2201)* [filtered=123]
cnt=1 s0=fng (3545,2202)* [filtered=123]
cnt=1 s0=fng (3546,2202)* [filtered=123]
cnt=1 s0=fng (3546,2203)* [filtered=123]
cnt=1 s0=fng (3546,2203)* [filtered=123]
cnt=1 s0=fng (3547,2203)* [filtered=123]
cnt=1 s0=fng (3547,2204)* [filtered=123]
cnt=1 s0=fng (3548,2204)* [filtered=123]
cnt=1 s0=fng (3548,2204)* [filtered=123]
cnt=1 s0=fng (3548,2204)* [filtered=123]
cnt=1 s0=fng (3548,2205)* [filtered=123]
cnt=1 s0=fng (3548,2206)* [filtered=123]
cnt=1 s0=fng (3548,2206)* [filtered=123]
cnt=1 s0=fng (3548,2206)* [filtered=123]
cnt=1 s0=fng (3548,2206)* [filtered=123]
cnt=1 s0=fng (3548,2206)* [filtered=123]
cnt=1 s0=fng (3548,2205)* [filtered=123]
cnt=1 s0=fng (3548,2205)* [filtered=123]
cnt=1 s0=fng (3548,2205)* [filtered=123]
cnt=1 s0=fng (3548,2205)* [filtered=123]
cnt=1 s0=fng (3549,2205)* [filtered=123]
cnt=1 s0=fng (3549,2205)* [filtered=123]
cnt=1 s0=fng (3549,2205)* [filtered=123]
cnt=1 s0=fng (3549,2205)* [filtered=123]
cnt=1 s0=fng (3550,2205)* [filtered=123]
cnt=1 s0=fng (3550,2205)* [filtered=123]
cnt=1 s0=fng (3551,2205)* [filtered=123]
cnt=1 s0=fng (3551,2205)* [filtered=123]
cnt=1 s0=fng (3551,2205)* [filtered=123]
cnt=1 s0=fng (3552,2205)* [filtered=123]
cnt=1 s0=fng (3552,2205)* [filtered=123]
cnt=1 s0=fng (3553,2205)* [filtered=123]
cnt=1 s0=fng (3554,2205)* [filtered=123]
cnt=1 s0=fng (3554,2205)* [filtered=123]
cnt=1 s0=fng (3554,2205)* [filtered=123]
cnt=1 s0=fng (3555,2205)* [filtered=123]
cnt=1 s0=fng (3555,2205)* [filtered=123]
cnt=1 s0=fng (3555,2205)* [filtered=123]
cnt=1 s0=fng (3556,2205)* [filtered=123]
cnt=1 s0=fng (3556,2205)* [filtered=123]
cnt=1 s0=fng (3557,2205)* [filtered=123]
cnt=1 s0=fng (3557,2205)* [filtered=123]
cnt=1 s0=fng (3557,2205)* [filtered=123]
cnt=1 s0=fng (3558,2205)* [filtered=123]
cnt=1 s0=fng (3559,2205)* [filtered=123]
cnt=1 s0=fng (3560,2205)* [filtered=123]
cnt=1 s0=fng (3561,2205)* [filtered=123]
cnt=1 s0=fng (3562,2205)* [filtered=123]
cnt=1 s0=fng (3563,2205)* [filtered=123]
cnt=1 s0=fng (3564,2205)* [filtered=123]
cnt=1 s0=fng (3566,2205)* [filtered=123]
cnt=1 s0=fng (3567,2205)* [filtered=123]
cnt=1 s0=fng (3569,2205)* [filtered=123]
cnt=1 s0=fng (3571,2205)* [filtered=123]
cnt=1 s0=fng (3573,2205)* [filtered=123]
cnt=1 s0=fng (3576,2205)* [filtered=123]
cnt=1 s0=fng (3577,2205)* [filtered=123]
cnt=1 s0=fng (3579,2205)* [filtered=123]
cnt=1 s0=fng (3581,2205)* [filtered=123]
cnt=1 s0=fng (3584,2205)* [filtered=123]
cnt=1 s0=fng (3587,2205)* [filtered=123]
cnt=1 s0=fng (3588,2205)* [filtered=123]
cnt=1 s0=fng (3590,2205)* [filtered=123]
cnt=1 s0=fng (3593,2206) [filtered=123]
cnt=1 s0=fng (3595,2206) [filtered=123]
cnt=1 s0=fng (3596,2206) [filtered=123]
cnt=1 s0=fng (3598,2207) [filtered=123]
cnt=1 s0=fng (3600,2207) [filtered=123]
cnt=1 s0=fng (3602,2208) [filtered=123]
cnt=1 s0=fng (3605,2208) [filtered=123]
cnt=1 s0=fng (3606,2208) [filtered=123]
cnt=1 s0=fng (3608,2208) [filtered=123]
cnt=1 s0=fng (3610,2208) [filtered=123]
cnt=1 s0=fng (3612,2208) [filtered=123]
cnt=1 s0=fng (3614,2209) [filtered=123]
cnt=1 s0=fng (3615,2209) [filtered=123]
cnt=1 s0=fng (3617,2210) [filtered=123]
cnt=1 s0=fng (3619,2210) [filtered=123]
cnt=1 s0=fng (3622,2211) [filtered=123]
cnt=1 s0=fng (3624,2211) [filtered=123]
cnt=1 s0=fng (3625,2211) [filtered=123]
cnt=1 s0=fng (3627,2212) [filtered=123]
cnt=1 s0=fng (3629,2212) [filtered=123]
cnt=1 s0=fng (3631,2213) [filtered=123]
cnt=1 s0=fng (3632,2213) [filtered=123]
cnt=1 s0=fng (3634,2214) [filtered=123]
cnt=1 s0=fng (3636,2214) [filtered=123]
cnt=1 s0=fng (3638,2215) [filtered=123]
cnt=1 s0=fng (3640,2215) [filtered=123]
cnt=1 s0=fng (3641,2215) [filtered=123]
cnt=1 s0=fng (3643,2216) [filtered=123]
cnt=1 s0=fng (3644,2217) [filtered=123]
cnt=1 s0=fng (3646,2218) [filtered=123]
cnt=1 s0=fng (3648,2219) [filtered=123]
cnt=1 s0=fng (3649,2219) [filtered=123]
cnt=1 s0=fng (3650,2220) [filtered=123]
cnt=1 s0=fng (3651,2221) [filtered=123]
cnt=1 s0=fng (3653,2222) [filtered=123]
cnt=1 s0=fng (3655,2223)* [filtered=123]
cnt=1 s0=fng (3656,2223)* [filtered=123]
cnt=1 s0=fng (3657,2224)* [filtered=123]
cnt=1 s0=fng (3658,2225)* [filtered=123]
cnt=1 s0=fng (3659,2226)* [filtered=123]
cnt=1 s0=fng (3659,2227)* [filtered=123]
cnt=1 s0=fng (3660,2228)* [filtered=123]
cnt=1 s0=fng (3661,2229)* [filtered=123]
cnt=1 s0=fng (3662,2230)* [filtered=123]
cnt=1 s0=fng (3663,2231)* [filtered=123]
cnt=1 s0=fng (3663,2232)* [filtered=123]
cnt=1 s0=fng (3664,2233)* [filtered=123]
cnt=1 s0=fng (3665,2234)* [filtered=123]
cnt=1 s0=fng (3666,2235)* [filtered=123]
cnt=1 s0=fng (3667,2235)* [filtered=123]
cnt=1 s0=fng (3668,2236)* [filtered=123]
cnt=1 s0=fng (3669,2237)* [filtered=123]
cnt=1 s0=fng (3670,2238)* [filtered=123]
cnt=1 s0=fng (3671,2239)* [filtered=123]
cnt=1 s0=fng (3671,2240)* [filtered=123]
cnt=1 s0=fng (3672,2241)* [filtered=123]
cnt=1 s0=fng (3673,2242)* [filtered=123]
cnt=1 s0=fng (3674,2243)* [filtered=123]
cnt=1 s0=fng (3675,2244)* [filtered=123]
cnt=1 s0=fng (3676,2244)* [filtered=123]
cnt=1 s0=fng (3677,2245)* [filtered=123]
cnt=1 s0=fng (3678,2246)* [filtered=123]
cnt=1 s0=fng (3679,2247)* [filtered=123]
cnt=1 s0=fng (3679,2248)* [filtered=123]
cnt=1 s0=fng (3680,2249)* [filtered=123]
cnt=1 s0=fng (3680,2249)* [filtered=123]
cnt=1 s0=fng (3681,2250)* [filtered=123]
cnt=1 s0=fng (3681,2251)* [filtered=123]
cnt=1 s0=fng (3681,2251)* [filtered=123]
cnt=1 s0=fng (3682,2251)* [filtered=123]
cnt=1 s0=fng (3683,2252)* [filtered=123]
cnt=1 s0=fng (3683,2252)* [filtered=123]
cnt=1 s0=fng (3684,2253)* [filtered=123]
cnt=1 s0=fng (3684,2253)* [filtered=123]
cnt=1 s0=fng (3684,2253)* [filtered=123]
cnt=1 s0=fng (3685,2253)* [filtered=123]
cnt=1 s0=fng (3685,2253)* [filtered=123]
cnt=1 s0=fng (3686,2253)* [filtered=123]
cnt=1 s0=fng (3686,2253)* [filtered=123]
cnt=1 s0=fng (3686,2253)* [filtered=123]
cnt=1 s0=fng (3686,2253)* [filtered=123]
cnt=1 s0=fng (3686,2253)* [filtered=123]
cnt=1 s0=fng (3686,2253)* [filtered=123]
cnt=1 s0=fng (3686,2253)* [filtered=123]
cnt=1 s0=fng (3686,2253)* [filtered=123]
cnt=1 s0=fng (3686,2253)* [filtered=123]
cnt=1 s0=fng (3686,2253)* [filtered=123]
cnt=1 s0=fng (3686,2253)* [filtered=123]
cnt=1 s0=fng (3686,2253)* [filtered=123]
cnt=1 s0=fng (3686,2253)* [filtered=123]
cnt=1 s0=fng (3686,2253)* [filtered=123]
cnt=1 s0=fng (3686,2253)* [filtered=123]
cnt=1 s0=fng (3686,2253)* [filtered=123]
cnt=1 s0=fng (3686,2253)* [filtered=123]
cnt=1 s0=fng (3686,2253)* [filtered=123]
cnt=1 s0=fng (3686,2253)* [filtered=123]
cnt=1 s0=fng (3686,2254)* [filtered=123]
cnt=1 s0=fng (3686,2254)* [filtered=123]
cnt=1 s0=fng (3686,2255)* [filtered=123]
cnt=1 s0=fng (3686,2255)* [filtered=123]
cnt=1 s0=fng (3686,2256)* [filtered=123]
cnt=1 s0=fng (3686,2256)* [filtered=123]
cnt=1 s0=fng (3686,2256)* [filtered=123]
cnt=1 s0=fng (3686,2256)* [filtered=123]
cnt=1 s0=fng (3686,2256)* [filtered=123]
cnt=1 s0=fng (3686,2256)* [filtered=123]
cnt=1 s0=fng (3686,2256)* [filtered=123]
cnt=1 s0=fng (3686,2256)* [filtered=123]
cnt=1 s0=fng (3686,2256)* [filtered=123]
cnt=1 s0=fng (3686,2256)* [filtered=123]
cnt=1 s0=fng (3686,2256)* [filtered=123]
cnt=1 s0=fng (3686,2256)* [filtered=123]
cnt=1 s0=fng (3685,2256)* [filtered=123]
cnt=1 s0=fng (3685,2256)* [filtered=123]
cnt=1 s0=fng (3684,2256)* [filtered=123]
cnt=1 s0=fng (3684,2255)* [filtered=123]
cnt=1 s0=fng (3684,2255)* [filtered=123]
cnt=1 s0=fng (3683,2255)* [filtered=123]
cnt=1 s0=fng (3683,2254)* [filtered=123]
cnt=1 s0=fng (3683,2253)* [filtered=123]
cnt=1 s0=fng (3683,2253)* [filtered=123]
cnt=1 s0=fng (3682,2253)* [filtered=123]
cnt=1 s0=fng (3681,2252)* [filtered=123]
cnt=1 s0=fng (3681,2252)* [filtered=123]
cnt=1 s0=fng (3680,2251)* [filtered=123]
cnt=1 s0=fng (3680,2251)* [filtered=123]
cnt=1 s0=fng (3680,2251)* [filtered=123]
cnt=1 s0=fng (3680,2250)* [filtered=123]
cnt=1 s0=fng (3680,2249)* [filtered=123]
cnt=1 s0=fng (3679,2249)* [filtered=123]
cnt=1 s0=fng (3679,2249)* [filtered=123]
cnt=1 s0=fng (3679,2248)* [filtered=123]
cnt=1 s0=fng (3678,2247)* [filtered=123]
cnt=1 s0=fng (3678,2246)* [filtered=123]
cnt=1 s0=fng (3677,2245)* [filtered=123]
cnt=1 s0=fng (3677,2244)* [filtered=123]
cnt=1 s0=fng (3676,2243)* [filtered=123]
cnt=1 s0=fng (3675,2241)* [filtered=123]
cnt=1 s0=fng (3674,2239)* [filtered=123]
cnt=1 s0=fng (3673,2238)* [filtered=123]
cnt=1 s0=fng (3672,2235) [filtered=123]
cnt=1 s0=fng (3671,2232) [filtered=123]
cnt=1 s0=fng (3670,2228) [filtered=123]
cnt=1 s0=fng (3669,2225) [filtered=123]
cnt=1 s0=fng (3699,2323) [filtered=123]
cnt=1 s0=fng (3699,2323) [filtered=123]
cnt=1 s0=fng (3699,2323) [filtered=123]
cnt=1 s0=fng (3699,2323) [filtered=123]
cnt=1 s0=fng (3699,2323) [filtered=123]
cnt=1 s0=fng (3699,2322) [filtered=123]
cnt=1 s0=fng (3699,2321) [filtered=123]
cnt=1 s0=fng (3699,2321) [filtered=123]
cnt=1 s0=fng (3699,2321) [filtered=123]
cnt=1 s0=fng (3699,2320) [filtered=123]
cnt=1 s0=fng (3699,2320) [filtered=123]
cnt=1 s0=fng (3699,2319) [filtered=123]
cnt=1 s0=fng (3699,2319) [filtered=123]
cnt=1 s0=fng (3699,2319) [filtered=123]
cnt=1 s0=fng (3699,2318) [filtered=123]
cnt=1 s0=fng (3699,2317) [filtered=123]
cnt=1 s0=fng (3699,2317) [filtered=123]
cnt=1 s0=fng (3699,2316) [filtered=123]
cnt=1 s0=fng (3699,2316) [filtered=123]
cnt=1 s0=fng (3699,2316) [filtered=123]
cnt=1 s0=fng (3699,2315)* [filtered=123]
cnt=1 s0=fng (3699,2315)* [filtered=123]
cnt=1 s0=fng (3699,2315)* [filtered=123]
cnt=1 s0=fng (3699,2315)* [filtered=123]
cnt=1 s0=fng (3699,2315)* [filtered=123]
cnt=1 s0=fng (3699,2315)* [filtered=123]
cnt=1 s0=fng (3699,2314)* [filtered=123]
cnt=1 s0=fng (3699,2314)* [filtered=123]
cnt=1 s0=fng (3699,2313)* [filtered=123]
cnt=1 s0=fng (3699,2313)* [filtered=123]
cnt=1 s0=fng (3699,2312)* [filtered=123]
cnt=1 s0=fng (3699,2312)* [filtered=123]
cnt=1 s0=fng (3699,2312)* [filtered=123]
cnt=1 s0=fng (3699,2311)* [filtered=123]
cnt=1 s0=fng (3699,2310)* [filtered=123]
cnt=1 s0=fng (3699,2310)* [filtered=123]
cnt=1 s0=fng (3699,2310)* [filtered=123]
cnt=1 s0=fng (3699,2310)* [filtered=123]
cnt=1 s0=fng (3699,2310)* [filtered=123]
cnt=1 s0=fng (3699,2310)* [filtered=123]
cnt=1 s0=fng (3699,2310)* [filtered=123]
cnt=1 s0=fng (3699,2310)* [filtered=123]
cnt=1 s0=fng (3699,2310)* [filtered=123]
cnt=1 s0=fng (3699,2310)* [filtered=123]
cnt=1 s0=fng (3699,2310)* [filtered=123]
cnt=1 s0=fng (3699,2310)* [filtered=123]
cnt=1 s0=fng (3699,2310)* [filtered=123]
cnt=1 s0=fng (3699,2310)* [filtered=123]
cnt=1 s0=fng (3699,2310)* [filtered=123]
cnt=1 s0=fng (3699,2310)* [filtered=123]
cnt=1 s0=fng (3699,2310)* [filtered=123]
cnt=1 s0=fng (3699,2310)* [filtered=123]
cnt=1 s0=fng (3699,2310)* [filtered=123]
cnt=1 s0=fng (3699,2310)* [filtered=123]
cnt=1 s0=fng (3699,2310)* [filtered=123]
cnt=1 s0=fng (3699,2310)* [filtered=123]
cnt=1 s0=fng (3699,2310)* [filtered=123]
cnt=1 s0=fng (3699,2310)* [filtered=123]
cnt=1 s0=fng (3699,2310)* [filtered=123]
cnt=1 s0=fng (3699,2310)* [filtered=123]
cnt=1 s0=fng (3699,2310)* [filtered=123]
cnt=1 s0=fng (3700,2310)* [filtered=123]
cnt=1 s0=fng (3700,2310)* [filtered=123]
cnt=1 s0=fng (3700,2310)* [filtered=123]
cnt=1 s0=fng (4242,3099) [filtered=123]
cnt=1 s0=fng (4242,3099) [filtered=123]
cnt=1 s0=fng (4242,3099) [filtered=123]
cnt=1 s0=fng (4242,3099) [filtered=123]
cnt=1 s0=fng (4242,3099) [filtered=123]
cnt=1 s0=fng (4242,3099) [filtered=123]
cnt=1 s0=fng (4242,3099) [filtered=123]
cnt=1 s0=fng (4242,3099) [filtered=123]
cnt=1 s0=fng (4242,3099) [filtered=123]
cnt=1 s0=fng (4242,3099) [filtered=123]
cnt=1 s0=fng (4242,3099) [filtered=123]
cnt=1 s0=fng (4243,3099) [filtered=123]
cnt=1 s0=fng (4243,3099) [filtered=123]
cnt=1 s0=fng (4243,3099) [filtered=123]
cnt=1 s0=fng (4244,3099) [filtered=123]
cnt=1 s0=fng (4245,3099) [filtered=123]
cnt=1 s0=fng (4245,3099) [filtered=123]
cnt=1 s0=fng (4246,3099) [filtered=123]
cnt=1 s0=fng (4246,3099) [filtered=123]
cnt=1 s0=fng (4247,3099) [filtered=123]
cnt=1 s0=fng (4248,3099)* [filtered=123]
cnt=1 s0=fng (4249,3099)* [filtered=123]
cnt=1 s0=fng (4249,3099)* [filtered=123]
cnt=1 s0=fng (4250,3099)* [filtered=123]
cnt=1 s0=fng (4250,3099)* [filtered=123]
cnt=1 s0=fng (4251,3099)* [filtered=123]
cnt=1 s0=fng (4253,3099)* [filtered=123]
cnt=1 s0=fng (4254,3099)* [filtered=123]
cnt=1 s0=fng (4255,3099)* [filtered=123]
cnt=1 s0=fng (4256,3099)* [filtered=123]
cnt=1 s0=fng (4257,3099)* [filtered=123]
cnt=1 s0=fng (4258,3099)* [filtered=123]
cnt=1 s0=fng (4258,3099)* [filtered=123]
cnt=1 s0=fng (4259,3099)* [filtered=123]
cnt=1 s0=fng (4260,3099)* [filtered=123]
cnt=1 s0=fng (4261,3099)* [filtered=123]
cnt=1 s0=fng (4262,3099)* [filtered=123]
cnt=1 s0=fng (4263,3099)* [filtered=123]
cnt=1 s0=fng (4264,3099)* [filtered=123]
cnt=1 s0=fng (4264,3098)* [filtered=123]
cnt=1 s0=fng (4265,3097)* [filtered=123]
cnt=1 s0=fng (4265,3096)* [filtered=123]
cnt=1 s0=fng (4265,3095)* [filtered=123]
cnt=1 s0=fng (4266,3094)* [filtered=123]
cnt=1 s0=fng (4267,3093)* [filtered=123]
cnt=1 s0=fng (4268,3092)* [filtered=123]
cnt=1 s0=fng (4268,3092)* [filtered=123]
cnt=1 s0=fng (4269,3091)* [filtered=123]
cnt=1 s0=fng (4270,3090)* [filtered=123]
cnt=1 s0=fng (4271,3089)* [filtered=123]
cnt=1 s0=fng (4272,3088)* [filtered=123]
cnt=1 s0=fng (4272,3087)* [filtered=123]
cnt=1 s0=fng (4273,3086)* [filtered=123]
cnt=1 s0=fng (4274,3085)* [filtered=123]
cnt=1 s0=fng (4275,3083)* [filtered=123]
cnt=1 s0=fng (4275,3082)* [filtered=123]
cnt=1 s0=fng (4276,3081)* [filtered=123]
cnt=1 s0=fng (4277,3080)* [filtered=123]
cnt=1 s0=fng (4278,3078)* [filtered=123]
cnt=1 s0=fng (4279,3076)* [filtered=123]
cnt=1 s0=fng (4280,3075)* [filtered=123]
cnt=1 s0=fng (4281,3074)* [filtered=123]
cnt=1 s0=fng (4282,3072)* [filtered=123]
cnt=1 s0=fng (4283,3071)* [filtered=123]
cnt=1 s0=fng (4284,3070)* [filtered=123]
cnt=1 s0=fng (4284,3069)* [filtered=123]
cnt=1 s0=fng (4285,3068)* [filtered=123]
cnt=1 s0=fng (4286,3067)* [filtered=123]
cnt=1 s0=fng (4287,3066)* [filtered=123]
cnt=1 s0=fng (4287,3065)* [filtered=123]
cnt=1 s0=fng (4287,3064)* [filtered=123]
cnt=1 s0=fng (4288,3063)* [filtered=123]
cnt=1 s0=fng (4289,3062)* [filtered=123]
cnt=1 s0=fng (4289,3061)* [filtered=123]
cnt=1 s0=fng (4289,3060)* [filtered=123]
cnt=1 s0=fng (4290,3059)* [filtered=123]
cnt=1 s0=fng (4290,3058)* [filtered=123]
cnt=1 s0=fng (4291,3057)* [filtered=123]
cnt=1 s0=fng (4291,3056)* [filtered=123]
cnt=1 s0=fng (4291,3056)* [filtered=123]
cnt=1 s0=fng (4291,3056)* [filtered=123]
cnt=1 s0=fng (4291,3056)* [filtered=123]
cnt=1 s0=fng (4291,3056)* [filtered=123]
cnt=1 s0=fng (4291,3056)* [filtered=123]
cnt=1 s0=fng (4291,3056)* [filtered=123]
cnt=1 s0=fng (4291,3056)* [filtered=123]
cnt=1 s0=fng (4291,3056)* [filtered=123]
cnt=1 s0=fng (4291,3056)* [filtered=123]
cnt=1 s0=fng (4290,3056)* [filtered=123]
cnt=1 s0=fng (4290,3056)* [filtered=123]
cnt=1 s0=fng (4290,3056)* [filtered=123]
cnt=1 s0=fng (4289,3056)* [filtered=123]
cnt=1 s0=fng (4289,3056)* [filtered=123]
cnt=1 s0=fng (4289,3056)* [filtered=123]
cnt=1 s0=fng (4288,3056)* [filtered=123]
cnt=1 s0=fng (4287,3056)* [filtered=123]
cnt=1 s0=fng (4286,3056)* [filtered=123]
cnt=1 s0=fng (4284,3056)* [filtered=123]
cnt=1 s0=fng (4283,3056)* [filtered=123]
cnt=1 s0=fng (4281,3056)* [filtered=123]
cnt=1 s0=fng (4277,3056) [filtered=123]
cnt=1 s0=fng (4272,3056) [filtered=123]
cnt=1 s0=fng (4267,3056) [filtered=123]
cnt=1 s0=fng (4263,3056) [filtered=123]
cnt=1 s0=fng (2714,1930) [filtered=123]
cnt=1 s0=fng (2714,1929) [filtered=123]
cnt=1 s0=fng (2714,1929) [filtered=123]
cnt=1 s0=fng (2714,1929) [filtered=123]
cnt=1 s0=fng (2714,1928) [filtered=123]
cnt=1 s0=fng (2714,1928) [filtered=123]
cnt=1 s0=fng (2714,1927) [filtered=123]
cnt=1 s0=fng (2714,1927) [filtered=123]
cnt=1 s0=fng (2714,1926) [filtered=123]
cnt=1 s0=fng (2716,1923) [filtered=123]
cnt=1 s0=fng (2721,1918) [filtered=123]
cnt=1 s0=fng (2730,1910) [filtered=123]
cnt=1 s0=fng (2738,1903) [filtered=123]
cnt=1 s0=fng (2752,1892) [filtered=123]
cnt=1 s0=fng (2773,1878) [filtered=123]
cnt=1 s0=fng (2802,1861) [filtered=123]
cnt=1 s0=fng (2839,1843) [filtered=123]
cnt=1 s0=fng (2875,1826) [filtered=123]
cnt=1 s0=fng (2915,1810) [filtered=123]
cnt=1 s0=fng (2958,1796) [filtered=123]
cnt=1 s0=fng (3002,1784) [filtered=123]
cnt=1 s0=fng (3046,1773) [filtered=123]
cnt=1 s0=fng (3091,1765) [filtered=123]
cnt=1 s0=fng (3136,1759) [filtered=123]
cnt=1 s0=fng (3181,1755) [filtered=123]
cnt=1 s0=fng (3226,1753) [filtered=123]
cnt=1 s0=fng (3271,1751) [filtered=123]
cnt=1 s0=fng (3315,1751) [filtered=123]
cnt=1 s0=fng (3359,1751) [filtered=123]
cnt=1 s0=fng (3401,1751) [filtered=123]
cnt=1 s0=fng (3442,1751) [filtered=123]
cnt=1 s0=fng (3483,1751) [filtered=123]
cnt=1 s0=fng (3522,1751) [filtered=123]
cnt=1 s0=fng (3559,1751) [filtered=123]
cnt=1 s0=fng (3593,1754) [filtered=123]
cnt=1 s0=fng (3626,1757) [filtered=123]
cnt=1 s0=fng (3657,1760) [filtered=123]
cnt=1 s0=fng (3686,1760) [filtered=123]
cnt=1 s0=fng (3712,1760) [filtered=123]
cnt=1 s0=fng (3736,1760) [filtered=123]
cnt=1 s0=fng (3759,1760) [filtered=123]
cnt=1 s0=fng (3780,1760) [filtered=123]
cnt=1 s0=fng (3800,1760) [filtered=123]
cnt=1 s0=fng (3817,1759) [filtered=123]
cnt=1 s0=fng (3833,1757) [filtered=123]
cnt=1 s0=fng (3849,1756) [filtered=123]
cnt=1 s0=fng (3862,1754) [filtered=123]
cnt=1 s0=fng (3874,1752) [filtered=123]
cnt=1 s0=fng (3885,1750) [filtered=123]
cnt=1 s0=fng (3895,1748) [filtered=123]
cnt=1 s0=fng (3905,1747) [filtered=123]
cnt=1 s0=fng (3915,1746) [filtered=123]
cnt=1 s0=fng (3924,1745) [filtered=123]
cnt=1 s0=fng (3932,1744) [filtered=123]
cnt=1 s0=fng (3940,1744) [filtered=123]
cnt=1 s0=fng (3948,1744) [filtered=123]
cnt=1 s0=fng (3956,1745) [filtered=123]
cnt=1 s0=fng (3964,1746) [filtered=123]
cnt=1 s0=fng (3972,1748) [filtered=123]
cnt=1 s0=fng (3980,1749) [filtered=123]
cnt=1 s0=fng (3989,1751) [filtered=123]
cnt=1 s0=fng (4000,1755) [filtered=123]
cnt=1 s0=fng (4014,1760) [filtered=123]
cnt=1 s0=fng (4031,1765) [filtered=123]
cnt=1 s0=fng (4047,1770) [filtered=123]
cnt=1 s0=fng (4067,1776) [filtered=123]
cnt=1 s0=fng (4089,1784) [filtered=123]
cnt=1 s0=fng (4113,1793) [filtered=123]
cnt=1 s0=fng (4136,1802) [filtered=123]
cnt=1 s0=fng (4161,1811) [filtered=123]
cnt=1 s0=fng (4186,1820) [filtered=123]
cnt=1 s0=fng (4211,1829) [filtered=123]
cnt=1 s0=fng (4235,1838) [filtered=123]
cnt=1 s0=fng (4258,1847) [filtered=123]
cnt=1 s0=fng (4281,1856) [filtered=123]
cnt=1 s0=fng (4304,1865) [filtered=123]
cnt=1 s0=fng (4326,1873) [filtered=123]
cnt=1 s0=fng (4347,1881) [filtered=123]
cnt=1 s0=fng (4367,1888) [filtered=123]
cnt=1 s0=fng (4389,1897) [filtered=123]
cnt=1 s0=fng (4412,1906) [filtered=123]
cnt=1 s0=fng (4435,1915) [filtered=123]
cnt=1 s0=fng (4459,1924) [filtered=123]
cnt=1 s0=fng (4482,1932) [filtered=123]
cnt=1 s0=fng (4505,1942) [filtered=123]
cnt=1 s0=fng (4527,1952) [filtered=123]
cnt=1 s0=fng (4548,1963) [filtered=123]
cnt=1 s0=fng (4568,1973) [filtered=123]
cnt=1 s0=fng (4586,1984) [filtered=123]
cnt=1 s0=fng (4604,1994) [filtered=123]
cnt=1 s0=fng (4627,2004) [filtered=123]
cnt=1 s0=fng (4649,2013) [filtered=123]
cnt=1 s0=fng (4669,2021) [filtered=123]
cnt=1 s0=fng (4688,2029) [filtered=123]
cnt=1 s0=fng (2663,1926) [filtered=123]
cnt=1 s0=fng (2663,1926) [filtered=123]
cnt=1 s0=fng (2662,1926) [filtered=123]
cnt=1 s0=fng (2662,1926) [filtered=123]
cnt=1 s0=fng (2662,1925) [filtered=123]
cnt=1 s0=fng (2661,1925) [filtered=123]
cnt=1 s0=fng (2661,1924) [filtered=123]
cnt=1 s0=fng (2661,1924) [filtered=123]
cnt=1 s0=fng (2661,1924) [filtered=123]
cnt=1 s0=fng (2661,1923) [filtered=123]
cnt=1 s0=fng (2662,1922) [filtered=123]
cnt=1 s0=fng (2664,1920) [filtered=123]
cnt=1 s0=fng (2665,1919) [filtered=123]
cnt=1 s0=fng (2670,1914) [filtered=123]
cnt=1 s0=fng (2680,1906) [filtered=123]
cnt=1 s0=fng (2699,1895) [filtered=123]
cnt=1 s0=fng (2727,1880) [filtered=123]
cnt=1 s0=fng (2754,1866) [filtered=123]
cnt=1 s0=fng (2789,1849) [filtered=123]
cnt=1 s0=fng (2829,1832) [filtered=123]
cnt=1 s0=fng (2872,1816) [filtered=123]
cnt=1 s0=fng (2915,1800) [filtered=123]
cnt=1 s0=fng (2959,1786) [filtered=123]
cnt=1 s0=fng (3003,1773) [filtered=123]
cnt=1 s0=fng (3046,1762) [filtered=123]
cnt=1 s0=fng (3087,1753) [filtered=123]
cnt=1 s0=fng (3128,1745) [filtered=123]
cnt=1 s0=fng (3167,1737) [filtered=123]
cnt=1 s0=fng (3203,1729) [filtered=123]
cnt=1 s0=fng (3235,1721) [filtered=123]
cnt=1 s0=fng (3263,1714) [filtered=123]
cnt=1 s0=fng (3290,1708) [filtered=123]
cnt=1 s0=fng (3314,1703) [filtered=123]
cnt=1 s0=fng (3335,1699) [filtered=123]
cnt=1 s0=fng (3352,1694) [filtered=123]
cnt=1 s0=fng (3368,1690) [filtered=123]
cnt=1 s0=fng (3380,1687) [filtered=123]
cnt=1 s0=fng (3390,1685) [filtered=123]
cnt=1 s0=fng (3398,1684) [filtered=123]
cnt=1 s0=fng (3404,1683) [filtered=123]
cnt=1 s0=fng (3410,1682) [filtered=123]
cnt=1 s0=fng (3414,1681) [filtered=123]
cnt=1 s0=fng (3418,1680) [filtered=123]
cnt=1 s0=fng (3421,1679) [filtered=123]
cnt=1 s0=fng (3423,1678) [filtered=123]
cnt=1 s0=fng (3425,1678) [filtered=123]
cnt=1 s0=fng (3427,1677) [filtered=123]
cnt=1 s0=fng (3429,1676) [filtered=123]
cnt=1 s0=fng (3431,1676) [filtered=123]
cnt=1 s0=fng (3433,1676) [filtered=123]
cnt=1 s0=fng (3435,1675) [filtered=123]
cnt=1 s0=fng (3437,1675) [filtered=123]
cnt=1 s0=fng (3439,1674) [filtered=123]
cnt=1 s0=fng (3441,1674) [filtered=123]
cnt=1 s0=fng (3443,1674) [filtered=123]
cnt=1 s0=fng (3445,1673) [filtered=123]
cnt=1 s0=fng (3447,1672) [filtered=123]
cnt=1 s0=fng (3449,1671) [filtered=123]
cnt=1 s0=fng (3451,1670) [filtered=123]
cnt=1 s0=fng (3453,1670) [filtered=123]
cnt=1 s0=fng (3456,1669) [filtered=123]
cnt=1 s0=fng (3459,1668) [filtered=123]
cnt=1 s0=fng (3463,1667) [filtered=123]
cnt=1 s0=fng (3466,1667) [filtered=123]
cnt=1 s0=fng (3469,1666) [filtered=123]
cnt=1 s0=fng (3474,1665) [filtered=123]
cnt=1 s0=fng (3479,1663) [filtered=123]
cnt=1 s0=fng (3485,1661) [filtered=123]
cnt=1 s0=fng (3491,1660) [filtered=123]
cnt=1 s0=fng (3499,1658) [filtered=123]
cnt=1 s0=fng (3508,1655) [filtered=123]
cnt=1 s0=fng (3519,1652) [filtered=123]
cnt=1 s0=fng (3532,1648) [filtered=123]
cnt=1 s0=fng (3545,1646) [filtered=123]
cnt=1 s0=fng (3558,1643) [filtered=123]
cnt=1 s0=fng (3572,1641) [filtered=123]
cnt=1 s0=fng (3588,1639) [filtered=123]
cnt=1 s0=fng (3604,1637) [filtered=123]
cnt=1 s0=fng (3620,1636) [filtered=123]
cnt=1 s0=fng (3637,1635) [filtered=123]
cnt=1 s0=fng (3654,1635) [filtered=123]
cnt=1 s0=fng (3670,1635) [filtered=123]
cnt=1 s0=fng (3685,1635) [filtered=123]
cnt=1 s0=fng (3701,1636) [filtered=123]
cnt=1 s0=fng (3716,1637) [filtered=123]
cnt=1 s0=fng (3730,1638) [filtered=123]
cnt=1 s0=fng (3743,1639) [filtered=123]
cnt=1 s0=fng (3755,1640) [filtered=123]
cnt=1 s0=fng (3768,1641) [filtered=123]
cnt=1 s0=fng (3780,1642) [filtered=123]
cnt=1 s0=fng (3790,1642) [filtered=123]
cnt=1 s0=fng (3799,1643) [filtered=123]
cnt=1 s0=fng (3807,1643) [filtered=123]
cnt=1 s0=fng (3814,1644) [filtered=123]
cnt=1 s0=fng (3820,1644) [filtered=123]
cnt=1 s0=fng (3826,1644) [filtered=123]
cnt=1 s0=fng (3831,1644) [filtered=123]
cnt=1 s0=fng (3835,1644) [filtered=123]
cnt=1 s0=fng (3839,1644) [filtered=123]
cnt=1 s0=fng (3843,1644) [filtered=123]
cnt=1 s0=fng (3847,1644) [filtered=123]
cnt=1 s0=fng (3850,1644) [filtered=123]
cnt=1 s0=fng (3853,1644) [filtered=123]
cnt=1 s0=fng (3855,1644) [filtered=123]
cnt=1 s0=fng (3856,1645) [filtered=123]
cnt=1 s0=fng (3858,1645) [filtered=123]
cnt=1 s0=fng (3859,1645) [filtered=123]
cnt=1 s0=fng (3861,1646) [filtered=123]
cnt=1 s0=fng (3863,1646) [filtered=123]
cnt=1 s0=fng (3866,1647) [filtered=123]
cnt=1 s0=fng (3868,1648) [filtered=123]
cnt=1 s0=fng (3871,1649) [filtered=123]
cnt=1 s0=fng (3874,1651) [filtered=123]
cnt=1 s0=fng (3878,1653) [filtered=123]
cnt=1 s0=fng (3882,1655) [filtered=123]
cnt=1 s0=fng (3885,1656) [filtered=123]
cnt=1 s0=fng (3889,1658) [filtered=123]
cnt=1 s0=fng (3893,1661) [filtered=123]
cnt=1 s0=fng (3897,1663) [filtered=123]
cnt=1 s0=fng (3900,1665) [filtered=123]
cnt=1 s0=fng (3902,1666) [filtered=123]
cnt=1 s0=fng (3904,1668) [filtered=123]
cnt=1 s0=fng (3907,1670) [filtered=123]
cnt=2 s0=PALM(3909,1672) s1=PALM(2138,3026) [filtered=124]
cnt=2 s0=PALM(3910,1673) s1=PALM(2138,3026) [filtered=125]
cnt=2 s0=PALM(3913,1676) s1=PALM(2138,3026) [filtered=126]
cnt=2 s0=PALM(3916,1678) s1=PALM(2138,3026) [filtered=127]
cnt=2 s0=PALM(3919,1681) s1=PALM(2138,3025) [filtered=128]
cnt=2 s0=PALM(3922,1684) s1=PALM(2138,3024) [filtered=129]
cnt=2 s0=PALM(3924,1685) s1=PALM(2138,3024) [filtered=130]
cnt=2 s0=PALM(3926,1687) s1=PALM(2138,3023) [filtered=131]
cnt=2 s0=PALM(3928,1689) s1=PALM(2138,3022) [filtered=132]
cnt=2 s0=PALM(3930,1691) s1=PALM(2138,3021) [filtered=133]
cnt=2 s0=PALM(3932,1693) s1=PALM(2138,3020) [filtered=134]
cnt=2 s0=PALM(3933,1694) s1=PALM(2138,3019) [filtered=135]
cnt=2 s0=PALM(3934,1696) s1=PALM(2138,3018) [filtered=136]
cnt=2 s0=PALM(3935,1699) s1=PALM(2138,3017) [filtered=137]
cnt=2 s0=PALM(3937,1701) s1=PALM(2138,3016) [filtered=138]
cnt=2 s0=PALM(3938,1702) s1=PALM(2138,3015) [filtered=139]
cnt=2 s0=PALM(3939,1704) s1=PALM(2138,3014) [filtered=140]
cnt=2 s0=PALM(3940,1706) s1=PALM(2138,3013) [filtered=141]
cnt=2 s0=PALM(3942,1708) s1=PALM(2138,3012) [filtered=142]
cnt=2 s0=PALM(3944,1711) s1=PALM(2138,3011) [filtered=143]
cnt=2 s0=PALM(3945,1712) s1=PALM(2138,3011)* [filtered=144]
cnt=2 s0=PALM(3946,1714) s1=PALM(2138,3010)* [filtered=145]
cnt=2 s0=PALM(3947,1716) s1=PALM(2138,3009)* [filtered=146]
cnt=2 s0=PALM(3949,1718) s1=PALM(2138,3008)* [filtered=147]
cnt=2 s0=PALM(3950,1720) s1=PALM(2138,3007)* [filtered=148]
cnt=2 s0=PALM(3951,1721) s1=PALM(2138,3006)* [filtered=149]
cnt=2 s0=PALM(3953,1723) s1=PALM(2138,3006)* [filtered=150]
cnt=2 s0=PALM(3955,1724) s1=PALM(2138,3005)* [filtered=151]
cnt=2 s0=PALM(3957,1726) s1=PALM(2138,3004)* [filtered=152]
cnt=2 s0=PALM(3958,1727) s1=PALM(2138,3004)* [filtered=153]
cnt=2 s0=PALM(3960,1728) s1=PALM(2138,3003)* [filtered=154]
cnt=2 s0=PALM(3962,1730) s1=PALM(2138,3002)* [filtered=155]
cnt=2 s0=PALM(3964,1732) s1=PALM(2138,3001)* [filtered=156]
cnt=2 s0=PALM(3966,1734) s1=PALM(2138,3000)* [filtered=157]
cnt=2 s0=PALM(3967,1735) s1=PALM(2138,2999)* [filtered=158]
cnt=2 s0=PALM(3969,1736) s1=PALM(2138,2998)* [filtered=159]
cnt=2 s0=PALM(3972,1738) s1=PALM(2138,2997)* [filtered=160]
cnt=2 s0=PALM(3975,1740) s1=PALM(2138,2996)* [filtered=161]
cnt=2 s0=PALM(3976,1741) s1=PALM(2138,2996)* [filtered=162]
cnt=2 s0=PALM(3978,1742) s1=PALM(2138,2996)* [filtered=163]
cnt=2 s0=PALM(3980,1744) s1=PALM(2138,2995)* [filtered=164]
cnt=2 s0=PALM(3982,1746) s1=PALM(2138,2994)* [filtered=165]
cnt=2 s0=PALM(3984,1747) s1=PALM(2138,2994)* [filtered=166]
cnt=2 s0=PALM(3985,1748) s1=PALM(2138,2994)* [filtered=167]
cnt=2 s0=PALM(3986,1749) s1=PALM(2138,2994)* [filtered=168]
cnt=2 s0=PALM(3987,1750) s1=PALM(2138,2994)* [filtered=169]
cnt=2 s0=PALM(3988,1751) s1=PALM(2138,2994)* [filtered=170]
cnt=2 s0=PALM(3989,1752) s1=PALM(2138,2993)* [filtered=171]
cnt=2 s0=PALM(3989,1752) s1=PALM(2138,2992)* [filtered=172]
cnt=2 s0=PALM(3990,1752) s1=PALM(2138,2991)* [filtered=173]
cnt=2 s0=PALM(3991,1753) s1=PALM(2138,2991)* [filtered=174]
cnt=2 s0=PALM(3992,1754) s1=PALM(2138,2990)* [filtered=175]
cnt=2 s0=PALM(3992,1754) s1=PALM(2138,2990)* [filtered=176]
cnt=2 s0=PALM(3992,1754) s1=PALM(2138,2989)* [filtered=177]
cnt=2 s0=PALM(3993,1755) s1=PALM(2138,2989)* [filtered=178]
cnt=2 s0=PALM(3994,1756) s1=PALM(2138,2988)* [filtered=179]
cnt=2 s0=PALM(3994,1757) s1=PALM(2138,2987)* [filtered=180]
cnt=2 s0=PALM(3994,1757) s1=PALM(2138,2987)* [filtered=181]
cnt=2 s0=PALM(3995,1758) s1=PALM(2138,2986)* [filtered=182]
cnt=2 s0=PALM(3996,1759) s1=PALM(2138,2986)* [filtered=183]
cnt=2 s0=PALM(3998,1760) s1=PALM(2138,2986)* [filtered=184]
cnt=2 s0=PALM(4000,1761)* s1=PALM(2138,2986)* [filtered=185]
cnt=2 s0=PALM(4001,1762)* s1=PALM(2138,2986)* [filtered=186]
cnt=2 s0=PALM(4003,1763)* s1=PALM(2138,2985)* [filtered=187]
cnt=2 s0=PALM(4006,1765) s1=PALM(2138,2984)* [filtered=188]
cnt=2 s0=PALM(4009,1767) s1=PALM(2138,2983)* [filtered=189]
cnt=2 s0=PALM(4012,1769) s1=PALM(2138,2983)* [filtered=190]
cnt=2 s0=PALM(4014,1770) s1=PALM(2138,2983)* [filtered=191]
cnt=2 s0=PALM(4016,1772) s1=PALM(2138,2983)* [filtered=192]
cnt=2 s0=PALM(4018,1773) s1=PALM(2138,2983)* [filtered=193]
cnt=2 s0=PALM(4021,1775) s1=PALM(2138,2982)* [filtered=194]
cnt=2 s0=PALM(4022,1776) s1=PALM(2138,2982)* [filtered=195]
cnt=2 s0=PALM(4024,1777) s1=PALM(2138,2982)* [filtered=196]
cnt=2 s0=PALM(4026,1779) s1=PALM(2138,2982)* [filtered=197]
cnt=2 s0=PALM(4028,1780) s1=PALM(2138,2982)* [filtered=198]
cnt=2 s0=PALM(4029,1782) s1=PALM(2138,2982)* [filtered=199]
cnt=2 s0=PALM(4030,1783) s1=PALM(2138,2982)* [filtered=200]
cnt=2 s0=PALM(4031,1784) s1=PALM(2138,2982)* [filtered=201]
cnt=2 s0=PALM(4033,1785) s1=PALM(2138,2982)* [filtered=202]
cnt=2 s0=PALM(4034,1786) s1=PALM(2138,2982)* [filtered=203]
cnt=2 s0=PALM(4035,1787) s1=PALM(2138,2982)* [filtered=204]
cnt=2 s0=PALM(4036,1788) s1=PALM(2138,2982)* [filtered=205]
cnt=2 s0=PALM(4037,1789) s1=PALM(2138,2982)* [filtered=206]
cnt=2 s0=PALM(4038,1790) s1=PALM(2138,2982)* [filtered=207]
cnt=2 s0=PALM(4039,1791) s1=PALM(2138,2982)* [filtered=208]
cnt=2 s0=PALM(4039,1792) s1=PALM(2138,2982)* [filtered=209]
cnt=2 s0=PALM(4040,1793) s1=PALM(2138,2982)* [filtered=210]
cnt=2 s0=PALM(4041,1794) s1=PALM(2138,2982)* [filtered=211]
cnt=2 s0=PALM(4042,1796) s1=PALM(2138,2982)* [filtered=212]
cnt=2 s0=PALM(4043,1798) s1=PALM(2138,2982)* [filtered=213]
cnt=2 s0=PALM(4044,1799) s1=PALM(2138,2982)* [filtered=214]
cnt=2 s0=PALM(4045,1800) s1=PALM(2138,2982)* [filtered=215]
cnt=2 s0=PALM(4046,1802) s1=PALM(2138,2982)* [filtered=216]
cnt=2 s0=PALM(4047,1804)* s1=PALM(2138,2982)* [filtered=217]
cnt=2 s0=PALM(4048,1805)* s1=PALM(2138,2982)* [filtered=218]
cnt=2 s0=PALM(4049,1807)* s1=PALM(2138,2982)* [filtered=219]
cnt=2 s0=PALM(4050,1809)* s1=PALM(2138,2982)* [filtered=220]
cnt=2 s0=PALM(4051,1811)* s1=PALM(2138,2982)* [filtered=221]
cnt=2 s0=PALM(4053,1813) s1=PALM(2138,2982)* [filtered=222]
cnt=2 s0=PALM(4054,1814) s1=PALM(2138,2982)* [filtered=223]
cnt=2 s0=PALM(4055,1815) s1=PALM(2138,2982)* [filtered=224]
cnt=2 s0=PALM(4056,1817) s1=PALM(2138,2983)* [filtered=225]
cnt=2 s0=PALM(4057,1819) s1=PALM(2138,2984)* [filtered=226]
cnt=2 s0=PALM(4058,1821) s1=PALM(2137,2985)* [filtered=227]
cnt=2 s0=PALM(4059,1822) s1=PALM(2137,2986)* [filtered=228]
cnt=2 s0=PALM(4060,1824) s1=PALM(2136,2987)* [filtered=229]
cnt=2 s0=PALM(4062,1826) s1=PALM(2136,2988)* [filtered=230]
cnt=2 s0=PALM(4063,1829) s1=PALM(2135,2989)* [filtered=231]
cnt=2 s0=PALM(4064,1832) s1=PALM(2135,2990)* [filtered=232]
cnt=2 s0=PALM(4065,1833) s1=PALM(2135,2991)* [filtered=233]
cnt=1 s0=fng (4066,1835) [filtered=233]
cnt=1 s0=fng (4067,1838) [filtered=233]
cnt=1 s0=fng (4068,1840) [filtered=233]
cnt=1 s0=fng (4068,1843) [filtered=233]
cnt=1 s0=fng (4068,1844) [filtered=233]
cnt=1 s0=fng (4068,1846) [filtered=233]
cnt=1 s0=fng (4068,1848) [filtered=233]
cnt=1 s0=fng (2833,1573) [filtered=233]
cnt=1 s0=fng (2833,1573) [filtered=233]
cnt=1 s0=fng (2833,1573) [filtered=233]
cnt=1 s0=fng (2833,1573) [filtered=233]
cnt=1 s0=fng (2833,1574) [filtered=233]
cnt=1 s0=fng (2833,1574) [filtered=233]
cnt=1 s0=fng (2833,1575) [filtered=233]
cnt=1 s0=fng (2833,1575) [filtered=233]
cnt=1 s0=fng (2833,1576) [filtered=233]
cnt=1 s0=fng (2833,1576) [filtered=233]
cnt=1 s0=fng (2833,1577) [filtered=233]
cnt=1 s0=fng (2834,1577) [filtered=233]
cnt=1 s0=fng (2834,1577) [filtered=233]
cnt=1 s0=fng (2834,1578) [filtered=233]
cnt=1 s0=fng (2835,1579) [filtered=233]
cnt=1 s0=fng (2835,1580) [filtered=233]
cnt=1 s0=fng (2835,1580) [filtered=233]
cnt=1 s0=fng (2836,1581) [filtered=233]
cnt=1 s0=fng (2837,1582) [filtered=233]
cnt=1 s0=fng (2838,1583) [filtered=233]
cnt=1 s0=fng (2839,1584)* [filtered=233]
cnt=1 s0=fng (2840,1585)* [filtered=233]
cnt=1 s0=fng (2841,1586)* [filtered=233]
cnt=1 s0=fng (2842,1587)* [filtered=233]
cnt=1 s0=fng (2845,1588) [filtered=233]
cnt=1 s0=fng (2848,1590) [filtered=233]
cnt=1 s0=fng (2849,1591) [filtered=233]
cnt=1 s0=fng (2851,1593) [filtered=233]
cnt=1 s0=fng (2855,1595) [filtered=233]
cnt=1 s0=fng (2859,1598) [filtered=233]
cnt=1 s0=fng (2863,1601) [filtered=233]
cnt=1 s0=fng (2865,1602) [filtered=233]
cnt=1 s0=fng (2868,1604) [filtered=233]
cnt=1 s0=fng (2871,1606) [filtered=233]
cnt=1 s0=fng (2874,1608) [filtered=233]
cnt=1 s0=fng (2877,1610) [filtered=233]
cnt=1 s0=fng (2879,1611) [filtered=233]
cnt=1 s0=fng (2881,1613) [filtered=233]
cnt=1 s0=fng (2884,1615) [filtered=233]
cnt=1 s0=fng (2886,1617) [filtered=233]
cnt=1 s0=fng (2887,1618) [filtered=233]
cnt=1 s0=fng (2889,1619) [filtered=233]
cnt=1 s0=fng (2891,1621) [filtered=233]
cnt=1 s0=fng (2893,1623) [filtered=233]
cnt=1 s0=fng (2895,1625) [filtered=233]
cnt=1 s0=fng (2896,1626) [filtered=233]
cnt=1 s0=fng (2897,1627) [filtered=233]
cnt=1 s0=fng (2898,1628) [filtered=233]
cnt=1 s0=fng (2900,1629) [filtered=233]
cnt=1 s0=fng (2901,1630) [filtered=233]
cnt=1 s0=fng (2902,1630) [filtered=233]
cnt=1 s0=fng (2903,1631) [filtered=233]
cnt=1 s0=fng (2905,1632) [filtered=233]
cnt=1 s0=fng (2907,1633) [filtered=233]
cnt=1 s0=fng (2908,1634) [filtered=233]
cnt=1 s0=fng (2909,1635) [filtered=233]
cnt=1 s0=fng (2910,1636) [filtered=233]
cnt=1 s0=fng (2911,1637) [filtered=233]
cnt=1 s0=fng (2912,1638) [filtered=233]
cnt=1 s0=fng (2913,1638) [filtered=233]
cnt=1 s0=fng (2914,1639) [filtered=233]
cnt=1 s0=fng (2914,1639) [filtered=233]
cnt=1 s0=fng (2915,1640) [filtered=233]
cnt=1 s0=fng (2915,1640) [filtered=233]
cnt=1 s0=fng (2915,1640)* [filtered=233]
cnt=1 s0=fng (2916,1640)* [filtered=233]
cnt=1 s0=fng (2917,1640)* [filtered=233]
cnt=1 s0=fng (2917,1640)* [filtered=233]
cnt=1 s0=fng (2917,1640)* [filtered=233]
cnt=1 s0=fng (2917,1640)* [filtered=233]
cnt=1 s0=fng (2917,1639)* [filtered=233]
cnt=1 s0=fng (2917,1638)* [filtered=233]
cnt=1 s0=fng (2917,1638)* [filtered=233]
cnt=1 s0=fng (2917,1638)* [filtered=233]
cnt=1 s0=fng (2917,1637)* [filtered=233]
cnt=1 s0=fng (2917,1636)* [filtered=233]
cnt=1 s0=fng (2917,1635)* [filtered=233]
cnt=1 s0=fng (2917,1634)* [filtered=233]
cnt=1 s0=fng (2917,1633)* [filtered=233]
cnt=1 s0=fng (2917,1632)* [filtered=233]
cnt=1 s0=fng (2917,1631)* [filtered=233]
cnt=1 s0=fng (2917,1630)* [filtered=233]
cnt=1 s0=fng (2917,1629)* [filtered=233]
cnt=1 s0=fng (2917,1629)* [filtered=233]
cnt=2 s0=PALM(2917,1628)* s1=PALM(2148,3009) [filtered=234]
cnt=2 s0=PALM(2916,1626)* s1=PALM(2147,3008) [filtered=235]
cnt=2 s0=PALM(2915,1624)* s1=PALM(2147,3007) [filtered=236]
cnt=2 s0=PALM(2915,1623)* s1=PALM(2147,3006) [filtered=237]
cnt=2 s0=PALM(2915,1622)* s1=PALM(2147,3005) [filtered=238]
cnt=2 s0=PALM(2915,1621)* s1=PALM(2147,3004) [filtered=239]
cnt=2 s0=PALM(2915,1620)* s1=PALM(2147,3003) [filtered=240]
cnt=2 s0=PALM(2914,1619)* s1=PALM(2147,3002) [filtered=241]
cnt=2 s0=PALM(2914,1618)* s1=PALM(2147,3002) [filtered=242]
cnt=2 s0=PALM(2914,1618)* s1=PALM(2147,3001) [filtered=243]
cnt=2 s0=PALM(2914,1617)* s1=PALM(2147,3000) [filtered=244]
cnt=2 s0=PALM(2914,1616)* s1=PALM(2147,2999) [filtered=245]
cnt=2 s0=PALM(2914,1616)* s1=PALM(2147,2998) [filtered=246]
cnt=2 s0=PALM(2913,1616)* s1=PALM(2147,2997) [filtered=247]
cnt=2 s0=PALM(2913,1616)* s1=PALM(2147,2996) [filtered=248]
cnt=2 s0=PALM(2913,1616)* s1=PALM(2147,2995) [filtered=249]
cnt=2 s0=PALM(2913,1616)* s1=PALM(2147,2994) [filtered=250]
cnt=2 s0=PALM(2913,1616)* s1=PALM(2147,2994) [filtered=251]
cnt=2 s0=PALM(2912,1616)* s1=PALM(2147,2993) [filtered=252]
cnt=2 s0=PALM(2912,1616)* s1=PALM(2147,2992) [filtered=253]
cnt=2 s0=PALM(2912,1616)* s1=PALM(2147,2991)* [filtered=254]
cnt=2 s0=PALM(2912,1616)* s1=PALM(2147,2990)* [filtered=255]
cnt=2 s0=PALM(2911,1616)* s1=PALM(2147,2989)* [filtered=256]
cnt=2 s0=PALM(2911,1616)* s1=PALM(2147,2988)* [filtered=257]
cnt=2 s0=PALM(2911,1616)* s1=PALM(2147,2988)* [filtered=258]
cnt=2 s0=PALM(2911,1616)* s1=PALM(2147,2988)* [filtered=259]
cnt=2 s0=PALM(2911,1616)* s1=PALM(2147,2988)* [filtered=260]
cnt=2 s0=PALM(2911,1616)* s1=PALM(2148,2987)* [filtered=261]
cnt=2 s0=PALM(2910,1616)* s1=PALM(2148,2986)* [filtered=262]
cnt=2 s0=PALM(2910,1616)* s1=PALM(2149,2985)* [filtered=263]
cnt=2 s0=PALM(2910,1616)* s1=PALM(2149,2984)* [filtered=264]
cnt=2 s0=PALM(2910,1616)* s1=PALM(2149,2983)* [filtered=265]
cnt=2 s0=PALM(2910,1616)* s1=PALM(2150,2982)* [filtered=266]
cnt=2 s0=PALM(2910,1616)* s1=PALM(2151,2982)* [filtered=267]
cnt=2 s0=PALM(2910,1616)* s1=PALM(2152,2981)* [filtered=268]
cnt=2 s0=PALM(2910,1616)* s1=PALM(2152,2981)* [filtered=269]
cnt=2 s0=PALM(2910,1616)* s1=PALM(2153,2981)* [filtered=270]
cnt=2 s0=PALM(2910,1616)* s1=PALM(2154,2981)* [filtered=271]
cnt=2 s0=PALM(2910,1616)* s1=PALM(2155,2981)* [filtered=272]
cnt=2 s0=PALM(2910,1616)* s1=PALM(2156,2981)* [filtered=273]
cnt=2 s0=PALM(2910,1616)* s1=PALM(2156,2981)* [filtered=274]
cnt=2 s0=PALM(2910,1616)* s1=PALM(2157,2980)* [filtered=275]
cnt=2 s0=PALM(2910,1616)* s1=PALM(2157,2980)* [filtered=276]
cnt=2 s0=PALM(2910,1616)* s1=PALM(2158,2980)* [filtered=277]
cnt=2 s0=PALM(2909,1616)* s1=PALM(2158,2980)* [filtered=278]
cnt=2 s0=PALM(2909,1616)* s1=PALM(2158,2980)* [filtered=279]
cnt=2 s0=PALM(2909,1616)* s1=PALM(2159,2980)* [filtered=280]
cnt=2 s0=PALM(2909,1616)* s1=PALM(2159,2980)* [filtered=281]
cnt=2 s0=PALM(2909,1616)* s1=PALM(2159,2980)* [filtered=282]
cnt=2 s0=PALM(2909,1616)* s1=PALM(2159,2980)* [filtered=283]
cnt=2 s0=PALM(2909,1616)* s1=PALM(2159,2980)* [filtered=284]
cnt=2 s0=PALM(2909,1616)* s1=PALM(2159,2980)* [filtered=285]
cnt=2 s0=PALM(2909,1616)* s1=PALM(2159,2980)* [filtered=286]
cnt=2 s0=PALM(2909,1616)* s1=PALM(2159,2980)* [filtered=287]
cnt=2 s0=PALM(2909,1616)* s1=PALM(2159,2980)* [filtered=288]
cnt=2 s0=PALM(2909,1617)* s1=PALM(2159,2980)* [filtered=289]
cnt=2 s0=PALM(2909,1618)* s1=PALM(2159,2979)* [filtered=290]
cnt=2 s0=PALM(2909,1618)* s1=PALM(2159,2979)* [filtered=291]
cnt=2 s0=PALM(2909,1619)* s1=PALM(2159,2979)* [filtered=292]
cnt=2 s0=PALM(2909,1619)* s1=PALM(2159,2979)* [filtered=293]
cnt=2 s0=PALM(2909,1619)* s1=PALM(2159,2979)* [filtered=294]
cnt=2 s0=PALM(2909,1619)* s1=PALM(2159,2978)* [filtered=295]
cnt=2 s0=PALM(2909,1620)* s1=PALM(2159,2977)* [filtered=296]
cnt=2 s0=PALM(2909,1620)* s1=PALM(2159,2977)* [filtered=297]
cnt=2 s0=PALM(2909,1620)* s1=PALM(2159,2977)* [filtered=298]
cnt=2 s0=PALM(2909,1620)* s1=PALM(2159,2977)* [filtered=299]
cnt=2 s0=PALM(2909,1620)* s1=PALM(2159,2976)* [filtered=300]
cnt=2 s0=PALM(2909,1620)* s1=PALM(2159,2976)* [filtered=301]
cnt=2 s0=PALM(2909,1620)* s1=PALM(2159,2976)* [filtered=302]
cnt=2 s0=PALM(2909,1620)* s1=PALM(2159,2976)* [filtered=303]
cnt=2 s0=PALM(2909,1620)* s1=PALM(2159,2976)* [filtered=304]
cnt=2 s0=PALM(2909,1620)* s1=PALM(2159,2976)* [filtered=305]
cnt=2 s0=PALM(2909,1620)* s1=PALM(2159,2976)* [filtered=306]
cnt=2 s0=PALM(2909,1620)* s1=PALM(2159,2976)* [filtered=307]
cnt=2 s0=PALM(2909,1620)* s1=PALM(2159,2976)* [filtered=308]
cnt=2 s0=PALM(2909,1620)* s1=PALM(2159,2976)* [filtered=309]
cnt=2 s0=PALM(2909,1620)* s1=PALM(2159,2976)* [filtered=310]
cnt=2 s0=PALM(2909,1620)* s1=PALM(2159,2976)* [filtered=311]
cnt=2 s0=PALM(2909,1620)* s1=PALM(2159,2976)* [filtered=312]
cnt=2 s0=PALM(2909,1620)* s1=PALM(2159,2976)* [filtered=313]
cnt=2 s0=PALM(2909,1620)* s1=PALM(2159,2976)* [filtered=314]
cnt=2 s0=PALM(2909,1620)* s1=PALM(2159,2976)* [filtered=315]
cnt=2 s0=PALM(2909,1620)* s1=PALM(2159,2976)* [filtered=316]
cnt=2 s0=PALM(2909,1620)* s1=PALM(2159,2976)* [filtered=317]
cnt=2 s0=PALM(2909,1620)* s1=PALM(2159,2976)* [filtered=318]
cnt=2 s0=PALM(2909,1620)* s1=PALM(2159,2976)* [filtered=319]
cnt=2 s0=PALM(2909,1620)* s1=PALM(2159,2976)* [filtered=320]
cnt=2 s0=PALM(2909,1620)* s1=PALM(2159,2976)* [filtered=321]
cnt=2 s0=PALM(2909,1620)* s1=PALM(2159,2976)* [filtered=322]
cnt=2 s0=PALM(2909,1620)* s1=PALM(2159,2976)* [filtered=323]
cnt=2 s0=PALM(2909,1620)* s1=PALM(2159,2976)* [filtered=324]
cnt=2 s0=PALM(2909,1620)* s1=PALM(2159,2976)* [filtered=325]
cnt=2 s0=PALM(2909,1620)* s1=PALM(2159,2976)* [filtered=326]
cnt=2 s0=PALM(2909,1620)* s1=PALM(2160,2976)* [filtered=327]
cnt=2 s0=PALM(2909,1620)* s1=PALM(2160,2976)* [filtered=328]
cnt=2 s0=PALM(2909,1620)* s1=PALM(2161,2976)* [filtered=329]
cnt=2 s0=PALM(2909,1620)* s1=PALM(2161,2976)* [filtered=330]
cnt=2 s0=PALM(2909,1620)* s1=PALM(2161,2976)* [filtered=331]
cnt=2 s0=PALM(2908,1620)* s1=PALM(2162,2976)* [filtered=332]
cnt=2 s0=PALM(2908,1620)* s1=PALM(2162,2975)* [filtered=333]
cnt=2 s0=PALM(2908,1620)* s1=PALM(2162,2975)* [filtered=334]
cnt=2 s0=PALM(2908,1620)* s1=PALM(2162,2975)* [filtered=335]
cnt=2 s0=PALM(2908,1620)* s1=PALM(2163,2974)* [filtered=336]
cnt=2 s0=PALM(2908,1620)* s1=PALM(2163,2973)* [filtered=337]
cnt=2 s0=PALM(2908,1620)* s1=PALM(2164,2972)* [filtered=338]
cnt=2 s0=PALM(2908,1620)* s1=PALM(2164,2972)* [filtered=339]
cnt=2 s0=PALM(2908,1620)* s1=PALM(2164,2972)* [filtered=340]
cnt=2 s0=PALM(2908,1620)* s1=PALM(2165,2972)* [filtered=341]
cnt=2 s0=PALM(2908,1620)* s1=PALM(2165,2972)* [filtered=342]
cnt=2 s0=PALM(2908,1620)* s1=PALM(2165,2972)* [filtered=343]
cnt=2 s0=PALM(2908,1620)* s1=PALM(2165,2972)* [filtered=344]
cnt=2 s0=PALM(2907,1620)* s1=PALM(2165,2972)* [filtered=345]
cnt=2 s0=PALM(2907,1620)* s1=PALM(2165,2972)* [filtered=346]
cnt=2 s0=PALM(2906,1620)* s1=PALM(2165,2972)* [filtered=347]
cnt=2 s0=PALM(2906,1619)* s1=PALM(2165,2972)* [filtered=348]
cnt=2 s0=PALM(2906,1619)* s1=PALM(2165,2972)* [filtered=349]
cnt=2 s0=PALM(2906,1619)* s1=PALM(2165,2972)* [filtered=350]
cnt=2 s0=PALM(2906,1619)* s1=PALM(2165,2972)* [filtered=351]
cnt=2 s0=PALM(2905,1618)* s1=PALM(2164,2972)* [filtered=352]
cnt=2 s0=PALM(2905,1618)* s1=PALM(2164,2972)* [filtered=353]
cnt=2 s0=PALM(2905,1618)* s1=PALM(2163,2972)* [filtered=354]
cnt=2 s0=PALM(2905,1618)* s1=PALM(2163,2972)* [filtered=355]
cnt=2 s0=PALM(2905,1618)* s1=PALM(2162,2972)* [filtered=356]
cnt=2 s0=PALM(2905,1618)* s1=PALM(2162,2972)* [filtered=357]
cnt=2 s0=PALM(2905,1618)* s1=PALM(2162,2972)* [filtered=358]
cnt=2 s0=PALM(2905,1618)* s1=PALM(2162,2972)* [filtered=359]
cnt=2 s0=PALM(2905,1618)* s1=PALM(2162,2972)* [filtered=360]
cnt=2 s0=PALM(2905,1617)* s1=PALM(2162,2972)* [filtered=361]
cnt=2 s0=PALM(2905,1617)* s1=PALM(2162,2972)* [filtered=362]
cnt=2 s0=PALM(2905,1617)* s1=PALM(2162,2972)* [filtered=363]
cnt=2 s0=PALM(2905,1617)* s1=PALM(2162,2972)* [filtered=364]
cnt=2 s0=PALM(2905,1617)* s1=PALM(2162,2972)* [filtered=365]
cnt=2 s0=PALM(2905,1617)* s1=PALM(2162,2972)* [filtered=366]
cnt=2 s0=PALM(2905,1617)* s1=PALM(2162,2972)* [filtered=367]
cnt=2 s0=PALM(2904,1617)* s1=PALM(2162,2972)* [filtered=368]
cnt=2 s0=PALM(2904,1617)* s1=PALM(2162,2972)* [filtered=369]
cnt=2 s0=PALM(2904,1617)* s1=PALM(2162,2972)* [filtered=370]
cnt=2 s0=PALM(2904,1617)* s1=PALM(2163,2972)* [filtered=371]
cnt=2 s0=PALM(2904,1617)* s1=PALM(2163,2972)* [filtered=372]
cnt=2 s0=PALM(2904,1617)* s1=PALM(2163,2972)* [filtered=373]
cnt=2 s0=PALM(2904,1617)* s1=PALM(2163,2972)* [filtered=374]
cnt=2 s0=PALM(2904,1617)* s1=PALM(2163,2972)* [filtered=375]
cnt=2 s0=PALM(2904,1617)* s1=PALM(2163,2972)* [filtered=376]
cnt=2 s0=PALM(2904,1617)* s1=PALM(2163,2972)* [filtered=377]
cnt=2 s0=PALM(2904,1617)* s1=PALM(2163,2972)* [filtered=378]
cnt=2 s0=PALM(2904,1617)* s1=PALM(2163,2972)* [filtered=379]
cnt=2 s0=PALM(2904,1616)* s1=PALM(2163,2972)* [filtered=380]
cnt=2 s0=PALM(2904,1616)* s1=PALM(2163,2972)* [filtered=381]
cnt=2 s0=PALM(2903,1616)* s1=PALM(2163,2972)* [filtered=382]
cnt=2 s0=PALM(2903,1616)* s1=PALM(2163,2972)* [filtered=383]
cnt=2 s0=PALM(2903,1616)* s1=PALM(2163,2972)* [filtered=384]
cnt=2 s0=PALM(2903,1616)* s1=PALM(2163,2972)* [filtered=385]
cnt=2 s0=PALM(2903,1616)* s1=PALM(2163,2972)* [filtered=386]
cnt=2 s0=PALM(2903,1616)* s1=PALM(2163,2972)* [filtered=387]
cnt=2 s0=PALM(2903,1616)* s1=PALM(2163,2972)* [filtered=388]
cnt=2 s0=PALM(2903,1616)* s1=PALM(2163,2972)* [filtered=389]
cnt=2 s0=PALM(2903,1616)* s1=PALM(2162,2972)* [filtered=390]
cnt=2 s0=PALM(2903,1616)* s1=PALM(2162,2972)* [filtered=391]
cnt=2 s0=PALM(2903,1616)* s1=PALM(2162,2972)* [filtered=392]
cnt=2 s0=PALM(2903,1616)* s1=PALM(2161,2972)* [filtered=393]
cnt=2 s0=PALM(2903,1616)* s1=PALM(2161,2972)* [filtered=394]
cnt=2 s0=PALM(2903,1616)* s1=PALM(2161,2972)* [filtered=395]
cnt=2 s0=PALM(2903,1616)* s1=PALM(2160,2972)* [filtered=396]
cnt=2 s0=PALM(2903,1616)* s1=PALM(2160,2972)* [filtered=397]
cnt=2 s0=PALM(2903,1616)* s1=PALM(2159,2972)* [filtered=398]
cnt=2 s0=PALM(2903,1616)* s1=PALM(2159,2972)* [filtered=399]
cnt=2 s0=PALM(2903,1616)* s1=PALM(2159,2972)* [filtered=400]
cnt=2 s0=PALM(2903,1616)* s1=PALM(2159,2972)* [filtered=401]
cnt=2 s0=PALM(2903,1616)* s1=PALM(2159,2972)* [filtered=402]
cnt=2 s0=PALM(2903,1616)* s1=PALM(2159,2972)* [filtered=403]
cnt=2 s0=PALM(2903,1616)* s1=PALM(2159,2972)* [filtered=404]
cnt=2 s0=PALM(2903,1616)* s1=PALM(2159,2972)* [filtered=405]
cnt=2 s0=PALM(2903,1616)* s1=PALM(2159,2972)* [filtered=406]
cnt=2 s0=PALM(2903,1616)* s1=PALM(2159,2972)* [filtered=407]
cnt=2 s0=PALM(2903,1616)* s1=PALM(2159,2972)* [filtered=408]
cnt=2 s0=PALM(2902,1616)* s1=PALM(2159,2972)* [filtered=409]
cnt=2 s0=PALM(2902,1616)* s1=PALM(2159,2972)* [filtered=410]
cnt=2 s0=PALM(2902,1616)* s1=PALM(2159,2972)* [filtered=411]
cnt=2 s0=PALM(2902,1616)* s1=PALM(2159,2972)* [filtered=412]
cnt=2 s0=PALM(2902,1616)* s1=PALM(2159,2972)* [filtered=413]
cnt=2 s0=PALM(2902,1616)* s1=PALM(2159,2972)* [filtered=414]
cnt=2 s0=PALM(2902,1616)* s1=PALM(2159,2972)* [filtered=415]
cnt=2 s0=PALM(2901,1616)* s1=PALM(2159,2972)* [filtered=416]
cnt=2 s0=PALM(2901,1616)* s1=PALM(2159,2972)* [filtered=417]
cnt=2 s0=PALM(2901,1616)* s1=PALM(2159,2972)* [filtered=418]
cnt=2 s0=PALM(2901,1616)* s1=PALM(2159,2972)* [filtered=419]
cnt=2 s0=PALM(2901,1616)* s1=PALM(2159,2972)* [filtered=420]
cnt=2 s0=PALM(2901,1616)* s1=PALM(2159,2972)* [filtered=421]
cnt=2 s0=PALM(2901,1615)* s1=PALM(2159,2972)* [filtered=422]
cnt=2 s0=PALM(2901,1615)* s1=PALM(2159,2972)* [filtered=423]
cnt=2 s0=PALM(2901,1615)* s1=PALM(2159,2972)* [filtered=424]
cnt=2 s0=PALM(2901,1615)* s1=PALM(2159,2972)* [filtered=425]
cnt=2 s0=PALM(2901,1615)* s1=PALM(2159,2972)* [filtered=426]
cnt=2 s0=PALM(2901,1615)* s1=PALM(2159,2972)* [filtered=427]
cnt=2 s0=PALM(2901,1615)* s1=PALM(2159,2972)* [filtered=428]
cnt=2 s0=PALM(2901,1615)* s1=PALM(2158,2972)* [filtered=429]
cnt=2 s0=PALM(2900,1615)* s1=PALM(2158,2972)* [filtered=430]
cnt=2 s0=PALM(2900,1615)* s1=PALM(2157,2972)* [filtered=431]
cnt=2 s0=PALM(2900,1615)* s1=PALM(2157,2972)* [filtered=432]
cnt=2 s0=PALM(2900,1615)* s1=PALM(2157,2972)* [filtered=433]
cnt=2 s0=PALM(2900,1615)* s1=PALM(2157,2972)* [filtered=434]
cnt=2 s0=PALM(2899,1615)* s1=PALM(2156,2972)* [filtered=435]
cnt=2 s0=PALM(2899,1614)* s1=PALM(2156,2972)* [filtered=436]
cnt=2 s0=PALM(2899,1614)* s1=PALM(2156,2972)* [filtered=437]
cnt=2 s0=PALM(2899,1614)* s1=PALM(2156,2972)* [filtered=438]
cnt=2 s0=PALM(2899,1614)* s1=PALM(2156,2972)* [filtered=439]
cnt=2 s0=PALM(2899,1614)* s1=PALM(2156,2972)* [filtered=440]
cnt=2 s0=PALM(2899,1614)* s1=PALM(2156,2972)* [filtered=441]
cnt=2 s0=PALM(2899,1614)* s1=PALM(2156,2972)* [filtered=442]
cnt=2 s0=PALM(2899,1614)* s1=PALM(2156,2972)* [filtered=443]
cnt=2 s0=PALM(2899,1614)* s1=PALM(2156,2972)* [filtered=444]
cnt=2 s0=PALM(2899,1614)* s1=PALM(2156,2972)* [filtered=445]
cnt=2 s0=PALM(2899,1614)* s1=PALM(2156,2972)* [filtered=446]
cnt=2 s0=PALM(2899,1614)* s1=PALM(2156,2972)* [filtered=447]
cnt=2 s0=PALM(2899,1614)* s1=PALM(2156,2972)* [filtered=448]
cnt=2 s0=PALM(2899,1614)* s1=PALM(2156,2972)* [filtered=449]
cnt=2 s0=PALM(2899,1614)* s1=PALM(2156,2972)* [filtered=450]
cnt=2 s0=PALM(2899,1614)* s1=PALM(2156,2972)* [filtered=451]
cnt=2 s0=PALM(2898,1614)* s1=PALM(2156,2972)* [filtered=452]
cnt=2 s0=PALM(2898,1613)* s1=PALM(2156,2972)* [filtered=453]
cnt=2 s0=PALM(2898,1612)* s1=PALM(2156,2972)* [filtered=454]
cnt=2 s0=PALM(2898,1612)* s1=PALM(2156,2972)* [filtered=455]
cnt=2 s0=PALM(2898,1612)* s1=PALM(2156,2972)* [filtered=456]
cnt=2 s0=PALM(2898,1612)* s1=PALM(2156,2972)* [filtered=457]
cnt=2 s0=PALM(2898,1612)* s1=PALM(2156,2972)* [filtered=458]
cnt=2 s0=PALM(2898,1612)* s1=PALM(2156,2972)* [filtered=459]
cnt=2 s0=PALM(2898,1611)* s1=PALM(2156,2972)* [filtered=460]
cnt=2 s0=PALM(2898,1611)* s1=PALM(2156,2972)* [filtered=461]
cnt=2 s0=PALM(2898,1611)* s1=PALM(2156,2972)* [filtered=462]
cnt=2 s0=PALM(2898,1611)* s1=PALM(2156,2972)* [filtered=463]
cnt=2 s0=PALM(2898,1611)* s1=PALM(2156,2972)* [filtered=464]
cnt=2 s0=PALM(2898,1611)* s1=PALM(2156,2972)* [filtered=465]
cnt=2 s0=PALM(2898,1611)* s1=PALM(2156,2972)* [filtered=466]
cnt=2 s0=PALM(2898,1611)* s1=PALM(2156,2972)* [filtered=467]
cnt=2 s0=PALM(2898,1611)* s1=PALM(2156,2972)* [filtered=468]
cnt=2 s0=PALM(2897,1611)* s1=PALM(2156,2972)* [filtered=469]
cnt=2 s0=PALM(2897,1611)* s1=PALM(2156,2972)* [filtered=470]
cnt=2 s0=PALM(2897,1611)* s1=PALM(2156,2972)* [filtered=471]
cnt=2 s0=PALM(2897,1611)* s1=PALM(2156,2972)* [filtered=472]
cnt=2 s0=PALM(2897,1611)* s1=PALM(2156,2972)* [filtered=473]
cnt=2 s0=PALM(2897,1611)* s1=PALM(2156,2972)* [filtered=474]
cnt=2 s0=PALM(2897,1611)* s1=PALM(2156,2972)* [filtered=475]
cnt=2 s0=PALM(2897,1611)* s1=PALM(2156,2972)* [filtered=476]
cnt=2 s0=PALM(2897,1610)* s1=PALM(2156,2972)* [filtered=477]
cnt=2 s0=PALM(2896,1610)* s1=PALM(2156,2972)* [filtered=478]
cnt=2 s0=PALM(2896,1610)* s1=PALM(2156,2972)* [filtered=479]
cnt=2 s0=PALM(2896,1610)* s1=PALM(2156,2972)* [filtered=480]
cnt=2 s0=PALM(2895,1610)* s1=PALM(2156,2972)* [filtered=481]
cnt=2 s0=PALM(2895,1610)* s1=PALM(2155,2972)* [filtered=482]
cnt=2 s0=PALM(2895,1610)* s1=PALM(2154,2973)* [filtered=483]
cnt=2 s0=PALM(2895,1610)* s1=PALM(2154,2973)* [filtered=484]
cnt=2 s0=PALM(2894,1610)* s1=PALM(2153,2974)* [filtered=485]
cnt=2 s0=PALM(2893,1610)* s1=PALM(2151,2975)* [filtered=486]
cnt=2 s0=PALM(2893,1610)* s1=PALM(2149,2976)* [filtered=487]
cnt=1 s0=fng (2892,1611)* [filtered=487]
cnt=1 s0=fng (2892,1611)* [filtered=487]
cnt=1 s0=fng (2892,1611)* [filtered=487]
cnt=1 s0=fng (2892,1612)* [filtered=487]
cnt=1 s0=fng (2892,1613)* [filtered=487]
cnt=1 s0=fng (2891,1614)* [filtered=487]
cnt=1 s0=fng (2891,1615)* [filtered=487]
cnt=1 s0=fng (2891,1617)* [filtered=487]
cnt=1 s0=fng (2890,1620) [filtered=487]
cnt=1 s0=fng (2888,1626) [filtered=487]
cnt=1 s0=fng (2885,1633) [filtered=487]
cnt=1 s0=fng (2884,1639) [filtered=487]
cnt=1 s0=fng (2881,1648) [filtered=487]
cnt=1 s0=fng (2877,1660) [filtered=487]
cnt=1 s0=fng (2872,1676) [filtered=487]
cnt=1 s0=fng (2864,1698) [filtered=487]
cnt=1 s0=fng (2857,1719) [filtered=487]
cnt=1 s0=fng (2848,1744) [filtered=487]
cnt=1 s0=fng (2838,1774) [filtered=487]
cnt=1 s0=fng (2826,1809) [filtered=487]
cnt=1 s0=fng (2812,1847) [filtered=487]
cnt=1 s0=fng (2799,1884) [filtered=487]
cnt=1 s0=fng (2785,1923) [filtered=487]
cnt=1 s0=fng (2771,1963) [filtered=487]
cnt=1 s0=fng (2757,2003) [filtered=487]
cnt=1 s0=fng (2743,2043) [filtered=487]
cnt=1 s0=fng (2730,2082) [filtered=487]
cnt=1 s0=fng (2716,2122) [filtered=487]
cnt=1 s0=fng (2702,2161) [filtered=487]
cnt=1 s0=fng (2688,2198) [filtered=487]
cnt=1 s0=fng (2675,2235) [filtered=487]
cnt=1 s0=fng (2662,2271) [filtered=487]
cnt=1 s0=fng (2649,2305) [filtered=487]
cnt=1 s0=fng (2637,2337) [filtered=487]
cnt=1 s0=fng (2626,2366) [filtered=487]
cnt=1 s0=fng (2616,2394) [filtered=487]
cnt=1 s0=fng (2606,2420) [filtered=487]
cnt=1 s0=fng (2597,2445) [filtered=487]
cnt=1 s0=fng (2588,2467) [filtered=487]
cnt=1 s0=fng (2580,2488) [filtered=487]
cnt=1 s0=fng (2573,2508) [filtered=487]
cnt=1 s0=fng (2566,2526) [filtered=487]
cnt=1 s0=fng (2560,2543) [filtered=487]
cnt=1 s0=fng (2554,2560) [filtered=487]
cnt=1 s0=fng (2549,2576) [filtered=487]
cnt=1 s0=fng (2545,2591) [filtered=487]
cnt=1 s0=fng (2540,2605) [filtered=487]
cnt=1 s0=fng (2535,2618) [filtered=487]
cnt=1 s0=fng (2531,2632) [filtered=487]
cnt=1 s0=fng (2528,2645) [filtered=487]
cnt=1 s0=fng (2526,2658) [filtered=487]
cnt=1 s0=fng (2524,2670) [filtered=487]
cnt=1 s0=fng (2523,2683) [filtered=487]
cnt=1 s0=fng (2522,2696) [filtered=487]
cnt=1 s0=fng (2522,2708) [filtered=487]
cnt=1 s0=fng (2522,2720) [filtered=487]
cnt=1 s0=fng (2523,2731) [filtered=487]
cnt=1 s0=fng (2524,2740) [filtered=487]
cnt=1 s0=fng (2524,2749) [filtered=487]
cnt=1 s0=fng (2526,2756) [filtered=487]
cnt=1 s0=fng (2528,2761) [filtered=487]
cnt=1 s0=fng (2531,2765) [filtered=487]
cnt=1 s0=fng (2534,2768) [filtered=487]
cnt=1 s0=fng (965,2549) [filtered=487]
cnt=1 s0=fng (966,2548) [filtered=487]
cnt=1 s0=fng (966,2547) [filtered=487]
cnt=1 s0=fng (967,2547) [filtered=487]
cnt=1 s0=fng (967,2547) [filtered=487]
cnt=1 s0=fng (967,2546) [filtered=487]
cnt=1 s0=fng (968,2546) [filtered=487]
cnt=1 s0=fng (968,2545) [filtered=487]
cnt=1 s0=fng (968,2545) [filtered=487]
cnt=1 s0=fng (969,2545) [filtered=487]
cnt=1 s0=fng (969,2544) [filtered=487]
cnt=1 s0=fng (969,2543) [filtered=487]
cnt=1 s0=fng (969,2543) [filtered=487]
cnt=1 s0=fng (969,2543) [filtered=487]
cnt=1 s0=fng (970,2543) [filtered=487]
cnt=1 s0=fng (970,2542) [filtered=487]
cnt=1 s0=fng (970,2542) [filtered=487]
cnt=1 s0=fng (970,2542) [filtered=487]
cnt=1 s0=fng (970,2542) [filtered=487]
cnt=1 s0=fng (970,2542) [filtered=487]
cnt=1 s0=fng (970,2542)* [filtered=487]
cnt=1 s0=fng (970,2542)* [filtered=487]
cnt=1 s0=fng (970,2542)* [filtered=487]
cnt=1 s0=fng (970,2542)* [filtered=487]
cnt=1 s0=fng (971,2542)* [filtered=487]
cnt=1 s0=fng (971,2542)* [filtered=487]
cnt=1 s0=fng (972,2542)* [filtered=487]
cnt=1 s0=fng (972,2542)* [filtered=487]
cnt=1 s0=fng (972,2542)* [filtered=487]
cnt=1 s0=fng (973,2542)* [filtered=487]
cnt=1 s0=fng (973,2542)* [filtered=487]
cnt=1 s0=fng (973,2542)* [filtered=487]
cnt=1 s0=fng (973,2542)* [filtered=487]
cnt=1 s0=fng (973,2542)* [filtered=487]
cnt=1 s0=fng (973,2542)* [filtered=487]
cnt=1 s0=fng (973,2542)* [filtered=487]
cnt=1 s0=fng (973,2543)* [filtered=487]
cnt=1 s0=fng (973,2543)* [filtered=487]
cnt=1 s0=fng (973,2543)* [filtered=487]
cnt=1 s0=fng (973,2544)* [filtered=487]
cnt=1 s0=fng (973,2545)* [filtered=487]
cnt=1 s0=fng (973,2545)* [filtered=487]
cnt=1 s0=fng (973,2545)* [filtered=487]
cnt=1 s0=fng (973,2546)* [filtered=487]
cnt=1 s0=fng (973,2546)* [filtered=487]
cnt=1 s0=fng (973,2547)* [filtered=487]
cnt=1 s0=fng (973,2547)* [filtered=487]
cnt=1 s0=fng (973,2547)* [filtered=487]
cnt=1 s0=fng (973,2548)* [filtered=487]
cnt=1 s0=fng (973,2549)* [filtered=487]
cnt=1 s0=fng (973,2549)* [filtered=487]
cnt=1 s0=fng (973,2549)* [filtered=487]
cnt=1 s0=fng (973,2550)* [filtered=487]
cnt=1 s0=fng (973,2550)* [filtered=487]
cnt=1 s0=fng (973,2550)* [filtered=487]
cnt=1 s0=fng (973,2550)* [filtered=487]
cnt=1 s0=fng (973,2550)* [filtered=487]
cnt=1 s0=fng (973,2550)* [filtered=487]
cnt=1 s0=fng (973,2550)* [filtered=487]
cnt=1 s0=fng (973,2550)* [filtered=487]
cnt=1 s0=fng (973,2550)* [filtered=487]
cnt=1 s0=fng (973,2550)* [filtered=487]
cnt=1 s0=fng (973,2550)* [filtered=487]
cnt=1 s0=fng (973,2550)* [filtered=487]
cnt=1 s0=fng (973,2550)* [filtered=487]
cnt=1 s0=fng (973,2550)* [filtered=487]
cnt=1 s0=fng (973,2550)* [filtered=487]
cnt=1 s0=fng (973,2550)* [filtered=487]
cnt=1 s0=fng (973,2550)* [filtered=487]
cnt=1 s0=fng (973,2550)* [filtered=487]
cnt=1 s0=fng (973,2550)* [filtered=487]
cnt=1 s0=fng (973,2550)* [filtered=487]
cnt=1 s0=fng (973,2550)* [filtered=487]
cnt=1 s0=fng (973,2550)* [filtered=487]
cnt=1 s0=fng (973,2550)* [filtered=487]
cnt=1 s0=fng (973,2550)* [filtered=487]
cnt=1 s0=fng (973,2550)* [filtered=487]
cnt=1 s0=fng (973,2550)* [filtered=487]
cnt=1 s0=fng (973,2550)* [filtered=487]
cnt=1 s0=fng (973,2550)* [filtered=487]
cnt=1 s0=fng (973,2550)* [filtered=487]
cnt=1 s0=fng (973,2550)* [filtered=487]
cnt=1 s0=fng (973,2550)* [filtered=487]
cnt=1 s0=fng (973,2550)* [filtered=487]
cnt=1 s0=fng (973,2550)* [filtered=487]
cnt=1 s0=fng (973,2550)* [filtered=487]
cnt=1 s0=fng (972,2550)* [filtered=487]
cnt=1 s0=fng (972,2550)* [filtered=487]
cnt=1 s0=fng (972,2550)* [filtered=487]
cnt=1 s0=fng (972,2550)* [filtered=487]
cnt=1 s0=fng (972,2550)* [filtered=487]
cnt=1 s0=fng (972,2550)* [filtered=487]
cnt=1 s0=fng (972,2550)* [filtered=487]
cnt=1 s0=fng (972,2550)* [filtered=487]
cnt=1 s0=fng (972,2550)* [filtered=487]
cnt=1 s0=fng (972,2550)* [filtered=487]
cnt=1 s0=fng (972,2550)* [filtered=487]
cnt=1 s0=fng (972,2550)* [filtered=487]
cnt=1 s0=fng (972,2550)* [filtered=487]
cnt=1 s0=fng (972,2550)* [filtered=487]
cnt=1 s0=fng (972,2550)* [filtered=487]
cnt=1 s0=fng (972,2550)* [filtered=487]
cnt=1 s0=fng (972,2550)* [filtered=487]
cnt=1 s0=fng (972,2550)* [filtered=487]
cnt=1 s0=fng (972,2550)* [filtered=487]
cnt=1 s0=fng (972,2550)* [filtered=487]
cnt=1 s0=fng (972,2550)* [filtered=487]
cnt=1 s0=fng (972,2550)* [filtered=487]
cnt=1 s0=fng (972,2550)* [filtered=487]
cnt=1 s0=fng (972,2550)* [filtered=487]
cnt=1 s0=fng (972,2550)* [filtered=487]
cnt=1 s0=fng (972,2550)* [filtered=487]
cnt=1 s0=fng (972,2550)* [filtered=487]
cnt=1 s0=fng (972,2550)* [filtered=487]
cnt=1 s0=fng (972,2550)* [filtered=487]
cnt=1 s0=fng (972,2550)* [filtered=487]
cnt=1 s0=fng (972,2550)* [filtered=487]
cnt=1 s0=fng (972,2550)* [filtered=487]
cnt=1 s0=fng (972,2550)* [filtered=487]
cnt=1 s0=fng (971,2550)* [filtered=487]
cnt=1 s0=fng (971,2550)* [filtered=487]
cnt=1 s0=fng (970,2550)* [filtered=487]
cnt=1 s0=fng (970,2550)* [filtered=487]
cnt=1 s0=fng (970,2550)* [filtered=487]
cnt=1 s0=fng (969,2550)* [filtered=487]
cnt=1 s0=fng (968,2550)* [filtered=487]
cnt=1 s0=fng (968,2551)* [filtered=487]
cnt=1 s0=fng (968,2551)* [filtered=487]
cnt=1 s0=fng (967,2551)* [filtered=487]
cnt=1 s0=fng (967,2552)* [filtered=487]
cnt=1 s0=fng (966,2553)* [filtered=487]
cnt=1 s0=fng (966,2553)* [filtered=487]
cnt=1 s0=fng (966,2553)* [filtered=487]
cnt=1 s0=fng (965,2554)* [filtered=487]
cnt=1 s0=fng (965,2554)* [filtered=487]
cnt=1 s0=fng (965,2555)* [filtered=487]
cnt=1 s0=fng (965,2555)* [filtered=487]
cnt=1 s0=fng (965,2555)* [filtered=487]
cnt=1 s0=fng (965,2556)* [filtered=487]
cnt=1 s0=fng (965,2557)* [filtered=487]
cnt=1 s0=fng (965,2557)* [filtered=487]
cnt=1 s0=fng (965,2557)* [filtered=487]
cnt=1 s0=fng (965,2557)* [filtered=487]
cnt=1 s0=fng (965,2557)* [filtered=487]
cnt=1 s0=fng (965,2557)* [filtered=487]
cnt=1 s0=fng (965,2557)* [filtered=487]
cnt=1 s0=fng (965,2557)* [filtered=487]
cnt=1 s0=fng (966,2557)* [filtered=487]
cnt=1 s0=fng (966,2557)* [filtered=487]
cnt=1 s0=fng (967,2557)* [filtered=487]
cnt=1 s0=fng (967,2557)* [filtered=487]
cnt=1 s0=fng (967,2556)* [filtered=487]
cnt=1 s0=fng (968,2555)* [filtered=487]
cnt=1 s0=fng (968,2555)* [filtered=487]
cnt=1 s0=fng (968,2554)* [filtered=487]
cnt=1 s0=fng (968,2554)* [filtered=487]
cnt=1 s0=fng (968,2554)* [filtered=487]
cnt=1 s0=fng (968,2553)* [filtered=487]
cnt=1 s0=fng (968,2553)* [filtered=487]
cnt=1 s0=fng (968,2552)* [filtered=487]
cnt=1 s0=fng (968,2552)* [filtered=487]
cnt=1 s0=fng (968,2551)* [filtered=487]
cnt=1 s0=fng (968,2551)* [filtered=487]
cnt=1 s0=fng (968,2550)* [filtered=487]
cnt=1 s0=fng (968,2550)* [filtered=487]
cnt=1 s0=fng (968,2550)* [filtered=487]
cnt=1 s0=fng (968,2549)* [filtered=487]
cnt=1 s0=fng (968,2549)* [filtered=487]
cnt=1 s0=fng (968,2548)* [filtered=487]
cnt=1 s0=fng (968,2548)* [filtered=487]
cnt=1 s0=fng (968,2547)* [filtered=487]
cnt=1 s0=fng (968,2547)* [filtered=487]
cnt=1 s0=fng (968,2547)* [filtered=487]
cnt=1 s0=fng (968,2547)* [filtered=487]
cnt=1 s0=fng (968,2547)* [filtered=487]
cnt=1 s0=fng (968,2547)* [filtered=487]
cnt=1 s0=fng (968,2547)* [filtered=487]
cnt=1 s0=fng (968,2547)* [filtered=487]
cnt=1 s0=fng (968,2547)* [filtered=487]
cnt=1 s0=fng (968,2547)* [filtered=487]
cnt=1 s0=fng (968,2547)* [filtered=487]
cnt=1 s0=fng (968,2547)* [filtered=487]
cnt=1 s0=fng (968,2547)* [filtered=487]
cnt=1 s0=fng (967,2547)* [filtered=487]
cnt=1 s0=fng (967,2547)* [filtered=487]
cnt=1 s0=fng (967,2547)* [filtered=487]
cnt=1 s0=fng (966,2547)* [filtered=487]
cnt=1 s0=fng (966,2547)* [filtered=487]
cnt=1 s0=fng (965,2548)* [filtered=487]
cnt=1 s0=fng (965,2548)* [filtered=487]
cnt=1 s0=fng (965,2549)* [filtered=487]
cnt=1 s0=fng (1662,2810) [filtered=487]
cnt=1 s0=fng (1663,2810) [filtered=487]
cnt=1 s0=fng (1663,2810) [filtered=487]
cnt=1 s0=fng (1663,2810) [filtered=487]
cnt=1 s0=fng (1664,2809) [filtered=487]
cnt=1 s0=fng (1665,2809) [filtered=487]
cnt=1 s0=fng (1665,2809) [filtered=487]
cnt=1 s0=fng (1666,2808) [filtered=487]
cnt=1 s0=fng (1667,2807) [filtered=487]
cnt=1 s0=fng (1667,2807) [filtered=487]
cnt=1 s0=fng (1668,2806) [filtered=487]
cnt=1 s0=fng (1668,2806) [filtered=487]
cnt=1 s0=fng (1669,2806) [filtered=487]
cnt=1 s0=fng (1669,2805) [filtered=487]
cnt=1 s0=fng (1670,2805) [filtered=487]
cnt=1 s0=fng (1670,2804) [filtered=487]
cnt=1 s0=fng (1670,2804) [filtered=487]
cnt=1 s0=fng (1671,2803) [filtered=487]
cnt=1 s0=fng (1671,2803) [filtered=487]
cnt=1 s0=fng (1671,2802) [filtered=487]
cnt=1 s0=fng (1671,2802)* [filtered=487]
cnt=1 s0=fng (1671,2802)* [filtered=487]
cnt=1 s0=fng (1671,2801)* [filtered=487]
cnt=1 s0=fng (1671,2800)* [filtered=487]
cnt=1 s0=fng (1671,2800)* [filtered=487]
cnt=1 s0=fng (1671,2800)* [filtered=487]
cnt=1 s0=fng (1671,2799)* [filtered=487]
cnt=1 s0=fng (1671,2799)* [filtered=487]
cnt=1 s0=fng (1671,2798)* [filtered=487]
cnt=1 s0=fng (1672,2796)* [filtered=487]
cnt=1 s0=fng (1672,2795)* [filtered=487]
cnt=1 s0=fng (1673,2794)* [filtered=487]
cnt=1 s0=fng (1673,2793)* [filtered=487]
cnt=1 s0=fng (1674,2792)* [filtered=487]
cnt=1 s0=fng (1674,2791)* [filtered=487]
cnt=1 s0=fng (1674,2791)* [filtered=487]
cnt=1 s0=fng (1675,2790)* [filtered=487]
cnt=1 s0=fng (1675,2790)* [filtered=487]
cnt=1 s0=fng (1676,2789)* [filtered=487]
cnt=1 s0=fng (1676,2788)* [filtered=487]
cnt=1 s0=fng (1676,2788)* [filtered=487]
cnt=1 s0=fng (1677,2788)* [filtered=487]
cnt=1 s0=fng (1678,2788)* [filtered=487]
cnt=1 s0=fng (1678,2788)* [filtered=487]
cnt=1 s0=fng (1678,2788)* [filtered=487]
cnt=1 s0=fng (1678,2788)* [filtered=487]
cnt=1 s0=fng (1678,2788)* [filtered=487]
cnt=1 s0=fng (1678,2788)* [filtered=487]
cnt=1 s0=fng (1678,2788)* [filtered=487]
cnt=1 s0=fng (1678,2788)* [filtered=487]
cnt=1 s0=fng (1678,2789)* [filtered=487]
cnt=1 s0=fng (1678,2790)* [filtered=487]
cnt=1 s0=fng (1678,2790)* [filtered=487]
cnt=1 s0=fng (1678,2791)* [filtered=487]
cnt=1 s0=fng (1678,2791)* [filtered=487]
cnt=1 s0=fng (1678,2791)* [filtered=487]
cnt=1 s0=fng (1678,2792)* [filtered=487]
cnt=1 s0=fng (1678,2792)* [filtered=487]
cnt=1 s0=fng (1678,2792)* [filtered=487]
cnt=1 s0=fng (1678,2792)* [filtered=487]
cnt=1 s0=fng (1678,2792)* [filtered=487]
cnt=1 s0=fng (1678,2792)* [filtered=487]
cnt=1 s0=fng (1678,2792)* [filtered=487]
cnt=1 s0=fng (1678,2792)* [filtered=487]
cnt=1 s0=fng (1678,2792)* [filtered=487]
cnt=1 s0=fng (1678,2792)* [filtered=487]
cnt=1 s0=fng (1678,2792)* [filtered=487]
cnt=1 s0=fng (1678,2792)* [filtered=487]
cnt=1 s0=fng (1678,2792)* [filtered=487]
cnt=1 s0=fng (1678,2792)* [filtered=487]
cnt=1 s0=fng (1678,2792)* [filtered=487]
cnt=1 s0=fng (1678,2792)* [filtered=487]
cnt=1 s0=fng (1678,2791)* [filtered=487]
cnt=1 s0=fng (1678,2791)* [filtered=487]
cnt=1 s0=fng (1678,2791)* [filtered=487]
cnt=1 s0=fng (1678,2790)* [filtered=487]
cnt=1 s0=fng (1678,2790)* [filtered=487]
cnt=1 s0=fng (1678,2790)* [filtered=487]
cnt=1 s0=fng (1678,2789)* [filtered=487]
cnt=1 s0=fng (1677,2788)* [filtered=487]
cnt=1 s0=fng (1676,2788)* [filtered=487]
cnt=1 s0=fng (1676,2787)* [filtered=487]
cnt=1 s0=fng (1676,2787)* [filtered=487]
cnt=1 s0=fng (1675,2787)* [filtered=487]
cnt=1 s0=fng (1675,2786)* [filtered=487]
cnt=1 s0=fng (1674,2785)* [filtered=487]
cnt=1 s0=fng (1674,2785)* [filtered=487]
cnt=1 s0=fng (1674,2785)* [filtered=487]
cnt=1 s0=fng (1673,2785)* [filtered=487]
cnt=1 s0=fng (1673,2785)* [filtered=487]
cnt=1 s0=fng (1672,2785)* [filtered=487]
cnt=1 s0=fng (1671,2785)* [filtered=487]
cnt=1 s0=fng (1671,2785)* [filtered=487]
cnt=1 s0=fng (1671,2785)* [filtered=487]
cnt=1 s0=fng (1670,2785)* [filtered=487]
cnt=1 s0=fng (1670,2785)* [filtered=487]
cnt=1 s0=fng (1670,2785)* [filtered=487]
cnt=1 s0=fng (1670,2785)* [filtered=487]
cnt=1 s0=fng (1670,2785)* [filtered=487]
cnt=1 s0=fng (1670,2785)* [filtered=487]
cnt=1 s0=fng (1670,2785)* [filtered=487]
cnt=1 s0=fng (1670,2785)* [filtered=487]
cnt=1 s0=fng (1670,2785)* [filtered=487]
cnt=1 s0=fng (1670,2785)* [filtered=487]
cnt=1 s0=fng (1671,2785)* [filtered=487]
cnt=1 s0=fng (1671,2785)* [filtered=487]
cnt=1 s0=fng (1671,2785)* [filtered=487]
cnt=1 s0=fng (1672,2785)* [filtered=487]
cnt=1 s0=fng (1673,2785)* [filtered=487]
cnt=1 s0=fng (1673,2785)* [filtered=487]
cnt=1 s0=fng (1673,2785)* [filtered=487]
cnt=1 s0=fng (1674,2785)* [filtered=487]
cnt=1 s0=fng (1674,2785)* [filtered=487]
cnt=1 s0=fng (1674,2785)* [filtered=487]
cnt=1 s0=fng (1675,2785)* [filtered=487]
cnt=1 s0=fng (1675,2785)* [filtered=487]
cnt=1 s0=fng (1675,2785)* [filtered=487]
cnt=1 s0=fng (1675,2785)* [filtered=487]
cnt=1 s0=fng (1675,2785)* [filtered=487]
cnt=1 s0=fng (1675,2784)* [filtered=487]
cnt=1 s0=fng (1675,2784)* [filtered=487]
cnt=1 s0=fng (1675,2784)* [filtered=487]
cnt=1 s0=fng (1675,2783)* [filtered=487]
cnt=1 s0=fng (1675,2783)* [filtered=487]
cnt=1 s0=fng (1675,2782)* [filtered=487]
cnt=1 s0=fng (1675,2782)* [filtered=487]
cnt=1 s0=fng (1675,2781)* [filtered=487]
cnt=1 s0=fng (1675,2781)* [filtered=487]
cnt=1 s0=fng (1675,2781)* [filtered=487]
cnt=1 s0=fng (1675,2781)* [filtered=487]
cnt=1 s0=fng (1675,2781)* [filtered=487]
cnt=1 s0=fng (1675,2781)* [filtered=487]
cnt=1 s0=fng (1675,2781)* [filtered=487]
cnt=1 s0=fng (1675,2781)* [filtered=487]
cnt=1 s0=fng (1675,2781)* [filtered=487]
cnt=1 s0=fng (1675,2781)* [filtered=487]
cnt=1 s0=fng (1675,2781)* [filtered=487]
cnt=1 s0=fng (1675,2781)* [filtered=487]
cnt=1 s0=fng (1674,2782)* [filtered=487]
cnt=1 s0=fng (1674,2782)* [filtered=487]
cnt=1 s0=fng (1674,2783)* [filtered=487]
cnt=1 s0=fng (1673,2783)* [filtered=487]
cnt=1 s0=fng (1673,2784)* [filtered=487]
cnt=1 s0=fng (1672,2785)* [filtered=487]
cnt=1 s0=fng (1672,2785)* [filtered=487]
cnt=1 s0=fng (1671,2786)* [filtered=487]
cnt=1 s0=fng (1671,2787)* [filtered=487]
cnt=1 s0=fng (1670,2788)* [filtered=487]
cnt=1 s0=fng (1670,2789)* [filtered=487]
cnt=1 s0=fng (1669,2790)* [filtered=487]
cnt=1 s0=fng (1667,2792) [filtered=487]
cnt=1 s0=fng (1665,2794) [filtered=487]
cnt=1 s0=fng (1662,2796) [filtered=487]
cnt=1 s0=fng (1661,2797) [filtered=487]
cnt=1 s0=fng (1657,2798) [filtered=487]
cnt=1 s0=fng (1653,2800) [filtered=487]
cnt=1 s0=fng (1649,2802) [filtered=487]
cnt=1 s0=fng (1210,2833) [filtered=487]
cnt=1 s0=fng (1210,2833) [filtered=487]
cnt=1 s0=fng (1210,2833) [filtered=487]
cnt=1 s0=fng (1210,2833) [filtered=487]
cnt=1 s0=fng (1210,2833) [filtered=487]
cnt=1 s0=fng (1210,2832) [filtered=487]
cnt=1 s0=fng (1210,2832) [filtered=487]
cnt=1 s0=fng (1210,2832) [filtered=487]
cnt=1 s0=fng (1210,2831) [filtered=487]
cnt=1 s0=fng (1210,2830) [filtered=487]
cnt=1 s0=fng (1210,2830) [filtered=487]
cnt=1 s0=fng (1210,2830) [filtered=487]
cnt=1 s0=fng (1210,2829) [filtered=487]
cnt=1 s0=fng (1210,2829) [filtered=487]
cnt=1 s0=fng (1210,2828) [filtered=487]
cnt=1 s0=fng (1210,2828) [filtered=487]
cnt=1 s0=fng (1210,2828) [filtered=487]
cnt=1 s0=fng (1210,2827) [filtered=487]
cnt=1 s0=fng (1210,2826) [filtered=487]
cnt=1 s0=fng (1210,2826) [filtered=487]
cnt=1 s0=fng (1210,2826)* [filtered=487]
cnt=1 s0=fng (1210,2825)* [filtered=487]
cnt=1 s0=fng (1210,2825)* [filtered=487]
cnt=1 s0=fng (1210,2824)* [filtered=487]
cnt=1 s0=fng (1210,2824)* [filtered=487]
cnt=1 s0=fng (1210,2824)* [filtered=487]
cnt=1 s0=fng (1210,2823)* [filtered=487]
cnt=1 s0=fng (1210,2823)* [filtered=487]
cnt=1 s0=fng (1210,2822)* [filtered=487]
cnt=1 s0=fng (1210,2822)* [filtered=487]
cnt=1 s0=fng (1210,2822)* [filtered=487]
cnt=1 s0=fng (1210,2821)* [filtered=487]
cnt=1 s0=fng (1210,2821)* [filtered=487]
cnt=1 s0=fng (1210,2820)* [filtered=487]
cnt=1 s0=fng (1210,2819)* [filtered=487]
cnt=1 s0=fng (1210,2819)* [filtered=487]
cnt=1 s0=fng (1210,2819)* [filtered=487]
cnt=1 s0=fng (1210,2819)* [filtered=487]
cnt=1 s0=fng (1210,2819)* [filtered=487]
cnt=1 s0=fng (1210,2819)* [filtered=487]
cnt=1 s0=fng (1210,2819)* [filtered=487]
cnt=1 s0=fng (1210,2819)* [filtered=487]
cnt=1 s0=fng (1210,2819)* [filtered=487]
cnt=1 s0=fng (1210,2819)* [filtered=487]
cnt=1 s0=fng (1210,2819)* [filtered=487]
cnt=1 s0=fng (1210,2819)* [filtered=487]
cnt=1 s0=fng (1210,2819)* [filtered=487]
cnt=1 s0=fng (1210,2819)* [filtered=487]
cnt=1 s0=fng (1210,2819)* [filtered=487]
cnt=1 s0=fng (1210,2819)* [filtered=487]
cnt=1 s0=fng (1210,2819)* [filtered=487]
cnt=1 s0=fng (1210,2819)* [filtered=487]
cnt=1 s0=fng (1210,2819)* [filtered=487]
cnt=1 s0=fng (1210,2819)* [filtered=487]
cnt=1 s0=fng (1210,2819)* [filtered=487]
cnt=1 s0=fng (1210,2819)* [filtered=487]
cnt=1 s0=fng (1210,2819)* [filtered=487]
cnt=1 s0=fng (1210,2819)* [filtered=487]
cnt=1 s0=fng (1210,2819)* [filtered=487]
cnt=1 s0=fng (1210,2819)* [filtered=487]
cnt=1 s0=fng (1210,2819)* [filtered=487]
cnt=1 s0=fng (1210,2819)* [filtered=487]
cnt=1 s0=fng (1210,2819)* [filtered=487]
cnt=1 s0=fng (1210,2819)* [filtered=487]
cnt=1 s0=fng (1210,2819)* [filtered=487]
cnt=1 s0=fng (1210,2819)* [filtered=487]
cnt=1 s0=fng (1210,2819)* [filtered=487]
cnt=1 s0=fng (1210,2819)* [filtered=487]
cnt=1 s0=fng (1210,2819)* [filtered=487]
cnt=1 s0=fng (1210,2819)* [filtered=487]
cnt=1 s0=fng (1210,2819)* [filtered=487]
cnt=1 s0=fng (1210,2819)* [filtered=487]
cnt=1 s0=fng (1210,2819)* [filtered=487]
cnt=1 s0=fng (1210,2819)* [filtered=487]
cnt=1 s0=fng (1210,2819)* [filtered=487]
cnt=1 s0=fng (1210,2819)* [filtered=487]
cnt=1 s0=fng (1210,2819)* [filtered=487]
cnt=1 s0=fng (1210,2819)* [filtered=487]
cnt=1 s0=fng (1210,2819)* [filtered=487]
cnt=1 s0=fng (1210,2819)* [filtered=487]
cnt=1 s0=fng (1210,2819)* [filtered=487]
cnt=1 s0=fng (1210,2819)* [filtered=487]
cnt=1 s0=fng (1210,2819)* [filtered=487]
cnt=1 s0=fng (1210,2819)* [filtered=487]
cnt=1 s0=fng (1210,2819)* [filtered=487]
cnt=1 s0=fng (1210,2819)* [filtered=487]
cnt=1 s0=fng (1210,2819)* [filtered=487]
cnt=1 s0=fng (1210,2819)* [filtered=487]
cnt=1 s0=fng (1210,2819)* [filtered=487]
cnt=1 s0=fng (1210,2819)* [filtered=487]
cnt=1 s0=fng (1210,2819)* [filtered=487]
cnt=1 s0=fng (1210,2819)* [filtered=487]
cnt=1 s0=fng (1210,2819)* [filtered=487]
cnt=1 s0=fng (1210,2819)* [filtered=487]
cnt=1 s0=fng (1210,2819)* [filtered=487]
cnt=1 s0=fng (1210,2819)* [filtered=487]
cnt=1 s0=fng (1210,2819)* [filtered=487]
cnt=1 s0=fng (1210,2819)* [filtered=487]
cnt=1 s0=fng (1210,2819)* [filtered=487]
cnt=1 s0=fng (1210,2819)* [filtered=487]
cnt=1 s0=fng (1210,2820)* [filtered=487]
cnt=1 s0=fng (1210,2820)* [filtered=487]
cnt=1 s0=fng (1210,2821)* [filtered=487]
cnt=1 s0=fng (1210,2821)* [filtered=487]
cnt=1 s0=fng (1210,2822)* [filtered=487]
cnt=1 s0=fng (1210,2822)* [filtered=487]
cnt=1 s0=fng (1210,2822)* [filtered=487]
cnt=1 s0=fng (1210,2823)* [filtered=487]
cnt=1 s0=fng (1210,2824)* [filtered=487]
cnt=1 s0=fng (1210,2824)* [filtered=487]
cnt=1 s0=fng (1210,2824)* [filtered=487]
cnt=1 s0=fng (1210,2824)* [filtered=487]
cnt=1 s0=fng (1210,2824)* [filtered=487]
cnt=1 s0=fng (1210,2824)* [filtered=487]
cnt=1 s0=fng (1210,2824)* [filtered=487]
cnt=1 s0=fng (1210,2824)* [filtered=487]
cnt=1 s0=fng (1210,2824)* [filtered=487]
cnt=1 s0=fng (1210,2824)* [filtered=487]
cnt=1 s0=fng (1210,2824)* [filtered=487]
cnt=1 s0=fng (1210,2824)* [filtered=487]
cnt=1 s0=fng (1210,2824)* [filtered=487]
cnt=1 s0=fng (1210,2824)* [filtered=487]
cnt=1 s0=fng (1210,2824)* [filtered=487]
cnt=1 s0=fng (1210,2824)* [filtered=487]
cnt=1 s0=fng (1209,2824)* [filtered=487]
cnt=1 s0=fng (1209,2824)* [filtered=487]
cnt=1 s0=fng (1209,2824)* [filtered=487]
cnt=1 s0=fng (1208,2824)* [filtered=487]
cnt=1 s0=fng (1207,2824)* [filtered=487]
cnt=1 s0=fng (1207,2824)* [filtered=487]
cnt=1 s0=fng (1207,2824)* [filtered=487]
cnt=1 s0=fng (1206,2824)* [filtered=487]
cnt=1 s0=fng (1206,2824)* [filtered=487]
cnt=1 s0=fng (1205,2824)* [filtered=487]
cnt=1 s0=fng (1205,2824)* [filtered=487]
cnt=1 s0=fng (1204,2824)* [filtered=487]
cnt=1 s0=fng (1204,2824)* [filtered=487]
cnt=1 s0=fng (1203,2824)* [filtered=487]
cnt=1 s0=fng (1202,2824)* [filtered=487]
cnt=1 s0=fng (1202,2824)* [filtered=487]
cnt=1 s0=fng (1201,2824)* [filtered=487]
cnt=1 s0=fng (1201,2824)* [filtered=487]
cnt=1 s0=fng (1200,2824)* [filtered=487]
cnt=1 s0=fng (1200,2824)* [filtered=487]
cnt=1 s0=fng (1200,2824)* [filtered=487]
cnt=1 s0=fng (1200,2824)* [filtered=487]
cnt=1 s0=fng (1200,2824)* [filtered=487]
cnt=1 s0=fng (1200,2824)* [filtered=487]
cnt=1 s0=fng (1200,2824)* [filtered=487]
cnt=1 s0=fng (1200,2824)* [filtered=487]
cnt=1 s0=fng (1200,2824)* [filtered=487]
cnt=1 s0=fng (1200,2824)* [filtered=487]
cnt=1 s0=fng (1200,2824)* [filtered=487]
cnt=1 s0=fng (1200,2824)* [filtered=487]
cnt=1 s0=fng (1200,2824)* [filtered=487]
cnt=1 s0=fng (1200,2824)* [filtered=487]
cnt=1 s0=fng (1200,2824)* [filtered=487]
cnt=1 s0=fng (1200,2824)* [filtered=487]
cnt=1 s0=fng (1200,2824)* [filtered=487]
cnt=1 s0=fng (1200,2824)* [filtered=487]
cnt=1 s0=fng (1200,2824)* [filtered=487]
cnt=1 s0=fng (1200,2824)* [filtered=487]
cnt=1 s0=fng (1200,2824)* [filtered=487]
cnt=1 s0=fng (1200,2824)* [filtered=487]
cnt=1 s0=fng (1200,2824)* [filtered=487]
cnt=1 s0=fng (1200,2824)* [filtered=487]
cnt=1 s0=fng (1200,2824)* [filtered=487]
cnt=1 s0=fng (1200,2824)* [filtered=487]
cnt=1 s0=fng (1200,2824)* [filtered=487]
cnt=1 s0=fng (1200,2824)* [filtered=487]
cnt=1 s0=fng (1200,2824)* [filtered=487]
cnt=1 s0=fng (1200,2824)* [filtered=487]
cnt=1 s0=fng (1200,2824)* [filtered=487]
cnt=1 s0=fng (1200,2824)* [filtered=487]
cnt=1 s0=fng (1200,2824)* [filtered=487]
cnt=1 s0=fng (1200,2824)* [filtered=487]
cnt=1 s0=fng (1200,2824)* [filtered=487]
cnt=1 s0=fng (1200,2824)* [filtered=487]
cnt=1 s0=fng (1200,2824)* [filtered=487]
cnt=1 s0=fng (1200,2824)* [filtered=487]
cnt=1 s0=fng (1200,2824)* [filtered=487]
cnt=1 s0=fng (1200,2824)* [filtered=487]
cnt=1 s0=fng (1200,2824)* [filtered=487]
cnt=1 s0=fng (1200,2824)* [filtered=487]
cnt=1 s0=fng (1200,2824)* [filtered=487]
cnt=1 s0=fng (1200,2824)* [filtered=487]
cnt=1 s0=fng (1200,2824)* [filtered=487]
cnt=1 s0=fng (1200,2824)* [filtered=487]
cnt=1 s0=fng (1200,2824)* [filtered=487]
cnt=1 s0=fng (1200,2824)* [filtered=487]
cnt=1 s0=fng (1200,2824)* [filtered=487]
cnt=1 s0=fng (1200,2824)* [filtered=487]
cnt=1 s0=fng (1200,2824)* [filtered=487]
cnt=1 s0=fng (1200,2824)* [filtered=487]
cnt=1 s0=fng (1201,2824)* [filtered=487]
cnt=1 s0=fng (1201,2824)* [filtered=487]
cnt=1 s0=fng (1201,2824)* [filtered=487]
cnt=1 s0=fng (1202,2824)* [filtered=487]
cnt=1 s0=fng (1202,2824)* [filtered=487]
cnt=1 s0=fng (1202,2824)* [filtered=487]
cnt=1 s0=fng (1202,2824)* [filtered=487]
cnt=1 s0=fng (1202,2824)* [filtered=487]
cnt=1 s0=fng (1203,2823)* [filtered=487]
cnt=1 s0=fng (1203,2822)* [filtered=487]
cnt=1 s0=fng (1203,2822)* [filtered=487]
cnt=1 s0=fng (1203,2822)* [filtered=487]
cnt=1 s0=fng (1203,2821)* [filtered=487]
cnt=1 s0=fng (1203,2821)* [filtered=487]
cnt=1 s0=fng (1203,2821)* [filtered=487]
cnt=1 s0=fng (1203,2821)* [filtered=487]
cnt=1 s0=fng (1203,2821)* [filtered=487]
cnt=1 s0=fng (1203,2821)* [filtered=487]
cnt=1 s0=fng (1203,2821)* [filtered=487]
cnt=1 s0=fng (1203,2821)* [filtered=487]
cnt=1 s0=fng (1203,2821)* [filtered=487]
cnt=1 s0=fng (1203,2821)* [filtered=487]
cnt=1 s0=fng (1203,2821)* [filtered=487]
cnt=1 s0=fng (1203,2821)* [filtered=487]
cnt=1 s0=fng (1203,2821)* [filtered=487]
cnt=1 s0=fng (1203,2821)* [filtered=487]
cnt=1 s0=fng (1203,2821)* [filtered=487]
cnt=1 s0=fng (1203,2821)* [filtered=487]
cnt=1 s0=fng (1203,2821)* [filtered=487]
cnt=1 s0=fng (1203,2821)* [filtered=487]
cnt=1 s0=fng (1203,2821)* [filtered=487]
cnt=1 s0=fng (1203,2821)* [filtered=487]
cnt=1 s0=fng (1203,2821)* [filtered=487]
cnt=1 s0=fng (1203,2821)* [filtered=487]
cnt=1 s0=fng (1203,2821)* [filtered=487]
cnt=1 s0=fng (1203,2821)* [filtered=487]
cnt=1 s0=fng (1203,2821)* [filtered=487]
cnt=1 s0=fng (1203,2821)* [filtered=487]
cnt=1 s0=fng (1203,2821)* [filtered=487]
cnt=1 s0=fng (1203,2821)* [filtered=487]
cnt=1 s0=fng (1203,2821)* [filtered=487]
cnt=1 s0=fng (1203,2821)* [filtered=487]
cnt=1 s0=fng (1203,2821)* [filtered=487]
cnt=1 s0=fng (1203,2821)* [filtered=487]
cnt=1 s0=fng (1203,2821)* [filtered=487]
cnt=1 s0=fng (1203,2821)* [filtered=487]
cnt=1 s0=fng (1203,2821)* [filtered=487]
cnt=1 s0=fng (1203,2821)* [filtered=487]
cnt=1 s0=fng (1203,2821)* [filtered=487]
cnt=1 s0=fng (1203,2821)* [filtered=487]
cnt=1 s0=fng (1203,2821)* [filtered=487]
cnt=1 s0=fng (1203,2821)* [filtered=487]
cnt=1 s0=fng (1203,2821)* [filtered=487]
cnt=1 s0=fng (1203,2821)* [filtered=487]
cnt=1 s0=fng (1203,2821)* [filtered=487]
cnt=1 s0=fng (1203,2821)* [filtered=487]
cnt=1 s0=fng (1203,2821)* [filtered=487]
cnt=1 s0=fng (1203,2821)* [filtered=487]
cnt=1 s0=fng (1203,2821)* [filtered=487]
cnt=1 s0=fng (1203,2821)* [filtered=487]
cnt=1 s0=fng (1203,2821)* [filtered=487]
cnt=1 s0=fng (1203,2821)* [filtered=487]
cnt=1 s0=fng (1203,2821)* [filtered=487]
cnt=1 s0=fng (1203,2821)* [filtered=487]
cnt=1 s0=fng (1203,2821)* [filtered=487]
cnt=1 s0=fng (1202,2821)* [filtered=487]
cnt=1 s0=fng (1202,2821)* [filtered=487]
cnt=1 s0=fng (1201,2821)* [filtered=487]
cnt=1 s0=fng (1201,2821)* [filtered=487]
cnt=1 s0=fng (1201,2822)* [filtered=487]
cnt=1 s0=fng (1201,2822)* [filtered=487]
cnt=1 s0=fng (1201,2823)* [filtered=487]
cnt=1 s0=fng (1201,2823)* [filtered=487]
cnt=1 s0=fng (1201,2824)* [filtered=487]
cnt=1 s0=fng (1201,2824)* [filtered=487]
cnt=1 s0=fng (1201,2824)* [filtered=487]
cnt=1 s0=fng (1201,2824)* [filtered=487]
cnt=1 s0=fng (1201,2824)* [filtered=487]
cnt=1 s0=fng (1201,2824)* [filtered=487]
cnt=1 s0=fng (1201,2824)* [filtered=487]
cnt=1 s0=fng (1201,2824)* [filtered=487]
cnt=1 s0=fng (1202,2824)* [filtered=487]
cnt=1 s0=fng (1202,2824)* [filtered=487]
cnt=1 s0=fng (1202,2824)* [filtered=487]
cnt=1 s0=fng (1203,2824)* [filtered=487]
cnt=1 s0=fng (1204,2824)* [filtered=487]
cnt=1 s0=fng (1204,2824)* [filtered=487]
cnt=1 s0=fng (1204,2824)* [filtered=487]
cnt=1 s0=fng (1205,2823)* [filtered=487]
cnt=1 s0=fng (1205,2822)* [filtered=487]
cnt=1 s0=fng (1206,2822)* [filtered=487]
cnt=1 s0=fng (1206,2822)* [filtered=487]
cnt=1 s0=fng (1206,2821)* [filtered=487]
cnt=1 s0=fng (1206,2821)* [filtered=487]
cnt=1 s0=fng (1206,2820)* [filtered=487]
cnt=1 s0=fng (1206,2819)* [filtered=487]
cnt=1 s0=fng (1206,2819)* [filtered=487]
cnt=1 s0=fng (1206,2819)* [filtered=487]
cnt=1 s0=fng (1206,2818)* [filtered=487]
cnt=1 s0=fng (1206,2818)* [filtered=487]
cnt=1 s0=fng (1206,2818)* [filtered=487]
cnt=1 s0=fng (1206,2818)* [filtered=487]
cnt=1 s0=fng (1206,2818)* [filtered=487]
cnt=1 s0=fng (1206,2818)* [filtered=487]
cnt=1 s0=fng (1206,2818)* [filtered=487]
cnt=1 s0=fng (1205,2818)* [filtered=487]
cnt=1 s0=fng (1205,2818)* [filtered=487]
cnt=1 s0=fng (1205,2818)* [filtered=487]
cnt=1 s0=fng (1204,2818)* [filtered=487]
cnt=1 s0=fng (1202,2818)* [filtered=487]
cnt=1 s0=fng (1200,2817)* [filtered=487]
cnt=1 s0=fng (1199,2817)* [filtered=487]
cnt=1 s0=fng (1198,2817)* [filtered=487]
cnt=1 s0=fng (4645,1401) [filtered=487]
cnt=1 s0=fng (4645,1401) [filtered=487]
cnt=1 s0=fng (4645,1401) [filtered=487]
cnt=1 s0=fng (4645,1401) [filtered=487]
cnt=1 s0=fng (4645,1401) [filtered=487]
cnt=1 s0=fng (4645,1401) [filtered=487]
cnt=1 s0=fng (4645,1401) [filtered=487]
cnt=1 s0=fng (4645,1401) [filtered=487]
cnt=1 s0=fng (4645,1401) [filtered=487]
cnt=1 s0=fng (4645,1401) [filtered=487]
cnt=1 s0=fng (4645,1401) [filtered=487]
cnt=1 s0=fng (4645,1401) [filtered=487]
cnt=1 s0=fng (4645,1401) [filtered=487]
cnt=1 s0=fng (4645,1401) [filtered=487]
cnt=1 s0=fng (4645,1401) [filtered=487]
cnt=1 s0=fng (4645,1401) [filtered=487]
cnt=1 s0=fng (4645,1401) [filtered=487]
cnt=1 s0=fng (4645,1401) [filtered=487]
cnt=1 s0=fng (4645,1401) [filtered=487]
cnt=1 s0=fng (4645,1401) [filtered=487]
cnt=1 s0=fng (4645,1401)* [filtered=487]
cnt=1 s0=fng (4645,1401)* [filtered=487]
cnt=1 s0=fng (4645,1401)* [filtered=487]
cnt=1 s0=fng (4645,1401)* [filtered=487]
cnt=1 s0=fng (4645,1401)* [filtered=487]
cnt=1 s0=fng (4645,1401)* [filtered=487]
cnt=1 s0=fng (4645,1401)* [filtered=487]
cnt=1 s0=fng (4645,1400)* [filtered=487]
cnt=1 s0=fng (4644,1400)* [filtered=487]
cnt=1 s0=fng (4643,1400)* [filtered=487]
cnt=1 s0=fng (4643,1400)* [filtered=487]
cnt=1 s0=fng (4642,1399)* [filtered=487]
cnt=1 s0=fng (4641,1399)* [filtered=487]
cnt=1 s0=fng (4639,1399)* [filtered=487]
cnt=1 s0=fng (4637,1399)* [filtered=487]
cnt=1 s0=fng (4636,1399)* [filtered=487]
cnt=1 s0=fng (4634,1399)* [filtered=487]
cnt=1 s0=fng (4632,1399)* [filtered=487]
cnt=1 s0=fng (4630,1399)* [filtered=487]
cnt=1 s0=fng (4629,1399)* [filtered=487]
cnt=1 s0=fng (4627,1399)* [filtered=487]
cnt=1 s0=fng (4625,1399)* [filtered=487]
cnt=1 s0=fng (4623,1399)* [filtered=487]
cnt=1 s0=fng (4621,1399)* [filtered=487]
cnt=1 s0=fng (4620,1399)* [filtered=487]
cnt=1 s0=fng (4619,1399)* [filtered=487]
cnt=1 s0=fng (4618,1399)* [filtered=487]
cnt=1 s0=fng (4617,1399)* [filtered=487]
cnt=1 s0=fng (4616,1399)* [filtered=487]
cnt=1 s0=fng (4615,1399)* [filtered=487]
cnt=1 s0=fng (4614,1399)* [filtered=487]
cnt=1 s0=fng (4613,1399)* [filtered=487]
cnt=1 s0=fng (4612,1399)* [filtered=487]
cnt=1 s0=fng (4611,1399)* [filtered=487]
cnt=1 s0=fng (4610,1399)* [filtered=487]
cnt=1 s0=fng (4609,1399)* [filtered=487]
cnt=1 s0=fng (4608,1399)* [filtered=487]
cnt=1 s0=fng (4607,1399)* [filtered=487]
cnt=1 s0=fng (4607,1399)* [filtered=487]
cnt=1 s0=fng (4607,1399)* [filtered=487]
cnt=1 s0=fng (4607,1399)* [filtered=487]
cnt=1 s0=fng (4607,1399)* [filtered=487]
cnt=1 s0=fng (4607,1399)* [filtered=487]
cnt=1 s0=fng (4607,1399)* [filtered=487]
cnt=1 s0=fng (4607,1399)* [filtered=487]
cnt=1 s0=fng (4607,1399)* [filtered=487]
cnt=1 s0=fng (4607,1399)* [filtered=487]
cnt=1 s0=fng (4607,1399)* [filtered=487]
cnt=1 s0=fng (4607,1399)* [filtered=487]
cnt=1 s0=fng (4607,1399)* [filtered=487]
cnt=1 s0=fng (4607,1399)* [filtered=487]
cnt=1 s0=fng (4607,1399)* [filtered=487]
cnt=1 s0=fng (4607,1399)* [filtered=487]
cnt=1 s0=fng (4607,1399)* [filtered=487]
cnt=1 s0=fng (4607,1399)* [filtered=487]
cnt=1 s0=fng (4607,1399)* [filtered=487]
cnt=1 s0=fng (4607,1399)* [filtered=487]
cnt=1 s0=fng (4607,1399)* [filtered=487]
cnt=1 s0=fng (4607,1399)* [filtered=487]
cnt=1 s0=fng (4607,1399)* [filtered=487]
cnt=1 s0=fng (4607,1399)* [filtered=487]
cnt=1 s0=fng (4607,1399)* [filtered=487]
cnt=1 s0=fng (4607,1399)* [filtered=487]
cnt=1 s0=fng (4607,1399)* [filtered=487]
cnt=1 s0=fng (4607,1399)* [filtered=487]
cnt=1 s0=fng (4607,1399)* [filtered=487]
cnt=1 s0=fng (4606,1399)* [filtered=487]
cnt=1 s0=fng (4606,1399)* [filtered=487]
cnt=1 s0=fng (4605,1399)* [filtered=487]
cnt=1 s0=fng (4605,1399)* [filtered=487]
cnt=1 s0=fng (4604,1399)* [filtered=487]
cnt=1 s0=fng (4603,1399)* [filtered=487]
cnt=1 s0=fng (4603,1399)* [filtered=487]
cnt=1 s0=fng (4602,1399)* [filtered=487]
cnt=1 s0=fng (4601,1399)* [filtered=487]
cnt=1 s0=fng (4600,1399)* [filtered=487]
cnt=1 s0=fng (4600,1399)* [filtered=487]
cnt=1 s0=fng (4600,1399)* [filtered=487]
cnt=1 s0=fng (4600,1399)* [filtered=487]
cnt=1 s0=fng (4600,1399)* [filtered=487]
cnt=1 s0=fng (4600,1400)* [filtered=487]
cnt=1 s0=fng (4600,1400)* [filtered=487]
cnt=1 s0=fng (4600,1400)* [filtered=487]
cnt=1 s0=fng (4600,1401)* [filtered=487]
cnt=1 s0=fng (4600,1401)* [filtered=487]
cnt=1 s0=fng (4601,1402)* [filtered=487]
cnt=1 s0=fng (4601,1402)* [filtered=487]
cnt=1 s0=fng (4602,1403)* [filtered=487]
cnt=1 s0=fng (4603,1404)* [filtered=487]
cnt=1 s0=fng (4604,1405)* [filtered=487]
cnt=1 s0=fng (4606,1407) [filtered=487]
cnt=1 s0=fng (4607,1408) [filtered=487]
cnt=1 s0=fng (4608,1410) [filtered=487]
cnt=1 s0=fng (4609,1412) [filtered=487]
cnt=1 s0=fng (4611,1414) [filtered=487]
cnt=1 s0=fng (4612,1415) [filtered=487]
cnt=1 s0=fng (4614,1417) [filtered=487]
cnt=1 s0=fng (4616,1419) [filtered=487]
cnt=1 s0=fng (4668,1461) [filtered=487]
cnt=1 s0=fng (4667,1461) [filtered=487]
cnt=1 s0=fng (4666,1460) [filtered=487]
cnt=1 s0=fng (4664,1460) [filtered=487]
cnt=1 s0=fng (4663,1460) [filtered=487]
cnt=1 s0=fng (4661,1459) [filtered=487]
cnt=1 s0=fng (4657,1458) [filtered=487]
cnt=1 s0=fng (4653,1458) [filtered=487]
cnt=1 s0=fng (4651,1458) [filtered=487]
cnt=1 s0=fng (4647,1457) [filtered=487]
cnt=1 s0=fng (4643,1457) [filtered=487]
cnt=1 s0=fng (4639,1456) [filtered=487]
cnt=1 s0=fng (4636,1456) [filtered=487]
cnt=1 s0=fng (4634,1456) [filtered=487]
cnt=1 s0=fng (4633,1455) [filtered=487]
cnt=1 s0=fng (4631,1454) [filtered=487]
cnt=1 s0=fng (4629,1454) [filtered=487]
cnt=1 s0=fng (4627,1453) [filtered=487]
cnt=1 s0=fng (4626,1453) [filtered=487]
cnt=1 s0=fng (4624,1453) [filtered=487]
cnt=1 s0=fng (4622,1453) [filtered=487]
cnt=1 s0=fng (4620,1453) [filtered=487]
cnt=1 s0=fng (4618,1453) [filtered=487]
cnt=1 s0=fng (4617,1453) [filtered=487]
cnt=1 s0=fng (4615,1453) [filtered=487]
cnt=1 s0=fng (4613,1453) [filtered=487]
cnt=1 s0=fng (4610,1453) [filtered=487]
cnt=1 s0=fng (4608,1453) [filtered=487]
cnt=1 s0=fng (4605,1453) [filtered=487]
cnt=1 s0=fng (4602,1453) [filtered=487]
cnt=1 s0=fng (4602,1454) [filtered=487]
cnt=1 s0=fng (4601,1454)* [filtered=487]
cnt=1 s0=fng (4601,1454)* [filtered=487]
cnt=1 s0=fng (4603,1455)* [filtered=487]
cnt=1 s0=fng (4605,1456)* [filtered=487]
cnt=1 s0=fng (4609,1458) [filtered=487]
cnt=1 s0=fng (4614,1462) [filtered=487]
cnt=1 s0=fng (4618,1464) [filtered=487]
cnt=1 s0=fng (4623,1468) [filtered=487]
cnt=1 s0=fng (4628,1472) [filtered=487]
cnt=1 s0=fng (870,39) [filtered=487]
cnt=1 s0=fng (870,39) [filtered=487]
cnt=1 s0=fng (870,39) [filtered=487]
cnt=1 s0=fng (870,39) [filtered=487]
cnt=1 s0=fng (870,39) [filtered=487]
cnt=1 s0=fng (870,39) [filtered=487]
cnt=1 s0=fng (870,39) [filtered=487]
cnt=1 s0=fng (870,39) [filtered=487]
cnt=1 s0=fng (870,39) [filtered=487]
cnt=1 s0=fng (870,39) [filtered=487]
cnt=1 s0=fng (870,39) [filtered=487]
cnt=1 s0=fng (870,39) [filtered=487]
cnt=1 s0=fng (870,39) [filtered=487]
cnt=1 s0=fng (870,39) [filtered=487]
cnt=1 s0=fng (870,39) [filtered=487]
cnt=1 s0=fng (870,39) [filtered=487]
cnt=1 s0=fng (869,39) [filtered=487]
cnt=1 s0=fng (869,39) [filtered=487]
cnt=1 s0=fng (869,39) [filtered=487]
cnt=1 s0=fng (868,39) [filtered=487]
cnt=1 s0=fng (868,39)* [filtered=487]
cnt=1 s0=fng (4728,1501) [filtered=487]
cnt=1 s0=fng (4728,1501) [filtered=487]
cnt=1 s0=fng (4728,1501) [filtered=487]
cnt=1 s0=fng (4728,1501) [filtered=487]
cnt=1 s0=fng (4728,1501) [filtered=487]
cnt=1 s0=fng (4728,1501) [filtered=487]
cnt=1 s0=fng (4728,1500) [filtered=487]
cnt=1 s0=fng (4728,1500) [filtered=487]
cnt=1 s0=fng (4728,1500) [filtered=487]
cnt=1 s0=fng (4728,1500) [filtered=487]
cnt=1 s0=fng (4728,1500) [filtered=487]
cnt=1 s0=fng (4728,1500) [filtered=487]
cnt=1 s0=fng (4728,1500) [filtered=487]
cnt=1 s0=fng (953,20) [filtered=487]
cnt=1 s0=fng (953,20) [filtered=487]
cnt=1 s0=fng (952,20) [filtered=487]
cnt=1 s0=fng (952,20) [filtered=487]
cnt=1 s0=fng (951,20) [filtered=487]
cnt=1 s0=fng (951,20) [filtered=487]
cnt=1 s0=fng (950,20) [filtered=487]
cnt=1 s0=fng (950,20) [filtered=487]
cnt=1 s0=fng (949,20) [filtered=487]
cnt=1 s0=fng (948,20) [filtered=487]
cnt=1 s0=fng (948,20) [filtered=487]
cnt=1 s0=fng (947,20) [filtered=487]
cnt=1 s0=fng (946,20) [filtered=487]
cnt=1 s0=fng (4728,1474) [filtered=487]
cnt=1 s0=fng (4728,1474) [filtered=487]
cnt=1 s0=fng (4728,1474) [filtered=487]
cnt=1 s0=fng (4728,1474) [filtered=487]
cnt=1 s0=fng (4728,1474) [filtered=487]
cnt=1 s0=fng (4728,1474) [filtered=487]
cnt=1 s0=fng (4728,1474) [filtered=487]
cnt=1 s0=fng (4728,1474) [filtered=487]
cnt=1 s0=fng (4728,1474) [filtered=487]
cnt=1 s0=fng (4728,1474) [filtered=487]
cnt=1 s0=fng (4728,1474) [filtered=487]
cnt=1 s0=fng (4728,1474) [filtered=487]
cnt=1 s0=fng (4728,1474) [filtered=487]
cnt=1 s0=fng (4728,1474) [filtered=487]
cnt=1 s0=fng (4728,1474) [filtered=487]
cnt=1 s0=fng (4728,1474) [filtered=487]
cnt=1 s0=fng (4728,1474) [filtered=487]
cnt=1 s0=fng (4728,1474) [filtered=487]
cnt=1 s0=fng (4728,1474) [filtered=487]
cnt=1 s0=fng (4728,1474) [filtered=487]
cnt=1 s0=fng (4728,1474)* [filtered=487]
cnt=1 s0=fng (4728,1474)* [filtered=487]
cnt=1 s0=fng (4728,1474)* [filtered=487]
cnt=1 s0=fng (4728,1474)* [filtered=487]
cnt=1 s0=fng (4728,1474)* [filtered=487]
cnt=1 s0=fng (4728,1474)* [filtered=487]
cnt=1 s0=fng (4727,1474)* [filtered=487]
cnt=1 s0=fng (4727,1474)* [filtered=487]
cnt=1 s0=fng (4727,1474)* [filtered=487]
cnt=1 s0=fng (4727,1474)* [filtered=487]
cnt=1 s0=fng (4726,1474)* [filtered=487]
cnt=1 s0=fng (4725,1474)* [filtered=487]
cnt=1 s0=fng (4725,1474)* [filtered=487]
cnt=1 s0=fng (4725,1474)* [filtered=487]
cnt=1 s0=fng (4725,1474)* [filtered=487]
cnt=1 s0=fng (4725,1474)* [filtered=487]
cnt=1 s0=fng (4725,1474)* [filtered=487]
cnt=1 s0=fng (4725,1474)* [filtered=487]
cnt=1 s0=fng (4725,1474)* [filtered=487]
cnt=1 s0=fng (4725,1474)* [filtered=487]
cnt=1 s0=fng (4725,1474)* [filtered=487]
cnt=1 s0=fng (4725,1474)* [filtered=487]
cnt=1 s0=fng (4725,1474)* [filtered=487]
cnt=1 s0=fng (4725,1474)* [filtered=487]
cnt=1 s0=fng (4725,1474)* [filtered=487]
cnt=1 s0=fng (4725,1474)* [filtered=487]
cnt=1 s0=fng (4725,1474)* [filtered=487]
cnt=1 s0=fng (4725,1474)* [filtered=487]
cnt=1 s0=fng (4724,1474)* [filtered=487]
cnt=1 s0=fng (4723,1474)* [filtered=487]
cnt=1 s0=fng (4722,1473)* [filtered=487]
cnt=1 s0=fng (4722,1473)* [filtered=487]
cnt=1 s0=fng (4721,1473)* [filtered=487]
cnt=1 s0=fng (4719,1472)* [filtered=487]
cnt=1 s0=fng (4717,1471)* [filtered=487]
cnt=1 s0=fng (4714,1470) [filtered=487]
cnt=1 s0=fng (4713,1470) [filtered=487]
cnt=1 s0=fng (4710,1469) [filtered=487]
cnt=1 s0=fng (4706,1468) [filtered=487]
cnt=1 s0=fng (4701,1467) [filtered=487]
cnt=1 s0=fng (4696,1466) [filtered=487]
cnt=1 s0=fng (4690,1465) [filtered=487]
cnt=1 s0=fng (4684,1464) [filtered=487]
cnt=1 s0=fng (4678,1463) [filtered=487]
cnt=1 s0=fng (4672,1462) [filtered=487]
cnt=1 s0=fng (4667,1461) [filtered=487]
cnt=1 s0=fng (4662,1460) [filtered=487]
cnt=1 s0=fng (4657,1459) [filtered=487]
cnt=1 s0=fng (4653,1458) [filtered=487]
cnt=1 s0=fng (4650,1457) [filtered=487]
cnt=1 s0=fng (4648,1457) [filtered=487]
cnt=1 s0=fng (4646,1456) [filtered=487]
cnt=1 s0=fng (4644,1456) [filtered=487]
cnt=1 s0=fng (4642,1456) [filtered=487]
cnt=1 s0=fng (4641,1456) [filtered=487]
cnt=1 s0=fng (4640,1456) [filtered=487]
cnt=1 s0=fng (4639,1456) [filtered=487]
cnt=1 s0=fng (4639,1456) [filtered=487]
cnt=1 s0=fng (4639,1457) [filtered=487]
cnt=1 s0=fng (4639,1457) [filtered=487]
cnt=1 s0=fng (4639,1458) [filtered=487]
cnt=1 s0=fng (4640,1459) [filtered=487]
cnt=1 s0=fng (4641,1460) [filtered=487]
cnt=1 s0=fng (4643,1462) [filtered=487]
cnt=1 s0=fng (4644,1463) [filtered=487]
cnt=1 s0=fng (4646,1465) [filtered=487]
cnt=1 s0=fng (4650,1468) [filtered=487]
cnt=1 s0=fng (4655,1471) [filtered=487]
cnt=1 s0=fng (4659,1475) [filtered=487]
cnt=1 s0=fng (4662,1477) [filtered=487]
cnt=1 s0=fng (4710,1628) [filtered=487]
cnt=1 s0=fng (4710,1628) [filtered=487]
cnt=1 s0=fng (4709,1627) [filtered=487]
cnt=1 s0=fng (4707,1626) [filtered=487]
cnt=1 s0=fng (4704,1623) [filtered=487]
cnt=1 s0=fng (4702,1621) [filtered=487]
cnt=1 s0=fng (4697,1617) [filtered=487]
cnt=1 s0=fng (4691,1613) [filtered=487]
cnt=1 s0=fng (4685,1609) [filtered=487]
cnt=1 s0=fng (4680,1605) [filtered=487]
cnt=1 s0=fng (4676,1602) [filtered=487]
cnt=1 s0=fng (4672,1598) [filtered=487]
cnt=1 s0=fng (4671,1596) [filtered=487]
cnt=1 s0=fng (4671,1595) [filtered=487]
cnt=1 s0=fng (4671,1594) [filtered=487]
cnt=1 s0=fng (4671,1594) [filtered=487]
cnt=1 s0=fng (4672,1594) [filtered=487]
cnt=1 s0=fng (4675,1597) [filtered=487]
cnt=1 s0=fng (4678,1600) [filtered=487]
cnt=1 s0=fng (4682,1603) [filtered=487]
cnt=1 s0=fng (4684,1604) [filtered=487]
cnt=1 s0=fng (4729,1655) [filtered=487]
cnt=1 s0=fng (4729,1654) [filtered=487]
cnt=1 s0=fng (4729,1653) [filtered=487]
cnt=1 s0=fng (4729,1653) [filtered=487]
cnt=1 s0=fng (4729,1652) [filtered=487]
cnt=1 s0=fng (4729,1651) [filtered=487]
cnt=1 s0=fng (4729,1649) [filtered=487]
cnt=1 s0=fng (4729,1647) [filtered=487]
cnt=1 s0=fng (4729,1646) [filtered=487]
cnt=1 s0=fng (4728,1645) [filtered=487]
cnt=1 s0=fng (4728,1643) [filtered=487]
cnt=1 s0=fng (4727,1639) [filtered=487]
cnt=1 s0=fng (4726,1634) [filtered=487]
cnt=1 s0=fng (4725,1631) [filtered=487]
cnt=1 s0=fng (4724,1627) [filtered=487]
cnt=1 s0=fng (4723,1623) [filtered=487]
cnt=1 s0=fng (4723,1619) [filtered=487]
cnt=1 s0=fng (4723,1616) [filtered=487]
cnt=1 s0=fng (4723,1613) [filtered=487]
cnt=1 s0=fng (4723,1610) [filtered=487]
cnt=1 s0=fng (4723,1607) [filtered=487]
cnt=1 s0=fng (4723,1605) [filtered=487]
cnt=1 s0=fng (4723,1604) [filtered=487]
cnt=1 s0=fng (4723,1603) [filtered=487]
cnt=1 s0=fng (4723,1602) [filtered=487]
cnt=1 s0=fng (4723,1601) [filtered=487]
cnt=1 s0=fng (4723,1600) [filtered=487]
cnt=1 s0=fng (4723,1600) [filtered=487]
cnt=1 s0=fng (4723,1601) [filtered=487]
cnt=1 s0=fng (4723,1602) [filtered=487]
cnt=1 s0=fng (4723,1603) [filtered=487]
cnt=1 s0=fng (4723,1604) [filtered=487]
cnt=1 s0=fng (4723,1606) [filtered=487]
cnt=1 s0=fng (4723,1608) [filtered=487]
cnt=1 s0=fng (4724,1610) [filtered=487]
cnt=1 s0=fng (4724,1611) [filtered=487]
cnt=1 s0=fng (4724,1613)* [filtered=487]
cnt=1 s0=fng (4724,1616)* [filtered=487]
cnt=1 s0=fng (4724,1619)* [filtered=487]
cnt=2 s0=PALM(4725,1622) s1=fng (848,28) [filtered=488]
cnt=2 s0=PALM(4725,1624) s1=fng (848,28) [filtered=489]
cnt=2 s0=PALM(4726,1628) s1=fng (848,28) [filtered=490]
cnt=2 s0=PALM(4727,1631) s1=fng (848,28) [filtered=491]
cnt=2 s0=PALM(4728,1634) s1=fng (848,28) [filtered=492]
cnt=2 s0=PALM(4729,1636) s1=fng (848,28) [filtered=493]
cnt=2 s0=PALM(4730,1637) s1=fng (848,28) [filtered=494]
cnt=2 s0=PALM(4731,1638) s1=fng (848,28) [filtered=495]
cnt=2 s0=PALM(4731,1639) s1=fng (848,28) [filtered=496]
cnt=2 s0=PALM(4731,1640) s1=fng (848,28) [filtered=497]
cnt=2 s0=PALM(4731,1641) s1=fng (848,28) [filtered=498]
cnt=2 s0=PALM(4731,1642) s1=fng (848,28) [filtered=499]
cnt=1 s1=fng (848,28) [filtered=499]
cnt=1 s1=fng (848,28) [filtered=499]
cnt=1 s1=fng (848,28) [filtered=499]
cnt=1 s1=fng (848,28) [filtered=499]
cnt=1 s1=fng (848,28) [filtered=499]
cnt=1 s1=fng (848,28) [filtered=499]
cnt=2 s0=PALM(4723,1605) s1=fng (848,28) [filtered=500]
cnt=2 s0=PALM(4723,1605) s1=fng (848,28) [filtered=501]
cnt=2 s0=PALM(4723,1605) s1=PALM(848,28)* [filtered=502]
cnt=2 s0=PALM(4723,1605) s1=PALM(847,28)* [filtered=503]
cnt=1 s0=fng (4723,1604) [filtered=503]
cnt=1 s0=fng (4723,1603) [filtered=503]
cnt=1 s0=fng (4723,1602) [filtered=503]
cnt=1 s0=fng (4723,1601) [filtered=503]
cnt=1 s0=fng (4723,1600) [filtered=503]
cnt=1 s0=fng (4723,1599) [filtered=503]
cnt=1 s0=fng (4723,1598) [filtered=503]
cnt=1 s0=fng (4723,1597) [filtered=503]
cnt=1 s0=fng (4723,1596) [filtered=503]
cnt=1 s0=fng (4723,1595) [filtered=503]
cnt=1 s0=fng (4723,1594) [filtered=503]
cnt=1 s0=fng (4723,1592) [filtered=503]
cnt=1 s0=fng (4723,1591) [filtered=503]
cnt=1 s0=fng (4723,1590) [filtered=503]
cnt=1 s0=fng (4723,1589) [filtered=503]
cnt=1 s0=fng (4723,1587) [filtered=503]
cnt=1 s0=fng (4723,1585)* [filtered=503]
cnt=1 s0=fng (4723,1584)* [filtered=503]
cnt=1 s0=fng (4722,1582)* [filtered=503]
cnt=1 s0=fng (4721,1580)* [filtered=503]
cnt=1 s0=fng (4720,1578)* [filtered=503]
cnt=1 s0=fng (4720,1577)* [filtered=503]
cnt=1 s0=fng (4718,1574) [filtered=503]
cnt=1 s0=fng (4715,1570) [filtered=503]
cnt=1 s0=fng (4710,1565) [filtered=503]
cnt=1 s0=fng (4705,1560) [filtered=503]
cnt=1 s0=fng (4702,1556) [filtered=503]
cnt=1 s0=fng (4697,1551) [filtered=503]
cnt=1 s0=fng (4691,1546) [filtered=503]
cnt=1 s0=fng (4685,1540) [filtered=503]
cnt=1 s0=fng (4678,1534) [filtered=503]
cnt=1 s0=fng (4672,1529) [filtered=503]
cnt=1 s0=fng (4666,1524) [filtered=503]
cnt=1 s0=fng (4660,1520) [filtered=503]
cnt=1 s0=fng (4653,1516) [filtered=503]
cnt=1 s0=fng (4646,1513) [filtered=503]
cnt=1 s0=fng (4639,1510) [filtered=503]
cnt=1 s0=fng (4632,1506) [filtered=503]
cnt=1 s0=fng (4625,1503) [filtered=503]
cnt=1 s0=fng (4618,1500) [filtered=503]
cnt=1 s0=fng (4611,1498) [filtered=503]
cnt=1 s0=fng (4604,1496) [filtered=503]
cnt=1 s0=fng (4599,1494) [filtered=503]
cnt=1 s0=fng (4594,1492) [filtered=503]
cnt=1 s0=fng (4589,1491) [filtered=503]
cnt=1 s0=fng (4585,1490) [filtered=503]
cnt=1 s0=fng (4580,1489) [filtered=503]
cnt=1 s0=fng (4576,1488) [filtered=503]
cnt=1 s0=fng (4572,1487) [filtered=503]
cnt=1 s0=fng (4569,1487) [filtered=503]
cnt=1 s0=fng (4566,1486) [filtered=503]
cnt=1 s0=fng (4564,1486) [filtered=503]
cnt=1 s0=fng (4562,1485) [filtered=503]
cnt=1 s0=fng (4561,1484) [filtered=503]
cnt=1 s0=fng (4560,1484) [filtered=503]
cnt=1 s0=fng (4559,1484) [filtered=503]
cnt=1 s0=fng (4558,1483) [filtered=503]
cnt=1 s0=fng (4557,1483) [filtered=503]
cnt=1 s0=fng (4556,1483) [filtered=503]
cnt=1 s0=fng (4556,1483) [filtered=503]
cnt=1 s0=fng (4556,1483) [filtered=503]
cnt=1 s0=fng (4556,1483) [filtered=503]
cnt=1 s0=fng (4557,1484) [filtered=503]
cnt=1 s0=fng (4557,1484) [filtered=503]
cnt=1 s0=fng (4558,1485) [filtered=503]
cnt=1 s0=fng (4560,1486) [filtered=503]
cnt=1 s0=fng (4563,1488) [filtered=503]
cnt=1 s0=fng (4567,1491) [filtered=503]
cnt=1 s0=fng (4569,1493) [filtered=503]
cnt=1 s0=fng (4573,1497) [filtered=503]
cnt=1 s0=fng (4578,1502) [filtered=503]
cnt=1 s0=fng (4583,1509) [filtered=503]
cnt=1 s0=fng (4588,1518) [filtered=503]
cnt=1 s0=fng (4594,1526) [filtered=503]
cnt=1 s0=fng (4594,1526) [filtered=503]
cnt=1 s0=fng (4762,1716) [filtered=503]
cnt=1 s0=fng (4762,1716) [filtered=503]
cnt=1 s0=fng (4762,1716) [filtered=503]
cnt=1 s0=fng (4762,1716) [filtered=503]
cnt=2 s0=PALM(4762,1715) s1=fng (972,33) [filtered=504]
cnt=2 s0=PALM(4762,1714) s1=fng (972,33) [filtered=505]
cnt=2 s0=PALM(4762,1714) s1=fng (972,33) [filtered=506]
cnt=2 s0=PALM(4762,1714) s1=fng (972,33) [filtered=507]
cnt=2 s0=PALM(4762,1713) s1=fng (972,33) [filtered=508]
cnt=2 s0=PALM(4762,1713) s1=fng (973,33) [filtered=509]
cnt=2 s0=PALM(4762,1712) s1=fng (974,33) [filtered=510]
cnt=2 s0=PALM(4762,1712) s1=fng (974,33) [filtered=511]
cnt=2 s0=PALM(4762,1712) s1=fng (975,33) [filtered=512]
cnt=2 s0=PALM(4762,1712) s1=fng (976,33) [filtered=513]
cnt=2 s0=PALM(4762,1712) s1=fng (977,33) [filtered=514]
cnt=2 s0=PALM(4762,1712) s1=fng (977,33) [filtered=515]
cnt=2 s0=PALM(4762,1711) s1=fng (978,33) [filtered=516]
cnt=2 s0=PALM(4762,1711) s1=fng (979,33) [filtered=517]
cnt=2 s0=PALM(4762,1711) s1=fng (981,33) [filtered=518]
cnt=2 s0=PALM(4762,1711) s1=fng (982,33) [filtered=519]
cnt=2 s0=PALM(4762,1711)* s1=fng (983,33) [filtered=520]
cnt=2 s0=PALM(4762,1711)* s1=fng (984,33) [filtered=521]
cnt=2 s0=PALM(4762,1711)* s1=fng (985,33) [filtered=522]
cnt=2 s0=PALM(4762,1711)* s1=fng (986,33) [filtered=523]
cnt=2 s0=PALM(4762,1711)* s1=PALM(987,33)* [filtered=524]
cnt=2 s0=PALM(4762,1711)* s1=PALM(988,33)* [filtered=525]
cnt=2 s0=PALM(4762,1711)* s1=PALM(988,33)* [filtered=526]
cnt=1 s0=fng (4762,1711)* [filtered=526]
cnt=1 s0=fng (4762,1711)* [filtered=526]
cnt=1 s0=fng (4762,1711)* [filtered=526]
cnt=1 s0=fng (4762,1711)* [filtered=526]
cnt=1 s0=fng (4762,1711)* [filtered=526]
cnt=1 s0=fng (4762,1711)* [filtered=526]
cnt=1 s0=fng (4762,1711)* [filtered=526]
cnt=1 s0=fng (4762,1711)* [filtered=526]
cnt=1 s0=fng (4762,1711)* [filtered=526]
cnt=1 s0=fng (4762,1711)* [filtered=526]
cnt=1 s0=fng (4762,1711)* [filtered=526]
cnt=1 s0=fng (4762,1711)* [filtered=526]
cnt=1 s0=fng (4762,1711)* [filtered=526]
cnt=1 s0=fng (4762,1711)* [filtered=526]
cnt=1 s0=fng (4762,1711)* [filtered=526]
cnt=1 s0=fng (4762,1711)* [filtered=526]
cnt=1 s0=fng (4762,1712)* [filtered=526]
cnt=1 s0=fng (4762,1712)* [filtered=526]
cnt=1 s0=fng (4762,1712)* [filtered=526]
cnt=1 s0=fng (4762,1712)* [filtered=526]
cnt=1 s0=fng (4762,1713)* [filtered=526]
cnt=1 s0=fng (4762,1713)* [filtered=526]
cnt=1 s0=fng (4762,1713)* [filtered=526]
cnt=1 s0=fng (4762,1714)* [filtered=526]
cnt=1 s0=fng (4762,1715)* [filtered=526]
cnt=1 s0=fng (4762,1716)* [filtered=526]
cnt=1 s0=fng (4762,1716)* [filtered=526]
cnt=1 s0=fng (4762,1717)* [filtered=526]
cnt=1 s0=fng (4762,1718)* [filtered=526]
cnt=1 s0=fng (4762,1719)* [filtered=526]
cnt=1 s0=fng (4762,1720)* [filtered=526]
cnt=1 s0=fng (4762,1720)* [filtered=526]
cnt=2 s0=PALM(4762,1721)* s1=fng (897,42) [filtered=527]
cnt=2 s0=PALM(4762,1723)* s1=fng (897,42) [filtered=528]
cnt=2 s0=PALM(4762,1726)* s1=fng (898,42) [filtered=529]
cnt=2 s0=PALM(4762,1727)* s1=fng (898,42) [filtered=530]
cnt=2 s0=PALM(4762,1730)* s1=fng (898,42) [filtered=531]
cnt=2 s0=PALM(4762,1733)* s1=fng (899,42) [filtered=532]
cnt=2 s0=PALM(4762,1735)* s1=fng (899,42) [filtered=533]
cnt=2 s0=PALM(4762,1738)* s1=fng (899,42) [filtered=534]
cnt=2 s0=PALM(4762,1739)* s1=fng (899,42) [filtered=535]
cnt=1 s1=fng (899,42) [filtered=535]
cnt=2 s0=PALM(4762,1755) s1=fng (899,42) [filtered=536]
cnt=2 s0=PALM(4762,1755) s1=fng (899,42) [filtered=537]
cnt=2 s0=PALM(4762,1755) s1=fng (900,42) [filtered=538]
cnt=2 s0=PALM(4762,1755) s1=fng (900,42) [filtered=539]
cnt=1 s1=fng (900,42) [filtered=539]
cnt=1 s1=fng (900,42) [filtered=539]
cnt=1 s1=fng (900,42) [filtered=539]
cnt=1 s1=fng (900,42) [filtered=539]
cnt=1 s1=fng (900,42) [filtered=539]
cnt=1 s1=fng (900,42) [filtered=539]
cnt=1 s1=fng (899,42)* [filtered=539]
cnt=1 s1=fng (899,42)* [filtered=539]
cnt=1 s1=fng (899,42)* [filtered=539]
cnt=1 s1=fng (898,42)* [filtered=539]
cnt=1 s1=fng (897,42)* [filtered=539]
cnt=1 s1=fng (896,42)* [filtered=539]
cnt=1 s0=fng (4762,1642) [filtered=539]
cnt=1 s0=fng (4762,1642) [filtered=539]
cnt=1 s0=fng (4762,1641) [filtered=539]
cnt=1 s0=fng (4762,1641) [filtered=539]
cnt=1 s0=fng (4762,1640) [filtered=539]
cnt=1 s0=fng (4762,1640) [filtered=539]
cnt=1 s0=fng (4762,1639) [filtered=539]
cnt=1 s0=fng (4762,1638) [filtered=539]
cnt=1 s0=fng (4762,1636) [filtered=539]
cnt=1 s0=fng (4759,1632) [filtered=539]
cnt=1 s0=fng (4758,1630) [filtered=539]
cnt=1 s0=fng (4754,1625) [filtered=539]
cnt=1 s0=fng (4748,1619) [filtered=539]
cnt=1 s0=fng (4739,1611) [filtered=539]
cnt=1 s0=fng (4728,1603) [filtered=539]
cnt=1 s0=fng (4718,1596) [filtered=539]
cnt=1 s0=fng (4708,1589) [filtered=539]
cnt=1 s0=fng (4699,1583) [filtered=539]
cnt=1 s0=fng (4691,1577) [filtered=539]
cnt=1 s0=fng (4684,1572) [filtered=539]
cnt=1 s0=fng (4679,1568) [filtered=539]
cnt=1 s0=fng (4675,1565) [filtered=539]
cnt=1 s0=fng (4673,1563) [filtered=539]
cnt=1 s0=fng (4672,1563) [filtered=539]
cnt=1 s0=fng (4671,1562) [filtered=539]
cnt=1 s0=fng (4672,1562) [filtered=539]
cnt=1 s0=fng (4672,1562) [filtered=539]
cnt=1 s0=fng (4672,1563) [filtered=539]
cnt=1 s0=fng (4673,1564) [filtered=539]
cnt=1 s0=fng (4674,1565) [filtered=539]
cnt=1 s0=fng (4675,1566) [filtered=539]
cnt=1 s0=fng (4676,1568) [filtered=539]
cnt=1 s0=fng (4677,1571) [filtered=539]
cnt=1 s0=fng (4678,1574) [filtered=539]
cnt=1 s0=fng (4679,1576) [filtered=539]
cnt=1 s0=fng (4680,1579) [filtered=539]
cnt=1 s0=fng (4683,1583) [filtered=539]
cnt=1 s0=fng (4686,1588) [filtered=539]
cnt=1 s0=fng (4689,1593) [filtered=539]
cnt=1 s0=fng (4691,1597) [filtered=539]
cnt=1 s0=fng (4694,1602) [filtered=539]
cnt=1 s0=fng (4698,1607) [filtered=539]
cnt=1 s0=fng (4701,1612) [filtered=539]
cnt=1 s0=fng (4703,1616) [filtered=539]
cnt=1 s0=fng (4707,1621) [filtered=539]
cnt=1 s0=fng (4710,1626) [filtered=539]
cnt=1 s0=fng (4713,1632) [filtered=539]
cnt=1 s0=fng (4717,1640) [filtered=539]
cnt=1 s0=fng (4720,1647) [filtered=539]
cnt=1 s0=fng (4725,1654) [filtered=539]
cnt=1 s0=fng (4729,1661) [filtered=539]
cnt=1 s0=fng (4733,1669) [filtered=539]
cnt=1 s0=fng (4737,1676) [filtered=539]
cnt=1 s0=fng (4740,1682) [filtered=539]
cnt=1 s0=fng (4742,1689) [filtered=539]
cnt=1 s0=fng (877,24) [filtered=539]
cnt=1 s0=fng (877,24) [filtered=539]
cnt=1 s0=fng (877,24) [filtered=539]
cnt=1 s0=fng (877,24) [filtered=539]
cnt=1 s0=fng (877,24) [filtered=539]
cnt=1 s0=fng (877,24) [filtered=539]
cnt=1 s0=fng (877,24) [filtered=539]
cnt=1 s0=fng (877,24) [filtered=539]
cnt=1 s0=fng (876,24) [filtered=539]
cnt=1 s0=fng (875,24) [filtered=539]
cnt=1 s0=fng (875,24) [filtered=539]
cnt=1 s0=fng (4762,1671) [filtered=539]
cnt=1 s0=fng (4762,1671) [filtered=539]
cnt=1 s0=fng (4762,1671) [filtered=539]
cnt=1 s0=fng (4762,1671) [filtered=539]
cnt=1 s0=fng (4762,1671) [filtered=539]
cnt=1 s0=fng (4762,1671) [filtered=539]
cnt=1 s0=fng (4762,1671) [filtered=539]
cnt=1 s0=fng (4762,1671) [filtered=539]
cnt=1 s0=fng (4762,1671) [filtered=539]
cnt=1 s0=fng (4762,1671) [filtered=539]
cnt=1 s0=fng (4762,1671) [filtered=539]
cnt=1 s0=fng (4762,1671) [filtered=539]
cnt=1 s0=fng (4762,1671) [filtered=539]
cnt=1 s0=fng (4762,1671) [filtered=539]
cnt=1 s0=fng (4762,1671) [filtered=539]
cnt=1 s0=fng (4762,1671) [filtered=539]
cnt=1 s0=fng (4762,1671) [filtered=539]
cnt=1 s0=fng (4762,1671) [filtered=539]
cnt=1 s0=fng (4762,1670) [filtered=539]
cnt=1 s0=fng (4762,1669) [filtered=539]
cnt=1 s0=fng (4762,1669)* [filtered=539]
cnt=1 s0=fng (4762,1669)* [filtered=539]
cnt=1 s0=fng (4762,1668)* [filtered=539]
cnt=1 s0=fng (4762,1668)* [filtered=539]
cnt=1 s0=fng (4762,1667)* [filtered=539]
cnt=1 s0=fng (4762,1666)* [filtered=539]
cnt=1 s0=fng (4762,1665)* [filtered=539]
cnt=1 s0=fng (4762,1664)* [filtered=539]
cnt=1 s0=fng (4762,1662)* [filtered=539]
cnt=1 s0=fng (4762,1661)* [filtered=539]
cnt=1 s0=fng (4762,1659)* [filtered=539]
cnt=1 s0=fng (4762,1657)* [filtered=539]
cnt=1 s0=fng (4762,1655)* [filtered=539]
cnt=1 s0=fng (4762,1652)* [filtered=539]
cnt=1 s0=fng (4762,1650)* [filtered=539]
cnt=1 s0=fng (4762,1646) [filtered=539]
cnt=1 s0=fng (4759,1641) [filtered=539]
cnt=1 s0=fng (4754,1636) [filtered=539]
cnt=1 s0=fng (4747,1630) [filtered=539]
cnt=1 s0=fng (4740,1625) [filtered=539]
cnt=1 s0=fng (4731,1618) [filtered=539]
cnt=1 s0=fng (4722,1611) [filtered=539]
cnt=1 s0=fng (4711,1604) [filtered=539]
cnt=1 s0=fng (4700,1598) [filtered=539]
cnt=1 s0=fng (4689,1591) [filtered=539]
cnt=1 s0=fng (4677,1585) [filtered=539]
cnt=1 s0=fng (4664,1579) [filtered=539]
cnt=1 s0=fng (4651,1574) [filtered=539]
cnt=1 s0=fng (4639,1569) [filtered=539]
cnt=1 s0=fng (4627,1564) [filtered=539]
cnt=1 s0=fng (4615,1559) [filtered=539]
cnt=1 s0=fng (4605,1554) [filtered=539]
cnt=1 s0=fng (4597,1549) [filtered=539]
cnt=1 s0=fng (4590,1545) [filtered=539]
cnt=1 s0=fng (4585,1540) [filtered=539]
cnt=1 s0=fng (4581,1535) [filtered=539]
cnt=1 s0=fng (4577,1531) [filtered=539]
cnt=1 s0=fng (4573,1528) [filtered=539]
cnt=1 s0=fng (4570,1526) [filtered=539]
cnt=1 s0=fng (4567,1524) [filtered=539]
cnt=1 s0=fng (4564,1521) [filtered=539]
cnt=1 s0=fng (4561,1518) [filtered=539]
cnt=1 s0=fng (4558,1516) [filtered=539]
cnt=1 s0=fng (4555,1514) [filtered=539]
cnt=1 s0=fng (4552,1513) [filtered=539]
cnt=1 s0=fng (4548,1511) [filtered=539]
cnt=1 s0=fng (4544,1508) [filtered=539]
cnt=1 s0=fng (4541,1507) [filtered=539]
cnt=1 s0=fng (4538,1505) [filtered=539]
cnt=1 s0=fng (4535,1502) [filtered=539]
cnt=1 s0=fng (4532,1499) [filtered=539]
cnt=1 s0=fng (4530,1498) [filtered=539]
cnt=1 s0=fng (4529,1496) [filtered=539]
cnt=1 s0=fng (4528,1493) [filtered=539]
cnt=1 s0=fng (4527,1490) [filtered=539]
cnt=1 s0=fng (4527,1488) [filtered=539]
cnt=1 s0=fng (4527,1487) [filtered=539]
cnt=1 s0=fng (4527,1485) [filtered=539]
cnt=1 s0=fng (4528,1482) [filtered=539]
cnt=1 s0=fng (4529,1479) [filtered=539]
cnt=1 s0=fng (4530,1476) [filtered=539]
cnt=1 s0=fng (4530,1474) [filtered=539]
cnt=1 s0=fng (4531,1472) [filtered=539]
cnt=1 s0=fng (4533,1470) [filtered=539]
cnt=1 s0=fng (4535,1467) [filtered=539]
cnt=1 s0=fng (4536,1466) [filtered=539]
cnt=1 s0=fng (4539,1464) [filtered=539]
cnt=1 s0=fng (4542,1462) [filtered=539]
cnt=1 s0=fng (4545,1461) [filtered=539]
cnt=1 s0=fng (4548,1460) [filtered=539]
cnt=1 s0=fng (4550,1459) [filtered=539]
cnt=1 s0=fng (4553,1458) [filtered=539]
cnt=1 s0=fng (4556,1458) [filtered=539]
cnt=1 s0=fng (4559,1458) [filtered=539]
cnt=1 s0=fng (4561,1458) [filtered=539]
cnt=1 s0=fng (4562,1458) [filtered=539]
cnt=1 s0=fng (4564,1458) [filtered=539]
cnt=1 s0=fng (4565,1458) [filtered=539]
cnt=1 s0=fng (4566,1458) [filtered=539]
cnt=1 s0=fng (4567,1458) [filtered=539]
cnt=1 s0=fng (4567,1457) [filtered=539]
cnt=1 s0=fng (4567,1457) [filtered=539]
cnt=1 s0=fng (4566,1456) [filtered=539]
cnt=1 s0=fng (4565,1456) [filtered=539]
cnt=1 s0=fng (4565,1456) [filtered=539]
cnt=1 s0=fng (4564,1455) [filtered=539]
cnt=1 s0=fng (4562,1454) [filtered=539]
cnt=1 s0=fng (4560,1453) [filtered=539]
cnt=1 s0=fng (4557,1452) [filtered=539]
cnt=1 s0=fng (4556,1452) [filtered=539]
cnt=1 s0=fng (4554,1451) [filtered=539]
cnt=1 s0=fng (4551,1450) [filtered=539]
cnt=1 s0=fng (4547,1449) [filtered=539]
cnt=1 s0=fng (4545,1449) [filtered=539]
cnt=1 s0=fng (4542,1448) [filtered=539]
cnt=1 s0=fng (4539,1448) [filtered=539]
cnt=1 s0=fng (4536,1447) [filtered=539]
cnt=1 s0=fng (4533,1446) [filtered=539]
cnt=1 s0=fng (4531,1446) [filtered=539]
cnt=1 s0=fng (4529,1446) [filtered=539]
cnt=1 s0=fng (4528,1446) [filtered=539]
cnt=1 s0=fng (4526,1446) [filtered=539]
cnt=1 s0=fng (4524,1446) [filtered=539]
cnt=1 s0=fng (4523,1446) [filtered=539]
cnt=1 s0=fng (4522,1446) [filtered=539]
cnt=1 s0=fng (4521,1447) [filtered=539]
cnt=1 s0=fng (4520,1448) [filtered=539]
cnt=1 s0=fng (4520,1448) [filtered=539]
cnt=1 s0=fng (4520,1449) [filtered=539]
cnt=1 s0=fng (4521,1450) [filtered=539]
cnt=1 s0=fng (4522,1451) [filtered=539]
cnt=1 s0=fng (4524,1453) [filtered=539]
cnt=1 s0=fng (4525,1454) [filtered=539]
cnt=1 s0=fng (4527,1455) [filtered=539]
cnt=1 s0=fng (4530,1458) [filtered=539]
cnt=1 s0=fng (4533,1461) [filtered=539]
cnt=1 s0=fng (4537,1464) [filtered=539]
cnt=1 s0=fng (4540,1466) [filtered=539]
cnt=1 s0=fng (4543,1470) [filtered=539]
cnt=1 s0=fng (4546,1474) [filtered=539]
cnt=1 s0=fng (4549,1478) [filtered=539]
cnt=1 s0=fng (4551,1481) [filtered=539]
cnt=1 s0=fng (4552,1485) [filtered=539]
cnt=1 s0=fng (4553,1489) [filtered=539]
cnt=1 s0=fng (4553,1493) [filtered=539]
cnt=1 s0=fng (4552,1497) [filtered=539]
cnt=1 s0=fng (4552,1500) [filtered=539]
cnt=1 s0=fng (4551,1502) [filtered=539]
cnt=1 s0=fng (4549,1505) [filtered=539]
cnt=1 s0=fng (4546,1508) [filtered=539]
cnt=1 s0=fng (4545,1510) [filtered=539]
cnt=1 s0=fng (4542,1512) [filtered=539]
cnt=1 s0=fng (4539,1514) [filtered=539]
cnt=1 s0=fng (4535,1516) [filtered=539]
cnt=1 s0=fng (4532,1518) [filtered=539]
cnt=1 s0=fng (4530,1519) [filtered=539]
cnt=1 s0=fng (4527,1520) [filtered=539]
cnt=1 s0=fng (4527,1521) [filtered=539]
cnt=1 s0=fng (4526,1523) [filtered=539]
cnt=1 s0=fng (4527,1524) [filtered=539]
cnt=1 s0=fng (4527,1525) [filtered=539]
cnt=1 s0=fng (4529,1526) [filtered=539]
cnt=1 s0=fng (4531,1528) [filtered=539]
cnt=1 s0=fng (4535,1530) [filtered=539]
cnt=1 s0=fng (4539,1533) [filtered=539]
cnt=1 s0=fng (4542,1534) [filtered=539]
cnt=1 s0=fng (4547,1537) [filtered=539]
cnt=1 s0=fng (4552,1541) [filtered=539]
cnt=1 s0=fng (4559,1546) [filtered=539]
cnt=1 s0=fng (4567,1553) [filtered=539]
cnt=1 s0=fng (4574,1559) [filtered=539]
cnt=1 s0=fng (4582,1567) [filtered=539]
cnt=1 s0=fng (4582,1567) [filtered=539]
cnt=1 s0=fng (4746,1614) [filtered=539]
cnt=1 s0=fng (4746,1614) [filtered=539]
cnt=1 s0=fng (4746,1614) [filtered=539]
cnt=1 s0=fng (4746,1613) [filtered=539]
cnt=1 s0=fng (4746,1612) [filtered=539]
cnt=1 s0=fng (4746,1612) [filtered=539]
cnt=1 s0=fng (4746,1612) [filtered=539]
cnt=1 s0=fng (4746,1611) [filtered=539]
cnt=1 s0=fng (4746,1610) [filtered=539]
cnt=1 s0=fng (4746,1609) [filtered=539]
cnt=1 s0=fng (4746,1609) [filtered=539]
cnt=1 s0=fng (4746,1608) [filtered=539]
cnt=1 s0=fng (4746,1608) [filtered=539]
cnt=1 s0=fng (4746,1608) [filtered=539]
cnt=1 s0=fng (4746,1608) [filtered=539]
cnt=1 s0=fng (4746,1608) [filtered=539]
cnt=1 s0=fng (4746,1608) [filtered=539]
cnt=1 s0=fng (4746,1608) [filtered=539]
cnt=1 s0=fng (4745,1608) [filtered=539]
cnt=1 s0=fng (4745,1608) [filtered=539]
cnt=1 s0=fng (4744,1608)* [filtered=539]
cnt=1 s0=fng (4743,1608)* [filtered=539]
cnt=1 s0=fng (4742,1608)* [filtered=539]
cnt=1 s0=fng (4741,1608)* [filtered=539]
cnt=1 s0=fng (4740,1608)* [filtered=539]
cnt=1 s0=fng (4738,1607)* [filtered=539]
cnt=1 s0=fng (4733,1606) [filtered=539]
cnt=1 s0=fng (4727,1604) [filtered=539]
cnt=1 s0=fng (4721,1603) [filtered=539]
cnt=1 s0=fng (4712,1601) [filtered=539]
cnt=1 s0=fng (4702,1597) [filtered=539]
cnt=1 s0=fng (4691,1593) [filtered=539]
cnt=1 s0=fng (4679,1589) [filtered=539]
cnt=1 s0=fng (4667,1587) [filtered=539]
cnt=1 s0=fng (4655,1584) [filtered=539]
cnt=1 s0=fng (4643,1580) [filtered=539]
cnt=1 s0=fng (4631,1576) [filtered=539]
cnt=1 s0=fng (4620,1572) [filtered=539]
cnt=1 s0=fng (4609,1569) [filtered=539]
cnt=1 s0=fng (4600,1565) [filtered=539]
cnt=1 s0=fng (4593,1561) [filtered=539]
cnt=1 s0=fng (4589,1557) [filtered=539]
cnt=1 s0=fng (4584,1553) [filtered=539]
cnt=1 s0=fng (4580,1550) [filtered=539]
cnt=1 s0=fng (4577,1547) [filtered=539]
cnt=1 s0=fng (4575,1544) [filtered=539]
cnt=1 s0=fng (4573,1541) [filtered=539]
cnt=1 s0=fng (4571,1539) [filtered=539]
cnt=1 s0=fng (4570,1537) [filtered=539]
cnt=1 s0=fng (4569,1535) [filtered=539]
cnt=1 s0=fng (4568,1533) [filtered=539]
cnt=1 s0=fng (4566,1531) [filtered=539]
cnt=1 s0=fng (4565,1530) [filtered=539]
cnt=1 s0=fng (4564,1529) [filtered=539]
cnt=1 s0=fng (4563,1528) [filtered=539]
cnt=1 s0=fng (4562,1527) [filtered=539]
cnt=1 s0=fng (4561,1526) [filtered=539]
cnt=1 s0=fng (4561,1525) [filtered=539]
cnt=1 s0=fng (4561,1525) [filtered=539]
cnt=1 s0=fng (4562,1525) [filtered=539]
cnt=1 s0=fng (4563,1525) [filtered=539]
cnt=1 s0=fng (4564,1525) [filtered=539]
cnt=1 s0=fng (4565,1526) [filtered=539]
cnt=1 s0=fng (4568,1527) [filtered=539]
cnt=1 s0=fng (4572,1529) [filtered=539]
cnt=1 s0=fng (4576,1531) [filtered=539]
cnt=1 s0=fng (4579,1532) [filtered=539]
cnt=1 s0=fng (4584,1535) [filtered=539]
cnt=1 s0=fng (4589,1539) [filtered=539]
cnt=1 s0=fng (4594,1543) [filtered=539]
cnt=1 s0=fng (4599,1548) [filtered=539]
cnt=1 s0=fng (4603,1551) [filtered=539]
cnt=1 s0=fng (4610,1556) [filtered=539]
cnt=1 s0=fng (4618,1561) [filtered=539]
cnt=1 s0=fng (4626,1566) [filtered=539]
cnt=1 s0=fng (4634,1573) [filtered=539]
cnt=1 s0=fng (4641,1579) [filtered=539]
cnt=1 s0=fng (4648,1585) [filtered=539]
cnt=1 s0=fng (4655,1591) [filtered=539]
cnt=1 s0=fng (4661,1597) [filtered=539]
cnt=1 s0=fng (4666,1603) [filtered=539]
cnt=1 s0=fng (4670,1609) [filtered=539]
cnt=1 s0=fng (4675,1615) [filtered=539]
cnt=1 s0=fng (4680,1621) [filtered=539]
cnt=1 s0=fng (4685,1626) [filtered=539]
cnt=1 s0=fng (4689,1630) [filtered=539]
cnt=1 s0=fng (4693,1635) [filtered=539]
cnt=1 s0=fng (4696,1640) [filtered=539]
cnt=1 s0=fng (4700,1645) [filtered=539]
cnt=1 s0=fng (4704,1650) [filtered=539]
cnt=1 s0=fng (4707,1654) [filtered=539]
cnt=1 s0=fng (4710,1657) [filtered=539]
cnt=1 s0=fng (4713,1660) [filtered=539]
cnt=1 s0=fng (4717,1664) [filtered=539]
cnt=1 s0=fng (4720,1668) [filtered=539]
cnt=1 s0=fng (4722,1671) [filtered=539]
cnt=1 s0=fng (4724,1674) [filtered=539]
cnt=1 s0=fng (4728,1677) [filtered=539]
cnt=1 s0=fng (4732,1679) [filtered=539]
cnt=1 s0=fng (4735,1681) [filtered=539]
cnt=1 s0=fng (4738,1683) [filtered=539]
cnt=1 s0=fng (4740,1685) [filtered=539]
cnt=1 s0=fng (4740,1685) [filtered=539]
cnt=1 s0=fng (4762,1720) [filtered=539]
cnt=1 s0=fng (4762,1720) [filtered=539]
cnt=1 s0=fng (4762,1720) [filtered=539]
cnt=1 s0=fng (4762,1720) [filtered=539]
cnt=1 s0=fng (4762,1720) [filtered=539]
cnt=1 s0=fng (4762,1720) [filtered=539]
cnt=1 s0=fng (4762,1720) [filtered=539]
cnt=1 s0=fng (4762,1720) [filtered=539]
cnt=1 s0=fng (4762,1720) [filtered=539]
cnt=1 s0=fng (4762,1720) [filtered=539]
cnt=1 s0=fng (4762,1720) [filtered=539]
cnt=1 s0=fng (4762,1720) [filtered=539]
cnt=1 s0=fng (4762,1720) [filtered=539]
cnt=1 s0=fng (4762,1720) [filtered=539]
cnt=1 s0=fng (4762,1720) [filtered=539]
cnt=1 s0=fng (4762,1720) [filtered=539]
cnt=1 s0=fng (4762,1720) [filtered=539]
cnt=1 s0=fng (4762,1720) [filtered=539]
cnt=1 s0=fng (4762,1720) [filtered=539]
cnt=1 s0=fng (4762,1720) [filtered=539]
cnt=1 s0=fng (4762,1720)* [filtered=539]
cnt=1 s0=fng (4762,1720)* [filtered=539]
cnt=1 s0=fng (4762,1720)* [filtered=539]
cnt=1 s0=fng (4762,1720)* [filtered=539]
cnt=1 s0=fng (4762,1720)* [filtered=539]
cnt=1 s0=fng (4762,1720)* [filtered=539]
cnt=1 s0=fng (4762,1720)* [filtered=539]
cnt=1 s0=fng (4762,1720)* [filtered=539]
cnt=1 s0=fng (4762,1730) [filtered=539]
cnt=1 s0=fng (4762,1730) [filtered=539]
cnt=1 s0=fng (4762,1731) [filtered=539]
cnt=1 s0=fng (4762,1731) [filtered=539]
cnt=1 s0=fng (4762,1731) [filtered=539]
cnt=1 s0=fng (4762,1731) [filtered=539]
cnt=1 s0=fng (4762,1731) [filtered=539]
cnt=1 s0=fng (4762,1732) [filtered=539]
cnt=1 s0=fng (4762,1732) [filtered=539]
cnt=1 s0=fng (4762,1732) [filtered=539]
cnt=1 s0=fng (4762,1732) [filtered=539]
cnt=1 s0=fng (4762,1732) [filtered=539]
cnt=1 s0=fng (4762,1733) [filtered=539]
cnt=1 s0=fng (4762,1733) [filtered=539]
cnt=1 s0=fng (4762,1733) [filtered=539]
cnt=1 s0=fng (4762,1734) [filtered=539]
cnt=1 s0=fng (4762,1735) [filtered=539]
cnt=1 s0=fng (4762,1735) [filtered=539]
cnt=1 s0=fng (4762,1735) [filtered=539]
cnt=1 s0=fng (4762,1735) [filtered=539]
cnt=1 s0=fng (4762,1735)* [filtered=539]
cnt=1 s0=fng (4762,1736)* [filtered=539]
cnt=1 s0=fng (4762,1736)* [filtered=539]
cnt=1 s0=fng (4762,1736)* [filtered=539]
cnt=1 s0=fng (4762,1736)* [filtered=539]
cnt=1 s0=fng (4762,1737)* [filtered=539]
cnt=1 s0=fng (4762,1737)* [filtered=539]
cnt=1 s0=fng (4762,1737)* [filtered=539]
cnt=1 s0=fng (4762,1737)* [filtered=539]
cnt=1 s0=fng (4762,1737)* [filtered=539]
cnt=1 s0=fng (4762,1737)* [filtered=539]
cnt=1 s0=fng (4762,1737)* [filtered=539]
cnt=1 s0=fng (4762,1737)* [filtered=539]
cnt=1 s0=fng (4762,1737)* [filtered=539]
cnt=1 s0=fng (4762,1737)* [filtered=539]
cnt=1 s0=fng (4762,1737)* [filtered=539]
cnt=1 s0=fng (4762,1737)* [filtered=539]
cnt=1 s0=fng (4762,1737)* [filtered=539]
cnt=1 s0=fng (4762,1737)* [filtered=539]
cnt=1 s0=fng (4762,1737)* [filtered=539]
cnt=1 s0=fng (4762,1737)* [filtered=539]
cnt=1 s0=fng (4762,1737)* [filtered=539]
cnt=1 s0=fng (4762,1737)* [filtered=539]
cnt=1 s0=fng (4762,1737)* [filtered=539]
cnt=1 s0=fng (4762,1737)* [filtered=539]
cnt=1 s0=fng (4762,1737)* [filtered=539]
cnt=1 s0=fng (4762,1737)* [filtered=539]
cnt=1 s0=fng (4762,1737)* [filtered=539]
cnt=1 s0=fng (4762,1737)* [filtered=539]
cnt=1 s0=fng (4762,1737)* [filtered=539]
cnt=1 s0=fng (4762,1737)* [filtered=539]
cnt=1 s0=fng (4762,1737)* [filtered=539]
cnt=1 s0=fng (4762,1737)* [filtered=539]
cnt=1 s0=fng (4762,1737)* [filtered=539]
cnt=1 s0=fng (4762,1737)* [filtered=539]
cnt=1 s0=fng (4762,1736)* [filtered=539]
cnt=1 s0=fng (4762,1736)* [filtered=539]
cnt=1 s0=fng (4762,1736)* [filtered=539]
cnt=1 s0=fng (4762,1736)* [filtered=539]
cnt=1 s0=fng (4762,1736)* [filtered=539]
cnt=1 s0=fng (4762,1736)* [filtered=539]
cnt=1 s0=fng (4762,1736)* [filtered=539]
cnt=1 s0=fng (4762,1736)* [filtered=539]
cnt=1 s0=fng (4762,1736)* [filtered=539]
cnt=1 s0=fng (4762,1736)* [filtered=539]
cnt=1 s0=fng (4762,1736)* [filtered=539]
cnt=1 s0=fng (4762,1736)* [filtered=539]
cnt=1 s0=fng (4762,1736)* [filtered=539]
cnt=1 s0=fng (4762,1736)* [filtered=539]
cnt=1 s0=fng (4762,1736)* [filtered=539]
cnt=1 s0=fng (4762,1736)* [filtered=539]
cnt=1 s0=fng (4762,1736)* [filtered=539]
cnt=1 s0=fng (4762,1736)* [filtered=539]
cnt=1 s0=fng (4762,1736)* [filtered=539]
cnt=1 s0=fng (4762,1736)* [filtered=539]
cnt=1 s0=fng (4762,1736)* [filtered=539]
cnt=1 s0=fng (4762,1736)* [filtered=539]
cnt=1 s0=fng (4762,1736)* [filtered=539]
cnt=1 s0=fng (4762,1736)* [filtered=539]
cnt=1 s0=fng (4762,1736)* [filtered=539]
cnt=1 s0=fng (4762,1736)* [filtered=539]
cnt=1 s0=fng (4762,1736)* [filtered=539]
cnt=1 s0=fng (4762,1736)* [filtered=539]
cnt=1 s0=fng (4762,1736)* [filtered=539]
cnt=1 s0=fng (4762,1736)* [filtered=539]
cnt=1 s0=fng (4762,1736)* [filtered=539]
cnt=1 s0=fng (4762,1736)* [filtered=539]
cnt=1 s0=fng (4762,1736)* [filtered=539]
cnt=1 s0=fng (4762,1736)* [filtered=539]
cnt=1 s0=fng (4762,1736)* [filtered=539]
cnt=1 s0=fng (4762,1736)* [filtered=539]
cnt=1 s0=fng (4762,1736)* [filtered=539]
cnt=1 s0=fng (4762,1736)* [filtered=539]
cnt=1 s0=fng (4762,1736)* [filtered=539]
cnt=1 s0=fng (4762,1736)* [filtered=539]
cnt=1 s0=fng (4762,1736)* [filtered=539]
cnt=1 s0=fng (4762,1736)* [filtered=539]
cnt=1 s0=fng (4762,1736)* [filtered=539]
cnt=1 s0=fng (4762,1736)* [filtered=539]
cnt=1 s0=fng (4762,1736)* [filtered=539]
cnt=1 s0=fng (4762,1736)* [filtered=539]
cnt=1 s0=fng (4762,1736)* [filtered=539]
cnt=1 s0=fng (4762,1735)* [filtered=539]
cnt=1 s0=fng (4762,1735)* [filtered=539]
cnt=1 s0=fng (4762,1735)* [filtered=539]
cnt=1 s0=fng (4762,1734)* [filtered=539]
cnt=1 s0=fng (4762,1734)* [filtered=539]
cnt=1 s0=fng (4762,1733)* [filtered=539]
cnt=1 s0=fng (4762,1733)* [filtered=539]
cnt=1 s0=fng (4762,1733)* [filtered=539]
cnt=1 s0=fng (4762,1733)* [filtered=539]
cnt=1 s0=fng (4762,1733)* [filtered=539]
cnt=1 s0=fng (4762,1732)* [filtered=539]
cnt=1 s0=fng (4762,1732)* [filtered=539]
cnt=1 s0=fng (4762,1732)* [filtered=539]
cnt=1 s0=fng (4762,1732)* [filtered=539]
cnt=1 s0=fng (4762,1731)* [filtered=539]
cnt=1 s0=fng (4762,1731)* [filtered=539]
cnt=1 s0=fng (4762,1731)* [filtered=539]
cnt=1 s0=fng (4762,1731)* [filtered=539]
cnt=1 s0=fng (4762,1731)* [filtered=539]
cnt=1 s0=fng (4762,1730)* [filtered=539]
cnt=1 s0=fng (4762,1730)* [filtered=539]
cnt=1 s0=fng (4762,1730)* [filtered=539]
cnt=1 s0=fng (4762,1730)* [filtered=539]
cnt=1 s0=fng (4762,1730)* [filtered=539]
cnt=1 s0=fng (4762,1730)* [filtered=539]
cnt=1 s0=fng (4762,1730)* [filtered=539]
cnt=1 s0=fng (4762,1730)* [filtered=539]
cnt=1 s0=fng (4762,1729)* [filtered=539]
cnt=1 s0=fng (4762,1729)* [filtered=539]
cnt=1 s0=fng (4762,1729)* [filtered=539]
cnt=1 s0=fng (4762,1729)* [filtered=539]
cnt=1 s0=fng (4762,1728)* [filtered=539]
cnt=1 s0=fng (4762,1728)* [filtered=539]
cnt=1 s0=fng (4762,1728)* [filtered=539]
cnt=1 s0=fng (4762,1728)* [filtered=539]
cnt=1 s0=fng (4762,1727)* [filtered=539]
cnt=1 s0=fng (4762,1727)* [filtered=539]
cnt=1 s0=fng (4762,1727)* [filtered=539]
cnt=1 s0=fng (4762,1726)* [filtered=539]
cnt=1 s0=fng (4762,1726)* [filtered=539]
cnt=1 s0=fng (4762,1725)* [filtered=539]
cnt=1 s0=fng (4762,1725)* [filtered=539]
cnt=1 s0=fng (4762,1725)* [filtered=539]
cnt=1 s0=fng (4762,1724)* [filtered=539]
cnt=1 s0=fng (4762,1724)* [filtered=539]
cnt=1 s0=fng (4762,1724)* [filtered=539]
cnt=1 s0=fng (4762,1724)* [filtered=539]
cnt=1 s0=fng (4762,1723)* [filtered=539]
cnt=1 s0=fng (4762,1723)* [filtered=539]
cnt=1 s0=fng (4762,1723)* [filtered=539]
cnt=1 s0=fng (4762,1723)* [filtered=539]
cnt=1 s0=fng (4762,1723)* [filtered=539]
cnt=1 s0=fng (4762,1723)* [filtered=539]
cnt=1 s0=fng (4762,1723)* [filtered=539]
cnt=1 s0=fng (4762,1723)* [filtered=539]
cnt=1 s0=fng (4762,1723)* [filtered=539]
cnt=1 s0=fng (4762,1723)* [filtered=539]
cnt=1 s0=fng (4762,1723)* [filtered=539]
cnt=1 s0=fng (4762,1723)* [filtered=539]
cnt=1 s0=fng (4762,1723)* [filtered=539]
cnt=1 s0=fng (4762,1723)* [filtered=539]
cnt=1 s0=fng (4762,1723)* [filtered=539]
cnt=1 s0=fng (4762,1723)* [filtered=539]
cnt=1 s0=fng (4762,1723)* [filtered=539]
cnt=1 s0=fng (4762,1723)* [filtered=539]
cnt=1 s0=fng (4762,1723)* [filtered=539]
cnt=1 s0=fng (4762,1723)* [filtered=539]
cnt=1 s0=fng (4762,1723)* [filtered=539]
cnt=1 s0=fng (4762,1723)* [filtered=539]
cnt=1 s0=fng (4762,1723)* [filtered=539]
cnt=1 s0=fng (4762,1723)* [filtered=539]
cnt=1 s0=fng (4762,1723)* [filtered=539]
cnt=1 s0=fng (4762,1723)* [filtered=539]
cnt=1 s0=fng (4762,1723)* [filtered=539]
cnt=1 s0=fng (4762,1723)* [filtered=539]
cnt=1 s0=fng (4762,1723)* [filtered=539]
cnt=1 s0=fng (4762,1724)* [filtered=539]
cnt=1 s0=fng (4762,1724)* [filtered=539]
cnt=1 s0=fng (4762,1725)* [filtered=539]
cnt=1 s0=fng (4762,1726)* [filtered=539]
cnt=1 s0=fng (4762,1727)* [filtered=539]
cnt=1 s0=fng (4762,1728)* [filtered=539]
cnt=1 s0=fng (4762,1729)* [filtered=539]
cnt=1 s0=fng (4762,1730)* [filtered=539]
cnt=1 s0=fng (4762,1732)* [filtered=539]
cnt=1 s0=fng (4762,1734)* [filtered=539]
cnt=1 s0=fng (4762,1735)* [filtered=539]
cnt=1 s0=fng (4762,1737)* [filtered=539]
cnt=1 s0=fng (4762,1739)* [filtered=539]
cnt=1 s0=fng (4762,1742)* [filtered=539]
cnt=1 s0=fng (4762,1745)* [filtered=539]
cnt=1 s0=fng (4762,1746)* [filtered=539]
cnt=1 s0=fng (4762,1748)* [filtered=539]
cnt=1 s0=fng (4762,1751)* [filtered=539]
cnt=1 s0=fng (4762,1754)* [filtered=539]
cnt=1 s0=fng (4762,1758) [filtered=539]
cnt=1 s0=fng (4762,1760) [filtered=539]
cnt=1 s0=fng (4762,1764) [filtered=539]
cnt=1 s0=fng (4762,1768) [filtered=539]
cnt=1 s0=fng (4762,1772) [filtered=539]
cnt=1 s0=fng (4762,1775) [filtered=539]
cnt=1 s0=fng (4762,1777) [filtered=539]
cnt=1 s0=fng (4762,1780) [filtered=539]
cnt=1 s0=fng (4762,1783) [filtered=539]
cnt=1 s0=fng (4762,1786) [filtered=539]
cnt=1 s0=fng (4762,1788) [filtered=539]
cnt=1 s0=fng (4762,1790) [filtered=539]
cnt=1 s0=fng (4762,1838) [filtered=539]
cnt=1 s0=fng (4762,1838) [filtered=539]
cnt=1 s0=fng (4762,1838) [filtered=539]
cnt=1 s0=fng (4762,1838) [filtered=539]
cnt=1 s0=fng (4762,1838) [filtered=539]
cnt=1 s0=fng (4762,1838) [filtered=539]
cnt=1 s0=fng (4762,1838) [filtered=539]
cnt=1 s0=fng (4762,1838) [filtered=539]
cnt=1 s0=fng (4762,1838) [filtered=539]
cnt=1 s0=fng (4762,1838) [filtered=539]
cnt=1 s0=fng (4762,1838) [filtered=539]
cnt=1 s0=fng (4762,1838) [filtered=539]
cnt=1 s0=fng (4762,1838) [filtered=539]
cnt=1 s0=fng (4762,1838) [filtered=539]
cnt=1 s0=fng (4762,1838) [filtered=539]
cnt=1 s0=fng (4762,1838) [filtered=539]
cnt=1 s0=fng (4762,1838) [filtered=539]
cnt=1 s0=fng (4762,1838) [filtered=539]
cnt=1 s0=fng (4762,1837) [filtered=539]
cnt=1 s0=fng (4762,1837) [filtered=539]
cnt=1 s0=fng (4762,1837)* [filtered=539]
cnt=1 s0=fng (4762,1837)* [filtered=539]
cnt=1 s0=fng (4762,1837)* [filtered=539]
cnt=1 s0=fng (4762,1837)* [filtered=539]
cnt=1 s0=fng (4762,1799) [filtered=539]
cnt=1 s0=fng (4762,1799) [filtered=539]
cnt=1 s0=fng (4762,1799) [filtered=539]
cnt=1 s0=fng (4762,1799) [filtered=539]
cnt=1 s0=fng (4762,1799) [filtered=539]
cnt=1 s0=fng (4762,1799) [filtered=539]
cnt=1 s0=fng (4762,1799) [filtered=539]
cnt=1 s0=fng (4762,1798) [filtered=539]
cnt=1 s0=fng (4762,1798) [filtered=539]
cnt=1 s0=fng (4762,1797) [filtered=539]
cnt=1 s0=fng (4762,1797) [filtered=539]
cnt=1 s0=fng (4762,1796) [filtered=539]
cnt=1 s0=fng (4762,1796) [filtered=539]
cnt=1 s0=fng (4762,1796) [filtered=539]
cnt=1 s0=fng (4762,1795) [filtered=539]
cnt=1 s0=fng (4762,1795) [filtered=539]
cnt=1 s0=fng (4762,1794) [filtered=539]
cnt=1 s0=fng (4762,1793) [filtered=539]
cnt=1 s0=fng (4762,1793) [filtered=539]
cnt=1 s0=fng (4762,1793) [filtered=539]
cnt=1 s0=fng (4762,1792)* [filtered=539]
cnt=1 s0=fng (4762,1792)* [filtered=539]
cnt=1 s0=fng (4762,1792)* [filtered=539]
cnt=1 s0=fng (4762,1791)* [filtered=539]
cnt=1 s0=fng (4762,1791)* [filtered=539]
cnt=1 s0=fng (4762,1790)* [filtered=539]
cnt=1 s0=fng (4762,1788)* [filtered=539]
cnt=1 s0=fng (4762,1787)* [filtered=539]
cnt=1 s0=fng (4762,1786)* [filtered=539]
cnt=1 s0=fng (4762,1784)* [filtered=539]
cnt=1 s0=fng (4762,1782)* [filtered=539]
cnt=1 s0=fng (4762,1780)* [filtered=539]
cnt=1 s0=fng (4762,1779)* [filtered=539]
cnt=1 s0=fng (4762,1777)* [filtered=539]
cnt=1 s0=fng (4762,1775)* [filtered=539]
cnt=1 s0=fng (4762,1772)* [filtered=539]
cnt=1 s0=fng (4762,1771)* [filtered=539]
cnt=1 s0=fng (4762,1769)* [filtered=539]
cnt=1 s0=fng (4762,1766)* [filtered=539]
cnt=1 s0=fng (4762,1762) [filtered=539]
cnt=1 s0=fng (4762,1758) [filtered=539]
cnt=1 s0=fng (4762,1756) [filtered=539]
cnt=1 s0=fng (4762,1752) [filtered=539]
cnt=1 s0=fng (4762,1747) [filtered=539]
cnt=1 s0=fng (4762,1741) [filtered=539]
cnt=1 s0=fng (4762,1735) [filtered=539]
cnt=1 s0=fng (4762,1728) [filtered=539]
cnt=1 s0=fng (4762,1721) [filtered=539]
cnt=1 s0=fng (4762,1715) [filtered=539]
cnt=1 s0=fng (4762,1710) [filtered=539]
cnt=1 s0=fng (4762,1705) [filtered=539]
cnt=1 s0=fng (4762,1700) [filtered=539]
cnt=1 s0=fng (4762,1696) [filtered=539]
cnt=1 s0=fng (4762,1695) [filtered=539]
cnt=1 s0=fng (4762,1694) [filtered=539]
cnt=1 s0=fng (4762,1693) [filtered=539]
cnt=1 s0=fng (4762,1693) [filtered=539]
cnt=1 s0=fng (4762,1693) [filtered=539]
cnt=1 s0=fng (4762,1694) [filtered=539]
cnt=1 s0=fng (4762,1694) [filtered=539]
cnt=1 s0=fng (4762,1695) [filtered=539]
cnt=1 s0=fng (4762,1696) [filtered=539]
cnt=1 s0=fng (4762,1697) [filtered=539]
cnt=1 s0=fng (4762,1699) [filtered=539]
cnt=1 s0=fng (4762,1700) [filtered=539]
cnt=2 s0=PALM(4762,1701) s1=fng (881,24) [filtered=540]
cnt=2 s0=PALM(4762,1704) s1=fng (881,24) [filtered=541]
cnt=2 s0=PALM(4762,1707) s1=fng (881,24) [filtered=542]
cnt=2 s0=PALM(4762,1710) s1=fng (881,24) [filtered=543]
cnt=2 s0=PALM(4762,1712) s1=fng (881,24) [filtered=544]
cnt=2 s0=PALM(4762,1715) s1=fng (881,24) [filtered=545]
cnt=2 s0=PALM(4762,1716) s1=fng (881,24) [filtered=546]
cnt=2 s0=PALM(4762,1718)* s1=fng (881,24) [filtered=547]
cnt=2 s0=PALM(4762,1720)* s1=fng (881,24) [filtered=548]
cnt=2 s0=PALM(4762,1721)* s1=fng (881,24) [filtered=549]
cnt=1 s0=fng (4762,1721)* [filtered=549]
cnt=1 s0=fng (4762,1722)* [filtered=549]
cnt=1 s0=fng (4762,1722)* [filtered=549]
cnt=1 s0=fng (4762,1723)* [filtered=549]
cnt=1 s0=fng (4762,1723)* [filtered=549]
cnt=1 s0=fng (4762,1723)* [filtered=549]
cnt=1 s0=fng (4762,1723)* [filtered=549]
cnt=1 s0=fng (4762,1723)* [filtered=549]
cnt=1 s0=fng (4762,1723)* [filtered=549]
cnt=1 s0=fng (4762,1723)* [filtered=549]
cnt=1 s0=fng (4762,1724)* [filtered=549]
cnt=1 s0=fng (4762,1724)* [filtered=549]
cnt=1 s0=fng (4762,1724)* [filtered=549]
cnt=1 s0=fng (4762,1724)* [filtered=549]
cnt=1 s0=fng (4762,1725)* [filtered=549]
cnt=1 s0=fng (4762,1725)* [filtered=549]
cnt=1 s0=fng (4762,1726)* [filtered=549]
cnt=1 s0=fng (4762,1727)* [filtered=549]
cnt=1 s0=fng (4762,1727)* [filtered=549]
cnt=1 s0=fng (4762,1727)* [filtered=549]
cnt=1 s0=fng (4762,1728)* [filtered=549]
cnt=1 s0=fng (4762,1729)* [filtered=549]
cnt=1 s0=fng (4762,1729)* [filtered=549]
cnt=1 s0=fng (4762,1729)* [filtered=549]
cnt=1 s0=fng (4762,1730)* [filtered=549]
cnt=1 s0=fng (4762,1730)* [filtered=549]
cnt=1 s0=fng (4762,1730)* [filtered=549]
cnt=1 s0=fng (4762,1730)* [filtered=549]
cnt=1 s0=fng (4762,1730)* [filtered=549]
cnt=1 s0=fng (4762,1730)* [filtered=549]
cnt=1 s0=fng (4762,1731)* [filtered=549]
cnt=1 s0=fng (4762,1731)* [filtered=549]
cnt=1 s0=fng (4762,1731)* [filtered=549]
cnt=1 s0=fng (4762,1731)* [filtered=549]
cnt=1 s0=fng (4762,1731)* [filtered=549]
cnt=1 s0=fng (4762,1731)* [filtered=549]
cnt=1 s0=fng (4762,1732)* [filtered=549]
cnt=1 s0=fng (4762,1732)* [filtered=549]
cnt=1 s0=fng (4762,1732)* [filtered=549]
cnt=1 s0=fng (4762,1733)* [filtered=549]
cnt=1 s0=fng (4762,1733)* [filtered=549]
cnt=1 s0=fng (4762,1733)* [filtered=549]
cnt=1 s0=fng (4762,1734)* [filtered=549]
cnt=1 s0=fng (4762,1735)* [filtered=549]
cnt=1 s0=fng (4762,1736)* [filtered=549]
cnt=1 s0=fng (4762,1737)* [filtered=549]
cnt=1 s0=fng (4762,1738)* [filtered=549]
cnt=1 s0=fng (4762,1739)* [filtered=549]
cnt=1 s0=fng (4762,1740)* [filtered=549]
cnt=1 s0=fng (4762,1742)* [filtered=549]
cnt=1 s0=fng (4762,1743)* [filtered=549]
cnt=1 s0=fng (4762,1744)* [filtered=549]
cnt=1 s0=fng (4762,1745)* [filtered=549]
cnt=1 s0=fng (4762,1746)* [filtered=549]
cnt=1 s0=fng (4762,1746)* [filtered=549]
cnt=1 s0=fng (4762,1746)* [filtered=549]
cnt=1 s0=fng (4762,1746)* [filtered=549]
cnt=1 s0=fng (4762,1746)* [filtered=549]
cnt=1 s0=fng (4762,1746)* [filtered=549]
cnt=1 s0=fng (4762,1746)* [filtered=549]
cnt=1 s0=fng (4762,1746)* [filtered=549]
cnt=1 s0=fng (4762,1746)* [filtered=549]
cnt=1 s0=fng (4762,1745)* [filtered=549]
cnt=1 s0=fng (4762,1744)* [filtered=549]
cnt=1 s0=fng (4762,1742)* [filtered=549]
cnt=1 s0=fng (4762,1741)* [filtered=549]
cnt=1 s0=fng (4762,1739)* [filtered=549]
cnt=1 s0=fng (4762,1736)* [filtered=549]
cnt=1 s0=fng (4762,1732) [filtered=549]
cnt=1 s0=fng (4762,1729) [filtered=549]
cnt=1 s0=fng (4762,1727) [filtered=549]
cnt=1 s0=fng (4762,1908) [filtered=549]
cnt=1 s0=fng (4762,1907) [filtered=549]
cnt=1 s0=fng (4762,1907) [filtered=549]
cnt=1 s0=fng (4762,1906) [filtered=549]
cnt=1 s0=fng (4762,1905) [filtered=549]
cnt=1 s0=fng (4762,1904) [filtered=549]
cnt=1 s0=fng (4762,1903) [filtered=549]
cnt=1 s0=fng (4762,1903) [filtered=549]
cnt=1 s0=fng (4762,1902) [filtered=549]
cnt=1 s0=fng (4762,1901) [filtered=549]
cnt=1 s0=fng (4762,1900) [filtered=549]
cnt=1 s0=fng (4762,1899) [filtered=549]
cnt=1 s0=fng (4762,1899) [filtered=549]
cnt=1 s0=fng (4762,1899) [filtered=549]
cnt=1 s0=fng (4762,1898) [filtered=549]
cnt=1 s0=fng (4762,1898) [filtered=549]
cnt=1 s0=fng (4762,1898) [filtered=549]
cnt=1 s0=fng (4762,1897) [filtered=549]
cnt=1 s0=fng (4762,1897) [filtered=549]
cnt=1 s0=fng (4762,1896) [filtered=549]
cnt=1 s0=fng (4762,1895)* [filtered=549]
cnt=1 s0=fng (4762,1895)* [filtered=549]
cnt=1 s0=fng (4762,1895)* [filtered=549]
cnt=1 s0=fng (4762,1894)* [filtered=549]
cnt=1 s0=fng (4762,1893)* [filtered=549]
cnt=1 s0=fng (4762,1892)* [filtered=549]
cnt=1 s0=fng (4762,1891)* [filtered=549]
cnt=1 s0=fng (4762,1890)* [filtered=549]
cnt=1 s0=fng (4762,1889)* [filtered=549]
cnt=1 s0=fng (4762,1888)* [filtered=549]
cnt=1 s0=fng (4762,1887)* [filtered=549]
cnt=1 s0=fng (4762,1887)* [filtered=549]
cnt=1 s0=fng (4762,1886)* [filtered=549]
cnt=1 s0=fng (4762,1885)* [filtered=549]
cnt=1 s0=fng (4762,1884)* [filtered=549]
cnt=1 s0=fng (4762,1884)* [filtered=549]
cnt=1 s0=fng (4762,1884)* [filtered=549]
cnt=1 s0=fng (4762,1883)* [filtered=549]
cnt=1 s0=fng (4762,1883)* [filtered=549]
cnt=1 s0=fng (4762,1883)* [filtered=549]
cnt=1 s0=fng (4762,1883)* [filtered=549]
cnt=1 s0=fng (4762,1883)* [filtered=549]
cnt=1 s0=fng (4762,1883)* [filtered=549]
cnt=1 s0=fng (4762,1883)* [filtered=549]
cnt=1 s0=fng (4762,1883)* [filtered=549]
cnt=1 s0=fng (4762,1883)* [filtered=549]
cnt=1 s0=fng (4762,1883)* [filtered=549]
cnt=1 s0=fng (4762,1883)* [filtered=549]
cnt=1 s0=fng (4762,1883)* [filtered=549]
cnt=1 s0=fng (4762,1883)* [filtered=549]
cnt=1 s0=fng (4762,1883)* [filtered=549]
cnt=1 s0=fng (4762,1883)* [filtered=549]
cnt=1 s0=fng (4762,1883)* [filtered=549]
cnt=1 s0=fng (4762,1883)* [filtered=549]
cnt=1 s0=fng (4762,1883)* [filtered=549]
cnt=1 s0=fng (4762,1883)* [filtered=549]
cnt=1 s0=fng (4762,1883)* [filtered=549]
cnt=1 s0=fng (4762,1882)* [filtered=549]
cnt=1 s0=fng (4762,1882)* [filtered=549]
cnt=1 s0=fng (4762,1882)* [filtered=549]
cnt=1 s0=fng (4762,1882)* [filtered=549]
cnt=1 s0=fng (4762,1882)* [filtered=549]
cnt=1 s0=fng (4762,1881)* [filtered=549]
cnt=1 s0=fng (4762,1881)* [filtered=549]
cnt=1 s0=fng (4762,1880)* [filtered=549]
cnt=1 s0=fng (4762,1880)* [filtered=549]
cnt=1 s0=fng (4762,1879)* [filtered=549]
cnt=1 s0=fng (4762,1879)* [filtered=549]
cnt=1 s0=fng (4762,1879)* [filtered=549]
cnt=1 s0=fng (4762,1879)* [filtered=549]
cnt=1 s0=fng (4762,1879)* [filtered=549]
cnt=1 s0=fng (4762,1879)* [filtered=549]
cnt=1 s0=fng (4762,1879)* [filtered=549]
cnt=1 s0=fng (4762,1879)* [filtered=549]
cnt=1 s0=fng (4762,1879)* [filtered=549]
cnt=1 s0=fng (4762,1879)* [filtered=549]
cnt=1 s0=fng (4762,1879)* [filtered=549]
cnt=1 s0=fng (4762,1879)* [filtered=549]
cnt=1 s0=fng (4762,1879)* [filtered=549]
cnt=1 s0=fng (4762,1879)* [filtered=549]
cnt=1 s0=fng (4762,1878)* [filtered=549]
cnt=1 s0=fng (4762,1878)* [filtered=549]
cnt=1 s0=fng (4762,1878)* [filtered=549]
cnt=1 s0=fng (4762,1877)* [filtered=549]
cnt=1 s0=fng (4762,1876)* [filtered=549]
cnt=1 s0=fng (4762,1876)* [filtered=549]
cnt=1 s0=fng (4762,1875)* [filtered=549]
cnt=1 s0=fng (4762,1875)* [filtered=549]
cnt=1 s0=fng (4762,1875)* [filtered=549]
cnt=1 s0=fng (4762,1874)* [filtered=549]
cnt=1 s0=fng (4762,1873)* [filtered=549]
cnt=1 s0=fng (4762,1872)* [filtered=549]
cnt=1 s0=fng (4762,1871)* [filtered=549]
cnt=1 s0=fng (4762,1871)* [filtered=549]
cnt=1 s0=fng (4762,1870)* [filtered=549]
cnt=1 s0=fng (4762,1869)* [filtered=549]
cnt=1 s0=fng (4762,1868)* [filtered=549]
cnt=1 s0=fng (4762,1868)* [filtered=549]
cnt=1 s0=fng (4762,1867)* [filtered=549]
cnt=1 s0=fng (4762,1867)* [filtered=549]
cnt=1 s0=fng (4762,1866)* [filtered=549]
cnt=1 s0=fng (4762,1866)* [filtered=549]
cnt=1 s0=fng (4762,1865)* [filtered=549]
cnt=1 s0=fng (4762,1865)* [filtered=549]
cnt=1 s0=fng (4762,1864)* [filtered=549]
cnt=1 s0=fng (4762,1864)* [filtered=549]
cnt=1 s0=fng (4762,1864)* [filtered=549]
cnt=1 s0=fng (4762,1863)* [filtered=549]
cnt=1 s0=fng (4762,1863)* [filtered=549]
cnt=1 s0=fng (4762,1862)* [filtered=549]
cnt=1 s0=fng (4762,1861)* [filtered=549]
cnt=1 s0=fng (4762,1861)* [filtered=549]
cnt=1 s0=fng (4762,1860)* [filtered=549]
cnt=1 s0=fng (4762,1859)* [filtered=549]
cnt=1 s0=fng (4762,1858)* [filtered=549]
cnt=1 s0=fng (4762,1857)* [filtered=549]
cnt=1 s0=fng (4762,1856)* [filtered=549]
cnt=1 s0=fng (4762,1855)* [filtered=549]
cnt=1 s0=fng (4762,1854)* [filtered=549]
cnt=1 s0=fng (4762,1853)* [filtered=549]
cnt=1 s0=fng (4762,1853)* [filtered=549]
cnt=1 s0=fng (4762,1852)* [filtered=549]
cnt=1 s0=fng (4762,1851)* [filtered=549]
cnt=1 s0=fng (4762,1850)* [filtered=549]
cnt=1 s0=fng (4762,1849)* [filtered=549]
cnt=1 s0=fng (4762,1849)* [filtered=549]
cnt=1 s0=fng (4762,1848)* [filtered=549]
cnt=1 s0=fng (4762,1847)* [filtered=549]
cnt=1 s0=fng (4762,1846)* [filtered=549]
cnt=1 s0=fng (4762,1846)* [filtered=549]
cnt=1 s0=fng (4762,1845)* [filtered=549]
cnt=1 s0=fng (4762,1844)* [filtered=549]
cnt=1 s0=fng (4762,1843)* [filtered=549]
cnt=1 s0=fng (4761,1842)* [filtered=549]
cnt=1 s0=fng (4760,1841)* [filtered=549]
cnt=1 s0=fng (4760,1840)* [filtered=549]
cnt=1 s0=fng (4759,1839)* [filtered=549]
cnt=1 s0=fng (4758,1838)* [filtered=549]
cnt=1 s0=fng (4757,1836)* [filtered=549]
cnt=1 s0=fng (4757,1835)* [filtered=549]
cnt=1 s0=fng (4756,1834)* [filtered=549]
cnt=1 s0=fng (4755,1833)* [filtered=549]
cnt=1 s0=fng (4754,1831)* [filtered=549]
cnt=1 s0=fng (4754,1830)* [filtered=549]
cnt=1 s0=fng (4753,1828)* [filtered=549]
cnt=1 s0=fng (4752,1826)* [filtered=549]
cnt=1 s0=fng (4751,1823) [filtered=549]
cnt=1 s0=fng (4750,1820) [filtered=549]
cnt=1 s0=fng (4749,1819) [filtered=549]
cnt=1 s0=fng (4748,1816) [filtered=549]
cnt=1 s0=fng (4747,1813) [filtered=549]
cnt=1 s0=fng (4746,1810) [filtered=549]
cnt=1 s0=fng (4745,1808) [filtered=549]
cnt=1 s0=fng (4745,1807) [filtered=549]
cnt=1 s0=fng (4744,1805) [filtered=549]
cnt=1 s0=fng (4743,1802) [filtered=549]
cnt=1 s0=fng (4742,1800) [filtered=549]
cnt=1 s0=fng (4741,1799) [filtered=549]
cnt=1 s0=fng (4740,1797) [filtered=549]
cnt=1 s0=fng (4739,1795) [filtered=549]
cnt=1 s0=fng (4738,1793) [filtered=549]
cnt=1 s0=fng (4738,1792) [filtered=549]
cnt=1 s0=fng (4738,1791) [filtered=549]
cnt=1 s0=fng (4737,1790) [filtered=549]
cnt=1 s0=fng (4736,1789) [filtered=549]
cnt=1 s0=fng (4736,1787) [filtered=549]
cnt=1 s0=fng (4735,1786) [filtered=549]
cnt=1 s0=fng (4734,1785) [filtered=549]
cnt=1 s0=fng (4733,1784) [filtered=549]
cnt=1 s0=fng (4732,1783) [filtered=549]
cnt=1 s0=fng (4732,1782) [filtered=549]
cnt=1 s0=fng (4732,1782) [filtered=549]
cnt=1 s0=fng (4732,1781) [filtered=549]
cnt=1 s0=fng (4731,1780) [filtered=549]
cnt=1 s0=fng (4731,1779) [filtered=549]
cnt=1 s0=fng (4731,1778)* [filtered=549]
cnt=1 s0=fng (4731,1777)* [filtered=549]
cnt=1 s0=fng (4731,1776)* [filtered=549]
cnt=1 s0=fng (4731,1775)* [filtered=549]
cnt=1 s0=fng (4731,1774)* [filtered=549]
cnt=1 s0=fng (4731,1773)* [filtered=549]
cnt=1 s0=fng (4731,1773)* [filtered=549]
cnt=1 s0=fng (4731,1772)* [filtered=549]
cnt=1 s0=fng (4731,1771)* [filtered=549]
cnt=1 s0=fng (4731,1770)* [filtered=549]
cnt=1 s0=fng (4731,1769)* [filtered=549]
cnt=1 s0=fng (4731,1769)* [filtered=549]
cnt=1 s0=fng (4731,1768)* [filtered=549]
cnt=1 s0=fng (4731,1767)* [filtered=549]
cnt=1 s0=fng (4731,1767)* [filtered=549]
cnt=1 s0=fng (4731,1767)* [filtered=549]
cnt=1 s0=fng (4731,1766)* [filtered=549]
cnt=1 s0=fng (4731,1766)* [filtered=549]
cnt=1 s0=fng (4730,1765)* [filtered=549]
cnt=1 s0=fng (4729,1764)* [filtered=549]
cnt=1 s0=fng (4729,1764)* [filtered=549]
cnt=1 s0=fng (4729,1763)* [filtered=549]
cnt=1 s0=fng (4729,1762)* [filtered=549]
cnt=1 s0=fng (4728,1761)* [filtered=549]
cnt=1 s0=fng (4728,1761)* [filtered=549]
cnt=1 s0=fng (4727,1760)* [filtered=549]
cnt=1 s0=fng (4726,1759)* [filtered=549]
cnt=1 s0=fng (4725,1757)* [filtered=549]
cnt=1 s0=fng (4724,1755)* [filtered=549]
cnt=1 s0=fng (4723,1754)* [filtered=549]
cnt=1 s0=fng (4722,1753)* [filtered=549]
cnt=1 s0=fng (4721,1752)* [filtered=549]
cnt=1 s0=fng (4720,1750)* [filtered=549]
cnt=1 s0=fng (4720,1749)* [filtered=549]
cnt=1 s0=fng (4720,1748)* [filtered=549]
cnt=1 s0=fng (4720,1747)* [filtered=549]
cnt=1 s0=fng (4720,1746)* [filtered=549]
cnt=1 s0=fng (4720,1746)* [filtered=549]
cnt=1 s0=fng (4720,1746)* [filtered=549]
cnt=1 s0=fng (4720,1746)* [filtered=549]
cnt=1 s0=fng (4720,1746)* [filtered=549]
cnt=1 s0=fng (4720,1746)* [filtered=549]
cnt=1 s0=fng (4720,1747)* [filtered=549]
cnt=1 s0=fng (4720,1747)* [filtered=549]
cnt=1 s0=fng (4720,1748)* [filtered=549]
cnt=1 s0=fng (4720,1750)* [filtered=549]
cnt=1 s0=fng (4720,1753)* [filtered=549]
cnt=1 s0=fng (4720,1756)* [filtered=549]
cnt=1 s0=fng (4720,1758)* [filtered=549]
cnt=1 s0=fng (4720,1762) [filtered=549]
cnt=1 s0=fng (4721,1766) [filtered=549]
cnt=1 s0=fng (4722,1772) [filtered=549]
cnt=1 s0=fng (4723,1777) [filtered=549]
cnt=1 s0=fng (4723,1782) [filtered=549]
cnt=1 s0=fng (4724,1787) [filtered=549]
cnt=1 s0=fng (4726,1792) [filtered=549]
cnt=1 s0=fng (4727,1798) [filtered=549]
cnt=1 s0=fng (4729,1804) [filtered=549]
cnt=1 s0=fng (4730,1809) [filtered=549]
cnt=1 s0=fng (4731,1814) [filtered=549]
cnt=1 s0=fng (4733,1819) [filtered=549]
cnt=1 s0=fng (4735,1824) [filtered=549]
cnt=1 s0=fng (4736,1828) [filtered=549]
cnt=1 s0=fng (4738,1831) [filtered=549]
cnt=1 s0=fng (4739,1833) [filtered=549]
cnt=1 s0=fng (4740,1836) [filtered=549]
cnt=1 s0=fng (4762,1836) [filtered=549]
cnt=1 s0=fng (4762,1836) [filtered=549]
cnt=1 s0=fng (4762,1836) [filtered=549]
cnt=1 s0=fng (4762,1836) [filtered=549]
cnt=1 s0=fng (4762,1836) [filtered=549]
cnt=1 s0=fng (4762,1836) [filtered=549]
cnt=1 s0=fng (4762,1836) [filtered=549]
cnt=1 s0=fng (4762,1836) [filtered=549]
cnt=1 s0=fng (4762,1836) [filtered=549]
cnt=1 s0=fng (4762,1836) [filtered=549]
cnt=1 s0=fng (4762,1836) [filtered=549]
cnt=1 s0=fng (4762,1836) [filtered=549]
cnt=1 s0=fng (4762,1838) [filtered=549]
cnt=1 s0=fng (4762,1838) [filtered=549]
cnt=1 s0=fng (4762,1838) [filtered=549]
cnt=1 s0=fng (4762,1838) [filtered=549]
cnt=1 s0=fng (4762,1838) [filtered=549]
cnt=1 s0=fng (4762,1838) [filtered=549]
cnt=1 s0=fng (4762,1837) [filtered=549]
cnt=1 s0=fng (4762,1837) [filtered=549]
cnt=1 s0=fng (4762,1837) [filtered=549]
cnt=1 s0=fng (4762,1836) [filtered=549]
cnt=1 s0=fng (4762,1835) [filtered=549]
cnt=1 s0=fng (4762,1835) [filtered=549]
cnt=1 s0=fng (4762,1834) [filtered=549]
cnt=1 s0=fng (4762,1834) [filtered=549]
cnt=1 s0=fng (4762,1834) [filtered=549]
cnt=1 s0=fng (4762,1833) [filtered=549]
cnt=1 s0=fng (4762,1833) [filtered=549]
cnt=1 s0=fng (4762,1833) [filtered=549]
cnt=1 s0=fng (4762,1833) [filtered=549]
cnt=1 s0=fng (4762,1833) [filtered=549]
cnt=1 s0=fng (4762,1833)* [filtered=549]
cnt=1 s0=fng (4762,1833)* [filtered=549]
cnt=1 s0=fng (4762,1833)* [filtered=549]
cnt=1 s0=fng (4762,1833)* [filtered=549]
cnt=1 s0=fng (4762,1833)* [filtered=549]
cnt=1 s0=fng (4762,1833)* [filtered=549]
cnt=1 s0=fng (4762,1832)* [filtered=549]
cnt=1 s0=fng (4762,1832)* [filtered=549]
cnt=1 s0=fng (4762,1831)* [filtered=549]
cnt=1 s0=fng (4762,1831)* [filtered=549]
cnt=1 s0=fng (4762,1830)* [filtered=549]
cnt=1 s0=fng (4762,1830)* [filtered=549]
cnt=1 s0=fng (4762,1830)* [filtered=549]
cnt=1 s0=fng (4762,1829)* [filtered=549]
cnt=1 s0=fng (4762,1828)* [filtered=549]
cnt=1 s0=fng (4762,1827)* [filtered=549]
cnt=1 s0=fng (4762,1826)* [filtered=549]
cnt=1 s0=fng (4762,1826)* [filtered=549]
cnt=1 s0=fng (4762,1825)* [filtered=549]
cnt=1 s0=fng (4762,1824)* [filtered=549]
cnt=1 s0=fng (4762,1823)* [filtered=549]
cnt=1 s0=fng (4762,1822)* [filtered=549]
cnt=1 s0=fng (4762,1821)* [filtered=549]
cnt=1 s0=fng (4762,1821)* [filtered=549]
cnt=1 s0=fng (4762,1820)* [filtered=549]
cnt=1 s0=fng (4762,1819)* [filtered=549]
cnt=1 s0=fng (4762,1818)* [filtered=549]
cnt=1 s0=fng (4762,1817)* [filtered=549]
cnt=1 s0=fng (4762,1816)* [filtered=549]
cnt=1 s0=fng (4762,1816)* [filtered=549]
cnt=1 s0=fng (4762,1815)* [filtered=549]
cnt=1 s0=fng (4762,1815)* [filtered=549]
cnt=1 s0=fng (4762,1815)* [filtered=549]
cnt=1 s0=fng (4762,1814)* [filtered=549]
cnt=1 s0=fng (4762,1813)* [filtered=549]
cnt=1 s0=fng (4762,1813)* [filtered=549]
cnt=1 s0=fng (4762,1812)* [filtered=549]
cnt=1 s0=fng (4762,1811)* [filtered=549]
cnt=1 s0=fng (4762,1810)* [filtered=549]
cnt=1 s0=fng (4762,1809)* [filtered=549]
cnt=1 s0=fng (4762,1808)* [filtered=549]
cnt=1 s0=fng (4762,1807)* [filtered=549]
cnt=1 s0=fng (4762,1806)* [filtered=549]
cnt=1 s0=fng (4762,1805)* [filtered=549]
cnt=1 s0=fng (4762,1804)* [filtered=549]
cnt=1 s0=fng (4762,1804)* [filtered=549]
cnt=1 s0=fng (4762,1803)* [filtered=549]
cnt=1 s0=fng (4762,1802)* [filtered=549]
cnt=1 s0=fng (4762,1801)* [filtered=549]
cnt=1 s0=fng (4762,1800)* [filtered=549]
cnt=1 s0=fng (4762,1799)* [filtered=549]
cnt=1 s0=fng (4762,1798)* [filtered=549]
cnt=1 s0=fng (4762,1797)* [filtered=549]
cnt=1 s0=fng (4762,1796)* [filtered=549]
cnt=1 s0=fng (4762,1796)* [filtered=549]
cnt=1 s0=fng (4762,1795)* [filtered=549]
cnt=2 s0=PALM(4762,1794)* s1=fng (899,0) [filtered=550]
cnt=2 s0=PALM(4762,1792)* s1=fng (899,0) [filtered=551]
cnt=2 s0=PALM(4762,1790)* s1=fng (899,0) [filtered=552]
cnt=2 s0=PALM(4762,1789)* s1=fng (899,0) [filtered=553]
cnt=2 s0=PALM(4762,1787)* s1=fng (899,0) [filtered=554]
cnt=2 s0=PALM(4762,1785)* s1=fng (899,0) [filtered=555]
cnt=2 s0=PALM(4762,1783)* s1=fng (899,0) [filtered=556]
cnt=2 s0=PALM(4762,1782)* s1=fng (899,0) [filtered=557]
cnt=2 s0=PALM(4762,1780)* s1=fng (899,0) [filtered=558]
cnt=2 s0=PALM(4762,1778)* s1=fng (899,1) [filtered=559]
cnt=2 s0=PALM(4762,1776)* s1=fng (899,1) [filtered=560]
cnt=2 s0=PALM(4761,1774)* s1=fng (899,2) [filtered=561]
cnt=2 s0=PALM(4760,1773)* s1=fng (899,2) [filtered=562]
cnt=2 s0=PALM(4759,1771)* s1=fng (899,2) [filtered=563]
cnt=2 s0=PALM(4758,1769)* s1=fng (899,2) [filtered=564]
cnt=2 s0=PALM(4757,1767)* s1=fng (899,2) [filtered=565]
cnt=2 s0=PALM(4756,1765)* s1=fng (899,2) [filtered=566]
cnt=2 s0=PALM(4756,1764)* s1=fng (899,2) [filtered=567]
cnt=2 s0=PALM(4755,1763)* s1=fng (899,2) [filtered=568]
cnt=1 s0=fng (4755,1761)* [filtered=568]
cnt=1 s0=fng (4755,1759)* [filtered=568]
cnt=1 s0=fng (4755,1758)* [filtered=568]
cnt=1 s0=fng (4755,1757)* [filtered=568]
cnt=1 s0=fng (4755,1756)* [filtered=568]
cnt=1 s0=fng (4755,1755)* [filtered=568]
cnt=1 s0=fng (4755,1754)* [filtered=568]
cnt=1 s0=fng (4755,1754)* [filtered=568]
cnt=1 s0=fng (4755,1753)* [filtered=568]
cnt=1 s0=fng (4755,1752)* [filtered=568]
cnt=1 s0=fng (4755,1751)* [filtered=568]
cnt=1 s0=fng (4755,1749)* [filtered=568]
cnt=1 s0=fng (4755,1748)* [filtered=568]
cnt=1 s0=fng (4755,1747)* [filtered=568]
cnt=1 s0=fng (4755,1745)* [filtered=568]
cnt=1 s0=fng (4755,1743)* [filtered=568]
cnt=1 s0=fng (4755,1741)* [filtered=568]
cnt=1 s0=fng (4755,1740)* [filtered=568]
cnt=1 s0=fng (4755,1738)* [filtered=568]
cnt=1 s0=fng (4755,1736)* [filtered=568]
cnt=1 s0=fng (4755,1734)* [filtered=568]
cnt=1 s0=fng (4755,1733)* [filtered=568]
cnt=1 s0=fng (4755,1732)* [filtered=568]
cnt=1 s0=fng (4755,1730)* [filtered=568]
cnt=1 s0=fng (4755,1729)* [filtered=568]
cnt=1 s0=fng (4755,1728)* [filtered=568]
cnt=1 s0=fng (4755,1727)* [filtered=568]
cnt=1 s0=fng (4755,1727)* [filtered=568]
cnt=1 s0=fng (4755,1727)* [filtered=568]
cnt=1 s0=fng (4755,1727)* [filtered=568]
cnt=1 s0=fng (4755,1727)* [filtered=568]
cnt=1 s0=fng (4755,1727)* [filtered=568]
cnt=1 s0=fng (4755,1727)* [filtered=568]
cnt=1 s0=fng (4755,1727)* [filtered=568]
cnt=1 s0=fng (4755,1727)* [filtered=568]
cnt=1 s0=fng (4755,1727)* [filtered=568]
cnt=1 s0=fng (4755,1727)* [filtered=568]
cnt=1 s0=fng (4755,1728)* [filtered=568]
cnt=1 s0=fng (4755,1729)* [filtered=568]
cnt=1 s0=fng (4755,1731)* [filtered=568]
cnt=1 s0=fng (4755,1732)* [filtered=568]
cnt=1 s0=fng (4755,1734)* [filtered=568]
cnt=1 s0=fng (4755,1736)* [filtered=568]
cnt=1 s0=fng (4755,1739)* [filtered=568]
cnt=1 s0=fng (4756,1743) [filtered=568]
cnt=1 s0=fng (4756,1746) [filtered=568]
cnt=1 s0=fng (4757,1750) [filtered=568]
cnt=1 s0=fng (4758,1755) [filtered=568]
cnt=1 s0=fng (4759,1760) [filtered=568]
cnt=1 s0=fng (4760,1765) [filtered=568]
cnt=1 s0=fng (4760,1769) [filtered=568]
cnt=1 s0=fng (4761,1773) [filtered=568]
cnt=1 s0=fng (4762,1778) [filtered=568]
cnt=1 s0=fng (4762,1783) [filtered=568]
cnt=1 s0=fng (4762,1787) [filtered=568]
cnt=1 s0=fng (4762,1790) [filtered=568]
cnt=1 s0=fng (4762,1793) [filtered=568]
cnt=1 s0=fng (4762,1796) [filtered=568]
cnt=1 s0=fng (4762,1799) [filtered=568]
cnt=1 s0=fng (4762,1802) [filtered=568]
cnt=1 s0=fng (4762,1804) [filtered=568]
cnt=1 s0=fng (4762,1806) [filtered=568]
cnt=1 s0=fng (4762,1808) [filtered=568]
cnt=1 s0=fng (4762,1811) [filtered=568]
cnt=1 s0=fng (4762,1813) [filtered=568]
cnt=1 s0=fng (4762,1815) [filtered=568]
cnt=1 s0=fng (4762,1816) [filtered=568]
cnt=1 s0=fng (4762,1818) [filtered=568]
cnt=1 s0=fng (816,0) [filtered=568]
cnt=1 s0=fng (816,0) [filtered=568]
cnt=1 s0=fng (816,0) [filtered=568]
cnt=1 s0=fng (816,0) [filtered=568]
cnt=1 s0=fng (816,0) [filtered=568]
cnt=1 s0=fng (816,0) [filtered=568]
cnt=1 s0=fng (816,0) [filtered=568]
cnt=1 s0=fng (816,0) [filtered=568]
cnt=1 s0=fng (816,0) [filtered=568]
cnt=1 s0=fng (816,0) [filtered=568]
cnt=1 s0=fng (815,0) [filtered=568]
cnt=1 s0=fng (815,0) [filtered=568]
cnt=1 s0=fng (815,0) [filtered=568]
cnt=1 s0=fng (814,0) [filtered=568]
cnt=1 s0=fng (813,0) [filtered=568]
cnt=1 s0=fng (812,0) [filtered=568]
cnt=1 s0=fng (812,0) [filtered=568]
cnt=1 s0=fng (812,0) [filtered=568]
cnt=1 s0=fng (4762,1584) [filtered=568]
cnt=1 s0=fng (4762,1584) [filtered=568]
cnt=1 s0=fng (4762,1584) [filtered=568]
cnt=1 s0=fng (4762,1584) [filtered=568]
cnt=1 s0=fng (4762,1584) [filtered=568]
cnt=1 s0=fng (4762,1584) [filtered=568]
cnt=1 s0=fng (4762,1584) [filtered=568]
cnt=1 s0=fng (4762,1584) [filtered=568]
cnt=1 s0=fng (4762,1584) [filtered=568]
cnt=1 s0=fng (4762,1584) [filtered=568]
cnt=1 s0=fng (4762,1584) [filtered=568]
cnt=1 s0=fng (4762,1584) [filtered=568]
cnt=1 s0=fng (4762,1584) [filtered=568]
cnt=1 s0=fng (4762,1584) [filtered=568]
cnt=1 s0=fng (4762,1584) [filtered=568]
cnt=1 s0=fng (4762,1584) [filtered=568]
cnt=1 s0=fng (4762,1584) [filtered=568]
cnt=1 s0=fng (4762,1584) [filtered=568]
cnt=1 s0=fng (4762,1584) [filtered=568]
cnt=1 s0=fng (4762,1584) [filtered=568]
cnt=1 s0=fng (4762,1584)* [filtered=568]
cnt=1 s0=fng (4762,1584)* [filtered=568]
cnt=1 s0=fng (4762,1584)* [filtered=568]
cnt=1 s0=fng (4762,1584)* [filtered=568]
cnt=1 s0=fng (4762,1585)* [filtered=568]
cnt=1 s0=fng (4762,1585)* [filtered=568]
cnt=1 s0=fng (4762,1585)* [filtered=568]
cnt=1 s0=fng (4762,1585)* [filtered=568]
cnt=1 s0=fng (4762,1585)* [filtered=568]
cnt=1 s0=fng (4762,1585)* [filtered=568]
cnt=1 s0=fng (4762,1585)* [filtered=568]
cnt=1 s0=fng (4762,1585)* [filtered=568]
cnt=1 s0=fng (4762,1585)* [filtered=568]
cnt=1 s0=fng (4762,1585)* [filtered=568]
cnt=1 s0=fng (4761,1585)* [filtered=568]
cnt=1 s0=fng (4760,1585)* [filtered=568]
cnt=1 s0=fng (4760,1585)* [filtered=568]
cnt=1 s0=fng (4760,1585)* [filtered=568]
cnt=1 s0=fng (4760,1585)* [filtered=568]
cnt=1 s0=fng (4759,1585)* [filtered=568]
cnt=1 s0=fng (4759,1585)* [filtered=568]
cnt=1 s0=fng (4758,1585)* [filtered=568]
cnt=1 s0=fng (4757,1585)* [filtered=568]
cnt=1 s0=fng (4756,1585)* [filtered=568]
cnt=1 s0=fng (4755,1585)* [filtered=568]
cnt=1 s0=fng (4755,1585)* [filtered=568]
cnt=1 s0=fng (4754,1585)* [filtered=568]
cnt=1 s0=fng (4753,1584)* [filtered=568]
cnt=1 s0=fng (4752,1584)* [filtered=568]
cnt=1 s0=fng (4751,1584)* [filtered=568]
cnt=1 s0=fng (4750,1584)* [filtered=568]
cnt=1 s0=fng (4749,1583)* [filtered=568]
cnt=1 s0=fng (4748,1582)* [filtered=568]
cnt=1 s0=fng (4747,1582)* [filtered=568]
cnt=1 s0=fng (4747,1582)* [filtered=568]
cnt=1 s0=fng (4746,1582)* [filtered=568]
cnt=1 s0=fng (4745,1582)* [filtered=568]
cnt=1 s0=fng (4744,1582)* [filtered=568]
cnt=1 s0=fng (4743,1582)* [filtered=568]
cnt=1 s0=fng (4742,1582)* [filtered=568]
cnt=1 s0=fng (4742,1582)* [filtered=568]
cnt=1 s0=fng (4742,1582)* [filtered=568]
cnt=1 s0=fng (4742,1582)* [filtered=568]
cnt=1 s0=fng (4742,1582)* [filtered=568]
cnt=1 s0=fng (4742,1582)* [filtered=568]
cnt=1 s0=fng (4742,1582)* [filtered=568]
cnt=1 s0=fng (4742,1582)* [filtered=568]
cnt=1 s0=fng (4742,1582)* [filtered=568]
cnt=1 s0=fng (4742,1582)* [filtered=568]
cnt=1 s0=fng (4742,1582)* [filtered=568]
cnt=1 s0=fng (4742,1582)* [filtered=568]
cnt=1 s0=fng (4742,1582)* [filtered=568]
cnt=1 s0=fng (4742,1582)* [filtered=568]
cnt=1 s0=fng (4742,1582)* [filtered=568]
cnt=1 s0=fng (4742,1582)* [filtered=568]
cnt=1 s0=fng (4742,1583)* [filtered=568]
cnt=1 s0=fng (4742,1584)* [filtered=568]
cnt=1 s0=fng (4742,1584)* [filtered=568]
cnt=1 s0=fng (4742,1584)* [filtered=568]
cnt=1 s0=fng (4742,1585)* [filtered=568]
cnt=1 s0=fng (4742,1585)* [filtered=568]
cnt=1 s0=fng (4742,1586)* [filtered=568]
cnt=1 s0=fng (4742,1586)* [filtered=568]
cnt=1 s0=fng (4742,1586)* [filtered=568]
cnt=1 s0=fng (4742,1587)* [filtered=568]
cnt=1 s0=fng (4742,1588)* [filtered=568]
cnt=1 s0=fng (4742,1588)* [filtered=568]
cnt=1 s0=fng (4742,1588)* [filtered=568]
cnt=1 s0=fng (4742,1589)* [filtered=568]
cnt=1 s0=fng (4742,1590)* [filtered=568]
cnt=1 s0=fng (4742,1591)* [filtered=568]
cnt=1 s0=fng (4743,1592)* [filtered=568]
cnt=1 s0=fng (4743,1593)* [filtered=568]
cnt=1 s0=fng (4744,1594)* [filtered=568]
cnt=1 s0=fng (4745,1596)* [filtered=568]
cnt=1 s0=fng (4746,1598)* [filtered=568]
cnt=1 s0=fng (4747,1599)* [filtered=568]
cnt=1 s0=fng (4748,1600)* [filtered=568]
cnt=1 s0=fng (4762,1676) [filtered=568]
cnt=1 s0=fng (4762,1676) [filtered=568]
cnt=1 s0=fng (4762,1676) [filtered=568]
cnt=1 s0=fng (4762,1676) [filtered=568]
cnt=1 s0=fng (4762,1675) [filtered=568]
cnt=1 s0=fng (4762,1675) [filtered=568]
cnt=1 s0=fng (4762,1675) [filtered=568]
cnt=1 s0=fng (4762,1674) [filtered=568]
cnt=1 s0=fng (4762,1674) [filtered=568]
cnt=1 s0=fng (4762,1674) [filtered=568]
cnt=1 s0=fng (4762,1674) [filtered=568]
cnt=1 s0=fng (4762,1674) [filtered=568]
cnt=1 s0=fng (45,1645) [filtered=568]
cnt=1 s0=fng (45,1645) [filtered=568]
cnt=1 s0=fng (45,1645) [filtered=568]
cnt=1 s0=fng (45,1644) [filtered=568]
cnt=1 s0=fng (45,1644) [filtered=568]
cnt=1 s0=fng (45,1644) [filtered=568]
cnt=1 s0=fng (45,1643) [filtered=568]
cnt=1 s0=fng (45,1642) [filtered=568]
cnt=1 s0=fng (45,1642) [filtered=568]
cnt=1 s0=fng (45,1642) [filtered=568]
cnt=1 s0=fng (1109,11) [filtered=568]
cnt=1 s0=fng (1109,11) [filtered=568]
cnt=1 s0=fng (1109,11) [filtered=568]
cnt=1 s0=fng (1109,11) [filtered=568]
cnt=1 s0=fng (1109,11) [filtered=568]
cnt=1 s0=fng (1109,11) [filtered=568]
cnt=1 s0=fng (1109,11) [filtered=568]
cnt=1 s0=fng (1109,11) [filtered=568]
cnt=1 s0=fng (1109,11) [filtered=568]
cnt=1 s0=fng (1108,11) [filtered=568]
cnt=1 s0=fng (1108,11) [filtered=568]
cnt=1 s0=fng (1108,11) [filtered=568]
cnt=1 s0=fng (1108,11) [filtered=568]
cnt=1 s0=fng (1108,11) [filtered=568]
cnt=1 s0=fng (1222,12) [filtered=568]
cnt=1 s0=fng (1222,12) [filtered=568]
cnt=1 s0=fng (1222,12) [filtered=568]
cnt=1 s0=fng (1222,12) [filtered=568]
cnt=1 s0=fng (1222,12) [filtered=568]
cnt=1 s0=fng (1222,12) [filtered=568]
cnt=1 s0=fng (1222,12) [filtered=568]
cnt=1 s0=fng (1222,12) [filtered=568]
cnt=1 s0=fng (1222,12) [filtered=568]
cnt=1 s0=fng (1222,12) [filtered=568]
cnt=1 s0=fng (1222,12) [filtered=568]
cnt=1 s0=fng (1222,12) [filtered=568]
cnt=1 s0=fng (1222,12) [filtered=568]
cnt=1 s0=fng (1222,12) [filtered=568]
cnt=1 s0=fng (1222,12) [filtered=568]
cnt=1 s0=fng (1222,12) [filtered=568]
cnt=1 s0=fng (1222,12) [filtered=568]
cnt=1 s0=fng (1222,12) [filtered=568]
cnt=1 s0=fng (1222,12) [filtered=568]
cnt=1 s0=fng (1221,12) [filtered=568]
cnt=1 s0=fng (1221,12)* [filtered=568]
cnt=1 s0=fng (1220,12)* [filtered=568]
cnt=1 s0=fng (1206,17) [filtered=568]
cnt=1 s0=fng (1206,17) [filtered=568]
cnt=1 s0=fng (1206,17) [filtered=568]
cnt=1 s0=fng (1206,17) [filtered=568]
cnt=1 s0=fng (1206,17) [filtered=568]
cnt=1 s0=fng (1206,17) [filtered=568]
cnt=1 s0=fng (1206,17) [filtered=568]
cnt=1 s0=fng (1206,17) [filtered=568]
cnt=1 s0=fng (1206,17) [filtered=568]
cnt=1 s0=fng (1206,17) [filtered=568]
cnt=1 s0=fng (1206,17) [filtered=568]
cnt=1 s0=fng (1206,17) [filtered=568]
cnt=1 s0=fng (1206,17) [filtered=568]
cnt=1 s0=fng (1205,17) [filtered=568]
cnt=1 s0=fng (1205,17) [filtered=568]
cnt=1 s0=fng (1204,17) [filtered=568]
cnt=1 s0=fng (1154,40) [filtered=568]
cnt=1 s0=fng (1154,40) [filtered=568]
cnt=1 s0=fng (1154,40) [filtered=568]
cnt=1 s0=fng (1154,40) [filtered=568]
cnt=1 s0=fng (1154,40) [filtered=568]
cnt=1 s0=fng (1154,40) [filtered=568]
cnt=1 s0=fng (1154,40) [filtered=568]
cnt=1 s0=fng (1154,40) [filtered=568]
cnt=1 s0=fng (1154,40) [filtered=568]
cnt=1 s0=fng (1154,40) [filtered=568]
cnt=1 s0=fng (1154,40) [filtered=568]
cnt=1 s0=fng (1154,40) [filtered=568]
cnt=1 s0=fng (1153,40) [filtered=568]
cnt=1 s0=fng (1153,40) [filtered=568]
cnt=1 s0=fng (1152,40) [filtered=568]
cnt=1 s0=fng (4762,1987) [filtered=568]
cnt=1 s0=fng (4762,1987) [filtered=568]
cnt=1 s0=fng (4762,1987) [filtered=568]
cnt=1 s0=fng (4762,1987) [filtered=568]
cnt=1 s0=fng (4762,1986) [filtered=568]
cnt=1 s0=fng (4762,1985) [filtered=568]
cnt=1 s0=fng (4762,1985) [filtered=568]
cnt=1 s0=fng (4762,1985) [filtered=568]
cnt=1 s0=fng (4762,1985) [filtered=568]
cnt=1 s0=fng (4762,1985) [filtered=568]
cnt=1 s0=fng (4762,1985) [filtered=568]
cnt=1 s0=fng (4762,1985) [filtered=568]
cnt=1 s0=fng (4651,1680) [filtered=568]
cnt=1 s0=fng (4651,1680) [filtered=568]
cnt=1 s0=fng (4650,1680) [filtered=568]
cnt=1 s0=fng (4649,1680) [filtered=568]
cnt=1 s0=fng (4647,1680) [filtered=568]
cnt=1 s0=fng (4645,1680) [filtered=568]
cnt=1 s0=fng (4644,1680) [filtered=568]
cnt=1 s0=fng (4642,1680) [filtered=568]
cnt=1 s0=fng (4641,1680) [filtered=568]
cnt=1 s0=fng (4640,1680) [filtered=568]
cnt=1 s0=fng (4638,1680) [filtered=568]
cnt=1 s0=fng (4637,1680) [filtered=568]
cnt=1 s0=fng (4637,1680) [filtered=568]
cnt=1 s0=fng (4637,1679) [filtered=568]
cnt=1 s0=fng (4637,1679) [filtered=568]
cnt=1 s0=fng (4637,1679) [filtered=568]
cnt=1 s0=fng (4637,1678) [filtered=568]
cnt=1 s0=fng (4637,1678) [filtered=568]
cnt=1 s0=fng (4637,1677) [filtered=568]
cnt=1 s0=fng (4637,1676) [filtered=568]
cnt=1 s0=fng (4637,1676)* [filtered=568]
cnt=1 s0=fng (4637,1675)* [filtered=568]
cnt=1 s0=fng (4637,1675)* [filtered=568]
cnt=1 s0=fng (4637,1674)* [filtered=568]
cnt=1 s0=fng (4637,1674)* [filtered=568]
cnt=1 s0=fng (4637,1674)* [filtered=568]
cnt=1 s0=fng (4637,1673)* [filtered=568]
cnt=1 s0=fng (4637,1672)* [filtered=568]
cnt=1 s0=fng (4637,1670)* [filtered=568]
cnt=1 s0=fng (4637,1669)* [filtered=568]
cnt=1 s0=fng (4637,1668)* [filtered=568]
cnt=1 s0=fng (4637,1667)* [filtered=568]
cnt=1 s0=fng (4636,1665)* [filtered=568]
cnt=1 s0=fng (4635,1664)* [filtered=568]
cnt=1 s0=fng (4635,1663)* [filtered=568]
cnt=1 s0=fng (4634,1662)* [filtered=568]
cnt=1 s0=fng (4632,1661)* [filtered=568]
cnt=1 s0=fng (4630,1660)* [filtered=568]
cnt=1 s0=fng (4628,1659)* [filtered=568]
cnt=1 s0=fng (4627,1659)* [filtered=568]
cnt=1 s0=fng (4625,1659)* [filtered=568]
cnt=1 s0=fng (4623,1658)* [filtered=568]
cnt=1 s0=fng (4621,1657)* [filtered=568]
cnt=1 s0=fng (4620,1657)* [filtered=568]
cnt=1 s0=fng (4618,1657)* [filtered=568]
cnt=1 s0=fng (4616,1657)* [filtered=568]
cnt=1 s0=fng (4614,1657)* [filtered=568]
cnt=1 s0=fng (4613,1657)* [filtered=568]
cnt=1 s0=fng (4612,1657)* [filtered=568]
cnt=1 s0=fng (4611,1657)* [filtered=568]
cnt=1 s0=fng (4610,1657)* [filtered=568]
cnt=1 s0=fng (4609,1657)* [filtered=568]
cnt=1 s0=fng (4608,1657)* [filtered=568]
cnt=1 s0=fng (4607,1657)* [filtered=568]
cnt=1 s0=fng (4606,1657)* [filtered=568]
cnt=1 s0=fng (4606,1657)* [filtered=568]
cnt=1 s0=fng (4606,1657)* [filtered=568]
cnt=1 s0=fng (4606,1657)* [filtered=568]
cnt=1 s0=fng (4606,1658)* [filtered=568]
cnt=1 s0=fng (4606,1659)* [filtered=568]
cnt=1 s0=fng (4606,1659)* [filtered=568]
cnt=1 s0=fng (4606,1660)* [filtered=568]
cnt=1 s0=fng (4606,1660)* [filtered=568]
cnt=1 s0=fng (4606,1660)* [filtered=568]
cnt=1 s0=fng (4606,1661)* [filtered=568]
cnt=1 s0=fng (4606,1661)* [filtered=568]
cnt=1 s0=fng (4606,1662)* [filtered=568]
cnt=1 s0=fng (4606,1662)* [filtered=568]
cnt=1 s0=fng (4606,1663)* [filtered=568]
cnt=1 s0=fng (4606,1664)* [filtered=568]
cnt=1 s0=fng (4606,1665)* [filtered=568]
cnt=1 s0=fng (4606,1666)* [filtered=568]
cnt=1 s0=fng (4606,1667)* [filtered=568]
cnt=1 s0=fng (4607,1668)* [filtered=568]
cnt=1 s0=fng (4608,1669)* [filtered=568]
cnt=1 s0=fng (4609,1670)* [filtered=568]
cnt=1 s0=fng (4610,1672)* [filtered=568]
cnt=1 s0=fng (4610,1673)* [filtered=568]
cnt=1 s0=fng (4612,1675) [filtered=568]
cnt=1 s0=fng (4614,1677) [filtered=568]
cnt=1 s0=fng (4615,1679) [filtered=568]
cnt=1 s0=fng (4616,1680) [filtered=568]
cnt=1 s0=fng (4617,1682) [filtered=568]
cnt=1 s0=fng (4618,1684) [filtered=568]
cnt=1 s0=fng (4620,1686) [filtered=568]
cnt=1 s0=fng (4622,1688) [filtered=568]
cnt=1 s0=fng (4623,1689) [filtered=568]
cnt=1 s0=fng (4625,1691) [filtered=568]
cnt=1 s0=fng (4626,1693) [filtered=568]
cnt=1 s0=fng (4628,1695) [filtered=568]
cnt=1 s0=fng (4630,1696) [filtered=568]
cnt=1 s0=fng (4631,1697) [filtered=568]
cnt=1 s0=fng (4632,1698) [filtered=568]
cnt=1 s0=fng (4633,1699) [filtered=568]
cnt=1 s0=fng (4634,1699) [filtered=568]
cnt=1 s0=fng (4634,1699) [filtered=568]
cnt=1 s0=fng (4634,1699) [filtered=568]
cnt=1 s0=fng (4634,1699) [filtered=568]
cnt=1 s0=fng (4634,1698) [filtered=568]
cnt=1 s0=fng (4634,1698) [filtered=568]
cnt=1 s0=fng (4634,1698) [filtered=568]
cnt=1 s0=fng (4634,1697) [filtered=568]
cnt=1 s0=fng (4634,1696) [filtered=568]
cnt=1 s0=fng (4634,1695) [filtered=568]
cnt=1 s0=fng (4634,1694) [filtered=568]
cnt=1 s0=fng (4634,1694) [filtered=568]
cnt=1 s0=fng (4634,1694) [filtered=568]
cnt=1 s0=fng (4634,1694) [filtered=568]
cnt=1 s0=fng (4635,1695) [filtered=568]
cnt=1 s0=fng (4636,1697)* [filtered=568]
cnt=1 s0=fng (4636,1698)* [filtered=568]
cnt=1 s0=fng (4637,1700)* [filtered=568]
cnt=1 s0=fng (4639,1704) [filtered=568]
cnt=1 s0=fng (4642,1709) [filtered=568]
cnt=1 s0=fng (4643,1713) [filtered=568]
cnt=1 s0=fng (4647,1720) [filtered=568]
cnt=1 s0=fng (4652,1728) [filtered=568]
cnt=1 s0=fng (4657,1736) [filtered=568]
cnt=1 s0=fng (4756,1863) [filtered=568]
cnt=1 s0=fng (4756,1863) [filtered=568]
cnt=1 s0=fng (4756,1862) [filtered=568]
cnt=1 s0=fng (4756,1861) [filtered=568]
cnt=1 s0=fng (4756,1860) [filtered=568]
cnt=1 s0=fng (4756,1860) [filtered=568]
cnt=1 s0=fng (4756,1859) [filtered=568]
cnt=1 s0=fng (4756,1858) [filtered=568]
cnt=1 s0=fng (4756,1856) [filtered=568]
cnt=1 s0=fng (4756,1854) [filtered=568]
cnt=1 s0=fng (4756,1853) [filtered=568]
cnt=1 s0=fng (4755,1849) [filtered=568]
cnt=1 s0=fng (4753,1844) [filtered=568]
cnt=1 s0=fng (4751,1838) [filtered=568]
cnt=1 s0=fng (4749,1830) [filtered=568]
cnt=1 s0=fng (4748,1823) [filtered=568]
cnt=1 s0=fng (4746,1815) [filtered=568]
cnt=1 s0=fng (4743,1806) [filtered=568]
cnt=1 s0=fng (4740,1796) [filtered=568]
cnt=1 s0=fng (4738,1787) [filtered=568]
cnt=1 s0=fng (4735,1778) [filtered=568]
cnt=1 s0=fng (4732,1769) [filtered=568]
cnt=1 s0=fng (4729,1760) [filtered=568]
cnt=1 s0=fng (4726,1752) [filtered=568]
cnt=1 s0=fng (4724,1745) [filtered=568]
cnt=1 s0=fng (4723,1739) [filtered=568]
cnt=1 s0=fng (4722,1734) [filtered=568]
cnt=1 s0=fng (4721,1730) [filtered=568]
cnt=1 s0=fng (4720,1728) [filtered=568]
cnt=1 s0=fng (4720,1726) [filtered=568]
cnt=1 s0=fng (4720,1726) [filtered=568]
cnt=1 s0=fng (4720,1726) [filtered=568]
cnt=1 s0=fng (4720,1729) [filtered=568]
cnt=1 s0=fng (4720,1730) [filtered=568]
cnt=1 s0=fng (4721,1733) [filtered=568]
cnt=1 s0=fng (4722,1737) [filtered=568]
cnt=1 s0=fng (4723,1743) [filtered=568]
cnt=1 s0=fng (4724,1752) [filtered=568]
cnt=1 s0=fng (4725,1761) [filtered=568]
cnt=1 s0=fng (4727,1771) [filtered=568]
cnt=1 s0=fng (4729,1784) [filtered=568]
cnt=1 s0=fng (4733,1799) [filtered=568]
cnt=1 s0=fng (4737,1814) [filtered=568]
cnt=1 s0=fng (4740,1828) [filtered=568]
cnt=1 s0=fng (4744,1841) [filtered=568]
cnt=1 s0=fng (4758,2213) [filtered=568]
cnt=1 s0=fng (4758,2213) [filtered=568]
cnt=1 s0=fng (4758,2213) [filtered=568]
cnt=1 s0=fng (4758,2213) [filtered=568]
