touchpad: x[0..4762] y[0..3099] res=32,32 slots=5
palm: bottom_zone=1200 edge_left=476 edge_right=4285 spread=400
virtual device created: ASUF1209 Palm Filtered Touchpad
grabbed source device (exclusive)
ev: ABS code=57 val=69 (slot=0)
ev: ABS code=53 val=594 (slot=0)
ev: ABS code=54 val=2805 (slot=0)
ev: KEY code=0x14a val=1
ev: KEY code=0x145 val=1
ev: ABS code=0 val=594 (slot=0)
ev: ABS code=1 val=2805 (slot=0)
ev: SYN code=0
cnt=1 s0=fng (594,2805) [filtered=0]
ev: SYN code=0
cnt=1 s0=fng (594,2805) [filtered=0]
ev: SYN code=0
cnt=1 s0=fng (594,2805) [filtered=0]
ev: SYN code=0
cnt=1 s0=fng (594,2805) [filtered=0]
ev: SYN code=0
cnt=1 s0=fng (594,2805) [filtered=0]
ev: SYN code=0
cnt=1 s0=fng (594,2805) [filtered=0]
ev: SYN code=0
cnt=1 s0=fng (594,2805) [filtered=0]
ev: SYN code=0
cnt=1 s0=fng (594,2805) [filtered=0]
ev: KEY code=0x110 val=1
click: x=594 -> zone=0x110
ev: SYN code=0
cnt=1 s0=fng (594,2805) [filtered=0]
ev: SYN code=0
cnt=1 s0=fng (594,2805) [filtered=0]
ev: SYN code=0
cnt=1 s0=fng (594,2805) [filtered=0]
ev: SYN code=0
cnt=1 s0=fng (594,2805) [filtered=0]
ev: SYN code=0
cnt=1 s0=fng (594,2805) [filtered=0]
ev: SYN code=0
cnt=1 s0=fng (594,2805) [filtered=0]
ev: SYN code=0
cnt=1 s0=fng (594,2805) [filtered=0]
ev: SYN code=0
cnt=1 s0=fng (594,2805) [filtered=0]
ev: SYN code=0
cnt=1 s0=fng (594,2805) [filtered=0]
ev: SYN code=0
cnt=1 s0=fng (594,2805) [filtered=0]
ev: SYN code=0
cnt=1 s0=fng (594,2805) [filtered=0]
ev: SYN code=0
cnt=1 s0=fng (594,2805) [filtered=0]
ev: SYN code=0
cnt=1 s0=fng (594,2805)* [filtered=0]
ev: SYN code=0
cnt=1 s0=fng (594,2805)* [filtered=0]
ev: SYN code=0
cnt=1 s0=fng (594,2805)* [filtered=0]
ev: SYN code=0
cnt=1 s0=fng (594,2805)* [filtered=0]
ev: SYN code=0
cnt=1 s0=fng (594,2805)* [filtered=0]
ev: SYN code=0
cnt=1 s0=fng (594,2805)* [filtered=0]
ev: SYN code=0
cnt=1 s0=fng (594,2805)* [filtered=0]
ev: ABS code=54 val=2804 (slot=0)
ev: ABS code=1 val=2804 (slot=0)
ev: SYN code=0
cnt=1 s0=fng (594,2804)* [filtered=0]
ev: SYN code=0
cnt=1 s0=fng (594,2804)* [filtered=0]
ev: SYN code=0
cnt=1 s0=fng (594,2804)* [filtered=0]
ev: ABS code=54 val=2803 (slot=0)
ev: ABS code=1 val=2803 (slot=0)
ev: SYN code=0
cnt=1 s0=fng (594,2803)* [filtered=0]
ev: SYN code=0
cnt=1 s0=fng (594,2803)* [filtered=0]
ev: SYN code=0
cnt=1 s0=fng (594,2803)* [filtered=0]
ev: SYN code=0
cnt=1 s0=fng (594,2803)* [filtered=0]
ev: SYN code=0
cnt=1 s0=fng (594,2803)* [filtered=0]
ev: SYN code=0
cnt=1 s0=fng (594,2803)* [filtered=0]
ev: SYN code=0
cnt=1 s0=fng (594,2803)* [filtered=0]
ev: SYN code=0
cnt=1 s0=fng (594,2803)* [filtered=0]
ev: SYN code=0
cnt=1 s0=fng (594,2803)* [filtered=0]
ev: SYN code=0
cnt=1 s0=fng (594,2803)* [filtered=0]
ev: ABS code=53 val=593 (slot=0)
ev: ABS code=0 val=593 (slot=0)
ev: SYN code=0
cnt=1 s0=fng (593,2803)* [filtered=0]
ev: SYN code=0
cnt=1 s0=fng (593,2803)* [filtered=0]
ev: ABS code=53 val=592 (slot=0)
ev: KEY code=0x110 val=0
ev: ABS code=0 val=592 (slot=0)
ev: SYN code=0
cnt=1 s0=fng (592,2803)* [filtered=0]
ev: ABS code=53 val=591 (slot=0)
ev: ABS code=0 val=591 (slot=0)
ev: SYN code=0
cnt=1 s0=fng (591,2803)* [filtered=0]
ev: ABS code=53 val=588 (slot=0)
ev: ABS code=54 val=2804 (slot=0)
ev: ABS code=0 val=588 (slot=0)
ev: ABS code=1 val=2804 (slot=0)
ev: SYN code=0
cnt=1 s0=fng (588,2804) [filtered=0]
ev: ABS code=53 val=584 (slot=0)
ev: ABS code=54 val=2805 (slot=0)
ev: ABS code=0 val=584 (slot=0)
ev: ABS code=1 val=2805 (slot=0)
ev: SYN code=0
cnt=1 s0=fng (584,2805) [filtered=0]
ev: ABS code=53 val=577 (slot=0)
ev: ABS code=54 val=2806 (slot=0)
ev: ABS code=0 val=577 (slot=0)
ev: ABS code=1 val=2806 (slot=0)
ev: SYN code=0
cnt=1 s0=fng (577,2806) [filtered=0]
ev: ABS code=53 val=571 (slot=0)
ev: ABS code=0 val=571 (slot=0)
ev: SYN code=0
cnt=1 s0=fng (571,2806) [filtered=0]
ev: ABS code=53 val=561 (slot=0)
ev: ABS code=54 val=2807 (slot=0)
ev: ABS code=0 val=561 (slot=0)
ev: ABS code=1 val=2807 (slot=0)
ev: SYN code=0
cnt=1 s0=fng (561,2807) [filtered=0]
ev: ABS code=53 val=547 (slot=0)
ev: ABS code=54 val=2810 (slot=0)
ev: ABS code=0 val=547 (slot=0)
ev: ABS code=1 val=2810 (slot=0)
ev: SYN code=0
cnt=1 s0=fng (547,2810) [filtered=0]
ev: ABS code=53 val=533 (slot=0)
ev: ABS code=54 val=2813 (slot=0)
ev: ABS code=0 val=533 (slot=0)
ev: ABS code=1 val=2813 (slot=0)
ev: SYN code=0
cnt=1 s0=fng (533,2813) [filtered=0]
ev: ABS code=53 val=519 (slot=0)
ev: ABS code=54 val=2816 (slot=0)
ev: ABS code=0 val=519 (slot=0)
ev: ABS code=1 val=2816 (slot=0)
ev: SYN code=0
cnt=1 s0=fng (519,2816) [filtered=0]
ev: ABS code=53 val=505 (slot=0)
ev: ABS code=54 val=2818 (slot=0)
ev: ABS code=0 val=505 (slot=0)
ev: ABS code=1 val=2818 (slot=0)
ev: SYN code=0
cnt=1 s0=fng (505,2818) [filtered=0]
ev: ABS code=57 val=-1 (slot=0)
ev: KEY code=0x14a val=0
ev: KEY code=0x145 val=0
ev: SYN code=0
ev: ABS code=57 val=70 (slot=0)
ev: ABS code=53 val=2497 (slot=0)
ev: ABS code=54 val=2777 (slot=0)
ev: KEY code=0x14a val=1
ev: KEY code=0x145 val=1
ev: ABS code=0 val=2497 (slot=0)
ev: ABS code=1 val=2777 (slot=0)
ev: SYN code=0
cnt=1 s0=fng (2497,2777) [filtered=0]
ev: SYN code=0
cnt=1 s0=fng (2497,2777) [filtered=0]
ev: SYN code=0
cnt=1 s0=fng (2497,2777) [filtered=0]
ev: SYN code=0
cnt=1 s0=fng (2497,2777) [filtered=0]
ev: SYN code=0
cnt=1 s0=fng (2497,2777) [filtered=0]
ev: SYN code=0
cnt=1 s0=fng (2497,2777) [filtered=0]
ev: SYN code=0
cnt=1 s0=fng (2497,2777) [filtered=0]
ev: SYN code=0
cnt=1 s0=fng (2497,2777) [filtered=0]
ev: SYN code=0
cnt=1 s0=fng (2497,2777) [filtered=0]
ev: KEY code=0x110 val=1
click: x=2497 -> zone=0x112
ev: SYN code=0
cnt=1 s0=fng (2497,2777) [filtered=0]
ev: SYN code=0
cnt=1 s0=fng (2497,2777) [filtered=0]
ev: SYN code=0
cnt=1 s0=fng (2497,2777) [filtered=0]
ev: ABS code=53 val=2496 (slot=0)
ev: ABS code=54 val=2776 (slot=0)
ev: ABS code=0 val=2496 (slot=0)
ev: ABS code=1 val=2776 (slot=0)
ev: SYN code=0
cnt=1 s0=fng (2496,2776) [filtered=0]
ev: ABS code=53 val=2495 (slot=0)
ev: ABS code=0 val=2495 (slot=0)
ev: SYN code=0
cnt=1 s0=fng (2495,2776) [filtered=0]
ev: SYN code=0
cnt=1 s0=fng (2495,2776) [filtered=0]
ev: SYN code=0
cnt=1 s0=fng (2495,2776) [filtered=0]
ev: ABS code=53 val=2494 (slot=0)
ev: ABS code=0 val=2494 (slot=0)
ev: SYN code=0
cnt=1 s0=fng (2494,2776) [filtered=0]
ev: SYN code=0
cnt=1 s0=fng (2494,2776) [filtered=0]
ev: SYN code=0
cnt=1 s0=fng (2494,2776) [filtered=0]
ev: SYN code=0
cnt=1 s0=fng (2494,2776) [filtered=0]
ev: SYN code=0
cnt=1 s0=fng (2494,2776)* [filtered=0]
ev: SYN code=0
cnt=1 s0=fng (2494,2776)* [filtered=0]
ev: SYN code=0
cnt=1 s0=fng (2494,2776)* [filtered=0]
ev: SYN code=0
cnt=1 s0=fng (2494,2776)* [filtered=0]
ev: SYN code=0
cnt=1 s0=fng (2494,2776)* [filtered=0]
ev: SYN code=0
cnt=1 s0=fng (2494,2776)* [filtered=0]
ev: SYN code=0
cnt=1 s0=fng (2494,2776)* [filtered=0]
ev: SYN code=0
cnt=1 s0=fng (2494,2776)* [filtered=0]
ev: ABS code=54 val=2775 (slot=0)
ev: ABS code=1 val=2775 (slot=0)
ev: SYN code=0
cnt=1 s0=fng (2494,2775)* [filtered=0]
ev: SYN code=0
cnt=1 s0=fng (2494,2775)* [filtered=0]
ev: SYN code=0
cnt=1 s0=fng (2494,2775)* [filtered=0]
ev: SYN code=0
cnt=1 s0=fng (2494,2775)* [filtered=0]
ev: ABS code=53 val=2495 (slot=0)
ev: ABS code=0 val=2495 (slot=0)
ev: SYN code=0
cnt=1 s0=fng (2495,2775)* [filtered=0]
ev: SYN code=0
cnt=1 s0=fng (2495,2775)* [filtered=0]
ev: SYN code=0
cnt=1 s0=fng (2495,2775)* [filtered=0]
ev: ABS code=53 val=2496 (slot=0)
ev: ABS code=0 val=2496 (slot=0)
ev: SYN code=0
cnt=1 s0=fng (2496,2775)* [filtered=0]
ev: ABS code=53 val=2497 (slot=0)
ev: ABS code=54 val=2776 (slot=0)
ev: ABS code=0 val=2497 (slot=0)
ev: ABS code=1 val=2776 (slot=0)
ev: SYN code=0
cnt=1 s0=fng (2497,2776)* [filtered=0]
ev: ABS code=53 val=2498 (slot=0)
ev: KEY code=0x110 val=0
ev: ABS code=0 val=2498 (slot=0)
ev: SYN code=0
cnt=1 s0=fng (2498,2776)* [filtered=0]
ev: SYN code=0
cnt=1 s0=fng (2498,2776)* [filtered=0]
ev: ABS code=53 val=2499 (slot=0)
ev: ABS code=54 val=2777 (slot=0)
ev: ABS code=0 val=2499 (slot=0)
ev: ABS code=1 val=2777 (slot=0)
ev: SYN code=0
cnt=1 s0=fng (2499,2777)* [filtered=0]
ev: ABS code=53 val=2500 (slot=0)
ev: ABS code=54 val=2779 (slot=0)
ev: ABS code=0 val=2500 (slot=0)
ev: ABS code=1 val=2779 (slot=0)
ev: SYN code=0
cnt=1 s0=fng (2500,2779)* [filtered=0]
ev: ABS code=53 val=2502 (slot=0)
ev: ABS code=54 val=2782 (slot=0)
ev: ABS code=0 val=2502 (slot=0)
ev: ABS code=1 val=2782 (slot=0)
ev: SYN code=0
cnt=1 s0=fng (2502,2782) [filtered=0]
ev: ABS code=53 val=2505 (slot=0)
ev: ABS code=54 val=2787 (slot=0)
ev: ABS code=0 val=2505 (slot=0)
ev: ABS code=1 val=2787 (slot=0)
ev: SYN code=0
cnt=1 s0=fng (2505,2787) [filtered=0]
ev: ABS code=53 val=2508 (slot=0)
ev: ABS code=54 val=2794 (slot=0)
ev: ABS code=0 val=2508 (slot=0)
ev: ABS code=1 val=2794 (slot=0)
ev: SYN code=0
cnt=1 s0=fng (2508,2794) [filtered=0]
ev: ABS code=53 val=2509 (slot=0)
ev: ABS code=54 val=2800 (slot=0)
ev: ABS code=0 val=2509 (slot=0)
ev: ABS code=1 val=2800 (slot=0)
ev: SYN code=0
cnt=1 s0=fng (2509,2800) [filtered=0]
ev: ABS code=53 val=2511 (slot=0)
ev: ABS code=54 val=2806 (slot=0)
ev: ABS code=0 val=2511 (slot=0)
ev: ABS code=1 val=2806 (slot=0)
ev: SYN code=0
cnt=1 s0=fng (2511,2806) [filtered=0]
ev: ABS code=57 val=-1 (slot=0)
ev: KEY code=0x14a val=0
ev: KEY code=0x145 val=0
ev: SYN code=0
ev: ABS code=57 val=71 (slot=0)
ev: ABS code=53 val=4031 (slot=0)
ev: ABS code=54 val=2824 (slot=0)
ev: KEY code=0x110 val=1
click: x=4031 -> zone=0x111
ev: KEY code=0x14a val=1
ev: KEY code=0x145 val=1
ev: ABS code=0 val=4031 (slot=0)
ev: ABS code=1 val=2824 (slot=0)
ev: SYN code=0
cnt=1 s0=fng (4031,2824) [filtered=0]
ev: ABS code=53 val=4030 (slot=0)
ev: ABS code=0 val=4030 (slot=0)
ev: SYN code=0
cnt=1 s0=fng (4030,2824) [filtered=0]
ev: SYN code=0
cnt=1 s0=fng (4030,2824) [filtered=0]
ev: ABS code=53 val=4029 (slot=0)
ev: ABS code=0 val=4029 (slot=0)
ev: SYN code=0
cnt=1 s0=fng (4029,2824) [filtered=0]
ev: SYN code=0
cnt=1 s0=fng (4029,2824) [filtered=0]
ev: SYN code=0
cnt=1 s0=fng (4029,2824) [filtered=0]
ev: SYN code=0
cnt=1 s0=fng (4029,2824) [filtered=0]
ev: ABS code=54 val=2825 (slot=0)
ev: ABS code=1 val=2825 (slot=0)
ev: SYN code=0
cnt=1 s0=fng (4029,2825) [filtered=0]
ev: ABS code=54 val=2826 (slot=0)
ev: ABS code=1 val=2826 (slot=0)
ev: SYN code=0
cnt=1 s0=fng (4029,2826) [filtered=0]
ev: SYN code=0
cnt=1 s0=fng (4029,2826) [filtered=0]
ev: ABS code=53 val=4030 (slot=0)
ev: ABS code=54 val=2827 (slot=0)
ev: ABS code=0 val=4030 (slot=0)
ev: ABS code=1 val=2827 (slot=0)
ev: SYN code=0
cnt=1 s0=fng (4030,2827) [filtered=0]
ev: ABS code=54 val=2829 (slot=0)
ev: ABS code=1 val=2829 (slot=0)
ev: SYN code=0
cnt=1 s0=fng (4030,2829) [filtered=0]
ev: ABS code=53 val=4031 (slot=0)
ev: ABS code=54 val=2831 (slot=0)
ev: ABS code=0 val=4031 (slot=0)
ev: ABS code=1 val=2831 (slot=0)
ev: SYN code=0
cnt=1 s0=fng (4031,2831) [filtered=0]
ev: ABS code=54 val=2832 (slot=0)
ev: ABS code=1 val=2832 (slot=0)
ev: SYN code=0
cnt=1 s0=fng (4031,2832) [filtered=0]
ev: ABS code=53 val=4032 (slot=0)
ev: ABS code=54 val=2833 (slot=0)
ev: ABS code=0 val=4032 (slot=0)
ev: ABS code=1 val=2833 (slot=0)
ev: SYN code=0
cnt=1 s0=fng (4032,2833) [filtered=0]
ev: ABS code=54 val=2834 (slot=0)
ev: ABS code=1 val=2834 (slot=0)
ev: SYN code=0
cnt=1 s0=fng (4032,2834) [filtered=0]
ev: ABS code=53 val=4033 (slot=0)
ev: ABS code=54 val=2836 (slot=0)
ev: ABS code=0 val=4033 (slot=0)
ev: ABS code=1 val=2836 (slot=0)
ev: SYN code=0
cnt=1 s0=fng (4033,2836) [filtered=0]
ev: ABS code=54 val=2837 (slot=0)
ev: ABS code=1 val=2837 (slot=0)
ev: SYN code=0
cnt=1 s0=fng (4033,2837) [filtered=0]
ev: ABS code=54 val=2838 (slot=0)
ev: ABS code=1 val=2838 (slot=0)
ev: SYN code=0
cnt=1 s0=fng (4033,2838) [filtered=0]
ev: ABS code=53 val=4034 (slot=0)
ev: ABS code=54 val=2839 (slot=0)
ev: ABS code=0 val=4034 (slot=0)
ev: ABS code=1 val=2839 (slot=0)
ev: SYN code=0
cnt=1 s0=fng (4034,2839) [filtered=0]
ev: ABS code=54 val=2840 (slot=0)
ev: ABS code=1 val=2840 (slot=0)
ev: SYN code=0
cnt=1 s0=fng (4034,2840)* [filtered=0]
ev: ABS code=54 val=2841 (slot=0)
ev: ABS code=1 val=2841 (slot=0)
ev: SYN code=0
cnt=1 s0=fng (4034,2841)* [filtered=0]
ev: ABS code=54 val=2842 (slot=0)
ev: ABS code=1 val=2842 (slot=0)
ev: SYN code=0
cnt=1 s0=fng (4034,2842)* [filtered=0]
ev: ABS code=54 val=2843 (slot=0)
ev: ABS code=1 val=2843 (slot=0)
ev: SYN code=0
cnt=1 s0=fng (4034,2843)* [filtered=0]
ev: ABS code=54 val=2844 (slot=0)
ev: ABS code=1 val=2844 (slot=0)
ev: SYN code=0
cnt=1 s0=fng (4034,2844)* [filtered=0]
ev: SYN code=0
cnt=1 s0=fng (4034,2844)* [filtered=0]
ev: ABS code=54 val=2845 (slot=0)
ev: ABS code=1 val=2845 (slot=0)
ev: SYN code=0
cnt=1 s0=fng (4034,2845)* [filtered=0]
ev: SYN code=0
cnt=1 s0=fng (4034,2845)* [filtered=0]
ev: ABS code=54 val=2846 (slot=0)
ev: ABS code=1 val=2846 (slot=0)
ev: SYN code=0
cnt=1 s0=fng (4034,2846)* [filtered=0]
ev: ABS code=53 val=4033 (slot=0)
ev: ABS code=54 val=2847 (slot=0)
ev: ABS code=0 val=4033 (slot=0)
ev: ABS code=1 val=2847 (slot=0)
ev: SYN code=0
cnt=1 s0=fng (4033,2847)* [filtered=0]
ev: ABS code=54 val=2848 (slot=0)
ev: ABS code=1 val=2848 (slot=0)
ev: SYN code=0
cnt=1 s0=fng (4033,2848)* [filtered=0]
ev: ABS code=53 val=4032 (slot=0)
ev: ABS code=0 val=4032 (slot=0)
ev: SYN code=0
cnt=1 s0=fng (4032,2848)* [filtered=0]
ev: SYN code=0
cnt=1 s0=fng (4032,2848)* [filtered=0]
ev: ABS code=53 val=4031 (slot=0)
ev: ABS code=0 val=4031 (slot=0)
ev: SYN code=0
cnt=1 s0=fng (4031,2848)* [filtered=0]
ev: ABS code=53 val=4030 (slot=0)
ev: ABS code=0 val=4030 (slot=0)
ev: SYN code=0
cnt=1 s0=fng (4030,2848)* [filtered=0]
ev: ABS code=53 val=4029 (slot=0)
ev: KEY code=0x110 val=0
ev: ABS code=0 val=4029 (slot=0)
ev: SYN code=0
cnt=1 s0=fng (4029,2848)* [filtered=0]
ev: ABS code=53 val=4028 (slot=0)
ev: ABS code=0 val=4028 (slot=0)
ev: SYN code=0
cnt=1 s0=fng (4028,2848)* [filtered=0]
ev: SYN code=0
cnt=1 s0=fng (4028,2848)* [filtered=0]
ev: SYN code=0
cnt=1 s0=fng (4028,2848)* [filtered=0]
ev: ABS code=53 val=4027 (slot=0)
ev: ABS code=54 val=2849 (slot=0)
ev: ABS code=0 val=4027 (slot=0)
ev: ABS code=1 val=2849 (slot=0)
ev: SYN code=0
cnt=1 s0=fng (4027,2849)* [filtered=0]
ev: ABS code=53 val=4026 (slot=0)
ev: ABS code=54 val=2851 (slot=0)
ev: ABS code=0 val=4026 (slot=0)
ev: ABS code=1 val=2851 (slot=0)
ev: SYN code=0
cnt=1 s0=fng (4026,2851)* [filtered=0]
ev: ABS code=54 val=2852 (slot=0)
ev: ABS code=1 val=2852 (slot=0)
ev: SYN code=0
cnt=1 s0=fng (4026,2852)* [filtered=0]
ev: ABS code=53 val=4025 (slot=0)
ev: ABS code=54 val=2854 (slot=0)
ev: ABS code=0 val=4025 (slot=0)
ev: ABS code=1 val=2854 (slot=0)
ev: SYN code=0
cnt=1 s0=fng (4025,2854)* [filtered=0]
ev: ABS code=53 val=4024 (slot=0)
ev: ABS code=54 val=2857 (slot=0)
ev: ABS code=0 val=4024 (slot=0)
ev: ABS code=1 val=2857 (slot=0)
ev: SYN code=0
cnt=1 s0=fng (4024,2857) [filtered=0]
ev: ABS code=53 val=4023 (slot=0)
ev: ABS code=54 val=2861 (slot=0)
ev: ABS code=0 val=4023 (slot=0)
ev: ABS code=1 val=2861 (slot=0)
ev: SYN code=0
cnt=1 s0=fng (4023,2861) [filtered=0]
ev: ABS code=57 val=-1 (slot=0)
ev: KEY code=0x14a val=0
ev: KEY code=0x145 val=0
ev: SYN code=0
ev: ABS code=57 val=72 (slot=0)
ev: ABS code=53 val=425 (slot=0)
ev: ABS code=54 val=2728 (slot=0)
ev: KEY code=0x14a val=1
ev: KEY code=0x145 val=1
ev: ABS code=0 val=425 (slot=0)
ev: ABS code=1 val=2728 (slot=0)
ev: SYN code=0
cnt=1 s0=fng (425,2728) [filtered=0]
ev: SYN code=0
cnt=1 s0=fng (425,2728) [filtered=0]
ev: SYN code=0
cnt=1 s0=fng (425,2728) [filtered=0]
ev: SYN code=0
cnt=1 s0=fng (425,2728) [filtered=0]
ev: ABS code=54 val=2727 (slot=0)
ev: KEY code=0x110 val=1
click: x=425 -> zone=0x110
ev: ABS code=1 val=2727 (slot=0)
ev: SYN code=0
cnt=1 s0=fng (425,2727) [filtered=0]
ev: ABS code=53 val=426 (slot=0)
ev: ABS code=54 val=2724 (slot=0)
ev: ABS code=0 val=426 (slot=0)
ev: ABS code=1 val=2724 (slot=0)
ev: SYN code=0
cnt=1 s0=fng (426,2724) [filtered=0]
ev: ABS code=53 val=427 (slot=0)
ev: ABS code=54 val=2723 (slot=0)
ev: ABS code=0 val=427 (slot=0)
ev: ABS code=1 val=2723 (slot=0)
ev: SYN code=0
cnt=1 s0=fng (427,2723) [filtered=0]
ev: ABS code=53 val=429 (slot=0)
ev: ABS code=54 val=2719 (slot=0)
ev: ABS code=0 val=429 (slot=0)
ev: ABS code=1 val=2719 (slot=0)
ev: SYN code=0
cnt=1 s0=fng (429,2719) [filtered=0]
ev: ABS code=53 val=432 (slot=0)
ev: ABS code=54 val=2714 (slot=0)
ev: ABS code=0 val=432 (slot=0)
ev: ABS code=1 val=2714 (slot=0)
ev: SYN code=0
cnt=1 s0=fng (432,2714) [filtered=0]
ev: ABS code=53 val=435 (slot=0)
ev: ABS code=54 val=2709 (slot=0)
ev: ABS code=0 val=435 (slot=0)
ev: ABS code=1 val=2709 (slot=0)
ev: SYN code=0
cnt=1 s0=fng (435,2709) [filtered=0]
ev: ABS code=53 val=438 (slot=0)
ev: ABS code=54 val=2703 (slot=0)
ev: ABS code=0 val=438 (slot=0)
ev: ABS code=1 val=2703 (slot=0)
ev: SYN code=0
cnt=1 s0=fng (438,2703) [filtered=0]
ev: ABS code=53 val=440 (slot=0)
ev: ABS code=54 val=2699 (slot=0)
ev: ABS code=0 val=440 (slot=0)
ev: ABS code=1 val=2699 (slot=0)
ev: SYN code=0
cnt=1 s0=fng (440,2699) [filtered=0]
ev: ABS code=53 val=442 (slot=0)
ev: ABS code=54 val=2694 (slot=0)
ev: ABS code=0 val=442 (slot=0)
ev: ABS code=1 val=2694 (slot=0)
ev: SYN code=0
cnt=1 s0=fng (442,2694) [filtered=0]
ev: ABS code=53 val=444 (slot=0)
ev: ABS code=54 val=2690 (slot=0)
ev: ABS code=0 val=444 (slot=0)
ev: ABS code=1 val=2690 (slot=0)
ev: SYN code=0
cnt=1 s0=fng (444,2690) [filtered=0]
ev: ABS code=53 val=446 (slot=0)
ev: ABS code=54 val=2686 (slot=0)
ev: ABS code=0 val=446 (slot=0)
ev: ABS code=1 val=2686 (slot=0)
ev: SYN code=0
cnt=1 s0=fng (446,2686) [filtered=0]
ev: ABS code=53 val=448 (slot=0)
ev: ABS code=54 val=2682 (slot=0)
ev: ABS code=0 val=448 (slot=0)
ev: ABS code=1 val=2682 (slot=0)
ev: SYN code=0
cnt=1 s0=fng (448,2682) [filtered=0]
ev: ABS code=53 val=449 (slot=0)
ev: ABS code=54 val=2679 (slot=0)
ev: ABS code=0 val=449 (slot=0)
ev: ABS code=1 val=2679 (slot=0)
ev: SYN code=0
cnt=1 s0=fng (449,2679) [filtered=0]
ev: ABS code=53 val=451 (slot=0)
ev: ABS code=54 val=2677 (slot=0)
ev: ABS code=0 val=451 (slot=0)
ev: ABS code=1 val=2677 (slot=0)
ev: SYN code=0
cnt=1 s0=fng (451,2677) [filtered=0]
ev: ABS code=53 val=452 (slot=0)
ev: ABS code=54 val=2676 (slot=0)
ev: ABS code=0 val=452 (slot=0)
ev: ABS code=1 val=2676 (slot=0)
ev: SYN code=0
cnt=1 s0=fng (452,2676) [filtered=0]
ev: ABS code=53 val=454 (slot=0)
ev: ABS code=54 val=2675 (slot=0)
ev: ABS code=0 val=454 (slot=0)
ev: ABS code=1 val=2675 (slot=0)
ev: SYN code=0
cnt=1 s0=fng (454,2675) [filtered=0]
ev: ABS code=53 val=456 (slot=0)
ev: ABS code=54 val=2673 (slot=0)
ev: ABS code=0 val=456 (slot=0)
ev: ABS code=1 val=2673 (slot=0)
ev: SYN code=0
cnt=1 s0=fng (456,2673) [filtered=0]
ev: ABS code=53 val=457 (slot=0)
ev: ABS code=54 val=2672 (slot=0)
ev: ABS code=0 val=457 (slot=0)
ev: ABS code=1 val=2672 (slot=0)
ev: SYN code=0
cnt=1 s0=fng (457,2672) [filtered=0]
ev: ABS code=53 val=458 (slot=0)
ev: ABS code=54 val=2671 (slot=0)
ev: ABS code=0 val=458 (slot=0)
ev: ABS code=1 val=2671 (slot=0)
ev: SYN code=0
cnt=1 s0=fng (458,2671) [filtered=0]
ev: ABS code=53 val=459 (slot=0)
ev: ABS code=54 val=2670 (slot=0)
ev: ABS code=0 val=459 (slot=0)
ev: ABS code=1 val=2670 (slot=0)
ev: SYN code=0
cnt=1 s0=fng (459,2670) [filtered=0]
ev: ABS code=53 val=460 (slot=0)
ev: ABS code=54 val=2669 (slot=0)
ev: ABS code=0 val=460 (slot=0)
ev: ABS code=1 val=2669 (slot=0)
ev: SYN code=0
cnt=1 s0=fng (460,2669) [filtered=0]
ev: ABS code=53 val=461 (slot=0)
ev: ABS code=54 val=2668 (slot=0)
ev: ABS code=0 val=461 (slot=0)
ev: ABS code=1 val=2668 (slot=0)
ev: SYN code=0
cnt=1 s0=fng (461,2668) [filtered=0]
ev: ABS code=53 val=462 (slot=0)
ev: ABS code=54 val=2667 (slot=0)
ev: ABS code=0 val=462 (slot=0)
ev: ABS code=1 val=2667 (slot=0)
ev: SYN code=0
cnt=1 s0=fng (462,2667) [filtered=0]
ev: ABS code=53 val=463 (slot=0)
ev: ABS code=54 val=2666 (slot=0)
ev: ABS code=0 val=463 (slot=0)
ev: ABS code=1 val=2666 (slot=0)
ev: SYN code=0
cnt=1 s0=fng (463,2666) [filtered=0]
ev: ABS code=53 val=464 (slot=0)
ev: ABS code=54 val=2665 (slot=0)
ev: ABS code=0 val=464 (slot=0)
ev: ABS code=1 val=2665 (slot=0)
ev: SYN code=0
cnt=1 s0=fng (464,2665) [filtered=0]
ev: ABS code=53 val=465 (slot=0)
ev: ABS code=54 val=2664 (slot=0)
ev: ABS code=0 val=465 (slot=0)
ev: ABS code=1 val=2664 (slot=0)
ev: SYN code=0
cnt=1 s0=fng (465,2664) [filtered=0]
ev: SYN code=0
cnt=1 s0=fng (465,2664) [filtered=0]
ev: ABS code=53 val=466 (slot=0)
ev: ABS code=0 val=466 (slot=0)
ev: SYN code=0
cnt=1 s0=fng (466,2664) [filtered=0]
ev: ABS code=53 val=467 (slot=0)
ev: ABS code=54 val=2663 (slot=0)
ev: ABS code=0 val=467 (slot=0)
ev: ABS code=1 val=2663 (slot=0)
ev: SYN code=0
cnt=1 s0=fng (467,2663) [filtered=0]
ev: ABS code=53 val=468 (slot=0)
ev: ABS code=0 val=468 (slot=0)
ev: SYN code=0
cnt=1 s0=fng (468,2663) [filtered=0]
ev: ABS code=53 val=469 (slot=0)
ev: ABS code=54 val=2662 (slot=0)
ev: ABS code=0 val=469 (slot=0)
ev: ABS code=1 val=2662 (slot=0)
ev: SYN code=0
cnt=1 s0=fng (469,2662) [filtered=0]
ev: SYN code=0
cnt=1 s0=fng (469,2662) [filtered=0]
ev: ABS code=53 val=470 (slot=0)
ev: ABS code=0 val=470 (slot=0)
ev: SYN code=0
cnt=1 s0=fng (470,2662) [filtered=0]
ev: ABS code=54 val=2661 (slot=0)
ev: ABS code=1 val=2661 (slot=0)
ev: SYN code=0
cnt=1 s0=fng (470,2661) [filtered=0]
ev: ABS code=54 val=2660 (slot=0)
ev: KEY code=0x110 val=0
ev: ABS code=1 val=2660 (slot=0)
ev: SYN code=0
cnt=1 s0=fng (470,2660) [filtered=0]
ev: SYN code=0
cnt=1 s0=fng (470,2660) [filtered=0]
ev: SYN code=0
cnt=1 s0=fng (470,2660)* [filtered=0]
ev: ABS code=54 val=2659 (slot=0)
ev: ABS code=1 val=2659 (slot=0)
ev: SYN code=0
cnt=1 s0=fng (470,2659)* [filtered=0]
ev: ABS code=53 val=469 (slot=0)
ev: ABS code=54 val=2658 (slot=0)
ev: ABS code=0 val=469 (slot=0)
ev: ABS code=1 val=2658 (slot=0)
ev: SYN code=0
cnt=1 s0=fng (469,2658)* [filtered=0]
ev: ABS code=53 val=468 (slot=0)
ev: ABS code=54 val=2656 (slot=0)
ev: ABS code=0 val=468 (slot=0)
ev: ABS code=1 val=2656 (slot=0)
ev: SYN code=0
cnt=1 s0=fng (468,2656)* [filtered=0]
ev: ABS code=53 val=467 (slot=0)
ev: ABS code=54 val=2655 (slot=0)
ev: ABS code=0 val=467 (slot=0)
ev: ABS code=1 val=2655 (slot=0)
ev: SYN code=0
cnt=1 s0=fng (467,2655)* [filtered=0]
ev: ABS code=53 val=466 (slot=0)
ev: ABS code=54 val=2654 (slot=0)
ev: ABS code=0 val=466 (slot=0)
ev: ABS code=1 val=2654 (slot=0)
ev: SYN code=0
cnt=1 s0=fng (466,2654)* [filtered=0]
ev: ABS code=53 val=464 (slot=0)
ev: ABS code=54 val=2652 (slot=0)
ev: ABS code=0 val=464 (slot=0)
ev: ABS code=1 val=2652 (slot=0)
ev: SYN code=0
cnt=1 s0=fng (464,2652) [filtered=0]
ev: ABS code=57 val=-1 (slot=0)
ev: KEY code=0x14a val=0
ev: KEY code=0x145 val=0
ev: SYN code=0
ev: ABS code=57 val=73 (slot=0)
ev: ABS code=53 val=2467 (slot=0)
ev: ABS code=54 val=2979 (slot=0)
ev: KEY code=0x14a val=1
ev: KEY code=0x145 val=1
ev: ABS code=0 val=2467 (slot=0)
ev: ABS code=1 val=2979 (slot=0)
ev: SYN code=0
cnt=1 s0=fng (2467,2979) [filtered=0]
ev: KEY code=0x110 val=1
click: x=2467 -> zone=0x112
ev: SYN code=0
cnt=1 s0=fng (2467,2979) [filtered=0]
ev: ABS code=54 val=2978 (slot=0)
ev: ABS code=1 val=2978 (slot=0)
ev: SYN code=0
cnt=1 s0=fng (2467,2978) [filtered=0]
ev: ABS code=53 val=2466 (slot=0)
ev: ABS code=54 val=2977 (slot=0)
ev: ABS code=0 val=2466 (slot=0)
ev: ABS code=1 val=2977 (slot=0)
ev: SYN code=0
cnt=1 s0=fng (2466,2977) [filtered=0]
ev: ABS code=54 val=2976 (slot=0)
ev: ABS code=1 val=2976 (slot=0)
ev: SYN code=0
cnt=1 s0=fng (2466,2976) [filtered=0]
ev: ABS code=53 val=2465 (slot=0)
ev: ABS code=54 val=2975 (slot=0)
ev: ABS code=0 val=2465 (slot=0)
ev: ABS code=1 val=2975 (slot=0)
ev: SYN code=0
cnt=1 s0=fng (2465,2975) [filtered=0]
ev: ABS code=54 val=2974 (slot=0)
ev: ABS code=1 val=2974 (slot=0)
ev: SYN code=0
cnt=1 s0=fng (2465,2974) [filtered=0]
ev: ABS code=53 val=2464 (slot=0)
ev: ABS code=54 val=2973 (slot=0)
ev: ABS code=0 val=2464 (slot=0)
ev: ABS code=1 val=2973 (slot=0)
ev: SYN code=0
cnt=1 s0=fng (2464,2973) [filtered=0]
ev: ABS code=54 val=2972 (slot=0)
ev: ABS code=1 val=2972 (slot=0)
ev: SYN code=0
cnt=1 s0=fng (2464,2972) [filtered=0]
ev: ABS code=53 val=2463 (slot=0)
ev: ABS code=54 val=2971 (slot=0)
ev: ABS code=0 val=2463 (slot=0)
ev: ABS code=1 val=2971 (slot=0)
ev: SYN code=0
cnt=1 s0=fng (2463,2971) [filtered=0]
ev: ABS code=54 val=2970 (slot=0)
ev: ABS code=1 val=2970 (slot=0)
ev: SYN code=0
cnt=1 s0=fng (2463,2970) [filtered=0]
ev: ABS code=54 val=2969 (slot=0)
ev: ABS code=1 val=2969 (slot=0)
ev: SYN code=0
cnt=1 s0=fng (2463,2969) [filtered=0]
ev: ABS code=53 val=2462 (slot=0)
ev: ABS code=54 val=2968 (slot=0)
ev: ABS code=0 val=2462 (slot=0)
ev: ABS code=1 val=2968 (slot=0)
ev: SYN code=0
cnt=1 s0=fng (2462,2968) [filtered=0]
ev: ABS code=54 val=2967 (slot=0)
ev: ABS code=1 val=2967 (slot=0)
ev: SYN code=0
cnt=1 s0=fng (2462,2967) [filtered=0]
ev: ABS code=54 val=2966 (slot=0)
ev: ABS code=1 val=2966 (slot=0)
ev: SYN code=0
cnt=1 s0=fng (2462,2966) [filtered=0]
ev: SYN code=0
cnt=1 s0=fng (2462,2966) [filtered=0]
ev: ABS code=54 val=2965 (slot=0)
ev: ABS code=1 val=2965 (slot=0)
ev: SYN code=0
cnt=1 s0=fng (2462,2965) [filtered=0]
ev: ABS code=54 val=2964 (slot=0)
ev: ABS code=1 val=2964 (slot=0)
ev: SYN code=0
cnt=1 s0=fng (2462,2964) [filtered=0]
ev: ABS code=54 val=2963 (slot=0)
ev: ABS code=1 val=2963 (slot=0)
ev: SYN code=0
cnt=1 s0=fng (2462,2963) [filtered=0]
ev: ABS code=54 val=2961 (slot=0)
ev: ABS code=1 val=2961 (slot=0)
ev: SYN code=0
cnt=1 s0=fng (2462,2961) [filtered=0]
ev: ABS code=54 val=2960 (slot=0)
ev: ABS code=1 val=2960 (slot=0)
ev: SYN code=0
cnt=1 s0=fng (2462,2960)* [filtered=0]
ev: ABS code=54 val=2959 (slot=0)
ev: ABS code=1 val=2959 (slot=0)
ev: SYN code=0
cnt=1 s0=fng (2462,2959)* [filtered=0]
ev: ABS code=54 val=2958 (slot=0)
ev: ABS code=1 val=2958 (slot=0)
ev: SYN code=0
cnt=1 s0=fng (2462,2958)* [filtered=0]
ev: ABS code=54 val=2957 (slot=0)
ev: ABS code=1 val=2957 (slot=0)
ev: SYN code=0
cnt=1 s0=fng (2462,2957)* [filtered=0]
ev: ABS code=54 val=2956 (slot=0)
ev: ABS code=1 val=2956 (slot=0)
ev: SYN code=0
cnt=1 s0=fng (2462,2956)* [filtered=0]
ev: SYN code=0
cnt=1 s0=fng (2462,2956)* [filtered=0]
ev: ABS code=54 val=2955 (slot=0)
ev: ABS code=1 val=2955 (slot=0)
ev: SYN code=0
cnt=1 s0=fng (2462,2955)* [filtered=0]
ev: ABS code=54 val=2954 (slot=0)
ev: KEY code=0x110 val=0
ev: ABS code=1 val=2954 (slot=0)
ev: SYN code=0
cnt=1 s0=fng (2462,2954)* [filtered=0]
ev: ABS code=53 val=2463 (slot=0)
ev: ABS code=54 val=2953 (slot=0)
ev: ABS code=0 val=2463 (slot=0)
ev: ABS code=1 val=2953 (slot=0)
ev: SYN code=0
cnt=1 s0=fng (2463,2953)* [filtered=0]
ev: SYN code=0
cnt=1 s0=fng (2463,2953)* [filtered=0]
ev: SYN code=0
cnt=1 s0=fng (2463,2953)* [filtered=0]
ev: ABS code=53 val=2464 (slot=0)
ev: ABS code=0 val=2464 (slot=0)
ev: SYN code=0
cnt=1 s0=fng (2464,2953)* [filtered=0]
ev: SYN code=0
cnt=1 s0=fng (2464,2953)* [filtered=0]
ev: ABS code=53 val=2465 (slot=0)
ev: ABS code=0 val=2465 (slot=0)
ev: SYN code=0
cnt=1 s0=fng (2465,2953)* [filtered=0]
ev: SYN code=0
cnt=1 s0=fng (2465,2953)* [filtered=0]
ev: ABS code=53 val=2466 (slot=0)
ev: ABS code=54 val=2954 (slot=0)
ev: ABS code=0 val=2466 (slot=0)
ev: ABS code=1 val=2954 (slot=0)
ev: SYN code=0
cnt=1 s0=fng (2466,2954)* [filtered=0]
ev: ABS code=53 val=2467 (slot=0)
ev: ABS code=54 val=2956 (slot=0)
ev: ABS code=0 val=2467 (slot=0)
ev: ABS code=1 val=2956 (slot=0)
ev: SYN code=0
cnt=1 s0=fng (2467,2956)* [filtered=0]
ev: ABS code=53 val=2468 (slot=0)
ev: ABS code=54 val=2959 (slot=0)
ev: ABS code=0 val=2468 (slot=0)
ev: ABS code=1 val=2959 (slot=0)
ev: SYN code=0
cnt=1 s0=fng (2468,2959) [filtered=0]
ev: ABS code=53 val=2469 (slot=0)
ev: ABS code=54 val=2962 (slot=0)
ev: ABS code=0 val=2469 (slot=0)
ev: ABS code=1 val=2962 (slot=0)
ev: SYN code=0
cnt=1 s0=fng (2469,2962) [filtered=0]
ev: ABS code=57 val=-1 (slot=0)
ev: KEY code=0x14a val=0
ev: KEY code=0x145 val=0
ev: SYN code=0
ev: ABS code=57 val=74 (slot=0)
ev: ABS code=53 val=4100 (slot=0)
ev: ABS code=54 val=2926 (slot=0)
ev: KEY code=0x14a val=1
ev: KEY code=0x145 val=1
ev: ABS code=0 val=4100 (slot=0)
ev: ABS code=1 val=2926 (slot=0)
ev: SYN code=0
cnt=1 s0=fng (4100,2926) [filtered=0]
ev: ABS code=53 val=4099 (slot=0)
ev: KEY code=0x110 val=1
click: x=4099 -> zone=0x111
ev: ABS code=0 val=4099 (slot=0)
ev: SYN code=0
cnt=1 s0=fng (4099,2926) [filtered=0]
ev: SYN code=0
cnt=1 s0=fng (4099,2926) [filtered=0]
ev: ABS code=53 val=4098 (slot=0)
ev: ABS code=54 val=2925 (slot=0)
ev: ABS code=0 val=4098 (slot=0)
ev: ABS code=1 val=2925 (slot=0)
ev: SYN code=0
cnt=1 s0=fng (4098,2925) [filtered=0]
ev: ABS code=53 val=4097 (slot=0)
ev: ABS code=54 val=2924 (slot=0)
ev: ABS code=0 val=4097 (slot=0)
ev: ABS code=1 val=2924 (slot=0)
ev: SYN code=0
cnt=1 s0=fng (4097,2924) [filtered=0]
ev: ABS code=53 val=4096 (slot=0)
ev: ABS code=54 val=2923 (slot=0)
ev: ABS code=0 val=4096 (slot=0)
ev: ABS code=1 val=2923 (slot=0)
ev: SYN code=0
cnt=1 s0=fng (4096,2923) [filtered=0]
ev: SYN code=0
cnt=1 s0=fng (4096,2923) [filtered=0]
ev: SYN code=0
cnt=1 s0=fng (4096,2923) [filtered=0]
ev: SYN code=0
cnt=1 s0=fng (4096,2923) [filtered=0]
ev: SYN code=0
cnt=1 s0=fng (4096,2923) [filtered=0]
ev: SYN code=0
cnt=1 s0=fng (4096,2923) [filtered=0]
ev: SYN code=0
cnt=1 s0=fng (4096,2923) [filtered=0]
ev: SYN code=0
cnt=1 s0=fng (4096,2923) [filtered=0]
ev: SYN code=0
cnt=1 s0=fng (4096,2923) [filtered=0]
ev: SYN code=0
cnt=1 s0=fng (4096,2923) [filtered=0]
ev: SYN code=0
cnt=1 s0=fng (4096,2923) [filtered=0]
ev: SYN code=0
cnt=1 s0=fng (4096,2923) [filtered=0]
ev: SYN code=0
cnt=1 s0=fng (4096,2923) [filtered=0]
ev: SYN code=0
cnt=1 s0=fng (4096,2923) [filtered=0]
ev: SYN code=0
cnt=1 s0=fng (4096,2923) [filtered=0]
ev: SYN code=0
cnt=1 s0=fng (4096,2923)* [filtered=0]
ev: SYN code=0
cnt=1 s0=fng (4096,2923)* [filtered=0]
ev: ABS code=54 val=2922 (slot=0)
ev: ABS code=1 val=2922 (slot=0)
ev: SYN code=0
cnt=1 s0=fng (4096,2922)* [filtered=0]
ev: ABS code=53 val=4095 (slot=0)
ev: ABS code=0 val=4095 (slot=0)
ev: SYN code=0
cnt=1 s0=fng (4095,2922)* [filtered=0]
ev: ABS code=54 val=2921 (slot=0)
ev: ABS code=1 val=2921 (slot=0)
ev: SYN code=0
cnt=1 s0=fng (4095,2921)* [filtered=0]
ev: ABS code=53 val=4094 (slot=0)
ev: ABS code=54 val=2920 (slot=0)
ev: ABS code=0 val=4094 (slot=0)
ev: ABS code=1 val=2920 (slot=0)
ev: SYN code=0
cnt=1 s0=fng (4094,2920)* [filtered=0]
ev: SYN code=0
cnt=1 s0=fng (4094,2920)* [filtered=0]
ev: SYN code=0
cnt=1 s0=fng (4094,2920)* [filtered=0]
ev: ABS code=53 val=4092 (slot=0)
ev: ABS code=54 val=2919 (slot=0)
ev: ABS code=0 val=4092 (slot=0)
ev: ABS code=1 val=2919 (slot=0)
ev: SYN code=0
cnt=1 s0=fng (4092,2919)* [filtered=0]
ev: ABS code=53 val=4090 (slot=0)
ev: ABS code=54 val=2918 (slot=0)
ev: ABS code=0 val=4090 (slot=0)
ev: ABS code=1 val=2918 (slot=0)
ev: SYN code=0
cnt=1 s0=fng (4090,2918)* [filtered=0]
ev: ABS code=53 val=4088 (slot=0)
ev: ABS code=54 val=2917 (slot=0)
ev: KEY code=0x110 val=0
ev: ABS code=0 val=4088 (slot=0)
ev: ABS code=1 val=2917 (slot=0)
ev: SYN code=0
cnt=1 s0=fng (4088,2917)* [filtered=0]
ev: ABS code=53 val=4087 (slot=0)
ev: ABS code=0 val=4087 (slot=0)
ev: SYN code=0
cnt=1 s0=fng (4087,2917)* [filtered=0]
ev: ABS code=53 val=4086 (slot=0)
ev: ABS code=0 val=4086 (slot=0)
ev: SYN code=0
cnt=1 s0=fng (4086,2917)* [filtered=0]
ev: ABS code=53 val=4084 (slot=0)
ev: ABS code=0 val=4084 (slot=0)
ev: SYN code=0
cnt=1 s0=fng (4084,2917)* [filtered=0]
ev: ABS code=53 val=4082 (slot=0)
ev: ABS code=54 val=2918 (slot=0)
ev: ABS code=0 val=4082 (slot=0)
ev: ABS code=1 val=2918 (slot=0)
ev: SYN code=0
cnt=1 s0=fng (4082,2918)* [filtered=0]
ev: ABS code=53 val=4081 (slot=0)
ev: ABS code=0 val=4081 (slot=0)
ev: SYN code=0
cnt=1 s0=fng (4081,2918)* [filtered=0]
ev: ABS code=53 val=4079 (slot=0)
ev: ABS code=54 val=2919 (slot=0)
ev: ABS code=0 val=4079 (slot=0)
ev: ABS code=1 val=2919 (slot=0)
ev: SYN code=0
cnt=1 s0=fng (4079,2919)* [filtered=0]
ev: ABS code=53 val=4075 (slot=0)
ev: ABS code=54 val=2922 (slot=0)
ev: ABS code=0 val=4075 (slot=0)
ev: ABS code=1 val=2922 (slot=0)
ev: SYN code=0
cnt=1 s0=fng (4075,2922) [filtered=0]
ev: ABS code=53 val=4070 (slot=0)
ev: ABS code=54 val=2926 (slot=0)
ev: ABS code=0 val=4070 (slot=0)
ev: ABS code=1 val=2926 (slot=0)
ev: SYN code=0
cnt=1 s0=fng (4070,2926) [filtered=0]
ev: ABS code=53 val=4064 (slot=0)
ev: ABS code=54 val=2934 (slot=0)
ev: ABS code=0 val=4064 (slot=0)
ev: ABS code=1 val=2934 (slot=0)
ev: SYN code=0
cnt=1 s0=fng (4064,2934) [filtered=0]
ev: ABS code=53 val=4060 (slot=0)
ev: ABS code=54 val=2941 (slot=0)
ev: ABS code=0 val=4060 (slot=0)
ev: ABS code=1 val=2941 (slot=0)
ev: SYN code=0
cnt=1 s0=fng (4060,2941) [filtered=0]
ev: ABS code=53 val=4055 (slot=0)
ev: ABS code=54 val=2950 (slot=0)
ev: ABS code=0 val=4055 (slot=0)
ev: ABS code=1 val=2950 (slot=0)
ev: SYN code=0
cnt=1 s0=fng (4055,2950) [filtered=0]
ev: ABS code=53 val=4050 (slot=0)
ev: ABS code=54 val=2960 (slot=0)
ev: ABS code=0 val=4050 (slot=0)
ev: ABS code=1 val=2960 (slot=0)
ev: SYN code=0
cnt=1 s0=fng (4050,2960) [filtered=0]
ev: ABS code=57 val=-1 (slot=0)
ev: KEY code=0x14a val=0
ev: KEY code=0x145 val=0
ev: SYN code=0
ev: ABS code=57 val=75 (slot=0)
ev: ABS code=53 val=358 (slot=0)
ev: ABS code=54 val=2687 (slot=0)
ev: KEY code=0x14a val=1
ev: KEY code=0x145 val=1
ev: ABS code=0 val=358 (slot=0)
ev: ABS code=1 val=2687 (slot=0)
ev: SYN code=0
cnt=1 s0=fng (358,2687) [filtered=0]
ev: SYN code=0
cnt=1 s0=fng (358,2687) [filtered=0]
ev: SYN code=0
cnt=1 s0=fng (358,2687) [filtered=0]
ev: ABS code=54 val=2686 (slot=0)
ev: ABS code=1 val=2686 (slot=0)
ev: SYN code=0
cnt=1 s0=fng (358,2686) [filtered=0]
ev: ABS code=53 val=359 (slot=0)
ev: ABS code=54 val=2685 (slot=0)
ev: KEY code=0x110 val=1
click: x=359 -> zone=0x110
ev: ABS code=0 val=359 (slot=0)
ev: ABS code=1 val=2685 (slot=0)
ev: SYN code=0
cnt=1 s0=fng (359,2685) [filtered=0]
ev: ABS code=53 val=360 (slot=0)
ev: ABS code=54 val=2682 (slot=0)
ev: ABS code=0 val=360 (slot=0)
ev: ABS code=1 val=2682 (slot=0)
ev: SYN code=0
cnt=1 s0=fng (360,2682) [filtered=0]
ev: ABS code=53 val=361 (slot=0)
ev: ABS code=54 val=2681 (slot=0)
ev: ABS code=0 val=361 (slot=0)
ev: ABS code=1 val=2681 (slot=0)
ev: SYN code=0
cnt=1 s0=fng (361,2681) [filtered=0]
ev: ABS code=53 val=363 (slot=0)
ev: ABS code=54 val=2677 (slot=0)
ev: ABS code=0 val=363 (slot=0)
ev: ABS code=1 val=2677 (slot=0)
ev: SYN code=0
cnt=1 s0=fng (363,2677) [filtered=0]
ev: ABS code=53 val=366 (slot=0)
ev: ABS code=54 val=2672 (slot=0)
ev: ABS code=0 val=366 (slot=0)
ev: ABS code=1 val=2672 (slot=0)
ev: SYN code=0
cnt=1 s0=fng (366,2672) [filtered=0]
ev: ABS code=53 val=368 (slot=0)
ev: ABS code=54 val=2667 (slot=0)
ev: ABS code=0 val=368 (slot=0)
ev: ABS code=1 val=2667 (slot=0)
ev: SYN code=0
cnt=1 s0=fng (368,2667) [filtered=0]
ev: ABS code=53 val=371 (slot=0)
ev: ABS code=54 val=2662 (slot=0)
ev: ABS code=0 val=371 (slot=0)
ev: ABS code=1 val=2662 (slot=0)
ev: SYN code=0
cnt=1 s0=fng (371,2662) [filtered=0]
ev: ABS code=53 val=372 (slot=0)
ev: ABS code=54 val=2658 (slot=0)
ev: ABS code=0 val=372 (slot=0)
ev: ABS code=1 val=2658 (slot=0)
ev: SYN code=0
cnt=1 s0=fng (372,2658) [filtered=0]
ev: ABS code=53 val=374 (slot=0)
ev: ABS code=54 val=2654 (slot=0)
ev: ABS code=0 val=374 (slot=0)
ev: ABS code=1 val=2654 (slot=0)
ev: SYN code=0
cnt=1 s0=fng (374,2654) [filtered=0]
ev: ABS code=53 val=376 (slot=0)
ev: ABS code=54 val=2650 (slot=0)
ev: ABS code=0 val=376 (slot=0)
ev: ABS code=1 val=2650 (slot=0)
ev: SYN code=0
cnt=1 s0=fng (376,2650) [filtered=0]
ev: ABS code=53 val=379 (slot=0)
ev: ABS code=54 val=2647 (slot=0)
ev: ABS code=0 val=379 (slot=0)
ev: ABS code=1 val=2647 (slot=0)
ev: SYN code=0
cnt=1 s0=fng (379,2647) [filtered=0]
ev: ABS code=53 val=381 (slot=0)
ev: ABS code=54 val=2644 (slot=0)
ev: ABS code=0 val=381 (slot=0)
ev: ABS code=1 val=2644 (slot=0)
ev: SYN code=0
cnt=1 s0=fng (381,2644) [filtered=0]
ev: ABS code=53 val=382 (slot=0)
ev: ABS code=54 val=2642 (slot=0)
ev: ABS code=0 val=382 (slot=0)
ev: ABS code=1 val=2642 (slot=0)
ev: SYN code=0
cnt=1 s0=fng (382,2642) [filtered=0]
ev: ABS code=53 val=383 (slot=0)
ev: ABS code=54 val=2641 (slot=0)
ev: ABS code=0 val=383 (slot=0)
ev: ABS code=1 val=2641 (slot=0)
ev: SYN code=0
cnt=1 s0=fng (383,2641) [filtered=0]
ev: ABS code=53 val=385 (slot=0)
ev: ABS code=54 val=2640 (slot=0)
ev: ABS code=0 val=385 (slot=0)
ev: ABS code=1 val=2640 (slot=0)
ev: SYN code=0
cnt=1 s0=fng (385,2640) [filtered=0]
ev: ABS code=53 val=387 (slot=0)
ev: ABS code=54 val=2638 (slot=0)
ev: ABS code=0 val=387 (slot=0)
ev: ABS code=1 val=2638 (slot=0)
ev: SYN code=0
cnt=1 s0=fng (387,2638) [filtered=0]
ev: ABS code=53 val=388 (slot=0)
ev: ABS code=54 val=2637 (slot=0)
ev: ABS code=0 val=388 (slot=0)
ev: ABS code=1 val=2637 (slot=0)
ev: SYN code=0
cnt=1 s0=fng (388,2637) [filtered=0]
ev: ABS code=53 val=389 (slot=0)
ev: ABS code=54 val=2636 (slot=0)
ev: ABS code=0 val=389 (slot=0)
ev: ABS code=1 val=2636 (slot=0)
ev: SYN code=0
cnt=1 s0=fng (389,2636) [filtered=0]
ev: ABS code=53 val=390 (slot=0)
ev: ABS code=54 val=2635 (slot=0)
ev: ABS code=0 val=390 (slot=0)
ev: ABS code=1 val=2635 (slot=0)
ev: SYN code=0
cnt=1 s0=fng (390,2635) [filtered=0]
ev: ABS code=53 val=392 (slot=0)
ev: ABS code=54 val=2634 (slot=0)
ev: ABS code=0 val=392 (slot=0)
ev: ABS code=1 val=2634 (slot=0)
ev: SYN code=0
cnt=1 s0=fng (392,2634) [filtered=0]
ev: ABS code=53 val=394 (slot=0)
ev: ABS code=54 val=2633 (slot=0)
ev: ABS code=0 val=394 (slot=0)
ev: ABS code=1 val=2633 (slot=0)
ev: SYN code=0
cnt=1 s0=fng (394,2633) [filtered=0]
ev: ABS code=53 val=395 (slot=0)
ev: ABS code=0 val=395 (slot=0)
ev: SYN code=0
cnt=1 s0=fng (395,2633) [filtered=0]
ev: ABS code=53 val=396 (slot=0)
ev: ABS code=54 val=2632 (slot=0)
ev: ABS code=0 val=396 (slot=0)
ev: ABS code=1 val=2632 (slot=0)
ev: SYN code=0
cnt=1 s0=fng (396,2632) [filtered=0]
ev: ABS code=53 val=397 (slot=0)
ev: ABS code=0 val=397 (slot=0)
ev: SYN code=0
cnt=1 s0=fng (397,2632) [filtered=0]
ev: ABS code=53 val=398 (slot=0)
ev: ABS code=54 val=2631 (slot=0)
ev: ABS code=0 val=398 (slot=0)
ev: ABS code=1 val=2631 (slot=0)
ev: SYN code=0
cnt=1 s0=fng (398,2631) [filtered=0]
ev: ABS code=53 val=399 (slot=0)
ev: ABS code=54 val=2630 (slot=0)
ev: ABS code=0 val=399 (slot=0)
ev: ABS code=1 val=2630 (slot=0)
ev: SYN code=0
cnt=1 s0=fng (399,2630) [filtered=0]
ev: ABS code=53 val=400 (slot=0)
ev: ABS code=0 val=400 (slot=0)
ev: SYN code=0
cnt=1 s0=fng (400,2630) [filtered=0]
ev: ABS code=53 val=401 (slot=0)
ev: ABS code=0 val=401 (slot=0)
ev: SYN code=0
cnt=1 s0=fng (401,2630) [filtered=0]
ev: ABS code=53 val=402 (slot=0)
ev: ABS code=54 val=2629 (slot=0)
ev: ABS code=0 val=402 (slot=0)
ev: ABS code=1 val=2629 (slot=0)
ev: SYN code=0
cnt=1 s0=fng (402,2629) [filtered=0]
ev: ABS code=53 val=403 (slot=0)
ev: ABS code=0 val=403 (slot=0)
ev: SYN code=0
cnt=1 s0=fng (403,2629) [filtered=0]
ev: SYN code=0
cnt=1 s0=fng (403,2629) [filtered=0]
ev: ABS code=54 val=2628 (slot=0)
ev: ABS code=1 val=2628 (slot=0)
ev: SYN code=0
cnt=1 s0=fng (403,2628) [filtered=0]
ev: SYN code=0
cnt=1 s0=fng (403,2628) [filtered=0]
ev: SYN code=0
cnt=1 s0=fng (403,2628) [filtered=0]
ev: SYN code=0
cnt=1 s0=fng (403,2628) [filtered=0]
ev: KEY code=0x110 val=0
ev: SYN code=0
cnt=1 s0=fng (403,2628)* [filtered=0]
ev: SYN code=0
cnt=1 s0=fng (403,2628)* [filtered=0]
ev: SYN code=0
cnt=1 s0=fng (403,2628)* [filtered=0]
ev: SYN code=0
cnt=1 s0=fng (403,2628)* [filtered=0]
ev: ABS code=54 val=2629 (slot=0)
ev: ABS code=1 val=2629 (slot=0)
ev: SYN code=0
cnt=1 s0=fng (403,2629)* [filtered=0]
ev: SYN code=0
cnt=1 s0=fng (403,2629)* [filtered=0]
ev: ABS code=53 val=402 (slot=0)
ev: ABS code=54 val=2630 (slot=0)
ev: ABS code=0 val=402 (slot=0)
ev: ABS code=1 val=2630 (slot=0)
ev: SYN code=0
cnt=1 s0=fng (402,2630)* [filtered=0]
ev: ABS code=53 val=400 (slot=0)
ev: ABS code=0 val=400 (slot=0)
ev: SYN code=0
cnt=1 s0=fng (400,2630)* [filtered=0]
ev: ABS code=53 val=398 (slot=0)
ev: ABS code=54 val=2631 (slot=0)
ev: ABS code=0 val=398 (slot=0)
ev: ABS code=1 val=2631 (slot=0)
ev: SYN code=0
cnt=1 s0=fng (398,2631)* [filtered=0]
ev: ABS code=57 val=-1 (slot=0)
ev: KEY code=0x14a val=0
ev: KEY code=0x145 val=0
ev: SYN code=0
ev: ABS code=57 val=76 (slot=0)
ev: ABS code=53 val=2499 (slot=0)
ev: ABS code=54 val=2924 (slot=0)
ev: KEY code=0x14a val=1
ev: KEY code=0x145 val=1
ev: ABS code=0 val=2499 (slot=0)
ev: ABS code=1 val=2924 (slot=0)
ev: SYN code=0
cnt=1 s0=fng (2499,2924) [filtered=0]
ev: KEY code=0x110 val=1
click: x=2499 -> zone=0x112
ev: SYN code=0
cnt=1 s0=fng (2499,2924) [filtered=0]
ev: SYN code=0
cnt=1 s0=fng (2499,2924) [filtered=0]
ev: ABS code=53 val=2498 (slot=0)
ev: ABS code=0 val=2498 (slot=0)
ev: SYN code=0
cnt=1 s0=fng (2498,2924) [filtered=0]
ev: ABS code=53 val=2497 (slot=0)
ev: ABS code=54 val=2923 (slot=0)
ev: ABS code=0 val=2497 (slot=0)
ev: ABS code=1 val=2923 (slot=0)
ev: SYN code=0
cnt=1 s0=fng (2497,2923) [filtered=0]
ev: ABS code=53 val=2496 (slot=0)
ev: ABS code=0 val=2496 (slot=0)
ev: SYN code=0
cnt=1 s0=fng (2496,2923) [filtered=0]
ev: ABS code=53 val=2495 (slot=0)
ev: ABS code=54 val=2922 (slot=0)
ev: ABS code=0 val=2495 (slot=0)
ev: ABS code=1 val=2922 (slot=0)
ev: SYN code=0
cnt=1 s0=fng (2495,2922) [filtered=0]
ev: SYN code=0
cnt=1 s0=fng (2495,2922) [filtered=0]
ev: ABS code=53 val=2494 (slot=0)
ev: ABS code=0 val=2494 (slot=0)
ev: SYN code=0
cnt=1 s0=fng (2494,2922) [filtered=0]
ev: ABS code=53 val=2493 (slot=0)
ev: ABS code=54 val=2921 (slot=0)
ev: ABS code=0 val=2493 (slot=0)
ev: ABS code=1 val=2921 (slot=0)
ev: SYN code=0
cnt=1 s0=fng (2493,2921) [filtered=0]
ev: ABS code=53 val=2492 (slot=0)
ev: ABS code=54 val=2920 (slot=0)
ev: ABS code=0 val=2492 (slot=0)
ev: ABS code=1 val=2920 (slot=0)
ev: SYN code=0
cnt=1 s0=fng (2492,2920) [filtered=0]
ev: SYN code=0
cnt=1 s0=fng (2492,2920) [filtered=0]
ev: SYN code=0
cnt=1 s0=fng (2492,2920) [filtered=0]
ev: ABS code=53 val=2491 (slot=0)
ev: ABS code=54 val=2919 (slot=0)
ev: ABS code=0 val=2491 (slot=0)
ev: ABS code=1 val=2919 (slot=0)
ev: SYN code=0
cnt=1 s0=fng (2491,2919) [filtered=0]
ev: ABS code=53 val=2490 (slot=0)
ev: ABS code=0 val=2490 (slot=0)
ev: SYN code=0
cnt=1 s0=fng (2490,2919) [filtered=0]
ev: ABS code=54 val=2918 (slot=0)
ev: ABS code=1 val=2918 (slot=0)
ev: SYN code=0
cnt=1 s0=fng (2490,2918) [filtered=0]
ev: SYN code=0
cnt=1 s0=fng (2490,2918) [filtered=0]
ev: SYN code=0
cnt=1 s0=fng (2490,2918) [filtered=0]
ev: SYN code=0
cnt=1 s0=fng (2490,2918) [filtered=0]
ev: SYN code=0
cnt=1 s0=fng (2490,2918) [filtered=0]
ev: SYN code=0
cnt=1 s0=fng (2490,2918)* [filtered=0]
ev: SYN code=0
cnt=1 s0=fng (2490,2918)* [filtered=0]
ev: SYN code=0
cnt=1 s0=fng (2490,2918)* [filtered=0]
ev: KEY code=0x110 val=0
ev: SYN code=0
cnt=1 s0=fng (2490,2918)* [filtered=0]
ev: SYN code=0
cnt=1 s0=fng (2490,2918)* [filtered=0]
ev: SYN code=0
cnt=1 s0=fng (2490,2918)* [filtered=0]
ev: SYN code=0
cnt=1 s0=fng (2490,2918)* [filtered=0]
ev: SYN code=0
cnt=1 s0=fng (2490,2918)* [filtered=0]
ev: ABS code=54 val=2919 (slot=0)
ev: ABS code=1 val=2919 (slot=0)
ev: SYN code=0
cnt=1 s0=fng (2490,2919)* [filtered=0]
ev: SYN code=0
cnt=1 s0=fng (2490,2919)* [filtered=0]
ev: SYN code=0
cnt=1 s0=fng (2490,2919)* [filtered=0]
ev: ABS code=54 val=2920 (slot=0)
ev: ABS code=1 val=2920 (slot=0)
ev: SYN code=0
cnt=1 s0=fng (2490,2920)* [filtered=0]
ev: SYN code=0
cnt=1 s0=fng (2490,2920)* [filtered=0]
ev: ABS code=53 val=2491 (slot=0)
ev: ABS code=54 val=2921 (slot=0)
ev: ABS code=0 val=2491 (slot=0)
ev: ABS code=1 val=2921 (slot=0)
ev: SYN code=0
cnt=1 s0=fng (2491,2921)* [filtered=0]
ev: ABS code=53 val=2492 (slot=0)
ev: ABS code=54 val=2923 (slot=0)
ev: ABS code=0 val=2492 (slot=0)
ev: ABS code=1 val=2923 (slot=0)
ev: SYN code=0
cnt=1 s0=fng (2492,2923)* [filtered=0]
ev: ABS code=54 val=2924 (slot=0)
ev: ABS code=1 val=2924 (slot=0)
ev: SYN code=0
cnt=1 s0=fng (2492,2924)* [filtered=0]
ev: ABS code=54 val=2925 (slot=0)
ev: ABS code=1 val=2925 (slot=0)
ev: SYN code=0
cnt=1 s0=fng (2492,2925)* [filtered=0]
ev: ABS code=53 val=2493 (slot=0)
ev: ABS code=54 val=2927 (slot=0)
ev: ABS code=0 val=2493 (slot=0)
ev: ABS code=1 val=2927 (slot=0)
ev: SYN code=0
cnt=1 s0=fng (2493,2927)* [filtered=0]
ev: ABS code=57 val=-1 (slot=0)
ev: KEY code=0x14a val=0
ev: KEY code=0x145 val=0
ev: SYN code=0
ev: ABS code=57 val=77 (slot=0)
ev: ABS code=53 val=4040 (slot=0)
ev: ABS code=54 val=2843 (slot=0)
ev: KEY code=0x14a val=1
ev: KEY code=0x145 val=1
ev: ABS code=0 val=4040 (slot=0)
ev: ABS code=1 val=2843 (slot=0)
ev: SYN code=0
cnt=1 s0=fng (4040,2843) [filtered=0]
ev: ABS code=54 val=2842 (slot=0)
ev: KEY code=0x110 val=1
click: x=4040 -> zone=0x111
ev: ABS code=1 val=2842 (slot=0)
ev: SYN code=0
cnt=1 s0=fng (4040,2842) [filtered=0]
ev: SYN code=0
cnt=1 s0=fng (4040,2842) [filtered=0]
ev: ABS code=53 val=4039 (slot=0)
ev: ABS code=54 val=2841 (slot=0)
ev: ABS code=0 val=4039 (slot=0)
ev: ABS code=1 val=2841 (slot=0)
ev: SYN code=0
cnt=1 s0=fng (4039,2841) [filtered=0]
ev: ABS code=53 val=4038 (slot=0)
ev: ABS code=54 val=2840 (slot=0)
ev: ABS code=0 val=4038 (slot=0)
ev: ABS code=1 val=2840 (slot=0)
ev: SYN code=0
cnt=1 s0=fng (4038,2840) [filtered=0]
ev: ABS code=54 val=2839 (slot=0)
ev: ABS code=1 val=2839 (slot=0)
ev: SYN code=0
cnt=1 s0=fng (4038,2839) [filtered=0]
ev: SYN code=0
cnt=1 s0=fng (4038,2839) [filtered=0]
ev: SYN code=0
cnt=1 s0=fng (4038,2839) [filtered=0]
ev: ABS code=54 val=2840 (slot=0)
ev: ABS code=1 val=2840 (slot=0)
ev: SYN code=0
cnt=1 s0=fng (4038,2840) [filtered=0]
ev: SYN code=0
cnt=1 s0=fng (4038,2840) [filtered=0]
ev: ABS code=54 val=2841 (slot=0)
ev: ABS code=1 val=2841 (slot=0)
ev: SYN code=0
cnt=1 s0=fng (4038,2841) [filtered=0]
ev: SYN code=0
cnt=1 s0=fng (4038,2841) [filtered=0]
ev: SYN code=0
cnt=1 s0=fng (4038,2841) [filtered=0]
ev: ABS code=54 val=2842 (slot=0)
ev: ABS code=1 val=2842 (slot=0)
ev: SYN code=0
cnt=1 s0=fng (4038,2842) [filtered=0]
ev: ABS code=54 val=2843 (slot=0)
ev: ABS code=1 val=2843 (slot=0)
ev: SYN code=0
cnt=1 s0=fng (4038,2843) [filtered=0]
ev: SYN code=0
cnt=1 s0=fng (4038,2843) [filtered=0]
ev: SYN code=0
cnt=1 s0=fng (4038,2843) [filtered=0]
ev: SYN code=0
cnt=1 s0=fng (4038,2843) [filtered=0]
ev: SYN code=0
cnt=1 s0=fng (4038,2843) [filtered=0]
ev: ABS code=53 val=4037 (slot=0)
ev: ABS code=0 val=4037 (slot=0)
ev: SYN code=0
cnt=1 s0=fng (4037,2843) [filtered=0]
ev: SYN code=0
cnt=1 s0=fng (4037,2843)* [filtered=0]
ev: SYN code=0
cnt=1 s0=fng (4037,2843)* [filtered=0]
ev: ABS code=53 val=4036 (slot=0)
ev: ABS code=0 val=4036 (slot=0)
ev: SYN code=0
cnt=1 s0=fng (4036,2843)* [filtered=0]
ev: ABS code=53 val=4035 (slot=0)
ev: ABS code=54 val=2844 (slot=0)
ev: ABS code=0 val=4035 (slot=0)
ev: ABS code=1 val=2844 (slot=0)
ev: SYN code=0
cnt=1 s0=fng (4035,2844)* [filtered=0]
ev: ABS code=53 val=4034 (slot=0)
ev: ABS code=54 val=2845 (slot=0)
ev: KEY code=0x110 val=0
ev: ABS code=0 val=4034 (slot=0)
ev: ABS code=1 val=2845 (slot=0)
ev: SYN code=0
cnt=1 s0=fng (4034,2845)* [filtered=0]
ev: ABS code=53 val=4032 (slot=0)
ev: ABS code=54 val=2847 (slot=0)
ev: ABS code=0 val=4032 (slot=0)
ev: ABS code=1 val=2847 (slot=0)
ev: SYN code=0
cnt=1 s0=fng (4032,2847) [filtered=0]
ev: ABS code=53 val=4031 (slot=0)
ev: ABS code=54 val=2848 (slot=0)
ev: ABS code=0 val=4031 (slot=0)
ev: ABS code=1 val=2848 (slot=0)
ev: SYN code=0
cnt=1 s0=fng (4031,2848) [filtered=0]
ev: ABS code=53 val=4029 (slot=0)
ev: ABS code=54 val=2851 (slot=0)
ev: ABS code=0 val=4029 (slot=0)
ev: ABS code=1 val=2851 (slot=0)
ev: SYN code=0
cnt=1 s0=fng (4029,2851) [filtered=0]
ev: ABS code=53 val=4026 (slot=0)
ev: ABS code=54 val=2856 (slot=0)
ev: ABS code=0 val=4026 (slot=0)
ev: ABS code=1 val=2856 (slot=0)
ev: SYN code=0
cnt=1 s0=fng (4026,2856) [filtered=0]
ev: ABS code=53 val=4022 (slot=0)
ev: ABS code=54 val=2862 (slot=0)
ev: ABS code=0 val=4022 (slot=0)
ev: ABS code=1 val=2862 (slot=0)
ev: SYN code=0
cnt=1 s0=fng (4022,2862) [filtered=0]
ev: ABS code=53 val=4018 (slot=0)
ev: ABS code=54 val=2869 (slot=0)
ev: ABS code=0 val=4018 (slot=0)
ev: ABS code=1 val=2869 (slot=0)
ev: SYN code=0
cnt=1 s0=fng (4018,2869) [filtered=0]
ev: ABS code=53 val=4015 (slot=0)
ev: ABS code=54 val=2875 (slot=0)
ev: ABS code=0 val=4015 (slot=0)
ev: ABS code=1 val=2875 (slot=0)
ev: SYN code=0
cnt=1 s0=fng (4015,2875) [filtered=0]
ev: ABS code=53 val=4012 (slot=0)
ev: ABS code=54 val=2881 (slot=0)
ev: ABS code=0 val=4012 (slot=0)
ev: ABS code=1 val=2881 (slot=0)
ev: SYN code=0
cnt=1 s0=fng (4012,2881) [filtered=0]
ev: ABS code=53 val=4008 (slot=0)
ev: ABS code=54 val=2887 (slot=0)
ev: ABS code=0 val=4008 (slot=0)
ev: ABS code=1 val=2887 (slot=0)
ev: SYN code=0
cnt=1 s0=fng (4008,2887) [filtered=0]
ev: ABS code=53 val=4006 (slot=0)
ev: ABS code=54 val=2893 (slot=0)
ev: ABS code=0 val=4006 (slot=0)
ev: ABS code=1 val=2893 (slot=0)
ev: SYN code=0
cnt=1 s0=fng (4006,2893) [filtered=0]
ev: ABS code=53 val=4004 (slot=0)
ev: ABS code=54 val=2900 (slot=0)
ev: ABS code=0 val=4004 (slot=0)
ev: ABS code=1 val=2900 (slot=0)
ev: SYN code=0
cnt=1 s0=fng (4004,2900) [filtered=0]
ev: ABS code=53 val=4003 (slot=0)
ev: ABS code=54 val=2906 (slot=0)
ev: ABS code=0 val=4003 (slot=0)
ev: ABS code=1 val=2906 (slot=0)
ev: SYN code=0
cnt=1 s0=fng (4003,2906) [filtered=0]
ev: ABS code=53 val=4002 (slot=0)
ev: ABS code=54 val=2911 (slot=0)
ev: ABS code=0 val=4002 (slot=0)
ev: ABS code=1 val=2911 (slot=0)
ev: SYN code=0
cnt=1 s0=fng (4002,2911) [filtered=0]
ev: ABS code=57 val=-1 (slot=0)
ev: KEY code=0x14a val=0
ev: KEY code=0x145 val=0
ev: SYN code=0
ev: ABS code=57 val=78 (slot=0)
ev: ABS code=53 val=369 (slot=0)
ev: ABS code=54 val=2690 (slot=0)
ev: KEY code=0x14a val=1
ev: KEY code=0x145 val=1
ev: ABS code=0 val=369 (slot=0)
ev: ABS code=1 val=2690 (slot=0)
ev: SYN code=0
cnt=1 s0=fng (369,2690) [filtered=0]
ev: KEY code=0x110 val=1
click: x=369 -> zone=0x110
ev: SYN code=0
cnt=1 s0=fng (369,2690) [filtered=0]
ev: ABS code=54 val=2689 (slot=0)
ev: ABS code=1 val=2689 (slot=0)
ev: SYN code=0
cnt=1 s0=fng (369,2689) [filtered=0]
ev: ABS code=53 val=371 (slot=0)
ev: ABS code=54 val=2685 (slot=0)
ev: ABS code=0 val=371 (slot=0)
ev: ABS code=1 val=2685 (slot=0)
ev: SYN code=0
cnt=1 s0=fng (371,2685) [filtered=0]
ev: ABS code=53 val=372 (slot=0)
ev: ABS code=54 val=2683 (slot=0)
ev: ABS code=0 val=372 (slot=0)
ev: ABS code=1 val=2683 (slot=0)
ev: SYN code=0
cnt=1 s0=fng (372,2683) [filtered=0]
ev: ABS code=53 val=374 (slot=0)
ev: ABS code=54 val=2677 (slot=0)
ev: ABS code=0 val=374 (slot=0)
ev: ABS code=1 val=2677 (slot=0)
ev: SYN code=0
cnt=1 s0=fng (374,2677) [filtered=0]
ev: ABS code=53 val=378 (slot=0)
ev: ABS code=54 val=2668 (slot=0)
ev: ABS code=0 val=378 (slot=0)
ev: ABS code=1 val=2668 (slot=0)
ev: SYN code=0
cnt=1 s0=fng (378,2668) [filtered=0]
ev: ABS code=53 val=382 (slot=0)
ev: ABS code=54 val=2657 (slot=0)
ev: ABS code=0 val=382 (slot=0)
ev: ABS code=1 val=2657 (slot=0)
ev: SYN code=0
cnt=1 s0=fng (382,2657) [filtered=0]
ev: ABS code=53 val=385 (slot=0)
ev: ABS code=54 val=2647 (slot=0)
ev: ABS code=0 val=385 (slot=0)
ev: ABS code=1 val=2647 (slot=0)
ev: SYN code=0
cnt=1 s0=fng (385,2647) [filtered=0]
ev: ABS code=53 val=389 (slot=0)
ev: ABS code=54 val=2638 (slot=0)
ev: ABS code=0 val=389 (slot=0)
ev: ABS code=1 val=2638 (slot=0)
ev: SYN code=0
cnt=1 s0=fng (389,2638) [filtered=0]
ev: ABS code=53 val=393 (slot=0)
ev: ABS code=54 val=2629 (slot=0)
ev: ABS code=0 val=393 (slot=0)
ev: ABS code=1 val=2629 (slot=0)
ev: SYN code=0
cnt=1 s0=fng (393,2629) [filtered=0]
ev: ABS code=53 val=396 (slot=0)
ev: ABS code=54 val=2621 (slot=0)
ev: ABS code=0 val=396 (slot=0)
ev: ABS code=1 val=2621 (slot=0)
ev: SYN code=0
cnt=1 s0=fng (396,2621) [filtered=0]
ev: ABS code=53 val=399 (slot=0)
ev: ABS code=54 val=2614 (slot=0)
ev: ABS code=0 val=399 (slot=0)
ev: ABS code=1 val=2614 (slot=0)
ev: SYN code=0
cnt=1 s0=fng (399,2614) [filtered=0]
ev: ABS code=53 val=401 (slot=0)
ev: ABS code=54 val=2608 (slot=0)
ev: ABS code=0 val=401 (slot=0)
ev: ABS code=1 val=2608 (slot=0)
ev: SYN code=0
cnt=1 s0=fng (401,2608) [filtered=0]
ev: ABS code=53 val=403 (slot=0)
ev: ABS code=54 val=2604 (slot=0)
ev: ABS code=0 val=403 (slot=0)
ev: ABS code=1 val=2604 (slot=0)
ev: SYN code=0
cnt=1 s0=fng (403,2604) [filtered=0]
ev: ABS code=53 val=404 (slot=0)
ev: ABS code=54 val=2599 (slot=0)
ev: ABS code=0 val=404 (slot=0)
ev: ABS code=1 val=2599 (slot=0)
ev: SYN code=0
cnt=1 s0=fng (404,2599) [filtered=0]
ev: ABS code=53 val=406 (slot=0)
ev: ABS code=54 val=2595 (slot=0)
ev: ABS code=0 val=406 (slot=0)
ev: ABS code=1 val=2595 (slot=0)
ev: SYN code=0
cnt=1 s0=fng (406,2595) [filtered=0]
ev: ABS code=53 val=408 (slot=0)
ev: ABS code=54 val=2592 (slot=0)
ev: ABS code=0 val=408 (slot=0)
ev: ABS code=1 val=2592 (slot=0)
ev: SYN code=0
cnt=1 s0=fng (408,2592) [filtered=0]
ev: ABS code=53 val=409 (slot=0)
ev: ABS code=54 val=2590 (slot=0)
ev: ABS code=0 val=409 (slot=0)
ev: ABS code=1 val=2590 (slot=0)
ev: SYN code=0
cnt=1 s0=fng (409,2590) [filtered=0]
ev: ABS code=53 val=410 (slot=0)
ev: ABS code=54 val=2589 (slot=0)
ev: ABS code=0 val=410 (slot=0)
ev: ABS code=1 val=2589 (slot=0)
ev: SYN code=0
cnt=1 s0=fng (410,2589) [filtered=0]
ev: ABS code=53 val=411 (slot=0)
ev: ABS code=54 val=2588 (slot=0)
ev: ABS code=0 val=411 (slot=0)
ev: ABS code=1 val=2588 (slot=0)
ev: SYN code=0
cnt=1 s0=fng (411,2588) [filtered=0]
ev: ABS code=53 val=413 (slot=0)
ev: ABS code=54 val=2587 (slot=0)
ev: ABS code=0 val=413 (slot=0)
ev: ABS code=1 val=2587 (slot=0)
ev: SYN code=0
cnt=1 s0=fng (413,2587) [filtered=0]
ev: ABS code=53 val=414 (slot=0)
ev: ABS code=54 val=2586 (slot=0)
ev: ABS code=0 val=414 (slot=0)
ev: ABS code=1 val=2586 (slot=0)
ev: SYN code=0
cnt=1 s0=fng (414,2586) [filtered=0]
ev: ABS code=53 val=415 (slot=0)
ev: ABS code=54 val=2585 (slot=0)
ev: ABS code=0 val=415 (slot=0)
ev: ABS code=1 val=2585 (slot=0)
ev: SYN code=0
cnt=1 s0=fng (415,2585) [filtered=0]
ev: ABS code=53 val=416 (slot=0)
ev: ABS code=54 val=2584 (slot=0)
ev: ABS code=0 val=416 (slot=0)
ev: ABS code=1 val=2584 (slot=0)
ev: SYN code=0
cnt=1 s0=fng (416,2584) [filtered=0]
ev: ABS code=53 val=418 (slot=0)
ev: ABS code=0 val=418 (slot=0)
ev: SYN code=0
cnt=1 s0=fng (418,2584) [filtered=0]
ev: ABS code=53 val=420 (slot=0)
ev: ABS code=54 val=2583 (slot=0)
ev: ABS code=0 val=420 (slot=0)
ev: ABS code=1 val=2583 (slot=0)
ev: SYN code=0
cnt=1 s0=fng (420,2583) [filtered=0]
ev: ABS code=53 val=421 (slot=0)
ev: ABS code=0 val=421 (slot=0)
ev: SYN code=0
cnt=1 s0=fng (421,2583) [filtered=0]
ev: ABS code=53 val=422 (slot=0)
ev: ABS code=0 val=422 (slot=0)
ev: SYN code=0
cnt=1 s0=fng (422,2583) [filtered=0]
ev: ABS code=53 val=423 (slot=0)
ev: ABS code=0 val=423 (slot=0)
ev: SYN code=0
cnt=1 s0=fng (423,2583) [filtered=0]
ev: ABS code=53 val=424 (slot=0)
ev: ABS code=0 val=424 (slot=0)
ev: SYN code=0
cnt=1 s0=fng (424,2583) [filtered=0]
ev: ABS code=53 val=425 (slot=0)
ev: ABS code=0 val=425 (slot=0)
ev: SYN code=0
cnt=1 s0=fng (425,2583) [filtered=0]
ev: ABS code=53 val=426 (slot=0)
ev: ABS code=0 val=426 (slot=0)
ev: SYN code=0
cnt=1 s0=fng (426,2583) [filtered=0]
ev: SYN code=0
cnt=1 s0=fng (426,2583) [filtered=0]
ev: ABS code=53 val=427 (slot=0)
ev: ABS code=0 val=427 (slot=0)
ev: SYN code=0
cnt=1 s0=fng (427,2583) [filtered=0]
ev: KEY code=0x110 val=0
ev: SYN code=0
cnt=1 s0=fng (427,2583) [filtered=0]
ev: SYN code=0
cnt=1 s0=fng (427,2583) [filtered=0]
ev: SYN code=0
cnt=1 s0=fng (427,2583)* [filtered=0]
ev: ABS code=54 val=2584 (slot=0)
ev: ABS code=1 val=2584 (slot=0)
ev: SYN code=0
cnt=1 s0=fng (427,2584)* [filtered=0]
ev: ABS code=54 val=2585 (slot=0)
ev: ABS code=1 val=2585 (slot=0)
ev: SYN code=0
cnt=1 s0=fng (427,2585)* [filtered=0]
ev: ABS code=54 val=2586 (slot=0)
ev: ABS code=1 val=2586 (slot=0)
ev: SYN code=0
cnt=1 s0=fng (427,2586)* [filtered=0]
ev: ABS code=54 val=2587 (slot=0)
ev: ABS code=1 val=2587 (slot=0)
ev: SYN code=0
cnt=1 s0=fng (427,2587)* [filtered=0]
ev: ABS code=53 val=426 (slot=0)
ev: ABS code=54 val=2588 (slot=0)
ev: ABS code=0 val=426 (slot=0)
ev: ABS code=1 val=2588 (slot=0)
ev: SYN code=0
cnt=1 s0=fng (426,2588)* [filtered=0]
ev: ABS code=53 val=424 (slot=0)
ev: ABS code=54 val=2590 (slot=0)
ev: ABS code=0 val=424 (slot=0)
ev: ABS code=1 val=2590 (slot=0)
ev: SYN code=0
cnt=1 s0=fng (424,2590) [filtered=0]
ev: ABS code=53 val=422 (slot=0)
ev: ABS code=54 val=2592 (slot=0)
ev: ABS code=0 val=422 (slot=0)
ev: ABS code=1 val=2592 (slot=0)
ev: SYN code=0
cnt=1 s0=fng (422,2592) [filtered=0]
ev: ABS code=53 val=420 (slot=0)
ev: ABS code=54 val=2594 (slot=0)
ev: ABS code=0 val=420 (slot=0)
ev: ABS code=1 val=2594 (slot=0)
ev: SYN code=0
cnt=1 s0=fng (420,2594) [filtered=0]
ev: ABS code=53 val=419 (slot=0)
ev: ABS code=54 val=2595 (slot=0)
ev: ABS code=0 val=419 (slot=0)
ev: ABS code=1 val=2595 (slot=0)
ev: SYN code=0
cnt=1 s0=fng (419,2595) [filtered=0]
ev: ABS code=57 val=-1 (slot=0)
ev: KEY code=0x14a val=0
ev: KEY code=0x145 val=0
ev: SYN code=0
ev: ABS code=57 val=79 (slot=0)
ev: ABS code=53 val=2479 (slot=0)
ev: ABS code=54 val=3055 (slot=0)
ev: KEY code=0x14a val=1
ev: KEY code=0x145 val=1
ev: ABS code=0 val=2479 (slot=0)
ev: ABS code=1 val=3055 (slot=0)
ev: SYN code=0
cnt=1 s0=fng (2479,3055) [filtered=0]
ev: ABS code=53 val=2478 (slot=0)
ev: ABS code=54 val=3054 (slot=0)
ev: KEY code=0x110 val=1
click: x=2478 -> zone=0x112
ev: ABS code=0 val=2478 (slot=0)
ev: ABS code=1 val=3054 (slot=0)
ev: SYN code=0
cnt=1 s0=fng (2478,3054) [filtered=0]
ev: SYN code=0
cnt=1 s0=fng (2478,3054) [filtered=0]
ev: ABS code=53 val=2477 (slot=0)
ev: ABS code=54 val=3053 (slot=0)
ev: ABS code=0 val=2477 (slot=0)
ev: ABS code=1 val=3053 (slot=0)
ev: SYN code=0
cnt=1 s0=fng (2477,3053) [filtered=0]
ev: ABS code=53 val=2476 (slot=0)
ev: ABS code=54 val=3052 (slot=0)
ev: ABS code=0 val=2476 (slot=0)
ev: ABS code=1 val=3052 (slot=0)
ev: SYN code=0
cnt=1 s0=fng (2476,3052) [filtered=0]
ev: ABS code=53 val=2475 (slot=0)
ev: ABS code=54 val=3051 (slot=0)
ev: ABS code=0 val=2475 (slot=0)
ev: ABS code=1 val=3051 (slot=0)
ev: SYN code=0
cnt=1 s0=fng (2475,3051) [filtered=0]
ev: ABS code=53 val=2474 (slot=0)
ev: ABS code=54 val=3050 (slot=0)
ev: ABS code=0 val=2474 (slot=0)
ev: ABS code=1 val=3050 (slot=0)
ev: SYN code=0
cnt=1 s0=fng (2474,3050) [filtered=0]
ev: ABS code=54 val=3049 (slot=0)
ev: ABS code=1 val=3049 (slot=0)
ev: SYN code=0
cnt=1 s0=fng (2474,3049) [filtered=0]
ev: ABS code=53 val=2473 (slot=0)
ev: ABS code=54 val=3048 (slot=0)
ev: ABS code=0 val=2473 (slot=0)
ev: ABS code=1 val=3048 (slot=0)
ev: SYN code=0
cnt=1 s0=fng (2473,3048) [filtered=0]
ev: ABS code=53 val=2472 (slot=0)
ev: ABS code=54 val=3047 (slot=0)
ev: ABS code=0 val=2472 (slot=0)
ev: ABS code=1 val=3047 (slot=0)
ev: SYN code=0
cnt=1 s0=fng (2472,3047) [filtered=0]
ev: ABS code=53 val=2471 (slot=0)
ev: ABS code=54 val=3046 (slot=0)
ev: ABS code=0 val=2471 (slot=0)
ev: ABS code=1 val=3046 (slot=0)
ev: SYN code=0
cnt=1 s0=fng (2471,3046) [filtered=0]
ev: ABS code=54 val=3045 (slot=0)
ev: ABS code=1 val=3045 (slot=0)
ev: SYN code=0
cnt=1 s0=fng (2471,3045) [filtered=0]
ev: ABS code=53 val=2470 (slot=0)
ev: ABS code=54 val=3044 (slot=0)
ev: ABS code=0 val=2470 (slot=0)
ev: ABS code=1 val=3044 (slot=0)
ev: SYN code=0
cnt=1 s0=fng (2470,3044) [filtered=0]
ev: ABS code=54 val=3043 (slot=0)
ev: ABS code=1 val=3043 (slot=0)
ev: SYN code=0
cnt=1 s0=fng (2470,3043) [filtered=0]
ev: ABS code=53 val=2469 (slot=0)
ev: ABS code=54 val=3042 (slot=0)
ev: ABS code=0 val=2469 (slot=0)
ev: ABS code=1 val=3042 (slot=0)
ev: SYN code=0
cnt=1 s0=fng (2469,3042) [filtered=0]
ev: ABS code=54 val=3041 (slot=0)
ev: ABS code=1 val=3041 (slot=0)
ev: SYN code=0
cnt=1 s0=fng (2469,3041) [filtered=0]
ev: SYN code=0
cnt=1 s0=fng (2469,3041) [filtered=0]
ev: ABS code=54 val=3040 (slot=0)
ev: ABS code=1 val=3040 (slot=0)
ev: SYN code=0
cnt=1 s0=fng (2469,3040) [filtered=0]
ev: ABS code=54 val=3039 (slot=0)
ev: ABS code=1 val=3039 (slot=0)
ev: SYN code=0
cnt=1 s0=fng (2469,3039) [filtered=0]
ev: ABS code=54 val=3038 (slot=0)
ev: KEY code=0x110 val=0
ev: ABS code=1 val=3038 (slot=0)
ev: SYN code=0
cnt=1 s0=fng (2469,3038) [filtered=0]
ev: ABS code=54 val=3037 (slot=0)
ev: ABS code=1 val=3037 (slot=0)
ev: SYN code=0
cnt=1 s0=fng (2469,3037)* [filtered=0]
ev: ABS code=54 val=3036 (slot=0)
ev: ABS code=1 val=3036 (slot=0)
ev: SYN code=0
cnt=1 s0=fng (2469,3036)* [filtered=0]
ev: ABS code=54 val=3035 (slot=0)
ev: ABS code=1 val=3035 (slot=0)
ev: SYN code=0
cnt=1 s0=fng (2469,3035)* [filtered=0]
ev: ABS code=54 val=3034 (slot=0)
ev: ABS code=1 val=3034 (slot=0)
ev: SYN code=0
cnt=1 s0=fng (2469,3034)* [filtered=0]
ev: ABS code=54 val=3033 (slot=0)
ev: ABS code=1 val=3033 (slot=0)
ev: SYN code=0
cnt=1 s0=fng (2469,3033)* [filtered=0]
ev: SYN code=0
cnt=1 s0=fng (2469,3033)* [filtered=0]
ev: ABS code=54 val=3032 (slot=0)
ev: ABS code=1 val=3032 (slot=0)
ev: SYN code=0
cnt=1 s0=fng (2469,3032)* [filtered=0]
ev: ABS code=54 val=3031 (slot=0)
ev: ABS code=1 val=3031 (slot=0)
ev: SYN code=0
cnt=1 s0=fng (2469,3031)* [filtered=0]
ev: ABS code=54 val=3030 (slot=0)
ev: ABS code=1 val=3030 (slot=0)
ev: SYN code=0
cnt=1 s0=fng (2469,3030)* [filtered=0]
ev: ABS code=54 val=3029 (slot=0)
ev: ABS code=1 val=3029 (slot=0)
ev: SYN code=0
cnt=1 s0=fng (2469,3029)* [filtered=0]
ev: ABS code=54 val=3028 (slot=0)
ev: ABS code=1 val=3028 (slot=0)
ev: SYN code=0
cnt=1 s0=fng (2469,3028)* [filtered=0]
ev: SYN code=0
cnt=1 s0=fng (2469,3028)* [filtered=0]
ev: SYN code=0
cnt=1 s0=fng (2469,3028)* [filtered=0]
ev: SYN code=0
cnt=1 s0=fng (2469,3028)* [filtered=0]
ev: SYN code=0
cnt=1 s0=fng (2469,3028)* [filtered=0]
ev: SYN code=0
cnt=1 s0=fng (2469,3028)* [filtered=0]
ev: ABS code=57 val=-1 (slot=0)
ev: KEY code=0x14a val=0
ev: KEY code=0x145 val=0
ev: SYN code=0
ev: ABS code=57 val=80 (slot=0)
ev: ABS code=53 val=4097 (slot=0)
ev: ABS code=54 val=2874 (slot=0)
ev: KEY code=0x14a val=1
ev: KEY code=0x145 val=1
ev: ABS code=0 val=4097 (slot=0)
ev: ABS code=1 val=2874 (slot=0)
ev: SYN code=0
cnt=1 s0=fng (4097,2874) [filtered=0]
ev: ABS code=54 val=2873 (slot=0)
ev: KEY code=0x110 val=1
click: x=4097 -> zone=0x111
ev: ABS code=1 val=2873 (slot=0)
ev: SYN code=0
cnt=1 s0=fng (4097,2873) [filtered=0]
ev: ABS code=53 val=4096 (slot=0)
ev: ABS code=54 val=2872 (slot=0)
ev: ABS code=0 val=4096 (slot=0)
ev: ABS code=1 val=2872 (slot=0)
ev: SYN code=0
cnt=1 s0=fng (4096,2872) [filtered=0]
ev: ABS code=53 val=4095 (slot=0)
ev: ABS code=54 val=2871 (slot=0)
ev: ABS code=0 val=4095 (slot=0)
ev: ABS code=1 val=2871 (slot=0)
ev: SYN code=0
cnt=1 s0=fng (4095,2871) [filtered=0]
ev: SYN code=0
cnt=1 s0=fng (4095,2871) [filtered=0]
ev: SYN code=0
cnt=1 s0=fng (4095,2871) [filtered=0]
ev: SYN code=0
cnt=1 s0=fng (4095,2871) [filtered=0]
ev: ABS code=54 val=2872 (slot=0)
ev: ABS code=1 val=2872 (slot=0)
ev: SYN code=0
cnt=1 s0=fng (4095,2872) [filtered=0]
ev: SYN code=0
cnt=1 s0=fng (4095,2872) [filtered=0]
ev: ABS code=54 val=2873 (slot=0)
ev: ABS code=1 val=2873 (slot=0)
ev: SYN code=0
cnt=1 s0=fng (4095,2873) [filtered=0]
ev: SYN code=0
cnt=1 s0=fng (4095,2873) [filtered=0]
ev: ABS code=54 val=2874 (slot=0)
ev: ABS code=1 val=2874 (slot=0)
ev: SYN code=0
cnt=1 s0=fng (4095,2874) [filtered=0]
ev: SYN code=0
cnt=1 s0=fng (4095,2874) [filtered=0]
ev: SYN code=0
cnt=1 s0=fng (4095,2874) [filtered=0]
ev: SYN code=0
cnt=1 s0=fng (4095,2874) [filtered=0]
ev: SYN code=0
cnt=1 s0=fng (4095,2874) [filtered=0]
ev: ABS code=54 val=2873 (slot=0)
ev: ABS code=1 val=2873 (slot=0)
ev: SYN code=0
cnt=1 s0=fng (4095,2873) [filtered=0]
ev: ABS code=54 val=2872 (slot=0)
ev: ABS code=1 val=2872 (slot=0)
ev: SYN code=0
cnt=1 s0=fng (4095,2872) [filtered=0]
ev: SYN code=0
cnt=1 s0=fng (4095,2872) [filtered=0]
ev: ABS code=54 val=2871 (slot=0)
ev: ABS code=1 val=2871 (slot=0)
ev: SYN code=0
cnt=1 s0=fng (4095,2871) [filtered=0]
ev: ABS code=54 val=2870 (slot=0)
ev: KEY code=0x110 val=0
ev: ABS code=1 val=2870 (slot=0)
ev: SYN code=0
cnt=1 s0=fng (4095,2870)* [filtered=0]
ev: ABS code=54 val=2869 (slot=0)
ev: ABS code=1 val=2869 (slot=0)
ev: SYN code=0
cnt=1 s0=fng (4095,2869)* [filtered=0]
ev: ABS code=54 val=2870 (slot=0)
ev: ABS code=1 val=2870 (slot=0)
ev: SYN code=0
cnt=1 s0=fng (4095,2870)* [filtered=0]
ev: SYN code=0
cnt=1 s0=fng (4095,2870)* [filtered=0]
ev: ABS code=54 val=2871 (slot=0)
ev: ABS code=1 val=2871 (slot=0)
ev: SYN code=0
cnt=1 s0=fng (4095,2871)* [filtered=0]
ev: ABS code=54 val=2872 (slot=0)
ev: ABS code=1 val=2872 (slot=0)
ev: SYN code=0
cnt=1 s0=fng (4095,2872)* [filtered=0]
ev: ABS code=54 val=2873 (slot=0)
ev: ABS code=1 val=2873 (slot=0)
ev: SYN code=0
cnt=1 s0=fng (4095,2873)* [filtered=0]
ev: ABS code=57 val=-1 (slot=0)
ev: KEY code=0x14a val=0
ev: KEY code=0x145 val=0
ev: SYN code=0
ev: ABS code=57 val=81 (slot=0)
ev: ABS code=53 val=4701 (slot=0)
ev: ABS code=54 val=1551 (slot=0)
ev: KEY code=0x14a val=1
ev: KEY code=0x145 val=1
ev: ABS code=0 val=4701 (slot=0)
ev: ABS code=1 val=1551 (slot=0)
ev: SYN code=0
cnt=1 s0=fng (4701,1551) [filtered=0]
ev: SYN code=0
cnt=1 s0=fng (4701,1551) [filtered=0]
ev: SYN code=0
cnt=1 s0=fng (4701,1551) [filtered=0]
ev: SYN code=0
cnt=1 s0=fng (4701,1551) [filtered=0]
ev: ABS code=53 val=4700 (slot=0)
ev: ABS code=0 val=4700 (slot=0)
ev: SYN code=0
cnt=1 s0=fng (4700,1551) [filtered=0]
ev: ABS code=53 val=4699 (slot=0)
ev: ABS code=0 val=4699 (slot=0)
ev: SYN code=0
cnt=1 s0=fng (4699,1551) [filtered=0]
ev: ABS code=53 val=4698 (slot=0)
ev: ABS code=0 val=4698 (slot=0)
ev: SYN code=0
cnt=1 s0=fng (4698,1551) [filtered=0]
ev: ABS code=53 val=4697 (slot=0)
ev: ABS code=0 val=4697 (slot=0)
ev: SYN code=0
cnt=1 s0=fng (4697,1551) [filtered=0]
ev: ABS code=53 val=4696 (slot=0)
ev: ABS code=0 val=4696 (slot=0)
ev: SYN code=0
cnt=1 s0=fng (4696,1551) [filtered=0]
ev: ABS code=53 val=4695 (slot=0)
ev: ABS code=0 val=4695 (slot=0)
ev: SYN code=0
cnt=1 s0=fng (4695,1551) [filtered=0]
ev: SYN code=0
cnt=1 s0=fng (4695,1551) [filtered=0]
ev: SYN code=0
cnt=1 s0=fng (4695,1551) [filtered=0]
ev: SYN code=0
cnt=1 s0=fng (4695,1551) [filtered=0]
ev: SYN code=0
cnt=1 s0=fng (4695,1551) [filtered=0]
ev: SYN code=0
cnt=1 s0=fng (4695,1551) [filtered=0]
ev: SYN code=0
cnt=1 s0=fng (4695,1551) [filtered=0]
ev: SYN code=0
cnt=1 s0=fng (4695,1551) [filtered=0]
ev: SYN code=0
cnt=1 s0=fng (4695,1551) [filtered=0]
ev: SYN code=0
cnt=1 s0=fng (4695,1551) [filtered=0]
ev: SYN code=0
cnt=1 s0=fng (4695,1551) [filtered=0]
ev: SYN code=0
cnt=1 s0=fng (4695,1551)* [filtered=0]
ev: SYN code=0
cnt=1 s0=fng (4695,1551)* [filtered=0]
ev: SYN code=0
cnt=1 s0=fng (4695,1551)* [filtered=0]
ev: SYN code=0
cnt=1 s0=fng (4695,1551)* [filtered=0]
ev: ABS code=54 val=1550 (slot=0)
ev: ABS code=1 val=1550 (slot=0)
ev: SYN code=0
cnt=1 s0=fng (4695,1550)* [filtered=0]
ev: SYN code=0
cnt=1 s0=fng (4695,1550)* [filtered=0]
ev: SYN code=0
cnt=1 s0=fng (4695,1550)* [filtered=0]
ev: SYN code=0
cnt=1 s0=fng (4695,1550)* [filtered=0]
ev: SYN code=0
cnt=1 s0=fng (4695,1550)* [filtered=0]
ev: ABS code=54 val=1549 (slot=0)
ev: ABS code=1 val=1549 (slot=0)
ev: SYN code=0
cnt=1 s0=fng (4695,1549)* [filtered=0]
ev: ABS code=54 val=1548 (slot=0)
ev: ABS code=1 val=1548 (slot=0)
ev: SYN code=0
cnt=1 s0=fng (4695,1548)* [filtered=0]
ev: SYN code=0
cnt=1 s0=fng (4695,1548)* [filtered=0]
ev: SYN code=0
cnt=1 s0=fng (4695,1548)* [filtered=0]
ev: ABS code=54 val=1547 (slot=0)
ev: ABS code=1 val=1547 (slot=0)
ev: SYN code=0
cnt=1 s0=fng (4695,1547)* [filtered=0]
ev: SYN code=0
cnt=1 s0=fng (4695,1547)* [filtered=0]
ev: SYN code=0
cnt=1 s0=fng (4695,1547)* [filtered=0]
ev: SYN code=0
cnt=1 s0=fng (4695,1547)* [filtered=0]
ev: SYN code=0
cnt=1 s0=fng (4695,1547)* [filtered=0]
ev: SYN code=0
cnt=1 s0=fng (4695,1547)* [filtered=0]
ev: SYN code=0
cnt=1 s0=fng (4695,1547)* [filtered=0]
ev: SYN code=0
cnt=1 s0=fng (4695,1547)* [filtered=0]
ev: SYN code=0
cnt=1 s0=fng (4695,1547)* [filtered=0]
ev: ABS code=53 val=4694 (slot=0)
ev: ABS code=0 val=4694 (slot=0)
ev: SYN code=0
cnt=1 s0=fng (4694,1547)* [filtered=0]
ev: ABS code=53 val=4693 (slot=0)
ev: ABS code=0 val=4693 (slot=0)
ev: SYN code=0
cnt=1 s0=fng (4693,1547)* [filtered=0]
ev: ABS code=53 val=4692 (slot=0)
ev: ABS code=0 val=4692 (slot=0)
ev: SYN code=0
cnt=1 s0=fng (4692,1547)* [filtered=0]
ev: ABS code=53 val=4691 (slot=0)
ev: ABS code=0 val=4691 (slot=0)
ev: SYN code=0
cnt=1 s0=fng (4691,1547)* [filtered=0]
ev: ABS code=53 val=4690 (slot=0)
ev: ABS code=0 val=4690 (slot=0)
ev: SYN code=0
cnt=1 s0=fng (4690,1547)* [filtered=0]
ev: ABS code=53 val=4689 (slot=0)
ev: ABS code=0 val=4689 (slot=0)
ev: SYN code=0
cnt=1 s0=fng (4689,1547)* [filtered=0]
ev: ABS code=53 val=4688 (slot=0)
ev: ABS code=0 val=4688 (slot=0)
ev: SYN code=0
cnt=1 s0=fng (4688,1547)* [filtered=0]
ev: ABS code=53 val=4687 (slot=0)
ev: ABS code=0 val=4687 (slot=0)
ev: SYN code=0
cnt=1 s0=fng (4687,1547)* [filtered=0]
ev: SYN code=0
cnt=1 s0=fng (4687,1547)* [filtered=0]
ev: ABS code=53 val=4686 (slot=0)
ev: ABS code=0 val=4686 (slot=0)
ev: SYN code=0
cnt=1 s0=fng (4686,1547)* [filtered=0]
ev: SYN code=0
cnt=1 s0=fng (4686,1547)* [filtered=0]
ev: ABS code=53 val=4685 (slot=0)
ev: ABS code=0 val=4685 (slot=0)
ev: SYN code=0
cnt=1 s0=fng (4685,1547)* [filtered=0]
ev: SYN code=0
cnt=1 s0=fng (4685,1547)* [filtered=0]
ev: SYN code=0
cnt=1 s0=fng (4685,1547)* [filtered=0]
ev: SYN code=0
cnt=1 s0=fng (4685,1547)* [filtered=0]
ev: SYN code=0
cnt=1 s0=fng (4685,1547)* [filtered=0]
ev: SYN code=0
cnt=1 s0=fng (4685,1547)* [filtered=0]
ev: SYN code=0
cnt=1 s0=fng (4685,1547)* [filtered=0]
ev: SYN code=0
cnt=1 s0=fng (4685,1547)* [filtered=0]
ev: SYN code=0
cnt=1 s0=fng (4685,1547)* [filtered=0]
ev: SYN code=0
cnt=1 s0=fng (4685,1547)* [filtered=0]
ev: SYN code=0
cnt=1 s0=fng (4685,1547)* [filtered=0]
ev: SYN code=0
cnt=1 s0=fng (4685,1547)* [filtered=0]
ev: SYN code=0
cnt=1 s0=fng (4685,1547)* [filtered=0]
ev: SYN code=0
cnt=1 s0=fng (4685,1547)* [filtered=0]
ev: SYN code=0
cnt=1 s0=fng (4685,1547)* [filtered=0]
ev: SYN code=0
cnt=1 s0=fng (4685,1547)* [filtered=0]
ev: SYN code=0
cnt=1 s0=fng (4685,1547)* [filtered=0]
ev: SYN code=0
cnt=1 s0=fng (4685,1547)* [filtered=0]
ev: SYN code=0
cnt=1 s0=fng (4685,1547)* [filtered=0]
ev: SYN code=0
cnt=1 s0=fng (4685,1547)* [filtered=0]
ev: SYN code=0
cnt=1 s0=fng (4685,1547)* [filtered=0]
ev: SYN code=0
cnt=1 s0=fng (4685,1547)* [filtered=0]
ev: SYN code=0
cnt=1 s0=fng (4685,1547)* [filtered=0]
ev: SYN code=0
cnt=1 s0=fng (4685,1547)* [filtered=0]
ev: ABS code=54 val=1548 (slot=0)
ev: ABS code=1 val=1548 (slot=0)
ev: SYN code=0
cnt=1 s0=fng (4685,1548)* [filtered=0]
ev: SYN code=0
cnt=1 s0=fng (4685,1548)* [filtered=0]
ev: SYN code=0
cnt=1 s0=fng (4685,1548)* [filtered=0]
ev: ABS code=54 val=1549 (slot=0)
ev: ABS code=1 val=1549 (slot=0)
ev: SYN code=0
cnt=1 s0=fng (4685,1549)* [filtered=0]
ev: ABS code=54 val=1550 (slot=0)
ev: ABS code=1 val=1550 (slot=0)
ev: SYN code=0
cnt=1 s0=fng (4685,1550)* [filtered=0]
ev: SYN code=0
cnt=1 s0=fng (4685,1550)* [filtered=0]
ev: SYN code=0
cnt=1 s0=fng (4685,1550)* [filtered=0]
ev: ABS code=54 val=1551 (slot=0)
ev: ABS code=1 val=1551 (slot=0)
ev: SYN code=0
cnt=1 s0=fng (4685,1551)* [filtered=0]
ev: SYN code=0
cnt=1 s0=fng (4685,1551)* [filtered=0]
ev: ABS code=54 val=1552 (slot=0)
ev: ABS code=1 val=1552 (slot=0)
ev: SYN code=0
cnt=1 s0=fng (4685,1552)* [filtered=0]
ev: SYN code=0
cnt=1 s0=fng (4685,1552)* [filtered=0]
ev: SYN code=0
cnt=1 s0=fng (4685,1552)* [filtered=0]
ev: ABS code=53 val=4684 (slot=0)
ev: ABS code=54 val=1553 (slot=0)
ev: ABS code=0 val=4684 (slot=0)
ev: ABS code=1 val=1553 (slot=0)
ev: SYN code=0
cnt=1 s0=fng (4684,1553)* [filtered=0]
ev: ABS code=53 val=4683 (slot=0)
ev: ABS code=54 val=1554 (slot=0)
ev: ABS code=0 val=4683 (slot=0)
ev: ABS code=1 val=1554 (slot=0)
ev: SYN code=0
cnt=1 s0=fng (4683,1554)* [filtered=0]
ev: ABS code=53 val=4682 (slot=0)
ev: ABS code=0 val=4682 (slot=0)
ev: SYN code=0
cnt=1 s0=fng (4682,1554)* [filtered=0]
ev: ABS code=53 val=4681 (slot=0)
ev: ABS code=0 val=4681 (slot=0)
ev: SYN code=0
cnt=1 s0=fng (4681,1554)* [filtered=0]
ev: ABS code=53 val=4680 (slot=0)
ev: ABS code=54 val=1555 (slot=0)
ev: ABS code=0 val=4680 (slot=0)
ev: ABS code=1 val=1555 (slot=0)
ev: SYN code=0
cnt=1 s0=fng (4680,1555)* [filtered=0]
ev: ABS code=53 val=4678 (slot=0)
ev: ABS code=0 val=4678 (slot=0)
ev: SYN code=0
cnt=1 s0=fng (4678,1555)* [filtered=0]
ev: ABS code=53 val=4676 (slot=0)
ev: ABS code=54 val=1556 (slot=0)
ev: ABS code=0 val=4676 (slot=0)
ev: ABS code=1 val=1556 (slot=0)
ev: SYN code=0
cnt=1 s0=fng (4676,1556)* [filtered=0]
ev: ABS code=53 val=4673 (slot=0)
ev: ABS code=54 val=1557 (slot=0)
ev: ABS code=0 val=4673 (slot=0)
ev: ABS code=1 val=1557 (slot=0)
ev: SYN code=0
cnt=1 s0=fng (4673,1557) [filtered=0]
ev: ABS code=53 val=4672 (slot=0)
ev: ABS code=0 val=4672 (slot=0)
ev: SYN code=0
cnt=1 s0=fng (4672,1557) [filtered=0]
ev: ABS code=53 val=4670 (slot=0)
ev: ABS code=54 val=1558 (slot=0)
ev: ABS code=0 val=4670 (slot=0)
ev: ABS code=1 val=1558 (slot=0)
ev: SYN code=0
cnt=1 s0=fng (4670,1558) [filtered=0]
ev: ABS code=53 val=4667 (slot=0)
ev: ABS code=54 val=1559 (slot=0)
ev: ABS code=0 val=4667 (slot=0)
ev: ABS code=1 val=1559 (slot=0)
ev: SYN code=0
cnt=1 s0=fng (4667,1559) [filtered=0]
ev: ABS code=53 val=4664 (slot=0)
ev: ABS code=54 val=1560 (slot=0)
ev: ABS code=0 val=4664 (slot=0)
ev: ABS code=1 val=1560 (slot=0)
ev: SYN code=0
cnt=1 s0=fng (4664,1560) [filtered=0]
ev: ABS code=53 val=4662 (slot=0)
ev: ABS code=54 val=1561 (slot=0)
ev: ABS code=0 val=4662 (slot=0)
ev: ABS code=1 val=1561 (slot=0)
ev: SYN code=0
cnt=1 s0=fng (4662,1561) [filtered=0]
ev: ABS code=53 val=4659 (slot=0)
ev: ABS code=54 val=1562 (slot=0)
ev: ABS code=0 val=4659 (slot=0)
ev: ABS code=1 val=1562 (slot=0)
ev: SYN code=0
cnt=1 s0=fng (4659,1562) [filtered=0]
ev: ABS code=53 val=4656 (slot=0)
ev: ABS code=54 val=1563 (slot=0)
ev: ABS code=0 val=4656 (slot=0)
ev: ABS code=1 val=1563 (slot=0)
ev: SYN code=0
cnt=1 s0=fng (4656,1563) [filtered=0]
ev: ABS code=53 val=4653 (slot=0)
ev: ABS code=54 val=1564 (slot=0)
ev: ABS code=0 val=4653 (slot=0)
ev: ABS code=1 val=1564 (slot=0)
ev: SYN code=0
cnt=1 s0=fng (4653,1564) [filtered=0]
ev: ABS code=53 val=4650 (slot=0)
ev: ABS code=54 val=1565 (slot=0)
ev: ABS code=0 val=4650 (slot=0)
ev: ABS code=1 val=1565 (slot=0)
ev: SYN code=0
cnt=1 s0=fng (4650,1565) [filtered=0]
ev: ABS code=53 val=4648 (slot=0)
ev: ABS code=54 val=1566 (slot=0)
ev: ABS code=0 val=4648 (slot=0)
ev: ABS code=1 val=1566 (slot=0)
ev: SYN code=0
cnt=1 s0=fng (4648,1566) [filtered=0]
ev: ABS code=53 val=4646 (slot=0)
ev: ABS code=54 val=1567 (slot=0)
ev: ABS code=0 val=4646 (slot=0)
ev: ABS code=1 val=1567 (slot=0)
ev: SYN code=0
cnt=1 s0=fng (4646,1567) [filtered=0]
ev: ABS code=53 val=4644 (slot=0)
ev: ABS code=54 val=1568 (slot=0)
ev: ABS code=0 val=4644 (slot=0)
ev: ABS code=1 val=1568 (slot=0)
ev: SYN code=0
cnt=1 s0=fng (4644,1568) [filtered=0]
ev: ABS code=53 val=4642 (slot=0)
ev: ABS code=54 val=1569 (slot=0)
ev: ABS code=0 val=4642 (slot=0)
ev: ABS code=1 val=1569 (slot=0)
ev: SYN code=0
cnt=1 s0=fng (4642,1569) [filtered=0]
ev: ABS code=53 val=4640 (slot=0)
ev: ABS code=54 val=1570 (slot=0)
ev: ABS code=0 val=4640 (slot=0)
ev: ABS code=1 val=1570 (slot=0)
ev: SYN code=0
cnt=1 s0=fng (4640,1570) [filtered=0]
ev: ABS code=53 val=4639 (slot=0)
ev: ABS code=54 val=1571 (slot=0)
ev: ABS code=0 val=4639 (slot=0)
ev: ABS code=1 val=1571 (slot=0)
ev: SYN code=0
cnt=1 s0=fng (4639,1571) [filtered=0]
ev: ABS code=53 val=4637 (slot=0)
ev: ABS code=54 val=1572 (slot=0)
ev: ABS code=0 val=4637 (slot=0)
ev: ABS code=1 val=1572 (slot=0)
ev: SYN code=0
cnt=1 s0=fng (4637,1572) [filtered=0]
ev: ABS code=53 val=4636 (slot=0)
ev: ABS code=54 val=1573 (slot=0)
ev: ABS code=0 val=4636 (slot=0)
ev: ABS code=1 val=1573 (slot=0)
ev: SYN code=0
cnt=1 s0=fng (4636,1573) [filtered=0]
ev: ABS code=53 val=4635 (slot=0)
ev: ABS code=54 val=1575 (slot=0)
ev: ABS code=0 val=4635 (slot=0)
ev: ABS code=1 val=1575 (slot=0)
ev: SYN code=0
cnt=1 s0=fng (4635,1575) [filtered=0]
ev: ABS code=53 val=4634 (slot=0)
ev: ABS code=54 val=1576 (slot=0)
ev: ABS code=0 val=4634 (slot=0)
ev: ABS code=1 val=1576 (slot=0)
ev: SYN code=0
cnt=1 s0=fng (4634,1576) [filtered=0]
ev: ABS code=53 val=4633 (slot=0)
ev: ABS code=54 val=1577 (slot=0)
ev: ABS code=0 val=4633 (slot=0)
ev: ABS code=1 val=1577 (slot=0)
ev: SYN code=0
cnt=1 s0=fng (4633,1577) [filtered=0]
ev: ABS code=53 val=4632 (slot=0)
ev: ABS code=54 val=1578 (slot=0)
ev: ABS code=0 val=4632 (slot=0)
ev: ABS code=1 val=1578 (slot=0)
ev: SYN code=0
cnt=1 s0=fng (4632,1578) [filtered=0]
ev: ABS code=53 val=4631 (slot=0)
ev: ABS code=54 val=1579 (slot=0)
ev: ABS code=0 val=4631 (slot=0)
ev: ABS code=1 val=1579 (slot=0)
ev: SYN code=0
cnt=1 s0=fng (4631,1579) [filtered=0]
ev: ABS code=53 val=4630 (slot=0)
ev: ABS code=54 val=1580 (slot=0)
ev: ABS code=0 val=4630 (slot=0)
ev: ABS code=1 val=1580 (slot=0)
ev: SYN code=0
cnt=1 s0=fng (4630,1580) [filtered=0]
ev: SYN code=0
cnt=1 s0=fng (4630,1580) [filtered=0]
ev: ABS code=53 val=4629 (slot=0)
ev: ABS code=54 val=1581 (slot=0)
ev: ABS code=0 val=4629 (slot=0)
ev: ABS code=1 val=1581 (slot=0)
ev: SYN code=0
cnt=1 s0=fng (4629,1581) [filtered=0]
ev: ABS code=53 val=4628 (slot=0)
ev: ABS code=54 val=1582 (slot=0)
ev: ABS code=0 val=4628 (slot=0)
ev: ABS code=1 val=1582 (slot=0)
ev: SYN code=0
cnt=1 s0=fng (4628,1582) [filtered=0]
ev: ABS code=53 val=4627 (slot=0)
ev: ABS code=54 val=1583 (slot=0)
ev: ABS code=0 val=4627 (slot=0)
ev: ABS code=1 val=1583 (slot=0)
ev: SYN code=0
cnt=1 s0=fng (4627,1583) [filtered=0]
ev: ABS code=54 val=1584 (slot=0)
ev: ABS code=1 val=1584 (slot=0)
ev: SYN code=0
cnt=1 s0=fng (4627,1584) [filtered=0]
ev: ABS code=54 val=1585 (slot=0)
ev: ABS code=1 val=1585 (slot=0)
ev: SYN code=0
cnt=1 s0=fng (4627,1585)* [filtered=0]
ev: ABS code=54 val=1586 (slot=0)
ev: ABS code=1 val=1586 (slot=0)
ev: SYN code=0
cnt=1 s0=fng (4627,1586)* [filtered=0]
ev: ABS code=54 val=1588 (slot=0)
ev: ABS code=1 val=1588 (slot=0)
ev: SYN code=0
cnt=1 s0=fng (4627,1588)* [filtered=0]
ev: ABS code=54 val=1590 (slot=0)
ev: ABS code=1 val=1590 (slot=0)
ev: SYN code=0
cnt=1 s0=fng (4627,1590)* [filtered=0]
ev: ABS code=54 val=1591 (slot=0)
ev: ABS code=1 val=1591 (slot=0)
ev: SYN code=0
cnt=1 s0=fng (4627,1591)* [filtered=0]
ev: ABS code=54 val=1592 (slot=0)
ev: ABS code=1 val=1592 (slot=0)
ev: SYN code=0
cnt=1 s0=fng (4627,1592)* [filtered=0]
ev: ABS code=54 val=1594 (slot=0)
ev: ABS code=1 val=1594 (slot=0)
ev: SYN code=0
cnt=1 s0=fng (4627,1594)* [filtered=0]
ev: ABS code=54 val=1596 (slot=0)
ev: ABS code=1 val=1596 (slot=0)
ev: SYN code=0
cnt=1 s0=fng (4627,1596)* [filtered=0]
ev: ABS code=54 val=1598 (slot=0)
ev: ABS code=1 val=1598 (slot=0)
ev: SYN code=0
cnt=1 s0=fng (4627,1598)* [filtered=0]
ev: ABS code=54 val=1599 (slot=0)
ev: ABS code=1 val=1599 (slot=0)
ev: SYN code=0
cnt=1 s0=fng (4627,1599)* [filtered=0]
ev: ABS code=54 val=1601 (slot=0)
ev: ABS code=1 val=1601 (slot=0)
ev: SYN code=0
cnt=1 s0=fng (4627,1601)* [filtered=0]
ev: ABS code=54 val=1604 (slot=0)
ev: ABS code=1 val=1604 (slot=0)
ev: SYN code=0
cnt=1 s0=fng (4627,1604)* [filtered=0]
ev: ABS code=54 val=1607 (slot=0)
ev: ABS code=1 val=1607 (slot=0)
ev: SYN code=0
cnt=1 s0=fng (4627,1607)* [filtered=0]
ev: ABS code=54 val=1610 (slot=0)
ev: ABS code=1 val=1610 (slot=0)
ev: SYN code=0
cnt=1 s0=fng (4627,1610)* [filtered=0]
ev: ABS code=54 val=1612 (slot=0)
ev: ABS code=1 val=1612 (slot=0)
ev: SYN code=0
cnt=1 s0=fng (4627,1612)* [filtered=0]
ev: ABS code=54 val=1615 (slot=0)
ev: ABS code=1 val=1615 (slot=0)
ev: SYN code=0
cnt=1 s0=fng (4627,1615)* [filtered=0]
ev: ABS code=54 val=1619 (slot=0)
ev: ABS code=1 val=1619 (slot=0)
ev: SYN code=0
cnt=1 s0=fng (4627,1619) [filtered=0]
ev: ABS code=54 val=1623 (slot=0)
ev: ABS code=1 val=1623 (slot=0)
ev: SYN code=0
cnt=1 s0=fng (4627,1623) [filtered=0]
ev: ABS code=54 val=1629 (slot=0)
ev: ABS code=1 val=1629 (slot=0)
ev: SYN code=0
cnt=1 s0=fng (4627,1629) [filtered=0]
ev: ABS code=54 val=1633 (slot=0)
ev: ABS code=1 val=1633 (slot=0)
ev: SYN code=0
cnt=1 s0=fng (4627,1633) [filtered=0]
ev: ABS code=54 val=1638 (slot=0)
ev: ABS code=1 val=1638 (slot=0)
ev: SYN code=0
cnt=1 s0=fng (4627,1638) [filtered=0]
ev: ABS code=54 val=1643 (slot=0)
ev: ABS code=1 val=1643 (slot=0)
ev: SYN code=0
cnt=1 s0=fng (4627,1643) [filtered=0]
ev: ABS code=54 val=1648 (slot=0)
ev: ABS code=1 val=1648 (slot=0)
ev: SYN code=0
cnt=1 s0=fng (4627,1648) [filtered=0]
ev: ABS code=57 val=-1 (slot=0)
ev: KEY code=0x14a val=0
ev: KEY code=0x145 val=0
ev: SYN code=0
ev: ABS code=57 val=82 (slot=0)
ev: ABS code=53 val=4731 (slot=0)
ev: ABS code=54 val=2221 (slot=0)
ev: KEY code=0x14a val=1
ev: KEY code=0x145 val=1
ev: ABS code=0 val=4731 (slot=0)
ev: ABS code=1 val=2221 (slot=0)
ev: SYN code=0
cnt=1 s0=fng (4731,2221) [filtered=0]
ev: SYN code=0
cnt=1 s0=fng (4731,2221) [filtered=0]
ev: ABS code=54 val=2220 (slot=0)
ev: ABS code=1 val=2220 (slot=0)
ev: SYN code=0
cnt=1 s0=fng (4731,2220) [filtered=0]
ev: ABS code=54 val=2219 (slot=0)
ev: ABS code=1 val=2219 (slot=0)
ev: SYN code=0
cnt=1 s0=fng (4731,2219) [filtered=0]
ev: ABS code=54 val=2218 (slot=0)
ev: ABS code=1 val=2218 (slot=0)
ev: SYN code=0
cnt=1 s0=fng (4731,2218) [filtered=0]
ev: SYN code=0
cnt=1 s0=fng (4731,2218) [filtered=0]
ev: SYN code=0
cnt=1 s0=fng (4731,2218) [filtered=0]
ev: SYN code=0
cnt=1 s0=fng (4731,2218) [filtered=0]
ev: ABS code=57 val=-1 (slot=0)
ev: KEY code=0x14a val=0
ev: KEY code=0x145 val=0
ev: SYN code=0
ev: ABS code=57 val=83 (slot=0)
ev: ABS code=53 val=4563 (slot=0)
ev: ABS code=54 val=1828 (slot=0)
ev: KEY code=0x14a val=1
ev: KEY code=0x145 val=1
ev: ABS code=0 val=4563 (slot=0)
ev: ABS code=1 val=1828 (slot=0)
ev: SYN code=0
cnt=1 s0=fng (4563,1828) [filtered=0]
ev: ABS code=53 val=4562 (slot=0)
ev: ABS code=0 val=4562 (slot=0)
ev: SYN code=0
cnt=1 s0=fng (4562,1828) [filtered=0]
ev: SYN code=0
cnt=1 s0=fng (4562,1828) [filtered=0]
ev: ABS code=53 val=4561 (slot=0)
ev: ABS code=0 val=4561 (slot=0)
ev: SYN code=0
cnt=1 s0=fng (4561,1828) [filtered=0]
ev: ABS code=55 val=2 (slot=0)
ev: ABS code=53 val=4560 (slot=0)
ev: ABS code=0 val=4560 (slot=0)
ev: SYN code=0
cnt=1 s0=fng (4560,1828) [filtered=0]
ev: SYN code=0
cnt=1 s0=fng (4560,1828) [filtered=0]
ev: SYN code=0
cnt=1 s0=fng (4560,1828) [filtered=0]
ev: SYN code=0
cnt=1 s0=fng (4560,1828) [filtered=0]
ev: SYN code=0
cnt=1 s0=fng (4560,1828) [filtered=0]
ev: SYN code=0
cnt=1 s0=fng (4560,1828) [filtered=0]
ev: SYN code=0
cnt=1 s0=fng (4560,1828) [filtered=0]
ev: SYN code=0
cnt=1 s0=fng (4560,1828) [filtered=0]
ev: SYN code=0
cnt=1 s0=fng (4560,1828) [filtered=0]
ev: SYN code=0
cnt=1 s0=fng (4560,1828) [filtered=0]
ev: SYN code=0
cnt=1 s0=fng (4560,1828) [filtered=0]
ev: SYN code=0
cnt=1 s0=fng (4560,1828) [filtered=0]
ev: SYN code=0
cnt=1 s0=fng (4560,1828) [filtered=0]
ev: SYN code=0
cnt=1 s0=fng (4560,1828) [filtered=0]
ev: SYN code=0
cnt=1 s0=fng (4560,1828) [filtered=0]
ev: SYN code=0
cnt=1 s0=fng (4560,1828) [filtered=0]
ev: SYN code=0
cnt=1 s0=fng (4560,1828)* [filtered=0]
ev: SYN code=0
cnt=1 s0=fng (4560,1828)* [filtered=0]
ev: SYN code=0
cnt=1 s0=fng (4560,1828)* [filtered=0]
ev: SYN code=0
cnt=1 s0=fng (4560,1828)* [filtered=0]
ev: SYN code=0
cnt=1 s0=fng (4560,1828)* [filtered=0]
ev: SYN code=0
cnt=1 s0=fng (4560,1828)* [filtered=0]
ev: SYN code=0
cnt=1 s0=fng (4560,1828)* [filtered=0]
ev: SYN code=0
cnt=1 s0=fng (4560,1828)* [filtered=0]
ev: SYN code=0
cnt=1 s0=fng (4560,1828)* [filtered=0]
ev: SYN code=0
cnt=1 s0=fng (4560,1828)* [filtered=0]
ev: SYN code=0
cnt=1 s0=fng (4560,1828)* [filtered=0]
ev: SYN code=0
cnt=1 s0=fng (4560,1828)* [filtered=0]
ev: SYN code=0
cnt=1 s0=fng (4560,1828)* [filtered=0]
ev: SYN code=0
cnt=1 s0=fng (4560,1828)* [filtered=0]
ev: SYN code=0
cnt=1 s0=fng (4560,1828)* [filtered=0]
ev: SYN code=0
cnt=1 s0=fng (4560,1828)* [filtered=0]
ev: SYN code=0
cnt=1 s0=fng (4560,1828)* [filtered=0]
ev: SYN code=0
cnt=1 s0=fng (4560,1828)* [filtered=0]
ev: SYN code=0
cnt=1 s0=fng (4560,1828)* [filtered=0]
ev: SYN code=0
cnt=1 s0=fng (4560,1828)* [filtered=0]
ev: SYN code=0
cnt=1 s0=fng (4560,1828)* [filtered=0]
ev: SYN code=0
cnt=1 s0=fng (4560,1828)* [filtered=0]
ev: SYN code=0
cnt=1 s0=fng (4560,1828)* [filtered=0]
ev: SYN code=0
cnt=1 s0=fng (4560,1828)* [filtered=0]
ev: SYN code=0
cnt=1 s0=fng (4560,1828)* [filtered=0]
ev: SYN code=0
cnt=1 s0=fng (4560,1828)* [filtered=0]
ev: SYN code=0
cnt=1 s0=fng (4560,1828)* [filtered=0]
ev: SYN code=0
cnt=1 s0=fng (4560,1828)* [filtered=0]
ev: SYN code=0
cnt=1 s0=fng (4560,1828)* [filtered=0]
ev: SYN code=0
cnt=1 s0=fng (4560,1828)* [filtered=0]
ev: SYN code=0
cnt=1 s0=fng (4560,1828)* [filtered=0]
ev: SYN code=0
cnt=1 s0=fng (4560,1828)* [filtered=0]
ev: SYN code=0
cnt=1 s0=fng (4560,1828)* [filtered=0]
ev: SYN code=0
cnt=1 s0=fng (4560,1828)* [filtered=0]
ev: SYN code=0
cnt=1 s0=fng (4560,1828)* [filtered=0]
ev: SYN code=0
cnt=1 s0=fng (4560,1828)* [filtered=0]
ev: SYN code=0
cnt=1 s0=fng (4560,1828)* [filtered=0]
ev: SYN code=0
cnt=1 s0=fng (4560,1828)* [filtered=0]
ev: SYN code=0
cnt=1 s0=fng (4560,1828)* [filtered=0]
ev: SYN code=0
cnt=1 s0=fng (4560,1828)* [filtered=0]
ev: SYN code=0
cnt=1 s0=fng (4560,1828)* [filtered=0]
ev: SYN code=0
cnt=1 s0=fng (4560,1828)* [filtered=0]
ev: SYN code=0
cnt=1 s0=fng (4560,1828)* [filtered=0]
ev: SYN code=0
cnt=1 s0=fng (4560,1828)* [filtered=0]
ev: SYN code=0
cnt=1 s0=fng (4560,1828)* [filtered=0]
ev: SYN code=0
cnt=1 s0=fng (4560,1828)* [filtered=0]
ev: SYN code=0
cnt=1 s0=fng (4560,1828)* [filtered=0]
ev: SYN code=0
cnt=1 s0=fng (4560,1828)* [filtered=0]
ev: SYN code=0
cnt=1 s0=fng (4560,1828)* [filtered=0]
ev: SYN code=0
cnt=1 s0=fng (4560,1828)* [filtered=0]
ev: SYN code=0
cnt=1 s0=fng (4560,1828)* [filtered=0]
ev: SYN code=0
cnt=1 s0=fng (4560,1828)* [filtered=0]
ev: SYN code=0
cnt=1 s0=fng (4560,1828)* [filtered=0]
ev: SYN code=0
cnt=1 s0=fng (4560,1828)* [filtered=0]
ev: SYN code=0
cnt=1 s0=fng (4560,1828)* [filtered=0]
ev: SYN code=0
cnt=1 s0=fng (4560,1828)* [filtered=0]
ev: SYN code=0
cnt=1 s0=fng (4560,1828)* [filtered=0]
ev: SYN code=0
cnt=1 s0=fng (4560,1828)* [filtered=0]
ev: SYN code=0
cnt=1 s0=fng (4560,1828)* [filtered=0]
ev: SYN code=0
cnt=1 s0=fng (4560,1828)* [filtered=0]
ev: SYN code=0
cnt=1 s0=fng (4560,1828)* [filtered=0]
ev: SYN code=0
cnt=1 s0=fng (4560,1828)* [filtered=0]
ev: SYN code=0
cnt=1 s0=fng (4560,1828)* [filtered=0]
ev: SYN code=0
cnt=1 s0=fng (4560,1828)* [filtered=0]
ev: SYN code=0
cnt=1 s0=fng (4560,1828)* [filtered=0]
ev: SYN code=0
cnt=1 s0=fng (4560,1828)* [filtered=0]
ev: SYN code=0
cnt=1 s0=fng (4560,1828)* [filtered=0]
ev: SYN code=0
cnt=1 s0=fng (4560,1828)* [filtered=0]
ev: SYN code=0
cnt=1 s0=fng (4560,1828)* [filtered=0]
ev: SYN code=0
cnt=1 s0=fng (4560,1828)* [filtered=0]
ev: SYN code=0
cnt=1 s0=fng (4560,1828)* [filtered=0]
ev: SYN code=0
cnt=1 s0=fng (4560,1828)* [filtered=0]
ev: SYN code=0
cnt=1 s0=fng (4560,1828)* [filtered=0]
ev: SYN code=0
cnt=1 s0=fng (4560,1828)* [filtered=0]
ev: SYN code=0
cnt=1 s0=fng (4560,1828)* [filtered=0]
ev: SYN code=0
cnt=1 s0=fng (4560,1828)* [filtered=0]
ev: SYN code=0
cnt=1 s0=fng (4560,1828)* [filtered=0]
ev: SYN code=0
cnt=1 s0=fng (4560,1828)* [filtered=0]
ev: SYN code=0
cnt=1 s0=fng (4560,1828)* [filtered=0]
ev: ABS code=53 val=4562 (slot=0)
ev: ABS code=54 val=1833 (slot=0)
ev: ABS code=0 val=4562 (slot=0)
ev: ABS code=1 val=1833 (slot=0)
ev: SYN code=0
cnt=1 s0=fng (4562,1833) [filtered=0]
ev: ABS code=53 val=4565 (slot=0)
ev: ABS code=54 val=1841 (slot=0)
ev: ABS code=0 val=4565 (slot=0)
ev: ABS code=1 val=1841 (slot=0)
ev: SYN code=0
cnt=1 s0=fng (4565,1841) [filtered=0]
ev: ABS code=53 val=4567 (slot=0)
ev: ABS code=54 val=1848 (slot=0)
ev: ABS code=0 val=4567 (slot=0)
ev: ABS code=1 val=1848 (slot=0)
ev: SYN code=0
cnt=1 s0=fng (4567,1848) [filtered=0]
ev: ABS code=53 val=4571 (slot=0)
ev: ABS code=54 val=1858 (slot=0)
ev: ABS code=0 val=4571 (slot=0)
ev: ABS code=1 val=1858 (slot=0)
ev: SYN code=0
cnt=1 s0=fng (4571,1858) [filtered=0]
ev: SYN code=0
cnt=1 s0=fng (4571,1858) [filtered=0]
ev: ABS code=57 val=-1 (slot=0)
ev: KEY code=0x14a val=0
ev: KEY code=0x145 val=0
ev: SYN code=0
ev: ABS code=57 val=84 (slot=0)
ev: ABS code=53 val=4694 (slot=0)
ev: ABS code=54 val=2101 (slot=0)
ev: KEY code=0x14a val=1
ev: KEY code=0x145 val=1
ev: ABS code=0 val=4694 (slot=0)
ev: ABS code=1 val=2101 (slot=0)
ev: SYN code=0
cnt=1 s0=fng (4694,2101) [filtered=0]
ev: SYN code=0
cnt=1 s0=fng (4694,2101) [filtered=0]
ev: SYN code=0
cnt=1 s0=fng (4694,2101) [filtered=0]
ev: SYN code=0
cnt=1 s0=fng (4694,2101) [filtered=0]
ev: SYN code=0
cnt=1 s0=fng (4694,2101) [filtered=0]
ev: SYN code=0
cnt=1 s0=fng (4694,2101) [filtered=0]
ev: SYN code=0
cnt=1 s0=fng (4694,2101) [filtered=0]
ev: SYN code=0
cnt=1 s0=fng (4694,2101) [filtered=0]
ev: SYN code=0
cnt=1 s0=fng (4694,2101) [filtered=0]
ev: SYN code=0
cnt=1 s0=fng (4694,2101) [filtered=0]
ev: SYN code=0
cnt=1 s0=fng (4694,2101) [filtered=0]
ev: SYN code=0
cnt=1 s0=fng (4694,2101) [filtered=0]
ev: SYN code=0
cnt=1 s0=fng (4694,2101) [filtered=0]
ev: SYN code=0
cnt=1 s0=fng (4694,2101) [filtered=0]
ev: SYN code=0
cnt=1 s0=fng (4694,2101) [filtered=0]
ev: SYN code=0
cnt=1 s0=fng (4694,2101) [filtered=0]
ev: SYN code=0
cnt=1 s0=fng (4694,2101) [filtered=0]
ev: SYN code=0
cnt=1 s0=fng (4694,2101) [filtered=0]
ev: SYN code=0
cnt=1 s0=fng (4694,2101) [filtered=0]
ev: SYN code=0
cnt=1 s0=fng (4694,2101) [filtered=0]
ev: SYN code=0
cnt=1 s0=fng (4694,2101)* [filtered=0]
ev: SYN code=0
cnt=1 s0=fng (4694,2101)* [filtered=0]
ev: SYN code=0
cnt=1 s0=fng (4694,2101)* [filtered=0]
ev: SYN code=0
cnt=1 s0=fng (4694,2101)* [filtered=0]
ev: SYN code=0
cnt=1 s0=fng (4694,2101)* [filtered=0]
ev: SYN code=0
cnt=1 s0=fng (4694,2101)* [filtered=0]
ev: SYN code=0
cnt=1 s0=fng (4694,2101)* [filtered=0]
ev: SYN code=0
cnt=1 s0=fng (4694,2101)* [filtered=0]
ev: SYN code=0
cnt=1 s0=fng (4694,2101)* [filtered=0]
ev: SYN code=0
cnt=1 s0=fng (4694,2101)* [filtered=0]
ev: SYN code=0
cnt=1 s0=fng (4694,2101)* [filtered=0]
ev: SYN code=0
cnt=1 s0=fng (4694,2101)* [filtered=0]
ev: SYN code=0
cnt=1 s0=fng (4694,2101)* [filtered=0]
ev: SYN code=0
cnt=1 s0=fng (4694,2101)* [filtered=0]
ev: SYN code=0
cnt=1 s0=fng (4694,2101)* [filtered=0]
ev: SYN code=0
cnt=1 s0=fng (4694,2101)* [filtered=0]
ev: SYN code=0
cnt=1 s0=fng (4694,2101)* [filtered=0]
ev: SYN code=0
cnt=1 s0=fng (4694,2101)* [filtered=0]
ev: SYN code=0
cnt=1 s0=fng (4694,2101)* [filtered=0]
ev: SYN code=0
cnt=1 s0=fng (4694,2101)* [filtered=0]
ev: SYN code=0
cnt=1 s0=fng (4694,2101)* [filtered=0]
ev: SYN code=0
cnt=1 s0=fng (4694,2101)* [filtered=0]
ev: SYN code=0
cnt=1 s0=fng (4694,2101)* [filtered=0]
ev: SYN code=0
cnt=1 s0=fng (4694,2101)* [filtered=0]
ev: SYN code=0
cnt=1 s0=fng (4694,2101)* [filtered=0]
ev: SYN code=0
cnt=1 s0=fng (4694,2101)* [filtered=0]
ev: SYN code=0
cnt=1 s0=fng (4694,2101)* [filtered=0]
ev: SYN code=0
cnt=1 s0=fng (4694,2101)* [filtered=0]
ev: SYN code=0
cnt=1 s0=fng (4694,2101)* [filtered=0]
ev: SYN code=0
cnt=1 s0=fng (4694,2101)* [filtered=0]
ev: SYN code=0
cnt=1 s0=fng (4694,2101)* [filtered=0]
ev: SYN code=0
cnt=1 s0=fng (4694,2101)* [filtered=0]
ev: SYN code=0
cnt=1 s0=fng (4694,2101)* [filtered=0]
ev: SYN code=0
cnt=1 s0=fng (4694,2101)* [filtered=0]
ev: SYN code=0
cnt=1 s0=fng (4694,2101)* [filtered=0]
ev: SYN code=0
cnt=1 s0=fng (4694,2101)* [filtered=0]
ev: ABS code=57 val=-1 (slot=0)
ev: KEY code=0x14a val=0
ev: KEY code=0x145 val=0
ev: SYN code=0
ev: ABS code=57 val=85 (slot=0)
ev: ABS code=55 val=0 (slot=0)
ev: ABS code=53 val=4746 (slot=0)
ev: ABS code=54 val=2051 (slot=0)
ev: KEY code=0x14a val=1
ev: KEY code=0x145 val=1
ev: ABS code=0 val=4746 (slot=0)
ev: ABS code=1 val=2051 (slot=0)
ev: SYN code=0
cnt=1 s0=fng (4746,2051) [filtered=0]
ev: ABS code=54 val=2050 (slot=0)
ev: ABS code=1 val=2050 (slot=0)
ev: SYN code=0
cnt=1 s0=fng (4746,2050) [filtered=0]
ev: ABS code=54 val=2049 (slot=0)
ev: ABS code=1 val=2049 (slot=0)
ev: SYN code=0
cnt=1 s0=fng (4746,2049) [filtered=0]
ev: ABS code=53 val=4745 (slot=0)
ev: ABS code=54 val=2048 (slot=0)
ev: ABS code=0 val=4745 (slot=0)
ev: ABS code=1 val=2048 (slot=0)
ev: SYN code=0
cnt=1 s0=fng (4745,2048) [filtered=0]
ev: ABS code=53 val=4744 (slot=0)
ev: ABS code=54 val=2047 (slot=0)
ev: ABS code=0 val=4744 (slot=0)
ev: ABS code=1 val=2047 (slot=0)
ev: SYN code=0
cnt=1 s0=fng (4744,2047) [filtered=0]
ev: ABS code=53 val=4742 (slot=0)
ev: ABS code=54 val=2044 (slot=0)
ev: ABS code=0 val=4742 (slot=0)
ev: ABS code=1 val=2044 (slot=0)
ev: SYN code=0
cnt=1 s0=fng (4742,2044) [filtered=0]
ev: ABS code=53 val=4738 (slot=0)
ev: ABS code=54 val=2038 (slot=0)
ev: ABS code=0 val=4738 (slot=0)
ev: ABS code=1 val=2038 (slot=0)
ev: SYN code=0
cnt=1 s0=fng (4738,2038) [filtered=0]
ev: ABS code=53 val=4735 (slot=0)
ev: ABS code=54 val=2034 (slot=0)
ev: ABS code=0 val=4735 (slot=0)
ev: ABS code=1 val=2034 (slot=0)
ev: SYN code=0
cnt=1 s0=fng (4735,2034) [filtered=0]
ev: ABS code=53 val=4730 (slot=0)
ev: ABS code=54 val=2028 (slot=0)
ev: ABS code=0 val=4730 (slot=0)
ev: ABS code=1 val=2028 (slot=0)
ev: SYN code=0
cnt=1 s0=fng (4730,2028) [filtered=0]
ev: ABS code=53 val=4722 (slot=0)
ev: ABS code=54 val=2019 (slot=0)
ev: ABS code=0 val=4722 (slot=0)
ev: ABS code=1 val=2019 (slot=0)
ev: SYN code=0
cnt=1 s0=fng (4722,2019) [filtered=0]
ev: ABS code=53 val=4711 (slot=0)
ev: ABS code=54 val=2008 (slot=0)
ev: ABS code=0 val=4711 (slot=0)
ev: ABS code=1 val=2008 (slot=0)
ev: SYN code=0
cnt=1 s0=fng (4711,2008) [filtered=0]
ev: ABS code=53 val=4696 (slot=0)
ev: ABS code=54 val=1996 (slot=0)
ev: ABS code=0 val=4696 (slot=0)
ev: ABS code=1 val=1996 (slot=0)
ev: SYN code=0
cnt=1 s0=fng (4696,1996) [filtered=0]
ev: ABS code=53 val=4682 (slot=0)
ev: ABS code=54 val=1984 (slot=0)
ev: ABS code=0 val=4682 (slot=0)
ev: ABS code=1 val=1984 (slot=0)
ev: SYN code=0
cnt=1 s0=fng (4682,1984) [filtered=0]
ev: ABS code=55 val=2 (slot=0)
ev: ABS code=53 val=4667 (slot=0)
ev: ABS code=54 val=1972 (slot=0)
ev: ABS code=0 val=4667 (slot=0)
ev: ABS code=1 val=1972 (slot=0)
ev: SYN code=0
cnt=1 s0=fng (4667,1972) [filtered=0]
ev: ABS code=53 val=4652 (slot=0)
ev: ABS code=54 val=1961 (slot=0)
ev: ABS code=0 val=4652 (slot=0)
ev: ABS code=1 val=1961 (slot=0)
ev: SYN code=0
cnt=1 s0=fng (4652,1961) [filtered=0]
ev: ABS code=53 val=4638 (slot=0)
ev: ABS code=54 val=1951 (slot=0)
ev: ABS code=0 val=4638 (slot=0)
ev: ABS code=1 val=1951 (slot=0)
ev: SYN code=0
cnt=1 s0=fng (4638,1951) [filtered=0]
ev: ABS code=53 val=4625 (slot=0)
ev: ABS code=54 val=1942 (slot=0)
ev: ABS code=0 val=4625 (slot=0)
ev: ABS code=1 val=1942 (slot=0)
ev: SYN code=0
cnt=1 s0=fng (4625,1942) [filtered=0]
ev: ABS code=53 val=4612 (slot=0)
ev: ABS code=54 val=1934 (slot=0)
ev: ABS code=0 val=4612 (slot=0)
ev: ABS code=1 val=1934 (slot=0)
ev: SYN code=0
cnt=1 s0=fng (4612,1934) [filtered=0]
ev: ABS code=53 val=4600 (slot=0)
ev: ABS code=54 val=1927 (slot=0)
ev: ABS code=0 val=4600 (slot=0)
ev: ABS code=1 val=1927 (slot=0)
ev: SYN code=0
cnt=1 s0=fng (4600,1927) [filtered=0]
ev: ABS code=53 val=4591 (slot=0)
ev: ABS code=54 val=1920 (slot=0)
ev: ABS code=0 val=4591 (slot=0)
ev: ABS code=1 val=1920 (slot=0)
ev: SYN code=0
cnt=1 s0=fng (4591,1920) [filtered=0]
ev: ABS code=53 val=4582 (slot=0)
ev: ABS code=54 val=1913 (slot=0)
ev: ABS code=0 val=4582 (slot=0)
ev: ABS code=1 val=1913 (slot=0)
ev: SYN code=0
cnt=1 s0=fng (4582,1913) [filtered=0]
ev: ABS code=53 val=4574 (slot=0)
ev: ABS code=54 val=1907 (slot=0)
ev: ABS code=0 val=4574 (slot=0)
ev: ABS code=1 val=1907 (slot=0)
ev: SYN code=0
cnt=1 s0=fng (4574,1907) [filtered=0]
ev: ABS code=53 val=4567 (slot=0)
ev: ABS code=54 val=1901 (slot=0)
ev: ABS code=0 val=4567 (slot=0)
ev: ABS code=1 val=1901 (slot=0)
ev: SYN code=0
cnt=1 s0=fng (4567,1901) [filtered=0]
ev: ABS code=53 val=4561 (slot=0)
ev: ABS code=54 val=1896 (slot=0)
ev: ABS code=0 val=4561 (slot=0)
ev: ABS code=1 val=1896 (slot=0)
ev: SYN code=0
cnt=1 s0=fng (4561,1896) [filtered=0]
ev: ABS code=53 val=4554 (slot=0)
ev: ABS code=54 val=1890 (slot=0)
ev: ABS code=0 val=4554 (slot=0)
ev: ABS code=1 val=1890 (slot=0)
ev: SYN code=0
cnt=1 s0=fng (4554,1890) [filtered=0]
ev: ABS code=53 val=4548 (slot=0)
ev: ABS code=54 val=1885 (slot=0)
ev: ABS code=0 val=4548 (slot=0)
ev: ABS code=1 val=1885 (slot=0)
ev: SYN code=0
cnt=1 s0=fng (4548,1885) [filtered=0]
ev: ABS code=53 val=4542 (slot=0)
ev: ABS code=54 val=1880 (slot=0)
ev: ABS code=0 val=4542 (slot=0)
ev: ABS code=1 val=1880 (slot=0)
ev: SYN code=0
cnt=1 s0=fng (4542,1880) [filtered=0]
ev: ABS code=53 val=4537 (slot=0)
ev: ABS code=54 val=1876 (slot=0)
ev: ABS code=0 val=4537 (slot=0)
ev: ABS code=1 val=1876 (slot=0)
ev: SYN code=0
cnt=1 s0=fng (4537,1876) [filtered=0]
ev: ABS code=53 val=4531 (slot=0)
ev: ABS code=54 val=1871 (slot=0)
ev: ABS code=0 val=4531 (slot=0)
ev: ABS code=1 val=1871 (slot=0)
ev: SYN code=0
cnt=1 s0=fng (4531,1871) [filtered=0]
ev: ABS code=53 val=4526 (slot=0)
ev: ABS code=54 val=1866 (slot=0)
ev: ABS code=0 val=4526 (slot=0)
ev: ABS code=1 val=1866 (slot=0)
ev: SYN code=0
cnt=1 s0=fng (4526,1866) [filtered=0]
ev: ABS code=53 val=4522 (slot=0)
ev: ABS code=54 val=1862 (slot=0)
ev: ABS code=0 val=4522 (slot=0)
ev: ABS code=1 val=1862 (slot=0)
ev: SYN code=0
cnt=1 s0=fng (4522,1862) [filtered=0]
ev: ABS code=53 val=4518 (slot=0)
ev: ABS code=54 val=1858 (slot=0)
ev: ABS code=0 val=4518 (slot=0)
ev: ABS code=1 val=1858 (slot=0)
ev: SYN code=0
cnt=1 s0=fng (4518,1858) [filtered=0]
ev: ABS code=53 val=4513 (slot=0)
ev: ABS code=54 val=1854 (slot=0)
ev: ABS code=0 val=4513 (slot=0)
ev: ABS code=1 val=1854 (slot=0)
ev: SYN code=0
cnt=1 s0=fng (4513,1854) [filtered=0]
ev: ABS code=53 val=4509 (slot=0)
ev: ABS code=54 val=1851 (slot=0)
ev: ABS code=0 val=4509 (slot=0)
ev: ABS code=1 val=1851 (slot=0)
ev: SYN code=0
cnt=1 s0=fng (4509,1851) [filtered=0]
ev: ABS code=53 val=4505 (slot=0)
ev: ABS code=54 val=1847 (slot=0)
ev: ABS code=0 val=4505 (slot=0)
ev: ABS code=1 val=1847 (slot=0)
ev: SYN code=0
cnt=1 s0=fng (4505,1847) [filtered=0]
ev: ABS code=53 val=4502 (slot=0)
ev: ABS code=54 val=1844 (slot=0)
ev: ABS code=0 val=4502 (slot=0)
ev: ABS code=1 val=1844 (slot=0)
ev: SYN code=0
cnt=1 s0=fng (4502,1844) [filtered=0]
ev: ABS code=53 val=4499 (slot=0)
ev: ABS code=54 val=1841 (slot=0)
ev: ABS code=0 val=4499 (slot=0)
ev: ABS code=1 val=1841 (slot=0)
ev: SYN code=0
cnt=1 s0=fng (4499,1841) [filtered=0]
ev: ABS code=53 val=4496 (slot=0)
ev: ABS code=54 val=1838 (slot=0)
ev: ABS code=0 val=4496 (slot=0)
ev: ABS code=1 val=1838 (slot=0)
ev: SYN code=0
cnt=1 s0=fng (4496,1838) [filtered=0]
ev: ABS code=53 val=4493 (slot=0)
ev: ABS code=54 val=1836 (slot=0)
ev: ABS code=0 val=4493 (slot=0)
ev: ABS code=1 val=1836 (slot=0)
ev: SYN code=0
cnt=1 s0=fng (4493,1836) [filtered=0]
ev: ABS code=53 val=4490 (slot=0)
ev: ABS code=54 val=1833 (slot=0)
ev: ABS code=0 val=4490 (slot=0)
ev: ABS code=1 val=1833 (slot=0)
ev: SYN code=0
cnt=1 s0=fng (4490,1833) [filtered=0]
ev: ABS code=53 val=4488 (slot=0)
ev: ABS code=54 val=1831 (slot=0)
ev: ABS code=0 val=4488 (slot=0)
ev: ABS code=1 val=1831 (slot=0)
ev: SYN code=0
cnt=1 s0=fng (4488,1831) [filtered=0]
ev: ABS code=53 val=4486 (slot=0)
ev: ABS code=54 val=1830 (slot=0)
ev: ABS code=0 val=4486 (slot=0)
ev: ABS code=1 val=1830 (slot=0)
ev: SYN code=0
cnt=1 s0=fng (4486,1830) [filtered=0]
ev: ABS code=53 val=4484 (slot=0)
ev: ABS code=54 val=1828 (slot=0)
ev: ABS code=0 val=4484 (slot=0)
ev: ABS code=1 val=1828 (slot=0)
ev: SYN code=0
cnt=1 s0=fng (4484,1828) [filtered=0]
ev: ABS code=53 val=4481 (slot=0)
ev: ABS code=54 val=1825 (slot=0)
ev: ABS code=0 val=4481 (slot=0)
ev: ABS code=1 val=1825 (slot=0)
ev: SYN code=0
cnt=1 s0=fng (4481,1825) [filtered=0]
ev: ABS code=53 val=4479 (slot=0)
ev: ABS code=54 val=1824 (slot=0)
ev: ABS code=0 val=4479 (slot=0)
ev: ABS code=1 val=1824 (slot=0)
ev: SYN code=0
cnt=1 s0=fng (4479,1824) [filtered=0]
ev: ABS code=53 val=4478 (slot=0)
ev: ABS code=54 val=1822 (slot=0)
ev: ABS code=0 val=4478 (slot=0)
ev: ABS code=1 val=1822 (slot=0)
ev: SYN code=0
cnt=1 s0=fng (4478,1822) [filtered=0]
ev: ABS code=53 val=4477 (slot=0)
ev: ABS code=54 val=1820 (slot=0)
ev: ABS code=0 val=4477 (slot=0)
ev: ABS code=1 val=1820 (slot=0)
ev: SYN code=0
cnt=1 s0=fng (4477,1820) [filtered=0]
ev: ABS code=53 val=4475 (slot=0)
ev: ABS code=54 val=1818 (slot=0)
ev: ABS code=0 val=4475 (slot=0)
ev: ABS code=1 val=1818 (slot=0)
ev: SYN code=0
cnt=1 s0=fng (4475,1818) [filtered=0]
ev: ABS code=53 val=4473 (slot=0)
ev: ABS code=54 val=1816 (slot=0)
ev: ABS code=0 val=4473 (slot=0)
ev: ABS code=1 val=1816 (slot=0)
ev: SYN code=0
cnt=1 s0=fng (4473,1816) [filtered=0]
ev: ABS code=53 val=4472 (slot=0)
ev: ABS code=54 val=1815 (slot=0)
ev: ABS code=0 val=4472 (slot=0)
ev: ABS code=1 val=1815 (slot=0)
ev: SYN code=0
cnt=1 s0=fng (4472,1815) [filtered=0]
ev: ABS code=53 val=4471 (slot=0)
ev: ABS code=54 val=1814 (slot=0)
ev: ABS code=0 val=4471 (slot=0)
ev: ABS code=1 val=1814 (slot=0)
ev: SYN code=0
cnt=1 s0=fng (4471,1814) [filtered=0]
ev: ABS code=53 val=4470 (slot=0)
ev: ABS code=54 val=1813 (slot=0)
ev: ABS code=0 val=4470 (slot=0)
ev: ABS code=1 val=1813 (slot=0)
ev: SYN code=0
cnt=1 s0=fng (4470,1813) [filtered=0]
ev: ABS code=53 val=4469 (slot=0)
ev: ABS code=54 val=1812 (slot=0)
ev: ABS code=0 val=4469 (slot=0)
ev: ABS code=1 val=1812 (slot=0)
ev: SYN code=0
cnt=1 s0=fng (4469,1812) [filtered=0]
ev: ABS code=53 val=4468 (slot=0)
ev: ABS code=54 val=1811 (slot=0)
ev: ABS code=0 val=4468 (slot=0)
ev: ABS code=1 val=1811 (slot=0)
ev: SYN code=0
cnt=1 s0=fng (4468,1811) [filtered=0]
ev: ABS code=53 val=4467 (slot=0)
ev: ABS code=0 val=4467 (slot=0)
ev: SYN code=0
cnt=1 s0=fng (4467,1811) [filtered=0]
ev: ABS code=54 val=1810 (slot=0)
ev: ABS code=1 val=1810 (slot=0)
ev: SYN code=0
cnt=1 s0=fng (4467,1810) [filtered=0]
ev: ABS code=53 val=4466 (slot=0)
ev: ABS code=0 val=4466 (slot=0)
ev: SYN code=0
cnt=1 s0=fng (4466,1810) [filtered=0]
ev: ABS code=54 val=1809 (slot=0)
ev: ABS code=1 val=1809 (slot=0)
ev: SYN code=0
cnt=1 s0=fng (4466,1809) [filtered=0]
ev: SYN code=0
cnt=1 s0=fng (4466,1809) [filtered=0]
ev: ABS code=54 val=1808 (slot=0)
ev: ABS code=1 val=1808 (slot=0)
ev: SYN code=0
cnt=1 s0=fng (4466,1808) [filtered=0]
ev: SYN code=0
cnt=1 s0=fng (4466,1808) [filtered=0]
ev: SYN code=0
cnt=1 s0=fng (4466,1808) [filtered=0]
ev: ABS code=53 val=4467 (slot=0)
ev: ABS code=0 val=4467 (slot=0)
ev: SYN code=0
cnt=1 s0=fng (4467,1808) [filtered=0]
ev: SYN code=0
cnt=1 s0=fng (4467,1808) [filtered=0]
ev: SYN code=0
cnt=1 s0=fng (4467,1808) [filtered=0]
ev: ABS code=53 val=4468 (slot=0)
ev: ABS code=0 val=4468 (slot=0)
ev: SYN code=0
cnt=1 s0=fng (4468,1808) [filtered=0]
ev: SYN code=0
cnt=1 s0=fng (4468,1808) [filtered=0]
ev: ABS code=53 val=4469 (slot=0)
ev: ABS code=0 val=4469 (slot=0)
ev: SYN code=0
cnt=1 s0=fng (4469,1808) [filtered=0]
ev: SYN code=0
cnt=1 s0=fng (4469,1808)* [filtered=0]
ev: ABS code=53 val=4470 (slot=0)
ev: ABS code=0 val=4470 (slot=0)
ev: SYN code=0
cnt=1 s0=fng (4470,1808)* [filtered=0]
ev: SYN code=0
cnt=1 s0=fng (4470,1808)* [filtered=0]
ev: SYN code=0
cnt=1 s0=fng (4470,1808)* [filtered=0]
ev: SYN code=0
cnt=1 s0=fng (4470,1808)* [filtered=0]
ev: SYN code=0
cnt=1 s0=fng (4470,1808)* [filtered=0]
ev: SYN code=0
cnt=1 s0=fng (4470,1808)* [filtered=0]
ev: SYN code=0
cnt=1 s0=fng (4470,1808)* [filtered=0]
ev: SYN code=0
cnt=1 s0=fng (4470,1808)* [filtered=0]
ev: SYN code=0
cnt=1 s0=fng (4470,1808)* [filtered=0]
ev: SYN code=0
cnt=1 s0=fng (4470,1808)* [filtered=0]
ev: ABS code=53 val=4469 (slot=0)
ev: ABS code=0 val=4469 (slot=0)
ev: SYN code=0
cnt=1 s0=fng (4469,1808)* [filtered=0]
ev: ABS code=53 val=4468 (slot=0)
ev: ABS code=0 val=4468 (slot=0)
ev: SYN code=0
cnt=1 s0=fng (4468,1808)* [filtered=0]
ev: SYN code=0
cnt=1 s0=fng (4468,1808)* [filtered=0]
ev: SYN code=0
cnt=1 s0=fng (4468,1808)* [filtered=0]
ev: ABS code=53 val=4467 (slot=0)
ev: ABS code=0 val=4467 (slot=0)
ev: SYN code=0
cnt=1 s0=fng (4467,1808)* [filtered=0]
ev: SYN code=0
cnt=1 s0=fng (4467,1808)* [filtered=0]
ev: ABS code=53 val=4466 (slot=0)
ev: ABS code=0 val=4466 (slot=0)
ev: SYN code=0
cnt=1 s0=fng (4466,1808)* [filtered=0]
ev: SYN code=0
cnt=1 s0=fng (4466,1808)* [filtered=0]
ev: SYN code=0
cnt=1 s0=fng (4466,1808)* [filtered=0]
ev: SYN code=0
cnt=1 s0=fng (4466,1808)* [filtered=0]
ev: SYN code=0
cnt=1 s0=fng (4466,1808)* [filtered=0]
ev: SYN code=0
cnt=1 s0=fng (4466,1808)* [filtered=0]
ev: SYN code=0
cnt=1 s0=fng (4466,1808)* [filtered=0]
ev: SYN code=0
cnt=1 s0=fng (4466,1808)* [filtered=0]
ev: SYN code=0
cnt=1 s0=fng (4466,1808)* [filtered=0]
ev: SYN code=0
cnt=1 s0=fng (4466,1808)* [filtered=0]
ev: SYN code=0
cnt=1 s0=fng (4466,1808)* [filtered=0]
ev: SYN code=0
cnt=1 s0=fng (4466,1808)* [filtered=0]
ev: SYN code=0
cnt=1 s0=fng (4466,1808)* [filtered=0]
ev: SYN code=0
cnt=1 s0=fng (4466,1808)* [filtered=0]
ev: SYN code=0
cnt=1 s0=fng (4466,1808)* [filtered=0]
ev: SYN code=0
cnt=1 s0=fng (4466,1808)* [filtered=0]
ev: SYN code=0
cnt=1 s0=fng (4466,1808)* [filtered=0]
ev: SYN code=0
cnt=1 s0=fng (4466,1808)* [filtered=0]
ev: SYN code=0
cnt=1 s0=fng (4466,1808)* [filtered=0]
ev: SYN code=0
cnt=1 s0=fng (4466,1808)* [filtered=0]
ev: SYN code=0
cnt=1 s0=fng (4466,1808)* [filtered=0]
ev: SYN code=0
cnt=1 s0=fng (4466,1808)* [filtered=0]
ev: SYN code=0
cnt=1 s0=fng (4466,1808)* [filtered=0]
ev: SYN code=0
cnt=1 s0=fng (4466,1808)* [filtered=0]
ev: SYN code=0
cnt=1 s0=fng (4466,1808)* [filtered=0]
ev: SYN code=0
cnt=1 s0=fng (4466,1808)* [filtered=0]
ev: SYN code=0
cnt=1 s0=fng (4466,1808)* [filtered=0]
ev: SYN code=0
cnt=1 s0=fng (4466,1808)* [filtered=0]
ev: SYN code=0
cnt=1 s0=fng (4466,1808)* [filtered=0]
ev: ABS code=53 val=4467 (slot=0)
ev: ABS code=0 val=4467 (slot=0)
ev: SYN code=0
cnt=1 s0=fng (4467,1808)* [filtered=0]
ev: SYN code=0
cnt=1 s0=fng (4467,1808)* [filtered=0]
ev: SYN code=0
cnt=1 s0=fng (4467,1808)* [filtered=0]
ev: ABS code=53 val=4468 (slot=0)
ev: ABS code=0 val=4468 (slot=0)
ev: SYN code=0
cnt=1 s0=fng (4468,1808)* [filtered=0]
ev: SYN code=0
cnt=1 s0=fng (4468,1808)* [filtered=0]
ev: ABS code=53 val=4469 (slot=0)
ev: ABS code=0 val=4469 (slot=0)
ev: SYN code=0
cnt=1 s0=fng (4469,1808)* [filtered=0]
ev: SYN code=0
cnt=1 s0=fng (4469,1808)* [filtered=0]
ev: ABS code=53 val=4470 (slot=0)
ev: ABS code=0 val=4470 (slot=0)
ev: SYN code=0
cnt=1 s0=fng (4470,1808)* [filtered=0]
ev: SYN code=0
cnt=1 s0=fng (4470,1808)* [filtered=0]
ev: SYN code=0
cnt=1 s0=fng (4470,1808)* [filtered=0]
ev: SYN code=0
cnt=1 s0=fng (4470,1808)* [filtered=0]
ev: ABS code=53 val=4471 (slot=0)
ev: ABS code=0 val=4471 (slot=0)
ev: SYN code=0
cnt=1 s0=fng (4471,1808)* [filtered=0]
ev: SYN code=0
cnt=1 s0=fng (4471,1808)* [filtered=0]
ev: SYN code=0
cnt=1 s0=fng (4471,1808)* [filtered=0]
ev: SYN code=0
cnt=1 s0=fng (4471,1808)* [filtered=0]
ev: SYN code=0
cnt=1 s0=fng (4471,1808)* [filtered=0]
ev: ABS code=53 val=4472 (slot=0)
ev: ABS code=0 val=4472 (slot=0)
ev: SYN code=0
cnt=1 s0=fng (4472,1808)* [filtered=0]
ev: SYN code=0
cnt=1 s0=fng (4472,1808)* [filtered=0]
ev: ABS code=53 val=4473 (slot=0)
ev: ABS code=0 val=4473 (slot=0)
ev: SYN code=0
cnt=1 s0=fng (4473,1808)* [filtered=0]
ev: SYN code=0
cnt=1 s0=fng (4473,1808)* [filtered=0]
ev: SYN code=0
cnt=1 s0=fng (4473,1808)* [filtered=0]
ev: ABS code=53 val=4474 (slot=0)
ev: ABS code=0 val=4474 (slot=0)
ev: SYN code=0
cnt=1 s0=fng (4474,1808)* [filtered=0]
ev: SYN code=0
cnt=1 s0=fng (4474,1808)* [filtered=0]
ev: SYN code=0
cnt=1 s0=fng (4474,1808)* [filtered=0]
ev: SYN code=0
cnt=1 s0=fng (4474,1808)* [filtered=0]
ev: ABS code=53 val=4475 (slot=0)
ev: ABS code=0 val=4475 (slot=0)
ev: SYN code=0
cnt=1 s0=fng (4475,1808)* [filtered=0]
ev: SYN code=0
cnt=1 s0=fng (4475,1808)* [filtered=0]
ev: SYN code=0
cnt=1 s0=fng (4475,1808)* [filtered=0]
ev: SYN code=0
cnt=1 s0=fng (4475,1808)* [filtered=0]
ev: SYN code=0
cnt=1 s0=fng (4475,1808)* [filtered=0]
ev: SYN code=0
cnt=1 s0=fng (4475,1808)* [filtered=0]
ev: SYN code=0
cnt=1 s0=fng (4475,1808)* [filtered=0]
ev: SYN code=0
cnt=1 s0=fng (4475,1808)* [filtered=0]
ev: SYN code=0
cnt=1 s0=fng (4475,1808)* [filtered=0]
ev: SYN code=0
cnt=1 s0=fng (4475,1808)* [filtered=0]
ev: ABS code=53 val=4476 (slot=0)
ev: ABS code=0 val=4476 (slot=0)
ev: SYN code=0
cnt=1 s0=fng (4476,1808)* [filtered=0]
ev: SYN code=0
cnt=1 s0=fng (4476,1808)* [filtered=0]
ev: ABS code=53 val=4477 (slot=0)
ev: ABS code=0 val=4477 (slot=0)
ev: SYN code=0
cnt=1 s0=fng (4477,1808)* [filtered=0]
ev: SYN code=0
cnt=1 s0=fng (4477,1808)* [filtered=0]
ev: SYN code=0
cnt=1 s0=fng (4477,1808)* [filtered=0]
ev: ABS code=53 val=4478 (slot=0)
ev: ABS code=0 val=4478 (slot=0)
ev: SYN code=0
cnt=1 s0=fng (4478,1808)* [filtered=0]
ev: ABS code=53 val=4479 (slot=0)
ev: ABS code=0 val=4479 (slot=0)
ev: SYN code=0
cnt=1 s0=fng (4479,1808)* [filtered=0]
ev: SYN code=0
cnt=1 s0=fng (4479,1808)* [filtered=0]
ev: SYN code=0
cnt=1 s0=fng (4479,1808)* [filtered=0]
ev: ABS code=53 val=4480 (slot=0)
ev: ABS code=54 val=1809 (slot=0)
ev: ABS code=0 val=4480 (slot=0)
ev: ABS code=1 val=1809 (slot=0)
ev: SYN code=0
cnt=1 s0=fng (4480,1809)* [filtered=0]
ev: ABS code=54 val=1810 (slot=0)
ev: ABS code=1 val=1810 (slot=0)
ev: SYN code=0
cnt=1 s0=fng (4480,1810)* [filtered=0]
ev: ABS code=53 val=4481 (slot=0)
ev: ABS code=0 val=4481 (slot=0)
ev: SYN code=0
cnt=1 s0=fng (4481,1810)* [filtered=0]
ev: SYN code=0
cnt=1 s0=fng (4481,1810)* [filtered=0]
ev: SYN code=0
cnt=1 s0=fng (4481,1810)* [filtered=0]
ev: SYN code=0
cnt=1 s0=fng (4481,1810)* [filtered=0]
ev: SYN code=0
cnt=1 s0=fng (4481,1810)* [filtered=0]
ev: SYN code=0
cnt=1 s0=fng (4481,1810)* [filtered=0]
ev: SYN code=0
cnt=1 s0=fng (4481,1810)* [filtered=0]
ev: SYN code=0
cnt=1 s0=fng (4481,1810)* [filtered=0]
ev: SYN code=0
cnt=1 s0=fng (4481,1810)* [filtered=0]
ev: SYN code=0
cnt=1 s0=fng (4481,1810)* [filtered=0]
ev: SYN code=0
cnt=1 s0=fng (4481,1810)* [filtered=0]
ev: SYN code=0
cnt=1 s0=fng (4481,1810)* [filtered=0]
ev: SYN code=0
cnt=1 s0=fng (4481,1810)* [filtered=0]
ev: ABS code=54 val=1811 (slot=0)
ev: ABS code=1 val=1811 (slot=0)
ev: SYN code=0
cnt=1 s0=fng (4481,1811)* [filtered=0]
ev: SYN code=0
cnt=1 s0=fng (4481,1811)* [filtered=0]
ev: SYN code=0
cnt=1 s0=fng (4481,1811)* [filtered=0]
ev: SYN code=0
cnt=1 s0=fng (4481,1811)* [filtered=0]
ev: ABS code=54 val=1812 (slot=0)
ev: ABS code=1 val=1812 (slot=0)
ev: SYN code=0
cnt=1 s0=fng (4481,1812)* [filtered=0]
ev: SYN code=0
cnt=1 s0=fng (4481,1812)* [filtered=0]
ev: ABS code=54 val=1813 (slot=0)
ev: ABS code=1 val=1813 (slot=0)
ev: SYN code=0
cnt=1 s0=fng (4481,1813)* [filtered=0]
ev: ABS code=54 val=1814 (slot=0)
ev: ABS code=1 val=1814 (slot=0)
ev: SYN code=0
cnt=1 s0=fng (4481,1814)* [filtered=0]
ev: SYN code=0
cnt=1 s0=fng (4481,1814)* [filtered=0]
ev: SYN code=0
cnt=1 s0=fng (4481,1814)* [filtered=0]
ev: ABS code=54 val=1815 (slot=0)
ev: ABS code=1 val=1815 (slot=0)
ev: SYN code=0
cnt=1 s0=fng (4481,1815)* [filtered=0]
ev: SYN code=0
cnt=1 s0=fng (4481,1815)* [filtered=0]
ev: ABS code=53 val=4482 (slot=0)
ev: ABS code=54 val=1816 (slot=0)
ev: ABS code=0 val=4482 (slot=0)
ev: ABS code=1 val=1816 (slot=0)
ev: SYN code=0
cnt=1 s0=fng (4482,1816)* [filtered=0]
ev: SYN code=0
cnt=1 s0=fng (4482,1816)* [filtered=0]
ev: SYN code=0
cnt=1 s0=fng (4482,1816)* [filtered=0]
ev: ABS code=53 val=4483 (slot=0)
ev: ABS code=54 val=1817 (slot=0)
ev: ABS code=0 val=4483 (slot=0)
ev: ABS code=1 val=1817 (slot=0)
ev: SYN code=0
cnt=1 s0=fng (4483,1817)* [filtered=0]
ev: ABS code=53 val=4484 (slot=0)
ev: ABS code=54 val=1818 (slot=0)
ev: ABS code=0 val=4484 (slot=0)
ev: ABS code=1 val=1818 (slot=0)
ev: SYN code=0
cnt=1 s0=fng (4484,1818)* [filtered=0]
ev: SYN code=0
cnt=1 s0=fng (4484,1818)* [filtered=0]
ev: ABS code=53 val=4485 (slot=0)
ev: ABS code=0 val=4485 (slot=0)
ev: SYN code=0
cnt=1 s0=fng (4485,1818)* [filtered=0]
ev: ABS code=53 val=4486 (slot=0)
ev: ABS code=54 val=1819 (slot=0)
ev: ABS code=0 val=4486 (slot=0)
ev: ABS code=1 val=1819 (slot=0)
ev: SYN code=0
cnt=1 s0=fng (4486,1819)* [filtered=0]
ev: ABS code=53 val=4487 (slot=0)
ev: ABS code=0 val=4487 (slot=0)
ev: SYN code=0
cnt=1 s0=fng (4487,1819)* [filtered=0]
ev: ABS code=53 val=4488 (slot=0)
ev: ABS code=54 val=1820 (slot=0)
ev: ABS code=0 val=4488 (slot=0)
ev: ABS code=1 val=1820 (slot=0)
ev: SYN code=0
cnt=1 s0=fng (4488,1820)* [filtered=0]
ev: ABS code=54 val=1821 (slot=0)
ev: ABS code=1 val=1821 (slot=0)
ev: SYN code=0
cnt=1 s0=fng (4488,1821)* [filtered=0]
ev: ABS code=53 val=4489 (slot=0)
ev: ABS code=54 val=1822 (slot=0)
ev: ABS code=0 val=4489 (slot=0)
ev: ABS code=1 val=1822 (slot=0)
ev: SYN code=0
cnt=1 s0=fng (4489,1822)* [filtered=0]
ev: ABS code=53 val=4490 (slot=0)
ev: ABS code=54 val=1823 (slot=0)
ev: ABS code=0 val=4490 (slot=0)
ev: ABS code=1 val=1823 (slot=0)
ev: SYN code=0
cnt=1 s0=fng (4490,1823)* [filtered=0]
ev: ABS code=53 val=4491 (slot=0)
ev: ABS code=54 val=1824 (slot=0)
ev: ABS code=0 val=4491 (slot=0)
ev: ABS code=1 val=1824 (slot=0)
ev: SYN code=0
cnt=1 s0=fng (4491,1824)* [filtered=0]
ev: ABS code=53 val=4492 (slot=0)
ev: ABS code=54 val=1825 (slot=0)
ev: ABS code=0 val=4492 (slot=0)
ev: ABS code=1 val=1825 (slot=0)
ev: SYN code=0
cnt=1 s0=fng (4492,1825)* [filtered=0]
ev: ABS code=53 val=4493 (slot=0)
ev: ABS code=0 val=4493 (slot=0)
ev: SYN code=0
cnt=1 s0=fng (4493,1825)* [filtered=0]
ev: ABS code=53 val=4494 (slot=0)
ev: ABS code=54 val=1826 (slot=0)
ev: ABS code=0 val=4494 (slot=0)
ev: ABS code=1 val=1826 (slot=0)
ev: SYN code=0
cnt=1 s0=fng (4494,1826)* [filtered=0]
ev: ABS code=53 val=4495 (slot=0)
ev: ABS code=54 val=1827 (slot=0)
ev: ABS code=0 val=4495 (slot=0)
ev: ABS code=1 val=1827 (slot=0)
ev: SYN code=0
cnt=1 s0=fng (4495,1827)* [filtered=0]
ev: ABS code=53 val=4497 (slot=0)
ev: ABS code=54 val=1828 (slot=0)
ev: ABS code=0 val=4497 (slot=0)
ev: ABS code=1 val=1828 (slot=0)
ev: SYN code=0
cnt=1 s0=fng (4497,1828)* [filtered=0]
ev: ABS code=53 val=4498 (slot=0)
ev: ABS code=54 val=1829 (slot=0)
ev: ABS code=0 val=4498 (slot=0)
ev: ABS code=1 val=1829 (slot=0)
ev: SYN code=0
cnt=1 s0=fng (4498,1829)* [filtered=0]
ev: ABS code=53 val=4499 (slot=0)
ev: ABS code=54 val=1830 (slot=0)
ev: ABS code=0 val=4499 (slot=0)
ev: ABS code=1 val=1830 (slot=0)
ev: SYN code=0
cnt=1 s0=fng (4499,1830)* [filtered=0]
ev: ABS code=53 val=4500 (slot=0)
ev: ABS code=54 val=1831 (slot=0)
ev: ABS code=0 val=4500 (slot=0)
ev: ABS code=1 val=1831 (slot=0)
ev: SYN code=0
cnt=1 s0=fng (4500,1831)* [filtered=0]
ev: ABS code=53 val=4502 (slot=0)
ev: ABS code=54 val=1832 (slot=0)
ev: ABS code=0 val=4502 (slot=0)
ev: ABS code=1 val=1832 (slot=0)
ev: SYN code=0
cnt=1 s0=fng (4502,1832)* [filtered=0]
ev: ABS code=53 val=4503 (slot=0)
ev: ABS code=54 val=1834 (slot=0)
ev: ABS code=0 val=4503 (slot=0)
ev: ABS code=1 val=1834 (slot=0)
ev: SYN code=0
cnt=1 s0=fng (4503,1834)* [filtered=0]
ev: ABS code=53 val=4504 (slot=0)
ev: ABS code=54 val=1835 (slot=0)
ev: ABS code=0 val=4504 (slot=0)
ev: ABS code=1 val=1835 (slot=0)
ev: SYN code=0
cnt=1 s0=fng (4504,1835)* [filtered=0]
ev: ABS code=53 val=4505 (slot=0)
ev: ABS code=54 val=1836 (slot=0)
ev: ABS code=0 val=4505 (slot=0)
ev: ABS code=1 val=1836 (slot=0)
ev: SYN code=0
cnt=1 s0=fng (4505,1836)* [filtered=0]
ev: ABS code=53 val=4507 (slot=0)
ev: ABS code=54 val=1837 (slot=0)
ev: ABS code=0 val=4507 (slot=0)
ev: ABS code=1 val=1837 (slot=0)
ev: SYN code=0
cnt=1 s0=fng (4507,1837)* [filtered=0]
ev: ABS code=53 val=4509 (slot=0)
ev: ABS code=54 val=1839 (slot=0)
ev: ABS code=0 val=4509 (slot=0)
ev: ABS code=1 val=1839 (slot=0)
ev: SYN code=0
cnt=1 s0=fng (4509,1839) [filtered=0]
ev: ABS code=53 val=4510 (slot=0)
ev: ABS code=54 val=1841 (slot=0)
ev: ABS code=0 val=4510 (slot=0)
ev: ABS code=1 val=1841 (slot=0)
ev: SYN code=0
cnt=1 s0=fng (4510,1841) [filtered=0]
ev: ABS code=53 val=4511 (slot=0)
ev: ABS code=54 val=1842 (slot=0)
ev: ABS code=0 val=4511 (slot=0)
ev: ABS code=1 val=1842 (slot=0)
ev: SYN code=0
cnt=1 s0=fng (4511,1842) [filtered=0]
ev: ABS code=53 val=4512 (slot=0)
ev: ABS code=54 val=1843 (slot=0)
ev: ABS code=0 val=4512 (slot=0)
ev: ABS code=1 val=1843 (slot=0)
ev: SYN code=0
cnt=1 s0=fng (4512,1843) [filtered=0]
ev: ABS code=53 val=4514 (slot=0)
ev: ABS code=54 val=1844 (slot=0)
ev: ABS code=0 val=4514 (slot=0)
ev: ABS code=1 val=1844 (slot=0)
ev: SYN code=0
cnt=1 s0=fng (4514,1844) [filtered=0]
ev: ABS code=53 val=4515 (slot=0)
ev: ABS code=54 val=1846 (slot=0)
ev: ABS code=0 val=4515 (slot=0)
ev: ABS code=1 val=1846 (slot=0)
ev: SYN code=0
cnt=1 s0=fng (4515,1846) [filtered=0]
ev: ABS code=53 val=4517 (slot=0)
ev: ABS code=54 val=1847 (slot=0)
ev: ABS code=0 val=4517 (slot=0)
ev: ABS code=1 val=1847 (slot=0)
ev: SYN code=0
cnt=1 s0=fng (4517,1847) [filtered=0]
ev: ABS code=53 val=4518 (slot=0)
ev: ABS code=54 val=1848 (slot=0)
ev: ABS code=0 val=4518 (slot=0)
ev: ABS code=1 val=1848 (slot=0)
ev: SYN code=0
cnt=1 s0=fng (4518,1848) [filtered=0]
ev: ABS code=53 val=4519 (slot=0)
ev: ABS code=54 val=1849 (slot=0)
ev: ABS code=0 val=4519 (slot=0)
ev: ABS code=1 val=1849 (slot=0)
ev: SYN code=0
cnt=1 s0=fng (4519,1849) [filtered=0]
ev: ABS code=53 val=4521 (slot=0)
ev: ABS code=54 val=1850 (slot=0)
ev: ABS code=0 val=4521 (slot=0)
ev: ABS code=1 val=1850 (slot=0)
ev: SYN code=0
cnt=1 s0=fng (4521,1850) [filtered=0]
ev: ABS code=53 val=4523 (slot=0)
ev: ABS code=54 val=1851 (slot=0)
ev: ABS code=0 val=4523 (slot=0)
ev: ABS code=1 val=1851 (slot=0)
ev: SYN code=0
cnt=1 s0=fng (4523,1851) [filtered=0]
ev: ABS code=53 val=4524 (slot=0)
ev: ABS code=0 val=4524 (slot=0)
ev: SYN code=0
cnt=1 s0=fng (4524,1851) [filtered=0]
ev: ABS code=53 val=4525 (slot=0)
ev: ABS code=54 val=1852 (slot=0)
ev: ABS code=0 val=4525 (slot=0)
ev: ABS code=1 val=1852 (slot=0)
ev: SYN code=0
cnt=1 s0=fng (4525,1852) [filtered=0]
ev: ABS code=53 val=4527 (slot=0)
ev: ABS code=0 val=4527 (slot=0)
ev: SYN code=0
cnt=1 s0=fng (4527,1852) [filtered=0]
ev: ABS code=53 val=4529 (slot=0)
ev: ABS code=0 val=4529 (slot=0)
ev: SYN code=0
cnt=1 s0=fng (4529,1852) [filtered=0]
ev: ABS code=53 val=4531 (slot=0)
ev: ABS code=0 val=4531 (slot=0)
ev: SYN code=0
cnt=1 s0=fng (4531,1852) [filtered=0]
ev: ABS code=53 val=4532 (slot=0)
ev: ABS code=0 val=4532 (slot=0)
ev: SYN code=0
cnt=1 s0=fng (4532,1852) [filtered=0]
ev: ABS code=53 val=4534 (slot=0)
ev: ABS code=0 val=4534 (slot=0)
ev: SYN code=0
cnt=1 s0=fng (4534,1852) [filtered=0]
ev: ABS code=53 val=4535 (slot=0)
ev: ABS code=0 val=4535 (slot=0)
ev: SYN code=0
cnt=1 s0=fng (4535,1852) [filtered=0]
ev: ABS code=53 val=4536 (slot=0)
ev: ABS code=0 val=4536 (slot=0)
ev: SYN code=0
cnt=1 s0=fng (4536,1852) [filtered=0]
ev: ABS code=53 val=4537 (slot=0)
ev: ABS code=0 val=4537 (slot=0)
ev: SYN code=0
cnt=1 s0=fng (4537,1852)* [filtered=0]
ev: ABS code=53 val=4538 (slot=0)
ev: ABS code=0 val=4538 (slot=0)
ev: SYN code=0
cnt=1 s0=fng (4538,1852)* [filtered=0]
ev: SYN code=0
cnt=1 s0=fng (4538,1852)* [filtered=0]
ev: ABS code=53 val=4539 (slot=0)
ev: ABS code=0 val=4539 (slot=0)
ev: SYN code=0
cnt=1 s0=fng (4539,1852)* [filtered=0]
ev: SYN code=0
cnt=1 s0=fng (4539,1852)* [filtered=0]
ev: SYN code=0
cnt=1 s0=fng (4539,1852)* [filtered=0]
ev: ABS code=53 val=4540 (slot=0)
ev: ABS code=0 val=4540 (slot=0)
ev: SYN code=0
cnt=1 s0=fng (4540,1852)* [filtered=0]
ev: ABS code=53 val=4541 (slot=0)
ev: ABS code=0 val=4541 (slot=0)
ev: SYN code=0
cnt=1 s0=fng (4541,1852)* [filtered=0]
ev: ABS code=53 val=4542 (slot=0)
ev: ABS code=0 val=4542 (slot=0)
ev: SYN code=0
cnt=1 s0=fng (4542,1852)* [filtered=0]
ev: ABS code=53 val=4544 (slot=0)
ev: ABS code=54 val=1853 (slot=0)
ev: ABS code=0 val=4544 (slot=0)
ev: ABS code=1 val=1853 (slot=0)
ev: SYN code=0
cnt=1 s0=fng (4544,1853)* [filtered=0]
ev: ABS code=53 val=4545 (slot=0)
ev: ABS code=0 val=4545 (slot=0)
ev: SYN code=0
cnt=1 s0=fng (4545,1853)* [filtered=0]
ev: ABS code=53 val=4546 (slot=0)
ev: ABS code=54 val=1854 (slot=0)
ev: ABS code=0 val=4546 (slot=0)
ev: ABS code=1 val=1854 (slot=0)
ev: SYN code=0
cnt=1 s0=fng (4546,1854)* [filtered=0]
ev: ABS code=53 val=4548 (slot=0)
ev: ABS code=54 val=1856 (slot=0)
ev: ABS code=0 val=4548 (slot=0)
ev: ABS code=1 val=1856 (slot=0)
ev: SYN code=0
cnt=1 s0=fng (4548,1856) [filtered=0]
ev: ABS code=53 val=4551 (slot=0)
ev: ABS code=54 val=1858 (slot=0)
ev: ABS code=0 val=4551 (slot=0)
ev: ABS code=1 val=1858 (slot=0)
ev: SYN code=0
cnt=1 s0=fng (4551,1858) [filtered=0]
ev: ABS code=53 val=4554 (slot=0)
ev: ABS code=54 val=1860 (slot=0)
ev: ABS code=0 val=4554 (slot=0)
ev: ABS code=1 val=1860 (slot=0)
ev: SYN code=0
cnt=1 s0=fng (4554,1860) [filtered=0]
ev: ABS code=53 val=4555 (slot=0)
ev: ABS code=54 val=1861 (slot=0)
ev: ABS code=0 val=4555 (slot=0)
ev: ABS code=1 val=1861 (slot=0)
ev: SYN code=0
cnt=1 s0=fng (4555,1861) [filtered=0]
ev: ABS code=53 val=4557 (slot=0)
ev: ABS code=54 val=1863 (slot=0)
ev: ABS code=0 val=4557 (slot=0)
ev: ABS code=1 val=1863 (slot=0)
ev: SYN code=0
cnt=1 s0=fng (4557,1863) [filtered=0]
ev: ABS code=53 val=4559 (slot=0)
ev: ABS code=54 val=1865 (slot=0)
ev: ABS code=0 val=4559 (slot=0)
ev: ABS code=1 val=1865 (slot=0)
ev: SYN code=0
cnt=1 s0=fng (4559,1865) [filtered=0]
ev: ABS code=53 val=4562 (slot=0)
ev: ABS code=54 val=1868 (slot=0)
ev: ABS code=0 val=4562 (slot=0)
ev: ABS code=1 val=1868 (slot=0)
ev: SYN code=0
cnt=1 s0=fng (4562,1868) [filtered=0]
ev: ABS code=53 val=4564 (slot=0)
ev: ABS code=54 val=1870 (slot=0)
ev: ABS code=0 val=4564 (slot=0)
ev: ABS code=1 val=1870 (slot=0)
ev: SYN code=0
cnt=1 s0=fng (4564,1870) [filtered=0]
ev: ABS code=53 val=4565 (slot=0)
ev: ABS code=54 val=1871 (slot=0)
ev: ABS code=0 val=4565 (slot=0)
ev: ABS code=1 val=1871 (slot=0)
ev: SYN code=0
cnt=1 s0=fng (4565,1871) [filtered=0]
ev: ABS code=53 val=4567 (slot=0)
ev: ABS code=54 val=1873 (slot=0)
ev: ABS code=0 val=4567 (slot=0)
ev: ABS code=1 val=1873 (slot=0)
ev: SYN code=0
cnt=1 s0=fng (4567,1873) [filtered=0]
ev: ABS code=53 val=4569 (slot=0)
ev: ABS code=54 val=1875 (slot=0)
ev: ABS code=0 val=4569 (slot=0)
ev: ABS code=1 val=1875 (slot=0)
ev: SYN code=0
cnt=1 s0=fng (4569,1875) [filtered=0]
ev: ABS code=53 val=4571 (slot=0)
ev: ABS code=54 val=1877 (slot=0)
ev: ABS code=0 val=4571 (slot=0)
ev: ABS code=1 val=1877 (slot=0)
ev: SYN code=0
cnt=1 s0=fng (4571,1877) [filtered=0]
ev: ABS code=53 val=4572 (slot=0)
ev: ABS code=54 val=1878 (slot=0)
ev: ABS code=0 val=4572 (slot=0)
ev: ABS code=1 val=1878 (slot=0)
ev: SYN code=0
cnt=1 s0=fng (4572,1878) [filtered=0]
ev: ABS code=53 val=4573 (slot=0)
ev: ABS code=54 val=1879 (slot=0)
ev: ABS code=0 val=4573 (slot=0)
ev: ABS code=1 val=1879 (slot=0)
ev: SYN code=0
cnt=1 s0=fng (4573,1879) [filtered=0]
ev: ABS code=53 val=4574 (slot=0)
ev: ABS code=54 val=1881 (slot=0)
ev: ABS code=0 val=4574 (slot=0)
ev: ABS code=1 val=1881 (slot=0)
ev: SYN code=0
cnt=1 s0=fng (4574,1881) [filtered=0]
ev: ABS code=53 val=4576 (slot=0)
ev: ABS code=54 val=1883 (slot=0)
ev: ABS code=0 val=4576 (slot=0)
ev: ABS code=1 val=1883 (slot=0)
ev: SYN code=0
cnt=1 s0=fng (4576,1883) [filtered=0]
ev: ABS code=53 val=4577 (slot=0)
ev: ABS code=54 val=1884 (slot=0)
ev: ABS code=0 val=4577 (slot=0)
ev: ABS code=1 val=1884 (slot=0)
ev: SYN code=0
cnt=1 s0=fng (4577,1884) [filtered=0]
ev: ABS code=54 val=1885 (slot=0)
ev: ABS code=1 val=1885 (slot=0)
ev: SYN code=0
cnt=1 s0=fng (4577,1885) [filtered=0]
ev: ABS code=53 val=4578 (slot=0)
ev: ABS code=54 val=1886 (slot=0)
ev: ABS code=0 val=4578 (slot=0)
ev: ABS code=1 val=1886 (slot=0)
ev: SYN code=0
cnt=1 s0=fng (4578,1886) [filtered=0]
ev: ABS code=54 val=1887 (slot=0)
ev: ABS code=1 val=1887 (slot=0)
ev: SYN code=0
cnt=1 s0=fng (4578,1887) [filtered=0]
ev: ABS code=47 val=1 (slot=0)
ev: ABS code=57 val=86 (slot=1)
ev: ABS code=53 val=791 (slot=1)
ev: ABS code=54 val=31 (slot=1)
ev: KEY code=0x145 val=0
ev: KEY code=0x14d val=1
ev: SYN code=0
cnt=2 s0=PALM(4578,1887) s1=fng (791,31) [filtered=1]
ev: SYN code=0
cnt=2 s0=PALM(4578,1887) s1=fng (791,31) [filtered=2]
ev: SYN code=0
cnt=2 s0=PALM(4578,1887) s1=fng (791,31) [filtered=3]
ev: SYN code=0
cnt=2 s0=PALM(4578,1887) s1=fng (791,31) [filtered=4]
ev: SYN code=0
cnt=2 s0=PALM(4578,1887) s1=fng (791,31) [filtered=5]
ev: SYN code=0
cnt=2 s0=PALM(4578,1887) s1=fng (791,31) [filtered=6]
ev: SYN code=0
cnt=2 s0=PALM(4578,1887) s1=fng (791,31) [filtered=7]
ev: ABS code=47 val=0 (slot=1)
ev: ABS code=53 val=4577 (slot=0)
ev: ABS code=0 val=4577 (slot=0)
ev: SYN code=0
cnt=2 s0=PALM(4577,1887) s1=fng (791,31) [filtered=8]
ev: SYN code=0
cnt=2 s0=PALM(4577,1887) s1=fng (791,31) [filtered=9]
ev: ABS code=53 val=4576 (slot=0)
ev: ABS code=0 val=4576 (slot=0)
ev: SYN code=0
cnt=2 s0=PALM(4576,1887) s1=fng (791,31) [filtered=10]
ev: SYN code=0
cnt=2 s0=PALM(4576,1887) s1=fng (791,31) [filtered=11]
ev: ABS code=53 val=4575 (slot=0)
ev: ABS code=0 val=4575 (slot=0)
ev: SYN code=0
cnt=2 s0=PALM(4575,1887) s1=fng (791,31) [filtered=12]
ev: SYN code=0
cnt=2 s0=PALM(4575,1887) s1=fng (791,31) [filtered=13]
ev: ABS code=53 val=4574 (slot=0)
ev: ABS code=54 val=1886 (slot=0)
ev: ABS code=0 val=4574 (slot=0)
ev: ABS code=1 val=1886 (slot=0)
ev: SYN code=0
cnt=2 s0=PALM(4574,1886) s1=fng (791,31) [filtered=14]
ev: ABS code=47 val=1 (slot=0)
ev: ABS code=53 val=790 (slot=1)
ev: SYN code=0
cnt=2 s0=PALM(4574,1886) s1=fng (790,31) [filtered=15]
ev: SYN code=0
cnt=2 s0=PALM(4574,1886)* s1=fng (790,31) [filtered=16]
ev: ABS code=47 val=0 (slot=1)
ev: ABS code=53 val=4573 (slot=0)
ev: ABS code=54 val=1885 (slot=0)
ev: ABS code=0 val=4573 (slot=0)
ev: ABS code=1 val=1885 (slot=0)
ev: SYN code=0
cnt=2 s0=PALM(4573,1885)* s1=fng (790,31) [filtered=17]
ev: ABS code=54 val=1884 (slot=0)
ev: ABS code=47 val=1 (slot=0)
ev: ABS code=53 val=789 (slot=1)
ev: ABS code=1 val=1884 (slot=1)
ev: SYN code=0
cnt=2 s0=PALM(4573,1884)* s1=fng (789,31) [filtered=18]
ev: ABS code=47 val=0 (slot=1)
ev: ABS code=53 val=4572 (slot=0)
ev: ABS code=54 val=1883 (slot=0)
ev: ABS code=47 val=1 (slot=0)
ev: ABS code=53 val=788 (slot=1)
ev: ABS code=0 val=4572 (slot=1)
ev: ABS code=1 val=1883 (slot=1)
ev: SYN code=0
cnt=2 s0=PALM(4572,1883)* s1=fng (788,31) [filtered=19]
ev: ABS code=47 val=0 (slot=1)
ev: ABS code=53 val=4571 (slot=0)
ev: ABS code=54 val=1882 (slot=0)
ev: ABS code=47 val=1 (slot=0)
ev: ABS code=53 val=787 (slot=1)
ev: ABS code=0 val=4571 (slot=1)
ev: ABS code=1 val=1882 (slot=1)
ev: SYN code=0
cnt=2 s0=PALM(4571,1882)* s1=fng (787,31) [filtered=20]
ev: ABS code=47 val=0 (slot=1)
ev: ABS code=53 val=4570 (slot=0)
ev: ABS code=47 val=1 (slot=0)
ev: ABS code=53 val=786 (slot=1)
ev: ABS code=0 val=4570 (slot=1)
ev: SYN code=0
cnt=2 s0=PALM(4570,1882)* s1=PALM(786,31)* [filtered=21]
ev: ABS code=47 val=0 (slot=1)
ev: ABS code=53 val=4569 (slot=0)
ev: ABS code=54 val=1881 (slot=0)
ev: ABS code=47 val=1 (slot=0)
ev: ABS code=53 val=785 (slot=1)
ev: ABS code=0 val=4569 (slot=1)
ev: ABS code=1 val=1881 (slot=1)
ev: SYN code=0
cnt=2 s0=PALM(4569,1881)* s1=PALM(785,31)* [filtered=22]
ev: ABS code=47 val=0 (slot=1)
ev: ABS code=53 val=4568 (slot=0)
ev: ABS code=54 val=1880 (slot=0)
ev: ABS code=47 val=1 (slot=0)
ev: ABS code=53 val=784 (slot=1)
ev: ABS code=0 val=4568 (slot=1)
ev: ABS code=1 val=1880 (slot=1)
ev: SYN code=0
cnt=2 s0=PALM(4568,1880)* s1=PALM(784,31)* [filtered=23]
ev: ABS code=47 val=0 (slot=1)
ev: ABS code=53 val=4567 (slot=0)
ev: ABS code=54 val=1879 (slot=0)
ev: ABS code=47 val=1 (slot=0)
ev: ABS code=53 val=782 (slot=1)
ev: ABS code=0 val=4567 (slot=1)
ev: ABS code=1 val=1879 (slot=1)
ev: SYN code=0
cnt=2 s0=PALM(4567,1879)* s1=PALM(782,31)* [filtered=24]
ev: ABS code=47 val=0 (slot=1)
ev: ABS code=53 val=4566 (slot=0)
ev: ABS code=54 val=1878 (slot=0)
ev: ABS code=47 val=1 (slot=0)
ev: ABS code=53 val=779 (slot=1)
ev: ABS code=0 val=4566 (slot=1)
ev: ABS code=1 val=1878 (slot=1)
ev: SYN code=0
cnt=2 s0=PALM(4566,1878)* s1=PALM(779,31)* [filtered=25]
ev: ABS code=47 val=0 (slot=1)
ev: ABS code=54 val=1877 (slot=0)
ev: ABS code=47 val=1 (slot=0)
ev: ABS code=53 val=777 (slot=1)
ev: ABS code=1 val=1877 (slot=1)
ev: SYN code=0
cnt=2 s0=PALM(4566,1877)* s1=PALM(777,31)* [filtered=26]
ev: ABS code=47 val=0 (slot=1)
ev: ABS code=53 val=4565 (slot=0)
ev: ABS code=54 val=1876 (slot=0)
ev: ABS code=47 val=1 (slot=0)
ev: ABS code=53 val=774 (slot=1)
ev: ABS code=0 val=4565 (slot=1)
ev: ABS code=1 val=1876 (slot=1)
ev: SYN code=0
cnt=2 s0=PALM(4565,1876)* s1=PALM(774,31)* [filtered=27]
ev: ABS code=47 val=0 (slot=1)
ev: ABS code=53 val=4564 (slot=0)
ev: ABS code=54 val=1875 (slot=0)
ev: ABS code=47 val=1 (slot=0)
ev: ABS code=53 val=771 (slot=1)
ev: ABS code=0 val=4564 (slot=1)
ev: ABS code=1 val=1875 (slot=1)
ev: SYN code=0
cnt=2 s0=PALM(4564,1875)* s1=PALM(771,31)* [filtered=28]
ev: ABS code=47 val=0 (slot=1)
ev: ABS code=53 val=4562 (slot=0)
ev: ABS code=54 val=1873 (slot=0)
ev: ABS code=47 val=1 (slot=0)
ev: ABS code=53 val=769 (slot=1)
ev: ABS code=0 val=4562 (slot=1)
ev: ABS code=1 val=1873 (slot=1)
ev: SYN code=0
cnt=2 s0=PALM(4562,1873) s1=PALM(769,31)* [filtered=29]
ev: ABS code=47 val=0 (slot=1)
ev: ABS code=53 val=4561 (slot=0)
ev: ABS code=54 val=1872 (slot=0)
ev: ABS code=47 val=1 (slot=0)
ev: ABS code=53 val=768 (slot=1)
ev: ABS code=0 val=4561 (slot=1)
ev: ABS code=1 val=1872 (slot=1)
ev: SYN code=0
cnt=2 s0=PALM(4561,1872) s1=PALM(768,31)* [filtered=30]
ev: ABS code=47 val=0 (slot=1)
ev: ABS code=53 val=4560 (slot=0)
ev: ABS code=54 val=1871 (slot=0)
ev: ABS code=47 val=1 (slot=0)
ev: ABS code=53 val=767 (slot=1)
ev: ABS code=0 val=4560 (slot=1)
ev: ABS code=1 val=1871 (slot=1)
ev: SYN code=0
cnt=2 s0=PALM(4560,1871) s1=PALM(767,31)* [filtered=31]
ev: ABS code=47 val=0 (slot=1)
ev: ABS code=53 val=4559 (slot=0)
ev: ABS code=54 val=1869 (slot=0)
ev: ABS code=47 val=1 (slot=0)
ev: ABS code=53 val=765 (slot=1)
ev: ABS code=0 val=4559 (slot=1)
ev: ABS code=1 val=1869 (slot=1)
ev: SYN code=0
cnt=2 s0=PALM(4559,1869) s1=PALM(765,31)* [filtered=32]
ev: ABS code=47 val=0 (slot=1)
ev: ABS code=53 val=4558 (slot=0)
ev: ABS code=54 val=1868 (slot=0)
ev: ABS code=47 val=1 (slot=0)
ev: ABS code=57 val=-1 (slot=1)
ev: KEY code=0x145 val=1
ev: KEY code=0x14d val=0
ev: ABS code=0 val=4558 (slot=1)
ev: ABS code=1 val=1868 (slot=1)
ev: SYN code=0
cnt=1 s0=fng (4558,1868) [filtered=32]
ev: ABS code=47 val=0 (slot=1)
ev: ABS code=53 val=4556 (slot=0)
ev: ABS code=54 val=1866 (slot=0)
ev: ABS code=0 val=4556 (slot=0)
ev: ABS code=1 val=1866 (slot=0)
ev: SYN code=0
cnt=1 s0=fng (4556,1866) [filtered=32]
ev: ABS code=53 val=4555 (slot=0)
ev: ABS code=54 val=1865 (slot=0)
ev: ABS code=0 val=4555 (slot=0)
ev: ABS code=1 val=1865 (slot=0)
ev: SYN code=0
cnt=1 s0=fng (4555,1865) [filtered=32]
ev: ABS code=53 val=4554 (slot=0)
ev: ABS code=54 val=1863 (slot=0)
ev: ABS code=0 val=4554 (slot=0)
ev: ABS code=1 val=1863 (slot=0)
ev: SYN code=0
cnt=1 s0=fng (4554,1863) [filtered=32]
ev: ABS code=53 val=4552 (slot=0)
ev: ABS code=54 val=1861 (slot=0)
ev: ABS code=0 val=4552 (slot=0)
ev: ABS code=1 val=1861 (slot=0)
ev: SYN code=0
cnt=1 s0=fng (4552,1861) [filtered=32]
ev: ABS code=53 val=4551 (slot=0)
ev: ABS code=54 val=1860 (slot=0)
ev: ABS code=0 val=4551 (slot=0)
ev: ABS code=1 val=1860 (slot=0)
ev: SYN code=0
cnt=1 s0=fng (4551,1860) [filtered=32]
ev: ABS code=53 val=4549 (slot=0)
ev: ABS code=54 val=1858 (slot=0)
ev: ABS code=0 val=4549 (slot=0)
ev: ABS code=1 val=1858 (slot=0)
ev: SYN code=0
cnt=1 s0=fng (4549,1858) [filtered=32]
ev: ABS code=53 val=4548 (slot=0)
ev: ABS code=54 val=1857 (slot=0)
ev: ABS code=0 val=4548 (slot=0)
ev: ABS code=1 val=1857 (slot=0)
ev: SYN code=0
cnt=1 s0=fng (4548,1857) [filtered=32]
ev: ABS code=53 val=4547 (slot=0)
ev: ABS code=54 val=1856 (slot=0)
ev: ABS code=0 val=4547 (slot=0)
ev: ABS code=1 val=1856 (slot=0)
ev: SYN code=0
cnt=1 s0=fng (4547,1856) [filtered=32]
ev: ABS code=53 val=4546 (slot=0)
ev: ABS code=54 val=1854 (slot=0)
ev: ABS code=0 val=4546 (slot=0)
ev: ABS code=1 val=1854 (slot=0)
ev: SYN code=0
cnt=1 s0=fng (4546,1854) [filtered=32]
ev: ABS code=53 val=4545 (slot=0)
ev: ABS code=54 val=1853 (slot=0)
ev: ABS code=0 val=4545 (slot=0)
ev: ABS code=1 val=1853 (slot=0)
ev: SYN code=0
cnt=1 s0=fng (4545,1853) [filtered=32]
ev: ABS code=53 val=4544 (slot=0)
ev: ABS code=54 val=1851 (slot=0)
ev: ABS code=0 val=4544 (slot=0)
ev: ABS code=1 val=1851 (slot=0)
ev: SYN code=0
cnt=1 s0=fng (4544,1851) [filtered=32]
ev: ABS code=54 val=1850 (slot=0)
ev: ABS code=1 val=1850 (slot=0)
ev: SYN code=0
cnt=1 s0=fng (4544,1850) [filtered=32]
ev: ABS code=54 val=1849 (slot=0)
ev: ABS code=1 val=1849 (slot=0)
ev: SYN code=0
cnt=1 s0=fng (4544,1849) [filtered=32]
ev: ABS code=53 val=4543 (slot=0)
ev: ABS code=54 val=1848 (slot=0)
ev: ABS code=0 val=4543 (slot=0)
ev: ABS code=1 val=1848 (slot=0)
ev: SYN code=0
cnt=1 s0=fng (4543,1848) [filtered=32]
ev: ABS code=54 val=1847 (slot=0)
ev: ABS code=1 val=1847 (slot=0)
ev: SYN code=0
cnt=1 s0=fng (4543,1847) [filtered=32]
ev: SYN code=0
cnt=1 s0=fng (4543,1847) [filtered=32]
ev: ABS code=54 val=1846 (slot=0)
ev: ABS code=1 val=1846 (slot=0)
ev: SYN code=0
cnt=1 s0=fng (4543,1846) [filtered=32]
ev: ABS code=54 val=1845 (slot=0)
ev: ABS code=1 val=1845 (slot=0)
ev: SYN code=0
cnt=1 s0=fng (4543,1845) [filtered=32]
ev: SYN code=0
cnt=1 s0=fng (4543,1845) [filtered=32]
ev: ABS code=54 val=1844 (slot=0)
ev: ABS code=1 val=1844 (slot=0)
ev: SYN code=0
cnt=1 s0=fng (4543,1844) [filtered=32]
ev: SYN code=0
cnt=1 s0=fng (4543,1844) [filtered=32]
ev: SYN code=0
cnt=1 s0=fng (4543,1844) [filtered=32]
ev: ABS code=54 val=1843 (slot=0)
ev: ABS code=1 val=1843 (slot=0)
ev: SYN code=0
cnt=1 s0=fng (4543,1843) [filtered=32]
ev: ABS code=54 val=1842 (slot=0)
ev: ABS code=1 val=1842 (slot=0)
ev: SYN code=0
cnt=1 s0=fng (4543,1842) [filtered=32]
ev: ABS code=54 val=1841 (slot=0)
ev: ABS code=1 val=1841 (slot=0)
ev: SYN code=0
cnt=1 s0=fng (4543,1841) [filtered=32]
ev: SYN code=0
cnt=1 s0=fng (4543,1841)* [filtered=32]
ev: ABS code=54 val=1840 (slot=0)
ev: ABS code=1 val=1840 (slot=0)
ev: SYN code=0
cnt=1 s0=fng (4543,1840)* [filtered=32]
ev: ABS code=54 val=1839 (slot=0)
ev: ABS code=1 val=1839 (slot=0)
ev: SYN code=0
cnt=1 s0=fng (4543,1839)* [filtered=32]
ev: ABS code=54 val=1838 (slot=0)
ev: ABS code=1 val=1838 (slot=0)
ev: SYN code=0
cnt=1 s0=fng (4543,1838)* [filtered=32]
ev: ABS code=54 val=1837 (slot=0)
ev: ABS code=1 val=1837 (slot=0)
ev: SYN code=0
cnt=1 s0=fng (4543,1837)* [filtered=32]
ev: ABS code=54 val=1836 (slot=0)
ev: ABS code=1 val=1836 (slot=0)
ev: SYN code=0
cnt=1 s0=fng (4543,1836)* [filtered=32]
ev: ABS code=54 val=1834 (slot=0)
ev: ABS code=1 val=1834 (slot=0)
ev: SYN code=0
cnt=1 s0=fng (4543,1834)* [filtered=32]
ev: ABS code=54 val=1832 (slot=0)
ev: ABS code=1 val=1832 (slot=0)
ev: SYN code=0
cnt=1 s0=fng (4543,1832)* [filtered=32]
ev: ABS code=54 val=1831 (slot=0)
ev: ABS code=1 val=1831 (slot=0)
ev: SYN code=0
cnt=1 s0=fng (4543,1831)* [filtered=32]
ev: ABS code=54 val=1830 (slot=0)
ev: ABS code=1 val=1830 (slot=0)
ev: SYN code=0
cnt=1 s0=fng (4543,1830)* [filtered=32]
ev: ABS code=54 val=1829 (slot=0)
ev: ABS code=1 val=1829 (slot=0)
ev: SYN code=0
cnt=1 s0=fng (4543,1829)* [filtered=32]
ev: ABS code=54 val=1828 (slot=0)
ev: ABS code=1 val=1828 (slot=0)
ev: SYN code=0
cnt=1 s0=fng (4543,1828)* [filtered=32]
ev: ABS code=54 val=1827 (slot=0)
ev: ABS code=1 val=1827 (slot=0)
ev: SYN code=0
cnt=1 s0=fng (4543,1827)* [filtered=32]
ev: ABS code=53 val=4542 (slot=0)
ev: ABS code=54 val=1826 (slot=0)
ev: ABS code=0 val=4542 (slot=0)
ev: ABS code=1 val=1826 (slot=0)
ev: SYN code=0
cnt=1 s0=fng (4542,1826)* [filtered=32]
ev: ABS code=54 val=1825 (slot=0)
ev: ABS code=1 val=1825 (slot=0)
ev: SYN code=0
cnt=1 s0=fng (4542,1825)* [filtered=32]
ev: ABS code=54 val=1824 (slot=0)
ev: ABS code=1 val=1824 (slot=0)
ev: SYN code=0
cnt=1 s0=fng (4542,1824)* [filtered=32]
ev: ABS code=53 val=4541 (slot=0)
ev: ABS code=54 val=1823 (slot=0)
ev: ABS code=0 val=4541 (slot=0)
ev: ABS code=1 val=1823 (slot=0)
ev: SYN code=0
cnt=1 s0=fng (4541,1823)* [filtered=32]
ev: ABS code=54 val=1822 (slot=0)
ev: ABS code=1 val=1822 (slot=0)
ev: SYN code=0
cnt=1 s0=fng (4541,1822)* [filtered=32]
ev: SYN code=0
cnt=1 s0=fng (4541,1822)* [filtered=32]
ev: ABS code=54 val=1821 (slot=0)
ev: ABS code=1 val=1821 (slot=0)
ev: SYN code=0
cnt=1 s0=fng (4541,1821)* [filtered=32]
ev: ABS code=54 val=1820 (slot=0)
ev: ABS code=1 val=1820 (slot=0)
ev: SYN code=0
cnt=1 s0=fng (4541,1820)* [filtered=32]
ev: ABS code=54 val=1819 (slot=0)
ev: ABS code=1 val=1819 (slot=0)
ev: SYN code=0
cnt=1 s0=fng (4541,1819)* [filtered=32]
ev: ABS code=54 val=1818 (slot=0)
ev: ABS code=1 val=1818 (slot=0)
ev: SYN code=0
cnt=1 s0=fng (4541,1818)* [filtered=32]
ev: SYN code=0
cnt=1 s0=fng (4541,1818)* [filtered=32]
ev: SYN code=0
cnt=1 s0=fng (4541,1818)* [filtered=32]
ev: ABS code=54 val=1817 (slot=0)
ev: ABS code=1 val=1817 (slot=0)
ev: SYN code=0
cnt=1 s0=fng (4541,1817)* [filtered=32]
ev: ABS code=54 val=1816 (slot=0)
ev: ABS code=1 val=1816 (slot=0)
ev: SYN code=0
cnt=1 s0=fng (4541,1816)* [filtered=32]
ev: SYN code=0
cnt=1 s0=fng (4541,1816)* [filtered=32]
ev: SYN code=0
cnt=1 s0=fng (4541,1816)* [filtered=32]
ev: ABS code=54 val=1815 (slot=0)
ev: ABS code=1 val=1815 (slot=0)
ev: SYN code=0
cnt=1 s0=fng (4541,1815)* [filtered=32]
ev: SYN code=0
cnt=1 s0=fng (4541,1815)* [filtered=32]
ev: ABS code=54 val=1814 (slot=0)
ev: ABS code=1 val=1814 (slot=0)
ev: SYN code=0
cnt=1 s0=fng (4541,1814)* [filtered=32]
ev: SYN code=0
cnt=1 s0=fng (4541,1814)* [filtered=32]
ev: ABS code=54 val=1813 (slot=0)
ev: ABS code=1 val=1813 (slot=0)
ev: SYN code=0
cnt=1 s0=fng (4541,1813)* [filtered=32]
ev: ABS code=54 val=1812 (slot=0)
ev: ABS code=1 val=1812 (slot=0)
ev: SYN code=0
cnt=1 s0=fng (4541,1812)* [filtered=32]
ev: ABS code=54 val=1811 (slot=0)
ev: ABS code=1 val=1811 (slot=0)
ev: SYN code=0
cnt=1 s0=fng (4541,1811)* [filtered=32]
ev: ABS code=54 val=1810 (slot=0)
ev: ABS code=1 val=1810 (slot=0)
ev: SYN code=0
cnt=1 s0=fng (4541,1810)* [filtered=32]
ev: SYN code=0
cnt=1 s0=fng (4541,1810)* [filtered=32]
ev: ABS code=54 val=1809 (slot=0)
ev: ABS code=1 val=1809 (slot=0)
ev: SYN code=0
cnt=1 s0=fng (4541,1809)* [filtered=32]
ev: ABS code=53 val=4542 (slot=0)
ev: ABS code=54 val=1808 (slot=0)
ev: ABS code=0 val=4542 (slot=0)
ev: ABS code=1 val=1808 (slot=0)
ev: SYN code=0
cnt=1 s0=fng (4542,1808)* [filtered=32]
ev: SYN code=0
cnt=1 s0=fng (4542,1808)* [filtered=32]
ev: ABS code=54 val=1807 (slot=0)
ev: ABS code=1 val=1807 (slot=0)
ev: SYN code=0
cnt=1 s0=fng (4542,1807)* [filtered=32]
ev: SYN code=0
cnt=1 s0=fng (4542,1807)* [filtered=32]
ev: SYN code=0
cnt=1 s0=fng (4542,1807)* [filtered=32]
ev: ABS code=54 val=1806 (slot=0)
ev: ABS code=1 val=1806 (slot=0)
ev: SYN code=0
cnt=1 s0=fng (4542,1806)* [filtered=32]
ev: SYN code=0
cnt=1 s0=fng (4542,1806)* [filtered=32]
ev: SYN code=0
cnt=1 s0=fng (4542,1806)* [filtered=32]
ev: ABS code=53 val=4543 (slot=0)
ev: ABS code=0 val=4543 (slot=0)
ev: SYN code=0
cnt=1 s0=fng (4543,1806)* [filtered=32]
ev: SYN code=0
cnt=1 s0=fng (4543,1806)* [filtered=32]
ev: ABS code=53 val=4544 (slot=0)
ev: ABS code=0 val=4544 (slot=0)
ev: SYN code=0
cnt=1 s0=fng (4544,1806)* [filtered=32]
ev: ABS code=53 val=4545 (slot=0)
ev: ABS code=0 val=4545 (slot=0)
ev: SYN code=0
cnt=1 s0=fng (4545,1806)* [filtered=32]
ev: SYN code=0
cnt=1 s0=fng (4545,1806)* [filtered=32]
ev: ABS code=53 val=4546 (slot=0)
ev: ABS code=54 val=1807 (slot=0)
ev: ABS code=0 val=4546 (slot=0)
ev: ABS code=1 val=1807 (slot=0)
ev: SYN code=0
cnt=1 s0=fng (4546,1807)* [filtered=32]
ev: ABS code=53 val=4547 (slot=0)
ev: ABS code=0 val=4547 (slot=0)
ev: SYN code=0
cnt=1 s0=fng (4547,1807)* [filtered=32]
ev: ABS code=53 val=4549 (slot=0)
ev: ABS code=54 val=1808 (slot=0)
ev: ABS code=0 val=4549 (slot=0)
ev: ABS code=1 val=1808 (slot=0)
ev: SYN code=0
cnt=1 s0=fng (4549,1808)* [filtered=32]
ev: ABS code=53 val=4550 (slot=0)
ev: ABS code=54 val=1809 (slot=0)
ev: ABS code=0 val=4550 (slot=0)
ev: ABS code=1 val=1809 (slot=0)
ev: SYN code=0
cnt=1 s0=fng (4550,1809)* [filtered=32]
ev: ABS code=53 val=4551 (slot=0)
ev: ABS code=54 val=1810 (slot=0)
ev: ABS code=0 val=4551 (slot=0)
ev: ABS code=1 val=1810 (slot=0)
ev: SYN code=0
cnt=1 s0=fng (4551,1810)* [filtered=32]
ev: ABS code=53 val=4552 (slot=0)
ev: ABS code=54 val=1811 (slot=0)
ev: ABS code=0 val=4552 (slot=0)
ev: ABS code=1 val=1811 (slot=0)
ev: SYN code=0
cnt=1 s0=fng (4552,1811)* [filtered=32]
ev: ABS code=53 val=4554 (slot=0)
ev: ABS code=54 val=1812 (slot=0)
ev: ABS code=0 val=4554 (slot=0)
ev: ABS code=1 val=1812 (slot=0)
ev: SYN code=0
cnt=1 s0=fng (4554,1812)* [filtered=32]
ev: ABS code=53 val=4555 (slot=0)
ev: ABS code=54 val=1813 (slot=0)
ev: ABS code=0 val=4555 (slot=0)
ev: ABS code=1 val=1813 (slot=0)
ev: SYN code=0
cnt=1 s0=fng (4555,1813)* [filtered=32]
ev: ABS code=53 val=4557 (slot=0)
ev: ABS code=54 val=1815 (slot=0)
ev: ABS code=0 val=4557 (slot=0)
ev: ABS code=1 val=1815 (slot=0)
ev: SYN code=0
cnt=1 s0=fng (4557,1815) [filtered=32]
ev: ABS code=53 val=4558 (slot=0)
ev: ABS code=54 val=1816 (slot=0)
ev: ABS code=0 val=4558 (slot=0)
ev: ABS code=1 val=1816 (slot=0)
ev: SYN code=0
cnt=1 s0=fng (4558,1816) [filtered=32]
ev: ABS code=53 val=4559 (slot=0)
ev: ABS code=54 val=1817 (slot=0)
ev: ABS code=0 val=4559 (slot=0)
ev: ABS code=1 val=1817 (slot=0)
ev: SYN code=0
cnt=1 s0=fng (4559,1817) [filtered=32]
ev: ABS code=53 val=4560 (slot=0)
ev: ABS code=54 val=1818 (slot=0)
ev: ABS code=0 val=4560 (slot=0)
ev: ABS code=1 val=1818 (slot=0)
ev: SYN code=0
cnt=1 s0=fng (4560,1818) [filtered=32]
ev: ABS code=53 val=4562 (slot=0)
ev: ABS code=54 val=1820 (slot=0)
ev: ABS code=0 val=4562 (slot=0)
ev: ABS code=1 val=1820 (slot=0)
ev: SYN code=0
cnt=1 s0=fng (4562,1820) [filtered=32]
ev: ABS code=53 val=4564 (slot=0)
ev: ABS code=54 val=1822 (slot=0)
ev: ABS code=0 val=4564 (slot=0)
ev: ABS code=1 val=1822 (slot=0)
ev: SYN code=0
cnt=1 s0=fng (4564,1822) [filtered=32]
ev: ABS code=53 val=4565 (slot=0)
ev: ABS code=54 val=1823 (slot=0)
ev: ABS code=0 val=4565 (slot=0)
ev: ABS code=1 val=1823 (slot=0)
ev: SYN code=0
cnt=1 s0=fng (4565,1823) [filtered=32]
ev: ABS code=53 val=4567 (slot=0)
ev: ABS code=54 val=1825 (slot=0)
ev: ABS code=0 val=4567 (slot=0)
ev: ABS code=1 val=1825 (slot=0)
ev: SYN code=0
cnt=1 s0=fng (4567,1825) [filtered=32]
ev: ABS code=53 val=4569 (slot=0)
ev: ABS code=54 val=1827 (slot=0)
ev: ABS code=0 val=4569 (slot=0)
ev: ABS code=1 val=1827 (slot=0)
ev: SYN code=0
cnt=1 s0=fng (4569,1827) [filtered=32]
ev: ABS code=53 val=4571 (slot=0)
ev: ABS code=54 val=1830 (slot=0)
ev: ABS code=0 val=4571 (slot=0)
ev: ABS code=1 val=1830 (slot=0)
ev: SYN code=0
cnt=1 s0=fng (4571,1830) [filtered=32]
ev: ABS code=53 val=4572 (slot=0)
ev: ABS code=54 val=1832 (slot=0)
ev: ABS code=0 val=4572 (slot=0)
ev: ABS code=1 val=1832 (slot=0)
ev: SYN code=0
cnt=1 s0=fng (4572,1832) [filtered=32]
ev: ABS code=53 val=4574 (slot=0)
ev: ABS code=54 val=1835 (slot=0)
ev: ABS code=0 val=4574 (slot=0)
ev: ABS code=1 val=1835 (slot=0)
ev: SYN code=0
cnt=1 s0=fng (4574,1835) [filtered=32]
ev: ABS code=53 val=4576 (slot=0)
ev: ABS code=54 val=1838 (slot=0)
ev: ABS code=0 val=4576 (slot=0)
ev: ABS code=1 val=1838 (slot=0)
ev: SYN code=0
cnt=1 s0=fng (4576,1838) [filtered=32]
ev: ABS code=53 val=4579 (slot=0)
ev: ABS code=54 val=1841 (slot=0)
ev: ABS code=0 val=4579 (slot=0)
ev: ABS code=1 val=1841 (slot=0)
ev: SYN code=0
cnt=1 s0=fng (4579,1841) [filtered=32]
ev: ABS code=53 val=4582 (slot=0)
ev: ABS code=54 val=1845 (slot=0)
ev: ABS code=0 val=4582 (slot=0)
ev: ABS code=1 val=1845 (slot=0)
ev: SYN code=0
cnt=1 s0=fng (4582,1845) [filtered=32]
ev: ABS code=53 val=4583 (slot=0)
ev: ABS code=54 val=1847 (slot=0)
ev: ABS code=0 val=4583 (slot=0)
ev: ABS code=1 val=1847 (slot=0)
ev: SYN code=0
cnt=1 s0=fng (4583,1847) [filtered=32]
ev: ABS code=53 val=4585 (slot=0)
ev: ABS code=54 val=1850 (slot=0)
ev: ABS code=0 val=4585 (slot=0)
ev: ABS code=1 val=1850 (slot=0)
ev: SYN code=0
cnt=1 s0=fng (4585,1850) [filtered=32]
ev: ABS code=53 val=4588 (slot=0)
ev: ABS code=54 val=1853 (slot=0)
ev: ABS code=0 val=4588 (slot=0)
ev: ABS code=1 val=1853 (slot=0)
ev: SYN code=0
cnt=1 s0=fng (4588,1853) [filtered=32]
ev: ABS code=53 val=4590 (slot=0)
ev: ABS code=54 val=1857 (slot=0)
ev: ABS code=0 val=4590 (slot=0)
ev: ABS code=1 val=1857 (slot=0)
ev: SYN code=0
cnt=1 s0=fng (4590,1857) [filtered=32]
ev: ABS code=53 val=4593 (slot=0)
ev: ABS code=54 val=1861 (slot=0)
ev: ABS code=0 val=4593 (slot=0)
ev: ABS code=1 val=1861 (slot=0)
ev: SYN code=0
cnt=1 s0=fng (4593,1861) [filtered=32]
ev: ABS code=53 val=4594 (slot=0)
ev: ABS code=54 val=1863 (slot=0)
ev: ABS code=0 val=4594 (slot=0)
ev: ABS code=1 val=1863 (slot=0)
ev: SYN code=0
cnt=1 s0=fng (4594,1863) [filtered=32]
ev: ABS code=53 val=4596 (slot=0)
ev: ABS code=54 val=1866 (slot=0)
ev: ABS code=0 val=4596 (slot=0)
ev: ABS code=1 val=1866 (slot=0)
ev: SYN code=0
cnt=1 s0=fng (4596,1866) [filtered=32]
ev: ABS code=53 val=4598 (slot=0)
ev: ABS code=54 val=1869 (slot=0)
ev: ABS code=0 val=4598 (slot=0)
ev: ABS code=1 val=1869 (slot=0)
ev: SYN code=0
cnt=1 s0=fng (4598,1869) [filtered=32]
ev: ABS code=53 val=4601 (slot=0)
ev: ABS code=54 val=1872 (slot=0)
ev: ABS code=0 val=4601 (slot=0)
ev: ABS code=1 val=1872 (slot=0)
ev: SYN code=0
cnt=1 s0=fng (4601,1872) [filtered=32]
ev: ABS code=53 val=4603 (slot=0)
ev: ABS code=54 val=1874 (slot=0)
ev: ABS code=0 val=4603 (slot=0)
ev: ABS code=1 val=1874 (slot=0)
ev: SYN code=0
cnt=1 s0=fng (4603,1874) [filtered=32]
ev: ABS code=53 val=4605 (slot=0)
ev: ABS code=54 val=1876 (slot=0)
ev: ABS code=0 val=4605 (slot=0)
ev: ABS code=1 val=1876 (slot=0)
ev: SYN code=0
cnt=1 s0=fng (4605,1876) [filtered=32]
ev: ABS code=53 val=4608 (slot=0)
ev: ABS code=54 val=1879 (slot=0)
ev: ABS code=0 val=4608 (slot=0)
ev: ABS code=1 val=1879 (slot=0)
ev: SYN code=0
cnt=1 s0=fng (4608,1879) [filtered=32]
ev: ABS code=53 val=4611 (slot=0)
ev: ABS code=54 val=1881 (slot=0)
ev: ABS code=0 val=4611 (slot=0)
ev: ABS code=1 val=1881 (slot=0)
ev: SYN code=0
cnt=1 s0=fng (4611,1881) [filtered=32]
ev: ABS code=53 val=4613 (slot=0)
ev: ABS code=54 val=1883 (slot=0)
ev: ABS code=0 val=4613 (slot=0)
ev: ABS code=1 val=1883 (slot=0)
ev: SYN code=0
cnt=1 s0=fng (4613,1883) [filtered=32]
ev: ABS code=53 val=4614 (slot=0)
ev: ABS code=54 val=1884 (slot=0)
ev: ABS code=0 val=4614 (slot=0)
ev: ABS code=1 val=1884 (slot=0)
ev: SYN code=0
cnt=1 s0=fng (4614,1884) [filtered=32]
ev: ABS code=53 val=4616 (slot=0)
ev: ABS code=54 val=1885 (slot=0)
ev: ABS code=0 val=4616 (slot=0)
ev: ABS code=1 val=1885 (slot=0)
ev: SYN code=0
cnt=1 s0=fng (4616,1885) [filtered=32]
ev: ABS code=53 val=4617 (slot=0)
ev: ABS code=54 val=1886 (slot=0)
ev: ABS code=0 val=4617 (slot=0)
ev: ABS code=1 val=1886 (slot=0)
ev: SYN code=0
cnt=1 s0=fng (4617,1886) [filtered=32]
ev: ABS code=53 val=4618 (slot=0)
ev: ABS code=54 val=1887 (slot=0)
ev: ABS code=0 val=4618 (slot=0)
ev: ABS code=1 val=1887 (slot=0)
ev: SYN code=0
cnt=1 s0=fng (4618,1887) [filtered=32]
ev: ABS code=53 val=4620 (slot=0)
ev: ABS code=54 val=1888 (slot=0)
ev: ABS code=0 val=4620 (slot=0)
ev: ABS code=1 val=1888 (slot=0)
ev: SYN code=0
cnt=1 s0=fng (4620,1888) [filtered=32]
ev: ABS code=53 val=4621 (slot=0)
ev: ABS code=54 val=1889 (slot=0)
ev: ABS code=0 val=4621 (slot=0)
ev: ABS code=1 val=1889 (slot=0)
ev: SYN code=0
cnt=1 s0=fng (4621,1889) [filtered=32]
ev: SYN code=0
cnt=1 s0=fng (4621,1889) [filtered=32]
ev: SYN code=0
cnt=1 s0=fng (4621,1889) [filtered=32]
ev: SYN code=0
cnt=1 s0=fng (4621,1889) [filtered=32]
ev: SYN code=0
cnt=1 s0=fng (4621,1889) [filtered=32]
ev: SYN code=0
cnt=1 s0=fng (4621,1889) [filtered=32]
ev: SYN code=0
cnt=1 s0=fng (4621,1889) [filtered=32]
ev: SYN code=0
cnt=1 s0=fng (4621,1889) [filtered=32]
ev: SYN code=0
cnt=1 s0=fng (4621,1889) [filtered=32]
ev: SYN code=0
cnt=1 s0=fng (4621,1889) [filtered=32]
ev: ABS code=54 val=1888 (slot=0)
ev: ABS code=1 val=1888 (slot=0)
ev: SYN code=0
cnt=1 s0=fng (4621,1888) [filtered=32]
ev: ABS code=53 val=4620 (slot=0)
ev: ABS code=54 val=1887 (slot=0)
ev: ABS code=0 val=4620 (slot=0)
ev: ABS code=1 val=1887 (slot=0)
ev: SYN code=0
cnt=1 s0=fng (4620,1887) [filtered=32]
ev: ABS code=53 val=4619 (slot=0)
ev: ABS code=0 val=4619 (slot=0)
ev: SYN code=0
cnt=1 s0=fng (4619,1887) [filtered=32]
ev: ABS code=53 val=4618 (slot=0)
ev: ABS code=54 val=1886 (slot=0)
ev: ABS code=0 val=4618 (slot=0)
ev: ABS code=1 val=1886 (slot=0)
ev: SYN code=0
cnt=1 s0=fng (4618,1886) [filtered=32]
ev: ABS code=53 val=4617 (slot=0)
ev: ABS code=0 val=4617 (slot=0)
ev: SYN code=0
cnt=1 s0=fng (4617,1886)* [filtered=32]
ev: ABS code=53 val=4616 (slot=0)
ev: ABS code=0 val=4616 (slot=0)
ev: SYN code=0
cnt=1 s0=fng (4616,1886)* [filtered=32]
ev: ABS code=53 val=4615 (slot=0)
ev: ABS code=54 val=1885 (slot=0)
ev: ABS code=0 val=4615 (slot=0)
ev: ABS code=1 val=1885 (slot=0)
ev: SYN code=0
cnt=1 s0=fng (4615,1885)* [filtered=32]
ev: ABS code=53 val=4614 (slot=0)
ev: ABS code=54 val=1884 (slot=0)
ev: ABS code=0 val=4614 (slot=0)
ev: ABS code=1 val=1884 (slot=0)
ev: SYN code=0
cnt=1 s0=fng (4614,1884)* [filtered=32]
ev: SYN code=0
cnt=1 s0=fng (4614,1884)* [filtered=32]
ev: SYN code=0
cnt=1 s0=fng (4614,1884)* [filtered=32]
ev: ABS code=53 val=4613 (slot=0)
ev: ABS code=54 val=1883 (slot=0)
ev: ABS code=0 val=4613 (slot=0)
ev: ABS code=1 val=1883 (slot=0)
ev: SYN code=0
cnt=1 s0=fng (4613,1883)* [filtered=32]
ev: ABS code=53 val=4612 (slot=0)
ev: ABS code=0 val=4612 (slot=0)
ev: SYN code=0
cnt=1 s0=fng (4612,1883)* [filtered=32]
ev: ABS code=54 val=1882 (slot=0)
ev: ABS code=1 val=1882 (slot=0)
ev: SYN code=0
cnt=1 s0=fng (4612,1882)* [filtered=32]
ev: SYN code=0
cnt=1 s0=fng (4612,1882)* [filtered=32]
ev: SYN code=0
cnt=1 s0=fng (4612,1882)* [filtered=32]
ev: ABS code=54 val=1881 (slot=0)
ev: ABS code=1 val=1881 (slot=0)
ev: SYN code=0
cnt=1 s0=fng (4612,1881)* [filtered=32]
ev: ABS code=54 val=1880 (slot=0)
ev: ABS code=1 val=1880 (slot=0)
ev: SYN code=0
cnt=1 s0=fng (4612,1880)* [filtered=32]
ev: ABS code=53 val=4611 (slot=0)
ev: ABS code=0 val=4611 (slot=0)
ev: SYN code=0
cnt=1 s0=fng (4611,1880)* [filtered=32]
ev: ABS code=53 val=4610 (slot=0)
ev: ABS code=0 val=4610 (slot=0)
ev: SYN code=0
cnt=1 s0=fng (4610,1880)* [filtered=32]
ev: ABS code=54 val=1879 (slot=0)
ev: ABS code=1 val=1879 (slot=0)
ev: SYN code=0
cnt=1 s0=fng (4610,1879)* [filtered=32]
ev: ABS code=53 val=4609 (slot=0)
ev: ABS code=0 val=4609 (slot=0)
ev: SYN code=0
cnt=1 s0=fng (4609,1879)* [filtered=32]
ev: ABS code=53 val=4608 (slot=0)
ev: ABS code=54 val=1878 (slot=0)
ev: ABS code=0 val=4608 (slot=0)
ev: ABS code=1 val=1878 (slot=0)
ev: SYN code=0
cnt=1 s0=fng (4608,1878)* [filtered=32]
ev: ABS code=53 val=4607 (slot=0)
ev: ABS code=0 val=4607 (slot=0)
ev: SYN code=0
cnt=1 s0=fng (4607,1878)* [filtered=32]
ev: SYN code=0
cnt=1 s0=fng (4607,1878)* [filtered=32]
ev: ABS code=53 val=4606 (slot=0)
ev: ABS code=0 val=4606 (slot=0)
ev: SYN code=0
cnt=1 s0=fng (4606,1878)* [filtered=32]
ev: SYN code=0
cnt=1 s0=fng (4606,1878)* [filtered=32]
ev: ABS code=54 val=1877 (slot=0)
ev: ABS code=1 val=1877 (slot=0)
ev: SYN code=0
cnt=1 s0=fng (4606,1877)* [filtered=32]
ev: SYN code=0
cnt=1 s0=fng (4606,1877)* [filtered=32]
ev: SYN code=0
cnt=1 s0=fng (4606,1877)* [filtered=32]
ev: ABS code=53 val=4605 (slot=0)
ev: ABS code=0 val=4605 (slot=0)
ev: SYN code=0
cnt=1 s0=fng (4605,1877)* [filtered=32]
ev: ABS code=54 val=1876 (slot=0)
ev: ABS code=1 val=1876 (slot=0)
ev: SYN code=0
cnt=1 s0=fng (4605,1876)* [filtered=32]
ev: SYN code=0
cnt=1 s0=fng (4605,1876)* [filtered=32]
ev: SYN code=0
cnt=1 s0=fng (4605,1876)* [filtered=32]
ev: ABS code=53 val=4604 (slot=0)
ev: ABS code=0 val=4604 (slot=0)
ev: SYN code=0
cnt=1 s0=fng (4604,1876)* [filtered=32]
ev: ABS code=53 val=4603 (slot=0)
ev: ABS code=0 val=4603 (slot=0)
ev: SYN code=0
cnt=1 s0=fng (4603,1876)* [filtered=32]
ev: SYN code=0
cnt=1 s0=fng (4603,1876)* [filtered=32]
ev: ABS code=53 val=4602 (slot=0)
ev: ABS code=0 val=4602 (slot=0)
ev: SYN code=0
cnt=1 s0=fng (4602,1876)* [filtered=32]
ev: ABS code=53 val=4601 (slot=0)
ev: ABS code=0 val=4601 (slot=0)
ev: SYN code=0
cnt=1 s0=fng (4601,1876)* [filtered=32]
ev: ABS code=53 val=4600 (slot=0)
ev: ABS code=0 val=4600 (slot=0)
ev: SYN code=0
cnt=1 s0=fng (4600,1876)* [filtered=32]
ev: ABS code=54 val=1875 (slot=0)
ev: ABS code=1 val=1875 (slot=0)
ev: SYN code=0
cnt=1 s0=fng (4600,1875)* [filtered=32]
ev: SYN code=0
cnt=1 s0=fng (4600,1875)* [filtered=32]
ev: ABS code=53 val=4599 (slot=0)
ev: ABS code=54 val=1874 (slot=0)
ev: ABS code=0 val=4599 (slot=0)
ev: ABS code=1 val=1874 (slot=0)
ev: SYN code=0
cnt=1 s0=fng (4599,1874)* [filtered=32]
ev: SYN code=0
cnt=1 s0=fng (4599,1874)* [filtered=32]
ev: SYN code=0
cnt=1 s0=fng (4599,1874)* [filtered=32]
ev: ABS code=53 val=4598 (slot=0)
ev: ABS code=54 val=1873 (slot=0)
ev: ABS code=0 val=4598 (slot=0)
ev: ABS code=1 val=1873 (slot=0)
ev: SYN code=0
cnt=1 s0=fng (4598,1873)* [filtered=32]
ev: ABS code=53 val=4597 (slot=0)
ev: ABS code=54 val=1872 (slot=0)
ev: ABS code=0 val=4597 (slot=0)
ev: ABS code=1 val=1872 (slot=0)
ev: SYN code=0
cnt=1 s0=fng (4597,1872)* [filtered=32]
ev: ABS code=54 val=1871 (slot=0)
ev: ABS code=1 val=1871 (slot=0)
ev: SYN code=0
cnt=1 s0=fng (4597,1871)* [filtered=32]
ev: ABS code=53 val=4596 (slot=0)
ev: ABS code=54 val=1870 (slot=0)
ev: ABS code=0 val=4596 (slot=0)
ev: ABS code=1 val=1870 (slot=0)
ev: SYN code=0
cnt=1 s0=fng (4596,1870)* [filtered=32]
ev: ABS code=53 val=4595 (slot=0)
ev: ABS code=54 val=1868 (slot=0)
ev: ABS code=0 val=4595 (slot=0)
ev: ABS code=1 val=1868 (slot=0)
ev: SYN code=0
cnt=1 s0=fng (4595,1868)* [filtered=32]
ev: ABS code=53 val=4593 (slot=0)
ev: ABS code=54 val=1865 (slot=0)
ev: ABS code=0 val=4593 (slot=0)
ev: ABS code=1 val=1865 (slot=0)
ev: SYN code=0
cnt=1 s0=fng (4593,1865) [filtered=32]
ev: ABS code=53 val=4591 (slot=0)
ev: ABS code=54 val=1862 (slot=0)
ev: ABS code=0 val=4591 (slot=0)
ev: ABS code=1 val=1862 (slot=0)
ev: SYN code=0
cnt=1 s0=fng (4591,1862) [filtered=32]
ev: ABS code=53 val=4590 (slot=0)
ev: ABS code=54 val=1861 (slot=0)
ev: ABS code=0 val=4590 (slot=0)
ev: ABS code=1 val=1861 (slot=0)
ev: SYN code=0
cnt=1 s0=fng (4590,1861) [filtered=32]
ev: ABS code=53 val=4588 (slot=0)
ev: ABS code=54 val=1859 (slot=0)
ev: ABS code=0 val=4588 (slot=0)
ev: ABS code=1 val=1859 (slot=0)
ev: SYN code=0
cnt=1 s0=fng (4588,1859) [filtered=32]
ev: ABS code=53 val=4585 (slot=0)
ev: ABS code=54 val=1856 (slot=0)
ev: ABS code=0 val=4585 (slot=0)
ev: ABS code=1 val=1856 (slot=0)
ev: SYN code=0
cnt=1 s0=fng (4585,1856) [filtered=32]
ev: ABS code=53 val=4583 (slot=0)
ev: ABS code=54 val=1853 (slot=0)
ev: ABS code=0 val=4583 (slot=0)
ev: ABS code=1 val=1853 (slot=0)
ev: SYN code=0
cnt=1 s0=fng (4583,1853) [filtered=32]
ev: ABS code=53 val=4580 (slot=0)
ev: ABS code=54 val=1849 (slot=0)
ev: ABS code=0 val=4580 (slot=0)
ev: ABS code=1 val=1849 (slot=0)
ev: SYN code=0
cnt=1 s0=fng (4580,1849) [filtered=32]
ev: ABS code=53 val=4578 (slot=0)
ev: ABS code=54 val=1847 (slot=0)
ev: ABS code=0 val=4578 (slot=0)
ev: ABS code=1 val=1847 (slot=0)
ev: SYN code=0
cnt=1 s0=fng (4578,1847) [filtered=32]
ev: ABS code=53 val=4575 (slot=0)
ev: ABS code=54 val=1844 (slot=0)
ev: ABS code=0 val=4575 (slot=0)
ev: ABS code=1 val=1844 (slot=0)
ev: SYN code=0
cnt=1 s0=fng (4575,1844) [filtered=32]
ev: ABS code=53 val=4573 (slot=0)
ev: ABS code=54 val=1841 (slot=0)
ev: ABS code=0 val=4573 (slot=0)
ev: ABS code=1 val=1841 (slot=0)
ev: SYN code=0
cnt=1 s0=fng (4573,1841) [filtered=32]
ev: ABS code=53 val=4571 (slot=0)
ev: ABS code=54 val=1838 (slot=0)
ev: ABS code=0 val=4571 (slot=0)
ev: ABS code=1 val=1838 (slot=0)
ev: SYN code=0
cnt=1 s0=fng (4571,1838) [filtered=32]
ev: ABS code=53 val=4568 (slot=0)
ev: ABS code=54 val=1835 (slot=0)
ev: ABS code=0 val=4568 (slot=0)
ev: ABS code=1 val=1835 (slot=0)
ev: SYN code=0
cnt=1 s0=fng (4568,1835) [filtered=32]
ev: ABS code=53 val=4567 (slot=0)
ev: ABS code=54 val=1833 (slot=0)
ev: ABS code=0 val=4567 (slot=0)
ev: ABS code=1 val=1833 (slot=0)
ev: SYN code=0
cnt=1 s0=fng (4567,1833) [filtered=32]
ev: ABS code=53 val=4565 (slot=0)
ev: ABS code=54 val=1831 (slot=0)
ev: ABS code=0 val=4565 (slot=0)
ev: ABS code=1 val=1831 (slot=0)
ev: SYN code=0
cnt=1 s0=fng (4565,1831) [filtered=32]
ev: ABS code=53 val=4563 (slot=0)
ev: ABS code=54 val=1830 (slot=0)
ev: ABS code=0 val=4563 (slot=0)
ev: ABS code=1 val=1830 (slot=0)
ev: SYN code=0
cnt=1 s0=fng (4563,1830) [filtered=32]
ev: ABS code=53 val=4561 (slot=0)
ev: ABS code=54 val=1828 (slot=0)
ev: ABS code=0 val=4561 (slot=0)
ev: ABS code=1 val=1828 (slot=0)
ev: SYN code=0
cnt=1 s0=fng (4561,1828) [filtered=32]
ev: ABS code=53 val=4560 (slot=0)
ev: ABS code=54 val=1827 (slot=0)
ev: ABS code=0 val=4560 (slot=0)
ev: ABS code=1 val=1827 (slot=0)
ev: SYN code=0
cnt=1 s0=fng (4560,1827) [filtered=32]
ev: ABS code=53 val=4558 (slot=0)
ev: ABS code=54 val=1825 (slot=0)
ev: ABS code=0 val=4558 (slot=0)
ev: ABS code=1 val=1825 (slot=0)
ev: SYN code=0
cnt=1 s0=fng (4558,1825) [filtered=32]
ev: ABS code=53 val=4557 (slot=0)
ev: ABS code=54 val=1823 (slot=0)
ev: ABS code=0 val=4557 (slot=0)
ev: ABS code=1 val=1823 (slot=0)
ev: SYN code=0
cnt=1 s0=fng (4557,1823) [filtered=32]
ev: ABS code=53 val=4556 (slot=0)
ev: ABS code=54 val=1822 (slot=0)
ev: ABS code=0 val=4556 (slot=0)
ev: ABS code=1 val=1822 (slot=0)
ev: SYN code=0
cnt=1 s0=fng (4556,1822) [filtered=32]
ev: ABS code=53 val=4555 (slot=0)
ev: ABS code=54 val=1820 (slot=0)
ev: ABS code=0 val=4555 (slot=0)
ev: ABS code=1 val=1820 (slot=0)
ev: SYN code=0
cnt=1 s0=fng (4555,1820) [filtered=32]
ev: ABS code=53 val=4554 (slot=0)
ev: ABS code=54 val=1819 (slot=0)
ev: ABS code=0 val=4554 (slot=0)
ev: ABS code=1 val=1819 (slot=0)
ev: SYN code=0
cnt=1 s0=fng (4554,1819) [filtered=32]
ev: SYN code=0
cnt=1 s0=fng (4554,1819) [filtered=32]
ev: ABS code=54 val=1818 (slot=0)
ev: ABS code=1 val=1818 (slot=0)
ev: SYN code=0
cnt=1 s0=fng (4554,1818) [filtered=32]
ev: ABS code=53 val=4555 (slot=0)
ev: ABS code=0 val=4555 (slot=0)
ev: SYN code=0
cnt=1 s0=fng (4555,1818) [filtered=32]
ev: SYN code=0
cnt=1 s0=fng (4555,1818) [filtered=32]
ev: ABS code=53 val=4556 (slot=0)
ev: ABS code=0 val=4556 (slot=0)
ev: SYN code=0
cnt=1 s0=fng (4556,1818) [filtered=32]
ev: ABS code=53 val=4557 (slot=0)
ev: ABS code=0 val=4557 (slot=0)
ev: SYN code=0
cnt=1 s0=fng (4557,1818) [filtered=32]
ev: ABS code=53 val=4558 (slot=0)
ev: ABS code=54 val=1819 (slot=0)
ev: ABS code=0 val=4558 (slot=0)
ev: ABS code=1 val=1819 (slot=0)
ev: SYN code=0
cnt=1 s0=fng (4558,1819) [filtered=32]
ev: ABS code=53 val=4559 (slot=0)
ev: ABS code=0 val=4559 (slot=0)
ev: SYN code=0
cnt=1 s0=fng (4559,1819) [filtered=32]
ev: ABS code=53 val=4560 (slot=0)
ev: ABS code=0 val=4560 (slot=0)
ev: SYN code=0
cnt=1 s0=fng (4560,1819) [filtered=32]
ev: ABS code=53 val=4561 (slot=0)
ev: ABS code=54 val=1820 (slot=0)
ev: ABS code=0 val=4561 (slot=0)
ev: ABS code=1 val=1820 (slot=0)
ev: SYN code=0
cnt=1 s0=fng (4561,1820) [filtered=32]
ev: ABS code=53 val=4563 (slot=0)
ev: ABS code=54 val=1821 (slot=0)
ev: ABS code=0 val=4563 (slot=0)
ev: ABS code=1 val=1821 (slot=0)
ev: SYN code=0
cnt=1 s0=fng (4563,1821) [filtered=32]
ev: ABS code=53 val=4565 (slot=0)
ev: ABS code=54 val=1823 (slot=0)
ev: ABS code=0 val=4565 (slot=0)
ev: ABS code=1 val=1823 (slot=0)
ev: SYN code=0
cnt=1 s0=fng (4565,1823) [filtered=32]
ev: ABS code=53 val=4568 (slot=0)
ev: ABS code=54 val=1826 (slot=0)
ev: ABS code=0 val=4568 (slot=0)
ev: ABS code=1 val=1826 (slot=0)
ev: SYN code=0
cnt=1 s0=fng (4568,1826) [filtered=32]
ev: ABS code=53 val=4569 (slot=0)
ev: ABS code=54 val=1827 (slot=0)
ev: ABS code=0 val=4569 (slot=0)
ev: ABS code=1 val=1827 (slot=0)
ev: SYN code=0
cnt=1 s0=fng (4569,1827) [filtered=32]
ev: ABS code=53 val=4572 (slot=0)
ev: ABS code=54 val=1830 (slot=0)
ev: ABS code=0 val=4572 (slot=0)
ev: ABS code=1 val=1830 (slot=0)
ev: SYN code=0
cnt=1 s0=fng (4572,1830) [filtered=32]
ev: ABS code=53 val=4575 (slot=0)
ev: ABS code=54 val=1834 (slot=0)
ev: ABS code=0 val=4575 (slot=0)
ev: ABS code=1 val=1834 (slot=0)
ev: SYN code=0
cnt=1 s0=fng (4575,1834) [filtered=32]
ev: ABS code=53 val=4579 (slot=0)
ev: ABS code=54 val=1839 (slot=0)
ev: ABS code=0 val=4579 (slot=0)
ev: ABS code=1 val=1839 (slot=0)
ev: SYN code=0
cnt=1 s0=fng (4579,1839) [filtered=32]
ev: ABS code=53 val=4583 (slot=0)
ev: ABS code=54 val=1844 (slot=0)
ev: ABS code=0 val=4583 (slot=0)
ev: ABS code=1 val=1844 (slot=0)
ev: SYN code=0
cnt=1 s0=fng (4583,1844) [filtered=32]
ev: ABS code=53 val=4586 (slot=0)
ev: ABS code=54 val=1849 (slot=0)
ev: ABS code=0 val=4586 (slot=0)
ev: ABS code=1 val=1849 (slot=0)
ev: SYN code=0
cnt=1 s0=fng (4586,1849) [filtered=32]
ev: ABS code=53 val=4590 (slot=0)
ev: ABS code=54 val=1855 (slot=0)
ev: ABS code=0 val=4590 (slot=0)
ev: ABS code=1 val=1855 (slot=0)
ev: SYN code=0
cnt=1 s0=fng (4590,1855) [filtered=32]
ev: ABS code=53 val=4594 (slot=0)
ev: ABS code=54 val=1863 (slot=0)
ev: ABS code=0 val=4594 (slot=0)
ev: ABS code=1 val=1863 (slot=0)
ev: SYN code=0
cnt=1 s0=fng (4594,1863) [filtered=32]
ev: ABS code=53 val=4598 (slot=0)
ev: ABS code=54 val=1872 (slot=0)
ev: ABS code=0 val=4598 (slot=0)
ev: ABS code=1 val=1872 (slot=0)
ev: SYN code=0
cnt=1 s0=fng (4598,1872) [filtered=32]
ev: ABS code=53 val=4603 (slot=0)
ev: ABS code=54 val=1881 (slot=0)
ev: ABS code=0 val=4603 (slot=0)
ev: ABS code=1 val=1881 (slot=0)
ev: SYN code=0
cnt=1 s0=fng (4603,1881) [filtered=32]
ev: ABS code=53 val=4608 (slot=0)
ev: ABS code=54 val=1890 (slot=0)
ev: ABS code=0 val=4608 (slot=0)
ev: ABS code=1 val=1890 (slot=0)
ev: SYN code=0
cnt=1 s0=fng (4608,1890) [filtered=32]
ev: ABS code=53 val=4614 (slot=0)
ev: ABS code=54 val=1899 (slot=0)
ev: ABS code=0 val=4614 (slot=0)
ev: ABS code=1 val=1899 (slot=0)
ev: SYN code=0
cnt=1 s0=fng (4614,1899) [filtered=32]
ev: SYN code=0
cnt=1 s0=fng (4614,1899) [filtered=32]
ev: ABS code=57 val=-1 (slot=0)
ev: KEY code=0x14a val=0
ev: KEY code=0x145 val=0
ev: SYN code=0
ev: ABS code=57 val=87 (slot=0)
ev: ABS code=53 val=4733 (slot=0)
ev: ABS code=54 val=2075 (slot=0)
ev: KEY code=0x14a val=1
ev: KEY code=0x145 val=1
ev: ABS code=0 val=4733 (slot=0)
ev: ABS code=1 val=2075 (slot=0)
ev: SYN code=0
cnt=1 s0=fng (4733,2075) [filtered=32]
ev: SYN code=0
cnt=1 s0=fng (4733,2075) [filtered=32]
ev: SYN code=0
cnt=1 s0=fng (4733,2075) [filtered=32]
ev: SYN code=0
cnt=1 s0=fng (4733,2075) [filtered=32]
ev: SYN code=0
cnt=1 s0=fng (4733,2075) [filtered=32]
ev: SYN code=0
cnt=1 s0=fng (4733,2075) [filtered=32]
ev: SYN code=0
cnt=1 s0=fng (4733,2075) [filtered=32]
ev: SYN code=0
cnt=1 s0=fng (4733,2075) [filtered=32]
ev: SYN code=0
cnt=1 s0=fng (4733,2075) [filtered=32]
ev: SYN code=0
cnt=1 s0=fng (4733,2075) [filtered=32]
ev: SYN code=0
cnt=1 s0=fng (4733,2075) [filtered=32]
ev: SYN code=0
cnt=1 s0=fng (4733,2075) [filtered=32]
ev: SYN code=0
cnt=1 s0=fng (4733,2075) [filtered=32]
ev: SYN code=0
cnt=1 s0=fng (4733,2075) [filtered=32]
ev: SYN code=0
cnt=1 s0=fng (4733,2075) [filtered=32]
ev: SYN code=0
cnt=1 s0=fng (4733,2075) [filtered=32]
ev: SYN code=0
cnt=1 s0=fng (4733,2075) [filtered=32]
ev: ABS code=57 val=-1 (slot=0)
ev: KEY code=0x14a val=0
ev: KEY code=0x145 val=0
ev: SYN code=0
ev: ABS code=57 val=88 (slot=0)
ev: ABS code=55 val=0 (slot=0)
ev: ABS code=53 val=4748 (slot=0)
ev: ABS code=54 val=2041 (slot=0)
ev: KEY code=0x14a val=1
ev: KEY code=0x145 val=1
ev: ABS code=0 val=4748 (slot=0)
ev: ABS code=1 val=2041 (slot=0)
ev: SYN code=0
cnt=1 s0=fng (4748,2041) [filtered=32]
ev: ABS code=54 val=2040 (slot=0)
ev: ABS code=1 val=2040 (slot=0)
ev: SYN code=0
cnt=1 s0=fng (4748,2040) [filtered=32]
ev: SYN code=0
cnt=1 s0=fng (4748,2040) [filtered=32]
ev: ABS code=53 val=4747 (slot=0)
ev: ABS code=54 val=2039 (slot=0)
ev: ABS code=0 val=4747 (slot=0)
ev: ABS code=1 val=2039 (slot=0)
ev: SYN code=0
cnt=1 s0=fng (4747,2039) [filtered=32]
ev: ABS code=54 val=2038 (slot=0)
ev: ABS code=1 val=2038 (slot=0)
ev: SYN code=0
cnt=1 s0=fng (4747,2038) [filtered=32]
ev: ABS code=53 val=4746 (slot=0)
ev: ABS code=54 val=2037 (slot=0)
ev: ABS code=0 val=4746 (slot=0)
ev: ABS code=1 val=2037 (slot=0)
ev: SYN code=0
cnt=1 s0=fng (4746,2037) [filtered=32]
ev: ABS code=53 val=4745 (slot=0)
ev: ABS code=54 val=2036 (slot=0)
ev: ABS code=0 val=4745 (slot=0)
ev: ABS code=1 val=2036 (slot=0)
ev: SYN code=0
cnt=1 s0=fng (4745,2036) [filtered=32]
ev: ABS code=53 val=4744 (slot=0)
ev: ABS code=54 val=2035 (slot=0)
ev: ABS code=0 val=4744 (slot=0)
ev: ABS code=1 val=2035 (slot=0)
ev: SYN code=0
cnt=1 s0=fng (4744,2035) [filtered=32]
ev: ABS code=53 val=4743 (slot=0)
ev: ABS code=54 val=2034 (slot=0)
ev: ABS code=0 val=4743 (slot=0)
ev: ABS code=1 val=2034 (slot=0)
ev: SYN code=0
cnt=1 s0=fng (4743,2034) [filtered=32]
ev: ABS code=53 val=4742 (slot=0)
ev: ABS code=54 val=2032 (slot=0)
ev: ABS code=0 val=4742 (slot=0)
ev: ABS code=1 val=2032 (slot=0)
ev: SYN code=0
cnt=1 s0=fng (4742,2032) [filtered=32]
ev: ABS code=53 val=4741 (slot=0)
ev: ABS code=54 val=2030 (slot=0)
ev: ABS code=0 val=4741 (slot=0)
ev: ABS code=1 val=2030 (slot=0)
ev: SYN code=0
cnt=1 s0=fng (4741,2030) [filtered=32]
ev: ABS code=53 val=4740 (slot=0)
ev: ABS code=54 val=2028 (slot=0)
ev: ABS code=0 val=4740 (slot=0)
ev: ABS code=1 val=2028 (slot=0)
ev: SYN code=0
cnt=1 s0=fng (4740,2028) [filtered=32]
ev: ABS code=53 val=4739 (slot=0)
ev: ABS code=54 val=2026 (slot=0)
ev: ABS code=0 val=4739 (slot=0)
ev: ABS code=1 val=2026 (slot=0)
ev: SYN code=0
cnt=1 s0=fng (4739,2026) [filtered=32]
ev: ABS code=54 val=2025 (slot=0)
ev: ABS code=1 val=2025 (slot=0)
ev: SYN code=0
cnt=1 s0=fng (4739,2025) [filtered=32]
ev: ABS code=54 val=2023 (slot=0)
ev: ABS code=1 val=2023 (slot=0)
ev: SYN code=0
cnt=1 s0=fng (4739,2023) [filtered=32]
ev: ABS code=54 val=2022 (slot=0)
ev: ABS code=1 val=2022 (slot=0)
ev: SYN code=0
cnt=1 s0=fng (4739,2022) [filtered=32]
ev: ABS code=54 val=2020 (slot=0)
ev: ABS code=1 val=2020 (slot=0)
ev: SYN code=0
cnt=1 s0=fng (4739,2020) [filtered=32]
ev: ABS code=54 val=2019 (slot=0)
ev: ABS code=1 val=2019 (slot=0)
ev: SYN code=0
cnt=1 s0=fng (4739,2019) [filtered=32]
ev: ABS code=54 val=2018 (slot=0)
ev: ABS code=1 val=2018 (slot=0)
ev: SYN code=0
cnt=1 s0=fng (4739,2018) [filtered=32]
ev: ABS code=54 val=2017 (slot=0)
ev: ABS code=1 val=2017 (slot=0)
ev: SYN code=0
cnt=1 s0=fng (4739,2017) [filtered=32]
ev: ABS code=54 val=2016 (slot=0)
ev: ABS code=1 val=2016 (slot=0)
ev: SYN code=0
cnt=1 s0=fng (4739,2016)* [filtered=32]
ev: ABS code=54 val=2015 (slot=0)
ev: ABS code=1 val=2015 (slot=0)
ev: SYN code=0
cnt=1 s0=fng (4739,2015)* [filtered=32]
ev: ABS code=54 val=2014 (slot=0)
ev: ABS code=1 val=2014 (slot=0)
ev: SYN code=0
cnt=1 s0=fng (4739,2014)* [filtered=32]
ev: ABS code=54 val=2013 (slot=0)
ev: ABS code=1 val=2013 (slot=0)
ev: SYN code=0
cnt=1 s0=fng (4739,2013)* [filtered=32]
ev: ABS code=54 val=2012 (slot=0)
ev: ABS code=1 val=2012 (slot=0)
ev: SYN code=0
cnt=1 s0=fng (4739,2012)* [filtered=32]
ev: ABS code=57 val=-1 (slot=0)
ev: KEY code=0x14a val=0
ev: KEY code=0x145 val=0
ev: SYN code=0
ev: ABS code=57 val=89 (slot=0)
ev: ABS code=53 val=4762 (slot=0)
ev: ABS code=54 val=2005 (slot=0)
ev: KEY code=0x14a val=1
ev: KEY code=0x145 val=1
ev: ABS code=0 val=4762 (slot=0)
ev: ABS code=1 val=2005 (slot=0)
ev: SYN code=0
cnt=1 s0=fng (4762,2005) [filtered=32]
ev: SYN code=0
cnt=1 s0=fng (4762,2005) [filtered=32]
ev: SYN code=0
cnt=1 s0=fng (4762,2005) [filtered=32]
ev: SYN code=0
cnt=1 s0=fng (4762,2005) [filtered=32]
ev: SYN code=0
cnt=1 s0=fng (4762,2005) [filtered=32]
ev: SYN code=0
cnt=1 s0=fng (4762,2005) [filtered=32]
ev: SYN code=0
cnt=1 s0=fng (4762,2005) [filtered=32]
ev: SYN code=0
cnt=1 s0=fng (4762,2005) [filtered=32]
ev: SYN code=0
cnt=1 s0=fng (4762,2005) [filtered=32]
ev: SYN code=0
cnt=1 s0=fng (4762,2005) [filtered=32]
ev: SYN code=0
cnt=1 s0=fng (4762,2005) [filtered=32]
ev: ABS code=54 val=2006 (slot=0)
ev: ABS code=1 val=2006 (slot=0)
ev: SYN code=0
cnt=1 s0=fng (4762,2006) [filtered=32]
ev: SYN code=0
cnt=1 s0=fng (4762,2006) [filtered=32]
ev: SYN code=0
cnt=1 s0=fng (4762,2006) [filtered=32]
ev: ABS code=54 val=2007 (slot=0)
ev: ABS code=1 val=2007 (slot=0)
ev: SYN code=0
cnt=1 s0=fng (4762,2007) [filtered=32]
ev: SYN code=0
cnt=1 s0=fng (4762,2007) [filtered=32]
ev: ABS code=54 val=2008 (slot=0)
ev: ABS code=1 val=2008 (slot=0)
ev: SYN code=0
cnt=1 s0=fng (4762,2008) [filtered=32]
ev: SYN code=0
cnt=1 s0=fng (4762,2008) [filtered=32]
ev: SYN code=0
cnt=1 s0=fng (4762,2008) [filtered=32]
ev: ABS code=54 val=2009 (slot=0)
ev: ABS code=1 val=2009 (slot=0)
ev: SYN code=0
cnt=1 s0=fng (4762,2009) [filtered=32]
ev: ABS code=54 val=2010 (slot=0)
ev: ABS code=1 val=2010 (slot=0)
ev: SYN code=0
cnt=1 s0=fng (4762,2010)* [filtered=32]
ev: SYN code=0
cnt=1 s0=fng (4762,2010)* [filtered=32]
ev: SYN code=0
cnt=1 s0=fng (4762,2010)* [filtered=32]
ev: ABS code=53 val=4761 (slot=0)
ev: ABS code=0 val=4761 (slot=0)
ev: SYN code=0
cnt=1 s0=fng (4761,2010)* [filtered=32]
ev: ABS code=53 val=4759 (slot=0)
ev: ABS code=0 val=4759 (slot=0)
ev: SYN code=0
cnt=1 s0=fng (4759,2010)* [filtered=32]
ev: ABS code=53 val=4757 (slot=0)
ev: ABS code=0 val=4757 (slot=0)
ev: SYN code=0
cnt=1 s0=fng (4757,2010)* [filtered=32]
ev: ABS code=53 val=4755 (slot=0)
ev: ABS code=0 val=4755 (slot=0)
ev: SYN code=0
cnt=1 s0=fng (4755,2010)* [filtered=32]
ev: ABS code=53 val=4754 (slot=0)
ev: ABS code=0 val=4754 (slot=0)
ev: SYN code=0
cnt=1 s0=fng (4754,2010)* [filtered=32]
ev: ABS code=53 val=4752 (slot=0)
ev: ABS code=54 val=2009 (slot=0)
ev: ABS code=0 val=4752 (slot=0)
ev: ABS code=1 val=2009 (slot=0)
ev: SYN code=0
cnt=1 s0=fng (4752,2009)* [filtered=32]
ev: ABS code=53 val=4749 (slot=0)
ev: ABS code=54 val=2007 (slot=0)
ev: ABS code=0 val=4749 (slot=0)
ev: ABS code=1 val=2007 (slot=0)
ev: SYN code=0
cnt=1 s0=fng (4749,2007) [filtered=32]
ev: ABS code=53 val=4745 (slot=0)
ev: ABS code=54 val=2004 (slot=0)
ev: ABS code=0 val=4745 (slot=0)
ev: ABS code=1 val=2004 (slot=0)
ev: SYN code=0
cnt=1 s0=fng (4745,2004) [filtered=32]
ev: ABS code=53 val=4743 (slot=0)
ev: ABS code=54 val=2003 (slot=0)
ev: ABS code=0 val=4743 (slot=0)
ev: ABS code=1 val=2003 (slot=0)
ev: SYN code=0
cnt=1 s0=fng (4743,2003) [filtered=32]
ev: ABS code=53 val=4739 (slot=0)
ev: ABS code=54 val=1999 (slot=0)
ev: ABS code=0 val=4739 (slot=0)
ev: ABS code=1 val=1999 (slot=0)
ev: SYN code=0
cnt=1 s0=fng (4739,1999) [filtered=32]
ev: ABS code=53 val=4734 (slot=0)
ev: ABS code=54 val=1995 (slot=0)
ev: ABS code=0 val=4734 (slot=0)
ev: ABS code=1 val=1995 (slot=0)
ev: SYN code=0
cnt=1 s0=fng (4734,1995) [filtered=32]
ev: ABS code=53 val=4729 (slot=0)
ev: ABS code=54 val=1990 (slot=0)
ev: ABS code=0 val=4729 (slot=0)
ev: ABS code=1 val=1990 (slot=0)
ev: SYN code=0
cnt=1 s0=fng (4729,1990) [filtered=32]
ev: ABS code=53 val=4724 (slot=0)
ev: ABS code=54 val=1985 (slot=0)
ev: ABS code=0 val=4724 (slot=0)
ev: ABS code=1 val=1985 (slot=0)
ev: SYN code=0
cnt=1 s0=fng (4724,1985) [filtered=32]
ev: ABS code=53 val=4720 (slot=0)
ev: ABS code=54 val=1982 (slot=0)
ev: ABS code=0 val=4720 (slot=0)
ev: ABS code=1 val=1982 (slot=0)
ev: SYN code=0
cnt=1 s0=fng (4720,1982) [filtered=32]
ev: ABS code=53 val=4715 (slot=0)
ev: ABS code=54 val=1978 (slot=0)
ev: ABS code=0 val=4715 (slot=0)
ev: ABS code=1 val=1978 (slot=0)
ev: SYN code=0
cnt=1 s0=fng (4715,1978) [filtered=32]
ev: ABS code=53 val=4710 (slot=0)
ev: ABS code=54 val=1974 (slot=0)
ev: ABS code=0 val=4710 (slot=0)
ev: ABS code=1 val=1974 (slot=0)
ev: SYN code=0
cnt=1 s0=fng (4710,1974) [filtered=32]
ev: ABS code=53 val=4705 (slot=0)
ev: ABS code=54 val=1970 (slot=0)
ev: ABS code=0 val=4705 (slot=0)
ev: ABS code=1 val=1970 (slot=0)
ev: SYN code=0
cnt=1 s0=fng (4705,1970) [filtered=32]
ev: ABS code=53 val=4700 (slot=0)
ev: ABS code=54 val=1966 (slot=0)
ev: ABS code=0 val=4700 (slot=0)
ev: ABS code=1 val=1966 (slot=0)
ev: SYN code=0
cnt=1 s0=fng (4700,1966) [filtered=32]
ev: ABS code=53 val=4696 (slot=0)
ev: ABS code=54 val=1963 (slot=0)
ev: ABS code=0 val=4696 (slot=0)
ev: ABS code=1 val=1963 (slot=0)
ev: SYN code=0
cnt=1 s0=fng (4696,1963) [filtered=32]
ev: ABS code=53 val=4693 (slot=0)
ev: ABS code=54 val=1959 (slot=0)
ev: ABS code=0 val=4693 (slot=0)
ev: ABS code=1 val=1959 (slot=0)
ev: SYN code=0
cnt=1 s0=fng (4693,1959) [filtered=32]
ev: ABS code=53 val=4690 (slot=0)
ev: ABS code=54 val=1956 (slot=0)
ev: ABS code=0 val=4690 (slot=0)
ev: ABS code=1 val=1956 (slot=0)
ev: SYN code=0
cnt=1 s0=fng (4690,1956) [filtered=32]
ev: ABS code=53 val=4688 (slot=0)
ev: ABS code=54 val=1953 (slot=0)
ev: ABS code=0 val=4688 (slot=0)
ev: ABS code=1 val=1953 (slot=0)
ev: SYN code=0
cnt=1 s0=fng (4688,1953) [filtered=32]
ev: ABS code=53 val=4686 (slot=0)
ev: ABS code=54 val=1951 (slot=0)
ev: ABS code=0 val=4686 (slot=0)
ev: ABS code=1 val=1951 (slot=0)
ev: SYN code=0
cnt=1 s0=fng (4686,1951) [filtered=32]
ev: ABS code=53 val=4684 (slot=0)
ev: ABS code=54 val=1949 (slot=0)
ev: ABS code=0 val=4684 (slot=0)
ev: ABS code=1 val=1949 (slot=0)
ev: SYN code=0
cnt=1 s0=fng (4684,1949) [filtered=32]
ev: ABS code=53 val=4681 (slot=0)
ev: ABS code=54 val=1946 (slot=0)
ev: ABS code=0 val=4681 (slot=0)
ev: ABS code=1 val=1946 (slot=0)
ev: SYN code=0
cnt=1 s0=fng (4681,1946) [filtered=32]
ev: ABS code=53 val=4679 (slot=0)
ev: ABS code=54 val=1944 (slot=0)
ev: ABS code=0 val=4679 (slot=0)
ev: ABS code=1 val=1944 (slot=0)
ev: SYN code=0
cnt=1 s0=fng (4679,1944) [filtered=32]
ev: ABS code=53 val=4677 (slot=0)
ev: ABS code=54 val=1941 (slot=0)
ev: ABS code=0 val=4677 (slot=0)
ev: ABS code=1 val=1941 (slot=0)
ev: SYN code=0
cnt=1 s0=fng (4677,1941) [filtered=32]
ev: ABS code=53 val=4676 (slot=0)
ev: ABS code=54 val=1940 (slot=0)
ev: ABS code=0 val=4676 (slot=0)
ev: ABS code=1 val=1940 (slot=0)
ev: SYN code=0
cnt=1 s0=fng (4676,1940) [filtered=32]
ev: ABS code=53 val=4675 (slot=0)
ev: ABS code=54 val=1938 (slot=0)
ev: ABS code=0 val=4675 (slot=0)
ev: ABS code=1 val=1938 (slot=0)
ev: SYN code=0
cnt=1 s0=fng (4675,1938) [filtered=32]
ev: ABS code=53 val=4673 (slot=0)
ev: ABS code=54 val=1935 (slot=0)
ev: ABS code=0 val=4673 (slot=0)
ev: ABS code=1 val=1935 (slot=0)
ev: SYN code=0
cnt=1 s0=fng (4673,1935) [filtered=32]
ev: ABS code=53 val=4670 (slot=0)
ev: ABS code=54 val=1932 (slot=0)
ev: ABS code=0 val=4670 (slot=0)
ev: ABS code=1 val=1932 (slot=0)
ev: SYN code=0
cnt=1 s0=fng (4670,1932) [filtered=32]
ev: ABS code=53 val=4667 (slot=0)
ev: ABS code=54 val=1928 (slot=0)
ev: ABS code=0 val=4667 (slot=0)
ev: ABS code=1 val=1928 (slot=0)
ev: SYN code=0
cnt=1 s0=fng (4667,1928) [filtered=32]
ev: ABS code=53 val=4666 (slot=0)
ev: ABS code=54 val=1926 (slot=0)
ev: ABS code=0 val=4666 (slot=0)
ev: ABS code=1 val=1926 (slot=0)
ev: SYN code=0
cnt=1 s0=fng (4666,1926) [filtered=32]
ev: ABS code=53 val=4663 (slot=0)
ev: ABS code=54 val=1923 (slot=0)
ev: ABS code=0 val=4663 (slot=0)
ev: ABS code=1 val=1923 (slot=0)
ev: SYN code=0
cnt=1 s0=fng (4663,1923) [filtered=32]
ev: ABS code=53 val=4659 (slot=0)
ev: ABS code=54 val=1919 (slot=0)
ev: ABS code=0 val=4659 (slot=0)
ev: ABS code=1 val=1919 (slot=0)
ev: SYN code=0
cnt=1 s0=fng (4659,1919) [filtered=32]
ev: ABS code=53 val=4655 (slot=0)
ev: ABS code=54 val=1915 (slot=0)
ev: ABS code=0 val=4655 (slot=0)
ev: ABS code=1 val=1915 (slot=0)
ev: SYN code=0
cnt=1 s0=fng (4655,1915) [filtered=32]
ev: ABS code=53 val=4652 (slot=0)
ev: ABS code=54 val=1912 (slot=0)
ev: ABS code=0 val=4652 (slot=0)
ev: ABS code=1 val=1912 (slot=0)
ev: SYN code=0
cnt=1 s0=fng (4652,1912) [filtered=32]
ev: ABS code=53 val=4647 (slot=0)
ev: ABS code=54 val=1907 (slot=0)
ev: ABS code=0 val=4647 (slot=0)
ev: ABS code=1 val=1907 (slot=0)
ev: SYN code=0
cnt=1 s0=fng (4647,1907) [filtered=32]
ev: ABS code=53 val=4642 (slot=0)
ev: ABS code=54 val=1902 (slot=0)
ev: ABS code=0 val=4642 (slot=0)
ev: ABS code=1 val=1902 (slot=0)
ev: SYN code=0
cnt=1 s0=fng (4642,1902) [filtered=32]
ev: ABS code=53 val=4637 (slot=0)
ev: ABS code=54 val=1897 (slot=0)
ev: ABS code=0 val=4637 (slot=0)
ev: ABS code=1 val=1897 (slot=0)
ev: SYN code=0
cnt=1 s0=fng (4637,1897) [filtered=32]
ev: ABS code=53 val=4632 (slot=0)
ev: ABS code=54 val=1892 (slot=0)
ev: ABS code=0 val=4632 (slot=0)
ev: ABS code=1 val=1892 (slot=0)
ev: SYN code=0
cnt=1 s0=fng (4632,1892) [filtered=32]
ev: ABS code=53 val=4628 (slot=0)
ev: ABS code=54 val=1888 (slot=0)
ev: ABS code=0 val=4628 (slot=0)
ev: ABS code=1 val=1888 (slot=0)
ev: SYN code=0
cnt=1 s0=fng (4628,1888) [filtered=32]
ev: ABS code=53 val=4624 (slot=0)
ev: ABS code=54 val=1884 (slot=0)
ev: ABS code=0 val=4624 (slot=0)
ev: ABS code=1 val=1884 (slot=0)
ev: SYN code=0
cnt=1 s0=fng (4624,1884) [filtered=32]
ev: ABS code=53 val=4619 (slot=0)
ev: ABS code=54 val=1880 (slot=0)
ev: ABS code=0 val=4619 (slot=0)
ev: ABS code=1 val=1880 (slot=0)
ev: SYN code=0
cnt=1 s0=fng (4619,1880) [filtered=32]
ev: ABS code=53 val=4614 (slot=0)
ev: ABS code=54 val=1875 (slot=0)
ev: ABS code=0 val=4614 (slot=0)
ev: ABS code=1 val=1875 (slot=0)
ev: SYN code=0
cnt=1 s0=fng (4614,1875) [filtered=32]
ev: ABS code=53 val=4609 (slot=0)
ev: ABS code=54 val=1871 (slot=0)
ev: ABS code=0 val=4609 (slot=0)
ev: ABS code=1 val=1871 (slot=0)
ev: SYN code=0
cnt=1 s0=fng (4609,1871) [filtered=32]
ev: ABS code=53 val=4605 (slot=0)
ev: ABS code=54 val=1868 (slot=0)
ev: ABS code=0 val=4605 (slot=0)
ev: ABS code=1 val=1868 (slot=0)
ev: SYN code=0
cnt=1 s0=fng (4605,1868) [filtered=32]
ev: ABS code=53 val=4601 (slot=0)
ev: ABS code=54 val=1865 (slot=0)
ev: ABS code=0 val=4601 (slot=0)
ev: ABS code=1 val=1865 (slot=0)
ev: SYN code=0
cnt=1 s0=fng (4601,1865) [filtered=32]
ev: ABS code=53 val=4599 (slot=0)
ev: ABS code=54 val=1862 (slot=0)
ev: ABS code=0 val=4599 (slot=0)
ev: ABS code=1 val=1862 (slot=0)
ev: SYN code=0
cnt=1 s0=fng (4599,1862) [filtered=32]
ev: ABS code=53 val=4597 (slot=0)
ev: ABS code=54 val=1859 (slot=0)
ev: ABS code=0 val=4597 (slot=0)
ev: ABS code=1 val=1859 (slot=0)
ev: SYN code=0
cnt=1 s0=fng (4597,1859) [filtered=32]
ev: ABS code=53 val=4595 (slot=0)
ev: ABS code=54 val=1857 (slot=0)
ev: ABS code=0 val=4595 (slot=0)
ev: ABS code=1 val=1857 (slot=0)
ev: SYN code=0
cnt=1 s0=fng (4595,1857) [filtered=32]
ev: ABS code=53 val=4594 (slot=0)
ev: ABS code=54 val=1855 (slot=0)
ev: ABS code=0 val=4594 (slot=0)
ev: ABS code=1 val=1855 (slot=0)
ev: SYN code=0
cnt=1 s0=fng (4594,1855) [filtered=32]
ev: ABS code=53 val=4593 (slot=0)
ev: ABS code=54 val=1852 (slot=0)
ev: ABS code=0 val=4593 (slot=0)
ev: ABS code=1 val=1852 (slot=0)
ev: SYN code=0
cnt=1 s0=fng (4593,1852) [filtered=32]
ev: ABS code=53 val=4592 (slot=0)
ev: ABS code=54 val=1849 (slot=0)
ev: ABS code=0 val=4592 (slot=0)
ev: ABS code=1 val=1849 (slot=0)
ev: SYN code=0
cnt=1 s0=fng (4592,1849) [filtered=32]
ev: ABS code=53 val=4591 (slot=0)
ev: ABS code=54 val=1846 (slot=0)
ev: ABS code=0 val=4591 (slot=0)
ev: ABS code=1 val=1846 (slot=0)
ev: SYN code=0
cnt=1 s0=fng (4591,1846) [filtered=32]
ev: ABS code=53 val=4590 (slot=0)
ev: ABS code=54 val=1844 (slot=0)
ev: ABS code=0 val=4590 (slot=0)
ev: ABS code=1 val=1844 (slot=0)
ev: SYN code=0
cnt=1 s0=fng (4590,1844) [filtered=32]
ev: ABS code=53 val=4589 (slot=0)
ev: ABS code=54 val=1842 (slot=0)
ev: ABS code=0 val=4589 (slot=0)
ev: ABS code=1 val=1842 (slot=0)
ev: SYN code=0
cnt=1 s0=fng (4589,1842) [filtered=32]
ev: ABS code=53 val=4588 (slot=0)
ev: ABS code=54 val=1841 (slot=0)
ev: ABS code=0 val=4588 (slot=0)
ev: ABS code=1 val=1841 (slot=0)
ev: SYN code=0
cnt=1 s0=fng (4588,1841) [filtered=32]
ev: ABS code=53 val=4587 (slot=0)
ev: ABS code=54 val=1839 (slot=0)
ev: ABS code=0 val=4587 (slot=0)
ev: ABS code=1 val=1839 (slot=0)
ev: SYN code=0
cnt=1 s0=fng (4587,1839) [filtered=32]
ev: ABS code=53 val=4586 (slot=0)
ev: ABS code=54 val=1837 (slot=0)
ev: ABS code=0 val=4586 (slot=0)
ev: ABS code=1 val=1837 (slot=0)
ev: SYN code=0
cnt=1 s0=fng (4586,1837) [filtered=32]
ev: ABS code=53 val=4585 (slot=0)
ev: ABS code=54 val=1836 (slot=0)
ev: ABS code=0 val=4585 (slot=0)
ev: ABS code=1 val=1836 (slot=0)
ev: SYN code=0
cnt=1 s0=fng (4585,1836) [filtered=32]
ev: ABS code=53 val=4584 (slot=0)
ev: ABS code=54 val=1835 (slot=0)
ev: ABS code=0 val=4584 (slot=0)
ev: ABS code=1 val=1835 (slot=0)
ev: SYN code=0
cnt=1 s0=fng (4584,1835) [filtered=32]
ev: ABS code=53 val=4583 (slot=0)
ev: ABS code=54 val=1833 (slot=0)
ev: ABS code=0 val=4583 (slot=0)
ev: ABS code=1 val=1833 (slot=0)
ev: SYN code=0
cnt=1 s0=fng (4583,1833) [filtered=32]
ev: ABS code=53 val=4582 (slot=0)
ev: ABS code=54 val=1831 (slot=0)
ev: ABS code=0 val=4582 (slot=0)
ev: ABS code=1 val=1831 (slot=0)
ev: SYN code=0
cnt=1 s0=fng (4582,1831) [filtered=32]
ev: ABS code=53 val=4581 (slot=0)
ev: ABS code=54 val=1830 (slot=0)
ev: ABS code=0 val=4581 (slot=0)
ev: ABS code=1 val=1830 (slot=0)
ev: SYN code=0
cnt=1 s0=fng (4581,1830) [filtered=32]
ev: ABS code=53 val=4580 (slot=0)
ev: ABS code=54 val=1829 (slot=0)
ev: ABS code=0 val=4580 (slot=0)
ev: ABS code=1 val=1829 (slot=0)
ev: SYN code=0
cnt=1 s0=fng (4580,1829) [filtered=32]
ev: ABS code=53 val=4579 (slot=0)
ev: ABS code=54 val=1828 (slot=0)
ev: ABS code=0 val=4579 (slot=0)
ev: ABS code=1 val=1828 (slot=0)
ev: SYN code=0
cnt=1 s0=fng (4579,1828) [filtered=32]
ev: ABS code=53 val=4578 (slot=0)
ev: ABS code=54 val=1826 (slot=0)
ev: ABS code=0 val=4578 (slot=0)
ev: ABS code=1 val=1826 (slot=0)
ev: SYN code=0
cnt=1 s0=fng (4578,1826) [filtered=32]
ev: ABS code=53 val=4577 (slot=0)
ev: ABS code=54 val=1824 (slot=0)
ev: ABS code=0 val=4577 (slot=0)
ev: ABS code=1 val=1824 (slot=0)
ev: SYN code=0
cnt=1 s0=fng (4577,1824) [filtered=32]
ev: ABS code=54 val=1823 (slot=0)
ev: ABS code=1 val=1823 (slot=0)
ev: SYN code=0
cnt=1 s0=fng (4577,1823) [filtered=32]
ev: ABS code=55 val=2 (slot=0)
ev: ABS code=53 val=4576 (slot=0)
ev: ABS code=54 val=1822 (slot=0)
ev: ABS code=0 val=4576 (slot=0)
ev: ABS code=1 val=1822 (slot=0)
ev: SYN code=0
cnt=1 s0=fng (4576,1822) [filtered=32]
ev: ABS code=53 val=4574 (slot=0)
ev: ABS code=54 val=1820 (slot=0)
ev: ABS code=0 val=4574 (slot=0)
ev: ABS code=1 val=1820 (slot=0)
ev: SYN code=0
cnt=1 s0=fng (4574,1820) [filtered=32]
ev: ABS code=53 val=4572 (slot=0)
ev: ABS code=54 val=1818 (slot=0)
ev: ABS code=0 val=4572 (slot=0)
ev: ABS code=1 val=1818 (slot=0)
ev: SYN code=0
cnt=1 s0=fng (4572,1818) [filtered=32]
ev: ABS code=53 val=4570 (slot=0)
ev: ABS code=54 val=1816 (slot=0)
ev: ABS code=0 val=4570 (slot=0)
ev: ABS code=1 val=1816 (slot=0)
ev: SYN code=0
cnt=1 s0=fng (4570,1816) [filtered=32]
ev: ABS code=53 val=4569 (slot=0)
ev: ABS code=54 val=1815 (slot=0)
ev: ABS code=0 val=4569 (slot=0)
ev: ABS code=1 val=1815 (slot=0)
ev: SYN code=0
cnt=1 s0=fng (4569,1815) [filtered=32]
ev: ABS code=53 val=4568 (slot=0)
ev: ABS code=54 val=1813 (slot=0)
ev: ABS code=0 val=4568 (slot=0)
ev: ABS code=1 val=1813 (slot=0)
ev: SYN code=0
cnt=1 s0=fng (4568,1813) [filtered=32]
ev: ABS code=53 val=4567 (slot=0)
ev: ABS code=54 val=1811 (slot=0)
ev: ABS code=0 val=4567 (slot=0)
ev: ABS code=1 val=1811 (slot=0)
ev: SYN code=0
cnt=1 s0=fng (4567,1811) [filtered=32]
ev: ABS code=53 val=4565 (slot=0)
ev: ABS code=54 val=1809 (slot=0)
ev: ABS code=0 val=4565 (slot=0)
ev: ABS code=1 val=1809 (slot=0)
ev: SYN code=0
cnt=1 s0=fng (4565,1809) [filtered=32]
ev: ABS code=53 val=4564 (slot=0)
ev: ABS code=54 val=1808 (slot=0)
ev: ABS code=0 val=4564 (slot=0)
ev: ABS code=1 val=1808 (slot=0)
ev: SYN code=0
cnt=1 s0=fng (4564,1808) [filtered=32]
ev: ABS code=53 val=4563 (slot=0)
ev: ABS code=54 val=1807 (slot=0)
ev: ABS code=0 val=4563 (slot=0)
ev: ABS code=1 val=1807 (slot=0)
ev: SYN code=0
cnt=1 s0=fng (4563,1807) [filtered=32]
ev: ABS code=53 val=4562 (slot=0)
ev: ABS code=54 val=1805 (slot=0)
ev: ABS code=0 val=4562 (slot=0)
ev: ABS code=1 val=1805 (slot=0)
ev: SYN code=0
cnt=1 s0=fng (4562,1805) [filtered=32]
ev: ABS code=53 val=4561 (slot=0)
ev: ABS code=54 val=1803 (slot=0)
ev: ABS code=0 val=4561 (slot=0)
ev: ABS code=1 val=1803 (slot=0)
ev: SYN code=0
cnt=1 s0=fng (4561,1803) [filtered=32]
ev: ABS code=53 val=4560 (slot=0)
ev: ABS code=54 val=1802 (slot=0)
ev: ABS code=0 val=4560 (slot=0)
ev: ABS code=1 val=1802 (slot=0)
ev: SYN code=0
cnt=1 s0=fng (4560,1802) [filtered=32]
ev: ABS code=54 val=1801 (slot=0)
ev: ABS code=1 val=1801 (slot=0)
ev: SYN code=0
cnt=1 s0=fng (4560,1801) [filtered=32]
ev: ABS code=53 val=4559 (slot=0)
ev: ABS code=54 val=1800 (slot=0)
ev: ABS code=0 val=4559 (slot=0)
ev: ABS code=1 val=1800 (slot=0)
ev: SYN code=0
cnt=1 s0=fng (4559,1800) [filtered=32]
ev: ABS code=53 val=4558 (slot=0)
ev: ABS code=54 val=1799 (slot=0)
ev: ABS code=0 val=4558 (slot=0)
ev: ABS code=1 val=1799 (slot=0)
ev: SYN code=0
cnt=1 s0=fng (4558,1799) [filtered=32]
ev: ABS code=53 val=4557 (slot=0)
ev: ABS code=54 val=1798 (slot=0)
ev: ABS code=0 val=4557 (slot=0)
ev: ABS code=1 val=1798 (slot=0)
ev: SYN code=0
cnt=1 s0=fng (4557,1798) [filtered=32]
ev: ABS code=53 val=4556 (slot=0)
ev: ABS code=54 val=1797 (slot=0)
ev: ABS code=0 val=4556 (slot=0)
ev: ABS code=1 val=1797 (slot=0)
ev: SYN code=0
cnt=1 s0=fng (4556,1797) [filtered=32]
ev: ABS code=53 val=4555 (slot=0)
ev: ABS code=54 val=1796 (slot=0)
ev: ABS code=0 val=4555 (slot=0)
ev: ABS code=1 val=1796 (slot=0)
ev: SYN code=0
cnt=1 s0=fng (4555,1796) [filtered=32]
ev: ABS code=53 val=4554 (slot=0)
ev: ABS code=54 val=1795 (slot=0)
ev: ABS code=0 val=4554 (slot=0)
ev: ABS code=1 val=1795 (slot=0)
ev: SYN code=0
cnt=1 s0=fng (4554,1795) [filtered=32]
ev: ABS code=53 val=4553 (slot=0)
ev: ABS code=54 val=1794 (slot=0)
ev: ABS code=0 val=4553 (slot=0)
ev: ABS code=1 val=1794 (slot=0)
ev: SYN code=0
cnt=1 s0=fng (4553,1794) [filtered=32]
ev: ABS code=53 val=4552 (slot=0)
ev: ABS code=54 val=1793 (slot=0)
ev: ABS code=0 val=4552 (slot=0)
ev: ABS code=1 val=1793 (slot=0)
ev: SYN code=0
cnt=1 s0=fng (4552,1793) [filtered=32]
ev: SYN code=0
cnt=1 s0=fng (4552,1793) [filtered=32]
ev: ABS code=53 val=4551 (slot=0)
ev: ABS code=54 val=1792 (slot=0)
ev: ABS code=0 val=4551 (slot=0)
ev: ABS code=1 val=1792 (slot=0)
ev: SYN code=0
cnt=1 s0=fng (4551,1792) [filtered=32]
ev: ABS code=53 val=4550 (slot=0)
ev: ABS code=54 val=1791 (slot=0)
ev: ABS code=0 val=4550 (slot=0)
ev: ABS code=1 val=1791 (slot=0)
ev: SYN code=0
cnt=1 s0=fng (4550,1791) [filtered=32]
ev: ABS code=53 val=4549 (slot=0)
ev: ABS code=54 val=1790 (slot=0)
ev: ABS code=0 val=4549 (slot=0)
ev: ABS code=1 val=1790 (slot=0)
ev: SYN code=0
cnt=1 s0=fng (4549,1790) [filtered=32]
ev: ABS code=53 val=4548 (slot=0)
ev: ABS code=54 val=1789 (slot=0)
ev: ABS code=0 val=4548 (slot=0)
ev: ABS code=1 val=1789 (slot=0)
ev: SYN code=0
cnt=1 s0=fng (4548,1789) [filtered=32]
ev: ABS code=53 val=4547 (slot=0)
ev: ABS code=0 val=4547 (slot=0)
ev: SYN code=0
cnt=1 s0=fng (4547,1789)* [filtered=32]
ev: ABS code=53 val=4546 (slot=0)
ev: ABS code=54 val=1788 (slot=0)
ev: ABS code=0 val=4546 (slot=0)
ev: ABS code=1 val=1788 (slot=0)
ev: SYN code=0
cnt=1 s0=fng (4546,1788)* [filtered=32]
ev: ABS code=53 val=4545 (slot=0)
ev: ABS code=0 val=4545 (slot=0)
ev: SYN code=0
cnt=1 s0=fng (4545,1788)* [filtered=32]
ev: ABS code=53 val=4544 (slot=0)
ev: ABS code=54 val=1787 (slot=0)
ev: ABS code=0 val=4544 (slot=0)
ev: ABS code=1 val=1787 (slot=0)
ev: SYN code=0
cnt=1 s0=fng (4544,1787)* [filtered=32]
ev: ABS code=53 val=4543 (slot=0)
ev: ABS code=54 val=1786 (slot=0)
ev: ABS code=0 val=4543 (slot=0)
ev: ABS code=1 val=1786 (slot=0)
ev: SYN code=0
cnt=1 s0=fng (4543,1786)* [filtered=32]
ev: SYN code=0
cnt=1 s0=fng (4543,1786)* [filtered=32]
ev: ABS code=53 val=4542 (slot=0)
ev: ABS code=0 val=4542 (slot=0)
ev: SYN code=0
cnt=1 s0=fng (4542,1786)* [filtered=32]
ev: ABS code=53 val=4541 (slot=0)
ev: ABS code=54 val=1785 (slot=0)
ev: ABS code=0 val=4541 (slot=0)
ev: ABS code=1 val=1785 (slot=0)
ev: SYN code=0
cnt=1 s0=fng (4541,1785)* [filtered=32]
ev: SYN code=0
cnt=1 s0=fng (4541,1785)* [filtered=32]
ev: SYN code=0
cnt=1 s0=fng (4541,1785)* [filtered=32]
ev: ABS code=53 val=4540 (slot=0)
ev: ABS code=54 val=1784 (slot=0)
ev: ABS code=0 val=4540 (slot=0)
ev: ABS code=1 val=1784 (slot=0)
ev: SYN code=0
cnt=1 s0=fng (4540,1784)* [filtered=32]
ev: SYN code=0
cnt=1 s0=fng (4540,1784)* [filtered=32]
ev: SYN code=0
cnt=1 s0=fng (4540,1784)* [filtered=32]
ev: SYN code=0
cnt=1 s0=fng (4540,1784)* [filtered=32]
ev: SYN code=0
cnt=1 s0=fng (4540,1784)* [filtered=32]
ev: ABS code=53 val=4541 (slot=0)
ev: ABS code=0 val=4541 (slot=0)
ev: SYN code=0
cnt=1 s0=fng (4541,1784)* [filtered=32]
ev: ABS code=53 val=4542 (slot=0)
ev: ABS code=0 val=4542 (slot=0)
ev: SYN code=0
cnt=1 s0=fng (4542,1784)* [filtered=32]
ev: ABS code=53 val=4543 (slot=0)
ev: ABS code=54 val=1785 (slot=0)
ev: ABS code=0 val=4543 (slot=0)
ev: ABS code=1 val=1785 (slot=0)
ev: SYN code=0
cnt=1 s0=fng (4543,1785)* [filtered=32]
ev: ABS code=53 val=4544 (slot=0)
ev: ABS code=0 val=4544 (slot=0)
ev: SYN code=0
cnt=1 s0=fng (4544,1785)* [filtered=32]
ev: SYN code=0
cnt=1 s0=fng (4544,1785)* [filtered=32]
ev: ABS code=53 val=4546 (slot=0)
ev: ABS code=54 val=1786 (slot=0)
ev: ABS code=0 val=4546 (slot=0)
ev: ABS code=1 val=1786 (slot=0)
ev: SYN code=0
cnt=1 s0=fng (4546,1786)* [filtered=32]
ev: ABS code=53 val=4548 (slot=0)
ev: ABS code=54 val=1787 (slot=0)
ev: ABS code=0 val=4548 (slot=0)
ev: ABS code=1 val=1787 (slot=0)
ev: SYN code=0
cnt=1 s0=fng (4548,1787)* [filtered=32]
ev: ABS code=53 val=4551 (slot=0)
ev: ABS code=54 val=1789 (slot=0)
ev: ABS code=0 val=4551 (slot=0)
ev: ABS code=1 val=1789 (slot=0)
ev: SYN code=0
cnt=1 s0=fng (4551,1789) [filtered=32]
ev: ABS code=53 val=4552 (slot=0)
ev: ABS code=54 val=1790 (slot=0)
ev: ABS code=0 val=4552 (slot=0)
ev: ABS code=1 val=1790 (slot=0)
ev: SYN code=0
cnt=1 s0=fng (4552,1790) [filtered=32]
ev: ABS code=53 val=4555 (slot=0)
ev: ABS code=54 val=1791 (slot=0)
ev: ABS code=0 val=4555 (slot=0)
ev: ABS code=1 val=1791 (slot=0)
ev: SYN code=0
cnt=1 s0=fng (4555,1791) [filtered=32]
ev: ABS code=53 val=4558 (slot=0)
ev: ABS code=54 val=1793 (slot=0)
ev: ABS code=0 val=4558 (slot=0)
ev: ABS code=1 val=1793 (slot=0)
ev: SYN code=0
cnt=1 s0=fng (4558,1793) [filtered=32]
ev: ABS code=53 val=4562 (slot=0)
ev: ABS code=54 val=1795 (slot=0)
ev: ABS code=0 val=4562 (slot=0)
ev: ABS code=1 val=1795 (slot=0)
ev: SYN code=0
cnt=1 s0=fng (4562,1795) [filtered=32]
ev: ABS code=53 val=4567 (slot=0)
ev: ABS code=54 val=1797 (slot=0)
ev: ABS code=0 val=4567 (slot=0)
ev: ABS code=1 val=1797 (slot=0)
ev: SYN code=0
cnt=1 s0=fng (4567,1797) [filtered=32]
ev: ABS code=53 val=4571 (slot=0)
ev: ABS code=54 val=1798 (slot=0)
ev: ABS code=0 val=4571 (slot=0)
ev: ABS code=1 val=1798 (slot=0)
ev: SYN code=0
cnt=1 s0=fng (4571,1798) [filtered=32]
ev: SYN code=0
cnt=1 s0=fng (4571,1798) [filtered=32]
ev: ABS code=57 val=-1 (slot=0)
ev: KEY code=0x14a val=0
ev: KEY code=0x145 val=0
ev: SYN code=0
ev: ABS code=57 val=90 (slot=0)
ev: ABS code=55 val=0 (slot=0)
ev: ABS code=53 val=4499 (slot=0)
ev: ABS code=54 val=978 (slot=0)
ev: KEY code=0x14a val=1
ev: KEY code=0x145 val=1
ev: ABS code=0 val=4499 (slot=0)
ev: ABS code=1 val=978 (slot=0)
ev: SYN code=0
cnt=1 s0=fng (4499,978) [filtered=32]
ev: SYN code=0
cnt=1 s0=fng (4499,978) [filtered=32]
ev: SYN code=0
cnt=1 s0=fng (4499,978) [filtered=32]
ev: SYN code=0
cnt=1 s0=fng (4499,978) [filtered=32]
ev: SYN code=0
cnt=1 s0=fng (4499,978) [filtered=32]
ev: SYN code=0
cnt=1 s0=fng (4499,978) [filtered=32]
ev: SYN code=0
cnt=1 s0=fng (4499,978) [filtered=32]
ev: ABS code=53 val=4498 (slot=0)
ev: ABS code=0 val=4498 (slot=0)
ev: SYN code=0
cnt=1 s0=fng (4498,978) [filtered=32]
ev: SYN code=0
cnt=1 s0=fng (4498,978) [filtered=32]
ev: ABS code=53 val=4497 (slot=0)
ev: ABS code=0 val=4497 (slot=0)
ev: SYN code=0
cnt=1 s0=fng (4497,978) [filtered=32]
ev: SYN code=0
cnt=1 s0=fng (4497,978) [filtered=32]
ev: SYN code=0
cnt=1 s0=fng (4497,978) [filtered=32]
ev: ABS code=53 val=4496 (slot=0)
ev: ABS code=0 val=4496 (slot=0)
ev: SYN code=0
cnt=1 s0=fng (4496,978) [filtered=32]
ev: ABS code=53 val=4495 (slot=0)
ev: ABS code=0 val=4495 (slot=0)
ev: SYN code=0
cnt=1 s0=fng (4495,978) [filtered=32]
ev: SYN code=0
cnt=1 s0=fng (4495,978) [filtered=32]
ev: SYN code=0
cnt=1 s0=fng (4495,978) [filtered=32]
ev: ABS code=53 val=4494 (slot=0)
ev: ABS code=0 val=4494 (slot=0)
ev: SYN code=0
cnt=1 s0=fng (4494,978) [filtered=32]
ev: SYN code=0
cnt=1 s0=fng (4494,978) [filtered=32]
ev: SYN code=0
cnt=1 s0=fng (4494,978) [filtered=32]
ev: SYN code=0
cnt=1 s0=fng (4494,978) [filtered=32]
ev: SYN code=0
cnt=1 s0=fng (4494,978)* [filtered=32]
ev: ABS code=54 val=979 (slot=0)
ev: ABS code=1 val=979 (slot=0)
ev: SYN code=0
cnt=1 s0=fng (4494,979)* [filtered=32]
ev: SYN code=0
cnt=1 s0=fng (4494,979)* [filtered=32]
ev: ABS code=54 val=980 (slot=0)
ev: ABS code=1 val=980 (slot=0)
ev: SYN code=0
cnt=1 s0=fng (4494,980)* [filtered=32]
ev: ABS code=53 val=4493 (slot=0)
ev: ABS code=54 val=981 (slot=0)
ev: ABS code=0 val=4493 (slot=0)
ev: ABS code=1 val=981 (slot=0)
ev: SYN code=0
cnt=1 s0=fng (4493,981)* [filtered=32]
ev: SYN code=0
cnt=1 s0=fng (4493,981)* [filtered=32]
ev: SYN code=0
cnt=1 s0=fng (4493,981)* [filtered=32]
ev: ABS code=54 val=982 (slot=0)
ev: ABS code=1 val=982 (slot=0)
ev: SYN code=0
cnt=1 s0=fng (4493,982)* [filtered=32]
ev: ABS code=54 val=983 (slot=0)
ev: ABS code=1 val=983 (slot=0)
ev: SYN code=0
cnt=1 s0=fng (4493,983)* [filtered=32]
ev: SYN code=0
cnt=1 s0=fng (4493,983)* [filtered=32]
ev: ABS code=54 val=984 (slot=0)
ev: ABS code=1 val=984 (slot=0)
ev: SYN code=0
cnt=1 s0=fng (4493,984)* [filtered=32]
ev: ABS code=54 val=985 (slot=0)
ev: ABS code=1 val=985 (slot=0)
ev: SYN code=0
cnt=1 s0=fng (4493,985)* [filtered=32]
ev: ABS code=54 val=986 (slot=0)
ev: ABS code=1 val=986 (slot=0)
ev: SYN code=0
cnt=1 s0=fng (4493,986)* [filtered=32]
ev: ABS code=54 val=987 (slot=0)
ev: ABS code=1 val=987 (slot=0)
ev: SYN code=0
cnt=1 s0=fng (4493,987)* [filtered=32]
ev: ABS code=54 val=988 (slot=0)
ev: ABS code=1 val=988 (slot=0)
ev: SYN code=0
cnt=1 s0=fng (4493,988)* [filtered=32]
ev: SYN code=0
cnt=1 s0=fng (4493,988)* [filtered=32]
ev: ABS code=54 val=989 (slot=0)
ev: ABS code=1 val=989 (slot=0)
ev: SYN code=0
cnt=1 s0=fng (4493,989)* [filtered=32]
ev: SYN code=0
cnt=1 s0=fng (4493,989)* [filtered=32]
ev: ABS code=54 val=990 (slot=0)
ev: ABS code=1 val=990 (slot=0)
ev: SYN code=0
cnt=1 s0=fng (4493,990)* [filtered=32]
ev: SYN code=0
cnt=1 s0=fng (4493,990)* [filtered=32]
ev: SYN code=0
cnt=1 s0=fng (4493,990)* [filtered=32]
ev: ABS code=54 val=991 (slot=0)
ev: ABS code=1 val=991 (slot=0)
ev: SYN code=0
cnt=1 s0=fng (4493,991)* [filtered=32]
ev: ABS code=54 val=992 (slot=0)
ev: ABS code=1 val=992 (slot=0)
ev: SYN code=0
cnt=1 s0=fng (4493,992)* [filtered=32]
ev: SYN code=0
cnt=1 s0=fng (4493,992)* [filtered=32]
ev: SYN code=0
cnt=1 s0=fng (4493,992)* [filtered=32]
ev: ABS code=54 val=993 (slot=0)
ev: ABS code=1 val=993 (slot=0)
ev: SYN code=0
cnt=1 s0=fng (4493,993)* [filtered=32]
ev: SYN code=0
cnt=1 s0=fng (4493,993)* [filtered=32]
ev: ABS code=54 val=994 (slot=0)
ev: ABS code=1 val=994 (slot=0)
ev: SYN code=0
cnt=1 s0=fng (4493,994)* [filtered=32]
ev: SYN code=0
cnt=1 s0=fng (4493,994)* [filtered=32]
ev: SYN code=0
cnt=1 s0=fng (4493,994)* [filtered=32]
ev: ABS code=54 val=995 (slot=0)
ev: ABS code=1 val=995 (slot=0)
ev: SYN code=0
cnt=1 s0=fng (4493,995)* [filtered=32]
ev: ABS code=54 val=996 (slot=0)
ev: ABS code=1 val=996 (slot=0)
ev: SYN code=0
cnt=1 s0=fng (4493,996)* [filtered=32]
ev: SYN code=0
cnt=1 s0=fng (4493,996)* [filtered=32]
ev: SYN code=0
cnt=1 s0=fng (4493,996)* [filtered=32]
ev: ABS code=54 val=997 (slot=0)
ev: ABS code=1 val=997 (slot=0)
ev: SYN code=0
cnt=1 s0=fng (4493,997)* [filtered=32]
ev: SYN code=0
cnt=1 s0=fng (4493,997)* [filtered=32]
ev: SYN code=0
cnt=1 s0=fng (4493,997)* [filtered=32]
ev: SYN code=0
cnt=1 s0=fng (4493,997)* [filtered=32]
ev: SYN code=0
cnt=1 s0=fng (4493,997)* [filtered=32]
ev: ABS code=54 val=998 (slot=0)
ev: ABS code=1 val=998 (slot=0)
ev: SYN code=0
cnt=1 s0=fng (4493,998)* [filtered=32]
ev: SYN code=0
cnt=1 s0=fng (4493,998)* [filtered=32]
ev: ABS code=54 val=999 (slot=0)
ev: ABS code=1 val=999 (slot=0)
ev: SYN code=0
cnt=1 s0=fng (4493,999)* [filtered=32]
ev: SYN code=0
cnt=1 s0=fng (4493,999)* [filtered=32]
ev: ABS code=54 val=1000 (slot=0)
ev: ABS code=1 val=1000 (slot=0)
ev: SYN code=0
cnt=1 s0=fng (4493,1000)* [filtered=32]
ev: ABS code=53 val=4494 (slot=0)
ev: ABS code=0 val=4494 (slot=0)
ev: SYN code=0
cnt=1 s0=fng (4494,1000)* [filtered=32]
ev: ABS code=53 val=4495 (slot=0)
ev: ABS code=0 val=4495 (slot=0)
ev: SYN code=0
cnt=1 s0=fng (4495,1000)* [filtered=32]
ev: ABS code=53 val=4496 (slot=0)
ev: ABS code=0 val=4496 (slot=0)
ev: SYN code=0
cnt=1 s0=fng (4496,1000)* [filtered=32]
ev: ABS code=53 val=4497 (slot=0)
ev: ABS code=0 val=4497 (slot=0)
ev: SYN code=0
cnt=1 s0=fng (4497,1000)* [filtered=32]
ev: ABS code=57 val=-1 (slot=0)
ev: KEY code=0x14a val=0
ev: KEY code=0x145 val=0
ev: SYN code=0
ev: ABS code=57 val=91 (slot=0)
ev: ABS code=53 val=4335 (slot=0)
ev: ABS code=54 val=2173 (slot=0)
ev: KEY code=0x14a val=1
ev: KEY code=0x145 val=1
ev: ABS code=0 val=4335 (slot=0)
ev: ABS code=1 val=2173 (slot=0)
ev: SYN code=0
cnt=1 s0=fng (4335,2173) [filtered=32]
ev: ABS code=53 val=4334 (slot=0)
ev: ABS code=54 val=2174 (slot=0)
ev: ABS code=0 val=4334 (slot=0)
ev: ABS code=1 val=2174 (slot=0)
ev: SYN code=0
cnt=1 s0=fng (4334,2174) [filtered=32]
ev: ABS code=54 val=2175 (slot=0)
ev: ABS code=1 val=2175 (slot=0)
ev: SYN code=0
cnt=1 s0=fng (4334,2175) [filtered=32]
ev: ABS code=53 val=4332 (slot=0)
ev: ABS code=54 val=2178 (slot=0)
ev: ABS code=0 val=4332 (slot=0)
ev: ABS code=1 val=2178 (slot=0)
ev: SYN code=0
cnt=1 s0=fng (4332,2178) [filtered=32]
ev: ABS code=53 val=4331 (slot=0)
ev: ABS code=54 val=2179 (slot=0)
ev: ABS code=0 val=4331 (slot=0)
ev: ABS code=1 val=2179 (slot=0)
ev: SYN code=0
cnt=1 s0=fng (4331,2179) [filtered=32]
ev: ABS code=53 val=4330 (slot=0)
ev: ABS code=54 val=2182 (slot=0)
ev: ABS code=0 val=4330 (slot=0)
ev: ABS code=1 val=2182 (slot=0)
ev: SYN code=0
cnt=1 s0=fng (4330,2182) [filtered=32]
ev: ABS code=53 val=4327 (slot=0)
ev: ABS code=54 val=2188 (slot=0)
ev: ABS code=0 val=4327 (slot=0)
ev: ABS code=1 val=2188 (slot=0)
ev: SYN code=0
cnt=1 s0=fng (4327,2188) [filtered=32]
ev: ABS code=53 val=4324 (slot=0)
ev: ABS code=54 val=2194 (slot=0)
ev: ABS code=0 val=4324 (slot=0)
ev: ABS code=1 val=2194 (slot=0)
ev: SYN code=0
cnt=1 s0=fng (4324,2194) [filtered=32]
ev: ABS code=53 val=4320 (slot=0)
ev: ABS code=54 val=2202 (slot=0)
ev: ABS code=0 val=4320 (slot=0)
ev: ABS code=1 val=2202 (slot=0)
ev: SYN code=0
cnt=1 s0=fng (4320,2202) [filtered=32]
ev: ABS code=53 val=4318 (slot=0)
ev: ABS code=54 val=2209 (slot=0)
ev: ABS code=0 val=4318 (slot=0)
ev: ABS code=1 val=2209 (slot=0)
ev: SYN code=0
cnt=1 s0=fng (4318,2209) [filtered=32]
ev: ABS code=53 val=4315 (slot=0)
ev: ABS code=54 val=2218 (slot=0)
ev: ABS code=0 val=4315 (slot=0)
ev: ABS code=1 val=2218 (slot=0)
ev: SYN code=0
cnt=1 s0=fng (4315,2218) [filtered=32]
ev: ABS code=53 val=4311 (slot=0)
ev: ABS code=54 val=2228 (slot=0)
ev: ABS code=0 val=4311 (slot=0)
ev: ABS code=1 val=2228 (slot=0)
ev: SYN code=0
cnt=1 s0=fng (4311,2228) [filtered=32]
ev: ABS code=53 val=4307 (slot=0)
ev: ABS code=54 val=2238 (slot=0)
ev: ABS code=0 val=4307 (slot=0)
ev: ABS code=1 val=2238 (slot=0)
ev: SYN code=0
cnt=1 s0=fng (4307,2238) [filtered=32]
ev: ABS code=53 val=4303 (slot=0)
ev: ABS code=54 val=2248 (slot=0)
ev: ABS code=0 val=4303 (slot=0)
ev: ABS code=1 val=2248 (slot=0)
ev: SYN code=0
cnt=1 s0=fng (4303,2248) [filtered=32]
ev: ABS code=53 val=4300 (slot=0)
ev: ABS code=54 val=2257 (slot=0)
ev: ABS code=0 val=4300 (slot=0)
ev: ABS code=1 val=2257 (slot=0)
ev: SYN code=0
cnt=1 s0=fng (4300,2257) [filtered=32]
ev: ABS code=53 val=4298 (slot=0)
ev: ABS code=54 val=2266 (slot=0)
ev: ABS code=0 val=4298 (slot=0)
ev: ABS code=1 val=2266 (slot=0)
ev: SYN code=0
cnt=1 s0=fng (4298,2266) [filtered=32]
ev: ABS code=53 val=4295 (slot=0)
ev: ABS code=54 val=2274 (slot=0)
ev: ABS code=0 val=4295 (slot=0)
ev: ABS code=1 val=2274 (slot=0)
ev: SYN code=0
cnt=1 s0=fng (4295,2274) [filtered=32]
ev: ABS code=53 val=4292 (slot=0)
ev: ABS code=54 val=2282 (slot=0)
ev: ABS code=0 val=4292 (slot=0)
ev: ABS code=1 val=2282 (slot=0)
ev: SYN code=0
cnt=1 s0=fng (4292,2282) [filtered=32]
ev: ABS code=53 val=4290 (slot=0)
ev: ABS code=54 val=2289 (slot=0)
ev: ABS code=0 val=4290 (slot=0)
ev: ABS code=1 val=2289 (slot=0)
ev: SYN code=0
cnt=1 s0=fng (4290,2289) [filtered=32]
ev: ABS code=53 val=4288 (slot=0)
ev: ABS code=54 val=2295 (slot=0)
ev: ABS code=0 val=4288 (slot=0)
ev: ABS code=1 val=2295 (slot=0)
ev: SYN code=0
cnt=1 s0=fng (4288,2295) [filtered=32]
ev: ABS code=53 val=4286 (slot=0)
ev: ABS code=54 val=2300 (slot=0)
ev: ABS code=0 val=4286 (slot=0)
ev: ABS code=1 val=2300 (slot=0)
ev: SYN code=0
cnt=1 s0=fng (4286,2300) [filtered=32]
ev: ABS code=53 val=4283 (slot=0)
ev: ABS code=54 val=2304 (slot=0)
ev: ABS code=0 val=4283 (slot=0)
ev: ABS code=1 val=2304 (slot=0)
ev: SYN code=0
cnt=1 s0=fng (4283,2304) [filtered=32]
ev: ABS code=53 val=4281 (slot=0)
ev: ABS code=54 val=2308 (slot=0)
ev: ABS code=0 val=4281 (slot=0)
ev: ABS code=1 val=2308 (slot=0)
ev: SYN code=0
cnt=1 s0=fng (4281,2308) [filtered=32]
ev: ABS code=53 val=4280 (slot=0)
ev: ABS code=54 val=2312 (slot=0)
ev: ABS code=0 val=4280 (slot=0)
ev: ABS code=1 val=2312 (slot=0)
ev: SYN code=0
cnt=1 s0=fng (4280,2312) [filtered=32]
ev: ABS code=53 val=4278 (slot=0)
ev: ABS code=54 val=2316 (slot=0)
ev: ABS code=0 val=4278 (slot=0)
ev: ABS code=1 val=2316 (slot=0)
ev: SYN code=0
cnt=1 s0=fng (4278,2316) [filtered=32]
ev: ABS code=53 val=4276 (slot=0)
ev: ABS code=54 val=2319 (slot=0)
ev: ABS code=0 val=4276 (slot=0)
ev: ABS code=1 val=2319 (slot=0)
ev: SYN code=0
cnt=1 s0=fng (4276,2319) [filtered=32]
ev: ABS code=53 val=4274 (slot=0)
ev: ABS code=54 val=2322 (slot=0)
ev: ABS code=0 val=4274 (slot=0)
ev: ABS code=1 val=2322 (slot=0)
ev: SYN code=0
cnt=1 s0=fng (4274,2322) [filtered=32]
ev: ABS code=53 val=4273 (slot=0)
ev: ABS code=54 val=2324 (slot=0)
ev: ABS code=0 val=4273 (slot=0)
ev: ABS code=1 val=2324 (slot=0)
ev: SYN code=0
cnt=1 s0=fng (4273,2324) [filtered=32]
ev: ABS code=53 val=4272 (slot=0)
ev: ABS code=54 val=2326 (slot=0)
ev: ABS code=0 val=4272 (slot=0)
ev: ABS code=1 val=2326 (slot=0)
ev: SYN code=0
cnt=1 s0=fng (4272,2326) [filtered=32]
ev: ABS code=53 val=4270 (slot=0)
ev: ABS code=54 val=2329 (slot=0)
ev: KEY code=0x110 val=1
click: x=4270 -> zone=0x111
ev: ABS code=0 val=4270 (slot=0)
ev: ABS code=1 val=2329 (slot=0)
ev: SYN code=0
cnt=1 s0=fng (4270,2329) [filtered=32]
ev: ABS code=53 val=4268 (slot=0)
ev: ABS code=54 val=2331 (slot=0)
ev: ABS code=0 val=4268 (slot=0)
ev: ABS code=1 val=2331 (slot=0)
ev: SYN code=0
cnt=1 s0=fng (4268,2331) [filtered=32]
ev: ABS code=53 val=4266 (slot=0)
ev: ABS code=54 val=2333 (slot=0)
ev: ABS code=0 val=4266 (slot=0)
ev: ABS code=1 val=2333 (slot=0)
ev: SYN code=0
cnt=1 s0=fng (4266,2333) [filtered=32]
ev: ABS code=53 val=4265 (slot=0)
ev: ABS code=54 val=2334 (slot=0)
ev: ABS code=0 val=4265 (slot=0)
ev: ABS code=1 val=2334 (slot=0)
ev: SYN code=0
cnt=1 s0=fng (4265,2334) [filtered=32]
ev: ABS code=53 val=4264 (slot=0)
ev: ABS code=54 val=2335 (slot=0)
ev: ABS code=0 val=4264 (slot=0)
ev: ABS code=1 val=2335 (slot=0)
ev: SYN code=0
cnt=1 s0=fng (4264,2335) [filtered=32]
ev: ABS code=53 val=4263 (slot=0)
ev: ABS code=54 val=2337 (slot=0)
ev: ABS code=0 val=4263 (slot=0)
ev: ABS code=1 val=2337 (slot=0)
ev: SYN code=0
cnt=1 s0=fng (4263,2337) [filtered=32]
ev: ABS code=53 val=4262 (slot=0)
ev: ABS code=54 val=2339 (slot=0)
ev: ABS code=0 val=4262 (slot=0)
ev: ABS code=1 val=2339 (slot=0)
ev: SYN code=0
cnt=1 s0=fng (4262,2339) [filtered=32]
ev: ABS code=54 val=2340 (slot=0)
ev: ABS code=1 val=2340 (slot=0)
ev: SYN code=0
cnt=1 s0=fng (4262,2340) [filtered=32]
ev: ABS code=53 val=4261 (slot=0)
ev: ABS code=54 val=2341 (slot=0)
ev: ABS code=0 val=4261 (slot=0)
ev: ABS code=1 val=2341 (slot=0)
ev: SYN code=0
cnt=1 s0=fng (4261,2341) [filtered=32]
ev: ABS code=53 val=4260 (slot=0)
ev: ABS code=54 val=2342 (slot=0)
ev: ABS code=0 val=4260 (slot=0)
ev: ABS code=1 val=2342 (slot=0)
ev: SYN code=0
cnt=1 s0=fng (4260,2342) [filtered=32]
ev: ABS code=53 val=4259 (slot=0)
ev: ABS code=54 val=2343 (slot=0)
ev: ABS code=0 val=4259 (slot=0)
ev: ABS code=1 val=2343 (slot=0)
ev: SYN code=0
cnt=1 s0=fng (4259,2343) [filtered=32]
ev: ABS code=53 val=4258 (slot=0)
ev: ABS code=54 val=2344 (slot=0)
ev: ABS code=0 val=4258 (slot=0)
ev: ABS code=1 val=2344 (slot=0)
ev: SYN code=0
cnt=1 s0=fng (4258,2344) [filtered=32]
ev: ABS code=53 val=4257 (slot=0)
ev: ABS code=54 val=2345 (slot=0)
ev: ABS code=0 val=4257 (slot=0)
ev: ABS code=1 val=2345 (slot=0)
ev: SYN code=0
cnt=1 s0=fng (4257,2345) [filtered=32]
ev: ABS code=53 val=4256 (slot=0)
ev: ABS code=54 val=2346 (slot=0)
ev: ABS code=0 val=4256 (slot=0)
ev: ABS code=1 val=2346 (slot=0)
ev: SYN code=0
cnt=1 s0=fng (4256,2346) [filtered=32]
ev: ABS code=53 val=4255 (slot=0)
ev: ABS code=54 val=2347 (slot=0)
ev: ABS code=0 val=4255 (slot=0)
ev: ABS code=1 val=2347 (slot=0)
ev: SYN code=0
cnt=1 s0=fng (4255,2347) [filtered=32]
ev: ABS code=53 val=4254 (slot=0)
ev: ABS code=0 val=4254 (slot=0)
ev: SYN code=0
cnt=1 s0=fng (4254,2347) [filtered=32]
ev: ABS code=54 val=2348 (slot=0)
ev: ABS code=1 val=2348 (slot=0)
ev: SYN code=0
cnt=1 s0=fng (4254,2348) [filtered=32]
ev: SYN code=0
cnt=1 s0=fng (4254,2348) [filtered=32]
ev: ABS code=53 val=4253 (slot=0)
ev: ABS code=54 val=2349 (slot=0)
ev: ABS code=0 val=4253 (slot=0)
ev: ABS code=1 val=2349 (slot=0)
ev: SYN code=0
cnt=1 s0=fng (4253,2349) [filtered=32]
ev: ABS code=53 val=4252 (slot=0)
ev: ABS code=0 val=4252 (slot=0)
ev: SYN code=0
cnt=1 s0=fng (4252,2349) [filtered=32]
ev: ABS code=54 val=2350 (slot=0)
ev: ABS code=1 val=2350 (slot=0)
ev: SYN code=0
cnt=1 s0=fng (4252,2350) [filtered=32]
ev: SYN code=0
cnt=1 s0=fng (4252,2350) [filtered=32]
ev: SYN code=0
cnt=1 s0=fng (4252,2350)* [filtered=32]
ev: SYN code=0
cnt=1 s0=fng (4252,2350)* [filtered=32]
ev: SYN code=0
cnt=1 s0=fng (4252,2350)* [filtered=32]
ev: SYN code=0
cnt=1 s0=fng (4252,2350)* [filtered=32]
ev: SYN code=0
cnt=1 s0=fng (4252,2350)* [filtered=32]
ev: SYN code=0
cnt=1 s0=fng (4252,2350)* [filtered=32]
ev: SYN code=0
cnt=1 s0=fng (4252,2350)* [filtered=32]
ev: ABS code=54 val=2351 (slot=0)
ev: ABS code=1 val=2351 (slot=0)
ev: SYN code=0
cnt=1 s0=fng (4252,2351)* [filtered=32]
ev: SYN code=0
cnt=1 s0=fng (4252,2351)* [filtered=32]
ev: SYN code=0
cnt=1 s0=fng (4252,2351)* [filtered=32]
ev: SYN code=0
cnt=1 s0=fng (4252,2351)* [filtered=32]
ev: KEY code=0x110 val=0
ev: SYN code=0
cnt=1 s0=fng (4252,2351)* [filtered=32]
ev: SYN code=0
cnt=1 s0=fng (4252,2351)* [filtered=32]
ev: SYN code=0
cnt=1 s0=fng (4252,2351)* [filtered=32]
ev: SYN code=0
cnt=1 s0=fng (4252,2351)* [filtered=32]
ev: SYN code=0
cnt=1 s0=fng (4252,2351)* [filtered=32]
ev: SYN code=0
cnt=1 s0=fng (4252,2351)* [filtered=32]
ev: SYN code=0
cnt=1 s0=fng (4252,2351)* [filtered=32]
ev: SYN code=0
cnt=1 s0=fng (4252,2351)* [filtered=32]
ev: ABS code=54 val=2352 (slot=0)
ev: ABS code=1 val=2352 (slot=0)
ev: SYN code=0
cnt=1 s0=fng (4252,2352)* [filtered=32]
ev: ABS code=54 val=2353 (slot=0)
ev: ABS code=1 val=2353 (slot=0)
ev: SYN code=0
cnt=1 s0=fng (4252,2353)* [filtered=32]
ev: SYN code=0
cnt=1 s0=fng (4252,2353)* [filtered=32]
ev: ABS code=54 val=2354 (slot=0)
ev: ABS code=1 val=2354 (slot=0)
ev: SYN code=0
cnt=1 s0=fng (4252,2354)* [filtered=32]
ev: SYN code=0
cnt=1 s0=fng (4252,2354)* [filtered=32]
ev: SYN code=0
cnt=1 s0=fng (4252,2354)* [filtered=32]
ev: ABS code=54 val=2355 (slot=0)
ev: ABS code=1 val=2355 (slot=0)
ev: SYN code=0
cnt=1 s0=fng (4252,2355)* [filtered=32]
ev: SYN code=0
cnt=1 s0=fng (4252,2355)* [filtered=32]
ev: SYN code=0
cnt=1 s0=fng (4252,2355)* [filtered=32]
ev: ABS code=54 val=2356 (slot=0)
ev: ABS code=1 val=2356 (slot=0)
ev: SYN code=0
cnt=1 s0=fng (4252,2356)* [filtered=32]
ev: ABS code=54 val=2357 (slot=0)
ev: ABS code=1 val=2357 (slot=0)
ev: SYN code=0
cnt=1 s0=fng (4252,2357)* [filtered=32]
ev: SYN code=0
cnt=1 s0=fng (4252,2357)* [filtered=32]
ev: ABS code=54 val=2358 (slot=0)
ev: ABS code=1 val=2358 (slot=0)
ev: SYN code=0
cnt=1 s0=fng (4252,2358)* [filtered=32]
ev: SYN code=0
cnt=1 s0=fng (4252,2358)* [filtered=32]
ev: SYN code=0
cnt=1 s0=fng (4252,2358)* [filtered=32]
ev: ABS code=54 val=2359 (slot=0)
ev: ABS code=1 val=2359 (slot=0)
ev: SYN code=0
cnt=1 s0=fng (4252,2359)* [filtered=32]
ev: SYN code=0
cnt=1 s0=fng (4252,2359)* [filtered=32]
ev: ABS code=54 val=2360 (slot=0)
ev: ABS code=1 val=2360 (slot=0)
ev: SYN code=0
cnt=1 s0=fng (4252,2360)* [filtered=32]
ev: SYN code=0
cnt=1 s0=fng (4252,2360)* [filtered=32]
ev: ABS code=54 val=2361 (slot=0)
ev: ABS code=1 val=2361 (slot=0)
ev: SYN code=0
cnt=1 s0=fng (4252,2361)* [filtered=32]
ev: SYN code=0
cnt=1 s0=fng (4252,2361)* [filtered=32]
ev: SYN code=0
cnt=1 s0=fng (4252,2361)* [filtered=32]
ev: KEY code=0x110 val=1
click: x=4252 -> zone=0x111
ev: SYN code=0
cnt=1 s0=fng (4252,2361)* [filtered=32]
ev: SYN code=0
cnt=1 s0=fng (4252,2361)* [filtered=32]
ev: ABS code=53 val=4251 (slot=0)
ev: ABS code=0 val=4251 (slot=0)
ev: SYN code=0
cnt=1 s0=fng (4251,2361)* [filtered=32]
ev: SYN code=0
cnt=1 s0=fng (4251,2361)* [filtered=32]
ev: ABS code=53 val=4250 (slot=0)
ev: ABS code=0 val=4250 (slot=0)
ev: SYN code=0
cnt=1 s0=fng (4250,2361)* [filtered=32]
ev: SYN code=0
cnt=1 s0=fng (4250,2361)* [filtered=32]
ev: SYN code=0
cnt=1 s0=fng (4250,2361)* [filtered=32]
ev: ABS code=53 val=4249 (slot=0)
ev: ABS code=0 val=4249 (slot=0)
ev: SYN code=0
cnt=1 s0=fng (4249,2361)* [filtered=32]
ev: SYN code=0
cnt=1 s0=fng (4249,2361)* [filtered=32]
ev: ABS code=53 val=4248 (slot=0)
ev: ABS code=0 val=4248 (slot=0)
ev: SYN code=0
cnt=1 s0=fng (4248,2361)* [filtered=32]
ev: SYN code=0
cnt=1 s0=fng (4248,2361)* [filtered=32]
ev: ABS code=53 val=4247 (slot=0)
ev: ABS code=0 val=4247 (slot=0)
ev: SYN code=0
cnt=1 s0=fng (4247,2361)* [filtered=32]
ev: SYN code=0
cnt=1 s0=fng (4247,2361)* [filtered=32]
ev: ABS code=53 val=4246 (slot=0)
ev: ABS code=0 val=4246 (slot=0)
ev: SYN code=0
cnt=1 s0=fng (4246,2361)* [filtered=32]
ev: ABS code=54 val=2360 (slot=0)
ev: ABS code=1 val=2360 (slot=0)
ev: SYN code=0
cnt=1 s0=fng (4246,2360)* [filtered=32]
ev: SYN code=0
cnt=1 s0=fng (4246,2360)* [filtered=32]
ev: ABS code=53 val=4245 (slot=0)
ev: ABS code=54 val=2359 (slot=0)
ev: ABS code=0 val=4245 (slot=0)
ev: ABS code=1 val=2359 (slot=0)
ev: SYN code=0
cnt=1 s0=fng (4245,2359)* [filtered=32]
ev: SYN code=0
cnt=1 s0=fng (4245,2359)* [filtered=32]
ev: ABS code=54 val=2358 (slot=0)
ev: ABS code=1 val=2358 (slot=0)
ev: SYN code=0
cnt=1 s0=fng (4245,2358)* [filtered=32]
ev: SYN code=0
cnt=1 s0=fng (4245,2358)* [filtered=32]
ev: SYN code=0
cnt=1 s0=fng (4245,2358)* [filtered=32]
ev: ABS code=54 val=2357 (slot=0)
ev: ABS code=1 val=2357 (slot=0)
ev: SYN code=0
cnt=1 s0=fng (4245,2357)* [filtered=32]
ev: SYN code=0
cnt=1 s0=fng (4245,2357)* [filtered=32]
ev: SYN code=0
cnt=1 s0=fng (4245,2357)* [filtered=32]
ev: KEY code=0x110 val=0
ev: SYN code=0
cnt=1 s0=fng (4245,2357)* [filtered=32]
ev: SYN code=0
cnt=1 s0=fng (4245,2357)* [filtered=32]
ev: SYN code=0
cnt=1 s0=fng (4245,2357)* [filtered=32]
ev: SYN code=0
cnt=1 s0=fng (4245,2357)* [filtered=32]
ev: SYN code=0
cnt=1 s0=fng (4245,2357)* [filtered=32]
ev: SYN code=0
cnt=1 s0=fng (4245,2357)* [filtered=32]
ev: SYN code=0
cnt=1 s0=fng (4245,2357)* [filtered=32]
ev: SYN code=0
cnt=1 s0=fng (4245,2357)* [filtered=32]
ev: ABS code=53 val=4246 (slot=0)
ev: ABS code=0 val=4246 (slot=0)
ev: SYN code=0
cnt=1 s0=fng (4246,2357)* [filtered=32]
ev: SYN code=0
cnt=1 s0=fng (4246,2357)* [filtered=32]
ev: ABS code=53 val=4247 (slot=0)
ev: ABS code=0 val=4247 (slot=0)
ev: SYN code=0
cnt=1 s0=fng (4247,2357)* [filtered=32]
ev: ABS code=53 val=4248 (slot=0)
ev: ABS code=0 val=4248 (slot=0)
ev: SYN code=0
cnt=1 s0=fng (4248,2357)* [filtered=32]
ev: ABS code=53 val=4250 (slot=0)
ev: ABS code=0 val=4250 (slot=0)
ev: SYN code=0
cnt=1 s0=fng (4250,2357)* [filtered=32]
ev: ABS code=53 val=4251 (slot=0)
ev: ABS code=54 val=2358 (slot=0)
ev: ABS code=0 val=4251 (slot=0)
ev: ABS code=1 val=2358 (slot=0)
ev: SYN code=0
cnt=1 s0=fng (4251,2358)* [filtered=32]
ev: ABS code=53 val=4252 (slot=0)
ev: ABS code=0 val=4252 (slot=0)
ev: SYN code=0
cnt=1 s0=fng (4252,2358)* [filtered=32]
ev: ABS code=53 val=4253 (slot=0)
ev: ABS code=0 val=4253 (slot=0)
ev: SYN code=0
cnt=1 s0=fng (4253,2358)* [filtered=32]
ev: ABS code=53 val=4254 (slot=0)
ev: ABS code=0 val=4254 (slot=0)
ev: SYN code=0
cnt=1 s0=fng (4254,2358)* [filtered=32]
ev: ABS code=53 val=4255 (slot=0)
ev: ABS code=0 val=4255 (slot=0)
ev: SYN code=0
cnt=1 s0=fng (4255,2358)* [filtered=32]
ev: ABS code=53 val=4257 (slot=0)
ev: ABS code=0 val=4257 (slot=0)
ev: SYN code=0
cnt=1 s0=fng (4257,2358)* [filtered=32]
ev: ABS code=53 val=4258 (slot=0)
ev: ABS code=0 val=4258 (slot=0)
ev: SYN code=0
cnt=1 s0=fng (4258,2358)* [filtered=32]
ev: SYN code=0
cnt=1 s0=fng (4258,2358)* [filtered=32]
ev: ABS code=53 val=4259 (slot=0)
ev: ABS code=0 val=4259 (slot=0)
ev: SYN code=0
cnt=1 s0=fng (4259,2358)* [filtered=32]
ev: KEY code=0x110 val=1
click: x=4259 -> zone=0x111
ev: SYN code=0
cnt=1 s0=fng (4259,2358)* [filtered=32]
ev: SYN code=0
cnt=1 s0=fng (4259,2358)* [filtered=32]
ev: SYN code=0
cnt=1 s0=fng (4259,2358)* [filtered=32]
ev: SYN code=0
cnt=1 s0=fng (4259,2358)* [filtered=32]
ev: SYN code=0
cnt=1 s0=fng (4259,2358)* [filtered=32]
ev: SYN code=0
cnt=1 s0=fng (4259,2358)* [filtered=32]
ev: SYN code=0
cnt=1 s0=fng (4259,2358)* [filtered=32]
ev: SYN code=0
cnt=1 s0=fng (4259,2358)* [filtered=32]
ev: SYN code=0
cnt=1 s0=fng (4259,2358)* [filtered=32]
ev: SYN code=0
cnt=1 s0=fng (4259,2358)* [filtered=32]
ev: ABS code=54 val=2357 (slot=0)
ev: ABS code=1 val=2357 (slot=0)
ev: SYN code=0
cnt=1 s0=fng (4259,2357)* [filtered=32]
ev: SYN code=0
cnt=1 s0=fng (4259,2357)* [filtered=32]
ev: SYN code=0
cnt=1 s0=fng (4259,2357)* [filtered=32]
ev: ABS code=54 val=2356 (slot=0)
ev: ABS code=1 val=2356 (slot=0)
ev: SYN code=0
cnt=1 s0=fng (4259,2356)* [filtered=32]
ev: ABS code=54 val=2355 (slot=0)
ev: ABS code=1 val=2355 (slot=0)
ev: SYN code=0
cnt=1 s0=fng (4259,2355)* [filtered=32]
ev: SYN code=0
cnt=1 s0=fng (4259,2355)* [filtered=32]
ev: KEY code=0x110 val=0
ev: SYN code=0
cnt=1 s0=fng (4259,2355)* [filtered=32]
ev: ABS code=54 val=2354 (slot=0)
ev: ABS code=1 val=2354 (slot=0)
ev: SYN code=0
cnt=1 s0=fng (4259,2354)* [filtered=32]
ev: ABS code=53 val=4260 (slot=0)
ev: ABS code=0 val=4260 (slot=0)
ev: SYN code=0
cnt=1 s0=fng (4260,2354)* [filtered=32]
ev: SYN code=0
cnt=1 s0=fng (4260,2354)* [filtered=32]
ev: SYN code=0
cnt=1 s0=fng (4260,2354)* [filtered=32]
ev: ABS code=53 val=4261 (slot=0)
ev: ABS code=0 val=4261 (slot=0)
ev: SYN code=0
cnt=1 s0=fng (4261,2354)* [filtered=32]
ev: ABS code=53 val=4262 (slot=0)
ev: ABS code=0 val=4262 (slot=0)
ev: SYN code=0
cnt=1 s0=fng (4262,2354)* [filtered=32]
ev: SYN code=0
cnt=1 s0=fng (4262,2354)* [filtered=32]
ev: ABS code=53 val=4263 (slot=0)
ev: ABS code=0 val=4263 (slot=0)
ev: SYN code=0
cnt=1 s0=fng (4263,2354)* [filtered=32]
ev: SYN code=0
cnt=1 s0=fng (4263,2354)* [filtered=32]
ev: SYN code=0
cnt=1 s0=fng (4263,2354)* [filtered=32]
ev: SYN code=0
cnt=1 s0=fng (4263,2354)* [filtered=32]
ev: SYN code=0
cnt=1 s0=fng (4263,2354)* [filtered=32]
ev: SYN code=0
cnt=1 s0=fng (4263,2354)* [filtered=32]
ev: SYN code=0
cnt=1 s0=fng (4263,2354)* [filtered=32]
ev: SYN code=0
cnt=1 s0=fng (4263,2354)* [filtered=32]
ev: SYN code=0
cnt=1 s0=fng (4263,2354)* [filtered=32]
ev: SYN code=0
cnt=1 s0=fng (4263,2354)* [filtered=32]
ev: SYN code=0
cnt=1 s0=fng (4263,2354)* [filtered=32]
ev: SYN code=0
cnt=1 s0=fng (4263,2354)* [filtered=32]
ev: SYN code=0
cnt=1 s0=fng (4263,2354)* [filtered=32]
ev: SYN code=0
cnt=1 s0=fng (4263,2354)* [filtered=32]
ev: SYN code=0
cnt=1 s0=fng (4263,2354)* [filtered=32]
ev: SYN code=0
cnt=1 s0=fng (4263,2354)* [filtered=32]
ev: SYN code=0
cnt=1 s0=fng (4263,2354)* [filtered=32]
ev: SYN code=0
cnt=1 s0=fng (4263,2354)* [filtered=32]
ev: SYN code=0
cnt=1 s0=fng (4263,2354)* [filtered=32]
ev: SYN code=0
cnt=1 s0=fng (4263,2354)* [filtered=32]
ev: KEY code=0x110 val=1
click: x=4263 -> zone=0x111
ev: SYN code=0
cnt=1 s0=fng (4263,2354)* [filtered=32]
ev: SYN code=0
cnt=1 s0=fng (4263,2354)* [filtered=32]
ev: SYN code=0
cnt=1 s0=fng (4263,2354)* [filtered=32]
ev: ABS code=53 val=4262 (slot=0)
ev: ABS code=0 val=4262 (slot=0)
ev: SYN code=0
cnt=1 s0=fng (4262,2354)* [filtered=32]
ev: SYN code=0
cnt=1 s0=fng (4262,2354)* [filtered=32]
ev: ABS code=54 val=2353 (slot=0)
ev: ABS code=1 val=2353 (slot=0)
ev: SYN code=0
cnt=1 s0=fng (4262,2353)* [filtered=32]
ev: ABS code=53 val=4261 (slot=0)
ev: ABS code=0 val=4261 (slot=0)
ev: SYN code=0
cnt=1 s0=fng (4261,2353)* [filtered=32]
ev: ABS code=53 val=4260 (slot=0)
ev: ABS code=54 val=2352 (slot=0)
ev: ABS code=0 val=4260 (slot=0)
ev: ABS code=1 val=2352 (slot=0)
ev: SYN code=0
cnt=1 s0=fng (4260,2352)* [filtered=32]
ev: ABS code=53 val=4259 (slot=0)
ev: ABS code=54 val=2351 (slot=0)
ev: ABS code=0 val=4259 (slot=0)
ev: ABS code=1 val=2351 (slot=0)
ev: SYN code=0
cnt=1 s0=fng (4259,2351)* [filtered=32]
ev: SYN code=0
cnt=1 s0=fng (4259,2351)* [filtered=32]
ev: ABS code=53 val=4258 (slot=0)
ev: ABS code=54 val=2350 (slot=0)
ev: ABS code=0 val=4258 (slot=0)
ev: ABS code=1 val=2350 (slot=0)
ev: SYN code=0
cnt=1 s0=fng (4258,2350)* [filtered=32]
ev: ABS code=53 val=4257 (slot=0)
ev: ABS code=54 val=2348 (slot=0)
ev: ABS code=0 val=4257 (slot=0)
ev: ABS code=1 val=2348 (slot=0)
ev: SYN code=0
cnt=1 s0=fng (4257,2348)* [filtered=32]
ev: ABS code=53 val=4255 (slot=0)
ev: ABS code=54 val=2346 (slot=0)
ev: ABS code=0 val=4255 (slot=0)
ev: ABS code=1 val=2346 (slot=0)
ev: SYN code=0
cnt=1 s0=fng (4255,2346) [filtered=32]
ev: ABS code=53 val=4254 (slot=0)
ev: ABS code=54 val=2345 (slot=0)
ev: ABS code=0 val=4254 (slot=0)
ev: ABS code=1 val=2345 (slot=0)
ev: SYN code=0
cnt=1 s0=fng (4254,2345) [filtered=32]
ev: ABS code=53 val=4252 (slot=0)
ev: ABS code=54 val=2343 (slot=0)
ev: ABS code=0 val=4252 (slot=0)
ev: ABS code=1 val=2343 (slot=0)
ev: SYN code=0
cnt=1 s0=fng (4252,2343) [filtered=32]
ev: ABS code=53 val=4248 (slot=0)
ev: ABS code=54 val=2340 (slot=0)
ev: ABS code=0 val=4248 (slot=0)
ev: ABS code=1 val=2340 (slot=0)
ev: SYN code=0
cnt=1 s0=fng (4248,2340) [filtered=32]
ev: ABS code=53 val=4243 (slot=0)
ev: ABS code=54 val=2335 (slot=0)
ev: ABS code=0 val=4243 (slot=0)
ev: ABS code=1 val=2335 (slot=0)
ev: SYN code=0
cnt=1 s0=fng (4243,2335) [filtered=32]
ev: ABS code=53 val=4237 (slot=0)
ev: ABS code=54 val=2329 (slot=0)
ev: ABS code=0 val=4237 (slot=0)
ev: ABS code=1 val=2329 (slot=0)
ev: SYN code=0
cnt=1 s0=fng (4237,2329) [filtered=32]
ev: ABS code=53 val=4231 (slot=0)
ev: ABS code=54 val=2325 (slot=0)
ev: ABS code=0 val=4231 (slot=0)
ev: ABS code=1 val=2325 (slot=0)
ev: SYN code=0
cnt=1 s0=fng (4231,2325) [filtered=32]
ev: ABS code=53 val=4223 (slot=0)
ev: ABS code=54 val=2320 (slot=0)
ev: ABS code=0 val=4223 (slot=0)
ev: ABS code=1 val=2320 (slot=0)
ev: SYN code=0
cnt=1 s0=fng (4223,2320) [filtered=32]
ev: ABS code=53 val=4213 (slot=0)
ev: ABS code=54 val=2313 (slot=0)
ev: ABS code=0 val=4213 (slot=0)
ev: ABS code=1 val=2313 (slot=0)
ev: SYN code=0
cnt=1 s0=fng (4213,2313) [filtered=32]
ev: ABS code=53 val=4202 (slot=0)
ev: ABS code=54 val=2305 (slot=0)
ev: ABS code=0 val=4202 (slot=0)
ev: ABS code=1 val=2305 (slot=0)
ev: SYN code=0
cnt=1 s0=fng (4202,2305) [filtered=32]
ev: ABS code=53 val=4188 (slot=0)
ev: ABS code=54 val=2296 (slot=0)
ev: ABS code=0 val=4188 (slot=0)
ev: ABS code=1 val=2296 (slot=0)
ev: SYN code=0
cnt=1 s0=fng (4188,2296) [filtered=32]
ev: ABS code=53 val=4175 (slot=0)
ev: ABS code=54 val=2287 (slot=0)
ev: ABS code=0 val=4175 (slot=0)
ev: ABS code=1 val=2287 (slot=0)
ev: SYN code=0
cnt=1 s0=fng (4175,2287) [filtered=32]
ev: ABS code=53 val=4160 (slot=0)
ev: ABS code=54 val=2278 (slot=0)
ev: ABS code=0 val=4160 (slot=0)
ev: ABS code=1 val=2278 (slot=0)
ev: SYN code=0
cnt=1 s0=fng (4160,2278) [filtered=32]
ev: ABS code=53 val=4143 (slot=0)
ev: ABS code=54 val=2269 (slot=0)
ev: ABS code=0 val=4143 (slot=0)
ev: ABS code=1 val=2269 (slot=0)
ev: SYN code=0
cnt=1 s0=fng (4143,2269) [filtered=32]
ev: ABS code=53 val=4126 (slot=0)
ev: ABS code=54 val=2259 (slot=0)
ev: KEY code=0x110 val=0
ev: ABS code=0 val=4126 (slot=0)
ev: ABS code=1 val=2259 (slot=0)
ev: SYN code=0
cnt=1 s0=fng (4126,2259) [filtered=32]
ev: ABS code=53 val=4110 (slot=0)
ev: ABS code=54 val=2250 (slot=0)
ev: ABS code=0 val=4110 (slot=0)
ev: ABS code=1 val=2250 (slot=0)
ev: SYN code=0
cnt=1 s0=fng (4110,2250) [filtered=32]
ev: ABS code=53 val=4091 (slot=0)
ev: ABS code=54 val=2241 (slot=0)
ev: ABS code=0 val=4091 (slot=0)
ev: ABS code=1 val=2241 (slot=0)
ev: SYN code=0
cnt=1 s0=fng (4091,2241) [filtered=32]
ev: ABS code=53 val=4072 (slot=0)
ev: ABS code=54 val=2232 (slot=0)
ev: ABS code=0 val=4072 (slot=0)
ev: ABS code=1 val=2232 (slot=0)
ev: SYN code=0
cnt=1 s0=fng (4072,2232) [filtered=32]
ev: ABS code=53 val=4053 (slot=0)
ev: ABS code=54 val=2223 (slot=0)
ev: ABS code=0 val=4053 (slot=0)
ev: ABS code=1 val=2223 (slot=0)
ev: SYN code=0
cnt=1 s0=fng (4053,2223) [filtered=32]
ev: ABS code=53 val=4034 (slot=0)
ev: ABS code=54 val=2214 (slot=0)
ev: ABS code=0 val=4034 (slot=0)
ev: ABS code=1 val=2214 (slot=0)
ev: SYN code=0
cnt=1 s0=fng (4034,2214) [filtered=32]
ev: ABS code=53 val=4015 (slot=0)
ev: ABS code=54 val=2206 (slot=0)
ev: KEY code=0x110 val=1
click: x=4015 -> zone=0x111
ev: ABS code=0 val=4015 (slot=0)
ev: ABS code=1 val=2206 (slot=0)
ev: SYN code=0
cnt=1 s0=fng (4015,2206) [filtered=32]
ev: ABS code=53 val=3997 (slot=0)
ev: ABS code=54 val=2198 (slot=0)
ev: ABS code=0 val=3997 (slot=0)
ev: ABS code=1 val=2198 (slot=0)
ev: SYN code=0
cnt=1 s0=fng (3997,2198) [filtered=32]
ev: ABS code=53 val=3980 (slot=0)
ev: ABS code=54 val=2191 (slot=0)
ev: ABS code=0 val=3980 (slot=0)
ev: ABS code=1 val=2191 (slot=0)
ev: SYN code=0
cnt=1 s0=fng (3980,2191) [filtered=32]
ev: ABS code=53 val=3964 (slot=0)
ev: ABS code=54 val=2184 (slot=0)
ev: ABS code=0 val=3964 (slot=0)
ev: ABS code=1 val=2184 (slot=0)
ev: SYN code=0
cnt=1 s0=fng (3964,2184) [filtered=32]
ev: ABS code=53 val=3949 (slot=0)
ev: ABS code=54 val=2178 (slot=0)
ev: ABS code=0 val=3949 (slot=0)
ev: ABS code=1 val=2178 (slot=0)
ev: SYN code=0
cnt=1 s0=fng (3949,2178) [filtered=32]
ev: ABS code=53 val=3936 (slot=0)
ev: ABS code=54 val=2173 (slot=0)
ev: ABS code=0 val=3936 (slot=0)
ev: ABS code=1 val=2173 (slot=0)
ev: SYN code=0
cnt=1 s0=fng (3936,2173) [filtered=32]
ev: ABS code=53 val=3924 (slot=0)
ev: ABS code=54 val=2169 (slot=0)
ev: ABS code=0 val=3924 (slot=0)
ev: ABS code=1 val=2169 (slot=0)
ev: SYN code=0
cnt=1 s0=fng (3924,2169) [filtered=32]
ev: ABS code=53 val=3913 (slot=0)
ev: ABS code=54 val=2164 (slot=0)
ev: KEY code=0x110 val=0
ev: ABS code=0 val=3913 (slot=0)
ev: ABS code=1 val=2164 (slot=0)
ev: SYN code=0
cnt=1 s0=fng (3913,2164) [filtered=32]
ev: ABS code=53 val=3904 (slot=0)
ev: ABS code=54 val=2159 (slot=0)
ev: ABS code=0 val=3904 (slot=0)
ev: ABS code=1 val=2159 (slot=0)
ev: SYN code=0
cnt=1 s0=fng (3904,2159) [filtered=32]
ev: ABS code=53 val=3896 (slot=0)
ev: ABS code=54 val=2155 (slot=0)
ev: ABS code=0 val=3896 (slot=0)
ev: ABS code=1 val=2155 (slot=0)
ev: SYN code=0
cnt=1 s0=fng (3896,2155) [filtered=32]
ev: ABS code=53 val=3889 (slot=0)
ev: ABS code=54 val=2152 (slot=0)
ev: ABS code=0 val=3889 (slot=0)
ev: ABS code=1 val=2152 (slot=0)
ev: SYN code=0
cnt=1 s0=fng (3889,2152) [filtered=32]
ev: ABS code=53 val=3884 (slot=0)
ev: ABS code=54 val=2150 (slot=0)
ev: ABS code=0 val=3884 (slot=0)
ev: ABS code=1 val=2150 (slot=0)
ev: SYN code=0
cnt=1 s0=fng (3884,2150) [filtered=32]
ev: ABS code=53 val=3880 (slot=0)
ev: ABS code=54 val=2148 (slot=0)
ev: ABS code=0 val=3880 (slot=0)
ev: ABS code=1 val=2148 (slot=0)
ev: SYN code=0
cnt=1 s0=fng (3880,2148) [filtered=32]
ev: ABS code=53 val=3876 (slot=0)
ev: ABS code=54 val=2147 (slot=0)
ev: ABS code=0 val=3876 (slot=0)
ev: ABS code=1 val=2147 (slot=0)
ev: SYN code=0
cnt=1 s0=fng (3876,2147) [filtered=32]
ev: ABS code=53 val=3872 (slot=0)
ev: ABS code=54 val=2146 (slot=0)
ev: ABS code=0 val=3872 (slot=0)
ev: ABS code=1 val=2146 (slot=0)
ev: SYN code=0
cnt=1 s0=fng (3872,2146) [filtered=32]
ev: ABS code=53 val=3869 (slot=0)
ev: ABS code=54 val=2144 (slot=0)
ev: ABS code=0 val=3869 (slot=0)
ev: ABS code=1 val=2144 (slot=0)
ev: SYN code=0
cnt=1 s0=fng (3869,2144) [filtered=32]
ev: ABS code=53 val=3866 (slot=0)
ev: ABS code=54 val=2142 (slot=0)
ev: ABS code=0 val=3866 (slot=0)
ev: ABS code=1 val=2142 (slot=0)
ev: SYN code=0
cnt=1 s0=fng (3866,2142) [filtered=32]
ev: ABS code=53 val=3864 (slot=0)
ev: ABS code=54 val=2140 (slot=0)
ev: ABS code=0 val=3864 (slot=0)
ev: ABS code=1 val=2140 (slot=0)
ev: SYN code=0
cnt=1 s0=fng (3864,2140) [filtered=32]
ev: ABS code=53 val=3862 (slot=0)
ev: ABS code=54 val=2138 (slot=0)
ev: ABS code=0 val=3862 (slot=0)
ev: ABS code=1 val=2138 (slot=0)
ev: SYN code=0
cnt=1 s0=fng (3862,2138) [filtered=32]
ev: ABS code=53 val=3860 (slot=0)
ev: ABS code=54 val=2137 (slot=0)
ev: ABS code=0 val=3860 (slot=0)
ev: ABS code=1 val=2137 (slot=0)
ev: SYN code=0
cnt=1 s0=fng (3860,2137) [filtered=32]
ev: ABS code=53 val=3859 (slot=0)
ev: ABS code=54 val=2136 (slot=0)
ev: ABS code=0 val=3859 (slot=0)
ev: ABS code=1 val=2136 (slot=0)
ev: SYN code=0
cnt=1 s0=fng (3859,2136) [filtered=32]
ev: ABS code=53 val=3858 (slot=0)
ev: ABS code=54 val=2135 (slot=0)
ev: ABS code=0 val=3858 (slot=0)
ev: ABS code=1 val=2135 (slot=0)
ev: SYN code=0
cnt=1 s0=fng (3858,2135) [filtered=32]
ev: ABS code=53 val=3856 (slot=0)
ev: ABS code=54 val=2133 (slot=0)
ev: ABS code=0 val=3856 (slot=0)
ev: ABS code=1 val=2133 (slot=0)
ev: SYN code=0
cnt=1 s0=fng (3856,2133) [filtered=32]
ev: ABS code=53 val=3855 (slot=0)
ev: ABS code=54 val=2132 (slot=0)
ev: ABS code=0 val=3855 (slot=0)
ev: ABS code=1 val=2132 (slot=0)
ev: SYN code=0
cnt=1 s0=fng (3855,2132) [filtered=32]
ev: ABS code=53 val=3853 (slot=0)
ev: ABS code=54 val=2130 (slot=0)
ev: ABS code=0 val=3853 (slot=0)
ev: ABS code=1 val=2130 (slot=0)
ev: SYN code=0
cnt=1 s0=fng (3853,2130) [filtered=32]
ev: ABS code=53 val=3850 (slot=0)
ev: ABS code=54 val=2128 (slot=0)
ev: ABS code=0 val=3850 (slot=0)
ev: ABS code=1 val=2128 (slot=0)
ev: SYN code=0
cnt=1 s0=fng (3850,2128) [filtered=32]
ev: ABS code=53 val=3847 (slot=0)
ev: ABS code=54 val=2125 (slot=0)
ev: ABS code=0 val=3847 (slot=0)
ev: ABS code=1 val=2125 (slot=0)
ev: SYN code=0
cnt=1 s0=fng (3847,2125) [filtered=32]
ev: ABS code=53 val=3842 (slot=0)
ev: ABS code=54 val=2121 (slot=0)
ev: ABS code=0 val=3842 (slot=0)
ev: ABS code=1 val=2121 (slot=0)
ev: SYN code=0
cnt=1 s0=fng (3842,2121) [filtered=32]
ev: ABS code=53 val=3839 (slot=0)
ev: ABS code=54 val=2118 (slot=0)
ev: ABS code=0 val=3839 (slot=0)
ev: ABS code=1 val=2118 (slot=0)
ev: SYN code=0
cnt=1 s0=fng (3839,2118) [filtered=32]
ev: ABS code=53 val=3834 (slot=0)
ev: ABS code=54 val=2113 (slot=0)
ev: ABS code=0 val=3834 (slot=0)
ev: ABS code=1 val=2113 (slot=0)
ev: SYN code=0
cnt=1 s0=fng (3834,2113) [filtered=32]
ev: ABS code=53 val=3829 (slot=0)
ev: ABS code=54 val=2108 (slot=0)
ev: ABS code=0 val=3829 (slot=0)
ev: ABS code=1 val=2108 (slot=0)
ev: SYN code=0
cnt=1 s0=fng (3829,2108) [filtered=32]
ev: ABS code=53 val=3823 (slot=0)
ev: ABS code=54 val=2103 (slot=0)
ev: ABS code=0 val=3823 (slot=0)
ev: ABS code=1 val=2103 (slot=0)
ev: SYN code=0
cnt=1 s0=fng (3823,2103) [filtered=32]
ev: ABS code=53 val=3816 (slot=0)
ev: ABS code=54 val=2098 (slot=0)
ev: ABS code=0 val=3816 (slot=0)
ev: ABS code=1 val=2098 (slot=0)
ev: SYN code=0
cnt=1 s0=fng (3816,2098) [filtered=32]
ev: ABS code=53 val=3810 (slot=0)
ev: ABS code=54 val=2094 (slot=0)
ev: ABS code=0 val=3810 (slot=0)
ev: ABS code=1 val=2094 (slot=0)
ev: SYN code=0
cnt=1 s0=fng (3810,2094) [filtered=32]
ev: ABS code=53 val=3804 (slot=0)
ev: ABS code=54 val=2089 (slot=0)
ev: ABS code=0 val=3804 (slot=0)
ev: ABS code=1 val=2089 (slot=0)
ev: SYN code=0
cnt=1 s0=fng (3804,2089) [filtered=32]
ev: ABS code=53 val=3798 (slot=0)
ev: ABS code=54 val=2084 (slot=0)
ev: ABS code=0 val=3798 (slot=0)
ev: ABS code=1 val=2084 (slot=0)
ev: SYN code=0
cnt=1 s0=fng (3798,2084) [filtered=32]
ev: ABS code=53 val=3792 (slot=0)
ev: ABS code=54 val=2079 (slot=0)
ev: ABS code=0 val=3792 (slot=0)
ev: ABS code=1 val=2079 (slot=0)
ev: SYN code=0
cnt=1 s0=fng (3792,2079) [filtered=32]
ev: ABS code=53 val=3786 (slot=0)
ev: ABS code=54 val=2075 (slot=0)
ev: ABS code=0 val=3786 (slot=0)
ev: ABS code=1 val=2075 (slot=0)
ev: SYN code=0
cnt=1 s0=fng (3786,2075) [filtered=32]
ev: ABS code=53 val=3780 (slot=0)
ev: ABS code=54 val=2070 (slot=0)
ev: ABS code=0 val=3780 (slot=0)
ev: ABS code=1 val=2070 (slot=0)
ev: SYN code=0
cnt=1 s0=fng (3780,2070) [filtered=32]
ev: ABS code=53 val=3775 (slot=0)
ev: ABS code=54 val=2065 (slot=0)
ev: ABS code=0 val=3775 (slot=0)
ev: ABS code=1 val=2065 (slot=0)
ev: SYN code=0
cnt=1 s0=fng (3775,2065) [filtered=32]
ev: ABS code=53 val=3770 (slot=0)
ev: ABS code=54 val=2061 (slot=0)
ev: ABS code=0 val=3770 (slot=0)
ev: ABS code=1 val=2061 (slot=0)
ev: SYN code=0
cnt=1 s0=fng (3770,2061) [filtered=32]
ev: ABS code=53 val=3765 (slot=0)
ev: ABS code=54 val=2057 (slot=0)
ev: ABS code=0 val=3765 (slot=0)
ev: ABS code=1 val=2057 (slot=0)
ev: SYN code=0
cnt=1 s0=fng (3765,2057) [filtered=32]
ev: ABS code=53 val=3761 (slot=0)
ev: ABS code=54 val=2054 (slot=0)
ev: ABS code=0 val=3761 (slot=0)
ev: ABS code=1 val=2054 (slot=0)
ev: SYN code=0
cnt=1 s0=fng (3761,2054) [filtered=32]
ev: ABS code=53 val=3756 (slot=0)
ev: ABS code=54 val=2051 (slot=0)
ev: ABS code=0 val=3756 (slot=0)
ev: ABS code=1 val=2051 (slot=0)
ev: SYN code=0
cnt=1 s0=fng (3756,2051) [filtered=32]
ev: ABS code=53 val=3752 (slot=0)
ev: ABS code=54 val=2049 (slot=0)
ev: ABS code=0 val=3752 (slot=0)
ev: ABS code=1 val=2049 (slot=0)
ev: SYN code=0
cnt=1 s0=fng (3752,2049) [filtered=32]
ev: ABS code=53 val=3749 (slot=0)
ev: ABS code=54 val=2046 (slot=0)
ev: ABS code=0 val=3749 (slot=0)
ev: ABS code=1 val=2046 (slot=0)
ev: SYN code=0
cnt=1 s0=fng (3749,2046) [filtered=32]
ev: ABS code=53 val=3747 (slot=0)
ev: ABS code=54 val=2043 (slot=0)
ev: ABS code=0 val=3747 (slot=0)
ev: ABS code=1 val=2043 (slot=0)
ev: SYN code=0
cnt=1 s0=fng (3747,2043) [filtered=32]
ev: ABS code=53 val=3746 (slot=0)
ev: ABS code=54 val=2041 (slot=0)
ev: ABS code=0 val=3746 (slot=0)
ev: ABS code=1 val=2041 (slot=0)
ev: SYN code=0
cnt=1 s0=fng (3746,2041) [filtered=32]
ev: ABS code=53 val=3745 (slot=0)
ev: ABS code=54 val=2040 (slot=0)
ev: ABS code=0 val=3745 (slot=0)
ev: ABS code=1 val=2040 (slot=0)
ev: SYN code=0
cnt=1 s0=fng (3745,2040) [filtered=32]
ev: ABS code=53 val=3744 (slot=0)
ev: ABS code=0 val=3744 (slot=0)
ev: SYN code=0
cnt=1 s0=fng (3744,2040) [filtered=32]
ev: ABS code=53 val=3743 (slot=0)
ev: ABS code=54 val=2039 (slot=0)
ev: ABS code=0 val=3743 (slot=0)
ev: ABS code=1 val=2039 (slot=0)
ev: SYN code=0
cnt=1 s0=fng (3743,2039) [filtered=32]
ev: ABS code=54 val=2038 (slot=0)
ev: ABS code=1 val=2038 (slot=0)
ev: SYN code=0
cnt=1 s0=fng (3743,2038) [filtered=32]
ev: ABS code=54 val=2036 (slot=0)
ev: ABS code=1 val=2036 (slot=0)
ev: SYN code=0
cnt=1 s0=fng (3743,2036) [filtered=32]
ev: ABS code=54 val=2034 (slot=0)
ev: ABS code=1 val=2034 (slot=0)
ev: SYN code=0
cnt=1 s0=fng (3743,2034) [filtered=32]
ev: ABS code=54 val=2032 (slot=0)
ev: ABS code=1 val=2032 (slot=0)
ev: SYN code=0
cnt=1 s0=fng (3743,2032) [filtered=32]
ev: ABS code=57 val=-1 (slot=0)
ev: KEY code=0x14a val=0
ev: KEY code=0x145 val=0
ev: SYN code=0
ev: ABS code=57 val=92 (slot=0)
ev: ABS code=53 val=2081 (slot=0)
ev: ABS code=54 val=2777 (slot=0)
ev: KEY code=0x14a val=1
ev: KEY code=0x145 val=1
ev: ABS code=0 val=2081 (slot=0)
ev: ABS code=1 val=2777 (slot=0)
ev: SYN code=0
cnt=1 s0=fng (2081,2777) [filtered=32]
ev: SYN code=0
cnt=1 s0=fng (2081,2777) [filtered=32]
ev: SYN code=0
cnt=1 s0=fng (2081,2777) [filtered=32]
ev: SYN code=0
cnt=1 s0=fng (2081,2777) [filtered=32]
ev: SYN code=0
cnt=1 s0=fng (2081,2777) [filtered=32]
ev: SYN code=0
cnt=1 s0=fng (2081,2777) [filtered=32]
ev: ABS code=54 val=2776 (slot=0)
ev: ABS code=1 val=2776 (slot=0)
ev: SYN code=0
cnt=1 s0=fng (2081,2776) [filtered=32]
ev: SYN code=0
cnt=1 s0=fng (2081,2776) [filtered=32]
ev: SYN code=0
cnt=1 s0=fng (2081,2776) [filtered=32]
ev: ABS code=54 val=2775 (slot=0)
ev: ABS code=1 val=2775 (slot=0)
ev: SYN code=0
cnt=1 s0=fng (2081,2775) [filtered=32]
ev: SYN code=0
cnt=1 s0=fng (2081,2775) [filtered=32]
ev: ABS code=54 val=2774 (slot=0)
ev: ABS code=1 val=2774 (slot=0)
ev: SYN code=0
cnt=1 s0=fng (2081,2774) [filtered=32]
ev: SYN code=0
cnt=1 s0=fng (2081,2774) [filtered=32]
ev: ABS code=54 val=2773 (slot=0)
ev: ABS code=1 val=2773 (slot=0)
ev: SYN code=0
cnt=1 s0=fng (2081,2773) [filtered=32]
ev: SYN code=0
cnt=1 s0=fng (2081,2773) [filtered=32]
ev: ABS code=54 val=2772 (slot=0)
ev: KEY code=0x110 val=1
click: x=2081 -> zone=0x112
ev: ABS code=1 val=2772 (slot=0)
ev: SYN code=0
cnt=1 s0=fng (2081,2772) [filtered=32]
ev: SYN code=0
cnt=1 s0=fng (2081,2772) [filtered=32]
ev: SYN code=0
cnt=1 s0=fng (2081,2772) [filtered=32]
ev: ABS code=54 val=2771 (slot=0)
ev: ABS code=1 val=2771 (slot=0)
ev: SYN code=0
cnt=1 s0=fng (2081,2771) [filtered=32]
ev: ABS code=54 val=2770 (slot=0)
ev: ABS code=1 val=2770 (slot=0)
ev: SYN code=0
cnt=1 s0=fng (2081,2770) [filtered=32]
ev: SYN code=0
cnt=1 s0=fng (2081,2770)* [filtered=32]
ev: SYN code=0
cnt=1 s0=fng (2081,2770)* [filtered=32]
ev: ABS code=54 val=2769 (slot=0)
ev: ABS code=1 val=2769 (slot=0)
ev: SYN code=0
cnt=1 s0=fng (2081,2769)* [filtered=32]
ev: SYN code=0
cnt=1 s0=fng (2081,2769)* [filtered=32]
ev: ABS code=53 val=2080 (slot=0)
ev: ABS code=54 val=2768 (slot=0)
ev: ABS code=0 val=2080 (slot=0)
ev: ABS code=1 val=2768 (slot=0)
ev: SYN code=0
cnt=1 s0=fng (2080,2768)* [filtered=32]
ev: ABS code=53 val=2079 (slot=0)
ev: ABS code=0 val=2079 (slot=0)
ev: SYN code=0
cnt=1 s0=fng (2079,2768)* [filtered=32]
ev: SYN code=0
cnt=1 s0=fng (2079,2768)* [filtered=32]
ev: SYN code=0
cnt=1 s0=fng (2079,2768)* [filtered=32]
ev: ABS code=53 val=2078 (slot=0)
ev: ABS code=54 val=2767 (slot=0)
ev: ABS code=0 val=2078 (slot=0)
ev: ABS code=1 val=2767 (slot=0)
ev: SYN code=0
cnt=1 s0=fng (2078,2767)* [filtered=32]
ev: ABS code=54 val=2766 (slot=0)
ev: ABS code=1 val=2766 (slot=0)
ev: SYN code=0
cnt=1 s0=fng (2078,2766)* [filtered=32]
ev: ABS code=53 val=2077 (slot=0)
ev: ABS code=0 val=2077 (slot=0)
ev: SYN code=0
cnt=1 s0=fng (2077,2766)* [filtered=32]
ev: SYN code=0
cnt=1 s0=fng (2077,2766)* [filtered=32]
ev: ABS code=54 val=2765 (slot=0)
ev: ABS code=1 val=2765 (slot=0)
ev: SYN code=0
cnt=1 s0=fng (2077,2765)* [filtered=32]
ev: ABS code=53 val=2076 (slot=0)
ev: ABS code=0 val=2076 (slot=0)
ev: SYN code=0
cnt=1 s0=fng (2076,2765)* [filtered=32]
ev: SYN code=0
cnt=1 s0=fng (2076,2765)* [filtered=32]
ev: SYN code=0
cnt=1 s0=fng (2076,2765)* [filtered=32]
ev: SYN code=0
cnt=1 s0=fng (2076,2765)* [filtered=32]
ev: SYN code=0
cnt=1 s0=fng (2076,2765)* [filtered=32]
ev: SYN code=0
cnt=1 s0=fng (2076,2765)* [filtered=32]
ev: SYN code=0
cnt=1 s0=fng (2076,2765)* [filtered=32]
ev: SYN code=0
cnt=1 s0=fng (2076,2765)* [filtered=32]
ev: SYN code=0
cnt=1 s0=fng (2076,2765)* [filtered=32]
ev: SYN code=0
cnt=1 s0=fng (2076,2765)* [filtered=32]
ev: SYN code=0
cnt=1 s0=fng (2076,2765)* [filtered=32]
ev: KEY code=0x110 val=0
ev: SYN code=0
cnt=1 s0=fng (2076,2765)* [filtered=32]
ev: SYN code=0
cnt=1 s0=fng (2076,2765)* [filtered=32]
ev: SYN code=0
cnt=1 s0=fng (2076,2765)* [filtered=32]
ev: SYN code=0
cnt=1 s0=fng (2076,2765)* [filtered=32]
ev: SYN code=0
cnt=1 s0=fng (2076,2765)* [filtered=32]
ev: SYN code=0
cnt=1 s0=fng (2076,2765)* [filtered=32]
ev: ABS code=53 val=2075 (slot=0)
ev: ABS code=0 val=2075 (slot=0)
ev: SYN code=0
cnt=1 s0=fng (2075,2765)* [filtered=32]
ev: ABS code=53 val=2074 (slot=0)
ev: ABS code=0 val=2074 (slot=0)
ev: SYN code=0
cnt=1 s0=fng (2074,2765)* [filtered=32]
ev: SYN code=0
cnt=1 s0=fng (2074,2765)* [filtered=32]
ev: ABS code=53 val=2073 (slot=0)
ev: ABS code=0 val=2073 (slot=0)
ev: SYN code=0
cnt=1 s0=fng (2073,2765)* [filtered=32]
ev: SYN code=0
cnt=1 s0=fng (2073,2765)* [filtered=32]
ev: ABS code=53 val=2072 (slot=0)
ev: ABS code=0 val=2072 (slot=0)
ev: SYN code=0
cnt=1 s0=fng (2072,2765)* [filtered=32]
ev: ABS code=53 val=2071 (slot=0)
ev: ABS code=0 val=2071 (slot=0)
ev: SYN code=0
cnt=1 s0=fng (2071,2765)* [filtered=32]
ev: ABS code=53 val=2070 (slot=0)
ev: ABS code=0 val=2070 (slot=0)
ev: SYN code=0
cnt=1 s0=fng (2070,2765)* [filtered=32]
ev: ABS code=53 val=2069 (slot=0)
ev: ABS code=0 val=2069 (slot=0)
ev: SYN code=0
cnt=1 s0=fng (2069,2765)* [filtered=32]
ev: SYN code=0
cnt=1 s0=fng (2069,2765)* [filtered=32]
ev: ABS code=53 val=2068 (slot=0)
ev: ABS code=0 val=2068 (slot=0)
ev: SYN code=0
cnt=1 s0=fng (2068,2765)* [filtered=32]
ev: ABS code=53 val=2067 (slot=0)
ev: ABS code=0 val=2067 (slot=0)
ev: SYN code=0
cnt=1 s0=fng (2067,2765)* [filtered=32]
ev: ABS code=53 val=2066 (slot=0)
ev: ABS code=0 val=2066 (slot=0)
ev: SYN code=0
cnt=1 s0=fng (2066,2765)* [filtered=32]
ev: ABS code=53 val=2065 (slot=0)
ev: ABS code=0 val=2065 (slot=0)
ev: SYN code=0
cnt=1 s0=fng (2065,2765)* [filtered=32]
ev: SYN code=0
cnt=1 s0=fng (2065,2765)* [filtered=32]
ev: SYN code=0
cnt=1 s0=fng (2065,2765)* [filtered=32]
ev: ABS code=53 val=2064 (slot=0)
ev: ABS code=0 val=2064 (slot=0)
ev: SYN code=0
cnt=1 s0=fng (2064,2765)* [filtered=32]
ev: ABS code=54 val=2764 (slot=0)
ev: ABS code=1 val=2764 (slot=0)
ev: SYN code=0
cnt=1 s0=fng (2064,2764)* [filtered=32]
ev: SYN code=0
cnt=1 s0=fng (2064,2764)* [filtered=32]
ev: SYN code=0
cnt=1 s0=fng (2064,2764)* [filtered=32]
ev: ABS code=54 val=2763 (slot=0)
ev: ABS code=1 val=2763 (slot=0)
ev: SYN code=0
cnt=1 s0=fng (2064,2763)* [filtered=32]
ev: ABS code=54 val=2762 (slot=0)
ev: ABS code=1 val=2762 (slot=0)
ev: SYN code=0
cnt=1 s0=fng (2064,2762)* [filtered=32]
ev: SYN code=0
cnt=1 s0=fng (2064,2762)* [filtered=32]
ev: SYN code=0
cnt=1 s0=fng (2064,2762)* [filtered=32]
ev: SYN code=0
cnt=1 s0=fng (2064,2762)* [filtered=32]
ev: ABS code=54 val=2761 (slot=0)
ev: KEY code=0x110 val=1
click: x=2064 -> zone=0x112
ev: ABS code=1 val=2761 (slot=0)
ev: SYN code=0
cnt=1 s0=fng (2064,2761)* [filtered=32]
ev: SYN code=0
cnt=1 s0=fng (2064,2761)* [filtered=32]
ev: SYN code=0
cnt=1 s0=fng (2064,2761)* [filtered=32]
ev: SYN code=0
cnt=1 s0=fng (2064,2761)* [filtered=32]
ev: SYN code=0
cnt=1 s0=fng (2064,2761)* [filtered=32]
ev: SYN code=0
cnt=1 s0=fng (2064,2761)* [filtered=32]
ev: SYN code=0
cnt=1 s0=fng (2064,2761)* [filtered=32]
ev: SYN code=0
cnt=1 s0=fng (2064,2761)* [filtered=32]
ev: ABS code=54 val=2760 (slot=0)
ev: ABS code=1 val=2760 (slot=0)
ev: SYN code=0
cnt=1 s0=fng (2064,2760)* [filtered=32]
ev: ABS code=53 val=2063 (slot=0)
ev: ABS code=0 val=2063 (slot=0)
ev: SYN code=0
cnt=1 s0=fng (2063,2760)* [filtered=32]
ev: SYN code=0
cnt=1 s0=fng (2063,2760)* [filtered=32]
ev: ABS code=53 val=2062 (slot=0)
ev: ABS code=0 val=2062 (slot=0)
ev: SYN code=0
cnt=1 s0=fng (2062,2760)* [filtered=32]
ev: SYN code=0
cnt=1 s0=fng (2062,2760)* [filtered=32]
ev: ABS code=53 val=2061 (slot=0)
ev: ABS code=0 val=2061 (slot=0)
ev: SYN code=0
cnt=1 s0=fng (2061,2760)* [filtered=32]
ev: SYN code=0
cnt=1 s0=fng (2061,2760)* [filtered=32]
ev: ABS code=53 val=2060 (slot=0)
ev: ABS code=0 val=2060 (slot=0)
ev: SYN code=0
cnt=1 s0=fng (2060,2760)* [filtered=32]
ev: SYN code=0
cnt=1 s0=fng (2060,2760)* [filtered=32]
ev: SYN code=0
cnt=1 s0=fng (2060,2760)* [filtered=32]
ev: ABS code=53 val=2059 (slot=0)
ev: ABS code=0 val=2059 (slot=0)
ev: SYN code=0
cnt=1 s0=fng (2059,2760)* [filtered=32]
ev: SYN code=0
cnt=1 s0=fng (2059,2760)* [filtered=32]
ev: ABS code=53 val=2058 (slot=0)
ev: ABS code=0 val=2058 (slot=0)
ev: SYN code=0
cnt=1 s0=fng (2058,2760)* [filtered=32]
ev: ABS code=53 val=2057 (slot=0)
ev: ABS code=0 val=2057 (slot=0)
ev: SYN code=0
cnt=1 s0=fng (2057,2760)* [filtered=32]
ev: ABS code=53 val=2056 (slot=0)
ev: KEY code=0x110 val=0
ev: ABS code=0 val=2056 (slot=0)
ev: SYN code=0
cnt=1 s0=fng (2056,2760)* [filtered=32]
ev: ABS code=53 val=2055 (slot=0)
ev: ABS code=0 val=2055 (slot=0)
ev: SYN code=0
cnt=1 s0=fng (2055,2760)* [filtered=32]
ev: ABS code=53 val=2054 (slot=0)
ev: ABS code=0 val=2054 (slot=0)
ev: SYN code=0
cnt=1 s0=fng (2054,2760)* [filtered=32]
ev: SYN code=0
cnt=1 s0=fng (2054,2760)* [filtered=32]
ev: SYN code=0
cnt=1 s0=fng (2054,2760)* [filtered=32]
ev: ABS code=53 val=2053 (slot=0)
ev: ABS code=54 val=2761 (slot=0)
ev: ABS code=0 val=2053 (slot=0)
ev: ABS code=1 val=2761 (slot=0)
ev: SYN code=0
cnt=1 s0=fng (2053,2761)* [filtered=32]
ev: ABS code=53 val=2052 (slot=0)
ev: ABS code=0 val=2052 (slot=0)
ev: SYN code=0
cnt=1 s0=fng (2052,2761)* [filtered=32]
ev: ABS code=54 val=2762 (slot=0)
ev: ABS code=1 val=2762 (slot=0)
ev: SYN code=0
cnt=1 s0=fng (2052,2762)* [filtered=32]
ev: ABS code=53 val=2051 (slot=0)
ev: ABS code=0 val=2051 (slot=0)
ev: SYN code=0
cnt=1 s0=fng (2051,2762)* [filtered=32]
ev: SYN code=0
cnt=1 s0=fng (2051,2762)* [filtered=32]
ev: ABS code=54 val=2763 (slot=0)
ev: ABS code=1 val=2763 (slot=0)
ev: SYN code=0
cnt=1 s0=fng (2051,2763)* [filtered=32]
ev: ABS code=54 val=2764 (slot=0)
ev: ABS code=1 val=2764 (slot=0)
ev: SYN code=0
cnt=1 s0=fng (2051,2764)* [filtered=32]
ev: SYN code=0
cnt=1 s0=fng (2051,2764)* [filtered=32]
ev: ABS code=54 val=2765 (slot=0)
ev: ABS code=1 val=2765 (slot=0)
ev: SYN code=0
cnt=1 s0=fng (2051,2765)* [filtered=32]
ev: SYN code=0
cnt=1 s0=fng (2051,2765)* [filtered=32]
ev: SYN code=0
cnt=1 s0=fng (2051,2765)* [filtered=32]
ev: SYN code=0
cnt=1 s0=fng (2051,2765)* [filtered=32]
ev: SYN code=0
cnt=1 s0=fng (2051,2765)* [filtered=32]
ev: SYN code=0
cnt=1 s0=fng (2051,2765)* [filtered=32]
ev: ABS code=54 val=2766 (slot=0)
ev: ABS code=1 val=2766 (slot=0)
ev: SYN code=0
cnt=1 s0=fng (2051,2766)* [filtered=32]
ev: SYN code=0
cnt=1 s0=fng (2051,2766)* [filtered=32]
ev: SYN code=0
cnt=1 s0=fng (2051,2766)* [filtered=32]
ev: SYN code=0
cnt=1 s0=fng (2051,2766)* [filtered=32]
ev: KEY code=0x110 val=1
click: x=2051 -> zone=0x112
ev: SYN code=0
cnt=1 s0=fng (2051,2766)* [filtered=32]
ev: SYN code=0
cnt=1 s0=fng (2051,2766)* [filtered=32]
ev: SYN code=0
cnt=1 s0=fng (2051,2766)* [filtered=32]
ev: SYN code=0
cnt=1 s0=fng (2051,2766)* [filtered=32]
ev: SYN code=0
cnt=1 s0=fng (2051,2766)* [filtered=32]
ev: SYN code=0
cnt=1 s0=fng (2051,2766)* [filtered=32]
ev: SYN code=0
cnt=1 s0=fng (2051,2766)* [filtered=32]
ev: SYN code=0
cnt=1 s0=fng (2051,2766)* [filtered=32]
ev: SYN code=0
cnt=1 s0=fng (2051,2766)* [filtered=32]
ev: SYN code=0
cnt=1 s0=fng (2051,2766)* [filtered=32]
ev: SYN code=0
cnt=1 s0=fng (2051,2766)* [filtered=32]
ev: SYN code=0
cnt=1 s0=fng (2051,2766)* [filtered=32]
ev: SYN code=0
cnt=1 s0=fng (2051,2766)* [filtered=32]
ev: SYN code=0
cnt=1 s0=fng (2051,2766)* [filtered=32]
ev: SYN code=0
cnt=1 s0=fng (2051,2766)* [filtered=32]
ev: ABS code=54 val=2767 (slot=0)
ev: ABS code=1 val=2767 (slot=0)
ev: SYN code=0
cnt=1 s0=fng (2051,2767)* [filtered=32]
ev: ABS code=54 val=2768 (slot=0)
ev: ABS code=1 val=2768 (slot=0)
ev: SYN code=0
cnt=1 s0=fng (2051,2768)* [filtered=32]
ev: SYN code=0
cnt=1 s0=fng (2051,2768)* [filtered=32]
ev: ABS code=53 val=2050 (slot=0)
ev: ABS code=54 val=2769 (slot=0)
ev: ABS code=0 val=2050 (slot=0)
ev: ABS code=1 val=2769 (slot=0)
ev: SYN code=0
cnt=1 s0=fng (2050,2769)* [filtered=32]
ev: KEY code=0x110 val=0
ev: SYN code=0
cnt=1 s0=fng (2050,2769)* [filtered=32]
ev: SYN code=0
cnt=1 s0=fng (2050,2769)* [filtered=32]
ev: ABS code=53 val=2049 (slot=0)
ev: ABS code=54 val=2770 (slot=0)
ev: ABS code=0 val=2049 (slot=0)
ev: ABS code=1 val=2770 (slot=0)
ev: SYN code=0
cnt=1 s0=fng (2049,2770)* [filtered=32]
ev: ABS code=53 val=2048 (slot=0)
ev: ABS code=0 val=2048 (slot=0)
ev: SYN code=0
cnt=1 s0=fng (2048,2770)* [filtered=32]
ev: SYN code=0
cnt=1 s0=fng (2048,2770)* [filtered=32]
ev: ABS code=54 val=2771 (slot=0)
ev: ABS code=1 val=2771 (slot=0)
ev: SYN code=0
cnt=1 s0=fng (2048,2771)* [filtered=32]
ev: ABS code=53 val=2047 (slot=0)
ev: ABS code=54 val=2772 (slot=0)
ev: ABS code=0 val=2047 (slot=0)
ev: ABS code=1 val=2772 (slot=0)
ev: SYN code=0
cnt=1 s0=fng (2047,2772)* [filtered=32]
ev: ABS code=53 val=2046 (slot=0)
ev: ABS code=54 val=2774 (slot=0)
ev: ABS code=0 val=2046 (slot=0)
ev: ABS code=1 val=2774 (slot=0)
ev: SYN code=0
cnt=1 s0=fng (2046,2774)* [filtered=32]
ev: ABS code=53 val=2045 (slot=0)
ev: ABS code=54 val=2776 (slot=0)
ev: ABS code=0 val=2045 (slot=0)
ev: ABS code=1 val=2776 (slot=0)
ev: SYN code=0
cnt=1 s0=fng (2045,2776)* [filtered=32]
ev: ABS code=53 val=2044 (slot=0)
ev: ABS code=54 val=2777 (slot=0)
ev: ABS code=0 val=2044 (slot=0)
ev: ABS code=1 val=2777 (slot=0)
ev: SYN code=0
cnt=1 s0=fng (2044,2777)* [filtered=32]
ev: ABS code=53 val=2042 (slot=0)
ev: ABS code=54 val=2779 (slot=0)
ev: ABS code=0 val=2042 (slot=0)
ev: ABS code=1 val=2779 (slot=0)
ev: SYN code=0
cnt=1 s0=fng (2042,2779) [filtered=32]
ev: ABS code=53 val=2039 (slot=0)
ev: ABS code=54 val=2783 (slot=0)
ev: ABS code=0 val=2039 (slot=0)
ev: ABS code=1 val=2783 (slot=0)
ev: SYN code=0
cnt=1 s0=fng (2039,2783) [filtered=32]
ev: ABS code=53 val=2035 (slot=0)
ev: ABS code=54 val=2788 (slot=0)
ev: ABS code=0 val=2035 (slot=0)
ev: ABS code=1 val=2788 (slot=0)
ev: SYN code=0
cnt=1 s0=fng (2035,2788) [filtered=32]
ev: ABS code=53 val=2031 (slot=0)
ev: ABS code=54 val=2793 (slot=0)
ev: ABS code=0 val=2031 (slot=0)
ev: ABS code=1 val=2793 (slot=0)
ev: SYN code=0
cnt=1 s0=fng (2031,2793) [filtered=32]
ev: ABS code=53 val=2027 (slot=0)
ev: ABS code=54 val=2799 (slot=0)
ev: ABS code=0 val=2027 (slot=0)
ev: ABS code=1 val=2799 (slot=0)
ev: SYN code=0
cnt=1 s0=fng (2027,2799) [filtered=32]
ev: ABS code=53 val=2024 (slot=0)
ev: ABS code=54 val=2804 (slot=0)
ev: ABS code=0 val=2024 (slot=0)
ev: ABS code=1 val=2804 (slot=0)
ev: SYN code=0
cnt=1 s0=fng (2024,2804) [filtered=32]
ev: ABS code=57 val=-1 (slot=0)
ev: KEY code=0x14a val=0
ev: KEY code=0x145 val=0
ev: SYN code=0
ev: ABS code=57 val=93 (slot=0)
ev: ABS code=53 val=623 (slot=0)
ev: ABS code=54 val=2424 (slot=0)
ev: KEY code=0x14a val=1
ev: KEY code=0x145 val=1
ev: ABS code=0 val=623 (slot=0)
ev: ABS code=1 val=2424 (slot=0)
ev: SYN code=0
cnt=1 s0=fng (623,2424) [filtered=32]
ev: SYN code=0
cnt=1 s0=fng (623,2424) [filtered=32]
ev: ABS code=53 val=622 (slot=0)
ev: ABS code=54 val=2425 (slot=0)
ev: ABS code=0 val=622 (slot=0)
ev: ABS code=1 val=2425 (slot=0)
ev: SYN code=0
cnt=1 s0=fng (622,2425) [filtered=32]
ev: SYN code=0
cnt=1 s0=fng (622,2425) [filtered=32]
ev: SYN code=0
cnt=1 s0=fng (622,2425) [filtered=32]
ev: ABS code=53 val=621 (slot=0)
ev: ABS code=0 val=621 (slot=0)
ev: SYN code=0
cnt=1 s0=fng (621,2425) [filtered=32]
ev: ABS code=53 val=620 (slot=0)
ev: ABS code=0 val=620 (slot=0)
ev: SYN code=0
cnt=1 s0=fng (620,2425) [filtered=32]
ev: ABS code=53 val=619 (slot=0)
ev: ABS code=0 val=619 (slot=0)
ev: SYN code=0
cnt=1 s0=fng (619,2425) [filtered=32]
ev: SYN code=0
cnt=1 s0=fng (619,2425) [filtered=32]
ev: ABS code=53 val=618 (slot=0)
ev: ABS code=0 val=618 (slot=0)
ev: SYN code=0
cnt=1 s0=fng (618,2425) [filtered=32]
ev: ABS code=53 val=617 (slot=0)
ev: ABS code=54 val=2426 (slot=0)
ev: ABS code=0 val=617 (slot=0)
ev: ABS code=1 val=2426 (slot=0)
ev: SYN code=0
cnt=1 s0=fng (617,2426) [filtered=32]
ev: ABS code=53 val=615 (slot=0)
ev: ABS code=0 val=615 (slot=0)
ev: SYN code=0
cnt=1 s0=fng (615,2426) [filtered=32]
ev: ABS code=53 val=613 (slot=0)
ev: ABS code=54 val=2427 (slot=0)
ev: ABS code=0 val=613 (slot=0)
ev: ABS code=1 val=2427 (slot=0)
ev: SYN code=0
cnt=1 s0=fng (613,2427) [filtered=32]
ev: ABS code=53 val=612 (slot=0)
ev: ABS code=0 val=612 (slot=0)
ev: SYN code=0
cnt=1 s0=fng (612,2427) [filtered=32]
ev: ABS code=53 val=611 (slot=0)
ev: ABS code=54 val=2428 (slot=0)
ev: ABS code=0 val=611 (slot=0)
ev: ABS code=1 val=2428 (slot=0)
ev: SYN code=0
cnt=1 s0=fng (611,2428) [filtered=32]
ev: ABS code=53 val=609 (slot=0)
ev: ABS code=0 val=609 (slot=0)
ev: SYN code=0
cnt=1 s0=fng (609,2428) [filtered=32]
ev: ABS code=53 val=606 (slot=0)
ev: ABS code=54 val=2429 (slot=0)
ev: ABS code=0 val=606 (slot=0)
ev: ABS code=1 val=2429 (slot=0)
ev: SYN code=0
cnt=1 s0=fng (606,2429) [filtered=32]
ev: ABS code=53 val=602 (slot=0)
ev: ABS code=54 val=2431 (slot=0)
ev: ABS code=0 val=602 (slot=0)
ev: ABS code=1 val=2431 (slot=0)
ev: SYN code=0
cnt=1 s0=fng (602,2431) [filtered=32]
ev: ABS code=53 val=599 (slot=0)
ev: ABS code=54 val=2432 (slot=0)
ev: ABS code=0 val=599 (slot=0)
ev: ABS code=1 val=2432 (slot=0)
ev: SYN code=0
cnt=1 s0=fng (599,2432) [filtered=32]
ev: ABS code=53 val=594 (slot=0)
ev: ABS code=54 val=2434 (slot=0)
ev: ABS code=0 val=594 (slot=0)
ev: ABS code=1 val=2434 (slot=0)
ev: SYN code=0
cnt=1 s0=fng (594,2434) [filtered=32]
ev: ABS code=53 val=589 (slot=0)
ev: ABS code=54 val=2437 (slot=0)
ev: ABS code=0 val=589 (slot=0)
ev: ABS code=1 val=2437 (slot=0)
ev: SYN code=0
cnt=1 s0=fng (589,2437) [filtered=32]
ev: ABS code=53 val=584 (slot=0)
ev: ABS code=54 val=2440 (slot=0)
ev: ABS code=0 val=584 (slot=0)
ev: ABS code=1 val=2440 (slot=0)
ev: SYN code=0
cnt=1 s0=fng (584,2440) [filtered=32]
ev: ABS code=53 val=580 (slot=0)
ev: ABS code=54 val=2441 (slot=0)
ev: ABS code=0 val=580 (slot=0)
ev: ABS code=1 val=2441 (slot=0)
ev: SYN code=0
cnt=1 s0=fng (580,2441) [filtered=32]
ev: ABS code=53 val=576 (slot=0)
ev: ABS code=54 val=2444 (slot=0)
ev: ABS code=0 val=576 (slot=0)
ev: ABS code=1 val=2444 (slot=0)
ev: SYN code=0
cnt=1 s0=fng (576,2444) [filtered=32]
ev: ABS code=53 val=571 (slot=0)
ev: ABS code=54 val=2448 (slot=0)
ev: ABS code=0 val=571 (slot=0)
ev: ABS code=1 val=2448 (slot=0)
ev: SYN code=0
cnt=1 s0=fng (571,2448) [filtered=32]
ev: ABS code=53 val=566 (slot=0)
ev: ABS code=54 val=2452 (slot=0)
ev: ABS code=0 val=566 (slot=0)
ev: ABS code=1 val=2452 (slot=0)
ev: SYN code=0
cnt=1 s0=fng (566,2452) [filtered=32]
ev: ABS code=53 val=561 (slot=0)
ev: ABS code=54 val=2456 (slot=0)
ev: ABS code=0 val=561 (slot=0)
ev: ABS code=1 val=2456 (slot=0)
ev: SYN code=0
cnt=1 s0=fng (561,2456) [filtered=32]
ev: ABS code=53 val=557 (slot=0)
ev: ABS code=54 val=2458 (slot=0)
ev: ABS code=0 val=557 (slot=0)
ev: ABS code=1 val=2458 (slot=0)
ev: SYN code=0
cnt=1 s0=fng (557,2458) [filtered=32]
ev: ABS code=53 val=553 (slot=0)
ev: ABS code=54 val=2461 (slot=0)
ev: ABS code=0 val=553 (slot=0)
ev: ABS code=1 val=2461 (slot=0)
ev: SYN code=0
cnt=1 s0=fng (553,2461) [filtered=32]
ev: ABS code=53 val=548 (slot=0)
ev: ABS code=54 val=2465 (slot=0)
ev: ABS code=0 val=548 (slot=0)
ev: ABS code=1 val=2465 (slot=0)
ev: SYN code=0
cnt=1 s0=fng (548,2465) [filtered=32]
ev: ABS code=53 val=544 (slot=0)
ev: ABS code=54 val=2469 (slot=0)
ev: ABS code=0 val=544 (slot=0)
ev: ABS code=1 val=2469 (slot=0)
ev: SYN code=0
cnt=1 s0=fng (544,2469) [filtered=32]
ev: ABS code=53 val=540 (slot=0)
ev: ABS code=54 val=2473 (slot=0)
ev: ABS code=0 val=540 (slot=0)
ev: ABS code=1 val=2473 (slot=0)
ev: SYN code=0
cnt=1 s0=fng (540,2473) [filtered=32]
ev: ABS code=53 val=537 (slot=0)
ev: ABS code=54 val=2476 (slot=0)
ev: ABS code=0 val=537 (slot=0)
ev: ABS code=1 val=2476 (slot=0)
ev: SYN code=0
cnt=1 s0=fng (537,2476) [filtered=32]
ev: ABS code=53 val=534 (slot=0)
ev: ABS code=54 val=2480 (slot=0)
ev: ABS code=0 val=534 (slot=0)
ev: ABS code=1 val=2480 (slot=0)
ev: SYN code=0
cnt=1 s0=fng (534,2480) [filtered=32]
ev: ABS code=53 val=532 (slot=0)
ev: ABS code=54 val=2484 (slot=0)
ev: KEY code=0x110 val=1
click: x=532 -> zone=0x110
ev: ABS code=0 val=532 (slot=0)
ev: ABS code=1 val=2484 (slot=0)
ev: SYN code=0
cnt=1 s0=fng (532,2484) [filtered=32]
ev: ABS code=53 val=529 (slot=0)
ev: ABS code=54 val=2488 (slot=0)
ev: ABS code=0 val=529 (slot=0)
ev: ABS code=1 val=2488 (slot=0)
ev: SYN code=0
cnt=1 s0=fng (529,2488) [filtered=32]
ev: ABS code=53 val=527 (slot=0)
ev: ABS code=54 val=2491 (slot=0)
ev: ABS code=0 val=527 (slot=0)
ev: ABS code=1 val=2491 (slot=0)
ev: SYN code=0
cnt=1 s0=fng (527,2491) [filtered=32]
ev: ABS code=53 val=525 (slot=0)
ev: ABS code=54 val=2494 (slot=0)
ev: ABS code=0 val=525 (slot=0)
ev: ABS code=1 val=2494 (slot=0)
ev: SYN code=0
cnt=1 s0=fng (525,2494) [filtered=32]
ev: ABS code=53 val=524 (slot=0)
ev: ABS code=54 val=2497 (slot=0)
ev: ABS code=0 val=524 (slot=0)
ev: ABS code=1 val=2497 (slot=0)
ev: SYN code=0
cnt=1 s0=fng (524,2497) [filtered=32]
ev: ABS code=53 val=522 (slot=0)
ev: ABS code=54 val=2501 (slot=0)
ev: ABS code=0 val=522 (slot=0)
ev: ABS code=1 val=2501 (slot=0)
ev: SYN code=0
cnt=1 s0=fng (522,2501) [filtered=32]
ev: ABS code=53 val=520 (slot=0)
ev: ABS code=54 val=2505 (slot=0)
ev: ABS code=0 val=520 (slot=0)
ev: ABS code=1 val=2505 (slot=0)
ev: SYN code=0
cnt=1 s0=fng (520,2505) [filtered=32]
ev: ABS code=53 val=519 (slot=0)
ev: ABS code=54 val=2508 (slot=0)
ev: ABS code=0 val=519 (slot=0)
ev: ABS code=1 val=2508 (slot=0)
ev: SYN code=0
cnt=1 s0=fng (519,2508) [filtered=32]
ev: ABS code=53 val=518 (slot=0)
ev: ABS code=54 val=2511 (slot=0)
ev: ABS code=0 val=518 (slot=0)
ev: ABS code=1 val=2511 (slot=0)
ev: SYN code=0
cnt=1 s0=fng (518,2511) [filtered=32]
ev: ABS code=53 val=517 (slot=0)
ev: ABS code=54 val=2513 (slot=0)
ev: ABS code=0 val=517 (slot=0)
ev: ABS code=1 val=2513 (slot=0)
ev: SYN code=0
cnt=1 s0=fng (517,2513) [filtered=32]
ev: ABS code=53 val=516 (slot=0)
ev: ABS code=54 val=2515 (slot=0)
ev: ABS code=0 val=516 (slot=0)
ev: ABS code=1 val=2515 (slot=0)
ev: SYN code=0
cnt=1 s0=fng (516,2515) [filtered=32]
ev: ABS code=53 val=515 (slot=0)
ev: ABS code=54 val=2518 (slot=0)
ev: ABS code=0 val=515 (slot=0)
ev: ABS code=1 val=2518 (slot=0)
ev: SYN code=0
cnt=1 s0=fng (515,2518) [filtered=32]
ev: ABS code=54 val=2520 (slot=0)
ev: ABS code=1 val=2520 (slot=0)
ev: SYN code=0
cnt=1 s0=fng (515,2520) [filtered=32]
ev: ABS code=53 val=514 (slot=0)
ev: ABS code=54 val=2521 (slot=0)
ev: ABS code=0 val=514 (slot=0)
ev: ABS code=1 val=2521 (slot=0)
ev: SYN code=0
cnt=1 s0=fng (514,2521) [filtered=32]
ev: ABS code=54 val=2523 (slot=0)
ev: ABS code=1 val=2523 (slot=0)
ev: SYN code=0
cnt=1 s0=fng (514,2523) [filtered=32]
ev: ABS code=53 val=513 (slot=0)
ev: ABS code=54 val=2525 (slot=0)
ev: ABS code=0 val=513 (slot=0)
ev: ABS code=1 val=2525 (slot=0)
ev: SYN code=0
cnt=1 s0=fng (513,2525) [filtered=32]
ev: ABS code=54 val=2526 (slot=0)
ev: ABS code=1 val=2526 (slot=0)
ev: SYN code=0
cnt=1 s0=fng (513,2526) [filtered=32]
ev: ABS code=53 val=512 (slot=0)
ev: ABS code=54 val=2527 (slot=0)
ev: ABS code=0 val=512 (slot=0)
ev: ABS code=1 val=2527 (slot=0)
ev: SYN code=0
cnt=1 s0=fng (512,2527) [filtered=32]
ev: ABS code=54 val=2528 (slot=0)
ev: ABS code=1 val=2528 (slot=0)
ev: SYN code=0
cnt=1 s0=fng (512,2528) [filtered=32]
ev: ABS code=53 val=511 (slot=0)
ev: ABS code=54 val=2529 (slot=0)
ev: ABS code=0 val=511 (slot=0)
ev: ABS code=1 val=2529 (slot=0)
ev: SYN code=0
cnt=1 s0=fng (511,2529) [filtered=32]
ev: ABS code=54 val=2530 (slot=0)
ev: ABS code=1 val=2530 (slot=0)
ev: SYN code=0
cnt=1 s0=fng (511,2530) [filtered=32]
ev: ABS code=54 val=2531 (slot=0)
ev: ABS code=1 val=2531 (slot=0)
ev: SYN code=0
cnt=1 s0=fng (511,2531) [filtered=32]
ev: ABS code=53 val=510 (slot=0)
ev: ABS code=54 val=2532 (slot=0)
ev: ABS code=0 val=510 (slot=0)
ev: ABS code=1 val=2532 (slot=0)
ev: SYN code=0
cnt=1 s0=fng (510,2532) [filtered=32]
ev: SYN code=0
cnt=1 s0=fng (510,2532) [filtered=32]
ev: ABS code=54 val=2533 (slot=0)
ev: ABS code=1 val=2533 (slot=0)
ev: SYN code=0
cnt=1 s0=fng (510,2533) [filtered=32]
ev: SYN code=0
cnt=1 s0=fng (510,2533) [filtered=32]
ev: SYN code=0
cnt=1 s0=fng (510,2533) [filtered=32]
ev: SYN code=0
cnt=1 s0=fng (510,2533) [filtered=32]
ev: SYN code=0
cnt=1 s0=fng (510,2533) [filtered=32]
ev: ABS code=53 val=511 (slot=0)
ev: KEY code=0x110 val=0
ev: ABS code=0 val=511 (slot=0)
ev: SYN code=0
cnt=1 s0=fng (511,2533) [filtered=32]
ev: SYN code=0
cnt=1 s0=fng (511,2533) [filtered=32]
ev: SYN code=0
cnt=1 s0=fng (511,2533)* [filtered=32]
ev: ABS code=53 val=512 (slot=0)
ev: ABS code=54 val=2532 (slot=0)
ev: ABS code=0 val=512 (slot=0)
ev: ABS code=1 val=2532 (slot=0)
ev: SYN code=0
cnt=1 s0=fng (512,2532)* [filtered=32]
ev: ABS code=53 val=513 (slot=0)
ev: ABS code=0 val=513 (slot=0)
ev: SYN code=0
cnt=1 s0=fng (513,2532)* [filtered=32]
ev: ABS code=53 val=514 (slot=0)
ev: ABS code=54 val=2531 (slot=0)
ev: ABS code=0 val=514 (slot=0)
ev: ABS code=1 val=2531 (slot=0)
ev: SYN code=0
cnt=1 s0=fng (514,2531)* [filtered=32]
ev: ABS code=53 val=515 (slot=0)
ev: ABS code=0 val=515 (slot=0)
ev: SYN code=0
cnt=1 s0=fng (515,2531)* [filtered=32]
ev: ABS code=53 val=516 (slot=0)
ev: ABS code=0 val=516 (slot=0)
ev: SYN code=0
cnt=1 s0=fng (516,2531)* [filtered=32]
ev: ABS code=53 val=518 (slot=0)
ev: ABS code=54 val=2530 (slot=0)
ev: ABS code=0 val=518 (slot=0)
ev: ABS code=1 val=2530 (slot=0)
ev: SYN code=0
cnt=1 s0=fng (518,2530)* [filtered=32]
ev: ABS code=53 val=520 (slot=0)
ev: ABS code=0 val=520 (slot=0)
ev: SYN code=0
cnt=1 s0=fng (520,2530)* [filtered=32]
ev: ABS code=53 val=522 (slot=0)
ev: ABS code=54 val=2529 (slot=0)
ev: ABS code=0 val=522 (slot=0)
ev: ABS code=1 val=2529 (slot=0)
ev: SYN code=0
cnt=1 s0=fng (522,2529)* [filtered=32]
ev: ABS code=53 val=523 (slot=0)
ev: ABS code=0 val=523 (slot=0)
ev: SYN code=0
cnt=1 s0=fng (523,2529)* [filtered=32]
ev: ABS code=53 val=524 (slot=0)
ev: ABS code=54 val=2528 (slot=0)
ev: ABS code=0 val=524 (slot=0)
ev: ABS code=1 val=2528 (slot=0)
ev: SYN code=0
cnt=1 s0=fng (524,2528)* [filtered=32]
ev: ABS code=53 val=526 (slot=0)
ev: ABS code=0 val=526 (slot=0)
ev: SYN code=0
cnt=1 s0=fng (526,2528)* [filtered=32]
ev: ABS code=53 val=528 (slot=0)
ev: ABS code=0 val=528 (slot=0)
ev: SYN code=0
cnt=1 s0=fng (528,2528)* [filtered=32]
ev: ABS code=53 val=530 (slot=0)
ev: ABS code=0 val=530 (slot=0)
ev: SYN code=0
cnt=1 s0=fng (530,2528)* [filtered=32]
ev: ABS code=53 val=531 (slot=0)
ev: ABS code=0 val=531 (slot=0)
ev: SYN code=0
cnt=1 s0=fng (531,2528)* [filtered=32]
ev: ABS code=53 val=532 (slot=0)
ev: ABS code=0 val=532 (slot=0)
ev: SYN code=0
cnt=1 s0=fng (532,2528)* [filtered=32]
ev: ABS code=53 val=533 (slot=0)
ev: ABS code=0 val=533 (slot=0)
ev: SYN code=0
cnt=1 s0=fng (533,2528)* [filtered=32]
ev: ABS code=53 val=534 (slot=0)
ev: ABS code=0 val=534 (slot=0)
ev: SYN code=0
cnt=1 s0=fng (534,2528)* [filtered=32]
ev: ABS code=53 val=535 (slot=0)
ev: ABS code=0 val=535 (slot=0)
ev: SYN code=0
cnt=1 s0=fng (535,2528)* [filtered=32]
ev: ABS code=53 val=536 (slot=0)
ev: ABS code=0 val=536 (slot=0)
ev: SYN code=0
cnt=1 s0=fng (536,2528)* [filtered=32]
ev: ABS code=53 val=537 (slot=0)
ev: ABS code=0 val=537 (slot=0)
ev: SYN code=0
cnt=1 s0=fng (537,2528)* [filtered=32]
ev: ABS code=53 val=538 (slot=0)
ev: ABS code=0 val=538 (slot=0)
ev: SYN code=0
cnt=1 s0=fng (538,2528)* [filtered=32]
ev: SYN code=0
cnt=1 s0=fng (538,2528)* [filtered=32]
ev: SYN code=0
cnt=1 s0=fng (538,2528)* [filtered=32]
ev: ABS code=53 val=539 (slot=0)
ev: ABS code=0 val=539 (slot=0)
ev: SYN code=0
cnt=1 s0=fng (539,2528)* [filtered=32]
ev: ABS code=53 val=540 (slot=0)
ev: ABS code=0 val=540 (slot=0)
ev: SYN code=0
cnt=1 s0=fng (540,2528)* [filtered=32]
ev: SYN code=0
cnt=1 s0=fng (540,2528)* [filtered=32]
ev: ABS code=53 val=541 (slot=0)
ev: ABS code=0 val=541 (slot=0)
ev: SYN code=0
cnt=1 s0=fng (541,2528)* [filtered=32]
ev: SYN code=0
cnt=1 s0=fng (541,2528)* [filtered=32]
ev: SYN code=0
cnt=1 s0=fng (541,2528)* [filtered=32]
ev: ABS code=53 val=542 (slot=0)
ev: KEY code=0x110 val=1
click: x=542 -> zone=0x110
ev: ABS code=0 val=542 (slot=0)
ev: SYN code=0
cnt=1 s0=fng (542,2528)* [filtered=32]
ev: SYN code=0
cnt=1 s0=fng (542,2528)* [filtered=32]
ev: SYN code=0
cnt=1 s0=fng (542,2528)* [filtered=32]
ev: ABS code=53 val=543 (slot=0)
ev: ABS code=0 val=543 (slot=0)
ev: SYN code=0
cnt=1 s0=fng (543,2528)* [filtered=32]
ev: SYN code=0
cnt=1 s0=fng (543,2528)* [filtered=32]
ev: ABS code=53 val=544 (slot=0)
ev: ABS code=0 val=544 (slot=0)
ev: SYN code=0
cnt=1 s0=fng (544,2528)* [filtered=32]
ev: SYN code=0
cnt=1 s0=fng (544,2528)* [filtered=32]
ev: SYN code=0
cnt=1 s0=fng (544,2528)* [filtered=32]
ev: SYN code=0
cnt=1 s0=fng (544,2528)* [filtered=32]
ev: SYN code=0
cnt=1 s0=fng (544,2528)* [filtered=32]
ev: SYN code=0
cnt=1 s0=fng (544,2528)* [filtered=32]
ev: SYN code=0
cnt=1 s0=fng (544,2528)* [filtered=32]
ev: SYN code=0
cnt=1 s0=fng (544,2528)* [filtered=32]
ev: SYN code=0
cnt=1 s0=fng (544,2528)* [filtered=32]
ev: SYN code=0
cnt=1 s0=fng (544,2528)* [filtered=32]
ev: SYN code=0
cnt=1 s0=fng (544,2528)* [filtered=32]
ev: SYN code=0
cnt=1 s0=fng (544,2528)* [filtered=32]
ev: SYN code=0
cnt=1 s0=fng (544,2528)* [filtered=32]
ev: SYN code=0
cnt=1 s0=fng (544,2528)* [filtered=32]
ev: SYN code=0
cnt=1 s0=fng (544,2528)* [filtered=32]
ev: SYN code=0
cnt=1 s0=fng (544,2528)* [filtered=32]
ev: KEY code=0x110 val=0
ev: SYN code=0
cnt=1 s0=fng (544,2528)* [filtered=32]
ev: SYN code=0
cnt=1 s0=fng (544,2528)* [filtered=32]
ev: SYN code=0
cnt=1 s0=fng (544,2528)* [filtered=32]
ev: ABS code=53 val=545 (slot=0)
ev: ABS code=0 val=545 (slot=0)
ev: SYN code=0
cnt=1 s0=fng (545,2528)* [filtered=32]
ev: SYN code=0
cnt=1 s0=fng (545,2528)* [filtered=32]
ev: SYN code=0
cnt=1 s0=fng (545,2528)* [filtered=32]
ev: ABS code=53 val=546 (slot=0)
ev: ABS code=0 val=546 (slot=0)
ev: SYN code=0
cnt=1 s0=fng (546,2528)* [filtered=32]
ev: SYN code=0
cnt=1 s0=fng (546,2528)* [filtered=32]
ev: ABS code=53 val=547 (slot=0)
ev: ABS code=0 val=547 (slot=0)
ev: SYN code=0
cnt=1 s0=fng (547,2528)* [filtered=32]
ev: SYN code=0
cnt=1 s0=fng (547,2528)* [filtered=32]
ev: SYN code=0
cnt=1 s0=fng (547,2528)* [filtered=32]
ev: ABS code=53 val=548 (slot=0)
ev: ABS code=0 val=548 (slot=0)
ev: SYN code=0
cnt=1 s0=fng (548,2528)* [filtered=32]
ev: ABS code=53 val=549 (slot=0)
ev: ABS code=0 val=549 (slot=0)
ev: SYN code=0
cnt=1 s0=fng (549,2528)* [filtered=32]
ev: SYN code=0
cnt=1 s0=fng (549,2528)* [filtered=32]
ev: SYN code=0
cnt=1 s0=fng (549,2528)* [filtered=32]
ev: ABS code=53 val=550 (slot=0)
ev: ABS code=0 val=550 (slot=0)
ev: SYN code=0
cnt=1 s0=fng (550,2528)* [filtered=32]
ev: SYN code=0
cnt=1 s0=fng (550,2528)* [filtered=32]
ev: SYN code=0
cnt=1 s0=fng (550,2528)* [filtered=32]
ev: SYN code=0
cnt=1 s0=fng (550,2528)* [filtered=32]
ev: SYN code=0
cnt=1 s0=fng (550,2528)* [filtered=32]
ev: SYN code=0
cnt=1 s0=fng (550,2528)* [filtered=32]
ev: SYN code=0
cnt=1 s0=fng (550,2528)* [filtered=32]
ev: SYN code=0
cnt=1 s0=fng (550,2528)* [filtered=32]
ev: SYN code=0
cnt=1 s0=fng (550,2528)* [filtered=32]
ev: SYN code=0
cnt=1 s0=fng (550,2528)* [filtered=32]
ev: SYN code=0
cnt=1 s0=fng (550,2528)* [filtered=32]
ev: SYN code=0
cnt=1 s0=fng (550,2528)* [filtered=32]
ev: KEY code=0x110 val=1
click: x=550 -> zone=0x110
ev: SYN code=0
cnt=1 s0=fng (550,2528)* [filtered=32]
ev: SYN code=0
cnt=1 s0=fng (550,2528)* [filtered=32]
ev: SYN code=0
cnt=1 s0=fng (550,2528)* [filtered=32]
ev: SYN code=0
cnt=1 s0=fng (550,2528)* [filtered=32]
ev: SYN code=0
cnt=1 s0=fng (550,2528)* [filtered=32]
ev: SYN code=0
cnt=1 s0=fng (550,2528)* [filtered=32]
ev: SYN code=0
cnt=1 s0=fng (550,2528)* [filtered=32]
ev: SYN code=0
cnt=1 s0=fng (550,2528)* [filtered=32]
ev: SYN code=0
cnt=1 s0=fng (550,2528)* [filtered=32]
ev: SYN code=0
cnt=1 s0=fng (550,2528)* [filtered=32]
ev: SYN code=0
cnt=1 s0=fng (550,2528)* [filtered=32]
ev: SYN code=0
cnt=1 s0=fng (550,2528)* [filtered=32]
ev: SYN code=0
cnt=1 s0=fng (550,2528)* [filtered=32]
ev: SYN code=0
cnt=1 s0=fng (550,2528)* [filtered=32]
ev: SYN code=0
cnt=1 s0=fng (550,2528)* [filtered=32]
ev: KEY code=0x110 val=0
ev: SYN code=0
cnt=1 s0=fng (550,2528)* [filtered=32]
ev: SYN code=0
cnt=1 s0=fng (550,2528)* [filtered=32]
ev: SYN code=0
cnt=1 s0=fng (550,2528)* [filtered=32]
ev: SYN code=0
cnt=1 s0=fng (550,2528)* [filtered=32]
ev: SYN code=0
cnt=1 s0=fng (550,2528)* [filtered=32]
ev: SYN code=0
cnt=1 s0=fng (550,2528)* [filtered=32]
ev: SYN code=0
cnt=1 s0=fng (550,2528)* [filtered=32]
ev: SYN code=0
cnt=1 s0=fng (550,2528)* [filtered=32]
ev: ABS code=53 val=551 (slot=0)
ev: ABS code=0 val=551 (slot=0)
ev: SYN code=0
cnt=1 s0=fng (551,2528)* [filtered=32]
ev: SYN code=0
cnt=1 s0=fng (551,2528)* [filtered=32]
ev: SYN code=0
cnt=1 s0=fng (551,2528)* [filtered=32]
ev: ABS code=53 val=552 (slot=0)
ev: ABS code=0 val=552 (slot=0)
ev: SYN code=0
cnt=1 s0=fng (552,2528)* [filtered=32]
ev: SYN code=0
cnt=1 s0=fng (552,2528)* [filtered=32]
ev: ABS code=53 val=553 (slot=0)
ev: ABS code=0 val=553 (slot=0)
ev: SYN code=0
cnt=1 s0=fng (553,2528)* [filtered=32]
ev: ABS code=53 val=554 (slot=0)
ev: ABS code=0 val=554 (slot=0)
ev: SYN code=0
cnt=1 s0=fng (554,2528)* [filtered=32]
ev: SYN code=0
cnt=1 s0=fng (554,2528)* [filtered=32]
ev: SYN code=0
cnt=1 s0=fng (554,2528)* [filtered=32]
ev: ABS code=53 val=555 (slot=0)
ev: ABS code=0 val=555 (slot=0)
ev: SYN code=0
cnt=1 s0=fng (555,2528)* [filtered=32]
ev: SYN code=0
cnt=1 s0=fng (555,2528)* [filtered=32]
ev: SYN code=0
cnt=1 s0=fng (555,2528)* [filtered=32]
ev: SYN code=0
cnt=1 s0=fng (555,2528)* [filtered=32]
ev: SYN code=0
cnt=1 s0=fng (555,2528)* [filtered=32]
ev: SYN code=0
cnt=1 s0=fng (555,2528)* [filtered=32]
ev: SYN code=0
cnt=1 s0=fng (555,2528)* [filtered=32]
ev: SYN code=0
cnt=1 s0=fng (555,2528)* [filtered=32]
ev: KEY code=0x110 val=1
click: x=555 -> zone=0x110
ev: SYN code=0
cnt=1 s0=fng (555,2528)* [filtered=32]
ev: SYN code=0
cnt=1 s0=fng (555,2528)* [filtered=32]
ev: SYN code=0
cnt=1 s0=fng (555,2528)* [filtered=32]
ev: ABS code=53 val=554 (slot=0)
ev: ABS code=0 val=554 (slot=0)
ev: SYN code=0
cnt=1 s0=fng (554,2528)* [filtered=32]
ev: SYN code=0
cnt=1 s0=fng (554,2528)* [filtered=32]
ev: SYN code=0
cnt=1 s0=fng (554,2528)* [filtered=32]
ev: ABS code=53 val=553 (slot=0)
ev: ABS code=0 val=553 (slot=0)
ev: SYN code=0
cnt=1 s0=fng (553,2528)* [filtered=32]
ev: ABS code=53 val=552 (slot=0)
ev: ABS code=0 val=552 (slot=0)
ev: SYN code=0
cnt=1 s0=fng (552,2528)* [filtered=32]
ev: SYN code=0
cnt=1 s0=fng (552,2528)* [filtered=32]
ev: SYN code=0
cnt=1 s0=fng (552,2528)* [filtered=32]
ev: ABS code=53 val=551 (slot=0)
ev: ABS code=0 val=551 (slot=0)
ev: SYN code=0
cnt=1 s0=fng (551,2528)* [filtered=32]
ev: ABS code=53 val=550 (slot=0)
ev: ABS code=0 val=550 (slot=0)
ev: SYN code=0
cnt=1 s0=fng (550,2528)* [filtered=32]
ev: ABS code=53 val=549 (slot=0)
ev: ABS code=0 val=549 (slot=0)
ev: SYN code=0
cnt=1 s0=fng (549,2528)* [filtered=32]
ev: ABS code=53 val=548 (slot=0)
ev: ABS code=0 val=548 (slot=0)
ev: SYN code=0
cnt=1 s0=fng (548,2528)* [filtered=32]
ev: SYN code=0
cnt=1 s0=fng (548,2528)* [filtered=32]
ev: ABS code=53 val=547 (slot=0)
ev: ABS code=0 val=547 (slot=0)
ev: SYN code=0
cnt=1 s0=fng (547,2528)* [filtered=32]
ev: SYN code=0
cnt=1 s0=fng (547,2528)* [filtered=32]
ev: ABS code=53 val=546 (slot=0)
ev: KEY code=0x110 val=0
ev: ABS code=0 val=546 (slot=0)
ev: SYN code=0
cnt=1 s0=fng (546,2528)* [filtered=32]
ev: SYN code=0
cnt=1 s0=fng (546,2528)* [filtered=32]
ev: SYN code=0
cnt=1 s0=fng (546,2528)* [filtered=32]
ev: ABS code=53 val=545 (slot=0)
ev: ABS code=0 val=545 (slot=0)
ev: SYN code=0
cnt=1 s0=fng (545,2528)* [filtered=32]
ev: SYN code=0
cnt=1 s0=fng (545,2528)* [filtered=32]
ev: ABS code=53 val=544 (slot=0)
ev: ABS code=0 val=544 (slot=0)
ev: SYN code=0
cnt=1 s0=fng (544,2528)* [filtered=32]
ev: SYN code=0
cnt=1 s0=fng (544,2528)* [filtered=32]
ev: ABS code=54 val=2527 (slot=0)
ev: ABS code=1 val=2527 (slot=0)
ev: SYN code=0
cnt=1 s0=fng (544,2527)* [filtered=32]
ev: SYN code=0
cnt=1 s0=fng (544,2527)* [filtered=32]
ev: ABS code=54 val=2526 (slot=0)
ev: ABS code=1 val=2526 (slot=0)
ev: SYN code=0
cnt=1 s0=fng (544,2526)* [filtered=32]
ev: SYN code=0
cnt=1 s0=fng (544,2526)* [filtered=32]
ev: SYN code=0
cnt=1 s0=fng (544,2526)* [filtered=32]
ev: ABS code=54 val=2525 (slot=0)
ev: ABS code=1 val=2525 (slot=0)
ev: SYN code=0
cnt=1 s0=fng (544,2525)* [filtered=32]
ev: SYN code=0
cnt=1 s0=fng (544,2525)* [filtered=32]
ev: SYN code=0
cnt=1 s0=fng (544,2525)* [filtered=32]
ev: ABS code=54 val=2524 (slot=0)
ev: ABS code=1 val=2524 (slot=0)
ev: SYN code=0
cnt=1 s0=fng (544,2524)* [filtered=32]
ev: SYN code=0
cnt=1 s0=fng (544,2524)* [filtered=32]
ev: SYN code=0
cnt=1 s0=fng (544,2524)* [filtered=32]
ev: SYN code=0
cnt=1 s0=fng (544,2524)* [filtered=32]
ev: SYN code=0
cnt=1 s0=fng (544,2524)* [filtered=32]
ev: SYN code=0
cnt=1 s0=fng (544,2524)* [filtered=32]
ev: SYN code=0
cnt=1 s0=fng (544,2524)* [filtered=32]
ev: SYN code=0
cnt=1 s0=fng (544,2524)* [filtered=32]
ev: KEY code=0x110 val=1
click: x=544 -> zone=0x110
ev: SYN code=0
cnt=1 s0=fng (544,2524)* [filtered=32]
ev: SYN code=0
cnt=1 s0=fng (544,2524)* [filtered=32]
ev: SYN code=0
cnt=1 s0=fng (544,2524)* [filtered=32]
ev: SYN code=0
cnt=1 s0=fng (544,2524)* [filtered=32]
ev: ABS code=53 val=543 (slot=0)
ev: ABS code=0 val=543 (slot=0)
ev: SYN code=0
cnt=1 s0=fng (543,2524)* [filtered=32]
ev: SYN code=0
cnt=1 s0=fng (543,2524)* [filtered=32]
ev: ABS code=53 val=542 (slot=0)
ev: ABS code=0 val=542 (slot=0)
ev: SYN code=0
cnt=1 s0=fng (542,2524)* [filtered=32]
ev: SYN code=0
cnt=1 s0=fng (542,2524)* [filtered=32]
ev: SYN code=0
cnt=1 s0=fng (542,2524)* [filtered=32]
ev: ABS code=53 val=541 (slot=0)
ev: ABS code=0 val=541 (slot=0)
ev: SYN code=0
cnt=1 s0=fng (541,2524)* [filtered=32]
ev: SYN code=0
cnt=1 s0=fng (541,2524)* [filtered=32]
ev: SYN code=0
cnt=1 s0=fng (541,2524)* [filtered=32]
ev: ABS code=53 val=540 (slot=0)
ev: ABS code=0 val=540 (slot=0)
ev: SYN code=0
cnt=1 s0=fng (540,2524)* [filtered=32]
ev: SYN code=0
cnt=1 s0=fng (540,2524)* [filtered=32]
ev: ABS code=53 val=539 (slot=0)
ev: ABS code=0 val=539 (slot=0)
ev: SYN code=0
cnt=1 s0=fng (539,2524)* [filtered=32]
ev: ABS code=53 val=538 (slot=0)
ev: KEY code=0x110 val=0
ev: ABS code=0 val=538 (slot=0)
ev: SYN code=0
cnt=1 s0=fng (538,2524)* [filtered=32]
ev: SYN code=0
cnt=1 s0=fng (538,2524)* [filtered=32]
ev: SYN code=0
cnt=1 s0=fng (538,2524)* [filtered=32]
ev: ABS code=53 val=537 (slot=0)
ev: ABS code=0 val=537 (slot=0)
ev: SYN code=0
cnt=1 s0=fng (537,2524)* [filtered=32]
ev: SYN code=0
cnt=1 s0=fng (537,2524)* [filtered=32]
ev: SYN code=0
cnt=1 s0=fng (537,2524)* [filtered=32]
ev: SYN code=0
cnt=1 s0=fng (537,2524)* [filtered=32]
ev: SYN code=0
cnt=1 s0=fng (537,2524)* [filtered=32]
ev: ABS code=54 val=2525 (slot=0)
ev: ABS code=1 val=2525 (slot=0)
ev: SYN code=0
cnt=1 s0=fng (537,2525)* [filtered=32]
ev: ABS code=54 val=2526 (slot=0)
ev: ABS code=1 val=2526 (slot=0)
ev: SYN code=0
cnt=1 s0=fng (537,2526)* [filtered=32]
ev: SYN code=0
cnt=1 s0=fng (537,2526)* [filtered=32]
ev: SYN code=0
cnt=1 s0=fng (537,2526)* [filtered=32]
ev: ABS code=54 val=2527 (slot=0)
ev: ABS code=1 val=2527 (slot=0)
ev: SYN code=0
cnt=1 s0=fng (537,2527)* [filtered=32]
ev: SYN code=0
cnt=1 s0=fng (537,2527)* [filtered=32]
ev: ABS code=54 val=2528 (slot=0)
ev: ABS code=1 val=2528 (slot=0)
ev: SYN code=0
cnt=1 s0=fng (537,2528)* [filtered=32]
ev: SYN code=0
cnt=1 s0=fng (537,2528)* [filtered=32]
ev: SYN code=0
cnt=1 s0=fng (537,2528)* [filtered=32]
ev: ABS code=54 val=2529 (slot=0)
ev: ABS code=1 val=2529 (slot=0)
ev: SYN code=0
cnt=1 s0=fng (537,2529)* [filtered=32]
ev: ABS code=54 val=2530 (slot=0)
ev: ABS code=1 val=2530 (slot=0)
ev: SYN code=0
cnt=1 s0=fng (537,2530)* [filtered=32]
ev: SYN code=0
cnt=1 s0=fng (537,2530)* [filtered=32]
ev: SYN code=0
cnt=1 s0=fng (537,2530)* [filtered=32]
ev: SYN code=0
cnt=1 s0=fng (537,2530)* [filtered=32]
ev: KEY code=0x110 val=1
click: x=537 -> zone=0x110
ev: SYN code=0
cnt=1 s0=fng (537,2530)* [filtered=32]
ev: SYN code=0
cnt=1 s0=fng (537,2530)* [filtered=32]
ev: SYN code=0
cnt=1 s0=fng (537,2530)* [filtered=32]
ev: SYN code=0
cnt=1 s0=fng (537,2530)* [filtered=32]
ev: SYN code=0
cnt=1 s0=fng (537,2530)* [filtered=32]
ev: SYN code=0
cnt=1 s0=fng (537,2530)* [filtered=32]
ev: SYN code=0
cnt=1 s0=fng (537,2530)* [filtered=32]
ev: SYN code=0
cnt=1 s0=fng (537,2530)* [filtered=32]
ev: SYN code=0
cnt=1 s0=fng (537,2530)* [filtered=32]
ev: SYN code=0
cnt=1 s0=fng (537,2530)* [filtered=32]
ev: SYN code=0
cnt=1 s0=fng (537,2530)* [filtered=32]
ev: KEY code=0x110 val=0
ev: SYN code=0
cnt=1 s0=fng (537,2530)* [filtered=32]
ev: SYN code=0
cnt=1 s0=fng (537,2530)* [filtered=32]
ev: SYN code=0
cnt=1 s0=fng (537,2530)* [filtered=32]
ev: SYN code=0
cnt=1 s0=fng (537,2530)* [filtered=32]
ev: SYN code=0
cnt=1 s0=fng (537,2530)* [filtered=32]
ev: ABS code=54 val=2531 (slot=0)
ev: ABS code=1 val=2531 (slot=0)
ev: SYN code=0
cnt=1 s0=fng (537,2531)* [filtered=32]
ev: SYN code=0
cnt=1 s0=fng (537,2531)* [filtered=32]
ev: SYN code=0
cnt=1 s0=fng (537,2531)* [filtered=32]
ev: ABS code=54 val=2532 (slot=0)
ev: ABS code=1 val=2532 (slot=0)
ev: SYN code=0
cnt=1 s0=fng (537,2532)* [filtered=32]
ev: ABS code=54 val=2533 (slot=0)
ev: ABS code=1 val=2533 (slot=0)
ev: SYN code=0
cnt=1 s0=fng (537,2533)* [filtered=32]
ev: SYN code=0
cnt=1 s0=fng (537,2533)* [filtered=32]
ev: ABS code=54 val=2534 (slot=0)
ev: ABS code=1 val=2534 (slot=0)
ev: SYN code=0
cnt=1 s0=fng (537,2534)* [filtered=32]
ev: ABS code=54 val=2536 (slot=0)
ev: ABS code=1 val=2536 (slot=0)
ev: SYN code=0
cnt=1 s0=fng (537,2536)* [filtered=32]
ev: ABS code=54 val=2539 (slot=0)
ev: ABS code=1 val=2539 (slot=0)
ev: SYN code=0
cnt=1 s0=fng (537,2539)* [filtered=32]
ev: ABS code=54 val=2543 (slot=0)
ev: ABS code=1 val=2543 (slot=0)
ev: SYN code=0
cnt=1 s0=fng (537,2543) [filtered=32]
ev: ABS code=54 val=2545 (slot=0)
ev: ABS code=1 val=2545 (slot=0)
ev: SYN code=0
cnt=1 s0=fng (537,2545) [filtered=32]
ev: ABS code=54 val=2549 (slot=0)
ev: ABS code=1 val=2549 (slot=0)
ev: SYN code=0
cnt=1 s0=fng (537,2549) [filtered=32]
ev: ABS code=54 val=2554 (slot=0)
ev: ABS code=1 val=2554 (slot=0)
ev: SYN code=0
cnt=1 s0=fng (537,2554) [filtered=32]
ev: ABS code=54 val=2559 (slot=0)
ev: ABS code=1 val=2559 (slot=0)
ev: SYN code=0
cnt=1 s0=fng (537,2559) [filtered=32]
ev: ABS code=54 val=2563 (slot=0)
ev: ABS code=1 val=2563 (slot=0)
ev: SYN code=0
cnt=1 s0=fng (537,2563) [filtered=32]
ev: ABS code=54 val=2566 (slot=0)
ev: ABS code=1 val=2566 (slot=0)
ev: SYN code=0
cnt=1 s0=fng (537,2566) [filtered=32]
ev: ABS code=54 val=2569 (slot=0)
ev: ABS code=1 val=2569 (slot=0)
ev: SYN code=0
cnt=1 s0=fng (537,2569) [filtered=32]
ev: ABS code=54 val=2572 (slot=0)
ev: ABS code=1 val=2572 (slot=0)
ev: SYN code=0
cnt=1 s0=fng (537,2572) [filtered=32]
ev: ABS code=54 val=2575 (slot=0)
ev: ABS code=1 val=2575 (slot=0)
ev: SYN code=0
cnt=1 s0=fng (537,2575) [filtered=32]
ev: ABS code=54 val=2577 (slot=0)
ev: ABS code=1 val=2577 (slot=0)
ev: SYN code=0
cnt=1 s0=fng (537,2577) [filtered=32]
ev: ABS code=54 val=2578 (slot=0)
ev: KEY code=0x110 val=1
click: x=537 -> zone=0x110
ev: ABS code=1 val=2578 (slot=0)
ev: SYN code=0
cnt=1 s0=fng (537,2578) [filtered=32]
ev: SYN code=0
cnt=1 s0=fng (537,2578) [filtered=32]
ev: SYN code=0
cnt=1 s0=fng (537,2578) [filtered=32]
ev: SYN code=0
cnt=1 s0=fng (537,2578) [filtered=32]
ev: SYN code=0
cnt=1 s0=fng (537,2578) [filtered=32]
ev: SYN code=0
cnt=1 s0=fng (537,2578) [filtered=32]
ev: SYN code=0
cnt=1 s0=fng (537,2578) [filtered=32]
ev: ABS code=53 val=536 (slot=0)
ev: ABS code=0 val=536 (slot=0)
ev: SYN code=0
cnt=1 s0=fng (536,2578) [filtered=32]
ev: SYN code=0
cnt=1 s0=fng (536,2578) [filtered=32]
ev: SYN code=0
cnt=1 s0=fng (536,2578) [filtered=32]
ev: ABS code=53 val=535 (slot=0)
ev: ABS code=0 val=535 (slot=0)
ev: SYN code=0
cnt=1 s0=fng (535,2578) [filtered=32]
ev: ABS code=53 val=534 (slot=0)
ev: ABS code=0 val=534 (slot=0)
ev: SYN code=0
cnt=1 s0=fng (534,2578) [filtered=32]
ev: ABS code=53 val=533 (slot=0)
ev: KEY code=0x110 val=0
ev: ABS code=0 val=533 (slot=0)
ev: SYN code=0
cnt=1 s0=fng (533,2578) [filtered=32]
ev: ABS code=53 val=532 (slot=0)
ev: ABS code=0 val=532 (slot=0)
ev: SYN code=0
cnt=1 s0=fng (532,2578) [filtered=32]
ev: SYN code=0
cnt=1 s0=fng (532,2578)* [filtered=32]
ev: ABS code=53 val=531 (slot=0)
ev: ABS code=0 val=531 (slot=0)
ev: SYN code=0
cnt=1 s0=fng (531,2578)* [filtered=32]
ev: ABS code=53 val=530 (slot=0)
ev: ABS code=54 val=2579 (slot=0)
ev: ABS code=0 val=530 (slot=0)
ev: ABS code=1 val=2579 (slot=0)
ev: SYN code=0
cnt=1 s0=fng (530,2579)* [filtered=32]
ev: SYN code=0
cnt=1 s0=fng (530,2579)* [filtered=32]
ev: SYN code=0
cnt=1 s0=fng (530,2579)* [filtered=32]
ev: ABS code=53 val=529 (slot=0)
ev: ABS code=54 val=2580 (slot=0)
ev: ABS code=0 val=529 (slot=0)
ev: ABS code=1 val=2580 (slot=0)
ev: SYN code=0
cnt=1 s0=fng (529,2580)* [filtered=32]
ev: ABS code=54 val=2581 (slot=0)
ev: ABS code=1 val=2581 (slot=0)
ev: SYN code=0
cnt=1 s0=fng (529,2581)* [filtered=32]
ev: ABS code=54 val=2582 (slot=0)
ev: ABS code=1 val=2582 (slot=0)
ev: SYN code=0
cnt=1 s0=fng (529,2582)* [filtered=32]
ev: ABS code=54 val=2583 (slot=0)
ev: ABS code=1 val=2583 (slot=0)
ev: SYN code=0
cnt=1 s0=fng (529,2583)* [filtered=32]
ev: ABS code=54 val=2584 (slot=0)
ev: ABS code=1 val=2584 (slot=0)
ev: SYN code=0
cnt=1 s0=fng (529,2584)* [filtered=32]
ev: ABS code=54 val=2585 (slot=0)
ev: ABS code=1 val=2585 (slot=0)
ev: SYN code=0
cnt=1 s0=fng (529,2585)* [filtered=32]
ev: SYN code=0
cnt=1 s0=fng (529,2585)* [filtered=32]
ev: SYN code=0
cnt=1 s0=fng (529,2585)* [filtered=32]
ev: SYN code=0
cnt=1 s0=fng (529,2585)* [filtered=32]
ev: SYN code=0
cnt=1 s0=fng (529,2585)* [filtered=32]
ev: SYN code=0
cnt=1 s0=fng (529,2585)* [filtered=32]
ev: KEY code=0x110 val=1
click: x=529 -> zone=0x110
ev: SYN code=0
cnt=1 s0=fng (529,2585)* [filtered=32]
ev: SYN code=0
cnt=1 s0=fng (529,2585)* [filtered=32]
ev: SYN code=0
cnt=1 s0=fng (529,2585)* [filtered=32]
ev: SYN code=0
cnt=1 s0=fng (529,2585)* [filtered=32]
ev: SYN code=0
cnt=1 s0=fng (529,2585)* [filtered=32]
ev: SYN code=0
cnt=1 s0=fng (529,2585)* [filtered=32]
ev: SYN code=0
cnt=1 s0=fng (529,2585)* [filtered=32]
ev: KEY code=0x110 val=0
ev: SYN code=0
cnt=1 s0=fng (529,2585)* [filtered=32]
ev: SYN code=0
cnt=1 s0=fng (529,2585)* [filtered=32]
ev: ABS code=54 val=2586 (slot=0)
ev: ABS code=1 val=2586 (slot=0)
ev: SYN code=0
cnt=1 s0=fng (529,2586)* [filtered=32]
ev: ABS code=54 val=2587 (slot=0)
ev: ABS code=1 val=2587 (slot=0)
ev: SYN code=0
cnt=1 s0=fng (529,2587)* [filtered=32]
ev: SYN code=0
cnt=1 s0=fng (529,2587)* [filtered=32]
ev: SYN code=0
cnt=1 s0=fng (529,2587)* [filtered=32]
ev: ABS code=54 val=2588 (slot=0)
ev: ABS code=1 val=2588 (slot=0)
ev: SYN code=0
cnt=1 s0=fng (529,2588)* [filtered=32]
ev: ABS code=54 val=2589 (slot=0)
ev: ABS code=1 val=2589 (slot=0)
ev: SYN code=0
cnt=1 s0=fng (529,2589)* [filtered=32]
ev: ABS code=54 val=2590 (slot=0)
ev: ABS code=1 val=2590 (slot=0)
ev: SYN code=0
cnt=1 s0=fng (529,2590)* [filtered=32]
ev: ABS code=54 val=2591 (slot=0)
ev: ABS code=1 val=2591 (slot=0)
ev: SYN code=0
cnt=1 s0=fng (529,2591)* [filtered=32]
ev: ABS code=54 val=2592 (slot=0)
ev: ABS code=1 val=2592 (slot=0)
ev: SYN code=0
cnt=1 s0=fng (529,2592)* [filtered=32]
ev: ABS code=54 val=2593 (slot=0)
ev: ABS code=1 val=2593 (slot=0)
ev: SYN code=0
cnt=1 s0=fng (529,2593)* [filtered=32]
ev: ABS code=54 val=2594 (slot=0)
ev: ABS code=1 val=2594 (slot=0)
ev: SYN code=0
cnt=1 s0=fng (529,2594)* [filtered=32]
ev: ABS code=54 val=2595 (slot=0)
ev: ABS code=1 val=2595 (slot=0)
ev: SYN code=0
cnt=1 s0=fng (529,2595)* [filtered=32]
ev: ABS code=54 val=2596 (slot=0)
ev: ABS code=1 val=2596 (slot=0)
ev: SYN code=0
cnt=1 s0=fng (529,2596)* [filtered=32]
ev: ABS code=54 val=2597 (slot=0)
ev: ABS code=1 val=2597 (slot=0)
ev: SYN code=0
cnt=1 s0=fng (529,2597)* [filtered=32]
ev: ABS code=54 val=2598 (slot=0)
ev: ABS code=1 val=2598 (slot=0)
ev: SYN code=0
cnt=1 s0=fng (529,2598)* [filtered=32]
ev: ABS code=53 val=530 (slot=0)
ev: ABS code=0 val=530 (slot=0)
ev: SYN code=0
cnt=1 s0=fng (530,2598)* [filtered=32]
ev: SYN code=0
cnt=1 s0=fng (530,2598)* [filtered=32]
ev: KEY code=0x110 val=1
click: x=530 -> zone=0x110
ev: SYN code=0
cnt=1 s0=fng (530,2598)* [filtered=32]
ev: ABS code=53 val=531 (slot=0)
ev: ABS code=0 val=531 (slot=0)
ev: SYN code=0
cnt=1 s0=fng (531,2598)* [filtered=32]
ev: ABS code=53 val=532 (slot=0)
ev: ABS code=0 val=532 (slot=0)
ev: SYN code=0
cnt=1 s0=fng (532,2598)* [filtered=32]
ev: SYN code=0
cnt=1 s0=fng (532,2598)* [filtered=32]
ev: ABS code=53 val=533 (slot=0)
ev: ABS code=0 val=533 (slot=0)
ev: SYN code=0
cnt=1 s0=fng (533,2598)* [filtered=32]
ev: SYN code=0
cnt=1 s0=fng (533,2598)* [filtered=32]
ev: SYN code=0
cnt=1 s0=fng (533,2598)* [filtered=32]
ev: SYN code=0
cnt=1 s0=fng (533,2598)* [filtered=32]
ev: ABS code=54 val=2599 (slot=0)
ev: KEY code=0x110 val=0
ev: ABS code=1 val=2599 (slot=0)
ev: SYN code=0
cnt=1 s0=fng (533,2599)* [filtered=32]
ev: SYN code=0
cnt=1 s0=fng (533,2599)* [filtered=32]
ev: SYN code=0
cnt=1 s0=fng (533,2599)* [filtered=32]
ev: ABS code=54 val=2600 (slot=0)
ev: ABS code=1 val=2600 (slot=0)
ev: SYN code=0
cnt=1 s0=fng (533,2600)* [filtered=32]
ev: ABS code=54 val=2601 (slot=0)
ev: ABS code=1 val=2601 (slot=0)
ev: SYN code=0
cnt=1 s0=fng (533,2601)* [filtered=32]
ev: ABS code=54 val=2602 (slot=0)
ev: ABS code=1 val=2602 (slot=0)
ev: SYN code=0
cnt=1 s0=fng (533,2602)* [filtered=32]
ev: SYN code=0
cnt=1 s0=fng (533,2602)* [filtered=32]
ev: ABS code=54 val=2603 (slot=0)
ev: ABS code=1 val=2603 (slot=0)
ev: SYN code=0
cnt=1 s0=fng (533,2603)* [filtered=32]
ev: ABS code=54 val=2604 (slot=0)
ev: ABS code=1 val=2604 (slot=0)
ev: SYN code=0
cnt=1 s0=fng (533,2604)* [filtered=32]
ev: ABS code=54 val=2606 (slot=0)
ev: ABS code=1 val=2606 (slot=0)
ev: SYN code=0
cnt=1 s0=fng (533,2606)* [filtered=32]
ev: ABS code=54 val=2608 (slot=0)
ev: ABS code=1 val=2608 (slot=0)
ev: SYN code=0
cnt=1 s0=fng (533,2608)* [filtered=32]
ev: ABS code=54 val=2609 (slot=0)
ev: ABS code=1 val=2609 (slot=0)
ev: SYN code=0
cnt=1 s0=fng (533,2609)* [filtered=32]
ev: ABS code=54 val=2610 (slot=0)
ev: ABS code=1 val=2610 (slot=0)
ev: SYN code=0
cnt=1 s0=fng (533,2610)* [filtered=32]
ev: ABS code=54 val=2611 (slot=0)
ev: ABS code=1 val=2611 (slot=0)
ev: SYN code=0
cnt=1 s0=fng (533,2611)* [filtered=32]
ev: ABS code=54 val=2613 (slot=0)
ev: ABS code=1 val=2613 (slot=0)
ev: SYN code=0
cnt=1 s0=fng (533,2613)* [filtered=32]
ev: ABS code=54 val=2614 (slot=0)
ev: ABS code=1 val=2614 (slot=0)
ev: SYN code=0
cnt=1 s0=fng (533,2614)* [filtered=32]
ev: ABS code=54 val=2615 (slot=0)
ev: ABS code=1 val=2615 (slot=0)
ev: SYN code=0
cnt=1 s0=fng (533,2615)* [filtered=32]
ev: ABS code=53 val=534 (slot=0)
ev: ABS code=0 val=534 (slot=0)
ev: SYN code=0
cnt=1 s0=fng (534,2615)* [filtered=32]
ev: SYN code=0
cnt=1 s0=fng (534,2615)* [filtered=32]
ev: ABS code=53 val=535 (slot=0)
ev: ABS code=0 val=535 (slot=0)
ev: SYN code=0
cnt=1 s0=fng (535,2615)* [filtered=32]
ev: ABS code=53 val=536 (slot=0)
ev: KEY code=0x110 val=1
click: x=536 -> zone=0x110
ev: ABS code=0 val=536 (slot=0)
ev: SYN code=0
cnt=1 s0=fng (536,2615)* [filtered=32]
ev: SYN code=0
cnt=1 s0=fng (536,2615)* [filtered=32]
ev: SYN code=0
cnt=1 s0=fng (536,2615)* [filtered=32]
ev: ABS code=53 val=537 (slot=0)
ev: ABS code=54 val=2614 (slot=0)
ev: ABS code=0 val=537 (slot=0)
ev: ABS code=1 val=2614 (slot=0)
ev: SYN code=0
cnt=1 s0=fng (537,2614)* [filtered=32]
ev: SYN code=0
cnt=1 s0=fng (537,2614)* [filtered=32]
ev: SYN code=0
cnt=1 s0=fng (537,2614)* [filtered=32]
ev: ABS code=53 val=538 (slot=0)
ev: ABS code=54 val=2613 (slot=0)
ev: ABS code=0 val=538 (slot=0)
ev: ABS code=1 val=2613 (slot=0)
ev: SYN code=0
cnt=1 s0=fng (538,2613)* [filtered=32]
ev: SYN code=0
cnt=1 s0=fng (538,2613)* [filtered=32]
ev: ABS code=54 val=2612 (slot=0)
ev: ABS code=1 val=2612 (slot=0)
ev: SYN code=0
cnt=1 s0=fng (538,2612)* [filtered=32]
ev: KEY code=0x110 val=0
ev: SYN code=0
cnt=1 s0=fng (538,2612)* [filtered=32]
ev: SYN code=0
cnt=1 s0=fng (538,2612)* [filtered=32]
ev: SYN code=0
cnt=1 s0=fng (538,2612)* [filtered=32]
ev: SYN code=0
cnt=1 s0=fng (538,2612)* [filtered=32]
ev: SYN code=0
cnt=1 s0=fng (538,2612)* [filtered=32]
ev: SYN code=0
cnt=1 s0=fng (538,2612)* [filtered=32]
ev: SYN code=0
cnt=1 s0=fng (538,2612)* [filtered=32]
ev: ABS code=54 val=2613 (slot=0)
ev: ABS code=1 val=2613 (slot=0)
ev: SYN code=0
cnt=1 s0=fng (538,2613)* [filtered=32]
ev: SYN code=0
cnt=1 s0=fng (538,2613)* [filtered=32]
ev: ABS code=54 val=2614 (slot=0)
ev: ABS code=1 val=2614 (slot=0)
ev: SYN code=0
cnt=1 s0=fng (538,2614)* [filtered=32]
ev: ABS code=54 val=2615 (slot=0)
ev: ABS code=1 val=2615 (slot=0)
ev: SYN code=0
cnt=1 s0=fng (538,2615)* [filtered=32]
ev: SYN code=0
cnt=1 s0=fng (538,2615)* [filtered=32]
ev: ABS code=54 val=2616 (slot=0)
ev: ABS code=1 val=2616 (slot=0)
ev: SYN code=0
cnt=1 s0=fng (538,2616)* [filtered=32]
ev: ABS code=54 val=2617 (slot=0)
ev: ABS code=1 val=2617 (slot=0)
ev: SYN code=0
cnt=1 s0=fng (538,2617)* [filtered=32]
ev: ABS code=54 val=2618 (slot=0)
ev: ABS code=1 val=2618 (slot=0)
ev: SYN code=0
cnt=1 s0=fng (538,2618)* [filtered=32]
ev: ABS code=54 val=2619 (slot=0)
ev: ABS code=1 val=2619 (slot=0)
ev: SYN code=0
cnt=1 s0=fng (538,2619)* [filtered=32]
ev: ABS code=54 val=2620 (slot=0)
ev: ABS code=1 val=2620 (slot=0)
ev: SYN code=0
cnt=1 s0=fng (538,2620)* [filtered=32]
ev: ABS code=54 val=2621 (slot=0)
ev: ABS code=1 val=2621 (slot=0)
ev: SYN code=0
cnt=1 s0=fng (538,2621)* [filtered=32]
ev: ABS code=53 val=539 (slot=0)
ev: ABS code=0 val=539 (slot=0)
ev: SYN code=0
cnt=1 s0=fng (539,2621)* [filtered=32]
ev: ABS code=53 val=540 (slot=0)
ev: ABS code=54 val=2620 (slot=0)
ev: KEY code=0x110 val=1
click: x=540 -> zone=0x110
ev: ABS code=0 val=540 (slot=0)
ev: ABS code=1 val=2620 (slot=0)
ev: SYN code=0
cnt=1 s0=fng (540,2620)* [filtered=32]
ev: SYN code=0
cnt=1 s0=fng (540,2620)* [filtered=32]
ev: ABS code=54 val=2619 (slot=0)
ev: ABS code=1 val=2619 (slot=0)
ev: SYN code=0
cnt=1 s0=fng (540,2619)* [filtered=32]
ev: ABS code=53 val=541 (slot=0)
ev: ABS code=54 val=2618 (slot=0)
ev: ABS code=0 val=541 (slot=0)
ev: ABS code=1 val=2618 (slot=0)
ev: SYN code=0
cnt=1 s0=fng (541,2618)* [filtered=32]
ev: ABS code=54 val=2616 (slot=0)
ev: ABS code=1 val=2616 (slot=0)
ev: SYN code=0
cnt=1 s0=fng (541,2616)* [filtered=32]
ev: ABS code=54 val=2615 (slot=0)
ev: ABS code=1 val=2615 (slot=0)
ev: SYN code=0
cnt=1 s0=fng (541,2615)* [filtered=32]
ev: ABS code=53 val=542 (slot=0)
ev: ABS code=54 val=2614 (slot=0)
ev: ABS code=0 val=542 (slot=0)
ev: ABS code=1 val=2614 (slot=0)
ev: SYN code=0
cnt=1 s0=fng (542,2614)* [filtered=32]
ev: ABS code=54 val=2613 (slot=0)
ev: ABS code=1 val=2613 (slot=0)
ev: SYN code=0
cnt=1 s0=fng (542,2613)* [filtered=32]
ev: ABS code=54 val=2612 (slot=0)
ev: ABS code=1 val=2612 (slot=0)
ev: SYN code=0
cnt=1 s0=fng (542,2612)* [filtered=32]
ev: ABS code=54 val=2611 (slot=0)
ev: ABS code=1 val=2611 (slot=0)
ev: SYN code=0
cnt=1 s0=fng (542,2611)* [filtered=32]
ev: KEY code=0x110 val=0
ev: SYN code=0
cnt=1 s0=fng (542,2611)* [filtered=32]
ev: ABS code=54 val=2610 (slot=0)
ev: ABS code=1 val=2610 (slot=0)
ev: SYN code=0
cnt=1 s0=fng (542,2610)* [filtered=32]
ev: SYN code=0
cnt=1 s0=fng (542,2610)* [filtered=32]
ev: SYN code=0
cnt=1 s0=fng (542,2610)* [filtered=32]
ev: SYN code=0
cnt=1 s0=fng (542,2610)* [filtered=32]
ev: SYN code=0
cnt=1 s0=fng (542,2610)* [filtered=32]
ev: SYN code=0
cnt=1 s0=fng (542,2610)* [filtered=32]
ev: ABS code=54 val=2611 (slot=0)
ev: ABS code=1 val=2611 (slot=0)
ev: SYN code=0
cnt=1 s0=fng (542,2611)* [filtered=32]
ev: ABS code=54 val=2612 (slot=0)
ev: ABS code=1 val=2612 (slot=0)
ev: SYN code=0
cnt=1 s0=fng (542,2612)* [filtered=32]
ev: ABS code=54 val=2613 (slot=0)
ev: ABS code=1 val=2613 (slot=0)
ev: SYN code=0
cnt=1 s0=fng (542,2613)* [filtered=32]
ev: SYN code=0
cnt=1 s0=fng (542,2613)* [filtered=32]
ev: ABS code=54 val=2614 (slot=0)
ev: ABS code=1 val=2614 (slot=0)
ev: SYN code=0
cnt=1 s0=fng (542,2614)* [filtered=32]
ev: ABS code=53 val=543 (slot=0)
ev: ABS code=54 val=2615 (slot=0)
ev: ABS code=0 val=543 (slot=0)
ev: ABS code=1 val=2615 (slot=0)
ev: SYN code=0
cnt=1 s0=fng (543,2615)* [filtered=32]
ev: ABS code=54 val=2616 (slot=0)
ev: ABS code=1 val=2616 (slot=0)
ev: SYN code=0
cnt=1 s0=fng (543,2616)* [filtered=32]
ev: ABS code=54 val=2617 (slot=0)
ev: ABS code=1 val=2617 (slot=0)
ev: SYN code=0
cnt=1 s0=fng (543,2617)* [filtered=32]
ev: ABS code=53 val=544 (slot=0)
ev: ABS code=0 val=544 (slot=0)
ev: SYN code=0
cnt=1 s0=fng (544,2617)* [filtered=32]
ev: ABS code=53 val=545 (slot=0)
ev: ABS code=0 val=545 (slot=0)
ev: SYN code=0
cnt=1 s0=fng (545,2617)* [filtered=32]
ev: ABS code=53 val=547 (slot=0)
ev: ABS code=54 val=2616 (slot=0)
ev: KEY code=0x110 val=1
click: x=547 -> zone=0x110
ev: ABS code=0 val=547 (slot=0)
ev: ABS code=1 val=2616 (slot=0)
ev: SYN code=0
cnt=1 s0=fng (547,2616)* [filtered=32]
ev: ABS code=53 val=549 (slot=0)
ev: ABS code=54 val=2615 (slot=0)
ev: ABS code=0 val=549 (slot=0)
ev: ABS code=1 val=2615 (slot=0)
ev: SYN code=0
cnt=1 s0=fng (549,2615)* [filtered=32]
ev: ABS code=53 val=550 (slot=0)
ev: ABS code=54 val=2614 (slot=0)
ev: ABS code=0 val=550 (slot=0)
ev: ABS code=1 val=2614 (slot=0)
ev: SYN code=0
cnt=1 s0=fng (550,2614)* [filtered=32]
ev: ABS code=53 val=551 (slot=0)
ev: ABS code=54 val=2613 (slot=0)
ev: ABS code=0 val=551 (slot=0)
ev: ABS code=1 val=2613 (slot=0)
ev: SYN code=0
cnt=1 s0=fng (551,2613)* [filtered=32]
ev: ABS code=53 val=553 (slot=0)
ev: ABS code=54 val=2611 (slot=0)
ev: ABS code=0 val=553 (slot=0)
ev: ABS code=1 val=2611 (slot=0)
ev: SYN code=0
cnt=1 s0=fng (553,2611) [filtered=32]
ev: ABS code=53 val=555 (slot=0)
ev: ABS code=54 val=2608 (slot=0)
ev: ABS code=0 val=555 (slot=0)
ev: ABS code=1 val=2608 (slot=0)
ev: SYN code=0
cnt=1 s0=fng (555,2608) [filtered=32]
ev: ABS code=53 val=557 (slot=0)
ev: ABS code=54 val=2606 (slot=0)
ev: ABS code=0 val=557 (slot=0)
ev: ABS code=1 val=2606 (slot=0)
ev: SYN code=0
cnt=1 s0=fng (557,2606) [filtered=32]
ev: ABS code=53 val=558 (slot=0)
ev: ABS code=54 val=2605 (slot=0)
ev: ABS code=0 val=558 (slot=0)
ev: ABS code=1 val=2605 (slot=0)
ev: SYN code=0
cnt=1 s0=fng (558,2605) [filtered=32]
ev: ABS code=53 val=559 (slot=0)
ev: ABS code=54 val=2603 (slot=0)
ev: ABS code=0 val=559 (slot=0)
ev: ABS code=1 val=2603 (slot=0)
ev: SYN code=0
cnt=1 s0=fng (559,2603) [filtered=32]
ev: ABS code=53 val=560 (slot=0)
ev: ABS code=54 val=2602 (slot=0)
ev: ABS code=0 val=560 (slot=0)
ev: ABS code=1 val=2602 (slot=0)
ev: SYN code=0
cnt=1 s0=fng (560,2602) [filtered=32]
ev: ABS code=53 val=561 (slot=0)
ev: ABS code=54 val=2601 (slot=0)
ev: ABS code=0 val=561 (slot=0)
ev: ABS code=1 val=2601 (slot=0)
ev: SYN code=0
cnt=1 s0=fng (561,2601) [filtered=32]
ev: ABS code=54 val=2600 (slot=0)
ev: KEY code=0x110 val=0
ev: ABS code=1 val=2600 (slot=0)
ev: SYN code=0
cnt=1 s0=fng (561,2600) [filtered=32]
ev: SYN code=0
cnt=1 s0=fng (561,2600) [filtered=32]
ev: SYN code=0
cnt=1 s0=fng (561,2600) [filtered=32]
ev: ABS code=54 val=2601 (slot=0)
ev: ABS code=1 val=2601 (slot=0)
ev: SYN code=0
cnt=1 s0=fng (561,2601) [filtered=32]
ev: ABS code=54 val=2602 (slot=0)
ev: ABS code=1 val=2602 (slot=0)
ev: SYN code=0
cnt=1 s0=fng (561,2602) [filtered=32]
ev: SYN code=0
cnt=1 s0=fng (561,2602) [filtered=32]
ev: ABS code=54 val=2603 (slot=0)
ev: ABS code=1 val=2603 (slot=0)
ev: SYN code=0
cnt=1 s0=fng (561,2603) [filtered=32]
ev: ABS code=54 val=2604 (slot=0)
ev: ABS code=1 val=2604 (slot=0)
ev: SYN code=0
cnt=1 s0=fng (561,2604) [filtered=32]
ev: ABS code=54 val=2605 (slot=0)
ev: ABS code=1 val=2605 (slot=0)
ev: SYN code=0
cnt=1 s0=fng (561,2605) [filtered=32]
ev: ABS code=54 val=2607 (slot=0)
ev: ABS code=1 val=2607 (slot=0)
ev: SYN code=0
cnt=1 s0=fng (561,2607) [filtered=32]
ev: ABS code=54 val=2608 (slot=0)
ev: ABS code=1 val=2608 (slot=0)
ev: SYN code=0
cnt=1 s0=fng (561,2608) [filtered=32]
ev: ABS code=54 val=2610 (slot=0)
ev: ABS code=1 val=2610 (slot=0)
ev: SYN code=0
cnt=1 s0=fng (561,2610) [filtered=32]
ev: ABS code=54 val=2612 (slot=0)
ev: ABS code=1 val=2612 (slot=0)
ev: SYN code=0
cnt=1 s0=fng (561,2612) [filtered=32]
ev: ABS code=54 val=2613 (slot=0)
ev: ABS code=1 val=2613 (slot=0)
ev: SYN code=0
cnt=1 s0=fng (561,2613) [filtered=32]
ev: ABS code=53 val=562 (slot=0)
ev: ABS code=54 val=2614 (slot=0)
ev: ABS code=0 val=562 (slot=0)
ev: ABS code=1 val=2614 (slot=0)
ev: SYN code=0
cnt=1 s0=fng (562,2614) [filtered=32]
ev: ABS code=53 val=563 (slot=0)
ev: KEY code=0x110 val=1
click: x=563 -> zone=0x110
ev: ABS code=0 val=563 (slot=0)
ev: SYN code=0
cnt=1 s0=fng (563,2614)* [filtered=32]
ev: ABS code=53 val=564 (slot=0)
ev: ABS code=54 val=2613 (slot=0)
ev: ABS code=0 val=564 (slot=0)
ev: ABS code=1 val=2613 (slot=0)
ev: SYN code=0
cnt=1 s0=fng (564,2613)* [filtered=32]
ev: ABS code=53 val=565 (slot=0)
ev: ABS code=54 val=2612 (slot=0)
ev: ABS code=0 val=565 (slot=0)
ev: ABS code=1 val=2612 (slot=0)
ev: SYN code=0
cnt=1 s0=fng (565,2612)* [filtered=32]
ev: ABS code=53 val=567 (slot=0)
ev: ABS code=54 val=2610 (slot=0)
ev: ABS code=0 val=567 (slot=0)
ev: ABS code=1 val=2610 (slot=0)
ev: SYN code=0
cnt=1 s0=fng (567,2610) [filtered=32]
ev: ABS code=53 val=568 (slot=0)
ev: ABS code=54 val=2609 (slot=0)
ev: ABS code=0 val=568 (slot=0)
ev: ABS code=1 val=2609 (slot=0)
ev: SYN code=0
cnt=1 s0=fng (568,2609) [filtered=32]
ev: ABS code=53 val=569 (slot=0)
ev: ABS code=54 val=2607 (slot=0)
ev: ABS code=0 val=569 (slot=0)
ev: ABS code=1 val=2607 (slot=0)
ev: SYN code=0
cnt=1 s0=fng (569,2607) [filtered=32]
ev: ABS code=53 val=570 (slot=0)
ev: ABS code=54 val=2604 (slot=0)
ev: ABS code=0 val=570 (slot=0)
ev: ABS code=1 val=2604 (slot=0)
ev: SYN code=0
cnt=1 s0=fng (570,2604) [filtered=32]
ev: ABS code=53 val=571 (slot=0)
ev: ABS code=54 val=2602 (slot=0)
ev: ABS code=0 val=571 (slot=0)
ev: ABS code=1 val=2602 (slot=0)
ev: SYN code=0
cnt=1 s0=fng (571,2602) [filtered=32]
ev: ABS code=53 val=572 (slot=0)
ev: ABS code=54 val=2600 (slot=0)
ev: ABS code=0 val=572 (slot=0)
ev: ABS code=1 val=2600 (slot=0)
ev: SYN code=0
cnt=1 s0=fng (572,2600) [filtered=32]
ev: ABS code=54 val=2599 (slot=0)
ev: ABS code=1 val=2599 (slot=0)
ev: SYN code=0
cnt=1 s0=fng (572,2599) [filtered=32]
ev: ABS code=54 val=2598 (slot=0)
ev: ABS code=1 val=2598 (slot=0)
ev: SYN code=0
cnt=1 s0=fng (572,2598) [filtered=32]
ev: ABS code=54 val=2597 (slot=0)
ev: KEY code=0x110 val=0
ev: ABS code=1 val=2597 (slot=0)
ev: SYN code=0
cnt=1 s0=fng (572,2597) [filtered=32]
ev: ABS code=54 val=2596 (slot=0)
ev: ABS code=1 val=2596 (slot=0)
ev: SYN code=0
cnt=1 s0=fng (572,2596) [filtered=32]
ev: SYN code=0
cnt=1 s0=fng (572,2596) [filtered=32]
ev: SYN code=0
cnt=1 s0=fng (572,2596) [filtered=32]
ev: ABS code=54 val=2597 (slot=0)
ev: ABS code=1 val=2597 (slot=0)
ev: SYN code=0
cnt=1 s0=fng (572,2597) [filtered=32]
ev: ABS code=54 val=2598 (slot=0)
ev: ABS code=1 val=2598 (slot=0)
ev: SYN code=0
cnt=1 s0=fng (572,2598) [filtered=32]
ev: ABS code=54 val=2599 (slot=0)
ev: ABS code=1 val=2599 (slot=0)
ev: SYN code=0
cnt=1 s0=fng (572,2599) [filtered=32]
ev: ABS code=54 val=2600 (slot=0)
ev: ABS code=1 val=2600 (slot=0)
ev: SYN code=0
cnt=1 s0=fng (572,2600) [filtered=32]
ev: ABS code=54 val=2602 (slot=0)
ev: ABS code=1 val=2602 (slot=0)
ev: SYN code=0
cnt=1 s0=fng (572,2602) [filtered=32]
ev: ABS code=54 val=2605 (slot=0)
ev: ABS code=1 val=2605 (slot=0)
ev: SYN code=0
cnt=1 s0=fng (572,2605) [filtered=32]
ev: ABS code=53 val=573 (slot=0)
ev: ABS code=54 val=2609 (slot=0)
ev: ABS code=0 val=573 (slot=0)
ev: ABS code=1 val=2609 (slot=0)
ev: SYN code=0
cnt=1 s0=fng (573,2609) [filtered=32]
ev: ABS code=53 val=574 (slot=0)
ev: ABS code=54 val=2613 (slot=0)
ev: ABS code=0 val=574 (slot=0)
ev: ABS code=1 val=2613 (slot=0)
ev: SYN code=0
cnt=1 s0=fng (574,2613) [filtered=32]
ev: ABS code=54 val=2616 (slot=0)
ev: ABS code=1 val=2616 (slot=0)
ev: SYN code=0
cnt=1 s0=fng (574,2616) [filtered=32]
ev: ABS code=53 val=575 (slot=0)
ev: ABS code=54 val=2619 (slot=0)
ev: ABS code=0 val=575 (slot=0)
ev: ABS code=1 val=2619 (slot=0)
ev: SYN code=0
cnt=1 s0=fng (575,2619) [filtered=32]
ev: ABS code=53 val=576 (slot=0)
ev: ABS code=54 val=2621 (slot=0)
ev: ABS code=0 val=576 (slot=0)
ev: ABS code=1 val=2621 (slot=0)
ev: SYN code=0
cnt=1 s0=fng (576,2621) [filtered=32]
ev: ABS code=53 val=578 (slot=0)
ev: ABS code=54 val=2622 (slot=0)
ev: KEY code=0x110 val=1
click: x=578 -> zone=0x110
ev: ABS code=0 val=578 (slot=0)
ev: ABS code=1 val=2622 (slot=0)
ev: SYN code=0
cnt=1 s0=fng (578,2622) [filtered=32]
ev: ABS code=53 val=580 (slot=0)
ev: ABS code=54 val=2623 (slot=0)
ev: ABS code=0 val=580 (slot=0)
ev: ABS code=1 val=2623 (slot=0)
ev: SYN code=0
cnt=1 s0=fng (580,2623) [filtered=32]
ev: ABS code=53 val=581 (slot=0)
ev: ABS code=0 val=581 (slot=0)
ev: SYN code=0
cnt=1 s0=fng (581,2623) [filtered=32]
ev: ABS code=53 val=582 (slot=0)
ev: ABS code=54 val=2622 (slot=0)
ev: ABS code=0 val=582 (slot=0)
ev: ABS code=1 val=2622 (slot=0)
ev: SYN code=0
cnt=1 s0=fng (582,2622) [filtered=32]
ev: ABS code=53 val=584 (slot=0)
ev: ABS code=54 val=2621 (slot=0)
ev: ABS code=0 val=584 (slot=0)
ev: ABS code=1 val=2621 (slot=0)
ev: SYN code=0
cnt=1 s0=fng (584,2621) [filtered=32]
ev: ABS code=53 val=586 (slot=0)
ev: ABS code=54 val=2620 (slot=0)
ev: ABS code=0 val=586 (slot=0)
ev: ABS code=1 val=2620 (slot=0)
ev: SYN code=0
cnt=1 s0=fng (586,2620) [filtered=32]
ev: ABS code=53 val=588 (slot=0)
ev: ABS code=54 val=2619 (slot=0)
ev: ABS code=0 val=588 (slot=0)
ev: ABS code=1 val=2619 (slot=0)
ev: SYN code=0
cnt=1 s0=fng (588,2619) [filtered=32]
ev: ABS code=53 val=589 (slot=0)
ev: ABS code=54 val=2618 (slot=0)
ev: ABS code=0 val=589 (slot=0)
ev: ABS code=1 val=2618 (slot=0)
ev: SYN code=0
cnt=1 s0=fng (589,2618) [filtered=32]
ev: ABS code=53 val=590 (slot=0)
ev: ABS code=54 val=2617 (slot=0)
ev: ABS code=0 val=590 (slot=0)
ev: ABS code=1 val=2617 (slot=0)
ev: SYN code=0
cnt=1 s0=fng (590,2617) [filtered=32]
ev: ABS code=53 val=591 (slot=0)
ev: ABS code=54 val=2616 (slot=0)
ev: ABS code=0 val=591 (slot=0)
ev: ABS code=1 val=2616 (slot=0)
ev: SYN code=0
cnt=1 s0=fng (591,2616) [filtered=32]
ev: ABS code=53 val=592 (slot=0)
ev: KEY code=0x110 val=0
ev: ABS code=0 val=592 (slot=0)
ev: SYN code=0
cnt=1 s0=fng (592,2616) [filtered=32]
ev: ABS code=53 val=593 (slot=0)
ev: ABS code=0 val=593 (slot=0)
ev: SYN code=0
cnt=1 s0=fng (593,2616) [filtered=32]
ev: SYN code=0
cnt=1 s0=fng (593,2616) [filtered=32]
ev: SYN code=0
cnt=1 s0=fng (593,2616) [filtered=32]
ev: ABS code=54 val=2617 (slot=0)
ev: ABS code=1 val=2617 (slot=0)
ev: SYN code=0
cnt=1 s0=fng (593,2617) [filtered=32]
ev: ABS code=54 val=2618 (slot=0)
ev: ABS code=1 val=2618 (slot=0)
ev: SYN code=0
cnt=1 s0=fng (593,2618) [filtered=32]
ev: SYN code=0
cnt=1 s0=fng (593,2618) [filtered=32]
ev: ABS code=54 val=2619 (slot=0)
ev: ABS code=1 val=2619 (slot=0)
ev: SYN code=0
cnt=1 s0=fng (593,2619) [filtered=32]
ev: ABS code=54 val=2621 (slot=0)
ev: ABS code=1 val=2621 (slot=0)
ev: SYN code=0
cnt=1 s0=fng (593,2621)* [filtered=32]
ev: ABS code=54 val=2624 (slot=0)
ev: ABS code=1 val=2624 (slot=0)
ev: SYN code=0
cnt=1 s0=fng (593,2624)* [filtered=32]
ev: ABS code=54 val=2627 (slot=0)
ev: ABS code=1 val=2627 (slot=0)
ev: SYN code=0
cnt=1 s0=fng (593,2627)* [filtered=32]
ev: ABS code=54 val=2629 (slot=0)
ev: ABS code=1 val=2629 (slot=0)
ev: SYN code=0
cnt=1 s0=fng (593,2629)* [filtered=32]
ev: ABS code=54 val=2632 (slot=0)
ev: ABS code=1 val=2632 (slot=0)
ev: SYN code=0
cnt=1 s0=fng (593,2632)* [filtered=32]
ev: ABS code=53 val=594 (slot=0)
ev: ABS code=54 val=2635 (slot=0)
ev: ABS code=0 val=594 (slot=0)
ev: ABS code=1 val=2635 (slot=0)
ev: SYN code=0
cnt=1 s0=fng (594,2635) [filtered=32]
ev: ABS code=53 val=595 (slot=0)
ev: ABS code=54 val=2637 (slot=0)
ev: ABS code=0 val=595 (slot=0)
ev: ABS code=1 val=2637 (slot=0)
ev: SYN code=0
cnt=1 s0=fng (595,2637) [filtered=32]
ev: ABS code=54 val=2638 (slot=0)
ev: KEY code=0x110 val=1
click: x=595 -> zone=0x110
ev: ABS code=1 val=2638 (slot=0)
ev: SYN code=0
cnt=1 s0=fng (595,2638) [filtered=32]
ev: ABS code=53 val=596 (slot=0)
ev: ABS code=54 val=2639 (slot=0)
ev: ABS code=0 val=596 (slot=0)
ev: ABS code=1 val=2639 (slot=0)
ev: SYN code=0
cnt=1 s0=fng (596,2639) [filtered=32]
ev: ABS code=53 val=598 (slot=0)
ev: ABS code=0 val=598 (slot=0)
ev: SYN code=0
cnt=1 s0=fng (598,2639) [filtered=32]
ev: ABS code=53 val=600 (slot=0)
ev: ABS code=54 val=2638 (slot=0)
ev: ABS code=0 val=600 (slot=0)
ev: ABS code=1 val=2638 (slot=0)
ev: SYN code=0
cnt=1 s0=fng (600,2638) [filtered=32]
ev: ABS code=53 val=602 (slot=0)
ev: ABS code=54 val=2637 (slot=0)
ev: ABS code=0 val=602 (slot=0)
ev: ABS code=1 val=2637 (slot=0)
ev: SYN code=0
cnt=1 s0=fng (602,2637) [filtered=32]
ev: ABS code=53 val=603 (slot=0)
ev: ABS code=54 val=2636 (slot=0)
ev: ABS code=0 val=603 (slot=0)
ev: ABS code=1 val=2636 (slot=0)
ev: SYN code=0
cnt=1 s0=fng (603,2636) [filtered=32]
ev: ABS code=53 val=604 (slot=0)
ev: ABS code=54 val=2635 (slot=0)
ev: ABS code=0 val=604 (slot=0)
ev: ABS code=1 val=2635 (slot=0)
ev: SYN code=0
cnt=1 s0=fng (604,2635) [filtered=32]
ev: ABS code=53 val=606 (slot=0)
ev: ABS code=54 val=2634 (slot=0)
ev: ABS code=0 val=606 (slot=0)
ev: ABS code=1 val=2634 (slot=0)
ev: SYN code=0
cnt=1 s0=fng (606,2634) [filtered=32]
ev: ABS code=53 val=608 (slot=0)
ev: ABS code=54 val=2632 (slot=0)
ev: ABS code=0 val=608 (slot=0)
ev: ABS code=1 val=2632 (slot=0)
ev: SYN code=0
cnt=1 s0=fng (608,2632) [filtered=32]
ev: ABS code=53 val=609 (slot=0)
ev: ABS code=54 val=2631 (slot=0)
ev: ABS code=0 val=609 (slot=0)
ev: ABS code=1 val=2631 (slot=0)
ev: SYN code=0
cnt=1 s0=fng (609,2631) [filtered=32]
ev: ABS code=53 val=610 (slot=0)
ev: ABS code=54 val=2630 (slot=0)
ev: ABS code=0 val=610 (slot=0)
ev: ABS code=1 val=2630 (slot=0)
ev: SYN code=0
cnt=1 s0=fng (610,2630) [filtered=32]
ev: ABS code=53 val=611 (slot=0)
ev: ABS code=54 val=2629 (slot=0)
ev: ABS code=0 val=611 (slot=0)
ev: ABS code=1 val=2629 (slot=0)
ev: SYN code=0
cnt=1 s0=fng (611,2629) [filtered=32]
ev: KEY code=0x110 val=0
ev: SYN code=0
cnt=1 s0=fng (611,2629) [filtered=32]
ev: SYN code=0
cnt=1 s0=fng (611,2629) [filtered=32]
ev: ABS code=54 val=2630 (slot=0)
ev: ABS code=1 val=2630 (slot=0)
ev: SYN code=0
cnt=1 s0=fng (611,2630) [filtered=32]
ev: SYN code=0
cnt=1 s0=fng (611,2630) [filtered=32]
ev: ABS code=54 val=2631 (slot=0)
ev: ABS code=1 val=2631 (slot=0)
ev: SYN code=0
cnt=1 s0=fng (611,2631) [filtered=32]
ev: ABS code=54 val=2632 (slot=0)
ev: ABS code=1 val=2632 (slot=0)
ev: SYN code=0
cnt=1 s0=fng (611,2632) [filtered=32]
ev: ABS code=53 val=610 (slot=0)
ev: ABS code=54 val=2635 (slot=0)
ev: ABS code=0 val=610 (slot=0)
ev: ABS code=1 val=2635 (slot=0)
ev: SYN code=0
cnt=1 s0=fng (610,2635) [filtered=32]
ev: ABS code=54 val=2636 (slot=0)
ev: ABS code=1 val=2636 (slot=0)
ev: SYN code=0
cnt=1 s0=fng (610,2636) [filtered=32]
ev: ABS code=53 val=609 (slot=0)
ev: ABS code=54 val=2640 (slot=0)
ev: ABS code=0 val=609 (slot=0)
ev: ABS code=1 val=2640 (slot=0)
ev: SYN code=0
cnt=1 s0=fng (609,2640) [filtered=32]
ev: ABS code=54 val=2645 (slot=0)
ev: ABS code=1 val=2645 (slot=0)
ev: SYN code=0
cnt=1 s0=fng (609,2645) [filtered=32]
ev: ABS code=54 val=2650 (slot=0)
ev: ABS code=1 val=2650 (slot=0)
ev: SYN code=0
cnt=1 s0=fng (609,2650) [filtered=32]
ev: ABS code=54 val=2655 (slot=0)
ev: ABS code=1 val=2655 (slot=0)
ev: SYN code=0
cnt=1 s0=fng (609,2655) [filtered=32]
ev: ABS code=54 val=2660 (slot=0)
ev: ABS code=1 val=2660 (slot=0)
ev: SYN code=0
cnt=1 s0=fng (609,2660) [filtered=32]
ev: ABS code=53 val=610 (slot=0)
ev: ABS code=54 val=2665 (slot=0)
ev: ABS code=0 val=610 (slot=0)
ev: ABS code=1 val=2665 (slot=0)
ev: SYN code=0
cnt=1 s0=fng (610,2665) [filtered=32]
ev: ABS code=53 val=612 (slot=0)
ev: ABS code=54 val=2667 (slot=0)
ev: KEY code=0x110 val=1
click: x=612 -> zone=0x110
ev: ABS code=0 val=612 (slot=0)
ev: ABS code=1 val=2667 (slot=0)
ev: SYN code=0
cnt=1 s0=fng (612,2667) [filtered=32]
ev: ABS code=53 val=614 (slot=0)
ev: ABS code=0 val=614 (slot=0)
ev: SYN code=0
cnt=1 s0=fng (614,2667) [filtered=32]
ev: ABS code=53 val=616 (slot=0)
ev: ABS code=54 val=2668 (slot=0)
ev: ABS code=0 val=616 (slot=0)
ev: ABS code=1 val=2668 (slot=0)
ev: SYN code=0
cnt=1 s0=fng (616,2668) [filtered=32]
ev: ABS code=53 val=617 (slot=0)
ev: ABS code=0 val=617 (slot=0)
ev: SYN code=0
cnt=1 s0=fng (617,2668) [filtered=32]
ev: ABS code=53 val=618 (slot=0)
ev: ABS code=54 val=2667 (slot=0)
ev: ABS code=0 val=618 (slot=0)
ev: ABS code=1 val=2667 (slot=0)
ev: SYN code=0
cnt=1 s0=fng (618,2667) [filtered=32]
ev: ABS code=53 val=620 (slot=0)
ev: ABS code=54 val=2666 (slot=0)
ev: ABS code=0 val=620 (slot=0)
ev: ABS code=1 val=2666 (slot=0)
ev: SYN code=0
cnt=1 s0=fng (620,2666) [filtered=32]
ev: ABS code=53 val=621 (slot=0)
ev: ABS code=54 val=2665 (slot=0)
ev: ABS code=0 val=621 (slot=0)
ev: ABS code=1 val=2665 (slot=0)
ev: SYN code=0
cnt=1 s0=fng (621,2665) [filtered=32]
ev: ABS code=53 val=622 (slot=0)
ev: ABS code=54 val=2664 (slot=0)
ev: ABS code=0 val=622 (slot=0)
ev: ABS code=1 val=2664 (slot=0)
ev: SYN code=0
cnt=1 s0=fng (622,2664) [filtered=32]
ev: ABS code=53 val=623 (slot=0)
ev: ABS code=54 val=2663 (slot=0)
ev: ABS code=0 val=623 (slot=0)
ev: ABS code=1 val=2663 (slot=0)
ev: SYN code=0
cnt=1 s0=fng (623,2663) [filtered=32]
ev: ABS code=53 val=624 (slot=0)
ev: ABS code=0 val=624 (slot=0)
ev: SYN code=0
cnt=1 s0=fng (624,2663) [filtered=32]
ev: SYN code=0
cnt=1 s0=fng (624,2663) [filtered=32]
ev: KEY code=0x110 val=0
ev: SYN code=0
cnt=1 s0=fng (624,2663) [filtered=32]
ev: SYN code=0
cnt=1 s0=fng (624,2663) [filtered=32]
ev: SYN code=0
cnt=1 s0=fng (624,2663) [filtered=32]
ev: ABS code=54 val=2664 (slot=0)
ev: ABS code=1 val=2664 (slot=0)
ev: SYN code=0
cnt=1 s0=fng (624,2664) [filtered=32]
ev: ABS code=54 val=2665 (slot=0)
ev: ABS code=1 val=2665 (slot=0)
ev: SYN code=0
cnt=1 s0=fng (624,2665) [filtered=32]
ev: ABS code=54 val=2666 (slot=0)
ev: ABS code=1 val=2666 (slot=0)
ev: SYN code=0
cnt=1 s0=fng (624,2666) [filtered=32]
ev: SYN code=0
cnt=1 s0=fng (624,2666) [filtered=32]
ev: ABS code=53 val=623 (slot=0)
ev: ABS code=54 val=2667 (slot=0)
ev: ABS code=0 val=623 (slot=0)
ev: ABS code=1 val=2667 (slot=0)
ev: SYN code=0
cnt=1 s0=fng (623,2667) [filtered=32]
ev: ABS code=54 val=2668 (slot=0)
ev: ABS code=1 val=2668 (slot=0)
ev: SYN code=0
cnt=1 s0=fng (623,2668) [filtered=32]
ev: ABS code=53 val=622 (slot=0)
ev: ABS code=54 val=2670 (slot=0)
ev: ABS code=0 val=622 (slot=0)
ev: ABS code=1 val=2670 (slot=0)
ev: SYN code=0
cnt=1 s0=fng (622,2670)* [filtered=32]
ev: ABS code=54 val=2671 (slot=0)
ev: ABS code=1 val=2671 (slot=0)
ev: SYN code=0
cnt=1 s0=fng (622,2671)* [filtered=32]
ev: ABS code=54 val=2672 (slot=0)
ev: ABS code=1 val=2672 (slot=0)
ev: SYN code=0
cnt=1 s0=fng (622,2672)* [filtered=32]
ev: ABS code=53 val=621 (slot=0)
ev: ABS code=54 val=2673 (slot=0)
ev: ABS code=0 val=621 (slot=0)
ev: ABS code=1 val=2673 (slot=0)
ev: SYN code=0
cnt=1 s0=fng (621,2673)* [filtered=32]
ev: ABS code=54 val=2674 (slot=0)
ev: ABS code=1 val=2674 (slot=0)
ev: SYN code=0
cnt=1 s0=fng (621,2674)* [filtered=32]
ev: ABS code=53 val=622 (slot=0)
ev: ABS code=54 val=2675 (slot=0)
ev: ABS code=0 val=622 (slot=0)
ev: ABS code=1 val=2675 (slot=0)
ev: SYN code=0
cnt=1 s0=fng (622,2675)* [filtered=32]
ev: KEY code=0x110 val=1
click: x=622 -> zone=0x110
ev: SYN code=0
cnt=1 s0=fng (622,2675)* [filtered=32]
ev: ABS code=53 val=623 (slot=0)
ev: ABS code=0 val=623 (slot=0)
ev: SYN code=0
cnt=1 s0=fng (623,2675)* [filtered=32]
ev: ABS code=53 val=624 (slot=0)
ev: ABS code=54 val=2674 (slot=0)
ev: ABS code=0 val=624 (slot=0)
ev: ABS code=1 val=2674 (slot=0)
ev: SYN code=0
cnt=1 s0=fng (624,2674)* [filtered=32]
ev: ABS code=53 val=625 (slot=0)
ev: ABS code=54 val=2673 (slot=0)
ev: ABS code=0 val=625 (slot=0)
ev: ABS code=1 val=2673 (slot=0)
ev: SYN code=0
cnt=1 s0=fng (625,2673)* [filtered=32]
ev: ABS code=53 val=626 (slot=0)
ev: ABS code=54 val=2671 (slot=0)
ev: ABS code=0 val=626 (slot=0)
ev: ABS code=1 val=2671 (slot=0)
ev: SYN code=0
cnt=1 s0=fng (626,2671)* [filtered=32]
ev: ABS code=54 val=2670 (slot=0)
ev: ABS code=1 val=2670 (slot=0)
ev: SYN code=0
cnt=1 s0=fng (626,2670)* [filtered=32]
ev: ABS code=53 val=627 (slot=0)
ev: ABS code=54 val=2669 (slot=0)
ev: ABS code=0 val=627 (slot=0)
ev: ABS code=1 val=2669 (slot=0)
ev: SYN code=0
cnt=1 s0=fng (627,2669)* [filtered=32]
ev: ABS code=53 val=628 (slot=0)
ev: ABS code=54 val=2668 (slot=0)
ev: ABS code=0 val=628 (slot=0)
ev: ABS code=1 val=2668 (slot=0)
ev: SYN code=0
cnt=1 s0=fng (628,2668)* [filtered=32]
ev: ABS code=54 val=2667 (slot=0)
ev: ABS code=1 val=2667 (slot=0)
ev: SYN code=0
cnt=1 s0=fng (628,2667)* [filtered=32]
ev: ABS code=54 val=2666 (slot=0)
ev: ABS code=1 val=2666 (slot=0)
ev: SYN code=0
cnt=1 s0=fng (628,2666)* [filtered=32]
ev: ABS code=54 val=2665 (slot=0)
ev: KEY code=0x110 val=0
ev: ABS code=1 val=2665 (slot=0)
ev: SYN code=0
cnt=1 s0=fng (628,2665)* [filtered=32]
ev: SYN code=0
cnt=1 s0=fng (628,2665)* [filtered=32]
ev: ABS code=53 val=627 (slot=0)
ev: ABS code=0 val=627 (slot=0)
ev: SYN code=0
cnt=1 s0=fng (627,2665)* [filtered=32]
ev: SYN code=0
cnt=1 s0=fng (627,2665)* [filtered=32]
ev: SYN code=0
cnt=1 s0=fng (627,2665)* [filtered=32]
ev: ABS code=53 val=626 (slot=0)
ev: ABS code=54 val=2666 (slot=0)
ev: ABS code=0 val=626 (slot=0)
ev: ABS code=1 val=2666 (slot=0)
ev: SYN code=0
cnt=1 s0=fng (626,2666)* [filtered=32]
ev: SYN code=0
cnt=1 s0=fng (626,2666)* [filtered=32]
ev: ABS code=53 val=625 (slot=0)
ev: ABS code=54 val=2667 (slot=0)
ev: ABS code=0 val=625 (slot=0)
ev: ABS code=1 val=2667 (slot=0)
ev: SYN code=0
cnt=1 s0=fng (625,2667)* [filtered=32]
ev: ABS code=54 val=2668 (slot=0)
ev: ABS code=1 val=2668 (slot=0)
ev: SYN code=0
cnt=1 s0=fng (625,2668)* [filtered=32]
ev: SYN code=0
cnt=1 s0=fng (625,2668)* [filtered=32]
ev: ABS code=53 val=624 (slot=0)
ev: ABS code=54 val=2669 (slot=0)
ev: ABS code=0 val=624 (slot=0)
ev: ABS code=1 val=2669 (slot=0)
ev: SYN code=0
cnt=1 s0=fng (624,2669)* [filtered=32]
ev: ABS code=53 val=623 (slot=0)
ev: ABS code=54 val=2671 (slot=0)
ev: ABS code=0 val=623 (slot=0)
ev: ABS code=1 val=2671 (slot=0)
ev: SYN code=0
cnt=1 s0=fng (623,2671)* [filtered=32]
ev: ABS code=54 val=2673 (slot=0)
ev: ABS code=1 val=2673 (slot=0)
ev: SYN code=0
cnt=1 s0=fng (623,2673)* [filtered=32]
ev: ABS code=54 val=2674 (slot=0)
ev: ABS code=1 val=2674 (slot=0)
ev: SYN code=0
cnt=1 s0=fng (623,2674)* [filtered=32]
ev: ABS code=54 val=2676 (slot=0)
ev: ABS code=1 val=2676 (slot=0)
ev: SYN code=0
cnt=1 s0=fng (623,2676)* [filtered=32]
ev: ABS code=54 val=2677 (slot=0)
ev: ABS code=1 val=2677 (slot=0)
ev: SYN code=0
cnt=1 s0=fng (623,2677)* [filtered=32]
ev: ABS code=53 val=624 (slot=0)
ev: ABS code=54 val=2678 (slot=0)
ev: KEY code=0x110 val=1
click: x=624 -> zone=0x110
ev: ABS code=0 val=624 (slot=0)
ev: ABS code=1 val=2678 (slot=0)
ev: SYN code=0
cnt=1 s0=fng (624,2678)* [filtered=32]
ev: ABS code=53 val=625 (slot=0)
ev: ABS code=54 val=2677 (slot=0)
ev: ABS code=0 val=625 (slot=0)
ev: ABS code=1 val=2677 (slot=0)
ev: SYN code=0
cnt=1 s0=fng (625,2677)* [filtered=32]
ev: SYN code=0
cnt=1 s0=fng (625,2677)* [filtered=32]
ev: ABS code=53 val=626 (slot=0)
ev: ABS code=54 val=2676 (slot=0)
ev: ABS code=0 val=626 (slot=0)
ev: ABS code=1 val=2676 (slot=0)
ev: SYN code=0
cnt=1 s0=fng (626,2676)* [filtered=32]
ev: ABS code=53 val=628 (slot=0)
ev: ABS code=54 val=2674 (slot=0)
ev: ABS code=0 val=628 (slot=0)
ev: ABS code=1 val=2674 (slot=0)
ev: SYN code=0
cnt=1 s0=fng (628,2674) [filtered=32]
ev: ABS code=53 val=629 (slot=0)
ev: ABS code=54 val=2672 (slot=0)
ev: ABS code=0 val=629 (slot=0)
ev: ABS code=1 val=2672 (slot=0)
ev: SYN code=0
cnt=1 s0=fng (629,2672) [filtered=32]
ev: ABS code=53 val=630 (slot=0)
ev: ABS code=54 val=2670 (slot=0)
ev: ABS code=0 val=630 (slot=0)
ev: ABS code=1 val=2670 (slot=0)
ev: SYN code=0
cnt=1 s0=fng (630,2670) [filtered=32]
ev: ABS code=53 val=631 (slot=0)
ev: ABS code=54 val=2669 (slot=0)
ev: ABS code=0 val=631 (slot=0)
ev: ABS code=1 val=2669 (slot=0)
ev: SYN code=0
cnt=1 s0=fng (631,2669) [filtered=32]
ev: ABS code=54 val=2667 (slot=0)
ev: ABS code=1 val=2667 (slot=0)
ev: SYN code=0
cnt=1 s0=fng (631,2667) [filtered=32]
ev: ABS code=54 val=2666 (slot=0)
ev: ABS code=1 val=2666 (slot=0)
ev: SYN code=0
cnt=1 s0=fng (631,2666) [filtered=32]
ev: ABS code=54 val=2665 (slot=0)
ev: ABS code=1 val=2665 (slot=0)
ev: SYN code=0
cnt=1 s0=fng (631,2665) [filtered=32]
ev: ABS code=54 val=2664 (slot=0)
ev: KEY code=0x110 val=0
ev: ABS code=1 val=2664 (slot=0)
ev: SYN code=0
cnt=1 s0=fng (631,2664) [filtered=32]
ev: ABS code=54 val=2663 (slot=0)
ev: ABS code=1 val=2663 (slot=0)
ev: SYN code=0
cnt=1 s0=fng (631,2663) [filtered=32]
ev: SYN code=0
cnt=1 s0=fng (631,2663) [filtered=32]
ev: SYN code=0
cnt=1 s0=fng (631,2663) [filtered=32]
ev: SYN code=0
cnt=1 s0=fng (631,2663) [filtered=32]
ev: SYN code=0
cnt=1 s0=fng (631,2663) [filtered=32]
ev: ABS code=54 val=2664 (slot=0)
ev: ABS code=1 val=2664 (slot=0)
ev: SYN code=0
cnt=1 s0=fng (631,2664) [filtered=32]
ev: SYN code=0
cnt=1 s0=fng (631,2664) [filtered=32]
ev: ABS code=53 val=630 (slot=0)
ev: ABS code=54 val=2665 (slot=0)
ev: ABS code=0 val=630 (slot=0)
ev: ABS code=1 val=2665 (slot=0)
ev: SYN code=0
cnt=1 s0=fng (630,2665) [filtered=32]
ev: ABS code=53 val=629 (slot=0)
ev: ABS code=54 val=2668 (slot=0)
ev: ABS code=0 val=629 (slot=0)
ev: ABS code=1 val=2668 (slot=0)
ev: SYN code=0
cnt=1 s0=fng (629,2668) [filtered=32]
ev: ABS code=54 val=2669 (slot=0)
ev: ABS code=1 val=2669 (slot=0)
ev: SYN code=0
cnt=1 s0=fng (629,2669) [filtered=32]
ev: ABS code=53 val=628 (slot=0)
ev: ABS code=54 val=2672 (slot=0)
ev: ABS code=0 val=628 (slot=0)
ev: ABS code=1 val=2672 (slot=0)
ev: SYN code=0
cnt=1 s0=fng (628,2672) [filtered=32]
ev: ABS code=53 val=626 (slot=0)
ev: ABS code=54 val=2675 (slot=0)
ev: ABS code=0 val=626 (slot=0)
ev: ABS code=1 val=2675 (slot=0)
ev: SYN code=0
cnt=1 s0=fng (626,2675) [filtered=32]
ev: ABS code=53 val=625 (slot=0)
ev: ABS code=54 val=2679 (slot=0)
ev: ABS code=0 val=625 (slot=0)
ev: ABS code=1 val=2679 (slot=0)
ev: SYN code=0
cnt=1 s0=fng (625,2679) [filtered=32]
ev: ABS code=53 val=624 (slot=0)
ev: ABS code=54 val=2681 (slot=0)
ev: ABS code=0 val=624 (slot=0)
ev: ABS code=1 val=2681 (slot=0)
ev: SYN code=0
cnt=1 s0=fng (624,2681) [filtered=32]
ev: ABS code=53 val=623 (slot=0)
ev: ABS code=54 val=2684 (slot=0)
ev: ABS code=0 val=623 (slot=0)
ev: ABS code=1 val=2684 (slot=0)
ev: SYN code=0
cnt=1 s0=fng (623,2684) [filtered=32]
ev: ABS code=53 val=622 (slot=0)
ev: ABS code=54 val=2687 (slot=0)
ev: ABS code=0 val=622 (slot=0)
ev: ABS code=1 val=2687 (slot=0)
ev: SYN code=0
cnt=1 s0=fng (622,2687) [filtered=32]
ev: ABS code=53 val=621 (slot=0)
ev: ABS code=54 val=2691 (slot=0)
ev: ABS code=0 val=621 (slot=0)
ev: ABS code=1 val=2691 (slot=0)
ev: SYN code=0
cnt=1 s0=fng (621,2691) [filtered=32]
ev: ABS code=53 val=620 (slot=0)
ev: ABS code=54 val=2694 (slot=0)
ev: ABS code=0 val=620 (slot=0)
ev: ABS code=1 val=2694 (slot=0)
ev: SYN code=0
cnt=1 s0=fng (620,2694) [filtered=32]
ev: ABS code=54 val=2696 (slot=0)
ev: ABS code=1 val=2696 (slot=0)
ev: SYN code=0
cnt=1 s0=fng (620,2696) [filtered=32]
ev: ABS code=53 val=619 (slot=0)
ev: ABS code=54 val=2699 (slot=0)
ev: ABS code=0 val=619 (slot=0)
ev: ABS code=1 val=2699 (slot=0)
ev: SYN code=0
cnt=1 s0=fng (619,2699) [filtered=32]
ev: ABS code=54 val=2704 (slot=0)
ev: ABS code=1 val=2704 (slot=0)
ev: SYN code=0
cnt=1 s0=fng (619,2704) [filtered=32]
ev: ABS code=54 val=2709 (slot=0)
ev: ABS code=1 val=2709 (slot=0)
ev: SYN code=0
cnt=1 s0=fng (619,2709) [filtered=32]
ev: ABS code=54 val=2715 (slot=0)
ev: ABS code=1 val=2715 (slot=0)
ev: SYN code=0
cnt=1 s0=fng (619,2715) [filtered=32]
ev: ABS code=54 val=2720 (slot=0)
ev: ABS code=1 val=2720 (slot=0)
ev: SYN code=0
cnt=1 s0=fng (619,2720) [filtered=32]
ev: ABS code=57 val=-1 (slot=0)
ev: KEY code=0x14a val=0
ev: KEY code=0x145 val=0
ev: SYN code=0
ev: ABS code=57 val=94 (slot=0)
ev: ABS code=53 val=95 (slot=0)
ev: ABS code=54 val=2302 (slot=0)
ev: KEY code=0x14a val=1
ev: KEY code=0x145 val=1
ev: ABS code=0 val=95 (slot=0)
ev: ABS code=1 val=2302 (slot=0)
ev: SYN code=0
cnt=1 s0=fng (95,2302) [filtered=32]
ev: SYN code=0
cnt=1 s0=fng (95,2302) [filtered=32]
ev: SYN code=0
cnt=1 s0=fng (95,2302) [filtered=32]
ev: SYN code=0
cnt=1 s0=fng (95,2302) [filtered=32]
ev: SYN code=0
cnt=1 s0=fng (95,2302) [filtered=32]
ev: SYN code=0
cnt=1 s0=fng (95,2302) [filtered=32]
ev: SYN code=0
cnt=1 s0=fng (95,2302) [filtered=32]
ev: SYN code=0
cnt=1 s0=fng (95,2302) [filtered=32]
ev: SYN code=0
cnt=1 s0=fng (95,2302) [filtered=32]
ev: SYN code=0
cnt=1 s0=fng (95,2302) [filtered=32]
ev: SYN code=0
cnt=1 s0=fng (95,2302) [filtered=32]
ev: SYN code=0
cnt=1 s0=fng (95,2302) [filtered=32]
ev: SYN code=0
cnt=1 s0=fng (95,2302) [filtered=32]
ev: SYN code=0
cnt=1 s0=fng (95,2302) [filtered=32]
ev: SYN code=0
cnt=1 s0=fng (95,2302) [filtered=32]
ev: SYN code=0
cnt=1 s0=fng (95,2302) [filtered=32]
ev: SYN code=0
cnt=1 s0=fng (95,2302) [filtered=32]
ev: SYN code=0
cnt=1 s0=fng (95,2302) [filtered=32]
ev: SYN code=0
cnt=1 s0=fng (95,2302) [filtered=32]
ev: SYN code=0
cnt=1 s0=fng (95,2302) [filtered=32]
ev: SYN code=0
cnt=1 s0=fng (95,2302)* [filtered=32]
ev: SYN code=0
cnt=1 s0=fng (95,2302)* [filtered=32]
ev: SYN code=0
cnt=1 s0=fng (95,2302)* [filtered=32]
ev: SYN code=0
cnt=1 s0=fng (95,2302)* [filtered=32]
ev: SYN code=0
cnt=1 s0=fng (95,2302)* [filtered=32]
ev: SYN code=0
cnt=1 s0=fng (95,2302)* [filtered=32]
ev: SYN code=0
cnt=1 s0=fng (95,2302)* [filtered=32]
ev: ABS code=53 val=96 (slot=0)
ev: ABS code=0 val=96 (slot=0)
ev: SYN code=0
cnt=1 s0=fng (96,2302)* [filtered=32]
ev: ABS code=53 val=97 (slot=0)
ev: ABS code=0 val=97 (slot=0)
ev: SYN code=0
cnt=1 s0=fng (97,2302)* [filtered=32]
ev: ABS code=53 val=98 (slot=0)
ev: ABS code=0 val=98 (slot=0)
ev: SYN code=0
cnt=1 s0=fng (98,2302)* [filtered=32]
ev: ABS code=53 val=99 (slot=0)
ev: ABS code=0 val=99 (slot=0)
ev: SYN code=0
cnt=1 s0=fng (99,2302)* [filtered=32]
ev: ABS code=53 val=100 (slot=0)
ev: ABS code=0 val=100 (slot=0)
ev: SYN code=0
cnt=1 s0=fng (100,2302)* [filtered=32]
ev: SYN code=0
cnt=1 s0=fng (100,2302)* [filtered=32]
ev: ABS code=53 val=101 (slot=0)
ev: ABS code=0 val=101 (slot=0)
ev: SYN code=0
cnt=1 s0=fng (101,2302)* [filtered=32]
ev: ABS code=53 val=102 (slot=0)
ev: ABS code=0 val=102 (slot=0)
ev: SYN code=0
cnt=1 s0=fng (102,2302)* [filtered=32]
ev: SYN code=0
cnt=1 s0=fng (102,2302)* [filtered=32]
ev: ABS code=53 val=103 (slot=0)
ev: ABS code=0 val=103 (slot=0)
ev: SYN code=0
cnt=1 s0=fng (103,2302)* [filtered=32]
ev: ABS code=53 val=104 (slot=0)
ev: ABS code=0 val=104 (slot=0)
ev: SYN code=0
cnt=1 s0=fng (104,2302)* [filtered=32]
ev: SYN code=0
cnt=1 s0=fng (104,2302)* [filtered=32]
ev: SYN code=0
cnt=1 s0=fng (104,2302)* [filtered=32]
ev: SYN code=0
cnt=1 s0=fng (104,2302)* [filtered=32]
ev: SYN code=0
cnt=1 s0=fng (104,2302)* [filtered=32]
ev: ABS code=53 val=105 (slot=0)
ev: ABS code=0 val=105 (slot=0)
ev: SYN code=0
cnt=1 s0=fng (105,2302)* [filtered=32]
ev: ABS code=53 val=106 (slot=0)
ev: ABS code=0 val=106 (slot=0)
ev: SYN code=0
cnt=1 s0=fng (106,2302)* [filtered=32]
ev: ABS code=53 val=107 (slot=0)
ev: ABS code=0 val=107 (slot=0)
ev: SYN code=0
cnt=1 s0=fng (107,2302)* [filtered=32]
ev: SYN code=0
cnt=1 s0=fng (107,2302)* [filtered=32]
ev: SYN code=0
cnt=1 s0=fng (107,2302)* [filtered=32]
ev: SYN code=0
cnt=1 s0=fng (107,2302)* [filtered=32]
ev: SYN code=0
cnt=1 s0=fng (107,2302)* [filtered=32]
ev: SYN code=0
cnt=1 s0=fng (107,2302)* [filtered=32]
ev: SYN code=0
cnt=1 s0=fng (107,2302)* [filtered=32]
ev: SYN code=0
cnt=1 s0=fng (107,2302)* [filtered=32]
ev: SYN code=0
cnt=1 s0=fng (107,2302)* [filtered=32]
ev: SYN code=0
cnt=1 s0=fng (107,2302)* [filtered=32]
ev: SYN code=0
cnt=1 s0=fng (107,2302)* [filtered=32]
ev: SYN code=0
cnt=1 s0=fng (107,2302)* [filtered=32]
ev: SYN code=0
cnt=1 s0=fng (107,2302)* [filtered=32]
ev: SYN code=0
cnt=1 s0=fng (107,2302)* [filtered=32]
ev: SYN code=0
cnt=1 s0=fng (107,2302)* [filtered=32]
ev: SYN code=0
cnt=1 s0=fng (107,2302)* [filtered=32]
ev: SYN code=0
cnt=1 s0=fng (107,2302)* [filtered=32]
ev: SYN code=0
cnt=1 s0=fng (107,2302)* [filtered=32]
ev: SYN code=0
cnt=1 s0=fng (107,2302)* [filtered=32]
ev: SYN code=0
cnt=1 s0=fng (107,2302)* [filtered=32]
ev: SYN code=0
cnt=1 s0=fng (107,2302)* [filtered=32]
ev: SYN code=0
cnt=1 s0=fng (107,2302)* [filtered=32]
ev: SYN code=0
cnt=1 s0=fng (107,2302)* [filtered=32]
ev: SYN code=0
cnt=1 s0=fng (107,2302)* [filtered=32]
ev: SYN code=0
cnt=1 s0=fng (107,2302)* [filtered=32]
ev: SYN code=0
cnt=1 s0=fng (107,2302)* [filtered=32]
ev: SYN code=0
cnt=1 s0=fng (107,2302)* [filtered=32]
ev: SYN code=0
cnt=1 s0=fng (107,2302)* [filtered=32]
ev: SYN code=0
cnt=1 s0=fng (107,2302)* [filtered=32]
ev: SYN code=0
cnt=1 s0=fng (107,2302)* [filtered=32]
ev: SYN code=0
cnt=1 s0=fng (107,2302)* [filtered=32]
ev: SYN code=0
cnt=1 s0=fng (107,2302)* [filtered=32]
ev: ABS code=53 val=108 (slot=0)
ev: ABS code=0 val=108 (slot=0)
ev: SYN code=0
cnt=1 s0=fng (108,2302)* [filtered=32]
ev: SYN code=0
cnt=1 s0=fng (108,2302)* [filtered=32]
ev: SYN code=0
cnt=1 s0=fng (108,2302)* [filtered=32]
ev: SYN code=0
cnt=1 s0=fng (108,2302)* [filtered=32]
ev: SYN code=0
cnt=1 s0=fng (108,2302)* [filtered=32]
ev: SYN code=0
cnt=1 s0=fng (108,2302)* [filtered=32]
ev: SYN code=0
cnt=1 s0=fng (108,2302)* [filtered=32]
ev: ABS code=53 val=109 (slot=0)
ev: ABS code=0 val=109 (slot=0)
ev: SYN code=0
cnt=1 s0=fng (109,2302)* [filtered=32]
ev: SYN code=0
cnt=1 s0=fng (109,2302)* [filtered=32]
ev: SYN code=0
cnt=1 s0=fng (109,2302)* [filtered=32]
ev: SYN code=0
cnt=1 s0=fng (109,2302)* [filtered=32]
ev: SYN code=0
cnt=1 s0=fng (109,2302)* [filtered=32]
ev: SYN code=0
cnt=1 s0=fng (109,2302)* [filtered=32]
ev: SYN code=0
cnt=1 s0=fng (109,2302)* [filtered=32]
ev: SYN code=0
cnt=1 s0=fng (109,2302)* [filtered=32]
ev: SYN code=0
cnt=1 s0=fng (109,2302)* [filtered=32]
ev: SYN code=0
cnt=1 s0=fng (109,2302)* [filtered=32]
ev: SYN code=0
cnt=1 s0=fng (109,2302)* [filtered=32]
ev: SYN code=0
cnt=1 s0=fng (109,2302)* [filtered=32]
ev: SYN code=0
cnt=1 s0=fng (109,2302)* [filtered=32]
ev: SYN code=0
cnt=1 s0=fng (109,2302)* [filtered=32]
ev: SYN code=0
cnt=1 s0=fng (109,2302)* [filtered=32]
ev: SYN code=0
cnt=1 s0=fng (109,2302)* [filtered=32]
ev: SYN code=0
cnt=1 s0=fng (109,2302)* [filtered=32]
ev: SYN code=0
cnt=1 s0=fng (109,2302)* [filtered=32]
ev: SYN code=0
cnt=1 s0=fng (109,2302)* [filtered=32]
ev: SYN code=0
cnt=1 s0=fng (109,2302)* [filtered=32]
ev: SYN code=0
cnt=1 s0=fng (109,2302)* [filtered=32]
ev: SYN code=0
cnt=1 s0=fng (109,2302)* [filtered=32]
ev: SYN code=0
cnt=1 s0=fng (109,2302)* [filtered=32]
ev: SYN code=0
cnt=1 s0=fng (109,2302)* [filtered=32]
ev: SYN code=0
cnt=1 s0=fng (109,2302)* [filtered=32]
ev: SYN code=0
cnt=1 s0=fng (109,2302)* [filtered=32]
ev: SYN code=0
cnt=1 s0=fng (109,2302)* [filtered=32]
ev: SYN code=0
cnt=1 s0=fng (109,2302)* [filtered=32]
ev: SYN code=0
cnt=1 s0=fng (109,2302)* [filtered=32]
ev: SYN code=0
cnt=1 s0=fng (109,2302)* [filtered=32]
ev: SYN code=0
cnt=1 s0=fng (109,2302)* [filtered=32]
ev: SYN code=0
cnt=1 s0=fng (109,2302)* [filtered=32]
ev: SYN code=0
cnt=1 s0=fng (109,2302)* [filtered=32]
ev: SYN code=0
cnt=1 s0=fng (109,2302)* [filtered=32]
ev: SYN code=0
cnt=1 s0=fng (109,2302)* [filtered=32]
ev: SYN code=0
cnt=1 s0=fng (109,2302)* [filtered=32]
ev: SYN code=0
cnt=1 s0=fng (109,2302)* [filtered=32]
ev: SYN code=0
cnt=1 s0=fng (109,2302)* [filtered=32]
ev: SYN code=0
cnt=1 s0=fng (109,2302)* [filtered=32]
ev: SYN code=0
cnt=1 s0=fng (109,2302)* [filtered=32]
ev: SYN code=0
cnt=1 s0=fng (109,2302)* [filtered=32]
ev: SYN code=0
cnt=1 s0=fng (109,2302)* [filtered=32]
ev: SYN code=0
cnt=1 s0=fng (109,2302)* [filtered=32]
ev: SYN code=0
cnt=1 s0=fng (109,2302)* [filtered=32]
ev: SYN code=0
cnt=1 s0=fng (109,2302)* [filtered=32]
ev: SYN code=0
cnt=1 s0=fng (109,2302)* [filtered=32]
ev: SYN code=0
cnt=1 s0=fng (109,2302)* [filtered=32]
ev: SYN code=0
cnt=1 s0=fng (109,2302)* [filtered=32]
ev: SYN code=0
cnt=1 s0=fng (109,2302)* [filtered=32]
ev: SYN code=0
cnt=1 s0=fng (109,2302)* [filtered=32]
ev: SYN code=0
cnt=1 s0=fng (109,2302)* [filtered=32]
ev: SYN code=0
cnt=1 s0=fng (109,2302)* [filtered=32]
ev: SYN code=0
cnt=1 s0=fng (109,2302)* [filtered=32]
ev: SYN code=0
cnt=1 s0=fng (109,2302)* [filtered=32]
ev: SYN code=0
cnt=1 s0=fng (109,2302)* [filtered=32]
ev: SYN code=0
cnt=1 s0=fng (109,2302)* [filtered=32]
ev: SYN code=0
cnt=1 s0=fng (109,2302)* [filtered=32]
ev: SYN code=0
cnt=1 s0=fng (109,2302)* [filtered=32]
ev: SYN code=0
cnt=1 s0=fng (109,2302)* [filtered=32]
ev: SYN code=0
cnt=1 s0=fng (109,2302)* [filtered=32]
ev: SYN code=0
cnt=1 s0=fng (109,2302)* [filtered=32]
ev: SYN code=0
cnt=1 s0=fng (109,2302)* [filtered=32]
ev: SYN code=0
cnt=1 s0=fng (109,2302)* [filtered=32]
ev: SYN code=0
cnt=1 s0=fng (109,2302)* [filtered=32]
ev: SYN code=0
cnt=1 s0=fng (109,2302)* [filtered=32]
ev: SYN code=0
cnt=1 s0=fng (109,2302)* [filtered=32]
ev: SYN code=0
cnt=1 s0=fng (109,2302)* [filtered=32]
ev: SYN code=0
cnt=1 s0=fng (109,2302)* [filtered=32]
ev: SYN code=0
cnt=1 s0=fng (109,2302)* [filtered=32]
ev: SYN code=0
cnt=1 s0=fng (109,2302)* [filtered=32]
ev: SYN code=0
cnt=1 s0=fng (109,2302)* [filtered=32]
ev: SYN code=0
cnt=1 s0=fng (109,2302)* [filtered=32]
ev: SYN code=0
cnt=1 s0=fng (109,2302)* [filtered=32]
ev: SYN code=0
cnt=1 s0=fng (109,2302)* [filtered=32]
ev: SYN code=0
cnt=1 s0=fng (109,2302)* [filtered=32]
ev: SYN code=0
cnt=1 s0=fng (109,2302)* [filtered=32]
ev: SYN code=0
cnt=1 s0=fng (109,2302)* [filtered=32]
ev: SYN code=0
cnt=1 s0=fng (109,2302)* [filtered=32]
ev: SYN code=0
cnt=1 s0=fng (109,2302)* [filtered=32]
ev: SYN code=0
cnt=1 s0=fng (109,2302)* [filtered=32]
ev: SYN code=0
cnt=1 s0=fng (109,2302)* [filtered=32]
ev: SYN code=0
cnt=1 s0=fng (109,2302)* [filtered=32]
ev: ABS code=54 val=2303 (slot=0)
ev: ABS code=1 val=2303 (slot=0)
ev: SYN code=0
cnt=1 s0=fng (109,2303)* [filtered=32]
ev: SYN code=0
cnt=1 s0=fng (109,2303)* [filtered=32]
ev: ABS code=54 val=2304 (slot=0)
ev: ABS code=1 val=2304 (slot=0)
ev: SYN code=0
cnt=1 s0=fng (109,2304)* [filtered=32]
ev: SYN code=0
cnt=1 s0=fng (109,2304)* [filtered=32]
ev: ABS code=54 val=2305 (slot=0)
ev: ABS code=1 val=2305 (slot=0)
ev: SYN code=0
cnt=1 s0=fng (109,2305)* [filtered=32]
ev: SYN code=0
cnt=1 s0=fng (109,2305)* [filtered=32]
ev: SYN code=0
cnt=1 s0=fng (109,2305)* [filtered=32]
ev: ABS code=54 val=2306 (slot=0)
ev: ABS code=1 val=2306 (slot=0)
ev: SYN code=0
cnt=1 s0=fng (109,2306)* [filtered=32]
ev: SYN code=0
cnt=1 s0=fng (109,2306)* [filtered=32]
ev: ABS code=54 val=2307 (slot=0)
ev: ABS code=1 val=2307 (slot=0)
ev: SYN code=0
cnt=1 s0=fng (109,2307)* [filtered=32]
ev: ABS code=54 val=2308 (slot=0)
ev: ABS code=1 val=2308 (slot=0)
ev: SYN code=0
cnt=1 s0=fng (109,2308)* [filtered=32]
ev: ABS code=54 val=2309 (slot=0)
ev: ABS code=1 val=2309 (slot=0)
ev: SYN code=0
cnt=1 s0=fng (109,2309)* [filtered=32]
ev: ABS code=54 val=2310 (slot=0)
ev: ABS code=1 val=2310 (slot=0)
ev: SYN code=0
cnt=1 s0=fng (109,2310)* [filtered=32]
ev: ABS code=54 val=2311 (slot=0)
ev: ABS code=1 val=2311 (slot=0)
ev: SYN code=0
cnt=1 s0=fng (109,2311)* [filtered=32]
ev: ABS code=54 val=2313 (slot=0)
ev: ABS code=1 val=2313 (slot=0)
ev: SYN code=0
cnt=1 s0=fng (109,2313)* [filtered=32]
ev: ABS code=54 val=2314 (slot=0)
ev: ABS code=1 val=2314 (slot=0)
ev: SYN code=0
cnt=1 s0=fng (109,2314)* [filtered=32]
ev: ABS code=54 val=2315 (slot=0)
ev: ABS code=1 val=2315 (slot=0)
ev: SYN code=0
cnt=1 s0=fng (109,2315)* [filtered=32]
ev: ABS code=54 val=2317 (slot=0)
ev: ABS code=1 val=2317 (slot=0)
ev: SYN code=0
cnt=1 s0=fng (109,2317)* [filtered=32]
ev: ABS code=54 val=2319 (slot=0)
ev: ABS code=1 val=2319 (slot=0)
ev: SYN code=0
cnt=1 s0=fng (109,2319)* [filtered=32]
ev: ABS code=54 val=2322 (slot=0)
ev: ABS code=1 val=2322 (slot=0)
ev: SYN code=0
cnt=1 s0=fng (109,2322)* [filtered=32]
ev: ABS code=54 val=2323 (slot=0)
ev: ABS code=1 val=2323 (slot=0)
ev: SYN code=0
cnt=1 s0=fng (109,2323)* [filtered=32]
ev: ABS code=54 val=2325 (slot=0)
ev: ABS code=1 val=2325 (slot=0)
ev: SYN code=0
cnt=1 s0=fng (109,2325)* [filtered=32]
ev: ABS code=54 val=2328 (slot=0)
ev: ABS code=1 val=2328 (slot=0)
ev: SYN code=0
cnt=1 s0=fng (109,2328)* [filtered=32]
ev: ABS code=54 val=2330 (slot=0)
ev: ABS code=1 val=2330 (slot=0)
ev: SYN code=0
cnt=1 s0=fng (109,2330)* [filtered=32]
ev: ABS code=54 val=2331 (slot=0)
ev: ABS code=1 val=2331 (slot=0)
ev: SYN code=0
cnt=1 s0=fng (109,2331)* [filtered=32]
ev: ABS code=54 val=2333 (slot=0)
ev: ABS code=1 val=2333 (slot=0)
ev: SYN code=0
cnt=1 s0=fng (109,2333)* [filtered=32]
ev: ABS code=54 val=2336 (slot=0)
ev: ABS code=47 val=1 (slot=0)
ev: ABS code=57 val=95 (slot=1)
ev: ABS code=53 val=718 (slot=1)
ev: ABS code=54 val=2471 (slot=1)
ev: KEY code=0x145 val=0
ev: KEY code=0x14d val=1
ev: ABS code=1 val=2336 (slot=1)
ev: SYN code=0
cnt=2 s0=PALM(109,2336)* s1=PALM(718,2471) [filtered=33]
ev: ABS code=47 val=0 (slot=1)
ev: ABS code=54 val=2340 (slot=0)
ev: ABS code=1 val=2340 (slot=0)
ev: SYN code=0
cnt=2 s0=PALM(109,2340) s1=PALM(718,2471) [filtered=34]
ev: ABS code=54 val=2345 (slot=0)
ev: ABS code=1 val=2345 (slot=0)
ev: SYN code=0
cnt=2 s0=PALM(109,2345) s1=PALM(718,2471) [filtered=35]
ev: ABS code=54 val=2349 (slot=0)
ev: ABS code=1 val=2349 (slot=0)
ev: SYN code=0
cnt=2 s0=PALM(109,2349) s1=PALM(718,2471) [filtered=36]
ev: ABS code=54 val=2354 (slot=0)
ev: ABS code=1 val=2354 (slot=0)
ev: SYN code=0
cnt=2 s0=PALM(109,2354) s1=PALM(718,2471) [filtered=37]
ev: ABS code=54 val=2358 (slot=0)
ev: ABS code=47 val=1 (slot=0)
ev: ABS code=53 val=717 (slot=1)
ev: ABS code=1 val=2358 (slot=1)
ev: SYN code=0
cnt=2 s0=PALM(109,2358) s1=PALM(717,2471) [filtered=38]
ev: ABS code=47 val=0 (slot=1)
ev: ABS code=54 val=2362 (slot=0)
ev: ABS code=47 val=1 (slot=0)
ev: ABS code=53 val=716 (slot=1)
ev: ABS code=1 val=2362 (slot=1)
ev: SYN code=0
cnt=2 s0=PALM(109,2362) s1=PALM(716,2471) [filtered=39]
ev: ABS code=47 val=0 (slot=1)
ev: ABS code=54 val=2365 (slot=0)
ev: ABS code=47 val=1 (slot=0)
ev: ABS code=53 val=715 (slot=1)
ev: ABS code=1 val=2365 (slot=1)
ev: SYN code=0
cnt=2 s0=PALM(109,2365) s1=PALM(715,2471) [filtered=40]
ev: ABS code=47 val=0 (slot=1)
ev: ABS code=54 val=2368 (slot=0)
ev: ABS code=47 val=1 (slot=0)
ev: ABS code=53 val=714 (slot=1)
ev: ABS code=1 val=2368 (slot=1)
ev: SYN code=0
cnt=2 s0=PALM(109,2368) s1=PALM(714,2471) [filtered=41]
ev: ABS code=47 val=0 (slot=1)
ev: ABS code=54 val=2371 (slot=0)
ev: ABS code=47 val=1 (slot=0)
ev: ABS code=53 val=712 (slot=1)
ev: ABS code=1 val=2371 (slot=1)
ev: SYN code=0
cnt=2 s0=PALM(109,2371) s1=PALM(712,2471) [filtered=42]
ev: ABS code=47 val=0 (slot=1)
ev: ABS code=54 val=2374 (slot=0)
ev: ABS code=47 val=1 (slot=0)
ev: ABS code=53 val=709 (slot=1)
ev: ABS code=54 val=2470 (slot=1)
ev: ABS code=1 val=2374 (slot=1)
ev: SYN code=0
cnt=2 s0=PALM(109,2374) s1=PALM(709,2470) [filtered=43]
ev: ABS code=47 val=0 (slot=1)
ev: ABS code=53 val=110 (slot=0)
ev: ABS code=54 val=2377 (slot=0)
ev: ABS code=47 val=1 (slot=0)
ev: ABS code=53 val=706 (slot=1)
ev: ABS code=0 val=110 (slot=1)
ev: ABS code=1 val=2377 (slot=1)
ev: SYN code=0
cnt=2 s0=PALM(110,2377) s1=PALM(706,2470) [filtered=44]
ev: ABS code=47 val=0 (slot=1)
ev: ABS code=54 val=2379 (slot=0)
ev: ABS code=47 val=1 (slot=0)
ev: ABS code=53 val=705 (slot=1)
ev: ABS code=1 val=2379 (slot=1)
ev: SYN code=0
cnt=2 s0=PALM(110,2379) s1=PALM(705,2470) [filtered=45]
ev: ABS code=47 val=0 (slot=1)
ev: ABS code=53 val=111 (slot=0)
ev: ABS code=54 val=2381 (slot=0)
ev: ABS code=47 val=1 (slot=0)
ev: ABS code=53 val=702 (slot=1)
ev: ABS code=0 val=111 (slot=1)
ev: ABS code=1 val=2381 (slot=1)
ev: SYN code=0
cnt=2 s0=PALM(111,2381) s1=PALM(702,2470) [filtered=46]
ev: ABS code=47 val=0 (slot=1)
ev: ABS code=54 val=2384 (slot=0)
ev: ABS code=47 val=1 (slot=0)
ev: ABS code=53 val=699 (slot=1)
ev: ABS code=54 val=2469 (slot=1)
ev: ABS code=1 val=2384 (slot=1)
ev: SYN code=0
cnt=2 s0=PALM(111,2384) s1=PALM(699,2469) [filtered=47]
ev: ABS code=47 val=0 (slot=1)
ev: ABS code=53 val=112 (slot=0)
ev: ABS code=54 val=2386 (slot=0)
ev: ABS code=47 val=1 (slot=0)
ev: ABS code=53 val=696 (slot=1)
ev: ABS code=0 val=112 (slot=1)
ev: ABS code=1 val=2386 (slot=1)
ev: SYN code=0
cnt=2 s0=PALM(112,2386) s1=PALM(696,2469) [filtered=48]
ev: ABS code=47 val=0 (slot=1)
ev: ABS code=53 val=113 (slot=0)
ev: ABS code=54 val=2388 (slot=0)
ev: ABS code=47 val=1 (slot=0)
ev: ABS code=53 val=692 (slot=1)
ev: ABS code=0 val=113 (slot=1)
ev: ABS code=1 val=2388 (slot=1)
ev: SYN code=0
cnt=2 s0=PALM(113,2388) s1=PALM(692,2469) [filtered=49]
ev: ABS code=47 val=0 (slot=1)
ev: ABS code=54 val=2389 (slot=0)
ev: ABS code=47 val=1 (slot=0)
ev: ABS code=53 val=690 (slot=1)
ev: ABS code=1 val=2389 (slot=1)
ev: SYN code=0
cnt=2 s0=PALM(113,2389) s1=PALM(690,2469) [filtered=50]
ev: ABS code=47 val=0 (slot=1)
ev: ABS code=54 val=2390 (slot=0)
ev: ABS code=47 val=1 (slot=0)
ev: ABS code=57 val=-1 (slot=1)
ev: KEY code=0x145 val=1
ev: KEY code=0x14d val=0
ev: ABS code=1 val=2390 (slot=1)
ev: SYN code=0
cnt=1 s0=fng (113,2390) [filtered=50]
ev: ABS code=47 val=0 (slot=1)
ev: ABS code=54 val=2392 (slot=0)
ev: ABS code=1 val=2392 (slot=0)
ev: SYN code=0
cnt=1 s0=fng (113,2392) [filtered=50]
ev: ABS code=54 val=2393 (slot=0)
ev: ABS code=1 val=2393 (slot=0)
ev: SYN code=0
cnt=1 s0=fng (113,2393) [filtered=50]
ev: ABS code=54 val=2394 (slot=0)
ev: ABS code=1 val=2394 (slot=0)
ev: SYN code=0
cnt=1 s0=fng (113,2394) [filtered=50]
ev: ABS code=54 val=2395 (slot=0)
ev: ABS code=1 val=2395 (slot=0)
ev: SYN code=0
cnt=1 s0=fng (113,2395) [filtered=50]
ev: ABS code=54 val=2396 (slot=0)
ev: ABS code=1 val=2396 (slot=0)
ev: SYN code=0
cnt=1 s0=fng (113,2396) [filtered=50]
ev: SYN code=0
cnt=1 s0=fng (113,2396) [filtered=50]
ev: ABS code=54 val=2397 (slot=0)
ev: ABS code=1 val=2397 (slot=0)
ev: SYN code=0
cnt=1 s0=fng (113,2397) [filtered=50]
ev: SYN code=0
cnt=1 s0=fng (113,2397) [filtered=50]
ev: ABS code=54 val=2398 (slot=0)
ev: ABS code=1 val=2398 (slot=0)
ev: SYN code=0
cnt=1 s0=fng (113,2398) [filtered=50]
ev: ABS code=53 val=114 (slot=0)
ev: ABS code=0 val=114 (slot=0)
ev: SYN code=0
cnt=1 s0=fng (114,2398) [filtered=50]
ev: ABS code=53 val=115 (slot=0)
ev: ABS code=54 val=2399 (slot=0)
ev: ABS code=0 val=115 (slot=0)
ev: ABS code=1 val=2399 (slot=0)
ev: SYN code=0
cnt=1 s0=fng (115,2399) [filtered=50]
ev: ABS code=53 val=116 (slot=0)
ev: ABS code=0 val=116 (slot=0)
ev: SYN code=0
cnt=1 s0=fng (116,2399) [filtered=50]
ev: ABS code=53 val=117 (slot=0)
ev: ABS code=0 val=117 (slot=0)
ev: SYN code=0
cnt=1 s0=fng (117,2399)* [filtered=50]
ev: ABS code=53 val=118 (slot=0)
ev: ABS code=54 val=2400 (slot=0)
ev: ABS code=0 val=118 (slot=0)
ev: ABS code=1 val=2400 (slot=0)
ev: SYN code=0
cnt=1 s0=fng (118,2400)* [filtered=50]
ev: ABS code=53 val=119 (slot=0)
ev: ABS code=0 val=119 (slot=0)
ev: SYN code=0
cnt=1 s0=fng (119,2400)* [filtered=50]
ev: ABS code=53 val=120 (slot=0)
ev: ABS code=54 val=2401 (slot=0)
ev: ABS code=0 val=120 (slot=0)
ev: ABS code=1 val=2401 (slot=0)
ev: SYN code=0
cnt=1 s0=fng (120,2401)* [filtered=50]
ev: ABS code=53 val=121 (slot=0)
ev: ABS code=54 val=2402 (slot=0)
ev: ABS code=0 val=121 (slot=0)
ev: ABS code=1 val=2402 (slot=0)
ev: SYN code=0
cnt=1 s0=fng (121,2402)* [filtered=50]
ev: SYN code=0
cnt=1 s0=fng (121,2402)* [filtered=50]
ev: ABS code=53 val=122 (slot=0)
ev: ABS code=0 val=122 (slot=0)
ev: SYN code=0
cnt=1 s0=fng (122,2402)* [filtered=50]
ev: ABS code=53 val=123 (slot=0)
ev: ABS code=54 val=2403 (slot=0)
ev: ABS code=0 val=123 (slot=0)
ev: ABS code=1 val=2403 (slot=0)
ev: SYN code=0
cnt=1 s0=fng (123,2403)* [filtered=50]
ev: ABS code=53 val=124 (slot=0)
ev: ABS code=0 val=124 (slot=0)
ev: SYN code=0
cnt=1 s0=fng (124,2403)* [filtered=50]
ev: ABS code=53 val=125 (slot=0)
ev: ABS code=54 val=2404 (slot=0)
ev: ABS code=0 val=125 (slot=0)
ev: ABS code=1 val=2404 (slot=0)
ev: SYN code=0
cnt=1 s0=fng (125,2404)* [filtered=50]
ev: ABS code=53 val=126 (slot=0)
ev: ABS code=0 val=126 (slot=0)
ev: SYN code=0
cnt=1 s0=fng (126,2404)* [filtered=50]
ev: ABS code=53 val=127 (slot=0)
ev: ABS code=0 val=127 (slot=0)
ev: SYN code=0
cnt=1 s0=fng (127,2404)* [filtered=50]
ev: ABS code=53 val=128 (slot=0)
ev: ABS code=54 val=2405 (slot=0)
ev: KEY code=0x110 val=1
click: x=128 -> zone=0x110
ev: ABS code=0 val=128 (slot=0)
ev: ABS code=1 val=2405 (slot=0)
ev: SYN code=0
cnt=1 s0=fng (128,2405)* [filtered=50]
ev: ABS code=53 val=129 (slot=0)
ev: ABS code=54 val=2406 (slot=0)
ev: ABS code=0 val=129 (slot=0)
ev: ABS code=1 val=2406 (slot=0)
ev: SYN code=0
cnt=1 s0=fng (129,2406)* [filtered=50]
ev: SYN code=0
cnt=1 s0=fng (129,2406)* [filtered=50]
ev: ABS code=53 val=130 (slot=0)
ev: ABS code=0 val=130 (slot=0)
ev: SYN code=0
cnt=1 s0=fng (130,2406)* [filtered=50]
ev: ABS code=53 val=131 (slot=0)
ev: ABS code=54 val=2407 (slot=0)
ev: ABS code=0 val=131 (slot=0)
ev: ABS code=1 val=2407 (slot=0)
ev: SYN code=0
cnt=1 s0=fng (131,2407)* [filtered=50]
ev: ABS code=53 val=132 (slot=0)
ev: ABS code=0 val=132 (slot=0)
ev: SYN code=0
cnt=1 s0=fng (132,2407)* [filtered=50]
ev: ABS code=53 val=133 (slot=0)
ev: ABS code=54 val=2408 (slot=0)
ev: ABS code=0 val=133 (slot=0)
ev: ABS code=1 val=2408 (slot=0)
ev: SYN code=0
cnt=1 s0=fng (133,2408)* [filtered=50]
ev: ABS code=53 val=134 (slot=0)
ev: ABS code=0 val=134 (slot=0)
ev: SYN code=0
cnt=1 s0=fng (134,2408)* [filtered=50]
ev: ABS code=53 val=135 (slot=0)
ev: ABS code=0 val=135 (slot=0)
ev: SYN code=0
cnt=1 s0=fng (135,2408)* [filtered=50]
ev: ABS code=53 val=136 (slot=0)
ev: ABS code=54 val=2409 (slot=0)
ev: ABS code=0 val=136 (slot=0)
ev: ABS code=1 val=2409 (slot=0)
ev: SYN code=0
cnt=1 s0=fng (136,2409)* [filtered=50]
ev: ABS code=53 val=137 (slot=0)
ev: ABS code=54 val=2410 (slot=0)
ev: ABS code=0 val=137 (slot=0)
ev: ABS code=1 val=2410 (slot=0)
ev: SYN code=0
cnt=1 s0=fng (137,2410)* [filtered=50]
ev: ABS code=53 val=139 (slot=0)
ev: ABS code=0 val=139 (slot=0)
ev: SYN code=0
cnt=1 s0=fng (139,2410)* [filtered=50]
ev: ABS code=53 val=140 (slot=0)
ev: ABS code=0 val=140 (slot=0)
ev: SYN code=0
cnt=1 s0=fng (140,2410)* [filtered=50]
ev: ABS code=53 val=142 (slot=0)
ev: ABS code=54 val=2411 (slot=0)
ev: ABS code=0 val=142 (slot=0)
ev: ABS code=1 val=2411 (slot=0)
ev: SYN code=0
cnt=1 s0=fng (142,2411)* [filtered=50]
ev: ABS code=53 val=144 (slot=0)
ev: ABS code=0 val=144 (slot=0)
ev: SYN code=0
cnt=1 s0=fng (144,2411)* [filtered=50]
ev: ABS code=53 val=146 (slot=0)
ev: ABS code=54 val=2412 (slot=0)
ev: ABS code=0 val=146 (slot=0)
ev: ABS code=1 val=2412 (slot=0)
ev: SYN code=0
cnt=1 s0=fng (146,2412)* [filtered=50]
ev: ABS code=53 val=147 (slot=0)
ev: ABS code=0 val=147 (slot=0)
ev: SYN code=0
cnt=1 s0=fng (147,2412)* [filtered=50]
ev: ABS code=53 val=148 (slot=0)
ev: ABS code=54 val=2413 (slot=0)
ev: ABS code=0 val=148 (slot=0)
ev: ABS code=1 val=2413 (slot=0)
ev: SYN code=0
cnt=1 s0=fng (148,2413)* [filtered=50]
ev: ABS code=53 val=150 (slot=0)
ev: ABS code=0 val=150 (slot=0)
ev: SYN code=0
cnt=1 s0=fng (150,2413)* [filtered=50]
ev: ABS code=53 val=152 (slot=0)
ev: ABS code=54 val=2414 (slot=0)
ev: ABS code=0 val=152 (slot=0)
ev: ABS code=1 val=2414 (slot=0)
ev: SYN code=0
cnt=1 s0=fng (152,2414)* [filtered=50]
ev: ABS code=53 val=153 (slot=0)
ev: ABS code=0 val=153 (slot=0)
ev: SYN code=0
cnt=1 s0=fng (153,2414)* [filtered=50]
ev: ABS code=53 val=154 (slot=0)
ev: ABS code=0 val=154 (slot=0)
ev: SYN code=0
cnt=1 s0=fng (154,2414)* [filtered=50]
ev: ABS code=53 val=155 (slot=0)
ev: ABS code=54 val=2415 (slot=0)
ev: ABS code=0 val=155 (slot=0)
ev: ABS code=1 val=2415 (slot=0)
ev: SYN code=0
cnt=1 s0=fng (155,2415)* [filtered=50]
ev: ABS code=53 val=156 (slot=0)
ev: ABS code=0 val=156 (slot=0)
ev: SYN code=0
cnt=1 s0=fng (156,2415)* [filtered=50]
ev: ABS code=53 val=157 (slot=0)
ev: ABS code=54 val=2416 (slot=0)
ev: ABS code=0 val=157 (slot=0)
ev: ABS code=1 val=2416 (slot=0)
ev: SYN code=0
cnt=1 s0=fng (157,2416)* [filtered=50]
ev: ABS code=53 val=159 (slot=0)
ev: ABS code=54 val=2417 (slot=0)
ev: ABS code=0 val=159 (slot=0)
ev: ABS code=1 val=2417 (slot=0)
ev: SYN code=0
cnt=1 s0=fng (159,2417)* [filtered=50]
ev: ABS code=53 val=160 (slot=0)
ev: ABS code=0 val=160 (slot=0)
ev: SYN code=0
cnt=1 s0=fng (160,2417)* [filtered=50]
ev: ABS code=53 val=161 (slot=0)
ev: ABS code=0 val=161 (slot=0)
ev: SYN code=0
cnt=1 s0=fng (161,2417)* [filtered=50]
ev: ABS code=54 val=2418 (slot=0)
ev: ABS code=1 val=2418 (slot=0)
ev: SYN code=0
cnt=1 s0=fng (161,2418)* [filtered=50]
ev: ABS code=53 val=162 (slot=0)
ev: ABS code=0 val=162 (slot=0)
ev: SYN code=0
cnt=1 s0=fng (162,2418)* [filtered=50]
ev: SYN code=0
cnt=1 s0=fng (162,2418)* [filtered=50]
ev: ABS code=54 val=2419 (slot=0)
ev: ABS code=1 val=2419 (slot=0)
ev: SYN code=0
cnt=1 s0=fng (162,2419)* [filtered=50]
ev: ABS code=53 val=163 (slot=0)
ev: ABS code=0 val=163 (slot=0)
ev: SYN code=0
cnt=1 s0=fng (163,2419)* [filtered=50]
ev: ABS code=53 val=164 (slot=0)
ev: ABS code=0 val=164 (slot=0)
ev: SYN code=0
cnt=1 s0=fng (164,2419)* [filtered=50]
ev: ABS code=54 val=2420 (slot=0)
ev: ABS code=1 val=2420 (slot=0)
ev: SYN code=0
cnt=1 s0=fng (164,2420)* [filtered=50]
ev: SYN code=0
cnt=1 s0=fng (164,2420)* [filtered=50]
ev: ABS code=53 val=165 (slot=0)
ev: ABS code=0 val=165 (slot=0)
ev: SYN code=0
cnt=1 s0=fng (165,2420)* [filtered=50]
ev: SYN code=0
cnt=1 s0=fng (165,2420)* [filtered=50]
ev: ABS code=53 val=166 (slot=0)
ev: ABS code=0 val=166 (slot=0)
ev: SYN code=0
cnt=1 s0=fng (166,2420)* [filtered=50]
ev: KEY code=0x110 val=0
ev: SYN code=0
cnt=1 s0=fng (166,2420)* [filtered=50]
ev: SYN code=0
cnt=1 s0=fng (166,2420)* [filtered=50]
ev: ABS code=53 val=167 (slot=0)
ev: ABS code=0 val=167 (slot=0)
ev: SYN code=0
cnt=1 s0=fng (167,2420)* [filtered=50]
ev: ABS code=53 val=168 (slot=0)
ev: ABS code=0 val=168 (slot=0)
ev: SYN code=0
cnt=1 s0=fng (168,2420)* [filtered=50]
ev: ABS code=53 val=169 (slot=0)
ev: ABS code=0 val=169 (slot=0)
ev: SYN code=0
cnt=1 s0=fng (169,2420)* [filtered=50]
ev: ABS code=53 val=170 (slot=0)
ev: ABS code=54 val=2419 (slot=0)
ev: ABS code=0 val=170 (slot=0)
ev: ABS code=1 val=2419 (slot=0)
ev: SYN code=0
cnt=1 s0=fng (170,2419)* [filtered=50]
ev: SYN code=0
cnt=1 s0=fng (170,2419)* [filtered=50]
ev: ABS code=53 val=171 (slot=0)
ev: ABS code=54 val=2418 (slot=0)
ev: ABS code=0 val=171 (slot=0)
ev: ABS code=1 val=2418 (slot=0)
ev: SYN code=0
cnt=1 s0=fng (171,2418)* [filtered=50]
ev: ABS code=53 val=172 (slot=0)
ev: ABS code=54 val=2417 (slot=0)
ev: ABS code=0 val=172 (slot=0)
ev: ABS code=1 val=2417 (slot=0)
ev: SYN code=0
cnt=1 s0=fng (172,2417)* [filtered=50]
ev: ABS code=53 val=174 (slot=0)
ev: ABS code=54 val=2415 (slot=0)
ev: ABS code=0 val=174 (slot=0)
ev: ABS code=1 val=2415 (slot=0)
ev: SYN code=0
cnt=1 s0=fng (174,2415) [filtered=50]
ev: ABS code=53 val=175 (slot=0)
ev: ABS code=54 val=2414 (slot=0)
ev: ABS code=0 val=175 (slot=0)
ev: ABS code=1 val=2414 (slot=0)
ev: SYN code=0
cnt=1 s0=fng (175,2414) [filtered=50]
ev: ABS code=53 val=178 (slot=0)
ev: ABS code=54 val=2412 (slot=0)
ev: ABS code=0 val=178 (slot=0)
ev: ABS code=1 val=2412 (slot=0)
ev: SYN code=0
cnt=1 s0=fng (178,2412) [filtered=50]
ev: ABS code=53 val=181 (slot=0)
ev: ABS code=54 val=2409 (slot=0)
ev: ABS code=0 val=181 (slot=0)
ev: ABS code=1 val=2409 (slot=0)
ev: SYN code=0
cnt=1 s0=fng (181,2409) [filtered=50]
ev: ABS code=53 val=185 (slot=0)
ev: ABS code=54 val=2405 (slot=0)
ev: ABS code=0 val=185 (slot=0)
ev: ABS code=1 val=2405 (slot=0)
ev: SYN code=0
cnt=1 s0=fng (185,2405) [filtered=50]
ev: ABS code=53 val=189 (slot=0)
ev: ABS code=54 val=2401 (slot=0)
ev: ABS code=0 val=189 (slot=0)
ev: ABS code=1 val=2401 (slot=0)
ev: SYN code=0
cnt=1 s0=fng (189,2401) [filtered=50]
ev: ABS code=53 val=191 (slot=0)
ev: ABS code=54 val=2399 (slot=0)
ev: ABS code=0 val=191 (slot=0)
ev: ABS code=1 val=2399 (slot=0)
ev: SYN code=0
cnt=1 s0=fng (191,2399) [filtered=50]
ev: ABS code=53 val=194 (slot=0)
ev: ABS code=54 val=2396 (slot=0)
ev: ABS code=0 val=194 (slot=0)
ev: ABS code=1 val=2396 (slot=0)
ev: SYN code=0
cnt=1 s0=fng (194,2396) [filtered=50]
ev: ABS code=53 val=197 (slot=0)
ev: ABS code=54 val=2393 (slot=0)
ev: ABS code=0 val=197 (slot=0)
ev: ABS code=1 val=2393 (slot=0)
ev: SYN code=0
cnt=1 s0=fng (197,2393) [filtered=50]
ev: ABS code=53 val=199 (slot=0)
ev: ABS code=54 val=2391 (slot=0)
ev: ABS code=0 val=199 (slot=0)
ev: ABS code=1 val=2391 (slot=0)
ev: SYN code=0
cnt=1 s0=fng (199,2391) [filtered=50]
ev: ABS code=53 val=201 (slot=0)
ev: ABS code=54 val=2389 (slot=0)
ev: ABS code=0 val=201 (slot=0)
ev: ABS code=1 val=2389 (slot=0)
ev: SYN code=0
cnt=1 s0=fng (201,2389) [filtered=50]
ev: ABS code=53 val=202 (slot=0)
ev: ABS code=54 val=2388 (slot=0)
ev: ABS code=0 val=202 (slot=0)
ev: ABS code=1 val=2388 (slot=0)
ev: SYN code=0
cnt=1 s0=fng (202,2388) [filtered=50]
ev: ABS code=53 val=203 (slot=0)
ev: ABS code=54 val=2387 (slot=0)
ev: ABS code=0 val=203 (slot=0)
ev: ABS code=1 val=2387 (slot=0)
ev: SYN code=0
cnt=1 s0=fng (203,2387) [filtered=50]
ev: ABS code=53 val=205 (slot=0)
ev: ABS code=54 val=2385 (slot=0)
ev: ABS code=0 val=205 (slot=0)
ev: ABS code=1 val=2385 (slot=0)
ev: SYN code=0
cnt=1 s0=fng (205,2385) [filtered=50]
ev: ABS code=53 val=206 (slot=0)
ev: ABS code=54 val=2384 (slot=0)
ev: ABS code=0 val=206 (slot=0)
ev: ABS code=1 val=2384 (slot=0)
ev: SYN code=0
cnt=1 s0=fng (206,2384) [filtered=50]
ev: ABS code=53 val=207 (slot=0)
ev: ABS code=54 val=2383 (slot=0)
ev: ABS code=0 val=207 (slot=0)
ev: ABS code=1 val=2383 (slot=0)
ev: SYN code=0
cnt=1 s0=fng (207,2383) [filtered=50]
ev: ABS code=54 val=2382 (slot=0)
ev: ABS code=1 val=2382 (slot=0)
ev: SYN code=0
cnt=1 s0=fng (207,2382) [filtered=50]
ev: ABS code=53 val=208 (slot=0)
ev: ABS code=54 val=2380 (slot=0)
ev: ABS code=0 val=208 (slot=0)
ev: ABS code=1 val=2380 (slot=0)
ev: SYN code=0
cnt=1 s0=fng (208,2380) [filtered=50]
ev: ABS code=54 val=2378 (slot=0)
ev: ABS code=1 val=2378 (slot=0)
ev: SYN code=0
cnt=1 s0=fng (208,2378) [filtered=50]
ev: ABS code=54 val=2377 (slot=0)
ev: ABS code=1 val=2377 (slot=0)
ev: SYN code=0
cnt=1 s0=fng (208,2377) [filtered=50]
ev: ABS code=54 val=2376 (slot=0)
ev: ABS code=1 val=2376 (slot=0)
ev: SYN code=0
cnt=1 s0=fng (208,2376) [filtered=50]
ev: ABS code=54 val=2375 (slot=0)
ev: ABS code=1 val=2375 (slot=0)
ev: SYN code=0
cnt=1 s0=fng (208,2375) [filtered=50]
ev: ABS code=54 val=2374 (slot=0)
ev: ABS code=1 val=2374 (slot=0)
ev: SYN code=0
cnt=1 s0=fng (208,2374) [filtered=50]
ev: ABS code=54 val=2373 (slot=0)
ev: ABS code=1 val=2373 (slot=0)
ev: SYN code=0
cnt=1 s0=fng (208,2373) [filtered=50]
ev: ABS code=54 val=2372 (slot=0)
ev: ABS code=1 val=2372 (slot=0)
ev: SYN code=0
cnt=1 s0=fng (208,2372) [filtered=50]
ev: ABS code=54 val=2371 (slot=0)
ev: ABS code=1 val=2371 (slot=0)
ev: SYN code=0
cnt=1 s0=fng (208,2371) [filtered=50]
ev: ABS code=54 val=2370 (slot=0)
ev: ABS code=1 val=2370 (slot=0)
ev: SYN code=0
cnt=1 s0=fng (208,2370) [filtered=50]
ev: ABS code=53 val=207 (slot=0)
ev: ABS code=54 val=2369 (slot=0)
ev: ABS code=0 val=207 (slot=0)
ev: ABS code=1 val=2369 (slot=0)
ev: SYN code=0
cnt=1 s0=fng (207,2369) [filtered=50]
ev: ABS code=53 val=204 (slot=0)
ev: ABS code=54 val=2365 (slot=0)
ev: ABS code=0 val=204 (slot=0)
ev: ABS code=1 val=2365 (slot=0)
ev: SYN code=0
cnt=1 s0=fng (204,2365) [filtered=50]
ev: ABS code=53 val=202 (slot=0)
ev: ABS code=54 val=2363 (slot=0)
ev: ABS code=0 val=202 (slot=0)
ev: ABS code=1 val=2363 (slot=0)
ev: SYN code=0
cnt=1 s0=fng (202,2363) [filtered=50]
ev: ABS code=53 val=197 (slot=0)
ev: ABS code=54 val=2358 (slot=0)
ev: ABS code=0 val=197 (slot=0)
ev: ABS code=1 val=2358 (slot=0)
ev: SYN code=0
cnt=1 s0=fng (197,2358) [filtered=50]
ev: ABS code=53 val=189 (slot=0)
ev: ABS code=54 val=2349 (slot=0)
ev: ABS code=0 val=189 (slot=0)
ev: ABS code=1 val=2349 (slot=0)
ev: SYN code=0
cnt=1 s0=fng (189,2349) [filtered=50]
ev: ABS code=53 val=180 (slot=0)
ev: ABS code=54 val=2337 (slot=0)
ev: ABS code=0 val=180 (slot=0)
ev: ABS code=1 val=2337 (slot=0)
ev: SYN code=0
cnt=1 s0=fng (180,2337) [filtered=50]
ev: ABS code=53 val=167 (slot=0)
ev: ABS code=54 val=2323 (slot=0)
ev: ABS code=0 val=167 (slot=0)
ev: ABS code=1 val=2323 (slot=0)
ev: SYN code=0
cnt=1 s0=fng (167,2323) [filtered=50]
ev: ABS code=53 val=155 (slot=0)
ev: ABS code=54 val=2310 (slot=0)
ev: ABS code=0 val=155 (slot=0)
ev: ABS code=1 val=2310 (slot=0)
ev: SYN code=0
cnt=1 s0=fng (155,2310) [filtered=50]
ev: ABS code=53 val=142 (slot=0)
ev: ABS code=54 val=2297 (slot=0)
ev: ABS code=0 val=142 (slot=0)
ev: ABS code=1 val=2297 (slot=0)
ev: SYN code=0
cnt=1 s0=fng (142,2297) [filtered=50]
ev: ABS code=53 val=129 (slot=0)
ev: ABS code=54 val=2283 (slot=0)
ev: ABS code=0 val=129 (slot=0)
ev: ABS code=1 val=2283 (slot=0)
ev: SYN code=0
cnt=1 s0=fng (129,2283) [filtered=50]
ev: ABS code=53 val=119 (slot=0)
ev: ABS code=54 val=2270 (slot=0)
ev: ABS code=0 val=119 (slot=0)
ev: ABS code=1 val=2270 (slot=0)
ev: SYN code=0
cnt=1 s0=fng (119,2270) [filtered=50]
ev: ABS code=57 val=-1 (slot=0)
ev: KEY code=0x14a val=0
ev: KEY code=0x145 val=0
ev: SYN code=0
ev: ABS code=57 val=96 (slot=0)
ev: ABS code=53 val=2102 (slot=0)
ev: ABS code=54 val=2770 (slot=0)
ev: ABS code=47 val=1 (slot=0)
ev: ABS code=57 val=97 (slot=1)
ev: ABS code=53 val=1704 (slot=1)
ev: ABS code=54 val=2056 (slot=1)
ev: KEY code=0x14a val=1
ev: KEY code=0x14d val=1
ev: ABS code=0 val=2102 (slot=1)
ev: ABS code=1 val=2770 (slot=1)
ev: SYN code=0
cnt=2 s0=PALM(2102,2770) s1=PALM(1704,2056) [filtered=51]
ev: SYN code=0
cnt=2 s0=PALM(2102,2770) s1=PALM(1704,2056) [filtered=52]
ev: SYN code=0
cnt=2 s0=PALM(2102,2770) s1=PALM(1704,2056) [filtered=53]
ev: SYN code=0
cnt=2 s0=PALM(2102,2770) s1=PALM(1704,2056) [filtered=54]
ev: ABS code=53 val=1705 (slot=1)
ev: SYN code=0
cnt=2 s0=PALM(2102,2770) s1=PALM(1705,2056) [filtered=55]
ev: ABS code=53 val=1706 (slot=1)
ev: ABS code=54 val=2055 (slot=1)
ev: SYN code=0
cnt=2 s0=PALM(2102,2770) s1=PALM(1706,2055) [filtered=56]
ev: SYN code=0
cnt=2 s0=PALM(2102,2770) s1=PALM(1706,2055) [filtered=57]
ev: ABS code=53 val=1707 (slot=1)
ev: ABS code=54 val=2054 (slot=1)
ev: SYN code=0
cnt=2 s0=PALM(2102,2770) s1=PALM(1707,2054) [filtered=58]
ev: ABS code=53 val=1708 (slot=1)
ev: ABS code=54 val=2053 (slot=1)
ev: SYN code=0
cnt=2 s0=PALM(2102,2770) s1=PALM(1708,2053) [filtered=59]
ev: ABS code=53 val=1709 (slot=1)
ev: ABS code=54 val=2052 (slot=1)
ev: SYN code=0
cnt=2 s0=PALM(2102,2770) s1=PALM(1709,2052) [filtered=60]
ev: ABS code=47 val=0 (slot=1)
ev: ABS code=53 val=2103 (slot=0)
ev: ABS code=54 val=2769 (slot=0)
ev: ABS code=47 val=1 (slot=0)
ev: ABS code=53 val=1710 (slot=1)
ev: ABS code=54 val=2051 (slot=1)
ev: ABS code=0 val=2103 (slot=1)
ev: ABS code=1 val=2769 (slot=1)
ev: SYN code=0
cnt=2 s0=PALM(2103,2769) s1=PALM(1710,2051) [filtered=61]
ev: SYN code=0
cnt=2 s0=PALM(2103,2769) s1=PALM(1710,2051) [filtered=62]
ev: ABS code=57 val=-1 (slot=1)
ev: KEY code=0x145 val=1
ev: KEY code=0x14d val=0
ev: SYN code=0
cnt=1 s0=fng (2103,2769) [filtered=62]
ev: ABS code=47 val=0 (slot=1)
ev: ABS code=53 val=2104 (slot=0)
ev: ABS code=0 val=2104 (slot=0)
ev: SYN code=0
cnt=1 s0=fng (2104,2769) [filtered=62]
ev: SYN code=0
cnt=1 s0=fng (2104,2769) [filtered=62]
ev: ABS code=53 val=2105 (slot=0)
ev: ABS code=0 val=2105 (slot=0)
ev: SYN code=0
cnt=1 s0=fng (2105,2769) [filtered=62]
ev: SYN code=0
cnt=1 s0=fng (2105,2769) [filtered=62]
ev: ABS code=53 val=2106 (slot=0)
ev: ABS code=0 val=2106 (slot=0)
ev: SYN code=0
cnt=1 s0=fng (2106,2769) [filtered=62]
ev: ABS code=53 val=2107 (slot=0)
ev: ABS code=0 val=2107 (slot=0)
ev: SYN code=0
cnt=1 s0=fng (2107,2769) [filtered=62]
ev: ABS code=53 val=2108 (slot=0)
ev: ABS code=0 val=2108 (slot=0)
ev: SYN code=0
cnt=1 s0=fng (2108,2769) [filtered=62]
ev: SYN code=0
cnt=1 s0=fng (2108,2769)* [filtered=62]
ev: ABS code=53 val=2109 (slot=0)
ev: ABS code=0 val=2109 (slot=0)
ev: SYN code=0
cnt=1 s0=fng (2109,2769)* [filtered=62]
ev: ABS code=53 val=2110 (slot=0)
ev: ABS code=0 val=2110 (slot=0)
ev: SYN code=0
cnt=1 s0=fng (2110,2769)* [filtered=62]
ev: ABS code=53 val=2111 (slot=0)
ev: ABS code=54 val=2768 (slot=0)
ev: ABS code=0 val=2111 (slot=0)
ev: ABS code=1 val=2768 (slot=0)
ev: SYN code=0
cnt=1 s0=fng (2111,2768)* [filtered=62]
ev: ABS code=53 val=2112 (slot=0)
ev: ABS code=0 val=2112 (slot=0)
ev: SYN code=0
cnt=1 s0=fng (2112,2768)* [filtered=62]
ev: ABS code=53 val=2113 (slot=0)
ev: ABS code=0 val=2113 (slot=0)
ev: SYN code=0
cnt=1 s0=fng (2113,2768)* [filtered=62]
ev: ABS code=53 val=2115 (slot=0)
ev: ABS code=54 val=2767 (slot=0)
ev: ABS code=0 val=2115 (slot=0)
ev: ABS code=1 val=2767 (slot=0)
ev: SYN code=0
cnt=1 s0=fng (2115,2767)* [filtered=62]
ev: ABS code=53 val=2117 (slot=0)
ev: ABS code=54 val=2766 (slot=0)
ev: ABS code=0 val=2117 (slot=0)
ev: ABS code=1 val=2766 (slot=0)
ev: SYN code=0
cnt=1 s0=fng (2117,2766)* [filtered=62]
ev: ABS code=53 val=2120 (slot=0)
ev: ABS code=54 val=2765 (slot=0)
ev: ABS code=0 val=2120 (slot=0)
ev: ABS code=1 val=2765 (slot=0)
ev: SYN code=0
cnt=1 s0=fng (2120,2765) [filtered=62]
ev: ABS code=53 val=2123 (slot=0)
ev: ABS code=0 val=2123 (slot=0)
ev: SYN code=0
cnt=1 s0=fng (2123,2765) [filtered=62]
ev: ABS code=53 val=2124 (slot=0)
ev: ABS code=0 val=2124 (slot=0)
ev: SYN code=0
cnt=1 s0=fng (2124,2765) [filtered=62]
ev: ABS code=53 val=2126 (slot=0)
ev: ABS code=54 val=2764 (slot=0)
ev: ABS code=0 val=2126 (slot=0)
ev: ABS code=1 val=2764 (slot=0)
ev: SYN code=0
cnt=1 s0=fng (2126,2764) [filtered=62]
ev: ABS code=53 val=2128 (slot=0)
ev: ABS code=54 val=2763 (slot=0)
ev: ABS code=0 val=2128 (slot=0)
ev: ABS code=1 val=2763 (slot=0)
ev: SYN code=0
cnt=1 s0=fng (2128,2763) [filtered=62]
ev: ABS code=53 val=2130 (slot=0)
ev: ABS code=54 val=2762 (slot=0)
ev: ABS code=0 val=2130 (slot=0)
ev: ABS code=1 val=2762 (slot=0)
ev: SYN code=0
cnt=1 s0=fng (2130,2762) [filtered=62]
ev: ABS code=53 val=2131 (slot=0)
ev: KEY code=0x110 val=1
click: x=2131 -> zone=0x112
ev: ABS code=0 val=2131 (slot=0)
ev: SYN code=0
cnt=1 s0=fng (2131,2762) [filtered=62]
ev: ABS code=53 val=2133 (slot=0)
ev: ABS code=54 val=2761 (slot=0)
ev: ABS code=0 val=2133 (slot=0)
ev: ABS code=1 val=2761 (slot=0)
ev: SYN code=0
cnt=1 s0=fng (2133,2761) [filtered=62]
ev: ABS code=53 val=2135 (slot=0)
ev: ABS code=54 val=2760 (slot=0)
ev: ABS code=0 val=2135 (slot=0)
ev: ABS code=1 val=2760 (slot=0)
ev: SYN code=0
cnt=1 s0=fng (2135,2760) [filtered=62]
ev: ABS code=53 val=2137 (slot=0)
ev: ABS code=54 val=2759 (slot=0)
ev: ABS code=0 val=2137 (slot=0)
ev: ABS code=1 val=2759 (slot=0)
ev: SYN code=0
cnt=1 s0=fng (2137,2759) [filtered=62]
ev: ABS code=53 val=2139 (slot=0)
ev: ABS code=54 val=2758 (slot=0)
ev: ABS code=0 val=2139 (slot=0)
ev: ABS code=1 val=2758 (slot=0)
ev: SYN code=0
cnt=1 s0=fng (2139,2758) [filtered=62]
ev: ABS code=53 val=2140 (slot=0)
ev: ABS code=0 val=2140 (slot=0)
ev: SYN code=0
cnt=1 s0=fng (2140,2758) [filtered=62]
ev: ABS code=53 val=2142 (slot=0)
ev: ABS code=54 val=2757 (slot=0)
ev: ABS code=0 val=2142 (slot=0)
ev: ABS code=1 val=2757 (slot=0)
ev: SYN code=0
cnt=1 s0=fng (2142,2757) [filtered=62]
ev: ABS code=53 val=2143 (slot=0)
ev: ABS code=54 val=2756 (slot=0)
ev: ABS code=0 val=2143 (slot=0)
ev: ABS code=1 val=2756 (slot=0)
ev: SYN code=0
cnt=1 s0=fng (2143,2756) [filtered=62]
ev: ABS code=53 val=2145 (slot=0)
ev: ABS code=0 val=2145 (slot=0)
ev: SYN code=0
cnt=1 s0=fng (2145,2756) [filtered=62]
ev: ABS code=53 val=2147 (slot=0)
ev: ABS code=54 val=2755 (slot=0)
ev: ABS code=0 val=2147 (slot=0)
ev: ABS code=1 val=2755 (slot=0)
ev: SYN code=0
cnt=1 s0=fng (2147,2755) [filtered=62]
ev: ABS code=53 val=2148 (slot=0)
ev: ABS code=0 val=2148 (slot=0)
ev: SYN code=0
cnt=1 s0=fng (2148,2755) [filtered=62]
ev: ABS code=53 val=2149 (slot=0)
ev: ABS code=54 val=2754 (slot=0)
ev: ABS code=0 val=2149 (slot=0)
ev: ABS code=1 val=2754 (slot=0)
ev: SYN code=0
cnt=1 s0=fng (2149,2754) [filtered=62]
ev: ABS code=53 val=2150 (slot=0)
ev: ABS code=54 val=2753 (slot=0)
ev: ABS code=0 val=2150 (slot=0)
ev: ABS code=1 val=2753 (slot=0)
ev: SYN code=0
cnt=1 s0=fng (2150,2753) [filtered=62]
ev: ABS code=53 val=2152 (slot=0)
ev: ABS code=0 val=2152 (slot=0)
ev: SYN code=0
cnt=1 s0=fng (2152,2753) [filtered=62]
ev: ABS code=53 val=2153 (slot=0)
ev: ABS code=0 val=2153 (slot=0)
ev: SYN code=0
cnt=1 s0=fng (2153,2753)* [filtered=62]
ev: ABS code=53 val=2154 (slot=0)
ev: ABS code=54 val=2752 (slot=0)
ev: ABS code=0 val=2154 (slot=0)
ev: ABS code=1 val=2752 (slot=0)
ev: SYN code=0
cnt=1 s0=fng (2154,2752)* [filtered=62]
ev: ABS code=53 val=2155 (slot=0)
ev: ABS code=54 val=2751 (slot=0)
ev: ABS code=0 val=2155 (slot=0)
ev: ABS code=1 val=2751 (slot=0)
ev: SYN code=0
cnt=1 s0=fng (2155,2751)* [filtered=62]
ev: ABS code=53 val=2156 (slot=0)
ev: ABS code=54 val=2750 (slot=0)
ev: ABS code=0 val=2156 (slot=0)
ev: ABS code=1 val=2750 (slot=0)
ev: SYN code=0
cnt=1 s0=fng (2156,2750)* [filtered=62]
ev: ABS code=53 val=2157 (slot=0)
ev: ABS code=0 val=2157 (slot=0)
ev: SYN code=0
cnt=1 s0=fng (2157,2750)* [filtered=62]
ev: ABS code=53 val=2158 (slot=0)
ev: ABS code=0 val=2158 (slot=0)
ev: SYN code=0
cnt=1 s0=fng (2158,2750)* [filtered=62]
ev: ABS code=53 val=2159 (slot=0)
ev: ABS code=54 val=2749 (slot=0)
ev: ABS code=0 val=2159 (slot=0)
ev: ABS code=1 val=2749 (slot=0)
ev: SYN code=0
cnt=1 s0=fng (2159,2749)* [filtered=62]
ev: ABS code=53 val=2160 (slot=0)
ev: ABS code=0 val=2160 (slot=0)
ev: SYN code=0
cnt=1 s0=fng (2160,2749)* [filtered=62]
ev: ABS code=53 val=2161 (slot=0)
ev: ABS code=54 val=2748 (slot=0)
ev: ABS code=0 val=2161 (slot=0)
ev: ABS code=1 val=2748 (slot=0)
ev: SYN code=0
cnt=1 s0=fng (2161,2748)* [filtered=62]
ev: ABS code=53 val=2162 (slot=0)
ev: ABS code=54 val=2747 (slot=0)
ev: ABS code=0 val=2162 (slot=0)
ev: ABS code=1 val=2747 (slot=0)
ev: SYN code=0
cnt=1 s0=fng (2162,2747)* [filtered=62]
ev: ABS code=53 val=2163 (slot=0)
ev: ABS code=0 val=2163 (slot=0)
ev: SYN code=0
cnt=1 s0=fng (2163,2747)* [filtered=62]
ev: SYN code=0
cnt=1 s0=fng (2163,2747)* [filtered=62]
ev: ABS code=53 val=2164 (slot=0)
ev: ABS code=54 val=2746 (slot=0)
ev: ABS code=0 val=2164 (slot=0)
ev: ABS code=1 val=2746 (slot=0)
ev: SYN code=0
cnt=1 s0=fng (2164,2746)* [filtered=62]
ev: ABS code=53 val=2165 (slot=0)
ev: ABS code=0 val=2165 (slot=0)
ev: SYN code=0
cnt=1 s0=fng (2165,2746)* [filtered=62]
ev: SYN code=0
cnt=1 s0=fng (2165,2746)* [filtered=62]
ev: ABS code=54 val=2745 (slot=0)
ev: ABS code=1 val=2745 (slot=0)
ev: SYN code=0
cnt=1 s0=fng (2165,2745)* [filtered=62]
ev: ABS code=53 val=2166 (slot=0)
ev: ABS code=0 val=2166 (slot=0)
ev: SYN code=0
cnt=1 s0=fng (2166,2745)* [filtered=62]
ev: ABS code=54 val=2744 (slot=0)
ev: ABS code=1 val=2744 (slot=0)
ev: SYN code=0
cnt=1 s0=fng (2166,2744)* [filtered=62]
ev: ABS code=54 val=2743 (slot=0)
ev: ABS code=1 val=2743 (slot=0)
ev: SYN code=0
cnt=1 s0=fng (2166,2743)* [filtered=62]
ev: SYN code=0
cnt=1 s0=fng (2166,2743)* [filtered=62]
ev: SYN code=0
cnt=1 s0=fng (2166,2743)* [filtered=62]
ev: SYN code=0
cnt=1 s0=fng (2166,2743)* [filtered=62]
ev: SYN code=0
cnt=1 s0=fng (2166,2743)* [filtered=62]
ev: SYN code=0
cnt=1 s0=fng (2166,2743)* [filtered=62]
ev: SYN code=0
cnt=1 s0=fng (2166,2743)* [filtered=62]
ev: ABS code=54 val=2742 (slot=0)
ev: ABS code=1 val=2742 (slot=0)
ev: SYN code=0
cnt=1 s0=fng (2166,2742)* [filtered=62]
ev: ABS code=53 val=2165 (slot=0)
ev: ABS code=0 val=2165 (slot=0)
ev: SYN code=0
cnt=1 s0=fng (2165,2742)* [filtered=62]
ev: SYN code=0
cnt=1 s0=fng (2165,2742)* [filtered=62]
ev: SYN code=0
cnt=1 s0=fng (2165,2742)* [filtered=62]
ev: ABS code=53 val=2164 (slot=0)
ev: ABS code=0 val=2164 (slot=0)
ev: SYN code=0
cnt=1 s0=fng (2164,2742)* [filtered=62]
ev: ABS code=53 val=2163 (slot=0)
ev: ABS code=0 val=2163 (slot=0)
ev: SYN code=0
cnt=1 s0=fng (2163,2742)* [filtered=62]
ev: SYN code=0
cnt=1 s0=fng (2163,2742)* [filtered=62]
ev: ABS code=53 val=2162 (slot=0)
ev: ABS code=0 val=2162 (slot=0)
ev: SYN code=0
cnt=1 s0=fng (2162,2742)* [filtered=62]
ev: SYN code=0
cnt=1 s0=fng (2162,2742)* [filtered=62]
ev: SYN code=0
cnt=1 s0=fng (2162,2742)* [filtered=62]
ev: ABS code=53 val=2161 (slot=0)
ev: KEY code=0x110 val=0
ev: ABS code=0 val=2161 (slot=0)
ev: SYN code=0
cnt=1 s0=fng (2161,2742)* [filtered=62]
ev: SYN code=0
cnt=1 s0=fng (2161,2742)* [filtered=62]
ev: ABS code=54 val=2741 (slot=0)
ev: ABS code=1 val=2741 (slot=0)
ev: SYN code=0
cnt=1 s0=fng (2161,2741)* [filtered=62]
ev: SYN code=0
cnt=1 s0=fng (2161,2741)* [filtered=62]
ev: SYN code=0
cnt=1 s0=fng (2161,2741)* [filtered=62]
ev: SYN code=0
cnt=1 s0=fng (2161,2741)* [filtered=62]
ev: ABS code=54 val=2740 (slot=0)
ev: ABS code=1 val=2740 (slot=0)
ev: SYN code=0
cnt=1 s0=fng (2161,2740)* [filtered=62]
ev: SYN code=0
cnt=1 s0=fng (2161,2740)* [filtered=62]
ev: ABS code=54 val=2739 (slot=0)
ev: ABS code=1 val=2739 (slot=0)
ev: SYN code=0
cnt=1 s0=fng (2161,2739)* [filtered=62]
ev: SYN code=0
cnt=1 s0=fng (2161,2739)* [filtered=62]
ev: ABS code=54 val=2738 (slot=0)
ev: ABS code=1 val=2738 (slot=0)
ev: SYN code=0
cnt=1 s0=fng (2161,2738)* [filtered=62]
ev: SYN code=0
cnt=1 s0=fng (2161,2738)* [filtered=62]
ev: SYN code=0
cnt=1 s0=fng (2161,2738)* [filtered=62]
ev: ABS code=54 val=2737 (slot=0)
ev: ABS code=1 val=2737 (slot=0)
ev: SYN code=0
cnt=1 s0=fng (2161,2737)* [filtered=62]
ev: ABS code=54 val=2736 (slot=0)
ev: ABS code=1 val=2736 (slot=0)
ev: SYN code=0
cnt=1 s0=fng (2161,2736)* [filtered=62]
ev: ABS code=54 val=2735 (slot=0)
ev: ABS code=1 val=2735 (slot=0)
ev: SYN code=0
cnt=1 s0=fng (2161,2735)* [filtered=62]
ev: ABS code=54 val=2733 (slot=0)
ev: ABS code=1 val=2733 (slot=0)
ev: SYN code=0
cnt=1 s0=fng (2161,2733)* [filtered=62]
ev: ABS code=54 val=2732 (slot=0)
ev: ABS code=1 val=2732 (slot=0)
ev: SYN code=0
cnt=1 s0=fng (2161,2732)* [filtered=62]
ev: ABS code=54 val=2731 (slot=0)
ev: ABS code=1 val=2731 (slot=0)
ev: SYN code=0
cnt=1 s0=fng (2161,2731)* [filtered=62]
ev: ABS code=54 val=2729 (slot=0)
ev: ABS code=1 val=2729 (slot=0)
ev: SYN code=0
cnt=1 s0=fng (2161,2729)* [filtered=62]
ev: ABS code=54 val=2728 (slot=0)
ev: ABS code=1 val=2728 (slot=0)
ev: SYN code=0
cnt=1 s0=fng (2161,2728)* [filtered=62]
ev: ABS code=54 val=2727 (slot=0)
ev: ABS code=1 val=2727 (slot=0)
ev: SYN code=0
cnt=1 s0=fng (2161,2727)* [filtered=62]
ev: ABS code=54 val=2726 (slot=0)
ev: ABS code=1 val=2726 (slot=0)
ev: SYN code=0
cnt=1 s0=fng (2161,2726)* [filtered=62]
ev: ABS code=54 val=2725 (slot=0)
ev: ABS code=1 val=2725 (slot=0)
ev: SYN code=0
cnt=1 s0=fng (2161,2725)* [filtered=62]
ev: ABS code=54 val=2724 (slot=0)
ev: ABS code=1 val=2724 (slot=0)
ev: SYN code=0
cnt=1 s0=fng (2161,2724)* [filtered=62]
ev: ABS code=54 val=2723 (slot=0)
ev: ABS code=1 val=2723 (slot=0)
ev: SYN code=0
cnt=1 s0=fng (2161,2723)* [filtered=62]
ev: ABS code=54 val=2722 (slot=0)
ev: ABS code=1 val=2722 (slot=0)
ev: SYN code=0
cnt=1 s0=fng (2161,2722)* [filtered=62]
ev: ABS code=54 val=2721 (slot=0)
ev: ABS code=1 val=2721 (slot=0)
ev: SYN code=0
cnt=1 s0=fng (2161,2721)* [filtered=62]
ev: ABS code=54 val=2720 (slot=0)
ev: ABS code=1 val=2720 (slot=0)
ev: SYN code=0
cnt=1 s0=fng (2161,2720)* [filtered=62]
ev: SYN code=0
cnt=1 s0=fng (2161,2720)* [filtered=62]
ev: ABS code=53 val=2160 (slot=0)
ev: ABS code=0 val=2160 (slot=0)
ev: SYN code=0
cnt=1 s0=fng (2160,2720)* [filtered=62]
ev: SYN code=0
cnt=1 s0=fng (2160,2720)* [filtered=62]
ev: SYN code=0
cnt=1 s0=fng (2160,2720)* [filtered=62]
ev: ABS code=53 val=2159 (slot=0)
ev: ABS code=0 val=2159 (slot=0)
ev: SYN code=0
cnt=1 s0=fng (2159,2720)* [filtered=62]
ev: ABS code=53 val=2158 (slot=0)
ev: ABS code=0 val=2158 (slot=0)
ev: SYN code=0
cnt=1 s0=fng (2158,2720)* [filtered=62]
ev: ABS code=53 val=2157 (slot=0)
ev: ABS code=0 val=2157 (slot=0)
ev: SYN code=0
cnt=1 s0=fng (2157,2720)* [filtered=62]
ev: ABS code=53 val=2156 (slot=0)
ev: ABS code=54 val=2721 (slot=0)
ev: ABS code=0 val=2156 (slot=0)
ev: ABS code=1 val=2721 (slot=0)
ev: SYN code=0
cnt=1 s0=fng (2156,2721)* [filtered=62]
ev: ABS code=53 val=2155 (slot=0)
ev: ABS code=54 val=2722 (slot=0)
ev: ABS code=0 val=2155 (slot=0)
ev: ABS code=1 val=2722 (slot=0)
ev: SYN code=0
cnt=1 s0=fng (2155,2722)* [filtered=62]
ev: ABS code=53 val=2154 (slot=0)
ev: ABS code=0 val=2154 (slot=0)
ev: SYN code=0
cnt=1 s0=fng (2154,2722)* [filtered=62]
ev: ABS code=53 val=2153 (slot=0)
ev: ABS code=54 val=2723 (slot=0)
ev: ABS code=0 val=2153 (slot=0)
ev: ABS code=1 val=2723 (slot=0)
ev: SYN code=0
cnt=1 s0=fng (2153,2723)* [filtered=62]
ev: SYN code=0
cnt=1 s0=fng (2153,2723)* [filtered=62]
ev: ABS code=53 val=2152 (slot=0)
ev: ABS code=0 val=2152 (slot=0)
ev: SYN code=0
cnt=1 s0=fng (2152,2723)* [filtered=62]
ev: ABS code=53 val=2151 (slot=0)
ev: ABS code=54 val=2724 (slot=0)
ev: ABS code=0 val=2151 (slot=0)
ev: ABS code=1 val=2724 (slot=0)
ev: SYN code=0
cnt=1 s0=fng (2151,2724)* [filtered=62]
ev: ABS code=53 val=2150 (slot=0)
ev: ABS code=0 val=2150 (slot=0)
ev: SYN code=0
cnt=1 s0=fng (2150,2724)* [filtered=62]
ev: ABS code=53 val=2149 (slot=0)
ev: ABS code=54 val=2725 (slot=0)
ev: ABS code=0 val=2149 (slot=0)
ev: ABS code=1 val=2725 (slot=0)
ev: SYN code=0
cnt=1 s0=fng (2149,2725)* [filtered=62]
ev: SYN code=0
cnt=1 s0=fng (2149,2725)* [filtered=62]
ev: ABS code=53 val=2148 (slot=0)
ev: ABS code=54 val=2726 (slot=0)
ev: ABS code=0 val=2148 (slot=0)
ev: ABS code=1 val=2726 (slot=0)
ev: SYN code=0
cnt=1 s0=fng (2148,2726)* [filtered=62]
ev: SYN code=0
cnt=1 s0=fng (2148,2726)* [filtered=62]
ev: ABS code=53 val=2147 (slot=0)
ev: ABS code=54 val=2727 (slot=0)
ev: ABS code=0 val=2147 (slot=0)
ev: ABS code=1 val=2727 (slot=0)
ev: SYN code=0
cnt=1 s0=fng (2147,2727)* [filtered=62]
ev: SYN code=0
cnt=1 s0=fng (2147,2727)* [filtered=62]
ev: SYN code=0
cnt=1 s0=fng (2147,2727)* [filtered=62]
ev: ABS code=53 val=2146 (slot=0)
ev: ABS code=54 val=2728 (slot=0)
ev: ABS code=0 val=2146 (slot=0)
ev: ABS code=1 val=2728 (slot=0)
ev: SYN code=0
cnt=1 s0=fng (2146,2728)* [filtered=62]
ev: ABS code=53 val=2145 (slot=0)
ev: ABS code=0 val=2145 (slot=0)
ev: SYN code=0
cnt=1 s0=fng (2145,2728)* [filtered=62]
ev: ABS code=54 val=2729 (slot=0)
ev: ABS code=1 val=2729 (slot=0)
ev: SYN code=0
cnt=1 s0=fng (2145,2729)* [filtered=62]
ev: SYN code=0
cnt=1 s0=fng (2145,2729)* [filtered=62]
ev: ABS code=53 val=2144 (slot=0)
ev: ABS code=54 val=2730 (slot=0)
ev: ABS code=0 val=2144 (slot=0)
ev: ABS code=1 val=2730 (slot=0)
ev: SYN code=0
cnt=1 s0=fng (2144,2730)* [filtered=62]
ev: SYN code=0
cnt=1 s0=fng (2144,2730)* [filtered=62]
ev: ABS code=53 val=2143 (slot=0)
ev: ABS code=54 val=2731 (slot=0)
ev: ABS code=0 val=2143 (slot=0)
ev: ABS code=1 val=2731 (slot=0)
ev: SYN code=0
cnt=1 s0=fng (2143,2731)* [filtered=62]
ev: SYN code=0
cnt=1 s0=fng (2143,2731)* [filtered=62]
ev: SYN code=0
cnt=1 s0=fng (2143,2731)* [filtered=62]
ev: ABS code=53 val=2142 (slot=0)
ev: ABS code=0 val=2142 (slot=0)
ev: SYN code=0
cnt=1 s0=fng (2142,2731)* [filtered=62]
ev: ABS code=53 val=2141 (slot=0)
ev: ABS code=0 val=2141 (slot=0)
ev: SYN code=0
cnt=1 s0=fng (2141,2731)* [filtered=62]
ev: SYN code=0
cnt=1 s0=fng (2141,2731)* [filtered=62]
ev: SYN code=0
cnt=1 s0=fng (2141,2731)* [filtered=62]
ev: SYN code=0
cnt=1 s0=fng (2141,2731)* [filtered=62]
ev: ABS code=53 val=2140 (slot=0)
ev: ABS code=0 val=2140 (slot=0)
ev: SYN code=0
cnt=1 s0=fng (2140,2731)* [filtered=62]
ev: SYN code=0
cnt=1 s0=fng (2140,2731)* [filtered=62]
ev: SYN code=0
cnt=1 s0=fng (2140,2731)* [filtered=62]
ev: SYN code=0
cnt=1 s0=fng (2140,2731)* [filtered=62]
ev: SYN code=0
cnt=1 s0=fng (2140,2731)* [filtered=62]
ev: SYN code=0
cnt=1 s0=fng (2140,2731)* [filtered=62]
ev: SYN code=0
cnt=1 s0=fng (2140,2731)* [filtered=62]
ev: SYN code=0
cnt=1 s0=fng (2140,2731)* [filtered=62]
ev: SYN code=0
cnt=1 s0=fng (2140,2731)* [filtered=62]
ev: SYN code=0
cnt=1 s0=fng (2140,2731)* [filtered=62]
ev: ABS code=53 val=2139 (slot=0)
ev: ABS code=0 val=2139 (slot=0)
ev: SYN code=0
cnt=1 s0=fng (2139,2731)* [filtered=62]
ev: SYN code=0
cnt=1 s0=fng (2139,2731)* [filtered=62]
ev: SYN code=0
cnt=1 s0=fng (2139,2731)* [filtered=62]
ev: SYN code=0
cnt=1 s0=fng (2139,2731)* [filtered=62]
ev: SYN code=0
cnt=1 s0=fng (2139,2731)* [filtered=62]
ev: SYN code=0
cnt=1 s0=fng (2139,2731)* [filtered=62]
ev: SYN code=0
cnt=1 s0=fng (2139,2731)* [filtered=62]
ev: SYN code=0
cnt=1 s0=fng (2139,2731)* [filtered=62]
ev: SYN code=0
cnt=1 s0=fng (2139,2731)* [filtered=62]
ev: SYN code=0
cnt=1 s0=fng (2139,2731)* [filtered=62]
ev: SYN code=0
cnt=1 s0=fng (2139,2731)* [filtered=62]
ev: SYN code=0
cnt=1 s0=fng (2139,2731)* [filtered=62]
ev: SYN code=0
cnt=1 s0=fng (2139,2731)* [filtered=62]
ev: ABS code=53 val=2138 (slot=0)
ev: ABS code=0 val=2138 (slot=0)
ev: SYN code=0
cnt=1 s0=fng (2138,2731)* [filtered=62]
ev: SYN code=0
cnt=1 s0=fng (2138,2731)* [filtered=62]
ev: ABS code=53 val=2137 (slot=0)
ev: ABS code=0 val=2137 (slot=0)
ev: SYN code=0
cnt=1 s0=fng (2137,2731)* [filtered=62]
ev: SYN code=0
cnt=1 s0=fng (2137,2731)* [filtered=62]
ev: ABS code=53 val=2136 (slot=0)
ev: ABS code=0 val=2136 (slot=0)
ev: SYN code=0
cnt=1 s0=fng (2136,2731)* [filtered=62]
ev: SYN code=0
cnt=1 s0=fng (2136,2731)* [filtered=62]
ev: ABS code=53 val=2135 (slot=0)
ev: ABS code=0 val=2135 (slot=0)
ev: SYN code=0
cnt=1 s0=fng (2135,2731)* [filtered=62]
ev: ABS code=54 val=2730 (slot=0)
ev: ABS code=1 val=2730 (slot=0)
ev: SYN code=0
cnt=1 s0=fng (2135,2730)* [filtered=62]
ev: SYN code=0
cnt=1 s0=fng (2135,2730)* [filtered=62]
ev: ABS code=53 val=2134 (slot=0)
ev: ABS code=0 val=2134 (slot=0)
ev: SYN code=0
cnt=1 s0=fng (2134,2730)* [filtered=62]
ev: ABS code=54 val=2729 (slot=0)
ev: ABS code=1 val=2729 (slot=0)
ev: SYN code=0
cnt=1 s0=fng (2134,2729)* [filtered=62]
ev: ABS code=53 val=2133 (slot=0)
ev: ABS code=54 val=2728 (slot=0)
ev: ABS code=0 val=2133 (slot=0)
ev: ABS code=1 val=2728 (slot=0)
ev: SYN code=0
cnt=1 s0=fng (2133,2728)* [filtered=62]
ev: ABS code=53 val=2132 (slot=0)
ev: ABS code=54 val=2727 (slot=0)
ev: ABS code=0 val=2132 (slot=0)
ev: ABS code=1 val=2727 (slot=0)
ev: SYN code=0
cnt=1 s0=fng (2132,2727)* [filtered=62]
ev: SYN code=0
cnt=1 s0=fng (2132,2727)* [filtered=62]
ev: ABS code=53 val=2131 (slot=0)
ev: ABS code=54 val=2726 (slot=0)
ev: ABS code=0 val=2131 (slot=0)
ev: ABS code=1 val=2726 (slot=0)
ev: SYN code=0
cnt=1 s0=fng (2131,2726)* [filtered=62]
ev: ABS code=53 val=2130 (slot=0)
ev: ABS code=54 val=2724 (slot=0)
ev: ABS code=0 val=2130 (slot=0)
ev: ABS code=1 val=2724 (slot=0)
ev: SYN code=0
cnt=1 s0=fng (2130,2724)* [filtered=62]
ev: ABS code=53 val=2129 (slot=0)
ev: ABS code=54 val=2722 (slot=0)
ev: ABS code=0 val=2129 (slot=0)
ev: ABS code=1 val=2722 (slot=0)
ev: SYN code=0
cnt=1 s0=fng (2129,2722)* [filtered=62]
ev: ABS code=54 val=2721 (slot=0)
ev: ABS code=1 val=2721 (slot=0)
ev: SYN code=0
cnt=1 s0=fng (2129,2721)* [filtered=62]
ev: ABS code=53 val=2128 (slot=0)
ev: ABS code=54 val=2720 (slot=0)
ev: ABS code=0 val=2128 (slot=0)
ev: ABS code=1 val=2720 (slot=0)
ev: SYN code=0
cnt=1 s0=fng (2128,2720)* [filtered=62]
ev: ABS code=53 val=2126 (slot=0)
ev: ABS code=54 val=2718 (slot=0)
ev: ABS code=0 val=2126 (slot=0)
ev: ABS code=1 val=2718 (slot=0)
ev: SYN code=0
cnt=1 s0=fng (2126,2718) [filtered=62]
ev: ABS code=53 val=2124 (slot=0)
ev: ABS code=54 val=2715 (slot=0)
ev: ABS code=0 val=2124 (slot=0)
ev: ABS code=1 val=2715 (slot=0)
ev: SYN code=0
cnt=1 s0=fng (2124,2715) [filtered=62]
ev: ABS code=53 val=2122 (slot=0)
ev: ABS code=54 val=2712 (slot=0)
ev: ABS code=0 val=2122 (slot=0)
ev: ABS code=1 val=2712 (slot=0)
ev: SYN code=0
cnt=1 s0=fng (2122,2712) [filtered=62]
ev: ABS code=53 val=2121 (slot=0)
ev: ABS code=54 val=2710 (slot=0)
ev: ABS code=0 val=2121 (slot=0)
ev: ABS code=1 val=2710 (slot=0)
ev: SYN code=0
cnt=1 s0=fng (2121,2710) [filtered=62]
ev: ABS code=53 val=2119 (slot=0)
ev: ABS code=54 val=2707 (slot=0)
ev: ABS code=0 val=2119 (slot=0)
ev: ABS code=1 val=2707 (slot=0)
ev: SYN code=0
cnt=1 s0=fng (2119,2707) [filtered=62]
ev: ABS code=53 val=2117 (slot=0)
ev: ABS code=54 val=2704 (slot=0)
ev: ABS code=0 val=2117 (slot=0)
ev: ABS code=1 val=2704 (slot=0)
ev: SYN code=0
cnt=1 s0=fng (2117,2704) [filtered=62]
ev: ABS code=53 val=2115 (slot=0)
ev: ABS code=54 val=2701 (slot=0)
ev: ABS code=0 val=2115 (slot=0)
ev: ABS code=1 val=2701 (slot=0)
ev: SYN code=0
cnt=1 s0=fng (2115,2701) [filtered=62]
ev: ABS code=57 val=-1 (slot=0)
ev: KEY code=0x14a val=0
ev: KEY code=0x145 val=0
ev: SYN code=0
ev: ABS code=57 val=98 (slot=0)
ev: ABS code=53 val=2430 (slot=0)
ev: ABS code=54 val=2722 (slot=0)
ev: KEY code=0x14a val=1
ev: KEY code=0x145 val=1
ev: ABS code=0 val=2430 (slot=0)
ev: ABS code=1 val=2722 (slot=0)
ev: SYN code=0
cnt=1 s0=fng (2430,2722) [filtered=62]
ev: SYN code=0
cnt=1 s0=fng (2430,2722) [filtered=62]
ev: SYN code=0
cnt=1 s0=fng (2430,2722) [filtered=62]
ev: SYN code=0
cnt=1 s0=fng (2430,2722) [filtered=62]
ev: SYN code=0
cnt=1 s0=fng (2430,2722) [filtered=62]
ev: SYN code=0
cnt=1 s0=fng (2430,2722) [filtered=62]
ev: SYN code=0
cnt=1 s0=fng (2430,2722) [filtered=62]
ev: SYN code=0
cnt=1 s0=fng (2430,2722) [filtered=62]
ev: SYN code=0
cnt=1 s0=fng (2430,2722) [filtered=62]
ev: ABS code=53 val=2431 (slot=0)
ev: ABS code=0 val=2431 (slot=0)
ev: SYN code=0
cnt=1 s0=fng (2431,2722) [filtered=62]
ev: SYN code=0
cnt=1 s0=fng (2431,2722) [filtered=62]
ev: SYN code=0
cnt=1 s0=fng (2431,2722) [filtered=62]
ev: SYN code=0
cnt=1 s0=fng (2431,2722) [filtered=62]
ev: SYN code=0
cnt=1 s0=fng (2431,2722) [filtered=62]
ev: SYN code=0
cnt=1 s0=fng (2431,2722) [filtered=62]
ev: ABS code=53 val=2432 (slot=0)
ev: ABS code=0 val=2432 (slot=0)
ev: SYN code=0
cnt=1 s0=fng (2432,2722) [filtered=62]
ev: SYN code=0
cnt=1 s0=fng (2432,2722) [filtered=62]
ev: SYN code=0
cnt=1 s0=fng (2432,2722) [filtered=62]
ev: SYN code=0
cnt=1 s0=fng (2432,2722) [filtered=62]
ev: ABS code=53 val=2433 (slot=0)
ev: ABS code=0 val=2433 (slot=0)
ev: SYN code=0
cnt=1 s0=fng (2433,2722) [filtered=62]
ev: SYN code=0
cnt=1 s0=fng (2433,2722)* [filtered=62]
ev: KEY code=0x110 val=1
click: x=2433 -> zone=0x112
ev: SYN code=0
cnt=1 s0=fng (2433,2722)* [filtered=62]
ev: SYN code=0
cnt=1 s0=fng (2433,2722)* [filtered=62]
ev: ABS code=53 val=2434 (slot=0)
ev: ABS code=0 val=2434 (slot=0)
ev: SYN code=0
cnt=1 s0=fng (2434,2722)* [filtered=62]
ev: ABS code=53 val=2435 (slot=0)
ev: ABS code=0 val=2435 (slot=0)
ev: SYN code=0
cnt=1 s0=fng (2435,2722)* [filtered=62]
ev: SYN code=0
cnt=1 s0=fng (2435,2722)* [filtered=62]
ev: SYN code=0
cnt=1 s0=fng (2435,2722)* [filtered=62]
ev: ABS code=53 val=2436 (slot=0)
ev: ABS code=0 val=2436 (slot=0)
ev: SYN code=0
cnt=1 s0=fng (2436,2722)* [filtered=62]
ev: SYN code=0
cnt=1 s0=fng (2436,2722)* [filtered=62]
ev: ABS code=53 val=2437 (slot=0)
ev: ABS code=0 val=2437 (slot=0)
ev: SYN code=0
cnt=1 s0=fng (2437,2722)* [filtered=62]
ev: SYN code=0
cnt=1 s0=fng (2437,2722)* [filtered=62]
ev: SYN code=0
cnt=1 s0=fng (2437,2722)* [filtered=62]
ev: ABS code=53 val=2438 (slot=0)
ev: ABS code=0 val=2438 (slot=0)
ev: SYN code=0
cnt=1 s0=fng (2438,2722)* [filtered=62]
ev: ABS code=53 val=2439 (slot=0)
ev: ABS code=0 val=2439 (slot=0)
ev: SYN code=0
cnt=1 s0=fng (2439,2722)* [filtered=62]
ev: SYN code=0
cnt=1 s0=fng (2439,2722)* [filtered=62]
ev: SYN code=0
cnt=1 s0=fng (2439,2722)* [filtered=62]
ev: ABS code=53 val=2440 (slot=0)
ev: ABS code=0 val=2440 (slot=0)
ev: SYN code=0
cnt=1 s0=fng (2440,2722)* [filtered=62]
ev: SYN code=0
cnt=1 s0=fng (2440,2722)* [filtered=62]
ev: ABS code=53 val=2441 (slot=0)
ev: ABS code=0 val=2441 (slot=0)
ev: SYN code=0
cnt=1 s0=fng (2441,2722)* [filtered=62]
ev: SYN code=0
cnt=1 s0=fng (2441,2722)* [filtered=62]
ev: SYN code=0
cnt=1 s0=fng (2441,2722)* [filtered=62]
ev: ABS code=53 val=2442 (slot=0)
ev: ABS code=0 val=2442 (slot=0)
ev: SYN code=0
cnt=1 s0=fng (2442,2722)* [filtered=62]
ev: ABS code=53 val=2443 (slot=0)
ev: ABS code=0 val=2443 (slot=0)
ev: SYN code=0
cnt=1 s0=fng (2443,2722)* [filtered=62]
ev: SYN code=0
cnt=1 s0=fng (2443,2722)* [filtered=62]
ev: SYN code=0
cnt=1 s0=fng (2443,2722)* [filtered=62]
ev: ABS code=53 val=2444 (slot=0)
ev: ABS code=0 val=2444 (slot=0)
ev: SYN code=0
cnt=1 s0=fng (2444,2722)* [filtered=62]
ev: SYN code=0
cnt=1 s0=fng (2444,2722)* [filtered=62]
ev: SYN code=0
cnt=1 s0=fng (2444,2722)* [filtered=62]
ev: SYN code=0
cnt=1 s0=fng (2444,2722)* [filtered=62]
ev: SYN code=0
cnt=1 s0=fng (2444,2722)* [filtered=62]
ev: SYN code=0
cnt=1 s0=fng (2444,2722)* [filtered=62]
ev: SYN code=0
cnt=1 s0=fng (2444,2722)* [filtered=62]
ev: KEY code=0x110 val=0
ev: SYN code=0
cnt=1 s0=fng (2444,2722)* [filtered=62]
ev: SYN code=0
cnt=1 s0=fng (2444,2722)* [filtered=62]
ev: SYN code=0
cnt=1 s0=fng (2444,2722)* [filtered=62]
ev: SYN code=0
cnt=1 s0=fng (2444,2722)* [filtered=62]
ev: SYN code=0
cnt=1 s0=fng (2444,2722)* [filtered=62]
ev: SYN code=0
cnt=1 s0=fng (2444,2722)* [filtered=62]
ev: SYN code=0
cnt=1 s0=fng (2444,2722)* [filtered=62]
ev: SYN code=0
cnt=1 s0=fng (2444,2722)* [filtered=62]
ev: SYN code=0
cnt=1 s0=fng (2444,2722)* [filtered=62]
ev: SYN code=0
cnt=1 s0=fng (2444,2722)* [filtered=62]
ev: SYN code=0
cnt=1 s0=fng (2444,2722)* [filtered=62]
ev: SYN code=0
cnt=1 s0=fng (2444,2722)* [filtered=62]
ev: SYN code=0
cnt=1 s0=fng (2444,2722)* [filtered=62]
ev: SYN code=0
cnt=1 s0=fng (2444,2722)* [filtered=62]
ev: SYN code=0
cnt=1 s0=fng (2444,2722)* [filtered=62]
ev: SYN code=0
cnt=1 s0=fng (2444,2722)* [filtered=62]
ev: SYN code=0
cnt=1 s0=fng (2444,2722)* [filtered=62]
ev: SYN code=0
cnt=1 s0=fng (2444,2722)* [filtered=62]
ev: SYN code=0
cnt=1 s0=fng (2444,2722)* [filtered=62]
ev: SYN code=0
cnt=1 s0=fng (2444,2722)* [filtered=62]
ev: SYN code=0
cnt=1 s0=fng (2444,2722)* [filtered=62]
ev: SYN code=0
cnt=1 s0=fng (2444,2722)* [filtered=62]
ev: SYN code=0
cnt=1 s0=fng (2444,2722)* [filtered=62]
ev: SYN code=0
cnt=1 s0=fng (2444,2722)* [filtered=62]
ev: SYN code=0
cnt=1 s0=fng (2444,2722)* [filtered=62]
ev: SYN code=0
cnt=1 s0=fng (2444,2722)* [filtered=62]
ev: SYN code=0
cnt=1 s0=fng (2444,2722)* [filtered=62]
ev: KEY code=0x110 val=1
click: x=2444 -> zone=0x112
ev: SYN code=0
cnt=1 s0=fng (2444,2722)* [filtered=62]
ev: SYN code=0
cnt=1 s0=fng (2444,2722)* [filtered=62]
ev: SYN code=0
cnt=1 s0=fng (2444,2722)* [filtered=62]
ev: SYN code=0
cnt=1 s0=fng (2444,2722)* [filtered=62]
ev: SYN code=0
cnt=1 s0=fng (2444,2722)* [filtered=62]
ev: SYN code=0
cnt=1 s0=fng (2444,2722)* [filtered=62]
ev: SYN code=0
cnt=1 s0=fng (2444,2722)* [filtered=62]
ev: SYN code=0
cnt=1 s0=fng (2444,2722)* [filtered=62]
ev: ABS code=53 val=2443 (slot=0)
ev: ABS code=0 val=2443 (slot=0)
ev: SYN code=0
cnt=1 s0=fng (2443,2722)* [filtered=62]
ev: SYN code=0
cnt=1 s0=fng (2443,2722)* [filtered=62]
ev: SYN code=0
cnt=1 s0=fng (2443,2722)* [filtered=62]
ev: SYN code=0
cnt=1 s0=fng (2443,2722)* [filtered=62]
ev: SYN code=0
cnt=1 s0=fng (2443,2722)* [filtered=62]
ev: ABS code=53 val=2442 (slot=0)
ev: ABS code=0 val=2442 (slot=0)
ev: SYN code=0
cnt=1 s0=fng (2442,2722)* [filtered=62]
ev: SYN code=0
cnt=1 s0=fng (2442,2722)* [filtered=62]
ev: SYN code=0
cnt=1 s0=fng (2442,2722)* [filtered=62]
ev: SYN code=0
cnt=1 s0=fng (2442,2722)* [filtered=62]
ev: SYN code=0
cnt=1 s0=fng (2442,2722)* [filtered=62]
ev: SYN code=0
cnt=1 s0=fng (2442,2722)* [filtered=62]
ev: SYN code=0
cnt=1 s0=fng (2442,2722)* [filtered=62]
ev: SYN code=0
cnt=1 s0=fng (2442,2722)* [filtered=62]
ev: SYN code=0
cnt=1 s0=fng (2442,2722)* [filtered=62]
ev: SYN code=0
cnt=1 s0=fng (2442,2722)* [filtered=62]
ev: SYN code=0
cnt=1 s0=fng (2442,2722)* [filtered=62]
ev: SYN code=0
cnt=1 s0=fng (2442,2722)* [filtered=62]
ev: SYN code=0
cnt=1 s0=fng (2442,2722)* [filtered=62]
ev: SYN code=0
cnt=1 s0=fng (2442,2722)* [filtered=62]
ev: SYN code=0
cnt=1 s0=fng (2442,2722)* [filtered=62]
ev: SYN code=0
cnt=1 s0=fng (2442,2722)* [filtered=62]
ev: SYN code=0
cnt=1 s0=fng (2442,2722)* [filtered=62]
ev: KEY code=0x110 val=0
ev: SYN code=0
cnt=1 s0=fng (2442,2722)* [filtered=62]
ev: SYN code=0
cnt=1 s0=fng (2442,2722)* [filtered=62]
ev: SYN code=0
cnt=1 s0=fng (2442,2722)* [filtered=62]
ev: SYN code=0
cnt=1 s0=fng (2442,2722)* [filtered=62]
ev: SYN code=0
cnt=1 s0=fng (2442,2722)* [filtered=62]
ev: ABS code=53 val=2441 (slot=0)
ev: ABS code=0 val=2441 (slot=0)
ev: SYN code=0
cnt=1 s0=fng (2441,2722)* [filtered=62]
ev: SYN code=0
cnt=1 s0=fng (2441,2722)* [filtered=62]
ev: SYN code=0
cnt=1 s0=fng (2441,2722)* [filtered=62]
ev: ABS code=53 val=2440 (slot=0)
ev: ABS code=0 val=2440 (slot=0)
ev: SYN code=0
cnt=1 s0=fng (2440,2722)* [filtered=62]
ev: ABS code=53 val=2439 (slot=0)
ev: ABS code=0 val=2439 (slot=0)
ev: SYN code=0
cnt=1 s0=fng (2439,2722)* [filtered=62]
ev: SYN code=0
cnt=1 s0=fng (2439,2722)* [filtered=62]
ev: ABS code=53 val=2437 (slot=0)
ev: ABS code=0 val=2437 (slot=0)
ev: SYN code=0
cnt=1 s0=fng (2437,2722)* [filtered=62]
ev: ABS code=53 val=2434 (slot=0)
ev: ABS code=54 val=2721 (slot=0)
ev: ABS code=0 val=2434 (slot=0)
ev: ABS code=1 val=2721 (slot=0)
ev: SYN code=0
cnt=1 s0=fng (2434,2721) [filtered=62]
ev: ABS code=53 val=2430 (slot=0)
ev: ABS code=54 val=2720 (slot=0)
ev: ABS code=0 val=2430 (slot=0)
ev: ABS code=1 val=2720 (slot=0)
ev: SYN code=0
cnt=1 s0=fng (2430,2720) [filtered=62]
ev: ABS code=53 val=2426 (slot=0)
ev: ABS code=54 val=2718 (slot=0)
ev: ABS code=0 val=2426 (slot=0)
ev: ABS code=1 val=2718 (slot=0)
ev: SYN code=0
cnt=1 s0=fng (2426,2718) [filtered=62]
ev: ABS code=53 val=2422 (slot=0)
ev: ABS code=54 val=2716 (slot=0)
ev: ABS code=0 val=2422 (slot=0)
ev: ABS code=1 val=2716 (slot=0)
ev: SYN code=0
cnt=1 s0=fng (2422,2716) [filtered=62]
ev: ABS code=53 val=2420 (slot=0)
ev: ABS code=54 val=2715 (slot=0)
ev: ABS code=0 val=2420 (slot=0)
ev: ABS code=1 val=2715 (slot=0)
ev: SYN code=0
cnt=1 s0=fng (2420,2715) [filtered=62]
ev: ABS code=57 val=-1 (slot=0)
ev: KEY code=0x14a val=0
ev: KEY code=0x145 val=0
ev: SYN code=0
ev: ABS code=57 val=99 (slot=0)
ev: ABS code=53 val=4363 (slot=0)
ev: ABS code=54 val=2634 (slot=0)
ev: KEY code=0x14a val=1
ev: KEY code=0x145 val=1
ev: ABS code=0 val=4363 (slot=0)
ev: ABS code=1 val=2634 (slot=0)
ev: SYN code=0
cnt=1 s0=fng (4363,2634) [filtered=62]
ev: SYN code=0
cnt=1 s0=fng (4363,2634) [filtered=62]
ev: SYN code=0
cnt=1 s0=fng (4363,2634) [filtered=62]
ev: SYN code=0
cnt=1 s0=fng (4363,2634) [filtered=62]
ev: SYN code=0
cnt=1 s0=fng (4363,2634) [filtered=62]
ev: SYN code=0
cnt=1 s0=fng (4363,2634) [filtered=62]
ev: SYN code=0
cnt=1 s0=fng (4363,2634) [filtered=62]
ev: SYN code=0
cnt=1 s0=fng (4363,2634) [filtered=62]
ev: SYN code=0
cnt=1 s0=fng (4363,2634) [filtered=62]
ev: KEY code=0x110 val=1
click: x=4363 -> zone=0x111
ev: SYN code=0
cnt=1 s0=fng (4363,2634) [filtered=62]
ev: SYN code=0
cnt=1 s0=fng (4363,2634) [filtered=62]
ev: SYN code=0
cnt=1 s0=fng (4363,2634) [filtered=62]
ev: SYN code=0
cnt=1 s0=fng (4363,2634) [filtered=62]
ev: SYN code=0
cnt=1 s0=fng (4363,2634) [filtered=62]
ev: SYN code=0
cnt=1 s0=fng (4363,2634) [filtered=62]
ev: SYN code=0
cnt=1 s0=fng (4363,2634) [filtered=62]
ev: SYN code=0
cnt=1 s0=fng (4363,2634) [filtered=62]
ev: SYN code=0
cnt=1 s0=fng (4363,2634) [filtered=62]
ev: SYN code=0
cnt=1 s0=fng (4363,2634) [filtered=62]
ev: ABS code=54 val=2633 (slot=0)
ev: ABS code=1 val=2633 (slot=0)
ev: SYN code=0
cnt=1 s0=fng (4363,2633) [filtered=62]
ev: SYN code=0
cnt=1 s0=fng (4363,2633)* [filtered=62]
ev: ABS code=54 val=2632 (slot=0)
ev: ABS code=1 val=2632 (slot=0)
ev: SYN code=0
cnt=1 s0=fng (4363,2632)* [filtered=62]
ev: SYN code=0
cnt=1 s0=fng (4363,2632)* [filtered=62]
ev: SYN code=0
cnt=1 s0=fng (4363,2632)* [filtered=62]
ev: ABS code=54 val=2631 (slot=0)
ev: ABS code=1 val=2631 (slot=0)
ev: SYN code=0
cnt=1 s0=fng (4363,2631)* [filtered=62]
ev: ABS code=54 val=2630 (slot=0)
ev: ABS code=1 val=2630 (slot=0)
ev: SYN code=0
cnt=1 s0=fng (4363,2630)* [filtered=62]
ev: ABS code=53 val=4364 (slot=0)
ev: ABS code=54 val=2629 (slot=0)
ev: ABS code=0 val=4364 (slot=0)
ev: ABS code=1 val=2629 (slot=0)
ev: SYN code=0
cnt=1 s0=fng (4364,2629)* [filtered=62]
ev: SYN code=0
cnt=1 s0=fng (4364,2629)* [filtered=62]
ev: ABS code=54 val=2628 (slot=0)
ev: ABS code=1 val=2628 (slot=0)
ev: SYN code=0
cnt=1 s0=fng (4364,2628)* [filtered=62]
ev: ABS code=53 val=4365 (slot=0)
ev: ABS code=54 val=2626 (slot=0)
ev: ABS code=0 val=4365 (slot=0)
ev: ABS code=1 val=2626 (slot=0)
ev: SYN code=0
cnt=1 s0=fng (4365,2626)* [filtered=62]
ev: ABS code=54 val=2625 (slot=0)
ev: ABS code=1 val=2625 (slot=0)
ev: SYN code=0
cnt=1 s0=fng (4365,2625)* [filtered=62]
ev: ABS code=54 val=2624 (slot=0)
ev: ABS code=1 val=2624 (slot=0)
ev: SYN code=0
cnt=1 s0=fng (4365,2624)* [filtered=62]
ev: ABS code=53 val=4366 (slot=0)
ev: ABS code=54 val=2623 (slot=0)
ev: ABS code=0 val=4366 (slot=0)
ev: ABS code=1 val=2623 (slot=0)
ev: SYN code=0
cnt=1 s0=fng (4366,2623)* [filtered=62]
ev: ABS code=54 val=2622 (slot=0)
ev: ABS code=1 val=2622 (slot=0)
ev: SYN code=0
cnt=1 s0=fng (4366,2622)* [filtered=62]
ev: ABS code=53 val=4367 (slot=0)
ev: ABS code=54 val=2620 (slot=0)
ev: ABS code=0 val=4367 (slot=0)
ev: ABS code=1 val=2620 (slot=0)
ev: SYN code=0
cnt=1 s0=fng (4367,2620)* [filtered=62]
ev: ABS code=54 val=2619 (slot=0)
ev: ABS code=1 val=2619 (slot=0)
ev: SYN code=0
cnt=1 s0=fng (4367,2619)* [filtered=62]
ev: ABS code=54 val=2618 (slot=0)
ev: KEY code=0x110 val=0
ev: ABS code=1 val=2618 (slot=0)
ev: SYN code=0
cnt=1 s0=fng (4367,2618)* [filtered=62]
ev: ABS code=53 val=4368 (slot=0)
ev: ABS code=54 val=2617 (slot=0)
ev: ABS code=0 val=4368 (slot=0)
ev: ABS code=1 val=2617 (slot=0)
ev: SYN code=0
cnt=1 s0=fng (4368,2617)* [filtered=62]
ev: ABS code=53 val=4369 (slot=0)
ev: ABS code=54 val=2616 (slot=0)
ev: ABS code=0 val=4369 (slot=0)
ev: ABS code=1 val=2616 (slot=0)
ev: SYN code=0
cnt=1 s0=fng (4369,2616)* [filtered=62]
ev: ABS code=54 val=2615 (slot=0)
ev: ABS code=1 val=2615 (slot=0)
ev: SYN code=0
cnt=1 s0=fng (4369,2615)* [filtered=62]
ev: ABS code=54 val=2614 (slot=0)
ev: ABS code=1 val=2614 (slot=0)
ev: SYN code=0
cnt=1 s0=fng (4369,2614)* [filtered=62]
ev: SYN code=0
cnt=1 s0=fng (4369,2614)* [filtered=62]
ev: ABS code=54 val=2613 (slot=0)
ev: ABS code=1 val=2613 (slot=0)
ev: SYN code=0
cnt=1 s0=fng (4369,2613)* [filtered=62]
ev: ABS code=54 val=2612 (slot=0)
ev: ABS code=1 val=2612 (slot=0)
ev: SYN code=0
cnt=1 s0=fng (4369,2612)* [filtered=62]
ev: ABS code=54 val=2611 (slot=0)
ev: ABS code=1 val=2611 (slot=0)
ev: SYN code=0
cnt=1 s0=fng (4369,2611)* [filtered=62]
ev: ABS code=54 val=2610 (slot=0)
ev: ABS code=1 val=2610 (slot=0)
ev: SYN code=0
cnt=1 s0=fng (4369,2610)* [filtered=62]
ev: SYN code=0
cnt=1 s0=fng (4369,2610)* [filtered=62]
ev: SYN code=0
cnt=1 s0=fng (4369,2610)* [filtered=62]
ev: ABS code=54 val=2609 (slot=0)
ev: ABS code=1 val=2609 (slot=0)
ev: SYN code=0
cnt=1 s0=fng (4369,2609)* [filtered=62]
ev: SYN code=0
cnt=1 s0=fng (4369,2609)* [filtered=62]
ev: SYN code=0
cnt=1 s0=fng (4369,2609)* [filtered=62]
ev: ABS code=54 val=2608 (slot=0)
ev: ABS code=1 val=2608 (slot=0)
ev: SYN code=0
cnt=1 s0=fng (4369,2608)* [filtered=62]
ev: SYN code=0
cnt=1 s0=fng (4369,2608)* [filtered=62]
ev: SYN code=0
cnt=1 s0=fng (4369,2608)* [filtered=62]
ev: SYN code=0
cnt=1 s0=fng (4369,2608)* [filtered=62]
ev: SYN code=0
cnt=1 s0=fng (4369,2608)* [filtered=62]
ev: SYN code=0
cnt=1 s0=fng (4369,2608)* [filtered=62]
ev: SYN code=0
cnt=1 s0=fng (4369,2608)* [filtered=62]
ev: SYN code=0
cnt=1 s0=fng (4369,2608)* [filtered=62]
ev: SYN code=0
cnt=1 s0=fng (4369,2608)* [filtered=62]
ev: SYN code=0
cnt=1 s0=fng (4369,2608)* [filtered=62]
ev: SYN code=0
cnt=1 s0=fng (4369,2608)* [filtered=62]
ev: SYN code=0
cnt=1 s0=fng (4369,2608)* [filtered=62]
ev: SYN code=0
cnt=1 s0=fng (4369,2608)* [filtered=62]
ev: SYN code=0
cnt=1 s0=fng (4369,2608)* [filtered=62]
ev: KEY code=0x110 val=1
click: x=4369 -> zone=0x111
ev: SYN code=0
cnt=1 s0=fng (4369,2608)* [filtered=62]
ev: SYN code=0
cnt=1 s0=fng (4369,2608)* [filtered=62]
ev: SYN code=0
cnt=1 s0=fng (4369,2608)* [filtered=62]
ev: SYN code=0
cnt=1 s0=fng (4369,2608)* [filtered=62]
ev: SYN code=0
cnt=1 s0=fng (4369,2608)* [filtered=62]
ev: SYN code=0
cnt=1 s0=fng (4369,2608)* [filtered=62]
ev: SYN code=0
cnt=1 s0=fng (4369,2608)* [filtered=62]
ev: SYN code=0
cnt=1 s0=fng (4369,2608)* [filtered=62]
ev: SYN code=0
cnt=1 s0=fng (4369,2608)* [filtered=62]
ev: SYN code=0
cnt=1 s0=fng (4369,2608)* [filtered=62]
ev: SYN code=0
cnt=1 s0=fng (4369,2608)* [filtered=62]
ev: KEY code=0x110 val=0
ev: SYN code=0
cnt=1 s0=fng (4369,2608)* [filtered=62]
ev: SYN code=0
cnt=1 s0=fng (4369,2608)* [filtered=62]
ev: SYN code=0
cnt=1 s0=fng (4369,2608)* [filtered=62]
ev: SYN code=0
cnt=1 s0=fng (4369,2608)* [filtered=62]
ev: SYN code=0
cnt=1 s0=fng (4369,2608)* [filtered=62]
ev: SYN code=0
cnt=1 s0=fng (4369,2608)* [filtered=62]
ev: SYN code=0
cnt=1 s0=fng (4369,2608)* [filtered=62]
ev: SYN code=0
cnt=1 s0=fng (4369,2608)* [filtered=62]
ev: SYN code=0
cnt=1 s0=fng (4369,2608)* [filtered=62]
ev: SYN code=0
cnt=1 s0=fng (4369,2608)* [filtered=62]
ev: SYN code=0
cnt=1 s0=fng (4369,2608)* [filtered=62]
ev: SYN code=0
cnt=1 s0=fng (4369,2608)* [filtered=62]
ev: SYN code=0
cnt=1 s0=fng (4369,2608)* [filtered=62]
ev: SYN code=0
cnt=1 s0=fng (4369,2608)* [filtered=62]
ev: SYN code=0
cnt=1 s0=fng (4369,2608)* [filtered=62]
ev: SYN code=0
cnt=1 s0=fng (4369,2608)* [filtered=62]
ev: SYN code=0
cnt=1 s0=fng (4369,2608)* [filtered=62]
ev: SYN code=0
cnt=1 s0=fng (4369,2608)* [filtered=62]
ev: SYN code=0
cnt=1 s0=fng (4369,2608)* [filtered=62]
ev: SYN code=0
cnt=1 s0=fng (4369,2608)* [filtered=62]
ev: ABS code=54 val=2607 (slot=0)
ev: ABS code=1 val=2607 (slot=0)
ev: SYN code=0
cnt=1 s0=fng (4369,2607)* [filtered=62]
ev: SYN code=0
cnt=1 s0=fng (4369,2607)* [filtered=62]
ev: SYN code=0
cnt=1 s0=fng (4369,2607)* [filtered=62]
ev: SYN code=0
cnt=1 s0=fng (4369,2607)* [filtered=62]
ev: SYN code=0
cnt=1 s0=fng (4369,2607)* [filtered=62]
ev: SYN code=0
cnt=1 s0=fng (4369,2607)* [filtered=62]
ev: SYN code=0
cnt=1 s0=fng (4369,2607)* [filtered=62]
ev: SYN code=0
cnt=1 s0=fng (4369,2607)* [filtered=62]
ev: KEY code=0x110 val=1
click: x=4369 -> zone=0x111
ev: SYN code=0
cnt=1 s0=fng (4369,2607)* [filtered=62]
ev: SYN code=0
cnt=1 s0=fng (4369,2607)* [filtered=62]
ev: SYN code=0
cnt=1 s0=fng (4369,2607)* [filtered=62]
ev: SYN code=0
cnt=1 s0=fng (4369,2607)* [filtered=62]
ev: SYN code=0
cnt=1 s0=fng (4369,2607)* [filtered=62]
ev: SYN code=0
cnt=1 s0=fng (4369,2607)* [filtered=62]
ev: SYN code=0
cnt=1 s0=fng (4369,2607)* [filtered=62]
ev: SYN code=0
cnt=1 s0=fng (4369,2607)* [filtered=62]
ev: KEY code=0x110 val=0
ev: SYN code=0
cnt=1 s0=fng (4369,2607)* [filtered=62]
ev: SYN code=0
cnt=1 s0=fng (4369,2607)* [filtered=62]
ev: SYN code=0
cnt=1 s0=fng (4369,2607)* [filtered=62]
ev: SYN code=0
cnt=1 s0=fng (4369,2607)* [filtered=62]
ev: SYN code=0
cnt=1 s0=fng (4369,2607)* [filtered=62]
ev: SYN code=0
cnt=1 s0=fng (4369,2607)* [filtered=62]
ev: SYN code=0
cnt=1 s0=fng (4369,2607)* [filtered=62]
ev: SYN code=0
cnt=1 s0=fng (4369,2607)* [filtered=62]
ev: SYN code=0
cnt=1 s0=fng (4369,2607)* [filtered=62]
ev: SYN code=0
cnt=1 s0=fng (4369,2607)* [filtered=62]
ev: SYN code=0
cnt=1 s0=fng (4369,2607)* [filtered=62]
ev: SYN code=0
cnt=1 s0=fng (4369,2607)* [filtered=62]
ev: SYN code=0
cnt=1 s0=fng (4369,2607)* [filtered=62]
ev: SYN code=0
cnt=1 s0=fng (4369,2607)* [filtered=62]
ev: SYN code=0
cnt=1 s0=fng (4369,2607)* [filtered=62]
ev: SYN code=0
cnt=1 s0=fng (4369,2607)* [filtered=62]
ev: SYN code=0
cnt=1 s0=fng (4369,2607)* [filtered=62]
ev: ABS code=53 val=4368 (slot=0)
ev: ABS code=0 val=4368 (slot=0)
ev: SYN code=0
cnt=1 s0=fng (4368,2607)* [filtered=62]
ev: SYN code=0
cnt=1 s0=fng (4368,2607)* [filtered=62]
ev: SYN code=0
cnt=1 s0=fng (4368,2607)* [filtered=62]
ev: SYN code=0
cnt=1 s0=fng (4368,2607)* [filtered=62]
ev: SYN code=0
cnt=1 s0=fng (4368,2607)* [filtered=62]
ev: SYN code=0
cnt=1 s0=fng (4368,2607)* [filtered=62]
ev: SYN code=0
cnt=1 s0=fng (4368,2607)* [filtered=62]
ev: SYN code=0
cnt=1 s0=fng (4368,2607)* [filtered=62]
ev: KEY code=0x110 val=1
click: x=4368 -> zone=0x111
ev: SYN code=0
cnt=1 s0=fng (4368,2607)* [filtered=62]
ev: SYN code=0
cnt=1 s0=fng (4368,2607)* [filtered=62]
ev: SYN code=0
cnt=1 s0=fng (4368,2607)* [filtered=62]
ev: SYN code=0
cnt=1 s0=fng (4368,2607)* [filtered=62]
ev: SYN code=0
cnt=1 s0=fng (4368,2607)* [filtered=62]
ev: SYN code=0
cnt=1 s0=fng (4368,2607)* [filtered=62]
ev: SYN code=0
cnt=1 s0=fng (4368,2607)* [filtered=62]
ev: SYN code=0
cnt=1 s0=fng (4368,2607)* [filtered=62]
ev: SYN code=0
cnt=1 s0=fng (4368,2607)* [filtered=62]
ev: SYN code=0
cnt=1 s0=fng (4368,2607)* [filtered=62]
ev: SYN code=0
cnt=1 s0=fng (4368,2607)* [filtered=62]
ev: KEY code=0x110 val=0
ev: SYN code=0
cnt=1 s0=fng (4368,2607)* [filtered=62]
ev: SYN code=0
cnt=1 s0=fng (4368,2607)* [filtered=62]
ev: SYN code=0
cnt=1 s0=fng (4368,2607)* [filtered=62]
ev: SYN code=0
cnt=1 s0=fng (4368,2607)* [filtered=62]
ev: ABS code=54 val=2606 (slot=0)
ev: ABS code=1 val=2606 (slot=0)
ev: SYN code=0
cnt=1 s0=fng (4368,2606)* [filtered=62]
ev: SYN code=0
cnt=1 s0=fng (4368,2606)* [filtered=62]
ev: SYN code=0
cnt=1 s0=fng (4368,2606)* [filtered=62]
ev: ABS code=54 val=2605 (slot=0)
ev: ABS code=1 val=2605 (slot=0)
ev: SYN code=0
cnt=1 s0=fng (4368,2605)* [filtered=62]
ev: ABS code=54 val=2604 (slot=0)
ev: ABS code=1 val=2604 (slot=0)
ev: SYN code=0
cnt=1 s0=fng (4368,2604)* [filtered=62]
ev: SYN code=0
cnt=1 s0=fng (4368,2604)* [filtered=62]
ev: ABS code=53 val=4369 (slot=0)
ev: ABS code=54 val=2603 (slot=0)
ev: ABS code=0 val=4369 (slot=0)
ev: ABS code=1 val=2603 (slot=0)
ev: SYN code=0
cnt=1 s0=fng (4369,2603)* [filtered=62]
ev: SYN code=0
cnt=1 s0=fng (4369,2603)* [filtered=62]
ev: SYN code=0
cnt=1 s0=fng (4369,2603)* [filtered=62]
ev: ABS code=53 val=4370 (slot=0)
ev: ABS code=54 val=2602 (slot=0)
ev: ABS code=0 val=4370 (slot=0)
ev: ABS code=1 val=2602 (slot=0)
ev: SYN code=0
cnt=1 s0=fng (4370,2602)* [filtered=62]
ev: SYN code=0
cnt=1 s0=fng (4370,2602)* [filtered=62]
ev: SYN code=0
cnt=1 s0=fng (4370,2602)* [filtered=62]
ev: ABS code=54 val=2601 (slot=0)
ev: ABS code=1 val=2601 (slot=0)
ev: SYN code=0
cnt=1 s0=fng (4370,2601)* [filtered=62]
ev: SYN code=0
cnt=1 s0=fng (4370,2601)* [filtered=62]
ev: SYN code=0
cnt=1 s0=fng (4370,2601)* [filtered=62]
ev: SYN code=0
cnt=1 s0=fng (4370,2601)* [filtered=62]
ev: SYN code=0
cnt=1 s0=fng (4370,2601)* [filtered=62]
ev: SYN code=0
cnt=1 s0=fng (4370,2601)* [filtered=62]
ev: SYN code=0
cnt=1 s0=fng (4370,2601)* [filtered=62]
ev: SYN code=0
cnt=1 s0=fng (4370,2601)* [filtered=62]
ev: KEY code=0x110 val=1
click: x=4370 -> zone=0x111
ev: SYN code=0
cnt=1 s0=fng (4370,2601)* [filtered=62]
ev: SYN code=0
cnt=1 s0=fng (4370,2601)* [filtered=62]
ev: SYN code=0
cnt=1 s0=fng (4370,2601)* [filtered=62]
ev: SYN code=0
cnt=1 s0=fng (4370,2601)* [filtered=62]
ev: SYN code=0
cnt=1 s0=fng (4370,2601)* [filtered=62]
ev: SYN code=0
cnt=1 s0=fng (4370,2601)* [filtered=62]
ev: SYN code=0
cnt=1 s0=fng (4370,2601)* [filtered=62]
ev: SYN code=0
cnt=1 s0=fng (4370,2601)* [filtered=62]
ev: SYN code=0
cnt=1 s0=fng (4370,2601)* [filtered=62]
ev: SYN code=0
cnt=1 s0=fng (4370,2601)* [filtered=62]
ev: SYN code=0
cnt=1 s0=fng (4370,2601)* [filtered=62]
ev: SYN code=0
cnt=1 s0=fng (4370,2601)* [filtered=62]
ev: SYN code=0
cnt=1 s0=fng (4370,2601)* [filtered=62]
ev: KEY code=0x110 val=0
ev: SYN code=0
cnt=1 s0=fng (4370,2601)* [filtered=62]
ev: SYN code=0
cnt=1 s0=fng (4370,2601)* [filtered=62]
ev: SYN code=0
cnt=1 s0=fng (4370,2601)* [filtered=62]
ev: SYN code=0
cnt=1 s0=fng (4370,2601)* [filtered=62]
ev: SYN code=0
cnt=1 s0=fng (4370,2601)* [filtered=62]
ev: SYN code=0
cnt=1 s0=fng (4370,2601)* [filtered=62]
ev: SYN code=0
cnt=1 s0=fng (4370,2601)* [filtered=62]
ev: SYN code=0
cnt=1 s0=fng (4370,2601)* [filtered=62]
ev: SYN code=0
cnt=1 s0=fng (4370,2601)* [filtered=62]
ev: SYN code=0
cnt=1 s0=fng (4370,2601)* [filtered=62]
ev: SYN code=0
cnt=1 s0=fng (4370,2601)* [filtered=62]
ev: SYN code=0
cnt=1 s0=fng (4370,2601)* [filtered=62]
ev: SYN code=0
cnt=1 s0=fng (4370,2601)* [filtered=62]
ev: SYN code=0
cnt=1 s0=fng (4370,2601)* [filtered=62]
ev: SYN code=0
cnt=1 s0=fng (4370,2601)* [filtered=62]
ev: SYN code=0
cnt=1 s0=fng (4370,2601)* [filtered=62]
ev: SYN code=0
cnt=1 s0=fng (4370,2601)* [filtered=62]
ev: SYN code=0
cnt=1 s0=fng (4370,2601)* [filtered=62]
ev: SYN code=0
cnt=1 s0=fng (4370,2601)* [filtered=62]
ev: SYN code=0
cnt=1 s0=fng (4370,2601)* [filtered=62]
ev: SYN code=0
cnt=1 s0=fng (4370,2601)* [filtered=62]
ev: SYN code=0
cnt=1 s0=fng (4370,2601)* [filtered=62]
ev: SYN code=0
cnt=1 s0=fng (4370,2601)* [filtered=62]
ev: SYN code=0
cnt=1 s0=fng (4370,2601)* [filtered=62]
ev: ABS code=53 val=4371 (slot=0)
ev: ABS code=0 val=4371 (slot=0)
ev: SYN code=0
cnt=1 s0=fng (4371,2601)* [filtered=62]
ev: ABS code=53 val=4372 (slot=0)
ev: ABS code=54 val=2600 (slot=0)
ev: ABS code=0 val=4372 (slot=0)
ev: ABS code=1 val=2600 (slot=0)
ev: SYN code=0
cnt=1 s0=fng (4372,2600)* [filtered=62]
ev: ABS code=53 val=4373 (slot=0)
ev: ABS code=0 val=4373 (slot=0)
ev: SYN code=0
cnt=1 s0=fng (4373,2600)* [filtered=62]
ev: SYN code=0
cnt=1 s0=fng (4373,2600)* [filtered=62]
ev: ABS code=53 val=4374 (slot=0)
ev: ABS code=0 val=4374 (slot=0)
ev: SYN code=0
cnt=1 s0=fng (4374,2600)* [filtered=62]
ev: ABS code=57 val=-1 (slot=0)
ev: KEY code=0x14a val=0
ev: KEY code=0x145 val=0
ev: SYN code=0
ev: ABS code=57 val=100 (slot=0)
ev: ABS code=53 val=3622 (slot=0)
ev: ABS code=54 val=1420 (slot=0)
ev: KEY code=0x14a val=1
ev: KEY code=0x145 val=1
ev: ABS code=0 val=3622 (slot=0)
ev: ABS code=1 val=1420 (slot=0)
ev: SYN code=0
cnt=1 s0=fng (3622,1420) [filtered=62]
ev: ABS code=53 val=3621 (slot=0)
ev: ABS code=0 val=3621 (slot=0)
ev: SYN code=0
cnt=1 s0=fng (3621,1420) [filtered=62]
ev: ABS code=53 val=3620 (slot=0)
ev: ABS code=54 val=1419 (slot=0)
ev: ABS code=0 val=3620 (slot=0)
ev: ABS code=1 val=1419 (slot=0)
ev: SYN code=0
cnt=1 s0=fng (3620,1419) [filtered=62]
ev: ABS code=53 val=3619 (slot=0)
ev: ABS code=0 val=3619 (slot=0)
ev: SYN code=0
cnt=1 s0=fng (3619,1419) [filtered=62]
ev: ABS code=53 val=3618 (slot=0)
ev: ABS code=0 val=3618 (slot=0)
ev: SYN code=0
cnt=1 s0=fng (3618,1419) [filtered=62]
ev: ABS code=53 val=3617 (slot=0)
ev: ABS code=54 val=1418 (slot=0)
ev: ABS code=47 val=1 (slot=0)
ev: ABS code=57 val=101 (slot=1)
ev: ABS code=53 val=3264 (slot=1)
ev: ABS code=54 val=2289 (slot=1)
ev: KEY code=0x145 val=0
ev: KEY code=0x14d val=1
ev: ABS code=0 val=3617 (slot=1)
ev: ABS code=1 val=1418 (slot=1)
ev: SYN code=0
cnt=2 s0=fng (3617,1418) s1=PALM(3264,2289) [filtered=63]
ev: ABS code=47 val=0 (slot=1)
ev: ABS code=53 val=3611 (slot=0)
ev: ABS code=54 val=1416 (slot=0)
ev: ABS code=47 val=1 (slot=0)
ev: ABS code=53 val=3262 (slot=1)
ev: ABS code=54 val=2288 (slot=1)
ev: ABS code=0 val=3611 (slot=1)
ev: ABS code=1 val=1416 (slot=1)
ev: SYN code=0
cnt=2 s0=fng (3611,1416) s1=PALM(3262,2288) [filtered=64]
ev: ABS code=47 val=0 (slot=1)
ev: ABS code=53 val=3603 (slot=0)
ev: ABS code=54 val=1413 (slot=0)
ev: ABS code=47 val=1 (slot=0)
ev: ABS code=53 val=3255 (slot=1)
ev: ABS code=54 val=2287 (slot=1)
ev: ABS code=0 val=3603 (slot=1)
ev: ABS code=1 val=1413 (slot=1)
ev: SYN code=0
cnt=2 s0=fng (3603,1413) s1=PALM(3255,2287) [filtered=65]
ev: ABS code=47 val=0 (slot=1)
ev: ABS code=53 val=3596 (slot=0)
ev: ABS code=54 val=1411 (slot=0)
ev: ABS code=47 val=1 (slot=0)
ev: ABS code=53 val=3250 (slot=1)
ev: ABS code=0 val=3596 (slot=1)
ev: ABS code=1 val=1411 (slot=1)
ev: SYN code=0
cnt=2 s0=fng (3596,1411) s1=PALM(3250,2287) [filtered=66]
ev: ABS code=47 val=0 (slot=1)
ev: ABS code=53 val=3587 (slot=0)
ev: ABS code=54 val=1408 (slot=0)
ev: ABS code=47 val=1 (slot=0)
ev: ABS code=53 val=3242 (slot=1)
ev: ABS code=54 val=2286 (slot=1)
ev: ABS code=0 val=3587 (slot=1)
ev: ABS code=1 val=1408 (slot=1)
ev: SYN code=0
cnt=2 s0=fng (3587,1408) s1=PALM(3242,2286) [filtered=67]
ev: ABS code=47 val=0 (slot=1)
ev: ABS code=53 val=3576 (slot=0)
ev: ABS code=54 val=1405 (slot=0)
ev: ABS code=47 val=1 (slot=0)
ev: ABS code=53 val=3231 (slot=1)
ev: ABS code=54 val=2284 (slot=1)
ev: ABS code=0 val=3576 (slot=1)
ev: ABS code=1 val=1405 (slot=1)
ev: SYN code=0
cnt=2 s0=fng (3576,1405) s1=PALM(3231,2284) [filtered=68]
ev: ABS code=47 val=0 (slot=1)
ev: ABS code=53 val=3564 (slot=0)
ev: ABS code=54 val=1401 (slot=0)
ev: ABS code=47 val=1 (slot=0)
ev: ABS code=53 val=3219 (slot=1)
ev: ABS code=54 val=2283 (slot=1)
ev: ABS code=0 val=3564 (slot=1)
ev: ABS code=1 val=1401 (slot=1)
ev: SYN code=0
cnt=2 s0=fng (3564,1401) s1=PALM(3219,2283) [filtered=69]
ev: ABS code=47 val=0 (slot=1)
ev: ABS code=53 val=3550 (slot=0)
ev: ABS code=54 val=1398 (slot=0)
ev: ABS code=47 val=1 (slot=0)
ev: ABS code=53 val=3205 (slot=1)
ev: ABS code=54 val=2281 (slot=1)
ev: ABS code=0 val=3550 (slot=1)
ev: ABS code=1 val=1398 (slot=1)
ev: SYN code=0
cnt=2 s0=fng (3550,1398) s1=PALM(3205,2281) [filtered=70]
ev: ABS code=47 val=0 (slot=1)
ev: ABS code=53 val=3536 (slot=0)
ev: ABS code=54 val=1396 (slot=0)
ev: ABS code=47 val=1 (slot=0)
ev: ABS code=53 val=3191 (slot=1)
ev: ABS code=54 val=2280 (slot=1)
ev: ABS code=0 val=3536 (slot=1)
ev: ABS code=1 val=1396 (slot=1)
ev: SYN code=0
cnt=2 s0=fng (3536,1396) s1=PALM(3191,2280) [filtered=71]
ev: ABS code=47 val=0 (slot=1)
ev: ABS code=53 val=3520 (slot=0)
ev: ABS code=54 val=1393 (slot=0)
ev: ABS code=47 val=1 (slot=0)
ev: ABS code=53 val=3175 (slot=1)
ev: ABS code=54 val=2279 (slot=1)
ev: ABS code=0 val=3520 (slot=1)
ev: ABS code=1 val=1393 (slot=1)
ev: SYN code=0
cnt=2 s0=fng (3520,1393) s1=PALM(3175,2279) [filtered=72]
ev: ABS code=47 val=0 (slot=1)
ev: ABS code=53 val=3504 (slot=0)
ev: ABS code=54 val=1390 (slot=0)
ev: ABS code=47 val=1 (slot=0)
ev: ABS code=53 val=3158 (slot=1)
ev: ABS code=54 val=2278 (slot=1)
ev: ABS code=0 val=3504 (slot=1)
ev: ABS code=1 val=1390 (slot=1)
ev: SYN code=0
cnt=2 s0=fng (3504,1390) s1=PALM(3158,2278) [filtered=73]
ev: ABS code=47 val=0 (slot=1)
ev: ABS code=53 val=3486 (slot=0)
ev: ABS code=54 val=1386 (slot=0)
ev: ABS code=47 val=1 (slot=0)
ev: ABS code=53 val=3140 (slot=1)
ev: ABS code=54 val=2277 (slot=1)
ev: ABS code=0 val=3486 (slot=1)
ev: ABS code=1 val=1386 (slot=1)
ev: SYN code=0
cnt=2 s0=fng (3486,1386) s1=PALM(3140,2277) [filtered=74]
ev: ABS code=47 val=0 (slot=1)
ev: ABS code=53 val=3469 (slot=0)
ev: ABS code=54 val=1384 (slot=0)
ev: ABS code=47 val=1 (slot=0)
ev: ABS code=53 val=3123 (slot=1)
ev: ABS code=0 val=3469 (slot=1)
ev: ABS code=1 val=1384 (slot=1)
ev: SYN code=0
cnt=2 s0=fng (3469,1384) s1=PALM(3123,2277) [filtered=75]
ev: ABS code=47 val=0 (slot=1)
ev: ABS code=53 val=3451 (slot=0)
ev: ABS code=54 val=1381 (slot=0)
ev: ABS code=47 val=1 (slot=0)
ev: ABS code=53 val=3104 (slot=1)
ev: ABS code=54 val=2276 (slot=1)
ev: ABS code=0 val=3451 (slot=1)
ev: ABS code=1 val=1381 (slot=1)
ev: SYN code=0
cnt=2 s0=fng (3451,1381) s1=PALM(3104,2276) [filtered=76]
ev: ABS code=47 val=0 (slot=1)
ev: ABS code=53 val=3431 (slot=0)
ev: ABS code=54 val=1378 (slot=0)
ev: ABS code=47 val=1 (slot=0)
ev: ABS code=53 val=3083 (slot=1)
ev: ABS code=0 val=3431 (slot=1)
ev: ABS code=1 val=1378 (slot=1)
ev: SYN code=0
cnt=2 s0=fng (3431,1378) s1=PALM(3083,2276) [filtered=77]
ev: ABS code=47 val=0 (slot=1)
ev: ABS code=53 val=3410 (slot=0)
ev: ABS code=54 val=1375 (slot=0)
ev: ABS code=47 val=1 (slot=0)
ev: ABS code=53 val=3062 (slot=1)
ev: ABS code=0 val=3410 (slot=1)
ev: ABS code=1 val=1375 (slot=1)
ev: SYN code=0
cnt=2 s0=fng (3410,1375) s1=PALM(3062,2276) [filtered=78]
ev: ABS code=47 val=0 (slot=1)
ev: ABS code=53 val=3387 (slot=0)
ev: ABS code=54 val=1372 (slot=0)
ev: ABS code=47 val=1 (slot=0)
ev: ABS code=53 val=3040 (slot=1)
ev: ABS code=0 val=3387 (slot=1)
ev: ABS code=1 val=1372 (slot=1)
ev: SYN code=0
cnt=2 s0=fng (3387,1372) s1=PALM(3040,2276) [filtered=79]
ev: ABS code=47 val=0 (slot=1)
ev: ABS code=53 val=3365 (slot=0)
ev: ABS code=54 val=1370 (slot=0)
ev: ABS code=47 val=1 (slot=0)
ev: ABS code=53 val=3018 (slot=1)
ev: ABS code=0 val=3365 (slot=1)
ev: ABS code=1 val=1370 (slot=1)
ev: SYN code=0
cnt=2 s0=fng (3365,1370) s1=PALM(3018,2276) [filtered=80]
ev: ABS code=47 val=0 (slot=1)
ev: ABS code=53 val=3341 (slot=0)
ev: ABS code=54 val=1368 (slot=0)
ev: ABS code=47 val=1 (slot=0)
ev: ABS code=53 val=2995 (slot=1)
ev: ABS code=0 val=3341 (slot=1)
ev: ABS code=1 val=1368 (slot=1)
ev: SYN code=0
cnt=2 s0=fng (3341,1368) s1=PALM(2995,2276) [filtered=81]
ev: ABS code=47 val=0 (slot=1)
ev: ABS code=53 val=3316 (slot=0)
ev: ABS code=54 val=1366 (slot=0)
ev: ABS code=47 val=1 (slot=0)
ev: ABS code=53 val=2970 (slot=1)
ev: ABS code=54 val=2277 (slot=1)
ev: ABS code=0 val=3316 (slot=1)
ev: ABS code=1 val=1366 (slot=1)
ev: SYN code=0
cnt=2 s0=fng (3316,1366) s1=PALM(2970,2277) [filtered=82]
ev: ABS code=47 val=0 (slot=1)
ev: ABS code=53 val=3289 (slot=0)
ev: ABS code=54 val=1364 (slot=0)
ev: ABS code=47 val=1 (slot=0)
ev: ABS code=53 val=2945 (slot=1)
ev: ABS code=54 val=2278 (slot=1)
ev: ABS code=0 val=3289 (slot=1)
ev: ABS code=1 val=1364 (slot=1)
ev: SYN code=0
cnt=2 s0=fng (3289,1364) s1=PALM(2945,2278) [filtered=83]
ev: ABS code=47 val=0 (slot=1)
ev: ABS code=53 val=3261 (slot=0)
ev: ABS code=54 val=1362 (slot=0)
ev: ABS code=47 val=1 (slot=0)
ev: ABS code=53 val=2919 (slot=1)
ev: ABS code=54 val=2279 (slot=1)
ev: ABS code=0 val=3261 (slot=1)
ev: ABS code=1 val=1362 (slot=1)
ev: SYN code=0
cnt=2 s0=fng (3261,1362) s1=PALM(2919,2279) [filtered=84]
ev: ABS code=47 val=0 (slot=1)
ev: ABS code=53 val=3233 (slot=0)
ev: ABS code=54 val=1361 (slot=0)
ev: ABS code=47 val=1 (slot=0)
ev: ABS code=53 val=2893 (slot=1)
ev: ABS code=0 val=3233 (slot=1)
ev: ABS code=1 val=1361 (slot=1)
ev: SYN code=0
cnt=2 s0=fng (3233,1361) s1=PALM(2893,2279) [filtered=85]
ev: ABS code=47 val=0 (slot=1)
ev: ABS code=53 val=3204 (slot=0)
ev: ABS code=54 val=1359 (slot=0)
ev: ABS code=47 val=1 (slot=0)
ev: ABS code=53 val=2866 (slot=1)
ev: ABS code=54 val=2280 (slot=1)
ev: ABS code=0 val=3204 (slot=1)
ev: ABS code=1 val=1359 (slot=1)
ev: SYN code=0
cnt=2 s0=fng (3204,1359) s1=PALM(2866,2280) [filtered=86]
ev: ABS code=47 val=0 (slot=1)
ev: ABS code=53 val=3175 (slot=0)
ev: ABS code=54 val=1357 (slot=0)
ev: ABS code=47 val=1 (slot=0)
ev: ABS code=53 val=2837 (slot=1)
ev: ABS code=54 val=2281 (slot=1)
ev: ABS code=0 val=3175 (slot=1)
ev: ABS code=1 val=1357 (slot=1)
ev: SYN code=0
cnt=2 s0=fng (3175,1357) s1=PALM(2837,2281) [filtered=87]
ev: ABS code=47 val=0 (slot=1)
ev: ABS code=53 val=3146 (slot=0)
ev: ABS code=54 val=1355 (slot=0)
ev: ABS code=47 val=1 (slot=0)
ev: ABS code=53 val=2808 (slot=1)
ev: ABS code=54 val=2283 (slot=1)
ev: ABS code=0 val=3146 (slot=1)
ev: ABS code=1 val=1355 (slot=1)
ev: SYN code=0
cnt=2 s0=fng (3146,1355) s1=PALM(2808,2283) [filtered=88]
ev: ABS code=47 val=0 (slot=1)
ev: ABS code=53 val=3118 (slot=0)
ev: ABS code=54 val=1354 (slot=0)
ev: ABS code=47 val=1 (slot=0)
ev: ABS code=53 val=2780 (slot=1)
ev: ABS code=54 val=2284 (slot=1)
ev: ABS code=0 val=3118 (slot=1)
ev: ABS code=1 val=1354 (slot=1)
ev: SYN code=0
cnt=2 s0=fng (3118,1354) s1=PALM(2780,2284) [filtered=89]
ev: ABS code=47 val=0 (slot=1)
ev: ABS code=53 val=3089 (slot=0)
ev: ABS code=54 val=1353 (slot=0)
ev: ABS code=47 val=1 (slot=0)
ev: ABS code=53 val=2751 (slot=1)
ev: ABS code=54 val=2285 (slot=1)
ev: ABS code=0 val=3089 (slot=1)
ev: ABS code=1 val=1353 (slot=1)
ev: SYN code=0
cnt=2 s0=fng (3089,1353) s1=PALM(2751,2285) [filtered=90]
ev: ABS code=47 val=0 (slot=1)
ev: ABS code=53 val=3060 (slot=0)
ev: ABS code=54 val=1351 (slot=0)
ev: ABS code=47 val=1 (slot=0)
ev: ABS code=53 val=2722 (slot=1)
ev: ABS code=54 val=2287 (slot=1)
ev: ABS code=0 val=3060 (slot=1)
ev: ABS code=1 val=1351 (slot=1)
ev: SYN code=0
cnt=2 s0=fng (3060,1351) s1=PALM(2722,2287) [filtered=91]
ev: ABS code=47 val=0 (slot=1)
ev: ABS code=53 val=3031 (slot=0)
ev: ABS code=54 val=1349 (slot=0)
ev: ABS code=47 val=1 (slot=0)
ev: ABS code=53 val=2693 (slot=1)
ev: ABS code=54 val=2289 (slot=1)
ev: ABS code=0 val=3031 (slot=1)
ev: ABS code=1 val=1349 (slot=1)
ev: SYN code=0
cnt=2 s0=fng (3031,1349) s1=PALM(2693,2289) [filtered=92]
ev: ABS code=47 val=0 (slot=1)
ev: ABS code=53 val=3003 (slot=0)
ev: ABS code=54 val=1348 (slot=0)
ev: ABS code=47 val=1 (slot=0)
ev: ABS code=53 val=2665 (slot=1)
ev: ABS code=54 val=2290 (slot=1)
ev: ABS code=0 val=3003 (slot=1)
ev: ABS code=1 val=1348 (slot=1)
ev: SYN code=0
cnt=2 s0=fng (3003,1348) s1=PALM(2665,2290) [filtered=93]
ev: ABS code=47 val=0 (slot=1)
ev: ABS code=53 val=2975 (slot=0)
ev: ABS code=54 val=1346 (slot=0)
ev: ABS code=47 val=1 (slot=0)
ev: ABS code=53 val=2637 (slot=1)
ev: ABS code=54 val=2291 (slot=1)
ev: ABS code=0 val=2975 (slot=1)
ev: ABS code=1 val=1346 (slot=1)
ev: SYN code=0
cnt=2 s0=fng (2975,1346) s1=PALM(2637,2291) [filtered=94]
ev: ABS code=47 val=0 (slot=1)
ev: ABS code=53 val=2948 (slot=0)
ev: ABS code=54 val=1344 (slot=0)
ev: ABS code=47 val=1 (slot=0)
ev: ABS code=53 val=2609 (slot=1)
ev: ABS code=54 val=2293 (slot=1)
ev: ABS code=0 val=2948 (slot=1)
ev: ABS code=1 val=1344 (slot=1)
ev: SYN code=0
cnt=2 s0=fng (2948,1344) s1=PALM(2609,2293) [filtered=95]
ev: ABS code=47 val=0 (slot=1)
ev: ABS code=53 val=2921 (slot=0)
ev: ABS code=54 val=1342 (slot=0)
ev: ABS code=47 val=1 (slot=0)
ev: ABS code=53 val=2582 (slot=1)
ev: ABS code=54 val=2295 (slot=1)
ev: ABS code=0 val=2921 (slot=1)
ev: ABS code=1 val=1342 (slot=1)
ev: SYN code=0
cnt=2 s0=fng (2921,1342) s1=PALM(2582,2295) [filtered=96]
ev: ABS code=47 val=0 (slot=1)
ev: ABS code=53 val=2895 (slot=0)
ev: ABS code=54 val=1340 (slot=0)
ev: ABS code=47 val=1 (slot=0)
ev: ABS code=53 val=2556 (slot=1)
ev: ABS code=54 val=2296 (slot=1)
ev: ABS code=0 val=2895 (slot=1)
ev: ABS code=1 val=1340 (slot=1)
ev: SYN code=0
cnt=2 s0=fng (2895,1340) s1=PALM(2556,2296) [filtered=97]
ev: ABS code=47 val=0 (slot=1)
ev: ABS code=53 val=2870 (slot=0)
ev: ABS code=54 val=1339 (slot=0)
ev: ABS code=47 val=1 (slot=0)
ev: ABS code=53 val=2531 (slot=1)
ev: ABS code=54 val=2297 (slot=1)
ev: ABS code=0 val=2870 (slot=1)
ev: ABS code=1 val=1339 (slot=1)
ev: SYN code=0
cnt=2 s0=fng (2870,1339) s1=PALM(2531,2297) [filtered=98]
ev: ABS code=47 val=0 (slot=1)
ev: ABS code=53 val=2846 (slot=0)
ev: ABS code=54 val=1337 (slot=0)
ev: ABS code=47 val=1 (slot=0)
ev: ABS code=53 val=2507 (slot=1)
ev: ABS code=54 val=2299 (slot=1)
ev: ABS code=0 val=2846 (slot=1)
ev: ABS code=1 val=1337 (slot=1)
ev: SYN code=0
cnt=2 s0=fng (2846,1337) s1=PALM(2507,2299) [filtered=99]
ev: ABS code=47 val=0 (slot=1)
ev: ABS code=53 val=2822 (slot=0)
ev: ABS code=54 val=1336 (slot=0)
ev: ABS code=47 val=1 (slot=0)
ev: ABS code=53 val=2483 (slot=1)
ev: ABS code=54 val=2301 (slot=1)
ev: ABS code=0 val=2822 (slot=1)
ev: ABS code=1 val=1336 (slot=1)
ev: SYN code=0
cnt=2 s0=fng (2822,1336) s1=PALM(2483,2301) [filtered=100]
ev: ABS code=47 val=0 (slot=1)
ev: ABS code=53 val=2798 (slot=0)
ev: ABS code=54 val=1335 (slot=0)
ev: ABS code=47 val=1 (slot=0)
ev: ABS code=53 val=2461 (slot=1)
ev: ABS code=54 val=2303 (slot=1)
ev: ABS code=0 val=2798 (slot=1)
ev: ABS code=1 val=1335 (slot=1)
ev: SYN code=0
cnt=2 s0=fng (2798,1335) s1=PALM(2461,2303) [filtered=101]
ev: ABS code=47 val=0 (slot=1)
ev: ABS code=53 val=2776 (slot=0)
ev: ABS code=54 val=1334 (slot=0)
ev: ABS code=47 val=1 (slot=0)
ev: ABS code=53 val=2440 (slot=1)
ev: ABS code=54 val=2306 (slot=1)
ev: ABS code=0 val=2776 (slot=1)
ev: ABS code=1 val=1334 (slot=1)
ev: SYN code=0
cnt=2 s0=fng (2776,1334) s1=PALM(2440,2306) [filtered=102]
ev: ABS code=47 val=0 (slot=1)
ev: ABS code=53 val=2755 (slot=0)
ev: ABS code=54 val=1333 (slot=0)
ev: ABS code=47 val=1 (slot=0)
ev: ABS code=53 val=2420 (slot=1)
ev: ABS code=54 val=2307 (slot=1)
ev: ABS code=0 val=2755 (slot=1)
ev: ABS code=1 val=1333 (slot=1)
ev: SYN code=0
cnt=2 s0=fng (2755,1333) s1=PALM(2420,2307) [filtered=103]
ev: ABS code=47 val=0 (slot=1)
ev: ABS code=53 val=2736 (slot=0)
ev: ABS code=47 val=1 (slot=0)
ev: ABS code=53 val=2402 (slot=1)
ev: ABS code=54 val=2308 (slot=1)
ev: ABS code=0 val=2736 (slot=1)
ev: SYN code=0
cnt=2 s0=fng (2736,1333) s1=PALM(2402,2308) [filtered=104]
ev: ABS code=53 val=2394 (slot=1)
ev: ABS code=54 val=2309 (slot=1)
ev: ABS code=47 val=0 (slot=1)
ev: ABS code=57 val=-1 (slot=0)
ev: KEY code=0x145 val=1
ev: KEY code=0x14d val=0
ev: ABS code=0 val=2394 (slot=0)
ev: ABS code=1 val=2309 (slot=0)
ev: SYN code=0
cnt=1 s1=fng (2394,2309) [filtered=104]
ev: ABS code=47 val=1 (slot=0)
ev: ABS code=53 val=2382 (slot=1)
ev: ABS code=54 val=2310 (slot=1)
ev: ABS code=0 val=2382 (slot=1)
ev: ABS code=1 val=2310 (slot=1)
ev: SYN code=0
cnt=1 s1=fng (2382,2310) [filtered=104]
ev: ABS code=57 val=-1 (slot=1)
ev: KEY code=0x14a val=0
ev: KEY code=0x145 val=0
ev: SYN code=0
ev: ABS code=47 val=0 (slot=1)
ev: ABS code=57 val=102 (slot=0)
ev: ABS code=53 val=3232 (slot=0)
ev: ABS code=54 val=1837 (slot=0)
ev: KEY code=0x14a val=1
ev: KEY code=0x145 val=1
ev: ABS code=0 val=3232 (slot=0)
ev: ABS code=1 val=1837 (slot=0)
ev: SYN code=0
cnt=1 s0=fng (3232,1837) [filtered=104]
ev: SYN code=0
cnt=1 s0=fng (3232,1837) [filtered=104]
ev: ABS code=54 val=1836 (slot=0)
ev: ABS code=1 val=1836 (slot=0)
ev: SYN code=0
cnt=1 s0=fng (3232,1836) [filtered=104]
ev: ABS code=54 val=1835 (slot=0)
ev: ABS code=1 val=1835 (slot=0)
ev: SYN code=0
cnt=1 s0=fng (3232,1835) [filtered=104]
ev: ABS code=54 val=1834 (slot=0)
ev: ABS code=47 val=1 (slot=0)
ev: ABS code=57 val=103 (slot=1)
ev: ABS code=53 val=2547 (slot=1)
ev: ABS code=54 val=2083 (slot=1)
ev: KEY code=0x145 val=0
ev: KEY code=0x14d val=1
ev: ABS code=1 val=1834 (slot=1)
ev: SYN code=0
cnt=2 s0=fng (3232,1834) s1=PALM(2547,2083) [filtered=105]
ev: ABS code=47 val=0 (slot=1)
ev: ABS code=54 val=1833 (slot=0)
ev: ABS code=47 val=1 (slot=0)
ev: ABS code=54 val=2082 (slot=1)
ev: ABS code=1 val=1833 (slot=1)
ev: SYN code=0
cnt=2 s0=fng (3232,1833) s1=PALM(2547,2082) [filtered=106]
ev: ABS code=47 val=0 (slot=1)
ev: ABS code=54 val=1831 (slot=0)
ev: ABS code=47 val=1 (slot=0)
ev: ABS code=53 val=2546 (slot=1)
ev: ABS code=54 val=2081 (slot=1)
ev: ABS code=1 val=1831 (slot=1)
ev: SYN code=0
cnt=2 s0=fng (3232,1831) s1=PALM(2546,2081) [filtered=107]
ev: ABS code=47 val=0 (slot=1)
ev: ABS code=54 val=1828 (slot=0)
ev: ABS code=47 val=1 (slot=0)
ev: ABS code=54 val=2080 (slot=1)
ev: ABS code=1 val=1828 (slot=1)
ev: SYN code=0
cnt=2 s0=fng (3232,1828) s1=PALM(2546,2080) [filtered=108]
ev: ABS code=47 val=0 (slot=1)
ev: ABS code=54 val=1827 (slot=0)
ev: ABS code=1 val=1827 (slot=0)
ev: SYN code=0
cnt=2 s0=fng (3232,1827) s1=PALM(2546,2080) [filtered=109]
ev: ABS code=54 val=1824 (slot=0)
ev: ABS code=47 val=1 (slot=0)
ev: ABS code=53 val=2545 (slot=1)
ev: ABS code=54 val=2079 (slot=1)
ev: ABS code=1 val=1824 (slot=1)
ev: SYN code=0
cnt=2 s0=fng (3232,1824) s1=PALM(2545,2079) [filtered=110]
ev: ABS code=47 val=0 (slot=1)
ev: ABS code=54 val=1820 (slot=0)
ev: ABS code=47 val=1 (slot=0)
ev: ABS code=54 val=2077 (slot=1)
ev: ABS code=1 val=1820 (slot=1)
ev: SYN code=0
cnt=2 s0=fng (3232,1820) s1=PALM(2545,2077) [filtered=111]
ev: ABS code=47 val=0 (slot=1)
ev: ABS code=53 val=3233 (slot=0)
ev: ABS code=54 val=1814 (slot=0)
ev: ABS code=47 val=1 (slot=0)
ev: ABS code=53 val=2544 (slot=1)
ev: ABS code=54 val=2074 (slot=1)
ev: ABS code=0 val=3233 (slot=1)
ev: ABS code=1 val=1814 (slot=1)
ev: SYN code=0
cnt=2 s0=fng (3233,1814) s1=PALM(2544,2074) [filtered=112]
ev: ABS code=47 val=0 (slot=1)
ev: ABS code=53 val=3234 (slot=0)
ev: ABS code=54 val=1808 (slot=0)
ev: ABS code=47 val=1 (slot=0)
ev: ABS code=54 val=2073 (slot=1)
ev: ABS code=0 val=3234 (slot=1)
ev: ABS code=1 val=1808 (slot=1)
ev: SYN code=0
cnt=2 s0=fng (3234,1808) s1=PALM(2544,2073) [filtered=113]
ev: ABS code=47 val=0 (slot=1)
ev: ABS code=53 val=3236 (slot=0)
ev: ABS code=54 val=1799 (slot=0)
ev: ABS code=47 val=1 (slot=0)
ev: ABS code=54 val=2070 (slot=1)
ev: ABS code=0 val=3236 (slot=1)
ev: ABS code=1 val=1799 (slot=1)
ev: SYN code=0
cnt=2 s0=fng (3236,1799) s1=PALM(2544,2070) [filtered=114]
ev: ABS code=47 val=0 (slot=1)
ev: ABS code=53 val=3239 (slot=0)
ev: ABS code=54 val=1789 (slot=0)
ev: ABS code=47 val=1 (slot=0)
ev: ABS code=54 val=2063 (slot=1)
ev: ABS code=0 val=3239 (slot=1)
ev: ABS code=1 val=1789 (slot=1)
ev: SYN code=0
cnt=2 s0=fng (3239,1789) s1=PALM(2544,2063) [filtered=115]
ev: ABS code=47 val=0 (slot=1)
ev: ABS code=53 val=3243 (slot=0)
ev: ABS code=54 val=1776 (slot=0)
ev: ABS code=47 val=1 (slot=0)
ev: ABS code=54 val=2053 (slot=1)
ev: ABS code=0 val=3243 (slot=1)
ev: ABS code=1 val=1776 (slot=1)
ev: SYN code=0
cnt=2 s0=fng (3243,1776) s1=PALM(2544,2053) [filtered=116]
ev: ABS code=47 val=0 (slot=1)
ev: ABS code=53 val=3248 (slot=0)
ev: ABS code=54 val=1761 (slot=0)
ev: ABS code=47 val=1 (slot=0)
ev: ABS code=53 val=2545 (slot=1)
ev: ABS code=54 val=2040 (slot=1)
ev: ABS code=0 val=3248 (slot=1)
ev: ABS code=1 val=1761 (slot=1)
ev: SYN code=0
cnt=2 s0=fng (3248,1761) s1=PALM(2545,2040) [filtered=117]
ev: ABS code=47 val=0 (slot=1)
ev: ABS code=53 val=3252 (slot=0)
ev: ABS code=54 val=1747 (slot=0)
ev: ABS code=47 val=1 (slot=0)
ev: ABS code=54 val=2028 (slot=1)
ev: ABS code=0 val=3252 (slot=1)
ev: ABS code=1 val=1747 (slot=1)
ev: SYN code=0
cnt=2 s0=fng (3252,1747) s1=PALM(2545,2028) [filtered=118]
ev: ABS code=47 val=0 (slot=1)
ev: ABS code=53 val=3257 (slot=0)
ev: ABS code=54 val=1731 (slot=0)
ev: ABS code=47 val=1 (slot=0)
ev: ABS code=53 val=2546 (slot=1)
ev: ABS code=54 val=2014 (slot=1)
ev: ABS code=0 val=3257 (slot=1)
ev: ABS code=1 val=1731 (slot=1)
ev: SYN code=0
cnt=2 s0=fng (3257,1731) s1=PALM(2546,2014) [filtered=119]
ev: ABS code=47 val=0 (slot=1)
ev: ABS code=53 val=3263 (slot=0)
ev: ABS code=54 val=1714 (slot=0)
ev: ABS code=47 val=1 (slot=0)
ev: ABS code=53 val=2547 (slot=1)
ev: ABS code=54 val=1997 (slot=1)
ev: ABS code=0 val=3263 (slot=1)
ev: ABS code=1 val=1714 (slot=1)
ev: SYN code=0
cnt=2 s0=fng (3263,1714) s1=PALM(2547,1997) [filtered=120]
ev: ABS code=47 val=0 (slot=1)
ev: ABS code=53 val=3270 (slot=0)
ev: ABS code=54 val=1694 (slot=0)
ev: ABS code=47 val=1 (slot=0)
ev: ABS code=53 val=2549 (slot=1)
ev: ABS code=54 val=1978 (slot=1)
ev: ABS code=0 val=3270 (slot=1)
ev: ABS code=1 val=1694 (slot=1)
ev: SYN code=0
cnt=2 s0=fng (3270,1694) s1=PALM(2549,1978) [filtered=121]
ev: ABS code=47 val=0 (slot=1)
ev: ABS code=53 val=3278 (slot=0)
ev: ABS code=54 val=1671 (slot=0)
ev: ABS code=47 val=1 (slot=0)
ev: ABS code=53 val=2553 (slot=1)
ev: ABS code=54 val=1956 (slot=1)
ev: ABS code=0 val=3278 (slot=1)
ev: ABS code=1 val=1671 (slot=1)
ev: SYN code=0
cnt=2 s0=fng (3278,1671) s1=PALM(2553,1956) [filtered=122]
ev: ABS code=47 val=0 (slot=1)
ev: ABS code=53 val=3285 (slot=0)
ev: ABS code=54 val=1649 (slot=0)
ev: ABS code=47 val=1 (slot=0)
ev: ABS code=53 val=2555 (slot=1)
ev: ABS code=54 val=1935 (slot=1)
ev: ABS code=0 val=3285 (slot=1)
ev: ABS code=1 val=1649 (slot=1)
ev: SYN code=0
cnt=2 s0=fng (3285,1649) s1=PALM(2555,1935) [filtered=123]
ev: ABS code=47 val=0 (slot=1)
ev: ABS code=53 val=3294 (slot=0)
ev: ABS code=54 val=1624 (slot=0)
ev: ABS code=47 val=1 (slot=0)
ev: ABS code=53 val=2559 (slot=1)
ev: ABS code=54 val=1911 (slot=1)
ev: ABS code=0 val=3294 (slot=1)
ev: ABS code=1 val=1624 (slot=1)
ev: SYN code=0
cnt=2 s0=fng (3294,1624) s1=PALM(2559,1911) [filtered=124]
ev: ABS code=47 val=0 (slot=1)
ev: ABS code=53 val=3304 (slot=0)
ev: ABS code=54 val=1597 (slot=0)
ev: ABS code=47 val=1 (slot=0)
ev: ABS code=53 val=2564 (slot=1)
ev: ABS code=54 val=1884 (slot=1)
ev: ABS code=0 val=3304 (slot=1)
ev: ABS code=1 val=1597 (slot=1)
ev: SYN code=0
cnt=2 s0=fng (3304,1597) s1=fng (2564,1884) [filtered=124]
ev: ABS code=47 val=0 (slot=1)
ev: ABS code=53 val=3315 (slot=0)
ev: ABS code=54 val=1568 (slot=0)
ev: ABS code=47 val=1 (slot=0)
ev: ABS code=53 val=2570 (slot=1)
ev: ABS code=54 val=1854 (slot=1)
ev: ABS code=0 val=3315 (slot=1)
ev: ABS code=1 val=1568 (slot=1)
ev: SYN code=0
cnt=2 s0=fng (3315,1568) s1=fng (2570,1854) [filtered=124]
ev: ABS code=47 val=0 (slot=1)
ev: ABS code=53 val=3326 (slot=0)
ev: ABS code=54 val=1539 (slot=0)
ev: ABS code=47 val=1 (slot=0)
ev: ABS code=53 val=2575 (slot=1)
ev: ABS code=54 val=1824 (slot=1)
ev: ABS code=0 val=3326 (slot=1)
ev: ABS code=1 val=1539 (slot=1)
ev: SYN code=0
cnt=2 s0=fng (3326,1539) s1=fng (2575,1824) [filtered=124]
ev: ABS code=47 val=0 (slot=1)
ev: ABS code=53 val=3338 (slot=0)
ev: ABS code=54 val=1510 (slot=0)
ev: ABS code=47 val=1 (slot=0)
ev: ABS code=53 val=2582 (slot=1)
ev: ABS code=54 val=1790 (slot=1)
ev: ABS code=0 val=3338 (slot=1)
ev: ABS code=1 val=1510 (slot=1)
ev: SYN code=0
cnt=2 s0=fng (3338,1510) s1=fng (2582,1790) [filtered=124]
ev: ABS code=47 val=0 (slot=1)
ev: ABS code=53 val=3351 (slot=0)
ev: ABS code=54 val=1479 (slot=0)
ev: ABS code=47 val=1 (slot=0)
ev: ABS code=53 val=2590 (slot=1)
ev: ABS code=54 val=1754 (slot=1)
ev: ABS code=0 val=3351 (slot=1)
ev: ABS code=1 val=1479 (slot=1)
ev: SYN code=0
cnt=2 s0=fng (3351,1479) s1=fng (2590,1754) [filtered=124]
ev: ABS code=47 val=0 (slot=1)
ev: ABS code=53 val=3364 (slot=0)
ev: ABS code=54 val=1446 (slot=0)
ev: ABS code=47 val=1 (slot=0)
ev: ABS code=53 val=2599 (slot=1)
ev: ABS code=54 val=1716 (slot=1)
ev: ABS code=0 val=3364 (slot=1)
ev: ABS code=1 val=1446 (slot=1)
ev: SYN code=0
cnt=2 s0=fng (3364,1446) s1=fng (2599,1716) [filtered=124]
ev: ABS code=47 val=0 (slot=1)
ev: ABS code=53 val=3377 (slot=0)
ev: ABS code=54 val=1413 (slot=0)
ev: ABS code=47 val=1 (slot=0)
ev: ABS code=53 val=2609 (slot=1)
ev: ABS code=54 val=1677 (slot=1)
ev: ABS code=0 val=3377 (slot=1)
ev: ABS code=1 val=1413 (slot=1)
ev: SYN code=0
cnt=2 s0=fng (3377,1413) s1=fng (2609,1677) [filtered=124]
ev: ABS code=47 val=0 (slot=1)
ev: ABS code=53 val=3390 (slot=0)
ev: ABS code=54 val=1380 (slot=0)
ev: ABS code=47 val=1 (slot=0)
ev: ABS code=53 val=2618 (slot=1)
ev: ABS code=54 val=1638 (slot=1)
ev: ABS code=0 val=3390 (slot=1)
ev: ABS code=1 val=1380 (slot=1)
ev: SYN code=0
cnt=2 s0=fng (3390,1380) s1=fng (2618,1638) [filtered=124]
ev: ABS code=47 val=0 (slot=1)
ev: ABS code=53 val=3404 (slot=0)
ev: ABS code=54 val=1347 (slot=0)
ev: ABS code=47 val=1 (slot=0)
ev: ABS code=53 val=2628 (slot=1)
ev: ABS code=54 val=1599 (slot=1)
ev: ABS code=0 val=3404 (slot=1)
ev: ABS code=1 val=1347 (slot=1)
ev: SYN code=0
cnt=2 s0=fng (3404,1347) s1=fng (2628,1599) [filtered=124]
ev: ABS code=47 val=0 (slot=1)
ev: ABS code=53 val=3418 (slot=0)
ev: ABS code=54 val=1314 (slot=0)
ev: ABS code=47 val=1 (slot=0)
ev: ABS code=53 val=2639 (slot=1)
ev: ABS code=54 val=1560 (slot=1)
ev: ABS code=0 val=3418 (slot=1)
ev: ABS code=1 val=1314 (slot=1)
ev: SYN code=0
cnt=2 s0=fng (3418,1314) s1=fng (2639,1560) [filtered=124]
ev: ABS code=47 val=0 (slot=1)
ev: ABS code=53 val=3432 (slot=0)
ev: ABS code=54 val=1281 (slot=0)
ev: ABS code=47 val=1 (slot=0)
ev: ABS code=53 val=2650 (slot=1)
ev: ABS code=54 val=1521 (slot=1)
ev: ABS code=0 val=3432 (slot=1)
ev: ABS code=1 val=1281 (slot=1)
ev: SYN code=0
cnt=2 s0=fng (3432,1281) s1=fng (2650,1521) [filtered=124]
ev: ABS code=47 val=0 (slot=1)
ev: ABS code=53 val=3445 (slot=0)
ev: ABS code=54 val=1249 (slot=0)
ev: ABS code=47 val=1 (slot=0)
ev: ABS code=53 val=2660 (slot=1)
ev: ABS code=54 val=1482 (slot=1)
ev: ABS code=0 val=3445 (slot=1)
ev: ABS code=1 val=1249 (slot=1)
ev: SYN code=0
cnt=2 s0=fng (3445,1249) s1=fng (2660,1482) [filtered=124]
ev: ABS code=47 val=0 (slot=1)
ev: ABS code=53 val=3459 (slot=0)
ev: ABS code=54 val=1217 (slot=0)
ev: ABS code=47 val=1 (slot=0)
ev: ABS code=53 val=2671 (slot=1)
ev: ABS code=54 val=1444 (slot=1)
ev: ABS code=0 val=3459 (slot=1)
ev: ABS code=1 val=1217 (slot=1)
ev: SYN code=0
cnt=2 s0=fng (3459,1217) s1=fng (2671,1444) [filtered=124]
ev: ABS code=47 val=0 (slot=1)
ev: ABS code=53 val=3472 (slot=0)
ev: ABS code=54 val=1186 (slot=0)
ev: ABS code=47 val=1 (slot=0)
ev: ABS code=53 val=2682 (slot=1)
ev: ABS code=54 val=1407 (slot=1)
ev: ABS code=0 val=3472 (slot=1)
ev: ABS code=1 val=1186 (slot=1)
ev: SYN code=0
cnt=2 s0=fng (3472,1186) s1=fng (2682,1407) [filtered=124]
ev: ABS code=47 val=0 (slot=1)
ev: ABS code=53 val=3485 (slot=0)
ev: ABS code=54 val=1156 (slot=0)
ev: ABS code=47 val=1 (slot=0)
ev: ABS code=53 val=2692 (slot=1)
ev: ABS code=54 val=1371 (slot=1)
ev: ABS code=0 val=3485 (slot=1)
ev: ABS code=1 val=1156 (slot=1)
ev: SYN code=0
cnt=2 s0=fng (3485,1156) s1=fng (2692,1371) [filtered=124]
ev: ABS code=47 val=0 (slot=1)
ev: ABS code=53 val=3498 (slot=0)
ev: ABS code=54 val=1126 (slot=0)
ev: ABS code=47 val=1 (slot=0)
ev: ABS code=53 val=2702 (slot=1)
ev: ABS code=54 val=1336 (slot=1)
ev: ABS code=0 val=3498 (slot=1)
ev: ABS code=1 val=1126 (slot=1)
ev: SYN code=0
cnt=2 s0=fng (3498,1126) s1=fng (2702,1336) [filtered=124]
ev: ABS code=47 val=0 (slot=1)
ev: ABS code=53 val=3510 (slot=0)
ev: ABS code=54 val=1097 (slot=0)
ev: ABS code=47 val=1 (slot=0)
ev: ABS code=53 val=2711 (slot=1)
ev: ABS code=54 val=1302 (slot=1)
ev: ABS code=0 val=3510 (slot=1)
ev: ABS code=1 val=1097 (slot=1)
ev: SYN code=0
cnt=2 s0=fng (3510,1097) s1=fng (2711,1302) [filtered=124]
ev: ABS code=47 val=0 (slot=1)
ev: ABS code=53 val=3523 (slot=0)
ev: ABS code=54 val=1068 (slot=0)
ev: ABS code=47 val=1 (slot=0)
ev: ABS code=53 val=2720 (slot=1)
ev: ABS code=54 val=1269 (slot=1)
ev: ABS code=0 val=3523 (slot=1)
ev: ABS code=1 val=1068 (slot=1)
ev: SYN code=0
cnt=2 s0=fng (3523,1068) s1=fng (2720,1269) [filtered=124]
ev: ABS code=47 val=0 (slot=1)
ev: ABS code=53 val=3535 (slot=0)
ev: ABS code=54 val=1040 (slot=0)
ev: ABS code=47 val=1 (slot=0)
ev: ABS code=53 val=2729 (slot=1)
ev: ABS code=54 val=1237 (slot=1)
ev: ABS code=0 val=3535 (slot=1)
ev: ABS code=1 val=1040 (slot=1)
ev: SYN code=0
cnt=2 s0=fng (3535,1040) s1=fng (2729,1237) [filtered=124]
ev: ABS code=47 val=0 (slot=1)
ev: ABS code=53 val=3546 (slot=0)
ev: ABS code=54 val=1014 (slot=0)
ev: ABS code=47 val=1 (slot=0)
ev: ABS code=53 val=2738 (slot=1)
ev: ABS code=54 val=1207 (slot=1)
ev: ABS code=0 val=3546 (slot=1)
ev: ABS code=1 val=1014 (slot=1)
ev: SYN code=0
cnt=2 s0=fng (3546,1014) s1=fng (2738,1207) [filtered=124]
ev: ABS code=47 val=0 (slot=1)
ev: ABS code=53 val=3556 (slot=0)
ev: ABS code=54 val=989 (slot=0)
ev: ABS code=47 val=1 (slot=0)
ev: ABS code=53 val=2746 (slot=1)
ev: ABS code=54 val=1179 (slot=1)
ev: ABS code=0 val=3556 (slot=1)
ev: ABS code=1 val=989 (slot=1)
ev: SYN code=0
cnt=2 s0=fng (3556,989) s1=fng (2746,1179) [filtered=124]
ev: ABS code=47 val=0 (slot=1)
ev: ABS code=53 val=3565 (slot=0)
ev: ABS code=54 val=965 (slot=0)
ev: ABS code=47 val=1 (slot=0)
ev: ABS code=53 val=2753 (slot=1)
ev: ABS code=54 val=1152 (slot=1)
ev: ABS code=0 val=3565 (slot=1)
ev: ABS code=1 val=965 (slot=1)
ev: SYN code=0
cnt=2 s0=fng (3565,965) s1=fng (2753,1152) [filtered=124]
ev: ABS code=47 val=0 (slot=1)
ev: ABS code=53 val=3573 (slot=0)
ev: ABS code=54 val=944 (slot=0)
ev: ABS code=47 val=1 (slot=0)
ev: ABS code=53 val=2760 (slot=1)
ev: ABS code=54 val=1128 (slot=1)
ev: ABS code=0 val=3573 (slot=1)
ev: ABS code=1 val=944 (slot=1)
ev: SYN code=0
cnt=2 s0=fng (3573,944) s1=fng (2760,1128) [filtered=124]
ev: ABS code=47 val=0 (slot=1)
ev: ABS code=53 val=3582 (slot=0)
ev: ABS code=54 val=924 (slot=0)
ev: ABS code=47 val=1 (slot=0)
ev: ABS code=53 val=2766 (slot=1)
ev: ABS code=54 val=1104 (slot=1)
ev: ABS code=0 val=3582 (slot=1)
ev: ABS code=1 val=924 (slot=1)
ev: SYN code=0
cnt=2 s0=fng (3582,924) s1=fng (2766,1104) [filtered=124]
ev: ABS code=47 val=0 (slot=1)
ev: ABS code=53 val=3589 (slot=0)
ev: ABS code=54 val=905 (slot=0)
ev: ABS code=47 val=1 (slot=0)
ev: ABS code=53 val=2771 (slot=1)
ev: ABS code=54 val=1082 (slot=1)
ev: ABS code=0 val=3589 (slot=1)
ev: ABS code=1 val=905 (slot=1)
ev: SYN code=0
cnt=2 s0=fng (3589,905) s1=fng (2771,1082) [filtered=124]
ev: ABS code=47 val=0 (slot=1)
ev: ABS code=53 val=3596 (slot=0)
ev: ABS code=54 val=888 (slot=0)
ev: ABS code=47 val=1 (slot=0)
ev: ABS code=53 val=2776 (slot=1)
ev: ABS code=54 val=1063 (slot=1)
ev: ABS code=0 val=3596 (slot=1)
ev: ABS code=1 val=888 (slot=1)
ev: SYN code=0
cnt=2 s0=fng (3596,888) s1=fng (2776,1063) [filtered=124]
ev: ABS code=47 val=0 (slot=1)
ev: ABS code=53 val=3602 (slot=0)
ev: ABS code=54 val=872 (slot=0)
ev: ABS code=47 val=1 (slot=0)
ev: ABS code=53 val=2780 (slot=1)
ev: ABS code=54 val=1045 (slot=1)
ev: ABS code=0 val=3602 (slot=1)
ev: ABS code=1 val=872 (slot=1)
ev: SYN code=0
cnt=2 s0=fng (3602,872) s1=fng (2780,1045) [filtered=124]
ev: ABS code=47 val=0 (slot=1)
ev: ABS code=53 val=3607 (slot=0)
ev: ABS code=54 val=857 (slot=0)
ev: ABS code=47 val=1 (slot=0)
ev: ABS code=53 val=2784 (slot=1)
ev: ABS code=54 val=1029 (slot=1)
ev: ABS code=0 val=3607 (slot=1)
ev: ABS code=1 val=857 (slot=1)
ev: SYN code=0
cnt=2 s0=fng (3607,857) s1=fng (2784,1029) [filtered=124]
ev: ABS code=47 val=0 (slot=1)
ev: ABS code=53 val=3611 (slot=0)
ev: ABS code=54 val=844 (slot=0)
ev: ABS code=47 val=1 (slot=0)
ev: ABS code=53 val=2788 (slot=1)
ev: ABS code=54 val=1016 (slot=1)
ev: ABS code=0 val=3611 (slot=1)
ev: ABS code=1 val=844 (slot=1)
ev: SYN code=0
cnt=2 s0=fng (3611,844) s1=fng (2788,1016) [filtered=124]
ev: ABS code=47 val=0 (slot=1)
ev: ABS code=53 val=3616 (slot=0)
ev: ABS code=54 val=833 (slot=0)
ev: ABS code=47 val=1 (slot=0)
ev: ABS code=53 val=2791 (slot=1)
ev: ABS code=54 val=1005 (slot=1)
ev: ABS code=0 val=3616 (slot=1)
ev: ABS code=1 val=833 (slot=1)
ev: SYN code=0
cnt=2 s0=fng (3616,833) s1=fng (2791,1005) [filtered=124]
ev: ABS code=47 val=0 (slot=1)
ev: ABS code=53 val=3620 (slot=0)
ev: ABS code=54 val=822 (slot=0)
ev: ABS code=47 val=1 (slot=0)
ev: ABS code=53 val=2793 (slot=1)
ev: ABS code=54 val=994 (slot=1)
ev: ABS code=0 val=3620 (slot=1)
ev: ABS code=1 val=822 (slot=1)
ev: SYN code=0
cnt=2 s0=fng (3620,822) s1=fng (2793,994) [filtered=124]
ev: ABS code=47 val=0 (slot=1)
ev: ABS code=53 val=3623 (slot=0)
ev: ABS code=54 val=813 (slot=0)
ev: ABS code=47 val=1 (slot=0)
ev: ABS code=53 val=2795 (slot=1)
ev: ABS code=54 val=985 (slot=1)
ev: ABS code=0 val=3623 (slot=1)
ev: ABS code=1 val=813 (slot=1)
ev: SYN code=0
cnt=2 s0=fng (3623,813) s1=fng (2795,985) [filtered=124]
ev: ABS code=47 val=0 (slot=1)
ev: ABS code=53 val=3625 (slot=0)
ev: ABS code=54 val=805 (slot=0)
ev: ABS code=47 val=1 (slot=0)
ev: ABS code=53 val=2796 (slot=1)
ev: ABS code=54 val=977 (slot=1)
ev: ABS code=0 val=3625 (slot=1)
ev: ABS code=1 val=805 (slot=1)
ev: SYN code=0
cnt=2 s0=fng (3625,805) s1=fng (2796,977) [filtered=124]
ev: ABS code=47 val=0 (slot=1)
ev: ABS code=53 val=3627 (slot=0)
ev: ABS code=54 val=799 (slot=0)
ev: ABS code=47 val=1 (slot=0)
ev: ABS code=53 val=2798 (slot=1)
ev: ABS code=54 val=971 (slot=1)
ev: ABS code=0 val=3627 (slot=1)
ev: ABS code=1 val=799 (slot=1)
ev: SYN code=0
cnt=2 s0=fng (3627,799) s1=fng (2798,971) [filtered=124]
ev: ABS code=47 val=0 (slot=1)
ev: ABS code=53 val=3628 (slot=0)
ev: ABS code=54 val=795 (slot=0)
ev: ABS code=47 val=1 (slot=0)
ev: ABS code=53 val=2800 (slot=1)
ev: ABS code=54 val=966 (slot=1)
ev: ABS code=0 val=3628 (slot=1)
ev: ABS code=1 val=795 (slot=1)
ev: SYN code=0
cnt=2 s0=fng (3628,795) s1=fng (2800,966) [filtered=124]
ev: ABS code=47 val=0 (slot=1)
ev: ABS code=54 val=791 (slot=0)
ev: ABS code=47 val=1 (slot=0)
ev: ABS code=53 val=2801 (slot=1)
ev: ABS code=54 val=961 (slot=1)
ev: ABS code=1 val=791 (slot=1)
ev: SYN code=0
cnt=2 s0=fng (3628,791) s1=fng (2801,961) [filtered=124]
ev: ABS code=47 val=0 (slot=1)
ev: ABS code=53 val=3629 (slot=0)
ev: ABS code=54 val=787 (slot=0)
ev: ABS code=47 val=1 (slot=0)
ev: ABS code=53 val=2802 (slot=1)
ev: ABS code=54 val=957 (slot=1)
ev: ABS code=0 val=3629 (slot=1)
ev: ABS code=1 val=787 (slot=1)
ev: SYN code=0
cnt=2 s0=fng (3629,787) s1=fng (2802,957) [filtered=124]
ev: ABS code=47 val=0 (slot=1)
ev: ABS code=53 val=3630 (slot=0)
ev: ABS code=54 val=784 (slot=0)
ev: ABS code=47 val=1 (slot=0)
ev: ABS code=53 val=2803 (slot=1)
ev: ABS code=54 val=953 (slot=1)
ev: ABS code=0 val=3630 (slot=1)
ev: ABS code=1 val=784 (slot=1)
ev: SYN code=0
cnt=2 s0=fng (3630,784) s1=fng (2803,953) [filtered=124]
ev: ABS code=47 val=0 (slot=1)
ev: ABS code=53 val=3631 (slot=0)
ev: ABS code=54 val=782 (slot=0)
ev: ABS code=47 val=1 (slot=0)
ev: ABS code=53 val=2804 (slot=1)
ev: ABS code=54 val=950 (slot=1)
ev: ABS code=0 val=3631 (slot=1)
ev: ABS code=1 val=782 (slot=1)
ev: SYN code=0
cnt=2 s0=fng (3631,782) s1=fng (2804,950) [filtered=124]
ev: ABS code=47 val=0 (slot=1)
ev: ABS code=53 val=3633 (slot=0)
ev: ABS code=54 val=781 (slot=0)
ev: ABS code=47 val=1 (slot=0)
ev: ABS code=53 val=2805 (slot=1)
ev: ABS code=54 val=948 (slot=1)
ev: ABS code=0 val=3633 (slot=1)
ev: ABS code=1 val=781 (slot=1)
ev: SYN code=0
cnt=2 s0=fng (3633,781) s1=fng (2805,948) [filtered=124]
ev: ABS code=47 val=0 (slot=1)
ev: ABS code=53 val=3634 (slot=0)
ev: ABS code=54 val=780 (slot=0)
ev: ABS code=47 val=1 (slot=0)
ev: ABS code=53 val=2806 (slot=1)
ev: ABS code=54 val=946 (slot=1)
ev: ABS code=0 val=3634 (slot=1)
ev: ABS code=1 val=780 (slot=1)
ev: SYN code=0
cnt=2 s0=fng (3634,780) s1=fng (2806,946) [filtered=124]
ev: ABS code=47 val=0 (slot=1)
ev: ABS code=54 val=779 (slot=0)
ev: ABS code=47 val=1 (slot=0)
ev: ABS code=54 val=945 (slot=1)
ev: ABS code=1 val=779 (slot=1)
ev: SYN code=0
cnt=2 s0=fng (3634,779) s1=fng (2806,945) [filtered=124]
ev: ABS code=53 val=2807 (slot=1)
ev: ABS code=54 val=944 (slot=1)
ev: SYN code=0
cnt=2 s0=fng (3634,779) s1=fng (2807,944) [filtered=124]
ev: ABS code=47 val=0 (slot=1)
ev: ABS code=53 val=3635 (slot=0)
ev: ABS code=0 val=3635 (slot=0)
ev: SYN code=0
cnt=2 s0=fng (3635,779) s1=fng (2807,944) [filtered=124]
ev: SYN code=0
cnt=2 s0=fng (3635,779) s1=fng (2807,944) [filtered=124]
ev: ABS code=47 val=1 (slot=0)
ev: ABS code=53 val=2808 (slot=1)
ev: SYN code=0
cnt=2 s0=fng (3635,779) s1=fng (2808,944) [filtered=124]
ev: SYN code=0
cnt=2 s0=fng (3635,779) s1=fng (2808,944) [filtered=124]
ev: SYN code=0
cnt=2 s0=fng (3635,779) s1=fng (2808,944) [filtered=124]
ev: SYN code=0
cnt=2 s0=fng (3635,779) s1=fng (2808,944) [filtered=124]
ev: SYN code=0
cnt=2 s0=fng (3635,779) s1=fng (2808,944) [filtered=124]
ev: SYN code=0
cnt=2 s0=fng (3635,779) s1=fng (2808,944) [filtered=124]
ev: SYN code=0
cnt=2 s0=fng (3635,779) s1=fng (2808,944) [filtered=124]
ev: SYN code=0
cnt=2 s0=fng (3635,779) s1=fng (2808,944) [filtered=124]
ev: ABS code=47 val=0 (slot=1)
ev: ABS code=54 val=782 (slot=0)
ev: ABS code=1 val=782 (slot=0)
ev: SYN code=0
cnt=2 s0=fng (3635,782) s1=fng (2808,944) [filtered=124]
ev: ABS code=54 val=785 (slot=0)
ev: ABS code=1 val=785 (slot=0)
ev: SYN code=0
cnt=2 s0=fng (3635,785) s1=fng (2808,944) [filtered=124]
ev: ABS code=54 val=788 (slot=0)
ev: ABS code=47 val=1 (slot=0)
ev: ABS code=53 val=2809 (slot=1)
ev: ABS code=1 val=788 (slot=1)
ev: SYN code=0
cnt=2 s0=fng (3635,788) s1=fng (2809,944) [filtered=124]
ev: ABS code=47 val=0 (slot=1)
ev: ABS code=54 val=790 (slot=0)
ev: ABS code=47 val=1 (slot=0)
ev: ABS code=53 val=2810 (slot=1)
ev: ABS code=54 val=947 (slot=1)
ev: ABS code=1 val=790 (slot=1)
ev: SYN code=0
cnt=2 s0=fng (3635,790) s1=fng (2810,947) [filtered=124]
ev: ABS code=47 val=0 (slot=1)
ev: ABS code=54 val=792 (slot=0)
ev: ABS code=47 val=1 (slot=0)
ev: ABS code=53 val=2811 (slot=1)
ev: ABS code=54 val=950 (slot=1)
ev: ABS code=1 val=792 (slot=1)
ev: SYN code=0
cnt=2 s0=PALM(3635,792)* s1=fng (2811,950) [filtered=125]
ev: ABS code=53 val=2812 (slot=1)
ev: ABS code=54 val=953 (slot=1)
ev: SYN code=0
cnt=2 s0=PALM(3635,792)* s1=fng (2812,953) [filtered=126]
ev: ABS code=47 val=0 (slot=1)
ev: ABS code=54 val=794 (slot=0)
ev: ABS code=47 val=1 (slot=0)
ev: ABS code=53 val=2814 (slot=1)
ev: ABS code=54 val=957 (slot=1)
ev: ABS code=1 val=794 (slot=1)
ev: SYN code=0
cnt=2 s0=PALM(3635,794)* s1=fng (2814,957) [filtered=127]
ev: ABS code=47 val=0 (slot=1)
ev: ABS code=53 val=3636 (slot=0)
ev: ABS code=54 val=797 (slot=0)
ev: ABS code=47 val=1 (slot=0)
ev: ABS code=53 val=2817 (slot=1)
ev: ABS code=54 val=962 (slot=1)
ev: ABS code=0 val=3636 (slot=1)
ev: ABS code=1 val=797 (slot=1)
ev: SYN code=0
cnt=2 s0=fng (3636,797) s1=fng (2817,962) [filtered=127]
ev: ABS code=47 val=0 (slot=1)
ev: ABS code=53 val=3638 (slot=0)
ev: ABS code=54 val=801 (slot=0)
ev: ABS code=47 val=1 (slot=0)
ev: ABS code=53 val=2821 (slot=1)
ev: ABS code=54 val=967 (slot=1)
ev: ABS code=0 val=3638 (slot=1)
ev: ABS code=1 val=801 (slot=1)
ev: SYN code=0
cnt=2 s0=fng (3638,801) s1=fng (2821,967) [filtered=127]
ev: ABS code=47 val=0 (slot=1)
ev: ABS code=53 val=3641 (slot=0)
ev: ABS code=54 val=805 (slot=0)
ev: ABS code=47 val=1 (slot=0)
ev: ABS code=53 val=2826 (slot=1)
ev: ABS code=54 val=973 (slot=1)
ev: ABS code=0 val=3641 (slot=1)
ev: ABS code=1 val=805 (slot=1)
ev: SYN code=0
cnt=2 s0=fng (3641,805) s1=fng (2826,973) [filtered=127]
ev: ABS code=47 val=0 (slot=1)
ev: ABS code=53 val=3643 (slot=0)
ev: ABS code=54 val=808 (slot=0)
ev: ABS code=47 val=1 (slot=0)
ev: ABS code=53 val=2830 (slot=1)
ev: ABS code=54 val=978 (slot=1)
ev: ABS code=0 val=3643 (slot=1)
ev: ABS code=1 val=808 (slot=1)
ev: SYN code=0
cnt=2 s0=fng (3643,808) s1=fng (2830,978) [filtered=127]
ev: ABS code=47 val=0 (slot=1)
ev: ABS code=53 val=3647 (slot=0)
ev: ABS code=54 val=813 (slot=0)
ev: ABS code=47 val=1 (slot=0)
ev: ABS code=53 val=2835 (slot=1)
ev: ABS code=54 val=983 (slot=1)
ev: ABS code=0 val=3647 (slot=1)
ev: ABS code=1 val=813 (slot=1)
ev: SYN code=0
cnt=2 s0=fng (3647,813) s1=fng (2835,983) [filtered=127]
ev: ABS code=47 val=0 (slot=1)
ev: ABS code=53 val=3651 (slot=0)
ev: ABS code=54 val=818 (slot=0)
ev: ABS code=47 val=1 (slot=0)
ev: ABS code=53 val=2840 (slot=1)
ev: ABS code=54 val=988 (slot=1)
ev: ABS code=0 val=3651 (slot=1)
ev: ABS code=1 val=818 (slot=1)
ev: SYN code=0
cnt=2 s0=fng (3651,818) s1=fng (2840,988) [filtered=127]
ev: ABS code=47 val=0 (slot=1)
ev: ABS code=53 val=3656 (slot=0)
ev: ABS code=54 val=824 (slot=0)
ev: ABS code=47 val=1 (slot=0)
ev: ABS code=53 val=2845 (slot=1)
ev: ABS code=54 val=994 (slot=1)
ev: ABS code=0 val=3656 (slot=1)
ev: ABS code=1 val=824 (slot=1)
ev: SYN code=0
cnt=2 s0=fng (3656,824) s1=fng (2845,994) [filtered=127]
ev: ABS code=47 val=0 (slot=1)
ev: ABS code=53 val=3662 (slot=0)
ev: ABS code=54 val=831 (slot=0)
ev: ABS code=47 val=1 (slot=0)
ev: ABS code=53 val=2851 (slot=1)
ev: ABS code=54 val=1000 (slot=1)
ev: ABS code=0 val=3662 (slot=1)
ev: ABS code=1 val=831 (slot=1)
ev: SYN code=0
cnt=2 s0=fng (3662,831) s1=fng (2851,1000) [filtered=127]
ev: ABS code=47 val=0 (slot=1)
ev: ABS code=53 val=3666 (slot=0)
ev: ABS code=54 val=837 (slot=0)
ev: ABS code=47 val=1 (slot=0)
ev: ABS code=53 val=2856 (slot=1)
ev: ABS code=54 val=1006 (slot=1)
ev: ABS code=0 val=3666 (slot=1)
ev: ABS code=1 val=837 (slot=1)
ev: SYN code=0
cnt=2 s0=fng (3666,837) s1=fng (2856,1006) [filtered=127]
ev: ABS code=47 val=0 (slot=1)
ev: ABS code=53 val=3671 (slot=0)
ev: ABS code=54 val=845 (slot=0)
ev: ABS code=47 val=1 (slot=0)
ev: ABS code=53 val=2862 (slot=1)
ev: ABS code=54 val=1013 (slot=1)
ev: ABS code=0 val=3671 (slot=1)
ev: ABS code=1 val=845 (slot=1)
ev: SYN code=0
cnt=2 s0=fng (3671,845) s1=fng (2862,1013) [filtered=127]
ev: ABS code=47 val=0 (slot=1)
ev: ABS code=53 val=3676 (slot=0)
ev: ABS code=54 val=852 (slot=0)
ev: ABS code=47 val=1 (slot=0)
ev: ABS code=53 val=2869 (slot=1)
ev: ABS code=54 val=1021 (slot=1)
ev: ABS code=0 val=3676 (slot=1)
ev: ABS code=1 val=852 (slot=1)
ev: SYN code=0
cnt=2 s0=fng (3676,852) s1=fng (2869,1021) [filtered=127]
ev: ABS code=47 val=0 (slot=1)
ev: ABS code=53 val=3681 (slot=0)
ev: ABS code=54 val=859 (slot=0)
ev: ABS code=47 val=1 (slot=0)
ev: ABS code=53 val=2876 (slot=1)
ev: ABS code=54 val=1030 (slot=1)
ev: ABS code=0 val=3681 (slot=1)
ev: ABS code=1 val=859 (slot=1)
ev: SYN code=0
cnt=2 s0=fng (3681,859) s1=fng (2876,1030) [filtered=127]
ev: ABS code=53 val=2884 (slot=1)
ev: ABS code=54 val=1039 (slot=1)
ev: ABS code=47 val=0 (slot=1)
ev: ABS code=57 val=-1 (slot=0)
ev: KEY code=0x145 val=1
ev: KEY code=0x14d val=0
ev: ABS code=0 val=2884 (slot=0)
ev: ABS code=1 val=1039 (slot=0)
ev: SYN code=0
cnt=1 s1=fng (2884,1039) [filtered=127]
ev: ABS code=47 val=1 (slot=0)
ev: ABS code=53 val=2891 (slot=1)
ev: ABS code=54 val=1048 (slot=1)
ev: ABS code=0 val=2891 (slot=1)
ev: ABS code=1 val=1048 (slot=1)
ev: SYN code=0
cnt=1 s1=fng (2891,1048) [filtered=127]
ev: ABS code=53 val=2898 (slot=1)
ev: ABS code=54 val=1057 (slot=1)
ev: ABS code=0 val=2898 (slot=1)
ev: ABS code=1 val=1057 (slot=1)
ev: SYN code=0
cnt=1 s1=fng (2898,1057) [filtered=127]
ev: ABS code=53 val=2905 (slot=1)
ev: ABS code=54 val=1066 (slot=1)
ev: ABS code=0 val=2905 (slot=1)
ev: ABS code=1 val=1066 (slot=1)
ev: SYN code=0
cnt=1 s1=fng (2905,1066) [filtered=127]
ev: ABS code=53 val=2912 (slot=1)
ev: ABS code=54 val=1075 (slot=1)
ev: ABS code=0 val=2912 (slot=1)
ev: ABS code=1 val=1075 (slot=1)
ev: SYN code=0
cnt=1 s1=fng (2912,1075) [filtered=127]
ev: ABS code=53 val=2918 (slot=1)
ev: ABS code=54 val=1083 (slot=1)
ev: ABS code=0 val=2918 (slot=1)
ev: ABS code=1 val=1083 (slot=1)
ev: SYN code=0
cnt=1 s1=fng (2918,1083) [filtered=127]
ev: ABS code=53 val=2924 (slot=1)
ev: ABS code=54 val=1092 (slot=1)
ev: ABS code=0 val=2924 (slot=1)
ev: ABS code=1 val=1092 (slot=1)
ev: SYN code=0
cnt=1 s1=fng (2924,1092) [filtered=127]
ev: ABS code=53 val=2932 (slot=1)
ev: ABS code=54 val=1102 (slot=1)
ev: ABS code=0 val=2932 (slot=1)
ev: ABS code=1 val=1102 (slot=1)
ev: SYN code=0
cnt=1 s1=fng (2932,1102) [filtered=127]
ev: ABS code=53 val=2940 (slot=1)
ev: ABS code=54 val=1112 (slot=1)
ev: ABS code=0 val=2940 (slot=1)
ev: ABS code=1 val=1112 (slot=1)
ev: SYN code=0
cnt=1 s1=fng (2940,1112) [filtered=127]
ev: ABS code=53 val=2948 (slot=1)
ev: ABS code=54 val=1123 (slot=1)
ev: ABS code=0 val=2948 (slot=1)
ev: ABS code=1 val=1123 (slot=1)
ev: SYN code=0
cnt=1 s1=fng (2948,1123) [filtered=127]
ev: ABS code=53 val=2955 (slot=1)
ev: ABS code=54 val=1133 (slot=1)
ev: ABS code=0 val=2955 (slot=1)
ev: ABS code=1 val=1133 (slot=1)
ev: SYN code=0
cnt=1 s1=fng (2955,1133) [filtered=127]
ev: ABS code=53 val=2964 (slot=1)
ev: ABS code=54 val=1144 (slot=1)
ev: ABS code=0 val=2964 (slot=1)
ev: ABS code=1 val=1144 (slot=1)
ev: SYN code=0
cnt=1 s1=fng (2964,1144) [filtered=127]
ev: ABS code=53 val=2973 (slot=1)
ev: ABS code=54 val=1155 (slot=1)
ev: ABS code=0 val=2973 (slot=1)
ev: ABS code=1 val=1155 (slot=1)
ev: SYN code=0
cnt=1 s1=fng (2973,1155) [filtered=127]
ev: ABS code=53 val=2982 (slot=1)
ev: ABS code=54 val=1166 (slot=1)
ev: ABS code=0 val=2982 (slot=1)
ev: ABS code=1 val=1166 (slot=1)
ev: SYN code=0
cnt=1 s1=fng (2982,1166) [filtered=127]
ev: ABS code=53 val=2991 (slot=1)
ev: ABS code=54 val=1177 (slot=1)
ev: ABS code=0 val=2991 (slot=1)
ev: ABS code=1 val=1177 (slot=1)
ev: SYN code=0
cnt=1 s1=fng (2991,1177) [filtered=127]
ev: ABS code=53 val=2999 (slot=1)
ev: ABS code=54 val=1187 (slot=1)
ev: ABS code=0 val=2999 (slot=1)
ev: ABS code=1 val=1187 (slot=1)
ev: SYN code=0
cnt=1 s1=fng (2999,1187) [filtered=127]
ev: ABS code=53 val=3007 (slot=1)
ev: ABS code=54 val=1197 (slot=1)
ev: ABS code=0 val=3007 (slot=1)
ev: ABS code=1 val=1197 (slot=1)
ev: SYN code=0
cnt=1 s1=fng (3007,1197) [filtered=127]
ev: ABS code=53 val=3016 (slot=1)
ev: ABS code=54 val=1207 (slot=1)
ev: ABS code=0 val=3016 (slot=1)
ev: ABS code=1 val=1207 (slot=1)
ev: SYN code=0
cnt=1 s1=fng (3016,1207) [filtered=127]
ev: ABS code=53 val=3025 (slot=1)
ev: ABS code=54 val=1216 (slot=1)
ev: ABS code=0 val=3025 (slot=1)
ev: ABS code=1 val=1216 (slot=1)
ev: SYN code=0
cnt=1 s1=fng (3025,1216) [filtered=127]
ev: ABS code=53 val=3033 (slot=1)
ev: ABS code=54 val=1224 (slot=1)
ev: ABS code=0 val=3033 (slot=1)
ev: ABS code=1 val=1224 (slot=1)
ev: SYN code=0
cnt=1 s1=fng (3033,1224) [filtered=127]
ev: ABS code=53 val=3041 (slot=1)
ev: ABS code=54 val=1232 (slot=1)
ev: ABS code=0 val=3041 (slot=1)
ev: ABS code=1 val=1232 (slot=1)
ev: SYN code=0
cnt=1 s1=fng (3041,1232) [filtered=127]
ev: ABS code=53 val=3050 (slot=1)
ev: ABS code=54 val=1240 (slot=1)
ev: ABS code=0 val=3050 (slot=1)
ev: ABS code=1 val=1240 (slot=1)
ev: SYN code=0
cnt=1 s1=fng (3050,1240) [filtered=127]
ev: ABS code=53 val=3059 (slot=1)
ev: ABS code=54 val=1248 (slot=1)
ev: ABS code=0 val=3059 (slot=1)
ev: ABS code=1 val=1248 (slot=1)
ev: SYN code=0
cnt=1 s1=fng (3059,1248) [filtered=127]
ev: ABS code=53 val=3068 (slot=1)
ev: ABS code=54 val=1255 (slot=1)
ev: ABS code=0 val=3068 (slot=1)
ev: ABS code=1 val=1255 (slot=1)
ev: SYN code=0
cnt=1 s1=fng (3068,1255) [filtered=127]
ev: ABS code=53 val=3076 (slot=1)
ev: ABS code=54 val=1261 (slot=1)
ev: ABS code=0 val=3076 (slot=1)
ev: ABS code=1 val=1261 (slot=1)
ev: SYN code=0
cnt=1 s1=fng (3076,1261) [filtered=127]
ev: ABS code=53 val=3083 (slot=1)
ev: ABS code=54 val=1267 (slot=1)
ev: ABS code=0 val=3083 (slot=1)
ev: ABS code=1 val=1267 (slot=1)
ev: SYN code=0
cnt=1 s1=fng (3083,1267) [filtered=127]
ev: ABS code=53 val=3089 (slot=1)
ev: ABS code=54 val=1272 (slot=1)
ev: ABS code=0 val=3089 (slot=1)
ev: ABS code=1 val=1272 (slot=1)
ev: SYN code=0
cnt=1 s1=fng (3089,1272) [filtered=127]
ev: ABS code=53 val=3095 (slot=1)
ev: ABS code=54 val=1277 (slot=1)
ev: ABS code=0 val=3095 (slot=1)
ev: ABS code=1 val=1277 (slot=1)
ev: SYN code=0
cnt=1 s1=fng (3095,1277) [filtered=127]
ev: ABS code=57 val=-1 (slot=1)
ev: KEY code=0x14a val=0
ev: KEY code=0x145 val=0
ev: SYN code=0
ev: ABS code=47 val=0 (slot=1)
ev: ABS code=57 val=104 (slot=0)
ev: ABS code=53 val=3798 (slot=0)
ev: ABS code=54 val=798 (slot=0)
ev: KEY code=0x14a val=1
ev: KEY code=0x145 val=1
ev: ABS code=0 val=3798 (slot=0)
ev: ABS code=1 val=798 (slot=0)
ev: SYN code=0
cnt=1 s0=fng (3798,798) [filtered=127]
ev: SYN code=0
cnt=1 s0=fng (3798,798) [filtered=127]
ev: ABS code=47 val=1 (slot=0)
ev: ABS code=57 val=105 (slot=1)
ev: ABS code=53 val=3031 (slot=1)
ev: ABS code=54 val=1057 (slot=1)
ev: KEY code=0x145 val=0
ev: KEY code=0x14d val=1
ev: SYN code=0
cnt=2 s0=fng (3798,798) s1=fng (3031,1057) [filtered=127]
ev: ABS code=53 val=3030 (slot=1)
ev: SYN code=0
cnt=2 s0=fng (3798,798) s1=fng (3030,1057) [filtered=127]
ev: SYN code=0
cnt=2 s0=fng (3798,798) s1=fng (3030,1057) [filtered=127]
ev: ABS code=47 val=0 (slot=1)
ev: ABS code=53 val=3797 (slot=0)
ev: ABS code=0 val=3797 (slot=0)
ev: SYN code=0
cnt=2 s0=fng (3797,798) s1=fng (3030,1057) [filtered=127]
ev: ABS code=53 val=3796 (slot=0)
ev: ABS code=47 val=1 (slot=0)
ev: ABS code=54 val=1058 (slot=1)
ev: ABS code=0 val=3796 (slot=1)
ev: SYN code=0
cnt=2 s0=fng (3796,798) s1=fng (3030,1058) [filtered=127]
ev: ABS code=47 val=0 (slot=1)
ev: ABS code=53 val=3795 (slot=0)
ev: ABS code=54 val=799 (slot=0)
ev: ABS code=47 val=1 (slot=0)
ev: ABS code=54 val=1059 (slot=1)
ev: ABS code=0 val=3795 (slot=1)
ev: ABS code=1 val=799 (slot=1)
ev: SYN code=0
cnt=2 s0=fng (3795,799) s1=fng (3030,1059) [filtered=127]
ev: ABS code=47 val=0 (slot=1)
ev: ABS code=54 val=800 (slot=0)
ev: ABS code=47 val=1 (slot=0)
ev: ABS code=54 val=1060 (slot=1)
ev: ABS code=1 val=800 (slot=1)
ev: SYN code=0
cnt=2 s0=fng (3795,800) s1=fng (3030,1060) [filtered=127]
ev: ABS code=47 val=0 (slot=1)
ev: ABS code=53 val=3794 (slot=0)
ev: ABS code=54 val=801 (slot=0)
ev: ABS code=47 val=1 (slot=0)
ev: ABS code=54 val=1061 (slot=1)
ev: ABS code=0 val=3794 (slot=1)
ev: ABS code=1 val=801 (slot=1)
ev: SYN code=0
cnt=2 s0=fng (3794,801) s1=fng (3030,1061) [filtered=127]
ev: ABS code=47 val=0 (slot=1)
ev: ABS code=53 val=3793 (slot=0)
ev: ABS code=54 val=804 (slot=0)
ev: ABS code=47 val=1 (slot=0)
ev: ABS code=54 val=1064 (slot=1)
ev: ABS code=0 val=3793 (slot=1)
ev: ABS code=1 val=804 (slot=1)
ev: SYN code=0
cnt=2 s0=fng (3793,804) s1=fng (3030,1064) [filtered=127]
ev: ABS code=47 val=0 (slot=1)
ev: ABS code=53 val=3791 (slot=0)
ev: ABS code=54 val=810 (slot=0)
ev: ABS code=47 val=1 (slot=0)
ev: ABS code=54 val=1068 (slot=1)
ev: ABS code=0 val=3791 (slot=1)
ev: ABS code=1 val=810 (slot=1)
ev: SYN code=0
cnt=2 s0=fng (3791,810) s1=fng (3030,1068) [filtered=127]
ev: ABS code=47 val=0 (slot=1)
ev: ABS code=53 val=3789 (slot=0)
ev: ABS code=54 val=819 (slot=0)
ev: ABS code=47 val=1 (slot=0)
ev: ABS code=53 val=3029 (slot=1)
ev: ABS code=54 val=1076 (slot=1)
ev: ABS code=0 val=3789 (slot=1)
ev: ABS code=1 val=819 (slot=1)
ev: SYN code=0
cnt=2 s0=fng (3789,819) s1=fng (3029,1076) [filtered=127]
ev: ABS code=47 val=0 (slot=1)
ev: ABS code=53 val=3788 (slot=0)
ev: ABS code=54 val=828 (slot=0)
ev: ABS code=47 val=1 (slot=0)
ev: ABS code=54 val=1084 (slot=1)
ev: ABS code=0 val=3788 (slot=1)
ev: ABS code=1 val=828 (slot=1)
ev: SYN code=0
cnt=2 s0=fng (3788,828) s1=fng (3029,1084) [filtered=127]
ev: ABS code=47 val=0 (slot=1)
ev: ABS code=53 val=3786 (slot=0)
ev: ABS code=54 val=840 (slot=0)
ev: ABS code=47 val=1 (slot=0)
ev: ABS code=53 val=3028 (slot=1)
ev: ABS code=54 val=1094 (slot=1)
ev: ABS code=0 val=3786 (slot=1)
ev: ABS code=1 val=840 (slot=1)
ev: SYN code=0
cnt=2 s0=fng (3786,840) s1=fng (3028,1094) [filtered=127]
ev: ABS code=47 val=0 (slot=1)
ev: ABS code=53 val=3783 (slot=0)
ev: ABS code=54 val=853 (slot=0)
ev: ABS code=47 val=1 (slot=0)
ev: ABS code=53 val=3027 (slot=1)
ev: ABS code=54 val=1107 (slot=1)
ev: ABS code=0 val=3783 (slot=1)
ev: ABS code=1 val=853 (slot=1)
ev: SYN code=0
cnt=2 s0=fng (3783,853) s1=fng (3027,1107) [filtered=127]
ev: ABS code=47 val=0 (slot=1)
ev: ABS code=53 val=3780 (slot=0)
ev: ABS code=54 val=869 (slot=0)
ev: ABS code=47 val=1 (slot=0)
ev: ABS code=53 val=3026 (slot=1)
ev: ABS code=54 val=1123 (slot=1)
ev: ABS code=0 val=3780 (slot=1)
ev: ABS code=1 val=869 (slot=1)
ev: SYN code=0
cnt=2 s0=fng (3780,869) s1=fng (3026,1123) [filtered=127]
ev: ABS code=47 val=0 (slot=1)
ev: ABS code=53 val=3778 (slot=0)
ev: ABS code=54 val=885 (slot=0)
ev: ABS code=47 val=1 (slot=0)
ev: ABS code=54 val=1139 (slot=1)
ev: ABS code=0 val=3778 (slot=1)
ev: ABS code=1 val=885 (slot=1)
ev: SYN code=0
cnt=2 s0=fng (3778,885) s1=fng (3026,1139) [filtered=127]
ev: ABS code=47 val=0 (slot=1)
ev: ABS code=53 val=3775 (slot=0)
ev: ABS code=54 val=902 (slot=0)
ev: ABS code=47 val=1 (slot=0)
ev: ABS code=53 val=3025 (slot=1)
ev: ABS code=54 val=1156 (slot=1)
ev: ABS code=0 val=3775 (slot=1)
ev: ABS code=1 val=902 (slot=1)
ev: SYN code=0
cnt=2 s0=fng (3775,902) s1=fng (3025,1156) [filtered=127]
ev: ABS code=47 val=0 (slot=1)
ev: ABS code=53 val=3772 (slot=0)
ev: ABS code=54 val=921 (slot=0)
ev: ABS code=47 val=1 (slot=0)
ev: ABS code=54 val=1175 (slot=1)
ev: ABS code=0 val=3772 (slot=1)
ev: ABS code=1 val=921 (slot=1)
ev: SYN code=0
cnt=2 s0=fng (3772,921) s1=fng (3025,1175) [filtered=127]
ev: ABS code=47 val=0 (slot=1)
ev: ABS code=53 val=3769 (slot=0)
ev: ABS code=54 val=941 (slot=0)
ev: ABS code=47 val=1 (slot=0)
ev: ABS code=54 val=1196 (slot=1)
ev: ABS code=0 val=3769 (slot=1)
ev: ABS code=1 val=941 (slot=1)
ev: SYN code=0
cnt=2 s0=fng (3769,941) s1=fng (3025,1196) [filtered=127]
ev: ABS code=47 val=0 (slot=1)
ev: ABS code=53 val=3766 (slot=0)
ev: ABS code=54 val=962 (slot=0)
ev: ABS code=47 val=1 (slot=0)
ev: ABS code=54 val=1218 (slot=1)
ev: ABS code=0 val=3766 (slot=1)
ev: ABS code=1 val=962 (slot=1)
ev: SYN code=0
cnt=2 s0=fng (3766,962) s1=fng (3025,1218) [filtered=127]
ev: ABS code=47 val=0 (slot=1)
ev: ABS code=53 val=3764 (slot=0)
ev: ABS code=54 val=983 (slot=0)
ev: ABS code=47 val=1 (slot=0)
ev: ABS code=54 val=1240 (slot=1)
ev: ABS code=0 val=3764 (slot=1)
ev: ABS code=1 val=983 (slot=1)
ev: SYN code=0
cnt=2 s0=fng (3764,983) s1=fng (3025,1240) [filtered=127]
ev: ABS code=47 val=0 (slot=1)
ev: ABS code=53 val=3763 (slot=0)
ev: ABS code=54 val=1004 (slot=0)
ev: ABS code=47 val=1 (slot=0)
ev: ABS code=53 val=3026 (slot=1)
ev: ABS code=54 val=1264 (slot=1)
ev: ABS code=0 val=3763 (slot=1)
ev: ABS code=1 val=1004 (slot=1)
ev: SYN code=0
cnt=2 s0=fng (3763,1004) s1=fng (3026,1264) [filtered=127]
ev: ABS code=47 val=0 (slot=1)
ev: ABS code=53 val=3762 (slot=0)
ev: ABS code=54 val=1027 (slot=0)
ev: ABS code=47 val=1 (slot=0)
ev: ABS code=53 val=3027 (slot=1)
ev: ABS code=54 val=1289 (slot=1)
ev: ABS code=0 val=3762 (slot=1)
ev: ABS code=1 val=1027 (slot=1)
ev: SYN code=0
cnt=2 s0=fng (3762,1027) s1=fng (3027,1289) [filtered=127]
ev: ABS code=47 val=0 (slot=1)
ev: ABS code=53 val=3761 (slot=0)
ev: ABS code=54 val=1050 (slot=0)
ev: ABS code=47 val=1 (slot=0)
ev: ABS code=53 val=3028 (slot=1)
ev: ABS code=54 val=1314 (slot=1)
ev: ABS code=0 val=3761 (slot=1)
ev: ABS code=1 val=1050 (slot=1)
ev: SYN code=0
cnt=2 s0=fng (3761,1050) s1=fng (3028,1314) [filtered=127]
ev: ABS code=47 val=0 (slot=1)
ev: ABS code=53 val=3760 (slot=0)
ev: ABS code=54 val=1074 (slot=0)
ev: ABS code=47 val=1 (slot=0)
ev: ABS code=53 val=3029 (slot=1)
ev: ABS code=54 val=1341 (slot=1)
ev: ABS code=0 val=3760 (slot=1)
ev: ABS code=1 val=1074 (slot=1)
ev: SYN code=0
cnt=2 s0=fng (3760,1074) s1=fng (3029,1341) [filtered=127]
ev: ABS code=47 val=0 (slot=1)
ev: ABS code=54 val=1098 (slot=0)
ev: ABS code=47 val=1 (slot=0)
ev: ABS code=53 val=3030 (slot=1)
ev: ABS code=54 val=1367 (slot=1)
ev: ABS code=1 val=1098 (slot=1)
ev: SYN code=0
cnt=2 s0=fng (3760,1098) s1=fng (3030,1367) [filtered=127]
ev: ABS code=47 val=0 (slot=1)
ev: ABS code=53 val=3759 (slot=0)
ev: ABS code=54 val=1122 (slot=0)
ev: ABS code=47 val=1 (slot=0)
ev: ABS code=53 val=3032 (slot=1)
ev: ABS code=54 val=1394 (slot=1)
ev: ABS code=0 val=3759 (slot=1)
ev: ABS code=1 val=1122 (slot=1)
ev: SYN code=0
cnt=2 s0=fng (3759,1122) s1=fng (3032,1394) [filtered=127]
ev: ABS code=47 val=0 (slot=1)
ev: ABS code=54 val=1146 (slot=0)
ev: ABS code=47 val=1 (slot=0)
ev: ABS code=53 val=3034 (slot=1)
ev: ABS code=54 val=1421 (slot=1)
ev: ABS code=1 val=1146 (slot=1)
ev: SYN code=0
cnt=2 s0=fng (3759,1146) s1=fng (3034,1421) [filtered=127]
ev: ABS code=47 val=0 (slot=1)
ev: ABS code=54 val=1171 (slot=0)
ev: ABS code=47 val=1 (slot=0)
ev: ABS code=53 val=3036 (slot=1)
ev: ABS code=54 val=1448 (slot=1)
ev: ABS code=1 val=1171 (slot=1)
ev: SYN code=0
cnt=2 s0=fng (3759,1171) s1=fng (3036,1448) [filtered=127]
ev: ABS code=47 val=0 (slot=1)
ev: ABS code=54 val=1196 (slot=0)
ev: ABS code=47 val=1 (slot=0)
ev: ABS code=53 val=3039 (slot=1)
ev: ABS code=54 val=1475 (slot=1)
ev: ABS code=1 val=1196 (slot=1)
ev: SYN code=0
cnt=2 s0=fng (3759,1196) s1=fng (3039,1475) [filtered=127]
ev: ABS code=47 val=0 (slot=1)
ev: ABS code=54 val=1221 (slot=0)
ev: ABS code=47 val=1 (slot=0)
ev: ABS code=53 val=3040 (slot=1)
ev: ABS code=54 val=1502 (slot=1)
ev: ABS code=1 val=1221 (slot=1)
ev: SYN code=0
cnt=2 s0=fng (3759,1221) s1=fng (3040,1502) [filtered=127]
ev: ABS code=47 val=0 (slot=1)
ev: ABS code=54 val=1246 (slot=0)
ev: ABS code=47 val=1 (slot=0)
ev: ABS code=53 val=3043 (slot=1)
ev: ABS code=54 val=1529 (slot=1)
ev: ABS code=1 val=1246 (slot=1)
ev: SYN code=0
cnt=2 s0=fng (3759,1246) s1=fng (3043,1529) [filtered=127]
ev: ABS code=47 val=0 (slot=1)
ev: ABS code=53 val=3760 (slot=0)
ev: ABS code=54 val=1270 (slot=0)
ev: ABS code=47 val=1 (slot=0)
ev: ABS code=53 val=3046 (slot=1)
ev: ABS code=54 val=1555 (slot=1)
ev: ABS code=0 val=3760 (slot=1)
ev: ABS code=1 val=1270 (slot=1)
ev: SYN code=0
cnt=2 s0=fng (3760,1270) s1=fng (3046,1555) [filtered=127]
ev: ABS code=47 val=0 (slot=1)
ev: ABS code=54 val=1294 (slot=0)
ev: ABS code=47 val=1 (slot=0)
ev: ABS code=53 val=3049 (slot=1)
ev: ABS code=54 val=1580 (slot=1)
ev: ABS code=1 val=1294 (slot=1)
ev: SYN code=0
cnt=2 s0=fng (3760,1294) s1=fng (3049,1580) [filtered=127]
ev: ABS code=47 val=0 (slot=1)
ev: ABS code=54 val=1317 (slot=0)
ev: ABS code=47 val=1 (slot=0)
ev: ABS code=53 val=3051 (slot=1)
ev: ABS code=54 val=1604 (slot=1)
ev: ABS code=1 val=1317 (slot=1)
ev: SYN code=0
cnt=2 s0=fng (3760,1317) s1=fng (3051,1604) [filtered=127]
ev: ABS code=47 val=0 (slot=1)
ev: ABS code=53 val=3761 (slot=0)
ev: ABS code=54 val=1341 (slot=0)
ev: ABS code=47 val=1 (slot=0)
ev: ABS code=53 val=3054 (slot=1)
ev: ABS code=54 val=1629 (slot=1)
ev: ABS code=0 val=3761 (slot=1)
ev: ABS code=1 val=1341 (slot=1)
ev: SYN code=0
cnt=2 s0=fng (3761,1341) s1=fng (3054,1629) [filtered=127]
ev: ABS code=47 val=0 (slot=1)
ev: ABS code=53 val=3762 (slot=0)
ev: ABS code=54 val=1365 (slot=0)
ev: ABS code=47 val=1 (slot=0)
ev: ABS code=53 val=3057 (slot=1)
ev: ABS code=54 val=1654 (slot=1)
ev: ABS code=0 val=3762 (slot=1)
ev: ABS code=1 val=1365 (slot=1)
ev: SYN code=0
cnt=2 s0=fng (3762,1365) s1=fng (3057,1654) [filtered=127]
ev: ABS code=47 val=0 (slot=1)
ev: ABS code=53 val=3764 (slot=0)
ev: ABS code=54 val=1389 (slot=0)
ev: ABS code=47 val=1 (slot=0)
ev: ABS code=53 val=3060 (slot=1)
ev: ABS code=54 val=1679 (slot=1)
ev: ABS code=0 val=3764 (slot=1)
ev: ABS code=1 val=1389 (slot=1)
ev: SYN code=0
cnt=2 s0=fng (3764,1389) s1=fng (3060,1679) [filtered=127]
ev: ABS code=47 val=0 (slot=1)
ev: ABS code=53 val=3766 (slot=0)
ev: ABS code=54 val=1413 (slot=0)
ev: ABS code=47 val=1 (slot=0)
ev: ABS code=53 val=3063 (slot=1)
ev: ABS code=54 val=1704 (slot=1)
ev: ABS code=0 val=3766 (slot=1)
ev: ABS code=1 val=1413 (slot=1)
ev: SYN code=0
cnt=2 s0=fng (3766,1413) s1=fng (3063,1704) [filtered=127]
ev: ABS code=47 val=0 (slot=1)
ev: ABS code=53 val=3767 (slot=0)
ev: ABS code=54 val=1436 (slot=0)
ev: ABS code=47 val=1 (slot=0)
ev: ABS code=53 val=3065 (slot=1)
ev: ABS code=54 val=1728 (slot=1)
ev: ABS code=0 val=3767 (slot=1)
ev: ABS code=1 val=1436 (slot=1)
ev: SYN code=0
cnt=2 s0=fng (3767,1436) s1=fng (3065,1728) [filtered=127]
ev: ABS code=47 val=0 (slot=1)
ev: ABS code=53 val=3768 (slot=0)
ev: ABS code=54 val=1461 (slot=0)
ev: ABS code=47 val=1 (slot=0)
ev: ABS code=53 val=3067 (slot=1)
ev: ABS code=54 val=1753 (slot=1)
ev: ABS code=0 val=3768 (slot=1)
ev: ABS code=1 val=1461 (slot=1)
ev: SYN code=0
cnt=2 s0=fng (3768,1461) s1=fng (3067,1753) [filtered=127]
ev: ABS code=47 val=0 (slot=1)
ev: ABS code=53 val=3770 (slot=0)
ev: ABS code=54 val=1486 (slot=0)
ev: ABS code=47 val=1 (slot=0)
ev: ABS code=53 val=3070 (slot=1)
ev: ABS code=54 val=1778 (slot=1)
ev: ABS code=0 val=3770 (slot=1)
ev: ABS code=1 val=1486 (slot=1)
ev: SYN code=0
cnt=2 s0=fng (3770,1486) s1=fng (3070,1778) [filtered=127]
ev: ABS code=47 val=0 (slot=1)
ev: ABS code=53 val=3771 (slot=0)
ev: ABS code=54 val=1511 (slot=0)
ev: ABS code=47 val=1 (slot=0)
ev: ABS code=53 val=3073 (slot=1)
ev: ABS code=54 val=1803 (slot=1)
ev: ABS code=0 val=3771 (slot=1)
ev: ABS code=1 val=1511 (slot=1)
ev: SYN code=0
cnt=2 s0=fng (3771,1511) s1=fng (3073,1803) [filtered=127]
ev: ABS code=47 val=0 (slot=1)
ev: ABS code=53 val=3773 (slot=0)
ev: ABS code=54 val=1536 (slot=0)
ev: ABS code=47 val=1 (slot=0)
ev: ABS code=53 val=3076 (slot=1)
ev: ABS code=54 val=1828 (slot=1)
ev: ABS code=0 val=3773 (slot=1)
ev: ABS code=1 val=1536 (slot=1)
ev: SYN code=0
cnt=2 s0=fng (3773,1536) s1=fng (3076,1828) [filtered=127]
ev: ABS code=47 val=0 (slot=1)
ev: ABS code=53 val=3774 (slot=0)
ev: ABS code=54 val=1560 (slot=0)
ev: ABS code=47 val=1 (slot=0)
ev: ABS code=53 val=3078 (slot=1)
ev: ABS code=54 val=1852 (slot=1)
ev: ABS code=0 val=3774 (slot=1)
ev: ABS code=1 val=1560 (slot=1)
ev: SYN code=0
cnt=2 s0=fng (3774,1560) s1=fng (3078,1852) [filtered=127]
ev: ABS code=47 val=0 (slot=1)
ev: ABS code=53 val=3776 (slot=0)
ev: ABS code=54 val=1583 (slot=0)
ev: ABS code=47 val=1 (slot=0)
ev: ABS code=53 val=3081 (slot=1)
ev: ABS code=54 val=1876 (slot=1)
ev: ABS code=0 val=3776 (slot=1)
ev: ABS code=1 val=1583 (slot=1)
ev: SYN code=0
cnt=2 s0=fng (3776,1583) s1=fng (3081,1876) [filtered=127]
ev: ABS code=47 val=0 (slot=1)
ev: ABS code=53 val=3778 (slot=0)
ev: ABS code=54 val=1607 (slot=0)
ev: ABS code=47 val=1 (slot=0)
ev: ABS code=53 val=3084 (slot=1)
ev: ABS code=54 val=1900 (slot=1)
ev: ABS code=0 val=3778 (slot=1)
ev: ABS code=1 val=1607 (slot=1)
ev: SYN code=0
cnt=2 s0=fng (3778,1607) s1=PALM(3084,1900) [filtered=128]
ev: ABS code=47 val=0 (slot=1)
ev: ABS code=53 val=3781 (slot=0)
ev: ABS code=54 val=1630 (slot=0)
ev: ABS code=47 val=1 (slot=0)
ev: ABS code=53 val=3087 (slot=1)
ev: ABS code=54 val=1923 (slot=1)
ev: ABS code=0 val=3781 (slot=1)
ev: ABS code=1 val=1630 (slot=1)
ev: SYN code=0
cnt=2 s0=fng (3781,1630) s1=PALM(3087,1923) [filtered=129]
ev: ABS code=47 val=0 (slot=1)
ev: ABS code=53 val=3782 (slot=0)
ev: ABS code=54 val=1652 (slot=0)
ev: ABS code=47 val=1 (slot=0)
ev: ABS code=53 val=3089 (slot=1)
ev: ABS code=54 val=1945 (slot=1)
ev: ABS code=0 val=3782 (slot=1)
ev: ABS code=1 val=1652 (slot=1)
ev: SYN code=0
cnt=2 s0=fng (3782,1652) s1=PALM(3089,1945) [filtered=130]
ev: ABS code=47 val=0 (slot=1)
ev: ABS code=53 val=3784 (slot=0)
ev: ABS code=54 val=1673 (slot=0)
ev: ABS code=47 val=1 (slot=0)
ev: ABS code=53 val=3091 (slot=1)
ev: ABS code=54 val=1966 (slot=1)
ev: ABS code=0 val=3784 (slot=1)
ev: ABS code=1 val=1673 (slot=1)
ev: SYN code=0
cnt=2 s0=fng (3784,1673) s1=PALM(3091,1966) [filtered=131]
ev: ABS code=47 val=0 (slot=1)
ev: ABS code=53 val=3787 (slot=0)
ev: ABS code=54 val=1693 (slot=0)
ev: ABS code=47 val=1 (slot=0)
ev: ABS code=53 val=3094 (slot=1)
ev: ABS code=54 val=1987 (slot=1)
ev: ABS code=0 val=3787 (slot=1)
ev: ABS code=1 val=1693 (slot=1)
ev: SYN code=0
cnt=2 s0=fng (3787,1693) s1=PALM(3094,1987) [filtered=132]
ev: ABS code=47 val=0 (slot=1)
ev: ABS code=53 val=3790 (slot=0)
ev: ABS code=54 val=1714 (slot=0)
ev: ABS code=47 val=1 (slot=0)
ev: ABS code=53 val=3097 (slot=1)
ev: ABS code=54 val=2008 (slot=1)
ev: ABS code=0 val=3790 (slot=1)
ev: ABS code=1 val=1714 (slot=1)
ev: SYN code=0
cnt=2 s0=fng (3790,1714) s1=PALM(3097,2008) [filtered=133]
ev: ABS code=47 val=0 (slot=1)
ev: ABS code=53 val=3793 (slot=0)
ev: ABS code=54 val=1734 (slot=0)
ev: ABS code=47 val=1 (slot=0)
ev: ABS code=53 val=3100 (slot=1)
ev: ABS code=54 val=2028 (slot=1)
ev: ABS code=0 val=3793 (slot=1)
ev: ABS code=1 val=1734 (slot=1)
ev: SYN code=0
cnt=2 s0=fng (3793,1734) s1=PALM(3100,2028) [filtered=134]
ev: ABS code=47 val=0 (slot=1)
ev: ABS code=53 val=3795 (slot=0)
ev: ABS code=54 val=1753 (slot=0)
ev: ABS code=47 val=1 (slot=0)
ev: ABS code=53 val=3102 (slot=1)
ev: ABS code=54 val=2047 (slot=1)
ev: ABS code=0 val=3795 (slot=1)
ev: ABS code=1 val=1753 (slot=1)
ev: SYN code=0
cnt=2 s0=fng (3795,1753) s1=PALM(3102,2047) [filtered=135]
ev: ABS code=47 val=0 (slot=1)
ev: ABS code=53 val=3798 (slot=0)
ev: ABS code=54 val=1770 (slot=0)
ev: ABS code=47 val=1 (slot=0)
ev: ABS code=53 val=3105 (slot=1)
ev: ABS code=54 val=2064 (slot=1)
ev: ABS code=0 val=3798 (slot=1)
ev: ABS code=1 val=1770 (slot=1)
ev: SYN code=0
cnt=2 s0=fng (3798,1770) s1=PALM(3105,2064) [filtered=136]
ev: ABS code=47 val=0 (slot=1)
ev: ABS code=53 val=3801 (slot=0)
ev: ABS code=54 val=1786 (slot=0)
ev: ABS code=47 val=1 (slot=0)
ev: ABS code=53 val=3108 (slot=1)
ev: ABS code=54 val=2080 (slot=1)
ev: ABS code=0 val=3801 (slot=1)
ev: ABS code=1 val=1786 (slot=1)
ev: SYN code=0
cnt=2 s0=fng (3801,1786) s1=PALM(3108,2080) [filtered=137]
ev: ABS code=47 val=0 (slot=1)
ev: ABS code=53 val=3803 (slot=0)
ev: ABS code=54 val=1801 (slot=0)
ev: ABS code=47 val=1 (slot=0)
ev: ABS code=53 val=3111 (slot=1)
ev: ABS code=54 val=2096 (slot=1)
ev: ABS code=0 val=3803 (slot=1)
ev: ABS code=1 val=1801 (slot=1)
ev: SYN code=0
cnt=2 s0=fng (3803,1801) s1=PALM(3111,2096) [filtered=138]
ev: ABS code=47 val=0 (slot=1)
ev: ABS code=53 val=3804 (slot=0)
ev: ABS code=54 val=1816 (slot=0)
ev: ABS code=47 val=1 (slot=0)
ev: ABS code=53 val=3113 (slot=1)
ev: ABS code=54 val=2111 (slot=1)
ev: ABS code=0 val=3804 (slot=1)
ev: ABS code=1 val=1816 (slot=1)
ev: SYN code=0
cnt=2 s0=fng (3804,1816) s1=PALM(3113,2111) [filtered=139]
ev: ABS code=47 val=0 (slot=1)
ev: ABS code=53 val=3806 (slot=0)
ev: ABS code=54 val=1829 (slot=0)
ev: ABS code=47 val=1 (slot=0)
ev: ABS code=53 val=3114 (slot=1)
ev: ABS code=54 val=2125 (slot=1)
ev: ABS code=0 val=3806 (slot=1)
ev: ABS code=1 val=1829 (slot=1)
ev: SYN code=0
cnt=2 s0=fng (3806,1829) s1=PALM(3114,2125) [filtered=140]
ev: ABS code=47 val=0 (slot=1)
ev: ABS code=53 val=3808 (slot=0)
ev: ABS code=54 val=1841 (slot=0)
ev: ABS code=47 val=1 (slot=0)
ev: ABS code=53 val=3115 (slot=1)
ev: ABS code=54 val=2137 (slot=1)
ev: ABS code=0 val=3808 (slot=1)
ev: ABS code=1 val=1841 (slot=1)
ev: SYN code=0
cnt=2 s0=fng (3808,1841) s1=PALM(3115,2137) [filtered=141]
ev: ABS code=47 val=0 (slot=1)
ev: ABS code=53 val=3810 (slot=0)
ev: ABS code=54 val=1852 (slot=0)
ev: ABS code=47 val=1 (slot=0)
ev: ABS code=53 val=3117 (slot=1)
ev: ABS code=54 val=2149 (slot=1)
ev: ABS code=0 val=3810 (slot=1)
ev: ABS code=1 val=1852 (slot=1)
ev: SYN code=0
cnt=2 s0=fng (3810,1852) s1=PALM(3117,2149) [filtered=142]
ev: ABS code=47 val=0 (slot=1)
ev: ABS code=53 val=3812 (slot=0)
ev: ABS code=54 val=1862 (slot=0)
ev: ABS code=47 val=1 (slot=0)
ev: ABS code=53 val=3119 (slot=1)
ev: ABS code=54 val=2159 (slot=1)
ev: ABS code=0 val=3812 (slot=1)
ev: ABS code=1 val=1862 (slot=1)
ev: SYN code=0
cnt=2 s0=fng (3812,1862) s1=PALM(3119,2159) [filtered=143]
ev: ABS code=47 val=0 (slot=1)
ev: ABS code=53 val=3813 (slot=0)
ev: ABS code=54 val=1872 (slot=0)
ev: ABS code=47 val=1 (slot=0)
ev: ABS code=53 val=3120 (slot=1)
ev: ABS code=54 val=2169 (slot=1)
ev: ABS code=0 val=3813 (slot=1)
ev: ABS code=1 val=1872 (slot=1)
ev: SYN code=0
cnt=2 s0=fng (3813,1872) s1=PALM(3120,2169) [filtered=144]
ev: ABS code=47 val=0 (slot=1)
ev: ABS code=53 val=3814 (slot=0)
ev: ABS code=54 val=1880 (slot=0)
ev: ABS code=47 val=1 (slot=0)
ev: ABS code=53 val=3121 (slot=1)
ev: ABS code=54 val=2178 (slot=1)
ev: ABS code=0 val=3814 (slot=1)
ev: ABS code=1 val=1880 (slot=1)
ev: SYN code=0
cnt=2 s0=fng (3814,1880) s1=PALM(3121,2178) [filtered=145]
ev: ABS code=47 val=0 (slot=1)
ev: ABS code=53 val=3816 (slot=0)
ev: ABS code=54 val=1888 (slot=0)
ev: ABS code=47 val=1 (slot=0)
ev: ABS code=53 val=3123 (slot=1)
ev: ABS code=54 val=2186 (slot=1)
ev: ABS code=0 val=3816 (slot=1)
ev: ABS code=1 val=1888 (slot=1)
ev: SYN code=0
cnt=2 s0=fng (3816,1888) s1=PALM(3123,2186) [filtered=146]
ev: ABS code=47 val=0 (slot=1)
ev: ABS code=53 val=3817 (slot=0)
ev: ABS code=54 val=1894 (slot=0)
ev: ABS code=47 val=1 (slot=0)
ev: ABS code=53 val=3124 (slot=1)
ev: ABS code=54 val=2194 (slot=1)
ev: ABS code=0 val=3817 (slot=1)
ev: ABS code=1 val=1894 (slot=1)
ev: SYN code=0
cnt=2 s0=fng (3817,1894) s1=PALM(3124,2194) [filtered=147]
ev: ABS code=47 val=0 (slot=1)
ev: ABS code=53 val=3818 (slot=0)
ev: ABS code=54 val=1899 (slot=0)
ev: ABS code=47 val=1 (slot=0)
ev: ABS code=53 val=3125 (slot=1)
ev: ABS code=54 val=2201 (slot=1)
ev: ABS code=0 val=3818 (slot=1)
ev: ABS code=1 val=1899 (slot=1)
ev: SYN code=0
cnt=2 s0=PALM(3818,1899) s1=PALM(3125,2201) [filtered=148]
ev: ABS code=47 val=0 (slot=1)
ev: ABS code=53 val=3819 (slot=0)
ev: ABS code=54 val=1904 (slot=0)
ev: ABS code=47 val=1 (slot=0)
ev: ABS code=53 val=3126 (slot=1)
ev: ABS code=54 val=2208 (slot=1)
ev: ABS code=0 val=3819 (slot=1)
ev: ABS code=1 val=1904 (slot=1)
ev: SYN code=0
cnt=2 s0=PALM(3819,1904) s1=PALM(3126,2208) [filtered=149]
ev: ABS code=47 val=0 (slot=1)
ev: ABS code=53 val=3820 (slot=0)
ev: ABS code=54 val=1909 (slot=0)
ev: ABS code=47 val=1 (slot=0)
ev: ABS code=53 val=3127 (slot=1)
ev: ABS code=54 val=2215 (slot=1)
ev: ABS code=0 val=3820 (slot=1)
ev: ABS code=1 val=1909 (slot=1)
ev: SYN code=0
cnt=2 s0=PALM(3820,1909) s1=PALM(3127,2215) [filtered=150]
ev: ABS code=47 val=0 (slot=1)
ev: ABS code=53 val=3821 (slot=0)
ev: ABS code=54 val=1913 (slot=0)
ev: ABS code=47 val=1 (slot=0)
ev: ABS code=53 val=3128 (slot=1)
ev: ABS code=54 val=2221 (slot=1)
ev: ABS code=0 val=3821 (slot=1)
ev: ABS code=1 val=1913 (slot=1)
ev: SYN code=0
cnt=2 s0=PALM(3821,1913) s1=PALM(3128,2221) [filtered=151]
ev: ABS code=47 val=0 (slot=1)
ev: ABS code=53 val=3822 (slot=0)
ev: ABS code=54 val=1917 (slot=0)
ev: ABS code=47 val=1 (slot=0)
ev: ABS code=53 val=3129 (slot=1)
ev: ABS code=54 val=2227 (slot=1)
ev: ABS code=0 val=3822 (slot=1)
ev: ABS code=1 val=1917 (slot=1)
ev: SYN code=0
cnt=2 s0=PALM(3822,1917) s1=PALM(3129,2227) [filtered=152]
ev: ABS code=47 val=0 (slot=1)
ev: ABS code=54 val=1921 (slot=0)
ev: ABS code=47 val=1 (slot=0)
ev: ABS code=53 val=3130 (slot=1)
ev: ABS code=54 val=2233 (slot=1)
ev: ABS code=1 val=1921 (slot=1)
ev: SYN code=0
cnt=2 s0=PALM(3822,1921) s1=PALM(3130,2233) [filtered=153]
ev: ABS code=47 val=0 (slot=1)
ev: ABS code=54 val=1925 (slot=0)
ev: ABS code=47 val=1 (slot=0)
ev: ABS code=54 val=2239 (slot=1)
ev: ABS code=1 val=1925 (slot=1)
ev: SYN code=0
cnt=2 s0=PALM(3822,1925) s1=PALM(3130,2239) [filtered=154]
ev: ABS code=47 val=0 (slot=1)
ev: ABS code=53 val=3823 (slot=0)
ev: ABS code=54 val=1929 (slot=0)
ev: ABS code=47 val=1 (slot=0)
ev: ABS code=53 val=3131 (slot=1)
ev: ABS code=54 val=2245 (slot=1)
ev: ABS code=0 val=3823 (slot=1)
ev: ABS code=1 val=1929 (slot=1)
ev: SYN code=0
cnt=2 s0=PALM(3823,1929) s1=PALM(3131,2245) [filtered=155]
ev: ABS code=47 val=0 (slot=1)
ev: ABS code=53 val=3824 (slot=0)
ev: ABS code=54 val=1933 (slot=0)
ev: ABS code=47 val=1 (slot=0)
ev: ABS code=53 val=3132 (slot=1)
ev: ABS code=54 val=2251 (slot=1)
ev: ABS code=0 val=3824 (slot=1)
ev: ABS code=1 val=1933 (slot=1)
ev: SYN code=0
cnt=2 s0=PALM(3824,1933) s1=PALM(3132,2251) [filtered=156]
ev: ABS code=47 val=0 (slot=1)
ev: ABS code=54 val=1937 (slot=0)
ev: ABS code=47 val=1 (slot=0)
ev: ABS code=54 val=2258 (slot=1)
ev: ABS code=1 val=1937 (slot=1)
ev: SYN code=0
cnt=2 s0=PALM(3824,1937) s1=PALM(3132,2258) [filtered=157]
ev: ABS code=47 val=0 (slot=1)
ev: ABS code=54 val=1941 (slot=0)
ev: ABS code=47 val=1 (slot=0)
ev: ABS code=54 val=2264 (slot=1)
ev: ABS code=1 val=1941 (slot=1)
ev: SYN code=0
cnt=2 s0=PALM(3824,1941) s1=PALM(3132,2264) [filtered=158]
ev: ABS code=47 val=0 (slot=1)
ev: ABS code=53 val=3825 (slot=0)
ev: ABS code=54 val=1945 (slot=0)
ev: ABS code=47 val=1 (slot=0)
ev: ABS code=53 val=3133 (slot=1)
ev: ABS code=54 val=2271 (slot=1)
ev: ABS code=0 val=3825 (slot=1)
ev: ABS code=1 val=1945 (slot=1)
ev: SYN code=0
cnt=2 s0=PALM(3825,1945) s1=PALM(3133,2271) [filtered=159]
ev: ABS code=47 val=0 (slot=1)
ev: ABS code=54 val=1950 (slot=0)
ev: ABS code=47 val=1 (slot=0)
ev: ABS code=54 val=2279 (slot=1)
ev: ABS code=1 val=1950 (slot=1)
ev: SYN code=0
cnt=2 s0=PALM(3825,1950) s1=PALM(3133,2279) [filtered=160]
ev: ABS code=47 val=0 (slot=1)
ev: ABS code=54 val=1957 (slot=0)
ev: ABS code=47 val=1 (slot=0)
ev: ABS code=53 val=3134 (slot=1)
ev: ABS code=54 val=2287 (slot=1)
ev: ABS code=1 val=1957 (slot=1)
ev: SYN code=0
cnt=2 s0=PALM(3825,1957) s1=PALM(3134,2287) [filtered=161]
ev: ABS code=47 val=0 (slot=1)
ev: ABS code=53 val=3826 (slot=0)
ev: ABS code=54 val=1964 (slot=0)
ev: ABS code=47 val=1 (slot=0)
ev: ABS code=54 val=2296 (slot=1)
ev: ABS code=0 val=3826 (slot=1)
ev: ABS code=1 val=1964 (slot=1)
ev: SYN code=0
cnt=2 s0=PALM(3826,1964) s1=PALM(3134,2296) [filtered=162]
ev: ABS code=47 val=0 (slot=1)
ev: ABS code=54 val=1970 (slot=0)
ev: ABS code=47 val=1 (slot=0)
ev: ABS code=54 val=2304 (slot=1)
ev: ABS code=1 val=1970 (slot=1)
ev: SYN code=0
cnt=2 s0=PALM(3826,1970) s1=PALM(3134,2304) [filtered=163]
ev: ABS code=47 val=0 (slot=1)
ev: ABS code=54 val=1976 (slot=0)
ev: ABS code=47 val=1 (slot=0)
ev: ABS code=54 val=2312 (slot=1)
ev: ABS code=1 val=1976 (slot=1)
ev: SYN code=0
cnt=2 s0=PALM(3826,1976) s1=PALM(3134,2312) [filtered=164]
ev: ABS code=47 val=0 (slot=1)
ev: ABS code=54 val=1983 (slot=0)
ev: ABS code=47 val=1 (slot=0)
ev: ABS code=54 val=2320 (slot=1)
ev: ABS code=1 val=1983 (slot=1)
ev: SYN code=0
cnt=2 s0=PALM(3826,1983) s1=PALM(3134,2320) [filtered=165]
ev: ABS code=47 val=0 (slot=1)
ev: ABS code=54 val=1990 (slot=0)
ev: ABS code=47 val=1 (slot=0)
ev: ABS code=54 val=2328 (slot=1)
ev: ABS code=1 val=1990 (slot=1)
ev: SYN code=0
cnt=2 s0=PALM(3826,1990) s1=PALM(3134,2328) [filtered=166]
ev: ABS code=47 val=0 (slot=1)
ev: ABS code=53 val=3825 (slot=0)
ev: ABS code=54 val=1997 (slot=0)
ev: ABS code=47 val=1 (slot=0)
ev: ABS code=54 val=2335 (slot=1)
ev: ABS code=0 val=3825 (slot=1)
ev: ABS code=1 val=1997 (slot=1)
ev: SYN code=0
cnt=2 s0=PALM(3825,1997) s1=PALM(3134,2335) [filtered=167]
ev: ABS code=47 val=0 (slot=1)
ev: ABS code=54 val=2003 (slot=0)
ev: ABS code=47 val=1 (slot=0)
ev: ABS code=54 val=2341 (slot=1)
ev: ABS code=1 val=2003 (slot=1)
ev: SYN code=0
cnt=2 s0=PALM(3825,2003) s1=PALM(3134,2341) [filtered=168]
ev: ABS code=47 val=0 (slot=1)
ev: ABS code=54 val=2010 (slot=0)
ev: ABS code=47 val=1 (slot=0)
ev: ABS code=54 val=2347 (slot=1)
ev: ABS code=1 val=2010 (slot=1)
ev: SYN code=0
cnt=2 s0=PALM(3825,2010) s1=PALM(3134,2347) [filtered=169]
ev: ABS code=47 val=0 (slot=1)
ev: ABS code=53 val=3824 (slot=0)
ev: ABS code=54 val=2017 (slot=0)
ev: ABS code=47 val=1 (slot=0)
ev: ABS code=54 val=2352 (slot=1)
ev: ABS code=0 val=3824 (slot=1)
ev: ABS code=1 val=2017 (slot=1)
ev: SYN code=0
cnt=2 s0=PALM(3824,2017) s1=PALM(3134,2352) [filtered=170]
ev: ABS code=47 val=0 (slot=1)
ev: ABS code=53 val=3823 (slot=0)
ev: ABS code=54 val=2023 (slot=0)
ev: ABS code=47 val=1 (slot=0)
ev: ABS code=54 val=2357 (slot=1)
ev: ABS code=0 val=3823 (slot=1)
ev: ABS code=1 val=2023 (slot=1)
ev: SYN code=0
cnt=2 s0=PALM(3823,2023) s1=PALM(3134,2357) [filtered=171]
ev: ABS code=47 val=0 (slot=1)
ev: ABS code=54 val=2028 (slot=0)
ev: ABS code=47 val=1 (slot=0)
ev: ABS code=54 val=2361 (slot=1)
ev: ABS code=1 val=2028 (slot=1)
ev: SYN code=0
cnt=2 s0=PALM(3823,2028) s1=PALM(3134,2361) [filtered=172]
ev: ABS code=47 val=0 (slot=1)
ev: ABS code=53 val=3822 (slot=0)
ev: ABS code=54 val=2032 (slot=0)
ev: ABS code=47 val=1 (slot=0)
ev: ABS code=54 val=2365 (slot=1)
ev: ABS code=0 val=3822 (slot=1)
ev: ABS code=1 val=2032 (slot=1)
ev: SYN code=0
cnt=2 s0=PALM(3822,2032) s1=PALM(3134,2365) [filtered=173]
ev: ABS code=47 val=0 (slot=1)
ev: ABS code=53 val=3821 (slot=0)
ev: ABS code=54 val=2037 (slot=0)
ev: ABS code=47 val=1 (slot=0)
ev: ABS code=53 val=3133 (slot=1)
ev: ABS code=54 val=2368 (slot=1)
ev: ABS code=0 val=3821 (slot=1)
ev: ABS code=1 val=2037 (slot=1)
ev: SYN code=0
cnt=2 s0=PALM(3821,2037) s1=PALM(3133,2368) [filtered=174]
ev: ABS code=47 val=0 (slot=1)
ev: ABS code=53 val=3820 (slot=0)
ev: ABS code=54 val=2040 (slot=0)
ev: ABS code=47 val=1 (slot=0)
ev: ABS code=53 val=3132 (slot=1)
ev: ABS code=54 val=2370 (slot=1)
ev: ABS code=0 val=3820 (slot=1)
ev: ABS code=1 val=2040 (slot=1)
ev: SYN code=0
cnt=2 s0=PALM(3820,2040) s1=PALM(3132,2370) [filtered=175]
ev: ABS code=47 val=0 (slot=1)
ev: ABS code=53 val=3819 (slot=0)
ev: ABS code=54 val=2041 (slot=0)
ev: ABS code=47 val=1 (slot=0)
ev: ABS code=54 val=2373 (slot=1)
ev: ABS code=0 val=3819 (slot=1)
ev: ABS code=1 val=2041 (slot=1)
ev: SYN code=0
cnt=2 s0=PALM(3819,2041) s1=PALM(3132,2373) [filtered=176]
ev: ABS code=47 val=0 (slot=1)
ev: ABS code=53 val=3818 (slot=0)
ev: ABS code=54 val=2042 (slot=0)
ev: ABS code=47 val=1 (slot=0)
ev: ABS code=54 val=2375 (slot=1)
ev: ABS code=0 val=3818 (slot=1)
ev: ABS code=1 val=2042 (slot=1)
ev: SYN code=0
cnt=2 s0=PALM(3818,2042) s1=PALM(3132,2375) [filtered=177]
ev: ABS code=47 val=0 (slot=1)
ev: ABS code=53 val=3817 (slot=0)
ev: ABS code=54 val=2043 (slot=0)
ev: ABS code=47 val=1 (slot=0)
ev: ABS code=53 val=3131 (slot=1)
ev: ABS code=54 val=2376 (slot=1)
ev: ABS code=0 val=3817 (slot=1)
ev: ABS code=1 val=2043 (slot=1)
ev: SYN code=0
cnt=2 s0=PALM(3817,2043) s1=PALM(3131,2376) [filtered=178]
ev: ABS code=47 val=0 (slot=1)
ev: ABS code=53 val=3816 (slot=0)
ev: ABS code=54 val=2044 (slot=0)
ev: ABS code=47 val=1 (slot=0)
ev: ABS code=54 val=2377 (slot=1)
ev: ABS code=0 val=3816 (slot=1)
ev: ABS code=1 val=2044 (slot=1)
ev: SYN code=0
cnt=2 s0=PALM(3816,2044) s1=PALM(3131,2377) [filtered=179]
ev: ABS code=47 val=0 (slot=1)
ev: ABS code=53 val=3815 (slot=0)
ev: ABS code=54 val=2043 (slot=0)
ev: ABS code=47 val=1 (slot=0)
ev: ABS code=53 val=3130 (slot=1)
ev: ABS code=54 val=2378 (slot=1)
ev: ABS code=0 val=3815 (slot=1)
ev: ABS code=1 val=2043 (slot=1)
ev: SYN code=0
cnt=2 s0=PALM(3815,2043) s1=PALM(3130,2378) [filtered=180]
ev: ABS code=47 val=0 (slot=1)
ev: ABS code=53 val=3813 (slot=0)
ev: ABS code=54 val=2042 (slot=0)
ev: ABS code=47 val=1 (slot=0)
ev: ABS code=53 val=3129 (slot=1)
ev: ABS code=54 val=2379 (slot=1)
ev: ABS code=0 val=3813 (slot=1)
ev: ABS code=1 val=2042 (slot=1)
ev: SYN code=0
cnt=2 s0=PALM(3813,2042) s1=PALM(3129,2379) [filtered=181]
ev: ABS code=47 val=0 (slot=1)
ev: ABS code=53 val=3812 (slot=0)
ev: ABS code=54 val=2041 (slot=0)
ev: ABS code=0 val=3812 (slot=0)
ev: ABS code=1 val=2041 (slot=0)
ev: SYN code=0
cnt=2 s0=PALM(3812,2041) s1=PALM(3129,2379) [filtered=182]
ev: ABS code=53 val=3811 (slot=0)
ev: ABS code=54 val=2039 (slot=0)
ev: ABS code=47 val=1 (slot=0)
ev: ABS code=53 val=3128 (slot=1)
ev: ABS code=54 val=2378 (slot=1)
ev: ABS code=0 val=3811 (slot=1)
ev: ABS code=1 val=2039 (slot=1)
ev: SYN code=0
cnt=2 s0=PALM(3811,2039) s1=PALM(3128,2378) [filtered=183]
ev: ABS code=47 val=0 (slot=1)
ev: ABS code=53 val=3810 (slot=0)
ev: ABS code=54 val=2036 (slot=0)
ev: ABS code=47 val=1 (slot=0)
ev: ABS code=53 val=3127 (slot=1)
ev: ABS code=54 val=2376 (slot=1)
ev: ABS code=0 val=3810 (slot=1)
ev: ABS code=1 val=2036 (slot=1)
ev: SYN code=0
cnt=2 s0=PALM(3810,2036) s1=PALM(3127,2376) [filtered=184]
ev: ABS code=47 val=0 (slot=1)
ev: ABS code=53 val=3808 (slot=0)
ev: ABS code=54 val=2031 (slot=0)
ev: ABS code=47 val=1 (slot=0)
ev: ABS code=53 val=3126 (slot=1)
ev: ABS code=54 val=2373 (slot=1)
ev: ABS code=0 val=3808 (slot=1)
ev: ABS code=1 val=2031 (slot=1)
ev: SYN code=0
cnt=2 s0=PALM(3808,2031) s1=PALM(3126,2373) [filtered=185]
ev: ABS code=47 val=0 (slot=1)
ev: ABS code=53 val=3807 (slot=0)
ev: ABS code=54 val=2028 (slot=0)
ev: ABS code=47 val=1 (slot=0)
ev: ABS code=54 val=2371 (slot=1)
ev: ABS code=0 val=3807 (slot=1)
ev: ABS code=1 val=2028 (slot=1)
ev: SYN code=0
cnt=2 s0=PALM(3807,2028) s1=PALM(3126,2371) [filtered=186]
ev: ABS code=47 val=0 (slot=1)
ev: ABS code=53 val=3806 (slot=0)
ev: ABS code=54 val=2023 (slot=0)
ev: ABS code=47 val=1 (slot=0)
ev: ABS code=53 val=3125 (slot=1)
ev: ABS code=54 val=2366 (slot=1)
ev: ABS code=0 val=3806 (slot=1)
ev: ABS code=1 val=2023 (slot=1)
ev: SYN code=0
cnt=2 s0=PALM(3806,2023) s1=PALM(3125,2366) [filtered=187]
ev: ABS code=47 val=0 (slot=1)
ev: ABS code=53 val=3805 (slot=0)
ev: ABS code=54 val=2017 (slot=0)
ev: ABS code=47 val=1 (slot=0)
ev: ABS code=53 val=3124 (slot=1)
ev: ABS code=54 val=2359 (slot=1)
ev: ABS code=0 val=3805 (slot=1)
ev: ABS code=1 val=2017 (slot=1)
ev: SYN code=0
cnt=2 s0=PALM(3805,2017) s1=PALM(3124,2359) [filtered=188]
ev: ABS code=47 val=0 (slot=1)
ev: ABS code=53 val=3803 (slot=0)
ev: ABS code=54 val=2009 (slot=0)
ev: ABS code=47 val=1 (slot=0)
ev: ABS code=53 val=3123 (slot=1)
ev: ABS code=54 val=2350 (slot=1)
ev: ABS code=0 val=3803 (slot=1)
ev: ABS code=1 val=2009 (slot=1)
ev: SYN code=0
cnt=2 s0=PALM(3803,2009) s1=PALM(3123,2350) [filtered=189]
ev: ABS code=47 val=0 (slot=1)
ev: ABS code=53 val=3802 (slot=0)
ev: ABS code=54 val=2000 (slot=0)
ev: ABS code=47 val=1 (slot=0)
ev: ABS code=53 val=3122 (slot=1)
ev: ABS code=54 val=2339 (slot=1)
ev: ABS code=0 val=3802 (slot=1)
ev: ABS code=1 val=2000 (slot=1)
ev: SYN code=0
cnt=2 s0=PALM(3802,2000) s1=PALM(3122,2339) [filtered=190]
ev: ABS code=47 val=0 (slot=1)
ev: ABS code=53 val=3801 (slot=0)
ev: ABS code=54 val=1991 (slot=0)
ev: ABS code=47 val=1 (slot=0)
ev: ABS code=53 val=3121 (slot=1)
ev: ABS code=54 val=2329 (slot=1)
ev: ABS code=0 val=3801 (slot=1)
ev: ABS code=1 val=1991 (slot=1)
ev: SYN code=0
cnt=2 s0=PALM(3801,1991) s1=PALM(3121,2329) [filtered=191]
ev: ABS code=47 val=0 (slot=1)
ev: ABS code=53 val=3800 (slot=0)
ev: ABS code=54 val=1980 (slot=0)
ev: ABS code=47 val=1 (slot=0)
ev: ABS code=53 val=3120 (slot=1)
ev: ABS code=54 val=2317 (slot=1)
ev: ABS code=0 val=3800 (slot=1)
ev: ABS code=1 val=1980 (slot=1)
ev: SYN code=0
cnt=2 s0=PALM(3800,1980) s1=PALM(3120,2317) [filtered=192]
ev: ABS code=47 val=0 (slot=1)
ev: ABS code=54 val=1967 (slot=0)
ev: ABS code=47 val=1 (slot=0)
ev: ABS code=53 val=3119 (slot=1)
ev: ABS code=54 val=2303 (slot=1)
ev: ABS code=1 val=1967 (slot=1)
ev: SYN code=0
cnt=2 s0=PALM(3800,1967) s1=PALM(3119,2303) [filtered=193]
ev: ABS code=47 val=0 (slot=1)
ev: ABS code=54 val=1953 (slot=0)
ev: ABS code=47 val=1 (slot=0)
ev: ABS code=53 val=3118 (slot=1)
ev: ABS code=54 val=2287 (slot=1)
ev: ABS code=1 val=1953 (slot=1)
ev: SYN code=0
cnt=2 s0=PALM(3800,1953) s1=PALM(3118,2287) [filtered=194]
ev: ABS code=47 val=0 (slot=1)
ev: ABS code=54 val=1939 (slot=0)
ev: ABS code=47 val=1 (slot=0)
ev: ABS code=54 val=2271 (slot=1)
ev: ABS code=1 val=1939 (slot=1)
ev: SYN code=0
cnt=2 s0=PALM(3800,1939) s1=PALM(3118,2271) [filtered=195]
ev: ABS code=47 val=0 (slot=1)
ev: ABS code=53 val=3801 (slot=0)
ev: ABS code=54 val=1923 (slot=0)
ev: ABS code=47 val=1 (slot=0)
ev: ABS code=53 val=3117 (slot=1)
ev: ABS code=54 val=2254 (slot=1)
ev: ABS code=0 val=3801 (slot=1)
ev: ABS code=1 val=1923 (slot=1)
ev: SYN code=0
cnt=2 s0=PALM(3801,1923) s1=PALM(3117,2254) [filtered=196]
ev: ABS code=47 val=0 (slot=1)
ev: ABS code=53 val=3802 (slot=0)
ev: ABS code=54 val=1906 (slot=0)
ev: ABS code=47 val=1 (slot=0)
ev: ABS code=54 val=2234 (slot=1)
ev: ABS code=0 val=3802 (slot=1)
ev: ABS code=1 val=1906 (slot=1)
ev: SYN code=0
cnt=2 s0=PALM(3802,1906) s1=PALM(3117,2234) [filtered=197]
ev: ABS code=47 val=0 (slot=1)
ev: ABS code=53 val=3804 (slot=0)
ev: ABS code=54 val=1886 (slot=0)
ev: ABS code=47 val=1 (slot=0)
ev: ABS code=54 val=2212 (slot=1)
ev: ABS code=0 val=3804 (slot=1)
ev: ABS code=1 val=1886 (slot=1)
ev: SYN code=0
cnt=2 s0=fng (3804,1886) s1=PALM(3117,2212) [filtered=198]
ev: ABS code=47 val=0 (slot=1)
ev: ABS code=53 val=3806 (slot=0)
ev: ABS code=54 val=1865 (slot=0)
ev: ABS code=47 val=1 (slot=0)
ev: ABS code=53 val=3118 (slot=1)
ev: ABS code=54 val=2188 (slot=1)
ev: ABS code=0 val=3806 (slot=1)
ev: ABS code=1 val=1865 (slot=1)
ev: SYN code=0
cnt=2 s0=fng (3806,1865) s1=PALM(3118,2188) [filtered=199]
ev: ABS code=47 val=0 (slot=1)
ev: ABS code=53 val=3807 (slot=0)
ev: ABS code=54 val=1844 (slot=0)
ev: ABS code=47 val=1 (slot=0)
ev: ABS code=54 val=2164 (slot=1)
ev: ABS code=0 val=3807 (slot=1)
ev: ABS code=1 val=1844 (slot=1)
ev: SYN code=0
cnt=2 s0=fng (3807,1844) s1=PALM(3118,2164) [filtered=200]
ev: ABS code=47 val=0 (slot=1)
ev: ABS code=53 val=3810 (slot=0)
ev: ABS code=54 val=1820 (slot=0)
ev: ABS code=47 val=1 (slot=0)
ev: ABS code=53 val=3119 (slot=1)
ev: ABS code=54 val=2137 (slot=1)
ev: ABS code=0 val=3810 (slot=1)
ev: ABS code=1 val=1820 (slot=1)
ev: SYN code=0
cnt=2 s0=fng (3810,1820) s1=PALM(3119,2137) [filtered=201]
ev: ABS code=47 val=0 (slot=1)
ev: ABS code=53 val=3814 (slot=0)
ev: ABS code=54 val=1793 (slot=0)
ev: ABS code=47 val=1 (slot=0)
ev: ABS code=53 val=3121 (slot=1)
ev: ABS code=54 val=2105 (slot=1)
ev: ABS code=0 val=3814 (slot=1)
ev: ABS code=1 val=1793 (slot=1)
ev: SYN code=0
cnt=2 s0=fng (3814,1793) s1=PALM(3121,2105) [filtered=202]
ev: ABS code=47 val=0 (slot=1)
ev: ABS code=53 val=3820 (slot=0)
ev: ABS code=54 val=1762 (slot=0)
ev: ABS code=47 val=1 (slot=0)
ev: ABS code=53 val=3124 (slot=1)
ev: ABS code=54 val=2069 (slot=1)
ev: ABS code=0 val=3820 (slot=1)
ev: ABS code=1 val=1762 (slot=1)
ev: SYN code=0
cnt=2 s0=fng (3820,1762) s1=PALM(3124,2069) [filtered=203]
ev: ABS code=47 val=0 (slot=1)
ev: ABS code=53 val=3825 (slot=0)
ev: ABS code=54 val=1728 (slot=0)
ev: ABS code=47 val=1 (slot=0)
ev: ABS code=53 val=3128 (slot=1)
ev: ABS code=54 val=2029 (slot=1)
ev: ABS code=0 val=3825 (slot=1)
ev: ABS code=1 val=1728 (slot=1)
ev: SYN code=0
cnt=2 s0=fng (3825,1728) s1=PALM(3128,2029) [filtered=204]
ev: ABS code=47 val=0 (slot=1)
ev: ABS code=53 val=3830 (slot=0)
ev: ABS code=54 val=1695 (slot=0)
ev: ABS code=47 val=1 (slot=0)
ev: ABS code=53 val=3130 (slot=1)
ev: ABS code=54 val=1989 (slot=1)
ev: ABS code=0 val=3830 (slot=1)
ev: ABS code=1 val=1695 (slot=1)
ev: SYN code=0
cnt=2 s0=fng (3830,1695) s1=PALM(3130,1989) [filtered=205]
ev: ABS code=47 val=0 (slot=1)
ev: ABS code=53 val=3836 (slot=0)
ev: ABS code=54 val=1659 (slot=0)
ev: ABS code=47 val=1 (slot=0)
ev: ABS code=53 val=3135 (slot=1)
ev: ABS code=54 val=1947 (slot=1)
ev: ABS code=0 val=3836 (slot=1)
ev: ABS code=1 val=1659 (slot=1)
ev: SYN code=0
cnt=2 s0=fng (3836,1659) s1=PALM(3135,1947) [filtered=206]
ev: ABS code=47 val=0 (slot=1)
ev: ABS code=53 val=3843 (slot=0)
ev: ABS code=54 val=1622 (slot=0)
ev: ABS code=47 val=1 (slot=0)
ev: ABS code=53 val=3140 (slot=1)
ev: ABS code=54 val=1903 (slot=1)
ev: ABS code=0 val=3843 (slot=1)
ev: ABS code=1 val=1622 (slot=1)
ev: SYN code=0
cnt=2 s0=fng (3843,1622) s1=PALM(3140,1903) [filtered=207]
ev: ABS code=47 val=0 (slot=1)
ev: ABS code=53 val=3851 (slot=0)
ev: ABS code=54 val=1585 (slot=0)
ev: ABS code=47 val=1 (slot=0)
ev: ABS code=53 val=3146 (slot=1)
ev: ABS code=54 val=1858 (slot=1)
ev: ABS code=0 val=3851 (slot=1)
ev: ABS code=1 val=1585 (slot=1)
ev: SYN code=0
cnt=2 s0=fng (3851,1585) s1=fng (3146,1858) [filtered=207]
ev: ABS code=47 val=0 (slot=1)
ev: ABS code=53 val=3859 (slot=0)
ev: ABS code=54 val=1547 (slot=0)
ev: ABS code=47 val=1 (slot=0)
ev: ABS code=53 val=3154 (slot=1)
ev: ABS code=54 val=1812 (slot=1)
ev: ABS code=0 val=3859 (slot=1)
ev: ABS code=1 val=1547 (slot=1)
ev: SYN code=0
cnt=2 s0=fng (3859,1547) s1=fng (3154,1812) [filtered=207]
ev: ABS code=47 val=0 (slot=1)
ev: ABS code=53 val=3867 (slot=0)
ev: ABS code=54 val=1510 (slot=0)
ev: ABS code=47 val=1 (slot=0)
ev: ABS code=53 val=3161 (slot=1)
ev: ABS code=54 val=1767 (slot=1)
ev: ABS code=0 val=3867 (slot=1)
ev: ABS code=1 val=1510 (slot=1)
ev: SYN code=0
cnt=2 s0=fng (3867,1510) s1=fng (3161,1767) [filtered=207]
ev: ABS code=47 val=0 (slot=1)
ev: ABS code=53 val=3875 (slot=0)
ev: ABS code=54 val=1474 (slot=0)
ev: ABS code=47 val=1 (slot=0)
ev: ABS code=53 val=3169 (slot=1)
ev: ABS code=54 val=1722 (slot=1)
ev: ABS code=0 val=3875 (slot=1)
ev: ABS code=1 val=1474 (slot=1)
ev: SYN code=0
cnt=2 s0=fng (3875,1474) s1=fng (3169,1722) [filtered=207]
ev: ABS code=47 val=0 (slot=1)
ev: ABS code=53 val=3883 (slot=0)
ev: ABS code=54 val=1439 (slot=0)
ev: ABS code=47 val=1 (slot=0)
ev: ABS code=53 val=3177 (slot=1)
ev: ABS code=54 val=1677 (slot=1)
ev: ABS code=0 val=3883 (slot=1)
ev: ABS code=1 val=1439 (slot=1)
ev: SYN code=0
cnt=2 s0=fng (3883,1439) s1=fng (3177,1677) [filtered=207]
ev: ABS code=47 val=0 (slot=1)
ev: ABS code=53 val=3891 (slot=0)
ev: ABS code=54 val=1405 (slot=0)
ev: ABS code=47 val=1 (slot=0)
ev: ABS code=53 val=3185 (slot=1)
ev: ABS code=54 val=1632 (slot=1)
ev: ABS code=0 val=3891 (slot=1)
ev: ABS code=1 val=1405 (slot=1)
ev: SYN code=0
cnt=2 s0=fng (3891,1405) s1=fng (3185,1632) [filtered=207]
ev: ABS code=47 val=0 (slot=1)
ev: ABS code=53 val=3898 (slot=0)
ev: ABS code=54 val=1372 (slot=0)
ev: ABS code=47 val=1 (slot=0)
ev: ABS code=53 val=3192 (slot=1)
ev: ABS code=54 val=1587 (slot=1)
ev: ABS code=0 val=3898 (slot=1)
ev: ABS code=1 val=1372 (slot=1)
ev: SYN code=0
cnt=2 s0=fng (3898,1372) s1=fng (3192,1587) [filtered=207]
ev: ABS code=47 val=0 (slot=1)
ev: ABS code=53 val=3906 (slot=0)
ev: ABS code=54 val=1339 (slot=0)
ev: ABS code=47 val=1 (slot=0)
ev: ABS code=53 val=3201 (slot=1)
ev: ABS code=54 val=1543 (slot=1)
ev: ABS code=0 val=3906 (slot=1)
ev: ABS code=1 val=1339 (slot=1)
ev: SYN code=0
cnt=2 s0=fng (3906,1339) s1=fng (3201,1543) [filtered=207]
ev: ABS code=47 val=0 (slot=1)
ev: ABS code=53 val=3915 (slot=0)
ev: ABS code=54 val=1304 (slot=0)
ev: ABS code=47 val=1 (slot=0)
ev: ABS code=53 val=3210 (slot=1)
ev: ABS code=54 val=1500 (slot=1)
ev: ABS code=0 val=3915 (slot=1)
ev: ABS code=1 val=1304 (slot=1)
ev: SYN code=0
cnt=2 s0=fng (3915,1304) s1=fng (3210,1500) [filtered=207]
ev: ABS code=47 val=0 (slot=1)
ev: ABS code=53 val=3924 (slot=0)
ev: ABS code=54 val=1268 (slot=0)
ev: ABS code=47 val=1 (slot=0)
ev: ABS code=53 val=3219 (slot=1)
ev: ABS code=54 val=1458 (slot=1)
ev: ABS code=0 val=3924 (slot=1)
ev: ABS code=1 val=1268 (slot=1)
ev: SYN code=0
cnt=2 s0=fng (3924,1268) s1=fng (3219,1458) [filtered=207]
ev: ABS code=47 val=0 (slot=1)
ev: ABS code=53 val=3933 (slot=0)
ev: ABS code=54 val=1233 (slot=0)
ev: ABS code=47 val=1 (slot=0)
ev: ABS code=53 val=3228 (slot=1)
ev: ABS code=54 val=1417 (slot=1)
ev: ABS code=0 val=3933 (slot=1)
ev: ABS code=1 val=1233 (slot=1)
ev: SYN code=0
cnt=2 s0=fng (3933,1233) s1=fng (3228,1417) [filtered=207]
ev: ABS code=47 val=0 (slot=1)
ev: ABS code=53 val=3941 (slot=0)
ev: ABS code=54 val=1199 (slot=0)
ev: ABS code=47 val=1 (slot=0)
ev: ABS code=53 val=3236 (slot=1)
ev: ABS code=54 val=1376 (slot=1)
ev: ABS code=0 val=3941 (slot=1)
ev: ABS code=1 val=1199 (slot=1)
ev: SYN code=0
cnt=2 s0=fng (3941,1199) s1=fng (3236,1376) [filtered=207]
ev: ABS code=47 val=0 (slot=1)
ev: ABS code=53 val=3950 (slot=0)
ev: ABS code=54 val=1163 (slot=0)
ev: ABS code=47 val=1 (slot=0)
ev: ABS code=53 val=3243 (slot=1)
ev: ABS code=54 val=1335 (slot=1)
ev: ABS code=0 val=3950 (slot=1)
ev: ABS code=1 val=1163 (slot=1)
ev: SYN code=0
cnt=2 s0=fng (3950,1163) s1=fng (3243,1335) [filtered=207]
ev: ABS code=47 val=0 (slot=1)
ev: ABS code=53 val=3959 (slot=0)
ev: ABS code=54 val=1128 (slot=0)
ev: ABS code=47 val=1 (slot=0)
ev: ABS code=53 val=3251 (slot=1)
ev: ABS code=54 val=1295 (slot=1)
ev: ABS code=0 val=3959 (slot=1)
ev: ABS code=1 val=1128 (slot=1)
ev: SYN code=0
cnt=2 s0=fng (3959,1128) s1=fng (3251,1295) [filtered=207]
ev: ABS code=47 val=0 (slot=1)
ev: ABS code=53 val=3968 (slot=0)
ev: ABS code=54 val=1094 (slot=0)
ev: ABS code=47 val=1 (slot=0)
ev: ABS code=53 val=3258 (slot=1)
ev: ABS code=54 val=1257 (slot=1)
ev: ABS code=0 val=3968 (slot=1)
ev: ABS code=1 val=1094 (slot=1)
ev: SYN code=0
cnt=2 s0=fng (3968,1094) s1=fng (3258,1257) [filtered=207]
ev: ABS code=47 val=0 (slot=1)
ev: ABS code=53 val=3977 (slot=0)
ev: ABS code=54 val=1061 (slot=0)
ev: ABS code=47 val=1 (slot=0)
ev: ABS code=53 val=3265 (slot=1)
ev: ABS code=54 val=1220 (slot=1)
ev: ABS code=0 val=3977 (slot=1)
ev: ABS code=1 val=1061 (slot=1)
ev: SYN code=0
cnt=2 s0=fng (3977,1061) s1=fng (3265,1220) [filtered=207]
ev: ABS code=47 val=0 (slot=1)
ev: ABS code=53 val=3985 (slot=0)
ev: ABS code=54 val=1028 (slot=0)
ev: ABS code=47 val=1 (slot=0)
ev: ABS code=53 val=3271 (slot=1)
ev: ABS code=54 val=1184 (slot=1)
ev: ABS code=0 val=3985 (slot=1)
ev: ABS code=1 val=1028 (slot=1)
ev: SYN code=0
cnt=2 s0=fng (3985,1028) s1=fng (3271,1184) [filtered=207]
ev: ABS code=47 val=0 (slot=1)
ev: ABS code=53 val=3993 (slot=0)
ev: ABS code=54 val=995 (slot=0)
ev: ABS code=47 val=1 (slot=0)
ev: ABS code=53 val=3276 (slot=1)
ev: ABS code=54 val=1148 (slot=1)
ev: ABS code=0 val=3993 (slot=1)
ev: ABS code=1 val=995 (slot=1)
ev: SYN code=0
cnt=2 s0=fng (3993,995) s1=fng (3276,1148) [filtered=207]
ev: ABS code=47 val=0 (slot=1)
ev: ABS code=53 val=4001 (slot=0)
ev: ABS code=54 val=963 (slot=0)
ev: ABS code=47 val=1 (slot=0)
ev: ABS code=53 val=3281 (slot=1)
ev: ABS code=54 val=1114 (slot=1)
ev: ABS code=0 val=4001 (slot=1)
ev: ABS code=1 val=963 (slot=1)
ev: SYN code=0
cnt=2 s0=fng (4001,963) s1=fng (3281,1114) [filtered=207]
ev: ABS code=47 val=0 (slot=1)
ev: ABS code=53 val=4008 (slot=0)
ev: ABS code=54 val=932 (slot=0)
ev: ABS code=47 val=1 (slot=0)
ev: ABS code=53 val=3286 (slot=1)
ev: ABS code=54 val=1081 (slot=1)
ev: ABS code=0 val=4008 (slot=1)
ev: ABS code=1 val=932 (slot=1)
ev: SYN code=0
cnt=2 s0=fng (4008,932) s1=fng (3286,1081) [filtered=207]
ev: ABS code=47 val=0 (slot=1)
ev: ABS code=53 val=4014 (slot=0)
ev: ABS code=54 val=902 (slot=0)
ev: ABS code=47 val=1 (slot=0)
ev: ABS code=53 val=3290 (slot=1)
ev: ABS code=54 val=1049 (slot=1)
ev: ABS code=0 val=4014 (slot=1)
ev: ABS code=1 val=902 (slot=1)
ev: SYN code=0
cnt=2 s0=fng (4014,902) s1=fng (3290,1049) [filtered=207]
ev: ABS code=47 val=0 (slot=1)
ev: ABS code=53 val=4020 (slot=0)
ev: ABS code=54 val=874 (slot=0)
ev: ABS code=47 val=1 (slot=0)
ev: ABS code=53 val=3294 (slot=1)
ev: ABS code=54 val=1019 (slot=1)
ev: ABS code=0 val=4020 (slot=1)
ev: ABS code=1 val=874 (slot=1)
ev: SYN code=0
cnt=2 s0=fng (4020,874) s1=fng (3294,1019) [filtered=207]
ev: ABS code=47 val=0 (slot=1)
ev: ABS code=53 val=4025 (slot=0)
ev: ABS code=54 val=846 (slot=0)
ev: ABS code=47 val=1 (slot=0)
ev: ABS code=53 val=3299 (slot=1)
ev: ABS code=54 val=989 (slot=1)
ev: ABS code=0 val=4025 (slot=1)
ev: ABS code=1 val=846 (slot=1)
ev: SYN code=0
cnt=2 s0=fng (4025,846) s1=fng (3299,989) [filtered=207]
ev: ABS code=47 val=0 (slot=1)
ev: ABS code=53 val=4030 (slot=0)
ev: ABS code=54 val=820 (slot=0)
ev: ABS code=47 val=1 (slot=0)
ev: ABS code=53 val=3304 (slot=1)
ev: ABS code=54 val=960 (slot=1)
ev: ABS code=0 val=4030 (slot=1)
ev: ABS code=1 val=820 (slot=1)
ev: SYN code=0
cnt=2 s0=fng (4030,820) s1=fng (3304,960) [filtered=207]
ev: ABS code=47 val=0 (slot=1)
ev: ABS code=53 val=4035 (slot=0)
ev: ABS code=54 val=795 (slot=0)
ev: ABS code=47 val=1 (slot=0)
ev: ABS code=53 val=3309 (slot=1)
ev: ABS code=54 val=933 (slot=1)
ev: ABS code=0 val=4035 (slot=1)
ev: ABS code=1 val=795 (slot=1)
ev: SYN code=0
cnt=2 s0=fng (4035,795) s1=fng (3309,933) [filtered=207]
ev: ABS code=47 val=0 (slot=1)
ev: ABS code=53 val=4039 (slot=0)
ev: ABS code=54 val=771 (slot=0)
ev: ABS code=47 val=1 (slot=0)
ev: ABS code=53 val=3313 (slot=1)
ev: ABS code=54 val=907 (slot=1)
ev: ABS code=0 val=4039 (slot=1)
ev: ABS code=1 val=771 (slot=1)
ev: SYN code=0
cnt=2 s0=fng (4039,771) s1=fng (3313,907) [filtered=207]
ev: ABS code=47 val=0 (slot=1)
ev: ABS code=53 val=4043 (slot=0)
ev: ABS code=54 val=749 (slot=0)
ev: ABS code=47 val=1 (slot=0)
ev: ABS code=53 val=3316 (slot=1)
ev: ABS code=54 val=883 (slot=1)
ev: ABS code=0 val=4043 (slot=1)
ev: ABS code=1 val=749 (slot=1)
ev: SYN code=0
cnt=2 s0=fng (4043,749) s1=fng (3316,883) [filtered=207]
ev: ABS code=47 val=0 (slot=1)
ev: ABS code=53 val=4046 (slot=0)
ev: ABS code=54 val=729 (slot=0)
ev: ABS code=47 val=1 (slot=0)
ev: ABS code=53 val=3318 (slot=1)
ev: ABS code=54 val=861 (slot=1)
ev: ABS code=0 val=4046 (slot=1)
ev: ABS code=1 val=729 (slot=1)
ev: SYN code=0
cnt=2 s0=fng (4046,729) s1=fng (3318,861) [filtered=207]
ev: ABS code=47 val=0 (slot=1)
ev: ABS code=53 val=4049 (slot=0)
ev: ABS code=54 val=709 (slot=0)
ev: ABS code=47 val=1 (slot=0)
ev: ABS code=53 val=3320 (slot=1)
ev: ABS code=54 val=841 (slot=1)
ev: ABS code=0 val=4049 (slot=1)
ev: ABS code=1 val=709 (slot=1)
ev: SYN code=0
cnt=2 s0=fng (4049,709) s1=fng (3320,841) [filtered=207]
ev: ABS code=47 val=0 (slot=1)
ev: ABS code=53 val=4051 (slot=0)
ev: ABS code=54 val=690 (slot=0)
ev: ABS code=47 val=1 (slot=0)
ev: ABS code=53 val=3322 (slot=1)
ev: ABS code=54 val=821 (slot=1)
ev: ABS code=0 val=4051 (slot=1)
ev: ABS code=1 val=690 (slot=1)
ev: SYN code=0
cnt=2 s0=fng (4051,690) s1=fng (3322,821) [filtered=207]
ev: ABS code=47 val=0 (slot=1)
ev: ABS code=53 val=4052 (slot=0)
ev: ABS code=54 val=673 (slot=0)
ev: ABS code=47 val=1 (slot=0)
ev: ABS code=53 val=3323 (slot=1)
ev: ABS code=54 val=803 (slot=1)
ev: ABS code=0 val=4052 (slot=1)
ev: ABS code=1 val=673 (slot=1)
ev: SYN code=0
cnt=2 s0=fng (4052,673) s1=fng (3323,803) [filtered=207]
ev: ABS code=47 val=0 (slot=1)
ev: ABS code=53 val=4053 (slot=0)
ev: ABS code=54 val=657 (slot=0)
ev: ABS code=47 val=1 (slot=0)
ev: ABS code=53 val=3322 (slot=1)
ev: ABS code=54 val=787 (slot=1)
ev: ABS code=0 val=4053 (slot=1)
ev: ABS code=1 val=657 (slot=1)
ev: SYN code=0
cnt=2 s0=fng (4053,657) s1=fng (3322,787) [filtered=207]
ev: ABS code=47 val=0 (slot=1)
ev: ABS code=53 val=4054 (slot=0)
ev: ABS code=54 val=643 (slot=0)
ev: ABS code=47 val=1 (slot=0)
ev: ABS code=53 val=3323 (slot=1)
ev: ABS code=54 val=773 (slot=1)
ev: ABS code=0 val=4054 (slot=1)
ev: ABS code=1 val=643 (slot=1)
ev: SYN code=0
cnt=2 s0=fng (4054,643) s1=fng (3323,773) [filtered=207]
ev: ABS code=47 val=0 (slot=1)
ev: ABS code=53 val=4055 (slot=0)
ev: ABS code=54 val=631 (slot=0)
ev: ABS code=47 val=1 (slot=0)
ev: ABS code=53 val=3324 (slot=1)
ev: ABS code=54 val=761 (slot=1)
ev: ABS code=0 val=4055 (slot=1)
ev: ABS code=1 val=631 (slot=1)
ev: SYN code=0
cnt=2 s0=fng (4055,631) s1=fng (3324,761) [filtered=207]
ev: ABS code=47 val=0 (slot=1)
ev: ABS code=53 val=4056 (slot=0)
ev: ABS code=54 val=619 (slot=0)
ev: ABS code=47 val=1 (slot=0)
ev: ABS code=54 val=749 (slot=1)
ev: ABS code=0 val=4056 (slot=1)
ev: ABS code=1 val=619 (slot=1)
ev: SYN code=0
cnt=2 s0=fng (4056,619) s1=fng (3324,749) [filtered=207]
ev: ABS code=47 val=0 (slot=1)
ev: ABS code=54 val=608 (slot=0)
ev: ABS code=47 val=1 (slot=0)
ev: ABS code=54 val=738 (slot=1)
ev: ABS code=1 val=608 (slot=1)
ev: SYN code=0
cnt=2 s0=fng (4056,608) s1=fng (3324,738) [filtered=207]
ev: ABS code=47 val=0 (slot=1)
ev: ABS code=54 val=598 (slot=0)
ev: ABS code=47 val=1 (slot=0)
ev: ABS code=54 val=729 (slot=1)
ev: ABS code=1 val=598 (slot=1)
ev: SYN code=0
cnt=2 s0=fng (4056,598) s1=fng (3324,729) [filtered=207]
ev: ABS code=47 val=0 (slot=1)
ev: ABS code=54 val=589 (slot=0)
ev: ABS code=47 val=1 (slot=0)
ev: ABS code=54 val=721 (slot=1)
ev: ABS code=1 val=589 (slot=1)
ev: SYN code=0
cnt=2 s0=fng (4056,589) s1=fng (3324,721) [filtered=207]
ev: ABS code=47 val=0 (slot=1)
ev: ABS code=54 val=581 (slot=0)
ev: ABS code=47 val=1 (slot=0)
ev: ABS code=54 val=714 (slot=1)
ev: ABS code=1 val=581 (slot=1)
ev: SYN code=0
cnt=2 s0=fng (4056,581) s1=fng (3324,714) [filtered=207]
ev: ABS code=47 val=0 (slot=1)
ev: ABS code=54 val=573 (slot=0)
ev: ABS code=47 val=1 (slot=0)
ev: ABS code=54 val=707 (slot=1)
ev: ABS code=1 val=573 (slot=1)
ev: SYN code=0
cnt=2 s0=fng (4056,573) s1=fng (3324,707) [filtered=207]
ev: ABS code=47 val=0 (slot=1)
ev: ABS code=53 val=4055 (slot=0)
ev: ABS code=54 val=565 (slot=0)
ev: ABS code=47 val=1 (slot=0)
ev: ABS code=54 val=701 (slot=1)
ev: ABS code=0 val=4055 (slot=1)
ev: ABS code=1 val=565 (slot=1)
ev: SYN code=0
cnt=2 s0=fng (4055,565) s1=fng (3324,701) [filtered=207]
ev: ABS code=47 val=0 (slot=1)
ev: ABS code=54 val=557 (slot=0)
ev: ABS code=47 val=1 (slot=0)
ev: ABS code=54 val=696 (slot=1)
ev: ABS code=1 val=557 (slot=1)
ev: SYN code=0
cnt=2 s0=fng (4055,557) s1=fng (3324,696) [filtered=207]
ev: ABS code=47 val=0 (slot=1)
ev: ABS code=53 val=4054 (slot=0)
ev: ABS code=54 val=550 (slot=0)
ev: ABS code=47 val=1 (slot=0)
ev: ABS code=54 val=692 (slot=1)
ev: ABS code=0 val=4054 (slot=1)
ev: ABS code=1 val=550 (slot=1)
ev: SYN code=0
cnt=2 s0=fng (4054,550) s1=fng (3324,692) [filtered=207]
ev: ABS code=47 val=0 (slot=1)
ev: ABS code=54 val=543 (slot=0)
ev: ABS code=47 val=1 (slot=0)
ev: ABS code=54 val=688 (slot=1)
ev: ABS code=1 val=543 (slot=1)
ev: SYN code=0
cnt=2 s0=fng (4054,543) s1=fng (3324,688) [filtered=207]
ev: ABS code=47 val=0 (slot=1)
ev: ABS code=53 val=4053 (slot=0)
ev: ABS code=54 val=537 (slot=0)
ev: ABS code=47 val=1 (slot=0)
ev: ABS code=54 val=684 (slot=1)
ev: ABS code=0 val=4053 (slot=1)
ev: ABS code=1 val=537 (slot=1)
ev: SYN code=0
cnt=2 s0=fng (4053,537) s1=fng (3324,684) [filtered=207]
ev: ABS code=47 val=0 (slot=1)
ev: ABS code=53 val=4052 (slot=0)
ev: ABS code=54 val=531 (slot=0)
ev: ABS code=47 val=1 (slot=0)
ev: ABS code=54 val=681 (slot=1)
ev: ABS code=0 val=4052 (slot=1)
ev: ABS code=1 val=531 (slot=1)
ev: SYN code=0
cnt=2 s0=fng (4052,531) s1=fng (3324,681) [filtered=207]
ev: ABS code=47 val=0 (slot=1)
ev: ABS code=53 val=4051 (slot=0)
ev: ABS code=54 val=526 (slot=0)
ev: ABS code=47 val=1 (slot=0)
ev: ABS code=54 val=678 (slot=1)
ev: ABS code=0 val=4051 (slot=1)
ev: ABS code=1 val=526 (slot=1)
ev: SYN code=0
cnt=2 s0=fng (4051,526) s1=fng (3324,678) [filtered=207]
ev: ABS code=47 val=0 (slot=1)
ev: ABS code=53 val=4050 (slot=0)
ev: ABS code=54 val=521 (slot=0)
ev: ABS code=47 val=1 (slot=0)
ev: ABS code=54 val=675 (slot=1)
ev: ABS code=0 val=4050 (slot=1)
ev: ABS code=1 val=521 (slot=1)
ev: SYN code=0
cnt=2 s0=fng (4050,521) s1=fng (3324,675) [filtered=207]
ev: ABS code=47 val=0 (slot=1)
ev: ABS code=54 val=516 (slot=0)
ev: ABS code=47 val=1 (slot=0)
ev: ABS code=54 val=672 (slot=1)
ev: ABS code=1 val=516 (slot=1)
ev: SYN code=0
cnt=2 s0=fng (4050,516) s1=fng (3324,672) [filtered=207]
ev: ABS code=47 val=0 (slot=1)
ev: ABS code=54 val=511 (slot=0)
ev: ABS code=47 val=1 (slot=0)
ev: ABS code=54 val=669 (slot=1)
ev: ABS code=1 val=511 (slot=1)
ev: SYN code=0
cnt=2 s0=fng (4050,511) s1=fng (3324,669) [filtered=207]
ev: ABS code=47 val=0 (slot=1)
ev: ABS code=54 val=506 (slot=0)
ev: ABS code=47 val=1 (slot=0)
ev: ABS code=54 val=666 (slot=1)
ev: ABS code=1 val=506 (slot=1)
ev: SYN code=0
cnt=2 s0=fng (4050,506) s1=fng (3324,666) [filtered=207]
ev: ABS code=47 val=0 (slot=1)
ev: ABS code=54 val=502 (slot=0)
ev: ABS code=47 val=1 (slot=0)
ev: ABS code=54 val=663 (slot=1)
ev: ABS code=1 val=502 (slot=1)
ev: SYN code=0
cnt=2 s0=fng (4050,502) s1=fng (3324,663) [filtered=207]
ev: ABS code=47 val=0 (slot=1)
ev: ABS code=54 val=498 (slot=0)
ev: ABS code=47 val=1 (slot=0)
ev: ABS code=53 val=3325 (slot=1)
ev: ABS code=54 val=660 (slot=1)
ev: ABS code=1 val=498 (slot=1)
ev: SYN code=0
cnt=2 s0=fng (4050,498) s1=fng (3325,660) [filtered=207]
ev: ABS code=47 val=0 (slot=1)
ev: ABS code=54 val=494 (slot=0)
ev: ABS code=47 val=1 (slot=0)
ev: ABS code=54 val=657 (slot=1)
ev: ABS code=1 val=494 (slot=1)
ev: SYN code=0
cnt=2 s0=fng (4050,494) s1=fng (3325,657) [filtered=207]
ev: ABS code=47 val=0 (slot=1)
ev: ABS code=54 val=490 (slot=0)
ev: ABS code=47 val=1 (slot=0)
ev: ABS code=54 val=654 (slot=1)
ev: ABS code=1 val=490 (slot=1)
ev: SYN code=0
cnt=2 s0=fng (4050,490) s1=fng (3325,654) [filtered=207]
ev: ABS code=47 val=0 (slot=1)
ev: ABS code=54 val=487 (slot=0)
ev: ABS code=47 val=1 (slot=0)
ev: ABS code=53 val=3326 (slot=1)
ev: ABS code=54 val=652 (slot=1)
ev: ABS code=1 val=487 (slot=1)
ev: SYN code=0
cnt=2 s0=fng (4050,487) s1=fng (3326,652) [filtered=207]
ev: ABS code=47 val=0 (slot=1)
ev: ABS code=54 val=484 (slot=0)
ev: ABS code=47 val=1 (slot=0)
ev: ABS code=54 val=651 (slot=1)
ev: ABS code=1 val=484 (slot=1)
ev: SYN code=0
cnt=2 s0=fng (4050,484) s1=fng (3326,651) [filtered=207]
ev: ABS code=47 val=0 (slot=1)
ev: ABS code=54 val=482 (slot=0)
ev: ABS code=47 val=1 (slot=0)
ev: ABS code=53 val=3327 (slot=1)
ev: ABS code=54 val=650 (slot=1)
ev: ABS code=1 val=482 (slot=1)
ev: SYN code=0
cnt=2 s0=fng (4050,482) s1=fng (3327,650) [filtered=207]
ev: ABS code=47 val=0 (slot=1)
ev: ABS code=54 val=480 (slot=0)
ev: ABS code=47 val=1 (slot=0)
ev: ABS code=54 val=649 (slot=1)
ev: ABS code=1 val=480 (slot=1)
ev: SYN code=0
cnt=2 s0=fng (4050,480) s1=fng (3327,649) [filtered=207]
ev: ABS code=47 val=0 (slot=1)
ev: ABS code=54 val=479 (slot=0)
ev: ABS code=47 val=1 (slot=0)
ev: ABS code=53 val=3328 (slot=1)
ev: ABS code=1 val=479 (slot=1)
ev: SYN code=0
cnt=2 s0=fng (4050,479) s1=fng (3328,649) [filtered=207]
ev: ABS code=47 val=0 (slot=1)
ev: ABS code=53 val=4051 (slot=0)
ev: ABS code=54 val=478 (slot=0)
ev: ABS code=47 val=1 (slot=0)
ev: ABS code=53 val=3329 (slot=1)
ev: ABS code=0 val=4051 (slot=1)
ev: ABS code=1 val=478 (slot=1)
ev: SYN code=0
cnt=2 s0=fng (4051,478) s1=fng (3329,649) [filtered=207]
ev: ABS code=53 val=3330 (slot=1)
ev: SYN code=0
cnt=2 s0=fng (4051,478) s1=fng (3330,649) [filtered=207]
ev: ABS code=47 val=0 (slot=1)
ev: ABS code=53 val=4052 (slot=0)
ev: ABS code=47 val=1 (slot=0)
ev: ABS code=53 val=3331 (slot=1)
ev: ABS code=0 val=4052 (slot=1)
ev: SYN code=0
cnt=2 s0=fng (4052,478) s1=fng (3331,649) [filtered=207]
ev: SYN code=0
cnt=2 s0=fng (4052,478) s1=fng (3331,649) [filtered=207]
ev: ABS code=47 val=0 (slot=1)
ev: ABS code=57 val=-1 (slot=0)
ev: ABS code=47 val=1 (slot=0)
ev: ABS code=57 val=-1 (slot=1)
ev: KEY code=0x14a val=0
ev: KEY code=0x14d val=0
ev: SYN code=0
ev: ABS code=47 val=0 (slot=1)
ev: ABS code=57 val=106 (slot=0)
ev: ABS code=53 val=3100 (slot=0)
ev: ABS code=54 val=841 (slot=0)
ev: KEY code=0x14a val=1
ev: KEY code=0x145 val=1
ev: ABS code=0 val=3100 (slot=0)
ev: ABS code=1 val=841 (slot=0)
ev: SYN code=0
cnt=1 s0=fng (3100,841) [filtered=207]
ev: ABS code=54 val=842 (slot=0)
ev: ABS code=1 val=842 (slot=0)
ev: SYN code=0
cnt=1 s0=fng (3100,842) [filtered=207]
ev: SYN code=0
cnt=1 s0=fng (3100,842) [filtered=207]
ev: SYN code=0
cnt=1 s0=fng (3100,842) [filtered=207]
ev: ABS code=54 val=843 (slot=0)
ev: ABS code=1 val=843 (slot=0)
ev: SYN code=0
cnt=1 s0=fng (3100,843) [filtered=207]
ev: ABS code=53 val=3101 (slot=0)
ev: ABS code=54 val=844 (slot=0)
ev: ABS code=0 val=3101 (slot=0)
ev: ABS code=1 val=844 (slot=0)
ev: SYN code=0
cnt=1 s0=fng (3101,844) [filtered=207]
ev: ABS code=54 val=845 (slot=0)
ev: ABS code=1 val=845 (slot=0)
ev: SYN code=0
cnt=1 s0=fng (3101,845) [filtered=207]
ev: ABS code=54 val=846 (slot=0)
ev: ABS code=1 val=846 (slot=0)
ev: SYN code=0
cnt=1 s0=fng (3101,846) [filtered=207]
ev: ABS code=53 val=3103 (slot=0)
ev: ABS code=54 val=850 (slot=0)
ev: ABS code=0 val=3103 (slot=0)
ev: ABS code=1 val=850 (slot=0)
ev: SYN code=0
cnt=1 s0=fng (3103,850) [filtered=207]
ev: ABS code=53 val=3106 (slot=0)
ev: ABS code=54 val=856 (slot=0)
ev: ABS code=0 val=3106 (slot=0)
ev: ABS code=1 val=856 (slot=0)
ev: SYN code=0
cnt=1 s0=fng (3106,856) [filtered=207]
ev: ABS code=53 val=3110 (slot=0)
ev: ABS code=54 val=866 (slot=0)
ev: ABS code=0 val=3110 (slot=0)
ev: ABS code=1 val=866 (slot=0)
ev: SYN code=0
cnt=1 s0=fng (3110,866) [filtered=207]
ev: ABS code=53 val=3113 (slot=0)
ev: ABS code=54 val=876 (slot=0)
ev: ABS code=0 val=3113 (slot=0)
ev: ABS code=1 val=876 (slot=0)
ev: SYN code=0
cnt=1 s0=fng (3113,876) [filtered=207]
ev: ABS code=53 val=3118 (slot=0)
ev: ABS code=54 val=889 (slot=0)
ev: ABS code=0 val=3118 (slot=0)
ev: ABS code=1 val=889 (slot=0)
ev: SYN code=0
cnt=1 s0=fng (3118,889) [filtered=207]
ev: ABS code=53 val=3125 (slot=0)
ev: ABS code=54 val=906 (slot=0)
ev: ABS code=0 val=3125 (slot=0)
ev: ABS code=1 val=906 (slot=0)
ev: SYN code=0
cnt=1 s0=fng (3125,906) [filtered=207]
ev: ABS code=53 val=3134 (slot=0)
ev: ABS code=54 val=929 (slot=0)
ev: ABS code=0 val=3134 (slot=0)
ev: ABS code=1 val=929 (slot=0)
ev: SYN code=0
cnt=1 s0=fng (3134,929) [filtered=207]
ev: ABS code=53 val=3145 (slot=0)
ev: ABS code=54 val=959 (slot=0)
ev: ABS code=0 val=3145 (slot=0)
ev: ABS code=1 val=959 (slot=0)
ev: SYN code=0
cnt=1 s0=fng (3145,959) [filtered=207]
ev: ABS code=53 val=3155 (slot=0)
ev: ABS code=54 val=988 (slot=0)
ev: ABS code=0 val=3155 (slot=0)
ev: ABS code=1 val=988 (slot=0)
ev: SYN code=0
cnt=1 s0=fng (3155,988) [filtered=207]
ev: ABS code=53 val=3168 (slot=0)
ev: ABS code=54 val=1023 (slot=0)
ev: ABS code=0 val=3168 (slot=0)
ev: ABS code=1 val=1023 (slot=0)
ev: SYN code=0
cnt=1 s0=fng (3168,1023) [filtered=207]
ev: ABS code=53 val=3183 (slot=0)
ev: ABS code=54 val=1064 (slot=0)
ev: ABS code=0 val=3183 (slot=0)
ev: ABS code=1 val=1064 (slot=0)
ev: SYN code=0
cnt=1 s0=fng (3183,1064) [filtered=207]
ev: ABS code=53 val=3200 (slot=0)
ev: ABS code=54 val=1109 (slot=0)
ev: ABS code=0 val=3200 (slot=0)
ev: ABS code=1 val=1109 (slot=0)
ev: SYN code=0
cnt=1 s0=fng (3200,1109) [filtered=207]
ev: ABS code=53 val=3218 (slot=0)
ev: ABS code=54 val=1157 (slot=0)
ev: ABS code=0 val=3218 (slot=0)
ev: ABS code=1 val=1157 (slot=0)
ev: SYN code=0
cnt=1 s0=fng (3218,1157) [filtered=207]
ev: ABS code=53 val=3235 (slot=0)
ev: ABS code=54 val=1204 (slot=0)
ev: ABS code=0 val=3235 (slot=0)
ev: ABS code=1 val=1204 (slot=0)
ev: SYN code=0
cnt=1 s0=fng (3235,1204) [filtered=207]
ev: ABS code=53 val=3254 (slot=0)
ev: ABS code=54 val=1255 (slot=0)
ev: ABS code=0 val=3254 (slot=0)
ev: ABS code=1 val=1255 (slot=0)
ev: SYN code=0
cnt=1 s0=fng (3254,1255) [filtered=207]
ev: ABS code=53 val=3273 (slot=0)
ev: ABS code=54 val=1307 (slot=0)
ev: ABS code=0 val=3273 (slot=0)
ev: ABS code=1 val=1307 (slot=0)
ev: SYN code=0
cnt=1 s0=fng (3273,1307) [filtered=207]
ev: ABS code=53 val=3292 (slot=0)
ev: ABS code=54 val=1358 (slot=0)
ev: ABS code=0 val=3292 (slot=0)
ev: ABS code=1 val=1358 (slot=0)
ev: SYN code=0
cnt=1 s0=fng (3292,1358) [filtered=207]
ev: ABS code=53 val=3311 (slot=0)
ev: ABS code=54 val=1409 (slot=0)
ev: ABS code=0 val=3311 (slot=0)
ev: ABS code=1 val=1409 (slot=0)
ev: SYN code=0
cnt=1 s0=fng (3311,1409) [filtered=207]
ev: ABS code=53 val=3330 (slot=0)
ev: ABS code=54 val=1458 (slot=0)
ev: ABS code=0 val=3330 (slot=0)
ev: ABS code=1 val=1458 (slot=0)
ev: SYN code=0
cnt=1 s0=fng (3330,1458) [filtered=207]
ev: ABS code=53 val=3348 (slot=0)
ev: ABS code=54 val=1504 (slot=0)
ev: ABS code=0 val=3348 (slot=0)
ev: ABS code=1 val=1504 (slot=0)
ev: SYN code=0
cnt=1 s0=fng (3348,1504) [filtered=207]
ev: ABS code=53 val=3365 (slot=0)
ev: ABS code=54 val=1548 (slot=0)
ev: ABS code=0 val=3365 (slot=0)
ev: ABS code=1 val=1548 (slot=0)
ev: SYN code=0
cnt=1 s0=fng (3365,1548) [filtered=207]
ev: ABS code=53 val=3381 (slot=0)
ev: ABS code=54 val=1589 (slot=0)
ev: ABS code=0 val=3381 (slot=0)
ev: ABS code=1 val=1589 (slot=0)
ev: SYN code=0
cnt=1 s0=fng (3381,1589) [filtered=207]
ev: ABS code=53 val=3397 (slot=0)
ev: ABS code=54 val=1630 (slot=0)
ev: ABS code=0 val=3397 (slot=0)
ev: ABS code=1 val=1630 (slot=0)
ev: SYN code=0
cnt=1 s0=fng (3397,1630) [filtered=207]
ev: ABS code=53 val=3412 (slot=0)
ev: ABS code=54 val=1667 (slot=0)
ev: ABS code=0 val=3412 (slot=0)
ev: ABS code=1 val=1667 (slot=0)
ev: SYN code=0
cnt=1 s0=fng (3412,1667) [filtered=207]
ev: ABS code=53 val=3426 (slot=0)
ev: ABS code=54 val=1701 (slot=0)
ev: ABS code=0 val=3426 (slot=0)
ev: ABS code=1 val=1701 (slot=0)
ev: SYN code=0
cnt=1 s0=fng (3426,1701) [filtered=207]
ev: ABS code=53 val=3439 (slot=0)
ev: ABS code=54 val=1731 (slot=0)
ev: ABS code=0 val=3439 (slot=0)
ev: ABS code=1 val=1731 (slot=0)
ev: SYN code=0
cnt=1 s0=fng (3439,1731) [filtered=207]
ev: ABS code=53 val=3450 (slot=0)
ev: ABS code=54 val=1758 (slot=0)
ev: ABS code=0 val=3450 (slot=0)
ev: ABS code=1 val=1758 (slot=0)
ev: SYN code=0
cnt=1 s0=fng (3450,1758) [filtered=207]
ev: ABS code=53 val=3460 (slot=0)
ev: ABS code=54 val=1784 (slot=0)
ev: ABS code=0 val=3460 (slot=0)
ev: ABS code=1 val=1784 (slot=0)
ev: SYN code=0
cnt=1 s0=fng (3460,1784) [filtered=207]
ev: ABS code=53 val=3468 (slot=0)
ev: ABS code=54 val=1806 (slot=0)
ev: ABS code=0 val=3468 (slot=0)
ev: ABS code=1 val=1806 (slot=0)
ev: SYN code=0
cnt=1 s0=fng (3468,1806) [filtered=207]
ev: ABS code=53 val=3475 (slot=0)
ev: ABS code=54 val=1824 (slot=0)
ev: ABS code=0 val=3475 (slot=0)
ev: ABS code=1 val=1824 (slot=0)
ev: SYN code=0
cnt=1 s0=fng (3475,1824) [filtered=207]
ev: ABS code=53 val=3481 (slot=0)
ev: ABS code=54 val=1839 (slot=0)
ev: ABS code=0 val=3481 (slot=0)
ev: ABS code=1 val=1839 (slot=0)
ev: SYN code=0
cnt=1 s0=fng (3481,1839) [filtered=207]
ev: ABS code=53 val=3487 (slot=0)
ev: ABS code=54 val=1854 (slot=0)
ev: ABS code=0 val=3487 (slot=0)
ev: ABS code=1 val=1854 (slot=0)
ev: SYN code=0
cnt=1 s0=fng (3487,1854) [filtered=207]
ev: ABS code=53 val=3491 (slot=0)
ev: ABS code=54 val=1866 (slot=0)
ev: ABS code=0 val=3491 (slot=0)
ev: ABS code=1 val=1866 (slot=0)
ev: SYN code=0
cnt=1 s0=fng (3491,1866) [filtered=207]
ev: ABS code=53 val=3495 (slot=0)
ev: ABS code=54 val=1875 (slot=0)
ev: ABS code=0 val=3495 (slot=0)
ev: ABS code=1 val=1875 (slot=0)
ev: SYN code=0
cnt=1 s0=fng (3495,1875) [filtered=207]
ev: ABS code=53 val=3498 (slot=0)
ev: ABS code=54 val=1883 (slot=0)
ev: ABS code=0 val=3498 (slot=0)
ev: ABS code=1 val=1883 (slot=0)
ev: SYN code=0
cnt=1 s0=fng (3498,1883) [filtered=207]
ev: ABS code=53 val=3500 (slot=0)
ev: ABS code=54 val=1889 (slot=0)
ev: ABS code=0 val=3500 (slot=0)
ev: ABS code=1 val=1889 (slot=0)
ev: SYN code=0
cnt=1 s0=fng (3500,1889) [filtered=207]
ev: ABS code=53 val=3501 (slot=0)
ev: ABS code=54 val=1893 (slot=0)
ev: ABS code=0 val=3501 (slot=0)
ev: ABS code=1 val=1893 (slot=0)
ev: SYN code=0
cnt=1 s0=fng (3501,1893) [filtered=207]
ev: ABS code=53 val=3500 (slot=0)
ev: ABS code=54 val=1897 (slot=0)
ev: ABS code=0 val=3500 (slot=0)
ev: ABS code=1 val=1897 (slot=0)
ev: SYN code=0
cnt=1 s0=fng (3500,1897) [filtered=207]
ev: ABS code=57 val=-1 (slot=0)
ev: KEY code=0x14a val=0
ev: KEY code=0x145 val=0
ev: SYN code=0
ev: ABS code=57 val=107 (slot=0)
ev: ABS code=53 val=3073 (slot=0)
ev: ABS code=54 val=2360 (slot=0)
ev: KEY code=0x14a val=1
ev: KEY code=0x145 val=1
ev: ABS code=0 val=3073 (slot=0)
ev: ABS code=1 val=2360 (slot=0)
ev: SYN code=0
cnt=1 s0=fng (3073,2360) [filtered=207]
ev: ABS code=54 val=2359 (slot=0)
ev: ABS code=47 val=1 (slot=0)
ev: ABS code=57 val=108 (slot=1)
ev: ABS code=53 val=3645 (slot=1)
ev: ABS code=54 val=1902 (slot=1)
ev: KEY code=0x145 val=0
ev: KEY code=0x14d val=1
ev: ABS code=1 val=2359 (slot=1)
ev: SYN code=0
cnt=2 s0=PALM(3073,2359) s1=PALM(3645,1902) [filtered=208]
ev: ABS code=47 val=0 (slot=1)
ev: ABS code=54 val=2358 (slot=0)
ev: ABS code=1 val=2358 (slot=0)
ev: SYN code=0
cnt=2 s0=PALM(3073,2358) s1=PALM(3645,1902) [filtered=209]
ev: ABS code=53 val=3071 (slot=0)
ev: ABS code=54 val=2352 (slot=0)
ev: ABS code=47 val=1 (slot=0)
ev: ABS code=54 val=1901 (slot=1)
ev: ABS code=0 val=3071 (slot=1)
ev: ABS code=1 val=2352 (slot=1)
ev: SYN code=0
cnt=2 s0=PALM(3071,2352) s1=PALM(3645,1901) [filtered=210]
ev: ABS code=47 val=0 (slot=1)
ev: ABS code=53 val=3068 (slot=0)
ev: ABS code=54 val=2343 (slot=0)
ev: ABS code=47 val=1 (slot=0)
ev: ABS code=54 val=1899 (slot=1)
ev: ABS code=0 val=3068 (slot=1)
ev: ABS code=1 val=2343 (slot=1)
ev: SYN code=0
cnt=2 s0=PALM(3068,2343) s1=PALM(3645,1899) [filtered=211]
ev: ABS code=47 val=0 (slot=1)
ev: ABS code=53 val=3064 (slot=0)
ev: ABS code=54 val=2332 (slot=0)
ev: ABS code=47 val=1 (slot=0)
ev: ABS code=54 val=1895 (slot=1)
ev: ABS code=0 val=3064 (slot=1)
ev: ABS code=1 val=2332 (slot=1)
ev: SYN code=0
cnt=2 s0=PALM(3064,2332) s1=fng (3645,1895) [filtered=212]
ev: ABS code=47 val=0 (slot=1)
ev: ABS code=53 val=3060 (slot=0)
ev: ABS code=54 val=2317 (slot=0)
ev: ABS code=47 val=1 (slot=0)
ev: ABS code=54 val=1887 (slot=1)
ev: ABS code=0 val=3060 (slot=1)
ev: ABS code=1 val=2317 (slot=1)
ev: SYN code=0
cnt=2 s0=PALM(3060,2317) s1=fng (3645,1887) [filtered=213]
ev: ABS code=47 val=0 (slot=1)
ev: ABS code=53 val=3058 (slot=0)
ev: ABS code=54 val=2303 (slot=0)
ev: ABS code=47 val=1 (slot=0)
ev: ABS code=54 val=1880 (slot=1)
ev: ABS code=0 val=3058 (slot=1)
ev: ABS code=1 val=2303 (slot=1)
ev: SYN code=0
cnt=2 s0=PALM(3058,2303) s1=fng (3645,1880) [filtered=214]
ev: ABS code=47 val=0 (slot=1)
ev: ABS code=53 val=3056 (slot=0)
ev: ABS code=54 val=2287 (slot=0)
ev: ABS code=47 val=1 (slot=0)
ev: ABS code=53 val=3646 (slot=1)
ev: ABS code=54 val=1870 (slot=1)
ev: ABS code=0 val=3056 (slot=1)
ev: ABS code=1 val=2287 (slot=1)
ev: SYN code=0
cnt=2 s0=PALM(3056,2287) s1=fng (3646,1870) [filtered=215]
ev: ABS code=47 val=0 (slot=1)
ev: ABS code=53 val=3054 (slot=0)
ev: ABS code=54 val=2269 (slot=0)
ev: ABS code=47 val=1 (slot=0)
ev: ABS code=53 val=3647 (slot=1)
ev: ABS code=54 val=1858 (slot=1)
ev: ABS code=0 val=3054 (slot=1)
ev: ABS code=1 val=2269 (slot=1)
ev: SYN code=0
cnt=2 s0=PALM(3054,2269) s1=fng (3647,1858) [filtered=216]
ev: ABS code=47 val=0 (slot=1)
ev: ABS code=53 val=3052 (slot=0)
ev: ABS code=54 val=2249 (slot=0)
ev: ABS code=47 val=1 (slot=0)
ev: ABS code=53 val=3649 (slot=1)
ev: ABS code=54 val=1844 (slot=1)
ev: ABS code=0 val=3052 (slot=1)
ev: ABS code=1 val=2249 (slot=1)
ev: SYN code=0
cnt=2 s0=PALM(3052,2249) s1=fng (3649,1844) [filtered=217]
ev: ABS code=47 val=0 (slot=1)
ev: ABS code=53 val=3050 (slot=0)
ev: ABS code=54 val=2228 (slot=0)
ev: ABS code=47 val=1 (slot=0)
ev: ABS code=53 val=3651 (slot=1)
ev: ABS code=54 val=1827 (slot=1)
ev: ABS code=0 val=3050 (slot=1)
ev: ABS code=1 val=2228 (slot=1)
ev: SYN code=0
cnt=2 s0=PALM(3050,2228) s1=fng (3651,1827) [filtered=218]
ev: ABS code=47 val=0 (slot=1)
ev: ABS code=54 val=2207 (slot=0)
ev: ABS code=47 val=1 (slot=0)
ev: ABS code=53 val=3652 (slot=1)
ev: ABS code=54 val=1811 (slot=1)
ev: ABS code=1 val=2207 (slot=1)
ev: SYN code=0
cnt=2 s0=PALM(3050,2207) s1=fng (3652,1811) [filtered=219]
ev: ABS code=47 val=0 (slot=1)
ev: ABS code=53 val=3049 (slot=0)
ev: ABS code=54 val=2184 (slot=0)
ev: ABS code=47 val=1 (slot=0)
ev: ABS code=53 val=3655 (slot=1)
ev: ABS code=54 val=1793 (slot=1)
ev: ABS code=0 val=3049 (slot=1)
ev: ABS code=1 val=2184 (slot=1)
ev: SYN code=0
cnt=2 s0=PALM(3049,2184) s1=fng (3655,1793) [filtered=220]
ev: ABS code=47 val=0 (slot=1)
ev: ABS code=53 val=3048 (slot=0)
ev: ABS code=54 val=2160 (slot=0)
ev: ABS code=47 val=1 (slot=0)
ev: ABS code=53 val=3659 (slot=1)
ev: ABS code=54 val=1773 (slot=1)
ev: ABS code=0 val=3048 (slot=1)
ev: ABS code=1 val=2160 (slot=1)
ev: SYN code=0
cnt=2 s0=PALM(3048,2160) s1=fng (3659,1773) [filtered=221]
ev: ABS code=47 val=0 (slot=1)
ev: ABS code=54 val=2134 (slot=0)
ev: ABS code=47 val=1 (slot=0)
ev: ABS code=53 val=3664 (slot=1)
ev: ABS code=54 val=1752 (slot=1)
ev: ABS code=1 val=2134 (slot=1)
ev: SYN code=0
cnt=2 s0=PALM(3048,2134) s1=fng (3664,1752) [filtered=222]
ev: ABS code=47 val=0 (slot=1)
ev: ABS code=54 val=2109 (slot=0)
ev: ABS code=47 val=1 (slot=0)
ev: ABS code=53 val=3668 (slot=1)
ev: ABS code=54 val=1732 (slot=1)
ev: ABS code=1 val=2109 (slot=1)
ev: SYN code=0
cnt=2 s0=PALM(3048,2109) s1=fng (3668,1732) [filtered=223]
ev: ABS code=47 val=0 (slot=1)
ev: ABS code=53 val=3049 (slot=0)
ev: ABS code=54 val=2083 (slot=0)
ev: ABS code=47 val=1 (slot=0)
ev: ABS code=53 val=3673 (slot=1)
ev: ABS code=54 val=1710 (slot=1)
ev: ABS code=0 val=3049 (slot=1)
ev: ABS code=1 val=2083 (slot=1)
ev: SYN code=0
cnt=2 s0=PALM(3049,2083) s1=fng (3673,1710) [filtered=224]
ev: ABS code=47 val=0 (slot=1)
ev: ABS code=53 val=3050 (slot=0)
ev: ABS code=54 val=2054 (slot=0)
ev: ABS code=47 val=1 (slot=0)
ev: ABS code=53 val=3679 (slot=1)
ev: ABS code=54 val=1685 (slot=1)
ev: ABS code=0 val=3050 (slot=1)
ev: ABS code=1 val=2054 (slot=1)
ev: SYN code=0
cnt=2 s0=PALM(3050,2054) s1=fng (3679,1685) [filtered=225]
ev: ABS code=47 val=0 (slot=1)
ev: ABS code=53 val=3053 (slot=0)
ev: ABS code=54 val=2022 (slot=0)
ev: ABS code=47 val=1 (slot=0)
ev: ABS code=53 val=3686 (slot=1)
ev: ABS code=54 val=1659 (slot=1)
ev: ABS code=0 val=3053 (slot=1)
ev: ABS code=1 val=2022 (slot=1)
ev: SYN code=0
cnt=2 s0=PALM(3053,2022) s1=fng (3686,1659) [filtered=226]
ev: ABS code=47 val=0 (slot=1)
ev: ABS code=53 val=3056 (slot=0)
ev: ABS code=54 val=1988 (slot=0)
ev: ABS code=47 val=1 (slot=0)
ev: ABS code=53 val=3694 (slot=1)
ev: ABS code=54 val=1630 (slot=1)
ev: ABS code=0 val=3056 (slot=1)
ev: ABS code=1 val=1988 (slot=1)
ev: SYN code=0
cnt=2 s0=PALM(3056,1988) s1=fng (3694,1630) [filtered=227]
ev: ABS code=47 val=0 (slot=1)
ev: ABS code=53 val=3058 (slot=0)
ev: ABS code=54 val=1954 (slot=0)
ev: ABS code=47 val=1 (slot=0)
ev: ABS code=53 val=3701 (slot=1)
ev: ABS code=54 val=1601 (slot=1)
ev: ABS code=0 val=3058 (slot=1)
ev: ABS code=1 val=1954 (slot=1)
ev: SYN code=0
cnt=2 s0=PALM(3058,1954) s1=fng (3701,1601) [filtered=228]
ev: ABS code=47 val=0 (slot=1)
ev: ABS code=53 val=3062 (slot=0)
ev: ABS code=54 val=1917 (slot=0)
ev: ABS code=47 val=1 (slot=0)
ev: ABS code=53 val=3710 (slot=1)
ev: ABS code=54 val=1571 (slot=1)
ev: ABS code=0 val=3062 (slot=1)
ev: ABS code=1 val=1917 (slot=1)
ev: SYN code=0
cnt=2 s0=PALM(3062,1917) s1=fng (3710,1571) [filtered=229]
ev: ABS code=47 val=0 (slot=1)
ev: ABS code=53 val=3067 (slot=0)
ev: ABS code=54 val=1878 (slot=0)
ev: ABS code=47 val=1 (slot=0)
ev: ABS code=53 val=3719 (slot=1)
ev: ABS code=54 val=1539 (slot=1)
ev: ABS code=0 val=3067 (slot=1)
ev: ABS code=1 val=1878 (slot=1)
ev: SYN code=0
cnt=2 s0=fng (3067,1878) s1=fng (3719,1539) [filtered=229]
ev: ABS code=47 val=0 (slot=1)
ev: ABS code=53 val=3072 (slot=0)
ev: ABS code=54 val=1837 (slot=0)
ev: ABS code=47 val=1 (slot=0)
ev: ABS code=53 val=3729 (slot=1)
ev: ABS code=54 val=1506 (slot=1)
ev: ABS code=0 val=3072 (slot=1)
ev: ABS code=1 val=1837 (slot=1)
ev: SYN code=0
cnt=2 s0=fng (3072,1837) s1=fng (3729,1506) [filtered=229]
ev: ABS code=47 val=0 (slot=1)
ev: ABS code=53 val=3079 (slot=0)
ev: ABS code=54 val=1794 (slot=0)
ev: ABS code=47 val=1 (slot=0)
ev: ABS code=53 val=3740 (slot=1)
ev: ABS code=54 val=1471 (slot=1)
ev: ABS code=0 val=3079 (slot=1)
ev: ABS code=1 val=1794 (slot=1)
ev: SYN code=0
cnt=2 s0=fng (3079,1794) s1=fng (3740,1471) [filtered=229]
ev: ABS code=47 val=0 (slot=1)
ev: ABS code=53 val=3085 (slot=0)
ev: ABS code=54 val=1751 (slot=0)
ev: ABS code=47 val=1 (slot=0)
ev: ABS code=53 val=3750 (slot=1)
ev: ABS code=54 val=1436 (slot=1)
ev: ABS code=0 val=3085 (slot=1)
ev: ABS code=1 val=1751 (slot=1)
ev: SYN code=0
cnt=2 s0=fng (3085,1751) s1=fng (3750,1436) [filtered=229]
ev: ABS code=47 val=0 (slot=1)
ev: ABS code=53 val=3093 (slot=0)
ev: ABS code=54 val=1706 (slot=0)
ev: ABS code=47 val=1 (slot=0)
ev: ABS code=53 val=3762 (slot=1)
ev: ABS code=54 val=1400 (slot=1)
ev: ABS code=0 val=3093 (slot=1)
ev: ABS code=1 val=1706 (slot=1)
ev: SYN code=0
cnt=2 s0=fng (3093,1706) s1=fng (3762,1400) [filtered=229]
ev: ABS code=47 val=0 (slot=1)
ev: ABS code=53 val=3101 (slot=0)
ev: ABS code=54 val=1661 (slot=0)
ev: ABS code=47 val=1 (slot=0)
ev: ABS code=53 val=3774 (slot=1)
ev: ABS code=54 val=1363 (slot=1)
ev: ABS code=0 val=3101 (slot=1)
ev: ABS code=1 val=1661 (slot=1)
ev: SYN code=0
cnt=2 s0=fng (3101,1661) s1=fng (3774,1363) [filtered=229]
ev: ABS code=47 val=0 (slot=1)
ev: ABS code=53 val=3110 (slot=0)
ev: ABS code=54 val=1616 (slot=0)
ev: ABS code=47 val=1 (slot=0)
ev: ABS code=53 val=3787 (slot=1)
ev: ABS code=54 val=1326 (slot=1)
ev: ABS code=0 val=3110 (slot=1)
ev: ABS code=1 val=1616 (slot=1)
ev: SYN code=0
cnt=2 s0=fng (3110,1616) s1=fng (3787,1326) [filtered=229]
ev: ABS code=47 val=0 (slot=1)
ev: ABS code=53 val=3119 (slot=0)
ev: ABS code=54 val=1572 (slot=0)
ev: ABS code=47 val=1 (slot=0)
ev: ABS code=53 val=3799 (slot=1)
ev: ABS code=54 val=1290 (slot=1)
ev: ABS code=0 val=3119 (slot=1)
ev: ABS code=1 val=1572 (slot=1)
ev: SYN code=0
cnt=2 s0=fng (3119,1572) s1=fng (3799,1290) [filtered=229]
ev: ABS code=47 val=0 (slot=1)
ev: ABS code=53 val=3128 (slot=0)
ev: ABS code=54 val=1526 (slot=0)
ev: ABS code=47 val=1 (slot=0)
ev: ABS code=53 val=3811 (slot=1)
ev: ABS code=54 val=1252 (slot=1)
ev: ABS code=0 val=3128 (slot=1)
ev: ABS code=1 val=1526 (slot=1)
ev: SYN code=0
cnt=2 s0=fng (3128,1526) s1=fng (3811,1252) [filtered=229]
ev: ABS code=47 val=0 (slot=1)
ev: ABS code=53 val=3137 (slot=0)
ev: ABS code=54 val=1480 (slot=0)
ev: ABS code=47 val=1 (slot=0)
ev: ABS code=53 val=3824 (slot=1)
ev: ABS code=54 val=1214 (slot=1)
ev: ABS code=0 val=3137 (slot=1)
ev: ABS code=1 val=1480 (slot=1)
ev: SYN code=0
cnt=2 s0=fng (3137,1480) s1=fng (3824,1214) [filtered=229]
ev: ABS code=47 val=0 (slot=1)
ev: ABS code=53 val=3146 (slot=0)
ev: ABS code=54 val=1435 (slot=0)
ev: ABS code=47 val=1 (slot=0)
ev: ABS code=53 val=3837 (slot=1)
ev: ABS code=54 val=1176 (slot=1)
ev: ABS code=0 val=3146 (slot=1)
ev: ABS code=1 val=1435 (slot=1)
ev: SYN code=0
cnt=2 s0=fng (3146,1435) s1=fng (3837,1176) [filtered=229]
ev: ABS code=47 val=0 (slot=1)
ev: ABS code=53 val=3155 (slot=0)
ev: ABS code=54 val=1390 (slot=0)
ev: ABS code=47 val=1 (slot=0)
ev: ABS code=53 val=3850 (slot=1)
ev: ABS code=54 val=1139 (slot=1)
ev: ABS code=0 val=3155 (slot=1)
ev: ABS code=1 val=1390 (slot=1)
ev: SYN code=0
cnt=2 s0=fng (3155,1390) s1=fng (3850,1139) [filtered=229]
ev: ABS code=47 val=0 (slot=1)
ev: ABS code=53 val=3164 (slot=0)
ev: ABS code=54 val=1346 (slot=0)
ev: ABS code=47 val=1 (slot=0)
ev: ABS code=53 val=3862 (slot=1)
ev: ABS code=54 val=1103 (slot=1)
ev: ABS code=0 val=3164 (slot=1)
ev: ABS code=1 val=1346 (slot=1)
ev: SYN code=0
cnt=2 s0=fng (3164,1346) s1=fng (3862,1103) [filtered=229]
ev: ABS code=47 val=0 (slot=1)
ev: ABS code=53 val=3173 (slot=0)
ev: ABS code=54 val=1302 (slot=0)
ev: ABS code=47 val=1 (slot=0)
ev: ABS code=53 val=3874 (slot=1)
ev: ABS code=54 val=1066 (slot=1)
ev: ABS code=0 val=3173 (slot=1)
ev: ABS code=1 val=1302 (slot=1)
ev: SYN code=0
cnt=2 s0=fng (3173,1302) s1=fng (3874,1066) [filtered=229]
ev: ABS code=47 val=0 (slot=1)
ev: ABS code=53 val=3182 (slot=0)
ev: ABS code=54 val=1260 (slot=0)
ev: ABS code=47 val=1 (slot=0)
ev: ABS code=53 val=3886 (slot=1)
ev: ABS code=54 val=1031 (slot=1)
ev: ABS code=0 val=3182 (slot=1)
ev: ABS code=1 val=1260 (slot=1)
ev: SYN code=0
cnt=2 s0=fng (3182,1260) s1=fng (3886,1031) [filtered=229]
ev: ABS code=47 val=0 (slot=1)
ev: ABS code=53 val=3191 (slot=0)
ev: ABS code=54 val=1219 (slot=0)
ev: ABS code=47 val=1 (slot=0)
ev: ABS code=53 val=3898 (slot=1)
ev: ABS code=54 val=997 (slot=1)
ev: ABS code=0 val=3191 (slot=1)
ev: ABS code=1 val=1219 (slot=1)
ev: SYN code=0
cnt=2 s0=fng (3191,1219) s1=fng (3898,997) [filtered=229]
ev: ABS code=47 val=0 (slot=1)
ev: ABS code=53 val=3200 (slot=0)
ev: ABS code=54 val=1180 (slot=0)
ev: ABS code=47 val=1 (slot=0)
ev: ABS code=53 val=3909 (slot=1)
ev: ABS code=54 val=964 (slot=1)
ev: ABS code=0 val=3200 (slot=1)
ev: ABS code=1 val=1180 (slot=1)
ev: SYN code=0
cnt=2 s0=fng (3200,1180) s1=fng (3909,964) [filtered=229]
ev: ABS code=47 val=0 (slot=1)
ev: ABS code=53 val=3208 (slot=0)
ev: ABS code=54 val=1142 (slot=0)
ev: ABS code=47 val=1 (slot=0)
ev: ABS code=53 val=3919 (slot=1)
ev: ABS code=54 val=932 (slot=1)
ev: ABS code=0 val=3208 (slot=1)
ev: ABS code=1 val=1142 (slot=1)
ev: SYN code=0
cnt=2 s0=fng (3208,1142) s1=fng (3919,932) [filtered=229]
ev: ABS code=47 val=0 (slot=1)
ev: ABS code=53 val=3215 (slot=0)
ev: ABS code=54 val=1105 (slot=0)
ev: ABS code=47 val=1 (slot=0)
ev: ABS code=53 val=3928 (slot=1)
ev: ABS code=54 val=901 (slot=1)
ev: ABS code=0 val=3215 (slot=1)
ev: ABS code=1 val=1105 (slot=1)
ev: SYN code=0
cnt=2 s0=fng (3215,1105) s1=fng (3928,901) [filtered=229]
ev: ABS code=47 val=0 (slot=1)
ev: ABS code=53 val=3222 (slot=0)
ev: ABS code=54 val=1070 (slot=0)
ev: ABS code=47 val=1 (slot=0)
ev: ABS code=53 val=3936 (slot=1)
ev: ABS code=54 val=872 (slot=1)
ev: ABS code=0 val=3222 (slot=1)
ev: ABS code=1 val=1070 (slot=1)
ev: SYN code=0
cnt=2 s0=fng (3222,1070) s1=fng (3936,872) [filtered=229]
ev: ABS code=47 val=0 (slot=1)
ev: ABS code=53 val=3229 (slot=0)
ev: ABS code=54 val=1037 (slot=0)
ev: ABS code=47 val=1 (slot=0)
ev: ABS code=53 val=3945 (slot=1)
ev: ABS code=54 val=844 (slot=1)
ev: ABS code=0 val=3229 (slot=1)
ev: ABS code=1 val=1037 (slot=1)
ev: SYN code=0
cnt=2 s0=fng (3229,1037) s1=fng (3945,844) [filtered=229]
ev: ABS code=47 val=0 (slot=1)
ev: ABS code=53 val=3235 (slot=0)
ev: ABS code=54 val=1005 (slot=0)
ev: ABS code=47 val=1 (slot=0)
ev: ABS code=53 val=3953 (slot=1)
ev: ABS code=54 val=817 (slot=1)
ev: ABS code=0 val=3235 (slot=1)
ev: ABS code=1 val=1005 (slot=1)
ev: SYN code=0
cnt=2 s0=fng (3235,1005) s1=fng (3953,817) [filtered=229]
ev: ABS code=47 val=0 (slot=1)
ev: ABS code=53 val=3240 (slot=0)
ev: ABS code=54 val=974 (slot=0)
ev: ABS code=47 val=1 (slot=0)
ev: ABS code=53 val=3960 (slot=1)
ev: ABS code=54 val=793 (slot=1)
ev: ABS code=0 val=3240 (slot=1)
ev: ABS code=1 val=974 (slot=1)
ev: SYN code=0
cnt=2 s0=fng (3240,974) s1=fng (3960,793) [filtered=229]
ev: ABS code=47 val=0 (slot=1)
ev: ABS code=53 val=3244 (slot=0)
ev: ABS code=54 val=946 (slot=0)
ev: ABS code=47 val=1 (slot=0)
ev: ABS code=53 val=3965 (slot=1)
ev: ABS code=54 val=770 (slot=1)
ev: ABS code=0 val=3244 (slot=1)
ev: ABS code=1 val=946 (slot=1)
ev: SYN code=0
cnt=2 s0=fng (3244,946) s1=fng (3965,770) [filtered=229]
ev: ABS code=47 val=0 (slot=1)
ev: ABS code=53 val=3249 (slot=0)
ev: ABS code=54 val=919 (slot=0)
ev: ABS code=47 val=1 (slot=0)
ev: ABS code=53 val=3970 (slot=1)
ev: ABS code=54 val=748 (slot=1)
ev: ABS code=0 val=3249 (slot=1)
ev: ABS code=1 val=919 (slot=1)
ev: SYN code=0
cnt=2 s0=fng (3249,919) s1=fng (3970,748) [filtered=229]
ev: ABS code=47 val=0 (slot=1)
ev: ABS code=53 val=3254 (slot=0)
ev: ABS code=54 val=894 (slot=0)
ev: ABS code=47 val=1 (slot=0)
ev: ABS code=53 val=3974 (slot=1)
ev: ABS code=54 val=727 (slot=1)
ev: ABS code=0 val=3254 (slot=1)
ev: ABS code=1 val=894 (slot=1)
ev: SYN code=0
cnt=2 s0=fng (3254,894) s1=fng (3974,727) [filtered=229]
ev: ABS code=47 val=0 (slot=1)
ev: ABS code=53 val=3258 (slot=0)
ev: ABS code=54 val=870 (slot=0)
ev: ABS code=47 val=1 (slot=0)
ev: ABS code=53 val=3978 (slot=1)
ev: ABS code=54 val=707 (slot=1)
ev: ABS code=0 val=3258 (slot=1)
ev: ABS code=1 val=870 (slot=1)
ev: SYN code=0
cnt=2 s0=fng (3258,870) s1=fng (3978,707) [filtered=229]
ev: ABS code=47 val=0 (slot=1)
ev: ABS code=53 val=3262 (slot=0)
ev: ABS code=54 val=849 (slot=0)
ev: ABS code=47 val=1 (slot=0)
ev: ABS code=53 val=3982 (slot=1)
ev: ABS code=54 val=690 (slot=1)
ev: ABS code=0 val=3262 (slot=1)
ev: ABS code=1 val=849 (slot=1)
ev: SYN code=0
cnt=2 s0=fng (3262,849) s1=fng (3982,690) [filtered=229]
ev: ABS code=47 val=0 (slot=1)
ev: ABS code=53 val=3265 (slot=0)
ev: ABS code=54 val=830 (slot=0)
ev: ABS code=47 val=1 (slot=0)
ev: ABS code=53 val=3985 (slot=1)
ev: ABS code=54 val=675 (slot=1)
ev: ABS code=0 val=3265 (slot=1)
ev: ABS code=1 val=830 (slot=1)
ev: SYN code=0
cnt=2 s0=fng (3265,830) s1=fng (3985,675) [filtered=229]
ev: ABS code=47 val=0 (slot=1)
ev: ABS code=53 val=3268 (slot=0)
ev: ABS code=54 val=814 (slot=0)
ev: ABS code=47 val=1 (slot=0)
ev: ABS code=53 val=3988 (slot=1)
ev: ABS code=54 val=662 (slot=1)
ev: ABS code=0 val=3268 (slot=1)
ev: ABS code=1 val=814 (slot=1)
ev: SYN code=0
cnt=2 s0=fng (3268,814) s1=fng (3988,662) [filtered=229]
ev: ABS code=47 val=0 (slot=1)
ev: ABS code=53 val=3270 (slot=0)
ev: ABS code=54 val=798 (slot=0)
ev: ABS code=47 val=1 (slot=0)
ev: ABS code=53 val=3991 (slot=1)
ev: ABS code=54 val=649 (slot=1)
ev: ABS code=0 val=3270 (slot=1)
ev: ABS code=1 val=798 (slot=1)
ev: SYN code=0
cnt=2 s0=fng (3270,798) s1=fng (3991,649) [filtered=229]
ev: ABS code=47 val=0 (slot=1)
ev: ABS code=53 val=3272 (slot=0)
ev: ABS code=54 val=785 (slot=0)
ev: ABS code=47 val=1 (slot=0)
ev: ABS code=53 val=3993 (slot=1)
ev: ABS code=54 val=638 (slot=1)
ev: ABS code=0 val=3272 (slot=1)
ev: ABS code=1 val=785 (slot=1)
ev: SYN code=0
cnt=2 s0=fng (3272,785) s1=fng (3993,638) [filtered=229]
ev: ABS code=47 val=0 (slot=1)
ev: ABS code=53 val=3273 (slot=0)
ev: ABS code=54 val=774 (slot=0)
ev: ABS code=47 val=1 (slot=0)
ev: ABS code=53 val=3994 (slot=1)
ev: ABS code=54 val=629 (slot=1)
ev: ABS code=0 val=3273 (slot=1)
ev: ABS code=1 val=774 (slot=1)
ev: SYN code=0
cnt=2 s0=fng (3273,774) s1=fng (3994,629) [filtered=229]
ev: ABS code=47 val=0 (slot=1)
ev: ABS code=53 val=3275 (slot=0)
ev: ABS code=54 val=766 (slot=0)
ev: ABS code=47 val=1 (slot=0)
ev: ABS code=53 val=3995 (slot=1)
ev: ABS code=54 val=621 (slot=1)
ev: ABS code=0 val=3275 (slot=1)
ev: ABS code=1 val=766 (slot=1)
ev: SYN code=0
cnt=2 s0=fng (3275,766) s1=fng (3995,621) [filtered=229]
ev: ABS code=47 val=0 (slot=1)
ev: ABS code=53 val=3276 (slot=0)
ev: ABS code=54 val=759 (slot=0)
ev: ABS code=47 val=1 (slot=0)
ev: ABS code=53 val=3997 (slot=1)
ev: ABS code=54 val=615 (slot=1)
ev: ABS code=0 val=3276 (slot=1)
ev: ABS code=1 val=759 (slot=1)
ev: SYN code=0
cnt=2 s0=fng (3276,759) s1=fng (3997,615) [filtered=229]
ev: ABS code=47 val=0 (slot=1)
ev: ABS code=53 val=3277 (slot=0)
ev: ABS code=54 val=752 (slot=0)
ev: ABS code=47 val=1 (slot=0)
ev: ABS code=53 val=3998 (slot=1)
ev: ABS code=54 val=609 (slot=1)
ev: ABS code=0 val=3277 (slot=1)
ev: ABS code=1 val=752 (slot=1)
ev: SYN code=0
cnt=2 s0=fng (3277,752) s1=fng (3998,609) [filtered=229]
ev: ABS code=47 val=0 (slot=1)
ev: ABS code=53 val=3278 (slot=0)
ev: ABS code=54 val=747 (slot=0)
ev: ABS code=47 val=1 (slot=0)
ev: ABS code=53 val=3999 (slot=1)
ev: ABS code=54 val=605 (slot=1)
ev: ABS code=0 val=3278 (slot=1)
ev: ABS code=1 val=747 (slot=1)
ev: SYN code=0
cnt=2 s0=fng (3278,747) s1=fng (3999,605) [filtered=229]
ev: ABS code=47 val=0 (slot=1)
ev: ABS code=54 val=743 (slot=0)
ev: ABS code=47 val=1 (slot=0)
ev: ABS code=54 val=601 (slot=1)
ev: ABS code=1 val=743 (slot=1)
ev: SYN code=0
cnt=2 s0=fng (3278,743) s1=fng (3999,601) [filtered=229]
ev: ABS code=47 val=0 (slot=1)
ev: ABS code=53 val=3279 (slot=0)
ev: ABS code=54 val=740 (slot=0)
ev: ABS code=47 val=1 (slot=0)
ev: ABS code=53 val=4000 (slot=1)
ev: ABS code=54 val=598 (slot=1)
ev: ABS code=0 val=3279 (slot=1)
ev: ABS code=1 val=740 (slot=1)
ev: SYN code=0
cnt=2 s0=fng (3279,740) s1=fng (4000,598) [filtered=229]
ev: ABS code=47 val=0 (slot=1)
ev: ABS code=53 val=3280 (slot=0)
ev: ABS code=54 val=738 (slot=0)
ev: ABS code=47 val=1 (slot=0)
ev: ABS code=54 val=596 (slot=1)
ev: ABS code=0 val=3280 (slot=1)
ev: ABS code=1 val=738 (slot=1)
ev: SYN code=0
cnt=2 s0=fng (3280,738) s1=fng (4000,596) [filtered=229]
ev: ABS code=47 val=0 (slot=1)
ev: ABS code=54 val=736 (slot=0)
ev: ABS code=47 val=1 (slot=0)
ev: ABS code=54 val=594 (slot=1)
ev: ABS code=1 val=736 (slot=1)
ev: SYN code=0
cnt=2 s0=fng (3280,736) s1=fng (4000,594) [filtered=229]
ev: ABS code=47 val=0 (slot=1)
ev: ABS code=54 val=734 (slot=0)
ev: ABS code=47 val=1 (slot=0)
ev: ABS code=54 val=593 (slot=1)
ev: ABS code=1 val=734 (slot=1)
ev: SYN code=0
cnt=2 s0=fng (3280,734) s1=fng (4000,593) [filtered=229]
ev: ABS code=47 val=0 (slot=1)
ev: ABS code=54 val=733 (slot=0)
ev: ABS code=1 val=733 (slot=0)
ev: SYN code=0
cnt=2 s0=fng (3280,733) s1=fng (4000,593) [filtered=229]
ev: SYN code=0
cnt=2 s0=fng (3280,733) s1=fng (4000,593) [filtered=229]
ev: SYN code=0
cnt=2 s0=fng (3280,733) s1=fng (4000,593) [filtered=229]
ev: SYN code=0
cnt=2 s0=fng (3280,733) s1=fng (4000,593) [filtered=229]
ev: SYN code=0
cnt=2 s0=fng (3280,733) s1=fng (4000,593) [filtered=229]
ev: SYN code=0
cnt=2 s0=fng (3280,733) s1=fng (4000,593) [filtered=229]
ev: ABS code=47 val=1 (slot=0)
ev: ABS code=53 val=3999 (slot=1)
ev: SYN code=0
cnt=2 s0=fng (3280,733) s1=fng (3999,593) [filtered=229]
ev: SYN code=0
cnt=2 s0=fng (3280,733) s1=fng (3999,593) [filtered=229]
ev: ABS code=47 val=0 (slot=1)
ev: ABS code=53 val=3281 (slot=0)
ev: ABS code=0 val=3281 (slot=0)
ev: SYN code=0
cnt=2 s0=fng (3281,733) s1=fng (3999,593) [filtered=229]
ev: SYN code=0
cnt=2 s0=fng (3281,733) s1=fng (3999,593) [filtered=229]
ev: SYN code=0
cnt=2 s0=fng (3281,733) s1=fng (3999,593) [filtered=229]
ev: SYN code=0
cnt=2 s0=fng (3281,733) s1=fng (3999,593) [filtered=229]
ev: SYN code=0
cnt=2 s0=fng (3281,733) s1=fng (3999,593) [filtered=229]
ev: SYN code=0
cnt=2 s0=fng (3281,733) s1=fng (3999,593) [filtered=229]
ev: ABS code=53 val=3282 (slot=0)
ev: ABS code=0 val=3282 (slot=0)
ev: SYN code=0
cnt=2 s0=fng (3282,733) s1=fng (3999,593) [filtered=229]
ev: SYN code=0
cnt=2 s0=fng (3282,733) s1=fng (3999,593) [filtered=229]
ev: SYN code=0
cnt=2 s0=PALM(3282,733)* s1=PALM(3999,593)* [filtered=230]
ev: SYN code=0
cnt=2 s0=PALM(3282,733)* s1=PALM(3999,593)* [filtered=231]
ev: SYN code=0
cnt=2 s0=PALM(3282,733)* s1=PALM(3999,593)* [filtered=232]
ev: SYN code=0
cnt=2 s0=PALM(3282,733)* s1=PALM(3999,593)* [filtered=233]
ev: SYN code=0
cnt=2 s0=PALM(3282,733)* s1=PALM(3999,593)* [filtered=234]
ev: SYN code=0
cnt=2 s0=PALM(3282,733)* s1=PALM(3999,593)* [filtered=235]
ev: ABS code=53 val=3283 (slot=0)
ev: ABS code=0 val=3283 (slot=0)
ev: SYN code=0
cnt=2 s0=PALM(3283,733)* s1=PALM(3999,593)* [filtered=236]
ev: SYN code=0
cnt=2 s0=PALM(3283,733)* s1=PALM(3999,593)* [filtered=237]
ev: SYN code=0
cnt=2 s0=PALM(3283,733)* s1=PALM(3999,593)* [filtered=238]
ev: SYN code=0
cnt=2 s0=PALM(3283,733)* s1=PALM(3999,593)* [filtered=239]
ev: SYN code=0
cnt=2 s0=PALM(3283,733)* s1=PALM(3999,593)* [filtered=240]
ev: SYN code=0
cnt=2 s0=PALM(3283,733)* s1=PALM(3999,593)* [filtered=241]
ev: SYN code=0
cnt=2 s0=PALM(3283,733)* s1=PALM(3999,593)* [filtered=242]
ev: SYN code=0
cnt=2 s0=PALM(3283,733)* s1=PALM(3999,593)* [filtered=243]
ev: SYN code=0
cnt=2 s0=PALM(3283,733)* s1=PALM(3999,593)* [filtered=244]
ev: SYN code=0
cnt=2 s0=PALM(3283,733)* s1=PALM(3999,593)* [filtered=245]
ev: SYN code=0
cnt=2 s0=PALM(3283,733)* s1=PALM(3999,593)* [filtered=246]
ev: SYN code=0
cnt=2 s0=PALM(3283,733)* s1=PALM(3999,593)* [filtered=247]
ev: SYN code=0
cnt=2 s0=PALM(3283,733)* s1=PALM(3999,593)* [filtered=248]
ev: SYN code=0
cnt=2 s0=PALM(3283,733)* s1=PALM(3999,593)* [filtered=249]
ev: SYN code=0
cnt=2 s0=PALM(3283,733)* s1=PALM(3999,593)* [filtered=250]
ev: SYN code=0
cnt=2 s0=PALM(3283,733)* s1=PALM(3999,593)* [filtered=251]
ev: SYN code=0
cnt=2 s0=PALM(3283,733)* s1=PALM(3999,593)* [filtered=252]
ev: SYN code=0
cnt=2 s0=PALM(3283,733)* s1=PALM(3999,593)* [filtered=253]
ev: SYN code=0
cnt=2 s0=PALM(3283,733)* s1=PALM(3999,593)* [filtered=254]
ev: SYN code=0
cnt=2 s0=PALM(3283,733)* s1=PALM(3999,593)* [filtered=255]
ev: SYN code=0
cnt=2 s0=PALM(3283,733)* s1=PALM(3999,593)* [filtered=256]
ev: ABS code=53 val=3284 (slot=0)
ev: ABS code=54 val=736 (slot=0)
ev: ABS code=0 val=3284 (slot=0)
ev: ABS code=1 val=736 (slot=0)
ev: SYN code=0
cnt=2 s0=fng (3284,736) s1=PALM(3999,593)* [filtered=257]
ev: ABS code=54 val=739 (slot=0)
ev: ABS code=1 val=739 (slot=0)
ev: SYN code=0
cnt=2 s0=fng (3284,739) s1=PALM(3999,593)* [filtered=258]
ev: ABS code=54 val=742 (slot=0)
ev: ABS code=1 val=742 (slot=0)
ev: SYN code=0
cnt=2 s0=fng (3284,742) s1=PALM(3999,593)* [filtered=259]
ev: ABS code=54 val=745 (slot=0)
ev: ABS code=47 val=1 (slot=0)
ev: ABS code=53 val=3998 (slot=1)
ev: ABS code=1 val=745 (slot=1)
ev: SYN code=0
cnt=2 s0=fng (3284,745) s1=PALM(3998,593)* [filtered=260]
ev: ABS code=47 val=0 (slot=1)
ev: ABS code=54 val=749 (slot=0)
ev: ABS code=47 val=1 (slot=0)
ev: ABS code=54 val=596 (slot=1)
ev: ABS code=1 val=749 (slot=1)
ev: SYN code=0
cnt=2 s0=fng (3284,749) s1=PALM(3998,596)* [filtered=261]
ev: ABS code=47 val=0 (slot=1)
ev: ABS code=54 val=754 (slot=0)
ev: ABS code=47 val=1 (slot=0)
ev: ABS code=54 val=599 (slot=1)
ev: ABS code=1 val=754 (slot=1)
ev: SYN code=0
cnt=2 s0=fng (3284,754) s1=PALM(3998,599)* [filtered=262]
ev: ABS code=47 val=0 (slot=1)
ev: ABS code=54 val=759 (slot=0)
ev: ABS code=47 val=1 (slot=0)
ev: ABS code=54 val=602 (slot=1)
ev: ABS code=1 val=759 (slot=1)
ev: SYN code=0
cnt=2 s0=fng (3284,759) s1=PALM(3998,602)* [filtered=263]
ev: ABS code=47 val=0 (slot=1)
ev: ABS code=54 val=765 (slot=0)
ev: ABS code=47 val=1 (slot=0)
ev: ABS code=54 val=605 (slot=1)
ev: ABS code=1 val=765 (slot=1)
ev: SYN code=0
cnt=2 s0=fng (3284,765) s1=PALM(3998,605)* [filtered=264]
ev: ABS code=47 val=0 (slot=1)
ev: ABS code=54 val=771 (slot=0)
ev: ABS code=47 val=1 (slot=0)
ev: ABS code=53 val=3997 (slot=1)
ev: ABS code=54 val=608 (slot=1)
ev: ABS code=1 val=771 (slot=1)
ev: SYN code=0
cnt=2 s0=fng (3284,771) s1=fng (3997,608) [filtered=264]
ev: ABS code=47 val=0 (slot=1)
ev: ABS code=53 val=3283 (slot=0)
ev: ABS code=54 val=779 (slot=0)
ev: ABS code=47 val=1 (slot=0)
ev: ABS code=54 val=611 (slot=1)
ev: ABS code=0 val=3283 (slot=1)
ev: ABS code=1 val=779 (slot=1)
ev: SYN code=0
cnt=2 s0=fng (3283,779) s1=fng (3997,611) [filtered=264]
ev: ABS code=47 val=0 (slot=1)
ev: ABS code=53 val=3281 (slot=0)
ev: ABS code=54 val=789 (slot=0)
ev: ABS code=47 val=1 (slot=0)
ev: ABS code=54 val=615 (slot=1)
ev: ABS code=0 val=3281 (slot=1)
ev: ABS code=1 val=789 (slot=1)
ev: SYN code=0
cnt=2 s0=fng (3281,789) s1=fng (3997,615) [filtered=264]
ev: ABS code=47 val=0 (slot=1)
ev: ABS code=53 val=3280 (slot=0)
ev: ABS code=54 val=798 (slot=0)
ev: ABS code=47 val=1 (slot=0)
ev: ABS code=54 val=619 (slot=1)
ev: ABS code=0 val=3280 (slot=1)
ev: ABS code=1 val=798 (slot=1)
ev: SYN code=0
cnt=2 s0=fng (3280,798) s1=fng (3997,619) [filtered=264]
ev: ABS code=47 val=0 (slot=1)
ev: ABS code=53 val=3278 (slot=0)
ev: ABS code=54 val=808 (slot=0)
ev: ABS code=47 val=1 (slot=0)
ev: ABS code=54 val=624 (slot=1)
ev: ABS code=0 val=3278 (slot=1)
ev: ABS code=1 val=808 (slot=1)
ev: SYN code=0
cnt=2 s0=fng (3278,808) s1=fng (3997,624) [filtered=264]
ev: ABS code=47 val=0 (slot=1)
ev: ABS code=53 val=3275 (slot=0)
ev: ABS code=54 val=821 (slot=0)
ev: ABS code=47 val=1 (slot=0)
ev: ABS code=53 val=3996 (slot=1)
ev: ABS code=54 val=629 (slot=1)
ev: ABS code=0 val=3275 (slot=1)
ev: ABS code=1 val=821 (slot=1)
ev: SYN code=0
cnt=2 s0=fng (3275,821) s1=fng (3996,629) [filtered=264]
ev: ABS code=47 val=0 (slot=1)
ev: ABS code=53 val=3271 (slot=0)
ev: ABS code=54 val=836 (slot=0)
ev: ABS code=47 val=1 (slot=0)
ev: ABS code=53 val=3995 (slot=1)
ev: ABS code=54 val=635 (slot=1)
ev: ABS code=0 val=3271 (slot=1)
ev: ABS code=1 val=836 (slot=1)
ev: SYN code=0
cnt=2 s0=fng (3271,836) s1=fng (3995,635) [filtered=264]
ev: ABS code=47 val=0 (slot=1)
ev: ABS code=53 val=3268 (slot=0)
ev: ABS code=54 val=851 (slot=0)
ev: ABS code=47 val=1 (slot=0)
ev: ABS code=53 val=3994 (slot=1)
ev: ABS code=54 val=640 (slot=1)
ev: ABS code=0 val=3268 (slot=1)
ev: ABS code=1 val=851 (slot=1)
ev: SYN code=0
cnt=2 s0=fng (3268,851) s1=fng (3994,640) [filtered=264]
ev: ABS code=47 val=0 (slot=1)
ev: ABS code=53 val=3263 (slot=0)
ev: ABS code=54 val=868 (slot=0)
ev: ABS code=47 val=1 (slot=0)
ev: ABS code=53 val=3992 (slot=1)
ev: ABS code=54 val=648 (slot=1)
ev: ABS code=0 val=3263 (slot=1)
ev: ABS code=1 val=868 (slot=1)
ev: SYN code=0
cnt=2 s0=fng (3263,868) s1=fng (3992,648) [filtered=264]
ev: ABS code=47 val=0 (slot=1)
ev: ABS code=53 val=3258 (slot=0)
ev: ABS code=54 val=888 (slot=0)
ev: ABS code=47 val=1 (slot=0)
ev: ABS code=53 val=3989 (slot=1)
ev: ABS code=54 val=658 (slot=1)
ev: ABS code=0 val=3258 (slot=1)
ev: ABS code=1 val=888 (slot=1)
ev: SYN code=0
cnt=2 s0=fng (3258,888) s1=fng (3989,658) [filtered=264]
ev: ABS code=47 val=0 (slot=1)
ev: ABS code=53 val=3252 (slot=0)
ev: ABS code=54 val=913 (slot=0)
ev: ABS code=47 val=1 (slot=0)
ev: ABS code=53 val=3984 (slot=1)
ev: ABS code=54 val=672 (slot=1)
ev: ABS code=0 val=3252 (slot=1)
ev: ABS code=1 val=913 (slot=1)
ev: SYN code=0
cnt=2 s0=fng (3252,913) s1=fng (3984,672) [filtered=264]
ev: ABS code=47 val=0 (slot=1)
ev: ABS code=53 val=3245 (slot=0)
ev: ABS code=54 val=942 (slot=0)
ev: ABS code=47 val=1 (slot=0)
ev: ABS code=53 val=3979 (slot=1)
ev: ABS code=54 val=690 (slot=1)
ev: ABS code=0 val=3245 (slot=1)
ev: ABS code=1 val=942 (slot=1)
ev: SYN code=0
cnt=2 s0=fng (3245,942) s1=fng (3979,690) [filtered=264]
ev: ABS code=47 val=0 (slot=1)
ev: ABS code=53 val=3239 (slot=0)
ev: ABS code=54 val=970 (slot=0)
ev: ABS code=47 val=1 (slot=0)
ev: ABS code=53 val=3974 (slot=1)
ev: ABS code=54 val=707 (slot=1)
ev: ABS code=0 val=3239 (slot=1)
ev: ABS code=1 val=970 (slot=1)
ev: SYN code=0
cnt=2 s0=fng (3239,970) s1=fng (3974,707) [filtered=264]
ev: ABS code=47 val=0 (slot=1)
ev: ABS code=53 val=3232 (slot=0)
ev: ABS code=54 val=1002 (slot=0)
ev: ABS code=47 val=1 (slot=0)
ev: ABS code=53 val=3968 (slot=1)
ev: ABS code=54 val=728 (slot=1)
ev: ABS code=0 val=3232 (slot=1)
ev: ABS code=1 val=1002 (slot=1)
ev: SYN code=0
cnt=2 s0=fng (3232,1002) s1=fng (3968,728) [filtered=264]
ev: ABS code=47 val=0 (slot=1)
ev: ABS code=53 val=3225 (slot=0)
ev: ABS code=54 val=1037 (slot=0)
ev: ABS code=47 val=1 (slot=0)
ev: ABS code=53 val=3960 (slot=1)
ev: ABS code=54 val=754 (slot=1)
ev: ABS code=0 val=3225 (slot=1)
ev: ABS code=1 val=1037 (slot=1)
ev: SYN code=0
cnt=2 s0=fng (3225,1037) s1=fng (3960,754) [filtered=264]
ev: ABS code=47 val=0 (slot=1)
ev: ABS code=53 val=3219 (slot=0)
ev: ABS code=54 val=1074 (slot=0)
ev: ABS code=47 val=1 (slot=0)
ev: ABS code=53 val=3951 (slot=1)
ev: ABS code=54 val=784 (slot=1)
ev: ABS code=0 val=3219 (slot=1)
ev: ABS code=1 val=1074 (slot=1)
ev: SYN code=0
cnt=2 s0=fng (3219,1074) s1=fng (3951,784) [filtered=264]
ev: ABS code=47 val=0 (slot=1)
ev: ABS code=53 val=3214 (slot=0)
ev: ABS code=54 val=1114 (slot=0)
ev: ABS code=47 val=1 (slot=0)
ev: ABS code=53 val=3941 (slot=1)
ev: ABS code=54 val=818 (slot=1)
ev: ABS code=0 val=3214 (slot=1)
ev: ABS code=1 val=1114 (slot=1)
ev: SYN code=0
cnt=2 s0=fng (3214,1114) s1=fng (3941,818) [filtered=264]
ev: ABS code=47 val=0 (slot=1)
ev: ABS code=53 val=3209 (slot=0)
ev: ABS code=54 val=1153 (slot=0)
ev: ABS code=47 val=1 (slot=0)
ev: ABS code=53 val=3932 (slot=1)
ev: ABS code=54 val=851 (slot=1)
ev: ABS code=0 val=3209 (slot=1)
ev: ABS code=1 val=1153 (slot=1)
ev: SYN code=0
cnt=2 s0=fng (3209,1153) s1=fng (3932,851) [filtered=264]
ev: ABS code=47 val=0 (slot=1)
ev: ABS code=53 val=3204 (slot=0)
ev: ABS code=54 val=1193 (slot=0)
ev: ABS code=47 val=1 (slot=0)
ev: ABS code=53 val=3923 (slot=1)
ev: ABS code=54 val=887 (slot=1)
ev: ABS code=0 val=3204 (slot=1)
ev: ABS code=1 val=1193 (slot=1)
ev: SYN code=0
cnt=2 s0=fng (3204,1193) s1=fng (3923,887) [filtered=264]
ev: ABS code=47 val=0 (slot=1)
ev: ABS code=53 val=3199 (slot=0)
ev: ABS code=54 val=1234 (slot=0)
ev: ABS code=47 val=1 (slot=0)
ev: ABS code=53 val=3914 (slot=1)
ev: ABS code=54 val=924 (slot=1)
ev: ABS code=0 val=3199 (slot=1)
ev: ABS code=1 val=1234 (slot=1)
ev: SYN code=0
cnt=2 s0=fng (3199,1234) s1=fng (3914,924) [filtered=264]
ev: ABS code=47 val=0 (slot=1)
ev: ABS code=53 val=3195 (slot=0)
ev: ABS code=54 val=1275 (slot=0)
ev: ABS code=47 val=1 (slot=0)
ev: ABS code=53 val=3906 (slot=1)
ev: ABS code=54 val=961 (slot=1)
ev: ABS code=0 val=3195 (slot=1)
ev: ABS code=1 val=1275 (slot=1)
ev: SYN code=0
cnt=2 s0=fng (3195,1275) s1=fng (3906,961) [filtered=264]
ev: ABS code=47 val=0 (slot=1)
ev: ABS code=53 val=3192 (slot=0)
ev: ABS code=54 val=1316 (slot=0)
ev: ABS code=47 val=1 (slot=0)
ev: ABS code=53 val=3898 (slot=1)
ev: ABS code=54 val=998 (slot=1)
ev: ABS code=0 val=3192 (slot=1)
ev: ABS code=1 val=1316 (slot=1)
ev: SYN code=0
cnt=2 s0=fng (3192,1316) s1=fng (3898,998) [filtered=264]
ev: ABS code=47 val=0 (slot=1)
ev: ABS code=53 val=3189 (slot=0)
ev: ABS code=54 val=1357 (slot=0)
ev: ABS code=47 val=1 (slot=0)
ev: ABS code=53 val=3891 (slot=1)
ev: ABS code=54 val=1036 (slot=1)
ev: ABS code=0 val=3189 (slot=1)
ev: ABS code=1 val=1357 (slot=1)
ev: SYN code=0
cnt=2 s0=fng (3189,1357) s1=fng (3891,1036) [filtered=264]
ev: ABS code=47 val=0 (slot=1)
ev: ABS code=53 val=3187 (slot=0)
ev: ABS code=54 val=1397 (slot=0)
ev: ABS code=47 val=1 (slot=0)
ev: ABS code=53 val=3885 (slot=1)
ev: ABS code=54 val=1073 (slot=1)
ev: ABS code=0 val=3187 (slot=1)
ev: ABS code=1 val=1397 (slot=1)
ev: SYN code=0
cnt=2 s0=fng (3187,1397) s1=fng (3885,1073) [filtered=264]
ev: ABS code=47 val=0 (slot=1)
ev: ABS code=53 val=3185 (slot=0)
ev: ABS code=54 val=1437 (slot=0)
ev: ABS code=47 val=1 (slot=0)
ev: ABS code=53 val=3880 (slot=1)
ev: ABS code=54 val=1110 (slot=1)
ev: ABS code=0 val=3185 (slot=1)
ev: ABS code=1 val=1437 (slot=1)
ev: SYN code=0
cnt=2 s0=fng (3185,1437) s1=fng (3880,1110) [filtered=264]
ev: ABS code=47 val=0 (slot=1)
ev: ABS code=53 val=3184 (slot=0)
ev: ABS code=54 val=1475 (slot=0)
ev: ABS code=47 val=1 (slot=0)
ev: ABS code=53 val=3875 (slot=1)
ev: ABS code=54 val=1147 (slot=1)
ev: ABS code=0 val=3184 (slot=1)
ev: ABS code=1 val=1475 (slot=1)
ev: SYN code=0
cnt=2 s0=fng (3184,1475) s1=fng (3875,1147) [filtered=264]
ev: ABS code=47 val=0 (slot=1)
ev: ABS code=53 val=3183 (slot=0)
ev: ABS code=54 val=1513 (slot=0)
ev: ABS code=47 val=1 (slot=0)
ev: ABS code=53 val=3871 (slot=1)
ev: ABS code=54 val=1184 (slot=1)
ev: ABS code=0 val=3183 (slot=1)
ev: ABS code=1 val=1513 (slot=1)
ev: SYN code=0
cnt=2 s0=fng (3183,1513) s1=fng (3871,1184) [filtered=264]
ev: ABS code=47 val=0 (slot=1)
ev: ABS code=53 val=3182 (slot=0)
ev: ABS code=54 val=1550 (slot=0)
ev: ABS code=47 val=1 (slot=0)
ev: ABS code=53 val=3868 (slot=1)
ev: ABS code=54 val=1219 (slot=1)
ev: ABS code=0 val=3182 (slot=1)
ev: ABS code=1 val=1550 (slot=1)
ev: SYN code=0
cnt=2 s0=fng (3182,1550) s1=fng (3868,1219) [filtered=264]
ev: ABS code=47 val=0 (slot=1)
ev: ABS code=53 val=3181 (slot=0)
ev: ABS code=54 val=1585 (slot=0)
ev: ABS code=47 val=1 (slot=0)
ev: ABS code=53 val=3865 (slot=1)
ev: ABS code=54 val=1252 (slot=1)
ev: ABS code=0 val=3181 (slot=1)
ev: ABS code=1 val=1585 (slot=1)
ev: SYN code=0
cnt=2 s0=fng (3181,1585) s1=fng (3865,1252) [filtered=264]
ev: ABS code=47 val=0 (slot=1)
ev: ABS code=53 val=3180 (slot=0)
ev: ABS code=54 val=1618 (slot=0)
ev: ABS code=47 val=1 (slot=0)
ev: ABS code=53 val=3863 (slot=1)
ev: ABS code=54 val=1283 (slot=1)
ev: ABS code=0 val=3180 (slot=1)
ev: ABS code=1 val=1618 (slot=1)
ev: SYN code=0
cnt=2 s0=fng (3180,1618) s1=fng (3863,1283) [filtered=264]
ev: ABS code=47 val=0 (slot=1)
ev: ABS code=53 val=3179 (slot=0)
ev: ABS code=54 val=1648 (slot=0)
ev: ABS code=47 val=1 (slot=0)
ev: ABS code=53 val=3860 (slot=1)
ev: ABS code=54 val=1312 (slot=1)
ev: ABS code=0 val=3179 (slot=1)
ev: ABS code=1 val=1648 (slot=1)
ev: SYN code=0
cnt=2 s0=fng (3179,1648) s1=fng (3860,1312) [filtered=264]
ev: ABS code=47 val=0 (slot=1)
ev: ABS code=53 val=3178 (slot=0)
ev: ABS code=54 val=1677 (slot=0)
ev: ABS code=47 val=1 (slot=0)
ev: ABS code=53 val=3858 (slot=1)
ev: ABS code=54 val=1341 (slot=1)
ev: ABS code=0 val=3178 (slot=1)
ev: ABS code=1 val=1677 (slot=1)
ev: SYN code=0
cnt=2 s0=fng (3178,1677) s1=fng (3858,1341) [filtered=264]
ev: ABS code=47 val=0 (slot=1)
ev: ABS code=53 val=3177 (slot=0)
ev: ABS code=54 val=1706 (slot=0)
ev: ABS code=47 val=1 (slot=0)
ev: ABS code=53 val=3857 (slot=1)
ev: ABS code=54 val=1367 (slot=1)
ev: ABS code=0 val=3177 (slot=1)
ev: ABS code=1 val=1706 (slot=1)
ev: SYN code=0
cnt=2 s0=fng (3177,1706) s1=fng (3857,1367) [filtered=264]
ev: ABS code=47 val=0 (slot=1)
ev: ABS code=53 val=3176 (slot=0)
ev: ABS code=54 val=1732 (slot=0)
ev: ABS code=47 val=1 (slot=0)
ev: ABS code=53 val=3855 (slot=1)
ev: ABS code=54 val=1391 (slot=1)
ev: ABS code=0 val=3176 (slot=1)
ev: ABS code=1 val=1732 (slot=1)
ev: SYN code=0
cnt=2 s0=fng (3176,1732) s1=fng (3855,1391) [filtered=264]
ev: ABS code=47 val=0 (slot=1)
ev: ABS code=53 val=3175 (slot=0)
ev: ABS code=54 val=1755 (slot=0)
ev: ABS code=47 val=1 (slot=0)
ev: ABS code=53 val=3852 (slot=1)
ev: ABS code=54 val=1412 (slot=1)
ev: ABS code=0 val=3175 (slot=1)
ev: ABS code=1 val=1755 (slot=1)
ev: SYN code=0
cnt=2 s0=fng (3175,1755) s1=fng (3852,1412) [filtered=264]
ev: ABS code=47 val=0 (slot=1)
ev: ABS code=53 val=3173 (slot=0)
ev: ABS code=54 val=1776 (slot=0)
ev: ABS code=47 val=1 (slot=0)
ev: ABS code=53 val=3850 (slot=1)
ev: ABS code=54 val=1430 (slot=1)
ev: ABS code=0 val=3173 (slot=1)
ev: ABS code=1 val=1776 (slot=1)
ev: SYN code=0
cnt=2 s0=fng (3173,1776) s1=fng (3850,1430) [filtered=264]
ev: ABS code=47 val=0 (slot=1)
ev: ABS code=53 val=3172 (slot=0)
ev: ABS code=54 val=1796 (slot=0)
ev: ABS code=47 val=1 (slot=0)
ev: ABS code=53 val=3849 (slot=1)
ev: ABS code=54 val=1447 (slot=1)
ev: ABS code=0 val=3172 (slot=1)
ev: ABS code=1 val=1796 (slot=1)
ev: SYN code=0
cnt=2 s0=fng (3172,1796) s1=fng (3849,1447) [filtered=264]
ev: ABS code=47 val=0 (slot=1)
ev: ABS code=53 val=3171 (slot=0)
ev: ABS code=54 val=1813 (slot=0)
ev: ABS code=47 val=1 (slot=0)
ev: ABS code=53 val=3847 (slot=1)
ev: ABS code=54 val=1463 (slot=1)
ev: ABS code=0 val=3171 (slot=1)
ev: ABS code=1 val=1813 (slot=1)
ev: SYN code=0
cnt=2 s0=fng (3171,1813) s1=fng (3847,1463) [filtered=264]
ev: ABS code=47 val=0 (slot=1)
ev: ABS code=53 val=3170 (slot=0)
ev: ABS code=54 val=1827 (slot=0)
ev: ABS code=47 val=1 (slot=0)
ev: ABS code=53 val=3845 (slot=1)
ev: ABS code=54 val=1476 (slot=1)
ev: ABS code=0 val=3170 (slot=1)
ev: ABS code=1 val=1827 (slot=1)
ev: SYN code=0
cnt=2 s0=fng (3170,1827) s1=fng (3845,1476) [filtered=264]
ev: ABS code=47 val=0 (slot=1)
ev: ABS code=53 val=3169 (slot=0)
ev: ABS code=54 val=1839 (slot=0)
ev: ABS code=47 val=1 (slot=0)
ev: ABS code=53 val=3844 (slot=1)
ev: ABS code=54 val=1487 (slot=1)
ev: ABS code=0 val=3169 (slot=1)
ev: ABS code=1 val=1839 (slot=1)
ev: SYN code=0
cnt=2 s0=fng (3169,1839) s1=fng (3844,1487) [filtered=264]
ev: ABS code=47 val=0 (slot=1)
ev: ABS code=54 val=1851 (slot=0)
ev: ABS code=47 val=1 (slot=0)
ev: ABS code=53 val=3843 (slot=1)
ev: ABS code=54 val=1497 (slot=1)
ev: ABS code=1 val=1851 (slot=1)
ev: SYN code=0
cnt=2 s0=fng (3169,1851) s1=fng (3843,1497) [filtered=264]
ev: ABS code=47 val=0 (slot=1)
ev: ABS code=53 val=3168 (slot=0)
ev: ABS code=54 val=1860 (slot=0)
ev: ABS code=47 val=1 (slot=0)
ev: ABS code=53 val=3842 (slot=1)
ev: ABS code=54 val=1505 (slot=1)
ev: ABS code=0 val=3168 (slot=1)
ev: ABS code=1 val=1860 (slot=1)
ev: SYN code=0
cnt=2 s0=fng (3168,1860) s1=fng (3842,1505) [filtered=264]
ev: ABS code=47 val=0 (slot=1)
ev: ABS code=53 val=3167 (slot=0)
ev: ABS code=54 val=1868 (slot=0)
ev: ABS code=47 val=1 (slot=0)
ev: ABS code=53 val=3841 (slot=1)
ev: ABS code=54 val=1512 (slot=1)
ev: ABS code=0 val=3167 (slot=1)
ev: ABS code=1 val=1868 (slot=1)
ev: SYN code=0
cnt=2 s0=fng (3167,1868) s1=fng (3841,1512) [filtered=264]
ev: ABS code=47 val=0 (slot=1)
ev: ABS code=53 val=3165 (slot=0)
ev: ABS code=54 val=1874 (slot=0)
ev: ABS code=47 val=1 (slot=0)
ev: ABS code=53 val=3840 (slot=1)
ev: ABS code=54 val=1517 (slot=1)
ev: ABS code=0 val=3165 (slot=1)
ev: ABS code=1 val=1874 (slot=1)
ev: SYN code=0
cnt=2 s0=fng (3165,1874) s1=fng (3840,1517) [filtered=264]
ev: ABS code=47 val=0 (slot=1)
ev: ABS code=53 val=3163 (slot=0)
ev: ABS code=54 val=1878 (slot=0)
ev: ABS code=47 val=1 (slot=0)
ev: ABS code=54 val=1521 (slot=1)
ev: ABS code=0 val=3163 (slot=1)
ev: ABS code=1 val=1878 (slot=1)
ev: SYN code=0
cnt=2 s0=fng (3163,1878) s1=fng (3840,1521) [filtered=264]
ev: ABS code=47 val=0 (slot=1)
ev: ABS code=53 val=3162 (slot=0)
ev: ABS code=54 val=1882 (slot=0)
ev: ABS code=47 val=1 (slot=0)
ev: ABS code=54 val=1525 (slot=1)
ev: ABS code=0 val=3162 (slot=1)
ev: ABS code=1 val=1882 (slot=1)
ev: SYN code=0
cnt=2 s0=fng (3162,1882) s1=fng (3840,1525) [filtered=264]
ev: ABS code=47 val=0 (slot=1)
ev: ABS code=53 val=3161 (slot=0)
ev: ABS code=54 val=1885 (slot=0)
ev: ABS code=47 val=1 (slot=0)
ev: ABS code=53 val=3839 (slot=1)
ev: ABS code=54 val=1528 (slot=1)
ev: ABS code=0 val=3161 (slot=1)
ev: ABS code=1 val=1885 (slot=1)
ev: SYN code=0
cnt=2 s0=fng (3161,1885) s1=fng (3839,1528) [filtered=264]
ev: ABS code=47 val=0 (slot=1)
ev: ABS code=53 val=3160 (slot=0)
ev: ABS code=54 val=1886 (slot=0)
ev: ABS code=47 val=1 (slot=0)
ev: ABS code=54 val=1529 (slot=1)
ev: ABS code=0 val=3160 (slot=1)
ev: ABS code=1 val=1886 (slot=1)
ev: SYN code=0
cnt=2 s0=fng (3160,1886) s1=fng (3839,1529) [filtered=264]
ev: ABS code=47 val=0 (slot=1)
ev: ABS code=53 val=3158 (slot=0)
ev: ABS code=47 val=1 (slot=0)
ev: ABS code=53 val=3838 (slot=1)
ev: ABS code=0 val=3158 (slot=1)
ev: SYN code=0
cnt=2 s0=fng (3158,1886) s1=fng (3838,1529) [filtered=264]
ev: ABS code=47 val=0 (slot=1)
ev: ABS code=53 val=3157 (slot=0)
ev: ABS code=0 val=3157 (slot=0)
ev: SYN code=0
cnt=2 s0=fng (3157,1886) s1=fng (3838,1529) [filtered=264]
ev: ABS code=53 val=3156 (slot=0)
ev: ABS code=0 val=3156 (slot=0)
ev: SYN code=0
cnt=2 s0=fng (3156,1886) s1=fng (3838,1529) [filtered=264]
ev: ABS code=53 val=3155 (slot=0)
ev: ABS code=54 val=1883 (slot=0)
ev: ABS code=47 val=1 (slot=0)
ev: ABS code=53 val=3837 (slot=1)
ev: ABS code=54 val=1526 (slot=1)
ev: ABS code=0 val=3155 (slot=1)
ev: ABS code=1 val=1883 (slot=1)
ev: SYN code=0
cnt=2 s0=fng (3155,1883) s1=fng (3837,1526) [filtered=264]
ev: ABS code=47 val=0 (slot=1)
ev: ABS code=53 val=3154 (slot=0)
ev: ABS code=54 val=1878 (slot=0)
ev: ABS code=47 val=1 (slot=0)
ev: ABS code=53 val=3836 (slot=1)
ev: ABS code=54 val=1522 (slot=1)
ev: ABS code=0 val=3154 (slot=1)
ev: ABS code=1 val=1878 (slot=1)
ev: SYN code=0
cnt=2 s0=fng (3154,1878) s1=fng (3836,1522) [filtered=264]
ev: ABS code=47 val=0 (slot=1)
ev: ABS code=54 val=1871 (slot=0)
ev: ABS code=47 val=1 (slot=0)
ev: ABS code=54 val=1518 (slot=1)
ev: ABS code=1 val=1871 (slot=1)
ev: SYN code=0
cnt=2 s0=fng (3154,1871) s1=fng (3836,1518) [filtered=264]
ev: ABS code=47 val=0 (slot=1)
ev: ABS code=54 val=1865 (slot=0)
ev: ABS code=47 val=1 (slot=0)
ev: ABS code=54 val=1516 (slot=1)
ev: ABS code=1 val=1865 (slot=1)
ev: SYN code=0
cnt=2 s0=fng (3154,1865) s1=fng (3836,1516) [filtered=264]
ev: ABS code=47 val=0 (slot=1)
ev: ABS code=53 val=3155 (slot=0)
ev: ABS code=54 val=1858 (slot=0)
ev: ABS code=47 val=1 (slot=0)
ev: ABS code=54 val=1513 (slot=1)
ev: ABS code=0 val=3155 (slot=1)
ev: ABS code=1 val=1858 (slot=1)
ev: SYN code=0
cnt=2 s0=fng (3155,1858) s1=fng (3836,1513) [filtered=264]
ev: ABS code=47 val=0 (slot=1)
ev: ABS code=53 val=3156 (slot=0)
ev: ABS code=54 val=1849 (slot=0)
ev: ABS code=47 val=1 (slot=0)
ev: ABS code=54 val=1508 (slot=1)
ev: ABS code=0 val=3156 (slot=1)
ev: ABS code=1 val=1849 (slot=1)
ev: SYN code=0
cnt=2 s0=fng (3156,1849) s1=fng (3836,1508) [filtered=264]
ev: ABS code=47 val=0 (slot=1)
ev: ABS code=53 val=3158 (slot=0)
ev: ABS code=54 val=1838 (slot=0)
ev: ABS code=47 val=1 (slot=0)
ev: ABS code=54 val=1501 (slot=1)
ev: ABS code=0 val=3158 (slot=1)
ev: ABS code=1 val=1838 (slot=1)
ev: SYN code=0
cnt=2 s0=fng (3158,1838) s1=fng (3836,1501) [filtered=264]
ev: ABS code=47 val=0 (slot=1)
ev: ABS code=53 val=3161 (slot=0)
ev: ABS code=54 val=1824 (slot=0)
ev: ABS code=47 val=1 (slot=0)
ev: ABS code=53 val=3837 (slot=1)
ev: ABS code=54 val=1491 (slot=1)
ev: ABS code=0 val=3161 (slot=1)
ev: ABS code=1 val=1824 (slot=1)
ev: SYN code=0
cnt=2 s0=fng (3161,1824) s1=fng (3837,1491) [filtered=264]
ev: ABS code=47 val=0 (slot=1)
ev: ABS code=53 val=3162 (slot=0)
ev: ABS code=54 val=1811 (slot=0)
ev: ABS code=47 val=1 (slot=0)
ev: ABS code=53 val=3838 (slot=1)
ev: ABS code=54 val=1482 (slot=1)
ev: ABS code=0 val=3162 (slot=1)
ev: ABS code=1 val=1811 (slot=1)
ev: SYN code=0
cnt=2 s0=fng (3162,1811) s1=fng (3838,1482) [filtered=264]
ev: ABS code=47 val=0 (slot=1)
ev: ABS code=53 val=3165 (slot=0)
ev: ABS code=54 val=1796 (slot=0)
ev: ABS code=47 val=1 (slot=0)
ev: ABS code=53 val=3839 (slot=1)
ev: ABS code=54 val=1471 (slot=1)
ev: ABS code=0 val=3165 (slot=1)
ev: ABS code=1 val=1796 (slot=1)
ev: SYN code=0
cnt=2 s0=fng (3165,1796) s1=fng (3839,1471) [filtered=264]
ev: ABS code=47 val=0 (slot=1)
ev: ABS code=53 val=3169 (slot=0)
ev: ABS code=54 val=1780 (slot=0)
ev: ABS code=47 val=1 (slot=0)
ev: ABS code=53 val=3841 (slot=1)
ev: ABS code=54 val=1458 (slot=1)
ev: ABS code=0 val=3169 (slot=1)
ev: ABS code=1 val=1780 (slot=1)
ev: SYN code=0
cnt=2 s0=fng (3169,1780) s1=fng (3841,1458) [filtered=264]
ev: ABS code=47 val=0 (slot=1)
ev: ABS code=53 val=3173 (slot=0)
ev: ABS code=54 val=1761 (slot=0)
ev: ABS code=47 val=1 (slot=0)
ev: ABS code=53 val=3844 (slot=1)
ev: ABS code=54 val=1443 (slot=1)
ev: ABS code=0 val=3173 (slot=1)
ev: ABS code=1 val=1761 (slot=1)
ev: SYN code=0
cnt=2 s0=fng (3173,1761) s1=fng (3844,1443) [filtered=264]
ev: ABS code=47 val=0 (slot=1)
ev: ABS code=53 val=3178 (slot=0)
ev: ABS code=54 val=1740 (slot=0)
ev: ABS code=47 val=1 (slot=0)
ev: ABS code=53 val=3848 (slot=1)
ev: ABS code=54 val=1425 (slot=1)
ev: ABS code=0 val=3178 (slot=1)
ev: ABS code=1 val=1740 (slot=1)
ev: SYN code=0
cnt=2 s0=fng (3178,1740) s1=fng (3848,1425) [filtered=264]
ev: ABS code=47 val=0 (slot=1)
ev: ABS code=53 val=3182 (slot=0)
ev: ABS code=54 val=1720 (slot=0)
ev: ABS code=47 val=1 (slot=0)
ev: ABS code=53 val=3851 (slot=1)
ev: ABS code=54 val=1408 (slot=1)
ev: ABS code=0 val=3182 (slot=1)
ev: ABS code=1 val=1720 (slot=1)
ev: SYN code=0
cnt=2 s0=fng (3182,1720) s1=fng (3851,1408) [filtered=264]
ev: ABS code=47 val=0 (slot=1)
ev: ABS code=53 val=3187 (slot=0)
ev: ABS code=54 val=1699 (slot=0)
ev: ABS code=47 val=1 (slot=0)
ev: ABS code=53 val=3856 (slot=1)
ev: ABS code=54 val=1389 (slot=1)
ev: ABS code=0 val=3187 (slot=1)
ev: ABS code=1 val=1699 (slot=1)
ev: SYN code=0
cnt=2 s0=fng (3187,1699) s1=fng (3856,1389) [filtered=264]
ev: ABS code=47 val=0 (slot=1)
ev: ABS code=53 val=3192 (slot=0)
ev: ABS code=54 val=1676 (slot=0)
ev: ABS code=47 val=1 (slot=0)
ev: ABS code=53 val=3861 (slot=1)
ev: ABS code=54 val=1368 (slot=1)
ev: ABS code=0 val=3192 (slot=1)
ev: ABS code=1 val=1676 (slot=1)
ev: SYN code=0
cnt=2 s0=fng (3192,1676) s1=fng (3861,1368) [filtered=264]
ev: ABS code=47 val=0 (slot=1)
ev: ABS code=53 val=3198 (slot=0)
ev: ABS code=54 val=1650 (slot=0)
ev: ABS code=47 val=1 (slot=0)
ev: ABS code=53 val=3867 (slot=1)
ev: ABS code=54 val=1345 (slot=1)
ev: ABS code=0 val=3198 (slot=1)
ev: ABS code=1 val=1650 (slot=1)
ev: SYN code=0
cnt=2 s0=fng (3198,1650) s1=fng (3867,1345) [filtered=264]
ev: ABS code=47 val=0 (slot=1)
ev: ABS code=53 val=3203 (slot=0)
ev: ABS code=54 val=1624 (slot=0)
ev: ABS code=47 val=1 (slot=0)
ev: ABS code=53 val=3872 (slot=1)
ev: ABS code=54 val=1322 (slot=1)
ev: ABS code=0 val=3203 (slot=1)
ev: ABS code=1 val=1624 (slot=1)
ev: SYN code=0
cnt=2 s0=fng (3203,1624) s1=fng (3872,1322) [filtered=264]
ev: ABS code=47 val=0 (slot=1)
ev: ABS code=53 val=3209 (slot=0)
ev: ABS code=54 val=1595 (slot=0)
ev: ABS code=47 val=1 (slot=0)
ev: ABS code=53 val=3879 (slot=1)
ev: ABS code=54 val=1297 (slot=1)
ev: ABS code=0 val=3209 (slot=1)
ev: ABS code=1 val=1595 (slot=1)
ev: SYN code=0
cnt=2 s0=fng (3209,1595) s1=fng (3879,1297) [filtered=264]
ev: ABS code=47 val=0 (slot=1)
ev: ABS code=53 val=3216 (slot=0)
ev: ABS code=54 val=1566 (slot=0)
ev: ABS code=47 val=1 (slot=0)
ev: ABS code=53 val=3887 (slot=1)
ev: ABS code=54 val=1269 (slot=1)
ev: ABS code=0 val=3216 (slot=1)
ev: ABS code=1 val=1566 (slot=1)
ev: SYN code=0
cnt=2 s0=fng (3216,1566) s1=fng (3887,1269) [filtered=264]
ev: ABS code=47 val=0 (slot=1)
ev: ABS code=53 val=3223 (slot=0)
ev: ABS code=54 val=1535 (slot=0)
ev: ABS code=47 val=1 (slot=0)
ev: ABS code=53 val=3895 (slot=1)
ev: ABS code=54 val=1240 (slot=1)
ev: ABS code=0 val=3223 (slot=1)
ev: ABS code=1 val=1535 (slot=1)
ev: SYN code=0
cnt=2 s0=fng (3223,1535) s1=fng (3895,1240) [filtered=264]
ev: ABS code=47 val=0 (slot=1)
ev: ABS code=53 val=3230 (slot=0)
ev: ABS code=54 val=1502 (slot=0)
ev: ABS code=47 val=1 (slot=0)
ev: ABS code=53 val=3904 (slot=1)
ev: ABS code=54 val=1211 (slot=1)
ev: ABS code=0 val=3230 (slot=1)
ev: ABS code=1 val=1502 (slot=1)
ev: SYN code=0
cnt=2 s0=fng (3230,1502) s1=fng (3904,1211) [filtered=264]
ev: ABS code=47 val=0 (slot=1)
ev: ABS code=53 val=3236 (slot=0)
ev: ABS code=54 val=1470 (slot=0)
ev: ABS code=47 val=1 (slot=0)
ev: ABS code=53 val=3913 (slot=1)
ev: ABS code=54 val=1182 (slot=1)
ev: ABS code=0 val=3236 (slot=1)
ev: ABS code=1 val=1470 (slot=1)
ev: SYN code=0
cnt=2 s0=fng (3236,1470) s1=fng (3913,1182) [filtered=264]
ev: ABS code=47 val=0 (slot=1)
ev: ABS code=53 val=3244 (slot=0)
ev: ABS code=54 val=1437 (slot=0)
ev: ABS code=47 val=1 (slot=0)
ev: ABS code=53 val=3922 (slot=1)
ev: ABS code=54 val=1153 (slot=1)
ev: ABS code=0 val=3244 (slot=1)
ev: ABS code=1 val=1437 (slot=1)
ev: SYN code=0
cnt=2 s0=fng (3244,1437) s1=fng (3922,1153) [filtered=264]
ev: ABS code=47 val=0 (slot=1)
ev: ABS code=53 val=3252 (slot=0)
ev: ABS code=54 val=1404 (slot=0)
ev: ABS code=47 val=1 (slot=0)
ev: ABS code=53 val=3931 (slot=1)
ev: ABS code=54 val=1124 (slot=1)
ev: ABS code=0 val=3252 (slot=1)
ev: ABS code=1 val=1404 (slot=1)
ev: SYN code=0
cnt=2 s0=fng (3252,1404) s1=fng (3931,1124) [filtered=264]
ev: ABS code=47 val=0 (slot=1)
ev: ABS code=53 val=3260 (slot=0)
ev: ABS code=54 val=1372 (slot=0)
ev: ABS code=47 val=1 (slot=0)
ev: ABS code=53 val=3940 (slot=1)
ev: ABS code=54 val=1095 (slot=1)
ev: ABS code=0 val=3260 (slot=1)
ev: ABS code=1 val=1372 (slot=1)
ev: SYN code=0
cnt=2 s0=fng (3260,1372) s1=fng (3940,1095) [filtered=264]
ev: ABS code=47 val=0 (slot=1)
ev: ABS code=53 val=3268 (slot=0)
ev: ABS code=54 val=1341 (slot=0)
ev: ABS code=47 val=1 (slot=0)
ev: ABS code=53 val=3949 (slot=1)
ev: ABS code=54 val=1067 (slot=1)
ev: ABS code=0 val=3268 (slot=1)
ev: ABS code=1 val=1341 (slot=1)
ev: SYN code=0
cnt=2 s0=fng (3268,1341) s1=fng (3949,1067) [filtered=264]
ev: ABS code=47 val=0 (slot=1)
ev: ABS code=53 val=3275 (slot=0)
ev: ABS code=54 val=1310 (slot=0)
ev: ABS code=47 val=1 (slot=0)
ev: ABS code=53 val=3957 (slot=1)
ev: ABS code=54 val=1039 (slot=1)
ev: ABS code=0 val=3275 (slot=1)
ev: ABS code=1 val=1310 (slot=1)
ev: SYN code=0
cnt=2 s0=fng (3275,1310) s1=fng (3957,1039) [filtered=264]
ev: ABS code=47 val=0 (slot=1)
ev: ABS code=53 val=3281 (slot=0)
ev: ABS code=54 val=1280 (slot=0)
ev: ABS code=47 val=1 (slot=0)
ev: ABS code=53 val=3964 (slot=1)
ev: ABS code=54 val=1012 (slot=1)
ev: ABS code=0 val=3281 (slot=1)
ev: ABS code=1 val=1280 (slot=1)
ev: SYN code=0
cnt=2 s0=fng (3281,1280) s1=fng (3964,1012) [filtered=264]
ev: ABS code=47 val=0 (slot=1)
ev: ABS code=53 val=3288 (slot=0)
ev: ABS code=54 val=1251 (slot=0)
ev: ABS code=47 val=1 (slot=0)
ev: ABS code=53 val=3971 (slot=1)
ev: ABS code=54 val=987 (slot=1)
ev: ABS code=0 val=3288 (slot=1)
ev: ABS code=1 val=1251 (slot=1)
ev: SYN code=0
cnt=2 s0=fng (3288,1251) s1=fng (3971,987) [filtered=264]
ev: ABS code=47 val=0 (slot=1)
ev: ABS code=53 val=3294 (slot=0)
ev: ABS code=54 val=1223 (slot=0)
ev: ABS code=47 val=1 (slot=0)
ev: ABS code=53 val=3978 (slot=1)
ev: ABS code=54 val=963 (slot=1)
ev: ABS code=0 val=3294 (slot=1)
ev: ABS code=1 val=1223 (slot=1)
ev: SYN code=0
cnt=2 s0=fng (3294,1223) s1=fng (3978,963) [filtered=264]
ev: ABS code=47 val=0 (slot=1)
ev: ABS code=53 val=3299 (slot=0)
ev: ABS code=54 val=1196 (slot=0)
ev: ABS code=47 val=1 (slot=0)
ev: ABS code=53 val=3984 (slot=1)
ev: ABS code=54 val=940 (slot=1)
ev: ABS code=0 val=3299 (slot=1)
ev: ABS code=1 val=1196 (slot=1)
ev: SYN code=0
cnt=2 s0=fng (3299,1196) s1=fng (3984,940) [filtered=264]
ev: ABS code=47 val=0 (slot=1)
ev: ABS code=53 val=3304 (slot=0)
ev: ABS code=54 val=1170 (slot=0)
ev: ABS code=47 val=1 (slot=0)
ev: ABS code=53 val=3989 (slot=1)
ev: ABS code=54 val=918 (slot=1)
ev: ABS code=0 val=3304 (slot=1)
ev: ABS code=1 val=1170 (slot=1)
ev: SYN code=0
cnt=2 s0=fng (3304,1170) s1=fng (3989,918) [filtered=264]
ev: ABS code=47 val=0 (slot=1)
ev: ABS code=53 val=3309 (slot=0)
ev: ABS code=54 val=1145 (slot=0)
ev: ABS code=47 val=1 (slot=0)
ev: ABS code=53 val=3993 (slot=1)
ev: ABS code=54 val=897 (slot=1)
ev: ABS code=0 val=3309 (slot=1)
ev: ABS code=1 val=1145 (slot=1)
ev: SYN code=0
cnt=2 s0=fng (3309,1145) s1=fng (3993,897) [filtered=264]
ev: ABS code=47 val=0 (slot=1)
ev: ABS code=53 val=3314 (slot=0)
ev: ABS code=54 val=1122 (slot=0)
ev: ABS code=47 val=1 (slot=0)
ev: ABS code=53 val=3997 (slot=1)
ev: ABS code=54 val=878 (slot=1)
ev: ABS code=0 val=3314 (slot=1)
ev: ABS code=1 val=1122 (slot=1)
ev: SYN code=0
cnt=2 s0=fng (3314,1122) s1=fng (3997,878) [filtered=264]
ev: ABS code=47 val=0 (slot=1)
ev: ABS code=53 val=3319 (slot=0)
ev: ABS code=54 val=1101 (slot=0)
ev: ABS code=47 val=1 (slot=0)
ev: ABS code=53 val=4001 (slot=1)
ev: ABS code=54 val=861 (slot=1)
ev: ABS code=0 val=3319 (slot=1)
ev: ABS code=1 val=1101 (slot=1)
ev: SYN code=0
cnt=2 s0=fng (3319,1101) s1=fng (4001,861) [filtered=264]
ev: ABS code=47 val=0 (slot=1)
ev: ABS code=53 val=3323 (slot=0)
ev: ABS code=54 val=1081 (slot=0)
ev: ABS code=47 val=1 (slot=0)
ev: ABS code=53 val=4004 (slot=1)
ev: ABS code=54 val=845 (slot=1)
ev: ABS code=0 val=3323 (slot=1)
ev: ABS code=1 val=1081 (slot=1)
ev: SYN code=0
cnt=2 s0=fng (3323,1081) s1=fng (4004,845) [filtered=264]
ev: ABS code=47 val=0 (slot=1)
ev: ABS code=53 val=3326 (slot=0)
ev: ABS code=54 val=1064 (slot=0)
ev: ABS code=47 val=1 (slot=0)
ev: ABS code=53 val=4006 (slot=1)
ev: ABS code=54 val=831 (slot=1)
ev: ABS code=0 val=3326 (slot=1)
ev: ABS code=1 val=1064 (slot=1)
ev: SYN code=0
cnt=2 s0=fng (3326,1064) s1=fng (4006,831) [filtered=264]
ev: ABS code=47 val=0 (slot=1)
ev: ABS code=53 val=3328 (slot=0)
ev: ABS code=54 val=1047 (slot=0)
ev: ABS code=47 val=1 (slot=0)
ev: ABS code=53 val=4008 (slot=1)
ev: ABS code=54 val=819 (slot=1)
ev: ABS code=0 val=3328 (slot=1)
ev: ABS code=1 val=1047 (slot=1)
ev: SYN code=0
cnt=2 s0=fng (3328,1047) s1=fng (4008,819) [filtered=264]
ev: ABS code=47 val=0 (slot=1)
ev: ABS code=53 val=3331 (slot=0)
ev: ABS code=54 val=1033 (slot=0)
ev: ABS code=47 val=1 (slot=0)
ev: ABS code=53 val=4009 (slot=1)
ev: ABS code=54 val=807 (slot=1)
ev: ABS code=0 val=3331 (slot=1)
ev: ABS code=1 val=1033 (slot=1)
ev: SYN code=0
cnt=2 s0=fng (3331,1033) s1=fng (4009,807) [filtered=264]
ev: ABS code=47 val=0 (slot=1)
ev: ABS code=53 val=3333 (slot=0)
ev: ABS code=54 val=1020 (slot=0)
ev: ABS code=47 val=1 (slot=0)
ev: ABS code=53 val=4010 (slot=1)
ev: ABS code=54 val=796 (slot=1)
ev: ABS code=0 val=3333 (slot=1)
ev: ABS code=1 val=1020 (slot=1)
ev: SYN code=0
cnt=2 s0=fng (3333,1020) s1=fng (4010,796) [filtered=264]
ev: ABS code=47 val=0 (slot=1)
ev: ABS code=53 val=3334 (slot=0)
ev: ABS code=54 val=1009 (slot=0)
ev: ABS code=47 val=1 (slot=0)
ev: ABS code=53 val=4011 (slot=1)
ev: ABS code=54 val=787 (slot=1)
ev: ABS code=0 val=3334 (slot=1)
ev: ABS code=1 val=1009 (slot=1)
ev: SYN code=0
cnt=2 s0=fng (3334,1009) s1=fng (4011,787) [filtered=264]
ev: ABS code=47 val=0 (slot=1)
ev: ABS code=53 val=3335 (slot=0)
ev: ABS code=54 val=1000 (slot=0)
ev: ABS code=47 val=1 (slot=0)
ev: ABS code=53 val=4012 (slot=1)
ev: ABS code=54 val=779 (slot=1)
ev: ABS code=0 val=3335 (slot=1)
ev: ABS code=1 val=1000 (slot=1)
ev: SYN code=0
cnt=2 s0=fng (3335,1000) s1=fng (4012,779) [filtered=264]
ev: ABS code=47 val=0 (slot=1)
ev: ABS code=53 val=3336 (slot=0)
ev: ABS code=54 val=992 (slot=0)
ev: ABS code=47 val=1 (slot=0)
ev: ABS code=53 val=4014 (slot=1)
ev: ABS code=54 val=773 (slot=1)
ev: ABS code=0 val=3336 (slot=1)
ev: ABS code=1 val=992 (slot=1)
ev: SYN code=0
cnt=2 s0=fng (3336,992) s1=fng (4014,773) [filtered=264]
ev: ABS code=47 val=0 (slot=1)
ev: ABS code=53 val=3337 (slot=0)
ev: ABS code=54 val=986 (slot=0)
ev: ABS code=47 val=1 (slot=0)
ev: ABS code=53 val=4015 (slot=1)
ev: ABS code=54 val=768 (slot=1)
ev: ABS code=0 val=3337 (slot=1)
ev: ABS code=1 val=986 (slot=1)
ev: SYN code=0
cnt=2 s0=fng (3337,986) s1=fng (4015,768) [filtered=264]
ev: ABS code=47 val=0 (slot=1)
ev: ABS code=53 val=3338 (slot=0)
ev: ABS code=54 val=980 (slot=0)
ev: ABS code=47 val=1 (slot=0)
ev: ABS code=54 val=763 (slot=1)
ev: ABS code=0 val=3338 (slot=1)
ev: ABS code=1 val=980 (slot=1)
ev: SYN code=0
cnt=2 s0=fng (3338,980) s1=fng (4015,763) [filtered=264]
ev: ABS code=47 val=0 (slot=1)
ev: ABS code=53 val=3339 (slot=0)
ev: ABS code=54 val=975 (slot=0)
ev: ABS code=47 val=1 (slot=0)
ev: ABS code=53 val=4016 (slot=1)
ev: ABS code=54 val=759 (slot=1)
ev: ABS code=0 val=3339 (slot=1)
ev: ABS code=1 val=975 (slot=1)
ev: SYN code=0
cnt=2 s0=fng (3339,975) s1=fng (4016,759) [filtered=264]
ev: ABS code=47 val=0 (slot=1)
ev: ABS code=54 val=971 (slot=0)
ev: ABS code=47 val=1 (slot=0)
ev: ABS code=54 val=756 (slot=1)
ev: ABS code=1 val=971 (slot=1)
ev: SYN code=0
cnt=2 s0=fng (3339,971) s1=fng (4016,756) [filtered=264]
ev: ABS code=47 val=0 (slot=1)
ev: ABS code=53 val=3340 (slot=0)
ev: ABS code=54 val=968 (slot=0)
ev: ABS code=47 val=1 (slot=0)
ev: ABS code=54 val=754 (slot=1)
ev: ABS code=0 val=3340 (slot=1)
ev: ABS code=1 val=968 (slot=1)
ev: SYN code=0
cnt=2 s0=fng (3340,968) s1=fng (4016,754) [filtered=264]
ev: ABS code=47 val=0 (slot=1)
ev: ABS code=54 val=966 (slot=0)
ev: ABS code=47 val=1 (slot=0)
ev: ABS code=54 val=753 (slot=1)
ev: ABS code=1 val=966 (slot=1)
ev: SYN code=0
cnt=2 s0=fng (3340,966) s1=fng (4016,753) [filtered=264]
ev: ABS code=47 val=0 (slot=1)
ev: ABS code=54 val=964 (slot=0)
ev: ABS code=47 val=1 (slot=0)
ev: ABS code=54 val=752 (slot=1)
ev: ABS code=1 val=964 (slot=1)
ev: SYN code=0
cnt=2 s0=fng (3340,964) s1=fng (4016,752) [filtered=264]
ev: ABS code=47 val=0 (slot=1)
ev: ABS code=53 val=3341 (slot=0)
ev: ABS code=54 val=963 (slot=0)
ev: ABS code=0 val=3341 (slot=0)
ev: ABS code=1 val=963 (slot=0)
ev: SYN code=0
cnt=2 s0=fng (3341,963) s1=fng (4016,752) [filtered=264]
ev: ABS code=53 val=3342 (slot=0)
ev: ABS code=0 val=3342 (slot=0)
ev: SYN code=0
cnt=2 s0=fng (3342,963) s1=fng (4016,752) [filtered=264]
ev: SYN code=0
cnt=2 s0=fng (3342,963) s1=fng (4016,752) [filtered=264]
ev: SYN code=0
cnt=2 s0=fng (3342,963) s1=fng (4016,752) [filtered=264]
ev: SYN code=0
cnt=2 s0=fng (3342,963) s1=fng (4016,752) [filtered=264]
ev: SYN code=0
cnt=2 s0=fng (3342,963) s1=fng (4016,752) [filtered=264]
ev: SYN code=0
cnt=2 s0=fng (3342,963) s1=fng (4016,752) [filtered=264]
ev: ABS code=47 val=1 (slot=0)
ev: ABS code=53 val=4017 (slot=1)
ev: SYN code=0
cnt=2 s0=fng (3342,963) s1=fng (4017,752) [filtered=264]
ev: SYN code=0
cnt=2 s0=fng (3342,963) s1=fng (4017,752) [filtered=264]
ev: SYN code=0
cnt=2 s0=fng (3342,963) s1=fng (4017,752) [filtered=264]
ev: SYN code=0
cnt=2 s0=fng (3342,963) s1=fng (4017,752) [filtered=264]
ev: ABS code=53 val=4018 (slot=1)
ev: SYN code=0
cnt=2 s0=fng (3342,963) s1=fng (4018,752) [filtered=264]
ev: ABS code=53 val=4019 (slot=1)
ev: SYN code=0
cnt=2 s0=fng (3342,963) s1=fng (4019,752) [filtered=264]
ev: SYN code=0
cnt=2 s0=fng (3342,963) s1=fng (4019,752) [filtered=264]
ev: SYN code=0
cnt=2 s0=fng (3342,963) s1=fng (4019,752) [filtered=264]
ev: SYN code=0
cnt=2 s0=fng (3342,963) s1=PALM(4019,752)* [filtered=265]
ev: ABS code=53 val=4020 (slot=1)
ev: SYN code=0
cnt=2 s0=fng (3342,963) s1=PALM(4020,752)* [filtered=266]
ev: SYN code=0
cnt=2 s0=PALM(3342,963)* s1=PALM(4020,752)* [filtered=267]
ev: SYN code=0
cnt=2 s0=PALM(3342,963)* s1=PALM(4020,752)* [filtered=268]
ev: SYN code=0
cnt=2 s0=PALM(3342,963)* s1=PALM(4020,752)* [filtered=269]
ev: SYN code=0
cnt=2 s0=PALM(3342,963)* s1=PALM(4020,752)* [filtered=270]
ev: ABS code=53 val=4021 (slot=1)
ev: SYN code=0
cnt=2 s0=PALM(3342,963)* s1=PALM(4021,752)* [filtered=271]
ev: SYN code=0
cnt=2 s0=PALM(3342,963)* s1=PALM(4021,752)* [filtered=272]
ev: SYN code=0
cnt=2 s0=PALM(3342,963)* s1=PALM(4021,752)* [filtered=273]
ev: SYN code=0
cnt=2 s0=PALM(3342,963)* s1=PALM(4021,752)* [filtered=274]
ev: SYN code=0
cnt=2 s0=PALM(3342,963)* s1=PALM(4021,752)* [filtered=275]
ev: SYN code=0
cnt=2 s0=PALM(3342,963)* s1=PALM(4021,752)* [filtered=276]
ev: SYN code=0
cnt=2 s0=PALM(3342,963)* s1=PALM(4021,752)* [filtered=277]
ev: SYN code=0
cnt=2 s0=PALM(3342,963)* s1=PALM(4021,752)* [filtered=278]
ev: SYN code=0
cnt=2 s0=PALM(3342,963)* s1=PALM(4021,752)* [filtered=279]
ev: SYN code=0
cnt=2 s0=PALM(3342,963)* s1=PALM(4021,752)* [filtered=280]
ev: SYN code=0
cnt=2 s0=PALM(3342,963)* s1=PALM(4021,752)* [filtered=281]
ev: SYN code=0
cnt=2 s0=PALM(3342,963)* s1=PALM(4021,752)* [filtered=282]
ev: SYN code=0
cnt=2 s0=PALM(3342,963)* s1=PALM(4021,752)* [filtered=283]
ev: SYN code=0
cnt=2 s0=PALM(3342,963)* s1=PALM(4021,752)* [filtered=284]
ev: ABS code=47 val=0 (slot=1)
ev: ABS code=53 val=3343 (slot=0)
ev: ABS code=0 val=3343 (slot=0)
ev: SYN code=0
cnt=2 s0=PALM(3343,963)* s1=PALM(4021,752)* [filtered=285]
ev: SYN code=0
cnt=2 s0=PALM(3343,963)* s1=PALM(4021,752)* [filtered=286]
ev: SYN code=0
cnt=2 s0=PALM(3343,963)* s1=PALM(4021,752)* [filtered=287]
ev: SYN code=0
cnt=2 s0=PALM(3343,963)* s1=PALM(4021,752)* [filtered=288]
ev: SYN code=0
cnt=2 s0=PALM(3343,963)* s1=PALM(4021,752)* [filtered=289]
ev: SYN code=0
cnt=2 s0=PALM(3343,963)* s1=PALM(4021,752)* [filtered=290]
ev: SYN code=0
cnt=2 s0=PALM(3343,963)* s1=PALM(4021,752)* [filtered=291]
ev: SYN code=0
cnt=2 s0=PALM(3343,963)* s1=PALM(4021,752)* [filtered=292]
ev: SYN code=0
cnt=2 s0=PALM(3343,963)* s1=PALM(4021,752)* [filtered=293]
ev: SYN code=0
cnt=2 s0=PALM(3343,963)* s1=PALM(4021,752)* [filtered=294]
ev: SYN code=0
cnt=2 s0=PALM(3343,963)* s1=PALM(4021,752)* [filtered=295]
ev: SYN code=0
cnt=2 s0=PALM(3343,963)* s1=PALM(4021,752)* [filtered=296]
ev: SYN code=0
cnt=2 s0=PALM(3343,963)* s1=PALM(4021,752)* [filtered=297]
ev: SYN code=0
cnt=2 s0=PALM(3343,963)* s1=PALM(4021,752)* [filtered=298]
ev: SYN code=0
cnt=2 s0=PALM(3343,963)* s1=PALM(4021,752)* [filtered=299]
ev: SYN code=0
cnt=2 s0=PALM(3343,963)* s1=PALM(4021,752)* [filtered=300]
ev: SYN code=0
cnt=2 s0=PALM(3343,963)* s1=PALM(4021,752)* [filtered=301]
ev: SYN code=0
cnt=2 s0=PALM(3343,963)* s1=PALM(4021,752)* [filtered=302]
ev: SYN code=0
cnt=2 s0=PALM(3343,963)* s1=PALM(4021,752)* [filtered=303]
ev: SYN code=0
cnt=2 s0=PALM(3343,963)* s1=PALM(4021,752)* [filtered=304]
ev: SYN code=0
cnt=2 s0=PALM(3343,963)* s1=PALM(4021,752)* [filtered=305]
ev: ABS code=53 val=3344 (slot=0)
ev: ABS code=0 val=3344 (slot=0)
ev: SYN code=0
cnt=2 s0=PALM(3344,963)* s1=PALM(4021,752)* [filtered=306]
ev: ABS code=53 val=3345 (slot=0)
ev: ABS code=54 val=966 (slot=0)
ev: ABS code=0 val=3345 (slot=0)
ev: ABS code=1 val=966 (slot=0)
ev: SYN code=0
cnt=2 s0=fng (3345,966) s1=PALM(4021,752)* [filtered=307]
ev: ABS code=54 val=969 (slot=0)
ev: ABS code=1 val=969 (slot=0)
ev: SYN code=0
cnt=2 s0=fng (3345,969) s1=PALM(4021,752)* [filtered=308]
ev: ABS code=53 val=3344 (slot=0)
ev: ABS code=54 val=974 (slot=0)
ev: ABS code=0 val=3344 (slot=0)
ev: ABS code=1 val=974 (slot=0)
ev: SYN code=0
cnt=2 s0=fng (3344,974) s1=PALM(4021,752)* [filtered=309]
ev: ABS code=54 val=979 (slot=0)
ev: ABS code=1 val=979 (slot=0)
ev: SYN code=0
cnt=2 s0=fng (3344,979) s1=PALM(4021,752)* [filtered=310]
ev: ABS code=53 val=3342 (slot=0)
ev: ABS code=54 val=985 (slot=0)
ev: ABS code=47 val=1 (slot=0)
ev: ABS code=54 val=755 (slot=1)
ev: ABS code=0 val=3342 (slot=1)
ev: ABS code=1 val=985 (slot=1)
ev: SYN code=0
cnt=2 s0=fng (3342,985) s1=PALM(4021,755)* [filtered=311]
ev: ABS code=47 val=0 (slot=1)
ev: ABS code=53 val=3339 (slot=0)
ev: ABS code=54 val=993 (slot=0)
ev: ABS code=47 val=1 (slot=0)
ev: ABS code=54 val=759 (slot=1)
ev: ABS code=0 val=3339 (slot=1)
ev: ABS code=1 val=993 (slot=1)
ev: SYN code=0
cnt=2 s0=fng (3339,993) s1=fng (4021,759) [filtered=311]
ev: ABS code=47 val=0 (slot=1)
ev: ABS code=53 val=3335 (slot=0)
ev: ABS code=54 val=1003 (slot=0)
ev: ABS code=47 val=1 (slot=0)
ev: ABS code=54 val=764 (slot=1)
ev: ABS code=0 val=3335 (slot=1)
ev: ABS code=1 val=1003 (slot=1)
ev: SYN code=0
cnt=2 s0=fng (3335,1003) s1=fng (4021,764) [filtered=311]
ev: ABS code=47 val=0 (slot=1)
ev: ABS code=53 val=3332 (slot=0)
ev: ABS code=54 val=1012 (slot=0)
ev: ABS code=47 val=1 (slot=0)
ev: ABS code=54 val=768 (slot=1)
ev: ABS code=0 val=3332 (slot=1)
ev: ABS code=1 val=1012 (slot=1)
ev: SYN code=0
cnt=2 s0=fng (3332,1012) s1=fng (4021,768) [filtered=311]
ev: ABS code=47 val=0 (slot=1)
ev: ABS code=53 val=3328 (slot=0)
ev: ABS code=54 val=1025 (slot=0)
ev: ABS code=47 val=1 (slot=0)
ev: ABS code=53 val=4020 (slot=1)
ev: ABS code=54 val=773 (slot=1)
ev: ABS code=0 val=3328 (slot=1)
ev: ABS code=1 val=1025 (slot=1)
ev: SYN code=0
cnt=2 s0=fng (3328,1025) s1=fng (4020,773) [filtered=311]
ev: ABS code=47 val=0 (slot=1)
ev: ABS code=53 val=3323 (slot=0)
ev: ABS code=54 val=1040 (slot=0)
ev: ABS code=47 val=1 (slot=0)
ev: ABS code=53 val=4019 (slot=1)
ev: ABS code=54 val=782 (slot=1)
ev: ABS code=0 val=3323 (slot=1)
ev: ABS code=1 val=1040 (slot=1)
ev: SYN code=0
cnt=2 s0=fng (3323,1040) s1=fng (4019,782) [filtered=311]
ev: ABS code=47 val=0 (slot=1)
ev: ABS code=53 val=3318 (slot=0)
ev: ABS code=54 val=1057 (slot=0)
ev: ABS code=47 val=1 (slot=0)
ev: ABS code=53 val=4017 (slot=1)
ev: ABS code=54 val=792 (slot=1)
ev: ABS code=0 val=3318 (slot=1)
ev: ABS code=1 val=1057 (slot=1)
ev: SYN code=0
cnt=2 s0=fng (3318,1057) s1=fng (4017,792) [filtered=311]
ev: ABS code=47 val=0 (slot=1)
ev: ABS code=53 val=3313 (slot=0)
ev: ABS code=54 val=1076 (slot=0)
ev: ABS code=47 val=1 (slot=0)
ev: ABS code=53 val=4014 (slot=1)
ev: ABS code=54 val=806 (slot=1)
ev: ABS code=0 val=3313 (slot=1)
ev: ABS code=1 val=1076 (slot=1)
ev: SYN code=0
cnt=2 s0=fng (3313,1076) s1=fng (4014,806) [filtered=311]
ev: ABS code=47 val=0 (slot=1)
ev: ABS code=53 val=3309 (slot=0)
ev: ABS code=54 val=1094 (slot=0)
ev: ABS code=47 val=1 (slot=0)
ev: ABS code=53 val=4013 (slot=1)
ev: ABS code=54 val=819 (slot=1)
ev: ABS code=0 val=3309 (slot=1)
ev: ABS code=1 val=1094 (slot=1)
ev: SYN code=0
cnt=2 s0=fng (3309,1094) s1=fng (4013,819) [filtered=311]
ev: ABS code=47 val=0 (slot=1)
ev: ABS code=53 val=3305 (slot=0)
ev: ABS code=54 val=1115 (slot=0)
ev: ABS code=47 val=1 (slot=0)
ev: ABS code=53 val=4010 (slot=1)
ev: ABS code=54 val=834 (slot=1)
ev: ABS code=0 val=3305 (slot=1)
ev: ABS code=1 val=1115 (slot=1)
ev: SYN code=0
cnt=2 s0=fng (3305,1115) s1=fng (4010,834) [filtered=311]
ev: ABS code=47 val=0 (slot=1)
ev: ABS code=53 val=3301 (slot=0)
ev: ABS code=54 val=1137 (slot=0)
ev: ABS code=47 val=1 (slot=0)
ev: ABS code=53 val=4006 (slot=1)
ev: ABS code=54 val=851 (slot=1)
ev: ABS code=0 val=3301 (slot=1)
ev: ABS code=1 val=1137 (slot=1)
ev: SYN code=0
cnt=2 s0=fng (3301,1137) s1=fng (4006,851) [filtered=311]
ev: ABS code=47 val=0 (slot=1)
ev: ABS code=53 val=3297 (slot=0)
ev: ABS code=54 val=1164 (slot=0)
ev: ABS code=47 val=1 (slot=0)
ev: ABS code=53 val=4001 (slot=1)
ev: ABS code=54 val=871 (slot=1)
ev: ABS code=0 val=3297 (slot=1)
ev: ABS code=1 val=1164 (slot=1)
ev: SYN code=0
cnt=2 s0=fng (3297,1164) s1=fng (4001,871) [filtered=311]
ev: ABS code=47 val=0 (slot=1)
ev: ABS code=53 val=3292 (slot=0)
ev: ABS code=54 val=1198 (slot=0)
ev: ABS code=47 val=1 (slot=0)
ev: ABS code=53 val=3996 (slot=1)
ev: ABS code=54 val=896 (slot=1)
ev: ABS code=0 val=3292 (slot=1)
ev: ABS code=1 val=1198 (slot=1)
ev: SYN code=0
cnt=2 s0=fng (3292,1198) s1=fng (3996,896) [filtered=311]
ev: ABS code=47 val=0 (slot=1)
ev: ABS code=53 val=3288 (slot=0)
ev: ABS code=54 val=1231 (slot=0)
ev: ABS code=47 val=1 (slot=0)
ev: ABS code=53 val=3991 (slot=1)
ev: ABS code=54 val=920 (slot=1)
ev: ABS code=0 val=3288 (slot=1)
ev: ABS code=1 val=1231 (slot=1)
ev: SYN code=0
cnt=2 s0=fng (3288,1231) s1=fng (3991,920) [filtered=311]
ev: ABS code=47 val=0 (slot=1)
ev: ABS code=53 val=3284 (slot=0)
ev: ABS code=54 val=1272 (slot=0)
ev: ABS code=47 val=1 (slot=0)
ev: ABS code=53 val=3984 (slot=1)
ev: ABS code=54 val=949 (slot=1)
ev: ABS code=0 val=3284 (slot=1)
ev: ABS code=1 val=1272 (slot=1)
ev: SYN code=0
cnt=2 s0=fng (3284,1272) s1=fng (3984,949) [filtered=311]
ev: ABS code=47 val=0 (slot=1)
ev: ABS code=53 val=3279 (slot=0)
ev: ABS code=54 val=1321 (slot=0)
ev: ABS code=47 val=1 (slot=0)
ev: ABS code=53 val=3976 (slot=1)
ev: ABS code=54 val=986 (slot=1)
ev: ABS code=0 val=3279 (slot=1)
ev: ABS code=1 val=1321 (slot=1)
ev: SYN code=0
cnt=2 s0=fng (3279,1321) s1=fng (3976,986) [filtered=311]
ev: ABS code=47 val=0 (slot=1)
ev: ABS code=53 val=3273 (slot=0)
ev: ABS code=54 val=1379 (slot=0)
ev: ABS code=47 val=1 (slot=0)
ev: ABS code=53 val=3967 (slot=1)
ev: ABS code=54 val=1031 (slot=1)
ev: ABS code=0 val=3273 (slot=1)
ev: ABS code=1 val=1379 (slot=1)
ev: SYN code=0
cnt=2 s0=fng (3273,1379) s1=fng (3967,1031) [filtered=311]
ev: ABS code=47 val=0 (slot=1)
ev: ABS code=53 val=3268 (slot=0)
ev: ABS code=54 val=1437 (slot=0)
ev: ABS code=47 val=1 (slot=0)
ev: ABS code=53 val=3958 (slot=1)
ev: ABS code=54 val=1076 (slot=1)
ev: ABS code=0 val=3268 (slot=1)
ev: ABS code=1 val=1437 (slot=1)
ev: SYN code=0
cnt=2 s0=fng (3268,1437) s1=fng (3958,1076) [filtered=311]
ev: ABS code=47 val=0 (slot=1)
ev: ABS code=53 val=3263 (slot=0)
ev: ABS code=54 val=1506 (slot=0)
ev: ABS code=47 val=1 (slot=0)
ev: ABS code=53 val=3947 (slot=1)
ev: ABS code=54 val=1131 (slot=1)
ev: ABS code=0 val=3263 (slot=1)
ev: ABS code=1 val=1506 (slot=1)
ev: SYN code=0
cnt=2 s0=fng (3263,1506) s1=fng (3947,1131) [filtered=311]
ev: ABS code=47 val=0 (slot=1)
ev: ABS code=53 val=3258 (slot=0)
ev: ABS code=54 val=1587 (slot=0)
ev: ABS code=47 val=1 (slot=0)
ev: ABS code=53 val=3934 (slot=1)
ev: ABS code=54 val=1198 (slot=1)
ev: ABS code=0 val=3258 (slot=1)
ev: ABS code=1 val=1587 (slot=1)
ev: SYN code=0
cnt=2 s0=fng (3258,1587) s1=fng (3934,1198) [filtered=311]
ev: ABS code=47 val=0 (slot=1)
ev: ABS code=53 val=3254 (slot=0)
ev: ABS code=54 val=1677 (slot=0)
ev: ABS code=47 val=1 (slot=0)
ev: ABS code=53 val=3920 (slot=1)
ev: ABS code=54 val=1278 (slot=1)
ev: ABS code=0 val=3254 (slot=1)
ev: ABS code=1 val=1677 (slot=1)
ev: SYN code=0
cnt=2 s0=fng (3254,1677) s1=fng (3920,1278) [filtered=311]
ev: ABS code=47 val=0 (slot=1)
ev: ABS code=54 val=1778 (slot=0)
ev: ABS code=47 val=1 (slot=0)
ev: ABS code=53 val=3906 (slot=1)
ev: ABS code=54 val=1370 (slot=1)
ev: ABS code=1 val=1778 (slot=1)
ev: SYN code=0
cnt=2 s0=fng (3254,1778) s1=fng (3906,1370) [filtered=311]
ev: ABS code=47 val=0 (slot=1)
ev: ABS code=54 val=1878 (slot=0)
ev: ABS code=47 val=1 (slot=0)
ev: ABS code=53 val=3893 (slot=1)
ev: ABS code=54 val=1461 (slot=1)
ev: ABS code=1 val=1878 (slot=1)
ev: SYN code=0
cnt=2 s0=fng (3254,1878) s1=fng (3893,1461) [filtered=311]
ev: ABS code=47 val=0 (slot=1)
ev: ABS code=53 val=3257 (slot=0)
ev: ABS code=54 val=1983 (slot=0)
ev: ABS code=47 val=1 (slot=0)
ev: ABS code=53 val=3880 (slot=1)
ev: ABS code=54 val=1558 (slot=1)
ev: ABS code=0 val=3257 (slot=1)
ev: ABS code=1 val=1983 (slot=1)
ev: SYN code=0
cnt=2 s0=PALM(3257,1983) s1=fng (3880,1558) [filtered=312]
ev: ABS code=47 val=0 (slot=1)
ev: ABS code=53 val=3262 (slot=0)
ev: ABS code=54 val=2091 (slot=0)
ev: ABS code=47 val=1 (slot=0)
ev: ABS code=53 val=3870 (slot=1)
ev: ABS code=54 val=1659 (slot=1)
ev: ABS code=0 val=3262 (slot=1)
ev: ABS code=1 val=2091 (slot=1)
ev: SYN code=0
cnt=2 s0=PALM(3262,2091) s1=fng (3870,1659) [filtered=313]
ev: ABS code=47 val=0 (slot=1)
ev: ABS code=53 val=3269 (slot=0)
ev: ABS code=54 val=2198 (slot=0)
ev: ABS code=47 val=1 (slot=0)
ev: ABS code=53 val=3863 (slot=1)
ev: ABS code=54 val=1760 (slot=1)
ev: ABS code=0 val=3269 (slot=1)
ev: ABS code=1 val=2198 (slot=1)
ev: SYN code=0
cnt=2 s0=PALM(3269,2198) s1=fng (3863,1760) [filtered=314]
ev: ABS code=47 val=0 (slot=1)
ev: ABS code=53 val=3279 (slot=0)
ev: ABS code=54 val=2304 (slot=0)
ev: ABS code=47 val=1 (slot=0)
ev: ABS code=53 val=3859 (slot=1)
ev: ABS code=54 val=1862 (slot=1)
ev: ABS code=0 val=3279 (slot=1)
ev: ABS code=1 val=2304 (slot=1)
ev: SYN code=0
cnt=2 s0=PALM(3279,2304) s1=fng (3859,1862) [filtered=315]
ev: ABS code=47 val=0 (slot=1)
ev: ABS code=53 val=3288 (slot=0)
ev: ABS code=54 val=2409 (slot=0)
ev: ABS code=47 val=1 (slot=0)
ev: ABS code=53 val=3856 (slot=1)
ev: ABS code=54 val=1963 (slot=1)
ev: ABS code=0 val=3288 (slot=1)
ev: ABS code=1 val=2409 (slot=1)
ev: SYN code=0
cnt=2 s0=PALM(3288,2409) s1=PALM(3856,1963) [filtered=316]
ev: ABS code=47 val=0 (slot=1)
ev: ABS code=53 val=3299 (slot=0)
ev: ABS code=54 val=2510 (slot=0)
ev: ABS code=47 val=1 (slot=0)
ev: ABS code=54 val=2062 (slot=1)
ev: ABS code=0 val=3299 (slot=1)
ev: ABS code=1 val=2510 (slot=1)
ev: SYN code=0
cnt=2 s0=PALM(3299,2510) s1=PALM(3856,2062) [filtered=317]
ev: ABS code=47 val=0 (slot=1)
ev: ABS code=53 val=3312 (slot=0)
ev: ABS code=54 val=2602 (slot=0)
ev: ABS code=47 val=1 (slot=0)
ev: ABS code=53 val=3859 (slot=1)
ev: ABS code=54 val=2159 (slot=1)
ev: ABS code=0 val=3312 (slot=1)
ev: ABS code=1 val=2602 (slot=1)
ev: SYN code=0
cnt=2 s0=PALM(3312,2602) s1=PALM(3859,2159) [filtered=318]
ev: ABS code=47 val=0 (slot=1)
ev: ABS code=53 val=3326 (slot=0)
ev: ABS code=54 val=2681 (slot=0)
ev: ABS code=47 val=1 (slot=0)
ev: ABS code=53 val=3863 (slot=1)
ev: ABS code=54 val=2252 (slot=1)
ev: ABS code=0 val=3326 (slot=1)
ev: ABS code=1 val=2681 (slot=1)
ev: SYN code=0
cnt=2 s0=PALM(3326,2681) s1=PALM(3863,2252) [filtered=319]
ev: ABS code=47 val=0 (slot=1)
ev: ABS code=53 val=3340 (slot=0)
ev: ABS code=54 val=2759 (slot=0)
ev: ABS code=47 val=1 (slot=0)
ev: ABS code=53 val=3865 (slot=1)
ev: ABS code=54 val=2345 (slot=1)
ev: ABS code=0 val=3340 (slot=1)
ev: ABS code=1 val=2759 (slot=1)
ev: SYN code=0
cnt=2 s0=PALM(3340,2759) s1=PALM(3865,2345) [filtered=320]
ev: ABS code=47 val=0 (slot=1)
ev: ABS code=53 val=3353 (slot=0)
ev: ABS code=54 val=2823 (slot=0)
ev: ABS code=47 val=1 (slot=0)
ev: ABS code=53 val=3867 (slot=1)
ev: ABS code=54 val=2434 (slot=1)
ev: ABS code=0 val=3353 (slot=1)
ev: ABS code=1 val=2823 (slot=1)
ev: SYN code=0
cnt=2 s0=PALM(3353,2823) s1=PALM(3867,2434) [filtered=321]
ev: ABS code=47 val=0 (slot=1)
ev: ABS code=53 val=3364 (slot=0)
ev: ABS code=54 val=2873 (slot=0)
ev: ABS code=47 val=1 (slot=0)
ev: ABS code=53 val=3870 (slot=1)
ev: ABS code=54 val=2518 (slot=1)
ev: ABS code=0 val=3364 (slot=1)
ev: ABS code=1 val=2873 (slot=1)
ev: SYN code=0
cnt=2 s0=PALM(3364,2873) s1=PALM(3870,2518) [filtered=322]
ev: ABS code=53 val=3874 (slot=1)
ev: ABS code=54 val=2596 (slot=1)
ev: ABS code=47 val=0 (slot=1)
ev: ABS code=57 val=-1 (slot=0)
ev: KEY code=0x145 val=1
ev: KEY code=0x14d val=0
ev: ABS code=0 val=3874 (slot=0)
ev: ABS code=1 val=2596 (slot=0)
ev: SYN code=0
cnt=1 s1=fng (3874,2596) [filtered=322]
ev: ABS code=47 val=1 (slot=0)
ev: ABS code=53 val=3877 (slot=1)
ev: ABS code=54 val=2663 (slot=1)
ev: ABS code=0 val=3877 (slot=1)
ev: ABS code=1 val=2663 (slot=1)
ev: SYN code=0
cnt=1 s1=fng (3877,2663) [filtered=322]
ev: ABS code=53 val=3880 (slot=1)
ev: ABS code=54 val=2717 (slot=1)
ev: ABS code=0 val=3880 (slot=1)
ev: ABS code=1 val=2717 (slot=1)
ev: SYN code=0
cnt=1 s1=fng (3880,2717) [filtered=322]
ev: ABS code=53 val=3882 (slot=1)
ev: ABS code=54 val=2771 (slot=1)
ev: ABS code=0 val=3882 (slot=1)
ev: ABS code=1 val=2771 (slot=1)
ev: SYN code=0
cnt=1 s1=fng (3882,2771) [filtered=322]
ev: ABS code=57 val=-1 (slot=1)
ev: KEY code=0x14a val=0
ev: KEY code=0x145 val=0
ev: SYN code=0
ev: ABS code=47 val=0 (slot=1)
ev: ABS code=57 val=109 (slot=0)
ev: ABS code=53 val=290 (slot=0)
ev: ABS code=54 val=3099 (slot=0)
ev: KEY code=0x14a val=1
ev: KEY code=0x145 val=1
ev: ABS code=0 val=290 (slot=0)
ev: ABS code=1 val=3099 (slot=0)
ev: SYN code=0
cnt=1 s0=fng (290,3099) [filtered=322]
ev: SYN code=0
cnt=1 s0=fng (290,3099) [filtered=322]
ev: SYN code=0
cnt=1 s0=fng (290,3099) [filtered=322]
ev: SYN code=0
cnt=1 s0=fng (290,3099) [filtered=322]
ev: SYN code=0
cnt=1 s0=fng (290,3099) [filtered=322]
ev: SYN code=0
cnt=1 s0=fng (290,3099) [filtered=322]
ev: SYN code=0
cnt=1 s0=fng (290,3099) [filtered=322]
ev: SYN code=0
cnt=1 s0=fng (290,3099) [filtered=322]
ev: SYN code=0
cnt=1 s0=fng (290,3099) [filtered=322]
ev: SYN code=0
cnt=1 s0=fng (290,3099) [filtered=322]
ev: SYN code=0
cnt=1 s0=fng (290,3099) [filtered=322]
ev: SYN code=0
cnt=1 s0=fng (290,3099) [filtered=322]
ev: SYN code=0
cnt=1 s0=fng (290,3099) [filtered=322]
ev: SYN code=0
cnt=1 s0=fng (290,3099) [filtered=322]
ev: SYN code=0
cnt=1 s0=fng (290,3099) [filtered=322]
ev: SYN code=0
cnt=1 s0=fng (290,3099) [filtered=322]
ev: SYN code=0
cnt=1 s0=fng (290,3099) [filtered=322]
ev: SYN code=0
cnt=1 s0=fng (290,3099) [filtered=322]
ev: SYN code=0
cnt=1 s0=fng (290,3099) [filtered=322]
ev: SYN code=0
cnt=1 s0=fng (290,3099) [filtered=322]
ev: SYN code=0
cnt=1 s0=fng (290,3099)* [filtered=322]
ev: SYN code=0
cnt=1 s0=fng (290,3099)* [filtered=322]
ev: SYN code=0
cnt=1 s0=fng (290,3099)* [filtered=322]
ev: SYN code=0
cnt=1 s0=fng (290,3099)* [filtered=322]
ev: SYN code=0
cnt=1 s0=fng (290,3099)* [filtered=322]
ev: SYN code=0
cnt=1 s0=fng (290,3099)* [filtered=322]
ev: SYN code=0
cnt=1 s0=fng (290,3099)* [filtered=322]
ev: SYN code=0
cnt=1 s0=fng (290,3099)* [filtered=322]
ev: ABS code=54 val=3098 (slot=0)
ev: ABS code=1 val=3098 (slot=0)
ev: SYN code=0
cnt=1 s0=fng (290,3098)* [filtered=322]
ev: ABS code=54 val=3097 (slot=0)
ev: ABS code=1 val=3097 (slot=0)
ev: SYN code=0
cnt=1 s0=fng (290,3097)* [filtered=322]
ev: ABS code=54 val=3096 (slot=0)
ev: ABS code=1 val=3096 (slot=0)
ev: SYN code=0
cnt=1 s0=fng (290,3096)* [filtered=322]
ev: ABS code=54 val=3095 (slot=0)
ev: ABS code=1 val=3095 (slot=0)
ev: SYN code=0
cnt=1 s0=fng (290,3095)* [filtered=322]
ev: ABS code=54 val=3094 (slot=0)
ev: ABS code=1 val=3094 (slot=0)
ev: SYN code=0
cnt=1 s0=fng (290,3094)* [filtered=322]
ev: SYN code=0
cnt=1 s0=fng (290,3094)* [filtered=322]
ev: ABS code=54 val=3093 (slot=0)
ev: ABS code=1 val=3093 (slot=0)
ev: SYN code=0
cnt=1 s0=fng (290,3093)* [filtered=322]
ev: ABS code=54 val=3092 (slot=0)
ev: ABS code=1 val=3092 (slot=0)
ev: SYN code=0
cnt=1 s0=fng (290,3092)* [filtered=322]
ev: ABS code=54 val=3091 (slot=0)
ev: ABS code=1 val=3091 (slot=0)
ev: SYN code=0
cnt=1 s0=fng (290,3091)* [filtered=322]
ev: ABS code=54 val=3090 (slot=0)
ev: ABS code=1 val=3090 (slot=0)
ev: SYN code=0
cnt=1 s0=fng (290,3090)* [filtered=322]
ev: ABS code=54 val=3089 (slot=0)
ev: ABS code=1 val=3089 (slot=0)
ev: SYN code=0
cnt=1 s0=fng (290,3089)* [filtered=322]
ev: ABS code=54 val=3088 (slot=0)
ev: ABS code=1 val=3088 (slot=0)
ev: SYN code=0
cnt=1 s0=fng (290,3088)* [filtered=322]
ev: SYN code=0
cnt=1 s0=fng (290,3088)* [filtered=322]
ev: ABS code=54 val=3087 (slot=0)
ev: ABS code=1 val=3087 (slot=0)
ev: SYN code=0
cnt=1 s0=fng (290,3087)* [filtered=322]
ev: SYN code=0
cnt=1 s0=fng (290,3087)* [filtered=322]
ev: KEY code=0x110 val=1
click: x=290 -> zone=0x110
ev: SYN code=0
cnt=1 s0=fng (290,3087)* [filtered=322]
ev: SYN code=0
cnt=1 s0=fng (290,3087)* [filtered=322]
ev: ABS code=54 val=3086 (slot=0)
ev: ABS code=1 val=3086 (slot=0)
ev: SYN code=0
cnt=1 s0=fng (290,3086)* [filtered=322]
ev: SYN code=0
cnt=1 s0=fng (290,3086)* [filtered=322]
ev: SYN code=0
cnt=1 s0=fng (290,3086)* [filtered=322]
ev: SYN code=0
cnt=1 s0=fng (290,3086)* [filtered=322]
ev: ABS code=54 val=3085 (slot=0)
ev: ABS code=1 val=3085 (slot=0)
ev: SYN code=0
cnt=1 s0=fng (290,3085)* [filtered=322]
ev: ABS code=54 val=3084 (slot=0)
ev: ABS code=1 val=3084 (slot=0)
ev: SYN code=0
cnt=1 s0=fng (290,3084)* [filtered=322]
ev: ABS code=54 val=3083 (slot=0)
ev: ABS code=1 val=3083 (slot=0)
ev: SYN code=0
cnt=1 s0=fng (290,3083)* [filtered=322]
ev: ABS code=54 val=3082 (slot=0)
ev: ABS code=1 val=3082 (slot=0)
ev: SYN code=0
cnt=1 s0=fng (290,3082)* [filtered=322]
ev: ABS code=54 val=3081 (slot=0)
ev: ABS code=1 val=3081 (slot=0)
ev: SYN code=0
cnt=1 s0=fng (290,3081)* [filtered=322]
ev: ABS code=54 val=3080 (slot=0)
ev: ABS code=1 val=3080 (slot=0)
ev: SYN code=0
cnt=1 s0=fng (290,3080)* [filtered=322]
ev: SYN code=0
cnt=1 s0=fng (290,3080)* [filtered=322]
ev: SYN code=0
cnt=1 s0=fng (290,3080)* [filtered=322]
ev: SYN code=0
cnt=1 s0=fng (290,3080)* [filtered=322]
ev: SYN code=0
cnt=1 s0=fng (290,3080)* [filtered=322]
ev: SYN code=0
cnt=1 s0=fng (290,3080)* [filtered=322]
ev: ABS code=54 val=3079 (slot=0)
ev: ABS code=1 val=3079 (slot=0)
ev: SYN code=0
cnt=1 s0=fng (290,3079)* [filtered=322]
ev: SYN code=0
cnt=1 s0=fng (290,3079)* [filtered=322]
ev: SYN code=0
cnt=1 s0=fng (290,3079)* [filtered=322]
ev: SYN code=0
cnt=1 s0=fng (290,3079)* [filtered=322]
ev: SYN code=0
cnt=1 s0=fng (290,3079)* [filtered=322]
ev: SYN code=0
cnt=1 s0=fng (290,3079)* [filtered=322]
ev: SYN code=0
cnt=1 s0=fng (290,3079)* [filtered=322]
ev: SYN code=0
cnt=1 s0=fng (290,3079)* [filtered=322]
ev: SYN code=0
cnt=1 s0=fng (290,3079)* [filtered=322]
ev: SYN code=0
cnt=1 s0=fng (290,3079)* [filtered=322]
ev: SYN code=0
cnt=1 s0=fng (290,3079)* [filtered=322]
ev: SYN code=0
cnt=1 s0=fng (290,3079)* [filtered=322]
ev: SYN code=0
cnt=1 s0=fng (290,3079)* [filtered=322]
ev: SYN code=0
cnt=1 s0=fng (290,3079)* [filtered=322]
ev: SYN code=0
cnt=1 s0=fng (290,3079)* [filtered=322]
ev: SYN code=0
cnt=1 s0=fng (290,3079)* [filtered=322]
ev: SYN code=0
cnt=1 s0=fng (290,3079)* [filtered=322]
ev: SYN code=0
cnt=1 s0=fng (290,3079)* [filtered=322]
ev: SYN code=0
cnt=1 s0=fng (290,3079)* [filtered=322]
ev: SYN code=0
cnt=1 s0=fng (290,3079)* [filtered=322]
ev: SYN code=0
cnt=1 s0=fng (290,3079)* [filtered=322]
ev: SYN code=0
cnt=1 s0=fng (290,3079)* [filtered=322]
ev: SYN code=0
cnt=1 s0=fng (290,3079)* [filtered=322]
ev: KEY code=0x110 val=0
ev: SYN code=0
cnt=1 s0=fng (290,3079)* [filtered=322]
ev: SYN code=0
cnt=1 s0=fng (290,3079)* [filtered=322]
ev: SYN code=0
cnt=1 s0=fng (290,3079)* [filtered=322]
ev: SYN code=0
cnt=1 s0=fng (290,3079)* [filtered=322]
ev: SYN code=0
cnt=1 s0=fng (290,3079)* [filtered=322]
ev: SYN code=0
cnt=1 s0=fng (290,3079)* [filtered=322]
ev: ABS code=47 val=1 (slot=0)
ev: ABS code=57 val=110 (slot=1)
ev: ABS code=53 val=2516 (slot=1)
ev: ABS code=54 val=2800 (slot=1)
ev: KEY code=0x145 val=0
ev: KEY code=0x14d val=1
ev: SYN code=0
cnt=2 s0=PALM(290,3079)* s1=PALM(2516,2800) [filtered=323]
ev: SYN code=0
cnt=2 s0=PALM(290,3079)* s1=PALM(2516,2800) [filtered=324]
ev: SYN code=0
cnt=2 s0=PALM(290,3079)* s1=PALM(2516,2800) [filtered=325]
ev: SYN code=0
cnt=2 s0=PALM(290,3079)* s1=PALM(2516,2800) [filtered=326]
ev: SYN code=0
cnt=2 s0=PALM(290,3079)* s1=PALM(2516,2800) [filtered=327]
ev: SYN code=0
cnt=2 s0=PALM(290,3079)* s1=PALM(2516,2800) [filtered=328]
ev: SYN code=0
cnt=2 s0=PALM(290,3079)* s1=PALM(2516,2800) [filtered=329]
ev: SYN code=0
cnt=2 s0=PALM(290,3079)* s1=PALM(2516,2800) [filtered=330]
ev: SYN code=0
cnt=2 s0=PALM(290,3079)* s1=PALM(2516,2800) [filtered=331]
ev: SYN code=0
cnt=2 s0=PALM(290,3079)* s1=PALM(2516,2800) [filtered=332]
ev: SYN code=0
cnt=2 s0=PALM(290,3079)* s1=PALM(2516,2800) [filtered=333]
ev: SYN code=0
cnt=2 s0=PALM(290,3079)* s1=PALM(2516,2800) [filtered=334]
ev: SYN code=0
cnt=2 s0=PALM(290,3079)* s1=PALM(2516,2800) [filtered=335]
ev: ABS code=47 val=0 (slot=1)
ev: ABS code=53 val=291 (slot=0)
ev: ABS code=0 val=291 (slot=0)
ev: SYN code=0
cnt=2 s0=PALM(291,3079)* s1=PALM(2516,2800) [filtered=336]
ev: SYN code=0
cnt=2 s0=PALM(291,3079)* s1=PALM(2516,2800) [filtered=337]
ev: SYN code=0
cnt=2 s0=PALM(291,3079)* s1=PALM(2516,2800) [filtered=338]
ev: ABS code=53 val=292 (slot=0)
ev: ABS code=0 val=292 (slot=0)
ev: SYN code=0
cnt=2 s0=PALM(292,3079)* s1=PALM(2516,2800) [filtered=339]
ev: ABS code=53 val=293 (slot=0)
ev: ABS code=0 val=293 (slot=0)
ev: SYN code=0
cnt=2 s0=PALM(293,3079)* s1=PALM(2516,2800) [filtered=340]
ev: SYN code=0
cnt=2 s0=PALM(293,3079)* s1=PALM(2516,2800) [filtered=341]
ev: SYN code=0
cnt=2 s0=PALM(293,3079)* s1=PALM(2516,2800) [filtered=342]
ev: SYN code=0
cnt=2 s0=PALM(293,3079)* s1=PALM(2516,2800)* [filtered=343]
ev: SYN code=0
cnt=2 s0=PALM(293,3079)* s1=PALM(2516,2800)* [filtered=344]
ev: SYN code=0
cnt=2 s0=PALM(293,3079)* s1=PALM(2516,2800)* [filtered=345]
ev: SYN code=0
cnt=2 s0=PALM(293,3079)* s1=PALM(2516,2800)* [filtered=346]
ev: SYN code=0
cnt=2 s0=PALM(293,3079)* s1=PALM(2516,2800)* [filtered=347]
ev: ABS code=54 val=3080 (slot=0)
ev: ABS code=1 val=3080 (slot=0)
ev: SYN code=0
cnt=2 s0=PALM(293,3080)* s1=PALM(2516,2800)* [filtered=348]
ev: ABS code=54 val=3081 (slot=0)
ev: ABS code=47 val=1 (slot=0)
ev: ABS code=53 val=2517 (slot=1)
ev: ABS code=1 val=3081 (slot=1)
ev: SYN code=0
cnt=2 s0=PALM(293,3081)* s1=PALM(2517,2800)* [filtered=349]
ev: SYN code=0
cnt=2 s0=PALM(293,3081)* s1=PALM(2517,2800)* [filtered=350]
ev: ABS code=53 val=2518 (slot=1)
ev: SYN code=0
cnt=2 s0=PALM(293,3081)* s1=PALM(2518,2800)* [filtered=351]
ev: SYN code=0
cnt=2 s0=PALM(293,3081)* s1=PALM(2518,2800)* [filtered=352]
ev: ABS code=53 val=2519 (slot=1)
ev: SYN code=0
cnt=2 s0=PALM(293,3081)* s1=PALM(2519,2800)* [filtered=353]
ev: SYN code=0
cnt=2 s0=PALM(293,3081)* s1=PALM(2519,2800)* [filtered=354]
ev: ABS code=53 val=2520 (slot=1)
ev: SYN code=0
cnt=2 s0=PALM(293,3081)* s1=PALM(2520,2800)* [filtered=355]
ev: SYN code=0
cnt=2 s0=PALM(293,3081)* s1=PALM(2520,2800)* [filtered=356]
ev: ABS code=54 val=2799 (slot=1)
ev: SYN code=0
cnt=2 s0=PALM(293,3081)* s1=PALM(2520,2799)* [filtered=357]
ev: ABS code=53 val=2521 (slot=1)
ev: SYN code=0
cnt=2 s0=PALM(293,3081)* s1=PALM(2521,2799)* [filtered=358]
ev: SYN code=0
cnt=2 s0=PALM(293,3081)* s1=PALM(2521,2799)* [filtered=359]
ev: ABS code=53 val=2522 (slot=1)
ev: ABS code=54 val=2798 (slot=1)
ev: SYN code=0
cnt=2 s0=PALM(293,3081)* s1=PALM(2522,2798)* [filtered=360]
ev: SYN code=0
cnt=2 s0=PALM(293,3081)* s1=PALM(2522,2798)* [filtered=361]
ev: ABS code=53 val=2523 (slot=1)
ev: SYN code=0
cnt=2 s0=PALM(293,3081)* s1=PALM(2523,2798)* [filtered=362]
ev: SYN code=0
cnt=2 s0=PALM(293,3081)* s1=PALM(2523,2798)* [filtered=363]
ev: ABS code=53 val=2524 (slot=1)
ev: SYN code=0
cnt=2 s0=PALM(293,3081)* s1=PALM(2524,2798)* [filtered=364]
ev: ABS code=54 val=2797 (slot=1)
ev: SYN code=0
cnt=2 s0=PALM(293,3081)* s1=PALM(2524,2797)* [filtered=365]
ev: SYN code=0
cnt=2 s0=PALM(293,3081)* s1=PALM(2524,2797)* [filtered=366]
ev: SYN code=0
cnt=2 s0=PALM(293,3081)* s1=PALM(2524,2797)* [filtered=367]
ev: SYN code=0
cnt=2 s0=PALM(293,3081)* s1=PALM(2524,2797)* [filtered=368]
ev: ABS code=53 val=2525 (slot=1)
ev: SYN code=0
cnt=2 s0=PALM(293,3081)* s1=PALM(2525,2797)* [filtered=369]
ev: SYN code=0
cnt=2 s0=PALM(293,3081)* s1=PALM(2525,2797)* [filtered=370]
ev: SYN code=0
cnt=2 s0=PALM(293,3081)* s1=PALM(2525,2797)* [filtered=371]
ev: SYN code=0
cnt=2 s0=PALM(293,3081)* s1=PALM(2525,2797)* [filtered=372]
ev: ABS code=54 val=2796 (slot=1)
ev: SYN code=0
cnt=2 s0=PALM(293,3081)* s1=PALM(2525,2796)* [filtered=373]
ev: SYN code=0
cnt=2 s0=PALM(293,3081)* s1=PALM(2525,2796)* [filtered=374]
ev: SYN code=0
cnt=2 s0=PALM(293,3081)* s1=PALM(2525,2796)* [filtered=375]
ev: SYN code=0
cnt=2 s0=PALM(293,3081)* s1=PALM(2525,2796)* [filtered=376]
ev: SYN code=0
cnt=2 s0=PALM(293,3081)* s1=PALM(2525,2796)* [filtered=377]
ev: SYN code=0
cnt=2 s0=PALM(293,3081)* s1=PALM(2525,2796)* [filtered=378]
ev: SYN code=0
cnt=2 s0=PALM(293,3081)* s1=PALM(2525,2796)* [filtered=379]
ev: SYN code=0
cnt=2 s0=PALM(293,3081)* s1=PALM(2525,2796)* [filtered=380]
ev: SYN code=0
cnt=2 s0=PALM(293,3081)* s1=PALM(2525,2796)* [filtered=381]
ev: SYN code=0
cnt=2 s0=PALM(293,3081)* s1=PALM(2525,2796)* [filtered=382]
ev: SYN code=0
cnt=2 s0=PALM(293,3081)* s1=PALM(2525,2796)* [filtered=383]
ev: SYN code=0
cnt=2 s0=PALM(293,3081)* s1=PALM(2525,2796)* [filtered=384]
ev: SYN code=0
cnt=2 s0=PALM(293,3081)* s1=PALM(2525,2796)* [filtered=385]
ev: SYN code=0
cnt=2 s0=PALM(293,3081)* s1=PALM(2525,2796)* [filtered=386]
ev: SYN code=0
cnt=2 s0=PALM(293,3081)* s1=PALM(2525,2796)* [filtered=387]
ev: ABS code=53 val=2526 (slot=1)
ev: SYN code=0
cnt=2 s0=PALM(293,3081)* s1=PALM(2526,2796)* [filtered=388]
ev: SYN code=0
cnt=2 s0=PALM(293,3081)* s1=PALM(2526,2796)* [filtered=389]
ev: SYN code=0
cnt=2 s0=PALM(293,3081)* s1=PALM(2526,2796)* [filtered=390]
ev: SYN code=0
cnt=2 s0=PALM(293,3081)* s1=PALM(2526,2796)* [filtered=391]
ev: ABS code=47 val=0 (slot=1)
ev: ABS code=53 val=292 (slot=0)
ev: ABS code=0 val=292 (slot=0)
ev: SYN code=0
cnt=2 s0=PALM(292,3081)* s1=PALM(2526,2796)* [filtered=392]
ev: ABS code=53 val=291 (slot=0)
ev: ABS code=0 val=291 (slot=0)
ev: SYN code=0
cnt=2 s0=PALM(291,3081)* s1=PALM(2526,2796)* [filtered=393]
ev: SYN code=0
cnt=2 s0=PALM(291,3081)* s1=PALM(2526,2796)* [filtered=394]
ev: SYN code=0
cnt=2 s0=PALM(291,3081)* s1=PALM(2526,2796)* [filtered=395]
ev: SYN code=0
cnt=2 s0=PALM(291,3081)* s1=PALM(2526,2796)* [filtered=396]
ev: ABS code=47 val=1 (slot=0)
ev: ABS code=53 val=2527 (slot=1)
ev: SYN code=0
cnt=2 s0=PALM(291,3081)* s1=PALM(2527,2796)* [filtered=397]
ev: SYN code=0
cnt=2 s0=PALM(291,3081)* s1=PALM(2527,2796)* [filtered=398]
ev: SYN code=0
cnt=2 s0=PALM(291,3081)* s1=PALM(2527,2796)* [filtered=399]
ev: SYN code=0
cnt=2 s0=PALM(291,3081)* s1=PALM(2527,2796)* [filtered=400]
ev: SYN code=0
cnt=2 s0=PALM(291,3081)* s1=PALM(2527,2796)* [filtered=401]
ev: SYN code=0
cnt=2 s0=PALM(291,3081)* s1=PALM(2527,2796)* [filtered=402]
ev: SYN code=0
cnt=2 s0=PALM(291,3081)* s1=PALM(2527,2796)* [filtered=403]
ev: SYN code=0
cnt=2 s0=PALM(291,3081)* s1=PALM(2527,2796)* [filtered=404]
ev: SYN code=0
cnt=2 s0=PALM(291,3081)* s1=PALM(2527,2796)* [filtered=405]
ev: SYN code=0
cnt=2 s0=PALM(291,3081)* s1=PALM(2527,2796)* [filtered=406]
ev: SYN code=0
cnt=2 s0=PALM(291,3081)* s1=PALM(2527,2796)* [filtered=407]
ev: SYN code=0
cnt=2 s0=PALM(291,3081)* s1=PALM(2527,2796)* [filtered=408]
ev: SYN code=0
cnt=2 s0=PALM(291,3081)* s1=PALM(2527,2796)* [filtered=409]
ev: SYN code=0
cnt=2 s0=PALM(291,3081)* s1=PALM(2527,2796)* [filtered=410]
ev: SYN code=0
cnt=2 s0=PALM(291,3081)* s1=PALM(2527,2796)* [filtered=411]
ev: SYN code=0
cnt=2 s0=PALM(291,3081)* s1=PALM(2527,2796)* [filtered=412]
ev: SYN code=0
cnt=2 s0=PALM(291,3081)* s1=PALM(2527,2796)* [filtered=413]
ev: SYN code=0
cnt=2 s0=PALM(291,3081)* s1=PALM(2527,2796)* [filtered=414]
ev: SYN code=0
cnt=2 s0=PALM(291,3081)* s1=PALM(2527,2796)* [filtered=415]
ev: SYN code=0
cnt=2 s0=PALM(291,3081)* s1=PALM(2527,2796)* [filtered=416]
ev: SYN code=0
cnt=2 s0=PALM(291,3081)* s1=PALM(2527,2796)* [filtered=417]
ev: ABS code=47 val=0 (slot=1)
ev: ABS code=53 val=290 (slot=0)
ev: ABS code=0 val=290 (slot=0)
ev: SYN code=0
cnt=2 s0=PALM(290,3081)* s1=PALM(2527,2796)* [filtered=418]
ev: SYN code=0
cnt=2 s0=PALM(290,3081)* s1=PALM(2527,2796)* [filtered=419]
ev: SYN code=0
cnt=2 s0=PALM(290,3081)* s1=PALM(2527,2796)* [filtered=420]
ev: SYN code=0
cnt=2 s0=PALM(290,3081)* s1=PALM(2527,2796)* [filtered=421]
ev: SYN code=0
cnt=2 s0=PALM(290,3081)* s1=PALM(2527,2796)* [filtered=422]
ev: SYN code=0
cnt=2 s0=PALM(290,3081)* s1=PALM(2527,2796)* [filtered=423]
ev: SYN code=0
cnt=2 s0=PALM(290,3081)* s1=PALM(2527,2796)* [filtered=424]
ev: SYN code=0
cnt=2 s0=PALM(290,3081)* s1=PALM(2527,2796)* [filtered=425]
ev: SYN code=0
cnt=2 s0=PALM(290,3081)* s1=PALM(2527,2796)* [filtered=426]
ev: SYN code=0
cnt=2 s0=PALM(290,3081)* s1=PALM(2527,2796)* [filtered=427]
ev: ABS code=47 val=1 (slot=0)
ev: ABS code=54 val=2797 (slot=1)
ev: SYN code=0
cnt=2 s0=PALM(290,3081)* s1=PALM(2527,2797)* [filtered=428]
ev: SYN code=0
cnt=2 s0=PALM(290,3081)* s1=PALM(2527,2797)* [filtered=429]
ev: SYN code=0
cnt=2 s0=PALM(290,3081)* s1=PALM(2527,2797)* [filtered=430]
ev: SYN code=0
cnt=2 s0=PALM(290,3081)* s1=PALM(2527,2797)* [filtered=431]
ev: SYN code=0
cnt=2 s0=PALM(290,3081)* s1=PALM(2527,2797)* [filtered=432]
ev: ABS code=54 val=2798 (slot=1)
ev: SYN code=0
cnt=2 s0=PALM(290,3081)* s1=PALM(2527,2798)* [filtered=433]
ev: SYN code=0
cnt=2 s0=PALM(290,3081)* s1=PALM(2527,2798)* [filtered=434]
ev: ABS code=53 val=2528 (slot=1)
ev: SYN code=0
cnt=2 s0=PALM(290,3081)* s1=PALM(2528,2798)* [filtered=435]
ev: SYN code=0
cnt=2 s0=PALM(290,3081)* s1=PALM(2528,2798)* [filtered=436]
ev: SYN code=0
cnt=2 s0=PALM(290,3081)* s1=PALM(2528,2798)* [filtered=437]
ev: SYN code=0
cnt=2 s0=PALM(290,3081)* s1=PALM(2528,2798)* [filtered=438]
ev: SYN code=0
cnt=2 s0=PALM(290,3081)* s1=PALM(2528,2798)* [filtered=439]
ev: SYN code=0
cnt=2 s0=PALM(290,3081)* s1=PALM(2528,2798)* [filtered=440]
ev: SYN code=0
cnt=2 s0=PALM(290,3081)* s1=PALM(2528,2798)* [filtered=441]
ev: SYN code=0
cnt=2 s0=PALM(290,3081)* s1=PALM(2528,2798)* [filtered=442]
ev: ABS code=54 val=2799 (slot=1)
ev: SYN code=0
cnt=2 s0=PALM(290,3081)* s1=PALM(2528,2799)* [filtered=443]
ev: SYN code=0
cnt=2 s0=PALM(290,3081)* s1=PALM(2528,2799)* [filtered=444]
ev: SYN code=0
cnt=2 s0=PALM(290,3081)* s1=PALM(2528,2799)* [filtered=445]
ev: SYN code=0
cnt=2 s0=PALM(290,3081)* s1=PALM(2528,2799)* [filtered=446]
ev: SYN code=0
cnt=2 s0=PALM(290,3081)* s1=PALM(2528,2799)* [filtered=447]
ev: ABS code=53 val=2529 (slot=1)
ev: SYN code=0
cnt=2 s0=PALM(290,3081)* s1=PALM(2529,2799)* [filtered=448]
ev: SYN code=0
cnt=2 s0=PALM(290,3081)* s1=PALM(2529,2799)* [filtered=449]
ev: SYN code=0
cnt=2 s0=PALM(290,3081)* s1=PALM(2529,2799)* [filtered=450]
ev: ABS code=54 val=2800 (slot=1)
ev: SYN code=0
cnt=2 s0=PALM(290,3081)* s1=PALM(2529,2800)* [filtered=451]
ev: SYN code=0
cnt=2 s0=PALM(290,3081)* s1=PALM(2529,2800)* [filtered=452]
ev: SYN code=0
cnt=2 s0=PALM(290,3081)* s1=PALM(2529,2800)* [filtered=453]
ev: SYN code=0
cnt=2 s0=PALM(290,3081)* s1=PALM(2529,2800)* [filtered=454]
ev: SYN code=0
cnt=2 s0=PALM(290,3081)* s1=PALM(2529,2800)* [filtered=455]
ev: ABS code=53 val=2530 (slot=1)
ev: SYN code=0
cnt=2 s0=PALM(290,3081)* s1=PALM(2530,2800)* [filtered=456]
ev: SYN code=0
cnt=2 s0=PALM(290,3081)* s1=PALM(2530,2800)* [filtered=457]
ev: ABS code=53 val=2531 (slot=1)
ev: SYN code=0
cnt=2 s0=PALM(290,3081)* s1=PALM(2531,2800)* [filtered=458]
ev: SYN code=0
cnt=2 s0=PALM(290,3081)* s1=PALM(2531,2800)* [filtered=459]
ev: ABS code=53 val=2532 (slot=1)
ev: SYN code=0
cnt=2 s0=PALM(290,3081)* s1=PALM(2532,2800)* [filtered=460]
ev: SYN code=0
cnt=2 s0=PALM(290,3081)* s1=PALM(2532,2800)* [filtered=461]
ev: SYN code=0
cnt=2 s0=PALM(290,3081)* s1=PALM(2532,2800)* [filtered=462]
ev: SYN code=0
cnt=2 s0=PALM(290,3081)* s1=PALM(2532,2800)* [filtered=463]
ev: SYN code=0
cnt=2 s0=PALM(290,3081)* s1=PALM(2532,2800)* [filtered=464]
ev: ABS code=47 val=0 (slot=1)
ev: ABS code=54 val=3082 (slot=0)
ev: ABS code=1 val=3082 (slot=0)
ev: SYN code=0
cnt=2 s0=PALM(290,3082)* s1=PALM(2532,2800)* [filtered=465]
ev: KEY code=0x110 val=1
click: x=2381 -> zone=0x112
ev: SYN code=0
cnt=2 s0=PALM(290,3082)* s1=PALM(2532,2800)* [filtered=466]
ev: ABS code=47 val=1 (slot=0)
ev: ABS code=53 val=2533 (slot=1)
ev: SYN code=0
cnt=2 s0=PALM(290,3082)* s1=PALM(2533,2800)* [filtered=467]
ev: SYN code=0
cnt=2 s0=PALM(290,3082)* s1=PALM(2533,2800)* [filtered=468]
ev: ABS code=54 val=2799 (slot=1)
ev: SYN code=0
cnt=2 s0=PALM(290,3082)* s1=PALM(2533,2799)* [filtered=469]
ev: SYN code=0
cnt=2 s0=PALM(290,3082)* s1=PALM(2533,2799)* [filtered=470]
ev: ABS code=54 val=2798 (slot=1)
ev: SYN code=0
cnt=2 s0=PALM(290,3082)* s1=PALM(2533,2798)* [filtered=471]
ev: SYN code=0
cnt=2 s0=PALM(290,3082)* s1=PALM(2533,2798)* [filtered=472]
ev: SYN code=0
cnt=2 s0=PALM(290,3082)* s1=PALM(2533,2798)* [filtered=473]
ev: ABS code=54 val=2797 (slot=1)
ev: SYN code=0
cnt=2 s0=PALM(290,3082)* s1=PALM(2533,2797)* [filtered=474]
ev: ABS code=54 val=2796 (slot=1)
ev: SYN code=0
cnt=2 s0=PALM(290,3082)* s1=PALM(2533,2796)* [filtered=475]
ev: SYN code=0
cnt=2 s0=PALM(290,3082)* s1=PALM(2533,2796)* [filtered=476]
ev: ABS code=54 val=2795 (slot=1)
ev: SYN code=0
cnt=2 s0=PALM(290,3082)* s1=PALM(2533,2795)* [filtered=477]
ev: SYN code=0
cnt=2 s0=PALM(290,3082)* s1=PALM(2533,2795)* [filtered=478]
ev: SYN code=0
cnt=2 s0=PALM(290,3082)* s1=PALM(2533,2795)* [filtered=479]
ev: ABS code=54 val=2794 (slot=1)
ev: SYN code=0
cnt=2 s0=PALM(290,3082)* s1=PALM(2533,2794)* [filtered=480]
ev: SYN code=0
cnt=2 s0=PALM(290,3082)* s1=PALM(2533,2794)* [filtered=481]
ev: SYN code=0
cnt=2 s0=PALM(290,3082)* s1=PALM(2533,2794)* [filtered=482]
ev: ABS code=54 val=2793 (slot=1)
ev: SYN code=0
cnt=2 s0=PALM(290,3082)* s1=PALM(2533,2793)* [filtered=483]
ev: ABS code=54 val=2792 (slot=1)
ev: SYN code=0
cnt=2 s0=PALM(290,3082)* s1=PALM(2533,2792)* [filtered=484]
ev: ABS code=53 val=2532 (slot=1)
ev: SYN code=0
cnt=2 s0=PALM(290,3082)* s1=PALM(2532,2792)* [filtered=485]
ev: SYN code=0
cnt=2 s0=PALM(290,3082)* s1=PALM(2532,2792)* [filtered=486]
ev: SYN code=0
cnt=2 s0=PALM(290,3082)* s1=PALM(2532,2792)* [filtered=487]
ev: SYN code=0
cnt=2 s0=PALM(290,3082)* s1=PALM(2532,2792)* [filtered=488]
ev: ABS code=53 val=2531 (slot=1)
ev: SYN code=0
cnt=2 s0=PALM(290,3082)* s1=PALM(2531,2792)* [filtered=489]
ev: SYN code=0
cnt=2 s0=PALM(290,3082)* s1=PALM(2531,2792)* [filtered=490]
ev: SYN code=0
cnt=2 s0=PALM(290,3082)* s1=PALM(2531,2792)* [filtered=491]
ev: SYN code=0
cnt=2 s0=PALM(290,3082)* s1=PALM(2531,2792)* [filtered=492]
ev: SYN code=0
cnt=2 s0=PALM(290,3082)* s1=PALM(2531,2792)* [filtered=493]
ev: SYN code=0
cnt=2 s0=PALM(290,3082)* s1=PALM(2531,2792)* [filtered=494]
ev: SYN code=0
cnt=2 s0=PALM(290,3082)* s1=PALM(2531,2792)* [filtered=495]
ev: SYN code=0
cnt=2 s0=PALM(290,3082)* s1=PALM(2531,2792)* [filtered=496]
ev: SYN code=0
cnt=2 s0=PALM(290,3082)* s1=PALM(2531,2792)* [filtered=497]
ev: SYN code=0
cnt=2 s0=PALM(290,3082)* s1=PALM(2531,2792)* [filtered=498]
ev: SYN code=0
cnt=2 s0=PALM(290,3082)* s1=PALM(2531,2792)* [filtered=499]
ev: SYN code=0
cnt=2 s0=PALM(290,3082)* s1=PALM(2531,2792)* [filtered=500]
ev: SYN code=0
cnt=2 s0=PALM(290,3082)* s1=PALM(2531,2792)* [filtered=501]
ev: SYN code=0
cnt=2 s0=PALM(290,3082)* s1=PALM(2531,2792)* [filtered=502]
ev: ABS code=53 val=2532 (slot=1)
ev: SYN code=0
cnt=2 s0=PALM(290,3082)* s1=PALM(2532,2792)* [filtered=503]
ev: ABS code=54 val=2793 (slot=1)
ev: SYN code=0
cnt=2 s0=PALM(290,3082)* s1=PALM(2532,2793)* [filtered=504]
ev: ABS code=53 val=2533 (slot=1)
ev: ABS code=54 val=2794 (slot=1)
ev: SYN code=0
cnt=2 s0=PALM(290,3082)* s1=PALM(2533,2794)* [filtered=505]
ev: SYN code=0
cnt=2 s0=PALM(290,3082)* s1=PALM(2533,2794)* [filtered=506]
ev: ABS code=53 val=2534 (slot=1)
ev: SYN code=0
cnt=2 s0=PALM(290,3082)* s1=PALM(2534,2794)* [filtered=507]
ev: ABS code=47 val=0 (slot=1)
ev: ABS code=54 val=3083 (slot=0)
ev: ABS code=47 val=1 (slot=0)
ev: ABS code=53 val=2535 (slot=1)
ev: ABS code=54 val=2795 (slot=1)
ev: ABS code=1 val=3083 (slot=1)
ev: SYN code=0
cnt=2 s0=PALM(290,3083)* s1=PALM(2535,2795)* [filtered=508]
ev: ABS code=47 val=0 (slot=1)
ev: ABS code=54 val=3084 (slot=0)
ev: ABS code=47 val=1 (slot=0)
ev: ABS code=53 val=2536 (slot=1)
ev: ABS code=54 val=2796 (slot=1)
ev: ABS code=1 val=3084 (slot=1)
ev: SYN code=0
cnt=2 s0=PALM(290,3084)* s1=PALM(2536,2796)* [filtered=509]
ev: SYN code=0
cnt=2 s0=PALM(290,3084)* s1=PALM(2536,2796)* [filtered=510]
ev: ABS code=47 val=0 (slot=1)
ev: ABS code=54 val=3085 (slot=0)
ev: ABS code=47 val=1 (slot=0)
ev: ABS code=53 val=2537 (slot=1)
ev: ABS code=54 val=2797 (slot=1)
ev: KEY code=0x110 val=0
ev: ABS code=1 val=3085 (slot=1)
ev: SYN code=0
cnt=2 s0=PALM(290,3085)* s1=PALM(2537,2797)* [filtered=511]
ev: ABS code=53 val=2538 (slot=1)
ev: ABS code=54 val=2798 (slot=1)
ev: SYN code=0
cnt=2 s0=PALM(290,3085)* s1=PALM(2538,2798)* [filtered=512]
ev: ABS code=47 val=0 (slot=1)
ev: ABS code=54 val=3086 (slot=0)
ev: ABS code=47 val=1 (slot=0)
ev: ABS code=53 val=2540 (slot=1)
ev: ABS code=54 val=2799 (slot=1)
ev: ABS code=1 val=3086 (slot=1)
ev: SYN code=0
cnt=2 s0=PALM(290,3086)* s1=PALM(2540,2799)* [filtered=513]
ev: ABS code=53 val=2541 (slot=1)
ev: ABS code=54 val=2801 (slot=1)
ev: SYN code=0
cnt=2 s0=PALM(290,3086)* s1=PALM(2541,2801)* [filtered=514]
ev: ABS code=53 val=2542 (slot=1)
ev: ABS code=54 val=2802 (slot=1)
ev: SYN code=0
cnt=2 s0=PALM(290,3086)* s1=PALM(2542,2802)* [filtered=515]
ev: ABS code=53 val=2543 (slot=1)
ev: ABS code=54 val=2803 (slot=1)
ev: SYN code=0
cnt=2 s0=PALM(290,3086)* s1=PALM(2543,2803)* [filtered=516]
ev: ABS code=53 val=2545 (slot=1)
ev: ABS code=54 val=2804 (slot=1)
ev: SYN code=0
cnt=2 s0=PALM(290,3086)* s1=PALM(2545,2804)* [filtered=517]
ev: ABS code=53 val=2546 (slot=1)
ev: ABS code=54 val=2806 (slot=1)
ev: SYN code=0
cnt=2 s0=PALM(290,3086)* s1=PALM(2546,2806)* [filtered=518]
ev: ABS code=53 val=2548 (slot=1)
ev: ABS code=54 val=2808 (slot=1)
ev: SYN code=0
cnt=2 s0=PALM(290,3086)* s1=PALM(2548,2808) [filtered=519]
ev: ABS code=53 val=2549 (slot=1)
ev: ABS code=54 val=2809 (slot=1)
ev: SYN code=0
cnt=2 s0=PALM(290,3086)* s1=PALM(2549,2809) [filtered=520]
ev: ABS code=53 val=2550 (slot=1)
ev: ABS code=54 val=2810 (slot=1)
ev: SYN code=0
cnt=2 s0=PALM(290,3086)* s1=PALM(2550,2810) [filtered=521]
ev: ABS code=47 val=0 (slot=1)
ev: ABS code=54 val=3087 (slot=0)
ev: ABS code=47 val=1 (slot=0)
ev: ABS code=53 val=2551 (slot=1)
ev: ABS code=54 val=2811 (slot=1)
ev: ABS code=1 val=3087 (slot=1)
ev: SYN code=0
cnt=2 s0=PALM(290,3087)* s1=PALM(2551,2811) [filtered=522]
ev: ABS code=53 val=2553 (slot=1)
ev: ABS code=54 val=2813 (slot=1)
ev: SYN code=0
cnt=2 s0=PALM(290,3087)* s1=PALM(2553,2813) [filtered=523]
ev: ABS code=53 val=2554 (slot=1)
ev: ABS code=54 val=2814 (slot=1)
ev: SYN code=0
cnt=2 s0=PALM(290,3087)* s1=PALM(2554,2814) [filtered=524]
ev: ABS code=53 val=2555 (slot=1)
ev: ABS code=54 val=2815 (slot=1)
ev: SYN code=0
cnt=2 s0=PALM(290,3087)* s1=PALM(2555,2815) [filtered=525]
ev: ABS code=47 val=0 (slot=1)
ev: ABS code=53 val=289 (slot=0)
ev: ABS code=47 val=1 (slot=0)
ev: ABS code=53 val=2557 (slot=1)
ev: ABS code=54 val=2817 (slot=1)
ev: ABS code=0 val=289 (slot=1)
ev: SYN code=0
cnt=2 s0=PALM(289,3087)* s1=PALM(2557,2817) [filtered=526]
ev: ABS code=53 val=2559 (slot=1)
ev: ABS code=54 val=2821 (slot=1)
ev: SYN code=0
cnt=2 s0=PALM(289,3087)* s1=PALM(2559,2821) [filtered=527]
ev: ABS code=53 val=2562 (slot=1)
ev: ABS code=54 val=2825 (slot=1)
ev: SYN code=0
cnt=2 s0=PALM(289,3087)* s1=PALM(2562,2825) [filtered=528]
ev: ABS code=53 val=2563 (slot=1)
ev: ABS code=54 val=2828 (slot=1)
ev: SYN code=0
cnt=2 s0=PALM(289,3087)* s1=PALM(2563,2828) [filtered=529]
ev: ABS code=53 val=2565 (slot=1)
ev: ABS code=54 val=2832 (slot=1)
ev: SYN code=0
cnt=2 s0=PALM(289,3087)* s1=PALM(2565,2832) [filtered=530]
ev: ABS code=53 val=2567 (slot=1)
ev: ABS code=54 val=2836 (slot=1)
ev: SYN code=0
cnt=2 s0=PALM(289,3087)* s1=PALM(2567,2836) [filtered=531]
ev: ABS code=57 val=-1 (slot=1)
ev: KEY code=0x145 val=1
ev: KEY code=0x14d val=0
ev: SYN code=0
cnt=1 s0=fng (289,3087)* [filtered=531]
ev: SYN code=0
cnt=1 s0=fng (289,3087)* [filtered=531]
ev: SYN code=0
cnt=1 s0=fng (289,3087)* [filtered=531]
ev: SYN code=0
cnt=1 s0=fng (289,3087)* [filtered=531]
ev: SYN code=0
cnt=1 s0=fng (289,3087)* [filtered=531]
ev: SYN code=0
cnt=1 s0=fng (289,3087)* [filtered=531]
ev: SYN code=0
cnt=1 s0=fng (289,3087)* [filtered=531]
ev: SYN code=0
cnt=1 s0=fng (289,3087)* [filtered=531]
ev: SYN code=0
cnt=1 s0=fng (289,3087)* [filtered=531]
ev: SYN code=0
cnt=1 s0=fng (289,3087)* [filtered=531]
ev: SYN code=0
cnt=1 s0=fng (289,3087)* [filtered=531]
ev: SYN code=0
cnt=1 s0=fng (289,3087)* [filtered=531]
ev: SYN code=0
cnt=1 s0=fng (289,3087)* [filtered=531]
ev: SYN code=0
cnt=1 s0=fng (289,3087)* [filtered=531]
ev: SYN code=0
cnt=1 s0=fng (289,3087)* [filtered=531]
ev: SYN code=0
cnt=1 s0=fng (289,3087)* [filtered=531]
ev: SYN code=0
cnt=1 s0=fng (289,3087)* [filtered=531]
ev: SYN code=0
cnt=1 s0=fng (289,3087)* [filtered=531]
ev: SYN code=0
cnt=1 s0=fng (289,3087)* [filtered=531]
ev: SYN code=0
cnt=1 s0=fng (289,3087)* [filtered=531]
ev: SYN code=0
cnt=1 s0=fng (289,3087)* [filtered=531]
ev: SYN code=0
cnt=1 s0=fng (289,3087)* [filtered=531]
ev: SYN code=0
cnt=1 s0=fng (289,3087)* [filtered=531]
ev: SYN code=0
cnt=1 s0=fng (289,3087)* [filtered=531]
ev: SYN code=0
cnt=1 s0=fng (289,3087)* [filtered=531]
ev: SYN code=0
cnt=1 s0=fng (289,3087)* [filtered=531]
ev: SYN code=0
cnt=1 s0=fng (289,3087)* [filtered=531]
ev: SYN code=0
cnt=1 s0=fng (289,3087)* [filtered=531]
ev: SYN code=0
cnt=1 s0=fng (289,3087)* [filtered=531]
ev: SYN code=0
cnt=1 s0=fng (289,3087)* [filtered=531]
ev: SYN code=0
cnt=1 s0=fng (289,3087)* [filtered=531]
ev: SYN code=0
cnt=1 s0=fng (289,3087)* [filtered=531]
ev: SYN code=0
cnt=1 s0=fng (289,3087)* [filtered=531]
ev: SYN code=0
cnt=1 s0=fng (289,3087)* [filtered=531]
ev: SYN code=0
cnt=1 s0=fng (289,3087)* [filtered=531]
ev: SYN code=0
cnt=1 s0=fng (289,3087)* [filtered=531]
ev: SYN code=0
cnt=1 s0=fng (289,3087)* [filtered=531]
ev: SYN code=0
cnt=1 s0=fng (289,3087)* [filtered=531]
ev: SYN code=0
cnt=1 s0=fng (289,3087)* [filtered=531]
ev: SYN code=0
cnt=1 s0=fng (289,3087)* [filtered=531]
ev: SYN code=0
cnt=1 s0=fng (289,3087)* [filtered=531]
ev: SYN code=0
cnt=1 s0=fng (289,3087)* [filtered=531]
ev: SYN code=0
cnt=1 s0=fng (289,3087)* [filtered=531]
ev: SYN code=0
cnt=1 s0=fng (289,3087)* [filtered=531]
ev: SYN code=0
cnt=1 s0=fng (289,3087)* [filtered=531]
ev: SYN code=0
cnt=1 s0=fng (289,3087)* [filtered=531]
ev: SYN code=0
cnt=1 s0=fng (289,3087)* [filtered=531]
ev: SYN code=0
cnt=1 s0=fng (289,3087)* [filtered=531]
ev: SYN code=0
cnt=1 s0=fng (289,3087)* [filtered=531]
ev: SYN code=0
cnt=1 s0=fng (289,3087)* [filtered=531]
ev: SYN code=0
cnt=1 s0=fng (289,3087)* [filtered=531]
ev: SYN code=0
cnt=1 s0=fng (289,3087)* [filtered=531]
ev: SYN code=0
cnt=1 s0=fng (289,3087)* [filtered=531]
ev: SYN code=0
cnt=1 s0=fng (289,3087)* [filtered=531]
ev: SYN code=0
cnt=1 s0=fng (289,3087)* [filtered=531]
ev: SYN code=0
cnt=1 s0=fng (289,3087)* [filtered=531]
ev: SYN code=0
cnt=1 s0=fng (289,3087)* [filtered=531]
ev: SYN code=0
cnt=1 s0=fng (289,3087)* [filtered=531]
ev: SYN code=0
cnt=1 s0=fng (289,3087)* [filtered=531]
ev: SYN code=0
cnt=1 s0=fng (289,3087)* [filtered=531]
ev: SYN code=0
cnt=1 s0=fng (289,3087)* [filtered=531]
ev: SYN code=0
cnt=1 s0=fng (289,3087)* [filtered=531]
ev: SYN code=0
cnt=1 s0=fng (289,3087)* [filtered=531]
ev: SYN code=0
cnt=1 s0=fng (289,3087)* [filtered=531]
ev: SYN code=0
cnt=1 s0=fng (289,3087)* [filtered=531]
ev: SYN code=0
cnt=1 s0=fng (289,3087)* [filtered=531]
ev: SYN code=0
cnt=1 s0=fng (289,3087)* [filtered=531]
ev: SYN code=0
cnt=1 s0=fng (289,3087)* [filtered=531]
ev: SYN code=0
cnt=1 s0=fng (289,3087)* [filtered=531]
ev: SYN code=0
cnt=1 s0=fng (289,3087)* [filtered=531]
ev: SYN code=0
cnt=1 s0=fng (289,3087)* [filtered=531]
ev: SYN code=0
cnt=1 s0=fng (289,3087)* [filtered=531]
ev: SYN code=0
cnt=1 s0=fng (289,3087)* [filtered=531]
ev: SYN code=0
cnt=1 s0=fng (289,3087)* [filtered=531]
ev: SYN code=0
cnt=1 s0=fng (289,3087)* [filtered=531]
ev: SYN code=0
cnt=1 s0=fng (289,3087)* [filtered=531]
ev: SYN code=0
cnt=1 s0=fng (289,3087)* [filtered=531]
ev: SYN code=0
cnt=1 s0=fng (289,3087)* [filtered=531]
ev: SYN code=0
cnt=1 s0=fng (289,3087)* [filtered=531]
ev: SYN code=0
cnt=1 s0=fng (289,3087)* [filtered=531]
ev: SYN code=0
cnt=1 s0=fng (289,3087)* [filtered=531]
ev: SYN code=0
cnt=1 s0=fng (289,3087)* [filtered=531]
ev: SYN code=0
cnt=1 s0=fng (289,3087)* [filtered=531]
ev: SYN code=0
cnt=1 s0=fng (289,3087)* [filtered=531]
ev: SYN code=0
cnt=1 s0=fng (289,3087)* [filtered=531]
ev: SYN code=0
cnt=1 s0=fng (289,3087)* [filtered=531]
ev: SYN code=0
cnt=1 s0=fng (289,3087)* [filtered=531]
ev: SYN code=0
cnt=1 s0=fng (289,3087)* [filtered=531]
ev: SYN code=0
cnt=1 s0=fng (289,3087)* [filtered=531]
ev: SYN code=0
cnt=1 s0=fng (289,3087)* [filtered=531]
ev: SYN code=0
cnt=1 s0=fng (289,3087)* [filtered=531]
ev: SYN code=0
cnt=1 s0=fng (289,3087)* [filtered=531]
ev: SYN code=0
cnt=1 s0=fng (289,3087)* [filtered=531]
ev: SYN code=0
cnt=1 s0=fng (289,3087)* [filtered=531]
ev: SYN code=0
cnt=1 s0=fng (289,3087)* [filtered=531]
ev: SYN code=0
cnt=1 s0=fng (289,3087)* [filtered=531]
ev: SYN code=0
cnt=1 s0=fng (289,3087)* [filtered=531]
ev: SYN code=0
cnt=1 s0=fng (289,3087)* [filtered=531]
ev: SYN code=0
cnt=1 s0=fng (289,3087)* [filtered=531]
ev: SYN code=0
cnt=1 s0=fng (289,3087)* [filtered=531]
ev: SYN code=0
cnt=1 s0=fng (289,3087)* [filtered=531]
ev: SYN code=0
cnt=1 s0=fng (289,3087)* [filtered=531]
ev: ABS code=57 val=111 (slot=1)
ev: ABS code=53 val=4353 (slot=1)
ev: ABS code=54 val=3064 (slot=1)
ev: KEY code=0x145 val=0
ev: KEY code=0x14d val=1
ev: SYN code=0
cnt=2 s0=PALM(289,3087)* s1=PALM(4353,3064) [filtered=532]
ev: ABS code=54 val=3063 (slot=1)
ev: SYN code=0
cnt=2 s0=PALM(289,3087)* s1=PALM(4353,3063) [filtered=533]
ev: ABS code=54 val=3061 (slot=1)
ev: SYN code=0
cnt=2 s0=PALM(289,3087)* s1=PALM(4353,3061) [filtered=534]
ev: ABS code=54 val=3060 (slot=1)
ev: SYN code=0
cnt=2 s0=PALM(289,3087)* s1=PALM(4353,3060) [filtered=535]
ev: ABS code=47 val=0 (slot=1)
ev: ABS code=53 val=288 (slot=0)
ev: ABS code=47 val=1 (slot=0)
ev: ABS code=54 val=3059 (slot=1)
ev: ABS code=0 val=288 (slot=1)
ev: SYN code=0
cnt=2 s0=PALM(288,3087)* s1=PALM(4353,3059) [filtered=536]
ev: ABS code=54 val=3057 (slot=1)
ev: SYN code=0
cnt=2 s0=PALM(288,3087)* s1=PALM(4353,3057) [filtered=537]
ev: ABS code=54 val=3055 (slot=1)
ev: SYN code=0
cnt=2 s0=PALM(288,3087)* s1=PALM(4353,3055) [filtered=538]
ev: ABS code=54 val=3053 (slot=1)
ev: SYN code=0
cnt=2 s0=PALM(288,3087)* s1=PALM(4353,3053) [filtered=539]
ev: ABS code=54 val=3052 (slot=1)
ev: SYN code=0
cnt=2 s0=PALM(288,3087)* s1=PALM(4353,3052) [filtered=540]
ev: ABS code=54 val=3051 (slot=1)
ev: SYN code=0
cnt=2 s0=PALM(288,3087)* s1=PALM(4353,3051) [filtered=541]
ev: ABS code=54 val=3050 (slot=1)
ev: SYN code=0
cnt=2 s0=PALM(288,3087)* s1=PALM(4353,3050) [filtered=542]
ev: ABS code=54 val=3049 (slot=1)
ev: SYN code=0
cnt=2 s0=PALM(288,3087)* s1=PALM(4353,3049) [filtered=543]
ev: ABS code=54 val=3048 (slot=1)
ev: SYN code=0
cnt=2 s0=PALM(288,3087)* s1=PALM(4353,3048) [filtered=544]
ev: SYN code=0
cnt=2 s0=PALM(288,3087)* s1=PALM(4353,3048) [filtered=545]
ev: ABS code=53 val=4354 (slot=1)
ev: ABS code=54 val=3047 (slot=1)
ev: SYN code=0
cnt=2 s0=PALM(288,3087)* s1=PALM(4354,3047) [filtered=546]
ev: ABS code=53 val=4355 (slot=1)
ev: ABS code=54 val=3046 (slot=1)
ev: SYN code=0
cnt=2 s0=PALM(288,3087)* s1=PALM(4355,3046) [filtered=547]
ev: ABS code=54 val=3045 (slot=1)
ev: SYN code=0
cnt=2 s0=PALM(288,3087)* s1=PALM(4355,3045) [filtered=548]
ev: ABS code=54 val=3044 (slot=1)
ev: SYN code=0
cnt=2 s0=PALM(288,3087)* s1=PALM(4355,3044) [filtered=549]
ev: ABS code=53 val=4356 (slot=1)
ev: ABS code=54 val=3043 (slot=1)
ev: SYN code=0
cnt=2 s0=PALM(288,3087)* s1=PALM(4356,3043) [filtered=550]
ev: ABS code=54 val=3042 (slot=1)
ev: SYN code=0
cnt=2 s0=PALM(288,3087)* s1=PALM(4356,3042) [filtered=551]
ev: ABS code=53 val=4357 (slot=1)
ev: ABS code=54 val=3041 (slot=1)
ev: SYN code=0
cnt=2 s0=PALM(288,3087)* s1=PALM(4357,3041)* [filtered=552]
ev: ABS code=54 val=3040 (slot=1)
ev: SYN code=0
cnt=2 s0=PALM(288,3087)* s1=PALM(4357,3040)* [filtered=553]
ev: SYN code=0
cnt=2 s0=PALM(288,3087)* s1=PALM(4357,3040)* [filtered=554]
ev: ABS code=53 val=4358 (slot=1)
ev: ABS code=54 val=3039 (slot=1)
ev: SYN code=0
cnt=2 s0=PALM(288,3087)* s1=PALM(4358,3039)* [filtered=555]
ev: ABS code=53 val=4359 (slot=1)
ev: ABS code=54 val=3037 (slot=1)
ev: SYN code=0
cnt=2 s0=PALM(288,3087)* s1=PALM(4359,3037)* [filtered=556]
ev: ABS code=53 val=4360 (slot=1)
ev: ABS code=54 val=3035 (slot=1)
ev: SYN code=0
cnt=2 s0=PALM(288,3087)* s1=PALM(4360,3035)* [filtered=557]
ev: ABS code=54 val=3034 (slot=1)
ev: SYN code=0
cnt=2 s0=PALM(288,3087)* s1=PALM(4360,3034)* [filtered=558]
ev: ABS code=54 val=3033 (slot=1)
ev: SYN code=0
cnt=2 s0=PALM(288,3087)* s1=PALM(4360,3033)* [filtered=559]
ev: ABS code=53 val=4361 (slot=1)
ev: ABS code=54 val=3032 (slot=1)
ev: SYN code=0
cnt=2 s0=PALM(288,3087)* s1=PALM(4361,3032)* [filtered=560]
ev: ABS code=54 val=3031 (slot=1)
ev: SYN code=0
cnt=2 s0=PALM(288,3087)* s1=PALM(4361,3031)* [filtered=561]
ev: ABS code=53 val=4362 (slot=1)
ev: ABS code=54 val=3030 (slot=1)
ev: SYN code=0
cnt=2 s0=PALM(288,3087)* s1=PALM(4362,3030)* [filtered=562]
ev: ABS code=54 val=3029 (slot=1)
ev: SYN code=0
cnt=2 s0=PALM(288,3087)* s1=PALM(4362,3029)* [filtered=563]
ev: ABS code=54 val=3028 (slot=1)
ev: SYN code=0
cnt=2 s0=PALM(288,3087)* s1=PALM(4362,3028)* [filtered=564]
ev: ABS code=53 val=4363 (slot=1)
ev: ABS code=54 val=3027 (slot=1)
ev: SYN code=0
cnt=2 s0=PALM(288,3087)* s1=PALM(4363,3027)* [filtered=565]
ev: ABS code=53 val=4364 (slot=1)
ev: ABS code=54 val=3026 (slot=1)
ev: SYN code=0
cnt=2 s0=PALM(288,3087)* s1=PALM(4364,3026)* [filtered=566]
ev: ABS code=53 val=4365 (slot=1)
ev: SYN code=0
cnt=2 s0=PALM(288,3087)* s1=PALM(4365,3026)* [filtered=567]
ev: SYN code=0
cnt=2 s0=PALM(288,3087)* s1=PALM(4365,3026)* [filtered=568]
ev: ABS code=53 val=4366 (slot=1)
ev: SYN code=0
cnt=2 s0=PALM(288,3087)* s1=PALM(4366,3026)* [filtered=569]
ev: ABS code=53 val=4367 (slot=1)
ev: SYN code=0
cnt=2 s0=PALM(288,3087)* s1=PALM(4367,3026)* [filtered=570]
ev: SYN code=0
cnt=2 s0=PALM(288,3087)* s1=PALM(4367,3026)* [filtered=571]
ev: ABS code=47 val=0 (slot=1)
ev: ABS code=53 val=287 (slot=0)
ev: ABS code=47 val=1 (slot=0)
ev: ABS code=53 val=4368 (slot=1)
ev: ABS code=0 val=287 (slot=1)
ev: SYN code=0
cnt=2 s0=PALM(287,3087)* s1=PALM(4368,3026)* [filtered=572]
ev: SYN code=0
cnt=2 s0=PALM(287,3087)* s1=PALM(4368,3026)* [filtered=573]
ev: ABS code=53 val=4369 (slot=1)
ev: ABS code=54 val=3025 (slot=1)
ev: SYN code=0
cnt=2 s0=PALM(287,3087)* s1=PALM(4369,3025)* [filtered=574]
ev: ABS code=47 val=0 (slot=1)
ev: ABS code=53 val=286 (slot=0)
ev: ABS code=47 val=1 (slot=0)
ev: ABS code=53 val=4370 (slot=1)
ev: ABS code=54 val=3024 (slot=1)
ev: ABS code=0 val=286 (slot=1)
ev: SYN code=0
cnt=2 s0=PALM(286,3087)* s1=PALM(4370,3024)* [filtered=575]
ev: ABS code=53 val=4371 (slot=1)
ev: SYN code=0
cnt=2 s0=PALM(286,3087)* s1=PALM(4371,3024)* [filtered=576]
ev: SYN code=0
cnt=2 s0=PALM(286,3087)* s1=PALM(4371,3024)* [filtered=577]
ev: ABS code=47 val=0 (slot=1)
ev: ABS code=53 val=285 (slot=0)
ev: ABS code=0 val=285 (slot=0)
ev: SYN code=0
cnt=2 s0=PALM(285,3087)* s1=PALM(4371,3024)* [filtered=578]
ev: ABS code=47 val=1 (slot=0)
ev: ABS code=53 val=4372 (slot=1)
ev: SYN code=0
cnt=2 s0=PALM(285,3087)* s1=PALM(4372,3024)* [filtered=579]
ev: ABS code=53 val=4373 (slot=1)
ev: KEY code=0x110 val=1
click: x=2381 -> zone=0x112
ev: SYN code=0
cnt=2 s0=PALM(285,3087)* s1=PALM(4373,3024)* [filtered=580]
ev: ABS code=47 val=0 (slot=1)
ev: ABS code=53 val=284 (slot=0)
ev: ABS code=0 val=284 (slot=0)
ev: SYN code=0
cnt=2 s0=PALM(284,3087)* s1=PALM(4373,3024)* [filtered=581]
ev: SYN code=0
cnt=2 s0=PALM(284,3087)* s1=PALM(4373,3024)* [filtered=582]
ev: ABS code=47 val=1 (slot=0)
ev: ABS code=53 val=4374 (slot=1)
ev: SYN code=0
cnt=2 s0=PALM(284,3087)* s1=PALM(4374,3024)* [filtered=583]
ev: SYN code=0
cnt=2 s0=PALM(284,3087)* s1=PALM(4374,3024)* [filtered=584]
ev: ABS code=53 val=4375 (slot=1)
ev: ABS code=54 val=3023 (slot=1)
ev: SYN code=0
cnt=2 s0=PALM(284,3087)* s1=PALM(4375,3023)* [filtered=585]
ev: ABS code=54 val=3022 (slot=1)
ev: SYN code=0
cnt=2 s0=PALM(284,3087)* s1=PALM(4375,3022)* [filtered=586]
ev: ABS code=54 val=3021 (slot=1)
ev: SYN code=0
cnt=2 s0=PALM(284,3087)* s1=PALM(4375,3021)* [filtered=587]
ev: ABS code=47 val=0 (slot=1)
ev: ABS code=53 val=283 (slot=0)
ev: ABS code=47 val=1 (slot=0)
ev: ABS code=53 val=4376 (slot=1)
ev: ABS code=54 val=3020 (slot=1)
ev: ABS code=0 val=283 (slot=1)
ev: SYN code=0
cnt=2 s0=PALM(283,3087)* s1=PALM(4376,3020)* [filtered=588]
ev: ABS code=53 val=4377 (slot=1)
ev: SYN code=0
cnt=2 s0=PALM(283,3087)* s1=PALM(4377,3020)* [filtered=589]
ev: ABS code=53 val=4378 (slot=1)
ev: ABS code=54 val=3019 (slot=1)
ev: SYN code=0
cnt=2 s0=PALM(283,3087)* s1=PALM(4378,3019)* [filtered=590]
ev: SYN code=0
cnt=2 s0=PALM(283,3087)* s1=PALM(4378,3019)* [filtered=591]
ev: ABS code=47 val=0 (slot=1)
ev: ABS code=53 val=282 (slot=0)
ev: ABS code=47 val=1 (slot=0)
ev: ABS code=53 val=4379 (slot=1)
ev: ABS code=54 val=3018 (slot=1)
ev: ABS code=0 val=282 (slot=1)
ev: SYN code=0
cnt=2 s0=PALM(282,3087)* s1=PALM(4379,3018)* [filtered=592]
ev: ABS code=53 val=4380 (slot=1)
ev: ABS code=54 val=3016 (slot=1)
ev: SYN code=0
cnt=2 s0=PALM(282,3087)* s1=PALM(4380,3016)* [filtered=593]
ev: ABS code=54 val=3015 (slot=1)
ev: SYN code=0
cnt=2 s0=PALM(282,3087)* s1=PALM(4380,3015)* [filtered=594]
ev: ABS code=53 val=4381 (slot=1)
ev: ABS code=54 val=3014 (slot=1)
ev: SYN code=0
cnt=2 s0=PALM(282,3087)* s1=PALM(4381,3014)* [filtered=595]
ev: ABS code=54 val=3013 (slot=1)
ev: SYN code=0
cnt=2 s0=PALM(282,3087)* s1=PALM(4381,3013)* [filtered=596]
ev: ABS code=53 val=4382 (slot=1)
ev: ABS code=54 val=3012 (slot=1)
ev: SYN code=0
cnt=2 s0=PALM(282,3087)* s1=PALM(4382,3012)* [filtered=597]
ev: ABS code=53 val=4383 (slot=1)
ev: ABS code=54 val=3011 (slot=1)
ev: SYN code=0
cnt=2 s0=PALM(282,3087)* s1=PALM(4383,3011)* [filtered=598]
ev: ABS code=54 val=3009 (slot=1)
ev: SYN code=0
cnt=2 s0=PALM(282,3087)* s1=PALM(4383,3009)* [filtered=599]
ev: ABS code=53 val=4384 (slot=1)
ev: ABS code=54 val=3007 (slot=1)
ev: SYN code=0
cnt=2 s0=PALM(282,3087)* s1=PALM(4384,3007)* [filtered=600]
ev: ABS code=54 val=3006 (slot=1)
ev: SYN code=0
cnt=2 s0=PALM(282,3087)* s1=PALM(4384,3006)* [filtered=601]
ev: ABS code=54 val=3005 (slot=1)
ev: SYN code=0
cnt=2 s0=PALM(282,3087)* s1=PALM(4384,3005)* [filtered=602]
ev: ABS code=53 val=4385 (slot=1)
ev: ABS code=54 val=3004 (slot=1)
ev: SYN code=0
cnt=2 s0=PALM(282,3087)* s1=PALM(4385,3004)* [filtered=603]
ev: ABS code=53 val=4386 (slot=1)
ev: ABS code=54 val=3003 (slot=1)
ev: SYN code=0
cnt=2 s0=PALM(282,3087)* s1=PALM(4386,3003)* [filtered=604]
ev: SYN code=0
cnt=2 s0=PALM(282,3087)* s1=PALM(4386,3003)* [filtered=605]
ev: ABS code=47 val=0 (slot=1)
ev: ABS code=53 val=281 (slot=0)
ev: ABS code=47 val=1 (slot=0)
ev: ABS code=54 val=3002 (slot=1)
ev: ABS code=0 val=281 (slot=1)
ev: SYN code=0
cnt=2 s0=PALM(281,3087)* s1=PALM(4386,3002)* [filtered=606]
ev: ABS code=53 val=4387 (slot=1)
ev: ABS code=54 val=3001 (slot=1)
ev: SYN code=0
cnt=2 s0=PALM(281,3087)* s1=PALM(4387,3001)* [filtered=607]
ev: ABS code=54 val=3000 (slot=1)
ev: SYN code=0
cnt=2 s0=PALM(281,3087)* s1=PALM(4387,3000)* [filtered=608]
ev: ABS code=53 val=4388 (slot=1)
ev: ABS code=54 val=2999 (slot=1)
ev: SYN code=0
cnt=2 s0=PALM(281,3087)* s1=PALM(4388,2999)* [filtered=609]
ev: ABS code=54 val=2998 (slot=1)
ev: SYN code=0
cnt=2 s0=PALM(281,3087)* s1=PALM(4388,2998)* [filtered=610]
ev: ABS code=54 val=2997 (slot=1)
ev: SYN code=0
cnt=2 s0=PALM(281,3087)* s1=PALM(4388,2997)* [filtered=611]
ev: ABS code=53 val=4389 (slot=1)
ev: ABS code=54 val=2996 (slot=1)
ev: SYN code=0
cnt=2 s0=PALM(281,3087)* s1=PALM(4389,2996)* [filtered=612]
ev: ABS code=54 val=2995 (slot=1)
ev: SYN code=0
cnt=2 s0=PALM(281,3087)* s1=PALM(4389,2995)* [filtered=613]
ev: ABS code=53 val=4390 (slot=1)
ev: ABS code=54 val=2994 (slot=1)
ev: SYN code=0
cnt=2 s0=PALM(281,3087)* s1=PALM(4390,2994)* [filtered=614]
ev: SYN code=0
cnt=2 s0=PALM(281,3087)* s1=PALM(4390,2994)* [filtered=615]
ev: ABS code=53 val=4391 (slot=1)
ev: ABS code=54 val=2993 (slot=1)
ev: SYN code=0
cnt=2 s0=PALM(281,3087)* s1=PALM(4391,2993)* [filtered=616]
ev: ABS code=54 val=2992 (slot=1)
ev: SYN code=0
cnt=2 s0=PALM(281,3087)* s1=PALM(4391,2992)* [filtered=617]
ev: ABS code=53 val=4392 (slot=1)
ev: ABS code=54 val=2991 (slot=1)
ev: SYN code=0
cnt=2 s0=PALM(281,3087)* s1=PALM(4392,2991)* [filtered=618]
ev: ABS code=54 val=2990 (slot=1)
ev: SYN code=0
cnt=2 s0=PALM(281,3087)* s1=PALM(4392,2990)* [filtered=619]
ev: SYN code=0
cnt=2 s0=PALM(281,3087)* s1=PALM(4392,2990)* [filtered=620]
ev: ABS code=53 val=4393 (slot=1)
ev: SYN code=0
cnt=2 s0=PALM(281,3087)* s1=PALM(4393,2990)* [filtered=621]
ev: SYN code=0
cnt=2 s0=PALM(281,3087)* s1=PALM(4393,2990)* [filtered=622]
ev: SYN code=0
cnt=2 s0=PALM(281,3087)* s1=PALM(4393,2990)* [filtered=623]
ev: SYN code=0
cnt=2 s0=PALM(281,3087)* s1=PALM(4393,2990)* [filtered=624]
ev: SYN code=0
cnt=2 s0=PALM(281,3087)* s1=PALM(4393,2990)* [filtered=625]
ev: SYN code=0
cnt=2 s0=PALM(281,3087)* s1=PALM(4393,2990)* [filtered=626]
ev: SYN code=0
cnt=2 s0=PALM(281,3087)* s1=PALM(4393,2990)* [filtered=627]
ev: SYN code=0
cnt=2 s0=PALM(281,3087)* s1=PALM(4393,2990)* [filtered=628]
ev: KEY code=0x110 val=0
ev: SYN code=0
cnt=2 s0=PALM(281,3087)* s1=PALM(4393,2990)* [filtered=629]
ev: SYN code=0
cnt=2 s0=PALM(281,3087)* s1=PALM(4393,2990)* [filtered=630]
ev: SYN code=0
cnt=2 s0=PALM(281,3087)* s1=PALM(4393,2990)* [filtered=631]
ev: ABS code=54 val=2991 (slot=1)
ev: SYN code=0
cnt=2 s0=PALM(281,3087)* s1=PALM(4393,2991)* [filtered=632]
ev: SYN code=0
cnt=2 s0=PALM(281,3087)* s1=PALM(4393,2991)* [filtered=633]
ev: ABS code=53 val=4392 (slot=1)
ev: ABS code=54 val=2992 (slot=1)
ev: SYN code=0
cnt=2 s0=PALM(281,3087)* s1=PALM(4392,2992)* [filtered=634]
ev: ABS code=54 val=2993 (slot=1)
ev: SYN code=0
cnt=2 s0=PALM(281,3087)* s1=PALM(4392,2993)* [filtered=635]
ev: ABS code=54 val=2994 (slot=1)
ev: SYN code=0
cnt=2 s0=PALM(281,3087)* s1=PALM(4392,2994)* [filtered=636]
ev: ABS code=54 val=2995 (slot=1)
ev: SYN code=0
cnt=2 s0=PALM(281,3087)* s1=PALM(4392,2995)* [filtered=637]
ev: ABS code=54 val=2996 (slot=1)
ev: SYN code=0
cnt=2 s0=PALM(281,3087)* s1=PALM(4392,2996)* [filtered=638]
ev: ABS code=54 val=2997 (slot=1)
ev: SYN code=0
cnt=2 s0=PALM(281,3087)* s1=PALM(4392,2997)* [filtered=639]
ev: ABS code=53 val=4391 (slot=1)
ev: ABS code=54 val=2998 (slot=1)
ev: SYN code=0
cnt=2 s0=PALM(281,3087)* s1=PALM(4391,2998)* [filtered=640]
ev: ABS code=54 val=2999 (slot=1)
ev: SYN code=0
cnt=2 s0=PALM(281,3087)* s1=PALM(4391,2999)* [filtered=641]
ev: ABS code=53 val=4390 (slot=1)
ev: ABS code=54 val=3000 (slot=1)
ev: SYN code=0
cnt=2 s0=PALM(281,3087)* s1=PALM(4390,3000)* [filtered=642]
ev: ABS code=54 val=3001 (slot=1)
ev: SYN code=0
cnt=2 s0=PALM(281,3087)* s1=PALM(4390,3001)* [filtered=643]
ev: ABS code=54 val=3002 (slot=1)
ev: SYN code=0
cnt=2 s0=PALM(281,3087)* s1=PALM(4390,3002)* [filtered=644]
ev: ABS code=53 val=4389 (slot=1)
ev: SYN code=0
cnt=2 s0=PALM(281,3087)* s1=PALM(4389,3002)* [filtered=645]
ev: SYN code=0
cnt=2 s0=PALM(281,3087)* s1=PALM(4389,3002)* [filtered=646]
ev: SYN code=0
cnt=2 s0=PALM(281,3087)* s1=PALM(4389,3002)* [filtered=647]
ev: ABS code=53 val=4388 (slot=1)
ev: ABS code=54 val=3003 (slot=1)
ev: SYN code=0
cnt=2 s0=PALM(281,3087)* s1=PALM(4388,3003)* [filtered=648]
ev: ABS code=54 val=3004 (slot=1)
ev: SYN code=0
cnt=2 s0=PALM(281,3087)* s1=PALM(4388,3004)* [filtered=649]
ev: ABS code=54 val=3005 (slot=1)
ev: SYN code=0
cnt=2 s0=PALM(281,3087)* s1=PALM(4388,3005)* [filtered=650]
ev: ABS code=54 val=3006 (slot=1)
ev: SYN code=0
cnt=2 s0=PALM(281,3087)* s1=PALM(4388,3006)* [filtered=651]
ev: SYN code=0
cnt=2 s0=PALM(281,3087)* s1=PALM(4388,3006)* [filtered=652]
ev: ABS code=54 val=3007 (slot=1)
ev: SYN code=0
cnt=2 s0=PALM(281,3087)* s1=PALM(4388,3007)* [filtered=653]
ev: ABS code=54 val=3008 (slot=1)
ev: SYN code=0
cnt=2 s0=PALM(281,3087)* s1=PALM(4388,3008)* [filtered=654]
ev: ABS code=53 val=4387 (slot=1)
ev: ABS code=54 val=3009 (slot=1)
ev: SYN code=0
cnt=2 s0=PALM(281,3087)* s1=PALM(4387,3009)* [filtered=655]
ev: ABS code=54 val=3010 (slot=1)
ev: SYN code=0
cnt=2 s0=PALM(281,3087)* s1=PALM(4387,3010)* [filtered=656]
ev: ABS code=54 val=3011 (slot=1)
ev: SYN code=0
cnt=2 s0=PALM(281,3087)* s1=PALM(4387,3011)* [filtered=657]
ev: SYN code=0
cnt=2 s0=PALM(281,3087)* s1=PALM(4387,3011)* [filtered=658]
ev: SYN code=0
cnt=2 s0=PALM(281,3087)* s1=PALM(4387,3011)* [filtered=659]
ev: SYN code=0
cnt=2 s0=PALM(281,3087)* s1=PALM(4387,3011)* [filtered=660]
ev: SYN code=0
cnt=2 s0=PALM(281,3087)* s1=PALM(4387,3011)* [filtered=661]
ev: SYN code=0
cnt=2 s0=PALM(281,3087)* s1=PALM(4387,3011)* [filtered=662]
ev: SYN code=0
cnt=2 s0=PALM(281,3087)* s1=PALM(4387,3011)* [filtered=663]
ev: SYN code=0
cnt=2 s0=PALM(281,3087)* s1=PALM(4387,3011)* [filtered=664]
ev: SYN code=0
cnt=2 s0=PALM(281,3087)* s1=PALM(4387,3011)* [filtered=665]
ev: SYN code=0
cnt=2 s0=PALM(281,3087)* s1=PALM(4387,3011)* [filtered=666]
ev: SYN code=0
cnt=2 s0=PALM(281,3087)* s1=PALM(4387,3011)* [filtered=667]
ev: SYN code=0
cnt=2 s0=PALM(281,3087)* s1=PALM(4387,3011)* [filtered=668]
ev: SYN code=0
cnt=2 s0=PALM(281,3087)* s1=PALM(4387,3011)* [filtered=669]
ev: SYN code=0
cnt=2 s0=PALM(281,3087)* s1=PALM(4387,3011)* [filtered=670]
ev: SYN code=0
cnt=2 s0=PALM(281,3087)* s1=PALM(4387,3011)* [filtered=671]
ev: SYN code=0
cnt=2 s0=PALM(281,3087)* s1=PALM(4387,3011)* [filtered=672]
ev: SYN code=0
cnt=2 s0=PALM(281,3087)* s1=PALM(4387,3011)* [filtered=673]
ev: SYN code=0
cnt=2 s0=PALM(281,3087)* s1=PALM(4387,3011)* [filtered=674]
ev: SYN code=0
cnt=2 s0=PALM(281,3087)* s1=PALM(4387,3011)* [filtered=675]
ev: SYN code=0
cnt=2 s0=PALM(281,3087)* s1=PALM(4387,3011)* [filtered=676]
ev: SYN code=0
cnt=2 s0=PALM(281,3087)* s1=PALM(4387,3011)* [filtered=677]
ev: SYN code=0
cnt=2 s0=PALM(281,3087)* s1=PALM(4387,3011)* [filtered=678]
ev: SYN code=0
cnt=2 s0=PALM(281,3087)* s1=PALM(4387,3011)* [filtered=679]
ev: SYN code=0
cnt=2 s0=PALM(281,3087)* s1=PALM(4387,3011)* [filtered=680]
ev: SYN code=0
cnt=2 s0=PALM(281,3087)* s1=PALM(4387,3011)* [filtered=681]
ev: SYN code=0
cnt=2 s0=PALM(281,3087)* s1=PALM(4387,3011)* [filtered=682]
ev: SYN code=0
cnt=2 s0=PALM(281,3087)* s1=PALM(4387,3011)* [filtered=683]
ev: SYN code=0
cnt=2 s0=PALM(281,3087)* s1=PALM(4387,3011)* [filtered=684]
ev: SYN code=0
cnt=2 s0=PALM(281,3087)* s1=PALM(4387,3011)* [filtered=685]
ev: SYN code=0
cnt=2 s0=PALM(281,3087)* s1=PALM(4387,3011)* [filtered=686]
ev: SYN code=0
cnt=2 s0=PALM(281,3087)* s1=PALM(4387,3011)* [filtered=687]
ev: SYN code=0
cnt=2 s0=PALM(281,3087)* s1=PALM(4387,3011)* [filtered=688]
ev: SYN code=0
cnt=2 s0=PALM(281,3087)* s1=PALM(4387,3011)* [filtered=689]
ev: SYN code=0
cnt=2 s0=PALM(281,3087)* s1=PALM(4387,3011)* [filtered=690]
ev: SYN code=0
cnt=2 s0=PALM(281,3087)* s1=PALM(4387,3011)* [filtered=691]
ev: SYN code=0
cnt=2 s0=PALM(281,3087)* s1=PALM(4387,3011)* [filtered=692]
ev: SYN code=0
cnt=2 s0=PALM(281,3087)* s1=PALM(4387,3011)* [filtered=693]
ev: SYN code=0
cnt=2 s0=PALM(281,3087)* s1=PALM(4387,3011)* [filtered=694]
ev: SYN code=0
cnt=2 s0=PALM(281,3087)* s1=PALM(4387,3011)* [filtered=695]
ev: SYN code=0
cnt=2 s0=PALM(281,3087)* s1=PALM(4387,3011)* [filtered=696]
ev: SYN code=0
cnt=2 s0=PALM(281,3087)* s1=PALM(4387,3011)* [filtered=697]
ev: SYN code=0
cnt=2 s0=PALM(281,3087)* s1=PALM(4387,3011)* [filtered=698]
ev: SYN code=0
cnt=2 s0=PALM(281,3087)* s1=PALM(4387,3011)* [filtered=699]
ev: SYN code=0
cnt=2 s0=PALM(281,3087)* s1=PALM(4387,3011)* [filtered=700]
ev: SYN code=0
cnt=2 s0=PALM(281,3087)* s1=PALM(4387,3011)* [filtered=701]
ev: SYN code=0
cnt=2 s0=PALM(281,3087)* s1=PALM(4387,3011)* [filtered=702]
ev: SYN code=0
cnt=2 s0=PALM(281,3087)* s1=PALM(4387,3011)* [filtered=703]
ev: SYN code=0
cnt=2 s0=PALM(281,3087)* s1=PALM(4387,3011)* [filtered=704]
ev: SYN code=0
cnt=2 s0=PALM(281,3087)* s1=PALM(4387,3011)* [filtered=705]
ev: SYN code=0
cnt=2 s0=PALM(281,3087)* s1=PALM(4387,3011)* [filtered=706]
ev: SYN code=0
cnt=2 s0=PALM(281,3087)* s1=PALM(4387,3011)* [filtered=707]
ev: SYN code=0
cnt=2 s0=PALM(281,3087)* s1=PALM(4387,3011)* [filtered=708]
ev: SYN code=0
cnt=2 s0=PALM(281,3087)* s1=PALM(4387,3011)* [filtered=709]
ev: SYN code=0
cnt=2 s0=PALM(281,3087)* s1=PALM(4387,3011)* [filtered=710]
ev: SYN code=0
cnt=2 s0=PALM(281,3087)* s1=PALM(4387,3011)* [filtered=711]
ev: SYN code=0
cnt=2 s0=PALM(281,3087)* s1=PALM(4387,3011)* [filtered=712]
ev: SYN code=0
cnt=2 s0=PALM(281,3087)* s1=PALM(4387,3011)* [filtered=713]
ev: SYN code=0
cnt=2 s0=PALM(281,3087)* s1=PALM(4387,3011)* [filtered=714]
ev: ABS code=53 val=4388 (slot=1)
ev: SYN code=0
cnt=2 s0=PALM(281,3087)* s1=PALM(4388,3011)* [filtered=715]
ev: SYN code=0
cnt=2 s0=PALM(281,3087)* s1=PALM(4388,3011)* [filtered=716]
ev: SYN code=0
cnt=2 s0=PALM(281,3087)* s1=PALM(4388,3011)* [filtered=717]
ev: KEY code=0x110 val=1
click: x=2381 -> zone=0x112
ev: SYN code=0
cnt=2 s0=PALM(281,3087)* s1=PALM(4388,3011)* [filtered=718]
ev: ABS code=47 val=0 (slot=1)
ev: ABS code=53 val=280 (slot=0)
ev: ABS code=0 val=280 (slot=0)
ev: SYN code=0
cnt=2 s0=PALM(280,3087)* s1=PALM(4388,3011)* [filtered=719]
ev: SYN code=0
cnt=2 s0=PALM(280,3087)* s1=PALM(4388,3011)* [filtered=720]
ev: ABS code=47 val=1 (slot=0)
ev: ABS code=53 val=4389 (slot=1)
ev: SYN code=0
cnt=2 s0=PALM(280,3087)* s1=PALM(4389,3011)* [filtered=721]
ev: SYN code=0
cnt=2 s0=PALM(280,3087)* s1=PALM(4389,3011)* [filtered=722]
ev: SYN code=0
cnt=2 s0=PALM(280,3087)* s1=PALM(4389,3011)* [filtered=723]
ev: ABS code=47 val=0 (slot=1)
ev: ABS code=53 val=279 (slot=0)
ev: ABS code=47 val=1 (slot=0)
ev: ABS code=54 val=3010 (slot=1)
ev: ABS code=0 val=279 (slot=1)
ev: SYN code=0
cnt=2 s0=PALM(279,3087)* s1=PALM(4389,3010)* [filtered=724]
ev: ABS code=53 val=4390 (slot=1)
ev: ABS code=54 val=3008 (slot=1)
ev: SYN code=0
cnt=2 s0=PALM(279,3087)* s1=PALM(4390,3008)* [filtered=725]
ev: ABS code=54 val=3007 (slot=1)
ev: SYN code=0
cnt=2 s0=PALM(279,3087)* s1=PALM(4390,3007)* [filtered=726]
ev: ABS code=54 val=3006 (slot=1)
ev: SYN code=0
cnt=2 s0=PALM(279,3087)* s1=PALM(4390,3006)* [filtered=727]
ev: ABS code=53 val=4391 (slot=1)
ev: ABS code=54 val=3005 (slot=1)
ev: SYN code=0
cnt=2 s0=PALM(279,3087)* s1=PALM(4391,3005)* [filtered=728]
ev: ABS code=54 val=3004 (slot=1)
ev: SYN code=0
cnt=2 s0=PALM(279,3087)* s1=PALM(4391,3004)* [filtered=729]
ev: ABS code=53 val=4392 (slot=1)
ev: ABS code=54 val=3003 (slot=1)
ev: SYN code=0
cnt=2 s0=PALM(279,3087)* s1=PALM(4392,3003)* [filtered=730]
ev: SYN code=0
cnt=2 s0=PALM(279,3087)* s1=PALM(4392,3003)* [filtered=731]
ev: ABS code=54 val=3002 (slot=1)
ev: SYN code=0
cnt=2 s0=PALM(279,3087)* s1=PALM(4392,3002)* [filtered=732]
ev: ABS code=54 val=3001 (slot=1)
ev: SYN code=0
cnt=2 s0=PALM(279,3087)* s1=PALM(4392,3001)* [filtered=733]
ev: ABS code=53 val=4393 (slot=1)
ev: ABS code=54 val=3000 (slot=1)
ev: SYN code=0
cnt=2 s0=PALM(279,3087)* s1=PALM(4393,3000)* [filtered=734]
ev: ABS code=54 val=2999 (slot=1)
ev: SYN code=0
cnt=2 s0=PALM(279,3087)* s1=PALM(4393,2999)* [filtered=735]
ev: ABS code=54 val=2998 (slot=1)
ev: SYN code=0
cnt=2 s0=PALM(279,3087)* s1=PALM(4393,2998)* [filtered=736]
ev: ABS code=47 val=0 (slot=1)
ev: ABS code=53 val=278 (slot=0)
ev: ABS code=47 val=1 (slot=0)
ev: ABS code=54 val=2997 (slot=1)
ev: ABS code=0 val=278 (slot=1)
ev: SYN code=0
cnt=2 s0=PALM(278,3087)* s1=PALM(4393,2997)* [filtered=737]
ev: ABS code=54 val=2996 (slot=1)
ev: SYN code=0
cnt=2 s0=PALM(278,3087)* s1=PALM(4393,2996)* [filtered=738]
ev: ABS code=54 val=2995 (slot=1)
ev: SYN code=0
cnt=2 s0=PALM(278,3087)* s1=PALM(4393,2995)* [filtered=739]
ev: ABS code=54 val=2994 (slot=1)
ev: SYN code=0
cnt=2 s0=PALM(278,3087)* s1=PALM(4393,2994)* [filtered=740]
ev: SYN code=0
cnt=2 s0=PALM(278,3087)* s1=PALM(4393,2994)* [filtered=741]
ev: ABS code=54 val=2993 (slot=1)
ev: SYN code=0
cnt=2 s0=PALM(278,3087)* s1=PALM(4393,2993)* [filtered=742]
ev: ABS code=53 val=4394 (slot=1)
ev: ABS code=54 val=2992 (slot=1)
ev: SYN code=0
cnt=2 s0=PALM(278,3087)* s1=PALM(4394,2992)* [filtered=743]
ev: ABS code=54 val=2991 (slot=1)
ev: SYN code=0
cnt=2 s0=PALM(278,3087)* s1=PALM(4394,2991)* [filtered=744]
ev: ABS code=54 val=2990 (slot=1)
ev: SYN code=0
cnt=2 s0=PALM(278,3087)* s1=PALM(4394,2990)* [filtered=745]
ev: ABS code=54 val=2989 (slot=1)
ev: SYN code=0
cnt=2 s0=PALM(278,3087)* s1=PALM(4394,2989)* [filtered=746]
ev: ABS code=53 val=4395 (slot=1)
ev: ABS code=54 val=2988 (slot=1)
ev: SYN code=0
cnt=2 s0=PALM(278,3087)* s1=PALM(4395,2988)* [filtered=747]
ev: SYN code=0
cnt=2 s0=PALM(278,3087)* s1=PALM(4395,2988)* [filtered=748]
ev: ABS code=54 val=2987 (slot=1)
ev: SYN code=0
cnt=2 s0=PALM(278,3087)* s1=PALM(4395,2987)* [filtered=749]
ev: SYN code=0
cnt=2 s0=PALM(278,3087)* s1=PALM(4395,2987)* [filtered=750]
ev: ABS code=47 val=0 (slot=1)
ev: ABS code=53 val=277 (slot=0)
ev: ABS code=0 val=277 (slot=0)
ev: SYN code=0
cnt=2 s0=PALM(277,3087)* s1=PALM(4395,2987)* [filtered=751]
ev: SYN code=0
cnt=2 s0=PALM(277,3087)* s1=PALM(4395,2987)* [filtered=752]
ev: SYN code=0
cnt=2 s0=PALM(277,3087)* s1=PALM(4395,2987)* [filtered=753]
ev: SYN code=0
cnt=2 s0=PALM(277,3087)* s1=PALM(4395,2987)* [filtered=754]
ev: SYN code=0
cnt=2 s0=PALM(277,3087)* s1=PALM(4395,2987)* [filtered=755]
ev: SYN code=0
cnt=2 s0=PALM(277,3087)* s1=PALM(4395,2987)* [filtered=756]
ev: SYN code=0
cnt=2 s0=PALM(277,3087)* s1=PALM(4395,2987)* [filtered=757]
ev: SYN code=0
cnt=2 s0=PALM(277,3087)* s1=PALM(4395,2987)* [filtered=758]
ev: KEY code=0x110 val=0
ev: SYN code=0
cnt=2 s0=PALM(277,3087)* s1=PALM(4395,2987)* [filtered=759]
ev: SYN code=0
cnt=2 s0=PALM(277,3087)* s1=PALM(4395,2987)* [filtered=760]
ev: SYN code=0
cnt=2 s0=PALM(277,3087)* s1=PALM(4395,2987)* [filtered=761]
ev: ABS code=47 val=1 (slot=0)
ev: ABS code=53 val=4394 (slot=1)
ev: ABS code=54 val=2988 (slot=1)
ev: SYN code=0
cnt=2 s0=PALM(277,3087)* s1=PALM(4394,2988)* [filtered=762]
ev: ABS code=53 val=4393 (slot=1)
ev: ABS code=54 val=2989 (slot=1)
ev: SYN code=0
cnt=2 s0=PALM(277,3087)* s1=PALM(4393,2989)* [filtered=763]
ev: SYN code=0
cnt=2 s0=PALM(277,3087)* s1=PALM(4393,2989)* [filtered=764]
ev: ABS code=53 val=4392 (slot=1)
ev: SYN code=0
cnt=2 s0=PALM(277,3087)* s1=PALM(4392,2989)* [filtered=765]
ev: ABS code=53 val=4391 (slot=1)
ev: SYN code=0
cnt=2 s0=PALM(277,3087)* s1=PALM(4391,2989)* [filtered=766]
ev: ABS code=53 val=4390 (slot=1)
ev: SYN code=0
cnt=2 s0=PALM(277,3087)* s1=PALM(4390,2989)* [filtered=767]
ev: ABS code=53 val=4389 (slot=1)
ev: SYN code=0
cnt=2 s0=PALM(277,3087)* s1=PALM(4389,2989)* [filtered=768]
ev: ABS code=53 val=4388 (slot=1)
ev: SYN code=0
cnt=2 s0=PALM(277,3087)* s1=PALM(4388,2989)* [filtered=769]
ev: ABS code=53 val=4387 (slot=1)
ev: SYN code=0
cnt=2 s0=PALM(277,3087)* s1=PALM(4387,2989)* [filtered=770]
ev: ABS code=53 val=4385 (slot=1)
ev: SYN code=0
cnt=2 s0=PALM(277,3087)* s1=PALM(4385,2989)* [filtered=771]
ev: ABS code=53 val=4381 (slot=1)
ev: ABS code=54 val=2990 (slot=1)
ev: SYN code=0
cnt=2 s0=PALM(277,3087)* s1=PALM(4381,2990) [filtered=772]
ev: ABS code=53 val=4379 (slot=1)
ev: SYN code=0
cnt=2 s0=PALM(277,3087)* s1=PALM(4379,2990) [filtered=773]
ev: ABS code=53 val=4375 (slot=1)
ev: ABS code=54 val=2991 (slot=1)
ev: SYN code=0
cnt=2 s0=PALM(277,3087)* s1=PALM(4375,2991) [filtered=774]
ev: ABS code=53 val=4371 (slot=1)
ev: ABS code=54 val=2992 (slot=1)
ev: SYN code=0
cnt=2 s0=PALM(277,3087)* s1=PALM(4371,2992) [filtered=775]
ev: ABS code=57 val=-1 (slot=1)
ev: KEY code=0x145 val=1
ev: KEY code=0x14d val=0
ev: SYN code=0
cnt=1 s0=fng (277,3087)* [filtered=775]
ev: SYN code=0
cnt=1 s0=fng (277,3087)* [filtered=775]
ev: SYN code=0
cnt=1 s0=fng (277,3087)* [filtered=775]
ev: SYN code=0
cnt=1 s0=fng (277,3087)* [filtered=775]
ev: SYN code=0
cnt=1 s0=fng (277,3087)* [filtered=775]
ev: SYN code=0
cnt=1 s0=fng (277,3087)* [filtered=775]
ev: SYN code=0
cnt=1 s0=fng (277,3087)* [filtered=775]
ev: SYN code=0
cnt=1 s0=fng (277,3087)* [filtered=775]
ev: SYN code=0
cnt=1 s0=fng (277,3087)* [filtered=775]
ev: SYN code=0
cnt=1 s0=fng (277,3087)* [filtered=775]
ev: SYN code=0
cnt=1 s0=fng (277,3087)* [filtered=775]
ev: SYN code=0
cnt=1 s0=fng (277,3087)* [filtered=775]
ev: SYN code=0
cnt=1 s0=fng (277,3087)* [filtered=775]
ev: SYN code=0
cnt=1 s0=fng (277,3087)* [filtered=775]
ev: SYN code=0
cnt=1 s0=fng (277,3087)* [filtered=775]
ev: SYN code=0
cnt=1 s0=fng (277,3087)* [filtered=775]
ev: SYN code=0
cnt=1 s0=fng (277,3087)* [filtered=775]
ev: SYN code=0
cnt=1 s0=fng (277,3087)* [filtered=775]
ev: SYN code=0
cnt=1 s0=fng (277,3087)* [filtered=775]
ev: SYN code=0
cnt=1 s0=fng (277,3087)* [filtered=775]
ev: SYN code=0
cnt=1 s0=fng (277,3087)* [filtered=775]
ev: SYN code=0
cnt=1 s0=fng (277,3087)* [filtered=775]
ev: SYN code=0
cnt=1 s0=fng (277,3087)* [filtered=775]
ev: SYN code=0
cnt=1 s0=fng (277,3087)* [filtered=775]
ev: SYN code=0
cnt=1 s0=fng (277,3087)* [filtered=775]
ev: SYN code=0
cnt=1 s0=fng (277,3087)* [filtered=775]
ev: SYN code=0
cnt=1 s0=fng (277,3087)* [filtered=775]
ev: SYN code=0
cnt=1 s0=fng (277,3087)* [filtered=775]
ev: SYN code=0
cnt=1 s0=fng (277,3087)* [filtered=775]
ev: SYN code=0
cnt=1 s0=fng (277,3087)* [filtered=775]
ev: SYN code=0
cnt=1 s0=fng (277,3087)* [filtered=775]
ev: SYN code=0
cnt=1 s0=fng (277,3087)* [filtered=775]
ev: SYN code=0
cnt=1 s0=fng (277,3087)* [filtered=775]
ev: SYN code=0
cnt=1 s0=fng (277,3087)* [filtered=775]
ev: SYN code=0
cnt=1 s0=fng (277,3087)* [filtered=775]
ev: SYN code=0
cnt=1 s0=fng (277,3087)* [filtered=775]
ev: SYN code=0
cnt=1 s0=fng (277,3087)* [filtered=775]
ev: SYN code=0
cnt=1 s0=fng (277,3087)* [filtered=775]
ev: SYN code=0
cnt=1 s0=fng (277,3087)* [filtered=775]
ev: SYN code=0
cnt=1 s0=fng (277,3087)* [filtered=775]
ev: SYN code=0
cnt=1 s0=fng (277,3087)* [filtered=775]
ev: SYN code=0
cnt=1 s0=fng (277,3087)* [filtered=775]
ev: SYN code=0
cnt=1 s0=fng (277,3087)* [filtered=775]
ev: SYN code=0
cnt=1 s0=fng (277,3087)* [filtered=775]
ev: SYN code=0
cnt=1 s0=fng (277,3087)* [filtered=775]
ev: SYN code=0
cnt=1 s0=fng (277,3087)* [filtered=775]
ev: SYN code=0
cnt=1 s0=fng (277,3087)* [filtered=775]
ev: SYN code=0
cnt=1 s0=fng (277,3087)* [filtered=775]
ev: SYN code=0
cnt=1 s0=fng (277,3087)* [filtered=775]
ev: SYN code=0
cnt=1 s0=fng (277,3087)* [filtered=775]
ev: SYN code=0
cnt=1 s0=fng (277,3087)* [filtered=775]
ev: SYN code=0
cnt=1 s0=fng (277,3087)* [filtered=775]
ev: SYN code=0
cnt=1 s0=fng (277,3087)* [filtered=775]
ev: SYN code=0
cnt=1 s0=fng (277,3087)* [filtered=775]
ev: SYN code=0
cnt=1 s0=fng (277,3087)* [filtered=775]
ev: SYN code=0
cnt=1 s0=fng (277,3087)* [filtered=775]
ev: SYN code=0
cnt=1 s0=fng (277,3087)* [filtered=775]
ev: SYN code=0
cnt=1 s0=fng (277,3087)* [filtered=775]
ev: SYN code=0
cnt=1 s0=fng (277,3087)* [filtered=775]
ev: SYN code=0
cnt=1 s0=fng (277,3087)* [filtered=775]
ev: SYN code=0
cnt=1 s0=fng (277,3087)* [filtered=775]
ev: SYN code=0
cnt=1 s0=fng (277,3087)* [filtered=775]
ev: SYN code=0
cnt=1 s0=fng (277,3087)* [filtered=775]
ev: SYN code=0
cnt=1 s0=fng (277,3087)* [filtered=775]
ev: SYN code=0
cnt=1 s0=fng (277,3087)* [filtered=775]
ev: SYN code=0
cnt=1 s0=fng (277,3087)* [filtered=775]
ev: SYN code=0
cnt=1 s0=fng (277,3087)* [filtered=775]
ev: SYN code=0
cnt=1 s0=fng (277,3087)* [filtered=775]
ev: SYN code=0
cnt=1 s0=fng (277,3087)* [filtered=775]
ev: SYN code=0
cnt=1 s0=fng (277,3087)* [filtered=775]
ev: SYN code=0
cnt=1 s0=fng (277,3087)* [filtered=775]
ev: SYN code=0
cnt=1 s0=fng (277,3087)* [filtered=775]
ev: SYN code=0
cnt=1 s0=fng (277,3087)* [filtered=775]
ev: SYN code=0
cnt=1 s0=fng (277,3087)* [filtered=775]
ev: SYN code=0
cnt=1 s0=fng (277,3087)* [filtered=775]
ev: SYN code=0
cnt=1 s0=fng (277,3087)* [filtered=775]
ev: SYN code=0
cnt=1 s0=fng (277,3087)* [filtered=775]
ev: SYN code=0
cnt=1 s0=fng (277,3087)* [filtered=775]
ev: SYN code=0
cnt=1 s0=fng (277,3087)* [filtered=775]
ev: SYN code=0
cnt=1 s0=fng (277,3087)* [filtered=775]
ev: SYN code=0
cnt=1 s0=fng (277,3087)* [filtered=775]
ev: SYN code=0
cnt=1 s0=fng (277,3087)* [filtered=775]
ev: SYN code=0
cnt=1 s0=fng (277,3087)* [filtered=775]
ev: SYN code=0
cnt=1 s0=fng (277,3087)* [filtered=775]
ev: SYN code=0
cnt=1 s0=fng (277,3087)* [filtered=775]
ev: SYN code=0
cnt=1 s0=fng (277,3087)* [filtered=775]
ev: ABS code=57 val=112 (slot=1)
ev: ABS code=53 val=2455 (slot=1)
ev: ABS code=54 val=2766 (slot=1)
ev: KEY code=0x145 val=0
ev: KEY code=0x14d val=1
ev: SYN code=0
cnt=2 s0=PALM(277,3087)* s1=PALM(2455,2766) [filtered=776]
ev: KEY code=0x110 val=1
click: x=2381 -> zone=0x112
ev: SYN code=0
cnt=2 s0=PALM(277,3087)* s1=PALM(2455,2766) [filtered=777]
ev: ABS code=53 val=2454 (slot=1)
ev: ABS code=54 val=2765 (slot=1)
ev: SYN code=0
cnt=2 s0=PALM(277,3087)* s1=PALM(2454,2765) [filtered=778]
ev: ABS code=53 val=2453 (slot=1)
ev: ABS code=54 val=2764 (slot=1)
ev: SYN code=0
cnt=2 s0=PALM(277,3087)* s1=PALM(2453,2764) [filtered=779]
ev: ABS code=53 val=2452 (slot=1)
ev: ABS code=54 val=2763 (slot=1)
ev: SYN code=0
cnt=2 s0=PALM(277,3087)* s1=PALM(2452,2763) [filtered=780]
ev: ABS code=53 val=2451 (slot=1)
ev: SYN code=0
cnt=2 s0=PALM(277,3087)* s1=PALM(2451,2763) [filtered=781]
ev: ABS code=53 val=2450 (slot=1)
ev: ABS code=54 val=2762 (slot=1)
ev: SYN code=0
cnt=2 s0=PALM(277,3087)* s1=PALM(2450,2762) [filtered=782]
ev: ABS code=53 val=2449 (slot=1)
ev: ABS code=54 val=2761 (slot=1)
ev: SYN code=0
cnt=2 s0=PALM(277,3087)* s1=PALM(2449,2761) [filtered=783]
ev: ABS code=53 val=2447 (slot=1)
ev: ABS code=54 val=2760 (slot=1)
ev: SYN code=0
cnt=2 s0=PALM(277,3087)* s1=PALM(2447,2760) [filtered=784]
ev: ABS code=53 val=2445 (slot=1)
ev: ABS code=54 val=2759 (slot=1)
ev: SYN code=0
cnt=2 s0=PALM(277,3087)* s1=PALM(2445,2759) [filtered=785]
ev: ABS code=53 val=2444 (slot=1)
ev: ABS code=54 val=2758 (slot=1)
ev: SYN code=0
cnt=2 s0=PALM(277,3087)* s1=PALM(2444,2758) [filtered=786]
ev: ABS code=53 val=2443 (slot=1)
ev: ABS code=54 val=2757 (slot=1)
ev: SYN code=0
cnt=2 s0=PALM(277,3087)* s1=PALM(2443,2757) [filtered=787]
ev: ABS code=53 val=2442 (slot=1)
ev: ABS code=54 val=2756 (slot=1)
ev: SYN code=0
cnt=2 s0=PALM(277,3087)* s1=PALM(2442,2756) [filtered=788]
ev: ABS code=53 val=2441 (slot=1)
ev: SYN code=0
cnt=2 s0=PALM(277,3087)* s1=PALM(2441,2756) [filtered=789]
ev: ABS code=53 val=2440 (slot=1)
ev: ABS code=54 val=2755 (slot=1)
ev: SYN code=0
cnt=2 s0=PALM(277,3087)* s1=PALM(2440,2755) [filtered=790]
ev: ABS code=53 val=2439 (slot=1)
ev: SYN code=0
cnt=2 s0=PALM(277,3087)* s1=PALM(2439,2755) [filtered=791]
ev: ABS code=53 val=2438 (slot=1)
ev: ABS code=54 val=2754 (slot=1)
ev: SYN code=0
cnt=2 s0=PALM(277,3087)* s1=PALM(2438,2754) [filtered=792]
ev: ABS code=53 val=2437 (slot=1)
ev: SYN code=0
cnt=2 s0=PALM(277,3087)* s1=PALM(2437,2754) [filtered=793]
ev: ABS code=53 val=2436 (slot=1)
ev: ABS code=54 val=2753 (slot=1)
ev: SYN code=0
cnt=2 s0=PALM(277,3087)* s1=PALM(2436,2753) [filtered=794]
ev: SYN code=0
cnt=2 s0=PALM(277,3087)* s1=PALM(2436,2753) [filtered=795]
ev: ABS code=53 val=2435 (slot=1)
ev: SYN code=0
cnt=2 s0=PALM(277,3087)* s1=PALM(2435,2753)* [filtered=796]
ev: SYN code=0
cnt=2 s0=PALM(277,3087)* s1=PALM(2435,2753)* [filtered=797]
ev: SYN code=0
cnt=2 s0=PALM(277,3087)* s1=PALM(2435,2753)* [filtered=798]
ev: SYN code=0
cnt=2 s0=PALM(277,3087)* s1=PALM(2435,2753)* [filtered=799]
ev: SYN code=0
cnt=2 s0=PALM(277,3087)* s1=PALM(2435,2753)* [filtered=800]
ev: SYN code=0
cnt=2 s0=PALM(277,3087)* s1=PALM(2435,2753)* [filtered=801]
ev: SYN code=0
cnt=2 s0=PALM(277,3087)* s1=PALM(2435,2753)* [filtered=802]
ev: ABS code=54 val=2754 (slot=1)
ev: SYN code=0
cnt=2 s0=PALM(277,3087)* s1=PALM(2435,2754)* [filtered=803]
ev: SYN code=0
cnt=2 s0=PALM(277,3087)* s1=PALM(2435,2754)* [filtered=804]
ev: SYN code=0
cnt=2 s0=PALM(277,3087)* s1=PALM(2435,2754)* [filtered=805]
ev: ABS code=54 val=2755 (slot=1)
ev: SYN code=0
cnt=2 s0=PALM(277,3087)* s1=PALM(2435,2755)* [filtered=806]
ev: ABS code=54 val=2756 (slot=1)
ev: SYN code=0
cnt=2 s0=PALM(277,3087)* s1=PALM(2435,2756)* [filtered=807]
ev: ABS code=54 val=2757 (slot=1)
ev: SYN code=0
cnt=2 s0=PALM(277,3087)* s1=PALM(2435,2757)* [filtered=808]
ev: SYN code=0
cnt=2 s0=PALM(277,3087)* s1=PALM(2435,2757)* [filtered=809]
ev: ABS code=54 val=2758 (slot=1)
ev: SYN code=0
cnt=2 s0=PALM(277,3087)* s1=PALM(2435,2758)* [filtered=810]
ev: ABS code=54 val=2759 (slot=1)
ev: SYN code=0
cnt=2 s0=PALM(277,3087)* s1=PALM(2435,2759)* [filtered=811]
ev: ABS code=54 val=2760 (slot=1)
ev: SYN code=0
cnt=2 s0=PALM(277,3087)* s1=PALM(2435,2760)* [filtered=812]
ev: ABS code=54 val=2761 (slot=1)
ev: SYN code=0
cnt=2 s0=PALM(277,3087)* s1=PALM(2435,2761)* [filtered=813]
ev: ABS code=54 val=2762 (slot=1)
ev: SYN code=0
cnt=2 s0=PALM(277,3087)* s1=PALM(2435,2762)* [filtered=814]
ev: SYN code=0
cnt=2 s0=PALM(277,3087)* s1=PALM(2435,2762)* [filtered=815]
ev: ABS code=54 val=2763 (slot=1)
ev: SYN code=0
cnt=2 s0=PALM(277,3087)* s1=PALM(2435,2763)* [filtered=816]
ev: ABS code=54 val=2764 (slot=1)
ev: SYN code=0
cnt=2 s0=PALM(277,3087)* s1=PALM(2435,2764)* [filtered=817]
ev: SYN code=0
cnt=2 s0=PALM(277,3087)* s1=PALM(2435,2764)* [filtered=818]
ev: SYN code=0
cnt=2 s0=PALM(277,3087)* s1=PALM(2435,2764)* [filtered=819]
ev: ABS code=54 val=2765 (slot=1)
ev: SYN code=0
cnt=2 s0=PALM(277,3087)* s1=PALM(2435,2765)* [filtered=820]
ev: SYN code=0
cnt=2 s0=PALM(277,3087)* s1=PALM(2435,2765)* [filtered=821]
ev: SYN code=0
cnt=2 s0=PALM(277,3087)* s1=PALM(2435,2765)* [filtered=822]
ev: SYN code=0
cnt=2 s0=PALM(277,3087)* s1=PALM(2435,2765)* [filtered=823]
ev: SYN code=0
cnt=2 s0=PALM(277,3087)* s1=PALM(2435,2765)* [filtered=824]
ev: SYN code=0
cnt=2 s0=PALM(277,3087)* s1=PALM(2435,2765)* [filtered=825]
ev: ABS code=53 val=2436 (slot=1)
ev: SYN code=0
cnt=2 s0=PALM(277,3087)* s1=PALM(2436,2765)* [filtered=826]
ev: ABS code=53 val=2437 (slot=1)
ev: SYN code=0
cnt=2 s0=PALM(277,3087)* s1=PALM(2437,2765)* [filtered=827]
ev: SYN code=0
cnt=2 s0=PALM(277,3087)* s1=PALM(2437,2765)* [filtered=828]
ev: ABS code=53 val=2438 (slot=1)
ev: ABS code=54 val=2766 (slot=1)
ev: SYN code=0
cnt=2 s0=PALM(277,3087)* s1=PALM(2438,2766)* [filtered=829]
ev: ABS code=53 val=2439 (slot=1)
ev: SYN code=0
cnt=2 s0=PALM(277,3087)* s1=PALM(2439,2766)* [filtered=830]
ev: ABS code=53 val=2441 (slot=1)
ev: ABS code=54 val=2767 (slot=1)
ev: SYN code=0
cnt=2 s0=PALM(277,3087)* s1=PALM(2441,2767)* [filtered=831]
ev: ABS code=53 val=2443 (slot=1)
ev: ABS code=54 val=2768 (slot=1)
ev: KEY code=0x110 val=0
ev: SYN code=0
cnt=2 s0=PALM(277,3087)* s1=PALM(2443,2768)* [filtered=832]
ev: ABS code=53 val=2444 (slot=1)
ev: SYN code=0
cnt=2 s0=PALM(277,3087)* s1=PALM(2444,2768)* [filtered=833]
ev: ABS code=53 val=2446 (slot=1)
ev: ABS code=54 val=2769 (slot=1)
ev: SYN code=0
cnt=2 s0=PALM(277,3087)* s1=PALM(2446,2769)* [filtered=834]
ev: ABS code=53 val=2449 (slot=1)
ev: ABS code=54 val=2770 (slot=1)
ev: SYN code=0
cnt=2 s0=PALM(277,3087)* s1=PALM(2449,2770) [filtered=835]
ev: ABS code=47 val=0 (slot=1)
ev: ABS code=53 val=278 (slot=0)
ev: ABS code=47 val=1 (slot=0)
ev: ABS code=53 val=2452 (slot=1)
ev: ABS code=54 val=2771 (slot=1)
ev: ABS code=0 val=278 (slot=1)
ev: SYN code=0
cnt=2 s0=PALM(278,3087)* s1=PALM(2452,2771) [filtered=836]
ev: ABS code=53 val=2453 (slot=1)
ev: ABS code=54 val=2772 (slot=1)
ev: SYN code=0
cnt=2 s0=PALM(278,3087)* s1=PALM(2453,2772) [filtered=837]
ev: ABS code=53 val=2455 (slot=1)
ev: ABS code=54 val=2773 (slot=1)
ev: SYN code=0
cnt=2 s0=PALM(278,3087)* s1=PALM(2455,2773) [filtered=838]
ev: ABS code=53 val=2459 (slot=1)
ev: ABS code=54 val=2775 (slot=1)
ev: SYN code=0
cnt=2 s0=PALM(278,3087)* s1=PALM(2459,2775) [filtered=839]
ev: ABS code=53 val=2464 (slot=1)
ev: ABS code=54 val=2777 (slot=1)
ev: SYN code=0
cnt=2 s0=PALM(278,3087)* s1=PALM(2464,2777) [filtered=840]
ev: ABS code=47 val=0 (slot=1)
ev: ABS code=54 val=3086 (slot=0)
ev: ABS code=47 val=1 (slot=0)
ev: ABS code=53 val=2470 (slot=1)
ev: ABS code=54 val=2779 (slot=1)
ev: ABS code=1 val=3086 (slot=1)
ev: SYN code=0
cnt=2 s0=PALM(278,3086)* s1=PALM(2470,2779) [filtered=841]
ev: ABS code=53 val=2474 (slot=1)
ev: ABS code=54 val=2780 (slot=1)
ev: SYN code=0
cnt=2 s0=PALM(278,3086)* s1=PALM(2474,2780) [filtered=842]
ev: ABS code=47 val=0 (slot=1)
ev: ABS code=54 val=3085 (slot=0)
ev: ABS code=47 val=1 (slot=0)
ev: ABS code=53 val=2479 (slot=1)
ev: ABS code=54 val=2781 (slot=1)
ev: ABS code=1 val=3085 (slot=1)
ev: SYN code=0
cnt=2 s0=PALM(278,3085)* s1=PALM(2479,2781) [filtered=843]
ev: ABS code=47 val=0 (slot=1)
ev: ABS code=54 val=3084 (slot=0)
ev: ABS code=47 val=1 (slot=0)
ev: ABS code=53 val=2484 (slot=1)
ev: ABS code=54 val=2782 (slot=1)
ev: ABS code=1 val=3084 (slot=1)
ev: SYN code=0
cnt=2 s0=PALM(278,3084)* s1=PALM(2484,2782) [filtered=844]
ev: ABS code=57 val=-1 (slot=1)
ev: KEY code=0x145 val=1
ev: KEY code=0x14d val=0
ev: SYN code=0
cnt=1 s0=fng (278,3084)* [filtered=844]
ev: SYN code=0
cnt=1 s0=fng (278,3084)* [filtered=844]
ev: SYN code=0
cnt=1 s0=fng (278,3084)* [filtered=844]
ev: SYN code=0
cnt=1 s0=fng (278,3084)* [filtered=844]
ev: SYN code=0
cnt=1 s0=fng (278,3084)* [filtered=844]
ev: SYN code=0
cnt=1 s0=fng (278,3084)* [filtered=844]
ev: SYN code=0
cnt=1 s0=fng (278,3084)* [filtered=844]
ev: SYN code=0
cnt=1 s0=fng (278,3084)* [filtered=844]
ev: SYN code=0
cnt=1 s0=fng (278,3084)* [filtered=844]
ev: SYN code=0
cnt=1 s0=fng (278,3084)* [filtered=844]
ev: SYN code=0
cnt=1 s0=fng (278,3084)* [filtered=844]
ev: SYN code=0
cnt=1 s0=fng (278,3084)* [filtered=844]
ev: SYN code=0
cnt=1 s0=fng (278,3084)* [filtered=844]
ev: SYN code=0
cnt=1 s0=fng (278,3084)* [filtered=844]
ev: SYN code=0
cnt=1 s0=fng (278,3084)* [filtered=844]
ev: SYN code=0
cnt=1 s0=fng (278,3084)* [filtered=844]
ev: SYN code=0
cnt=1 s0=fng (278,3084)* [filtered=844]
ev: SYN code=0
cnt=1 s0=fng (278,3084)* [filtered=844]
ev: SYN code=0
cnt=1 s0=fng (278,3084)* [filtered=844]
ev: SYN code=0
cnt=1 s0=fng (278,3084)* [filtered=844]
ev: SYN code=0
cnt=1 s0=fng (278,3084)* [filtered=844]
ev: SYN code=0
cnt=1 s0=fng (278,3084)* [filtered=844]
ev: SYN code=0
cnt=1 s0=fng (278,3084)* [filtered=844]
ev: SYN code=0
cnt=1 s0=fng (278,3084)* [filtered=844]
ev: SYN code=0
cnt=1 s0=fng (278,3084)* [filtered=844]
ev: SYN code=0
cnt=1 s0=fng (278,3084)* [filtered=844]
ev: SYN code=0
cnt=1 s0=fng (278,3084)* [filtered=844]
ev: SYN code=0
cnt=1 s0=fng (278,3084)* [filtered=844]
ev: SYN code=0
cnt=1 s0=fng (278,3084)* [filtered=844]
ev: SYN code=0
cnt=1 s0=fng (278,3084)* [filtered=844]
ev: SYN code=0
cnt=1 s0=fng (278,3084)* [filtered=844]
ev: SYN code=0
cnt=1 s0=fng (278,3084)* [filtered=844]
ev: SYN code=0
cnt=1 s0=fng (278,3084)* [filtered=844]
ev: SYN code=0
cnt=1 s0=fng (278,3084)* [filtered=844]
ev: SYN code=0
cnt=1 s0=fng (278,3084)* [filtered=844]
ev: SYN code=0
cnt=1 s0=fng (278,3084)* [filtered=844]
ev: SYN code=0
cnt=1 s0=fng (278,3084)* [filtered=844]
ev: SYN code=0
cnt=1 s0=fng (278,3084)* [filtered=844]
ev: SYN code=0
cnt=1 s0=fng (278,3084)* [filtered=844]
ev: SYN code=0
cnt=1 s0=fng (278,3084)* [filtered=844]
ev: SYN code=0
cnt=1 s0=fng (278,3084)* [filtered=844]
ev: SYN code=0
cnt=1 s0=fng (278,3084)* [filtered=844]
ev: SYN code=0
cnt=1 s0=fng (278,3084)* [filtered=844]
ev: SYN code=0
cnt=1 s0=fng (278,3084)* [filtered=844]
ev: SYN code=0
cnt=1 s0=fng (278,3084)* [filtered=844]
ev: SYN code=0
cnt=1 s0=fng (278,3084)* [filtered=844]
ev: SYN code=0
cnt=1 s0=fng (278,3084)* [filtered=844]
ev: SYN code=0
cnt=1 s0=fng (278,3084)* [filtered=844]
ev: SYN code=0
cnt=1 s0=fng (278,3084)* [filtered=844]
ev: SYN code=0
cnt=1 s0=fng (278,3084)* [filtered=844]
ev: SYN code=0
cnt=1 s0=fng (278,3084)* [filtered=844]
ev: SYN code=0
cnt=1 s0=fng (278,3084)* [filtered=844]
ev: SYN code=0
cnt=1 s0=fng (278,3084)* [filtered=844]
ev: SYN code=0
cnt=1 s0=fng (278,3084)* [filtered=844]
ev: SYN code=0
cnt=1 s0=fng (278,3084)* [filtered=844]
ev: SYN code=0
cnt=1 s0=fng (278,3084)* [filtered=844]
ev: SYN code=0
cnt=1 s0=fng (278,3084)* [filtered=844]
ev: SYN code=0
cnt=1 s0=fng (278,3084)* [filtered=844]
ev: SYN code=0
cnt=1 s0=fng (278,3084)* [filtered=844]
ev: SYN code=0
cnt=1 s0=fng (278,3084)* [filtered=844]
ev: SYN code=0
cnt=1 s0=fng (278,3084)* [filtered=844]
ev: SYN code=0
cnt=1 s0=fng (278,3084)* [filtered=844]
ev: SYN code=0
cnt=1 s0=fng (278,3084)* [filtered=844]
ev: SYN code=0
cnt=1 s0=fng (278,3084)* [filtered=844]
ev: ABS code=47 val=0 (slot=1)
ev: ABS code=54 val=3083 (slot=0)
ev: ABS code=1 val=3083 (slot=0)
ev: SYN code=0
cnt=1 s0=fng (278,3083)* [filtered=844]
ev: ABS code=54 val=3082 (slot=0)
ev: ABS code=1 val=3082 (slot=0)
ev: SYN code=0
cnt=1 s0=fng (278,3082)* [filtered=844]
ev: ABS code=54 val=3081 (slot=0)
ev: ABS code=1 val=3081 (slot=0)
ev: SYN code=0
cnt=1 s0=fng (278,3081)* [filtered=844]
ev: ABS code=54 val=3080 (slot=0)
ev: ABS code=1 val=3080 (slot=0)
ev: SYN code=0
cnt=1 s0=fng (278,3080)* [filtered=844]
ev: ABS code=54 val=3079 (slot=0)
ev: ABS code=1 val=3079 (slot=0)
ev: SYN code=0
cnt=1 s0=fng (278,3079)* [filtered=844]
ev: ABS code=54 val=3078 (slot=0)
ev: ABS code=1 val=3078 (slot=0)
ev: SYN code=0
cnt=1 s0=fng (278,3078)* [filtered=844]
ev: ABS code=54 val=3077 (slot=0)
ev: ABS code=1 val=3077 (slot=0)
ev: SYN code=0
cnt=1 s0=fng (278,3077)* [filtered=844]
ev: ABS code=54 val=3076 (slot=0)
ev: ABS code=1 val=3076 (slot=0)
ev: SYN code=0
cnt=1 s0=fng (278,3076)* [filtered=844]
ev: ABS code=54 val=3075 (slot=0)
ev: ABS code=1 val=3075 (slot=0)
ev: SYN code=0
cnt=1 s0=fng (278,3075)* [filtered=844]
ev: ABS code=54 val=3074 (slot=0)
ev: ABS code=1 val=3074 (slot=0)
ev: SYN code=0
cnt=1 s0=fng (278,3074)* [filtered=844]
ev: ABS code=54 val=3073 (slot=0)
ev: ABS code=1 val=3073 (slot=0)
ev: SYN code=0
cnt=1 s0=fng (278,3073)* [filtered=844]
ev: ABS code=54 val=3072 (slot=0)
ev: ABS code=1 val=3072 (slot=0)
ev: SYN code=0
cnt=1 s0=fng (278,3072)* [filtered=844]
ev: ABS code=54 val=3071 (slot=0)
ev: ABS code=1 val=3071 (slot=0)
ev: SYN code=0
cnt=1 s0=fng (278,3071)* [filtered=844]
ev: SYN code=0
cnt=1 s0=fng (278,3071)* [filtered=844]
ev: ABS code=54 val=3070 (slot=0)
ev: ABS code=1 val=3070 (slot=0)
ev: SYN code=0
cnt=1 s0=fng (278,3070)* [filtered=844]
ev: ABS code=54 val=3069 (slot=0)
ev: ABS code=1 val=3069 (slot=0)
ev: SYN code=0
cnt=1 s0=fng (278,3069)* [filtered=844]
ev: ABS code=54 val=3068 (slot=0)
ev: ABS code=1 val=3068 (slot=0)
ev: SYN code=0
cnt=1 s0=fng (278,3068)* [filtered=844]
ev: ABS code=54 val=3067 (slot=0)
ev: KEY code=0x110 val=1
click: x=278 -> zone=0x110
ev: ABS code=1 val=3067 (slot=0)
ev: SYN code=0
cnt=1 s0=fng (278,3067)* [filtered=844]
ev: ABS code=54 val=3066 (slot=0)
ev: ABS code=1 val=3066 (slot=0)
ev: SYN code=0
cnt=1 s0=fng (278,3066)* [filtered=844]
ev: ABS code=54 val=3065 (slot=0)
ev: ABS code=1 val=3065 (slot=0)
ev: SYN code=0
cnt=1 s0=fng (278,3065)* [filtered=844]
ev: ABS code=54 val=3064 (slot=0)
ev: ABS code=1 val=3064 (slot=0)
ev: SYN code=0
cnt=1 s0=fng (278,3064)* [filtered=844]
ev: SYN code=0
cnt=1 s0=fng (278,3064)* [filtered=844]
ev: SYN code=0
cnt=1 s0=fng (278,3064)* [filtered=844]
ev: SYN code=0
cnt=1 s0=fng (278,3064)* [filtered=844]
ev: ABS code=54 val=3063 (slot=0)
ev: ABS code=1 val=3063 (slot=0)
ev: SYN code=0
cnt=1 s0=fng (278,3063)* [filtered=844]
ev: SYN code=0
cnt=1 s0=fng (278,3063)* [filtered=844]
ev: ABS code=54 val=3062 (slot=0)
ev: ABS code=1 val=3062 (slot=0)
ev: SYN code=0
cnt=1 s0=fng (278,3062)* [filtered=844]
ev: SYN code=0
cnt=1 s0=fng (278,3062)* [filtered=844]
ev: ABS code=54 val=3061 (slot=0)
ev: ABS code=1 val=3061 (slot=0)
ev: SYN code=0
cnt=1 s0=fng (278,3061)* [filtered=844]
ev: ABS code=54 val=3060 (slot=0)
ev: ABS code=1 val=3060 (slot=0)
ev: SYN code=0
cnt=1 s0=fng (278,3060)* [filtered=844]
ev: SYN code=0
cnt=1 s0=fng (278,3060)* [filtered=844]
ev: SYN code=0
cnt=1 s0=fng (278,3060)* [filtered=844]
ev: SYN code=0
cnt=1 s0=fng (278,3060)* [filtered=844]
ev: SYN code=0
cnt=1 s0=fng (278,3060)* [filtered=844]
ev: ABS code=53 val=279 (slot=0)
ev: ABS code=0 val=279 (slot=0)
ev: SYN code=0
cnt=1 s0=fng (279,3060)* [filtered=844]
ev: SYN code=0
cnt=1 s0=fng (279,3060)* [filtered=844]
ev: SYN code=0
cnt=1 s0=fng (279,3060)* [filtered=844]
ev: ABS code=53 val=280 (slot=0)
ev: ABS code=54 val=3059 (slot=0)
ev: ABS code=0 val=280 (slot=0)
ev: ABS code=1 val=3059 (slot=0)
ev: SYN code=0
cnt=1 s0=fng (280,3059)* [filtered=844]
ev: SYN code=0
cnt=1 s0=fng (280,3059)* [filtered=844]
ev: SYN code=0
cnt=1 s0=fng (280,3059)* [filtered=844]
ev: ABS code=53 val=281 (slot=0)
ev: ABS code=0 val=281 (slot=0)
ev: SYN code=0
cnt=1 s0=fng (281,3059)* [filtered=844]
ev: SYN code=0
cnt=1 s0=fng (281,3059)* [filtered=844]
ev: SYN code=0
cnt=1 s0=fng (281,3059)* [filtered=844]
ev: ABS code=53 val=282 (slot=0)
ev: ABS code=0 val=282 (slot=0)
ev: SYN code=0
cnt=1 s0=fng (282,3059)* [filtered=844]
ev: SYN code=0
cnt=1 s0=fng (282,3059)* [filtered=844]
ev: SYN code=0
cnt=1 s0=fng (282,3059)* [filtered=844]
ev: SYN code=0
cnt=1 s0=fng (282,3059)* [filtered=844]
ev: SYN code=0
cnt=1 s0=fng (282,3059)* [filtered=844]
ev: SYN code=0
cnt=1 s0=fng (282,3059)* [filtered=844]
ev: ABS code=53 val=283 (slot=0)
ev: ABS code=0 val=283 (slot=0)
ev: SYN code=0
cnt=1 s0=fng (283,3059)* [filtered=844]
ev: SYN code=0
cnt=1 s0=fng (283,3059)* [filtered=844]
ev: SYN code=0
cnt=1 s0=fng (283,3059)* [filtered=844]
ev: ABS code=53 val=284 (slot=0)
ev: ABS code=0 val=284 (slot=0)
ev: SYN code=0
cnt=1 s0=fng (284,3059)* [filtered=844]
ev: SYN code=0
cnt=1 s0=fng (284,3059)* [filtered=844]
ev: KEY code=0x110 val=0
ev: SYN code=0
cnt=1 s0=fng (284,3059)* [filtered=844]
ev: SYN code=0
cnt=1 s0=fng (284,3059)* [filtered=844]
ev: SYN code=0
cnt=1 s0=fng (284,3059)* [filtered=844]
ev: ABS code=53 val=285 (slot=0)
ev: ABS code=0 val=285 (slot=0)
ev: SYN code=0
cnt=1 s0=fng (285,3059)* [filtered=844]
ev: SYN code=0
cnt=1 s0=fng (285,3059)* [filtered=844]
ev: ABS code=53 val=284 (slot=0)
ev: ABS code=0 val=284 (slot=0)
ev: SYN code=0
cnt=1 s0=fng (284,3059)* [filtered=844]
ev: SYN code=0
cnt=1 s0=fng (284,3059)* [filtered=844]
ev: SYN code=0
cnt=1 s0=fng (284,3059)* [filtered=844]
ev: ABS code=53 val=283 (slot=0)
ev: ABS code=0 val=283 (slot=0)
ev: SYN code=0
cnt=1 s0=fng (283,3059)* [filtered=844]
ev: ABS code=53 val=281 (slot=0)
ev: ABS code=54 val=3060 (slot=0)
ev: ABS code=0 val=281 (slot=0)
ev: ABS code=1 val=3060 (slot=0)
ev: SYN code=0
cnt=1 s0=fng (281,3060)* [filtered=844]
ev: ABS code=53 val=279 (slot=0)
ev: ABS code=54 val=3061 (slot=0)
ev: ABS code=0 val=279 (slot=0)
ev: ABS code=1 val=3061 (slot=0)
ev: SYN code=0
cnt=1 s0=fng (279,3061)* [filtered=844]
ev: ABS code=53 val=278 (slot=0)
ev: ABS code=54 val=3062 (slot=0)
ev: ABS code=0 val=278 (slot=0)
ev: ABS code=1 val=3062 (slot=0)
ev: SYN code=0
cnt=1 s0=fng (278,3062)* [filtered=844]
ev: ABS code=53 val=276 (slot=0)
ev: ABS code=54 val=3063 (slot=0)
ev: ABS code=0 val=276 (slot=0)
ev: ABS code=1 val=3063 (slot=0)
ev: SYN code=0
cnt=1 s0=fng (276,3063)* [filtered=844]
ev: ABS code=57 val=-1 (slot=0)
ev: KEY code=0x14a val=0
ev: KEY code=0x145 val=0
ev: SYN code=0
ev: ABS code=57 val=113 (slot=0)
ev: ABS code=53 val=2688 (slot=0)
ev: ABS code=54 val=2728 (slot=0)
ev: KEY code=0x14a val=1
ev: KEY code=0x145 val=1
ev: ABS code=0 val=2688 (slot=0)
ev: ABS code=1 val=2728 (slot=0)
ev: SYN code=0
cnt=1 s0=fng (2688,2728) [filtered=844]
ev: SYN code=0
cnt=1 s0=fng (2688,2728) [filtered=844]
ev: SYN code=0
cnt=1 s0=fng (2688,2728) [filtered=844]
ev: SYN code=0
cnt=1 s0=fng (2688,2728) [filtered=844]
ev: SYN code=0
cnt=1 s0=fng (2688,2728) [filtered=844]
ev: SYN code=0
cnt=1 s0=fng (2688,2728) [filtered=844]
ev: SYN code=0
cnt=1 s0=fng (2688,2728) [filtered=844]
ev: ABS code=53 val=2687 (slot=0)
ev: ABS code=0 val=2687 (slot=0)
ev: SYN code=0
cnt=1 s0=fng (2687,2728) [filtered=844]
ev: SYN code=0
cnt=1 s0=fng (2687,2728) [filtered=844]
ev: KEY code=0x110 val=1
click: x=2687 -> zone=0x112
ev: SYN code=0
cnt=1 s0=fng (2687,2728) [filtered=844]
ev: SYN code=0
cnt=1 s0=fng (2687,2728) [filtered=844]
ev: SYN code=0
cnt=1 s0=fng (2687,2728) [filtered=844]
ev: SYN code=0
cnt=1 s0=fng (2687,2728) [filtered=844]
ev: SYN code=0
cnt=1 s0=fng (2687,2728) [filtered=844]
ev: SYN code=0
cnt=1 s0=fng (2687,2728) [filtered=844]
ev: SYN code=0
cnt=1 s0=fng (2687,2728) [filtered=844]
ev: SYN code=0
cnt=1 s0=fng (2687,2728) [filtered=844]
ev: SYN code=0
cnt=1 s0=fng (2687,2728) [filtered=844]
ev: SYN code=0
cnt=1 s0=fng (2687,2728) [filtered=844]
ev: SYN code=0
cnt=1 s0=fng (2687,2728) [filtered=844]
ev: SYN code=0
cnt=1 s0=fng (2687,2728)* [filtered=844]
ev: SYN code=0
cnt=1 s0=fng (2687,2728)* [filtered=844]
ev: SYN code=0
cnt=1 s0=fng (2687,2728)* [filtered=844]
ev: SYN code=0
cnt=1 s0=fng (2687,2728)* [filtered=844]
ev: SYN code=0
cnt=1 s0=fng (2687,2728)* [filtered=844]
ev: SYN code=0
cnt=1 s0=fng (2687,2728)* [filtered=844]
ev: SYN code=0
cnt=1 s0=fng (2687,2728)* [filtered=844]
ev: ABS code=53 val=2686 (slot=0)
ev: ABS code=0 val=2686 (slot=0)
ev: SYN code=0
cnt=1 s0=fng (2686,2728)* [filtered=844]
ev: ABS code=53 val=2685 (slot=0)
ev: ABS code=0 val=2685 (slot=0)
ev: SYN code=0
cnt=1 s0=fng (2685,2728)* [filtered=844]
ev: SYN code=0
cnt=1 s0=fng (2685,2728)* [filtered=844]
ev: SYN code=0
cnt=1 s0=fng (2685,2728)* [filtered=844]
ev: ABS code=53 val=2684 (slot=0)
ev: ABS code=0 val=2684 (slot=0)
ev: SYN code=0
cnt=1 s0=fng (2684,2728)* [filtered=844]
ev: SYN code=0
cnt=1 s0=fng (2684,2728)* [filtered=844]
ev: SYN code=0
cnt=1 s0=fng (2684,2728)* [filtered=844]
ev: SYN code=0
cnt=1 s0=fng (2684,2728)* [filtered=844]
ev: SYN code=0
cnt=1 s0=fng (2684,2728)* [filtered=844]
ev: SYN code=0
cnt=1 s0=fng (2684,2728)* [filtered=844]
ev: SYN code=0
cnt=1 s0=fng (2684,2728)* [filtered=844]
ev: SYN code=0
cnt=1 s0=fng (2684,2728)* [filtered=844]
ev: SYN code=0
cnt=1 s0=fng (2684,2728)* [filtered=844]
ev: SYN code=0
cnt=1 s0=fng (2684,2728)* [filtered=844]
ev: SYN code=0
cnt=1 s0=fng (2684,2728)* [filtered=844]
ev: SYN code=0
cnt=1 s0=fng (2684,2728)* [filtered=844]
ev: SYN code=0
cnt=1 s0=fng (2684,2728)* [filtered=844]
ev: SYN code=0
cnt=1 s0=fng (2684,2728)* [filtered=844]
ev: SYN code=0
cnt=1 s0=fng (2684,2728)* [filtered=844]
ev: KEY code=0x110 val=0
ev: SYN code=0
cnt=1 s0=fng (2684,2728)* [filtered=844]
ev: SYN code=0
cnt=1 s0=fng (2684,2728)* [filtered=844]
ev: SYN code=0
cnt=1 s0=fng (2684,2728)* [filtered=844]
ev: SYN code=0
cnt=1 s0=fng (2684,2728)* [filtered=844]
ev: SYN code=0
cnt=1 s0=fng (2684,2728)* [filtered=844]
ev: SYN code=0
cnt=1 s0=fng (2684,2728)* [filtered=844]
ev: ABS code=53 val=2685 (slot=0)
ev: ABS code=0 val=2685 (slot=0)
ev: SYN code=0
cnt=1 s0=fng (2685,2728)* [filtered=844]
ev: ABS code=54 val=2729 (slot=0)
ev: ABS code=1 val=2729 (slot=0)
ev: SYN code=0
cnt=1 s0=fng (2685,2729)* [filtered=844]
ev: SYN code=0
cnt=1 s0=fng (2685,2729)* [filtered=844]
ev: ABS code=53 val=2686 (slot=0)
ev: ABS code=54 val=2730 (slot=0)
ev: ABS code=0 val=2686 (slot=0)
ev: ABS code=1 val=2730 (slot=0)
ev: SYN code=0
cnt=1 s0=fng (2686,2730)* [filtered=844]
ev: ABS code=53 val=2687 (slot=0)
ev: ABS code=0 val=2687 (slot=0)
ev: SYN code=0
cnt=1 s0=fng (2687,2730)* [filtered=844]
ev: ABS code=57 val=-1 (slot=0)
ev: KEY code=0x14a val=0
ev: KEY code=0x145 val=0
ev: SYN code=0
ev: KEY code=0x110 val=1
click: x=2381 -> zone=0x112
ev: SYN code=0
ev: SYN code=0
ev: ABS code=57 val=114 (slot=0)
ev: ABS code=53 val=4661 (slot=0)
ev: ABS code=54 val=2904 (slot=0)
ev: KEY code=0x14a val=1
ev: KEY code=0x145 val=1
ev: ABS code=0 val=4661 (slot=0)
ev: ABS code=1 val=2904 (slot=0)
ev: SYN code=0
cnt=1 s0=fng (4661,2904) [filtered=844]
ev: SYN code=0
cnt=1 s0=fng (4661,2904) [filtered=844]
ev: SYN code=0
cnt=1 s0=fng (4661,2904) [filtered=844]
ev: SYN code=0
cnt=1 s0=fng (4661,2904) [filtered=844]
ev: SYN code=0
cnt=1 s0=fng (4661,2904) [filtered=844]
ev: SYN code=0
cnt=1 s0=fng (4661,2904) [filtered=844]
ev: SYN code=0
cnt=1 s0=fng (4661,2904) [filtered=844]
ev: SYN code=0
cnt=1 s0=fng (4661,2904) [filtered=844]
ev: SYN code=0
cnt=1 s0=fng (4661,2904) [filtered=844]
ev: SYN code=0
cnt=1 s0=fng (4661,2904) [filtered=844]
ev: SYN code=0
cnt=1 s0=fng (4661,2904) [filtered=844]
ev: SYN code=0
cnt=1 s0=fng (4661,2904) [filtered=844]
ev: SYN code=0
cnt=1 s0=fng (4661,2904) [filtered=844]
ev: SYN code=0
cnt=1 s0=fng (4661,2904) [filtered=844]
ev: SYN code=0
cnt=1 s0=fng (4661,2904) [filtered=844]
ev: SYN code=0
cnt=1 s0=fng (4661,2904) [filtered=844]
ev: SYN code=0
cnt=1 s0=fng (4661,2904) [filtered=844]
ev: SYN code=0
cnt=1 s0=fng (4661,2904) [filtered=844]
ev: SYN code=0
cnt=1 s0=fng (4661,2904) [filtered=844]
ev: SYN code=0
cnt=1 s0=fng (4661,2904) [filtered=844]
ev: ABS code=53 val=4662 (slot=0)
ev: KEY code=0x110 val=0
ev: ABS code=0 val=4662 (slot=0)
ev: SYN code=0
cnt=1 s0=fng (4662,2904)* [filtered=844]
ev: ABS code=53 val=4663 (slot=0)
ev: ABS code=0 val=4663 (slot=0)
ev: SYN code=0
cnt=1 s0=fng (4663,2904)* [filtered=844]
ev: SYN code=0
cnt=1 s0=fng (4663,2904)* [filtered=844]
ev: ABS code=53 val=4665 (slot=0)
ev: ABS code=0 val=4665 (slot=0)
ev: SYN code=0
cnt=1 s0=fng (4665,2904)* [filtered=844]
ev: ABS code=53 val=4667 (slot=0)
ev: ABS code=0 val=4667 (slot=0)
ev: SYN code=0
cnt=1 s0=fng (4667,2904)* [filtered=844]
ev: ABS code=53 val=4671 (slot=0)
ev: ABS code=0 val=4671 (slot=0)
ev: SYN code=0
cnt=1 s0=fng (4671,2904) [filtered=844]
ev: ABS code=57 val=-1 (slot=0)
ev: KEY code=0x14a val=0
ev: KEY code=0x145 val=0
ev: SYN code=0
