touchpad: x[0..4762] y[0..3099] res=32,32 slots=5
palm: bottom_zone=1200 edge_left=476 edge_right=4285 spread=400
virtual device created: ASUF1209 Palm Filtered Touchpad
grabbed source device (exclusive)
cnt=1 s0=fng (404,2872) [filtered=0]
cnt=1 s0=fng (404,2872) [filtered=0]
cnt=1 s0=fng (404,2872) [filtered=0]
cnt=1 s0=fng (404,2872) [filtered=0]
cnt=1 s0=fng (404,2872) [filtered=0]
cnt=1 s0=fng (404,2872) [filtered=0]
cnt=1 s0=fng (405,2872) [filtered=0]
cnt=1 s0=fng (405,2872) [filtered=0]
cnt=1 s0=fng (405,2872) [filtered=0]
cnt=1 s0=fng (405,2872) [filtered=0]
cnt=1 s0=fng (405,2872) [filtered=0]
cnt=1 s0=fng (405,2872) [filtered=0]
cnt=1 s0=fng (405,2872) [filtered=0]
cnt=1 s0=fng (405,2872) [filtered=0]
cnt=1 s0=fng (405,2872) [filtered=0]
cnt=1 s0=fng (406,2872) [filtered=0]
click: x=406 -> zone=0x110
cnt=1 s0=fng (406,2872) [filtered=0]
cnt=1 s0=fng (406,2872) [filtered=0]
cnt=1 s0=fng (406,2872) [filtered=0]
cnt=1 s0=fng (407,2872) [filtered=0]
cnt=1 s0=fng (408,2872)* [filtered=0]
cnt=1 s0=fng (408,2872)* [filtered=0]
cnt=1 s0=fng (408,2872)* [filtered=0]
cnt=1 s0=fng (409,2872)* [filtered=0]
cnt=1 s0=fng (409,2872)* [filtered=0]
cnt=1 s0=fng (410,2872)* [filtered=0]
cnt=1 s0=fng (410,2872)* [filtered=0]
cnt=1 s0=fng (410,2872)* [filtered=0]
cnt=1 s0=fng (411,2872)* [filtered=0]
cnt=1 s0=fng (412,2872)* [filtered=0]
cnt=1 s0=fng (413,2872)* [filtered=0]
cnt=1 s0=fng (413,2872)* [filtered=0]
cnt=1 s0=fng (414,2872)* [filtered=0]
cnt=1 s0=fng (415,2872)* [filtered=0]
cnt=1 s0=fng (416,2872)* [filtered=0]
cnt=1 s0=fng (416,2872)* [filtered=0]
cnt=1 s0=fng (417,2872)* [filtered=0]
cnt=1 s0=fng (417,2872)* [filtered=0]
cnt=1 s0=fng (418,2872)* [filtered=0]
cnt=1 s0=fng (418,2872)* [filtered=0]
cnt=1 s0=fng (418,2872)* [filtered=0]
cnt=1 s0=fng (419,2872)* [filtered=0]
cnt=1 s0=fng (419,2872)* [filtered=0]
cnt=1 s0=fng (420,2872)* [filtered=0]
cnt=1 s0=fng (421,2872)* [filtered=0]
cnt=1 s0=fng (421,2872)* [filtered=0]
cnt=1 s0=fng (421,2872)* [filtered=0]
cnt=1 s0=fng (421,2872)* [filtered=0]
cnt=1 s0=fng (421,2872)* [filtered=0]
cnt=1 s0=fng (421,2872)* [filtered=0]
cnt=1 s0=fng (421,2872)* [filtered=0]
cnt=1 s0=fng (421,2872)* [filtered=0]
cnt=1 s0=fng (421,2872)* [filtered=0]
cnt=1 s0=fng (421,2872)* [filtered=0]
cnt=1 s0=fng (421,2872)* [filtered=0]
cnt=1 s0=fng (420,2872)* [filtered=0]
cnt=1 s0=fng (419,2872)* [filtered=0]
cnt=1 s0=fng (418,2873)* [filtered=0]
cnt=1 s0=fng (417,2873)* [filtered=0]
cnt=1 s0=fng (417,2873)* [filtered=0]
cnt=1 s0=fng (416,2874)* [filtered=0]
cnt=1 s0=fng (414,2874)* [filtered=0]
cnt=1 s0=fng (413,2875)* [filtered=0]
cnt=1 s0=fng (412,2875)* [filtered=0]
cnt=1 s0=fng (411,2875)* [filtered=0]
cnt=1 s0=fng (409,2876)* [filtered=0]
cnt=1 s0=fng (407,2877)* [filtered=0]
cnt=1 s0=fng (405,2878)* [filtered=0]
cnt=1 s0=fng (404,2879)* [filtered=0]
cnt=1 s0=fng (403,2880)* [filtered=0]
cnt=1 s0=fng (402,2881)* [filtered=0]
cnt=1 s0=fng (401,2882)* [filtered=0]
cnt=1 s0=fng (400,2884)* [filtered=0]
cnt=1 s0=fng (400,2885)* [filtered=0]
cnt=1 s0=fng (399,2886)* [filtered=0]
cnt=1 s0=fng (4306,2625) [filtered=0]
cnt=1 s0=fng (4306,2625) [filtered=0]
cnt=1 s0=fng (4306,2625) [filtered=0]
cnt=1 s0=fng (4306,2625) [filtered=0]
cnt=1 s0=fng (4306,2625) [filtered=0]
cnt=1 s0=fng (4306,2625) [filtered=0]
cnt=1 s0=fng (4306,2625) [filtered=0]
cnt=1 s0=fng (4306,2625) [filtered=0]
cnt=1 s0=fng (4306,2625) [filtered=0]
cnt=1 s0=fng (4306,2625) [filtered=0]
cnt=1 s0=fng (4306,2625) [filtered=0]
cnt=1 s0=fng (4306,2626) [filtered=0]
cnt=1 s0=fng (4306,2626) [filtered=0]
cnt=1 s0=fng (4306,2626) [filtered=0]
cnt=1 s0=fng (4306,2627) [filtered=0]
cnt=1 s0=fng (4306,2628) [filtered=0]
cnt=1 s0=fng (4306,2628) [filtered=0]
cnt=1 s0=fng (4306,2628) [filtered=0]
cnt=1 s0=fng (4306,2628) [filtered=0]
cnt=1 s0=fng (4306,2628) [filtered=0]
cnt=1 s0=fng (4306,2629)* [filtered=0]
cnt=1 s0=fng (4306,2629)* [filtered=0]
cnt=1 s0=fng (4306,2629)* [filtered=0]
cnt=1 s0=fng (4306,2630)* [filtered=0]
cnt=1 s0=fng (4306,2630)* [filtered=0]
cnt=1 s0=fng (4306,2631)* [filtered=0]
cnt=1 s0=fng (4306,2631)* [filtered=0]
cnt=1 s0=fng (4306,2632)* [filtered=0]
cnt=1 s0=fng (4306,2632)* [filtered=0]
cnt=1 s0=fng (4306,2633)* [filtered=0]
cnt=1 s0=fng (4306,2633)* [filtered=0]
cnt=1 s0=fng (4306,2633)* [filtered=0]
cnt=1 s0=fng (4306,2634)* [filtered=0]
cnt=1 s0=fng (4306,2634)* [filtered=0]
cnt=1 s0=fng (4306,2635)* [filtered=0]
cnt=1 s0=fng (4306,2635)* [filtered=0]
cnt=1 s0=fng (4306,2636)* [filtered=0]
cnt=1 s0=fng (4306,2636)* [filtered=0]
cnt=1 s0=fng (4307,2636)* [filtered=0]
cnt=1 s0=fng (4307,2636)* [filtered=0]
cnt=1 s0=fng (4307,2636)* [filtered=0]
click: x=4307 -> zone=0x111
cnt=1 s0=fng (4307,2636)* [filtered=0]
cnt=1 s0=fng (4307,2636)* [filtered=0]
cnt=1 s0=fng (4307,2636)* [filtered=0]
cnt=1 s0=fng (4307,2636)* [filtered=0]
cnt=1 s0=fng (4307,2636)* [filtered=0]
cnt=1 s0=fng (4307,2636)* [filtered=0]
cnt=1 s0=fng (4307,2636)* [filtered=0]
cnt=1 s0=fng (4307,2636)* [filtered=0]
cnt=1 s0=fng (4307,2636)* [filtered=0]
cnt=1 s0=fng (4307,2636)* [filtered=0]
cnt=1 s0=fng (4307,2636)* [filtered=0]
cnt=1 s0=fng (4307,2636)* [filtered=0]
cnt=1 s0=fng (4307,2636)* [filtered=0]
cnt=1 s0=fng (4307,2636)* [filtered=0]
cnt=1 s0=fng (4307,2636)* [filtered=0]
cnt=1 s0=fng (4307,2636)* [filtered=0]
cnt=1 s0=fng (4307,2636)* [filtered=0]
cnt=1 s0=fng (4307,2636)* [filtered=0]
cnt=1 s0=fng (4307,2636)* [filtered=0]
cnt=1 s0=fng (4307,2636)* [filtered=0]
cnt=1 s0=fng (4307,2636)* [filtered=0]
cnt=1 s0=fng (4307,2636)* [filtered=0]
cnt=1 s0=fng (4307,2636)* [filtered=0]
cnt=1 s0=fng (4307,2636)* [filtered=0]
cnt=1 s0=fng (4307,2636)* [filtered=0]
cnt=1 s0=fng (4307,2636)* [filtered=0]
cnt=1 s0=fng (4307,2636)* [filtered=0]
cnt=1 s0=fng (4307,2636)* [filtered=0]
cnt=1 s0=fng (4307,2636)* [filtered=0]
cnt=1 s0=fng (4307,2636)* [filtered=0]
cnt=1 s0=fng (4307,2636)* [filtered=0]
cnt=1 s0=fng (4307,2636)* [filtered=0]
cnt=1 s0=fng (4307,2636)* [filtered=0]
cnt=1 s0=fng (4307,2636)* [filtered=0]
cnt=1 s0=fng (4307,2636)* [filtered=0]
cnt=1 s0=fng (4307,2636)* [filtered=0]
cnt=1 s0=fng (4307,2636)* [filtered=0]
cnt=1 s0=fng (4307,2636)* [filtered=0]
cnt=1 s0=fng (4307,2636)* [filtered=0]
cnt=1 s0=fng (4307,2636)* [filtered=0]
cnt=1 s0=fng (4307,2636)* [filtered=0]
cnt=1 s0=fng (4307,2637)* [filtered=0]
cnt=1 s0=fng (4307,2637)* [filtered=0]
cnt=1 s0=fng (4307,2638)* [filtered=0]
cnt=1 s0=fng (4307,2638)* [filtered=0]
cnt=1 s0=fng (4307,2639)* [filtered=0]
cnt=1 s0=fng (4307,2639)* [filtered=0]
cnt=1 s0=fng (4307,2640)* [filtered=0]
cnt=1 s0=fng (4307,2640)* [filtered=0]
cnt=1 s0=fng (4307,2641)* [filtered=0]
cnt=1 s0=fng (4307,2641)* [filtered=0]
cnt=1 s0=fng (4307,2641)* [filtered=0]
cnt=1 s0=fng (4307,2642)* [filtered=0]
cnt=1 s0=fng (4307,2643)* [filtered=0]
cnt=1 s0=fng (4307,2643)* [filtered=0]
cnt=1 s0=fng (4307,2643)* [filtered=0]
cnt=1 s0=fng (4307,2643)* [filtered=0]
cnt=1 s0=fng (4307,2643)* [filtered=0]
cnt=1 s0=fng (4307,2643)* [filtered=0]
cnt=1 s0=fng (4307,2643)* [filtered=0]
cnt=1 s0=fng (4307,2643)* [filtered=0]
cnt=1 s0=fng (4307,2643)* [filtered=0]
cnt=1 s0=fng (4307,2643)* [filtered=0]
cnt=1 s0=fng (4307,2643)* [filtered=0]
cnt=1 s0=fng (4307,2643)* [filtered=0]
cnt=1 s0=fng (4307,2643)* [filtered=0]
cnt=1 s0=fng (4307,2643)* [filtered=0]
cnt=1 s0=fng (4307,2643)* [filtered=0]
cnt=1 s0=fng (4307,2643)* [filtered=0]
cnt=1 s0=fng (4307,2643)* [filtered=0]
cnt=1 s0=fng (4307,2643)* [filtered=0]
cnt=1 s0=fng (4307,2643)* [filtered=0]
cnt=1 s0=fng (4307,2643)* [filtered=0]
cnt=1 s0=fng (4307,2643)* [filtered=0]
cnt=1 s0=fng (4307,2643)* [filtered=0]
cnt=1 s0=fng (4307,2643)* [filtered=0]
cnt=1 s0=fng (4307,2643)* [filtered=0]
cnt=1 s0=fng (4307,2643)* [filtered=0]
cnt=1 s0=fng (4307,2643)* [filtered=0]
cnt=1 s0=fng (4307,2643)* [filtered=0]
cnt=1 s0=fng (4307,2643)* [filtered=0]
cnt=1 s0=fng (4307,2643)* [filtered=0]
cnt=1 s0=fng (4307,2643)* [filtered=0]
cnt=1 s0=fng (4307,2643)* [filtered=0]
cnt=1 s0=fng (4307,2643)* [filtered=0]
cnt=1 s0=fng (4307,2643)* [filtered=0]
cnt=1 s0=fng (4307,2643)* [filtered=0]
cnt=1 s0=fng (4307,2643)* [filtered=0]
cnt=1 s0=fng (4307,2643)* [filtered=0]
cnt=1 s0=fng (4307,2643)* [filtered=0]
cnt=1 s0=fng (4307,2643)* [filtered=0]
click: x=4307 -> zone=0x111
cnt=1 s0=fng (4307,2643)* [filtered=0]
cnt=1 s0=fng (4307,2643)* [filtered=0]
cnt=1 s0=fng (4307,2643)* [filtered=0]
cnt=1 s0=fng (4307,2643)* [filtered=0]
cnt=1 s0=fng (4307,2643)* [filtered=0]
cnt=1 s0=fng (4307,2643)* [filtered=0]
cnt=1 s0=fng (4307,2643)* [filtered=0]
cnt=1 s0=fng (4307,2643)* [filtered=0]
cnt=1 s0=fng (4307,2643)* [filtered=0]
cnt=1 s0=fng (4307,2643)* [filtered=0]
cnt=1 s0=fng (4307,2643)* [filtered=0]
cnt=1 s0=fng (4307,2643)* [filtered=0]
cnt=1 s0=fng (4307,2643)* [filtered=0]
cnt=1 s0=fng (4307,2643)* [filtered=0]
cnt=1 s0=fng (4307,2643)* [filtered=0]
cnt=1 s0=fng (4307,2643)* [filtered=0]
cnt=1 s0=fng (4307,2643)* [filtered=0]
cnt=1 s0=fng (4307,2643)* [filtered=0]
cnt=1 s0=fng (4307,2643)* [filtered=0]
cnt=1 s0=fng (4307,2643)* [filtered=0]
cnt=1 s0=fng (4307,2643)* [filtered=0]
cnt=1 s0=fng (4307,2643)* [filtered=0]
cnt=1 s0=fng (4307,2643)* [filtered=0]
cnt=1 s0=fng (4307,2643)* [filtered=0]
cnt=1 s0=fng (4307,2643)* [filtered=0]
cnt=1 s0=fng (4307,2643)* [filtered=0]
cnt=1 s0=fng (4307,2643)* [filtered=0]
cnt=1 s0=fng (4307,2643)* [filtered=0]
cnt=1 s0=fng (4307,2643)* [filtered=0]
cnt=1 s0=fng (4307,2643)* [filtered=0]
cnt=1 s0=fng (4307,2643)* [filtered=0]
cnt=1 s0=fng (4307,2643)* [filtered=0]
cnt=1 s0=fng (4307,2643)* [filtered=0]
cnt=1 s0=fng (4307,2643)* [filtered=0]
cnt=1 s0=fng (4307,2643)* [filtered=0]
cnt=1 s0=fng (4307,2643)* [filtered=0]
cnt=1 s0=fng (4307,2643)* [filtered=0]
cnt=1 s0=fng (4307,2643)* [filtered=0]
cnt=1 s0=fng (4307,2643)* [filtered=0]
cnt=1 s0=fng (4307,2643)* [filtered=0]
cnt=1 s0=fng (4307,2643)* [filtered=0]
cnt=1 s0=fng (4307,2643)* [filtered=0]
cnt=1 s0=fng (4307,2643)* [filtered=0]
cnt=1 s0=fng (4307,2643)* [filtered=0]
cnt=1 s0=fng (4306,2643)* [filtered=0]
cnt=1 s0=fng (4306,2643)* [filtered=0]
cnt=1 s0=fng (4305,2643)* [filtered=0]
cnt=1 s0=fng (4305,2643)* [filtered=0]
cnt=1 s0=fng (4304,2643)* [filtered=0]
click: x=4304 -> zone=0x111
cnt=1 s0=fng (4304,2643)* [filtered=0]
cnt=1 s0=fng (4304,2643)* [filtered=0]
cnt=1 s0=fng (4303,2643)* [filtered=0]
cnt=1 s0=fng (4303,2643)* [filtered=0]
cnt=1 s0=fng (4303,2643)* [filtered=0]
cnt=1 s0=fng (4303,2643)* [filtered=0]
cnt=1 s0=fng (4303,2643)* [filtered=0]
cnt=1 s0=fng (4303,2643)* [filtered=0]
cnt=1 s0=fng (4303,2643)* [filtered=0]
cnt=1 s0=fng (4303,2643)* [filtered=0]
cnt=1 s0=fng (4303,2643)* [filtered=0]
cnt=1 s0=fng (4303,2643)* [filtered=0]
cnt=1 s0=fng (4303,2643)* [filtered=0]
cnt=1 s0=fng (4303,2643)* [filtered=0]
cnt=1 s0=fng (4303,2643)* [filtered=0]
cnt=1 s0=fng (4303,2643)* [filtered=0]
cnt=1 s0=fng (4303,2643)* [filtered=0]
cnt=1 s0=fng (4303,2643)* [filtered=0]
cnt=1 s0=fng (4303,2643)* [filtered=0]
cnt=1 s0=fng (4303,2643)* [filtered=0]
cnt=1 s0=fng (4303,2643)* [filtered=0]
cnt=1 s0=fng (4303,2643)* [filtered=0]
cnt=1 s0=fng (4303,2643)* [filtered=0]
cnt=1 s0=fng (4303,2643)* [filtered=0]
cnt=1 s0=fng (4303,2643)* [filtered=0]
cnt=1 s0=fng (4303,2643)* [filtered=0]
cnt=1 s0=fng (4302,2643)* [filtered=0]
cnt=1 s0=fng (4302,2643)* [filtered=0]
cnt=1 s0=fng (4301,2643)* [filtered=0]
cnt=1 s0=fng (4301,2643)* [filtered=0]
cnt=1 s0=fng (4300,2643)* [filtered=0]
cnt=1 s0=fng (4299,2643)* [filtered=0]
cnt=1 s0=fng (4298,2644)* [filtered=0]
cnt=1 s0=fng (4297,2644)* [filtered=0]
cnt=1 s0=fng (4295,2646) [filtered=0]
cnt=1 s0=fng (4292,2648) [filtered=0]
cnt=1 s0=fng (4289,2650) [filtered=0]
cnt=1 s0=fng (4286,2653) [filtered=0]
cnt=1 s0=fng (2671,2900) [filtered=0]
click: x=2670 -> zone=0x112
cnt=1 s0=fng (2670,2900) [filtered=0]
cnt=1 s0=fng (2670,2899) [filtered=0]
cnt=1 s0=fng (2670,2899) [filtered=0]
cnt=1 s0=fng (2669,2898) [filtered=0]
cnt=1 s0=fng (2669,2898) [filtered=0]
cnt=1 s0=fng (2669,2897) [filtered=0]
cnt=1 s0=fng (2669,2897) [filtered=0]
cnt=1 s0=fng (2669,2897) [filtered=0]
cnt=1 s0=fng (2669,2896) [filtered=0]
cnt=1 s0=fng (2669,2896) [filtered=0]
cnt=1 s0=fng (2669,2895) [filtered=0]
cnt=1 s0=fng (2669,2895) [filtered=0]
cnt=1 s0=fng (2669,2894) [filtered=0]
cnt=1 s0=fng (2670,2894) [filtered=0]
cnt=1 s0=fng (2670,2894) [filtered=0]
cnt=1 s0=fng (2670,2894) [filtered=0]
cnt=1 s0=fng (2670,2894) [filtered=0]
cnt=1 s0=fng (2670,2893) [filtered=0]
cnt=1 s0=fng (2671,2893) [filtered=0]
cnt=1 s0=fng (2671,2893)* [filtered=0]
cnt=1 s0=fng (2672,2893)* [filtered=0]
cnt=1 s0=fng (2672,2893)* [filtered=0]
cnt=1 s0=fng (2672,2893)* [filtered=0]
cnt=1 s0=fng (2672,2893)* [filtered=0]
cnt=1 s0=fng (2672,2893)* [filtered=0]
cnt=1 s0=fng (2672,2893)* [filtered=0]
cnt=1 s0=fng (2673,2893)* [filtered=0]
cnt=1 s0=fng (2673,2893)* [filtered=0]
cnt=1 s0=fng (2673,2893)* [filtered=0]
cnt=1 s0=fng (2673,2893)* [filtered=0]
cnt=1 s0=fng (2673,2893)* [filtered=0]
cnt=1 s0=fng (2673,2893)* [filtered=0]
cnt=1 s0=fng (2673,2893)* [filtered=0]
cnt=1 s0=fng (2672,2892)* [filtered=0]
cnt=1 s0=fng (2672,2892)* [filtered=0]
cnt=1 s0=fng (2672,2892)* [filtered=0]
cnt=1 s0=fng (2671,2891)* [filtered=0]
cnt=1 s0=fng (2671,2890)* [filtered=0]
cnt=1 s0=fng (2670,2890)* [filtered=0]
cnt=1 s0=fng (2670,2889)* [filtered=0]
cnt=1 s0=fng (2670,2889)* [filtered=0]
cnt=1 s0=fng (2669,2889)* [filtered=0]
cnt=1 s0=fng (2669,2888)* [filtered=0]
cnt=1 s0=fng (2669,2888)* [filtered=0]
cnt=1 s0=fng (2669,2888)* [filtered=0]
cnt=1 s0=fng (2669,2887)* [filtered=0]
cnt=1 s0=fng (2669,2886)* [filtered=0]
cnt=1 s0=fng (2669,2886)* [filtered=0]
cnt=1 s0=fng (2669,2885)* [filtered=0]
cnt=1 s0=fng (2669,2885)* [filtered=0]
cnt=1 s0=fng (2669,2885)* [filtered=0]
cnt=1 s0=fng (2669,2885)* [filtered=0]
cnt=1 s0=fng (2669,2885)* [filtered=0]
cnt=1 s0=fng (2669,2885)* [filtered=0]
cnt=1 s0=fng (2669,2885)* [filtered=0]
cnt=1 s0=fng (2669,2885)* [filtered=0]
cnt=1 s0=fng (2669,2885)* [filtered=0]
cnt=1 s0=fng (2669,2885)* [filtered=0]
cnt=1 s0=fng (2669,2885)* [filtered=0]
cnt=1 s0=fng (2669,2885)* [filtered=0]
cnt=1 s0=fng (2669,2885)* [filtered=0]
cnt=1 s0=fng (2669,2885)* [filtered=0]
cnt=1 s0=fng (2669,2885)* [filtered=0]
cnt=1 s0=fng (2669,2885)* [filtered=0]
cnt=1 s0=fng (2669,2885)* [filtered=0]
cnt=1 s0=fng (2669,2885)* [filtered=0]
cnt=1 s0=fng (2669,2885)* [filtered=0]
cnt=1 s0=fng (2669,2885)* [filtered=0]
cnt=1 s0=fng (2669,2885)* [filtered=0]
cnt=1 s0=fng (2669,2885)* [filtered=0]
cnt=1 s0=fng (2669,2885)* [filtered=0]
cnt=1 s0=fng (2669,2885)* [filtered=0]
cnt=1 s0=fng (2669,2885)* [filtered=0]
cnt=1 s0=fng (2669,2885)* [filtered=0]
cnt=1 s0=fng (2669,2885)* [filtered=0]
cnt=1 s0=fng (2669,2885)* [filtered=0]
cnt=1 s0=fng (2669,2885)* [filtered=0]
click: x=2669 -> zone=0x112
cnt=1 s0=fng (2669,2885)* [filtered=0]
cnt=1 s0=fng (2670,2885)* [filtered=0]
cnt=1 s0=fng (2670,2885)* [filtered=0]
cnt=1 s0=fng (2670,2885)* [filtered=0]
cnt=1 s0=fng (2671,2885)* [filtered=0]
cnt=1 s0=fng (2671,2885)* [filtered=0]
cnt=1 s0=fng (2671,2885)* [filtered=0]
cnt=1 s0=fng (2672,2885)* [filtered=0]
cnt=1 s0=fng (2672,2885)* [filtered=0]
cnt=1 s0=fng (2672,2885)* [filtered=0]
cnt=1 s0=fng (2673,2885)* [filtered=0]
cnt=1 s0=fng (2674,2885)* [filtered=0]
cnt=1 s0=fng (2674,2885)* [filtered=0]
cnt=1 s0=fng (2674,2885)* [filtered=0]
cnt=1 s0=fng (2674,2885)* [filtered=0]
cnt=1 s0=fng (2674,2885)* [filtered=0]
cnt=1 s0=fng (2674,2885)* [filtered=0]
cnt=1 s0=fng (2674,2885)* [filtered=0]
cnt=1 s0=fng (2674,2885)* [filtered=0]
cnt=1 s0=fng (2674,2885)* [filtered=0]
cnt=1 s0=fng (2674,2885)* [filtered=0]
cnt=1 s0=fng (2674,2885)* [filtered=0]
cnt=1 s0=fng (2674,2885)* [filtered=0]
cnt=1 s0=fng (2674,2885)* [filtered=0]
cnt=1 s0=fng (2674,2885)* [filtered=0]
cnt=1 s0=fng (2674,2885)* [filtered=0]
cnt=1 s0=fng (2674,2885)* [filtered=0]
cnt=1 s0=fng (2674,2885)* [filtered=0]
cnt=1 s0=fng (2674,2885)* [filtered=0]
cnt=1 s0=fng (2674,2886)* [filtered=0]
cnt=1 s0=fng (2674,2886)* [filtered=0]
cnt=1 s0=fng (2674,2886)* [filtered=0]
cnt=1 s0=fng (2674,2887)* [filtered=0]
cnt=1 s0=fng (2674,2887)* [filtered=0]
cnt=1 s0=fng (2674,2887)* [filtered=0]
cnt=1 s0=fng (2674,2888)* [filtered=0]
cnt=1 s0=fng (2674,2888)* [filtered=0]
cnt=1 s0=fng (2674,2888)* [filtered=0]
cnt=1 s0=fng (2674,2888)* [filtered=0]
cnt=1 s0=fng (2674,2888)* [filtered=0]
cnt=1 s0=fng (2674,2888)* [filtered=0]
cnt=1 s0=fng (2674,2888)* [filtered=0]
cnt=1 s0=fng (2674,2888)* [filtered=0]
cnt=1 s0=fng (2674,2888)* [filtered=0]
cnt=1 s0=fng (2674,2888)* [filtered=0]
click: x=2674 -> zone=0x112
cnt=1 s0=fng (2674,2888)* [filtered=0]
cnt=1 s0=fng (2674,2888)* [filtered=0]
cnt=1 s0=fng (2674,2888)* [filtered=0]
cnt=1 s0=fng (2674,2888)* [filtered=0]
cnt=1 s0=fng (2674,2888)* [filtered=0]
cnt=1 s0=fng (2674,2888)* [filtered=0]
cnt=1 s0=fng (2674,2888)* [filtered=0]
cnt=1 s0=fng (2674,2888)* [filtered=0]
cnt=1 s0=fng (2674,2888)* [filtered=0]
cnt=1 s0=fng (2674,2888)* [filtered=0]
cnt=1 s0=fng (2674,2888)* [filtered=0]
cnt=1 s0=fng (2674,2888)* [filtered=0]
cnt=1 s0=fng (2674,2888)* [filtered=0]
cnt=1 s0=fng (2674,2888)* [filtered=0]
cnt=1 s0=fng (2674,2888)* [filtered=0]
cnt=1 s0=fng (2674,2888)* [filtered=0]
cnt=1 s0=fng (2674,2888)* [filtered=0]
cnt=1 s0=fng (2674,2888)* [filtered=0]
cnt=1 s0=fng (2674,2888)* [filtered=0]
cnt=1 s0=fng (2673,2888)* [filtered=0]
cnt=1 s0=fng (2672,2888)* [filtered=0]
cnt=1 s0=fng (2672,2888)* [filtered=0]
cnt=1 s0=fng (2672,2888)* [filtered=0]
cnt=1 s0=fng (2671,2888)* [filtered=0]
cnt=1 s0=fng (2671,2888)* [filtered=0]
cnt=1 s0=fng (2671,2888)* [filtered=0]
cnt=1 s0=fng (2670,2888)* [filtered=0]
cnt=1 s0=fng (2670,2888)* [filtered=0]
cnt=1 s0=fng (2669,2888)* [filtered=0]
cnt=1 s0=fng (2094,2979) [filtered=0]
cnt=1 s0=fng (2094,2979) [filtered=0]
cnt=1 s0=fng (2094,2979) [filtered=0]
cnt=1 s0=fng (2094,2979) [filtered=0]
cnt=1 s0=fng (2094,2979) [filtered=0]
cnt=1 s0=fng (2094,2979) [filtered=0]
cnt=1 s0=fng (2094,2979) [filtered=0]
cnt=1 s0=fng (2093,2979) [filtered=0]
cnt=1 s0=fng (2092,2979) [filtered=0]
cnt=1 s0=fng (2092,2979) [filtered=0]
cnt=1 s0=fng (2091,2979) [filtered=0]
cnt=1 s0=fng (2091,2979) [filtered=0]
cnt=1 s0=fng (2091,2979) [filtered=0]
click: x=2090 -> zone=0x112
cnt=1 s0=fng (2090,2979) [filtered=0]
cnt=1 s0=fng (2090,2979) [filtered=0]
cnt=1 s0=fng (2089,2979) [filtered=0]
cnt=1 s0=fng (2089,2979) [filtered=0]
cnt=1 s0=fng (2089,2979) [filtered=0]
cnt=1 s0=fng (2088,2979) [filtered=0]
cnt=1 s0=fng (2087,2979) [filtered=0]
cnt=1 s0=fng (2087,2979)* [filtered=0]
cnt=1 s0=fng (2087,2979)* [filtered=0]
cnt=1 s0=fng (2086,2979)* [filtered=0]
cnt=1 s0=fng (2086,2979)* [filtered=0]
cnt=1 s0=fng (2085,2979)* [filtered=0]
cnt=1 s0=fng (2085,2979)* [filtered=0]
cnt=1 s0=fng (2085,2979)* [filtered=0]
cnt=1 s0=fng (2084,2978)* [filtered=0]
cnt=1 s0=fng (2083,2977)* [filtered=0]
cnt=1 s0=fng (2082,2976)* [filtered=0]
cnt=1 s0=fng (2081,2975)* [filtered=0]
cnt=1 s0=fng (2081,2974)* [filtered=0]
cnt=1 s0=fng (2080,2973)* [filtered=0]
cnt=1 s0=fng (2079,2973)* [filtered=0]
cnt=1 s0=fng (2079,2973)* [filtered=0]
cnt=1 s0=fng (2079,2972)* [filtered=0]
cnt=1 s0=fng (2078,2972)* [filtered=0]
cnt=1 s0=fng (2078,2972)* [filtered=0]
cnt=1 s0=fng (2078,2972)* [filtered=0]
cnt=1 s0=fng (2078,2972)* [filtered=0]
cnt=1 s0=fng (2078,2972)* [filtered=0]
cnt=1 s0=fng (2078,2972)* [filtered=0]
cnt=1 s0=fng (2078,2972)* [filtered=0]
cnt=1 s0=fng (2078,2972)* [filtered=0]
cnt=1 s0=fng (2078,2972)* [filtered=0]
cnt=1 s0=fng (2078,2972)* [filtered=0]
cnt=1 s0=fng (2078,2972)* [filtered=0]
cnt=1 s0=fng (2078,2972)* [filtered=0]
cnt=1 s0=fng (2078,2972)* [filtered=0]
cnt=1 s0=fng (2078,2972)* [filtered=0]
cnt=1 s0=fng (2078,2972)* [filtered=0]
cnt=1 s0=fng (2078,2972)* [filtered=0]
cnt=1 s0=fng (2078,2972)* [filtered=0]
cnt=1 s0=fng (2078,2972)* [filtered=0]
cnt=1 s0=fng (2078,2972)* [filtered=0]
cnt=1 s0=fng (2078,2972)* [filtered=0]
cnt=1 s0=fng (2078,2972)* [filtered=0]
cnt=1 s0=fng (2078,2972)* [filtered=0]
cnt=1 s0=fng (2078,2972)* [filtered=0]
cnt=1 s0=fng (2078,2972)* [filtered=0]
cnt=1 s0=fng (2078,2972)* [filtered=0]
click: x=2078 -> zone=0x112
cnt=1 s0=fng (2078,2972)* [filtered=0]
cnt=1 s0=fng (2078,2972)* [filtered=0]
cnt=1 s0=fng (2078,2972)* [filtered=0]
cnt=1 s0=fng (2078,2972)* [filtered=0]
cnt=1 s0=fng (2078,2972)* [filtered=0]
cnt=1 s0=fng (2078,2972)* [filtered=0]
cnt=1 s0=fng (2078,2972)* [filtered=0]
cnt=1 s0=fng (2078,2972)* [filtered=0]
cnt=1 s0=fng (2078,2972)* [filtered=0]
cnt=1 s0=fng (2078,2972)* [filtered=0]
cnt=1 s0=fng (2078,2972)* [filtered=0]
cnt=1 s0=fng (2078,2972)* [filtered=0]
cnt=1 s0=fng (2078,2972)* [filtered=0]
cnt=1 s0=fng (2078,2972)* [filtered=0]
cnt=1 s0=fng (2078,2972)* [filtered=0]
cnt=1 s0=fng (2078,2972)* [filtered=0]
cnt=1 s0=fng (2078,2972)* [filtered=0]
cnt=1 s0=fng (2078,2972)* [filtered=0]
cnt=1 s0=fng (2078,2972)* [filtered=0]
cnt=1 s0=fng (2078,2972)* [filtered=0]
cnt=1 s0=fng (2078,2972)* [filtered=0]
cnt=1 s0=fng (2078,2972)* [filtered=0]
cnt=1 s0=fng (2078,2972)* [filtered=0]
cnt=1 s0=fng (2078,2972)* [filtered=0]
cnt=1 s0=fng (2078,2972)* [filtered=0]
cnt=1 s0=fng (2078,2972)* [filtered=0]
cnt=1 s0=fng (2078,2972)* [filtered=0]
cnt=1 s0=fng (2078,2972)* [filtered=0]
cnt=1 s0=fng (2078,2972)* [filtered=0]
cnt=1 s0=fng (2078,2972)* [filtered=0]
cnt=1 s0=fng (2078,2972)* [filtered=0]
cnt=1 s0=fng (2078,2972)* [filtered=0]
cnt=1 s0=fng (2078,2972)* [filtered=0]
cnt=1 s0=fng (2078,2972)* [filtered=0]
cnt=1 s0=fng (2078,2972)* [filtered=0]
cnt=1 s0=fng (2078,2972)* [filtered=0]
cnt=1 s0=fng (2078,2972)* [filtered=0]
cnt=1 s0=fng (2078,2972)* [filtered=0]
cnt=1 s0=fng (2078,2972)* [filtered=0]
cnt=1 s0=fng (2078,2972)* [filtered=0]
cnt=1 s0=fng (2078,2972)* [filtered=0]
cnt=1 s0=fng (2078,2972)* [filtered=0]
cnt=1 s0=fng (2078,2972)* [filtered=0]
click: x=2078 -> zone=0x112
cnt=1 s0=fng (2078,2972)* [filtered=0]
cnt=1 s0=fng (2078,2972)* [filtered=0]
cnt=1 s0=fng (2078,2972)* [filtered=0]
cnt=1 s0=fng (2078,2971)* [filtered=0]
cnt=1 s0=fng (2078,2971)* [filtered=0]
cnt=1 s0=fng (2078,2971)* [filtered=0]
cnt=1 s0=fng (2078,2971)* [filtered=0]
cnt=1 s0=fng (2078,2971)* [filtered=0]
cnt=1 s0=fng (2078,2971)* [filtered=0]
cnt=1 s0=fng (2078,2971)* [filtered=0]
cnt=1 s0=fng (2078,2971)* [filtered=0]
cnt=1 s0=fng (2078,2971)* [filtered=0]
cnt=1 s0=fng (2078,2971)* [filtered=0]
cnt=1 s0=fng (2078,2971)* [filtered=0]
cnt=1 s0=fng (2078,2971)* [filtered=0]
cnt=1 s0=fng (2078,2970)* [filtered=0]
cnt=1 s0=fng (2078,2969)* [filtered=0]
cnt=1 s0=fng (2078,2969)* [filtered=0]
cnt=1 s0=fng (2078,2969)* [filtered=0]
cnt=1 s0=fng (2078,2969)* [filtered=0]
cnt=1 s0=fng (2078,2969)* [filtered=0]
cnt=1 s0=fng (2078,2969)* [filtered=0]
cnt=1 s0=fng (2078,2969)* [filtered=0]
cnt=1 s0=fng (2078,2969)* [filtered=0]
cnt=1 s0=fng (2078,2969)* [filtered=0]
cnt=1 s0=fng (2078,2969)* [filtered=0]
cnt=1 s0=fng (2079,2970)* [filtered=0]
cnt=1 s0=fng (2080,2971)* [filtered=0]
cnt=1 s0=fng (2082,2972)* [filtered=0]
cnt=1 s0=fng (2083,2973)* [filtered=0]
cnt=1 s0=fng (2084,2974)* [filtered=0]
cnt=1 s0=fng (3352,2886) [filtered=0]
click: x=3352 -> zone=0x111
cnt=1 s0=fng (3352,2886) [filtered=0]
cnt=1 s0=fng (3351,2885) [filtered=0]
cnt=1 s0=fng (3350,2885) [filtered=0]
cnt=1 s0=fng (3349,2884) [filtered=0]
cnt=1 s0=fng (3348,2884) [filtered=0]
cnt=1 s0=fng (3347,2883) [filtered=0]
cnt=1 s0=fng (3346,2883) [filtered=0]
cnt=1 s0=fng (3345,2882) [filtered=0]
cnt=1 s0=fng (3344,2882) [filtered=0]
cnt=1 s0=fng (3344,2882) [filtered=0]
cnt=1 s0=fng (3343,2881) [filtered=0]
cnt=1 s0=fng (3343,2881) [filtered=0]
cnt=1 s0=fng (3342,2880) [filtered=0]
cnt=1 s0=fng (3342,2879) [filtered=0]
cnt=1 s0=fng (3342,2879) [filtered=0]
cnt=1 s0=fng (3342,2879) [filtered=0]
cnt=1 s0=fng (3342,2879) [filtered=0]
cnt=1 s0=fng (3342,2878) [filtered=0]
cnt=1 s0=fng (3342,2878) [filtered=0]
cnt=1 s0=fng (3342,2878)* [filtered=0]
cnt=1 s0=fng (3342,2878)* [filtered=0]
cnt=1 s0=fng (3342,2877)* [filtered=0]
cnt=1 s0=fng (3342,2877)* [filtered=0]
cnt=1 s0=fng (3342,2877)* [filtered=0]
cnt=1 s0=fng (3342,2877)* [filtered=0]
cnt=1 s0=fng (3342,2877)* [filtered=0]
cnt=1 s0=fng (3342,2877)* [filtered=0]
cnt=1 s0=fng (3341,2876)* [filtered=0]
cnt=1 s0=fng (3341,2876)* [filtered=0]
cnt=1 s0=fng (3340,2875)* [filtered=0]
cnt=1 s0=fng (3340,2875)* [filtered=0]
cnt=1 s0=fng (3339,2874)* [filtered=0]
cnt=1 s0=fng (3338,2874)* [filtered=0]
cnt=1 s0=fng (3338,2874)* [filtered=0]
cnt=1 s0=fng (3337,2873)* [filtered=0]
cnt=1 s0=fng (3337,2873)* [filtered=0]
cnt=1 s0=fng (3336,2872)* [filtered=0]
cnt=1 s0=fng (3336,2872)* [filtered=0]
cnt=1 s0=fng (3335,2872)* [filtered=0]
cnt=1 s0=fng (3335,2872)* [filtered=0]
cnt=1 s0=fng (3334,2872)* [filtered=0]
cnt=1 s0=fng (3334,2872)* [filtered=0]
cnt=1 s0=fng (3334,2872)* [filtered=0]
cnt=1 s0=fng (3334,2872)* [filtered=0]
cnt=1 s0=fng (3334,2872)* [filtered=0]
cnt=1 s0=fng (3334,2872)* [filtered=0]
cnt=1 s0=fng (3334,2872)* [filtered=0]
cnt=1 s0=fng (3334,2872)* [filtered=0]
cnt=1 s0=fng (3334,2872)* [filtered=0]
cnt=1 s0=fng (3334,2872)* [filtered=0]
cnt=1 s0=fng (3334,2872)* [filtered=0]
cnt=1 s0=fng (3334,2872)* [filtered=0]
cnt=1 s0=fng (3334,2872)* [filtered=0]
cnt=1 s0=fng (3334,2872)* [filtered=0]
cnt=1 s0=fng (3334,2872)* [filtered=0]
cnt=1 s0=fng (3334,2872)* [filtered=0]
cnt=1 s0=fng (3334,2872)* [filtered=0]
cnt=1 s0=fng (3334,2872)* [filtered=0]
cnt=1 s0=fng (3334,2872)* [filtered=0]
cnt=1 s0=fng (3334,2872)* [filtered=0]
cnt=1 s0=fng (3334,2872)* [filtered=0]
cnt=1 s0=fng (3334,2872)* [filtered=0]
cnt=1 s0=fng (3334,2872)* [filtered=0]
cnt=1 s0=fng (3334,2872)* [filtered=0]
click: x=3334 -> zone=0x111
cnt=1 s0=fng (3334,2872)* [filtered=0]
cnt=1 s0=fng (3334,2872)* [filtered=0]
cnt=1 s0=fng (3334,2872)* [filtered=0]
cnt=1 s0=fng (3334,2872)* [filtered=0]
cnt=1 s0=fng (3334,2872)* [filtered=0]
cnt=1 s0=fng (3334,2872)* [filtered=0]
cnt=1 s0=fng (3334,2872)* [filtered=0]
cnt=1 s0=fng (3334,2872)* [filtered=0]
cnt=1 s0=fng (3334,2872)* [filtered=0]
cnt=1 s0=fng (3334,2872)* [filtered=0]
cnt=1 s0=fng (3334,2872)* [filtered=0]
cnt=1 s0=fng (3334,2872)* [filtered=0]
cnt=1 s0=fng (3334,2872)* [filtered=0]
cnt=1 s0=fng (3334,2872)* [filtered=0]
cnt=1 s0=fng (3334,2872)* [filtered=0]
cnt=1 s0=fng (3334,2872)* [filtered=0]
cnt=1 s0=fng (3334,2872)* [filtered=0]
cnt=1 s0=fng (3334,2872)* [filtered=0]
cnt=1 s0=fng (3334,2872)* [filtered=0]
cnt=1 s0=fng (3334,2872)* [filtered=0]
cnt=1 s0=fng (3334,2872)* [filtered=0]
cnt=1 s0=fng (3335,2872)* [filtered=0]
cnt=1 s0=fng (3335,2872)* [filtered=0]
cnt=1 s0=fng (3335,2872)* [filtered=0]
cnt=1 s0=fng (3335,2872)* [filtered=0]
cnt=1 s0=fng (3335,2872)* [filtered=0]
cnt=1 s0=fng (3335,2872)* [filtered=0]
cnt=1 s0=fng (3335,2873)* [filtered=0]
cnt=1 s0=fng (3335,2873)* [filtered=0]
cnt=1 s0=fng (3335,2874)* [filtered=0]
cnt=1 s0=fng (3335,2874)* [filtered=0]
cnt=1 s0=fng (3335,2874)* [filtered=0]
cnt=1 s0=fng (3335,2875)* [filtered=0]
cnt=1 s0=fng (3335,2875)* [filtered=0]
cnt=1 s0=fng (3335,2876)* [filtered=0]
cnt=1 s0=fng (3335,2876)* [filtered=0]
cnt=1 s0=fng (3335,2877)* [filtered=0]
cnt=1 s0=fng (3335,2877)* [filtered=0]
cnt=1 s0=fng (3335,2878)* [filtered=0]
cnt=1 s0=fng (3335,2878)* [filtered=0]
cnt=1 s0=fng (3335,2878)* [filtered=0]
cnt=1 s0=fng (3335,2879)* [filtered=0]
cnt=1 s0=fng (3335,2879)* [filtered=0]
cnt=1 s0=fng (3335,2880)* [filtered=0]
cnt=1 s0=fng (3335,2880)* [filtered=0]
cnt=1 s0=fng (3335,2880)* [filtered=0]
cnt=1 s0=fng (3335,2880)* [filtered=0]
cnt=1 s0=fng (3335,2880)* [filtered=0]
cnt=1 s0=fng (3335,2880)* [filtered=0]
cnt=1 s0=fng (3335,2880)* [filtered=0]
cnt=1 s0=fng (3335,2880)* [filtered=0]
click: x=3335 -> zone=0x111
cnt=1 s0=fng (3335,2880)* [filtered=0]
cnt=1 s0=fng (3335,2880)* [filtered=0]
cnt=1 s0=fng (3335,2880)* [filtered=0]
cnt=1 s0=fng (3335,2880)* [filtered=0]
cnt=1 s0=fng (3335,2880)* [filtered=0]
cnt=1 s0=fng (3335,2880)* [filtered=0]
cnt=1 s0=fng (3335,2880)* [filtered=0]
cnt=1 s0=fng (3335,2880)* [filtered=0]
cnt=1 s0=fng (3335,2880)* [filtered=0]
cnt=1 s0=fng (3335,2880)* [filtered=0]
cnt=1 s0=fng (3335,2880)* [filtered=0]
cnt=1 s0=fng (3335,2880)* [filtered=0]
cnt=1 s0=fng (3335,2880)* [filtered=0]
cnt=1 s0=fng (3335,2880)* [filtered=0]
cnt=1 s0=fng (3335,2880)* [filtered=0]
cnt=1 s0=fng (3335,2880)* [filtered=0]
cnt=1 s0=fng (3335,2881)* [filtered=0]
cnt=1 s0=fng (3335,2881)* [filtered=0]
cnt=1 s0=fng (3335,2881)* [filtered=0]
cnt=1 s0=fng (3335,2882)* [filtered=0]
cnt=1 s0=fng (3335,2883)* [filtered=0]
cnt=1 s0=fng (3335,2884)* [filtered=0]
cnt=1 s0=fng (3335,2885)* [filtered=0]
cnt=1 s0=fng (3011,2864) [filtered=0]
cnt=1 s0=fng (3011,2864) [filtered=0]
cnt=1 s0=fng (3011,2864) [filtered=0]
click: x=3010 -> zone=0x111
cnt=1 s0=fng (3010,2864) [filtered=0]
cnt=1 s0=fng (3010,2864) [filtered=0]
cnt=1 s0=fng (3010,2864) [filtered=0]
cnt=1 s0=fng (3009,2863) [filtered=0]
cnt=1 s0=fng (3009,2863) [filtered=0]
cnt=1 s0=fng (3009,2862) [filtered=0]
cnt=1 s0=fng (3009,2862) [filtered=0]
cnt=1 s0=fng (3009,2862) [filtered=0]
cnt=1 s0=fng (3009,2862) [filtered=0]
cnt=1 s0=fng (3009,2862) [filtered=0]
cnt=1 s0=fng (3009,2862) [filtered=0]
cnt=1 s0=fng (3010,2862) [filtered=0]
cnt=1 s0=fng (3010,2862) [filtered=0]
cnt=1 s0=fng (3010,2862) [filtered=0]
cnt=1 s0=fng (3011,2862) [filtered=0]
cnt=1 s0=fng (3011,2862) [filtered=0]
cnt=1 s0=fng (3012,2862) [filtered=0]
cnt=1 s0=fng (3012,2862)* [filtered=0]
cnt=1 s0=fng (3012,2862)* [filtered=0]
cnt=1 s0=fng (3012,2862)* [filtered=0]
cnt=1 s0=fng (3012,2862)* [filtered=0]
cnt=1 s0=fng (3012,2862)* [filtered=0]
cnt=1 s0=fng (3012,2862)* [filtered=0]
cnt=1 s0=fng (3012,2862)* [filtered=0]
cnt=1 s0=fng (3012,2862)* [filtered=0]
cnt=1 s0=fng (3012,2862)* [filtered=0]
cnt=1 s0=fng (3012,2862)* [filtered=0]
cnt=1 s0=fng (3012,2862)* [filtered=0]
cnt=1 s0=fng (3012,2862)* [filtered=0]
cnt=1 s0=fng (3012,2862)* [filtered=0]
cnt=1 s0=fng (3012,2862)* [filtered=0]
cnt=1 s0=fng (3012,2862)* [filtered=0]
cnt=1 s0=fng (3012,2862)* [filtered=0]
cnt=1 s0=fng (3012,2862)* [filtered=0]
cnt=1 s0=fng (3011,2862)* [filtered=0]
cnt=1 s0=fng (3011,2862)* [filtered=0]
cnt=1 s0=fng (3011,2862)* [filtered=0]
cnt=1 s0=fng (3010,2862)* [filtered=0]
cnt=1 s0=fng (3010,2862)* [filtered=0]
cnt=1 s0=fng (3009,2862)* [filtered=0]
cnt=1 s0=fng (3009,2862)* [filtered=0]
cnt=1 s0=fng (3008,2862)* [filtered=0]
cnt=1 s0=fng (3008,2862)* [filtered=0]
cnt=1 s0=fng (3007,2862)* [filtered=0]
cnt=1 s0=fng (3007,2862)* [filtered=0]
cnt=1 s0=fng (3007,2862)* [filtered=0]
cnt=1 s0=fng (3007,2862)* [filtered=0]
cnt=1 s0=fng (3007,2862)* [filtered=0]
cnt=1 s0=fng (3007,2862)* [filtered=0]
cnt=1 s0=fng (3007,2862)* [filtered=0]
cnt=1 s0=fng (3007,2862)* [filtered=0]
cnt=1 s0=fng (3007,2862)* [filtered=0]
cnt=1 s0=fng (3007,2862)* [filtered=0]
cnt=1 s0=fng (3007,2862)* [filtered=0]
cnt=1 s0=fng (3007,2862)* [filtered=0]
cnt=1 s0=fng (3007,2862)* [filtered=0]
cnt=1 s0=fng (3007,2862)* [filtered=0]
cnt=1 s0=fng (3007,2862)* [filtered=0]
click: x=3007 -> zone=0x111
cnt=1 s0=fng (3007,2862)* [filtered=0]
cnt=1 s0=fng (3007,2862)* [filtered=0]
cnt=1 s0=fng (3007,2862)* [filtered=0]
cnt=1 s0=fng (3007,2861)* [filtered=0]
cnt=1 s0=fng (3007,2861)* [filtered=0]
cnt=1 s0=fng (3007,2861)* [filtered=0]
cnt=1 s0=fng (3007,2861)* [filtered=0]
cnt=1 s0=fng (3007,2861)* [filtered=0]
cnt=1 s0=fng (3007,2861)* [filtered=0]
cnt=1 s0=fng (3007,2861)* [filtered=0]
cnt=1 s0=fng (3007,2861)* [filtered=0]
cnt=1 s0=fng (3007,2861)* [filtered=0]
cnt=1 s0=fng (3007,2861)* [filtered=0]
cnt=1 s0=fng (3007,2861)* [filtered=0]
cnt=1 s0=fng (3007,2861)* [filtered=0]
cnt=1 s0=fng (3007,2861)* [filtered=0]
cnt=1 s0=fng (3007,2861)* [filtered=0]
cnt=1 s0=fng (3007,2861)* [filtered=0]
cnt=1 s0=fng (3007,2861)* [filtered=0]
cnt=1 s0=fng (3007,2861)* [filtered=0]
cnt=1 s0=fng (3007,2861)* [filtered=0]
cnt=1 s0=fng (3007,2861)* [filtered=0]
cnt=1 s0=fng (3007,2861)* [filtered=0]
cnt=1 s0=fng (3007,2861)* [filtered=0]
cnt=1 s0=fng (3007,2861)* [filtered=0]
cnt=1 s0=fng (3007,2861)* [filtered=0]
cnt=1 s0=fng (3007,2861)* [filtered=0]
cnt=1 s0=fng (3007,2860)* [filtered=0]
cnt=1 s0=fng (3006,2860)* [filtered=0]
cnt=1 s0=fng (3006,2860)* [filtered=0]
cnt=1 s0=fng (3006,2859)* [filtered=0]
cnt=1 s0=fng (3005,2859)* [filtered=0]
cnt=1 s0=fng (3004,2858)* [filtered=0]
cnt=1 s0=fng (3004,2858)* [filtered=0]
cnt=1 s0=fng (3004,2858)* [filtered=0]
click: x=2489 -> zone=0x112
cnt=1 s0=fng (2489,2927) [filtered=0]
cnt=1 s0=fng (2489,2927) [filtered=0]
cnt=1 s0=fng (2489,2927) [filtered=0]
cnt=1 s0=fng (2489,2927) [filtered=0]
cnt=1 s0=fng (2489,2927) [filtered=0]
cnt=1 s0=fng (2489,2927) [filtered=0]
cnt=1 s0=fng (2489,2927) [filtered=0]
cnt=1 s0=fng (2489,2927) [filtered=0]
cnt=1 s0=fng (2489,2927) [filtered=0]
cnt=1 s0=fng (2489,2927) [filtered=0]
cnt=1 s0=fng (2489,2927) [filtered=0]
cnt=1 s0=fng (2490,2927) [filtered=0]
cnt=1 s0=fng (2490,2927) [filtered=0]
cnt=1 s0=fng (2490,2927) [filtered=0]
cnt=1 s0=fng (2491,2927) [filtered=0]
cnt=1 s0=fng (2492,2927) [filtered=0]
cnt=1 s0=fng (2492,2927) [filtered=0]
cnt=1 s0=fng (2492,2927) [filtered=0]
cnt=1 s0=fng (2493,2927) [filtered=0]
cnt=1 s0=fng (2493,2927) [filtered=0]
cnt=1 s0=fng (2494,2927)* [filtered=0]
cnt=1 s0=fng (2494,2927)* [filtered=0]
cnt=1 s0=fng (2494,2927)* [filtered=0]
cnt=1 s0=fng (2495,2927)* [filtered=0]
cnt=1 s0=fng (2495,2927)* [filtered=0]
cnt=1 s0=fng (2496,2927)* [filtered=0]
cnt=1 s0=fng (2496,2927)* [filtered=0]
cnt=1 s0=fng (2497,2927)* [filtered=0]
cnt=1 s0=fng (2497,2927)* [filtered=0]
cnt=1 s0=fng (2497,2927)* [filtered=0]
cnt=1 s0=fng (2497,2927)* [filtered=0]
cnt=1 s0=fng (2497,2927)* [filtered=0]
cnt=1 s0=fng (2497,2927)* [filtered=0]
cnt=1 s0=fng (2497,2927)* [filtered=0]
cnt=1 s0=fng (2496,2927)* [filtered=0]
cnt=1 s0=fng (2496,2927)* [filtered=0]
cnt=1 s0=fng (2495,2927)* [filtered=0]
cnt=1 s0=fng (2495,2927)* [filtered=0]
cnt=1 s0=fng (2494,2927)* [filtered=0]
cnt=1 s0=fng (2494,2927)* [filtered=0]
cnt=1 s0=fng (2494,2927)* [filtered=0]
cnt=1 s0=fng (2494,2927)* [filtered=0]
cnt=1 s0=fng (2494,2927)* [filtered=0]
cnt=1 s0=fng (2494,2927)* [filtered=0]
cnt=1 s0=fng (2494,2927)* [filtered=0]
cnt=1 s0=fng (2494,2927)* [filtered=0]
cnt=1 s0=fng (2494,2927)* [filtered=0]
cnt=1 s0=fng (2494,2927)* [filtered=0]
cnt=1 s0=fng (2494,2927)* [filtered=0]
cnt=1 s0=fng (2494,2927)* [filtered=0]
cnt=1 s0=fng (2494,2927)* [filtered=0]
cnt=1 s0=fng (2494,2927)* [filtered=0]
cnt=1 s0=fng (2494,2927)* [filtered=0]
click: x=2494 -> zone=0x112
cnt=1 s0=fng (2494,2927)* [filtered=0]
cnt=1 s0=fng (2494,2927)* [filtered=0]
cnt=1 s0=fng (2494,2927)* [filtered=0]
cnt=1 s0=fng (2494,2927)* [filtered=0]
cnt=1 s0=fng (2494,2927)* [filtered=0]
cnt=1 s0=fng (2494,2927)* [filtered=0]
cnt=1 s0=fng (2494,2927)* [filtered=0]
cnt=1 s0=fng (2494,2927)* [filtered=0]
cnt=1 s0=fng (2494,2926)* [filtered=0]
cnt=1 s0=fng (2494,2926)* [filtered=0]
cnt=1 s0=fng (2494,2926)* [filtered=0]
cnt=1 s0=fng (2494,2926)* [filtered=0]
cnt=1 s0=fng (2494,2926)* [filtered=0]
cnt=1 s0=fng (2494,2926)* [filtered=0]
cnt=1 s0=fng (2494,2926)* [filtered=0]
cnt=1 s0=fng (2494,2926)* [filtered=0]
cnt=1 s0=fng (2494,2926)* [filtered=0]
cnt=1 s0=fng (2494,2926)* [filtered=0]
cnt=1 s0=fng (2494,2926)* [filtered=0]
cnt=1 s0=fng (2494,2926)* [filtered=0]
cnt=1 s0=fng (2494,2926)* [filtered=0]
cnt=1 s0=fng (2494,2926)* [filtered=0]
cnt=1 s0=fng (2494,2926)* [filtered=0]
cnt=1 s0=fng (2494,2926)* [filtered=0]
cnt=1 s0=fng (2494,2926)* [filtered=0]
cnt=1 s0=fng (2494,2926)* [filtered=0]
cnt=1 s0=fng (2494,2926)* [filtered=0]
cnt=1 s0=fng (2494,2926)* [filtered=0]
cnt=1 s0=fng (2494,2926)* [filtered=0]
cnt=1 s0=fng (2494,2926)* [filtered=0]
cnt=1 s0=fng (2494,2926)* [filtered=0]
cnt=1 s0=fng (2494,2926)* [filtered=0]
cnt=1 s0=fng (2494,2926)* [filtered=0]
cnt=1 s0=fng (2494,2926)* [filtered=0]
cnt=1 s0=fng (2494,2926)* [filtered=0]
cnt=1 s0=fng (2494,2926)* [filtered=0]
cnt=1 s0=fng (2494,2926)* [filtered=0]
cnt=1 s0=fng (2494,2926)* [filtered=0]
cnt=1 s0=fng (2494,2926)* [filtered=0]
cnt=1 s0=fng (2494,2926)* [filtered=0]
cnt=1 s0=fng (2494,2926)* [filtered=0]
cnt=1 s0=fng (2495,2926)* [filtered=0]
click: x=2495 -> zone=0x112
cnt=1 s0=fng (2495,2926)* [filtered=0]
cnt=1 s0=fng (2495,2926)* [filtered=0]
cnt=1 s0=fng (2495,2926)* [filtered=0]
cnt=1 s0=fng (2496,2926)* [filtered=0]
cnt=1 s0=fng (2496,2926)* [filtered=0]
cnt=1 s0=fng (2496,2926)* [filtered=0]
cnt=1 s0=fng (2496,2926)* [filtered=0]
cnt=1 s0=fng (2496,2926)* [filtered=0]
cnt=1 s0=fng (2496,2926)* [filtered=0]
cnt=1 s0=fng (2497,2926)* [filtered=0]
cnt=1 s0=fng (2497,2926)* [filtered=0]
cnt=1 s0=fng (2497,2926)* [filtered=0]
cnt=1 s0=fng (2498,2926)* [filtered=0]
cnt=1 s0=fng (2498,2926)* [filtered=0]
cnt=1 s0=fng (2498,2926)* [filtered=0]
cnt=1 s0=fng (2498,2926)* [filtered=0]
cnt=1 s0=fng (2499,2926)* [filtered=0]
cnt=1 s0=fng (2499,2926)* [filtered=0]
cnt=1 s0=fng (2499,2926)* [filtered=0]
cnt=1 s0=fng (2499,2926)* [filtered=0]
cnt=1 s0=fng (2499,2926)* [filtered=0]
cnt=1 s0=fng (2499,2926)* [filtered=0]
cnt=1 s0=fng (2500,2926)* [filtered=0]
cnt=1 s0=fng (2501,2926)* [filtered=0]
cnt=1 s0=fng (2501,2926)* [filtered=0]
cnt=1 s0=fng (2501,2926)* [filtered=0]
cnt=1 s0=fng (2502,2926)* [filtered=0]
cnt=1 s0=fng (2502,2926)* [filtered=0]
cnt=1 s0=fng (2503,2926)* [filtered=0]
cnt=1 s0=fng (2503,2926)* [filtered=0]
cnt=1 s0=fng (2503,2926)* [filtered=0]
cnt=1 s0=fng (2503,2926)* [filtered=0]
cnt=1 s0=fng (2503,2926)* [filtered=0]
cnt=1 s0=fng (2503,2926)* [filtered=0]
cnt=1 s0=fng (2503,2926)* [filtered=0]
cnt=1 s0=fng (2504,2926)* [filtered=0]
cnt=1 s0=fng (2505,2926)* [filtered=0]
cnt=1 s0=fng (2505,2926)* [filtered=0]
cnt=1 s0=fng (2505,2926)* [filtered=0]
cnt=1 s0=fng (2506,2926)* [filtered=0]
cnt=1 s0=fng (2506,2926)* [filtered=0]
cnt=1 s0=fng (2507,2926)* [filtered=0]
cnt=1 s0=fng (2507,2926)* [filtered=0]
cnt=1 s0=fng (2507,2926)* [filtered=0]
cnt=1 s0=fng (2508,2926)* [filtered=0]
cnt=1 s0=fng (2508,2926)* [filtered=0]
cnt=1 s0=fng (2509,2926)* [filtered=0]
cnt=1 s0=fng (2510,2926)* [filtered=0]
cnt=1 s0=fng (2510,2926)* [filtered=0]
cnt=1 s0=fng (2510,2926)* [filtered=0]
cnt=1 s0=fng (2511,2926)* [filtered=0]
cnt=1 s0=fng (2511,2926)* [filtered=0]
cnt=1 s0=fng (2511,2926)* [filtered=0]
cnt=1 s0=fng (2512,2926)* [filtered=0]
cnt=1 s0=fng (2512,2926)* [filtered=0]
cnt=1 s0=fng (2513,2926)* [filtered=0]
cnt=1 s0=fng (2514,2926)* [filtered=0]
cnt=1 s0=fng (2514,2926)* [filtered=0]
cnt=1 s0=fng (2514,2926)* [filtered=0]
cnt=1 s0=fng (2515,2926)* [filtered=0]
cnt=1 s0=fng (2515,2926)* [filtered=0]
cnt=1 s0=fng (2516,2926)* [filtered=0]
cnt=1 s0=fng (2516,2926)* [filtered=0]
cnt=1 s0=fng (2516,2926)* [filtered=0]
cnt=1 s0=fng (2517,2926)* [filtered=0]
cnt=1 s0=fng (2517,2926)* [filtered=0]
cnt=1 s0=fng (2517,2926)* [filtered=0]
cnt=1 s0=fng (2518,2926)* [filtered=0]
cnt=1 s0=fng (2519,2926)* [filtered=0]
cnt=1 s0=fng (2519,2926)* [filtered=0]
cnt=1 s0=fng (2520,2926)* [filtered=0]
cnt=1 s0=fng (2520,2926)* [filtered=0]
cnt=1 s0=fng (2520,2926)* [filtered=0]
cnt=1 s0=fng (2521,2926)* [filtered=0]
cnt=1 s0=fng (2521,2926)* [filtered=0]
cnt=1 s0=fng (2522,2926)* [filtered=0]
cnt=1 s0=fng (2522,2926)* [filtered=0]
cnt=1 s0=fng (2523,2926)* [filtered=0]
cnt=1 s0=fng (2523,2926)* [filtered=0]
cnt=1 s0=fng (2524,2926)* [filtered=0]
cnt=1 s0=fng (2524,2926)* [filtered=0]
cnt=1 s0=fng (2524,2926)* [filtered=0]
cnt=1 s0=fng (2524,2926)* [filtered=0]
cnt=1 s0=fng (2524,2926)* [filtered=0]
cnt=1 s0=fng (2524,2926)* [filtered=0]
cnt=1 s0=fng (2524,2926)* [filtered=0]
cnt=1 s0=fng (2524,2926)* [filtered=0]
cnt=1 s0=fng (2524,2926)* [filtered=0]
cnt=1 s0=fng (2524,2926)* [filtered=0]
cnt=1 s0=fng (2524,2926)* [filtered=0]
cnt=1 s0=fng (2524,2926)* [filtered=0]
cnt=1 s0=fng (2524,2926)* [filtered=0]
cnt=1 s0=fng (2524,2926)* [filtered=0]
cnt=1 s0=fng (2524,2926)* [filtered=0]
cnt=1 s0=fng (2524,2926)* [filtered=0]
cnt=1 s0=fng (2524,2926)* [filtered=0]
cnt=1 s0=fng (2524,2926)* [filtered=0]
cnt=1 s0=fng (2524,2926)* [filtered=0]
cnt=1 s0=fng (2524,2926)* [filtered=0]
cnt=1 s0=fng (2524,2926)* [filtered=0]
cnt=1 s0=fng (2524,2926)* [filtered=0]
cnt=1 s0=fng (2524,2926)* [filtered=0]
cnt=1 s0=fng (2524,2926)* [filtered=0]
cnt=1 s0=fng (2524,2926)* [filtered=0]
cnt=1 s0=fng (2524,2926)* [filtered=0]
cnt=1 s0=fng (2524,2926)* [filtered=0]
cnt=1 s0=fng (2524,2926)* [filtered=0]
click: x=2524 -> zone=0x112
cnt=1 s0=fng (2524,2926)* [filtered=0]
cnt=1 s0=fng (2524,2926)* [filtered=0]
cnt=1 s0=fng (2524,2926)* [filtered=0]
cnt=1 s0=fng (2524,2926)* [filtered=0]
cnt=1 s0=fng (2524,2926)* [filtered=0]
cnt=1 s0=fng (2524,2925)* [filtered=0]
cnt=1 s0=fng (2524,2925)* [filtered=0]
cnt=1 s0=fng (2524,2925)* [filtered=0]
cnt=1 s0=fng (2524,2925)* [filtered=0]
cnt=1 s0=fng (2524,2925)* [filtered=0]
cnt=1 s0=fng (2524,2924)* [filtered=0]
cnt=1 s0=fng (2524,2924)* [filtered=0]
cnt=1 s0=fng (2524,2924)* [filtered=0]
cnt=1 s0=fng (2524,2924)* [filtered=0]
cnt=1 s0=fng (2523,2924)* [filtered=0]
cnt=1 s0=fng (2523,2924)* [filtered=0]
cnt=1 s0=fng (2523,2924)* [filtered=0]
cnt=1 s0=fng (2523,2924)* [filtered=0]
cnt=1 s0=fng (2522,2924)* [filtered=0]
cnt=1 s0=fng (2521,2924)* [filtered=0]
cnt=1 s0=fng (2521,2924)* [filtered=0]
cnt=1 s0=fng (2521,2924)* [filtered=0]
cnt=1 s0=fng (2520,2924)* [filtered=0]
cnt=1 s0=fng (2520,2924)* [filtered=0]
cnt=1 s0=fng (2519,2924)* [filtered=0]
cnt=1 s0=fng (2519,2924)* [filtered=0]
cnt=1 s0=fng (2519,2924)* [filtered=0]
cnt=1 s0=fng (2518,2924)* [filtered=0]
cnt=1 s0=fng (2517,2924)* [filtered=0]
cnt=1 s0=fng (2517,2924)* [filtered=0]
cnt=1 s0=fng (2517,2924)* [filtered=0]
cnt=1 s0=fng (2517,2924)* [filtered=0]
cnt=1 s0=fng (2517,2924)* [filtered=0]
cnt=1 s0=fng (2517,2924)* [filtered=0]
cnt=1 s0=fng (2517,2924)* [filtered=0]
cnt=1 s0=fng (2517,2924)* [filtered=0]
cnt=1 s0=fng (2517,2924)* [filtered=0]
cnt=1 s0=fng (2517,2924)* [filtered=0]
cnt=1 s0=fng (2517,2924)* [filtered=0]
cnt=1 s0=fng (2517,2924)* [filtered=0]
cnt=1 s0=fng (2517,2924)* [filtered=0]
cnt=1 s0=fng (2517,2924)* [filtered=0]
click: x=2517 -> zone=0x112
cnt=1 s0=fng (2517,2924)* [filtered=0]
cnt=1 s0=fng (2517,2924)* [filtered=0]
cnt=1 s0=fng (2517,2924)* [filtered=0]
cnt=1 s0=fng (2517,2924)* [filtered=0]
cnt=1 s0=fng (2517,2924)* [filtered=0]
cnt=1 s0=fng (2517,2924)* [filtered=0]
cnt=1 s0=fng (2517,2924)* [filtered=0]
cnt=1 s0=fng (2517,2924)* [filtered=0]
cnt=1 s0=fng (2517,2924)* [filtered=0]
cnt=1 s0=fng (2517,2924)* [filtered=0]
cnt=1 s0=fng (2517,2924)* [filtered=0]
cnt=1 s0=fng (2517,2924)* [filtered=0]
cnt=1 s0=fng (2517,2924)* [filtered=0]
cnt=1 s0=fng (2517,2924)* [filtered=0]
cnt=1 s0=fng (2517,2924)* [filtered=0]
cnt=1 s0=fng (2517,2924)* [filtered=0]
cnt=1 s0=fng (2517,2924)* [filtered=0]
cnt=1 s0=fng (2517,2924)* [filtered=0]
cnt=1 s0=fng (2517,2924)* [filtered=0]
cnt=1 s0=fng (2517,2924)* [filtered=0]
cnt=1 s0=fng (2517,2924)* [filtered=0]
cnt=1 s0=fng (2517,2924)* [filtered=0]
cnt=1 s0=fng (2517,2924)* [filtered=0]
cnt=1 s0=fng (2517,2924)* [filtered=0]
cnt=1 s0=fng (2517,2924)* [filtered=0]
cnt=1 s0=fng (2517,2924)* [filtered=0]
cnt=1 s0=fng (2517,2924)* [filtered=0]
cnt=1 s0=fng (2517,2924)* [filtered=0]
cnt=1 s0=fng (2517,2924)* [filtered=0]
cnt=1 s0=fng (2517,2924)* [filtered=0]
cnt=1 s0=fng (2517,2924)* [filtered=0]
cnt=1 s0=fng (2517,2924)* [filtered=0]
cnt=1 s0=fng (2517,2924)* [filtered=0]
cnt=1 s0=fng (2517,2925)* [filtered=0]
cnt=1 s0=fng (2517,2926)* [filtered=0]
cnt=1 s0=fng (2517,2927)* [filtered=0]
cnt=1 s0=fng (2517,2928)* [filtered=0]
cnt=1 s0=fng (2078,2857) [filtered=0]
cnt=1 s0=fng (2078,2857) [filtered=0]
cnt=1 s0=fng (2078,2857) [filtered=0]
cnt=1 s0=fng (2078,2857) [filtered=0]
cnt=1 s0=fng (2078,2857) [filtered=0]
cnt=1 s0=fng (2079,2857) [filtered=0]
cnt=1 s0=fng (2079,2857) [filtered=0]
cnt=1 s0=fng (2079,2857) [filtered=0]
cnt=1 s0=fng (2080,2857) [filtered=0]
cnt=1 s0=fng (2081,2857) [filtered=0]
cnt=1 s0=fng (2081,2857) [filtered=0]
cnt=1 s0=fng (2081,2857) [filtered=0]
cnt=1 s0=fng (2082,2857) [filtered=0]
cnt=1 s0=fng (2082,2857) [filtered=0]
cnt=1 s0=fng (2083,2857) [filtered=0]
cnt=1 s0=fng (2083,2857) [filtered=0]
cnt=1 s0=fng (2083,2857) [filtered=0]
cnt=1 s0=fng (2084,2857) [filtered=0]
cnt=1 s0=fng (2085,2857) [filtered=0]
cnt=1 s0=fng (2085,2857) [filtered=0]
cnt=1 s0=fng (2085,2857)* [filtered=0]
cnt=1 s0=fng (2086,2857)* [filtered=0]
cnt=1 s0=fng (2086,2857)* [filtered=0]
cnt=1 s0=fng (2087,2857)* [filtered=0]
cnt=1 s0=fng (2087,2857)* [filtered=0]
cnt=1 s0=fng (2087,2856)* [filtered=0]
cnt=1 s0=fng (2088,2856)* [filtered=0]
cnt=1 s0=fng (2089,2855)* [filtered=0]
cnt=1 s0=fng (2090,2854)* [filtered=0]
cnt=1 s0=fng (2091,2854)* [filtered=0]
click: x=2092 -> zone=0x112
cnt=1 s0=fng (2092,2854)* [filtered=0]
cnt=1 s0=fng (2093,2853)* [filtered=0]
cnt=1 s0=fng (2094,2852)* [filtered=0]
cnt=1 s0=fng (2095,2852)* [filtered=0]
cnt=1 s0=fng (2096,2852)* [filtered=0]
cnt=1 s0=fng (2097,2851)* [filtered=0]
cnt=1 s0=fng (2098,2851)* [filtered=0]
cnt=1 s0=fng (2099,2850)* [filtered=0]
cnt=1 s0=fng (2100,2849)* [filtered=0]
cnt=1 s0=fng (2101,2849)* [filtered=0]
cnt=1 s0=fng (2102,2849)* [filtered=0]
cnt=1 s0=fng (2103,2848)* [filtered=0]
cnt=1 s0=fng (2104,2848)* [filtered=0]
cnt=1 s0=fng (2104,2848)* [filtered=0]
cnt=1 s0=fng (2105,2847)* [filtered=0]
cnt=1 s0=fng (2106,2847)* [filtered=0]
cnt=1 s0=fng (2107,2846)* [filtered=0]
cnt=1 s0=fng (2108,2845)* [filtered=0]
cnt=1 s0=fng (2108,2845)* [filtered=0]
cnt=1 s0=fng (2108,2845)* [filtered=0]
cnt=1 s0=fng (2109,2844)* [filtered=0]
cnt=1 s0=fng (2109,2844)* [filtered=0]
cnt=1 s0=fng (2109,2844)* [filtered=0]
cnt=1 s0=fng (2109,2844)* [filtered=0]
cnt=1 s0=fng (2109,2844)* [filtered=0]
cnt=1 s0=fng (2109,2844)* [filtered=0]
cnt=1 s0=fng (2109,2844)* [filtered=0]
cnt=1 s0=fng (2109,2844)* [filtered=0]
cnt=1 s0=fng (2109,2844)* [filtered=0]
cnt=1 s0=fng (2109,2844)* [filtered=0]
cnt=1 s0=fng (2109,2844)* [filtered=0]
cnt=1 s0=fng (2109,2844)* [filtered=0]
cnt=1 s0=fng (2109,2844)* [filtered=0]
cnt=1 s0=fng (2109,2844)* [filtered=0]
cnt=1 s0=fng (2109,2844)* [filtered=0]
cnt=1 s0=fng (2109,2844)* [filtered=0]
cnt=1 s0=fng (2109,2844)* [filtered=0]
cnt=1 s0=fng (2109,2844)* [filtered=0]
cnt=1 s0=fng (2109,2844)* [filtered=0]
cnt=1 s0=fng (2109,2844)* [filtered=0]
cnt=1 s0=fng (2109,2844)* [filtered=0]
cnt=1 s0=fng (2109,2844)* [filtered=0]
cnt=1 s0=fng (2109,2844)* [filtered=0]
cnt=1 s0=fng (2109,2844)* [filtered=0]
cnt=1 s0=fng (2109,2844)* [filtered=0]
cnt=1 s0=fng (2109,2844)* [filtered=0]
cnt=1 s0=fng (2109,2844)* [filtered=0]
cnt=1 s0=fng (2109,2844)* [filtered=0]
cnt=1 s0=fng (2109,2844)* [filtered=0]
cnt=1 s0=fng (2109,2844)* [filtered=0]
cnt=1 s0=fng (2109,2844)* [filtered=0]
cnt=1 s0=fng (2109,2844)* [filtered=0]
cnt=1 s0=fng (2109,2844)* [filtered=0]
cnt=1 s0=fng (2109,2844)* [filtered=0]
cnt=1 s0=fng (2109,2844)* [filtered=0]
cnt=1 s0=fng (2109,2844)* [filtered=0]
cnt=1 s0=fng (2109,2844)* [filtered=0]
cnt=1 s0=fng (2109,2844)* [filtered=0]
cnt=1 s0=fng (2109,2844)* [filtered=0]
click: x=2109 -> zone=0x112
cnt=1 s0=fng (2109,2844)* [filtered=0]
cnt=1 s0=fng (2109,2844)* [filtered=0]
cnt=1 s0=fng (2109,2844)* [filtered=0]
cnt=1 s0=fng (2109,2844)* [filtered=0]
cnt=1 s0=fng (2109,2844)* [filtered=0]
cnt=1 s0=fng (2109,2844)* [filtered=0]
cnt=1 s0=fng (2109,2844)* [filtered=0]
cnt=1 s0=fng (2109,2844)* [filtered=0]
cnt=1 s0=fng (2109,2844)* [filtered=0]
cnt=1 s0=fng (2109,2844)* [filtered=0]
cnt=1 s0=fng (2109,2844)* [filtered=0]
cnt=1 s0=fng (2109,2844)* [filtered=0]
cnt=1 s0=fng (2109,2844)* [filtered=0]
cnt=1 s0=fng (2109,2844)* [filtered=0]
cnt=1 s0=fng (2109,2844)* [filtered=0]
cnt=1 s0=fng (2109,2844)* [filtered=0]
cnt=1 s0=fng (2109,2844)* [filtered=0]
cnt=1 s0=fng (2109,2844)* [filtered=0]
cnt=1 s0=fng (2109,2844)* [filtered=0]
cnt=1 s0=fng (2109,2844)* [filtered=0]
cnt=1 s0=fng (2109,2844)* [filtered=0]
cnt=1 s0=fng (2109,2844)* [filtered=0]
cnt=1 s0=fng (2109,2844)* [filtered=0]
cnt=1 s0=fng (2109,2844)* [filtered=0]
cnt=1 s0=fng (2109,2844)* [filtered=0]
cnt=1 s0=fng (2109,2844)* [filtered=0]
cnt=1 s0=fng (2109,2844)* [filtered=0]
cnt=1 s0=fng (2109,2844)* [filtered=0]
cnt=1 s0=fng (2109,2844)* [filtered=0]
cnt=1 s0=fng (2109,2844)* [filtered=0]
cnt=1 s0=fng (2109,2844)* [filtered=0]
cnt=1 s0=fng (2109,2844)* [filtered=0]
cnt=1 s0=fng (2109,2844)* [filtered=0]
cnt=1 s0=fng (2109,2844)* [filtered=0]
cnt=1 s0=fng (2109,2844)* [filtered=0]
cnt=1 s0=fng (2109,2844)* [filtered=0]
cnt=1 s0=fng (2109,2844)* [filtered=0]
cnt=1 s0=fng (2109,2844)* [filtered=0]
cnt=1 s0=fng (2109,2844)* [filtered=0]
cnt=1 s0=fng (2109,2844)* [filtered=0]
cnt=1 s0=fng (2109,2844)* [filtered=0]
cnt=1 s0=fng (2109,2844)* [filtered=0]
cnt=1 s0=fng (2109,2844)* [filtered=0]
cnt=1 s0=fng (2109,2844)* [filtered=0]
cnt=1 s0=fng (2109,2844)* [filtered=0]
cnt=1 s0=fng (2109,2844)* [filtered=0]
cnt=1 s0=fng (2109,2844)* [filtered=0]
cnt=1 s0=fng (2109,2844)* [filtered=0]
cnt=1 s0=fng (2109,2844)* [filtered=0]
cnt=1 s0=fng (2108,2844)* [filtered=0]
cnt=1 s0=fng (2108,2844)* [filtered=0]
cnt=1 s0=fng (2107,2844)* [filtered=0]
click: x=2107 -> zone=0x112
cnt=1 s0=fng (2107,2844)* [filtered=0]
cnt=1 s0=fng (2107,2844)* [filtered=0]
cnt=1 s0=fng (2107,2844)* [filtered=0]
cnt=1 s0=fng (2107,2844)* [filtered=0]
cnt=1 s0=fng (2107,2844)* [filtered=0]
cnt=1 s0=fng (2107,2844)* [filtered=0]
cnt=1 s0=fng (2107,2844)* [filtered=0]
cnt=1 s0=fng (2106,2844)* [filtered=0]
cnt=1 s0=fng (2105,2844)* [filtered=0]
cnt=1 s0=fng (2105,2844)* [filtered=0]
cnt=1 s0=fng (2105,2844)* [filtered=0]
cnt=1 s0=fng (2105,2844)* [filtered=0]
cnt=1 s0=fng (2104,2844)* [filtered=0]
cnt=1 s0=fng (2104,2844)* [filtered=0]
cnt=1 s0=fng (2103,2844)* [filtered=0]
cnt=1 s0=fng (2103,2844)* [filtered=0]
cnt=1 s0=fng (2103,2844)* [filtered=0]
cnt=1 s0=fng (2102,2844)* [filtered=0]
cnt=1 s0=fng (2101,2844)* [filtered=0]
cnt=1 s0=fng (2101,2844)* [filtered=0]
cnt=1 s0=fng (2101,2844)* [filtered=0]
cnt=1 s0=fng (2100,2844)* [filtered=0]
cnt=1 s0=fng (2100,2844)* [filtered=0]
cnt=1 s0=fng (2099,2844)* [filtered=0]
cnt=1 s0=fng (2099,2844)* [filtered=0]
cnt=1 s0=fng (2099,2844)* [filtered=0]
cnt=1 s0=fng (2098,2844)* [filtered=0]
cnt=1 s0=fng (2097,2844)* [filtered=0]
cnt=1 s0=fng (2095,2844)* [filtered=0]
cnt=1 s0=fng (2094,2844)* [filtered=0]
cnt=1 s0=fng (2092,2844)* [filtered=0]
cnt=1 s0=fng (2089,2844)* [filtered=0]
cnt=1 s0=fng (2087,2844)* [filtered=0]
cnt=1 s0=fng (3020,2909) [filtered=0]
cnt=1 s0=fng (3020,2909) [filtered=0]
cnt=1 s0=fng (3020,2909) [filtered=0]
cnt=1 s0=fng (3020,2909) [filtered=0]
cnt=1 s0=fng (3020,2909) [filtered=0]
cnt=1 s0=fng (3020,2909) [filtered=0]
cnt=1 s0=fng (3020,2909) [filtered=0]
cnt=1 s0=fng (3020,2909) [filtered=0]
cnt=1 s0=fng (3020,2909) [filtered=0]
cnt=1 s0=fng (3020,2909) [filtered=0]
cnt=1 s0=fng (3020,2909) [filtered=0]
cnt=1 s0=fng (3020,2909) [filtered=0]
cnt=1 s0=fng (3020,2909) [filtered=0]
cnt=1 s0=fng (3020,2909) [filtered=0]
cnt=1 s0=fng (3020,2909) [filtered=0]
cnt=1 s0=fng (3020,2909) [filtered=0]
cnt=1 s0=fng (3020,2909) [filtered=0]
cnt=1 s0=fng (3020,2909) [filtered=0]
cnt=1 s0=fng (3020,2909) [filtered=0]
cnt=1 s0=fng (3020,2909) [filtered=0]
cnt=1 s0=fng (3020,2909)* [filtered=0]
cnt=1 s0=fng (3020,2909)* [filtered=0]
cnt=1 s0=fng (3020,2909)* [filtered=0]
click: x=3020 -> zone=0x111
cnt=1 s0=fng (3020,2909)* [filtered=0]
cnt=1 s0=fng (3020,2909)* [filtered=0]
cnt=1 s0=fng (3020,2909)* [filtered=0]
cnt=1 s0=fng (3020,2909)* [filtered=0]
cnt=1 s0=fng (3020,2909)* [filtered=0]
cnt=1 s0=fng (3020,2909)* [filtered=0]
cnt=1 s0=fng (3020,2909)* [filtered=0]
cnt=1 s0=fng (3020,2909)* [filtered=0]
cnt=1 s0=fng (3020,2909)* [filtered=0]
cnt=1 s0=fng (3020,2909)* [filtered=0]
cnt=1 s0=fng (3020,2909)* [filtered=0]
cnt=1 s0=fng (3020,2909)* [filtered=0]
cnt=1 s0=fng (3020,2909)* [filtered=0]
cnt=1 s0=fng (3020,2909)* [filtered=0]
cnt=1 s0=fng (3020,2909)* [filtered=0]
cnt=1 s0=fng (3020,2909)* [filtered=0]
cnt=1 s0=fng (3020,2909)* [filtered=0]
cnt=1 s0=fng (3020,2909)* [filtered=0]
cnt=1 s0=fng (3020,2909)* [filtered=0]
cnt=1 s0=fng (3020,2909)* [filtered=0]
cnt=1 s0=fng (3020,2909)* [filtered=0]
cnt=1 s0=fng (3020,2909)* [filtered=0]
cnt=1 s0=fng (3020,2909)* [filtered=0]
cnt=1 s0=fng (3020,2909)* [filtered=0]
cnt=1 s0=fng (3021,2909)* [filtered=0]
cnt=1 s0=fng (3021,2909)* [filtered=0]
cnt=1 s0=fng (3021,2909)* [filtered=0]
cnt=1 s0=fng (3022,2909)* [filtered=0]
cnt=1 s0=fng (3023,2909)* [filtered=0]
cnt=1 s0=fng (3023,2909)* [filtered=0]
cnt=1 s0=fng (3023,2909)* [filtered=0]
cnt=1 s0=fng (3024,2909)* [filtered=0]
cnt=1 s0=fng (3024,2909)* [filtered=0]
cnt=1 s0=fng (3025,2909)* [filtered=0]
cnt=1 s0=fng (3025,2909)* [filtered=0]
cnt=1 s0=fng (3025,2909)* [filtered=0]
cnt=1 s0=fng (3026,2909)* [filtered=0]
cnt=1 s0=fng (3026,2909)* [filtered=0]
cnt=1 s0=fng (3027,2909)* [filtered=0]
cnt=1 s0=fng (3027,2909)* [filtered=0]
cnt=1 s0=fng (3028,2909)* [filtered=0]
cnt=1 s0=fng (3028,2909)* [filtered=0]
cnt=1 s0=fng (3029,2909)* [filtered=0]
cnt=1 s0=fng (3029,2909)* [filtered=0]
cnt=1 s0=fng (3029,2909)* [filtered=0]
cnt=1 s0=fng (3030,2909)* [filtered=0]
cnt=1 s0=fng (3030,2909)* [filtered=0]
cnt=1 s0=fng (3031,2909)* [filtered=0]
cnt=1 s0=fng (3031,2909)* [filtered=0]
cnt=1 s0=fng (3032,2909)* [filtered=0]
cnt=1 s0=fng (3032,2909)* [filtered=0]
cnt=1 s0=fng (3033,2909)* [filtered=0]
cnt=1 s0=fng (3033,2909)* [filtered=0]
cnt=1 s0=fng (3033,2909)* [filtered=0]
cnt=1 s0=fng (3034,2909)* [filtered=0]
cnt=1 s0=fng (3034,2909)* [filtered=0]
cnt=1 s0=fng (3035,2909)* [filtered=0]
cnt=1 s0=fng (3035,2909)* [filtered=0]
cnt=1 s0=fng (3035,2909)* [filtered=0]
cnt=1 s0=fng (3036,2909)* [filtered=0]
cnt=1 s0=fng (3036,2909)* [filtered=0]
cnt=1 s0=fng (3037,2909)* [filtered=0]
cnt=1 s0=fng (3037,2909)* [filtered=0]
cnt=1 s0=fng (3037,2909)* [filtered=0]
cnt=1 s0=fng (3037,2909)* [filtered=0]
cnt=1 s0=fng (3038,2909)* [filtered=0]
cnt=1 s0=fng (3038,2909)* [filtered=0]
cnt=1 s0=fng (3038,2909)* [filtered=0]
cnt=1 s0=fng (3038,2909)* [filtered=0]
cnt=1 s0=fng (3038,2909)* [filtered=0]
cnt=1 s0=fng (3038,2909)* [filtered=0]
cnt=1 s0=fng (3038,2909)* [filtered=0]
cnt=1 s0=fng (3038,2909)* [filtered=0]
cnt=1 s0=fng (3038,2909)* [filtered=0]
cnt=1 s0=fng (3038,2909)* [filtered=0]
cnt=1 s0=fng (3038,2909)* [filtered=0]
cnt=1 s0=fng (3038,2909)* [filtered=0]
cnt=1 s0=fng (3038,2909)* [filtered=0]
cnt=1 s0=fng (3038,2909)* [filtered=0]
cnt=1 s0=fng (3038,2909)* [filtered=0]
cnt=1 s0=fng (3038,2909)* [filtered=0]
cnt=1 s0=fng (3038,2909)* [filtered=0]
cnt=1 s0=fng (3038,2909)* [filtered=0]
cnt=1 s0=fng (3038,2909)* [filtered=0]
cnt=1 s0=fng (3038,2909)* [filtered=0]
cnt=1 s0=fng (3038,2909)* [filtered=0]
cnt=1 s0=fng (3038,2909)* [filtered=0]
cnt=1 s0=fng (3038,2909)* [filtered=0]
cnt=1 s0=fng (3038,2909)* [filtered=0]
click: x=3038 -> zone=0x111
cnt=1 s0=fng (3038,2909)* [filtered=0]
cnt=1 s0=fng (3038,2909)* [filtered=0]
cnt=1 s0=fng (3038,2909)* [filtered=0]
cnt=1 s0=fng (3038,2909)* [filtered=0]
cnt=1 s0=fng (3038,2909)* [filtered=0]
cnt=1 s0=fng (3038,2909)* [filtered=0]
cnt=1 s0=fng (3038,2909)* [filtered=0]
cnt=1 s0=fng (3038,2909)* [filtered=0]
cnt=1 s0=fng (3038,2909)* [filtered=0]
cnt=1 s0=fng (3038,2909)* [filtered=0]
cnt=1 s0=fng (3038,2909)* [filtered=0]
cnt=1 s0=fng (3038,2909)* [filtered=0]
cnt=1 s0=fng (3038,2909)* [filtered=0]
cnt=1 s0=fng (3038,2909)* [filtered=0]
cnt=1 s0=fng (3038,2909)* [filtered=0]
cnt=1 s0=fng (3038,2909)* [filtered=0]
cnt=1 s0=fng (3038,2909)* [filtered=0]
cnt=1 s0=fng (3038,2909)* [filtered=0]
cnt=1 s0=fng (3038,2909)* [filtered=0]
cnt=1 s0=fng (3038,2909)* [filtered=0]
cnt=1 s0=fng (3038,2909)* [filtered=0]
cnt=1 s0=fng (3038,2909)* [filtered=0]
cnt=1 s0=fng (3038,2909)* [filtered=0]
cnt=1 s0=fng (3038,2909)* [filtered=0]
cnt=1 s0=fng (3038,2909)* [filtered=0]
cnt=1 s0=fng (3038,2909)* [filtered=0]
cnt=1 s0=fng (3038,2909)* [filtered=0]
cnt=1 s0=fng (3038,2909)* [filtered=0]
cnt=1 s0=fng (3038,2909)* [filtered=0]
cnt=1 s0=fng (3038,2909)* [filtered=0]
cnt=1 s0=fng (3038,2909)* [filtered=0]
cnt=1 s0=fng (3038,2909)* [filtered=0]
cnt=1 s0=fng (3038,2909)* [filtered=0]
cnt=1 s0=fng (3038,2909)* [filtered=0]
cnt=1 s0=fng (3038,2909)* [filtered=0]
cnt=1 s0=fng (3038,2909)* [filtered=0]
cnt=1 s0=fng (3038,2909)* [filtered=0]
cnt=1 s0=fng (3038,2909)* [filtered=0]
cnt=1 s0=fng (3038,2909)* [filtered=0]
cnt=1 s0=fng (3038,2909)* [filtered=0]
cnt=1 s0=fng (3038,2909)* [filtered=0]
cnt=1 s0=fng (3038,2909)* [filtered=0]
cnt=1 s0=fng (3038,2909)* [filtered=0]
cnt=1 s0=fng (3038,2909)* [filtered=0]
cnt=1 s0=fng (3038,2909)* [filtered=0]
cnt=1 s0=fng (3038,2909)* [filtered=0]
cnt=1 s0=fng (3038,2909)* [filtered=0]
cnt=1 s0=fng (3038,2909)* [filtered=0]
cnt=1 s0=fng (3038,2909)* [filtered=0]
cnt=1 s0=fng (3038,2909)* [filtered=0]
cnt=1 s0=fng (3038,2909)* [filtered=0]
cnt=1 s0=fng (3038,2909)* [filtered=0]
cnt=1 s0=fng (3038,2909)* [filtered=0]
cnt=1 s0=fng (3038,2909)* [filtered=0]
cnt=1 s0=fng (3038,2909)* [filtered=0]
cnt=1 s0=fng (3038,2909)* [filtered=0]
cnt=1 s0=fng (3038,2909)* [filtered=0]
cnt=1 s0=fng (3038,2909)* [filtered=0]
cnt=1 s0=fng (3038,2909)* [filtered=0]
cnt=1 s0=fng (3038,2909)* [filtered=0]
cnt=1 s0=fng (3038,2909)* [filtered=0]
cnt=1 s0=fng (3038,2909)* [filtered=0]
cnt=1 s0=fng (3038,2909)* [filtered=0]
cnt=1 s0=fng (3038,2909)* [filtered=0]
cnt=1 s0=fng (3038,2909)* [filtered=0]
cnt=1 s0=fng (3038,2909)* [filtered=0]
cnt=1 s0=fng (3038,2909)* [filtered=0]
cnt=1 s0=fng (3038,2909)* [filtered=0]
cnt=1 s0=fng (3038,2909)* [filtered=0]
cnt=1 s0=fng (3038,2909)* [filtered=0]
cnt=1 s0=fng (3038,2909)* [filtered=0]
click: x=3038 -> zone=0x111
cnt=1 s0=fng (3038,2909)* [filtered=0]
cnt=1 s0=fng (3038,2909)* [filtered=0]
cnt=1 s0=fng (3038,2909)* [filtered=0]
cnt=1 s0=fng (3038,2909)* [filtered=0]
cnt=1 s0=fng (3038,2909)* [filtered=0]
cnt=1 s0=fng (3038,2909)* [filtered=0]
cnt=1 s0=fng (3038,2909)* [filtered=0]
cnt=1 s0=fng (3038,2909)* [filtered=0]
cnt=1 s0=fng (3038,2909)* [filtered=0]
cnt=1 s0=fng (3038,2909)* [filtered=0]
cnt=1 s0=fng (3038,2909)* [filtered=0]
cnt=1 s0=fng (3038,2909)* [filtered=0]
cnt=1 s0=fng (3038,2909)* [filtered=0]
cnt=1 s0=fng (3038,2909)* [filtered=0]
cnt=1 s0=fng (3038,2909)* [filtered=0]
cnt=1 s0=fng (3038,2909)* [filtered=0]
cnt=1 s0=fng (3038,2909)* [filtered=0]
cnt=1 s0=fng (3038,2909)* [filtered=0]
cnt=1 s0=fng (3038,2909)* [filtered=0]
cnt=1 s0=fng (3038,2909)* [filtered=0]
cnt=1 s0=fng (3038,2909)* [filtered=0]
cnt=1 s0=fng (3038,2909)* [filtered=0]
cnt=1 s0=fng (3038,2909)* [filtered=0]
cnt=1 s0=fng (3038,2909)* [filtered=0]
cnt=1 s0=fng (3038,2909)* [filtered=0]
cnt=1 s0=fng (3038,2909)* [filtered=0]
cnt=1 s0=fng (3038,2909)* [filtered=0]
cnt=1 s0=fng (3038,2909)* [filtered=0]
cnt=1 s0=fng (3038,2909)* [filtered=0]
cnt=1 s0=fng (3038,2909)* [filtered=0]
cnt=1 s0=fng (3038,2909)* [filtered=0]
cnt=1 s0=fng (3038,2909)* [filtered=0]
cnt=1 s0=fng (3038,2909)* [filtered=0]
cnt=1 s0=fng (3038,2909)* [filtered=0]
cnt=1 s0=fng (3038,2909)* [filtered=0]
cnt=1 s0=fng (3038,2909)* [filtered=0]
cnt=1 s0=fng (3038,2909)* [filtered=0]
cnt=1 s0=fng (3038,2909)* [filtered=0]
cnt=1 s0=fng (3038,2909)* [filtered=0]
cnt=1 s0=fng (3038,2909)* [filtered=0]
cnt=1 s0=fng (3039,2909)* [filtered=0]
cnt=1 s0=fng (3039,2909)* [filtered=0]
cnt=1 s0=fng (3039,2909)* [filtered=0]
cnt=1 s0=fng (3040,2909)* [filtered=0]
cnt=1 s0=fng (3041,2909)* [filtered=0]
cnt=1 s0=fng (3041,2909)* [filtered=0]
cnt=1 s0=fng (3042,2909)* [filtered=0]
cnt=1 s0=fng (3042,2909)* [filtered=0]
cnt=1 s0=fng (3042,2909)* [filtered=0]
cnt=1 s0=fng (3043,2909)* [filtered=0]
cnt=1 s0=fng (3043,2909)* [filtered=0]
cnt=1 s0=fng (3043,2909)* [filtered=0]
cnt=1 s0=fng (3043,2909)* [filtered=0]
cnt=1 s0=fng (3043,2909)* [filtered=0]
cnt=1 s0=fng (3043,2909)* [filtered=0]
cnt=1 s0=fng (3043,2909)* [filtered=0]
cnt=1 s0=fng (3043,2909)* [filtered=0]
cnt=1 s0=fng (3043,2909)* [filtered=0]
cnt=1 s0=fng (3043,2909)* [filtered=0]
cnt=1 s0=fng (3043,2909)* [filtered=0]
cnt=1 s0=fng (3043,2909)* [filtered=0]
cnt=1 s0=fng (3043,2909)* [filtered=0]
cnt=1 s0=fng (3043,2909)* [filtered=0]
cnt=1 s0=fng (3043,2909)* [filtered=0]
cnt=1 s0=fng (3043,2909)* [filtered=0]
cnt=1 s0=fng (3043,2909)* [filtered=0]
cnt=1 s0=fng (3043,2909)* [filtered=0]
cnt=1 s0=fng (3043,2909)* [filtered=0]
cnt=1 s0=fng (3043,2909)* [filtered=0]
cnt=1 s0=fng (3043,2909)* [filtered=0]
cnt=1 s0=fng (3043,2909)* [filtered=0]
cnt=1 s0=fng (3043,2909)* [filtered=0]
cnt=1 s0=fng (3043,2910)* [filtered=0]
cnt=1 s0=fng (3043,2911)* [filtered=0]
cnt=1 s0=fng (3043,2911)* [filtered=0]
cnt=1 s0=fng (3043,2911)* [filtered=0]
cnt=1 s0=fng (3043,2912)* [filtered=0]
cnt=2 s0=PALM(3043,2912)* s1=PALM(1844,2811) [filtered=1]
cnt=2 s0=PALM(3044,2913)* s1=PALM(1844,2811) [filtered=2]
cnt=2 s0=PALM(3044,2914)* s1=PALM(1844,2811) [filtered=3]
cnt=2 s0=PALM(3045,2915)* s1=PALM(1844,2811) [filtered=4]
cnt=2 s0=PALM(3045,2916)* s1=PALM(1844,2811) [filtered=5]
cnt=2 s0=PALM(3046,2918)* s1=PALM(1844,2811) [filtered=6]
cnt=2 s0=PALM(3046,2919)* s1=PALM(1844,2811) [filtered=7]
cnt=2 s0=PALM(3046,2920)* s1=PALM(1844,2811) [filtered=8]
cnt=2 s0=PALM(3047,2921)* s1=PALM(1844,2811) [filtered=9]
cnt=2 s0=PALM(3047,2922)* s1=PALM(1844,2811) [filtered=10]
cnt=2 s0=PALM(3048,2923)* s1=PALM(1844,2811) [filtered=11]
cnt=2 s0=PALM(3048,2924)* s1=PALM(1844,2811) [filtered=12]
cnt=2 s0=PALM(3048,2925)* s1=PALM(1844,2811) [filtered=13]
cnt=2 s0=PALM(3049,2926)* s1=PALM(1844,2811) [filtered=14]
cnt=2 s0=PALM(3050,2927)* s1=PALM(1844,2811) [filtered=15]
cnt=2 s0=PALM(3050,2928)* s1=PALM(1844,2811) [filtered=16]
cnt=2 s0=PALM(3050,2928)* s1=PALM(1844,2811) [filtered=17]
cnt=2 s0=PALM(3051,2929)* s1=PALM(1844,2811) [filtered=18]
cnt=2 s0=PALM(3052,2930)* s1=PALM(1844,2812) [filtered=19]
cnt=2 s0=PALM(3053,2932)* s1=PALM(1844,2813) [filtered=20]
cnt=2 s0=PALM(3054,2933)* s1=PALM(1844,2813)* [filtered=21]
cnt=2 s0=PALM(3055,2935)* s1=PALM(1845,2813)* [filtered=22]
cnt=2 s0=PALM(3056,2937)* s1=PALM(1846,2814)* [filtered=23]
cnt=1 s1=fng (1846,2814)* [filtered=23]
cnt=1 s1=fng (1847,2815)* [filtered=23]
cnt=1 s1=fng (1847,2815)* [filtered=23]
cnt=1 s1=fng (1847,2815)* [filtered=23]
cnt=1 s1=fng (1847,2816)* [filtered=23]
click: x=1847 -> zone=0x110
cnt=1 s1=fng (1847,2817)* [filtered=23]
cnt=1 s1=fng (1847,2817)* [filtered=23]
cnt=1 s1=fng (1847,2818)* [filtered=23]
cnt=1 s1=fng (1847,2818)* [filtered=23]
cnt=1 s1=fng (1848,2818)* [filtered=23]
cnt=1 s1=fng (1848,2819)* [filtered=23]
cnt=1 s1=fng (1848,2819)* [filtered=23]
cnt=1 s1=fng (1848,2819)* [filtered=23]
cnt=1 s1=fng (1848,2819)* [filtered=23]
cnt=1 s1=fng (1849,2819)* [filtered=23]
cnt=1 s1=fng (1849,2819)* [filtered=23]
cnt=1 s1=fng (1850,2819)* [filtered=23]
cnt=1 s1=fng (1850,2819)* [filtered=23]
cnt=1 s1=fng (1850,2819)* [filtered=23]
cnt=1 s1=fng (1850,2819)* [filtered=23]
cnt=1 s1=fng (1851,2819)* [filtered=23]
cnt=1 s1=fng (1851,2819)* [filtered=23]
cnt=1 s1=fng (1851,2819)* [filtered=23]
cnt=1 s1=fng (1851,2819)* [filtered=23]
cnt=1 s1=fng (1851,2819)* [filtered=23]
cnt=1 s1=fng (1852,2819)* [filtered=23]
cnt=1 s1=fng (1852,2819)* [filtered=23]
cnt=1 s1=fng (1852,2819)* [filtered=23]
cnt=1 s1=fng (1853,2819)* [filtered=23]
cnt=1 s1=fng (1853,2819)* [filtered=23]
cnt=1 s1=fng (1853,2819)* [filtered=23]
cnt=1 s1=fng (1853,2819)* [filtered=23]
cnt=1 s1=fng (1853,2819)* [filtered=23]
cnt=1 s1=fng (1853,2819)* [filtered=23]
cnt=1 s1=fng (1853,2819)* [filtered=23]
cnt=1 s1=fng (1853,2819)* [filtered=23]
cnt=1 s1=fng (1853,2819)* [filtered=23]
cnt=1 s1=fng (1853,2819)* [filtered=23]
cnt=1 s1=fng (1853,2819)* [filtered=23]
cnt=1 s1=fng (1853,2819)* [filtered=23]
cnt=1 s1=fng (1853,2819)* [filtered=23]
cnt=1 s1=fng (1853,2819)* [filtered=23]
cnt=1 s1=fng (1853,2819)* [filtered=23]
cnt=1 s1=fng (1853,2819)* [filtered=23]
cnt=1 s1=fng (1854,2819)* [filtered=23]
cnt=1 s1=fng (1854,2819)* [filtered=23]
cnt=1 s1=fng (1854,2819)* [filtered=23]
cnt=1 s1=fng (1854,2819)* [filtered=23]
cnt=1 s1=fng (1854,2819)* [filtered=23]
cnt=1 s1=fng (1854,2819)* [filtered=23]
cnt=1 s1=fng (1854,2819)* [filtered=23]
cnt=1 s1=fng (1854,2819)* [filtered=23]
cnt=1 s1=fng (1854,2819)* [filtered=23]
cnt=1 s1=fng (1854,2819)* [filtered=23]
cnt=1 s1=fng (1854,2819)* [filtered=23]
cnt=1 s1=fng (1854,2819)* [filtered=23]
cnt=1 s1=fng (1854,2819)* [filtered=23]
cnt=1 s1=fng (1854,2819)* [filtered=23]
cnt=1 s1=fng (1854,2819)* [filtered=23]
cnt=1 s1=fng (1854,2819)* [filtered=23]
cnt=1 s1=fng (1854,2819)* [filtered=23]
cnt=1 s1=fng (1854,2819)* [filtered=23]
cnt=1 s1=fng (1854,2819)* [filtered=23]
cnt=1 s1=fng (1854,2819)* [filtered=23]
cnt=1 s1=fng (1854,2819)* [filtered=23]
cnt=1 s1=fng (1854,2819)* [filtered=23]
cnt=1 s1=fng (1854,2819)* [filtered=23]
cnt=1 s1=fng (1854,2819)* [filtered=23]
cnt=1 s1=fng (1854,2819)* [filtered=23]
cnt=1 s1=fng (1854,2819)* [filtered=23]
cnt=1 s1=fng (1854,2819)* [filtered=23]
cnt=1 s1=fng (1854,2819)* [filtered=23]
cnt=1 s1=fng (1854,2819)* [filtered=23]
cnt=1 s1=fng (1854,2819)* [filtered=23]
cnt=1 s1=fng (1854,2819)* [filtered=23]
cnt=1 s1=fng (1854,2819)* [filtered=23]
cnt=1 s1=fng (1854,2819)* [filtered=23]
cnt=1 s1=fng (1854,2819)* [filtered=23]
cnt=1 s1=fng (1854,2819)* [filtered=23]
cnt=1 s1=fng (1854,2819)* [filtered=23]
cnt=1 s1=fng (1854,2819)* [filtered=23]
cnt=1 s1=fng (1854,2819)* [filtered=23]
cnt=1 s1=fng (1854,2819)* [filtered=23]
cnt=1 s1=fng (1854,2819)* [filtered=23]
cnt=1 s1=fng (1854,2819)* [filtered=23]
cnt=1 s1=fng (1854,2819)* [filtered=23]
cnt=1 s1=fng (1854,2819)* [filtered=23]
cnt=1 s1=fng (1854,2819)* [filtered=23]
cnt=1 s1=fng (1854,2819)* [filtered=23]
cnt=1 s1=fng (1854,2819)* [filtered=23]
cnt=1 s1=fng (1854,2819)* [filtered=23]
cnt=1 s1=fng (1854,2819)* [filtered=23]
cnt=1 s1=fng (1854,2819)* [filtered=23]
cnt=1 s1=fng (1854,2819)* [filtered=23]
cnt=1 s1=fng (1854,2819)* [filtered=23]
cnt=1 s1=fng (1854,2819)* [filtered=23]
cnt=1 s1=fng (1854,2819)* [filtered=23]
cnt=1 s1=fng (1854,2819)* [filtered=23]
cnt=1 s1=fng (1854,2819)* [filtered=23]
cnt=1 s1=fng (1854,2819)* [filtered=23]
cnt=1 s1=fng (1854,2819)* [filtered=23]
cnt=1 s1=fng (1854,2819)* [filtered=23]
cnt=1 s1=fng (1854,2819)* [filtered=23]
cnt=1 s1=fng (1854,2819)* [filtered=23]
cnt=1 s1=fng (1854,2819)* [filtered=23]
cnt=1 s1=fng (1854,2819)* [filtered=23]
cnt=1 s1=fng (1854,2819)* [filtered=23]
cnt=1 s1=fng (1854,2819)* [filtered=23]
cnt=1 s1=fng (1854,2819)* [filtered=23]
cnt=1 s1=fng (1854,2819)* [filtered=23]
cnt=1 s1=fng (1854,2819)* [filtered=23]
cnt=1 s1=fng (1854,2819)* [filtered=23]
cnt=1 s1=fng (1854,2819)* [filtered=23]
cnt=1 s1=fng (1854,2819)* [filtered=23]
cnt=1 s1=fng (1854,2819)* [filtered=23]
cnt=1 s1=fng (1854,2819)* [filtered=23]
cnt=1 s1=fng (1854,2819)* [filtered=23]
cnt=1 s1=fng (1854,2819)* [filtered=23]
click: x=1854 -> zone=0x110
cnt=1 s1=fng (1854,2819)* [filtered=23]
cnt=1 s1=fng (1854,2819)* [filtered=23]
cnt=1 s1=fng (1854,2819)* [filtered=23]
cnt=1 s1=fng (1854,2819)* [filtered=23]
cnt=1 s1=fng (1854,2819)* [filtered=23]
cnt=1 s1=fng (1854,2819)* [filtered=23]
cnt=1 s1=fng (1854,2819)* [filtered=23]
cnt=1 s1=fng (1854,2819)* [filtered=23]
cnt=1 s1=fng (1854,2819)* [filtered=23]
cnt=1 s1=fng (1854,2819)* [filtered=23]
cnt=1 s1=fng (1854,2819)* [filtered=23]
cnt=1 s1=fng (1854,2819)* [filtered=23]
cnt=1 s1=fng (1854,2819)* [filtered=23]
cnt=1 s1=fng (1854,2819)* [filtered=23]
cnt=1 s1=fng (1854,2819)* [filtered=23]
cnt=1 s1=fng (1854,2819)* [filtered=23]
cnt=1 s1=fng (1854,2819)* [filtered=23]
cnt=1 s1=fng (1854,2819)* [filtered=23]
cnt=1 s1=fng (1854,2819)* [filtered=23]
cnt=1 s1=fng (1854,2819)* [filtered=23]
cnt=1 s1=fng (1854,2819)* [filtered=23]
cnt=1 s1=fng (1854,2819)* [filtered=23]
cnt=1 s1=fng (1854,2819)* [filtered=23]
cnt=1 s1=fng (1854,2819)* [filtered=23]
cnt=1 s1=fng (1854,2819)* [filtered=23]
cnt=1 s1=fng (1854,2819)* [filtered=23]
cnt=1 s1=fng (1854,2819)* [filtered=23]
cnt=1 s1=fng (1854,2819)* [filtered=23]
cnt=1 s1=fng (1854,2819)* [filtered=23]
cnt=1 s1=fng (1854,2819)* [filtered=23]
cnt=1 s1=fng (1854,2819)* [filtered=23]
cnt=1 s1=fng (1854,2819)* [filtered=23]
cnt=1 s1=fng (1854,2819)* [filtered=23]
cnt=1 s1=fng (1854,2819)* [filtered=23]
cnt=1 s1=fng (1854,2819)* [filtered=23]
cnt=1 s1=fng (1854,2819)* [filtered=23]
cnt=1 s1=fng (1854,2819)* [filtered=23]
cnt=1 s1=fng (1854,2819)* [filtered=23]
cnt=1 s1=fng (1854,2819)* [filtered=23]
cnt=1 s1=fng (1854,2819)* [filtered=23]
cnt=1 s1=fng (1854,2819)* [filtered=23]
cnt=1 s1=fng (1854,2819)* [filtered=23]
cnt=1 s1=fng (1854,2819)* [filtered=23]
cnt=1 s1=fng (1854,2819)* [filtered=23]
cnt=1 s1=fng (1854,2819)* [filtered=23]
cnt=1 s1=fng (1854,2819)* [filtered=23]
cnt=1 s1=fng (1854,2819)* [filtered=23]
cnt=1 s1=fng (1854,2819)* [filtered=23]
cnt=1 s1=fng (1854,2819)* [filtered=23]
cnt=1 s1=fng (1854,2819)* [filtered=23]
cnt=1 s1=fng (1854,2819)* [filtered=23]
cnt=1 s1=fng (1854,2819)* [filtered=23]
cnt=1 s1=fng (1854,2819)* [filtered=23]
cnt=1 s1=fng (1854,2819)* [filtered=23]
cnt=1 s1=fng (1854,2819)* [filtered=23]
cnt=1 s1=fng (1854,2819)* [filtered=23]
cnt=1 s1=fng (1854,2819)* [filtered=23]
cnt=1 s1=fng (1854,2819)* [filtered=23]
cnt=1 s1=fng (1854,2819)* [filtered=23]
cnt=1 s1=fng (1854,2819)* [filtered=23]
cnt=1 s1=fng (1854,2819)* [filtered=23]
cnt=1 s1=fng (1854,2819)* [filtered=23]
cnt=1 s1=fng (1854,2819)* [filtered=23]
cnt=1 s1=fng (1854,2819)* [filtered=23]
cnt=1 s1=fng (1854,2819)* [filtered=23]
cnt=1 s1=fng (1854,2819)* [filtered=23]
click: x=1854 -> zone=0x110
cnt=1 s1=fng (1854,2819)* [filtered=23]
cnt=1 s1=fng (1854,2819)* [filtered=23]
cnt=1 s1=fng (1854,2819)* [filtered=23]
cnt=1 s1=fng (1854,2819)* [filtered=23]
cnt=1 s1=fng (1854,2819)* [filtered=23]
cnt=1 s1=fng (1854,2819)* [filtered=23]
cnt=1 s1=fng (1854,2819)* [filtered=23]
cnt=1 s1=fng (1854,2819)* [filtered=23]
cnt=1 s1=fng (1854,2819)* [filtered=23]
cnt=1 s1=fng (1854,2819)* [filtered=23]
cnt=1 s1=fng (1854,2819)* [filtered=23]
cnt=1 s1=fng (1854,2819)* [filtered=23]
cnt=1 s1=fng (1854,2819)* [filtered=23]
cnt=1 s1=fng (1854,2819)* [filtered=23]
cnt=1 s1=fng (1854,2819)* [filtered=23]
cnt=1 s1=fng (1854,2819)* [filtered=23]
cnt=1 s1=fng (1854,2819)* [filtered=23]
cnt=1 s1=fng (1854,2819)* [filtered=23]
cnt=1 s1=fng (1854,2819)* [filtered=23]
cnt=1 s1=fng (1854,2819)* [filtered=23]
cnt=1 s1=fng (1854,2819)* [filtered=23]
cnt=1 s1=fng (1854,2819)* [filtered=23]
cnt=1 s1=fng (1854,2819)* [filtered=23]
cnt=1 s1=fng (1854,2819)* [filtered=23]
cnt=1 s1=fng (1854,2819)* [filtered=23]
cnt=1 s1=fng (1854,2819)* [filtered=23]
cnt=1 s1=fng (1854,2819)* [filtered=23]
cnt=1 s1=fng (1854,2819)* [filtered=23]
cnt=1 s1=fng (1854,2819)* [filtered=23]
cnt=1 s1=fng (1854,2819)* [filtered=23]
cnt=1 s1=fng (1854,2819)* [filtered=23]
cnt=1 s1=fng (1854,2819)* [filtered=23]
cnt=1 s1=fng (1854,2819)* [filtered=23]
cnt=1 s1=fng (1854,2819)* [filtered=23]
cnt=1 s1=fng (1854,2819)* [filtered=23]
cnt=1 s1=fng (1854,2819)* [filtered=23]
cnt=1 s1=fng (1854,2819)* [filtered=23]
cnt=1 s1=fng (1854,2819)* [filtered=23]
cnt=1 s1=fng (1854,2819)* [filtered=23]
cnt=1 s1=fng (1854,2819)* [filtered=23]
cnt=1 s1=fng (1854,2819)* [filtered=23]
cnt=1 s1=fng (1854,2819)* [filtered=23]
cnt=1 s1=fng (1854,2819)* [filtered=23]
cnt=1 s1=fng (1854,2819)* [filtered=23]
cnt=1 s1=fng (1854,2819)* [filtered=23]
cnt=1 s1=fng (1854,2819)* [filtered=23]
cnt=1 s1=fng (1854,2819)* [filtered=23]
cnt=1 s1=fng (1854,2819)* [filtered=23]
cnt=1 s1=fng (1854,2819)* [filtered=23]
cnt=1 s1=fng (1854,2819)* [filtered=23]
cnt=1 s1=fng (1854,2819)* [filtered=23]
cnt=1 s1=fng (1854,2819)* [filtered=23]
cnt=1 s1=fng (1854,2819)* [filtered=23]
cnt=1 s1=fng (1854,2819)* [filtered=23]
cnt=1 s1=fng (1854,2819)* [filtered=23]
cnt=1 s1=fng (1854,2819)* [filtered=23]
cnt=1 s1=fng (1854,2819)* [filtered=23]
cnt=1 s1=fng (1854,2819)* [filtered=23]
cnt=1 s1=fng (1854,2819)* [filtered=23]
cnt=1 s1=fng (1854,2819)* [filtered=23]
cnt=1 s1=fng (1854,2819)* [filtered=23]
cnt=1 s1=fng (1854,2819)* [filtered=23]
cnt=1 s1=fng (1854,2819)* [filtered=23]
cnt=1 s1=fng (1854,2819)* [filtered=23]
cnt=1 s1=fng (1854,2819)* [filtered=23]
cnt=1 s1=fng (1854,2819)* [filtered=23]
cnt=1 s1=fng (1854,2819)* [filtered=23]
cnt=1 s1=fng (1854,2819)* [filtered=23]
cnt=1 s1=fng (1854,2819)* [filtered=23]
cnt=1 s1=fng (1854,2819)* [filtered=23]
cnt=1 s1=fng (1854,2819)* [filtered=23]
cnt=1 s1=fng (1854,2819)* [filtered=23]
cnt=1 s1=fng (1854,2819)* [filtered=23]
cnt=1 s1=fng (1854,2819)* [filtered=23]
cnt=1 s1=fng (1854,2819)* [filtered=23]
cnt=1 s1=fng (1854,2819)* [filtered=23]
cnt=1 s1=fng (1854,2819)* [filtered=23]
cnt=1 s1=fng (1854,2819)* [filtered=23]
cnt=1 s1=fng (1854,2819)* [filtered=23]
cnt=1 s1=fng (1854,2819)* [filtered=23]
cnt=1 s1=fng (1854,2819)* [filtered=23]
cnt=1 s1=fng (1854,2819)* [filtered=23]
cnt=1 s1=fng (1854,2819)* [filtered=23]
cnt=1 s1=fng (1854,2819)* [filtered=23]
cnt=1 s1=fng (1854,2819)* [filtered=23]
cnt=1 s1=fng (1854,2819)* [filtered=23]
cnt=1 s1=fng (1854,2819)* [filtered=23]
cnt=1 s1=fng (1854,2819)* [filtered=23]
cnt=1 s1=fng (1854,2819)* [filtered=23]
cnt=1 s1=fng (1854,2819)* [filtered=23]
cnt=1 s1=fng (1854,2819)* [filtered=23]
cnt=1 s1=fng (1854,2819)* [filtered=23]
cnt=1 s1=fng (1855,2819)* [filtered=23]
cnt=1 s1=fng (1855,2819)* [filtered=23]
cnt=1 s1=fng (1856,2819)* [filtered=23]
cnt=1 s1=fng (1856,2819)* [filtered=23]
cnt=1 s1=fng (1857,2819)* [filtered=23]
cnt=1 s1=fng (1858,2820)* [filtered=23]
cnt=1 s1=fng (1860,2821)* [filtered=23]
cnt=1 s1=fng (1862,2822)* [filtered=23]
cnt=1 s1=fng (1863,2823)* [filtered=23]
cnt=1 s1=fng (1865,2824)* [filtered=23]
cnt=1 s1=fng (1868,2826) [filtered=23]
cnt=1 s1=fng (1872,2828) [filtered=23]
cnt=1 s1=fng (1877,2831) [filtered=23]
cnt=1 s1=fng (1881,2832) [filtered=23]
cnt=1 s1=fng (1886,2834) [filtered=23]
cnt=1 s1=fng (1892,2837) [filtered=23]
cnt=1 s1=fng (1900,2841) [filtered=23]
cnt=1 s1=fng (1907,2844) [filtered=23]
cnt=1 s1=fng (1916,2848) [filtered=23]
cnt=1 s1=fng (1925,2852) [filtered=23]
cnt=1 s1=fng (1935,2856) [filtered=23]
cnt=1 s1=fng (1946,2861) [filtered=23]
cnt=1 s1=fng (1956,2865) [filtered=23]
cnt=1 s1=fng (1967,2870) [filtered=23]
cnt=1 s1=fng (1978,2874) [filtered=23]
cnt=1 s1=fng (1989,2878) [filtered=23]
cnt=1 s1=fng (1999,2882) [filtered=23]
cnt=1 s1=fng (2009,2885) [filtered=23]
cnt=1 s1=fng (2019,2888) [filtered=23]
cnt=1 s1=fng (2028,2890) [filtered=23]
cnt=1 s1=fng (2037,2893) [filtered=23]
cnt=1 s1=fng (2045,2895) [filtered=23]
cnt=1 s1=fng (2053,2897) [filtered=23]
cnt=1 s1=fng (2060,2898) [filtered=23]
cnt=1 s1=fng (2066,2900) [filtered=23]
cnt=1 s1=fng (2072,2902) [filtered=23]
cnt=1 s1=fng (2077,2903) [filtered=23]
cnt=1 s1=fng (2081,2904) [filtered=23]
cnt=1 s1=fng (2086,2905) [filtered=23]
cnt=1 s1=fng (2091,2906) [filtered=23]
cnt=1 s1=fng (2096,2907) [filtered=23]
cnt=1 s1=fng (2100,2908) [filtered=23]
cnt=1 s1=fng (2104,2909) [filtered=23]
click: x=2107 -> zone=0x112
cnt=1 s1=fng (2107,2909) [filtered=23]
cnt=1 s1=fng (2111,2910) [filtered=23]
cnt=1 s1=fng (2114,2910) [filtered=23]
cnt=1 s1=fng (2117,2911) [filtered=23]
cnt=1 s1=fng (2119,2911) [filtered=23]
cnt=1 s1=fng (2121,2912) [filtered=23]
cnt=1 s1=fng (2124,2912) [filtered=23]
cnt=1 s1=fng (2126,2912) [filtered=23]
cnt=1 s1=fng (2128,2912) [filtered=23]
cnt=1 s1=fng (2130,2912) [filtered=23]
cnt=1 s1=fng (2132,2912) [filtered=23]
cnt=1 s1=fng (2134,2912) [filtered=23]
cnt=1 s1=fng (2135,2912) [filtered=23]
cnt=1 s1=fng (2137,2912) [filtered=23]
cnt=1 s1=fng (2139,2912) [filtered=23]
cnt=1 s1=fng (2141,2912) [filtered=23]
cnt=1 s1=fng (2142,2912) [filtered=23]
cnt=1 s1=fng (2144,2912) [filtered=23]
cnt=1 s1=fng (2146,2912) [filtered=23]
cnt=1 s1=fng (2147,2912) [filtered=23]
cnt=1 s1=fng (2149,2912) [filtered=23]
cnt=1 s1=fng (2150,2912) [filtered=23]
cnt=1 s1=fng (2151,2912) [filtered=23]
cnt=1 s1=fng (2152,2912)* [filtered=23]
cnt=1 s1=fng (2153,2912)* [filtered=23]
cnt=1 s1=fng (2153,2912)* [filtered=23]
cnt=1 s1=fng (2153,2912)* [filtered=23]
cnt=1 s1=fng (2153,2912)* [filtered=23]
cnt=1 s1=fng (2153,2912)* [filtered=23]
cnt=1 s1=fng (2153,2912)* [filtered=23]
cnt=1 s1=fng (2153,2912)* [filtered=23]
cnt=1 s1=fng (2153,2912)* [filtered=23]
cnt=1 s1=fng (2153,2912)* [filtered=23]
cnt=1 s1=fng (2153,2912)* [filtered=23]
cnt=1 s1=fng (2153,2912)* [filtered=23]
cnt=1 s1=fng (2153,2912)* [filtered=23]
cnt=1 s1=fng (2152,2912)* [filtered=23]
cnt=1 s1=fng (2152,2912)* [filtered=23]
cnt=1 s1=fng (2152,2912)* [filtered=23]
cnt=1 s1=fng (2151,2912)* [filtered=23]
cnt=1 s1=fng (2151,2912)* [filtered=23]
cnt=1 s1=fng (2151,2912)* [filtered=23]
cnt=1 s1=fng (2151,2912)* [filtered=23]
cnt=1 s1=fng (2151,2913)* [filtered=23]
cnt=1 s1=fng (2151,2913)* [filtered=23]
cnt=1 s1=fng (2151,2913)* [filtered=23]
cnt=1 s1=fng (2150,2913)* [filtered=23]
cnt=1 s1=fng (2150,2913)* [filtered=23]
cnt=1 s1=fng (2150,2913)* [filtered=23]
cnt=1 s1=fng (2150,2913)* [filtered=23]
cnt=1 s1=fng (2149,2913)* [filtered=23]
cnt=1 s1=fng (2149,2913)* [filtered=23]
cnt=1 s1=fng (2149,2913)* [filtered=23]
cnt=1 s1=fng (2149,2913)* [filtered=23]
cnt=1 s1=fng (2149,2913)* [filtered=23]
cnt=1 s1=fng (2148,2913)* [filtered=23]
cnt=1 s1=fng (2148,2913)* [filtered=23]
cnt=1 s1=fng (2147,2913)* [filtered=23]
cnt=1 s1=fng (2147,2913)* [filtered=23]
cnt=1 s1=fng (2147,2913)* [filtered=23]
cnt=1 s1=fng (2147,2913)* [filtered=23]
cnt=1 s1=fng (2147,2913)* [filtered=23]
cnt=1 s1=fng (2147,2913)* [filtered=23]
click: x=2147 -> zone=0x112
cnt=1 s1=fng (2147,2913)* [filtered=23]
cnt=1 s1=fng (2147,2913)* [filtered=23]
cnt=1 s1=fng (2147,2913)* [filtered=23]
cnt=1 s1=fng (2147,2913)* [filtered=23]
cnt=1 s1=fng (2147,2913)* [filtered=23]
cnt=1 s1=fng (2147,2913)* [filtered=23]
cnt=1 s1=fng (2147,2913)* [filtered=23]
cnt=1 s1=fng (2147,2913)* [filtered=23]
cnt=1 s1=fng (2147,2913)* [filtered=23]
cnt=1 s1=fng (2147,2913)* [filtered=23]
cnt=1 s1=fng (2147,2913)* [filtered=23]
cnt=1 s1=fng (2147,2913)* [filtered=23]
cnt=1 s1=fng (2147,2913)* [filtered=23]
cnt=1 s1=fng (2147,2913)* [filtered=23]
cnt=1 s1=fng (2147,2913)* [filtered=23]
cnt=1 s1=fng (2147,2913)* [filtered=23]
cnt=1 s1=fng (2147,2913)* [filtered=23]
cnt=1 s1=fng (2147,2913)* [filtered=23]
cnt=1 s1=fng (2147,2913)* [filtered=23]
cnt=1 s1=fng (2147,2913)* [filtered=23]
cnt=1 s1=fng (2147,2913)* [filtered=23]
cnt=1 s1=fng (2147,2913)* [filtered=23]
cnt=1 s1=fng (2147,2913)* [filtered=23]
cnt=1 s1=fng (2146,2913)* [filtered=23]
cnt=1 s1=fng (2146,2913)* [filtered=23]
cnt=1 s1=fng (2145,2913)* [filtered=23]
cnt=1 s1=fng (2145,2913)* [filtered=23]
cnt=1 s1=fng (2145,2913)* [filtered=23]
cnt=1 s1=fng (2145,2913)* [filtered=23]
cnt=1 s1=fng (2145,2913)* [filtered=23]
cnt=1 s1=fng (2145,2913)* [filtered=23]
cnt=1 s1=fng (2145,2913)* [filtered=23]
cnt=1 s1=fng (2145,2914)* [filtered=23]
cnt=1 s1=fng (2145,2914)* [filtered=23]
cnt=1 s1=fng (2145,2914)* [filtered=23]
cnt=1 s1=fng (2145,2914)* [filtered=23]
cnt=1 s1=fng (2145,2914)* [filtered=23]
cnt=1 s1=fng (2145,2914)* [filtered=23]
cnt=1 s1=fng (2145,2914)* [filtered=23]
cnt=1 s1=fng (2145,2914)* [filtered=23]
cnt=1 s1=fng (2145,2914)* [filtered=23]
cnt=1 s1=fng (2145,2914)* [filtered=23]
cnt=1 s1=fng (2145,2914)* [filtered=23]
cnt=1 s1=fng (2145,2914)* [filtered=23]
cnt=1 s1=fng (2145,2914)* [filtered=23]
cnt=1 s1=fng (2145,2914)* [filtered=23]
cnt=1 s1=fng (2145,2914)* [filtered=23]
cnt=1 s1=fng (2145,2914)* [filtered=23]
cnt=1 s1=fng (2145,2914)* [filtered=23]
cnt=1 s1=fng (2145,2914)* [filtered=23]
cnt=1 s1=fng (2145,2914)* [filtered=23]
click: x=2145 -> zone=0x112
cnt=1 s1=fng (2145,2914)* [filtered=23]
cnt=1 s1=fng (2145,2914)* [filtered=23]
cnt=1 s1=fng (2145,2914)* [filtered=23]
cnt=1 s1=fng (2145,2914)* [filtered=23]
cnt=1 s1=fng (2145,2914)* [filtered=23]
cnt=1 s1=fng (2145,2914)* [filtered=23]
cnt=1 s1=fng (2145,2914)* [filtered=23]
cnt=1 s1=fng (2145,2914)* [filtered=23]
cnt=1 s1=fng (2144,2914)* [filtered=23]
cnt=1 s1=fng (2144,2914)* [filtered=23]
cnt=1 s1=fng (2144,2914)* [filtered=23]
cnt=1 s1=fng (2143,2914)* [filtered=23]
cnt=1 s1=fng (2143,2914)* [filtered=23]
cnt=1 s1=fng (2142,2914)* [filtered=23]
cnt=1 s1=fng (2142,2914)* [filtered=23]
cnt=1 s1=fng (2142,2914)* [filtered=23]
cnt=1 s1=fng (2142,2914)* [filtered=23]
cnt=1 s1=fng (2141,2914)* [filtered=23]
cnt=1 s1=fng (2141,2914)* [filtered=23]
cnt=1 s1=fng (2141,2914)* [filtered=23]
cnt=1 s1=fng (2141,2914)* [filtered=23]
cnt=1 s1=fng (2141,2914)* [filtered=23]
cnt=1 s1=fng (2141,2914)* [filtered=23]
cnt=1 s1=fng (2141,2914)* [filtered=23]
cnt=1 s1=fng (2141,2914)* [filtered=23]
cnt=1 s1=fng (2141,2914)* [filtered=23]
cnt=1 s1=fng (2141,2914)* [filtered=23]
cnt=1 s1=fng (2141,2914)* [filtered=23]
cnt=1 s1=fng (2141,2914)* [filtered=23]
cnt=1 s1=fng (2141,2914)* [filtered=23]
cnt=1 s1=fng (2141,2914)* [filtered=23]
cnt=1 s1=fng (2141,2914)* [filtered=23]
cnt=1 s1=fng (2141,2914)* [filtered=23]
cnt=1 s1=fng (2141,2914)* [filtered=23]
cnt=1 s1=fng (2141,2914)* [filtered=23]
cnt=1 s1=fng (2141,2914)* [filtered=23]
click: x=2141 -> zone=0x112
cnt=1 s1=fng (2141,2914)* [filtered=23]
cnt=1 s1=fng (2141,2914)* [filtered=23]
cnt=1 s1=fng (2141,2914)* [filtered=23]
cnt=1 s1=fng (2141,2914)* [filtered=23]
cnt=1 s1=fng (2141,2914)* [filtered=23]
cnt=1 s1=fng (2141,2914)* [filtered=23]
cnt=1 s1=fng (2141,2914)* [filtered=23]
cnt=1 s1=fng (2141,2914)* [filtered=23]
cnt=1 s1=fng (2141,2914)* [filtered=23]
cnt=1 s1=fng (2141,2914)* [filtered=23]
cnt=1 s1=fng (2141,2914)* [filtered=23]
cnt=1 s1=fng (2141,2914)* [filtered=23]
cnt=1 s1=fng (2141,2914)* [filtered=23]
cnt=1 s1=fng (2141,2914)* [filtered=23]
cnt=1 s1=fng (2141,2914)* [filtered=23]
cnt=1 s1=fng (2141,2914)* [filtered=23]
cnt=1 s1=fng (2141,2914)* [filtered=23]
cnt=1 s1=fng (2141,2914)* [filtered=23]
cnt=1 s1=fng (2141,2914)* [filtered=23]
cnt=1 s1=fng (2141,2914)* [filtered=23]
cnt=1 s1=fng (2141,2914)* [filtered=23]
cnt=1 s1=fng (2141,2914)* [filtered=23]
cnt=1 s1=fng (2141,2914)* [filtered=23]
cnt=1 s1=fng (2141,2914)* [filtered=23]
cnt=1 s1=fng (2141,2914)* [filtered=23]
cnt=1 s1=fng (2141,2914)* [filtered=23]
cnt=1 s1=fng (2141,2914)* [filtered=23]
cnt=1 s1=fng (2141,2914)* [filtered=23]
cnt=1 s1=fng (2141,2914)* [filtered=23]
cnt=1 s1=fng (2141,2914)* [filtered=23]
cnt=1 s1=fng (2141,2914)* [filtered=23]
cnt=1 s1=fng (2141,2914)* [filtered=23]
cnt=1 s1=fng (2141,2914)* [filtered=23]
cnt=1 s1=fng (2141,2914)* [filtered=23]
cnt=1 s1=fng (2141,2914)* [filtered=23]
cnt=1 s1=fng (2141,2914)* [filtered=23]
cnt=1 s1=fng (2141,2914)* [filtered=23]
cnt=1 s1=fng (2141,2914)* [filtered=23]
cnt=1 s1=fng (2141,2914)* [filtered=23]
cnt=1 s1=fng (2141,2914)* [filtered=23]
cnt=1 s1=fng (2141,2914)* [filtered=23]
cnt=1 s1=fng (2141,2914)* [filtered=23]
cnt=1 s1=fng (2141,2914)* [filtered=23]
cnt=1 s1=fng (2141,2914)* [filtered=23]
cnt=1 s1=fng (2141,2914)* [filtered=23]
cnt=1 s1=fng (2141,2914)* [filtered=23]
cnt=1 s1=fng (2141,2914)* [filtered=23]
cnt=1 s1=fng (2141,2914)* [filtered=23]
cnt=1 s1=fng (2141,2914)* [filtered=23]
cnt=1 s1=fng (2141,2914)* [filtered=23]
cnt=1 s1=fng (2141,2914)* [filtered=23]
cnt=1 s1=fng (2141,2914)* [filtered=23]
cnt=1 s1=fng (2141,2914)* [filtered=23]
cnt=1 s1=fng (2141,2914)* [filtered=23]
cnt=1 s1=fng (2141,2914)* [filtered=23]
cnt=1 s1=fng (2141,2914)* [filtered=23]
cnt=1 s1=fng (2141,2914)* [filtered=23]
cnt=1 s1=fng (2141,2914)* [filtered=23]
cnt=1 s1=fng (2141,2914)* [filtered=23]
cnt=1 s1=fng (2141,2914)* [filtered=23]
cnt=1 s1=fng (2141,2914)* [filtered=23]
cnt=1 s1=fng (2141,2914)* [filtered=23]
cnt=1 s1=fng (2141,2914)* [filtered=23]
cnt=1 s1=fng (2141,2914)* [filtered=23]
cnt=1 s1=fng (2141,2914)* [filtered=23]
cnt=1 s1=fng (2141,2914)* [filtered=23]
cnt=1 s1=fng (2141,2914)* [filtered=23]
cnt=1 s1=fng (2141,2914)* [filtered=23]
cnt=1 s1=fng (2141,2914)* [filtered=23]
cnt=1 s1=fng (2141,2914)* [filtered=23]
cnt=1 s1=fng (2141,2914)* [filtered=23]
cnt=1 s1=fng (2141,2914)* [filtered=23]
cnt=1 s1=fng (2141,2914)* [filtered=23]
cnt=1 s1=fng (2141,2914)* [filtered=23]
cnt=1 s1=fng (2141,2914)* [filtered=23]
cnt=1 s1=fng (2141,2914)* [filtered=23]
cnt=1 s1=fng (2141,2914)* [filtered=23]
cnt=1 s1=fng (2141,2914)* [filtered=23]
cnt=1 s1=fng (2141,2914)* [filtered=23]
cnt=1 s1=fng (2140,2914)* [filtered=23]
cnt=1 s1=fng (2140,2914)* [filtered=23]
cnt=1 s1=fng (2139,2914)* [filtered=23]
cnt=1 s1=fng (2139,2914)* [filtered=23]
cnt=1 s1=fng (2139,2914)* [filtered=23]
cnt=1 s1=fng (2138,2914)* [filtered=23]
cnt=1 s1=fng (2137,2914)* [filtered=23]
cnt=1 s1=fng (2137,2914)* [filtered=23]
cnt=1 s1=fng (2136,2913)* [filtered=23]
cnt=1 s1=fng (2135,2912)* [filtered=23]
cnt=1 s1=fng (2133,2911)* [filtered=23]
cnt=1 s1=fng (2131,2909) [filtered=23]
cnt=1 s1=fng (2130,2908) [filtered=23]
cnt=1 s1=fng (2127,2904) [filtered=23]
cnt=1 s1=fng (2122,2897) [filtered=23]
cnt=1 s1=fng (2117,2889) [filtered=23]
cnt=1 s1=fng (2111,2881) [filtered=23]
cnt=1 s1=fng (2106,2874) [filtered=23]
cnt=1 s0=fng (4590,1562) [filtered=23]
cnt=1 s0=fng (4590,1562) [filtered=23]
cnt=1 s0=fng (4589,1562) [filtered=23]
cnt=1 s0=fng (4588,1562) [filtered=23]
cnt=1 s0=fng (4587,1562) [filtered=23]
cnt=1 s0=fng (4586,1562) [filtered=23]
cnt=1 s0=fng (4586,1562) [filtered=23]
cnt=1 s0=fng (4586,1562) [filtered=23]
cnt=1 s0=fng (4586,1562) [filtered=23]
cnt=1 s0=fng (4586,1562) [filtered=23]
cnt=1 s0=fng (4586,1562) [filtered=23]
cnt=1 s0=fng (4586,1562) [filtered=23]
cnt=1 s0=fng (4586,1562) [filtered=23]
cnt=1 s0=fng (4586,1562) [filtered=23]
cnt=1 s0=fng (4586,1562) [filtered=23]
cnt=1 s0=fng (4586,1562) [filtered=23]
cnt=1 s0=fng (4586,1562) [filtered=23]
cnt=1 s0=fng (4586,1562) [filtered=23]
cnt=1 s0=fng (4586,1562) [filtered=23]
cnt=1 s0=fng (4586,1562) [filtered=23]
cnt=1 s0=fng (4586,1562)* [filtered=23]
cnt=1 s0=fng (4586,1562)* [filtered=23]
cnt=1 s0=fng (4586,1562)* [filtered=23]
cnt=1 s0=fng (4586,1562)* [filtered=23]
cnt=1 s0=fng (4586,1562)* [filtered=23]
cnt=1 s0=fng (4586,1562)* [filtered=23]
cnt=1 s0=fng (4586,1562)* [filtered=23]
cnt=1 s0=fng (4586,1562)* [filtered=23]
cnt=1 s0=fng (4586,1562)* [filtered=23]
cnt=1 s0=fng (4586,1562)* [filtered=23]
cnt=1 s0=fng (4586,1562)* [filtered=23]
cnt=1 s0=fng (4586,1562)* [filtered=23]
cnt=1 s0=fng (4586,1562)* [filtered=23]
cnt=1 s0=fng (4586,1562)* [filtered=23]
cnt=1 s0=fng (4586,1562)* [filtered=23]
cnt=1 s0=fng (4586,1562)* [filtered=23]
cnt=1 s0=fng (4586,1562)* [filtered=23]
cnt=1 s0=fng (4586,1562)* [filtered=23]
cnt=1 s0=fng (4586,1562)* [filtered=23]
cnt=1 s0=fng (4586,1562)* [filtered=23]
cnt=1 s0=fng (4586,1562)* [filtered=23]
cnt=1 s0=fng (4586,1562)* [filtered=23]
cnt=1 s0=fng (4586,1562)* [filtered=23]
cnt=1 s0=fng (4586,1562)* [filtered=23]
cnt=1 s0=fng (4586,1562)* [filtered=23]
cnt=1 s0=fng (4586,1562)* [filtered=23]
cnt=1 s0=fng (4586,1562)* [filtered=23]
cnt=1 s0=fng (4586,1562)* [filtered=23]
cnt=1 s0=fng (4586,1562)* [filtered=23]
cnt=1 s0=fng (4586,1562)* [filtered=23]
cnt=1 s0=fng (4586,1562)* [filtered=23]
cnt=1 s0=fng (4586,1562)* [filtered=23]
cnt=1 s0=fng (4586,1562)* [filtered=23]
cnt=1 s0=fng (4586,1562)* [filtered=23]
cnt=1 s0=fng (4586,1562)* [filtered=23]
cnt=1 s0=fng (4586,1562)* [filtered=23]
cnt=1 s0=fng (4586,1562)* [filtered=23]
cnt=1 s0=fng (4586,1562)* [filtered=23]
cnt=1 s0=fng (4586,1562)* [filtered=23]
cnt=1 s0=fng (4586,1562)* [filtered=23]
cnt=1 s0=fng (4586,1562)* [filtered=23]
cnt=1 s0=fng (4586,1562)* [filtered=23]
cnt=1 s0=fng (4586,1562)* [filtered=23]
cnt=1 s0=fng (4586,1562)* [filtered=23]
cnt=1 s0=fng (4586,1562)* [filtered=23]
cnt=1 s0=fng (4586,1562)* [filtered=23]
cnt=1 s0=fng (4586,1562)* [filtered=23]
cnt=1 s0=fng (4586,1562)* [filtered=23]
cnt=1 s0=fng (4586,1562)* [filtered=23]
cnt=1 s0=fng (4586,1562)* [filtered=23]
cnt=1 s0=fng (4586,1562)* [filtered=23]
cnt=1 s0=fng (4586,1562)* [filtered=23]
cnt=1 s0=fng (4586,1562)* [filtered=23]
cnt=1 s0=fng (4586,1562)* [filtered=23]
cnt=1 s0=fng (4586,1562)* [filtered=23]
cnt=1 s0=fng (4586,1562)* [filtered=23]
cnt=1 s0=fng (4586,1562)* [filtered=23]
cnt=1 s0=fng (4586,1562)* [filtered=23]
cnt=1 s0=fng (4586,1562)* [filtered=23]
cnt=1 s0=fng (4586,1562)* [filtered=23]
cnt=1 s0=fng (4586,1562)* [filtered=23]
cnt=1 s0=fng (4586,1562)* [filtered=23]
cnt=1 s0=fng (4586,1562)* [filtered=23]
cnt=1 s0=fng (4586,1562)* [filtered=23]
cnt=1 s0=fng (4586,1562)* [filtered=23]
cnt=1 s0=fng (4586,1562)* [filtered=23]
cnt=1 s0=fng (4586,1562)* [filtered=23]
cnt=1 s0=fng (4586,1562)* [filtered=23]
cnt=1 s0=fng (4586,1562)* [filtered=23]
cnt=1 s0=fng (4586,1562)* [filtered=23]
cnt=1 s0=fng (4586,1562)* [filtered=23]
cnt=1 s0=fng (4586,1562)* [filtered=23]
cnt=1 s0=fng (4586,1562)* [filtered=23]
cnt=1 s0=fng (4586,1562)* [filtered=23]
cnt=1 s0=fng (4586,1562)* [filtered=23]
cnt=1 s0=fng (4586,1562)* [filtered=23]
cnt=1 s0=fng (4586,1562)* [filtered=23]
cnt=1 s0=fng (4586,1562)* [filtered=23]
cnt=1 s0=fng (4586,1562)* [filtered=23]
cnt=1 s0=fng (4586,1562)* [filtered=23]
cnt=1 s0=fng (4586,1562)* [filtered=23]
cnt=1 s0=fng (4586,1562)* [filtered=23]
cnt=1 s0=fng (4586,1562)* [filtered=23]
cnt=1 s0=fng (4586,1562)* [filtered=23]
cnt=1 s0=fng (4586,1562)* [filtered=23]
cnt=1 s0=fng (4586,1562)* [filtered=23]
cnt=1 s0=fng (4586,1562)* [filtered=23]
cnt=1 s0=fng (4586,1562)* [filtered=23]
cnt=2 s0=PALM(4586,1562)* s1=PALM(85,2087) [filtered=24]
cnt=2 s0=PALM(4586,1562)* s1=PALM(85,2087) [filtered=25]
cnt=2 s0=PALM(4586,1562)* s1=PALM(85,2087) [filtered=26]
cnt=2 s0=PALM(4586,1562)* s1=PALM(85,2087) [filtered=27]
cnt=2 s0=PALM(4586,1562)* s1=PALM(85,2087) [filtered=28]
cnt=2 s0=PALM(4586,1562)* s1=PALM(85,2087) [filtered=29]
cnt=2 s0=PALM(4586,1562)* s1=PALM(85,2087) [filtered=30]
cnt=2 s0=PALM(4586,1562)* s1=PALM(85,2087) [filtered=31]
cnt=2 s0=PALM(4586,1562)* s1=PALM(85,2087) [filtered=32]
cnt=2 s0=PALM(4586,1562)* s1=PALM(85,2087) [filtered=33]
cnt=2 s0=PALM(4586,1562)* s1=PALM(85,2087) [filtered=34]
cnt=2 s0=PALM(4586,1562)* s1=PALM(86,2087) [filtered=35]
cnt=2 s0=PALM(4586,1562)* s1=PALM(87,2087) [filtered=36]
cnt=2 s0=PALM(4586,1562)* s1=PALM(88,2087) [filtered=37]
cnt=2 s0=PALM(4586,1562)* s1=PALM(89,2087) [filtered=38]
cnt=1 s1=fng (89,2087) [filtered=38]
cnt=1 s1=fng (90,2087) [filtered=38]
cnt=1 s1=fng (91,2087) [filtered=38]
cnt=1 s1=fng (92,2087) [filtered=38]
cnt=1 s1=fng (94,2087) [filtered=38]
cnt=1 s1=fng (95,2087) [filtered=38]
cnt=1 s1=fng (96,2087)* [filtered=38]
cnt=1 s1=fng (97,2087)* [filtered=38]
cnt=1 s1=fng (98,2088)* [filtered=38]
cnt=1 s1=fng (100,2089)* [filtered=38]
cnt=1 s1=fng (101,2091)* [filtered=38]
cnt=1 s1=fng (102,2092)* [filtered=38]
cnt=1 s1=fng (103,2094)* [filtered=38]
cnt=1 s1=fng (104,2096)* [filtered=38]
cnt=1 s1=fng (104,2099)* [filtered=38]
cnt=1 s1=fng (104,2102)* [filtered=38]
cnt=1 s1=fng (104,2103)* [filtered=38]
cnt=1 s1=fng (104,2106)* [filtered=38]
cnt=1 s1=fng (104,2109)* [filtered=38]
cnt=1 s1=fng (104,2112)* [filtered=38]
cnt=1 s1=fng (104,2114)* [filtered=38]
cnt=1 s1=fng (104,2117)* [filtered=38]
cnt=1 s1=fng (104,2120)* [filtered=38]
cnt=1 s1=fng (104,2123)* [filtered=38]
cnt=1 s1=fng (104,2127) [filtered=38]
cnt=1 s1=fng (104,2129) [filtered=38]
cnt=1 s1=fng (104,2132) [filtered=38]
cnt=1 s1=fng (104,2134) [filtered=38]
cnt=1 s1=fng (104,2137) [filtered=38]
cnt=1 s1=fng (104,2140) [filtered=38]
cnt=1 s1=fng (104,2141) [filtered=38]
cnt=1 s1=fng (104,2143) [filtered=38]
cnt=1 s0=fng (1341,91) [filtered=38]
cnt=1 s0=fng (1341,91) [filtered=38]
cnt=1 s0=fng (1340,91) [filtered=38]
cnt=1 s0=fng (1339,91) [filtered=38]
cnt=1 s0=fng (1338,91) [filtered=38]
cnt=1 s0=fng (1337,91) [filtered=38]
cnt=1 s0=fng (1336,91) [filtered=38]
cnt=1 s0=fng (1335,91) [filtered=38]
cnt=1 s0=fng (1334,91) [filtered=38]
cnt=1 s0=fng (1333,91) [filtered=38]
cnt=1 s0=fng (1331,91) [filtered=38]
cnt=1 s0=fng (1330,91) [filtered=38]
cnt=1 s0=fng (1328,91) [filtered=38]
cnt=1 s0=fng (1327,91) [filtered=38]
cnt=1 s0=fng (1326,91) [filtered=38]
cnt=1 s0=fng (1325,91) [filtered=38]
cnt=1 s0=fng (1323,91) [filtered=38]
cnt=1 s0=fng (1321,91) [filtered=38]
cnt=1 s0=fng (1320,91) [filtered=38]
cnt=1 s0=fng (1319,91) [filtered=38]
cnt=1 s0=fng (1318,91)* [filtered=38]
cnt=1 s0=fng (1316,91)* [filtered=38]
cnt=1 s0=fng (1315,91)* [filtered=38]
cnt=1 s0=fng (1314,90)* [filtered=38]
cnt=1 s0=fng (1312,88) [filtered=38]
cnt=1 s0=fng (1309,86) [filtered=38]
cnt=1 s0=fng (1306,84) [filtered=38]
cnt=1 s0=fng (1304,83) [filtered=38]
cnt=1 s0=fng (1301,81) [filtered=38]
cnt=1 s0=fng (1298,79) [filtered=38]
cnt=1 s0=fng (1295,76) [filtered=38]
cnt=1 s0=fng (4702,1650) [filtered=38]
cnt=1 s0=fng (4702,1650) [filtered=38]
cnt=1 s0=fng (4702,1650) [filtered=38]
cnt=1 s0=fng (4702,1650) [filtered=38]
cnt=1 s0=fng (4702,1650) [filtered=38]
cnt=1 s0=fng (4702,1650) [filtered=38]
cnt=1 s0=fng (4702,1650) [filtered=38]
cnt=1 s0=fng (4702,1650) [filtered=38]
cnt=1 s0=fng (4702,1650) [filtered=38]
cnt=1 s0=fng (4702,1649) [filtered=38]
cnt=1 s0=fng (4702,1649) [filtered=38]
cnt=1 s0=fng (4702,1649) [filtered=38]
cnt=1 s0=fng (4702,1648) [filtered=38]
cnt=1 s0=fng (4702,1648) [filtered=38]
cnt=1 s0=fng (4702,1647) [filtered=38]
cnt=1 s0=fng (4702,1647) [filtered=38]
cnt=1 s0=fng (4702,1646) [filtered=38]
cnt=1 s0=fng (4702,1646) [filtered=38]
cnt=1 s0=fng (4702,1645) [filtered=38]
cnt=1 s0=fng (4701,1645) [filtered=38]
cnt=1 s0=fng (4701,1645)* [filtered=38]
cnt=1 s0=fng (4700,1644)* [filtered=38]
cnt=1 s0=fng (4699,1644)* [filtered=38]
cnt=1 s0=fng (4698,1643)* [filtered=38]
cnt=1 s0=fng (4697,1643)* [filtered=38]
cnt=1 s0=fng (4696,1642)* [filtered=38]
cnt=1 s0=fng (4694,1641)* [filtered=38]
cnt=1 s0=fng (4691,1640) [filtered=38]
cnt=1 s0=fng (4688,1639) [filtered=38]
cnt=1 s0=fng (4686,1638) [filtered=38]
cnt=1 s0=fng (4683,1637) [filtered=38]
cnt=1 s0=fng (4680,1636) [filtered=38]
cnt=1 s0=fng (4677,1635) [filtered=38]
cnt=1 s0=fng (4674,1633) [filtered=38]
cnt=1 s0=fng (4672,1632) [filtered=38]
cnt=1 s0=fng (4669,1631) [filtered=38]
cnt=1 s0=fng (4666,1630) [filtered=38]
cnt=1 s0=fng (4663,1629) [filtered=38]
cnt=1 s0=fng (4661,1628) [filtered=38]
cnt=1 s0=fng (4660,1627) [filtered=38]
cnt=1 s0=fng (4659,1626) [filtered=38]
cnt=1 s0=fng (4657,1625) [filtered=38]
cnt=1 s0=fng (4655,1624) [filtered=38]
cnt=1 s0=fng (4654,1623) [filtered=38]
cnt=1 s0=fng (4652,1622) [filtered=38]
cnt=1 s0=fng (4650,1621) [filtered=38]
cnt=1 s0=fng (4649,1620) [filtered=38]
cnt=1 s0=fng (4648,1619) [filtered=38]
cnt=1 s0=fng (4647,1619) [filtered=38]
cnt=1 s0=fng (4646,1618) [filtered=38]
cnt=1 s0=fng (4645,1617) [filtered=38]
cnt=1 s0=fng (4644,1616) [filtered=38]
cnt=1 s0=fng (4643,1615) [filtered=38]
cnt=1 s0=fng (4642,1614) [filtered=38]
cnt=1 s0=fng (4641,1613) [filtered=38]
cnt=1 s0=fng (4640,1612) [filtered=38]
cnt=1 s0=fng (4639,1611) [filtered=38]
cnt=1 s0=fng (4639,1611)* [filtered=38]
cnt=1 s0=fng (4638,1611)* [filtered=38]
cnt=1 s0=fng (4637,1610)* [filtered=38]
cnt=1 s0=fng (4636,1609)* [filtered=38]
cnt=1 s0=fng (4635,1608)* [filtered=38]
cnt=1 s0=fng (4634,1608)* [filtered=38]
cnt=1 s0=fng (4633,1608)* [filtered=38]
cnt=1 s0=fng (4632,1607)* [filtered=38]
cnt=1 s0=fng (4631,1607)* [filtered=38]
cnt=1 s0=fng (4630,1606)* [filtered=38]
cnt=1 s0=fng (4630,1606)* [filtered=38]
cnt=1 s0=fng (4629,1605)* [filtered=38]
cnt=1 s0=fng (4628,1605)* [filtered=38]
cnt=1 s0=fng (4627,1604)* [filtered=38]
cnt=1 s0=fng (4626,1604)* [filtered=38]
cnt=1 s0=fng (4625,1604)* [filtered=38]
cnt=1 s0=fng (4624,1603)* [filtered=38]
cnt=1 s0=fng (4623,1603)* [filtered=38]
cnt=1 s0=fng (4622,1602)* [filtered=38]
cnt=1 s0=fng (4622,1602)* [filtered=38]
cnt=1 s0=fng (4621,1601)* [filtered=38]
cnt=1 s0=fng (4620,1601)* [filtered=38]
cnt=1 s0=fng (4619,1600)* [filtered=38]
cnt=1 s0=fng (4618,1600)* [filtered=38]
cnt=1 s0=fng (4617,1600)* [filtered=38]
cnt=1 s0=fng (4616,1599)* [filtered=38]
cnt=1 s0=fng (4615,1599)* [filtered=38]
cnt=1 s0=fng (4614,1598)* [filtered=38]
cnt=1 s0=fng (4614,1598)* [filtered=38]
cnt=1 s0=fng (4613,1597)* [filtered=38]
cnt=1 s0=fng (4612,1597)* [filtered=38]
cnt=1 s0=fng (4611,1596)* [filtered=38]
cnt=1 s0=fng (4610,1596)* [filtered=38]
cnt=1 s0=fng (4609,1596)* [filtered=38]
cnt=1 s0=fng (4608,1595)* [filtered=38]
cnt=1 s0=fng (4607,1595)* [filtered=38]
cnt=1 s0=fng (4606,1594)* [filtered=38]
cnt=1 s0=fng (4606,1594)* [filtered=38]
cnt=1 s0=fng (4605,1593)* [filtered=38]
cnt=1 s0=fng (4604,1593)* [filtered=38]
cnt=1 s0=fng (4603,1592)* [filtered=38]
cnt=1 s0=fng (4602,1592)* [filtered=38]
cnt=1 s0=fng (4601,1592)* [filtered=38]
cnt=1 s0=fng (4600,1592)* [filtered=38]
cnt=1 s0=fng (4600,1592)* [filtered=38]
cnt=1 s0=fng (4599,1592)* [filtered=38]
cnt=1 s0=fng (4599,1591)* [filtered=38]
cnt=1 s0=fng (4599,1591)* [filtered=38]
cnt=1 s0=fng (4598,1591)* [filtered=38]
cnt=1 s0=fng (4597,1591)* [filtered=38]
cnt=1 s0=fng (4597,1591)* [filtered=38]
cnt=1 s0=fng (4597,1591)* [filtered=38]
cnt=1 s0=fng (4597,1591)* [filtered=38]
cnt=1 s0=fng (4597,1591)* [filtered=38]
cnt=1 s0=fng (4597,1591)* [filtered=38]
cnt=1 s0=fng (4597,1591)* [filtered=38]
cnt=1 s0=fng (4597,1591)* [filtered=38]
cnt=1 s0=fng (4596,1591)* [filtered=38]
cnt=1 s0=fng (4596,1591)* [filtered=38]
cnt=1 s0=fng (4595,1591)* [filtered=38]
cnt=1 s0=fng (4595,1591)* [filtered=38]
cnt=1 s0=fng (4595,1591)* [filtered=38]
cnt=1 s0=fng (4594,1591)* [filtered=38]
cnt=1 s0=fng (4594,1591)* [filtered=38]
cnt=1 s0=fng (4594,1591)* [filtered=38]
cnt=1 s0=fng (4594,1591)* [filtered=38]
cnt=1 s0=fng (4593,1591)* [filtered=38]
cnt=1 s0=fng (4592,1591)* [filtered=38]
cnt=1 s0=fng (4592,1591)* [filtered=38]
cnt=1 s0=fng (4592,1591)* [filtered=38]
cnt=1 s0=fng (4592,1591)* [filtered=38]
cnt=1 s0=fng (4592,1591)* [filtered=38]
cnt=1 s0=fng (4592,1591)* [filtered=38]
cnt=1 s0=fng (4592,1591)* [filtered=38]
cnt=1 s0=fng (4592,1591)* [filtered=38]
cnt=1 s0=fng (4592,1591)* [filtered=38]
cnt=1 s0=fng (4592,1591)* [filtered=38]
cnt=1 s0=fng (4592,1591)* [filtered=38]
cnt=1 s0=fng (4592,1591)* [filtered=38]
cnt=1 s0=fng (4592,1591)* [filtered=38]
cnt=1 s0=fng (4592,1591)* [filtered=38]
cnt=1 s0=fng (4592,1591)* [filtered=38]
cnt=1 s0=fng (4592,1591)* [filtered=38]
cnt=1 s0=fng (4592,1590)* [filtered=38]
cnt=1 s0=fng (4592,1590)* [filtered=38]
cnt=1 s0=fng (4592,1590)* [filtered=38]
cnt=1 s0=fng (4592,1590)* [filtered=38]
cnt=1 s0=fng (4592,1589)* [filtered=38]
cnt=1 s0=fng (4592,1589)* [filtered=38]
cnt=1 s0=fng (4592,1589)* [filtered=38]
cnt=1 s0=fng (4592,1589)* [filtered=38]
cnt=1 s0=fng (4592,1589)* [filtered=38]
cnt=1 s0=fng (4592,1589)* [filtered=38]
cnt=1 s0=fng (4592,1589)* [filtered=38]
cnt=1 s0=fng (4592,1589)* [filtered=38]
cnt=1 s0=fng (4592,1589)* [filtered=38]
cnt=1 s0=fng (4592,1588)* [filtered=38]
cnt=1 s0=fng (4592,1588)* [filtered=38]
cnt=1 s0=fng (4592,1588)* [filtered=38]
cnt=1 s0=fng (4592,1588)* [filtered=38]
cnt=1 s0=fng (4592,1587)* [filtered=38]
cnt=1 s0=fng (4592,1586)* [filtered=38]
cnt=1 s0=fng (4592,1586)* [filtered=38]
cnt=1 s0=fng (4592,1586)* [filtered=38]
cnt=1 s0=fng (4592,1586)* [filtered=38]
cnt=1 s0=fng (4592,1585)* [filtered=38]
cnt=1 s0=fng (4592,1585)* [filtered=38]
cnt=1 s0=fng (4592,1585)* [filtered=38]
cnt=1 s0=fng (4592,1585)* [filtered=38]
cnt=1 s0=fng (4592,1584)* [filtered=38]
cnt=1 s0=fng (4592,1584)* [filtered=38]
cnt=1 s0=fng (4592,1583)* [filtered=38]
cnt=1 s0=fng (4592,1582)* [filtered=38]
cnt=1 s0=fng (4592,1582)* [filtered=38]
cnt=1 s0=fng (4592,1582)* [filtered=38]
cnt=1 s0=fng (4592,1581)* [filtered=38]
cnt=1 s0=fng (4592,1581)* [filtered=38]
cnt=1 s0=fng (4592,1581)* [filtered=38]
cnt=1 s0=fng (4592,1581)* [filtered=38]
cnt=1 s0=fng (4593,1580)* [filtered=38]
cnt=1 s0=fng (4593,1580)* [filtered=38]
cnt=1 s0=fng (4594,1579)* [filtered=38]
cnt=1 s0=fng (4594,1579)* [filtered=38]
cnt=1 s0=fng (4594,1578)* [filtered=38]
cnt=1 s0=fng (4595,1578)* [filtered=38]
cnt=1 s0=fng (4595,1577)* [filtered=38]
cnt=1 s0=fng (4596,1577)* [filtered=38]
cnt=1 s0=fng (4596,1577)* [filtered=38]
cnt=1 s0=fng (4596,1577)* [filtered=38]
cnt=1 s0=fng (4597,1577)* [filtered=38]
cnt=1 s0=fng (4597,1577)* [filtered=38]
cnt=1 s0=fng (4598,1576)* [filtered=38]
cnt=1 s0=fng (4598,1576)* [filtered=38]
cnt=1 s0=fng (4599,1576)* [filtered=38]
cnt=1 s0=fng (4599,1576)* [filtered=38]
cnt=1 s0=fng (4600,1576)* [filtered=38]
cnt=1 s0=fng (4600,1576)* [filtered=38]
cnt=1 s0=fng (4600,1575)* [filtered=38]
cnt=1 s0=fng (4601,1575)* [filtered=38]
cnt=1 s0=fng (4602,1575)* [filtered=38]
cnt=1 s0=fng (4603,1575)* [filtered=38]
cnt=1 s0=fng (4604,1575)* [filtered=38]
cnt=1 s0=fng (4604,1575)* [filtered=38]
cnt=1 s0=fng (4604,1575)* [filtered=38]
cnt=1 s0=fng (4604,1574)* [filtered=38]
cnt=1 s0=fng (4604,1574)* [filtered=38]
cnt=1 s0=fng (4604,1574)* [filtered=38]
cnt=1 s0=fng (4604,1574)* [filtered=38]
cnt=1 s0=fng (4604,1574)* [filtered=38]
cnt=1 s0=fng (4604,1574)* [filtered=38]
cnt=1 s0=fng (4604,1574)* [filtered=38]
cnt=1 s0=fng (4604,1573)* [filtered=38]
cnt=1 s0=fng (4604,1573)* [filtered=38]
cnt=1 s0=fng (4604,1573)* [filtered=38]
cnt=1 s0=fng (4604,1572)* [filtered=38]
cnt=1 s0=fng (4604,1572)* [filtered=38]
cnt=1 s0=fng (4604,1572)* [filtered=38]
cnt=1 s0=fng (4604,1571)* [filtered=38]
cnt=1 s0=fng (4604,1571)* [filtered=38]
cnt=1 s0=fng (4604,1571)* [filtered=38]
cnt=1 s0=fng (4604,1571)* [filtered=38]
cnt=1 s0=fng (4604,1570)* [filtered=38]
cnt=1 s0=fng (4604,1570)* [filtered=38]
cnt=1 s0=fng (4604,1570)* [filtered=38]
cnt=1 s0=fng (4604,1570)* [filtered=38]
cnt=1 s0=fng (4604,1570)* [filtered=38]
cnt=1 s0=fng (4604,1570)* [filtered=38]
cnt=1 s0=fng (4604,1570)* [filtered=38]
cnt=1 s0=fng (4604,1570)* [filtered=38]
cnt=1 s0=fng (4604,1570)* [filtered=38]
cnt=1 s0=fng (4604,1570)* [filtered=38]
cnt=1 s0=fng (4604,1570)* [filtered=38]
cnt=1 s0=fng (4604,1570)* [filtered=38]
cnt=1 s0=fng (4604,1570)* [filtered=38]
cnt=1 s0=fng (4604,1570)* [filtered=38]
cnt=1 s0=fng (4604,1570)* [filtered=38]
cnt=1 s0=fng (4604,1570)* [filtered=38]
cnt=1 s0=fng (4604,1570)* [filtered=38]
cnt=1 s0=fng (4604,1570)* [filtered=38]
cnt=1 s0=fng (4604,1570)* [filtered=38]
cnt=1 s0=fng (4604,1570)* [filtered=38]
cnt=1 s0=fng (4604,1570)* [filtered=38]
cnt=1 s0=fng (4604,1570)* [filtered=38]
cnt=1 s0=fng (4604,1570)* [filtered=38]
cnt=1 s0=fng (4604,1570)* [filtered=38]
cnt=1 s0=fng (4605,1570)* [filtered=38]
cnt=1 s0=fng (4606,1569)* [filtered=38]
cnt=1 s0=fng (4606,1569)* [filtered=38]
cnt=1 s0=fng (4607,1569)* [filtered=38]
cnt=1 s0=fng (4607,1569)* [filtered=38]
cnt=1 s0=fng (4608,1568)* [filtered=38]
cnt=1 s0=fng (4609,1567)* [filtered=38]
cnt=1 s0=fng (4610,1567)* [filtered=38]
cnt=1 s0=fng (4610,1567)* [filtered=38]
cnt=1 s0=fng (4611,1566)* [filtered=38]
cnt=1 s0=fng (4612,1566)* [filtered=38]
cnt=1 s0=fng (4613,1565)* [filtered=38]
cnt=1 s0=fng (4614,1565)* [filtered=38]
cnt=1 s0=fng (4615,1565)* [filtered=38]
cnt=1 s0=fng (4616,1564)* [filtered=38]
cnt=1 s0=fng (4617,1563)* [filtered=38]
cnt=1 s0=fng (4618,1562)* [filtered=38]
cnt=1 s0=fng (4620,1561)* [filtered=38]
cnt=1 s0=fng (4621,1561)* [filtered=38]
cnt=1 s0=fng (4622,1560)* [filtered=38]
cnt=1 s0=fng (4624,1559)* [filtered=38]
cnt=1 s0=fng (4626,1559)* [filtered=38]
cnt=1 s0=fng (4628,1558)* [filtered=38]
cnt=1 s0=fng (4629,1558)* [filtered=38]
cnt=1 s0=fng (4631,1557)* [filtered=38]
cnt=1 s0=fng (4633,1556)* [filtered=38]
cnt=1 s0=fng (4635,1556)* [filtered=38]
cnt=1 s0=fng (4636,1556)* [filtered=38]
cnt=1 s0=fng (4637,1555)* [filtered=38]
cnt=1 s0=fng (4639,1554)* [filtered=38]
cnt=1 s0=fng (4641,1554)* [filtered=38]
cnt=1 s0=fng (4643,1553)* [filtered=38]
cnt=1 s0=fng (4644,1553)* [filtered=38]
cnt=1 s0=fng (4646,1552)* [filtered=38]
cnt=1 s0=fng (24,1977) [filtered=38]
cnt=1 s0=fng (24,1977) [filtered=38]
cnt=1 s0=fng (24,1977) [filtered=38]
cnt=1 s0=fng (24,1978) [filtered=38]
cnt=1 s0=fng (24,1979) [filtered=38]
cnt=1 s0=fng (24,1980) [filtered=38]
cnt=1 s0=fng (24,1981) [filtered=38]
cnt=1 s0=fng (24,1981) [filtered=38]
cnt=1 s0=fng (24,1982) [filtered=38]
cnt=1 s0=fng (24,1983) [filtered=38]
cnt=1 s0=fng (24,1985) [filtered=38]
cnt=1 s0=fng (24,1987) [filtered=38]
cnt=1 s0=fng (24,1988) [filtered=38]
cnt=1 s0=fng (24,1989) [filtered=38]
cnt=1 s0=fng (24,1991) [filtered=38]
cnt=1 s0=fng (24,1993) [filtered=38]
cnt=1 s0=fng (24,1994) [filtered=38]
cnt=1 s0=fng (24,1995) [filtered=38]
cnt=1 s0=fng (24,1997) [filtered=38]
cnt=1 s0=fng (24,1999) [filtered=38]
cnt=1 s0=fng (24,2001)* [filtered=38]
cnt=1 s0=fng (24,2002)* [filtered=38]
cnt=1 s0=fng (24,2003)* [filtered=38]
cnt=1 s0=fng (24,2004)* [filtered=38]
cnt=1 s0=fng (24,2006)* [filtered=38]
cnt=1 s0=fng (4715,1569) [filtered=38]
cnt=1 s0=fng (4715,1568) [filtered=38]
cnt=1 s0=fng (4715,1568) [filtered=38]
cnt=1 s0=fng (4715,1567) [filtered=38]
cnt=1 s0=fng (4715,1567) [filtered=38]
cnt=1 s0=fng (4715,1566) [filtered=38]
cnt=1 s0=fng (4715,1566) [filtered=38]
cnt=1 s0=fng (4715,1566) [filtered=38]
cnt=1 s0=fng (4715,1565) [filtered=38]
cnt=1 s0=fng (4715,1565) [filtered=38]
cnt=1 s0=fng (4715,1565) [filtered=38]
cnt=1 s0=fng (4715,1565) [filtered=38]
cnt=1 s0=fng (4715,1565) [filtered=38]
cnt=1 s0=fng (4715,1565) [filtered=38]
cnt=1 s0=fng (4715,1565) [filtered=38]
cnt=1 s0=fng (4715,1565) [filtered=38]
cnt=1 s0=fng (4715,1565) [filtered=38]
cnt=1 s0=fng (4733,1610) [filtered=38]
cnt=1 s0=fng (4733,1610) [filtered=38]
cnt=1 s0=fng (4733,1610) [filtered=38]
cnt=1 s0=fng (4733,1610) [filtered=38]
cnt=1 s0=fng (4733,1610) [filtered=38]
cnt=1 s0=fng (4733,1610) [filtered=38]
cnt=1 s0=fng (4733,1610) [filtered=38]
cnt=1 s0=fng (4733,1610) [filtered=38]
cnt=1 s0=fng (4733,1610) [filtered=38]
cnt=1 s0=fng (4733,1610) [filtered=38]
cnt=1 s0=fng (4733,1610) [filtered=38]
cnt=1 s0=fng (4733,1610) [filtered=38]
cnt=1 s0=fng (4733,1610) [filtered=38]
cnt=1 s0=fng (4733,1610) [filtered=38]
cnt=1 s0=fng (4733,1610) [filtered=38]
cnt=1 s0=fng (4733,1610) [filtered=38]
cnt=1 s0=fng (4733,1610) [filtered=38]
cnt=1 s0=fng (4733,1610) [filtered=38]
cnt=1 s0=fng (4733,1610) [filtered=38]
cnt=1 s0=fng (4733,1610) [filtered=38]
cnt=1 s0=fng (4733,1610)* [filtered=38]
cnt=1 s0=fng (4732,1610)* [filtered=38]
cnt=1 s0=fng (4731,1610)* [filtered=38]
cnt=1 s0=fng (4731,1610)* [filtered=38]
cnt=1 s0=fng (4730,1610)* [filtered=38]
cnt=1 s0=fng (4730,1610)* [filtered=38]
cnt=1 s0=fng (4729,1610)* [filtered=38]
cnt=1 s0=fng (4728,1609)* [filtered=38]
cnt=1 s0=fng (4727,1608)* [filtered=38]
cnt=1 s0=fng (4727,1608)* [filtered=38]
cnt=1 s0=fng (4726,1608)* [filtered=38]
cnt=1 s0=fng (4725,1607)* [filtered=38]
cnt=1 s0=fng (4724,1607)* [filtered=38]
cnt=1 s0=fng (4723,1607)* [filtered=38]
cnt=1 s0=fng (4723,1607)* [filtered=38]
cnt=1 s0=fng (4722,1606)* [filtered=38]
cnt=1 s0=fng (4722,1605)* [filtered=38]
cnt=1 s0=fng (4722,1605)* [filtered=38]
cnt=1 s0=fng (4722,1605)* [filtered=38]
cnt=1 s0=fng (4722,1605)* [filtered=38]
cnt=1 s0=fng (4722,1605)* [filtered=38]
cnt=1 s0=fng (4722,1605)* [filtered=38]
cnt=1 s0=fng (4721,1605)* [filtered=38]
cnt=1 s0=fng (4721,1605)* [filtered=38]
cnt=1 s0=fng (4721,1604)* [filtered=38]
cnt=1 s0=fng (4720,1604)* [filtered=38]
cnt=1 s0=fng (4719,1603)* [filtered=38]
cnt=1 s0=fng (4718,1603)* [filtered=38]
cnt=1 s0=fng (4718,1603)* [filtered=38]
cnt=1 s0=fng (4717,1602)* [filtered=38]
cnt=1 s0=fng (4716,1601)* [filtered=38]
cnt=1 s0=fng (4715,1601)* [filtered=38]
cnt=1 s0=fng (4714,1600)* [filtered=38]
cnt=1 s0=fng (4713,1600)* [filtered=38]
cnt=1 s0=fng (4712,1600)* [filtered=38]
cnt=1 s0=fng (4711,1599)* [filtered=38]
cnt=1 s0=fng (4710,1599)* [filtered=38]
cnt=1 s0=fng (4710,1599)* [filtered=38]
cnt=1 s0=fng (4709,1598)* [filtered=38]
cnt=1 s0=fng (4708,1597)* [filtered=38]
cnt=1 s0=fng (4707,1597)* [filtered=38]
cnt=1 s0=fng (4706,1596)* [filtered=38]
cnt=1 s0=fng (4706,1596)* [filtered=38]
cnt=1 s0=fng (4706,1596)* [filtered=38]
cnt=1 s0=fng (4706,1595)* [filtered=38]
cnt=1 s0=fng (4706,1595)* [filtered=38]
cnt=1 s0=fng (4705,1594)* [filtered=38]
cnt=1 s0=fng (4705,1594)* [filtered=38]
cnt=1 s0=fng (4705,1593)* [filtered=38]
cnt=1 s0=fng (4704,1593)* [filtered=38]
cnt=1 s0=fng (4704,1593)* [filtered=38]
cnt=1 s0=fng (4704,1593)* [filtered=38]
cnt=1 s0=fng (4704,1593)* [filtered=38]
cnt=1 s0=fng (4704,1592)* [filtered=38]
cnt=1 s0=fng (4704,1592)* [filtered=38]
cnt=1 s0=fng (4703,1592)* [filtered=38]
cnt=1 s0=fng (4703,1592)* [filtered=38]
cnt=1 s0=fng (4703,1592)* [filtered=38]
cnt=1 s0=fng (4703,1591)* [filtered=38]
cnt=1 s0=fng (4702,1591)* [filtered=38]
cnt=1 s0=fng (4701,1591)* [filtered=38]
cnt=1 s0=fng (4701,1591)* [filtered=38]
cnt=1 s0=fng (4701,1591)* [filtered=38]
cnt=1 s0=fng (4700,1590)* [filtered=38]
cnt=1 s0=fng (4699,1589)* [filtered=38]
cnt=1 s0=fng (4698,1589)* [filtered=38]
cnt=1 s0=fng (4697,1589)* [filtered=38]
cnt=1 s0=fng (4697,1589)* [filtered=38]
cnt=1 s0=fng (4696,1589)* [filtered=38]
cnt=1 s0=fng (4695,1588)* [filtered=38]
cnt=1 s0=fng (4695,1588)* [filtered=38]
cnt=1 s0=fng (4694,1588)* [filtered=38]
cnt=1 s0=fng (4693,1587)* [filtered=38]
cnt=1 s0=fng (4692,1586)* [filtered=38]
cnt=1 s0=fng (4691,1586)* [filtered=38]
cnt=1 s0=fng (4690,1586)* [filtered=38]
cnt=1 s0=fng (4689,1585)* [filtered=38]
cnt=1 s0=fng (4688,1585)* [filtered=38]
cnt=1 s0=fng (4687,1585)* [filtered=38]
cnt=1 s0=fng (4687,1585)* [filtered=38]
cnt=1 s0=fng (4686,1585)* [filtered=38]
cnt=1 s0=fng (4685,1585)* [filtered=38]
cnt=1 s0=fng (4684,1585)* [filtered=38]
cnt=1 s0=fng (4683,1584)* [filtered=38]
cnt=1 s0=fng (4683,1584)* [filtered=38]
cnt=1 s0=fng (4682,1584)* [filtered=38]
cnt=1 s0=fng (4681,1584)* [filtered=38]
cnt=1 s0=fng (4680,1584)* [filtered=38]
cnt=1 s0=fng (4679,1584)* [filtered=38]
cnt=1 s0=fng (4678,1584)* [filtered=38]
cnt=1 s0=fng (4677,1584)* [filtered=38]
cnt=1 s0=fng (4676,1584)* [filtered=38]
cnt=1 s0=fng (4675,1584)* [filtered=38]
cnt=1 s0=fng (4675,1584)* [filtered=38]
cnt=1 s0=fng (4674,1584)* [filtered=38]
cnt=1 s0=fng (4672,1584)* [filtered=38]
cnt=1 s0=fng (4671,1584)* [filtered=38]
cnt=1 s0=fng (4670,1584)* [filtered=38]
cnt=1 s0=fng (4669,1584)* [filtered=38]
cnt=1 s0=fng (4668,1584)* [filtered=38]
cnt=1 s0=fng (4666,1584)* [filtered=38]
cnt=1 s0=fng (4664,1584)* [filtered=38]
cnt=1 s0=fng (4663,1584)* [filtered=38]
cnt=1 s0=fng (4661,1584)* [filtered=38]
cnt=1 s0=fng (4659,1584)* [filtered=38]
cnt=1 s0=fng (4657,1584)* [filtered=38]
cnt=1 s0=fng (4655,1584)* [filtered=38]
cnt=1 s0=fng (4654,1584)* [filtered=38]
cnt=1 s0=fng (4653,1584)* [filtered=38]
cnt=1 s0=fng (4652,1584)* [filtered=38]
cnt=1 s0=fng (4651,1584)* [filtered=38]
cnt=1 s0=fng (4650,1584)* [filtered=38]
cnt=1 s0=fng (4649,1584)* [filtered=38]
cnt=1 s0=fng (4648,1584)* [filtered=38]
cnt=1 s0=fng (4647,1584)* [filtered=38]
cnt=1 s0=fng (4646,1584)* [filtered=38]
cnt=1 s0=fng (4645,1584)* [filtered=38]
cnt=1 s0=fng (4644,1584)* [filtered=38]
cnt=1 s0=fng (4644,1584)* [filtered=38]
cnt=1 s0=fng (4644,1584)* [filtered=38]
cnt=1 s0=fng (4644,1584)* [filtered=38]
cnt=1 s0=fng (4644,1584)* [filtered=38]
cnt=1 s0=fng (4644,1584)* [filtered=38]
cnt=1 s0=fng (4644,1584)* [filtered=38]
cnt=1 s0=fng (4644,1584)* [filtered=38]
cnt=1 s0=fng (4644,1584)* [filtered=38]
cnt=1 s0=fng (4644,1584)* [filtered=38]
cnt=1 s0=fng (4644,1584)* [filtered=38]
cnt=1 s0=fng (4644,1584)* [filtered=38]
cnt=1 s0=fng (4644,1584)* [filtered=38]
cnt=1 s0=fng (4644,1584)* [filtered=38]
cnt=1 s0=fng (4644,1585)* [filtered=38]
cnt=1 s0=fng (4644,1585)* [filtered=38]
cnt=1 s0=fng (4644,1586)* [filtered=38]
cnt=1 s0=fng (4645,1586)* [filtered=38]
cnt=1 s0=fng (4645,1586)* [filtered=38]
cnt=1 s0=fng (4646,1587)* [filtered=38]
cnt=1 s0=fng (4647,1588)* [filtered=38]
cnt=1 s0=fng (4648,1588)* [filtered=38]
cnt=1 s0=fng (4649,1589)* [filtered=38]
cnt=1 s0=fng (4650,1589)* [filtered=38]
cnt=1 s0=fng (4651,1589)* [filtered=38]
cnt=1 s0=fng (4652,1590)* [filtered=38]
cnt=1 s0=fng (4653,1591)* [filtered=38]
cnt=1 s0=fng (4653,1591)* [filtered=38]
cnt=1 s0=fng (4654,1591)* [filtered=38]
cnt=1 s0=fng (4655,1592)* [filtered=38]
cnt=1 s0=fng (4657,1592)* [filtered=38]
cnt=1 s0=fng (4659,1593)* [filtered=38]
cnt=1 s0=fng (4660,1593)* [filtered=38]
cnt=1 s0=fng (4661,1593)* [filtered=38]
cnt=1 s0=fng (4663,1594)* [filtered=38]
cnt=1 s0=fng (4665,1595)* [filtered=38]
cnt=1 s0=fng (4666,1595)* [filtered=38]
cnt=1 s0=fng (4667,1595)* [filtered=38]
cnt=1 s0=fng (4668,1596)* [filtered=38]
cnt=1 s0=fng (4669,1597)* [filtered=38]
cnt=1 s0=fng (4670,1598)* [filtered=38]
cnt=1 s0=fng (4671,1598)* [filtered=38]
cnt=1 s0=fng (4672,1599)* [filtered=38]
cnt=1 s0=fng (4673,1600)* [filtered=38]
cnt=1 s0=fng (4674,1600)* [filtered=38]
cnt=1 s0=fng (4675,1601)* [filtered=38]
cnt=1 s0=fng (4676,1601)* [filtered=38]
cnt=1 s0=fng (4677,1602)* [filtered=38]
cnt=1 s0=fng (4678,1603)* [filtered=38]
cnt=1 s0=fng (4679,1604)* [filtered=38]
cnt=1 s0=fng (4680,1604)* [filtered=38]
cnt=1 s0=fng (4680,1604)* [filtered=38]
cnt=1 s0=fng (4681,1605)* [filtered=38]
cnt=1 s0=fng (4682,1605)* [filtered=38]
cnt=1 s0=fng (4683,1606)* [filtered=38]
cnt=1 s0=fng (4684,1606)* [filtered=38]
cnt=1 s0=fng (4685,1607)* [filtered=38]
cnt=1 s0=fng (4686,1608)* [filtered=38]
cnt=1 s0=fng (4687,1608)* [filtered=38]
cnt=1 s0=fng (4688,1609)* [filtered=38]
cnt=1 s0=fng (4688,1609)* [filtered=38]
cnt=1 s0=fng (4689,1610)* [filtered=38]
cnt=1 s0=fng (4690,1610)* [filtered=38]
cnt=1 s0=fng (4691,1611)* [filtered=38]
cnt=1 s0=fng (4692,1612)* [filtered=38]
cnt=1 s0=fng (4693,1612)* [filtered=38]
cnt=1 s0=fng (4694,1612)* [filtered=38]
cnt=1 s0=fng (4695,1613)* [filtered=38]
cnt=1 s0=fng (4696,1614)* [filtered=38]
cnt=1 s0=fng (4697,1615)* [filtered=38]
cnt=1 s0=fng (4697,1615)* [filtered=38]
cnt=1 s0=fng (4698,1616)* [filtered=38]
cnt=1 s0=fng (4699,1617)* [filtered=38]
cnt=1 s0=fng (4700,1618)* [filtered=38]
cnt=1 s0=fng (4701,1618)* [filtered=38]
cnt=1 s0=fng (4702,1619)* [filtered=38]
cnt=1 s0=fng (4703,1621)* [filtered=38]
cnt=1 s0=fng (4704,1622)* [filtered=38]
cnt=1 s0=fng (4705,1624)* [filtered=38]
cnt=1 s0=fng (4705,1625)* [filtered=38]
cnt=1 s0=fng (4706,1626)* [filtered=38]
cnt=1 s0=fng (4708,1628) [filtered=38]
cnt=1 s0=fng (4710,1630) [filtered=38]
cnt=1 s0=fng (4711,1633) [filtered=38]
cnt=1 s0=fng (4712,1634) [filtered=38]
cnt=1 s0=fng (4713,1636) [filtered=38]
cnt=1 s0=fng (4715,1639) [filtered=38]
cnt=1 s0=fng (4717,1642) [filtered=38]
cnt=1 s0=fng (4718,1644) [filtered=38]
cnt=1 s0=fng (4720,1647) [filtered=38]
cnt=1 s0=fng (4722,1650) [filtered=38]
cnt=1 s0=fng (4724,1653) [filtered=38]
cnt=1 s0=fng (4726,1656) [filtered=38]
cnt=1 s0=fng (4727,1658) [filtered=38]
cnt=1 s0=fng (4729,1661) [filtered=38]
cnt=1 s0=fng (4731,1664) [filtered=38]
cnt=1 s0=fng (4733,1667) [filtered=38]
cnt=1 s0=fng (4734,1669) [filtered=38]
cnt=1 s0=fng (4736,1671) [filtered=38]
cnt=1 s0=fng (4737,1674) [filtered=38]
cnt=1 s0=fng (4738,1677) [filtered=38]
cnt=1 s0=fng (4739,1679) [filtered=38]
cnt=1 s0=fng (4740,1680) [filtered=38]
cnt=1 s0=fng (4741,1682) [filtered=38]
cnt=1 s0=fng (4742,1683) [filtered=38]
cnt=1 s0=fng (4743,1685) [filtered=38]
cnt=1 s0=fng (4744,1687) [filtered=38]
cnt=1 s0=fng (4745,1688) [filtered=38]
cnt=1 s0=fng (4746,1689) [filtered=38]
cnt=1 s0=fng (4747,1690) [filtered=38]
cnt=1 s0=fng (4748,1692) [filtered=38]
cnt=1 s0=fng (4749,1694) [filtered=38]
cnt=1 s0=fng (4749,1695) [filtered=38]
cnt=1 s0=fng (4750,1696) [filtered=38]
cnt=1 s0=fng (4751,1698) [filtered=38]
cnt=1 s0=fng (4752,1700) [filtered=38]
cnt=1 s0=fng (4752,1701) [filtered=38]
cnt=1 s0=fng (4753,1704) [filtered=38]
cnt=1 s0=fng (4754,1707) [filtered=38]
cnt=1 s0=fng (4755,1710) [filtered=38]
cnt=1 s0=fng (1567,32) [filtered=38]
cnt=1 s0=fng (1567,32) [filtered=38]
cnt=1 s0=fng (1567,32) [filtered=38]
cnt=1 s0=fng (1567,32) [filtered=38]
cnt=1 s0=fng (1567,32) [filtered=38]
cnt=1 s0=fng (1567,32) [filtered=38]
cnt=1 s0=fng (1567,32) [filtered=38]
cnt=1 s0=fng (1567,32) [filtered=38]
cnt=1 s0=fng (1567,32) [filtered=38]
cnt=1 s0=fng (1567,32) [filtered=38]
cnt=1 s0=fng (1567,32) [filtered=38]
cnt=1 s0=fng (1567,32) [filtered=38]
cnt=1 s0=fng (1567,32) [filtered=38]
cnt=1 s0=fng (1567,32) [filtered=38]
cnt=1 s0=fng (1567,32) [filtered=38]
cnt=1 s0=fng (4762,1857) [filtered=38]
cnt=1 s0=fng (4762,1857) [filtered=38]
cnt=1 s0=fng (4762,1856) [filtered=38]
cnt=1 s0=fng (4762,1856) [filtered=38]
cnt=1 s0=fng (4762,1856) [filtered=38]
cnt=1 s0=fng (4762,1855) [filtered=38]
cnt=1 s0=fng (4762,1855) [filtered=38]
cnt=1 s0=fng (4762,1854) [filtered=38]
cnt=1 s0=fng (4762,1854) [filtered=38]
cnt=1 s0=fng (4762,1853) [filtered=38]
cnt=1 s0=fng (100,2071) [filtered=38]
cnt=1 s0=fng (100,2071) [filtered=38]
cnt=1 s0=fng (108,2065) [filtered=38]
cnt=1 s0=fng (123,2054) [filtered=38]
cnt=1 s0=fng (137,2043) [filtered=38]
cnt=1 s0=fng (153,2029) [filtered=38]
cnt=1 s0=fng (167,2014) [filtered=38]
cnt=1 s0=fng (180,2000) [filtered=38]
cnt=2 s0=PALM(191,1987) s1=PALM(4529,1932) [filtered=39]
cnt=2 s0=PALM(202,1974) s1=PALM(4529,1932) [filtered=40]
cnt=2 s0=PALM(211,1962) s1=PALM(4524,1927) [filtered=41]
cnt=2 s0=PALM(219,1951) s1=PALM(4515,1919) [filtered=42]
cnt=2 s0=PALM(227,1940) s1=PALM(4506,1912) [filtered=43]
cnt=2 s0=PALM(234,1930) s1=PALM(4496,1903) [filtered=44]
cnt=2 s0=PALM(241,1920) s1=PALM(4487,1895) [filtered=45]
cnt=2 s0=PALM(246,1912) s1=PALM(4477,1886) [filtered=46]
cnt=2 s0=PALM(250,1905) s1=PALM(4468,1877) [filtered=47]
cnt=2 s0=PALM(254,1898) s1=PALM(4460,1869) [filtered=48]
cnt=2 s0=PALM(258,1892) s1=PALM(4451,1860) [filtered=49]
cnt=2 s0=PALM(262,1886) s1=PALM(4443,1852) [filtered=50]
cnt=2 s0=PALM(266,1880) s1=PALM(4436,1845) [filtered=51]
cnt=2 s0=PALM(269,1875) s1=PALM(4430,1838) [filtered=52]
cnt=2 s0=PALM(272,1870) s1=PALM(4424,1832) [filtered=53]
cnt=2 s0=PALM(275,1865) s1=PALM(4418,1826) [filtered=54]
cnt=2 s0=PALM(278,1860) s1=PALM(4412,1820) [filtered=55]
cnt=2 s0=PALM(280,1855) s1=PALM(4407,1814) [filtered=56]
cnt=2 s0=PALM(282,1850) s1=PALM(4402,1808) [filtered=57]
cnt=2 s0=PALM(284,1845) s1=PALM(4397,1803) [filtered=58]
cnt=2 s0=PALM(286,1840) s1=PALM(4393,1798) [filtered=59]
cnt=2 s0=PALM(288,1835) s1=PALM(4389,1793) [filtered=60]
cnt=2 s0=PALM(290,1830) s1=PALM(4385,1789) [filtered=61]
cnt=2 s0=PALM(292,1825) s1=PALM(4381,1785) [filtered=62]
cnt=2 s0=PALM(294,1821) s1=PALM(4377,1781) [filtered=63]
cnt=2 s0=PALM(296,1817) s1=PALM(4373,1777) [filtered=64]
cnt=2 s0=PALM(297,1813) s1=PALM(4370,1773) [filtered=65]
cnt=2 s0=PALM(298,1809) s1=PALM(4367,1770) [filtered=66]
cnt=2 s0=PALM(299,1805) s1=PALM(4364,1767) [filtered=67]
cnt=2 s0=PALM(300,1801) s1=PALM(4362,1764) [filtered=68]
cnt=2 s0=PALM(301,1797) s1=PALM(4360,1761) [filtered=69]
cnt=2 s0=PALM(302,1794) s1=PALM(4358,1759) [filtered=70]
cnt=2 s0=PALM(303,1791) s1=PALM(4356,1757) [filtered=71]
cnt=2 s0=PALM(303,1789) s1=PALM(4354,1755) [filtered=72]
cnt=2 s0=PALM(303,1787) s1=PALM(4352,1753) [filtered=73]
cnt=2 s0=PALM(303,1785) s1=PALM(4351,1752) [filtered=74]
cnt=2 s0=PALM(303,1783) s1=PALM(4350,1751) [filtered=75]
cnt=2 s0=PALM(303,1781) s1=PALM(4349,1750) [filtered=76]
cnt=2 s0=PALM(303,1779) s1=PALM(4348,1750) [filtered=77]
cnt=2 s0=PALM(303,1777) s1=PALM(4347,1750) [filtered=78]
cnt=2 s0=PALM(303,1776) s1=PALM(4346,1750) [filtered=79]
cnt=2 s0=PALM(303,1775) s1=PALM(4345,1750) [filtered=80]
cnt=2 s0=PALM(303,1775) s1=PALM(4344,1750) [filtered=81]
cnt=2 s0=PALM(303,1775) s1=PALM(4343,1750) [filtered=82]
cnt=2 s0=PALM(300,1775) s1=PALM(4342,1750) [filtered=83]
cnt=2 s0=PALM(297,1775) s1=PALM(4342,1750) [filtered=84]
cnt=2 s0=PALM(294,1775) s1=PALM(4342,1750) [filtered=85]
cnt=2 s0=PALM(291,1775) s1=PALM(4342,1750) [filtered=86]
cnt=2 s0=PALM(288,1775) s1=PALM(4342,1750) [filtered=87]
cnt=2 s0=PALM(285,1775) s1=PALM(4342,1753) [filtered=88]
cnt=2 s0=PALM(283,1775) s1=PALM(4342,1756) [filtered=89]
cnt=2 s0=PALM(283,1775) s1=PALM(4342,1759) [filtered=90]
cnt=2 s0=PALM(282,1778) s1=PALM(4342,1762) [filtered=91]
cnt=2 s0=PALM(281,1781) s1=PALM(4342,1765) [filtered=92]
cnt=2 s0=PALM(280,1784) s1=PALM(4342,1766)* [filtered=93]
cnt=2 s0=PALM(279,1787) s1=PALM(4342,1768)* [filtered=94]
cnt=2 s0=PALM(278,1790) s1=PALM(4342,1771)* [filtered=95]
cnt=2 s0=PALM(277,1793) s1=PALM(4342,1772)* [filtered=96]
cnt=2 s0=PALM(277,1796) s1=PALM(4342,1775)* [filtered=97]
cnt=2 s0=PALM(276,1799) s1=PALM(4343,1778) [filtered=98]
cnt=2 s0=PALM(276,1802) s1=PALM(4343,1780) [filtered=99]
cnt=2 s0=PALM(276,1805) s1=PALM(4343,1783) [filtered=100]
cnt=2 s0=PALM(276,1808) s1=PALM(4342,1786) [filtered=101]
cnt=2 s0=PALM(276,1811) s1=PALM(4342,1788) [filtered=102]
cnt=2 s0=PALM(276,1814) s1=PALM(4342,1790) [filtered=103]
cnt=2 s0=PALM(276,1817) s1=PALM(4342,1792) [filtered=104]
cnt=2 s0=PALM(276,1820) s1=PALM(4342,1794) [filtered=105]
cnt=2 s0=PALM(276,1824) s1=PALM(4342,1797) [filtered=106]
cnt=2 s0=PALM(276,1827) s1=PALM(4342,1799) [filtered=107]
cnt=2 s0=PALM(276,1829) s1=PALM(4342,1802) [filtered=108]
cnt=2 s0=PALM(276,1830) s1=PALM(4342,1804) [filtered=109]
cnt=2 s0=PALM(276,1832) s1=PALM(4342,1806) [filtered=110]
cnt=2 s0=PALM(276,1833) s1=PALM(4342,1808) [filtered=111]
cnt=2 s0=PALM(276,1834) s1=PALM(4342,1810) [filtered=112]
cnt=3 s0=PALM(276,1836) s1=PALM(4342,1812) s2=fng (3112,348) [filtered=113]
cnt=3 s0=PALM(276,1837) s1=PALM(4342,1814) s2=fng (3112,348) [filtered=114]
cnt=3 s0=PALM(277,1839) s1=PALM(4342,1816) s2=fng (3112,348) [filtered=115]
cnt=3 s0=PALM(277,1840) s1=PALM(4342,1818) s2=fng (3112,348) [filtered=116]
cnt=3 s0=PALM(277,1841) s1=PALM(4343,1820) s2=fng (3113,348) [filtered=117]
cnt=3 s0=PALM(277,1842) s1=PALM(4343,1822) s2=fng (3113,348) [filtered=118]
cnt=3 s0=PALM(278,1844) s1=PALM(4343,1824) s2=fng (3114,348) [filtered=119]
cnt=3 s0=PALM(278,1845) s1=PALM(4343,1826) s2=fng (3114,348) [filtered=120]
cnt=3 s0=PALM(279,1847) s1=PALM(4344,1828)* s2=fng (3114,348) [filtered=121]
cnt=3 s0=PALM(279,1849) s1=PALM(4345,1829)* s2=fng (3114,348) [filtered=122]
cnt=3 s0=PALM(279,1850) s1=PALM(4345,1828)* s2=fng (3114,348) [filtered=123]
cnt=2 s0=PALM(280,1852) s1=PALM(4346,1829)* [filtered=124]
cnt=2 s0=PALM(281,1854) s1=PALM(4347,1830)* [filtered=125]
cnt=2 s0=PALM(281,1855)* s1=PALM(4347,1831)* [filtered=126]
cnt=2 s0=PALM(282,1857)* s1=PALM(4348,1832)* [filtered=127]
cnt=2 s0=PALM(283,1860) s1=PALM(4349,1833)* [filtered=128]
cnt=2 s0=PALM(284,1861) s1=PALM(4349,1833)* [filtered=129]
cnt=2 s0=PALM(285,1863) s1=PALM(4350,1833)* [filtered=130]
cnt=2 s0=PALM(287,1866) s1=PALM(4351,1833)* [filtered=131]
cnt=2 s0=PALM(288,1867) s1=PALM(4352,1833)* [filtered=132]
cnt=2 s0=PALM(291,1870) s1=PALM(4353,1832)* [filtered=133]
cnt=2 s0=PALM(293,1872) s1=PALM(4353,1831)* [filtered=134]
cnt=2 s0=PALM(296,1875) s1=PALM(4354,1830)* [filtered=135]
cnt=2 s0=PALM(300,1879) s1=PALM(4355,1828)* [filtered=136]
cnt=2 s0=PALM(303,1882) s1=PALM(4355,1827)* [filtered=137]
cnt=2 s0=PALM(308,1887) s1=PALM(4356,1826)* [filtered=138]
cnt=2 s0=PALM(315,1893) s1=PALM(4357,1824)* [filtered=139]
cnt=2 s0=PALM(322,1898) s1=PALM(4357,1823)* [filtered=140]
cnt=2 s0=PALM(331,1905) s1=PALM(4358,1821)* [filtered=141]
cnt=2 s0=PALM(339,1911) s1=PALM(4358,1820)* [filtered=142]
cnt=2 s0=PALM(350,1918) s1=PALM(4359,1817) [filtered=143]
cnt=2 s0=PALM(360,1924) s1=PALM(4360,1815) [filtered=144]
cnt=2 s0=PALM(373,1931) s1=PALM(4361,1813) [filtered=145]
cnt=2 s0=PALM(385,1938) s1=PALM(4361,1811) [filtered=146]
cnt=2 s0=PALM(399,1945) s1=PALM(4361,1809) [filtered=147]
cnt=2 s0=PALM(413,1952) s1=PALM(4361,1807) [filtered=148]
cnt=2 s0=PALM(430,1960) s1=PALM(4362,1805) [filtered=149]
cnt=2 s0=PALM(447,1968) s1=PALM(4362,1803) [filtered=150]
cnt=2 s0=PALM(466,1976) s1=PALM(4362,1801) [filtered=151]
cnt=2 s0=PALM(485,1984) s1=PALM(4362,1799) [filtered=152]
cnt=2 s0=PALM(505,1991) s1=PALM(4362,1798) [filtered=153]
cnt=2 s0=PALM(525,1998) s1=PALM(4362,1799) [filtered=154]
cnt=2 s0=PALM(547,2004) s1=PALM(4361,1797) [filtered=155]
cnt=2 s0=PALM(569,2010) s1=PALM(4361,1796) [filtered=156]
cnt=2 s0=PALM(591,2016) s1=PALM(4360,1794) [filtered=157]
cnt=2 s0=PALM(613,2022) s1=PALM(4360,1793) [filtered=158]
cnt=2 s0=PALM(635,2027) s1=PALM(4359,1792) [filtered=159]
cnt=2 s0=PALM(657,2032) s1=PALM(4358,1791) [filtered=160]
cnt=2 s0=PALM(679,2036) s1=PALM(4357,1790) [filtered=161]
cnt=2 s0=PALM(701,2040) s1=PALM(4356,1789) [filtered=162]
cnt=2 s0=PALM(723,2043) s1=PALM(4355,1788)* [filtered=163]
cnt=2 s0=PALM(745,2046) s1=PALM(4354,1788)* [filtered=164]
cnt=2 s0=PALM(766,2048) s1=PALM(4352,1787)* [filtered=165]
cnt=2 s0=PALM(787,2050) s1=PALM(4351,1787)* [filtered=166]
cnt=2 s0=PALM(807,2051) s1=PALM(4349,1786)* [filtered=167]
cnt=2 s0=PALM(827,2052) s1=PALM(4348,1786)* [filtered=168]
cnt=2 s0=PALM(845,2052) s1=PALM(4347,1786)* [filtered=169]
cnt=2 s0=PALM(863,2052) s1=PALM(4346,1786)* [filtered=170]
cnt=2 s0=PALM(881,2052) s1=PALM(4346,1786)* [filtered=171]
cnt=2 s0=PALM(897,2052) s1=PALM(4344,1786)* [filtered=172]
cnt=2 s0=PALM(913,2052) s1=PALM(4343,1786)* [filtered=173]
cnt=2 s0=PALM(927,2049) s1=PALM(4341,1786)* [filtered=174]
cnt=2 s0=PALM(941,2046) s1=PALM(4340,1786)* [filtered=175]
cnt=2 s0=PALM(953,2042) s1=PALM(4339,1786)* [filtered=176]
cnt=2 s0=PALM(965,2038) s1=PALM(4338,1786)* [filtered=177]
cnt=2 s0=PALM(975,2034) s1=PALM(4336,1786)* [filtered=178]
cnt=2 s0=PALM(985,2030) s1=PALM(4335,1786)* [filtered=179]
cnt=2 s0=PALM(993,2026) s1=PALM(4334,1786)* [filtered=180]
cnt=2 s0=PALM(1001,2022) s1=PALM(4334,1786)* [filtered=181]
cnt=2 s0=PALM(1007,2017) s1=PALM(4333,1786)* [filtered=182]
cnt=2 s0=PALM(1013,2012) s1=PALM(4333,1786)* [filtered=183]
cnt=2 s0=PALM(1017,2007) s1=PALM(4332,1786)* [filtered=184]
cnt=2 s0=PALM(1021,2003) s1=PALM(4332,1786)* [filtered=185]
cnt=2 s0=PALM(1023,2000) s1=PALM(4332,1786)* [filtered=186]
cnt=2 s0=PALM(1025,1998) s1=PALM(4332,1786)* [filtered=187]
cnt=2 s0=PALM(1025,1995) s1=PALM(4332,1786)* [filtered=188]
cnt=2 s0=PALM(1025,1993) s1=PALM(4332,1786)* [filtered=189]
cnt=2 s0=PALM(1022,1992) s1=PALM(4332,1786)* [filtered=190]
cnt=2 s0=PALM(1017,1989) s1=PALM(4332,1786)* [filtered=191]
cnt=2 s0=PALM(1012,1987) s1=PALM(4332,1786)* [filtered=192]
cnt=2 s0=PALM(1007,1985) s1=PALM(4333,1785)* [filtered=193]
cnt=2 s0=PALM(1002,1983) s1=PALM(4333,1785)* [filtered=194]
cnt=2 s0=PALM(995,1980) s1=PALM(4333,1785)* [filtered=195]
cnt=2 s0=PALM(988,1978) s1=PALM(4333,1785)* [filtered=196]
cnt=2 s0=PALM(980,1974) s1=PALM(4334,1784)* [filtered=197]
cnt=2 s0=PALM(972,1971) s1=PALM(4334,1784)* [filtered=198]
cnt=2 s0=PALM(962,1967) s1=PALM(4335,1783)* [filtered=199]
cnt=2 s0=PALM(952,1963) s1=PALM(4335,1783)* [filtered=200]
cnt=2 s0=PALM(941,1959) s1=PALM(4336,1782)* [filtered=201]
cnt=2 s0=PALM(930,1955) s1=PALM(4337,1782)* [filtered=202]
cnt=2 s0=PALM(917,1950) s1=PALM(4338,1781)* [filtered=203]
cnt=2 s0=PALM(904,1945) s1=PALM(4339,1781)* [filtered=204]
cnt=2 s0=PALM(891,1940) s1=PALM(4340,1780)* [filtered=205]
cnt=2 s0=PALM(876,1935) s1=PALM(4341,1778)* [filtered=206]
cnt=2 s0=PALM(861,1930) s1=PALM(4342,1777)* [filtered=207]
cnt=2 s0=PALM(846,1926) s1=PALM(4343,1775)* [filtered=208]
cnt=2 s0=PALM(831,1922) s1=PALM(4344,1774)* [filtered=209]
cnt=2 s0=PALM(816,1918) s1=PALM(4345,1773)* [filtered=210]
cnt=2 s0=PALM(801,1914) s1=PALM(4347,1771) [filtered=211]
cnt=2 s0=PALM(786,1910) s1=PALM(4348,1770) [filtered=212]
cnt=2 s0=PALM(771,1906) s1=PALM(4350,1768) [filtered=213]
cnt=2 s0=PALM(756,1903) s1=PALM(4351,1766) [filtered=214]
cnt=2 s0=PALM(741,1900) s1=PALM(4352,1765) [filtered=215]
cnt=2 s0=PALM(726,1897) s1=PALM(4353,1764) [filtered=216]
cnt=2 s0=PALM(711,1894) s1=PALM(4355,1762) [filtered=217]
cnt=2 s0=PALM(696,1892) s1=PALM(4356,1761) [filtered=218]
cnt=2 s0=PALM(682,1889) s1=PALM(4357,1759) [filtered=219]
cnt=2 s0=PALM(669,1886) s1=PALM(4358,1758) [filtered=220]
cnt=2 s0=PALM(656,1884) s1=PALM(4359,1757) [filtered=221]
cnt=2 s0=PALM(643,1881) s1=PALM(4360,1756) [filtered=222]
cnt=2 s0=PALM(630,1878) s1=PALM(4361,1754) [filtered=223]
cnt=2 s0=PALM(617,1874) s1=PALM(4363,1752) [filtered=224]
cnt=2 s0=PALM(604,1872) s1=PALM(4364,1751) [filtered=225]
cnt=2 s0=PALM(591,1869) s1=PALM(4365,1750) [filtered=226]
cnt=2 s0=PALM(578,1866) s1=PALM(4366,1749) [filtered=227]
cnt=2 s0=PALM(565,1864) s1=PALM(4367,1748) [filtered=228]
cnt=2 s0=PALM(553,1863) s1=PALM(4368,1747) [filtered=229]
cnt=2 s0=PALM(541,1862) s1=PALM(4370,1746) [filtered=230]
cnt=2 s0=PALM(529,1862) s1=PALM(4371,1746) [filtered=231]
cnt=2 s0=PALM(517,1861) s1=PALM(4372,1745) [filtered=232]
cnt=2 s0=PALM(506,1860) s1=PALM(4373,1744) [filtered=233]
cnt=2 s0=PALM(495,1860) s1=PALM(4373,1744) [filtered=234]
cnt=2 s0=PALM(485,1859) s1=PALM(4374,1743) [filtered=235]
cnt=2 s0=PALM(476,1859) s1=PALM(4375,1742) [filtered=236]
cnt=2 s0=PALM(467,1859) s1=PALM(4375,1742) [filtered=237]
cnt=2 s0=PALM(458,1860) s1=PALM(4375,1742) [filtered=238]
cnt=2 s0=PALM(450,1861) s1=PALM(4376,1741) [filtered=239]
cnt=2 s0=PALM(442,1861) s1=PALM(4376,1741) [filtered=240]
cnt=2 s0=PALM(436,1862) s1=PALM(4376,1740) [filtered=241]
cnt=2 s0=PALM(430,1865) s1=PALM(4376,1740) [filtered=242]
cnt=2 s0=PALM(425,1868) s1=PALM(4376,1740) [filtered=243]
cnt=2 s0=PALM(420,1870) s1=PALM(4376,1740)* [filtered=244]
cnt=2 s0=PALM(417,1873) s1=PALM(4376,1740)* [filtered=245]
cnt=2 s0=PALM(417,1877) s1=PALM(4376,1740)* [filtered=246]
cnt=2 s0=PALM(417,1880) s1=PALM(4376,1740)* [filtered=247]
cnt=2 s0=PALM(417,1883) s1=PALM(4376,1740)* [filtered=248]
cnt=2 s0=PALM(417,1886) s1=PALM(4376,1740)* [filtered=249]
cnt=2 s0=PALM(417,1888) s1=PALM(4376,1740)* [filtered=250]
cnt=2 s0=PALM(417,1891) s1=PALM(4376,1740)* [filtered=251]
cnt=2 s0=PALM(417,1893) s1=PALM(4376,1740)* [filtered=252]
cnt=2 s0=PALM(417,1897) s1=PALM(4376,1741)* [filtered=253]
cnt=2 s0=PALM(417,1902) s1=PALM(4376,1742)* [filtered=254]
cnt=2 s0=PALM(417,1907) s1=PALM(4376,1742)* [filtered=255]
cnt=2 s0=PALM(418,1913) s1=PALM(4375,1743)* [filtered=256]
cnt=2 s0=PALM(419,1918) s1=PALM(4375,1744)* [filtered=257]
cnt=2 s0=PALM(421,1925) s1=PALM(4374,1746)* [filtered=258]
cnt=2 s0=PALM(423,1931) s1=PALM(4374,1747)* [filtered=259]
cnt=2 s0=PALM(425,1940) s1=PALM(4373,1750) [filtered=260]
cnt=2 s0=PALM(429,1951) s1=PALM(4372,1753) [filtered=261]
cnt=2 s0=PALM(432,1961) s1=PALM(4371,1755) [filtered=262]
cnt=2 s0=PALM(437,1972) s1=PALM(4370,1758) [filtered=263]
cnt=2 s0=PALM(443,1984) s1=PALM(4368,1762) [filtered=264]
cnt=2 s0=PALM(448,1996) s1=PALM(4367,1765) [filtered=265]
cnt=2 s0=PALM(455,2008) s1=PALM(4364,1770) [filtered=266]
cnt=2 s0=PALM(461,2019) s1=PALM(4362,1774) [filtered=267]
cnt=2 s0=PALM(468,2031) s1=PALM(4359,1779) [filtered=268]
cnt=2 s0=PALM(477,2042) s1=PALM(4356,1786) [filtered=269]
cnt=2 s0=PALM(485,2052) s1=PALM(4354,1792) [filtered=270]
cnt=2 s0=PALM(494,2063) s1=PALM(4350,1799) [filtered=271]
cnt=2 s0=PALM(502,2073) s1=PALM(4347,1805) [filtered=272]
cnt=2 s0=PALM(512,2083) s1=PALM(4342,1813) [filtered=273]
cnt=2 s0=PALM(521,2093) s1=PALM(4338,1820) [filtered=274]
cnt=2 s0=PALM(531,2103) s1=PALM(4333,1828) [filtered=275]
cnt=2 s0=PALM(541,2113) s1=PALM(4329,1836) [filtered=276]
cnt=2 s0=PALM(551,2123) s1=PALM(4325,1844) [filtered=277]
cnt=2 s0=PALM(561,2132) s1=PALM(4319,1853) [filtered=278]
cnt=2 s0=PALM(571,2141) s1=PALM(4314,1861) [filtered=279]
cnt=2 s0=PALM(581,2150) s1=PALM(4308,1869) [filtered=280]
cnt=2 s0=PALM(591,2159) s1=PALM(4303,1877) [filtered=281]
cnt=2 s0=PALM(601,2167) s1=PALM(4298,1885) [filtered=282]
cnt=2 s0=PALM(611,2175) s1=PALM(4293,1893) [filtered=283]
cnt=2 s0=PALM(621,2183) s1=PALM(4289,1901) [filtered=284]
cnt=2 s0=PALM(631,2191) s1=PALM(4285,1909) [filtered=285]
cnt=2 s0=PALM(641,2199) s1=PALM(4281,1917) [filtered=286]
cnt=2 s0=PALM(651,2207) s1=PALM(4277,1925) [filtered=287]
cnt=2 s0=PALM(660,2214) s1=PALM(4273,1932) [filtered=288]
cnt=2 s0=PALM(668,2221) s1=PALM(4269,1938) [filtered=289]
cnt=2 s0=PALM(676,2228) s1=PALM(4265,1944) [filtered=290]
cnt=2 s0=PALM(684,2234) s1=PALM(4262,1950) [filtered=291]
cnt=2 s0=PALM(692,2240) s1=PALM(4259,1956) [filtered=292]
cnt=2 s0=PALM(699,2246) s1=PALM(4256,1961) [filtered=293]
cnt=2 s0=PALM(705,2251) s1=PALM(4253,1965) [filtered=294]
cnt=2 s0=PALM(711,2256) s1=PALM(4250,1969) [filtered=295]
cnt=2 s0=PALM(717,2260) s1=PALM(4247,1973) [filtered=296]
cnt=2 s0=PALM(723,2264) s1=PALM(4244,1977) [filtered=297]
cnt=2 s0=PALM(729,2268) s1=PALM(4242,1980) [filtered=298]
cnt=2 s0=PALM(734,2271) s1=PALM(4240,1982) [filtered=299]
cnt=2 s0=PALM(739,2274) s1=PALM(4238,1984) [filtered=300]
cnt=2 s0=PALM(743,2276) s1=PALM(4236,1986) [filtered=301]
cnt=2 s0=PALM(747,2278) s1=PALM(4234,1988) [filtered=302]
cnt=2 s0=PALM(749,2279) s1=PALM(4233,1989) [filtered=303]
cnt=2 s0=PALM(751,2280) s1=PALM(4232,1990) [filtered=304]
cnt=2 s0=PALM(752,2280) s1=PALM(4232,1990) [filtered=305]
cnt=2 s0=PALM(752,2276) s1=PALM(4232,1990) [filtered=306]
cnt=2 s0=PALM(752,2272) s1=PALM(4232,1990) [filtered=307]
cnt=2 s0=PALM(752,2267) s1=PALM(4232,1987) [filtered=308]
cnt=2 s0=PALM(752,2262) s1=PALM(4232,1984) [filtered=309]
cnt=2 s0=PALM(749,2257) s1=PALM(4235,1980) [filtered=310]
cnt=2 s0=PALM(746,2252) s1=PALM(4238,1976) [filtered=311]
cnt=2 s0=PALM(742,2246) s1=PALM(4241,1972) [filtered=312]
cnt=2 s0=PALM(737,2239) s1=PALM(4244,1967) [filtered=313]
cnt=2 s0=PALM(732,2233) s1=PALM(4244,1964) [filtered=314]
cnt=2 s0=PALM(725,2225) s1=PALM(4246,1960) [filtered=315]
cnt=2 s0=PALM(718,2218) s1=PALM(4247,1957) [filtered=316]
cnt=2 s0=PALM(710,2209) s1=PALM(4249,1954) [filtered=317]
cnt=2 s0=PALM(701,2197) s1=PALM(4253,1949) [filtered=318]
cnt=2 s0=PALM(693,2186) s1=PALM(4255,1944) [filtered=319]
cnt=2 s0=PALM(684,2173) s1=PALM(4258,1939) [filtered=320]
cnt=2 s0=PALM(676,2160) s1=PALM(4260,1935) [filtered=321]
cnt=2 s0=PALM(667,2146) s1=PALM(4263,1929) [filtered=322]
cnt=2 s0=PALM(658,2133) s1=PALM(4265,1924) [filtered=323]
cnt=2 s0=PALM(648,2118) s1=PALM(4269,1919) [filtered=324]
cnt=2 s0=PALM(639,2104) s1=PALM(4272,1914) [filtered=325]
cnt=2 s0=PALM(628,2087) s1=PALM(4275,1908) [filtered=326]
cnt=2 s0=PALM(617,2070) s1=PALM(4279,1901) [filtered=327]
cnt=2 s0=PALM(607,2054) s1=PALM(4282,1895) [filtered=328]
cnt=2 s0=PALM(596,2037) s1=PALM(4286,1889) [filtered=329]
cnt=2 s0=PALM(586,2021) s1=PALM(4289,1883) [filtered=330]
cnt=2 s0=PALM(576,2005) s1=PALM(4292,1878) [filtered=331]
cnt=2 s0=PALM(565,1988) s1=PALM(4296,1873) [filtered=332]
cnt=2 s0=PALM(555,1972) s1=PALM(4299,1868) [filtered=333]
cnt=2 s0=PALM(546,1957) s1=PALM(4303,1863) [filtered=334]
cnt=2 s0=PALM(537,1942) s1=PALM(4307,1859) [filtered=335]
cnt=2 s0=PALM(529,1928) s1=PALM(4310,1855) [filtered=336]
cnt=2 s0=PALM(521,1914) s1=PALM(4314,1851) [filtered=337]
cnt=2 s0=PALM(513,1901) s1=PALM(4318,1846) [filtered=338]
cnt=2 s0=PALM(506,1889) s1=PALM(4321,1842) [filtered=339]
cnt=2 s0=PALM(500,1878) s1=PALM(4323,1839) [filtered=340]
cnt=2 s0=PALM(494,1868) s1=PALM(4326,1836) [filtered=341]
cnt=2 s0=PALM(488,1858) s1=PALM(4328,1833) [filtered=342]
cnt=2 s0=PALM(483,1850) s1=PALM(4331,1831) [filtered=343]
cnt=2 s0=PALM(479,1843) s1=PALM(4334,1828) [filtered=344]
cnt=2 s0=PALM(475,1836) s1=PALM(4336,1826) [filtered=345]
cnt=2 s0=PALM(471,1830) s1=PALM(4339,1824) [filtered=346]
cnt=2 s0=PALM(467,1824) s1=PALM(4341,1822) [filtered=347]
cnt=2 s0=PALM(464,1819) s1=PALM(4343,1821) [filtered=348]
cnt=2 s0=PALM(462,1815) s1=PALM(4345,1820) [filtered=349]
cnt=2 s0=PALM(460,1811) s1=PALM(4347,1820) [filtered=350]
cnt=2 s0=PALM(458,1808) s1=PALM(4348,1819) [filtered=351]
cnt=2 s0=PALM(456,1805) s1=PALM(4348,1819) [filtered=352]
cnt=2 s0=PALM(454,1803) s1=PALM(4349,1818) [filtered=353]
cnt=2 s0=PALM(452,1801) s1=PALM(4350,1818) [filtered=354]
cnt=2 s0=PALM(450,1799) s1=PALM(4351,1818) [filtered=355]
cnt=2 s0=PALM(449,1799) s1=PALM(4351,1819) [filtered=356]
cnt=2 s0=PALM(450,1799) s1=PALM(4351,1819) [filtered=357]
cnt=2 s0=PALM(450,1799) s1=PALM(4351,1820) [filtered=358]
cnt=2 s0=PALM(450,1799) s1=PALM(4351,1820) [filtered=359]
cnt=2 s0=PALM(450,1802) s1=PALM(4351,1821) [filtered=360]
cnt=2 s0=PALM(450,1805) s1=PALM(4351,1822) [filtered=361]
cnt=2 s0=PALM(450,1809) s1=PALM(4350,1824) [filtered=362]
cnt=2 s0=PALM(450,1813) s1=PALM(4350,1825) [filtered=363]
cnt=2 s0=PALM(453,1817) s1=PALM(4349,1828) [filtered=364]
cnt=2 s0=PALM(454,1820) s1=PALM(4349,1830) [filtered=365]
cnt=2 s0=PALM(456,1823) s1=PALM(4348,1834) [filtered=366]
cnt=2 s0=PALM(457,1825) s1=PALM(4347,1837) [filtered=367]
cnt=2 s0=PALM(460,1830) s1=PALM(4346,1842) [filtered=368]
cnt=2 s0=PALM(462,1834) s1=PALM(4346,1846) [filtered=369]
cnt=2 s0=PALM(466,1841) s1=PALM(4345,1853) [filtered=370]
cnt=2 s0=PALM(469,1847) s1=PALM(4344,1859) [filtered=371]
cnt=2 s0=PALM(474,1858) s1=PALM(4343,1869) [filtered=372]
cnt=2 s0=PALM(478,1868) s1=PALM(4342,1878) [filtered=373]
cnt=2 s0=PALM(485,1881) s1=PALM(4342,1890) [filtered=374]
cnt=2 s0=PALM(493,1898) s1=PALM(4342,1903) [filtered=375]
cnt=2 s0=PALM(500,1914) s1=PALM(4342,1915) [filtered=376]
cnt=2 s0=PALM(509,1933) s1=PALM(4342,1930) [filtered=377]
cnt=2 s0=PALM(517,1951) s1=PALM(4342,1944) [filtered=378]
cnt=2 s0=PALM(526,1972) s1=PALM(4343,1960) [filtered=379]
cnt=2 s0=PALM(535,1993) s1=PALM(4345,1977) [filtered=380]
cnt=2 s0=PALM(543,2013) s1=PALM(4346,1993) [filtered=381]
cnt=2 s0=PALM(552,2034) s1=PALM(4348,2011) [filtered=382]
cnt=2 s0=PALM(559,2055) s1=PALM(4351,2030) [filtered=383]
cnt=2 s0=PALM(565,2075) s1=PALM(4353,2048) [filtered=384]
cnt=2 s0=PALM(569,2096) s1=PALM(4357,2069) [filtered=385]
cnt=2 s0=PALM(571,2117) s1=PALM(4362,2091) [filtered=386]
cnt=2 s0=PALM(572,2136) s1=PALM(4369,2114) [filtered=387]
cnt=1 s1=fng (4377,2136) [filtered=387]
cnt=1 s1=fng (4384,2156) [filtered=387]
cnt=1 s1=fng (4390,2175) [filtered=387]
cnt=1 s0=fng (4458,2413) [filtered=387]
cnt=1 s0=fng (4458,2413) [filtered=387]
cnt=1 s0=fng (1794,1311) [filtered=387]
cnt=1 s0=fng (1794,1311) [filtered=387]
cnt=1 s0=fng (1793,1311) [filtered=387]
cnt=1 s0=fng (1792,1310) [filtered=387]
cnt=1 s0=fng (1791,1310) [filtered=387]
cnt=2 s0=fng (1790,1309) s1=fng (2297,963) [filtered=387]
cnt=2 s0=fng (1790,1309) s1=fng (2297,963) [filtered=387]
cnt=2 s0=fng (1786,1304) s1=fng (2297,962) [filtered=387]
cnt=2 s0=fng (1781,1297) s1=fng (2297,961) [filtered=387]
cnt=2 s0=fng (1776,1289) s1=fng (2297,959) [filtered=387]
cnt=2 s0=fng (1772,1282) s1=fng (2297,958) [filtered=387]
cnt=2 s0=fng (1767,1273) s1=fng (2297,956) [filtered=387]
cnt=2 s0=fng (1762,1264) s1=fng (2297,954) [filtered=387]
cnt=2 s0=fng (1758,1254) s1=fng (2297,950) [filtered=387]
cnt=2 s0=fng (1755,1243) s1=fng (2298,946) [filtered=387]
cnt=2 s0=fng (1753,1232) s1=fng (2298,943) [filtered=387]
cnt=2 s0=fng (1752,1220) s1=fng (2299,936) [filtered=387]
cnt=2 s0=fng (1753,1207) s1=fng (2301,927) [filtered=387]
cnt=2 s0=fng (1753,1193) s1=fng (2304,915) [filtered=387]
cnt=2 s0=fng (1753,1179) s1=fng (2305,904) [filtered=387]
cnt=2 s0=fng (1754,1164) s1=fng (2308,891) [filtered=387]
cnt=2 s0=fng (1755,1147) s1=fng (2312,877) [filtered=387]
cnt=2 s0=fng (1757,1130) s1=fng (2317,862) [filtered=387]
cnt=2 s0=fng (1760,1112) s1=fng (2322,846) [filtered=387]
cnt=2 s0=fng (1761,1094) s1=fng (2327,830) [filtered=387]
cnt=2 s0=fng (1764,1075) s1=fng (2333,813) [filtered=387]
cnt=2 s0=fng (1768,1055) s1=fng (2340,796) [filtered=387]
cnt=2 s0=fng (1772,1034) s1=fng (2347,779) [filtered=387]
cnt=2 s0=fng (1777,1013) s1=fng (2354,762) [filtered=387]
cnt=2 s0=fng (1780,992) s1=fng (2361,745) [filtered=387]
cnt=2 s0=fng (1785,971) s1=fng (2368,728) [filtered=387]
cnt=2 s0=fng (1790,950) s1=fng (2375,711) [filtered=387]
cnt=2 s0=fng (1795,929) s1=fng (2382,694) [filtered=387]
cnt=2 s0=fng (1799,909) s1=fng (2388,678) [filtered=387]
cnt=2 s0=fng (1803,888) s1=fng (2393,662) [filtered=387]
cnt=2 s0=fng (1808,868) s1=fng (2399,647) [filtered=387]
cnt=2 s0=fng (1813,849) s1=fng (2405,632) [filtered=387]
cnt=2 s0=fng (1818,831) s1=fng (2410,619) [filtered=387]
cnt=2 s0=fng (1822,814) s1=fng (2414,607) [filtered=387]
cnt=2 s0=fng (1826,798) s1=fng (2419,595) [filtered=387]
cnt=2 s0=fng (1829,782) s1=fng (2424,583) [filtered=387]
cnt=2 s0=fng (1831,768) s1=fng (2429,572) [filtered=387]
cnt=2 s0=fng (1834,755) s1=fng (2433,563) [filtered=387]
cnt=2 s0=fng (1836,743) s1=fng (2436,555) [filtered=387]
cnt=2 s0=fng (1837,733) s1=fng (2438,548) [filtered=387]
cnt=2 s0=fng (1838,725) s1=fng (2440,542) [filtered=387]
cnt=2 s0=fng (1840,718) s1=fng (2442,537) [filtered=387]
cnt=2 s0=fng (1841,711) s1=fng (2443,532) [filtered=387]
cnt=2 s0=fng (1842,705) s1=fng (2444,528) [filtered=387]
cnt=2 s0=fng (1843,701) s1=fng (2445,525) [filtered=387]
cnt=2 s0=fng (1843,699) s1=fng (2447,523) [filtered=387]
cnt=2 s0=fng (1842,699) s1=fng (2448,522) [filtered=387]
cnt=2 s0=fng (1842,699) s1=fng (2449,521) [filtered=387]
cnt=2 s0=fng (1840,702) s1=fng (2449,521) [filtered=387]
cnt=2 s0=fng (1838,708) s1=fng (2449,521) [filtered=387]
cnt=2 s0=fng (1834,716) s1=fng (2449,524) [filtered=387]
cnt=2 s0=fng (1830,726) s1=fng (2449,528) [filtered=387]
cnt=2 s0=fng (1827,735) s1=fng (2449,531) [filtered=387]
cnt=2 s0=fng (1822,747) s1=fng (2448,536) [filtered=387]
cnt=2 s0=fng (1817,761) s1=fng (2446,543) [filtered=387]
cnt=2 s0=fng (1812,778) s1=fng (2443,552) [filtered=387]
cnt=2 s0=fng (1808,794) s1=fng (2441,561) [filtered=387]
cnt=2 s0=fng (1803,812) s1=fng (2437,572) [filtered=387]
cnt=2 s0=fng (1797,833) s1=fng (2432,586) [filtered=387]
cnt=2 s0=fng (1790,858) s1=fng (2427,603) [filtered=387]
cnt=2 s0=fng (1782,888) s1=fng (2420,624) [filtered=387]
cnt=2 s0=fng (1775,917) s1=fng (2413,644) [filtered=387]
cnt=2 s0=fng (1767,949) s1=fng (2405,668) [filtered=387]
cnt=2 s0=fng (1759,985) s1=fng (2396,697) [filtered=387]
cnt=2 s0=fng (1751,1022) s1=fng (2385,730) [filtered=387]
cnt=2 s0=fng (1744,1062) s1=fng (2373,766) [filtered=387]
cnt=2 s0=fng (1738,1101) s1=fng (2362,801) [filtered=387]
cnt=2 s0=fng (1731,1141) s1=fng (2351,838) [filtered=387]
cnt=2 s0=fng (1725,1181) s1=fng (2340,875) [filtered=387]
cnt=2 s0=fng (1719,1220) s1=fng (2329,913) [filtered=387]
cnt=2 s0=fng (1714,1259) s1=fng (2318,951) [filtered=387]
cnt=2 s0=fng (1710,1298) s1=fng (2307,988) [filtered=387]
cnt=2 s0=fng (1705,1335) s1=fng (2297,1025) [filtered=387]
cnt=2 s0=fng (1700,1371) s1=fng (2287,1061) [filtered=387]
cnt=2 s0=fng (1695,1405) s1=fng (2278,1095) [filtered=387]
cnt=2 s0=fng (1691,1439) s1=fng (2270,1129) [filtered=387]
cnt=2 s0=fng (1687,1471) s1=fng (2261,1162) [filtered=387]
cnt=2 s0=fng (1683,1501) s1=fng (2253,1193) [filtered=387]
cnt=2 s0=fng (1679,1530) s1=fng (2246,1222) [filtered=387]
cnt=2 s0=fng (1675,1557) s1=fng (2239,1249) [filtered=387]
cnt=2 s0=fng (1672,1583) s1=fng (2233,1275) [filtered=387]
cnt=2 s0=fng (1669,1608) s1=fng (2226,1300) [filtered=387]
cnt=2 s0=fng (1665,1631) s1=fng (2220,1322) [filtered=387]
cnt=2 s0=fng (1662,1652) s1=fng (2214,1343) [filtered=387]
cnt=2 s0=fng (1660,1672) s1=fng (2209,1363) [filtered=387]
cnt=2 s0=fng (1657,1689) s1=fng (2205,1380) [filtered=387]
cnt=2 s0=fng (1654,1705) s1=fng (2200,1396) [filtered=387]
cnt=2 s0=fng (1651,1719) s1=fng (2195,1410) [filtered=387]
cnt=2 s0=fng (1648,1731) s1=fng (2190,1423) [filtered=387]
cnt=2 s0=fng (1646,1743) s1=fng (2186,1435) [filtered=387]
cnt=2 s0=fng (1644,1755) s1=fng (2182,1446) [filtered=387]
cnt=2 s0=fng (1641,1764) s1=fng (2178,1455) [filtered=387]
cnt=2 s0=fng (1638,1772) s1=fng (2174,1463) [filtered=387]
cnt=2 s0=fng (1635,1778) s1=fng (2171,1469) [filtered=387]
cnt=1 s0=fng (2216,1552) [filtered=387]
cnt=2 s0=fng (2216,1552) s1=fng (1679,1856) [filtered=387]
cnt=2 s0=fng (2216,1551) s1=fng (1679,1856) [filtered=387]
cnt=2 s0=fng (2216,1551) s1=fng (1679,1856) [filtered=387]
cnt=2 s0=fng (2215,1550) s1=fng (1678,1855) [filtered=387]
cnt=2 s0=fng (2215,1548) s1=fng (1678,1854) [filtered=387]
cnt=2 s0=fng (2214,1545) s1=fng (1677,1853) [filtered=387]
cnt=2 s0=fng (2213,1541) s1=fng (1676,1851) [filtered=387]
cnt=2 s0=fng (2213,1538) s1=fng (1676,1850) [filtered=387]
cnt=2 s0=fng (2212,1532) s1=fng (1676,1848) [filtered=387]
cnt=2 s0=fng (2211,1523) s1=fng (1675,1844) [filtered=387]
cnt=2 s0=fng (2210,1511) s1=fng (1674,1836) [filtered=387]
cnt=2 s0=fng (2210,1497) s1=fng (1674,1824) [filtered=387]
cnt=2 s0=fng (2210,1484) s1=fng (1674,1813) [filtered=387]
cnt=2 s0=fng (2210,1469) s1=fng (1674,1800) [filtered=387]
cnt=2 s0=fng (2211,1452) s1=fng (1674,1784) [filtered=387]
cnt=2 s0=fng (2212,1433) s1=fng (1675,1765) [filtered=387]
cnt=2 s0=fng (2213,1415) s1=fng (1675,1746) [filtered=387]
cnt=2 s0=fng (2215,1394) s1=fng (1676,1725) [filtered=387]
cnt=2 s0=fng (2218,1372) s1=fng (1678,1700) [filtered=387]
cnt=2 s0=fng (2223,1347) s1=fng (1680,1671) [filtered=387]
cnt=2 s0=fng (2228,1318) s1=fng (1683,1638) [filtered=387]
cnt=2 s0=fng (2233,1289) s1=fng (1684,1605) [filtered=387]
cnt=2 s0=fng (2239,1256) s1=fng (1688,1568) [filtered=387]
cnt=2 s0=fng (2246,1219) s1=fng (1693,1526) [filtered=387]
cnt=2 s0=fng (2254,1180) s1=fng (1698,1481) [filtered=387]
cnt=2 s0=fng (2262,1141) s1=fng (1702,1436) [filtered=387]
cnt=2 s0=fng (2271,1100) s1=fng (1707,1390) [filtered=387]
cnt=2 s0=fng (2280,1059) s1=fng (1713,1343) [filtered=387]
cnt=2 s0=fng (2289,1017) s1=fng (1719,1296) [filtered=387]
cnt=2 s0=fng (2299,976) s1=fng (1727,1250) [filtered=387]
cnt=2 s0=fng (2309,935) s1=fng (1734,1204) [filtered=387]
cnt=2 s0=fng (2319,894) s1=fng (1742,1159) [filtered=387]
cnt=2 s0=fng (2329,854) s1=fng (1750,1114) [filtered=387]
cnt=2 s0=fng (2339,816) s1=fng (1759,1071) [filtered=387]
cnt=2 s0=fng (2350,779) s1=fng (1768,1030) [filtered=387]
cnt=2 s0=fng (2361,742) s1=fng (1776,989) [filtered=387]
cnt=2 s0=fng (2372,708) s1=fng (1785,951) [filtered=387]
cnt=2 s0=fng (2383,675) s1=fng (1794,915) [filtered=387]
cnt=2 s0=fng (2394,644) s1=fng (1803,882) [filtered=387]
cnt=2 s0=fng (2404,614) s1=fng (1811,850) [filtered=387]
cnt=2 s0=fng (2414,586) s1=fng (1818,822) [filtered=387]
cnt=2 s0=fng (2423,560) s1=fng (1823,798) [filtered=387]
cnt=1 s0=fng (2431,538) [filtered=387]
cnt=2 s0=fng (2246,1048) s1=fng (1716,1405) [filtered=387]
cnt=2 s0=fng (2246,1049) s1=fng (1716,1407) [filtered=387]
cnt=2 s0=fng (2246,1049) s1=fng (1716,1408) [filtered=387]
cnt=2 s0=fng (2246,1050) s1=fng (1716,1410) [filtered=387]
cnt=2 s0=fng (2245,1052) s1=fng (1714,1416) [filtered=387]
cnt=2 s0=fng (2244,1059) s1=fng (1711,1425) [filtered=387]
cnt=2 s0=fng (2242,1068) s1=fng (1708,1437) [filtered=387]
cnt=2 s0=fng (2241,1077) s1=fng (1706,1448) [filtered=387]
cnt=2 s0=fng (2239,1088) s1=fng (1703,1461) [filtered=387]
cnt=2 s0=fng (2236,1100) s1=fng (1699,1476) [filtered=387]
cnt=2 s0=fng (2232,1115) s1=fng (1695,1492) [filtered=387]
cnt=2 s0=fng (2228,1132) s1=fng (1691,1510) [filtered=387]
cnt=2 s0=fng (2225,1149) s1=fng (1688,1527) [filtered=387]
cnt=2 s0=fng (2220,1168) s1=fng (1684,1546) [filtered=387]
cnt=2 s0=fng (2215,1188) s1=fng (1680,1567) [filtered=387]
cnt=2 s0=fng (2210,1209) s1=fng (1676,1588) [filtered=387]
cnt=2 s0=fng (2206,1229) s1=fng (1673,1608) [filtered=387]
cnt=2 s0=fng (2201,1251) s1=fng (1671,1629) [filtered=387]
cnt=2 s0=fng (2196,1275) s1=fng (1669,1652) [filtered=387]
cnt=2 s0=fng (2191,1299) s1=fng (1667,1676) [filtered=387]
cnt=2 s0=fng (2186,1325) s1=fng (1664,1701) [filtered=387]
cnt=2 s0=fng (2181,1351) s1=fng (1662,1725) [filtered=387]
cnt=2 s0=fng (2176,1379) s1=fng (1661,1750) [filtered=387]
cnt=2 s0=fng (2171,1407) s1=fng (1660,1775) [filtered=387]
cnt=2 s0=fng (2166,1434) s1=fng (1659,1800) [filtered=387]
cnt=2 s0=fng (2162,1460) s1=fng (1659,1824) [filtered=387]
cnt=2 s0=fng (2158,1486) s1=fng (1658,1849) [filtered=387]
cnt=2 s0=fng (2154,1511) s1=fng (1658,1874) [filtered=387]
cnt=2 s0=fng (2150,1536) s1=PALM(1658,1899) [filtered=388]
cnt=2 s0=fng (2147,1560) s1=PALM(1658,1923) [filtered=389]
cnt=2 s0=fng (2145,1583) s1=PALM(1658,1946) [filtered=390]
cnt=2 s0=fng (2143,1605) s1=PALM(1659,1969) [filtered=391]
cnt=2 s0=fng (2142,1626) s1=PALM(1660,1991) [filtered=392]
cnt=2 s0=fng (2140,1647) s1=PALM(1661,2012) [filtered=393]
cnt=2 s0=fng (2138,1666) s1=PALM(1661,2032) [filtered=394]
cnt=2 s0=fng (2137,1684) s1=PALM(1661,2051) [filtered=395]
cnt=2 s0=fng (2136,1700) s1=PALM(1662,2068) [filtered=396]
cnt=2 s0=fng (2135,1715) s1=PALM(1662,2085) [filtered=397]
cnt=2 s0=fng (2134,1729) s1=PALM(1663,2100) [filtered=398]
cnt=2 s0=fng (2133,1742) s1=PALM(1663,2114) [filtered=399]
cnt=2 s0=fng (2132,1754) s1=PALM(1663,2126) [filtered=400]
cnt=2 s0=fng (2132,1765) s1=PALM(1664,2137) [filtered=401]
cnt=2 s0=fng (2131,1774) s1=PALM(1665,2146) [filtered=402]
cnt=2 s0=fng (2131,1782) s1=PALM(1665,2154) [filtered=403]
cnt=2 s0=fng (2131,1790) s1=PALM(1665,2162) [filtered=404]
cnt=2 s0=fng (2130,1797) s1=PALM(1666,2169) [filtered=405]
cnt=2 s0=fng (2130,1803) s1=PALM(1666,2175) [filtered=406]
cnt=2 s0=fng (2129,1807) s1=PALM(1666,2179) [filtered=407]
cnt=2 s0=fng (2129,1811) s1=PALM(1666,2183) [filtered=408]
cnt=2 s0=fng (2129,1815) s1=PALM(1666,2187) [filtered=409]
cnt=2 s0=fng (2128,1818) s1=PALM(1666,2191) [filtered=410]
cnt=2 s0=fng (2127,1820) s1=PALM(1666,2194) [filtered=411]
cnt=2 s0=fng (2127,1822) s1=PALM(1666,2196) [filtered=412]
cnt=2 s0=fng (2127,1824) s1=PALM(1666,2198) [filtered=413]
cnt=2 s0=fng (2126,1825) s1=PALM(1666,2199) [filtered=414]
cnt=2 s0=fng (2126,1825) s1=PALM(1667,2200) [filtered=415]
cnt=2 s0=fng (2126,1825) s1=PALM(1667,2200) [filtered=416]
cnt=2 s0=fng (2126,1825) s1=PALM(1668,2200) [filtered=417]
cnt=2 s0=fng (2126,1825) s1=PALM(1668,2200) [filtered=418]
cnt=2 s0=fng (2126,1825) s1=PALM(1669,2200) [filtered=419]
cnt=2 s0=fng (2126,1825) s1=PALM(1669,2200) [filtered=420]
cnt=2 s0=fng (2126,1825) s1=PALM(1669,2200) [filtered=421]
cnt=2 s0=fng (2126,1825) s1=PALM(1669,2200) [filtered=422]
cnt=2 s0=fng (2126,1825) s1=PALM(1669,2200) [filtered=423]
cnt=2 s0=fng (2126,1825) s1=PALM(1669,2200) [filtered=424]
cnt=2 s0=fng (2126,1825) s1=PALM(1669,2200) [filtered=425]
cnt=2 s0=fng (2126,1825) s1=PALM(1669,2197) [filtered=426]
cnt=2 s0=fng (2126,1825) s1=PALM(1669,2194) [filtered=427]
cnt=2 s0=fng (2126,1825) s1=PALM(1669,2192) [filtered=428]
cnt=2 s0=fng (2126,1825) s1=PALM(1669,2190) [filtered=429]
cnt=2 s0=PALM(2126,1822)* s1=PALM(1669,2187)* [filtered=430]
cnt=2 s0=PALM(2126,1819)* s1=PALM(1669,2182) [filtered=431]
cnt=2 s0=PALM(2126,1817)* s1=PALM(1669,2179) [filtered=432]
cnt=2 s0=fng (2127,1814) s1=PALM(1669,2174) [filtered=433]
cnt=2 s0=fng (2128,1809) s1=PALM(1669,2169) [filtered=434]
cnt=2 s0=fng (2129,1803) s1=PALM(1669,2163) [filtered=435]
cnt=2 s0=fng (2130,1794) s1=PALM(1670,2154) [filtered=436]
cnt=2 s0=fng (2131,1786) s1=PALM(1670,2146) [filtered=437]
cnt=2 s0=fng (2133,1777) s1=PALM(1670,2137) [filtered=438]
cnt=2 s0=fng (2136,1766) s1=PALM(1670,2127) [filtered=439]
cnt=2 s0=fng (2139,1753) s1=PALM(1670,2115) [filtered=440]
cnt=2 s0=fng (2141,1741) s1=PALM(1670,2103) [filtered=441]
cnt=2 s0=fng (2144,1728) s1=PALM(1670,2090) [filtered=442]
cnt=2 s0=fng (2147,1713) s1=PALM(1671,2075) [filtered=443]
cnt=2 s0=fng (2151,1696) s1=PALM(1672,2058) [filtered=444]
cnt=2 s0=fng (2155,1679) s1=PALM(1673,2040) [filtered=445]
cnt=2 s0=fng (2158,1662) s1=PALM(1673,2022) [filtered=446]
cnt=2 s0=fng (2162,1644) s1=PALM(1674,2002) [filtered=447]
cnt=2 s0=fng (2166,1624) s1=PALM(1676,1981) [filtered=448]
cnt=2 s0=fng (2171,1603) s1=PALM(1678,1958) [filtered=449]
cnt=2 s0=fng (2176,1581) s1=PALM(1681,1934) [filtered=450]
cnt=2 s0=fng (2180,1559) s1=PALM(1682,1910) [filtered=451]
cnt=2 s0=fng (2185,1535) s1=fng (1685,1885) [filtered=451]
cnt=2 s0=fng (2191,1509) s1=fng (1689,1858) [filtered=451]
cnt=2 s0=fng (2197,1484) s1=fng (1695,1831) [filtered=451]
cnt=2 s0=fng (2202,1459) s1=fng (1699,1804) [filtered=451]
cnt=2 s0=fng (2210,1431) s1=fng (1704,1775) [filtered=451]
cnt=2 s0=fng (2219,1401) s1=fng (1710,1744) [filtered=451]
cnt=2 s0=fng (2229,1368) s1=fng (1717,1711) [filtered=451]
cnt=2 s0=fng (2240,1334) s1=fng (1725,1677) [filtered=451]
cnt=2 s0=fng (2251,1300) s1=fng (1733,1643) [filtered=451]
cnt=2 s0=fng (2263,1265) s1=fng (1741,1609) [filtered=451]
cnt=2 s0=fng (2275,1230) s1=fng (1750,1575) [filtered=451]
cnt=2 s0=fng (2288,1196) s1=fng (1759,1541) [filtered=451]
cnt=2 s0=fng (2301,1162) s1=fng (1768,1508) [filtered=451]
cnt=2 s0=fng (2314,1128) s1=fng (1776,1475) [filtered=451]
cnt=2 s0=fng (2327,1095) s1=fng (1785,1442) [filtered=451]
cnt=2 s0=fng (2340,1063) s1=fng (1794,1409) [filtered=451]
cnt=2 s0=fng (2353,1032) s1=fng (1803,1377) [filtered=451]
cnt=2 s0=fng (2365,1002) s1=fng (1811,1346) [filtered=451]
cnt=2 s0=fng (2377,972) s1=fng (1820,1314) [filtered=451]
cnt=2 s0=fng (2388,943) s1=fng (1829,1283) [filtered=451]
cnt=2 s0=fng (2399,915) s1=fng (1838,1253) [filtered=451]
cnt=2 s0=fng (2410,889) s1=fng (1847,1224) [filtered=451]
cnt=2 s0=fng (2420,864) s1=fng (1855,1196) [filtered=451]
cnt=2 s0=fng (2429,840) s1=fng (1864,1169) [filtered=451]
cnt=2 s0=fng (2438,817) s1=fng (1873,1143) [filtered=451]
cnt=2 s0=fng (2447,795) s1=fng (1882,1118) [filtered=451]
cnt=2 s0=fng (2456,774) s1=fng (1891,1093) [filtered=451]
cnt=2 s0=fng (2464,754) s1=fng (1899,1069) [filtered=451]
cnt=2 s0=fng (2472,735) s1=fng (1908,1045) [filtered=451]
cnt=2 s0=fng (2480,717) s1=fng (1917,1022) [filtered=451]
cnt=2 s0=fng (2489,699) s1=fng (1926,1000) [filtered=451]
cnt=2 s0=fng (2497,682) s1=fng (1934,979) [filtered=451]
cnt=2 s0=fng (2505,666) s1=fng (1943,959) [filtered=451]
cnt=2 s0=fng (2513,651) s1=fng (1952,940) [filtered=451]
cnt=2 s0=fng (2519,638) s1=fng (1960,924) [filtered=451]
cnt=2 s0=fng (2525,625) s1=fng (1967,908) [filtered=451]
cnt=2 s0=fng (2531,613) s1=fng (1973,893) [filtered=451]
cnt=2 s0=fng (2537,602) s1=fng (1978,880) [filtered=451]
cnt=2 s0=fng (2542,591) s1=fng (1982,868) [filtered=451]
cnt=2 s0=fng (2547,581) s1=fng (1987,856) [filtered=451]
cnt=2 s0=fng (2552,572) s1=fng (1992,845) [filtered=451]
cnt=2 s0=fng (2556,563) s1=fng (1996,834) [filtered=451]
cnt=2 s0=fng (2560,555) s1=fng (1999,824) [filtered=451]
cnt=2 s0=fng (2563,547) s1=fng (2003,815) [filtered=451]
cnt=2 s0=fng (2566,540) s1=fng (2007,807) [filtered=451]
cnt=2 s0=fng (2569,533) s1=fng (2010,799) [filtered=451]
cnt=2 s0=fng (2571,527) s1=fng (2012,791) [filtered=451]
cnt=2 s0=fng (2573,522) s1=fng (2014,785) [filtered=451]
cnt=2 s0=fng (2576,518) s1=fng (2016,780) [filtered=451]
cnt=2 s0=fng (2578,514) s1=fng (2018,776) [filtered=451]
cnt=2 s0=fng (2579,510) s1=fng (2019,772) [filtered=451]
cnt=2 s0=fng (2580,508) s1=fng (2020,768) [filtered=451]
cnt=2 s0=fng (2582,506) s1=fng (2022,765) [filtered=451]
cnt=2 s0=fng (2584,504) s1=fng (2025,763) [filtered=451]
cnt=2 s0=fng (2585,502) s1=fng (2026,761) [filtered=451]
cnt=2 s0=fng (2587,500) s1=fng (2029,759) [filtered=451]
cnt=2 s0=fng (2588,498) s1=fng (2031,757) [filtered=451]
cnt=2 s0=fng (2351,1346) s1=fng (1887,1716) [filtered=451]
cnt=2 s0=fng (2351,1345) s1=fng (1887,1715) [filtered=451]
cnt=2 s0=fng (2351,1344) s1=fng (1887,1715) [filtered=451]
cnt=2 s0=fng (2351,1343) s1=fng (1887,1714) [filtered=451]
cnt=2 s0=fng (2351,1342) s1=fng (1887,1712) [filtered=451]
cnt=2 s0=fng (2351,1340) s1=fng (1887,1709) [filtered=451]
cnt=2 s0=fng (2351,1337) s1=fng (1887,1704) [filtered=451]
cnt=2 s0=fng (2351,1335) s1=fng (1887,1701) [filtered=451]
cnt=2 s0=fng (2352,1329) s1=fng (1887,1693) [filtered=451]
cnt=2 s0=fng (2353,1319) s1=fng (1887,1682) [filtered=451]
cnt=2 s0=fng (2356,1306) s1=fng (1888,1667) [filtered=451]
cnt=2 s0=fng (2357,1294) s1=fng (1888,1653) [filtered=451]
cnt=2 s0=fng (2361,1279) s1=fng (1889,1636) [filtered=451]
cnt=2 s0=fng (2366,1261) s1=fng (1891,1617) [filtered=451]
cnt=2 s0=fng (2372,1240) s1=fng (1893,1596) [filtered=451]
cnt=2 s0=fng (2381,1214) s1=fng (1896,1573) [filtered=451]
cnt=2 s0=fng (2389,1189) s1=fng (1898,1550) [filtered=451]
cnt=2 s0=fng (2398,1160) s1=fng (1901,1523) [filtered=451]
cnt=2 s0=fng (2407,1130) s1=fng (1905,1492) [filtered=451]
cnt=2 s0=fng (2416,1099) s1=fng (1910,1457) [filtered=451]
cnt=2 s0=fng (2425,1067) s1=fng (1916,1418) [filtered=451]
cnt=2 s0=fng (2434,1036) s1=fng (1922,1380) [filtered=451]
cnt=2 s0=fng (2443,1004) s1=fng (1929,1339) [filtered=451]
cnt=2 s0=fng (2452,971) s1=fng (1938,1297) [filtered=451]
cnt=2 s0=fng (2461,940) s1=fng (1947,1257) [filtered=451]
cnt=2 s0=fng (2470,909) s1=fng (1955,1217) [filtered=451]
cnt=2 s0=fng (2480,876) s1=fng (1964,1176) [filtered=451]
cnt=2 s0=fng (2490,845) s1=fng (1973,1136) [filtered=451]
cnt=2 s0=fng (2502,812) s1=fng (1983,1095) [filtered=451]
cnt=2 s0=fng (2514,780) s1=fng (1993,1057) [filtered=451]
cnt=2 s0=fng (2526,749) s1=fng (2003,1020) [filtered=451]
cnt=2 s0=fng (2539,715) s1=fng (2014,982) [filtered=451]
cnt=2 s0=fng (2553,680) s1=fng (2026,945) [filtered=451]
cnt=2 s0=fng (2567,645) s1=fng (2038,908) [filtered=451]
cnt=2 s0=fng (2582,611) s1=fng (2050,873) [filtered=451]
cnt=2 s0=fng (2597,577) s1=fng (2062,839) [filtered=451]
cnt=2 s0=fng (2612,544) s1=fng (2074,806) [filtered=451]
cnt=2 s0=fng (2627,512) s1=fng (2085,777) [filtered=451]
cnt=2 s0=fng (2641,483) s1=fng (2094,751) [filtered=451]
cnt=1 s0=fng (2654,457) [filtered=451]
cnt=1 s0=fng (2667,431) [filtered=451]
cnt=1 s0=fng (2362,1103) [filtered=451]
cnt=1 s0=fng (2362,1103) [filtered=451]
cnt=1 s0=fng (2362,1104) [filtered=451]
cnt=1 s0=fng (2362,1105) [filtered=451]
cnt=1 s0=fng (2362,1107) [filtered=451]
cnt=1 s0=fng (2363,1111) [filtered=451]
cnt=1 s0=fng (2363,1113) [filtered=451]
cnt=1 s0=fng (2364,1117) [filtered=451]
cnt=1 s0=fng (2365,1122) [filtered=451]
cnt=1 s0=fng (2366,1128) [filtered=451]
cnt=1 s0=fng (2367,1134) [filtered=451]
cnt=1 s0=fng (2368,1139) [filtered=451]
cnt=1 s0=fng (2369,1145) [filtered=451]
cnt=1 s0=fng (2370,1151) [filtered=451]
cnt=1 s0=fng (2371,1157) [filtered=451]
cnt=1 s0=fng (2372,1162) [filtered=451]
cnt=1 s0=fng (2373,1167) [filtered=451]
cnt=1 s0=fng (2374,1173) [filtered=451]
cnt=1 s0=fng (2376,1179) [filtered=451]
cnt=1 s0=fng (2378,1184) [filtered=451]
cnt=1 s0=fng (2379,1188) [filtered=451]
cnt=1 s0=fng (2380,1193) [filtered=451]
cnt=1 s0=fng (2381,1198) [filtered=451]
cnt=1 s0=fng (2382,1203) [filtered=451]
cnt=1 s0=fng (2383,1209) [filtered=451]
cnt=1 s0=fng (2383,1214) [filtered=451]
cnt=1 s0=fng (2384,1219) [filtered=451]
cnt=1 s0=fng (2385,1224) [filtered=451]
cnt=1 s0=fng (2386,1231) [filtered=451]
cnt=1 s0=fng (2386,1237) [filtered=451]
cnt=1 s0=fng (2386,1245) [filtered=451]
cnt=1 s0=fng (2386,1254) [filtered=451]
cnt=1 s0=fng (2387,1266) [filtered=451]
cnt=1 s0=fng (2387,1281) [filtered=451]
cnt=1 s0=fng (2387,1295) [filtered=451]
cnt=1 s0=fng (2388,1312) [filtered=451]
cnt=1 s0=fng (2389,1331) [filtered=451]
cnt=1 s0=fng (2390,1350) [filtered=451]
cnt=1 s0=fng (2391,1369) [filtered=451]
cnt=1 s0=fng (2391,1387) [filtered=451]
cnt=1 s0=fng (2422,1797) [filtered=451]
cnt=1 s0=fng (2422,1797) [filtered=451]
cnt=1 s0=fng (2422,1798) [filtered=451]
cnt=1 s0=fng (2422,1800) [filtered=451]
cnt=1 s0=fng (2422,1802) [filtered=451]
cnt=1 s0=fng (2422,1806) [filtered=451]
cnt=1 s0=fng (2422,1809) [filtered=451]
cnt=1 s0=fng (2422,1814) [filtered=451]
cnt=1 s0=fng (2422,1820) [filtered=451]
cnt=1 s0=fng (2422,1826) [filtered=451]
cnt=1 s0=fng (2421,1833) [filtered=451]
cnt=1 s0=fng (2421,1840) [filtered=451]
cnt=1 s0=fng (2420,1848) [filtered=451]
cnt=1 s0=fng (2419,1858) [filtered=451]
cnt=1 s0=fng (2418,1869) [filtered=451]
cnt=1 s0=fng (2417,1879) [filtered=451]
cnt=1 s0=fng (2415,1891) [filtered=451]
cnt=1 s0=fng (2413,1904) [filtered=451]
cnt=1 s0=fng (2411,1917) [filtered=451]
cnt=1 s0=fng (2409,1930) [filtered=451]
cnt=1 s0=fng (3104,1063) [filtered=451]
cnt=1 s0=fng (3104,1062) [filtered=451]
cnt=1 s0=fng (3104,1062) [filtered=451]
cnt=2 s0=fng (3104,1061) s1=fng (2387,1302) [filtered=451]
cnt=2 s0=fng (3104,1060) s1=fng (2387,1302) [filtered=451]
cnt=2 s0=fng (3104,1059) s1=fng (2387,1302) [filtered=451]
cnt=2 s0=fng (3104,1057) s1=fng (2387,1302) [filtered=451]
cnt=2 s0=fng (3104,1056) s1=fng (2387,1302) [filtered=451]
cnt=2 s0=fng (3104,1055) s1=fng (2387,1303) [filtered=451]
cnt=2 s0=fng (3104,1054) s1=fng (2387,1304) [filtered=451]
cnt=2 s0=fng (3104,1054) s1=fng (2387,1305) [filtered=451]
cnt=2 s0=fng (3104,1054) s1=fng (2387,1306) [filtered=451]
cnt=2 s0=fng (3104,1055) s1=fng (2387,1308) [filtered=451]
cnt=2 s0=fng (3104,1056) s1=fng (2387,1311) [filtered=451]
cnt=2 s0=fng (3104,1057) s1=fng (2386,1320) [filtered=451]
cnt=2 s0=fng (3104,1059) s1=fng (2385,1334) [filtered=451]
cnt=2 s0=fng (3104,1060) s1=fng (2384,1347) [filtered=451]
cnt=2 s0=fng (3102,1067) s1=fng (2383,1364) [filtered=451]
cnt=2 s0=fng (3100,1079) s1=fng (2381,1386) [filtered=451]
cnt=2 s0=fng (3096,1097) s1=fng (2378,1414) [filtered=451]
cnt=2 s0=fng (3094,1114) s1=fng (2377,1442) [filtered=451]
cnt=2 s0=fng (3090,1135) s1=fng (2375,1476) [filtered=451]
cnt=2 s0=fng (3085,1164) s1=fng (2373,1516) [filtered=451]
cnt=2 s0=fng (3080,1198) s1=fng (2372,1560) [filtered=451]
cnt=2 s0=fng (3075,1238) s1=fng (2372,1607) [filtered=451]
cnt=2 s0=fng (3070,1277) s1=fng (2372,1653) [filtered=451]
cnt=2 s0=fng (3065,1319) s1=fng (2373,1702) [filtered=451]
cnt=2 s0=fng (3061,1364) s1=fng (2376,1752) [filtered=451]
cnt=2 s0=PALM(3058,1411) s1=PALM(2379,1801) [filtered=452]
cnt=2 s0=fng (3058,1459) s1=fng (2384,1850) [filtered=452]
cnt=2 s0=fng (3057,1506) s1=fng (2387,1898) [filtered=452]
cnt=2 s0=fng (3057,1553) s1=PALM(2391,1944) [filtered=453]
cnt=2 s0=fng (3058,1598) s1=PALM(2396,1989) [filtered=454]
cnt=2 s0=fng (3059,1642) s1=PALM(2401,2032) [filtered=455]
cnt=2 s0=fng (3060,1686) s1=PALM(2405,2075) [filtered=456]
cnt=2 s0=fng (3061,1727) s1=PALM(2410,2116) [filtered=457]
cnt=2 s0=fng (3063,1767) s1=PALM(2414,2153) [filtered=458]
cnt=2 s0=fng (3065,1804) s1=PALM(2417,2188) [filtered=459]
cnt=2 s0=fng (3067,1838) s1=PALM(2420,2221) [filtered=460]
cnt=2 s0=fng (3068,1871) s1=PALM(2422,2253) [filtered=461]
cnt=2 s0=PALM(3069,1902) s1=PALM(2423,2283) [filtered=462]
cnt=2 s0=PALM(3070,1929) s1=PALM(2425,2310) [filtered=463]
cnt=2 s0=PALM(3071,1953) s1=PALM(2426,2335) [filtered=464]
cnt=2 s0=PALM(3072,1974) s1=PALM(2427,2357) [filtered=465]
cnt=2 s0=PALM(3072,1994) s1=PALM(2428,2378) [filtered=466]
cnt=2 s0=PALM(3073,2011) s1=PALM(2428,2397) [filtered=467]
cnt=2 s0=PALM(3073,2026) s1=PALM(2428,2413) [filtered=468]
cnt=2 s0=PALM(3074,2038) s1=PALM(2428,2428) [filtered=469]
cnt=2 s0=PALM(3074,2050) s1=PALM(2428,2442) [filtered=470]
cnt=2 s0=PALM(3074,2061) s1=PALM(2427,2454) [filtered=471]
cnt=2 s0=PALM(3074,2070) s1=PALM(2427,2465) [filtered=472]
cnt=2 s0=PALM(3074,2078) s1=PALM(2427,2474) [filtered=473]
cnt=2 s0=PALM(3074,2086) s1=PALM(2426,2482) [filtered=474]
cnt=2 s0=PALM(3074,2094) s1=PALM(2426,2490) [filtered=475]
cnt=2 s0=PALM(3074,2100) s1=PALM(2426,2498) [filtered=476]
cnt=2 s0=PALM(3074,2105) s1=PALM(2425,2506) [filtered=477]
cnt=2 s0=PALM(3074,2110) s1=PALM(2425,2513) [filtered=478]
cnt=2 s0=PALM(3074,2114) s1=PALM(2425,2518) [filtered=479]
cnt=2 s0=PALM(3074,2118) s1=PALM(2425,2523) [filtered=480]
cnt=2 s0=PALM(3074,2122) s1=PALM(2426,2527) [filtered=481]
cnt=2 s0=PALM(3074,2126) s1=PALM(2427,2531) [filtered=482]
cnt=2 s0=PALM(3074,2129) s1=PALM(2428,2535) [filtered=483]
cnt=2 s0=PALM(3075,2131) s1=PALM(2429,2539) [filtered=484]
cnt=2 s0=PALM(3075,2133) s1=PALM(2429,2543) [filtered=485]
cnt=2 s0=PALM(3076,2135) s1=PALM(2430,2546) [filtered=486]
cnt=2 s0=PALM(3076,2136) s1=PALM(2431,2549) [filtered=487]
cnt=2 s0=PALM(3077,2136) s1=PALM(2433,2552) [filtered=488]
cnt=2 s0=PALM(3077,2136) s1=PALM(2434,2555) [filtered=489]
cnt=2 s0=PALM(3077,2135) s1=PALM(2436,2558) [filtered=490]
cnt=2 s0=PALM(3078,2138) s1=PALM(2439,2560) [filtered=491]
cnt=2 s0=PALM(3079,2142) s1=PALM(2442,2562) [filtered=492]
cnt=2 s0=PALM(3079,2145) s1=PALM(2444,2564) [filtered=493]
cnt=2 s0=PALM(3080,2150) s1=PALM(2447,2566) [filtered=494]
cnt=2 s0=PALM(3081,2155) s1=PALM(2450,2567) [filtered=495]
cnt=2 s0=PALM(3082,2160) s1=PALM(2454,2568) [filtered=496]
cnt=1 s0=fng (3042,1102) [filtered=496]
cnt=1 s0=fng (3042,1102) [filtered=496]
cnt=1 s0=fng (3042,1102) [filtered=496]
cnt=2 s0=fng (3042,1102) s1=fng (2404,1458) [filtered=496]
cnt=2 s0=fng (3042,1104) s1=fng (2404,1459) [filtered=496]
cnt=2 s0=fng (3043,1106) s1=fng (2404,1461) [filtered=496]
cnt=2 s0=fng (3043,1110) s1=fng (2404,1464) [filtered=496]
cnt=2 s0=fng (3043,1112) s1=fng (2404,1466) [filtered=496]
cnt=2 s0=fng (3044,1118) s1=fng (2404,1470) [filtered=496]
cnt=2 s0=fng (3045,1128) s1=fng (2405,1479) [filtered=496]
cnt=2 s0=fng (3046,1140) s1=fng (2405,1491) [filtered=496]
cnt=2 s0=fng (3047,1156) s1=fng (2405,1508) [filtered=496]
cnt=2 s0=fng (3047,1171) s1=fng (2405,1524) [filtered=496]
cnt=2 s0=fng (3047,1188) s1=fng (2405,1543) [filtered=496]
cnt=2 s0=fng (3047,1208) s1=fng (2405,1565) [filtered=496]
cnt=2 s0=fng (3047,1230) s1=fng (2405,1590) [filtered=496]
cnt=2 s0=fng (3047,1251) s1=fng (2405,1614) [filtered=496]
cnt=2 s0=fng (3046,1275) s1=fng (2406,1640) [filtered=496]
cnt=2 s0=fng (3045,1301) s1=fng (2406,1669) [filtered=496]
cnt=2 s0=fng (3045,1330) s1=fng (2407,1701) [filtered=496]
cnt=2 s0=fng (3044,1359) s1=fng (2408,1734) [filtered=496]
cnt=2 s0=fng (3044,1388) s1=fng (2409,1767) [filtered=496]
cnt=2 s0=fng (3044,1418) s1=fng (2410,1801) [filtered=496]
cnt=2 s0=fng (3044,1449) s1=fng (2412,1835) [filtered=496]
cnt=2 s0=fng (3045,1480) s1=fng (2414,1868) [filtered=496]
cnt=2 s0=fng (3045,1510) s1=PALM(2415,1900) [filtered=497]
cnt=2 s0=fng (3045,1540) s1=PALM(2417,1933) [filtered=498]
cnt=2 s0=fng (3046,1569) s1=PALM(2419,1964) [filtered=499]
cnt=2 s0=fng (3047,1598) s1=PALM(2421,1993) [filtered=500]
cnt=2 s0=fng (3048,1626) s1=PALM(2423,2022) [filtered=501]
cnt=2 s0=fng (3048,1653) s1=PALM(2424,2050) [filtered=502]
cnt=2 s0=fng (3049,1680) s1=PALM(2425,2076) [filtered=503]
cnt=2 s0=fng (3050,1706) s1=PALM(2426,2101) [filtered=504]
cnt=2 s0=fng (3051,1731) s1=PALM(2428,2126) [filtered=505]
cnt=2 s0=fng (3053,1756) s1=PALM(2430,2150) [filtered=506]
cnt=2 s0=fng (3054,1780) s1=PALM(2431,2173) [filtered=507]
cnt=2 s0=fng (3055,1804) s1=PALM(2432,2195) [filtered=508]
cnt=2 s0=fng (3056,1828) s1=PALM(2433,2217) [filtered=509]
cnt=2 s0=fng (3057,1852) s1=PALM(2434,2239) [filtered=510]
cnt=2 s0=fng (3057,1875) s1=PALM(2435,2260) [filtered=511]
cnt=2 s0=fng (3058,1897) s1=PALM(2436,2281) [filtered=512]
cnt=2 s0=PALM(3059,1918) s1=PALM(2437,2303) [filtered=513]
cnt=2 s0=PALM(3060,1940) s1=PALM(2439,2325) [filtered=514]
cnt=2 s0=PALM(3062,1962) s1=PALM(2441,2347) [filtered=515]
cnt=2 s0=PALM(3063,1983) s1=PALM(2442,2368) [filtered=516]
cnt=2 s0=PALM(3065,2004) s1=PALM(2444,2388) [filtered=517]
cnt=2 s0=PALM(3068,2024) s1=PALM(2446,2408) [filtered=518]
cnt=2 s0=PALM(3071,2045) s1=PALM(2449,2428) [filtered=519]
cnt=2 s0=PALM(3074,2066) s1=PALM(2452,2448) [filtered=520]
cnt=2 s0=PALM(3076,2086) s1=PALM(2453,2467) [filtered=521]
cnt=2 s0=PALM(3080,2105) s1=PALM(2456,2485) [filtered=522]
cnt=2 s0=PALM(3084,2123) s1=PALM(2459,2501) [filtered=523]
cnt=2 s0=PALM(3088,2141) s1=PALM(2463,2518) [filtered=524]
cnt=2 s0=PALM(3093,2158) s1=PALM(2467,2534) [filtered=525]
cnt=2 s0=PALM(3096,2174) s1=PALM(2469,2549) [filtered=526]
cnt=2 s0=PALM(3100,2189) s1=PALM(2472,2562) [filtered=527]
cnt=2 s0=PALM(3104,2203) s1=PALM(2475,2574) [filtered=528]
cnt=2 s0=PALM(3108,2215) s1=PALM(2478,2586) [filtered=529]
cnt=2 s0=PALM(3111,2227) s1=PALM(2480,2598) [filtered=530]
cnt=2 s0=PALM(3115,2239) s1=PALM(2483,2609) [filtered=531]
cnt=2 s0=PALM(3118,2250) s1=PALM(2486,2620) [filtered=532]
cnt=2 s0=PALM(3121,2261) s1=PALM(2490,2630) [filtered=533]
cnt=2 s0=PALM(3124,2271) s1=PALM(2494,2639) [filtered=534]
cnt=2 s0=PALM(3126,2281) s1=PALM(2496,2648) [filtered=535]
cnt=2 s0=PALM(3128,2290) s1=PALM(2499,2656) [filtered=536]
cnt=2 s0=PALM(3131,2299) s1=PALM(2502,2664) [filtered=537]
cnt=2 s0=PALM(3134,2307) s1=PALM(2505,2672) [filtered=538]
cnt=2 s0=PALM(3137,2314) s1=PALM(2508,2679) [filtered=539]
cnt=2 s0=PALM(3139,2321) s1=PALM(2510,2686) [filtered=540]
cnt=1 s1=fng (2513,2692) [filtered=540]
cnt=1 s1=fng (2516,2697) [filtered=540]
cnt=1 s1=fng (2519,2701) [filtered=540]
cnt=1 s1=fng (2520,2704) [filtered=540]
cnt=1 s1=fng (2521,2707) [filtered=540]
cnt=1 s1=fng (2522,2709) [filtered=540]
cnt=1 s1=fng (2523,2710) [filtered=540]
cnt=1 s1=fng (2524,2710) [filtered=540]
cnt=1 s0=fng (3090,1111) [filtered=540]
cnt=1 s0=fng (3090,1111) [filtered=540]
cnt=2 s0=fng (3090,1110) s1=fng (2360,1343) [filtered=540]
cnt=2 s0=fng (3090,1110) s1=fng (2360,1343) [filtered=540]
cnt=2 s0=fng (3090,1110) s1=fng (2360,1343) [filtered=540]
cnt=2 s0=fng (3090,1109) s1=fng (2360,1344) [filtered=540]
cnt=2 s0=fng (3090,1109) s1=fng (2360,1345) [filtered=540]
cnt=2 s0=fng (3090,1109) s1=fng (2360,1347) [filtered=540]
cnt=2 s0=fng (3090,1109) s1=fng (2360,1348) [filtered=540]
cnt=2 s0=fng (3090,1109) s1=fng (2360,1351) [filtered=540]
cnt=2 s0=fng (3090,1110) s1=fng (2360,1356) [filtered=540]
cnt=2 s0=fng (3090,1111) s1=fng (2361,1365) [filtered=540]
cnt=2 s0=fng (3090,1114) s1=fng (2362,1377) [filtered=540]
cnt=2 s0=fng (3090,1116) s1=fng (2362,1388) [filtered=540]
cnt=2 s0=fng (3089,1122) s1=fng (2363,1402) [filtered=540]
cnt=2 s0=fng (3088,1132) s1=fng (2364,1418) [filtered=540]
cnt=2 s0=fng (3087,1145) s1=fng (2366,1436) [filtered=540]
cnt=2 s0=fng (3086,1157) s1=fng (2367,1453) [filtered=540]
cnt=2 s0=fng (3085,1171) s1=fng (2368,1472) [filtered=540]
cnt=2 s0=fng (3084,1187) s1=fng (2370,1492) [filtered=540]
cnt=2 s0=fng (3082,1204) s1=fng (2372,1513) [filtered=540]
cnt=2 s0=fng (3080,1223) s1=fng (2374,1536) [filtered=540]
cnt=2 s0=fng (3079,1242) s1=fng (2375,1559) [filtered=540]
cnt=2 s0=fng (3078,1261) s1=fng (2376,1582) [filtered=540]
cnt=2 s0=fng (3077,1281) s1=fng (2378,1606) [filtered=540]
cnt=2 s0=fng (3075,1301) s1=fng (2380,1631) [filtered=540]
cnt=2 s0=fng (3074,1322) s1=fng (2381,1656) [filtered=540]
cnt=2 s0=fng (3073,1343) s1=fng (2382,1680) [filtered=540]
cnt=2 s0=fng (3072,1364) s1=fng (2383,1705) [filtered=540]
cnt=2 s0=fng (3070,1385) s1=fng (2384,1729) [filtered=540]
cnt=2 s0=fng (3068,1405) s1=fng (2384,1753) [filtered=540]
cnt=2 s0=fng (3067,1424) s1=fng (2384,1776) [filtered=540]
cnt=2 s0=fng (3066,1444) s1=fng (2385,1799) [filtered=540]
cnt=2 s0=fng (3064,1464) s1=fng (2385,1822) [filtered=540]
cnt=2 s0=fng (3062,1484) s1=fng (2385,1845) [filtered=540]
cnt=2 s0=fng (3060,1504) s1=fng (2385,1868) [filtered=540]
cnt=2 s0=fng (3059,1523) s1=fng (2385,1890) [filtered=540]
cnt=2 s0=fng (3057,1543) s1=PALM(2385,1912) [filtered=541]
cnt=2 s0=fng (3054,1563) s1=PALM(2385,1935) [filtered=542]
cnt=2 s0=fng (3052,1583) s1=PALM(2384,1958) [filtered=543]
cnt=2 s0=fng (3049,1604) s1=PALM(2384,1981) [filtered=544]
cnt=2 s0=fng (3048,1624) s1=PALM(2384,2003) [filtered=545]
cnt=2 s0=fng (3045,1645) s1=PALM(2383,2027) [filtered=546]
cnt=2 s0=fng (3042,1667) s1=PALM(2382,2051) [filtered=547]
cnt=2 s0=fng (3039,1690) s1=PALM(2381,2075) [filtered=548]
cnt=2 s0=fng (3037,1712) s1=PALM(2381,2098) [filtered=549]
cnt=2 s0=fng (3034,1733) s1=PALM(2381,2122) [filtered=550]
cnt=2 s0=fng (3031,1755) s1=PALM(2381,2147) [filtered=551]
cnt=2 s0=PALM(3028,1778) s1=PALM(2380,2172) [filtered=552]
cnt=2 s0=PALM(3025,1801) s1=PALM(2380,2196) [filtered=553]
cnt=2 s0=PALM(3023,1823) s1=PALM(2380,2219) [filtered=554]
cnt=2 s0=PALM(3022,1845) s1=PALM(2380,2242) [filtered=555]
cnt=2 s0=PALM(3021,1868) s1=PALM(2380,2265) [filtered=556]
cnt=2 s0=fng (3019,1890) s1=PALM(2381,2287) [filtered=557]
cnt=2 s0=PALM(3018,1911) s1=PALM(2381,2308) [filtered=558]
cnt=2 s0=PALM(3017,1931) s1=PALM(2381,2328) [filtered=559]
cnt=2 s0=PALM(3016,1952) s1=PALM(2382,2348) [filtered=560]
cnt=2 s0=PALM(3015,1973) s1=PALM(2382,2368) [filtered=561]
cnt=2 s0=PALM(3014,1993) s1=PALM(2383,2387) [filtered=562]
cnt=2 s0=PALM(3014,2012) s1=PALM(2383,2405) [filtered=563]
cnt=2 s0=PALM(3014,2031) s1=PALM(2383,2422) [filtered=564]
cnt=2 s0=PALM(3013,2049) s1=PALM(2383,2439) [filtered=565]
cnt=2 s0=PALM(3012,2067) s1=PALM(2383,2456) [filtered=566]
cnt=2 s0=PALM(3011,2085) s1=PALM(2383,2473) [filtered=567]
cnt=2 s0=PALM(3011,2102) s1=PALM(2383,2489) [filtered=568]
cnt=2 s0=PALM(3010,2119) s1=PALM(2383,2505) [filtered=569]
cnt=2 s0=PALM(3009,2136) s1=PALM(2383,2522) [filtered=570]
cnt=2 s0=PALM(3008,2153) s1=PALM(2383,2539) [filtered=571]
cnt=2 s0=PALM(3006,2170) s1=PALM(2383,2556) [filtered=572]
cnt=2 s0=PALM(3005,2186) s1=PALM(2383,2572) [filtered=573]
cnt=2 s0=PALM(3004,2202) s1=PALM(2383,2588) [filtered=574]
cnt=2 s0=PALM(3003,2218) s1=PALM(2383,2605) [filtered=575]
cnt=2 s0=PALM(3001,2234) s1=PALM(2383,2621) [filtered=576]
cnt=2 s0=PALM(3000,2249) s1=PALM(2383,2636) [filtered=577]
cnt=2 s0=PALM(2999,2263) s1=PALM(2383,2651) [filtered=578]
cnt=2 s0=PALM(2998,2277) s1=PALM(2383,2666) [filtered=579]
cnt=2 s0=PALM(2997,2291) s1=PALM(2383,2681) [filtered=580]
cnt=2 s0=PALM(2996,2304) s1=PALM(2384,2695) [filtered=581]
cnt=2 s0=PALM(2995,2316) s1=PALM(2384,2708) [filtered=582]
cnt=2 s0=PALM(2994,2328) s1=PALM(2384,2720) [filtered=583]
cnt=2 s0=PALM(2994,2339) s1=PALM(2384,2731) [filtered=584]
cnt=2 s0=PALM(2993,2349) s1=PALM(2385,2741) [filtered=585]
cnt=2 s0=PALM(2993,2358) s1=PALM(2385,2749) [filtered=586]
cnt=2 s0=PALM(2993,2367) s1=PALM(2385,2757) [filtered=587]
cnt=2 s0=PALM(2992,2375) s1=PALM(2385,2765) [filtered=588]
cnt=2 s0=PALM(2992,2382) s1=PALM(2385,2772) [filtered=589]
cnt=2 s0=PALM(2992,2388) s1=PALM(2385,2778) [filtered=590]
cnt=2 s0=PALM(2992,2394) s1=PALM(2385,2784) [filtered=591]
cnt=2 s0=PALM(2992,2399) s1=PALM(2385,2789) [filtered=592]
cnt=2 s0=PALM(2992,2403) s1=PALM(2385,2793) [filtered=593]
cnt=2 s0=PALM(2992,2407) s1=PALM(2385,2797) [filtered=594]
cnt=2 s0=PALM(2992,2410) s1=PALM(2385,2800) [filtered=595]
cnt=2 s0=PALM(2992,2413) s1=PALM(2385,2803) [filtered=596]
cnt=2 s0=PALM(2992,2415) s1=PALM(2385,2805) [filtered=597]
cnt=2 s0=PALM(2992,2416) s1=PALM(2385,2806) [filtered=598]
cnt=2 s0=PALM(2992,2417) s1=PALM(2385,2807) [filtered=599]
cnt=2 s0=PALM(2992,2417) s1=PALM(2385,2808) [filtered=600]
cnt=2 s0=PALM(2992,2417) s1=PALM(2385,2809) [filtered=601]
cnt=2 s0=PALM(2992,2417) s1=PALM(2385,2809) [filtered=602]
cnt=2 s0=PALM(2992,2417) s1=PALM(2385,2809) [filtered=603]
cnt=2 s0=PALM(2992,2417) s1=PALM(2385,2809) [filtered=604]
cnt=2 s0=PALM(2992,2417) s1=PALM(2385,2809) [filtered=605]
cnt=2 s0=PALM(2992,2417) s1=PALM(2385,2809) [filtered=606]
cnt=2 s0=PALM(2992,2414) s1=PALM(2384,2809) [filtered=607]
cnt=2 s0=PALM(2993,2409) s1=PALM(2384,2806) [filtered=608]
cnt=2 s0=PALM(2994,2403) s1=PALM(2384,2802) [filtered=609]
cnt=2 s0=PALM(2994,2398) s1=PALM(2384,2799) [filtered=610]
cnt=2 s0=PALM(2996,2390) s1=PALM(2384,2794) [filtered=611]
cnt=2 s0=PALM(2998,2380) s1=PALM(2385,2785) [filtered=612]
cnt=2 s0=PALM(3001,2367) s1=PALM(2386,2773) [filtered=613]
cnt=2 s0=PALM(3003,2354) s1=PALM(2386,2761) [filtered=614]
cnt=2 s0=PALM(3006,2339) s1=PALM(2387,2746) [filtered=615]
cnt=2 s0=PALM(3010,2322) s1=PALM(2389,2728) [filtered=616]
cnt=2 s0=PALM(3015,2301) s1=PALM(2391,2706) [filtered=617]
cnt=2 s0=PALM(3021,2277) s1=PALM(2394,2677) [filtered=618]
cnt=2 s0=PALM(3025,2253) s1=PALM(2396,2649) [filtered=619]
cnt=2 s0=PALM(3031,2224) s1=PALM(2399,2616) [filtered=620]
cnt=2 s0=PALM(3038,2190) s1=PALM(2402,2578) [filtered=621]
cnt=2 s0=PALM(3046,2152) s1=PALM(2406,2536) [filtered=622]
cnt=2 s0=PALM(3055,2110) s1=PALM(2411,2487) [filtered=623]
cnt=2 s0=PALM(3064,2069) s1=PALM(2414,2439) [filtered=624]
cnt=2 s0=PALM(3073,2026) s1=PALM(2419,2389) [filtered=625]
cnt=2 s0=PALM(3083,1981) s1=PALM(2424,2336) [filtered=626]
cnt=2 s0=PALM(3093,1936) s1=PALM(2429,2281) [filtered=627]
cnt=2 s0=fng (3104,1890) s1=PALM(2435,2224) [filtered=628]
cnt=2 s0=fng (3114,1845) s1=PALM(2441,2168) [filtered=629]
cnt=2 s0=fng (3125,1800) s1=PALM(2448,2111) [filtered=630]
cnt=2 s0=fng (3136,1755) s1=PALM(2455,2055) [filtered=631]
cnt=2 s0=fng (3147,1710) s1=PALM(2462,2001) [filtered=632]
cnt=2 s0=fng (3158,1665) s1=PALM(2468,1947) [filtered=633]
cnt=2 s0=fng (3169,1621) s1=fng (2476,1894) [filtered=633]
cnt=2 s0=fng (3180,1578) s1=fng (2484,1841) [filtered=633]
cnt=2 s0=fng (3191,1536) s1=fng (2493,1790) [filtered=633]
cnt=2 s0=fng (3203,1494) s1=fng (2502,1741) [filtered=633]
cnt=2 s0=fng (3215,1452) s1=fng (2511,1693) [filtered=633]
cnt=2 s0=fng (3227,1411) s1=fng (2520,1644) [filtered=633]
cnt=2 s0=fng (3240,1370) s1=fng (2529,1597) [filtered=633]
cnt=2 s0=fng (3253,1329) s1=fng (2538,1552) [filtered=633]
cnt=2 s0=fng (3266,1288) s1=fng (2547,1507) [filtered=633]
cnt=2 s0=fng (3278,1247) s1=fng (2555,1463) [filtered=633]
cnt=2 s0=fng (3291,1207) s1=fng (2564,1420) [filtered=633]
cnt=2 s0=fng (3304,1167) s1=fng (2573,1379) [filtered=633]
cnt=2 s0=fng (3316,1128) s1=fng (2582,1338) [filtered=633]
cnt=2 s0=fng (3327,1090) s1=fng (2590,1298) [filtered=633]
cnt=2 s0=fng (3337,1053) s1=fng (2599,1260) [filtered=633]
cnt=2 s0=fng (3346,1016) s1=fng (2607,1224) [filtered=633]
cnt=2 s0=fng (3356,980) s1=fng (2615,1187) [filtered=633]
cnt=2 s0=fng (3366,946) s1=fng (2623,1151) [filtered=633]
cnt=2 s0=fng (3375,913) s1=fng (2630,1116) [filtered=633]
cnt=2 s0=fng (3383,881) s1=fng (2637,1083) [filtered=633]
cnt=2 s0=fng (3391,851) s1=fng (2644,1051) [filtered=633]
cnt=2 s0=fng (3399,822) s1=fng (2650,1020) [filtered=633]
cnt=2 s0=fng (3406,794) s1=fng (2655,990) [filtered=633]
cnt=2 s0=fng (3413,766) s1=fng (2660,961) [filtered=633]
cnt=2 s0=fng (3419,740) s1=fng (2666,933) [filtered=633]
cnt=2 s0=fng (3424,716) s1=fng (2672,907) [filtered=633]
cnt=2 s0=fng (3429,694) s1=fng (2678,883) [filtered=633]
cnt=2 s0=fng (3433,672) s1=fng (2683,859) [filtered=633]
cnt=2 s0=fng (3437,652) s1=fng (2687,836) [filtered=633]
cnt=2 s0=fng (3441,634) s1=fng (2692,815) [filtered=633]
cnt=2 s0=fng (3445,618) s1=fng (2697,796) [filtered=633]
cnt=2 s0=fng (3449,603) s1=fng (2701,778) [filtered=633]
cnt=2 s0=fng (3452,588) s1=fng (2704,760) [filtered=633]
cnt=2 s0=fng (3454,574) s1=fng (2707,744) [filtered=633]
cnt=2 s0=fng (3456,562) s1=fng (2710,728) [filtered=633]
cnt=2 s0=fng (3457,550) s1=fng (2713,713) [filtered=633]
cnt=2 s0=fng (3458,538) s1=fng (2715,698) [filtered=633]
cnt=2 s0=fng (3460,527) s1=fng (2717,684) [filtered=633]
cnt=2 s0=fng (3461,517) s1=fng (2719,671) [filtered=633]
cnt=2 s0=fng (3463,507) s1=fng (2721,659) [filtered=633]
cnt=2 s0=fng (3464,498) s1=fng (2723,647) [filtered=633]
cnt=2 s0=fng (3465,489) s1=fng (2724,635) [filtered=633]
cnt=2 s0=fng (3466,481) s1=fng (2725,625) [filtered=633]
cnt=2 s0=fng (3467,473) s1=fng (2726,616) [filtered=633]
cnt=2 s0=fng (3468,466) s1=fng (2727,608) [filtered=633]
cnt=2 s0=fng (3469,459) s1=fng (2728,600) [filtered=633]
cnt=2 s0=fng (3470,452) s1=fng (2728,592) [filtered=633]
cnt=2 s0=fng (3471,446) s1=fng (2729,585) [filtered=633]
cnt=2 s0=fng (3471,441) s1=fng (2729,579) [filtered=633]
cnt=2 s0=fng (3471,437) s1=fng (2729,574) [filtered=633]
cnt=2 s0=fng (3471,433) s1=fng (2729,569) [filtered=633]
cnt=2 s0=fng (3471,429) s1=fng (2729,565) [filtered=633]
cnt=2 s0=fng (3471,425) s1=fng (2729,561) [filtered=633]
cnt=2 s0=fng (3471,422) s1=fng (2729,558) [filtered=633]
cnt=2 s0=fng (3471,420) s1=fng (2730,556) [filtered=633]
cnt=2 s0=fng (3471,418) s1=fng (2730,554) [filtered=633]
cnt=2 s0=fng (3471,417) s1=fng (2731,553) [filtered=633]
cnt=2 s0=fng (3471,416) s1=fng (2731,553) [filtered=633]
cnt=2 s0=fng (3471,416) s1=fng (2731,553) [filtered=633]
cnt=2 s0=fng (3471,416) s1=fng (2732,553) [filtered=633]
cnt=2 s0=fng (3471,416) s1=fng (2732,553) [filtered=633]
cnt=2 s0=fng (3471,416) s1=fng (2732,553) [filtered=633]
cnt=2 s0=fng (3471,416) s1=fng (2733,553) [filtered=633]
cnt=2 s0=fng (3471,416) s1=fng (2733,553) [filtered=633]
cnt=2 s0=fng (3471,416) s1=fng (2734,553) [filtered=633]
cnt=2 s0=fng (3471,416) s1=fng (2734,553) [filtered=633]
cnt=2 s0=fng (3471,416) s1=fng (2734,553) [filtered=633]
cnt=2 s0=fng (3471,416) s1=fng (2735,553) [filtered=633]
cnt=2 s0=fng (3471,416) s1=fng (2736,553) [filtered=633]
cnt=2 s0=fng (3471,416) s1=fng (2736,553) [filtered=633]
cnt=2 s0=fng (3471,416) s1=fng (2736,553) [filtered=633]
cnt=2 s0=fng (3471,416) s1=fng (2737,553) [filtered=633]
cnt=2 s0=PALM(3471,416)* s1=PALM(2737,553)* [filtered=634]
cnt=2 s0=PALM(3471,416)* s1=PALM(2738,553)* [filtered=635]
cnt=2 s0=PALM(3471,416)* s1=PALM(2738,553)* [filtered=636]
cnt=2 s0=PALM(3471,416)* s1=PALM(2738,553)* [filtered=637]
cnt=2 s0=PALM(3471,416)* s1=PALM(2739,553)* [filtered=638]
cnt=2 s0=PALM(3471,416)* s1=PALM(2739,553)* [filtered=639]
cnt=2 s0=PALM(3471,416)* s1=PALM(2739,553)* [filtered=640]
cnt=2 s0=PALM(3471,416)* s1=PALM(2739,553)* [filtered=641]
cnt=2 s0=PALM(3471,416)* s1=PALM(2739,553)* [filtered=642]
cnt=2 s0=PALM(3471,416)* s1=PALM(2739,553)* [filtered=643]
cnt=2 s0=PALM(3471,416)* s1=PALM(2739,553)* [filtered=644]
cnt=2 s0=PALM(3471,416)* s1=PALM(2739,553)* [filtered=645]
cnt=2 s0=PALM(3471,416)* s1=PALM(2739,553)* [filtered=646]
cnt=2 s0=PALM(3471,416)* s1=PALM(2739,553)* [filtered=647]
cnt=2 s0=PALM(3471,416)* s1=PALM(2739,553)* [filtered=648]
cnt=2 s0=PALM(3471,416)* s1=PALM(2739,553)* [filtered=649]
cnt=2 s0=PALM(3471,416)* s1=PALM(2739,553)* [filtered=650]
cnt=2 s0=PALM(3471,416)* s1=PALM(2739,553)* [filtered=651]
cnt=2 s0=PALM(3471,416)* s1=PALM(2739,553)* [filtered=652]
cnt=2 s0=PALM(3471,416)* s1=PALM(2739,553)* [filtered=653]
cnt=2 s0=PALM(3471,416)* s1=PALM(2739,553)* [filtered=654]
cnt=2 s0=PALM(3471,416)* s1=PALM(2739,553)* [filtered=655]
cnt=2 s0=PALM(3471,416)* s1=PALM(2739,553)* [filtered=656]
cnt=2 s0=PALM(3471,416)* s1=PALM(2739,553)* [filtered=657]
cnt=2 s0=PALM(3471,416)* s1=PALM(2739,553)* [filtered=658]
cnt=2 s0=PALM(3471,416)* s1=PALM(2739,553)* [filtered=659]
cnt=2 s0=PALM(3471,416)* s1=PALM(2739,553)* [filtered=660]
cnt=2 s0=PALM(3471,416)* s1=PALM(2739,553)* [filtered=661]
cnt=2 s0=PALM(3471,416)* s1=PALM(2739,553)* [filtered=662]
cnt=2 s0=PALM(3471,416)* s1=PALM(2739,553)* [filtered=663]
cnt=2 s0=PALM(3471,416)* s1=PALM(2739,553)* [filtered=664]
cnt=2 s0=PALM(3471,416)* s1=PALM(2739,553)* [filtered=665]
cnt=2 s0=PALM(3471,416)* s1=PALM(2739,553)* [filtered=666]
cnt=2 s0=PALM(3471,416)* s1=PALM(2739,553)* [filtered=667]
cnt=2 s0=PALM(3471,416)* s1=PALM(2739,553)* [filtered=668]
cnt=2 s0=PALM(3471,416)* s1=PALM(2739,553)* [filtered=669]
cnt=2 s0=PALM(3471,416)* s1=PALM(2739,553)* [filtered=670]
cnt=2 s0=PALM(3471,416)* s1=PALM(2739,553)* [filtered=671]
cnt=2 s0=PALM(3471,416)* s1=PALM(2739,556)* [filtered=672]
cnt=2 s0=PALM(3471,416)* s1=PALM(2739,559)* [filtered=673]
cnt=2 s0=PALM(3470,416)* s1=PALM(2739,562)* [filtered=674]
cnt=2 s0=PALM(3470,419)* s1=fng (2739,566) [filtered=675]
cnt=2 s0=PALM(3470,422)* s1=fng (2738,573) [filtered=676]
cnt=2 s0=fng (3470,426) s1=fng (2737,581) [filtered=676]
cnt=2 s0=fng (3470,430) s1=fng (2737,589) [filtered=676]
cnt=2 s0=fng (3470,434) s1=fng (2736,599) [filtered=676]
cnt=2 s0=fng (3470,438) s1=fng (2734,610) [filtered=676]
cnt=2 s0=fng (3470,443) s1=fng (2732,624) [filtered=676]
cnt=2 s0=fng (3469,449) s1=fng (2729,640) [filtered=676]
cnt=2 s0=fng (3469,454) s1=fng (2727,655) [filtered=676]
cnt=2 s0=fng (3468,461) s1=fng (2724,673) [filtered=676]
cnt=2 s0=fng (3467,470) s1=fng (2720,692) [filtered=676]
cnt=2 s0=fng (3464,482) s1=fng (2716,713) [filtered=676]
cnt=2 s0=fng (3463,493) s1=fng (2713,733) [filtered=676]
cnt=2 s0=fng (3460,506) s1=fng (2709,755) [filtered=676]
cnt=2 s0=fng (3456,522) s1=fng (2705,781) [filtered=676]
cnt=2 s0=fng (3451,539) s1=fng (2701,809) [filtered=676]
cnt=2 s0=fng (3446,560) s1=fng (2697,840) [filtered=676]
cnt=2 s0=fng (3441,580) s1=fng (2694,870) [filtered=676]
cnt=2 s0=fng (3435,603) s1=fng (2690,903) [filtered=676]
cnt=2 s0=fng (3428,630) s1=fng (2686,938) [filtered=676]
cnt=2 s0=fng (3420,659) s1=fng (2681,977) [filtered=676]
cnt=2 s0=fng (3411,693) s1=fng (2676,1017) [filtered=676]
cnt=2 s0=fng (3403,726) s1=fng (2672,1056) [filtered=676]
cnt=2 s0=fng (3394,762) s1=fng (2668,1097) [filtered=676]
cnt=2 s0=fng (3385,800) s1=fng (2663,1141) [filtered=676]
cnt=2 s0=fng (3376,841) s1=fng (2658,1186) [filtered=676]
cnt=2 s0=fng (3368,882) s1=fng (2654,1231) [filtered=676]
cnt=2 s0=fng (3359,925) s1=fng (2650,1279) [filtered=676]
cnt=2 s0=fng (3350,970) s1=fng (2645,1328) [filtered=676]
cnt=2 s0=fng (3340,1018) s1=fng (2640,1380) [filtered=676]
cnt=2 s0=fng (3330,1067) s1=fng (2635,1433) [filtered=676]
cnt=2 s0=fng (3321,1116) s1=fng (2631,1486) [filtered=676]
cnt=2 s0=fng (3311,1166) s1=fng (2627,1540) [filtered=676]
cnt=2 s0=fng (3302,1216) s1=fng (2622,1594) [filtered=676]
cnt=2 s0=fng (3293,1266) s1=fng (2618,1647) [filtered=676]
cnt=2 s0=fng (3285,1315) s1=fng (2615,1700) [filtered=676]
cnt=2 s0=fng (3278,1365) s1=fng (2613,1752) [filtered=676]
cnt=2 s0=fng (3272,1414) s1=fng (2611,1803) [filtered=676]
cnt=2 s0=fng (3266,1463) s1=fng (2610,1853) [filtered=676]
cnt=2 s0=fng (3261,1510) s1=PALM(2609,1901) [filtered=677]
cnt=2 s0=fng (3257,1556) s1=PALM(2608,1948) [filtered=678]
cnt=2 s0=fng (3253,1601) s1=PALM(2607,1994) [filtered=679]
cnt=2 s0=fng (3249,1646) s1=PALM(2606,2039) [filtered=680]
cnt=2 s0=fng (3245,1689) s1=PALM(2605,2082) [filtered=681]
cnt=2 s0=fng (3241,1730) s1=PALM(2605,2123) [filtered=682]
cnt=2 s0=fng (3238,1770) s1=PALM(2605,2163) [filtered=683]
cnt=2 s0=fng (3235,1810) s1=PALM(2604,2201) [filtered=684]
cnt=2 s0=fng (3232,1849) s1=PALM(2603,2238) [filtered=685]
cnt=2 s0=fng (3228,1886) s1=PALM(2602,2273) [filtered=686]
cnt=2 s0=PALM(3223,1922) s1=PALM(2600,2306) [filtered=687]
cnt=2 s0=PALM(3219,1957) s1=PALM(2599,2338) [filtered=688]
cnt=2 s0=PALM(3215,1991) s1=PALM(2597,2368) [filtered=689]
cnt=2 s0=PALM(3211,2024) s1=PALM(2595,2396) [filtered=690]
cnt=2 s0=PALM(3206,2055) s1=PALM(2593,2425) [filtered=691]
cnt=2 s0=PALM(3202,2085) s1=PALM(2592,2453) [filtered=692]
cnt=2 s0=PALM(3198,2112) s1=PALM(2590,2481) [filtered=693]
cnt=2 s0=PALM(3193,2137) s1=PALM(2587,2509) [filtered=694]
cnt=2 s0=PALM(3188,2161) s1=PALM(2584,2537) [filtered=695]
cnt=2 s0=PALM(3183,2184) s1=PALM(2581,2565) [filtered=696]
cnt=2 s0=PALM(3179,2206) s1=PALM(2579,2592) [filtered=697]
cnt=2 s0=PALM(3175,2228) s1=PALM(2576,2618) [filtered=698]
cnt=2 s0=PALM(3171,2249) s1=PALM(2573,2643) [filtered=699]
cnt=2 s0=PALM(3166,2270) s1=PALM(2571,2667) [filtered=700]
cnt=2 s0=PALM(3162,2291) s1=PALM(2570,2691) [filtered=701]
cnt=2 s0=PALM(3158,2311) s1=PALM(2569,2714) [filtered=702]
cnt=2 s0=PALM(3155,2331) s1=PALM(2567,2736) [filtered=703]
cnt=2 s0=PALM(3152,2350) s1=PALM(2566,2756) [filtered=704]
cnt=2 s0=PALM(3149,2368) s1=PALM(2565,2775) [filtered=705]
cnt=2 s0=PALM(3146,2386) s1=PALM(2564,2794) [filtered=706]
cnt=2 s0=PALM(3143,2403) s1=PALM(2563,2811) [filtered=707]
cnt=2 s0=PALM(3140,2420) s1=PALM(2563,2827) [filtered=708]
cnt=2 s0=PALM(3138,2436) s1=PALM(2562,2842) [filtered=709]
cnt=2 s0=PALM(3135,2452) s1=PALM(2561,2856) [filtered=710]
cnt=2 s0=PALM(3133,2468) s1=PALM(2561,2870) [filtered=711]
cnt=2 s0=PALM(3131,2483) s1=PALM(2561,2883) [filtered=712]
cnt=2 s0=PALM(3128,2498) s1=PALM(2561,2895) [filtered=713]
cnt=2 s0=PALM(3126,2512) s1=PALM(2561,2906) [filtered=714]
cnt=2 s0=PALM(3124,2525) s1=PALM(2561,2916) [filtered=715]
cnt=2 s0=PALM(3123,2538) s1=PALM(2561,2926) [filtered=716]
cnt=2 s0=PALM(3121,2550) s1=PALM(2561,2935) [filtered=717]
cnt=2 s0=PALM(3118,2562) s1=PALM(2561,2943) [filtered=718]
cnt=2 s0=PALM(3116,2573) s1=PALM(2562,2953) [filtered=719]
cnt=2 s0=PALM(3115,2584) s1=PALM(2562,2963) [filtered=720]
cnt=2 s0=PALM(3113,2595) s1=PALM(2563,2975) [filtered=721]
cnt=2 s0=PALM(3111,2605) s1=PALM(2563,2987) [filtered=722]
cnt=2 s0=PALM(3110,2614) s1=PALM(2564,2998) [filtered=723]
cnt=2 s0=PALM(3109,2622) s1=PALM(2565,3008) [filtered=724]
cnt=2 s0=PALM(3108,2630) s1=PALM(2565,3018) [filtered=725]
cnt=2 s0=PALM(3107,2638) s1=PALM(2566,3027) [filtered=726]
cnt=2 s0=PALM(3106,2646) s1=PALM(2567,3035) [filtered=727]
cnt=2 s0=PALM(3105,2653) s1=PALM(2568,3042) [filtered=728]
cnt=2 s0=PALM(3105,2659) s1=PALM(2569,3048) [filtered=729]
cnt=2 s0=PALM(3105,2665) s1=PALM(2569,3054) [filtered=730]
cnt=2 s0=PALM(3104,2670) s1=PALM(2570,3059) [filtered=731]
cnt=2 s0=PALM(3104,2674) s1=PALM(2571,3063) [filtered=732]
cnt=2 s0=PALM(3103,2678) s1=PALM(2572,3067) [filtered=733]
cnt=2 s0=PALM(3103,2682) s1=PALM(2572,3071) [filtered=734]
cnt=2 s0=PALM(3103,2685) s1=PALM(2572,3074) [filtered=735]
cnt=2 s0=PALM(3103,2687) s1=PALM(2573,3076) [filtered=736]
cnt=2 s0=PALM(3103,2689) s1=PALM(2573,3077) [filtered=737]
cnt=2 s0=PALM(3103,2691) s1=PALM(2574,3078) [filtered=738]
cnt=2 s0=PALM(3103,2693) s1=PALM(2574,3079) [filtered=739]
cnt=2 s0=PALM(3103,2694) s1=PALM(2574,3080) [filtered=740]
cnt=2 s0=PALM(3103,2695) s1=PALM(2574,3080) [filtered=741]
cnt=2 s0=PALM(3103,2695) s1=PALM(2574,3080) [filtered=742]
cnt=2 s0=PALM(3103,2695) s1=PALM(2574,3080) [filtered=743]
cnt=2 s0=PALM(3103,2695) s1=PALM(2574,3080) [filtered=744]
cnt=2 s0=PALM(3103,2695) s1=PALM(2574,3080) [filtered=745]
cnt=2 s0=PALM(3103,2695) s1=PALM(2574,3080) [filtered=746]
cnt=2 s0=PALM(3103,2695) s1=PALM(2574,3079) [filtered=747]
cnt=2 s0=PALM(3103,2695) s1=PALM(2574,3079) [filtered=748]
cnt=2 s0=PALM(3103,2695) s1=PALM(2574,3080) [filtered=749]
cnt=2 s0=PALM(3103,2695) s1=PALM(2574,3080) [filtered=750]
cnt=2 s0=PALM(3103,2695) s1=PALM(2574,3080) [filtered=751]
cnt=2 s0=PALM(3103,2695) s1=PALM(2574,3080) [filtered=752]
cnt=2 s0=PALM(3103,2695) s1=PALM(2574,3080) [filtered=753]
cnt=2 s0=PALM(3103,2695)* s1=PALM(2574,3080)* [filtered=754]
cnt=2 s0=PALM(3103,2695)* s1=PALM(2574,3080)* [filtered=755]
cnt=2 s0=PALM(3104,2692) s1=PALM(2574,3080)* [filtered=756]
cnt=2 s0=PALM(3104,2689) s1=PALM(2574,3080)* [filtered=757]
cnt=2 s0=PALM(3104,2687) s1=PALM(2574,3080)* [filtered=758]
cnt=2 s0=PALM(3104,2685) s1=PALM(2574,3080)* [filtered=759]
cnt=2 s0=PALM(3105,2681) s1=PALM(2574,3079)* [filtered=760]
cnt=2 s0=PALM(3106,2675) s1=PALM(2573,3078)* [filtered=761]
cnt=2 s0=PALM(3106,2671) s1=PALM(2573,3078)* [filtered=762]
cnt=2 s0=PALM(3107,2664) s1=PALM(2572,3076)* [filtered=763]
cnt=2 s0=PALM(3110,2653) s1=PALM(2571,3072) [filtered=764]
cnt=2 s0=PALM(3113,2639) s1=PALM(2570,3064) [filtered=765]
cnt=2 s0=PALM(3116,2621) s1=PALM(2569,3049) [filtered=766]
cnt=2 s0=PALM(3118,2604) s1=PALM(2568,3035) [filtered=767]
cnt=2 s0=PALM(3122,2585) s1=PALM(2567,3013) [filtered=768]
cnt=2 s0=PALM(3126,2564) s1=PALM(2566,2983) [filtered=769]
cnt=2 s0=PALM(3130,2541) s1=PALM(2564,2954) [filtered=770]
cnt=2 s0=PALM(3133,2518) s1=PALM(2563,2925) [filtered=771]
cnt=2 s0=PALM(3138,2490) s1=PALM(2562,2897) [filtered=772]
cnt=2 s0=PALM(3143,2458) s1=PALM(2561,2867) [filtered=773]
cnt=2 s0=PALM(3148,2421) s1=PALM(2560,2833) [filtered=774]
cnt=2 s0=PALM(3154,2382) s1=PALM(2559,2794) [filtered=775]
cnt=2 s0=PALM(3159,2343) s1=PALM(2558,2755) [filtered=776]
cnt=2 s0=PALM(3166,2301) s1=PALM(2558,2711) [filtered=777]
cnt=2 s0=PALM(3174,2256) s1=PALM(2558,2663) [filtered=778]
cnt=2 s0=PALM(3182,2211) s1=PALM(2559,2612) [filtered=779]
cnt=2 s0=PALM(3191,2164) s1=PALM(2559,2558) [filtered=780]
cnt=2 s0=PALM(3199,2117) s1=PALM(2559,2505) [filtered=781]
cnt=2 s0=PALM(3208,2068) s1=PALM(2560,2450) [filtered=782]
cnt=2 s0=PALM(3218,2018) s1=PALM(2562,2394) [filtered=783]
cnt=2 s0=PALM(3229,1968) s1=PALM(2565,2337) [filtered=784]
cnt=2 s0=PALM(3239,1918) s1=PALM(2567,2280) [filtered=785]
cnt=2 s0=fng (3250,1868) s1=PALM(2571,2223) [filtered=786]
cnt=2 s0=fng (3261,1819) s1=PALM(2575,2165) [filtered=787]
cnt=2 s0=fng (3272,1770) s1=PALM(2580,2108) [filtered=788]
cnt=2 s0=fng (3283,1722) s1=PALM(2585,2051) [filtered=789]
cnt=2 s0=fng (3293,1675) s1=PALM(2590,1994) [filtered=790]
cnt=2 s0=fng (3304,1628) s1=PALM(2596,1939) [filtered=791]
cnt=2 s0=fng (3315,1582) s1=fng (2603,1884) [filtered=791]
cnt=2 s0=fng (3327,1537) s1=fng (2611,1830) [filtered=791]
cnt=2 s0=fng (3340,1492) s1=fng (2619,1777) [filtered=791]
cnt=2 s0=fng (3352,1448) s1=fng (2627,1724) [filtered=791]
cnt=2 s0=fng (3365,1403) s1=fng (2636,1672) [filtered=791]
cnt=2 s0=fng (3379,1358) s1=fng (2645,1622) [filtered=791]
cnt=2 s0=fng (3393,1314) s1=fng (2654,1573) [filtered=791]
cnt=2 s0=fng (3406,1271) s1=fng (2662,1525) [filtered=791]
cnt=2 s0=fng (3419,1230) s1=fng (2672,1477) [filtered=791]
cnt=2 s0=fng (3433,1189) s1=fng (2682,1430) [filtered=791]
cnt=2 s0=fng (3446,1148) s1=fng (2692,1385) [filtered=791]
cnt=2 s0=fng (3459,1109) s1=fng (2702,1341) [filtered=791]
cnt=2 s0=fng (3471,1071) s1=fng (2711,1298) [filtered=791]
cnt=2 s0=fng (3483,1035) s1=fng (2721,1257) [filtered=791]
cnt=2 s0=fng (3495,999) s1=fng (2731,1216) [filtered=791]
cnt=2 s0=fng (3507,965) s1=fng (2741,1177) [filtered=791]
cnt=2 s0=fng (3518,932) s1=fng (2751,1140) [filtered=791]
cnt=2 s0=fng (3528,900) s1=fng (2760,1104) [filtered=791]
cnt=2 s0=fng (3538,871) s1=fng (2770,1070) [filtered=791]
cnt=2 s0=fng (3547,843) s1=fng (2779,1038) [filtered=791]
cnt=2 s0=fng (3556,815) s1=fng (2788,1007) [filtered=791]
cnt=2 s0=fng (3565,790) s1=fng (2797,978) [filtered=791]
cnt=2 s0=fng (3573,766) s1=fng (2805,950) [filtered=791]
cnt=2 s0=fng (3580,742) s1=fng (2814,923) [filtered=791]
cnt=2 s0=fng (3586,720) s1=fng (2822,898) [filtered=791]
cnt=2 s0=fng (3593,700) s1=fng (2830,874) [filtered=791]
cnt=2 s0=fng (3599,680) s1=fng (2837,850) [filtered=791]
cnt=2 s0=fng (3605,661) s1=fng (2843,828) [filtered=791]
cnt=2 s0=fng (3611,643) s1=fng (2850,808) [filtered=791]
cnt=2 s0=fng (3618,626) s1=fng (2857,789) [filtered=791]
cnt=2 s0=fng (3624,610) s1=fng (2864,772) [filtered=791]
cnt=2 s0=fng (3629,594) s1=fng (2870,755) [filtered=791]
cnt=2 s0=fng (3634,578) s1=fng (2875,738) [filtered=791]
cnt=2 s0=fng (3639,563) s1=fng (2881,722) [filtered=791]
cnt=2 s0=fng (3644,549) s1=fng (2887,708) [filtered=791]
cnt=2 s0=fng (3648,535) s1=fng (2892,694) [filtered=791]
cnt=2 s0=fng (3652,521) s1=fng (2896,681) [filtered=791]
cnt=2 s0=fng (3655,508) s1=fng (2900,669) [filtered=791]
cnt=2 s0=fng (3658,496) s1=fng (2904,658) [filtered=791]
cnt=2 s0=fng (3661,486) s1=fng (2907,649) [filtered=791]
cnt=2 s0=fng (3663,476) s1=fng (2910,640) [filtered=791]
cnt=2 s0=fng (3665,467) s1=fng (2912,632) [filtered=791]
cnt=2 s0=fng (3666,459) s1=fng (2914,625) [filtered=791]
cnt=2 s0=fng (3667,451) s1=fng (2916,619) [filtered=791]
cnt=2 s0=fng (3669,443) s1=fng (2917,614) [filtered=791]
cnt=2 s0=fng (3670,435) s1=fng (2918,609) [filtered=791]
cnt=2 s0=fng (3671,428) s1=fng (2919,605) [filtered=791]
cnt=2 s0=fng (3671,422) s1=fng (2921,601) [filtered=791]
cnt=2 s0=fng (3672,416) s1=fng (2923,597) [filtered=791]
cnt=2 s0=fng (3672,410) s1=fng (2924,593) [filtered=791]
cnt=2 s0=fng (3672,405) s1=fng (2925,589) [filtered=791]
cnt=2 s0=fng (3673,401) s1=fng (2926,585) [filtered=791]
cnt=1 s0=fng (2741,1804) [filtered=791]
cnt=1 s0=fng (2741,1803) [filtered=791]
cnt=2 s0=fng (2741,1802) s1=fng (3424,1395) [filtered=791]
cnt=2 s0=fng (2741,1801) s1=fng (3424,1395) [filtered=791]
cnt=2 s0=fng (2741,1798) s1=fng (3424,1394) [filtered=791]
cnt=2 s0=fng (2741,1790) s1=fng (3424,1392) [filtered=791]
cnt=2 s0=fng (2741,1778) s1=fng (3424,1390) [filtered=791]
cnt=2 s0=fng (2741,1767) s1=fng (3424,1389) [filtered=791]
cnt=2 s0=fng (2742,1754) s1=fng (3424,1386) [filtered=791]
cnt=2 s0=fng (2743,1740) s1=fng (3425,1382) [filtered=791]
cnt=2 s0=fng (2745,1724) s1=fng (3426,1375) [filtered=791]
cnt=2 s0=fng (2747,1706) s1=fng (3428,1366) [filtered=791]
cnt=2 s0=fng (2748,1689) s1=fng (3429,1357) [filtered=791]
cnt=2 s0=fng (2749,1672) s1=fng (3431,1346) [filtered=791]
cnt=2 s0=fng (2751,1654) s1=fng (3434,1334) [filtered=791]
cnt=2 s0=fng (2754,1635) s1=fng (3438,1321) [filtered=791]
cnt=2 s0=fng (2757,1615) s1=fng (3442,1307) [filtered=791]
cnt=2 s0=fng (2758,1595) s1=fng (3445,1294) [filtered=791]
cnt=2 s0=fng (2761,1574) s1=fng (3449,1280) [filtered=791]
cnt=2 s0=fng (2764,1553) s1=fng (3454,1265) [filtered=791]
cnt=2 s0=fng (2768,1531) s1=fng (3459,1249) [filtered=791]
cnt=2 s0=fng (2770,1510) s1=fng (3463,1233) [filtered=791]
cnt=2 s0=fng (2773,1488) s1=fng (3467,1216) [filtered=791]
cnt=2 s0=fng (2777,1465) s1=fng (3472,1199) [filtered=791]
cnt=2 s0=fng (2781,1440) s1=fng (3477,1181) [filtered=791]
cnt=2 s0=fng (2785,1415) s1=fng (3482,1162) [filtered=791]
cnt=2 s0=fng (2788,1390) s1=fng (3486,1143) [filtered=791]
cnt=2 s0=fng (2792,1364) s1=fng (3491,1123) [filtered=791]
cnt=2 s0=fng (2796,1337) s1=fng (3496,1102) [filtered=791]
cnt=2 s0=fng (2800,1309) s1=fng (3502,1081) [filtered=791]
cnt=2 s0=fng (2803,1282) s1=fng (3508,1061) [filtered=791]
cnt=2 s0=fng (2808,1253) s1=fng (3513,1040) [filtered=791]
cnt=2 s0=fng (2813,1224) s1=fng (3519,1019) [filtered=791]
cnt=2 s0=fng (2818,1195) s1=fng (3525,998) [filtered=791]
cnt=2 s0=fng (2823,1166) s1=fng (3531,977) [filtered=791]
cnt=2 s0=fng (2827,1138) s1=fng (3536,957) [filtered=791]
cnt=2 s0=fng (2832,1109) s1=fng (3542,936) [filtered=791]
cnt=2 s0=fng (2837,1080) s1=fng (3548,915) [filtered=791]
cnt=2 s0=fng (2842,1052) s1=fng (3554,893) [filtered=791]
cnt=2 s0=fng (2847,1024) s1=fng (3561,870) [filtered=791]
cnt=2 s0=fng (2851,997) s1=fng (3567,848) [filtered=791]
cnt=2 s0=fng (2856,970) s1=fng (3574,824) [filtered=791]
cnt=2 s0=fng (2861,943) s1=fng (3581,800) [filtered=791]
cnt=2 s0=fng (2866,916) s1=fng (3589,775) [filtered=791]
cnt=2 s0=fng (2871,889) s1=fng (3597,750) [filtered=791]
cnt=2 s0=fng (2876,863) s1=fng (3604,725) [filtered=791]
cnt=2 s0=fng (2881,836) s1=fng (3611,700) [filtered=791]
cnt=2 s0=fng (2886,809) s1=fng (3618,675) [filtered=791]
cnt=2 s0=fng (2891,783) s1=fng (3625,650) [filtered=791]
cnt=2 s0=fng (2895,758) s1=fng (3631,626) [filtered=791]
cnt=2 s0=fng (2900,733) s1=fng (3636,602) [filtered=791]
cnt=2 s0=fng (2905,708) s1=fng (3642,578) [filtered=791]
cnt=2 s0=fng (2910,683) s1=fng (3648,554) [filtered=791]
cnt=2 s0=fng (2915,659) s1=fng (3653,531) [filtered=791]
cnt=2 s0=fng (2920,636) s1=fng (3657,509) [filtered=791]
cnt=2 s0=fng (2925,613) s1=fng (3661,488) [filtered=791]
cnt=2 s0=fng (2930,591) s1=fng (3666,467) [filtered=791]
cnt=2 s0=fng (2935,569) s1=fng (3671,446) [filtered=791]
cnt=2 s0=fng (2940,548) s1=fng (3676,426) [filtered=791]
cnt=2 s0=fng (2945,528) s1=fng (3680,407) [filtered=791]
cnt=2 s0=fng (2950,508) s1=fng (3685,388) [filtered=791]
cnt=2 s0=fng (2955,489) s1=fng (3689,370) [filtered=791]
cnt=2 s0=fng (2959,469) s1=fng (3692,351) [filtered=791]
cnt=2 s0=fng (2962,450) s1=fng (3694,333) [filtered=791]
cnt=2 s0=fng (2964,433) s1=fng (3697,317) [filtered=791]
cnt=2 s0=fng (2967,417) s1=fng (3700,302) [filtered=791]
cnt=1 s0=fng (3503,458) [filtered=791]
cnt=1 s0=fng (3503,458) [filtered=791]
cnt=2 s0=fng (3503,458) s1=fng (2794,660) [filtered=791]
cnt=2 s0=fng (3503,459) s1=fng (2794,661) [filtered=791]
cnt=2 s0=fng (3503,460) s1=fng (2793,663) [filtered=791]
cnt=2 s0=fng (3503,462) s1=fng (2792,667) [filtered=791]
cnt=2 s0=fng (3503,463) s1=fng (2792,669) [filtered=791]
cnt=2 s0=fng (3502,466) s1=fng (2790,676) [filtered=791]
cnt=2 s0=fng (3500,473) s1=fng (2788,687) [filtered=791]
cnt=2 s0=fng (3498,484) s1=fng (2785,701) [filtered=791]
cnt=2 s0=fng (3495,498) s1=fng (2782,718) [filtered=791]
cnt=2 s0=fng (3493,511) s1=fng (2781,734) [filtered=791]
cnt=2 s0=fng (3490,527) s1=fng (2779,751) [filtered=791]
cnt=2 s0=fng (3487,545) s1=fng (2776,771) [filtered=791]
cnt=2 s0=fng (3483,565) s1=fng (2773,792) [filtered=791]
cnt=2 s0=fng (3479,586) s1=fng (2770,815) [filtered=791]
cnt=2 s0=fng (3476,607) s1=fng (2769,838) [filtered=791]
cnt=2 s0=fng (3472,631) s1=fng (2767,864) [filtered=791]
cnt=2 s0=fng (3468,658) s1=fng (2764,893) [filtered=791]
cnt=2 s0=fng (3464,688) s1=fng (2761,924) [filtered=791]
cnt=2 s0=fng (3461,717) s1=fng (2759,954) [filtered=791]
cnt=2 s0=fng (3457,748) s1=fng (2756,987) [filtered=791]
cnt=2 s0=fng (3453,781) s1=fng (2753,1024) [filtered=791]
cnt=2 s0=fng (3449,816) s1=fng (2749,1063) [filtered=791]
cnt=2 s0=fng (3445,853) s1=fng (2745,1105) [filtered=791]
cnt=2 s0=fng (3442,890) s1=fng (2743,1147) [filtered=791]
cnt=2 s0=fng (3437,928) s1=fng (2740,1191) [filtered=791]
cnt=2 s0=fng (3432,968) s1=fng (2736,1236) [filtered=791]
cnt=2 s0=fng (3427,1009) s1=fng (2732,1283) [filtered=791]
cnt=2 s0=fng (3422,1050) s1=fng (2729,1331) [filtered=791]
cnt=2 s0=fng (3418,1091) s1=fng (2727,1379) [filtered=791]
cnt=2 s0=fng (3415,1133) s1=fng (2725,1426) [filtered=791]
cnt=2 s0=fng (3412,1175) s1=fng (2724,1472) [filtered=791]
cnt=2 s0=fng (3410,1217) s1=fng (2723,1517) [filtered=791]
cnt=2 s0=fng (3408,1258) s1=fng (2722,1561) [filtered=791]
cnt=2 s0=fng (3407,1300) s1=fng (2721,1606) [filtered=791]
cnt=2 s0=fng (3408,1342) s1=fng (2721,1650) [filtered=791]
cnt=2 s0=fng (3408,1383) s1=fng (2721,1691) [filtered=791]
cnt=2 s0=fng (3408,1424) s1=fng (2722,1731) [filtered=791]
cnt=2 s0=fng (3408,1464) s1=fng (2722,1770) [filtered=791]
cnt=2 s0=fng (3408,1505) s1=fng (2723,1808) [filtered=791]
cnt=2 s0=fng (3408,1545) s1=fng (2724,1847) [filtered=791]
cnt=2 s0=fng (3408,1583) s1=fng (2725,1886) [filtered=791]
cnt=2 s0=fng (3408,1620) s1=PALM(2725,1924) [filtered=792]
cnt=2 s0=fng (3408,1656) s1=PALM(2726,1962) [filtered=793]
cnt=2 s0=fng (3408,1692) s1=PALM(2728,2001) [filtered=794]
cnt=2 s0=fng (3408,1728) s1=PALM(2730,2040) [filtered=795]
cnt=2 s0=fng (3408,1762) s1=PALM(2732,2079) [filtered=796]
cnt=2 s0=fng (3408,1795) s1=PALM(2733,2117) [filtered=797]
cnt=2 s0=fng (3409,1827) s1=PALM(2735,2154) [filtered=798]
cnt=2 s0=fng (3409,1859) s1=PALM(2737,2191) [filtered=799]
cnt=2 s0=fng (3410,1891) s1=PALM(2740,2228) [filtered=800]
cnt=2 s0=PALM(3411,1922) s1=PALM(2743,2263) [filtered=801]
cnt=2 s0=PALM(3411,1952) s1=PALM(2744,2297) [filtered=802]
cnt=2 s0=PALM(3412,1981) s1=PALM(2747,2330) [filtered=803]
cnt=2 s0=PALM(3413,2009) s1=PALM(2751,2362) [filtered=804]
cnt=2 s0=PALM(3415,2038) s1=PALM(2755,2394) [filtered=805]
cnt=2 s0=PALM(3416,2066) s1=PALM(2758,2425) [filtered=806]
cnt=2 s0=PALM(3417,2093) s1=PALM(2762,2454) [filtered=807]
cnt=2 s0=PALM(3419,2118) s1=PALM(2767,2482) [filtered=808]
cnt=2 s0=PALM(3422,2142) s1=PALM(2772,2508) [filtered=809]
cnt=2 s0=PALM(3425,2167) s1=PALM(2778,2533) [filtered=810]
cnt=2 s0=PALM(3426,2191) s1=PALM(2783,2557) [filtered=811]
cnt=2 s0=PALM(3429,2215) s1=PALM(2789,2580) [filtered=812]
cnt=2 s0=PALM(3433,2239) s1=PALM(2796,2602) [filtered=813]
cnt=2 s0=PALM(3439,2263) s1=PALM(2803,2622) [filtered=814]
cnt=2 s0=PALM(3444,2286) s1=PALM(2810,2641) [filtered=815]
cnt=2 s0=PALM(3449,2309) s1=PALM(2816,2660) [filtered=816]
cnt=2 s0=PALM(3455,2331) s1=PALM(2823,2678) [filtered=817]
cnt=2 s0=PALM(3461,2351) s1=PALM(2830,2695) [filtered=818]
cnt=2 s0=PALM(3466,2369) s1=PALM(2837,2711) [filtered=819]
cnt=1 s1=fng (2841,2719) [filtered=819]
cnt=2 s0=PALM(2803,2509) s1=PALM(3471,2168) [filtered=820]
cnt=2 s0=PALM(2803,2508) s1=PALM(3471,2166) [filtered=821]
cnt=2 s0=PALM(2802,2505) s1=PALM(3470,2159) [filtered=822]
cnt=2 s0=PALM(2800,2498) s1=PALM(3469,2148) [filtered=823]
cnt=2 s0=PALM(2799,2491) s1=PALM(3469,2137) [filtered=824]
cnt=2 s0=PALM(2796,2480) s1=PALM(3469,2122) [filtered=825]
cnt=2 s0=PALM(2793,2464) s1=PALM(3469,2104) [filtered=826]
cnt=2 s0=PALM(2790,2444) s1=PALM(3470,2083) [filtered=827]
cnt=2 s0=PALM(2787,2419) s1=PALM(3471,2058) [filtered=828]
cnt=2 s0=PALM(2786,2394) s1=PALM(3472,2034) [filtered=829]
cnt=2 s0=PALM(2785,2363) s1=PALM(3474,2005) [filtered=830]
cnt=2 s0=PALM(2784,2325) s1=PALM(3477,1971) [filtered=831]
cnt=2 s0=PALM(2783,2281) s1=PALM(3483,1931) [filtered=832]
cnt=2 s0=PALM(2784,2232) s1=fng (3489,1887) [filtered=833]
cnt=2 s0=PALM(2784,2183) s1=fng (3495,1843) [filtered=834]
cnt=2 s0=PALM(2785,2129) s1=fng (3503,1795) [filtered=835]
cnt=2 s0=PALM(2787,2071) s1=fng (3512,1744) [filtered=836]
cnt=2 s0=PALM(2791,2011) s1=fng (3522,1692) [filtered=837]
cnt=2 s0=PALM(2793,1952) s1=fng (3531,1641) [filtered=838]
cnt=2 s0=fng (2797,1893) s1=fng (3541,1591) [filtered=838]
cnt=2 s0=fng (2802,1832) s1=fng (3552,1540) [filtered=838]
cnt=2 s0=fng (2807,1771) s1=fng (3564,1489) [filtered=838]
cnt=2 s0=fng (2813,1710) s1=fng (3576,1438) [filtered=838]
cnt=2 s0=fng (2819,1650) s1=fng (3588,1388) [filtered=838]
cnt=2 s0=fng (2826,1589) s1=fng (3600,1338) [filtered=838]
cnt=2 s0=fng (2834,1529) s1=fng (3613,1288) [filtered=838]
cnt=2 s0=fng (2843,1470) s1=fng (3626,1238) [filtered=838]
cnt=2 s0=fng (2851,1412) s1=fng (3638,1189) [filtered=838]
cnt=2 s0=fng (2860,1355) s1=fng (3651,1141) [filtered=838]
cnt=2 s0=fng (2870,1298) s1=fng (3664,1092) [filtered=838]
cnt=2 s0=fng (2881,1241) s1=fng (3677,1044) [filtered=838]
cnt=2 s0=fng (2893,1185) s1=fng (3690,998) [filtered=838]
cnt=2 s0=fng (2904,1130) s1=fng (3702,953) [filtered=838]
cnt=2 s0=fng (2917,1076) s1=fng (3716,909) [filtered=838]
cnt=2 s0=fng (2931,1023) s1=fng (3730,866) [filtered=838]
cnt=2 s0=fng (2945,970) s1=fng (3744,823) [filtered=838]
cnt=2 s0=fng (2960,919) s1=fng (3758,781) [filtered=838]
cnt=2 s0=fng (2975,869) s1=fng (3772,740) [filtered=838]
cnt=2 s0=fng (2990,821) s1=fng (3787,700) [filtered=838]
cnt=2 s0=fng (3005,774) s1=fng (3802,660) [filtered=838]
cnt=2 s0=fng (3020,729) s1=fng (3817,621) [filtered=838]
cnt=2 s0=fng (3035,685) s1=fng (3831,584) [filtered=838]
cnt=2 s0=fng (3050,642) s1=fng (3845,548) [filtered=838]
cnt=2 s0=fng (3065,601) s1=fng (3858,513) [filtered=838]
cnt=2 s0=fng (3079,561) s1=fng (3871,480) [filtered=838]
cnt=2 s0=fng (3093,523) s1=fng (3884,448) [filtered=838]
cnt=2 s0=fng (3106,485) s1=fng (3896,416) [filtered=838]
cnt=2 s0=fng (3118,449) s1=fng (3908,386) [filtered=838]
cnt=2 s0=fng (3131,415) s1=fng (3920,357) [filtered=838]
cnt=2 s0=fng (3144,383) s1=fng (3930,329) [filtered=838]
cnt=2 s0=fng (3156,353) s1=fng (3940,304) [filtered=838]
cnt=2 s0=fng (3167,323) s1=fng (3949,279) [filtered=838]
cnt=2 s0=fng (3177,295) s1=fng (3957,255) [filtered=838]
cnt=2 s0=fng (3187,269) s1=fng (3966,233) [filtered=838]
cnt=2 s0=fng (3196,246) s1=fng (3974,213) [filtered=838]
cnt=2 s0=fng (3205,226) s1=fng (3981,195) [filtered=838]
cnt=2 s0=fng (3213,206) s1=fng (3987,177) [filtered=838]
cnt=2 s0=fng (3220,188) s1=fng (3992,161) [filtered=838]
cnt=2 s0=fng (3226,172) s1=fng (3997,148) [filtered=838]
cnt=2 s0=fng (3233,159) s1=fng (4002,134) [filtered=838]
cnt=2 s0=fng (3239,146) s1=fng (4006,120) [filtered=838]
cnt=2 s0=fng (3244,134) s1=fng (4010,105) [filtered=838]
cnt=2 s0=fng (3249,119) s1=fng (4013,91) [filtered=838]
cnt=2 s0=fng (3253,103) s1=fng (4016,79) [filtered=838]
cnt=1 s0=fng (3258,89) [filtered=838]
cnt=1 s0=fng (2643,2132) [filtered=838]
cnt=1 s0=fng (2643,2131) [filtered=838]
cnt=1 s0=fng (2643,2131) [filtered=838]
cnt=2 s0=PALM(2643,2130) s1=fng (3274,1672) [filtered=839]
cnt=2 s0=PALM(2644,2122) s1=fng (3275,1671) [filtered=840]
cnt=2 s0=PALM(2644,2110) s1=fng (3275,1669) [filtered=841]
cnt=2 s0=PALM(2644,2098) s1=fng (3275,1668) [filtered=842]
cnt=2 s0=PALM(2645,2083) s1=fng (3276,1665) [filtered=843]
cnt=2 s0=PALM(2646,2065) s1=fng (3278,1659) [filtered=844]
cnt=2 s0=PALM(2647,2044) s1=fng (3281,1649) [filtered=845]
cnt=2 s0=PALM(2648,2020) s1=fng (3285,1635) [filtered=846]
cnt=2 s0=PALM(2649,1997) s1=fng (3288,1622) [filtered=847]
cnt=2 s0=PALM(2651,1972) s1=fng (3292,1607) [filtered=848]
cnt=2 s0=PALM(2653,1943) s1=fng (3297,1590) [filtered=849]
cnt=2 s0=PALM(2655,1912) s1=fng (3302,1571) [filtered=850]
cnt=2 s0=fng (2657,1879) s1=fng (3307,1549) [filtered=850]
cnt=2 s0=fng (2658,1846) s1=fng (3312,1528) [filtered=850]
cnt=2 s0=fng (2660,1810) s1=fng (3318,1506) [filtered=850]
cnt=2 s0=fng (2663,1772) s1=fng (3325,1481) [filtered=850]
cnt=2 s0=fng (2666,1731) s1=fng (3333,1454) [filtered=850]
cnt=2 s0=fng (2670,1688) s1=fng (3342,1424) [filtered=850]
cnt=2 s0=fng (2672,1646) s1=fng (3350,1395) [filtered=850]
cnt=2 s0=fng (2676,1603) s1=fng (3359,1365) [filtered=850]
cnt=2 s0=fng (2681,1559) s1=fng (3368,1334) [filtered=850]
cnt=2 s0=fng (2687,1514) s1=fng (3377,1301) [filtered=850]
cnt=2 s0=fng (2692,1469) s1=fng (3385,1269) [filtered=850]
cnt=2 s0=fng (2698,1424) s1=fng (3393,1236) [filtered=850]
cnt=2 s0=fng (2705,1379) s1=fng (3402,1203) [filtered=850]
cnt=2 s0=fng (2713,1334) s1=fng (3411,1170) [filtered=850]
cnt=2 s0=fng (2723,1289) s1=fng (3421,1137) [filtered=850]
cnt=2 s0=fng (2732,1244) s1=fng (3430,1104) [filtered=850]
cnt=2 s0=fng (2741,1199) s1=fng (3440,1070) [filtered=850]
cnt=2 s0=fng (2750,1154) s1=fng (3450,1036) [filtered=850]
cnt=2 s0=fng (2760,1110) s1=fng (3460,1002) [filtered=850]
cnt=2 s0=fng (2771,1067) s1=fng (3470,969) [filtered=850]
cnt=2 s0=fng (2782,1025) s1=fng (3480,936) [filtered=850]
cnt=2 s0=fng (2794,982) s1=fng (3490,903) [filtered=850]
cnt=2 s0=fng (2806,939) s1=fng (3501,869) [filtered=850]
cnt=2 s0=fng (2818,896) s1=fng (3512,835) [filtered=850]
cnt=2 s0=fng (2829,854) s1=fng (3522,802) [filtered=850]
cnt=2 s0=fng (2841,813) s1=fng (3533,768) [filtered=850]
cnt=2 s0=fng (2853,770) s1=fng (3545,733) [filtered=850]
cnt=2 s0=fng (2865,727) s1=fng (3556,697) [filtered=850]
cnt=2 s0=fng (2876,688) s1=fng (3566,664) [filtered=850]
cnt=2 s0=fng (2886,650) s1=fng (3576,632) [filtered=850]
cnt=2 s0=fng (2894,616) s1=fng (3585,604) [filtered=850]
cnt=2 s0=fng (2903,585) s1=fng (3594,576) [filtered=850]
cnt=2 s0=fng (2912,555) s1=fng (3603,549) [filtered=850]
cnt=2 s0=fng (2921,526) s1=fng (3611,523) [filtered=850]
cnt=2 s0=fng (2929,498) s1=fng (3618,498) [filtered=850]
cnt=2 s0=fng (2936,471) s1=fng (3625,474) [filtered=850]
cnt=2 s0=fng (2943,445) s1=fng (3633,449) [filtered=850]
cnt=2 s0=fng (2951,419) s1=fng (3640,425) [filtered=850]
cnt=2 s0=fng (2958,394) s1=fng (3646,402) [filtered=850]
cnt=2 s0=fng (2965,370) s1=fng (3652,381) [filtered=850]
cnt=2 s0=fng (2972,347) s1=fng (3657,361) [filtered=850]
cnt=2 s0=fng (2979,326) s1=fng (3663,341) [filtered=850]
cnt=2 s0=fng (2987,306) s1=fng (3669,321) [filtered=850]
cnt=2 s0=fng (2994,286) s1=fng (3674,302) [filtered=850]
cnt=2 s0=fng (3000,267) s1=fng (3680,284) [filtered=850]
cnt=2 s0=fng (3006,250) s1=fng (3686,266) [filtered=850]
cnt=2 s0=fng (3011,234) s1=fng (3692,249) [filtered=850]
cnt=2 s0=fng (3015,220) s1=fng (3698,233) [filtered=850]
cnt=2 s0=fng (3019,206) s1=fng (3703,217) [filtered=850]
cnt=1 s1=fng (3705,209) [filtered=850]
cnt=1 s0=fng (3497,568) [filtered=850]
cnt=1 s0=fng (3497,568) [filtered=850]
cnt=1 s0=fng (3497,568) [filtered=850]
cnt=2 s0=fng (3497,568) s1=fng (2765,788) [filtered=850]
cnt=2 s0=fng (3497,569) s1=fng (2765,789) [filtered=850]
cnt=2 s0=fng (3497,571) s1=fng (2764,791) [filtered=850]
cnt=2 s0=fng (3496,574) s1=fng (2763,794) [filtered=850]
cnt=2 s0=fng (3496,576) s1=fng (2763,796) [filtered=850]
cnt=2 s0=fng (3495,582) s1=fng (2761,803) [filtered=850]
cnt=2 s0=fng (3492,592) s1=fng (2758,814) [filtered=850]
cnt=2 s0=fng (3489,604) s1=fng (2754,830) [filtered=850]
cnt=2 s0=fng (3485,620) s1=fng (2749,849) [filtered=850]
cnt=2 s0=fng (3482,635) s1=fng (2745,867) [filtered=850]
cnt=2 s0=fng (3478,652) s1=fng (2739,890) [filtered=850]
cnt=2 s0=fng (3473,673) s1=fng (2733,918) [filtered=850]
cnt=2 s0=fng (3467,698) s1=fng (2726,949) [filtered=850]
cnt=2 s0=fng (3462,722) s1=fng (2720,980) [filtered=850]
cnt=2 s0=fng (3457,749) s1=fng (2713,1013) [filtered=850]
cnt=2 s0=fng (3451,780) s1=fng (2707,1050) [filtered=850]
cnt=2 s0=fng (3445,815) s1=fng (2701,1090) [filtered=850]
cnt=2 s0=fng (3439,852) s1=fng (2696,1131) [filtered=850]
cnt=2 s0=fng (3434,889) s1=fng (2692,1172) [filtered=850]
cnt=2 s0=fng (3429,930) s1=fng (2688,1215) [filtered=850]
cnt=2 s0=fng (3424,973) s1=fng (2686,1260) [filtered=850]
cnt=2 s0=fng (3419,1018) s1=fng (2684,1306) [filtered=850]
cnt=2 s0=fng (3415,1063) s1=fng (2682,1352) [filtered=850]
cnt=2 s0=fng (3410,1111) s1=fng (2681,1400) [filtered=850]
cnt=2 s0=fng (3405,1160) s1=fng (2680,1449) [filtered=850]
cnt=2 s0=fng (3400,1211) s1=fng (2679,1501) [filtered=850]
cnt=2 s0=fng (3395,1263) s1=fng (2677,1554) [filtered=850]
cnt=2 s0=fng (3391,1315) s1=fng (2676,1607) [filtered=850]
cnt=2 s0=fng (3386,1368) s1=fng (2675,1662) [filtered=850]
cnt=2 s0=fng (3381,1421) s1=fng (2674,1718) [filtered=850]
cnt=2 s0=fng (3376,1474) s1=fng (2672,1774) [filtered=850]
cnt=2 s0=fng (3371,1527) s1=fng (2671,1831) [filtered=850]
cnt=2 s0=fng (3367,1580) s1=fng (2670,1888) [filtered=850]
cnt=2 s0=fng (3363,1632) s1=PALM(2670,1944) [filtered=851]
cnt=2 s0=fng (3358,1683) s1=PALM(2669,1999) [filtered=852]
cnt=2 s0=fng (3353,1733) s1=PALM(2669,2053) [filtered=853]
cnt=2 s0=fng (3349,1782) s1=PALM(2669,2106) [filtered=854]
cnt=2 s0=fng (3346,1831) s1=PALM(2669,2159) [filtered=855]
cnt=2 s0=fng (3343,1880) s1=PALM(2670,2210) [filtered=856]
cnt=2 s0=PALM(3340,1929) s1=PALM(2671,2261) [filtered=857]
cnt=2 s0=PALM(3338,1976) s1=PALM(2673,2311) [filtered=858]
cnt=2 s0=PALM(3336,2022) s1=PALM(2674,2360) [filtered=859]
cnt=2 s0=PALM(3334,2069) s1=PALM(2677,2411) [filtered=860]
cnt=2 s0=PALM(3333,2115) s1=PALM(2681,2464) [filtered=861]
cnt=2 s0=PALM(3332,2161) s1=PALM(2686,2517) [filtered=862]
cnt=2 s0=PALM(3331,2208) s1=PALM(2693,2570) [filtered=863]
cnt=2 s0=PALM(3331,2254) s1=PALM(2699,2622) [filtered=864]
cnt=2 s0=PALM(3331,2302) s1=PALM(2706,2674) [filtered=865]
cnt=2 s0=PALM(3332,2351) s1=PALM(2715,2723) [filtered=866]
cnt=2 s0=PALM(3334,2400) s1=PALM(2725,2768) [filtered=867]
cnt=2 s0=PALM(3336,2445) s1=PALM(2734,2807) [filtered=868]
cnt=2 s0=PALM(3337,2489) s1=PALM(2743,2845) [filtered=869]
cnt=2 s0=PALM(3339,2528) s1=PALM(2752,2877) [filtered=870]
cnt=2 s0=fng (3638,394) s1=fng (2867,499) [filtered=870]
cnt=2 s0=fng (3638,394) s1=fng (2867,500) [filtered=870]
cnt=2 s0=fng (3638,394) s1=fng (2866,502) [filtered=870]
cnt=2 s0=fng (3638,394) s1=fng (2866,503) [filtered=870]
cnt=2 s0=fng (3638,394) s1=fng (2866,505) [filtered=870]
cnt=2 s0=fng (3638,395) s1=fng (2864,511) [filtered=870]
cnt=2 s0=fng (3638,397) s1=fng (2861,522) [filtered=870]
cnt=2 s0=fng (3637,401) s1=fng (2858,537) [filtered=870]
cnt=2 s0=fng (3637,403) s1=fng (2856,551) [filtered=870]
cnt=2 s0=fng (3635,411) s1=fng (2851,568) [filtered=870]
cnt=2 s0=fng (3632,424) s1=fng (2846,589) [filtered=870]
cnt=2 s0=fng (3627,441) s1=fng (2840,615) [filtered=870]
cnt=2 s0=fng (3623,458) s1=fng (2835,641) [filtered=870]
cnt=2 s0=fng (3618,479) s1=fng (2828,670) [filtered=870]
cnt=2 s0=fng (3611,505) s1=fng (2820,705) [filtered=870]
cnt=2 s0=fng (3603,538) s1=fng (2811,745) [filtered=870]
cnt=2 s0=fng (3594,578) s1=fng (2802,790) [filtered=870]
cnt=2 s0=fng (3585,617) s1=fng (2793,835) [filtered=870]
cnt=2 s0=fng (3575,662) s1=fng (2784,885) [filtered=870]
cnt=2 s0=fng (3564,713) s1=fng (2775,939) [filtered=870]
cnt=2 s0=fng (3553,768) s1=fng (2766,996) [filtered=870]
cnt=2 s0=fng (3542,823) s1=fng (2758,1053) [filtered=870]
cnt=2 s0=fng (3531,880) s1=fng (2751,1111) [filtered=870]
cnt=2 s0=fng (3521,939) s1=fng (2743,1172) [filtered=870]
cnt=2 s0=fng (3512,999) s1=fng (2735,1233) [filtered=870]
cnt=2 s0=fng (3503,1060) s1=fng (2728,1295) [filtered=870]
cnt=2 s0=fng (3495,1121) s1=fng (2722,1357) [filtered=870]
cnt=2 s0=fng (3487,1182) s1=fng (2717,1420) [filtered=870]
cnt=2 s0=fng (3480,1244) s1=fng (2713,1484) [filtered=870]
cnt=2 s0=fng (3474,1305) s1=fng (2708,1547) [filtered=870]
cnt=2 s0=fng (3469,1366) s1=fng (2704,1609) [filtered=870]
cnt=2 s0=fng (3465,1427) s1=fng (2701,1671) [filtered=870]
cnt=2 s0=fng (3463,1486) s1=fng (2699,1732) [filtered=870]
cnt=2 s0=fng (3462,1544) s1=fng (2699,1791) [filtered=870]
cnt=2 s0=fng (3462,1600) s1=fng (2699,1848) [filtered=870]
cnt=2 s0=fng (3462,1653) s1=PALM(2699,1902) [filtered=871]
cnt=2 s0=fng (3462,1706) s1=PALM(2699,1956) [filtered=872]
cnt=2 s0=fng (3462,1757) s1=PALM(2702,2008) [filtered=873]
cnt=2 s0=fng (3465,1805) s1=PALM(2706,2057) [filtered=874]
cnt=2 s0=fng (3468,1850) s1=PALM(2710,2103) [filtered=875]
cnt=2 s0=fng (3470,1894) s1=PALM(2712,2148) [filtered=876]
cnt=2 s0=PALM(3472,1936) s1=PALM(2715,2190) [filtered=877]
cnt=2 s0=PALM(3475,1977) s1=PALM(2718,2230) [filtered=878]
cnt=2 s0=PALM(3477,2014) s1=PALM(2722,2267) [filtered=879]
cnt=2 s0=PALM(3479,2050) s1=PALM(2725,2302) [filtered=880]
cnt=2 s0=PALM(3480,2085) s1=PALM(2727,2336) [filtered=881]
cnt=2 s0=PALM(3481,2117) s1=PALM(2730,2368) [filtered=882]
cnt=2 s0=PALM(3482,2148) s1=PALM(2732,2396) [filtered=883]
cnt=2 s0=PALM(3484,2177) s1=PALM(2735,2422) [filtered=884]
cnt=2 s0=PALM(3485,2205) s1=PALM(2736,2448) [filtered=885]
cnt=2 s0=PALM(3486,2229) s1=PALM(2737,2472) [filtered=886]
cnt=2 s0=PALM(3487,2249) s1=PALM(2738,2495) [filtered=887]
cnt=1 s1=fng (2739,2515) [filtered=887]
cnt=1 s1=fng (2739,2533) [filtered=887]
cnt=1 s1=fng (2739,2551) [filtered=887]
cnt=1 s1=fng (2739,2567) [filtered=887]
cnt=1 s1=fng (2739,2580) [filtered=887]
cnt=1 s0=fng (3511,528) [filtered=887]
cnt=2 s0=fng (3511,528) s1=fng (2766,635) [filtered=887]
cnt=2 s0=fng (3511,528) s1=fng (2766,636) [filtered=887]
cnt=2 s0=fng (3511,528) s1=fng (2766,636) [filtered=887]
cnt=2 s0=fng (3511,528) s1=fng (2766,638) [filtered=887]
cnt=2 s0=fng (3511,529) s1=fng (2765,641) [filtered=887]
cnt=2 s0=fng (3511,530) s1=fng (2764,648) [filtered=887]
cnt=2 s0=fng (3510,532) s1=fng (2763,659) [filtered=887]
cnt=2 s0=fng (3510,533) s1=fng (2762,669) [filtered=887]
cnt=2 s0=fng (3510,535) s1=fng (2760,682) [filtered=887]
cnt=2 s0=fng (3508,543) s1=fng (2757,699) [filtered=887]
cnt=2 s0=fng (3505,555) s1=fng (2753,720) [filtered=887]
cnt=2 s0=fng (3504,566) s1=fng (2750,740) [filtered=887]
cnt=2 s0=fng (3501,581) s1=fng (2746,765) [filtered=887]
cnt=2 s0=fng (3496,601) s1=fng (2741,794) [filtered=887]
cnt=2 s0=fng (3491,626) s1=fng (2736,830) [filtered=887]
cnt=2 s0=fng (3483,658) s1=fng (2729,872) [filtered=887]
cnt=2 s0=fng (3476,689) s1=fng (2723,914) [filtered=887]
cnt=2 s0=fng (3468,727) s1=fng (2716,963) [filtered=887]
cnt=2 s0=fng (3459,773) s1=fng (2708,1016) [filtered=887]
cnt=2 s0=fng (3448,826) s1=fng (2699,1075) [filtered=887]
cnt=2 s0=fng (3435,885) s1=fng (2690,1139) [filtered=887]
cnt=2 s0=fng (3423,943) s1=fng (2681,1202) [filtered=887]
cnt=2 s0=fng (3411,1004) s1=fng (2672,1267) [filtered=887]
cnt=2 s0=fng (3400,1067) s1=fng (2663,1333) [filtered=887]
cnt=2 s0=fng (3390,1130) s1=fng (2654,1399) [filtered=887]
cnt=2 s0=fng (3381,1194) s1=fng (2646,1465) [filtered=887]
cnt=2 s0=fng (3372,1257) s1=fng (2638,1530) [filtered=887]
cnt=2 s0=fng (3363,1320) s1=fng (2631,1593) [filtered=887]
cnt=2 s0=fng (3356,1382) s1=fng (2625,1656) [filtered=887]
cnt=2 s0=fng (3350,1442) s1=fng (2620,1717) [filtered=887]
cnt=2 s0=fng (3345,1502) s1=fng (2616,1778) [filtered=887]
cnt=2 s0=fng (3341,1561) s1=fng (2612,1837) [filtered=887]
cnt=2 s0=fng (3337,1618) s1=fng (2609,1894) [filtered=887]
cnt=2 s0=fng (3334,1672) s1=PALM(2607,1949) [filtered=888]
cnt=2 s0=fng (3332,1724) s1=PALM(2606,2002) [filtered=889]
cnt=2 s0=fng (3330,1776) s1=PALM(2607,2054) [filtered=890]
cnt=2 s0=fng (3328,1825) s1=PALM(2606,2104) [filtered=891]
cnt=2 s0=fng (3327,1872) s1=PALM(2606,2152) [filtered=892]
cnt=2 s0=PALM(3326,1917) s1=PALM(2606,2198) [filtered=893]
cnt=2 s0=PALM(3326,1961) s1=PALM(2606,2243) [filtered=894]
cnt=2 s0=PALM(3325,2003) s1=PALM(2606,2287) [filtered=895]
cnt=2 s0=PALM(3323,2045) s1=PALM(2607,2330) [filtered=896]
cnt=2 s0=PALM(3321,2086) s1=PALM(2608,2371) [filtered=897]
cnt=2 s0=PALM(3319,2126) s1=PALM(2609,2410) [filtered=898]
cnt=2 s0=PALM(3318,2165) s1=PALM(2609,2448) [filtered=899]
cnt=2 s0=PALM(3317,2201) s1=PALM(2610,2484) [filtered=900]
cnt=2 s0=PALM(3316,2233) s1=PALM(2612,2518) [filtered=901]
cnt=2 s0=PALM(3315,2261) s1=PALM(2614,2551) [filtered=902]
cnt=1 s1=fng (2615,2567) [filtered=902]
cnt=1 s1=fng (2617,2588) [filtered=902]
cnt=1 s1=fng (2618,2608) [filtered=902]
cnt=1 s0=fng (2686,2564) [filtered=902]
cnt=1 s0=fng (2685,2561) [filtered=902]
cnt=2 s0=PALM(2684,2554) s1=PALM(3385,2058) [filtered=903]
cnt=2 s0=PALM(2681,2536) s1=PALM(3386,2051) [filtered=904]
cnt=2 s0=PALM(2680,2518) s1=PALM(3386,2044) [filtered=905]
cnt=2 s0=PALM(2678,2490) s1=PALM(3387,2031) [filtered=906]
cnt=2 s0=PALM(2676,2454) s1=PALM(3390,2012) [filtered=907]
cnt=2 s0=PALM(2675,2410) s1=PALM(3395,1987) [filtered=908]
cnt=2 s0=PALM(2674,2358) s1=PALM(3401,1955) [filtered=909]
cnt=2 s0=PALM(2674,2307) s1=PALM(3405,1924) [filtered=910]
cnt=2 s0=PALM(2675,2251) s1=fng (3412,1886) [filtered=911]
cnt=2 s0=PALM(2678,2190) s1=fng (3421,1843) [filtered=912]
cnt=2 s0=PALM(2682,2124) s1=fng (3432,1795) [filtered=913]
cnt=2 s0=PALM(2687,2056) s1=fng (3444,1744) [filtered=914]
cnt=2 s0=PALM(2691,1988) s1=fng (3456,1693) [filtered=915]
cnt=2 s0=PALM(2697,1919) s1=fng (3470,1639) [filtered=916]
cnt=2 s0=fng (2703,1850) s1=fng (3485,1583) [filtered=916]
cnt=2 s0=fng (2710,1782) s1=fng (3501,1527) [filtered=916]
cnt=2 s0=fng (2716,1715) s1=fng (3516,1472) [filtered=916]
cnt=2 s0=fng (2724,1652) s1=fng (3531,1419) [filtered=916]
cnt=2 s0=fng (2733,1590) s1=fng (3546,1367) [filtered=916]
cnt=2 s0=fng (2742,1529) s1=fng (3561,1316) [filtered=916]
cnt=2 s0=fng (2751,1470) s1=fng (3576,1267) [filtered=916]
cnt=2 s0=fng (2759,1412) s1=fng (3590,1219) [filtered=916]
cnt=2 s0=fng (2768,1356) s1=fng (3605,1170) [filtered=916]
cnt=2 s0=fng (2778,1300) s1=fng (3619,1123) [filtered=916]
cnt=2 s0=fng (2789,1246) s1=fng (3632,1078) [filtered=916]
cnt=2 s0=fng (2799,1193) s1=fng (3644,1034) [filtered=916]
cnt=2 s0=fng (2809,1141) s1=fng (3656,992) [filtered=916]
cnt=2 s0=fng (2820,1092) s1=fng (3667,952) [filtered=916]
cnt=2 s0=fng (2831,1044) s1=fng (3678,913) [filtered=916]
cnt=2 s0=fng (2843,998) s1=fng (3688,876) [filtered=916]
cnt=2 s0=fng (2854,953) s1=fng (3697,840) [filtered=916]
cnt=2 s0=fng (2866,910) s1=fng (3706,805) [filtered=916]
cnt=2 s0=fng (2878,869) s1=fng (3715,772) [filtered=916]
cnt=2 s0=fng (2889,829) s1=fng (3724,740) [filtered=916]
cnt=2 s0=fng (2900,791) s1=fng (3733,708) [filtered=916]
cnt=2 s0=fng (2910,754) s1=fng (3741,677) [filtered=916]
cnt=2 s0=fng (2919,719) s1=fng (3748,648) [filtered=916]
cnt=2 s0=fng (2929,686) s1=fng (3755,620) [filtered=916]
cnt=2 s0=fng (2938,655) s1=fng (3762,594) [filtered=916]
cnt=2 s0=fng (2946,624) s1=fng (3768,568) [filtered=916]
cnt=2 s0=fng (2954,596) s1=fng (3773,544) [filtered=916]
cnt=2 s0=fng (2963,570) s1=fng (3777,521) [filtered=916]
cnt=2 s0=fng (2972,547) s1=fng (3781,501) [filtered=916]
cnt=2 s0=fng (2980,527) s1=fng (3785,482) [filtered=916]
cnt=2 s0=fng (2987,507) s1=fng (3788,463) [filtered=916]
cnt=2 s0=fng (2992,491) s1=fng (3790,446) [filtered=916]
cnt=2 s0=fng (2996,477) s1=fng (3790,430) [filtered=916]
cnt=1 s1=fng (3789,422) [filtered=916]
cnt=1 s1=fng (3789,412) [filtered=916]
cnt=1 s0=fng (2544,2066) [filtered=916]
cnt=1 s0=fng (2544,2063) [filtered=916]
cnt=2 s0=PALM(2543,2056) s1=fng (3210,1513) [filtered=917]
cnt=2 s0=PALM(2543,2051) s1=fng (3210,1513) [filtered=918]
cnt=2 s0=PALM(2542,2036) s1=fng (3210,1512) [filtered=919]
cnt=2 s0=PALM(2541,2015) s1=fng (3210,1509) [filtered=920]
cnt=2 s0=PALM(2541,1989) s1=fng (3211,1502) [filtered=921]
cnt=2 s0=PALM(2542,1958) s1=fng (3213,1491) [filtered=922]
cnt=2 s0=PALM(2542,1928) s1=fng (3214,1480) [filtered=923]
cnt=2 s0=fng (2544,1894) s1=fng (3217,1466) [filtered=923]
cnt=2 s0=fng (2546,1856) s1=fng (3221,1449) [filtered=923]
cnt=2 s0=fng (2550,1815) s1=fng (3226,1429) [filtered=923]
cnt=2 s0=fng (2552,1774) s1=fng (3230,1409) [filtered=923]
cnt=2 s0=fng (2556,1733) s1=fng (3236,1387) [filtered=923]
cnt=2 s0=fng (2561,1688) s1=fng (3243,1361) [filtered=923]
cnt=2 s0=fng (2566,1640) s1=fng (3252,1331) [filtered=923]
cnt=2 s0=fng (2572,1590) s1=fng (3261,1298) [filtered=923]
cnt=2 s0=fng (2577,1540) s1=fng (3270,1265) [filtered=923]
cnt=2 s0=fng (2583,1488) s1=fng (3281,1228) [filtered=923]
cnt=2 s0=fng (2590,1434) s1=fng (3293,1188) [filtered=923]
cnt=2 s0=fng (2598,1378) s1=fng (3305,1147) [filtered=923]
cnt=2 s0=fng (2607,1321) s1=fng (3318,1103) [filtered=923]
cnt=2 s0=fng (2615,1264) s1=fng (3330,1060) [filtered=923]
cnt=2 s0=fng (2624,1207) s1=fng (3342,1016) [filtered=923]
cnt=2 s0=fng (2633,1150) s1=fng (3354,972) [filtered=923]
cnt=2 s0=fng (2642,1093) s1=fng (3366,928) [filtered=923]
cnt=2 s0=fng (2650,1037) s1=fng (3377,884) [filtered=923]
cnt=2 s0=fng (2659,981) s1=fng (3388,841) [filtered=923]
cnt=2 s0=fng (2668,927) s1=fng (3399,800) [filtered=923]
cnt=2 s0=fng (2677,875) s1=fng (3410,759) [filtered=923]
cnt=2 s0=fng (2686,826) s1=fng (3421,719) [filtered=923]
cnt=2 s0=fng (2695,778) s1=fng (3431,680) [filtered=923]
cnt=2 s0=fng (2704,731) s1=fng (3440,641) [filtered=923]
cnt=2 s0=fng (2713,686) s1=fng (3450,602) [filtered=923]
cnt=2 s0=fng (2722,642) s1=fng (3459,565) [filtered=923]
cnt=2 s0=fng (2730,599) s1=fng (3467,529) [filtered=923]
cnt=2 s0=fng (2739,558) s1=fng (3475,494) [filtered=923]
cnt=2 s0=fng (2748,518) s1=fng (3484,459) [filtered=923]
cnt=2 s0=fng (2757,480) s1=fng (3493,426) [filtered=923]
cnt=2 s0=fng (2765,443) s1=fng (3501,394) [filtered=923]
cnt=2 s0=fng (2772,407) s1=fng (3508,363) [filtered=923]
cnt=2 s0=fng (2778,374) s1=fng (3515,335) [filtered=923]
cnt=2 s0=fng (2784,344) s1=fng (3521,309) [filtered=923]
cnt=2 s0=fng (2790,316) s1=fng (3526,286) [filtered=923]
cnt=2 s0=fng (2795,292) s1=fng (3531,265) [filtered=923]
cnt=2 s0=fng (2799,268) s1=fng (3535,245) [filtered=923]
cnt=2 s0=fng (2803,247) s1=fng (3539,228) [filtered=923]
cnt=2 s0=fng (2807,229) s1=fng (3542,213) [filtered=923]
cnt=2 s0=fng (2811,213) s1=fng (3544,201) [filtered=923]
cnt=2 s0=fng (2814,201) s1=fng (3546,190) [filtered=923]
cnt=2 s0=fng (2816,189) s1=fng (3547,179) [filtered=923]
cnt=2 s0=fng (2817,179) s1=fng (3548,170) [filtered=923]
cnt=2 s0=fng (2819,171) s1=fng (3549,162) [filtered=923]
cnt=2 s0=fng (2821,164) s1=fng (3550,156) [filtered=923]
cnt=2 s0=fng (2822,157) s1=fng (3551,150) [filtered=923]
cnt=2 s0=fng (2822,153) s1=fng (3551,144) [filtered=923]
cnt=2 s0=fng (2822,150) s1=fng (3551,139) [filtered=923]
cnt=2 s0=fng (2822,148) s1=fng (3551,135) [filtered=923]
cnt=1 s1=fng (3551,133) [filtered=923]
cnt=1 s1=fng (3551,131) [filtered=923]
cnt=1 s1=fng (3551,130) [filtered=923]
cnt=1 s1=fng (3551,130) [filtered=923]
cnt=1 s0=fng (3211,1743) [filtered=923]
cnt=1 s0=fng (3211,1742) [filtered=923]
cnt=1 s0=fng (3211,1742) [filtered=923]
cnt=2 s0=fng (3211,1742) s1=PALM(2484,2055) [filtered=924]
cnt=2 s0=fng (3211,1741) s1=PALM(2484,2054) [filtered=925]
cnt=2 s0=fng (3211,1740) s1=PALM(2483,2053) [filtered=926]
cnt=2 s0=fng (3211,1738) s1=PALM(2483,2051) [filtered=927]
cnt=2 s0=fng (3211,1737) s1=PALM(2483,2050) [filtered=928]
cnt=2 s0=fng (3211,1734) s1=PALM(2483,2047) [filtered=929]
cnt=2 s0=fng (3212,1730) s1=PALM(2483,2040) [filtered=930]
cnt=2 s0=fng (3213,1723) s1=PALM(2483,2029) [filtered=931]
cnt=2 s0=fng (3213,1716) s1=PALM(2483,2018) [filtered=932]
cnt=2 s0=fng (3214,1707) s1=PALM(2484,2005) [filtered=933]
cnt=2 s0=fng (3216,1695) s1=PALM(2485,1990) [filtered=934]
cnt=2 s0=fng (3218,1681) s1=PALM(2486,1973) [filtered=935]
cnt=2 s0=fng (3220,1664) s1=PALM(2487,1953) [filtered=936]
cnt=2 s0=fng (3221,1648) s1=PALM(2488,1934) [filtered=937]
cnt=2 s0=fng (3223,1631) s1=PALM(2489,1913) [filtered=938]
cnt=2 s0=fng (3226,1612) s1=fng (2491,1889) [filtered=938]
cnt=2 s0=fng (3230,1591) s1=fng (2493,1862) [filtered=938]
cnt=2 s0=fng (3235,1565) s1=fng (2496,1828) [filtered=938]
cnt=2 s0=fng (3239,1540) s1=fng (2498,1795) [filtered=938]
cnt=2 s0=fng (3244,1511) s1=fng (2502,1757) [filtered=938]
cnt=2 s0=fng (3250,1478) s1=fng (2506,1714) [filtered=938]
cnt=2 s0=fng (3257,1441) s1=fng (2511,1667) [filtered=938]
cnt=2 s0=fng (3264,1404) s1=fng (2515,1620) [filtered=938]
cnt=2 s0=fng (3272,1363) s1=fng (2519,1569) [filtered=938]
cnt=2 s0=fng (3281,1319) s1=fng (2524,1516) [filtered=938]
cnt=2 s0=fng (3290,1273) s1=fng (2529,1461) [filtered=938]
cnt=2 s0=fng (3299,1224) s1=fng (2535,1405) [filtered=938]
cnt=2 s0=fng (3307,1175) s1=fng (2541,1349) [filtered=938]
cnt=2 s0=fng (3316,1126) s1=fng (2548,1292) [filtered=938]
cnt=2 s0=fng (3325,1075) s1=fng (2555,1235) [filtered=938]
cnt=2 s0=fng (3334,1023) s1=fng (2563,1177) [filtered=938]
cnt=2 s0=fng (3343,971) s1=fng (2571,1119) [filtered=938]
cnt=2 s0=fng (3352,919) s1=fng (2579,1061) [filtered=938]
cnt=2 s0=fng (3361,868) s1=fng (2588,1004) [filtered=938]
cnt=2 s0=fng (3370,817) s1=fng (2597,947) [filtered=938]
cnt=2 s0=fng (3380,767) s1=fng (2606,891) [filtered=938]
cnt=2 s0=fng (3389,718) s1=fng (2614,836) [filtered=938]
cnt=2 s0=fng (3399,669) s1=fng (2623,781) [filtered=938]
cnt=2 s0=fng (3408,620) s1=fng (2633,727) [filtered=938]
cnt=2 s0=fng (3418,573) s1=fng (2644,674) [filtered=938]
cnt=2 s0=fng (3428,528) s1=fng (2655,624) [filtered=938]
cnt=2 s0=fng (3437,484) s1=fng (2665,575) [filtered=938]
cnt=2 s0=fng (3446,441) s1=fng (2676,527) [filtered=938]
cnt=2 s0=fng (3455,401) s1=fng (2687,482) [filtered=938]
cnt=2 s0=fng (3464,365) s1=fng (2698,441) [filtered=938]
cnt=2 s0=fng (3472,333) s1=fng (2708,404) [filtered=938]
cnt=2 s0=fng (3479,302) s1=fng (2718,368) [filtered=938]
cnt=2 s0=fng (3486,275) s1=fng (2727,336) [filtered=938]
cnt=2 s0=fng (3492,252) s1=fng (2736,307) [filtered=938]
cnt=2 s0=fng (3497,232) s1=fng (2744,283) [filtered=938]
cnt=2 s0=fng (3501,216) s1=fng (2751,263) [filtered=938]
cnt=2 s0=fng (3504,200) s1=fng (2757,244) [filtered=938]
cnt=2 s0=fng (3506,187) s1=fng (2762,229) [filtered=938]
cnt=2 s0=fng (3507,177) s1=fng (2767,217) [filtered=938]
cnt=2 s0=fng (3508,169) s1=fng (2772,209) [filtered=938]
cnt=2 s0=fng (3509,161) s1=fng (2776,201) [filtered=938]
cnt=2 s0=fng (3510,155) s1=fng (2779,194) [filtered=938]
cnt=1 s0=fng (3511,151) [filtered=938]
cnt=1 s0=fng (3512,145) [filtered=938]
cnt=1 s0=fng (3244,1913) [filtered=938]
cnt=2 s0=PALM(3244,1913) s1=PALM(2552,2275) [filtered=939]
cnt=2 s0=PALM(3244,1913) s1=PALM(2552,2275) [filtered=940]
cnt=2 s0=PALM(3244,1912) s1=PALM(2552,2275) [filtered=941]
cnt=2 s0=PALM(3244,1911) s1=PALM(2552,2274) [filtered=942]
cnt=2 s0=PALM(3244,1909) s1=PALM(2552,2272) [filtered=943]
cnt=2 s0=PALM(3245,1906) s1=PALM(2552,2269) [filtered=944]
cnt=2 s0=PALM(3245,1904) s1=PALM(2552,2267) [filtered=945]
cnt=2 s0=fng (3246,1897) s1=PALM(2552,2259) [filtered=946]
cnt=2 s0=fng (3248,1886) s1=PALM(2551,2247) [filtered=947]
cnt=2 s0=fng (3250,1873) s1=PALM(2551,2230) [filtered=948]
cnt=2 s0=fng (3252,1856) s1=PALM(2550,2210) [filtered=949]
cnt=2 s0=fng (3253,1840) s1=PALM(2550,2191) [filtered=950]
cnt=2 s0=fng (3255,1822) s1=PALM(2550,2169) [filtered=951]
cnt=2 s0=fng (3257,1801) s1=PALM(2549,2144) [filtered=952]
cnt=2 s0=fng (3260,1778) s1=PALM(2548,2115) [filtered=953]
cnt=2 s0=fng (3262,1756) s1=PALM(2547,2086) [filtered=954]
cnt=2 s0=fng (3265,1731) s1=PALM(2546,2053) [filtered=955]
cnt=2 s0=fng (3268,1702) s1=PALM(2545,2016) [filtered=956]
cnt=2 s0=fng (3272,1670) s1=PALM(2544,1975) [filtered=957]
cnt=2 s0=fng (3276,1636) s1=PALM(2543,1931) [filtered=958]
cnt=2 s0=fng (3279,1602) s1=fng (2543,1887) [filtered=958]
cnt=2 s0=fng (3283,1565) s1=fng (2542,1841) [filtered=958]
cnt=2 s0=fng (3287,1526) s1=fng (2542,1793) [filtered=958]
cnt=2 s0=fng (3291,1486) s1=fng (2541,1744) [filtered=958]
cnt=2 s0=fng (3294,1447) s1=fng (2541,1695) [filtered=958]
cnt=2 s0=fng (3297,1407) s1=fng (2541,1645) [filtered=958]
cnt=2 s0=fng (3301,1366) s1=fng (2541,1594) [filtered=958]
cnt=2 s0=fng (3305,1325) s1=fng (2542,1543) [filtered=958]
cnt=2 s0=fng (3309,1284) s1=fng (2543,1492) [filtered=958]
cnt=2 s0=fng (3312,1244) s1=fng (2543,1441) [filtered=958]
cnt=2 s0=fng (3315,1203) s1=fng (2545,1389) [filtered=958]
cnt=2 s0=fng (3320,1161) s1=fng (2548,1337) [filtered=958]
cnt=2 s0=fng (3325,1118) s1=fng (2552,1284) [filtered=958]
cnt=2 s0=fng (3330,1073) s1=fng (2556,1231) [filtered=958]
cnt=2 s0=fng (3334,1029) s1=fng (2559,1178) [filtered=958]
cnt=2 s0=fng (3340,982) s1=fng (2564,1125) [filtered=958]
cnt=2 s0=fng (3346,934) s1=fng (2569,1072) [filtered=958]
cnt=2 s0=fng (3352,886) s1=fng (2576,1018) [filtered=958]
cnt=2 s0=fng (3357,839) s1=fng (2582,965) [filtered=958]
cnt=2 s0=fng (3364,792) s1=fng (2589,912) [filtered=958]
cnt=2 s0=fng (3372,745) s1=fng (2597,859) [filtered=958]
cnt=2 s0=fng (3380,699) s1=fng (2606,807) [filtered=958]
cnt=2 s0=fng (3388,654) s1=fng (2615,757) [filtered=958]
cnt=2 s0=fng (3395,610) s1=fng (2624,708) [filtered=958]
cnt=2 s0=fng (3403,569) s1=fng (2633,661) [filtered=958]
cnt=2 s0=fng (3411,529) s1=fng (2642,616) [filtered=958]
cnt=2 s0=fng (3418,492) s1=fng (2651,573) [filtered=958]
cnt=2 s0=fng (3425,459) s1=fng (2660,533) [filtered=958]
cnt=2 s0=fng (3431,427) s1=fng (2669,494) [filtered=958]
cnt=2 s0=fng (3437,398) s1=fng (2678,459) [filtered=958]
cnt=2 s0=fng (3442,373) s1=fng (2686,429) [filtered=958]
cnt=2 s0=fng (3447,351) s1=fng (2693,404) [filtered=958]
cnt=2 s0=fng (3451,329) s1=fng (2699,379) [filtered=958]
cnt=2 s0=fng (3454,311) s1=fng (2704,359) [filtered=958]
cnt=2 s0=fng (3456,296) s1=fng (2708,343) [filtered=958]
cnt=2 s0=fng (3457,284) s1=fng (2713,331) [filtered=958]
cnt=2 s0=fng (3457,276) s1=fng (2715,323) [filtered=958]
cnt=2 s0=fng (3457,268) s1=fng (2717,315) [filtered=958]
cnt=2 s0=fng (3458,262) s1=fng (2718,309) [filtered=958]
cnt=2 s0=fng (3459,258) s1=fng (2719,305) [filtered=958]
cnt=1 s0=fng (3460,256) [filtered=958]
cnt=1 s0=fng (3461,255) [filtered=958]
cnt=1 s0=fng (3461,255) [filtered=958]
cnt=1 s0=fng (3461,255) [filtered=958]
cnt=1 s0=fng (3193,1908) [filtered=958]
cnt=2 s0=PALM(3193,1908) s1=PALM(2518,2263) [filtered=959]
cnt=2 s0=PALM(3193,1908) s1=PALM(2518,2263) [filtered=960]
cnt=2 s0=PALM(3193,1907) s1=PALM(2517,2262) [filtered=961]
cnt=2 s0=PALM(3193,1906) s1=PALM(2517,2261) [filtered=962]
cnt=2 s0=PALM(3193,1903) s1=PALM(2516,2259) [filtered=963]
cnt=2 s0=PALM(3194,1899) s1=PALM(2515,2253) [filtered=964]
cnt=2 s0=fng (3194,1896) s1=PALM(2515,2247) [filtered=965]
cnt=2 s0=fng (3195,1889) s1=PALM(2514,2237) [filtered=966]
cnt=2 s0=fng (3196,1878) s1=PALM(2512,2224) [filtered=967]
cnt=2 s0=fng (3198,1865) s1=PALM(2511,2208) [filtered=968]
cnt=2 s0=fng (3200,1848) s1=PALM(2509,2189) [filtered=969]
cnt=2 s0=fng (3201,1832) s1=PALM(2508,2170) [filtered=970]
cnt=2 s0=fng (3203,1815) s1=PALM(2507,2149) [filtered=971]
cnt=2 s0=fng (3206,1796) s1=PALM(2506,2126) [filtered=972]
cnt=2 s0=fng (3209,1775) s1=PALM(2506,2100) [filtered=973]
cnt=2 s0=fng (3211,1755) s1=PALM(2506,2075) [filtered=974]
cnt=2 s0=fng (3214,1733) s1=PALM(2506,2047) [filtered=975]
cnt=2 s0=fng (3218,1708) s1=PALM(2506,2016) [filtered=976]
cnt=2 s0=fng (3222,1681) s1=PALM(2506,1982) [filtered=977]
cnt=2 s0=fng (3227,1653) s1=PALM(2507,1945) [filtered=978]
cnt=2 s0=fng (3230,1625) s1=PALM(2507,1908) [filtered=979]
cnt=2 s0=fng (3235,1595) s1=fng (2508,1869) [filtered=979]
cnt=2 s0=fng (3240,1564) s1=fng (2510,1828) [filtered=979]
cnt=2 s0=fng (3245,1533) s1=fng (2512,1786) [filtered=979]
cnt=2 s0=fng (3249,1503) s1=fng (2513,1745) [filtered=979]
cnt=2 s0=fng (3253,1471) s1=fng (2515,1702) [filtered=979]
cnt=2 s0=fng (3258,1438) s1=fng (2518,1658) [filtered=979]
cnt=2 s0=fng (3263,1405) s1=fng (2522,1614) [filtered=979]
cnt=2 s0=fng (3268,1371) s1=fng (2526,1570) [filtered=979]
cnt=2 s0=fng (3272,1338) s1=fng (2529,1527) [filtered=979]
cnt=2 s0=fng (3277,1303) s1=fng (2533,1483) [filtered=979]
cnt=2 s0=fng (3282,1266) s1=fng (2538,1440) [filtered=979]
cnt=2 s0=fng (3288,1228) s1=fng (2543,1397) [filtered=979]
cnt=2 s0=fng (3293,1191) s1=fng (2547,1355) [filtered=979]
cnt=2 s0=fng (3299,1152) s1=fng (2552,1312) [filtered=979]
cnt=2 s0=fng (3305,1111) s1=fng (2557,1269) [filtered=979]
cnt=2 s0=fng (3311,1070) s1=fng (2563,1226) [filtered=979]
cnt=2 s0=fng (3317,1029) s1=fng (2570,1183) [filtered=979]
cnt=2 s0=fng (3323,989) s1=fng (2576,1141) [filtered=979]
cnt=2 s0=fng (3329,948) s1=fng (2583,1100) [filtered=979]
cnt=2 s0=fng (3335,909) s1=fng (2590,1059) [filtered=979]
cnt=2 s0=fng (3341,871) s1=fng (2597,1018) [filtered=979]
cnt=2 s0=fng (3348,834) s1=fng (2604,979) [filtered=979]
cnt=2 s0=fng (3354,798) s1=fng (2611,941) [filtered=979]
cnt=2 s0=fng (3360,762) s1=fng (2618,904) [filtered=979]
cnt=2 s0=fng (3366,728) s1=fng (2625,868) [filtered=979]
cnt=2 s0=fng (3372,695) s1=fng (2633,832) [filtered=979]
cnt=2 s0=fng (3377,663) s1=fng (2641,798) [filtered=979]
cnt=2 s0=fng (3381,632) s1=fng (2649,765) [filtered=979]
cnt=2 s0=fng (3386,603) s1=fng (2657,734) [filtered=979]
cnt=2 s0=fng (3391,575) s1=fng (2664,706) [filtered=979]
cnt=2 s0=fng (3396,550) s1=fng (2671,680) [filtered=979]
cnt=2 s0=fng (3400,526) s1=fng (2677,654) [filtered=979]
cnt=2 s0=fng (3404,504) s1=fng (2682,631) [filtered=979]
cnt=2 s0=fng (3408,484) s1=fng (2686,611) [filtered=979]
cnt=2 s0=fng (3412,466) s1=fng (2691,595) [filtered=979]
cnt=2 s0=fng (3415,450) s1=fng (2696,582) [filtered=979]
cnt=2 s0=fng (3417,434) s1=fng (2700,569) [filtered=979]
cnt=2 s0=fng (3419,420) s1=fng (2703,558) [filtered=979]
cnt=2 s0=fng (3421,408) s1=fng (2705,550) [filtered=979]
cnt=2 s0=fng (3424,398) s1=fng (2707,543) [filtered=979]
cnt=1 s0=fng (2529,1046) [filtered=979]
cnt=1 s0=fng (2529,1047) [filtered=979]
cnt=1 s0=fng (2529,1048) [filtered=979]
cnt=1 s0=fng (2529,1050) [filtered=979]
cnt=1 s0=fng (2529,1051) [filtered=979]
cnt=1 s0=fng (2529,1055) [filtered=979]
cnt=1 s0=fng (2528,1062) [filtered=979]
cnt=1 s0=fng (2526,1073) [filtered=979]
cnt=1 s0=fng (2524,1089) [filtered=979]
cnt=1 s0=fng (2523,1104) [filtered=979]
cnt=1 s0=fng (2520,1123) [filtered=979]
cnt=1 s0=fng (2516,1147) [filtered=979]
cnt=1 s0=fng (2510,1176) [filtered=979]
cnt=1 s0=fng (2503,1209) [filtered=979]
cnt=1 s0=fng (2498,1242) [filtered=979]
cnt=1 s0=fng (2492,1279) [filtered=979]
cnt=1 s0=fng (2485,1320) [filtered=979]
cnt=1 s0=fng (2477,1363) [filtered=979]
cnt=1 s0=fng (2470,1405) [filtered=979]
cnt=1 s0=fng (2462,1448) [filtered=979]
cnt=1 s0=fng (2454,1491) [filtered=979]
cnt=1 s0=fng (2446,1534) [filtered=979]
cnt=1 s0=fng (2438,1576) [filtered=979]
cnt=1 s0=fng (2430,1617) [filtered=979]
cnt=1 s0=fng (2422,1658) [filtered=979]
cnt=1 s0=fng (2414,1699) [filtered=979]
cnt=1 s0=fng (2406,1738) [filtered=979]
cnt=1 s0=fng (2398,1776) [filtered=979]
cnt=1 s0=fng (2391,1813) [filtered=979]
cnt=1 s0=fng (2383,1850) [filtered=979]
cnt=1 s0=fng (2375,1884) [filtered=979]
cnt=1 s0=fng (2367,1917) [filtered=979]
cnt=1 s0=fng (2360,1949) [filtered=979]
cnt=1 s0=fng (2353,1979) [filtered=979]
cnt=1 s0=fng (2345,2008) [filtered=979]
cnt=1 s0=fng (2338,2037) [filtered=979]
cnt=1 s0=fng (2331,2064) [filtered=979]
cnt=1 s0=fng (2325,2090) [filtered=979]
cnt=1 s0=fng (2319,2115) [filtered=979]
cnt=1 s0=fng (2312,2139) [filtered=979]
cnt=1 s0=fng (2306,2163) [filtered=979]
cnt=1 s0=fng (2301,2186) [filtered=979]
cnt=1 s0=fng (2297,2208) [filtered=979]
cnt=1 s0=fng (2292,2229) [filtered=979]
cnt=1 s0=fng (2287,2249) [filtered=979]
cnt=1 s0=fng (2283,2269) [filtered=979]
cnt=1 s0=fng (2280,2289) [filtered=979]
cnt=1 s0=fng (2277,2308) [filtered=979]
cnt=1 s0=fng (2275,2326) [filtered=979]
cnt=1 s0=fng (2274,2344) [filtered=979]
cnt=1 s0=fng (2274,2361) [filtered=979]
cnt=1 s0=fng (2274,2377) [filtered=979]
cnt=1 s0=fng (2274,2393) [filtered=979]
cnt=1 s0=fng (2274,2407) [filtered=979]
