touchpad: x[0..4762] y[0..3099] res=32,32 slots=5
palm: bottom_zone=1200 edge_left=476 edge_right=4285 spread=400
virtual device created: ASUF1209 Palm Filtered Touchpad
grabbed source device (exclusive)
cnt=1 s0=fng (589,2624) [filtered=0]
cnt=1 s0=fng (589,2624) [filtered=0]
cnt=1 s0=fng (589,2624) [filtered=0]
cnt=1 s0=fng (589,2624) [filtered=0]
cnt=1 s0=fng (589,2624) [filtered=0]
cnt=1 s0=fng (589,2624) [filtered=0]
cnt=1 s0=fng (589,2624) [filtered=0]
cnt=1 s0=fng (589,2624) [filtered=0]
cnt=1 s0=fng (589,2624) [filtered=0]
cnt=1 s0=fng (589,2624) [filtered=0]
cnt=1 s0=fng (589,2624) [filtered=0]
cnt=1 s0=fng (589,2624) [filtered=0]
cnt=1 s0=fng (589,2624) [filtered=0]
cnt=1 s0=fng (589,2624) [filtered=0]
cnt=1 s0=fng (589,2624) [filtered=0]
cnt=1 s0=fng (589,2624) [filtered=0]
cnt=1 s0=fng (589,2625) [filtered=0]
click: x=589 -> zone=0x110
cnt=1 s0=fng (589,2625) [filtered=0]
cnt=1 s0=fng (589,2626) [filtered=0]
cnt=1 s0=fng (589,2626) [filtered=0]
cnt=1 s0=fng (589,2626)* [filtered=0]
cnt=1 s0=fng (589,2627)* [filtered=0]
cnt=1 s0=fng (589,2628)* [filtered=0]
cnt=1 s0=fng (589,2628)* [filtered=0]
cnt=1 s0=fng (589,2628)* [filtered=0]
cnt=1 s0=fng (589,2629)* [filtered=0]
cnt=1 s0=fng (589,2631)* [filtered=0]
cnt=1 s0=fng (589,2632)* [filtered=0]
cnt=1 s0=fng (588,2634)* [filtered=0]
cnt=1 s0=fng (588,2635)* [filtered=0]
cnt=1 s0=fng (587,2636)* [filtered=0]
cnt=1 s0=fng (587,2637)* [filtered=0]
cnt=1 s0=fng (586,2639)* [filtered=0]
cnt=1 s0=fng (586,2640)* [filtered=0]
cnt=1 s0=fng (586,2641)* [filtered=0]
cnt=1 s0=fng (585,2643)* [filtered=0]
cnt=1 s0=fng (585,2644)* [filtered=0]
cnt=1 s0=fng (584,2646)* [filtered=0]
cnt=1 s0=fng (584,2647)* [filtered=0]
cnt=1 s0=fng (583,2648)* [filtered=0]
cnt=1 s0=fng (583,2649)* [filtered=0]
cnt=1 s0=fng (582,2650)* [filtered=0]
cnt=1 s0=fng (582,2651)* [filtered=0]
cnt=1 s0=fng (582,2652)* [filtered=0]
cnt=1 s0=fng (581,2652)* [filtered=0]
cnt=1 s0=fng (581,2653)* [filtered=0]
cnt=1 s0=fng (581,2653)* [filtered=0]
cnt=1 s0=fng (581,2653)* [filtered=0]
cnt=1 s0=fng (581,2653)* [filtered=0]
cnt=1 s0=fng (581,2653)* [filtered=0]
cnt=1 s0=fng (581,2653)* [filtered=0]
cnt=1 s0=fng (581,2653)* [filtered=0]
cnt=1 s0=fng (581,2653)* [filtered=0]
cnt=1 s0=fng (581,2653)* [filtered=0]
cnt=1 s0=fng (581,2653)* [filtered=0]
cnt=1 s0=fng (581,2653)* [filtered=0]
cnt=1 s0=fng (581,2653)* [filtered=0]
cnt=1 s0=fng (581,2653)* [filtered=0]
cnt=1 s0=fng (581,2653)* [filtered=0]
cnt=1 s0=fng (582,2653)* [filtered=0]
cnt=1 s0=fng (583,2653)* [filtered=0]
cnt=1 s0=fng (584,2652)* [filtered=0]
cnt=1 s0=fng (584,2652)* [filtered=0]
cnt=1 s0=fng (585,2652)* [filtered=0]
cnt=1 s0=fng (586,2651)* [filtered=0]
cnt=1 s0=fng (588,2650)* [filtered=0]
cnt=1 s0=fng (589,2650)* [filtered=0]
cnt=1 s0=fng (591,2649)* [filtered=0]
cnt=1 s0=fng (593,2648)* [filtered=0]
cnt=1 s0=fng (594,2647)* [filtered=0]
cnt=1 s0=fng (596,2646)* [filtered=0]
cnt=1 s0=fng (597,2645)* [filtered=0]
cnt=1 s0=fng (598,2644)* [filtered=0]
cnt=1 s0=fng (599,2643)* [filtered=0]
cnt=1 s0=fng (600,2642)* [filtered=0]
cnt=1 s0=fng (601,2641)* [filtered=0]
click: x=602 -> zone=0x110
cnt=1 s0=fng (602,2640)* [filtered=0]
cnt=1 s0=fng (603,2639)* [filtered=0]
cnt=1 s0=fng (604,2638)* [filtered=0]
cnt=1 s0=fng (604,2637)* [filtered=0]
cnt=1 s0=fng (604,2637)* [filtered=0]
cnt=1 s0=fng (605,2636)* [filtered=0]
cnt=1 s0=fng (605,2636)* [filtered=0]
cnt=1 s0=fng (606,2635)* [filtered=0]
cnt=1 s0=fng (607,2634)* [filtered=0]
cnt=1 s0=fng (607,2634)* [filtered=0]
cnt=1 s0=fng (607,2634)* [filtered=0]
cnt=1 s0=fng (608,2634)* [filtered=0]
cnt=1 s0=fng (608,2634)* [filtered=0]
cnt=1 s0=fng (609,2634)* [filtered=0]
cnt=1 s0=fng (609,2634)* [filtered=0]
cnt=1 s0=fng (609,2634)* [filtered=0]
cnt=1 s0=fng (610,2634)* [filtered=0]
cnt=1 s0=fng (610,2634)* [filtered=0]
cnt=1 s0=fng (610,2634)* [filtered=0]
cnt=1 s0=fng (610,2634)* [filtered=0]
cnt=1 s0=fng (611,2634)* [filtered=0]
cnt=1 s0=fng (611,2634)* [filtered=0]
cnt=1 s0=fng (611,2634)* [filtered=0]
cnt=1 s0=fng (611,2634)* [filtered=0]
cnt=1 s0=fng (612,2634)* [filtered=0]
cnt=1 s0=fng (612,2633)* [filtered=0]
cnt=1 s0=fng (613,2633)* [filtered=0]
cnt=1 s0=fng (613,2632)* [filtered=0]
cnt=1 s0=fng (613,2632)* [filtered=0]
cnt=1 s0=fng (614,2632)* [filtered=0]
cnt=1 s0=fng (615,2631)* [filtered=0]
cnt=1 s0=fng (616,2630)* [filtered=0]
cnt=1 s0=fng (616,2630)* [filtered=0]
cnt=1 s0=fng (617,2630)* [filtered=0]
cnt=1 s0=fng (618,2629)* [filtered=0]
cnt=1 s0=fng (619,2629)* [filtered=0]
cnt=1 s0=fng (620,2628)* [filtered=0]
cnt=1 s0=fng (620,2628)* [filtered=0]
cnt=1 s0=fng (620,2628)* [filtered=0]
cnt=1 s0=fng (621,2627)* [filtered=0]
cnt=1 s0=fng (621,2626)* [filtered=0]
cnt=1 s0=fng (622,2626)* [filtered=0]
cnt=1 s0=fng (622,2626)* [filtered=0]
cnt=1 s0=fng (622,2625)* [filtered=0]
click: x=623 -> zone=0x110
cnt=1 s0=fng (623,2625)* [filtered=0]
cnt=1 s0=fng (623,2625)* [filtered=0]
cnt=1 s0=fng (623,2625)* [filtered=0]
cnt=1 s0=fng (623,2625)* [filtered=0]
cnt=1 s0=fng (623,2625)* [filtered=0]
cnt=1 s0=fng (623,2625)* [filtered=0]
cnt=1 s0=fng (623,2625)* [filtered=0]
cnt=1 s0=fng (623,2625)* [filtered=0]
cnt=1 s0=fng (623,2625)* [filtered=0]
cnt=1 s0=fng (623,2625)* [filtered=0]
cnt=1 s0=fng (623,2625)* [filtered=0]
cnt=1 s0=fng (623,2625)* [filtered=0]
cnt=1 s0=fng (623,2625)* [filtered=0]
cnt=1 s0=fng (623,2625)* [filtered=0]
cnt=1 s0=fng (623,2625)* [filtered=0]
cnt=1 s0=fng (623,2625)* [filtered=0]
cnt=1 s0=fng (623,2625)* [filtered=0]
cnt=1 s0=fng (623,2625)* [filtered=0]
cnt=1 s0=fng (623,2625)* [filtered=0]
cnt=1 s0=fng (623,2625)* [filtered=0]
cnt=1 s0=fng (623,2625)* [filtered=0]
cnt=1 s0=fng (623,2625)* [filtered=0]
cnt=1 s0=fng (623,2625)* [filtered=0]
cnt=1 s0=fng (623,2625)* [filtered=0]
cnt=1 s0=fng (623,2625)* [filtered=0]
cnt=1 s0=fng (623,2625)* [filtered=0]
cnt=1 s0=fng (623,2625)* [filtered=0]
cnt=1 s0=fng (624,2625)* [filtered=0]
cnt=1 s0=fng (625,2625)* [filtered=0]
cnt=1 s0=fng (625,2625)* [filtered=0]
cnt=1 s0=fng (626,2625)* [filtered=0]
cnt=1 s0=fng (626,2625)* [filtered=0]
cnt=1 s0=fng (627,2625)* [filtered=0]
cnt=1 s0=fng (628,2625)* [filtered=0]
cnt=1 s0=fng (629,2625)* [filtered=0]
cnt=1 s0=fng (629,2625)* [filtered=0]
cnt=1 s0=fng (630,2625)* [filtered=0]
cnt=1 s0=fng (631,2625)* [filtered=0]
cnt=1 s0=fng (632,2625)* [filtered=0]
cnt=1 s0=fng (633,2625)* [filtered=0]
cnt=1 s0=fng (634,2625)* [filtered=0]
cnt=1 s0=fng (635,2625)* [filtered=0]
cnt=1 s0=fng (636,2625)* [filtered=0]
cnt=1 s0=fng (638,2625)* [filtered=0]
cnt=1 s0=fng (640,2625)* [filtered=0]
cnt=1 s0=fng (641,2625)* [filtered=0]
cnt=1 s0=fng (642,2625)* [filtered=0]
cnt=1 s0=fng (644,2625)* [filtered=0]
cnt=1 s0=fng (1717,2938) [filtered=0]
cnt=1 s0=fng (1717,2938) [filtered=0]
cnt=1 s0=fng (1717,2938) [filtered=0]
cnt=1 s0=fng (1718,2938) [filtered=0]
cnt=1 s0=fng (1718,2938) [filtered=0]
cnt=1 s0=fng (1719,2938) [filtered=0]
cnt=1 s0=fng (1719,2938) [filtered=0]
cnt=1 s0=fng (1719,2938) [filtered=0]
cnt=1 s0=fng (1720,2938) [filtered=0]
cnt=1 s0=fng (1720,2938) [filtered=0]
cnt=1 s0=fng (1721,2938) [filtered=0]
cnt=1 s0=fng (1721,2938) [filtered=0]
cnt=1 s0=fng (1722,2938) [filtered=0]
cnt=1 s0=fng (1722,2938) [filtered=0]
cnt=1 s0=fng (1723,2938) [filtered=0]
cnt=1 s0=fng (1723,2938) [filtered=0]
cnt=1 s0=fng (1723,2938) [filtered=0]
cnt=1 s0=fng (1724,2938) [filtered=0]
cnt=1 s0=fng (1724,2938) [filtered=0]
cnt=1 s0=fng (1725,2938) [filtered=0]
cnt=1 s0=fng (1725,2938)* [filtered=0]
cnt=1 s0=fng (1725,2937)* [filtered=0]
cnt=1 s0=fng (1726,2937)* [filtered=0]
cnt=1 s0=fng (1727,2937)* [filtered=0]
cnt=1 s0=fng (1727,2936)* [filtered=0]
click: x=1727 -> zone=0x110
cnt=1 s0=fng (1727,2936)* [filtered=0]
cnt=1 s0=fng (1727,2936)* [filtered=0]
cnt=1 s0=fng (1727,2935)* [filtered=0]
cnt=1 s0=fng (1728,2934)* [filtered=0]
cnt=1 s0=fng (1728,2933)* [filtered=0]
cnt=1 s0=fng (1728,2933)* [filtered=0]
cnt=1 s0=fng (1729,2932)* [filtered=0]
cnt=1 s0=fng (1729,2932)* [filtered=0]
cnt=1 s0=fng (1730,2931)* [filtered=0]
cnt=1 s0=fng (1730,2931)* [filtered=0]
cnt=1 s0=fng (1731,2931)* [filtered=0]
cnt=1 s0=fng (1731,2930)* [filtered=0]
cnt=1 s0=fng (1732,2930)* [filtered=0]
cnt=1 s0=fng (1732,2929)* [filtered=0]
cnt=1 s0=fng (1732,2929)* [filtered=0]
cnt=1 s0=fng (1733,2928)* [filtered=0]
cnt=1 s0=fng (1733,2928)* [filtered=0]
cnt=1 s0=fng (1734,2927)* [filtered=0]
cnt=1 s0=fng (1735,2927)* [filtered=0]
cnt=1 s0=fng (1735,2927)* [filtered=0]
cnt=1 s0=fng (1735,2927)* [filtered=0]
cnt=1 s0=fng (1735,2927)* [filtered=0]
cnt=1 s0=fng (1735,2927)* [filtered=0]
cnt=1 s0=fng (1735,2927)* [filtered=0]
cnt=1 s0=fng (1735,2927)* [filtered=0]
cnt=1 s0=fng (1735,2927)* [filtered=0]
cnt=1 s0=fng (1735,2927)* [filtered=0]
cnt=1 s0=fng (1735,2927)* [filtered=0]
cnt=1 s0=fng (1735,2927)* [filtered=0]
cnt=1 s0=fng (1735,2927)* [filtered=0]
cnt=1 s0=fng (1735,2927)* [filtered=0]
cnt=1 s0=fng (1735,2927)* [filtered=0]
cnt=1 s0=fng (1735,2927)* [filtered=0]
cnt=1 s0=fng (1735,2927)* [filtered=0]
cnt=1 s0=fng (1735,2927)* [filtered=0]
cnt=1 s0=fng (1735,2927)* [filtered=0]
cnt=1 s0=fng (1736,2927)* [filtered=0]
cnt=1 s0=fng (1736,2927)* [filtered=0]
cnt=1 s0=fng (1736,2927)* [filtered=0]
cnt=1 s0=fng (1737,2927)* [filtered=0]
cnt=1 s0=fng (1737,2927)* [filtered=0]
cnt=1 s0=fng (1738,2927)* [filtered=0]
cnt=1 s0=fng (1738,2927)* [filtered=0]
cnt=1 s0=fng (1739,2926)* [filtered=0]
cnt=1 s0=fng (1740,2926)* [filtered=0]
cnt=1 s0=fng (1742,2925)* [filtered=0]
cnt=1 s0=fng (1744,2924)* [filtered=0]
cnt=1 s0=fng (1745,2924)* [filtered=0]
cnt=1 s0=fng (1746,2924)* [filtered=0]
cnt=1 s0=fng (1747,2923)* [filtered=0]
cnt=1 s0=fng (1749,2923)* [filtered=0]
cnt=1 s0=fng (1750,2923)* [filtered=0]
cnt=1 s0=fng (1751,2922)* [filtered=0]
cnt=1 s0=fng (1752,2922)* [filtered=0]
cnt=1 s0=fng (1753,2921)* [filtered=0]
cnt=1 s0=fng (1754,2920)* [filtered=0]
cnt=1 s0=fng (1754,2920)* [filtered=0]
cnt=1 s0=fng (1755,2920)* [filtered=0]
cnt=1 s0=fng (1756,2919)* [filtered=0]
cnt=1 s0=fng (1757,2919)* [filtered=0]
cnt=1 s0=fng (1757,2918)* [filtered=0]
cnt=1 s0=fng (1757,2918)* [filtered=0]
cnt=1 s0=fng (1758,2917)* [filtered=0]
cnt=1 s0=fng (1758,2917)* [filtered=0]
cnt=1 s0=fng (1758,2916)* [filtered=0]
click: x=1758 -> zone=0x110
cnt=1 s0=fng (1758,2916)* [filtered=0]
cnt=1 s0=fng (1758,2916)* [filtered=0]
cnt=1 s0=fng (1758,2915)* [filtered=0]
cnt=1 s0=fng (1758,2915)* [filtered=0]
cnt=1 s0=fng (1758,2915)* [filtered=0]
cnt=1 s0=fng (1758,2915)* [filtered=0]
cnt=1 s0=fng (1758,2915)* [filtered=0]
cnt=1 s0=fng (1758,2915)* [filtered=0]
cnt=1 s0=fng (1758,2915)* [filtered=0]
cnt=1 s0=fng (1758,2915)* [filtered=0]
cnt=1 s0=fng (1758,2915)* [filtered=0]
cnt=1 s0=fng (1758,2915)* [filtered=0]
cnt=1 s0=fng (1758,2915)* [filtered=0]
cnt=1 s0=fng (1758,2915)* [filtered=0]
cnt=1 s0=fng (1758,2915)* [filtered=0]
cnt=1 s0=fng (1758,2915)* [filtered=0]
cnt=1 s0=fng (1758,2915)* [filtered=0]
cnt=1 s0=fng (1758,2915)* [filtered=0]
cnt=1 s0=fng (1758,2915)* [filtered=0]
cnt=1 s0=fng (1758,2915)* [filtered=0]
cnt=1 s0=fng (1758,2915)* [filtered=0]
cnt=1 s0=fng (1758,2915)* [filtered=0]
cnt=1 s0=fng (1758,2915)* [filtered=0]
cnt=1 s0=fng (1758,2915)* [filtered=0]
cnt=1 s0=fng (1758,2915)* [filtered=0]
cnt=1 s0=fng (1758,2915)* [filtered=0]
cnt=1 s0=fng (1758,2915)* [filtered=0]
cnt=1 s0=fng (1758,2915)* [filtered=0]
cnt=1 s0=fng (1758,2915)* [filtered=0]
cnt=1 s0=fng (1758,2915)* [filtered=0]
cnt=1 s0=fng (1758,2915)* [filtered=0]
cnt=1 s0=fng (1758,2915)* [filtered=0]
cnt=1 s0=fng (1758,2915)* [filtered=0]
cnt=1 s0=fng (1758,2915)* [filtered=0]
cnt=1 s0=fng (1758,2915)* [filtered=0]
cnt=1 s0=fng (1758,2915)* [filtered=0]
cnt=1 s0=fng (1758,2915)* [filtered=0]
cnt=1 s0=fng (1758,2915)* [filtered=0]
cnt=1 s0=fng (1758,2915)* [filtered=0]
cnt=1 s0=fng (1758,2915)* [filtered=0]
cnt=1 s0=fng (1758,2915)* [filtered=0]
cnt=1 s0=fng (1758,2915)* [filtered=0]
cnt=1 s0=fng (1758,2915)* [filtered=0]
cnt=1 s0=fng (1758,2915)* [filtered=0]
cnt=1 s0=fng (1758,2915)* [filtered=0]
cnt=1 s0=fng (1758,2915)* [filtered=0]
cnt=1 s0=fng (1758,2915)* [filtered=0]
cnt=1 s0=fng (1758,2915)* [filtered=0]
cnt=1 s0=fng (1758,2915)* [filtered=0]
cnt=1 s0=fng (1758,2915)* [filtered=0]
cnt=1 s0=fng (1758,2915)* [filtered=0]
cnt=1 s0=fng (1758,2915)* [filtered=0]
cnt=1 s0=fng (1758,2915)* [filtered=0]
cnt=1 s0=fng (1758,2915)* [filtered=0]
cnt=1 s0=fng (1758,2915)* [filtered=0]
cnt=1 s0=fng (1758,2915)* [filtered=0]
cnt=1 s0=fng (1758,2915)* [filtered=0]
cnt=1 s0=fng (1758,2915)* [filtered=0]
cnt=1 s0=fng (1758,2915)* [filtered=0]
click: x=1758 -> zone=0x110
cnt=1 s0=fng (1758,2915)* [filtered=0]
cnt=1 s0=fng (1758,2915)* [filtered=0]
cnt=1 s0=fng (1758,2915)* [filtered=0]
cnt=1 s0=fng (1758,2915)* [filtered=0]
cnt=1 s0=fng (1758,2915)* [filtered=0]
cnt=1 s0=fng (1758,2915)* [filtered=0]
cnt=1 s0=fng (1758,2915)* [filtered=0]
cnt=1 s0=fng (1758,2915)* [filtered=0]
cnt=1 s0=fng (1758,2915)* [filtered=0]
cnt=1 s0=fng (1758,2915)* [filtered=0]
cnt=1 s0=fng (1758,2915)* [filtered=0]
cnt=1 s0=fng (1758,2915)* [filtered=0]
cnt=1 s0=fng (1758,2915)* [filtered=0]
cnt=1 s0=fng (1758,2915)* [filtered=0]
cnt=1 s0=fng (1758,2915)* [filtered=0]
cnt=1 s0=fng (1758,2915)* [filtered=0]
cnt=1 s0=fng (1758,2915)* [filtered=0]
cnt=1 s0=fng (1758,2915)* [filtered=0]
cnt=1 s0=fng (1758,2915)* [filtered=0]
cnt=1 s0=fng (1758,2915)* [filtered=0]
cnt=1 s0=fng (1758,2915)* [filtered=0]
cnt=1 s0=fng (1758,2915)* [filtered=0]
cnt=1 s0=fng (1758,2915)* [filtered=0]
cnt=1 s0=fng (1758,2915)* [filtered=0]
cnt=1 s0=fng (1758,2915)* [filtered=0]
cnt=1 s0=fng (1758,2915)* [filtered=0]
cnt=1 s0=fng (1758,2915)* [filtered=0]
cnt=1 s0=fng (1758,2915)* [filtered=0]
cnt=1 s0=fng (1758,2915)* [filtered=0]
cnt=1 s0=fng (1758,2915)* [filtered=0]
cnt=1 s0=fng (1758,2915)* [filtered=0]
cnt=1 s0=fng (1758,2915)* [filtered=0]
cnt=1 s0=fng (1758,2915)* [filtered=0]
cnt=1 s0=fng (1758,2915)* [filtered=0]
cnt=1 s0=fng (1758,2915)* [filtered=0]
cnt=1 s0=fng (1758,2915)* [filtered=0]
cnt=1 s0=fng (1758,2915)* [filtered=0]
cnt=1 s0=fng (1758,2915)* [filtered=0]
cnt=1 s0=fng (1758,2915)* [filtered=0]
cnt=1 s0=fng (1758,2915)* [filtered=0]
cnt=1 s0=fng (1758,2915)* [filtered=0]
cnt=1 s0=fng (1758,2915)* [filtered=0]
cnt=1 s0=fng (1758,2915)* [filtered=0]
cnt=1 s0=fng (1758,2915)* [filtered=0]
cnt=1 s0=fng (1758,2915)* [filtered=0]
cnt=1 s0=fng (1758,2915)* [filtered=0]
cnt=1 s0=fng (1758,2915)* [filtered=0]
cnt=1 s0=fng (1758,2915)* [filtered=0]
cnt=1 s0=fng (1758,2915)* [filtered=0]
cnt=1 s0=fng (1758,2915)* [filtered=0]
cnt=1 s0=fng (1758,2915)* [filtered=0]
cnt=1 s0=fng (1758,2915)* [filtered=0]
cnt=1 s0=fng (1758,2915)* [filtered=0]
cnt=1 s0=fng (1758,2915)* [filtered=0]
cnt=1 s0=fng (1758,2915)* [filtered=0]
cnt=1 s0=fng (1758,2915)* [filtered=0]
cnt=1 s0=fng (1758,2915)* [filtered=0]
cnt=1 s0=fng (1758,2915)* [filtered=0]
cnt=1 s0=fng (1758,2915)* [filtered=0]
cnt=1 s0=fng (1758,2915)* [filtered=0]
cnt=1 s0=fng (1758,2915)* [filtered=0]
cnt=1 s0=fng (1758,2915)* [filtered=0]
cnt=1 s0=fng (1758,2915)* [filtered=0]
cnt=1 s0=fng (1758,2915)* [filtered=0]
cnt=1 s0=fng (1758,2915)* [filtered=0]
cnt=1 s0=fng (1758,2915)* [filtered=0]
cnt=2 s0=PALM(1758,2915)* s1=PALM(3275,2837) [filtered=1]
cnt=2 s0=PALM(1757,2915)* s1=PALM(3275,2836) [filtered=2]
cnt=2 s0=PALM(1757,2915)* s1=PALM(3275,2836) [filtered=3]
cnt=2 s0=PALM(1756,2915)* s1=PALM(3275,2836) [filtered=4]
cnt=2 s0=PALM(1755,2915)* s1=PALM(3274,2835) [filtered=5]
cnt=2 s0=PALM(1753,2915)* s1=PALM(3273,2834) [filtered=6]
cnt=2 s0=PALM(1752,2915)* s1=PALM(3273,2834) [filtered=7]
cnt=2 s0=PALM(1751,2914)* s1=PALM(3273,2834) [filtered=8]
cnt=2 s0=PALM(1749,2913)* s1=PALM(3272,2833) [filtered=9]
cnt=2 s0=PALM(1747,2913)* s1=PALM(3272,2833) [filtered=10]
cnt=1 s1=fng (3271,2832) [filtered=10]
cnt=1 s1=fng (3271,2832) [filtered=10]
cnt=1 s1=fng (3271,2832) [filtered=10]
cnt=1 s1=fng (3271,2832) [filtered=10]
cnt=1 s1=fng (3271,2832) [filtered=10]
click: x=3271 -> zone=0x111
cnt=1 s1=fng (3271,2832) [filtered=10]
cnt=1 s1=fng (3271,2832) [filtered=10]
cnt=1 s1=fng (3271,2832) [filtered=10]
cnt=1 s1=fng (3271,2832) [filtered=10]
cnt=1 s1=fng (3271,2832) [filtered=10]
cnt=1 s1=fng (3271,2832)* [filtered=10]
cnt=1 s1=fng (3271,2832)* [filtered=10]
cnt=1 s1=fng (3271,2832)* [filtered=10]
cnt=1 s1=fng (3271,2832)* [filtered=10]
cnt=1 s1=fng (3271,2832)* [filtered=10]
cnt=1 s1=fng (3271,2832)* [filtered=10]
cnt=1 s1=fng (3271,2832)* [filtered=10]
cnt=1 s1=fng (3271,2832)* [filtered=10]
cnt=1 s1=fng (3271,2832)* [filtered=10]
cnt=1 s1=fng (3271,2832)* [filtered=10]
cnt=1 s1=fng (3271,2832)* [filtered=10]
cnt=1 s1=fng (3271,2832)* [filtered=10]
cnt=1 s1=fng (3271,2832)* [filtered=10]
cnt=1 s1=fng (3271,2832)* [filtered=10]
cnt=1 s1=fng (3271,2832)* [filtered=10]
cnt=1 s1=fng (3271,2832)* [filtered=10]
cnt=1 s1=fng (3271,2832)* [filtered=10]
cnt=1 s1=fng (3271,2832)* [filtered=10]
cnt=1 s1=fng (3271,2832)* [filtered=10]
cnt=1 s1=fng (3271,2832)* [filtered=10]
cnt=1 s1=fng (3271,2832)* [filtered=10]
cnt=1 s1=fng (3271,2832)* [filtered=10]
cnt=1 s1=fng (3271,2832)* [filtered=10]
cnt=1 s1=fng (3271,2832)* [filtered=10]
cnt=1 s1=fng (3271,2832)* [filtered=10]
cnt=1 s1=fng (3271,2832)* [filtered=10]
cnt=1 s1=fng (3271,2832)* [filtered=10]
cnt=1 s1=fng (3271,2831)* [filtered=10]
cnt=1 s1=fng (3271,2831)* [filtered=10]
cnt=1 s1=fng (3271,2830)* [filtered=10]
cnt=1 s1=fng (3271,2830)* [filtered=10]
cnt=1 s1=fng (3271,2830)* [filtered=10]
cnt=1 s1=fng (3271,2830)* [filtered=10]
cnt=1 s1=fng (3271,2830)* [filtered=10]
cnt=1 s1=fng (3271,2830)* [filtered=10]
cnt=1 s1=fng (3271,2830)* [filtered=10]
cnt=1 s1=fng (3271,2830)* [filtered=10]
cnt=1 s1=fng (3271,2830)* [filtered=10]
cnt=1 s1=fng (3271,2830)* [filtered=10]
cnt=1 s1=fng (3271,2830)* [filtered=10]
cnt=1 s1=fng (3271,2830)* [filtered=10]
cnt=1 s1=fng (3271,2830)* [filtered=10]
cnt=1 s1=fng (3271,2830)* [filtered=10]
cnt=1 s1=fng (3271,2830)* [filtered=10]
cnt=1 s1=fng (3271,2830)* [filtered=10]
cnt=1 s1=fng (3271,2830)* [filtered=10]
cnt=1 s1=fng (3271,2830)* [filtered=10]
cnt=1 s1=fng (3271,2830)* [filtered=10]
cnt=1 s1=fng (3271,2830)* [filtered=10]
cnt=1 s1=fng (3271,2830)* [filtered=10]
cnt=1 s1=fng (3271,2830)* [filtered=10]
cnt=1 s1=fng (3271,2830)* [filtered=10]
cnt=1 s1=fng (3271,2830)* [filtered=10]
cnt=1 s1=fng (3271,2830)* [filtered=10]
cnt=1 s1=fng (3271,2830)* [filtered=10]
cnt=1 s1=fng (3271,2830)* [filtered=10]
cnt=1 s1=fng (3271,2830)* [filtered=10]
cnt=1 s1=fng (3271,2830)* [filtered=10]
cnt=1 s1=fng (3271,2830)* [filtered=10]
cnt=1 s1=fng (3271,2830)* [filtered=10]
cnt=1 s1=fng (3271,2830)* [filtered=10]
click: x=3271 -> zone=0x111
cnt=1 s1=fng (3271,2830)* [filtered=10]
cnt=1 s1=fng (3271,2830)* [filtered=10]
cnt=1 s1=fng (3271,2830)* [filtered=10]
cnt=1 s1=fng (3271,2830)* [filtered=10]
cnt=1 s1=fng (3271,2830)* [filtered=10]
cnt=1 s1=fng (3271,2830)* [filtered=10]
cnt=1 s1=fng (3271,2830)* [filtered=10]
cnt=1 s1=fng (3271,2830)* [filtered=10]
cnt=1 s1=fng (3271,2830)* [filtered=10]
cnt=1 s1=fng (3271,2830)* [filtered=10]
cnt=1 s1=fng (3271,2830)* [filtered=10]
cnt=1 s1=fng (3271,2830)* [filtered=10]
cnt=1 s1=fng (3271,2830)* [filtered=10]
cnt=1 s1=fng (3271,2830)* [filtered=10]
cnt=1 s1=fng (3271,2830)* [filtered=10]
cnt=1 s1=fng (3271,2830)* [filtered=10]
cnt=1 s1=fng (3271,2830)* [filtered=10]
cnt=1 s1=fng (3271,2830)* [filtered=10]
cnt=1 s1=fng (3271,2830)* [filtered=10]
cnt=1 s1=fng (3271,2830)* [filtered=10]
cnt=1 s1=fng (3271,2830)* [filtered=10]
cnt=1 s1=fng (3271,2830)* [filtered=10]
cnt=1 s1=fng (3271,2830)* [filtered=10]
cnt=1 s1=fng (3271,2830)* [filtered=10]
cnt=1 s1=fng (3271,2830)* [filtered=10]
cnt=1 s1=fng (3271,2830)* [filtered=10]
cnt=1 s1=fng (3271,2830)* [filtered=10]
cnt=1 s1=fng (3271,2830)* [filtered=10]
cnt=1 s1=fng (3271,2830)* [filtered=10]
cnt=1 s1=fng (3271,2830)* [filtered=10]
cnt=1 s1=fng (3271,2830)* [filtered=10]
cnt=1 s1=fng (3271,2830)* [filtered=10]
cnt=1 s1=fng (3271,2830)* [filtered=10]
cnt=1 s1=fng (3271,2830)* [filtered=10]
cnt=1 s1=fng (3271,2830)* [filtered=10]
cnt=1 s1=fng (3271,2830)* [filtered=10]
cnt=1 s1=fng (3271,2830)* [filtered=10]
cnt=1 s1=fng (3271,2830)* [filtered=10]
cnt=1 s1=fng (3271,2830)* [filtered=10]
cnt=1 s1=fng (3271,2830)* [filtered=10]
cnt=1 s1=fng (3271,2830)* [filtered=10]
cnt=1 s1=fng (3271,2830)* [filtered=10]
cnt=1 s1=fng (3271,2830)* [filtered=10]
cnt=1 s1=fng (3271,2830)* [filtered=10]
cnt=1 s1=fng (3271,2830)* [filtered=10]
cnt=1 s1=fng (3271,2830)* [filtered=10]
cnt=1 s1=fng (3271,2830)* [filtered=10]
cnt=1 s1=fng (3271,2830)* [filtered=10]
click: x=3271 -> zone=0x111
cnt=1 s1=fng (3271,2830)* [filtered=10]
cnt=1 s1=fng (3271,2830)* [filtered=10]
cnt=1 s1=fng (3271,2830)* [filtered=10]
cnt=1 s1=fng (3271,2830)* [filtered=10]
cnt=1 s1=fng (3271,2830)* [filtered=10]
cnt=1 s1=fng (3271,2830)* [filtered=10]
cnt=1 s1=fng (3271,2830)* [filtered=10]
cnt=1 s1=fng (3271,2830)* [filtered=10]
cnt=1 s1=fng (3271,2830)* [filtered=10]
cnt=1 s1=fng (3271,2830)* [filtered=10]
cnt=1 s1=fng (3271,2830)* [filtered=10]
cnt=1 s1=fng (3271,2830)* [filtered=10]
cnt=1 s1=fng (3271,2830)* [filtered=10]
cnt=1 s1=fng (3271,2830)* [filtered=10]
cnt=1 s1=fng (3271,2830)* [filtered=10]
cnt=1 s1=fng (3271,2830)* [filtered=10]
cnt=1 s1=fng (3271,2830)* [filtered=10]
cnt=1 s1=fng (3271,2831)* [filtered=10]
cnt=1 s1=fng (3271,2831)* [filtered=10]
cnt=1 s1=fng (3270,2832)* [filtered=10]
cnt=1 s1=fng (3269,2833)* [filtered=10]
cnt=1 s1=fng (3268,2835)* [filtered=10]
cnt=1 s0=fng (2614,2951) [filtered=10]
click: x=2614 -> zone=0x112
cnt=1 s0=fng (2614,2951) [filtered=10]
cnt=1 s0=fng (2614,2950) [filtered=10]
cnt=1 s0=fng (2613,2948) [filtered=10]
cnt=1 s0=fng (2612,2946) [filtered=10]
cnt=1 s0=fng (2611,2944) [filtered=10]
cnt=1 s0=fng (2610,2943) [filtered=10]
cnt=1 s0=fng (2609,2941) [filtered=10]
cnt=1 s0=fng (2608,2939) [filtered=10]
cnt=1 s0=fng (2608,2937) [filtered=10]
cnt=1 s0=fng (2607,2935) [filtered=10]
cnt=1 s0=fng (2607,2934) [filtered=10]
cnt=1 s0=fng (2607,2933) [filtered=10]
cnt=1 s0=fng (2606,2932) [filtered=10]
cnt=1 s0=fng (2606,2931) [filtered=10]
cnt=1 s0=fng (2606,2930) [filtered=10]
cnt=1 s0=fng (2606,2929) [filtered=10]
cnt=1 s0=fng (2606,2928) [filtered=10]
cnt=1 s0=fng (2606,2927) [filtered=10]
cnt=1 s0=fng (2606,2926) [filtered=10]
cnt=1 s0=fng (2606,2925)* [filtered=10]
cnt=1 s0=fng (2606,2924)* [filtered=10]
cnt=1 s0=fng (2606,2923)* [filtered=10]
cnt=1 s0=fng (2606,2922)* [filtered=10]
cnt=1 s0=fng (2606,2921)* [filtered=10]
cnt=1 s0=fng (2606,2921)* [filtered=10]
cnt=1 s0=fng (2606,2920)* [filtered=10]
cnt=1 s0=fng (2605,2919)* [filtered=10]
cnt=1 s0=fng (2604,2918)* [filtered=10]
cnt=1 s0=fng (2604,2917)* [filtered=10]
cnt=1 s0=fng (2603,2916)* [filtered=10]
cnt=1 s0=fng (2602,2915)* [filtered=10]
cnt=1 s0=fng (2601,2914)* [filtered=10]
cnt=1 s0=fng (2600,2913)* [filtered=10]
cnt=1 s0=fng (2600,2912)* [filtered=10]
cnt=1 s0=fng (2599,2911)* [filtered=10]
cnt=1 s0=fng (2598,2910)* [filtered=10]
cnt=1 s0=fng (2597,2909)* [filtered=10]
cnt=1 s0=fng (2596,2909)* [filtered=10]
cnt=1 s0=fng (2595,2909)* [filtered=10]
cnt=1 s0=fng (2594,2908)* [filtered=10]
cnt=1 s0=fng (2594,2908)* [filtered=10]
cnt=1 s0=fng (2593,2907)* [filtered=10]
cnt=1 s0=fng (2593,2907)* [filtered=10]
cnt=1 s0=fng (2592,2907)* [filtered=10]
cnt=1 s0=fng (2592,2906)* [filtered=10]
cnt=1 s0=fng (2591,2905)* [filtered=10]
cnt=1 s0=fng (2591,2905)* [filtered=10]
cnt=1 s0=fng (2591,2905)* [filtered=10]
cnt=1 s0=fng (2591,2904)* [filtered=10]
cnt=1 s0=fng (2591,2904)* [filtered=10]
cnt=1 s0=fng (2591,2904)* [filtered=10]
cnt=1 s0=fng (2591,2904)* [filtered=10]
cnt=1 s0=fng (2591,2904)* [filtered=10]
cnt=1 s0=fng (2591,2904)* [filtered=10]
cnt=1 s0=fng (2591,2903)* [filtered=10]
cnt=1 s0=fng (2591,2903)* [filtered=10]
cnt=1 s0=fng (2591,2903)* [filtered=10]
click: x=2591 -> zone=0x112
cnt=1 s0=fng (2591,2903)* [filtered=10]
cnt=1 s0=fng (2591,2903)* [filtered=10]
cnt=1 s0=fng (2591,2903)* [filtered=10]
cnt=1 s0=fng (2591,2903)* [filtered=10]
cnt=1 s0=fng (2591,2903)* [filtered=10]
cnt=1 s0=fng (2591,2903)* [filtered=10]
cnt=1 s0=fng (2591,2903)* [filtered=10]
cnt=1 s0=fng (2591,2903)* [filtered=10]
cnt=1 s0=fng (2591,2903)* [filtered=10]
cnt=1 s0=fng (2591,2903)* [filtered=10]
cnt=1 s0=fng (2591,2903)* [filtered=10]
cnt=1 s0=fng (2591,2903)* [filtered=10]
cnt=1 s0=fng (2591,2903)* [filtered=10]
cnt=1 s0=fng (2591,2903)* [filtered=10]
cnt=1 s0=fng (2591,2903)* [filtered=10]
cnt=1 s0=fng (2591,2903)* [filtered=10]
cnt=1 s0=fng (2591,2903)* [filtered=10]
cnt=1 s0=fng (2591,2903)* [filtered=10]
cnt=1 s0=fng (2591,2903)* [filtered=10]
cnt=1 s0=fng (2591,2903)* [filtered=10]
cnt=1 s0=fng (2591,2903)* [filtered=10]
cnt=1 s0=fng (2591,2903)* [filtered=10]
cnt=1 s0=fng (2591,2903)* [filtered=10]
cnt=1 s0=fng (2591,2903)* [filtered=10]
cnt=1 s0=fng (2591,2903)* [filtered=10]
cnt=1 s0=fng (2591,2903)* [filtered=10]
cnt=1 s0=fng (2591,2903)* [filtered=10]
cnt=1 s0=fng (2591,2903)* [filtered=10]
cnt=1 s0=fng (2591,2903)* [filtered=10]
cnt=1 s0=fng (2591,2903)* [filtered=10]
cnt=1 s0=fng (2591,2903)* [filtered=10]
cnt=1 s0=fng (2591,2903)* [filtered=10]
cnt=1 s0=fng (2591,2903)* [filtered=10]
cnt=1 s0=fng (2591,2903)* [filtered=10]
cnt=1 s0=fng (2591,2903)* [filtered=10]
cnt=1 s0=fng (2591,2903)* [filtered=10]
cnt=1 s0=fng (2591,2903)* [filtered=10]
cnt=1 s0=fng (2591,2903)* [filtered=10]
cnt=1 s0=fng (2591,2903)* [filtered=10]
cnt=1 s0=fng (2591,2903)* [filtered=10]
cnt=1 s0=fng (2591,2903)* [filtered=10]
cnt=1 s0=fng (2591,2903)* [filtered=10]
cnt=1 s0=fng (2591,2903)* [filtered=10]
cnt=1 s0=fng (2591,2903)* [filtered=10]
cnt=1 s0=fng (2591,2903)* [filtered=10]
cnt=1 s0=fng (2591,2903)* [filtered=10]
cnt=1 s0=fng (2591,2903)* [filtered=10]
cnt=1 s0=fng (2591,2903)* [filtered=10]
cnt=1 s0=fng (2591,2903)* [filtered=10]
cnt=1 s0=fng (2591,2903)* [filtered=10]
cnt=1 s0=fng (2591,2903)* [filtered=10]
cnt=1 s0=fng (2591,2903)* [filtered=10]
cnt=1 s0=fng (2591,2903)* [filtered=10]
click: x=2592 -> zone=0x112
cnt=1 s0=fng (2592,2903)* [filtered=10]
cnt=1 s0=fng (2592,2903)* [filtered=10]
cnt=1 s0=fng (2592,2903)* [filtered=10]
cnt=1 s0=fng (2593,2903)* [filtered=10]
cnt=1 s0=fng (2594,2903)* [filtered=10]
cnt=1 s0=fng (2594,2903)* [filtered=10]
cnt=1 s0=fng (2595,2903)* [filtered=10]
cnt=1 s0=fng (2595,2903)* [filtered=10]
cnt=1 s0=fng (2595,2903)* [filtered=10]
cnt=1 s0=fng (2596,2903)* [filtered=10]
cnt=1 s0=fng (2596,2903)* [filtered=10]
cnt=1 s0=fng (2597,2903)* [filtered=10]
cnt=1 s0=fng (2597,2903)* [filtered=10]
cnt=1 s0=fng (2598,2903)* [filtered=10]
cnt=1 s0=fng (2598,2903)* [filtered=10]
cnt=1 s0=fng (2598,2903)* [filtered=10]
cnt=1 s0=fng (2598,2903)* [filtered=10]
cnt=1 s0=fng (2598,2904)* [filtered=10]
cnt=1 s0=fng (2599,2905)* [filtered=10]
cnt=1 s0=fng (2600,2906)* [filtered=10]
cnt=1 s0=fng (2601,2907)* [filtered=10]
cnt=1 s0=fng (2601,2908)* [filtered=10]
cnt=2 s0=PALM(2602,2909)* s1=PALM(2072,2902) [filtered=11]
cnt=1 s1=fng (2073,2901) [filtered=11]
cnt=1 s1=fng (2074,2900) [filtered=11]
cnt=1 s1=fng (2075,2900) [filtered=11]
cnt=1 s1=fng (2075,2900) [filtered=11]
cnt=1 s1=fng (2076,2899) [filtered=11]
cnt=1 s1=fng (2077,2898) [filtered=11]
cnt=1 s1=fng (2077,2897) [filtered=11]
cnt=1 s1=fng (2077,2897) [filtered=11]
cnt=1 s1=fng (2078,2897) [filtered=11]
cnt=1 s1=fng (2078,2896) [filtered=11]
cnt=1 s1=fng (2079,2896) [filtered=11]
cnt=1 s1=fng (2079,2895) [filtered=11]
cnt=1 s1=fng (2079,2895) [filtered=11]
cnt=1 s1=fng (2080,2894) [filtered=11]
cnt=1 s1=fng (2081,2894) [filtered=11]
cnt=1 s1=fng (2081,2893) [filtered=11]
cnt=1 s1=fng (2082,2893) [filtered=11]
cnt=1 s1=fng (2082,2893) [filtered=11]
cnt=1 s1=fng (2082,2892) [filtered=11]
cnt=1 s1=fng (2083,2892)* [filtered=11]
cnt=1 s1=fng (2083,2891)* [filtered=11]
cnt=1 s1=fng (2083,2891)* [filtered=11]
cnt=1 s1=fng (2084,2890)* [filtered=11]
cnt=1 s1=fng (2086,2889)* [filtered=11]
click: x=2088 -> zone=0x112
cnt=1 s1=fng (2088,2887) [filtered=11]
cnt=1 s1=fng (2089,2886) [filtered=11]
cnt=1 s1=fng (2090,2885) [filtered=11]
cnt=1 s1=fng (2091,2884) [filtered=11]
cnt=1 s1=fng (2093,2883) [filtered=11]
cnt=1 s1=fng (2094,2882) [filtered=11]
cnt=1 s1=fng (2095,2881) [filtered=11]
cnt=1 s1=fng (2096,2881) [filtered=11]
cnt=1 s1=fng (2097,2880) [filtered=11]
cnt=1 s1=fng (2098,2879) [filtered=11]
cnt=1 s1=fng (2099,2878) [filtered=11]
cnt=1 s1=fng (2100,2878) [filtered=11]
cnt=1 s1=fng (2101,2877) [filtered=11]
cnt=1 s1=fng (2102,2877) [filtered=11]
cnt=1 s1=fng (2103,2876) [filtered=11]
cnt=1 s1=fng (2104,2875) [filtered=11]
cnt=1 s1=fng (2104,2875) [filtered=11]
cnt=1 s1=fng (2105,2875) [filtered=11]
cnt=1 s1=fng (2106,2874) [filtered=11]
cnt=1 s1=fng (2107,2874) [filtered=11]
cnt=1 s1=fng (2108,2873)* [filtered=11]
cnt=1 s1=fng (2109,2873)* [filtered=11]
cnt=1 s1=fng (2110,2873)* [filtered=11]
cnt=1 s1=fng (2110,2872)* [filtered=11]
cnt=1 s1=fng (2111,2871)* [filtered=11]
cnt=1 s1=fng (2111,2871)* [filtered=11]
cnt=1 s1=fng (2112,2871)* [filtered=11]
cnt=1 s1=fng (2112,2870)* [filtered=11]
cnt=1 s1=fng (2113,2870)* [filtered=11]
cnt=1 s1=fng (2113,2870)* [filtered=11]
cnt=1 s1=fng (2113,2870)* [filtered=11]
cnt=1 s1=fng (2113,2870)* [filtered=11]
cnt=1 s1=fng (2113,2870)* [filtered=11]
cnt=1 s1=fng (2113,2870)* [filtered=11]
cnt=1 s1=fng (2113,2870)* [filtered=11]
cnt=1 s1=fng (2113,2870)* [filtered=11]
cnt=1 s1=fng (2113,2870)* [filtered=11]
cnt=1 s1=fng (2113,2870)* [filtered=11]
cnt=1 s1=fng (2113,2870)* [filtered=11]
cnt=1 s1=fng (2113,2870)* [filtered=11]
cnt=1 s1=fng (2113,2870)* [filtered=11]
cnt=1 s1=fng (2113,2870)* [filtered=11]
cnt=1 s1=fng (2113,2870)* [filtered=11]
cnt=1 s1=fng (2113,2870)* [filtered=11]
cnt=1 s1=fng (2113,2870)* [filtered=11]
cnt=1 s1=fng (2113,2870)* [filtered=11]
cnt=1 s1=fng (2113,2870)* [filtered=11]
cnt=1 s1=fng (2113,2870)* [filtered=11]
cnt=1 s1=fng (2114,2870)* [filtered=11]
cnt=1 s1=fng (2114,2870)* [filtered=11]
cnt=1 s1=fng (2114,2870)* [filtered=11]
cnt=1 s1=fng (2115,2870)* [filtered=11]
cnt=1 s1=fng (2116,2870)* [filtered=11]
cnt=1 s1=fng (2116,2870)* [filtered=11]
cnt=1 s1=fng (2116,2869)* [filtered=11]
cnt=1 s1=fng (2117,2868)* [filtered=11]
cnt=1 s1=fng (2117,2868)* [filtered=11]
cnt=1 s1=fng (2118,2867)* [filtered=11]
cnt=1 s1=fng (2118,2867)* [filtered=11]
cnt=1 s1=fng (2118,2867)* [filtered=11]
cnt=1 s1=fng (2119,2866)* [filtered=11]
cnt=1 s1=fng (2119,2866)* [filtered=11]
cnt=1 s1=fng (2119,2866)* [filtered=11]
cnt=1 s1=fng (2119,2866)* [filtered=11]
cnt=1 s1=fng (2119,2866)* [filtered=11]
cnt=1 s1=fng (2119,2866)* [filtered=11]
cnt=1 s1=fng (2119,2866)* [filtered=11]
cnt=1 s1=fng (2119,2866)* [filtered=11]
cnt=1 s1=fng (2119,2866)* [filtered=11]
cnt=1 s1=fng (2119,2866)* [filtered=11]
cnt=1 s1=fng (2119,2866)* [filtered=11]
cnt=1 s1=fng (2119,2866)* [filtered=11]
cnt=1 s1=fng (2119,2866)* [filtered=11]
cnt=1 s1=fng (2119,2866)* [filtered=11]
cnt=1 s1=fng (2119,2866)* [filtered=11]
cnt=1 s1=fng (2119,2866)* [filtered=11]
cnt=1 s1=fng (2119,2866)* [filtered=11]
cnt=1 s1=fng (2119,2866)* [filtered=11]
cnt=1 s1=fng (2119,2866)* [filtered=11]
cnt=1 s1=fng (2119,2866)* [filtered=11]
click: x=2119 -> zone=0x112
cnt=1 s1=fng (2119,2866)* [filtered=11]
cnt=1 s1=fng (2119,2866)* [filtered=11]
cnt=1 s1=fng (2119,2866)* [filtered=11]
cnt=1 s1=fng (2119,2866)* [filtered=11]
cnt=1 s1=fng (2119,2866)* [filtered=11]
cnt=1 s1=fng (2119,2866)* [filtered=11]
cnt=1 s1=fng (2119,2866)* [filtered=11]
cnt=1 s1=fng (2119,2866)* [filtered=11]
cnt=1 s1=fng (2119,2866)* [filtered=11]
cnt=1 s1=fng (2119,2866)* [filtered=11]
cnt=1 s1=fng (2119,2866)* [filtered=11]
cnt=1 s1=fng (2119,2866)* [filtered=11]
cnt=1 s1=fng (2119,2866)* [filtered=11]
cnt=1 s1=fng (2119,2866)* [filtered=11]
cnt=1 s1=fng (2119,2866)* [filtered=11]
cnt=1 s1=fng (2119,2866)* [filtered=11]
cnt=1 s1=fng (2119,2866)* [filtered=11]
cnt=1 s1=fng (2119,2866)* [filtered=11]
cnt=1 s1=fng (2119,2866)* [filtered=11]
cnt=1 s1=fng (2119,2866)* [filtered=11]
cnt=1 s1=fng (2119,2866)* [filtered=11]
cnt=1 s1=fng (2119,2866)* [filtered=11]
cnt=1 s1=fng (2119,2866)* [filtered=11]
cnt=1 s1=fng (2119,2866)* [filtered=11]
cnt=1 s1=fng (2119,2866)* [filtered=11]
cnt=1 s1=fng (2119,2866)* [filtered=11]
cnt=1 s1=fng (2118,2866)* [filtered=11]
cnt=1 s1=fng (2118,2866)* [filtered=11]
cnt=1 s1=fng (2118,2866)* [filtered=11]
cnt=1 s1=fng (2118,2866)* [filtered=11]
cnt=1 s1=fng (2117,2866)* [filtered=11]
cnt=1 s1=fng (2117,2866)* [filtered=11]
cnt=1 s1=fng (2117,2866)* [filtered=11]
cnt=1 s1=fng (2117,2866)* [filtered=11]
cnt=1 s1=fng (2117,2866)* [filtered=11]
cnt=1 s1=fng (2117,2866)* [filtered=11]
cnt=1 s1=fng (2117,2866)* [filtered=11]
cnt=1 s1=fng (2117,2866)* [filtered=11]
cnt=1 s1=fng (2117,2866)* [filtered=11]
cnt=1 s1=fng (2117,2866)* [filtered=11]
cnt=1 s1=fng (2117,2866)* [filtered=11]
cnt=1 s1=fng (2117,2866)* [filtered=11]
cnt=1 s1=fng (2117,2866)* [filtered=11]
cnt=1 s1=fng (2117,2866)* [filtered=11]
cnt=1 s1=fng (2117,2866)* [filtered=11]
cnt=1 s1=fng (2117,2866)* [filtered=11]
cnt=1 s1=fng (2117,2866)* [filtered=11]
cnt=1 s1=fng (2117,2866)* [filtered=11]
cnt=1 s1=fng (2117,2866)* [filtered=11]
cnt=1 s1=fng (2117,2866)* [filtered=11]
cnt=1 s1=fng (2117,2866)* [filtered=11]
click: x=2117 -> zone=0x112
cnt=1 s1=fng (2117,2866)* [filtered=11]
cnt=1 s1=fng (2117,2866)* [filtered=11]
cnt=1 s1=fng (2117,2866)* [filtered=11]
cnt=1 s1=fng (2117,2866)* [filtered=11]
cnt=1 s1=fng (2116,2866)* [filtered=11]
cnt=1 s1=fng (2116,2866)* [filtered=11]
cnt=1 s1=fng (2115,2866)* [filtered=11]
cnt=1 s1=fng (2115,2866)* [filtered=11]
cnt=1 s1=fng (2114,2866)* [filtered=11]
cnt=1 s1=fng (2114,2866)* [filtered=11]
cnt=1 s1=fng (2113,2866)* [filtered=11]
cnt=1 s1=fng (2113,2866)* [filtered=11]
cnt=1 s1=fng (2113,2866)* [filtered=11]
cnt=1 s1=fng (2112,2866)* [filtered=11]
cnt=1 s1=fng (2112,2866)* [filtered=11]
cnt=1 s1=fng (2111,2866)* [filtered=11]
cnt=1 s1=fng (2110,2866)* [filtered=11]
cnt=1 s1=fng (2109,2867)* [filtered=11]
cnt=1 s1=fng (2108,2868)* [filtered=11]
cnt=1 s1=fng (2106,2870) [filtered=11]
cnt=1 s1=fng (2104,2872) [filtered=11]
cnt=1 s1=fng (2103,2873) [filtered=11]
cnt=1 s1=fng (2101,2874) [filtered=11]
cnt=2 s0=PALM(2965,2901) s1=PALM(2098,2876) [filtered=12]
cnt=1 s0=fng (2965,2901) [filtered=12]
cnt=1 s0=fng (2965,2901) [filtered=12]
cnt=1 s0=fng (2965,2901) [filtered=12]
cnt=1 s0=fng (2965,2901) [filtered=12]
cnt=1 s0=fng (2965,2901) [filtered=12]
cnt=1 s0=fng (2965,2901) [filtered=12]
cnt=1 s0=fng (2965,2901) [filtered=12]
cnt=1 s0=fng (2965,2901) [filtered=12]
cnt=1 s0=fng (2965,2901) [filtered=12]
cnt=1 s0=fng (2965,2901) [filtered=12]
cnt=1 s0=fng (2965,2901) [filtered=12]
cnt=1 s0=fng (2965,2901) [filtered=12]
cnt=1 s0=fng (2965,2901) [filtered=12]
cnt=1 s0=fng (2965,2901) [filtered=12]
click: x=2965 -> zone=0x111
cnt=1 s0=fng (2965,2901) [filtered=12]
cnt=1 s0=fng (2965,2901) [filtered=12]
cnt=1 s0=fng (2965,2901) [filtered=12]
cnt=1 s0=fng (2965,2901) [filtered=12]
cnt=1 s0=fng (2965,2901) [filtered=12]
cnt=1 s0=fng (2965,2901)* [filtered=12]
cnt=1 s0=fng (2965,2901)* [filtered=12]
cnt=1 s0=fng (2965,2901)* [filtered=12]
cnt=1 s0=fng (2965,2901)* [filtered=12]
cnt=1 s0=fng (2965,2900)* [filtered=12]
cnt=1 s0=fng (2965,2900)* [filtered=12]
cnt=1 s0=fng (2965,2900)* [filtered=12]
cnt=1 s0=fng (2965,2899)* [filtered=12]
cnt=1 s0=fng (2965,2898)* [filtered=12]
cnt=1 s0=fng (2965,2898)* [filtered=12]
cnt=1 s0=fng (2965,2897)* [filtered=12]
cnt=1 s0=fng (2965,2897)* [filtered=12]
cnt=1 s0=fng (2965,2897)* [filtered=12]
cnt=1 s0=fng (2965,2897)* [filtered=12]
cnt=1 s0=fng (2965,2897)* [filtered=12]
cnt=1 s0=fng (2965,2897)* [filtered=12]
cnt=1 s0=fng (2965,2897)* [filtered=12]
cnt=1 s0=fng (2965,2897)* [filtered=12]
cnt=1 s0=fng (2965,2897)* [filtered=12]
cnt=1 s0=fng (2965,2897)* [filtered=12]
cnt=1 s0=fng (2965,2897)* [filtered=12]
cnt=1 s0=fng (2965,2897)* [filtered=12]
cnt=1 s0=fng (2965,2897)* [filtered=12]
cnt=1 s0=fng (2965,2897)* [filtered=12]
cnt=1 s0=fng (2965,2897)* [filtered=12]
cnt=1 s0=fng (2965,2897)* [filtered=12]
cnt=1 s0=fng (2965,2897)* [filtered=12]
cnt=1 s0=fng (2965,2897)* [filtered=12]
cnt=1 s0=fng (2965,2897)* [filtered=12]
cnt=1 s0=fng (2965,2897)* [filtered=12]
cnt=1 s0=fng (2965,2897)* [filtered=12]
cnt=1 s0=fng (2965,2897)* [filtered=12]
cnt=1 s0=fng (2965,2897)* [filtered=12]
cnt=1 s0=fng (2965,2897)* [filtered=12]
cnt=1 s0=fng (2965,2897)* [filtered=12]
cnt=1 s0=fng (2965,2897)* [filtered=12]
cnt=1 s0=fng (2965,2897)* [filtered=12]
cnt=1 s0=fng (2965,2897)* [filtered=12]
cnt=1 s0=fng (2965,2897)* [filtered=12]
cnt=1 s0=fng (2965,2897)* [filtered=12]
cnt=1 s0=fng (2965,2897)* [filtered=12]
cnt=1 s0=fng (2965,2897)* [filtered=12]
cnt=1 s0=fng (2965,2897)* [filtered=12]
cnt=1 s0=fng (2965,2897)* [filtered=12]
cnt=1 s0=fng (2965,2897)* [filtered=12]
cnt=1 s0=fng (2965,2897)* [filtered=12]
cnt=1 s0=fng (2965,2897)* [filtered=12]
cnt=1 s0=fng (2965,2897)* [filtered=12]
cnt=1 s0=fng (2965,2897)* [filtered=12]
cnt=1 s0=fng (2965,2897)* [filtered=12]
cnt=1 s0=fng (2965,2897)* [filtered=12]
cnt=1 s0=fng (2965,2897)* [filtered=12]
cnt=1 s0=fng (2965,2897)* [filtered=12]
click: x=2965 -> zone=0x111
cnt=1 s0=fng (2965,2897)* [filtered=12]
cnt=1 s0=fng (2965,2897)* [filtered=12]
cnt=1 s0=fng (2965,2897)* [filtered=12]
cnt=1 s0=fng (2965,2897)* [filtered=12]
cnt=1 s0=fng (2965,2897)* [filtered=12]
cnt=1 s0=fng (2965,2897)* [filtered=12]
cnt=1 s0=fng (2965,2897)* [filtered=12]
cnt=1 s0=fng (2965,2897)* [filtered=12]
cnt=1 s0=fng (2965,2897)* [filtered=12]
cnt=1 s0=fng (2965,2897)* [filtered=12]
cnt=1 s0=fng (2965,2897)* [filtered=12]
cnt=1 s0=fng (2965,2897)* [filtered=12]
cnt=1 s0=fng (2965,2897)* [filtered=12]
cnt=1 s0=fng (2965,2897)* [filtered=12]
cnt=1 s0=fng (2965,2897)* [filtered=12]
cnt=1 s0=fng (2965,2897)* [filtered=12]
cnt=1 s0=fng (2965,2897)* [filtered=12]
cnt=1 s0=fng (2965,2897)* [filtered=12]
cnt=1 s0=fng (2965,2897)* [filtered=12]
cnt=1 s0=fng (2965,2897)* [filtered=12]
cnt=1 s0=fng (2965,2897)* [filtered=12]
cnt=1 s0=fng (2965,2897)* [filtered=12]
cnt=1 s0=fng (2965,2897)* [filtered=12]
cnt=1 s0=fng (2965,2897)* [filtered=12]
cnt=1 s0=fng (2965,2897)* [filtered=12]
cnt=1 s0=fng (2965,2897)* [filtered=12]
click: x=2381 -> zone=0x112
cnt=1 s0=fng (2510,2958) [filtered=12]
cnt=1 s0=fng (2510,2958) [filtered=12]
cnt=1 s0=fng (2510,2957) [filtered=12]
cnt=1 s0=fng (2510,2956) [filtered=12]
cnt=1 s0=fng (2510,2955) [filtered=12]
cnt=1 s0=fng (2510,2954) [filtered=12]
cnt=1 s0=fng (2510,2953) [filtered=12]
cnt=1 s0=fng (2510,2952) [filtered=12]
cnt=1 s0=fng (2510,2951) [filtered=12]
cnt=1 s0=fng (2510,2950) [filtered=12]
cnt=1 s0=fng (2510,2949) [filtered=12]
cnt=1 s0=fng (2510,2949) [filtered=12]
cnt=1 s0=fng (2510,2948) [filtered=12]
cnt=1 s0=fng (2510,2947) [filtered=12]
cnt=1 s0=fng (2510,2946) [filtered=12]
cnt=1 s0=fng (2510,2945) [filtered=12]
cnt=1 s0=fng (2510,2944) [filtered=12]
cnt=1 s0=fng (2510,2943) [filtered=12]
cnt=1 s0=fng (2510,2942) [filtered=12]
cnt=1 s0=fng (2510,2941) [filtered=12]
cnt=1 s0=fng (2510,2941)* [filtered=12]
cnt=1 s0=fng (2510,2940)* [filtered=12]
cnt=1 s0=fng (2510,2939)* [filtered=12]
cnt=1 s0=fng (2510,2938)* [filtered=12]
cnt=1 s0=fng (2510,2936)* [filtered=12]
cnt=1 s0=fng (2510,2935)* [filtered=12]
cnt=1 s0=fng (2510,2934)* [filtered=12]
cnt=1 s0=fng (2510,2933)* [filtered=12]
cnt=1 s0=fng (2509,2932)* [filtered=12]
cnt=1 s0=fng (2509,2932)* [filtered=12]
cnt=1 s0=fng (2508,2932)* [filtered=12]
cnt=1 s0=fng (2508,2931)* [filtered=12]
cnt=1 s0=fng (2507,2931)* [filtered=12]
cnt=1 s0=fng (2506,2931)* [filtered=12]
cnt=1 s0=fng (2506,2931)* [filtered=12]
cnt=1 s0=fng (2506,2931)* [filtered=12]
cnt=1 s0=fng (2505,2931)* [filtered=12]
cnt=1 s0=fng (2505,2931)* [filtered=12]
cnt=1 s0=fng (2504,2931)* [filtered=12]
cnt=1 s0=fng (2504,2931)* [filtered=12]
cnt=1 s0=fng (2504,2931)* [filtered=12]
cnt=1 s0=fng (2504,2931)* [filtered=12]
cnt=1 s0=fng (2504,2931)* [filtered=12]
cnt=1 s0=fng (2504,2931)* [filtered=12]
cnt=1 s0=fng (2504,2931)* [filtered=12]
cnt=1 s0=fng (2504,2931)* [filtered=12]
cnt=1 s0=fng (2504,2931)* [filtered=12]
click: x=2504 -> zone=0x112
cnt=1 s0=fng (2504,2931)* [filtered=12]
cnt=1 s0=fng (2504,2931)* [filtered=12]
cnt=1 s0=fng (2504,2931)* [filtered=12]
cnt=1 s0=fng (2505,2931)* [filtered=12]
cnt=1 s0=fng (2505,2931)* [filtered=12]
cnt=1 s0=fng (2506,2931)* [filtered=12]
cnt=1 s0=fng (2506,2931)* [filtered=12]
cnt=1 s0=fng (2506,2931)* [filtered=12]
cnt=1 s0=fng (2507,2931)* [filtered=12]
cnt=1 s0=fng (2507,2931)* [filtered=12]
cnt=1 s0=fng (2507,2931)* [filtered=12]
cnt=1 s0=fng (2508,2931)* [filtered=12]
cnt=1 s0=fng (2508,2931)* [filtered=12]
cnt=1 s0=fng (2508,2931)* [filtered=12]
cnt=1 s0=fng (2508,2931)* [filtered=12]
cnt=1 s0=fng (2508,2931)* [filtered=12]
cnt=1 s0=fng (2508,2931)* [filtered=12]
cnt=1 s0=fng (2508,2931)* [filtered=12]
cnt=1 s0=fng (2508,2931)* [filtered=12]
cnt=1 s0=fng (2508,2931)* [filtered=12]
cnt=1 s0=fng (2508,2931)* [filtered=12]
cnt=1 s0=fng (2508,2931)* [filtered=12]
cnt=1 s0=fng (2508,2931)* [filtered=12]
cnt=1 s0=fng (2507,2931)* [filtered=12]
cnt=1 s0=fng (2506,2931)* [filtered=12]
cnt=1 s0=fng (2506,2931)* [filtered=12]
cnt=1 s0=fng (2505,2931)* [filtered=12]
cnt=1 s0=fng (2504,2931)* [filtered=12]
cnt=1 s0=fng (2503,2931)* [filtered=12]
cnt=1 s0=fng (2502,2931)* [filtered=12]
cnt=1 s0=fng (2501,2931)* [filtered=12]
cnt=1 s0=fng (2500,2931)* [filtered=12]
cnt=1 s0=fng (2499,2931)* [filtered=12]
cnt=1 s0=fng (2498,2931)* [filtered=12]
cnt=1 s0=fng (2497,2931)* [filtered=12]
cnt=1 s0=fng (2496,2931)* [filtered=12]
cnt=1 s0=fng (2495,2931)* [filtered=12]
cnt=1 s0=fng (2495,2931)* [filtered=12]
cnt=1 s0=fng (2494,2931)* [filtered=12]
cnt=1 s0=fng (2494,2931)* [filtered=12]
cnt=1 s0=fng (2494,2931)* [filtered=12]
cnt=1 s0=fng (2493,2931)* [filtered=12]
click: x=2493 -> zone=0x112
cnt=1 s0=fng (2493,2931)* [filtered=12]
cnt=1 s0=fng (2493,2931)* [filtered=12]
cnt=1 s0=fng (2493,2931)* [filtered=12]
cnt=1 s0=fng (2493,2931)* [filtered=12]
cnt=1 s0=fng (2493,2931)* [filtered=12]
cnt=1 s0=fng (2493,2931)* [filtered=12]
cnt=1 s0=fng (2493,2931)* [filtered=12]
cnt=1 s0=fng (2493,2931)* [filtered=12]
cnt=1 s0=fng (2493,2931)* [filtered=12]
cnt=1 s0=fng (2493,2931)* [filtered=12]
cnt=1 s0=fng (2493,2931)* [filtered=12]
cnt=1 s0=fng (2493,2931)* [filtered=12]
cnt=1 s0=fng (2493,2931)* [filtered=12]
cnt=1 s0=fng (2493,2931)* [filtered=12]
cnt=1 s0=fng (2493,2931)* [filtered=12]
cnt=1 s0=fng (2493,2931)* [filtered=12]
cnt=1 s0=fng (2493,2931)* [filtered=12]
cnt=1 s0=fng (2493,2931)* [filtered=12]
cnt=1 s0=fng (2493,2930)* [filtered=12]
cnt=1 s0=fng (2493,2930)* [filtered=12]
cnt=1 s0=fng (2493,2930)* [filtered=12]
cnt=1 s0=fng (2493,2929)* [filtered=12]
cnt=1 s0=fng (2492,2929)* [filtered=12]
cnt=1 s0=fng (2492,2928)* [filtered=12]
cnt=1 s0=fng (2491,2928)* [filtered=12]
cnt=1 s0=fng (2491,2928)* [filtered=12]
cnt=1 s0=fng (2490,2927)* [filtered=12]
cnt=1 s0=fng (2490,2927)* [filtered=12]
cnt=1 s0=fng (2489,2927)* [filtered=12]
cnt=1 s0=fng (2489,2927)* [filtered=12]
cnt=1 s0=fng (2489,2927)* [filtered=12]
cnt=1 s0=fng (2488,2926)* [filtered=12]
cnt=1 s0=fng (2488,2926)* [filtered=12]
cnt=1 s0=fng (2487,2926)* [filtered=12]
cnt=1 s0=fng (2487,2926)* [filtered=12]
cnt=1 s0=fng (2486,2926)* [filtered=12]
cnt=1 s0=fng (2486,2926)* [filtered=12]
cnt=1 s0=fng (2485,2926)* [filtered=12]
cnt=1 s0=fng (2485,2925)* [filtered=12]
cnt=1 s0=fng (2485,2925)* [filtered=12]
cnt=1 s0=fng (2485,2924)* [filtered=12]
cnt=1 s0=fng (2485,2923)* [filtered=12]
cnt=1 s0=fng (2485,2922)* [filtered=12]
cnt=1 s0=fng (2485,2921)* [filtered=12]
cnt=1 s0=fng (2485,2921)* [filtered=12]
cnt=1 s0=fng (2157,2988) [filtered=12]
cnt=1 s0=fng (2156,2988) [filtered=12]
cnt=1 s0=fng (2156,2988) [filtered=12]
cnt=1 s0=fng (2156,2988) [filtered=12]
cnt=1 s0=fng (2155,2988) [filtered=12]
cnt=1 s0=fng (2154,2988) [filtered=12]
cnt=1 s0=fng (2154,2988) [filtered=12]
click: x=2154 -> zone=0x112
cnt=1 s0=fng (2154,2988) [filtered=12]
cnt=1 s0=fng (2154,2988) [filtered=12]
cnt=1 s0=fng (2154,2988) [filtered=12]
cnt=1 s0=fng (2154,2988) [filtered=12]
cnt=1 s0=fng (2154,2988) [filtered=12]
cnt=1 s0=fng (2154,2988) [filtered=12]
cnt=1 s0=fng (2154,2988) [filtered=12]
cnt=1 s0=fng (2154,2988) [filtered=12]
cnt=1 s0=fng (2154,2988) [filtered=12]
cnt=1 s0=fng (2154,2988) [filtered=12]
cnt=1 s0=fng (2154,2988) [filtered=12]
cnt=1 s0=fng (2154,2988) [filtered=12]
cnt=1 s0=fng (2154,2988) [filtered=12]
cnt=1 s0=fng (2154,2988)* [filtered=12]
cnt=1 s0=fng (2154,2988)* [filtered=12]
cnt=1 s0=fng (2154,2988)* [filtered=12]
cnt=1 s0=fng (2154,2988)* [filtered=12]
cnt=1 s0=fng (2154,2988)* [filtered=12]
cnt=1 s0=fng (2154,2988)* [filtered=12]
cnt=1 s0=fng (2154,2988)* [filtered=12]
cnt=1 s0=fng (2154,2988)* [filtered=12]
cnt=1 s0=fng (2154,2988)* [filtered=12]
cnt=1 s0=fng (2154,2988)* [filtered=12]
cnt=1 s0=fng (2154,2988)* [filtered=12]
cnt=1 s0=fng (2154,2988)* [filtered=12]
cnt=1 s0=fng (2154,2989)* [filtered=12]
cnt=1 s0=fng (2155,2991)* [filtered=12]
cnt=1 s0=fng (2155,2993)* [filtered=12]
cnt=1 s0=fng (2155,2995)* [filtered=12]
cnt=1 s0=fng (2155,2996)* [filtered=12]
cnt=1 s0=fng (2142,3067) [filtered=12]
cnt=1 s0=fng (2142,3066) [filtered=12]
cnt=1 s0=fng (2142,3065) [filtered=12]
cnt=1 s0=fng (2142,3065) [filtered=12]
cnt=1 s0=fng (2142,3064) [filtered=12]
cnt=1 s0=fng (2142,3063) [filtered=12]
cnt=1 s0=fng (2142,3062) [filtered=12]
cnt=1 s0=fng (2142,3062) [filtered=12]
cnt=1 s0=fng (2142,3061) [filtered=12]
cnt=1 s0=fng (2142,3060) [filtered=12]
cnt=1 s0=fng (2142,3059) [filtered=12]
cnt=1 s0=fng (2142,3058) [filtered=12]
click: x=2142 -> zone=0x112
cnt=1 s0=fng (2142,3057) [filtered=12]
cnt=1 s0=fng (2142,3056) [filtered=12]
cnt=1 s0=fng (2142,3055) [filtered=12]
cnt=1 s0=fng (2142,3054) [filtered=12]
cnt=1 s0=fng (2142,3053) [filtered=12]
cnt=1 s0=fng (2142,3052) [filtered=12]
cnt=1 s0=fng (2142,3051) [filtered=12]
cnt=1 s0=fng (2142,3050) [filtered=12]
cnt=1 s0=fng (2142,3049)* [filtered=12]
cnt=1 s0=fng (2142,3049)* [filtered=12]
cnt=1 s0=fng (2142,3048)* [filtered=12]
cnt=1 s0=fng (2142,3047)* [filtered=12]
cnt=1 s0=fng (2142,3046)* [filtered=12]
cnt=1 s0=fng (2142,3045)* [filtered=12]
cnt=1 s0=fng (2142,3044)* [filtered=12]
cnt=1 s0=fng (2142,3043)* [filtered=12]
cnt=1 s0=fng (2142,3042)* [filtered=12]
cnt=1 s0=fng (2142,3041)* [filtered=12]
cnt=1 s0=fng (2142,3040)* [filtered=12]
cnt=1 s0=fng (2142,3040)* [filtered=12]
cnt=1 s0=fng (2142,3039)* [filtered=12]
cnt=1 s0=fng (2142,3038)* [filtered=12]
cnt=1 s0=fng (2142,3037)* [filtered=12]
cnt=1 s0=fng (2142,3036)* [filtered=12]
cnt=1 s0=fng (2142,3035)* [filtered=12]
cnt=1 s0=fng (2142,3034)* [filtered=12]
cnt=1 s0=fng (2142,3033)* [filtered=12]
cnt=1 s0=fng (2142,3033)* [filtered=12]
cnt=1 s0=fng (2142,3033)* [filtered=12]
cnt=1 s0=fng (2142,3033)* [filtered=12]
cnt=1 s0=fng (2142,3032)* [filtered=12]
cnt=1 s0=fng (2142,3031)* [filtered=12]
cnt=1 s0=fng (2142,3030)* [filtered=12]
cnt=1 s0=fng (2142,3030)* [filtered=12]
cnt=1 s0=fng (2142,3030)* [filtered=12]
cnt=1 s0=fng (2142,3030)* [filtered=12]
cnt=1 s0=fng (2142,3029)* [filtered=12]
cnt=1 s0=fng (2142,3029)* [filtered=12]
cnt=1 s0=fng (2142,3029)* [filtered=12]
cnt=1 s0=fng (2142,3029)* [filtered=12]
cnt=1 s0=fng (2142,3029)* [filtered=12]
click: x=2142 -> zone=0x112
cnt=1 s0=fng (2142,3029)* [filtered=12]
cnt=1 s0=fng (2142,3029)* [filtered=12]
cnt=1 s0=fng (2142,3029)* [filtered=12]
cnt=1 s0=fng (2142,3029)* [filtered=12]
cnt=1 s0=fng (2142,3029)* [filtered=12]
cnt=1 s0=fng (2142,3029)* [filtered=12]
cnt=1 s0=fng (2142,3029)* [filtered=12]
cnt=1 s0=fng (2142,3029)* [filtered=12]
cnt=1 s0=fng (2142,3029)* [filtered=12]
cnt=1 s0=fng (2142,3029)* [filtered=12]
cnt=1 s0=fng (2142,3029)* [filtered=12]
cnt=1 s0=fng (2142,3029)* [filtered=12]
cnt=1 s0=fng (2143,3029)* [filtered=12]
cnt=1 s0=fng (2143,3029)* [filtered=12]
cnt=1 s0=fng (2144,3029)* [filtered=12]
cnt=1 s0=fng (2144,3029)* [filtered=12]
cnt=1 s0=fng (2145,3029)* [filtered=12]
cnt=1 s0=fng (2146,3029)* [filtered=12]
cnt=1 s0=fng (2149,3030) [filtered=12]
cnt=1 s0=fng (2152,3031) [filtered=12]
cnt=1 s0=fng (2154,3032) [filtered=12]
cnt=1 s0=fng (2157,3033) [filtered=12]
cnt=1 s0=fng (2902,2813) [filtered=12]
click: x=2902 -> zone=0x111
cnt=1 s0=fng (2902,2812) [filtered=12]
cnt=1 s0=fng (2901,2811) [filtered=12]
cnt=1 s0=fng (2901,2811) [filtered=12]
cnt=1 s0=fng (2901,2811) [filtered=12]
cnt=1 s0=fng (2900,2810) [filtered=12]
cnt=1 s0=fng (2900,2810) [filtered=12]
cnt=1 s0=fng (2900,2810) [filtered=12]
cnt=1 s0=fng (2899,2809) [filtered=12]
cnt=1 s0=fng (2899,2809) [filtered=12]
cnt=1 s0=fng (2898,2808) [filtered=12]
cnt=1 s0=fng (2898,2807) [filtered=12]
cnt=1 s0=fng (2898,2807) [filtered=12]
cnt=1 s0=fng (2898,2807) [filtered=12]
cnt=1 s0=fng (2898,2806) [filtered=12]
cnt=1 s0=fng (2898,2806) [filtered=12]
cnt=1 s0=fng (2898,2805) [filtered=12]
cnt=1 s0=fng (2898,2805) [filtered=12]
cnt=1 s0=fng (2898,2805) [filtered=12]
cnt=1 s0=fng (2898,2805) [filtered=12]
cnt=1 s0=fng (2898,2805)* [filtered=12]
cnt=1 s0=fng (2898,2805)* [filtered=12]
cnt=1 s0=fng (2898,2805)* [filtered=12]
cnt=1 s0=fng (2898,2805)* [filtered=12]
cnt=1 s0=fng (2898,2805)* [filtered=12]
cnt=1 s0=fng (2898,2805)* [filtered=12]
cnt=1 s0=fng (2898,2805)* [filtered=12]
cnt=1 s0=fng (2898,2805)* [filtered=12]
cnt=1 s0=fng (2898,2805)* [filtered=12]
cnt=1 s0=fng (2898,2805)* [filtered=12]
cnt=1 s0=fng (2898,2805)* [filtered=12]
cnt=1 s0=fng (2898,2805)* [filtered=12]
cnt=1 s0=fng (2898,2805)* [filtered=12]
cnt=1 s0=fng (2898,2805)* [filtered=12]
cnt=1 s0=fng (2898,2805)* [filtered=12]
cnt=1 s0=fng (2898,2805)* [filtered=12]
cnt=1 s0=fng (2898,2805)* [filtered=12]
cnt=1 s0=fng (2898,2805)* [filtered=12]
cnt=1 s0=fng (2898,2805)* [filtered=12]
cnt=1 s0=fng (2898,2805)* [filtered=12]
click: x=2898 -> zone=0x111
cnt=1 s0=fng (2898,2805)* [filtered=12]
cnt=1 s0=fng (2899,2805)* [filtered=12]
cnt=1 s0=fng (2899,2805)* [filtered=12]
cnt=1 s0=fng (2899,2805)* [filtered=12]
cnt=1 s0=fng (2899,2805)* [filtered=12]
cnt=1 s0=fng (2899,2805)* [filtered=12]
cnt=1 s0=fng (2900,2805)* [filtered=12]
cnt=1 s0=fng (2900,2805)* [filtered=12]
cnt=1 s0=fng (2901,2805)* [filtered=12]
cnt=1 s0=fng (2901,2805)* [filtered=12]
cnt=1 s0=fng (2901,2805)* [filtered=12]
cnt=1 s0=fng (2902,2805)* [filtered=12]
cnt=1 s0=fng (2902,2805)* [filtered=12]
cnt=1 s0=fng (2903,2805)* [filtered=12]
cnt=1 s0=fng (2903,2805)* [filtered=12]
cnt=1 s0=fng (2904,2805)* [filtered=12]
cnt=1 s0=fng (2904,2805)* [filtered=12]
cnt=1 s0=fng (2905,2805)* [filtered=12]
cnt=1 s0=fng (2905,2805)* [filtered=12]
cnt=1 s0=fng (2905,2805)* [filtered=12]
cnt=1 s0=fng (2906,2805)* [filtered=12]
cnt=1 s0=fng (2906,2805)* [filtered=12]
cnt=1 s0=fng (2907,2805)* [filtered=12]
cnt=1 s0=fng (2908,2806)* [filtered=12]
cnt=1 s0=fng (2908,2806)* [filtered=12]
cnt=1 s0=fng (2908,2806)* [filtered=12]
cnt=1 s0=fng (2908,2806)* [filtered=12]
cnt=1 s0=fng (2908,2806)* [filtered=12]
cnt=1 s0=fng (2908,2806)* [filtered=12]
cnt=1 s0=fng (2908,2806)* [filtered=12]
cnt=1 s0=fng (2908,2807)* [filtered=12]
cnt=1 s0=fng (2908,2807)* [filtered=12]
cnt=1 s0=fng (2908,2807)* [filtered=12]
cnt=1 s0=fng (2908,2807)* [filtered=12]
cnt=1 s0=fng (2908,2807)* [filtered=12]
cnt=1 s0=fng (2908,2807)* [filtered=12]
cnt=1 s0=fng (2908,2807)* [filtered=12]
click: x=2908 -> zone=0x111
cnt=1 s0=fng (2908,2807)* [filtered=12]
cnt=1 s0=fng (2908,2807)* [filtered=12]
cnt=1 s0=fng (2908,2807)* [filtered=12]
cnt=1 s0=fng (2908,2807)* [filtered=12]
cnt=1 s0=fng (2908,2807)* [filtered=12]
cnt=1 s0=fng (2908,2807)* [filtered=12]
cnt=1 s0=fng (2908,2807)* [filtered=12]
cnt=1 s0=fng (2908,2807)* [filtered=12]
cnt=1 s0=fng (2908,2807)* [filtered=12]
cnt=1 s0=fng (2908,2807)* [filtered=12]
cnt=1 s0=fng (2908,2807)* [filtered=12]
cnt=1 s0=fng (2908,2807)* [filtered=12]
cnt=1 s0=fng (2908,2807)* [filtered=12]
cnt=1 s0=fng (2908,2807)* [filtered=12]
cnt=1 s0=fng (2908,2807)* [filtered=12]
cnt=1 s0=fng (2908,2807)* [filtered=12]
cnt=1 s0=fng (2908,2807)* [filtered=12]
cnt=1 s0=fng (2908,2807)* [filtered=12]
cnt=1 s0=fng (2908,2807)* [filtered=12]
cnt=1 s0=fng (2908,2807)* [filtered=12]
cnt=1 s0=fng (2908,2807)* [filtered=12]
cnt=1 s0=fng (2908,2807)* [filtered=12]
cnt=1 s0=fng (2908,2807)* [filtered=12]
cnt=1 s0=fng (2908,2807)* [filtered=12]
cnt=1 s0=fng (2908,2807)* [filtered=12]
cnt=1 s0=fng (2908,2807)* [filtered=12]
cnt=1 s0=fng (2908,2807)* [filtered=12]
cnt=1 s0=fng (2907,2807)* [filtered=12]
cnt=1 s0=fng (2906,2807)* [filtered=12]
cnt=1 s0=fng (2906,2807)* [filtered=12]
cnt=1 s0=fng (2906,2807)* [filtered=12]
cnt=1 s0=fng (2906,2807)* [filtered=12]
click: x=2906 -> zone=0x111
cnt=1 s0=fng (2906,2807)* [filtered=12]
cnt=1 s0=fng (2906,2807)* [filtered=12]
cnt=1 s0=fng (2906,2807)* [filtered=12]
cnt=1 s0=fng (2906,2807)* [filtered=12]
cnt=1 s0=fng (2906,2807)* [filtered=12]
cnt=1 s0=fng (2906,2807)* [filtered=12]
cnt=1 s0=fng (2906,2807)* [filtered=12]
cnt=1 s0=fng (2906,2807)* [filtered=12]
cnt=1 s0=fng (2906,2807)* [filtered=12]
cnt=1 s0=fng (2906,2807)* [filtered=12]
cnt=1 s0=fng (2906,2807)* [filtered=12]
cnt=1 s0=fng (2906,2807)* [filtered=12]
cnt=1 s0=fng (2906,2807)* [filtered=12]
cnt=1 s0=fng (2906,2807)* [filtered=12]
cnt=1 s0=fng (2906,2807)* [filtered=12]
cnt=1 s0=fng (2907,2807)* [filtered=12]
cnt=1 s0=fng (2907,2807)* [filtered=12]
cnt=1 s0=fng (2908,2808)* [filtered=12]
cnt=1 s0=fng (2908,2809)* [filtered=12]
cnt=1 s0=fng (2909,2810)* [filtered=12]
cnt=1 s0=fng (2910,2811)* [filtered=12]
cnt=1 s0=fng (2911,2812)* [filtered=12]
cnt=1 s0=fng (2912,2812)* [filtered=12]
cnt=1 s0=fng (4635,1634) [filtered=12]
cnt=1 s0=fng (4635,1634) [filtered=12]
cnt=1 s0=fng (4635,1634) [filtered=12]
cnt=1 s0=fng (4635,1634) [filtered=12]
cnt=1 s0=fng (4635,1634) [filtered=12]
cnt=1 s0=fng (4635,1634) [filtered=12]
cnt=1 s0=fng (4635,1634) [filtered=12]
cnt=1 s0=fng (4635,1634) [filtered=12]
cnt=1 s0=fng (4635,1634) [filtered=12]
cnt=1 s0=fng (4635,1633) [filtered=12]
cnt=1 s0=fng (4635,1633) [filtered=12]
cnt=1 s0=fng (4635,1632) [filtered=12]
cnt=1 s0=fng (4633,1509) [filtered=12]
cnt=1 s0=fng (4633,1509) [filtered=12]
cnt=1 s0=fng (4633,1509) [filtered=12]
cnt=1 s0=fng (4633,1508) [filtered=12]
cnt=1 s0=fng (4633,1507) [filtered=12]
cnt=1 s0=fng (4633,1507) [filtered=12]
cnt=1 s0=fng (4633,1507) [filtered=12]
cnt=1 s0=fng (4633,1506) [filtered=12]
cnt=1 s0=fng (4633,1506) [filtered=12]
cnt=1 s0=fng (4633,1505) [filtered=12]
cnt=1 s0=fng (4633,1504) [filtered=12]
cnt=1 s0=fng (4633,1504) [filtered=12]
cnt=1 s0=fng (4633,1503) [filtered=12]
cnt=1 s0=fng (4633,1502) [filtered=12]
cnt=1 s0=fng (4633,1502) [filtered=12]
cnt=1 s0=fng (4633,1502) [filtered=12]
cnt=1 s0=fng (4633,1501) [filtered=12]
cnt=1 s0=fng (4633,1501) [filtered=12]
cnt=1 s0=fng (4633,1500) [filtered=12]
cnt=1 s0=fng (4633,1500) [filtered=12]
cnt=1 s0=fng (4633,1500)* [filtered=12]
cnt=1 s0=fng (4634,1500)* [filtered=12]
cnt=1 s0=fng (4635,1500)* [filtered=12]
cnt=1 s0=fng (4636,1500)* [filtered=12]
cnt=1 s0=fng (4637,1500)* [filtered=12]
cnt=1 s0=fng (4637,1500)* [filtered=12]
cnt=1 s0=fng (4638,1500)* [filtered=12]
cnt=1 s0=fng (19,2190) [filtered=12]
cnt=1 s0=fng (19,2190) [filtered=12]
cnt=1 s0=fng (19,2189) [filtered=12]
cnt=1 s0=fng (19,2189) [filtered=12]
cnt=1 s0=fng (19,2188) [filtered=12]
cnt=1 s0=fng (19,2188) [filtered=12]
cnt=1 s0=fng (19,2188) [filtered=12]
cnt=1 s0=fng (19,2188) [filtered=12]
cnt=1 s0=fng (19,2188) [filtered=12]
cnt=1 s0=fng (19,2188) [filtered=12]
cnt=1 s0=fng (24,2178) [filtered=12]
cnt=1 s0=fng (25,2178) [filtered=12]
cnt=1 s0=fng (27,2178) [filtered=12]
cnt=1 s0=fng (28,2178) [filtered=12]
cnt=1 s0=fng (29,2178) [filtered=12]
cnt=1 s0=fng (31,2178) [filtered=12]
cnt=1 s0=fng (33,2178) [filtered=12]
cnt=1 s0=fng (35,2178) [filtered=12]
cnt=1 s0=fng (36,2178) [filtered=12]
cnt=1 s0=fng (38,2178) [filtered=12]
cnt=1 s0=fng (39,2178) [filtered=12]
cnt=1 s0=fng (40,2179) [filtered=12]
cnt=1 s0=fng (41,2179) [filtered=12]
cnt=1 s0=fng (42,2180) [filtered=12]
cnt=1 s0=fng (42,2181) [filtered=12]
cnt=1 s0=fng (42,2182) [filtered=12]
cnt=1 s0=fng (42,2183) [filtered=12]
cnt=1 s0=fng (4645,1714) [filtered=12]
cnt=1 s0=fng (4645,1714) [filtered=12]
cnt=1 s0=fng (4645,1713) [filtered=12]
cnt=1 s0=fng (4645,1713) [filtered=12]
cnt=1 s0=fng (4645,1713) [filtered=12]
cnt=1 s0=fng (4645,1712) [filtered=12]
cnt=1 s0=fng (4645,1711) [filtered=12]
cnt=1 s0=fng (4645,1710) [filtered=12]
cnt=1 s0=fng (4645,1710) [filtered=12]
cnt=1 s0=fng (4645,1710) [filtered=12]
cnt=1 s0=fng (4645,1709) [filtered=12]
cnt=1 s0=fng (4705,1593) [filtered=12]
cnt=1 s0=fng (4705,1593) [filtered=12]
cnt=1 s0=fng (4705,1593) [filtered=12]
cnt=1 s0=fng (4705,1593) [filtered=12]
cnt=1 s0=fng (4705,1593) [filtered=12]
cnt=1 s0=fng (4705,1593) [filtered=12]
cnt=1 s0=fng (4705,1593) [filtered=12]
cnt=1 s0=fng (4705,1593) [filtered=12]
cnt=1 s0=fng (4705,1593) [filtered=12]
cnt=1 s0=fng (4705,1593) [filtered=12]
cnt=1 s0=fng (4705,1593) [filtered=12]
cnt=1 s0=fng (4705,1593) [filtered=12]
cnt=1 s0=fng (4705,1593) [filtered=12]
cnt=1 s0=fng (4705,1593) [filtered=12]
cnt=1 s0=fng (4705,1593) [filtered=12]
cnt=1 s0=fng (4705,1593) [filtered=12]
cnt=1 s0=fng (4705,1593) [filtered=12]
cnt=1 s0=fng (4705,1593) [filtered=12]
cnt=1 s0=fng (4705,1593) [filtered=12]
cnt=1 s0=fng (4705,1593) [filtered=12]
cnt=1 s0=fng (4705,1593)* [filtered=12]
cnt=1 s0=fng (4705,1593)* [filtered=12]
cnt=1 s0=fng (4705,1593)* [filtered=12]
cnt=1 s0=fng (4705,1593)* [filtered=12]
cnt=1 s0=fng (4705,1593)* [filtered=12]
cnt=1 s0=fng (4705,1593)* [filtered=12]
cnt=1 s0=fng (4705,1593)* [filtered=12]
cnt=1 s0=fng (4705,1593)* [filtered=12]
cnt=1 s0=fng (4705,1593)* [filtered=12]
cnt=1 s0=fng (4705,1593)* [filtered=12]
cnt=1 s0=fng (4705,1593)* [filtered=12]
cnt=1 s0=fng (4705,1593)* [filtered=12]
cnt=1 s0=fng (4705,1593)* [filtered=12]
cnt=1 s0=fng (4705,1593)* [filtered=12]
cnt=1 s0=fng (4705,1593)* [filtered=12]
cnt=1 s0=fng (4705,1593)* [filtered=12]
cnt=1 s0=fng (4705,1593)* [filtered=12]
cnt=1 s0=fng (4705,1593)* [filtered=12]
cnt=1 s0=fng (4705,1593)* [filtered=12]
cnt=1 s0=fng (4705,1593)* [filtered=12]
cnt=1 s0=fng (4705,1593)* [filtered=12]
cnt=1 s0=fng (4705,1593)* [filtered=12]
cnt=1 s0=fng (4705,1593)* [filtered=12]
cnt=1 s0=fng (4705,1593)* [filtered=12]
cnt=1 s0=fng (4705,1593)* [filtered=12]
cnt=1 s0=fng (4705,1593)* [filtered=12]
cnt=1 s0=fng (4705,1593)* [filtered=12]
cnt=1 s0=fng (4705,1593)* [filtered=12]
cnt=1 s0=fng (4705,1593)* [filtered=12]
cnt=1 s0=fng (4705,1593)* [filtered=12]
cnt=1 s0=fng (4705,1593)* [filtered=12]
cnt=1 s0=fng (4705,1593)* [filtered=12]
cnt=1 s0=fng (4705,1593)* [filtered=12]
cnt=1 s0=fng (4705,1593)* [filtered=12]
cnt=1 s0=fng (4705,1593)* [filtered=12]
cnt=1 s0=fng (4705,1593)* [filtered=12]
cnt=1 s0=fng (4705,1593)* [filtered=12]
cnt=1 s0=fng (4705,1593)* [filtered=12]
cnt=1 s0=fng (4705,1593)* [filtered=12]
cnt=1 s0=fng (4705,1593)* [filtered=12]
cnt=1 s0=fng (4705,1593)* [filtered=12]
cnt=1 s0=fng (4705,1593)* [filtered=12]
cnt=1 s0=fng (4705,1593)* [filtered=12]
cnt=1 s0=fng (4705,1593)* [filtered=12]
cnt=1 s0=fng (4705,1593)* [filtered=12]
cnt=1 s0=fng (4705,1593)* [filtered=12]
cnt=1 s0=fng (4705,1593)* [filtered=12]
cnt=1 s0=fng (4705,1593)* [filtered=12]
cnt=1 s0=fng (4705,1593)* [filtered=12]
cnt=1 s0=fng (4705,1593)* [filtered=12]
cnt=1 s0=fng (4705,1593)* [filtered=12]
cnt=1 s0=fng (4705,1593)* [filtered=12]
cnt=1 s0=fng (4705,1593)* [filtered=12]
cnt=1 s0=fng (4705,1593)* [filtered=12]
cnt=1 s0=fng (4705,1593)* [filtered=12]
cnt=1 s0=fng (4705,1593)* [filtered=12]
cnt=1 s0=fng (4705,1593)* [filtered=12]
cnt=1 s0=fng (4705,1593)* [filtered=12]
cnt=1 s0=fng (4705,1593)* [filtered=12]
cnt=1 s0=fng (4705,1593)* [filtered=12]
cnt=1 s0=fng (4705,1593)* [filtered=12]
cnt=1 s0=fng (4705,1593)* [filtered=12]
cnt=1 s0=fng (4705,1593)* [filtered=12]
cnt=1 s0=fng (4705,1593)* [filtered=12]
cnt=1 s0=fng (4705,1593)* [filtered=12]
cnt=1 s0=fng (4705,1593)* [filtered=12]
cnt=1 s0=fng (4705,1593)* [filtered=12]
cnt=1 s0=fng (4705,1593)* [filtered=12]
cnt=1 s0=fng (4705,1593)* [filtered=12]
cnt=1 s0=fng (4705,1593)* [filtered=12]
cnt=1 s0=fng (4705,1593)* [filtered=12]
cnt=1 s0=fng (4705,1593)* [filtered=12]
cnt=1 s0=fng (4705,1593)* [filtered=12]
cnt=1 s0=fng (4705,1593)* [filtered=12]
cnt=1 s0=fng (4705,1593)* [filtered=12]
cnt=1 s0=fng (4705,1593)* [filtered=12]
cnt=1 s0=fng (4705,1593)* [filtered=12]
cnt=1 s0=fng (4705,1593)* [filtered=12]
cnt=1 s0=fng (4705,1593)* [filtered=12]
cnt=1 s0=fng (4705,1593)* [filtered=12]
cnt=1 s0=fng (4705,1593)* [filtered=12]
cnt=1 s0=fng (4705,1593)* [filtered=12]
cnt=1 s0=fng (4705,1593)* [filtered=12]
cnt=1 s0=fng (4705,1593)* [filtered=12]
cnt=1 s0=fng (4705,1593)* [filtered=12]
cnt=1 s0=fng (4705,1593)* [filtered=12]
cnt=1 s0=fng (4705,1593)* [filtered=12]
cnt=1 s0=fng (4705,1593)* [filtered=12]
cnt=1 s0=fng (4705,1593)* [filtered=12]
cnt=1 s0=fng (4705,1593)* [filtered=12]
cnt=1 s0=fng (4705,1593)* [filtered=12]
cnt=1 s0=fng (4705,1593)* [filtered=12]
cnt=1 s0=fng (4705,1593)* [filtered=12]
cnt=1 s0=fng (4705,1593)* [filtered=12]
cnt=1 s0=fng (4705,1593)* [filtered=12]
cnt=1 s0=fng (4705,1593)* [filtered=12]
cnt=1 s0=fng (4705,1593)* [filtered=12]
cnt=1 s0=fng (4705,1593)* [filtered=12]
cnt=1 s0=fng (4705,1593)* [filtered=12]
cnt=1 s0=fng (4705,1593)* [filtered=12]
cnt=1 s0=fng (4705,1593)* [filtered=12]
cnt=1 s0=fng (4705,1593)* [filtered=12]
cnt=1 s0=fng (4705,1593)* [filtered=12]
cnt=1 s0=fng (4705,1593)* [filtered=12]
cnt=1 s0=fng (4705,1593)* [filtered=12]
cnt=1 s0=fng (4705,1593)* [filtered=12]
cnt=1 s0=fng (4705,1593)* [filtered=12]
cnt=1 s0=fng (4705,1593)* [filtered=12]
cnt=1 s0=fng (4705,1593)* [filtered=12]
cnt=1 s0=fng (4705,1593)* [filtered=12]
cnt=1 s0=fng (4705,1593)* [filtered=12]
cnt=1 s0=fng (4705,1593)* [filtered=12]
cnt=1 s0=fng (4705,1593)* [filtered=12]
cnt=1 s0=fng (4705,1593)* [filtered=12]
cnt=1 s0=fng (4705,1593)* [filtered=12]
cnt=1 s0=fng (4705,1593)* [filtered=12]
cnt=1 s0=fng (4705,1593)* [filtered=12]
cnt=1 s0=fng (4705,1593)* [filtered=12]
cnt=1 s0=fng (4705,1593)* [filtered=12]
cnt=1 s0=fng (4705,1593)* [filtered=12]
cnt=1 s0=fng (4705,1593)* [filtered=12]
cnt=1 s0=fng (4705,1593)* [filtered=12]
cnt=1 s0=fng (4705,1593)* [filtered=12]
cnt=1 s0=fng (4705,1593)* [filtered=12]
cnt=1 s0=fng (4705,1593)* [filtered=12]
cnt=1 s0=fng (4705,1593)* [filtered=12]
cnt=1 s0=fng (4705,1593)* [filtered=12]
cnt=1 s0=fng (4705,1593)* [filtered=12]
cnt=1 s0=fng (4705,1593)* [filtered=12]
cnt=1 s0=fng (4705,1593)* [filtered=12]
cnt=1 s0=fng (4705,1593)* [filtered=12]
cnt=1 s0=fng (4705,1593)* [filtered=12]
cnt=1 s0=fng (4705,1593)* [filtered=12]
cnt=1 s0=fng (4705,1593)* [filtered=12]
cnt=1 s0=fng (4705,1592)* [filtered=12]
cnt=1 s0=fng (4705,1592)* [filtered=12]
cnt=1 s0=fng (4705,1592)* [filtered=12]
cnt=1 s0=fng (4705,1591)* [filtered=12]
cnt=1 s0=fng (4706,1591)* [filtered=12]
cnt=1 s0=fng (4707,1590)* [filtered=12]
cnt=1 s0=fng (4707,1589)* [filtered=12]
cnt=1 s0=fng (4707,1589)* [filtered=12]
cnt=1 s0=fng (966,12) [filtered=12]
cnt=1 s0=fng (966,12) [filtered=12]
cnt=1 s0=fng (966,12) [filtered=12]
cnt=1 s0=fng (966,12) [filtered=12]
cnt=1 s0=fng (966,12) [filtered=12]
cnt=1 s0=fng (966,12) [filtered=12]
cnt=1 s0=fng (966,12) [filtered=12]
cnt=1 s0=fng (966,12) [filtered=12]
cnt=1 s0=fng (966,12) [filtered=12]
cnt=1 s0=fng (966,12) [filtered=12]
cnt=1 s0=fng (966,12) [filtered=12]
cnt=1 s0=fng (966,12) [filtered=12]
cnt=1 s0=fng (966,12) [filtered=12]
cnt=1 s0=fng (966,12) [filtered=12]
cnt=1 s0=fng (966,12) [filtered=12]
cnt=1 s0=fng (966,12) [filtered=12]
cnt=1 s0=fng (966,12) [filtered=12]
cnt=1 s0=fng (966,12) [filtered=12]
cnt=1 s0=fng (4690,1546) [filtered=12]
cnt=1 s0=fng (4689,1546) [filtered=12]
cnt=1 s0=fng (4688,1546) [filtered=12]
cnt=1 s0=fng (4688,1546) [filtered=12]
cnt=1 s0=fng (4687,1546) [filtered=12]
cnt=1 s0=fng (4685,1546) [filtered=12]
cnt=1 s0=fng (4682,1546) [filtered=12]
cnt=1 s0=fng (4679,1546) [filtered=12]
cnt=1 s0=fng (4678,1546) [filtered=12]
cnt=1 s0=fng (4676,1546) [filtered=12]
cnt=1 s0=fng (4673,1546) [filtered=12]
cnt=1 s0=fng (4670,1546) [filtered=12]
cnt=1 s0=fng (4667,1546) [filtered=12]
cnt=1 s0=fng (4666,1546) [filtered=12]
cnt=1 s0=fng (4664,1546) [filtered=12]
cnt=1 s0=fng (4662,1546) [filtered=12]
cnt=1 s0=fng (4660,1546) [filtered=12]
cnt=1 s0=fng (4658,1546) [filtered=12]
cnt=1 s0=fng (4657,1546) [filtered=12]
cnt=1 s0=fng (4656,1546) [filtered=12]
cnt=1 s0=fng (4654,1546)* [filtered=12]
cnt=1 s0=fng (4653,1546)* [filtered=12]
cnt=1 s0=fng (4652,1546)* [filtered=12]
cnt=1 s0=fng (4651,1546)* [filtered=12]
cnt=1 s0=fng (4650,1546)* [filtered=12]
cnt=1 s0=fng (4649,1547)* [filtered=12]
cnt=1 s0=fng (4647,1547)* [filtered=12]
cnt=1 s0=fng (4646,1547)* [filtered=12]
cnt=1 s0=fng (4645,1548)* [filtered=12]
cnt=1 s0=fng (4644,1548)* [filtered=12]
cnt=1 s0=fng (4643,1549)* [filtered=12]
cnt=1 s0=fng (4643,1550)* [filtered=12]
cnt=1 s0=fng (4643,1550)* [filtered=12]
cnt=1 s0=fng (4643,1551)* [filtered=12]
cnt=1 s0=fng (4643,1552)* [filtered=12]
cnt=1 s0=fng (4644,1553)* [filtered=12]
cnt=1 s0=fng (4645,1554)* [filtered=12]
cnt=1 s0=fng (4645,1554)* [filtered=12]
cnt=1 s0=fng (4647,1555)* [filtered=12]
cnt=1 s0=fng (4649,1556)* [filtered=12]
cnt=1 s0=fng (4651,1557)* [filtered=12]
cnt=1 s0=fng (4652,1558)* [filtered=12]
cnt=1 s0=fng (4655,1559) [filtered=12]
cnt=1 s0=fng (4658,1560) [filtered=12]
cnt=1 s0=fng (4662,1561) [filtered=12]
cnt=1 s0=fng (4709,1545) [filtered=12]
cnt=1 s0=fng (4709,1545) [filtered=12]
cnt=1 s0=fng (4708,1546) [filtered=12]
cnt=1 s0=fng (4706,1546) [filtered=12]
cnt=1 s0=fng (4705,1546) [filtered=12]
cnt=1 s0=fng (4704,1547) [filtered=12]
cnt=1 s0=fng (4701,1547) [filtered=12]
cnt=1 s0=fng (4698,1548) [filtered=12]
cnt=1 s0=fng (4697,1548) [filtered=12]
cnt=1 s0=fng (4695,1548) [filtered=12]
cnt=1 s0=fng (4689,1550) [filtered=12]
cnt=1 s0=fng (4683,1552) [filtered=12]
cnt=1 s0=fng (4675,1554) [filtered=12]
cnt=1 s0=fng (4668,1555) [filtered=12]
cnt=1 s0=fng (4661,1557) [filtered=12]
cnt=1 s0=fng (4655,1558) [filtered=12]
cnt=1 s0=fng (4649,1560) [filtered=12]
cnt=1 s0=fng (4644,1562) [filtered=12]
cnt=1 s0=fng (4640,1563) [filtered=12]
cnt=1 s0=fng (4637,1564) [filtered=12]
cnt=1 s0=fng (4635,1565) [filtered=12]
cnt=1 s0=fng (4634,1567) [filtered=12]
cnt=1 s0=fng (4633,1569) [filtered=12]
cnt=1 s0=fng (4633,1570) [filtered=12]
cnt=1 s0=fng (4634,1571) [filtered=12]
cnt=1 s0=fng (4635,1573) [filtered=12]
cnt=1 s0=fng (4638,1575) [filtered=12]
cnt=1 s0=fng (4641,1577) [filtered=12]
cnt=1 s0=fng (4643,1578) [filtered=12]
cnt=1 s0=fng (4647,1581) [filtered=12]
cnt=1 s0=fng (4651,1584) [filtered=12]
cnt=1 s0=fng (4655,1587) [filtered=12]
cnt=1 s0=fng (4757,1518) [filtered=12]
cnt=1 s0=fng (4757,1518) [filtered=12]
cnt=1 s0=fng (4757,1518) [filtered=12]
cnt=1 s0=fng (4757,1518) [filtered=12]
cnt=1 s0=fng (4757,1518) [filtered=12]
cnt=1 s0=fng (4757,1518) [filtered=12]
cnt=1 s0=fng (4757,1518) [filtered=12]
cnt=1 s0=fng (4757,1518) [filtered=12]
cnt=1 s0=fng (4757,1519) [filtered=12]
cnt=1 s0=fng (4757,1520) [filtered=12]
cnt=1 s0=fng (4757,1520) [filtered=12]
cnt=1 s0=fng (1029,23) [filtered=12]
cnt=1 s0=fng (1029,23) [filtered=12]
cnt=1 s0=fng (1029,23) [filtered=12]
cnt=1 s0=fng (1029,23) [filtered=12]
cnt=1 s0=fng (1029,23) [filtered=12]
cnt=1 s0=fng (1029,23) [filtered=12]
cnt=1 s0=fng (1029,23) [filtered=12]
cnt=1 s0=fng (1029,23) [filtered=12]
cnt=1 s0=fng (1029,23) [filtered=12]
cnt=1 s0=fng (1029,23) [filtered=12]
cnt=1 s0=fng (1029,23) [filtered=12]
cnt=1 s0=fng (1029,23) [filtered=12]
cnt=1 s0=fng (1029,23) [filtered=12]
cnt=1 s0=fng (1029,23) [filtered=12]
cnt=1 s0=fng (1029,23) [filtered=12]
cnt=1 s0=fng (1029,23) [filtered=12]
cnt=1 s0=fng (4724,1654) [filtered=12]
cnt=1 s0=fng (4724,1654) [filtered=12]
cnt=1 s0=fng (4723,1653) [filtered=12]
cnt=1 s0=fng (4723,1653) [filtered=12]
cnt=1 s0=fng (4722,1653) [filtered=12]
cnt=1 s0=fng (4721,1652) [filtered=12]
cnt=1 s0=fng (4720,1652) [filtered=12]
cnt=1 s0=fng (4720,1651) [filtered=12]
cnt=1 s0=fng (4720,1651) [filtered=12]
cnt=1 s0=fng (4720,1650) [filtered=12]
cnt=1 s0=fng (4720,1650) [filtered=12]
cnt=1 s0=fng (4720,1649) [filtered=12]
cnt=1 s0=fng (4720,1649) [filtered=12]
cnt=1 s0=fng (4720,1649) [filtered=12]
cnt=1 s0=fng (4720,1649) [filtered=12]
cnt=1 s0=fng (4720,1649) [filtered=12]
cnt=1 s0=fng (4720,1649) [filtered=12]
cnt=1 s0=fng (4720,1649) [filtered=12]
cnt=1 s0=fng (4720,1649) [filtered=12]
cnt=1 s0=fng (4716,1689) [filtered=12]
cnt=1 s0=fng (4716,1689) [filtered=12]
cnt=1 s0=fng (4716,1689) [filtered=12]
cnt=1 s0=fng (4716,1689) [filtered=12]
cnt=1 s0=fng (4716,1689) [filtered=12]
cnt=1 s0=fng (4716,1689) [filtered=12]
cnt=1 s0=fng (4716,1689) [filtered=12]
cnt=1 s0=fng (4715,1689) [filtered=12]
cnt=1 s0=fng (4715,1689) [filtered=12]
cnt=1 s0=fng (4714,1689) [filtered=12]
cnt=1 s0=fng (4713,1689) [filtered=12]
cnt=1 s0=fng (4712,1689) [filtered=12]
cnt=1 s0=fng (4712,1689) [filtered=12]
cnt=1 s0=fng (4712,1689) [filtered=12]
cnt=1 s0=fng (4712,1689) [filtered=12]
cnt=1 s0=fng (4712,1689) [filtered=12]
cnt=1 s0=fng (4712,1689) [filtered=12]
cnt=1 s0=fng (4712,1689) [filtered=12]
cnt=1 s0=fng (4712,1689) [filtered=12]
cnt=1 s0=fng (4712,1689) [filtered=12]
cnt=1 s0=fng (4712,1689)* [filtered=12]
cnt=1 s0=fng (4712,1689)* [filtered=12]
cnt=1 s0=fng (4712,1689)* [filtered=12]
cnt=1 s0=fng (4712,1689)* [filtered=12]
cnt=1 s0=fng (4712,1689)* [filtered=12]
cnt=1 s0=fng (4711,1688)* [filtered=12]
cnt=1 s0=fng (4710,1687)* [filtered=12]
cnt=1 s0=fng (4710,1687)* [filtered=12]
cnt=1 s0=fng (4710,1687)* [filtered=12]
cnt=1 s0=fng (4709,1686)* [filtered=12]
cnt=1 s0=fng (4708,1686)* [filtered=12]
cnt=1 s0=fng (4707,1685)* [filtered=12]
cnt=1 s0=fng (4707,1685)* [filtered=12]
cnt=1 s0=fng (4707,1684)* [filtered=12]
cnt=1 s0=fng (4706,1684)* [filtered=12]
cnt=1 s0=fng (4706,1683)* [filtered=12]
cnt=1 s0=fng (4706,1683)* [filtered=12]
cnt=1 s0=fng (4705,1683)* [filtered=12]
cnt=1 s0=fng (4705,1683)* [filtered=12]
cnt=1 s0=fng (4705,1682)* [filtered=12]
cnt=1 s0=fng (4704,1682)* [filtered=12]
cnt=1 s0=fng (4704,1682)* [filtered=12]
cnt=1 s0=fng (4703,1681)* [filtered=12]
cnt=1 s0=fng (4703,1681)* [filtered=12]
cnt=1 s0=fng (4703,1680)* [filtered=12]
cnt=1 s0=fng (4702,1680)* [filtered=12]
cnt=1 s0=fng (4702,1680)* [filtered=12]
cnt=1 s0=fng (4702,1680)* [filtered=12]
cnt=1 s0=fng (4702,1679)* [filtered=12]
cnt=1 s0=fng (4702,1679)* [filtered=12]
cnt=1 s0=fng (4702,1679)* [filtered=12]
cnt=1 s0=fng (4702,1679)* [filtered=12]
cnt=1 s0=fng (4702,1679)* [filtered=12]
cnt=1 s0=fng (4702,1678)* [filtered=12]
cnt=1 s0=fng (4702,1678)* [filtered=12]
cnt=1 s0=fng (4702,1678)* [filtered=12]
cnt=1 s0=fng (4702,1678)* [filtered=12]
cnt=1 s0=fng (4702,1678)* [filtered=12]
cnt=1 s0=fng (4702,1677)* [filtered=12]
cnt=1 s0=fng (4702,1676)* [filtered=12]
cnt=1 s0=fng (4702,1676)* [filtered=12]
cnt=1 s0=fng (4702,1676)* [filtered=12]
cnt=1 s0=fng (4702,1675)* [filtered=12]
cnt=1 s0=fng (4701,1675)* [filtered=12]
cnt=1 s0=fng (4701,1674)* [filtered=12]
cnt=1 s0=fng (4701,1674)* [filtered=12]
cnt=1 s0=fng (4700,1674)* [filtered=12]
cnt=1 s0=fng (4699,1673)* [filtered=12]
cnt=1 s0=fng (4698,1672)* [filtered=12]
cnt=1 s0=fng (4697,1672)* [filtered=12]
cnt=1 s0=fng (4696,1672)* [filtered=12]
cnt=1 s0=fng (4695,1671)* [filtered=12]
cnt=1 s0=fng (4694,1671)* [filtered=12]
cnt=1 s0=fng (4693,1670)* [filtered=12]
cnt=1 s0=fng (4693,1670)* [filtered=12]
cnt=1 s0=fng (4692,1669)* [filtered=12]
cnt=1 s0=fng (4691,1669)* [filtered=12]
cnt=1 s0=fng (4690,1668)* [filtered=12]
cnt=1 s0=fng (4689,1668)* [filtered=12]
cnt=1 s0=fng (4688,1668)* [filtered=12]
cnt=1 s0=fng (4687,1667)* [filtered=12]
cnt=1 s0=fng (4686,1667)* [filtered=12]
cnt=1 s0=fng (4685,1666)* [filtered=12]
cnt=1 s0=fng (4683,1665)* [filtered=12]
cnt=1 s0=fng (4682,1665)* [filtered=12]
cnt=1 s0=fng (4680,1665)* [filtered=12]
cnt=1 s0=fng (4678,1664)* [filtered=12]
cnt=1 s0=fng (4676,1664)* [filtered=12]
cnt=1 s0=fng (4675,1664)* [filtered=12]
cnt=1 s0=fng (4673,1663)* [filtered=12]
cnt=1 s0=fng (4671,1662)* [filtered=12]
cnt=1 s0=fng (4669,1661)* [filtered=12]
cnt=1 s0=fng (4668,1660)* [filtered=12]
cnt=1 s0=fng (4667,1660)* [filtered=12]
cnt=1 s0=fng (4666,1659)* [filtered=12]
cnt=1 s0=fng (4664,1659)* [filtered=12]
cnt=1 s0=fng (4662,1658)* [filtered=12]
cnt=1 s0=fng (4661,1657)* [filtered=12]
cnt=1 s0=fng (4660,1657)* [filtered=12]
cnt=1 s0=fng (4659,1656)* [filtered=12]
cnt=1 s0=fng (4657,1656)* [filtered=12]
cnt=1 s0=fng (4655,1655)* [filtered=12]
cnt=1 s0=fng (4654,1655)* [filtered=12]
cnt=1 s0=fng (4653,1654)* [filtered=12]
cnt=1 s0=fng (4652,1654)* [filtered=12]
cnt=1 s0=fng (4651,1653)* [filtered=12]
cnt=1 s0=fng (4650,1652)* [filtered=12]
cnt=1 s0=fng (4649,1652)* [filtered=12]
cnt=1 s0=fng (4648,1651)* [filtered=12]
cnt=1 s0=fng (4646,1650)* [filtered=12]
cnt=1 s0=fng (4644,1650)* [filtered=12]
cnt=1 s0=fng (4642,1649)* [filtered=12]
cnt=1 s0=fng (4641,1649)* [filtered=12]
cnt=1 s0=fng (4639,1648)* [filtered=12]
cnt=1 s0=fng (4637,1648)* [filtered=12]
cnt=1 s0=fng (4635,1647)* [filtered=12]
cnt=1 s0=fng (4634,1646)* [filtered=12]
cnt=1 s0=fng (4632,1646)* [filtered=12]
cnt=1 s0=fng (4631,1645)* [filtered=12]
cnt=1 s0=fng (4629,1645)* [filtered=12]
cnt=1 s0=fng (4627,1644)* [filtered=12]
cnt=1 s0=fng (4626,1644)* [filtered=12]
cnt=1 s0=fng (4624,1643)* [filtered=12]
cnt=1 s0=fng (4623,1642)* [filtered=12]
cnt=1 s0=fng (4622,1642)* [filtered=12]
cnt=1 s0=fng (4620,1641)* [filtered=12]
cnt=1 s0=fng (4619,1641)* [filtered=12]
cnt=1 s0=fng (4618,1641)* [filtered=12]
cnt=1 s0=fng (4617,1640)* [filtered=12]
cnt=1 s0=fng (4616,1640)* [filtered=12]
cnt=1 s0=fng (4615,1639)* [filtered=12]
cnt=1 s0=fng (4615,1639)* [filtered=12]
cnt=1 s0=fng (4614,1638)* [filtered=12]
cnt=1 s0=fng (4613,1638)* [filtered=12]
cnt=1 s0=fng (4612,1637)* [filtered=12]
cnt=1 s0=fng (4612,1637)* [filtered=12]
cnt=1 s0=fng (4611,1637)* [filtered=12]
cnt=1 s0=fng (4610,1636)* [filtered=12]
cnt=1 s0=fng (4609,1635)* [filtered=12]
cnt=1 s0=fng (4608,1635)* [filtered=12]
cnt=1 s0=fng (4607,1635)* [filtered=12]
cnt=1 s0=fng (4606,1635)* [filtered=12]
cnt=1 s0=fng (4606,1635)* [filtered=12]
cnt=1 s0=fng (4606,1634)* [filtered=12]
cnt=1 s0=fng (4606,1634)* [filtered=12]
cnt=1 s0=fng (4606,1634)* [filtered=12]
cnt=1 s0=fng (4606,1634)* [filtered=12]
cnt=1 s0=fng (4606,1634)* [filtered=12]
cnt=1 s0=fng (4606,1634)* [filtered=12]
cnt=1 s0=fng (4606,1634)* [filtered=12]
cnt=1 s0=fng (4606,1634)* [filtered=12]
cnt=1 s0=fng (4606,1634)* [filtered=12]
cnt=1 s0=fng (4606,1634)* [filtered=12]
cnt=1 s0=fng (4606,1634)* [filtered=12]
cnt=1 s0=fng (4606,1634)* [filtered=12]
cnt=1 s0=fng (4606,1634)* [filtered=12]
cnt=1 s0=fng (4606,1634)* [filtered=12]
cnt=1 s0=fng (4606,1634)* [filtered=12]
cnt=1 s0=fng (4606,1634)* [filtered=12]
cnt=1 s0=fng (4606,1634)* [filtered=12]
cnt=1 s0=fng (4606,1634)* [filtered=12]
cnt=1 s0=fng (4606,1634)* [filtered=12]
cnt=1 s0=fng (4606,1634)* [filtered=12]
cnt=1 s0=fng (4606,1634)* [filtered=12]
cnt=1 s0=fng (4606,1634)* [filtered=12]
cnt=1 s0=fng (4606,1634)* [filtered=12]
cnt=1 s0=fng (4606,1634)* [filtered=12]
cnt=1 s0=fng (4606,1634)* [filtered=12]
cnt=1 s0=fng (4606,1634)* [filtered=12]
cnt=1 s0=fng (4606,1634)* [filtered=12]
cnt=1 s0=fng (4606,1634)* [filtered=12]
cnt=1 s0=fng (4606,1634)* [filtered=12]
cnt=1 s0=fng (4606,1634)* [filtered=12]
cnt=1 s0=fng (4606,1634)* [filtered=12]
cnt=1 s0=fng (4606,1634)* [filtered=12]
cnt=1 s0=fng (4606,1634)* [filtered=12]
cnt=1 s0=fng (4606,1634)* [filtered=12]
cnt=1 s0=fng (4606,1634)* [filtered=12]
cnt=1 s0=fng (4606,1634)* [filtered=12]
cnt=1 s0=fng (4606,1634)* [filtered=12]
cnt=1 s0=fng (4606,1634)* [filtered=12]
cnt=1 s0=fng (4606,1634)* [filtered=12]
cnt=1 s0=fng (4606,1634)* [filtered=12]
cnt=1 s0=fng (4606,1634)* [filtered=12]
cnt=1 s0=fng (4606,1634)* [filtered=12]
cnt=1 s0=fng (4606,1634)* [filtered=12]
cnt=1 s0=fng (4606,1634)* [filtered=12]
cnt=1 s0=fng (4606,1634)* [filtered=12]
cnt=1 s0=fng (4606,1634)* [filtered=12]
cnt=1 s0=fng (4606,1634)* [filtered=12]
cnt=1 s0=fng (4606,1634)* [filtered=12]
cnt=1 s0=fng (4606,1633)* [filtered=12]
cnt=1 s0=fng (4606,1633)* [filtered=12]
cnt=1 s0=fng (4606,1633)* [filtered=12]
cnt=1 s0=fng (4606,1633)* [filtered=12]
cnt=1 s0=fng (4607,1633)* [filtered=12]
cnt=1 s0=fng (4607,1633)* [filtered=12]
cnt=1 s0=fng (4607,1633)* [filtered=12]
cnt=1 s0=fng (4608,1633)* [filtered=12]
cnt=1 s0=fng (4609,1633)* [filtered=12]
cnt=1 s0=fng (4610,1633)* [filtered=12]
cnt=1 s0=fng (4610,1633)* [filtered=12]
cnt=1 s0=fng (4611,1633)* [filtered=12]
cnt=1 s0=fng (4612,1633)* [filtered=12]
cnt=1 s0=fng (4613,1632)* [filtered=12]
cnt=1 s0=fng (4614,1632)* [filtered=12]
cnt=1 s0=fng (4615,1632)* [filtered=12]
cnt=1 s0=fng (4616,1631)* [filtered=12]
cnt=1 s0=fng (4616,1631)* [filtered=12]
cnt=1 s0=fng (4617,1630)* [filtered=12]
cnt=1 s0=fng (4617,1630)* [filtered=12]
cnt=1 s0=fng (4617,1630)* [filtered=12]
cnt=1 s0=fng (4617,1629)* [filtered=12]
cnt=1 s0=fng (4617,1629)* [filtered=12]
cnt=1 s0=fng (4617,1628)* [filtered=12]
cnt=1 s0=fng (4617,1627)* [filtered=12]
cnt=1 s0=fng (4617,1627)* [filtered=12]
cnt=1 s0=fng (4617,1626)* [filtered=12]
cnt=1 s0=fng (4617,1625)* [filtered=12]
cnt=1 s0=fng (4617,1624)* [filtered=12]
cnt=1 s0=fng (4617,1624)* [filtered=12]
cnt=1 s0=fng (4617,1623)* [filtered=12]
cnt=1 s0=fng (4616,1622)* [filtered=12]
cnt=1 s0=fng (4615,1621)* [filtered=12]
cnt=1 s0=fng (4614,1620)* [filtered=12]
cnt=1 s0=fng (4613,1620)* [filtered=12]
cnt=1 s0=fng (4611,1619)* [filtered=12]
cnt=1 s0=fng (4608,1618) [filtered=12]
cnt=1 s0=fng (4604,1617) [filtered=12]
cnt=1 s0=fng (4602,1616) [filtered=12]
cnt=1 s0=fng (4599,1615) [filtered=12]
cnt=1 s0=fng (4596,1614) [filtered=12]
cnt=1 s0=fng (4593,1613) [filtered=12]
cnt=1 s0=fng (4590,1612) [filtered=12]
cnt=1 s0=fng (4588,1612) [filtered=12]
cnt=1 s0=fng (4584,1611) [filtered=12]
cnt=1 s0=fng (4580,1610) [filtered=12]
cnt=1 s0=fng (4575,1608) [filtered=12]
cnt=1 s0=fng (4570,1606) [filtered=12]
cnt=1 s0=fng (4565,1605) [filtered=12]
cnt=1 s0=fng (4560,1604) [filtered=12]
cnt=1 s0=fng (4555,1603) [filtered=12]
cnt=1 s0=fng (4550,1601) [filtered=12]
cnt=1 s0=fng (4545,1600) [filtered=12]
cnt=1 s0=fng (4540,1599) [filtered=12]
cnt=1 s0=fng (4535,1598) [filtered=12]
cnt=1 s0=fng (4530,1596) [filtered=12]
cnt=1 s0=fng (4525,1595) [filtered=12]
cnt=1 s0=fng (4521,1594) [filtered=12]
cnt=1 s0=fng (4518,1593) [filtered=12]
cnt=1 s0=fng (4516,1592) [filtered=12]
cnt=1 s0=fng (4513,1591) [filtered=12]
cnt=1 s0=fng (4511,1591) [filtered=12]
cnt=1 s0=fng (4510,1591) [filtered=12]
cnt=1 s0=fng (4508,1590) [filtered=12]
cnt=1 s0=fng (4506,1589) [filtered=12]
cnt=1 s0=fng (4504,1589) [filtered=12]
cnt=1 s0=fng (4503,1589) [filtered=12]
cnt=1 s0=fng (4502,1589) [filtered=12]
cnt=1 s0=fng (4502,1589) [filtered=12]
cnt=1 s0=fng (4502,1589) [filtered=12]
cnt=1 s0=fng (4502,1590) [filtered=12]
cnt=1 s0=fng (4502,1590) [filtered=12]
cnt=1 s0=fng (4503,1591) [filtered=12]
cnt=1 s0=fng (4505,1592) [filtered=12]
cnt=1 s0=fng (4508,1593) [filtered=12]
cnt=1 s0=fng (4513,1594) [filtered=12]
cnt=1 s0=fng (4516,1595) [filtered=12]
cnt=1 s0=fng (4521,1596) [filtered=12]
cnt=1 s0=fng (4527,1598) [filtered=12]
cnt=1 s0=fng (4535,1601) [filtered=12]
cnt=1 s0=fng (4542,1603) [filtered=12]
cnt=1 s0=fng (4542,1603) [filtered=12]
cnt=1 s0=fng (1137,27) [filtered=12]
cnt=1 s0=fng (1137,27) [filtered=12]
cnt=1 s0=fng (1137,27) [filtered=12]
cnt=1 s0=fng (1137,27) [filtered=12]
cnt=1 s0=fng (1137,27) [filtered=12]
cnt=1 s0=fng (1138,27) [filtered=12]
cnt=1 s0=fng (1138,27) [filtered=12]
cnt=1 s0=fng (1138,27) [filtered=12]
cnt=1 s0=fng (1138,27) [filtered=12]
cnt=1 s0=fng (1139,27) [filtered=12]
cnt=1 s0=fng (1139,27) [filtered=12]
cnt=1 s0=fng (1139,27) [filtered=12]
cnt=1 s0=fng (1139,27) [filtered=12]
cnt=1 s0=fng (1139,27) [filtered=12]
cnt=1 s0=fng (1139,27) [filtered=12]
cnt=1 s0=fng (21,1951) [filtered=12]
cnt=1 s0=fng (21,1951) [filtered=12]
cnt=1 s0=fng (21,1950) [filtered=12]
cnt=1 s0=fng (21,1949) [filtered=12]
cnt=1 s0=fng (21,1948) [filtered=12]
cnt=1 s0=fng (21,1948) [filtered=12]
cnt=1 s0=fng (21,1948) [filtered=12]
cnt=1 s0=fng (21,1947) [filtered=12]
cnt=1 s0=fng (21,1947) [filtered=12]
cnt=1 s0=fng (21,1947) [filtered=12]
cnt=1 s0=fng (21,1946) [filtered=12]
cnt=1 s0=fng (4728,1568) [filtered=12]
cnt=1 s0=fng (4726,1567) [filtered=12]
cnt=1 s0=fng (4724,1566) [filtered=12]
cnt=1 s0=fng (4723,1566) [filtered=12]
cnt=1 s0=fng (4722,1565) [filtered=12]
cnt=1 s0=fng (4720,1564) [filtered=12]
cnt=1 s0=fng (4716,1561) [filtered=12]
cnt=1 s0=fng (4711,1558) [filtered=12]
cnt=1 s0=fng (4708,1557) [filtered=12]
cnt=1 s0=fng (4704,1554) [filtered=12]
cnt=1 s0=fng (4699,1552) [filtered=12]
cnt=1 s0=fng (4693,1549) [filtered=12]
cnt=1 s0=fng (4687,1546) [filtered=12]
cnt=1 s0=fng (4682,1545) [filtered=12]
cnt=1 s0=fng (4677,1543) [filtered=12]
cnt=1 s0=fng (4672,1541) [filtered=12]
cnt=1 s0=fng (4667,1540) [filtered=12]
cnt=1 s0=fng (4663,1539) [filtered=12]
cnt=1 s0=fng (4659,1538) [filtered=12]
cnt=1 s0=fng (4656,1537) [filtered=12]
cnt=1 s0=fng (4653,1536) [filtered=12]
cnt=1 s0=fng (4651,1536) [filtered=12]
cnt=1 s0=fng (4649,1536) [filtered=12]
cnt=1 s0=fng (4648,1536) [filtered=12]
cnt=1 s0=fng (4649,1536) [filtered=12]
cnt=1 s0=fng (4650,1537) [filtered=12]
cnt=1 s0=fng (4651,1539) [filtered=12]
cnt=1 s0=fng (4652,1540) [filtered=12]
cnt=1 s0=fng (4654,1542) [filtered=12]
cnt=1 s0=fng (4657,1545) [filtered=12]
cnt=1 s0=fng (4661,1548) [filtered=12]
cnt=1 s0=fng (4664,1550) [filtered=12]
cnt=1 s0=fng (4667,1553) [filtered=12]
cnt=1 s0=fng (10,2014) [filtered=12]
cnt=1 s0=fng (10,2014) [filtered=12]
cnt=1 s0=fng (10,2014) [filtered=12]
cnt=1 s0=fng (10,2014) [filtered=12]
cnt=1 s0=fng (10,2014) [filtered=12]
cnt=1 s0=fng (10,2015) [filtered=12]
cnt=1 s0=fng (10,2015) [filtered=12]
cnt=1 s0=fng (10,2015) [filtered=12]
cnt=1 s0=fng (10,2015) [filtered=12]
cnt=1 s0=fng (10,2016) [filtered=12]
cnt=1 s0=fng (10,2017) [filtered=12]
cnt=1 s0=fng (10,2017) [filtered=12]
cnt=1 s0=fng (10,2017) [filtered=12]
cnt=1 s0=fng (10,2018) [filtered=12]
cnt=1 s0=fng (10,2018) [filtered=12]
cnt=1 s0=fng (4722,1602) [filtered=12]
cnt=1 s0=fng (4722,1601) [filtered=12]
cnt=1 s0=fng (4722,1600) [filtered=12]
cnt=1 s0=fng (4722,1599) [filtered=12]
cnt=1 s0=fng (4722,1599) [filtered=12]
cnt=1 s0=fng (4722,1598) [filtered=12]
cnt=1 s0=fng (4722,1596) [filtered=12]
cnt=1 s0=fng (4722,1594) [filtered=12]
cnt=1 s0=fng (4722,1592) [filtered=12]
cnt=1 s0=fng (4722,1591) [filtered=12]
cnt=1 s0=fng (4722,1589) [filtered=12]
cnt=1 s0=fng (4722,1587) [filtered=12]
cnt=1 s0=fng (4722,1585) [filtered=12]
cnt=1 s0=fng (4732,1642) [filtered=12]
cnt=1 s0=fng (4732,1642) [filtered=12]
cnt=1 s0=fng (4732,1642) [filtered=12]
cnt=1 s0=fng (4732,1642) [filtered=12]
cnt=1 s0=fng (4732,1642) [filtered=12]
cnt=1 s0=fng (4732,1642) [filtered=12]
cnt=1 s0=fng (4732,1642) [filtered=12]
cnt=1 s0=fng (4732,1642) [filtered=12]
cnt=1 s0=fng (4732,1642) [filtered=12]
cnt=1 s0=fng (4732,1641) [filtered=12]
cnt=1 s0=fng (4732,1641) [filtered=12]
cnt=1 s0=fng (4732,1641) [filtered=12]
cnt=1 s0=fng (4732,1640) [filtered=12]
cnt=1 s0=fng (4732,1640) [filtered=12]
cnt=1 s0=fng (4732,1639) [filtered=12]
cnt=1 s0=fng (4732,1639) [filtered=12]
cnt=1 s0=fng (4732,1638) [filtered=12]
cnt=1 s0=fng (4732,1638) [filtered=12]
cnt=1 s0=fng (4732,1637) [filtered=12]
cnt=1 s0=fng (4732,1637) [filtered=12]
cnt=1 s0=fng (4732,1637)* [filtered=12]
cnt=1 s0=fng (4732,1636)* [filtered=12]
cnt=1 s0=fng (4732,1635)* [filtered=12]
cnt=1 s0=fng (4732,1635)* [filtered=12]
cnt=1 s0=fng (4732,1634)* [filtered=12]
cnt=1 s0=fng (4732,1634)* [filtered=12]
cnt=1 s0=fng (4732,1634)* [filtered=12]
cnt=1 s0=fng (4731,1633)* [filtered=12]
cnt=1 s0=fng (4730,1633)* [filtered=12]
cnt=1 s0=fng (4730,1632)* [filtered=12]
cnt=1 s0=fng (4730,1632)* [filtered=12]
cnt=1 s0=fng (4730,1631)* [filtered=12]
cnt=1 s0=fng (4730,1631)* [filtered=12]
cnt=1 s0=fng (4730,1630)* [filtered=12]
cnt=1 s0=fng (4730,1630)* [filtered=12]
cnt=1 s0=fng (4730,1630)* [filtered=12]
cnt=1 s0=fng (4729,1630)* [filtered=12]
cnt=1 s0=fng (4728,1629)* [filtered=12]
cnt=1 s0=fng (4728,1629)* [filtered=12]
cnt=1 s0=fng (4728,1629)* [filtered=12]
cnt=1 s0=fng (4728,1629)* [filtered=12]
cnt=1 s0=fng (4728,1628)* [filtered=12]
cnt=1 s0=fng (4728,1627)* [filtered=12]
cnt=1 s0=fng (4728,1627)* [filtered=12]
cnt=1 s0=fng (4728,1627)* [filtered=12]
cnt=1 s0=fng (4728,1626)* [filtered=12]
cnt=1 s0=fng (4728,1626)* [filtered=12]
cnt=1 s0=fng (4728,1625)* [filtered=12]
cnt=1 s0=fng (4728,1625)* [filtered=12]
cnt=1 s0=fng (4728,1625)* [filtered=12]
cnt=1 s0=fng (4728,1624)* [filtered=12]
cnt=1 s0=fng (4728,1623)* [filtered=12]
cnt=1 s0=fng (4728,1623)* [filtered=12]
cnt=1 s0=fng (4728,1622)* [filtered=12]
cnt=1 s0=fng (4728,1622)* [filtered=12]
cnt=1 s0=fng (4728,1621)* [filtered=12]
cnt=1 s0=fng (4728,1620)* [filtered=12]
cnt=1 s0=fng (4728,1619)* [filtered=12]
cnt=1 s0=fng (4728,1619)* [filtered=12]
cnt=1 s0=fng (4728,1619)* [filtered=12]
cnt=1 s0=fng (4728,1618)* [filtered=12]
cnt=1 s0=fng (4728,1617)* [filtered=12]
cnt=1 s0=fng (4728,1616)* [filtered=12]
cnt=1 s0=fng (4728,1616)* [filtered=12]
cnt=1 s0=fng (4728,1616)* [filtered=12]
cnt=1 s0=fng (4728,1615)* [filtered=12]
cnt=1 s0=fng (4728,1614)* [filtered=12]
cnt=1 s0=fng (4728,1613)* [filtered=12]
cnt=1 s0=fng (4728,1612)* [filtered=12]
cnt=1 s0=fng (4728,1611)* [filtered=12]
cnt=1 s0=fng (4728,1611)* [filtered=12]
cnt=1 s0=fng (4728,1610)* [filtered=12]
cnt=1 s0=fng (4728,1609)* [filtered=12]
cnt=1 s0=fng (4728,1608)* [filtered=12]
cnt=1 s0=fng (4728,1607)* [filtered=12]
cnt=1 s0=fng (4728,1607)* [filtered=12]
cnt=1 s0=fng (4728,1606)* [filtered=12]
cnt=1 s0=fng (4728,1605)* [filtered=12]
cnt=1 s0=fng (4728,1605)* [filtered=12]
cnt=1 s0=fng (4728,1604)* [filtered=12]
cnt=1 s0=fng (3208,112) [filtered=12]
cnt=1 s0=fng (3208,112) [filtered=12]
cnt=1 s0=fng (3208,114) [filtered=12]
cnt=1 s0=fng (3208,115) [filtered=12]
cnt=1 s0=fng (3208,117) [filtered=12]
cnt=1 s0=fng (3208,120) [filtered=12]
cnt=1 s0=fng (3208,121) [filtered=12]
cnt=2 s0=fng (3207,123) s1=fng (2351,360) [filtered=12]
cnt=2 s0=fng (3206,128) s1=fng (2351,361) [filtered=12]
cnt=2 s0=fng (3205,134) s1=fng (2351,363) [filtered=12]
cnt=2 s0=fng (3205,140) s1=fng (2351,364) [filtered=12]
cnt=2 s0=fng (3203,153) s1=fng (2350,365) [filtered=12]
cnt=2 s0=fng (3201,164) s1=fng (2349,367) [filtered=12]
cnt=2 s0=fng (3199,174) s1=fng (2348,370) [filtered=12]
cnt=2 s0=fng (3196,185) s1=fng (2347,374) [filtered=12]
cnt=2 s0=fng (3195,195) s1=fng (2347,377) [filtered=12]
cnt=2 s0=fng (3193,205) s1=fng (2345,383) [filtered=12]
cnt=2 s0=fng (3191,215) s1=fng (2342,391) [filtered=12]
cnt=2 s0=fng (3188,226) s1=fng (2338,400) [filtered=12]
cnt=2 s0=fng (3185,238) s1=fng (2334,412) [filtered=12]
cnt=2 s0=fng (3184,250) s1=fng (2332,423) [filtered=12]
cnt=2 s0=fng (3182,262) s1=fng (2328,435) [filtered=12]
cnt=2 s0=fng (3180,275) s1=fng (2324,448) [filtered=12]
cnt=2 s0=fng (3177,288) s1=fng (2320,461) [filtered=12]
cnt=2 s0=fng (3176,300) s1=fng (2317,474) [filtered=12]
cnt=2 s0=fng (3174,314) s1=fng (2313,488) [filtered=12]
cnt=2 s0=fng (3171,329) s1=fng (2309,503) [filtered=12]
cnt=2 s0=fng (3168,345) s1=fng (2305,519) [filtered=12]
cnt=2 s0=fng (3165,362) s1=fng (2301,536) [filtered=12]
cnt=2 s0=fng (3163,379) s1=fng (2298,553) [filtered=12]
cnt=2 s0=fng (3160,397) s1=fng (2294,571) [filtered=12]
cnt=2 s0=fng (3156,416) s1=fng (2290,590) [filtered=12]
cnt=2 s0=fng (3152,436) s1=fng (2287,611) [filtered=12]
cnt=2 s0=fng (3148,457) s1=fng (2284,633) [filtered=12]
cnt=2 s0=fng (3145,478) s1=fng (2282,654) [filtered=12]
cnt=2 s0=fng (3141,499) s1=fng (2281,677) [filtered=12]
cnt=2 s0=fng (3137,521) s1=fng (2279,701) [filtered=12]
cnt=2 s0=fng (3133,544) s1=fng (2277,726) [filtered=12]
cnt=2 s0=fng (3130,566) s1=fng (2276,751) [filtered=12]
cnt=2 s0=fng (3127,590) s1=fng (2274,776) [filtered=12]
cnt=2 s0=fng (3123,615) s1=fng (2273,803) [filtered=12]
cnt=2 s0=fng (3118,641) s1=fng (2271,831) [filtered=12]
cnt=2 s0=fng (3113,669) s1=fng (2269,860) [filtered=12]
cnt=2 s0=fng (3109,697) s1=fng (2268,889) [filtered=12]
cnt=2 s0=fng (3105,725) s1=fng (2267,919) [filtered=12]
cnt=2 s0=fng (3100,754) s1=fng (2266,950) [filtered=12]
cnt=2 s0=fng (3095,783) s1=fng (2264,981) [filtered=12]
cnt=2 s0=fng (3090,812) s1=fng (2263,1013) [filtered=12]
cnt=2 s0=fng (3086,841) s1=fng (2262,1045) [filtered=12]
cnt=2 s0=fng (3083,870) s1=fng (2262,1077) [filtered=12]
cnt=2 s0=fng (3080,899) s1=fng (2261,1109) [filtered=12]
cnt=2 s0=fng (3077,928) s1=fng (2261,1141) [filtered=12]
cnt=2 s0=fng (3074,956) s1=fng (2261,1172) [filtered=12]
cnt=2 s0=fng (3072,985) s1=fng (2261,1202) [filtered=12]
cnt=2 s0=fng (3071,1013) s1=fng (2262,1232) [filtered=12]
cnt=2 s0=fng (3072,1040) s1=fng (2263,1261) [filtered=12]
cnt=2 s0=fng (3071,1067) s1=fng (2265,1290) [filtered=12]
cnt=2 s0=fng (3071,1093) s1=fng (2266,1318) [filtered=12]
cnt=2 s0=fng (3070,1118) s1=fng (2267,1344) [filtered=12]
cnt=2 s0=fng (3069,1143) s1=fng (2269,1371) [filtered=12]
cnt=2 s0=fng (3069,1168) s1=fng (2271,1396) [filtered=12]
cnt=2 s0=fng (3069,1191) s1=fng (2274,1421) [filtered=12]
cnt=2 s0=fng (3069,1213) s1=fng (2275,1445) [filtered=12]
cnt=2 s0=fng (3070,1234) s1=fng (2277,1467) [filtered=12]
cnt=2 s0=fng (3070,1255) s1=fng (2280,1488) [filtered=12]
cnt=2 s0=fng (3071,1276) s1=fng (2283,1509) [filtered=12]
cnt=2 s0=fng (3072,1296) s1=fng (2284,1529) [filtered=12]
cnt=2 s0=fng (3072,1315) s1=fng (2286,1548) [filtered=12]
cnt=2 s0=fng (3073,1333) s1=fng (2288,1566) [filtered=12]
cnt=2 s0=fng (3074,1349) s1=fng (2291,1583) [filtered=12]
cnt=2 s0=fng (3075,1365) s1=fng (2293,1599) [filtered=12]
cnt=2 s0=fng (3076,1381) s1=fng (2294,1615) [filtered=12]
cnt=2 s0=PALM(3077,1396) s1=PALM(2296,1630) [filtered=13]
cnt=2 s0=PALM(3078,1409) s1=PALM(2298,1643) [filtered=14]
cnt=2 s0=PALM(3079,1421) s1=PALM(2300,1655) [filtered=15]
cnt=2 s0=PALM(3079,1431) s1=PALM(2302,1666) [filtered=16]
cnt=2 s0=PALM(3079,1441) s1=PALM(2303,1677) [filtered=17]
cnt=2 s0=PALM(3080,1449) s1=PALM(2305,1687) [filtered=18]
cnt=2 s0=PALM(3081,1457) s1=PALM(2306,1695) [filtered=19]
cnt=2 s0=PALM(3081,1464) s1=PALM(2307,1702) [filtered=20]
cnt=2 s0=PALM(3081,1471) s1=PALM(2308,1709) [filtered=21]
cnt=2 s0=PALM(3082,1477) s1=PALM(2309,1715) [filtered=22]
cnt=2 s0=PALM(3082,1481) s1=PALM(2310,1720) [filtered=23]
cnt=2 s0=PALM(3083,1485) s1=PALM(2311,1724) [filtered=24]
cnt=2 s0=PALM(3083,1489) s1=PALM(2312,1728) [filtered=25]
cnt=2 s0=PALM(3083,1493) s1=PALM(2312,1732) [filtered=26]
cnt=2 s0=PALM(3083,1496) s1=PALM(2313,1736) [filtered=27]
cnt=2 s0=PALM(3083,1499) s1=PALM(2313,1739) [filtered=28]
cnt=2 s0=PALM(3083,1501) s1=PALM(2314,1742) [filtered=29]
cnt=2 s0=PALM(3084,1503) s1=PALM(2315,1744) [filtered=30]
cnt=2 s0=PALM(3084,1505) s1=PALM(2315,1746) [filtered=31]
cnt=2 s0=PALM(3084,1506) s1=PALM(2315,1748) [filtered=32]
cnt=2 s0=PALM(3085,1507) s1=PALM(2316,1750) [filtered=33]
cnt=2 s0=PALM(3085,1508) s1=PALM(2316,1752) [filtered=34]
cnt=2 s0=PALM(3085,1508) s1=PALM(2316,1753) [filtered=35]
cnt=2 s0=PALM(3085,1508) s1=PALM(2316,1754) [filtered=36]
cnt=2 s0=PALM(3085,1508) s1=PALM(2316,1755) [filtered=37]
cnt=2 s0=PALM(3086,1508) s1=PALM(2316,1755) [filtered=38]
cnt=2 s0=PALM(3086,1508) s1=PALM(2316,1755) [filtered=39]
cnt=2 s0=PALM(3086,1508) s1=PALM(2316,1755) [filtered=40]
cnt=2 s0=PALM(3086,1508) s1=PALM(2316,1754) [filtered=41]
cnt=2 s0=PALM(3086,1508) s1=PALM(2317,1754) [filtered=42]
cnt=2 s0=PALM(3086,1508) s1=PALM(2317,1755) [filtered=43]
cnt=2 s0=PALM(3086,1508) s1=PALM(2317,1755) [filtered=44]
cnt=2 s0=PALM(3086,1508) s1=PALM(2317,1755) [filtered=45]
cnt=2 s0=PALM(3086,1508)* s1=PALM(2317,1756) [filtered=46]
cnt=2 s0=PALM(3087,1508)* s1=PALM(2317,1756) [filtered=47]
cnt=2 s0=PALM(3087,1508)* s1=PALM(2317,1756) [filtered=48]
cnt=2 s0=PALM(3087,1508)* s1=PALM(2317,1756)* [filtered=49]
cnt=2 s0=PALM(3087,1508)* s1=PALM(2317,1756)* [filtered=50]
cnt=2 s0=PALM(3087,1508)* s1=PALM(2317,1756)* [filtered=51]
cnt=2 s0=PALM(3087,1508)* s1=PALM(2317,1756)* [filtered=52]
cnt=2 s0=PALM(3087,1508)* s1=PALM(2317,1756)* [filtered=53]
cnt=2 s0=PALM(3087,1508)* s1=PALM(2317,1756)* [filtered=54]
cnt=2 s0=PALM(3088,1508)* s1=PALM(2317,1756)* [filtered=55]
cnt=2 s0=PALM(3088,1508)* s1=PALM(2317,1756)* [filtered=56]
cnt=2 s0=PALM(3088,1508)* s1=PALM(2317,1756)* [filtered=57]
cnt=2 s0=PALM(3089,1508)* s1=PALM(2317,1756)* [filtered=58]
cnt=2 s0=PALM(3089,1508)* s1=PALM(2317,1756)* [filtered=59]
cnt=2 s0=PALM(3090,1508)* s1=PALM(2317,1756)* [filtered=60]
cnt=2 s0=PALM(3090,1508)* s1=PALM(2317,1756)* [filtered=61]
cnt=2 s0=PALM(3090,1508)* s1=PALM(2317,1756)* [filtered=62]
cnt=2 s0=PALM(3090,1508)* s1=PALM(2317,1756)* [filtered=63]
cnt=2 s0=PALM(3091,1508)* s1=PALM(2317,1757)* [filtered=64]
cnt=2 s0=PALM(3091,1507)* s1=PALM(2318,1758)* [filtered=65]
cnt=2 s0=PALM(3091,1507)* s1=PALM(2319,1761) [filtered=66]
cnt=2 s0=PALM(3091,1508)* s1=PALM(2321,1765) [filtered=67]
cnt=2 s0=PALM(3091,1509)* s1=PALM(2322,1767) [filtered=68]
cnt=2 s0=PALM(3092,1511)* s1=PALM(2324,1772) [filtered=69]
cnt=2 s0=PALM(3093,1514) s1=PALM(2327,1778) [filtered=70]
cnt=2 s0=PALM(3095,1519) s1=PALM(2330,1787) [filtered=71]
cnt=2 s0=PALM(3097,1526) s1=PALM(2333,1798) [filtered=72]
cnt=2 s0=PALM(3098,1532) s1=PALM(2335,1808) [filtered=73]
cnt=2 s0=PALM(3099,1541) s1=PALM(2338,1820) [filtered=74]
cnt=2 s0=PALM(3100,1551) s1=PALM(2342,1834) [filtered=75]
cnt=2 s0=PALM(3102,1563) s1=PALM(2347,1851) [filtered=76]
cnt=2 s0=PALM(3103,1575) s1=PALM(2350,1867) [filtered=77]
cnt=2 s0=PALM(3103,1589) s1=PALM(2354,1884) [filtered=78]
cnt=2 s0=PALM(3103,1606) s1=PALM(2359,1903) [filtered=79]
cnt=2 s0=PALM(3103,1624) s1=PALM(2364,1924) [filtered=80]
cnt=2 s0=PALM(3102,1644) s1=PALM(2369,1946) [filtered=81]
cnt=2 s0=PALM(3102,1664) s1=PALM(2373,1968) [filtered=82]
cnt=2 s0=PALM(3101,1685) s1=PALM(2378,1991) [filtered=83]
cnt=2 s0=fng (3100,1706) s1=PALM(2383,2014) [filtered=84]
cnt=2 s0=fng (3099,1727) s1=PALM(2389,2037) [filtered=85]
cnt=2 s0=fng (3097,1749) s1=PALM(2395,2060) [filtered=86]
cnt=2 s0=fng (3096,1770) s1=PALM(2400,2083) [filtered=87]
cnt=2 s0=fng (3095,1791) s1=PALM(2405,2106) [filtered=88]
cnt=2 s0=fng (3094,1811) s1=PALM(2410,2128) [filtered=89]
cnt=2 s0=fng (3093,1829) s1=PALM(2416,2149) [filtered=90]
cnt=2 s0=fng (3092,1846) s1=PALM(2421,2169) [filtered=91]
cnt=2 s0=fng (3091,1863) s1=PALM(2426,2188) [filtered=92]
cnt=2 s0=fng (3091,1880) s1=PALM(2431,2205) [filtered=93]
cnt=2 s0=fng (3091,1896) s1=PALM(2436,2222) [filtered=94]
cnt=2 s0=PALM(3091,1910) s1=PALM(2441,2237) [filtered=95]
cnt=2 s0=PALM(3091,1923) s1=PALM(2446,2251) [filtered=96]
cnt=2 s0=PALM(3091,1935) s1=PALM(2451,2263) [filtered=97]
cnt=2 s0=PALM(3092,1948) s1=PALM(2456,2274) [filtered=98]
cnt=2 s0=PALM(3094,1961) s1=PALM(2461,2285) [filtered=99]
cnt=2 s0=PALM(3096,1973) s1=PALM(2467,2294) [filtered=100]
cnt=2 s0=PALM(3097,1984) s1=PALM(2472,2302) [filtered=101]
cnt=2 s0=PALM(3099,1994) s1=PALM(2477,2310) [filtered=102]
cnt=2 s0=PALM(3102,2004) s1=PALM(2483,2316) [filtered=103]
cnt=2 s0=PALM(3107,2014) s1=PALM(2488,2320) [filtered=104]
cnt=2 s0=PALM(3110,2023) s1=PALM(2493,2324) [filtered=105]
cnt=2 s0=PALM(3115,2031) s1=PALM(2499,2328) [filtered=106]
cnt=2 s0=PALM(3120,2039) s1=PALM(2505,2331) [filtered=107]
cnt=2 s0=PALM(3125,2046) s1=PALM(2511,2332) [filtered=108]
cnt=2 s0=PALM(3132,2051) s1=PALM(2517,2332) [filtered=109]
cnt=2 s0=PALM(3138,2056) s1=PALM(2523,2332) [filtered=110]
cnt=2 s0=PALM(3145,2060) s1=PALM(2529,2329) [filtered=111]
cnt=2 s0=PALM(3152,2062) s1=PALM(2534,2325) [filtered=112]
cnt=2 s0=PALM(3159,2063) s1=PALM(2539,2321) [filtered=113]
cnt=2 s0=PALM(3165,2063) s1=PALM(2543,2317) [filtered=114]
cnt=1 s0=fng (3110,89) [filtered=114]
cnt=2 s0=fng (3110,90) s1=fng (2257,258) [filtered=114]
cnt=2 s0=fng (3111,92) s1=fng (2257,259) [filtered=114]
cnt=2 s0=fng (3111,93) s1=fng (2257,259) [filtered=114]
cnt=2 s0=fng (3112,94) s1=fng (2257,259) [filtered=114]
cnt=2 s0=fng (3112,95) s1=fng (2257,260) [filtered=114]
cnt=2 s0=fng (3113,97) s1=fng (2257,262) [filtered=114]
cnt=2 s0=fng (3113,99) s1=fng (2258,265) [filtered=114]
cnt=2 s0=fng (3113,100) s1=fng (2258,266) [filtered=114]
cnt=2 s0=fng (3114,102) s1=fng (2258,269) [filtered=114]
cnt=2 s0=fng (3114,105) s1=fng (2259,277) [filtered=114]
cnt=2 s0=fng (3115,110) s1=fng (2261,289) [filtered=114]
cnt=2 s0=fng (3115,114) s1=fng (2262,300) [filtered=114]
cnt=2 s0=fng (3116,121) s1=fng (2263,313) [filtered=114]
cnt=2 s0=fng (3117,137) s1=fng (2265,329) [filtered=114]
cnt=2 s0=fng (3118,155) s1=fng (2267,347) [filtered=114]
cnt=2 s0=fng (3118,174) s1=fng (2269,368) [filtered=114]
cnt=2 s0=fng (3118,192) s1=fng (2270,389) [filtered=114]
cnt=2 s0=fng (3118,212) s1=fng (2272,412) [filtered=114]
cnt=2 s0=fng (3117,234) s1=fng (2274,438) [filtered=114]
cnt=2 s0=fng (3115,260) s1=fng (2275,468) [filtered=114]
cnt=2 s0=fng (3113,291) s1=fng (2277,505) [filtered=114]
cnt=2 s0=fng (3112,321) s1=fng (2278,541) [filtered=114]
cnt=2 s0=fng (3109,355) s1=fng (2279,581) [filtered=114]
cnt=2 s0=fng (3105,393) s1=fng (2280,625) [filtered=114]
cnt=2 s0=fng (3099,436) s1=fng (2282,671) [filtered=114]
cnt=2 s0=fng (3095,479) s1=fng (2283,717) [filtered=114]
cnt=2 s0=fng (3090,525) s1=fng (2284,766) [filtered=114]
cnt=2 s0=fng (3085,573) s1=fng (2286,816) [filtered=114]
cnt=2 s0=fng (3080,622) s1=fng (2288,866) [filtered=114]
cnt=2 s0=fng (3074,671) s1=fng (2290,917) [filtered=114]
cnt=2 s0=fng (3069,720) s1=fng (2291,968) [filtered=114]
cnt=2 s0=fng (3064,769) s1=fng (2293,1019) [filtered=114]
cnt=2 s0=fng (3059,818) s1=fng (2296,1070) [filtered=114]
cnt=2 s0=fng (3054,867) s1=fng (2300,1119) [filtered=114]
cnt=2 s0=fng (3048,915) s1=fng (2304,1167) [filtered=114]
cnt=2 s0=fng (3044,963) s1=fng (2306,1215) [filtered=114]
cnt=2 s0=fng (3040,1010) s1=fng (2310,1262) [filtered=114]
cnt=2 s0=fng (3036,1055) s1=fng (2314,1307) [filtered=114]
cnt=2 s0=fng (3032,1099) s1=fng (2319,1351) [filtered=114]
cnt=2 s0=fng (3029,1142) s1=fng (2323,1394) [filtered=114]
cnt=2 s0=fng (3027,1184) s1=fng (2327,1436) [filtered=114]
cnt=2 s0=fng (3026,1225) s1=fng (2332,1477) [filtered=114]
cnt=2 s0=fng (3025,1263) s1=fng (2337,1516) [filtered=114]
cnt=2 s0=fng (3024,1300) s1=fng (2342,1553) [filtered=114]
cnt=2 s0=fng (3023,1336) s1=fng (2346,1589) [filtered=114]
cnt=2 s0=fng (3023,1369) s1=fng (2350,1622) [filtered=114]
cnt=2 s0=PALM(3023,1402) s1=PALM(2355,1654) [filtered=115]
cnt=2 s0=PALM(3023,1432) s1=PALM(2360,1685) [filtered=116]
cnt=2 s0=PALM(3023,1460) s1=PALM(2365,1714) [filtered=117]
cnt=2 s0=PALM(3023,1487) s1=PALM(2369,1742) [filtered=118]
cnt=2 s0=PALM(3023,1512) s1=PALM(2373,1767) [filtered=119]
cnt=2 s0=PALM(3023,1535) s1=PALM(2377,1790) [filtered=120]
cnt=2 s0=PALM(3024,1557) s1=PALM(2380,1811) [filtered=121]
cnt=2 s0=fng (3024,1577) s1=fng (2382,1830) [filtered=121]
cnt=2 s0=fng (3024,1596) s1=fng (2384,1849) [filtered=121]
cnt=2 s0=fng (3025,1612) s1=fng (2386,1865) [filtered=121]
cnt=2 s0=fng (3025,1627) s1=fng (2389,1880) [filtered=121]
cnt=2 s0=fng (3026,1640) s1=fng (2391,1893) [filtered=121]
cnt=2 s0=fng (3026,1653) s1=PALM(2392,1906) [filtered=122]
cnt=2 s0=fng (3026,1664) s1=PALM(2393,1918) [filtered=123]
cnt=2 s0=fng (3027,1674) s1=PALM(2395,1929) [filtered=124]
cnt=2 s0=fng (3028,1682) s1=PALM(2397,1938) [filtered=125]
cnt=2 s0=fng (3028,1690) s1=PALM(2399,1946) [filtered=126]
cnt=2 s0=fng (3028,1698) s1=PALM(2400,1954) [filtered=127]
cnt=2 s0=fng (3029,1705) s1=PALM(2401,1962) [filtered=128]
cnt=2 s0=fng (3029,1710) s1=PALM(2402,1969) [filtered=129]
cnt=2 s0=fng (3029,1714) s1=PALM(2402,1974) [filtered=130]
cnt=2 s0=fng (3029,1718) s1=PALM(2403,1978) [filtered=131]
cnt=2 s0=fng (3029,1722) s1=PALM(2403,1982) [filtered=132]
cnt=2 s0=fng (3029,1725) s1=PALM(2404,1986) [filtered=133]
cnt=2 s0=fng (3029,1727) s1=PALM(2404,1989) [filtered=134]
cnt=2 s0=fng (3029,1728) s1=PALM(2405,1991) [filtered=135]
cnt=2 s0=fng (3029,1729) s1=PALM(2405,1993) [filtered=136]
cnt=2 s0=fng (3029,1729) s1=PALM(2405,1994) [filtered=137]
cnt=2 s0=fng (3029,1729) s1=PALM(2405,1995) [filtered=138]
cnt=2 s0=fng (3029,1729) s1=PALM(2406,1995) [filtered=139]
cnt=2 s0=fng (3029,1729) s1=PALM(2406,1995) [filtered=140]
cnt=2 s0=fng (3029,1729) s1=PALM(2406,1995) [filtered=141]
cnt=2 s0=fng (3029,1729) s1=PALM(2406,1995) [filtered=142]
cnt=2 s0=fng (3029,1729) s1=PALM(2406,1995) [filtered=143]
cnt=2 s0=fng (3030,1729) s1=PALM(2406,1995) [filtered=144]
cnt=2 s0=fng (3030,1729) s1=PALM(2406,1995) [filtered=145]
cnt=2 s0=fng (3030,1729) s1=PALM(2406,1992) [filtered=146]
cnt=2 s0=fng (3030,1726) s1=PALM(2406,1989) [filtered=147]
cnt=2 s0=fng (3030,1723) s1=PALM(2405,1985) [filtered=148]
cnt=2 s0=fng (3030,1720) s1=PALM(2405,1980) [filtered=149]
cnt=2 s0=fng (3030,1717) s1=PALM(2405,1975) [filtered=150]
cnt=2 s0=fng (3030,1713) s1=PALM(2404,1971) [filtered=151]
cnt=2 s0=fng (3030,1709) s1=PALM(2403,1966) [filtered=152]
cnt=2 s0=fng (3030,1705) s1=PALM(2402,1960) [filtered=153]
cnt=2 s0=fng (3030,1700) s1=PALM(2401,1954) [filtered=154]
cnt=2 s0=fng (3030,1696) s1=PALM(2400,1948) [filtered=155]
cnt=2 s0=fng (3031,1691) s1=PALM(2398,1939) [filtered=156]
cnt=2 s0=fng (3032,1682) s1=PALM(2394,1926) [filtered=157]
cnt=2 s0=fng (3033,1670) s1=PALM(2389,1910) [filtered=158]
cnt=2 s0=fng (3033,1658) s1=fng (2386,1894) [filtered=158]
cnt=2 s0=fng (3034,1643) s1=fng (2381,1873) [filtered=158]
cnt=2 s0=PALM(3036,1624) s1=PALM(2376,1848) [filtered=159]
cnt=2 s0=PALM(3040,1600) s1=PALM(2371,1816) [filtered=160]
cnt=2 s0=PALM(3045,1570) s1=PALM(2365,1777) [filtered=161]
cnt=2 s0=PALM(3048,1541) s1=PALM(2360,1739) [filtered=162]
cnt=2 s0=PALM(3053,1506) s1=PALM(2355,1694) [filtered=163]
cnt=2 s0=PALM(3060,1465) s1=PALM(2351,1642) [filtered=164]
cnt=2 s0=PALM(3069,1418) s1=PALM(2349,1586) [filtered=165]
cnt=2 s0=fng (3078,1366) s1=fng (2349,1524) [filtered=165]
cnt=2 s0=fng (3087,1315) s1=fng (2349,1463) [filtered=165]
cnt=2 s0=fng (3098,1262) s1=fng (2350,1398) [filtered=165]
cnt=2 s0=fng (3110,1208) s1=fng (2353,1332) [filtered=165]
cnt=2 s0=fng (3122,1154) s1=fng (2356,1266) [filtered=165]
cnt=2 s0=fng (3133,1100) s1=fng (2358,1200) [filtered=165]
cnt=2 s0=fng (3144,1047) s1=fng (2361,1135) [filtered=165]
cnt=2 s0=fng (3155,994) s1=fng (2364,1071) [filtered=165]
cnt=2 s0=fng (3164,942) s1=fng (2367,1010) [filtered=165]
cnt=2 s0=fng (3173,892) s1=fng (2370,952) [filtered=165]
cnt=2 s0=fng (3181,842) s1=fng (2372,894) [filtered=165]
cnt=2 s0=fng (3188,793) s1=fng (2374,839) [filtered=165]
cnt=2 s0=fng (3193,744) s1=fng (2376,786) [filtered=165]
cnt=2 s0=fng (3197,696) s1=fng (2377,736) [filtered=165]
cnt=2 s0=fng (3198,649) s1=fng (2378,688) [filtered=165]
cnt=2 s0=fng (3199,602) s1=fng (2379,641) [filtered=165]
cnt=2 s0=fng (3199,556) s1=fng (2379,595) [filtered=165]
cnt=2 s0=fng (3199,511) s1=fng (2379,550) [filtered=165]
cnt=2 s0=fng (3196,468) s1=fng (2380,507) [filtered=165]
cnt=2 s0=fng (3192,428) s1=fng (2381,467) [filtered=165]
cnt=2 s0=fng (3190,388) s1=fng (2381,428) [filtered=165]
cnt=2 s0=fng (3187,351) s1=fng (2382,390) [filtered=165]
cnt=2 s0=fng (3183,318) s1=fng (2384,353) [filtered=165]
cnt=2 s0=fng (3179,289) s1=fng (2386,319) [filtered=165]
cnt=2 s0=fng (3177,261) s1=fng (2387,286) [filtered=165]
cnt=2 s0=fng (3174,236) s1=fng (2390,255) [filtered=165]
cnt=1 s1=fng (2394,227) [filtered=165]
cnt=1 s1=fng (2399,203) [filtered=165]
cnt=1 s1=fng (2405,183) [filtered=165]
cnt=1 s1=fng (2411,162) [filtered=165]
cnt=1 s1=fng (2416,142) [filtered=165]
cnt=2 s0=PALM(1777,2114) s1=PALM(2505,1794) [filtered=166]
cnt=2 s0=PALM(1776,2113) s1=PALM(2505,1793) [filtered=167]
cnt=2 s0=PALM(1775,2111) s1=PALM(2505,1790) [filtered=168]
cnt=2 s0=PALM(1772,2105) s1=PALM(2505,1786) [filtered=169]
cnt=2 s0=PALM(1770,2099) s1=PALM(2505,1784) [filtered=170]
cnt=2 s0=PALM(1766,2088) s1=PALM(2504,1777) [filtered=171]
cnt=2 s0=PALM(1762,2074) s1=PALM(2503,1766) [filtered=172]
cnt=2 s0=PALM(1758,2058) s1=PALM(2503,1751) [filtered=173]
cnt=2 s0=PALM(1755,2038) s1=PALM(2504,1733) [filtered=174]
cnt=2 s0=PALM(1753,2018) s1=PALM(2504,1716) [filtered=175]
cnt=2 s0=PALM(1751,1996) s1=PALM(2505,1696) [filtered=176]
cnt=2 s0=PALM(1748,1970) s1=PALM(2507,1674) [filtered=177]
cnt=2 s0=PALM(1747,1939) s1=PALM(2509,1650) [filtered=178]
cnt=2 s0=PALM(1746,1909) s1=PALM(2510,1627) [filtered=179]
cnt=2 s0=PALM(1745,1876) s1=PALM(2513,1600) [filtered=180]
cnt=2 s0=PALM(1746,1837) s1=PALM(2519,1569) [filtered=181]
cnt=2 s0=PALM(1747,1793) s1=PALM(2525,1534) [filtered=182]
cnt=2 s0=PALM(1749,1744) s1=PALM(2533,1496) [filtered=183]
cnt=2 s0=PALM(1750,1695) s1=PALM(2540,1458) [filtered=184]
cnt=2 s0=PALM(1753,1643) s1=PALM(2549,1417) [filtered=185]
cnt=2 s0=fng (1757,1587) s1=fng (2558,1373) [filtered=185]
cnt=2 s0=fng (1762,1529) s1=fng (2567,1329) [filtered=185]
cnt=2 s0=fng (1768,1469) s1=fng (2577,1284) [filtered=185]
cnt=2 s0=fng (1772,1409) s1=fng (2586,1239) [filtered=185]
cnt=2 s0=fng (1777,1349) s1=fng (2595,1194) [filtered=185]
cnt=2 s0=fng (1783,1290) s1=fng (2604,1149) [filtered=185]
cnt=2 s0=fng (1790,1232) s1=fng (2613,1104) [filtered=185]
cnt=2 s0=fng (1796,1175) s1=fng (2622,1060) [filtered=185]
cnt=2 s0=fng (1804,1116) s1=fng (2631,1015) [filtered=185]
cnt=2 s0=fng (1813,1057) s1=fng (2640,970) [filtered=185]
cnt=2 s0=fng (1823,1000) s1=fng (2650,924) [filtered=185]
cnt=2 s0=fng (1834,945) s1=fng (2660,879) [filtered=185]
cnt=2 s0=fng (1845,891) s1=fng (2670,834) [filtered=185]
cnt=2 s0=fng (1856,839) s1=fng (2680,789) [filtered=185]
cnt=2 s0=fng (1867,790) s1=fng (2689,744) [filtered=185]
cnt=2 s0=fng (1878,745) s1=fng (2698,701) [filtered=185]
cnt=2 s0=fng (1888,704) s1=fng (2707,660) [filtered=185]
cnt=2 s0=fng (1898,664) s1=fng (2716,620) [filtered=185]
cnt=2 s0=fng (1908,628) s1=fng (2724,582) [filtered=185]
cnt=2 s0=fng (1917,597) s1=fng (2731,547) [filtered=185]
cnt=2 s0=fng (1926,569) s1=fng (2737,515) [filtered=185]
cnt=2 s0=fng (1934,542) s1=fng (2742,484) [filtered=185]
cnt=2 s0=fng (1942,519) s1=fng (2746,457) [filtered=185]
cnt=2 s0=fng (1948,500) s1=fng (2751,434) [filtered=185]
cnt=2 s0=fng (1954,484) s1=fng (2756,414) [filtered=185]
cnt=1 s1=fng (2757,405) [filtered=185]
cnt=1 s1=fng (2760,393) [filtered=185]
cnt=1 s1=fng (2762,381) [filtered=185]
cnt=2 s0=PALM(2461,2051) s1=PALM(2027,2409) [filtered=186]
cnt=2 s0=PALM(2461,2051) s1=PALM(2027,2409) [filtered=187]
cnt=2 s0=PALM(2461,2050) s1=PALM(2027,2408) [filtered=188]
cnt=2 s0=PALM(2461,2049) s1=PALM(2026,2406) [filtered=189]
cnt=2 s0=PALM(2461,2046) s1=PALM(2022,2400) [filtered=190]
cnt=2 s0=PALM(2461,2045) s1=PALM(2020,2395) [filtered=191]
cnt=2 s0=PALM(2461,2038) s1=PALM(2014,2384) [filtered=192]
cnt=2 s0=PALM(2461,2026) s1=PALM(2005,2368) [filtered=193]
cnt=2 s0=PALM(2461,2009) s1=PALM(1994,2347) [filtered=194]
cnt=2 s0=PALM(2461,1986) s1=PALM(1981,2321) [filtered=195]
cnt=2 s0=PALM(2461,1964) s1=PALM(1969,2295) [filtered=196]
cnt=2 s0=PALM(2462,1936) s1=PALM(1955,2264) [filtered=197]
cnt=2 s0=PALM(2463,1902) s1=PALM(1940,2229) [filtered=198]
cnt=2 s0=PALM(2465,1863) s1=PALM(1924,2191) [filtered=199]
cnt=2 s0=PALM(2469,1817) s1=PALM(1909,2150) [filtered=200]
cnt=2 s0=PALM(2471,1772) s1=PALM(1894,2109) [filtered=201]
cnt=2 s0=PALM(2476,1722) s1=PALM(1879,2065) [filtered=202]
cnt=2 s0=PALM(2482,1669) s1=PALM(1865,2017) [filtered=203]
cnt=2 s0=PALM(2488,1614) s1=PALM(1853,1966) [filtered=204]
cnt=2 s0=PALM(2493,1560) s1=PALM(1842,1916) [filtered=205]
cnt=2 s0=PALM(2499,1507) s1=PALM(1834,1864) [filtered=206]
cnt=2 s0=PALM(2505,1454) s1=PALM(1827,1807) [filtered=207]
cnt=2 s0=PALM(2511,1402) s1=PALM(1823,1748) [filtered=208]
cnt=2 s0=fng (2517,1352) s1=fng (1822,1687) [filtered=208]
cnt=2 s0=fng (2522,1303) s1=fng (1821,1627) [filtered=208]
cnt=2 s0=fng (2528,1254) s1=fng (1824,1562) [filtered=208]
cnt=2 s0=fng (2534,1205) s1=fng (1830,1495) [filtered=208]
cnt=2 s0=fng (2540,1156) s1=fng (1837,1429) [filtered=208]
cnt=2 s0=fng (2547,1107) s1=fng (1845,1364) [filtered=208]
cnt=2 s0=fng (2554,1059) s1=fng (1852,1299) [filtered=208]
cnt=2 s0=fng (2562,1009) s1=fng (1860,1238) [filtered=208]
cnt=2 s0=fng (2571,958) s1=fng (1869,1182) [filtered=208]
cnt=2 s0=fng (2580,905) s1=fng (1879,1130) [filtered=208]
cnt=2 s0=fng (2589,851) s1=fng (1889,1081) [filtered=208]
cnt=2 s0=fng (2598,798) s1=fng (1898,1033) [filtered=208]
cnt=2 s0=fng (2608,741) s1=fng (1906,994) [filtered=208]
cnt=2 s0=fng (2617,691) s1=fng (1912,963) [filtered=208]
cnt=1 s0=fng (2624,650) [filtered=208]
cnt=1 s0=fng (4680,1419) [filtered=208]
cnt=1 s0=fng (4680,1419) [filtered=208]
cnt=1 s0=fng (4680,1419) [filtered=208]
cnt=1 s0=fng (4680,1419) [filtered=208]
cnt=1 s0=fng (4680,1419) [filtered=208]
cnt=1 s0=fng (4680,1419) [filtered=208]
cnt=1 s0=fng (4680,1419) [filtered=208]
cnt=1 s0=fng (4680,1419) [filtered=208]
cnt=1 s0=fng (4680,1419) [filtered=208]
cnt=1 s0=fng (4680,1419) [filtered=208]
cnt=1 s0=fng (4680,1419) [filtered=208]
cnt=1 s0=fng (4680,1419) [filtered=208]
cnt=1 s0=fng (4680,1419) [filtered=208]
cnt=1 s0=fng (4680,1419) [filtered=208]
cnt=1 s0=fng (4680,1419) [filtered=208]
cnt=1 s0=fng (4680,1419) [filtered=208]
cnt=1 s0=fng (4680,1419) [filtered=208]
cnt=1 s0=fng (4680,1419) [filtered=208]
cnt=1 s0=fng (4680,1419) [filtered=208]
cnt=1 s0=fng (4680,1419) [filtered=208]
cnt=1 s0=fng (4680,1419)* [filtered=208]
cnt=1 s0=fng (4680,1419)* [filtered=208]
cnt=1 s0=fng (4680,1419)* [filtered=208]
cnt=1 s0=fng (4680,1420)* [filtered=208]
cnt=1 s0=fng (4680,1420)* [filtered=208]
cnt=1 s0=fng (4680,1420)* [filtered=208]
cnt=1 s0=fng (4680,1421)* [filtered=208]
cnt=1 s0=fng (4680,1422)* [filtered=208]
cnt=1 s0=fng (4680,1422)* [filtered=208]
cnt=1 s0=fng (4680,1423)* [filtered=208]
cnt=1 s0=fng (4680,1423)* [filtered=208]
cnt=1 s0=fng (4680,1423)* [filtered=208]
cnt=1 s0=fng (4680,1424)* [filtered=208]
cnt=1 s0=fng (4680,1425)* [filtered=208]
cnt=1 s0=fng (4680,1425)* [filtered=208]
cnt=1 s0=fng (4680,1426)* [filtered=208]
cnt=1 s0=fng (4680,1427)* [filtered=208]
cnt=1 s0=fng (4680,1428)* [filtered=208]
cnt=1 s0=fng (4680,1429)* [filtered=208]
cnt=1 s0=fng (4680,1430)* [filtered=208]
cnt=1 s0=fng (4680,1431)* [filtered=208]
cnt=1 s0=fng (4680,1432)* [filtered=208]
cnt=1 s0=fng (4680,1433)* [filtered=208]
cnt=1 s0=fng (4680,1433)* [filtered=208]
cnt=1 s0=fng (4680,1434)* [filtered=208]
cnt=1 s0=fng (4680,1435)* [filtered=208]
cnt=1 s0=fng (4680,1436)* [filtered=208]
cnt=1 s0=fng (4680,1437)* [filtered=208]
cnt=1 s0=fng (4680,1438)* [filtered=208]
cnt=1 s0=fng (4680,1439)* [filtered=208]
cnt=1 s0=fng (4680,1439)* [filtered=208]
cnt=1 s0=fng (4680,1440)* [filtered=208]
cnt=1 s0=fng (4680,1441)* [filtered=208]
cnt=1 s0=fng (4680,1441)* [filtered=208]
cnt=1 s0=fng (4680,1442)* [filtered=208]
cnt=1 s0=fng (4680,1442)* [filtered=208]
cnt=1 s0=fng (4680,1443)* [filtered=208]
cnt=1 s0=fng (4680,1443)* [filtered=208]
cnt=1 s0=fng (4680,1444)* [filtered=208]
cnt=1 s0=fng (4680,1444)* [filtered=208]
cnt=1 s0=fng (4680,1445)* [filtered=208]
cnt=1 s0=fng (4680,1445)* [filtered=208]
cnt=1 s0=fng (4680,1445)* [filtered=208]
cnt=1 s0=fng (4680,1446)* [filtered=208]
cnt=1 s0=fng (4680,1446)* [filtered=208]
cnt=1 s0=fng (4680,1447)* [filtered=208]
cnt=1 s0=fng (4680,1448)* [filtered=208]
cnt=1 s0=fng (4680,1448)* [filtered=208]
cnt=1 s0=fng (4680,1448)* [filtered=208]
cnt=1 s0=fng (4680,1449)* [filtered=208]
cnt=1 s0=fng (4680,1449)* [filtered=208]
cnt=1 s0=fng (4680,1449)* [filtered=208]
cnt=1 s0=fng (4680,1450)* [filtered=208]
cnt=1 s0=fng (4680,1450)* [filtered=208]
cnt=1 s0=fng (4680,1450)* [filtered=208]
cnt=1 s0=fng (4680,1450)* [filtered=208]
cnt=1 s0=fng (4680,1450)* [filtered=208]
cnt=1 s0=fng (4680,1450)* [filtered=208]
cnt=1 s0=fng (4680,1451)* [filtered=208]
cnt=1 s0=fng (4680,1451)* [filtered=208]
cnt=1 s0=fng (4680,1451)* [filtered=208]
cnt=1 s0=fng (4680,1451)* [filtered=208]
cnt=1 s0=fng (4680,1451)* [filtered=208]
cnt=1 s0=fng (4680,1451)* [filtered=208]
cnt=1 s0=fng (4679,1451)* [filtered=208]
cnt=1 s0=fng (4679,1451)* [filtered=208]
cnt=1 s0=fng (4679,1451)* [filtered=208]
cnt=1 s0=fng (4679,1451)* [filtered=208]
cnt=1 s0=fng (4679,1451)* [filtered=208]
cnt=1 s0=fng (4678,1451)* [filtered=208]
cnt=1 s0=fng (4678,1451)* [filtered=208]
cnt=1 s0=fng (4678,1451)* [filtered=208]
cnt=1 s0=fng (4678,1451)* [filtered=208]
cnt=1 s0=fng (4677,1451)* [filtered=208]
cnt=1 s0=fng (4677,1452)* [filtered=208]
cnt=1 s0=fng (4677,1452)* [filtered=208]
cnt=1 s0=fng (4677,1452)* [filtered=208]
cnt=1 s0=fng (4677,1452)* [filtered=208]
cnt=1 s0=fng (4677,1452)* [filtered=208]
cnt=1 s0=fng (4677,1452)* [filtered=208]
cnt=1 s0=fng (4677,1452)* [filtered=208]
cnt=1 s0=fng (4677,1452)* [filtered=208]
cnt=1 s0=fng (4677,1452)* [filtered=208]
cnt=1 s0=fng (4677,1453)* [filtered=208]
cnt=1 s0=fng (4677,1453)* [filtered=208]
cnt=1 s0=fng (4677,1453)* [filtered=208]
cnt=1 s0=fng (4677,1453)* [filtered=208]
cnt=1 s0=fng (4677,1453)* [filtered=208]
cnt=1 s0=fng (4676,1453)* [filtered=208]
cnt=1 s0=fng (4676,1453)* [filtered=208]
cnt=1 s0=fng (4676,1453)* [filtered=208]
cnt=1 s0=fng (4676,1453)* [filtered=208]
cnt=1 s0=fng (4676,1453)* [filtered=208]
cnt=1 s0=fng (4675,1453)* [filtered=208]
cnt=1 s0=fng (4675,1453)* [filtered=208]
cnt=1 s0=fng (4675,1453)* [filtered=208]
cnt=1 s0=fng (4675,1453)* [filtered=208]
cnt=1 s0=fng (4674,1453)* [filtered=208]
cnt=1 s0=fng (4674,1453)* [filtered=208]
cnt=1 s0=fng (4674,1453)* [filtered=208]
cnt=1 s0=fng (4674,1453)* [filtered=208]
cnt=1 s0=fng (4674,1453)* [filtered=208]
cnt=1 s0=fng (4674,1453)* [filtered=208]
cnt=1 s0=fng (4674,1453)* [filtered=208]
cnt=1 s0=fng (4673,1453)* [filtered=208]
cnt=1 s0=fng (4672,1453)* [filtered=208]
cnt=1 s0=fng (4671,1453)* [filtered=208]
cnt=1 s0=fng (4670,1453)* [filtered=208]
cnt=1 s0=fng (4669,1453)* [filtered=208]
cnt=1 s0=fng (4668,1453)* [filtered=208]
cnt=1 s0=fng (4667,1453)* [filtered=208]
cnt=1 s0=fng (4666,1453)* [filtered=208]
cnt=1 s0=fng (4666,1453)* [filtered=208]
cnt=1 s0=fng (4666,1453)* [filtered=208]
cnt=1 s0=fng (4666,1453)* [filtered=208]
cnt=1 s0=fng (4666,1453)* [filtered=208]
cnt=1 s0=fng (4666,1453)* [filtered=208]
cnt=1 s0=fng (4666,1453)* [filtered=208]
cnt=1 s0=fng (4666,1453)* [filtered=208]
cnt=1 s0=fng (4666,1453)* [filtered=208]
cnt=1 s0=fng (4666,1453)* [filtered=208]
cnt=1 s0=fng (4666,1453)* [filtered=208]
cnt=1 s0=fng (4666,1453)* [filtered=208]
cnt=1 s0=fng (4666,1453)* [filtered=208]
cnt=1 s0=fng (4666,1453)* [filtered=208]
cnt=1 s0=fng (4666,1453)* [filtered=208]
cnt=1 s0=fng (4666,1453)* [filtered=208]
cnt=1 s0=fng (4666,1453)* [filtered=208]
cnt=1 s0=fng (4666,1453)* [filtered=208]
cnt=1 s0=fng (4666,1453)* [filtered=208]
cnt=1 s0=fng (4666,1453)* [filtered=208]
cnt=1 s0=fng (4666,1453)* [filtered=208]
cnt=1 s0=fng (4666,1453)* [filtered=208]
cnt=1 s0=fng (4666,1453)* [filtered=208]
cnt=1 s0=fng (4666,1453)* [filtered=208]
cnt=1 s0=fng (4666,1453)* [filtered=208]
cnt=1 s0=fng (4666,1453)* [filtered=208]
cnt=1 s0=fng (4666,1453)* [filtered=208]
cnt=1 s0=fng (4666,1453)* [filtered=208]
cnt=1 s0=fng (4666,1453)* [filtered=208]
cnt=1 s0=fng (4666,1453)* [filtered=208]
cnt=1 s0=fng (4666,1453)* [filtered=208]
cnt=1 s0=fng (4666,1453)* [filtered=208]
cnt=1 s0=fng (4666,1453)* [filtered=208]
cnt=1 s0=fng (4666,1453)* [filtered=208]
cnt=1 s0=fng (4666,1453)* [filtered=208]
cnt=1 s0=fng (4666,1453)* [filtered=208]
cnt=1 s0=fng (4666,1453)* [filtered=208]
cnt=1 s0=fng (4666,1452)* [filtered=208]
cnt=1 s0=fng (4666,1452)* [filtered=208]
cnt=1 s0=fng (4666,1452)* [filtered=208]
cnt=1 s0=fng (4666,1452)* [filtered=208]
cnt=1 s0=fng (4666,1452)* [filtered=208]
cnt=1 s0=fng (4666,1452)* [filtered=208]
cnt=1 s0=fng (4666,1452)* [filtered=208]
cnt=1 s0=fng (4666,1452)* [filtered=208]
cnt=1 s0=fng (4666,1452)* [filtered=208]
cnt=1 s0=fng (4666,1452)* [filtered=208]
cnt=1 s0=fng (4666,1452)* [filtered=208]
cnt=1 s0=fng (4666,1452)* [filtered=208]
cnt=1 s0=fng (4666,1452)* [filtered=208]
cnt=1 s0=fng (4666,1452)* [filtered=208]
cnt=1 s0=fng (4666,1452)* [filtered=208]
cnt=1 s0=fng (4666,1452)* [filtered=208]
cnt=1 s0=fng (4666,1452)* [filtered=208]
cnt=1 s0=fng (4666,1452)* [filtered=208]
cnt=1 s0=fng (4666,1452)* [filtered=208]
cnt=1 s0=fng (4666,1452)* [filtered=208]
cnt=1 s0=fng (4666,1452)* [filtered=208]
cnt=1 s0=fng (4666,1452)* [filtered=208]
cnt=1 s0=fng (4666,1452)* [filtered=208]
cnt=1 s0=fng (4666,1452)* [filtered=208]
cnt=1 s0=fng (4666,1452)* [filtered=208]
cnt=1 s0=fng (4666,1452)* [filtered=208]
cnt=1 s0=fng (4666,1452)* [filtered=208]
cnt=1 s0=fng (4666,1452)* [filtered=208]
cnt=1 s0=fng (4666,1452)* [filtered=208]
cnt=1 s0=fng (4666,1452)* [filtered=208]
cnt=1 s0=fng (4666,1452)* [filtered=208]
cnt=1 s0=fng (4666,1452)* [filtered=208]
cnt=1 s0=fng (4666,1452)* [filtered=208]
cnt=1 s0=fng (4666,1452)* [filtered=208]
cnt=1 s0=fng (4666,1452)* [filtered=208]
cnt=1 s0=fng (4666,1452)* [filtered=208]
cnt=1 s0=fng (4666,1452)* [filtered=208]
cnt=1 s0=fng (4666,1452)* [filtered=208]
cnt=1 s0=fng (4666,1452)* [filtered=208]
cnt=1 s0=fng (4666,1452)* [filtered=208]
cnt=1 s0=fng (4666,1452)* [filtered=208]
cnt=1 s0=fng (4666,1452)* [filtered=208]
cnt=1 s0=fng (4666,1452)* [filtered=208]
cnt=1 s0=fng (4666,1452)* [filtered=208]
cnt=1 s0=fng (4666,1452)* [filtered=208]
cnt=1 s0=fng (4666,1452)* [filtered=208]
cnt=1 s0=fng (4666,1452)* [filtered=208]
cnt=1 s0=fng (4666,1452)* [filtered=208]
cnt=1 s0=fng (4666,1452)* [filtered=208]
cnt=1 s0=fng (4666,1452)* [filtered=208]
cnt=1 s0=fng (4666,1452)* [filtered=208]
cnt=1 s0=fng (4666,1452)* [filtered=208]
cnt=1 s0=fng (4666,1452)* [filtered=208]
cnt=1 s0=fng (4666,1452)* [filtered=208]
cnt=1 s0=fng (4666,1452)* [filtered=208]
cnt=1 s0=fng (4666,1452)* [filtered=208]
cnt=1 s0=fng (4666,1452)* [filtered=208]
cnt=1 s0=fng (4666,1452)* [filtered=208]
cnt=1 s0=fng (4666,1452)* [filtered=208]
cnt=1 s0=fng (4666,1452)* [filtered=208]
cnt=1 s0=fng (4666,1452)* [filtered=208]
cnt=1 s0=fng (4666,1452)* [filtered=208]
cnt=1 s0=fng (4666,1452)* [filtered=208]
cnt=1 s0=fng (4666,1452)* [filtered=208]
cnt=1 s0=fng (4666,1452)* [filtered=208]
cnt=1 s0=fng (4666,1452)* [filtered=208]
cnt=1 s0=fng (4666,1452)* [filtered=208]
cnt=1 s0=fng (4666,1452)* [filtered=208]
cnt=1 s0=fng (4666,1452)* [filtered=208]
cnt=1 s0=fng (4666,1452)* [filtered=208]
cnt=1 s0=fng (4666,1452)* [filtered=208]
cnt=1 s0=fng (4666,1452)* [filtered=208]
cnt=1 s0=fng (4666,1452)* [filtered=208]
cnt=1 s0=fng (4666,1452)* [filtered=208]
cnt=1 s0=fng (4666,1452)* [filtered=208]
cnt=1 s0=fng (4666,1452)* [filtered=208]
cnt=1 s0=fng (4666,1452)* [filtered=208]
cnt=1 s0=fng (4666,1452)* [filtered=208]
cnt=1 s0=fng (4666,1452)* [filtered=208]
cnt=1 s0=fng (4666,1453)* [filtered=208]
cnt=1 s0=fng (4666,1453)* [filtered=208]
cnt=1 s0=fng (4666,1453)* [filtered=208]
cnt=1 s0=fng (4666,1453)* [filtered=208]
cnt=1 s0=fng (4666,1453)* [filtered=208]
cnt=1 s0=fng (4666,1453)* [filtered=208]
cnt=1 s0=fng (4666,1454)* [filtered=208]
cnt=1 s0=fng (4666,1454)* [filtered=208]
cnt=1 s0=fng (4666,1454)* [filtered=208]
cnt=1 s0=fng (4666,1454)* [filtered=208]
cnt=1 s0=fng (4666,1454)* [filtered=208]
cnt=1 s0=fng (4666,1454)* [filtered=208]
cnt=1 s0=fng (4666,1455)* [filtered=208]
cnt=1 s0=fng (4666,1455)* [filtered=208]
cnt=1 s0=fng (4666,1455)* [filtered=208]
cnt=1 s0=fng (4666,1455)* [filtered=208]
cnt=1 s0=fng (4666,1456)* [filtered=208]
cnt=1 s0=fng (4666,1456)* [filtered=208]
cnt=1 s0=fng (4666,1456)* [filtered=208]
cnt=1 s0=fng (4666,1457)* [filtered=208]
cnt=1 s0=fng (4666,1457)* [filtered=208]
cnt=1 s0=fng (4666,1457)* [filtered=208]
cnt=1 s0=fng (4666,1457)* [filtered=208]
cnt=1 s0=fng (4666,1457)* [filtered=208]
cnt=1 s0=fng (4666,1458)* [filtered=208]
cnt=1 s0=fng (4666,1458)* [filtered=208]
cnt=1 s0=fng (4666,1458)* [filtered=208]
cnt=1 s0=fng (4666,1458)* [filtered=208]
cnt=1 s0=fng (4666,1458)* [filtered=208]
cnt=1 s0=fng (4666,1458)* [filtered=208]
cnt=1 s0=fng (4666,1458)* [filtered=208]
cnt=1 s0=fng (4666,1458)* [filtered=208]
cnt=1 s0=fng (4666,1458)* [filtered=208]
cnt=1 s0=fng (4666,1458)* [filtered=208]
cnt=1 s0=fng (4666,1458)* [filtered=208]
cnt=1 s0=fng (4666,1458)* [filtered=208]
cnt=1 s0=fng (4666,1458)* [filtered=208]
cnt=1 s0=fng (4666,1458)* [filtered=208]
cnt=1 s0=fng (4666,1457)* [filtered=208]
cnt=1 s0=fng (4666,1457)* [filtered=208]
cnt=1 s0=fng (4666,1457)* [filtered=208]
cnt=1 s0=fng (4666,1457)* [filtered=208]
cnt=1 s0=fng (4666,1457)* [filtered=208]
cnt=1 s0=fng (4666,1457)* [filtered=208]
cnt=1 s0=fng (4666,1457)* [filtered=208]
cnt=1 s0=fng (4666,1457)* [filtered=208]
cnt=1 s0=fng (4666,1457)* [filtered=208]
cnt=1 s0=fng (4666,1457)* [filtered=208]
cnt=1 s0=fng (4666,1457)* [filtered=208]
cnt=1 s0=fng (4666,1457)* [filtered=208]
cnt=1 s0=fng (4666,1457)* [filtered=208]
cnt=1 s0=fng (4666,1457)* [filtered=208]
cnt=1 s0=fng (4666,1457)* [filtered=208]
cnt=1 s0=fng (4666,1457)* [filtered=208]
cnt=1 s0=fng (4666,1456)* [filtered=208]
cnt=1 s0=fng (4666,1456)* [filtered=208]
cnt=1 s0=fng (4666,1456)* [filtered=208]
cnt=1 s0=fng (4666,1456)* [filtered=208]
cnt=1 s0=fng (4666,1456)* [filtered=208]
cnt=1 s0=fng (4666,1456)* [filtered=208]
cnt=1 s0=fng (4666,1456)* [filtered=208]
cnt=1 s0=fng (4666,1456)* [filtered=208]
cnt=1 s0=fng (4666,1456)* [filtered=208]
cnt=1 s0=fng (4666,1456)* [filtered=208]
cnt=1 s0=fng (4666,1456)* [filtered=208]
cnt=1 s0=fng (4666,1456)* [filtered=208]
cnt=1 s0=fng (4666,1456)* [filtered=208]
cnt=1 s0=fng (4666,1456)* [filtered=208]
cnt=1 s0=fng (4666,1456)* [filtered=208]
cnt=1 s0=fng (4666,1456)* [filtered=208]
cnt=1 s0=fng (4666,1456)* [filtered=208]
cnt=1 s0=fng (4666,1456)* [filtered=208]
cnt=1 s0=fng (4666,1456)* [filtered=208]
cnt=1 s0=fng (4666,1456)* [filtered=208]
cnt=1 s0=fng (4666,1456)* [filtered=208]
cnt=1 s0=fng (4666,1456)* [filtered=208]
cnt=1 s0=fng (4666,1456)* [filtered=208]
cnt=1 s0=fng (4666,1457)* [filtered=208]
cnt=1 s0=fng (4666,1457)* [filtered=208]
cnt=1 s0=fng (4666,1457)* [filtered=208]
cnt=1 s0=fng (4666,1458)* [filtered=208]
cnt=1 s0=fng (4666,1459)* [filtered=208]
cnt=1 s0=fng (4666,1460)* [filtered=208]
cnt=1 s0=fng (4666,1461)* [filtered=208]
cnt=1 s0=fng (4666,1461)* [filtered=208]
cnt=1 s0=fng (4666,1462)* [filtered=208]
cnt=1 s0=fng (4666,1463)* [filtered=208]
cnt=1 s0=fng (4666,1464)* [filtered=208]
cnt=1 s0=fng (4666,1465)* [filtered=208]
cnt=1 s0=fng (4666,1466)* [filtered=208]
cnt=1 s0=fng (4666,1468)* [filtered=208]
cnt=1 s0=fng (4666,1470)* [filtered=208]
cnt=1 s0=fng (4666,1471)* [filtered=208]
cnt=1 s0=fng (4666,1472)* [filtered=208]
cnt=1 s0=fng (4666,1473)* [filtered=208]
cnt=1 s0=fng (4666,1475)* [filtered=208]
cnt=1 s0=fng (4666,1476)* [filtered=208]
cnt=1 s0=fng (4666,1477)* [filtered=208]
cnt=1 s0=fng (4666,1478)* [filtered=208]
cnt=1 s0=fng (4666,1479)* [filtered=208]
cnt=1 s0=fng (4666,1480)* [filtered=208]
cnt=1 s0=fng (4666,1481)* [filtered=208]
cnt=1 s0=fng (4666,1482)* [filtered=208]
cnt=1 s0=fng (4666,1483)* [filtered=208]
cnt=1 s0=fng (4667,1484)* [filtered=208]
cnt=1 s0=fng (4667,1485)* [filtered=208]
cnt=1 s0=fng (4667,1486)* [filtered=208]
cnt=1 s0=fng (4667,1486)* [filtered=208]
cnt=1 s0=fng (4667,1487)* [filtered=208]
cnt=1 s0=fng (4667,1487)* [filtered=208]
cnt=1 s0=fng (4667,1488)* [filtered=208]
cnt=1 s0=fng (4667,1488)* [filtered=208]
cnt=1 s0=fng (4667,1488)* [filtered=208]
cnt=1 s0=fng (4667,1488)* [filtered=208]
cnt=1 s0=fng (4667,1488)* [filtered=208]
cnt=1 s0=fng (4667,1488)* [filtered=208]
cnt=1 s0=fng (4667,1488)* [filtered=208]
cnt=1 s0=fng (4667,1488)* [filtered=208]
cnt=1 s0=fng (4667,1488)* [filtered=208]
cnt=1 s0=fng (4667,1488)* [filtered=208]
cnt=1 s0=fng (4667,1488)* [filtered=208]
cnt=1 s0=fng (4667,1488)* [filtered=208]
cnt=1 s0=fng (4667,1488)* [filtered=208]
cnt=1 s0=fng (4667,1488)* [filtered=208]
cnt=1 s0=fng (4667,1488)* [filtered=208]
cnt=1 s0=fng (4667,1488)* [filtered=208]
cnt=1 s0=fng (4667,1488)* [filtered=208]
cnt=1 s0=fng (4667,1488)* [filtered=208]
cnt=1 s0=fng (4667,1488)* [filtered=208]
cnt=1 s0=fng (4667,1488)* [filtered=208]
cnt=1 s0=fng (4667,1488)* [filtered=208]
cnt=1 s0=fng (4667,1488)* [filtered=208]
cnt=1 s0=fng (4667,1488)* [filtered=208]
cnt=1 s0=fng (4667,1488)* [filtered=208]
cnt=1 s0=fng (4667,1488)* [filtered=208]
cnt=1 s0=fng (4667,1488)* [filtered=208]
cnt=1 s0=fng (4667,1488)* [filtered=208]
cnt=1 s0=fng (4667,1488)* [filtered=208]
cnt=1 s0=fng (4667,1488)* [filtered=208]
cnt=1 s0=fng (4667,1488)* [filtered=208]
cnt=1 s0=fng (4667,1488)* [filtered=208]
cnt=1 s0=fng (4667,1488)* [filtered=208]
cnt=1 s0=fng (4667,1488)* [filtered=208]
cnt=1 s0=fng (4667,1488)* [filtered=208]
cnt=1 s0=fng (4667,1488)* [filtered=208]
cnt=1 s0=fng (4667,1488)* [filtered=208]
cnt=1 s0=fng (4667,1488)* [filtered=208]
cnt=1 s0=fng (4667,1488)* [filtered=208]
cnt=1 s0=fng (4667,1488)* [filtered=208]
cnt=1 s0=fng (4667,1488)* [filtered=208]
cnt=1 s0=fng (4667,1488)* [filtered=208]
cnt=1 s0=fng (4667,1488)* [filtered=208]
cnt=1 s0=fng (4667,1488)* [filtered=208]
cnt=1 s0=fng (4667,1488)* [filtered=208]
cnt=1 s0=fng (4667,1487)* [filtered=208]
cnt=1 s0=fng (4667,1487)* [filtered=208]
cnt=2 s0=PALM(4667,1486)* s1=fng (1158,36) [filtered=209]
cnt=2 s0=PALM(4668,1485)* s1=fng (1158,36) [filtered=210]
cnt=2 s0=PALM(4668,1485)* s1=fng (1158,36) [filtered=211]
cnt=2 s0=PALM(4668,1484)* s1=fng (1158,36) [filtered=212]
cnt=2 s0=PALM(4668,1483)* s1=fng (1158,36) [filtered=213]
cnt=2 s0=PALM(4669,1482)* s1=fng (1158,36) [filtered=214]
cnt=2 s0=PALM(4669,1481)* s1=fng (1159,36) [filtered=215]
cnt=2 s0=PALM(4669,1481)* s1=fng (1159,36) [filtered=216]
cnt=2 s0=PALM(4670,1480)* s1=fng (1160,36) [filtered=217]
cnt=2 s0=PALM(4670,1480)* s1=fng (1160,36) [filtered=218]
cnt=2 s0=PALM(4670,1479)* s1=fng (1161,36) [filtered=219]
cnt=2 s0=PALM(4670,1479)* s1=fng (1161,36) [filtered=220]
cnt=2 s0=PALM(4670,1479)* s1=fng (1161,36) [filtered=221]
cnt=2 s0=PALM(4670,1478)* s1=fng (1162,36) [filtered=222]
cnt=2 s0=PALM(4670,1478)* s1=fng (1162,36) [filtered=223]
cnt=2 s0=PALM(4670,1477)* s1=fng (1162,36) [filtered=224]
cnt=2 s0=PALM(4670,1477)* s1=fng (1162,36) [filtered=225]
cnt=2 s0=PALM(4670,1476)* s1=fng (1162,36) [filtered=226]
cnt=2 s0=PALM(4670,1476)* s1=fng (1162,36) [filtered=227]
cnt=2 s0=PALM(4670,1475)* s1=fng (1162,36) [filtered=228]
cnt=1 s0=fng (4670,1475)* [filtered=228]
cnt=1 s0=fng (4670,1475)* [filtered=228]
cnt=1 s0=fng (4670,1474)* [filtered=228]
cnt=1 s0=fng (4670,1473)* [filtered=228]
cnt=1 s0=fng (4670,1473)* [filtered=228]
cnt=1 s0=fng (4670,1473)* [filtered=228]
cnt=1 s0=fng (4670,1473)* [filtered=228]
cnt=1 s0=fng (4670,1473)* [filtered=228]
cnt=1 s0=fng (4670,1473)* [filtered=228]
cnt=1 s0=fng (4670,1473)* [filtered=228]
cnt=1 s0=fng (4670,1473)* [filtered=228]
cnt=1 s0=fng (4670,1473)* [filtered=228]
cnt=1 s0=fng (4670,1473)* [filtered=228]
cnt=1 s0=fng (4670,1473)* [filtered=228]
cnt=1 s0=fng (4670,1473)* [filtered=228]
cnt=1 s0=fng (4670,1473)* [filtered=228]
cnt=1 s0=fng (4670,1473)* [filtered=228]
cnt=1 s0=fng (4670,1473)* [filtered=228]
cnt=1 s0=fng (4670,1473)* [filtered=228]
cnt=1 s0=fng (4670,1473)* [filtered=228]
cnt=1 s0=fng (4670,1473)* [filtered=228]
cnt=1 s0=fng (4670,1473)* [filtered=228]
cnt=1 s0=fng (4670,1473)* [filtered=228]
cnt=1 s0=fng (4670,1473)* [filtered=228]
cnt=1 s0=fng (4670,1473)* [filtered=228]
cnt=1 s0=fng (4670,1473)* [filtered=228]
cnt=1 s0=fng (4670,1473)* [filtered=228]
cnt=1 s0=fng (4670,1473)* [filtered=228]
cnt=1 s0=fng (4670,1473)* [filtered=228]
cnt=1 s0=fng (4670,1473)* [filtered=228]
cnt=1 s0=fng (4670,1473)* [filtered=228]
cnt=1 s0=fng (4670,1473)* [filtered=228]
cnt=1 s0=fng (4670,1473)* [filtered=228]
cnt=1 s0=fng (4670,1473)* [filtered=228]
cnt=1 s0=fng (4670,1473)* [filtered=228]
cnt=1 s0=fng (4670,1473)* [filtered=228]
cnt=1 s0=fng (4670,1473)* [filtered=228]
cnt=1 s0=fng (4670,1473)* [filtered=228]
cnt=1 s0=fng (4670,1473)* [filtered=228]
cnt=1 s0=fng (4670,1473)* [filtered=228]
cnt=1 s0=fng (4670,1473)* [filtered=228]
cnt=1 s0=fng (4670,1473)* [filtered=228]
cnt=1 s0=fng (4670,1473)* [filtered=228]
cnt=1 s0=fng (4670,1473)* [filtered=228]
cnt=1 s0=fng (4670,1473)* [filtered=228]
cnt=1 s0=fng (4670,1473)* [filtered=228]
cnt=1 s0=fng (4670,1473)* [filtered=228]
cnt=1 s0=fng (4670,1473)* [filtered=228]
cnt=1 s0=fng (4670,1473)* [filtered=228]
cnt=1 s0=fng (4670,1473)* [filtered=228]
cnt=1 s0=fng (4670,1474)* [filtered=228]
cnt=1 s0=fng (4670,1475)* [filtered=228]
cnt=1 s0=fng (4670,1475)* [filtered=228]
cnt=1 s0=fng (4670,1475)* [filtered=228]
cnt=1 s0=fng (4670,1475)* [filtered=228]
cnt=1 s0=fng (4670,1475)* [filtered=228]
cnt=1 s0=fng (4670,1475)* [filtered=228]
cnt=1 s0=fng (4670,1475)* [filtered=228]
cnt=1 s0=fng (4670,1475)* [filtered=228]
cnt=1 s0=fng (4670,1476)* [filtered=228]
cnt=1 s0=fng (4670,1476)* [filtered=228]
cnt=1 s0=fng (4670,1477)* [filtered=228]
cnt=1 s0=fng (4670,1477)* [filtered=228]
cnt=1 s0=fng (4670,1477)* [filtered=228]
cnt=1 s0=fng (4670,1477)* [filtered=228]
cnt=1 s0=fng (4670,1478)* [filtered=228]
cnt=1 s0=fng (4670,1478)* [filtered=228]
cnt=1 s0=fng (4670,1479)* [filtered=228]
cnt=1 s0=fng (4670,1479)* [filtered=228]
cnt=1 s0=fng (4670,1479)* [filtered=228]
cnt=1 s0=fng (4670,1480)* [filtered=228]
cnt=1 s0=fng (4670,1480)* [filtered=228]
cnt=1 s0=fng (4670,1480)* [filtered=228]
cnt=1 s0=fng (4670,1481)* [filtered=228]
cnt=1 s0=fng (4670,1482)* [filtered=228]
cnt=1 s0=fng (4671,1482)* [filtered=228]
cnt=1 s0=fng (4671,1483)* [filtered=228]
cnt=1 s0=fng (4671,1483)* [filtered=228]
cnt=1 s0=fng (4671,1483)* [filtered=228]
cnt=1 s0=fng (4671,1484)* [filtered=228]
cnt=1 s0=fng (4671,1485)* [filtered=228]
cnt=1 s0=fng (4671,1486)* [filtered=228]
cnt=1 s0=fng (4671,1486)* [filtered=228]
cnt=1 s0=fng (4671,1487)* [filtered=228]
cnt=1 s0=fng (4671,1488)* [filtered=228]
cnt=1 s0=fng (4671,1489)* [filtered=228]
cnt=1 s0=fng (4671,1490)* [filtered=228]
cnt=1 s0=fng (4671,1490)* [filtered=228]
cnt=1 s0=fng (4671,1491)* [filtered=228]
cnt=1 s0=fng (4671,1492)* [filtered=228]
cnt=1 s0=fng (4671,1493)* [filtered=228]
cnt=1 s0=fng (4671,1493)* [filtered=228]
cnt=1 s0=fng (4671,1494)* [filtered=228]
cnt=1 s0=fng (4671,1495)* [filtered=228]
cnt=1 s0=fng (4671,1496)* [filtered=228]
cnt=1 s0=fng (4672,1497)* [filtered=228]
cnt=1 s0=fng (4672,1497)* [filtered=228]
cnt=1 s0=fng (4672,1497)* [filtered=228]
cnt=1 s0=fng (4672,1498)* [filtered=228]
cnt=1 s0=fng (4672,1498)* [filtered=228]
cnt=1 s0=fng (4672,1499)* [filtered=228]
cnt=1 s0=fng (4672,1499)* [filtered=228]
cnt=1 s0=fng (4673,1500)* [filtered=228]
cnt=1 s0=fng (4674,1501)* [filtered=228]
cnt=1 s0=fng (4674,1501)* [filtered=228]
cnt=1 s0=fng (4674,1501)* [filtered=228]
cnt=1 s0=fng (4674,1502)* [filtered=228]
cnt=1 s0=fng (4674,1502)* [filtered=228]
cnt=1 s0=fng (4674,1503)* [filtered=228]
cnt=1 s0=fng (4674,1503)* [filtered=228]
cnt=1 s0=fng (4674,1503)* [filtered=228]
cnt=1 s0=fng (4674,1503)* [filtered=228]
cnt=1 s0=fng (4674,1503)* [filtered=228]
cnt=1 s0=fng (4674,1503)* [filtered=228]
cnt=1 s0=fng (4674,1503)* [filtered=228]
cnt=1 s0=fng (4674,1503)* [filtered=228]
cnt=1 s0=fng (4674,1502)* [filtered=228]
cnt=1 s0=fng (4674,1502)* [filtered=228]
cnt=1 s0=fng (4674,1501)* [filtered=228]
cnt=1 s0=fng (4674,1501)* [filtered=228]
cnt=1 s0=fng (4674,1500)* [filtered=228]
cnt=1 s0=fng (4674,1499)* [filtered=228]
cnt=1 s0=fng (4674,1498)* [filtered=228]
cnt=1 s0=fng (4674,1497)* [filtered=228]
cnt=1 s0=fng (4674,1496)* [filtered=228]
cnt=1 s0=fng (4674,1495)* [filtered=228]
cnt=1 s0=fng (4673,1494)* [filtered=228]
cnt=1 s0=fng (4672,1492)* [filtered=228]
cnt=1 s0=fng (4672,1490)* [filtered=228]
cnt=1 s0=fng (4672,1489)* [filtered=228]
cnt=1 s0=fng (4672,1488)* [filtered=228]
cnt=1 s0=fng (4672,1487)* [filtered=228]
cnt=1 s0=fng (4672,1486)* [filtered=228]
cnt=1 s0=fng (4672,1486)* [filtered=228]
cnt=1 s0=fng (4672,1486)* [filtered=228]
cnt=1 s0=fng (4672,1485)* [filtered=228]
cnt=1 s0=fng (4672,1484)* [filtered=228]
cnt=1 s0=fng (4672,1484)* [filtered=228]
cnt=1 s0=fng (4672,1484)* [filtered=228]
cnt=1 s0=fng (4672,1484)* [filtered=228]
cnt=1 s0=fng (4672,1484)* [filtered=228]
cnt=1 s0=fng (4672,1484)* [filtered=228]
cnt=1 s0=fng (4672,1484)* [filtered=228]
cnt=1 s0=fng (4672,1484)* [filtered=228]
cnt=1 s0=fng (4672,1484)* [filtered=228]
cnt=1 s0=fng (4672,1484)* [filtered=228]
cnt=1 s0=fng (4672,1485)* [filtered=228]
cnt=1 s0=fng (4672,1486)* [filtered=228]
cnt=1 s0=fng (4672,1486)* [filtered=228]
cnt=1 s0=fng (4672,1487)* [filtered=228]
cnt=1 s0=fng (4673,1488)* [filtered=228]
cnt=1 s0=fng (4674,1489)* [filtered=228]
cnt=1 s0=fng (4675,1490)* [filtered=228]
cnt=1 s0=fng (4676,1491)* [filtered=228]
cnt=1 s0=fng (4677,1492)* [filtered=228]
cnt=1 s0=fng (4678,1494)* [filtered=228]
cnt=1 s0=fng (4678,1496)* [filtered=228]
cnt=1 s0=fng (4678,1497)* [filtered=228]
cnt=1 s0=fng (4678,1498)* [filtered=228]
cnt=1 s0=fng (4679,1499)* [filtered=228]
cnt=1 s0=fng (4680,1501)* [filtered=228]
cnt=1 s0=fng (4681,1503)* [filtered=228]
cnt=1 s0=fng (4681,1504)* [filtered=228]
cnt=1 s0=fng (4681,1505)* [filtered=228]
cnt=1 s0=fng (4682,1507)* [filtered=228]
cnt=1 s0=fng (4683,1509)* [filtered=228]
cnt=1 s0=fng (4684,1510)* [filtered=228]
cnt=1 s0=fng (4685,1511)* [filtered=228]
cnt=1 s0=fng (4686,1513)* [filtered=228]
cnt=1 s0=fng (4687,1515)* [filtered=228]
cnt=1 s0=fng (4688,1517)* [filtered=228]
cnt=1 s0=fng (4689,1518)* [filtered=228]
cnt=1 s0=fng (4690,1520)* [filtered=228]
cnt=1 s0=fng (4691,1521)* [filtered=228]
cnt=1 s0=fng (1059,26) [filtered=228]
cnt=1 s0=fng (1059,26) [filtered=228]
cnt=1 s0=fng (1059,26) [filtered=228]
cnt=1 s0=fng (1059,26) [filtered=228]
cnt=1 s0=fng (1059,26) [filtered=228]
cnt=1 s0=fng (1059,26) [filtered=228]
cnt=1 s0=fng (1059,26) [filtered=228]
cnt=1 s0=fng (1059,26) [filtered=228]
cnt=1 s0=fng (1059,26) [filtered=228]
cnt=1 s0=fng (1059,26) [filtered=228]
cnt=1 s0=fng (1059,26) [filtered=228]
cnt=2 s0=fng (1059,26) s1=PALM(4710,1550) [filtered=229]
cnt=2 s0=fng (1059,26) s1=PALM(4710,1550) [filtered=230]
cnt=2 s0=fng (1059,26) s1=PALM(4710,1550) [filtered=231]
cnt=2 s0=fng (1058,26) s1=PALM(4710,1550) [filtered=232]
cnt=2 s0=fng (1057,26) s1=PALM(4710,1550) [filtered=233]
cnt=2 s0=fng (1056,26) s1=PALM(4710,1549) [filtered=234]
cnt=1 s1=fng (4710,1548) [filtered=234]
cnt=1 s1=fng (4710,1548) [filtered=234]
cnt=1 s1=fng (4710,1548) [filtered=234]
cnt=1 s1=fng (4710,1547) [filtered=234]
cnt=1 s1=fng (4710,1547) [filtered=234]
cnt=1 s1=fng (4710,1546) [filtered=234]
cnt=1 s1=fng (4710,1546) [filtered=234]
cnt=1 s1=fng (4710,1545) [filtered=234]
cnt=1 s1=fng (4710,1544) [filtered=234]
cnt=1 s1=fng (4710,1543) [filtered=234]
cnt=1 s1=fng (4710,1543) [filtered=234]
cnt=1 s1=fng (4709,1542) [filtered=234]
cnt=1 s1=fng (4708,1541) [filtered=234]
cnt=1 s1=fng (4707,1539) [filtered=234]
cnt=1 s1=fng (4706,1537)* [filtered=234]
cnt=1 s1=fng (4705,1536)* [filtered=234]
cnt=1 s1=fng (4704,1535)* [filtered=234]
cnt=1 s1=fng (4702,1532) [filtered=234]
cnt=1 s1=fng (4699,1528) [filtered=234]
cnt=1 s1=fng (4694,1523) [filtered=234]
cnt=1 s1=fng (4691,1519) [filtered=234]
cnt=1 s1=fng (4687,1514) [filtered=234]
cnt=1 s1=fng (4683,1509) [filtered=234]
cnt=1 s1=fng (4679,1504) [filtered=234]
cnt=1 s1=fng (4676,1500) [filtered=234]
cnt=1 s1=fng (4673,1496) [filtered=234]
cnt=1 s1=fng (4670,1491) [filtered=234]
cnt=1 s1=fng (4668,1486) [filtered=234]
cnt=1 s1=fng (4667,1481) [filtered=234]
cnt=1 s1=fng (4666,1477) [filtered=234]
cnt=1 s1=fng (4665,1473) [filtered=234]
cnt=1 s1=fng (4665,1470) [filtered=234]
cnt=1 s1=fng (4665,1466) [filtered=234]
cnt=1 s1=fng (4665,1462) [filtered=234]
cnt=1 s1=fng (4665,1459) [filtered=234]
cnt=1 s1=fng (4665,1456) [filtered=234]
cnt=1 s1=fng (4666,1453) [filtered=234]
cnt=1 s1=fng (4667,1450) [filtered=234]
cnt=1 s1=fng (4667,1448) [filtered=234]
cnt=1 s1=fng (4668,1447) [filtered=234]
cnt=1 s1=fng (4669,1446) [filtered=234]
cnt=1 s1=fng (4670,1445) [filtered=234]
cnt=1 s1=fng (4671,1445) [filtered=234]
cnt=1 s1=fng (4671,1445) [filtered=234]
cnt=1 s1=fng (4672,1445) [filtered=234]
cnt=1 s1=fng (4673,1445) [filtered=234]
cnt=1 s1=fng (4674,1446) [filtered=234]
cnt=1 s1=fng (4675,1447) [filtered=234]
cnt=1 s1=fng (4676,1447) [filtered=234]
cnt=1 s1=fng (4677,1448) [filtered=234]
cnt=1 s1=fng (4678,1449) [filtered=234]
cnt=1 s1=fng (4679,1451) [filtered=234]
cnt=1 s1=fng (4679,1452) [filtered=234]
cnt=1 s1=fng (4680,1454) [filtered=234]
cnt=1 s1=fng (4681,1456) [filtered=234]
cnt=1 s1=fng (4682,1459) [filtered=234]
cnt=1 s1=fng (4683,1462) [filtered=234]
cnt=1 s1=fng (4684,1464) [filtered=234]
cnt=1 s1=fng (4685,1467) [filtered=234]
cnt=1 s1=fng (4686,1470) [filtered=234]
cnt=1 s1=fng (4687,1473) [filtered=234]
cnt=1 s1=fng (4688,1476) [filtered=234]
cnt=1 s1=fng (4688,1478) [filtered=234]
cnt=1 s1=fng (4689,1481) [filtered=234]
cnt=1 s1=fng (4690,1483) [filtered=234]
cnt=1 s1=fng (4691,1485) [filtered=234]
cnt=1 s1=fng (4692,1486) [filtered=234]
cnt=1 s1=fng (4692,1487) [filtered=234]
cnt=1 s1=fng (4693,1489) [filtered=234]
cnt=1 s1=fng (4694,1491) [filtered=234]
cnt=1 s1=fng (4694,1492) [filtered=234]
cnt=1 s1=fng (4694,1493) [filtered=234]
cnt=1 s1=fng (4695,1494) [filtered=234]
cnt=1 s1=fng (4696,1495) [filtered=234]
cnt=1 s1=fng (4696,1495) [filtered=234]
cnt=1 s1=fng (4697,1496) [filtered=234]
cnt=1 s1=fng (4697,1497) [filtered=234]
cnt=1 s1=fng (4697,1497) [filtered=234]
cnt=1 s1=fng (4697,1497) [filtered=234]
cnt=1 s1=fng (4697,1498) [filtered=234]
cnt=1 s1=fng (4697,1498) [filtered=234]
cnt=1 s1=fng (4697,1498) [filtered=234]
cnt=1 s1=fng (4697,1498) [filtered=234]
cnt=1 s1=fng (4697,1498)* [filtered=234]
cnt=1 s1=fng (4697,1498)* [filtered=234]
cnt=1 s1=fng (4697,1498)* [filtered=234]
cnt=1 s1=fng (4697,1498)* [filtered=234]
cnt=1 s1=fng (4697,1498)* [filtered=234]
cnt=1 s1=fng (4697,1498)* [filtered=234]
cnt=1 s1=fng (4698,1498)* [filtered=234]
cnt=1 s1=fng (4698,1498)* [filtered=234]
cnt=1 s1=fng (4698,1498)* [filtered=234]
cnt=1 s1=fng (4698,1498)* [filtered=234]
cnt=1 s1=fng (4698,1498)* [filtered=234]
cnt=1 s1=fng (4698,1498)* [filtered=234]
cnt=1 s1=fng (4698,1498)* [filtered=234]
cnt=1 s1=fng (4698,1498)* [filtered=234]
cnt=1 s1=fng (4698,1498)* [filtered=234]
cnt=1 s1=fng (4698,1498)* [filtered=234]
cnt=1 s1=fng (4698,1498)* [filtered=234]
cnt=1 s1=fng (4698,1498)* [filtered=234]
cnt=1 s1=fng (4698,1498)* [filtered=234]
cnt=1 s1=fng (4698,1498)* [filtered=234]
cnt=1 s1=fng (4698,1498)* [filtered=234]
cnt=1 s1=fng (4698,1498)* [filtered=234]
cnt=1 s1=fng (4698,1497)* [filtered=234]
cnt=1 s1=fng (4698,1497)* [filtered=234]
cnt=1 s1=fng (4698,1497)* [filtered=234]
cnt=1 s1=fng (4698,1497)* [filtered=234]
cnt=1 s1=fng (4698,1497)* [filtered=234]
cnt=1 s1=fng (4698,1497)* [filtered=234]
cnt=1 s1=fng (4699,1497)* [filtered=234]
cnt=1 s1=fng (4699,1497)* [filtered=234]
cnt=1 s1=fng (4699,1498)* [filtered=234]
cnt=1 s1=fng (4699,1498)* [filtered=234]
cnt=1 s1=fng (4699,1498)* [filtered=234]
cnt=1 s1=fng (4699,1498)* [filtered=234]
cnt=1 s1=fng (4700,1499)* [filtered=234]
cnt=1 s1=fng (4701,1499)* [filtered=234]
cnt=1 s1=fng (4702,1499)* [filtered=234]
cnt=1 s1=fng (4702,1500)* [filtered=234]
cnt=1 s1=fng (4702,1501)* [filtered=234]
cnt=1 s1=fng (4703,1502)* [filtered=234]
cnt=1 s1=fng (4703,1502)* [filtered=234]
cnt=1 s1=fng (4703,1503)* [filtered=234]
cnt=1 s1=fng (4703,1504)* [filtered=234]
cnt=1 s1=fng (4704,1505)* [filtered=234]
cnt=1 s1=fng (4705,1505)* [filtered=234]
cnt=1 s1=fng (4705,1505)* [filtered=234]
cnt=1 s1=fng (4705,1506)* [filtered=234]
cnt=1 s1=fng (4705,1506)* [filtered=234]
cnt=1 s1=fng (4705,1507)* [filtered=234]
cnt=1 s1=fng (4705,1507)* [filtered=234]
cnt=1 s1=fng (4705,1508)* [filtered=234]
cnt=1 s1=fng (4705,1509)* [filtered=234]
cnt=1 s1=fng (4705,1509)* [filtered=234]
cnt=1 s1=fng (4705,1510)* [filtered=234]
cnt=1 s1=fng (4705,1510)* [filtered=234]
cnt=1 s1=fng (4706,1511)* [filtered=234]
cnt=1 s1=fng (4707,1512)* [filtered=234]
cnt=1 s1=fng (4707,1513)* [filtered=234]
cnt=1 s1=fng (4708,1514)* [filtered=234]
cnt=1 s1=fng (4709,1514)* [filtered=234]
cnt=1 s1=fng (4709,1515)* [filtered=234]
cnt=1 s1=fng (4709,1516)* [filtered=234]
cnt=1 s1=fng (4710,1517)* [filtered=234]
cnt=1 s1=fng (4710,1518)* [filtered=234]
cnt=1 s1=fng (4710,1519)* [filtered=234]
cnt=1 s1=fng (4711,1520)* [filtered=234]
cnt=1 s1=fng (4711,1521)* [filtered=234]
cnt=1 s1=fng (4711,1522)* [filtered=234]
cnt=1 s1=fng (4712,1523)* [filtered=234]
cnt=1 s1=fng (4712,1524)* [filtered=234]
cnt=1 s1=fng (4713,1525)* [filtered=234]
cnt=1 s1=fng (4714,1526)* [filtered=234]
cnt=1 s1=fng (4714,1527)* [filtered=234]
cnt=1 s1=fng (4714,1528)* [filtered=234]
cnt=1 s1=fng (4715,1529)* [filtered=234]
cnt=1 s1=fng (4716,1529)* [filtered=234]
cnt=1 s1=fng (4716,1530)* [filtered=234]
cnt=1 s1=fng (4716,1531)* [filtered=234]
cnt=1 s1=fng (4716,1531)* [filtered=234]
cnt=1 s1=fng (4717,1532)* [filtered=234]
cnt=1 s1=fng (4718,1532)* [filtered=234]
cnt=1 s1=fng (4719,1533)* [filtered=234]
cnt=1 s1=fng (4719,1533)* [filtered=234]
cnt=1 s1=fng (4719,1533)* [filtered=234]
cnt=1 s1=fng (4720,1533)* [filtered=234]
cnt=1 s1=fng (4720,1534)* [filtered=234]
cnt=1 s1=fng (4720,1535)* [filtered=234]
cnt=1 s1=fng (4720,1535)* [filtered=234]
cnt=1 s1=fng (4720,1535)* [filtered=234]
cnt=1 s1=fng (4720,1536)* [filtered=234]
cnt=1 s1=fng (4720,1536)* [filtered=234]
cnt=1 s1=fng (4720,1536)* [filtered=234]
cnt=1 s1=fng (4720,1536)* [filtered=234]
cnt=1 s1=fng (4720,1537)* [filtered=234]
cnt=1 s1=fng (4720,1538)* [filtered=234]
cnt=1 s1=fng (4720,1539)* [filtered=234]
cnt=1 s1=fng (4720,1539)* [filtered=234]
cnt=1 s1=fng (4720,1539)* [filtered=234]
cnt=1 s1=fng (4720,1540)* [filtered=234]
cnt=1 s1=fng (4720,1540)* [filtered=234]
cnt=1 s1=fng (4720,1541)* [filtered=234]
cnt=1 s1=fng (4720,1542)* [filtered=234]
cnt=1 s1=fng (4720,1542)* [filtered=234]
cnt=1 s1=fng (4720,1543)* [filtered=234]
cnt=1 s1=fng (4720,1544)* [filtered=234]
cnt=1 s1=fng (4720,1544)* [filtered=234]
cnt=1 s1=fng (4720,1544)* [filtered=234]
cnt=1 s1=fng (4720,1544)* [filtered=234]
cnt=1 s1=fng (4720,1545)* [filtered=234]
cnt=1 s1=fng (4721,1546)* [filtered=234]
cnt=1 s1=fng (4722,1546)* [filtered=234]
cnt=1 s1=fng (4722,1546)* [filtered=234]
cnt=1 s1=fng (4722,1546)* [filtered=234]
cnt=1 s1=fng (4722,1546)* [filtered=234]
cnt=1 s1=fng (4722,1547)* [filtered=234]
cnt=1 s1=fng (4722,1547)* [filtered=234]
cnt=1 s1=fng (4722,1547)* [filtered=234]
cnt=1 s1=fng (4722,1547)* [filtered=234]
cnt=1 s1=fng (4722,1547)* [filtered=234]
cnt=1 s1=fng (4722,1547)* [filtered=234]
cnt=1 s1=fng (4722,1547)* [filtered=234]
cnt=1 s1=fng (4722,1547)* [filtered=234]
cnt=1 s1=fng (4722,1547)* [filtered=234]
cnt=1 s1=fng (4722,1547)* [filtered=234]
cnt=1 s1=fng (4722,1547)* [filtered=234]
cnt=1 s1=fng (4722,1547)* [filtered=234]
cnt=1 s1=fng (4723,1547)* [filtered=234]
cnt=1 s1=fng (4723,1547)* [filtered=234]
cnt=1 s1=fng (4723,1547)* [filtered=234]
cnt=1 s1=fng (4723,1547)* [filtered=234]
cnt=1 s1=fng (4723,1547)* [filtered=234]
cnt=1 s1=fng (4723,1547)* [filtered=234]
cnt=1 s1=fng (4723,1547)* [filtered=234]
cnt=1 s1=fng (4723,1547)* [filtered=234]
cnt=1 s1=fng (4723,1547)* [filtered=234]
cnt=1 s1=fng (4723,1547)* [filtered=234]
cnt=1 s1=fng (4723,1547)* [filtered=234]
cnt=1 s1=fng (4723,1547)* [filtered=234]
cnt=1 s1=fng (4723,1547)* [filtered=234]
cnt=1 s1=fng (4723,1547)* [filtered=234]
cnt=1 s1=fng (4723,1547)* [filtered=234]
cnt=1 s1=fng (4723,1547)* [filtered=234]
cnt=1 s1=fng (4723,1548)* [filtered=234]
cnt=1 s1=fng (4723,1548)* [filtered=234]
cnt=1 s1=fng (4723,1548)* [filtered=234]
cnt=1 s1=fng (4723,1548)* [filtered=234]
cnt=1 s1=fng (4723,1548)* [filtered=234]
cnt=1 s1=fng (4723,1549)* [filtered=234]
cnt=1 s1=fng (4723,1550)* [filtered=234]
cnt=1 s1=fng (4723,1550)* [filtered=234]
cnt=1 s1=fng (4723,1550)* [filtered=234]
cnt=1 s1=fng (4723,1550)* [filtered=234]
cnt=1 s1=fng (4723,1550)* [filtered=234]
cnt=1 s1=fng (4723,1550)* [filtered=234]
cnt=1 s1=fng (4723,1550)* [filtered=234]
cnt=1 s1=fng (4723,1550)* [filtered=234]
cnt=1 s1=fng (4723,1550)* [filtered=234]
cnt=1 s1=fng (4723,1550)* [filtered=234]
cnt=1 s1=fng (4723,1550)* [filtered=234]
cnt=1 s1=fng (4723,1550)* [filtered=234]
cnt=1 s1=fng (4723,1550)* [filtered=234]
cnt=1 s1=fng (4723,1550)* [filtered=234]
cnt=1 s1=fng (4723,1550)* [filtered=234]
cnt=1 s1=fng (4723,1550)* [filtered=234]
cnt=1 s1=fng (4723,1550)* [filtered=234]
cnt=1 s1=fng (4723,1550)* [filtered=234]
cnt=1 s1=fng (4723,1550)* [filtered=234]
cnt=1 s1=fng (4723,1550)* [filtered=234]
cnt=1 s1=fng (4723,1550)* [filtered=234]
cnt=1 s1=fng (4723,1551)* [filtered=234]
cnt=1 s1=fng (4723,1551)* [filtered=234]
cnt=1 s1=fng (4723,1552)* [filtered=234]
cnt=1 s1=fng (4723,1552)* [filtered=234]
cnt=1 s1=fng (4723,1552)* [filtered=234]
cnt=1 s1=fng (4723,1553)* [filtered=234]
cnt=1 s1=fng (4723,1554)* [filtered=234]
cnt=1 s1=fng (4723,1554)* [filtered=234]
cnt=1 s1=fng (4723,1554)* [filtered=234]
cnt=1 s1=fng (4723,1555)* [filtered=234]
cnt=1 s1=fng (4723,1555)* [filtered=234]
cnt=1 s1=fng (4723,1555)* [filtered=234]
cnt=1 s1=fng (4723,1556)* [filtered=234]
cnt=1 s1=fng (4723,1556)* [filtered=234]
cnt=1 s1=fng (4723,1556)* [filtered=234]
cnt=1 s1=fng (4723,1557)* [filtered=234]
cnt=1 s1=fng (4723,1558)* [filtered=234]
cnt=1 s1=fng (4723,1558)* [filtered=234]
cnt=1 s1=fng (4723,1558)* [filtered=234]
cnt=1 s1=fng (4723,1559)* [filtered=234]
cnt=1 s1=fng (4723,1560)* [filtered=234]
cnt=1 s1=fng (4723,1561)* [filtered=234]
cnt=1 s1=fng (4723,1561)* [filtered=234]
cnt=1 s1=fng (4723,1562)* [filtered=234]
cnt=1 s1=fng (4723,1563)* [filtered=234]
cnt=1 s1=fng (4723,1564)* [filtered=234]
cnt=1 s1=fng (4724,1566)* [filtered=234]
cnt=1 s1=fng (4724,1567)* [filtered=234]
cnt=1 s1=fng (4724,1568)* [filtered=234]
cnt=1 s1=fng (4724,1569)* [filtered=234]
cnt=1 s1=fng (4724,1571)* [filtered=234]
cnt=1 s1=fng (4724,1572)* [filtered=234]
cnt=1 s1=fng (4724,1573)* [filtered=234]
cnt=1 s1=fng (4724,1574)* [filtered=234]
cnt=1 s1=fng (4724,1575)* [filtered=234]
cnt=1 s1=fng (4724,1576)* [filtered=234]
cnt=1 s1=fng (4724,1577)* [filtered=234]
cnt=1 s1=fng (4724,1578)* [filtered=234]
cnt=1 s1=fng (4725,1578)* [filtered=234]
cnt=1 s1=fng (4725,1579)* [filtered=234]
cnt=1 s1=fng (4725,1579)* [filtered=234]
cnt=1 s1=fng (4725,1579)* [filtered=234]
cnt=1 s1=fng (4725,1579)* [filtered=234]
cnt=1 s1=fng (4725,1580)* [filtered=234]
cnt=1 s1=fng (4726,1580)* [filtered=234]
cnt=1 s1=fng (4727,1580)* [filtered=234]
cnt=1 s1=fng (4727,1580)* [filtered=234]
cnt=1 s1=fng (4727,1580)* [filtered=234]
cnt=1 s1=fng (4727,1580)* [filtered=234]
cnt=1 s1=fng (4727,1580)* [filtered=234]
cnt=1 s1=fng (4727,1580)* [filtered=234]
cnt=1 s1=fng (4727,1580)* [filtered=234]
cnt=1 s1=fng (4727,1580)* [filtered=234]
cnt=1 s1=fng (4727,1580)* [filtered=234]
cnt=1 s1=fng (4727,1580)* [filtered=234]
cnt=1 s1=fng (4727,1580)* [filtered=234]
cnt=1 s1=fng (4727,1580)* [filtered=234]
cnt=1 s1=fng (4727,1580)* [filtered=234]
cnt=1 s1=fng (4727,1580)* [filtered=234]
cnt=1 s1=fng (4727,1580)* [filtered=234]
cnt=1 s1=fng (4727,1580)* [filtered=234]
cnt=1 s0=fng (4736,1637) [filtered=234]
cnt=1 s0=fng (4736,1636) [filtered=234]
cnt=1 s0=fng (4736,1636) [filtered=234]
cnt=1 s0=fng (4736,1635) [filtered=234]
cnt=1 s0=fng (4736,1634) [filtered=234]
cnt=1 s0=fng (4735,1633) [filtered=234]
cnt=1 s0=fng (4733,1630) [filtered=234]
cnt=1 s0=fng (4732,1628) [filtered=234]
cnt=1 s0=fng (4729,1624) [filtered=234]
cnt=1 s0=fng (4724,1619) [filtered=234]
cnt=1 s0=fng (4718,1613) [filtered=234]
cnt=1 s0=fng (4713,1607) [filtered=234]
cnt=1 s0=fng (4706,1600) [filtered=234]
cnt=1 s0=fng (4697,1593) [filtered=234]
cnt=1 s0=fng (4688,1586) [filtered=234]
cnt=1 s0=fng (4680,1579) [filtered=234]
cnt=1 s0=fng (4672,1573) [filtered=234]
cnt=1 s0=fng (4665,1567) [filtered=234]
cnt=1 s0=fng (4659,1561) [filtered=234]
cnt=1 s0=fng (4654,1556) [filtered=234]
cnt=1 s0=fng (4649,1551) [filtered=234]
cnt=1 s0=fng (4645,1547) [filtered=234]
cnt=1 s0=fng (4642,1543) [filtered=234]
cnt=1 s0=fng (4640,1540) [filtered=234]
cnt=1 s0=fng (4637,1537) [filtered=234]
cnt=1 s0=fng (4635,1535) [filtered=234]
cnt=1 s0=fng (4633,1533) [filtered=234]
cnt=1 s0=fng (4631,1530) [filtered=234]
cnt=1 s0=fng (4629,1527) [filtered=234]
cnt=1 s0=fng (4627,1525) [filtered=234]
cnt=1 s0=fng (4626,1524) [filtered=234]
cnt=1 s0=fng (4624,1523) [filtered=234]
cnt=1 s0=fng (4622,1521) [filtered=234]
cnt=1 s0=fng (4620,1519) [filtered=234]
cnt=1 s0=fng (4619,1518) [filtered=234]
cnt=1 s0=fng (4619,1517) [filtered=234]
cnt=1 s0=fng (4619,1516) [filtered=234]
cnt=1 s0=fng (4619,1515) [filtered=234]
cnt=1 s0=fng (4620,1515) [filtered=234]
cnt=1 s0=fng (4621,1515) [filtered=234]
cnt=1 s0=fng (4622,1515) [filtered=234]
cnt=1 s0=fng (4624,1516) [filtered=234]
cnt=1 s0=fng (4626,1517) [filtered=234]
cnt=1 s0=fng (4629,1518) [filtered=234]
cnt=1 s0=fng (4631,1518) [filtered=234]
cnt=1 s0=fng (4634,1520) [filtered=234]
cnt=1 s0=fng (4638,1522) [filtered=234]
cnt=1 s0=fng (4644,1525) [filtered=234]
cnt=1 s0=fng (4649,1529) [filtered=234]
cnt=1 s0=fng (4655,1532) [filtered=234]
cnt=1 s0=fng (4660,1534) [filtered=234]
cnt=1 s0=fng (4754,1551) [filtered=234]
cnt=1 s0=fng (4754,1551) [filtered=234]
cnt=1 s0=fng (4754,1551) [filtered=234]
cnt=1 s0=fng (4754,1550) [filtered=234]
cnt=1 s0=fng (4754,1550) [filtered=234]
cnt=1 s0=fng (4753,1549) [filtered=234]
cnt=1 s0=fng (4752,1549) [filtered=234]
cnt=1 s0=fng (4751,1548) [filtered=234]
cnt=1 s0=fng (4750,1547) [filtered=234]
cnt=1 s0=fng (4749,1546) [filtered=234]
cnt=1 s0=fng (4748,1545) [filtered=234]
cnt=1 s0=fng (4748,1545) [filtered=234]
cnt=1 s0=fng (4747,1544) [filtered=234]
cnt=1 s0=fng (4746,1543) [filtered=234]
cnt=1 s0=fng (4745,1541) [filtered=234]
cnt=1 s0=fng (4744,1539) [filtered=234]
cnt=1 s0=fng (4743,1538) [filtered=234]
cnt=1 s0=fng (4742,1537) [filtered=234]
cnt=1 s0=fng (4741,1536) [filtered=234]
cnt=1 s0=fng (4740,1534) [filtered=234]
cnt=1 s0=fng (4739,1532)* [filtered=234]
cnt=1 s0=fng (4739,1531)* [filtered=234]
cnt=1 s0=fng (4738,1530)* [filtered=234]
cnt=1 s0=fng (4737,1529)* [filtered=234]
cnt=1 s0=fng (4736,1528)* [filtered=234]
cnt=1 s0=fng (4736,1527)* [filtered=234]
cnt=1 s0=fng (4735,1526)* [filtered=234]
cnt=1 s0=fng (4733,1524) [filtered=234]
cnt=1 s0=fng (4730,1522) [filtered=234]
cnt=1 s0=fng (4727,1519) [filtered=234]
cnt=1 s0=fng (4726,1518) [filtered=234]
cnt=1 s0=fng (4724,1516) [filtered=234]
cnt=1 s0=fng (4723,1514) [filtered=234]
cnt=1 s0=fng (4722,1512) [filtered=234]
cnt=1 s0=fng (4721,1510) [filtered=234]
cnt=1 s0=fng (4720,1509) [filtered=234]
cnt=1 s0=fng (4720,1508) [filtered=234]
cnt=1 s0=fng (4720,1507) [filtered=234]
cnt=1 s0=fng (4721,1506) [filtered=234]
cnt=1 s0=fng (4721,1506) [filtered=234]
cnt=1 s0=fng (4722,1506) [filtered=234]
cnt=1 s0=fng (4723,1505) [filtered=234]
cnt=1 s0=fng (4724,1504) [filtered=234]
cnt=1 s0=fng (4725,1503) [filtered=234]
cnt=1 s0=fng (4754,1604) [filtered=234]
cnt=1 s0=fng (4754,1603) [filtered=234]
cnt=1 s0=fng (4754,1603) [filtered=234]
cnt=1 s0=fng (4754,1603) [filtered=234]
cnt=1 s0=fng (4753,1602) [filtered=234]
cnt=1 s0=fng (4752,1601) [filtered=234]
cnt=1 s0=fng (4751,1600) [filtered=234]
cnt=1 s0=fng (4750,1599) [filtered=234]
cnt=1 s0=fng (4748,1596) [filtered=234]
cnt=1 s0=fng (4744,1592) [filtered=234]
cnt=1 s0=fng (4739,1587) [filtered=234]
cnt=1 s0=fng (4735,1582) [filtered=234]
cnt=1 s0=fng (4730,1575) [filtered=234]
cnt=1 s0=fng (4725,1567) [filtered=234]
cnt=1 s0=fng (4719,1558) [filtered=234]
cnt=1 s0=fng (4713,1549) [filtered=234]
cnt=1 s0=fng (4707,1540) [filtered=234]
cnt=1 s0=fng (4702,1530) [filtered=234]
cnt=1 s0=fng (4697,1520) [filtered=234]
cnt=1 s0=fng (4692,1510) [filtered=234]
cnt=1 s0=fng (4688,1501) [filtered=234]
cnt=1 s0=fng (4685,1491) [filtered=234]
cnt=1 s0=fng (4683,1482) [filtered=234]
cnt=1 s0=fng (4681,1473) [filtered=234]
cnt=1 s0=fng (4680,1464) [filtered=234]
cnt=1 s0=fng (4679,1456) [filtered=234]
cnt=1 s0=fng (4679,1447) [filtered=234]
cnt=1 s0=fng (4679,1439) [filtered=234]
cnt=1 s0=fng (4679,1432) [filtered=234]
cnt=1 s0=fng (4680,1426) [filtered=234]
cnt=1 s0=fng (4680,1421) [filtered=234]
cnt=1 s0=fng (4681,1417) [filtered=234]
cnt=1 s0=fng (4683,1414) [filtered=234]
cnt=1 s0=fng (4685,1412) [filtered=234]
cnt=1 s0=fng (4687,1412) [filtered=234]
cnt=1 s0=fng (4688,1412) [filtered=234]
cnt=1 s0=fng (4689,1412) [filtered=234]
cnt=1 s0=fng (4691,1413) [filtered=234]
cnt=1 s0=fng (4693,1414) [filtered=234]
cnt=1 s0=fng (4694,1415) [filtered=234]
cnt=1 s0=fng (4695,1416) [filtered=234]
cnt=1 s0=fng (4696,1418) [filtered=234]
cnt=1 s0=fng (4697,1421) [filtered=234]
cnt=1 s0=fng (4699,1424) [filtered=234]
cnt=1 s0=fng (4700,1426) [filtered=234]
cnt=1 s0=fng (4702,1430) [filtered=234]
cnt=1 s0=fng (4704,1435) [filtered=234]
cnt=1 s0=fng (4707,1440) [filtered=234]
cnt=1 s0=fng (4710,1446) [filtered=234]
cnt=1 s0=fng (4711,1450) [filtered=234]
cnt=1 s0=fng (4713,1455) [filtered=234]
cnt=1 s0=fng (4715,1460) [filtered=234]
cnt=1 s0=fng (4762,1558) [filtered=234]
cnt=1 s0=fng (4762,1558) [filtered=234]
cnt=1 s0=fng (4762,1558) [filtered=234]
cnt=1 s0=fng (4762,1558) [filtered=234]
cnt=1 s0=fng (4762,1558) [filtered=234]
cnt=1 s0=fng (4762,1557) [filtered=234]
cnt=1 s0=fng (4762,1556) [filtered=234]
cnt=1 s0=fng (4762,1555) [filtered=234]
cnt=1 s0=fng (4762,1555) [filtered=234]
cnt=1 s0=fng (4762,1554) [filtered=234]
cnt=1 s0=fng (4762,1558) [filtered=234]
cnt=1 s0=fng (4762,1558) [filtered=234]
cnt=1 s0=fng (4762,1558) [filtered=234]
cnt=1 s0=fng (4762,1558) [filtered=234]
cnt=1 s0=fng (4762,1558) [filtered=234]
cnt=1 s0=fng (4762,1558) [filtered=234]
cnt=1 s0=fng (4762,1558) [filtered=234]
cnt=1 s0=fng (4762,1558) [filtered=234]
cnt=1 s0=fng (4762,1558) [filtered=234]
cnt=1 s0=fng (4762,1558) [filtered=234]
cnt=1 s0=fng (4762,1558) [filtered=234]
cnt=1 s0=fng (4762,1558) [filtered=234]
cnt=1 s0=fng (4762,1558) [filtered=234]
cnt=1 s0=fng (4762,1558) [filtered=234]
cnt=1 s0=fng (4762,1557) [filtered=234]
cnt=1 s0=fng (4762,1556) [filtered=234]
cnt=1 s0=fng (4762,1556) [filtered=234]
cnt=1 s0=fng (4762,1556) [filtered=234]
cnt=1 s0=fng (4762,1555) [filtered=234]
cnt=1 s0=fng (4762,1555) [filtered=234]
cnt=1 s0=fng (4762,1554)* [filtered=234]
cnt=1 s0=fng (4762,1554)* [filtered=234]
cnt=1 s0=fng (4762,1554)* [filtered=234]
cnt=1 s0=fng (4762,1553)* [filtered=234]
cnt=1 s0=fng (4762,1552)* [filtered=234]
cnt=1 s0=fng (4762,1552)* [filtered=234]
cnt=1 s0=fng (4762,1551)* [filtered=234]
cnt=1 s0=fng (4762,1551)* [filtered=234]
cnt=1 s0=fng (4761,1550)* [filtered=234]
cnt=1 s0=fng (4760,1550)* [filtered=234]
cnt=1 s0=fng (4759,1549)* [filtered=234]
cnt=1 s0=fng (4758,1549)* [filtered=234]
cnt=1 s0=fng (4758,1548)* [filtered=234]
cnt=1 s0=fng (4758,1548)* [filtered=234]
cnt=1 s0=fng (4758,1548)* [filtered=234]
cnt=1 s0=fng (4758,1548)* [filtered=234]
cnt=1 s0=fng (4758,1548)* [filtered=234]
cnt=1 s0=fng (4758,1548)* [filtered=234]
cnt=1 s0=fng (4758,1548)* [filtered=234]
cnt=1 s0=fng (4758,1549)* [filtered=234]
cnt=1 s0=fng (4758,1550)* [filtered=234]
cnt=1 s0=fng (4758,1550)* [filtered=234]
cnt=1 s0=fng (4758,1550)* [filtered=234]
cnt=1 s0=fng (4758,1551)* [filtered=234]
cnt=1 s0=fng (4758,1552)* [filtered=234]
cnt=1 s0=fng (4758,1553)* [filtered=234]
cnt=1 s0=fng (4758,1554)* [filtered=234]
cnt=1 s0=fng (4758,1556)* [filtered=234]
cnt=1 s0=fng (4758,1558)* [filtered=234]
cnt=1 s0=fng (1078,28) [filtered=234]
cnt=1 s0=fng (1078,28) [filtered=234]
cnt=1 s0=fng (1078,28) [filtered=234]
cnt=1 s0=fng (1078,28) [filtered=234]
cnt=1 s0=fng (1078,28) [filtered=234]
cnt=1 s0=fng (1078,28) [filtered=234]
cnt=1 s0=fng (1078,28) [filtered=234]
cnt=1 s0=fng (1078,28) [filtered=234]
cnt=1 s0=fng (1078,28) [filtered=234]
cnt=1 s0=fng (1078,28) [filtered=234]
cnt=1 s0=fng (1078,28) [filtered=234]
cnt=1 s0=fng (1078,28) [filtered=234]
cnt=1 s0=fng (1078,28) [filtered=234]
cnt=1 s0=fng (1078,28) [filtered=234]
cnt=1 s0=fng (1078,28) [filtered=234]
cnt=1 s0=fng (1078,28) [filtered=234]
cnt=1 s0=fng (1078,28) [filtered=234]
cnt=1 s0=fng (1078,28) [filtered=234]
cnt=1 s0=fng (1078,28) [filtered=234]
cnt=1 s0=fng (1078,28) [filtered=234]
cnt=1 s0=fng (1078,28)* [filtered=234]
cnt=1 s0=fng (1078,28)* [filtered=234]
cnt=1 s0=fng (1078,28)* [filtered=234]
cnt=1 s0=fng (4755,1556) [filtered=234]
cnt=1 s0=fng (4755,1556) [filtered=234]
cnt=1 s0=fng (4755,1556) [filtered=234]
cnt=1 s0=fng (4755,1555) [filtered=234]
cnt=1 s0=fng (4755,1555) [filtered=234]
cnt=1 s0=fng (4755,1555) [filtered=234]
cnt=1 s0=fng (4755,1555) [filtered=234]
cnt=1 s0=fng (4755,1555) [filtered=234]
cnt=1 s0=fng (4755,1554) [filtered=234]
cnt=1 s0=fng (4755,1554) [filtered=234]
cnt=1 s0=fng (4755,1554) [filtered=234]
cnt=1 s0=fng (4755,1553) [filtered=234]
cnt=1 s0=fng (4755,1552) [filtered=234]
cnt=1 s0=fng (4754,1552) [filtered=234]
cnt=1 s0=fng (4753,1551) [filtered=234]
cnt=1 s0=fng (4752,1551) [filtered=234]
cnt=1 s0=fng (4751,1550) [filtered=234]
cnt=1 s0=fng (4750,1549) [filtered=234]
cnt=1 s0=fng (4749,1547) [filtered=234]
cnt=1 s0=fng (4749,1546) [filtered=234]
cnt=1 s0=fng (4748,1545)* [filtered=234]
cnt=1 s0=fng (4747,1544)* [filtered=234]
cnt=1 s0=fng (4744,1541) [filtered=234]
cnt=1 s0=fng (4740,1537) [filtered=234]
cnt=1 s0=fng (4737,1534) [filtered=234]
cnt=1 s0=fng (4732,1530) [filtered=234]
cnt=1 s0=fng (4727,1525) [filtered=234]
cnt=1 s0=fng (4722,1520) [filtered=234]
cnt=1 s0=fng (4717,1515) [filtered=234]
cnt=1 s0=fng (4712,1511) [filtered=234]
cnt=1 s0=fng (4707,1507) [filtered=234]
cnt=1 s0=fng (4703,1504) [filtered=234]
cnt=1 s0=fng (4699,1500) [filtered=234]
cnt=1 s0=fng (4696,1497) [filtered=234]
cnt=1 s0=fng (4695,1495) [filtered=234]
cnt=1 s0=fng (4695,1494) [filtered=234]
cnt=1 s0=fng (4695,1493) [filtered=234]
cnt=1 s0=fng (4695,1492) [filtered=234]
cnt=1 s0=fng (4695,1491) [filtered=234]
cnt=1 s0=fng (4695,1491) [filtered=234]
cnt=1 s0=fng (4695,1491) [filtered=234]
cnt=1 s0=fng (4695,1491) [filtered=234]
cnt=1 s0=fng (4695,1492) [filtered=234]
cnt=1 s0=fng (4695,1493) [filtered=234]
cnt=1 s0=fng (4698,1494) [filtered=234]
cnt=1 s0=fng (4701,1496) [filtered=234]
cnt=1 s0=fng (4704,1499) [filtered=234]
cnt=1 s0=fng (4704,1500) [filtered=234]
cnt=2 s0=PALM(4706,1502) s1=fng (1029,38) [filtered=235]
cnt=2 s0=PALM(4710,1507) s1=fng (1029,38) [filtered=236]
cnt=2 s0=PALM(4714,1513) s1=fng (1029,38) [filtered=237]
cnt=2 s0=PALM(4718,1519) s1=fng (1029,38) [filtered=238]
cnt=2 s0=PALM(4721,1525) s1=fng (1029,38) [filtered=239]
cnt=2 s0=PALM(4725,1531) s1=fng (1029,38) [filtered=240]
cnt=2 s0=PALM(4729,1537) s1=fng (1029,38) [filtered=241]
cnt=2 s0=PALM(4733,1543) s1=fng (1029,38) [filtered=242]
cnt=2 s0=PALM(4736,1548) s1=fng (1029,38) [filtered=243]
cnt=2 s0=PALM(4738,1553) s1=fng (1029,38) [filtered=244]
cnt=1 s1=fng (1029,38) [filtered=244]
cnt=1 s1=fng (1029,38) [filtered=244]
cnt=1 s1=fng (1029,38) [filtered=244]
cnt=1 s1=fng (1029,38) [filtered=244]
cnt=1 s1=fng (1029,38) [filtered=244]
cnt=1 s1=fng (1029,38) [filtered=244]
cnt=1 s1=fng (1029,38) [filtered=244]
cnt=1 s1=fng (1029,38) [filtered=244]
cnt=1 s1=fng (1029,38) [filtered=244]
cnt=1 s1=fng (1029,38) [filtered=244]
cnt=1 s1=fng (1029,38)* [filtered=244]
cnt=1 s1=fng (1029,38)* [filtered=244]
cnt=1 s1=fng (1029,38)* [filtered=244]
cnt=1 s0=fng (4762,1549) [filtered=244]
cnt=1 s0=fng (4762,1548) [filtered=244]
cnt=1 s0=fng (4762,1548) [filtered=244]
cnt=1 s0=fng (4762,1547) [filtered=244]
cnt=1 s0=fng (4762,1545) [filtered=244]
cnt=1 s0=fng (4762,1544) [filtered=244]
cnt=1 s0=fng (4762,1543) [filtered=244]
cnt=1 s0=fng (4762,1542) [filtered=244]
cnt=1 s0=fng (4762,1540) [filtered=244]
cnt=1 s0=fng (4762,1538) [filtered=244]
cnt=1 s0=fng (4762,1537) [filtered=244]
cnt=1 s0=fng (4762,1536) [filtered=244]
cnt=1 s0=fng (4762,1535) [filtered=244]
cnt=1 s0=fng (4762,1535) [filtered=244]
cnt=1 s0=fng (4762,1534) [filtered=244]
cnt=1 s0=fng (4762,1533) [filtered=244]
cnt=1 s0=fng (4762,1533) [filtered=244]
cnt=1 s0=fng (4762,1533) [filtered=244]
cnt=1 s0=fng (4762,1533) [filtered=244]
cnt=1 s0=fng (4762,1534) [filtered=244]
cnt=1 s0=fng (4762,1534)* [filtered=244]
cnt=1 s0=fng (4762,1535)* [filtered=244]
cnt=1 s0=fng (4762,1535)* [filtered=244]
cnt=1 s0=fng (4762,1536)* [filtered=244]
cnt=1 s0=fng (4762,1538)* [filtered=244]
cnt=1 s0=fng (4762,1539)* [filtered=244]
cnt=1 s0=fng (4762,1540)* [filtered=244]
cnt=1 s0=fng (4762,1542)* [filtered=244]
cnt=1 s0=fng (1082,13) [filtered=244]
cnt=1 s0=fng (1082,13) [filtered=244]
cnt=1 s0=fng (1082,13) [filtered=244]
cnt=1 s0=fng (1082,13) [filtered=244]
cnt=1 s0=fng (1082,13) [filtered=244]
cnt=1 s0=fng (1082,13) [filtered=244]
cnt=1 s0=fng (1082,13) [filtered=244]
cnt=1 s0=fng (1082,13) [filtered=244]
cnt=1 s0=fng (1081,13) [filtered=244]
cnt=1 s0=fng (1081,13) [filtered=244]
cnt=1 s0=fng (1081,13) [filtered=244]
cnt=1 s0=fng (1026,62) [filtered=244]
cnt=1 s0=fng (1025,62) [filtered=244]
cnt=1 s0=fng (1025,62) [filtered=244]
cnt=1 s0=fng (1024,62) [filtered=244]
cnt=1 s0=fng (1024,62) [filtered=244]
cnt=1 s0=fng (1023,62) [filtered=244]
cnt=1 s0=fng (1022,62) [filtered=244]
cnt=1 s0=fng (1021,62) [filtered=244]
cnt=1 s0=fng (1021,62) [filtered=244]
cnt=1 s0=fng (1020,62) [filtered=244]
cnt=1 s0=fng (1019,62) [filtered=244]
cnt=1 s0=fng (1018,62) [filtered=244]
cnt=1 s0=fng (1017,62) [filtered=244]
cnt=1 s0=fng (1016,62) [filtered=244]
cnt=1 s0=fng (1015,62) [filtered=244]
cnt=1 s0=fng (1014,62) [filtered=244]
cnt=1 s0=fng (1013,62) [filtered=244]
cnt=1 s0=fng (1012,62) [filtered=244]
cnt=1 s0=fng (1012,62) [filtered=244]
cnt=1 s0=fng (1011,62) [filtered=244]
cnt=1 s0=fng (1010,62)* [filtered=244]
cnt=1 s0=fng (1009,62)* [filtered=244]
cnt=1 s0=fng (1008,62)* [filtered=244]
cnt=1 s0=fng (1007,62)* [filtered=244]
cnt=1 s0=fng (1006,61)* [filtered=244]
cnt=1 s0=fng (1004,60)* [filtered=244]
cnt=1 s0=fng (1002,59)* [filtered=244]
cnt=1 s0=fng (1000,58)* [filtered=244]
cnt=1 s0=fng (999,57)* [filtered=244]
cnt=1 s0=fng (997,56)* [filtered=244]
cnt=1 s0=fng (4762,1654) [filtered=244]
cnt=1 s0=fng (4762,1654) [filtered=244]
cnt=1 s0=fng (4762,1654) [filtered=244]
cnt=1 s0=fng (4762,1653) [filtered=244]
cnt=1 s0=fng (4762,1652) [filtered=244]
cnt=1 s0=fng (4762,1651) [filtered=244]
cnt=1 s0=fng (4762,1650) [filtered=244]
cnt=1 s0=fng (4762,1650) [filtered=244]
cnt=1 s0=fng (4762,1649) [filtered=244]
cnt=1 s0=fng (4762,1649) [filtered=244]
cnt=1 s0=fng (4762,1649) [filtered=244]
cnt=1 s0=fng (4762,1649) [filtered=244]
cnt=1 s0=fng (4762,1650) [filtered=244]
cnt=1 s0=fng (4762,1651) [filtered=244]
cnt=1 s0=fng (4762,1652) [filtered=244]
cnt=1 s0=fng (4762,1654) [filtered=244]
cnt=1 s0=fng (4762,1655) [filtered=244]
cnt=1 s0=fng (4762,1657) [filtered=244]
cnt=1 s0=fng (4762,1659) [filtered=244]
cnt=1 s0=fng (4762,1664) [filtered=244]
cnt=1 s0=fng (4762,1667) [filtered=244]
cnt=1 s0=fng (4762,1672) [filtered=244]
cnt=1 s0=fng (4762,1678) [filtered=244]
cnt=1 s0=fng (4762,1685) [filtered=244]
cnt=1 s0=fng (4762,1693) [filtered=244]
cnt=1 s0=fng (4762,1763) [filtered=244]
cnt=1 s0=fng (4762,1763) [filtered=244]
cnt=1 s0=fng (4762,1763) [filtered=244]
cnt=1 s0=fng (4762,1763) [filtered=244]
cnt=1 s0=fng (4762,1763) [filtered=244]
cnt=1 s0=fng (4762,1762) [filtered=244]
cnt=1 s0=fng (4762,1762) [filtered=244]
cnt=1 s0=fng (4762,1762) [filtered=244]
cnt=1 s0=fng (4762,1761) [filtered=244]
cnt=1 s0=fng (4762,1761) [filtered=244]
cnt=1 s0=fng (4762,1761) [filtered=244]
cnt=1 s0=fng (4762,1761) [filtered=244]
cnt=1 s0=fng (4762,1761) [filtered=244]
cnt=1 s0=fng (4762,1761) [filtered=244]
