touchpad: x[0..4762] y[0..3099] res=32,32 slots=5
palm: bottom_zone=1200 edge_left=476 edge_right=4285 spread=400
virtual device created: ASUF1209 Palm Filtered Touchpad
grabbed source device (exclusive)
cnt=1 s0=fng (580,2935) [filtered=0]
cnt=1 s0=fng (580,2935) [filtered=0]
cnt=1 s0=fng (580,2935) [filtered=0]
cnt=1 s0=fng (580,2935) [filtered=0]
cnt=1 s0=fng (580,2935) [filtered=0]
cnt=1 s0=fng (580,2935) [filtered=0]
cnt=1 s0=fng (580,2935) [filtered=0]
cnt=1 s0=fng (580,2935) [filtered=0]
cnt=1 s0=fng (580,2935) [filtered=0]
cnt=1 s0=fng (580,2935) [filtered=0]
cnt=1 s0=fng (580,2935) [filtered=0]
click: x=580 -> zone=0x110
cnt=1 s0=fng (580,2935) [filtered=0]
cnt=1 s0=fng (580,2935) [filtered=0]
cnt=1 s0=fng (580,2935) [filtered=0]
cnt=1 s0=fng (580,2935) [filtered=0]
cnt=1 s0=fng (580,2935) [filtered=0]
cnt=1 s0=fng (580,2935) [filtered=0]
cnt=1 s0=fng (580,2935) [filtered=0]
cnt=1 s0=fng (580,2935) [filtered=0]
cnt=1 s0=fng (580,2935) [filtered=0]
cnt=1 s0=fng (580,2935)* [filtered=0]
cnt=1 s0=fng (580,2935)* [filtered=0]
cnt=1 s0=fng (580,2935)* [filtered=0]
cnt=1 s0=fng (580,2935)* [filtered=0]
cnt=1 s0=fng (580,2935)* [filtered=0]
cnt=1 s0=fng (580,2935)* [filtered=0]
cnt=1 s0=fng (580,2935)* [filtered=0]
cnt=1 s0=fng (580,2935)* [filtered=0]
cnt=1 s0=fng (580,2935)* [filtered=0]
cnt=1 s0=fng (580,2935)* [filtered=0]
cnt=1 s0=fng (580,2935)* [filtered=0]
cnt=1 s0=fng (580,2935)* [filtered=0]
cnt=1 s0=fng (580,2935)* [filtered=0]
cnt=1 s0=fng (580,2935)* [filtered=0]
cnt=1 s0=fng (580,2935)* [filtered=0]
cnt=1 s0=fng (580,2935)* [filtered=0]
cnt=1 s0=fng (580,2935)* [filtered=0]
cnt=1 s0=fng (580,2935)* [filtered=0]
cnt=1 s0=fng (580,2935)* [filtered=0]
cnt=1 s0=fng (580,2935)* [filtered=0]
cnt=1 s0=fng (580,2935)* [filtered=0]
cnt=1 s0=fng (580,2935)* [filtered=0]
cnt=1 s0=fng (580,2935)* [filtered=0]
cnt=1 s0=fng (580,2935)* [filtered=0]
cnt=1 s0=fng (580,2935)* [filtered=0]
cnt=1 s0=fng (580,2935)* [filtered=0]
cnt=1 s0=fng (580,2935)* [filtered=0]
cnt=1 s0=fng (580,2935)* [filtered=0]
cnt=1 s0=fng (580,2935)* [filtered=0]
cnt=1 s0=fng (580,2935)* [filtered=0]
cnt=1 s0=fng (580,2935)* [filtered=0]
cnt=1 s0=fng (580,2935)* [filtered=0]
cnt=1 s0=fng (580,2935)* [filtered=0]
cnt=1 s0=fng (580,2935)* [filtered=0]
cnt=1 s0=fng (580,2935)* [filtered=0]
cnt=1 s0=fng (580,2935)* [filtered=0]
cnt=1 s0=fng (580,2935)* [filtered=0]
cnt=1 s0=fng (580,2935)* [filtered=0]
cnt=1 s0=fng (580,2935)* [filtered=0]
cnt=1 s0=fng (580,2935)* [filtered=0]
cnt=1 s0=fng (580,2935)* [filtered=0]
cnt=1 s0=fng (580,2935)* [filtered=0]
cnt=1 s0=fng (580,2935)* [filtered=0]
cnt=1 s0=fng (580,2935)* [filtered=0]
cnt=1 s0=fng (580,2935)* [filtered=0]
cnt=1 s0=fng (580,2935)* [filtered=0]
cnt=1 s0=fng (580,2935)* [filtered=0]
cnt=1 s0=fng (580,2935)* [filtered=0]
cnt=1 s0=fng (580,2935)* [filtered=0]
cnt=1 s0=fng (580,2935)* [filtered=0]
click: x=580 -> zone=0x110
cnt=1 s0=fng (580,2935)* [filtered=0]
cnt=1 s0=fng (580,2935)* [filtered=0]
cnt=1 s0=fng (580,2935)* [filtered=0]
cnt=1 s0=fng (580,2935)* [filtered=0]
cnt=1 s0=fng (580,2935)* [filtered=0]
cnt=1 s0=fng (580,2935)* [filtered=0]
cnt=1 s0=fng (580,2935)* [filtered=0]
cnt=1 s0=fng (580,2935)* [filtered=0]
cnt=1 s0=fng (580,2935)* [filtered=0]
cnt=1 s0=fng (581,2935)* [filtered=0]
cnt=1 s0=fng (581,2935)* [filtered=0]
cnt=1 s0=fng (581,2935)* [filtered=0]
cnt=1 s0=fng (581,2935)* [filtered=0]
cnt=1 s0=fng (581,2935)* [filtered=0]
cnt=1 s0=fng (581,2935)* [filtered=0]
cnt=1 s0=fng (581,2935)* [filtered=0]
cnt=1 s0=fng (581,2935)* [filtered=0]
cnt=1 s0=fng (581,2935)* [filtered=0]
cnt=1 s0=fng (581,2935)* [filtered=0]
cnt=1 s0=fng (581,2935)* [filtered=0]
cnt=1 s0=fng (581,2935)* [filtered=0]
cnt=1 s0=fng (581,2935)* [filtered=0]
cnt=1 s0=fng (581,2935)* [filtered=0]
cnt=1 s0=fng (581,2935)* [filtered=0]
cnt=1 s0=fng (581,2935)* [filtered=0]
cnt=1 s0=fng (581,2935)* [filtered=0]
cnt=1 s0=fng (581,2935)* [filtered=0]
cnt=1 s0=fng (581,2935)* [filtered=0]
cnt=1 s0=fng (581,2935)* [filtered=0]
cnt=1 s0=fng (581,2935)* [filtered=0]
cnt=1 s0=fng (581,2935)* [filtered=0]
cnt=1 s0=fng (581,2935)* [filtered=0]
cnt=1 s0=fng (581,2935)* [filtered=0]
cnt=1 s0=fng (581,2935)* [filtered=0]
cnt=1 s0=fng (581,2934)* [filtered=0]
cnt=1 s0=fng (581,2933)* [filtered=0]
cnt=1 s0=fng (581,2933)* [filtered=0]
cnt=1 s0=fng (582,2932)* [filtered=0]
cnt=1 s0=fng (582,2932)* [filtered=0]
cnt=1 s0=fng (582,2931)* [filtered=0]
cnt=1 s0=fng (582,2931)* [filtered=0]
cnt=1 s0=fng (583,2930)* [filtered=0]
cnt=1 s0=fng (583,2929)* [filtered=0]
cnt=1 s0=fng (584,2927)* [filtered=0]
cnt=1 s0=fng (2444,2751) [filtered=0]
cnt=1 s0=fng (2444,2751) [filtered=0]
cnt=1 s0=fng (2444,2751) [filtered=0]
cnt=1 s0=fng (2444,2751) [filtered=0]
cnt=1 s0=fng (2444,2751) [filtered=0]
cnt=1 s0=fng (2444,2751) [filtered=0]
cnt=1 s0=fng (2444,2751) [filtered=0]
cnt=1 s0=fng (2444,2751) [filtered=0]
cnt=1 s0=fng (2444,2751) [filtered=0]
cnt=1 s0=fng (2444,2751) [filtered=0]
cnt=1 s0=fng (2444,2751) [filtered=0]
cnt=1 s0=fng (2444,2751) [filtered=0]
cnt=1 s0=fng (2444,2751) [filtered=0]
cnt=1 s0=fng (2444,2751) [filtered=0]
cnt=1 s0=fng (2444,2751) [filtered=0]
cnt=1 s0=fng (2444,2751) [filtered=0]
cnt=1 s0=fng (2444,2751) [filtered=0]
cnt=1 s0=fng (2444,2751) [filtered=0]
cnt=1 s0=fng (2444,2751) [filtered=0]
cnt=1 s0=fng (2444,2751) [filtered=0]
cnt=1 s0=fng (2444,2751)* [filtered=0]
cnt=1 s0=fng (2444,2751)* [filtered=0]
cnt=1 s0=fng (2444,2751)* [filtered=0]
cnt=1 s0=fng (2444,2751)* [filtered=0]
cnt=1 s0=fng (2444,2751)* [filtered=0]
cnt=1 s0=fng (2444,2751)* [filtered=0]
cnt=1 s0=fng (2444,2751)* [filtered=0]
cnt=1 s0=fng (2444,2751)* [filtered=0]
cnt=1 s0=fng (2444,2751)* [filtered=0]
click: x=2444 -> zone=0x112
cnt=1 s0=fng (2444,2750)* [filtered=0]
cnt=1 s0=fng (2444,2750)* [filtered=0]
cnt=1 s0=fng (2444,2749)* [filtered=0]
cnt=1 s0=fng (2444,2749)* [filtered=0]
cnt=1 s0=fng (2444,2749)* [filtered=0]
cnt=1 s0=fng (2444,2748)* [filtered=0]
cnt=1 s0=fng (2444,2747)* [filtered=0]
cnt=1 s0=fng (2444,2747)* [filtered=0]
cnt=1 s0=fng (2444,2747)* [filtered=0]
cnt=1 s0=fng (2444,2747)* [filtered=0]
cnt=1 s0=fng (2444,2747)* [filtered=0]
cnt=1 s0=fng (2444,2746)* [filtered=0]
cnt=1 s0=fng (2444,2746)* [filtered=0]
cnt=1 s0=fng (2444,2746)* [filtered=0]
cnt=1 s0=fng (2444,2746)* [filtered=0]
cnt=1 s0=fng (2444,2746)* [filtered=0]
cnt=1 s0=fng (2444,2746)* [filtered=0]
cnt=1 s0=fng (2444,2746)* [filtered=0]
cnt=1 s0=fng (2444,2746)* [filtered=0]
cnt=1 s0=fng (2444,2746)* [filtered=0]
cnt=1 s0=fng (2444,2746)* [filtered=0]
cnt=1 s0=fng (2444,2746)* [filtered=0]
cnt=1 s0=fng (2444,2746)* [filtered=0]
cnt=1 s0=fng (2444,2746)* [filtered=0]
cnt=1 s0=fng (2444,2746)* [filtered=0]
cnt=1 s0=fng (2444,2746)* [filtered=0]
cnt=1 s0=fng (2444,2746)* [filtered=0]
cnt=1 s0=fng (2444,2746)* [filtered=0]
cnt=1 s0=fng (2444,2746)* [filtered=0]
cnt=1 s0=fng (2444,2746)* [filtered=0]
cnt=1 s0=fng (2444,2746)* [filtered=0]
cnt=1 s0=fng (2444,2746)* [filtered=0]
cnt=1 s0=fng (2444,2746)* [filtered=0]
cnt=1 s0=fng (2444,2746)* [filtered=0]
cnt=1 s0=fng (2444,2746)* [filtered=0]
cnt=1 s0=fng (2444,2746)* [filtered=0]
cnt=1 s0=fng (2444,2746)* [filtered=0]
cnt=1 s0=fng (2444,2746)* [filtered=0]
cnt=1 s0=fng (2444,2746)* [filtered=0]
cnt=1 s0=fng (2444,2746)* [filtered=0]
cnt=1 s0=fng (2444,2746)* [filtered=0]
cnt=1 s0=fng (2444,2746)* [filtered=0]
cnt=1 s0=fng (2444,2746)* [filtered=0]
cnt=1 s0=fng (2444,2746)* [filtered=0]
cnt=1 s0=fng (2444,2746)* [filtered=0]
cnt=1 s0=fng (2445,2746)* [filtered=0]
cnt=1 s0=fng (2445,2746)* [filtered=0]
cnt=1 s0=fng (2445,2746)* [filtered=0]
cnt=1 s0=fng (2445,2746)* [filtered=0]
cnt=1 s0=fng (2445,2746)* [filtered=0]
cnt=1 s0=fng (2445,2746)* [filtered=0]
cnt=1 s0=fng (2445,2746)* [filtered=0]
cnt=1 s0=fng (2445,2746)* [filtered=0]
cnt=1 s0=fng (2445,2746)* [filtered=0]
cnt=1 s0=fng (2445,2746)* [filtered=0]
cnt=1 s0=fng (2445,2746)* [filtered=0]
click: x=2445 -> zone=0x112
cnt=1 s0=fng (2445,2746)* [filtered=0]
cnt=1 s0=fng (2445,2746)* [filtered=0]
cnt=1 s0=fng (2445,2746)* [filtered=0]
cnt=1 s0=fng (2445,2746)* [filtered=0]
cnt=1 s0=fng (2445,2746)* [filtered=0]
cnt=1 s0=fng (2445,2746)* [filtered=0]
cnt=1 s0=fng (2445,2746)* [filtered=0]
cnt=1 s0=fng (2445,2746)* [filtered=0]
cnt=1 s0=fng (2445,2746)* [filtered=0]
cnt=1 s0=fng (2445,2746)* [filtered=0]
cnt=1 s0=fng (2445,2746)* [filtered=0]
cnt=1 s0=fng (2445,2746)* [filtered=0]
cnt=1 s0=fng (2445,2746)* [filtered=0]
cnt=1 s0=fng (2445,2746)* [filtered=0]
cnt=1 s0=fng (2445,2746)* [filtered=0]
cnt=1 s0=fng (2445,2746)* [filtered=0]
cnt=1 s0=fng (2445,2746)* [filtered=0]
cnt=1 s0=fng (2445,2746)* [filtered=0]
cnt=1 s0=fng (2445,2746)* [filtered=0]
cnt=1 s0=fng (2445,2746)* [filtered=0]
cnt=1 s0=fng (2445,2746)* [filtered=0]
cnt=1 s0=fng (2445,2746)* [filtered=0]
cnt=1 s0=fng (2445,2747)* [filtered=0]
cnt=1 s0=fng (2446,2747)* [filtered=0]
cnt=1 s0=fng (2446,2747)* [filtered=0]
cnt=1 s0=fng (2447,2747)* [filtered=0]
cnt=1 s0=fng (2448,2747)* [filtered=0]
cnt=1 s0=fng (2450,2747)* [filtered=0]
cnt=1 s0=fng (2454,2747) [filtered=0]
cnt=1 s0=fng (2456,2747) [filtered=0]
cnt=1 s0=fng (2462,2746) [filtered=0]
cnt=1 s0=fng (2470,2744) [filtered=0]
cnt=1 s0=fng (2478,2743) [filtered=0]
cnt=1 s0=fng (3973,2680) [filtered=0]
cnt=1 s0=fng (3973,2680) [filtered=0]
cnt=1 s0=fng (3973,2679) [filtered=0]
cnt=1 s0=fng (3973,2678) [filtered=0]
cnt=1 s0=fng (3973,2678) [filtered=0]
click: x=3972 -> zone=0x111
cnt=1 s0=fng (3972,2677) [filtered=0]
cnt=1 s0=fng (3972,2676) [filtered=0]
cnt=1 s0=fng (3971,2675) [filtered=0]
cnt=1 s0=fng (3971,2675) [filtered=0]
cnt=1 s0=fng (3971,2675) [filtered=0]
cnt=1 s0=fng (3970,2674) [filtered=0]
cnt=1 s0=fng (3970,2674) [filtered=0]
cnt=1 s0=fng (3970,2674) [filtered=0]
cnt=1 s0=fng (3970,2674) [filtered=0]
cnt=1 s0=fng (3970,2674) [filtered=0]
cnt=1 s0=fng (3970,2674) [filtered=0]
cnt=1 s0=fng (3970,2674) [filtered=0]
cnt=1 s0=fng (3970,2675) [filtered=0]
cnt=1 s0=fng (3970,2675) [filtered=0]
cnt=1 s0=fng (3970,2675) [filtered=0]
cnt=1 s0=fng (3970,2676)* [filtered=0]
cnt=1 s0=fng (3970,2677)* [filtered=0]
cnt=1 s0=fng (3970,2677)* [filtered=0]
cnt=1 s0=fng (3970,2677)* [filtered=0]
cnt=1 s0=fng (3970,2678)* [filtered=0]
cnt=1 s0=fng (3970,2678)* [filtered=0]
cnt=1 s0=fng (3970,2679)* [filtered=0]
cnt=1 s0=fng (3970,2679)* [filtered=0]
cnt=1 s0=fng (3970,2679)* [filtered=0]
cnt=1 s0=fng (3970,2679)* [filtered=0]
cnt=1 s0=fng (3969,2679)* [filtered=0]
cnt=1 s0=fng (3968,2679)* [filtered=0]
cnt=1 s0=fng (3968,2679)* [filtered=0]
cnt=1 s0=fng (3968,2679)* [filtered=0]
cnt=1 s0=fng (3967,2678)* [filtered=0]
cnt=1 s0=fng (3966,2678)* [filtered=0]
cnt=1 s0=fng (3965,2677)* [filtered=0]
cnt=1 s0=fng (3964,2677)* [filtered=0]
cnt=1 s0=fng (3963,2676)* [filtered=0]
cnt=1 s0=fng (3962,2675)* [filtered=0]
cnt=1 s0=fng (3961,2674)* [filtered=0]
cnt=1 s0=fng (3960,2672)* [filtered=0]
cnt=1 s0=fng (3960,2671)* [filtered=0]
cnt=1 s0=fng (3959,2670)* [filtered=0]
cnt=1 s0=fng (3958,2669)* [filtered=0]
cnt=1 s0=fng (3957,2668)* [filtered=0]
cnt=1 s0=fng (3957,2667)* [filtered=0]
cnt=1 s0=fng (3957,2666)* [filtered=0]
cnt=1 s0=fng (3956,2665)* [filtered=0]
cnt=1 s0=fng (3955,2664)* [filtered=0]
cnt=1 s0=fng (3955,2663)* [filtered=0]
cnt=1 s0=fng (3955,2662)* [filtered=0]
cnt=1 s0=fng (3954,2661)* [filtered=0]
cnt=1 s0=fng (3954,2660)* [filtered=0]
cnt=1 s0=fng (3953,2660)* [filtered=0]
cnt=1 s0=fng (3953,2659)* [filtered=0]
cnt=1 s0=fng (3953,2659)* [filtered=0]
cnt=1 s0=fng (3953,2659)* [filtered=0]
cnt=1 s0=fng (3953,2659)* [filtered=0]
click: x=3953 -> zone=0x111
cnt=1 s0=fng (3953,2659)* [filtered=0]
cnt=1 s0=fng (3953,2659)* [filtered=0]
cnt=1 s0=fng (3953,2659)* [filtered=0]
cnt=1 s0=fng (3953,2660)* [filtered=0]
cnt=1 s0=fng (3953,2660)* [filtered=0]
cnt=1 s0=fng (3953,2661)* [filtered=0]
cnt=1 s0=fng (3953,2661)* [filtered=0]
cnt=1 s0=fng (3954,2662)* [filtered=0]
cnt=1 s0=fng (3954,2663)* [filtered=0]
cnt=1 s0=fng (3955,2664)* [filtered=0]
cnt=1 s0=fng (3955,2665)* [filtered=0]
cnt=1 s0=fng (3955,2665)* [filtered=0]
cnt=1 s0=fng (3956,2666)* [filtered=0]
cnt=1 s0=fng (3956,2666)* [filtered=0]
cnt=1 s0=fng (3956,2667)* [filtered=0]
cnt=1 s0=fng (3956,2667)* [filtered=0]
cnt=1 s0=fng (3956,2667)* [filtered=0]
cnt=1 s0=fng (3956,2668)* [filtered=0]
cnt=1 s0=fng (3956,2668)* [filtered=0]
cnt=1 s0=fng (3956,2668)* [filtered=0]
cnt=1 s0=fng (3955,2668)* [filtered=0]
cnt=1 s0=fng (3955,2668)* [filtered=0]
cnt=1 s0=fng (3954,2668)* [filtered=0]
cnt=1 s0=fng (3953,2668)* [filtered=0]
cnt=1 s0=fng (3951,2668)* [filtered=0]
cnt=1 s0=fng (3950,2668)* [filtered=0]
cnt=1 s0=fng (3949,2668)* [filtered=0]
cnt=1 s0=fng (3946,2669) [filtered=0]
cnt=1 s0=fng (3942,2670) [filtered=0]
cnt=1 s0=fng (3938,2671) [filtered=0]
cnt=1 s0=fng (2998,2785) [filtered=0]
cnt=1 s0=fng (2998,2785) [filtered=0]
cnt=1 s0=fng (2998,2785) [filtered=0]
cnt=1 s0=fng (2998,2785) [filtered=0]
cnt=1 s0=fng (2998,2785) [filtered=0]
cnt=1 s0=fng (2998,2785) [filtered=0]
cnt=1 s0=fng (2998,2785) [filtered=0]
cnt=1 s0=fng (2998,2785) [filtered=0]
cnt=1 s0=fng (2998,2785) [filtered=0]
cnt=1 s0=fng (2998,2785) [filtered=0]
cnt=1 s0=fng (2998,2785) [filtered=0]
cnt=1 s0=fng (2998,2785) [filtered=0]
click: x=2998 -> zone=0x111
cnt=1 s0=fng (2998,2785) [filtered=0]
cnt=1 s0=fng (2998,2785) [filtered=0]
cnt=1 s0=fng (2998,2785) [filtered=0]
cnt=1 s0=fng (2998,2785) [filtered=0]
cnt=1 s0=fng (2998,2785) [filtered=0]
cnt=1 s0=fng (2998,2785) [filtered=0]
cnt=1 s0=fng (2998,2785) [filtered=0]
cnt=1 s0=fng (2998,2785) [filtered=0]
cnt=1 s0=fng (2998,2785)* [filtered=0]
cnt=1 s0=fng (2998,2785)* [filtered=0]
cnt=1 s0=fng (2998,2785)* [filtered=0]
cnt=1 s0=fng (2998,2785)* [filtered=0]
cnt=1 s0=fng (2998,2785)* [filtered=0]
cnt=1 s0=fng (2998,2785)* [filtered=0]
cnt=1 s0=fng (2998,2785)* [filtered=0]
cnt=1 s0=fng (2998,2785)* [filtered=0]
cnt=1 s0=fng (2998,2785)* [filtered=0]
cnt=1 s0=fng (2998,2785)* [filtered=0]
cnt=1 s0=fng (2998,2785)* [filtered=0]
cnt=1 s0=fng (2998,2785)* [filtered=0]
cnt=1 s0=fng (2998,2785)* [filtered=0]
cnt=1 s0=fng (2998,2785)* [filtered=0]
cnt=1 s0=fng (2997,2785)* [filtered=0]
cnt=1 s0=fng (2997,2785)* [filtered=0]
cnt=1 s0=fng (2996,2784)* [filtered=0]
cnt=1 s0=fng (2996,2784)* [filtered=0]
cnt=1 s0=fng (2995,2784)* [filtered=0]
cnt=1 s0=fng (2995,2783)* [filtered=0]
cnt=1 s0=fng (2994,2783)* [filtered=0]
cnt=1 s0=fng (2994,2783)* [filtered=0]
cnt=1 s0=fng (2994,2783)* [filtered=0]
cnt=1 s0=fng (2994,2783)* [filtered=0]
cnt=1 s0=fng (2994,2783)* [filtered=0]
cnt=1 s0=fng (2994,2783)* [filtered=0]
cnt=1 s0=fng (2994,2783)* [filtered=0]
cnt=1 s0=fng (2994,2783)* [filtered=0]
cnt=1 s0=fng (2994,2783)* [filtered=0]
cnt=1 s0=fng (2994,2783)* [filtered=0]
cnt=1 s0=fng (2994,2783)* [filtered=0]
cnt=1 s0=fng (2994,2783)* [filtered=0]
cnt=1 s0=fng (2994,2783)* [filtered=0]
cnt=1 s0=fng (2994,2783)* [filtered=0]
cnt=1 s0=fng (2994,2783)* [filtered=0]
cnt=1 s0=fng (2994,2783)* [filtered=0]
cnt=1 s0=fng (2994,2783)* [filtered=0]
cnt=1 s0=fng (2994,2783)* [filtered=0]
cnt=1 s0=fng (2994,2783)* [filtered=0]
cnt=1 s0=fng (2994,2783)* [filtered=0]
cnt=1 s0=fng (2994,2783)* [filtered=0]
cnt=1 s0=fng (2994,2783)* [filtered=0]
cnt=1 s0=fng (2994,2783)* [filtered=0]
click: x=2994 -> zone=0x111
cnt=1 s0=fng (2994,2783)* [filtered=0]
cnt=1 s0=fng (2994,2783)* [filtered=0]
cnt=1 s0=fng (2994,2783)* [filtered=0]
cnt=1 s0=fng (2994,2783)* [filtered=0]
cnt=1 s0=fng (2994,2783)* [filtered=0]
cnt=1 s0=fng (2994,2783)* [filtered=0]
cnt=1 s0=fng (2994,2783)* [filtered=0]
cnt=1 s0=fng (2994,2783)* [filtered=0]
cnt=1 s0=fng (2994,2783)* [filtered=0]
cnt=1 s0=fng (2994,2783)* [filtered=0]
cnt=1 s0=fng (2994,2783)* [filtered=0]
cnt=1 s0=fng (2994,2783)* [filtered=0]
cnt=1 s0=fng (2994,2783)* [filtered=0]
cnt=1 s0=fng (2995,2783)* [filtered=0]
cnt=1 s0=fng (2995,2783)* [filtered=0]
cnt=1 s0=fng (2995,2783)* [filtered=0]
cnt=1 s0=fng (2996,2783)* [filtered=0]
cnt=1 s0=fng (2996,2783)* [filtered=0]
cnt=1 s0=fng (2997,2783)* [filtered=0]
cnt=1 s0=fng (2997,2783)* [filtered=0]
cnt=1 s0=fng (2997,2783)* [filtered=0]
cnt=1 s0=fng (2997,2783)* [filtered=0]
cnt=1 s0=fng (2997,2783)* [filtered=0]
cnt=1 s0=fng (2997,2783)* [filtered=0]
cnt=1 s0=fng (2997,2783)* [filtered=0]
cnt=1 s0=fng (2997,2783)* [filtered=0]
cnt=1 s0=fng (2997,2783)* [filtered=0]
cnt=1 s0=fng (2997,2783)* [filtered=0]
cnt=1 s0=fng (2997,2783)* [filtered=0]
cnt=1 s0=fng (2997,2783)* [filtered=0]
cnt=1 s0=fng (2997,2783)* [filtered=0]
cnt=1 s0=fng (2997,2783)* [filtered=0]
cnt=1 s0=fng (2997,2783)* [filtered=0]
cnt=1 s0=fng (2997,2783)* [filtered=0]
cnt=1 s0=fng (2997,2783)* [filtered=0]
cnt=1 s0=fng (2997,2783)* [filtered=0]
cnt=1 s0=fng (2997,2783)* [filtered=0]
cnt=1 s0=fng (2997,2783)* [filtered=0]
cnt=1 s0=fng (2997,2783)* [filtered=0]
cnt=1 s0=fng (2997,2783)* [filtered=0]
cnt=1 s0=fng (2997,2783)* [filtered=0]
cnt=1 s0=fng (2997,2783)* [filtered=0]
cnt=1 s0=fng (2997,2783)* [filtered=0]
cnt=1 s0=fng (2997,2783)* [filtered=0]
cnt=1 s0=fng (2997,2783)* [filtered=0]
cnt=1 s0=fng (2997,2783)* [filtered=0]
cnt=1 s0=fng (2997,2783)* [filtered=0]
cnt=1 s0=fng (2997,2783)* [filtered=0]
cnt=1 s0=fng (2997,2783)* [filtered=0]
cnt=1 s0=fng (2997,2783)* [filtered=0]
cnt=1 s0=fng (2997,2783)* [filtered=0]
cnt=1 s0=fng (2997,2783)* [filtered=0]
cnt=1 s0=fng (2997,2783)* [filtered=0]
cnt=1 s0=fng (2997,2783)* [filtered=0]
cnt=1 s0=fng (2997,2783)* [filtered=0]
cnt=1 s0=fng (2997,2783)* [filtered=0]
cnt=1 s0=fng (2997,2783)* [filtered=0]
cnt=1 s0=fng (2997,2783)* [filtered=0]
cnt=1 s0=fng (2997,2783)* [filtered=0]
cnt=1 s0=fng (2997,2783)* [filtered=0]
cnt=1 s0=fng (2997,2783)* [filtered=0]
cnt=1 s0=fng (2997,2783)* [filtered=0]
cnt=1 s0=fng (2997,2783)* [filtered=0]
cnt=1 s0=fng (2997,2783)* [filtered=0]
cnt=1 s0=fng (2997,2783)* [filtered=0]
cnt=1 s0=fng (2997,2783)* [filtered=0]
cnt=1 s0=fng (2997,2783)* [filtered=0]
cnt=1 s0=fng (2997,2783)* [filtered=0]
cnt=1 s0=fng (2997,2783)* [filtered=0]
cnt=1 s0=fng (2997,2783)* [filtered=0]
cnt=1 s0=fng (2997,2783)* [filtered=0]
cnt=1 s0=fng (2997,2783)* [filtered=0]
cnt=1 s0=fng (2998,2783)* [filtered=0]
cnt=1 s0=fng (2998,2783)* [filtered=0]
cnt=1 s0=fng (2998,2783)* [filtered=0]
cnt=1 s0=fng (2998,2783)* [filtered=0]
cnt=1 s0=fng (2998,2783)* [filtered=0]
cnt=1 s0=fng (2998,2783)* [filtered=0]
cnt=1 s0=fng (2998,2783)* [filtered=0]
cnt=1 s0=fng (2999,2783)* [filtered=0]
cnt=1 s0=fng (2999,2783)* [filtered=0]
cnt=1 s0=fng (3000,2783)* [filtered=0]
cnt=1 s0=fng (3001,2783)* [filtered=0]
cnt=1 s0=fng (3001,2783)* [filtered=0]
cnt=1 s0=fng (3001,2783)* [filtered=0]
cnt=1 s0=fng (3001,2783)* [filtered=0]
cnt=1 s0=fng (3002,2783)* [filtered=0]
cnt=1 s0=fng (3002,2783)* [filtered=0]
cnt=1 s0=fng (3002,2783)* [filtered=0]
cnt=1 s0=fng (3002,2783)* [filtered=0]
cnt=1 s0=fng (3002,2783)* [filtered=0]
cnt=1 s0=fng (3002,2783)* [filtered=0]
cnt=1 s0=fng (3002,2783)* [filtered=0]
cnt=1 s0=fng (3002,2783)* [filtered=0]
cnt=1 s0=fng (3002,2783)* [filtered=0]
cnt=1 s0=fng (3003,2783)* [filtered=0]
cnt=1 s0=fng (3003,2783)* [filtered=0]
cnt=1 s0=fng (3004,2782)* [filtered=0]
cnt=1 s0=fng (3004,2782)* [filtered=0]
cnt=1 s0=fng (3004,2781)* [filtered=0]
cnt=1 s0=fng (2618,2870) [filtered=0]
cnt=1 s0=fng (2618,2870) [filtered=0]
cnt=1 s0=fng (2618,2870) [filtered=0]
cnt=1 s0=fng (2618,2869) [filtered=0]
cnt=1 s0=fng (2618,2868) [filtered=0]
cnt=1 s0=fng (2618,2868) [filtered=0]
click: x=2618 -> zone=0x112
cnt=1 s0=fng (2618,2868) [filtered=0]
cnt=1 s0=fng (2618,2867) [filtered=0]
cnt=1 s0=fng (2618,2867) [filtered=0]
cnt=1 s0=fng (2618,2866) [filtered=0]
cnt=1 s0=fng (2618,2866) [filtered=0]
cnt=1 s0=fng (2618,2866) [filtered=0]
cnt=1 s0=fng (2618,2865) [filtered=0]
cnt=1 s0=fng (2618,2864) [filtered=0]
cnt=1 s0=fng (2618,2864) [filtered=0]
cnt=1 s0=fng (2618,2863) [filtered=0]
cnt=1 s0=fng (2618,2863) [filtered=0]
cnt=1 s0=fng (2618,2863) [filtered=0]
cnt=1 s0=fng (2618,2862) [filtered=0]
cnt=1 s0=fng (2618,2862) [filtered=0]
cnt=1 s0=fng (2618,2862)* [filtered=0]
cnt=1 s0=fng (2618,2861)* [filtered=0]
cnt=1 s0=fng (2618,2860)* [filtered=0]
cnt=1 s0=fng (2619,2860)* [filtered=0]
cnt=1 s0=fng (2620,2860)* [filtered=0]
cnt=1 s0=fng (2620,2860)* [filtered=0]
cnt=1 s0=fng (2620,2860)* [filtered=0]
cnt=1 s0=fng (2621,2860)* [filtered=0]
cnt=1 s0=fng (2621,2860)* [filtered=0]
cnt=1 s0=fng (2622,2860)* [filtered=0]
cnt=1 s0=fng (2622,2860)* [filtered=0]
cnt=1 s0=fng (2622,2860)* [filtered=0]
cnt=1 s0=fng (2623,2860)* [filtered=0]
cnt=1 s0=fng (2623,2860)* [filtered=0]
cnt=1 s0=fng (2624,2860)* [filtered=0]
cnt=1 s0=fng (2624,2860)* [filtered=0]
cnt=1 s0=fng (2625,2860)* [filtered=0]
cnt=1 s0=fng (2625,2860)* [filtered=0]
cnt=1 s0=fng (2626,2860)* [filtered=0]
cnt=1 s0=fng (2626,2860)* [filtered=0]
cnt=1 s0=fng (2626,2860)* [filtered=0]
cnt=1 s0=fng (2626,2860)* [filtered=0]
cnt=1 s0=fng (2626,2860)* [filtered=0]
cnt=1 s0=fng (2626,2861)* [filtered=0]
cnt=1 s0=fng (2626,2861)* [filtered=0]
cnt=1 s0=fng (2626,2862)* [filtered=0]
cnt=1 s0=fng (2626,2863)* [filtered=0]
cnt=1 s0=fng (2626,2864)* [filtered=0]
cnt=1 s0=fng (2626,2865)* [filtered=0]
cnt=1 s0=fng (2626,2865)* [filtered=0]
cnt=1 s0=fng (2626,2866)* [filtered=0]
cnt=1 s0=fng (2626,2866)* [filtered=0]
cnt=1 s0=fng (2626,2867)* [filtered=0]
cnt=1 s0=fng (2626,2867)* [filtered=0]
cnt=1 s0=fng (2626,2867)* [filtered=0]
cnt=1 s0=fng (2626,2868)* [filtered=0]
cnt=1 s0=fng (2626,2868)* [filtered=0]
click: x=2626 -> zone=0x112
cnt=1 s0=fng (2626,2869)* [filtered=0]
cnt=1 s0=fng (2626,2869)* [filtered=0]
cnt=1 s0=fng (2626,2869)* [filtered=0]
cnt=1 s0=fng (2626,2869)* [filtered=0]
cnt=1 s0=fng (2626,2869)* [filtered=0]
cnt=1 s0=fng (2626,2869)* [filtered=0]
cnt=1 s0=fng (2626,2869)* [filtered=0]
cnt=1 s0=fng (2626,2869)* [filtered=0]
cnt=1 s0=fng (2626,2869)* [filtered=0]
cnt=1 s0=fng (2626,2869)* [filtered=0]
cnt=1 s0=fng (2626,2869)* [filtered=0]
cnt=1 s0=fng (2626,2869)* [filtered=0]
cnt=1 s0=fng (2626,2869)* [filtered=0]
cnt=1 s0=fng (2626,2869)* [filtered=0]
cnt=1 s0=fng (2626,2869)* [filtered=0]
cnt=1 s0=fng (2626,2869)* [filtered=0]
cnt=1 s0=fng (2626,2869)* [filtered=0]
cnt=1 s0=fng (2626,2869)* [filtered=0]
cnt=1 s0=fng (2626,2869)* [filtered=0]
cnt=1 s0=fng (2626,2869)* [filtered=0]
cnt=1 s0=fng (2626,2869)* [filtered=0]
cnt=1 s0=fng (2626,2869)* [filtered=0]
cnt=1 s0=fng (2626,2869)* [filtered=0]
cnt=1 s0=fng (2626,2869)* [filtered=0]
cnt=1 s0=fng (2626,2869)* [filtered=0]
cnt=1 s0=fng (2626,2869)* [filtered=0]
cnt=1 s0=fng (2626,2869)* [filtered=0]
cnt=1 s0=fng (2626,2869)* [filtered=0]
cnt=1 s0=fng (2626,2869)* [filtered=0]
cnt=1 s0=fng (2626,2869)* [filtered=0]
cnt=1 s0=fng (2626,2869)* [filtered=0]
cnt=1 s0=fng (2626,2869)* [filtered=0]
cnt=1 s0=fng (2626,2870)* [filtered=0]
cnt=1 s0=fng (2626,2870)* [filtered=0]
cnt=1 s0=fng (2626,2870)* [filtered=0]
cnt=1 s0=fng (2626,2870)* [filtered=0]
cnt=1 s0=fng (2626,2871)* [filtered=0]
cnt=1 s0=fng (2626,2871)* [filtered=0]
cnt=1 s0=fng (2626,2871)* [filtered=0]
cnt=1 s0=fng (2626,2871)* [filtered=0]
cnt=1 s0=fng (2626,2872)* [filtered=0]
cnt=1 s0=fng (2626,2873)* [filtered=0]
cnt=1 s0=fng (2626,2873)* [filtered=0]
cnt=1 s0=fng (2626,2874)* [filtered=0]
cnt=1 s0=fng (2626,2874)* [filtered=0]
cnt=1 s0=fng (2626,2874)* [filtered=0]
cnt=1 s0=fng (2626,2874)* [filtered=0]
cnt=1 s0=fng (2626,2874)* [filtered=0]
cnt=1 s0=fng (2626,2874)* [filtered=0]
cnt=1 s0=fng (2626,2874)* [filtered=0]
cnt=1 s0=fng (2626,2874)* [filtered=0]
cnt=1 s0=fng (2626,2874)* [filtered=0]
cnt=1 s0=fng (2626,2874)* [filtered=0]
cnt=1 s0=fng (2626,2874)* [filtered=0]
cnt=1 s0=fng (2626,2874)* [filtered=0]
cnt=1 s0=fng (2626,2874)* [filtered=0]
cnt=1 s0=fng (2626,2874)* [filtered=0]
cnt=1 s0=fng (2626,2874)* [filtered=0]
cnt=1 s0=fng (2626,2874)* [filtered=0]
cnt=1 s0=fng (2626,2874)* [filtered=0]
cnt=1 s0=fng (2626,2874)* [filtered=0]
cnt=1 s0=fng (2626,2874)* [filtered=0]
cnt=1 s0=fng (2626,2874)* [filtered=0]
cnt=1 s0=fng (2626,2874)* [filtered=0]
cnt=1 s0=fng (2626,2874)* [filtered=0]
cnt=1 s0=fng (2626,2874)* [filtered=0]
cnt=1 s0=fng (2626,2874)* [filtered=0]
cnt=1 s0=fng (2626,2874)* [filtered=0]
cnt=1 s0=fng (2626,2874)* [filtered=0]
cnt=1 s0=fng (2626,2874)* [filtered=0]
cnt=1 s0=fng (2626,2874)* [filtered=0]
cnt=1 s0=fng (2626,2874)* [filtered=0]
cnt=1 s0=fng (2626,2874)* [filtered=0]
cnt=1 s0=fng (2626,2874)* [filtered=0]
cnt=1 s0=fng (2627,2874)* [filtered=0]
cnt=1 s0=fng (2627,2874)* [filtered=0]
cnt=1 s0=fng (2628,2874)* [filtered=0]
cnt=1 s0=fng (2628,2874)* [filtered=0]
cnt=1 s0=fng (2629,2874)* [filtered=0]
cnt=1 s0=fng (3145,1041) [filtered=0]
cnt=2 s0=fng (3145,1041) s1=fng (2486,1289) [filtered=0]
cnt=2 s0=fng (3145,1041) s1=fng (2486,1290) [filtered=0]
cnt=2 s0=fng (3145,1041) s1=fng (2486,1290) [filtered=0]
cnt=2 s0=fng (3145,1041) s1=fng (2486,1290) [filtered=0]
cnt=2 s0=fng (3145,1041) s1=fng (2486,1291) [filtered=0]
cnt=2 s0=fng (3145,1041) s1=fng (2486,1292) [filtered=0]
cnt=2 s0=fng (3145,1041) s1=fng (2486,1293) [filtered=0]
cnt=2 s0=fng (3145,1041) s1=fng (2486,1294) [filtered=0]
cnt=2 s0=fng (3145,1041) s1=fng (2486,1295) [filtered=0]
cnt=2 s0=fng (3145,1042) s1=fng (2486,1296) [filtered=0]
cnt=2 s0=fng (3145,1043) s1=fng (2486,1298) [filtered=0]
cnt=2 s0=fng (3145,1045) s1=fng (2486,1302) [filtered=0]
cnt=2 s0=fng (3145,1049) s1=fng (2486,1307) [filtered=0]
cnt=2 s0=fng (3145,1051) s1=fng (2486,1310) [filtered=0]
cnt=2 s0=fng (3145,1055) s1=fng (2486,1319) [filtered=0]
cnt=2 s0=fng (3145,1063) s1=fng (2486,1332) [filtered=0]
cnt=2 s0=fng (3145,1074) s1=fng (2486,1348) [filtered=0]
cnt=2 s0=fng (3145,1085) s1=fng (2486,1364) [filtered=0]
cnt=2 s0=fng (3145,1099) s1=fng (2486,1383) [filtered=0]
cnt=2 s0=fng (3145,1116) s1=fng (2486,1405) [filtered=0]
cnt=2 s0=fng (3145,1137) s1=fng (2486,1430) [filtered=0]
cnt=2 s0=fng (3145,1160) s1=fng (2487,1457) [filtered=0]
cnt=2 s0=fng (3145,1182) s1=fng (2488,1483) [filtered=0]
cnt=2 s0=fng (3146,1206) s1=fng (2489,1509) [filtered=0]
cnt=2 s0=fng (3147,1231) s1=fng (2491,1535) [filtered=0]
cnt=2 s0=fng (3149,1256) s1=fng (2493,1561) [filtered=0]
cnt=2 s0=fng (3150,1281) s1=fng (2494,1587) [filtered=0]
cnt=2 s0=fng (3151,1306) s1=fng (2496,1612) [filtered=0]
cnt=2 s0=fng (3153,1331) s1=fng (2499,1637) [filtered=0]
cnt=2 s0=fng (3156,1355) s1=fng (2502,1662) [filtered=0]
cnt=2 s0=fng (3159,1378) s1=fng (2505,1685) [filtered=0]
cnt=2 s0=fng (3160,1401) s1=fng (2507,1707) [filtered=0]
cnt=2 s0=fng (3162,1424) s1=fng (2510,1731) [filtered=0]
cnt=2 s0=fng (3165,1447) s1=fng (2513,1756) [filtered=0]
cnt=2 s0=fng (3167,1469) s1=fng (2515,1781) [filtered=0]
cnt=2 s0=fng (3169,1491) s1=fng (2518,1808) [filtered=0]
cnt=2 s0=fng (3170,1513) s1=fng (2519,1835) [filtered=0]
cnt=2 s0=fng (3171,1537) s1=fng (2522,1865) [filtered=0]
cnt=2 s0=fng (3173,1563) s1=fng (2525,1897) [filtered=0]
cnt=2 s0=fng (3174,1591) s1=fng (2528,1930) [filtered=0]
cnt=2 s0=fng (3174,1618) s1=fng (2530,1962) [filtered=0]
cnt=2 s0=fng (3174,1647) s1=fng (2534,1996) [filtered=0]
cnt=2 s0=fng (3174,1679) s1=fng (2538,2031) [filtered=0]
cnt=2 s0=fng (3174,1712) s1=fng (2542,2066) [filtered=0]
cnt=2 s0=fng (3175,1745) s1=fng (2547,2100) [filtered=0]
cnt=2 s0=fng (3175,1778) s1=fng (2551,2133) [filtered=0]
cnt=2 s0=fng (3175,1810) s1=fng (2556,2166) [filtered=0]
cnt=2 s0=fng (3176,1842) s1=fng (2561,2198) [filtered=0]
cnt=2 s0=fng (3177,1873) s1=fng (2566,2228) [filtered=0]
cnt=2 s0=fng (3179,1902) s1=fng (2571,2256) [filtered=0]
cnt=2 s0=fng (3180,1930) s1=fng (2575,2283) [filtered=0]
cnt=2 s0=fng (3181,1957) s1=fng (2580,2309) [filtered=0]
cnt=2 s0=fng (3183,1982) s1=fng (2585,2334) [filtered=0]
cnt=2 s0=fng (3185,2005) s1=fng (2589,2357) [filtered=0]
cnt=2 s0=fng (3186,2027) s1=fng (2592,2379) [filtered=0]
cnt=2 s0=fng (3188,2047) s1=fng (2595,2399) [filtered=0]
cnt=2 s0=fng (3190,2065) s1=fng (2597,2418) [filtered=0]
cnt=2 s0=fng (3192,2081) s1=fng (2599,2435) [filtered=0]
cnt=2 s0=fng (3193,2097) s1=fng (2600,2451) [filtered=0]
cnt=2 s0=fng (3194,2112) s1=fng (2601,2467) [filtered=0]
cnt=2 s0=fng (3195,2126) s1=fng (2602,2481) [filtered=0]
cnt=2 s0=fng (3196,2139) s1=fng (2603,2493) [filtered=0]
cnt=2 s0=fng (3197,2151) s1=fng (2604,2505) [filtered=0]
cnt=2 s0=fng (3198,2162) s1=fng (2605,2515) [filtered=0]
cnt=2 s0=fng (3198,2173) s1=fng (2605,2525) [filtered=0]
cnt=2 s0=fng (3198,2182) s1=fng (2605,2534) [filtered=0]
cnt=2 s0=fng (3198,2191) s1=fng (2605,2542) [filtered=0]
cnt=2 s0=fng (3198,2199) s1=fng (2605,2550) [filtered=0]
cnt=2 s0=fng (3198,2207) s1=fng (2605,2558) [filtered=0]
cnt=2 s0=fng (3198,2215) s1=fng (2605,2565) [filtered=0]
cnt=2 s0=fng (3198,2222) s1=fng (2605,2572) [filtered=0]
cnt=2 s0=fng (3198,2227) s1=fng (2605,2579) [filtered=0]
cnt=2 s0=fng (3198,2231) s1=fng (2605,2586) [filtered=0]
cnt=2 s0=fng (3198,2235) s1=fng (2605,2593) [filtered=0]
cnt=2 s0=fng (3198,2239) s1=fng (2605,2599) [filtered=0]
cnt=2 s0=fng (3198,2243) s1=fng (2605,2605) [filtered=0]
cnt=2 s0=fng (3198,2247) s1=fng (2605,2611) [filtered=0]
cnt=2 s0=fng (3197,2251) s1=fng (2605,2616) [filtered=0]
cnt=2 s0=fng (3197,2255) s1=fng (2605,2621) [filtered=0]
cnt=2 s0=fng (3197,2258) s1=fng (2605,2625) [filtered=0]
cnt=2 s0=fng (3197,2261) s1=fng (2605,2629) [filtered=0]
cnt=2 s0=fng (3197,2264) s1=fng (2605,2633) [filtered=0]
cnt=2 s0=fng (3197,2267) s1=fng (2605,2637) [filtered=0]
cnt=2 s0=fng (3196,2269) s1=fng (2605,2640) [filtered=0]
cnt=2 s0=fng (3196,2271) s1=fng (2605,2643) [filtered=0]
cnt=2 s0=fng (3195,2272) s1=fng (2605,2645) [filtered=0]
cnt=2 s0=fng (3194,2272) s1=fng (2605,2646) [filtered=0]
cnt=2 s0=fng (3194,2272) s1=fng (2605,2647) [filtered=0]
cnt=2 s0=fng (3194,2272) s1=fng (2604,2647) [filtered=0]
cnt=2 s0=fng (3193,2272) s1=fng (2604,2647) [filtered=0]
cnt=2 s0=fng (3193,2272) s1=fng (2603,2647) [filtered=0]
cnt=2 s0=fng (3192,2272) s1=fng (2602,2644) [filtered=0]
cnt=2 s0=fng (3192,2272) s1=fng (2601,2641) [filtered=0]
cnt=2 s0=fng (3192,2269) s1=fng (2600,2636) [filtered=0]
cnt=2 s0=fng (3191,2266) s1=fng (2598,2630) [filtered=0]
cnt=2 s0=fng (3190,2261) s1=fng (2595,2622) [filtered=0]
cnt=2 s0=fng (3189,2258) s1=fng (2594,2615) [filtered=0]
cnt=2 s0=fng (3188,2253) s1=fng (2592,2606) [filtered=0]
cnt=2 s0=fng (3187,2245) s1=fng (2589,2594) [filtered=0]
cnt=2 s0=fng (3186,2233) s1=fng (2585,2578) [filtered=0]
cnt=2 s0=fng (3185,2218) s1=fng (2581,2558) [filtered=0]
cnt=2 s0=fng (3185,2204) s1=fng (2578,2539) [filtered=0]
cnt=2 s0=fng (3184,2185) s1=fng (2574,2515) [filtered=0]
cnt=2 s0=fng (3184,2161) s1=fng (2570,2486) [filtered=0]
cnt=2 s0=fng (3184,2133) s1=fng (2565,2453) [filtered=0]
cnt=2 s0=fng (3185,2099) s1=fng (2560,2414) [filtered=0]
cnt=2 s0=fng (3185,2066) s1=fng (2556,2376) [filtered=0]
cnt=2 s0=fng (3187,2029) s1=fng (2551,2333) [filtered=0]
cnt=2 s0=fng (3189,1988) s1=fng (2546,2287) [filtered=0]
cnt=2 s0=fng (3192,1944) s1=fng (2541,2238) [filtered=0]
cnt=2 s0=fng (3194,1900) s1=fng (2537,2189) [filtered=0]
cnt=2 s0=fng (3197,1853) s1=fng (2534,2137) [filtered=0]
cnt=2 s0=fng (3201,1804) s1=fng (2532,2084) [filtered=0]
cnt=2 s0=fng (3206,1755) s1=fng (2531,2030) [filtered=0]
cnt=2 s0=fng (3211,1707) s1=fng (2530,1977) [filtered=0]
cnt=2 s0=fng (3215,1659) s1=fng (2530,1924) [filtered=0]
cnt=2 s0=fng (3220,1612) s1=fng (2529,1871) [filtered=0]
cnt=2 s0=fng (3225,1565) s1=fng (2529,1818) [filtered=0]
cnt=2 s0=fng (3230,1520) s1=fng (2530,1766) [filtered=0]
cnt=2 s0=fng (3235,1476) s1=fng (2531,1715) [filtered=0]
cnt=2 s0=fng (3239,1432) s1=fng (2532,1664) [filtered=0]
cnt=2 s0=fng (3243,1389) s1=fng (2533,1615) [filtered=0]
cnt=2 s0=fng (3248,1348) s1=fng (2536,1567) [filtered=0]
cnt=2 s0=fng (3253,1308) s1=fng (2540,1522) [filtered=0]
cnt=2 s0=fng (3257,1269) s1=fng (2542,1478) [filtered=0]
cnt=2 s0=fng (3262,1231) s1=fng (2546,1434) [filtered=0]
cnt=2 s0=fng (3268,1195) s1=fng (2551,1393) [filtered=0]
cnt=2 s0=fng (3274,1161) s1=fng (2557,1354) [filtered=0]
cnt=2 s0=fng (3281,1128) s1=fng (2565,1317) [filtered=0]
cnt=2 s0=fng (3287,1096) s1=fng (2572,1281) [filtered=0]
cnt=2 s0=fng (3294,1065) s1=fng (2579,1245) [filtered=0]
cnt=2 s0=fng (3302,1034) s1=fng (2587,1211) [filtered=0]
cnt=2 s0=fng (3311,1003) s1=fng (2595,1178) [filtered=0]
cnt=2 s0=fng (3320,973) s1=fng (2604,1146) [filtered=0]
cnt=2 s0=fng (3329,944) s1=fng (2612,1115) [filtered=0]
cnt=2 s0=fng (3338,916) s1=fng (2621,1085) [filtered=0]
cnt=2 s0=fng (3347,887) s1=fng (2630,1056) [filtered=0]
cnt=2 s0=fng (3356,860) s1=fng (2639,1027) [filtered=0]
cnt=2 s0=fng (3365,834) s1=fng (2647,999) [filtered=0]
cnt=2 s0=fng (3374,810) s1=fng (2655,973) [filtered=0]
cnt=2 s0=fng (3383,787) s1=fng (2664,949) [filtered=0]
cnt=2 s0=fng (3392,766) s1=fng (2673,926) [filtered=0]
cnt=2 s0=fng (3400,746) s1=fng (2682,904) [filtered=0]
cnt=2 s0=fng (3407,726) s1=fng (2690,883) [filtered=0]
cnt=2 s0=fng (3414,708) s1=fng (2698,863) [filtered=0]
cnt=2 s0=fng (3420,692) s1=fng (2706,846) [filtered=0]
cnt=2 s0=fng (3426,678) s1=fng (2712,832) [filtered=0]
cnt=2 s0=fng (3431,666) s1=fng (2718,820) [filtered=0]
cnt=2 s0=fng (3150,1397) s1=fng (2547,1765) [filtered=0]
cnt=2 s0=fng (3150,1399) s1=fng (2547,1766) [filtered=0]
cnt=2 s0=fng (3149,1403) s1=fng (2547,1769) [filtered=0]
cnt=2 s0=fng (3149,1406) s1=fng (2547,1771) [filtered=0]
cnt=2 s0=fng (3148,1416) s1=fng (2547,1778) [filtered=0]
cnt=2 s0=fng (3148,1432) s1=fng (2547,1790) [filtered=0]
cnt=2 s0=fng (3148,1453) s1=fng (2548,1809) [filtered=0]
cnt=2 s0=fng (3148,1482) s1=fng (2550,1835) [filtered=0]
cnt=2 s0=fng (3148,1510) s1=fng (2551,1860) [filtered=0]
cnt=2 s0=fng (3148,1546) s1=fng (2554,1891) [filtered=0]
cnt=2 s0=fng (3149,1589) s1=fng (2558,1930) [filtered=0]
cnt=2 s0=fng (3151,1639) s1=fng (2564,1974) [filtered=0]
cnt=2 s0=fng (3152,1689) s1=fng (2568,2018) [filtered=0]
cnt=2 s0=fng (3154,1742) s1=fng (2573,2066) [filtered=0]
cnt=2 s0=fng (3158,1799) s1=fng (2578,2116) [filtered=0]
cnt=2 s0=fng (3163,1856) s1=fng (2584,2167) [filtered=0]
cnt=2 s0=fng (3168,1913) s1=fng (2590,2218) [filtered=0]
cnt=2 s0=fng (3173,1970) s1=fng (2595,2269) [filtered=0]
cnt=2 s0=fng (3179,2026) s1=fng (2600,2319) [filtered=0]
cnt=2 s0=fng (3185,2079) s1=fng (2605,2371) [filtered=0]
cnt=2 s0=fng (3191,2131) s1=fng (2611,2422) [filtered=0]
cnt=2 s0=fng (3198,2180) s1=fng (2617,2472) [filtered=0]
cnt=2 s0=fng (3204,2229) s1=fng (2622,2522) [filtered=0]
cnt=2 s0=fng (3209,2271) s1=fng (2627,2571) [filtered=0]
cnt=2 s0=fng (3214,2305) s1=fng (2633,2618) [filtered=0]
cnt=1 s1=fng (2640,2662) [filtered=0]
cnt=1 s1=fng (2647,2703) [filtered=0]
cnt=1 s1=fng (2653,2744) [filtered=0]
cnt=1 s1=fng (2658,2779) [filtered=0]
cnt=1 s1=fng (2663,2808) [filtered=0]
cnt=2 s0=fng (3342,1007) s1=fng (2691,1234) [filtered=0]
cnt=2 s0=fng (3342,1007) s1=fng (2691,1234) [filtered=0]
cnt=2 s0=fng (3342,1007) s1=fng (2691,1236) [filtered=0]
cnt=2 s0=fng (3341,1008) s1=fng (2691,1238) [filtered=0]
cnt=2 s0=fng (3340,1010) s1=fng (2690,1241) [filtered=0]
cnt=2 s0=fng (3340,1013) s1=fng (2689,1248) [filtered=0]
cnt=2 s0=fng (3340,1014) s1=fng (2688,1254) [filtered=0]
cnt=2 s0=fng (3339,1020) s1=fng (2686,1265) [filtered=0]
cnt=2 s0=fng (3336,1031) s1=fng (2684,1281) [filtered=0]
cnt=2 s0=fng (3333,1047) s1=fng (2681,1303) [filtered=0]
cnt=2 s0=fng (3331,1062) s1=fng (2679,1325) [filtered=0]
cnt=2 s0=fng (3327,1082) s1=fng (2677,1353) [filtered=0]
cnt=2 s0=fng (3322,1109) s1=fng (2674,1389) [filtered=0]
cnt=2 s0=fng (3316,1144) s1=fng (2670,1433) [filtered=0]
cnt=2 s0=fng (3308,1189) s1=fng (2666,1485) [filtered=0]
cnt=2 s0=fng (3301,1233) s1=fng (2663,1536) [filtered=0]
cnt=2 s0=fng (3293,1285) s1=fng (2659,1594) [filtered=0]
cnt=2 s0=fng (3284,1344) s1=fng (2655,1656) [filtered=0]
cnt=2 s0=fng (3277,1406) s1=fng (2651,1722) [filtered=0]
cnt=2 s0=fng (3271,1470) s1=fng (2648,1790) [filtered=0]
cnt=2 s0=fng (3266,1533) s1=fng (2646,1857) [filtered=0]
cnt=2 s0=fng (3261,1597) s1=fng (2645,1923) [filtered=0]
cnt=2 s0=fng (3258,1660) s1=fng (2645,1988) [filtered=0]
cnt=2 s0=fng (3257,1722) s1=fng (2645,2052) [filtered=0]
cnt=2 s0=fng (3257,1784) s1=fng (2646,2114) [filtered=0]
cnt=2 s0=fng (3256,1845) s1=fng (2647,2175) [filtered=0]
cnt=2 s0=fng (3256,1904) s1=fng (2648,2235) [filtered=0]
cnt=2 s0=fng (3259,1961) s1=fng (2651,2293) [filtered=0]
cnt=2 s0=fng (3263,2018) s1=fng (2654,2350) [filtered=0]
cnt=2 s0=fng (3266,2075) s1=fng (2655,2407) [filtered=0]
cnt=2 s0=fng (3269,2131) s1=fng (2658,2462) [filtered=0]
cnt=2 s0=fng (3272,2186) s1=fng (2662,2515) [filtered=0]
cnt=2 s0=fng (3276,2239) s1=fng (2666,2567) [filtered=0]
cnt=2 s0=fng (3279,2290) s1=fng (2670,2616) [filtered=0]
cnt=2 s0=fng (3281,2341) s1=fng (2673,2665) [filtered=0]
cnt=2 s0=fng (3284,2390) s1=fng (2677,2711) [filtered=0]
cnt=2 s0=fng (3287,2435) s1=fng (2681,2754) [filtered=0]
cnt=2 s0=fng (3291,2472) s1=fng (2685,2792) [filtered=0]
cnt=2 s0=fng (3294,2502) s1=fng (2689,2826) [filtered=0]
cnt=2 s0=fng (3295,2531) s1=fng (2692,2859) [filtered=0]
cnt=1 s1=fng (2697,2887) [filtered=0]
cnt=1 s1=fng (2702,2908) [filtered=0]
cnt=1 s1=fng (2706,2924) [filtered=0]
cnt=2 s0=fng (3351,1027) s1=fng (2689,1336) [filtered=0]
cnt=2 s0=fng (3350,1029) s1=fng (2689,1336) [filtered=0]
cnt=2 s0=fng (3349,1032) s1=fng (2688,1338) [filtered=0]
cnt=2 s0=fng (3349,1033) s1=fng (2688,1339) [filtered=0]
cnt=2 s0=fng (3347,1039) s1=fng (2687,1341) [filtered=0]
cnt=2 s0=fng (3343,1051) s1=fng (2684,1349) [filtered=0]
cnt=2 s0=fng (3339,1067) s1=fng (2681,1361) [filtered=0]
cnt=2 s0=fng (3333,1088) s1=fng (2676,1379) [filtered=0]
cnt=2 s0=fng (3328,1108) s1=fng (2673,1396) [filtered=0]
cnt=2 s0=fng (3322,1133) s1=fng (2668,1420) [filtered=0]
cnt=2 s0=fng (3315,1164) s1=fng (2662,1451) [filtered=0]
cnt=2 s0=fng (3307,1201) s1=fng (2656,1489) [filtered=0]
cnt=2 s0=fng (3300,1238) s1=fng (2651,1527) [filtered=0]
cnt=2 s0=fng (3291,1279) s1=fng (2644,1569) [filtered=0]
cnt=2 s0=fng (3282,1325) s1=fng (2636,1618) [filtered=0]
cnt=2 s0=fng (3272,1376) s1=fng (2628,1671) [filtered=0]
cnt=2 s0=fng (3262,1431) s1=fng (2620,1728) [filtered=0]
cnt=2 s0=fng (3253,1486) s1=fng (2613,1785) [filtered=0]
cnt=2 s0=fng (3244,1543) s1=fng (2606,1845) [filtered=0]
cnt=2 s0=fng (3235,1602) s1=fng (2601,1906) [filtered=0]
cnt=2 s0=fng (3227,1662) s1=fng (2596,1967) [filtered=0]
cnt=2 s0=fng (3220,1721) s1=fng (2592,2028) [filtered=0]
cnt=2 s0=fng (3214,1782) s1=fng (2589,2089) [filtered=0]
cnt=2 s0=fng (3210,1842) s1=fng (2587,2149) [filtered=0]
cnt=2 s0=fng (3206,1902) s1=fng (2586,2208) [filtered=0]
cnt=2 s0=fng (3204,1960) s1=fng (2587,2265) [filtered=0]
cnt=2 s0=fng (3202,2017) s1=fng (2587,2321) [filtered=0]
cnt=2 s0=fng (3201,2074) s1=fng (2586,2375) [filtered=0]
cnt=2 s0=fng (3201,2129) s1=fng (2587,2427) [filtered=0]
cnt=2 s0=fng (3201,2181) s1=fng (2587,2475) [filtered=0]
cnt=2 s0=fng (3201,2230) s1=fng (2587,2520) [filtered=0]
cnt=2 s0=fng (3201,2278) s1=fng (2587,2564) [filtered=0]
cnt=2 s0=fng (3201,2322) s1=fng (2587,2604) [filtered=0]
cnt=2 s0=fng (3201,2363) s1=fng (2586,2642) [filtered=0]
cnt=2 s0=fng (3201,2400) s1=fng (2586,2676) [filtered=0]
cnt=2 s0=fng (3201,2436) s1=fng (2586,2709) [filtered=0]
cnt=2 s0=fng (3201,2467) s1=fng (2585,2737) [filtered=0]
cnt=2 s0=fng (3201,2493) s1=fng (2583,2762) [filtered=0]
cnt=2 s0=fng (3201,2516) s1=fng (2581,2785) [filtered=0]
cnt=2 s0=fng (3201,2536) s1=fng (2579,2805) [filtered=0]
cnt=2 s0=fng (3201,2556) s1=fng (2578,2825) [filtered=0]
cnt=2 s0=fng (3202,2574) s1=fng (2577,2844) [filtered=0]
cnt=2 s0=fng (3201,2590) s1=fng (2575,2861) [filtered=0]
cnt=2 s0=fng (3200,2603) s1=fng (2574,2877) [filtered=0]
cnt=2 s0=fng (3199,2614) s1=fng (2573,2891) [filtered=0]
cnt=2 s0=fng (3199,2625) s1=fng (2572,2905) [filtered=0]
cnt=2 s0=fng (3198,2634) s1=fng (2572,2917) [filtered=0]
cnt=2 s0=fng (3197,2642) s1=fng (2572,2928) [filtered=0]
cnt=2 s0=fng (3196,2650) s1=fng (2572,2937) [filtered=0]
cnt=2 s0=fng (3196,2658) s1=fng (2572,2946) [filtered=0]
cnt=2 s0=fng (3195,2665) s1=fng (2573,2954) [filtered=0]
cnt=2 s0=fng (3194,2672) s1=fng (2573,2964) [filtered=0]
cnt=2 s0=fng (3193,2678) s1=fng (2573,2973) [filtered=0]
cnt=2 s0=fng (3192,2683) s1=fng (2574,2981) [filtered=0]
cnt=2 s0=fng (3192,2688) s1=fng (2574,2989) [filtered=0]
cnt=2 s0=fng (3192,2692) s1=fng (2574,2996) [filtered=0]
cnt=2 s0=fng (3191,2696) s1=fng (2574,3000) [filtered=0]
cnt=2 s0=fng (3190,2699) s1=fng (2574,3003) [filtered=0]
cnt=2 s0=fng (3189,2701) s1=fng (2574,3004) [filtered=0]
cnt=2 s0=fng (3189,2703) s1=fng (2574,3005) [filtered=0]
cnt=2 s0=fng (3189,2704) s1=fng (2574,3005) [filtered=0]
cnt=2 s0=fng (3189,2705) s1=fng (2574,3005) [filtered=0]
cnt=2 s0=fng (3189,2705) s1=fng (2574,3005) [filtered=0]
cnt=2 s0=fng (3189,2705) s1=fng (2574,3005) [filtered=0]
cnt=2 s0=fng (3188,2702) s1=fng (2573,3002) [filtered=0]
cnt=2 s0=fng (3187,2697) s1=fng (2572,2999) [filtered=0]
cnt=2 s0=fng (3185,2690) s1=fng (2571,2994) [filtered=0]
cnt=2 s0=fng (3184,2680) s1=fng (2570,2987) [filtered=0]
cnt=2 s0=fng (3183,2670) s1=fng (2570,2980) [filtered=0]
cnt=2 s0=fng (3182,2657) s1=fng (2569,2967) [filtered=0]
cnt=2 s0=fng (3181,2639) s1=fng (2568,2950) [filtered=0]
cnt=2 s0=fng (3181,2617) s1=fng (2567,2931) [filtered=0]
cnt=2 s0=fng (3182,2590) s1=fng (2566,2907) [filtered=0]
cnt=2 s0=fng (3182,2564) s1=fng (2565,2884) [filtered=0]
cnt=2 s0=fng (3183,2533) s1=fng (2565,2855) [filtered=0]
cnt=2 s0=fng (3185,2495) s1=fng (2564,2818) [filtered=0]
cnt=2 s0=fng (3188,2453) s1=fng (2564,2773) [filtered=0]
cnt=2 s0=fng (3192,2406) s1=fng (2564,2722) [filtered=0]
cnt=2 s0=fng (3194,2360) s1=fng (2564,2672) [filtered=0]
cnt=2 s0=fng (3198,2312) s1=fng (2564,2616) [filtered=0]
cnt=2 s0=fng (3203,2261) s1=fng (2565,2555) [filtered=0]
cnt=2 s0=fng (3208,2207) s1=fng (2565,2491) [filtered=0]
cnt=2 s0=fng (3212,2154) s1=fng (2565,2428) [filtered=0]
cnt=2 s0=fng (3216,2099) s1=fng (2566,2363) [filtered=0]
cnt=2 s0=fng (3221,2042) s1=fng (2567,2295) [filtered=0]
cnt=2 s0=fng (3226,1984) s1=fng (2569,2226) [filtered=0]
cnt=2 s0=fng (3232,1924) s1=fng (2573,2154) [filtered=0]
cnt=2 s0=fng (3238,1865) s1=fng (2575,2083) [filtered=0]
cnt=2 s0=fng (3244,1806) s1=fng (2578,2013) [filtered=0]
cnt=2 s0=fng (3251,1748) s1=fng (2582,1942) [filtered=0]
cnt=2 s0=fng (3258,1691) s1=fng (2587,1873) [filtered=0]
cnt=2 s0=fng (3264,1634) s1=fng (2591,1804) [filtered=0]
cnt=2 s0=fng (3272,1577) s1=fng (2596,1737) [filtered=0]
cnt=2 s0=fng (3280,1520) s1=fng (2602,1672) [filtered=0]
cnt=2 s0=fng (3289,1464) s1=fng (2608,1609) [filtered=0]
cnt=2 s0=fng (3298,1410) s1=fng (2616,1548) [filtered=0]
cnt=2 s0=fng (3306,1356) s1=fng (2623,1488) [filtered=0]
cnt=2 s0=fng (3315,1303) s1=fng (2630,1431) [filtered=0]
cnt=2 s0=fng (3324,1252) s1=fng (2637,1376) [filtered=0]
cnt=2 s0=fng (3333,1203) s1=fng (2644,1324) [filtered=0]
cnt=2 s0=fng (3342,1157) s1=fng (2651,1275) [filtered=0]
cnt=2 s0=fng (3350,1111) s1=fng (2658,1227) [filtered=0]
cnt=2 s0=fng (3359,1067) s1=fng (2665,1180) [filtered=0]
cnt=2 s0=fng (3368,1026) s1=fng (2672,1136) [filtered=0]
cnt=2 s0=fng (3376,988) s1=fng (2679,1095) [filtered=0]
cnt=2 s0=fng (3384,952) s1=fng (2686,1058) [filtered=0]
cnt=2 s0=fng (3391,917) s1=fng (2692,1022) [filtered=0]
cnt=2 s0=fng (3397,884) s1=fng (2699,988) [filtered=0]
cnt=2 s0=fng (3403,855) s1=fng (2706,957) [filtered=0]
cnt=2 s0=fng (3409,828) s1=fng (2712,928) [filtered=0]
cnt=2 s0=fng (3414,802) s1=fng (2717,900) [filtered=0]
cnt=2 s0=fng (3418,779) s1=fng (2722,875) [filtered=0]
cnt=2 s0=fng (3422,759) s1=fng (2728,852) [filtered=0]
cnt=2 s0=fng (3427,741) s1=fng (2733,832) [filtered=0]
cnt=2 s0=fng (3432,725) s1=fng (2738,814) [filtered=0]
cnt=2 s0=fng (3436,709) s1=fng (2742,796) [filtered=0]
cnt=2 s0=fng (3440,695) s1=fng (2746,780) [filtered=0]
cnt=2 s0=fng (3443,683) s1=fng (2750,768) [filtered=0]
cnt=2 s0=fng (3445,672) s1=fng (2754,758) [filtered=0]
cnt=2 s0=fng (3447,661) s1=fng (2757,748) [filtered=0]
cnt=2 s0=fng (3449,653) s1=fng (2760,741) [filtered=0]
cnt=2 s0=fng (3450,648) s1=fng (2764,737) [filtered=0]
cnt=2 s0=fng (3451,645) s1=fng (2766,736) [filtered=0]
cnt=2 s0=fng (3452,644) s1=fng (2768,736) [filtered=0]
cnt=2 s0=fng (3450,644) s1=fng (2769,736) [filtered=0]
cnt=2 s0=fng (3449,644) s1=fng (2770,736) [filtered=0]
cnt=1 s0=fng (3448,644) [filtered=0]
cnt=1 s0=fng (3446,647) [filtered=0]
cnt=2 s0=fng (2983,2045) s1=fng (2415,2387) [filtered=0]
cnt=2 s0=fng (2983,2045) s1=fng (2415,2387) [filtered=0]
cnt=2 s0=fng (2983,2044) s1=fng (2416,2386) [filtered=0]
cnt=2 s0=fng (2983,2043) s1=fng (2417,2384) [filtered=0]
cnt=2 s0=fng (2983,2041) s1=fng (2417,2381) [filtered=0]
cnt=2 s0=fng (2983,2038) s1=fng (2417,2373) [filtered=0]
cnt=2 s0=fng (2983,2036) s1=fng (2417,2366) [filtered=0]
cnt=2 s0=fng (2984,2029) s1=fng (2418,2354) [filtered=0]
cnt=2 s0=fng (2986,2016) s1=fng (2420,2337) [filtered=0]
cnt=2 s0=fng (2990,1996) s1=fng (2422,2312) [filtered=0]
cnt=2 s0=fng (2992,1977) s1=fng (2423,2287) [filtered=0]
cnt=2 s0=fng (2997,1952) s1=fng (2427,2256) [filtered=0]
cnt=2 s0=fng (3004,1921) s1=fng (2432,2216) [filtered=0]
cnt=2 s0=fng (3013,1883) s1=fng (2439,2170) [filtered=0]
cnt=2 s0=fng (3025,1838) s1=fng (2447,2116) [filtered=0]
cnt=2 s0=fng (3036,1794) s1=fng (2454,2063) [filtered=0]
cnt=2 s0=fng (3049,1745) s1=fng (2461,2008) [filtered=0]
cnt=2 s0=fng (3062,1692) s1=fng (2468,1949) [filtered=0]
cnt=2 s0=fng (3076,1635) s1=fng (2475,1888) [filtered=0]
cnt=2 s0=fng (3092,1576) s1=fng (2484,1822) [filtered=0]
cnt=2 s0=fng (3107,1518) s1=fng (2492,1757) [filtered=0]
cnt=2 s0=fng (3121,1459) s1=fng (2501,1692) [filtered=0]
cnt=2 s0=fng (3135,1402) s1=fng (2510,1625) [filtered=0]
cnt=2 s0=fng (3149,1345) s1=fng (2519,1558) [filtered=0]
cnt=2 s0=fng (3163,1288) s1=fng (2527,1491) [filtered=0]
cnt=2 s0=fng (3176,1232) s1=fng (2537,1426) [filtered=0]
cnt=2 s0=fng (3189,1178) s1=fng (2548,1363) [filtered=0]
cnt=2 s0=fng (3202,1125) s1=fng (2559,1302) [filtered=0]
cnt=2 s0=fng (3215,1075) s1=fng (2570,1244) [filtered=0]
cnt=2 s0=fng (3228,1025) s1=fng (2580,1186) [filtered=0]
cnt=2 s0=fng (3240,977) s1=fng (2591,1131) [filtered=0]
cnt=2 s0=fng (3252,932) s1=fng (2602,1079) [filtered=0]
cnt=2 s0=fng (3264,890) s1=fng (2613,1031) [filtered=0]
cnt=2 s0=fng (3275,852) s1=fng (2623,987) [filtered=0]
cnt=2 s0=fng (3285,815) s1=fng (2632,944) [filtered=0]
cnt=2 s0=fng (3295,781) s1=fng (2642,905) [filtered=0]
cnt=2 s0=fng (3304,752) s1=fng (2651,873) [filtered=0]
cnt=2 s0=fng (3311,729) s1=fng (2660,846) [filtered=0]
cnt=2 s0=fng (3317,707) s1=fng (2668,820) [filtered=0]
cnt=2 s0=fng (3321,690) s1=fng (2674,800) [filtered=0]
cnt=2 s0=fng (3325,677) s1=fng (2679,784) [filtered=0]
cnt=2 s0=fng (3328,667) s1=fng (2683,773) [filtered=0]
cnt=2 s0=fng (3330,660) s1=fng (2686,766) [filtered=0]
cnt=2 s0=fng (3332,653) s1=fng (2689,759) [filtered=0]
cnt=2 s0=fng (3333,649) s1=fng (2691,755) [filtered=0]
cnt=2 s0=fng (3333,647) s1=fng (2692,752) [filtered=0]
cnt=1 s0=fng (3333,647) [filtered=0]
cnt=1 s0=fng (3333,647) [filtered=0]
cnt=1 s0=fng (2471,2063) [filtered=0]
cnt=2 s0=fng (2472,2057) s1=fng (3117,1589) [filtered=0]
cnt=2 s0=fng (2472,2052) s1=fng (3117,1589) [filtered=0]
cnt=2 s0=fng (2473,2040) s1=fng (3117,1587) [filtered=0]
cnt=2 s0=fng (2475,2021) s1=fng (3118,1585) [filtered=0]
cnt=2 s0=fng (2478,1996) s1=fng (3119,1578) [filtered=0]
cnt=2 s0=fng (2482,1964) s1=fng (3121,1569) [filtered=0]
cnt=2 s0=fng (2485,1933) s1=fng (3122,1560) [filtered=0]
cnt=2 s0=fng (2490,1897) s1=fng (3126,1548) [filtered=0]
cnt=2 s0=fng (2496,1857) s1=fng (3131,1531) [filtered=0]
cnt=2 s0=fng (2502,1816) s1=fng (3137,1510) [filtered=0]
cnt=2 s0=fng (2508,1776) s1=fng (3142,1489) [filtered=0]
cnt=2 s0=fng (2515,1735) s1=fng (3149,1465) [filtered=0]
cnt=2 s0=fng (2523,1694) s1=fng (3157,1438) [filtered=0]
cnt=2 s0=fng (2531,1654) s1=fng (3166,1409) [filtered=0]
cnt=2 s0=fng (2539,1615) s1=fng (3175,1380) [filtered=0]
cnt=2 s0=fng (2546,1577) s1=fng (3184,1351) [filtered=0]
cnt=2 s0=fng (2554,1539) s1=fng (3193,1322) [filtered=0]
cnt=2 s0=fng (2562,1502) s1=fng (3202,1293) [filtered=0]
cnt=2 s0=fng (2569,1466) s1=fng (3211,1264) [filtered=0]
cnt=2 s0=fng (2576,1431) s1=fng (3221,1234) [filtered=0]
cnt=2 s0=fng (2582,1397) s1=fng (3230,1204) [filtered=0]
cnt=2 s0=fng (2588,1364) s1=fng (3239,1175) [filtered=0]
cnt=2 s0=fng (2593,1332) s1=fng (3248,1147) [filtered=0]
cnt=2 s0=fng (2598,1301) s1=fng (3257,1120) [filtered=0]
cnt=2 s0=fng (2602,1271) s1=fng (3266,1094) [filtered=0]
cnt=2 s0=fng (2607,1243) s1=fng (3274,1068) [filtered=0]
cnt=2 s0=fng (2612,1215) s1=fng (3282,1043) [filtered=0]
cnt=2 s0=fng (2617,1188) s1=fng (3289,1019) [filtered=0]
cnt=2 s0=fng (2622,1163) s1=fng (3295,997) [filtered=0]
cnt=2 s0=fng (2626,1139) s1=fng (3300,976) [filtered=0]
cnt=2 s0=fng (2630,1116) s1=fng (3306,956) [filtered=0]
cnt=2 s0=fng (2635,1095) s1=fng (3312,936) [filtered=0]
cnt=2 s0=fng (2640,1076) s1=fng (3318,918) [filtered=0]
cnt=2 s0=fng (2645,1057) s1=fng (3323,901) [filtered=0]
cnt=2 s0=fng (2649,1039) s1=fng (3328,885) [filtered=0]
cnt=2 s0=fng (2653,1022) s1=fng (3333,869) [filtered=0]
cnt=2 s0=fng (2656,1006) s1=fng (3338,854) [filtered=0]
cnt=2 s0=fng (2659,991) s1=fng (3343,839) [filtered=0]
cnt=2 s0=fng (2662,976) s1=fng (3347,825) [filtered=0]
cnt=2 s0=fng (2665,962) s1=fng (3352,813) [filtered=0]
cnt=2 s0=fng (2669,949) s1=fng (3357,801) [filtered=0]
cnt=2 s0=fng (2673,937) s1=fng (3362,790) [filtered=0]
cnt=2 s0=fng (2677,925) s1=fng (3366,780) [filtered=0]
cnt=2 s0=fng (2680,913) s1=fng (3369,770) [filtered=0]
cnt=2 s0=fng (2683,902) s1=fng (3372,761) [filtered=0]
cnt=2 s0=fng (2687,892) s1=fng (3375,753) [filtered=0]
cnt=2 s0=fng (2691,883) s1=fng (3378,745) [filtered=0]
cnt=2 s0=fng (2695,875) s1=fng (3381,738) [filtered=0]
cnt=2 s0=fng (2698,867) s1=fng (3383,731) [filtered=0]
cnt=2 s0=fng (2701,860) s1=fng (3384,725) [filtered=0]
cnt=2 s0=fng (2703,854) s1=fng (3385,720) [filtered=0]
cnt=2 s0=fng (2705,849) s1=fng (3387,716) [filtered=0]
cnt=2 s0=fng (2707,844) s1=fng (3388,712) [filtered=0]
cnt=2 s0=fng (2708,840) s1=fng (3389,708) [filtered=0]
cnt=2 s0=fng (2709,837) s1=fng (3389,706) [filtered=0]
cnt=2 s0=fng (2710,836) s1=fng (3390,705) [filtered=0]
cnt=2 s0=fng (2711,836) s1=fng (3391,705) [filtered=0]
cnt=2 s0=fng (2711,836) s1=fng (3391,705) [filtered=0]
cnt=2 s0=fng (2711,836) s1=fng (3391,705) [filtered=0]
cnt=2 s0=fng (2711,836) s1=fng (3390,705) [filtered=0]
cnt=1 s1=fng (3390,705) [filtered=0]
cnt=1 s1=fng (3389,705) [filtered=0]
cnt=2 s0=fng (2623,2078) s1=fng (3245,1757) [filtered=0]
cnt=2 s0=fng (2623,2078) s1=fng (3245,1757) [filtered=0]
cnt=2 s0=fng (2623,2077) s1=fng (3245,1756) [filtered=0]
cnt=2 s0=fng (2623,2076) s1=fng (3245,1755) [filtered=0]
cnt=2 s0=fng (2623,2075) s1=fng (3245,1754) [filtered=0]
cnt=2 s0=fng (2623,2073) s1=fng (3245,1753) [filtered=0]
cnt=2 s0=fng (2624,2066) s1=fng (3246,1750) [filtered=0]
cnt=2 s0=fng (2625,2055) s1=fng (3247,1743) [filtered=0]
cnt=2 s0=fng (2627,2039) s1=fng (3250,1733) [filtered=0]
cnt=2 s0=fng (2628,2024) s1=fng (3252,1723) [filtered=0]
cnt=2 s0=fng (2631,2005) s1=fng (3256,1708) [filtered=0]
cnt=2 s0=fng (2635,1982) s1=fng (3261,1688) [filtered=0]
cnt=2 s0=fng (2639,1954) s1=fng (3267,1664) [filtered=0]
cnt=2 s0=fng (2644,1922) s1=fng (3274,1636) [filtered=0]
cnt=2 s0=fng (2647,1890) s1=fng (3281,1609) [filtered=0]
cnt=2 s0=fng (2652,1854) s1=fng (3289,1578) [filtered=0]
cnt=2 s0=fng (2658,1814) s1=fng (3298,1543) [filtered=0]
cnt=2 s0=fng (2664,1773) s1=fng (3307,1507) [filtered=0]
cnt=2 s0=fng (2669,1733) s1=fng (3315,1472) [filtered=0]
cnt=2 s0=fng (2674,1691) s1=fng (3324,1437) [filtered=0]
cnt=2 s0=fng (2680,1649) s1=fng (3333,1402) [filtered=0]
cnt=2 s0=fng (2686,1607) s1=fng (3342,1368) [filtered=0]
cnt=2 s0=fng (2693,1566) s1=fng (3351,1335) [filtered=0]
cnt=2 s0=fng (2699,1525) s1=fng (3359,1303) [filtered=0]
cnt=2 s0=fng (2706,1485) s1=fng (3367,1270) [filtered=0]
cnt=2 s0=fng (2713,1447) s1=fng (3376,1238) [filtered=0]
cnt=2 s0=fng (2720,1410) s1=fng (3385,1207) [filtered=0]
cnt=2 s0=fng (2727,1377) s1=fng (3394,1178) [filtered=0]
cnt=2 s0=fng (2733,1345) s1=fng (3402,1150) [filtered=0]
cnt=2 s0=fng (2740,1314) s1=fng (3410,1123) [filtered=0]
cnt=2 s0=fng (2747,1285) s1=fng (3419,1097) [filtered=0]
cnt=2 s0=fng (2752,1260) s1=fng (3428,1072) [filtered=0]
cnt=2 s0=fng (2756,1236) s1=fng (3436,1048) [filtered=0]
cnt=2 s0=fng (2760,1217) s1=fng (3444,1026) [filtered=0]
cnt=1 s1=fng (3448,1015) [filtered=0]
cnt=1 s1=fng (3453,1002) [filtered=0]
cnt=1 s0=fng (259,2745) [filtered=0]
cnt=1 s0=fng (259,2745) [filtered=0]
cnt=1 s0=fng (260,2745) [filtered=0]
cnt=1 s0=fng (261,2744) [filtered=0]
cnt=2 s0=PALM(262,2743) s1=PALM(4247,2101) [filtered=1]
cnt=2 s0=PALM(263,2743) s1=PALM(4247,2101) [filtered=2]
cnt=2 s0=PALM(263,2743) s1=PALM(4247,2101) [filtered=3]
cnt=2 s0=PALM(263,2743) s1=PALM(4247,2101) [filtered=4]
cnt=2 s0=PALM(263,2743) s1=PALM(4247,2101) [filtered=5]
cnt=2 s0=PALM(263,2743) s1=PALM(4247,2101) [filtered=6]
cnt=2 s0=PALM(263,2743) s1=PALM(4247,2101) [filtered=7]
cnt=2 s0=PALM(263,2743) s1=PALM(4247,2101) [filtered=8]
cnt=2 s0=PALM(263,2743) s1=PALM(4247,2101) [filtered=9]
cnt=2 s0=PALM(263,2743) s1=PALM(4247,2101) [filtered=10]
cnt=2 s0=PALM(263,2743) s1=PALM(4247,2101) [filtered=11]
cnt=2 s0=PALM(263,2743) s1=PALM(4247,2101) [filtered=12]
cnt=2 s0=PALM(263,2743) s1=PALM(4244,2097) [filtered=13]
cnt=2 s0=PALM(263,2743) s1=PALM(4240,2093) [filtered=14]
cnt=2 s0=PALM(263,2743) s1=PALM(4236,2089) [filtered=15]
cnt=2 s0=PALM(263,2743) s1=PALM(4232,2084) [filtered=16]
cnt=2 s0=PALM(263,2743)* s1=PALM(4229,2080) [filtered=17]
cnt=2 s0=PALM(263,2743)* s1=PALM(4226,2075) [filtered=18]
cnt=2 s0=PALM(267,2739) s1=PALM(4222,2070) [filtered=19]
cnt=2 s0=PALM(269,2737) s1=PALM(4219,2066) [filtered=20]
cnt=2 s0=PALM(274,2731) s1=PALM(4216,2061) [filtered=21]
cnt=2 s0=PALM(281,2722) s1=PALM(4213,2056) [filtered=22]
cnt=2 s0=PALM(288,2713) s1=PALM(4211,2052) [filtered=23]
cnt=2 s0=PALM(296,2702) s1=PALM(4207,2045) [filtered=24]
cnt=2 s0=PALM(303,2692) s1=PALM(4204,2039) [filtered=25]
cnt=2 s0=PALM(312,2679) s1=PALM(4200,2033) [filtered=26]
cnt=2 s0=PALM(322,2664) s1=PALM(4195,2024) [filtered=27]
cnt=2 s0=PALM(332,2649) s1=PALM(4191,2016) [filtered=28]
cnt=2 s0=PALM(343,2631) s1=PALM(4186,2006) [filtered=29]
cnt=2 s0=PALM(353,2614) s1=PALM(4182,1997) [filtered=30]
cnt=2 s0=PALM(365,2595) s1=PALM(4178,1987) [filtered=31]
cnt=2 s0=PALM(376,2576) s1=PALM(4173,1975) [filtered=32]
cnt=2 s0=PALM(386,2558) s1=PALM(4169,1964) [filtered=33]
cnt=2 s0=PALM(397,2539) s1=PALM(4165,1952) [filtered=34]
cnt=2 s0=PALM(407,2521) s1=PALM(4161,1941) [filtered=35]
cnt=2 s0=PALM(415,2504) s1=PALM(4158,1929) [filtered=36]
cnt=2 s0=PALM(423,2487) s1=PALM(4155,1917) [filtered=37]
cnt=2 s0=PALM(429,2471) s1=PALM(4153,1906) [filtered=38]
cnt=2 s0=PALM(434,2455) s1=PALM(4151,1895) [filtered=39]
cnt=2 s0=PALM(439,2439) s1=PALM(4149,1884) [filtered=40]
cnt=2 s0=PALM(442,2425) s1=PALM(4148,1873) [filtered=41]
cnt=2 s0=PALM(445,2411) s1=PALM(4147,1862) [filtered=42]
cnt=2 s0=PALM(446,2398) s1=PALM(4147,1852) [filtered=43]
cnt=2 s0=PALM(447,2385) s1=PALM(4147,1842) [filtered=44]
cnt=2 s0=PALM(447,2374) s1=PALM(4147,1832) [filtered=45]
cnt=2 s0=PALM(443,2365) s1=PALM(4150,1822) [filtered=46]
cnt=2 s0=PALM(439,2356) s1=PALM(4153,1812) [filtered=47]
cnt=2 s0=PALM(434,2348) s1=PALM(4156,1804) [filtered=48]
cnt=2 s0=PALM(429,2340) s1=PALM(4157,1796) [filtered=49]
cnt=2 s0=PALM(424,2334) s1=PALM(4160,1788) [filtered=50]
cnt=2 s0=PALM(419,2329) s1=PALM(4163,1781) [filtered=51]
cnt=2 s0=PALM(416,2324) s1=PALM(4165,1774) [filtered=52]
cnt=2 s0=PALM(411,2320) s1=PALM(4169,1768) [filtered=53]
cnt=2 s0=PALM(407,2316) s1=PALM(4172,1762) [filtered=54]
cnt=2 s0=PALM(403,2312) s1=PALM(4177,1756) [filtered=55]
cnt=2 s0=PALM(398,2308) s1=PALM(4182,1751) [filtered=56]
cnt=2 s0=PALM(393,2304) s1=PALM(4186,1746) [filtered=57]
cnt=2 s0=PALM(388,2301) s1=PALM(4191,1742) [filtered=58]
cnt=2 s0=PALM(383,2299) s1=PALM(4197,1739) [filtered=59]
cnt=2 s0=PALM(379,2297) s1=PALM(4202,1736) [filtered=60]
cnt=2 s0=PALM(374,2295) s1=PALM(4209,1734) [filtered=61]
cnt=2 s0=PALM(370,2293) s1=PALM(4215,1732) [filtered=62]
cnt=2 s0=PALM(365,2291) s1=PALM(4221,1731) [filtered=63]
cnt=2 s0=PALM(359,2289) s1=PALM(4228,1731) [filtered=64]
cnt=2 s0=PALM(354,2287) s1=PALM(4234,1731) [filtered=65]
cnt=2 s0=PALM(348,2286) s1=PALM(4240,1731) [filtered=66]
cnt=2 s0=PALM(343,2285) s1=PALM(4246,1731) [filtered=67]
cnt=2 s0=PALM(337,2285) s1=PALM(4251,1734) [filtered=68]
cnt=2 s0=PALM(331,2285) s1=PALM(4256,1737) [filtered=69]
cnt=2 s0=PALM(326,2285) s1=PALM(4261,1740) [filtered=70]
cnt=2 s0=PALM(320,2285) s1=PALM(4266,1744) [filtered=71]
cnt=2 s0=PALM(313,2288) s1=PALM(4272,1749) [filtered=72]
cnt=2 s0=PALM(307,2291) s1=PALM(4277,1754) [filtered=73]
cnt=2 s0=PALM(300,2294) s1=PALM(4284,1760) [filtered=74]
cnt=2 s0=PALM(294,2297) s1=PALM(4290,1766) [filtered=75]
cnt=2 s0=PALM(288,2301) s1=PALM(4296,1772) [filtered=76]
cnt=2 s0=PALM(281,2306) s1=PALM(4301,1778) [filtered=77]
cnt=2 s0=PALM(274,2311) s1=PALM(4307,1785) [filtered=78]
cnt=2 s0=PALM(268,2316) s1=PALM(4312,1792) [filtered=79]
cnt=2 s0=PALM(261,2322) s1=PALM(4317,1800) [filtered=80]
cnt=2 s0=PALM(254,2328) s1=PALM(4322,1808) [filtered=81]
cnt=2 s0=PALM(248,2334) s1=PALM(4326,1815) [filtered=82]
cnt=2 s0=PALM(243,2340) s1=PALM(4329,1823) [filtered=83]
cnt=2 s0=PALM(239,2346) s1=PALM(4333,1832) [filtered=84]
cnt=2 s0=PALM(236,2353) s1=PALM(4337,1841) [filtered=85]
cnt=2 s0=PALM(233,2359) s1=PALM(4340,1849) [filtered=86]
cnt=2 s0=PALM(230,2365) s1=PALM(4342,1857) [filtered=87]
cnt=2 s0=PALM(227,2370) s1=PALM(4344,1865) [filtered=88]
cnt=2 s0=PALM(225,2375) s1=PALM(4345,1872) [filtered=89]
cnt=2 s0=PALM(224,2380) s1=PALM(4345,1879) [filtered=90]
cnt=2 s0=PALM(223,2385) s1=PALM(4345,1885) [filtered=91]
cnt=2 s0=PALM(223,2390) s1=PALM(4345,1892) [filtered=92]
cnt=2 s0=PALM(223,2396) s1=PALM(4345,1899) [filtered=93]
cnt=2 s0=PALM(223,2401) s1=PALM(4345,1905) [filtered=94]
cnt=2 s0=PALM(223,2408) s1=PALM(4342,1912) [filtered=95]
cnt=2 s0=PALM(226,2416) s1=PALM(4340,1918) [filtered=96]
cnt=2 s0=PALM(229,2424) s1=PALM(4339,1923) [filtered=97]
cnt=2 s0=PALM(232,2433) s1=PALM(4337,1929) [filtered=98]
cnt=2 s0=PALM(236,2443) s1=PALM(4334,1936) [filtered=99]
cnt=2 s0=PALM(239,2453) s1=PALM(4332,1942) [filtered=100]
cnt=2 s0=PALM(243,2463) s1=PALM(4329,1949) [filtered=101]
cnt=2 s0=PALM(246,2472) s1=PALM(4327,1955) [filtered=102]
cnt=2 s0=PALM(251,2482) s1=PALM(4324,1961) [filtered=103]
cnt=2 s0=PALM(258,2492) s1=PALM(4320,1968) [filtered=104]
cnt=2 s0=PALM(265,2501) s1=PALM(4317,1974) [filtered=105]
cnt=2 s0=PALM(274,2509) s1=PALM(4312,1981) [filtered=106]
cnt=2 s0=PALM(284,2517) s1=PALM(4307,1988) [filtered=107]
cnt=2 s0=PALM(294,2524) s1=PALM(4303,1994) [filtered=108]
cnt=2 s0=PALM(306,2530) s1=PALM(4298,2001) [filtered=109]
cnt=2 s0=PALM(318,2536) s1=PALM(4294,2007) [filtered=110]
cnt=2 s0=PALM(332,2540) s1=PALM(4288,2012) [filtered=111]
cnt=2 s0=PALM(347,2543) s1=PALM(4282,2016) [filtered=112]
cnt=2 s0=PALM(362,2546) s1=PALM(4277,2020) [filtered=113]
cnt=2 s0=PALM(378,2548) s1=PALM(4270,2024) [filtered=114]
cnt=2 s0=PALM(393,2550) s1=PALM(4264,2028) [filtered=115]
cnt=2 s0=PALM(410,2551) s1=PALM(4258,2031) [filtered=116]
cnt=2 s0=PALM(428,2551) s1=PALM(4251,2033) [filtered=117]
cnt=2 s0=PALM(445,2551) s1=PALM(4245,2035) [filtered=118]
cnt=2 s0=PALM(464,2551) s1=PALM(4237,2036) [filtered=119]
cnt=2 s0=PALM(482,2551) s1=PALM(4230,2037) [filtered=120]
cnt=2 s0=PALM(503,2548) s1=PALM(4223,2037) [filtered=121]
cnt=2 s0=PALM(523,2545) s1=PALM(4216,2037) [filtered=122]
cnt=2 s0=PALM(544,2541) s1=PALM(4208,2034) [filtered=123]
cnt=2 s0=PALM(566,2537) s1=PALM(4197,2030) [filtered=124]
cnt=2 s0=PALM(587,2534) s1=PALM(4187,2027) [filtered=125]
cnt=2 s0=PALM(607,2529) s1=PALM(4177,2023) [filtered=126]
cnt=2 s0=PALM(627,2525) s1=PALM(4167,2020) [filtered=127]
cnt=2 s0=PALM(647,2520) s1=PALM(4157,2015) [filtered=128]
cnt=2 s0=PALM(667,2516) s1=PALM(4147,2011) [filtered=129]
cnt=2 s0=PALM(685,2510) s1=PALM(4137,2005) [filtered=130]
cnt=2 s0=PALM(703,2503) s1=PALM(4128,1998) [filtered=131]
cnt=2 s0=fng (721,2496) s1=PALM(4119,1991) [filtered=132]
cnt=2 s0=fng (737,2487) s1=PALM(4111,1983) [filtered=133]
cnt=2 s0=fng (753,2479) s1=PALM(4103,1976) [filtered=134]
cnt=2 s0=fng (767,2470) s1=PALM(4095,1967) [filtered=135]
cnt=2 s0=fng (781,2462) s1=PALM(4087,1959) [filtered=136]
cnt=2 s0=fng (793,2451) s1=PALM(4081,1951) [filtered=137]
cnt=2 s0=fng (805,2441) s1=PALM(4075,1943) [filtered=138]
cnt=2 s0=fng (815,2430) s1=PALM(4070,1935) [filtered=139]
cnt=2 s0=fng (825,2419) s1=PALM(4065,1927) [filtered=140]
cnt=2 s0=fng (833,2407) s1=PALM(4061,1919) [filtered=141]
cnt=2 s0=fng (841,2395) s1=PALM(4057,1911) [filtered=142]
cnt=2 s0=fng (846,2381) s1=PALM(4055,1902) [filtered=143]
cnt=2 s0=fng (848,2366) s1=PALM(4053,1893) [filtered=144]
cnt=2 s0=fng (850,2352) s1=PALM(4051,1884) [filtered=145]
cnt=2 s0=fng (850,2337) s1=PALM(4051,1875) [filtered=146]
cnt=2 s0=fng (850,2322) s1=PALM(4051,1866) [filtered=147]
cnt=2 s0=fng (845,2307) s1=PALM(4051,1858) [filtered=148]
cnt=2 s0=fng (840,2292) s1=PALM(4051,1850) [filtered=149]
cnt=2 s0=fng (833,2276) s1=PALM(4054,1843) [filtered=150]
cnt=2 s0=fng (826,2260) s1=PALM(4057,1836) [filtered=151]
cnt=2 s0=fng (817,2243) s1=PALM(4061,1830) [filtered=152]
cnt=2 s0=fng (806,2225) s1=PALM(4066,1824) [filtered=153]
cnt=2 s0=fng (795,2207) s1=PALM(4071,1818) [filtered=154]
cnt=2 s0=fng (782,2187) s1=PALM(4077,1813) [filtered=155]
cnt=2 s0=fng (768,2167) s1=PALM(4084,1809) [filtered=156]
cnt=2 s0=fng (754,2147) s1=PALM(4091,1805) [filtered=157]
cnt=2 s0=fng (739,2127) s1=PALM(4099,1801) [filtered=158]
cnt=2 s0=fng (724,2107) s1=PALM(4106,1797) [filtered=159]
cnt=2 s0=PALM(708,2087) s1=PALM(4114,1794) [filtered=160]
cnt=2 s0=PALM(693,2067) s1=PALM(4122,1792) [filtered=161]
cnt=2 s0=PALM(678,2047) s1=PALM(4129,1790) [filtered=162]
cnt=2 s0=PALM(663,2027) s1=PALM(4138,1788) [filtered=163]
cnt=2 s0=PALM(648,2009) s1=PALM(4147,1787) [filtered=164]
cnt=2 s0=PALM(634,1991) s1=PALM(4155,1786) [filtered=165]
cnt=2 s0=PALM(619,1975) s1=PALM(4163,1785) [filtered=166]
cnt=2 s0=PALM(604,1961) s1=PALM(4171,1785) [filtered=167]
cnt=2 s0=PALM(590,1947) s1=PALM(4178,1785) [filtered=168]
cnt=2 s0=PALM(575,1936) s1=PALM(4185,1785) [filtered=169]
cnt=2 s0=PALM(559,1928) s1=PALM(4193,1785) [filtered=170]
cnt=2 s0=PALM(559,1928) s1=PALM(4201,1785) [filtered=171]
cnt=1 s1=fng (4201,1785) [filtered=171]
cnt=1 s1=fng (4208,1785) [filtered=171]
cnt=1 s1=fng (4216,1785) [filtered=171]
cnt=1 s1=fng (4223,1785) [filtered=171]
cnt=1 s1=fng (4229,1785) [filtered=171]
cnt=1 s1=fng (4234,1785) [filtered=171]
cnt=1 s1=fng (4239,1785) [filtered=171]
cnt=1 s1=fng (4244,1785) [filtered=171]
cnt=1 s1=fng (4249,1785) [filtered=171]
cnt=1 s1=fng (4254,1785) [filtered=171]
cnt=1 s1=fng (4258,1785) [filtered=171]
cnt=1 s1=fng (4262,1785) [filtered=171]
cnt=1 s1=fng (4266,1785) [filtered=171]
cnt=1 s1=fng (4268,1785) [filtered=171]
cnt=1 s1=fng (4271,1785) [filtered=171]
cnt=1 s1=fng (4273,1785) [filtered=171]
cnt=1 s1=fng (4274,1785) [filtered=171]
cnt=1 s1=fng (4274,1785) [filtered=171]
cnt=1 s1=fng (4275,1785) [filtered=171]
cnt=1 s1=fng (4275,1785) [filtered=171]
cnt=1 s1=fng (4275,1785) [filtered=171]
cnt=1 s1=fng (4275,1785) [filtered=171]
cnt=1 s1=fng (4275,1785) [filtered=171]
cnt=1 s1=fng (4274,1785) [filtered=171]
cnt=1 s1=fng (4274,1785) [filtered=171]
cnt=1 s1=fng (4274,1785) [filtered=171]
cnt=1 s1=fng (4273,1785) [filtered=171]
cnt=1 s1=fng (4272,1785) [filtered=171]
cnt=1 s1=fng (4272,1785) [filtered=171]
cnt=1 s1=fng (4271,1785) [filtered=171]
cnt=1 s1=fng (4269,1785) [filtered=171]
cnt=1 s1=fng (4268,1785) [filtered=171]
cnt=2 s0=PALM(263,2313) s1=PALM(4267,1785)* [filtered=172]
cnt=2 s0=PALM(263,2313) s1=PALM(4267,1785)* [filtered=173]
cnt=2 s0=PALM(263,2313) s1=PALM(4266,1785)* [filtered=174]
cnt=2 s0=PALM(263,2313) s1=PALM(4264,1785)* [filtered=175]
cnt=2 s0=PALM(263,2313) s1=PALM(4263,1785)* [filtered=176]
cnt=2 s0=PALM(263,2313) s1=PALM(4262,1785)* [filtered=177]
cnt=2 s0=PALM(263,2313) s1=PALM(4261,1785)* [filtered=178]
cnt=2 s0=PALM(263,2313) s1=PALM(4260,1785)* [filtered=179]
cnt=2 s0=PALM(263,2313) s1=PALM(4258,1785)* [filtered=180]
cnt=2 s0=PALM(263,2313) s1=PALM(4257,1785)* [filtered=181]
cnt=2 s0=PALM(263,2313) s1=PALM(4255,1785)* [filtered=182]
cnt=2 s0=PALM(263,2313) s1=PALM(4252,1785)* [filtered=183]
cnt=2 s0=PALM(263,2313) s1=PALM(4251,1785)* [filtered=184]
cnt=2 s0=PALM(263,2313) s1=PALM(4249,1785)* [filtered=185]
cnt=2 s0=PALM(263,2313) s1=PALM(4246,1788) [filtered=186]
cnt=2 s0=PALM(263,2313) s1=PALM(4245,1791) [filtered=187]
cnt=2 s0=PALM(263,2313) s1=PALM(4243,1794) [filtered=188]
cnt=2 s0=PALM(263,2313) s1=PALM(4240,1797) [filtered=189]
cnt=2 s0=PALM(263,2313) s1=PALM(4238,1800) [filtered=190]
cnt=2 s0=PALM(263,2313) s1=PALM(4235,1803) [filtered=191]
cnt=2 s0=PALM(263,2313)* s1=PALM(4233,1806) [filtered=192]
cnt=2 s0=PALM(263,2313)* s1=PALM(4232,1809) [filtered=193]
cnt=2 s0=PALM(263,2313)* s1=PALM(4232,1809) [filtered=194]
cnt=2 s0=PALM(263,2313)* s1=PALM(4230,1810) [filtered=195]
cnt=2 s0=PALM(263,2313)* s1=PALM(4229,1811) [filtered=196]
cnt=2 s0=PALM(263,2313)* s1=PALM(4227,1812) [filtered=197]
cnt=2 s0=PALM(263,2313)* s1=PALM(4225,1813) [filtered=198]
cnt=2 s0=PALM(263,2313)* s1=PALM(4224,1813) [filtered=199]
cnt=2 s0=PALM(263,2313)* s1=PALM(4222,1814) [filtered=200]
cnt=2 s0=PALM(263,2313)* s1=PALM(4221,1814) [filtered=201]
cnt=2 s0=PALM(263,2313)* s1=PALM(4220,1814) [filtered=202]
cnt=2 s0=PALM(263,2313)* s1=PALM(4220,1814) [filtered=203]
cnt=2 s0=PALM(263,2313)* s1=PALM(4219,1815) [filtered=204]
cnt=2 s0=PALM(263,2313)* s1=PALM(4218,1815) [filtered=205]
cnt=2 s0=PALM(263,2313)* s1=PALM(4218,1815) [filtered=206]
cnt=2 s0=PALM(268,2312) s1=PALM(4217,1815) [filtered=207]
cnt=2 s0=PALM(275,2311) s1=PALM(4217,1815) [filtered=208]
cnt=2 s0=PALM(281,2310) s1=PALM(4217,1815) [filtered=209]
cnt=2 s0=PALM(287,2309) s1=PALM(4217,1815) [filtered=210]
cnt=2 s0=PALM(292,2308) s1=PALM(4217,1815) [filtered=211]
cnt=2 s0=PALM(298,2307) s1=PALM(4218,1815) [filtered=212]
cnt=2 s0=PALM(304,2305) s1=PALM(4219,1815)* [filtered=213]
cnt=2 s0=PALM(309,2304) s1=PALM(4219,1815)* [filtered=214]
cnt=2 s0=PALM(314,2302) s1=PALM(4220,1815)* [filtered=215]
cnt=2 s0=PALM(318,2301) s1=PALM(4220,1815)* [filtered=216]
cnt=2 s0=PALM(323,2299) s1=PALM(4222,1815)* [filtered=217]
cnt=2 s0=PALM(327,2298) s1=PALM(4223,1815)* [filtered=218]
cnt=2 s0=PALM(331,2295) s1=PALM(4225,1815)* [filtered=219]
cnt=2 s0=PALM(336,2292) s1=PALM(4228,1815)* [filtered=220]
cnt=2 s0=PALM(340,2290) s1=PALM(4229,1815)* [filtered=221]
cnt=2 s0=PALM(343,2287) s1=PALM(4232,1814) [filtered=222]
cnt=2 s0=PALM(346,2285) s1=PALM(4234,1814) [filtered=223]
cnt=2 s0=PALM(348,2282) s1=PALM(4237,1814) [filtered=224]
cnt=2 s0=PALM(350,2279) s1=PALM(4240,1813) [filtered=225]
cnt=2 s0=PALM(352,2277) s1=PALM(4243,1813) [filtered=226]
cnt=2 s0=PALM(354,2274) s1=PALM(4247,1812) [filtered=227]
cnt=2 s0=PALM(356,2272) s1=PALM(4250,1812) [filtered=228]
cnt=2 s0=PALM(357,2270) s1=PALM(4254,1811) [filtered=229]
cnt=2 s0=PALM(358,2267) s1=PALM(4259,1810) [filtered=230]
cnt=2 s0=PALM(359,2265) s1=PALM(4263,1810) [filtered=231]
cnt=2 s0=PALM(359,2263) s1=PALM(4268,1810) [filtered=232]
cnt=2 s0=PALM(359,2261) s1=PALM(4272,1810) [filtered=233]
cnt=2 s0=PALM(359,2259) s1=PALM(4276,1809) [filtered=234]
cnt=2 s0=PALM(359,2258) s1=PALM(4281,1809) [filtered=235]
cnt=2 s0=PALM(359,2257) s1=PALM(4285,1809) [filtered=236]
cnt=2 s0=PALM(359,2256) s1=PALM(4290,1809) [filtered=237]
cnt=2 s0=PALM(359,2254) s1=PALM(4295,1809) [filtered=238]
cnt=2 s0=PALM(359,2253) s1=PALM(4299,1809) [filtered=239]
cnt=2 s0=PALM(359,2252) s1=PALM(4304,1810) [filtered=240]
cnt=2 s0=PALM(359,2252) s1=PALM(4309,1811) [filtered=241]
cnt=2 s0=PALM(359,2252) s1=PALM(4313,1811) [filtered=242]
cnt=2 s0=PALM(359,2252) s1=PALM(4318,1812) [filtered=243]
cnt=2 s0=PALM(359,2252) s1=PALM(4322,1812) [filtered=244]
cnt=2 s0=PALM(359,2252) s1=PALM(4327,1813) [filtered=245]
cnt=2 s0=PALM(359,2252) s1=PALM(4331,1814) [filtered=246]
cnt=2 s0=PALM(359,2252) s1=PALM(4334,1815) [filtered=247]
cnt=2 s0=PALM(359,2253) s1=PALM(4337,1816) [filtered=248]
cnt=2 s0=PALM(359,2253) s1=PALM(4340,1816) [filtered=249]
cnt=2 s0=PALM(359,2254)* s1=PALM(4342,1817) [filtered=250]
cnt=2 s0=PALM(359,2256)* s1=PALM(4345,1819) [filtered=251]
cnt=2 s0=PALM(359,2257)* s1=PALM(4347,1820) [filtered=252]
cnt=2 s0=PALM(359,2259)* s1=PALM(4348,1821) [filtered=253]
cnt=2 s0=PALM(359,2263) s1=PALM(4349,1823) [filtered=254]
cnt=2 s0=PALM(359,2265) s1=PALM(4349,1824) [filtered=255]
cnt=2 s0=PALM(359,2268) s1=PALM(4350,1825) [filtered=256]
cnt=2 s0=PALM(359,2270) s1=PALM(4350,1826) [filtered=257]
cnt=2 s0=PALM(359,2275) s1=PALM(4350,1828) [filtered=258]
cnt=2 s0=PALM(359,2281) s1=PALM(4349,1830) [filtered=259]
cnt=2 s0=PALM(359,2287) s1=PALM(4349,1831) [filtered=260]
cnt=2 s0=PALM(359,2294) s1=PALM(4348,1833) [filtered=261]
cnt=2 s0=PALM(359,2300) s1=PALM(4348,1834) [filtered=262]
cnt=2 s0=PALM(359,2309) s1=PALM(4346,1837) [filtered=263]
cnt=2 s0=PALM(362,2319) s1=PALM(4342,1840) [filtered=264]
cnt=2 s0=PALM(364,2329) s1=PALM(4340,1843) [filtered=265]
cnt=2 s0=PALM(368,2340) s1=PALM(4336,1847) [filtered=266]
cnt=2 s0=PALM(371,2350) s1=PALM(4333,1850) [filtered=267]
cnt=2 s0=PALM(376,2363) s1=PALM(4328,1855) [filtered=268]
cnt=2 s0=PALM(380,2375) s1=PALM(4324,1859) [filtered=269]
cnt=2 s0=PALM(386,2387) s1=PALM(4317,1865) [filtered=270]
cnt=2 s0=PALM(391,2399) s1=PALM(4311,1870) [filtered=271]
cnt=2 s0=PALM(398,2412) s1=PALM(4303,1877) [filtered=272]
cnt=2 s0=PALM(404,2425) s1=PALM(4296,1883) [filtered=273]
cnt=2 s0=PALM(413,2437) s1=PALM(4286,1891) [filtered=274]
cnt=2 s0=PALM(422,2449) s1=PALM(4275,1899) [filtered=275]
cnt=2 s0=PALM(430,2461) s1=PALM(4265,1906) [filtered=276]
cnt=2 s0=PALM(440,2472) s1=PALM(4254,1914) [filtered=277]
cnt=2 s0=PALM(449,2483) s1=PALM(4244,1921) [filtered=278]
cnt=2 s0=PALM(459,2493) s1=PALM(4233,1927) [filtered=279]
cnt=2 s0=PALM(469,2503) s1=PALM(4222,1933) [filtered=280]
cnt=2 s0=PALM(480,2512) s1=PALM(4211,1939) [filtered=281]
cnt=2 s0=PALM(493,2520) s1=PALM(4198,1944) [filtered=282]
cnt=2 s0=PALM(505,2528) s1=PALM(4186,1949) [filtered=283]
cnt=2 s0=PALM(517,2536) s1=PALM(4174,1954) [filtered=284]
cnt=2 s0=PALM(529,2542) s1=PALM(4162,1958) [filtered=285]
cnt=2 s0=PALM(542,2547) s1=PALM(4150,1962) [filtered=286]
cnt=2 s0=PALM(555,2552) s1=PALM(4138,1966) [filtered=287]
cnt=2 s0=PALM(568,2557) s1=PALM(4126,1970) [filtered=288]
cnt=2 s0=PALM(581,2561) s1=PALM(4114,1973) [filtered=289]
cnt=2 s0=PALM(594,2563) s1=PALM(4102,1975) [filtered=290]
cnt=2 s0=PALM(607,2565) s1=PALM(4090,1977) [filtered=291]
cnt=2 s0=PALM(621,2566) s1=PALM(4078,1979) [filtered=292]
cnt=2 s0=PALM(635,2567) s1=PALM(4066,1981) [filtered=293]
cnt=2 s0=PALM(648,2567) s1=PALM(4054,1982) [filtered=294]
cnt=2 s0=PALM(661,2567) s1=fng (4042,1983) [filtered=295]
cnt=2 s0=PALM(673,2564) s1=fng (4031,1983) [filtered=296]
cnt=2 s0=PALM(685,2561) s1=fng (4020,1983) [filtered=297]
cnt=2 s0=PALM(695,2557) s1=fng (4010,1983) [filtered=298]
cnt=2 s0=PALM(705,2553) s1=fng (4000,1983) [filtered=299]
cnt=2 s0=fng (715,2548) s1=fng (3990,1980) [filtered=299]
cnt=2 s0=fng (725,2543) s1=fng (3980,1977) [filtered=299]
cnt=2 s0=fng (735,2536) s1=fng (3972,1974) [filtered=299]
cnt=2 s0=fng (745,2529) s1=fng (3964,1971) [filtered=299]
cnt=2 s0=fng (755,2521) s1=fng (3957,1968) [filtered=299]
cnt=2 s0=fng (765,2513) s1=fng (3950,1967) [filtered=299]
cnt=2 s0=fng (774,2504) s1=fng (3944,1965) [filtered=299]
cnt=2 s0=fng (782,2494) s1=fng (3940,1962) [filtered=299]
cnt=2 s0=fng (790,2484) s1=fng (3936,1961) [filtered=299]
cnt=2 s0=fng (797,2472) s1=fng (3933,1959) [filtered=299]
cnt=2 s0=fng (804,2461) s1=fng (3930,1958) [filtered=299]
cnt=2 s0=fng (810,2450) s1=fng (3928,1956) [filtered=299]
cnt=2 s0=fng (816,2439) s1=fng (3926,1955) [filtered=299]
cnt=2 s0=fng (820,2427) s1=fng (3926,1953) [filtered=299]
cnt=2 s0=fng (824,2415) s1=fng (3926,1952) [filtered=299]
cnt=2 s0=fng (827,2402) s1=fng (3929,1951) [filtered=299]
cnt=2 s0=fng (830,2390) s1=fng (3932,1950) [filtered=299]
cnt=2 s0=fng (831,2376) s1=fng (3936,1948) [filtered=299]
cnt=2 s0=fng (832,2363) s1=fng (3940,1947) [filtered=299]
cnt=2 s0=fng (832,2350) s1=fng (3945,1946) [filtered=299]
cnt=2 s0=fng (832,2337) s1=fng (3950,1945) [filtered=299]
cnt=2 s0=fng (827,2323) s1=fng (3956,1943) [filtered=299]
cnt=2 s0=fng (822,2309) s1=fng (3962,1942) [filtered=299]
cnt=2 s0=fng (815,2294) s1=fng (3969,1939) [filtered=299]
cnt=2 s0=fng (808,2279) s1=fng (3976,1937) [filtered=299]
cnt=2 s0=fng (799,2263) s1=fng (3985,1934) [filtered=299]
cnt=2 s0=fng (790,2247) s1=fng (3994,1932) [filtered=299]
cnt=2 s0=fng (779,2231) s1=fng (4004,1928) [filtered=299]
cnt=2 s0=fng (766,2215) s1=fng (4015,1923) [filtered=299]
cnt=2 s0=fng (753,2199) s1=fng (4026,1919) [filtered=299]
cnt=2 s0=fng (738,2182) s1=fng (4038,1914) [filtered=299]
cnt=2 s0=fng (723,2165) s1=PALM(4049,1910) [filtered=300]
cnt=2 s0=PALM(706,2149) s1=PALM(4061,1904) [filtered=301]
cnt=2 s0=PALM(689,2134) s1=PALM(4073,1898) [filtered=302]
cnt=2 s0=PALM(673,2119) s1=PALM(4085,1893) [filtered=303]
cnt=2 s0=PALM(655,2105) s1=PALM(4097,1887) [filtered=304]
cnt=2 s0=PALM(638,2091) s1=PALM(4108,1882) [filtered=305]
cnt=2 s0=PALM(622,2079) s1=PALM(4120,1877) [filtered=306]
cnt=2 s0=PALM(606,2067) s1=PALM(4132,1871) [filtered=307]
cnt=2 s0=PALM(590,2055) s1=PALM(4143,1866) [filtered=308]
cnt=2 s0=PALM(574,2044) s1=PALM(4153,1860) [filtered=309]
cnt=2 s0=PALM(559,2033) s1=PALM(4163,1855) [filtered=310]
cnt=2 s0=PALM(543,2023) s1=PALM(4172,1849) [filtered=311]
cnt=2 s0=PALM(527,2014) s1=PALM(4181,1842) [filtered=312]
cnt=2 s0=PALM(512,2005) s1=PALM(4190,1836) [filtered=313]
cnt=2 s0=PALM(496,1997) s1=PALM(4199,1830) [filtered=314]
cnt=2 s0=PALM(480,1990) s1=PALM(4208,1823) [filtered=315]
cnt=2 s0=PALM(465,1983) s1=PALM(4217,1817) [filtered=316]
cnt=2 s0=PALM(450,1977) s1=PALM(4225,1811) [filtered=317]
cnt=2 s0=PALM(435,1973) s1=PALM(4232,1804) [filtered=318]
cnt=2 s0=PALM(421,1969) s1=PALM(4238,1798) [filtered=319]
cnt=2 s0=PALM(408,1965) s1=PALM(4245,1793) [filtered=320]
cnt=2 s0=PALM(395,1961) s1=PALM(4251,1788) [filtered=321]
cnt=2 s0=PALM(383,1959) s1=PALM(4257,1783) [filtered=322]
cnt=2 s0=PALM(372,1958) s1=PALM(4263,1778) [filtered=323]
cnt=2 s0=PALM(362,1957) s1=PALM(4268,1773) [filtered=324]
cnt=2 s0=PALM(352,1957) s1=PALM(4272,1769) [filtered=325]
cnt=2 s0=PALM(343,1957) s1=PALM(4277,1765) [filtered=326]
cnt=2 s0=PALM(335,1957) s1=PALM(4281,1761) [filtered=327]
cnt=2 s0=PALM(327,1960) s1=PALM(4285,1758) [filtered=328]
cnt=2 s0=PALM(320,1963) s1=PALM(4290,1756) [filtered=329]
cnt=2 s0=PALM(314,1966) s1=PALM(4294,1754) [filtered=330]
cnt=2 s0=PALM(310,1970) s1=PALM(4297,1752) [filtered=331]
cnt=2 s0=PALM(306,1974) s1=PALM(4300,1750) [filtered=332]
cnt=2 s0=PALM(302,1977) s1=PALM(4302,1748) [filtered=333]
cnt=2 s0=PALM(300,1981) s1=PALM(4304,1745) [filtered=334]
cnt=2 s0=PALM(298,1985) s1=PALM(4306,1743) [filtered=335]
cnt=2 s0=PALM(296,1988) s1=PALM(4308,1742) [filtered=336]
cnt=2 s0=PALM(296,1991) s1=PALM(4309,1741) [filtered=337]
cnt=2 s0=PALM(296,1994) s1=PALM(4308,1740) [filtered=338]
cnt=2 s0=PALM(296,1997) s1=PALM(4308,1739) [filtered=339]
cnt=2 s0=PALM(296,2000) s1=PALM(4308,1738) [filtered=340]
cnt=2 s0=PALM(296,2000) s1=PALM(4308,1737) [filtered=341]
cnt=2 s0=PALM(296,2000) s1=PALM(4308,1736) [filtered=342]
cnt=2 s0=PALM(296,2000) s1=PALM(4308,1736) [filtered=343]
cnt=2 s0=PALM(296,2000) s1=PALM(4307,1736) [filtered=344]
cnt=2 s0=PALM(296,2000) s1=PALM(4307,1736) [filtered=345]
cnt=2 s0=PALM(296,2003) s1=PALM(4307,1736) [filtered=346]
cnt=2 s0=PALM(296,2006) s1=PALM(4306,1736) [filtered=347]
cnt=2 s0=PALM(296,2009) s1=PALM(4306,1736) [filtered=348]
cnt=2 s0=PALM(296,2012) s1=PALM(4305,1736) [filtered=349]
cnt=2 s0=PALM(296,2015) s1=PALM(4305,1736) [filtered=350]
cnt=2 s0=PALM(296,2018) s1=PALM(4304,1736) [filtered=351]
cnt=2 s0=PALM(296,2021) s1=PALM(4303,1736) [filtered=352]
cnt=2 s0=PALM(296,2024) s1=PALM(4303,1736) [filtered=353]
cnt=2 s0=PALM(296,2027) s1=PALM(4302,1736) [filtered=354]
cnt=2 s0=PALM(296,2030) s1=PALM(4302,1736)* [filtered=355]
cnt=2 s0=PALM(296,2033)* s1=PALM(4301,1736)* [filtered=356]
cnt=2 s0=PALM(296,2036)* s1=PALM(4301,1736)* [filtered=357]
cnt=2 s0=PALM(296,2039)* s1=PALM(4300,1736)* [filtered=358]
cnt=2 s0=PALM(296,2040)* s1=PALM(4300,1736)* [filtered=359]
cnt=2 s0=PALM(296,2042)* s1=PALM(4300,1736)* [filtered=360]
cnt=2 s0=PALM(296,2044)* s1=PALM(4299,1737)* [filtered=361]
cnt=2 s0=PALM(296,2045)* s1=PALM(4299,1737)* [filtered=362]
cnt=2 s0=PALM(296,2047)* s1=PALM(4299,1737)* [filtered=363]
cnt=2 s0=PALM(296,2048)* s1=PALM(4299,1737)* [filtered=364]
cnt=2 s0=PALM(296,2050)* s1=PALM(4298,1738)* [filtered=365]
cnt=2 s0=PALM(296,2052)* s1=PALM(4298,1739)* [filtered=366]
cnt=2 s0=PALM(296,2053)* s1=PALM(4298,1739)* [filtered=367]
cnt=2 s0=PALM(296,2055)* s1=PALM(4297,1739)* [filtered=368]
cnt=2 s0=PALM(296,2058)* s1=PALM(4296,1740)* [filtered=369]
cnt=2 s0=PALM(296,2059)* s1=PALM(4296,1740)* [filtered=370]
cnt=2 s0=PALM(296,2061)* s1=PALM(4296,1740)* [filtered=371]
cnt=2 s0=PALM(296,2064)* s1=PALM(4296,1741)* [filtered=372]
cnt=2 s0=PALM(296,2065)* s1=PALM(4296,1741)* [filtered=373]
cnt=2 s0=PALM(296,2067)* s1=PALM(4295,1742)* [filtered=374]
cnt=2 s0=PALM(296,2069)* s1=PALM(4295,1742)* [filtered=375]
cnt=2 s0=PALM(296,2070)* s1=PALM(4295,1742)* [filtered=376]
cnt=2 s0=PALM(296,2072)* s1=PALM(4294,1743)* [filtered=377]
cnt=2 s0=PALM(296,2074)* s1=PALM(4294,1743)* [filtered=378]
cnt=2 s0=PALM(296,2075)* s1=PALM(4294,1743)* [filtered=379]
cnt=2 s0=PALM(296,2077)* s1=PALM(4293,1744)* [filtered=380]
cnt=2 s0=PALM(296,2079)* s1=PALM(4293,1744)* [filtered=381]
cnt=2 s0=PALM(296,2080)* s1=PALM(4293,1744)* [filtered=382]
cnt=2 s0=PALM(296,2082)* s1=PALM(4292,1745)* [filtered=383]
cnt=2 s0=PALM(296,2084)* s1=PALM(4291,1746)* [filtered=384]
cnt=2 s0=PALM(296,2085)* s1=PALM(4291,1746)* [filtered=385]
cnt=2 s0=PALM(297,2087)* s1=PALM(4291,1746)* [filtered=386]
cnt=2 s0=PALM(296,2089)* s1=PALM(4290,1747)* [filtered=387]
cnt=2 s0=PALM(295,2090)* s1=PALM(4290,1747)* [filtered=388]
cnt=2 s0=PALM(294,2092)* s1=PALM(4290,1747)* [filtered=389]
cnt=2 s0=PALM(292,2095) s1=PALM(4290,1748)* [filtered=390]
cnt=2 s0=PALM(291,2096) s1=PALM(4290,1748)* [filtered=391]
cnt=2 s0=PALM(290,2098) s1=PALM(4290,1748)* [filtered=392]
cnt=2 s0=PALM(289,2101) s1=PALM(4290,1749)* [filtered=393]
cnt=2 s0=PALM(288,2102) s1=PALM(4290,1750)* [filtered=394]
cnt=2 s0=PALM(286,2104) s1=PALM(4290,1751)* [filtered=395]
cnt=2 s0=PALM(285,2105) s1=PALM(4290,1751)* [filtered=396]
cnt=2 s0=PALM(284,2107) s1=PALM(4290,1752)* [filtered=397]
cnt=2 s0=PALM(282,2110) s1=PALM(4290,1753)* [filtered=398]
cnt=2 s0=PALM(281,2111) s1=PALM(4290,1753)* [filtered=399]
cnt=2 s0=PALM(280,2113) s1=PALM(4290,1754)* [filtered=400]
cnt=2 s0=PALM(278,2115) s1=PALM(4290,1755)* [filtered=401]
cnt=2 s0=PALM(277,2116) s1=PALM(4290,1755)* [filtered=402]
cnt=2 s0=PALM(275,2118) s1=PALM(4290,1756)* [filtered=403]
cnt=2 s0=PALM(273,2121) s1=PALM(4290,1757)* [filtered=404]
cnt=2 s0=PALM(272,2122) s1=PALM(4290,1758)* [filtered=405]
cnt=2 s0=PALM(271,2124) s1=PALM(4290,1759)* [filtered=406]
cnt=2 s0=PALM(269,2127) s1=PALM(4290,1760)* [filtered=407]
cnt=2 s0=PALM(268,2128) s1=PALM(4290,1761)* [filtered=408]
cnt=2 s0=PALM(267,2130) s1=PALM(4290,1762)* [filtered=409]
cnt=2 s0=PALM(266,2131) s1=PALM(4290,1762)* [filtered=410]
cnt=2 s0=PALM(265,2133) s1=PALM(4290,1763)* [filtered=411]
cnt=2 s0=PALM(264,2135) s1=PALM(4290,1764)* [filtered=412]
cnt=2 s0=PALM(263,2136) s1=PALM(4290,1764)* [filtered=413]
cnt=2 s0=PALM(262,2138) s1=PALM(4290,1765)* [filtered=414]
cnt=2 s0=PALM(260,2140) s1=PALM(4290,1766)* [filtered=415]
cnt=2 s0=PALM(259,2141) s1=PALM(4290,1766)* [filtered=416]
cnt=2 s0=PALM(258,2142) s1=PALM(4290,1767)* [filtered=417]
cnt=2 s0=PALM(257,2144) s1=PALM(4290,1768)* [filtered=418]
cnt=2 s0=PALM(256,2145) s1=PALM(4290,1769)* [filtered=419]
cnt=2 s0=PALM(255,2146) s1=PALM(4290,1770)* [filtered=420]
cnt=2 s0=PALM(254,2147) s1=PALM(4290,1770)* [filtered=421]
cnt=2 s0=PALM(253,2148) s1=PALM(4290,1770)* [filtered=422]
cnt=2 s0=PALM(252,2149) s1=PALM(4291,1771)* [filtered=423]
cnt=2 s0=PALM(251,2150) s1=PALM(4291,1771)* [filtered=424]
cnt=2 s0=PALM(250,2151) s1=PALM(4291,1772)* [filtered=425]
cnt=2 s0=PALM(249,2153) s1=PALM(4291,1772)* [filtered=426]
cnt=2 s0=PALM(248,2154) s1=PALM(4291,1772)* [filtered=427]
cnt=2 s0=PALM(247,2155) s1=PALM(4292,1773)* [filtered=428]
cnt=2 s0=PALM(246,2155) s1=PALM(4292,1773)* [filtered=429]
cnt=2 s0=PALM(245,2156) s1=PALM(4293,1773)* [filtered=430]
cnt=2 s0=PALM(244,2157) s1=PALM(4293,1774)* [filtered=431]
cnt=2 s0=PALM(244,2157) s1=PALM(4293,1774)* [filtered=432]
cnt=2 s0=PALM(244,2157) s1=PALM(4293,1774)* [filtered=433]
cnt=2 s0=PALM(244,2157) s1=PALM(4293,1774)* [filtered=434]
cnt=2 s0=PALM(244,2157)* s1=PALM(4293,1774)* [filtered=435]
cnt=2 s0=PALM(244,2157)* s1=PALM(4293,1774)* [filtered=436]
cnt=2 s0=PALM(244,2157)* s1=PALM(4294,1774)* [filtered=437]
cnt=2 s0=PALM(244,2157)* s1=PALM(4294,1774)* [filtered=438]
cnt=2 s0=PALM(244,2157)* s1=PALM(4294,1774)* [filtered=439]
cnt=2 s0=PALM(245,2156)* s1=PALM(4294,1774)* [filtered=440]
cnt=2 s0=PALM(246,2155)* s1=PALM(4295,1774)* [filtered=441]
cnt=2 s0=PALM(247,2155)* s1=PALM(4295,1774)* [filtered=442]
cnt=2 s0=PALM(248,2154)* s1=PALM(4295,1774)* [filtered=443]
cnt=2 s0=PALM(251,2152) s1=PALM(4295,1774)* [filtered=444]
cnt=2 s0=PALM(252,2151) s1=PALM(4295,1774)* [filtered=445]
cnt=2 s0=PALM(255,2149) s1=PALM(4295,1774)* [filtered=446]
cnt=2 s0=PALM(258,2146) s1=PALM(4295,1774)* [filtered=447]
cnt=2 s0=PALM(260,2144) s1=PALM(4295,1774)* [filtered=448]
cnt=2 s0=PALM(264,2142) s1=PALM(4295,1774)* [filtered=449]
cnt=2 s0=PALM(267,2140) s1=PALM(4295,1774)* [filtered=450]
cnt=2 s0=PALM(269,2138) s1=PALM(4295,1774)* [filtered=451]
cnt=2 s0=PALM(273,2135) s1=PALM(4295,1774)* [filtered=452]
cnt=2 s0=PALM(276,2133) s1=PALM(4295,1774)* [filtered=453]
cnt=2 s0=PALM(280,2131) s1=PALM(4295,1774)* [filtered=454]
cnt=2 s0=PALM(285,2128) s1=PALM(4295,1774)* [filtered=455]
cnt=2 s0=PALM(289,2126) s1=PALM(4295,1774)* [filtered=456]
cnt=2 s0=PALM(293,2123) s1=PALM(4295,1774)* [filtered=457]
cnt=2 s0=PALM(297,2121) s1=PALM(4295,1774)* [filtered=458]
cnt=2 s0=PALM(301,2119) s1=PALM(4295,1774)* [filtered=459]
cnt=2 s0=PALM(305,2116) s1=PALM(4295,1774)* [filtered=460]
cnt=2 s0=PALM(309,2114) s1=PALM(4295,1774)* [filtered=461]
cnt=2 s0=PALM(313,2112) s1=PALM(4294,1774)* [filtered=462]
cnt=2 s0=PALM(317,2110) s1=PALM(4294,1774)* [filtered=463]
cnt=2 s0=PALM(321,2108) s1=PALM(4294,1774)* [filtered=464]
cnt=2 s0=PALM(325,2106) s1=PALM(4294,1774)* [filtered=465]
cnt=2 s0=PALM(329,2104) s1=PALM(4293,1774)* [filtered=466]
cnt=2 s0=PALM(333,2102) s1=PALM(4293,1774)* [filtered=467]
cnt=2 s0=PALM(336,2100) s1=PALM(4293,1774)* [filtered=468]
cnt=2 s0=PALM(339,2098) s1=PALM(4293,1774)* [filtered=469]
cnt=2 s0=PALM(342,2096) s1=PALM(4292,1774)* [filtered=470]
cnt=2 s0=PALM(345,2094) s1=PALM(4292,1774)* [filtered=471]
cnt=2 s0=PALM(348,2092) s1=PALM(4291,1774)* [filtered=472]
cnt=2 s0=PALM(351,2090) s1=PALM(4291,1774)* [filtered=473]
cnt=2 s0=PALM(353,2088) s1=PALM(4291,1774)* [filtered=474]
cnt=2 s0=PALM(355,2087) s1=PALM(4290,1774)* [filtered=475]
cnt=2 s0=PALM(357,2086) s1=PALM(4290,1774)* [filtered=476]
cnt=2 s0=PALM(359,2085) s1=PALM(4290,1774)* [filtered=477]
cnt=2 s0=PALM(361,2084) s1=PALM(4290,1774)* [filtered=478]
cnt=2 s0=PALM(363,2083) s1=PALM(4289,1774)* [filtered=479]
cnt=2 s0=PALM(365,2082) s1=PALM(4289,1774)* [filtered=480]
cnt=2 s0=PALM(367,2081) s1=PALM(4289,1774)* [filtered=481]
cnt=2 s0=PALM(369,2080) s1=PALM(4289,1774)* [filtered=482]
cnt=2 s0=PALM(371,2079) s1=PALM(4288,1774)* [filtered=483]
cnt=2 s0=PALM(373,2078) s1=PALM(4288,1774)* [filtered=484]
cnt=2 s0=PALM(375,2079) s1=PALM(4287,1774)* [filtered=485]
cnt=2 s0=PALM(377,2079) s1=PALM(4287,1774)* [filtered=486]
cnt=2 s0=PALM(379,2078) s1=PALM(4287,1774)* [filtered=487]
cnt=2 s0=PALM(381,2078) s1=PALM(4287,1774)* [filtered=488]
cnt=2 s0=PALM(382,2077) s1=PALM(4286,1774)* [filtered=489]
cnt=2 s0=PALM(383,2076) s1=PALM(4286,1774)* [filtered=490]
cnt=2 s0=PALM(384,2075) s1=PALM(4286,1774)* [filtered=491]
cnt=2 s0=PALM(385,2074) s1=PALM(4286,1774)* [filtered=492]
cnt=2 s0=PALM(385,2073) s1=PALM(4285,1774)* [filtered=493]
cnt=2 s0=PALM(385,2073)* s1=PALM(4285,1774)* [filtered=494]
cnt=2 s0=PALM(385,2072)* s1=PALM(4284,1774)* [filtered=495]
cnt=2 s0=PALM(385,2072)* s1=PALM(4284,1774)* [filtered=496]
cnt=2 s0=PALM(385,2071)* s1=PALM(4283,1774)* [filtered=497]
cnt=2 s0=PALM(385,2071)* s1=PALM(4283,1774)* [filtered=498]
cnt=2 s0=PALM(385,2071)* s1=PALM(4283,1774)* [filtered=499]
cnt=2 s0=PALM(385,2070)* s1=PALM(4282,1774)* [filtered=500]
cnt=2 s0=PALM(385,2070)* s1=PALM(4282,1774)* [filtered=501]
cnt=2 s0=PALM(385,2070)* s1=PALM(4281,1774)* [filtered=502]
cnt=2 s0=PALM(385,2070)* s1=PALM(4281,1774)* [filtered=503]
cnt=2 s0=PALM(385,2069)* s1=PALM(4280,1774)* [filtered=504]
cnt=2 s0=PALM(385,2069)* s1=PALM(4280,1774)* [filtered=505]
cnt=2 s0=PALM(385,2068)* s1=PALM(4279,1774)* [filtered=506]
cnt=2 s0=PALM(385,2068)* s1=PALM(4279,1774)* [filtered=507]
cnt=2 s0=PALM(385,2068)* s1=PALM(4278,1774)* [filtered=508]
cnt=2 s0=PALM(385,2068)* s1=PALM(4278,1774)* [filtered=509]
cnt=2 s0=PALM(385,2068)* s1=PALM(4278,1774)* [filtered=510]
cnt=2 s0=PALM(385,2067)* s1=PALM(4277,1774)* [filtered=511]
cnt=2 s0=PALM(385,2067)* s1=PALM(4277,1774)* [filtered=512]
cnt=2 s0=PALM(385,2067)* s1=PALM(4276,1774)* [filtered=513]
cnt=2 s0=PALM(385,2067)* s1=PALM(4276,1774)* [filtered=514]
cnt=2 s0=PALM(384,2066)* s1=PALM(4275,1774)* [filtered=515]
cnt=2 s0=PALM(384,2066)* s1=PALM(4274,1774)* [filtered=516]
cnt=2 s0=PALM(385,2066)* s1=PALM(4273,1774)* [filtered=517]
cnt=2 s0=PALM(385,2066)* s1=PALM(4273,1774)* [filtered=518]
cnt=2 s0=PALM(386,2065)* s1=PALM(4272,1774)* [filtered=519]
cnt=2 s0=PALM(386,2065)* s1=PALM(4272,1774)* [filtered=520]
cnt=2 s0=PALM(386,2065)* s1=PALM(4272,1774)* [filtered=521]
cnt=2 s0=PALM(387,2064)* s1=PALM(4271,1774)* [filtered=522]
cnt=2 s0=PALM(387,2064)* s1=PALM(4271,1774)* [filtered=523]
cnt=2 s0=PALM(388,2064)* s1=PALM(4270,1774)* [filtered=524]
cnt=2 s0=PALM(388,2064)* s1=PALM(4270,1774)* [filtered=525]
cnt=2 s0=PALM(389,2063)* s1=PALM(4269,1775)* [filtered=526]
cnt=2 s0=PALM(390,2063)* s1=PALM(4269,1775)* [filtered=527]
cnt=2 s0=PALM(391,2063)* s1=PALM(4268,1776)* [filtered=528]
click: x=2381 -> zone=0x112
cnt=2 s0=PALM(391,2063)* s1=PALM(4267,1776)* [filtered=529]
cnt=2 s0=PALM(392,2063)* s1=PALM(4266,1776)* [filtered=530]
cnt=2 s0=PALM(392,2063)* s1=PALM(4265,1776)* [filtered=531]
cnt=2 s0=PALM(393,2063)* s1=PALM(4264,1777)* [filtered=532]
cnt=2 s0=PALM(393,2063)* s1=PALM(4263,1777)* [filtered=533]
cnt=2 s0=PALM(393,2063)* s1=PALM(4263,1777)* [filtered=534]
cnt=2 s0=PALM(394,2063)* s1=PALM(4262,1777)* [filtered=535]
cnt=2 s0=PALM(394,2063)* s1=PALM(4261,1777)* [filtered=536]
cnt=2 s0=PALM(394,2063)* s1=PALM(4260,1777)* [filtered=537]
cnt=2 s0=PALM(394,2063)* s1=PALM(4259,1777)* [filtered=538]
cnt=2 s0=PALM(394,2063)* s1=PALM(4257,1777)* [filtered=539]
cnt=2 s0=PALM(394,2063)* s1=PALM(4256,1777)* [filtered=540]
cnt=2 s0=PALM(394,2063)* s1=PALM(4256,1777)* [filtered=541]
cnt=2 s0=PALM(394,2064)* s1=PALM(4255,1777)* [filtered=542]
cnt=2 s0=PALM(394,2064)* s1=PALM(4254,1777)* [filtered=543]
cnt=2 s0=PALM(394,2064)* s1=PALM(4253,1777)* [filtered=544]
cnt=2 s0=PALM(394,2064)* s1=PALM(4252,1777)* [filtered=545]
cnt=2 s0=PALM(394,2065)* s1=PALM(4251,1777)* [filtered=546]
cnt=2 s0=PALM(394,2066)* s1=PALM(4250,1777)* [filtered=547]
cnt=2 s0=PALM(394,2066)* s1=PALM(4250,1777)* [filtered=548]
cnt=2 s0=PALM(394,2067)* s1=PALM(4248,1777)* [filtered=549]
cnt=2 s0=PALM(394,2067)* s1=PALM(4247,1777)* [filtered=550]
cnt=2 s0=PALM(393,2068)* s1=PALM(4246,1777)* [filtered=551]
cnt=2 s0=PALM(393,2069)* s1=PALM(4245,1777)* [filtered=552]
cnt=2 s0=PALM(393,2069)* s1=PALM(4245,1777)* [filtered=553]
cnt=2 s0=PALM(392,2070)* s1=PALM(4244,1777)* [filtered=554]
cnt=2 s0=PALM(392,2071)* s1=PALM(4243,1777)* [filtered=555]
cnt=2 s0=PALM(391,2073)* s1=PALM(4242,1777)* [filtered=556]
cnt=2 s0=PALM(390,2074)* s1=PALM(4242,1777)* [filtered=557]
cnt=2 s0=PALM(389,2075)* s1=PALM(4241,1777)* [filtered=558]
cnt=2 s0=PALM(388,2076)* s1=PALM(4241,1777)* [filtered=559]
cnt=2 s0=PALM(386,2078) s1=PALM(4240,1776)* [filtered=560]
cnt=2 s0=PALM(385,2079) s1=PALM(4240,1776)* [filtered=561]
cnt=2 s0=PALM(384,2079) s1=PALM(4240,1776)* [filtered=562]
cnt=2 s0=PALM(381,2081) s1=PALM(4240,1775)* [filtered=563]
cnt=2 s0=PALM(379,2082) s1=PALM(4240,1775)* [filtered=564]
cnt=2 s0=PALM(377,2084) s1=PALM(4240,1774)* [filtered=565]
cnt=2 s0=PALM(375,2085) s1=PALM(4240,1774)* [filtered=566]
cnt=2 s0=PALM(372,2086) s1=PALM(4241,1773)* [filtered=567]
cnt=2 s0=PALM(370,2087) s1=PALM(4241,1773)* [filtered=568]
cnt=2 s0=PALM(366,2088) s1=PALM(4242,1772)* [filtered=569]
cnt=2 s0=PALM(363,2089) s1=PALM(4243,1772)* [filtered=570]
cnt=2 s0=PALM(358,2090) s1=PALM(4244,1771)* [filtered=571]
cnt=2 s0=PALM(354,2091) s1=PALM(4245,1770)* [filtered=572]
cnt=2 s0=PALM(350,2093) s1=PALM(4247,1768) [filtered=573]
cnt=2 s0=PALM(346,2094) s1=PALM(4248,1767) [filtered=574]
cnt=2 s0=PALM(341,2096) s1=PALM(4251,1766) [filtered=575]
cnt=2 s0=PALM(334,2098) s1=PALM(4255,1765) [filtered=576]
cnt=2 s0=PALM(327,2101) s1=PALM(4261,1764) [filtered=577]
cnt=2 s0=PALM(320,2103) s1=PALM(4266,1764) [filtered=578]
cnt=2 s0=PALM(313,2106) s1=PALM(4272,1763) [filtered=579]
cnt=2 s0=PALM(306,2109) s1=PALM(4279,1762) [filtered=580]
cnt=2 s0=PALM(299,2111) s1=PALM(4286,1762) [filtered=581]
cnt=2 s0=PALM(292,2114) s1=PALM(4295,1760) [filtered=582]
cnt=2 s0=PALM(285,2117) s1=PALM(4304,1757) [filtered=583]
cnt=2 s0=PALM(277,2120) s1=PALM(4304,1757) [filtered=584]
cnt=1 s0=fng (277,2120) [filtered=584]
cnt=1 s0=fng (269,2123) [filtered=584]
cnt=1 s0=fng (262,2124) [filtered=584]
cnt=1 s0=fng (253,2126) [filtered=584]
cnt=1 s0=fng (244,2127) [filtered=584]
cnt=1 s0=fng (236,2128) [filtered=584]
cnt=1 s0=fng (229,2128) [filtered=584]
cnt=1 s0=fng (222,2127) [filtered=584]
cnt=1 s0=fng (216,2126) [filtered=584]
cnt=1 s0=fng (210,2124) [filtered=584]
cnt=1 s0=fng (210,2124) [filtered=584]
cnt=1 s0=fng (4625,1603) [filtered=584]
cnt=1 s0=fng (4623,1602) [filtered=584]
cnt=1 s0=fng (4620,1601) [filtered=584]
cnt=1 s0=fng (4617,1600) [filtered=584]
cnt=1 s0=fng (4616,1600) [filtered=584]
cnt=1 s0=fng (4614,1600) [filtered=584]
cnt=1 s0=fng (4611,1599) [filtered=584]
cnt=1 s0=fng (4609,1599) [filtered=584]
cnt=1 s0=fng (4607,1598) [filtered=584]
cnt=1 s0=fng (4607,1598) [filtered=584]
cnt=1 s0=fng (4606,1597) [filtered=584]
cnt=1 s0=fng (4606,1597) [filtered=584]
cnt=1 s0=fng (4606,1597) [filtered=584]
cnt=1 s0=fng (4606,1597) [filtered=584]
cnt=1 s0=fng (4606,1597) [filtered=584]
cnt=1 s0=fng (4606,1597) [filtered=584]
cnt=1 s0=fng (4606,1597) [filtered=584]
cnt=1 s0=fng (4606,1597) [filtered=584]
cnt=1 s0=fng (4606,1597) [filtered=584]
cnt=1 s0=fng (4606,1597) [filtered=584]
cnt=1 s0=fng (4606,1597) [filtered=584]
cnt=1 s0=fng (4606,1597) [filtered=584]
cnt=1 s0=fng (4606,1597) [filtered=584]
cnt=1 s0=fng (4606,1597) [filtered=584]
cnt=1 s0=fng (4606,1596) [filtered=584]
cnt=1 s0=fng (4606,1596) [filtered=584]
cnt=1 s0=fng (4605,1595)* [filtered=584]
cnt=1 s0=fng (4604,1594)* [filtered=584]
cnt=1 s0=fng (4603,1593)* [filtered=584]
cnt=1 s0=fng (4601,1592)* [filtered=584]
cnt=1 s0=fng (4600,1591)* [filtered=584]
cnt=1 s0=fng (4598,1590)* [filtered=584]
cnt=1 s0=fng (4597,1590)* [filtered=584]
cnt=1 s0=fng (4597,1589)* [filtered=584]
cnt=1 s0=fng (4597,1588)* [filtered=584]
cnt=1 s0=fng (4597,1588)* [filtered=584]
cnt=1 s0=fng (4597,1588)* [filtered=584]
cnt=1 s0=fng (4597,1588)* [filtered=584]
cnt=1 s0=fng (4598,1588)* [filtered=584]
cnt=1 s0=fng (4599,1588)* [filtered=584]
cnt=1 s0=fng (4599,1589)* [filtered=584]
cnt=1 s0=fng (4600,1590)* [filtered=584]
cnt=1 s0=fng (4600,1590)* [filtered=584]
cnt=1 s0=fng (4602,1591)* [filtered=584]
cnt=1 s0=fng (4604,1592)* [filtered=584]
cnt=1 s0=fng (4605,1594)* [filtered=584]
cnt=1 s0=fng (4606,1595)* [filtered=584]
cnt=1 s0=fng (4607,1596)* [filtered=584]
cnt=1 s0=fng (4608,1596)* [filtered=584]
cnt=1 s0=fng (4609,1596)* [filtered=584]
cnt=1 s0=fng (4610,1596)* [filtered=584]
cnt=1 s0=fng (4610,1596)* [filtered=584]
cnt=1 s0=fng (4610,1596)* [filtered=584]
cnt=1 s0=fng (4610,1596)* [filtered=584]
cnt=1 s0=fng (4609,1596)* [filtered=584]
cnt=1 s0=fng (4608,1596)* [filtered=584]
cnt=1 s0=fng (4608,1596)* [filtered=584]
cnt=1 s0=fng (4608,1596)* [filtered=584]
cnt=1 s0=fng (4608,1596)* [filtered=584]
cnt=1 s0=fng (4608,1597)* [filtered=584]
cnt=1 s0=fng (4609,1599)* [filtered=584]
cnt=1 s0=fng (4609,1600)* [filtered=584]
cnt=1 s0=fng (4610,1602)* [filtered=584]
cnt=1 s0=fng (4612,1606) [filtered=584]
cnt=1 s0=fng (4615,1611) [filtered=584]
cnt=1 s0=fng (4620,1618) [filtered=584]
cnt=1 s0=fng (4623,1625) [filtered=584]
cnt=1 s0=fng (4628,1633) [filtered=584]
cnt=1 s0=fng (4633,1642) [filtered=584]
cnt=1 s0=fng (4638,1651) [filtered=584]
cnt=1 s0=fng (4644,1659) [filtered=584]
cnt=1 s0=fng (4648,1666) [filtered=584]
cnt=1 s0=fng (4639,1656) [filtered=584]
cnt=1 s0=fng (4639,1655) [filtered=584]
cnt=1 s0=fng (4639,1654) [filtered=584]
cnt=1 s0=fng (4639,1654) [filtered=584]
cnt=1 s0=fng (4639,1653) [filtered=584]
cnt=1 s0=fng (4639,1653) [filtered=584]
cnt=1 s0=fng (4639,1652) [filtered=584]
cnt=1 s0=fng (4634,1675) [filtered=584]
cnt=1 s0=fng (4634,1675) [filtered=584]
cnt=1 s0=fng (4634,1674) [filtered=584]
cnt=1 s0=fng (4634,1672) [filtered=584]
cnt=1 s0=fng (4634,1671) [filtered=584]
cnt=1 s0=fng (4634,1670) [filtered=584]
cnt=1 s0=fng (4634,1669) [filtered=584]
cnt=1 s0=fng (4634,1669) [filtered=584]
cnt=1 s0=fng (4634,1669) [filtered=584]
cnt=1 s0=fng (4634,1669) [filtered=584]
cnt=1 s0=fng (4634,1670) [filtered=584]
cnt=1 s0=fng (4634,1670) [filtered=584]
cnt=1 s0=fng (4634,1671) [filtered=584]
cnt=1 s0=fng (4634,1671) [filtered=584]
cnt=1 s0=fng (4641,1660) [filtered=584]
cnt=1 s0=fng (4641,1659) [filtered=584]
cnt=1 s0=fng (4641,1659) [filtered=584]
cnt=1 s0=fng (4641,1658) [filtered=584]
cnt=1 s0=fng (4641,1657) [filtered=584]
cnt=1 s0=fng (4641,1656) [filtered=584]
cnt=1 s0=fng (4641,1655) [filtered=584]
cnt=1 s0=fng (4641,1655) [filtered=584]
cnt=1 s0=fng (4641,1655) [filtered=584]
cnt=1 s0=fng (4642,1655) [filtered=584]
cnt=1 s0=fng (4643,1655) [filtered=584]
cnt=1 s0=fng (4644,1656) [filtered=584]
cnt=1 s0=fng (4644,1656) [filtered=584]
cnt=1 s0=fng (4645,1656) [filtered=584]
cnt=1 s0=fng (4646,1657) [filtered=584]
cnt=1 s0=fng (4647,1658) [filtered=584]
cnt=1 s0=fng (4648,1659) [filtered=584]
cnt=1 s0=fng (4649,1660) [filtered=584]
cnt=1 s0=fng (4705,1725) [filtered=584]
cnt=1 s0=fng (4705,1725) [filtered=584]
cnt=1 s0=fng (4705,1725) [filtered=584]
cnt=1 s0=fng (4705,1725) [filtered=584]
cnt=1 s0=fng (4705,1725) [filtered=584]
cnt=1 s0=fng (4705,1725) [filtered=584]
cnt=1 s0=fng (4705,1725) [filtered=584]
cnt=1 s0=fng (4705,1725) [filtered=584]
cnt=1 s0=fng (4705,1725) [filtered=584]
cnt=1 s0=fng (4705,1724) [filtered=584]
cnt=1 s0=fng (4705,1724) [filtered=584]
cnt=1 s0=fng (4705,1724) [filtered=584]
cnt=1 s0=fng (4705,1723) [filtered=584]
cnt=1 s0=fng (4704,1722) [filtered=584]
cnt=1 s0=fng (4703,1720) [filtered=584]
cnt=1 s0=fng (4703,1719) [filtered=584]
cnt=1 s0=fng (4702,1717) [filtered=584]
cnt=1 s0=fng (4701,1715) [filtered=584]
cnt=1 s0=fng (4700,1713) [filtered=584]
cnt=1 s0=fng (4699,1712) [filtered=584]
cnt=1 s0=fng (4699,1711)* [filtered=584]
cnt=1 s0=fng (4699,1710)* [filtered=584]
cnt=1 s0=fng (4699,1710)* [filtered=584]
cnt=1 s0=fng (4699,1709)* [filtered=584]
cnt=1 s0=fng (4699,1708)* [filtered=584]
cnt=1 s0=fng (4699,1708)* [filtered=584]
cnt=1 s0=fng (4699,1708)* [filtered=584]
cnt=1 s0=fng (4699,1708)* [filtered=584]
cnt=1 s0=fng (4699,1708)* [filtered=584]
cnt=1 s0=fng (4699,1708)* [filtered=584]
cnt=1 s0=fng (4699,1708)* [filtered=584]
cnt=1 s0=fng (4699,1708)* [filtered=584]
cnt=1 s0=fng (4699,1708)* [filtered=584]
cnt=1 s0=fng (4699,1709)* [filtered=584]
cnt=1 s0=fng (4699,1709)* [filtered=584]
cnt=1 s0=fng (4699,1709)* [filtered=584]
cnt=1 s0=fng (4699,1710)* [filtered=584]
cnt=1 s0=fng (4699,1710)* [filtered=584]
cnt=1 s0=fng (4699,1710)* [filtered=584]
cnt=1 s0=fng (4699,1710)* [filtered=584]
cnt=1 s0=fng (4699,1709)* [filtered=584]
cnt=1 s0=fng (4699,1708)* [filtered=584]
cnt=1 s0=fng (4698,1706)* [filtered=584]
cnt=1 s0=fng (4697,1704)* [filtered=584]
cnt=1 s0=fng (4697,1703)* [filtered=584]
cnt=1 s0=fng (4696,1701)* [filtered=584]
cnt=1 s0=fng (4695,1697) [filtered=584]
cnt=1 s0=fng (4692,1693) [filtered=584]
cnt=1 s0=fng (4689,1687) [filtered=584]
cnt=1 s0=fng (4687,1683) [filtered=584]
cnt=1 s0=fng (4682,1677) [filtered=584]
cnt=1 s0=fng (4676,1670) [filtered=584]
cnt=1 s0=fng (4669,1663) [filtered=584]
cnt=1 s0=fng (4663,1657) [filtered=584]
cnt=1 s0=fng (4656,1650) [filtered=584]
cnt=1 s0=fng (4649,1644) [filtered=584]
cnt=1 s0=fng (4642,1639) [filtered=584]
cnt=1 s0=fng (4634,1634) [filtered=584]
cnt=1 s0=fng (4626,1630) [filtered=584]
cnt=1 s0=fng (4618,1625) [filtered=584]
cnt=1 s0=fng (4609,1620) [filtered=584]
cnt=1 s0=fng (4601,1616) [filtered=584]
cnt=1 s0=fng (4594,1612) [filtered=584]
cnt=1 s0=fng (4588,1609) [filtered=584]
cnt=1 s0=fng (4583,1606) [filtered=584]
cnt=1 s0=fng (4577,1603) [filtered=584]
cnt=1 s0=fng (4571,1600) [filtered=584]
cnt=1 s0=fng (4566,1598) [filtered=584]
cnt=1 s0=fng (4561,1597) [filtered=584]
cnt=1 s0=fng (4557,1596) [filtered=584]
cnt=1 s0=fng (4552,1594) [filtered=584]
cnt=1 s0=fng (4547,1592) [filtered=584]
cnt=1 s0=fng (4543,1591) [filtered=584]
cnt=1 s0=fng (4540,1590) [filtered=584]
cnt=1 s0=fng (4538,1589) [filtered=584]
cnt=1 s0=fng (4535,1588) [filtered=584]
cnt=1 s0=fng (4532,1588) [filtered=584]
cnt=1 s0=fng (4530,1588) [filtered=584]
cnt=1 s0=fng (4528,1587) [filtered=584]
cnt=1 s0=fng (4527,1587) [filtered=584]
cnt=1 s0=fng (4525,1587) [filtered=584]
cnt=1 s0=fng (4523,1587) [filtered=584]
cnt=1 s0=fng (4522,1587) [filtered=584]
cnt=1 s0=fng (4521,1587) [filtered=584]
cnt=1 s0=fng (4520,1588) [filtered=584]
cnt=1 s0=fng (4521,1589) [filtered=584]
cnt=1 s0=fng (4521,1589) [filtered=584]
cnt=1 s0=fng (4522,1590) [filtered=584]
cnt=1 s0=fng (4524,1592) [filtered=584]
cnt=1 s0=fng (4527,1596) [filtered=584]
cnt=1 s0=fng (4532,1601) [filtered=584]
cnt=1 s0=fng (4535,1604) [filtered=584]
cnt=1 s0=fng (4540,1609) [filtered=584]
cnt=1 s0=fng (4545,1615) [filtered=584]
cnt=1 s0=fng (4551,1624) [filtered=584]
cnt=1 s0=fng (4558,1634) [filtered=584]
cnt=1 s0=fng (4564,1644) [filtered=584]
cnt=1 s0=fng (4570,1655) [filtered=584]
cnt=1 s0=fng (4576,1667) [filtered=584]
cnt=1 s0=fng (4582,1680) [filtered=584]
cnt=1 s0=fng (4588,1693) [filtered=584]
cnt=1 s0=fng (4594,1706) [filtered=584]
cnt=1 s0=fng (4600,1719) [filtered=584]
cnt=1 s0=fng (4608,1731) [filtered=584]
cnt=1 s0=fng (4608,1731) [filtered=584]
cnt=1 s0=fng (4730,1887) [filtered=584]
cnt=1 s0=fng (4730,1887) [filtered=584]
cnt=1 s0=fng (967,33) [filtered=584]
cnt=1 s0=fng (967,33) [filtered=584]
cnt=1 s0=fng (967,33) [filtered=584]
cnt=1 s0=fng (967,33) [filtered=584]
cnt=1 s0=fng (967,33) [filtered=584]
cnt=1 s0=fng (967,33) [filtered=584]
cnt=1 s0=fng (967,33) [filtered=584]
cnt=1 s0=fng (967,33) [filtered=584]
cnt=1 s0=fng (967,33) [filtered=584]
cnt=1 s0=fng (967,33) [filtered=584]
cnt=1 s0=fng (967,33) [filtered=584]
cnt=1 s0=fng (967,33) [filtered=584]
cnt=1 s0=fng (967,33) [filtered=584]
cnt=1 s0=fng (967,33) [filtered=584]
cnt=1 s0=fng (967,33) [filtered=584]
cnt=1 s0=fng (967,33) [filtered=584]
cnt=1 s0=fng (967,33) [filtered=584]
cnt=1 s0=fng (967,33) [filtered=584]
cnt=1 s0=fng (967,33) [filtered=584]
cnt=1 s0=fng (967,33) [filtered=584]
cnt=1 s0=fng (967,33)* [filtered=584]
cnt=1 s0=fng (967,33)* [filtered=584]
cnt=1 s0=fng (967,33)* [filtered=584]
cnt=1 s0=fng (967,33)* [filtered=584]
cnt=1 s0=fng (967,33)* [filtered=584]
cnt=1 s0=fng (4762,1889) [filtered=584]
cnt=1 s0=fng (4762,1889) [filtered=584]
cnt=1 s0=fng (4762,1889) [filtered=584]
cnt=1 s0=fng (4762,1889) [filtered=584]
cnt=1 s0=fng (4762,1889) [filtered=584]
cnt=1 s0=fng (4762,1889) [filtered=584]
cnt=1 s0=fng (4762,1889) [filtered=584]
cnt=1 s0=fng (4762,1888) [filtered=584]
cnt=1 s0=fng (4762,1887) [filtered=584]
cnt=1 s0=fng (4762,1887) [filtered=584]
cnt=1 s0=fng (4762,1886) [filtered=584]
cnt=1 s0=fng (4762,1886) [filtered=584]
cnt=1 s0=fng (4762,1886) [filtered=584]
cnt=1 s0=fng (4762,1885) [filtered=584]
cnt=1 s0=fng (4762,1884) [filtered=584]
cnt=1 s0=fng (4762,1884) [filtered=584]
cnt=1 s0=fng (4762,1883) [filtered=584]
cnt=1 s0=fng (4762,1882) [filtered=584]
cnt=1 s0=fng (4762,1881) [filtered=584]
cnt=1 s0=fng (4762,1880) [filtered=584]
cnt=1 s0=fng (4762,1879)* [filtered=584]
cnt=1 s0=fng (4762,1878)* [filtered=584]
cnt=1 s0=fng (4762,1877)* [filtered=584]
cnt=1 s0=fng (4762,1875)* [filtered=584]
cnt=1 s0=fng (4762,1872)* [filtered=584]
cnt=1 s0=fng (4762,1871)* [filtered=584]
cnt=1 s0=fng (4762,1868)* [filtered=584]
cnt=1 s0=fng (4762,1864) [filtered=584]
cnt=1 s0=fng (4762,1860) [filtered=584]
cnt=1 s0=fng (4761,1855) [filtered=584]
cnt=1 s0=fng (4760,1851) [filtered=584]
cnt=1 s0=fng (4759,1846) [filtered=584]
cnt=1 s0=fng (4757,1841) [filtered=584]
cnt=1 s0=fng (4755,1836) [filtered=584]
cnt=1 s0=fng (4754,1832) [filtered=584]
cnt=1 s0=fng (4752,1828) [filtered=584]
cnt=1 s0=fng (4751,1825) [filtered=584]
cnt=1 s0=fng (4750,1821) [filtered=584]
cnt=1 s0=fng (4749,1817) [filtered=584]
cnt=1 s0=fng (4748,1814) [filtered=584]
cnt=1 s0=fng (4747,1811) [filtered=584]
cnt=1 s0=fng (4746,1808) [filtered=584]
cnt=1 s0=fng (4745,1804) [filtered=584]
cnt=1 s0=fng (4744,1801) [filtered=584]
cnt=1 s0=fng (4743,1799) [filtered=584]
cnt=1 s0=fng (4742,1797) [filtered=584]
cnt=1 s0=fng (4741,1794) [filtered=584]
cnt=1 s0=fng (4740,1791) [filtered=584]
cnt=1 s0=fng (4739,1789) [filtered=584]
cnt=1 s0=fng (4738,1786) [filtered=584]
cnt=1 s0=fng (4736,1782) [filtered=584]
cnt=1 s0=fng (4734,1778) [filtered=584]
cnt=1 s0=fng (4731,1773) [filtered=584]
cnt=1 s0=fng (4730,1769) [filtered=584]
cnt=1 s0=fng (4727,1764) [filtered=584]
cnt=1 s0=fng (4724,1759) [filtered=584]
cnt=1 s0=fng (4720,1754) [filtered=584]
cnt=1 s0=fng (4717,1750) [filtered=584]
cnt=1 s0=fng (4713,1745) [filtered=584]
cnt=1 s0=fng (4708,1740) [filtered=584]
cnt=1 s0=fng (4703,1735) [filtered=584]
cnt=1 s0=fng (4698,1730) [filtered=584]
cnt=1 s0=fng (4694,1725) [filtered=584]
cnt=1 s0=fng (4690,1720) [filtered=584]
cnt=1 s0=fng (4686,1715) [filtered=584]
cnt=1 s0=fng (4682,1710) [filtered=584]
cnt=1 s0=fng (4678,1704) [filtered=584]
cnt=1 s0=fng (4675,1700) [filtered=584]
cnt=1 s0=fng (4670,1695) [filtered=584]
cnt=1 s0=fng (4666,1690) [filtered=584]
cnt=1 s0=fng (4662,1685) [filtered=584]
cnt=1 s0=fng (4658,1681) [filtered=584]
cnt=1 s0=fng (4655,1678) [filtered=584]
cnt=1 s0=fng (4652,1675) [filtered=584]
cnt=1 s0=fng (4648,1671) [filtered=584]
cnt=1 s0=fng (4644,1667) [filtered=584]
cnt=1 s0=fng (4641,1664) [filtered=584]
cnt=1 s0=fng (4638,1661) [filtered=584]
cnt=1 s0=fng (4635,1658) [filtered=584]
cnt=1 s0=fng (4632,1654) [filtered=584]
cnt=1 s0=fng (4629,1650) [filtered=584]
cnt=1 s0=fng (4627,1647) [filtered=584]
cnt=1 s0=fng (4625,1644) [filtered=584]
cnt=1 s0=fng (4622,1641) [filtered=584]
cnt=1 s0=fng (4618,1638) [filtered=584]
cnt=1 s0=fng (4615,1635) [filtered=584]
cnt=1 s0=fng (4612,1632) [filtered=584]
cnt=1 s0=fng (4608,1629) [filtered=584]
cnt=1 s0=fng (4604,1626) [filtered=584]
cnt=1 s0=fng (4600,1622) [filtered=584]
cnt=1 s0=fng (4597,1619) [filtered=584]
cnt=1 s0=fng (4594,1616) [filtered=584]
cnt=1 s0=fng (4592,1612) [filtered=584]
cnt=1 s0=fng (4589,1607) [filtered=584]
cnt=1 s0=fng (4586,1602) [filtered=584]
cnt=1 s0=fng (4584,1598) [filtered=584]
cnt=1 s0=fng (4582,1594) [filtered=584]
cnt=1 s0=fng (4579,1590) [filtered=584]
cnt=1 s0=fng (4576,1585) [filtered=584]
cnt=1 s0=fng (4574,1581) [filtered=584]
cnt=1 s0=fng (4571,1577) [filtered=584]
cnt=1 s0=fng (4567,1573) [filtered=584]
cnt=1 s0=fng (4563,1568) [filtered=584]
cnt=1 s0=fng (4559,1563) [filtered=584]
cnt=1 s0=fng (4556,1559) [filtered=584]
cnt=1 s0=fng (4552,1555) [filtered=584]
cnt=1 s0=fng (4548,1551) [filtered=584]
cnt=1 s0=fng (4544,1547) [filtered=584]
cnt=1 s0=fng (4540,1542) [filtered=584]
cnt=1 s0=fng (4537,1538) [filtered=584]
cnt=1 s0=fng (4533,1534) [filtered=584]
cnt=1 s0=fng (4529,1531) [filtered=584]
cnt=1 s0=fng (4526,1529) [filtered=584]
cnt=1 s0=fng (4524,1527) [filtered=584]
cnt=1 s0=fng (4522,1525) [filtered=584]
cnt=1 s0=fng (4521,1524) [filtered=584]
cnt=1 s0=fng (4519,1523) [filtered=584]
cnt=1 s0=fng (4518,1522) [filtered=584]
cnt=1 s0=fng (4517,1522) [filtered=584]
cnt=1 s0=fng (4516,1522) [filtered=584]
cnt=1 s0=fng (4516,1522) [filtered=584]
cnt=1 s0=fng (4516,1522) [filtered=584]
cnt=1 s0=fng (4516,1523) [filtered=584]
cnt=1 s0=fng (4516,1524) [filtered=584]
cnt=1 s0=fng (4517,1526) [filtered=584]
cnt=1 s0=fng (4519,1529) [filtered=584]
cnt=1 s0=fng (4522,1532) [filtered=584]
cnt=1 s0=fng (4523,1534) [filtered=584]
cnt=1 s0=fng (4526,1538) [filtered=584]
cnt=1 s0=fng (4531,1543) [filtered=584]
cnt=1 s0=fng (4537,1548) [filtered=584]
cnt=1 s0=fng (4542,1556) [filtered=584]
cnt=1 s0=fng (4547,1563) [filtered=584]
cnt=1 s0=fng (4553,1571) [filtered=584]
cnt=1 s0=fng (4559,1580) [filtered=584]
cnt=1 s0=fng (4566,1591) [filtered=584]
cnt=1 s0=fng (4575,1605) [filtered=584]
cnt=1 s0=fng (4584,1619) [filtered=584]
cnt=1 s0=fng (4593,1635) [filtered=584]
cnt=2 s0=PALM(4605,1651) s1=fng (868,21) [filtered=585]
cnt=2 s0=PALM(4618,1667) s1=fng (868,21) [filtered=586]
cnt=2 s0=PALM(4631,1683) s1=fng (868,21) [filtered=587]
cnt=2 s0=PALM(4644,1699) s1=fng (868,21) [filtered=588]
cnt=2 s0=PALM(4657,1714) s1=fng (868,21) [filtered=589]
cnt=2 s0=PALM(4669,1729) s1=fng (868,21) [filtered=590]
cnt=2 s0=PALM(4679,1742) s1=fng (868,21) [filtered=591]
cnt=2 s0=PALM(4688,1754) s1=fng (868,21) [filtered=592]
cnt=2 s0=PALM(4697,1766) s1=fng (868,21) [filtered=593]
cnt=1 s0=fng (4705,1776) [filtered=593]
cnt=1 s0=fng (4711,1785) [filtered=593]
cnt=1 s0=fng (4716,1790) [filtered=593]
cnt=1 s0=fng (4719,1795) [filtered=593]
cnt=1 s0=fng (4721,1799) [filtered=593]
cnt=1 s0=fng (4722,1802) [filtered=593]
cnt=1 s0=fng (4723,1804) [filtered=593]
cnt=1 s0=fng (4724,1804) [filtered=593]
cnt=1 s0=fng (4725,1804) [filtered=593]
cnt=1 s0=fng (4725,1804) [filtered=593]
cnt=1 s0=fng (4725,1804) [filtered=593]
cnt=1 s0=fng (4725,1804) [filtered=593]
cnt=1 s0=fng (4725,1801) [filtered=593]
cnt=1 s0=fng (4725,1798) [filtered=593]
cnt=1 s0=fng (4725,1795) [filtered=593]
cnt=1 s0=fng (4725,1793) [filtered=593]
cnt=1 s0=fng (4724,1791) [filtered=593]
cnt=1 s0=fng (4723,1789) [filtered=593]
cnt=1 s0=fng (4723,1788) [filtered=593]
cnt=1 s0=fng (4723,1786) [filtered=593]
cnt=1 s0=fng (4722,1785) [filtered=593]
cnt=1 s0=fng (4722,1783) [filtered=593]
cnt=1 s0=fng (4722,1782) [filtered=593]
cnt=1 s0=fng (4721,1781) [filtered=593]
cnt=1 s0=fng (4720,1780) [filtered=593]
cnt=1 s0=fng (4719,1779)* [filtered=593]
cnt=1 s0=fng (4719,1778)* [filtered=593]
cnt=1 s0=fng (4719,1777)* [filtered=593]
cnt=1 s0=fng (4719,1776)* [filtered=593]
cnt=1 s0=fng (4718,1775)* [filtered=593]
cnt=1 s0=fng (4718,1774)* [filtered=593]
cnt=1 s0=fng (4717,1773)* [filtered=593]
cnt=1 s0=fng (4716,1773)* [filtered=593]
cnt=1 s0=fng (4715,1772)* [filtered=593]
cnt=1 s0=fng (4714,1770)* [filtered=593]
cnt=1 s0=fng (4713,1768)* [filtered=593]
cnt=1 s0=fng (4713,1767)* [filtered=593]
cnt=1 s0=fng (4712,1766)* [filtered=593]
cnt=1 s0=fng (4711,1765)* [filtered=593]
cnt=1 s0=fng (4710,1763)* [filtered=593]
cnt=1 s0=fng (4709,1762)* [filtered=593]
cnt=1 s0=fng (4709,1761)* [filtered=593]
cnt=1 s0=fng (4708,1760)* [filtered=593]
cnt=1 s0=fng (4707,1758)* [filtered=593]
cnt=1 s0=fng (4705,1756) [filtered=593]
cnt=1 s0=fng (4704,1755) [filtered=593]
cnt=1 s0=fng (4703,1754) [filtered=593]
cnt=1 s0=fng (4702,1753) [filtered=593]
cnt=1 s0=fng (4701,1751) [filtered=593]
cnt=1 s0=fng (4700,1749) [filtered=593]
cnt=1 s0=fng (4699,1748) [filtered=593]
cnt=1 s0=fng (4698,1747) [filtered=593]
cnt=1 s0=fng (4697,1746) [filtered=593]
cnt=1 s0=fng (4696,1745) [filtered=593]
cnt=1 s0=fng (4695,1744) [filtered=593]
cnt=1 s0=fng (4695,1744) [filtered=593]
cnt=1 s0=fng (4694,1743) [filtered=593]
cnt=1 s0=fng (4693,1742) [filtered=593]
cnt=1 s0=fng (4692,1741) [filtered=593]
cnt=1 s0=fng (4691,1740) [filtered=593]
cnt=1 s0=fng (4690,1739) [filtered=593]
cnt=1 s0=fng (4689,1738) [filtered=593]
cnt=1 s0=fng (4687,1736) [filtered=593]
cnt=1 s0=fng (4685,1734) [filtered=593]
cnt=1 s0=fng (4684,1733) [filtered=593]
cnt=1 s0=fng (4682,1732) [filtered=593]
cnt=1 s0=fng (4680,1731) [filtered=593]
cnt=1 s0=fng (4678,1729) [filtered=593]
cnt=1 s0=fng (4676,1728) [filtered=593]
cnt=1 s0=fng (4675,1727) [filtered=593]
cnt=1 s0=fng (4673,1726) [filtered=593]
cnt=1 s0=fng (4671,1724) [filtered=593]
cnt=1 s0=fng (4669,1723) [filtered=593]
cnt=1 s0=fng (4667,1721) [filtered=593]
cnt=1 s0=fng (4666,1720) [filtered=593]
cnt=1 s0=fng (4664,1719) [filtered=593]
cnt=1 s0=fng (4662,1718) [filtered=593]
cnt=1 s0=fng (4661,1717) [filtered=593]
cnt=1 s0=fng (4660,1717) [filtered=593]
cnt=1 s0=fng (4659,1716) [filtered=593]
cnt=1 s0=fng (4658,1715) [filtered=593]
cnt=1 s0=fng (4657,1714) [filtered=593]
cnt=1 s0=fng (4655,1713) [filtered=593]
cnt=1 s0=fng (4654,1712) [filtered=593]
cnt=1 s0=fng (4653,1711) [filtered=593]
cnt=1 s0=fng (4652,1710) [filtered=593]
cnt=1 s0=fng (4651,1709) [filtered=593]
cnt=1 s0=fng (4650,1708) [filtered=593]
cnt=1 s0=fng (4650,1708) [filtered=593]
cnt=1 s0=fng (4649,1707) [filtered=593]
cnt=1 s0=fng (4648,1706) [filtered=593]
cnt=1 s0=fng (4647,1706) [filtered=593]
cnt=1 s0=fng (4647,1706) [filtered=593]
cnt=1 s0=fng (4646,1705)* [filtered=593]
cnt=1 s0=fng (4645,1705)* [filtered=593]
cnt=1 s0=fng (4644,1704)* [filtered=593]
cnt=1 s0=fng (4643,1703)* [filtered=593]
cnt=1 s0=fng (4643,1703)* [filtered=593]
cnt=1 s0=fng (4642,1703)* [filtered=593]
cnt=1 s0=fng (4641,1702)* [filtered=593]
cnt=1 s0=fng (4640,1702)* [filtered=593]
cnt=1 s0=fng (4639,1701)* [filtered=593]
cnt=1 s0=fng (4639,1701)* [filtered=593]
cnt=1 s0=fng (4638,1701)* [filtered=593]
cnt=1 s0=fng (4637,1700)* [filtered=593]
cnt=1 s0=fng (4636,1699)* [filtered=593]
cnt=1 s0=fng (4635,1699)* [filtered=593]
cnt=1 s0=fng (4634,1698)* [filtered=593]
cnt=1 s0=fng (4633,1697)* [filtered=593]
cnt=1 s0=fng (4632,1696)* [filtered=593]
cnt=1 s0=fng (4630,1695)* [filtered=593]
cnt=1 s0=fng (4629,1695)* [filtered=593]
cnt=1 s0=fng (4627,1694)* [filtered=593]
cnt=1 s0=fng (4625,1693)* [filtered=593]
cnt=1 s0=fng (4622,1691) [filtered=593]
cnt=1 s0=fng (4619,1690) [filtered=593]
cnt=1 s0=fng (4617,1689) [filtered=593]
cnt=1 s0=fng (4614,1688) [filtered=593]
cnt=1 s0=fng (4611,1686) [filtered=593]
cnt=1 s0=fng (4608,1684) [filtered=593]
cnt=1 s0=fng (4606,1683) [filtered=593]
cnt=1 s0=fng (4604,1682) [filtered=593]
cnt=1 s0=fng (4601,1681) [filtered=593]
cnt=1 s0=fng (4600,1679) [filtered=593]
cnt=1 s0=fng (4599,1677) [filtered=593]
cnt=1 s0=fng (4598,1676) [filtered=593]
cnt=1 s0=fng (4597,1675) [filtered=593]
cnt=1 s0=fng (4596,1674) [filtered=593]
cnt=1 s0=fng (4594,1672) [filtered=593]
cnt=1 s0=fng (4592,1670) [filtered=593]
cnt=1 s0=fng (4591,1669) [filtered=593]
cnt=1 s0=fng (4590,1668) [filtered=593]
cnt=1 s0=fng (4589,1667) [filtered=593]
cnt=1 s0=fng (4588,1666) [filtered=593]
cnt=1 s0=fng (4587,1665) [filtered=593]
cnt=1 s0=fng (4586,1664) [filtered=593]
cnt=1 s0=fng (4585,1663) [filtered=593]
cnt=1 s0=fng (4584,1662) [filtered=593]
cnt=1 s0=fng (4583,1661) [filtered=593]
cnt=1 s0=fng (4582,1660) [filtered=593]
cnt=1 s0=fng (4581,1659) [filtered=593]
cnt=1 s0=fng (4580,1658) [filtered=593]
cnt=1 s0=fng (4579,1657) [filtered=593]
cnt=1 s0=fng (4578,1656) [filtered=593]
cnt=1 s0=fng (4577,1656) [filtered=593]
cnt=1 s0=fng (4576,1655) [filtered=593]
cnt=1 s0=fng (4575,1654) [filtered=593]
cnt=1 s0=fng (4574,1653) [filtered=593]
cnt=1 s0=fng (4573,1653) [filtered=593]
cnt=1 s0=fng (4572,1653)* [filtered=593]
cnt=1 s0=fng (4571,1652)* [filtered=593]
cnt=1 s0=fng (4570,1652)* [filtered=593]
cnt=1 s0=fng (4569,1651)* [filtered=593]
cnt=1 s0=fng (4568,1650)* [filtered=593]
cnt=1 s0=fng (4567,1650)* [filtered=593]
cnt=1 s0=fng (4566,1650)* [filtered=593]
cnt=1 s0=fng (4566,1650)* [filtered=593]
cnt=1 s0=fng (4566,1650)* [filtered=593]
cnt=1 s0=fng (4566,1650)* [filtered=593]
cnt=1 s0=fng (4566,1650)* [filtered=593]
cnt=1 s0=fng (4566,1650)* [filtered=593]
cnt=1 s0=fng (4566,1650)* [filtered=593]
cnt=1 s0=fng (4567,1651)* [filtered=593]
cnt=1 s0=fng (4567,1651)* [filtered=593]
cnt=1 s0=fng (4568,1652)* [filtered=593]
cnt=1 s0=fng (4569,1653)* [filtered=593]
cnt=1 s0=fng (4570,1654)* [filtered=593]
cnt=1 s0=fng (4571,1655)* [filtered=593]
cnt=1 s0=fng (4572,1655)* [filtered=593]
cnt=1 s0=fng (4573,1656)* [filtered=593]
cnt=1 s0=fng (4574,1657)* [filtered=593]
cnt=1 s0=fng (4576,1658)* [filtered=593]
cnt=1 s0=fng (4578,1659)* [filtered=593]
cnt=1 s0=fng (4579,1660)* [filtered=593]
cnt=1 s0=fng (4580,1661)* [filtered=593]
cnt=1 s0=fng (4581,1662)* [filtered=593]
cnt=1 s0=fng (4582,1663)* [filtered=593]
cnt=1 s0=fng (4583,1663)* [filtered=593]
cnt=1 s0=fng (4584,1664)* [filtered=593]
cnt=1 s0=fng (4586,1665)* [filtered=593]
cnt=1 s0=fng (4587,1666)* [filtered=593]
cnt=1 s0=fng (4589,1667)* [filtered=593]
cnt=1 s0=fng (4590,1668)* [filtered=593]
cnt=1 s0=fng (4591,1669)* [filtered=593]
cnt=1 s0=fng (4593,1670)* [filtered=593]
cnt=1 s0=fng (4595,1671)* [filtered=593]
cnt=1 s0=fng (4597,1672)* [filtered=593]
cnt=1 s0=fng (4598,1673)* [filtered=593]
cnt=1 s0=fng (4599,1674)* [filtered=593]
cnt=1 s0=fng (4602,1675) [filtered=593]
cnt=1 s0=fng (4605,1676) [filtered=593]
cnt=1 s0=fng (4608,1677) [filtered=593]
cnt=1 s0=fng (4609,1678) [filtered=593]
cnt=1 s0=fng (4612,1679) [filtered=593]
cnt=1 s0=fng (4615,1680) [filtered=593]
cnt=1 s0=fng (4618,1681) [filtered=593]
cnt=1 s0=fng (4621,1682) [filtered=593]
cnt=1 s0=fng (4622,1682) [filtered=593]
cnt=1 s0=fng (4624,1683) [filtered=593]
cnt=1 s0=fng (4626,1683) [filtered=593]
cnt=1 s0=fng (4627,1683) [filtered=593]
cnt=1 s0=fng (4628,1683) [filtered=593]
cnt=1 s0=fng (4629,1683) [filtered=593]
cnt=1 s0=fng (4630,1683) [filtered=593]
cnt=1 s0=fng (4630,1683) [filtered=593]
cnt=1 s0=fng (4628,1682) [filtered=593]
cnt=1 s0=fng (4627,1681) [filtered=593]
cnt=1 s0=fng (4625,1680) [filtered=593]
cnt=1 s0=fng (4621,1678) [filtered=593]
cnt=1 s0=fng (4616,1675) [filtered=593]
cnt=1 s0=fng (4611,1673) [filtered=593]
cnt=1 s0=fng (4605,1670) [filtered=593]
cnt=1 s0=fng (4600,1667) [filtered=593]
cnt=1 s0=fng (4596,1663) [filtered=593]
cnt=1 s0=fng (4592,1660) [filtered=593]
cnt=1 s0=fng (4590,1658) [filtered=593]
cnt=1 s0=fng (4588,1655) [filtered=593]
cnt=1 s0=fng (4587,1652) [filtered=593]
cnt=1 s0=fng (4586,1649) [filtered=593]
cnt=1 s0=fng (4586,1647) [filtered=593]
cnt=1 s0=fng (4586,1646) [filtered=593]
cnt=1 s0=fng (4587,1644) [filtered=593]
cnt=1 s0=fng (4589,1643) [filtered=593]
cnt=1 s0=fng (4591,1642) [filtered=593]
cnt=1 s0=fng (4593,1641) [filtered=593]
cnt=1 s0=fng (4594,1641) [filtered=593]
cnt=1 s0=fng (4597,1641) [filtered=593]
cnt=1 s0=fng (4600,1641) [filtered=593]
cnt=1 s0=fng (4605,1642) [filtered=593]
cnt=1 s0=fng (4611,1642) [filtered=593]
cnt=1 s0=fng (4615,1642) [filtered=593]
cnt=1 s0=fng (4620,1643) [filtered=593]
cnt=1 s0=fng (4625,1645) [filtered=593]
cnt=1 s0=fng (4630,1647) [filtered=593]
cnt=1 s0=fng (4634,1648) [filtered=593]
cnt=1 s0=fng (4639,1651) [filtered=593]
cnt=1 s0=fng (4644,1654) [filtered=593]
cnt=1 s0=fng (4649,1658) [filtered=593]
cnt=1 s0=fng (4654,1662) [filtered=593]
cnt=1 s0=fng (4658,1664) [filtered=593]
cnt=1 s0=fng (4661,1667) [filtered=593]
cnt=1 s0=fng (4663,1670) [filtered=593]
cnt=1 s0=fng (4666,1674) [filtered=593]
cnt=1 s0=fng (4668,1676) [filtered=593]
cnt=1 s0=fng (4669,1679) [filtered=593]
cnt=1 s0=fng (4670,1682) [filtered=593]
cnt=1 s0=fng (4672,1686) [filtered=593]
cnt=1 s0=fng (4674,1690) [filtered=593]
cnt=1 s0=fng (4675,1692) [filtered=593]
cnt=1 s0=fng (4677,1695) [filtered=593]
cnt=1 s0=fng (4679,1698) [filtered=593]
cnt=1 s0=fng (4681,1702) [filtered=593]
cnt=1 s0=fng (4683,1706) [filtered=593]
cnt=1 s0=fng (4684,1708) [filtered=593]
cnt=1 s0=fng (4686,1712) [filtered=593]
cnt=1 s0=fng (4688,1716) [filtered=593]
cnt=1 s0=fng (4690,1720) [filtered=593]
cnt=1 s0=fng (4692,1724) [filtered=593]
cnt=1 s0=fng (4693,1727) [filtered=593]
cnt=1 s0=fng (4695,1731) [filtered=593]
cnt=1 s0=fng (4697,1735) [filtered=593]
cnt=1 s0=fng (4699,1740) [filtered=593]
cnt=1 s0=fng (4700,1744) [filtered=593]
cnt=1 s0=fng (4702,1748) [filtered=593]
cnt=1 s0=fng (4704,1751) [filtered=593]
cnt=1 s0=fng (4706,1755) [filtered=593]
cnt=1 s0=fng (4708,1759) [filtered=593]
cnt=1 s0=fng (4709,1762) [filtered=593]
cnt=1 s0=fng (4711,1765) [filtered=593]
cnt=1 s0=fng (4713,1767) [filtered=593]
cnt=1 s0=fng (4715,1770) [filtered=593]
cnt=1 s0=fng (4717,1773) [filtered=593]
cnt=1 s0=fng (4718,1775) [filtered=593]
cnt=1 s0=fng (4720,1777) [filtered=593]
cnt=1 s0=fng (4722,1780) [filtered=593]
cnt=1 s0=fng (4724,1782) [filtered=593]
cnt=1 s0=fng (4725,1783) [filtered=593]
cnt=1 s0=fng (4726,1784) [filtered=593]
cnt=1 s0=fng (4727,1786) [filtered=593]
cnt=1 s0=fng (4728,1788) [filtered=593]
cnt=1 s0=fng (4729,1790) [filtered=593]
cnt=1 s0=fng (4730,1791) [filtered=593]
cnt=1 s0=fng (4731,1793) [filtered=593]
cnt=1 s0=fng (4732,1795) [filtered=593]
cnt=1 s0=fng (4733,1797) [filtered=593]
cnt=1 s0=fng (4734,1799) [filtered=593]
cnt=1 s0=fng (4734,1800) [filtered=593]
cnt=1 s0=fng (4735,1802) [filtered=593]
cnt=1 s0=fng (4736,1804) [filtered=593]
cnt=1 s0=fng (4737,1807) [filtered=593]
cnt=1 s0=fng (4738,1810) [filtered=593]
cnt=1 s0=fng (4739,1811) [filtered=593]
cnt=1 s0=fng (4740,1813) [filtered=593]
cnt=1 s0=fng (4741,1816) [filtered=593]
cnt=1 s0=fng (4742,1819) [filtered=593]
cnt=1 s0=fng (4742,1820) [filtered=593]
cnt=1 s0=fng (4743,1822) [filtered=593]
cnt=1 s0=fng (4744,1824) [filtered=593]
cnt=1 s0=fng (4745,1827) [filtered=593]
cnt=1 s0=fng (4746,1830) [filtered=593]
cnt=1 s0=fng (4747,1831) [filtered=593]
cnt=1 s0=fng (4747,1833) [filtered=593]
cnt=1 s0=fng (4747,1836) [filtered=593]
cnt=1 s0=fng (4747,1839) [filtered=593]
cnt=1 s0=fng (4747,1842) [filtered=593]
cnt=1 s0=fng (4747,1843) [filtered=593]
cnt=1 s0=fng (4747,1845) [filtered=593]
cnt=1 s0=fng (4747,1847) [filtered=593]
cnt=1 s0=fng (4747,1850) [filtered=593]
cnt=1 s0=fng (4747,1851) [filtered=593]
cnt=1 s0=fng (4747,1853) [filtered=593]
cnt=1 s0=fng (4747,1856) [filtered=593]
cnt=1 s0=fng (4747,1859) [filtered=593]
cnt=1 s0=fng (4747,1862) [filtered=593]
cnt=1 s0=fng (4747,1863) [filtered=593]
cnt=1 s0=fng (4747,1865) [filtered=593]
cnt=1 s0=fng (4748,1866) [filtered=593]
cnt=1 s0=fng (4749,1867) [filtered=593]
cnt=1 s0=fng (4750,1867) [filtered=593]
cnt=1 s0=fng (4750,1867)* [filtered=593]
cnt=1 s0=fng (4751,1866)* [filtered=593]
cnt=1 s0=fng (4751,1866)* [filtered=593]
cnt=1 s0=fng (4762,1787) [filtered=593]
cnt=1 s0=fng (4762,1787) [filtered=593]
cnt=1 s0=fng (4762,1787) [filtered=593]
cnt=1 s0=fng (4762,1787) [filtered=593]
cnt=1 s0=fng (4762,1786) [filtered=593]
cnt=1 s0=fng (4762,1786) [filtered=593]
cnt=1 s0=fng (4762,1786) [filtered=593]
cnt=1 s0=fng (4762,1786) [filtered=593]
cnt=1 s0=fng (4761,1786) [filtered=593]
cnt=1 s0=fng (4760,1786) [filtered=593]
cnt=1 s0=fng (4759,1786) [filtered=593]
cnt=1 s0=fng (4758,1785) [filtered=593]
cnt=1 s0=fng (4757,1785) [filtered=593]
cnt=1 s0=fng (4756,1784) [filtered=593]
cnt=1 s0=fng (4756,1784) [filtered=593]
cnt=1 s0=fng (4756,1784) [filtered=593]
cnt=1 s0=fng (4756,1783) [filtered=593]
cnt=1 s0=fng (4756,1783) [filtered=593]
cnt=1 s0=fng (4756,1783) [filtered=593]
cnt=1 s0=fng (4756,1783) [filtered=593]
cnt=1 s0=fng (4756,1783)* [filtered=593]
cnt=1 s0=fng (4756,1783)* [filtered=593]
cnt=1 s0=fng (4756,1783)* [filtered=593]
cnt=1 s0=fng (4756,1783)* [filtered=593]
cnt=2 s0=fng (3218,844) s1=fng (2517,1254) [filtered=593]
cnt=2 s0=fng (3218,846) s1=fng (2517,1255) [filtered=593]
cnt=2 s0=fng (3218,849) s1=fng (2517,1257) [filtered=593]
cnt=2 s0=fng (3218,851) s1=fng (2517,1258) [filtered=593]
cnt=2 s0=fng (3219,860) s1=fng (2517,1261) [filtered=593]
cnt=2 s0=fng (3222,874) s1=fng (2518,1270) [filtered=593]
cnt=2 s0=fng (3226,894) s1=fng (2520,1284) [filtered=593]
cnt=2 s0=fng (3232,921) s1=fng (2523,1305) [filtered=593]
cnt=2 s0=fng (3236,947) s1=fng (2525,1325) [filtered=593]
cnt=2 s0=fng (3242,977) s1=fng (2528,1351) [filtered=593]
cnt=2 s0=fng (3249,1011) s1=fng (2533,1383) [filtered=593]
cnt=2 s0=fng (3257,1049) s1=fng (2538,1419) [filtered=593]
cnt=2 s0=fng (3265,1087) s1=fng (2542,1455) [filtered=593]
cnt=2 s0=fng (3273,1125) s1=fng (2547,1493) [filtered=593]
cnt=2 s0=fng (3281,1165) s1=fng (2553,1534) [filtered=593]
cnt=2 s0=fng (3289,1206) s1=fng (2560,1577) [filtered=593]
cnt=2 s0=fng (3296,1247) s1=fng (2568,1622) [filtered=593]
cnt=2 s0=fng (3302,1288) s1=fng (2575,1667) [filtered=593]
cnt=2 s0=fng (3309,1331) s1=fng (2582,1712) [filtered=593]
cnt=2 s0=fng (3316,1376) s1=fng (2589,1759) [filtered=593]
cnt=2 s0=fng (3323,1422) s1=fng (2596,1806) [filtered=593]
cnt=2 s0=fng (3330,1469) s1=fng (2604,1853) [filtered=593]
cnt=2 s0=fng (3336,1516) s1=fng (2611,1900) [filtered=593]
cnt=2 s0=fng (3342,1563) s1=fng (2618,1948) [filtered=593]
cnt=2 s0=fng (3347,1609) s1=fng (2625,1996) [filtered=593]
cnt=2 s0=fng (3352,1654) s1=fng (2632,2042) [filtered=593]
cnt=2 s0=fng (3356,1698) s1=fng (2638,2087) [filtered=593]
cnt=2 s0=fng (3360,1743) s1=fng (2645,2132) [filtered=593]
cnt=2 s0=fng (3363,1787) s1=fng (2651,2176) [filtered=593]
cnt=2 s0=fng (3365,1829) s1=fng (2656,2217) [filtered=593]
cnt=2 s0=fng (3368,1870) s1=fng (2661,2257) [filtered=593]
cnt=2 s0=fng (3370,1910) s1=fng (2665,2296) [filtered=593]
cnt=2 s0=fng (3372,1949) s1=fng (2670,2334) [filtered=593]
cnt=2 s0=fng (3374,1986) s1=fng (2674,2371) [filtered=593]
cnt=2 s0=fng (3376,2022) s1=fng (2677,2404) [filtered=593]
cnt=2 s0=fng (3377,2055) s1=fng (2680,2435) [filtered=593]
cnt=2 s0=fng (3378,2087) s1=fng (2682,2465) [filtered=593]
cnt=2 s0=fng (3378,2117) s1=fng (2683,2493) [filtered=593]
cnt=2 s0=fng (3378,2146) s1=fng (2684,2521) [filtered=593]
cnt=2 s0=fng (3378,2171) s1=fng (2685,2546) [filtered=593]
cnt=2 s0=fng (3378,2195) s1=fng (2685,2570) [filtered=593]
cnt=2 s0=fng (3378,2217) s1=fng (2685,2591) [filtered=593]
cnt=2 s0=fng (3377,2236) s1=fng (2685,2609) [filtered=593]
cnt=2 s0=fng (3376,2252) s1=fng (2684,2625) [filtered=593]
cnt=2 s0=fng (3374,2265) s1=fng (2684,2638) [filtered=593]
cnt=2 s0=fng (3373,2278) s1=fng (2684,2651) [filtered=593]
cnt=2 s0=fng (3372,2289) s1=fng (2683,2661) [filtered=593]
cnt=2 s0=fng (3370,2297) s1=fng (2682,2669) [filtered=593]
cnt=2 s0=fng (3369,2303) s1=fng (2681,2675) [filtered=593]
cnt=2 s0=fng (3368,2307) s1=fng (2680,2679) [filtered=593]
cnt=2 s0=fng (3367,2311) s1=fng (2680,2683) [filtered=593]
cnt=2 s0=fng (3366,2314) s1=fng (2679,2685) [filtered=593]
cnt=2 s0=fng (3365,2316) s1=fng (2679,2685) [filtered=593]
cnt=2 s0=fng (3364,2316) s1=fng (2678,2685) [filtered=593]
cnt=2 s0=fng (3364,2316) s1=fng (2678,2685) [filtered=593]
cnt=2 s0=fng (3364,2316) s1=fng (2677,2685) [filtered=593]
cnt=2 s0=fng (3363,2316) s1=fng (2676,2685) [filtered=593]
cnt=2 s0=fng (3362,2316) s1=fng (2675,2682) [filtered=593]
cnt=2 s0=fng (3361,2312) s1=fng (2674,2678) [filtered=593]
cnt=2 s0=fng (3361,2308) s1=fng (2674,2674) [filtered=593]
cnt=2 s0=fng (3360,2302) s1=fng (2673,2668) [filtered=593]
cnt=2 s0=fng (3358,2295) s1=fng (2672,2661) [filtered=593]
cnt=2 s0=fng (3356,2286) s1=fng (2671,2652) [filtered=593]
cnt=2 s0=fng (3355,2278) s1=fng (2671,2644) [filtered=593]
cnt=2 s0=fng (3353,2268) s1=fng (2671,2634) [filtered=593]
cnt=2 s0=fng (3351,2257) s1=fng (2670,2620) [filtered=593]
cnt=2 s0=fng (3349,2243) s1=fng (2670,2603) [filtered=593]
cnt=2 s0=fng (3347,2225) s1=fng (2670,2581) [filtered=593]
cnt=2 s0=fng (3346,2208) s1=fng (2670,2560) [filtered=593]
cnt=2 s0=fng (3345,2187) s1=fng (2670,2535) [filtered=593]
cnt=2 s0=fng (3344,2161) s1=fng (2669,2505) [filtered=593]
cnt=2 s0=fng (3344,2129) s1=fng (2669,2467) [filtered=593]
cnt=2 s0=fng (3345,2090) s1=fng (2669,2423) [filtered=593]
cnt=2 s0=fng (3346,2052) s1=fng (2669,2380) [filtered=593]
cnt=2 s0=fng (3347,2008) s1=fng (2669,2330) [filtered=593]
cnt=2 s0=fng (3350,1959) s1=fng (2670,2274) [filtered=593]
cnt=2 s0=fng (3355,1906) s1=fng (2671,2212) [filtered=593]
cnt=2 s0=fng (3360,1849) s1=fng (2673,2146) [filtered=593]
cnt=2 s0=fng (3365,1793) s1=fng (2674,2081) [filtered=593]
cnt=2 s0=fng (3371,1735) s1=fng (2676,2013) [filtered=593]
cnt=2 s0=fng (3378,1677) s1=fng (2679,1944) [filtered=593]
cnt=2 s0=fng (3386,1617) s1=fng (2683,1875) [filtered=593]
cnt=2 s0=fng (3393,1557) s1=fng (2686,1806) [filtered=593]
cnt=2 s0=fng (3401,1498) s1=fng (2691,1739) [filtered=593]
cnt=2 s0=fng (3409,1440) s1=fng (2696,1673) [filtered=593]
cnt=2 s0=fng (3417,1384) s1=fng (2701,1608) [filtered=593]
cnt=2 s0=fng (3424,1330) s1=fng (2706,1545) [filtered=593]
cnt=2 s0=fng (3430,1276) s1=fng (2710,1482) [filtered=593]
cnt=2 s0=fng (3437,1224) s1=fng (2714,1421) [filtered=593]
cnt=2 s0=fng (3444,1174) s1=fng (2718,1363) [filtered=593]
cnt=2 s0=fng (3450,1125) s1=fng (2722,1306) [filtered=593]
cnt=2 s0=fng (3456,1077) s1=fng (2726,1252) [filtered=593]
cnt=2 s0=fng (3461,1029) s1=fng (2729,1198) [filtered=593]
cnt=2 s0=fng (3465,982) s1=fng (2732,1145) [filtered=593]
cnt=2 s0=fng (3470,937) s1=fng (2736,1096) [filtered=593]
cnt=2 s0=fng (3475,895) s1=fng (2741,1049) [filtered=593]
cnt=2 s0=fng (3479,854) s1=fng (2745,1003) [filtered=593]
cnt=2 s0=fng (3483,816) s1=fng (2749,958) [filtered=593]
cnt=2 s0=fng (3488,779) s1=fng (2754,916) [filtered=593]
cnt=2 s0=fng (3492,746) s1=fng (2759,877) [filtered=593]
cnt=2 s0=fng (3496,716) s1=fng (2764,842) [filtered=593]
cnt=2 s0=fng (3499,687) s1=fng (2768,808) [filtered=593]
cnt=2 s0=fng (3502,661) s1=fng (2773,776) [filtered=593]
cnt=2 s0=fng (3504,638) s1=fng (2778,748) [filtered=593]
cnt=2 s0=fng (3506,618) s1=fng (2782,723) [filtered=593]
cnt=2 s0=fng (3508,598) s1=fng (2785,699) [filtered=593]
cnt=2 s0=fng (3509,580) s1=fng (2787,677) [filtered=593]
cnt=2 s0=fng (3510,564) s1=fng (2789,658) [filtered=593]
cnt=2 s0=fng (3511,551) s1=fng (2790,642) [filtered=593]
cnt=2 s0=fng (3513,539) s1=fng (2791,628) [filtered=593]
cnt=2 s0=fng (3514,527) s1=fng (2792,614) [filtered=593]
cnt=2 s0=fng (3515,517) s1=fng (2793,602) [filtered=593]
cnt=2 s0=fng (3515,509) s1=fng (2794,592) [filtered=593]
cnt=2 s0=fng (3516,501) s1=fng (2795,584) [filtered=593]
cnt=2 s0=fng (3516,495) s1=fng (2796,576) [filtered=593]
cnt=2 s0=fng (3516,489) s1=fng (2796,568) [filtered=593]
cnt=2 s0=fng (3516,484) s1=fng (2797,562) [filtered=593]
cnt=2 s0=fng (3517,480) s1=fng (2798,557) [filtered=593]
cnt=2 s0=fng (3517,476) s1=fng (2799,553) [filtered=593]
cnt=2 s0=fng (3517,473) s1=fng (2799,549) [filtered=593]
cnt=2 s0=fng (3517,470) s1=fng (2799,545) [filtered=593]
cnt=2 s0=fng (3517,468) s1=fng (2800,542) [filtered=593]
cnt=2 s0=fng (3517,467) s1=fng (2800,540) [filtered=593]
cnt=2 s0=fng (3518,466) s1=fng (2801,539) [filtered=593]
cnt=2 s0=fng (3518,465) s1=fng (2801,538) [filtered=593]
cnt=2 s0=fng (3518,464) s1=fng (2801,537) [filtered=593]
cnt=2 s0=fng (3518,464) s1=fng (2801,536) [filtered=593]
cnt=2 s0=fng (3518,464) s1=fng (2801,536) [filtered=593]
cnt=2 s0=fng (3518,464) s1=fng (2801,536) [filtered=593]
cnt=2 s0=fng (3518,464) s1=fng (2801,536) [filtered=593]
cnt=2 s0=fng (3518,464) s1=fng (2801,536) [filtered=593]
cnt=2 s0=fng (3518,464) s1=fng (2801,536) [filtered=593]
cnt=2 s0=fng (3518,464) s1=fng (2801,536) [filtered=593]
cnt=2 s0=fng (3518,464) s1=fng (2801,536) [filtered=593]
cnt=2 s0=fng (3518,464) s1=fng (2801,536) [filtered=593]
cnt=2 s0=fng (3518,464) s1=fng (2801,536) [filtered=593]
cnt=2 s0=fng (3518,464) s1=fng (2801,536) [filtered=593]
cnt=2 s0=fng (3518,464) s1=fng (2801,536) [filtered=593]
cnt=2 s0=fng (3518,464)* s1=fng (2801,536) [filtered=593]
cnt=2 s0=fng (3518,464)* s1=fng (2801,536) [filtered=593]
cnt=2 s0=fng (3518,464)* s1=fng (2801,536) [filtered=593]
cnt=2 s0=fng (3518,464)* s1=fng (2801,536)* [filtered=593]
cnt=2 s0=fng (3518,464)* s1=fng (2801,536)* [filtered=593]
cnt=2 s0=fng (3518,464)* s1=fng (2801,536)* [filtered=593]
cnt=2 s0=fng (3518,464)* s1=fng (2802,536)* [filtered=593]
cnt=2 s0=fng (3518,464)* s1=fng (2802,536)* [filtered=593]
cnt=2 s0=fng (3518,464)* s1=fng (2802,536)* [filtered=593]
cnt=2 s0=fng (3518,464)* s1=fng (2802,536)* [filtered=593]
cnt=2 s0=fng (3518,464)* s1=fng (2802,536)* [filtered=593]
cnt=2 s0=fng (3518,464)* s1=fng (2802,536)* [filtered=593]
cnt=2 s0=fng (3518,464)* s1=fng (2802,536)* [filtered=593]
cnt=2 s0=fng (3518,464)* s1=fng (2802,536)* [filtered=593]
cnt=2 s0=fng (3518,464)* s1=fng (2802,536)* [filtered=593]
cnt=2 s0=fng (3518,464)* s1=fng (2802,536)* [filtered=593]
cnt=2 s0=fng (3518,464)* s1=fng (2803,536)* [filtered=593]
cnt=2 s0=fng (3518,464)* s1=fng (2803,536)* [filtered=593]
cnt=2 s0=fng (3518,464)* s1=fng (2803,536)* [filtered=593]
cnt=2 s0=fng (3518,464)* s1=fng (2803,536)* [filtered=593]
cnt=2 s0=fng (3518,464)* s1=fng (2804,536)* [filtered=593]
cnt=2 s0=fng (3518,464)* s1=fng (2805,540) [filtered=593]
cnt=2 s0=fng (3518,464)* s1=fng (2806,545) [filtered=593]
cnt=2 s0=fng (3518,464)* s1=fng (2807,550) [filtered=593]
cnt=2 s0=fng (3518,467)* s1=fng (2808,557) [filtered=593]
cnt=2 s0=fng (3518,471) s1=fng (2810,566) [filtered=593]
cnt=2 s0=fng (3517,476) s1=fng (2812,578) [filtered=593]
cnt=2 s0=fng (3517,483) s1=fng (2814,595) [filtered=593]
cnt=2 s0=fng (3517,489) s1=fng (2815,611) [filtered=593]
cnt=2 s0=fng (3518,498) s1=fng (2816,632) [filtered=593]
cnt=2 s0=fng (3519,510) s1=fng (2817,659) [filtered=593]
cnt=2 s0=fng (3520,527) s1=fng (2818,694) [filtered=593]
cnt=2 s0=fng (3521,550) s1=fng (2819,736) [filtered=593]
cnt=2 s0=fng (3521,572) s1=fng (2819,777) [filtered=593]
cnt=2 s0=fng (3522,601) s1=fng (2820,824) [filtered=593]
cnt=2 s0=fng (3523,637) s1=fng (2821,876) [filtered=593]
cnt=2 s0=fng (3524,680) s1=fng (2821,933) [filtered=593]
cnt=2 s0=fng (3524,723) s1=fng (2821,989) [filtered=593]
cnt=2 s0=fng (3524,772) s1=fng (2821,1050) [filtered=593]
cnt=2 s0=fng (3524,827) s1=fng (2820,1114) [filtered=593]
cnt=2 s0=fng (3523,886) s1=fng (2819,1182) [filtered=593]
cnt=2 s0=fng (3522,949) s1=fng (2817,1252) [filtered=593]
cnt=2 s0=fng (3521,1011) s1=fng (2816,1321) [filtered=593]
cnt=2 s0=fng (3520,1076) s1=fng (2814,1390) [filtered=593]
cnt=2 s0=fng (3518,1145) s1=fng (2811,1461) [filtered=593]
cnt=2 s0=fng (3516,1215) s1=fng (2807,1532) [filtered=593]
cnt=2 s0=fng (3513,1286) s1=fng (2803,1603) [filtered=593]
cnt=2 s0=fng (3511,1356) s1=fng (2800,1673) [filtered=593]
cnt=2 s0=fng (3509,1425) s1=fng (2796,1742) [filtered=593]
cnt=2 s0=fng (3507,1492) s1=fng (2793,1809) [filtered=593]
cnt=2 s0=fng (3507,1557) s1=fng (2791,1873) [filtered=593]
cnt=2 s0=fng (3506,1622) s1=fng (2790,1937) [filtered=593]
cnt=2 s0=fng (3505,1683) s1=fng (2788,1998) [filtered=593]
cnt=2 s0=fng (3506,1740) s1=fng (2787,2055) [filtered=593]
cnt=2 s0=fng (3507,1793) s1=fng (2787,2108) [filtered=593]
cnt=2 s0=fng (3509,1842) s1=fng (2787,2156) [filtered=593]
cnt=2 s0=fng (3510,1890) s1=fng (2787,2203) [filtered=593]
cnt=2 s0=fng (3512,1934) s1=fng (2787,2245) [filtered=593]
cnt=2 s0=fng (3515,1974) s1=fng (2787,2284) [filtered=593]
cnt=2 s0=fng (3518,2011) s1=fng (2787,2320) [filtered=593]
cnt=2 s0=fng (3520,2045) s1=fng (2786,2354) [filtered=593]
cnt=2 s0=fng (3520,2078) s1=fng (2786,2387) [filtered=593]
cnt=2 s0=fng (3521,2109) s1=fng (2785,2419) [filtered=593]
cnt=2 s0=fng (3521,2138) s1=fng (2784,2448) [filtered=593]
cnt=2 s0=fng (3520,2166) s1=fng (2782,2477) [filtered=593]
cnt=2 s0=fng (3519,2192) s1=fng (2781,2506) [filtered=593]
cnt=2 s0=fng (3518,2217) s1=fng (2780,2534) [filtered=593]
cnt=2 s0=fng (3516,2241) s1=fng (2778,2561) [filtered=593]
cnt=2 s0=fng (3514,2263) s1=fng (2776,2586) [filtered=593]
cnt=2 s0=fng (3512,2283) s1=fng (2775,2610) [filtered=593]
cnt=2 s0=fng (3511,2303) s1=fng (2775,2634) [filtered=593]
cnt=2 s0=fng (3509,2322) s1=fng (2774,2655) [filtered=593]
cnt=2 s0=fng (3506,2339) s1=fng (2774,2675) [filtered=593]
cnt=2 s0=fng (3504,2355) s1=fng (2775,2693) [filtered=593]
cnt=2 s0=fng (3503,2370) s1=fng (2776,2709) [filtered=593]
cnt=2 s0=fng (3502,2385) s1=fng (2776,2725) [filtered=593]
cnt=2 s0=fng (3501,2398) s1=fng (2777,2739) [filtered=593]
cnt=2 s0=fng (3501,2410) s1=fng (2778,2751) [filtered=593]
cnt=2 s0=fng (3501,2421) s1=fng (2779,2762) [filtered=593]
cnt=2 s0=fng (3501,2430) s1=fng (2780,2771) [filtered=593]
cnt=2 s0=fng (3501,2439) s1=fng (2781,2780) [filtered=593]
cnt=2 s0=fng (3501,2447) s1=fng (2782,2788) [filtered=593]
cnt=2 s0=fng (3501,2452) s1=fng (2783,2794) [filtered=593]
cnt=2 s0=fng (3501,2456) s1=fng (2784,2798) [filtered=593]
cnt=2 s0=fng (3501,2460) s1=fng (2784,2802) [filtered=593]
cnt=2 s0=fng (3501,2463) s1=fng (2785,2805) [filtered=593]
cnt=2 s0=fng (3502,2465) s1=fng (2785,2806) [filtered=593]
cnt=2 s0=fng (3502,2466) s1=fng (2786,2806) [filtered=593]
cnt=2 s0=fng (3502,2467) s1=fng (2786,2806) [filtered=593]
cnt=2 s0=fng (3502,2468) s1=fng (2786,2806) [filtered=593]
cnt=2 s0=fng (3502,2468) s1=fng (2786,2806) [filtered=593]
cnt=2 s0=fng (3502,2468) s1=fng (2786,2806) [filtered=593]
cnt=2 s0=fng (3502,2468) s1=fng (2786,2806) [filtered=593]
cnt=2 s0=fng (3502,2468) s1=fng (2786,2806) [filtered=593]
cnt=2 s0=fng (3502,2468) s1=fng (2786,2806) [filtered=593]
cnt=2 s0=fng (3502,2468) s1=fng (2786,2806) [filtered=593]
cnt=2 s0=fng (3502,2468) s1=fng (2786,2806) [filtered=593]
cnt=2 s0=fng (3502,2468) s1=fng (2786,2806) [filtered=593]
cnt=2 s0=fng (3502,2468) s1=fng (2786,2806) [filtered=593]
cnt=2 s0=fng (3502,2468) s1=fng (2786,2806) [filtered=593]
cnt=2 s0=fng (3502,2468) s1=fng (2786,2806) [filtered=593]
cnt=2 s0=fng (3502,2468) s1=fng (2786,2806) [filtered=593]
cnt=2 s0=fng (3502,2468) s1=fng (2786,2806) [filtered=593]
cnt=2 s0=fng (3502,2468) s1=fng (2786,2806) [filtered=593]
cnt=2 s0=fng (3502,2468)* s1=fng (2786,2806) [filtered=593]
cnt=2 s0=fng (3502,2468)* s1=fng (2786,2806)* [filtered=593]
cnt=2 s0=fng (3502,2468)* s1=fng (2786,2806)* [filtered=593]
cnt=2 s0=fng (3502,2468)* s1=fng (2786,2806)* [filtered=593]
cnt=2 s0=fng (3502,2468)* s1=fng (2786,2806)* [filtered=593]
cnt=2 s0=fng (3502,2468)* s1=fng (2786,2806)* [filtered=593]
cnt=2 s0=fng (3502,2468)* s1=fng (2786,2806)* [filtered=593]
cnt=2 s0=fng (3502,2468)* s1=fng (2786,2806)* [filtered=593]
cnt=2 s0=fng (3502,2468)* s1=fng (2786,2806)* [filtered=593]
cnt=2 s0=fng (3502,2468)* s1=fng (2786,2806)* [filtered=593]
cnt=2 s0=fng (3502,2468)* s1=fng (2786,2806)* [filtered=593]
cnt=2 s0=fng (3502,2468)* s1=fng (2786,2806)* [filtered=593]
cnt=2 s0=fng (3502,2468)* s1=fng (2786,2806)* [filtered=593]
cnt=2 s0=fng (3502,2468)* s1=fng (2786,2806)* [filtered=593]
cnt=2 s0=fng (3502,2468)* s1=fng (2786,2806)* [filtered=593]
cnt=2 s0=fng (3502,2468)* s1=fng (2786,2806)* [filtered=593]
cnt=2 s0=fng (3502,2468)* s1=fng (2786,2806)* [filtered=593]
cnt=2 s0=fng (3502,2468)* s1=fng (2786,2806)* [filtered=593]
cnt=2 s0=fng (3502,2468)* s1=fng (2786,2806)* [filtered=593]
cnt=2 s0=fng (3502,2468)* s1=fng (2786,2806)* [filtered=593]
cnt=2 s0=fng (3502,2468)* s1=fng (2786,2806)* [filtered=593]
cnt=2 s0=fng (3502,2468)* s1=fng (2786,2806)* [filtered=593]
cnt=2 s0=fng (3502,2468)* s1=fng (2786,2806)* [filtered=593]
cnt=2 s0=fng (3502,2468)* s1=fng (2786,2806)* [filtered=593]
cnt=2 s0=fng (3502,2468)* s1=fng (2786,2806)* [filtered=593]
cnt=2 s0=fng (3502,2468)* s1=fng (2786,2806)* [filtered=593]
cnt=2 s0=fng (3502,2468)* s1=fng (2786,2806)* [filtered=593]
cnt=2 s0=fng (3502,2468)* s1=fng (2786,2806)* [filtered=593]
cnt=2 s0=fng (3502,2468)* s1=fng (2786,2806)* [filtered=593]
cnt=2 s0=fng (3502,2468)* s1=fng (2786,2806)* [filtered=593]
cnt=2 s0=fng (3502,2468)* s1=fng (2786,2806)* [filtered=593]
cnt=2 s0=fng (3502,2468)* s1=fng (2786,2806)* [filtered=593]
cnt=2 s0=fng (3502,2468)* s1=fng (2786,2806)* [filtered=593]
cnt=2 s0=fng (3502,2468)* s1=fng (2785,2806)* [filtered=593]
cnt=2 s0=fng (3502,2468)* s1=fng (2785,2806)* [filtered=593]
cnt=2 s0=fng (3502,2468)* s1=fng (2785,2806)* [filtered=593]
cnt=2 s0=fng (3502,2468)* s1=fng (2785,2806)* [filtered=593]
cnt=2 s0=fng (3502,2468)* s1=fng (2785,2806)* [filtered=593]
cnt=2 s0=fng (3502,2468)* s1=fng (2785,2806)* [filtered=593]
cnt=2 s0=fng (3502,2468)* s1=fng (2785,2806)* [filtered=593]
cnt=2 s0=fng (3502,2468)* s1=fng (2785,2806)* [filtered=593]
cnt=2 s0=fng (3502,2468)* s1=fng (2785,2806)* [filtered=593]
cnt=2 s0=fng (3502,2468)* s1=fng (2785,2806)* [filtered=593]
cnt=2 s0=fng (3502,2468)* s1=fng (2785,2806)* [filtered=593]
cnt=2 s0=fng (3502,2468)* s1=fng (2785,2806)* [filtered=593]
cnt=2 s0=fng (3502,2468)* s1=fng (2785,2806)* [filtered=593]
cnt=2 s0=fng (3502,2468)* s1=fng (2785,2806)* [filtered=593]
cnt=2 s0=fng (3502,2468)* s1=fng (2785,2806)* [filtered=593]
cnt=2 s0=fng (3502,2468)* s1=fng (2785,2806)* [filtered=593]
cnt=2 s0=fng (3502,2468)* s1=fng (2785,2806)* [filtered=593]
cnt=2 s0=fng (3502,2468)* s1=fng (2785,2806)* [filtered=593]
cnt=2 s0=fng (3502,2468)* s1=fng (2785,2806)* [filtered=593]
cnt=2 s0=fng (3502,2468)* s1=fng (2785,2803)* [filtered=593]
cnt=2 s0=fng (3502,2468)* s1=fng (2785,2800)* [filtered=593]
cnt=2 s0=fng (3501,2468)* s1=fng (2785,2797)* [filtered=593]
cnt=2 s0=fng (3501,2468)* s1=fng (2785,2794)* [filtered=593]
cnt=2 s0=fng (3501,2468)* s1=fng (2785,2791)* [filtered=593]
cnt=1 s0=fng (3312,1478) [filtered=593]
cnt=1 s0=fng (3312,1478) [filtered=593]
cnt=1 s0=fng (3312,1478) [filtered=593]
cnt=2 s0=fng (3312,1478) s1=fng (2617,1798) [filtered=593]
cnt=2 s0=fng (3312,1478) s1=fng (2617,1799) [filtered=593]
cnt=2 s0=fng (3313,1479) s1=fng (2617,1800) [filtered=593]
cnt=2 s0=fng (3313,1479) s1=fng (2617,1800) [filtered=593]
cnt=2 s0=fng (3313,1480) s1=fng (2617,1801) [filtered=593]
cnt=2 s0=fng (3313,1481) s1=fng (2617,1804) [filtered=593]
cnt=2 s0=fng (3313,1484) s1=fng (2617,1808) [filtered=593]
cnt=2 s0=fng (3313,1491) s1=fng (2616,1817) [filtered=593]
cnt=2 s0=fng (3313,1497) s1=fng (2616,1825) [filtered=593]
cnt=2 s0=fng (3313,1507) s1=fng (2615,1838) [filtered=593]
cnt=2 s0=fng (3312,1522) s1=fng (2614,1857) [filtered=593]
cnt=2 s0=fng (3310,1543) s1=fng (2612,1881) [filtered=593]
cnt=2 s0=fng (3308,1570) s1=fng (2610,1912) [filtered=593]
cnt=2 s0=fng (3307,1596) s1=fng (2609,1942) [filtered=593]
cnt=2 s0=fng (3304,1629) s1=fng (2608,1978) [filtered=593]
cnt=2 s0=fng (3300,1668) s1=fng (2606,2019) [filtered=593]
cnt=2 s0=fng (3297,1711) s1=fng (2604,2063) [filtered=593]
cnt=2 s0=fng (3295,1754) s1=fng (2603,2107) [filtered=593]
cnt=2 s0=fng (3293,1799) s1=fng (2603,2152) [filtered=593]
cnt=2 s0=fng (3292,1845) s1=fng (2603,2199) [filtered=593]
cnt=2 s0=fng (3292,1892) s1=fng (2604,2246) [filtered=593]
cnt=2 s0=fng (3294,1940) s1=fng (2605,2292) [filtered=593]
cnt=2 s0=fng (3295,1988) s1=fng (2605,2338) [filtered=593]
cnt=2 s0=fng (3297,2035) s1=fng (2607,2383) [filtered=593]
cnt=2 s0=fng (3300,2080) s1=fng (2608,2426) [filtered=593]
cnt=2 s0=fng (3303,2122) s1=fng (2610,2467) [filtered=593]
cnt=2 s0=fng (3307,2161) s1=fng (2612,2505) [filtered=593]
cnt=2 s0=fng (3310,2200) s1=fng (2613,2543) [filtered=593]
cnt=2 s0=fng (3314,2236) s1=fng (2615,2579) [filtered=593]
cnt=2 s0=fng (3316,2269) s1=fng (2616,2612) [filtered=593]
cnt=2 s0=fng (3318,2299) s1=fng (2617,2643) [filtered=593]
cnt=2 s0=fng (3319,2328) s1=fng (2617,2673) [filtered=593]
cnt=2 s0=fng (3320,2356) s1=fng (2617,2701) [filtered=593]
cnt=2 s0=fng (3320,2381) s1=fng (2617,2727) [filtered=593]
cnt=2 s0=fng (3320,2404) s1=fng (2616,2752) [filtered=593]
cnt=2 s0=fng (3319,2425) s1=fng (2614,2775) [filtered=593]
cnt=2 s0=fng (3319,2445) s1=fng (2613,2797) [filtered=593]
cnt=2 s0=fng (3318,2463) s1=fng (2612,2817) [filtered=593]
cnt=2 s0=fng (3316,2479) s1=fng (2610,2836) [filtered=593]
cnt=2 s0=fng (3313,2494) s1=fng (2607,2854) [filtered=593]
cnt=2 s0=fng (3310,2507) s1=fng (2605,2871) [filtered=593]
cnt=2 s0=fng (3309,2519) s1=fng (2604,2887) [filtered=593]
cnt=2 s0=fng (3307,2531) s1=fng (2602,2901) [filtered=593]
cnt=2 s0=fng (3304,2541) s1=fng (2599,2913) [filtered=593]
cnt=2 s0=fng (3301,2551) s1=fng (2597,2925) [filtered=593]
cnt=2 s0=fng (3299,2561) s1=fng (2596,2937) [filtered=593]
cnt=2 s0=fng (3297,2570) s1=fng (2595,2948) [filtered=593]
cnt=2 s0=fng (3295,2579) s1=fng (2593,2961) [filtered=593]
cnt=2 s0=fng (3293,2587) s1=fng (2592,2974) [filtered=593]
cnt=2 s0=fng (3291,2595) s1=fng (2591,2986) [filtered=593]
cnt=2 s0=fng (3290,2603) s1=fng (2591,2998) [filtered=593]
cnt=2 s0=fng (3289,2610) s1=fng (2590,3008) [filtered=593]
cnt=2 s0=fng (3288,2616) s1=fng (2590,3016) [filtered=593]
cnt=2 s0=fng (3287,2621) s1=fng (2590,3022) [filtered=593]
cnt=2 s0=fng (3286,2626) s1=fng (2590,3028) [filtered=593]
cnt=2 s0=fng (3286,2630) s1=fng (2590,3032) [filtered=593]
cnt=2 s0=fng (3285,2634) s1=fng (2590,3035) [filtered=593]
cnt=2 s0=fng (3285,2637) s1=fng (2590,3037) [filtered=593]
cnt=2 s0=fng (3285,2640) s1=fng (2590,3039) [filtered=593]
cnt=2 s0=fng (3285,2642) s1=fng (2590,3039) [filtered=593]
cnt=2 s0=fng (3285,2643) s1=fng (2589,3039) [filtered=593]
cnt=2 s0=fng (3285,2643) s1=fng (2588,3039) [filtered=593]
cnt=2 s0=fng (3285,2643) s1=fng (2588,3039) [filtered=593]
cnt=2 s0=fng (3285,2643) s1=fng (2588,3039) [filtered=593]
cnt=2 s0=fng (3285,2643) s1=fng (2587,3036) [filtered=593]
cnt=2 s0=fng (3285,2643) s1=fng (2587,3033) [filtered=593]
cnt=2 s0=fng (3285,2640) s1=fng (2586,3030) [filtered=593]
cnt=2 s0=fng (3285,2637) s1=fng (2586,3027) [filtered=593]
cnt=2 s0=fng (3285,2634) s1=fng (2586,3024) [filtered=593]
cnt=2 s0=fng (3285,2630) s1=fng (2586,3019) [filtered=593]
cnt=2 s0=fng (3285,2625) s1=fng (2586,3013) [filtered=593]
cnt=2 s0=fng (3285,2619) s1=fng (2586,3006) [filtered=593]
cnt=2 s0=fng (3285,2614) s1=fng (2586,3000) [filtered=593]
cnt=2 s0=fng (3285,2608) s1=fng (2586,2991) [filtered=593]
cnt=2 s0=fng (3285,2600) s1=fng (2586,2979) [filtered=593]
cnt=2 s0=fng (3285,2590) s1=fng (2586,2963) [filtered=593]
cnt=2 s0=fng (3286,2579) s1=fng (2586,2948) [filtered=593]
cnt=2 s0=fng (3286,2569) s1=fng (2586,2934) [filtered=593]
cnt=2 s0=fng (3287,2557) s1=fng (2586,2920) [filtered=593]
cnt=2 s0=fng (3288,2543) s1=fng (2586,2905) [filtered=593]
cnt=2 s0=fng (3289,2526) s1=fng (2586,2886) [filtered=593]
cnt=2 s0=fng (3290,2504) s1=fng (2586,2863) [filtered=593]
cnt=2 s0=fng (3291,2483) s1=fng (2586,2841) [filtered=593]
cnt=2 s0=fng (3293,2458) s1=fng (2586,2814) [filtered=593]
cnt=2 s0=fng (3295,2429) s1=fng (2586,2781) [filtered=593]
cnt=2 s0=fng (3298,2395) s1=fng (2585,2741) [filtered=593]
cnt=2 s0=fng (3299,2361) s1=fng (2585,2701) [filtered=593]
cnt=2 s0=fng (3302,2322) s1=fng (2585,2655) [filtered=593]
cnt=2 s0=fng (3307,2278) s1=fng (2586,2602) [filtered=593]
cnt=2 s0=fng (3313,2230) s1=fng (2586,2544) [filtered=593]
cnt=2 s0=fng (3319,2178) s1=fng (2586,2481) [filtered=593]
cnt=2 s0=fng (3324,2127) s1=fng (2586,2418) [filtered=593]
cnt=2 s0=fng (3330,2073) s1=fng (2587,2353) [filtered=593]
cnt=2 s0=fng (3337,2018) s1=fng (2588,2288) [filtered=593]
cnt=2 s0=fng (3345,1964) s1=fng (2590,2224) [filtered=593]
cnt=2 s0=fng (3354,1910) s1=fng (2593,2159) [filtered=593]
cnt=2 s0=fng (3362,1857) s1=fng (2595,2094) [filtered=593]
cnt=2 s0=fng (3370,1804) s1=fng (2599,2030) [filtered=593]
cnt=2 s0=fng (3379,1753) s1=fng (2604,1967) [filtered=593]
cnt=2 s0=fng (3388,1704) s1=fng (2610,1906) [filtered=593]
cnt=2 s0=fng (3396,1655) s1=fng (2615,1845) [filtered=593]
cnt=2 s0=fng (3405,1608) s1=fng (2622,1786) [filtered=593]
cnt=2 s0=fng (3414,1563) s1=fng (2630,1728) [filtered=593]
cnt=2 s0=fng (3423,1519) s1=fng (2639,1671) [filtered=593]
cnt=2 s0=fng (3433,1477) s1=fng (2648,1614) [filtered=593]
cnt=2 s0=fng (3442,1436) s1=fng (2657,1558) [filtered=593]
cnt=2 s0=fng (3452,1395) s1=fng (2667,1504) [filtered=593]
cnt=2 s0=fng (3461,1355) s1=fng (2678,1451) [filtered=593]
cnt=2 s0=fng (3471,1317) s1=fng (2689,1400) [filtered=593]
cnt=2 s0=fng (3481,1280) s1=fng (2700,1352) [filtered=593]
cnt=2 s0=fng (3490,1244) s1=fng (2711,1305) [filtered=593]
cnt=2 s0=fng (3500,1208) s1=fng (2722,1259) [filtered=593]
cnt=2 s0=fng (3509,1173) s1=fng (2732,1215) [filtered=593]
cnt=2 s0=fng (3518,1140) s1=fng (2741,1174) [filtered=593]
cnt=2 s0=fng (3526,1108) s1=fng (2749,1134) [filtered=593]
cnt=2 s0=fng (3535,1077) s1=fng (2758,1098) [filtered=593]
cnt=2 s0=fng (3543,1048) s1=fng (2766,1065) [filtered=593]
cnt=2 s0=fng (3550,1021) s1=fng (2773,1035) [filtered=593]
cnt=2 s0=fng (3556,996) s1=fng (2778,1008) [filtered=593]
cnt=2 s0=fng (3561,972) s1=fng (2782,982) [filtered=593]
cnt=2 s0=fng (3565,952) s1=fng (2786,960) [filtered=593]
cnt=2 s0=fng (3568,935) s1=fng (2790,943) [filtered=593]
cnt=2 s0=fng (3570,921) s1=fng (2792,930) [filtered=593]
cnt=2 s0=fng (3571,909) s1=fng (2794,921) [filtered=593]
cnt=2 s0=fng (3570,897) s1=fng (2795,912) [filtered=593]
cnt=2 s0=fng (3570,889) s1=fng (2796,907) [filtered=593]
cnt=2 s0=fng (3569,882) s1=fng (2798,905) [filtered=593]
cnt=2 s0=fng (3568,877) s1=fng (2799,905) [filtered=593]
cnt=2 s0=fng (3566,873) s1=fng (2799,905) [filtered=593]
cnt=2 s0=fng (3565,869) s1=fng (2799,905) [filtered=593]
cnt=2 s0=fng (3564,865) s1=fng (2799,905) [filtered=593]
cnt=2 s0=fng (2558,2003) s1=fng (3279,1644) [filtered=593]
cnt=2 s0=fng (2558,2003) s1=fng (3279,1644) [filtered=593]
cnt=2 s0=fng (2557,2002) s1=fng (3279,1643) [filtered=593]
cnt=2 s0=fng (2557,1999) s1=fng (3279,1642) [filtered=593]
cnt=2 s0=fng (2558,1991) s1=fng (3279,1640) [filtered=593]
cnt=2 s0=fng (2559,1977) s1=fng (3280,1637) [filtered=593]
cnt=2 s0=fng (2560,1964) s1=fng (3280,1635) [filtered=593]
cnt=2 s0=fng (2561,1947) s1=fng (3282,1626) [filtered=593]
cnt=2 s0=fng (2564,1924) s1=fng (3285,1611) [filtered=593]
cnt=2 s0=fng (2569,1892) s1=fng (3289,1590) [filtered=593]
cnt=2 s0=fng (2575,1852) s1=fng (3294,1565) [filtered=593]
cnt=2 s0=fng (2579,1813) s1=fng (3297,1541) [filtered=593]
cnt=2 s0=fng (2585,1769) s1=fng (3301,1514) [filtered=593]
cnt=2 s0=fng (2591,1721) s1=fng (3307,1483) [filtered=593]
cnt=2 s0=fng (2598,1668) s1=fng (3313,1446) [filtered=593]
cnt=2 s0=fng (2604,1616) s1=fng (3318,1409) [filtered=593]
cnt=2 s0=fng (2611,1563) s1=fng (3325,1368) [filtered=593]
cnt=2 s0=fng (2618,1511) s1=fng (3332,1326) [filtered=593]
cnt=2 s0=fng (2625,1460) s1=fng (3338,1285) [filtered=593]
cnt=2 s0=fng (2631,1411) s1=fng (3344,1247) [filtered=593]
cnt=2 s0=fng (2636,1363) s1=fng (3349,1209) [filtered=593]
cnt=2 s0=fng (2642,1314) s1=fng (3354,1173) [filtered=593]
cnt=2 s0=fng (2648,1266) s1=fng (3359,1136) [filtered=593]
cnt=2 s0=fng (2654,1221) s1=fng (3364,1099) [filtered=593]
cnt=2 s0=fng (2659,1179) s1=fng (3370,1064) [filtered=593]
cnt=2 s0=fng (2663,1138) s1=fng (3375,1029) [filtered=593]
cnt=2 s0=fng (2668,1097) s1=fng (3379,997) [filtered=593]
cnt=2 s0=fng (2673,1060) s1=fng (3383,968) [filtered=593]
cnt=2 s0=fng (2678,1026) s1=fng (3387,940) [filtered=593]
cnt=2 s0=fng (2682,993) s1=fng (3390,913) [filtered=593]
cnt=2 s0=fng (2687,965) s1=fng (3392,889) [filtered=593]
cnt=2 s0=fng (2692,941) s1=fng (3394,866) [filtered=593]
cnt=2 s0=fng (2695,920) s1=fng (3396,845) [filtered=593]
cnt=2 s0=fng (2697,903) s1=fng (3398,828) [filtered=593]
cnt=2 s0=fng (2699,886) s1=fng (3399,812) [filtered=593]
cnt=2 s0=fng (2700,872) s1=fng (3400,800) [filtered=593]
cnt=1 s1=fng (3400,790) [filtered=593]
cnt=1 s1=fng (3399,782) [filtered=593]
cnt=1 s1=fng (3399,775) [filtered=593]
cnt=2 s0=fng (3307,1785) s1=fng (2607,2074) [filtered=593]
cnt=2 s0=fng (3307,1784) s1=fng (2607,2073) [filtered=593]
cnt=2 s0=fng (3307,1784) s1=fng (2607,2073) [filtered=593]
cnt=2 s0=fng (3308,1783) s1=fng (2607,2072) [filtered=593]
cnt=2 s0=fng (3308,1782) s1=fng (2607,2071) [filtered=593]
cnt=2 s0=fng (3308,1780) s1=fng (2608,2069) [filtered=593]
cnt=2 s0=fng (3309,1778) s1=fng (2609,2062) [filtered=593]
cnt=2 s0=fng (3309,1777) s1=fng (2610,2057) [filtered=593]
cnt=2 s0=fng (3309,1774) s1=fng (2611,2048) [filtered=593]
cnt=2 s0=fng (3311,1768) s1=fng (2613,2036) [filtered=593]
cnt=2 s0=fng (3314,1757) s1=fng (2616,2020) [filtered=593]
cnt=2 s0=fng (3318,1742) s1=fng (2620,2000) [filtered=593]
cnt=2 s0=fng (3320,1728) s1=fng (2622,1980) [filtered=593]
cnt=2 s0=fng (3324,1711) s1=fng (2626,1956) [filtered=593]
cnt=2 s0=fng (3329,1690) s1=fng (2630,1927) [filtered=593]
cnt=2 s0=fng (3335,1665) s1=fng (2635,1895) [filtered=593]
cnt=2 s0=fng (3340,1640) s1=fng (2639,1864) [filtered=593]
cnt=2 s0=fng (3346,1613) s1=fng (2643,1830) [filtered=593]
cnt=2 s0=fng (3353,1583) s1=fng (2648,1793) [filtered=593]
cnt=2 s0=fng (3361,1550) s1=fng (2653,1753) [filtered=593]
cnt=2 s0=fng (3369,1515) s1=fng (2658,1711) [filtered=593]
cnt=2 s0=fng (3376,1480) s1=fng (2662,1669) [filtered=593]
cnt=2 s0=fng (3385,1443) s1=fng (2667,1626) [filtered=593]
cnt=2 s0=fng (3394,1404) s1=fng (2672,1580) [filtered=593]
cnt=2 s0=fng (3403,1364) s1=fng (2677,1531) [filtered=593]
cnt=2 s0=fng (3411,1325) s1=fng (2681,1483) [filtered=593]
cnt=2 s0=fng (3420,1284) s1=fng (2686,1432) [filtered=593]
cnt=2 s0=fng (3429,1241) s1=fng (2692,1380) [filtered=593]
cnt=2 s0=fng (3438,1197) s1=fng (2698,1327) [filtered=593]
cnt=2 s0=fng (3447,1153) s1=fng (2705,1274) [filtered=593]
cnt=2 s0=fng (3455,1109) s1=fng (2712,1222) [filtered=593]
cnt=2 s0=fng (3463,1066) s1=fng (2719,1170) [filtered=593]
cnt=2 s0=fng (3472,1023) s1=fng (2727,1119) [filtered=593]
cnt=2 s0=fng (3480,982) s1=fng (2736,1070) [filtered=593]
cnt=2 s0=fng (3487,942) s1=fng (2745,1023) [filtered=593]
cnt=2 s0=fng (3493,903) s1=fng (2753,977) [filtered=593]
cnt=2 s0=fng (3498,866) s1=fng (2762,932) [filtered=593]
cnt=2 s0=fng (3504,832) s1=fng (2771,891) [filtered=593]
cnt=2 s0=fng (3509,802) s1=fng (2779,855) [filtered=593]
cnt=2 s0=fng (3513,773) s1=fng (2786,820) [filtered=593]
cnt=2 s0=fng (3517,749) s1=fng (2792,791) [filtered=593]
cnt=2 s0=fng (3520,729) s1=fng (2797,767) [filtered=593]
cnt=2 s0=fng (3523,711) s1=fng (2801,745) [filtered=593]
cnt=2 s0=fng (3525,694) s1=fng (2806,725) [filtered=593]
cnt=2 s0=fng (3527,678) s1=fng (2810,705) [filtered=593]
cnt=2 s0=fng (3529,662) s1=fng (2815,686) [filtered=593]
cnt=2 s0=fng (3532,648) s1=fng (2820,669) [filtered=593]
cnt=2 s0=fng (3534,635) s1=fng (2825,653) [filtered=593]
cnt=2 s0=fng (3536,623) s1=fng (2830,637) [filtered=593]
cnt=2 s0=fng (3537,611) s1=fng (2834,621) [filtered=593]
cnt=2 s0=fng (3539,599) s1=fng (2839,607) [filtered=593]
cnt=2 s0=fng (3542,587) s1=fng (2843,595) [filtered=593]
cnt=1 s0=fng (3545,576) [filtered=593]
cnt=1 s0=fng (3548,566) [filtered=593]
cnt=1 s0=fng (27,1886) [filtered=593]
cnt=1 s0=fng (27,1886) [filtered=593]
cnt=1 s0=fng (27,1886) [filtered=593]
cnt=1 s0=fng (27,1886) [filtered=593]
cnt=1 s0=fng (27,1886) [filtered=593]
cnt=1 s0=fng (27,1886) [filtered=593]
cnt=1 s0=fng (27,1886) [filtered=593]
cnt=1 s0=fng (27,1886) [filtered=593]
cnt=1 s0=fng (27,1886) [filtered=593]
cnt=1 s0=fng (27,1886) [filtered=593]
cnt=1 s0=fng (4597,1552) [filtered=593]
cnt=1 s0=fng (4596,1552) [filtered=593]
cnt=1 s0=fng (4596,1552) [filtered=593]
cnt=1 s0=fng (4595,1552) [filtered=593]
cnt=1 s0=fng (4595,1552) [filtered=593]
cnt=1 s0=fng (4595,1552) [filtered=593]
cnt=1 s0=fng (4594,1552) [filtered=593]
cnt=1 s0=fng (4594,1552) [filtered=593]
cnt=1 s0=fng (4594,1552) [filtered=593]
cnt=1 s0=fng (4593,1552) [filtered=593]
cnt=1 s0=fng (4593,1552) [filtered=593]
cnt=1 s0=fng (4593,1552) [filtered=593]
cnt=1 s0=fng (4593,1552) [filtered=593]
cnt=1 s0=fng (4593,1552) [filtered=593]
cnt=1 s0=fng (4593,1553) [filtered=593]
cnt=1 s0=fng (4593,1554) [filtered=593]
cnt=1 s0=fng (4593,1555) [filtered=593]
cnt=1 s0=fng (4593,1556) [filtered=593]
cnt=1 s0=fng (4593,1556) [filtered=593]
cnt=1 s0=fng (4593,1557) [filtered=593]
cnt=1 s0=fng (4593,1559)* [filtered=593]
cnt=1 s0=fng (4593,1560)* [filtered=593]
cnt=1 s0=fng (4642,1630) [filtered=593]
cnt=1 s0=fng (4642,1630) [filtered=593]
cnt=1 s0=fng (4642,1630) [filtered=593]
cnt=2 s0=PALM(4642,1630) s1=PALM(24,1867) [filtered=594]
cnt=2 s0=PALM(4642,1630) s1=PALM(24,1867) [filtered=595]
cnt=2 s0=PALM(4642,1630) s1=PALM(24,1867) [filtered=596]
cnt=2 s0=PALM(4642,1630) s1=PALM(24,1867) [filtered=597]
cnt=2 s0=PALM(4642,1629) s1=PALM(24,1867) [filtered=598]
cnt=2 s0=PALM(4642,1629) s1=PALM(24,1867) [filtered=599]
cnt=2 s0=PALM(4642,1628) s1=PALM(24,1867) [filtered=600]
cnt=2 s0=PALM(4642,1628) s1=PALM(24,1867) [filtered=601]
cnt=2 s0=PALM(4642,1628) s1=PALM(24,1867) [filtered=602]
cnt=2 s0=PALM(4642,1627) s1=PALM(24,1867) [filtered=603]
cnt=2 s0=PALM(4642,1627) s1=PALM(24,1867) [filtered=604]
cnt=2 s0=PALM(4642,1627) s1=PALM(24,1867) [filtered=605]
cnt=2 s0=PALM(4642,1627) s1=PALM(24,1867) [filtered=606]
cnt=2 s0=PALM(4642,1627) s1=PALM(24,1867) [filtered=607]
cnt=2 s0=PALM(4642,1627) s1=PALM(24,1867) [filtered=608]
cnt=2 s0=PALM(4642,1627) s1=PALM(24,1867) [filtered=609]
cnt=2 s0=PALM(4642,1626) s1=PALM(24,1867) [filtered=610]
cnt=2 s0=PALM(4642,1626)* s1=PALM(24,1867) [filtered=611]
cnt=2 s0=PALM(4642,1626)* s1=PALM(24,1867) [filtered=612]
cnt=2 s0=PALM(4642,1625)* s1=PALM(24,1867) [filtered=613]
cnt=2 s0=PALM(4642,1625)* s1=PALM(24,1867)* [filtered=614]
cnt=2 s0=PALM(4641,1624)* s1=PALM(24,1867)* [filtered=615]
cnt=2 s0=PALM(4641,1623)* s1=PALM(24,1867)* [filtered=616]
cnt=2 s0=PALM(4640,1623)* s1=PALM(24,1866)* [filtered=617]
cnt=2 s0=PALM(4639,1622)* s1=PALM(24,1866)* [filtered=618]
cnt=2 s0=PALM(4639,1622)* s1=PALM(24,1865)* [filtered=619]
cnt=2 s0=PALM(4639,1622)* s1=PALM(24,1865)* [filtered=620]
cnt=2 s0=PALM(4639,1622)* s1=PALM(24,1865)* [filtered=621]
cnt=2 s0=PALM(4639,1622)* s1=PALM(24,1864)* [filtered=622]
cnt=2 s0=PALM(4639,1622)* s1=PALM(24,1863)* [filtered=623]
cnt=1 s1=fng (24,1862)* [filtered=623]
cnt=1 s1=fng (24,1861)* [filtered=623]
cnt=1 s1=fng (25,1860)* [filtered=623]
cnt=1 s1=fng (25,1859)* [filtered=623]
cnt=1 s1=fng (25,1858)* [filtered=623]
cnt=1 s1=fng (25,1857)* [filtered=623]
cnt=1 s1=fng (25,1857)* [filtered=623]
cnt=1 s1=fng (25,1856)* [filtered=623]
cnt=1 s1=fng (25,1855)* [filtered=623]
cnt=1 s1=fng (26,1854)* [filtered=623]
cnt=1 s1=fng (27,1853)* [filtered=623]
cnt=1 s1=fng (28,1853)* [filtered=623]
cnt=1 s1=fng (28,1852)* [filtered=623]
cnt=1 s1=fng (28,1851)* [filtered=623]
cnt=1 s1=fng (28,1850)* [filtered=623]
cnt=1 s1=fng (28,1850)* [filtered=623]
cnt=1 s1=fng (29,1850)* [filtered=623]
cnt=1 s1=fng (29,1849)* [filtered=623]
cnt=1 s1=fng (29,1848)* [filtered=623]
cnt=1 s1=fng (29,1848)* [filtered=623]
cnt=1 s1=fng (29,1848)* [filtered=623]
cnt=1 s1=fng (29,1847)* [filtered=623]
cnt=1 s1=fng (30,1846)* [filtered=623]
cnt=1 s1=fng (31,1846)* [filtered=623]
cnt=1 s1=fng (31,1846)* [filtered=623]
cnt=1 s1=fng (31,1846)* [filtered=623]
cnt=1 s1=fng (31,1846)* [filtered=623]
cnt=1 s1=fng (31,1846)* [filtered=623]
cnt=1 s1=fng (31,1846)* [filtered=623]
cnt=2 s0=PALM(4636,1644) s1=PALM(31,1846)* [filtered=624]
cnt=2 s0=PALM(4636,1644) s1=PALM(31,1847)* [filtered=625]
cnt=2 s0=PALM(4636,1644) s1=PALM(31,1848)* [filtered=626]
cnt=1 s1=fng (31,1848)* [filtered=626]
cnt=1 s0=fng (4639,1639) [filtered=626]
cnt=1 s0=fng (4639,1638) [filtered=626]
cnt=1 s0=fng (4639,1638) [filtered=626]
cnt=1 s0=fng (4639,1638) [filtered=626]
cnt=1 s0=fng (4639,1637) [filtered=626]
cnt=1 s0=fng (4639,1637) [filtered=626]
cnt=1 s0=fng (4639,1637) [filtered=626]
cnt=1 s0=fng (4639,1636) [filtered=626]
cnt=1 s0=fng (4639,1635) [filtered=626]
cnt=1 s0=fng (4639,1634) [filtered=626]
cnt=1 s0=fng (4639,1633) [filtered=626]
cnt=1 s0=fng (4639,1633) [filtered=626]
cnt=1 s0=fng (4639,1633) [filtered=626]
cnt=1 s0=fng (4639,1633) [filtered=626]
cnt=1 s0=fng (4639,1632) [filtered=626]
cnt=1 s0=fng (4639,1631) [filtered=626]
cnt=1 s0=fng (4630,1626) [filtered=626]
cnt=1 s0=fng (4630,1626) [filtered=626]
cnt=1 s0=fng (4630,1626) [filtered=626]
cnt=1 s0=fng (4630,1626) [filtered=626]
cnt=1 s0=fng (4630,1626) [filtered=626]
cnt=1 s0=fng (4630,1626) [filtered=626]
cnt=1 s0=fng (4630,1626) [filtered=626]
cnt=1 s0=fng (4630,1626) [filtered=626]
cnt=1 s0=fng (4630,1626) [filtered=626]
cnt=1 s0=fng (4630,1626) [filtered=626]
cnt=1 s0=fng (4630,1626) [filtered=626]
cnt=1 s0=fng (4630,1626) [filtered=626]
cnt=1 s0=fng (4630,1626) [filtered=626]
cnt=1 s0=fng (4630,1626) [filtered=626]
cnt=1 s0=fng (4630,1626) [filtered=626]
cnt=1 s0=fng (4630,1626) [filtered=626]
cnt=1 s0=fng (4630,1626) [filtered=626]
cnt=1 s0=fng (4630,1626) [filtered=626]
cnt=1 s0=fng (4667,1624) [filtered=626]
cnt=1 s0=fng (4667,1624) [filtered=626]
cnt=1 s0=fng (4667,1624) [filtered=626]
cnt=1 s0=fng (4667,1624) [filtered=626]
cnt=1 s0=fng (4667,1624) [filtered=626]
cnt=1 s0=fng (4667,1624) [filtered=626]
cnt=1 s0=fng (4667,1624) [filtered=626]
cnt=1 s0=fng (4667,1624) [filtered=626]
cnt=1 s0=fng (4667,1624) [filtered=626]
cnt=1 s0=fng (4667,1624) [filtered=626]
cnt=1 s0=fng (4667,1624) [filtered=626]
cnt=1 s0=fng (4667,1624) [filtered=626]
cnt=1 s0=fng (4667,1624) [filtered=626]
cnt=1 s0=fng (4667,1624) [filtered=626]
cnt=1 s0=fng (4667,1624) [filtered=626]
cnt=1 s0=fng (4667,1624) [filtered=626]
cnt=1 s0=fng (4667,1624) [filtered=626]
cnt=1 s0=fng (4667,1624) [filtered=626]
cnt=1 s0=fng (4667,1624) [filtered=626]
cnt=1 s0=fng (4667,1624) [filtered=626]
cnt=1 s0=fng (4667,1624)* [filtered=626]
cnt=1 s0=fng (4667,1624)* [filtered=626]
cnt=1 s0=fng (4667,1624)* [filtered=626]
cnt=1 s0=fng (4667,1624)* [filtered=626]
cnt=1 s0=fng (4667,1624)* [filtered=626]
cnt=1 s0=fng (4667,1624)* [filtered=626]
cnt=1 s0=fng (4667,1624)* [filtered=626]
cnt=1 s0=fng (4667,1624)* [filtered=626]
cnt=1 s0=fng (4667,1624)* [filtered=626]
cnt=1 s0=fng (4667,1624)* [filtered=626]
cnt=1 s0=fng (4667,1624)* [filtered=626]
cnt=1 s0=fng (4667,1624)* [filtered=626]
cnt=1 s0=fng (4667,1624)* [filtered=626]
cnt=1 s0=fng (4667,1624)* [filtered=626]
cnt=1 s0=fng (4667,1624)* [filtered=626]
cnt=1 s0=fng (4667,1624)* [filtered=626]
cnt=1 s0=fng (4667,1624)* [filtered=626]
cnt=1 s0=fng (4667,1624)* [filtered=626]
cnt=1 s0=fng (4667,1624)* [filtered=626]
cnt=1 s0=fng (4667,1624)* [filtered=626]
cnt=1 s0=fng (4667,1624)* [filtered=626]
cnt=1 s0=fng (4667,1624)* [filtered=626]
cnt=1 s0=fng (4667,1624)* [filtered=626]
cnt=1 s0=fng (4667,1624)* [filtered=626]
cnt=1 s0=fng (4667,1624)* [filtered=626]
cnt=1 s0=fng (4667,1624)* [filtered=626]
cnt=1 s0=fng (4667,1624)* [filtered=626]
cnt=1 s0=fng (4667,1624)* [filtered=626]
cnt=1 s0=fng (4667,1624)* [filtered=626]
cnt=1 s0=fng (4667,1624)* [filtered=626]
cnt=1 s0=fng (4667,1624)* [filtered=626]
cnt=1 s0=fng (1077,21) [filtered=626]
cnt=1 s0=fng (1077,21) [filtered=626]
cnt=1 s0=fng (1077,21) [filtered=626]
cnt=1 s0=fng (1077,21) [filtered=626]
cnt=1 s0=fng (1077,21) [filtered=626]
cnt=1 s0=fng (1077,21) [filtered=626]
cnt=1 s0=fng (1077,21) [filtered=626]
cnt=1 s0=fng (1077,21) [filtered=626]
cnt=1 s0=fng (1077,21) [filtered=626]
cnt=1 s0=fng (1077,21) [filtered=626]
cnt=1 s0=fng (1077,21) [filtered=626]
cnt=1 s0=fng (1077,21) [filtered=626]
cnt=1 s0=fng (1077,21) [filtered=626]
cnt=1 s0=fng (1077,21) [filtered=626]
cnt=1 s0=fng (1077,21) [filtered=626]
cnt=1 s0=fng (1077,21) [filtered=626]
cnt=1 s0=fng (1077,21) [filtered=626]
cnt=1 s0=fng (1077,21) [filtered=626]
cnt=1 s0=fng (4738,1761) [filtered=626]
cnt=1 s0=fng (4738,1761) [filtered=626]
cnt=1 s0=fng (4738,1761) [filtered=626]
cnt=1 s0=fng (4738,1761) [filtered=626]
cnt=1 s0=fng (4738,1761) [filtered=626]
cnt=1 s0=fng (4738,1761) [filtered=626]
cnt=1 s0=fng (4738,1761) [filtered=626]
cnt=1 s0=fng (4738,1761) [filtered=626]
cnt=1 s0=fng (4738,1761) [filtered=626]
cnt=1 s0=fng (4738,1760) [filtered=626]
cnt=1 s0=fng (4738,1760) [filtered=626]
cnt=1 s0=fng (4738,1759) [filtered=626]
cnt=1 s0=fng (4738,1759) [filtered=626]
cnt=1 s0=fng (4738,1758) [filtered=626]
cnt=1 s0=fng (4738,1758) [filtered=626]
cnt=1 s0=fng (4738,1758) [filtered=626]
cnt=1 s0=fng (4738,1757) [filtered=626]
cnt=1 s0=fng (4738,1757) [filtered=626]
cnt=1 s0=fng (4738,1756) [filtered=626]
cnt=1 s0=fng (4738,1755) [filtered=626]
cnt=1 s0=fng (4738,1755)* [filtered=626]
cnt=1 s0=fng (4738,1754)* [filtered=626]
cnt=1 s0=fng (4738,1753)* [filtered=626]
cnt=1 s0=fng (4738,1752)* [filtered=626]
cnt=1 s0=fng (4737,1750)* [filtered=626]
cnt=1 s0=fng (4737,1749)* [filtered=626]
cnt=1 s0=fng (4737,1748)* [filtered=626]
cnt=1 s0=fng (4736,1746)* [filtered=626]
cnt=1 s0=fng (4736,1744)* [filtered=626]
cnt=1 s0=fng (4736,1743)* [filtered=626]
cnt=1 s0=fng (4736,1742)* [filtered=626]
cnt=1 s0=fng (4735,1740)* [filtered=626]
cnt=1 s0=fng (4734,1738)* [filtered=626]
cnt=1 s0=fng (4734,1737)* [filtered=626]
cnt=1 s0=fng (4734,1736)* [filtered=626]
cnt=1 s0=fng (4733,1735)* [filtered=626]
cnt=1 s0=fng (4733,1734)* [filtered=626]
cnt=1 s0=fng (4733,1733)* [filtered=626]
cnt=1 s0=fng (4733,1732)* [filtered=626]
cnt=1 s0=fng (4733,1731)* [filtered=626]
cnt=1 s0=fng (4733,1730)* [filtered=626]
cnt=1 s0=fng (4733,1729)* [filtered=626]
cnt=1 s0=fng (4733,1729)* [filtered=626]
cnt=1 s0=fng (4733,1729)* [filtered=626]
cnt=1 s0=fng (4733,1729)* [filtered=626]
cnt=1 s0=fng (4733,1729)* [filtered=626]
cnt=1 s0=fng (4733,1729)* [filtered=626]
cnt=1 s0=fng (4733,1729)* [filtered=626]
cnt=1 s0=fng (4733,1729)* [filtered=626]
cnt=1 s0=fng (4733,1730)* [filtered=626]
cnt=1 s0=fng (4733,1731)* [filtered=626]
cnt=1 s0=fng (4733,1731)* [filtered=626]
cnt=1 s0=fng (4733,1732)* [filtered=626]
cnt=1 s0=fng (4733,1732)* [filtered=626]
cnt=1 s0=fng (4733,1733)* [filtered=626]
cnt=1 s0=fng (4733,1734)* [filtered=626]
cnt=1 s0=fng (4733,1735)* [filtered=626]
cnt=1 s0=fng (4733,1736)* [filtered=626]
cnt=1 s0=fng (4733,1737)* [filtered=626]
cnt=1 s0=fng (4733,1738)* [filtered=626]
cnt=1 s0=fng (4733,1739)* [filtered=626]
cnt=1 s0=fng (4733,1739)* [filtered=626]
cnt=1 s0=fng (4733,1739)* [filtered=626]
cnt=1 s0=fng (4733,1740)* [filtered=626]
cnt=1 s0=fng (4733,1740)* [filtered=626]
cnt=1 s0=fng (4733,1740)* [filtered=626]
cnt=1 s0=fng (4733,1739)* [filtered=626]
cnt=1 s0=fng (4733,1739)* [filtered=626]
cnt=1 s0=fng (4733,1738)* [filtered=626]
cnt=1 s0=fng (4733,1737)* [filtered=626]
cnt=1 s0=fng (4732,1736)* [filtered=626]
cnt=1 s0=fng (4732,1734)* [filtered=626]
cnt=1 s0=fng (4732,1733)* [filtered=626]
cnt=1 s0=fng (4732,1732)* [filtered=626]
cnt=1 s0=fng (4732,1730)* [filtered=626]
cnt=1 s0=fng (4731,1728)* [filtered=626]
cnt=1 s0=fng (4731,1727)* [filtered=626]
cnt=1 s0=fng (4731,1725)* [filtered=626]
cnt=1 s0=fng (4730,1723)* [filtered=626]
cnt=1 s0=fng (4730,1721)* [filtered=626]
cnt=1 s0=fng (4730,1719)* [filtered=626]
cnt=1 s0=fng (4730,1718)* [filtered=626]
cnt=1 s0=fng (4730,1716)* [filtered=626]
cnt=1 s0=fng (4730,1714)* [filtered=626]
cnt=1 s0=fng (4730,1713)* [filtered=626]
cnt=1 s0=fng (4730,1712)* [filtered=626]
cnt=1 s0=fng (4730,1711)* [filtered=626]
cnt=1 s0=fng (4730,1711)* [filtered=626]
cnt=1 s0=fng (4730,1711)* [filtered=626]
cnt=1 s0=fng (4730,1712)* [filtered=626]
cnt=1 s0=fng (4730,1712)* [filtered=626]
cnt=1 s0=fng (4730,1713)* [filtered=626]
cnt=1 s0=fng (4730,1714)* [filtered=626]
cnt=1 s0=fng (4730,1715)* [filtered=626]
cnt=1 s0=fng (4731,1717)* [filtered=626]
cnt=1 s0=fng (4731,1718)* [filtered=626]
cnt=1 s0=fng (4731,1719)* [filtered=626]
cnt=1 s0=fng (4731,1721)* [filtered=626]
cnt=1 s0=fng (4731,1724)* [filtered=626]
cnt=1 s0=fng (4731,1726)* [filtered=626]
cnt=1 s0=fng (4731,1727)* [filtered=626]
cnt=1 s0=fng (4731,1729)* [filtered=626]
cnt=1 s0=fng (4731,1731)* [filtered=626]
cnt=1 s0=fng (4731,1734)* [filtered=626]
cnt=1 s0=fng (4731,1736)* [filtered=626]
cnt=1 s0=fng (4731,1737)* [filtered=626]
cnt=1 s0=fng (4731,1739)* [filtered=626]
cnt=1 s0=fng (4731,1741)* [filtered=626]
cnt=1 s0=fng (4731,1743)* [filtered=626]
cnt=1 s0=fng (4731,1744)* [filtered=626]
cnt=1 s0=fng (4731,1746)* [filtered=626]
cnt=1 s0=fng (4732,1747)* [filtered=626]
cnt=1 s0=fng (4733,1749)* [filtered=626]
cnt=1 s0=fng (4733,1751)* [filtered=626]
cnt=1 s0=fng (4733,1752)* [filtered=626]
cnt=1 s0=fng (4734,1753)* [filtered=626]
cnt=1 s0=fng (4735,1755)* [filtered=626]
cnt=1 s0=fng (4736,1757)* [filtered=626]
cnt=1 s0=fng (4752,1781) [filtered=626]
cnt=1 s0=fng (4752,1781) [filtered=626]
cnt=1 s0=fng (4752,1787) [filtered=626]
cnt=1 s0=fng (4752,1787) [filtered=626]
cnt=1 s0=fng (4748,1784) [filtered=626]
cnt=1 s0=fng (4748,1784) [filtered=626]
cnt=1 s0=fng (4748,1784) [filtered=626]
cnt=1 s0=fng (4748,1784) [filtered=626]
cnt=1 s0=fng (4748,1784) [filtered=626]
cnt=1 s0=fng (4748,1784) [filtered=626]
cnt=1 s0=fng (4748,1784) [filtered=626]
cnt=1 s0=fng (4748,1784) [filtered=626]
cnt=1 s0=fng (4748,1784) [filtered=626]
cnt=1 s0=fng (4748,1784) [filtered=626]
cnt=1 s0=fng (4748,1784) [filtered=626]
cnt=1 s0=fng (4748,1784) [filtered=626]
cnt=1 s0=fng (4748,1784) [filtered=626]
cnt=1 s0=fng (4748,1784) [filtered=626]
cnt=1 s0=fng (4748,1784) [filtered=626]
cnt=1 s0=fng (4748,1784) [filtered=626]
cnt=2 s0=PALM(4748,1784) s1=fng (1032,21) [filtered=627]
cnt=2 s0=PALM(4748,1784) s1=fng (1032,21) [filtered=628]
cnt=2 s0=PALM(4748,1784) s1=fng (1032,21) [filtered=629]
cnt=2 s0=PALM(4748,1784) s1=fng (1032,21) [filtered=630]
cnt=2 s0=PALM(4748,1784)* s1=fng (1032,21) [filtered=631]
cnt=2 s0=PALM(4748,1784)* s1=fng (1032,21) [filtered=632]
cnt=2 s0=PALM(4748,1784)* s1=fng (1032,21) [filtered=633]
cnt=2 s0=PALM(4748,1784)* s1=fng (1032,21) [filtered=634]
cnt=2 s0=PALM(4748,1784)* s1=fng (1032,21) [filtered=635]
cnt=2 s0=PALM(4748,1784)* s1=fng (1032,21) [filtered=636]
cnt=2 s0=PALM(4748,1784)* s1=fng (1032,21) [filtered=637]
cnt=2 s0=PALM(4748,1784)* s1=fng (1032,21) [filtered=638]
cnt=2 s0=PALM(4748,1784)* s1=fng (1033,21) [filtered=639]
cnt=2 s0=PALM(4748,1784)* s1=fng (1033,21) [filtered=640]
cnt=2 s0=PALM(4748,1784)* s1=fng (1033,21) [filtered=641]
cnt=2 s0=PALM(4748,1784)* s1=fng (1034,21) [filtered=642]
cnt=2 s0=PALM(4748,1784)* s1=fng (1034,21) [filtered=643]
cnt=2 s0=PALM(4748,1784)* s1=fng (1035,21) [filtered=644]
cnt=2 s0=PALM(4748,1784)* s1=fng (1035,21) [filtered=645]
cnt=2 s0=PALM(4748,1784)* s1=fng (1035,21) [filtered=646]
cnt=2 s0=PALM(4748,1784)* s1=fng (1035,21)* [filtered=647]
cnt=2 s0=PALM(4748,1784)* s1=fng (1035,21)* [filtered=648]
cnt=2 s0=PALM(4748,1784)* s1=fng (1035,21)* [filtered=649]
cnt=2 s0=PALM(4748,1784)* s1=fng (1035,21)* [filtered=650]
cnt=2 s0=PALM(4748,1784)* s1=fng (1035,21)* [filtered=651]
cnt=1 s0=fng (4748,1783)* [filtered=651]
cnt=1 s0=fng (4748,1783)* [filtered=651]
cnt=1 s0=fng (4748,1783)* [filtered=651]
cnt=1 s0=fng (4748,1783)* [filtered=651]
cnt=1 s0=fng (4748,1783)* [filtered=651]
cnt=1 s0=fng (4748,1783)* [filtered=651]
cnt=1 s0=fng (4748,1783)* [filtered=651]
cnt=1 s0=fng (4748,1783)* [filtered=651]
cnt=1 s0=fng (4748,1783)* [filtered=651]
cnt=1 s0=fng (4748,1782)* [filtered=651]
cnt=1 s0=fng (4748,1782)* [filtered=651]
cnt=1 s0=fng (4748,1781)* [filtered=651]
cnt=1 s0=fng (4748,1781)* [filtered=651]
cnt=1 s0=fng (4748,1781)* [filtered=651]
cnt=1 s0=fng (4748,1780)* [filtered=651]
cnt=1 s0=fng (4748,1780)* [filtered=651]
cnt=1 s0=fng (4748,1779)* [filtered=651]
cnt=1 s0=fng (4748,1779)* [filtered=651]
cnt=1 s0=fng (4748,1778)* [filtered=651]
cnt=1 s0=fng (4748,1777)* [filtered=651]
cnt=1 s0=fng (4748,1776)* [filtered=651]
cnt=1 s0=fng (4748,1775)* [filtered=651]
cnt=1 s0=fng (4748,1774)* [filtered=651]
cnt=1 s0=fng (4748,1773)* [filtered=651]
cnt=1 s0=fng (4748,1772)* [filtered=651]
cnt=1 s0=fng (4748,1771)* [filtered=651]
cnt=1 s0=fng (4748,1769)* [filtered=651]
cnt=1 s0=fng (4748,1768)* [filtered=651]
cnt=1 s0=fng (4748,1767)* [filtered=651]
cnt=1 s0=fng (4748,1766)* [filtered=651]
cnt=1 s0=fng (4748,1764)* [filtered=651]
cnt=1 s0=fng (4747,1762)* [filtered=651]
cnt=1 s0=fng (4747,1761)* [filtered=651]
cnt=1 s0=fng (4747,1759)* [filtered=651]
cnt=1 s0=fng (4746,1757)* [filtered=651]
cnt=1 s0=fng (4745,1755)* [filtered=651]
cnt=1 s0=fng (4745,1754)* [filtered=651]
cnt=1 s0=fng (4744,1752)* [filtered=651]
cnt=1 s0=fng (4743,1750)* [filtered=651]
cnt=1 s0=fng (4742,1748)* [filtered=651]
cnt=1 s0=fng (4741,1745) [filtered=651]
cnt=1 s0=fng (4740,1744) [filtered=651]
cnt=1 s0=fng (4739,1742) [filtered=651]
cnt=1 s0=fng (4738,1739) [filtered=651]
cnt=1 s0=fng (4737,1737) [filtered=651]
cnt=1 s0=fng (4736,1734) [filtered=651]
cnt=1 s0=fng (4736,1733) [filtered=651]
cnt=1 s0=fng (4735,1731) [filtered=651]
cnt=1 s0=fng (4734,1729) [filtered=651]
cnt=1 s0=fng (4733,1726) [filtered=651]
cnt=1 s0=fng (4732,1725) [filtered=651]
cnt=1 s0=fng (4731,1723) [filtered=651]
cnt=1 s0=fng (4729,1720) [filtered=651]
cnt=1 s0=fng (4726,1717) [filtered=651]
cnt=1 s0=fng (4722,1713) [filtered=651]
cnt=1 s0=fng (4720,1711) [filtered=651]
cnt=1 s0=fng (4715,1707) [filtered=651]
cnt=1 s0=fng (4710,1702) [filtered=651]
cnt=1 s0=fng (4703,1697) [filtered=651]
cnt=1 s0=fng (4696,1693) [filtered=651]
cnt=1 s0=fng (4688,1688) [filtered=651]
cnt=1 s0=fng (4679,1683) [filtered=651]
cnt=1 s0=fng (4670,1678) [filtered=651]
cnt=1 s0=fng (4661,1673) [filtered=651]
cnt=1 s0=fng (4652,1668) [filtered=651]
cnt=1 s0=fng (4643,1663) [filtered=651]
cnt=1 s0=fng (4634,1658) [filtered=651]
cnt=1 s0=fng (4627,1653) [filtered=651]
cnt=1 s0=fng (4620,1649) [filtered=651]
cnt=1 s0=fng (4614,1646) [filtered=651]
cnt=1 s0=fng (4608,1642) [filtered=651]
cnt=1 s0=fng (4603,1638) [filtered=651]
cnt=1 s0=fng (4601,1635) [filtered=651]
cnt=1 s0=fng (4599,1633) [filtered=651]
cnt=1 s0=fng (4599,1632) [filtered=651]
cnt=1 s0=fng (4600,1631) [filtered=651]
cnt=1 s0=fng (4602,1631) [filtered=651]
cnt=1 s0=fng (4604,1631) [filtered=651]
cnt=1 s0=fng (4605,1631) [filtered=651]
cnt=1 s0=fng (4606,1631) [filtered=651]
cnt=1 s0=fng (4607,1631) [filtered=651]
cnt=1 s0=fng (4607,1631) [filtered=651]
cnt=1 s0=fng (4607,1632) [filtered=651]
cnt=1 s0=fng (4607,1632) [filtered=651]
cnt=1 s0=fng (4606,1632) [filtered=651]
cnt=1 s0=fng (4605,1632) [filtered=651]
cnt=1 s0=fng (4602,1632) [filtered=651]
cnt=1 s0=fng (4601,1632) [filtered=651]
cnt=1 s0=fng (4599,1632) [filtered=651]
cnt=1 s0=fng (4596,1632) [filtered=651]
cnt=1 s0=fng (4593,1632) [filtered=651]
cnt=1 s0=fng (4590,1632) [filtered=651]
cnt=1 s0=fng (4588,1632) [filtered=651]
cnt=1 s0=fng (4585,1632)* [filtered=651]
cnt=1 s0=fng (4583,1632)* [filtered=651]
cnt=1 s0=fng (4580,1632)* [filtered=651]
cnt=1 s0=fng (4578,1632)* [filtered=651]
cnt=1 s0=fng (4577,1632)* [filtered=651]
cnt=1 s0=fng (4575,1632)* [filtered=651]
cnt=1 s0=fng (4574,1632)* [filtered=651]
cnt=1 s0=fng (4573,1632)* [filtered=651]
cnt=1 s0=fng (4573,1632)* [filtered=651]
cnt=1 s0=fng (4572,1632)* [filtered=651]
cnt=1 s0=fng (4572,1633)* [filtered=651]
cnt=1 s0=fng (4572,1633)* [filtered=651]
cnt=1 s0=fng (4572,1634)* [filtered=651]
cnt=1 s0=fng (4572,1634)* [filtered=651]
cnt=1 s0=fng (4573,1635)* [filtered=651]
cnt=1 s0=fng (4573,1636)* [filtered=651]
cnt=1 s0=fng (4574,1637)* [filtered=651]
cnt=1 s0=fng (4575,1639)* [filtered=651]
cnt=1 s0=fng (4576,1640)* [filtered=651]
cnt=1 s0=fng (4577,1641)* [filtered=651]
cnt=1 s0=fng (4579,1643) [filtered=651]
cnt=1 s0=fng (4582,1646) [filtered=651]
cnt=1 s0=fng (4585,1650) [filtered=651]
cnt=1 s0=fng (4587,1653) [filtered=651]
cnt=1 s0=fng (4591,1658) [filtered=651]
cnt=1 s0=fng (4595,1663) [filtered=651]
cnt=1 s0=fng (4600,1668) [filtered=651]
cnt=1 s0=fng (4607,1673) [filtered=651]
cnt=1 s0=fng (4613,1678) [filtered=651]
cnt=1 s0=fng (4621,1685) [filtered=651]
cnt=1 s0=fng (4630,1692) [filtered=651]
cnt=1 s0=fng (4639,1699) [filtered=651]
cnt=1 s0=fng (4647,1706) [filtered=651]
cnt=1 s0=fng (4655,1713) [filtered=651]
cnt=1 s0=fng (4663,1720) [filtered=651]
cnt=1 s0=fng (4670,1727) [filtered=651]
cnt=1 s0=fng (4676,1733) [filtered=651]
cnt=1 s0=fng (4681,1738) [filtered=651]
cnt=1 s0=fng (4685,1744) [filtered=651]
cnt=1 s0=fng (4690,1749) [filtered=651]
cnt=1 s0=fng (4695,1754) [filtered=651]
cnt=1 s0=fng (4700,1759) [filtered=651]
cnt=1 s0=fng (4704,1763) [filtered=651]
cnt=1 s0=fng (4707,1768) [filtered=651]
cnt=1 s0=fng (4710,1772) [filtered=651]
cnt=1 s0=fng (4713,1776) [filtered=651]
cnt=1 s0=fng (4715,1779) [filtered=651]
cnt=1 s0=fng (4716,1782) [filtered=651]
cnt=1 s0=fng (4718,1784) [filtered=651]
cnt=1 s0=fng (4720,1785) [filtered=651]
cnt=1 s0=fng (4722,1787) [filtered=651]
cnt=1 s0=fng (4723,1788) [filtered=651]
cnt=1 s0=fng (4724,1790) [filtered=651]
cnt=1 s0=fng (4726,1791) [filtered=651]
cnt=1 s0=fng (4727,1792) [filtered=651]
cnt=1 s0=fng (4728,1792) [filtered=651]
cnt=1 s0=fng (4728,1792) [filtered=651]
cnt=1 s0=fng (4728,1792) [filtered=651]
cnt=1 s0=fng (4728,1791) [filtered=651]
cnt=1 s0=fng (4728,1790) [filtered=651]
cnt=1 s0=fng (4728,1790) [filtered=651]
cnt=1 s0=fng (4728,1789) [filtered=651]
cnt=1 s0=fng (4728,1788) [filtered=651]
cnt=1 s0=fng (4728,1786) [filtered=651]
cnt=1 s0=fng (4728,1784) [filtered=651]
cnt=1 s0=fng (4728,1783) [filtered=651]
cnt=1 s0=fng (4728,1781) [filtered=651]
cnt=1 s0=fng (4728,1778) [filtered=651]
cnt=1 s0=fng (4728,1776) [filtered=651]
cnt=1 s0=fng (4728,1774) [filtered=651]
cnt=1 s0=fng (4728,1773)* [filtered=651]
cnt=1 s0=fng (4728,1771)* [filtered=651]
cnt=1 s0=fng (4728,1770)* [filtered=651]
cnt=1 s0=fng (4728,1770)* [filtered=651]
cnt=1 s0=fng (4728,1770)* [filtered=651]
cnt=1 s0=fng (4728,1770)* [filtered=651]
cnt=1 s0=fng (4728,1770)* [filtered=651]
cnt=1 s0=fng (4729,1771)* [filtered=651]
cnt=1 s0=fng (4730,1773)* [filtered=651]
cnt=1 s0=fng (4730,1774)* [filtered=651]
cnt=1 s0=fng (4731,1775)* [filtered=651]
cnt=1 s0=fng (4732,1777)* [filtered=651]
cnt=1 s0=fng (4733,1779)* [filtered=651]
cnt=1 s0=fng (4734,1782) [filtered=651]
cnt=1 s0=fng (4734,1783) [filtered=651]
cnt=1 s0=fng (4757,1841) [filtered=651]
cnt=1 s0=fng (4757,1841) [filtered=651]
cnt=1 s0=fng (4757,1841) [filtered=651]
cnt=1 s0=fng (4762,1850) [filtered=651]
cnt=1 s0=fng (4762,1850) [filtered=651]
cnt=1 s0=fng (4762,1850) [filtered=651]
cnt=1 s0=fng (4762,1850) [filtered=651]
cnt=1 s0=fng (4762,1850) [filtered=651]
cnt=1 s0=fng (4762,1850) [filtered=651]
cnt=1 s0=fng (4762,1850) [filtered=651]
cnt=1 s0=fng (4762,1850) [filtered=651]
cnt=1 s0=fng (4762,1850) [filtered=651]
cnt=1 s0=fng (4762,1850) [filtered=651]
cnt=1 s0=fng (4762,1849) [filtered=651]
cnt=1 s0=fng (4762,1849) [filtered=651]
cnt=1 s0=fng (4762,1849) [filtered=651]
cnt=1 s0=fng (4762,1848) [filtered=651]
cnt=1 s0=fng (4762,1848) [filtered=651]
cnt=1 s0=fng (4762,1848) [filtered=651]
cnt=1 s0=fng (4762,1848) [filtered=651]
cnt=1 s0=fng (4755,1833) [filtered=651]
cnt=1 s0=fng (4755,1833) [filtered=651]
cnt=1 s0=fng (4755,1833) [filtered=651]
cnt=1 s0=fng (4757,1826) [filtered=651]
cnt=1 s0=fng (4757,1826) [filtered=651]
cnt=1 s0=fng (4757,1826) [filtered=651]
cnt=1 s0=fng (4757,1826) [filtered=651]
cnt=1 s0=fng (4757,1826) [filtered=651]
cnt=1 s0=fng (4757,1826) [filtered=651]
cnt=1 s0=fng (4757,1826) [filtered=651]
cnt=1 s0=fng (4757,1826) [filtered=651]
cnt=1 s0=fng (4757,1826) [filtered=651]
cnt=1 s0=fng (4757,1826) [filtered=651]
cnt=1 s0=fng (4757,1826) [filtered=651]
cnt=1 s0=fng (4757,1826) [filtered=651]
cnt=1 s0=fng (4757,1826) [filtered=651]
cnt=1 s0=fng (4757,1826) [filtered=651]
cnt=1 s0=fng (4757,1826) [filtered=651]
cnt=1 s0=fng (4757,1826) [filtered=651]
cnt=1 s0=fng (4757,1826) [filtered=651]
cnt=1 s0=fng (4757,1826) [filtered=651]
cnt=1 s0=fng (4757,1826) [filtered=651]
cnt=1 s0=fng (4757,1826) [filtered=651]
cnt=1 s0=fng (4757,1826)* [filtered=651]
cnt=1 s0=fng (4757,1826)* [filtered=651]
cnt=1 s0=fng (4757,1826)* [filtered=651]
cnt=1 s0=fng (4757,1825)* [filtered=651]
cnt=1 s0=fng (4757,1825)* [filtered=651]
cnt=1 s0=fng (4757,1825)* [filtered=651]
cnt=1 s0=fng (4757,1824)* [filtered=651]
cnt=1 s0=fng (4757,1823)* [filtered=651]
cnt=1 s0=fng (4757,1822)* [filtered=651]
cnt=1 s0=fng (4757,1821)* [filtered=651]
cnt=1 s0=fng (4757,1821)* [filtered=651]
cnt=1 s0=fng (4757,1820)* [filtered=651]
cnt=1 s0=fng (4757,1819)* [filtered=651]
cnt=1 s0=fng (4757,1817)* [filtered=651]
cnt=1 s0=fng (4757,1816)* [filtered=651]
cnt=1 s0=fng (4757,1815)* [filtered=651]
cnt=1 s0=fng (4757,1813)* [filtered=651]
cnt=1 s0=fng (4756,1810) [filtered=651]
cnt=1 s0=fng (4755,1807) [filtered=651]
cnt=1 s0=fng (4755,1805) [filtered=651]
cnt=1 s0=fng (4754,1801) [filtered=651]
cnt=1 s0=fng (4753,1797) [filtered=651]
cnt=1 s0=fng (4751,1793) [filtered=651]
cnt=1 s0=fng (4749,1788) [filtered=651]
cnt=1 s0=fng (4748,1785) [filtered=651]
cnt=1 s0=fng (4747,1780) [filtered=651]
cnt=1 s0=fng (4746,1776) [filtered=651]
cnt=1 s0=fng (4745,1772) [filtered=651]
cnt=1 s0=fng (4745,1769) [filtered=651]
cnt=1 s0=fng (4745,1767) [filtered=651]
cnt=1 s0=fng (4745,1766) [filtered=651]
cnt=1 s0=fng (4745,1765) [filtered=651]
cnt=1 s0=fng (4745,1765) [filtered=651]
cnt=1 s0=fng (4745,1765) [filtered=651]
cnt=1 s0=fng (4745,1765) [filtered=651]
cnt=1 s0=fng (4745,1765) [filtered=651]
cnt=1 s0=fng (4745,1765) [filtered=651]
cnt=1 s0=fng (4745,1766) [filtered=651]
cnt=1 s0=fng (4745,1766) [filtered=651]
cnt=1 s0=fng (4745,1766) [filtered=651]
cnt=1 s0=fng (4745,1767) [filtered=651]
cnt=1 s0=fng (4745,1768) [filtered=651]
cnt=1 s0=fng (4745,1768) [filtered=651]
cnt=1 s0=fng (4745,1769) [filtered=651]
cnt=1 s0=fng (4745,1769) [filtered=651]
cnt=1 s0=fng (4745,1770) [filtered=651]
cnt=1 s0=fng (4745,1770) [filtered=651]
cnt=1 s0=fng (4745,1770)* [filtered=651]
cnt=1 s0=fng (4745,1770)* [filtered=651]
cnt=1 s0=fng (4745,1770)* [filtered=651]
cnt=1 s0=fng (4745,1770)* [filtered=651]
cnt=1 s0=fng (4745,1770)* [filtered=651]
cnt=1 s0=fng (4745,1770)* [filtered=651]
cnt=1 s0=fng (4745,1769)* [filtered=651]
cnt=1 s0=fng (4745,1769)* [filtered=651]
cnt=1 s0=fng (4745,1768)* [filtered=651]
cnt=1 s0=fng (4744,1767)* [filtered=651]
cnt=1 s0=fng (4743,1766)* [filtered=651]
cnt=1 s0=fng (4742,1765)* [filtered=651]
cnt=1 s0=fng (4741,1764)* [filtered=651]
cnt=1 s0=fng (4740,1762)* [filtered=651]
cnt=1 s0=fng (4740,1761)* [filtered=651]
cnt=1 s0=fng (4739,1759)* [filtered=651]
cnt=1 s0=fng (4738,1757)* [filtered=651]
cnt=1 s0=fng (4735,1754) [filtered=651]
cnt=1 s0=fng (4732,1750) [filtered=651]
cnt=1 s0=fng (4730,1748) [filtered=651]
cnt=1 s0=fng (4725,1745) [filtered=651]
cnt=1 s0=fng (4720,1741) [filtered=651]
cnt=1 s0=fng (4713,1736) [filtered=651]
cnt=1 s0=fng (4706,1733) [filtered=651]
cnt=1 s0=fng (4698,1728) [filtered=651]
cnt=1 s0=fng (4689,1723) [filtered=651]
cnt=1 s0=fng (4681,1718) [filtered=651]
cnt=1 s0=fng (4673,1713) [filtered=651]
cnt=1 s0=fng (4665,1709) [filtered=651]
cnt=1 s0=fng (4659,1704) [filtered=651]
cnt=1 s0=fng (4654,1700) [filtered=651]
cnt=1 s0=fng (4650,1696) [filtered=651]
cnt=1 s0=fng (4648,1692) [filtered=651]
cnt=1 s0=fng (4646,1689) [filtered=651]
cnt=1 s0=fng (4646,1687) [filtered=651]
cnt=1 s0=fng (4647,1685) [filtered=651]
cnt=1 s0=fng (4647,1684) [filtered=651]
cnt=1 s0=fng (4647,1683) [filtered=651]
cnt=1 s0=fng (4647,1683) [filtered=651]
cnt=1 s0=fng (4647,1682) [filtered=651]
cnt=1 s0=fng (4647,1681) [filtered=651]
cnt=1 s0=fng (4647,1680) [filtered=651]
cnt=1 s0=fng (4647,1680) [filtered=651]
cnt=1 s0=fng (4647,1680) [filtered=651]
cnt=1 s0=fng (4647,1679) [filtered=651]
cnt=1 s0=fng (4646,1679) [filtered=651]
cnt=1 s0=fng (4644,1678) [filtered=651]
cnt=1 s0=fng (4643,1678) [filtered=651]
cnt=1 s0=fng (4641,1677) [filtered=651]
cnt=1 s0=fng (4638,1676) [filtered=651]
cnt=1 s0=fng (4635,1675) [filtered=651]
cnt=1 s0=fng (4633,1675) [filtered=651]
cnt=1 s0=fng (4628,1674) [filtered=651]
cnt=1 s0=fng (4622,1673) [filtered=651]
cnt=1 s0=fng (4615,1672) [filtered=651]
cnt=1 s0=fng (4608,1670) [filtered=651]
cnt=1 s0=fng (4601,1669) [filtered=651]
cnt=1 s0=fng (4596,1668) [filtered=651]
cnt=1 s0=fng (4591,1666) [filtered=651]
cnt=1 s0=fng (4586,1664) [filtered=651]
cnt=1 s0=fng (4581,1662) [filtered=651]
cnt=1 s0=fng (4577,1661) [filtered=651]
cnt=1 s0=fng (4573,1660) [filtered=651]
cnt=1 s0=fng (4568,1658) [filtered=651]
cnt=1 s0=fng (4564,1656) [filtered=651]
cnt=1 s0=fng (4560,1654) [filtered=651]
cnt=1 s0=fng (4557,1653) [filtered=651]
cnt=1 s0=fng (4554,1651) [filtered=651]
cnt=1 s0=fng (4550,1648) [filtered=651]
cnt=1 s0=fng (4546,1646) [filtered=651]
cnt=1 s0=fng (4542,1643) [filtered=651]
cnt=1 s0=fng (4539,1642) [filtered=651]
cnt=1 s0=fng (4536,1640) [filtered=651]
cnt=1 s0=fng (4532,1637) [filtered=651]
cnt=1 s0=fng (4528,1634) [filtered=651]
cnt=1 s0=fng (4525,1632) [filtered=651]
cnt=1 s0=fng (4522,1629) [filtered=651]
cnt=1 s0=fng (4520,1627) [filtered=651]
cnt=1 s0=fng (4517,1624) [filtered=651]
cnt=1 s0=fng (4515,1621) [filtered=651]
cnt=1 s0=fng (4514,1620) [filtered=651]
cnt=1 s0=fng (4513,1618) [filtered=651]
cnt=1 s0=fng (4512,1616) [filtered=651]
cnt=1 s0=fng (4511,1613) [filtered=651]
cnt=1 s0=fng (4510,1611) [filtered=651]
cnt=1 s0=fng (4510,1611) [filtered=651]
cnt=1 s0=fng (4510,1609) [filtered=651]
cnt=1 s0=fng (4510,1608) [filtered=651]
cnt=1 s0=fng (4510,1607) [filtered=651]
cnt=1 s0=fng (4510,1606) [filtered=651]
cnt=1 s0=fng (4510,1605) [filtered=651]
cnt=1 s0=fng (4511,1605) [filtered=651]
cnt=1 s0=fng (4512,1605) [filtered=651]
cnt=1 s0=fng (4513,1605) [filtered=651]
cnt=1 s0=fng (4514,1605) [filtered=651]
cnt=1 s0=fng (4516,1605) [filtered=651]
cnt=1 s0=fng (4519,1606) [filtered=651]
cnt=1 s0=fng (4523,1607) [filtered=651]
cnt=1 s0=fng (4528,1608) [filtered=651]
cnt=1 s0=fng (4532,1608) [filtered=651]
cnt=1 s0=fng (4537,1609) [filtered=651]
cnt=1 s0=fng (4542,1611) [filtered=651]
cnt=1 s0=fng (4548,1614) [filtered=651]
cnt=1 s0=fng (4554,1617) [filtered=651]
cnt=1 s0=fng (4560,1619) [filtered=651]
cnt=1 s0=fng (4566,1623) [filtered=651]
cnt=1 s0=fng (4572,1628) [filtered=651]
cnt=1 s0=fng (4578,1633) [filtered=651]
cnt=1 s0=fng (4583,1637) [filtered=651]
cnt=1 s0=fng (4589,1642) [filtered=651]
cnt=1 s0=fng (4595,1647) [filtered=651]
cnt=1 s0=fng (4602,1652) [filtered=651]
cnt=1 s0=fng (4611,1657) [filtered=651]
cnt=1 s0=fng (4619,1661) [filtered=651]
cnt=1 s0=fng (4628,1666) [filtered=651]
cnt=1 s0=fng (4636,1671) [filtered=651]
cnt=1 s0=fng (4644,1676) [filtered=651]
cnt=1 s0=fng (4651,1681) [filtered=651]
cnt=1 s0=fng (4657,1685) [filtered=651]
cnt=1 s0=fng (4663,1690) [filtered=651]
cnt=1 s0=fng (4669,1695) [filtered=651]
cnt=1 s0=fng (4675,1700) [filtered=651]
cnt=1 s0=fng (4680,1704) [filtered=651]
cnt=1 s0=fng (4684,1708) [filtered=651]
cnt=1 s0=fng (4688,1712) [filtered=651]
cnt=1 s0=fng (4693,1717) [filtered=651]
cnt=1 s0=fng (4697,1722) [filtered=651]
cnt=1 s0=fng (4700,1726) [filtered=651]
cnt=1 s0=fng (4703,1730) [filtered=651]
cnt=1 s0=fng (4705,1735) [filtered=651]
cnt=1 s0=fng (4708,1740) [filtered=651]
cnt=1 s0=fng (4711,1745) [filtered=651]
cnt=1 s0=fng (4713,1749) [filtered=651]
cnt=1 s0=fng (4715,1753) [filtered=651]
cnt=1 s0=fng (4718,1758) [filtered=651]
cnt=1 s0=fng (4721,1763) [filtered=651]
cnt=1 s0=fng (4723,1767) [filtered=651]
cnt=1 s0=fng (4724,1771) [filtered=651]
cnt=1 s0=fng (4726,1775) [filtered=651]
cnt=1 s0=fng (4728,1779) [filtered=651]
cnt=1 s0=fng (4730,1783) [filtered=651]
cnt=1 s0=fng (4731,1786) [filtered=651]
cnt=1 s0=fng (4733,1788) [filtered=651]
cnt=1 s0=fng (4735,1790) [filtered=651]
cnt=1 s0=fng (4736,1792) [filtered=651]
cnt=1 s0=fng (4737,1794) [filtered=651]
cnt=1 s0=fng (4738,1795) [filtered=651]
cnt=1 s0=fng (4739,1796) [filtered=651]
cnt=1 s0=fng (4739,1796) [filtered=651]
cnt=1 s0=fng (4739,1797) [filtered=651]
cnt=1 s0=fng (4739,1797) [filtered=651]
cnt=1 s0=fng (4739,1797) [filtered=651]
cnt=1 s0=fng (4739,1797) [filtered=651]
cnt=1 s0=fng (4739,1797) [filtered=651]
cnt=1 s0=fng (4739,1796) [filtered=651]
cnt=1 s0=fng (4739,1796) [filtered=651]
cnt=1 s0=fng (4739,1795) [filtered=651]
cnt=1 s0=fng (4739,1794) [filtered=651]
cnt=1 s0=fng (4739,1793) [filtered=651]
cnt=1 s0=fng (4739,1792) [filtered=651]
cnt=1 s0=fng (4739,1792) [filtered=651]
cnt=1 s0=fng (4739,1791) [filtered=651]
cnt=1 s0=fng (4739,1790) [filtered=651]
cnt=1 s0=fng (4739,1789)* [filtered=651]
cnt=1 s0=fng (4739,1788)* [filtered=651]
cnt=1 s0=fng (4739,1787)* [filtered=651]
cnt=1 s0=fng (4739,1786)* [filtered=651]
cnt=1 s0=fng (4739,1786)* [filtered=651]
cnt=1 s0=fng (4739,1785)* [filtered=651]
cnt=1 s0=fng (4739,1785)* [filtered=651]
cnt=1 s0=fng (4743,1776) [filtered=651]
cnt=1 s0=fng (4743,1776) [filtered=651]
cnt=1 s0=fng (4743,1776) [filtered=651]
cnt=1 s0=fng (4743,1776) [filtered=651]
cnt=1 s0=fng (4743,1776) [filtered=651]
cnt=1 s0=fng (4743,1776) [filtered=651]
cnt=1 s0=fng (4743,1776) [filtered=651]
cnt=1 s0=fng (4743,1776) [filtered=651]
cnt=1 s0=fng (4743,1776) [filtered=651]
cnt=1 s0=fng (4743,1776) [filtered=651]
cnt=1 s0=fng (4743,1776) [filtered=651]
cnt=1 s0=fng (4743,1776) [filtered=651]
cnt=1 s0=fng (4743,1776) [filtered=651]
cnt=1 s0=fng (4743,1776) [filtered=651]
cnt=1 s0=fng (4743,1776) [filtered=651]
cnt=1 s0=fng (4743,1776) [filtered=651]
cnt=1 s0=fng (4743,1776) [filtered=651]
cnt=1 s0=fng (4743,1776) [filtered=651]
cnt=1 s0=fng (4743,1776) [filtered=651]
cnt=1 s0=fng (4743,1776) [filtered=651]
cnt=1 s0=fng (4743,1776)* [filtered=651]
cnt=1 s0=fng (4743,1776)* [filtered=651]
cnt=1 s0=fng (4743,1776)* [filtered=651]
cnt=1 s0=fng (4743,1776)* [filtered=651]
cnt=1 s0=fng (4743,1776)* [filtered=651]
cnt=1 s0=fng (4743,1776)* [filtered=651]
cnt=1 s0=fng (4743,1776)* [filtered=651]
cnt=1 s0=fng (4743,1775)* [filtered=651]
cnt=1 s0=fng (4743,1775)* [filtered=651]
cnt=1 s0=fng (4743,1774)* [filtered=651]
cnt=1 s0=fng (4743,1774)* [filtered=651]
cnt=1 s0=fng (4743,1774)* [filtered=651]
cnt=1 s0=fng (4743,1774)* [filtered=651]
cnt=1 s0=fng (4743,1773)* [filtered=651]
cnt=1 s0=fng (4743,1773)* [filtered=651]
cnt=1 s0=fng (4743,1773)* [filtered=651]
cnt=1 s0=fng (4743,1772)* [filtered=651]
cnt=1 s0=fng (4743,1772)* [filtered=651]
cnt=1 s0=fng (4743,1772)* [filtered=651]
cnt=1 s0=fng (4743,1771)* [filtered=651]
cnt=1 s0=fng (4743,1771)* [filtered=651]
cnt=1 s0=fng (4743,1770)* [filtered=651]
cnt=1 s0=fng (4743,1770)* [filtered=651]
cnt=1 s0=fng (4743,1770)* [filtered=651]
cnt=1 s0=fng (4743,1770)* [filtered=651]
cnt=1 s0=fng (4743,1770)* [filtered=651]
cnt=1 s0=fng (4743,1770)* [filtered=651]
cnt=1 s0=fng (4743,1770)* [filtered=651]
cnt=1 s0=fng (4743,1770)* [filtered=651]
cnt=1 s0=fng (4743,1770)* [filtered=651]
cnt=1 s0=fng (4743,1770)* [filtered=651]
cnt=1 s0=fng (4743,1770)* [filtered=651]
cnt=1 s0=fng (4743,1770)* [filtered=651]
cnt=1 s0=fng (4743,1770)* [filtered=651]
cnt=1 s0=fng (4743,1770)* [filtered=651]
cnt=1 s0=fng (4743,1770)* [filtered=651]
cnt=1 s0=fng (4743,1770)* [filtered=651]
cnt=1 s0=fng (4743,1770)* [filtered=651]
cnt=1 s0=fng (4743,1770)* [filtered=651]
cnt=1 s0=fng (4743,1770)* [filtered=651]
cnt=1 s0=fng (4743,1770)* [filtered=651]
cnt=1 s0=fng (4743,1770)* [filtered=651]
cnt=1 s0=fng (4743,1770)* [filtered=651]
cnt=1 s0=fng (4743,1770)* [filtered=651]
cnt=1 s0=fng (4743,1769)* [filtered=651]
cnt=1 s0=fng (4743,1769)* [filtered=651]
cnt=1 s0=fng (4743,1768)* [filtered=651]
cnt=1 s0=fng (4743,1767)* [filtered=651]
cnt=1 s0=fng (4743,1767)* [filtered=651]
cnt=1 s0=fng (4743,1766)* [filtered=651]
cnt=1 s0=fng (4743,1765)* [filtered=651]
cnt=1 s0=fng (4743,1764)* [filtered=651]
cnt=1 s0=fng (4743,1763)* [filtered=651]
cnt=1 s0=fng (4743,1762)* [filtered=651]
cnt=1 s0=fng (4743,1760)* [filtered=651]
cnt=1 s0=fng (4743,1757)* [filtered=651]
cnt=1 s0=fng (4743,1754)* [filtered=651]
cnt=1 s0=fng (4743,1753)* [filtered=651]
cnt=1 s0=fng (4743,1751)* [filtered=651]
cnt=1 s0=fng (4742,1747) [filtered=651]
cnt=1 s0=fng (4741,1743) [filtered=651]
cnt=1 s0=fng (4740,1739) [filtered=651]
cnt=1 s0=fng (4740,1736) [filtered=651]
cnt=1 s0=fng (4739,1731) [filtered=651]
cnt=1 s0=fng (4737,1726) [filtered=651]
cnt=1 s0=fng (4735,1721) [filtered=651]
cnt=1 s0=fng (4734,1716) [filtered=651]
cnt=1 s0=fng (4733,1712) [filtered=651]
cnt=1 s0=fng (4732,1709) [filtered=651]
cnt=1 s0=fng (4731,1706) [filtered=651]
cnt=1 s0=fng (4731,1702) [filtered=651]
cnt=1 s0=fng (4731,1699) [filtered=651]
cnt=1 s0=fng (4731,1697) [filtered=651]
cnt=1 s0=fng (4731,1696) [filtered=651]
cnt=1 s0=fng (4731,1697) [filtered=651]
cnt=1 s0=fng (4731,1697) [filtered=651]
cnt=1 s0=fng (4731,1697) [filtered=651]
cnt=1 s0=fng (4731,1697) [filtered=651]
cnt=1 s0=fng (4731,1697) [filtered=651]
cnt=1 s0=fng (4731,1698) [filtered=651]
cnt=1 s0=fng (4731,1699) [filtered=651]
cnt=1 s0=fng (4731,1699) [filtered=651]
cnt=1 s0=fng (4731,1700) [filtered=651]
cnt=1 s0=fng (4731,1701) [filtered=651]
cnt=1 s0=fng (4731,1702) [filtered=651]
cnt=1 s0=fng (4731,1703) [filtered=651]
cnt=1 s0=fng (4731,1705) [filtered=651]
cnt=1 s0=fng (4731,1707) [filtered=651]
cnt=1 s0=fng (4731,1709) [filtered=651]
cnt=1 s0=fng (4731,1711) [filtered=651]
cnt=1 s0=fng (4731,1712)* [filtered=651]
cnt=1 s0=fng (4731,1714)* [filtered=651]
cnt=1 s0=fng (4731,1716)* [filtered=651]
cnt=1 s0=fng (4732,1719) [filtered=651]
cnt=1 s0=fng (4733,1722) [filtered=651]
cnt=1 s0=fng (4733,1723) [filtered=651]
cnt=1 s0=fng (4734,1725) [filtered=651]
cnt=1 s0=fng (1184,35) [filtered=651]
cnt=1 s0=fng (1184,35) [filtered=651]
cnt=1 s0=fng (1184,35) [filtered=651]
cnt=1 s0=fng (1184,35) [filtered=651]
cnt=1 s0=fng (1184,35) [filtered=651]
cnt=1 s0=fng (1184,35) [filtered=651]
cnt=1 s0=fng (1184,35) [filtered=651]
cnt=1 s0=fng (1184,35) [filtered=651]
cnt=1 s0=fng (1184,35) [filtered=651]
cnt=1 s0=fng (1184,35) [filtered=651]
cnt=1 s0=fng (1184,35) [filtered=651]
cnt=1 s0=fng (1184,35) [filtered=651]
cnt=1 s0=fng (1184,35) [filtered=651]
cnt=1 s0=fng (1184,35) [filtered=651]
cnt=1 s0=fng (1183,35) [filtered=651]
cnt=1 s0=fng (1183,35) [filtered=651]
cnt=1 s0=fng (1183,35) [filtered=651]
cnt=1 s0=fng (1182,35) [filtered=651]
cnt=1 s0=fng (1181,35) [filtered=651]
cnt=1 s0=fng (4762,1769) [filtered=651]
cnt=1 s0=fng (4762,1769) [filtered=651]
cnt=1 s0=fng (4762,1769) [filtered=651]
cnt=1 s0=fng (4762,1769) [filtered=651]
cnt=1 s0=fng (4762,1769) [filtered=651]
cnt=1 s0=fng (4762,1769) [filtered=651]
cnt=1 s0=fng (4762,1769) [filtered=651]
cnt=1 s0=fng (4762,1769) [filtered=651]
cnt=1 s0=fng (4762,1769) [filtered=651]
cnt=1 s0=fng (4762,1769) [filtered=651]
cnt=1 s0=fng (4762,1769) [filtered=651]
cnt=1 s0=fng (4762,1769) [filtered=651]
cnt=1 s0=fng (4762,1769) [filtered=651]
cnt=1 s0=fng (4762,1769) [filtered=651]
cnt=1 s0=fng (4762,1769) [filtered=651]
cnt=1 s0=fng (4762,1769) [filtered=651]
cnt=1 s0=fng (4762,1769) [filtered=651]
cnt=1 s0=fng (4762,1770) [filtered=651]
cnt=1 s0=fng (4762,1770) [filtered=651]
cnt=1 s0=fng (4762,1770) [filtered=651]
cnt=1 s0=fng (4762,1770)* [filtered=651]
cnt=1 s0=fng (4762,1770)* [filtered=651]
cnt=1 s0=fng (4762,1770)* [filtered=651]
cnt=1 s0=fng (4762,1770)* [filtered=651]
cnt=1 s0=fng (4762,1770)* [filtered=651]
cnt=1 s0=fng (4762,1770)* [filtered=651]
cnt=1 s0=fng (4762,1770)* [filtered=651]
cnt=1 s0=fng (4762,1770)* [filtered=651]
cnt=1 s0=fng (4762,1770)* [filtered=651]
cnt=1 s0=fng (4762,1770)* [filtered=651]
cnt=1 s0=fng (4762,1770)* [filtered=651]
cnt=1 s0=fng (4762,1770)* [filtered=651]
cnt=1 s0=fng (4762,1770)* [filtered=651]
cnt=1 s0=fng (4762,1769)* [filtered=651]
cnt=1 s0=fng (4762,1769)* [filtered=651]
cnt=1 s0=fng (4762,1769)* [filtered=651]
cnt=1 s0=fng (4762,1768)* [filtered=651]
cnt=1 s0=fng (4762,1767)* [filtered=651]
cnt=1 s0=fng (4762,1766)* [filtered=651]
cnt=1 s0=fng (4762,1765)* [filtered=651]
cnt=1 s0=fng (4762,1764)* [filtered=651]
cnt=1 s0=fng (4762,1763)* [filtered=651]
cnt=1 s0=fng (4762,1761)* [filtered=651]
cnt=1 s0=fng (4762,1760)* [filtered=651]
cnt=1 s0=fng (4762,1759)* [filtered=651]
cnt=1 s0=fng (4762,1757)* [filtered=651]
cnt=1 s0=fng (4762,1755)* [filtered=651]
cnt=1 s0=fng (4762,1753)* [filtered=651]
cnt=1 s0=fng (4762,1752)* [filtered=651]
cnt=1 s0=fng (4762,1751)* [filtered=651]
cnt=1 s0=fng (4762,1749)* [filtered=651]
cnt=1 s0=fng (4762,1748)* [filtered=651]
cnt=1 s0=fng (4762,1747)* [filtered=651]
cnt=1 s0=fng (4762,1747)* [filtered=651]
cnt=1 s0=fng (4762,1747)* [filtered=651]
cnt=1 s0=fng (4762,1747)* [filtered=651]
cnt=1 s0=fng (4762,1748)* [filtered=651]
cnt=1 s0=fng (4762,1748)* [filtered=651]
cnt=1 s0=fng (4762,1749)* [filtered=651]
cnt=1 s0=fng (4762,1750)* [filtered=651]
cnt=1 s0=fng (4762,1751)* [filtered=651]
cnt=1 s0=fng (4762,1753)* [filtered=651]
cnt=1 s0=fng (4762,1754)* [filtered=651]
cnt=1 s0=fng (4762,1755)* [filtered=651]
cnt=1 s0=fng (4762,1756)* [filtered=651]
cnt=1 s0=fng (4762,1758)* [filtered=651]
cnt=1 s0=fng (4762,1759)* [filtered=651]
cnt=1 s0=fng (4762,1760)* [filtered=651]
cnt=1 s0=fng (4762,1761)* [filtered=651]
cnt=1 s0=fng (4762,1762)* [filtered=651]
cnt=1 s0=fng (4762,1762)* [filtered=651]
cnt=1 s0=fng (4762,1762)* [filtered=651]
cnt=1 s0=fng (4762,1762)* [filtered=651]
cnt=1 s0=fng (4762,1762)* [filtered=651]
cnt=1 s0=fng (4762,1762)* [filtered=651]
cnt=1 s0=fng (4762,1762)* [filtered=651]
cnt=1 s0=fng (4762,1762)* [filtered=651]
cnt=1 s0=fng (4762,1762)* [filtered=651]
cnt=1 s0=fng (4762,1762)* [filtered=651]
cnt=1 s0=fng (4762,1762)* [filtered=651]
cnt=1 s0=fng (4762,1761)* [filtered=651]
cnt=1 s0=fng (4762,1761)* [filtered=651]
cnt=1 s0=fng (4762,1760)* [filtered=651]
cnt=1 s0=fng (4762,1759)* [filtered=651]
cnt=1 s0=fng (4762,1758)* [filtered=651]
cnt=1 s0=fng (4762,1757)* [filtered=651]
cnt=1 s0=fng (4762,1757)* [filtered=651]
cnt=1 s0=fng (4762,1756)* [filtered=651]
cnt=1 s0=fng (4762,1755)* [filtered=651]
cnt=1 s0=fng (4762,1754)* [filtered=651]
cnt=1 s0=fng (4762,1754)* [filtered=651]
cnt=1 s0=fng (4762,1754)* [filtered=651]
cnt=1 s0=fng (4762,1754)* [filtered=651]
cnt=1 s0=fng (4762,1754)* [filtered=651]
cnt=1 s0=fng (4762,1754)* [filtered=651]
cnt=1 s0=fng (4762,1700) [filtered=651]
cnt=1 s0=fng (4762,1700) [filtered=651]
cnt=1 s0=fng (4762,1700) [filtered=651]
cnt=1 s0=fng (4762,1700) [filtered=651]
cnt=1 s0=fng (4762,1700) [filtered=651]
cnt=1 s0=fng (4762,1700) [filtered=651]
cnt=1 s0=fng (4762,1701) [filtered=651]
cnt=1 s0=fng (4762,1702) [filtered=651]
cnt=1 s0=fng (4762,1702) [filtered=651]
cnt=1 s0=fng (4762,1703) [filtered=651]
cnt=1 s0=fng (4762,1704) [filtered=651]
cnt=1 s0=fng (1195,1) [filtered=651]
cnt=1 s0=fng (1195,1) [filtered=651]
cnt=1 s0=fng (1195,1) [filtered=651]
cnt=1 s0=fng (1195,1) [filtered=651]
cnt=1 s0=fng (1195,1) [filtered=651]
cnt=1 s0=fng (1195,1) [filtered=651]
cnt=1 s0=fng (1195,1) [filtered=651]
cnt=1 s0=fng (1195,1) [filtered=651]
cnt=1 s0=fng (1195,1) [filtered=651]
cnt=1 s0=fng (1195,1) [filtered=651]
cnt=1 s0=fng (1195,1) [filtered=651]
cnt=1 s0=fng (1195,1) [filtered=651]
cnt=1 s0=fng (1195,1) [filtered=651]
cnt=1 s0=fng (1195,1) [filtered=651]
cnt=1 s0=fng (1195,1) [filtered=651]
cnt=1 s0=fng (1195,1) [filtered=651]
cnt=1 s0=fng (1195,1) [filtered=651]
cnt=1 s0=fng (1195,1) [filtered=651]
cnt=1 s0=fng (1195,1) [filtered=651]
cnt=1 s0=fng (1195,1) [filtered=651]
cnt=1 s0=fng (1195,1)* [filtered=651]
cnt=1 s0=fng (1195,1)* [filtered=651]
cnt=1 s0=fng (1195,1)* [filtered=651]
cnt=1 s0=fng (1195,1)* [filtered=651]
cnt=1 s0=fng (1195,1)* [filtered=651]
cnt=1 s0=fng (1195,1)* [filtered=651]
cnt=1 s0=fng (1195,1)* [filtered=651]
cnt=1 s0=fng (1194,1)* [filtered=651]
cnt=1 s0=fng (1193,1)* [filtered=651]
cnt=1 s0=fng (1193,1)* [filtered=651]
cnt=1 s0=fng (1193,1)* [filtered=651]
cnt=1 s0=fng (4762,1815) [filtered=651]
cnt=1 s0=fng (4762,1814) [filtered=651]
cnt=1 s0=fng (4762,1814) [filtered=651]
cnt=1 s0=fng (4762,1813) [filtered=651]
cnt=1 s0=fng (4762,1812) [filtered=651]
cnt=1 s0=fng (4762,1811) [filtered=651]
cnt=1 s0=fng (4762,1810) [filtered=651]
cnt=1 s0=fng (4762,1810) [filtered=651]
cnt=1 s0=fng (4762,1809) [filtered=651]
cnt=1 s0=fng (4762,1808) [filtered=651]
cnt=1 s0=fng (4762,1807) [filtered=651]
cnt=1 s0=fng (4762,1805) [filtered=651]
cnt=1 s0=fng (4762,1804) [filtered=651]
cnt=1 s0=fng (4762,1803) [filtered=651]
cnt=1 s0=fng (4762,1801) [filtered=651]
cnt=1 s0=fng (4738,1174) [filtered=651]
cnt=1 s0=fng (4738,1174) [filtered=651]
cnt=1 s0=fng (4737,1175) [filtered=651]
cnt=1 s0=fng (4735,1176) [filtered=651]
cnt=1 s0=fng (4731,1179) [filtered=651]
cnt=1 s0=fng (4724,1185) [filtered=651]
cnt=1 s0=fng (4719,1189) [filtered=651]
cnt=1 s0=fng (4709,1195) [filtered=651]
cnt=1 s0=fng (4694,1204) [filtered=651]
cnt=1 s0=fng (4674,1215) [filtered=651]
cnt=1 s0=fng (4655,1226) [filtered=651]
cnt=1 s0=fng (4632,1238) [filtered=651]
cnt=1 s0=fng (4611,1250) [filtered=651]
cnt=1 s0=fng (4593,1261) [filtered=651]
cnt=1 s0=fng (4576,1272) [filtered=651]
cnt=1 s0=fng (4560,1283) [filtered=651]
cnt=1 s0=fng (4544,1293) [filtered=651]
cnt=1 s0=fng (4529,1302) [filtered=651]
cnt=1 s0=fng (4514,1311) [filtered=651]
cnt=1 s0=fng (4499,1320) [filtered=651]
cnt=1 s0=fng (4485,1329) [filtered=651]
cnt=1 s0=fng (4469,1339) [filtered=651]
cnt=1 s0=fng (4452,1350) [filtered=651]
cnt=1 s0=fng (4435,1362) [filtered=651]
cnt=1 s0=fng (4419,1373) [filtered=651]
cnt=1 s0=fng (4401,1385) [filtered=651]
cnt=1 s0=fng (4383,1397) [filtered=651]
cnt=1 s0=fng (4365,1409) [filtered=651]
cnt=1 s0=fng (4348,1421) [filtered=651]
cnt=1 s0=fng (4332,1432) [filtered=651]
cnt=1 s0=fng (4315,1443) [filtered=651]
cnt=1 s0=fng (4299,1454) [filtered=651]
cnt=1 s0=fng (4285,1464) [filtered=651]
cnt=1 s0=fng (4273,1473) [filtered=651]
cnt=1 s0=fng (4262,1481) [filtered=651]
cnt=1 s0=fng (3807,1865) [filtered=651]
cnt=1 s0=fng (3807,1865) [filtered=651]
cnt=1 s0=fng (3807,1865) [filtered=651]
cnt=1 s0=fng (3807,1865) [filtered=651]
cnt=1 s0=fng (3807,1865) [filtered=651]
cnt=1 s0=fng (3807,1865) [filtered=651]
cnt=1 s0=fng (3807,1864) [filtered=651]
cnt=1 s0=fng (3807,1864) [filtered=651]
cnt=1 s0=fng (3807,1864) [filtered=651]
cnt=1 s0=fng (3808,1863) [filtered=651]
cnt=1 s0=fng (3810,1861) [filtered=651]
cnt=1 s0=fng (3813,1857) [filtered=651]
cnt=1 s0=fng (3818,1852) [filtered=651]
cnt=1 s0=fng (3823,1848) [filtered=651]
cnt=1 s0=fng (3831,1842) [filtered=651]
cnt=1 s0=fng (3841,1835) [filtered=651]
cnt=1 s0=fng (3854,1826) [filtered=651]
cnt=1 s0=fng (3871,1817) [filtered=651]
cnt=1 s0=fng (3887,1808) [filtered=651]
cnt=1 s0=fng (3905,1798) [filtered=651]
cnt=1 s0=fng (3926,1788) [filtered=651]
cnt=1 s0=fng (3947,1778) [filtered=651]
cnt=1 s0=fng (3968,1769) [filtered=651]
cnt=1 s0=fng (3989,1759) [filtered=651]
cnt=1 s0=fng (4010,1750) [filtered=651]
cnt=1 s0=fng (4031,1741) [filtered=651]
cnt=1 s0=fng (4053,1732) [filtered=651]
cnt=1 s0=fng (4074,1723) [filtered=651]
cnt=1 s0=fng (4095,1714) [filtered=651]
cnt=1 s0=fng (4116,1705) [filtered=651]
cnt=1 s0=fng (4137,1696) [filtered=651]
cnt=1 s0=fng (4159,1687) [filtered=651]
cnt=1 s0=fng (4180,1678) [filtered=651]
cnt=1 s0=fng (4201,1669) [filtered=651]
cnt=1 s0=fng (4221,1660) [filtered=651]
cnt=1 s0=fng (4241,1651) [filtered=651]
cnt=1 s0=fng (4260,1643) [filtered=651]
cnt=1 s0=fng (4279,1635) [filtered=651]
cnt=1 s0=fng (4297,1627) [filtered=651]
cnt=1 s0=fng (4315,1619) [filtered=651]
cnt=1 s0=fng (4332,1613) [filtered=651]
cnt=1 s0=fng (4348,1608) [filtered=651]
cnt=1 s0=fng (4365,1604) [filtered=651]
cnt=1 s0=fng (4382,1600) [filtered=651]
cnt=1 s0=fng (4398,1596) [filtered=651]
cnt=1 s0=fng (4413,1593) [filtered=651]
cnt=1 s0=fng (4427,1591) [filtered=651]
cnt=1 s0=fng (4440,1590) [filtered=651]
cnt=1 s0=fng (4453,1589) [filtered=651]
cnt=1 s0=fng (4466,1588) [filtered=651]
cnt=1 s0=fng (4478,1587) [filtered=651]
cnt=1 s0=fng (4489,1587) [filtered=651]
cnt=1 s0=fng (4499,1587) [filtered=651]
cnt=1 s0=fng (4508,1587) [filtered=651]
cnt=1 s0=fng (4517,1587) [filtered=651]
cnt=1 s0=fng (4525,1587) [filtered=651]
cnt=1 s0=fng (4533,1587) [filtered=651]
cnt=1 s0=fng (4541,1588) [filtered=651]
cnt=1 s0=fng (4548,1588) [filtered=651]
cnt=1 s0=fng (4555,1588) [filtered=651]
cnt=1 s0=fng (4561,1588) [filtered=651]
cnt=1 s0=fng (4566,1588) [filtered=651]
cnt=1 s0=fng (4571,1588) [filtered=651]
cnt=1 s0=fng (4576,1588) [filtered=651]
cnt=1 s0=fng (4580,1588) [filtered=651]
cnt=1 s0=fng (4584,1588) [filtered=651]
cnt=1 s0=fng (4588,1588) [filtered=651]
cnt=1 s0=fng (4593,1588) [filtered=651]
cnt=1 s0=fng (4597,1588) [filtered=651]
cnt=1 s0=fng (4600,1588) [filtered=651]
cnt=1 s0=fng (4603,1588) [filtered=651]
cnt=1 s0=fng (4606,1588) [filtered=651]
cnt=1 s0=fng (4609,1588) [filtered=651]
cnt=1 s0=fng (4612,1588) [filtered=651]
cnt=1 s0=fng (4614,1588) [filtered=651]
cnt=1 s0=fng (4616,1588) [filtered=651]
cnt=1 s0=fng (4619,1588) [filtered=651]
cnt=1 s0=fng (4622,1588) [filtered=651]
cnt=1 s0=fng (4625,1588) [filtered=651]
cnt=1 s0=fng (4627,1588) [filtered=651]
cnt=1 s0=fng (4630,1588) [filtered=651]
cnt=1 s0=fng (4633,1588) [filtered=651]
cnt=1 s0=fng (4636,1588) [filtered=651]
cnt=1 s0=fng (4638,1588) [filtered=651]
cnt=1 s0=fng (4640,1588) [filtered=651]
cnt=1 s0=fng (4643,1588) [filtered=651]
cnt=1 s0=fng (4646,1588) [filtered=651]
cnt=1 s0=fng (4649,1588) [filtered=651]
cnt=1 s0=fng (4651,1588)* [filtered=651]
cnt=1 s0=fng (4655,1588) [filtered=651]
cnt=1 s0=fng (4659,1588) [filtered=651]
cnt=1 s0=fng (4664,1588) [filtered=651]
cnt=1 s0=fng (4669,1588) [filtered=651]
cnt=1 s0=fng (4673,1588) [filtered=651]
cnt=1 s0=fng (4678,1588) [filtered=651]
cnt=1 s0=fng (4683,1588) [filtered=651]
cnt=1 s0=fng (4688,1588) [filtered=651]
cnt=1 s0=fng (4692,1588) [filtered=651]
cnt=1 s0=fng (4696,1589) [filtered=651]
cnt=1 s0=fng (4699,1590) [filtered=651]
cnt=1 s0=fng (4703,1591) [filtered=651]
cnt=1 s0=fng (4707,1592) [filtered=651]
cnt=1 s0=fng (4710,1592) [filtered=651]
cnt=1 s0=fng (4712,1593) [filtered=651]
cnt=1 s0=fng (4714,1595) [filtered=651]
cnt=1 s0=fng (4717,1596) [filtered=651]
cnt=1 s0=fng (4720,1598) [filtered=651]
cnt=1 s0=fng (4722,1599) [filtered=651]
cnt=1 s0=fng (4724,1600) [filtered=651]
cnt=1 s0=fng (4727,1601) [filtered=651]
cnt=1 s0=fng (4729,1602) [filtered=651]
cnt=1 s0=fng (4730,1603) [filtered=651]
cnt=1 s0=fng (4731,1604) [filtered=651]
cnt=1 s0=fng (4733,1605) [filtered=651]
cnt=1 s0=fng (4735,1606) [filtered=651]
cnt=1 s0=fng (4737,1608) [filtered=651]
cnt=1 s0=fng (4738,1609) [filtered=651]
cnt=1 s0=fng (4740,1610) [filtered=651]
cnt=1 s0=fng (4742,1612) [filtered=651]
cnt=1 s0=fng (4744,1614) [filtered=651]
cnt=1 s0=fng (4154,2332) [filtered=651]
cnt=1 s0=fng (4154,2332) [filtered=651]
cnt=1 s0=fng (4154,2332) [filtered=651]
cnt=1 s0=fng (4154,2332) [filtered=651]
cnt=1 s0=fng (4153,2332) [filtered=651]
cnt=1 s0=fng (4153,2332) [filtered=651]
cnt=1 s0=fng (4152,2331) [filtered=651]
cnt=1 s0=fng (4151,2330) [filtered=651]
cnt=1 s0=fng (4151,2330) [filtered=651]
cnt=1 s0=fng (4150,2327) [filtered=651]
cnt=1 s0=fng (4148,2323) [filtered=651]
cnt=1 s0=fng (4146,2316) [filtered=651]
cnt=1 s0=fng (4144,2308) [filtered=651]
cnt=1 s0=fng (4143,2301) [filtered=651]
cnt=1 s0=fng (4142,2290) [filtered=651]
cnt=1 s0=fng (4141,2277) [filtered=651]
cnt=1 s0=fng (4141,2261) [filtered=651]
cnt=1 s0=fng (4141,2245) [filtered=651]
cnt=1 s0=fng (4141,2227) [filtered=651]
cnt=1 s0=fng (4143,2205) [filtered=651]
cnt=1 s0=fng (4145,2178) [filtered=651]
cnt=1 s0=fng (4149,2148) [filtered=651]
cnt=1 s0=fng (4151,2118) [filtered=651]
cnt=1 s0=fng (4156,2084) [filtered=651]
cnt=1 s0=fng (4162,2047) [filtered=651]
cnt=1 s0=fng (4170,2007) [filtered=651]
cnt=1 s0=fng (4179,1965) [filtered=651]
cnt=1 s0=fng (4188,1924) [filtered=651]
cnt=1 s0=fng (4198,1880) [filtered=651]
cnt=1 s0=fng (4209,1836) [filtered=651]
cnt=1 s0=fng (4222,1791) [filtered=651]
cnt=1 s0=fng (4235,1746) [filtered=651]
cnt=1 s0=fng (4248,1701) [filtered=651]
cnt=1 s0=fng (4262,1658) [filtered=651]
cnt=1 s0=fng (4277,1617) [filtered=651]
cnt=1 s0=fng (4292,1579) [filtered=651]
cnt=1 s0=fng (4307,1541) [filtered=651]
cnt=1 s0=fng (4322,1505) [filtered=651]
cnt=1 s0=fng (4337,1473) [filtered=651]
cnt=1 s0=fng (4351,1445) [filtered=651]
cnt=1 s0=fng (4364,1420) [filtered=651]
cnt=1 s0=fng (4377,1396) [filtered=651]
cnt=1 s0=fng (4387,1376) [filtered=651]
cnt=1 s0=fng (4395,1361) [filtered=651]
cnt=1 s0=fng (3615,2519) [filtered=651]
cnt=1 s0=fng (3615,2519) [filtered=651]
cnt=1 s0=fng (3615,2518) [filtered=651]
cnt=1 s0=fng (3615,2517) [filtered=651]
cnt=1 s0=fng (3615,2516) [filtered=651]
cnt=1 s0=fng (3615,2515) [filtered=651]
cnt=1 s0=fng (3616,2511) [filtered=651]
cnt=1 s0=fng (3617,2508) [filtered=651]
cnt=1 s0=fng (3619,2501) [filtered=651]
cnt=1 s0=fng (3625,2490) [filtered=651]
cnt=1 s0=fng (3634,2473) [filtered=651]
cnt=1 s0=fng (3647,2451) [filtered=651]
cnt=1 s0=fng (3660,2430) [filtered=651]
cnt=1 s0=fng (3677,2405) [filtered=651]
cnt=1 s0=fng (3698,2380) [filtered=651]
cnt=1 s0=fng (3721,2355) [filtered=651]
cnt=1 s0=fng (3747,2332) [filtered=651]
cnt=1 s0=fng (3772,2310) [filtered=651]
cnt=1 s0=fng (3800,2290) [filtered=651]
cnt=1 s0=fng (3829,2273) [filtered=651]
cnt=1 s0=fng (3860,2258) [filtered=651]
cnt=1 s0=fng (3891,2244) [filtered=651]
cnt=1 s0=fng (3923,2233) [filtered=651]
cnt=1 s0=fng (3956,2225) [filtered=651]
cnt=1 s0=fng (3989,2218) [filtered=651]
cnt=1 s0=fng (4022,2214) [filtered=651]
cnt=1 s0=fng (4055,2210) [filtered=651]
cnt=1 s0=fng (4088,2208) [filtered=651]
cnt=1 s0=fng (4121,2208) [filtered=651]
cnt=1 s0=fng (4154,2211) [filtered=651]
cnt=1 s0=fng (4187,2216) [filtered=651]
cnt=1 s0=fng (4220,2220) [filtered=651]
cnt=1 s0=fng (4253,2226) [filtered=651]
cnt=1 s0=fng (4286,2234) [filtered=651]
cnt=1 s0=fng (4318,2244) [filtered=651]
cnt=1 s0=fng (4349,2253) [filtered=651]
cnt=1 s0=fng (4378,2264) [filtered=651]
cnt=1 s0=fng (4406,2277) [filtered=651]
cnt=1 s0=fng (4432,2290) [filtered=651]
cnt=1 s0=fng (4457,2307) [filtered=651]
cnt=1 s0=fng (4481,2323) [filtered=651]
cnt=1 s0=fng (4503,2340) [filtered=651]
cnt=1 s0=fng (4524,2358) [filtered=651]
cnt=1 s0=fng (4543,2376) [filtered=651]
cnt=1 s0=fng (4559,2394) [filtered=651]
cnt=1 s0=fng (4574,2411) [filtered=651]
cnt=1 s0=fng (4586,2425) [filtered=651]
cnt=1 s0=fng (3537,1765) [filtered=651]
cnt=1 s0=fng (3537,1765) [filtered=651]
cnt=1 s0=fng (3537,1765) [filtered=651]
cnt=1 s0=fng (3537,1765) [filtered=651]
cnt=1 s0=fng (3537,1765) [filtered=651]
cnt=1 s0=fng (3537,1765) [filtered=651]
cnt=1 s0=fng (3537,1765) [filtered=651]
cnt=1 s0=fng (3537,1765) [filtered=651]
cnt=1 s0=fng (3538,1765) [filtered=651]
cnt=1 s0=fng (3539,1765) [filtered=651]
cnt=1 s0=fng (3540,1766) [filtered=651]
cnt=1 s0=fng (3541,1766) [filtered=651]
cnt=1 s0=fng (3544,1768) [filtered=651]
cnt=1 s0=fng (3549,1771) [filtered=651]
cnt=1 s0=fng (3556,1777) [filtered=651]
cnt=1 s0=fng (3565,1785) [filtered=651]
cnt=1 s0=fng (3574,1793) [filtered=651]
cnt=1 s0=fng (3586,1804) [filtered=651]
cnt=1 s0=fng (3601,1818) [filtered=651]
cnt=1 s0=fng (3618,1835) [filtered=651]
cnt=1 s0=fng (3637,1856) [filtered=651]
cnt=1 s0=fng (3655,1876) [filtered=651]
cnt=1 s0=fng (3674,1898) [filtered=651]
cnt=1 s0=fng (3692,1922) [filtered=651]
cnt=1 s0=fng (3710,1947) [filtered=651]
cnt=1 s0=fng (3728,1972) [filtered=651]
cnt=1 s0=fng (3745,1998) [filtered=651]
cnt=1 s0=fng (3763,2027) [filtered=651]
cnt=1 s0=fng (3780,2056) [filtered=651]
cnt=1 s0=fng (3796,2086) [filtered=651]
cnt=1 s0=fng (3812,2116) [filtered=651]
cnt=1 s0=fng (3827,2146) [filtered=651]
cnt=1 s0=fng (3840,2176) [filtered=651]
cnt=1 s0=fng (3852,2205) [filtered=651]
cnt=1 s0=fng (3862,2234) [filtered=651]
cnt=1 s0=fng (3871,2263) [filtered=651]
cnt=1 s0=fng (3879,2289) [filtered=651]
cnt=1 s0=fng (3885,2310) [filtered=651]
cnt=1 s0=fng (2993,2513) [filtered=651]
cnt=1 s0=fng (2992,2513) [filtered=651]
cnt=2 s0=fng (2992,2513) s1=fng (3532,2064) [filtered=651]
cnt=2 s0=fng (2990,2513) s1=fng (3532,2064) [filtered=651]
cnt=2 s0=fng (2989,2513) s1=fng (3532,2064) [filtered=651]
cnt=2 s0=fng (2988,2512) s1=fng (3531,2064) [filtered=651]
cnt=2 s0=fng (2986,2511) s1=fng (3530,2063) [filtered=651]
cnt=2 s0=fng (2984,2510) s1=fng (3530,2063) [filtered=651]
cnt=2 s0=fng (2982,2508) s1=fng (3530,2062) [filtered=651]
cnt=2 s0=fng (2981,2507) s1=fng (3530,2061) [filtered=651]
cnt=2 s0=fng (2979,2506) s1=fng (3530,2060) [filtered=651]
cnt=2 s0=fng (2977,2505) s1=fng (3530,2059) [filtered=651]
cnt=2 s0=fng (2976,2503) s1=fng (3530,2058) [filtered=651]
cnt=2 s0=fng (2975,2502) s1=fng (3530,2058) [filtered=651]
cnt=2 s0=fng (2974,2501) s1=fng (3530,2057) [filtered=651]
cnt=2 s0=fng (2972,2499) s1=fng (3530,2056) [filtered=651]
cnt=2 s0=fng (2971,2496) s1=fng (3530,2054) [filtered=651]
cnt=2 s0=fng (2970,2491) s1=fng (3530,2052) [filtered=651]
cnt=2 s0=fng (2969,2488) s1=fng (3530,2051) [filtered=651]
cnt=2 s0=fng (2968,2481) s1=fng (3531,2048) [filtered=651]
cnt=2 s0=fng (2967,2471) s1=fng (3533,2042) [filtered=651]
cnt=2 s0=fng (2966,2457) s1=fng (3537,2032) [filtered=651]
cnt=2 s0=fng (2966,2438) s1=fng (3542,2018) [filtered=651]
cnt=2 s0=fng (2966,2420) s1=fng (3546,2005) [filtered=651]
cnt=2 s0=fng (2966,2398) s1=fng (3552,1988) [filtered=651]
cnt=2 s0=fng (2967,2372) s1=fng (3560,1967) [filtered=651]
cnt=2 s0=fng (2968,2341) s1=fng (3569,1942) [filtered=651]
cnt=2 s0=fng (2970,2306) s1=fng (3580,1913) [filtered=651]
cnt=2 s0=fng (2971,2272) s1=fng (3590,1885) [filtered=651]
cnt=2 s0=fng (2973,2234) s1=fng (3601,1854) [filtered=651]
cnt=2 s0=fng (2977,2193) s1=fng (3613,1822) [filtered=651]
cnt=2 s0=fng (2982,2151) s1=fng (3625,1789) [filtered=651]
cnt=2 s0=fng (2985,2109) s1=fng (3636,1756) [filtered=651]
cnt=2 s0=fng (2990,2066) s1=fng (3648,1725) [filtered=651]
cnt=2 s0=fng (2995,2024) s1=fng (3659,1695) [filtered=651]
cnt=2 s0=fng (3002,1983) s1=fng (3670,1666) [filtered=651]
cnt=2 s0=fng (3010,1943) s1=fng (3680,1637) [filtered=651]
cnt=2 s0=fng (3017,1903) s1=fng (3689,1609) [filtered=651]
cnt=2 s0=fng (3025,1865) s1=fng (3697,1582) [filtered=651]
cnt=2 s0=fng (3033,1829) s1=fng (3706,1557) [filtered=651]
cnt=2 s0=fng (3041,1795) s1=fng (3715,1533) [filtered=651]
cnt=2 s0=fng (3049,1763) s1=fng (3723,1511) [filtered=651]
cnt=2 s0=fng (3056,1731) s1=fng (3730,1490) [filtered=651]
cnt=2 s0=fng (3064,1701) s1=fng (3737,1470) [filtered=651]
cnt=2 s0=fng (3071,1672) s1=fng (3745,1449) [filtered=651]
cnt=2 s0=fng (3077,1645) s1=fng (3753,1428) [filtered=651]
cnt=2 s0=fng (3082,1619) s1=fng (3760,1408) [filtered=651]
cnt=2 s0=fng (3086,1595) s1=fng (3767,1389) [filtered=651]
cnt=2 s0=fng (3091,1573) s1=fng (3774,1371) [filtered=651]
cnt=2 s0=fng (3095,1552) s1=fng (3780,1353) [filtered=651]
cnt=2 s0=fng (3099,1532) s1=fng (3787,1336) [filtered=651]
cnt=2 s0=fng (3102,1513) s1=fng (3793,1320) [filtered=651]
cnt=2 s0=fng (3104,1496) s1=fng (3799,1304) [filtered=651]
cnt=2 s0=fng (3105,1480) s1=fng (3804,1287) [filtered=651]
cnt=2 s0=fng (3106,1466) s1=fng (3808,1272) [filtered=651]
cnt=2 s0=fng (3107,1452) s1=fng (3813,1258) [filtered=651]
cnt=2 s0=fng (3107,1439) s1=fng (3817,1245) [filtered=651]
cnt=2 s0=fng (3108,1427) s1=fng (3820,1233) [filtered=651]
cnt=2 s0=fng (3109,1416) s1=fng (3822,1223) [filtered=651]
cnt=2 s0=fng (3109,1407) s1=fng (3824,1215) [filtered=651]
cnt=2 s0=fng (3109,1398) s1=fng (3826,1207) [filtered=651]
cnt=2 s0=fng (3110,1390) s1=fng (3827,1200) [filtered=651]
cnt=2 s0=fng (3110,1384) s1=fng (3828,1195) [filtered=651]
cnt=2 s0=fng (3111,1380) s1=fng (3829,1191) [filtered=651]
cnt=2 s0=fng (3112,1377) s1=fng (3830,1188) [filtered=651]
cnt=2 s0=fng (3112,1374) s1=fng (3831,1185) [filtered=651]
cnt=2 s0=fng (3112,1372) s1=fng (3831,1183) [filtered=651]
cnt=2 s0=fng (3113,1371) s1=fng (3832,1182) [filtered=651]
cnt=2 s0=fng (3113,1371) s1=fng (3832,1182) [filtered=651]
cnt=2 s0=fng (3114,1371) s1=fng (3832,1182) [filtered=651]
cnt=2 s0=fng (3114,1371) s1=fng (3832,1182) [filtered=651]
cnt=2 s0=fng (3114,1374) s1=fng (3832,1182) [filtered=651]
cnt=2 s0=fng (3114,1378) s1=fng (3832,1185) [filtered=651]
cnt=2 s0=fng (3114,1385) s1=fng (3831,1188) [filtered=651]
cnt=2 s0=fng (3114,1392) s1=fng (3831,1191) [filtered=651]
cnt=2 s0=fng (3113,1400) s1=fng (3831,1194) [filtered=651]
cnt=2 s0=fng (3112,1410) s1=fng (3830,1199) [filtered=651]
cnt=2 s0=fng (3110,1424) s1=fng (3828,1204) [filtered=651]
cnt=2 s0=fng (3107,1441) s1=fng (3826,1213) [filtered=651]
cnt=2 s0=fng (3105,1457) s1=fng (3825,1221) [filtered=651]
cnt=2 s0=fng (3101,1476) s1=fng (3821,1231) [filtered=651]
cnt=2 s0=fng (3097,1498) s1=fng (3816,1244) [filtered=651]
cnt=2 s0=fng (3093,1524) s1=fng (3811,1261) [filtered=651]
cnt=2 s0=fng (3090,1549) s1=fng (3806,1278) [filtered=651]
cnt=2 s0=fng (3087,1578) s1=fng (3799,1299) [filtered=651]
cnt=2 s0=fng (3085,1608) s1=fng (3790,1324) [filtered=651]
cnt=2 s0=fng (3083,1641) s1=fng (3781,1353) [filtered=651]
cnt=2 s0=fng (3082,1679) s1=fng (3772,1386) [filtered=651]
cnt=2 s0=fng (3081,1716) s1=fng (3763,1418) [filtered=651]
cnt=2 s0=fng (3080,1754) s1=fng (3753,1453) [filtered=651]
cnt=2 s0=fng (3079,1795) s1=fng (3743,1490) [filtered=651]
cnt=2 s0=fng (3079,1836) s1=fng (3734,1528) [filtered=651]
cnt=2 s0=fng (3079,1878) s1=fng (3724,1567) [filtered=651]
cnt=2 s0=fng (3079,1919) s1=fng (3715,1605) [filtered=651]
cnt=2 s0=fng (3079,1961) s1=fng (3707,1643) [filtered=651]
cnt=2 s0=fng (3079,2003) s1=fng (3699,1681) [filtered=651]
cnt=2 s0=fng (3079,2044) s1=fng (3692,1718) [filtered=651]
cnt=2 s0=fng (3080,2084) s1=fng (3686,1756) [filtered=651]
cnt=2 s0=fng (3080,2123) s1=fng (3681,1793) [filtered=651]
cnt=2 s0=fng (3081,2161) s1=fng (3676,1829) [filtered=651]
cnt=2 s0=fng (3081,2198) s1=fng (3671,1864) [filtered=651]
cnt=2 s0=fng (3082,2232) s1=fng (3666,1897) [filtered=651]
cnt=2 s0=fng (3082,2266) s1=fng (3662,1930) [filtered=651]
cnt=2 s0=fng (3082,2298) s1=fng (3659,1960) [filtered=651]
cnt=2 s0=fng (3083,2328) s1=fng (3657,1989) [filtered=651]
cnt=2 s0=fng (3084,2356) s1=fng (3656,2015) [filtered=651]
cnt=2 s0=fng (3085,2381) s1=fng (3654,2039) [filtered=651]
cnt=2 s0=fng (3085,2405) s1=fng (3653,2062) [filtered=651]
cnt=2 s0=fng (3085,2428) s1=fng (3652,2083) [filtered=651]
cnt=2 s0=fng (3086,2449) s1=fng (3651,2102) [filtered=651]
cnt=2 s0=fng (3086,2467) s1=fng (3650,2119) [filtered=651]
cnt=2 s0=fng (3087,2483) s1=fng (3649,2133) [filtered=651]
cnt=2 s0=fng (3087,2498) s1=fng (3649,2146) [filtered=651]
cnt=2 s0=fng (3087,2510) s1=fng (3649,2157) [filtered=651]
cnt=2 s0=fng (3088,2521) s1=fng (3649,2166) [filtered=651]
cnt=2 s0=fng (3088,2530) s1=fng (3649,2174) [filtered=651]
cnt=2 s0=fng (3088,2539) s1=fng (3649,2182) [filtered=651]
cnt=2 s0=fng (3089,2547) s1=fng (3649,2189) [filtered=651]
cnt=2 s0=fng (3089,2553) s1=fng (3649,2194) [filtered=651]
cnt=2 s0=fng (3090,2557) s1=fng (3649,2198) [filtered=651]
cnt=2 s0=fng (3090,2561) s1=fng (3649,2201) [filtered=651]
cnt=2 s0=fng (3090,2565) s1=fng (3649,2204) [filtered=651]
cnt=2 s0=fng (3091,2568) s1=fng (3649,2206) [filtered=651]
cnt=2 s0=fng (3091,2570) s1=fng (3649,2207) [filtered=651]
cnt=2 s0=fng (3091,2571) s1=fng (3649,2207) [filtered=651]
cnt=2 s0=fng (3091,2572) s1=fng (3650,2207) [filtered=651]
cnt=2 s0=fng (3091,2573) s1=fng (3650,2207) [filtered=651]
cnt=2 s0=fng (3091,2573) s1=fng (3650,2207) [filtered=651]
cnt=2 s0=fng (3091,2573) s1=fng (3650,2207) [filtered=651]
cnt=2 s0=fng (3091,2573) s1=fng (3650,2207) [filtered=651]
cnt=2 s0=fng (3091,2573) s1=fng (3650,2207) [filtered=651]
cnt=2 s0=fng (3091,2573) s1=fng (3651,2207) [filtered=651]
cnt=2 s0=fng (3091,2573) s1=fng (3651,2207) [filtered=651]
cnt=2 s0=fng (3091,2570) s1=fng (3651,2207) [filtered=651]
cnt=2 s0=fng (3091,2567) s1=fng (3652,2204) [filtered=651]
cnt=2 s0=fng (3091,2564) s1=fng (3652,2201) [filtered=651]
cnt=2 s0=fng (3092,2560) s1=fng (3652,2200) [filtered=651]
cnt=2 s0=fng (3093,2555) s1=fng (3653,2198) [filtered=651]
cnt=2 s0=fng (3094,2549) s1=fng (3653,2195) [filtered=651]
cnt=2 s0=fng (3096,2540) s1=fng (3653,2192) [filtered=651]
cnt=2 s0=fng (3097,2532) s1=fng (3653,2190) [filtered=651]
cnt=2 s0=fng (3099,2522) s1=fng (3654,2186) [filtered=651]
cnt=2 s0=fng (3102,2509) s1=fng (3655,2179) [filtered=651]
cnt=2 s0=fng (3105,2494) s1=fng (3658,2169) [filtered=651]
cnt=2 s0=fng (3107,2479) s1=fng (3660,2159) [filtered=651]
cnt=2 s0=fng (3111,2460) s1=fng (3665,2145) [filtered=651]
cnt=2 s0=fng (3115,2437) s1=fng (3671,2125) [filtered=651]
cnt=2 s0=fng (3119,2410) s1=fng (3681,2099) [filtered=651]
cnt=2 s0=fng (3123,2376) s1=fng (3692,2067) [filtered=651]
cnt=2 s0=fng (3126,2343) s1=fng (3702,2036) [filtered=651]
cnt=2 s0=fng (3130,2306) s1=fng (3714,2000) [filtered=651]
cnt=2 s0=fng (3134,2266) s1=fng (3726,1962) [filtered=651]
cnt=2 s0=fng (3138,2223) s1=fng (3738,1924) [filtered=651]
cnt=2 s0=fng (3141,2180) s1=fng (3750,1886) [filtered=651]
cnt=2 s0=fng (3145,2136) s1=fng (3761,1848) [filtered=651]
cnt=2 s0=fng (3150,2090) s1=fng (3772,1809) [filtered=651]
cnt=2 s0=fng (3155,2043) s1=fng (3782,1771) [filtered=651]
cnt=2 s0=fng (3160,1996) s1=fng (3792,1732) [filtered=651]
cnt=2 s0=fng (3164,1949) s1=fng (3801,1693) [filtered=651]
cnt=2 s0=fng (3169,1901) s1=fng (3810,1654) [filtered=651]
cnt=2 s0=fng (3175,1853) s1=fng (3819,1615) [filtered=651]
cnt=2 s0=fng (3181,1806) s1=fng (3828,1577) [filtered=651]
cnt=2 s0=fng (3186,1760) s1=fng (3836,1540) [filtered=651]
cnt=2 s0=fng (3193,1714) s1=fng (3846,1500) [filtered=651]
cnt=2 s0=fng (3200,1669) s1=fng (3857,1460) [filtered=651]
cnt=2 s0=fng (3207,1627) s1=fng (3868,1420) [filtered=651]
cnt=2 s0=fng (3216,1586) s1=fng (3879,1381) [filtered=651]
cnt=2 s0=fng (3226,1546) s1=fng (3891,1343) [filtered=651]
cnt=2 s0=fng (3235,1507) s1=fng (3903,1305) [filtered=651]
cnt=2 s0=fng (3245,1466) s1=fng (3916,1267) [filtered=651]
cnt=2 s0=fng (3256,1425) s1=fng (3930,1231) [filtered=651]
cnt=2 s0=fng (3268,1385) s1=fng (3945,1195) [filtered=651]
cnt=2 s0=fng (3279,1346) s1=fng (3959,1160) [filtered=651]
cnt=2 s0=fng (3292,1310) s1=fng (3973,1128) [filtered=651]
cnt=2 s0=fng (3305,1274) s1=fng (3987,1096) [filtered=651]
cnt=2 s0=fng (3318,1239) s1=fng (4001,1065) [filtered=651]
cnt=2 s0=fng (3332,1205) s1=fng (4015,1036) [filtered=651]
cnt=2 s0=fng (3346,1172) s1=fng (4028,1008) [filtered=651]
cnt=2 s0=fng (3360,1140) s1=fng (4041,981) [filtered=651]
cnt=2 s0=fng (3374,1111) s1=PALM(4054,957) [filtered=652]
cnt=2 s0=fng (3388,1083) s1=PALM(4067,933) [filtered=653]
cnt=2 s0=fng (3402,1055) s1=PALM(4080,911) [filtered=654]
cnt=2 s0=fng (3416,1028) s1=PALM(4092,890) [filtered=655]
cnt=2 s0=fng (3430,1003) s1=PALM(4104,870) [filtered=656]
cnt=2 s0=fng (3444,979) s1=PALM(4116,851) [filtered=657]
cnt=2 s0=fng (3459,957) s1=PALM(4128,833) [filtered=658]
cnt=2 s0=fng (3473,935) s1=PALM(4139,815) [filtered=659]
cnt=2 s0=fng (3488,914) s1=PALM(4151,798) [filtered=660]
cnt=2 s0=fng (3503,894) s1=PALM(4164,781) [filtered=661]
cnt=2 s0=fng (3516,877) s1=PALM(4177,765) [filtered=662]
cnt=2 s0=fng (3527,863) s1=PALM(4188,752) [filtered=663]
cnt=1 s0=fng (4001,2566) [filtered=663]
cnt=1 s0=fng (4001,2566) [filtered=663]
cnt=1 s0=fng (3997,2563) [filtered=663]
cnt=1 s0=fng (3990,2557) [filtered=663]
cnt=1 s0=fng (3981,2547) [filtered=663]
cnt=1 s0=fng (3972,2538) [filtered=663]
cnt=1 s0=fng (3961,2527) [filtered=663]
cnt=1 s0=fng (3950,2516) [filtered=663]
cnt=1 s0=fng (3940,2506) [filtered=663]
cnt=1 s0=fng (3928,2494) [filtered=663]
cnt=1 s0=fng (3916,2482) [filtered=663]
cnt=1 s0=fng (3905,2471) [filtered=663]
cnt=1 s0=fng (3895,2461) [filtered=663]
cnt=1 s0=fng (3886,2450) [filtered=663]
cnt=1 s0=fng (3877,2439) [filtered=663]
cnt=1 s0=fng (3868,2428) [filtered=663]
cnt=1 s0=fng (3860,2417) [filtered=663]
cnt=1 s0=fng (3852,2406) [filtered=663]
cnt=1 s0=fng (3846,2395) [filtered=663]
cnt=1 s0=fng (3840,2384) [filtered=663]
cnt=1 s0=fng (3835,2373) [filtered=663]
cnt=1 s0=fng (3830,2362) [filtered=663]
cnt=1 s0=fng (3826,2351) [filtered=663]
cnt=1 s0=fng (3823,2340) [filtered=663]
cnt=1 s0=fng (3820,2328) [filtered=663]
cnt=1 s0=fng (3817,2317) [filtered=663]
cnt=1 s0=fng (3814,2306) [filtered=663]
cnt=1 s0=fng (3812,2295) [filtered=663]
cnt=1 s0=fng (3810,2283) [filtered=663]
cnt=1 s0=fng (3808,2272) [filtered=663]
cnt=1 s0=fng (3807,2261) [filtered=663]
cnt=1 s0=fng (3807,2250) [filtered=663]
cnt=1 s0=fng (3807,2239) [filtered=663]
cnt=1 s0=fng (3807,2229) [filtered=663]
cnt=1 s0=fng (3807,2219) [filtered=663]
cnt=1 s0=fng (3807,2209) [filtered=663]
cnt=1 s0=fng (3807,2199) [filtered=663]
cnt=1 s0=fng (3810,2190) [filtered=663]
cnt=1 s0=fng (3813,2181) [filtered=663]
cnt=1 s0=fng (3816,2172) [filtered=663]
cnt=1 s0=fng (3820,2163) [filtered=663]
cnt=1 s0=fng (3825,2155) [filtered=663]
cnt=1 s0=fng (3830,2147) [filtered=663]
cnt=1 s0=fng (3835,2140) [filtered=663]
cnt=1 s0=fng (3839,2133) [filtered=663]
cnt=1 s0=fng (3844,2127) [filtered=663]
cnt=1 s0=fng (3849,2122) [filtered=663]
cnt=1 s0=fng (3854,2117) [filtered=663]
cnt=1 s0=fng (3860,2113) [filtered=663]
cnt=1 s0=fng (3867,2109) [filtered=663]
cnt=1 s0=fng (3874,2106) [filtered=663]
cnt=1 s0=fng (3881,2103) [filtered=663]
cnt=1 s0=fng (3889,2101) [filtered=663]
cnt=1 s0=fng (3897,2100) [filtered=663]
cnt=1 s0=fng (3906,2100) [filtered=663]
cnt=1 s0=fng (3914,2100) [filtered=663]
cnt=1 s0=fng (3922,2100) [filtered=663]
cnt=1 s0=fng (3930,2100) [filtered=663]
cnt=1 s0=fng (3938,2104) [filtered=663]
cnt=1 s0=fng (3946,2108) [filtered=663]
cnt=1 s0=fng (3953,2113) [filtered=663]
cnt=1 s0=fng (3960,2119) [filtered=663]
cnt=1 s0=fng (3966,2123) [filtered=663]
cnt=1 s0=fng (3973,2128) [filtered=663]
cnt=1 s0=fng (3980,2135) [filtered=663]
cnt=1 s0=fng (3986,2141) [filtered=663]
cnt=1 s0=fng (3992,2148) [filtered=663]
cnt=1 s0=fng (3997,2156) [filtered=663]
cnt=1 s0=fng (4002,2163) [filtered=663]
cnt=1 s0=fng (4007,2172) [filtered=663]
cnt=1 s0=fng (4011,2182) [filtered=663]
cnt=1 s0=fng (4015,2192) [filtered=663]
cnt=1 s0=fng (4019,2202) [filtered=663]
cnt=1 s0=fng (4022,2212) [filtered=663]
cnt=1 s0=fng (4025,2223) [filtered=663]
cnt=1 s0=fng (4028,2234) [filtered=663]
cnt=1 s0=fng (4030,2245) [filtered=663]
cnt=1 s0=fng (4032,2256) [filtered=663]
cnt=1 s0=fng (4033,2268) [filtered=663]
cnt=1 s0=fng (4034,2279) [filtered=663]
cnt=1 s0=fng (4035,2291) [filtered=663]
cnt=1 s0=fng (4035,2302) [filtered=663]
cnt=1 s0=fng (4035,2313) [filtered=663]
cnt=1 s0=fng (4035,2323) [filtered=663]
cnt=1 s0=fng (4035,2334) [filtered=663]
cnt=1 s0=fng (4035,2344) [filtered=663]
cnt=1 s0=fng (4035,2354) [filtered=663]
cnt=1 s0=fng (4034,2363) [filtered=663]
cnt=1 s0=fng (4034,2372) [filtered=663]
cnt=1 s0=fng (4034,2381) [filtered=663]
cnt=1 s0=fng (4033,2390) [filtered=663]
cnt=1 s0=fng (4032,2398) [filtered=663]
cnt=1 s0=fng (4032,2405) [filtered=663]
cnt=1 s0=fng (4031,2411) [filtered=663]
cnt=1 s0=fng (4030,2417) [filtered=663]
cnt=1 s0=fng (4029,2423) [filtered=663]
cnt=1 s0=fng (4028,2429) [filtered=663]
cnt=1 s0=fng (4028,2434) [filtered=663]
cnt=1 s0=fng (4027,2438) [filtered=663]
cnt=1 s0=fng (4027,2442) [filtered=663]
cnt=1 s0=fng (4027,2445) [filtered=663]
cnt=1 s0=fng (4027,2448) [filtered=663]
cnt=1 s0=fng (4028,2449) [filtered=663]
cnt=1 s0=fng (4029,2450) [filtered=663]
cnt=1 s0=fng (4032,2451) [filtered=663]
cnt=1 s0=fng (4033,2452) [filtered=663]
cnt=1 s0=fng (4036,2453) [filtered=663]
cnt=1 s0=fng (4040,2454) [filtered=663]
cnt=1 s0=fng (4046,2455) [filtered=663]
cnt=1 s0=fng (4052,2456) [filtered=663]
cnt=1 s0=fng (4059,2457) [filtered=663]
cnt=1 s0=fng (4065,2457) [filtered=663]
cnt=1 s0=fng (4072,2457) [filtered=663]
cnt=1 s0=fng (4079,2456) [filtered=663]
cnt=1 s0=fng (4085,2455) [filtered=663]
cnt=1 s0=fng (4085,2455) [filtered=663]
cnt=1 s0=fng (4359,2192) [filtered=663]
cnt=1 s0=fng (4359,2192) [filtered=663]
cnt=1 s0=fng (4359,2192) [filtered=663]
cnt=1 s0=fng (4359,2192) [filtered=663]
cnt=1 s0=fng (4358,2191) [filtered=663]
cnt=1 s0=fng (4358,2191) [filtered=663]
cnt=1 s0=fng (4358,2191) [filtered=663]
cnt=1 s0=fng (4358,2191) [filtered=663]
cnt=1 s0=fng (4358,2191) [filtered=663]
cnt=1 s0=fng (4358,2191) [filtered=663]
cnt=1 s0=fng (4358,2191) [filtered=663]
cnt=1 s0=fng (4358,2191) [filtered=663]
cnt=1 s0=fng (4358,2191) [filtered=663]
cnt=1 s0=fng (4358,2191) [filtered=663]
cnt=1 s0=fng (4358,2191) [filtered=663]
cnt=1 s0=fng (4358,2191) [filtered=663]
cnt=1 s0=fng (4358,2191) [filtered=663]
cnt=1 s0=fng (4358,2191) [filtered=663]
cnt=1 s0=fng (4358,2191) [filtered=663]
cnt=1 s0=fng (4358,2191) [filtered=663]
cnt=1 s0=fng (4358,2191)* [filtered=663]
cnt=1 s0=fng (4358,2191)* [filtered=663]
cnt=1 s0=fng (4358,2191)* [filtered=663]
cnt=1 s0=fng (4358,2191)* [filtered=663]
cnt=1 s0=fng (4358,2191)* [filtered=663]
cnt=1 s0=fng (4358,2191)* [filtered=663]
cnt=1 s0=fng (4358,2191)* [filtered=663]
cnt=1 s0=fng (4358,2191)* [filtered=663]
cnt=1 s0=fng (4358,2191)* [filtered=663]
cnt=1 s0=fng (4358,2191)* [filtered=663]
cnt=1 s0=fng (4358,2191)* [filtered=663]
cnt=1 s0=fng (4358,2191)* [filtered=663]
cnt=1 s0=fng (4358,2191)* [filtered=663]
cnt=1 s0=fng (4358,2191)* [filtered=663]
cnt=1 s0=fng (4358,2191)* [filtered=663]
cnt=1 s0=fng (4358,2191)* [filtered=663]
cnt=1 s0=fng (4358,2191)* [filtered=663]
cnt=1 s0=fng (4358,2191)* [filtered=663]
cnt=1 s0=fng (4358,2191)* [filtered=663]
cnt=1 s0=fng (4358,2191)* [filtered=663]
cnt=1 s0=fng (4358,2191)* [filtered=663]
cnt=1 s0=fng (4358,2191)* [filtered=663]
cnt=1 s0=fng (4358,2191)* [filtered=663]
cnt=1 s0=fng (4358,2191)* [filtered=663]
cnt=1 s0=fng (4358,2191)* [filtered=663]
cnt=1 s0=fng (4358,2191)* [filtered=663]
cnt=1 s0=fng (4358,2191)* [filtered=663]
cnt=1 s0=fng (4358,2191)* [filtered=663]
cnt=1 s0=fng (4358,2191)* [filtered=663]
cnt=1 s0=fng (4358,2191)* [filtered=663]
cnt=1 s0=fng (4358,2191)* [filtered=663]
cnt=1 s0=fng (4358,2197) [filtered=663]
cnt=1 s0=fng (4358,2202) [filtered=663]
cnt=1 s0=fng (4359,2211) [filtered=663]
cnt=1 s0=fng (4360,2224) [filtered=663]
cnt=1 s0=fng (4360,2239) [filtered=663]
cnt=1 s0=fng (4361,2254) [filtered=663]
cnt=1 s0=fng (4361,2268) [filtered=663]
cnt=1 s0=fng (4361,2282) [filtered=663]
cnt=1 s0=fng (4361,2296) [filtered=663]
cnt=1 s0=fng (4361,2310) [filtered=663]
cnt=1 s0=fng (4361,2324) [filtered=663]
cnt=1 s0=fng (4361,2337) [filtered=663]
cnt=1 s0=fng (4361,2349) [filtered=663]
cnt=1 s0=fng (4361,2360) [filtered=663]
cnt=1 s0=fng (4360,2370) [filtered=663]
cnt=1 s0=fng (4360,2379) [filtered=663]
cnt=1 s0=fng (4359,2387) [filtered=663]
cnt=1 s0=fng (4357,2396) [filtered=663]
cnt=1 s0=fng (4355,2404) [filtered=663]
cnt=1 s0=fng (4352,2411) [filtered=663]
cnt=1 s0=fng (4350,2417) [filtered=663]
cnt=1 s0=fng (4346,2422) [filtered=663]
cnt=1 s0=fng (4342,2426) [filtered=663]
cnt=1 s0=fng (4338,2430) [filtered=663]
cnt=1 s0=fng (4333,2433) [filtered=663]
cnt=1 s0=fng (4329,2436) [filtered=663]
cnt=1 s0=fng (4324,2438) [filtered=663]
cnt=1 s0=fng (4319,2439) [filtered=663]
cnt=1 s0=fng (4314,2439) [filtered=663]
cnt=1 s0=fng (4308,2436) [filtered=663]
cnt=1 s0=fng (4302,2434) [filtered=663]
cnt=1 s0=fng (4295,2431) [filtered=663]
cnt=1 s0=fng (4288,2427) [filtered=663]
cnt=1 s0=fng (4280,2422) [filtered=663]
cnt=1 s0=fng (4273,2418) [filtered=663]
cnt=1 s0=fng (4265,2413) [filtered=663]
cnt=1 s0=fng (4256,2406) [filtered=663]
cnt=1 s0=fng (4247,2398) [filtered=663]
cnt=1 s0=fng (4237,2389) [filtered=663]
cnt=1 s0=fng (4227,2380) [filtered=663]
cnt=1 s0=fng (4216,2370) [filtered=663]
cnt=1 s0=fng (4205,2359) [filtered=663]
cnt=1 s0=fng (4193,2346) [filtered=663]
cnt=1 s0=fng (4182,2333) [filtered=663]
cnt=1 s0=fng (4170,2320) [filtered=663]
cnt=1 s0=fng (4158,2306) [filtered=663]
cnt=1 s0=fng (4146,2291) [filtered=663]
cnt=1 s0=fng (4135,2276) [filtered=663]
cnt=1 s0=fng (4124,2260) [filtered=663]
cnt=1 s0=fng (4112,2243) [filtered=663]
cnt=1 s0=fng (4101,2227) [filtered=663]
cnt=1 s0=fng (4091,2212) [filtered=663]
cnt=1 s0=fng (4082,2195) [filtered=663]
cnt=1 s0=fng (4073,2177) [filtered=663]
cnt=1 s0=fng (4064,2160) [filtered=663]
cnt=1 s0=fng (4056,2143) [filtered=663]
cnt=1 s0=fng (4048,2126) [filtered=663]
cnt=1 s0=fng (4042,2111) [filtered=663]
cnt=1 s0=fng (4036,2096) [filtered=663]
cnt=1 s0=fng (4030,2081) [filtered=663]
cnt=1 s0=fng (4024,2066) [filtered=663]
cnt=1 s0=fng (4019,2052) [filtered=663]
cnt=1 s0=fng (4015,2037) [filtered=663]
cnt=1 s0=fng (4011,2023) [filtered=663]
cnt=1 s0=fng (4007,2008) [filtered=663]
cnt=1 s0=fng (4004,1993) [filtered=663]
cnt=1 s0=fng (4001,1979) [filtered=663]
cnt=1 s0=fng (3998,1966) [filtered=663]
cnt=1 s0=fng (3995,1954) [filtered=663]
cnt=1 s0=fng (3993,1944) [filtered=663]
cnt=1 s0=fng (3992,1934) [filtered=663]
cnt=1 s0=fng (3991,1925) [filtered=663]
cnt=1 s0=fng (3991,1917) [filtered=663]
cnt=1 s0=fng (3991,1910) [filtered=663]
cnt=1 s0=fng (3994,1904) [filtered=663]
cnt=1 s0=fng (3997,1898) [filtered=663]
cnt=1 s0=fng (4001,1893) [filtered=663]
cnt=1 s0=fng (4005,1890) [filtered=663]
cnt=1 s0=fng (4007,1887) [filtered=663]
cnt=1 s0=fng (4011,1885) [filtered=663]
cnt=1 s0=fng (4015,1885) [filtered=663]
cnt=1 s0=fng (4018,1885) [filtered=663]
cnt=1 s0=fng (4023,1888) [filtered=663]
cnt=1 s0=fng (4029,1893) [filtered=663]
cnt=1 s0=fng (4035,1899) [filtered=663]
cnt=1 s0=fng (4041,1903) [filtered=663]
cnt=1 s0=fng (4048,1910) [filtered=663]
cnt=1 s0=fng (4055,1918) [filtered=663]
cnt=1 s0=fng (4062,1927) [filtered=663]
cnt=1 s0=fng (4068,1935) [filtered=663]
cnt=1 s0=fng (4075,1945) [filtered=663]
cnt=1 s0=fng (4082,1955) [filtered=663]
cnt=1 s0=fng (4089,1966) [filtered=663]
cnt=1 s0=fng (4096,1977) [filtered=663]
cnt=1 s0=fng (4103,1989) [filtered=663]
cnt=1 s0=fng (4110,2002) [filtered=663]
cnt=1 s0=fng (4116,2014) [filtered=663]
cnt=1 s0=fng (4123,2027) [filtered=663]
cnt=1 s0=fng (4130,2040) [filtered=663]
cnt=1 s0=fng (4137,2053) [filtered=663]
cnt=1 s0=fng (4144,2068) [filtered=663]
cnt=1 s0=fng (4150,2082) [filtered=663]
cnt=1 s0=fng (4156,2097) [filtered=663]
cnt=1 s0=fng (4162,2111) [filtered=663]
cnt=1 s0=fng (4168,2125) [filtered=663]
cnt=1 s0=fng (4174,2139) [filtered=663]
cnt=1 s0=fng (4179,2152) [filtered=663]
cnt=1 s0=fng (4184,2165) [filtered=663]
cnt=1 s0=fng (4189,2178) [filtered=663]
cnt=1 s0=fng (4194,2190) [filtered=663]
cnt=1 s0=fng (4198,2201) [filtered=663]
cnt=1 s0=fng (4201,2211) [filtered=663]
cnt=1 s0=fng (4204,2220) [filtered=663]
cnt=1 s0=fng (4208,2229) [filtered=663]
cnt=1 s0=fng (4211,2237) [filtered=663]
cnt=1 s0=fng (4213,2244) [filtered=663]
cnt=1 s0=fng (4214,2250) [filtered=663]
cnt=1 s0=fng (4214,2255) [filtered=663]
cnt=1 s0=fng (4214,2260) [filtered=663]
cnt=1 s0=fng (4214,2264) [filtered=663]
cnt=1 s0=fng (4214,2268) [filtered=663]
cnt=1 s0=fng (4214,2270) [filtered=663]
cnt=1 s0=fng (4214,2272) [filtered=663]
cnt=1 s0=fng (4214,2273) [filtered=663]
cnt=1 s0=fng (4213,2273) [filtered=663]
cnt=1 s0=fng (4212,2273) [filtered=663]
cnt=1 s0=fng (4211,2273) [filtered=663]
cnt=1 s0=fng (4210,2270) [filtered=663]
cnt=1 s0=fng (4209,2266) [filtered=663]
cnt=1 s0=fng (4207,2262) [filtered=663]
cnt=1 s0=fng (4205,2256) [filtered=663]
cnt=1 s0=fng (4204,2252) [filtered=663]
cnt=1 s0=fng (4203,2247) [filtered=663]
cnt=1 s0=fng (4201,2241) [filtered=663]
cnt=1 s0=fng (4200,2236) [filtered=663]
cnt=1 s0=fng (4198,2229) [filtered=663]
cnt=1 s0=fng (4196,2222) [filtered=663]
cnt=1 s0=fng (4194,2214) [filtered=663]
cnt=1 s0=fng (4192,2204) [filtered=663]
cnt=1 s0=fng (4191,2195) [filtered=663]
cnt=1 s0=fng (4189,2185) [filtered=663]
cnt=1 s0=fng (4188,2175) [filtered=663]
cnt=1 s0=fng (4186,2165) [filtered=663]
cnt=1 s0=fng (4185,2155) [filtered=663]
cnt=1 s0=fng (4185,2145) [filtered=663]
cnt=1 s0=fng (4185,2135) [filtered=663]
cnt=1 s0=fng (4185,2125) [filtered=663]
cnt=1 s0=fng (4185,2116) [filtered=663]
cnt=1 s0=fng (4185,2108) [filtered=663]
cnt=1 s0=fng (4186,2099) [filtered=663]
cnt=1 s0=fng (4187,2091) [filtered=663]
cnt=1 s0=fng (4188,2084) [filtered=663]
cnt=1 s0=fng (4189,2078) [filtered=663]
cnt=1 s0=fng (4191,2073) [filtered=663]
cnt=1 s0=fng (4194,2069) [filtered=663]
cnt=1 s0=fng (4196,2065) [filtered=663]
cnt=1 s0=fng (4199,2061) [filtered=663]
cnt=1 s0=fng (4202,2058) [filtered=663]
cnt=1 s0=fng (4206,2056) [filtered=663]
cnt=1 s0=fng (4210,2054) [filtered=663]
cnt=1 s0=fng (4212,2052) [filtered=663]
cnt=1 s0=fng (4216,2051) [filtered=663]
cnt=1 s0=fng (4220,2050) [filtered=663]
cnt=1 s0=fng (4224,2049) [filtered=663]
cnt=1 s0=fng (4227,2049) [filtered=663]
cnt=1 s0=fng (4230,2049) [filtered=663]
cnt=1 s0=fng (4234,2049) [filtered=663]
cnt=1 s0=fng (4238,2050) [filtered=663]
cnt=1 s0=fng (4241,2051) [filtered=663]
cnt=1 s0=fng (4244,2052) [filtered=663]
cnt=1 s0=fng (4247,2052) [filtered=663]
cnt=1 s0=fng (4250,2054) [filtered=663]
cnt=1 s0=fng (4253,2055) [filtered=663]
cnt=2 s0=PALM(4255,2058) s1=PALM(520,2003) [filtered=664]
cnt=2 s0=PALM(4257,2060) s1=PALM(520,2003) [filtered=665]
cnt=2 s0=PALM(4260,2064) s1=PALM(520,2003) [filtered=666]
cnt=2 s0=PALM(4263,2067) s1=PALM(520,2003) [filtered=667]
cnt=2 s0=PALM(4266,2072) s1=PALM(520,2003) [filtered=668]
cnt=2 s0=PALM(4270,2079) s1=PALM(520,2003) [filtered=669]
cnt=2 s0=PALM(4274,2086) s1=PALM(520,2003) [filtered=670]
cnt=2 s0=PALM(4278,2095) s1=PALM(520,2003) [filtered=671]
cnt=2 s0=PALM(4282,2103) s1=PALM(520,2003) [filtered=672]
cnt=2 s0=PALM(4286,2114) s1=PALM(520,2003) [filtered=673]
cnt=2 s0=PALM(4290,2124) s1=PALM(520,2003) [filtered=674]
cnt=2 s0=PALM(4294,2136) s1=PALM(520,2003) [filtered=675]
cnt=2 s0=PALM(4298,2147) s1=PALM(520,2003) [filtered=676]
cnt=2 s0=PALM(4301,2159) s1=PALM(520,2003) [filtered=677]
cnt=2 s0=PALM(4303,2172) s1=PALM(520,2003) [filtered=678]
cnt=2 s0=PALM(4305,2184) s1=PALM(520,2003) [filtered=679]
cnt=2 s0=PALM(4307,2196) s1=PALM(520,2003) [filtered=680]
cnt=2 s0=PALM(4309,2208) s1=PALM(520,2003) [filtered=681]
cnt=2 s0=PALM(4310,2220) s1=PALM(520,2003) [filtered=682]
cnt=2 s0=PALM(4311,2232) s1=PALM(520,2003) [filtered=683]
cnt=2 s0=PALM(4311,2243) s1=PALM(520,2003)* [filtered=684]
cnt=2 s0=PALM(4311,2254) s1=PALM(520,2003)* [filtered=685]
cnt=2 s0=PALM(4311,2264) s1=PALM(520,2003)* [filtered=686]
cnt=2 s0=PALM(4311,2274) s1=PALM(520,2003)* [filtered=687]
cnt=2 s0=PALM(4308,2282) s1=PALM(520,2003)* [filtered=688]
cnt=2 s0=PALM(4304,2289) s1=PALM(520,2003)* [filtered=689]
cnt=2 s0=PALM(4300,2296) s1=PALM(520,2003)* [filtered=690]
cnt=2 s0=PALM(4296,2302) s1=PALM(520,2003)* [filtered=691]
cnt=2 s0=PALM(4293,2308) s1=PALM(520,2003)* [filtered=692]
cnt=2 s0=PALM(4290,2313) s1=PALM(520,2003)* [filtered=693]
cnt=2 s0=PALM(4285,2317) s1=PALM(520,2003)* [filtered=694]
cnt=2 s0=PALM(4281,2321) s1=PALM(520,2003)* [filtered=695]
cnt=2 s0=PALM(4277,2325) s1=PALM(520,2003)* [filtered=696]
cnt=2 s0=PALM(4274,2329) s1=PALM(520,2003)* [filtered=697]
cnt=2 s0=PALM(4270,2332) s1=PALM(520,2003)* [filtered=698]
cnt=2 s0=PALM(4267,2335) s1=PALM(520,2003)* [filtered=699]
cnt=2 s0=PALM(4262,2337) s1=PALM(520,2003)* [filtered=700]
cnt=2 s0=PALM(4257,2339) s1=PALM(520,2003)* [filtered=701]
cnt=2 s0=PALM(4253,2341) s1=PALM(520,2003)* [filtered=702]
cnt=2 s0=PALM(4249,2342) s1=PALM(520,2003)* [filtered=703]
cnt=2 s0=PALM(4245,2343) s1=PALM(520,2003)* [filtered=704]
cnt=2 s0=PALM(4242,2343) s1=PALM(520,2003)* [filtered=705]
cnt=2 s0=PALM(4240,2343) s1=PALM(520,2003)* [filtered=706]
cnt=2 s0=PALM(4238,2343) s1=PALM(520,2003)* [filtered=707]
cnt=2 s0=PALM(4236,2343) s1=PALM(520,2003)* [filtered=708]
cnt=2 s0=PALM(4234,2343) s1=PALM(520,2003)* [filtered=709]
cnt=2 s0=PALM(4233,2343) s1=PALM(520,2003)* [filtered=710]
cnt=2 s0=PALM(4233,2343) s1=PALM(520,2003)* [filtered=711]
cnt=2 s0=PALM(4233,2343) s1=PALM(520,2003)* [filtered=712]
cnt=2 s0=PALM(4233,2343) s1=PALM(520,2003)* [filtered=713]
cnt=2 s0=PALM(4233,2343) s1=PALM(520,2003)* [filtered=714]
cnt=2 s0=PALM(4233,2343) s1=PALM(517,2001) [filtered=715]
cnt=2 s0=PALM(4233,2343) s1=PALM(514,2000) [filtered=716]
cnt=2 s0=PALM(4236,2343) s1=PALM(509,1997) [filtered=717]
cnt=2 s0=PALM(4239,2343) s1=PALM(503,1994) [filtered=718]
cnt=2 s0=PALM(4240,2343) s1=PALM(498,1992) [filtered=719]
cnt=2 s0=PALM(4242,2343) s1=PALM(492,1989) [filtered=720]
cnt=2 s0=PALM(4244,2343) s1=PALM(486,1986) [filtered=721]
cnt=2 s0=PALM(4245,2343) s1=PALM(480,1984) [filtered=722]
cnt=2 s0=PALM(4247,2343) s1=PALM(474,1982) [filtered=723]
cnt=2 s0=PALM(4250,2343)* s1=PALM(468,1981) [filtered=724]
cnt=2 s0=PALM(4251,2343)* s1=PALM(462,1980) [filtered=725]
cnt=2 s0=PALM(4253,2343)* s1=PALM(456,1978) [filtered=726]
cnt=2 s0=PALM(4256,2343)* s1=PALM(450,1976) [filtered=727]
cnt=2 s0=PALM(4258,2343)* s1=PALM(445,1975) [filtered=728]
cnt=2 s0=PALM(4261,2343)* s1=PALM(439,1974) [filtered=729]
cnt=2 s0=PALM(4264,2343)* s1=PALM(433,1973) [filtered=730]
cnt=2 s0=PALM(4267,2343)* s1=PALM(427,1971) [filtered=731]
cnt=2 s0=PALM(4270,2343)* s1=PALM(421,1970) [filtered=732]
cnt=2 s0=PALM(4274,2343) s1=PALM(414,1969) [filtered=733]
cnt=2 s0=PALM(4278,2343) s1=PALM(408,1967) [filtered=734]
cnt=2 s0=PALM(4281,2343) s1=PALM(403,1966) [filtered=735]
cnt=2 s0=PALM(4284,2343) s1=PALM(398,1965) [filtered=736]
cnt=2 s0=PALM(4288,2343) s1=PALM(392,1964) [filtered=737]
cnt=2 s0=PALM(4291,2343) s1=PALM(387,1963) [filtered=738]
cnt=2 s0=PALM(4294,2343) s1=PALM(382,1962) [filtered=739]
cnt=2 s0=PALM(4296,2343) s1=PALM(378,1960) [filtered=740]
cnt=2 s0=PALM(4298,2343) s1=PALM(374,1959) [filtered=741]
cnt=2 s0=PALM(4300,2343) s1=PALM(370,1958) [filtered=742]
cnt=2 s0=PALM(4302,2343) s1=PALM(366,1957) [filtered=743]
cnt=2 s0=PALM(4304,2343) s1=PALM(362,1957) [filtered=744]
cnt=2 s0=PALM(4305,2343) s1=PALM(358,1956) [filtered=745]
cnt=2 s0=PALM(4306,2343) s1=PALM(354,1955) [filtered=746]
cnt=2 s0=PALM(4307,2343) s1=PALM(350,1955) [filtered=747]
cnt=2 s0=PALM(4308,2343) s1=PALM(347,1955) [filtered=748]
cnt=2 s0=PALM(4309,2343) s1=PALM(344,1955) [filtered=749]
cnt=2 s0=PALM(4310,2343) s1=PALM(341,1954) [filtered=750]
cnt=2 s0=PALM(4311,2343) s1=PALM(339,1954) [filtered=751]
cnt=2 s0=PALM(4311,2343) s1=PALM(337,1954) [filtered=752]
cnt=2 s0=PALM(4312,2343) s1=PALM(335,1954) [filtered=753]
cnt=2 s0=PALM(4312,2343) s1=PALM(332,1954) [filtered=754]
cnt=2 s0=PALM(4312,2343) s1=PALM(330,1954) [filtered=755]
cnt=2 s0=PALM(4312,2343) s1=PALM(328,1954) [filtered=756]
cnt=2 s0=PALM(4312,2343)* s1=PALM(325,1955) [filtered=757]
cnt=2 s0=PALM(4312,2343)* s1=PALM(323,1955) [filtered=758]
cnt=2 s0=PALM(4312,2343)* s1=PALM(321,1955) [filtered=759]
cnt=2 s0=PALM(4312,2343)* s1=PALM(319,1955) [filtered=760]
cnt=2 s0=PALM(4312,2343)* s1=PALM(317,1956) [filtered=761]
cnt=2 s0=PALM(4312,2343)* s1=PALM(316,1957) [filtered=762]
cnt=2 s0=PALM(4312,2343)* s1=PALM(315,1957) [filtered=763]
cnt=2 s0=PALM(4312,2343)* s1=PALM(313,1958) [filtered=764]
cnt=2 s0=PALM(4313,2343)* s1=PALM(312,1959) [filtered=765]
cnt=2 s0=PALM(4313,2343)* s1=PALM(311,1959) [filtered=766]
cnt=2 s0=PALM(4313,2343)* s1=PALM(310,1960) [filtered=767]
cnt=2 s0=PALM(4313,2343)* s1=PALM(310,1961) [filtered=768]
cnt=2 s0=PALM(4314,2343)* s1=PALM(309,1961) [filtered=769]
cnt=2 s0=PALM(4314,2343)* s1=PALM(309,1962) [filtered=770]
cnt=2 s0=PALM(4314,2343)* s1=PALM(309,1962) [filtered=771]
cnt=2 s0=PALM(4314,2343)* s1=PALM(310,1962) [filtered=772]
cnt=2 s0=PALM(4314,2343)* s1=PALM(310,1962) [filtered=773]
cnt=2 s0=PALM(4314,2343)* s1=PALM(311,1962) [filtered=774]
cnt=2 s0=PALM(4314,2343)* s1=PALM(311,1962) [filtered=775]
cnt=2 s0=PALM(4314,2343)* s1=PALM(312,1962) [filtered=776]
cnt=2 s0=PALM(4314,2343)* s1=PALM(314,1961)* [filtered=777]
cnt=2 s0=PALM(4314,2343)* s1=PALM(315,1961)* [filtered=778]
cnt=2 s0=PALM(4314,2343)* s1=PALM(318,1960) [filtered=779]
cnt=2 s0=PALM(4314,2343)* s1=PALM(320,1960) [filtered=780]
cnt=2 s0=PALM(4315,2343)* s1=PALM(323,1959) [filtered=781]
cnt=2 s0=PALM(4316,2343)* s1=PALM(328,1957) [filtered=782]
cnt=2 s0=PALM(4316,2343)* s1=PALM(332,1956) [filtered=783]
cnt=2 s0=PALM(4317,2343)* s1=PALM(337,1954) [filtered=784]
cnt=2 s0=PALM(4318,2343)* s1=PALM(343,1951) [filtered=785]
cnt=2 s0=PALM(4318,2343)* s1=PALM(349,1949) [filtered=786]
cnt=2 s0=PALM(4319,2343)* s1=PALM(356,1946) [filtered=787]
cnt=2 s0=PALM(4321,2343)* s1=PALM(364,1943) [filtered=788]
cnt=2 s0=PALM(4322,2343)* s1=PALM(372,1940) [filtered=789]
cnt=2 s0=PALM(4323,2343)* s1=PALM(381,1936) [filtered=790]
cnt=2 s0=PALM(4323,2343)* s1=PALM(389,1933) [filtered=791]
cnt=2 s0=PALM(4324,2343)* s1=PALM(398,1929) [filtered=792]
cnt=2 s0=PALM(4324,2343)* s1=PALM(406,1926) [filtered=793]
cnt=2 s0=PALM(4325,2343)* s1=PALM(414,1921) [filtered=794]
cnt=2 s0=PALM(4326,2343)* s1=PALM(425,1916) [filtered=795]
cnt=2 s0=PALM(4326,2343)* s1=PALM(435,1912) [filtered=796]
cnt=2 s0=PALM(4326,2343)* s1=PALM(447,1906) [filtered=797]
cnt=2 s0=PALM(4326,2343)* s1=PALM(460,1899) [filtered=798]
cnt=2 s0=PALM(4326,2343)* s1=PALM(472,1893) [filtered=799]
cnt=2 s0=PALM(4326,2343)* s1=PALM(487,1885) [filtered=800]
cnt=2 s0=PALM(4326,2343)* s1=PALM(501,1878) [filtered=801]
cnt=2 s0=PALM(4326,2343)* s1=PALM(515,1869) [filtered=802]
cnt=2 s0=PALM(4325,2343)* s1=PALM(532,1859) [filtered=803]
cnt=2 s0=PALM(4325,2343)* s1=PALM(548,1850) [filtered=804]
cnt=2 s0=PALM(4324,2340) s1=PALM(566,1839) [filtered=805]
cnt=2 s0=PALM(4323,2336) s1=PALM(584,1828) [filtered=806]
cnt=2 s0=PALM(4322,2332) s1=PALM(601,1818) [filtered=807]
cnt=2 s0=PALM(4320,2327) s1=PALM(619,1807) [filtered=808]
cnt=2 s0=PALM(4317,2322) s1=PALM(637,1796) [filtered=809]
cnt=2 s0=PALM(4315,2317) s1=PALM(654,1786) [filtered=810]
cnt=2 s0=PALM(4312,2310) s1=PALM(672,1775) [filtered=811]
cnt=2 s0=PALM(4310,2305) s1=PALM(689,1765) [filtered=812]
cnt=2 s0=PALM(4306,2299) s1=PALM(705,1754) [filtered=813]
cnt=2 s0=PALM(4301,2292) s1=fng (722,1743) [filtered=814]
cnt=2 s0=PALM(4296,2286) s1=fng (738,1733) [filtered=815]
cnt=2 s0=PALM(4291,2279) s1=fng (754,1721) [filtered=816]
cnt=2 s0=PALM(4284,2269) s1=fng (771,1708) [filtered=817]
cnt=2 s0=PALM(4277,2260) s1=fng (787,1696) [filtered=818]
cnt=2 s0=PALM(4270,2251) s1=fng (803,1683) [filtered=819]
cnt=2 s0=PALM(4264,2243) s1=fng (819,1671) [filtered=820]
cnt=2 s0=PALM(4256,2233) s1=fng (835,1658) [filtered=821]
cnt=2 s0=PALM(4247,2221) s1=fng (850,1645) [filtered=822]
cnt=2 s0=PALM(4239,2209) s1=fng (865,1633) [filtered=823]
cnt=2 s0=PALM(4230,2196) s1=fng (879,1620) [filtered=824]
cnt=2 s0=PALM(4221,2183) s1=fng (891,1607) [filtered=825]
cnt=2 s0=PALM(4213,2170) s1=fng (903,1595) [filtered=826]
cnt=2 s0=PALM(4204,2157) s1=fng (915,1583) [filtered=827]
cnt=2 s0=PALM(4195,2144) s1=fng (926,1570) [filtered=828]
cnt=2 s0=PALM(4187,2131) s1=fng (937,1558) [filtered=829]
cnt=2 s0=PALM(4178,2117) s1=fng (947,1547) [filtered=830]
cnt=2 s0=PALM(4169,2103) s1=fng (957,1535) [filtered=831]
cnt=2 s0=PALM(4161,2090) s1=fng (967,1524) [filtered=832]
cnt=2 s0=PALM(4151,2075) s1=fng (977,1514) [filtered=833]
cnt=2 s0=PALM(4140,2060) s1=fng (986,1503) [filtered=834]
cnt=2 s0=PALM(4129,2046) s1=fng (995,1493) [filtered=835]
cnt=2 s0=PALM(4117,2030) s1=fng (1003,1483) [filtered=836]
cnt=2 s0=PALM(4106,2015) s1=fng (1011,1473) [filtered=837]
cnt=2 s0=PALM(4093,1999) s1=fng (1019,1464) [filtered=838]
cnt=2 s0=PALM(4080,1984) s1=fng (1026,1455) [filtered=839]
cnt=2 s0=PALM(4068,1970) s1=fng (1033,1446) [filtered=840]
cnt=2 s0=PALM(4054,1955) s1=fng (1039,1438) [filtered=841]
cnt=2 s0=fng (4041,1941) s1=fng (1045,1430) [filtered=841]
cnt=2 s0=fng (4027,1927) s1=fng (1051,1422) [filtered=841]
cnt=2 s0=fng (4013,1913) s1=fng (1057,1414) [filtered=841]
cnt=2 s0=fng (3999,1899) s1=fng (1063,1406) [filtered=841]
cnt=2 s0=fng (3985,1887) s1=fng (1069,1398) [filtered=841]
cnt=2 s0=fng (3971,1875) s1=fng (1075,1390) [filtered=841]
cnt=2 s0=fng (3957,1863) s1=fng (1080,1382) [filtered=841]
cnt=2 s0=fng (3943,1851) s1=fng (1085,1374) [filtered=841]
cnt=2 s0=fng (3929,1841) s1=fng (1090,1367) [filtered=841]
cnt=2 s0=fng (3915,1831) s1=fng (1095,1360) [filtered=841]
cnt=2 s0=fng (3901,1822) s1=fng (1099,1354) [filtered=841]
cnt=2 s0=fng (3888,1814) s1=fng (1103,1348) [filtered=841]
cnt=2 s0=fng (3875,1806) s1=fng (1107,1342) [filtered=841]
cnt=2 s0=fng (3863,1800) s1=fng (1109,1338) [filtered=841]
cnt=2 s0=fng (3851,1794) s1=fng (1111,1334) [filtered=841]
cnt=2 s0=fng (3841,1789) s1=fng (1112,1331) [filtered=841]
cnt=2 s0=fng (3831,1784) s1=fng (1113,1328) [filtered=841]
cnt=2 s0=fng (3822,1780) s1=fng (1113,1327) [filtered=841]
cnt=2 s0=fng (3813,1776) s1=fng (1113,1326) [filtered=841]
cnt=2 s0=fng (3806,1774) s1=fng (1109,1326) [filtered=841]
cnt=2 s0=fng (3801,1774) s1=fng (1104,1329) [filtered=841]
cnt=2 s0=fng (3796,1774) s1=fng (1099,1332) [filtered=841]
cnt=2 s0=fng (3793,1777) s1=fng (1093,1336) [filtered=841]
cnt=2 s0=fng (3790,1780) s1=fng (1087,1340) [filtered=841]
cnt=2 s0=fng (3789,1785) s1=fng (1079,1345) [filtered=841]
cnt=2 s0=fng (3789,1791) s1=fng (1069,1352) [filtered=841]
cnt=2 s0=fng (3789,1797) s1=fng (1059,1359) [filtered=841]
cnt=2 s0=fng (3789,1804) s1=fng (1048,1367) [filtered=841]
cnt=2 s0=fng (3789,1811) s1=fng (1038,1375) [filtered=841]
cnt=2 s0=fng (3792,1819) s1=fng (1026,1384) [filtered=841]
cnt=2 s0=fng (3796,1828) s1=fng (1012,1394) [filtered=841]
cnt=2 s0=fng (3800,1837) s1=fng (999,1404) [filtered=841]
cnt=2 s0=fng (3805,1848) s1=fng (984,1415) [filtered=841]
cnt=2 s0=fng (3810,1859) s1=fng (970,1425) [filtered=841]
cnt=2 s0=fng (3815,1872) s1=fng (955,1436) [filtered=841]
cnt=2 s0=fng (3820,1884) s1=fng (940,1447) [filtered=841]
cnt=2 s0=fng (3826,1898) s1=fng (924,1460) [filtered=841]
cnt=2 s0=fng (3833,1915) s1=fng (907,1474) [filtered=841]
cnt=2 s0=fng (3840,1931) s1=fng (890,1488) [filtered=841]
cnt=2 s0=fng (3847,1949) s1=fng (873,1503) [filtered=841]
cnt=2 s0=fng (3854,1966) s1=fng (857,1517) [filtered=841]
cnt=2 s0=fng (3862,1985) s1=fng (842,1532) [filtered=841]
cnt=2 s0=fng (3870,2004) s1=fng (827,1546) [filtered=841]
cnt=2 s0=fng (3878,2024) s1=fng (813,1560) [filtered=841]
cnt=2 s0=fng (3886,2043) s1=fng (799,1574) [filtered=841]
cnt=2 s0=fng (3894,2064) s1=fng (785,1589) [filtered=841]
cnt=2 s0=fng (3901,2084) s1=fng (771,1604) [filtered=841]
cnt=2 s0=fng (3908,2104) s1=fng (757,1620) [filtered=841]
cnt=2 s0=fng (3915,2124) s1=fng (743,1636) [filtered=841]
cnt=2 s0=fng (3921,2144) s1=fng (730,1654) [filtered=841]
cnt=2 s0=fng (3926,2164) s1=fng (717,1672) [filtered=841]
cnt=2 s0=fng (3931,2184) s1=PALM(705,1690) [filtered=842]
cnt=2 s0=fng (3936,2204) s1=PALM(693,1708) [filtered=843]
cnt=2 s0=fng (3941,2224) s1=PALM(682,1726) [filtered=844]
cnt=2 s0=fng (3945,2244) s1=PALM(671,1744) [filtered=845]
cnt=2 s0=fng (3949,2263) s1=PALM(661,1762) [filtered=846]
cnt=2 s0=fng (3953,2282) s1=PALM(651,1780) [filtered=847]
cnt=2 s0=fng (3956,2300) s1=PALM(641,1797) [filtered=848]
cnt=2 s0=fng (3959,2316) s1=PALM(632,1813) [filtered=849]
cnt=2 s0=fng (3962,2332) s1=PALM(623,1829) [filtered=850]
cnt=2 s0=fng (3964,2347) s1=PALM(615,1844) [filtered=851]
cnt=2 s0=fng (3966,2362) s1=PALM(607,1859) [filtered=852]
cnt=2 s0=fng (3968,2375) s1=PALM(599,1873) [filtered=853]
cnt=2 s0=fng (3970,2388) s1=PALM(591,1887) [filtered=854]
cnt=2 s0=fng (3972,2400) s1=PALM(583,1900) [filtered=855]
cnt=2 s0=fng (3974,2412) s1=PALM(575,1913) [filtered=856]
cnt=2 s0=fng (3977,2422) s1=PALM(567,1925) [filtered=857]
cnt=2 s0=fng (3982,2431) s1=PALM(559,1936) [filtered=858]
cnt=2 s0=fng (3986,2440) s1=PALM(551,1947) [filtered=859]
cnt=2 s0=fng (3991,2447) s1=PALM(544,1957) [filtered=860]
cnt=2 s0=fng (3995,2454) s1=PALM(537,1967) [filtered=861]
cnt=2 s0=fng (3999,2460) s1=PALM(530,1976) [filtered=862]
cnt=2 s0=fng (4003,2466) s1=PALM(523,1985) [filtered=863]
cnt=2 s0=fng (4010,2470) s1=PALM(517,1993) [filtered=864]
cnt=2 s0=fng (4016,2474) s1=PALM(511,2001) [filtered=865]
cnt=2 s0=fng (4022,2477) s1=PALM(504,2009) [filtered=866]
cnt=2 s0=fng (4028,2480) s1=PALM(497,2017) [filtered=867]
cnt=2 s0=fng (4036,2482) s1=PALM(490,2024) [filtered=868]
cnt=2 s0=fng (4044,2484) s1=PALM(483,2031) [filtered=869]
cnt=2 s0=PALM(4053,2484) s1=PALM(476,2038) [filtered=870]
cnt=2 s0=PALM(4062,2484) s1=PALM(469,2045) [filtered=871]
cnt=2 s0=PALM(4073,2481) s1=PALM(461,2052) [filtered=872]
cnt=2 s0=PALM(4087,2476) s1=PALM(453,2058) [filtered=873]
cnt=2 s0=PALM(4100,2471) s1=PALM(445,2064) [filtered=874]
cnt=2 s0=PALM(4115,2464) s1=PALM(437,2070) [filtered=875]
cnt=2 s0=PALM(4129,2457) s1=PALM(429,2076) [filtered=876]
cnt=2 s0=PALM(4144,2448) s1=PALM(421,2080) [filtered=877]
cnt=2 s0=PALM(4161,2437) s1=PALM(413,2083) [filtered=878]
cnt=2 s0=PALM(4177,2426) s1=PALM(405,2086) [filtered=879]
cnt=2 s0=PALM(4192,2413) s1=PALM(398,2088) [filtered=880]
cnt=2 s0=PALM(4207,2400) s1=PALM(391,2090) [filtered=881]
cnt=2 s0=PALM(4221,2386) s1=PALM(385,2090) [filtered=882]
cnt=2 s0=PALM(4234,2371) s1=PALM(379,2090) [filtered=883]
cnt=2 s0=PALM(4247,2356) s1=PALM(373,2090) [filtered=884]
cnt=2 s0=PALM(4259,2341) s1=PALM(368,2087) [filtered=885]
cnt=2 s0=PALM(4271,2326) s1=PALM(363,2084) [filtered=886]
cnt=2 s0=PALM(4282,2310) s1=PALM(359,2081) [filtered=887]
cnt=2 s0=PALM(4293,2295) s1=PALM(355,2078) [filtered=888]
cnt=2 s0=PALM(4304,2278) s1=PALM(351,2074) [filtered=889]
cnt=2 s0=PALM(4315,2261) s1=PALM(347,2070) [filtered=890]
cnt=2 s0=PALM(4326,2245) s1=PALM(343,2066) [filtered=891]
cnt=2 s0=PALM(4337,2229) s1=PALM(339,2062) [filtered=892]
cnt=2 s0=PALM(4348,2213) s1=PALM(335,2058) [filtered=893]
cnt=2 s0=PALM(4359,2198) s1=PALM(331,2054) [filtered=894]
cnt=2 s0=PALM(4371,2184) s1=PALM(327,2049) [filtered=895]
cnt=2 s0=PALM(4383,2169) s1=PALM(323,2044) [filtered=896]
cnt=2 s0=PALM(4395,2155) s1=PALM(319,2039) [filtered=897]
cnt=2 s0=PALM(4408,2141) s1=PALM(315,2034) [filtered=898]
cnt=2 s0=PALM(4420,2129) s1=PALM(311,2029) [filtered=899]
cnt=2 s0=PALM(4432,2117) s1=PALM(307,2024) [filtered=900]
cnt=2 s0=PALM(4444,2106) s1=PALM(304,2020) [filtered=901]
cnt=2 s0=PALM(4455,2097) s1=PALM(301,2016) [filtered=902]
cnt=2 s0=PALM(4466,2089) s1=PALM(298,2012) [filtered=903]
cnt=2 s0=PALM(4475,2081) s1=PALM(295,2008) [filtered=904]
cnt=2 s0=PALM(4484,2074) s1=PALM(292,2004) [filtered=905]
cnt=2 s0=PALM(4492,2069) s1=PALM(290,2001) [filtered=906]
cnt=2 s0=PALM(4500,2065) s1=PALM(288,1998) [filtered=907]
cnt=2 s0=PALM(4506,2062) s1=PALM(286,1995) [filtered=908]
cnt=2 s0=PALM(4510,2060) s1=PALM(285,1992) [filtered=909]
cnt=2 s0=PALM(4514,2059) s1=PALM(284,1989) [filtered=910]
cnt=2 s0=PALM(4516,2058) s1=PALM(284,1986) [filtered=911]
cnt=2 s0=PALM(4516,2057) s1=PALM(284,1983) [filtered=912]
cnt=2 s0=PALM(4516,2056) s1=PALM(284,1980) [filtered=913]
cnt=2 s0=PALM(4513,2055) s1=PALM(284,1977) [filtered=914]
cnt=2 s0=PALM(4509,2054) s1=PALM(284,1977) [filtered=915]
cnt=2 s0=PALM(4505,2054) s1=PALM(284,1977) [filtered=916]
cnt=2 s0=PALM(4500,2053) s1=PALM(284,1977) [filtered=917]
cnt=2 s0=PALM(4495,2053) s1=PALM(284,1977) [filtered=918]
cnt=2 s0=PALM(4490,2053) s1=PALM(284,1977) [filtered=919]
cnt=2 s0=PALM(4485,2053) s1=PALM(284,1977) [filtered=920]
cnt=2 s0=PALM(4480,2053) s1=PALM(284,1977) [filtered=921]
cnt=2 s0=PALM(4474,2053) s1=PALM(284,1977) [filtered=922]
cnt=2 s0=PALM(4469,2053) s1=PALM(284,1977) [filtered=923]
cnt=2 s0=PALM(4463,2053) s1=PALM(284,1977) [filtered=924]
cnt=2 s0=PALM(4456,2053) s1=PALM(284,1977) [filtered=925]
cnt=2 s0=PALM(4451,2053) s1=PALM(284,1977) [filtered=926]
cnt=2 s0=PALM(4445,2053) s1=PALM(284,1977) [filtered=927]
cnt=2 s0=PALM(4440,2053) s1=PALM(284,1977) [filtered=928]
cnt=2 s0=PALM(4435,2054) s1=PALM(284,1977) [filtered=929]
cnt=2 s0=PALM(4430,2055) s1=PALM(284,1977)* [filtered=930]
cnt=2 s0=PALM(4426,2056) s1=PALM(284,1977)* [filtered=931]
cnt=2 s0=PALM(4421,2057) s1=PALM(284,1977)* [filtered=932]
cnt=2 s0=PALM(4417,2057) s1=PALM(284,1977)* [filtered=933]
cnt=2 s0=PALM(4413,2058) s1=PALM(284,1977)* [filtered=934]
cnt=2 s0=PALM(4409,2060) s1=PALM(284,1977)* [filtered=935]
cnt=2 s0=PALM(4406,2061) s1=PALM(284,1977)* [filtered=936]
cnt=2 s0=PALM(4403,2062) s1=PALM(284,1978)* [filtered=937]
cnt=2 s0=PALM(4400,2063) s1=PALM(284,1979)* [filtered=938]
cnt=2 s0=PALM(4397,2065) s1=PALM(284,1980)* [filtered=939]
cnt=2 s0=PALM(4394,2066) s1=PALM(284,1981)* [filtered=940]
cnt=2 s0=PALM(4392,2067) s1=PALM(284,1982)* [filtered=941]
cnt=2 s0=PALM(4390,2069) s1=PALM(284,1983)* [filtered=942]
cnt=2 s0=PALM(4388,2070) s1=PALM(284,1984)* [filtered=943]
cnt=2 s0=PALM(4386,2071) s1=PALM(284,1985)* [filtered=944]
cnt=2 s0=PALM(4384,2072) s1=PALM(284,1986)* [filtered=945]
cnt=2 s0=PALM(4382,2074) s1=PALM(284,1987)* [filtered=946]
cnt=2 s0=PALM(4380,2075) s1=PALM(284,1988)* [filtered=947]
cnt=2 s0=PALM(4378,2076) s1=PALM(284,1989)* [filtered=948]
cnt=2 s0=PALM(4376,2077) s1=PALM(284,1990)* [filtered=949]
cnt=2 s0=PALM(4374,2078) s1=PALM(284,1991)* [filtered=950]
cnt=2 s0=PALM(4373,2079) s1=PALM(284,1991)* [filtered=951]
cnt=2 s0=PALM(4371,2080) s1=PALM(284,1991)* [filtered=952]
cnt=2 s0=PALM(4370,2081) s1=PALM(284,1991)* [filtered=953]
cnt=2 s0=PALM(4368,2082) s1=PALM(284,1991)* [filtered=954]
cnt=2 s0=PALM(4367,2082) s1=PALM(284,1991)* [filtered=955]
cnt=2 s0=PALM(4366,2083) s1=PALM(284,1991)* [filtered=956]
cnt=2 s0=PALM(4365,2083) s1=PALM(284,1991)* [filtered=957]
cnt=2 s0=PALM(4363,2084) s1=PALM(284,1991)* [filtered=958]
cnt=2 s0=PALM(4362,2084) s1=PALM(284,1991)* [filtered=959]
cnt=2 s0=PALM(4361,2085) s1=PALM(284,1990)* [filtered=960]
cnt=2 s0=PALM(4359,2085) s1=PALM(284,1991)* [filtered=961]
cnt=2 s0=PALM(4358,2085) s1=PALM(284,1991)* [filtered=962]
cnt=2 s0=PALM(4357,2086) s1=PALM(284,1992)* [filtered=963]
cnt=2 s0=PALM(4357,2086) s1=PALM(284,1992)* [filtered=964]
cnt=2 s0=PALM(4356,2086) s1=PALM(284,1993)* [filtered=965]
cnt=2 s0=PALM(4355,2086)* s1=PALM(284,1993)* [filtered=966]
cnt=2 s0=PALM(4354,2087)* s1=PALM(284,1994)* [filtered=967]
cnt=2 s0=PALM(4353,2087)* s1=PALM(284,1995)* [filtered=968]
cnt=2 s0=PALM(4352,2087)* s1=PALM(284,1996)* [filtered=969]
cnt=2 s0=PALM(4351,2088)* s1=PALM(284,1997)* [filtered=970]
cnt=2 s0=PALM(4351,2088)* s1=PALM(284,1997)* [filtered=971]
cnt=2 s0=PALM(4350,2089)* s1=PALM(284,1998)* [filtered=972]
cnt=2 s0=PALM(4349,2089)* s1=PALM(284,1998)* [filtered=973]
cnt=2 s0=PALM(4348,2089)* s1=PALM(284,1999)* [filtered=974]
cnt=2 s0=PALM(4347,2090)* s1=PALM(284,2000)* [filtered=975]
cnt=2 s0=PALM(4347,2090)* s1=PALM(284,2000)* [filtered=976]
cnt=2 s0=PALM(4346,2090)* s1=PALM(284,2001)* [filtered=977]
cnt=2 s0=PALM(4346,2090)* s1=PALM(284,2002)* [filtered=978]
cnt=2 s0=PALM(4346,2091)* s1=PALM(284,2003)* [filtered=979]
cnt=2 s0=PALM(4346,2091)* s1=PALM(284,2003)* [filtered=980]
cnt=2 s0=PALM(4345,2091)* s1=PALM(284,2004)* [filtered=981]
cnt=2 s0=PALM(4344,2092)* s1=PALM(284,2005)* [filtered=982]
cnt=2 s0=PALM(4344,2092)* s1=PALM(284,2005)* [filtered=983]
cnt=2 s0=PALM(4344,2093)* s1=PALM(284,2006)* [filtered=984]
cnt=2 s0=PALM(4344,2093)* s1=PALM(284,2006)* [filtered=985]
cnt=2 s0=PALM(4343,2093)* s1=PALM(284,2007)* [filtered=986]
cnt=2 s0=PALM(4343,2093)* s1=PALM(284,2007)* [filtered=987]
cnt=2 s0=PALM(4342,2094)* s1=PALM(284,2008)* [filtered=988]
cnt=2 s0=PALM(4342,2094)* s1=PALM(284,2008)* [filtered=989]
cnt=2 s0=PALM(4341,2094)* s1=PALM(284,2009)* [filtered=990]
cnt=2 s0=PALM(4340,2094)* s1=PALM(284,2010)* [filtered=991]
cnt=2 s0=PALM(4339,2095)* s1=PALM(284,2011)* [filtered=992]
cnt=2 s0=PALM(4339,2095)* s1=PALM(284,2011)* [filtered=993]
cnt=2 s0=PALM(4338,2095)* s1=PALM(284,2012)* [filtered=994]
cnt=2 s0=PALM(4338,2095)* s1=PALM(284,2012)* [filtered=995]
cnt=2 s0=PALM(4337,2096)* s1=PALM(284,2013)* [filtered=996]
cnt=2 s0=PALM(4336,2097)* s1=PALM(284,2014)* [filtered=997]
cnt=2 s0=PALM(4336,2097)* s1=PALM(284,2015)* [filtered=998]
cnt=2 s0=PALM(4335,2098)* s1=PALM(284,2016)* [filtered=999]
cnt=2 s0=PALM(4334,2098)* s1=PALM(284,2016)* [filtered=1000]
cnt=2 s0=PALM(4333,2099)* s1=PALM(284,2017)* [filtered=1001]
cnt=2 s0=PALM(4333,2100)* s1=PALM(284,2017)* [filtered=1002]
cnt=2 s0=PALM(4332,2101)* s1=PALM(284,2018)* [filtered=1003]
cnt=2 s0=PALM(4331,2101)* s1=PALM(284,2018)* [filtered=1004]
cnt=2 s0=PALM(4330,2102)* s1=PALM(284,2019)* [filtered=1005]
cnt=2 s0=PALM(4329,2102)* s1=PALM(284,2019)* [filtered=1006]
cnt=2 s0=PALM(4328,2103)* s1=PALM(284,2020)* [filtered=1007]
cnt=2 s0=PALM(4327,2103)* s1=PALM(284,2021)* [filtered=1008]
cnt=2 s0=PALM(4326,2104)* s1=PALM(284,2022)* [filtered=1009]
cnt=2 s0=PALM(4326,2105)* s1=PALM(284,2022)* [filtered=1010]
cnt=2 s0=PALM(4325,2106)* s1=PALM(284,2023)* [filtered=1011]
cnt=2 s0=PALM(4324,2106)* s1=PALM(284,2023)* [filtered=1012]
cnt=2 s0=PALM(4322,2107)* s1=PALM(284,2024)* [filtered=1013]
cnt=2 s0=PALM(4320,2108)* s1=PALM(284,2025)* [filtered=1014]
cnt=2 s0=PALM(4319,2109)* s1=PALM(284,2025)* [filtered=1015]
cnt=2 s0=PALM(4316,2110) s1=PALM(284,2026)* [filtered=1016]
cnt=2 s0=PALM(4314,2111) s1=PALM(284,2026)* [filtered=1017]
cnt=2 s0=PALM(4311,2112) s1=PALM(284,2026)* [filtered=1018]
cnt=2 s0=PALM(4309,2113) s1=PALM(284,2026)* [filtered=1019]
cnt=2 s0=PALM(4305,2115) s1=PALM(284,2027)* [filtered=1020]
cnt=2 s0=PALM(4302,2116) s1=PALM(284,2027)* [filtered=1021]
cnt=2 s0=PALM(4297,2118) s1=PALM(284,2027)* [filtered=1022]
cnt=2 s0=PALM(4293,2119) s1=PALM(284,2027)* [filtered=1023]
cnt=2 s0=PALM(4289,2121) s1=PALM(284,2028)* [filtered=1024]
cnt=2 s0=PALM(4285,2122) s1=PALM(284,2028)* [filtered=1025]
cnt=2 s0=PALM(4281,2124) s1=PALM(284,2029)* [filtered=1026]
cnt=2 s0=PALM(4275,2127) s1=PALM(284,2029)* [filtered=1027]
cnt=2 s0=PALM(4270,2129) s1=PALM(284,2029)* [filtered=1028]
cnt=2 s0=PALM(4264,2131) s1=PALM(284,2030)* [filtered=1029]
cnt=2 s0=PALM(4259,2133) s1=PALM(284,2030)* [filtered=1030]
cnt=2 s0=PALM(4253,2135) s1=PALM(284,2030)* [filtered=1031]
cnt=2 s0=PALM(4247,2137) s1=PALM(284,2030)* [filtered=1032]
cnt=2 s0=PALM(4241,2139) s1=PALM(284,2030)* [filtered=1033]
cnt=2 s0=PALM(4235,2141) s1=PALM(284,2030)* [filtered=1034]
cnt=2 s0=PALM(4229,2143) s1=PALM(284,2030)* [filtered=1035]
cnt=2 s0=PALM(4223,2145) s1=PALM(284,2030)* [filtered=1036]
cnt=2 s0=PALM(4217,2147) s1=PALM(284,2030)* [filtered=1037]
cnt=2 s0=PALM(4211,2149) s1=PALM(284,2030)* [filtered=1038]
cnt=2 s0=PALM(4205,2151) s1=PALM(284,2030)* [filtered=1039]
cnt=2 s0=PALM(4199,2153) s1=PALM(284,2030)* [filtered=1040]
cnt=2 s0=PALM(4193,2155) s1=PALM(284,2030)* [filtered=1041]
cnt=2 s0=PALM(4187,2156) s1=PALM(284,2030)* [filtered=1042]
cnt=2 s0=PALM(4181,2157) s1=PALM(284,2030)* [filtered=1043]
cnt=2 s0=PALM(4175,2158) s1=PALM(284,2030)* [filtered=1044]
cnt=2 s0=PALM(4169,2159) s1=PALM(284,2030)* [filtered=1045]
cnt=2 s0=PALM(4163,2160) s1=PALM(284,2030)* [filtered=1046]
cnt=2 s0=PALM(4157,2161) s1=PALM(284,2030)* [filtered=1047]
cnt=2 s0=PALM(4151,2162) s1=PALM(287,2029) [filtered=1048]
cnt=2 s0=PALM(4145,2163) s1=PALM(290,2029) [filtered=1049]
cnt=2 s0=PALM(4140,2163) s1=PALM(293,2029) [filtered=1050]
cnt=2 s0=PALM(4135,2163) s1=PALM(296,2029) [filtered=1051]
cnt=2 s0=PALM(4130,2163) s1=PALM(299,2028) [filtered=1052]
cnt=2 s0=PALM(4125,2163) s1=PALM(302,2028) [filtered=1053]
cnt=2 s0=PALM(4121,2163) s1=PALM(306,2027) [filtered=1054]
cnt=2 s0=PALM(4117,2163) s1=PALM(310,2027) [filtered=1055]
cnt=2 s0=PALM(4113,2163) s1=PALM(314,2027) [filtered=1056]
cnt=2 s0=PALM(4109,2163) s1=PALM(318,2027) [filtered=1057]
cnt=2 s0=PALM(4105,2163) s1=PALM(323,2027) [filtered=1058]
cnt=2 s0=PALM(4101,2163) s1=PALM(328,2027) [filtered=1059]
cnt=2 s0=PALM(4097,2163) s1=PALM(333,2026) [filtered=1060]
cnt=2 s0=PALM(4093,2163) s1=PALM(338,2026) [filtered=1061]
cnt=2 s0=PALM(4089,2163) s1=PALM(343,2026) [filtered=1062]
cnt=2 s0=PALM(4086,2163) s1=PALM(350,2026) [filtered=1063]
cnt=2 s0=PALM(4083,2163) s1=PALM(357,2026) [filtered=1064]
cnt=2 s0=PALM(4080,2163) s1=PALM(365,2025) [filtered=1065]
cnt=2 s0=PALM(4077,2163) s1=PALM(373,2025) [filtered=1066]
cnt=2 s0=PALM(4075,2163) s1=PALM(383,2024) [filtered=1067]
cnt=2 s0=PALM(4073,2163) s1=PALM(393,2023) [filtered=1068]
cnt=2 s0=PALM(4071,2163) s1=PALM(402,2023) [filtered=1069]
cnt=2 s0=PALM(4069,2163) s1=PALM(414,2022) [filtered=1070]
cnt=2 s0=PALM(4067,2163) s1=PALM(425,2022) [filtered=1071]
cnt=2 s0=PALM(4065,2163) s1=PALM(439,2021) [filtered=1072]
cnt=2 s0=PALM(4063,2163) s1=PALM(452,2021) [filtered=1073]
cnt=2 s0=PALM(4061,2163) s1=PALM(468,2020) [filtered=1074]
cnt=2 s0=PALM(4059,2163) s1=PALM(483,2019) [filtered=1075]
cnt=2 s0=PALM(4057,2163) s1=PALM(498,2019) [filtered=1076]
cnt=2 s0=PALM(4056,2163) s1=PALM(516,2018) [filtered=1077]
cnt=2 s0=PALM(4055,2163) s1=PALM(534,2018) [filtered=1078]
cnt=2 s0=PALM(4054,2163) s1=PALM(556,2016) [filtered=1079]
cnt=2 s0=PALM(4053,2163) s1=PALM(578,2015) [filtered=1080]
cnt=2 s0=PALM(4052,2163) s1=PALM(600,2015) [filtered=1081]
cnt=2 s0=PALM(4050,2160) s1=PALM(624,2013) [filtered=1082]
cnt=2 s0=PALM(4048,2157) s1=PALM(648,2012) [filtered=1083]
cnt=2 s0=fng (4046,2154) s1=PALM(673,2011) [filtered=1084]
cnt=2 s0=fng (4044,2151) s1=PALM(698,2010) [filtered=1085]
cnt=2 s0=fng (4042,2149) s1=fng (723,2010) [filtered=1085]
cnt=2 s0=fng (4040,2148) s1=fng (750,2007) [filtered=1085]
cnt=2 s0=fng (4038,2147) s1=fng (777,2005) [filtered=1085]
cnt=2 s0=fng (4036,2146) s1=fng (804,2003) [filtered=1085]
cnt=2 s0=fng (4034,2145) s1=fng (831,2001) [filtered=1085]
cnt=2 s0=fng (4032,2144) s1=fng (857,1999) [filtered=1085]
cnt=2 s0=fng (4030,2143) s1=fng (883,1997) [filtered=1085]
cnt=2 s0=fng (4028,2143) s1=fng (909,1995) [filtered=1085]
cnt=2 s0=fng (4026,2142) s1=fng (933,1993) [filtered=1085]
cnt=2 s0=fng (4024,2142) s1=fng (957,1991) [filtered=1085]
cnt=2 s0=fng (4022,2141) s1=fng (979,1990) [filtered=1085]
cnt=2 s0=fng (4020,2140) s1=fng (1001,1989) [filtered=1085]
cnt=2 s0=fng (4019,2139) s1=fng (1021,1988) [filtered=1085]
cnt=2 s0=fng (4018,2138) s1=fng (1041,1987) [filtered=1085]
cnt=2 s0=fng (4017,2138) s1=fng (1061,1986) [filtered=1085]
cnt=2 s0=fng (4016,2137) s1=fng (1077,1986) [filtered=1085]
cnt=2 s0=fng (4015,2136) s1=fng (1093,1986) [filtered=1085]
cnt=2 s0=fng (4015,2135) s1=fng (1106,1986) [filtered=1085]
cnt=2 s0=fng (4015,2135) s1=fng (1119,1986) [filtered=1085]
cnt=2 s0=fng (4015,2134) s1=fng (1129,1986) [filtered=1085]
cnt=2 s0=fng (4015,2134)* s1=fng (1139,1986) [filtered=1085]
cnt=2 s0=fng (4015,2133)* s1=fng (1146,1986) [filtered=1085]
cnt=2 s0=fng (4015,2133)* s1=fng (1153,1986) [filtered=1085]
cnt=2 s0=fng (4015,2132)* s1=fng (1157,1986) [filtered=1085]
cnt=2 s0=fng (4015,2132)* s1=fng (1161,1986) [filtered=1085]
cnt=2 s0=fng (4015,2131)* s1=fng (1163,1986) [filtered=1085]
cnt=2 s0=fng (4015,2131)* s1=fng (1165,1986) [filtered=1085]
cnt=2 s0=fng (4015,2130)* s1=fng (1165,1986) [filtered=1085]
cnt=2 s0=fng (4015,2129)* s1=fng (1162,1986) [filtered=1085]
cnt=2 s0=fng (4015,2129)* s1=fng (1159,1986) [filtered=1085]
cnt=2 s0=fng (4015,2129)* s1=fng (1155,1986) [filtered=1085]
cnt=2 s0=fng (4015,2129)* s1=fng (1151,1986) [filtered=1085]
cnt=2 s0=fng (4015,2128)* s1=fng (1146,1986) [filtered=1085]
cnt=2 s0=fng (4015,2128)* s1=fng (1141,1986) [filtered=1085]
cnt=2 s0=fng (4015,2128)* s1=fng (1136,1986) [filtered=1085]
cnt=2 s0=fng (4015,2128)* s1=fng (1131,1986) [filtered=1085]
cnt=2 s0=fng (4015,2127)* s1=fng (1126,1986) [filtered=1085]
cnt=2 s0=fng (4015,2127)* s1=fng (1121,1986) [filtered=1085]
cnt=2 s0=fng (4015,2126)* s1=fng (1114,1986) [filtered=1085]
cnt=2 s0=fng (4015,2126)* s1=fng (1107,1986) [filtered=1085]
cnt=2 s0=fng (4018,2125) s1=fng (1099,1986) [filtered=1085]
cnt=2 s0=fng (4021,2125) s1=fng (1091,1986) [filtered=1085]
cnt=2 s0=fng (4024,2125) s1=fng (1081,1986) [filtered=1085]
cnt=2 s0=fng (4027,2125) s1=fng (1071,1986) [filtered=1085]
cnt=2 s0=fng (4030,2124) s1=fng (1058,1986) [filtered=1085]
cnt=2 s0=fng (4033,2124) s1=fng (1045,1986) [filtered=1085]
cnt=2 s0=fng (4036,2124) s1=fng (1032,1986) [filtered=1085]
cnt=2 s0=fng (4040,2124) s1=fng (1017,1986) [filtered=1085]
cnt=2 s0=fng (4045,2123) s1=fng (1000,1986) [filtered=1085]
cnt=2 s0=PALM(4050,2123) s1=fng (983,1986) [filtered=1086]
cnt=2 s0=PALM(4055,2123) s1=fng (966,1986) [filtered=1087]
cnt=2 s0=PALM(4060,2122) s1=fng (948,1986) [filtered=1088]
cnt=2 s0=PALM(4065,2122) s1=fng (930,1986) [filtered=1089]
cnt=2 s0=PALM(4071,2121) s1=fng (912,1986) [filtered=1090]
cnt=2 s0=PALM(4077,2121) s1=fng (894,1986) [filtered=1091]
cnt=2 s0=PALM(4084,2120) s1=fng (876,1986) [filtered=1092]
cnt=2 s0=PALM(4091,2118) s1=fng (858,1987) [filtered=1093]
cnt=2 s0=PALM(4098,2117) s1=fng (840,1987) [filtered=1094]
cnt=2 s0=PALM(4104,2116) s1=fng (822,1987) [filtered=1095]
cnt=2 s0=PALM(4110,2113) s1=fng (805,1986) [filtered=1096]
cnt=2 s0=PALM(4115,2111) s1=fng (788,1985) [filtered=1097]
cnt=2 s0=PALM(4121,2109) s1=fng (771,1984) [filtered=1098]
cnt=2 s0=PALM(4127,2107) s1=fng (754,1983) [filtered=1099]
cnt=2 s0=PALM(4133,2103) s1=fng (737,1982) [filtered=1100]
cnt=2 s0=PALM(4138,2100) s1=fng (720,1981) [filtered=1101]
cnt=2 s0=PALM(4145,2097) s1=PALM(703,1980) [filtered=1102]
cnt=2 s0=PALM(4152,2092) s1=PALM(686,1979) [filtered=1103]
cnt=2 s0=PALM(4158,2088) s1=PALM(669,1979) [filtered=1104]
cnt=2 s0=PALM(4165,2083) s1=PALM(653,1978) [filtered=1105]
cnt=2 s0=PALM(4171,2079) s1=PALM(637,1978) [filtered=1106]
cnt=2 s0=PALM(4177,2074) s1=PALM(622,1977) [filtered=1107]
cnt=2 s0=PALM(4183,2070) s1=PALM(607,1977) [filtered=1108]
cnt=2 s0=PALM(4189,2066) s1=PALM(593,1976) [filtered=1109]
cnt=2 s0=PALM(4195,2062) s1=PALM(579,1976) [filtered=1110]
cnt=2 s0=PALM(4201,2056) s1=PALM(566,1976) [filtered=1111]
cnt=2 s0=PALM(4207,2051) s1=PALM(554,1976) [filtered=1112]
cnt=2 s0=PALM(4212,2046) s1=PALM(542,1976) [filtered=1113]
cnt=2 s0=PALM(4216,2040) s1=PALM(531,1976) [filtered=1114]
cnt=2 s0=PALM(4220,2035) s1=PALM(521,1976) [filtered=1115]
cnt=2 s0=PALM(4224,2030) s1=PALM(511,1977) [filtered=1116]
cnt=2 s0=PALM(4228,2025) s1=PALM(501,1977) [filtered=1117]
cnt=2 s0=PALM(4232,2021) s1=PALM(493,1977) [filtered=1118]
cnt=2 s0=PALM(4236,2017) s1=PALM(486,1977) [filtered=1119]
cnt=2 s0=PALM(4240,2013) s1=PALM(479,1978) [filtered=1120]
cnt=2 s0=PALM(4244,2009) s1=PALM(473,1978) [filtered=1121]
cnt=2 s0=PALM(4247,2005) s1=PALM(468,1978) [filtered=1122]
cnt=2 s0=PALM(4250,2001) s1=PALM(464,1978) [filtered=1123]
cnt=2 s0=PALM(4252,1998) s1=PALM(461,1979) [filtered=1124]
cnt=2 s0=PALM(4254,1995) s1=PALM(458,1979) [filtered=1125]
cnt=2 s0=PALM(4256,1992) s1=PALM(456,1980) [filtered=1126]
cnt=2 s0=PALM(4258,1990) s1=PALM(454,1981) [filtered=1127]
cnt=2 s0=PALM(4260,1988) s1=PALM(452,1981) [filtered=1128]
cnt=2 s0=PALM(4261,1986) s1=PALM(451,1981) [filtered=1129]
cnt=2 s0=PALM(4262,1984) s1=PALM(452,1981) [filtered=1130]
cnt=2 s0=PALM(4263,1983) s1=PALM(452,1982) [filtered=1131]
cnt=2 s0=PALM(4264,1982) s1=PALM(452,1982) [filtered=1132]
cnt=2 s0=PALM(4264,1981) s1=PALM(452,1983) [filtered=1133]
cnt=2 s0=PALM(4264,1980) s1=PALM(452,1984) [filtered=1134]
cnt=2 s0=PALM(4264,1980) s1=PALM(452,1985) [filtered=1135]
cnt=2 s0=PALM(4264,1980) s1=PALM(452,1985) [filtered=1136]
cnt=2 s0=PALM(4264,1980) s1=PALM(452,1986) [filtered=1137]
cnt=2 s0=PALM(4264,1980) s1=PALM(452,1986) [filtered=1138]
cnt=2 s0=PALM(4264,1980) s1=PALM(452,1987) [filtered=1139]
cnt=2 s0=PALM(4264,1980) s1=PALM(452,1988) [filtered=1140]
cnt=2 s0=PALM(4264,1980) s1=PALM(452,1988) [filtered=1141]
cnt=2 s0=PALM(4264,1980) s1=PALM(452,1988) [filtered=1142]
cnt=2 s0=PALM(4264,1980) s1=PALM(452,1988) [filtered=1143]
cnt=2 s0=PALM(4264,1980) s1=PALM(452,1989)* [filtered=1144]
cnt=2 s0=PALM(4264,1980) s1=PALM(452,1989)* [filtered=1145]
cnt=2 s0=PALM(4264,1980) s1=PALM(452,1989)* [filtered=1146]
cnt=2 s0=PALM(4264,1980) s1=PALM(452,1989)* [filtered=1147]
cnt=2 s0=PALM(4264,1980)* s1=PALM(452,1990)* [filtered=1148]
cnt=2 s0=PALM(4264,1980)* s1=PALM(452,1990)* [filtered=1149]
cnt=2 s0=PALM(4264,1980)* s1=PALM(452,1991)* [filtered=1150]
cnt=2 s0=PALM(4264,1980)* s1=PALM(452,1991)* [filtered=1151]
cnt=2 s0=PALM(4264,1980)* s1=PALM(452,1992)* [filtered=1152]
cnt=2 s0=PALM(4264,1980)* s1=PALM(452,1992)* [filtered=1153]
cnt=2 s0=PALM(4264,1980)* s1=PALM(452,1993)* [filtered=1154]
cnt=2 s0=PALM(4264,1980)* s1=PALM(452,1993)* [filtered=1155]
cnt=2 s0=PALM(4264,1980)* s1=PALM(451,1994)* [filtered=1156]
cnt=2 s0=PALM(4264,1980)* s1=PALM(451,1994)* [filtered=1157]
cnt=2 s0=PALM(4264,1980)* s1=PALM(450,1995)* [filtered=1158]
cnt=2 s0=PALM(4264,1980)* s1=PALM(450,1995)* [filtered=1159]
cnt=2 s0=PALM(4264,1980)* s1=PALM(450,1996)* [filtered=1160]
cnt=2 s0=PALM(4264,1980)* s1=PALM(449,1997)* [filtered=1161]
cnt=2 s0=PALM(4264,1980)* s1=PALM(449,1997)* [filtered=1162]
cnt=2 s0=PALM(4264,1980)* s1=PALM(449,1998)* [filtered=1163]
cnt=2 s0=PALM(4264,1980)* s1=PALM(449,1999)* [filtered=1164]
cnt=2 s0=PALM(4264,1980)* s1=PALM(448,2000)* [filtered=1165]
cnt=2 s0=PALM(4264,1980)* s1=PALM(448,2000)* [filtered=1166]
cnt=2 s0=PALM(4264,1980)* s1=PALM(448,2001)* [filtered=1167]
cnt=2 s0=PALM(4264,1980)* s1=PALM(447,2002)* [filtered=1168]
cnt=2 s0=PALM(4264,1980)* s1=PALM(447,2003)* [filtered=1169]
cnt=2 s0=PALM(4264,1980)* s1=PALM(446,2004)* [filtered=1170]
cnt=2 s0=PALM(4264,1980)* s1=PALM(446,2004)* [filtered=1171]
cnt=2 s0=PALM(4264,1980)* s1=PALM(445,2005)* [filtered=1172]
cnt=2 s0=PALM(4264,1980)* s1=PALM(445,2006)* [filtered=1173]
cnt=2 s0=PALM(4264,1980)* s1=PALM(444,2007)* [filtered=1174]
cnt=2 s0=PALM(4264,1980)* s1=PALM(444,2008)* [filtered=1175]
cnt=2 s0=PALM(4264,1980)* s1=PALM(443,2009)* [filtered=1176]
cnt=2 s0=PALM(4264,1980)* s1=PALM(442,2010)* [filtered=1177]
cnt=2 s0=PALM(4264,1983)* s1=PALM(441,2011)* [filtered=1178]
cnt=2 s0=PALM(4264,1986)* s1=PALM(440,2012)* [filtered=1179]
cnt=2 s0=PALM(4264,1989)* s1=PALM(439,2013)* [filtered=1180]
cnt=2 s0=PALM(4264,1992)* s1=PALM(438,2014)* [filtered=1181]
cnt=2 s0=PALM(4264,1995)* s1=PALM(437,2015)* [filtered=1182]
cnt=2 s0=PALM(4264,1998)* s1=PALM(436,2016)* [filtered=1183]
cnt=2 s0=PALM(4263,2001) s1=PALM(435,2017)* [filtered=1184]
cnt=2 s0=PALM(4263,2002) s1=PALM(434,2018)* [filtered=1185]
cnt=2 s0=PALM(4264,2003) s1=PALM(433,2019)* [filtered=1186]
cnt=2 s0=PALM(4265,2005) s1=PALM(431,2021) [filtered=1187]
cnt=2 s0=PALM(4265,2006) s1=PALM(430,2022) [filtered=1188]
cnt=2 s0=PALM(4266,2007) s1=PALM(428,2023) [filtered=1189]
cnt=2 s0=PALM(4267,2008) s1=PALM(426,2024) [filtered=1190]
cnt=2 s0=PALM(4268,2008) s1=PALM(425,2024) [filtered=1191]
cnt=2 s0=PALM(4268,2009) s1=PALM(424,2025) [filtered=1192]
cnt=2 s0=PALM(4269,2010) s1=PALM(422,2026) [filtered=1193]
cnt=2 s0=PALM(4269,2011) s1=PALM(421,2026) [filtered=1194]
cnt=2 s0=PALM(4269,2012) s1=PALM(418,2027) [filtered=1195]
cnt=2 s0=PALM(4270,2013) s1=PALM(415,2029) [filtered=1196]
cnt=2 s0=PALM(4270,2013) s1=PALM(412,2030) [filtered=1197]
cnt=2 s0=PALM(4271,2014) s1=PALM(408,2032) [filtered=1198]
cnt=2 s0=PALM(4271,2014) s1=PALM(403,2034) [filtered=1199]
cnt=2 s0=PALM(4271,2014) s1=PALM(398,2035) [filtered=1200]
cnt=2 s0=PALM(4272,2015) s1=PALM(391,2037) [filtered=1201]
cnt=2 s0=PALM(4272,2015) s1=PALM(384,2040) [filtered=1202]
cnt=2 s0=PALM(4272,2015) s1=PALM(377,2041) [filtered=1203]
cnt=2 s0=PALM(4273,2016)* s1=PALM(369,2044) [filtered=1204]
cnt=2 s0=PALM(4273,2017)* s1=PALM(360,2047) [filtered=1205]
cnt=2 s0=PALM(4273,2017)* s1=PALM(351,2049) [filtered=1206]
cnt=2 s0=PALM(4274,2017)* s1=PALM(341,2052) [filtered=1207]
cnt=2 s0=PALM(4274,2017)* s1=PALM(332,2055) [filtered=1208]
cnt=2 s0=PALM(4274,2017)* s1=PALM(323,2057) [filtered=1209]
cnt=2 s0=PALM(4275,2017)* s1=PALM(314,2058) [filtered=1210]
cnt=2 s0=PALM(4276,2017)* s1=PALM(305,2059) [filtered=1211]
cnt=2 s0=PALM(4276,2017)* s1=PALM(296,2059) [filtered=1212]
cnt=2 s0=PALM(4277,2017)* s1=PALM(288,2059) [filtered=1213]
cnt=2 s0=PALM(4278,2017)* s1=PALM(281,2056) [filtered=1214]
cnt=2 s0=PALM(4278,2017)* s1=PALM(274,2055) [filtered=1215]
cnt=2 s0=PALM(4279,2017)* s1=PALM(267,2052) [filtered=1216]
cnt=2 s0=PALM(4280,2017)* s1=PALM(260,2047) [filtered=1217]
cnt=2 s0=PALM(4281,2017)* s1=PALM(253,2041) [filtered=1218]
cnt=2 s0=PALM(4281,2017)* s1=PALM(246,2036) [filtered=1219]
cnt=2 s0=PALM(4282,2017)* s1=PALM(238,2029) [filtered=1220]
cnt=2 s0=PALM(4283,2017)* s1=PALM(230,2019) [filtered=1221]
cnt=2 s0=PALM(4283,2017)* s1=PALM(223,2010) [filtered=1222]
cnt=2 s0=PALM(4284,2017)* s1=PALM(215,2000) [filtered=1223]
cnt=2 s0=PALM(4285,2017)* s1=PALM(208,1988) [filtered=1224]
cnt=2 s0=PALM(4286,2016)* s1=PALM(201,1974) [filtered=1225]
cnt=2 s0=PALM(4287,2016)* s1=PALM(195,1961) [filtered=1226]
cnt=2 s0=PALM(4288,2015)* s1=PALM(189,1947) [filtered=1227]
cnt=2 s0=PALM(4289,2015)* s1=PALM(183,1932) [filtered=1228]
cnt=2 s0=PALM(4290,2015)* s1=PALM(178,1917) [filtered=1229]
cnt=2 s0=PALM(4291,2014)* s1=PALM(174,1901) [filtered=1230]
cnt=2 s0=PALM(4292,2013)* s1=PALM(171,1885) [filtered=1231]
cnt=2 s0=PALM(4292,2013)* s1=PALM(168,1870) [filtered=1232]
cnt=2 s0=PALM(4293,2012)* s1=PALM(165,1851) [filtered=1233]
cnt=2 s0=PALM(4294,2011)* s1=PALM(162,1830) [filtered=1234]
cnt=2 s0=PALM(4294,2010)* s1=PALM(159,1810) [filtered=1235]
cnt=2 s0=PALM(4295,2009)* s1=PALM(152,1786) [filtered=1236]
cnt=2 s0=PALM(4295,2008)* s1=PALM(145,1759) [filtered=1237]
cnt=2 s0=PALM(4295,2007)* s1=PALM(139,1733) [filtered=1238]
cnt=2 s0=PALM(4296,2005)* s1=PALM(131,1706) [filtered=1239]
cnt=2 s0=PALM(4296,2003)* s1=PALM(131,1706) [filtered=1240]
cnt=1 s0=fng (4296,2003)* [filtered=1240]
cnt=1 s0=fng (4297,2000) [filtered=1240]
cnt=1 s0=fng (4298,1998) [filtered=1240]
cnt=1 s0=fng (4299,1995) [filtered=1240]
cnt=1 s0=fng (4299,1992) [filtered=1240]
cnt=1 s0=fng (4300,1988) [filtered=1240]
cnt=1 s0=fng (4300,1984) [filtered=1240]
cnt=1 s0=fng (4300,1982) [filtered=1240]
cnt=1 s0=fng (4301,1979) [filtered=1240]
cnt=1 s0=fng (4302,1976) [filtered=1240]
cnt=1 s0=fng (4303,1973) [filtered=1240]
cnt=1 s0=fng (4304,1971) [filtered=1240]
cnt=1 s0=fng (4305,1968) [filtered=1240]
cnt=1 s0=fng (4305,1965) [filtered=1240]
cnt=1 s0=fng (4305,1962) [filtered=1240]
cnt=1 s0=fng (4305,1959) [filtered=1240]
cnt=1 s0=fng (4305,1957) [filtered=1240]
cnt=1 s0=fng (4305,1955) [filtered=1240]
cnt=1 s0=fng (4305,1952) [filtered=1240]
cnt=1 s0=fng (4305,1949) [filtered=1240]
cnt=1 s0=fng (4305,1947) [filtered=1240]
cnt=1 s0=fng (4305,1946) [filtered=1240]
cnt=1 s0=fng (4305,1944) [filtered=1240]
cnt=1 s0=fng (4305,1942) [filtered=1240]
cnt=1 s0=fng (4305,1939) [filtered=1240]
cnt=1 s0=fng (4305,1937) [filtered=1240]
cnt=1 s0=fng (4304,1934) [filtered=1240]
cnt=1 s0=fng (4304,1932) [filtered=1240]
cnt=1 s0=fng (4304,1929) [filtered=1240]
cnt=1 s0=fng (4304,1926) [filtered=1240]
cnt=1 s0=fng (4304,1924) [filtered=1240]
cnt=1 s0=fng (4304,1921) [filtered=1240]
cnt=1 s0=fng (4304,1918) [filtered=1240]
cnt=1 s0=fng (4304,1915) [filtered=1240]
cnt=1 s0=fng (4304,1912) [filtered=1240]
cnt=1 s0=fng (4304,1910) [filtered=1240]
cnt=1 s0=fng (4305,1907) [filtered=1240]
cnt=1 s0=fng (4305,1904) [filtered=1240]
cnt=1 s0=fng (4306,1901) [filtered=1240]
cnt=1 s0=fng (4306,1899) [filtered=1240]
cnt=1 s0=fng (4307,1897) [filtered=1240]
cnt=1 s0=fng (4308,1894) [filtered=1240]
cnt=1 s0=fng (4309,1891) [filtered=1240]
cnt=1 s0=fng (4310,1889) [filtered=1240]
cnt=1 s0=fng (4310,1888) [filtered=1240]
cnt=1 s0=fng (4311,1887) [filtered=1240]
cnt=1 s0=fng (4311,1885) [filtered=1240]
cnt=1 s0=fng (4312,1883) [filtered=1240]
cnt=1 s0=fng (4312,1882) [filtered=1240]
cnt=1 s0=fng (4312,1881) [filtered=1240]
cnt=1 s0=fng (4312,1880) [filtered=1240]
cnt=1 s0=fng (4312,1879) [filtered=1240]
cnt=1 s0=fng (4312,1879) [filtered=1240]
cnt=1 s0=fng (4312,1879) [filtered=1240]
cnt=1 s0=fng (4312,1879) [filtered=1240]
cnt=1 s0=fng (4311,1879) [filtered=1240]
cnt=1 s0=fng (4310,1879) [filtered=1240]
cnt=1 s0=fng (4309,1880) [filtered=1240]
cnt=1 s0=fng (4308,1880) [filtered=1240]
cnt=1 s0=fng (4307,1881) [filtered=1240]
cnt=1 s0=fng (4305,1882) [filtered=1240]
cnt=1 s0=fng (4303,1883) [filtered=1240]
cnt=1 s0=fng (4302,1884)* [filtered=1240]
cnt=1 s0=fng (4300,1885)* [filtered=1240]
cnt=1 s0=fng (4297,1887) [filtered=1240]
cnt=1 s0=fng (4294,1889) [filtered=1240]
cnt=1 s0=fng (4292,1890) [filtered=1240]
cnt=1 s0=fng (4288,1893) [filtered=1240]
cnt=1 s0=fng (4285,1895) [filtered=1240]
cnt=1 s0=fng (4282,1899) [filtered=1240]
cnt=1 s0=fng (4279,1902) [filtered=1240]
cnt=1 s0=fng (4275,1904) [filtered=1240]
cnt=1 s0=fng (4270,1908) [filtered=1240]
cnt=1 s0=fng (4266,1911) [filtered=1240]
cnt=1 s0=fng (4261,1916) [filtered=1240]
cnt=1 s0=fng (4255,1921) [filtered=1240]
cnt=1 s0=fng (4250,1925) [filtered=1240]
cnt=1 s0=fng (4244,1930) [filtered=1240]
cnt=1 s0=fng (4237,1935) [filtered=1240]
cnt=1 s0=fng (4231,1939) [filtered=1240]
cnt=1 s0=fng (4224,1944) [filtered=1240]
cnt=1 s0=fng (4217,1949) [filtered=1240]
cnt=1 s0=fng (4211,1953) [filtered=1240]
cnt=1 s0=fng (4204,1958) [filtered=1240]
cnt=1 s0=fng (4197,1963) [filtered=1240]
cnt=1 s0=fng (4191,1967) [filtered=1240]
cnt=1 s0=fng (4186,1972) [filtered=1240]
cnt=1 s0=fng (4180,1977) [filtered=1240]
cnt=1 s0=fng (4175,1981) [filtered=1240]
cnt=1 s0=fng (4171,1985) [filtered=1240]
cnt=1 s0=fng (4166,1989) [filtered=1240]
cnt=1 s0=fng (4162,1992) [filtered=1240]
cnt=1 s0=fng (4158,1994) [filtered=1240]
cnt=1 s0=fng (4153,1997) [filtered=1240]
cnt=1 s0=fng (4149,1999) [filtered=1240]
cnt=1 s0=fng (4146,2000) [filtered=1240]
cnt=1 s0=fng (4143,2001) [filtered=1240]
cnt=1 s0=fng (4140,2002) [filtered=1240]
cnt=1 s0=fng (4138,2003) [filtered=1240]
cnt=1 s0=fng (4136,2004) [filtered=1240]
cnt=1 s0=fng (4135,2004) [filtered=1240]
cnt=1 s0=fng (4134,2004) [filtered=1240]
cnt=1 s0=fng (4133,2004) [filtered=1240]
cnt=1 s0=fng (4132,2004) [filtered=1240]
cnt=1 s0=fng (4132,2003) [filtered=1240]
cnt=1 s0=fng (4132,2003) [filtered=1240]
cnt=1 s0=fng (4133,2003) [filtered=1240]
cnt=1 s0=fng (4134,2002) [filtered=1240]
cnt=1 s0=fng (4134,2002) [filtered=1240]
cnt=1 s0=fng (4135,2001) [filtered=1240]
cnt=1 s0=fng (4137,2000) [filtered=1240]
cnt=1 s0=fng (4139,1998) [filtered=1240]
cnt=1 s0=fng (4140,1997) [filtered=1240]
cnt=1 s0=fng (4142,1995) [filtered=1240]
cnt=1 s0=fng (4143,1994) [filtered=1240]
cnt=1 s0=fng (4146,1991) [filtered=1240]
cnt=1 s0=fng (4149,1987) [filtered=1240]
cnt=1 s0=fng (4153,1981) [filtered=1240]
cnt=1 s0=fng (4156,1975) [filtered=1240]
cnt=1 s0=fng (4159,1970) [filtered=1240]
cnt=1 s0=fng (4163,1964) [filtered=1240]
cnt=1 s0=fng (4167,1957) [filtered=1240]
cnt=1 s0=fng (4170,1950) [filtered=1240]
cnt=1 s0=fng (4174,1943) [filtered=1240]
cnt=1 s0=fng (4178,1936) [filtered=1240]
cnt=1 s0=fng (4182,1929) [filtered=1240]
cnt=1 s0=fng (4186,1922) [filtered=1240]
cnt=1 s0=fng (4190,1914) [filtered=1240]
cnt=1 s0=fng (4194,1906) [filtered=1240]
cnt=1 s0=fng (4199,1898) [filtered=1240]
cnt=1 s0=fng (4203,1891) [filtered=1240]
cnt=1 s0=fng (4207,1883) [filtered=1240]
cnt=1 s0=fng (4212,1876) [filtered=1240]
cnt=1 s0=fng (4217,1869) [filtered=1240]
cnt=1 s0=fng (4222,1861) [filtered=1240]
cnt=1 s0=fng (4226,1854) [filtered=1240]
cnt=1 s0=fng (4231,1848) [filtered=1240]
cnt=1 s0=fng (4236,1843) [filtered=1240]
cnt=1 s0=fng (4240,1839) [filtered=1240]
cnt=1 s0=fng (4243,1835) [filtered=1240]
cnt=1 s0=fng (4246,1831) [filtered=1240]
cnt=1 s0=fng (4250,1827) [filtered=1240]
cnt=1 s0=fng (4253,1824) [filtered=1240]
cnt=1 s0=fng (4255,1821) [filtered=1240]
cnt=1 s0=fng (4257,1817) [filtered=1240]
cnt=1 s0=fng (4258,1815) [filtered=1240]
cnt=1 s0=fng (4259,1813) [filtered=1240]
cnt=1 s0=fng (4260,1811) [filtered=1240]
cnt=1 s0=fng (4261,1810) [filtered=1240]
cnt=1 s0=fng (4262,1810) [filtered=1240]
cnt=1 s0=fng (4263,1809) [filtered=1240]
cnt=1 s0=fng (4264,1808) [filtered=1240]
cnt=1 s0=fng (4264,1807) [filtered=1240]
cnt=1 s0=fng (4264,1806) [filtered=1240]
cnt=1 s0=fng (4264,1806) [filtered=1240]
cnt=1 s0=fng (4264,1806) [filtered=1240]
cnt=1 s0=fng (4264,1806) [filtered=1240]
cnt=1 s0=fng (4264,1806) [filtered=1240]
cnt=1 s0=fng (4264,1806) [filtered=1240]
cnt=1 s0=fng (4264,1806) [filtered=1240]
cnt=1 s0=fng (4264,1806) [filtered=1240]
cnt=1 s0=fng (4264,1806) [filtered=1240]
cnt=1 s0=fng (4263,1806) [filtered=1240]
cnt=1 s0=fng (4263,1807) [filtered=1240]
cnt=1 s0=fng (4263,1807)* [filtered=1240]
cnt=1 s0=fng (4262,1808)* [filtered=1240]
cnt=1 s0=fng (4262,1808)* [filtered=1240]
cnt=1 s0=fng (4262,1809)* [filtered=1240]
cnt=1 s0=fng (4261,1810)* [filtered=1240]
cnt=1 s0=fng (4260,1810)* [filtered=1240]
cnt=1 s0=fng (4259,1811)* [filtered=1240]
cnt=1 s0=fng (4258,1812)* [filtered=1240]
cnt=1 s0=fng (4257,1813)* [filtered=1240]
cnt=1 s0=fng (4257,1814)* [filtered=1240]
cnt=1 s0=fng (4256,1815)* [filtered=1240]
cnt=1 s0=fng (4256,1815)* [filtered=1240]
cnt=1 s0=fng (4256,1816)* [filtered=1240]
cnt=1 s0=fng (4255,1817)* [filtered=1240]
cnt=1 s0=fng (4255,1817)* [filtered=1240]
cnt=1 s0=fng (4255,1818)* [filtered=1240]
cnt=1 s0=fng (4254,1819)* [filtered=1240]
cnt=1 s0=fng (4254,1819)* [filtered=1240]
cnt=1 s0=fng (4254,1820)* [filtered=1240]
cnt=1 s0=fng (4254,1821)* [filtered=1240]
cnt=1 s0=fng (4254,1821)* [filtered=1240]
cnt=1 s0=fng (4254,1821)* [filtered=1240]
cnt=1 s0=fng (4254,1821)* [filtered=1240]
cnt=1 s0=fng (4254,1821)* [filtered=1240]
cnt=1 s0=fng (4254,1822)* [filtered=1240]
cnt=1 s0=fng (4254,1822)* [filtered=1240]
cnt=1 s0=fng (4254,1822)* [filtered=1240]
cnt=1 s0=fng (4254,1822)* [filtered=1240]
cnt=1 s0=fng (4254,1822)* [filtered=1240]
cnt=1 s0=fng (4254,1822)* [filtered=1240]
cnt=1 s0=fng (4254,1822)* [filtered=1240]
cnt=1 s0=fng (4254,1822)* [filtered=1240]
cnt=1 s0=fng (4254,1823)* [filtered=1240]
cnt=1 s0=fng (4254,1823)* [filtered=1240]
cnt=1 s0=fng (4254,1823)* [filtered=1240]
cnt=1 s0=fng (4254,1824)* [filtered=1240]
cnt=1 s0=fng (4255,1825)* [filtered=1240]
cnt=1 s0=fng (4255,1825)* [filtered=1240]
cnt=1 s0=fng (4255,1825)* [filtered=1240]
cnt=1 s0=fng (4256,1826)* [filtered=1240]
cnt=1 s0=fng (4256,1827)* [filtered=1240]
cnt=1 s0=fng (4257,1828)* [filtered=1240]
cnt=1 s0=fng (4257,1829)* [filtered=1240]
cnt=1 s0=fng (4258,1830)* [filtered=1240]
cnt=1 s0=fng (4258,1831)* [filtered=1240]
cnt=1 s0=fng (4258,1831)* [filtered=1240]
cnt=1 s0=fng (4259,1832)* [filtered=1240]
cnt=1 s0=fng (4259,1833)* [filtered=1240]
cnt=1 s0=fng (4260,1834)* [filtered=1240]
cnt=1 s0=fng (4260,1835)* [filtered=1240]
cnt=1 s0=fng (4260,1835)* [filtered=1240]
cnt=1 s0=fng (4261,1836)* [filtered=1240]
cnt=1 s0=fng (4262,1837)* [filtered=1240]
cnt=1 s0=fng (4262,1838)* [filtered=1240]
cnt=1 s0=fng (4262,1839)* [filtered=1240]
cnt=1 s0=fng (4263,1840)* [filtered=1240]
cnt=1 s0=fng (4263,1841)* [filtered=1240]
cnt=1 s0=fng (4263,1841)* [filtered=1240]
cnt=1 s0=fng (4264,1842)* [filtered=1240]
cnt=1 s0=fng (4264,1842)* [filtered=1240]
cnt=1 s0=fng (4265,1843)* [filtered=1240]
cnt=1 s0=fng (4265,1844)* [filtered=1240]
cnt=1 s0=fng (4265,1844)* [filtered=1240]
cnt=1 s0=fng (4266,1844)* [filtered=1240]
cnt=1 s0=fng (4267,1845)* [filtered=1240]
cnt=1 s0=fng (4267,1845)* [filtered=1240]
cnt=1 s0=fng (4267,1845)* [filtered=1240]
cnt=1 s0=fng (4268,1845)* [filtered=1240]
cnt=1 s0=fng (4268,1845)* [filtered=1240]
cnt=1 s0=fng (4269,1845)* [filtered=1240]
cnt=1 s0=fng (4269,1845)* [filtered=1240]
cnt=1 s0=fng (4269,1845)* [filtered=1240]
cnt=1 s0=fng (4270,1845)* [filtered=1240]
cnt=1 s0=fng (4271,1845)* [filtered=1240]
cnt=1 s0=fng (4271,1845)* [filtered=1240]
cnt=1 s0=fng (4271,1845)* [filtered=1240]
cnt=1 s0=fng (4272,1845)* [filtered=1240]
cnt=1 s0=fng (4272,1844)* [filtered=1240]
cnt=1 s0=fng (4272,1844)* [filtered=1240]
cnt=1 s0=fng (4272,1844)* [filtered=1240]
cnt=1 s0=fng (4272,1843)* [filtered=1240]
cnt=1 s0=fng (4272,1842)* [filtered=1240]
cnt=1 s0=fng (4272,1842)* [filtered=1240]
cnt=1 s0=fng (4272,1842)* [filtered=1240]
cnt=1 s0=fng (4272,1841)* [filtered=1240]
cnt=1 s0=fng (4272,1840)* [filtered=1240]
cnt=1 s0=fng (4272,1839)* [filtered=1240]
cnt=1 s0=fng (4272,1838)* [filtered=1240]
cnt=1 s0=fng (4272,1837)* [filtered=1240]
cnt=1 s0=fng (4272,1836)* [filtered=1240]
cnt=1 s0=fng (4272,1835)* [filtered=1240]
cnt=1 s0=fng (4272,1835)* [filtered=1240]
cnt=1 s0=fng (4272,1835)* [filtered=1240]
cnt=1 s0=fng (4272,1834)* [filtered=1240]
cnt=1 s0=fng (4272,1834)* [filtered=1240]
cnt=1 s0=fng (4272,1834)* [filtered=1240]
cnt=1 s0=fng (4272,1833)* [filtered=1240]
cnt=1 s0=fng (4272,1833)* [filtered=1240]
cnt=1 s0=fng (4272,1832)* [filtered=1240]
cnt=1 s0=fng (4272,1832)* [filtered=1240]
cnt=1 s0=fng (4272,1831)* [filtered=1240]
cnt=1 s0=fng (4272,1831)* [filtered=1240]
cnt=1 s0=fng (4272,1830)* [filtered=1240]
cnt=1 s0=fng (4272,1830)* [filtered=1240]
cnt=1 s0=fng (4272,1830)* [filtered=1240]
cnt=1 s0=fng (4272,1829)* [filtered=1240]
cnt=1 s0=fng (4272,1828)* [filtered=1240]
cnt=1 s0=fng (4272,1828)* [filtered=1240]
cnt=1 s0=fng (4272,1827)* [filtered=1240]
cnt=1 s0=fng (4272,1827)* [filtered=1240]
cnt=1 s0=fng (4272,1826)* [filtered=1240]
cnt=1 s0=fng (4272,1826)* [filtered=1240]
cnt=1 s0=fng (4272,1825)* [filtered=1240]
cnt=1 s0=fng (4272,1825)* [filtered=1240]
cnt=1 s0=fng (4272,1824)* [filtered=1240]
cnt=1 s0=fng (4272,1823)* [filtered=1240]
cnt=1 s0=fng (4272,1823)* [filtered=1240]
cnt=1 s0=fng (4272,1823)* [filtered=1240]
cnt=1 s0=fng (4272,1822)* [filtered=1240]
cnt=1 s0=fng (4272,1822)* [filtered=1240]
cnt=1 s0=fng (4272,1822)* [filtered=1240]
cnt=1 s0=fng (4272,1821)* [filtered=1240]
cnt=1 s0=fng (4272,1821)* [filtered=1240]
cnt=1 s0=fng (4272,1821)* [filtered=1240]
cnt=1 s0=fng (4272,1820)* [filtered=1240]
cnt=1 s0=fng (4272,1819)* [filtered=1240]
cnt=1 s0=fng (4272,1819)* [filtered=1240]
cnt=1 s0=fng (4272,1819)* [filtered=1240]
cnt=1 s0=fng (4272,1818)* [filtered=1240]
cnt=1 s0=fng (4272,1818)* [filtered=1240]
cnt=1 s0=fng (4272,1817)* [filtered=1240]
cnt=1 s0=fng (4272,1817)* [filtered=1240]
cnt=1 s0=fng (4272,1817)* [filtered=1240]
cnt=1 s0=fng (4272,1816)* [filtered=1240]
cnt=1 s0=fng (4272,1816)* [filtered=1240]
cnt=1 s0=fng (4272,1816)* [filtered=1240]
cnt=1 s0=fng (4272,1816)* [filtered=1240]
cnt=1 s0=fng (4272,1816)* [filtered=1240]
cnt=1 s0=fng (4272,1816)* [filtered=1240]
cnt=1 s0=fng (4272,1816)* [filtered=1240]
cnt=1 s0=fng (4272,1816)* [filtered=1240]
cnt=1 s0=fng (4272,1816)* [filtered=1240]
cnt=1 s0=fng (4272,1816)* [filtered=1240]
cnt=1 s0=fng (4272,1816)* [filtered=1240]
cnt=1 s0=fng (4272,1816)* [filtered=1240]
cnt=1 s0=fng (4272,1816)* [filtered=1240]
cnt=1 s0=fng (4272,1816)* [filtered=1240]
cnt=1 s0=fng (4272,1816)* [filtered=1240]
cnt=1 s0=fng (4272,1816)* [filtered=1240]
cnt=1 s0=fng (4272,1816)* [filtered=1240]
cnt=1 s0=fng (4272,1816)* [filtered=1240]
cnt=1 s0=fng (4272,1816)* [filtered=1240]
cnt=1 s0=fng (4272,1816)* [filtered=1240]
cnt=1 s0=fng (4272,1816)* [filtered=1240]
cnt=1 s0=fng (4272,1816)* [filtered=1240]
cnt=1 s0=fng (4273,1816)* [filtered=1240]
cnt=1 s0=fng (4273,1816)* [filtered=1240]
cnt=1 s0=fng (4273,1816)* [filtered=1240]
cnt=1 s0=fng (4274,1816)* [filtered=1240]
cnt=1 s0=fng (4274,1816)* [filtered=1240]
cnt=1 s0=fng (4275,1816)* [filtered=1240]
cnt=1 s0=fng (4275,1816)* [filtered=1240]
cnt=1 s0=fng (4276,1816)* [filtered=1240]
cnt=1 s0=fng (4276,1816)* [filtered=1240]
cnt=1 s0=fng (4277,1815)* [filtered=1240]
cnt=1 s0=fng (4277,1815)* [filtered=1240]
cnt=1 s0=fng (4278,1815)* [filtered=1240]
cnt=1 s0=fng (4279,1814)* [filtered=1240]
cnt=1 s0=fng (4280,1814)* [filtered=1240]
cnt=1 s0=fng (4281,1813)* [filtered=1240]
cnt=1 s0=fng (4282,1813)* [filtered=1240]
cnt=1 s0=fng (4283,1812)* [filtered=1240]
cnt=1 s0=fng (4284,1812)* [filtered=1240]
cnt=1 s0=fng (4285,1811)* [filtered=1240]
cnt=1 s0=fng (4285,1811)* [filtered=1240]
cnt=1 s0=fng (4286,1811)* [filtered=1240]
cnt=1 s0=fng (4287,1810)* [filtered=1240]
cnt=1 s0=fng (4288,1809)* [filtered=1240]
cnt=1 s0=fng (4288,1808)* [filtered=1240]
cnt=1 s0=fng (4289,1807)* [filtered=1240]
cnt=1 s0=fng (4289,1806)* [filtered=1240]
cnt=1 s0=fng (4290,1805)* [filtered=1240]
cnt=1 s0=fng (4290,1804)* [filtered=1240]
cnt=1 s0=fng (4290,1803)* [filtered=1240]
cnt=1 s0=fng (4290,1802)* [filtered=1240]
cnt=1 s0=fng (4290,1800)* [filtered=1240]
cnt=1 s0=fng (4290,1798)* [filtered=1240]
cnt=1 s0=fng (4290,1797)* [filtered=1240]
cnt=1 s0=fng (4290,1796)* [filtered=1240]
cnt=1 s0=fng (4289,1794)* [filtered=1240]
cnt=1 s0=fng (4289,1792)* [filtered=1240]
cnt=1 s0=fng (4288,1790)* [filtered=1240]
cnt=1 s0=fng (4287,1789)* [filtered=1240]
cnt=1 s0=fng (4286,1787)* [filtered=1240]
cnt=1 s0=fng (4285,1785)* [filtered=1240]
cnt=1 s0=fng (4285,1784)* [filtered=1240]
cnt=1 s0=fng (4284,1781) [filtered=1240]
cnt=1 s0=fng (4282,1778) [filtered=1240]
cnt=1 s0=fng (4280,1775) [filtered=1240]
cnt=1 s0=fng (4279,1773) [filtered=1240]
cnt=1 s0=fng (4277,1771) [filtered=1240]
cnt=1 s0=fng (4275,1768) [filtered=1240]
cnt=1 s0=fng (4272,1765) [filtered=1240]
cnt=1 s0=fng (4271,1763) [filtered=1240]
cnt=1 s0=fng (4269,1761) [filtered=1240]
cnt=1 s0=fng (4266,1758) [filtered=1240]
cnt=1 s0=fng (4265,1756) [filtered=1240]
cnt=1 s0=fng (4263,1754) [filtered=1240]
cnt=1 s0=fng (4261,1752) [filtered=1240]
cnt=1 s0=fng (4258,1749) [filtered=1240]
cnt=1 s0=fng (4257,1747) [filtered=1240]
cnt=1 s0=fng (4255,1746) [filtered=1240]
cnt=1 s0=fng (4252,1744) [filtered=1240]
cnt=1 s0=fng (4251,1743) [filtered=1240]
cnt=1 s0=fng (4249,1742) [filtered=1240]
cnt=1 s0=fng (4247,1740) [filtered=1240]
cnt=1 s0=fng (4244,1738) [filtered=1240]
cnt=1 s0=fng (4242,1737) [filtered=1240]
cnt=1 s0=fng (4239,1736) [filtered=1240]
cnt=1 s0=fng (4236,1734) [filtered=1240]
cnt=1 s0=fng (4234,1733) [filtered=1240]
cnt=1 s0=fng (4233,1732) [filtered=1240]
cnt=1 s0=fng (4230,1731) [filtered=1240]
cnt=1 s0=fng (4227,1731) [filtered=1240]
cnt=1 s0=fng (4225,1731) [filtered=1240]
cnt=1 s0=fng (4222,1730) [filtered=1240]
cnt=1 s0=fng (4220,1729) [filtered=1240]
cnt=1 s0=fng (4219,1729) [filtered=1240]
cnt=1 s0=fng (4217,1729) [filtered=1240]
cnt=1 s0=fng (4215,1729) [filtered=1240]
cnt=1 s0=fng (4214,1729) [filtered=1240]
cnt=1 s0=fng (4212,1729) [filtered=1240]
cnt=1 s0=fng (4209,1729) [filtered=1240]
cnt=1 s0=fng (4208,1729) [filtered=1240]
cnt=1 s0=fng (4206,1729) [filtered=1240]
cnt=1 s0=fng (4204,1730) [filtered=1240]
cnt=1 s0=fng (4202,1731) [filtered=1240]
cnt=1 s0=fng (4201,1731) [filtered=1240]
cnt=1 s0=fng (4199,1731) [filtered=1240]
cnt=1 s0=fng (4197,1732) [filtered=1240]
cnt=1 s0=fng (4196,1732) [filtered=1240]
cnt=1 s0=fng (4195,1733) [filtered=1240]
cnt=1 s0=fng (4194,1734) [filtered=1240]
cnt=1 s0=fng (4193,1735) [filtered=1240]
cnt=1 s0=fng (4192,1736) [filtered=1240]
cnt=1 s0=fng (4192,1737)* [filtered=1240]
cnt=1 s0=fng (4192,1737)* [filtered=1240]
cnt=1 s0=fng (4191,1738)* [filtered=1240]
cnt=1 s0=fng (4190,1739)* [filtered=1240]
cnt=1 s0=fng (4190,1739)* [filtered=1240]
cnt=1 s0=fng (4190,1740)* [filtered=1240]
cnt=1 s0=fng (4190,1741)* [filtered=1240]
cnt=1 s0=fng (4190,1742)* [filtered=1240]
cnt=1 s0=fng (4190,1743)* [filtered=1240]
cnt=1 s0=fng (4190,1744)* [filtered=1240]
cnt=1 s0=fng (4191,1745)* [filtered=1240]
cnt=1 s0=fng (4191,1745)* [filtered=1240]
cnt=1 s0=fng (4192,1746)* [filtered=1240]
cnt=1 s0=fng (4193,1747)* [filtered=1240]
cnt=1 s0=fng (4194,1749)* [filtered=1240]
cnt=1 s0=fng (4194,1750)* [filtered=1240]
cnt=1 s0=fng (4195,1751)* [filtered=1240]
cnt=1 s0=fng (4196,1753)* [filtered=1240]
cnt=1 s0=fng (4197,1754)* [filtered=1240]
cnt=1 s0=fng (4198,1755)* [filtered=1240]
cnt=1 s0=fng (4200,1756)* [filtered=1240]
cnt=1 s0=fng (4202,1758) [filtered=1240]
cnt=1 s0=fng (4203,1759) [filtered=1240]
cnt=1 s0=fng (4205,1760) [filtered=1240]
cnt=1 s0=fng (4207,1761) [filtered=1240]
cnt=1 s0=fng (4209,1763) [filtered=1240]
cnt=1 s0=fng (4210,1764) [filtered=1240]
cnt=1 s0=fng (4212,1765) [filtered=1240]
cnt=1 s0=fng (4214,1766) [filtered=1240]
cnt=1 s0=fng (4215,1766) [filtered=1240]
cnt=1 s0=fng (4217,1767) [filtered=1240]
cnt=1 s0=fng (4220,1768) [filtered=1240]
cnt=1 s0=fng (4223,1769) [filtered=1240]
cnt=1 s0=fng (4224,1770) [filtered=1240]
cnt=1 s0=fng (4226,1771) [filtered=1240]
cnt=1 s0=fng (4229,1772) [filtered=1240]
cnt=1 s0=fng (4231,1772) [filtered=1240]
cnt=1 s0=fng (4232,1772) [filtered=1240]
cnt=1 s0=fng (4234,1773) [filtered=1240]
cnt=1 s0=fng (4236,1773) [filtered=1240]
cnt=1 s0=fng (4239,1774) [filtered=1240]
cnt=1 s0=fng (4240,1774) [filtered=1240]
cnt=1 s0=fng (4242,1774) [filtered=1240]
cnt=1 s0=fng (4244,1774) [filtered=1240]
cnt=1 s0=fng (4246,1774) [filtered=1240]
cnt=1 s0=fng (4247,1774) [filtered=1240]
cnt=1 s0=fng (4248,1774) [filtered=1240]
cnt=1 s0=fng (4249,1774) [filtered=1240]
cnt=1 s0=fng (4250,1774) [filtered=1240]
cnt=1 s0=fng (4251,1774) [filtered=1240]
cnt=1 s0=fng (4252,1774) [filtered=1240]
cnt=1 s0=fng (4252,1774) [filtered=1240]
cnt=1 s0=fng (4253,1774) [filtered=1240]
cnt=1 s0=fng (4253,1774) [filtered=1240]
cnt=1 s0=fng (4253,1774) [filtered=1240]
cnt=1 s0=fng (4253,1774) [filtered=1240]
cnt=1 s0=fng (4253,1774) [filtered=1240]
cnt=1 s0=fng (4253,1774) [filtered=1240]
cnt=1 s0=fng (4253,1773) [filtered=1240]
cnt=1 s0=fng (4253,1773) [filtered=1240]
cnt=1 s0=fng (4253,1772)* [filtered=1240]
cnt=1 s0=fng (4253,1772)* [filtered=1240]
cnt=1 s0=fng (4253,1772)* [filtered=1240]
cnt=1 s0=fng (4253,1771)* [filtered=1240]
cnt=1 s0=fng (4252,1770)* [filtered=1240]
cnt=1 s0=fng (4252,1770)* [filtered=1240]
cnt=1 s0=fng (4252,1770)* [filtered=1240]
cnt=1 s0=fng (4251,1769)* [filtered=1240]
cnt=1 s0=fng (4251,1769)* [filtered=1240]
cnt=1 s0=fng (4251,1769)* [filtered=1240]
cnt=1 s0=fng (4250,1768)* [filtered=1240]
cnt=1 s0=fng (4249,1767)* [filtered=1240]
cnt=1 s0=fng (4249,1767)* [filtered=1240]
cnt=1 s0=fng (4248,1767)* [filtered=1240]
cnt=1 s0=fng (4247,1766)* [filtered=1240]
cnt=1 s0=fng (4246,1766)* [filtered=1240]
cnt=1 s0=fng (4245,1766)* [filtered=1240]
cnt=1 s0=fng (4244,1765)* [filtered=1240]
cnt=1 s0=fng (4243,1765)* [filtered=1240]
cnt=1 s0=fng (4243,1765)* [filtered=1240]
cnt=1 s0=fng (4242,1765)* [filtered=1240]
cnt=1 s0=fng (4241,1765)* [filtered=1240]
cnt=1 s0=fng (4240,1765)* [filtered=1240]
cnt=1 s0=fng (4240,1765)* [filtered=1240]
cnt=1 s0=fng (4240,1765)* [filtered=1240]
cnt=1 s0=fng (4239,1765)* [filtered=1240]
cnt=1 s0=fng (4238,1765)* [filtered=1240]
cnt=1 s0=fng (4238,1765)* [filtered=1240]
cnt=1 s0=fng (4238,1765)* [filtered=1240]
cnt=1 s0=fng (4237,1766)* [filtered=1240]
cnt=1 s0=fng (4237,1766)* [filtered=1240]
cnt=1 s0=fng (4237,1766)* [filtered=1240]
cnt=1 s0=fng (4236,1767)* [filtered=1240]
cnt=1 s0=fng (4236,1767)* [filtered=1240]
cnt=1 s0=fng (4236,1767)* [filtered=1240]
cnt=1 s0=fng (4236,1768)* [filtered=1240]
cnt=1 s0=fng (4236,1769)* [filtered=1240]
cnt=1 s0=fng (4236,1769)* [filtered=1240]
cnt=1 s0=fng (4236,1769)* [filtered=1240]
cnt=1 s0=fng (4236,1770)* [filtered=1240]
cnt=1 s0=fng (4236,1770)* [filtered=1240]
cnt=1 s0=fng (4236,1770)* [filtered=1240]
cnt=1 s0=fng (4236,1771)* [filtered=1240]
cnt=1 s0=fng (4236,1772)* [filtered=1240]
cnt=1 s0=fng (4236,1773)* [filtered=1240]
cnt=1 s0=fng (4236,1774)* [filtered=1240]
cnt=1 s0=fng (4236,1775)* [filtered=1240]
cnt=1 s0=fng (4236,1777)* [filtered=1240]
cnt=1 s0=fng (4236,1778)* [filtered=1240]
cnt=1 s0=fng (4237,1779)* [filtered=1240]
cnt=1 s0=fng (4237,1780)* [filtered=1240]
cnt=1 s0=fng (4237,1781)* [filtered=1240]
cnt=1 s0=fng (4238,1783)* [filtered=1240]
cnt=1 s0=fng (4238,1785)* [filtered=1240]
cnt=1 s0=fng (4238,1786)* [filtered=1240]
cnt=1 s0=fng (4238,1787)* [filtered=1240]
cnt=1 s0=fng (4238,1788)* [filtered=1240]
cnt=1 s0=fng (4238,1790)* [filtered=1240]
cnt=1 s0=fng (4238,1791)* [filtered=1240]
cnt=1 s0=fng (4238,1792)* [filtered=1240]
cnt=1 s0=fng (4238,1794)* [filtered=1240]
cnt=1 s0=fng (4238,1795)* [filtered=1240]
cnt=1 s0=fng (4238,1796)* [filtered=1240]
cnt=1 s0=fng (4238,1797)* [filtered=1240]
cnt=1 s0=fng (4238,1799)* [filtered=1240]
cnt=1 s0=fng (4238,1800)* [filtered=1240]
cnt=1 s0=fng (4238,1801)* [filtered=1240]
cnt=1 s0=fng (4238,1802)* [filtered=1240]
cnt=1 s0=fng (4238,1802)* [filtered=1240]
cnt=1 s0=fng (4238,1803)* [filtered=1240]
cnt=1 s0=fng (4237,1804)* [filtered=1240]
cnt=1 s0=fng (4237,1804)* [filtered=1240]
cnt=1 s0=fng (4237,1805)* [filtered=1240]
cnt=1 s0=fng (4236,1807)* [filtered=1240]
cnt=1 s0=fng (4236,1809)* [filtered=1240]
cnt=1 s0=fng (4236,1810)* [filtered=1240]
cnt=1 s0=fng (4235,1811)* [filtered=1240]
cnt=1 s0=fng (4234,1812)* [filtered=1240]
cnt=1 s0=fng (4233,1812)* [filtered=1240]
cnt=1 s0=fng (4232,1813)* [filtered=1240]
cnt=1 s0=fng (4231,1815)* [filtered=1240]
cnt=1 s0=fng (4230,1817)* [filtered=1240]
cnt=1 s0=fng (4230,1818)* [filtered=1240]
cnt=1 s0=fng (4229,1819)* [filtered=1240]
cnt=1 s0=fng (4229,1819)* [filtered=1240]
cnt=1 s0=fng (4228,1820)* [filtered=1240]
cnt=1 s0=fng (4227,1821)* [filtered=1240]
cnt=2 s0=PALM(4226,1822)* s1=PALM(629,2267) [filtered=1241]
cnt=2 s0=PALM(4225,1822)* s1=PALM(629,2267) [filtered=1242]
cnt=2 s0=PALM(4224,1822)* s1=PALM(629,2267) [filtered=1243]
cnt=2 s0=PALM(4224,1822)* s1=PALM(629,2267) [filtered=1244]
cnt=2 s0=PALM(4224,1823)* s1=PALM(633,2265) [filtered=1245]
cnt=2 s0=PALM(4224,1823)* s1=PALM(636,2264) [filtered=1246]
cnt=2 s0=PALM(4223,1824)* s1=PALM(644,2261) [filtered=1247]
cnt=2 s0=PALM(4223,1824)* s1=PALM(652,2259) [filtered=1248]
cnt=2 s0=PALM(4223,1825)* s1=PALM(664,2255) [filtered=1249]
click: x=2381 -> zone=0x112
cnt=2 s0=PALM(4223,1825)* s1=PALM(675,2252) [filtered=1250]
cnt=2 s0=PALM(4222,1826)* s1=PALM(688,2248) [filtered=1251]
cnt=2 s0=PALM(4222,1827)* s1=PALM(700,2245) [filtered=1252]
cnt=3 s0=PALM(4221,1829)* s1=PALM(712,2242) s2=fng (1919,303) [filtered=1253]
cnt=3 s0=PALM(4221,1830)* s1=fng (724,2240) s2=fng (1919,303) [filtered=1254]
cnt=3 s0=PALM(4221,1832)* s1=fng (736,2237) s2=fng (1919,303) [filtered=1255]
cnt=3 s0=PALM(4221,1833)* s1=fng (748,2235) s2=fng (1919,303) [filtered=1256]
cnt=3 s0=PALM(4220,1835)* s1=fng (758,2233) s2=fng (1920,303) [filtered=1257]
cnt=3 s0=PALM(4220,1836)* s1=fng (768,2231) s2=fng (1920,303) [filtered=1258]
cnt=3 s0=PALM(4220,1839)* s1=fng (777,2229) s2=fng (1920,303) [filtered=1259]
cnt=3 s0=PALM(4220,1841)* s1=fng (786,2227) s2=fng (1920,303) [filtered=1260]
cnt=3 s0=PALM(4220,1843)* s1=fng (795,2225) s2=fng (1920,303) [filtered=1261]
cnt=3 s0=PALM(4220,1845)* s1=fng (803,2224) s2=fng (1919,303) [filtered=1262]
cnt=3 s0=PALM(4220,1847)* s1=fng (811,2223) s2=fng (1919,303) [filtered=1263]
cnt=3 s0=PALM(4220,1849)* s1=fng (817,2223) s2=fng (1918,302) [filtered=1264]
cnt=3 s0=PALM(4220,1851)* s1=fng (821,2224) s2=fng (1915,301) [filtered=1265]
cnt=3 s0=PALM(4220,1853)* s1=fng (825,2224) s2=fng (1913,300) [filtered=1266]
cnt=3 s0=PALM(4220,1855)* s1=fng (827,2224) s2=fng (1908,298) [filtered=1267]
cnt=3 s0=PALM(4220,1857)* s1=fng (829,2224) s2=fng (1904,297) [filtered=1268]
cnt=3 s0=PALM(4221,1861) s1=fng (829,2224) s2=fng (1896,294) [filtered=1269]
cnt=3 s0=PALM(4221,1864) s1=fng (829,2224) s2=fng (1889,292) [filtered=1270]
cnt=3 s0=PALM(4223,1869) s1=fng (825,2224) s2=fng (1877,288) [filtered=1271]
cnt=3 s0=PALM(4224,1873) s1=fng (821,2224) s2=fng (1866,285) [filtered=1272]
cnt=3 s0=PALM(4226,1879) s1=fng (814,2223) s2=fng (1850,280) [filtered=1273]
cnt=3 s0=PALM(4227,1884) s1=fng (807,2223) s2=fng (1835,276) [filtered=1274]
cnt=3 s0=PALM(4230,1890) s1=fng (798,2222) s2=fng (1816,272) [filtered=1275]
cnt=3 s0=PALM(4232,1896) s1=fng (789,2221) s2=fng (1798,268) [filtered=1276]
cnt=3 s0=PALM(4234,1902) s1=fng (778,2219) s2=fng (1775,264) [filtered=1277]
cnt=3 s0=PALM(4236,1908) s1=fng (767,2218) s2=fng (1753,260) [filtered=1278]
cnt=3 s0=PALM(4239,1914) s1=fng (754,2215) s2=fng (1730,256) [filtered=1279]
cnt=3 s0=PALM(4241,1920) s1=fng (742,2213) s2=fng (1707,252) [filtered=1280]
cnt=3 s0=PALM(4244,1925) s1=fng (728,2210) s2=fng (1683,248) [filtered=1281]
cnt=3 s0=PALM(4246,1930) s1=fng (715,2208) s2=fng (1659,244) [filtered=1282]
cnt=3 s0=PALM(4250,1935) s1=PALM(699,2204) s2=fng (1635,240) [filtered=1283]
cnt=3 s0=PALM(4253,1940) s1=PALM(684,2201) s2=fng (1611,236) [filtered=1284]
cnt=3 s0=PALM(4257,1945) s1=PALM(668,2197) s2=fng (1587,232) [filtered=1285]
cnt=3 s0=PALM(4262,1949) s1=PALM(651,2193) s2=fng (1562,228) [filtered=1286]
cnt=3 s0=PALM(4266,1953) s1=PALM(635,2190) s2=fng (1537,224) [filtered=1287]
cnt=3 s0=PALM(4270,1957) s1=PALM(619,2186) s2=fng (1512,221) [filtered=1288]
cnt=3 s0=PALM(4274,1961) s1=PALM(603,2183) s2=fng (1487,218) [filtered=1289]
cnt=3 s0=PALM(4278,1964) s1=PALM(588,2180) s2=fng (1461,215) [filtered=1290]
cnt=3 s0=PALM(4282,1967) s1=PALM(574,2177) s2=fng (1435,212) [filtered=1291]
cnt=3 s0=PALM(4286,1969) s1=PALM(559,2174) s2=fng (1409,209) [filtered=1292]
cnt=3 s0=PALM(4290,1971) s1=PALM(545,2171) s2=fng (1383,206) [filtered=1293]
cnt=3 s0=PALM(4294,1973) s1=PALM(531,2168) s2=fng (1358,204) [filtered=1294]
cnt=3 s0=PALM(4298,1975) s1=PALM(516,2166) s2=fng (1333,204) [filtered=1295]
cnt=3 s0=PALM(4302,1977) s1=PALM(502,2164) s2=fng (1308,204) [filtered=1296]
cnt=3 s0=PALM(4306,1979) s1=PALM(489,2162) s2=fng (1286,204) [filtered=1297]
cnt=3 s0=PALM(4310,1981) s1=PALM(476,2160) s2=fng (1264,204) [filtered=1298]
cnt=3 s0=PALM(4313,1982) s1=PALM(464,2158) s2=fng (1246,204) [filtered=1299]
cnt=2 s0=PALM(4316,1983) s1=PALM(452,2155) [filtered=1300]
cnt=2 s0=PALM(4319,1984) s1=PALM(440,2153) [filtered=1301]
cnt=2 s0=PALM(4321,1984) s1=PALM(428,2151) [filtered=1302]
cnt=2 s0=PALM(4323,1984) s1=PALM(417,2150) [filtered=1303]
cnt=2 s0=PALM(4325,1984) s1=PALM(406,2150) [filtered=1304]
cnt=2 s0=PALM(4327,1984) s1=PALM(396,2149) [filtered=1305]
cnt=2 s0=PALM(4328,1984) s1=PALM(386,2148) [filtered=1306]
cnt=2 s0=PALM(4329,1984) s1=PALM(376,2147) [filtered=1307]
cnt=2 s0=PALM(4330,1984) s1=PALM(368,2146) [filtered=1308]
cnt=2 s0=PALM(4330,1984) s1=PALM(361,2144) [filtered=1309]
cnt=2 s0=PALM(4330,1984) s1=PALM(354,2143) [filtered=1310]
cnt=2 s0=PALM(4330,1984) s1=PALM(348,2142) [filtered=1311]
cnt=2 s0=PALM(4330,1984) s1=PALM(342,2142) [filtered=1312]
cnt=2 s0=PALM(4330,1984) s1=PALM(338,2141) [filtered=1313]
cnt=2 s0=PALM(4330,1984) s1=PALM(334,2139) [filtered=1314]
cnt=2 s0=PALM(4330,1984) s1=PALM(330,2138) [filtered=1315]
cnt=2 s0=PALM(4330,1984) s1=PALM(327,2137) [filtered=1316]
cnt=2 s0=PALM(4330,1984) s1=PALM(325,2136) [filtered=1317]
cnt=2 s0=PALM(4330,1984) s1=PALM(323,2136) [filtered=1318]
cnt=2 s0=PALM(4330,1984) s1=PALM(321,2135) [filtered=1319]
cnt=2 s0=PALM(4330,1984) s1=PALM(320,2134) [filtered=1320]
cnt=2 s0=PALM(4330,1984)* s1=PALM(319,2134) [filtered=1321]
cnt=2 s0=PALM(4330,1984)* s1=PALM(319,2133) [filtered=1322]
cnt=2 s0=PALM(4330,1984)* s1=PALM(319,2132) [filtered=1323]
cnt=2 s0=PALM(4330,1984)* s1=PALM(319,2131) [filtered=1324]
cnt=2 s0=PALM(4330,1984)* s1=PALM(319,2130) [filtered=1325]
cnt=2 s0=PALM(4330,1984)* s1=PALM(319,2130) [filtered=1326]
cnt=2 s0=PALM(4330,1984)* s1=PALM(319,2129) [filtered=1327]
cnt=2 s0=PALM(4330,1984)* s1=PALM(319,2129) [filtered=1328]
cnt=2 s0=PALM(4330,1984)* s1=PALM(319,2128) [filtered=1329]
cnt=2 s0=PALM(4330,1984)* s1=PALM(319,2128) [filtered=1330]
cnt=2 s0=PALM(4330,1984)* s1=PALM(319,2128) [filtered=1331]
cnt=2 s0=PALM(4330,1984)* s1=PALM(319,2128) [filtered=1332]
cnt=2 s0=PALM(4330,1984)* s1=PALM(319,2128) [filtered=1333]
cnt=2 s0=PALM(4330,1984)* s1=PALM(319,2128) [filtered=1334]
cnt=2 s0=PALM(4330,1984)* s1=PALM(319,2128) [filtered=1335]
cnt=2 s0=PALM(4330,1984)* s1=PALM(319,2128)* [filtered=1336]
cnt=2 s0=PALM(4330,1984)* s1=PALM(319,2128)* [filtered=1337]
cnt=2 s0=PALM(4330,1984)* s1=PALM(319,2128)* [filtered=1338]
cnt=2 s0=PALM(4330,1984)* s1=PALM(319,2128)* [filtered=1339]
cnt=2 s0=PALM(4330,1984)* s1=PALM(319,2128)* [filtered=1340]
cnt=2 s0=PALM(4330,1984)* s1=PALM(319,2128)* [filtered=1341]
cnt=2 s0=PALM(4330,1984)* s1=PALM(319,2128)* [filtered=1342]
cnt=2 s0=PALM(4330,1984)* s1=PALM(319,2128)* [filtered=1343]
cnt=2 s0=PALM(4330,1984)* s1=PALM(319,2128)* [filtered=1344]
cnt=2 s0=PALM(4330,1984)* s1=PALM(319,2128)* [filtered=1345]
cnt=2 s0=PALM(4330,1984)* s1=PALM(319,2127)* [filtered=1346]
cnt=2 s0=PALM(4330,1984)* s1=PALM(319,2127)* [filtered=1347]
cnt=2 s0=PALM(4329,1984)* s1=PALM(319,2127)* [filtered=1348]
cnt=2 s0=PALM(4329,1984)* s1=PALM(319,2126)* [filtered=1349]
cnt=2 s0=PALM(4329,1984)* s1=PALM(319,2125)* [filtered=1350]
cnt=2 s0=PALM(4329,1984)* s1=PALM(319,2124)* [filtered=1351]
cnt=2 s0=PALM(4329,1984)* s1=PALM(319,2123)* [filtered=1352]
cnt=2 s0=PALM(4329,1984)* s1=PALM(319,2122)* [filtered=1353]
cnt=2 s0=PALM(4329,1984)* s1=PALM(319,2120)* [filtered=1354]
cnt=2 s0=PALM(4329,1984)* s1=PALM(319,2118)* [filtered=1355]
cnt=2 s0=PALM(4329,1984)* s1=PALM(319,2117)* [filtered=1356]
cnt=2 s0=PALM(4328,1984)* s1=PALM(322,2114) [filtered=1357]
cnt=2 s0=PALM(4327,1984)* s1=PALM(326,2110) [filtered=1358]
cnt=2 s0=PALM(4327,1984)* s1=PALM(330,2107) [filtered=1359]
cnt=2 s0=PALM(4326,1984)* s1=PALM(335,2103) [filtered=1360]
cnt=2 s0=PALM(4325,1984)* s1=PALM(339,2098) [filtered=1361]
cnt=2 s0=PALM(4324,1984)* s1=PALM(342,2093) [filtered=1362]
cnt=2 s0=PALM(4323,1984)* s1=PALM(345,2088) [filtered=1363]
cnt=2 s0=PALM(4321,1984)* s1=PALM(349,2082) [filtered=1364]
cnt=2 s0=PALM(4320,1984)* s1=PALM(352,2076) [filtered=1365]
cnt=2 s0=PALM(4319,1984)* s1=PALM(356,2070) [filtered=1366]
cnt=2 s0=PALM(4317,1981) s1=PALM(361,2063) [filtered=1367]
cnt=2 s0=PALM(4316,1978) s1=PALM(366,2057) [filtered=1368]
cnt=2 s0=PALM(4314,1975) s1=PALM(371,2050) [filtered=1369]
cnt=2 s0=PALM(4313,1972) s1=PALM(375,2044) [filtered=1370]
cnt=2 s0=PALM(4310,1969) s1=PALM(380,2037) [filtered=1371]
cnt=2 s0=PALM(4308,1966) s1=PALM(384,2031) [filtered=1372]
cnt=2 s0=PALM(4305,1963) s1=PALM(388,2024) [filtered=1373]
cnt=2 s0=PALM(4303,1961) s1=PALM(392,2017) [filtered=1374]
cnt=2 s0=PALM(4299,1959) s1=PALM(397,2010) [filtered=1375]
cnt=2 s0=PALM(4296,1958) s1=PALM(402,2003) [filtered=1376]
cnt=2 s0=PALM(4292,1956) s1=PALM(407,1995) [filtered=1377]
cnt=2 s0=PALM(4289,1955) s1=PALM(412,1987) [filtered=1378]
cnt=2 s0=PALM(4285,1952) s1=PALM(417,1979) [filtered=1379]
cnt=2 s0=PALM(4281,1950) s1=PALM(422,1971) [filtered=1380]
cnt=2 s0=PALM(4277,1948) s1=PALM(427,1963) [filtered=1381]
cnt=2 s0=PALM(4273,1946) s1=PALM(432,1955) [filtered=1382]
cnt=2 s0=PALM(4269,1944) s1=PALM(437,1947) [filtered=1383]
cnt=2 s0=PALM(4265,1942) s1=PALM(442,1939) [filtered=1384]
cnt=2 s0=PALM(4261,1940) s1=PALM(447,1931) [filtered=1385]
cnt=2 s0=PALM(4257,1938) s1=PALM(452,1923) [filtered=1386]
cnt=2 s0=PALM(4252,1936) s1=PALM(456,1915) [filtered=1387]
cnt=2 s0=PALM(4247,1934) s1=PALM(460,1907) [filtered=1388]
cnt=2 s0=PALM(4242,1932) s1=PALM(464,1900) [filtered=1389]
cnt=2 s0=PALM(4237,1930) s1=PALM(468,1893) [filtered=1390]
cnt=2 s0=PALM(4233,1928) s1=PALM(472,1886) [filtered=1391]
cnt=2 s0=PALM(4229,1926) s1=PALM(475,1880) [filtered=1392]
cnt=2 s0=PALM(4225,1924) s1=PALM(478,1874) [filtered=1393]
cnt=2 s0=PALM(4221,1922) s1=PALM(480,1868) [filtered=1394]
cnt=2 s0=PALM(4217,1920) s1=PALM(482,1862) [filtered=1395]
cnt=2 s0=PALM(4214,1918) s1=PALM(484,1857) [filtered=1396]
cnt=2 s0=PALM(4211,1916) s1=PALM(486,1852) [filtered=1397]
cnt=2 s0=PALM(4209,1915) s1=PALM(488,1848) [filtered=1398]
cnt=2 s0=PALM(4207,1914) s1=PALM(490,1844) [filtered=1399]
cnt=2 s0=PALM(4205,1914) s1=PALM(491,1841) [filtered=1400]
cnt=2 s0=PALM(4203,1914) s1=PALM(492,1838) [filtered=1401]
cnt=2 s0=PALM(4201,1913) s1=PALM(492,1836) [filtered=1402]
cnt=2 s0=PALM(4199,1913) s1=PALM(492,1834) [filtered=1403]
cnt=2 s0=PALM(4198,1912) s1=PALM(492,1832) [filtered=1404]
cnt=2 s0=PALM(4197,1911) s1=PALM(492,1830) [filtered=1405]
cnt=2 s0=PALM(4197,1910) s1=PALM(492,1829) [filtered=1406]
cnt=2 s0=PALM(4197,1909) s1=PALM(492,1828) [filtered=1407]
cnt=2 s0=PALM(4197,1908) s1=PALM(489,1828) [filtered=1408]
cnt=2 s0=PALM(4197,1908) s1=PALM(486,1828) [filtered=1409]
cnt=2 s0=PALM(4197,1908) s1=PALM(483,1828) [filtered=1410]
cnt=2 s0=PALM(4197,1908) s1=PALM(480,1828) [filtered=1411]
cnt=2 s0=PALM(4197,1908) s1=PALM(477,1828) [filtered=1412]
cnt=2 s0=PALM(4200,1908) s1=PALM(474,1828) [filtered=1413]
cnt=2 s0=PALM(4203,1908) s1=PALM(471,1828) [filtered=1414]
cnt=2 s0=PALM(4206,1908) s1=PALM(468,1828) [filtered=1415]
cnt=2 s0=PALM(4210,1908) s1=PALM(465,1828) [filtered=1416]
cnt=2 s0=PALM(4212,1908) s1=PALM(464,1828) [filtered=1417]
cnt=2 s0=PALM(4215,1908) s1=PALM(462,1828) [filtered=1418]
cnt=2 s0=PALM(4217,1908) s1=PALM(461,1828) [filtered=1419]
cnt=2 s0=PALM(4220,1908) s1=PALM(460,1828) [filtered=1420]
cnt=2 s0=PALM(4223,1908) s1=PALM(458,1828)* [filtered=1421]
cnt=2 s0=PALM(4225,1908) s1=PALM(457,1828)* [filtered=1422]
cnt=2 s0=PALM(4228,1908) s1=PALM(455,1831) [filtered=1423]
cnt=2 s0=PALM(4230,1908) s1=PALM(454,1834) [filtered=1424]
cnt=2 s0=PALM(4233,1909) s1=PALM(451,1837) [filtered=1425]
cnt=2 s0=PALM(4235,1909) s1=PALM(449,1840) [filtered=1426]
cnt=2 s0=PALM(4238,1909) s1=PALM(446,1844) [filtered=1427]
cnt=2 s0=PALM(4240,1909) s1=PALM(444,1848) [filtered=1428]
cnt=2 s0=PALM(4243,1909) s1=PALM(440,1852) [filtered=1429]
cnt=2 s0=PALM(4247,1909) s1=PALM(436,1857) [filtered=1430]
cnt=2 s0=PALM(4250,1909) s1=PALM(433,1862) [filtered=1431]
cnt=2 s0=PALM(4254,1909) s1=PALM(429,1867) [filtered=1432]
cnt=2 s0=PALM(4258,1909) s1=PALM(425,1872) [filtered=1433]
cnt=2 s0=PALM(4262,1909) s1=PALM(422,1877) [filtered=1434]
cnt=2 s0=PALM(4267,1908) s1=PALM(418,1883) [filtered=1435]
cnt=2 s0=PALM(4272,1908) s1=PALM(414,1889) [filtered=1436]
cnt=2 s0=PALM(4276,1908) s1=PALM(411,1895) [filtered=1437]
cnt=2 s0=PALM(4281,1907) s1=PALM(407,1901) [filtered=1438]
cnt=2 s0=PALM(4286,1906) s1=PALM(403,1907) [filtered=1439]
cnt=2 s0=PALM(4290,1906) s1=PALM(400,1913) [filtered=1440]
cnt=2 s0=PALM(4295,1905) s1=PALM(397,1918) [filtered=1441]
cnt=2 s0=PALM(4300,1903) s1=PALM(394,1923) [filtered=1442]
cnt=2 s0=PALM(4305,1902) s1=PALM(392,1927) [filtered=1443]
cnt=2 s0=PALM(4310,1901) s1=PALM(389,1932) [filtered=1444]
cnt=2 s0=PALM(4315,1899) s1=PALM(386,1937) [filtered=1445]
cnt=2 s0=PALM(4319,1898) s1=PALM(384,1941) [filtered=1446]
cnt=2 s0=PALM(4324,1896) s1=PALM(381,1945) [filtered=1447]
cnt=2 s0=PALM(4329,1894) s1=PALM(378,1949) [filtered=1448]
cnt=2 s0=PALM(4334,1893) s1=PALM(376,1952) [filtered=1449]
cnt=2 s0=PALM(4339,1891) s1=PALM(374,1956) [filtered=1450]
cnt=2 s0=PALM(4343,1890) s1=PALM(372,1959) [filtered=1451]
cnt=2 s0=PALM(4347,1887) s1=PALM(370,1962) [filtered=1452]
cnt=2 s0=PALM(4352,1884) s1=PALM(367,1966) [filtered=1453]
cnt=2 s0=PALM(4356,1882) s1=PALM(365,1969) [filtered=1454]
cnt=2 s0=PALM(4359,1879) s1=PALM(364,1972) [filtered=1455]
cnt=2 s0=PALM(4363,1876) s1=PALM(362,1976) [filtered=1456]
cnt=2 s0=PALM(4366,1874) s1=PALM(361,1979) [filtered=1457]
cnt=2 s0=PALM(4370,1871) s1=PALM(359,1982) [filtered=1458]
cnt=2 s0=PALM(4374,1868) s1=PALM(357,1985) [filtered=1459]
cnt=2 s0=PALM(4377,1866) s1=PALM(356,1987) [filtered=1460]
cnt=2 s0=PALM(4379,1863) s1=PALM(354,1990) [filtered=1461]
cnt=2 s0=PALM(4382,1860) s1=PALM(352,1993) [filtered=1462]
cnt=2 s0=PALM(4384,1858) s1=PALM(351,1995) [filtered=1463]
cnt=2 s0=PALM(4386,1856) s1=PALM(350,1998) [filtered=1464]
cnt=2 s0=PALM(4389,1854) s1=PALM(348,2001) [filtered=1465]
cnt=2 s0=PALM(4391,1852) s1=PALM(347,2003) [filtered=1466]
cnt=2 s0=PALM(4392,1850) s1=PALM(346,2005) [filtered=1467]
cnt=2 s0=PALM(4394,1849) s1=PALM(345,2007) [filtered=1468]
cnt=2 s0=PALM(4395,1848) s1=PALM(345,2008) [filtered=1469]
cnt=2 s0=PALM(4396,1847) s1=PALM(344,2010) [filtered=1470]
cnt=2 s0=PALM(4396,1846) s1=PALM(344,2011) [filtered=1471]
cnt=2 s0=PALM(4396,1845) s1=PALM(344,2012) [filtered=1472]
cnt=2 s0=PALM(4396,1844) s1=PALM(344,2013) [filtered=1473]
cnt=2 s0=PALM(4396,1843) s1=PALM(344,2014) [filtered=1474]
cnt=2 s0=PALM(4396,1842) s1=PALM(344,2015) [filtered=1475]
cnt=2 s0=PALM(4396,1841) s1=PALM(344,2016) [filtered=1476]
cnt=2 s0=PALM(4396,1841) s1=PALM(344,2017) [filtered=1477]
cnt=2 s0=PALM(4395,1841) s1=PALM(344,2018) [filtered=1478]
cnt=2 s0=PALM(4394,1841) s1=PALM(345,2018) [filtered=1479]
cnt=2 s0=PALM(4394,1841) s1=PALM(345,2018) [filtered=1480]
cnt=2 s0=PALM(4393,1841) s1=PALM(346,2019) [filtered=1481]
cnt=2 s0=PALM(4392,1841) s1=PALM(346,2019) [filtered=1482]
cnt=2 s0=PALM(4391,1841) s1=PALM(346,2019) [filtered=1483]
cnt=2 s0=PALM(4390,1841) s1=PALM(347,2019) [filtered=1484]
cnt=2 s0=PALM(4388,1841) s1=PALM(348,2019)* [filtered=1485]
cnt=2 s0=PALM(4387,1841)* s1=PALM(348,2019)* [filtered=1486]
cnt=2 s0=PALM(4385,1841)* s1=PALM(349,2019)* [filtered=1487]
cnt=2 s0=PALM(4381,1842) s1=PALM(350,2019)* [filtered=1488]
cnt=2 s0=PALM(4379,1842) s1=PALM(351,2019)* [filtered=1489]
cnt=2 s0=PALM(4376,1843) s1=PALM(352,2020)* [filtered=1490]
cnt=2 s0=PALM(4374,1843) s1=PALM(352,2020)* [filtered=1491]
cnt=2 s0=PALM(4369,1844) s1=PALM(353,2021)* [filtered=1492]
cnt=2 s0=PALM(4365,1845) s1=PALM(353,2021)* [filtered=1493]
cnt=2 s0=PALM(4360,1847) s1=PALM(354,2021)* [filtered=1494]
cnt=2 s0=PALM(4354,1850) s1=PALM(355,2021)* [filtered=1495]
cnt=2 s0=PALM(4349,1852) s1=PALM(355,2021)* [filtered=1496]
cnt=2 s0=PALM(4342,1855) s1=PALM(356,2021)* [filtered=1497]
cnt=2 s0=PALM(4336,1857) s1=PALM(356,2021)* [filtered=1498]
cnt=2 s0=PALM(4329,1859) s1=PALM(357,2021)* [filtered=1499]
cnt=2 s0=PALM(4323,1861) s1=PALM(358,2021)* [filtered=1500]
cnt=2 s0=PALM(4316,1865) s1=PALM(359,2021)* [filtered=1501]
cnt=2 s0=PALM(4309,1868) s1=PALM(360,2021)* [filtered=1502]
cnt=2 s0=PALM(4301,1872) s1=PALM(361,2021)* [filtered=1503]
cnt=2 s0=PALM(4293,1875) s1=PALM(361,2021)* [filtered=1504]
cnt=2 s0=PALM(4285,1879) s1=PALM(363,2021)* [filtered=1505]
cnt=2 s0=PALM(4277,1884) s1=PALM(365,2021)* [filtered=1506]
cnt=2 s0=PALM(4269,1888) s1=PALM(366,2021)* [filtered=1507]
cnt=2 s0=PALM(4261,1893) s1=PALM(368,2022)* [filtered=1508]
cnt=2 s0=PALM(4253,1897) s1=PALM(369,2022)* [filtered=1509]
cnt=2 s0=PALM(4245,1901) s1=PALM(371,2022)* [filtered=1510]
cnt=2 s0=PALM(4237,1905) s1=PALM(372,2022)* [filtered=1511]
cnt=2 s0=PALM(4229,1909) s1=PALM(374,2023)* [filtered=1512]
cnt=2 s0=PALM(4221,1913) s1=PALM(375,2023)* [filtered=1513]
cnt=2 s0=PALM(4213,1917) s1=PALM(378,2024) [filtered=1514]
cnt=2 s0=PALM(4205,1921) s1=PALM(380,2025) [filtered=1515]
cnt=2 s0=PALM(4198,1925) s1=PALM(382,2027) [filtered=1516]
cnt=2 s0=PALM(4191,1929) s1=PALM(384,2028) [filtered=1517]
cnt=2 s0=PALM(4184,1933) s1=PALM(387,2031) [filtered=1518]
cnt=2 s0=PALM(4177,1937) s1=PALM(389,2033) [filtered=1519]
cnt=2 s0=PALM(4171,1941) s1=PALM(393,2036) [filtered=1520]
cnt=2 s0=PALM(4165,1945) s1=PALM(396,2038) [filtered=1521]
cnt=2 s0=PALM(4159,1949) s1=PALM(399,2043) [filtered=1522]
cnt=2 s0=PALM(4153,1953) s1=PALM(402,2047) [filtered=1523]
cnt=2 s0=PALM(4147,1957) s1=PALM(406,2053) [filtered=1524]
cnt=2 s0=PALM(4141,1961) s1=PALM(410,2058) [filtered=1525]
cnt=2 s0=PALM(4135,1965) s1=PALM(414,2064) [filtered=1526]
cnt=2 s0=PALM(4129,1969) s1=PALM(418,2070) [filtered=1527]
cnt=2 s0=PALM(4124,1973) s1=PALM(422,2079) [filtered=1528]
cnt=2 s0=PALM(4119,1977) s1=PALM(426,2087) [filtered=1529]
cnt=2 s0=PALM(4115,1981) s1=PALM(431,2097) [filtered=1530]
cnt=2 s0=PALM(4111,1985) s1=PALM(436,2107) [filtered=1531]
cnt=2 s0=PALM(4107,1989) s1=PALM(441,2117) [filtered=1532]
cnt=2 s0=PALM(4103,1993) s1=PALM(446,2127) [filtered=1533]
cnt=2 s0=PALM(4100,1997) s1=PALM(452,2138) [filtered=1534]
cnt=2 s0=PALM(4097,2001) s1=PALM(458,2149) [filtered=1535]
cnt=2 s0=PALM(4094,2005) s1=PALM(464,2161) [filtered=1536]
cnt=2 s0=PALM(4091,2009) s1=PALM(470,2173) [filtered=1537]
cnt=2 s0=PALM(4089,2013) s1=PALM(476,2185) [filtered=1538]
cnt=2 s0=PALM(4087,2017) s1=PALM(482,2197) [filtered=1539]
cnt=2 s0=PALM(4085,2021) s1=PALM(488,2210) [filtered=1540]
cnt=2 s0=PALM(4083,2025) s1=PALM(494,2223) [filtered=1541]
cnt=2 s0=PALM(4082,2029) s1=PALM(501,2237) [filtered=1542]
cnt=2 s0=PALM(4081,2033) s1=PALM(508,2251) [filtered=1543]
cnt=2 s0=PALM(4080,2037) s1=PALM(515,2265) [filtered=1544]
cnt=2 s0=PALM(4080,2041) s1=PALM(522,2279) [filtered=1545]
cnt=2 s0=PALM(4080,2045) s1=PALM(529,2293) [filtered=1546]
cnt=2 s0=PALM(4080,2050) s1=PALM(536,2307) [filtered=1547]
cnt=2 s0=PALM(4080,2055) s1=PALM(543,2321) [filtered=1548]
cnt=2 s0=PALM(4080,2061) s1=PALM(550,2335) [filtered=1549]
cnt=2 s0=PALM(4080,2068) s1=PALM(557,2349) [filtered=1550]
cnt=2 s0=PALM(4080,2075) s1=PALM(564,2363) [filtered=1551]
cnt=2 s0=PALM(4080,2083) s1=PALM(571,2377) [filtered=1552]
cnt=2 s0=PALM(4080,2091) s1=PALM(578,2391) [filtered=1553]
cnt=2 s0=PALM(4080,2099) s1=PALM(584,2404) [filtered=1554]
cnt=2 s0=PALM(4080,2107) s1=PALM(590,2417) [filtered=1555]
cnt=2 s0=PALM(4080,2116) s1=PALM(596,2429) [filtered=1556]
cnt=2 s0=PALM(4080,2125) s1=PALM(602,2441) [filtered=1557]
cnt=2 s0=PALM(4080,2135) s1=PALM(608,2453) [filtered=1558]
cnt=2 s0=PALM(4080,2145) s1=PALM(614,2465) [filtered=1559]
cnt=2 s0=PALM(4080,2156) s1=PALM(619,2476) [filtered=1560]
cnt=2 s0=PALM(4083,2168) s1=PALM(623,2486) [filtered=1561]
cnt=2 s0=PALM(4086,2180) s1=PALM(627,2496) [filtered=1562]
cnt=2 s0=PALM(4089,2192) s1=PALM(631,2504) [filtered=1563]
cnt=2 s0=PALM(4092,2204) s1=PALM(635,2512) [filtered=1564]
cnt=2 s0=PALM(4096,2216) s1=PALM(639,2519) [filtered=1565]
cnt=2 s0=PALM(4101,2227) s1=PALM(642,2525) [filtered=1566]
cnt=2 s0=PALM(4106,2238) s1=PALM(645,2531) [filtered=1567]
cnt=2 s0=PALM(4111,2248) s1=PALM(647,2536) [filtered=1568]
cnt=2 s0=PALM(4116,2258) s1=PALM(649,2541) [filtered=1569]
cnt=2 s0=PALM(4121,2268) s1=PALM(651,2545) [filtered=1570]
cnt=2 s0=PALM(4126,2277) s1=PALM(652,2549) [filtered=1571]
cnt=2 s0=PALM(4131,2286) s1=PALM(653,2553) [filtered=1572]
cnt=2 s0=PALM(4136,2294) s1=PALM(653,2556) [filtered=1573]
cnt=2 s0=PALM(4141,2300) s1=PALM(653,2559) [filtered=1574]
cnt=2 s0=PALM(4146,2306) s1=PALM(653,2562) [filtered=1575]
cnt=2 s0=PALM(4151,2312) s1=PALM(653,2564) [filtered=1576]
cnt=2 s0=PALM(4155,2318) s1=PALM(653,2566) [filtered=1577]
cnt=2 s0=PALM(4159,2323) s1=PALM(653,2568) [filtered=1578]
cnt=2 s0=PALM(4163,2327) s1=PALM(653,2570) [filtered=1579]
cnt=2 s0=PALM(4165,2331) s1=PALM(653,2572) [filtered=1580]
cnt=2 s0=PALM(4168,2334) s1=PALM(653,2573) [filtered=1581]
cnt=2 s0=PALM(4170,2337) s1=PALM(653,2574) [filtered=1582]
cnt=2 s0=PALM(4173,2339) s1=PALM(653,2574) [filtered=1583]
cnt=2 s0=PALM(4176,2340) s1=PALM(653,2574) [filtered=1584]
cnt=2 s0=PALM(4179,2341) s1=PALM(653,2574) [filtered=1585]
cnt=2 s0=PALM(4182,2341) s1=PALM(653,2571) [filtered=1586]
cnt=2 s0=PALM(4184,2341) s1=PALM(653,2568) [filtered=1587]
cnt=2 s0=PALM(4187,2337) s1=PALM(653,2564) [filtered=1588]
cnt=2 s0=PALM(4190,2332) s1=PALM(653,2559) [filtered=1589]
cnt=2 s0=PALM(4192,2327) s1=PALM(653,2554) [filtered=1590]
cnt=2 s0=PALM(4195,2320) s1=PALM(650,2547) [filtered=1591]
cnt=2 s0=PALM(4197,2313) s1=PALM(647,2540) [filtered=1592]
cnt=2 s0=PALM(4199,2304) s1=PALM(643,2531) [filtered=1593]
cnt=2 s0=PALM(4202,2293) s1=PALM(639,2520) [filtered=1594]
cnt=2 s0=PALM(4204,2283) s1=PALM(635,2509) [filtered=1595]
cnt=2 s0=PALM(4206,2271) s1=PALM(630,2496) [filtered=1596]
cnt=2 s0=PALM(4209,2257) s1=PALM(625,2480) [filtered=1597]
cnt=2 s0=PALM(4211,2243) s1=PALM(620,2464) [filtered=1598]
cnt=2 s0=PALM(4214,2227) s1=PALM(614,2445) [filtered=1599]
cnt=2 s0=PALM(4216,2212) s1=PALM(610,2427) [filtered=1600]
cnt=2 s0=PALM(4218,2197) s1=PALM(604,2407) [filtered=1601]
cnt=2 s0=PALM(4220,2182) s1=PALM(599,2387) [filtered=1602]
cnt=2 s0=PALM(4222,2166) s1=PALM(594,2365) [filtered=1603]
cnt=2 s0=PALM(4225,2149) s1=PALM(589,2341) [filtered=1604]
cnt=2 s0=PALM(4227,2132) s1=PALM(584,2318) [filtered=1605]
cnt=2 s0=PALM(4229,2115) s1=PALM(579,2293) [filtered=1606]
cnt=2 s0=PALM(4231,2099) s1=PALM(575,2269) [filtered=1607]
cnt=2 s0=PALM(4232,2082) s1=PALM(570,2245) [filtered=1608]
cnt=2 s0=PALM(4231,2066) s1=PALM(566,2221) [filtered=1609]
cnt=2 s0=PALM(4232,2050) s1=PALM(563,2197) [filtered=1610]
cnt=2 s0=PALM(4232,2034) s1=PALM(560,2174) [filtered=1611]
cnt=2 s0=PALM(4232,2018) s1=PALM(558,2150) [filtered=1612]
cnt=2 s0=PALM(4232,2002) s1=PALM(556,2127) [filtered=1613]
cnt=2 s0=PALM(4231,1987) s1=PALM(554,2103) [filtered=1614]
cnt=2 s0=PALM(4231,1972) s1=PALM(552,2079) [filtered=1615]
cnt=2 s0=PALM(4230,1956) s1=PALM(551,2056) [filtered=1616]
cnt=2 s0=PALM(4229,1940) s1=PALM(550,2033) [filtered=1617]
cnt=2 s0=PALM(4227,1924) s1=PALM(550,2011) [filtered=1618]
cnt=2 s0=PALM(4223,1908) s1=PALM(550,1989) [filtered=1619]
cnt=2 s0=PALM(4221,1892) s1=PALM(550,1967) [filtered=1620]
cnt=2 s0=PALM(4217,1876) s1=PALM(553,1946) [filtered=1621]
cnt=2 s0=PALM(4214,1860) s1=PALM(555,1925) [filtered=1622]
cnt=2 s0=PALM(4209,1846) s1=PALM(558,1905) [filtered=1623]
cnt=2 s0=PALM(4205,1832) s1=PALM(559,1885) [filtered=1624]
cnt=2 s0=PALM(4199,1818) s1=PALM(562,1867) [filtered=1625]
cnt=2 s0=PALM(4192,1806) s1=PALM(567,1850) [filtered=1626]
cnt=2 s0=PALM(4185,1794) s1=PALM(571,1833) [filtered=1627]
cnt=2 s0=PALM(4177,1783) s1=PALM(576,1818) [filtered=1628]
cnt=2 s0=PALM(4170,1772) s1=PALM(580,1803) [filtered=1629]
cnt=2 s0=PALM(4161,1763) s1=PALM(586,1790) [filtered=1630]
cnt=2 s0=PALM(4153,1754) s1=PALM(591,1777) [filtered=1631]
cnt=2 s0=PALM(4145,1745) s1=PALM(596,1764) [filtered=1632]
cnt=2 s0=PALM(4137,1737) s1=PALM(602,1753) [filtered=1633]
cnt=2 s0=PALM(4129,1729) s1=PALM(608,1742) [filtered=1634]
cnt=2 s0=PALM(4121,1723) s1=PALM(615,1733) [filtered=1635]
cnt=2 s0=PALM(4113,1717) s1=PALM(622,1724) [filtered=1636]
cnt=2 s0=PALM(4104,1712) s1=PALM(630,1716) [filtered=1637]
cnt=2 s0=PALM(4095,1707) s1=PALM(638,1708) [filtered=1638]
cnt=2 s0=PALM(4085,1703) s1=PALM(648,1702) [filtered=1639]
cnt=2 s0=PALM(4075,1699) s1=PALM(658,1696) [filtered=1640]
cnt=2 s0=PALM(4065,1697) s1=PALM(669,1692) [filtered=1641]
cnt=2 s0=PALM(4055,1695) s1=PALM(680,1688) [filtered=1642]
cnt=2 s0=fng (4044,1694) s1=PALM(692,1685) [filtered=1643]
cnt=2 s0=fng (4033,1693) s1=PALM(704,1682) [filtered=1644]
cnt=2 s0=fng (4023,1693) s1=fng (718,1681) [filtered=1644]
cnt=2 s0=fng (4013,1693) s1=fng (732,1680) [filtered=1644]
cnt=2 s0=fng (4003,1696) s1=fng (746,1680) [filtered=1644]
cnt=2 s0=fng (3993,1699) s1=fng (760,1680) [filtered=1644]
cnt=2 s0=fng (3983,1703) s1=fng (775,1684) [filtered=1644]
cnt=2 s0=fng (3973,1707) s1=fng (790,1688) [filtered=1644]
cnt=2 s0=fng (3963,1712) s1=fng (806,1694) [filtered=1644]
cnt=2 s0=fng (3953,1718) s1=fng (823,1701) [filtered=1644]
cnt=2 s0=fng (3943,1724) s1=fng (840,1708) [filtered=1644]
cnt=2 s0=fng (3934,1731) s1=fng (857,1717) [filtered=1644]
cnt=2 s0=fng (3925,1738) s1=fng (874,1726) [filtered=1644]
cnt=2 s0=fng (3917,1745) s1=fng (890,1735) [filtered=1644]
cnt=2 s0=fng (3909,1752) s1=fng (906,1744) [filtered=1644]
cnt=2 s0=fng (3901,1760) s1=fng (920,1755) [filtered=1644]
cnt=2 s0=fng (3893,1768) s1=fng (934,1766) [filtered=1644]
cnt=2 s0=fng (3887,1777) s1=fng (946,1778) [filtered=1644]
cnt=2 s0=fng (3881,1786) s1=fng (958,1790) [filtered=1644]
cnt=2 s0=fng (3877,1796) s1=fng (969,1803) [filtered=1644]
cnt=2 s0=fng (3873,1806) s1=fng (980,1816) [filtered=1644]
cnt=2 s0=fng (3871,1817) s1=fng (989,1829) [filtered=1644]
cnt=2 s0=fng (3869,1828) s1=fng (998,1842) [filtered=1644]
cnt=2 s0=fng (3868,1839) s1=fng (1005,1856) [filtered=1644]
cnt=2 s0=fng (3867,1849) s1=fng (1012,1870) [filtered=1644]
cnt=2 s0=fng (3867,1859) s1=fng (1017,1885) [filtered=1644]
cnt=2 s0=fng (3867,1869) s1=fng (1022,1899) [filtered=1644]
cnt=2 s0=fng (3872,1881) s1=fng (1025,1915) [filtered=1644]
cnt=2 s0=fng (3877,1892) s1=fng (1028,1930) [filtered=1644]
cnt=2 s0=fng (3883,1904) s1=fng (1030,1946) [filtered=1644]
cnt=2 s0=fng (3889,1916) s1=fng (1032,1961) [filtered=1644]
cnt=2 s0=fng (3896,1929) s1=fng (1032,1977) [filtered=1644]
cnt=2 s0=fng (3903,1941) s1=fng (1032,1992) [filtered=1644]
cnt=2 s0=fng (3912,1954) s1=fng (1029,2006) [filtered=1644]
cnt=2 s0=fng (3921,1966) s1=fng (1026,2019) [filtered=1644]
cnt=2 s0=fng (3930,1978) s1=fng (1021,2034) [filtered=1644]
cnt=2 s0=fng (3939,1990) s1=fng (1016,2048) [filtered=1644]
cnt=2 s0=fng (3950,2003) s1=fng (1010,2063) [filtered=1644]
cnt=2 s0=fng (3961,2016) s1=fng (1004,2077) [filtered=1644]
cnt=2 s0=fng (3972,2029) s1=fng (997,2092) [filtered=1644]
cnt=2 s0=fng (3982,2042) s1=fng (990,2107) [filtered=1644]
cnt=2 s0=fng (3994,2056) s1=fng (981,2123) [filtered=1644]
cnt=2 s0=fng (4005,2070) s1=fng (972,2139) [filtered=1644]
cnt=2 s0=fng (4019,2084) s1=fng (961,2155) [filtered=1644]
cnt=2 s0=fng (4033,2098) s1=fng (948,2170) [filtered=1644]
cnt=2 s0=fng (4046,2112) s1=fng (935,2185) [filtered=1644]
cnt=2 s0=PALM(4060,2124) s1=fng (920,2199) [filtered=1645]
cnt=2 s0=PALM(4074,2136) s1=fng (905,2213) [filtered=1646]
cnt=2 s0=PALM(4089,2148) s1=fng (889,2226) [filtered=1647]
cnt=2 s0=PALM(4103,2160) s1=fng (873,2239) [filtered=1648]
cnt=2 s0=PALM(4118,2170) s1=fng (856,2251) [filtered=1649]
cnt=2 s0=PALM(4133,2179) s1=fng (838,2261) [filtered=1650]
cnt=2 s0=PALM(4147,2188) s1=fng (821,2271) [filtered=1651]
cnt=2 s0=PALM(4161,2196) s1=fng (803,2281) [filtered=1652]
cnt=2 s0=PALM(4174,2204) s1=fng (785,2291) [filtered=1653]
cnt=2 s0=PALM(4187,2210) s1=fng (766,2299) [filtered=1654]
cnt=2 s0=PALM(4200,2215) s1=fng (746,2306) [filtered=1655]
cnt=2 s0=PALM(4212,2220) s1=fng (727,2313) [filtered=1656]
cnt=2 s0=PALM(4224,2224) s1=PALM(707,2318) [filtered=1657]
cnt=2 s0=PALM(4236,2228) s1=PALM(688,2323) [filtered=1658]
cnt=2 s0=PALM(4248,2230) s1=PALM(669,2327) [filtered=1659]
cnt=2 s0=PALM(4259,2230) s1=PALM(649,2329) [filtered=1660]
cnt=2 s0=PALM(4270,2230) s1=PALM(630,2331) [filtered=1661]
cnt=2 s0=PALM(4280,2227) s1=PALM(611,2332) [filtered=1662]
cnt=2 s0=PALM(4288,2223) s1=PALM(593,2332) [filtered=1663]
cnt=2 s0=PALM(4296,2219) s1=PALM(576,2332) [filtered=1664]
cnt=2 s0=PALM(4302,2214) s1=PALM(561,2328) [filtered=1665]
cnt=2 s0=PALM(4308,2209) s1=PALM(546,2324) [filtered=1666]
cnt=2 s0=PALM(4314,2203) s1=PALM(531,2319) [filtered=1667]
cnt=2 s0=PALM(4319,2196) s1=PALM(516,2312) [filtered=1668]
cnt=2 s0=PALM(4324,2189) s1=PALM(502,2305) [filtered=1669]
cnt=2 s0=PALM(4329,2181) s1=PALM(487,2296) [filtered=1670]
cnt=2 s0=PALM(4334,2173) s1=PALM(473,2287) [filtered=1671]
cnt=2 s0=PALM(4339,2164) s1=PALM(458,2276) [filtered=1672]
cnt=2 s0=PALM(4343,2153) s1=PALM(443,2263) [filtered=1673]
cnt=2 s0=PALM(4347,2143) s1=PALM(429,2250) [filtered=1674]
cnt=2 s0=PALM(4351,2133) s1=PALM(416,2235) [filtered=1675]
cnt=2 s0=PALM(4355,2121) s1=PALM(403,2218) [filtered=1676]
cnt=2 s0=PALM(4359,2108) s1=PALM(390,2200) [filtered=1677]
cnt=2 s0=PALM(4363,2096) s1=PALM(378,2183) [filtered=1678]
cnt=2 s0=PALM(4366,2083) s1=PALM(365,2163) [filtered=1679]
cnt=2 s0=PALM(4369,2070) s1=PALM(353,2143) [filtered=1680]
cnt=2 s0=PALM(4372,2058) s1=PALM(342,2123) [filtered=1681]
cnt=2 s0=PALM(4374,2045) s1=PALM(332,2103) [filtered=1682]
cnt=2 s0=PALM(4375,2032) s1=PALM(322,2083) [filtered=1683]
cnt=2 s0=PALM(4375,2019) s1=PALM(312,2063) [filtered=1684]
cnt=2 s0=PALM(4375,2007) s1=PALM(303,2043) [filtered=1685]
cnt=2 s0=PALM(4375,1996) s1=PALM(296,2023) [filtered=1686]
cnt=2 s0=PALM(4375,1985) s1=PALM(290,2003) [filtered=1687]
cnt=2 s0=PALM(4375,1975) s1=PALM(284,1984) [filtered=1688]
cnt=2 s0=PALM(4375,1965) s1=PALM(278,1966) [filtered=1689]
cnt=2 s0=PALM(4375,1957) s1=PALM(273,1948) [filtered=1690]
cnt=2 s0=PALM(4375,1950) s1=PALM(268,1931) [filtered=1691]
cnt=2 s0=PALM(4372,1942) s1=PALM(264,1915) [filtered=1692]
cnt=2 s0=PALM(4368,1934) s1=PALM(261,1900) [filtered=1693]
cnt=2 s0=PALM(4363,1927) s1=PALM(258,1886) [filtered=1694]
cnt=2 s0=PALM(4358,1921) s1=PALM(255,1873) [filtered=1695]
cnt=2 s0=PALM(4353,1914) s1=PALM(254,1860) [filtered=1696]
cnt=2 s0=PALM(4348,1907) s1=PALM(254,1849) [filtered=1697]
cnt=2 s0=PALM(4344,1901) s1=PALM(254,1838) [filtered=1698]
cnt=2 s0=PALM(4339,1895) s1=PALM(254,1828) [filtered=1699]
cnt=2 s0=PALM(4335,1889) s1=PALM(254,1819) [filtered=1700]
cnt=2 s0=PALM(4330,1884) s1=PALM(254,1811) [filtered=1701]
cnt=2 s0=PALM(4326,1879) s1=PALM(254,1803) [filtered=1702]
cnt=2 s0=PALM(4321,1875) s1=PALM(257,1797) [filtered=1703]
cnt=2 s0=PALM(4314,1871) s1=PALM(261,1793) [filtered=1704]
cnt=2 s0=PALM(4308,1867) s1=PALM(265,1789) [filtered=1705]
cnt=2 s0=PALM(4301,1863) s1=PALM(269,1786) [filtered=1706]
cnt=2 s0=PALM(4295,1859) s1=PALM(271,1783) [filtered=1707]
cnt=2 s0=PALM(4287,1856) s1=PALM(274,1781) [filtered=1708]
cnt=2 s0=PALM(4280,1853) s1=PALM(276,1779) [filtered=1709]
cnt=2 s0=PALM(4272,1851) s1=PALM(280,1778) [filtered=1710]
cnt=2 s0=PALM(4263,1849) s1=PALM(284,1778) [filtered=1711]
cnt=2 s0=PALM(4255,1847) s1=PALM(287,1778) [filtered=1712]
cnt=2 s0=PALM(4246,1846) s1=PALM(292,1778) [filtered=1713]
cnt=2 s0=PALM(4238,1845) s1=PALM(296,1778) [filtered=1714]
cnt=2 s0=PALM(4229,1844) s1=PALM(302,1778) [filtered=1715]
cnt=2 s0=PALM(4220,1843) s1=PALM(307,1778) [filtered=1716]
cnt=2 s0=PALM(4211,1843) s1=PALM(315,1782) [filtered=1717]
cnt=2 s0=PALM(4202,1843) s1=PALM(322,1786) [filtered=1718]
cnt=2 s0=PALM(4193,1843) s1=PALM(332,1791) [filtered=1719]
cnt=2 s0=PALM(4184,1843) s1=PALM(341,1796) [filtered=1720]
cnt=2 s0=PALM(4174,1843) s1=PALM(354,1801) [filtered=1721]
cnt=2 s0=PALM(4164,1843) s1=PALM(366,1805) [filtered=1722]
cnt=2 s0=PALM(4154,1846) s1=PALM(382,1812) [filtered=1723]
cnt=2 s0=PALM(4144,1849) s1=PALM(397,1818) [filtered=1724]
cnt=2 s0=PALM(4133,1852) s1=PALM(416,1826) [filtered=1725]
cnt=2 s0=PALM(4122,1852) s1=PALM(435,1833) [filtered=1726]
cnt=2 s0=PALM(4111,1854) s1=PALM(457,1843) [filtered=1727]
cnt=2 s0=PALM(4100,1855) s1=PALM(479,1852) [filtered=1728]
cnt=2 s0=PALM(4089,1857) s1=PALM(503,1865) [filtered=1729]
cnt=2 s0=PALM(4078,1858) s1=PALM(527,1877) [filtered=1730]
cnt=2 s0=PALM(4068,1861) s1=PALM(553,1892) [filtered=1731]
cnt=2 s0=PALM(4058,1863) s1=PALM(579,1906) [filtered=1732]
cnt=2 s0=PALM(4048,1865) s1=PALM(604,1922) [filtered=1733]
cnt=2 s0=fng (4038,1867) s1=PALM(629,1938) [filtered=1734]
cnt=2 s0=fng (4030,1869) s1=PALM(653,1954) [filtered=1735]
cnt=2 s0=fng (4022,1871) s1=PALM(677,1970) [filtered=1736]
cnt=2 s0=fng (4014,1873) s1=PALM(699,1987) [filtered=1737]
cnt=2 s0=fng (4008,1876) s1=fng (720,2005) [filtered=1737]
cnt=2 s0=fng (4002,1878) s1=fng (741,2023) [filtered=1737]
cnt=2 s0=fng (3997,1880) s1=fng (760,2041) [filtered=1737]
cnt=2 s0=fng (3992,1882) s1=fng (779,2059) [filtered=1737]
cnt=2 s0=fng (3988,1884) s1=fng (795,2077) [filtered=1737]
cnt=2 s0=fng (3984,1886) s1=fng (811,2095) [filtered=1737]
cnt=2 s0=fng (3982,1888) s1=fng (825,2112) [filtered=1737]
cnt=2 s0=fng (3980,1890) s1=fng (839,2129) [filtered=1737]
cnt=2 s0=fng (3978,1892) s1=fng (853,2146) [filtered=1737]
cnt=2 s0=fng (3978,1895) s1=fng (865,2162) [filtered=1737]
cnt=2 s0=fng (3978,1898) s1=fng (877,2178) [filtered=1737]
cnt=2 s0=fng (3978,1901) s1=fng (887,2194) [filtered=1737]
cnt=2 s0=fng (3978,1904) s1=fng (897,2210) [filtered=1737]
cnt=2 s0=fng (3982,1908) s1=fng (905,2224) [filtered=1737]
cnt=2 s0=fng (3986,1912) s1=fng (913,2238) [filtered=1737]
cnt=2 s0=fng (3991,1917) s1=fng (918,2252) [filtered=1737]
cnt=2 s0=fng (3996,1922) s1=fng (923,2266) [filtered=1737]
cnt=2 s0=fng (4003,1928) s1=fng (926,2279) [filtered=1737]
cnt=2 s0=fng (4010,1934) s1=fng (929,2292) [filtered=1737]
cnt=2 s0=fng (4019,1941) s1=fng (929,2304) [filtered=1737]
cnt=2 s0=fng (4028,1948) s1=fng (929,2316) [filtered=1737]
cnt=2 s0=fng (4038,1956) s1=fng (926,2326) [filtered=1737]
cnt=2 s0=PALM(4048,1964) s1=fng (923,2336) [filtered=1738]
cnt=2 s0=PALM(4059,1972) s1=fng (918,2345) [filtered=1739]
cnt=2 s0=PALM(4071,1979) s1=fng (911,2353) [filtered=1740]
cnt=2 s0=PALM(4082,1986) s1=fng (904,2361) [filtered=1741]
cnt=2 s0=PALM(4094,1992) s1=fng (896,2369) [filtered=1742]
cnt=2 s0=PALM(4106,1998) s1=fng (888,2377) [filtered=1743]
cnt=2 s0=PALM(4118,2003) s1=fng (878,2385) [filtered=1744]
cnt=2 s0=PALM(4130,2007) s1=fng (867,2393) [filtered=1745]
cnt=2 s0=PALM(4141,2011) s1=fng (856,2401) [filtered=1746]
cnt=2 s0=PALM(4152,2014) s1=fng (843,2409) [filtered=1747]
cnt=2 s0=PALM(4163,2017) s1=fng (830,2417) [filtered=1748]
cnt=2 s0=PALM(4174,2019) s1=fng (816,2425) [filtered=1749]
cnt=2 s0=PALM(4185,2020) s1=fng (801,2431) [filtered=1750]
cnt=2 s0=PALM(4196,2021) s1=fng (786,2437) [filtered=1751]
cnt=2 s0=PALM(4206,2021) s1=fng (771,2442) [filtered=1752]
cnt=2 s0=PALM(4215,2021) s1=fng (756,2447) [filtered=1753]
cnt=2 s0=PALM(4225,2021) s1=fng (741,2451) [filtered=1754]
cnt=2 s0=PALM(4234,2021) s1=fng (727,2453) [filtered=1755]
cnt=2 s0=PALM(4242,2021) s1=PALM(713,2455) [filtered=1756]
cnt=2 s0=PALM(4251,2018) s1=PALM(700,2456) [filtered=1757]
cnt=2 s0=PALM(4259,2015) s1=PALM(687,2457) [filtered=1758]
cnt=2 s0=PALM(4266,2011) s1=PALM(674,2457) [filtered=1759]
cnt=2 s0=PALM(4273,2007) s1=PALM(661,2457) [filtered=1760]
cnt=2 s0=PALM(4279,2003) s1=PALM(649,2457) [filtered=1761]
cnt=2 s0=PALM(4285,2000) s1=PALM(637,2457) [filtered=1762]
cnt=3 s0=PALM(4291,1997) s1=PALM(626,2454) s2=fng (1403,396) [filtered=1763]
cnt=3 s0=PALM(4297,1995) s1=PALM(615,2451) s2=fng (1403,396) [filtered=1764]
cnt=3 s0=PALM(4303,1992) s1=PALM(604,2448) s2=fng (1400,395) [filtered=1765]
cnt=3 s0=PALM(4308,1989) s1=PALM(594,2445) s2=fng (1395,394) [filtered=1766]
cnt=3 s0=PALM(4313,1986) s1=PALM(584,2442) s2=fng (1390,393) [filtered=1767]
cnt=3 s0=PALM(4317,1983) s1=PALM(573,2438) s2=fng (1384,391) [filtered=1768]
cnt=3 s0=PALM(4321,1981) s1=PALM(562,2434) s2=fng (1379,390) [filtered=1769]
cnt=3 s0=PALM(4325,1978) s1=PALM(551,2429) s2=fng (1370,387) [filtered=1770]
cnt=3 s0=PALM(4329,1976) s1=PALM(541,2424) s2=fng (1362,385) [filtered=1771]
cnt=3 s0=PALM(4332,1973) s1=PALM(530,2419) s2=fng (1352,382) [filtered=1772]
cnt=3 s0=PALM(4334,1970) s1=PALM(519,2413) s2=fng (1341,378) [filtered=1773]
cnt=3 s0=PALM(4336,1968) s1=PALM(509,2407) s2=fng (1331,374) [filtered=1774]
cnt=3 s0=PALM(4338,1965) s1=PALM(500,2401) s2=fng (1319,369) [filtered=1775]
cnt=3 s0=PALM(4340,1963) s1=PALM(492,2395) s2=fng (1308,365) [filtered=1776]
cnt=3 s0=PALM(4341,1961) s1=PALM(483,2388) s2=fng (1296,360) [filtered=1777]
cnt=3 s0=PALM(4342,1959) s1=PALM(475,2381) s2=fng (1285,356) [filtered=1778]
cnt=3 s0=PALM(4342,1957) s1=PALM(467,2374) s2=fng (1274,352) [filtered=1779]
cnt=3 s0=PALM(4342,1955) s1=PALM(459,2367) s2=fng (1263,348) [filtered=1780]
cnt=3 s0=PALM(4342,1953) s1=PALM(452,2360) s2=fng (1253,344) [filtered=1781]
cnt=3 s0=PALM(4342,1952) s1=PALM(445,2353) s2=fng (1243,339) [filtered=1782]
cnt=3 s0=PALM(4342,1952) s1=PALM(438,2346) s2=fng (1233,335) [filtered=1783]
cnt=3 s0=PALM(4342,1951) s1=PALM(431,2340) s2=fng (1224,331) [filtered=1784]
cnt=3 s0=PALM(4342,1951) s1=PALM(425,2334) s2=fng (1215,327) [filtered=1785]
cnt=3 s0=PALM(4342,1950) s1=PALM(418,2328) s2=fng (1207,323) [filtered=1786]
cnt=3 s0=PALM(4342,1950) s1=PALM(412,2322) s2=fng (1199,319) [filtered=1787]
cnt=3 s0=PALM(4342,1949) s1=PALM(407,2317) s2=fng (1192,315) [filtered=1788]
cnt=3 s0=PALM(4342,1948) s1=PALM(402,2312) s2=fng (1185,311) [filtered=1789]
cnt=3 s0=PALM(4342,1948) s1=PALM(398,2307) s2=fng (1179,307) [filtered=1790]
cnt=3 s0=PALM(4342,1947) s1=PALM(394,2302) s2=fng (1174,304) [filtered=1791]
cnt=3 s0=PALM(4342,1947) s1=PALM(390,2297) s2=fng (1169,301) [filtered=1792]
cnt=3 s0=PALM(4342,1947) s1=PALM(387,2292) s2=fng (1165,299) [filtered=1793]
cnt=3 s0=PALM(4342,1947) s1=PALM(384,2287) s2=fng (1161,297) [filtered=1794]
cnt=3 s0=PALM(4342,1946) s1=PALM(382,2282) s2=fng (1157,295) [filtered=1795]
cnt=3 s0=PALM(4342,1946)* s1=PALM(380,2277) s2=fng (1153,293) [filtered=1796]
cnt=3 s0=PALM(4339,1946)* s1=PALM(378,2273) s2=fng (1151,291) [filtered=1797]
cnt=3 s0=PALM(4336,1946)* s1=PALM(376,2269) s2=fng (1149,289) [filtered=1798]
cnt=3 s0=PALM(4333,1945) s1=PALM(375,2265) s2=fng (1147,288) [filtered=1799]
cnt=3 s0=PALM(4333,1944) s1=PALM(374,2262) s2=fng (1146,288) [filtered=1800]
cnt=3 s0=PALM(4333,1944) s1=PALM(373,2259) s2=fng (1145,288) [filtered=1801]
cnt=3 s0=PALM(4333,1944) s1=PALM(373,2256) s2=fng (1144,289) [filtered=1802]
cnt=3 s0=PALM(4333,1944) s1=PALM(373,2256) s2=fng (1143,289) [filtered=1803]
cnt=3 s0=PALM(4333,1943) s1=PALM(373,2255) s2=fng (1143,289) [filtered=1804]
cnt=3 s0=PALM(4333,1943) s1=PALM(373,2255) s2=fng (1143,289) [filtered=1805]
cnt=3 s0=PALM(4333,1943) s1=PALM(373,2254) s2=fng (1143,288) [filtered=1806]
cnt=3 s0=PALM(4333,1943) s1=PALM(373,2254) s2=fng (1143,288) [filtered=1807]
cnt=3 s0=PALM(4333,1942) s1=PALM(373,2254) s2=fng (1143,288) [filtered=1808]
cnt=3 s0=PALM(4333,1941) s1=PALM(373,2254) s2=fng (1143,287) [filtered=1809]
cnt=3 s0=PALM(4333,1941) s1=PALM(373,2254) s2=fng (1143,287) [filtered=1810]
cnt=3 s0=PALM(4333,1940) s1=PALM(373,2254) s2=fng (1143,287) [filtered=1811]
cnt=3 s0=PALM(4333,1940) s1=PALM(373,2254) s2=fng (1143,287) [filtered=1812]
cnt=3 s0=PALM(4333,1939) s1=PALM(373,2254) s2=fng (1143,286) [filtered=1813]
cnt=3 s0=PALM(4333,1939) s1=PALM(373,2254) s2=fng (1143,286) [filtered=1814]
cnt=3 s0=PALM(4333,1939) s1=PALM(373,2254) s2=fng (1143,285) [filtered=1815]
cnt=3 s0=PALM(4333,1938) s1=PALM(373,2254) s2=fng (1143,284) [filtered=1816]
cnt=3 s0=PALM(4333,1938) s1=PALM(373,2254) s2=fng (1143,284) [filtered=1817]
cnt=2 s0=PALM(4333,1938) s1=PALM(373,2254) [filtered=1818]
cnt=2 s0=PALM(4333,1938)* s1=PALM(373,2254) [filtered=1819]
cnt=2 s0=PALM(4333,1937)* s1=PALM(373,2254) [filtered=1820]
cnt=2 s0=PALM(4333,1937)* s1=PALM(373,2254)* [filtered=1821]
cnt=2 s0=PALM(4333,1936)* s1=PALM(373,2254)* [filtered=1822]
cnt=2 s0=PALM(4333,1936)* s1=PALM(373,2254)* [filtered=1823]
cnt=2 s0=PALM(4333,1936)* s1=PALM(373,2254)* [filtered=1824]
cnt=2 s0=PALM(4333,1935)* s1=PALM(373,2254)* [filtered=1825]
cnt=2 s0=PALM(4333,1935)* s1=PALM(373,2254)* [filtered=1826]
cnt=2 s0=PALM(4333,1935)* s1=PALM(373,2254)* [filtered=1827]
cnt=2 s0=PALM(4333,1934)* s1=PALM(373,2254)* [filtered=1828]
cnt=2 s0=PALM(4333,1934)* s1=PALM(373,2254)* [filtered=1829]
cnt=2 s0=PALM(4333,1933)* s1=PALM(373,2254)* [filtered=1830]
cnt=2 s0=PALM(4333,1933)* s1=PALM(373,2254)* [filtered=1831]
cnt=2 s0=PALM(4333,1933)* s1=PALM(373,2254)* [filtered=1832]
cnt=2 s0=PALM(4333,1932)* s1=PALM(373,2254)* [filtered=1833]
cnt=2 s0=PALM(4333,1932)* s1=PALM(373,2254)* [filtered=1834]
cnt=2 s0=PALM(4333,1932)* s1=PALM(373,2254)* [filtered=1835]
cnt=2 s0=PALM(4333,1931)* s1=PALM(373,2254)* [filtered=1836]
cnt=2 s0=PALM(4333,1931)* s1=PALM(373,2254)* [filtered=1837]
cnt=2 s0=PALM(4333,1931)* s1=PALM(373,2254)* [filtered=1838]
cnt=2 s0=PALM(4333,1931)* s1=PALM(373,2254)* [filtered=1839]
cnt=2 s0=PALM(4333,1931)* s1=PALM(373,2254)* [filtered=1840]
cnt=2 s0=PALM(4333,1931)* s1=PALM(373,2254)* [filtered=1841]
cnt=2 s0=PALM(4333,1931)* s1=PALM(373,2254)* [filtered=1842]
cnt=2 s0=PALM(4333,1931)* s1=PALM(373,2254)* [filtered=1843]
cnt=2 s0=PALM(4333,1931)* s1=PALM(373,2254)* [filtered=1844]
cnt=2 s0=PALM(4333,1931)* s1=PALM(373,2254)* [filtered=1845]
cnt=2 s0=PALM(4333,1931)* s1=PALM(373,2254)* [filtered=1846]
cnt=2 s0=PALM(4333,1931)* s1=PALM(373,2254)* [filtered=1847]
cnt=2 s0=PALM(4333,1931)* s1=PALM(373,2254)* [filtered=1848]
cnt=2 s0=PALM(4333,1931)* s1=PALM(373,2254)* [filtered=1849]
cnt=2 s0=PALM(4333,1931)* s1=PALM(373,2254)* [filtered=1850]
cnt=2 s0=PALM(4333,1931)* s1=PALM(373,2254)* [filtered=1851]
cnt=2 s0=PALM(4333,1931)* s1=PALM(373,2254)* [filtered=1852]
cnt=2 s0=PALM(4333,1931)* s1=PALM(373,2254)* [filtered=1853]
cnt=2 s0=PALM(4333,1931)* s1=PALM(373,2254)* [filtered=1854]
cnt=2 s0=PALM(4333,1931)* s1=PALM(373,2254)* [filtered=1855]
cnt=2 s0=PALM(4333,1931)* s1=PALM(373,2254)* [filtered=1856]
cnt=2 s0=PALM(4333,1931)* s1=PALM(373,2254)* [filtered=1857]
cnt=2 s0=PALM(4333,1931)* s1=PALM(373,2255)* [filtered=1858]
cnt=2 s0=PALM(4333,1931)* s1=PALM(373,2255)* [filtered=1859]
cnt=2 s0=PALM(4333,1931)* s1=PALM(373,2255)* [filtered=1860]
cnt=2 s0=PALM(4333,1931)* s1=PALM(373,2255)* [filtered=1861]
cnt=2 s0=PALM(4333,1931)* s1=PALM(373,2255)* [filtered=1862]
cnt=2 s0=PALM(4333,1931)* s1=PALM(373,2255)* [filtered=1863]
cnt=2 s0=PALM(4333,1931)* s1=PALM(373,2255)* [filtered=1864]
cnt=2 s0=PALM(4333,1931)* s1=PALM(373,2256)* [filtered=1865]
cnt=2 s0=PALM(4333,1931)* s1=PALM(373,2256)* [filtered=1866]
cnt=2 s0=PALM(4333,1931)* s1=PALM(373,2256)* [filtered=1867]
cnt=2 s0=PALM(4333,1931)* s1=PALM(373,2257)* [filtered=1868]
cnt=2 s0=PALM(4333,1931)* s1=PALM(373,2257)* [filtered=1869]
cnt=2 s0=PALM(4333,1931)* s1=PALM(373,2257)* [filtered=1870]
cnt=2 s0=PALM(4333,1931)* s1=PALM(373,2258)* [filtered=1871]
cnt=2 s0=PALM(4333,1932)* s1=PALM(373,2259)* [filtered=1872]
cnt=2 s0=PALM(4333,1932)* s1=PALM(373,2259)* [filtered=1873]
cnt=2 s0=PALM(4333,1932)* s1=PALM(373,2259)* [filtered=1874]
cnt=2 s0=PALM(4333,1932)* s1=PALM(373,2259)* [filtered=1875]
cnt=2 s0=PALM(4333,1933)* s1=PALM(374,2260)* [filtered=1876]
cnt=2 s0=PALM(4333,1933)* s1=PALM(374,2260)* [filtered=1877]
cnt=2 s0=PALM(4333,1933)* s1=PALM(374,2260)* [filtered=1878]
cnt=2 s0=PALM(4333,1934)* s1=PALM(373,2261)* [filtered=1879]
cnt=2 s0=PALM(4333,1934)* s1=PALM(373,2261)* [filtered=1880]
cnt=2 s0=PALM(4333,1935)* s1=PALM(373,2261)* [filtered=1881]
cnt=2 s0=PALM(4333,1935)* s1=PALM(373,2262)* [filtered=1882]
cnt=2 s0=PALM(4333,1935)* s1=PALM(373,2262)* [filtered=1883]
cnt=2 s0=PALM(4333,1936)* s1=PALM(373,2263)* [filtered=1884]
cnt=2 s0=PALM(4333,1936)* s1=PALM(373,2263)* [filtered=1885]
cnt=2 s0=PALM(4333,1936)* s1=PALM(373,2263)* [filtered=1886]
cnt=2 s0=PALM(4333,1937)* s1=PALM(373,2264)* [filtered=1887]
cnt=2 s0=PALM(4333,1937)* s1=PALM(373,2264)* [filtered=1888]
cnt=2 s0=PALM(4333,1938)* s1=PALM(373,2264)* [filtered=1889]
cnt=2 s0=PALM(4333,1938)* s1=PALM(373,2264)* [filtered=1890]
cnt=2 s0=PALM(4333,1938)* s1=PALM(373,2264)* [filtered=1891]
cnt=2 s0=PALM(4333,1938)* s1=PALM(373,2264)* [filtered=1892]
cnt=2 s0=PALM(4333,1939)* s1=PALM(373,2264)* [filtered=1893]
cnt=2 s0=PALM(4333,1939)* s1=PALM(373,2265)* [filtered=1894]
cnt=2 s0=PALM(4333,1939)* s1=PALM(373,2265)* [filtered=1895]
cnt=2 s0=PALM(4333,1940)* s1=PALM(373,2265)* [filtered=1896]
cnt=2 s0=PALM(4333,1940)* s1=PALM(373,2265)* [filtered=1897]
cnt=2 s0=PALM(4333,1940)* s1=PALM(373,2265)* [filtered=1898]
cnt=2 s0=PALM(4330,1941) s1=PALM(373,2265)* [filtered=1899]
cnt=2 s0=PALM(4327,1941) s1=PALM(373,2265)* [filtered=1900]
cnt=2 s0=PALM(4324,1942) s1=PALM(373,2265)* [filtered=1901]
cnt=2 s0=PALM(4321,1942) s1=PALM(373,2265)* [filtered=1902]
cnt=2 s0=PALM(4318,1942) s1=PALM(373,2265)* [filtered=1903]
cnt=2 s0=PALM(4315,1942) s1=PALM(373,2265)* [filtered=1904]
cnt=2 s0=PALM(4312,1943) s1=PALM(373,2265)* [filtered=1905]
cnt=2 s0=PALM(4309,1943) s1=PALM(373,2265)* [filtered=1906]
cnt=2 s0=PALM(4306,1944) s1=PALM(373,2266)* [filtered=1907]
cnt=2 s0=PALM(4303,1944) s1=PALM(373,2266)* [filtered=1908]
cnt=2 s0=PALM(4301,1945) s1=PALM(373,2266)* [filtered=1909]
cnt=2 s0=PALM(4300,1946) s1=PALM(373,2267)* [filtered=1910]
cnt=2 s0=PALM(4299,1947) s1=PALM(373,2267)* [filtered=1911]
cnt=2 s0=PALM(4298,1948) s1=PALM(373,2267)* [filtered=1912]
cnt=2 s0=PALM(4298,1948) s1=PALM(373,2267)* [filtered=1913]
cnt=2 s0=PALM(4297,1949) s1=PALM(373,2268)* [filtered=1914]
cnt=2 s0=PALM(4296,1949) s1=PALM(373,2268)* [filtered=1915]
cnt=2 s0=PALM(4295,1950) s1=PALM(373,2268)* [filtered=1916]
cnt=2 s0=PALM(4295,1950) s1=PALM(373,2268)* [filtered=1917]
cnt=3 s0=PALM(4294,1951) s1=PALM(373,2269)* s2=fng (1234,330) [filtered=1918]
cnt=3 s0=PALM(4294,1951) s1=PALM(373,2269)* s2=fng (1234,330) [filtered=1919]
cnt=3 s0=PALM(4293,1952) s1=PALM(373,2270)* s2=fng (1234,330) [filtered=1920]
cnt=3 s0=PALM(4293,1953) s1=PALM(373,2270)* s2=fng (1234,330) [filtered=1921]
cnt=3 s0=PALM(4292,1954) s1=PALM(373,2270)* s2=fng (1235,331) [filtered=1922]
cnt=3 s0=PALM(4292,1954) s1=PALM(373,2270)* s2=fng (1235,331) [filtered=1923]
cnt=3 s0=PALM(4291,1955) s1=PALM(373,2271)* s2=fng (1235,331) [filtered=1924]
cnt=3 s0=PALM(4291,1955) s1=PALM(373,2271)* s2=fng (1235,331) [filtered=1925]
cnt=3 s0=PALM(4290,1956) s1=PALM(373,2271)* s2=fng (1235,331) [filtered=1926]
cnt=3 s0=PALM(4290,1957)* s1=PALM(373,2271)* s2=fng (1235,331) [filtered=1927]
cnt=2 s0=PALM(4289,1958)* s1=PALM(373,2272)* [filtered=1928]
cnt=2 s0=PALM(4288,1959)* s1=PALM(373,2272)* [filtered=1929]
cnt=2 s0=PALM(4287,1960)* s1=PALM(374,2273)* [filtered=1930]
cnt=2 s0=PALM(4286,1961)* s1=PALM(374,2273)* [filtered=1931]
cnt=2 s0=PALM(4285,1962)* s1=PALM(374,2274)* [filtered=1932]
cnt=2 s0=PALM(4285,1963)* s1=PALM(374,2274)* [filtered=1933]
cnt=2 s0=PALM(4283,1966) s1=PALM(375,2275)* [filtered=1934]
cnt=2 s0=PALM(4282,1968) s1=PALM(375,2275)* [filtered=1935]
cnt=2 s0=PALM(4279,1972) s1=PALM(376,2276)* [filtered=1936]
cnt=2 s0=PALM(4277,1975) s1=PALM(376,2276)* [filtered=1937]
cnt=2 s0=PALM(4275,1980) s1=PALM(378,2279) [filtered=1938]
cnt=2 s0=PALM(4273,1984) s1=PALM(379,2280) [filtered=1939]
cnt=2 s0=PALM(4270,1991) s1=PALM(381,2283) [filtered=1940]
cnt=2 s0=PALM(4268,1997) s1=PALM(382,2285) [filtered=1941]
cnt=2 s0=PALM(4263,2007) s1=PALM(385,2290) [filtered=1942]
cnt=2 s0=PALM(4259,2016) s1=PALM(387,2294) [filtered=1943]
cnt=2 s0=PALM(4253,2028) s1=PALM(392,2301) [filtered=1944]
cnt=2 s0=PALM(4246,2042) s1=PALM(398,2310) [filtered=1945]
cnt=2 s0=PALM(4240,2055) s1=PALM(404,2319) [filtered=1946]
cnt=2 s0=PALM(4231,2070) s1=PALM(412,2329) [filtered=1947]
cnt=2 s0=PALM(4223,2084) s1=PALM(419,2338) [filtered=1948]
cnt=2 s0=PALM(4213,2098) s1=PALM(428,2350) [filtered=1949]
cnt=2 s0=PALM(4204,2112) s1=PALM(436,2361) [filtered=1950]
cnt=2 s0=PALM(4194,2125) s1=PALM(447,2374) [filtered=1951]
cnt=2 s0=PALM(4183,2138) s1=PALM(460,2388) [filtered=1952]
cnt=2 s0=PALM(4173,2150) s1=PALM(472,2401) [filtered=1953]
cnt=2 s0=PALM(4160,2162) s1=PALM(487,2415) [filtered=1954]
cnt=2 s0=PALM(4148,2174) s1=PALM(501,2428) [filtered=1955]
cnt=2 s0=PALM(4136,2186) s1=PALM(515,2441) [filtered=1956]
cnt=2 s0=PALM(4123,2197) s1=PALM(531,2453) [filtered=1957]
cnt=2 s0=PALM(4110,2208) s1=PALM(547,2465) [filtered=1958]
cnt=2 s0=PALM(4096,2218) s1=PALM(565,2477) [filtered=1959]
cnt=2 s0=PALM(4082,2228) s1=PALM(583,2489) [filtered=1960]
cnt=2 s0=PALM(4067,2236) s1=PALM(604,2500) [filtered=1961]
cnt=2 s0=PALM(4052,2244) s1=PALM(625,2511) [filtered=1962]
cnt=2 s0=fng (4036,2251) s1=PALM(648,2521) [filtered=1963]
cnt=2 s0=fng (4020,2257) s1=PALM(672,2529) [filtered=1964]
cnt=2 s0=fng (4004,2263) s1=PALM(696,2537) [filtered=1965]
cnt=2 s0=fng (3987,2267) s1=fng (720,2543) [filtered=1965]
cnt=2 s0=fng (3970,2271) s1=fng (744,2549) [filtered=1965]
cnt=2 s0=fng (3953,2273) s1=fng (767,2554) [filtered=1965]
cnt=2 s0=fng (3936,2275) s1=fng (790,2559) [filtered=1965]
cnt=2 s0=fng (3920,2276) s1=fng (812,2563) [filtered=1965]
cnt=2 s0=fng (3904,2277) s1=fng (834,2567) [filtered=1965]
cnt=2 s0=fng (3888,2277) s1=fng (854,2569) [filtered=1965]
cnt=2 s0=fng (3873,2274) s1=fng (872,2569) [filtered=1965]
cnt=2 s0=fng (3858,2271) s1=fng (890,2569) [filtered=1965]
cnt=2 s0=fng (3843,2268) s1=fng (908,2569) [filtered=1965]
cnt=2 s0=fng (3829,2264) s1=fng (924,2569) [filtered=1965]
cnt=2 s0=fng (3815,2260) s1=fng (940,2569) [filtered=1965]
cnt=2 s0=fng (3803,2255) s1=fng (954,2566) [filtered=1965]
cnt=2 s0=fng (3791,2250) s1=fng (968,2563) [filtered=1965]
cnt=2 s0=fng (3780,2245) s1=fng (980,2559) [filtered=1965]
cnt=2 s0=fng (3769,2240) s1=fng (992,2555) [filtered=1965]
cnt=2 s0=fng (3760,2235) s1=fng (1002,2550) [filtered=1965]
cnt=2 s0=fng (3751,2230) s1=fng (1012,2545) [filtered=1965]
cnt=2 s0=fng (3743,2225) s1=fng (1021,2540) [filtered=1965]
cnt=2 s0=fng (3735,2220) s1=fng (1030,2535) [filtered=1965]
cnt=2 s0=fng (3729,2215) s1=fng (1037,2530) [filtered=1965]
cnt=2 s0=fng (3723,2210) s1=fng (1044,2525) [filtered=1965]
cnt=2 s0=fng (3719,2205) s1=fng (1050,2519) [filtered=1965]
cnt=2 s0=fng (3715,2200) s1=fng (1056,2513) [filtered=1965]
cnt=2 s0=fng (3711,2196) s1=fng (1062,2507) [filtered=1965]
cnt=2 s0=fng (3708,2192) s1=fng (1067,2501) [filtered=1965]
cnt=2 s0=fng (3705,2189) s1=fng (1072,2496) [filtered=1965]
cnt=2 s0=fng (3703,2186) s1=fng (1076,2490) [filtered=1965]
cnt=2 s0=fng (3701,2184) s1=fng (1080,2485) [filtered=1965]
cnt=2 s0=fng (3700,2181) s1=fng (1082,2480) [filtered=1965]
cnt=2 s0=fng (3699,2179) s1=fng (1084,2476) [filtered=1965]
cnt=2 s0=fng (3699,2177) s1=fng (1086,2471) [filtered=1965]
cnt=2 s0=fng (3699,2175) s1=fng (1088,2467) [filtered=1965]
cnt=2 s0=fng (3699,2173) s1=fng (1089,2464) [filtered=1965]
cnt=2 s0=fng (3699,2171) s1=fng (1090,2461) [filtered=1965]
cnt=2 s0=fng (3699,2170) s1=fng (1090,2458) [filtered=1965]
cnt=2 s0=fng (3699,2169) s1=fng (1090,2455) [filtered=1965]
cnt=2 s0=fng (3699,2169) s1=fng (1090,2452) [filtered=1965]
cnt=2 s0=fng (3699,2169) s1=fng (1090,2449) [filtered=1965]
cnt=2 s0=fng (3699,2170) s1=fng (1090,2446) [filtered=1965]
cnt=2 s0=fng (3699,2170) s1=fng (1090,2443) [filtered=1965]
cnt=2 s0=fng (3702,2169) s1=fng (1090,2440) [filtered=1965]
cnt=2 s0=fng (3705,2168) s1=fng (1090,2437) [filtered=1965]
cnt=2 s0=fng (3708,2167) s1=fng (1090,2433) [filtered=1965]
cnt=2 s0=fng (3711,2164) s1=fng (1087,2427) [filtered=1965]
cnt=2 s0=fng (3714,2163) s1=fng (1084,2422) [filtered=1965]
cnt=2 s0=fng (3718,2160) s1=fng (1080,2415) [filtered=1965]
cnt=2 s0=fng (3722,2158) s1=fng (1076,2409) [filtered=1965]
cnt=2 s0=fng (3727,2154) s1=fng (1071,2402) [filtered=1965]
cnt=2 s0=fng (3732,2149) s1=fng (1066,2393) [filtered=1965]
cnt=2 s0=fng (3737,2144) s1=fng (1061,2385) [filtered=1965]
cnt=2 s0=fng (3742,2138) s1=fng (1055,2376) [filtered=1965]
cnt=2 s0=fng (3747,2133) s1=fng (1049,2368) [filtered=1965]
cnt=2 s0=fng (3752,2128) s1=fng (1043,2360) [filtered=1965]
cnt=2 s0=fng (3759,2122) s1=fng (1036,2351) [filtered=1965]
cnt=2 s0=fng (3766,2116) s1=fng (1029,2342) [filtered=1965]
cnt=2 s0=fng (3774,2109) s1=fng (1022,2333) [filtered=1965]
cnt=2 s0=fng (3782,2102) s1=fng (1015,2324) [filtered=1965]
cnt=2 s0=fng (3791,2094) s1=fng (1007,2314) [filtered=1965]
cnt=2 s0=fng (3800,2086) s1=fng (999,2304) [filtered=1965]
cnt=2 s0=fng (3811,2077) s1=fng (990,2293) [filtered=1965]
cnt=2 s0=fng (3822,2068) s1=fng (981,2282) [filtered=1965]
cnt=2 s0=fng (3833,2058) s1=fng (972,2270) [filtered=1965]
cnt=2 s0=fng (3845,2048) s1=fng (962,2258) [filtered=1965]
cnt=2 s0=fng (3857,2038) s1=fng (952,2246) [filtered=1965]
cnt=2 s0=fng (3870,2028) s1=fng (941,2234) [filtered=1965]
cnt=2 s0=fng (3883,2018) s1=fng (930,2222) [filtered=1965]
cnt=2 s0=fng (3896,2008) s1=fng (919,2210) [filtered=1965]
cnt=2 s0=fng (3909,1999) s1=fng (908,2199) [filtered=1965]
cnt=2 s0=fng (3921,1990) s1=fng (897,2188) [filtered=1965]
cnt=2 s0=fng (3933,1982) s1=fng (886,2178) [filtered=1965]
cnt=2 s0=fng (3945,1974) s1=fng (875,2168) [filtered=1965]
cnt=2 s0=fng (3957,1967) s1=fng (864,2158) [filtered=1965]
cnt=2 s0=fng (3968,1960) s1=fng (853,2148) [filtered=1965]
cnt=2 s0=fng (3979,1954) s1=fng (842,2139) [filtered=1965]
cnt=2 s0=fng (3990,1948) s1=fng (831,2130) [filtered=1965]
cnt=2 s0=fng (4001,1942) s1=fng (819,2122) [filtered=1965]
cnt=2 s0=fng (4011,1936) s1=fng (807,2114) [filtered=1965]
cnt=2 s0=fng (4022,1932) s1=fng (794,2107) [filtered=1965]
cnt=2 s0=fng (4033,1928) s1=fng (780,2102) [filtered=1965]
cnt=2 s0=fng (4043,1924) s1=fng (767,2097) [filtered=1965]
cnt=2 s0=PALM(4052,1921) s1=fng (754,2093) [filtered=1966]
cnt=2 s0=PALM(4061,1918) s1=fng (742,2089) [filtered=1967]
cnt=2 s0=PALM(4069,1916) s1=fng (729,2086) [filtered=1968]
cnt=2 s0=PALM(4077,1914) s1=fng (717,2083) [filtered=1969]
cnt=2 s0=PALM(4085,1912) s1=PALM(705,2081) [filtered=1970]
cnt=2 s0=PALM(4093,1910) s1=PALM(693,2079) [filtered=1971]
cnt=2 s0=PALM(4100,1909) s1=PALM(681,2079) [filtered=1972]
cnt=2 s0=PALM(4107,1908) s1=PALM(670,2079) [filtered=1973]
cnt=2 s0=PALM(4113,1908) s1=PALM(660,2079) [filtered=1974]
cnt=2 s0=PALM(4119,1908) s1=PALM(650,2079) [filtered=1975]
cnt=2 s0=PALM(4125,1908) s1=PALM(641,2079) [filtered=1976]
cnt=2 s0=PALM(4131,1908) s1=PALM(633,2079) [filtered=1977]
cnt=2 s0=PALM(4137,1908) s1=PALM(625,2079) [filtered=1978]
cnt=2 s0=PALM(4141,1908) s1=PALM(619,2082) [filtered=1979]
cnt=2 s0=PALM(4145,1908) s1=PALM(613,2085) [filtered=1980]
cnt=2 s0=PALM(4149,1908) s1=PALM(607,2088) [filtered=1981]
cnt=2 s0=PALM(4153,1908) s1=PALM(601,2091) [filtered=1982]
cnt=2 s0=PALM(4157,1911) s1=PALM(596,2094) [filtered=1983]
cnt=2 s0=PALM(4161,1914) s1=PALM(591,2097) [filtered=1984]
cnt=2 s0=PALM(4164,1917) s1=PALM(586,2100) [filtered=1985]
cnt=2 s0=PALM(4167,1920) s1=PALM(581,2103) [filtered=1986]
cnt=2 s0=PALM(4169,1924) s1=PALM(577,2106) [filtered=1987]
cnt=2 s0=PALM(4171,1928) s1=PALM(573,2109) [filtered=1988]
cnt=2 s0=PALM(4173,1932) s1=PALM(569,2112) [filtered=1989]
cnt=2 s0=PALM(4175,1936) s1=PALM(565,2115) [filtered=1990]
cnt=2 s0=PALM(4176,1940) s1=PALM(561,2118) [filtered=1991]
cnt=2 s0=PALM(4177,1944) s1=PALM(557,2121) [filtered=1992]
cnt=2 s0=PALM(4178,1948) s1=PALM(554,2124) [filtered=1993]
cnt=2 s0=PALM(4179,1952) s1=PALM(551,2127) [filtered=1994]
cnt=2 s0=PALM(4179,1955) s1=PALM(549,2130) [filtered=1995]
cnt=2 s0=PALM(4179,1958) s1=PALM(547,2133) [filtered=1996]
cnt=2 s0=PALM(4179,1959) s1=PALM(545,2136) [filtered=1997]
cnt=2 s0=PALM(4179,1961) s1=PALM(543,2139) [filtered=1998]
cnt=2 s0=PALM(4179,1961) s1=PALM(541,2142) [filtered=1999]
cnt=2 s0=PALM(4179,1962) s1=PALM(539,2145) [filtered=2000]
cnt=2 s0=PALM(4179,1963) s1=PALM(537,2148) [filtered=2001]
cnt=2 s0=PALM(4179,1964) s1=PALM(535,2150) [filtered=2002]
cnt=2 s0=PALM(4179,1965) s1=PALM(533,2150) [filtered=2003]
cnt=2 s0=PALM(4179,1966) s1=PALM(531,2152) [filtered=2004]
cnt=2 s0=PALM(4179,1967) s1=PALM(529,2153) [filtered=2005]
cnt=2 s0=PALM(4179,1968) s1=PALM(528,2154) [filtered=2006]
cnt=2 s0=PALM(4179,1969) s1=PALM(527,2155) [filtered=2007]
cnt=2 s0=PALM(4179,1970) s1=PALM(526,2156) [filtered=2008]
cnt=2 s0=PALM(4179,1970) s1=PALM(525,2157) [filtered=2009]
cnt=2 s0=PALM(4179,1971) s1=PALM(525,2158) [filtered=2010]
cnt=2 s0=PALM(4179,1972) s1=PALM(525,2158) [filtered=2011]
cnt=2 s0=PALM(4179,1972) s1=PALM(525,2158) [filtered=2012]
cnt=2 s0=PALM(4179,1972) s1=PALM(525,2159) [filtered=2013]
cnt=2 s0=PALM(4179,1972)* s1=PALM(525,2160) [filtered=2014]
cnt=2 s0=PALM(4179,1973)* s1=PALM(525,2161) [filtered=2015]
cnt=2 s0=PALM(4179,1973)* s1=PALM(525,2161) [filtered=2016]
cnt=2 s0=PALM(4179,1973)* s1=PALM(525,2162) [filtered=2017]
cnt=2 s0=PALM(4179,1973)* s1=PALM(525,2162) [filtered=2018]
cnt=2 s0=PALM(4179,1973)* s1=PALM(525,2162) [filtered=2019]
cnt=2 s0=PALM(4179,1974)* s1=PALM(525,2163) [filtered=2020]
cnt=2 s0=PALM(4179,1974)* s1=PALM(525,2163) [filtered=2021]
cnt=2 s0=PALM(4179,1974)* s1=PALM(525,2164) [filtered=2022]
cnt=2 s0=PALM(4179,1974)* s1=PALM(525,2164) [filtered=2023]
cnt=2 s0=PALM(4179,1974)* s1=PALM(525,2164)* [filtered=2024]
cnt=2 s0=PALM(4179,1975)* s1=PALM(525,2165)* [filtered=2025]
cnt=2 s0=PALM(4179,1975)* s1=PALM(525,2165)* [filtered=2026]
cnt=2 s0=PALM(4179,1976)* s1=PALM(525,2166)* [filtered=2027]
cnt=2 s0=PALM(4179,1976)* s1=PALM(525,2166)* [filtered=2028]
cnt=2 s0=PALM(4179,1976)* s1=PALM(525,2167)* [filtered=2029]
cnt=2 s0=PALM(4179,1976)* s1=PALM(525,2167)* [filtered=2030]
cnt=2 s0=PALM(4179,1977)* s1=PALM(525,2168)* [filtered=2031]
cnt=2 s0=PALM(4179,1977)* s1=PALM(525,2168)* [filtered=2032]
cnt=2 s0=PALM(4179,1977)* s1=PALM(525,2169)* [filtered=2033]
cnt=2 s0=PALM(4179,1977)* s1=PALM(525,2170)* [filtered=2034]
cnt=2 s0=PALM(4179,1977)* s1=PALM(525,2170)* [filtered=2035]
cnt=2 s0=PALM(4179,1978)* s1=PALM(525,2171)* [filtered=2036]
cnt=2 s0=PALM(4179,1978)* s1=PALM(525,2172)* [filtered=2037]
cnt=2 s0=PALM(4179,1979)* s1=PALM(525,2173)* [filtered=2038]
cnt=2 s0=PALM(4179,1979)* s1=PALM(525,2173)* [filtered=2039]
cnt=2 s0=PALM(4179,1980)* s1=PALM(525,2175)* [filtered=2040]
cnt=2 s0=PALM(4179,1980)* s1=PALM(525,2176)* [filtered=2041]
cnt=2 s0=PALM(4179,1980)* s1=PALM(525,2176)* [filtered=2042]
cnt=2 s0=PALM(4179,1981)* s1=PALM(525,2177)* [filtered=2043]
cnt=2 s0=PALM(4179,1981)* s1=PALM(525,2178)* [filtered=2044]
cnt=2 s0=PALM(4179,1982)* s1=PALM(525,2179)* [filtered=2045]
cnt=2 s0=PALM(4179,1982)* s1=PALM(525,2180)* [filtered=2046]
cnt=2 s0=PALM(4179,1983)* s1=PALM(525,2182)* [filtered=2047]
cnt=2 s0=PALM(4179,1984)* s1=PALM(525,2183)* [filtered=2048]
cnt=2 s0=PALM(4179,1984)* s1=PALM(525,2183)* [filtered=2049]
cnt=2 s0=PALM(4179,1984)* s1=PALM(525,2184)* [filtered=2050]
cnt=2 s0=PALM(4179,1984)* s1=PALM(525,2185)* [filtered=2051]
cnt=2 s0=PALM(4179,1985)* s1=PALM(525,2186)* [filtered=2052]
cnt=2 s0=PALM(4179,1985)* s1=PALM(525,2187)* [filtered=2053]
cnt=2 s0=PALM(4179,1985)* s1=PALM(525,2188)* [filtered=2054]
cnt=2 s0=PALM(4179,1985)* s1=PALM(525,2189)* [filtered=2055]
cnt=2 s0=PALM(4179,1985)* s1=PALM(525,2189)* [filtered=2056]
cnt=2 s0=PALM(4179,1985)* s1=PALM(525,2191)* [filtered=2057]
cnt=2 s0=PALM(4179,1985)* s1=PALM(525,2192)* [filtered=2058]
cnt=2 s0=PALM(4179,1985)* s1=PALM(525,2193)* [filtered=2059]
cnt=2 s0=PALM(4179,1985)* s1=PALM(525,2194)* [filtered=2060]
cnt=2 s0=PALM(4179,1985)* s1=PALM(525,2194)* [filtered=2061]
cnt=3 s0=PALM(4179,1985)* s1=PALM(525,2195)* s2=fng (2714,368) [filtered=2062]
cnt=3 s0=PALM(4179,1985)* s1=PALM(525,2196)* s2=fng (2714,368) [filtered=2063]
cnt=3 s0=PALM(4179,1985)* s1=PALM(525,2196)* s2=fng (2714,368) [filtered=2064]
cnt=3 s0=PALM(4179,1985)* s1=PALM(525,2197)* s2=fng (2714,368) [filtered=2065]
cnt=3 s0=PALM(4179,1985)* s1=PALM(525,2198)* s2=fng (2714,368) [filtered=2066]
cnt=3 s0=PALM(4179,1985)* s1=PALM(525,2199)* s2=fng (2714,368) [filtered=2067]
cnt=3 s0=PALM(4179,1985)* s1=PALM(525,2200)* s2=fng (2714,368) [filtered=2068]
cnt=3 s0=PALM(4179,1985)* s1=PALM(525,2200)* s2=fng (2714,368) [filtered=2069]
cnt=3 s0=PALM(4179,1985)* s1=PALM(525,2201)* s2=fng (2714,368) [filtered=2070]
cnt=3 s0=PALM(4179,1985)* s1=PALM(525,2202)* s2=fng (2714,368) [filtered=2071]
cnt=3 s0=PALM(4179,1985)* s1=PALM(525,2203)* s2=fng (2714,368) [filtered=2072]
cnt=3 s0=PALM(4179,1985)* s1=PALM(525,2203)* s2=fng (2714,368) [filtered=2073]
cnt=3 s0=PALM(4179,1985)* s1=PALM(525,2203)* s2=fng (2714,368) [filtered=2074]
cnt=3 s0=PALM(4179,1985)* s1=PALM(525,2204)* s2=fng (2714,368) [filtered=2075]
cnt=3 s0=PALM(4179,1985)* s1=PALM(525,2205)* s2=fng (2714,368) [filtered=2076]
cnt=3 s0=PALM(4179,1985)* s1=PALM(525,2206)* s2=fng (2714,368) [filtered=2077]
cnt=3 s0=PALM(4179,1985)* s1=PALM(525,2207)* s2=fng (2714,368) [filtered=2078]
cnt=3 s0=PALM(4179,1985)* s1=PALM(525,2208)* s2=fng (2714,368) [filtered=2079]
cnt=3 s0=PALM(4179,1985)* s1=PALM(525,2208)* s2=fng (2714,368) [filtered=2080]
cnt=3 s0=PALM(4179,1985)* s1=PALM(525,2208)* s2=fng (2714,368) [filtered=2081]
cnt=3 s0=PALM(4179,1985)* s1=PALM(525,2209)* s2=fng (2714,368)* [filtered=2082]
cnt=3 s0=PALM(4179,1985)* s1=PALM(525,2209)* s2=fng (2714,368)* [filtered=2083]
cnt=4 s0=PALM(4179,1985)* s1=PALM(525,2210)* s2=fng (2714,368)* s3=fng (1582,364) [filtered=2084]
cnt=4 s0=PALM(4179,1985)* s1=PALM(525,2210)* s2=fng (2714,368)* s3=fng (1582,364) [filtered=2085]
cnt=4 s0=PALM(4179,1985)* s1=PALM(525,2210)* s2=fng (2714,368)* s3=fng (1582,364) [filtered=2086]
cnt=4 s0=PALM(4179,1985)* s1=PALM(525,2212)* s2=fng (2714,368)* s3=fng (1582,364) [filtered=2087]
cnt=4 s0=PALM(4179,1985)* s1=PALM(525,2213)* s2=fng (2714,368)* s3=fng (1582,364) [filtered=2088]
cnt=4 s0=PALM(4179,1985)* s1=PALM(525,2213)* s2=fng (2714,368)* s3=fng (1582,364) [filtered=2089]
cnt=4 s0=PALM(4179,1985)* s1=PALM(525,2214)* s2=fng (2713,368)* s3=fng (1582,364) [filtered=2090]
cnt=4 s0=PALM(4179,1985)* s1=PALM(525,2215)* s2=fng (2713,368)* s3=fng (1582,364) [filtered=2091]
cnt=4 s0=PALM(4179,1985)* s1=PALM(525,2217)* s2=fng (2713,368)* s3=fng (1582,364) [filtered=2092]
cnt=4 s0=PALM(4179,1985)* s1=PALM(525,2218)* s2=fng (2713,368)* s3=fng (1582,364) [filtered=2093]
cnt=4 s0=PALM(4179,1985)* s1=PALM(525,2218)* s2=fng (2713,368)* s3=fng (1582,364) [filtered=2094]
cnt=4 s0=PALM(4179,1985)* s1=PALM(525,2219)* s2=fng (2712,369)* s3=fng (1582,364) [filtered=2095]
cnt=4 s0=PALM(4179,1985)* s1=PALM(525,2219)* s2=fng (2712,369)* s3=fng (1582,364) [filtered=2096]
cnt=4 s0=PALM(4179,1985)* s1=PALM(525,2219)* s2=fng (2712,369)* s3=fng (1582,364) [filtered=2097]
cnt=4 s0=PALM(4179,1985)* s1=PALM(525,2220)* s2=fng (2711,370)* s3=fng (1583,364) [filtered=2098]
cnt=4 s0=PALM(4179,1985)* s1=PALM(525,2221)* s2=fng (2711,370)* s3=fng (1583,364) [filtered=2099]
cnt=4 s0=PALM(4179,1985)* s1=PALM(525,2222)* s2=fng (2711,371)* s3=fng (1583,364) [filtered=2100]
cnt=4 s0=PALM(4179,1985)* s1=PALM(525,2223)* s2=fng (2711,372)* s3=fng (1583,364) [filtered=2101]
cnt=4 s0=PALM(4179,1985)* s1=PALM(525,2223)* s2=fng (2711,372)* s3=fng (1583,364) [filtered=2102]
cnt=4 s0=PALM(4176,1985)* s1=PALM(525,2224)* s2=fng (2710,374)* s3=fng (1583,364) [filtered=2103]
cnt=4 s0=PALM(4173,1985)* s1=PALM(525,2225)* s2=fng (2710,375)* s3=fng (1583,364)* [filtered=2104]
cnt=4 s0=PALM(4170,1985)* s1=PALM(525,2225)* s2=fng (2710,375)* s3=fng (1583,364)* [filtered=2105]
cnt=4 s0=PALM(4167,1986) s1=PALM(525,2226)* s2=fng (2709,378) s3=fng (1583,364)* [filtered=2106]
cnt=4 s0=PALM(4164,1986) s1=PALM(525,2226)* s2=fng (2709,380) s3=fng (1583,364)* [filtered=2107]
cnt=4 s0=PALM(4161,1987) s1=PALM(525,2227)* s2=fng (2707,385) s3=fng (1583,365)* [filtered=2108]
cnt=4 s0=PALM(4158,1987) s1=PALM(525,2227)* s2=fng (2706,389) s3=fng (1583,365)* [filtered=2109]
cnt=4 s0=PALM(4155,1987) s1=PALM(525,2227)* s2=fng (2706,393) s3=fng (1583,365)* [filtered=2110]
cnt=4 s0=PALM(4152,1988) s1=PALM(525,2228)* s2=fng (2704,399) s3=fng (1584,366)* [filtered=2111]
cnt=4 s0=PALM(4149,1988) s1=PALM(525,2228)* s2=fng (2703,405) s3=fng (1584,366)* [filtered=2112]
cnt=4 s0=PALM(4147,1989) s1=PALM(525,2229)* s2=fng (2700,411) s3=fng (1585,367)* [filtered=2113]
cnt=4 s0=PALM(4147,1989) s1=PALM(525,2229)* s2=fng (2698,417) s3=fng (1585,367)* [filtered=2114]
cnt=4 s0=PALM(4146,1989) s1=PALM(525,2229)* s2=fng (2696,423) s3=fng (1585,367)* [filtered=2115]
cnt=4 s0=PALM(4145,1990) s1=PALM(525,2230)* s2=fng (2694,430) s3=fng (1585,368)* [filtered=2116]
cnt=4 s0=PALM(4145,1991) s1=PALM(525,2230)* s2=fng (2692,437) s3=fng (1585,368)* [filtered=2117]
cnt=4 s0=PALM(4145,1991) s1=PALM(525,2230)* s2=fng (2690,444) s3=fng (1585,368)* [filtered=2118]
cnt=4 s0=PALM(4145,1992) s1=PALM(525,2230)* s2=fng (2688,452) s3=fng (1586,369)* [filtered=2119]
cnt=4 s0=PALM(4145,1993) s1=PALM(525,2230)* s2=fng (2686,460) s3=fng (1586,369)* [filtered=2120]
cnt=4 s0=PALM(4145,1995) s1=PALM(525,2231)* s2=fng (2683,469) s3=fng (1586,370)* [filtered=2121]
cnt=4 s0=PALM(4145,1996) s1=PALM(525,2231)* s2=fng (2680,478) s3=fng (1586,370)* [filtered=2122]
cnt=4 s0=PALM(4145,1996) s1=PALM(525,2231)* s2=fng (2677,487) s3=fng (1586,370)* [filtered=2123]
cnt=4 s0=PALM(4146,1999) s1=PALM(525,2232)* s2=fng (2673,497) s3=fng (1587,371)* [filtered=2124]
cnt=4 s0=PALM(4147,2001) s1=PALM(525,2232)* s2=fng (2669,507) s3=fng (1587,372)* [filtered=2125]
cnt=4 s0=PALM(4149,2003) s1=PALM(525,2233)* s2=fng (2664,519) s3=fng (1588,373)* [filtered=2126]
cnt=4 s0=PALM(4150,2005) s1=PALM(525,2233)* s2=fng (2659,531) s3=fng (1589,374)* [filtered=2127]
cnt=4 s0=PALM(4150,2007) s1=PALM(525,2233)* s2=fng (2654,543) s3=fng (1589,374)* [filtered=2128]
cnt=4 s0=PALM(4152,2010) s1=PALM(525,2233)* s2=fng (2648,556) s3=fng (1590,375)* [filtered=2129]
cnt=4 s0=PALM(4153,2013) s1=PALM(525,2233)* s2=fng (2642,569) s3=fng (1590,375)* [filtered=2130]
cnt=4 s0=PALM(4156,2017) s1=PALM(525,2234)* s2=fng (2636,582) s3=fng (1591,377)* [filtered=2131]
cnt=4 s0=PALM(4158,2021) s1=PALM(525,2234)* s2=fng (2630,595) s3=fng (1591,378)* [filtered=2132]
cnt=4 s0=PALM(4160,2025) s1=PALM(525,2234)* s2=fng (2624,608) s3=fng (1591,378)* [filtered=2133]
cnt=4 s0=PALM(4162,2029) s1=PALM(525,2234)* s2=fng (2617,622) s3=fng (1593,380) [filtered=2134]
cnt=4 s0=PALM(4164,2033) s1=PALM(525,2234)* s2=fng (2610,636) s3=fng (1594,381) [filtered=2135]
cnt=4 s0=PALM(4166,2037) s1=PALM(525,2234)* s2=fng (2603,650) s3=fng (1594,381) [filtered=2136]
cnt=4 s0=PALM(4168,2041) s1=PALM(525,2234)* s2=fng (2596,663) s3=fng (1596,383) [filtered=2137]
cnt=4 s0=PALM(4170,2045) s1=PALM(525,2234)* s2=fng (2589,676) s3=fng (1597,384) [filtered=2138]
cnt=4 s0=PALM(4172,2049) s1=PALM(525,2235)* s2=fng (2582,688) s3=fng (1600,387) [filtered=2139]
cnt=4 s0=PALM(4174,2053) s1=PALM(525,2235)* s2=fng (2575,700) s3=fng (1602,389) [filtered=2140]
cnt=4 s0=PALM(4176,2057) s1=PALM(525,2235)* s2=fng (2568,712) s3=fng (1604,391) [filtered=2141]
cnt=4 s0=PALM(4178,2061) s1=PALM(525,2236)* s2=fng (2561,724) s3=fng (1607,393) [filtered=2142]
cnt=4 s0=PALM(4180,2065) s1=PALM(525,2236)* s2=fng (2554,736) s3=fng (1610,395) [filtered=2143]
cnt=4 s0=PALM(4182,2069) s1=PALM(525,2236)* s2=fng (2547,748) s3=fng (1613,397) [filtered=2144]
cnt=4 s0=PALM(4184,2073) s1=PALM(524,2237)* s2=fng (2540,759) s3=fng (1617,399) [filtered=2145]
cnt=4 s0=PALM(4186,2077) s1=PALM(523,2238)* s2=fng (2533,770) s3=fng (1621,401) [filtered=2146]
cnt=4 s0=PALM(4188,2081) s1=PALM(522,2238)* s2=fng (2526,781) s3=fng (1625,403) [filtered=2147]
cnt=4 s0=PALM(4190,2085) s1=PALM(520,2240) s2=fng (2519,791) s3=fng (1630,405) [filtered=2148]
cnt=4 s0=PALM(4192,2089) s1=PALM(518,2241) s2=fng (2512,801) s3=fng (1635,407) [filtered=2149]
cnt=4 s0=PALM(4195,2093) s1=PALM(516,2243) s2=fng (2505,811) s3=fng (1641,410) [filtered=2150]
cnt=4 s0=PALM(4198,2097) s1=PALM(514,2244) s2=fng (2498,821) s3=fng (1647,413) [filtered=2151]
cnt=4 s0=PALM(4201,2101) s1=PALM(512,2244) s2=fng (2491,831) s3=fng (1653,416) [filtered=2152]
cnt=4 s0=PALM(4204,2105) s1=PALM(510,2247) s2=fng (2484,841) s3=fng (1659,420) [filtered=2153]
cnt=4 s0=PALM(4207,2109) s1=PALM(508,2249) s2=fng (2477,851) s3=fng (1665,424) [filtered=2154]
cnt=4 s0=PALM(4211,2113) s1=PALM(506,2251) s2=fng (2470,860) s3=fng (1672,428) [filtered=2155]
cnt=4 s0=PALM(4215,2117) s1=PALM(504,2253) s2=fng (2463,869) s3=fng (1679,432) [filtered=2156]
cnt=4 s0=PALM(4219,2121) s1=PALM(502,2255) s2=fng (2456,878) s3=fng (1686,436) [filtered=2157]
cnt=4 s0=PALM(4223,2125) s1=PALM(499,2257) s2=fng (2449,887) s3=fng (1694,440) [filtered=2158]
cnt=4 s0=PALM(4227,2129) s1=PALM(496,2259) s2=fng (2442,896) s3=fng (1702,444) [filtered=2159]
cnt=4 s0=PALM(4232,2134) s1=PALM(493,2262) s2=fng (2436,905) s3=fng (1712,449) [filtered=2160]
cnt=4 s0=PALM(4237,2139) s1=PALM(490,2265) s2=fng (2430,914) s3=fng (1722,454) [filtered=2161]
cnt=4 s0=PALM(4243,2144) s1=PALM(487,2268) s2=fng (2424,923) s3=fng (1732,460) [filtered=2162]
cnt=4 s0=PALM(4249,2149) s1=PALM(484,2271) s2=fng (2418,932) s3=fng (1742,466) [filtered=2163]
cnt=4 s0=PALM(4255,2154) s1=PALM(481,2274) s2=fng (2412,941) s3=fng (1752,472) [filtered=2164]
cnt=4 s0=PALM(4263,2160) s1=PALM(478,2277) s2=fng (2406,950) s3=fng (1763,478) [filtered=2165]
cnt=4 s0=PALM(4271,2166) s1=PALM(475,2280) s2=fng (2400,959) s3=fng (1774,484) [filtered=2166]
cnt=4 s0=PALM(4279,2172) s1=PALM(472,2283) s2=fng (2395,968) s3=fng (1785,491) [filtered=2167]
cnt=4 s0=PALM(4287,2178) s1=PALM(469,2286) s2=fng (2390,977) s3=fng (1796,498) [filtered=2168]
cnt=4 s0=PALM(4295,2184) s1=PALM(467,2289) s2=fng (2385,986) s3=fng (1807,505) [filtered=2169]
cnt=4 s0=PALM(4303,2190) s1=PALM(465,2292) s2=fng (2381,994) s3=fng (1817,511) [filtered=2170]
cnt=4 s0=PALM(4311,2196) s1=PALM(463,2295) s2=fng (2377,1002) s3=fng (1827,517) [filtered=2171]
cnt=4 s0=PALM(4319,2201) s1=PALM(461,2297) s2=fng (2373,1010) s3=fng (1836,523) [filtered=2172]
cnt=4 s0=PALM(4327,2206) s1=PALM(459,2299) s2=fng (2369,1018) s3=fng (1845,529) [filtered=2173]
cnt=4 s0=PALM(4335,2210) s1=PALM(457,2301) s2=fng (2365,1026) s3=fng (1853,535) [filtered=2174]
cnt=4 s0=PALM(4343,2214) s1=PALM(455,2303) s2=fng (2361,1034) s3=fng (1861,541) [filtered=2175]
cnt=4 s0=PALM(4350,2218) s1=PALM(453,2305) s2=fng (2358,1042) s3=fng (1868,546) [filtered=2176]
cnt=4 s0=PALM(4357,2222) s1=PALM(451,2307) s2=fng (2355,1050) s3=fng (1875,551) [filtered=2177]
cnt=4 s0=PALM(4364,2226) s1=PALM(450,2309) s2=fng (2352,1057) s3=fng (1881,556) [filtered=2178]
cnt=4 s0=PALM(4371,2230) s1=PALM(449,2311) s2=fng (2349,1064) s3=fng (1887,561) [filtered=2179]
cnt=4 s0=PALM(4377,2234) s1=PALM(448,2312) s2=fng (2346,1071) s3=fng (1893,565) [filtered=2180]
cnt=4 s0=PALM(4383,2238) s1=PALM(448,2313) s2=fng (2343,1078) s3=fng (1898,569) [filtered=2181]
cnt=4 s0=PALM(4389,2242) s1=PALM(448,2314) s2=fng (2340,1085) s3=fng (1903,573) [filtered=2182]
cnt=4 s0=PALM(4395,2246) s1=PALM(448,2315) s2=fng (2337,1092) s3=fng (1907,576) [filtered=2183]
cnt=4 s0=PALM(4401,2250) s1=PALM(448,2316) s2=fng (2334,1099) s3=fng (1911,579) [filtered=2184]
cnt=4 s0=PALM(4406,2254) s1=PALM(448,2316) s2=fng (2331,1106) s3=fng (1915,581) [filtered=2185]
cnt=4 s0=PALM(4411,2258) s1=PALM(448,2316) s2=fng (2328,1113) s3=fng (1919,583) [filtered=2186]
cnt=4 s0=PALM(4416,2262) s1=PALM(448,2316) s2=fng (2326,1119) s3=fng (1922,585) [filtered=2187]
cnt=4 s0=PALM(4421,2266) s1=PALM(448,2316) s2=fng (2324,1125) s3=fng (1925,587) [filtered=2188]
cnt=4 s0=PALM(4425,2270) s1=PALM(448,2316) s2=fng (2323,1131) s3=fng (1927,589) [filtered=2189]
cnt=4 s0=PALM(4429,2273) s1=PALM(448,2316) s2=fng (2326,1136) s3=fng (1929,591) [filtered=2190]
cnt=4 s0=PALM(4433,2276) s1=PALM(448,2316) s2=fng (2329,1141) s3=fng (1931,593) [filtered=2191]
cnt=4 s0=PALM(4437,2279) s1=PALM(448,2315) s2=fng (2334,1145) s3=fng (1933,595) [filtered=2192]
cnt=4 s0=PALM(4441,2282) s1=PALM(448,2315) s2=fng (2339,1149) s3=fng (1935,597) [filtered=2193]
cnt=4 s0=PALM(4445,2285) s1=PALM(448,2315) s2=fng (2347,1152) s3=fng (1936,598) [filtered=2194]
cnt=4 s0=PALM(4449,2288) s1=PALM(448,2315) s2=fng (2355,1155) s3=fng (1937,599) [filtered=2195]
cnt=4 s0=PALM(4452,2291) s1=PALM(448,2316) s2=fng (2366,1157) s3=fng (1938,600) [filtered=2196]
cnt=4 s0=PALM(4455,2294) s1=PALM(448,2316)* s2=fng (2377,1159) s3=fng (1939,601) [filtered=2197]
cnt=4 s0=PALM(4458,2296) s1=PALM(448,2316)* s2=fng (2390,1161) s3=fng (1939,601) [filtered=2198]
cnt=4 s0=PALM(4461,2298) s1=PALM(448,2316)* s2=fng (2403,1163) s3=fng (1939,601) [filtered=2199]
cnt=4 s0=PALM(4464,2300) s1=PALM(448,2316)* s2=fng (2418,1164) s3=fng (1939,601) [filtered=2200]
cnt=4 s0=PALM(4467,2302) s1=PALM(448,2316)* s2=fng (2435,1164) s3=fng (1939,601) [filtered=2201]
cnt=4 s0=PALM(4470,2304) s1=PALM(448,2316)* s2=fng (2452,1164) s3=fng (1939,601) [filtered=2202]
cnt=4 s0=PALM(4472,2306) s1=PALM(448,2316)* s2=fng (2471,1164) s3=fng (1939,601) [filtered=2203]
cnt=4 s0=PALM(4474,2308) s1=PALM(448,2316)* s2=fng (2490,1164) s3=fng (1939,601) [filtered=2204]
cnt=4 s0=PALM(4476,2309) s1=PALM(448,2316)* s2=fng (2509,1164) s3=fng (1939,601) [filtered=2205]
cnt=4 s0=PALM(4478,2310) s1=PALM(448,2316)* s2=fng (2528,1164) s3=fng (1939,601) [filtered=2206]
cnt=4 s0=PALM(4480,2311) s1=PALM(448,2316)* s2=fng (2547,1161) s3=fng (1939,601) [filtered=2207]
cnt=4 s0=PALM(4482,2312) s1=PALM(448,2316)* s2=fng (2565,1158) s3=fng (1939,601) [filtered=2208]
cnt=4 s0=PALM(4484,2312) s1=PALM(448,2316)* s2=fng (2584,1154) s3=fng (1939,601) [filtered=2209]
cnt=4 s0=PALM(4485,2312) s1=PALM(448,2316)* s2=fng (2604,1149) s3=fng (1935,601) [filtered=2210]
cnt=4 s0=PALM(4486,2312) s1=PALM(448,2316)* s2=fng (2624,1144) s3=fng (1931,601) [filtered=2211]
cnt=4 s0=PALM(4486,2312) s1=PALM(448,2316)* s2=fng (2644,1137) s3=fng (1926,598) [filtered=2212]
cnt=4 s0=PALM(4486,2312) s1=PALM(448,2316)* s2=fng (2663,1130) s3=fng (1921,595) [filtered=2213]
cnt=4 s0=PALM(4486,2312) s1=PALM(448,2316)* s2=fng (2683,1121) s3=fng (1915,591) [filtered=2214]
cnt=4 s0=PALM(4486,2312) s1=PALM(448,2316)* s2=fng (2702,1112) s3=fng (1909,587) [filtered=2215]
cnt=4 s0=PALM(4486,2312) s1=PALM(448,2316)* s2=fng (2721,1101) s3=fng (1902,582) [filtered=2216]
cnt=4 s0=PALM(4486,2312) s1=PALM(448,2316)* s2=fng (2741,1088) s3=fng (1895,577) [filtered=2217]
cnt=4 s0=PALM(4486,2312) s1=PALM(448,2316)* s2=fng (2760,1075) s3=fng (1888,572) [filtered=2218]
cnt=4 s0=PALM(4486,2312) s1=PALM(448,2316)* s2=fng (2780,1060) s3=fng (1880,566) [filtered=2219]
cnt=4 s0=PALM(4486,2312) s1=PALM(448,2316)* s2=fng (2800,1045) s3=fng (1872,560) [filtered=2220]
cnt=4 s0=PALM(4483,2312) s1=PALM(448,2316)* s2=fng (2821,1028) s3=fng (1863,554) [filtered=2221]
cnt=4 s0=PALM(4480,2312) s1=PALM(448,2316)* s2=fng (2841,1011) s3=fng (1854,549) [filtered=2222]
cnt=4 s0=PALM(4476,2312) s1=PALM(451,2316)* s2=fng (2863,992) s3=fng (1844,543) [filtered=2223]
cnt=4 s0=PALM(4472,2312) s1=PALM(454,2316)* s2=fng (2884,973) s3=fng (1834,538) [filtered=2224]
cnt=4 s0=PALM(4467,2312) s1=PALM(457,2315) s2=fng (2905,953) s3=fng (1823,533) [filtered=2225]
cnt=4 s0=PALM(4462,2312) s1=PALM(460,2315) s2=fng (2926,933) s3=fng (1813,529) [filtered=2226]
cnt=4 s0=PALM(4457,2309) s1=PALM(464,2315) s2=fng (2946,913) s3=fng (1801,522) [filtered=2227]
cnt=4 s0=PALM(4452,2306) s1=PALM(468,2315) s2=fng (2966,893) s3=fng (1789,516) [filtered=2228]
cnt=4 s0=PALM(4447,2302) s1=PALM(472,2314) s2=fng (2986,873) s3=fng (1777,509) [filtered=2229]
cnt=4 s0=PALM(4442,2298) s1=PALM(476,2313) s2=fng (3006,853) s3=fng (1766,503) [filtered=2230]
cnt=4 s0=PALM(4436,2294) s1=PALM(480,2312) s2=fng (3026,833) s3=fng (1754,496) [filtered=2231]
click: x=3046 -> zone=0x111
cnt=4 s0=PALM(4430,2290) s1=PALM(484,2312) s2=fng (3046,813) s3=fng (1742,489) [filtered=2232]
cnt=4 s0=PALM(4423,2285) s1=PALM(488,2311) s2=fng (3064,793) s3=fng (1729,481) [filtered=2233]
cnt=4 s0=PALM(4418,2280) s1=PALM(490,2311) s2=fng (3082,773) s3=fng (1717,473) [filtered=2234]
cnt=4 s0=PALM(4412,2275) s1=PALM(493,2310) s2=fng (3100,754) s3=fng (1704,465) [filtered=2235]
cnt=4 s0=PALM(4407,2270) s1=PALM(495,2309) s2=fng (3118,735) s3=fng (1692,457) [filtered=2236]
cnt=4 s0=PALM(4402,2265) s1=PALM(498,2308) s2=fng (3134,716) s3=fng (1679,449) [filtered=2237]
cnt=4 s0=PALM(4398,2260) s1=PALM(500,2308) s2=fng (3150,697) s3=fng (1667,441) [filtered=2238]
cnt=4 s0=PALM(4393,2255) s1=PALM(503,2307) s2=fng (3166,680) s3=fng (1655,433) [filtered=2239]
cnt=4 s0=PALM(4389,2250) s1=PALM(505,2306) s2=fng (3182,663) s3=fng (1643,425) [filtered=2240]
cnt=4 s0=PALM(4385,2245) s1=PALM(507,2306) s2=fng (3198,646) s3=fng (1631,417) [filtered=2241]
cnt=4 s0=PALM(4380,2240) s1=PALM(509,2305) s2=fng (3213,629) s3=fng (1619,410) [filtered=2242]
cnt=4 s0=PALM(4375,2235) s1=PALM(511,2304) s2=fng (3228,612) s3=fng (1607,403) [filtered=2243]
cnt=4 s0=PALM(4370,2230) s1=PALM(513,2303) s2=fng (3242,596) s3=fng (1596,397) [filtered=2244]
cnt=4 s0=PALM(4365,2226) s1=PALM(515,2302) s2=fng (3256,581) s3=fng (1585,391) [filtered=2245]
cnt=4 s0=PALM(4360,2222) s1=PALM(517,2301) s2=fng (3268,567) s3=fng (1575,385) [filtered=2246]
cnt=4 s0=PALM(4355,2219) s1=PALM(519,2301) s2=fng (3280,553) s3=fng (1565,379) [filtered=2247]
cnt=4 s0=PALM(4350,2216) s1=PALM(521,2299) s2=fng (3290,539) s3=fng (1555,373) [filtered=2248]
cnt=4 s0=PALM(4345,2213) s1=PALM(523,2298) s2=fng (3300,526) s3=fng (1545,367) [filtered=2249]
cnt=4 s0=PALM(4341,2210) s1=PALM(525,2297) s2=fng (3308,512) s3=fng (1535,362) [filtered=2250]
cnt=4 s0=PALM(4337,2208) s1=PALM(527,2296) s2=fng (3316,499) s3=fng (1525,357) [filtered=2251]
cnt=4 s0=PALM(4333,2205) s1=PALM(529,2295) s2=fng (3322,486) s3=fng (1516,353) [filtered=2252]
cnt=4 s0=PALM(4329,2203) s1=PALM(531,2294) s2=fng (3328,473) s3=fng (1507,349) [filtered=2253]
cnt=4 s0=PALM(4326,2201) s1=PALM(532,2293) s2=fng (3332,461) s3=fng (1499,345) [filtered=2254]
cnt=4 s0=PALM(4323,2199) s1=PALM(533,2293) s2=fng (3336,450) s3=fng (1491,341) [filtered=2255]
cnt=4 s0=PALM(4321,2198) s1=PALM(533,2292) s2=fng (3338,439) s3=fng (1484,337) [filtered=2256]
cnt=4 s0=PALM(4319,2198) s1=PALM(533,2291) s2=fng (3340,428) s3=fng (1477,333) [filtered=2257]
cnt=4 s0=PALM(4317,2196) s1=PALM(532,2290) s2=fng (3341,417) s3=fng (1471,330) [filtered=2258]
cnt=4 s0=PALM(4315,2195) s1=PALM(532,2289) s2=fng (3342,406) s3=fng (1465,327) [filtered=2259]
cnt=4 s0=PALM(4313,2195) s1=PALM(532,2289) s2=fng (3343,395) s3=fng (1459,324) [filtered=2260]
cnt=4 s0=PALM(4312,2193) s1=PALM(532,2288) s2=fng (3343,385) s3=fng (1455,322) [filtered=2261]
cnt=4 s0=PALM(4312,2191) s1=PALM(532,2287) s2=fng (3340,376) s3=fng (1451,320) [filtered=2262]
cnt=4 s0=PALM(4312,2190) s1=PALM(532,2287) s2=fng (3337,367) s3=fng (1447,318) [filtered=2263]
cnt=4 s0=PALM(4312,2190) s1=PALM(532,2287) s2=fng (3334,358) s3=fng (1443,316) [filtered=2264]
cnt=4 s0=PALM(4312,2189) s1=PALM(532,2286) s2=fng (3329,350) s3=fng (1440,315) [filtered=2265]
cnt=4 s0=PALM(4312,2188) s1=PALM(532,2286) s2=fng (3324,342) s3=fng (1437,314) [filtered=2266]
cnt=3 s0=PALM(4312,2186) s1=PALM(531,2285) s2=fng (3318,335) [filtered=2267]
cnt=3 s0=PALM(4312,2184) s1=PALM(530,2285)* s2=fng (3311,329) [filtered=2268]
cnt=3 s0=PALM(4312,2183) s1=PALM(529,2285)* s2=fng (3304,323) [filtered=2269]
cnt=3 s0=PALM(4312,2182) s1=PALM(529,2285)* s2=fng (3295,317) [filtered=2270]
cnt=3 s0=PALM(4312,2182) s1=PALM(529,2285)* s2=fng (3286,311) [filtered=2271]
cnt=3 s0=PALM(4312,2181) s1=PALM(528,2285)* s2=fng (3277,306) [filtered=2272]
cnt=3 s0=PALM(4312,2181) s1=PALM(528,2285)* s2=fng (3268,301) [filtered=2273]
cnt=3 s0=PALM(4315,2181) s1=PALM(528,2285)* s2=fng (3259,297) [filtered=2274]
cnt=2 s0=PALM(4319,2181) s1=PALM(527,2285)* [filtered=2275]
cnt=2 s0=PALM(4323,2181) s1=PALM(527,2285)* [filtered=2276]
cnt=2 s0=PALM(4328,2181) s1=PALM(527,2285)* [filtered=2277]
cnt=2 s0=PALM(4333,2181) s1=PALM(527,2285)* [filtered=2278]
cnt=2 s0=PALM(4337,2182) s1=PALM(526,2285)* [filtered=2279]
cnt=2 s0=PALM(4341,2183) s1=PALM(525,2285)* [filtered=2280]
cnt=2 s0=PALM(4346,2184) s1=PALM(524,2285)* [filtered=2281]
cnt=2 s0=PALM(4350,2184) s1=PALM(523,2285)* [filtered=2282]
cnt=2 s0=PALM(4354,2185) s1=PALM(522,2285)* [filtered=2283]
cnt=2 s0=PALM(4357,2185) s1=PALM(522,2285)* [filtered=2284]
cnt=2 s0=PALM(4361,2186) s1=PALM(521,2285)* [filtered=2285]
cnt=2 s0=PALM(4365,2188) s1=PALM(520,2285)* [filtered=2286]
cnt=2 s0=PALM(4369,2189) s1=PALM(519,2285)* [filtered=2287]
cnt=2 s0=PALM(4373,2190) s1=PALM(518,2285)* [filtered=2288]
cnt=2 s0=PALM(4376,2191) s1=PALM(518,2285)* [filtered=2289]
cnt=2 s0=PALM(4380,2192) s1=PALM(517,2285)* [filtered=2290]
cnt=2 s0=PALM(4383,2192) s1=PALM(516,2285)* [filtered=2291]
cnt=2 s0=PALM(4386,2193) s1=PALM(515,2285)* [filtered=2292]
cnt=2 s0=PALM(4390,2195) s1=PALM(513,2285)* [filtered=2293]
cnt=2 s0=PALM(4393,2196) s1=PALM(512,2285)* [filtered=2294]
cnt=2 s0=PALM(4397,2198) s1=PALM(511,2285)* [filtered=2295]
cnt=2 s0=PALM(4401,2200) s1=PALM(510,2285)* [filtered=2296]
cnt=2 s0=PALM(4404,2201) s1=PALM(510,2285)* [filtered=2297]
cnt=2 s0=PALM(4408,2203) s1=PALM(509,2285)* [filtered=2298]
cnt=2 s0=PALM(4411,2204) s1=PALM(509,2285)* [filtered=2299]
cnt=2 s0=PALM(4416,2206) s1=PALM(508,2285)* [filtered=2300]
cnt=2 s0=PALM(4421,2209) s1=PALM(507,2285)* [filtered=2301]
cnt=2 s0=PALM(4426,2212) s1=PALM(506,2285)* [filtered=2302]
cnt=2 s0=PALM(4430,2214) s1=PALM(505,2285)* [filtered=2303]
cnt=2 s0=PALM(4436,2217) s1=PALM(504,2285)* [filtered=2304]
cnt=2 s0=PALM(4441,2219) s1=PALM(504,2285)* [filtered=2305]
cnt=2 s0=PALM(4445,2222) s1=PALM(503,2285)* [filtered=2306]
cnt=2 s0=PALM(4450,2225) s1=PALM(502,2285)* [filtered=2307]
cnt=2 s0=PALM(4454,2227) s1=PALM(502,2285)* [filtered=2308]
cnt=2 s0=PALM(4458,2230) s1=PALM(501,2285)* [filtered=2309]
cnt=2 s0=PALM(4462,2232) s1=PALM(501,2285)* [filtered=2310]
cnt=2 s0=PALM(4466,2234) s1=PALM(500,2285)* [filtered=2311]
cnt=2 s0=PALM(4470,2236) s1=PALM(500,2285)* [filtered=2312]
cnt=2 s0=PALM(4474,2239) s1=PALM(499,2285)* [filtered=2313]
cnt=2 s0=PALM(4478,2243) s1=PALM(498,2285)* [filtered=2314]
cnt=2 s0=PALM(4482,2246) s1=PALM(498,2285)* [filtered=2315]
cnt=2 s0=PALM(4486,2250) s1=PALM(497,2285)* [filtered=2316]
cnt=2 s0=PALM(4491,2254) s1=PALM(495,2285)* [filtered=2317]
cnt=2 s0=PALM(4495,2257) s1=PALM(494,2285)* [filtered=2318]
cnt=2 s0=PALM(4500,2261) s1=PALM(493,2285)* [filtered=2319]
cnt=2 s0=PALM(4505,2265) s1=PALM(492,2285)* [filtered=2320]
cnt=2 s0=PALM(4510,2269) s1=PALM(490,2285)* [filtered=2321]
cnt=2 s0=PALM(4514,2272) s1=PALM(489,2285)* [filtered=2322]
cnt=2 s0=PALM(4518,2276) s1=PALM(488,2285)* [filtered=2323]
cnt=2 s0=PALM(4522,2280) s1=PALM(487,2285)* [filtered=2324]
cnt=2 s0=PALM(4525,2283) s1=PALM(486,2285)* [filtered=2325]
cnt=2 s0=PALM(4529,2286) s1=PALM(485,2285)* [filtered=2326]
cnt=1 s1=fng (484,2285)* [filtered=2326]
cnt=2 s0=PALM(4571,2317) s1=PALM(482,2285)* [filtered=2327]
cnt=2 s0=PALM(4571,2317) s1=PALM(481,2285)* [filtered=2328]
cnt=2 s0=PALM(4571,2317) s1=PALM(480,2285)* [filtered=2329]
cnt=2 s0=PALM(4571,2317) s1=PALM(479,2285)* [filtered=2330]
cnt=2 s0=PALM(4571,2317) s1=PALM(477,2285)* [filtered=2331]
cnt=2 s0=PALM(4571,2317) s1=PALM(476,2285)* [filtered=2332]
cnt=2 s0=PALM(4571,2317) s1=PALM(475,2285)* [filtered=2333]
cnt=2 s0=PALM(4571,2317) s1=PALM(473,2285)* [filtered=2334]
cnt=2 s0=PALM(4571,2318) s1=PALM(472,2285)* [filtered=2335]
cnt=2 s0=PALM(4571,2318) s1=PALM(471,2285)* [filtered=2336]
cnt=2 s0=PALM(4571,2319) s1=PALM(470,2285)* [filtered=2337]
cnt=3 s0=PALM(4571,2319) s1=PALM(469,2285)* s2=fng (2542,1020) [filtered=2338]
cnt=3 s0=PALM(4571,2319) s1=PALM(469,2285)* s2=fng (2542,1020) [filtered=2339]
cnt=3 s0=PALM(4571,2320) s1=PALM(467,2286)* s2=fng (2542,1020) [filtered=2340]
cnt=3 s0=PALM(4571,2320) s1=PALM(465,2287)* s2=fng (2542,1020) [filtered=2341]
cnt=3 s0=PALM(4571,2321) s1=PALM(462,2287)* s2=fng (2542,1021) [filtered=2342]
cnt=3 s0=PALM(4571,2321) s1=PALM(461,2287)* s2=fng (2542,1022) [filtered=2343]
cnt=3 s0=PALM(4571,2322) s1=PALM(459,2288)* s2=fng (2541,1023) [filtered=2344]
cnt=3 s0=PALM(4571,2323) s1=PALM(457,2289)* s2=fng (2541,1025) [filtered=2345]
cnt=3 s0=PALM(4571,2324) s1=PALM(456,2289)* s2=fng (2541,1026) [filtered=2346]
cnt=3 s0=PALM(4571,2325)* s1=PALM(454,2289)* s2=fng (2540,1027) [filtered=2347]
cnt=3 s0=PALM(4572,2326)* s1=PALM(452,2290)* s2=fng (2539,1029) [filtered=2348]
cnt=3 s0=PALM(4572,2326)* s1=PALM(451,2290)* s2=fng (2539,1030) [filtered=2349]
cnt=4 s0=PALM(4572,2327)* s1=PALM(449,2291)* s2=fng (2539,1033) s3=fng (1800,494) [filtered=2350]
cnt=4 s0=PALM(4572,2328)* s1=PALM(447,2292)* s2=fng (2539,1034) s3=fng (1800,494) [filtered=2351]
cnt=4 s0=PALM(4572,2328)* s1=PALM(446,2292)* s2=fng (2539,1035) s3=fng (1800,494) [filtered=2352]
cnt=4 s0=PALM(4573,2328)* s1=PALM(445,2293)* s2=fng (2539,1036) s3=fng (1800,494) [filtered=2353]
cnt=4 s0=PALM(4573,2328)* s1=PALM(444,2293)* s2=fng (2539,1036) s3=fng (1800,494) [filtered=2354]
cnt=4 s0=PALM(4573,2329)* s1=PALM(443,2294)* s2=fng (2539,1037) s3=fng (1800,495) [filtered=2355]
cnt=4 s0=PALM(4574,2330)* s1=PALM(442,2294)* s2=fng (2539,1038) s3=fng (1800,495) [filtered=2356]
cnt=4 s0=PALM(4574,2330)* s1=PALM(441,2294)* s2=fng (2539,1038) s3=fng (1800,495) [filtered=2357]
cnt=4 s0=PALM(4574,2330)* s1=PALM(440,2295)* s2=fng (2539,1039)* s3=fng (1801,496) [filtered=2358]
cnt=4 s0=PALM(4575,2331)* s1=PALM(440,2296)* s2=fng (2539,1040)* s3=fng (1802,496) [filtered=2359]
cnt=4 s0=PALM(4575,2331)* s1=PALM(440,2296)* s2=fng (2539,1041)* s3=fng (1802,496) [filtered=2360]
cnt=4 s0=PALM(4575,2331)* s1=PALM(439,2297)* s2=fng (2539,1042)* s3=fng (1802,497) [filtered=2361]
cnt=4 s0=PALM(4576,2332)* s1=PALM(439,2298)* s2=fng (2539,1043)* s3=fng (1803,498) [filtered=2362]
cnt=4 s0=PALM(4576,2332)* s1=PALM(439,2298)* s2=fng (2539,1043)* s3=fng (1803,499) [filtered=2363]
cnt=4 s0=PALM(4577,2332)* s1=PALM(438,2299)* s2=fng (2539,1044)* s3=fng (1803,500) [filtered=2364]
cnt=4 s0=PALM(4577,2332)* s1=PALM(437,2300)* s2=fng (2540,1045)* s3=fng (1804,501) [filtered=2365]
cnt=4 s0=PALM(4577,2332)* s1=PALM(437,2300)* s2=fng (2541,1045)* s3=fng (1804,501) [filtered=2366]
cnt=4 s0=PALM(4578,2332)* s1=PALM(437,2301)* s2=fng (2542,1046)* s3=fng (1804,502) [filtered=2367]
cnt=4 s0=PALM(4578,2332)* s1=PALM(437,2301)* s2=fng (2542,1046)* s3=fng (1804,502) [filtered=2368]
cnt=4 s0=PALM(4578,2332)* s1=PALM(436,2302)* s2=fng (2544,1046)* s3=fng (1805,503) [filtered=2369]
cnt=4 s0=PALM(4579,2332)* s1=PALM(436,2302)* s2=fng (2547,1046)* s3=fng (1806,504)* [filtered=2370]
cnt=4 s0=PALM(4579,2332)* s1=PALM(436,2302)* s2=fng (2549,1046)* s3=fng (1806,505)* [filtered=2371]
cnt=4 s0=PALM(4579,2332)* s1=PALM(436,2303)* s2=fng (2554,1045) s3=fng (1807,506)* [filtered=2372]
cnt=4 s0=PALM(4580,2332)* s1=PALM(436,2304)* s2=fng (2562,1043) s3=fng (1808,508)* [filtered=2373]
cnt=4 s0=PALM(4580,2332)* s1=PALM(436,2304)* s2=fng (2570,1042) s3=fng (1808,509)* [filtered=2374]
cnt=4 s0=PALM(4581,2332)* s1=PALM(436,2304)* s2=fng (2580,1039) s3=fng (1808,510)* [filtered=2375]
cnt=4 s0=PALM(4581,2332)* s1=PALM(436,2304)* s2=fng (2589,1037) s3=fng (1808,510)* [filtered=2376]
cnt=4 s0=PALM(4581,2332)* s1=PALM(436,2305)* s2=fng (2602,1032) s3=fng (1809,511)* [filtered=2377]
cnt=4 s0=PALM(4581,2332)* s1=PALM(436,2305)* s2=fng (2617,1025) s3=fng (1809,512)* [filtered=2378]
cnt=4 s0=PALM(4581,2332)* s1=PALM(436,2305)* s2=fng (2632,1018) s3=fng (1809,513)* [filtered=2379]
cnt=4 s0=PALM(4581,2332)* s1=PALM(436,2306)* s2=fng (2651,1007) s3=fng (1810,514)* [filtered=2380]
cnt=4 s0=PALM(4581,2332)* s1=PALM(436,2306)* s2=fng (2669,997) s3=fng (1810,514)* [filtered=2381]
cnt=4 s0=PALM(4581,2332)* s1=PALM(436,2306)* s2=fng (2690,983) s3=fng (1811,515)* [filtered=2382]
cnt=4 s0=PALM(4581,2331)* s1=PALM(436,2307)* s2=fng (2713,966) s3=fng (1812,517)* [filtered=2383]
cnt=4 s0=PALM(4581,2331)* s1=PALM(436,2307)* s2=fng (2735,949) s3=fng (1812,518)* [filtered=2384]
cnt=4 s0=PALM(4580,2330)* s1=PALM(436,2308)* s2=fng (2758,930) s3=fng (1813,520)* [filtered=2385]
cnt=4 s0=PALM(4580,2330)* s1=PALM(436,2308)* s2=fng (2780,912) s3=fng (1814,521)* [filtered=2386]
cnt=4 s0=PALM(4579,2329)* s1=PALM(436,2308)* s2=fng (2801,891) s3=fng (1815,523)* [filtered=2387]
cnt=4 s0=PALM(4578,2328)* s1=PALM(436,2309)* s2=fng (2823,869) s3=fng (1816,525)* [filtered=2388]
cnt=4 s0=PALM(4577,2327)* s1=PALM(436,2309)* s2=fng (2844,848) s3=fng (1817,526)* [filtered=2389]
cnt=4 s0=PALM(4576,2326)* s1=PALM(436,2309)* s2=fng (2865,825) s3=fng (1818,528)* [filtered=2390]
cnt=4 s0=PALM(4574,2324) s1=PALM(436,2310)* s2=fng (2886,803) s3=fng (1819,530)* [filtered=2391]
cnt=4 s0=PALM(4573,2323) s1=PALM(436,2310)* s2=fng (2906,782) s3=fng (1820,531)* [filtered=2392]
cnt=4 s0=PALM(4571,2321) s1=PALM(436,2310)* s2=fng (2924,761) s3=fng (1821,533)* [filtered=2393]
cnt=4 s0=PALM(4569,2319) s1=PALM(436,2311)* s2=fng (2942,742) s3=fng (1822,535)* [filtered=2394]
cnt=4 s0=PALM(4568,2318) s1=PALM(436,2311)* s2=fng (2959,724) s3=fng (1822,536)* [filtered=2395]
cnt=4 s0=PALM(4565,2316) s1=PALM(436,2312)* s2=fng (2974,706) s3=fng (1823,537)* [filtered=2396]
cnt=4 s0=PALM(4562,2313) s1=PALM(436,2312)* s2=fng (2987,689) s3=fng (1824,539)* [filtered=2397]
cnt=4 s0=PALM(4560,2311) s1=PALM(436,2312)* s2=fng (3000,673) s3=fng (1825,540)* [filtered=2398]
cnt=4 s0=PALM(4558,2309) s1=PALM(436,2313)* s2=fng (3012,658) s3=fng (1826,541)* [filtered=2399]
cnt=4 s0=PALM(4556,2308) s1=PALM(436,2313)* s2=fng (3024,644) s3=fng (1826,542)* [filtered=2400]
cnt=4 s0=PALM(4554,2306) s1=PALM(436,2313)* s2=fng (3034,630) s3=fng (1826,543)* [filtered=2401]
cnt=4 s0=PALM(4552,2305) s1=PALM(436,2313)* s2=fng (3044,616) s3=fng (1826,544)* [filtered=2402]
cnt=4 s0=PALM(4550,2303) s1=PALM(436,2314)* s2=fng (3052,603) s3=fng (1827,545)* [filtered=2403]
cnt=4 s0=PALM(4549,2301) s1=PALM(436,2315)* s2=fng (3060,591) s3=fng (1828,546)* [filtered=2404]
cnt=4 s0=PALM(4550,2300) s1=PALM(436,2315)* s2=fng (3068,579) s3=fng (1828,546)* [filtered=2405]
cnt=4 s0=PALM(4548,2298) s1=PALM(436,2315)* s2=fng (3074,568) s3=fng (1828,547)* [filtered=2406]
cnt=4 s0=PALM(4547,2297) s1=PALM(436,2315)* s2=fng (3080,557) s3=fng (1828,547)* [filtered=2407]
cnt=4 s0=PALM(4545,2295) s1=PALM(436,2316)* s2=fng (3086,546) s3=fng (1829,548)* [filtered=2408]
cnt=4 s0=PALM(4544,2294) s1=PALM(436,2316)* s2=fng (3092,535) s3=fng (1829,548)* [filtered=2409]
cnt=4 s0=PALM(4542,2292) s1=PALM(436,2316)* s2=fng (3096,525) s3=fng (1829,548)* [filtered=2410]
cnt=4 s0=PALM(4541,2291) s1=PALM(436,2316)* s2=fng (3100,515) s3=fng (1829,548)* [filtered=2411]
cnt=4 s0=PALM(4539,2290) s1=PALM(436,2316)* s2=fng (3102,505) s3=fng (1829,548)* [filtered=2412]
cnt=4 s0=PALM(4537,2288) s1=PALM(436,2316)* s2=fng (3103,495) s3=fng (1829,548)* [filtered=2413]
cnt=4 s0=PALM(4536,2287) s1=PALM(436,2316)* s2=fng (3104,485) s3=fng (1829,548)* [filtered=2414]
cnt=4 s0=PALM(4535,2285) s1=PALM(436,2316)* s2=fng (3104,476) s3=fng (1828,548)* [filtered=2415]
cnt=4 s0=PALM(4534,2284) s1=PALM(436,2316)* s2=fng (3104,467) s3=fng (1828,548)* [filtered=2416]
cnt=4 s0=PALM(4533,2283) s1=PALM(436,2316)* s2=fng (3100,460) s3=fng (1827,548)* [filtered=2417]
cnt=4 s0=PALM(4533,2282) s1=PALM(436,2316)* s2=fng (3095,454) s3=fng (1826,547)* [filtered=2418]
cnt=4 s0=PALM(4533,2281) s1=PALM(436,2316)* s2=fng (3090,448) s3=fng (1826,547)* [filtered=2419]
cnt=4 s0=PALM(4533,2280) s1=PALM(436,2316)* s2=fng (3085,444) s3=fng (1825,546)* [filtered=2420]
cnt=3 s0=PALM(4534,2279) s1=PALM(436,2316)* s3=fng (1823,545)* [filtered=2421]
cnt=3 s0=PALM(4534,2279) s1=PALM(436,2316)* s3=fng (1822,544)* [filtered=2422]
cnt=3 s0=PALM(4535,2279) s1=PALM(436,2316)* s3=fng (1820,542) [filtered=2423]
cnt=3 s0=PALM(4537,2279) s1=PALM(435,2317)* s3=fng (1817,540) [filtered=2424]
cnt=3 s0=PALM(4539,2279) s1=PALM(434,2317)* s3=fng (1813,538) [filtered=2425]
cnt=3 s0=PALM(4540,2279) s1=PALM(433,2317)* s3=fng (1811,537) [filtered=2426]
cnt=3 s0=PALM(4542,2280) s1=PALM(432,2318)* s3=fng (1808,536) [filtered=2427]
cnt=2 s0=PALM(4545,2281) s1=PALM(429,2319) [filtered=2428]
cnt=2 s0=PALM(4548,2282) s1=PALM(426,2319) [filtered=2429]
cnt=2 s0=PALM(4551,2282) s1=PALM(423,2320) [filtered=2430]
cnt=2 s0=PALM(4552,2282) s1=PALM(422,2320) [filtered=2431]
cnt=2 s0=PALM(4554,2283) s1=PALM(419,2321) [filtered=2432]
cnt=2 s0=PALM(4556,2283) s1=PALM(416,2322) [filtered=2433]
cnt=2 s0=PALM(4558,2284) s1=PALM(412,2324) [filtered=2434]
cnt=2 s0=PALM(4559,2285) s1=PALM(409,2325) [filtered=2435]
cnt=2 s0=PALM(4560,2286) s1=PALM(404,2328) [filtered=2436]
cnt=2 s0=PALM(4561,2287) s1=PALM(399,2332) [filtered=2437]
cnt=2 s0=PALM(4563,2288) s1=PALM(394,2336) [filtered=2438]
cnt=2 s0=PALM(4564,2289) s1=PALM(389,2341) [filtered=2439]
cnt=2 s0=PALM(4565,2290) s1=PALM(384,2345) [filtered=2440]
cnt=2 s0=PALM(4566,2291) s1=PALM(379,2350) [filtered=2441]
cnt=2 s0=PALM(4567,2292) s1=PALM(374,2355) [filtered=2442]
cnt=2 s0=PALM(4568,2294) s1=PALM(369,2360) [filtered=2443]
cnt=2 s0=PALM(4569,2296) s1=PALM(364,2365) [filtered=2444]
cnt=2 s0=PALM(4570,2297) s1=PALM(359,2369) [filtered=2445]
cnt=2 s0=PALM(4571,2298) s1=PALM(354,2373) [filtered=2446]
cnt=2 s0=PALM(4572,2300) s1=PALM(349,2378) [filtered=2447]
cnt=2 s0=PALM(4573,2302) s1=PALM(345,2383) [filtered=2448]
cnt=2 s0=PALM(4573,2303)* s1=PALM(342,2387) [filtered=2449]
cnt=2 s0=PALM(4574,2304)* s1=PALM(339,2391) [filtered=2450]
cnt=2 s0=PALM(4575,2306)* s1=PALM(335,2395) [filtered=2451]
cnt=2 s0=PALM(4576,2308)* s1=PALM(331,2398) [filtered=2452]
cnt=2 s0=PALM(4577,2310)* s1=PALM(327,2402) [filtered=2453]
cnt=2 s0=PALM(4578,2311)* s1=PALM(324,2405) [filtered=2454]
cnt=2 s0=PALM(4578,2313)* s1=PALM(322,2408) [filtered=2455]
cnt=2 s0=PALM(4579,2315)* s1=PALM(320,2411) [filtered=2456]
cnt=2 s0=PALM(4580,2318) s1=PALM(318,2414) [filtered=2457]
cnt=2 s0=PALM(4581,2319) s1=PALM(316,2417) [filtered=2458]
cnt=2 s0=PALM(4582,2321) s1=PALM(314,2420) [filtered=2459]
cnt=2 s0=PALM(4583,2324) s1=PALM(312,2422) [filtered=2460]
cnt=2 s0=PALM(4584,2327) s1=PALM(309,2425) [filtered=2461]
cnt=2 s0=PALM(4585,2330) s1=PALM(307,2428) [filtered=2462]
cnt=2 s0=PALM(4585,2331) s1=PALM(306,2430) [filtered=2463]
cnt=2 s0=PALM(4586,2333) s1=PALM(305,2432) [filtered=2464]
cnt=2 s0=PALM(4587,2336) s1=PALM(303,2435) [filtered=2465]
cnt=2 s0=PALM(4588,2338) s1=PALM(301,2437) [filtered=2466]
cnt=2 s0=PALM(4588,2341) s1=PALM(299,2439) [filtered=2467]
cnt=2 s0=PALM(4588,2342) s1=PALM(298,2440) [filtered=2468]
cnt=2 s0=PALM(4589,2344) s1=PALM(297,2442) [filtered=2469]
cnt=2 s0=PALM(4590,2346) s1=PALM(295,2444) [filtered=2470]
cnt=2 s0=PALM(4590,2348) s1=PALM(294,2446) [filtered=2471]
cnt=2 s0=PALM(4590,2349) s1=PALM(293,2447) [filtered=2472]
cnt=3 s0=PALM(4591,2351) s1=PALM(292,2449) s2=fng (3112,1302) [filtered=2473]
cnt=3 s0=PALM(4592,2354) s1=PALM(291,2451) s2=fng (3112,1303) [filtered=2474]
cnt=3 s0=PALM(4592,2356) s1=PALM(291,2452) s2=fng (3112,1303) [filtered=2475]
cnt=3 s0=PALM(4593,2358) s1=PALM(290,2454) s2=fng (3112,1304) [filtered=2476]
cnt=4 s0=PALM(4594,2361) s1=PALM(289,2457) s2=fng (3113,1306) s3=fng (1657,1116) [filtered=2477]
cnt=4 s0=PALM(4595,2363) s1=PALM(289,2458) s2=fng (3113,1307) s3=fng (1657,1116) [filtered=2478]
cnt=4 s0=PALM(4596,2365) s1=PALM(288,2460) s2=fng (3113,1308) s3=fng (1657,1116) [filtered=2479]
cnt=4 s0=PALM(4597,2367) s1=PALM(288,2462) s2=fng (3113,1309) s3=fng (1657,1117) [filtered=2480]
cnt=4 s0=PALM(4597,2368) s1=PALM(288,2463) s2=fng (3113,1310) s3=fng (1657,1117) [filtered=2481]
cnt=4 s0=PALM(4598,2369) s1=PALM(288,2464) s2=fng (3113,1311) s3=fng (1657,1117) [filtered=2482]
cnt=4 s0=PALM(4599,2371) s1=PALM(288,2465) s2=fng (3114,1312) s3=fng (1657,1118) [filtered=2483]
cnt=4 s0=PALM(4599,2372) s1=PALM(288,2466) s2=fng (3114,1313) s3=fng (1657,1118) [filtered=2484]
cnt=4 s0=PALM(4600,2373) s1=PALM(288,2467) s2=fng (3114,1314) s3=fng (1657,1119) [filtered=2485]
cnt=4 s0=PALM(4601,2374) s1=PALM(288,2468) s2=fng (3115,1316) s3=fng (1657,1120) [filtered=2486]
cnt=4 s0=PALM(4601,2375) s1=PALM(288,2468) s2=fng (3115,1317) s3=fng (1657,1121) [filtered=2487]
cnt=4 s0=PALM(4602,2376) s1=PALM(288,2469) s2=fng (3116,1318) s3=fng (1657,1122) [filtered=2488]
cnt=4 s0=PALM(4603,2377) s1=PALM(288,2470) s2=fng (3116,1319) s3=fng (1657,1123) [filtered=2489]
cnt=4 s0=PALM(4604,2377) s1=PALM(288,2471) s2=fng (3116,1320) s3=fng (1657,1124) [filtered=2490]
cnt=4 s0=PALM(4605,2378) s1=PALM(288,2472) s2=fng (3117,1321) s3=fng (1657,1125) [filtered=2491]
cnt=4 s0=PALM(4606,2379) s1=PALM(288,2473) s2=fng (3118,1323) s3=fng (1657,1127) [filtered=2492]
cnt=4 s0=PALM(4606,2379) s1=PALM(288,2473) s2=fng (3118,1324)* s3=fng (1657,1128) [filtered=2493]
cnt=4 s0=PALM(4607,2379) s1=PALM(288,2474) s2=fng (3118,1325)* s3=fng (1658,1129) [filtered=2494]
cnt=4 s0=PALM(4608,2380) s1=PALM(288,2475) s2=fng (3119,1326)* s3=fng (1658,1130) [filtered=2495]
cnt=4 s0=PALM(4609,2380) s1=PALM(288,2476) s2=fng (3119,1328)* s3=fng (1660,1133) [filtered=2496]
cnt=4 s0=PALM(4609,2380)* s1=PALM(288,2476)* s2=fng (3119,1329)* s3=fng (1661,1134) [filtered=2497]
cnt=4 s0=PALM(4610,2380)* s1=PALM(288,2477)* s2=fng (3120,1330)* s3=fng (1662,1137) [filtered=2498]
cnt=4 s0=PALM(4610,2380)* s1=PALM(288,2478)* s2=fng (3121,1331)* s3=fng (1665,1141) [filtered=2499]
cnt=4 s0=PALM(4610,2380)* s1=PALM(288,2478)* s2=fng (3121,1332)* s3=fng (1666,1144) [filtered=2500]
cnt=4 s0=PALM(4610,2380)* s1=PALM(287,2479)* s2=fng (3121,1333)* s3=fng (1670,1148) [filtered=2501]
cnt=4 s0=PALM(4610,2380)* s1=PALM(286,2480)* s2=fng (3122,1333)* s3=fng (1674,1152) [filtered=2502]
cnt=4 s0=PALM(4610,2380)* s1=PALM(286,2480)* s2=fng (3122,1333)* s3=fng (1677,1155) [filtered=2503]
cnt=4 s0=PALM(4610,2380)* s1=PALM(286,2481)* s2=fng (3122,1334)* s3=fng (1681,1158) [filtered=2504]
cnt=4 s0=PALM(4610,2380)* s1=PALM(285,2482)* s2=fng (3122,1334)* s3=fng (1686,1162) [filtered=2505]
cnt=4 s0=PALM(4610,2380)* s1=PALM(285,2482)* s2=fng (3122,1334)* s3=fng (1690,1165) [filtered=2506]
cnt=4 s0=PALM(4610,2380)* s1=PALM(285,2483)* s2=fng (3122,1333)* s3=fng (1695,1167) [filtered=2507]
cnt=4 s0=PALM(4610,2380)* s1=PALM(284,2484)* s2=fng (3122,1332)* s3=fng (1700,1168) [filtered=2508]
cnt=4 s0=PALM(4610,2380)* s1=PALM(284,2485)* s2=fng (3122,1331)* s3=fng (1704,1168) [filtered=2509]
cnt=4 s0=PALM(4610,2380)* s1=PALM(284,2486)* s2=fng (3121,1328) s3=fng (1709,1169) [filtered=2510]
cnt=4 s0=PALM(4610,2380)* s1=PALM(284,2487)* s2=fng (3120,1324) s3=fng (1714,1170) [filtered=2511]
cnt=4 s0=PALM(4610,2380)* s1=PALM(284,2487)* s2=fng (3120,1321) s3=fng (1718,1170) [filtered=2512]
cnt=4 s0=PALM(4610,2380)* s1=PALM(284,2488)* s2=fng (3119,1314) s3=fng (1721,1170) [filtered=2513]
cnt=4 s0=PALM(4610,2380)* s1=PALM(284,2489)* s2=fng (3118,1305) s3=fng (1725,1170) [filtered=2514]
cnt=4 s0=PALM(4610,2380)* s1=PALM(284,2489)* s2=fng (3117,1297) s3=fng (1728,1170) [filtered=2515]
cnt=4 s0=PALM(4609,2380)* s1=PALM(284,2490)* s2=fng (3116,1285) s3=fng (1731,1169) [filtered=2516]
cnt=4 s0=PALM(4608,2380)* s1=PALM(284,2491)* s2=fng (3115,1269) s3=fng (1734,1168) [filtered=2517]
cnt=4 s0=PALM(4608,2380)* s1=PALM(284,2491)* s2=fng (3115,1254) s3=fng (1736,1168) [filtered=2518]
cnt=4 s0=PALM(4607,2379)* s1=PALM(284,2492)* s2=fng (3115,1235) s3=fng (1738,1167) [filtered=2519]
cnt=4 s0=PALM(4606,2378)* s1=PALM(284,2493)* s2=fng (3116,1213) s3=fng (1740,1164) [filtered=2520]
cnt=4 s0=PALM(4604,2377)* s1=PALM(284,2493)* s2=fng (3117,1187) s3=fng (1743,1160) [filtered=2521]
cnt=4 s0=PALM(4603,2377)* s1=PALM(284,2493)* s2=fng (3117,1161) s3=fng (1745,1158) [filtered=2522]
cnt=4 s0=PALM(4601,2376)* s1=PALM(284,2494)* s2=fng (3119,1131) s3=fng (1746,1154) [filtered=2523]
cnt=4 s0=PALM(4599,2375)* s1=PALM(284,2494)* s2=fng (3123,1098) s3=fng (1747,1148) [filtered=2524]
cnt=4 s0=PALM(4598,2374)* s1=PALM(284,2494)* s2=fng (3126,1066) s3=fng (1747,1143) [filtered=2525]
cnt=4 s0=PALM(4597,2373)* s1=PALM(284,2495)* s2=fng (3130,1031) s3=fng (1747,1136) [filtered=2526]
cnt=4 s0=PALM(4595,2371) s1=PALM(285,2495)* s2=fng (3136,994) s3=fng (1747,1128) [filtered=2527]
cnt=4 s0=PALM(4594,2370) s1=PALM(285,2495)* s2=fng (3141,958) s3=fng (1747,1121) [filtered=2528]
cnt=4 s0=PALM(4592,2367) s1=PALM(286,2495)* s2=fng (3148,921) s3=fng (1747,1111) [filtered=2529]
cnt=4 s0=PALM(4588,2364) s1=PALM(287,2495)* s2=fng (3155,884) s3=fng (1746,1098) [filtered=2530]
cnt=4 s0=PALM(4586,2362) s1=PALM(287,2495)* s2=fng (3161,848) s3=fng (1745,1086) [filtered=2531]
cnt=4 s0=PALM(4582,2358) s1=PALM(288,2495)* s2=fng (3169,814) s3=fng (1743,1071) [filtered=2532]
cnt=4 s0=PALM(4578,2354) s1=PALM(289,2495)* s2=fng (3177,781) s3=fng (1740,1055) [filtered=2533]
cnt=4 s0=PALM(4575,2351) s1=PALM(290,2495)* s2=fng (3184,748) s3=fng (1738,1040) [filtered=2534]
cnt=4 s0=PALM(4571,2347) s1=PALM(291,2494)* s2=fng (3191,716) s3=fng (1735,1021) [filtered=2535]
cnt=4 s0=PALM(4567,2343) s1=PALM(293,2494)* s2=fng (3198,686) s3=fng (1731,1002) [filtered=2536]
cnt=4 s0=PALM(4564,2339) s1=PALM(294,2494)* s2=fng (3204,656) s3=fng (1728,984) [filtered=2537]
cnt=4 s0=PALM(4560,2335) s1=PALM(296,2493)* s2=fng (3210,627) s3=fng (1725,966) [filtered=2538]
cnt=4 s0=PALM(4556,2330) s1=PALM(299,2492) s2=fng (3214,600) s3=fng (1721,947) [filtered=2539]
cnt=4 s0=PALM(4552,2325) s1=PALM(301,2491) s2=fng (3218,573) s3=fng (1718,929) [filtered=2540]
cnt=4 s0=PALM(4547,2320) s1=PALM(305,2490) s2=fng (3221,547) s3=fng (1715,911) [filtered=2541]
cnt=4 s0=PALM(4543,2316) s1=PALM(308,2489) s2=fng (3224,521) s3=fng (1712,893) [filtered=2542]
cnt=4 s0=PALM(4540,2311) s1=PALM(310,2487) s2=fng (3226,499) s3=fng (1710,877) [filtered=2543]
cnt=4 s0=PALM(4537,2306) s1=PALM(313,2485) s2=fng (3226,479) s3=fng (1707,861) [filtered=2544]
cnt=4 s0=PALM(4535,2302) s1=PALM(315,2484) s2=fng (3226,459) s3=fng (1705,845) [filtered=2545]
cnt=4 s0=PALM(4532,2299) s1=PALM(318,2483) s2=fng (3226,441) s3=fng (1703,830) [filtered=2546]
cnt=4 s0=PALM(4529,2295) s1=PALM(321,2481) s2=fng (3223,424) s3=fng (1702,816) [filtered=2547]
cnt=4 s0=PALM(4527,2292) s1=PALM(323,2480) s2=fng (3220,407) s3=fng (1701,802) [filtered=2548]
cnt=4 s0=PALM(4525,2288) s1=PALM(326,2478) s2=fng (3216,393) s3=fng (1701,788) [filtered=2549]
cnt=4 s0=PALM(4522,2285) s1=PALM(329,2476) s2=fng (3212,381) s3=fng (1701,774) [filtered=2550]
cnt=4 s0=PALM(4520,2283) s1=PALM(331,2475) s2=fng (3209,369) s3=fng (1701,760) [filtered=2551]
cnt=4 s0=PALM(4519,2280) s1=PALM(332,2473) s2=fng (3206,359) s3=fng (1702,748) [filtered=2552]
cnt=3 s0=PALM(4520,2277) s1=PALM(334,2471) s3=fng (1704,737) [filtered=2553]
cnt=3 s0=PALM(4520,2274) s1=PALM(336,2469) s3=fng (1706,727) [filtered=2554]
cnt=3 s0=PALM(4520,2271) s1=PALM(337,2467) s3=fng (1708,719) [filtered=2555]
cnt=3 s0=PALM(4520,2270) s1=PALM(338,2466) s3=fng (1709,711) [filtered=2556]
cnt=2 s0=PALM(4520,2269) s1=PALM(339,2465) [filtered=2557]
cnt=2 s0=PALM(4521,2268) s1=PALM(339,2463) [filtered=2558]
cnt=2 s0=PALM(4521,2267) s1=PALM(339,2461) [filtered=2559]
cnt=2 s0=PALM(4521,2267) s1=PALM(339,2460) [filtered=2560]
cnt=2 s0=PALM(4522,2266) s1=PALM(339,2459) [filtered=2561]
cnt=2 s0=PALM(4523,2266) s1=PALM(339,2459) [filtered=2562]
cnt=2 s0=PALM(4524,2266) s1=PALM(339,2458) [filtered=2563]
cnt=2 s0=PALM(4525,2266) s1=PALM(339,2457) [filtered=2564]
cnt=2 s0=PALM(4525,2266) s1=PALM(339,2457) [filtered=2565]
cnt=2 s0=PALM(4526,2266) s1=PALM(338,2457) [filtered=2566]
cnt=2 s0=PALM(4527,2266) s1=PALM(338,2456) [filtered=2567]
cnt=2 s0=PALM(4529,2266) s1=PALM(337,2456) [filtered=2568]
cnt=2 s0=PALM(4531,2266) s1=PALM(337,2455) [filtered=2569]
cnt=2 s0=PALM(4532,2266) s1=PALM(337,2455) [filtered=2570]
cnt=2 s0=PALM(4533,2266) s1=PALM(336,2455) [filtered=2571]
cnt=2 s0=PALM(4534,2267) s1=PALM(335,2455) [filtered=2572]
cnt=2 s0=PALM(4535,2267)* s1=PALM(335,2455) [filtered=2573]
cnt=2 s0=PALM(4535,2267)* s1=PALM(335,2455)* [filtered=2574]
cnt=2 s0=PALM(4536,2268)* s1=PALM(334,2455)* [filtered=2575]
cnt=2 s0=PALM(4537,2268)* s1=PALM(334,2455)* [filtered=2576]
cnt=2 s0=PALM(4538,2269)* s1=PALM(333,2454)* [filtered=2577]
cnt=2 s0=PALM(4539,2270)* s1=PALM(333,2454)* [filtered=2578]
cnt=2 s0=PALM(4540,2270)* s1=PALM(333,2454)* [filtered=2579]
cnt=2 s0=PALM(4541,2270)* s1=PALM(332,2453)* [filtered=2580]
cnt=2 s0=PALM(4542,2271)* s1=PALM(332,2453)* [filtered=2581]
cnt=2 s0=PALM(4543,2271)* s1=PALM(332,2453)* [filtered=2582]
cnt=2 s0=PALM(4544,2271)* s1=PALM(332,2453)* [filtered=2583]
cnt=2 s0=PALM(4544,2271)* s1=PALM(332,2453)* [filtered=2584]
cnt=2 s0=PALM(4544,2271)* s1=PALM(332,2453)* [filtered=2585]
cnt=2 s0=PALM(4545,2271)* s1=PALM(332,2453)* [filtered=2586]
cnt=2 s0=PALM(4546,2271)* s1=PALM(332,2453)* [filtered=2587]
cnt=2 s0=PALM(4546,2271)* s1=PALM(332,2453)* [filtered=2588]
cnt=2 s0=PALM(4546,2271)* s1=PALM(332,2453)* [filtered=2589]
cnt=2 s0=PALM(4547,2271)* s1=PALM(332,2453)* [filtered=2590]
cnt=2 s0=PALM(4547,2271)* s1=PALM(332,2453)* [filtered=2591]
cnt=2 s0=PALM(4547,2271)* s1=PALM(332,2453)* [filtered=2592]
cnt=2 s0=PALM(4547,2271)* s1=PALM(332,2453)* [filtered=2593]
cnt=2 s0=PALM(4547,2271)* s1=PALM(332,2453)* [filtered=2594]
cnt=2 s0=PALM(4547,2271)* s1=PALM(332,2453)* [filtered=2595]
cnt=2 s0=PALM(4547,2271)* s1=PALM(332,2453)* [filtered=2596]
cnt=2 s0=PALM(4547,2271)* s1=PALM(332,2453)* [filtered=2597]
cnt=3 s0=PALM(4547,2271)* s1=PALM(332,2453)* s2=fng (3194,453) [filtered=2598]
cnt=3 s0=PALM(4547,2271)* s1=PALM(332,2453)* s2=fng (3194,454) [filtered=2599]
cnt=3 s0=PALM(4547,2271)* s1=PALM(332,2453)* s2=fng (3194,454) [filtered=2600]
cnt=3 s0=PALM(4547,2271)* s1=PALM(332,2453)* s2=fng (3194,454) [filtered=2601]
cnt=3 s0=PALM(4547,2271)* s1=PALM(331,2453)* s2=fng (3193,455) [filtered=2602]
cnt=3 s0=PALM(4547,2271)* s1=PALM(330,2453)* s2=fng (3193,456) [filtered=2603]
cnt=3 s0=PALM(4547,2271)* s1=PALM(330,2453)* s2=fng (3192,457) [filtered=2604]
cnt=3 s0=PALM(4547,2271)* s1=PALM(330,2453)* s2=fng (3192,458) [filtered=2605]
cnt=3 s0=PALM(4547,2271)* s1=PALM(329,2453)* s2=fng (3191,460) [filtered=2606]
cnt=3 s0=PALM(4547,2271)* s1=PALM(329,2453)* s2=fng (3188,465) [filtered=2607]
cnt=3 s0=PALM(4547,2271)* s1=PALM(328,2453)* s2=fng (3183,473) [filtered=2608]
cnt=3 s0=PALM(4547,2271)* s1=PALM(328,2453)* s2=fng (3179,480) [filtered=2609]
cnt=3 s0=PALM(4547,2271)* s1=PALM(328,2453)* s2=fng (3172,490) [filtered=2610]
cnt=3 s0=PALM(4547,2272)* s1=PALM(327,2453)* s2=fng (3162,503) [filtered=2611]
cnt=3 s0=PALM(4547,2272)* s1=PALM(326,2453)* s2=fng (3149,519) [filtered=2612]
cnt=3 s0=PALM(4547,2272)* s1=PALM(326,2453)* s2=fng (3136,535) [filtered=2613]
cnt=3 s0=PALM(4547,2273)* s1=PALM(326,2453)* s2=fng (3121,552) [filtered=2614]
cnt=3 s0=PALM(4547,2274)* s1=PALM(326,2453)* s2=fng (3104,572) [filtered=2615]
cnt=3 s0=PALM(4547,2274)* s1=PALM(326,2453)* s2=fng (3088,591) [filtered=2616]
cnt=3 s0=PALM(4547,2275)* s1=PALM(326,2453)* s2=fng (3070,611) [filtered=2617]
cnt=3 s0=PALM(4547,2276)* s1=PALM(326,2453)* s2=fng (3051,631) [filtered=2618]
cnt=3 s0=PALM(4547,2277)* s1=PALM(326,2453)* s2=fng (3032,651) [filtered=2619]
cnt=3 s0=PALM(4547,2278)* s1=PALM(326,2453)* s2=fng (3014,670) [filtered=2620]
cnt=3 s0=PALM(4547,2279)* s1=PALM(326,2453)* s2=fng (2995,690) [filtered=2621]
cnt=3 s0=PALM(4547,2280)* s1=PALM(326,2453)* s2=fng (2977,709) [filtered=2622]
cnt=3 s0=PALM(4547,2282)* s1=PALM(326,2453)* s2=fng (2961,728) [filtered=2623]
cnt=3 s0=PALM(4547,2283)* s1=PALM(326,2453)* s2=fng (2946,746) [filtered=2624]
cnt=3 s0=PALM(4547,2284)* s1=PALM(326,2453)* s2=fng (2930,765) [filtered=2625]
cnt=3 s0=PALM(4547,2285)* s1=PALM(326,2453)* s2=fng (2916,783) [filtered=2626]
cnt=3 s0=PALM(4547,2286)* s1=PALM(326,2453)* s2=fng (2903,800) [filtered=2627]
cnt=3 s0=PALM(4547,2287)* s1=PALM(326,2453)* s2=fng (2891,816) [filtered=2628]
cnt=3 s0=PALM(4547,2289)* s1=PALM(326,2453)* s2=fng (2879,831) [filtered=2629]
cnt=3 s0=PALM(4547,2291)* s1=PALM(327,2453)* s2=fng (2867,847) [filtered=2630]
cnt=3 s0=PALM(4547,2292)* s1=PALM(327,2453)* s2=fng (2856,862) [filtered=2631]
cnt=3 s0=PALM(4547,2294)* s1=PALM(328,2453)* s2=fng (2845,877) [filtered=2632]
cnt=3 s0=PALM(4547,2296)* s1=PALM(328,2453)* s2=fng (2833,893) [filtered=2633]
cnt=3 s0=PALM(4547,2298)* s1=PALM(329,2453)* s2=fng (2821,912) [filtered=2634]
cnt=3 s0=PALM(4547,2299)* s1=PALM(329,2453)* s2=fng (2810,930) [filtered=2635]
cnt=3 s0=PALM(4548,2301)* s1=PALM(329,2453)* s2=fng (2799,948) [filtered=2636]
cnt=3 s0=PALM(4548,2303)* s1=PALM(330,2453)* s2=fng (2787,967) [filtered=2637]
cnt=3 s0=PALM(4548,2304)* s1=PALM(330,2453)* s2=fng (2776,985) [filtered=2638]
cnt=3 s0=PALM(4549,2306)* s1=PALM(330,2453)* s2=fng (2765,1003) [filtered=2639]
cnt=3 s0=PALM(4550,2308)* s1=PALM(331,2453)* s2=fng (2754,1021) [filtered=2640]
cnt=3 s0=PALM(4550,2311)* s1=PALM(332,2453)* s2=fng (2742,1040) [filtered=2641]
cnt=3 s0=PALM(4550,2312)* s1=PALM(332,2453)* s2=fng (2731,1058) [filtered=2642]
cnt=3 s0=PALM(4551,2314)* s1=PALM(332,2453)* s2=fng (2721,1075) [filtered=2643]
cnt=3 s0=PALM(4551,2317)* s1=PALM(333,2453)* s2=fng (2712,1090) [filtered=2644]
cnt=3 s0=PALM(4552,2319)* s1=PALM(333,2453)* s2=fng (2704,1105) [filtered=2645]
cnt=3 s0=PALM(4552,2320)* s1=PALM(333,2453)* s2=fng (2696,1120) [filtered=2646]
cnt=3 s0=PALM(4552,2322)* s1=PALM(334,2453)* s2=fng (2689,1134) [filtered=2647]
cnt=3 s0=PALM(4553,2324)* s1=PALM(334,2453)* s2=fng (2683,1146) [filtered=2648]
cnt=3 s0=PALM(4554,2326)* s1=PALM(334,2453)* s2=fng (2677,1158) [filtered=2649]
cnt=3 s0=PALM(4554,2327)* s1=PALM(334,2453)* s2=fng (2671,1170) [filtered=2650]
cnt=3 s0=PALM(4554,2329)* s1=PALM(334,2453)* s2=fng (2666,1182) [filtered=2651]
cnt=3 s0=PALM(4555,2331)* s1=PALM(334,2453)* s2=fng (2662,1194) [filtered=2652]
cnt=3 s0=PALM(4556,2333)* s1=PALM(334,2453)* s2=fng (2659,1207) [filtered=2653]
cnt=3 s0=PALM(4556,2334)* s1=PALM(334,2453)* s2=fng (2656,1219) [filtered=2654]
cnt=3 s0=PALM(4557,2336)* s1=PALM(334,2453)* s2=fng (2653,1230) [filtered=2655]
cnt=3 s0=PALM(4558,2338)* s1=PALM(334,2453)* s2=fng (2650,1240) [filtered=2656]
cnt=3 s0=PALM(4559,2339)* s1=PALM(334,2453)* s2=fng (2649,1250) [filtered=2657]
cnt=3 s0=PALM(4560,2340)* s1=PALM(334,2453)* s2=fng (2648,1260) [filtered=2658]
cnt=3 s0=PALM(4561,2341)* s1=PALM(334,2453)* s2=fng (2648,1269) [filtered=2659]
cnt=3 s0=PALM(4562,2343)* s1=PALM(335,2453)* s2=fng (2647,1278) [filtered=2660]
cnt=3 s0=PALM(4563,2345)* s1=PALM(335,2453)* s2=fng (2646,1288) [filtered=2661]
cnt=3 s0=PALM(4563,2346)* s1=PALM(335,2453)* s2=fng (2646,1297) [filtered=2662]
cnt=3 s0=PALM(4564,2347)* s1=PALM(336,2453)* s2=fng (2645,1305) [filtered=2663]
cnt=3 s0=PALM(4565,2348)* s1=PALM(337,2453)* s2=fng (2644,1312) [filtered=2664]
cnt=3 s0=PALM(4566,2350)* s1=PALM(337,2453)* s2=fng (2644,1318) [filtered=2665]
cnt=3 s0=PALM(4566,2351)* s1=PALM(337,2453)* s2=fng (2644,1324) [filtered=2666]
cnt=3 s0=PALM(4567,2352)* s1=PALM(338,2453)* s2=fng (2643,1329) [filtered=2667]
cnt=3 s0=PALM(4568,2353)* s1=PALM(338,2453)* s2=fng (2643,1333) [filtered=2668]
cnt=3 s0=PALM(4569,2354)* s1=PALM(339,2453)* s2=fng (2642,1336) [filtered=2669]
cnt=3 s0=PALM(4570,2355)* s1=PALM(339,2453)* s2=fng (2642,1339) [filtered=2670]
cnt=3 s0=PALM(4570,2356)* s1=PALM(339,2453)* s2=fng (2642,1342) [filtered=2671]
cnt=3 s0=PALM(4571,2357)* s1=PALM(339,2453)* s2=fng (2641,1345) [filtered=2672]
cnt=3 s0=PALM(4572,2358)* s1=PALM(339,2453)* s2=fng (2641,1349) [filtered=2673]
cnt=3 s0=PALM(4572,2359)* s1=PALM(339,2453)* s2=fng (2641,1352) [filtered=2674]
cnt=3 s0=PALM(4572,2360)* s1=PALM(339,2453)* s2=fng (2641,1355) [filtered=2675]
cnt=3 s0=PALM(4573,2361)* s1=PALM(339,2453)* s2=fng (2641,1357) [filtered=2676]
cnt=3 s0=PALM(4573,2362)* s1=PALM(339,2453)* s2=fng (2640,1360) [filtered=2677]
cnt=3 s0=PALM(4573,2362)* s1=PALM(339,2453)* s2=fng (2640,1362) [filtered=2678]
cnt=3 s0=PALM(4574,2363)* s1=PALM(339,2453)* s2=fng (2640,1363) [filtered=2679]
cnt=3 s0=PALM(4574,2364)* s1=PALM(339,2453)* s2=fng (2640,1363) [filtered=2680]
cnt=3 s0=PALM(4575,2365)* s1=PALM(339,2453)* s2=fng (2640,1363) [filtered=2681]
cnt=3 s0=PALM(4575,2365)* s1=PALM(339,2453)* s2=fng (2640,1363) [filtered=2682]
cnt=3 s0=PALM(4575,2365)* s1=PALM(339,2453)* s2=fng (2640,1362) [filtered=2683]
cnt=3 s0=PALM(4576,2366)* s1=PALM(339,2453)* s2=fng (2640,1361) [filtered=2684]
cnt=3 s0=PALM(4576,2366)* s1=PALM(339,2453)* s2=fng (2640,1359) [filtered=2685]
cnt=3 s0=PALM(4576,2366)* s1=PALM(339,2453)* s2=fng (2640,1358) [filtered=2686]
cnt=3 s0=PALM(4576,2367)* s1=PALM(339,2453)* s2=fng (2641,1355) [filtered=2687]
cnt=3 s0=PALM(4576,2367)* s1=PALM(339,2453)* s2=fng (2642,1350) [filtered=2688]
cnt=3 s0=PALM(4576,2367)* s1=PALM(339,2453)* s2=fng (2643,1346) [filtered=2689]
cnt=3 s0=PALM(4576,2367)* s1=PALM(339,2453)* s2=fng (2645,1339) [filtered=2690]
cnt=3 s0=PALM(4576,2367)* s1=PALM(339,2453)* s2=fng (2649,1327) [filtered=2691]
cnt=3 s0=PALM(4575,2367)* s1=PALM(339,2453)* s2=fng (2654,1311) [filtered=2692]
cnt=3 s0=PALM(4575,2367)* s1=PALM(339,2453)* s2=fng (2658,1295) [filtered=2693]
cnt=3 s0=PALM(4575,2367)* s1=PALM(339,2453)* s2=fng (2665,1273) [filtered=2694]
cnt=3 s0=PALM(4574,2366)* s1=PALM(339,2453)* s2=fng (2675,1245) [filtered=2695]
cnt=3 s0=PALM(4574,2366)* s1=PALM(339,2453)* s2=fng (2684,1217) [filtered=2696]
cnt=3 s0=PALM(4573,2366)* s1=PALM(340,2453)* s2=fng (2695,1184) [filtered=2697]
cnt=3 s0=PALM(4572,2365)* s1=PALM(341,2453)* s2=fng (2708,1147) [filtered=2698]
cnt=3 s0=PALM(4570,2364)* s1=PALM(341,2453)* s2=fng (2722,1109) [filtered=2699]
cnt=3 s0=PALM(4569,2364)* s1=PALM(341,2453)* s2=fng (2736,1071) [filtered=2700]
cnt=3 s0=PALM(4568,2363)* s1=PALM(342,2453)* s2=fng (2751,1033) [filtered=2701]
cnt=3 s0=PALM(4566,2361) s1=PALM(342,2453)* s2=fng (2766,998) [filtered=2702]
cnt=3 s0=PALM(4564,2359) s1=PALM(343,2453)* s2=fng (2780,966) [filtered=2703]
cnt=3 s0=PALM(4563,2358) s1=PALM(343,2453)* s2=fng (2794,934) [filtered=2704]
cnt=3 s0=PALM(4562,2356) s1=PALM(343,2453)* s2=fng (2807,906) [filtered=2705]
cnt=3 s0=PALM(4560,2354) s1=PALM(344,2453)* s2=fng (2819,882) [filtered=2706]
cnt=3 s0=PALM(4559,2353) s1=PALM(344,2453)* s2=fng (2830,859) [filtered=2707]
cnt=4 s0=PALM(4557,2351) s1=PALM(345,2452)* s2=fng (2839,839) s3=fng (1690,656) [filtered=2708]
cnt=4 s0=PALM(4556,2350) s1=PALM(346,2452)* s2=fng (2848,819) s3=fng (1690,656) [filtered=2709]
cnt=4 s0=PALM(4553,2347) s1=PALM(347,2451)* s2=fng (2855,804) s3=fng (1690,656) [filtered=2710]
cnt=4 s0=PALM(4551,2345) s1=PALM(348,2451)* s2=fng (2862,789) s3=fng (1690,656) [filtered=2711]
cnt=4 s0=PALM(4549,2343) s1=PALM(350,2451)* s2=fng (2868,776) s3=fng (1690,656) [filtered=2712]
cnt=4 s0=PALM(4547,2341) s1=PALM(351,2451)* s2=fng (2874,763) s3=fng (1690,656) [filtered=2713]
cnt=4 s0=PALM(4545,2339) s1=PALM(353,2450)* s2=fng (2879,751) s3=fng (1690,656) [filtered=2714]
cnt=4 s0=PALM(4542,2336) s1=PALM(355,2449)* s2=fng (2883,741) s3=fng (1690,656) [filtered=2715]
cnt=4 s0=PALM(4540,2334) s1=PALM(356,2449)* s2=fng (2887,731) s3=fng (1690,656) [filtered=2716]
cnt=4 s0=PALM(4538,2332) s1=PALM(358,2449)* s2=fng (2891,721) s3=fng (1689,656) [filtered=2717]
cnt=4 s0=PALM(4536,2330) s1=PALM(359,2449)* s2=fng (2895,711) s3=fng (1689,656) [filtered=2718]
cnt=4 s0=PALM(4534,2328) s1=PALM(360,2449)* s2=fng (2898,702) s3=fng (1689,657) [filtered=2719]
cnt=4 s0=PALM(4533,2326) s1=PALM(362,2449)* s2=fng (2900,694) s3=fng (1688,658) [filtered=2720]
cnt=4 s0=PALM(4532,2324) s1=PALM(363,2449)* s2=fng (2902,686) s3=fng (1688,658) [filtered=2721]
cnt=4 s0=PALM(4531,2322) s1=PALM(364,2449)* s2=fng (2904,678) s3=fng (1688,659) [filtered=2722]
cnt=4 s0=PALM(4529,2320) s1=PALM(365,2448)* s2=fng (2905,670) s3=fng (1687,661) [filtered=2723]
cnt=4 s0=PALM(4528,2318) s1=PALM(366,2448)* s2=fng (2906,662) s3=fng (1687,662) [filtered=2724]
cnt=4 s0=PALM(4527,2316) s1=PALM(367,2448)* s2=fng (2906,654) s3=fng (1687,663) [filtered=2725]
cnt=4 s0=PALM(4527,2314) s1=PALM(368,2448)* s2=fng (2906,646) s3=fng (1687,664) [filtered=2726]
cnt=4 s0=PALM(4526,2313) s1=PALM(369,2448)* s2=fng (2906,640) s3=fng (1687,665) [filtered=2727]
cnt=4 s0=PALM(4526,2312) s1=PALM(371,2448)* s2=fng (2906,635) s3=fng (1687,666)* [filtered=2728]
cnt=4 s0=PALM(4526,2312) s1=PALM(372,2448)* s2=fng (2906,630) s3=fng (1687,667)* [filtered=2729]
cnt=3 s0=PALM(4526,2310) s1=PALM(373,2448)* s3=fng (1686,668)* [filtered=2730]
cnt=3 s0=PALM(4526,2309) s1=PALM(374,2447)* s3=fng (1686,669)* [filtered=2731]
cnt=3 s0=PALM(4526,2308) s1=PALM(374,2447)* s3=fng (1686,670)* [filtered=2732]
cnt=3 s0=PALM(4526,2308) s1=PALM(375,2447)* s3=fng (1686,670)* [filtered=2733]
cnt=3 s0=PALM(4527,2307) s1=PALM(376,2447)* s3=fng (1686,671)* [filtered=2734]
cnt=3 s0=PALM(4527,2307) s1=PALM(376,2447)* s3=fng (1686,671)* [filtered=2735]
cnt=3 s0=PALM(4528,2306) s1=PALM(377,2447)* s3=fng (1686,672)* [filtered=2736]
cnt=3 s0=PALM(4528,2306) s1=PALM(378,2447)* s3=fng (1686,672)* [filtered=2737]
cnt=3 s0=PALM(4529,2306) s1=PALM(379,2447)* s3=fng (1686,673)* [filtered=2738]
cnt=3 s0=PALM(4529,2306) s1=PALM(379,2447)* s3=fng (1686,673)* [filtered=2739]
cnt=3 s0=PALM(4529,2305) s1=PALM(379,2447)* s3=fng (1686,673)* [filtered=2740]
cnt=3 s0=PALM(4530,2305) s1=PALM(380,2447)* s3=fng (1685,674)* [filtered=2741]
cnt=3 s0=PALM(4530,2305) s1=PALM(380,2447)* s3=fng (1685,674)* [filtered=2742]
cnt=3 s0=PALM(4530,2305)* s1=PALM(380,2447)* s3=fng (1685,675)* [filtered=2743]
cnt=3 s0=PALM(4530,2305)* s1=PALM(380,2447)* s3=fng (1684,675)* [filtered=2744]
cnt=3 s0=PALM(4530,2305)* s1=PALM(380,2447)* s3=fng (1684,675)* [filtered=2745]
cnt=3 s0=PALM(4530,2305)* s1=PALM(380,2447)* s3=fng (1684,675)* [filtered=2746]
cnt=3 s0=PALM(4530,2305)* s1=PALM(380,2447)* s3=fng (1683,676)* [filtered=2747]
cnt=3 s0=PALM(4530,2305)* s1=PALM(380,2447)* s3=fng (1683,676)* [filtered=2748]
cnt=3 s0=PALM(4530,2305)* s1=PALM(380,2447)* s3=fng (1683,676)* [filtered=2749]
cnt=3 s0=PALM(4530,2305)* s1=PALM(380,2447)* s3=fng (1682,676)* [filtered=2750]
cnt=3 s0=PALM(4530,2305)* s1=PALM(380,2447)* s3=fng (1682,676)* [filtered=2751]
cnt=3 s0=PALM(4530,2305)* s1=PALM(380,2447)* s3=fng (1682,676)* [filtered=2752]
cnt=3 s0=PALM(4530,2305)* s1=PALM(380,2447)* s3=fng (1682,676)* [filtered=2753]
cnt=3 s0=PALM(4529,2305)* s1=PALM(380,2447)* s3=fng (1682,676)* [filtered=2754]
cnt=3 s0=PALM(4529,2305)* s1=PALM(380,2447)* s3=fng (1682,675)* [filtered=2755]
cnt=3 s0=PALM(4529,2305)* s1=PALM(380,2447)* s3=fng (1682,675)* [filtered=2756]
cnt=3 s0=PALM(4528,2305)* s1=PALM(380,2447)* s3=fng (1682,675)* [filtered=2757]
cnt=3 s0=PALM(4527,2305)* s1=PALM(380,2447)* s3=fng (1682,675)* [filtered=2758]
cnt=3 s0=PALM(4526,2305)* s1=PALM(380,2447)* s3=fng (1682,675)* [filtered=2759]
cnt=3 s0=PALM(4525,2305)* s1=PALM(380,2447)* s3=fng (1682,675)* [filtered=2760]
cnt=3 s0=PALM(4523,2305)* s1=PALM(381,2447)* s3=fng (1682,675)* [filtered=2761]
cnt=2 s0=PALM(4521,2305)* s1=PALM(381,2447)* [filtered=2762]
cnt=2 s0=PALM(4520,2305)* s1=PALM(381,2447)* [filtered=2763]
cnt=2 s0=PALM(4517,2305)* s1=PALM(382,2447)* [filtered=2764]
cnt=2 s0=PALM(4514,2305)* s1=PALM(382,2447)* [filtered=2765]
cnt=2 s0=PALM(4511,2305)* s1=PALM(383,2447)* [filtered=2766]
cnt=2 s0=PALM(4509,2305)* s1=PALM(383,2447)* [filtered=2767]
cnt=2 s0=PALM(4505,2305) s1=PALM(384,2447)* [filtered=2768]
cnt=2 s0=PALM(4501,2305) s1=PALM(385,2446)* [filtered=2769]
cnt=2 s0=PALM(4497,2305) s1=PALM(386,2445)* [filtered=2770]
cnt=2 s0=PALM(4494,2305) s1=PALM(387,2445)* [filtered=2771]
cnt=2 s0=PALM(4491,2305) s1=PALM(388,2445)* [filtered=2772]
cnt=2 s0=PALM(4487,2305) s1=PALM(389,2444)* [filtered=2773]
click: x=2381 -> zone=0x112
cnt=2 s0=PALM(4483,2305) s1=PALM(390,2444)* [filtered=2774]
cnt=2 s0=PALM(4480,2305) s1=PALM(391,2444)* [filtered=2775]
cnt=2 s0=PALM(4476,2305) s1=PALM(392,2443)* [filtered=2776]
cnt=2 s0=PALM(4472,2305) s1=PALM(393,2442)* [filtered=2777]
cnt=2 s0=PALM(4467,2305) s1=PALM(395,2442)* [filtered=2778]
cnt=2 s0=PALM(4461,2305) s1=PALM(397,2441)* [filtered=2779]
cnt=2 s0=PALM(4456,2305) s1=PALM(398,2441)* [filtered=2780]
cnt=2 s0=PALM(4451,2305) s1=PALM(399,2441)* [filtered=2781]
cnt=2 s0=PALM(4446,2305) s1=PALM(401,2440)* [filtered=2782]
cnt=2 s0=PALM(4442,2305) s1=PALM(402,2440)* [filtered=2783]
cnt=2 s0=PALM(4438,2305) s1=PALM(404,2440)* [filtered=2784]
cnt=2 s0=PALM(4433,2305) s1=PALM(406,2439)* [filtered=2785]
cnt=2 s0=PALM(4429,2305) s1=PALM(407,2438)* [filtered=2786]
cnt=2 s0=PALM(4426,2305) s1=PALM(408,2437)* [filtered=2787]
cnt=2 s0=PALM(4422,2305) s1=PALM(410,2436)* [filtered=2788]
cnt=2 s0=PALM(4419,2305) s1=PALM(411,2436)* [filtered=2789]
cnt=2 s0=PALM(4415,2305) s1=PALM(413,2435)* [filtered=2790]
cnt=2 s0=PALM(4411,2305) s1=PALM(415,2434)* [filtered=2791]
cnt=2 s0=PALM(4408,2305) s1=PALM(416,2434)* [filtered=2792]
cnt=2 s0=PALM(4405,2305) s1=PALM(417,2433)* [filtered=2793]
cnt=2 s0=PALM(4401,2305) s1=PALM(419,2432)* [filtered=2794]
cnt=2 s0=PALM(4398,2305) s1=PALM(420,2432)* [filtered=2795]
cnt=2 s0=PALM(4395,2305) s1=PALM(422,2431)* [filtered=2796]
cnt=2 s0=PALM(4393,2305) s1=PALM(424,2430)* [filtered=2797]
cnt=2 s0=PALM(4391,2305) s1=PALM(425,2430)* [filtered=2798]
cnt=2 s0=PALM(4389,2305) s1=PALM(426,2429)* [filtered=2799]
cnt=2 s0=PALM(4387,2304) s1=PALM(427,2429)* [filtered=2800]
cnt=2 s0=PALM(4386,2304) s1=PALM(428,2429)* [filtered=2801]
cnt=2 s0=PALM(4384,2304) s1=PALM(429,2428)* [filtered=2802]
cnt=2 s0=PALM(4382,2303) s1=PALM(431,2427)* [filtered=2803]
cnt=2 s0=PALM(4380,2302) s1=PALM(432,2426)* [filtered=2804]
cnt=2 s0=PALM(4379,2302) s1=PALM(433,2426)* [filtered=2805]
cnt=2 s0=PALM(4378,2302) s1=PALM(434,2425)* [filtered=2806]
cnt=2 s0=PALM(4377,2301) s1=PALM(435,2425)* [filtered=2807]
cnt=2 s0=PALM(4377,2301) s1=PALM(435,2425)* [filtered=2808]
cnt=2 s0=PALM(4377,2301) s1=PALM(436,2424)* [filtered=2809]
cnt=2 s0=PALM(4377,2300) s1=PALM(437,2423)* [filtered=2810]
cnt=2 s0=PALM(4377,2300) s1=PALM(437,2423)* [filtered=2811]
cnt=2 s0=PALM(4377,2299) s1=PALM(438,2423)* [filtered=2812]
cnt=2 s0=PALM(4377,2298) s1=PALM(439,2422)* [filtered=2813]
cnt=2 s0=PALM(4377,2297)* s1=PALM(440,2422)* [filtered=2814]
cnt=2 s0=PALM(4377,2296)* s1=PALM(440,2421)* [filtered=2815]
cnt=2 s0=PALM(4377,2295)* s1=PALM(441,2421)* [filtered=2816]
cnt=2 s0=PALM(4378,2294)* s1=PALM(441,2420)* [filtered=2817]
cnt=2 s0=PALM(4378,2294)* s1=PALM(441,2419)* [filtered=2818]
cnt=2 s0=PALM(4378,2293)* s1=PALM(442,2418)* [filtered=2819]
cnt=2 s0=PALM(4379,2293)* s1=PALM(443,2418)* [filtered=2820]
cnt=2 s0=PALM(4380,2292)* s1=PALM(443,2417)* [filtered=2821]
cnt=2 s0=PALM(4381,2291)* s1=PALM(444,2417)* [filtered=2822]
cnt=2 s0=PALM(4382,2291)* s1=PALM(444,2417)* [filtered=2823]
cnt=2 s0=PALM(4383,2291)* s1=PALM(444,2416)* [filtered=2824]
cnt=2 s0=PALM(4384,2290)* s1=PALM(445,2415)* [filtered=2825]
cnt=2 s0=PALM(4385,2290)* s1=PALM(445,2415)* [filtered=2826]
cnt=2 s0=PALM(4386,2290)* s1=PALM(445,2415)* [filtered=2827]
cnt=2 s0=PALM(4387,2290)* s1=PALM(446,2414)* [filtered=2828]
cnt=2 s0=PALM(4388,2290)* s1=PALM(447,2413)* [filtered=2829]
cnt=2 s0=PALM(4390,2290)* s1=PALM(447,2413)* [filtered=2830]
cnt=2 s0=PALM(4391,2290)* s1=PALM(447,2413)* [filtered=2831]
cnt=2 s0=PALM(4392,2290)* s1=PALM(448,2412)* [filtered=2832]
cnt=2 s0=PALM(4394,2290)* s1=PALM(448,2411)* [filtered=2833]
cnt=2 s0=PALM(4395,2290)* s1=PALM(449,2410)* [filtered=2834]
cnt=2 s0=PALM(4396,2290)* s1=PALM(449,2410)* [filtered=2835]
cnt=2 s0=PALM(4397,2290)* s1=PALM(449,2410)* [filtered=2836]
cnt=2 s0=PALM(4399,2290)* s1=PALM(449,2409)* [filtered=2837]
cnt=2 s0=PALM(4401,2290)* s1=PALM(449,2408)* [filtered=2838]
cnt=2 s0=PALM(4402,2290)* s1=PALM(449,2408)* [filtered=2839]
cnt=2 s0=PALM(4404,2290)* s1=PALM(449,2408)* [filtered=2840]
cnt=2 s0=PALM(4406,2290)* s1=PALM(449,2407)* [filtered=2841]
cnt=2 s0=PALM(4408,2290)* s1=PALM(449,2407)* [filtered=2842]
cnt=2 s0=PALM(4410,2290)* s1=PALM(449,2406)* [filtered=2843]
cnt=2 s0=PALM(4411,2290)* s1=PALM(449,2406)* [filtered=2844]
cnt=2 s0=PALM(4413,2291)* s1=PALM(449,2406)* [filtered=2845]
cnt=2 s0=PALM(4415,2291)* s1=PALM(449,2405)* [filtered=2846]
cnt=2 s0=PALM(4417,2292)* s1=PALM(449,2404)* [filtered=2847]
cnt=2 s0=PALM(4418,2292)* s1=PALM(449,2404)* [filtered=2848]
cnt=2 s0=PALM(4420,2293)* s1=PALM(449,2404)* [filtered=2849]
cnt=2 s0=PALM(4422,2293)* s1=PALM(448,2403)* [filtered=2850]
cnt=2 s0=PALM(4424,2294)* s1=PALM(448,2403)* [filtered=2851]
cnt=2 s0=PALM(4426,2294)* s1=PALM(447,2403)* [filtered=2852]
cnt=2 s0=PALM(4427,2294)* s1=PALM(447,2403)* [filtered=2853]
cnt=2 s0=PALM(4429,2295)* s1=PALM(446,2403)* [filtered=2854]
cnt=2 s0=PALM(4431,2296)* s1=PALM(445,2403)* [filtered=2855]
cnt=2 s0=PALM(4432,2296)* s1=PALM(444,2403)* [filtered=2856]
cnt=2 s0=PALM(4434,2296)* s1=PALM(443,2403)* [filtered=2857]
cnt=2 s0=PALM(4436,2297)* s1=PALM(442,2403)* [filtered=2858]
cnt=2 s0=PALM(4438,2297)* s1=PALM(441,2403)* [filtered=2859]
cnt=2 s0=PALM(4439,2297)* s1=PALM(440,2403)* [filtered=2860]
cnt=2 s0=PALM(4440,2298)* s1=PALM(439,2403)* [filtered=2861]
cnt=2 s0=PALM(4441,2298)* s1=PALM(437,2403)* [filtered=2862]
cnt=2 s0=PALM(4442,2298)* s1=PALM(436,2403)* [filtered=2863]
cnt=2 s0=PALM(4443,2299)* s1=PALM(435,2403)* [filtered=2864]
cnt=2 s0=PALM(4445,2300)* s1=PALM(434,2403)* [filtered=2865]
cnt=2 s0=PALM(4447,2300)* s1=PALM(432,2403)* [filtered=2866]
cnt=2 s0=PALM(4448,2300)* s1=PALM(431,2403)* [filtered=2867]
cnt=3 s0=PALM(4449,2301)* s1=PALM(430,2403)* s2=fng (2795,636) [filtered=2868]
cnt=3 s0=PALM(4450,2301)* s1=PALM(429,2403)* s2=fng (2795,636) [filtered=2869]
cnt=3 s0=PALM(4451,2302)* s1=PALM(427,2403)* s2=fng (2795,636) [filtered=2870]
cnt=3 s0=PALM(4452,2302)* s1=PALM(426,2403)* s2=fng (2795,636) [filtered=2871]
cnt=3 s0=PALM(4453,2302)* s1=PALM(425,2403)* s2=fng (2795,636) [filtered=2872]
cnt=3 s0=PALM(4454,2302)* s1=PALM(424,2403)* s2=fng (2795,636) [filtered=2873]
cnt=3 s0=PALM(4454,2302)* s1=PALM(424,2403)* s2=fng (2795,636) [filtered=2874]
cnt=3 s0=PALM(4455,2303)* s1=PALM(423,2403)* s2=fng (2795,636) [filtered=2875]
cnt=3 s0=PALM(4456,2303)* s1=PALM(422,2403)* s2=fng (2795,636) [filtered=2876]
cnt=3 s0=PALM(4457,2303)* s1=PALM(421,2403)* s2=fng (2795,636) [filtered=2877]
cnt=3 s0=PALM(4457,2303)* s1=PALM(421,2403)* s2=fng (2795,636) [filtered=2878]
cnt=3 s0=PALM(4458,2303)* s1=PALM(420,2403)* s2=fng (2795,636) [filtered=2879]
cnt=3 s0=PALM(4458,2303)* s1=PALM(419,2403)* s2=fng (2794,636) [filtered=2880]
cnt=3 s0=PALM(4459,2303)* s1=PALM(419,2403)* s2=fng (2794,636) [filtered=2881]
cnt=3 s0=PALM(4459,2303)* s1=PALM(419,2403)* s2=fng (2794,636) [filtered=2882]
cnt=3 s0=PALM(4459,2303)* s1=PALM(418,2403)* s2=fng (2793,637) [filtered=2883]
cnt=3 s0=PALM(4459,2303)* s1=PALM(418,2403)* s2=fng (2793,638) [filtered=2884]
cnt=3 s0=PALM(4459,2303)* s1=PALM(418,2403)* s2=fng (2793,638) [filtered=2885]
cnt=3 s0=PALM(4459,2303)* s1=PALM(417,2403)* s2=fng (2792,638) [filtered=2886]
cnt=3 s0=PALM(4459,2303)* s1=PALM(417,2403)* s2=fng (2791,639) [filtered=2887]
cnt=3 s0=PALM(4459,2303)* s1=PALM(416,2403)* s2=fng (2791,639)* [filtered=2888]
cnt=3 s0=PALM(4459,2303)* s1=PALM(416,2403)* s2=fng (2791,639)* [filtered=2889]
cnt=3 s0=PALM(4460,2304)* s1=PALM(415,2403)* s2=fng (2790,640)* [filtered=2890]
cnt=3 s0=PALM(4460,2304)* s1=PALM(415,2403)* s2=fng (2790,641)* [filtered=2891]
cnt=3 s0=PALM(4460,2304)* s1=PALM(415,2403)* s2=fng (2790,641)* [filtered=2892]
cnt=3 s0=PALM(4460,2305)* s1=PALM(414,2403)* s2=fng (2789,642)* [filtered=2893]
cnt=3 s0=PALM(4461,2305)* s1=PALM(413,2403)* s2=fng (2787,644) [filtered=2894]
cnt=3 s0=PALM(4461,2306)* s1=PALM(412,2403)* s2=fng (2786,646) [filtered=2895]
cnt=3 s0=PALM(4461,2306)* s1=PALM(412,2403)* s2=fng (2785,647) [filtered=2896]
cnt=3 s0=PALM(4461,2306)* s1=PALM(412,2403)* s2=fng (2784,649) [filtered=2897]
cnt=3 s0=PALM(4461,2306)* s1=PALM(411,2403)* s2=fng (2783,651) [filtered=2898]
cnt=3 s0=PALM(4462,2306)* s1=PALM(410,2403)* s2=fng (2782,653) [filtered=2899]
cnt=3 s0=PALM(4462,2306)* s1=PALM(410,2403)* s2=fng (2781,654) [filtered=2900]
cnt=3 s0=PALM(4462,2306)* s1=PALM(410,2403)* s2=fng (2780,655) [filtered=2901]
cnt=3 s0=PALM(4462,2306)* s1=PALM(409,2403)* s2=fng (2779,656) [filtered=2902]
cnt=3 s0=PALM(4462,2306)* s1=PALM(409,2403)* s2=fng (2779,657) [filtered=2903]
cnt=3 s0=PALM(4462,2306)* s1=PALM(409,2403)* s2=fng (2778,658) [filtered=2904]
cnt=3 s0=PALM(4462,2306)* s1=PALM(408,2403)* s2=fng (2777,659) [filtered=2905]
cnt=3 s0=PALM(4462,2306)* s1=PALM(408,2403)* s2=fng (2776,660) [filtered=2906]
cnt=3 s0=PALM(4462,2306)* s1=PALM(408,2403)* s2=fng (2776,661) [filtered=2907]
cnt=3 s0=PALM(4462,2306)* s1=PALM(407,2403)* s2=fng (2775,662) [filtered=2908]
cnt=3 s0=PALM(4462,2306)* s1=PALM(406,2403)* s2=fng (2775,663) [filtered=2909]
cnt=3 s0=PALM(4462,2307)* s1=PALM(406,2403)* s2=fng (2774,664) [filtered=2910]
cnt=3 s0=PALM(4462,2307)* s1=PALM(406,2403)* s2=fng (2774,664) [filtered=2911]
cnt=3 s0=PALM(4462,2308)* s1=PALM(406,2403)* s2=fng (2773,665) [filtered=2912]
cnt=3 s0=PALM(4462,2308)* s1=PALM(406,2403)* s2=fng (2773,665) [filtered=2913]
cnt=3 s0=PALM(4462,2308)* s1=PALM(406,2403)* s2=fng (2773,665)* [filtered=2914]
cnt=3 s0=PALM(4462,2308)* s1=PALM(406,2403)* s2=fng (2773,665)* [filtered=2915]
cnt=3 s0=PALM(4462,2308)* s1=PALM(405,2403)* s2=fng (2773,664)* [filtered=2916]
cnt=3 s0=PALM(4462,2308)* s1=PALM(405,2403)* s2=fng (2773,663)* [filtered=2917]
cnt=3 s0=PALM(4462,2308)* s1=PALM(405,2403)* s2=fng (2773,663)* [filtered=2918]
cnt=3 s0=PALM(4462,2308)* s1=PALM(405,2403)* s2=fng (2774,662)* [filtered=2919]
cnt=3 s0=PALM(4462,2308)* s1=PALM(405,2403)* s2=fng (2775,660)* [filtered=2920]
cnt=3 s0=PALM(4462,2308)* s1=PALM(405,2403)* s2=fng (2775,659)* [filtered=2921]
cnt=3 s0=PALM(4461,2308)* s1=PALM(405,2403)* s2=fng (2776,657)* [filtered=2922]
cnt=3 s0=PALM(4460,2308)* s1=PALM(405,2403)* s2=fng (2779,654) [filtered=2923]
cnt=3 s0=PALM(4460,2308)* s1=PALM(405,2403)* s2=fng (2783,650) [filtered=2924]
cnt=3 s0=PALM(4460,2308)* s1=PALM(405,2403)* s2=fng (2785,647) [filtered=2925]
cnt=3 s0=PALM(4459,2308)* s1=PALM(405,2403)* s2=fng (2789,643) [filtered=2926]
cnt=3 s0=PALM(4458,2308)* s1=PALM(404,2403)* s2=fng (2793,637) [filtered=2927]
cnt=3 s0=PALM(4458,2308)* s1=PALM(404,2403)* s2=fng (2797,631) [filtered=2928]
cnt=3 s0=PALM(4457,2308)* s1=PALM(404,2403)* s2=fng (2802,624) [filtered=2929]
cnt=3 s0=PALM(4455,2308)* s1=PALM(404,2403)* s2=fng (2808,616) [filtered=2930]
cnt=3 s0=PALM(4454,2307)* s1=PALM(404,2403)* s2=fng (2816,606) [filtered=2931]
cnt=3 s0=PALM(4453,2307)* s1=PALM(404,2403)* s2=fng (2823,596) [filtered=2932]
cnt=3 s0=PALM(4452,2306)* s1=PALM(404,2403)* s2=fng (2830,586) [filtered=2933]
cnt=3 s0=PALM(4450,2306)* s1=PALM(404,2403)* s2=fng (2837,576) [filtered=2934]
cnt=3 s0=PALM(4449,2306)* s1=PALM(404,2403)* s2=fng (2843,567) [filtered=2935]
cnt=3 s0=PALM(4447,2305)* s1=PALM(404,2403)* s2=fng (2850,558) [filtered=2936]
cnt=3 s0=PALM(4445,2305)* s1=PALM(404,2403)* s2=fng (2857,548) [filtered=2937]
cnt=3 s0=PALM(4444,2305)* s1=PALM(404,2403)* s2=fng (2863,539) [filtered=2938]
cnt=3 s0=PALM(4443,2304)* s1=PALM(404,2403)* s2=fng (2869,530) [filtered=2939]
cnt=3 s0=PALM(4441,2303)* s1=PALM(404,2403)* s2=fng (2875,521) [filtered=2940]
cnt=3 s0=PALM(4440,2303)* s1=PALM(404,2403)* s2=fng (2881,512) [filtered=2941]
cnt=3 s0=PALM(4438,2302)* s1=PALM(404,2403)* s2=fng (2886,503) [filtered=2942]
cnt=3 s0=PALM(4436,2301)* s1=PALM(404,2403)* s2=fng (2891,494) [filtered=2943]
cnt=3 s0=PALM(4433,2300) s1=PALM(404,2403)* s2=fng (2897,486) [filtered=2944]
cnt=3 s0=PALM(4432,2300) s1=PALM(404,2403)* s2=fng (2902,478) [filtered=2945]
cnt=3 s0=PALM(4430,2299) s1=PALM(404,2403)* s2=fng (2906,471) [filtered=2946]
cnt=3 s0=PALM(4428,2298) s1=PALM(404,2403)* s2=fng (2911,464) [filtered=2947]
cnt=3 s0=PALM(4427,2297) s1=PALM(404,2403)* s2=fng (2915,457) [filtered=2948]
cnt=3 s0=PALM(4425,2296) s1=PALM(404,2403)* s2=fng (2918,451) [filtered=2949]
cnt=3 s0=PALM(4423,2295) s1=PALM(404,2403)* s2=fng (2921,445) [filtered=2950]
cnt=3 s0=PALM(4421,2294) s1=PALM(404,2403)* s2=fng (2925,438) [filtered=2951]
cnt=3 s0=PALM(4420,2294) s1=PALM(404,2403)* s2=fng (2928,432) [filtered=2952]
cnt=3 s0=PALM(4418,2293) s1=PALM(404,2403)* s2=fng (2931,426) [filtered=2953]
cnt=3 s0=PALM(4416,2292) s1=PALM(404,2403)* s2=fng (2935,420) [filtered=2954]
cnt=3 s0=PALM(4415,2291) s1=PALM(404,2403)* s2=fng (2938,414) [filtered=2955]
cnt=3 s0=PALM(4414,2290) s1=PALM(404,2403)* s2=fng (2941,408) [filtered=2956]
cnt=3 s0=PALM(4413,2289) s1=PALM(404,2403)* s2=fng (2944,402) [filtered=2957]
cnt=3 s0=PALM(4413,2289) s1=PALM(404,2403)* s2=fng (2946,396) [filtered=2958]
cnt=3 s0=PALM(4413,2288) s1=PALM(404,2403)* s2=fng (2948,391) [filtered=2959]
cnt=3 s0=PALM(4413,2287) s1=PALM(404,2403)* s2=fng (2949,387) [filtered=2960]
cnt=3 s0=PALM(4413,2287) s1=PALM(404,2403)* s2=fng (2950,384) [filtered=2961]
cnt=3 s0=PALM(4413,2287) s1=PALM(404,2403)* s2=fng (2950,381) [filtered=2962]
cnt=3 s0=PALM(4413,2286) s1=PALM(404,2403)* s2=fng (2951,378) [filtered=2963]
cnt=2 s0=PALM(4413,2286)* s1=PALM(404,2403)* [filtered=2964]
cnt=2 s0=PALM(4414,2286)* s1=PALM(403,2403)* [filtered=2965]
cnt=2 s0=PALM(4414,2286)* s1=PALM(403,2403)* [filtered=2966]
cnt=2 s0=PALM(4415,2286)* s1=PALM(403,2403)* [filtered=2967]
cnt=2 s0=PALM(4417,2286)* s1=PALM(403,2403)* [filtered=2968]
cnt=2 s0=PALM(4420,2287) s1=PALM(403,2403)* [filtered=2969]
cnt=2 s0=PALM(4424,2288) s1=PALM(403,2403)* [filtered=2970]
cnt=2 s0=PALM(4426,2289) s1=PALM(403,2403)* [filtered=2971]
cnt=2 s0=PALM(4430,2290) s1=PALM(402,2403)* [filtered=2972]
cnt=2 s0=PALM(4435,2292) s1=PALM(402,2403)* [filtered=2973]
cnt=2 s0=PALM(4441,2295) s1=PALM(401,2403)* [filtered=2974]
cnt=2 s0=PALM(4447,2300) s1=PALM(401,2403)* [filtered=2975]
cnt=2 s0=PALM(4452,2303) s1=PALM(401,2403)* [filtered=2976]
cnt=2 s0=PALM(4458,2307) s1=PALM(400,2403)* [filtered=2977]
cnt=2 s0=PALM(4463,2311) s1=PALM(400,2403)* [filtered=2978]
cnt=1 s1=fng (399,2403)* [filtered=2978]
cnt=2 s0=PALM(4529,2362) s1=PALM(399,2403)* [filtered=2979]
cnt=2 s0=PALM(4529,2362) s1=PALM(399,2403)* [filtered=2980]
cnt=2 s0=PALM(4529,2363) s1=PALM(398,2403)* [filtered=2981]
cnt=2 s0=PALM(4529,2364) s1=PALM(397,2403)* [filtered=2982]
cnt=2 s0=PALM(4529,2365) s1=PALM(396,2402)* [filtered=2983]
cnt=1 s1=fng (395,2402)* [filtered=2983]
cnt=1 s1=fng (394,2402)* [filtered=2983]
cnt=1 s1=fng (393,2401)* [filtered=2983]
cnt=1 s1=fng (391,2400)* [filtered=2983]
cnt=1 s1=fng (389,2400)* [filtered=2983]
cnt=1 s1=fng (387,2400)* [filtered=2983]
cnt=1 s1=fng (386,2400)* [filtered=2983]
cnt=1 s1=fng (384,2400)* [filtered=2983]
cnt=1 s1=fng (381,2400)* [filtered=2983]
cnt=1 s1=fng (378,2400)* [filtered=2983]
cnt=1 s1=fng (377,2400)* [filtered=2983]
cnt=1 s1=fng (375,2400)* [filtered=2983]
cnt=1 s1=fng (372,2400)* [filtered=2983]
cnt=1 s1=fng (368,2400) [filtered=2983]
cnt=1 s1=fng (364,2400) [filtered=2983]
cnt=1 s1=fng (362,2400) [filtered=2983]
cnt=1 s1=fng (359,2400) [filtered=2983]
cnt=1 s1=fng (356,2400) [filtered=2983]
cnt=1 s1=fng (353,2400) [filtered=2983]
cnt=1 s1=fng (349,2400) [filtered=2983]
cnt=1 s1=fng (347,2400) [filtered=2983]
cnt=1 s1=fng (344,2400) [filtered=2983]
cnt=1 s1=fng (341,2399) [filtered=2983]
cnt=1 s1=fng (339,2398) [filtered=2983]
cnt=1 s1=fng (339,2398) [filtered=2983]
cnt=2 s0=fng (2598,1335) s1=fng (3158,951) [filtered=2983]
cnt=2 s0=fng (2598,1333) s1=fng (3159,950) [filtered=2983]
cnt=2 s0=fng (2598,1330) s1=fng (3160,948) [filtered=2983]
cnt=2 s0=fng (2598,1329) s1=fng (3161,947) [filtered=2983]
cnt=2 s0=fng (2599,1323) s1=fng (3162,945) [filtered=2983]
cnt=2 s0=fng (2600,1312) s1=fng (3163,942) [filtered=2983]
cnt=2 s0=fng (2602,1296) s1=fng (3166,936) [filtered=2983]
cnt=2 s0=fng (2605,1275) s1=fng (3169,929) [filtered=2983]
cnt=2 s0=fng (2607,1255) s1=fng (3171,922) [filtered=2983]
cnt=2 s0=fng (2611,1232) s1=fng (3176,912) [filtered=2983]
cnt=2 s0=fng (2617,1205) s1=fng (3182,899) [filtered=2983]
cnt=2 s0=fng (2625,1174) s1=fng (3188,883) [filtered=2983]
cnt=2 s0=fng (2634,1141) s1=fng (3196,865) [filtered=2983]
cnt=2 s0=fng (2643,1108) s1=fng (3204,847) [filtered=2983]
cnt=2 s0=fng (2652,1075) s1=fng (3214,826) [filtered=2983]
cnt=2 s0=fng (2663,1041) s1=fng (3225,803) [filtered=2983]
cnt=2 s0=fng (2674,1007) s1=fng (3237,778) [filtered=2983]
cnt=2 s0=fng (2684,974) s1=fng (3248,754) [filtered=2983]
cnt=2 s0=fng (2692,944) s1=fng (3259,731) [filtered=2983]
cnt=2 s0=fng (2701,915) s1=fng (3271,707) [filtered=2983]
cnt=2 s0=fng (2710,886) s1=fng (3283,682) [filtered=2983]
cnt=2 s0=fng (2719,856) s1=fng (3296,656) [filtered=2983]
cnt=2 s0=fng (2727,827) s1=fng (3308,631) [filtered=2983]
cnt=2 s0=fng (2736,796) s1=fng (3321,604) [filtered=2983]
cnt=2 s0=fng (2745,766) s1=fng (3334,575) [filtered=2983]
cnt=2 s0=fng (2754,736) s1=fng (3347,546) [filtered=2983]
cnt=2 s0=fng (2763,706) s1=fng (3360,518) [filtered=2983]
cnt=2 s0=fng (2772,677) s1=fng (3373,491) [filtered=2983]
cnt=2 s0=fng (2781,647) s1=fng (3386,463) [filtered=2983]
cnt=2 s0=fng (2790,618) s1=fng (3399,436) [filtered=2983]
cnt=2 s0=fng (2799,592) s1=fng (3412,411) [filtered=2983]
cnt=2 s0=fng (2808,567) s1=fng (3424,387) [filtered=2983]
cnt=2 s0=fng (2817,543) s1=fng (3436,364) [filtered=2983]
cnt=2 s0=fng (2826,520) s1=fng (3449,339) [filtered=2983]
cnt=2 s0=fng (2835,497) s1=fng (3463,315) [filtered=2983]
cnt=2 s0=fng (2844,476) s1=fng (3477,292) [filtered=2983]
cnt=2 s0=fng (2852,456) s1=fng (3490,270) [filtered=2983]
cnt=2 s0=fng (2860,437) s1=fng (3503,250) [filtered=2983]
cnt=2 s0=fng (2867,420) s1=fng (3516,231) [filtered=2983]
cnt=2 s0=fng (2872,405) s1=fng (3528,215) [filtered=2983]
cnt=2 s0=fng (2877,393) s1=fng (3537,201) [filtered=2983]
cnt=2 s0=fng (2881,380) s1=fng (3546,187) [filtered=2983]
cnt=2 s0=fng (3014,1629) s1=fng (2453,1946) [filtered=2983]
cnt=2 s0=fng (3014,1629) s1=fng (2453,1946) [filtered=2983]
cnt=2 s0=fng (3014,1629) s1=fng (2453,1946) [filtered=2983]
cnt=2 s0=fng (3014,1629) s1=fng (2453,1946) [filtered=2983]
cnt=2 s0=fng (3014,1629) s1=fng (2452,1946) [filtered=2983]
cnt=2 s0=fng (3014,1628) s1=fng (2452,1945) [filtered=2983]
cnt=2 s0=fng (3014,1627) s1=fng (2451,1944) [filtered=2983]
cnt=2 s0=fng (3014,1626) s1=fng (2450,1941) [filtered=2983]
cnt=2 s0=fng (3014,1625) s1=fng (2450,1940) [filtered=2983]
cnt=2 s0=fng (3014,1623) s1=fng (2450,1937) [filtered=2983]
cnt=2 s0=fng (3015,1619) s1=fng (2450,1929) [filtered=2983]
cnt=2 s0=fng (3016,1611) s1=fng (2450,1918) [filtered=2983]
cnt=2 s0=fng (3019,1600) s1=fng (2451,1902) [filtered=2983]
cnt=2 s0=fng (3020,1589) s1=fng (2451,1887) [filtered=2983]
cnt=2 s0=fng (3023,1573) s1=fng (2452,1868) [filtered=2983]
cnt=2 s0=fng (3028,1553) s1=fng (2454,1845) [filtered=2983]
cnt=2 s0=fng (3035,1529) s1=fng (2458,1818) [filtered=2983]
cnt=2 s0=fng (3041,1505) s1=fng (2460,1791) [filtered=2983]
cnt=2 s0=fng (3049,1478) s1=fng (2465,1759) [filtered=2983]
cnt=2 s0=fng (3058,1447) s1=fng (2471,1722) [filtered=2983]
cnt=2 s0=fng (3068,1412) s1=fng (2479,1681) [filtered=2983]
cnt=2 s0=fng (3081,1375) s1=fng (2488,1636) [filtered=2983]
cnt=2 s0=fng (3093,1338) s1=fng (2497,1591) [filtered=2983]
cnt=2 s0=fng (3106,1299) s1=fng (2507,1544) [filtered=2983]
cnt=2 s0=fng (3119,1258) s1=fng (2518,1495) [filtered=2983]
cnt=2 s0=fng (3132,1217) s1=fng (2530,1446) [filtered=2983]
cnt=2 s0=fng (3145,1177) s1=fng (2542,1397) [filtered=2983]
cnt=2 s0=fng (3159,1135) s1=fng (2554,1347) [filtered=2983]
cnt=2 s0=fng (3174,1091) s1=fng (2567,1296) [filtered=2983]
cnt=2 s0=fng (3190,1048) s1=fng (2580,1246) [filtered=2983]
cnt=2 s0=fng (3206,1006) s1=fng (2593,1197) [filtered=2983]
cnt=2 s0=fng (3222,964) s1=fng (2606,1148) [filtered=2983]
cnt=2 s0=fng (3238,923) s1=fng (2619,1100) [filtered=2983]
cnt=2 s0=fng (3254,883) s1=fng (2632,1054) [filtered=2983]
cnt=2 s0=fng (3269,845) s1=fng (2646,1009) [filtered=2983]
cnt=2 s0=fng (3284,808) s1=fng (2660,966) [filtered=2983]
cnt=2 s0=fng (3298,772) s1=fng (2674,924) [filtered=2983]
cnt=2 s0=fng (3313,737) s1=fng (2689,883) [filtered=2983]
cnt=2 s0=fng (3328,704) s1=fng (2704,845) [filtered=2983]
cnt=2 s0=fng (3343,672) s1=fng (2718,808) [filtered=2983]
cnt=2 s0=fng (3358,642) s1=fng (2732,773) [filtered=2983]
cnt=2 s0=fng (3372,613) s1=fng (2746,739) [filtered=2983]
cnt=2 s0=fng (3388,582) s1=fng (2760,707) [filtered=2983]
cnt=2 s0=fng (3405,550) s1=fng (2774,676) [filtered=2983]
cnt=2 s0=fng (3422,517) s1=fng (2788,647) [filtered=2983]
cnt=2 s0=fng (3438,485) s1=fng (2801,619) [filtered=2983]
cnt=2 s0=fng (3454,454) s1=fng (2814,595) [filtered=2983]
cnt=2 s0=fng (3470,427) s1=fng (2825,575) [filtered=2983]
cnt=1 s0=fng (3483,405) [filtered=2983]
cnt=1 s0=fng (4311,1953) [filtered=2983]
cnt=1 s0=fng (4311,1953) [filtered=2983]
cnt=1 s0=fng (4311,1953) [filtered=2983]
cnt=1 s0=fng (4311,1953) [filtered=2983]
cnt=1 s0=fng (4311,1953) [filtered=2983]
cnt=1 s0=fng (4311,1953) [filtered=2983]
cnt=1 s0=fng (4311,1953) [filtered=2983]
cnt=1 s0=fng (4311,1953) [filtered=2983]
cnt=1 s0=fng (4311,1953) [filtered=2983]
cnt=1 s0=fng (4311,1953) [filtered=2983]
cnt=1 s0=fng (4311,1953) [filtered=2983]
cnt=1 s0=fng (4311,1953) [filtered=2983]
cnt=1 s0=fng (4311,1953) [filtered=2983]
cnt=1 s0=fng (4311,1953) [filtered=2983]
cnt=1 s0=fng (4311,1953) [filtered=2983]
cnt=1 s0=fng (4311,1953) [filtered=2983]
cnt=1 s0=fng (4311,1953) [filtered=2983]
cnt=1 s0=fng (4311,1953) [filtered=2983]
cnt=1 s0=fng (4311,1953) [filtered=2983]
cnt=1 s0=fng (4311,1953) [filtered=2983]
cnt=1 s0=fng (4311,1953)* [filtered=2983]
cnt=1 s0=fng (4314,1948) [filtered=2983]
cnt=1 s0=fng (4318,1942) [filtered=2983]
cnt=1 s0=fng (4324,1933) [filtered=2983]
cnt=1 s0=fng (4331,1924) [filtered=2983]
cnt=1 s0=fng (4337,1915) [filtered=2983]
cnt=1 s0=fng (4344,1906) [filtered=2983]
cnt=1 s0=fng (4351,1898) [filtered=2983]
cnt=1 s0=fng (4358,1890) [filtered=2983]
cnt=1 s0=fng (4365,1883) [filtered=2983]
cnt=1 s0=fng (4372,1876) [filtered=2983]
cnt=1 s0=fng (4379,1868) [filtered=2983]
cnt=1 s0=fng (4385,1860) [filtered=2983]
cnt=1 s0=fng (4391,1852) [filtered=2983]
cnt=1 s0=fng (4396,1845) [filtered=2983]
cnt=1 s0=fng (4402,1838) [filtered=2983]
cnt=1 s0=fng (4407,1831) [filtered=2983]
cnt=1 s0=fng (4412,1823) [filtered=2983]
cnt=1 s0=fng (4417,1815) [filtered=2983]
cnt=1 s0=fng (4421,1808) [filtered=2983]
cnt=1 s0=fng (4426,1801) [filtered=2983]
cnt=1 s0=fng (4431,1795) [filtered=2983]
cnt=1 s0=fng (4436,1788) [filtered=2983]
cnt=1 s0=fng (4440,1782) [filtered=2983]
cnt=1 s0=fng (4444,1777) [filtered=2983]
cnt=1 s0=fng (4448,1772) [filtered=2983]
cnt=1 s0=fng (4452,1767) [filtered=2983]
cnt=1 s0=fng (4456,1762) [filtered=2983]
cnt=1 s0=fng (4459,1758) [filtered=2983]
cnt=1 s0=fng (4462,1754) [filtered=2983]
cnt=1 s0=fng (4466,1751) [filtered=2983]
cnt=1 s0=fng (4471,1747) [filtered=2983]
cnt=1 s0=fng (4475,1744) [filtered=2983]
cnt=1 s0=fng (4479,1742) [filtered=2983]
cnt=1 s0=fng (4483,1739) [filtered=2983]
cnt=1 s0=fng (4488,1736) [filtered=2983]
cnt=2 s0=PALM(4492,1733) s1=PALM(40,1826) [filtered=2984]
cnt=2 s0=PALM(4495,1731) s1=PALM(40,1826) [filtered=2985]
cnt=2 s0=PALM(4497,1729) s1=PALM(40,1826) [filtered=2986]
cnt=2 s0=PALM(4499,1728) s1=PALM(40,1826) [filtered=2987]
cnt=2 s0=PALM(4500,1726) s1=PALM(40,1826) [filtered=2988]
cnt=2 s0=PALM(4501,1725) s1=PALM(40,1826) [filtered=2989]
cnt=2 s0=PALM(4502,1723) s1=PALM(40,1826) [filtered=2990]
cnt=2 s0=PALM(4503,1720) s1=PALM(40,1826) [filtered=2991]
cnt=2 s0=PALM(4504,1718) s1=PALM(40,1826) [filtered=2992]
cnt=2 s0=PALM(4505,1716) s1=PALM(40,1826) [filtered=2993]
cnt=2 s0=PALM(4505,1715) s1=PALM(40,1826) [filtered=2994]
cnt=2 s0=PALM(4505,1713) s1=PALM(40,1826) [filtered=2995]
cnt=2 s0=PALM(4505,1711) s1=PALM(40,1826) [filtered=2996]
cnt=2 s0=PALM(4505,1709) s1=PALM(40,1826) [filtered=2997]
cnt=2 s0=PALM(4505,1707) s1=PALM(40,1826) [filtered=2998]
cnt=2 s0=PALM(4505,1706) s1=PALM(40,1826) [filtered=2999]
cnt=2 s0=PALM(4505,1705) s1=PALM(40,1827) [filtered=3000]
cnt=2 s0=PALM(4505,1704) s1=PALM(40,1827) [filtered=3001]
cnt=2 s0=PALM(4504,1703) s1=PALM(40,1827) [filtered=3002]
cnt=2 s0=PALM(4504,1702) s1=PALM(40,1827) [filtered=3003]
cnt=2 s0=PALM(4504,1701) s1=PALM(40,1827)* [filtered=3004]
cnt=2 s0=PALM(4503,1700) s1=PALM(40,1827)* [filtered=3005]
cnt=2 s0=PALM(4502,1699) s1=PALM(41,1827)* [filtered=3006]
cnt=2 s0=PALM(4501,1698) s1=PALM(41,1827)* [filtered=3007]
cnt=2 s0=PALM(4500,1697) s1=PALM(42,1828)* [filtered=3008]
cnt=2 s0=PALM(4498,1696) s1=PALM(43,1829)* [filtered=3009]
cnt=2 s0=PALM(4495,1695) s1=PALM(44,1831)* [filtered=3010]
cnt=2 s0=PALM(4494,1695) s1=PALM(45,1832)* [filtered=3011]
cnt=2 s0=PALM(4491,1694) s1=PALM(46,1834)* [filtered=3012]
cnt=2 s0=PALM(4486,1692) s1=PALM(47,1838) [filtered=3013]
cnt=2 s0=PALM(4480,1690) s1=PALM(48,1843) [filtered=3014]
cnt=2 s0=PALM(4476,1689) s1=PALM(49,1847) [filtered=3015]
cnt=2 s0=PALM(4471,1688) s1=PALM(50,1852) [filtered=3016]
cnt=2 s0=PALM(4466,1687) s1=PALM(52,1858) [filtered=3017]
cnt=2 s0=PALM(4461,1685) s1=PALM(55,1864) [filtered=3018]
cnt=2 s0=PALM(4457,1684) s1=PALM(56,1870) [filtered=3019]
cnt=2 s0=PALM(4452,1684) s1=PALM(58,1877) [filtered=3020]
cnt=2 s0=PALM(4447,1683) s1=PALM(62,1884) [filtered=3021]
cnt=2 s0=PALM(4442,1683) s1=PALM(68,1891) [filtered=3022]
cnt=2 s0=PALM(4438,1683) s1=PALM(72,1898) [filtered=3023]
cnt=2 s0=PALM(4434,1683) s1=PALM(77,1905) [filtered=3024]
cnt=2 s0=PALM(4430,1683) s1=PALM(83,1913) [filtered=3025]
cnt=2 s0=PALM(4428,1684) s1=PALM(91,1921) [filtered=3026]
cnt=2 s0=PALM(4426,1684) s1=PALM(98,1928) [filtered=3027]
cnt=2 s0=PALM(4424,1684) s1=PALM(107,1936) [filtered=3028]
cnt=2 s0=PALM(4423,1685) s1=PALM(119,1944) [filtered=3029]
cnt=2 s0=PALM(4421,1686) s1=PALM(132,1952) [filtered=3030]
cnt=2 s0=PALM(4420,1687) s1=PALM(145,1959) [filtered=3031]
cnt=2 s0=PALM(4419,1688) s1=PALM(158,1965) [filtered=3032]
cnt=2 s0=PALM(4418,1689) s1=PALM(168,1971) [filtered=3033]
cnt=2 s0=PALM(4416,1690) s1=PALM(177,1977) [filtered=3034]
cnt=2 s0=PALM(4415,1692) s1=PALM(186,1982) [filtered=3035]
cnt=2 s0=PALM(4414,1693) s1=PALM(194,1986) [filtered=3036]
cnt=2 s0=PALM(4413,1694) s1=PALM(201,1990) [filtered=3037]
cnt=2 s0=PALM(4411,1695) s1=PALM(209,1994) [filtered=3038]
cnt=2 s0=PALM(4410,1696) s1=PALM(218,1998) [filtered=3039]
cnt=2 s0=PALM(4409,1696) s1=PALM(226,2001) [filtered=3040]
cnt=2 s0=PALM(4408,1697) s1=PALM(234,2003) [filtered=3041]
cnt=2 s0=PALM(4406,1698) s1=PALM(242,2005) [filtered=3042]
cnt=2 s0=PALM(4405,1698) s1=PALM(250,2007) [filtered=3043]
cnt=2 s0=PALM(4404,1699) s1=PALM(257,2008) [filtered=3044]
cnt=2 s0=PALM(4403,1699)* s1=PALM(264,2009) [filtered=3045]
cnt=2 s0=PALM(4401,1700)* s1=PALM(271,2010) [filtered=3046]
cnt=2 s0=PALM(4400,1700)* s1=PALM(278,2011) [filtered=3047]
cnt=2 s0=PALM(4399,1701)* s1=PALM(284,2012) [filtered=3048]
cnt=2 s0=PALM(4398,1701)* s1=PALM(290,2012) [filtered=3049]
cnt=2 s0=PALM(4397,1701)* s1=PALM(296,2012) [filtered=3050]
cnt=2 s0=PALM(4396,1701)* s1=PALM(302,2012) [filtered=3051]
cnt=2 s0=PALM(4394,1701)* s1=PALM(308,2012) [filtered=3052]
cnt=2 s0=PALM(4393,1701)* s1=PALM(314,2012) [filtered=3053]
cnt=2 s0=PALM(4392,1701)* s1=PALM(319,2012) [filtered=3054]
cnt=2 s0=PALM(4391,1701)* s1=PALM(323,2012) [filtered=3055]
cnt=2 s0=PALM(4389,1701)* s1=PALM(326,2012) [filtered=3056]
cnt=2 s0=PALM(4388,1701)* s1=PALM(329,2012) [filtered=3057]
cnt=2 s0=PALM(4387,1701)* s1=PALM(332,2012) [filtered=3058]
cnt=2 s0=PALM(4386,1701)* s1=PALM(334,2013) [filtered=3059]
cnt=2 s0=PALM(4384,1701)* s1=PALM(335,2014) [filtered=3060]
cnt=2 s0=PALM(4383,1701)* s1=PALM(334,2014) [filtered=3061]
cnt=2 s0=PALM(4382,1700)* s1=PALM(334,2014) [filtered=3062]
cnt=2 s0=PALM(4381,1699)* s1=PALM(334,2013) [filtered=3063]
cnt=2 s0=PALM(4380,1699)* s1=PALM(334,2012) [filtered=3064]
cnt=2 s0=PALM(4379,1699)* s1=PALM(334,2012) [filtered=3065]
cnt=2 s0=PALM(4378,1698)* s1=PALM(333,2012) [filtered=3066]
cnt=2 s0=PALM(4377,1698)* s1=PALM(332,2011) [filtered=3067]
cnt=2 s0=PALM(4376,1697)* s1=PALM(331,2010) [filtered=3068]
cnt=2 s0=PALM(4375,1697)* s1=PALM(330,2009) [filtered=3069]
cnt=2 s0=PALM(4374,1697)* s1=PALM(329,2008) [filtered=3070]
cnt=2 s0=PALM(4373,1697)* s1=PALM(327,2007) [filtered=3071]
cnt=2 s0=PALM(4372,1696)* s1=PALM(325,2005) [filtered=3072]
cnt=2 s0=PALM(4371,1696)* s1=PALM(323,2003) [filtered=3073]
cnt=2 s0=PALM(4371,1696)* s1=PALM(322,2002) [filtered=3074]
cnt=2 s0=PALM(4370,1696)* s1=PALM(320,2001) [filtered=3075]
cnt=2 s0=PALM(4369,1696)* s1=PALM(318,1999) [filtered=3076]
cnt=2 s0=PALM(4368,1696)* s1=PALM(315,1997) [filtered=3077]
cnt=2 s0=PALM(4367,1696)* s1=PALM(313,1996) [filtered=3078]
cnt=2 s0=PALM(4366,1696)* s1=PALM(310,1994) [filtered=3079]
cnt=2 s0=PALM(4365,1696)* s1=PALM(307,1992) [filtered=3080]
cnt=2 s0=PALM(4365,1696)* s1=PALM(305,1991) [filtered=3081]
cnt=2 s0=PALM(4364,1696)* s1=PALM(302,1989) [filtered=3082]
cnt=2 s0=PALM(4363,1695)* s1=PALM(299,1987) [filtered=3083]
cnt=2 s0=PALM(4362,1695)* s1=PALM(296,1985) [filtered=3084]
cnt=2 s0=PALM(4362,1695)* s1=PALM(294,1984) [filtered=3085]
cnt=2 s0=PALM(4361,1695)* s1=PALM(291,1982) [filtered=3086]
cnt=2 s0=PALM(4360,1694)* s1=PALM(288,1981) [filtered=3087]
cnt=2 s0=PALM(4359,1694)* s1=PALM(284,1979) [filtered=3088]
cnt=2 s0=PALM(4358,1694)* s1=PALM(282,1978) [filtered=3089]
cnt=2 s0=PALM(4357,1693)* s1=PALM(279,1977) [filtered=3090]
cnt=2 s0=PALM(4356,1693)* s1=PALM(276,1977) [filtered=3091]
cnt=2 s0=PALM(4355,1693)* s1=PALM(273,1976) [filtered=3092]
cnt=2 s0=PALM(4355,1693)* s1=PALM(271,1976) [filtered=3093]
cnt=2 s0=PALM(4354,1692)* s1=PALM(268,1976) [filtered=3094]
cnt=2 s0=PALM(4353,1692)* s1=PALM(265,1976) [filtered=3095]
cnt=2 s0=PALM(4353,1692)* s1=PALM(263,1976) [filtered=3096]
cnt=2 s0=PALM(4352,1691)* s1=PALM(261,1976) [filtered=3097]
cnt=2 s0=PALM(4351,1691)* s1=PALM(260,1976) [filtered=3098]
cnt=2 s0=PALM(4350,1690)* s1=PALM(258,1976) [filtered=3099]
cnt=2 s0=PALM(4349,1690)* s1=PALM(257,1976) [filtered=3100]
cnt=2 s0=PALM(4348,1690)* s1=PALM(256,1976) [filtered=3101]
cnt=2 s0=PALM(4347,1690)* s1=PALM(254,1976) [filtered=3102]
cnt=2 s0=PALM(4346,1690)* s1=PALM(253,1976) [filtered=3103]
cnt=2 s0=PALM(4346,1690)* s1=PALM(252,1976) [filtered=3104]
cnt=2 s0=PALM(4345,1689)* s1=PALM(251,1976) [filtered=3105]
cnt=2 s0=PALM(4344,1689)* s1=PALM(250,1976) [filtered=3106]
cnt=2 s0=PALM(4344,1689)* s1=PALM(250,1976) [filtered=3107]
cnt=2 s0=PALM(4343,1689)* s1=PALM(250,1976) [filtered=3108]
cnt=2 s0=PALM(4342,1689)* s1=PALM(249,1976) [filtered=3109]
cnt=2 s0=PALM(4341,1689)* s1=PALM(249,1976) [filtered=3110]
cnt=2 s0=PALM(4340,1689)* s1=PALM(249,1976) [filtered=3111]
cnt=2 s0=PALM(4340,1688)* s1=PALM(249,1976)* [filtered=3112]
cnt=2 s0=PALM(4339,1688)* s1=PALM(249,1976)* [filtered=3113]
cnt=2 s0=PALM(4339,1688)* s1=PALM(249,1976)* [filtered=3114]
cnt=2 s0=PALM(4339,1688)* s1=PALM(249,1976)* [filtered=3115]
cnt=2 s0=PALM(4338,1688)* s1=PALM(249,1976)* [filtered=3116]
cnt=2 s0=PALM(4338,1688)* s1=PALM(250,1976)* [filtered=3117]
cnt=2 s0=PALM(4338,1688)* s1=PALM(250,1976)* [filtered=3118]
cnt=2 s0=PALM(4337,1688)* s1=PALM(250,1976)* [filtered=3119]
cnt=2 s0=PALM(4336,1687)* s1=PALM(251,1976)* [filtered=3120]
cnt=2 s0=PALM(4336,1687)* s1=PALM(251,1976)* [filtered=3121]
cnt=2 s0=PALM(4336,1687)* s1=PALM(251,1976)* [filtered=3122]
cnt=2 s0=PALM(4335,1687)* s1=PALM(252,1976)* [filtered=3123]
cnt=2 s0=PALM(4335,1687)* s1=PALM(253,1976)* [filtered=3124]
cnt=2 s0=PALM(4335,1687)* s1=PALM(253,1976)* [filtered=3125]
cnt=2 s0=PALM(4334,1687)* s1=PALM(254,1976)* [filtered=3126]
cnt=2 s0=PALM(4334,1687)* s1=PALM(255,1976)* [filtered=3127]
cnt=2 s0=PALM(4334,1687)* s1=PALM(255,1976)* [filtered=3128]
cnt=2 s0=PALM(4333,1687)* s1=PALM(256,1975)* [filtered=3129]
cnt=2 s0=PALM(4333,1687)* s1=PALM(257,1974)* [filtered=3130]
cnt=2 s0=PALM(4332,1687)* s1=PALM(259,1974)* [filtered=3131]
cnt=2 s0=PALM(4332,1687)* s1=PALM(260,1974)* [filtered=3132]
cnt=2 s0=PALM(4331,1687)* s1=PALM(261,1973)* [filtered=3133]
cnt=2 s0=PALM(4331,1687)* s1=PALM(262,1973)* [filtered=3134]
cnt=2 s0=PALM(4331,1687)* s1=PALM(263,1973)* [filtered=3135]
cnt=2 s0=PALM(4330,1687)* s1=PALM(265,1972)* [filtered=3136]
cnt=2 s0=PALM(4330,1687)* s1=PALM(267,1971)* [filtered=3137]
cnt=2 s0=PALM(4330,1687)* s1=PALM(268,1971)* [filtered=3138]
cnt=2 s0=PALM(4329,1687)* s1=PALM(269,1970)* [filtered=3139]
cnt=2 s0=PALM(4329,1687)* s1=PALM(271,1969)* [filtered=3140]
cnt=2 s0=PALM(4328,1687)* s1=PALM(273,1968)* [filtered=3141]
cnt=2 s0=PALM(4328,1687)* s1=PALM(274,1968)* [filtered=3142]
cnt=2 s0=PALM(4327,1687)* s1=PALM(276,1967)* [filtered=3143]
cnt=2 s0=PALM(4327,1687)* s1=PALM(277,1966)* [filtered=3144]
cnt=2 s0=PALM(4326,1687)* s1=PALM(279,1965)* [filtered=3145]
cnt=2 s0=PALM(4325,1686)* s1=PALM(281,1964)* [filtered=3146]
cnt=2 s0=PALM(4325,1686)* s1=PALM(282,1964)* [filtered=3147]
cnt=2 s0=PALM(4325,1686)* s1=PALM(284,1963)* [filtered=3148]
cnt=2 s0=PALM(4325,1686)* s1=PALM(285,1963)* [filtered=3149]
cnt=2 s0=PALM(4324,1686)* s1=PALM(288,1962) [filtered=3150]
cnt=2 s0=PALM(4323,1686)* s1=PALM(291,1961) [filtered=3151]
cnt=2 s0=PALM(4323,1686)* s1=PALM(293,1960) [filtered=3152]
cnt=2 s0=PALM(4322,1686)* s1=PALM(295,1959) [filtered=3153]
cnt=2 s0=PALM(4321,1686)* s1=PALM(298,1958) [filtered=3154]
cnt=2 s0=PALM(4321,1686)* s1=PALM(300,1957) [filtered=3155]
cnt=2 s0=PALM(4320,1686)* s1=PALM(303,1956) [filtered=3156]
cnt=2 s0=PALM(4320,1686)* s1=PALM(305,1955) [filtered=3157]
cnt=2 s0=PALM(4319,1686)* s1=PALM(308,1954) [filtered=3158]
cnt=2 s0=PALM(4318,1686)* s1=PALM(311,1952) [filtered=3159]
cnt=2 s0=PALM(4317,1686)* s1=PALM(313,1951) [filtered=3160]
cnt=2 s0=PALM(4316,1686)* s1=PALM(316,1950) [filtered=3161]
cnt=2 s0=PALM(4316,1686)* s1=PALM(319,1948) [filtered=3162]
cnt=2 s0=PALM(4316,1686)* s1=PALM(322,1947) [filtered=3163]
cnt=2 s0=PALM(4315,1686)* s1=PALM(325,1946) [filtered=3164]
cnt=2 s0=PALM(4314,1686)* s1=PALM(327,1945) [filtered=3165]
cnt=2 s0=PALM(4314,1686)* s1=PALM(330,1944) [filtered=3166]
cnt=2 s0=PALM(4313,1686)* s1=PALM(333,1942) [filtered=3167]
cnt=2 s0=PALM(4313,1686)* s1=PALM(336,1941) [filtered=3168]
cnt=2 s0=PALM(4313,1686)* s1=PALM(339,1940) [filtered=3169]
cnt=2 s0=PALM(4313,1686)* s1=PALM(341,1939) [filtered=3170]
cnt=2 s0=PALM(4312,1686)* s1=PALM(344,1938) [filtered=3171]
cnt=2 s0=PALM(4312,1687)* s1=PALM(347,1937) [filtered=3172]
cnt=2 s0=PALM(4312,1687)* s1=PALM(349,1936) [filtered=3173]
cnt=2 s0=PALM(4311,1687)* s1=PALM(352,1935) [filtered=3174]
cnt=2 s0=PALM(4311,1687)* s1=PALM(354,1935) [filtered=3175]
cnt=2 s0=PALM(4311,1688)* s1=PALM(357,1934) [filtered=3176]
cnt=2 s0=PALM(4311,1688)* s1=PALM(359,1933) [filtered=3177]
cnt=2 s0=PALM(4310,1689)* s1=PALM(361,1932) [filtered=3178]
cnt=2 s0=PALM(4310,1689)* s1=PALM(363,1932) [filtered=3179]
cnt=2 s0=PALM(4309,1690)* s1=PALM(365,1931) [filtered=3180]
cnt=2 s0=PALM(4309,1691)* s1=PALM(367,1930) [filtered=3181]
cnt=2 s0=PALM(4309,1691)* s1=PALM(369,1930) [filtered=3182]
cnt=2 s0=PALM(4309,1692)* s1=PALM(371,1929) [filtered=3183]
cnt=2 s0=PALM(4309,1693)* s1=PALM(373,1929) [filtered=3184]
cnt=2 s0=PALM(4309,1694)* s1=PALM(374,1928) [filtered=3185]
cnt=2 s0=PALM(4309,1695)* s1=PALM(375,1928) [filtered=3186]
cnt=2 s0=PALM(4309,1696)* s1=PALM(374,1928) [filtered=3187]
cnt=2 s0=PALM(4309,1697)* s1=PALM(374,1928) [filtered=3188]
cnt=2 s0=PALM(4309,1698)* s1=PALM(376,1927) [filtered=3189]
cnt=3 s0=PALM(4309,1700)* s1=PALM(377,1927) s2=fng (2781,356) [filtered=3190]
cnt=3 s0=PALM(4309,1701)* s1=PALM(378,1927) s2=fng (2781,356) [filtered=3191]
cnt=3 s0=PALM(4309,1703)* s1=PALM(379,1926) s2=fng (2779,358) [filtered=3192]
cnt=3 s0=PALM(4309,1704)* s1=PALM(380,1926) s2=fng (2778,359) [filtered=3193]
cnt=3 s0=PALM(4309,1707)* s1=PALM(381,1925) s2=fng (2776,361) [filtered=3194]
cnt=3 s0=PALM(4309,1709)* s1=PALM(382,1925) s2=fng (2775,362) [filtered=3195]
cnt=3 s0=PALM(4310,1711)* s1=PALM(383,1925)* s2=fng (2772,365) [filtered=3196]
cnt=3 s0=PALM(4310,1713)* s1=PALM(383,1925)* s2=fng (2770,367) [filtered=3197]
cnt=3 s0=PALM(4311,1715)* s1=PALM(384,1924)* s2=fng (2767,371) [filtered=3198]
cnt=3 s0=PALM(4311,1718)* s1=PALM(385,1924)* s2=fng (2762,375) [filtered=3199]
cnt=3 s0=PALM(4311,1720)* s1=PALM(386,1924)* s2=fng (2758,378) [filtered=3200]
cnt=3 s0=PALM(4312,1722)* s1=PALM(387,1923)* s2=fng (2754,383) [filtered=3201]
cnt=3 s0=PALM(4312,1724)* s1=PALM(387,1923)* s2=fng (2751,387) [filtered=3202]
cnt=3 s0=PALM(4312,1726)* s1=PALM(388,1923)* s2=fng (2747,391) [filtered=3203]
cnt=3 s0=PALM(4312,1728)* s1=PALM(388,1923)* s2=fng (2744,395) [filtered=3204]
cnt=3 s0=PALM(4313,1730)* s1=PALM(389,1922)* s2=fng (2741,399) [filtered=3205]
cnt=3 s0=PALM(4313,1732)* s1=PALM(389,1922)* s2=fng (2738,403) [filtered=3206]
cnt=3 s0=PALM(4313,1734)* s1=PALM(390,1921)* s2=fng (2735,407) [filtered=3207]
cnt=3 s0=PALM(4313,1736)* s1=PALM(390,1921)* s2=fng (2732,411) [filtered=3208]
cnt=3 s0=PALM(4314,1738)* s1=PALM(391,1921)* s2=fng (2729,414) [filtered=3209]
cnt=3 s0=PALM(4314,1740)* s1=PALM(391,1921)* s2=fng (2726,417) [filtered=3210]
cnt=3 s0=PALM(4314,1742)* s1=PALM(392,1921)* s2=fng (2723,420) [filtered=3211]
cnt=3 s0=PALM(4314,1744)* s1=PALM(392,1921)* s2=fng (2720,423) [filtered=3212]
cnt=3 s0=PALM(4315,1745)* s1=PALM(393,1921)* s2=fng (2718,425) [filtered=3213]
cnt=3 s0=PALM(4315,1746)* s1=PALM(394,1921)* s2=fng (2716,427) [filtered=3214]
cnt=3 s0=PALM(4316,1747)* s1=PALM(395,1921)* s2=fng (2714,429) [filtered=3215]
cnt=3 s0=PALM(4316,1748)* s1=PALM(395,1921)* s2=fng (2712,431) [filtered=3216]
cnt=3 s0=PALM(4316,1749)* s1=PALM(396,1920)* s2=fng (2710,433) [filtered=3217]
cnt=3 s0=PALM(4317,1750)* s1=PALM(397,1920)* s2=fng (2708,435) [filtered=3218]
cnt=3 s0=PALM(4317,1751)* s1=PALM(397,1920)* s2=fng (2706,437) [filtered=3219]
cnt=3 s0=PALM(4317,1750)* s1=PALM(398,1920)* s2=fng (2704,438) [filtered=3220]
cnt=3 s0=PALM(4317,1750)* s1=PALM(398,1920)* s2=fng (2702,439) [filtered=3221]
cnt=3 s0=PALM(4318,1751)* s1=PALM(399,1920)* s2=fng (2701,440) [filtered=3222]
cnt=3 s0=PALM(4318,1751)* s1=PALM(399,1920)* s2=fng (2700,441) [filtered=3223]
cnt=3 s0=PALM(4318,1752)* s1=PALM(400,1920)* s2=fng (2699,441) [filtered=3224]
cnt=3 s0=PALM(4318,1753)* s1=PALM(400,1920)* s2=fng (2698,441) [filtered=3225]
cnt=3 s0=PALM(4319,1754)* s1=PALM(401,1920)* s2=fng (2698,441) [filtered=3226]
cnt=3 s0=PALM(4319,1755)* s1=PALM(401,1920)* s2=fng (2698,441) [filtered=3227]
cnt=3 s0=PALM(4320,1756)* s1=PALM(402,1920)* s2=fng (2698,441) [filtered=3228]
cnt=3 s0=PALM(4320,1757)* s1=PALM(403,1920)* s2=fng (2698,441) [filtered=3229]
cnt=3 s0=PALM(4320,1758)* s1=PALM(404,1920)* s2=fng (2698,441) [filtered=3230]
cnt=3 s0=PALM(4320,1758)* s1=PALM(404,1920)* s2=fng (2698,441) [filtered=3231]
cnt=3 s0=PALM(4320,1759)* s1=PALM(405,1920)* s2=fng (2698,438) [filtered=3232]
cnt=3 s0=PALM(4320,1759)* s1=PALM(405,1920)* s2=fng (2698,435) [filtered=3233]
cnt=3 s0=PALM(4320,1760)* s1=PALM(406,1920)* s2=fng (2701,432) [filtered=3234]
cnt=3 s0=PALM(4320,1760)* s1=PALM(406,1920)* s2=fng (2704,431) [filtered=3235]
cnt=3 s0=PALM(4320,1761)* s1=PALM(406,1920)* s2=fng (2706,429) [filtered=3236]
cnt=3 s0=PALM(4320,1761)* s1=PALM(406,1920)* s2=fng (2706,428) [filtered=3237]
cnt=3 s0=PALM(4320,1761)* s1=PALM(407,1920)* s2=fng (2709,425) [filtered=3238]
cnt=3 s0=PALM(4320,1761)* s1=PALM(407,1920)* s2=fng (2710,423) [filtered=3239]
cnt=3 s0=PALM(4320,1761)* s1=PALM(408,1920)* s2=fng (2713,420) [filtered=3240]
cnt=3 s0=PALM(4320,1761)* s1=PALM(408,1920)* s2=fng (2715,418) [filtered=3241]
cnt=3 s0=PALM(4320,1761)* s1=PALM(408,1920)* s2=fng (2719,414) [filtered=3242]
cnt=3 s0=PALM(4320,1761)* s1=PALM(408,1920)* s2=fng (2722,411) [filtered=3243]
cnt=3 s0=PALM(4319,1761)* s1=PALM(409,1920)* s2=fng (2727,406) [filtered=3244]
cnt=3 s0=PALM(4319,1761)* s1=PALM(409,1920)* s2=fng (2731,402) [filtered=3245]
cnt=3 s0=PALM(4318,1761)* s1=PALM(409,1920)* s2=fng (2738,397) [filtered=3246]
cnt=3 s0=PALM(4318,1761)* s1=PALM(409,1920)* s2=fng (2744,393) [filtered=3247]
cnt=3 s0=PALM(4318,1761)* s1=PALM(410,1920)* s2=fng (2751,387) [filtered=3248]
cnt=3 s0=PALM(4318,1761)* s1=PALM(410,1920)* s2=fng (2757,382) [filtered=3249]
cnt=3 s0=PALM(4317,1761)* s1=PALM(410,1920)* s2=fng (2765,375) [filtered=3250]
cnt=3 s0=PALM(4317,1761)* s1=PALM(410,1920)* s2=fng (2772,369) [filtered=3251]
cnt=3 s0=PALM(4317,1761)* s1=PALM(410,1920)* s2=fng (2779,363) [filtered=3252]
cnt=3 s0=PALM(4317,1761)* s1=PALM(410,1920)* s2=fng (2786,357) [filtered=3253]
cnt=3 s0=PALM(4316,1760)* s1=PALM(410,1920)* s2=fng (2794,351) [filtered=3254]
cnt=3 s0=PALM(4316,1760)* s1=PALM(410,1920)* s2=fng (2802,345) [filtered=3255]
cnt=3 s0=PALM(4316,1759)* s1=PALM(410,1920)* s2=fng (2810,339) [filtered=3256]
cnt=3 s0=PALM(4316,1759)* s1=PALM(410,1920)* s2=fng (2818,333) [filtered=3257]
cnt=3 s0=PALM(4315,1759)* s1=PALM(410,1920)* s2=fng (2826,327) [filtered=3258]
cnt=3 s0=PALM(4315,1759)* s1=PALM(410,1920)* s2=fng (2834,321) [filtered=3259]
cnt=3 s0=PALM(4314,1758)* s1=PALM(410,1920)* s2=fng (2841,316) [filtered=3260]
cnt=3 s0=PALM(4314,1758)* s1=PALM(410,1920)* s2=fng (2848,311) [filtered=3261]
cnt=3 s0=PALM(4314,1758)* s1=PALM(410,1920)* s2=fng (2855,306) [filtered=3262]
cnt=3 s0=PALM(4313,1757)* s1=PALM(410,1920)* s2=fng (2861,302) [filtered=3263]
cnt=3 s0=PALM(4313,1756)* s1=PALM(409,1920)* s2=fng (2867,298) [filtered=3264]
cnt=3 s0=PALM(4313,1756)* s1=PALM(409,1920)* s2=fng (2873,294) [filtered=3265]
cnt=3 s0=PALM(4312,1755)* s1=PALM(409,1920)* s2=fng (2879,290) [filtered=3266]
cnt=3 s0=PALM(4312,1755)* s1=PALM(409,1920)* s2=fng (2885,286) [filtered=3267]
cnt=3 s0=PALM(4312,1754)* s1=PALM(408,1920)* s2=fng (2890,282) [filtered=3268]
cnt=3 s0=PALM(4311,1753)* s1=PALM(408,1920)* s2=fng (2894,279) [filtered=3269]
cnt=3 s0=PALM(4311,1753)* s1=PALM(408,1920)* s2=fng (2898,276) [filtered=3270]
cnt=3 s0=PALM(4311,1752)* s1=PALM(407,1920)* s2=fng (2902,274) [filtered=3271]
cnt=3 s0=PALM(4311,1752)* s1=PALM(406,1920)* s2=fng (2906,272) [filtered=3272]
cnt=3 s0=PALM(4310,1751)* s1=PALM(405,1921)* s2=fng (2910,270) [filtered=3273]
cnt=3 s0=PALM(4310,1751)* s1=PALM(405,1921)* s2=fng (2914,268) [filtered=3274]
cnt=3 s0=PALM(4309,1751)* s1=PALM(404,1921)* s2=fng (2917,266) [filtered=3275]
cnt=3 s0=PALM(4309,1751)* s1=PALM(404,1921)* s2=fng (2920,264) [filtered=3276]
cnt=3 s0=PALM(4309,1750)* s1=PALM(403,1922)* s2=fng (2923,262) [filtered=3277]
cnt=3 s0=PALM(4309,1750)* s1=PALM(402,1922)* s2=fng (2926,260) [filtered=3278]
cnt=3 s0=PALM(4308,1750)* s1=PALM(401,1923)* s2=fng (2928,258) [filtered=3279]
cnt=3 s0=PALM(4308,1750)* s1=PALM(400,1923)* s2=fng (2930,256) [filtered=3280]
cnt=3 s0=PALM(4308,1749)* s1=PALM(399,1924)* s2=fng (2932,254) [filtered=3281]
cnt=3 s0=PALM(4308,1749)* s1=PALM(398,1924)* s2=fng (2934,252) [filtered=3282]
cnt=3 s0=PALM(4307,1748)* s1=PALM(397,1925)* s2=fng (2936,251) [filtered=3283]
cnt=3 s0=PALM(4307,1748)* s1=PALM(396,1925)* s2=fng (2938,250) [filtered=3284]
cnt=3 s0=PALM(4307,1748)* s1=PALM(395,1926)* s2=fng (2940,249) [filtered=3285]
cnt=3 s0=PALM(4306,1747)* s1=PALM(393,1927)* s2=fng (2941,249) [filtered=3286]
cnt=3 s0=PALM(4306,1747)* s1=PALM(392,1927)* s2=fng (2942,249) [filtered=3287]
cnt=3 s0=PALM(4305,1747)* s1=PALM(390,1928)* s2=fng (2943,249) [filtered=3288]
cnt=3 s0=PALM(4305,1747)* s1=PALM(389,1928)* s2=fng (2944,249) [filtered=3289]
cnt=3 s0=PALM(4305,1746)* s1=PALM(388,1929)* s2=fng (2945,249) [filtered=3290]
cnt=3 s0=PALM(4305,1746)* s1=PALM(387,1929)* s2=fng (2946,249) [filtered=3291]
cnt=3 s0=PALM(4304,1746)* s1=PALM(386,1930)* s2=fng (2947,249) [filtered=3292]
cnt=3 s0=PALM(4304,1745)* s1=PALM(385,1931)* s2=fng (2948,249) [filtered=3293]
cnt=3 s0=PALM(4304,1745)* s1=PALM(384,1931)* s2=fng (2949,249) [filtered=3294]
cnt=3 s0=PALM(4304,1744)* s1=PALM(383,1932)* s2=fng (2949,249) [filtered=3295]
cnt=3 s0=PALM(4304,1744)* s1=PALM(382,1932)* s2=fng (2949,249) [filtered=3296]
cnt=3 s0=PALM(4304,1744)* s1=PALM(381,1932)* s2=fng (2949,249) [filtered=3297]
cnt=3 s0=PALM(4304,1743)* s1=PALM(380,1933)* s2=fng (2949,249) [filtered=3298]
cnt=3 s0=PALM(4304,1743)* s1=PALM(379,1933)* s2=fng (2949,249) [filtered=3299]
cnt=3 s0=PALM(4304,1743)* s1=PALM(378,1933)* s2=fng (2949,249) [filtered=3300]
cnt=3 s0=PALM(4304,1743)* s1=PALM(377,1933)* s2=fng (2949,249) [filtered=3301]
cnt=3 s0=PALM(4304,1742)* s1=PALM(376,1934)* s2=fng (2949,249)* [filtered=3302]
cnt=3 s0=PALM(4304,1742)* s1=PALM(375,1935)* s2=fng (2949,249)* [filtered=3303]
cnt=3 s0=PALM(4304,1742)* s1=PALM(374,1935)* s2=fng (2949,249)* [filtered=3304]
cnt=3 s0=PALM(4304,1741)* s1=PALM(373,1935)* s2=fng (2949,249)* [filtered=3305]
cnt=3 s0=PALM(4304,1741)* s1=PALM(373,1935)* s2=fng (2949,249)* [filtered=3306]
cnt=3 s0=PALM(4304,1740)* s1=PALM(372,1936)* s2=fng (2949,250)* [filtered=3307]
cnt=3 s0=PALM(4304,1740)* s1=PALM(372,1936)* s2=fng (2949,250)* [filtered=3308]
cnt=3 s0=PALM(4304,1740)* s1=PALM(371,1936)* s2=fng (2949,250)* [filtered=3309]
cnt=3 s0=PALM(4304,1739)* s1=PALM(370,1937)* s2=fng (2949,250)* [filtered=3310]
cnt=3 s0=PALM(4304,1739)* s1=PALM(370,1937)* s2=fng (2949,250)* [filtered=3311]
cnt=3 s0=PALM(4303,1739)* s1=PALM(369,1938)* s2=fng (2949,250)* [filtered=3312]
cnt=3 s0=PALM(4303,1739)* s1=PALM(369,1938)* s2=fng (2949,250)* [filtered=3313]
cnt=3 s0=PALM(4303,1738)* s1=PALM(368,1938)* s2=fng (2949,250)* [filtered=3314]
cnt=3 s0=PALM(4303,1738)* s1=PALM(368,1938)* s2=fng (2949,250)* [filtered=3315]
cnt=3 s0=PALM(4302,1737)* s1=PALM(367,1939)* s2=fng (2949,250)* [filtered=3316]
cnt=3 s0=PALM(4302,1737)* s1=PALM(366,1939)* s2=fng (2949,250)* [filtered=3317]
cnt=3 s0=PALM(4302,1737)* s1=PALM(365,1939)* s2=fng (2949,250)* [filtered=3318]
cnt=3 s0=PALM(4302,1737)* s1=PALM(365,1939)* s2=fng (2949,250)* [filtered=3319]
cnt=3 s0=PALM(4301,1736)* s1=PALM(364,1940)* s2=fng (2949,251)* [filtered=3320]
cnt=3 s0=PALM(4300,1736)* s1=PALM(363,1940)* s2=fng (2949,252)* [filtered=3321]
cnt=3 s0=PALM(4300,1736)* s1=PALM(363,1940)* s2=fng (2949,253)* [filtered=3322]
cnt=3 s0=PALM(4300,1735)* s1=PALM(362,1941)* s2=fng (2949,254)* [filtered=3323]
cnt=3 s0=PALM(4300,1735)* s1=PALM(362,1941)* s2=fng (2949,254)* [filtered=3324]
cnt=3 s0=PALM(4299,1735)* s1=PALM(361,1941)* s2=fng (2949,255)* [filtered=3325]
cnt=3 s0=PALM(4299,1735)* s1=PALM(361,1941)* s2=fng (2949,255)* [filtered=3326]
cnt=3 s0=PALM(4299,1735)* s1=PALM(360,1941)* s2=fng (2949,256)* [filtered=3327]
cnt=3 s0=PALM(4299,1735)* s1=PALM(360,1941)* s2=fng (2949,257)* [filtered=3328]
cnt=3 s0=PALM(4299,1735)* s1=PALM(360,1941)* s2=fng (2949,258)* [filtered=3329]
cnt=3 s0=PALM(4299,1735)* s1=PALM(359,1941)* s2=fng (2949,260)* [filtered=3330]
cnt=3 s0=PALM(4299,1735)* s1=PALM(359,1941)* s2=fng (2949,261)* [filtered=3331]
cnt=3 s0=PALM(4299,1735)* s1=PALM(359,1941)* s2=fng (2949,262)* [filtered=3332]
cnt=3 s0=PALM(4299,1735)* s1=PALM(359,1941)* s2=fng (2949,262)* [filtered=3333]
cnt=3 s0=PALM(4299,1735)* s1=PALM(358,1941)* s2=fng (2949,263)* [filtered=3334]
cnt=3 s0=PALM(4299,1735)* s1=PALM(358,1941)* s2=fng (2949,264)* [filtered=3335]
cnt=3 s0=PALM(4299,1735)* s1=PALM(358,1941)* s2=fng (2949,265)* [filtered=3336]
cnt=3 s0=PALM(4299,1735)* s1=PALM(358,1941)* s2=fng (2949,266)* [filtered=3337]
cnt=3 s0=PALM(4299,1735)* s1=PALM(358,1941)* s2=fng (2949,267)* [filtered=3338]
cnt=3 s0=PALM(4299,1735)* s1=PALM(358,1941)* s2=fng (2949,268)* [filtered=3339]
cnt=3 s0=PALM(4299,1735)* s1=PALM(358,1941)* s2=fng (2949,268)* [filtered=3340]
cnt=3 s0=PALM(4299,1735)* s1=PALM(358,1941)* s2=fng (2949,269)* [filtered=3341]
cnt=3 s0=PALM(4299,1735)* s1=PALM(358,1941)* s2=fng (2949,269)* [filtered=3342]
cnt=3 s0=PALM(4299,1735)* s1=PALM(358,1941)* s2=fng (2949,270)* [filtered=3343]
cnt=3 s0=PALM(4299,1735)* s1=PALM(358,1941)* s2=fng (2949,270)* [filtered=3344]
cnt=3 s0=PALM(4298,1735)* s1=PALM(358,1941)* s2=fng (2946,271) [filtered=3345]
cnt=3 s0=PALM(4298,1735)* s1=PALM(358,1941)* s2=fng (2943,272) [filtered=3346]
cnt=3 s0=PALM(4298,1735)* s1=PALM(359,1941)* s2=fng (2940,273) [filtered=3347]
cnt=3 s0=PALM(4298,1735)* s1=PALM(359,1941)* s2=fng (2937,274) [filtered=3348]
cnt=3 s0=PALM(4298,1735)* s1=PALM(359,1941)* s2=fng (2933,276) [filtered=3349]
cnt=3 s0=PALM(4298,1735)* s1=PALM(359,1941)* s2=fng (2930,277) [filtered=3350]
cnt=3 s0=PALM(4298,1735)* s1=PALM(360,1941)* s2=fng (2927,279) [filtered=3351]
cnt=3 s0=PALM(4298,1735)* s1=PALM(360,1941)* s2=fng (2924,282) [filtered=3352]
cnt=3 s0=PALM(4298,1735)* s1=PALM(360,1941)* s2=fng (2921,284) [filtered=3353]
cnt=3 s0=PALM(4298,1735)* s1=PALM(360,1941)* s2=fng (2917,287) [filtered=3354]
cnt=3 s0=PALM(4298,1735)* s1=PALM(360,1941)* s2=fng (2914,289) [filtered=3355]
cnt=3 s0=PALM(4298,1735)* s1=PALM(360,1941)* s2=fng (2909,291) [filtered=3356]
cnt=3 s0=PALM(4298,1735)* s1=PALM(360,1941)* s2=fng (2905,293) [filtered=3357]
cnt=3 s0=PALM(4298,1735)* s1=PALM(359,1941)* s2=fng (2900,296) [filtered=3358]
cnt=3 s0=PALM(4298,1735)* s1=PALM(359,1941)* s2=fng (2896,298) [filtered=3359]
cnt=3 s0=PALM(4298,1735)* s1=PALM(359,1942)* s2=fng (2892,300) [filtered=3360]
cnt=3 s0=PALM(4298,1735)* s1=PALM(359,1942)* s2=fng (2888,302) [filtered=3361]
cnt=3 s0=PALM(4299,1736)* s1=PALM(358,1942)* s2=fng (2884,304) [filtered=3362]
cnt=3 s0=PALM(4299,1736)* s1=PALM(357,1943)* s2=fng (2880,307) [filtered=3363]
cnt=3 s0=PALM(4299,1736)* s1=PALM(356,1943)* s2=fng (2876,309) [filtered=3364]
cnt=3 s0=PALM(4300,1737)* s1=PALM(355,1943)* s2=fng (2873,311) [filtered=3365]
cnt=3 s0=PALM(4300,1737)* s1=PALM(355,1943)* s2=fng (2870,313) [filtered=3366]
cnt=3 s0=PALM(4300,1737)* s1=PALM(354,1944)* s2=fng (2867,315) [filtered=3367]
cnt=3 s0=PALM(4300,1737)* s1=PALM(354,1944)* s2=fng (2864,317) [filtered=3368]
cnt=3 s0=PALM(4301,1738)* s1=PALM(353,1944)* s2=fng (2861,319) [filtered=3369]
cnt=3 s0=PALM(4302,1739)* s1=PALM(352,1945)* s2=fng (2858,322) [filtered=3370]
cnt=3 s0=PALM(4302,1739)* s1=PALM(352,1945)* s2=fng (2855,324) [filtered=3371]
cnt=3 s0=PALM(4303,1740)* s1=PALM(351,1946)* s2=fng (2850,327) [filtered=3372]
cnt=3 s0=PALM(4303,1740)* s1=PALM(351,1946)* s2=fng (2846,329) [filtered=3373]
cnt=3 s0=PALM(4304,1741)* s1=PALM(350,1946)* s2=fng (2842,332) [filtered=3374]
cnt=3 s0=PALM(4306,1742)* s1=PALM(349,1947)* s2=fng (2836,336) [filtered=3375]
cnt=3 s0=PALM(4307,1743)* s1=PALM(349,1947)* s2=fng (2831,339) [filtered=3376]
cnt=3 s0=PALM(4308,1744)* s1=PALM(348,1947)* s2=fng (2824,343) [filtered=3377]
cnt=3 s0=PALM(4309,1745)* s1=PALM(348,1947)* s2=fng (2818,346) [filtered=3378]
cnt=3 s0=PALM(4310,1746)* s1=PALM(348,1947)* s2=fng (2812,350) [filtered=3379]
cnt=3 s0=PALM(4312,1748) s1=PALM(347,1947)* s2=fng (2805,355) [filtered=3380]
cnt=3 s0=PALM(4313,1749) s1=PALM(347,1947)* s2=fng (2799,359) [filtered=3381]
cnt=3 s0=PALM(4315,1750) s1=PALM(347,1947)* s2=fng (2793,364) [filtered=3382]
cnt=3 s0=PALM(4317,1752) s1=PALM(347,1947)* s2=fng (2786,369) [filtered=3383]
cnt=3 s0=PALM(4318,1753) s1=PALM(347,1947)* s2=fng (2780,373) [filtered=3384]
cnt=3 s0=PALM(4320,1755) s1=PALM(347,1947)* s2=fng (2775,378) [filtered=3385]
cnt=3 s0=PALM(4321,1756) s1=PALM(347,1947)* s2=fng (2770,382) [filtered=3386]
cnt=3 s0=PALM(4324,1759) s1=PALM(347,1947)* s2=fng (2765,386) [filtered=3387]
cnt=3 s0=PALM(4327,1762) s1=PALM(347,1947)* s2=fng (2761,391) [filtered=3388]
cnt=3 s0=PALM(4329,1764) s1=PALM(347,1947)* s2=fng (2757,395) [filtered=3389]
cnt=3 s0=PALM(4332,1767) s1=PALM(347,1947)* s2=fng (2753,400) [filtered=3390]
cnt=3 s0=PALM(4334,1769) s1=PALM(347,1947)* s2=fng (2749,404) [filtered=3391]
cnt=3 s0=PALM(4338,1772) s1=PALM(347,1947)* s2=fng (2745,409) [filtered=3392]
cnt=3 s0=PALM(4343,1776) s1=PALM(347,1947)* s2=fng (2741,415) [filtered=3393]
cnt=3 s0=PALM(4347,1779) s1=PALM(347,1947)* s2=fng (2737,420) [filtered=3394]
cnt=3 s0=PALM(4352,1783) s1=PALM(347,1947)* s2=fng (2733,426) [filtered=3395]
cnt=3 s0=PALM(4358,1787) s1=PALM(347,1947)* s2=fng (2728,432) [filtered=3396]
cnt=3 s0=PALM(4363,1790) s1=PALM(347,1947)* s2=fng (2724,437) [filtered=3397]
cnt=3 s0=PALM(4369,1795) s1=PALM(348,1947)* s2=fng (2720,443) [filtered=3398]
cnt=3 s0=PALM(4375,1800) s1=PALM(348,1947)* s2=fng (2715,449) [filtered=3399]
cnt=3 s0=PALM(4380,1804) s1=PALM(348,1947)* s2=fng (2711,454) [filtered=3400]
cnt=3 s0=PALM(4386,1809) s1=PALM(349,1947)* s2=fng (2707,460) [filtered=3401]
cnt=3 s0=PALM(4392,1814) s1=PALM(350,1947)* s2=fng (2703,466) [filtered=3402]
cnt=3 s0=PALM(4397,1818) s1=PALM(350,1947)* s2=fng (2699,471) [filtered=3403]
cnt=3 s0=PALM(4403,1823) s1=PALM(350,1947)* s2=fng (2695,476) [filtered=3404]
cnt=3 s0=PALM(4408,1828) s1=PALM(351,1947)* s2=fng (2692,481) [filtered=3405]
cnt=3 s0=PALM(4412,1832) s1=PALM(351,1947)* s2=fng (2689,485) [filtered=3406]
cnt=3 s0=PALM(4417,1835) s1=PALM(351,1947)* s2=fng (2686,490) [filtered=3407]
cnt=3 s0=PALM(4422,1839) s1=PALM(352,1947)* s2=fng (2684,495) [filtered=3408]
cnt=3 s0=PALM(4426,1842) s1=PALM(352,1947)* s2=fng (2682,499) [filtered=3409]
cnt=3 s0=PALM(4430,1844) s1=PALM(352,1947)* s2=fng (2680,504) [filtered=3410]
cnt=3 s0=PALM(4434,1847) s1=PALM(353,1947)* s2=fng (2677,509) [filtered=3411]
cnt=3 s0=PALM(4437,1849) s1=PALM(353,1947)* s2=fng (2675,513) [filtered=3412]
cnt=3 s0=PALM(4441,1851) s1=PALM(353,1947)* s2=fng (2674,518) [filtered=3413]
cnt=3 s0=PALM(4444,1853) s1=PALM(353,1947)* s2=fng (2673,522) [filtered=3414]
cnt=3 s0=PALM(4447,1855) s1=PALM(354,1947)* s2=fng (2672,525) [filtered=3415]
cnt=3 s0=PALM(4451,1858) s1=PALM(355,1947)* s2=fng (2671,529) [filtered=3416]
cnt=3 s0=PALM(4454,1860) s1=PALM(355,1947)* s2=fng (2671,532) [filtered=3417]
cnt=3 s0=PALM(4457,1863) s1=PALM(355,1947)* s2=fng (2671,535) [filtered=3418]
cnt=3 s0=PALM(4460,1866) s1=PALM(356,1947)* s2=fng (2672,538) [filtered=3419]
cnt=3 s0=PALM(4462,1868) s1=PALM(356,1947)* s2=fng (2672,540) [filtered=3420]
cnt=3 s0=PALM(4464,1869) s1=PALM(356,1947)* s2=fng (2673,543) [filtered=3421]
cnt=3 s0=PALM(4467,1871) s1=PALM(357,1947)* s2=fng (2675,546) [filtered=3422]
cnt=3 s0=PALM(4469,1872) s1=PALM(357,1947)* s2=fng (2676,548) [filtered=3423]
cnt=3 s0=PALM(4472,1874) s1=PALM(357,1947)* s2=fng (2678,549) [filtered=3424]
cnt=3 s0=PALM(4474,1875) s1=PALM(357,1947)* s2=fng (2679,549) [filtered=3425]
cnt=3 s0=PALM(4476,1877) s1=PALM(358,1947)* s2=fng (2682,550) [filtered=3426]
cnt=3 s0=PALM(4479,1879) s1=PALM(359,1947)* s2=fng (2686,552) [filtered=3427]
cnt=3 s0=PALM(4481,1880) s1=PALM(359,1947)* s2=fng (2690,553) [filtered=3428]
cnt=3 s0=PALM(4483,1882) s1=PALM(359,1947)* s2=fng (2695,555) [filtered=3429]
cnt=3 s0=PALM(4485,1884) s1=PALM(360,1946)* s2=fng (2701,557) [filtered=3430]
cnt=3 s0=PALM(4487,1885) s1=PALM(360,1946)* s2=fng (2707,558) [filtered=3431]
cnt=3 s0=PALM(4489,1887) s1=PALM(360,1946)* s2=fng (2714,560) [filtered=3432]
cnt=3 s0=PALM(4492,1889) s1=PALM(361,1946)* s2=fng (2721,562) [filtered=3433]
cnt=3 s0=PALM(4494,1890) s1=PALM(361,1946)* s2=fng (2728,563) [filtered=3434]
cnt=3 s0=PALM(4495,1892) s1=PALM(361,1945)* s2=fng (2736,564) [filtered=3435]
cnt=3 s0=PALM(4497,1893) s1=PALM(362,1944)* s2=fng (2744,565) [filtered=3436]
cnt=3 s0=PALM(4498,1894) s1=PALM(362,1944)* s2=fng (2752,566) [filtered=3437]
cnt=3 s0=PALM(4500,1895) s1=PALM(363,1944)* s2=fng (2761,566) [filtered=3438]
cnt=3 s0=PALM(4502,1897) s1=PALM(363,1944)* s2=fng (2770,566) [filtered=3439]
cnt=3 s0=PALM(4503,1898) s1=PALM(363,1944)* s2=fng (2779,566) [filtered=3440]
cnt=3 s0=PALM(4505,1899) s1=PALM(364,1944)* s2=fng (2789,565) [filtered=3441]
cnt=3 s0=PALM(4507,1900) s1=PALM(364,1943)* s2=fng (2801,564) [filtered=3442]
cnt=3 s0=PALM(4508,1901) s1=PALM(364,1943)* s2=fng (2813,563) [filtered=3443]
cnt=3 s0=PALM(4509,1902) s1=PALM(365,1943)* s2=fng (2827,561) [filtered=3444]
cnt=3 s0=PALM(4511,1903) s1=PALM(365,1943)* s2=fng (2843,559) [filtered=3445]
cnt=3 s0=PALM(4512,1903) s1=PALM(365,1943)* s2=fng (2859,558) [filtered=3446]
cnt=3 s0=PALM(4513,1904) s1=PALM(365,1943)* s2=fng (2878,555) [filtered=3447]
cnt=3 s0=PALM(4514,1904) s1=PALM(365,1943)* s2=fng (2898,551) [filtered=3448]
cnt=3 s0=PALM(4515,1904) s1=PALM(365,1943)* s2=fng (2918,549) [filtered=3449]
cnt=3 s0=PALM(4516,1905) s1=PALM(365,1943)* s2=fng (2939,546) [filtered=3450]
cnt=3 s0=PALM(4518,1905) s1=PALM(365,1943)* s2=fng (2959,543) [filtered=3451]
cnt=3 s0=PALM(4519,1905) s1=PALM(365,1943)* s2=fng (2979,541) [filtered=3452]
cnt=3 s0=PALM(4520,1906) s1=PALM(365,1943)* s2=fng (2998,539) [filtered=3453]
cnt=3 s0=PALM(4521,1906) s1=PALM(365,1943)* s2=fng (3017,537) [filtered=3454]
cnt=3 s0=PALM(4523,1907) s1=PALM(365,1943)* s2=fng (3036,535) [filtered=3455]
cnt=3 s0=PALM(4524,1907) s1=PALM(365,1943)* s2=fng (3054,534) [filtered=3456]
cnt=3 s0=PALM(4525,1907) s1=PALM(365,1943)* s2=fng (3073,533) [filtered=3457]
cnt=3 s0=PALM(4526,1907) s1=PALM(365,1943)* s2=fng (3090,533) [filtered=3458]
cnt=3 s0=PALM(4526,1907)* s1=PALM(365,1943)* s2=fng (3107,533) [filtered=3459]
cnt=3 s0=PALM(4527,1907)* s1=PALM(365,1943)* s2=fng (3123,533) [filtered=3460]
cnt=3 s0=PALM(4528,1907)* s1=PALM(365,1943)* s2=fng (3137,534) [filtered=3461]
cnt=3 s0=PALM(4529,1907)* s1=PALM(365,1943)* s2=fng (3150,535) [filtered=3462]
cnt=3 s0=PALM(4530,1907)* s1=PALM(365,1943)* s2=fng (3162,536) [filtered=3463]
cnt=3 s0=PALM(4531,1907)* s1=PALM(365,1943)* s2=fng (3173,537) [filtered=3464]
cnt=3 s0=PALM(4532,1907)* s1=PALM(365,1943)* s2=fng (3183,538) [filtered=3465]
cnt=3 s0=PALM(4532,1907)* s1=PALM(365,1943)* s2=fng (3192,538) [filtered=3466]
cnt=3 s0=PALM(4533,1907)* s1=PALM(365,1942)* s2=fng (3200,539) [filtered=3467]
cnt=3 s0=PALM(4534,1907)* s1=PALM(365,1942)* s2=fng (3207,540) [filtered=3468]
cnt=3 s0=PALM(4534,1907)* s1=PALM(365,1942)* s2=fng (3214,540) [filtered=3469]
cnt=3 s0=PALM(4535,1907)* s1=PALM(365,1942)* s2=fng (3220,541) [filtered=3470]
cnt=3 s0=PALM(4536,1908)* s1=PALM(365,1942)* s2=fng (3226,542) [filtered=3471]
cnt=3 s0=PALM(4536,1908)* s1=PALM(365,1942)* s2=fng (3232,543) [filtered=3472]
cnt=3 s0=PALM(4537,1908)* s1=PALM(365,1942)* s2=fng (3237,544) [filtered=3473]
cnt=3 s0=PALM(4537,1908)* s1=PALM(365,1942)* s2=fng (3241,546) [filtered=3474]
cnt=3 s0=PALM(4537,1908)* s1=PALM(365,1942)* s2=fng (3245,547) [filtered=3475]
cnt=3 s0=PALM(4538,1909)* s1=PALM(365,1942)* s2=fng (3248,548) [filtered=3476]
cnt=3 s0=PALM(4539,1909)* s1=PALM(365,1942)* s2=fng (3251,550) [filtered=3477]
cnt=3 s0=PALM(4540,1910)* s1=PALM(365,1942)* s2=fng (3253,552) [filtered=3478]
cnt=3 s0=PALM(4541,1910)* s1=PALM(365,1942)* s2=fng (3255,553) [filtered=3479]
cnt=3 s0=PALM(4542,1910)* s1=PALM(365,1942)* s2=fng (3256,554) [filtered=3480]
cnt=3 s0=PALM(4543,1911)* s1=PALM(365,1942)* s2=fng (3256,556) [filtered=3481]
cnt=3 s0=PALM(4543,1911)* s1=PALM(365,1942)* s2=fng (3256,557) [filtered=3482]
cnt=3 s0=PALM(4544,1912)* s1=PALM(365,1942)* s2=fng (3256,558) [filtered=3483]
cnt=3 s0=PALM(4545,1912)* s1=PALM(365,1942)* s2=fng (3256,559) [filtered=3484]
cnt=3 s0=PALM(4546,1913)* s1=PALM(365,1942)* s2=fng (3253,561) [filtered=3485]
cnt=3 s0=PALM(4546,1913)* s1=PALM(365,1942)* s2=fng (3250,562) [filtered=3486]
cnt=3 s0=PALM(4547,1914)* s1=PALM(365,1942)* s2=fng (3246,563) [filtered=3487]
cnt=3 s0=PALM(4548,1915)* s1=PALM(365,1942)* s2=fng (3243,563) [filtered=3488]
cnt=3 s0=PALM(4548,1916)* s1=PALM(365,1942)* s2=fng (3241,563) [filtered=3489]
cnt=3 s0=PALM(4549,1917)* s1=PALM(365,1942)* s2=fng (3237,564) [filtered=3490]
cnt=3 s0=PALM(4550,1918)* s1=PALM(365,1942)* s2=fng (3233,564) [filtered=3491]
cnt=3 s0=PALM(4551,1918)* s1=PALM(365,1942)* s2=fng (3230,564) [filtered=3492]
cnt=3 s0=PALM(4552,1919)* s1=PALM(365,1942)* s2=fng (3224,565) [filtered=3493]
cnt=3 s0=PALM(4553,1920)* s1=PALM(365,1942)* s2=fng (3217,566) [filtered=3494]
cnt=3 s0=PALM(4553,1920)* s1=PALM(365,1942)* s2=fng (3211,567) [filtered=3495]
cnt=3 s0=PALM(4554,1921)* s1=PALM(365,1942)* s2=fng (3202,568) [filtered=3496]
cnt=3 s0=PALM(4555,1922)* s1=PALM(365,1942)* s2=fng (3192,569) [filtered=3497]
cnt=3 s0=PALM(4555,1923)* s1=PALM(365,1942)* s2=fng (3183,569) [filtered=3498]
cnt=3 s0=PALM(4555,1924)* s1=PALM(365,1942)* s2=fng (3171,570) [filtered=3499]
cnt=3 s0=PALM(4556,1925)* s1=PALM(365,1942)* s2=fng (3158,571) [filtered=3500]
cnt=3 s0=PALM(4556,1925)* s1=PALM(365,1942)* s2=fng (3146,572) [filtered=3501]
cnt=3 s0=PALM(4556,1925)* s1=PALM(365,1942)* s2=fng (3133,574) [filtered=3502]
cnt=3 s0=PALM(4556,1925)* s1=PALM(365,1942)* s2=fng (3121,575) [filtered=3503]
cnt=3 s0=PALM(4557,1926)* s1=PALM(365,1942)* s2=fng (3110,575) [filtered=3504]
cnt=3 s0=PALM(4557,1927)* s1=PALM(365,1942)* s2=fng (3098,576) [filtered=3505]
cnt=3 s0=PALM(4557,1927)* s1=PALM(365,1942)* s2=fng (3087,577) [filtered=3506]
cnt=3 s0=PALM(4557,1927)* s1=PALM(365,1942)* s2=fng (3076,578) [filtered=3507]
cnt=3 s0=PALM(4557,1928)* s1=PALM(365,1942)* s2=fng (3064,579) [filtered=3508]
cnt=3 s0=PALM(4557,1928)* s1=PALM(365,1942)* s2=fng (3052,580) [filtered=3509]
cnt=3 s0=PALM(4557,1928)* s1=PALM(365,1942)* s2=fng (3041,581) [filtered=3510]
cnt=3 s0=PALM(4557,1929)* s1=PALM(365,1942)* s2=fng (3028,582) [filtered=3511]
cnt=3 s0=PALM(4557,1929)* s1=PALM(365,1942)* s2=fng (3016,582) [filtered=3512]
cnt=3 s0=PALM(4557,1929)* s1=PALM(365,1942)* s2=fng (3005,583) [filtered=3513]
cnt=3 s0=PALM(4557,1930)* s1=PALM(365,1942)* s2=fng (2994,584) [filtered=3514]
cnt=3 s0=PALM(4557,1930)* s1=PALM(365,1942)* s2=fng (2984,585) [filtered=3515]
cnt=3 s0=PALM(4557,1931)* s1=PALM(365,1942)* s2=fng (2974,586) [filtered=3516]
cnt=3 s0=PALM(4557,1931)* s1=PALM(365,1942)* s2=fng (2965,587) [filtered=3517]
cnt=3 s0=PALM(4557,1931)* s1=PALM(365,1942)* s2=fng (2956,587) [filtered=3518]
cnt=3 s0=PALM(4557,1932)* s1=PALM(365,1942)* s2=fng (2947,587) [filtered=3519]
cnt=3 s0=PALM(4557,1932)* s1=PALM(365,1942)* s2=fng (2938,587) [filtered=3520]
cnt=3 s0=PALM(4557,1932)* s1=PALM(365,1942)* s2=fng (2930,587) [filtered=3521]
cnt=3 s0=PALM(4557,1932)* s1=PALM(365,1942)* s2=fng (2922,587) [filtered=3522]
cnt=3 s0=PALM(4557,1932)* s1=PALM(365,1942)* s2=fng (2913,587) [filtered=3523]
cnt=3 s0=PALM(4557,1932)* s1=PALM(365,1942)* s2=fng (2905,587) [filtered=3524]
cnt=3 s0=PALM(4557,1932)* s1=PALM(365,1942)* s2=fng (2898,587) [filtered=3525]
cnt=3 s0=PALM(4557,1932)* s1=PALM(365,1942)* s2=fng (2892,587) [filtered=3526]
cnt=3 s0=PALM(4557,1932)* s1=PALM(365,1942)* s2=fng (2886,587) [filtered=3527]
cnt=3 s0=PALM(4557,1932)* s1=PALM(365,1942)* s2=fng (2881,586) [filtered=3528]
cnt=3 s0=PALM(4557,1932)* s1=PALM(365,1942)* s2=fng (2878,584) [filtered=3529]
cnt=3 s0=PALM(4557,1932)* s1=PALM(365,1942)* s2=fng (2875,583) [filtered=3530]
cnt=3 s0=PALM(4557,1932)* s1=PALM(365,1942)* s2=fng (2875,581) [filtered=3531]
cnt=3 s0=PALM(4557,1932)* s1=PALM(365,1942)* s2=fng (2875,580) [filtered=3532]
cnt=3 s0=PALM(4557,1932)* s1=PALM(365,1942)* s2=fng (2878,577) [filtered=3533]
cnt=3 s0=PALM(4557,1932)* s1=PALM(365,1942)* s2=fng (2883,574) [filtered=3534]
cnt=3 s0=PALM(4557,1932)* s1=PALM(365,1942)* s2=fng (2887,572) [filtered=3535]
cnt=3 s0=PALM(4557,1932)* s1=PALM(365,1942)* s2=fng (2894,569) [filtered=3536]
cnt=3 s0=PALM(4557,1932)* s1=PALM(365,1942)* s2=fng (2904,566) [filtered=3537]
cnt=3 s0=PALM(4557,1932)* s1=PALM(365,1942)* s2=fng (2913,563) [filtered=3538]
cnt=3 s0=PALM(4557,1932)* s1=PALM(365,1942)* s2=fng (2925,560) [filtered=3539]
cnt=3 s0=PALM(4557,1932)* s1=PALM(365,1942)* s2=fng (2941,556) [filtered=3540]
cnt=3 s0=PALM(4557,1932)* s1=PALM(365,1942)* s2=fng (2956,553) [filtered=3541]
cnt=3 s0=PALM(4557,1932)* s1=PALM(365,1942)* s2=fng (2973,550) [filtered=3542]
cnt=3 s0=PALM(4557,1932)* s1=PALM(365,1942)* s2=fng (2993,547) [filtered=3543]
cnt=3 s0=PALM(4557,1932)* s1=PALM(365,1942)* s2=fng (3012,545) [filtered=3544]
cnt=3 s0=PALM(4557,1932)* s1=PALM(365,1942)* s2=fng (3031,544) [filtered=3545]
cnt=3 s0=PALM(4557,1932)* s1=PALM(365,1942)* s2=fng (3050,543) [filtered=3546]
cnt=3 s0=PALM(4557,1932)* s1=PALM(365,1942)* s2=fng (3069,543) [filtered=3547]
cnt=3 s0=PALM(4558,1932)* s1=PALM(365,1942)* s2=fng (3087,543) [filtered=3548]
cnt=3 s0=PALM(4558,1932)* s1=PALM(365,1942)* s2=fng (3104,543) [filtered=3549]
cnt=3 s0=PALM(4559,1932)* s1=PALM(365,1942)* s2=fng (3121,544) [filtered=3550]
cnt=3 s0=PALM(4559,1932)* s1=PALM(365,1942)* s2=fng (3138,546) [filtered=3551]
cnt=3 s0=PALM(4559,1932)* s1=PALM(365,1942)* s2=fng (3154,547) [filtered=3552]
cnt=3 s0=PALM(4560,1932)* s1=PALM(365,1942)* s2=fng (3169,548) [filtered=3553]
cnt=3 s0=PALM(4560,1932)* s1=PALM(365,1942)* s2=fng (3183,550) [filtered=3554]
cnt=3 s0=PALM(4560,1932)* s1=PALM(365,1942)* s2=fng (3196,551) [filtered=3555]
cnt=3 s0=PALM(4561,1932)* s1=PALM(365,1942)* s2=fng (3209,554) [filtered=3556]
cnt=3 s0=PALM(4561,1932)* s1=PALM(365,1942)* s2=fng (3221,557) [filtered=3557]
cnt=3 s0=PALM(4561,1932)* s1=PALM(365,1942)* s2=fng (3232,559) [filtered=3558]
cnt=3 s0=PALM(4562,1932)* s1=PALM(365,1942)* s2=fng (3242,562) [filtered=3559]
cnt=3 s0=PALM(4563,1932)* s1=PALM(365,1942)* s2=fng (3251,565) [filtered=3560]
cnt=3 s0=PALM(4563,1932)* s1=PALM(365,1942)* s2=fng (3259,567) [filtered=3561]
cnt=3 s0=PALM(4563,1932)* s1=PALM(365,1942)* s2=fng (3266,570) [filtered=3562]
cnt=3 s0=PALM(4564,1932)* s1=PALM(365,1942)* s2=fng (3272,573) [filtered=3563]
cnt=3 s0=PALM(4564,1932)* s1=PALM(365,1942)* s2=fng (3278,575) [filtered=3564]
cnt=3 s0=PALM(4564,1932)* s1=PALM(365,1942)* s2=fng (3283,578) [filtered=3565]
cnt=3 s0=PALM(4565,1933)* s1=PALM(365,1942)* s2=fng (3287,581) [filtered=3566]
cnt=3 s0=PALM(4565,1933)* s1=PALM(365,1942)* s2=fng (3291,583) [filtered=3567]
cnt=3 s0=PALM(4566,1933)* s1=PALM(365,1942)* s2=fng (3294,586) [filtered=3568]
cnt=3 s0=PALM(4567,1934)* s1=PALM(365,1942)* s2=fng (3296,589) [filtered=3569]
cnt=3 s0=PALM(4567,1934)* s1=PALM(365,1942)* s2=fng (3298,591) [filtered=3570]
cnt=3 s0=PALM(4568,1935)* s1=PALM(365,1942)* s2=fng (3299,593) [filtered=3571]
cnt=3 s0=PALM(4569,1935)* s1=PALM(365,1942)* s2=fng (3299,596) [filtered=3572]
cnt=3 s0=PALM(4569,1935)* s1=PALM(365,1942)* s2=fng (3299,598) [filtered=3573]
cnt=3 s0=PALM(4570,1936)* s1=PALM(365,1942)* s2=fng (3296,599) [filtered=3574]
cnt=3 s0=PALM(4571,1937)* s1=PALM(365,1942)* s2=fng (3292,600) [filtered=3575]
cnt=3 s0=PALM(4572,1938)* s1=PALM(365,1942)* s2=fng (3288,601) [filtered=3576]
cnt=3 s0=PALM(4573,1939)* s1=PALM(365,1942)* s2=fng (3286,602) [filtered=3577]
cnt=3 s0=PALM(4574,1940)* s1=PALM(365,1942)* s2=fng (3282,603) [filtered=3578]
cnt=3 s0=PALM(4575,1941)* s1=PALM(365,1942)* s2=fng (3276,605) [filtered=3579]
cnt=3 s0=PALM(4575,1941)* s1=PALM(365,1942)* s2=fng (3270,606) [filtered=3580]
cnt=3 s0=PALM(4576,1942)* s1=PALM(365,1942)* s2=fng (3262,607) [filtered=3581]
cnt=3 s0=PALM(4577,1943)* s1=PALM(365,1942)* s2=fng (3252,609) [filtered=3582]
cnt=3 s0=PALM(4577,1943)* s1=PALM(365,1942)* s2=fng (3242,610) [filtered=3583]
cnt=3 s0=PALM(4578,1944)* s1=PALM(365,1942)* s2=fng (3229,612) [filtered=3584]
cnt=3 s0=PALM(4579,1945)* s1=PALM(365,1942)* s2=fng (3213,615) [filtered=3585]
cnt=3 s0=PALM(4579,1946)* s1=PALM(365,1942)* s2=fng (3198,616) [filtered=3586]
cnt=3 s0=PALM(4580,1947)* s1=PALM(365,1942)* s2=fng (3179,619) [filtered=3587]
cnt=3 s0=PALM(4581,1948)* s1=PALM(365,1942)* s2=fng (3158,623) [filtered=3588]
cnt=3 s0=PALM(4581,1948)* s1=PALM(365,1942)* s2=fng (3138,626) [filtered=3589]
cnt=3 s0=PALM(4581,1949)* s1=PALM(365,1942)* s2=fng (3116,630) [filtered=3590]
cnt=3 s0=PALM(4581,1949)* s1=PALM(365,1942)* s2=fng (3095,633) [filtered=3591]
cnt=3 s0=PALM(4582,1950)* s1=PALM(365,1942)* s2=fng (3077,635) [filtered=3592]
cnt=3 s0=PALM(4582,1951)* s1=PALM(365,1942)* s2=fng (3058,638) [filtered=3593]
cnt=3 s0=PALM(4582,1951)* s1=PALM(365,1942)* s2=fng (3040,640) [filtered=3594]
cnt=3 s0=PALM(4583,1952)* s1=PALM(365,1942)* s2=fng (3022,643) [filtered=3595]
cnt=3 s0=PALM(4583,1953)* s1=PALM(365,1942)* s2=fng (3006,646) [filtered=3596]
cnt=3 s0=PALM(4583,1954)* s1=PALM(365,1942)* s2=fng (2990,648) [filtered=3597]
cnt=3 s0=PALM(4584,1955)* s1=PALM(365,1942)* s2=fng (2975,651) [filtered=3598]
cnt=3 s0=PALM(4584,1955)* s1=PALM(365,1942)* s2=fng (2960,653) [filtered=3599]
cnt=3 s0=PALM(4585,1956)* s1=PALM(365,1942)* s2=fng (2946,655) [filtered=3600]
cnt=3 s0=PALM(4585,1957)* s1=PALM(365,1942)* s2=fng (2934,658) [filtered=3601]
cnt=3 s0=PALM(4585,1957)* s1=PALM(365,1942)* s2=fng (2922,660) [filtered=3602]
cnt=3 s0=PALM(4585,1957)* s1=PALM(365,1942)* s2=fng (2912,661) [filtered=3603]
cnt=3 s0=PALM(4585,1958)* s1=PALM(365,1942)* s2=fng (2904,662) [filtered=3604]
cnt=3 s0=PALM(4585,1958)* s1=PALM(365,1942)* s2=fng (2896,663) [filtered=3605]
cnt=3 s0=PALM(4585,1958)* s1=PALM(365,1942)* s2=fng (2891,664) [filtered=3606]
cnt=3 s0=PALM(4586,1959)* s1=PALM(365,1942)* s2=fng (2890,664) [filtered=3607]
cnt=3 s0=PALM(4586,1959)* s1=PALM(365,1942)* s2=fng (2889,664) [filtered=3608]
cnt=3 s0=PALM(4586,1959)* s1=PALM(365,1942)* s2=fng (2893,663) [filtered=3609]
cnt=3 s0=PALM(4587,1960)* s1=PALM(365,1942)* s2=fng (2899,662) [filtered=3610]
cnt=3 s0=PALM(4587,1960)* s1=PALM(365,1942)* s2=fng (2905,662) [filtered=3611]
cnt=3 s0=PALM(4587,1961)* s1=PALM(365,1942)* s2=fng (2913,662) [filtered=3612]
cnt=3 s0=PALM(4588,1961)* s1=PALM(365,1942)* s2=fng (2924,661) [filtered=3613]
cnt=3 s0=PALM(4588,1961)* s1=PALM(365,1942)* s2=fng (2934,661) [filtered=3614]
cnt=3 s0=PALM(4588,1962)* s1=PALM(365,1942)* s2=fng (2946,661) [filtered=3615]
cnt=3 s0=PALM(4589,1962)* s1=PALM(365,1942)* s2=fng (2960,661) [filtered=3616]
cnt=3 s0=PALM(4589,1962)* s1=PALM(365,1942)* s2=fng (2974,661) [filtered=3617]
cnt=3 s0=PALM(4590,1962)* s1=PALM(365,1942)* s2=fng (2990,662) [filtered=3618]
cnt=3 s0=PALM(4590,1962)* s1=PALM(365,1942)* s2=fng (3005,662) [filtered=3619]
cnt=3 s0=PALM(4590,1962)* s1=PALM(365,1942)* s2=fng (3022,663) [filtered=3620]
cnt=3 s0=PALM(4591,1962)* s1=PALM(365,1942)* s2=fng (3040,664) [filtered=3621]
cnt=3 s0=PALM(4591,1962)* s1=PALM(365,1942)* s2=fng (3057,665) [filtered=3622]
cnt=3 s0=PALM(4591,1962)* s1=PALM(365,1942)* s2=fng (3074,666) [filtered=3623]
cnt=3 s0=PALM(4592,1962)* s1=PALM(365,1942)* s2=fng (3092,668) [filtered=3624]
cnt=3 s0=PALM(4592,1962)* s1=PALM(365,1942)* s2=fng (3109,669) [filtered=3625]
cnt=3 s0=PALM(4592,1962)* s1=PALM(365,1942)* s2=fng (3126,671) [filtered=3626]
cnt=3 s0=PALM(4593,1962)* s1=PALM(365,1942)* s2=fng (3143,674) [filtered=3627]
cnt=3 s0=PALM(4593,1962)* s1=PALM(365,1942)* s2=fng (3159,676) [filtered=3628]
cnt=3 s0=PALM(4594,1962)* s1=PALM(365,1942)* s2=fng (3174,679) [filtered=3629]
cnt=3 s0=PALM(4594,1962)* s1=PALM(365,1942)* s2=fng (3189,682) [filtered=3630]
cnt=3 s0=PALM(4594,1962)* s1=PALM(365,1942)* s2=fng (3203,684) [filtered=3631]
cnt=3 s0=PALM(4595,1962)* s1=PALM(365,1942)* s2=fng (3216,687) [filtered=3632]
cnt=3 s0=PALM(4595,1962)* s1=PALM(365,1942)* s2=fng (3228,690) [filtered=3633]
cnt=3 s0=PALM(4595,1962)* s1=PALM(365,1942)* s2=fng (3239,692) [filtered=3634]
cnt=3 s0=PALM(4596,1962)* s1=PALM(365,1942)* s2=fng (3249,695) [filtered=3635]
cnt=3 s0=PALM(4596,1962)* s1=PALM(365,1942)* s2=fng (3258,698) [filtered=3636]
cnt=3 s0=PALM(4597,1962)* s1=PALM(365,1942)* s2=fng (3267,701) [filtered=3637]
cnt=3 s0=PALM(4597,1962)* s1=PALM(365,1942)* s2=fng (3275,703) [filtered=3638]
cnt=3 s0=PALM(4597,1962)* s1=PALM(365,1942)* s2=fng (3283,704) [filtered=3639]
cnt=3 s0=PALM(4597,1962)* s1=PALM(365,1942)* s2=fng (3290,704) [filtered=3640]
cnt=3 s0=PALM(4598,1962)* s1=PALM(365,1942)* s2=fng (3296,706) [filtered=3641]
cnt=3 s0=PALM(4599,1962)* s1=PALM(365,1942)* s2=fng (3301,708) [filtered=3642]
cnt=3 s0=PALM(4599,1962)* s1=PALM(365,1942)* s2=fng (3306,709) [filtered=3643]
cnt=3 s0=PALM(4599,1962)* s1=PALM(365,1942)* s2=fng (3310,710) [filtered=3644]
cnt=3 s0=PALM(4600,1963)* s1=PALM(365,1942)* s2=fng (3314,711) [filtered=3645]
cnt=3 s0=PALM(4600,1963)* s1=PALM(365,1942)* s2=fng (3317,711) [filtered=3646]
cnt=3 s0=PALM(4600,1963)* s1=PALM(365,1941)* s2=fng (3319,711) [filtered=3647]
cnt=3 s0=PALM(4601,1964)* s1=PALM(365,1940)* s2=fng (3320,711) [filtered=3648]
cnt=3 s0=PALM(4601,1964)* s1=PALM(365,1940)* s2=fng (3320,711) [filtered=3649]
cnt=3 s0=PALM(4602,1965)* s1=PALM(365,1940)* s2=fng (3319,711) [filtered=3650]
cnt=3 s0=PALM(4603,1965)* s1=PALM(365,1939)* s2=fng (3317,711) [filtered=3651]
cnt=3 s0=PALM(4604,1965)* s1=PALM(365,1939)* s2=fng (3316,711) [filtered=3652]
cnt=3 s0=PALM(4605,1966)* s1=PALM(365,1939)* s2=fng (3314,710) [filtered=3653]
cnt=3 s0=PALM(4605,1966)* s1=PALM(365,1938)* s2=fng (3311,709) [filtered=3654]
cnt=3 s0=PALM(4605,1966)* s1=PALM(365,1938)* s2=fng (3308,709) [filtered=3655]
cnt=3 s0=PALM(4605,1967)* s1=PALM(365,1938)* s2=fng (3303,708) [filtered=3656]
cnt=3 s0=PALM(4605,1968)* s1=PALM(365,1938)* s2=fng (3296,707) [filtered=3657]
cnt=3 s0=PALM(4605,1968)* s1=PALM(365,1938)* s2=fng (3289,706) [filtered=3658]
cnt=3 s0=PALM(4605,1968)* s1=PALM(365,1937)* s2=fng (3280,704) [filtered=3659]
cnt=3 s0=PALM(4605,1968)* s1=PALM(365,1937)* s2=fng (3272,703) [filtered=3660]
cnt=3 s0=PALM(4605,1969)* s1=PALM(365,1937)* s2=fng (3261,701) [filtered=3661]
cnt=3 s0=PALM(4605,1969)* s1=PALM(365,1937)* s2=fng (3248,698) [filtered=3662]
cnt=3 s0=PALM(4605,1969)* s1=PALM(365,1937)* s2=fng (3235,696) [filtered=3663]
cnt=3 s0=PALM(4604,1970)* s1=PALM(365,1936)* s2=fng (3220,694) [filtered=3664]
cnt=3 s0=PALM(4603,1970)* s1=PALM(365,1936)* s2=fng (3203,691) [filtered=3665]
cnt=3 s0=PALM(4603,1970)* s1=PALM(365,1936)* s2=fng (3186,689) [filtered=3666]
cnt=3 s0=PALM(4601,1971)* s1=PALM(365,1936)* s2=fng (3168,687) [filtered=3667]
cnt=3 s0=PALM(4600,1972)* s1=PALM(366,1936)* s2=fng (3150,684) [filtered=3668]
cnt=3 s0=PALM(4599,1972)* s1=PALM(366,1936)* s2=fng (3132,682) [filtered=3669]
cnt=3 s0=PALM(4598,1972)* s1=PALM(366,1936)* s2=fng (3113,680) [filtered=3670]
cnt=3 s0=PALM(4597,1972)* s1=PALM(366,1936)* s2=fng (3094,677) [filtered=3671]
cnt=3 s0=PALM(4596,1972)* s1=PALM(366,1936)* s2=fng (3075,675) [filtered=3672]
cnt=3 s0=PALM(4595,1972)* s1=PALM(367,1936)* s2=fng (3057,672) [filtered=3673]
cnt=3 s0=PALM(4594,1972)* s1=PALM(367,1936)* s2=fng (3040,670) [filtered=3674]
cnt=3 s0=PALM(4593,1972)* s1=PALM(367,1936)* s2=fng (3024,668) [filtered=3675]
cnt=3 s0=PALM(4591,1972)* s1=PALM(368,1935)* s2=fng (3008,664) [filtered=3676]
cnt=3 s0=PALM(4590,1972)* s1=PALM(368,1935)* s2=fng (2993,661) [filtered=3677]
cnt=3 s0=PALM(4588,1972)* s1=PALM(368,1935)* s2=fng (2979,656) [filtered=3678]
cnt=3 s0=PALM(4587,1972)* s1=PALM(368,1935)* s2=fng (2965,652) [filtered=3679]
cnt=3 s0=PALM(4585,1972)* s1=PALM(368,1935)* s2=fng (2953,647) [filtered=3680]
cnt=3 s0=PALM(4583,1972)* s1=PALM(369,1934)* s2=fng (2942,640) [filtered=3681]
cnt=3 s0=PALM(4582,1972)* s1=PALM(369,1934)* s2=fng (2931,634) [filtered=3682]
cnt=3 s0=PALM(4580,1971)* s1=PALM(369,1933)* s2=fng (2921,626) [filtered=3683]
cnt=3 s0=PALM(4576,1970) s1=PALM(370,1933)* s2=fng (2913,617) [filtered=3684]
cnt=3 s0=PALM(4574,1970) s1=PALM(370,1933)* s2=fng (2905,609) [filtered=3685]
cnt=3 s0=PALM(4571,1969) s1=PALM(370,1932)* s2=fng (2898,599) [filtered=3686]
cnt=3 s0=PALM(4566,1967) s1=PALM(370,1932)* s2=fng (2892,588) [filtered=3687]
cnt=3 s0=PALM(4562,1966) s1=PALM(370,1932)* s2=fng (2886,578) [filtered=3688]
cnt=3 s0=PALM(4557,1964) s1=PALM(370,1932)* s2=fng (2882,566) [filtered=3689]
cnt=3 s0=PALM(4553,1963) s1=PALM(370,1932)* s2=fng (2878,555) [filtered=3690]
cnt=3 s0=PALM(4547,1960) s1=PALM(370,1932)* s2=fng (2875,543) [filtered=3691]
cnt=3 s0=PALM(4540,1956) s1=PALM(370,1932)* s2=fng (2873,531) [filtered=3692]
cnt=3 s0=PALM(4534,1954) s1=PALM(370,1932)* s2=fng (2871,520) [filtered=3693]
cnt=3 s0=PALM(4527,1951) s1=PALM(370,1932)* s2=fng (2870,507) [filtered=3694]
cnt=3 s0=PALM(4519,1947) s1=PALM(370,1932)* s2=fng (2870,495) [filtered=3695]
cnt=3 s0=PALM(4511,1943) s1=PALM(370,1932)* s2=fng (2870,484) [filtered=3696]
cnt=3 s0=PALM(4502,1939) s1=PALM(370,1931)* s2=fng (2870,472) [filtered=3697]
cnt=3 s0=PALM(4493,1936) s1=PALM(370,1931)* s2=fng (2870,461) [filtered=3698]
cnt=3 s0=PALM(4485,1934) s1=PALM(370,1931)* s2=fng (2870,451) [filtered=3699]
cnt=3 s0=PALM(4477,1931) s1=PALM(370,1930)* s2=fng (2870,442) [filtered=3700]
cnt=3 s0=PALM(4469,1929) s1=PALM(370,1929)* s2=fng (2870,433) [filtered=3701]
cnt=3 s0=PALM(4462,1928) s1=PALM(370,1929)* s2=fng (2870,425) [filtered=3702]
cnt=3 s0=PALM(4455,1927) s1=PALM(370,1929)* s2=fng (2870,419) [filtered=3703]
cnt=3 s0=PALM(4449,1927) s1=PALM(370,1929)* s2=fng (2870,413) [filtered=3704]
cnt=3 s0=PALM(4443,1927) s1=PALM(370,1928)* s2=fng (2870,408) [filtered=3705]
cnt=3 s0=PALM(4437,1927) s1=PALM(370,1928)* s2=fng (2870,404) [filtered=3706]
cnt=3 s0=PALM(4432,1927) s1=PALM(370,1928)* s2=fng (2870,400) [filtered=3707]
cnt=3 s0=PALM(4428,1928) s1=PALM(371,1927)* s2=fng (2870,396) [filtered=3708]
cnt=3 s0=PALM(4425,1929) s1=PALM(372,1927)* s2=fng (2870,393) [filtered=3709]
cnt=3 s0=PALM(4422,1929) s1=PALM(372,1927)* s2=fng (2870,390) [filtered=3710]
cnt=3 s0=PALM(4420,1930) s1=PALM(373,1926)* s2=fng (2871,388) [filtered=3711]
cnt=3 s0=PALM(4418,1931) s1=PALM(373,1926)* s2=fng (2871,386) [filtered=3712]
cnt=3 s0=PALM(4416,1932) s1=PALM(374,1925)* s2=fng (2870,384) [filtered=3713]
cnt=3 s0=PALM(4414,1932) s1=PALM(374,1925)* s2=fng (2870,382) [filtered=3714]
cnt=3 s0=PALM(4412,1933) s1=PALM(375,1924)* s2=fng (2869,380) [filtered=3715]
cnt=3 s0=PALM(4410,1933) s1=PALM(376,1924)* s2=fng (2869,378) [filtered=3716]
cnt=3 s0=PALM(4408,1934) s1=PALM(377,1923)* s2=fng (2868,377) [filtered=3717]
cnt=3 s0=PALM(4406,1936) s1=PALM(379,1922)* s2=fng (2868,376) [filtered=3718]
cnt=3 s0=PALM(4404,1937) s1=PALM(380,1921)* s2=fng (2868,375) [filtered=3719]
cnt=3 s0=PALM(4402,1939) s1=PALM(383,1920) s2=fng (2867,374) [filtered=3720]
cnt=3 s0=PALM(4400,1940) s1=PALM(385,1920) s2=fng (2867,373) [filtered=3721]
cnt=3 s0=PALM(4398,1942) s1=PALM(388,1919) s2=fng (2866,373) [filtered=3722]
cnt=3 s0=PALM(4396,1943) s1=PALM(390,1919) s2=fng (2866,373) [filtered=3723]
cnt=3 s0=PALM(4395,1945) s1=PALM(394,1919) s2=fng (2866,373) [filtered=3724]
cnt=3 s0=PALM(4394,1946) s1=PALM(397,1919) s2=fng (2866,373) [filtered=3725]
cnt=3 s0=PALM(4395,1947) s1=PALM(401,1920) s2=fng (2865,374) [filtered=3726]
cnt=3 s0=PALM(4395,1948) s1=PALM(405,1921) s2=fng (2865,374) [filtered=3727]
cnt=3 s0=PALM(4394,1949) s1=PALM(409,1924) s2=fng (2865,373)* [filtered=3728]
cnt=3 s0=PALM(4393,1950) s1=PALM(413,1926) s2=fng (2865,373)* [filtered=3729]
cnt=3 s0=PALM(4392,1951) s1=PALM(417,1931) s2=fng (2864,372)* [filtered=3730]
cnt=3 s0=PALM(4392,1952) s1=PALM(421,1935) s2=fng (2864,372)* [filtered=3731]
cnt=3 s0=PALM(4391,1953) s1=PALM(425,1942) s2=fng (2864,371)* [filtered=3732]
cnt=3 s0=PALM(4391,1954) s1=PALM(429,1948) s2=fng (2864,371)* [filtered=3733]
cnt=3 s0=PALM(4390,1955) s1=PALM(433,1956) s2=fng (2863,371)* [filtered=3734]
cnt=3 s0=PALM(4390,1956) s1=PALM(437,1965) s2=fng (2863,370)* [filtered=3735]
cnt=3 s0=PALM(4390,1957) s1=PALM(441,1973) s2=fng (2863,370)* [filtered=3736]
cnt=3 s0=PALM(4390,1958) s1=PALM(445,1983) s2=fng (2863,370)* [filtered=3737]
cnt=3 s0=PALM(4390,1958) s1=PALM(449,1992) s2=fng (2863,370)* [filtered=3738]
cnt=3 s0=PALM(4390,1959) s1=PALM(453,2002) s2=fng (2863,370)* [filtered=3739]
cnt=3 s0=PALM(4390,1960) s1=PALM(458,2012) s2=fng (2863,370)* [filtered=3740]
cnt=3 s0=PALM(4390,1960) s1=PALM(462,2021) s2=fng (2863,370)* [filtered=3741]
cnt=3 s0=PALM(4390,1961)* s1=PALM(466,2031) s2=fng (2863,370)* [filtered=3742]
cnt=3 s0=PALM(4390,1961)* s1=PALM(470,2040) s2=fng (2863,370)* [filtered=3743]
cnt=3 s0=PALM(4390,1961)* s1=PALM(474,2049) s2=fng (2863,370)* [filtered=3744]
cnt=3 s0=PALM(4390,1962)* s1=PALM(477,2058) s2=fng (2863,370)* [filtered=3745]
cnt=3 s0=PALM(4390,1962)* s1=PALM(480,2066) s2=fng (2863,370)* [filtered=3746]
cnt=3 s0=PALM(4390,1962)* s1=PALM(483,2073) s2=fng (2863,370)* [filtered=3747]
cnt=3 s0=PALM(4390,1963)* s1=PALM(487,2079) s2=fng (2863,370)* [filtered=3748]
cnt=3 s0=PALM(4390,1963)* s1=PALM(490,2085) s2=fng (2863,370)* [filtered=3749]
cnt=3 s0=PALM(4390,1963)* s1=PALM(492,2090) s2=fng (2863,370)* [filtered=3750]
cnt=3 s0=PALM(4390,1963)* s1=PALM(494,2095) s2=fng (2863,370)* [filtered=3751]
cnt=3 s0=PALM(4390,1964)* s1=PALM(496,2099) s2=fng (2863,370)* [filtered=3752]
cnt=3 s0=PALM(4390,1964)* s1=PALM(498,2103) s2=fng (2863,370)* [filtered=3753]
cnt=3 s0=PALM(4390,1965)* s1=PALM(500,2107) s2=fng (2863,370)* [filtered=3754]
cnt=3 s0=PALM(4390,1965)* s1=PALM(501,2109) s2=fng (2863,370)* [filtered=3755]
cnt=3 s0=PALM(4390,1965)* s1=PALM(501,2111) s2=fng (2863,370)* [filtered=3756]
cnt=3 s0=PALM(4390,1966)* s1=PALM(502,2113) s2=fng (2863,370)* [filtered=3757]
cnt=3 s0=PALM(4390,1966)* s1=PALM(502,2115) s2=fng (2863,370)* [filtered=3758]
cnt=3 s0=PALM(4390,1966)* s1=PALM(502,2117) s2=fng (2863,370)* [filtered=3759]
cnt=3 s0=PALM(4390,1966)* s1=PALM(502,2119) s2=fng (2863,370)* [filtered=3760]
cnt=3 s0=PALM(4390,1967)* s1=PALM(502,2120) s2=fng (2863,371)* [filtered=3761]
cnt=3 s0=PALM(4390,1967)* s1=PALM(502,2121) s2=fng (2863,371)* [filtered=3762]
cnt=3 s0=PALM(4390,1968)* s1=PALM(502,2122) s2=fng (2863,372)* [filtered=3763]
cnt=3 s0=PALM(4390,1968)* s1=PALM(501,2122) s2=fng (2863,373)* [filtered=3764]
cnt=3 s0=PALM(4390,1968)* s1=PALM(501,2122) s2=fng (2863,373)* [filtered=3765]
cnt=3 s0=PALM(4390,1969)* s1=PALM(500,2122) s2=fng (2863,374)* [filtered=3766]
cnt=3 s0=PALM(4390,1969)* s1=PALM(499,2122) s2=fng (2863,375)* [filtered=3767]
cnt=3 s0=PALM(4390,1970)* s1=PALM(498,2122) s2=fng (2863,376)* [filtered=3768]
cnt=3 s0=PALM(4390,1971)* s1=PALM(496,2122) s2=fng (2864,378)* [filtered=3769]
cnt=3 s0=PALM(4390,1971)* s1=PALM(495,2122) s2=fng (2864,379)* [filtered=3770]
cnt=3 s0=PALM(4390,1972)* s1=PALM(494,2122) s2=fng (2864,380)* [filtered=3771]
cnt=3 s0=PALM(4390,1972)* s1=PALM(493,2122) s2=fng (2864,381)* [filtered=3772]
cnt=3 s0=PALM(4390,1973)* s1=PALM(491,2122) s2=fng (2865,382)* [filtered=3773]
cnt=3 s0=PALM(4390,1974)* s1=PALM(489,2122)* s2=fng (2865,384)* [filtered=3774]
cnt=3 s0=PALM(4390,1974)* s1=PALM(488,2122)* s2=fng (2865,385)* [filtered=3775]
cnt=3 s0=PALM(4390,1975)* s1=PALM(485,2122)* s2=fng (2866,386)* [filtered=3776]
cnt=3 s0=PALM(4390,1976)* s1=PALM(482,2122)* s2=fng (2866,388)* [filtered=3777]
cnt=3 s0=PALM(4390,1977)* s1=PALM(480,2122)* s2=fng (2866,389)* [filtered=3778]
cnt=3 s0=PALM(4390,1978)* s1=PALM(477,2122)* s2=fng (2867,390)* [filtered=3779]
cnt=3 s0=PALM(4390,1978)* s1=PALM(475,2122)* s2=fng (2867,391)* [filtered=3780]
cnt=3 s0=PALM(4391,1979)* s1=PALM(473,2121)* s2=fng (2868,392)* [filtered=3781]
cnt=3 s0=PALM(4391,1980)* s1=PALM(470,2121)* s2=fng (2868,393)* [filtered=3782]
cnt=3 s0=PALM(4391,1980)* s1=PALM(468,2121)* s2=fng (2868,394)* [filtered=3783]
cnt=3 s0=PALM(4391,1981)* s1=PALM(466,2122)* s2=fng (2869,395)* [filtered=3784]
cnt=3 s0=PALM(4392,1981)* s1=PALM(463,2123) s2=fng (2869,397)* [filtered=3785]
cnt=3 s0=PALM(4392,1981)* s1=PALM(461,2123) s2=fng (2869,398)* [filtered=3786]
cnt=3 s0=PALM(4392,1982)* s1=PALM(459,2123) s2=fng (2870,399)* [filtered=3787]
cnt=3 s0=PALM(4392,1982)* s1=PALM(457,2123) s2=fng (2870,400)* [filtered=3788]
cnt=3 s0=PALM(4392,1982)* s1=PALM(455,2123) s2=fng (2870,400)* [filtered=3789]
cnt=3 s0=PALM(4392,1983)* s1=PALM(453,2123) s2=fng (2871,401)* [filtered=3790]
cnt=3 s0=PALM(4392,1984)* s1=PALM(450,2123) s2=fng (2871,402)* [filtered=3791]
cnt=3 s0=PALM(4392,1984)* s1=PALM(448,2123) s2=fng (2871,402)* [filtered=3792]
cnt=3 s0=PALM(4392,1984)* s1=PALM(447,2123) s2=fng (2872,403)* [filtered=3793]
cnt=3 s0=PALM(4392,1985)* s1=PALM(445,2123) s2=fng (2873,404)* [filtered=3794]
cnt=3 s0=PALM(4392,1985)* s1=PALM(444,2123) s2=fng (2873,405)* [filtered=3795]
cnt=3 s0=PALM(4392,1985)* s1=PALM(442,2124) s2=fng (2873,406)* [filtered=3796]
cnt=3 s0=PALM(4393,1986)* s1=PALM(440,2124) s2=fng (2874,407)* [filtered=3797]
cnt=3 s0=PALM(4393,1986)* s1=PALM(439,2124) s2=fng (2874,408)* [filtered=3798]
cnt=3 s0=PALM(4393,1987)* s1=PALM(437,2124) s2=fng (2874,409)* [filtered=3799]
cnt=3 s0=PALM(4394,1987)* s1=PALM(435,2124) s2=fng (2875,411)* [filtered=3800]
cnt=3 s0=PALM(4394,1987)* s1=PALM(434,2124) s2=fng (2875,412)* [filtered=3801]
cnt=3 s0=PALM(4395,1988)* s1=PALM(432,2124) s2=fng (2875,413)* [filtered=3802]
cnt=3 s0=PALM(4396,1988)* s1=PALM(430,2124) s2=fng (2876,414)* [filtered=3803]
cnt=3 s0=PALM(4396,1988)* s1=PALM(429,2124) s2=fng (2876,415)* [filtered=3804]
cnt=3 s0=PALM(4397,1989)* s1=PALM(428,2124)* s2=fng (2877,416)* [filtered=3805]
cnt=3 s0=PALM(4398,1989)* s1=PALM(427,2124)* s2=fng (2877,418)* [filtered=3806]
cnt=3 s0=PALM(4399,1990)* s1=PALM(425,2124)* s2=fng (2878,419)* [filtered=3807]
cnt=3 s0=PALM(4400,1990)* s1=PALM(424,2124)* s2=fng (2878,420)* [filtered=3808]
cnt=3 s0=PALM(4401,1991)* s1=PALM(423,2124)* s2=fng (2878,421)* [filtered=3809]
cnt=3 s0=PALM(4402,1991)* s1=PALM(422,2124)* s2=fng (2879,423)* [filtered=3810]
cnt=3 s0=PALM(4402,1991)* s1=PALM(421,2124)* s2=fng (2879,424)* [filtered=3811]
cnt=3 s0=PALM(4403,1992)* s1=PALM(420,2124)* s2=fng (2879,425)* [filtered=3812]
cnt=3 s0=PALM(4404,1992)* s1=PALM(419,2124)* s2=fng (2880,426)* [filtered=3813]
cnt=3 s0=PALM(4404,1992)* s1=PALM(419,2124)* s2=fng (2880,427)* [filtered=3814]
cnt=3 s0=PALM(4405,1993)* s1=PALM(418,2124)* s2=fng (2880,428)* [filtered=3815]
cnt=3 s0=PALM(4406,1993)* s1=PALM(417,2124)* s2=fng (2881,430)* [filtered=3816]
cnt=3 s0=PALM(4407,1994)* s1=PALM(416,2124)* s2=fng (2882,432)* [filtered=3817]
cnt=3 s0=PALM(4408,1994)* s1=PALM(415,2124)* s2=fng (2882,433)* [filtered=3818]
cnt=3 s0=PALM(4409,1995)* s1=PALM(415,2124)* s2=fng (2882,434)* [filtered=3819]
cnt=3 s0=PALM(4409,1995)* s1=PALM(415,2124)* s2=fng (2882,435)* [filtered=3820]
cnt=3 s0=PALM(4410,1995)* s1=PALM(414,2124)* s2=fng (2883,437)* [filtered=3821]
cnt=3 s0=PALM(4411,1996)* s1=PALM(414,2124)* s2=fng (2883,439)* [filtered=3822]
cnt=3 s0=PALM(4413,1997)* s1=PALM(413,2124)* s2=fng (2884,441)* [filtered=3823]
cnt=3 s0=PALM(4414,1997)* s1=PALM(413,2124)* s2=fng (2884,442)* [filtered=3824]
cnt=3 s0=PALM(4416,1998)* s1=PALM(413,2124)* s2=fng (2884,444)* [filtered=3825]
cnt=3 s0=PALM(4418,1999)* s1=PALM(412,2124)* s2=fng (2885,447) [filtered=3826]
cnt=3 s0=PALM(4419,1999)* s1=PALM(412,2124)* s2=fng (2885,449) [filtered=3827]
cnt=3 s0=PALM(4421,2000)* s1=PALM(412,2124)* s2=fng (2886,452) [filtered=3828]
cnt=3 s0=PALM(4423,2001)* s1=PALM(411,2124)* s2=fng (2887,455) [filtered=3829]
cnt=3 s0=PALM(4424,2002)* s1=PALM(411,2124)* s2=fng (2887,457) [filtered=3830]
cnt=3 s0=PALM(4426,2003)* s1=PALM(410,2124)* s2=fng (2888,461) [filtered=3831]
cnt=3 s0=PALM(4428,2004)* s1=PALM(410,2124)* s2=fng (2889,465) [filtered=3832]
cnt=3 s0=PALM(4431,2006) s1=PALM(409,2124)* s2=fng (2891,469) [filtered=3833]
cnt=3 s0=PALM(4432,2007) s1=PALM(409,2124)* s2=fng (2892,472) [filtered=3834]
cnt=3 s0=PALM(4434,2008) s1=PALM(409,2124)* s2=fng (2894,476) [filtered=3835]
cnt=3 s0=PALM(4437,2009) s1=PALM(408,2124)* s2=fng (2896,480) [filtered=3836]
cnt=3 s0=PALM(4438,2010) s1=PALM(408,2124)* s2=fng (2897,483) [filtered=3837]
cnt=3 s0=PALM(4440,2011) s1=PALM(407,2124)* s2=fng (2899,487) [filtered=3838]
cnt=3 s0=PALM(4443,2013) s1=PALM(406,2124)* s2=fng (2902,492) [filtered=3839]
cnt=3 s0=PALM(4446,2014) s1=PALM(405,2124)* s2=fng (2906,497) [filtered=3840]
cnt=3 s0=PALM(4447,2015) s1=PALM(405,2124)* s2=fng (2909,501) [filtered=3841]
cnt=3 s0=PALM(4449,2016) s1=PALM(404,2124)* s2=fng (2913,506) [filtered=3842]
cnt=3 s0=PALM(4451,2018) s1=PALM(404,2124)* s2=fng (2918,512) [filtered=3843]
cnt=3 s0=PALM(4452,2019) s1=PALM(404,2124)* s2=fng (2922,517) [filtered=3844]
cnt=3 s0=PALM(4455,2021) s1=PALM(403,2124)* s2=fng (2926,523) [filtered=3845]
cnt=3 s0=PALM(4457,2023) s1=PALM(402,2124)* s2=fng (2932,530) [filtered=3846]
cnt=3 s0=PALM(4460,2025) s1=PALM(401,2124)* s2=fng (2939,537) [filtered=3847]
cnt=3 s0=PALM(4461,2026) s1=PALM(401,2124)* s2=fng (2945,543) [filtered=3848]
cnt=3 s0=PALM(4463,2028) s1=PALM(400,2124)* s2=fng (2952,550) [filtered=3849]
cnt=3 s0=PALM(4466,2030) s1=PALM(399,2124)* s2=fng (2960,557) [filtered=3850]
cnt=3 s0=PALM(4467,2031) s1=PALM(399,2124)* s2=fng (2967,563) [filtered=3851]
cnt=3 s0=PALM(4469,2032) s1=PALM(398,2124)* s2=fng (2975,569) [filtered=3852]
cnt=3 s0=PALM(4471,2034) s1=PALM(397,2124)* s2=fng (2983,576) [filtered=3853]
cnt=3 s0=PALM(4474,2036) s1=PALM(396,2124)* s2=fng (2991,583) [filtered=3854]
cnt=3 s0=PALM(4475,2037) s1=PALM(395,2124)* s2=fng (2998,589) [filtered=3855]
cnt=3 s0=PALM(4477,2039) s1=PALM(394,2124)* s2=fng (3006,595) [filtered=3856]
cnt=3 s0=PALM(4479,2041) s1=PALM(393,2124)* s2=fng (3014,601) [filtered=3857]
cnt=3 s0=PALM(4480,2042) s1=PALM(393,2124)* s2=fng (3021,606) [filtered=3858]
cnt=3 s0=PALM(4482,2043) s1=PALM(392,2124)* s2=fng (3029,611) [filtered=3859]
cnt=3 s0=PALM(4484,2045) s1=PALM(391,2124)* s2=fng (3036,616) [filtered=3860]
cnt=3 s0=PALM(4486,2047) s1=PALM(390,2124)* s2=fng (3043,622) [filtered=3861]
cnt=3 s0=PALM(4487,2048) s1=PALM(390,2124)* s2=fng (3049,627) [filtered=3862]
cnt=3 s0=PALM(4489,2049) s1=PALM(389,2124)* s2=fng (3056,631) [filtered=3863]
cnt=3 s0=PALM(4491,2050) s1=PALM(388,2124)* s2=fng (3063,636) [filtered=3864]
cnt=3 s0=PALM(4492,2051) s1=PALM(387,2124)* s2=fng (3069,640) [filtered=3865]
cnt=3 s0=PALM(4494,2052) s1=PALM(386,2124)* s2=fng (3074,643) [filtered=3866]
cnt=3 s0=PALM(4496,2054) s1=PALM(385,2124)* s2=fng (3080,647) [filtered=3867]
cnt=3 s0=PALM(4498,2055) s1=PALM(384,2124)* s2=fng (3086,651) [filtered=3868]
cnt=3 s0=PALM(4499,2056) s1=PALM(384,2124)* s2=fng (3091,654) [filtered=3869]
cnt=3 s0=PALM(4500,2057) s1=PALM(383,2124)* s2=fng (3095,658) [filtered=3870]
cnt=3 s0=PALM(4501,2058) s1=PALM(382,2124)* s2=fng (3099,662) [filtered=3871]
cnt=3 s0=PALM(4503,2059) s1=PALM(381,2124)* s2=fng (3104,666) [filtered=3872]
cnt=3 s0=PALM(4504,2060) s1=PALM(381,2124)* s2=fng (3108,669) [filtered=3873]
cnt=3 s0=PALM(4505,2061) s1=PALM(381,2124)* s2=fng (3111,672) [filtered=3874]
cnt=3 s0=PALM(4506,2062) s1=PALM(380,2124)* s2=fng (3115,674) [filtered=3875]
cnt=3 s0=PALM(4508,2063) s1=PALM(379,2124)* s2=fng (3119,677) [filtered=3876]
cnt=3 s0=PALM(4509,2064) s1=PALM(379,2124)* s2=fng (3122,679) [filtered=3877]
cnt=3 s0=PALM(4510,2065) s1=PALM(378,2124)* s2=fng (3124,681) [filtered=3878]
cnt=3 s0=PALM(4511,2066) s1=PALM(378,2124)* s2=fng (3125,684) [filtered=3879]
cnt=3 s0=PALM(4512,2066) s1=PALM(378,2124)* s2=fng (3125,686) [filtered=3880]
cnt=3 s0=PALM(4513,2067) s1=PALM(377,2124)* s2=fng (3126,688) [filtered=3881]
cnt=3 s0=PALM(4515,2068) s1=PALM(377,2124)* s2=fng (3127,691) [filtered=3882]
cnt=3 s0=PALM(4516,2069) s1=PALM(376,2124)* s2=fng (3127,693) [filtered=3883]
cnt=3 s0=PALM(4517,2070) s1=PALM(376,2124)* s2=fng (3127,694) [filtered=3884]
cnt=3 s0=PALM(4518,2071) s1=PALM(375,2124)* s2=fng (3128,695) [filtered=3885]
cnt=2 s0=PALM(4520,2073) s1=PALM(375,2124)* [filtered=3886]
cnt=2 s0=PALM(4521,2074) s1=PALM(374,2124)* [filtered=3887]
cnt=2 s0=PALM(4523,2076) s1=PALM(374,2124)* [filtered=3888]
cnt=2 s0=PALM(4524,2077) s1=PALM(374,2124)* [filtered=3889]
cnt=2 s0=PALM(4525,2078) s1=PALM(373,2124)* [filtered=3890]
cnt=2 s0=PALM(4527,2079) s1=PALM(373,2124)* [filtered=3891]
cnt=2 s0=PALM(4528,2081) s1=PALM(372,2124)* [filtered=3892]
cnt=2 s0=PALM(4530,2083) s1=PALM(372,2124)* [filtered=3893]
cnt=2 s0=PALM(4531,2084) s1=PALM(372,2124)* [filtered=3894]
cnt=2 s0=PALM(4532,2085) s1=PALM(371,2124)* [filtered=3895]
cnt=2 s0=PALM(4533,2086) s1=PALM(370,2124)* [filtered=3896]
cnt=2 s0=PALM(4535,2088) s1=PALM(370,2125)* [filtered=3897]
cnt=2 s0=PALM(4537,2090) s1=PALM(369,2125)* [filtered=3898]
cnt=2 s0=PALM(4538,2091) s1=PALM(369,2125)* [filtered=3899]
cnt=2 s0=PALM(4539,2092) s1=PALM(369,2125)* [filtered=3900]
cnt=2 s0=PALM(4540,2093) s1=PALM(368,2125)* [filtered=3901]
cnt=2 s0=PALM(4542,2095) s1=PALM(368,2125)* [filtered=3902]
cnt=2 s0=PALM(4543,2096) s1=PALM(368,2125)* [filtered=3903]
cnt=2 s0=PALM(4544,2097) s1=PALM(367,2125)* [filtered=3904]
cnt=2 s0=PALM(4545,2099) s1=PALM(366,2125)* [filtered=3905]
cnt=2 s0=PALM(4546,2100) s1=PALM(366,2125)* [filtered=3906]
cnt=2 s0=PALM(4547,2102) s1=PALM(365,2125)* [filtered=3907]
cnt=2 s0=PALM(4548,2103) s1=PALM(365,2125)* [filtered=3908]
cnt=2 s0=PALM(4549,2104) s1=PALM(365,2126)* [filtered=3909]
cnt=2 s0=PALM(4550,2105) s1=PALM(364,2127)* [filtered=3910]
cnt=2 s0=PALM(4551,2107) s1=PALM(364,2127)* [filtered=3911]
cnt=2 s0=PALM(4552,2108) s1=PALM(363,2127)* [filtered=3912]
cnt=2 s0=PALM(4553,2109) s1=PALM(363,2127)* [filtered=3913]
cnt=2 s0=PALM(4554,2110) s1=PALM(363,2127)* [filtered=3914]
cnt=2 s0=PALM(4555,2111) s1=PALM(362,2127)* [filtered=3915]
cnt=2 s0=PALM(4555,2112) s1=PALM(361,2128)* [filtered=3916]
cnt=2 s0=PALM(4555,2112) s1=PALM(361,2128)* [filtered=3917]
cnt=2 s0=PALM(4556,2113) s1=PALM(361,2128)* [filtered=3918]
cnt=2 s0=PALM(4556,2113) s1=PALM(360,2129)* [filtered=3919]
cnt=2 s0=PALM(4557,2114) s1=PALM(360,2129)* [filtered=3920]
cnt=2 s0=PALM(4557,2114) s1=PALM(359,2129)* [filtered=3921]
cnt=2 s0=PALM(4557,2114)* s1=PALM(359,2129)* [filtered=3922]
cnt=2 s0=PALM(4558,2115)* s1=PALM(359,2129)* [filtered=3923]
cnt=2 s0=PALM(4558,2116)* s1=PALM(358,2129)* [filtered=3924]
cnt=2 s0=PALM(4558,2116)* s1=PALM(357,2129)* [filtered=3925]
cnt=2 s0=PALM(4558,2117)* s1=PALM(357,2129)* [filtered=3926]
cnt=2 s0=PALM(4558,2117)* s1=PALM(357,2129)* [filtered=3927]
cnt=2 s0=PALM(4558,2117)* s1=PALM(356,2129)* [filtered=3928]
cnt=2 s0=PALM(4558,2118)* s1=PALM(356,2129)* [filtered=3929]
cnt=2 s0=PALM(4558,2119)* s1=PALM(356,2129)* [filtered=3930]
cnt=2 s0=PALM(4558,2120)* s1=PALM(356,2129)* [filtered=3931]
cnt=2 s0=PALM(4558,2121)* s1=PALM(356,2129)* [filtered=3932]
cnt=2 s0=PALM(4558,2122)* s1=PALM(356,2129)* [filtered=3933]
cnt=2 s0=PALM(4558,2123)* s1=PALM(356,2129)* [filtered=3934]
cnt=2 s0=PALM(4558,2124)* s1=PALM(356,2129)* [filtered=3935]
cnt=2 s0=PALM(4558,2124)* s1=PALM(356,2129)* [filtered=3936]
cnt=2 s0=PALM(4558,2125)* s1=PALM(356,2129)* [filtered=3937]
cnt=2 s0=PALM(4558,2126)* s1=PALM(356,2129)* [filtered=3938]
cnt=2 s0=PALM(4557,2127)* s1=PALM(356,2129)* [filtered=3939]
cnt=2 s0=PALM(4557,2128)* s1=PALM(356,2129)* [filtered=3940]
cnt=2 s0=PALM(4557,2129)* s1=PALM(356,2129)* [filtered=3941]
cnt=2 s0=PALM(4556,2130)* s1=PALM(357,2129)* [filtered=3942]
cnt=2 s0=PALM(4555,2131)* s1=PALM(357,2129)* [filtered=3943]
cnt=2 s0=PALM(4554,2132)* s1=PALM(358,2129)* [filtered=3944]
cnt=2 s0=PALM(4554,2132)* s1=PALM(358,2129)* [filtered=3945]
cnt=2 s0=PALM(4553,2132)* s1=PALM(359,2129)* [filtered=3946]
cnt=2 s0=PALM(4551,2133)* s1=PALM(360,2129)* [filtered=3947]
cnt=2 s0=PALM(4549,2134)* s1=PALM(361,2129)* [filtered=3948]
cnt=2 s0=PALM(4548,2134)* s1=PALM(362,2129)* [filtered=3949]
cnt=2 s0=PALM(4547,2134)* s1=PALM(363,2129)* [filtered=3950]
cnt=2 s0=PALM(4545,2135)* s1=PALM(364,2129)* [filtered=3951]
cnt=2 s0=PALM(4542,2135)* s1=PALM(366,2129)* [filtered=3952]
cnt=2 s0=PALM(4541,2135)* s1=PALM(367,2129)* [filtered=3953]
cnt=2 s0=PALM(4539,2136)* s1=PALM(368,2129)* [filtered=3954]
cnt=2 s0=PALM(4536,2137) s1=PALM(369,2129)* [filtered=3955]
cnt=2 s0=PALM(4532,2138) s1=PALM(371,2129)* [filtered=3956]
cnt=2 s0=PALM(4530,2139) s1=PALM(372,2129)* [filtered=3957]
cnt=2 s0=PALM(4527,2140) s1=PALM(373,2129)* [filtered=3958]
cnt=2 s0=PALM(4523,2141) s1=PALM(374,2128)* [filtered=3959]
cnt=2 s0=PALM(4519,2143) s1=PALM(376,2128)* [filtered=3960]
cnt=2 s0=PALM(4516,2144) s1=PALM(377,2128)* [filtered=3961]
cnt=2 s0=PALM(4512,2145) s1=PALM(378,2127)* [filtered=3962]
cnt=2 s0=PALM(4507,2147) s1=PALM(380,2127)* [filtered=3963]
cnt=2 s0=PALM(4502,2150) s1=PALM(381,2126)* [filtered=3964]
cnt=2 s0=PALM(4497,2153) s1=PALM(382,2125)* [filtered=3965]
cnt=2 s0=PALM(4493,2154) s1=PALM(383,2125)* [filtered=3966]
cnt=2 s0=PALM(4488,2157) s1=PALM(384,2125)* [filtered=3967]
cnt=2 s0=PALM(4483,2160) s1=PALM(385,2124)* [filtered=3968]
cnt=2 s0=PALM(4477,2163) s1=PALM(386,2124)* [filtered=3969]
cnt=2 s0=PALM(4472,2165) s1=PALM(387,2124)* [filtered=3970]
cnt=2 s0=PALM(4466,2167) s1=PALM(388,2123)* [filtered=3971]
cnt=2 s0=PALM(4460,2169) s1=PALM(388,2123)* [filtered=3972]
cnt=2 s0=PALM(4454,2171) s1=PALM(389,2122)* [filtered=3973]
cnt=2 s0=PALM(4448,2172) s1=PALM(389,2122)* [filtered=3974]
cnt=2 s0=PALM(4442,2173) s1=PALM(390,2121)* [filtered=3975]
cnt=2 s0=PALM(4436,2174) s1=PALM(390,2121)* [filtered=3976]
cnt=2 s0=PALM(4431,2174) s1=PALM(390,2121)* [filtered=3977]
cnt=2 s0=PALM(4425,2174) s1=PALM(390,2121)* [filtered=3978]
cnt=2 s0=PALM(4419,2174) s1=PALM(390,2121)* [filtered=3979]
cnt=2 s0=PALM(4414,2174) s1=PALM(390,2121)* [filtered=3980]
cnt=2 s0=PALM(4410,2174) s1=PALM(390,2121)* [filtered=3981]
cnt=2 s0=PALM(4406,2173) s1=PALM(390,2121)* [filtered=3982]
cnt=2 s0=PALM(4402,2173) s1=PALM(390,2121)* [filtered=3983]
cnt=2 s0=PALM(4399,2173) s1=PALM(390,2121)* [filtered=3984]
cnt=2 s0=PALM(4395,2172) s1=PALM(390,2121)* [filtered=3985]
cnt=2 s0=PALM(4391,2171) s1=PALM(390,2121)* [filtered=3986]
cnt=2 s0=PALM(4388,2170) s1=PALM(390,2121)* [filtered=3987]
cnt=2 s0=PALM(4386,2169) s1=PALM(390,2121)* [filtered=3988]
cnt=2 s0=PALM(4384,2168) s1=PALM(390,2121)* [filtered=3989]
cnt=2 s0=PALM(4383,2167) s1=PALM(390,2121)* [filtered=3990]
cnt=2 s0=PALM(4381,2166) s1=PALM(390,2121)* [filtered=3991]
cnt=2 s0=PALM(4380,2166) s1=PALM(390,2121)* [filtered=3992]
cnt=2 s0=PALM(4380,2165) s1=PALM(390,2121)* [filtered=3993]
cnt=2 s0=PALM(4380,2164) s1=PALM(390,2121)* [filtered=3994]
cnt=2 s0=PALM(4380,2163) s1=PALM(390,2121)* [filtered=3995]
cnt=2 s0=PALM(4380,2163) s1=PALM(390,2121)* [filtered=3996]
cnt=2 s0=PALM(4380,2162) s1=PALM(390,2121)* [filtered=3997]
cnt=2 s0=PALM(4381,2162) s1=PALM(390,2121)* [filtered=3998]
cnt=2 s0=PALM(4382,2161) s1=PALM(390,2121)* [filtered=3999]
cnt=2 s0=PALM(4384,2161) s1=PALM(390,2121)* [filtered=4000]
cnt=2 s0=PALM(4385,2161) s1=PALM(390,2121)* [filtered=4001]
cnt=2 s0=PALM(4387,2160) s1=PALM(390,2121)* [filtered=4002]
cnt=2 s0=PALM(4389,2159) s1=PALM(390,2121)* [filtered=4003]
cnt=2 s0=PALM(4391,2159) s1=PALM(390,2121)* [filtered=4004]
cnt=2 s0=PALM(4394,2158) s1=PALM(390,2121)* [filtered=4005]
cnt=2 s0=PALM(4395,2158) s1=PALM(390,2121)* [filtered=4006]
cnt=2 s0=PALM(4397,2158) s1=PALM(390,2121)* [filtered=4007]
cnt=2 s0=PALM(4400,2157) s1=PALM(390,2121)* [filtered=4008]
cnt=2 s0=PALM(4403,2157) s1=PALM(390,2121)* [filtered=4009]
cnt=2 s0=PALM(4404,2157) s1=PALM(390,2121)* [filtered=4010]
cnt=2 s0=PALM(4406,2156) s1=PALM(390,2121)* [filtered=4011]
cnt=2 s0=PALM(4408,2155) s1=PALM(390,2121)* [filtered=4012]
cnt=2 s0=PALM(4410,2154) s1=PALM(390,2121)* [filtered=4013]
cnt=2 s0=PALM(4412,2154) s1=PALM(390,2121)* [filtered=4014]
cnt=2 s0=PALM(4413,2154) s1=PALM(390,2121)* [filtered=4015]
cnt=2 s0=PALM(4415,2153) s1=PALM(390,2121)* [filtered=4016]
cnt=2 s0=PALM(4417,2153) s1=PALM(390,2121)* [filtered=4017]
cnt=2 s0=PALM(4418,2152) s1=PALM(390,2121)* [filtered=4018]
cnt=2 s0=PALM(4419,2151) s1=PALM(390,2121)* [filtered=4019]
cnt=2 s0=PALM(4420,2151) s1=PALM(390,2121)* [filtered=4020]
cnt=2 s0=PALM(4421,2151) s1=PALM(390,2121)* [filtered=4021]
cnt=2 s0=PALM(4422,2150) s1=PALM(390,2121)* [filtered=4022]
cnt=2 s0=PALM(4422,2150) s1=PALM(390,2121)* [filtered=4023]
cnt=2 s0=PALM(4422,2150) s1=PALM(390,2121)* [filtered=4024]
cnt=2 s0=PALM(4422,2149) s1=PALM(390,2121)* [filtered=4025]
cnt=2 s0=PALM(4422,2148) s1=PALM(390,2121)* [filtered=4026]
cnt=2 s0=PALM(4422,2147) s1=PALM(390,2121)* [filtered=4027]
cnt=2 s0=PALM(4421,2146)* s1=PALM(390,2121)* [filtered=4028]
cnt=2 s0=PALM(4421,2145)* s1=PALM(390,2121)* [filtered=4029]
cnt=2 s0=PALM(4420,2144)* s1=PALM(390,2121)* [filtered=4030]
cnt=2 s0=PALM(4419,2143)* s1=PALM(390,2121)* [filtered=4031]
cnt=2 s0=PALM(4418,2142)* s1=PALM(390,2121)* [filtered=4032]
cnt=2 s0=PALM(4418,2142)* s1=PALM(390,2121)* [filtered=4033]
cnt=2 s0=PALM(4417,2141)* s1=PALM(390,2122)* [filtered=4034]
cnt=2 s0=PALM(4416,2140)* s1=PALM(390,2123)* [filtered=4035]
cnt=2 s0=PALM(4414,2139)* s1=PALM(390,2123)* [filtered=4036]
cnt=2 s0=PALM(4412,2137) s1=PALM(390,2123)* [filtered=4037]
cnt=2 s0=PALM(4411,2136) s1=PALM(390,2123)* [filtered=4038]
cnt=2 s0=PALM(4409,2135) s1=PALM(390,2123)* [filtered=4039]
cnt=2 s0=PALM(4407,2133) s1=PALM(390,2124)* [filtered=4040]
cnt=2 s0=PALM(4406,2132) s1=PALM(390,2124)* [filtered=4041]
cnt=2 s0=PALM(4404,2131) s1=PALM(390,2124)* [filtered=4042]
cnt=2 s0=PALM(4401,2129) s1=PALM(390,2125)* [filtered=4043]
cnt=2 s0=PALM(4399,2128) s1=PALM(390,2125)* [filtered=4044]
cnt=2 s0=PALM(4396,2126) s1=PALM(390,2125)* [filtered=4045]
cnt=2 s0=PALM(4393,2124) s1=PALM(390,2126)* [filtered=4046]
cnt=2 s0=PALM(4391,2123) s1=PALM(390,2126)* [filtered=4047]
cnt=2 s0=PALM(4388,2121) s1=PALM(390,2126)* [filtered=4048]
cnt=2 s0=PALM(4385,2119) s1=PALM(390,2127)* [filtered=4049]
cnt=2 s0=PALM(4382,2116) s1=PALM(390,2127)* [filtered=4050]
cnt=2 s0=PALM(4380,2115) s1=PALM(390,2127)* [filtered=4051]
cnt=2 s0=PALM(4377,2113) s1=PALM(390,2127)* [filtered=4052]
cnt=2 s0=PALM(4374,2111) s1=PALM(390,2127)* [filtered=4053]
cnt=2 s0=PALM(4372,2110) s1=PALM(390,2127)* [filtered=4054]
cnt=2 s0=PALM(4371,2109) s1=PALM(390,2128)* [filtered=4055]
cnt=2 s0=PALM(4370,2108) s1=PALM(390,2128)* [filtered=4056]
cnt=2 s0=PALM(4369,2107) s1=PALM(390,2128)* [filtered=4057]
cnt=2 s0=PALM(4367,2106) s1=PALM(390,2128)* [filtered=4058]
cnt=2 s0=PALM(4365,2105) s1=PALM(390,2129)* [filtered=4059]
cnt=2 s0=PALM(4364,2105) s1=PALM(390,2129)* [filtered=4060]
cnt=2 s0=PALM(4363,2104) s1=PALM(390,2129)* [filtered=4061]
cnt=2 s0=PALM(4362,2103) s1=PALM(390,2130)* [filtered=4062]
cnt=2 s0=PALM(4361,2102) s1=PALM(390,2130)* [filtered=4063]
cnt=2 s0=PALM(4360,2101) s1=PALM(390,2130)* [filtered=4064]
cnt=2 s0=PALM(4358,2100) s1=PALM(390,2130)* [filtered=4065]
cnt=2 s0=PALM(4357,2100) s1=PALM(390,2130)* [filtered=4066]
cnt=2 s0=PALM(4356,2099) s1=PALM(390,2130)* [filtered=4067]
cnt=2 s0=PALM(4354,2098) s1=PALM(390,2130)* [filtered=4068]
cnt=2 s0=PALM(4353,2098) s1=PALM(390,2130)* [filtered=4069]
cnt=2 s0=PALM(4352,2097) s1=PALM(390,2130)* [filtered=4070]
cnt=2 s0=PALM(4350,2096) s1=PALM(390,2130)* [filtered=4071]
cnt=2 s0=PALM(4348,2095) s1=PALM(390,2130)* [filtered=4072]
cnt=2 s0=PALM(4347,2094)* s1=PALM(390,2130)* [filtered=4073]
cnt=2 s0=PALM(4345,2093)* s1=PALM(390,2130)* [filtered=4074]
cnt=2 s0=PALM(4343,2092)* s1=PALM(390,2130)* [filtered=4075]
cnt=2 s0=PALM(4342,2092)* s1=PALM(390,2130)* [filtered=4076]
cnt=2 s0=PALM(4341,2091)* s1=PALM(390,2130)* [filtered=4077]
cnt=2 s0=PALM(4339,2090)* s1=PALM(390,2130)* [filtered=4078]
cnt=2 s0=PALM(4338,2090)* s1=PALM(390,2130)* [filtered=4079]
cnt=2 s0=PALM(4336,2089)* s1=PALM(390,2130)* [filtered=4080]
cnt=2 s0=PALM(4335,2088)* s1=PALM(390,2131)* [filtered=4081]
cnt=2 s0=PALM(4334,2087)* s1=PALM(390,2131)* [filtered=4082]
cnt=2 s0=PALM(4333,2086)* s1=PALM(390,2131)* [filtered=4083]
cnt=2 s0=PALM(4331,2085)* s1=PALM(390,2131)* [filtered=4084]
cnt=2 s0=PALM(4330,2085)* s1=PALM(390,2131)* [filtered=4085]
cnt=2 s0=PALM(4329,2084)* s1=PALM(390,2131)* [filtered=4086]
cnt=2 s0=PALM(4328,2083)* s1=PALM(390,2131)* [filtered=4087]
cnt=2 s0=PALM(4327,2083)* s1=PALM(390,2131)* [filtered=4088]
cnt=2 s0=PALM(4326,2083)* s1=PALM(390,2131)* [filtered=4089]
cnt=2 s0=PALM(4325,2083)* s1=PALM(390,2131)* [filtered=4090]
cnt=2 s0=PALM(4324,2082)* s1=PALM(390,2131)* [filtered=4091]
cnt=2 s0=PALM(4323,2082)* s1=PALM(390,2131)* [filtered=4092]
cnt=2 s0=PALM(4322,2082)* s1=PALM(390,2131)* [filtered=4093]
cnt=2 s0=PALM(4321,2081)* s1=PALM(390,2131)* [filtered=4094]
cnt=2 s0=PALM(4320,2080)* s1=PALM(390,2131)* [filtered=4095]
cnt=2 s0=PALM(4320,2080)* s1=PALM(390,2131)* [filtered=4096]
cnt=2 s0=PALM(4319,2080)* s1=PALM(390,2131)* [filtered=4097]
cnt=2 s0=PALM(4318,2079)* s1=PALM(390,2131)* [filtered=4098]
cnt=2 s0=PALM(4317,2079)* s1=PALM(390,2131)* [filtered=4099]
cnt=2 s0=PALM(4317,2079)* s1=PALM(390,2131)* [filtered=4100]
cnt=2 s0=PALM(4316,2078)* s1=PALM(390,2131)* [filtered=4101]
cnt=2 s0=PALM(4316,2078)* s1=PALM(390,2131)* [filtered=4102]
cnt=2 s0=PALM(4316,2078)* s1=PALM(390,2131)* [filtered=4103]
cnt=2 s0=PALM(4315,2077)* s1=PALM(390,2131)* [filtered=4104]
cnt=2 s0=PALM(4315,2077)* s1=PALM(390,2131)* [filtered=4105]
cnt=2 s0=PALM(4314,2077)* s1=PALM(390,2131)* [filtered=4106]
cnt=2 s0=PALM(4314,2077)* s1=PALM(390,2131)* [filtered=4107]
cnt=2 s0=PALM(4314,2077)* s1=PALM(390,2131)* [filtered=4108]
cnt=2 s0=PALM(4313,2077)* s1=PALM(390,2131)* [filtered=4109]
cnt=2 s0=PALM(4313,2077)* s1=PALM(390,2131)* [filtered=4110]
cnt=2 s0=PALM(4313,2077)* s1=PALM(390,2131)* [filtered=4111]
cnt=2 s0=PALM(4312,2077)* s1=PALM(390,2131)* [filtered=4112]
cnt=2 s0=PALM(4312,2077)* s1=PALM(390,2131)* [filtered=4113]
cnt=2 s0=PALM(4312,2077)* s1=PALM(390,2131)* [filtered=4114]
cnt=2 s0=PALM(4311,2077)* s1=PALM(390,2131)* [filtered=4115]
cnt=2 s0=PALM(4311,2077)* s1=PALM(390,2131)* [filtered=4116]
cnt=2 s0=PALM(4311,2077)* s1=PALM(390,2131)* [filtered=4117]
cnt=2 s0=PALM(4310,2077)* s1=PALM(390,2131)* [filtered=4118]
cnt=2 s0=PALM(4310,2077)* s1=PALM(390,2131)* [filtered=4119]
cnt=2 s0=PALM(4309,2077)* s1=PALM(390,2131)* [filtered=4120]
cnt=2 s0=PALM(4309,2077)* s1=PALM(390,2131)* [filtered=4121]
cnt=2 s0=PALM(4309,2077)* s1=PALM(390,2131)* [filtered=4122]
cnt=2 s0=PALM(4308,2077)* s1=PALM(390,2131)* [filtered=4123]
cnt=2 s0=PALM(4308,2077)* s1=PALM(390,2131)* [filtered=4124]
cnt=2 s0=PALM(4308,2077)* s1=PALM(390,2131)* [filtered=4125]
cnt=2 s0=PALM(4307,2077)* s1=PALM(390,2131)* [filtered=4126]
cnt=2 s0=PALM(4307,2077)* s1=PALM(390,2131)* [filtered=4127]
cnt=2 s0=PALM(4306,2077)* s1=PALM(390,2131)* [filtered=4128]
cnt=2 s0=PALM(4306,2077)* s1=PALM(390,2131)* [filtered=4129]
cnt=2 s0=PALM(4305,2077)* s1=PALM(391,2131)* [filtered=4130]
cnt=2 s0=PALM(4305,2077)* s1=PALM(391,2131)* [filtered=4131]
cnt=2 s0=PALM(4305,2077)* s1=PALM(391,2131)* [filtered=4132]
cnt=2 s0=PALM(4304,2077)* s1=PALM(391,2131)* [filtered=4133]
cnt=2 s0=PALM(4304,2077)* s1=PALM(391,2131)* [filtered=4134]
cnt=2 s0=PALM(4304,2077)* s1=PALM(391,2131)* [filtered=4135]
cnt=2 s0=PALM(4303,2077)* s1=PALM(391,2131)* [filtered=4136]
cnt=2 s0=PALM(4303,2077)* s1=PALM(391,2131)* [filtered=4137]
cnt=2 s0=PALM(4303,2077)* s1=PALM(391,2131)* [filtered=4138]
cnt=2 s0=PALM(4302,2077)* s1=PALM(391,2131)* [filtered=4139]
cnt=2 s0=PALM(4302,2077)* s1=PALM(391,2131)* [filtered=4140]
cnt=2 s0=PALM(4302,2077)* s1=PALM(391,2131)* [filtered=4141]
cnt=2 s0=PALM(4301,2077)* s1=PALM(391,2131)* [filtered=4142]
cnt=2 s0=PALM(4301,2077)* s1=PALM(391,2131)* [filtered=4143]
cnt=2 s0=PALM(4300,2077)* s1=PALM(391,2131)* [filtered=4144]
cnt=2 s0=PALM(4300,2077)* s1=PALM(391,2131)* [filtered=4145]
cnt=2 s0=PALM(4300,2077)* s1=PALM(391,2131)* [filtered=4146]
cnt=2 s0=PALM(4299,2077)* s1=PALM(391,2131)* [filtered=4147]
cnt=2 s0=PALM(4299,2077)* s1=PALM(391,2131)* [filtered=4148]
cnt=2 s0=PALM(4299,2077)* s1=PALM(391,2131)* [filtered=4149]
cnt=2 s0=PALM(4298,2077)* s1=PALM(391,2131)* [filtered=4150]
cnt=2 s0=PALM(4298,2077)* s1=PALM(392,2131)* [filtered=4151]
cnt=2 s0=PALM(4298,2077)* s1=PALM(392,2131)* [filtered=4152]
cnt=2 s0=PALM(4297,2077)* s1=PALM(392,2131)* [filtered=4153]
cnt=2 s0=PALM(4297,2077)* s1=PALM(392,2131)* [filtered=4154]
cnt=2 s0=PALM(4296,2077)* s1=PALM(392,2131)* [filtered=4155]
cnt=2 s0=PALM(4296,2077)* s1=PALM(392,2131)* [filtered=4156]
cnt=2 s0=PALM(4296,2077)* s1=PALM(392,2131)* [filtered=4157]
cnt=2 s0=PALM(4295,2077)* s1=PALM(392,2131)* [filtered=4158]
cnt=2 s0=PALM(4295,2077)* s1=PALM(392,2131)* [filtered=4159]
cnt=2 s0=PALM(4295,2077)* s1=PALM(392,2131)* [filtered=4160]
cnt=2 s0=PALM(4294,2077)* s1=PALM(392,2131)* [filtered=4161]
cnt=2 s0=PALM(4294,2077)* s1=PALM(392,2131)* [filtered=4162]
cnt=2 s0=PALM(4294,2077)* s1=PALM(392,2131)* [filtered=4163]
cnt=2 s0=PALM(4294,2077)* s1=PALM(392,2131)* [filtered=4164]
cnt=2 s0=PALM(4294,2077)* s1=PALM(392,2131)* [filtered=4165]
cnt=2 s0=PALM(4294,2077)* s1=PALM(392,2131)* [filtered=4166]
cnt=2 s0=PALM(4294,2077)* s1=PALM(392,2131)* [filtered=4167]
cnt=2 s0=PALM(4294,2077)* s1=PALM(392,2131)* [filtered=4168]
cnt=2 s0=PALM(4294,2077)* s1=PALM(392,2131)* [filtered=4169]
cnt=2 s0=PALM(4294,2077)* s1=PALM(392,2131)* [filtered=4170]
cnt=2 s0=PALM(4294,2077)* s1=PALM(392,2131)* [filtered=4171]
cnt=2 s0=PALM(4294,2077)* s1=PALM(392,2131)* [filtered=4172]
cnt=2 s0=PALM(4294,2077)* s1=PALM(392,2131)* [filtered=4173]
cnt=2 s0=PALM(4294,2077)* s1=PALM(392,2131)* [filtered=4174]
cnt=2 s0=PALM(4294,2077)* s1=PALM(392,2131)* [filtered=4175]
cnt=2 s0=PALM(4294,2077)* s1=PALM(392,2131)* [filtered=4176]
cnt=2 s0=PALM(4294,2077)* s1=PALM(392,2131)* [filtered=4177]
cnt=2 s0=PALM(4294,2077)* s1=PALM(392,2131)* [filtered=4178]
cnt=2 s0=PALM(4294,2077)* s1=PALM(393,2131)* [filtered=4179]
cnt=2 s0=PALM(4294,2077)* s1=PALM(393,2131)* [filtered=4180]
cnt=2 s0=PALM(4294,2077)* s1=PALM(393,2131)* [filtered=4181]
cnt=2 s0=PALM(4294,2077)* s1=PALM(393,2131)* [filtered=4182]
cnt=2 s0=PALM(4294,2077)* s1=PALM(393,2131)* [filtered=4183]
cnt=2 s0=PALM(4294,2077)* s1=PALM(393,2131)* [filtered=4184]
cnt=2 s0=PALM(4294,2077)* s1=PALM(393,2131)* [filtered=4185]
cnt=2 s0=PALM(4294,2077)* s1=PALM(393,2131)* [filtered=4186]
cnt=2 s0=PALM(4294,2077)* s1=PALM(393,2131)* [filtered=4187]
cnt=2 s0=PALM(4294,2077)* s1=PALM(393,2131)* [filtered=4188]
cnt=2 s0=PALM(4294,2077)* s1=PALM(393,2131)* [filtered=4189]
cnt=2 s0=PALM(4294,2077)* s1=PALM(393,2131)* [filtered=4190]
cnt=2 s0=PALM(4295,2077)* s1=PALM(393,2131)* [filtered=4191]
cnt=2 s0=PALM(4295,2077)* s1=PALM(393,2131)* [filtered=4192]
cnt=2 s0=PALM(4295,2077)* s1=PALM(393,2131)* [filtered=4193]
cnt=2 s0=PALM(4295,2077)* s1=PALM(393,2131)* [filtered=4194]
cnt=2 s0=PALM(4295,2077)* s1=PALM(393,2131)* [filtered=4195]
cnt=2 s0=PALM(4295,2077)* s1=PALM(393,2131)* [filtered=4196]
cnt=2 s0=PALM(4296,2077)* s1=PALM(393,2131)* [filtered=4197]
cnt=2 s0=PALM(4296,2077)* s1=PALM(393,2131)* [filtered=4198]
cnt=2 s0=PALM(4296,2077)* s1=PALM(393,2131)* [filtered=4199]
cnt=2 s0=PALM(4296,2077)* s1=PALM(393,2131)* [filtered=4200]
cnt=2 s0=PALM(4296,2077)* s1=PALM(393,2131)* [filtered=4201]
cnt=2 s0=PALM(4296,2077)* s1=PALM(393,2131)* [filtered=4202]
cnt=2 s0=PALM(4296,2077)* s1=PALM(393,2131)* [filtered=4203]
cnt=2 s0=PALM(4296,2077)* s1=PALM(393,2131)* [filtered=4204]
cnt=2 s0=PALM(4296,2077)* s1=PALM(393,2131)* [filtered=4205]
cnt=2 s0=PALM(4296,2077)* s1=PALM(393,2131)* [filtered=4206]
cnt=2 s0=PALM(4296,2077)* s1=PALM(393,2131)* [filtered=4207]
cnt=2 s0=PALM(4296,2077)* s1=PALM(393,2131)* [filtered=4208]
cnt=2 s0=PALM(4296,2077)* s1=PALM(393,2131)* [filtered=4209]
cnt=2 s0=PALM(4296,2077)* s1=PALM(393,2131)* [filtered=4210]
cnt=2 s0=PALM(4296,2077)* s1=PALM(393,2131)* [filtered=4211]
cnt=2 s0=PALM(4296,2077)* s1=PALM(393,2131)* [filtered=4212]
cnt=2 s0=PALM(4296,2077)* s1=PALM(393,2131)* [filtered=4213]
cnt=2 s0=PALM(4296,2077)* s1=PALM(393,2131)* [filtered=4214]
cnt=2 s0=PALM(4296,2077)* s1=PALM(393,2132)* [filtered=4215]
cnt=2 s0=PALM(4296,2077)* s1=PALM(393,2132)* [filtered=4216]
cnt=2 s0=PALM(4296,2077)* s1=PALM(393,2132)* [filtered=4217]
cnt=2 s0=PALM(4296,2077)* s1=PALM(393,2132)* [filtered=4218]
cnt=2 s0=PALM(4296,2077)* s1=PALM(393,2132)* [filtered=4219]
cnt=2 s0=PALM(4296,2077)* s1=PALM(393,2132)* [filtered=4220]
cnt=2 s0=PALM(4296,2077)* s1=PALM(393,2132)* [filtered=4221]
cnt=2 s0=PALM(4296,2077)* s1=PALM(393,2132)* [filtered=4222]
cnt=2 s0=PALM(4296,2077)* s1=PALM(393,2132)* [filtered=4223]
cnt=2 s0=PALM(4296,2077)* s1=PALM(393,2132)* [filtered=4224]
cnt=2 s0=PALM(4296,2077)* s1=PALM(393,2132)* [filtered=4225]
cnt=2 s0=PALM(4296,2077)* s1=PALM(393,2132)* [filtered=4226]
cnt=2 s0=PALM(4296,2077)* s1=PALM(393,2132)* [filtered=4227]
cnt=2 s0=PALM(4296,2077)* s1=PALM(393,2132)* [filtered=4228]
cnt=2 s0=PALM(4296,2077)* s1=PALM(393,2132)* [filtered=4229]
cnt=2 s0=PALM(4296,2077)* s1=PALM(393,2132)* [filtered=4230]
cnt=2 s0=PALM(4296,2077)* s1=PALM(393,2133)* [filtered=4231]
cnt=2 s0=PALM(4296,2077)* s1=PALM(393,2133)* [filtered=4232]
cnt=2 s0=PALM(4296,2077)* s1=PALM(393,2133)* [filtered=4233]
cnt=2 s0=PALM(4296,2077)* s1=PALM(393,2133)* [filtered=4234]
cnt=2 s0=PALM(4296,2077)* s1=PALM(393,2133)* [filtered=4235]
cnt=2 s0=PALM(4296,2077)* s1=PALM(393,2133)* [filtered=4236]
cnt=2 s0=PALM(4296,2077)* s1=PALM(393,2133)* [filtered=4237]
cnt=2 s0=PALM(4296,2077)* s1=PALM(393,2133)* [filtered=4238]
cnt=2 s0=PALM(4296,2077)* s1=PALM(393,2133)* [filtered=4239]
cnt=2 s0=PALM(4296,2077)* s1=PALM(393,2133)* [filtered=4240]
cnt=2 s0=PALM(4296,2077)* s1=PALM(393,2133)* [filtered=4241]
cnt=2 s0=PALM(4296,2077)* s1=PALM(393,2133)* [filtered=4242]
cnt=2 s0=PALM(4296,2077)* s1=PALM(393,2133)* [filtered=4243]
cnt=2 s0=PALM(4296,2077)* s1=PALM(393,2133)* [filtered=4244]
cnt=2 s0=PALM(4296,2077)* s1=PALM(393,2133)* [filtered=4245]
cnt=2 s0=PALM(4296,2077)* s1=PALM(393,2133)* [filtered=4246]
cnt=2 s0=PALM(4296,2077)* s1=PALM(393,2133)* [filtered=4247]
cnt=2 s0=PALM(4296,2077)* s1=PALM(393,2133)* [filtered=4248]
cnt=2 s0=PALM(4296,2077)* s1=PALM(393,2133)* [filtered=4249]
cnt=2 s0=PALM(4296,2077)* s1=PALM(393,2133)* [filtered=4250]
cnt=2 s0=PALM(4296,2077)* s1=PALM(393,2133)* [filtered=4251]
cnt=2 s0=PALM(4296,2077)* s1=PALM(393,2133)* [filtered=4252]
cnt=2 s0=PALM(4296,2077)* s1=PALM(393,2133)* [filtered=4253]
cnt=2 s0=PALM(4296,2077)* s1=PALM(393,2133)* [filtered=4254]
cnt=2 s0=PALM(4296,2077)* s1=PALM(393,2133)* [filtered=4255]
cnt=2 s0=PALM(4296,2077)* s1=PALM(393,2133)* [filtered=4256]
cnt=2 s0=PALM(4296,2077)* s1=PALM(393,2133)* [filtered=4257]
cnt=2 s0=PALM(4296,2077)* s1=PALM(393,2133)* [filtered=4258]
cnt=2 s0=PALM(4296,2077)* s1=PALM(393,2133)* [filtered=4259]
cnt=2 s0=PALM(4296,2077)* s1=PALM(393,2133)* [filtered=4260]
cnt=2 s0=PALM(4296,2077)* s1=PALM(393,2133)* [filtered=4261]
cnt=2 s0=PALM(4296,2077)* s1=PALM(393,2133)* [filtered=4262]
cnt=2 s0=PALM(4296,2077)* s1=PALM(393,2133)* [filtered=4263]
cnt=2 s0=PALM(4296,2077)* s1=PALM(393,2133)* [filtered=4264]
cnt=2 s0=PALM(4296,2077)* s1=PALM(393,2133)* [filtered=4265]
cnt=2 s0=PALM(4296,2077)* s1=PALM(393,2133)* [filtered=4266]
cnt=2 s0=PALM(4296,2077)* s1=PALM(393,2133)* [filtered=4267]
cnt=2 s0=PALM(4296,2077)* s1=PALM(393,2133)* [filtered=4268]
cnt=2 s0=PALM(4296,2077)* s1=PALM(393,2133)* [filtered=4269]
cnt=2 s0=PALM(4296,2077)* s1=PALM(393,2133)* [filtered=4270]
cnt=2 s0=PALM(4296,2077)* s1=PALM(393,2133)* [filtered=4271]
cnt=2 s0=PALM(4296,2077)* s1=PALM(393,2133)* [filtered=4272]
cnt=2 s0=PALM(4296,2077)* s1=PALM(393,2133)* [filtered=4273]
cnt=2 s0=PALM(4296,2077)* s1=PALM(393,2133)* [filtered=4274]
cnt=2 s0=PALM(4296,2077)* s1=PALM(393,2133)* [filtered=4275]
cnt=2 s0=PALM(4296,2077)* s1=PALM(393,2133)* [filtered=4276]
cnt=2 s0=PALM(4296,2077)* s1=PALM(393,2133)* [filtered=4277]
cnt=2 s0=PALM(4296,2077)* s1=PALM(393,2133)* [filtered=4278]
cnt=2 s0=PALM(4296,2077)* s1=PALM(393,2133)* [filtered=4279]
cnt=2 s0=PALM(4296,2077)* s1=PALM(393,2133)* [filtered=4280]
cnt=2 s0=PALM(4296,2077)* s1=PALM(393,2133)* [filtered=4281]
cnt=2 s0=PALM(4296,2077)* s1=PALM(393,2133)* [filtered=4282]
cnt=2 s0=PALM(4296,2077)* s1=PALM(393,2133)* [filtered=4283]
cnt=2 s0=PALM(4296,2077)* s1=PALM(393,2133)* [filtered=4284]
cnt=2 s0=PALM(4296,2077)* s1=PALM(393,2133)* [filtered=4285]
cnt=2 s0=PALM(4296,2077)* s1=PALM(393,2133)* [filtered=4286]
cnt=2 s0=PALM(4296,2077)* s1=PALM(393,2133)* [filtered=4287]
cnt=2 s0=PALM(4296,2077)* s1=PALM(393,2133)* [filtered=4288]
cnt=2 s0=PALM(4296,2077)* s1=PALM(393,2133)* [filtered=4289]
cnt=2 s0=PALM(4296,2077)* s1=PALM(393,2133)* [filtered=4290]
cnt=2 s0=PALM(4296,2077)* s1=PALM(393,2133)* [filtered=4291]
cnt=2 s0=PALM(4296,2077)* s1=PALM(393,2133)* [filtered=4292]
cnt=2 s0=PALM(4296,2077)* s1=PALM(393,2133)* [filtered=4293]
cnt=2 s0=PALM(4296,2077)* s1=PALM(393,2133)* [filtered=4294]
cnt=2 s0=PALM(4296,2077)* s1=PALM(393,2133)* [filtered=4295]
cnt=2 s0=PALM(4296,2077)* s1=PALM(393,2133)* [filtered=4296]
cnt=2 s0=PALM(4296,2077)* s1=PALM(393,2133)* [filtered=4297]
cnt=2 s0=PALM(4296,2077)* s1=PALM(393,2133)* [filtered=4298]
cnt=2 s0=PALM(4296,2077)* s1=PALM(393,2133)* [filtered=4299]
cnt=2 s0=PALM(4296,2077)* s1=PALM(393,2133)* [filtered=4300]
cnt=2 s0=PALM(4296,2077)* s1=PALM(393,2133)* [filtered=4301]
cnt=2 s0=PALM(4296,2077)* s1=PALM(393,2133)* [filtered=4302]
cnt=2 s0=PALM(4296,2077)* s1=PALM(393,2133)* [filtered=4303]
cnt=2 s0=PALM(4296,2077)* s1=PALM(393,2133)* [filtered=4304]
cnt=2 s0=PALM(4296,2077)* s1=PALM(393,2133)* [filtered=4305]
cnt=2 s0=PALM(4296,2077)* s1=PALM(393,2133)* [filtered=4306]
cnt=2 s0=PALM(4296,2077)* s1=PALM(393,2133)* [filtered=4307]
cnt=2 s0=PALM(4296,2077)* s1=PALM(393,2133)* [filtered=4308]
cnt=2 s0=PALM(4296,2077)* s1=PALM(393,2133)* [filtered=4309]
cnt=2 s0=PALM(4296,2077)* s1=PALM(393,2133)* [filtered=4310]
cnt=2 s0=PALM(4296,2077)* s1=PALM(393,2133)* [filtered=4311]
cnt=2 s0=PALM(4296,2077)* s1=PALM(393,2133)* [filtered=4312]
cnt=2 s0=PALM(4296,2077)* s1=PALM(393,2133)* [filtered=4313]
cnt=2 s0=PALM(4296,2077)* s1=PALM(393,2133)* [filtered=4314]
cnt=2 s0=PALM(4296,2077)* s1=PALM(393,2133)* [filtered=4315]
cnt=2 s0=PALM(4296,2077)* s1=PALM(393,2133)* [filtered=4316]
cnt=2 s0=PALM(4296,2077)* s1=PALM(393,2133)* [filtered=4317]
cnt=2 s0=PALM(4296,2077)* s1=PALM(393,2133)* [filtered=4318]
cnt=2 s0=PALM(4296,2077)* s1=PALM(393,2133)* [filtered=4319]
cnt=2 s0=PALM(4296,2077)* s1=PALM(393,2133)* [filtered=4320]
cnt=2 s0=PALM(4296,2077)* s1=PALM(393,2133)* [filtered=4321]
cnt=2 s0=PALM(4296,2077)* s1=PALM(393,2133)* [filtered=4322]
cnt=2 s0=PALM(4296,2077)* s1=PALM(393,2133)* [filtered=4323]
cnt=2 s0=PALM(4296,2077)* s1=PALM(393,2133)* [filtered=4324]
cnt=2 s0=PALM(4296,2077)* s1=PALM(393,2133)* [filtered=4325]
cnt=2 s0=PALM(4296,2077)* s1=PALM(393,2133)* [filtered=4326]
cnt=2 s0=PALM(4296,2077)* s1=PALM(393,2133)* [filtered=4327]
cnt=2 s0=PALM(4296,2077)* s1=PALM(393,2133)* [filtered=4328]
cnt=2 s0=PALM(4296,2077)* s1=PALM(393,2133)* [filtered=4329]
cnt=2 s0=PALM(4296,2077)* s1=PALM(393,2133)* [filtered=4330]
cnt=2 s0=PALM(4296,2077)* s1=PALM(393,2133)* [filtered=4331]
cnt=2 s0=PALM(4296,2077)* s1=PALM(393,2133)* [filtered=4332]
cnt=2 s0=PALM(4296,2077)* s1=PALM(393,2133)* [filtered=4333]
cnt=2 s0=PALM(4296,2077)* s1=PALM(393,2133)* [filtered=4334]
cnt=2 s0=PALM(4296,2077)* s1=PALM(393,2133)* [filtered=4335]
cnt=2 s0=PALM(4296,2077)* s1=PALM(393,2133)* [filtered=4336]
cnt=2 s0=PALM(4296,2077)* s1=PALM(393,2133)* [filtered=4337]
cnt=2 s0=PALM(4296,2077)* s1=PALM(393,2133)* [filtered=4338]
cnt=2 s0=PALM(4296,2077)* s1=PALM(393,2133)* [filtered=4339]
cnt=2 s0=PALM(4296,2077)* s1=PALM(393,2133)* [filtered=4340]
cnt=2 s0=PALM(4296,2077)* s1=PALM(393,2133)* [filtered=4341]
cnt=2 s0=PALM(4296,2077)* s1=PALM(393,2133)* [filtered=4342]
cnt=2 s0=PALM(4296,2077)* s1=PALM(393,2133)* [filtered=4343]
cnt=2 s0=PALM(4296,2077)* s1=PALM(393,2133)* [filtered=4344]
cnt=2 s0=PALM(4296,2077)* s1=PALM(393,2133)* [filtered=4345]
cnt=2 s0=PALM(4296,2077)* s1=PALM(393,2133)* [filtered=4346]
cnt=2 s0=PALM(4296,2077)* s1=PALM(393,2133)* [filtered=4347]
cnt=2 s0=PALM(4296,2077)* s1=PALM(393,2133)* [filtered=4348]
cnt=2 s0=PALM(4296,2077)* s1=PALM(393,2133)* [filtered=4349]
cnt=2 s0=PALM(4296,2077)* s1=PALM(393,2133)* [filtered=4350]
cnt=2 s0=PALM(4296,2077)* s1=PALM(393,2133)* [filtered=4351]
cnt=2 s0=PALM(4296,2077)* s1=PALM(393,2133)* [filtered=4352]
cnt=2 s0=PALM(4296,2077)* s1=PALM(393,2133)* [filtered=4353]
cnt=2 s0=PALM(4296,2077)* s1=PALM(393,2133)* [filtered=4354]
cnt=2 s0=PALM(4296,2077)* s1=PALM(393,2133)* [filtered=4355]
cnt=2 s0=PALM(4296,2077)* s1=PALM(393,2133)* [filtered=4356]
cnt=2 s0=PALM(4296,2077)* s1=PALM(393,2133)* [filtered=4357]
cnt=2 s0=PALM(4296,2077)* s1=PALM(393,2133)* [filtered=4358]
cnt=2 s0=PALM(4296,2077)* s1=PALM(393,2133)* [filtered=4359]
cnt=2 s0=PALM(4296,2077)* s1=PALM(393,2133)* [filtered=4360]
cnt=2 s0=PALM(4296,2077)* s1=PALM(393,2133)* [filtered=4361]
cnt=2 s0=PALM(4296,2077)* s1=PALM(393,2133)* [filtered=4362]
cnt=2 s0=PALM(4296,2077)* s1=PALM(393,2133)* [filtered=4363]
cnt=2 s0=PALM(4296,2077)* s1=PALM(393,2133)* [filtered=4364]
cnt=2 s0=PALM(4296,2077)* s1=PALM(393,2133)* [filtered=4365]
cnt=2 s0=PALM(4296,2077)* s1=PALM(393,2133)* [filtered=4366]
cnt=2 s0=PALM(4296,2077)* s1=PALM(393,2133)* [filtered=4367]
cnt=2 s0=PALM(4296,2077)* s1=PALM(393,2133)* [filtered=4368]
cnt=2 s0=PALM(4296,2077)* s1=PALM(393,2133)* [filtered=4369]
cnt=2 s0=PALM(4296,2077)* s1=PALM(393,2133)* [filtered=4370]
cnt=2 s0=PALM(4296,2077)* s1=PALM(393,2133)* [filtered=4371]
cnt=2 s0=PALM(4296,2077)* s1=PALM(393,2133)* [filtered=4372]
cnt=2 s0=PALM(4296,2077)* s1=PALM(393,2133)* [filtered=4373]
cnt=2 s0=PALM(4296,2077)* s1=PALM(393,2133)* [filtered=4374]
cnt=2 s0=PALM(4296,2077)* s1=PALM(393,2133)* [filtered=4375]
cnt=2 s0=PALM(4296,2077)* s1=PALM(393,2133)* [filtered=4376]
cnt=2 s0=PALM(4296,2077)* s1=PALM(393,2133)* [filtered=4377]
cnt=2 s0=PALM(4296,2077)* s1=PALM(393,2133)* [filtered=4378]
cnt=2 s0=PALM(4296,2077)* s1=PALM(393,2133)* [filtered=4379]
cnt=2 s0=PALM(4296,2077)* s1=PALM(393,2133)* [filtered=4380]
cnt=2 s0=PALM(4296,2077)* s1=PALM(393,2133)* [filtered=4381]
cnt=2 s0=PALM(4296,2077)* s1=PALM(393,2133)* [filtered=4382]
cnt=2 s0=PALM(4296,2077)* s1=PALM(393,2133)* [filtered=4383]
cnt=2 s0=PALM(4296,2077)* s1=PALM(393,2133)* [filtered=4384]
cnt=2 s0=PALM(4296,2077)* s1=PALM(393,2133)* [filtered=4385]
cnt=2 s0=PALM(4296,2077)* s1=PALM(393,2133)* [filtered=4386]
cnt=2 s0=PALM(4296,2077)* s1=PALM(393,2133)* [filtered=4387]
cnt=2 s0=PALM(4296,2077)* s1=PALM(393,2133)* [filtered=4388]
cnt=2 s0=PALM(4296,2077)* s1=PALM(393,2133)* [filtered=4389]
cnt=2 s0=PALM(4296,2077)* s1=PALM(393,2133)* [filtered=4390]
cnt=2 s0=PALM(4296,2077)* s1=PALM(393,2133)* [filtered=4391]
cnt=2 s0=PALM(4296,2077)* s1=PALM(393,2133)* [filtered=4392]
cnt=2 s0=PALM(4296,2077)* s1=PALM(393,2133)* [filtered=4393]
cnt=2 s0=PALM(4296,2077)* s1=PALM(393,2133)* [filtered=4394]
cnt=2 s0=PALM(4296,2077)* s1=PALM(393,2133)* [filtered=4395]
cnt=2 s0=PALM(4296,2077)* s1=PALM(393,2133)* [filtered=4396]
cnt=2 s0=PALM(4296,2077)* s1=PALM(393,2133)* [filtered=4397]
cnt=2 s0=PALM(4296,2077)* s1=PALM(393,2133)* [filtered=4398]
cnt=2 s0=PALM(4296,2077)* s1=PALM(393,2133)* [filtered=4399]
cnt=2 s0=PALM(4296,2077)* s1=PALM(393,2133)* [filtered=4400]
cnt=2 s0=PALM(4296,2077)* s1=PALM(393,2133)* [filtered=4401]
cnt=2 s0=PALM(4296,2077)* s1=PALM(393,2133)* [filtered=4402]
cnt=2 s0=PALM(4296,2077)* s1=PALM(393,2133)* [filtered=4403]
cnt=2 s0=PALM(4296,2077)* s1=PALM(393,2133)* [filtered=4404]
cnt=2 s0=PALM(4296,2077)* s1=PALM(393,2133)* [filtered=4405]
cnt=2 s0=PALM(4296,2077)* s1=PALM(393,2133)* [filtered=4406]
cnt=2 s0=PALM(4296,2077)* s1=PALM(393,2133)* [filtered=4407]
cnt=2 s0=PALM(4296,2077)* s1=PALM(393,2133)* [filtered=4408]
cnt=2 s0=PALM(4296,2077)* s1=PALM(393,2133)* [filtered=4409]
cnt=2 s0=PALM(4296,2077)* s1=PALM(393,2133)* [filtered=4410]
cnt=2 s0=PALM(4296,2077)* s1=PALM(393,2133)* [filtered=4411]
cnt=2 s0=PALM(4296,2077)* s1=PALM(393,2133)* [filtered=4412]
cnt=2 s0=PALM(4296,2077)* s1=PALM(393,2133)* [filtered=4413]
cnt=2 s0=PALM(4296,2077)* s1=PALM(393,2133)* [filtered=4414]
cnt=2 s0=PALM(4296,2077)* s1=PALM(393,2133)* [filtered=4415]
cnt=2 s0=PALM(4296,2077)* s1=PALM(393,2133)* [filtered=4416]
cnt=2 s0=PALM(4296,2077)* s1=PALM(393,2133)* [filtered=4417]
cnt=2 s0=PALM(4296,2077)* s1=PALM(393,2133)* [filtered=4418]
cnt=2 s0=PALM(4296,2077)* s1=PALM(393,2133)* [filtered=4419]
cnt=2 s0=PALM(4296,2077)* s1=PALM(393,2133)* [filtered=4420]
cnt=2 s0=PALM(4296,2077)* s1=PALM(393,2133)* [filtered=4421]
cnt=2 s0=PALM(4296,2077)* s1=PALM(393,2133)* [filtered=4422]
cnt=2 s0=PALM(4296,2077)* s1=PALM(393,2133)* [filtered=4423]
cnt=2 s0=PALM(4296,2077)* s1=PALM(393,2133)* [filtered=4424]
cnt=2 s0=PALM(4296,2077)* s1=PALM(393,2133)* [filtered=4425]
cnt=2 s0=PALM(4296,2077)* s1=PALM(393,2133)* [filtered=4426]
cnt=2 s0=PALM(4296,2077)* s1=PALM(393,2133)* [filtered=4427]
cnt=2 s0=PALM(4296,2077)* s1=PALM(393,2133)* [filtered=4428]
cnt=2 s0=PALM(4296,2077)* s1=PALM(393,2133)* [filtered=4429]
cnt=2 s0=PALM(4296,2077)* s1=PALM(393,2133)* [filtered=4430]
cnt=2 s0=PALM(4296,2077)* s1=PALM(393,2133)* [filtered=4431]
cnt=2 s0=PALM(4296,2077)* s1=PALM(393,2133)* [filtered=4432]
cnt=2 s0=PALM(4296,2077)* s1=PALM(393,2133)* [filtered=4433]
cnt=2 s0=PALM(4296,2077)* s1=PALM(393,2133)* [filtered=4434]
cnt=2 s0=PALM(4296,2077)* s1=PALM(393,2133)* [filtered=4435]
cnt=2 s0=PALM(4296,2077)* s1=PALM(393,2133)* [filtered=4436]
cnt=2 s0=PALM(4296,2077)* s1=PALM(393,2133)* [filtered=4437]
cnt=2 s0=PALM(4296,2077)* s1=PALM(393,2133)* [filtered=4438]
cnt=2 s0=PALM(4296,2077)* s1=PALM(393,2133)* [filtered=4439]
cnt=2 s0=PALM(4296,2077)* s1=PALM(393,2133)* [filtered=4440]
cnt=2 s0=PALM(4296,2077)* s1=PALM(393,2133)* [filtered=4441]
cnt=2 s0=PALM(4296,2077)* s1=PALM(393,2133)* [filtered=4442]
cnt=2 s0=PALM(4296,2077)* s1=PALM(392,2133)* [filtered=4443]
cnt=2 s0=PALM(4296,2077)* s1=PALM(392,2133)* [filtered=4444]
cnt=2 s0=PALM(4296,2077)* s1=PALM(392,2133)* [filtered=4445]
cnt=2 s0=PALM(4296,2077)* s1=PALM(391,2133)* [filtered=4446]
cnt=2 s0=PALM(4297,2077)* s1=PALM(390,2133)* [filtered=4447]
cnt=2 s0=PALM(4297,2077)* s1=PALM(390,2133)* [filtered=4448]
cnt=2 s0=PALM(4298,2077)* s1=PALM(389,2133)* [filtered=4449]
cnt=2 s0=PALM(4299,2077)* s1=PALM(388,2133)* [filtered=4450]
cnt=2 s0=PALM(4300,2077)* s1=PALM(387,2133)* [filtered=4451]
cnt=2 s0=PALM(4301,2077)* s1=PALM(386,2133)* [filtered=4452]
cnt=2 s0=PALM(4303,2078)* s1=PALM(384,2133)* [filtered=4453]
cnt=2 s0=PALM(4304,2078)* s1=PALM(383,2133)* [filtered=4454]
cnt=2 s0=PALM(4306,2078)* s1=PALM(382,2133)* [filtered=4455]
cnt=2 s0=PALM(4309,2079) s1=PALM(379,2133)* [filtered=4456]
cnt=2 s0=PALM(4314,2081) s1=PALM(376,2134) [filtered=4457]
cnt=2 s0=PALM(4321,2083) s1=PALM(371,2135) [filtered=4458]
cnt=2 s0=PALM(4327,2084) s1=PALM(367,2135) [filtered=4459]
cnt=2 s0=PALM(4335,2087) s1=PALM(362,2136) [filtered=4460]
cnt=2 s0=PALM(4345,2091) s1=PALM(355,2137) [filtered=4461]
cnt=2 s0=PALM(4357,2095) s1=PALM(347,2138) [filtered=4462]
cnt=2 s0=PALM(4369,2100) s1=PALM(336,2139) [filtered=4463]
cnt=2 s0=PALM(4380,2104) s1=PALM(326,2140) [filtered=4464]
cnt=2 s0=PALM(4380,2104) s1=PALM(326,2140) [filtered=4465]
cnt=2 s0=fng (3212,1219) s1=fng (2787,2165) [filtered=4465]
cnt=2 s0=fng (3212,1219) s1=fng (2787,2165) [filtered=4465]
cnt=2 s0=fng (3212,1219) s1=fng (2787,2165) [filtered=4465]
cnt=2 s0=fng (3212,1219) s1=fng (2787,2165) [filtered=4465]
cnt=2 s0=fng (3212,1219) s1=fng (2787,2165) [filtered=4465]
cnt=2 s0=fng (3212,1219) s1=fng (2787,2165) [filtered=4465]
cnt=2 s0=fng (3212,1219) s1=fng (2787,2165) [filtered=4465]
cnt=2 s0=fng (3212,1219) s1=fng (2787,2165) [filtered=4465]
cnt=2 s0=fng (3212,1219) s1=fng (2787,2165) [filtered=4465]
cnt=2 s0=fng (3212,1219) s1=fng (2787,2165) [filtered=4465]
cnt=2 s0=fng (3212,1219) s1=fng (2787,2165) [filtered=4465]
cnt=2 s0=fng (3212,1219) s1=fng (2787,2165) [filtered=4465]
cnt=2 s0=fng (3212,1219) s1=fng (2787,2165) [filtered=4465]
cnt=2 s0=fng (3212,1219) s1=fng (2787,2165) [filtered=4465]
cnt=2 s0=fng (3212,1219) s1=fng (2787,2165) [filtered=4465]
cnt=2 s0=fng (3212,1219) s1=fng (2787,2165) [filtered=4465]
cnt=2 s0=fng (3212,1219) s1=fng (2787,2165) [filtered=4465]
cnt=2 s0=fng (3212,1219) s1=fng (2787,2165) [filtered=4465]
cnt=2 s0=fng (3212,1219) s1=fng (2787,2165) [filtered=4465]
cnt=2 s0=fng (3212,1219) s1=fng (2787,2165) [filtered=4465]
cnt=2 s0=fng (3212,1219)* s1=fng (2787,2165)* [filtered=4465]
cnt=2 s0=fng (3212,1219)* s1=fng (2787,2165)* [filtered=4465]
cnt=2 s0=fng (3212,1219)* s1=fng (2787,2165)* [filtered=4465]
cnt=2 s0=fng (3212,1219)* s1=fng (2787,2165)* [filtered=4465]
cnt=1 s1=fng (2787,2165)* [filtered=4465]
cnt=1 s1=fng (2787,2165)* [filtered=4465]
cnt=1 s0=fng (4212,1882) [filtered=4465]
cnt=1 s0=fng (4212,1882) [filtered=4465]
cnt=1 s0=fng (4212,1882) [filtered=4465]
cnt=1 s0=fng (4212,1882) [filtered=4465]
cnt=1 s0=fng (4212,1882) [filtered=4465]
cnt=1 s0=fng (4212,1882) [filtered=4465]
cnt=1 s0=fng (4212,1882) [filtered=4465]
cnt=1 s0=fng (4212,1882) [filtered=4465]
cnt=1 s0=fng (4212,1882) [filtered=4465]
cnt=1 s0=fng (4212,1882) [filtered=4465]
cnt=1 s0=fng (4212,1882) [filtered=4465]
cnt=1 s0=fng (4212,1882) [filtered=4465]
cnt=1 s0=fng (4212,1882) [filtered=4465]
cnt=1 s0=fng (4212,1882) [filtered=4465]
cnt=1 s0=fng (4212,1882) [filtered=4465]
cnt=1 s0=fng (4212,1882) [filtered=4465]
cnt=1 s0=fng (4212,1882) [filtered=4465]
cnt=1 s0=fng (4212,1882) [filtered=4465]
cnt=1 s0=fng (4212,1882) [filtered=4465]
cnt=1 s0=fng (4212,1882) [filtered=4465]
cnt=1 s0=fng (4212,1882)* [filtered=4465]
cnt=1 s0=fng (4212,1882)* [filtered=4465]
cnt=1 s0=fng (4212,1882)* [filtered=4465]
cnt=1 s0=fng (4212,1882)* [filtered=4465]
cnt=1 s0=fng (4212,1882)* [filtered=4465]
cnt=1 s0=fng (4212,1882)* [filtered=4465]
cnt=1 s0=fng (4212,1882)* [filtered=4465]
cnt=1 s0=fng (4212,1882)* [filtered=4465]
cnt=1 s0=fng (4212,1882)* [filtered=4465]
cnt=1 s0=fng (4212,1882)* [filtered=4465]
cnt=1 s0=fng (4212,1882)* [filtered=4465]
cnt=1 s0=fng (4212,1882)* [filtered=4465]
cnt=1 s0=fng (4212,1882)* [filtered=4465]
cnt=1 s0=fng (4212,1882)* [filtered=4465]
cnt=1 s0=fng (4212,1882)* [filtered=4465]
cnt=1 s0=fng (4212,1882)* [filtered=4465]
cnt=1 s0=fng (4212,1882)* [filtered=4465]
cnt=1 s0=fng (4212,1882)* [filtered=4465]
cnt=1 s0=fng (4212,1882)* [filtered=4465]
cnt=1 s0=fng (4212,1882)* [filtered=4465]
cnt=1 s0=fng (4212,1882)* [filtered=4465]
cnt=1 s0=fng (4212,1882)* [filtered=4465]
cnt=1 s0=fng (4212,1882)* [filtered=4465]
cnt=1 s0=fng (4212,1882)* [filtered=4465]
cnt=1 s0=fng (4212,1882)* [filtered=4465]
cnt=1 s0=fng (4212,1882)* [filtered=4465]
cnt=1 s0=fng (4212,1882)* [filtered=4465]
cnt=1 s0=fng (4212,1882)* [filtered=4465]
cnt=1 s0=fng (4212,1882)* [filtered=4465]
cnt=1 s0=fng (4212,1882)* [filtered=4465]
cnt=1 s0=fng (4212,1882)* [filtered=4465]
cnt=1 s0=fng (4212,1882)* [filtered=4465]
cnt=1 s0=fng (4212,1882)* [filtered=4465]
cnt=1 s0=fng (4212,1882)* [filtered=4465]
cnt=1 s0=fng (4212,1882)* [filtered=4465]
cnt=1 s0=fng (4212,1882)* [filtered=4465]
cnt=1 s0=fng (4212,1882)* [filtered=4465]
cnt=1 s0=fng (4212,1882)* [filtered=4465]
cnt=1 s0=fng (4212,1882)* [filtered=4465]
cnt=1 s0=fng (4212,1882)* [filtered=4465]
cnt=1 s0=fng (4212,1882)* [filtered=4465]
cnt=1 s0=fng (4212,1882)* [filtered=4465]
cnt=1 s0=fng (4212,1882)* [filtered=4465]
cnt=1 s0=fng (4212,1882)* [filtered=4465]
cnt=1 s0=fng (4212,1882)* [filtered=4465]
cnt=1 s0=fng (4212,1882)* [filtered=4465]
cnt=1 s0=fng (4212,1882)* [filtered=4465]
cnt=1 s0=fng (4212,1882)* [filtered=4465]
cnt=1 s0=fng (4212,1882)* [filtered=4465]
cnt=1 s0=fng (4212,1882)* [filtered=4465]
cnt=1 s0=fng (4212,1882)* [filtered=4465]
cnt=1 s0=fng (4212,1882)* [filtered=4465]
cnt=1 s0=fng (4212,1882)* [filtered=4465]
cnt=1 s0=fng (4212,1882)* [filtered=4465]
cnt=1 s0=fng (4212,1882)* [filtered=4465]
cnt=1 s0=fng (4212,1882)* [filtered=4465]
cnt=1 s0=fng (4212,1882)* [filtered=4465]
cnt=1 s0=fng (4212,1882)* [filtered=4465]
cnt=1 s0=fng (4212,1882)* [filtered=4465]
cnt=1 s0=fng (4212,1882)* [filtered=4465]
cnt=1 s0=fng (4212,1882)* [filtered=4465]
cnt=1 s0=fng (4212,1882)* [filtered=4465]
cnt=1 s0=fng (4212,1882)* [filtered=4465]
cnt=1 s0=fng (4212,1882)* [filtered=4465]
cnt=1 s0=fng (4212,1882)* [filtered=4465]
cnt=1 s0=fng (4212,1882)* [filtered=4465]
cnt=1 s0=fng (4212,1882)* [filtered=4465]
cnt=1 s0=fng (4212,1882)* [filtered=4465]
cnt=1 s0=fng (4212,1882)* [filtered=4465]
cnt=1 s0=fng (4212,1882)* [filtered=4465]
cnt=1 s0=fng (4212,1882)* [filtered=4465]
cnt=1 s0=fng (4212,1882)* [filtered=4465]
cnt=1 s0=fng (4212,1882)* [filtered=4465]
cnt=1 s0=fng (4212,1882)* [filtered=4465]
cnt=1 s0=fng (4211,1882)* [filtered=4465]
cnt=1 s0=fng (4211,1882)* [filtered=4465]
cnt=1 s0=fng (4210,1882)* [filtered=4465]
cnt=1 s0=fng (4722,1806) [filtered=4465]
cnt=1 s0=fng (4722,1806) [filtered=4465]
cnt=1 s0=fng (4718,1804) [filtered=4465]
cnt=1 s0=fng (4712,1801) [filtered=4465]
cnt=1 s0=fng (4706,1797) [filtered=4465]
cnt=1 s0=fng (4699,1793) [filtered=4465]
cnt=1 s0=fng (4693,1791) [filtered=4465]
cnt=1 s0=fng (4687,1788) [filtered=4465]
cnt=1 s0=fng (4682,1785) [filtered=4465]
cnt=1 s0=fng (4679,1781) [filtered=4465]
cnt=1 s0=fng (4677,1778) [filtered=4465]
cnt=1 s0=fng (4676,1776) [filtered=4465]
cnt=1 s0=fng (4676,1773) [filtered=4465]
cnt=1 s0=fng (4675,1769) [filtered=4465]
cnt=1 s0=fng (4674,1766) [filtered=4465]
cnt=1 s0=fng (4674,1763) [filtered=4465]
cnt=1 s0=fng (4674,1761) [filtered=4465]
cnt=1 s0=fng (4674,1759) [filtered=4465]
cnt=1 s0=fng (4674,1756) [filtered=4465]
cnt=1 s0=fng (4673,1753) [filtered=4465]
cnt=1 s0=fng (4672,1750) [filtered=4465]
cnt=1 s0=fng (4671,1748) [filtered=4465]
cnt=1 s0=fng (4669,1746) [filtered=4465]
cnt=1 s0=fng (4666,1744) [filtered=4465]
cnt=1 s0=fng (4662,1741) [filtered=4465]
cnt=1 s0=fng (4659,1739) [filtered=4465]
cnt=1 s0=fng (4654,1737) [filtered=4465]
cnt=1 s0=fng (4649,1736) [filtered=4465]
cnt=1 s0=fng (4644,1734) [filtered=4465]
cnt=1 s0=fng (4638,1732) [filtered=4465]
cnt=1 s0=fng (4633,1731) [filtered=4465]
cnt=1 s0=fng (4628,1730) [filtered=4465]
cnt=1 s0=fng (4623,1729) [filtered=4465]
cnt=1 s0=fng (4618,1727) [filtered=4465]
cnt=1 s0=fng (4614,1726) [filtered=4465]
cnt=1 s0=fng (4610,1725) [filtered=4465]
cnt=1 s0=fng (4607,1724) [filtered=4465]
cnt=1 s0=fng (4605,1723) [filtered=4465]
cnt=1 s0=fng (4604,1722) [filtered=4465]
cnt=1 s0=fng (4603,1721) [filtered=4465]
cnt=1 s0=fng (4601,1721) [filtered=4465]
cnt=1 s0=fng (4600,1720) [filtered=4465]
cnt=1 s0=fng (4599,1720) [filtered=4465]
cnt=1 s0=fng (4598,1719) [filtered=4465]
cnt=1 s0=fng (4597,1719) [filtered=4465]
cnt=1 s0=fng (4596,1719) [filtered=4465]
cnt=1 s0=fng (4595,1719) [filtered=4465]
cnt=1 s0=fng (4595,1719) [filtered=4465]
cnt=1 s0=fng (4594,1719) [filtered=4465]
cnt=1 s0=fng (4594,1719) [filtered=4465]
cnt=1 s0=fng (4594,1719) [filtered=4465]
cnt=1 s0=fng (4593,1719) [filtered=4465]
cnt=1 s0=fng (4592,1720) [filtered=4465]
cnt=1 s0=fng (4592,1720) [filtered=4465]
cnt=1 s0=fng (4592,1720) [filtered=4465]
cnt=1 s0=fng (4591,1721) [filtered=4465]
cnt=1 s0=fng (4591,1722)* [filtered=4465]
cnt=1 s0=fng (4590,1723)* [filtered=4465]
cnt=1 s0=fng (4590,1724)* [filtered=4465]
cnt=1 s0=fng (4590,1725)* [filtered=4465]
cnt=1 s0=fng (4590,1727)* [filtered=4465]
cnt=1 s0=fng (4591,1729)* [filtered=4465]
cnt=1 s0=fng (4592,1732) [filtered=4465]
cnt=1 s0=fng (4593,1734) [filtered=4465]
cnt=1 s0=fng (4594,1737) [filtered=4465]
cnt=1 s0=fng (4596,1741) [filtered=4465]
cnt=1 s0=fng (4598,1745) [filtered=4465]
cnt=1 s0=fng (4601,1748) [filtered=4465]
cnt=1 s0=fng (4604,1752) [filtered=4465]
cnt=1 s0=fng (4605,1754) [filtered=4465]
cnt=1 s0=fng (47,1663) [filtered=4465]
cnt=1 s0=fng (47,1663) [filtered=4465]
cnt=1 s0=fng (47,1663) [filtered=4465]
cnt=1 s0=fng (47,1663) [filtered=4465]
cnt=1 s0=fng (47,1663) [filtered=4465]
cnt=1 s0=fng (47,1663) [filtered=4465]
cnt=1 s0=fng (47,1663) [filtered=4465]
cnt=1 s0=fng (47,1663) [filtered=4465]
cnt=1 s0=fng (47,1663) [filtered=4465]
cnt=1 s0=fng (47,1663) [filtered=4465]
cnt=1 s0=fng (47,1664) [filtered=4465]
cnt=1 s0=fng (47,1665) [filtered=4465]
cnt=1 s0=fng (47,1666) [filtered=4465]
cnt=1 s0=fng (47,1668) [filtered=4465]
cnt=1 s0=fng (47,1669) [filtered=4465]
cnt=1 s0=fng (47,1671) [filtered=4465]
cnt=1 s0=fng (47,1673) [filtered=4465]
cnt=1 s0=fng (47,1675) [filtered=4465]
cnt=1 s0=fng (1209,268) [filtered=4465]
cnt=2 s0=fng (1209,268) s1=PALM(102,1937) [filtered=4466]
cnt=2 s0=fng (1209,269) s1=PALM(102,1936) [filtered=4467]
cnt=2 s0=fng (1209,269) s1=PALM(102,1936) [filtered=4468]
cnt=2 s0=fng (1210,270) s1=PALM(102,1936) [filtered=4469]
cnt=2 s0=fng (1211,271) s1=PALM(103,1935) [filtered=4470]
cnt=2 s0=fng (1212,272) s1=PALM(104,1935) [filtered=4471]
cnt=2 s0=fng (1213,274) s1=PALM(106,1935) [filtered=4472]
cnt=2 s0=fng (1213,275) s1=PALM(107,1935) [filtered=4473]
cnt=2 s0=fng (1214,276) s1=PALM(109,1935) [filtered=4474]
cnt=2 s0=fng (1215,278) s1=PALM(111,1935) [filtered=4475]
cnt=2 s0=fng (1217,280) s1=PALM(114,1935) [filtered=4476]
cnt=2 s0=fng (1218,281) s1=PALM(116,1935) [filtered=4477]
cnt=2 s0=fng (1219,283) s1=PALM(119,1935) [filtered=4478]
cnt=2 s0=fng (1220,285) s1=PALM(122,1935) [filtered=4479]
cnt=2 s0=fng (1222,287) s1=PALM(124,1935) [filtered=4480]
cnt=2 s0=fng (1224,289) s1=PALM(126,1936) [filtered=4481]
cnt=2 s0=fng (1225,290) s1=PALM(126,1937) [filtered=4482]
cnt=2 s0=fng (1226,291) s1=PALM(127,1938) [filtered=4483]
cnt=2 s0=fng (1228,293) s1=PALM(128,1939) [filtered=4484]
cnt=2 s0=fng (1230,295) s1=PALM(128,1941) [filtered=4485]
cnt=2 s0=fng (1233,297) s1=PALM(128,1942)* [filtered=4486]
cnt=2 s0=fng (1234,298) s1=PALM(128,1943)* [filtered=4487]
cnt=2 s0=fng (1236,299) s1=PALM(128,1944)* [filtered=4488]
cnt=2 s0=fng (1238,301) s1=PALM(129,1945)* [filtered=4489]
cnt=2 s0=fng (1240,302) s1=PALM(130,1946)* [filtered=4490]
cnt=2 s0=fng (1241,303) s1=PALM(130,1947)* [filtered=4491]
cnt=2 s0=fng (1243,304) s1=PALM(131,1948)* [filtered=4492]
cnt=2 s0=fng (1246,306) s1=PALM(133,1949)* [filtered=4493]
cnt=2 s0=fng (1249,308) s1=PALM(135,1950)* [filtered=4494]
cnt=2 s0=fng (1252,310) s1=PALM(136,1952)* [filtered=4495]
cnt=2 s0=fng (1254,311) s1=PALM(137,1953)* [filtered=4496]
cnt=2 s0=fng (1256,313) s1=PALM(138,1954)* [filtered=4497]
cnt=2 s0=fng (1258,314) s1=PALM(138,1954)* [filtered=4498]
cnt=2 s0=fng (1260,315) s1=PALM(138,1955)* [filtered=4499]
cnt=2 s0=fng (1262,316) s1=PALM(138,1955)* [filtered=4500]
cnt=2 s0=fng (1263,316) s1=PALM(138,1955)* [filtered=4501]
cnt=2 s0=fng (1264,316) s1=PALM(138,1956)* [filtered=4502]
cnt=2 s0=fng (1265,316) s1=PALM(138,1957)* [filtered=4503]
cnt=2 s0=fng (1266,316) s1=PALM(137,1957)* [filtered=4504]
cnt=2 s0=fng (1266,316) s1=PALM(137,1957)* [filtered=4505]
cnt=2 s0=fng (1267,316) s1=PALM(136,1958)* [filtered=4506]
cnt=2 s0=fng (1267,316) s1=PALM(135,1958)* [filtered=4507]
cnt=2 s0=fng (1267,316) s1=PALM(134,1959)* [filtered=4508]
cnt=2 s0=fng (1267,316) s1=PALM(133,1959)* [filtered=4509]
cnt=2 s0=fng (1267,316) s1=PALM(133,1959)* [filtered=4510]
cnt=2 s0=fng (1267,317) s1=PALM(132,1959)* [filtered=4511]
cnt=2 s0=fng (1267,317) s1=PALM(131,1960)* [filtered=4512]
cnt=2 s0=fng (1267,317) s1=PALM(131,1961)* [filtered=4513]
cnt=2 s0=fng (1267,318) s1=PALM(131,1961)* [filtered=4514]
cnt=2 s0=fng (1267,318) s1=PALM(131,1961)* [filtered=4515]
cnt=2 s0=fng (1267,319) s1=PALM(131,1962)* [filtered=4516]
cnt=2 s0=fng (1267,320)* s1=PALM(132,1962)* [filtered=4517]
cnt=2 s0=fng (1267,321)* s1=PALM(133,1963)* [filtered=4518]
cnt=2 s0=fng (1267,321)* s1=PALM(134,1963)* [filtered=4519]
cnt=2 s0=fng (1267,322)* s1=PALM(134,1963)* [filtered=4520]
cnt=2 s0=fng (1267,324)* s1=PALM(135,1964)* [filtered=4521]
cnt=2 s0=fng (1267,325)* s1=PALM(136,1965)* [filtered=4522]
cnt=2 s0=fng (1267,327)* s1=PALM(138,1965)* [filtered=4523]
cnt=2 s0=fng (1267,328)* s1=PALM(139,1965)* [filtered=4524]
cnt=2 s0=fng (1267,329)* s1=PALM(141,1966)* [filtered=4525]
cnt=2 s0=fng (1267,331)* s1=PALM(143,1967)* [filtered=4526]
cnt=2 s0=fng (1267,333)* s1=PALM(145,1968)* [filtered=4527]
cnt=2 s0=fng (1266,335)* s1=PALM(147,1969)* [filtered=4528]
cnt=2 s0=fng (1266,336)* s1=PALM(148,1970)* [filtered=4529]
cnt=2 s0=fng (1266,337)* s1=PALM(151,1970)* [filtered=4530]
cnt=2 s0=fng (1265,339)* s1=PALM(153,1971)* [filtered=4531]
cnt=2 s0=fng (1264,341)* s1=PALM(155,1972)* [filtered=4532]
cnt=2 s0=fng (1264,342)* s1=PALM(156,1972)* [filtered=4533]
cnt=2 s0=fng (1264,343)* s1=PALM(159,1973) [filtered=4534]
cnt=2 s0=fng (1263,345)* s1=PALM(160,1974) [filtered=4535]
cnt=2 s0=fng (1263,347)* s1=PALM(161,1975) [filtered=4536]
cnt=2 s0=fng (1262,348)* s1=PALM(163,1976) [filtered=4537]
cnt=2 s0=fng (1262,349)* s1=PALM(164,1977) [filtered=4538]
cnt=2 s0=fng (1261,350)* s1=PALM(165,1978) [filtered=4539]
cnt=2 s0=fng (1260,352)* s1=PALM(166,1979) [filtered=4540]
cnt=2 s0=fng (1259,354)* s1=PALM(167,1980) [filtered=4541]
cnt=2 s0=fng (1258,355)* s1=PALM(168,1981) [filtered=4542]
cnt=2 s0=fng (1257,356)* s1=PALM(168,1981) [filtered=4543]
cnt=2 s0=fng (1256,357)* s1=PALM(169,1982) [filtered=4544]
cnt=2 s0=fng (1255,359)* s1=PALM(170,1983) [filtered=4545]
cnt=2 s0=fng (1254,360)* s1=PALM(171,1984) [filtered=4546]
cnt=2 s0=fng (1254,361)* s1=PALM(171,1985) [filtered=4547]
cnt=2 s0=fng (1253,362)* s1=PALM(172,1986) [filtered=4548]
cnt=2 s0=fng (1252,363)* s1=PALM(173,1987) [filtered=4549]
cnt=2 s0=fng (1250,365) s1=PALM(174,1988) [filtered=4550]
cnt=2 s0=fng (1249,366) s1=PALM(175,1990) [filtered=4551]
cnt=2 s0=fng (1248,367) s1=PALM(176,1991) [filtered=4552]
cnt=2 s0=fng (1247,368) s1=PALM(177,1992) [filtered=4553]
cnt=2 s0=fng (1246,369) s1=PALM(178,1993)* [filtered=4554]
cnt=2 s0=fng (1244,370) s1=PALM(179,1994)* [filtered=4555]
cnt=2 s0=fng (1242,371) s1=PALM(180,1995)* [filtered=4556]
cnt=2 s0=fng (1241,372) s1=PALM(180,1996)* [filtered=4557]
cnt=3 s0=fng (1240,373) s1=PALM(181,1997)* s2=PALM(4587,1836) [filtered=4558]
cnt=3 s0=fng (1239,374) s1=PALM(182,1998)* s2=PALM(4587,1836) [filtered=4559]
cnt=3 s0=fng (1238,374) s1=PALM(183,1999)* s2=PALM(4587,1836) [filtered=4560]
cnt=3 s0=fng (1237,375) s1=PALM(183,2000)* s2=PALM(4586,1836) [filtered=4561]
cnt=3 s0=fng (1236,375) s1=PALM(184,2000)* s2=PALM(4583,1835) [filtered=4562]
cnt=3 s0=fng (1234,375) s1=PALM(184,2001)* s2=PALM(4579,1834) [filtered=4563]
cnt=3 s0=fng (1233,375) s1=PALM(184,2001)* s2=PALM(4575,1833) [filtered=4564]
cnt=3 s0=fng (1232,375) s1=PALM(184,2002)* s2=PALM(4568,1831) [filtered=4565]
cnt=3 s0=fng (1230,375) s1=PALM(185,2003)* s2=PALM(4559,1828) [filtered=4566]
cnt=3 s0=fng (1229,375) s1=PALM(185,2003)* s2=PALM(4550,1827) [filtered=4567]
cnt=3 s0=fng (1227,375) s1=PALM(186,2004)* s2=PALM(4540,1825) [filtered=4568]
cnt=3 s0=fng (1224,375) s1=PALM(186,2005)* s2=PALM(4530,1823) [filtered=4569]
cnt=3 s0=fng (1221,374) s1=PALM(187,2006)* s2=PALM(4520,1821) [filtered=4570]
cnt=3 s0=fng (1220,374) s1=PALM(187,2006)* s2=PALM(4511,1820) [filtered=4571]
cnt=3 s0=fng (1218,374) s1=PALM(187,2007)* s2=PALM(4502,1819) [filtered=4572]
cnt=3 s0=fng (1215,374) s1=PALM(187,2008)* s2=PALM(4493,1817) [filtered=4573]
cnt=3 s0=fng (1212,374) s1=PALM(188,2008)* s2=PALM(4485,1816) [filtered=4574]
cnt=3 s0=fng (1211,374) s1=PALM(188,2008)* s2=PALM(4478,1815) [filtered=4575]
cnt=3 s0=fng (1209,374) s1=PALM(188,2009)* s2=PALM(4472,1815) [filtered=4576]
cnt=3 s0=fng (1206,374) s1=PALM(188,2010)* s2=PALM(4466,1814) [filtered=4577]
cnt=3 s0=fng (1205,374) s1=PALM(188,2010)* s2=PALM(4461,1814) [filtered=4578]
cnt=3 s0=fng (1203,374) s1=PALM(189,2010)* s2=PALM(4457,1814) [filtered=4579]
cnt=3 s0=fng (1200,374) s1=PALM(189,2011)* s2=PALM(4454,1814) [filtered=4580]
cnt=3 s0=fng (1197,374) s1=PALM(189,2012)* s2=PALM(4450,1814) [filtered=4581]
cnt=3 s0=fng (1196,374) s1=PALM(189,2012)* s2=PALM(4447,1814) [filtered=4582]
cnt=3 s0=fng (1194,374) s1=PALM(190,2013)* s2=PALM(4445,1814) [filtered=4583]
cnt=3 s0=fng (1191,373) s1=PALM(190,2014)* s2=PALM(4443,1814) [filtered=4584]
cnt=3 s0=fng (1188,373) s1=PALM(191,2014)* s2=PALM(4440,1814) [filtered=4585]
cnt=3 s0=fng (1186,373) s1=PALM(191,2014)* s2=PALM(4438,1814) [filtered=4586]
cnt=3 s0=fng (1184,373) s1=PALM(191,2015)* s2=PALM(4437,1814) [filtered=4587]
cnt=3 s0=fng (1182,373) s1=PALM(191,2015)* s2=PALM(4436,1814) [filtered=4588]
cnt=3 s0=fng (1179,373) s1=PALM(192,2016)* s2=PALM(4434,1814) [filtered=4589]
cnt=3 s0=fng (1178,373) s1=PALM(192,2016)* s2=PALM(4433,1814) [filtered=4590]
cnt=3 s0=fng (1176,372) s1=PALM(192,2017)* s2=PALM(4431,1814) [filtered=4591]
cnt=3 s0=fng (1173,372) s1=PALM(192,2017)* s2=PALM(4429,1814) [filtered=4592]
cnt=3 s0=fng (1170,371) s1=PALM(192,2018)* s2=PALM(4427,1813) [filtered=4593]
cnt=3 s0=fng (1169,371) s1=PALM(192,2018)* s2=PALM(4426,1813) [filtered=4594]
cnt=3 s0=fng (1167,370) s1=PALM(192,2018)* s2=PALM(4424,1812) [filtered=4595]
cnt=3 s0=fng (1164,370) s1=PALM(192,2018)* s2=PALM(4423,1812) [filtered=4596]
cnt=3 s0=fng (1162,370) s1=PALM(192,2018)* s2=PALM(4422,1812) [filtered=4597]
cnt=3 s0=fng (1159,369) s1=PALM(192,2018)* s2=PALM(4421,1811) [filtered=4598]
cnt=3 s0=fng (1155,367) s1=PALM(192,2018)* s2=PALM(4419,1811) [filtered=4599]
cnt=3 s0=fng (1151,365) s1=PALM(192,2018)* s2=PALM(4418,1810) [filtered=4600]
cnt=3 s0=fng (1148,364) s1=PALM(192,2018)* s2=PALM(4417,1810)* [filtered=4601]
cnt=3 s0=fng (1144,363) s1=PALM(192,2018)* s2=PALM(4416,1809)* [filtered=4602]
cnt=3 s0=fng (1141,363) s1=PALM(192,2018)* s2=PALM(4415,1809)* [filtered=4603]
cnt=4 s0=fng (1137,361) s1=PALM(192,2018)* s2=PALM(4414,1808)* s3=fng (3015,342) [filtered=4604]
cnt=4 s0=fng (1133,360) s1=PALM(192,2018)* s2=PALM(4412,1808)* s3=fng (3015,342) [filtered=4605]
cnt=4 s0=fng (1130,359) s1=PALM(192,2018)* s2=PALM(4411,1808)* s3=fng (3015,342) [filtered=4606]
cnt=4 s0=fng (1127,358) s1=PALM(192,2018)* s2=PALM(4410,1807)* s3=fng (3015,342) [filtered=4607]
cnt=4 s0=fng (1124,357) s1=PALM(192,2018)* s2=PALM(4409,1807)* s3=fng (3015,342) [filtered=4608]
cnt=4 s0=fng (1122,356) s1=PALM(192,2018)* s2=PALM(4408,1807)* s3=fng (3016,342) [filtered=4609]
cnt=4 s0=fng (1118,354) s1=PALM(192,2018)* s2=PALM(4407,1807)* s3=fng (3016,342) [filtered=4610]
cnt=4 s0=fng (1115,353) s1=PALM(192,2018)* s2=PALM(4407,1807)* s3=fng (3016,342) [filtered=4611]
cnt=4 s0=fng (1110,351) s1=PALM(192,2018)* s2=PALM(4406,1807)* s3=fng (3017,342) [filtered=4612]
cnt=4 s0=fng (1106,350) s1=PALM(192,2018)* s2=PALM(4406,1807)* s3=fng (3017,342) [filtered=4613]
cnt=4 s0=fng (1102,349) s1=PALM(191,2018)* s2=PALM(4405,1807)* s3=fng (3017,342) [filtered=4614]
cnt=4 s0=fng (1097,347) s1=PALM(191,2018)* s2=PALM(4404,1807)* s3=fng (3018,342) [filtered=4615]
cnt=4 s0=fng (1093,346) s1=PALM(191,2018)* s2=PALM(4404,1807)* s3=fng (3018,342) [filtered=4616]
cnt=4 s0=fng (1088,344) s1=PALM(190,2018)* s2=PALM(4403,1807)* s3=fng (3019,342) [filtered=4617]
cnt=4 s0=fng (1084,343) s1=PALM(190,2018)* s2=PALM(4402,1807)* s3=fng (3019,342) [filtered=4618]
cnt=4 s0=fng (1080,341) s1=PALM(189,2018)* s2=PALM(4402,1807)* s3=fng (3020,342) [filtered=4619]
cnt=4 s0=fng (1074,338) s1=PALM(189,2018)* s2=PALM(4401,1807)* s3=fng (3021,342) [filtered=4620]
cnt=4 s0=fng (1069,337) s1=PALM(189,2018)* s2=PALM(4401,1807)* s3=fng (3021,342) [filtered=4621]
cnt=4 s0=fng (1063,335) s1=PALM(188,2018)* s2=PALM(4401,1807)* s3=fng (3022,342) [filtered=4622]
cnt=4 s0=fng (1058,334) s1=PALM(188,2018)* s2=PALM(4401,1807)* s3=fng (3022,342) [filtered=4623]
cnt=4 s0=fng (1052,332) s1=PALM(188,2017)* s2=PALM(4400,1807)* s3=fng (3023,342)* [filtered=4624]
cnt=4 s0=fng (1045,330) s1=PALM(187,2017)* s2=PALM(4400,1807)* s3=fng (3024,342)* [filtered=4625]
cnt=4 s0=fng (1039,329) s1=PALM(187,2017)* s2=PALM(4400,1807)* s3=fng (3025,342)* [filtered=4626]
cnt=4 s0=fng (1031,326) s1=PALM(187,2016)* s2=PALM(4400,1807)* s3=fng (3026,342)* [filtered=4627]
cnt=4 s0=fng (1022,323) s1=PALM(186,2015)* s2=PALM(4400,1807)* s3=fng (3028,342)* [filtered=4628]
cnt=4 s0=fng (1014,321) s1=PALM(186,2015)* s2=PALM(4400,1807)* s3=fng (3029,342)* [filtered=4629]
cnt=4 s0=fng (1005,319) s1=PALM(186,2015)* s2=PALM(4400,1807)* s3=fng (3031,342)* [filtered=4630]
cnt=4 s0=fng (996,316) s1=PALM(185,2014)* s2=PALM(4400,1807)* s3=fng (3033,342)* [filtered=4631]
cnt=4 s0=fng (988,314) s1=PALM(185,2014)* s2=PALM(4400,1807)* s3=fng (3034,342)* [filtered=4632]
cnt=4 s0=fng (979,312) s1=PALM(184,2014)* s2=PALM(4400,1807)* s3=fng (3036,342)* [filtered=4633]
cnt=4 s0=fng (970,309) s1=PALM(184,2013)* s2=PALM(4400,1807)* s3=fng (3039,342)* [filtered=4634]
cnt=4 s0=fng (962,307) s1=PALM(184,2013)* s2=PALM(4400,1807)* s3=fng (3041,342)* [filtered=4635]
cnt=4 s0=fng (953,305) s1=PALM(183,2012)* s2=PALM(4400,1807)* s3=fng (3046,343) [filtered=4636]
cnt=4 s0=fng (944,303) s1=PALM(183,2012)* s2=PALM(4400,1807)* s3=fng (3051,343) [filtered=4637]
cnt=4 s0=fng (936,302) s1=PALM(183,2012)* s2=PALM(4400,1807)* s3=fng (3056,343) [filtered=4638]
cnt=4 s0=fng (928,300) s1=PALM(182,2011)* s2=PALM(4400,1807)* s3=fng (3061,343) [filtered=4639]
cnt=4 s0=fng (919,298) s1=PALM(182,2011)* s2=PALM(4400,1807)* s3=fng (3067,343) [filtered=4640]
cnt=4 s0=fng (911,297) s1=PALM(182,2011)* s2=PALM(4400,1807)* s3=fng (3073,343) [filtered=4641]
cnt=4 s0=fng (903,295) s1=PALM(181,2010)* s2=PALM(4400,1807)* s3=fng (3079,343) [filtered=4642]
cnt=4 s0=fng (894,293) s1=PALM(180,2010)* s2=PALM(4401,1807)* s3=fng (3085,344) [filtered=4643]
cnt=4 s0=fng (886,292) s1=PALM(179,2010)* s2=PALM(4401,1807)* s3=fng (3090,344) [filtered=4644]
cnt=4 s0=fng (878,289) s1=PALM(178,2009)* s2=PALM(4401,1807)* s3=fng (3096,345) [filtered=4645]
cnt=4 s0=fng (870,287) s1=PALM(178,2009)* s2=PALM(4401,1807)* s3=fng (3101,345) [filtered=4646]
cnt=4 s0=fng (862,285) s1=PALM(178,2008)* s2=PALM(4401,1807)* s3=fng (3106,346) [filtered=4647]
cnt=4 s0=fng (855,283) s1=PALM(177,2008)* s2=PALM(4401,1808)* s3=fng (3112,347) [filtered=4648]
cnt=4 s0=fng (848,282) s1=PALM(177,2008)* s2=PALM(4401,1808)* s3=fng (3117,348) [filtered=4649]
cnt=3 s1=PALM(176,2007)* s2=PALM(4401,1808)* s3=fng (3121,349) [filtered=4650]
cnt=3 s1=PALM(175,2006)* s2=PALM(4401,1808)* s3=fng (3126,351) [filtered=4651]
cnt=3 s1=PALM(175,2006)* s2=PALM(4401,1808)* s3=fng (3130,352) [filtered=4652]
cnt=3 s1=PALM(174,2005)* s2=PALM(4402,1809)* s3=fng (3135,353) [filtered=4653]
cnt=3 s1=PALM(172,2004)* s2=PALM(4402,1810)* s3=fng (3140,354) [filtered=4654]
cnt=3 s1=PALM(171,2004)* s2=PALM(4402,1810)* s3=fng (3144,355) [filtered=4655]
cnt=3 s1=PALM(170,2003)* s2=PALM(4403,1810)* s3=fng (3149,356) [filtered=4656]
cnt=3 s1=PALM(169,2003)* s2=PALM(4404,1811)* s3=fng (3153,357) [filtered=4657]
cnt=3 s1=PALM(169,2003)* s2=PALM(4404,1811)* s3=fng (3156,358) [filtered=4658]
cnt=3 s1=PALM(169,2002)* s2=PALM(4404,1811)* s3=fng (3159,359) [filtered=4659]
cnt=3 s1=PALM(168,2002)* s2=PALM(4405,1812)* s3=fng (3162,360) [filtered=4660]
cnt=3 s1=PALM(168,2002)* s2=PALM(4405,1812)* s3=fng (3164,360) [filtered=4661]
cnt=4 s0=fng (722,247) s1=PALM(167,2001)* s2=PALM(4405,1812)* s3=fng (3167,361) [filtered=4662]
cnt=4 s0=fng (722,247) s1=PALM(167,2000)* s2=PALM(4405,1813)* s3=fng (3170,362) [filtered=4663]
cnt=4 s0=fng (722,247) s1=PALM(167,2000)* s2=PALM(4405,1813)* s3=fng (3172,363) [filtered=4664]
cnt=4 s0=fng (722,247) s1=PALM(167,2000)* s2=PALM(4405,1814)* s3=fng (3173,364) [filtered=4665]
cnt=4 s0=fng (721,247) s1=PALM(167,2000)* s2=PALM(4405,1814)* s3=fng (3175,364) [filtered=4666]
cnt=4 s0=fng (721,247) s1=PALM(167,2000)* s2=PALM(4405,1814)* s3=fng (3176,364) [filtered=4667]
cnt=4 s0=fng (720,247) s1=PALM(166,2000)* s2=PALM(4405,1814)* s3=fng (3177,365) [filtered=4668]
cnt=4 s0=fng (720,247) s1=PALM(166,2000)* s2=PALM(4405,1814)* s3=fng (3178,366) [filtered=4669]
cnt=4 s0=fng (720,247) s1=PALM(166,2000)* s2=PALM(4405,1814)* s3=fng (3179,366) [filtered=4670]
cnt=4 s0=fng (719,247) s1=PALM(165,2000)* s2=PALM(4405,1814)* s3=fng (3180,366) [filtered=4671]
cnt=4 s0=fng (719,247) s1=PALM(165,2000)* s2=PALM(4405,1814)* s3=fng (3180,366) [filtered=4672]
cnt=4 s0=fng (719,247) s1=PALM(165,2000)* s2=PALM(4405,1814)* s3=fng (3180,367) [filtered=4673]
cnt=4 s0=fng (718,247) s1=PALM(164,2000)* s2=PALM(4405,1814)* s3=fng (3181,367) [filtered=4674]
cnt=4 s0=fng (718,247) s1=PALM(164,2000)* s2=PALM(4405,1814)* s3=fng (3181,367) [filtered=4675]
cnt=4 s0=fng (718,247) s1=PALM(164,2000)* s2=PALM(4405,1814)* s3=fng (3182,368) [filtered=4676]
cnt=4 s0=fng (717,247) s1=PALM(164,2000)* s2=PALM(4405,1814)* s3=fng (3183,368) [filtered=4677]
cnt=4 s0=fng (717,247) s1=PALM(164,2000)* s2=PALM(4405,1814)* s3=fng (3183,368) [filtered=4678]
cnt=4 s0=fng (717,247) s1=PALM(164,2000)* s2=PALM(4405,1814)* s3=fng (3184,369) [filtered=4679]
cnt=4 s0=fng (716,247) s1=PALM(164,2000)* s2=PALM(4405,1814)* s3=fng (3185,370) [filtered=4680]
cnt=4 s0=fng (716,247) s1=PALM(164,2000)* s2=PALM(4405,1814)* s3=fng (3185,370) [filtered=4681]
cnt=4 s0=fng (715,247)* s1=PALM(164,2000)* s2=PALM(4405,1815)* s3=fng (3186,370) [filtered=4682]
cnt=4 s0=fng (715,247)* s1=PALM(164,2000)* s2=PALM(4405,1815)* s3=fng (3188,370)* [filtered=4683]
cnt=4 s0=fng (715,247)* s1=PALM(164,2000)* s2=PALM(4405,1815)* s3=fng (3189,370)* [filtered=4684]
cnt=4 s0=fng (714,247)* s1=PALM(164,1999)* s2=PALM(4405,1815)* s3=fng (3190,370)* [filtered=4685]
cnt=4 s0=fng (714,247)* s1=PALM(164,1999)* s2=PALM(4405,1815)* s3=fng (3192,370)* [filtered=4686]
cnt=4 s0=fng (714,247)* s1=PALM(164,1999)* s2=PALM(4405,1815)* s3=fng (3193,370)* [filtered=4687]
cnt=4 s0=PALM(713,247)* s1=PALM(164,1999)* s2=PALM(4405,1815)* s3=fng (3195,370)* [filtered=4688]
cnt=4 s0=PALM(713,247)* s1=PALM(164,1999)* s2=PALM(4405,1815)* s3=fng (3198,370)* [filtered=4689]
cnt=4 s0=PALM(713,247)* s1=PALM(164,1999)* s2=PALM(4405,1815)* s3=fng (3200,370)* [filtered=4690]
cnt=4 s0=PALM(712,247)* s1=PALM(164,1999)* s2=PALM(4405,1815)* s3=fng (3203,370)* [filtered=4691]
cnt=4 s0=PALM(711,247)* s1=PALM(164,1999)* s2=PALM(4405,1815)* s3=fng (3207,369) [filtered=4692]
cnt=4 s0=PALM(711,247)* s1=PALM(164,1999)* s2=PALM(4405,1815)* s3=fng (3210,368) [filtered=4693]
cnt=4 s0=PALM(711,247)* s1=PALM(164,1999)* s2=PALM(4405,1815)* s3=fng (3215,367) [filtered=4694]
cnt=4 s0=PALM(710,247)* s1=PALM(164,1998)* s2=PALM(4405,1815)* s3=fng (3222,365) [filtered=4695]
cnt=4 s0=PALM(710,247)* s1=PALM(164,1998)* s2=PALM(4405,1815)* s3=fng (3229,364) [filtered=4696]
cnt=4 s0=PALM(710,247)* s1=PALM(164,1998)* s2=PALM(4405,1815)* s3=fng (3238,361) [filtered=4697]
cnt=4 s0=PALM(709,247)* s1=PALM(164,1998)* s2=PALM(4405,1815)* s3=fng (3249,355) [filtered=4698]
cnt=4 s0=PALM(709,247)* s1=PALM(164,1998)* s2=PALM(4405,1815)* s3=fng (3260,350) [filtered=4699]
cnt=4 s0=PALM(709,247)* s1=PALM(164,1998)* s2=PALM(4405,1815)* s3=fng (3272,345) [filtered=4700]
cnt=4 s0=PALM(708,247)* s1=PALM(164,1998)* s2=PALM(4406,1815)* s3=fng (3284,340) [filtered=4701]
cnt=4 s0=PALM(708,247)* s1=PALM(164,1998)* s2=PALM(4406,1815)* s3=fng (3296,336) [filtered=4702]
cnt=4 s0=PALM(707,247)* s1=PALM(164,1998)* s2=PALM(4406,1815)* s3=fng (3309,331) [filtered=4703]
cnt=4 s0=PALM(706,247)* s1=PALM(164,1998)* s2=PALM(4407,1814)* s3=fng (3322,326) [filtered=4704]
cnt=4 s0=PALM(706,247)* s1=PALM(164,1998)* s2=PALM(4407,1814)* s3=fng (3335,321) [filtered=4705]
cnt=4 s0=PALM(705,247)* s1=PALM(164,1998)* s2=PALM(4408,1814)* s3=fng (3348,316) [filtered=4706]
cnt=3 s0=PALM(704,247)* s1=PALM(164,1998)* s2=PALM(4408,1813)* [filtered=4707]
cnt=3 s0=PALM(704,247)* s1=PALM(164,1998)* s2=PALM(4408,1813)* [filtered=4708]
cnt=3 s0=PALM(702,246)* s1=PALM(163,1997)* s2=PALM(4409,1812)* [filtered=4709]
cnt=3 s0=PALM(700,246)* s1=PALM(162,1997)* s2=PALM(4411,1811)* [filtered=4710]
cnt=3 s0=PALM(699,246)* s1=PALM(162,1997)* s2=PALM(4412,1811)* [filtered=4711]
cnt=3 s0=PALM(697,245)* s1=PALM(162,1996)* s2=PALM(4413,1810)* [filtered=4712]
cnt=3 s0=PALM(695,245)* s1=PALM(161,1996)* s2=PALM(4414,1808)* [filtered=4713]
cnt=3 s0=PALM(694,245)* s1=PALM(161,1996)* s2=PALM(4415,1807)* [filtered=4714]
cnt=3 s0=PALM(692,245)* s1=PALM(161,1996)* s2=PALM(4417,1806)* [filtered=4715]
cnt=3 s0=PALM(689,244) s1=PALM(160,1995)* s2=PALM(4418,1805)* [filtered=4716]
cnt=3 s0=PALM(686,244) s1=PALM(159,1995)* s2=PALM(4420,1803) [filtered=4717]
cnt=3 s0=PALM(685,244) s1=PALM(158,1995)* s2=PALM(4421,1802) [filtered=4718]
cnt=3 s0=PALM(683,243) s1=PALM(158,1995)* s2=PALM(4422,1801) [filtered=4719]
cnt=3 s0=PALM(682,243) s1=PALM(158,1995)* s2=PALM(4423,1800) [filtered=4720]
cnt=3 s0=PALM(679,243) s1=PALM(157,1995)* s2=PALM(4424,1799) [filtered=4721]
cnt=3 s0=PALM(676,242) s1=PALM(156,1995)* s2=PALM(4425,1797) [filtered=4722]
cnt=3 s0=PALM(674,242) s1=PALM(156,1995)* s2=PALM(4426,1796) [filtered=4723]
cnt=3 s0=PALM(670,241) s1=PALM(156,1995)* s2=PALM(4427,1795) [filtered=4724]
cnt=3 s0=PALM(665,240) s1=PALM(156,1994)* s2=PALM(4428,1793) [filtered=4725]
cnt=3 s0=PALM(661,240) s1=PALM(156,1994)* s2=PALM(4429,1792) [filtered=4726]
cnt=3 s0=PALM(656,239) s1=PALM(156,1993)* s2=PALM(4430,1791) [filtered=4727]
cnt=3 s0=PALM(650,238) s1=PALM(156,1993)* s2=PALM(4432,1789) [filtered=4728]
cnt=3 s0=PALM(645,238) s1=PALM(156,1993)* s2=PALM(4433,1788) [filtered=4729]
cnt=3 s0=PALM(638,237) s1=PALM(156,1992)* s2=PALM(4434,1787) [filtered=4730]
cnt=3 s0=PALM(631,236) s1=PALM(155,1992)* s2=PALM(4436,1786) [filtered=4731]
cnt=3 s0=PALM(624,235) s1=PALM(155,1992)* s2=PALM(4437,1785) [filtered=4732]
cnt=3 s0=PALM(617,234) s1=PALM(154,1991)* s2=PALM(4438,1784) [filtered=4733]
cnt=3 s0=PALM(610,233) s1=PALM(154,1991)* s2=PALM(4439,1783) [filtered=4734]
cnt=3 s0=PALM(604,233) s1=PALM(154,1991)* s2=PALM(4440,1783) [filtered=4735]
cnt=3 s0=PALM(597,232) s1=PALM(154,1990)* s2=PALM(4441,1782) [filtered=4736]
cnt=3 s0=PALM(591,232) s1=PALM(154,1990)* s2=PALM(4441,1782) [filtered=4737]
cnt=3 s0=PALM(584,231) s1=PALM(154,1989)* s2=PALM(4442,1781) [filtered=4738]
cnt=3 s0=PALM(577,230) s1=PALM(153,1989)* s2=PALM(4443,1780) [filtered=4739]
cnt=3 s0=PALM(571,230) s1=PALM(153,1989)* s2=PALM(4444,1780) [filtered=4740]
cnt=3 s0=PALM(564,230) s1=PALM(153,1988)* s2=PALM(4444,1779) [filtered=4741]
cnt=3 s0=PALM(557,229) s1=PALM(153,1988)* s2=PALM(4445,1778) [filtered=4742]
cnt=3 s0=PALM(551,229) s1=PALM(153,1988)* s2=PALM(4445,1778) [filtered=4743]
cnt=3 s0=PALM(546,228) s1=PALM(153,1988)* s2=PALM(4445,1777) [filtered=4744]
cnt=3 s0=PALM(541,228) s1=PALM(153,1988)* s2=PALM(4445,1777) [filtered=4745]
cnt=3 s0=PALM(536,228) s1=PALM(153,1987)* s2=PALM(4445,1776) [filtered=4746]
cnt=3 s0=PALM(532,227) s1=PALM(153,1987)* s2=PALM(4445,1776) [filtered=4747]
cnt=3 s0=PALM(528,227) s1=PALM(153,1987)* s2=PALM(4445,1776)* [filtered=4748]
cnt=3 s0=PALM(524,227) s1=PALM(153,1987)* s2=PALM(4445,1775)* [filtered=4749]
cnt=3 s0=PALM(521,227) s1=PALM(153,1987)* s2=PALM(4445,1774)* [filtered=4750]
cnt=3 s0=PALM(518,227) s1=PALM(153,1987)* s2=PALM(4445,1774)* [filtered=4751]
cnt=3 s0=PALM(516,227) s1=PALM(153,1986)* s2=PALM(4445,1774)* [filtered=4752]
cnt=3 s0=PALM(514,227) s1=PALM(153,1986)* s2=PALM(4445,1774)* [filtered=4753]
cnt=3 s0=PALM(512,227) s1=PALM(153,1986)* s2=PALM(4445,1774)* [filtered=4754]
cnt=3 s0=PALM(510,227) s1=PALM(153,1986)* s2=PALM(4445,1774)* [filtered=4755]
cnt=3 s0=PALM(508,227) s1=PALM(153,1986)* s2=PALM(4445,1774)* [filtered=4756]
cnt=3 s0=PALM(507,228) s1=PALM(154,1986)* s2=PALM(4445,1774)* [filtered=4757]
cnt=3 s0=PALM(507,228) s1=PALM(155,1986)* s2=PALM(4445,1775)* [filtered=4758]
cnt=3 s0=PALM(507,228) s1=PALM(155,1986)* s2=PALM(4445,1776)* [filtered=4759]
cnt=3 s0=PALM(507,229) s1=PALM(156,1986)* s2=PALM(4446,1777)* [filtered=4760]
cnt=3 s0=PALM(507,230) s1=PALM(157,1986)* s2=PALM(4447,1779)* [filtered=4761]
cnt=3 s0=PALM(507,230) s1=PALM(157,1986)* s2=PALM(4447,1780)* [filtered=4762]
cnt=3 s0=PALM(510,230) s1=PALM(158,1986)* s2=PALM(4448,1783) [filtered=4763]
cnt=3 s0=PALM(513,230) s1=PALM(158,1986)* s2=PALM(4449,1785) [filtered=4764]
cnt=3 s0=PALM(516,231) s1=PALM(159,1986)* s2=PALM(4450,1787) [filtered=4765]
cnt=4 s0=PALM(520,232) s1=PALM(160,1985)* s2=PALM(4452,1790) s3=fng (3554,366) [filtered=4766]
cnt=4 s0=PALM(523,232) s1=PALM(160,1985)* s2=PALM(4453,1792) s3=fng (3554,366) [filtered=4767]
cnt=4 s0=PALM(527,233) s1=PALM(160,1985)* s2=PALM(4454,1796) s3=fng (3552,367) [filtered=4768]
cnt=4 s0=PALM(530,233) s1=PALM(160,1985)* s2=PALM(4455,1799) s3=fng (3551,367) [filtered=4769]
cnt=4 s0=PALM(535,234) s1=PALM(160,1985)* s2=PALM(4456,1803) s3=fng (3548,369) [filtered=4770]
cnt=4 s0=PALM(540,234) s1=PALM(160,1985)* s2=PALM(4458,1807) s3=fng (3542,373) [filtered=4771]
cnt=4 s0=PALM(544,234) s1=PALM(160,1985)* s2=PALM(4459,1810) s3=fng (3537,376) [filtered=4772]
cnt=4 s0=PALM(550,234) s1=PALM(160,1985)* s2=PALM(4460,1814) s3=fng (3529,381) [filtered=4773]
cnt=4 s0=PALM(557,234) s1=PALM(160,1985)* s2=PALM(4462,1819) s3=fng (3517,388) [filtered=4774]
cnt=4 s0=PALM(563,234) s1=PALM(160,1985)* s2=PALM(4463,1823) s3=fng (3506,395) [filtered=4775]
cnt=4 s0=PALM(571,234) s1=PALM(160,1985)* s2=PALM(4464,1828) s3=fng (3491,405) [filtered=4776]
cnt=4 s0=PALM(578,234) s1=PALM(160,1985)* s2=PALM(4464,1832) s3=fng (3476,415) [filtered=4777]
cnt=4 s0=PALM(587,234) s1=PALM(160,1985)* s2=PALM(4465,1837) s3=fng (3458,428) [filtered=4778]
cnt=4 s0=PALM(597,235) s1=PALM(160,1985)* s2=PALM(4467,1842) s3=fng (3439,442) [filtered=4779]
cnt=4 s0=PALM(606,235) s1=PALM(160,1985)* s2=PALM(4468,1846) s3=fng (3420,456) [filtered=4780]
cnt=4 s0=PALM(617,235) s1=PALM(159,1985)* s2=PALM(4469,1851) s3=fng (3400,470) [filtered=4781]
cnt=4 s0=PALM(627,235) s1=PALM(158,1985)* s2=PALM(4470,1855) s3=fng (3381,483) [filtered=4782]
cnt=4 s0=PALM(638,236) s1=PALM(157,1985)* s2=PALM(4471,1860) s3=fng (3360,497) [filtered=4783]
cnt=4 s0=PALM(649,236) s1=PALM(156,1985)* s2=PALM(4472,1865) s3=fng (3339,512) [filtered=4784]
cnt=4 s0=PALM(659,236) s1=PALM(156,1985)* s2=PALM(4472,1869) s3=fng (3319,526) [filtered=4785]
cnt=4 s0=PALM(670,237) s1=PALM(156,1985)* s2=PALM(4472,1874) s3=fng (3298,540) [filtered=4786]
cnt=4 s0=PALM(680,237) s1=PALM(156,1985)* s2=PALM(4472,1878) s3=fng (3278,553) [filtered=4787]
cnt=4 s0=PALM(690,238) s1=PALM(156,1986)* s2=PALM(4473,1883) s3=fng (3258,566) [filtered=4788]
cnt=4 s0=PALM(701,239) s1=PALM(155,1987)* s2=PALM(4473,1888) s3=fng (3236,580) [filtered=4789]
cnt=4 s0=PALM(711,239) s1=PALM(155,1987)* s2=PALM(4473,1892) s3=fng (3215,593) [filtered=4790]
cnt=4 s0=fng (721,240) s1=PALM(154,1987)* s2=PALM(4473,1897) s3=fng (3194,606) [filtered=4791]
cnt=4 s0=fng (732,241) s1=PALM(153,1988)* s2=PALM(4473,1902) s3=fng (3171,620) [filtered=4792]
cnt=4 s0=fng (742,242) s1=PALM(153,1988)* s2=PALM(4473,1906) s3=fng (3149,633) [filtered=4793]
cnt=4 s0=fng (753,243) s1=PALM(152,1988)* s2=PALM(4473,1909) s3=fng (3127,646) [filtered=4794]
cnt=4 s0=fng (764,244) s1=PALM(152,1988)* s2=PALM(4473,1912) s3=fng (3105,659) [filtered=4795]
cnt=4 s0=fng (776,245) s1=PALM(151,1989)* s2=PALM(4473,1914) s3=fng (3084,671) [filtered=4796]
cnt=4 s0=fng (789,247) s1=PALM(150,1990)* s2=PALM(4473,1917) s3=fng (3064,683) [filtered=4797]
cnt=4 s0=fng (801,248) s1=PALM(149,1991)* s2=PALM(4473,1919) s3=fng (3044,695) [filtered=4798]
cnt=4 s0=fng (815,251) s1=PALM(148,1992)* s2=PALM(4473,1921) s3=fng (3025,706) [filtered=4799]
cnt=4 s0=fng (829,253) s1=PALM(148,1992)* s2=PALM(4473,1923) s3=fng (3006,717) [filtered=4800]
cnt=4 s0=fng (843,256) s1=PALM(147,1993)* s2=PALM(4474,1925) s3=fng (2989,727) [filtered=4801]
cnt=4 s0=fng (858,259) s1=PALM(146,1995)* s2=PALM(4475,1928) s3=fng (2974,736) [filtered=4802]
cnt=4 s0=fng (872,261) s1=PALM(146,1996)* s2=PALM(4475,1930) s3=fng (2959,745) [filtered=4803]
cnt=4 s0=fng (886,264) s1=PALM(145,1997)* s2=PALM(4475,1933) s3=fng (2946,752) [filtered=4804]
cnt=4 s0=fng (901,267) s1=PALM(144,1998)* s2=PALM(4476,1936) s3=fng (2936,758) [filtered=4805]
cnt=4 s0=fng (915,269) s1=PALM(143,1999)* s2=PALM(4476,1938) s3=fng (2926,764) [filtered=4806]
cnt=4 s0=fng (928,272) s1=PALM(142,2000)* s2=PALM(4476,1939) s3=fng (2918,768) [filtered=4807]
cnt=4 s0=fng (941,274) s1=PALM(142,2001)* s2=PALM(4476,1939) s3=fng (2910,772) [filtered=4808]
cnt=4 s0=fng (953,278) s1=PALM(141,2002)* s2=PALM(4477,1941) s3=fng (2904,774) [filtered=4809]
cnt=4 s0=fng (965,282) s1=PALM(140,2003)* s2=PALM(4477,1942) s3=fng (2902,775) [filtered=4810]
cnt=4 s0=fng (977,286) s1=PALM(139,2004)* s2=PALM(4477,1943) s3=fng (2900,776) [filtered=4811]
cnt=4 s0=fng (988,290) s1=PALM(138,2005)* s2=PALM(4477,1944) s3=fng (2900,776) [filtered=4812]
cnt=4 s0=fng (999,293) s1=PALM(138,2006)* s2=PALM(4477,1945) s3=fng (2900,776) [filtered=4813]
cnt=4 s0=fng (1009,297) s1=PALM(137,2007)* s2=PALM(4477,1946) s3=fng (2905,772) [filtered=4814]
cnt=4 s0=fng (1017,301) s1=PALM(136,2009)* s2=PALM(4477,1947) s3=fng (2912,768) [filtered=4815]
cnt=4 s0=fng (1025,304) s1=PALM(136,2010)* s2=PALM(4477,1948) s3=fng (2919,764) [filtered=4816]
cnt=4 s0=fng (1033,309) s1=PALM(135,2011)* s2=PALM(4477,1949) s3=fng (2929,759) [filtered=4817]
cnt=4 s0=fng (1041,313) s1=PALM(135,2011)* s2=PALM(4477,1949) s3=fng (2939,754) [filtered=4818]
cnt=4 s0=fng (1047,316) s1=PALM(134,2012)* s2=PALM(4477,1950) s3=fng (2952,748) [filtered=4819]
cnt=4 s0=fng (1052,320) s1=PALM(133,2014)* s2=PALM(4477,1950) s3=fng (2967,741) [filtered=4820]
cnt=4 s0=fng (1057,323) s1=PALM(133,2015)* s2=PALM(4477,1950) s3=fng (2981,735) [filtered=4821]
cnt=4 s0=fng (1061,327) s1=PALM(133,2016)* s2=PALM(4477,1950) s3=fng (2999,728) [filtered=4822]
cnt=4 s0=fng (1064,331) s1=PALM(133,2017)* s2=PALM(4477,1950) s3=fng (3019,720) [filtered=4823]
cnt=4 s0=fng (1067,334) s1=PALM(133,2018)* s2=PALM(4477,1950) s3=fng (3039,713) [filtered=4824]
cnt=4 s0=fng (1069,338) s1=PALM(133,2019)* s2=PALM(4477,1950)* s3=fng (3060,706) [filtered=4825]
cnt=4 s0=fng (1071,342) s1=PALM(133,2021)* s2=PALM(4477,1950)* s3=fng (3081,699) [filtered=4826]
cnt=4 s0=fng (1073,345) s1=PALM(133,2022)* s2=PALM(4477,1950)* s3=fng (3101,693) [filtered=4827]
cnt=4 s0=fng (1074,349) s1=PALM(133,2023)* s2=PALM(4477,1950)* s3=fng (3122,688) [filtered=4828]
cnt=4 s0=fng (1074,353) s1=PALM(133,2024)* s2=PALM(4477,1950)* s3=fng (3142,682) [filtered=4829]
cnt=4 s0=fng (1074,356) s1=PALM(133,2025)* s2=PALM(4477,1950)* s3=fng (3161,677) [filtered=4830]
cnt=4 s0=fng (1074,360) s1=PALM(133,2026)* s2=PALM(4477,1950)* s3=fng (3181,672) [filtered=4831]
cnt=4 s0=fng (1074,364) s1=PALM(133,2028)* s2=PALM(4477,1950)* s3=fng (3201,666) [filtered=4832]
cnt=4 s0=fng (1074,367) s1=PALM(133,2029)* s2=PALM(4477,1950)* s3=fng (3220,661) [filtered=4833]
cnt=4 s0=fng (1074,370) s1=PALM(133,2030)* s2=PALM(4476,1950)* s3=fng (3239,656) [filtered=4834]
cnt=4 s0=fng (1074,373) s1=PALM(133,2031)* s2=PALM(4476,1950)* s3=fng (3256,650) [filtered=4835]
cnt=4 s0=fng (1074,375) s1=PALM(133,2031)* s2=PALM(4476,1950)* s3=fng (3272,645) [filtered=4836]
cnt=4 s0=fng (1074,378) s1=PALM(133,2032)* s2=PALM(4475,1950)* s3=fng (3288,640) [filtered=4837]
cnt=4 s0=fng (1074,381) s1=PALM(133,2033)* s2=PALM(4475,1950)* s3=fng (3302,635) [filtered=4838]
cnt=4 s0=fng (1074,383) s1=PALM(133,2033)* s2=PALM(4475,1950)* s3=fng (3315,630) [filtered=4839]
cnt=4 s0=fng (1074,384) s1=PALM(133,2034)* s2=PALM(4474,1950)* s3=fng (3326,625) [filtered=4840]
cnt=4 s0=fng (1074,384) s1=PALM(133,2034)* s2=PALM(4474,1950)* s3=fng (3337,621) [filtered=4841]
cnt=4 s0=fng (1074,385) s1=PALM(134,2035)* s2=PALM(4473,1950)* s3=fng (3347,618) [filtered=4842]
cnt=4 s0=fng (1074,387) s1=PALM(135,2036)* s2=PALM(4473,1950)* s3=fng (3356,615) [filtered=4843]
cnt=4 s0=fng (1074,388) s1=PALM(135,2036)* s2=PALM(4473,1950)* s3=fng (3365,613) [filtered=4844]
cnt=4 s0=fng (1074,390) s1=PALM(136,2037)* s2=PALM(4472,1950)* s3=fng (3372,610) [filtered=4845]
cnt=4 s0=fng (1074,392) s1=PALM(137,2037)* s2=PALM(4472,1950)* s3=fng (3378,607) [filtered=4846]
cnt=4 s0=fng (1074,393) s1=PALM(137,2037)* s2=PALM(4472,1950)* s3=fng (3384,605) [filtered=4847]
cnt=4 s0=fng (1074,395) s1=PALM(138,2038)* s2=PALM(4471,1950)* s3=fng (3389,603) [filtered=4848]
cnt=4 s0=fng (1074,396) s1=PALM(138,2038)* s2=PALM(4471,1950)* s3=fng (3393,601) [filtered=4849]
cnt=4 s0=fng (1074,397) s1=PALM(139,2038)* s2=PALM(4471,1950)* s3=fng (3397,600) [filtered=4850]
cnt=4 s0=fng (1074,398) s1=PALM(140,2039)* s2=PALM(4470,1950)* s3=fng (3400,600) [filtered=4851]
cnt=4 s0=fng (1074,399)* s1=PALM(140,2039)* s2=PALM(4470,1950)* s3=fng (3402,600) [filtered=4852]
cnt=4 s0=fng (1074,400)* s1=PALM(140,2040)* s2=PALM(4470,1949)* s3=fng (3405,600) [filtered=4853]
cnt=4 s0=fng (1074,401)* s1=PALM(140,2040)* s2=PALM(4470,1949)* s3=fng (3407,600) [filtered=4854]
cnt=4 s0=fng (1074,402)* s1=PALM(140,2040)* s2=PALM(4469,1949)* s3=fng (3408,600) [filtered=4855]
cnt=4 s0=fng (1074,403)* s1=PALM(140,2040)* s2=PALM(4468,1949)* s3=fng (3409,600) [filtered=4856]
cnt=4 s0=fng (1074,404)* s1=PALM(140,2040)* s2=PALM(4468,1949)* s3=fng (3410,600) [filtered=4857]
cnt=4 s0=fng (1074,405)* s1=PALM(140,2040)* s2=PALM(4468,1949)* s3=fng (3411,600) [filtered=4858]
cnt=4 s0=fng (1074,405)* s1=PALM(140,2040)* s2=PALM(4468,1949)* s3=fng (3412,600) [filtered=4859]
cnt=4 s0=fng (1074,406)* s1=PALM(140,2040)* s2=PALM(4468,1948)* s3=fng (3413,601) [filtered=4860]
cnt=4 s0=fng (1074,407)* s1=PALM(140,2040)* s2=PALM(4468,1948)* s3=fng (3414,601) [filtered=4861]
cnt=4 s0=fng (1074,408)* s1=PALM(140,2040)* s2=PALM(4468,1948)* s3=fng (3414,601) [filtered=4862]
cnt=4 s0=fng (1074,409)* s1=PALM(140,2040)* s2=PALM(4468,1947)* s3=fng (3415,601) [filtered=4863]
cnt=4 s0=fng (1074,411)* s1=PALM(140,2041)* s2=PALM(4468,1947)* s3=fng (3415,601) [filtered=4864]
cnt=4 s0=fng (1074,412)* s1=PALM(140,2041)* s2=PALM(4468,1947)* s3=fng (3415,601) [filtered=4865]
cnt=4 s0=fng (1074,413)* s1=PALM(139,2041)* s2=PALM(4468,1947)* s3=fng (3415,601) [filtered=4866]
cnt=4 s0=fng (1074,414)* s1=PALM(138,2042)* s2=PALM(4469,1947)* s3=fng (3415,602) [filtered=4867]
cnt=4 s0=fng (1074,415)* s1=PALM(138,2042)* s2=PALM(4469,1947)* s3=fng (3415,602) [filtered=4868]
cnt=4 s0=fng (1074,416)* s1=PALM(137,2042)* s2=PALM(4470,1947)* s3=fng (3414,602) [filtered=4869]
cnt=4 s0=fng (1074,418)* s1=PALM(136,2043)* s2=PALM(4471,1947)* s3=fng (3413,603)* [filtered=4870]
cnt=4 s0=fng (1074,419)* s1=PALM(135,2044)* s2=PALM(4471,1947)* s3=fng (3413,604)* [filtered=4871]
cnt=4 s0=fng (1075,421)* s1=PALM(134,2045)* s2=PALM(4472,1947)* s3=fng (3412,605)* [filtered=4872]
cnt=4 s0=fng (1077,424) s1=PALM(132,2046)* s2=PALM(4473,1948)* s3=fng (3410,606)* [filtered=4873]
cnt=4 s0=fng (1079,426) s1=PALM(131,2046)* s2=PALM(4473,1948)* s3=fng (3409,606)* [filtered=4874]
cnt=4 s0=fng (1082,429) s1=PALM(129,2047)* s2=PALM(4475,1949)* s3=fng (3407,607)* [filtered=4875]
cnt=4 s0=fng (1086,433) s1=PALM(127,2049) s2=PALM(4477,1950)* s3=fng (3403,609) [filtered=4876]
cnt=4 s0=fng (1090,437) s1=PALM(126,2050) s2=PALM(4478,1951)* s3=fng (3400,610) [filtered=4877]
cnt=4 s0=fng (1094,442) s1=PALM(125,2052) s2=PALM(4480,1953) s3=fng (3395,612) [filtered=4878]
cnt=4 s0=fng (1099,447) s1=PALM(123,2054) s2=PALM(4483,1956) s3=fng (3386,615) [filtered=4879]
cnt=4 s0=fng (1104,451) s1=PALM(122,2055) s2=PALM(4486,1958) s3=fng (3378,618) [filtered=4880]
cnt=4 s0=fng (1110,457) s1=PALM(120,2057) s2=PALM(4489,1961) s3=fng (3367,623) [filtered=4881]
cnt=4 s0=fng (1116,462) s1=PALM(119,2058) s2=PALM(4491,1963) s3=fng (3356,627) [filtered=4882]
cnt=4 s0=fng (1124,469) s1=PALM(118,2061) s2=PALM(4495,1965) s3=fng (3341,634) [filtered=4883]
cnt=4 s0=fng (1133,476) s1=PALM(116,2064) s2=PALM(4499,1968) s3=fng (3323,642) [filtered=4884]
cnt=4 s0=fng (1141,482) s1=PALM(115,2066) s2=PALM(4502,1970) s3=fng (3305,650) [filtered=4885]
cnt=4 s0=fng (1151,489) s1=PALM(113,2069) s2=PALM(4505,1973) s3=fng (3286,659) [filtered=4886]
cnt=4 s0=fng (1161,496) s1=PALM(111,2072) s2=PALM(4508,1976) s3=fng (3267,668) [filtered=4887]
cnt=4 s0=fng (1170,502) s1=PALM(110,2075) s2=PALM(4510,1978) s3=fng (3248,677) [filtered=4888]
cnt=4 s0=fng (1180,509) s1=PALM(109,2078) s2=PALM(4513,1981) s3=fng (3230,686) [filtered=4889]
cnt=4 s0=fng (1190,516) s1=PALM(107,2081) s2=PALM(4516,1984) s3=fng (3213,695) [filtered=4890]
cnt=4 s0=fng (1199,523) s1=PALM(106,2084) s2=PALM(4518,1986) s3=fng (3197,704) [filtered=4891]
cnt=4 s0=fng (1208,530) s1=PALM(104,2087) s2=PALM(4520,1989) s3=fng (3182,713) [filtered=4892]
cnt=4 s0=fng (1217,536) s1=PALM(103,2090) s2=PALM(4522,1992) s3=fng (3167,722) [filtered=4893]
cnt=4 s0=fng (1225,541) s1=PALM(102,2092) s2=PALM(4523,1994) s3=fng (3153,730) [filtered=4894]
cnt=4 s0=fng (1234,547) s1=PALM(101,2095) s2=PALM(4525,1996) s3=fng (3140,738) [filtered=4895]
cnt=4 s0=fng (1242,552) s1=PALM(101,2097) s2=PALM(4526,1998) s3=fng (3128,745) [filtered=4896]
cnt=4 s0=fng (1249,556) s1=PALM(100,2100) s2=PALM(4527,2000) s3=fng (3116,751) [filtered=4897]
cnt=4 s0=fng (1255,561) s1=PALM(99,2103) s2=PALM(4529,2002) s3=fng (3104,758) [filtered=4898]
cnt=4 s0=fng (1261,565) s1=PALM(99,2105) s2=PALM(4530,2004) s3=fng (3093,764) [filtered=4899]
cnt=4 s0=fng (1267,570) s1=PALM(98,2107) s2=PALM(4532,2006) s3=fng (3083,770) [filtered=4900]
cnt=4 s0=fng (1273,574) s1=PALM(98,2109) s2=PALM(4533,2008) s3=fng (3073,776) [filtered=4901]
cnt=4 s0=fng (1279,577) s1=PALM(97,2111) s2=PALM(4534,2009) s3=fng (3063,782) [filtered=4902]
cnt=4 s0=fng (1284,580) s1=PALM(96,2113) s2=PALM(4535,2010) s3=fng (3055,789) [filtered=4903]
cnt=4 s0=fng (1289,583) s1=PALM(95,2115) s2=PALM(4536,2011) s3=fng (3047,795) [filtered=4904]
cnt=4 s0=fng (1293,585) s1=PALM(94,2116) s2=PALM(4537,2012) s3=fng (3040,799) [filtered=4905]
cnt=4 s0=fng (1297,588) s1=PALM(93,2118) s2=PALM(4538,2014) s3=fng (3035,802) [filtered=4906]
cnt=4 s0=fng (1301,590) s1=PALM(93,2119) s2=PALM(4539,2015) s3=fng (3030,805) [filtered=4907]
cnt=4 s0=fng (1304,592) s1=PALM(92,2120) s2=PALM(4540,2016) s3=fng (3027,807) [filtered=4908]
cnt=4 s0=fng (1306,595) s1=PALM(92,2122) s2=PALM(4542,2017) s3=fng (3026,807) [filtered=4909]
cnt=4 s0=fng (1308,597) s1=PALM(92,2123) s2=PALM(4543,2018) s3=fng (3025,807) [filtered=4910]
cnt=4 s0=fng (1310,598) s1=PALM(92,2124) s2=PALM(4544,2019) s3=fng (3029,807) [filtered=4911]
cnt=4 s0=fng (1312,598) s1=PALM(92,2124) s2=PALM(4544,2019) s3=fng (3033,807) [filtered=4912]
cnt=4 s0=fng (1313,599) s1=PALM(92,2125) s2=PALM(4545,2020) s3=fng (3039,803) [filtered=4913]
cnt=4 s0=fng (1313,600) s1=PALM(92,2127) s2=PALM(4546,2021) s3=fng (3047,798) [filtered=4914]
cnt=4 s0=fng (1313,601) s1=PALM(92,2128) s2=PALM(4547,2021) s3=fng (3054,795) [filtered=4915]
cnt=4 s0=fng (1310,601) s1=PALM(92,2129) s2=PALM(4548,2022) s3=fng (3064,792) [filtered=4916]
cnt=4 s0=fng (1306,601) s1=PALM(92,2130) s2=PALM(4549,2022) s3=fng (3077,788) [filtered=4917]
cnt=4 s0=fng (1304,601) s1=PALM(92,2131)* s2=PALM(4549,2022) s3=fng (3089,785) [filtered=4918]
cnt=4 s0=fng (1301,601) s1=PALM(92,2132)* s2=PALM(4550,2023) s3=fng (3104,781) [filtered=4919]
cnt=4 s0=fng (1296,600) s1=PALM(92,2133)* s2=PALM(4551,2023)* s3=fng (3124,775) [filtered=4920]
cnt=4 s0=fng (1292,600) s1=PALM(92,2134)* s2=PALM(4551,2023)* s3=fng (3143,770) [filtered=4921]
cnt=4 s0=fng (1286,599) s1=PALM(92,2135)* s2=PALM(4552,2023)* s3=fng (3166,764) [filtered=4922]
cnt=4 s0=fng (1278,597) s1=PALM(92,2135)* s2=PALM(4552,2023)* s3=fng (3193,757) [filtered=4923]
cnt=4 s0=fng (1270,596) s1=PALM(92,2135)* s2=PALM(4552,2023)* s3=fng (3219,751) [filtered=4924]
cnt=4 s0=fng (1260,594) s1=PALM(92,2136)* s2=PALM(4553,2023)* s3=fng (3248,744) [filtered=4925]
cnt=4 s0=fng (1248,592) s1=PALM(92,2136)* s2=PALM(4554,2023)* s3=fng (3280,737) [filtered=4926]
cnt=4 s0=fng (1236,591) s1=PALM(92,2136)* s2=PALM(4554,2023)* s3=fng (3311,730) [filtered=4927]
cnt=4 s0=fng (1223,588) s1=PALM(92,2137)* s2=PALM(4554,2023)* s3=fng (3343,723) [filtered=4928]
cnt=4 s0=fng (1208,585) s1=PALM(92,2137)* s2=PALM(4554,2023)* s3=fng (3377,716) [filtered=4929]
cnt=4 s0=fng (1193,583) s1=PALM(92,2137)* s2=PALM(4554,2023)* s3=fng (3411,709) [filtered=4930]
cnt=4 s0=fng (1178,581) s1=PALM(92,2137)* s2=PALM(4554,2023)* s3=fng (3446,702) [filtered=4931]
cnt=4 s0=fng (1163,578) s1=PALM(93,2137)* s2=PALM(4553,2022)* s3=fng (3480,695) [filtered=4932]
cnt=4 s0=fng (1148,576) s1=PALM(93,2137)* s2=PALM(4553,2022)* s3=fng (3514,688) [filtered=4933]
cnt=4 s0=fng (1133,574) s1=PALM(94,2137)* s2=PALM(4552,2022)* s3=fng (3547,681) [filtered=4934]
cnt=4 s0=fng (1118,572) s1=PALM(95,2137)* s2=PALM(4551,2021)* s3=fng (3578,674) [filtered=4935]
cnt=4 s0=fng (1103,570) s1=PALM(96,2137)* s2=PALM(4550,2021)* s3=fng (3609,667) [filtered=4936]
cnt=4 s0=fng (1089,568) s1=PALM(98,2136)* s2=PALM(4548,2020)* s3=fng (3640,662) [filtered=4937]
cnt=4 s0=fng (1076,566) s1=PALM(99,2136)* s2=PALM(4547,2019)* s3=fng (3670,658) [filtered=4938]
cnt=4 s0=fng (1063,564) s1=PALM(100,2136)* s2=PALM(4544,2018) s3=fng (3700,655) [filtered=4939]
cnt=4 s0=fng (1051,562) s1=PALM(101,2136)* s2=PALM(4542,2018) s3=fng (3729,652) [filtered=4940]
cnt=4 s0=fng (1039,560) s1=PALM(102,2135)* s2=PALM(4540,2017) s3=fng (3757,650) [filtered=4941]
cnt=4 s0=fng (1027,558) s1=PALM(104,2135)* s2=PALM(4537,2016) s3=fng (3784,650) [filtered=4942]
cnt=4 s0=fng (1016,556) s1=PALM(105,2135)* s2=PALM(4535,2015) s3=fng (3810,650) [filtered=4943]
cnt=4 s0=fng (1005,554) s1=PALM(107,2134)* s2=PALM(4532,2014) s3=fng (3836,650) [filtered=4944]
cnt=4 s0=fng (994,552) s1=PALM(109,2133)* s2=PALM(4529,2012) s3=fng (3861,653) [filtered=4945]
cnt=4 s0=fng (984,550) s1=PALM(110,2132)* s2=PALM(4527,2011) s3=fng (3885,655) [filtered=4946]
cnt=4 s0=fng (974,549) s1=PALM(111,2131)* s2=PALM(4524,2010) s3=fng (3908,657) [filtered=4947]
cnt=4 s0=fng (964,550) s1=PALM(112,2131)* s2=PALM(4522,2010) s3=fng (3931,658) [filtered=4948]
cnt=4 s0=fng (955,549) s1=PALM(115,2130) s2=PALM(4519,2009) s3=fng (3953,658) [filtered=4949]
cnt=4 s0=fng (946,548) s1=PALM(117,2130) s2=PALM(4517,2008) s3=fng (3975,658) [filtered=4950]
cnt=4 s0=fng (938,546) s1=PALM(119,2129) s2=PALM(4515,2007) s3=fng (3994,659) [filtered=4951]
cnt=4 s0=fng (930,545) s1=PALM(121,2128) s2=PALM(4513,2006) s3=fng (4013,659) [filtered=4952]
cnt=4 s0=fng (922,544) s1=PALM(122,2127) s2=PALM(4511,2005) s3=fng (4030,661) [filtered=4953]
cnt=4 s0=fng (914,542) s1=PALM(123,2126) s2=PALM(4509,2004) s3=fng (4046,664) [filtered=4954]
cnt=4 s0=fng (906,541) s1=PALM(124,2125) s2=PALM(4507,2003) s3=PALM(4062,666) [filtered=4955]
cnt=4 s0=fng (898,539) s1=PALM(125,2124) s2=PALM(4506,2002) s3=PALM(4076,668) [filtered=4956]
cnt=4 s0=fng (890,538) s1=PALM(126,2123) s2=PALM(4506,2001) s3=PALM(4090,670) [filtered=4957]
cnt=4 s0=fng (882,537) s1=PALM(127,2122) s2=PALM(4504,2000) s3=PALM(4103,672) [filtered=4958]
cnt=4 s0=fng (874,535) s1=PALM(129,2120) s2=PALM(4502,1999) s3=PALM(4115,674) [filtered=4959]
cnt=4 s0=fng (866,534) s1=PALM(130,2119) s2=PALM(4501,1999) s3=PALM(4127,676) [filtered=4960]
cnt=4 s0=fng (857,533) s1=PALM(132,2118) s2=PALM(4500,1998) s3=PALM(4137,677) [filtered=4961]
cnt=4 s0=fng (848,533) s1=PALM(133,2117) s2=PALM(4499,1997) s3=PALM(4147,677) [filtered=4962]
cnt=4 s0=fng (840,531) s1=PALM(134,2115) s2=PALM(4498,1996) s3=PALM(4156,677) [filtered=4963]
cnt=4 s0=fng (832,530) s1=PALM(135,2114) s2=PALM(4498,1996) s3=PALM(4165,677) [filtered=4964]
cnt=4 s0=fng (824,529) s1=PALM(136,2113) s2=PALM(4497,1995) s3=PALM(4173,677) [filtered=4965]
cnt=4 s0=fng (816,527) s1=PALM(137,2111) s2=PALM(4495,1994) s3=PALM(4180,676) [filtered=4966]
cnt=4 s0=fng (808,526) s1=PALM(138,2110) s2=PALM(4494,1994) s3=PALM(4187,675) [filtered=4967]
cnt=4 s0=fng (800,524) s1=PALM(139,2109) s2=PALM(4493,1993) s3=PALM(4193,673) [filtered=4968]
cnt=4 s0=fng (792,523) s1=PALM(139,2108) s2=PALM(4493,1992)* s3=PALM(4199,672) [filtered=4969]
cnt=4 s0=fng (784,520) s1=PALM(140,2106) s2=PALM(4492,1991)* s3=PALM(4203,669) [filtered=4970]
cnt=4 s0=fng (777,517) s1=PALM(140,2104) s2=PALM(4491,1990)* s3=PALM(4206,666) [filtered=4971]
cnt=4 s0=fng (770,515) s1=PALM(140,2103) s2=PALM(4491,1989)* s3=PALM(4209,664) [filtered=4972]
cnt=4 s0=fng (763,512) s1=PALM(140,2101) s2=PALM(4491,1988)* s3=PALM(4210,661) [filtered=4973]
cnt=4 s0=fng (756,508) s1=PALM(140,2098) s2=PALM(4491,1986)* s3=PALM(4210,657) [filtered=4974]
cnt=4 s0=fng (749,505) s1=PALM(140,2096) s2=PALM(4491,1985)* s3=PALM(4210,654) [filtered=4975]
cnt=4 s0=fng (743,500) s1=PALM(139,2093) s2=PALM(4492,1984)* s3=PALM(4210,651) [filtered=4976]
cnt=3 s0=fng (737,495) s1=PALM(138,2090) s2=PALM(4493,1982)* [filtered=4977]
cnt=3 s0=fng (731,489) s1=PALM(136,2086) s2=PALM(4495,1979) [filtered=4978]
cnt=3 s0=fng (725,484) s1=PALM(135,2083) s2=PALM(4496,1978) [filtered=4979]
cnt=3 s0=fng (719,478) s1=PALM(132,2078) s2=PALM(4498,1975) [filtered=4980]
cnt=3 s0=PALM(713,472) s1=PALM(128,2074) s2=PALM(4500,1972) [filtered=4981]
cnt=3 s0=PALM(708,465) s1=PALM(124,2070) s2=PALM(4502,1969) [filtered=4982]
cnt=3 s0=PALM(703,459) s1=PALM(122,2067) s2=PALM(4503,1967) [filtered=4983]
cnt=3 s0=PALM(698,454) s1=PALM(119,2063) s2=PALM(4504,1964) [filtered=4984]
cnt=3 s0=PALM(694,449) s1=PALM(116,2059) s2=PALM(4505,1961) [filtered=4985]
cnt=3 s0=PALM(691,444) s1=PALM(113,2055) s2=PALM(4506,1958) [filtered=4986]
cnt=3 s0=PALM(688,438) s1=PALM(110,2052) s2=PALM(4506,1955) [filtered=4987]
cnt=3 s0=PALM(685,433) s1=PALM(108,2050) s2=PALM(4506,1953) [filtered=4988]
cnt=3 s0=PALM(683,428) s1=PALM(105,2048) s2=PALM(4506,1951) [filtered=4989]
cnt=3 s0=PALM(682,423) s1=PALM(103,2046) s2=PALM(4506,1948) [filtered=4990]
cnt=3 s0=PALM(682,418) s1=PALM(101,2045) s2=PALM(4506,1945) [filtered=4991]
cnt=3 s0=PALM(682,414) s1=PALM(100,2044) s2=PALM(4506,1943) [filtered=4992]
cnt=3 s0=PALM(682,409) s1=PALM(99,2043) s2=PALM(4505,1942) [filtered=4993]
cnt=3 s0=PALM(682,404) s1=PALM(97,2041) s2=PALM(4505,1940) [filtered=4994]
cnt=3 s0=PALM(685,399) s1=PALM(95,2040) s2=PALM(4505,1938) [filtered=4995]
cnt=3 s0=PALM(689,394) s1=PALM(93,2039) s2=PALM(4505,1935) [filtered=4996]
cnt=3 s0=PALM(693,389) s1=PALM(92,2039) s2=PALM(4505,1934) [filtered=4997]
cnt=3 s0=PALM(697,384) s1=PALM(89,2039) s2=PALM(4505,1932) [filtered=4998]
cnt=2 s1=PALM(87,2039) s2=PALM(4505,1930) [filtered=4999]
cnt=2 s1=PALM(85,2040) s2=PALM(4506,1928) [filtered=5000]
cnt=2 s1=PALM(83,2040) s2=PALM(4506,1927) [filtered=5001]
cnt=2 s1=PALM(82,2040) s2=PALM(4506,1926) [filtered=5002]
cnt=2 s1=PALM(81,2041) s2=PALM(4507,1925) [filtered=5003]
cnt=2 s1=PALM(79,2041) s2=PALM(4507,1924) [filtered=5004]
cnt=2 s1=PALM(78,2042) s2=PALM(4508,1923) [filtered=5005]
cnt=2 s1=PALM(77,2042) s2=PALM(4508,1923)* [filtered=5006]
cnt=2 s1=PALM(76,2042) s2=PALM(4508,1923)* [filtered=5007]
cnt=2 s1=PALM(75,2042) s2=PALM(4508,1922)* [filtered=5008]
cnt=2 s1=PALM(74,2042) s2=PALM(4508,1921)* [filtered=5009]
cnt=2 s1=PALM(73,2042) s2=PALM(4508,1920)* [filtered=5010]
cnt=2 s1=PALM(73,2042) s2=PALM(4508,1920)* [filtered=5011]
cnt=2 s1=PALM(72,2042) s2=PALM(4508,1919)* [filtered=5012]
cnt=2 s1=PALM(71,2043) s2=PALM(4508,1918)* [filtered=5013]
cnt=2 s1=PALM(70,2044)* s2=PALM(4508,1917)* [filtered=5014]
cnt=2 s1=PALM(69,2044)* s2=PALM(4508,1916)* [filtered=5015]
cnt=2 s1=PALM(68,2044)* s2=PALM(4508,1916)* [filtered=5016]
cnt=2 s1=PALM(67,2045)* s2=PALM(4507,1915)* [filtered=5017]
cnt=2 s1=PALM(67,2045)* s2=PALM(4506,1914)* [filtered=5018]
cnt=2 s1=PALM(67,2046)* s2=PALM(4505,1913)* [filtered=5019]
cnt=2 s1=PALM(67,2046)* s2=PALM(4504,1911)* [filtered=5020]
cnt=2 s1=PALM(67,2046)* s2=PALM(4503,1910)* [filtered=5021]
cnt=2 s1=PALM(67,2047)* s2=PALM(4502,1909)* [filtered=5022]
cnt=2 s1=PALM(67,2047)* s2=PALM(4500,1907) [filtered=5023]
cnt=2 s1=PALM(67,2047)* s2=PALM(4498,1905) [filtered=5024]
cnt=2 s1=PALM(67,2047)* s2=PALM(4497,1904) [filtered=5025]
cnt=2 s1=PALM(67,2047)* s2=PALM(4494,1902) [filtered=5026]
cnt=2 s1=PALM(67,2047)* s2=PALM(4491,1900) [filtered=5027]
cnt=2 s1=PALM(67,2048)* s2=PALM(4488,1897) [filtered=5028]
cnt=2 s1=PALM(67,2048)* s2=PALM(4485,1895) [filtered=5029]
cnt=2 s1=PALM(67,2048)* s2=PALM(4483,1894) [filtered=5030]
cnt=2 s1=PALM(67,2049)* s2=PALM(4480,1892) [filtered=5031]
cnt=3 s0=fng (2995,544) s1=PALM(67,2050)* s2=PALM(4477,1890) [filtered=5032]
cnt=3 s0=fng (2995,544) s1=PALM(67,2050)* s2=PALM(4475,1889) [filtered=5033]
cnt=3 s0=fng (2994,544) s1=PALM(66,2052)* s2=PALM(4471,1886) [filtered=5034]
cnt=3 s0=fng (2993,544) s1=PALM(65,2054)* s2=PALM(4467,1884) [filtered=5035]
cnt=3 s0=fng (2992,545) s1=PALM(64,2057) s2=PALM(4463,1881) [filtered=5036]
cnt=3 s0=fng (2991,545) s1=PALM(63,2059) s2=PALM(4459,1880) [filtered=5037]
cnt=3 s0=fng (2990,546) s1=PALM(62,2062) s2=PALM(4455,1879) [filtered=5038]
cnt=3 s0=fng (2988,548) s1=PALM(61,2065) s2=PALM(4451,1877) [filtered=5039]
cnt=3 s0=fng (2987,549) s1=PALM(60,2067) s2=PALM(4448,1876) [filtered=5040]
cnt=3 s0=fng (2986,550) s1=PALM(59,2069) s2=PALM(4446,1876) [filtered=5041]
cnt=3 s0=fng (2985,551) s1=PALM(59,2070) s2=PALM(4445,1875) [filtered=5042]
cnt=3 s0=fng (2984,552) s1=PALM(59,2071) s2=PALM(4444,1875) [filtered=5043]
cnt=3 s0=fng (2983,553) s1=PALM(59,2073) s2=PALM(4443,1875) [filtered=5044]
cnt=3 s0=fng (2983,555) s1=PALM(59,2074) s2=PALM(4441,1875) [filtered=5045]
cnt=3 s0=fng (2983,556) s1=PALM(59,2075) s2=PALM(4440,1875) [filtered=5046]
cnt=3 s0=fng (2984,556) s1=PALM(59,2076) s2=PALM(4438,1875) [filtered=5047]
cnt=3 s0=fng (2985,556) s1=PALM(59,2078) s2=PALM(4437,1876) [filtered=5048]
cnt=3 s0=fng (2988,556) s1=PALM(59,2079) s2=PALM(4436,1877) [filtered=5049]
cnt=3 s0=fng (2989,556) s1=PALM(59,2080) s2=PALM(4435,1877) [filtered=5050]
cnt=3 s0=fng (2993,556) s1=PALM(59,2081) s2=PALM(4434,1878) [filtered=5051]
cnt=3 s0=fng (3000,556) s1=PALM(59,2082) s2=PALM(4434,1880) [filtered=5052]
cnt=3 s0=fng (3007,556) s1=PALM(59,2083) s2=PALM(4434,1881) [filtered=5053]
cnt=3 s0=fng (3017,556) s1=PALM(59,2084) s2=PALM(4435,1883) [filtered=5054]
cnt=4 s0=fng (3030,557) s1=PALM(59,2085) s2=PALM(4437,1885) s3=fng (1180,472) [filtered=5055]
cnt=4 s0=fng (3042,558) s1=PALM(59,2085) s2=PALM(4438,1886) s3=fng (1180,472) [filtered=5056]
cnt=4 s0=fng (3058,559) s1=PALM(59,2085) s2=PALM(4440,1889) s3=fng (1180,472) [filtered=5057]
cnt=4 s0=fng (3077,561) s1=PALM(60,2085) s2=PALM(4444,1892) s3=fng (1180,472) [filtered=5058]
cnt=4 s0=fng (3095,562) s1=PALM(60,2085)* s2=PALM(4446,1894) s3=fng (1180,472) [filtered=5059]
cnt=4 s0=fng (3117,565) s1=PALM(60,2085)* s2=PALM(4450,1898) s3=fng (1180,472) [filtered=5060]
cnt=4 s0=fng (3142,569) s1=PALM(61,2085)* s2=PALM(4457,1902) s3=fng (1180,473) [filtered=5061]
cnt=4 s0=fng (3166,572) s1=PALM(62,2085)* s2=PALM(4463,1905) s3=fng (1180,473) [filtered=5062]
cnt=4 s0=fng (3194,577) s1=PALM(63,2085)* s2=PALM(4471,1909) s3=fng (1180,473) [filtered=5063]
cnt=4 s0=fng (3224,583) s1=PALM(64,2085)* s2=PALM(4480,1914) s3=fng (1180,474) [filtered=5064]
cnt=4 s0=fng (3256,590) s1=PALM(65,2085)* s2=PALM(4489,1919) s3=fng (1179,475) [filtered=5065]
cnt=4 s0=fng (3287,596) s1=PALM(65,2085)* s2=PALM(4498,1923) s3=fng (1179,476) [filtered=5066]
cnt=4 s0=fng (3321,603) s1=PALM(66,2085)* s2=PALM(4507,1928) s3=fng (1178,477) [filtered=5067]
cnt=4 s0=fng (3355,611) s1=PALM(67,2085)* s2=PALM(4516,1933) s3=fng (1175,479) [filtered=5068]
cnt=4 s0=fng (3388,618) s1=PALM(67,2085)* s2=PALM(4524,1937) s3=fng (1174,480) [filtered=5069]
cnt=4 s0=fng (3424,627) s1=PALM(68,2085)* s2=PALM(4532,1942) s3=fng (1170,482) [filtered=5070]
cnt=4 s0=fng (3461,637) s1=PALM(69,2085)* s2=PALM(4540,1947) s3=fng (1162,485) [filtered=5071]
cnt=4 s0=fng (3496,647) s1=PALM(70,2085)* s2=PALM(4547,1952) s3=fng (1152,489) [filtered=5072]
cnt=4 s0=fng (3530,656) s1=PALM(71,2085)* s2=PALM(4553,1956) s3=fng (1143,492) [filtered=5073]
cnt=4 s0=fng (3562,666) s1=PALM(72,2085)* s2=PALM(4560,1960) s3=fng (1132,496) [filtered=5074]
cnt=4 s0=fng (3593,676) s1=PALM(73,2085)* s2=PALM(4566,1964) s3=fng (1119,500) [filtered=5075]
cnt=4 s0=fng (3623,685) s1=PALM(73,2085)* s2=PALM(4571,1967) s3=fng (1106,503) [filtered=5076]
cnt=4 s0=fng (3653,695) s1=PALM(74,2085)* s2=PALM(4575,1971) s3=fng (1090,508) [filtered=5077]
cnt=4 s0=fng (3681,705) s1=PALM(75,2085)* s2=PALM(4579,1975) s3=fng (1073,513) [filtered=5078]
cnt=4 s0=fng (3708,715) s1=PALM(76,2085)* s2=PALM(4583,1978) s3=fng (1055,519) [filtered=5079]
cnt=4 s0=fng (3734,724) s1=PALM(76,2085)* s2=PALM(4586,1980) s3=fng (1037,524) [filtered=5080]
cnt=4 s0=fng (3758,733) s1=PALM(77,2085)* s2=PALM(4589,1981) s3=fng (1019,529) [filtered=5081]
cnt=4 s0=fng (3781,742) s1=PALM(78,2085)* s2=PALM(4592,1983) s3=fng (1001,534) [filtered=5082]
cnt=4 s0=fng (3804,750) s1=PALM(78,2085)* s2=PALM(4595,1984) s3=fng (984,538) [filtered=5083]
cnt=4 s0=fng (3826,758) s1=PALM(79,2085)* s2=PALM(4597,1986) s3=fng (967,542) [filtered=5084]
cnt=4 s0=fng (3847,766) s1=PALM(80,2085)* s2=PALM(4599,1987) s3=fng (950,546) [filtered=5085]
cnt=4 s0=fng (3868,773) s1=PALM(81,2085)* s2=PALM(4601,1988) s3=fng (934,549) [filtered=5086]
cnt=4 s0=fng (3889,779) s1=PALM(82,2085)* s2=PALM(4602,1989) s3=fng (919,553) [filtered=5087]
cnt=4 s0=fng (3908,785) s1=PALM(83,2085)* s2=PALM(4604,1990) s3=fng (903,557) [filtered=5088]
cnt=4 s0=fng (3926,792) s1=PALM(84,2085)* s2=PALM(4607,1991) s3=fng (888,561) [filtered=5089]
cnt=4 s0=fng (3944,798) s1=PALM(84,2085)* s2=PALM(4609,1991) s3=fng (874,564) [filtered=5090]
cnt=4 s0=fng (3960,803) s1=PALM(85,2084)* s2=PALM(4610,1991) s3=fng (861,568) [filtered=5091]
cnt=4 s0=fng (3975,807) s1=PALM(86,2083)* s2=PALM(4611,1991) s3=fng (849,572) [filtered=5092]
cnt=4 s0=fng (3990,811) s1=PALM(86,2083)* s2=PALM(4612,1991) s3=fng (837,575) [filtered=5093]
cnt=4 s0=fng (4005,814) s1=PALM(87,2083)* s2=PALM(4613,1991) s3=fng (825,578) [filtered=5094]
cnt=4 s0=fng (4020,817) s1=PALM(88,2082)* s2=PALM(4614,1991) s3=fng (814,582) [filtered=5095]
cnt=4 s0=fng (4035,820) s1=PALM(89,2082)* s2=PALM(4614,1991) s3=fng (803,585) [filtered=5096]
cnt=4 s0=PALM(4049,822) s1=PALM(90,2081)* s2=PALM(4614,1991) s3=fng (792,587) [filtered=5097]
cnt=4 s0=PALM(4062,824) s1=PALM(91,2080)* s2=PALM(4614,1991) s3=fng (781,589) [filtered=5098]
cnt=4 s0=PALM(4075,826) s1=PALM(91,2080)* s2=PALM(4614,1991) s3=fng (770,591) [filtered=5099]
cnt=4 s0=PALM(4088,827) s1=PALM(92,2079)* s2=PALM(4614,1991) s3=fng (760,593) [filtered=5100]
cnt=4 s0=PALM(4101,827) s1=PALM(93,2078)* s2=PALM(4613,1991) s3=fng (751,595) [filtered=5101]
cnt=4 s0=PALM(4114,827) s1=PALM(94,2077)* s2=PALM(4611,1991) s3=fng (742,596) [filtered=5102]
cnt=4 s0=PALM(4127,827) s1=PALM(94,2076)* s2=PALM(4610,1991) s3=fng (733,597) [filtered=5103]
cnt=4 s0=PALM(4139,827) s1=PALM(95,2075)* s2=PALM(4609,1991) s3=fng (724,599) [filtered=5104]
cnt=4 s0=PALM(4151,827) s1=PALM(96,2074)* s2=PALM(4607,1991) s3=fng (715,601) [filtered=5105]
cnt=4 s0=PALM(4163,827) s1=PALM(96,2074)* s2=PALM(4606,1991) s3=PALM(706,602) [filtered=5106]
cnt=4 s0=PALM(4174,827) s1=PALM(97,2073)* s2=PALM(4604,1990) s3=PALM(697,603) [filtered=5107]
cnt=4 s0=PALM(4184,827) s1=PALM(98,2072)* s2=PALM(4601,1989) s3=PALM(688,603) [filtered=5108]
cnt=4 s0=PALM(4194,827) s1=PALM(99,2072)* s2=PALM(4599,1989) s3=PALM(679,603) [filtered=5109]
cnt=4 s0=PALM(4205,824) s1=PALM(100,2071)* s2=PALM(4598,1989) s3=PALM(670,603) [filtered=5110]
cnt=4 s0=PALM(4217,820) s1=PALM(101,2070)* s2=PALM(4596,1988) s3=PALM(662,602) [filtered=5111]
cnt=4 s0=PALM(4229,818) s1=PALM(101,2070)* s2=PALM(4595,1988) s3=PALM(654,602) [filtered=5112]
cnt=4 s0=PALM(4241,815) s1=PALM(102,2069)* s2=PALM(4593,1987) s3=PALM(647,602) [filtered=5113]
cnt=4 s0=PALM(4253,811) s1=PALM(103,2068)* s2=PALM(4590,1986) s3=PALM(641,601) [filtered=5114]
cnt=4 s0=PALM(4265,809) s1=PALM(103,2067)* s2=PALM(4588,1986) s3=PALM(635,601) [filtered=5115]
cnt=4 s0=PALM(4277,806) s1=PALM(103,2066)* s2=PALM(4585,1985) s3=PALM(629,600) [filtered=5116]
cnt=4 s0=PALM(4288,802) s1=PALM(103,2065)* s2=PALM(4582,1984) s3=PALM(624,598) [filtered=5117]
cnt=4 s0=PALM(4299,799) s1=PALM(103,2064)* s2=PALM(4580,1983) s3=PALM(619,597) [filtered=5118]
cnt=4 s0=PALM(4309,795) s1=PALM(103,2063)* s2=PALM(4578,1982) s3=PALM(615,596) [filtered=5119]
cnt=4 s0=PALM(4319,792) s1=PALM(103,2062)* s2=PALM(4576,1981) s3=PALM(611,596) [filtered=5120]
cnt=4 s0=PALM(4327,790) s1=PALM(103,2061)* s2=PALM(4574,1980) s3=PALM(608,594) [filtered=5121]
cnt=4 s0=PALM(4334,786) s1=PALM(103,2060)* s2=PALM(4573,1979) s3=PALM(605,592) [filtered=5122]
cnt=4 s0=PALM(4341,783) s1=PALM(103,2060)* s2=PALM(4572,1978) s3=PALM(602,591) [filtered=5123]
cnt=4 s0=PALM(4347,780) s1=PALM(103,2059)* s2=PALM(4570,1977) s3=PALM(599,588) [filtered=5124]
cnt=4 s0=PALM(4351,775) s1=PALM(102,2058)* s2=PALM(4568,1975) s3=PALM(597,585) [filtered=5125]
cnt=4 s0=PALM(4355,771) s1=PALM(102,2058)* s2=PALM(4567,1974) s3=PALM(595,583) [filtered=5126]
cnt=4 s0=PALM(4360,764) s1=PALM(101,2057)* s2=PALM(4566,1973) s3=PALM(593,580) [filtered=5127]
cnt=4 s0=PALM(4365,757) s1=PALM(100,2057)* s2=PALM(4565,1971) s3=PALM(592,577) [filtered=5128]
cnt=4 s0=PALM(4370,750) s1=PALM(99,2057)* s2=PALM(4564,1970) s3=PALM(592,573) [filtered=5129]
cnt=4 s0=PALM(4375,743) s1=PALM(99,2057)* s2=PALM(4563,1969) s3=PALM(592,570) [filtered=5130]
cnt=3 s1=PALM(98,2057)* s2=PALM(4563,1968) s3=PALM(592,566) [filtered=5131]
cnt=3 s1=PALM(96,2057)* s2=PALM(4562,1966) s3=PALM(596,560) [filtered=5132]
cnt=3 s1=PALM(94,2057)* s2=PALM(4561,1963) s3=PALM(602,553) [filtered=5133]
cnt=3 s1=PALM(93,2057)* s2=PALM(4561,1962) s3=PALM(608,547) [filtered=5134]
cnt=3 s1=PALM(91,2057)* s2=PALM(4561,1960) s3=PALM(615,541) [filtered=5135]
cnt=3 s1=PALM(88,2057)* s2=PALM(4561,1958) s3=PALM(622,535) [filtered=5136]
cnt=3 s1=PALM(84,2058) s2=PALM(4561,1956) s3=PALM(629,529) [filtered=5137]
cnt=2 s1=PALM(80,2059) s2=PALM(4561,1955) [filtered=5138]
cnt=2 s1=PALM(78,2060) s2=PALM(4561,1954) [filtered=5139]
cnt=2 s1=PALM(75,2060) s2=PALM(4561,1953) [filtered=5140]
cnt=2 s1=PALM(72,2061) s2=PALM(4562,1953) [filtered=5141]
cnt=2 s1=PALM(69,2061) s2=PALM(4563,1953) [filtered=5142]
cnt=2 s1=PALM(66,2061) s2=PALM(4563,1953) [filtered=5143]
cnt=2 s1=PALM(65,2061) s2=PALM(4563,1953) [filtered=5144]
cnt=2 s1=PALM(63,2061) s2=PALM(4564,1953) [filtered=5145]
cnt=2 s1=PALM(61,2062) s2=PALM(4565,1953) [filtered=5146]
cnt=2 s1=PALM(60,2063) s2=PALM(4566,1953) [filtered=5147]
cnt=2 s1=PALM(59,2063) s2=PALM(4568,1953) [filtered=5148]
cnt=2 s1=PALM(58,2063) s2=PALM(4569,1953) [filtered=5149]
cnt=2 s1=PALM(57,2063) s2=PALM(4570,1953) [filtered=5150]
cnt=2 s1=PALM(56,2063) s2=PALM(4571,1953) [filtered=5151]
cnt=2 s1=PALM(55,2063) s2=PALM(4573,1953) [filtered=5152]
cnt=2 s1=PALM(54,2063) s2=PALM(4574,1953)* [filtered=5153]
cnt=2 s1=PALM(54,2063) s2=PALM(4575,1953)* [filtered=5154]
cnt=2 s1=PALM(53,2063) s2=PALM(4576,1953)* [filtered=5155]
cnt=2 s1=PALM(52,2063) s2=PALM(4578,1954)* [filtered=5156]
cnt=2 s1=PALM(51,2063) s2=PALM(4580,1954)* [filtered=5157]
cnt=2 s1=PALM(50,2063) s2=PALM(4581,1954)* [filtered=5158]
cnt=2 s1=PALM(50,2063) s2=PALM(4582,1955)* [filtered=5159]
cnt=2 s1=PALM(49,2063) s2=PALM(4584,1955)* [filtered=5160]
cnt=2 s1=PALM(48,2063)* s2=PALM(4586,1956)* [filtered=5161]
cnt=2 s1=PALM(47,2063)* s2=PALM(4588,1957)* [filtered=5162]
cnt=2 s1=PALM(47,2063)* s2=PALM(4589,1957)* [filtered=5163]
cnt=2 s1=PALM(46,2063)* s2=PALM(4591,1957)* [filtered=5164]
cnt=1 s2=fng (4593,1958)* [filtered=5164]
cnt=1 s2=fng (4595,1959)* [filtered=5164]
cnt=1 s2=fng (4598,1960) [filtered=5164]
cnt=1 s2=fng (4599,1961) [filtered=5164]
cnt=1 s2=fng (4603,1962) [filtered=5164]
cnt=1 s2=fng (4607,1963) [filtered=5164]
cnt=1 s2=fng (4611,1964) [filtered=5164]
cnt=1 s2=fng (4616,1965) [filtered=5164]
cnt=1 s2=fng (4620,1966) [filtered=5164]
cnt=1 s2=fng (4624,1967) [filtered=5164]
cnt=1 s2=fng (4628,1968) [filtered=5164]
cnt=1 s2=fng (4632,1969) [filtered=5164]
cnt=1 s2=fng (4636,1970) [filtered=5164]
cnt=1 s2=fng (4639,1971) [filtered=5164]
cnt=1 s2=fng (4641,1972) [filtered=5164]
cnt=1 s2=fng (4644,1973) [filtered=5164]
cnt=1 s2=fng (4647,1974) [filtered=5164]
cnt=1 s2=fng (4649,1974) [filtered=5164]
cnt=1 s2=fng (4651,1975) [filtered=5164]
cnt=1 s2=fng (4653,1976) [filtered=5164]
cnt=1 s2=fng (4655,1977) [filtered=5164]
cnt=1 s2=fng (4657,1978) [filtered=5164]
cnt=1 s2=fng (4658,1978) [filtered=5164]
cnt=1 s2=fng (4660,1979) [filtered=5164]
cnt=1 s2=fng (4662,1980) [filtered=5164]
cnt=1 s2=fng (4664,1981) [filtered=5164]
cnt=1 s2=fng (4666,1982) [filtered=5164]
cnt=1 s2=fng (4667,1983) [filtered=5164]
cnt=1 s2=fng (4668,1984) [filtered=5164]
cnt=1 s2=fng (4669,1985) [filtered=5164]
cnt=1 s2=fng (4670,1986) [filtered=5164]
cnt=1 s2=fng (4670,1986) [filtered=5164]
cnt=1 s2=fng (4671,1987) [filtered=5164]
cnt=1 s2=fng (4672,1987) [filtered=5164]
cnt=1 s2=fng (4673,1988) [filtered=5164]
cnt=1 s2=fng (4674,1988) [filtered=5164]
cnt=1 s2=fng (4675,1988)* [filtered=5164]
cnt=1 s2=fng (4676,1988)* [filtered=5164]
cnt=1 s2=fng (4676,1988)* [filtered=5164]
cnt=1 s2=fng (4676,1988)* [filtered=5164]
cnt=1 s2=fng (4676,1988)* [filtered=5164]
cnt=1 s2=fng (4676,1988)* [filtered=5164]
cnt=1 s2=fng (4676,1988)* [filtered=5164]
cnt=1 s2=fng (4676,1988)* [filtered=5164]
cnt=1 s2=fng (4676,1988)* [filtered=5164]
cnt=1 s2=fng (4676,1988)* [filtered=5164]
cnt=1 s2=fng (4676,1988)* [filtered=5164]
cnt=1 s2=fng (4676,1988)* [filtered=5164]
cnt=1 s2=fng (4676,1988)* [filtered=5164]
cnt=1 s2=fng (4676,1988)* [filtered=5164]
cnt=1 s2=fng (4676,1988)* [filtered=5164]
cnt=1 s2=fng (4676,1988)* [filtered=5164]
cnt=1 s2=fng (4676,1988)* [filtered=5164]
cnt=2 s0=PALM(16,2060) s2=PALM(4676,1988)* [filtered=5165]
cnt=2 s0=PALM(16,2060) s2=PALM(4676,1988)* [filtered=5166]
cnt=2 s0=PALM(16,2060) s2=PALM(4676,1988)* [filtered=5167]
cnt=1 s2=fng (4676,1988)* [filtered=5167]
cnt=1 s2=fng (4676,1988)* [filtered=5167]
cnt=1 s2=fng (4676,1988)* [filtered=5167]
cnt=1 s2=fng (4676,1988)* [filtered=5167]
cnt=1 s2=fng (4676,1988)* [filtered=5167]
cnt=1 s2=fng (4676,1988)* [filtered=5167]
cnt=1 s2=fng (4676,1988)* [filtered=5167]
cnt=1 s2=fng (4676,1988)* [filtered=5167]
cnt=1 s2=fng (4676,1988)* [filtered=5167]
cnt=1 s2=fng (4676,1988)* [filtered=5167]
cnt=1 s2=fng (4676,1988)* [filtered=5167]
cnt=1 s2=fng (4675,1987)* [filtered=5167]
cnt=1 s2=fng (4674,1987)* [filtered=5167]
cnt=1 s2=fng (4674,1987)* [filtered=5167]
cnt=1 s2=fng (4673,1987)* [filtered=5167]
cnt=1 s2=fng (4671,1986)* [filtered=5167]
cnt=1 s2=fng (4669,1985)* [filtered=5167]
cnt=1 s2=fng (4667,1984)* [filtered=5167]
cnt=1 s2=fng (4666,1984)* [filtered=5167]
cnt=1 s2=fng (4663,1983) [filtered=5167]
cnt=1 s2=fng (4659,1981) [filtered=5167]
cnt=1 s2=fng (4654,1979) [filtered=5167]
cnt=1 s2=fng (4649,1978) [filtered=5167]
cnt=1 s2=fng (4646,1977) [filtered=5167]
cnt=1 s2=fng (4642,1975) [filtered=5167]
cnt=1 s2=fng (4637,1973) [filtered=5167]
cnt=1 s2=fng (4632,1971) [filtered=5167]
cnt=1 s2=fng (4628,1970) [filtered=5167]
cnt=1 s2=fng (4623,1968) [filtered=5167]
cnt=1 s2=fng (4618,1965) [filtered=5167]
cnt=1 s2=fng (4613,1962) [filtered=5167]
cnt=1 s2=fng (4607,1959) [filtered=5167]
cnt=1 s2=fng (4602,1958) [filtered=5167]
cnt=1 s2=fng (4597,1955) [filtered=5167]
cnt=1 s2=fng (4593,1952) [filtered=5167]
cnt=1 s2=fng (4589,1949) [filtered=5167]
cnt=1 s2=fng (4585,1946) [filtered=5167]
cnt=1 s2=fng (4582,1944) [filtered=5167]
cnt=1 s2=fng (4579,1943) [filtered=5167]
cnt=1 s2=fng (4576,1940) [filtered=5167]
cnt=1 s2=fng (4572,1937) [filtered=5167]
cnt=1 s2=fng (4569,1935) [filtered=5167]
cnt=1 s2=fng (4566,1933) [filtered=5167]
cnt=1 s2=fng (4562,1930) [filtered=5167]
cnt=1 s2=fng (4557,1927) [filtered=5167]
cnt=1 s2=fng (4552,1924) [filtered=5167]
cnt=1 s2=fng (4548,1922) [filtered=5167]
cnt=1 s2=fng (4543,1920) [filtered=5167]
cnt=1 s2=fng (4538,1917) [filtered=5167]
cnt=1 s2=fng (4533,1914) [filtered=5167]
cnt=1 s2=fng (4529,1912) [filtered=5167]
cnt=1 s2=fng (4524,1911) [filtered=5167]
cnt=1 s2=fng (4519,1910) [filtered=5167]
cnt=1 s2=fng (4514,1908) [filtered=5167]
cnt=1 s2=fng (4510,1907) [filtered=5167]
cnt=2 s0=fng (3232,381) s2=PALM(4505,1906) [filtered=5168]
cnt=3 s0=fng (3232,381) s1=PALM(27,2082) s2=PALM(4500,1904) [filtered=5169]
cnt=3 s0=fng (3233,382) s1=PALM(27,2082) s2=PALM(4495,1902) [filtered=5170]
cnt=3 s0=fng (3233,382) s1=PALM(27,2082) s2=PALM(4491,1901) [filtered=5171]
cnt=3 s0=fng (3233,383) s1=PALM(27,2082) s2=PALM(4487,1900) [filtered=5172]
cnt=3 s0=fng (3234,384) s1=PALM(27,2082) s2=PALM(4482,1899) [filtered=5173]
cnt=3 s0=fng (3234,385) s1=PALM(27,2082) s2=PALM(4478,1897) [filtered=5174]
cnt=3 s0=fng (3234,386) s1=PALM(27,2082) s2=PALM(4475,1896) [filtered=5175]
cnt=3 s0=fng (3235,387) s1=PALM(27,2082) s2=PALM(4473,1895) [filtered=5176]
cnt=3 s0=fng (3236,388) s1=PALM(27,2081) s2=PALM(4471,1894) [filtered=5177]
cnt=3 s0=fng (3236,389) s1=PALM(27,2081) s2=PALM(4469,1893) [filtered=5178]
cnt=3 s0=fng (3236,389) s1=PALM(27,2081) s2=PALM(4467,1893) [filtered=5179]
cnt=3 s0=fng (3237,390) s1=PALM(27,2081) s2=PALM(4466,1892) [filtered=5180]
cnt=3 s0=fng (3237,391) s1=PALM(27,2080) s2=PALM(4464,1891) [filtered=5181]
cnt=3 s0=fng (3238,391) s1=PALM(27,2080) s2=PALM(4462,1890) [filtered=5182]
cnt=3 s0=fng (3238,391) s1=PALM(27,2080) s2=PALM(4461,1890) [filtered=5183]
cnt=3 s0=fng (3239,392) s1=PALM(27,2080) s2=PALM(4460,1890) [filtered=5184]
cnt=3 s0=fng (3240,393) s1=PALM(27,2079) s2=PALM(4459,1889) [filtered=5185]
cnt=3 s0=fng (3240,393) s1=PALM(27,2079) s2=PALM(4458,1889) [filtered=5186]
cnt=3 s0=fng (3240,393) s1=PALM(27,2079) s2=PALM(4457,1889) [filtered=5187]
cnt=3 s0=fng (3241,393)* s1=PALM(27,2078) s2=PALM(4456,1888) [filtered=5188]
cnt=3 s0=fng (3241,393)* s1=PALM(27,2077)* s2=PALM(4455,1887) [filtered=5189]
cnt=3 s0=fng (3242,392)* s1=PALM(27,2076)* s2=PALM(4454,1887) [filtered=5190]
cnt=3 s0=fng (3243,391)* s1=PALM(27,2076)* s2=PALM(4453,1886) [filtered=5191]
cnt=3 s0=fng (3243,391)* s1=PALM(27,2076)* s2=PALM(4452,1886) [filtered=5192]
cnt=3 s0=fng (3245,390)* s1=PALM(27,2075)* s2=PALM(4451,1886) [filtered=5193]
cnt=3 s0=fng (3248,389) s1=PALM(27,2074)* s2=PALM(4450,1885) [filtered=5194]
cnt=3 s0=fng (3252,388) s1=PALM(27,2073)* s2=PALM(4450,1884)* [filtered=5195]
cnt=3 s0=fng (3254,387) s1=PALM(27,2073)* s2=PALM(4450,1884)* [filtered=5196]
cnt=3 s0=fng (3257,387) s1=PALM(27,2072)* s2=PALM(4449,1883)* [filtered=5197]
cnt=3 s0=fng (3260,387) s1=PALM(27,2071)* s2=PALM(4449,1883)* [filtered=5198]
cnt=2 s1=PALM(27,2070)* s2=PALM(4449,1882)* [filtered=5199]
cnt=2 s1=PALM(27,2069)* s2=PALM(4449,1882)* [filtered=5200]
cnt=2 s1=PALM(27,2068)* s2=PALM(4449,1882)* [filtered=5201]
cnt=2 s1=PALM(27,2067)* s2=PALM(4449,1881)* [filtered=5202]
cnt=2 s1=PALM(27,2067)* s2=PALM(4449,1880)* [filtered=5203]
cnt=2 s1=PALM(27,2066)* s2=PALM(4450,1880)* [filtered=5204]
cnt=2 s1=PALM(27,2066)* s2=PALM(4450,1879)* [filtered=5205]
cnt=2 s1=PALM(27,2066)* s2=PALM(4450,1879)* [filtered=5206]
cnt=2 s1=PALM(27,2065)* s2=PALM(4451,1878)* [filtered=5207]
cnt=2 s1=PALM(27,2064)* s2=PALM(4451,1877)* [filtered=5208]
cnt=2 s1=PALM(27,2063)* s2=PALM(4452,1876)* [filtered=5209]
cnt=2 s1=PALM(27,2063)* s2=PALM(4452,1875)* [filtered=5210]
cnt=2 s1=PALM(27,2063)* s2=PALM(4453,1874)* [filtered=5211]
cnt=2 s1=PALM(27,2062)* s2=PALM(4453,1873)* [filtered=5212]
cnt=2 s1=PALM(27,2061)* s2=PALM(4454,1871)* [filtered=5213]
cnt=2 s1=PALM(27,2060)* s2=PALM(4454,1869)* [filtered=5214]
cnt=2 s1=PALM(27,2060)* s2=PALM(4454,1868)* [filtered=5215]
cnt=2 s1=PALM(27,2059)* s2=PALM(4454,1867)* [filtered=5216]
cnt=2 s1=PALM(27,2059)* s2=PALM(4454,1866)* [filtered=5217]
cnt=2 s1=PALM(27,2058)* s2=PALM(4454,1865)* [filtered=5218]
cnt=2 s1=PALM(27,2057)* s2=PALM(4454,1864)* [filtered=5219]
cnt=2 s1=PALM(27,2057)* s2=PALM(4454,1863)* [filtered=5220]
cnt=2 s1=PALM(27,2056)* s2=PALM(4454,1862)* [filtered=5221]
cnt=2 s1=PALM(27,2056)* s2=PALM(4454,1860)* [filtered=5222]
cnt=2 s1=PALM(27,2055)* s2=PALM(4454,1858)* [filtered=5223]
cnt=2 s1=PALM(27,2055)* s2=PALM(4454,1857)* [filtered=5224]
cnt=2 s1=PALM(27,2055)* s2=PALM(4453,1856)* [filtered=5225]
cnt=2 s1=PALM(27,2054)* s2=PALM(4453,1855)* [filtered=5226]
cnt=2 s1=PALM(27,2053)* s2=PALM(4452,1853)* [filtered=5227]
cnt=2 s1=PALM(27,2053)* s2=PALM(4452,1852)* [filtered=5228]
cnt=2 s1=PALM(27,2052)* s2=PALM(4451,1851)* [filtered=5229]
cnt=2 s1=PALM(27,2051)* s2=PALM(4451,1850)* [filtered=5230]
cnt=2 s1=PALM(27,2051)* s2=PALM(4451,1850)* [filtered=5231]
cnt=2 s1=PALM(27,2050)* s2=PALM(4450,1849)* [filtered=5232]
cnt=2 s1=PALM(27,2049)* s2=PALM(4450,1848)* [filtered=5233]
cnt=2 s1=PALM(27,2048)* s2=PALM(4450,1847)* [filtered=5234]
cnt=2 s1=PALM(27,2048)* s2=PALM(4450,1847)* [filtered=5235]
cnt=2 s1=PALM(27,2047)* s2=PALM(4450,1847)* [filtered=5236]
cnt=2 s1=PALM(27,2046)* s2=PALM(4450,1847)* [filtered=5237]
cnt=2 s1=PALM(27,2046)* s2=PALM(4450,1848)* [filtered=5238]
cnt=2 s1=PALM(27,2046)* s2=PALM(4450,1848)* [filtered=5239]
cnt=2 s1=PALM(27,2046)* s2=PALM(4450,1849)* [filtered=5240]
cnt=2 s1=PALM(27,2046)* s2=PALM(4451,1851)* [filtered=5241]
cnt=2 s1=PALM(27,2046)* s2=PALM(4453,1853) [filtered=5242]
cnt=2 s1=PALM(27,2046)* s2=PALM(4454,1854) [filtered=5243]
cnt=2 s1=PALM(27,2046)* s2=PALM(4456,1856) [filtered=5244]
cnt=2 s1=PALM(27,2046)* s2=PALM(4458,1859) [filtered=5245]
cnt=2 s1=PALM(27,2046)* s2=PALM(4461,1863) [filtered=5246]
cnt=2 s1=PALM(27,2046)* s2=PALM(4463,1866) [filtered=5247]
cnt=3 s0=fng (3826,315) s1=PALM(27,2046)* s2=PALM(4467,1870) [filtered=5248]
cnt=3 s0=fng (3820,321) s1=PALM(27,2047)* s2=PALM(4471,1875) [filtered=5249]
cnt=3 s0=fng (3812,329) s1=PALM(27,2048)* s2=PALM(4475,1880) [filtered=5250]
cnt=3 s0=fng (3804,336) s1=PALM(27,2048)* s2=PALM(4479,1885) [filtered=5251]
cnt=3 s0=fng (3794,344) s1=PALM(27,2049)* s2=PALM(4483,1890) [filtered=5252]
cnt=3 s0=fng (3782,353) s1=PALM(27,2051)* s2=PALM(4487,1895) [filtered=5253]
cnt=3 s0=fng (3768,362) s1=PALM(27,2053)* s2=PALM(4492,1901) [filtered=5254]
cnt=3 s0=fng (3755,371) s1=PALM(27,2054)* s2=PALM(4496,1906) [filtered=5255]
cnt=3 s0=fng (3740,381) s1=PALM(27,2055)* s2=PALM(4500,1911) [filtered=5256]
cnt=3 s0=fng (3724,391) s1=PALM(27,2057)* s2=PALM(4504,1916) [filtered=5257]
cnt=3 s0=fng (3708,401) s1=PALM(27,2058)* s2=PALM(4508,1921) [filtered=5258]
cnt=3 s0=fng (3692,410) s1=PALM(27,2059)* s2=PALM(4511,1925) [filtered=5259]
cnt=3 s0=fng (3676,419) s1=PALM(27,2060)* s2=PALM(4514,1930) [filtered=5260]
cnt=3 s0=fng (3660,428) s1=PALM(27,2061)* s2=PALM(4517,1935) [filtered=5261]
cnt=3 s0=fng (3645,436) s1=PALM(27,2061)* s2=PALM(4519,1939) [filtered=5262]
cnt=3 s0=fng (3630,444) s1=PALM(27,2062)* s2=PALM(4521,1942) [filtered=5263]
cnt=3 s0=fng (3616,452) s1=PALM(27,2064)* s2=PALM(4523,1946) [filtered=5264]
cnt=3 s0=fng (3602,460) s1=PALM(27,2065)* s2=PALM(4526,1950) [filtered=5265]
cnt=3 s0=fng (3589,467) s1=PALM(27,2066)* s2=PALM(4528,1953) [filtered=5266]
cnt=3 s0=fng (3576,474) s1=PALM(28,2067)* s2=PALM(4529,1957) [filtered=5267]
cnt=3 s0=fng (3563,482) s1=PALM(29,2068)* s2=PALM(4531,1961) [filtered=5268]
cnt=3 s0=fng (3551,489) s1=PALM(29,2069)* s2=PALM(4532,1964) [filtered=5269]
cnt=3 s0=fng (3539,496) s1=PALM(29,2070)* s2=PALM(4533,1967) [filtered=5270]
cnt=3 s0=fng (3527,502) s1=PALM(29,2071)* s2=PALM(4535,1970) [filtered=5271]
cnt=3 s0=fng (3517,508) s1=PALM(29,2072)* s2=PALM(4537,1973) [filtered=5272]
cnt=3 s0=fng (3508,514) s1=PALM(29,2072)* s2=PALM(4538,1975) [filtered=5273]
cnt=3 s0=fng (3499,519) s1=PALM(29,2072)* s2=PALM(4539,1977) [filtered=5274]
cnt=3 s0=fng (3493,523) s1=PALM(29,2073)* s2=PALM(4541,1979) [filtered=5275]
cnt=3 s0=fng (3487,527) s1=PALM(29,2074)* s2=PALM(4542,1981) [filtered=5276]
cnt=3 s0=fng (3483,530) s1=PALM(29,2075)* s2=PALM(4543,1982) [filtered=5277]
cnt=3 s0=fng (3482,532) s1=PALM(29,2076)* s2=PALM(4545,1983) [filtered=5278]
cnt=3 s0=fng (3485,533) s1=PALM(29,2077)* s2=PALM(4547,1984) [filtered=5279]
cnt=3 s0=fng (3488,534) s1=PALM(29,2077)* s2=PALM(4548,1985) [filtered=5280]
cnt=3 s0=fng (3494,534) s1=PALM(29,2078)* s2=PALM(4550,1986) [filtered=5281]
cnt=3 s0=fng (3503,534) s1=PALM(29,2079)* s2=PALM(4551,1987) [filtered=5282]
cnt=3 s0=fng (3511,534) s1=PALM(29,2079)* s2=PALM(4552,1987) [filtered=5283]
cnt=3 s0=fng (3524,534) s1=PALM(29,2079)* s2=PALM(4552,1987) [filtered=5284]
cnt=3 s0=fng (3541,534) s1=PALM(29,2079)* s2=PALM(4552,1987) [filtered=5285]
cnt=3 s0=fng (3563,534) s1=PALM(29,2079)* s2=PALM(4551,1986) [filtered=5286]
cnt=3 s0=fng (3584,534) s1=PALM(29,2079)* s2=PALM(4551,1986) [filtered=5287]
cnt=3 s0=fng (3609,534) s1=PALM(29,2079)* s2=PALM(4550,1985) [filtered=5288]
cnt=3 s0=fng (3637,534) s1=PALM(29,2079)* s2=PALM(4548,1984) [filtered=5289]
cnt=3 s0=fng (3665,534) s1=PALM(29,2079)* s2=PALM(4547,1984) [filtered=5290]
cnt=3 s0=fng (3694,534) s1=PALM(29,2079)* s2=PALM(4544,1982) [filtered=5291]
cnt=3 s0=fng (3725,534) s1=PALM(29,2079)* s2=PALM(4541,1980) [filtered=5292]
cnt=3 s0=fng (3758,536) s1=PALM(29,2079)* s2=PALM(4536,1978) [filtered=5293]
cnt=3 s0=fng (3791,537) s1=PALM(29,2079)* s2=PALM(4533,1977) [filtered=5294]
cnt=3 s0=fng (3824,540) s1=PALM(29,2079)* s2=PALM(4529,1975) [filtered=5295]
cnt=3 s0=fng (3856,544) s1=PALM(29,2079)* s2=PALM(4524,1972) [filtered=5296]
cnt=3 s0=fng (3887,547) s1=PALM(29,2079)* s2=PALM(4520,1970) [filtered=5297]
cnt=3 s0=fng (3918,550) s1=PALM(29,2080)* s2=PALM(4514,1967) [filtered=5298]
cnt=3 s0=fng (3946,554) s1=PALM(29,2080)* s2=PALM(4508,1964) [filtered=5299]
cnt=3 s0=fng (3972,558) s1=PALM(29,2080)* s2=PALM(4502,1960) [filtered=5300]
cnt=3 s0=fng (3997,561) s1=PALM(29,2080)* s2=PALM(4497,1958) [filtered=5301]
cnt=3 s0=fng (4022,563) s1=PALM(29,2080)* s2=PALM(4491,1955) [filtered=5302]
cnt=3 s0=fng (4045,565) s1=PALM(29,2079)* s2=PALM(4485,1951) [filtered=5303]
cnt=3 s0=PALM(4067,567) s1=PALM(29,2079)* s2=PALM(4480,1948) [filtered=5304]
cnt=3 s0=PALM(4087,569) s1=PALM(29,2079)* s2=PALM(4476,1945) [filtered=5305]
cnt=3 s0=PALM(4105,572) s1=PALM(29,2079)* s2=PALM(4472,1941) [filtered=5306]
cnt=3 s0=PALM(4123,574) s1=PALM(29,2079)* s2=PALM(4468,1938) [filtered=5307]
cnt=3 s0=PALM(4141,576) s1=PALM(29,2078)* s2=PALM(4464,1935) [filtered=5308]
cnt=3 s0=PALM(4159,579) s1=PALM(29,2078)* s2=PALM(4461,1932) [filtered=5309]
cnt=3 s0=PALM(4177,582) s1=PALM(29,2078)* s2=PALM(4457,1930) [filtered=5310]
cnt=3 s0=PALM(4195,584) s1=PALM(29,2078)* s2=PALM(4454,1928) [filtered=5311]
cnt=3 s0=PALM(4218,584) s1=PALM(29,2078)* s2=PALM(4451,1926) [filtered=5312]
cnt=3 s0=PALM(4243,582) s1=PALM(29,2077)* s2=PALM(4448,1924) [filtered=5313]
cnt=3 s0=PALM(4267,581) s1=PALM(29,2077)* s2=PALM(4446,1923) [filtered=5314]
cnt=3 s0=PALM(4288,583) s1=PALM(29,2076)* s2=PALM(4444,1921) [filtered=5315]
cnt=3 s0=PALM(4307,585) s1=PALM(29,2075)* s2=PALM(4443,1919) [filtered=5316]
cnt=3 s0=PALM(4325,587) s1=PALM(29,2074)* s2=PALM(4442,1916) [filtered=5317]
cnt=3 s0=PALM(4343,588) s1=PALM(29,2074)* s2=PALM(4441,1915) [filtered=5318]
cnt=3 s0=PALM(4368,583) s1=PALM(29,2074)* s2=PALM(4441,1913) [filtered=5319]
cnt=3 s0=PALM(4387,583) s1=PALM(29,2074)* s2=PALM(4441,1910) [filtered=5320]
cnt=3 s0=PALM(4402,584) s1=PALM(29,2074)* s2=PALM(4442,1907) [filtered=5321]
cnt=3 s0=PALM(4415,586) s1=PALM(30,2073)* s2=PALM(4443,1904) [filtered=5322]
cnt=3 s0=PALM(4427,587) s1=PALM(30,2073)* s2=PALM(4444,1902) [filtered=5323]
cnt=2 s1=PALM(30,2072)* s2=PALM(4445,1899) [filtered=5324]
cnt=2 s1=PALM(30,2072)* s2=PALM(4447,1896) [filtered=5325]
cnt=2 s1=PALM(30,2072)* s2=PALM(4449,1895) [filtered=5326]
cnt=2 s1=PALM(30,2072)* s2=PALM(4450,1894) [filtered=5327]
cnt=2 s1=PALM(30,2072)* s2=PALM(4452,1893) [filtered=5328]
cnt=2 s1=PALM(30,2072)* s2=PALM(4454,1891) [filtered=5329]
cnt=2 s1=PALM(30,2072)* s2=PALM(4457,1890) [filtered=5330]
cnt=2 s1=PALM(30,2071)* s2=PALM(4460,1888) [filtered=5331]
cnt=2 s1=PALM(30,2071)* s2=PALM(4462,1887) [filtered=5332]
cnt=2 s1=PALM(30,2071)* s2=PALM(4466,1885) [filtered=5333]
cnt=2 s1=PALM(30,2071)* s2=PALM(4471,1883) [filtered=5334]
cnt=2 s1=PALM(30,2071)* s2=PALM(4477,1881) [filtered=5335]
cnt=2 s1=PALM(30,2071)* s2=PALM(4484,1879) [filtered=5336]
cnt=2 s1=PALM(30,2071)* s2=PALM(4490,1878) [filtered=5337]
cnt=2 s1=PALM(30,2071)* s2=PALM(4497,1877) [filtered=5338]
cnt=2 s1=PALM(31,2071)* s2=PALM(4505,1877) [filtered=5339]
cnt=2 s1=PALM(31,2071)* s2=PALM(4513,1877) [filtered=5340]
cnt=2 s1=PALM(31,2070)* s2=PALM(4521,1877) [filtered=5341]
cnt=2 s1=PALM(31,2070)* s2=PALM(4528,1877) [filtered=5342]
cnt=2 s1=PALM(32,2070)* s2=PALM(4536,1878) [filtered=5343]
cnt=2 s1=PALM(32,2070)* s2=PALM(4543,1879) [filtered=5344]
cnt=2 s1=PALM(32,2069)* s2=PALM(4550,1880) [filtered=5345]
cnt=2 s1=PALM(32,2069)* s2=PALM(4556,1880) [filtered=5346]
cnt=2 s1=PALM(32,2068)* s2=PALM(4561,1881) [filtered=5347]
cnt=2 s1=PALM(33,2068)* s2=PALM(4567,1883) [filtered=5348]
cnt=2 s1=PALM(33,2067)* s2=PALM(4572,1886) [filtered=5349]
cnt=2 s1=PALM(33,2067)* s2=PALM(4577,1889) [filtered=5350]
cnt=2 s1=PALM(33,2067)* s2=PALM(4581,1891) [filtered=5351]
cnt=2 s1=PALM(33,2067)* s2=PALM(4586,1895) [filtered=5352]
cnt=2 s1=PALM(33,2067)* s2=PALM(4586,1895) [filtered=5353]
cnt=1 s1=fng (33,2067)* [filtered=5353]
cnt=1 s1=fng (33,2067)* [filtered=5353]
cnt=1 s1=fng (33,2067)* [filtered=5353]
cnt=1 s1=fng (33,2067)* [filtered=5353]
cnt=1 s1=fng (33,2066)* [filtered=5353]
cnt=1 s1=fng (33,2066)* [filtered=5353]
cnt=1 s1=fng (33,2066)* [filtered=5353]
cnt=1 s1=fng (33,2066)* [filtered=5353]
cnt=1 s1=fng (33,2066)* [filtered=5353]
cnt=1 s1=fng (33,2066)* [filtered=5353]
cnt=1 s1=fng (33,2066)* [filtered=5353]
cnt=1 s1=fng (33,2066)* [filtered=5353]
cnt=1 s1=fng (33,2066)* [filtered=5353]
cnt=1 s1=fng (33,2066)* [filtered=5353]
cnt=1 s1=fng (33,2066)* [filtered=5353]
cnt=1 s1=fng (33,2066)* [filtered=5353]
cnt=1 s1=fng (33,2066)* [filtered=5353]
cnt=1 s1=fng (33,2066)* [filtered=5353]
cnt=1 s1=fng (33,2066)* [filtered=5353]
cnt=1 s1=fng (33,2066)* [filtered=5353]
cnt=1 s1=fng (33,2066)* [filtered=5353]
cnt=1 s1=fng (33,2066)* [filtered=5353]
cnt=1 s1=fng (33,2066)* [filtered=5353]
cnt=1 s1=fng (33,2065)* [filtered=5353]
cnt=1 s1=fng (33,2065)* [filtered=5353]
cnt=1 s1=fng (33,2065)* [filtered=5353]
cnt=1 s1=fng (33,2065)* [filtered=5353]
cnt=1 s1=fng (33,2065)* [filtered=5353]
cnt=1 s1=fng (33,2065)* [filtered=5353]
cnt=1 s1=fng (33,2065)* [filtered=5353]
cnt=1 s1=fng (33,2065)* [filtered=5353]
cnt=1 s1=fng (33,2065)* [filtered=5353]
cnt=1 s1=fng (33,2065)* [filtered=5353]
cnt=1 s1=fng (33,2065)* [filtered=5353]
cnt=1 s1=fng (33,2065)* [filtered=5353]
cnt=1 s1=fng (33,2065)* [filtered=5353]
cnt=1 s1=fng (33,2065)* [filtered=5353]
cnt=1 s1=fng (33,2065)* [filtered=5353]
cnt=1 s1=fng (33,2064)* [filtered=5353]
cnt=1 s1=fng (33,2064)* [filtered=5353]
cnt=1 s1=fng (33,2064)* [filtered=5353]
cnt=1 s1=fng (33,2064)* [filtered=5353]
cnt=1 s1=fng (33,2064)* [filtered=5353]
cnt=1 s1=fng (33,2064)* [filtered=5353]
cnt=1 s1=fng (33,2064)* [filtered=5353]
cnt=1 s1=fng (33,2064)* [filtered=5353]
cnt=1 s1=fng (33,2064)* [filtered=5353]
cnt=1 s1=fng (33,2064)* [filtered=5353]
cnt=1 s1=fng (33,2064)* [filtered=5353]
cnt=1 s1=fng (33,2064)* [filtered=5353]
cnt=1 s1=fng (33,2064)* [filtered=5353]
cnt=1 s1=fng (33,2064)* [filtered=5353]
cnt=1 s1=fng (33,2064)* [filtered=5353]
cnt=1 s1=fng (33,2064)* [filtered=5353]
cnt=1 s1=fng (33,2064)* [filtered=5353]
cnt=1 s1=fng (33,2064)* [filtered=5353]
cnt=1 s1=fng (33,2064)* [filtered=5353]
cnt=1 s1=fng (33,2064)* [filtered=5353]
cnt=1 s1=fng (33,2064)* [filtered=5353]
cnt=1 s1=fng (33,2064)* [filtered=5353]
cnt=1 s1=fng (33,2064)* [filtered=5353]
cnt=1 s1=fng (33,2064)* [filtered=5353]
cnt=1 s1=fng (33,2064)* [filtered=5353]
cnt=1 s1=fng (33,2064)* [filtered=5353]
cnt=1 s1=fng (33,2064)* [filtered=5353]
cnt=1 s1=fng (33,2064)* [filtered=5353]
cnt=1 s1=fng (33,2064)* [filtered=5353]
cnt=1 s1=fng (33,2064)* [filtered=5353]
cnt=1 s1=fng (33,2064)* [filtered=5353]
cnt=2 s0=PALM(4697,1976) s1=PALM(33,2064)* [filtered=5354]
cnt=2 s0=PALM(4697,1976) s1=PALM(33,2064)* [filtered=5355]
cnt=2 s0=PALM(4697,1976) s1=PALM(33,2063)* [filtered=5356]
cnt=2 s0=PALM(4697,1976) s1=PALM(33,2063)* [filtered=5357]
cnt=2 s0=PALM(4697,1976) s1=PALM(33,2063)* [filtered=5358]
cnt=2 s0=PALM(4697,1976) s1=PALM(33,2063)* [filtered=5359]
cnt=2 s0=PALM(4697,1976) s1=PALM(33,2063)* [filtered=5360]
cnt=2 s0=PALM(4697,1976) s1=PALM(33,2063)* [filtered=5361]
cnt=2 s0=PALM(4697,1976) s1=PALM(33,2063)* [filtered=5362]
cnt=2 s0=PALM(4697,1976) s1=PALM(33,2063)* [filtered=5363]
cnt=2 s0=PALM(4697,1976) s1=PALM(33,2063)* [filtered=5364]
cnt=2 s0=PALM(4697,1976) s1=PALM(33,2063)* [filtered=5365]
cnt=2 s0=PALM(4697,1976) s1=PALM(33,2063)* [filtered=5366]
cnt=2 s0=PALM(4697,1976) s1=PALM(33,2063)* [filtered=5367]
cnt=2 s0=PALM(4697,1976) s1=PALM(33,2063)* [filtered=5368]
cnt=2 s0=PALM(4697,1976) s1=PALM(33,2063)* [filtered=5369]
cnt=2 s0=PALM(4697,1976) s1=PALM(33,2063)* [filtered=5370]
cnt=2 s0=PALM(4697,1976) s1=PALM(33,2063)* [filtered=5371]
cnt=2 s0=PALM(4697,1976) s1=PALM(33,2063)* [filtered=5372]
cnt=2 s0=PALM(4697,1976) s1=PALM(33,2063)* [filtered=5373]
cnt=2 s0=PALM(4697,1976)* s1=PALM(33,2063)* [filtered=5374]
cnt=2 s0=PALM(4697,1976)* s1=PALM(33,2063)* [filtered=5375]
cnt=2 s0=PALM(4697,1976)* s1=PALM(33,2063)* [filtered=5376]
cnt=2 s0=PALM(4697,1976)* s1=PALM(33,2063)* [filtered=5377]
cnt=2 s0=PALM(4697,1976)* s1=PALM(33,2063)* [filtered=5378]
cnt=2 s0=PALM(4697,1976)* s1=PALM(33,2063)* [filtered=5379]
cnt=2 s0=PALM(4697,1976)* s1=PALM(33,2063)* [filtered=5380]
cnt=2 s0=PALM(4697,1976)* s1=PALM(33,2063)* [filtered=5381]
cnt=2 s0=PALM(4697,1976)* s1=PALM(33,2063)* [filtered=5382]
cnt=2 s0=PALM(4697,1976)* s1=PALM(33,2063)* [filtered=5383]
cnt=2 s0=PALM(4697,1976)* s1=PALM(33,2063)* [filtered=5384]
cnt=2 s0=PALM(4697,1976)* s1=PALM(33,2063)* [filtered=5385]
cnt=2 s0=PALM(4697,1976)* s1=PALM(33,2063)* [filtered=5386]
cnt=2 s0=PALM(4697,1976)* s1=PALM(33,2063)* [filtered=5387]
cnt=2 s0=PALM(4697,1976)* s1=PALM(33,2063)* [filtered=5388]
cnt=2 s0=PALM(4697,1976)* s1=PALM(33,2063)* [filtered=5389]
cnt=2 s0=PALM(4697,1976)* s1=PALM(33,2063)* [filtered=5390]
cnt=2 s0=PALM(4697,1976)* s1=PALM(33,2063)* [filtered=5391]
cnt=2 s0=PALM(4697,1976)* s1=PALM(33,2063)* [filtered=5392]
cnt=2 s0=PALM(4697,1976)* s1=PALM(33,2063)* [filtered=5393]
cnt=2 s0=PALM(4697,1976)* s1=PALM(33,2063)* [filtered=5394]
cnt=2 s0=PALM(4697,1976)* s1=PALM(33,2063)* [filtered=5395]
cnt=2 s0=PALM(4697,1976)* s1=PALM(33,2063)* [filtered=5396]
cnt=2 s0=PALM(4697,1976)* s1=PALM(33,2063)* [filtered=5397]
cnt=2 s0=PALM(4697,1976)* s1=PALM(33,2063)* [filtered=5398]
cnt=2 s0=PALM(4697,1976)* s1=PALM(33,2063)* [filtered=5399]
cnt=2 s0=PALM(4697,1976)* s1=PALM(33,2063)* [filtered=5400]
cnt=2 s0=PALM(4697,1976)* s1=PALM(33,2063)* [filtered=5401]
cnt=2 s0=PALM(4697,1976)* s1=PALM(33,2063)* [filtered=5402]
cnt=2 s0=PALM(4697,1976)* s1=PALM(33,2063)* [filtered=5403]
cnt=2 s0=PALM(4697,1976)* s1=PALM(33,2063)* [filtered=5404]
cnt=2 s0=PALM(4697,1976)* s1=PALM(33,2063)* [filtered=5405]
cnt=2 s0=PALM(4697,1976)* s1=PALM(33,2063)* [filtered=5406]
cnt=2 s0=PALM(4697,1976)* s1=PALM(33,2063)* [filtered=5407]
cnt=2 s0=PALM(4697,1976)* s1=PALM(33,2063)* [filtered=5408]
cnt=2 s0=PALM(4697,1976)* s1=PALM(33,2063)* [filtered=5409]
cnt=2 s0=PALM(4697,1976)* s1=PALM(33,2063)* [filtered=5410]
cnt=2 s0=PALM(4697,1976)* s1=PALM(33,2063)* [filtered=5411]
cnt=2 s0=PALM(4697,1976)* s1=PALM(33,2063)* [filtered=5412]
cnt=2 s0=PALM(4697,1976)* s1=PALM(33,2063)* [filtered=5413]
cnt=2 s0=PALM(4697,1976)* s1=PALM(33,2063)* [filtered=5414]
cnt=2 s0=PALM(4697,1976)* s1=PALM(33,2063)* [filtered=5415]
cnt=2 s0=PALM(4697,1976)* s1=PALM(33,2063)* [filtered=5416]
cnt=2 s0=PALM(4697,1976)* s1=PALM(33,2063)* [filtered=5417]
cnt=2 s0=PALM(4697,1976)* s1=PALM(33,2063)* [filtered=5418]
cnt=2 s0=PALM(4697,1976)* s1=PALM(33,2063)* [filtered=5419]
cnt=2 s0=PALM(4697,1976)* s1=PALM(33,2063)* [filtered=5420]
cnt=2 s0=PALM(4697,1976)* s1=PALM(33,2063)* [filtered=5421]
cnt=2 s0=PALM(4697,1976)* s1=PALM(33,2063)* [filtered=5422]
cnt=2 s0=PALM(4697,1976)* s1=PALM(33,2063)* [filtered=5423]
cnt=2 s0=PALM(4697,1976)* s1=PALM(33,2063)* [filtered=5424]
cnt=2 s0=PALM(4697,1976)* s1=PALM(33,2063)* [filtered=5425]
cnt=2 s0=PALM(4697,1976)* s1=PALM(33,2063)* [filtered=5426]
cnt=2 s0=PALM(4697,1976)* s1=PALM(33,2063)* [filtered=5427]
cnt=2 s0=PALM(4697,1976)* s1=PALM(33,2063)* [filtered=5428]
cnt=2 s0=PALM(4697,1976)* s1=PALM(33,2063)* [filtered=5429]
cnt=2 s0=PALM(4697,1976)* s1=PALM(33,2063)* [filtered=5430]
cnt=2 s0=PALM(4697,1976)* s1=PALM(33,2063)* [filtered=5431]
cnt=2 s0=PALM(4697,1976)* s1=PALM(33,2063)* [filtered=5432]
cnt=2 s0=PALM(4697,1976)* s1=PALM(33,2063)* [filtered=5433]
cnt=2 s0=PALM(4697,1976)* s1=PALM(33,2063)* [filtered=5434]
cnt=2 s0=PALM(4697,1976)* s1=PALM(33,2063)* [filtered=5435]
cnt=2 s0=PALM(4697,1976)* s1=PALM(33,2063)* [filtered=5436]
cnt=2 s0=PALM(4697,1976)* s1=PALM(33,2063)* [filtered=5437]
cnt=2 s0=PALM(4697,1976)* s1=PALM(33,2063)* [filtered=5438]
cnt=2 s0=PALM(4697,1976)* s1=PALM(33,2063)* [filtered=5439]
cnt=2 s0=PALM(4697,1976)* s1=PALM(33,2063)* [filtered=5440]
cnt=2 s0=PALM(4697,1976)* s1=PALM(33,2062)* [filtered=5441]
cnt=2 s0=PALM(4697,1976)* s1=PALM(33,2062)* [filtered=5442]
cnt=2 s0=PALM(4697,1976)* s1=PALM(33,2062)* [filtered=5443]
cnt=2 s0=PALM(4697,1976)* s1=PALM(33,2062)* [filtered=5444]
cnt=2 s0=PALM(4697,1976)* s1=PALM(33,2062)* [filtered=5445]
cnt=2 s0=PALM(4697,1976)* s1=PALM(33,2062)* [filtered=5446]
cnt=2 s0=PALM(4697,1976)* s1=PALM(33,2062)* [filtered=5447]
cnt=2 s0=PALM(4697,1976)* s1=PALM(33,2062)* [filtered=5448]
cnt=2 s0=PALM(4697,1976)* s1=PALM(33,2062)* [filtered=5449]
cnt=2 s0=PALM(4697,1976)* s1=PALM(33,2062)* [filtered=5450]
cnt=2 s0=PALM(4697,1976)* s1=PALM(33,2062)* [filtered=5451]
cnt=2 s0=PALM(4697,1976)* s1=PALM(33,2062)* [filtered=5452]
cnt=2 s0=PALM(4697,1976)* s1=PALM(33,2062)* [filtered=5453]
cnt=2 s0=PALM(4697,1976)* s1=PALM(33,2061)* [filtered=5454]
cnt=2 s0=PALM(4697,1976)* s1=PALM(33,2061)* [filtered=5455]
cnt=2 s0=PALM(4697,1976)* s1=PALM(33,2061)* [filtered=5456]
cnt=2 s0=PALM(4697,1976)* s1=PALM(33,2061)* [filtered=5457]
cnt=2 s0=PALM(4697,1976)* s1=PALM(33,2061)* [filtered=5458]
cnt=2 s0=PALM(4697,1976)* s1=PALM(33,2061)* [filtered=5459]
cnt=2 s0=PALM(4697,1976)* s1=PALM(33,2061)* [filtered=5460]
cnt=2 s0=PALM(4697,1976)* s1=PALM(33,2061)* [filtered=5461]
cnt=2 s0=PALM(4697,1976)* s1=PALM(33,2061)* [filtered=5462]
cnt=2 s0=PALM(4697,1976)* s1=PALM(33,2061)* [filtered=5463]
cnt=2 s0=PALM(4697,1976)* s1=PALM(33,2061)* [filtered=5464]
cnt=2 s0=PALM(4697,1976)* s1=PALM(33,2061)* [filtered=5465]
cnt=2 s0=PALM(4697,1976)* s1=PALM(33,2061)* [filtered=5466]
cnt=2 s0=PALM(4697,1976)* s1=PALM(33,2061)* [filtered=5467]
cnt=2 s0=PALM(4697,1976)* s1=PALM(33,2061)* [filtered=5468]
cnt=2 s0=PALM(4697,1976)* s1=PALM(33,2061)* [filtered=5469]
cnt=2 s0=PALM(4697,1976)* s1=PALM(33,2061)* [filtered=5470]
cnt=2 s0=PALM(4697,1976)* s1=PALM(33,2061)* [filtered=5471]
cnt=2 s0=PALM(4697,1976)* s1=PALM(33,2061)* [filtered=5472]
cnt=2 s0=PALM(4697,1976)* s1=PALM(33,2061)* [filtered=5473]
cnt=2 s0=PALM(4697,1976)* s1=PALM(33,2061)* [filtered=5474]
cnt=2 s0=PALM(4697,1976)* s1=PALM(33,2061)* [filtered=5475]
cnt=2 s0=PALM(4697,1976)* s1=PALM(33,2061)* [filtered=5476]
cnt=2 s0=PALM(4697,1976)* s1=PALM(33,2061)* [filtered=5477]
cnt=2 s0=PALM(4697,1976)* s1=PALM(33,2061)* [filtered=5478]
cnt=2 s0=PALM(4697,1976)* s1=PALM(33,2061)* [filtered=5479]
cnt=2 s0=PALM(4697,1976)* s1=PALM(33,2061)* [filtered=5480]
cnt=2 s0=PALM(4697,1976)* s1=PALM(33,2061)* [filtered=5481]
cnt=2 s0=PALM(4697,1976)* s1=PALM(33,2061)* [filtered=5482]
cnt=2 s0=PALM(4697,1976)* s1=PALM(33,2060)* [filtered=5483]
cnt=2 s0=PALM(4697,1976)* s1=PALM(33,2060)* [filtered=5484]
cnt=2 s0=PALM(4697,1976)* s1=PALM(33,2060)* [filtered=5485]
cnt=2 s0=PALM(4697,1976)* s1=PALM(33,2060)* [filtered=5486]
cnt=2 s0=PALM(4697,1976)* s1=PALM(33,2060)* [filtered=5487]
cnt=2 s0=PALM(4697,1976)* s1=PALM(33,2060)* [filtered=5488]
cnt=2 s0=PALM(4697,1976)* s1=PALM(33,2060)* [filtered=5489]
cnt=2 s0=PALM(4697,1976)* s1=PALM(33,2060)* [filtered=5490]
cnt=2 s0=PALM(4697,1976)* s1=PALM(33,2060)* [filtered=5491]
cnt=2 s0=PALM(4697,1976)* s1=PALM(33,2060)* [filtered=5492]
cnt=2 s0=PALM(4697,1976)* s1=PALM(33,2060)* [filtered=5493]
cnt=2 s0=PALM(4697,1976)* s1=PALM(33,2060)* [filtered=5494]
cnt=2 s0=PALM(4697,1976)* s1=PALM(33,2060)* [filtered=5495]
cnt=2 s0=PALM(4697,1976)* s1=PALM(33,2060)* [filtered=5496]
cnt=2 s0=PALM(4697,1976)* s1=PALM(33,2060)* [filtered=5497]
cnt=2 s0=PALM(4697,1976)* s1=PALM(33,2060)* [filtered=5498]
cnt=2 s0=PALM(4697,1976)* s1=PALM(33,2060)* [filtered=5499]
cnt=2 s0=PALM(4697,1976)* s1=PALM(33,2060)* [filtered=5500]
cnt=2 s0=PALM(4697,1976)* s1=PALM(33,2060)* [filtered=5501]
cnt=2 s0=PALM(4697,1976)* s1=PALM(33,2060)* [filtered=5502]
cnt=2 s0=PALM(4697,1976)* s1=PALM(33,2060)* [filtered=5503]
cnt=2 s0=PALM(4697,1976)* s1=PALM(33,2060)* [filtered=5504]
cnt=2 s0=PALM(4697,1976)* s1=PALM(33,2060)* [filtered=5505]
cnt=2 s0=PALM(4697,1976)* s1=PALM(33,2060)* [filtered=5506]
cnt=2 s0=PALM(4697,1976)* s1=PALM(33,2060)* [filtered=5507]
cnt=2 s0=PALM(4697,1976)* s1=PALM(33,2060)* [filtered=5508]
cnt=2 s0=PALM(4697,1976)* s1=PALM(33,2060)* [filtered=5509]
cnt=2 s0=PALM(4697,1976)* s1=PALM(33,2060)* [filtered=5510]
cnt=2 s0=PALM(4697,1976)* s1=PALM(33,2060)* [filtered=5511]
cnt=2 s0=PALM(4697,1976)* s1=PALM(33,2060)* [filtered=5512]
cnt=2 s0=PALM(4697,1976)* s1=PALM(33,2060)* [filtered=5513]
cnt=2 s0=PALM(4697,1976)* s1=PALM(33,2060)* [filtered=5514]
cnt=2 s0=PALM(4697,1976)* s1=PALM(33,2060)* [filtered=5515]
cnt=2 s0=PALM(4697,1976)* s1=PALM(33,2060)* [filtered=5516]
cnt=2 s0=PALM(4697,1976)* s1=PALM(33,2060)* [filtered=5517]
cnt=2 s0=PALM(4697,1976)* s1=PALM(33,2060)* [filtered=5518]
cnt=2 s0=PALM(4697,1976)* s1=PALM(33,2060)* [filtered=5519]
cnt=2 s0=PALM(4697,1976)* s1=PALM(33,2060)* [filtered=5520]
cnt=2 s0=PALM(4697,1976)* s1=PALM(33,2060)* [filtered=5521]
cnt=2 s0=PALM(4697,1976)* s1=PALM(33,2060)* [filtered=5522]
cnt=2 s0=PALM(4697,1976)* s1=PALM(33,2060)* [filtered=5523]
cnt=2 s0=PALM(4697,1976)* s1=PALM(33,2060)* [filtered=5524]
cnt=2 s0=PALM(4697,1976)* s1=PALM(33,2060)* [filtered=5525]
cnt=2 s0=PALM(4697,1976)* s1=PALM(33,2060)* [filtered=5526]
cnt=2 s0=PALM(4697,1976)* s1=PALM(33,2060)* [filtered=5527]
cnt=2 s0=PALM(4697,1976)* s1=PALM(33,2060)* [filtered=5528]
cnt=2 s0=PALM(4697,1976)* s1=PALM(33,2060)* [filtered=5529]
cnt=2 s0=PALM(4697,1976)* s1=PALM(33,2060)* [filtered=5530]
cnt=2 s0=PALM(4697,1976)* s1=PALM(33,2060)* [filtered=5531]
cnt=2 s0=PALM(4697,1976)* s1=PALM(33,2060)* [filtered=5532]
cnt=2 s0=PALM(4697,1976)* s1=PALM(33,2060)* [filtered=5533]
cnt=2 s0=PALM(4697,1976)* s1=PALM(33,2060)* [filtered=5534]
cnt=2 s0=PALM(4697,1976)* s1=PALM(33,2060)* [filtered=5535]
cnt=2 s0=PALM(4697,1976)* s1=PALM(33,2060)* [filtered=5536]
cnt=2 s0=PALM(4697,1976)* s1=PALM(33,2060)* [filtered=5537]
cnt=2 s0=PALM(4697,1976)* s1=PALM(33,2060)* [filtered=5538]
cnt=2 s0=PALM(4697,1976)* s1=PALM(33,2060)* [filtered=5539]
cnt=2 s0=PALM(4697,1976)* s1=PALM(33,2060)* [filtered=5540]
cnt=2 s0=PALM(4697,1976)* s1=PALM(33,2060)* [filtered=5541]
cnt=2 s0=PALM(4697,1976)* s1=PALM(33,2060)* [filtered=5542]
cnt=2 s0=PALM(4697,1976)* s1=PALM(33,2060)* [filtered=5543]
cnt=2 s0=PALM(4697,1976)* s1=PALM(33,2060)* [filtered=5544]
cnt=2 s0=PALM(4697,1976)* s1=PALM(33,2060)* [filtered=5545]
cnt=2 s0=PALM(4697,1976)* s1=PALM(33,2060)* [filtered=5546]
cnt=2 s0=PALM(4697,1976)* s1=PALM(33,2060)* [filtered=5547]
cnt=2 s0=PALM(4697,1976)* s1=PALM(33,2060)* [filtered=5548]
cnt=2 s0=PALM(4697,1976)* s1=PALM(33,2060)* [filtered=5549]
cnt=2 s0=PALM(4697,1976)* s1=PALM(33,2060)* [filtered=5550]
cnt=2 s0=PALM(4697,1976)* s1=PALM(33,2060)* [filtered=5551]
cnt=2 s0=PALM(4697,1976)* s1=PALM(33,2060)* [filtered=5552]
cnt=2 s0=PALM(4697,1976)* s1=PALM(33,2060)* [filtered=5553]
cnt=2 s0=PALM(4697,1976)* s1=PALM(33,2060)* [filtered=5554]
cnt=2 s0=PALM(4697,1976)* s1=PALM(33,2060)* [filtered=5555]
cnt=2 s0=PALM(4697,1976)* s1=PALM(33,2060)* [filtered=5556]
cnt=2 s0=PALM(4697,1976)* s1=PALM(33,2060)* [filtered=5557]
cnt=2 s0=PALM(4697,1976)* s1=PALM(33,2060)* [filtered=5558]
cnt=2 s0=PALM(4697,1976)* s1=PALM(33,2060)* [filtered=5559]
cnt=2 s0=PALM(4697,1976)* s1=PALM(33,2060)* [filtered=5560]
cnt=2 s0=PALM(4697,1976)* s1=PALM(33,2060)* [filtered=5561]
cnt=2 s0=PALM(4697,1976)* s1=PALM(33,2060)* [filtered=5562]
cnt=2 s0=PALM(4697,1976)* s1=PALM(33,2060)* [filtered=5563]
cnt=2 s0=PALM(4697,1976)* s1=PALM(33,2060)* [filtered=5564]
cnt=2 s0=PALM(4697,1976)* s1=PALM(33,2060)* [filtered=5565]
cnt=2 s0=PALM(4697,1976)* s1=PALM(33,2060)* [filtered=5566]
cnt=2 s0=PALM(4697,1976)* s1=PALM(33,2060)* [filtered=5567]
cnt=2 s0=PALM(4697,1976)* s1=PALM(33,2060)* [filtered=5568]
cnt=2 s0=PALM(4697,1976)* s1=PALM(33,2060)* [filtered=5569]
cnt=2 s0=PALM(4697,1976)* s1=PALM(33,2060)* [filtered=5570]
cnt=2 s0=PALM(4697,1976)* s1=PALM(33,2060)* [filtered=5571]
cnt=2 s0=PALM(4697,1976)* s1=PALM(33,2060)* [filtered=5572]
cnt=2 s0=PALM(4697,1976)* s1=PALM(33,2060)* [filtered=5573]
cnt=2 s0=PALM(4697,1976)* s1=PALM(33,2060)* [filtered=5574]
cnt=2 s0=PALM(4697,1976)* s1=PALM(33,2060)* [filtered=5575]
cnt=2 s0=PALM(4697,1976)* s1=PALM(33,2060)* [filtered=5576]
cnt=2 s0=PALM(4697,1976)* s1=PALM(33,2060)* [filtered=5577]
cnt=2 s0=PALM(4697,1976)* s1=PALM(33,2060)* [filtered=5578]
cnt=2 s0=PALM(4697,1976)* s1=PALM(33,2060)* [filtered=5579]
cnt=2 s0=PALM(4697,1976)* s1=PALM(33,2060)* [filtered=5580]
cnt=2 s0=PALM(4697,1976)* s1=PALM(33,2060)* [filtered=5581]
cnt=2 s0=PALM(4697,1976)* s1=PALM(33,2060)* [filtered=5582]
cnt=2 s0=PALM(4697,1976)* s1=PALM(33,2060)* [filtered=5583]
cnt=2 s0=PALM(4697,1976)* s1=PALM(33,2060)* [filtered=5584]
cnt=2 s0=PALM(4697,1976)* s1=PALM(33,2060)* [filtered=5585]
cnt=2 s0=PALM(4697,1976)* s1=PALM(33,2060)* [filtered=5586]
cnt=2 s0=PALM(4697,1976)* s1=PALM(33,2060)* [filtered=5587]
cnt=2 s0=PALM(4697,1976)* s1=PALM(33,2060)* [filtered=5588]
cnt=2 s0=PALM(4697,1976)* s1=PALM(33,2060)* [filtered=5589]
cnt=2 s0=PALM(4697,1976)* s1=PALM(33,2060)* [filtered=5590]
cnt=2 s0=PALM(4697,1976)* s1=PALM(33,2060)* [filtered=5591]
cnt=2 s0=PALM(4697,1976)* s1=PALM(33,2060)* [filtered=5592]
cnt=2 s0=PALM(4697,1976)* s1=PALM(33,2060)* [filtered=5593]
cnt=2 s0=PALM(4697,1976)* s1=PALM(33,2060)* [filtered=5594]
cnt=2 s0=PALM(4697,1976)* s1=PALM(33,2060)* [filtered=5595]
cnt=2 s0=PALM(4697,1976)* s1=PALM(33,2060)* [filtered=5596]
cnt=2 s0=PALM(4697,1976)* s1=PALM(33,2060)* [filtered=5597]
cnt=2 s0=PALM(4697,1976)* s1=PALM(33,2060)* [filtered=5598]
cnt=2 s0=PALM(4697,1976)* s1=PALM(33,2060)* [filtered=5599]
cnt=2 s0=PALM(4697,1976)* s1=PALM(33,2060)* [filtered=5600]
cnt=2 s0=PALM(4697,1976)* s1=PALM(33,2060)* [filtered=5601]
cnt=2 s0=PALM(4697,1976)* s1=PALM(33,2060)* [filtered=5602]
cnt=2 s0=PALM(4697,1976)* s1=PALM(33,2060)* [filtered=5603]
cnt=2 s0=PALM(4697,1976)* s1=PALM(33,2060)* [filtered=5604]
cnt=2 s0=PALM(4697,1976)* s1=PALM(33,2060)* [filtered=5605]
cnt=2 s0=PALM(4697,1976)* s1=PALM(33,2060)* [filtered=5606]
cnt=2 s0=PALM(4697,1976)* s1=PALM(33,2060)* [filtered=5607]
cnt=2 s0=PALM(4697,1976)* s1=PALM(33,2060)* [filtered=5608]
cnt=2 s0=PALM(4697,1976)* s1=PALM(33,2060)* [filtered=5609]
cnt=2 s0=PALM(4697,1976)* s1=PALM(33,2060)* [filtered=5610]
cnt=2 s0=PALM(4697,1976)* s1=PALM(33,2060)* [filtered=5611]
cnt=2 s0=PALM(4697,1976)* s1=PALM(33,2060)* [filtered=5612]
cnt=2 s0=PALM(4697,1976)* s1=PALM(33,2060)* [filtered=5613]
cnt=2 s0=PALM(4697,1976)* s1=PALM(33,2060)* [filtered=5614]
cnt=2 s0=PALM(4697,1976)* s1=PALM(33,2060)* [filtered=5615]
cnt=2 s0=PALM(4697,1976)* s1=PALM(33,2060)* [filtered=5616]
cnt=2 s0=PALM(4697,1976)* s1=PALM(33,2060)* [filtered=5617]
cnt=2 s0=PALM(4697,1976)* s1=PALM(33,2060)* [filtered=5618]
cnt=2 s0=PALM(4697,1976)* s1=PALM(33,2060)* [filtered=5619]
cnt=2 s0=PALM(4697,1976)* s1=PALM(33,2060)* [filtered=5620]
cnt=2 s0=PALM(4697,1976)* s1=PALM(33,2060)* [filtered=5621]
cnt=2 s0=PALM(4697,1976)* s1=PALM(33,2060)* [filtered=5622]
cnt=2 s0=PALM(4697,1976)* s1=PALM(33,2060)* [filtered=5623]
cnt=2 s0=PALM(4697,1976)* s1=PALM(33,2060)* [filtered=5624]
cnt=2 s0=PALM(4697,1976)* s1=PALM(33,2060)* [filtered=5625]
cnt=2 s0=PALM(4697,1976)* s1=PALM(33,2060)* [filtered=5626]
cnt=2 s0=PALM(4697,1976)* s1=PALM(33,2060)* [filtered=5627]
cnt=2 s0=PALM(4697,1976)* s1=PALM(33,2060)* [filtered=5628]
cnt=2 s0=PALM(4697,1976)* s1=PALM(33,2060)* [filtered=5629]
cnt=2 s0=PALM(4697,1976)* s1=PALM(33,2060)* [filtered=5630]
cnt=2 s0=PALM(4697,1976)* s1=PALM(33,2060)* [filtered=5631]
cnt=2 s0=PALM(4697,1976)* s1=PALM(33,2060)* [filtered=5632]
cnt=2 s0=PALM(4697,1976)* s1=PALM(33,2060)* [filtered=5633]
cnt=2 s0=PALM(4697,1976)* s1=PALM(33,2060)* [filtered=5634]
cnt=2 s0=PALM(4697,1976)* s1=PALM(33,2060)* [filtered=5635]
cnt=2 s0=PALM(4697,1976)* s1=PALM(33,2060)* [filtered=5636]
cnt=2 s0=PALM(4697,1976)* s1=PALM(33,2060)* [filtered=5637]
cnt=2 s0=PALM(4697,1976)* s1=PALM(33,2060)* [filtered=5638]
cnt=2 s0=PALM(4697,1976)* s1=PALM(33,2060)* [filtered=5639]
cnt=2 s0=PALM(4697,1976)* s1=PALM(33,2060)* [filtered=5640]
cnt=2 s0=PALM(4697,1976)* s1=PALM(33,2060)* [filtered=5641]
cnt=2 s0=PALM(4697,1976)* s1=PALM(33,2060)* [filtered=5642]
cnt=2 s0=PALM(4697,1976)* s1=PALM(33,2060)* [filtered=5643]
cnt=2 s0=PALM(4697,1976)* s1=PALM(33,2060)* [filtered=5644]
cnt=2 s0=PALM(4697,1976)* s1=PALM(33,2060)* [filtered=5645]
cnt=2 s0=PALM(4697,1976)* s1=PALM(33,2060)* [filtered=5646]
cnt=2 s0=PALM(4697,1976)* s1=PALM(33,2060)* [filtered=5647]
cnt=2 s0=PALM(4697,1976)* s1=PALM(33,2060)* [filtered=5648]
cnt=2 s0=PALM(4697,1976)* s1=PALM(33,2060)* [filtered=5649]
cnt=2 s0=PALM(4697,1976)* s1=PALM(33,2060)* [filtered=5650]
cnt=2 s0=PALM(4697,1976)* s1=PALM(33,2060)* [filtered=5651]
cnt=2 s0=PALM(4697,1976)* s1=PALM(33,2060)* [filtered=5652]
cnt=2 s0=PALM(4697,1976)* s1=PALM(33,2060)* [filtered=5653]
cnt=2 s0=PALM(4697,1976)* s1=PALM(33,2060)* [filtered=5654]
cnt=2 s0=PALM(4697,1976)* s1=PALM(33,2060)* [filtered=5655]
cnt=2 s0=PALM(4697,1976)* s1=PALM(33,2060)* [filtered=5656]
cnt=2 s0=PALM(4697,1976)* s1=PALM(33,2060)* [filtered=5657]
cnt=2 s0=PALM(4697,1976)* s1=PALM(33,2060)* [filtered=5658]
cnt=2 s0=PALM(4697,1976)* s1=PALM(33,2060)* [filtered=5659]
cnt=2 s0=PALM(4697,1976)* s1=PALM(33,2060)* [filtered=5660]
cnt=2 s0=PALM(4697,1976)* s1=PALM(33,2060)* [filtered=5661]
cnt=2 s0=PALM(4697,1976)* s1=PALM(33,2060)* [filtered=5662]
cnt=2 s0=PALM(4697,1976)* s1=PALM(33,2060)* [filtered=5663]
cnt=2 s0=PALM(4697,1976)* s1=PALM(33,2060)* [filtered=5664]
cnt=2 s0=PALM(4697,1976)* s1=PALM(33,2060)* [filtered=5665]
cnt=2 s0=PALM(4697,1976)* s1=PALM(33,2060)* [filtered=5666]
cnt=2 s0=PALM(4697,1976)* s1=PALM(33,2060)* [filtered=5667]
cnt=2 s0=PALM(4697,1976)* s1=PALM(33,2060)* [filtered=5668]
cnt=2 s0=PALM(4697,1976)* s1=PALM(33,2060)* [filtered=5669]
cnt=2 s0=PALM(4697,1976)* s1=PALM(33,2060)* [filtered=5670]
cnt=2 s0=PALM(4697,1976)* s1=PALM(33,2060)* [filtered=5671]
cnt=2 s0=PALM(4697,1976)* s1=PALM(33,2060)* [filtered=5672]
cnt=2 s0=PALM(4697,1976)* s1=PALM(33,2060)* [filtered=5673]
cnt=2 s0=PALM(4697,1976)* s1=PALM(33,2060)* [filtered=5674]
cnt=2 s0=PALM(4697,1976)* s1=PALM(33,2060)* [filtered=5675]
cnt=2 s0=PALM(4697,1976)* s1=PALM(33,2060)* [filtered=5676]
cnt=2 s0=PALM(4697,1976)* s1=PALM(33,2060)* [filtered=5677]
cnt=2 s0=PALM(4697,1976)* s1=PALM(33,2060)* [filtered=5678]
cnt=2 s0=PALM(4697,1976)* s1=PALM(33,2060)* [filtered=5679]
cnt=2 s0=PALM(4697,1976)* s1=PALM(33,2060)* [filtered=5680]
cnt=2 s0=PALM(4697,1976)* s1=PALM(33,2060)* [filtered=5681]
cnt=2 s0=PALM(4697,1976)* s1=PALM(33,2060)* [filtered=5682]
cnt=2 s0=PALM(4697,1976)* s1=PALM(33,2060)* [filtered=5683]
cnt=2 s0=PALM(4697,1976)* s1=PALM(33,2060)* [filtered=5684]
cnt=2 s0=PALM(4697,1976)* s1=PALM(33,2060)* [filtered=5685]
cnt=2 s0=PALM(4697,1976)* s1=PALM(33,2060)* [filtered=5686]
cnt=2 s0=PALM(4697,1976)* s1=PALM(33,2060)* [filtered=5687]
cnt=2 s0=PALM(4697,1976)* s1=PALM(33,2060)* [filtered=5688]
cnt=2 s0=PALM(4697,1976)* s1=PALM(33,2060)* [filtered=5689]
cnt=2 s0=PALM(4697,1976)* s1=PALM(33,2060)* [filtered=5690]
cnt=2 s0=PALM(4697,1976)* s1=PALM(33,2060)* [filtered=5691]
cnt=2 s0=PALM(4697,1976)* s1=PALM(33,2060)* [filtered=5692]
cnt=2 s0=PALM(4697,1976)* s1=PALM(33,2060)* [filtered=5693]
cnt=2 s0=PALM(4697,1976)* s1=PALM(33,2060)* [filtered=5694]
cnt=2 s0=PALM(4697,1976)* s1=PALM(33,2060)* [filtered=5695]
cnt=2 s0=PALM(4697,1976)* s1=PALM(33,2060)* [filtered=5696]
cnt=2 s0=PALM(4697,1976)* s1=PALM(33,2060)* [filtered=5697]
cnt=2 s0=PALM(4697,1976)* s1=PALM(33,2060)* [filtered=5698]
cnt=2 s0=PALM(4697,1976)* s1=PALM(33,2060)* [filtered=5699]
cnt=2 s0=PALM(4697,1976)* s1=PALM(33,2060)* [filtered=5700]
cnt=2 s0=PALM(4697,1976)* s1=PALM(33,2060)* [filtered=5701]
cnt=2 s0=PALM(4697,1976)* s1=PALM(33,2060)* [filtered=5702]
cnt=2 s0=PALM(4697,1976)* s1=PALM(33,2060)* [filtered=5703]
cnt=2 s0=PALM(4697,1976)* s1=PALM(33,2060)* [filtered=5704]
cnt=2 s0=PALM(4697,1976)* s1=PALM(33,2060)* [filtered=5705]
cnt=2 s0=PALM(4697,1976)* s1=PALM(33,2060)* [filtered=5706]
cnt=2 s0=PALM(4697,1976)* s1=PALM(33,2060)* [filtered=5707]
cnt=2 s0=PALM(4697,1976)* s1=PALM(33,2060)* [filtered=5708]
cnt=2 s0=PALM(4697,1976)* s1=PALM(33,2060)* [filtered=5709]
cnt=2 s0=PALM(4697,1976)* s1=PALM(33,2060)* [filtered=5710]
cnt=2 s0=PALM(4697,1976)* s1=PALM(33,2060)* [filtered=5711]
cnt=2 s0=PALM(4697,1976)* s1=PALM(33,2060)* [filtered=5712]
cnt=2 s0=PALM(4697,1976)* s1=PALM(33,2060)* [filtered=5713]
cnt=2 s0=PALM(4697,1976)* s1=PALM(33,2060)* [filtered=5714]
cnt=2 s0=PALM(4697,1976)* s1=PALM(33,2060)* [filtered=5715]
cnt=2 s0=PALM(4697,1976)* s1=PALM(33,2060)* [filtered=5716]
cnt=2 s0=PALM(4697,1976)* s1=PALM(33,2060)* [filtered=5717]
cnt=2 s0=PALM(4697,1976)* s1=PALM(33,2060)* [filtered=5718]
cnt=2 s0=PALM(4697,1976)* s1=PALM(33,2060)* [filtered=5719]
cnt=2 s0=PALM(4697,1976)* s1=PALM(33,2060)* [filtered=5720]
cnt=2 s0=PALM(4697,1976)* s1=PALM(33,2060)* [filtered=5721]
cnt=2 s0=PALM(4697,1976)* s1=PALM(33,2060)* [filtered=5722]
cnt=2 s0=PALM(4697,1976)* s1=PALM(33,2060)* [filtered=5723]
cnt=2 s0=PALM(4697,1976)* s1=PALM(33,2060)* [filtered=5724]
cnt=2 s0=PALM(4697,1976)* s1=PALM(33,2060)* [filtered=5725]
cnt=2 s0=PALM(4697,1976)* s1=PALM(33,2060)* [filtered=5726]
cnt=2 s0=PALM(4697,1976)* s1=PALM(33,2060)* [filtered=5727]
cnt=2 s0=PALM(4697,1976)* s1=PALM(33,2060)* [filtered=5728]
cnt=2 s0=PALM(4697,1976)* s1=PALM(33,2060)* [filtered=5729]
cnt=2 s0=PALM(4697,1976)* s1=PALM(33,2060)* [filtered=5730]
cnt=2 s0=PALM(4697,1976)* s1=PALM(33,2060)* [filtered=5731]
cnt=2 s0=PALM(4697,1976)* s1=PALM(33,2060)* [filtered=5732]
cnt=2 s0=PALM(4697,1976)* s1=PALM(33,2060)* [filtered=5733]
cnt=2 s0=PALM(4697,1976)* s1=PALM(33,2060)* [filtered=5734]
cnt=2 s0=PALM(4697,1976)* s1=PALM(33,2060)* [filtered=5735]
cnt=2 s0=PALM(4697,1976)* s1=PALM(33,2060)* [filtered=5736]
cnt=2 s0=PALM(4697,1976)* s1=PALM(33,2060)* [filtered=5737]
cnt=2 s0=PALM(4697,1976)* s1=PALM(33,2060)* [filtered=5738]
cnt=2 s0=PALM(4697,1976)* s1=PALM(33,2060)* [filtered=5739]
cnt=2 s0=PALM(4697,1976)* s1=PALM(33,2060)* [filtered=5740]
cnt=2 s0=PALM(4697,1976)* s1=PALM(33,2060)* [filtered=5741]
cnt=2 s0=PALM(4697,1976)* s1=PALM(33,2060)* [filtered=5742]
cnt=2 s0=PALM(4697,1976)* s1=PALM(33,2060)* [filtered=5743]
cnt=2 s0=PALM(4697,1976)* s1=PALM(33,2060)* [filtered=5744]
cnt=2 s0=PALM(4697,1976)* s1=PALM(33,2060)* [filtered=5745]
cnt=2 s0=PALM(4697,1976)* s1=PALM(33,2060)* [filtered=5746]
cnt=2 s0=PALM(4697,1976)* s1=PALM(33,2060)* [filtered=5747]
cnt=2 s0=PALM(4697,1976)* s1=PALM(33,2060)* [filtered=5748]
cnt=2 s0=PALM(4697,1976)* s1=PALM(33,2060)* [filtered=5749]
cnt=2 s0=PALM(4697,1976)* s1=PALM(33,2060)* [filtered=5750]
cnt=2 s0=PALM(4697,1976)* s1=PALM(33,2060)* [filtered=5751]
cnt=2 s0=PALM(4697,1976)* s1=PALM(33,2060)* [filtered=5752]
cnt=2 s0=PALM(4697,1976)* s1=PALM(33,2060)* [filtered=5753]
cnt=2 s0=PALM(4697,1976)* s1=PALM(33,2060)* [filtered=5754]
cnt=2 s0=PALM(4697,1976)* s1=PALM(33,2060)* [filtered=5755]
cnt=2 s0=PALM(4697,1976)* s1=PALM(33,2060)* [filtered=5756]
cnt=2 s0=PALM(4697,1976)* s1=PALM(33,2060)* [filtered=5757]
cnt=2 s0=PALM(4697,1976)* s1=PALM(33,2060)* [filtered=5758]
cnt=2 s0=PALM(4697,1976)* s1=PALM(33,2060)* [filtered=5759]
cnt=2 s0=PALM(4697,1976)* s1=PALM(33,2060)* [filtered=5760]
cnt=2 s0=PALM(4697,1976)* s1=PALM(33,2060)* [filtered=5761]
cnt=2 s0=PALM(4697,1976)* s1=PALM(33,2060)* [filtered=5762]
cnt=2 s0=PALM(4697,1976)* s1=PALM(33,2060)* [filtered=5763]
cnt=2 s0=PALM(4697,1976)* s1=PALM(33,2060)* [filtered=5764]
cnt=2 s0=PALM(4697,1976)* s1=PALM(33,2060)* [filtered=5765]
cnt=2 s0=PALM(4697,1976)* s1=PALM(33,2060)* [filtered=5766]
cnt=2 s0=PALM(4697,1976)* s1=PALM(33,2060)* [filtered=5767]
cnt=2 s0=PALM(4697,1976)* s1=PALM(33,2060)* [filtered=5768]
cnt=2 s0=PALM(4697,1976)* s1=PALM(33,2060)* [filtered=5769]
cnt=2 s0=PALM(4697,1976)* s1=PALM(33,2060)* [filtered=5770]
cnt=2 s0=PALM(4697,1976)* s1=PALM(33,2060)* [filtered=5771]
cnt=2 s0=PALM(4697,1976)* s1=PALM(33,2060)* [filtered=5772]
cnt=2 s0=PALM(4697,1976)* s1=PALM(33,2060)* [filtered=5773]
cnt=2 s0=PALM(4697,1976)* s1=PALM(33,2060)* [filtered=5774]
cnt=2 s0=PALM(4697,1976)* s1=PALM(33,2060)* [filtered=5775]
cnt=2 s0=PALM(4697,1976)* s1=PALM(33,2060)* [filtered=5776]
cnt=2 s0=PALM(4697,1976)* s1=PALM(33,2060)* [filtered=5777]
cnt=2 s0=PALM(4697,1976)* s1=PALM(33,2060)* [filtered=5778]
cnt=2 s0=PALM(4697,1976)* s1=PALM(33,2060)* [filtered=5779]
cnt=2 s0=PALM(4697,1976)* s1=PALM(33,2060)* [filtered=5780]
cnt=2 s0=PALM(4697,1976)* s1=PALM(33,2060)* [filtered=5781]
cnt=2 s0=PALM(4697,1976)* s1=PALM(33,2060)* [filtered=5782]
cnt=2 s0=PALM(4697,1976)* s1=PALM(33,2060)* [filtered=5783]
cnt=2 s0=PALM(4697,1976)* s1=PALM(33,2060)* [filtered=5784]
cnt=2 s0=PALM(4697,1976)* s1=PALM(33,2060)* [filtered=5785]
cnt=2 s0=PALM(4697,1976)* s1=PALM(33,2060)* [filtered=5786]
cnt=2 s0=PALM(4697,1976)* s1=PALM(33,2060)* [filtered=5787]
cnt=2 s0=PALM(4697,1976)* s1=PALM(33,2060)* [filtered=5788]
cnt=2 s0=PALM(4697,1976)* s1=PALM(33,2060)* [filtered=5789]
cnt=2 s0=PALM(4697,1976)* s1=PALM(33,2060)* [filtered=5790]
cnt=2 s0=PALM(4697,1976)* s1=PALM(33,2060)* [filtered=5791]
cnt=2 s0=PALM(4697,1976)* s1=PALM(33,2060)* [filtered=5792]
cnt=2 s0=PALM(4697,1976)* s1=PALM(33,2060)* [filtered=5793]
cnt=2 s0=PALM(4697,1976)* s1=PALM(33,2060)* [filtered=5794]
cnt=2 s0=PALM(4697,1976)* s1=PALM(33,2060)* [filtered=5795]
cnt=2 s0=PALM(4697,1976)* s1=PALM(33,2060)* [filtered=5796]
cnt=2 s0=PALM(4697,1976)* s1=PALM(33,2060)* [filtered=5797]
cnt=2 s0=PALM(4697,1976)* s1=PALM(33,2060)* [filtered=5798]
cnt=2 s0=PALM(4697,1976)* s1=PALM(33,2060)* [filtered=5799]
cnt=2 s0=PALM(4697,1976)* s1=PALM(33,2060)* [filtered=5800]
cnt=2 s0=PALM(4697,1976)* s1=PALM(33,2060)* [filtered=5801]
cnt=2 s0=PALM(4697,1976)* s1=PALM(33,2060)* [filtered=5802]
cnt=2 s0=PALM(4697,1976)* s1=PALM(33,2060)* [filtered=5803]
cnt=2 s0=PALM(4697,1976)* s1=PALM(33,2060)* [filtered=5804]
cnt=2 s0=PALM(4697,1976)* s1=PALM(33,2060)* [filtered=5805]
cnt=2 s0=PALM(4697,1976)* s1=PALM(33,2060)* [filtered=5806]
cnt=2 s0=PALM(4697,1976)* s1=PALM(33,2060)* [filtered=5807]
cnt=2 s0=PALM(4697,1976)* s1=PALM(33,2060)* [filtered=5808]
cnt=2 s0=PALM(4697,1976)* s1=PALM(33,2060)* [filtered=5809]
cnt=2 s0=PALM(4697,1976)* s1=PALM(33,2060)* [filtered=5810]
cnt=2 s0=PALM(4697,1976)* s1=PALM(33,2060)* [filtered=5811]
cnt=2 s0=PALM(4697,1976)* s1=PALM(33,2060)* [filtered=5812]
cnt=2 s0=PALM(4697,1976)* s1=PALM(33,2060)* [filtered=5813]
cnt=2 s0=PALM(4697,1976)* s1=PALM(33,2060)* [filtered=5814]
cnt=2 s0=PALM(4697,1976)* s1=PALM(33,2060)* [filtered=5815]
cnt=2 s0=PALM(4697,1976)* s1=PALM(33,2060)* [filtered=5816]
cnt=2 s0=PALM(4697,1976)* s1=PALM(33,2060)* [filtered=5817]
cnt=2 s0=PALM(4697,1976)* s1=PALM(33,2060)* [filtered=5818]
cnt=2 s0=PALM(4697,1976)* s1=PALM(33,2060)* [filtered=5819]
cnt=2 s0=PALM(4697,1976)* s1=PALM(33,2060)* [filtered=5820]
cnt=2 s0=PALM(4697,1976)* s1=PALM(33,2060)* [filtered=5821]
cnt=2 s0=PALM(4697,1976)* s1=PALM(33,2060)* [filtered=5822]
cnt=2 s0=PALM(4697,1976)* s1=PALM(33,2060)* [filtered=5823]
cnt=2 s0=PALM(4697,1976)* s1=PALM(33,2060)* [filtered=5824]
cnt=2 s0=PALM(4697,1976)* s1=PALM(33,2060)* [filtered=5825]
cnt=2 s0=PALM(4697,1976)* s1=PALM(33,2060)* [filtered=5826]
cnt=2 s0=PALM(4697,1976)* s1=PALM(33,2060)* [filtered=5827]
cnt=2 s0=PALM(4697,1976)* s1=PALM(33,2060)* [filtered=5828]
cnt=2 s0=PALM(4697,1976)* s1=PALM(33,2060)* [filtered=5829]
cnt=2 s0=PALM(4697,1976)* s1=PALM(33,2060)* [filtered=5830]
cnt=2 s0=PALM(4697,1976)* s1=PALM(33,2060)* [filtered=5831]
cnt=2 s0=PALM(4697,1976)* s1=PALM(33,2060)* [filtered=5832]
cnt=2 s0=PALM(4697,1976)* s1=PALM(33,2060)* [filtered=5833]
cnt=2 s0=PALM(4697,1976)* s1=PALM(33,2060)* [filtered=5834]
cnt=2 s0=PALM(4697,1976)* s1=PALM(33,2060)* [filtered=5835]
cnt=2 s0=PALM(4697,1976)* s1=PALM(33,2060)* [filtered=5836]
cnt=2 s0=PALM(4697,1976)* s1=PALM(33,2060)* [filtered=5837]
cnt=2 s0=PALM(4697,1976)* s1=PALM(33,2060)* [filtered=5838]
cnt=2 s0=PALM(4697,1976)* s1=PALM(33,2060)* [filtered=5839]
cnt=2 s0=PALM(4697,1976)* s1=PALM(33,2060)* [filtered=5840]
cnt=2 s0=PALM(4697,1976)* s1=PALM(33,2060)* [filtered=5841]
cnt=2 s0=PALM(4697,1976)* s1=PALM(33,2060)* [filtered=5842]
cnt=2 s0=PALM(4697,1976)* s1=PALM(33,2060)* [filtered=5843]
cnt=2 s0=PALM(4697,1976)* s1=PALM(33,2060)* [filtered=5844]
cnt=2 s0=PALM(4697,1976)* s1=PALM(33,2060)* [filtered=5845]
cnt=2 s0=PALM(4697,1976)* s1=PALM(33,2060)* [filtered=5846]
cnt=2 s0=PALM(4697,1976)* s1=PALM(33,2060)* [filtered=5847]
cnt=2 s0=PALM(4697,1976)* s1=PALM(33,2060)* [filtered=5848]
cnt=2 s0=PALM(4697,1976)* s1=PALM(33,2060)* [filtered=5849]
cnt=2 s0=PALM(4697,1976)* s1=PALM(33,2060)* [filtered=5850]
cnt=2 s0=PALM(4697,1976)* s1=PALM(33,2060)* [filtered=5851]
cnt=2 s0=PALM(4697,1976)* s1=PALM(33,2060)* [filtered=5852]
cnt=2 s0=PALM(4697,1976)* s1=PALM(33,2060)* [filtered=5853]
cnt=2 s0=PALM(4697,1976)* s1=PALM(33,2060)* [filtered=5854]
cnt=2 s0=PALM(4697,1976)* s1=PALM(33,2060)* [filtered=5855]
cnt=2 s0=PALM(4697,1976)* s1=PALM(33,2060)* [filtered=5856]
cnt=2 s0=PALM(4697,1976)* s1=PALM(33,2060)* [filtered=5857]
cnt=2 s0=PALM(4697,1976)* s1=PALM(33,2060)* [filtered=5858]
cnt=2 s0=PALM(4697,1976)* s1=PALM(33,2060)* [filtered=5859]
cnt=1 s1=fng (33,2060)* [filtered=5859]
cnt=1 s1=fng (33,2060)* [filtered=5859]
cnt=1 s1=fng (33,2060)* [filtered=5859]
cnt=1 s1=fng (33,2060)* [filtered=5859]
cnt=1 s1=fng (33,2060)* [filtered=5859]
cnt=1 s1=fng (33,2060)* [filtered=5859]
cnt=1 s1=fng (33,2060)* [filtered=5859]
cnt=1 s1=fng (33,2060)* [filtered=5859]
cnt=1 s1=fng (33,2060)* [filtered=5859]
cnt=1 s1=fng (33,2060)* [filtered=5859]
cnt=1 s1=fng (33,2060)* [filtered=5859]
cnt=1 s1=fng (33,2060)* [filtered=5859]
cnt=1 s1=fng (33,2060)* [filtered=5859]
cnt=1 s1=fng (33,2060)* [filtered=5859]
cnt=1 s1=fng (33,2060)* [filtered=5859]
cnt=1 s1=fng (33,2060)* [filtered=5859]
cnt=1 s1=fng (33,2060)* [filtered=5859]
cnt=1 s1=fng (33,2060)* [filtered=5859]
cnt=1 s1=fng (33,2060)* [filtered=5859]
cnt=1 s1=fng (33,2060)* [filtered=5859]
cnt=1 s1=fng (33,2060)* [filtered=5859]
cnt=1 s1=fng (33,2060)* [filtered=5859]
cnt=1 s1=fng (33,2060)* [filtered=5859]
cnt=1 s1=fng (33,2060)* [filtered=5859]
cnt=1 s1=fng (33,2060)* [filtered=5859]
cnt=1 s1=fng (33,2060)* [filtered=5859]
cnt=1 s1=fng (33,2060)* [filtered=5859]
cnt=1 s1=fng (33,2060)* [filtered=5859]
cnt=1 s1=fng (33,2060)* [filtered=5859]
cnt=1 s1=fng (33,2060)* [filtered=5859]
cnt=1 s1=fng (33,2060)* [filtered=5859]
cnt=1 s1=fng (33,2060)* [filtered=5859]
cnt=1 s1=fng (33,2060)* [filtered=5859]
cnt=1 s1=fng (33,2060)* [filtered=5859]
cnt=1 s1=fng (33,2060)* [filtered=5859]
cnt=1 s1=fng (33,2060)* [filtered=5859]
cnt=1 s1=fng (33,2060)* [filtered=5859]
cnt=1 s1=fng (33,2060)* [filtered=5859]
cnt=1 s1=fng (33,2060)* [filtered=5859]
cnt=1 s1=fng (33,2060)* [filtered=5859]
cnt=1 s1=fng (33,2060)* [filtered=5859]
cnt=1 s1=fng (33,2060)* [filtered=5859]
cnt=1 s1=fng (33,2060)* [filtered=5859]
cnt=1 s1=fng (33,2060)* [filtered=5859]
cnt=1 s1=fng (33,2060)* [filtered=5859]
cnt=1 s1=fng (33,2060)* [filtered=5859]
cnt=1 s1=fng (33,2060)* [filtered=5859]
cnt=1 s1=fng (33,2060)* [filtered=5859]
cnt=1 s1=fng (33,2060)* [filtered=5859]
cnt=1 s1=fng (33,2060)* [filtered=5859]
cnt=1 s1=fng (33,2060)* [filtered=5859]
cnt=1 s1=fng (33,2060)* [filtered=5859]
cnt=1 s1=fng (33,2060)* [filtered=5859]
cnt=1 s1=fng (33,2060)* [filtered=5859]
cnt=1 s1=fng (33,2060)* [filtered=5859]
cnt=1 s1=fng (33,2060)* [filtered=5859]
cnt=1 s1=fng (33,2060)* [filtered=5859]
cnt=1 s1=fng (33,2060)* [filtered=5859]
cnt=1 s1=fng (33,2060)* [filtered=5859]
cnt=1 s1=fng (33,2060)* [filtered=5859]
cnt=1 s1=fng (33,2060)* [filtered=5859]
cnt=1 s1=fng (33,2060)* [filtered=5859]
cnt=1 s1=fng (33,2060)* [filtered=5859]
cnt=1 s1=fng (33,2060)* [filtered=5859]
cnt=1 s1=fng (33,2060)* [filtered=5859]
cnt=1 s1=fng (33,2060)* [filtered=5859]
cnt=1 s1=fng (33,2060)* [filtered=5859]
cnt=1 s1=fng (33,2060)* [filtered=5859]
cnt=1 s1=fng (33,2060)* [filtered=5859]
cnt=1 s1=fng (33,2060)* [filtered=5859]
cnt=1 s1=fng (33,2060)* [filtered=5859]
cnt=1 s1=fng (33,2060)* [filtered=5859]
cnt=1 s1=fng (33,2060)* [filtered=5859]
cnt=1 s1=fng (33,2060)* [filtered=5859]
cnt=1 s1=fng (33,2060)* [filtered=5859]
cnt=1 s1=fng (33,2060)* [filtered=5859]
cnt=1 s1=fng (33,2060)* [filtered=5859]
cnt=1 s1=fng (33,2060)* [filtered=5859]
cnt=1 s1=fng (33,2060)* [filtered=5859]
cnt=1 s1=fng (33,2060)* [filtered=5859]
cnt=1 s1=fng (33,2060)* [filtered=5859]
cnt=1 s1=fng (33,2060)* [filtered=5859]
cnt=1 s1=fng (33,2060)* [filtered=5859]
cnt=1 s1=fng (33,2060)* [filtered=5859]
cnt=1 s1=fng (33,2060)* [filtered=5859]
cnt=1 s1=fng (33,2060)* [filtered=5859]
cnt=1 s1=fng (33,2060)* [filtered=5859]
cnt=1 s1=fng (33,2060)* [filtered=5859]
cnt=1 s1=fng (33,2060)* [filtered=5859]
cnt=1 s1=fng (33,2060)* [filtered=5859]
cnt=1 s1=fng (33,2060)* [filtered=5859]
cnt=1 s1=fng (33,2060)* [filtered=5859]
cnt=1 s1=fng (33,2060)* [filtered=5859]
cnt=1 s1=fng (33,2060)* [filtered=5859]
cnt=1 s1=fng (33,2060)* [filtered=5859]
cnt=1 s1=fng (33,2060)* [filtered=5859]
cnt=1 s1=fng (33,2060)* [filtered=5859]
cnt=1 s1=fng (33,2060)* [filtered=5859]
cnt=1 s1=fng (33,2060)* [filtered=5859]
cnt=1 s1=fng (33,2060)* [filtered=5859]
cnt=1 s1=fng (33,2060)* [filtered=5859]
cnt=1 s1=fng (33,2060)* [filtered=5859]
cnt=1 s1=fng (33,2060)* [filtered=5859]
cnt=1 s1=fng (33,2060)* [filtered=5859]
cnt=1 s1=fng (33,2060)* [filtered=5859]
cnt=1 s1=fng (33,2060)* [filtered=5859]
cnt=1 s1=fng (33,2060)* [filtered=5859]
cnt=1 s1=fng (33,2060)* [filtered=5859]
cnt=1 s1=fng (33,2060)* [filtered=5859]
cnt=1 s1=fng (33,2060)* [filtered=5859]
cnt=1 s1=fng (33,2060)* [filtered=5859]
cnt=1 s1=fng (33,2060)* [filtered=5859]
cnt=1 s1=fng (33,2060)* [filtered=5859]
cnt=1 s1=fng (33,2060)* [filtered=5859]
cnt=1 s1=fng (33,2060)* [filtered=5859]
cnt=1 s1=fng (33,2060)* [filtered=5859]
cnt=1 s1=fng (33,2060)* [filtered=5859]
cnt=1 s1=fng (33,2060)* [filtered=5859]
cnt=1 s1=fng (33,2060)* [filtered=5859]
cnt=1 s1=fng (33,2060)* [filtered=5859]
cnt=1 s1=fng (33,2060)* [filtered=5859]
cnt=1 s1=fng (33,2060)* [filtered=5859]
cnt=1 s1=fng (33,2060)* [filtered=5859]
cnt=1 s1=fng (33,2060)* [filtered=5859]
cnt=1 s1=fng (33,2060)* [filtered=5859]
cnt=1 s1=fng (33,2060)* [filtered=5859]
cnt=1 s1=fng (33,2060)* [filtered=5859]
cnt=1 s1=fng (33,2060)* [filtered=5859]
cnt=1 s1=fng (33,2060)* [filtered=5859]
cnt=1 s1=fng (33,2060)* [filtered=5859]
cnt=1 s1=fng (33,2060)* [filtered=5859]
cnt=1 s1=fng (33,2060)* [filtered=5859]
cnt=1 s1=fng (33,2060)* [filtered=5859]
cnt=1 s1=fng (33,2060)* [filtered=5859]
cnt=1 s1=fng (33,2059)* [filtered=5859]
cnt=1 s1=fng (33,2059)* [filtered=5859]
cnt=1 s1=fng (33,2059)* [filtered=5859]
cnt=1 s1=fng (33,2059)* [filtered=5859]
cnt=1 s1=fng (33,2059)* [filtered=5859]
cnt=1 s0=fng (4597,2397) [filtered=5859]
cnt=1 s0=fng (4597,2396) [filtered=5859]
cnt=1 s0=fng (4597,2396) [filtered=5859]
cnt=1 s0=fng (4597,2396) [filtered=5859]
cnt=1 s0=fng (4597,2395) [filtered=5859]
cnt=1 s0=fng (4597,2394) [filtered=5859]
cnt=1 s0=fng (4596,2393) [filtered=5859]
cnt=1 s0=fng (4596,2392) [filtered=5859]
cnt=1 s0=fng (4596,2392) [filtered=5859]
cnt=1 s0=fng (4595,2391) [filtered=5859]
cnt=1 s0=fng (4595,2390) [filtered=5859]
cnt=1 s0=fng (4595,2389) [filtered=5859]
cnt=1 s0=fng (4595,2387) [filtered=5859]
cnt=1 s0=fng (4595,2386) [filtered=5859]
cnt=1 s0=fng (4595,2385) [filtered=5859]
cnt=1 s0=fng (4595,2384) [filtered=5859]
cnt=1 s0=fng (4595,2382) [filtered=5859]
cnt=1 s0=fng (4595,2380) [filtered=5859]
cnt=1 s0=fng (4595,2379) [filtered=5859]
cnt=1 s0=fng (4595,2378) [filtered=5859]
cnt=1 s0=fng (4595,2376)* [filtered=5859]
cnt=1 s0=fng (4595,2374)* [filtered=5859]
cnt=1 s0=fng (4595,2373)* [filtered=5859]
cnt=1 s0=fng (4595,2371)* [filtered=5859]
cnt=1 s0=fng (4595,2369)* [filtered=5859]
cnt=1 s0=fng (4595,2367)* [filtered=5859]
cnt=1 s0=fng (4595,2366)* [filtered=5859]
cnt=2 s0=PALM(4595,2363)* s1=PALM(151,2513) [filtered=5860]
cnt=2 s0=PALM(4594,2357) s1=PALM(152,2513) [filtered=5861]
cnt=2 s0=PALM(4593,2350) s1=PALM(155,2512) [filtered=5862]
cnt=2 s0=PALM(4591,2342) s1=PALM(159,2511) [filtered=5863]
cnt=2 s0=PALM(4590,2335) s1=PALM(161,2511) [filtered=5864]
cnt=2 s0=PALM(4588,2328) s1=PALM(161,2511) [filtered=5865]
cnt=2 s0=PALM(4586,2322) s1=PALM(162,2511) [filtered=5866]
cnt=2 s0=PALM(4583,2317) s1=PALM(162,2511) [filtered=5867]
cnt=2 s0=PALM(4579,2312) s1=PALM(166,2508) [filtered=5868]
cnt=2 s0=PALM(4577,2308) s1=PALM(169,2506) [filtered=5869]
cnt=2 s0=PALM(4573,2305) s1=PALM(176,2501) [filtered=5870]
cnt=2 s0=PALM(4568,2301) s1=PALM(184,2494) [filtered=5871]
cnt=2 s0=PALM(4564,2298) s1=PALM(191,2488) [filtered=5872]
cnt=2 s0=PALM(4561,2295) s1=PALM(198,2481) [filtered=5873]
cnt=2 s0=PALM(4556,2293) s1=PALM(205,2475) [filtered=5874]
cnt=2 s0=PALM(4552,2291) s1=PALM(211,2470) [filtered=5875]
cnt=2 s0=PALM(4548,2289) s1=PALM(216,2465) [filtered=5876]
cnt=2 s0=PALM(4543,2287) s1=PALM(219,2461) [filtered=5877]
cnt=2 s0=PALM(4539,2285) s1=PALM(222,2458) [filtered=5878]
cnt=2 s0=PALM(4534,2284) s1=PALM(224,2455) [filtered=5879]
cnt=2 s0=PALM(4529,2285) s1=PALM(225,2453) [filtered=5880]
cnt=2 s0=PALM(4525,2285) s1=PALM(226,2451) [filtered=5881]
cnt=2 s0=PALM(4521,2284) s1=PALM(226,2450) [filtered=5882]
cnt=2 s0=PALM(4517,2283) s1=PALM(226,2449) [filtered=5883]
cnt=2 s0=PALM(4513,2283) s1=PALM(226,2448) [filtered=5884]
cnt=2 s0=PALM(4510,2283) s1=PALM(226,2448) [filtered=5885]
cnt=2 s0=PALM(4507,2283) s1=PALM(226,2447) [filtered=5886]
cnt=2 s0=PALM(4504,2283) s1=PALM(226,2446) [filtered=5887]
cnt=2 s0=PALM(4501,2283) s1=PALM(226,2446) [filtered=5888]
cnt=2 s0=PALM(4499,2283) s1=PALM(226,2445) [filtered=5889]
cnt=2 s0=PALM(4497,2283) s1=PALM(226,2444) [filtered=5890]
cnt=2 s0=PALM(4495,2283) s1=PALM(226,2443) [filtered=5891]
cnt=2 s0=PALM(4493,2283) s1=PALM(226,2442) [filtered=5892]
cnt=2 s0=PALM(4491,2283) s1=PALM(226,2441) [filtered=5893]
cnt=2 s0=PALM(4490,2283) s1=PALM(226,2440) [filtered=5894]
cnt=2 s0=PALM(4489,2283) s1=PALM(226,2440) [filtered=5895]
cnt=3 s0=PALM(4490,2283) s1=PALM(226,2438) s2=fng (1353,365) [filtered=5896]
cnt=3 s0=PALM(4489,2283) s1=PALM(225,2436) s2=fng (1353,365) [filtered=5897]
cnt=3 s0=PALM(4489,2283) s1=PALM(225,2435) s2=fng (1353,365) [filtered=5898]
cnt=3 s0=PALM(4488,2283) s1=PALM(226,2434)* s2=fng (1353,365) [filtered=5899]
cnt=3 s0=PALM(4487,2283) s1=PALM(226,2433)* s2=fng (1353,365) [filtered=5900]
cnt=3 s0=PALM(4486,2283) s1=PALM(227,2431)* s2=fng (1353,365) [filtered=5901]
cnt=3 s0=PALM(4485,2283) s1=PALM(228,2429)* s2=fng (1353,365) [filtered=5902]
cnt=3 s0=PALM(4484,2283) s1=PALM(229,2428)* s2=fng (1353,365) [filtered=5903]
cnt=3 s0=PALM(4483,2283)* s1=PALM(230,2426)* s2=fng (1353,365) [filtered=5904]
cnt=3 s0=PALM(4482,2283)* s1=PALM(231,2425)* s2=fng (1353,365) [filtered=5905]
cnt=3 s0=PALM(4481,2284)* s1=PALM(232,2424)* s2=fng (1353,365) [filtered=5906]
cnt=3 s0=PALM(4480,2285)* s1=PALM(234,2422) s2=fng (1353,365) [filtered=5907]
cnt=3 s0=PALM(4479,2285)* s1=PALM(235,2421) s2=fng (1353,365) [filtered=5908]
cnt=3 s0=PALM(4478,2285)* s1=PALM(236,2419) s2=fng (1353,365) [filtered=5909]
cnt=3 s0=PALM(4477,2285)* s1=PALM(237,2418) s2=fng (1353,365) [filtered=5910]
cnt=3 s0=PALM(4476,2285)* s1=PALM(238,2416) s2=fng (1353,365) [filtered=5911]
cnt=3 s0=PALM(4475,2285)* s1=PALM(239,2415) s2=fng (1353,365) [filtered=5912]
cnt=3 s0=PALM(4474,2285)* s1=PALM(240,2414) s2=fng (1353,365) [filtered=5913]
cnt=3 s0=PALM(4473,2285)* s1=PALM(242,2412) s2=fng (1353,364) [filtered=5914]
cnt=3 s0=PALM(4472,2285)* s1=PALM(243,2411) s2=fng (1353,364) [filtered=5915]
cnt=3 s0=PALM(4471,2285)* s1=PALM(245,2409) s2=fng (1353,364)* [filtered=5916]
cnt=3 s0=PALM(4470,2285)* s1=PALM(246,2408) s2=fng (1353,364)* [filtered=5917]
cnt=3 s0=PALM(4469,2284)* s1=PALM(248,2406) s2=fng (1353,363)* [filtered=5918]
cnt=3 s0=PALM(4468,2284)* s1=PALM(249,2405) s2=fng (1353,363)* [filtered=5919]
cnt=3 s0=PALM(4467,2283)* s1=PALM(252,2403) s2=fng (1353,363)* [filtered=5920]
cnt=3 s0=PALM(4466,2282)* s1=PALM(255,2400) s2=fng (1353,362)* [filtered=5921]
cnt=3 s0=PALM(4465,2281)* s1=PALM(257,2399) s2=fng (1353,362)* [filtered=5922]
cnt=3 s0=PALM(4464,2280)* s1=PALM(260,2396) s2=fng (1353,362)* [filtered=5923]
cnt=3 s0=PALM(4463,2279)* s1=PALM(262,2394) s2=fng (1353,362)* [filtered=5924]
cnt=3 s0=PALM(4462,2278)* s1=PALM(265,2391) s2=fng (1353,361)* [filtered=5925]
cnt=3 s0=PALM(4461,2276)* s1=PALM(269,2388) s2=fng (1353,360)* [filtered=5926]
cnt=3 s0=PALM(4460,2275)* s1=PALM(272,2386) s2=fng (1353,360)* [filtered=5927]
cnt=3 s0=PALM(4459,2273)* s1=PALM(276,2384) s2=fng (1354,359)* [filtered=5928]
cnt=3 s0=PALM(4459,2272)* s1=PALM(279,2382) s2=fng (1355,359)* [filtered=5929]
cnt=3 s0=PALM(4458,2269) s1=PALM(283,2380) s2=fng (1356,358)* [filtered=5930]
cnt=3 s0=PALM(4458,2267) s1=PALM(286,2378) s2=fng (1356,358)* [filtered=5931]
cnt=3 s0=PALM(4457,2265) s1=PALM(289,2376) s2=fng (1357,357)* [filtered=5932]
cnt=3 s0=PALM(4457,2263) s1=PALM(292,2374) s2=fng (1357,356)* [filtered=5933]
cnt=3 s0=PALM(4456,2261) s1=PALM(295,2372) s2=fng (1358,355)* [filtered=5934]
cnt=3 s0=PALM(4455,2258) s1=PALM(299,2370) s2=fng (1360,353) [filtered=5935]
cnt=3 s0=PALM(4454,2256) s1=PALM(302,2368) s2=fng (1361,352) [filtered=5936]
cnt=3 s0=PALM(4453,2252) s1=PALM(305,2366) s2=fng (1363,349) [filtered=5937]
cnt=3 s0=PALM(4453,2249) s1=PALM(308,2364) s2=fng (1364,347) [filtered=5938]
cnt=3 s0=PALM(4452,2245) s1=PALM(310,2362) s2=fng (1367,344) [filtered=5939]
cnt=3 s0=PALM(4452,2242) s1=PALM(312,2360) s2=fng (1369,342) [filtered=5940]
cnt=3 s0=PALM(4451,2238) s1=PALM(314,2358) s2=fng (1372,339) [filtered=5941]
cnt=3 s0=PALM(4450,2233) s1=PALM(317,2354) s2=fng (1375,335) [filtered=5942]
cnt=3 s0=PALM(4450,2229) s1=PALM(319,2351) s2=fng (1377,332) [filtered=5943]
cnt=3 s0=PALM(4449,2224) s1=PALM(322,2347) s2=fng (1380,328) [filtered=5944]
cnt=3 s0=PALM(4449,2220) s1=PALM(324,2344) s2=fng (1382,325) [filtered=5945]
cnt=3 s0=PALM(4448,2216) s1=PALM(328,2339) s2=fng (1385,321) [filtered=5946]
cnt=3 s0=PALM(4447,2211) s1=PALM(332,2334) s2=fng (1388,317) [filtered=5947]
cnt=3 s0=PALM(4446,2207) s1=PALM(335,2330) s2=fng (1391,314) [filtered=5948]
cnt=2 s0=PALM(4445,2202) s1=PALM(339,2325) [filtered=5949]
cnt=2 s0=PALM(4445,2198) s1=PALM(342,2321) [filtered=5950]
cnt=2 s0=PALM(4444,2194) s1=PALM(346,2316) [filtered=5951]
cnt=2 s0=PALM(4444,2190) s1=PALM(349,2312) [filtered=5952]
cnt=2 s0=PALM(4443,2186) s1=PALM(352,2307) [filtered=5953]
cnt=2 s0=PALM(4443,2182) s1=PALM(355,2303) [filtered=5954]
cnt=2 s0=PALM(4442,2177) s1=PALM(357,2299) [filtered=5955]
cnt=2 s0=PALM(4442,2172) s1=PALM(359,2295) [filtered=5956]
cnt=2 s0=PALM(4442,2167) s1=PALM(361,2291) [filtered=5957]
cnt=2 s0=PALM(4441,2161) s1=PALM(364,2286) [filtered=5958]
cnt=2 s0=PALM(4441,2156) s1=PALM(366,2282) [filtered=5959]
cnt=2 s0=PALM(4441,2151) s1=PALM(368,2277) [filtered=5960]
cnt=2 s0=PALM(4441,2146) s1=PALM(370,2273) [filtered=5961]
cnt=2 s0=PALM(4440,2142) s1=PALM(372,2269) [filtered=5962]
cnt=2 s0=PALM(4440,2138) s1=PALM(374,2265) [filtered=5963]
cnt=2 s0=PALM(4440,2134) s1=PALM(376,2262) [filtered=5964]
cnt=2 s0=PALM(4440,2130) s1=PALM(378,2259) [filtered=5965]
cnt=2 s0=PALM(4439,2126) s1=PALM(379,2256) [filtered=5966]
cnt=2 s0=PALM(4439,2122) s1=PALM(378,2253) [filtered=5967]
cnt=2 s0=PALM(4439,2118) s1=PALM(379,2251) [filtered=5968]
cnt=2 s0=PALM(4439,2115) s1=PALM(380,2249) [filtered=5969]
cnt=2 s0=PALM(4439,2112) s1=PALM(381,2247) [filtered=5970]
cnt=2 s0=PALM(4439,2109) s1=PALM(382,2245) [filtered=5971]
cnt=2 s0=PALM(4439,2106) s1=PALM(382,2243) [filtered=5972]
cnt=2 s0=PALM(4439,2104) s1=PALM(382,2241) [filtered=5973]
cnt=2 s0=PALM(4439,2102) s1=PALM(382,2239) [filtered=5974]
cnt=2 s0=PALM(4439,2100) s1=PALM(382,2238) [filtered=5975]
cnt=2 s0=PALM(4439,2098) s1=PALM(382,2237) [filtered=5976]
cnt=2 s0=PALM(4439,2096) s1=PALM(382,2236) [filtered=5977]
cnt=2 s0=PALM(4439,2094) s1=PALM(382,2235) [filtered=5978]
cnt=2 s0=PALM(4439,2092) s1=PALM(382,2235) [filtered=5979]
cnt=3 s0=PALM(4439,2090) s1=PALM(381,2235) s2=fng (3137,415) [filtered=5980]
cnt=3 s0=PALM(4439,2088) s1=PALM(381,2235) s2=fng (3137,415) [filtered=5981]
cnt=3 s0=PALM(4439,2087) s1=PALM(381,2235) s2=fng (3138,414) [filtered=5982]
cnt=3 s0=PALM(4439,2086) s1=PALM(381,2235) s2=fng (3139,413) [filtered=5983]
cnt=3 s0=PALM(4439,2085) s1=PALM(380,2235) s2=fng (3141,411) [filtered=5984]
cnt=3 s0=PALM(4439,2084) s1=PALM(380,2235) s2=fng (3142,410) [filtered=5985]
cnt=3 s0=PALM(4439,2084) s1=PALM(379,2235) s2=fng (3145,408) [filtered=5986]
cnt=3 s0=PALM(4439,2084) s1=PALM(379,2235)* s2=fng (3149,406) [filtered=5987]
cnt=3 s0=PALM(4439,2084)* s1=PALM(379,2235)* s2=fng (3152,405) [filtered=5988]
cnt=3 s0=PALM(4439,2084)* s1=PALM(378,2235)* s2=fng (3157,403) [filtered=5989]
cnt=3 s0=PALM(4439,2084)* s1=PALM(378,2235)* s2=fng (3161,402) [filtered=5990]
cnt=3 s0=PALM(4439,2084)* s1=PALM(378,2235)* s2=fng (3166,400) [filtered=5991]
cnt=3 s0=PALM(4439,2084)* s1=PALM(377,2235)* s2=fng (3172,399) [filtered=5992]
cnt=3 s0=PALM(4439,2084)* s1=PALM(377,2235)* s2=fng (3177,398) [filtered=5993]
cnt=3 s0=PALM(4439,2085)* s1=PALM(377,2235)* s2=fng (3183,397) [filtered=5994]
cnt=3 s0=PALM(4439,2085)* s1=PALM(377,2235)* s2=fng (3188,397) [filtered=5995]
cnt=3 s0=PALM(4439,2085)* s1=PALM(376,2235)* s2=fng (3192,397) [filtered=5996]
cnt=3 s0=PALM(4439,2084)* s1=PALM(375,2235)* s2=fng (3197,398) [filtered=5997]
cnt=3 s0=PALM(4439,2084)* s1=PALM(375,2235)* s2=fng (3201,398) [filtered=5998]
cnt=3 s0=PALM(4439,2083)* s1=PALM(375,2235)* s2=fng (3204,399) [filtered=5999]
cnt=3 s0=PALM(4439,2083)* s1=PALM(375,2235)* s2=fng (3207,399) [filtered=6000]
cnt=3 s0=PALM(4439,2083)* s1=PALM(374,2235)* s2=fng (3210,400) [filtered=6001]
cnt=3 s0=PALM(4439,2083)* s1=PALM(374,2235)* s2=fng (3213,403) [filtered=6002]
cnt=3 s0=PALM(4439,2083)* s1=PALM(374,2235)* s2=fng (3216,404) [filtered=6003]
cnt=3 s0=PALM(4439,2083)* s1=PALM(373,2235)* s2=fng (3219,407) [filtered=6004]
cnt=3 s0=PALM(4439,2083)* s1=PALM(373,2235)* s2=fng (3222,409) [filtered=6005]
cnt=3 s0=PALM(4439,2083)* s1=PALM(373,2235)* s2=fng (3225,412) [filtered=6006]
cnt=3 s0=PALM(4439,2082)* s1=PALM(373,2235)* s2=fng (3228,416) [filtered=6007]
cnt=3 s0=PALM(4439,2082)* s1=PALM(373,2235)* s2=fng (3231,420) [filtered=6008]
cnt=3 s0=PALM(4439,2082)* s1=PALM(373,2235)* s2=fng (3233,425) [filtered=6009]
cnt=3 s0=PALM(4439,2082)* s1=PALM(373,2235)* s2=fng (3235,429) [filtered=6010]
cnt=3 s0=PALM(4439,2081)* s1=PALM(373,2235)* s2=fng (3237,435) [filtered=6011]
cnt=3 s0=PALM(4439,2081)* s1=PALM(373,2235)* s2=fng (3239,440) [filtered=6012]
cnt=3 s0=PALM(4439,2081)* s1=PALM(372,2235)* s2=fng (3240,447) [filtered=6013]
cnt=3 s0=PALM(4439,2081)* s1=PALM(372,2235)* s2=fng (3240,454) [filtered=6014]
cnt=3 s0=PALM(4439,2081)* s1=PALM(372,2235)* s2=fng (3240,460) [filtered=6015]
cnt=3 s0=PALM(4440,2081)* s1=PALM(371,2235)* s2=fng (3240,467) [filtered=6016]
cnt=3 s0=PALM(4440,2081)* s1=PALM(371,2235)* s2=fng (3240,473) [filtered=6017]
cnt=3 s0=PALM(4440,2081)* s1=PALM(370,2235)* s2=fng (3240,479) [filtered=6018]
cnt=3 s0=PALM(4441,2081)* s1=PALM(370,2235)* s2=fng (3238,486) [filtered=6019]
cnt=3 s0=PALM(4441,2081)* s1=PALM(370,2235)* s2=fng (3237,492) [filtered=6020]
cnt=3 s0=PALM(4442,2081)* s1=PALM(369,2235)* s2=fng (3235,498) [filtered=6021]
cnt=3 s0=PALM(4442,2081)* s1=PALM(369,2235)* s2=fng (3234,504) [filtered=6022]
cnt=3 s0=PALM(4443,2081)* s1=PALM(369,2235)* s2=fng (3231,510) [filtered=6023]
cnt=3 s0=PALM(4444,2081)* s1=PALM(368,2235)* s2=fng (3227,516) [filtered=6024]
cnt=3 s0=PALM(4444,2081)* s1=PALM(368,2235)* s2=fng (3224,522) [filtered=6025]
cnt=3 s0=PALM(4445,2081)* s1=PALM(367,2235)* s2=fng (3219,528) [filtered=6026]
cnt=3 s0=PALM(4446,2082)* s1=PALM(366,2235)* s2=fng (3212,535) [filtered=6027]
cnt=3 s0=PALM(4446,2082)* s1=PALM(366,2235)* s2=fng (3205,541) [filtered=6028]
cnt=3 s0=PALM(4447,2082)* s1=PALM(365,2235)* s2=fng (3196,547) [filtered=6029]
cnt=3 s0=PALM(4448,2082)* s1=PALM(365,2235)* s2=fng (3188,553) [filtered=6030]
cnt=3 s0=PALM(4449,2083)* s1=PALM(364,2235)* s2=fng (3177,560) [filtered=6031]
cnt=3 s0=PALM(4450,2084)* s1=PALM(363,2235)* s2=fng (3164,569) [filtered=6032]
cnt=3 s0=PALM(4451,2084)* s1=PALM(362,2235)* s2=fng (3152,577) [filtered=6033]
cnt=3 s0=PALM(4452,2085)* s1=PALM(361,2238) s2=fng (3137,586) [filtered=6034]
cnt=3 s0=PALM(4453,2085)* s1=PALM(360,2241) s2=fng (3123,594) [filtered=6035]
cnt=4 s0=PALM(4454,2086)* s1=PALM(359,2244) s2=fng (3108,602) s3=fng (1374,441) [filtered=6036]
cnt=4 s0=PALM(4457,2088) s1=PALM(355,2248) s2=fng (3092,611) s3=fng (1375,442) [filtered=6037]
cnt=4 s0=PALM(4458,2089) s1=PALM(353,2252) s2=fng (3077,619) s3=fng (1376,442) [filtered=6038]
cnt=4 s0=PALM(4460,2091) s1=PALM(350,2257) s2=fng (3061,627) s3=fng (1378,444) [filtered=6039]
cnt=4 s0=PALM(4463,2093) s1=PALM(346,2262) s2=fng (3046,636) s3=fng (1382,446) [filtered=6040]
cnt=4 s0=PALM(4464,2094) s1=PALM(342,2265) s2=fng (3032,644) s3=fng (1384,447) [filtered=6041]
cnt=4 s0=PALM(4466,2096) s1=PALM(338,2269) s2=fng (3019,652) s3=fng (1387,449) [filtered=6042]
cnt=4 s0=PALM(4468,2099) s1=PALM(334,2272) s2=fng (3006,660) s3=fng (1391,452) [filtered=6043]
cnt=4 s0=PALM(4469,2100) s1=PALM(331,2274) s2=fng (2994,667) s3=fng (1395,454) [filtered=6044]
cnt=4 s0=PALM(4470,2102) s1=PALM(328,2277) s2=fng (2984,673) s3=fng (1400,457) [filtered=6045]
cnt=4 s0=PALM(4470,2103) s1=PALM(326,2279) s2=fng (2974,679) s3=fng (1404,459) [filtered=6046]
cnt=4 s0=PALM(4471,2105) s1=PALM(324,2281) s2=fng (2965,685) s3=fng (1408,461) [filtered=6047]
cnt=4 s0=PALM(4471,2106) s1=PALM(322,2283) s2=fng (2956,691) s3=fng (1412,463) [filtered=6048]
cnt=4 s0=PALM(4472,2107) s1=PALM(320,2285) s2=fng (2948,695) s3=fng (1416,466) [filtered=6049]
cnt=4 s0=PALM(4473,2109) s1=PALM(317,2286) s2=fng (2942,698) s3=fng (1421,469) [filtered=6050]
cnt=4 s0=PALM(4473,2110) s1=PALM(315,2287) s2=fng (2936,701) s3=fng (1425,471) [filtered=6051]
cnt=4 s0=PALM(4474,2111) s1=PALM(313,2288) s2=fng (2931,703) s3=fng (1429,474) [filtered=6052]
cnt=4 s0=PALM(4475,2111) s1=PALM(311,2289) s2=fng (2926,705) s3=fng (1433,476) [filtered=6053]
cnt=4 s0=PALM(4476,2112) s1=PALM(310,2290) s2=fng (2922,705) s3=fng (1437,479) [filtered=6054]
cnt=4 s0=PALM(4476,2112) s1=PALM(309,2291) s2=fng (2918,705) s3=fng (1441,481) [filtered=6055]
cnt=4 s0=PALM(4477,2113) s1=PALM(309,2292) s2=fng (2916,705) s3=fng (1444,484) [filtered=6056]
cnt=4 s0=PALM(4477,2113) s1=PALM(310,2293) s2=fng (2915,702) s3=fng (1446,487) [filtered=6057]
cnt=4 s0=PALM(4477,2113) s1=PALM(310,2294) s2=fng (2914,699) s3=fng (1448,489) [filtered=6058]
cnt=4 s0=PALM(4477,2113) s1=PALM(309,2295) s2=fng (2914,695) s3=fng (1450,492) [filtered=6059]
cnt=4 s0=PALM(4477,2113) s1=PALM(308,2296) s2=fng (2914,691) s3=fng (1452,495) [filtered=6060]
cnt=4 s0=PALM(4477,2113) s1=PALM(308,2297) s2=fng (2914,688) s3=fng (1454,497) [filtered=6061]
cnt=4 s0=PALM(4477,2113) s1=PALM(308,2298) s2=fng (2917,685) s3=fng (1456,499) [filtered=6062]
cnt=4 s0=PALM(4477,2113)* s1=PALM(307,2298) s2=fng (2920,683) s3=fng (1458,501) [filtered=6063]
cnt=4 s0=PALM(4477,2113)* s1=PALM(307,2298) s2=fng (2923,683) s3=fng (1460,502) [filtered=6064]
cnt=4 s0=PALM(4477,2113)* s1=PALM(307,2299) s2=fng (2927,681) s3=fng (1461,504) [filtered=6065]
cnt=4 s0=PALM(4477,2113)* s1=PALM(307,2300) s2=fng (2931,680) s3=fng (1462,506) [filtered=6066]
cnt=4 s0=PALM(4477,2113)* s1=PALM(307,2300) s2=fng (2935,679) s3=fng (1462,507) [filtered=6067]
cnt=4 s0=PALM(4477,2113)* s1=PALM(307,2300) s2=fng (2939,678) s3=fng (1463,509) [filtered=6068]
cnt=4 s0=PALM(4477,2113)* s1=PALM(307,2301) s2=fng (2943,677) s3=fng (1465,510) [filtered=6069]
cnt=4 s0=PALM(4477,2113)* s1=PALM(307,2301)* s2=fng (2947,676) s3=fng (1466,511) [filtered=6070]
cnt=4 s0=PALM(4476,2113)* s1=PALM(307,2301)* s2=fng (2951,675) s3=fng (1467,512) [filtered=6071]
cnt=4 s0=PALM(4476,2113)* s1=PALM(307,2302)* s2=fng (2954,674) s3=fng (1468,513) [filtered=6072]
cnt=4 s0=PALM(4476,2113)* s1=PALM(307,2302)* s2=fng (2956,674) s3=fng (1468,514) [filtered=6073]
cnt=4 s0=PALM(4475,2113)* s1=PALM(307,2302)* s2=fng (2958,673) s3=fng (1469,515) [filtered=6074]
cnt=4 s0=PALM(4475,2112)* s1=PALM(307,2302)* s2=fng (2960,672) s3=fng (1470,516) [filtered=6075]
cnt=4 s0=PALM(4475,2112)* s1=PALM(307,2302)* s2=fng (2961,672) s3=fng (1471,516) [filtered=6076]
cnt=4 s0=PALM(4474,2112)* s1=PALM(307,2302)* s2=fng (2962,671) s3=fng (1472,517) [filtered=6077]
cnt=4 s0=PALM(4473,2111)* s1=PALM(307,2302)* s2=fng (2964,670) s3=fng (1472,517) [filtered=6078]
cnt=4 s0=PALM(4473,2111)* s1=PALM(307,2302)* s2=fng (2965,669) s3=fng (1472,517) [filtered=6079]
cnt=4 s0=PALM(4473,2110)* s1=PALM(307,2302)* s2=fng (2967,668) s3=fng (1473,517) [filtered=6080]
cnt=4 s0=PALM(4472,2109)* s1=PALM(307,2302)* s2=fng (2969,668) s3=fng (1474,517) [filtered=6081]
cnt=4 s0=PALM(4472,2109)* s1=PALM(307,2302)* s2=fng (2970,668) s3=fng (1474,517) [filtered=6082]
cnt=4 s0=PALM(4472,2108)* s1=PALM(307,2302)* s2=fng (2971,667) s3=fng (1474,517)* [filtered=6083]
cnt=4 s0=PALM(4472,2108)* s1=PALM(307,2302)* s2=fng (2972,666) s3=fng (1474,517)* [filtered=6084]
cnt=4 s0=PALM(4472,2108)* s1=PALM(307,2302)* s2=fng (2973,666) s3=fng (1474,517)* [filtered=6085]
cnt=4 s0=PALM(4472,2107)* s1=PALM(307,2302)* s2=fng (2974,665) s3=fng (1474,517)* [filtered=6086]
cnt=4 s0=PALM(4472,2106)* s1=PALM(307,2302)* s2=fng (2976,665) s3=fng (1474,517)* [filtered=6087]
cnt=4 s0=PALM(4472,2106)* s1=PALM(307,2302)* s2=fng (2977,665) s3=fng (1474,517)* [filtered=6088]
cnt=4 s0=PALM(4472,2105)* s1=PALM(307,2302)* s2=fng (2978,664) s3=fng (1473,517)* [filtered=6089]
cnt=4 s0=PALM(4472,2105)* s1=PALM(307,2302)* s2=fng (2979,664) s3=fng (1473,517)* [filtered=6090]
cnt=4 s0=PALM(4472,2105)* s1=PALM(307,2302)* s2=fng (2980,663) s3=fng (1471,516)* [filtered=6091]
cnt=4 s0=PALM(4472,2104)* s1=PALM(307,2302)* s2=fng (2982,662)* s3=fng (1467,515) [filtered=6092]
cnt=4 s0=PALM(4472,2104)* s1=PALM(307,2302)* s2=fng (2983,662)* s3=fng (1465,515) [filtered=6093]
cnt=4 s0=PALM(4472,2103)* s1=PALM(307,2302)* s2=fng (2985,661)* s3=fng (1460,515) [filtered=6094]
cnt=4 s0=PALM(4472,2102)* s1=PALM(307,2302)* s2=fng (2989,660) s3=fng (1454,515) [filtered=6095]
cnt=4 s0=PALM(4472,2102)* s1=PALM(307,2302)* s2=fng (2991,659) s3=fng (1448,515) [filtered=6096]
cnt=4 s0=PALM(4472,2102)* s1=PALM(308,2302)* s2=fng (2994,658) s3=fng (1441,514) [filtered=6097]
cnt=4 s0=PALM(4472,2102)* s1=PALM(308,2302)* s2=fng (2996,657) s3=fng (1435,514) [filtered=6098]
cnt=4 s0=PALM(4472,2101)* s1=PALM(308,2302)* s2=fng (3001,655) s3=fng (1427,513) [filtered=6099]
cnt=4 s0=PALM(4472,2101)* s1=PALM(309,2302)* s2=fng (3006,653) s3=fng (1418,511) [filtered=6100]
cnt=4 s0=PALM(4472,2101)* s1=PALM(309,2302)* s2=fng (3011,652) s3=fng (1410,510) [filtered=6101]
cnt=4 s0=PALM(4473,2101)* s1=PALM(310,2302)* s2=fng (3016,650) s3=fng (1401,509) [filtered=6102]
cnt=4 s0=PALM(4473,2101)* s1=PALM(310,2302)* s2=fng (3020,649) s3=fng (1393,509) [filtered=6103]
cnt=4 s0=PALM(4474,2101)* s1=PALM(310,2302)* s2=fng (3026,648) s3=fng (1385,508) [filtered=6104]
cnt=4 s0=PALM(4475,2101)* s1=PALM(311,2302)* s2=fng (3032,646) s3=fng (1376,506) [filtered=6105]
cnt=4 s0=PALM(4475,2101)* s1=PALM(311,2302)* s2=fng (3037,645) s3=fng (1368,505) [filtered=6106]
cnt=4 s0=PALM(4476,2101)* s1=PALM(311,2301)* s2=fng (3044,644) s3=fng (1361,504) [filtered=6107]
cnt=4 s0=PALM(4476,2101)* s1=PALM(311,2301)* s2=fng (3050,643) s3=fng (1354,503) [filtered=6108]
cnt=4 s0=PALM(4477,2101)* s1=PALM(312,2301)* s2=fng (3057,642) s3=fng (1347,502) [filtered=6109]
cnt=4 s0=PALM(4478,2101)* s1=PALM(312,2300)* s2=fng (3064,641) s3=fng (1341,501) [filtered=6110]
cnt=4 s0=PALM(4479,2101)* s1=PALM(312,2300)* s2=fng (3070,641) s3=fng (1335,500) [filtered=6111]
cnt=4 s0=PALM(4480,2101)* s1=PALM(313,2300)* s2=fng (3077,640) s3=fng (1329,499) [filtered=6112]
cnt=4 s0=PALM(4481,2101)* s1=PALM(313,2300)* s2=fng (3083,639) s3=fng (1323,498) [filtered=6113]
cnt=4 s0=PALM(4482,2101)* s1=PALM(313,2299)* s2=fng (3090,638) s3=fng (1317,497) [filtered=6114]
cnt=4 s0=PALM(4484,2101)* s1=PALM(314,2299)* s2=fng (3099,637) s3=fng (1310,496) [filtered=6115]
cnt=4 s0=PALM(4485,2101)* s1=PALM(314,2299)* s2=fng (3107,636) s3=fng (1304,495) [filtered=6116]
cnt=4 s0=PALM(4488,2101)* s1=PALM(315,2298)* s2=fng (3116,635) s3=fng (1298,494) [filtered=6117]
cnt=4 s0=PALM(4491,2101)* s1=PALM(315,2298)* s2=fng (3127,634) s3=fng (1292,493) [filtered=6118]
cnt=4 s0=PALM(4493,2101)* s1=PALM(315,2298)* s2=fng (3137,633) s3=fng (1286,492) [filtered=6119]
cnt=4 s0=PALM(4495,2101)* s1=PALM(315,2298)* s2=fng (3148,632) s3=fng (1281,492) [filtered=6120]
cnt=4 s0=PALM(4497,2101)* s1=PALM(315,2298)* s2=fng (3158,631) s3=fng (1276,492) [filtered=6121]
cnt=4 s0=PALM(4499,2101)* s1=PALM(315,2297)* s2=fng (3168,631) s3=fng (1271,491) [filtered=6122]
cnt=4 s0=PALM(4503,2101) s1=PALM(315,2297)* s2=fng (3179,631) s3=fng (1267,490) [filtered=6123]
cnt=4 s0=PALM(4506,2101) s1=PALM(315,2297)* s2=fng (3189,631) s3=fng (1263,490) [filtered=6124]
cnt=4 s0=PALM(4510,2102) s1=PALM(315,2296)* s2=fng (3200,631) s3=fng (1259,489) [filtered=6125]
cnt=4 s0=PALM(4515,2103) s1=PALM(315,2296)* s2=fng (3212,630) s3=fng (1254,489) [filtered=6126]
cnt=4 s0=PALM(4519,2104) s1=PALM(315,2296)* s2=fng (3223,630) s3=fng (1250,489) [filtered=6127]
cnt=4 s0=PALM(4524,2105) s1=PALM(315,2295)* s2=fng (3236,630) s3=fng (1246,488) [filtered=6128]
cnt=4 s0=PALM(4529,2106) s1=PALM(315,2294)* s2=fng (3249,630) s3=fng (1242,488) [filtered=6129]
cnt=4 s0=PALM(4533,2107) s1=PALM(315,2294)* s2=fng (3261,630) s3=fng (1239,488) [filtered=6130]
cnt=4 s0=PALM(4538,2108) s1=PALM(315,2294)* s2=fng (3274,631) s3=fng (1236,487) [filtered=6131]
cnt=4 s0=PALM(4543,2110) s1=PALM(315,2293)* s2=fng (3287,632) s3=fng (1232,487) [filtered=6132]
cnt=4 s0=PALM(4547,2111) s1=PALM(315,2293)* s2=fng (3299,633) s3=fng (1229,487) [filtered=6133]
cnt=4 s0=PALM(4552,2112) s1=PALM(315,2293)* s2=fng (3311,634) s3=fng (1226,487) [filtered=6134]
cnt=4 s0=PALM(4557,2114) s1=PALM(315,2293)* s2=fng (3322,636) s3=fng (1222,487) [filtered=6135]
cnt=4 s0=PALM(4562,2115) s1=PALM(315,2293)* s2=fng (3332,637) s3=fng (1219,487) [filtered=6136]
cnt=4 s0=PALM(4567,2117) s1=PALM(315,2292)* s2=fng (3343,639) s3=fng (1216,487) [filtered=6137]
cnt=4 s0=PALM(4572,2119) s1=PALM(315,2292)* s2=fng (3354,642) s3=fng (1213,487) [filtered=6138]
cnt=4 s0=PALM(4577,2120) s1=PALM(315,2292)* s2=fng (3364,644) s3=fng (1211,487) [filtered=6139]
cnt=4 s0=PALM(4582,2122) s1=PALM(314,2292)* s2=fng (3374,647) s3=fng (1208,487) [filtered=6140]
cnt=4 s0=PALM(4587,2124) s1=PALM(313,2292)* s2=fng (3384,650) s3=fng (1205,487) [filtered=6141]
cnt=4 s0=PALM(4591,2125) s1=PALM(313,2292)* s2=fng (3393,652) s3=fng (1203,487) [filtered=6142]
cnt=4 s0=PALM(4595,2126) s1=PALM(313,2292)* s2=fng (3402,655) s3=fng (1200,488) [filtered=6143]
cnt=4 s0=PALM(4598,2127) s1=PALM(313,2292)* s2=fng (3410,657) s3=fng (1198,488) [filtered=6144]
cnt=4 s0=PALM(4603,2128) s1=PALM(312,2292)* s2=fng (3418,659) s3=fng (1196,489) [filtered=6145]
cnt=4 s0=PALM(4608,2130) s1=PALM(311,2292)* s2=fng (3427,662) s3=fng (1194,490) [filtered=6146]
cnt=4 s0=PALM(4612,2131) s1=PALM(311,2292)* s2=fng (3435,664) s3=fng (1192,491) [filtered=6147]
cnt=4 s0=PALM(4618,2132) s1=PALM(310,2292)* s2=fng (3442,666) s3=fng (1191,492) [filtered=6148]
cnt=4 s0=PALM(4624,2134) s1=PALM(309,2292)* s2=fng (3449,669) s3=fng (1190,493) [filtered=6149]
cnt=4 s0=PALM(4629,2135) s1=PALM(308,2292)* s2=fng (3455,671) s3=fng (1189,494) [filtered=6150]
cnt=4 s0=PALM(4634,2136) s1=PALM(307,2292)* s2=fng (3461,673) s3=fng (1188,495) [filtered=6151]
cnt=4 s0=PALM(4639,2137) s1=PALM(305,2292)* s2=fng (3468,676) s3=fng (1187,497) [filtered=6152]
cnt=4 s0=PALM(4643,2138) s1=PALM(304,2292)* s2=fng (3474,678) s3=fng (1187,498) [filtered=6153]
cnt=4 s0=PALM(4648,2139) s1=PALM(303,2293)* s2=fng (3479,680) s3=fng (1188,500) [filtered=6154]
cnt=4 s0=PALM(4653,2140) s1=PALM(300,2294) s2=fng (3483,683) s3=fng (1189,502) [filtered=6155]
cnt=4 s0=PALM(4657,2141) s1=PALM(298,2294) s2=fng (3487,685) s3=fng (1189,503) [filtered=6156]
cnt=4 s0=PALM(4661,2143) s1=PALM(295,2295) s2=fng (3491,687) s3=fng (1191,505) [filtered=6157]
cnt=4 s0=PALM(4666,2145) s1=PALM(292,2297) s2=fng (3494,690) s3=fng (1195,508) [filtered=6158]
cnt=4 s0=PALM(4671,2147) s1=PALM(289,2300) s2=fng (3497,693) s3=fng (1199,511) [filtered=6159]
cnt=4 s0=PALM(4675,2148) s1=PALM(286,2301) s2=fng (3499,695) s3=fng (1202,512) [filtered=6160]
cnt=4 s0=PALM(4678,2150) s1=PALM(282,2303) s2=fng (3501,697) s3=fng (1206,514) [filtered=6161]
cnt=4 s0=PALM(4682,2152) s1=PALM(278,2306) s2=fng (3501,698) s3=fng (1212,516) [filtered=6162]
cnt=4 s0=PALM(4685,2153) s1=PALM(275,2308) s2=fng (3501,699) s3=fng (1218,517) [filtered=6163]
cnt=4 s0=PALM(4688,2155) s1=PALM(272,2311) s2=fng (3501,700) s3=fng (1225,518) [filtered=6164]
cnt=4 s0=PALM(4691,2157) s1=PALM(268,2314) s2=fng (3497,701) s3=fng (1232,519) [filtered=6165]
cnt=4 s0=PALM(4694,2158) s1=PALM(265,2316) s2=fng (3495,702) s3=fng (1238,520) [filtered=6166]
cnt=4 s0=PALM(4696,2160) s1=PALM(263,2317) s2=fng (3491,702) s3=fng (1247,521) [filtered=6167]
cnt=4 s0=PALM(4697,2162) s1=PALM(262,2318) s2=fng (3486,702) s3=fng (1257,522) [filtered=6168]
cnt=4 s0=PALM(4697,2163) s1=PALM(262,2319) s2=fng (3481,702) s3=fng (1266,522) [filtered=6169]
cnt=4 s0=PALM(4698,2165) s1=PALM(261,2320) s2=fng (3475,701) s3=fng (1276,522) [filtered=6170]
cnt=4 s0=PALM(4700,2167) s1=PALM(259,2321) s2=fng (3468,700) s3=fng (1286,523) [filtered=6171]
cnt=4 s0=PALM(4701,2168) s1=PALM(258,2322) s2=fng (3460,698) s3=fng (1296,523) [filtered=6172]
cnt=4 s0=PALM(4702,2169) s1=PALM(257,2323) s2=fng (3452,697) s3=fng (1305,523) [filtered=6173]
cnt=4 s0=PALM(4703,2170) s1=PALM(256,2324) s2=fng (3442,696) s3=fng (1315,524) [filtered=6174]
cnt=4 s0=PALM(4703,2171) s1=PALM(255,2325) s2=fng (3432,694) s3=fng (1325,524) [filtered=6175]
cnt=4 s0=PALM(4703,2172) s1=PALM(255,2325) s2=fng (3422,693) s3=fng (1334,524) [filtered=6176]
cnt=4 s0=PALM(4703,2173) s1=PALM(255,2326) s2=fng (3410,691) s3=fng (1344,524) [filtered=6177]
cnt=4 s0=PALM(4703,2174) s1=PALM(255,2327) s2=fng (3397,689) s3=fng (1354,524) [filtered=6178]
cnt=4 s0=PALM(4703,2174) s1=PALM(255,2327) s2=fng (3385,688) s3=fng (1363,524) [filtered=6179]
cnt=4 s0=PALM(4703,2174) s1=PALM(255,2327) s2=fng (3372,687) s3=fng (1372,523) [filtered=6180]
cnt=4 s0=PALM(4702,2175) s1=PALM(255,2327) s2=fng (3359,686) s3=fng (1382,523) [filtered=6181]
cnt=4 s0=PALM(4702,2175) s1=PALM(255,2327) s2=fng (3347,686) s3=fng (1391,523) [filtered=6182]
cnt=4 s0=PALM(4701,2176) s1=PALM(256,2327) s2=fng (3335,685) s3=fng (1399,523) [filtered=6183]
cnt=4 s0=PALM(4699,2177) s1=PALM(257,2327) s2=fng (3323,684) s3=fng (1406,523) [filtered=6184]
cnt=4 s0=PALM(4697,2177) s1=PALM(258,2327) s2=fng (3311,683) s3=fng (1413,523) [filtered=6185]
cnt=4 s0=PALM(4696,2177) s1=PALM(258,2327)* s2=fng (3300,683) s3=fng (1420,523) [filtered=6186]
cnt=4 s0=PALM(4695,2178) s1=PALM(258,2327)* s2=fng (3290,683) s3=fng (1426,522) [filtered=6187]
cnt=4 s0=PALM(4692,2178) s1=PALM(259,2327)* s2=fng (3281,683) s3=fng (1432,522) [filtered=6188]
cnt=4 s0=PALM(4691,2178) s1=PALM(259,2327)* s2=fng (3272,683) s3=fng (1438,522) [filtered=6189]
cnt=4 s0=PALM(4689,2178) s1=PALM(260,2327)* s2=fng (3263,683) s3=fng (1443,522) [filtered=6190]
cnt=4 s0=PALM(4688,2178)* s1=PALM(260,2327)* s2=fng (3254,683) s3=fng (1448,522) [filtered=6191]
cnt=4 s0=PALM(4686,2178)* s1=PALM(261,2327)* s2=fng (3248,683) s3=fng (1452,522) [filtered=6192]
cnt=4 s0=PALM(4684,2178)* s1=PALM(262,2327)* s2=fng (3242,683) s3=fng (1456,522) [filtered=6193]
cnt=4 s0=PALM(4683,2178)* s1=PALM(263,2327)* s2=fng (3236,683) s3=fng (1460,522) [filtered=6194]
cnt=4 s0=PALM(4681,2178)* s1=PALM(264,2327)* s2=fng (3232,682) s3=fng (1463,522) [filtered=6195]
cnt=4 s0=PALM(4680,2178)* s1=PALM(265,2327)* s2=fng (3231,681) s3=fng (1465,521) [filtered=6196]
cnt=4 s0=PALM(4679,2178)* s1=PALM(265,2327)* s2=fng (3230,681) s3=fng (1467,521) [filtered=6197]
cnt=4 s0=PALM(4678,2178)* s1=PALM(266,2327)* s2=fng (3233,680) s3=fng (1467,521) [filtered=6198]
cnt=4 s0=PALM(4678,2178)* s1=PALM(267,2327)* s2=fng (3239,679) s3=fng (1462,522) [filtered=6199]
cnt=4 s0=PALM(4678,2178)* s1=PALM(268,2327)* s2=fng (3248,677) s3=fng (1455,523) [filtered=6200]
cnt=4 s0=PALM(4678,2178)* s1=PALM(268,2327)* s2=fng (3256,676) s3=fng (1449,523) [filtered=6201]
cnt=4 s0=PALM(4678,2177)* s1=PALM(269,2327)* s2=fng (3269,674) s3=fng (1440,524) [filtered=6202]
cnt=5 s0=PALM(4678,2177)* s1=PALM(270,2327)* s2=PALM(3284,673) s3=PALM(1429,525) s4=PALM(4680,2174) [filtered=6203]
cnt=5 s0=PALM(4678,2177)* s1=PALM(270,2327)* s2=PALM(3298,673) s3=PALM(1419,526) s4=PALM(4680,2174) [filtered=6204]
cnt=5 s0=PALM(4678,2177)* s1=PALM(271,2327)* s2=PALM(3314,673) s3=PALM(1406,528) s4=PALM(4680,2174) [filtered=6205]
cnt=4 s1=PALM(271,2327)* s2=fng (3333,672) s3=fng (1389,531) s4=PALM(4680,2174) [filtered=6206]
cnt=4 s1=PALM(271,2327)* s2=fng (3351,672) s3=fng (1373,533) s4=PALM(4680,2174) [filtered=6207]
cnt=4 s1=PALM(272,2327)* s2=fng (3370,671) s3=fng (1355,536) s4=PALM(4680,2174) [filtered=6208]
cnt=4 s1=PALM(272,2327)* s2=fng (3389,671) s3=fng (1337,539) s4=PALM(4680,2174) [filtered=6209]
cnt=4 s1=PALM(272,2327)* s2=fng (3408,671) s3=fng (1319,541) s4=PALM(4680,2174) [filtered=6210]
cnt=4 s1=PALM(273,2326)* s2=fng (3427,671) s3=fng (1301,544) s4=PALM(4680,2174) [filtered=6211]
cnt=4 s1=PALM(273,2325)* s2=fng (3446,672) s3=fng (1284,547) s4=PALM(4680,2174) [filtered=6212]
cnt=4 s1=PALM(273,2325)* s2=fng (3464,672) s3=fng (1268,549) s4=PALM(4680,2174) [filtered=6213]
cnt=4 s1=PALM(274,2325)* s2=fng (3481,673) s3=fng (1252,552) s4=PALM(4680,2174) [filtered=6214]
cnt=4 s1=PALM(275,2325)* s2=fng (3497,674) s3=fng (1236,555) s4=PALM(4680,2174) [filtered=6215]
cnt=4 s1=PALM(275,2325)* s2=fng (3512,675) s3=fng (1221,557) s4=PALM(4680,2174) [filtered=6216]
cnt=4 s1=PALM(275,2324)* s2=fng (3527,676) s3=fng (1207,559) s4=PALM(4680,2174) [filtered=6217]
cnt=4 s1=PALM(275,2324)* s2=fng (3541,678) s3=fng (1195,562) s4=PALM(4680,2174) [filtered=6218]
cnt=4 s1=PALM(275,2324)* s2=fng (3555,679) s3=fng (1183,564) s4=PALM(4680,2174) [filtered=6219]
cnt=4 s1=PALM(276,2324)* s2=fng (3568,680) s3=fng (1171,566) s4=PALM(4680,2174) [filtered=6220]
cnt=4 s1=PALM(276,2324)* s2=fng (3581,680) s3=fng (1159,568) s4=PALM(4680,2174) [filtered=6221]
cnt=4 s1=PALM(276,2324)* s2=fng (3592,682) s3=fng (1150,570) s4=PALM(4680,2173) [filtered=6222]
cnt=4 s1=PALM(276,2323)* s2=fng (3602,683) s3=fng (1142,571) s4=PALM(4680,2173)* [filtered=6223]
cnt=4 s1=PALM(276,2323)* s2=fng (3612,684) s3=fng (1134,571) s4=PALM(4680,2173)* [filtered=6224]
cnt=4 s1=PALM(276,2323)* s2=fng (3621,686) s3=fng (1127,573) s4=PALM(4681,2172)* [filtered=6225]
cnt=4 s1=PALM(276,2323)* s2=fng (3629,687) s3=fng (1121,574) s4=PALM(4682,2172)* [filtered=6226]
cnt=4 s1=PALM(276,2323)* s2=fng (3637,688) s3=fng (1115,575) s4=PALM(4683,2172)* [filtered=6227]
cnt=4 s1=PALM(276,2323)* s2=fng (3644,689) s3=fng (1109,576) s4=PALM(4684,2172)* [filtered=6228]
cnt=4 s1=PALM(276,2323)* s2=fng (3650,691) s3=fng (1105,578) s4=PALM(4685,2171)* [filtered=6229]
cnt=4 s1=PALM(276,2323)* s2=fng (3656,693) s3=fng (1101,580) s4=PALM(4686,2170)* [filtered=6230]
cnt=4 s1=PALM(276,2323)* s2=fng (3662,694) s3=fng (1097,581) s4=PALM(4686,2170)* [filtered=6231]
cnt=4 s1=PALM(276,2323)* s2=fng (3668,695) s3=fng (1094,582) s4=PALM(4687,2170)* [filtered=6232]
cnt=4 s1=PALM(276,2323)* s2=fng (3673,696) s3=fng (1092,583) s4=PALM(4688,2170)* [filtered=6233]
cnt=4 s1=PALM(276,2323)* s2=fng (3678,697) s3=fng (1090,583) s4=PALM(4688,2170)* [filtered=6234]
cnt=4 s1=PALM(276,2323)* s2=fng (3682,698) s3=fng (1090,584) s4=PALM(4689,2170)* [filtered=6235]
cnt=4 s1=PALM(275,2323)* s2=fng (3685,699) s3=fng (1090,584) s4=PALM(4691,2170)* [filtered=6236]
cnt=4 s1=PALM(275,2323)* s2=fng (3688,699) s3=fng (1090,584) s4=PALM(4692,2170)* [filtered=6237]
cnt=4 s1=PALM(274,2323)* s2=fng (3691,699) s3=fng (1094,584) s4=PALM(4694,2170)* [filtered=6238]
cnt=4 s1=PALM(272,2324)* s2=fng (3693,699) s3=fng (1100,583) s4=PALM(4696,2170)* [filtered=6239]
cnt=4 s1=PALM(271,2324)* s2=fng (3695,699) s3=fng (1106,583) s4=PALM(4697,2170)* [filtered=6240]
cnt=4 s1=PALM(269,2325)* s2=fng (3695,698) s3=fng (1114,582) s4=PALM(4698,2170)* [filtered=6241]
cnt=4 s1=PALM(267,2326)* s2=fng (3695,697) s3=fng (1123,581) s4=PALM(4700,2170)* [filtered=6242]
cnt=4 s1=PALM(266,2327)* s2=fng (3695,696) s3=fng (1131,581) s4=PALM(4701,2170)* [filtered=6243]
cnt=4 s1=PALM(264,2328)* s2=fng (3692,695) s3=fng (1143,579) s4=PALM(4702,2170)* [filtered=6244]
cnt=4 s1=PALM(262,2330) s2=fng (3688,693) s3=fng (1158,577) s4=PALM(4703,2170)* [filtered=6245]
cnt=4 s1=PALM(261,2331) s2=fng (3684,692) s3=fng (1172,576) s4=PALM(4703,2170)* [filtered=6246]
cnt=4 s1=PALM(260,2332) s2=fng (3678,689) s3=fng (1189,574) s4=PALM(4704,2170)* [filtered=6247]
cnt=4 s1=PALM(259,2333) s2=fng (3671,685) s3=fng (1208,572) s4=PALM(4705,2170)* [filtered=6248]
cnt=4 s1=PALM(258,2334) s2=fng (3663,681) s3=fng (1229,570) s4=PALM(4706,2170)* [filtered=6249]
cnt=4 s1=PALM(257,2334) s2=fng (3655,678) s3=fng (1249,569) s4=PALM(4706,2170)* [filtered=6250]
cnt=4 s1=PALM(256,2335) s2=fng (3645,674) s3=fng (1269,567) s4=PALM(4706,2170)* [filtered=6251]
cnt=4 s1=PALM(256,2335) s2=fng (3633,670) s3=fng (1288,565) s4=PALM(4706,2170)* [filtered=6252]
cnt=4 s1=PALM(256,2335) s2=fng (3622,667) s3=fng (1307,564) s4=PALM(4706,2170)* [filtered=6253]
cnt=4 s1=PALM(256,2336) s2=fng (3609,663) s3=fng (1326,562) s4=PALM(4706,2170)* [filtered=6254]
cnt=4 s1=PALM(256,2336) s2=fng (3594,659) s3=fng (1345,561) s4=PALM(4706,2170)* [filtered=6255]
cnt=4 s1=PALM(256,2336) s2=fng (3579,656) s3=fng (1363,560) s4=PALM(4706,2170)* [filtered=6256]
cnt=4 s1=PALM(256,2337) s2=fng (3564,652) s3=fng (1380,559) s4=PALM(4706,2170)* [filtered=6257]
cnt=4 s1=PALM(256,2338) s2=fng (3549,648) s3=fng (1396,558) s4=PALM(4706,2170)* [filtered=6258]
cnt=4 s1=PALM(256,2338) s2=fng (3535,645) s3=fng (1411,558) s4=PALM(4706,2170)* [filtered=6259]
cnt=4 s1=PALM(256,2338) s2=fng (3520,642) s3=fng (1426,557) s4=PALM(4706,2170)* [filtered=6260]
cnt=4 s1=PALM(256,2338) s2=fng (3505,639) s3=fng (1439,556) s4=PALM(4706,2170)* [filtered=6261]
cnt=4 s1=PALM(256,2338) s2=fng (3490,636) s3=fng (1452,555) s4=PALM(4706,2170)* [filtered=6262]
cnt=4 s1=PALM(256,2338) s2=fng (3475,634) s3=fng (1464,555) s4=PALM(4706,2170)* [filtered=6263]
cnt=4 s1=PALM(256,2338) s2=fng (3460,632) s3=fng (1475,554) s4=PALM(4705,2170)* [filtered=6264]
cnt=4 s1=PALM(256,2338)* s2=fng (3446,631) s3=fng (1484,553) s4=PALM(4704,2170)* [filtered=6265]
cnt=4 s1=PALM(256,2338)* s2=fng (3433,631) s3=fng (1493,553) s4=PALM(4703,2170)* [filtered=6266]
cnt=4 s1=PALM(257,2338)* s2=fng (3421,630) s3=fng (1501,553) s4=PALM(4702,2170)* [filtered=6267]
cnt=4 s1=PALM(257,2338)* s2=fng (3408,629) s3=fng (1508,553) s4=PALM(4700,2170)* [filtered=6268]
cnt=4 s1=PALM(257,2338)* s2=fng (3396,628) s3=fng (1515,553) s4=PALM(4699,2170)* [filtered=6269]
cnt=4 s1=PALM(258,2338)* s2=fng (3385,628) s3=fng (1521,553) s4=PALM(4697,2170)* [filtered=6270]
cnt=4 s1=PALM(258,2338)* s2=fng (3375,627) s3=fng (1526,553) s4=PALM(4695,2170)* [filtered=6271]
cnt=4 s1=PALM(258,2338)* s2=fng (3365,627) s3=fng (1531,553) s4=PALM(4694,2170)* [filtered=6272]
cnt=4 s1=PALM(259,2338)* s2=fng (3356,626) s3=fng (1534,553) s4=PALM(4693,2170)* [filtered=6273]
cnt=4 s1=PALM(259,2338)* s2=fng (3349,625) s3=fng (1535,553) s4=PALM(4691,2170)* [filtered=6274]
cnt=4 s1=PALM(259,2338)* s2=fng (3342,625) s3=fng (1536,553) s4=PALM(4690,2170)* [filtered=6275]
cnt=4 s1=PALM(260,2338)* s2=fng (3336,624) s3=fng (1533,553) s4=PALM(4688,2170)* [filtered=6276]
cnt=4 s1=PALM(260,2338)* s2=fng (3333,623) s3=fng (1527,553) s4=PALM(4686,2170)* [filtered=6277]
cnt=4 s1=PALM(260,2338)* s2=fng (3330,622) s3=fng (1521,553) s4=PALM(4685,2170)* [filtered=6278]
cnt=4 s1=PALM(260,2338)* s2=fng (3329,621) s3=fng (1514,553) s4=PALM(4684,2170)* [filtered=6279]
cnt=4 s1=PALM(260,2338)* s2=fng (3333,619) s3=fng (1506,553) s4=PALM(4682,2170)* [filtered=6280]
cnt=4 s1=PALM(260,2338)* s2=fng (3337,618) s3=fng (1499,553) s4=PALM(4681,2170)* [filtered=6281]
cnt=4 s1=PALM(260,2338)* s2=fng (3343,616) s3=fng (1490,553) s4=PALM(4680,2169)* [filtered=6282]
cnt=4 s1=PALM(260,2338)* s2=fng (3350,614) s3=fng (1479,554) s4=PALM(4679,2169)* [filtered=6283]
cnt=4 s1=PALM(260,2338)* s2=fng (3359,612) s3=fng (1467,555) s4=PALM(4678,2169)* [filtered=6284]
cnt=4 s1=PALM(260,2338)* s2=fng (3367,611) s3=fng (1456,555) s4=PALM(4678,2169)* [filtered=6285]
cnt=4 s1=PALM(260,2338)* s2=fng (3376,609) s3=fng (1444,556) s4=PALM(4677,2168)* [filtered=6286]
cnt=4 s1=PALM(260,2338)* s2=fng (3387,608) s3=fng (1432,557) s4=PALM(4676,2168)* [filtered=6287]
cnt=4 s1=PALM(260,2338)* s2=fng (3397,607) s3=fng (1420,557) s4=PALM(4676,2168)* [filtered=6288]
cnt=4 s1=PALM(260,2338)* s2=fng (3408,606) s3=fng (1408,558) s4=PALM(4675,2167)* [filtered=6289]
cnt=4 s1=PALM(260,2338)* s2=fng (3419,605) s3=fng (1397,558) s4=PALM(4675,2167)* [filtered=6290]
cnt=4 s1=PALM(260,2338)* s2=fng (3430,605) s3=fng (1388,559) s4=PALM(4674,2166)* [filtered=6291]
cnt=4 s1=PALM(260,2338)* s2=fng (3441,604) s3=fng (1379,561) s4=PALM(4674,2166)* [filtered=6292]
cnt=4 s1=PALM(260,2338)* s2=fng (3452,604) s3=fng (1371,562) s4=PALM(4674,2166)* [filtered=6293]
cnt=4 s1=PALM(260,2338)* s2=fng (3463,604) s3=fng (1363,563) s4=PALM(4674,2165)* [filtered=6294]
cnt=4 s1=PALM(260,2338)* s2=fng (3474,604) s3=fng (1354,564) s4=PALM(4674,2165)* [filtered=6295]
cnt=4 s1=PALM(260,2338)* s2=fng (3485,604) s3=fng (1345,565) s4=PALM(4673,2164)* [filtered=6296]
cnt=4 s1=PALM(260,2338)* s2=fng (3495,604) s3=fng (1337,565) s4=PALM(4672,2164)* [filtered=6297]
cnt=4 s1=PALM(260,2338)* s2=fng (3506,604) s3=fng (1328,566) s4=PALM(4672,2163)* [filtered=6298]
cnt=4 s1=PALM(260,2338)* s2=fng (3516,604) s3=fng (1320,567) s4=PALM(4672,2163)* [filtered=6299]
cnt=4 s1=PALM(260,2338)* s2=fng (3526,604) s3=fng (1313,567) s4=PALM(4672,2163)* [filtered=6300]
cnt=4 s1=PALM(260,2338)* s2=fng (3536,604) s3=fng (1307,568) s4=PALM(4671,2162)* [filtered=6301]
cnt=4 s1=PALM(260,2337)* s2=fng (3545,605) s3=fng (1300,568) s4=PALM(4670,2162)* [filtered=6302]
cnt=4 s1=PALM(260,2337)* s2=fng (3553,605) s3=fng (1294,568) s4=PALM(4670,2162)* [filtered=6303]
cnt=4 s1=PALM(260,2336)* s2=fng (3561,605) s3=fng (1289,569) s4=PALM(4669,2161)* [filtered=6304]
cnt=4 s1=PALM(260,2336)* s2=fng (3569,606) s3=fng (1285,569) s4=PALM(4668,2161)* [filtered=6305]
cnt=4 s1=PALM(260,2336)* s2=fng (3576,606) s3=fng (1281,569) s4=PALM(4668,2161)* [filtered=6306]
cnt=4 s1=PALM(260,2335)* s2=fng (3582,607) s3=fng (1277,569) s4=PALM(4667,2160)* [filtered=6307]
cnt=4 s1=PALM(260,2335)* s2=fng (3588,607) s3=fng (1274,569) s4=PALM(4666,2159)* [filtered=6308]
cnt=4 s1=PALM(260,2334)* s2=fng (3594,607) s3=fng (1271,569) s4=PALM(4666,2159)* [filtered=6309]
cnt=4 s1=PALM(260,2334)* s2=fng (3599,607) s3=fng (1268,569) s4=PALM(4666,2159)* [filtered=6310]
cnt=4 s1=PALM(260,2334)* s2=fng (3603,607) s3=fng (1265,568) s4=PALM(4666,2158)* [filtered=6311]
cnt=4 s1=PALM(260,2333)* s2=fng (3607,607) s3=fng (1262,568) s4=PALM(4666,2158)* [filtered=6312]
cnt=4 s1=PALM(260,2333)* s2=fng (3611,607) s3=fng (1259,568) s4=PALM(4666,2158)* [filtered=6313]
cnt=4 s1=PALM(260,2332)* s2=fng (3614,607) s3=fng (1257,567) s4=PALM(4666,2157)* [filtered=6314]
cnt=4 s1=PALM(260,2332)* s2=fng (3617,607) s3=fng (1256,566) s4=PALM(4666,2157)* [filtered=6315]
cnt=4 s1=PALM(260,2332)* s2=fng (3620,607) s3=fng (1257,566) s4=PALM(4666,2157)* [filtered=6316]
cnt=4 s1=PALM(260,2331)* s2=fng (3622,607) s3=fng (1256,565) s4=PALM(4666,2156)* [filtered=6317]
cnt=4 s1=PALM(260,2331)* s2=fng (3623,606) s3=fng (1255,564) s4=PALM(4666,2155)* [filtered=6318]
cnt=4 s1=PALM(260,2330)* s2=fng (3623,605) s3=fng (1254,562) s4=PALM(4667,2155)* [filtered=6319]
cnt=4 s1=PALM(260,2330)* s2=fng (3623,604) s3=fng (1254,561) s4=PALM(4667,2155)* [filtered=6320]
cnt=4 s1=PALM(260,2330)* s2=fng (3622,603) s3=fng (1254,559) s4=PALM(4668,2155)* [filtered=6321]
cnt=4 s1=PALM(260,2329)* s2=fng (3620,602) s3=fng (1255,557) s4=PALM(4669,2155)* [filtered=6322]
cnt=4 s1=PALM(260,2329)* s2=fng (3619,601) s3=fng (1255,556) s4=PALM(4669,2155)* [filtered=6323]
cnt=4 s1=PALM(260,2329)* s2=fng (3617,600) s3=fng (1256,555) s4=PALM(4670,2155)* [filtered=6324]
cnt=4 s1=PALM(260,2329)* s2=fng (3613,598) s3=fng (1257,553) s4=PALM(4671,2155)* [filtered=6325]
cnt=4 s1=PALM(260,2329)* s2=fng (3610,597) s3=fng (1258,552) s4=PALM(4671,2155)* [filtered=6326]
cnt=4 s1=PALM(260,2329)* s2=fng (3605,595) s3=fng (1259,550) s4=PALM(4671,2155)* [filtered=6327]
cnt=4 s1=PALM(260,2329)* s2=fng (3598,593) s3=fng (1261,548) s4=PALM(4671,2155)* [filtered=6328]
cnt=4 s1=PALM(260,2329)* s2=fng (3591,592) s3=fng (1262,547) s4=PALM(4671,2155)* [filtered=6329]
cnt=4 s1=PALM(260,2329)* s2=fng (3582,589) s3=fng (1265,545) s4=PALM(4671,2155)* [filtered=6330]
cnt=4 s1=PALM(260,2329)* s2=fng (3571,586) s3=fng (1268,542) s4=PALM(4671,2155)* [filtered=6331]
cnt=4 s1=PALM(260,2329)* s2=fng (3561,584) s3=fng (1270,541) s4=PALM(4671,2155)* [filtered=6332]
cnt=4 s1=PALM(261,2329)* s2=fng (3549,583) s3=fng (1274,539) s4=PALM(4670,2155)* [filtered=6333]
cnt=4 s1=PALM(262,2329)* s2=fng (3536,581) s3=fng (1278,537) s4=PALM(4669,2155)* [filtered=6334]
cnt=4 s1=PALM(262,2329)* s2=fng (3524,580) s3=fng (1281,536) s4=PALM(4669,2155)* [filtered=6335]
cnt=4 s1=PALM(262,2328)* s2=fng (3511,579) s3=fng (1284,534) s4=PALM(4668,2155)* [filtered=6336]
cnt=4 s1=PALM(263,2328)* s2=fng (3499,578) s3=fng (1288,533) s4=PALM(4667,2155)* [filtered=6337]
cnt=4 s1=PALM(263,2328)* s2=fng (3488,578) s3=fng (1291,532) s4=PALM(4667,2155)* [filtered=6338]
cnt=4 s1=PALM(263,2328)* s2=fng (3479,577) s3=fng (1294,531) s4=PALM(4666,2155)* [filtered=6339]
cnt=4 s1=PALM(264,2327)* s2=fng (3470,576) s3=fng (1297,530) s4=PALM(4665,2155)* [filtered=6340]
cnt=4 s1=PALM(264,2327)* s2=fng (3461,576) s3=fng (1300,530) s4=PALM(4665,2155)* [filtered=6341]
cnt=4 s1=PALM(265,2327)* s2=fng (3454,575) s3=fng (1303,530) s4=PALM(4664,2155)* [filtered=6342]
cnt=4 s1=PALM(266,2326)* s2=fng (3448,575) s3=fng (1306,530) s4=PALM(4663,2155)* [filtered=6343]
cnt=4 s1=PALM(267,2326)* s2=fng (3442,575) s3=fng (1309,530) s4=PALM(4662,2155)* [filtered=6344]
cnt=4 s1=PALM(268,2326)* s2=fng (3437,574) s3=fng (1311,530) s4=PALM(4661,2155)* [filtered=6345]
cnt=4 s1=PALM(268,2326)* s2=fng (3434,574) s3=fng (1313,530) s4=PALM(4660,2155)* [filtered=6346]
cnt=4 s1=PALM(269,2326)* s2=fng (3432,574) s3=fng (1314,530) s4=PALM(4660,2155)* [filtered=6347]
cnt=4 s1=PALM(269,2326)* s2=fng (3430,574) s3=fng (1314,530) s4=PALM(4660,2155)* [filtered=6348]
cnt=4 s1=PALM(270,2326)* s2=fng (3430,574) s3=fng (1315,531) s4=PALM(4660,2155)* [filtered=6349]
cnt=4 s1=PALM(270,2326)* s2=fng (3433,574) s3=fng (1315,532) s4=PALM(4660,2155)* [filtered=6350]
cnt=4 s1=PALM(270,2326)* s2=fng (3436,574) s3=fng (1315,533) s4=PALM(4660,2155)* [filtered=6351]
cnt=4 s1=PALM(270,2326)* s2=fng (3440,574) s3=fng (1312,535) s4=PALM(4660,2155)* [filtered=6352]
cnt=4 s1=PALM(270,2326)* s2=fng (3446,574) s3=fng (1308,537) s4=PALM(4660,2155)* [filtered=6353]
cnt=4 s1=PALM(270,2326)* s2=fng (3451,574) s3=fng (1305,538) s4=PALM(4660,2155)* [filtered=6354]
cnt=4 s1=PALM(270,2326)* s2=fng (3457,574) s3=fng (1300,541) s4=PALM(4661,2155)* [filtered=6355]
cnt=4 s1=PALM(270,2326)* s2=fng (3465,574) s3=fng (1293,546) s4=PALM(4662,2155)* [filtered=6356]
cnt=4 s1=PALM(270,2326)* s2=fng (3472,574) s3=fng (1286,549) s4=PALM(4662,2155)* [filtered=6357]
cnt=4 s1=PALM(270,2326)* s2=fng (3482,575) s3=fng (1276,554) s4=PALM(4663,2155)* [filtered=6358]
cnt=4 s1=PALM(270,2326)* s2=fng (3494,576) s3=fng (1264,560) s4=PALM(4665,2155)* [filtered=6359]
cnt=4 s1=PALM(270,2326)* s2=fng (3506,577) s3=fng (1252,565) s4=PALM(4666,2155)* [filtered=6360]
cnt=4 s1=PALM(270,2326)* s2=fng (3520,579) s3=fng (1239,572) s4=PALM(4667,2155)* [filtered=6361]
cnt=4 s1=PALM(269,2326)* s2=fng (3536,582) s3=fng (1226,579) s4=PALM(4669,2155)* [filtered=6362]
cnt=4 s1=PALM(269,2326)* s2=fng (3551,584) s3=fng (1214,585) s4=PALM(4670,2155)* [filtered=6363]
cnt=4 s1=PALM(268,2326)* s2=fng (3567,587) s3=fng (1201,591) s4=PALM(4671,2154)* [filtered=6364]
cnt=4 s1=PALM(268,2326)* s2=fng (3583,590) s3=fng (1188,598) s4=PALM(4673,2154)* [filtered=6365]
cnt=4 s1=PALM(267,2326)* s2=fng (3598,594) s3=fng (1176,605) s4=PALM(4675,2153)* [filtered=6366]
cnt=4 s1=PALM(267,2326)* s2=fng (3612,596) s3=fng (1165,611) s4=PALM(4676,2153)* [filtered=6367]
cnt=4 s1=PALM(267,2326)* s2=fng (3626,600) s3=fng (1155,617) s4=PALM(4678,2153)* [filtered=6368]
cnt=4 s1=PALM(267,2326)* s2=fng (3639,603) s3=fng (1145,623) s4=PALM(4679,2153)* [filtered=6369]
cnt=4 s1=PALM(266,2326)* s2=fng (3649,605) s3=fng (1137,628) s4=PALM(4680,2152)* [filtered=6370]
cnt=4 s1=PALM(266,2326)* s2=fng (3659,608) s3=fng (1129,632) s4=PALM(4682,2151)* [filtered=6371]
cnt=4 s1=PALM(266,2326)* s2=fng (3669,610) s3=fng (1121,636) s4=PALM(4683,2151)* [filtered=6372]
cnt=4 s1=PALM(265,2326)* s2=fng (3678,613) s3=fng (1114,640) s4=PALM(4685,2151)* [filtered=6373]
cnt=4 s1=PALM(264,2326)* s2=fng (3686,617) s3=fng (1108,645) s4=PALM(4687,2150)* [filtered=6374]
cnt=4 s1=PALM(264,2326)* s2=fng (3694,621) s3=fng (1102,649) s4=PALM(4688,2150)* [filtered=6375]
cnt=4 s1=PALM(264,2326)* s2=fng (3701,625) s3=fng (1097,653) s4=PALM(4689,2150)* [filtered=6376]
cnt=4 s1=PALM(263,2326)* s2=fng (3707,628) s3=fng (1093,656) s4=PALM(4691,2150)* [filtered=6377]
cnt=4 s1=PALM(263,2326)* s2=fng (3713,630) s3=fng (1089,659) s4=PALM(4692,2150)* [filtered=6378]
cnt=4 s1=PALM(263,2326)* s2=fng (3719,633) s3=fng (1085,662) s4=PALM(4694,2150)* [filtered=6379]
cnt=4 s1=PALM(262,2326)* s2=fng (3724,636) s3=fng (1082,665) s4=PALM(4695,2150)* [filtered=6380]
cnt=4 s1=PALM(262,2326)* s2=fng (3729,638) s3=fng (1079,667) s4=PALM(4696,2150)* [filtered=6381]
cnt=4 s1=PALM(261,2327)* s2=fng (3733,641) s3=fng (1077,669) s4=PALM(4697,2150)* [filtered=6382]
cnt=4 s1=PALM(260,2327)* s2=fng (3737,644) s3=fng (1077,671) s4=PALM(4698,2150)* [filtered=6383]
cnt=4 s1=PALM(259,2327)* s2=fng (3741,646) s3=fng (1077,672) s4=PALM(4699,2150)* [filtered=6384]
cnt=4 s1=PALM(258,2328)* s2=fng (3744,648) s3=fng (1080,672) s4=PALM(4700,2150)* [filtered=6385]
cnt=4 s1=PALM(256,2329)* s2=fng (3746,649) s3=fng (1085,672) s4=PALM(4701,2150)* [filtered=6386]
cnt=4 s1=PALM(255,2330)* s2=fng (3748,650) s3=fng (1089,672) s4=PALM(4702,2150)* [filtered=6387]
cnt=4 s1=PALM(253,2331)* s2=fng (3749,651) s3=fng (1094,671) s4=PALM(4703,2150)* [filtered=6388]
cnt=4 s1=PALM(251,2332)* s2=fng (3749,651) s3=fng (1101,669) s4=PALM(4704,2150)* [filtered=6389]
cnt=4 s1=PALM(250,2332)* s2=fng (3749,651) s3=fng (1107,668) s4=PALM(4705,2150)* [filtered=6390]
cnt=4 s1=PALM(249,2333)* s2=fng (3749,650) s3=fng (1116,666) s4=PALM(4706,2150)* [filtered=6391]
cnt=4 s1=PALM(248,2334)* s2=fng (3745,649) s3=fng (1127,663) s4=PALM(4708,2150)* [filtered=6392]
cnt=4 s1=PALM(247,2335)* s2=fng (3740,648) s3=fng (1142,658) s4=PALM(4709,2150)* [filtered=6393]
cnt=4 s1=PALM(246,2336)* s2=fng (3735,647) s3=fng (1156,654) s4=PALM(4710,2150)* [filtered=6394]
cnt=4 s1=PALM(245,2337)* s2=fng (3730,646) s3=fng (1175,649) s4=PALM(4711,2151)* [filtered=6395]
cnt=4 s1=PALM(244,2338)* s2=fng (3722,643) s3=fng (1197,644) s4=PALM(4712,2151)* [filtered=6396]
cnt=4 s1=PALM(244,2338)* s2=fng (3715,642) s3=fng (1219,640) s4=PALM(4712,2151)* [filtered=6397]
cnt=4 s1=PALM(244,2339)* s2=fng (3706,639) s3=fng (1242,635) s4=PALM(4713,2152)* [filtered=6398]
cnt=4 s1=PALM(244,2340)* s2=fng (3695,635) s3=fng (1265,630) s4=PALM(4714,2153)* [filtered=6399]
cnt=4 s1=PALM(244,2340)* s2=fng (3684,633) s3=fng (1287,626) s4=PALM(4714,2153)* [filtered=6400]
cnt=4 s1=PALM(244,2341)* s2=fng (3671,629) s3=fng (1309,622) s4=PALM(4714,2153)* [filtered=6401]
cnt=4 s1=PALM(244,2342)* s2=fng (3655,625) s3=fng (1331,618) s4=PALM(4714,2154)* [filtered=6402]
cnt=4 s1=PALM(244,2343)* s2=fng (3640,622) s3=fng (1352,615) s4=PALM(4714,2154)* [filtered=6403]
cnt=4 s1=PALM(244,2343)* s2=fng (3623,618) s3=fng (1372,612) s4=PALM(4714,2154)* [filtered=6404]
cnt=4 s1=PALM(244,2344)* s2=fng (3605,614) s3=fng (1391,609) s4=PALM(4714,2155)* [filtered=6405]
cnt=4 s1=PALM(244,2344)* s2=fng (3588,611) s3=fng (1409,606) s4=PALM(4714,2155)* [filtered=6406]
cnt=4 s1=PALM(244,2345)* s2=fng (3570,608) s3=fng (1426,603) s4=PALM(4714,2155)* [filtered=6407]
cnt=4 s1=PALM(244,2345)* s2=fng (3551,605) s3=fng (1442,601) s4=PALM(4714,2156)* [filtered=6408]
cnt=4 s1=PALM(244,2345)* s2=fng (3533,603) s3=fng (1458,599) s4=PALM(4714,2157)* [filtered=6409]
cnt=4 s1=PALM(245,2346)* s2=fng (3516,601) s3=fng (1473,598) s4=PALM(4714,2157)* [filtered=6410]
cnt=4 s1=PALM(245,2346)* s2=fng (3499,599) s3=fng (1488,599) s4=PALM(4714,2157)* [filtered=6411]
cnt=4 s1=PALM(245,2346)* s2=fng (3485,598) s3=fng (1500,598) s4=PALM(4714,2158)* [filtered=6412]
cnt=4 s1=PALM(246,2346)* s2=fng (3473,598) s3=fng (1510,597) s4=PALM(4714,2158)* [filtered=6413]
cnt=4 s1=PALM(246,2346)* s2=fng (3461,598) s3=fng (1520,596) s4=PALM(4714,2158)* [filtered=6414]
cnt=4 s1=PALM(246,2346)* s2=fng (3451,597) s3=fng (1528,595) s4=PALM(4714,2159)* [filtered=6415]
cnt=4 s1=PALM(247,2346)* s2=fng (3445,595) s3=fng (1534,594) s4=PALM(4714,2159)* [filtered=6416]
cnt=4 s1=PALM(247,2346)* s2=fng (3439,594) s3=fng (1540,594) s4=PALM(4714,2159)* [filtered=6417]
cnt=4 s1=PALM(248,2346)* s2=fng (3436,592) s3=fng (1542,593) s4=PALM(4714,2160)* [filtered=6418]
cnt=4 s1=PALM(248,2346)* s2=fng (3436,590) s3=fng (1542,593) s4=PALM(4714,2161)* [filtered=6419]
cnt=4 s1=PALM(248,2346)* s2=fng (3436,589) s3=fng (1542,593) s4=PALM(4714,2161)* [filtered=6420]
cnt=4 s1=PALM(249,2346)* s2=fng (3442,588) s3=fng (1537,593) s4=PALM(4714,2161)* [filtered=6421]
cnt=4 s1=PALM(249,2346)* s2=fng (3451,587) s3=fng (1530,593) s4=PALM(4714,2161)* [filtered=6422]
cnt=4 s1=PALM(249,2346)* s2=fng (3460,586) s3=fng (1523,593) s4=PALM(4714,2161)* [filtered=6423]
cnt=4 s1=PALM(250,2346)* s2=fng (3471,586) s3=fng (1513,594) s4=PALM(4714,2161)* [filtered=6424]
cnt=4 s1=PALM(251,2346)* s2=fng (3485,586) s3=fng (1500,595) s4=PALM(4714,2161)* [filtered=6425]
cnt=4 s1=PALM(251,2346)* s2=fng (3499,586) s3=fng (1487,596) s4=PALM(4714,2161)* [filtered=6426]
cnt=4 s1=PALM(252,2346)* s2=fng (3515,587) s3=fng (1472,598) s4=PALM(4714,2161)* [filtered=6427]
cnt=4 s1=PALM(253,2346)* s2=fng (3533,589) s3=fng (1456,600) s4=PALM(4714,2161)* [filtered=6428]
cnt=4 s1=PALM(254,2346)* s2=fng (3552,592) s3=fng (1439,604) s4=PALM(4714,2161)* [filtered=6429]
cnt=4 s1=PALM(254,2346)* s2=fng (3571,593) s3=fng (1423,606) s4=PALM(4714,2161)* [filtered=6430]
cnt=4 s1=PALM(255,2346)* s2=fng (3592,596) s3=fng (1406,609) s4=PALM(4714,2161)* [filtered=6431]
cnt=4 s1=PALM(256,2346)* s2=fng (3612,600) s3=fng (1388,612) s4=PALM(4714,2161)* [filtered=6432]
cnt=4 s1=PALM(257,2346)* s2=fng (3631,603) s3=fng (1371,614) s4=PALM(4714,2161)* [filtered=6433]
cnt=4 s1=PALM(258,2346)* s2=fng (3651,607) s3=fng (1355,617) s4=PALM(4714,2161)* [filtered=6434]
cnt=4 s1=PALM(259,2346)* s2=fng (3669,611) s3=fng (1341,620) s4=PALM(4714,2161)* [filtered=6435]
cnt=4 s1=PALM(259,2346)* s2=fng (3686,614) s3=fng (1328,622) s4=PALM(4714,2161)* [filtered=6436]
cnt=4 s1=PALM(260,2346)* s2=fng (3702,617) s3=fng (1315,625) s4=PALM(4714,2161)* [filtered=6437]
cnt=4 s1=PALM(260,2346)* s2=fng (3716,620) s3=fng (1303,628) s4=PALM(4714,2161)* [filtered=6438]
cnt=4 s1=PALM(261,2346)* s2=fng (3730,624) s3=fng (1292,631) s4=PALM(4714,2161)* [filtered=6439]
cnt=4 s1=PALM(261,2346)* s2=fng (3743,627) s3=fng (1282,633) s4=PALM(4714,2161)* [filtered=6440]
cnt=4 s1=PALM(262,2346)* s2=fng (3754,630) s3=fng (1273,636) s4=PALM(4714,2161)* [filtered=6441]
cnt=4 s1=PALM(262,2346)* s2=fng (3764,632) s3=fng (1265,638) s4=PALM(4715,2161)* [filtered=6442]
cnt=4 s1=PALM(262,2346)* s2=fng (3773,634) s3=fng (1258,639) s4=PALM(4715,2161)* [filtered=6443]
cnt=4 s1=PALM(262,2346)* s2=fng (3781,636) s3=fng (1251,640) s4=PALM(4716,2161)* [filtered=6444]
cnt=4 s1=PALM(262,2346)* s2=fng (3788,638) s3=fng (1245,641) s4=PALM(4717,2161)* [filtered=6445]
cnt=4 s1=PALM(262,2346)* s2=fng (3794,640) s3=fng (1240,642) s4=PALM(4718,2161)* [filtered=6446]
cnt=4 s1=PALM(262,2346)* s2=fng (3799,641) s3=fng (1237,643) s4=PALM(4719,2161)* [filtered=6447]
cnt=4 s1=PALM(261,2347)* s2=fng (3803,642) s3=fng (1236,643) s4=PALM(4720,2161)* [filtered=6448]
cnt=4 s1=PALM(260,2347)* s2=fng (3805,642) s3=fng (1239,642) s4=PALM(4721,2161)* [filtered=6449]
cnt=4 s1=PALM(259,2347)* s2=fng (3807,642) s3=fng (1240,642) s4=PALM(4721,2161)* [filtered=6450]
cnt=4 s1=PALM(258,2348)* s2=fng (3807,642) s3=fng (1243,641) s4=PALM(4722,2162)* [filtered=6451]
cnt=4 s1=PALM(256,2349)* s2=fng (3804,642) s3=fng (1248,640) s4=PALM(4723,2162)* [filtered=6452]
cnt=4 s1=PALM(255,2349)* s2=fng (3801,642) s3=fng (1252,639) s4=PALM(4723,2162)* [filtered=6453]
cnt=4 s1=PALM(254,2350)* s2=fng (3797,642) s3=fng (1260,638) s4=PALM(4724,2163)* [filtered=6454]
cnt=4 s1=PALM(253,2351)* s2=fng (3792,641) s3=fng (1272,636) s4=PALM(4725,2164)* [filtered=6455]
cnt=4 s1=PALM(252,2351)* s2=fng (3788,641) s3=fng (1284,635) s4=PALM(4725,2164)* [filtered=6456]
cnt=4 s1=PALM(251,2352)* s2=fng (3781,640) s3=fng (1299,633) s4=PALM(4726,2165)* [filtered=6457]
cnt=4 s1=PALM(250,2353)* s2=fng (3771,638) s3=fng (1316,630) s4=PALM(4727,2166)* [filtered=6458]
cnt=4 s1=PALM(249,2354)* s2=fng (3758,635) s3=fng (1336,628) s4=PALM(4728,2167)* [filtered=6459]
cnt=4 s1=PALM(249,2354)* s2=fng (3745,634) s3=fng (1356,627) s4=PALM(4729,2168)* [filtered=6460]
cnt=4 s1=PALM(248,2355)* s2=fng (3729,632) s3=fng (1378,625) s4=PALM(4730,2169)* [filtered=6461]
cnt=4 s1=PALM(248,2355)* s2=fng (3711,629) s3=fng (1400,623) s4=PALM(4731,2170)* [filtered=6462]
cnt=4 s1=PALM(248,2355)* s2=fng (3694,628) s3=fng (1421,622) s4=PALM(4731,2170)* [filtered=6463]
cnt=4 s1=PALM(248,2356)* s2=fng (3673,626) s3=fng (1443,620) s4=PALM(4731,2171)* [filtered=6464]
cnt=4 s1=PALM(248,2357)* s2=fng (3651,624) s3=fng (1464,619) s4=PALM(4731,2172)* [filtered=6465]
cnt=4 s1=PALM(248,2357)* s2=fng (3630,623) s3=fng (1484,618) s4=PALM(4731,2172)* [filtered=6466]
cnt=4 s1=PALM(248,2357)* s2=fng (3607,624) s3=fng (1503,617) s4=PALM(4731,2173)* [filtered=6467]
cnt=4 s1=PALM(248,2358)* s2=fng (3583,625) s3=fng (1522,617) s4=PALM(4731,2174)* [filtered=6468]
cnt=4 s1=PALM(248,2358)* s2=fng (3560,626) s3=fng (1540,617) s4=PALM(4731,2174)* [filtered=6469]
cnt=4 s1=PALM(248,2358)* s2=fng (3535,628) s3=fng (1558,617) s4=PALM(4731,2175)* [filtered=6470]
cnt=4 s1=PALM(248,2358)* s2=fng (3511,629) s3=fng (1576,617) s4=PALM(4731,2176)* [filtered=6471]
cnt=4 s1=PALM(248,2359)* s2=fng (3489,632) s3=fng (1591,617) s4=PALM(4731,2177)* [filtered=6472]
cnt=4 s1=PALM(248,2359)* s2=fng (3468,635) s3=fng (1605,617) s4=PALM(4731,2178)* [filtered=6473]
cnt=4 s1=PALM(248,2359)* s2=fng (3447,637) s3=fng (1619,617) s4=PALM(4731,2179)* [filtered=6474]
cnt=4 s1=PALM(248,2359)* s2=fng (3427,641) s3=fng (1631,617) s4=PALM(4731,2180)* [filtered=6475]
cnt=4 s1=PALM(248,2360)* s2=fng (3408,646) s3=fng (1642,617) s4=PALM(4731,2182)* [filtered=6476]
cnt=4 s1=PALM(248,2360)* s2=fng (3389,650) s3=fng (1653,617) s4=PALM(4731,2183)* [filtered=6477]
cnt=4 s1=PALM(249,2361)* s2=fng (3371,655) s3=fng (1663,617) s4=PALM(4731,2184)* [filtered=6478]
cnt=4 s1=PALM(249,2361)* s2=fng (3355,660) s3=fng (1671,618) s4=PALM(4731,2185)* [filtered=6479]
cnt=4 s1=PALM(249,2361)* s2=fng (3339,664) s3=fng (1679,618) s4=PALM(4731,2186)* [filtered=6480]
cnt=4 s1=PALM(250,2361)* s2=fng (3324,669) s3=fng (1686,619) s4=PALM(4731,2187)* [filtered=6481]
cnt=4 s1=PALM(250,2361)* s2=fng (3309,673) s3=fng (1693,619) s4=PALM(4731,2187)* [filtered=6482]
cnt=4 s1=PALM(250,2361)* s2=fng (3296,677) s3=fng (1699,619) s4=PALM(4731,2188)* [filtered=6483]
cnt=4 s1=PALM(251,2361)* s2=fng (3285,681) s3=fng (1703,620) s4=PALM(4731,2190)* [filtered=6484]
cnt=4 s1=PALM(251,2361)* s2=fng (3276,685) s3=fng (1703,620) s4=PALM(4731,2191)* [filtered=6485]
cnt=4 s1=PALM(251,2361)* s2=fng (3267,688) s3=fng (1703,620) s4=PALM(4731,2192)* [filtered=6486]
cnt=4 s1=PALM(251,2361)* s2=fng (3258,691) s3=fng (1698,620) s4=PALM(4731,2193)* [filtered=6487]
cnt=4 s1=PALM(251,2361)* s2=fng (3249,694) s3=fng (1693,620) s4=PALM(4731,2194)* [filtered=6488]
cnt=4 s1=PALM(251,2361)* s2=fng (3243,696) s3=fng (1686,620) s4=PALM(4731,2195)* [filtered=6489]
cnt=4 s1=PALM(251,2361)* s2=fng (3239,698) s3=fng (1675,620) s4=PALM(4732,2197)* [filtered=6490]
cnt=4 s1=PALM(251,2361)* s2=fng (3238,701) s3=fng (1661,621) s4=PALM(4733,2198)* [filtered=6491]
cnt=4 s1=PALM(251,2361)* s2=fng (3237,703) s3=fng (1648,621) s4=PALM(4733,2199)* [filtered=6492]
cnt=4 s1=PALM(251,2361)* s2=fng (3241,705) s3=fng (1630,622) s4=PALM(4735,2200)* [filtered=6493]
cnt=4 s1=PALM(251,2361)* s2=fng (3247,708) s3=fng (1609,625) s4=PALM(4737,2202) [filtered=6494]
cnt=4 s1=PALM(251,2361)* s2=fng (3254,710) s3=fng (1586,628) s4=PALM(4739,2203) [filtered=6495]
cnt=4 s1=PALM(251,2361)* s2=fng (3261,711) s3=fng (1564,630) s4=PALM(4740,2204) [filtered=6496]
cnt=4 s1=PALM(251,2361)* s2=fng (3270,713) s3=fng (1540,633) s4=PALM(4741,2205) [filtered=6497]
cnt=4 s1=PALM(251,2361)* s2=fng (3282,716) s3=fng (1516,637) s4=PALM(4743,2206) [filtered=6498]
cnt=4 s1=PALM(251,2361)* s2=fng (3293,718) s3=fng (1493,640) s4=PALM(4744,2206) [filtered=6499]
cnt=3 s1=PALM(251,2361)* s2=fng (3306,722) s3=fng (1471,644) [filtered=6500]
cnt=3 s1=PALM(251,2361)* s2=fng (3320,727) s3=fng (1448,648) [filtered=6501]
cnt=3 s1=PALM(251,2361)* s2=fng (3337,735) s3=fng (1427,653) [filtered=6502]
cnt=3 s1=PALM(251,2361)* s2=fng (3354,742) s3=fng (1407,658) [filtered=6503]
cnt=3 s1=PALM(251,2361)* s2=fng (3372,750) s3=fng (1388,663) [filtered=6504]
cnt=3 s1=PALM(251,2361)* s2=fng (3391,759) s3=fng (1370,668) [filtered=6505]
cnt=3 s1=PALM(251,2361)* s2=fng (3409,769) s3=fng (1353,674) [filtered=6506]
cnt=3 s1=PALM(251,2361)* s2=fng (3426,779) s3=fng (1337,679) [filtered=6507]
cnt=3 s1=PALM(251,2361)* s2=fng (3442,789) s3=fng (1323,684) [filtered=6508]
cnt=3 s1=PALM(251,2361)* s2=fng (3458,799) s3=fng (1309,689) [filtered=6509]
cnt=3 s1=PALM(251,2361)* s2=fng (3473,808) s3=fng (1296,693) [filtered=6510]
cnt=3 s1=PALM(251,2360)* s2=fng (3486,818) s3=fng (1285,697) [filtered=6511]
cnt=3 s1=PALM(251,2359)* s2=fng (3499,828) s3=fng (1275,701) [filtered=6512]
cnt=3 s1=PALM(251,2359)* s2=fng (3510,838) s3=fng (1266,705) [filtered=6513]
cnt=3 s1=PALM(251,2359)* s2=fng (3520,847) s3=fng (1257,708) [filtered=6514]
cnt=3 s1=PALM(251,2358)* s2=fng (3530,857) s3=fng (1250,712) [filtered=6515]
cnt=3 s1=PALM(251,2358)* s2=fng (3538,866) s3=fng (1243,716) [filtered=6516]
cnt=3 s1=PALM(250,2358)* s2=fng (3546,874) s3=fng (1237,718) [filtered=6517]
cnt=3 s1=PALM(250,2358)* s2=fng (3553,881) s3=fng (1232,720) [filtered=6518]
cnt=3 s1=PALM(250,2358)* s2=fng (3559,888) s3=fng (1229,722) [filtered=6519]
cnt=3 s1=PALM(249,2358)* s2=fng (3564,895) s3=fng (1226,723) [filtered=6520]
cnt=3 s1=PALM(248,2358)* s2=fng (3568,901) s3=fng (1225,724) [filtered=6521]
cnt=3 s1=PALM(247,2358)* s2=fng (3571,906) s3=fng (1224,724) [filtered=6522]
cnt=3 s1=PALM(246,2359)* s2=fng (3573,910) s3=fng (1224,724) [filtered=6523]
cnt=3 s1=PALM(245,2359)* s2=fng (3574,914) s3=fng (1229,723) [filtered=6524]
cnt=3 s1=PALM(243,2360)* s2=fng (3573,918) s3=fng (1234,721) [filtered=6525]
cnt=3 s1=PALM(242,2361)* s2=fng (3573,921) s3=fng (1238,720) [filtered=6526]
cnt=3 s1=PALM(241,2362)* s2=fng (3571,923) s3=fng (1246,717) [filtered=6527]
cnt=3 s1=PALM(240,2363)* s2=fng (3567,924) s3=fng (1256,713) [filtered=6528]
cnt=3 s1=PALM(239,2364)* s2=fng (3562,925) s3=fng (1271,708) [filtered=6529]
cnt=3 s1=PALM(239,2364)* s2=fng (3557,925) s3=fng (1285,704) [filtered=6530]
cnt=3 s1=PALM(239,2365)* s2=fng (3550,925) s3=fng (1303,699) [filtered=6531]
cnt=3 s1=PALM(239,2365)* s2=fng (3541,925) s3=fng (1325,694) [filtered=6532]
cnt=3 s1=PALM(240,2366)* s2=fng (3531,925) s3=fng (1352,689) [filtered=6533]
cnt=3 s1=PALM(240,2366)* s2=fng (3521,925) s3=fng (1378,684) [filtered=6534]
cnt=3 s1=PALM(240,2366)* s2=fng (3508,924) s3=fng (1406,679) [filtered=6535]
cnt=3 s1=PALM(241,2367)* s2=fng (3493,924) s3=fng (1434,675) [filtered=6536]
cnt=3 s1=PALM(242,2367)* s2=fng (3475,923) s3=fng (1464,671) [filtered=6537]
cnt=3 s1=PALM(242,2367)* s2=fng (3458,923) s3=fng (1493,668) [filtered=6538]
cnt=3 s1=PALM(243,2367)* s2=fng (3439,922) s3=fng (1522,667) [filtered=6539]
cnt=3 s1=PALM(244,2367)* s2=fng (3417,922) s3=fng (1550,667) [filtered=6540]
cnt=3 s1=PALM(244,2367)* s2=fng (3395,922) s3=fng (1578,667) [filtered=6541]
cnt=3 s1=PALM(245,2367)* s2=fng (3371,923) s3=fng (1604,667) [filtered=6542]
cnt=3 s1=PALM(246,2367)* s2=fng (3347,924) s3=fng (1629,668) [filtered=6543]
cnt=3 s1=PALM(248,2367)* s2=fng (3324,925) s3=fng (1653,669) [filtered=6544]
cnt=3 s1=PALM(249,2367)* s2=fng (3301,925) s3=fng (1676,669) [filtered=6545]
cnt=3 s1=PALM(250,2367)* s2=fng (3278,926) s3=fng (1699,671) [filtered=6546]
cnt=3 s1=PALM(251,2367)* s2=fng (3256,928) s3=fng (1720,673) [filtered=6547]
cnt=3 s1=PALM(252,2367)* s2=fng (3235,929) s3=fng (1740,674) [filtered=6548]
cnt=3 s1=PALM(253,2367)* s2=fng (3213,931) s3=fng (1759,677) [filtered=6549]
cnt=3 s1=PALM(254,2367)* s2=fng (3192,933) s3=fng (1778,681) [filtered=6550]
cnt=3 s1=PALM(255,2367)* s2=fng (3172,934) s3=fng (1796,684) [filtered=6551]
cnt=3 s1=PALM(256,2367)* s2=fng (3153,937) s3=fng (1813,688) [filtered=6552]
cnt=3 s1=PALM(257,2367)* s2=fng (3134,940) s3=fng (1828,692) [filtered=6553]
cnt=3 s1=PALM(257,2367)* s2=fng (3115,942) s3=fng (1843,695) [filtered=6554]
cnt=3 s1=PALM(258,2367)* s2=fng (3097,945) s3=fng (1857,699) [filtered=6555]
cnt=3 s1=PALM(259,2367)* s2=fng (3079,948) s3=fng (1869,703) [filtered=6556]
cnt=3 s1=PALM(259,2367)* s2=fng (3061,950) s3=fng (1881,706) [filtered=6557]
cnt=3 s1=PALM(259,2367)* s2=fng (3043,954) s3=fng (1893,710) [filtered=6558]
cnt=3 s1=PALM(260,2367)* s2=fng (3026,958) s3=fng (1905,714) [filtered=6559]
cnt=3 s1=PALM(260,2367)* s2=fng (3009,961) s3=fng (1917,717) [filtered=6560]
cnt=3 s1=PALM(260,2367)* s2=fng (2992,964) s3=fng (1928,722) [filtered=6561]
cnt=3 s1=PALM(260,2367)* s2=fng (2976,967) s3=fng (1938,727) [filtered=6562]
cnt=3 s1=PALM(260,2367)* s2=fng (2960,970) s3=fng (1948,731) [filtered=6563]
cnt=3 s1=PALM(260,2367)* s2=fng (2944,973) s3=fng (1957,736) [filtered=6564]
cnt=3 s1=PALM(260,2367)* s2=fng (2928,975) s3=fng (1966,742) [filtered=6565]
cnt=3 s1=PALM(260,2367)* s2=fng (2912,977) s3=fng (1975,747) [filtered=6566]
cnt=3 s1=PALM(260,2367)* s2=fng (2896,978) s3=fng (1984,753) [filtered=6567]
cnt=3 s1=PALM(261,2367)* s2=fng (2881,978) s3=fng (1993,759) [filtered=6568]
cnt=3 s1=PALM(261,2367)* s2=fng (2866,978) s3=fng (2002,764) [filtered=6569]
cnt=4 s0=PALM(4737,2249) s1=PALM(262,2368)* s2=fng (2852,978) s3=fng (2010,769) [filtered=6570]
cnt=4 s0=PALM(4737,2249) s1=PALM(262,2368)* s2=fng (2840,974) s3=fng (2017,774) [filtered=6571]
cnt=4 s0=PALM(4737,2249) s1=PALM(262,2368)* s2=fng (2828,972) s3=fng (2024,778) [filtered=6572]
cnt=4 s0=PALM(4737,2249) s1=PALM(262,2368)* s2=fng (2818,967) s3=fng (2030,782) [filtered=6573]
cnt=4 s0=PALM(4737,2249) s1=PALM(262,2368)* s2=fng (2812,960) s3=fng (2036,786) [filtered=6574]
cnt=4 s0=PALM(4737,2249) s1=PALM(262,2368)* s2=fng (2806,953) s3=fng (2042,790) [filtered=6575]
cnt=4 s0=PALM(4737,2248) s1=PALM(262,2368)* s2=fng (2803,945) s3=fng (2047,794) [filtered=6576]
cnt=4 s0=PALM(4736,2248) s1=PALM(262,2368)* s2=fng (2807,934) s3=fng (2052,798) [filtered=6577]
cnt=4 s0=PALM(4736,2248) s1=PALM(262,2368)* s2=fng (2811,924) s3=fng (2057,802) [filtered=6578]
cnt=4 s0=PALM(4735,2247) s1=PALM(262,2368)* s2=fng (2820,910) s3=fng (2061,806) [filtered=6579]
cnt=4 s0=PALM(4734,2247) s1=PALM(262,2368)* s2=fng (2829,897) s3=fng (2065,810) [filtered=6580]
cnt=4 s0=PALM(4733,2246) s1=PALM(262,2368)* s2=fng (2844,881) s3=fng (2069,814) [filtered=6581]
cnt=4 s0=PALM(4731,2245) s1=PALM(262,2369)* s2=fng (2865,863) s3=fng (2072,817) [filtered=6582]
cnt=4 s0=PALM(4730,2244) s1=PALM(262,2369)* s2=fng (2885,846) s3=fng (2075,820) [filtered=6583]
cnt=4 s0=PALM(4729,2243) s1=PALM(262,2369)* s2=fng (2913,827) s3=fng (2077,824) [filtered=6584]
cnt=4 s0=PALM(4728,2242) s1=PALM(262,2370)* s2=fng (2947,808) s3=fng (2079,828) [filtered=6585]
cnt=4 s0=PALM(4727,2242) s1=PALM(262,2370)* s2=fng (2980,790) s3=fng (2081,832) [filtered=6586]
cnt=4 s0=PALM(4726,2241) s1=PALM(262,2370)* s2=fng (3017,772) s3=fng (2083,835) [filtered=6587]
cnt=4 s0=PALM(4725,2240) s1=PALM(262,2371)* s2=fng (3056,757) s3=fng (2085,839) [filtered=6588]
cnt=4 s0=PALM(4725,2240) s1=PALM(262,2371)* s2=fng (3094,743) s3=fng (2087,842) [filtered=6589]
cnt=4 s0=PALM(4725,2239)* s1=PALM(261,2372)* s2=fng (3136,729) s3=fng (2089,845) [filtered=6590]
cnt=4 s0=PALM(4725,2239)* s1=PALM(261,2372)* s2=fng (3177,716) s3=fng (2091,848) [filtered=6591]
cnt=4 s0=PALM(4725,2238)* s1=PALM(260,2372)* s2=fng (3220,706) s3=fng (2093,851) [filtered=6592]
cnt=4 s0=PALM(4725,2237)* s1=PALM(259,2373)* s2=fng (3264,699) s3=fng (2095,855) [filtered=6593]
cnt=4 s0=PALM(4725,2237)* s1=PALM(259,2373)* s2=fng (3307,692) s3=fng (2097,858) [filtered=6594]
cnt=4 s0=PALM(4725,2237)* s1=PALM(258,2373)* s2=fng (3350,688) s3=fng (2099,861) [filtered=6595]
cnt=4 s0=PALM(4725,2236)* s1=PALM(257,2374)* s2=fng (3392,688) s3=fng (2101,865) [filtered=6596]
cnt=4 s0=PALM(4725,2236)* s1=PALM(257,2374)* s2=fng (3433,688) s3=fng (2103,868) [filtered=6597]
cnt=4 s0=PALM(4725,2235)* s1=PALM(256,2374)* s2=fng (3471,693) s3=fng (2105,870) [filtered=6598]
cnt=4 s0=PALM(4725,2234)* s1=PALM(254,2375)* s2=fng (3507,700) s3=fng (2106,873) [filtered=6599]
cnt=4 s0=PALM(4725,2233)* s1=PALM(253,2375)* s2=fng (3542,707) s3=fng (2107,875) [filtered=6600]
cnt=4 s0=PALM(4725,2232)* s1=PALM(251,2376)* s2=fng (3574,715) s3=fng (2107,877) [filtered=6601]
cnt=4 s0=PALM(4725,2231)* s1=PALM(249,2376)* s2=fng (3604,725) s3=fng (2107,879) [filtered=6602]
cnt=4 s0=PALM(4725,2230)* s1=PALM(248,2376)* s2=fng (3633,735) s3=fng (2107,880) [filtered=6603]
cnt=4 s0=PALM(4726,2228)* s1=PALM(247,2377)* s2=fng (3659,745) s3=fng (2104,880) [filtered=6604]
cnt=4 s0=PALM(4727,2226)* s1=PALM(245,2377)* s2=fng (3682,756) s3=fng (2100,880) [filtered=6605]
cnt=4 s0=PALM(4728,2225)* s1=PALM(244,2377)* s2=fng (3705,766) s3=fng (2096,880) [filtered=6606]
cnt=4 s0=PALM(4729,2223)* s1=PALM(242,2378)* s2=fng (3725,777) s3=fng (2091,879) [filtered=6607]
cnt=4 s0=PALM(4730,2221)* s1=PALM(240,2379)* s2=fng (3742,789) s3=fng (2085,879) [filtered=6608]
cnt=4 s0=PALM(4730,2220)* s1=PALM(239,2380)* s2=fng (3759,800) s3=fng (2079,879) [filtered=6609]
cnt=4 s0=PALM(4731,2218)* s1=PALM(238,2381)* s2=fng (3774,811) s3=fng (2071,878) [filtered=6610]
cnt=4 s0=PALM(4732,2216)* s1=PALM(236,2382)* s2=fng (3788,823) s3=fng (2060,877) [filtered=6611]
cnt=3 s1=PALM(234,2383)* s2=fng (3802,835) s3=fng (2047,876) [filtered=6612]
cnt=3 s1=PALM(233,2383)* s2=fng (3815,846) s3=fng (2035,875) [filtered=6613]
cnt=3 s1=PALM(230,2384) s2=fng (3828,858) s3=fng (2019,874) [filtered=6614]
cnt=3 s1=PALM(227,2386) s2=fng (3841,871) s3=fng (1999,872) [filtered=6615]
cnt=3 s1=PALM(223,2387) s2=fng (3853,884) s3=fng (1976,870) [filtered=6616]
cnt=3 s1=PALM(221,2388) s2=fng (3864,896) s3=fng (1954,869) [filtered=6617]
cnt=3 s1=PALM(218,2389) s2=fng (3874,908) s3=fng (1931,867) [filtered=6618]
cnt=3 s1=PALM(215,2390) s2=fng (3883,921) s3=fng (1905,866) [filtered=6619]
cnt=3 s1=PALM(212,2391) s2=fng (3892,935) s3=fng (1876,865) [filtered=6620]
cnt=3 s1=PALM(210,2392) s2=fng (3900,948) s3=fng (1848,865) [filtered=6621]
cnt=3 s1=PALM(209,2393) s2=fng (3907,961) s3=fng (1820,865) [filtered=6622]
cnt=3 s1=PALM(207,2394) s2=fng (3913,973) s3=fng (1790,865) [filtered=6623]
cnt=3 s1=PALM(205,2394) s2=fng (3918,985) s3=fng (1757,867) [filtered=6624]
cnt=3 s1=PALM(204,2394) s2=fng (3922,997) s3=fng (1725,868) [filtered=6625]
cnt=3 s1=PALM(202,2395) s2=fng (3926,1009) s3=fng (1693,870) [filtered=6626]
cnt=3 s1=PALM(201,2395) s2=fng (3930,1020) s3=fng (1662,873) [filtered=6627]
cnt=3 s1=PALM(199,2395) s2=fng (3931,1031) s3=fng (1631,876) [filtered=6628]
cnt=3 s1=PALM(198,2395) s2=fng (3932,1042) s3=fng (1601,878) [filtered=6629]
cnt=3 s1=PALM(197,2396) s2=fng (3933,1052) s3=fng (1573,882) [filtered=6630]
cnt=3 s1=PALM(196,2396) s2=fng (3933,1062) s3=fng (1546,886) [filtered=6631]
cnt=3 s1=PALM(194,2397) s2=fng (3932,1071) s3=fng (1520,890) [filtered=6632]
cnt=3 s1=PALM(193,2397) s2=fng (3932,1079) s3=fng (1495,893) [filtered=6633]
cnt=3 s1=PALM(192,2398) s2=fng (3931,1086) s3=fng (1472,898) [filtered=6634]
cnt=3 s1=PALM(190,2398) s2=fng (3929,1092) s3=fng (1450,903) [filtered=6635]
cnt=3 s1=PALM(189,2398) s2=fng (3926,1097) s3=fng (1429,909) [filtered=6636]
cnt=3 s1=PALM(188,2398) s2=fng (3924,1101) s3=fng (1409,914) [filtered=6637]
cnt=3 s1=PALM(187,2398) s2=fng (3920,1104) s3=fng (1390,919) [filtered=6638]
cnt=3 s1=PALM(186,2399) s2=fng (3915,1107) s3=fng (1372,924) [filtered=6639]
cnt=3 s1=PALM(185,2399)* s2=fng (3908,1109) s3=fng (1356,930) [filtered=6640]
cnt=3 s1=PALM(185,2399)* s2=fng (3901,1111) s3=fng (1340,935) [filtered=6641]
cnt=3 s1=PALM(184,2399)* s2=fng (3893,1112) s3=fng (1325,940) [filtered=6642]
cnt=3 s1=PALM(184,2399)* s2=fng (3883,1112) s3=fng (1312,944) [filtered=6643]
cnt=3 s1=PALM(183,2399)* s2=fng (3872,1112) s3=fng (1300,949) [filtered=6644]
cnt=3 s1=PALM(183,2399)* s2=fng (3861,1112) s3=fng (1288,953) [filtered=6645]
cnt=3 s1=PALM(182,2399)* s2=fng (3848,1108) s3=fng (1278,957) [filtered=6646]
cnt=3 s1=PALM(182,2400)* s2=fng (3833,1104) s3=fng (1268,961) [filtered=6647]
cnt=3 s1=PALM(181,2400)* s2=fng (3816,1099) s3=fng (1259,965) [filtered=6648]
cnt=3 s1=PALM(180,2401)* s2=fng (3796,1094) s3=fng (1251,968) [filtered=6649]
cnt=3 s1=PALM(180,2401)* s2=fng (3777,1090) s3=fng (1244,970) [filtered=6650]
cnt=3 s1=PALM(180,2402)* s2=fng (3755,1085) s3=fng (1237,971) [filtered=6651]
cnt=3 s1=PALM(179,2402)* s2=fng (3731,1079) s3=fng (1231,972) [filtered=6652]
cnt=3 s1=PALM(179,2403)* s2=fng (3706,1071) s3=fng (1226,973) [filtered=6653]
cnt=3 s1=PALM(179,2403)* s2=fng (3681,1064) s3=fng (1222,973) [filtered=6654]
cnt=3 s1=PALM(178,2403)* s2=fng (3655,1057) s3=fng (1219,973) [filtered=6655]
cnt=3 s1=PALM(178,2404)* s2=fng (3629,1050) s3=fng (1217,972) [filtered=6656]
cnt=3 s1=PALM(177,2404)* s2=fng (3603,1044) s3=fng (1217,971) [filtered=6657]
cnt=3 s1=PALM(176,2405)* s2=fng (3577,1037) s3=fng (1218,969) [filtered=6658]
cnt=3 s1=PALM(176,2405)* s2=fng (3551,1031) s3=fng (1218,968) [filtered=6659]
cnt=3 s1=PALM(176,2406)* s2=fng (3525,1025) s3=fng (1221,965) [filtered=6660]
cnt=3 s1=PALM(175,2407)* s2=fng (3498,1018) s3=fng (1226,962) [filtered=6661]
cnt=3 s1=PALM(175,2407)* s2=fng (3472,1012) s3=fng (1230,960) [filtered=6662]
cnt=3 s1=PALM(175,2408)* s2=fng (3447,1005) s3=fng (1237,956) [filtered=6663]
cnt=3 s1=PALM(175,2409)* s2=fng (3422,998) s3=fng (1248,949) [filtered=6664]
cnt=3 s1=PALM(175,2410)* s2=fng (3397,991) s3=fng (1264,941) [filtered=6665]
cnt=4 s0=PALM(175,2422) s1=PALM(175,2411)* s2=fng (3373,984) s3=fng (1287,931) [filtered=6666]
cnt=4 s0=PALM(175,2422) s1=PALM(175,2412)* s2=fng (3350,977) s3=fng (1309,922) [filtered=6667]
cnt=4 s0=PALM(175,2422) s1=PALM(175,2413)* s2=fng (3326,969) s3=fng (1338,912) [filtered=6668]
cnt=3 s0=PALM(175,2422) s2=fng (3304,961) s3=fng (1372,901) [filtered=6669]
cnt=3 s0=PALM(175,2422) s2=fng (3283,952) s3=fng (1410,890) [filtered=6670]
cnt=3 s0=PALM(175,2422) s2=fng (3263,944) s3=fng (1447,880) [filtered=6671]
cnt=3 s0=PALM(175,2422) s2=fng (3243,935) s3=fng (1486,871) [filtered=6672]
cnt=3 s0=PALM(176,2422) s2=fng (3224,926) s3=fng (1526,863) [filtered=6673]
cnt=3 s0=PALM(176,2422) s2=fng (3207,917) s3=fng (1565,856) [filtered=6674]
cnt=3 s0=PALM(176,2422) s2=fng (3191,909) s3=fng (1604,850) [filtered=6675]
cnt=4 s0=PALM(177,2422) s1=PALM(4709,2268) s2=fng (3175,901) s3=fng (1642,846) [filtered=6676]
cnt=4 s0=PALM(178,2422) s1=PALM(4709,2268) s2=fng (3160,892) s3=fng (1679,843) [filtered=6677]
cnt=4 s0=PALM(178,2422) s1=PALM(4709,2268) s2=fng (3145,884) s3=fng (1715,840) [filtered=6678]
cnt=4 s0=PALM(178,2422) s1=PALM(4709,2267) s2=fng (3132,877) s3=fng (1748,839) [filtered=6679]
cnt=4 s0=PALM(178,2422) s1=PALM(4709,2267) s2=fng (3119,870) s3=fng (1781,838) [filtered=6680]
cnt=4 s0=PALM(179,2422) s1=PALM(4709,2267) s2=fng (3109,864) s3=fng (1809,838) [filtered=6681]
cnt=4 s0=PALM(180,2422) s1=PALM(4708,2266) s2=fng (3099,858) s3=fng (1835,842) [filtered=6682]
cnt=4 s0=PALM(180,2422) s1=PALM(4707,2266) s2=fng (3089,852) s3=fng (1861,846) [filtered=6683]
cnt=4 s0=PALM(181,2422) s1=PALM(4706,2265) s2=fng (3081,846) s3=fng (1885,850) [filtered=6684]
cnt=4 s0=PALM(182,2422) s1=PALM(4704,2262) s2=fng (3075,839) s3=fng (1908,854) [filtered=6685]
cnt=4 s0=PALM(182,2422)* s1=PALM(4703,2261) s2=fng (3069,833) s3=fng (1931,856) [filtered=6686]
cnt=4 s0=PALM(183,2422)* s1=PALM(4700,2258) s2=fng (3065,826) s3=fng (1953,859) [filtered=6687]
cnt=4 s0=PALM(184,2422)* s1=PALM(4697,2256) s2=fng (3061,819) s3=fng (1975,861) [filtered=6688]
cnt=4 s0=PALM(185,2422)* s1=PALM(4692,2252) s2=fng (3061,812) s3=fng (1995,865) [filtered=6689]
cnt=4 s0=PALM(186,2422)* s1=PALM(4685,2247) s2=fng (3067,803) s3=fng (2013,869) [filtered=6690]
cnt=4 s0=PALM(187,2422)* s1=PALM(4678,2243) s2=fng (3073,795) s3=fng (2031,872) [filtered=6691]
cnt=4 s0=PALM(188,2422)* s1=PALM(4670,2238) s2=fng (3084,787) s3=fng (2048,876) [filtered=6692]
cnt=4 s0=PALM(190,2422)* s1=PALM(4661,2232) s2=fng (3102,776) s3=fng (2063,880) [filtered=6693]
cnt=4 s0=PALM(191,2422)* s1=PALM(4652,2227) s2=fng (3119,766) s3=fng (2078,884) [filtered=6694]
cnt=4 s0=PALM(192,2422)* s1=PALM(4642,2221) s2=fng (3144,754) s3=fng (2091,888) [filtered=6695]
cnt=4 s0=PALM(194,2422)* s1=PALM(4632,2215) s2=fng (3176,741) s3=fng (2102,892) [filtered=6696]
cnt=4 s0=PALM(195,2422)* s1=PALM(4622,2210) s2=fng (3207,729) s3=fng (2113,895) [filtered=6697]
cnt=4 s0=PALM(198,2421) s1=PALM(4612,2205) s2=fng (3246,716) s3=fng (2123,898) [filtered=6698]
cnt=4 s0=PALM(200,2421) s1=PALM(4603,2201) s2=fng (3284,704) s3=fng (2133,900) [filtered=6699]
cnt=4 s0=PALM(202,2421) s1=PALM(4596,2196) s2=fng (3325,694) s3=fng (2141,902) [filtered=6700]
cnt=4 s0=PALM(205,2420) s1=PALM(4590,2191) s2=fng (3368,686) s3=fng (2147,905) [filtered=6701]
cnt=4 s0=PALM(207,2420) s1=PALM(4585,2187) s2=fng (3410,678) s3=fng (2153,907) [filtered=6702]
cnt=4 s0=PALM(210,2419) s1=PALM(4581,2184) s2=fng (3451,673) s3=fng (2158,908) [filtered=6703]
cnt=4 s0=PALM(212,2419) s1=PALM(4577,2181) s2=fng (3492,668) s3=fng (2163,907) [filtered=6704]
cnt=4 s0=PALM(214,2419) s1=PALM(4575,2178) s2=fng (3532,666) s3=fng (2167,907) [filtered=6705]
cnt=4 s0=PALM(217,2418) s1=PALM(4574,2175) s2=fng (3569,666) s3=fng (2168,907) [filtered=6706]
cnt=4 s0=PALM(219,2418) s1=PALM(4573,2173) s2=fng (3606,666) s3=fng (2169,907) [filtered=6707]
cnt=4 s0=PALM(220,2418) s1=PALM(4573,2171) s2=fng (3641,671) s3=fng (2165,904) [filtered=6708]
cnt=4 s0=PALM(220,2418) s1=PALM(4573,2169) s2=fng (3675,676) s3=fng (2161,902) [filtered=6709]
cnt=4 s0=PALM(222,2417) s1=PALM(4573,2168) s2=fng (3707,683) s3=fng (2154,899) [filtered=6710]
cnt=4 s0=PALM(224,2417) s1=PALM(4576,2167) s2=fng (3736,692) s3=fng (2143,893) [filtered=6711]
cnt=4 s0=PALM(225,2417) s1=PALM(4579,2166) s2=fng (3764,700) s3=fng (2132,888) [filtered=6712]
cnt=4 s0=PALM(227,2416) s1=PALM(4582,2165) s2=fng (3788,710) s3=fng (2117,881) [filtered=6713]
cnt=4 s0=PALM(229,2415) s1=PALM(4585,2165) s2=fng (3808,721) s3=fng (2098,872) [filtered=6714]
cnt=4 s0=PALM(230,2415) s1=PALM(4587,2165) s2=fng (3828,731) s3=fng (2079,863) [filtered=6715]
cnt=4 s0=PALM(231,2415) s1=PALM(4590,2165) s2=fng (3844,743) s3=fng (2056,852) [filtered=6716]
cnt=4 s0=PALM(232,2414) s1=PALM(4593,2165) s2=fng (3858,755) s3=fng (2029,841) [filtered=6717]
cnt=4 s0=PALM(233,2414) s1=PALM(4596,2165) s2=fng (3869,767) s3=fng (2000,829) [filtered=6718]
cnt=4 s0=PALM(233,2414) s1=PALM(4598,2165) s2=fng (3880,778) s3=fng (1972,818) [filtered=6719]
cnt=4 s0=PALM(233,2413) s1=PALM(4602,2165) s2=fng (3889,790) s3=fng (1940,806) [filtered=6720]
cnt=4 s0=PALM(233,2413) s1=PALM(4606,2165) s2=fng (3896,803) s3=fng (1906,795) [filtered=6721]
cnt=3 s0=PALM(233,2412) s2=fng (3901,815) s3=fng (1872,785) [filtered=6722]
cnt=3 s0=PALM(233,2412) s2=fng (3906,826) s3=fng (1839,776) [filtered=6723]
cnt=3 s0=PALM(233,2411) s2=fng (3909,837) s3=fng (1808,769) [filtered=6724]
cnt=3 s0=PALM(233,2411) s2=fng (3910,848) s3=fng (1778,763) [filtered=6725]
cnt=3 s0=PALM(232,2410)* s2=fng (3910,859) s3=fng (1749,759) [filtered=6726]
cnt=3 s0=PALM(232,2410)* s2=fng (3907,868) s3=fng (1722,755) [filtered=6727]
cnt=3 s0=PALM(232,2410)* s2=fng (3904,876) s3=fng (1696,753) [filtered=6728]
cnt=3 s0=PALM(231,2409)* s2=fng (3900,883) s3=fng (1668,753) [filtered=6729]
cnt=3 s0=PALM(230,2408)* s2=fng (3895,890) s3=fng (1641,752) [filtered=6730]
cnt=3 s0=PALM(229,2408)* s2=fng (3889,896) s3=fng (1614,753) [filtered=6731]
cnt=3 s0=PALM(228,2408)* s2=fng (3883,901) s3=fng (1588,753) [filtered=6732]
cnt=3 s0=PALM(227,2408)* s2=fng (3876,906) s3=fng (1564,755) [filtered=6733]
cnt=3 s0=PALM(226,2408)* s2=fng (3869,911) s3=fng (1541,757) [filtered=6734]
cnt=3 s0=PALM(225,2408)* s2=fng (3859,916) s3=fng (1518,760) [filtered=6735]
cnt=3 s0=PALM(224,2408)* s2=fng (3847,921) s3=fng (1497,763) [filtered=6736]
cnt=3 s0=PALM(224,2408)* s2=fng (3836,925) s3=fng (1477,765) [filtered=6737]
cnt=3 s0=PALM(223,2407)* s2=fng (3823,928) s3=fng (1459,768) [filtered=6738]
cnt=3 s0=PALM(222,2407)* s2=fng (3806,930) s3=fng (1441,771) [filtered=6739]
cnt=3 s0=PALM(221,2406)* s2=fng (3787,932) s3=fng (1424,774) [filtered=6740]
cnt=3 s0=PALM(220,2406)* s2=fng (3766,934) s3=fng (1409,777) [filtered=6741]
cnt=3 s0=PALM(220,2406)* s2=fng (3746,935) s3=fng (1395,778) [filtered=6742]
cnt=3 s0=PALM(219,2406)* s2=fng (3725,936) s3=fng (1382,780) [filtered=6743]
cnt=3 s0=PALM(219,2405)* s2=fng (3702,936) s3=fng (1369,782) [filtered=6744]
cnt=3 s0=PALM(218,2404)* s2=fng (3677,936) s3=fng (1358,784) [filtered=6745]
cnt=3 s0=PALM(218,2404)* s2=fng (3652,936) s3=fng (1348,785) [filtered=6746]
cnt=3 s0=PALM(218,2404)* s2=fng (3627,936) s3=fng (1339,786) [filtered=6747]
cnt=3 s0=PALM(217,2403)* s2=fng (3601,936) s3=fng (1331,787) [filtered=6748]
cnt=3 s0=PALM(217,2403)* s2=fng (3575,936) s3=fng (1323,788) [filtered=6749]
cnt=3 s0=PALM(217,2403)* s2=fng (3549,936) s3=fng (1316,789) [filtered=6750]
cnt=3 s0=PALM(216,2402)* s2=fng (3523,936) s3=fng (1310,790) [filtered=6751]
cnt=3 s0=PALM(215,2402)* s2=fng (3497,936) s3=fng (1305,791) [filtered=6752]
cnt=3 s0=PALM(215,2401)* s2=fng (3471,937) s3=fng (1301,792) [filtered=6753]
cnt=3 s0=PALM(214,2401)* s2=fng (3446,937) s3=fng (1299,793) [filtered=6754]
cnt=3 s0=PALM(214,2401)* s2=fng (3421,937) s3=fng (1298,793) [filtered=6755]
cnt=3 s0=PALM(214,2401)* s2=fng (3396,937) s3=fng (1297,793) [filtered=6756]
cnt=3 s0=PALM(213,2401)* s2=fng (3373,937) s3=fng (1297,793) [filtered=6757]
cnt=3 s0=PALM(213,2401)* s2=fng (3350,938) s3=fng (1299,793) [filtered=6758]
cnt=3 s0=PALM(213,2401)* s2=fng (3328,938) s3=fng (1300,793) [filtered=6759]
cnt=3 s0=PALM(212,2401)* s2=fng (3307,939) s3=fng (1302,792) [filtered=6760]
cnt=3 s0=PALM(211,2401)* s2=fng (3286,939) s3=fng (1306,791) [filtered=6761]
cnt=3 s0=PALM(211,2401)* s2=fng (3265,940) s3=fng (1312,790) [filtered=6762]
cnt=3 s0=PALM(210,2401)* s2=fng (3244,941) s3=fng (1321,788) [filtered=6763]
cnt=3 s0=PALM(210,2401)* s2=fng (3224,941) s3=fng (1329,787) [filtered=6764]
cnt=3 s0=PALM(210,2401)* s2=fng (3205,942) s3=fng (1340,784) [filtered=6765]
cnt=3 s0=PALM(209,2401)* s2=fng (3186,942) s3=fng (1354,780) [filtered=6766]
cnt=3 s0=PALM(209,2401)* s2=fng (3168,942) s3=fng (1368,777) [filtered=6767]
cnt=3 s0=PALM(209,2401)* s2=fng (3151,942) s3=fng (1384,774) [filtered=6768]
cnt=3 s0=PALM(209,2401)* s2=fng (3134,942) s3=fng (1403,770) [filtered=6769]
cnt=3 s0=PALM(209,2401)* s2=fng (3117,943) s3=fng (1425,766) [filtered=6770]
cnt=3 s0=PALM(209,2401)* s2=fng (3101,943) s3=fng (1450,762) [filtered=6771]
cnt=3 s0=PALM(209,2401)* s2=fng (3086,943) s3=fng (1474,759) [filtered=6772]
cnt=3 s0=PALM(209,2401)* s2=fng (3070,943) s3=fng (1502,756) [filtered=6773]
cnt=3 s0=PALM(209,2401)* s2=fng (3053,943) s3=fng (1531,754) [filtered=6774]
cnt=3 s0=PALM(209,2401)* s2=fng (3037,943) s3=fng (1560,752) [filtered=6775]
cnt=4 s0=PALM(209,2401)* s1=PALM(4705,2274) s2=fng (3023,942) s3=fng (1587,751) [filtered=6776]
cnt=4 s0=PALM(209,2401)* s1=PALM(4705,2273) s2=fng (3009,942) s3=fng (1613,752) [filtered=6777]
cnt=4 s0=PALM(209,2401)* s1=PALM(4705,2273) s2=fng (2995,942) s3=fng (1638,752) [filtered=6778]
cnt=4 s0=PALM(209,2401)* s1=PALM(4705,2272) s2=fng (2981,941) s3=fng (1663,752) [filtered=6779]
cnt=4 s0=PALM(209,2401)* s1=PALM(4704,2272) s2=fng (2967,940) s3=fng (1688,753) [filtered=6780]
cnt=4 s0=PALM(209,2401)* s1=PALM(4704,2272) s2=fng (2953,939) s3=fng (1712,753) [filtered=6781]
cnt=4 s0=PALM(209,2401)* s1=PALM(4703,2271) s2=fng (2939,938) s3=fng (1736,754) [filtered=6782]
cnt=4 s0=PALM(209,2401)* s1=PALM(4703,2271) s2=fng (2925,937) s3=fng (1760,755) [filtered=6783]
cnt=4 s0=PALM(209,2401)* s1=PALM(4699,2269) s2=fng (2913,936) s3=fng (1780,757) [filtered=6784]
cnt=4 s0=PALM(210,2401)* s1=PALM(4694,2265) s2=fng (2901,934) s3=fng (1799,760) [filtered=6785]
cnt=4 s0=PALM(210,2401)* s1=PALM(4689,2262) s2=fng (2889,933) s3=fng (1818,762) [filtered=6786]
cnt=4 s0=PALM(210,2401)* s1=PALM(4680,2257) s2=fng (2877,931) s3=fng (1836,765) [filtered=6787]
cnt=4 s0=PALM(210,2401)* s1=PALM(4672,2253) s2=fng (2865,930) s3=fng (1854,767) [filtered=6788]
cnt=4 s0=PALM(211,2401)* s1=PALM(4661,2247) s2=fng (2855,927) s3=fng (1871,771) [filtered=6789]
cnt=4 s0=PALM(211,2401)* s1=PALM(4648,2240) s2=fng (2846,924) s3=fng (1887,775) [filtered=6790]
cnt=4 s0=PALM(211,2401)* s1=PALM(4635,2234) s2=fng (2837,922) s3=fng (1903,779) [filtered=6791]
cnt=4 s0=PALM(212,2401)* s1=PALM(4622,2227) s2=fng (2829,919) s3=fng (1918,784) [filtered=6792]
cnt=4 s0=PALM(212,2401)* s1=PALM(4610,2221) s2=fng (2821,917) s3=fng (1933,788) [filtered=6793]
cnt=4 s0=PALM(213,2401)* s1=PALM(4599,2215) s2=fng (2816,913) s3=fng (1947,793) [filtered=6794]
cnt=4 s0=PALM(213,2401)* s1=PALM(4590,2209) s2=fng (2814,908) s3=fng (1961,798) [filtered=6795]
cnt=4 s0=PALM(213,2401)* s1=PALM(4582,2204) s2=fng (2812,904) s3=fng (1975,802) [filtered=6796]
cnt=4 s0=PALM(214,2401)* s1=PALM(4576,2200) s2=fng (2815,897) s3=fng (1988,807) [filtered=6797]
cnt=4 s0=PALM(214,2401)* s1=PALM(4570,2196) s2=fng (2818,891) s3=fng (2001,811) [filtered=6798]
cnt=4 s0=PALM(214,2401)* s1=PALM(4564,2192) s2=fng (2825,882) s3=fng (2013,815) [filtered=6799]
cnt=4 s0=PALM(215,2401)* s1=PALM(4558,2187) s2=fng (2838,869) s3=fng (2024,820) [filtered=6800]
cnt=4 s0=PALM(215,2401)* s1=PALM(4552,2183) s2=fng (2851,856) s3=fng (2035,824) [filtered=6801]
cnt=4 s0=PALM(215,2401)* s1=PALM(4546,2179) s2=fng (2871,839) s3=fng (2045,828) [filtered=6802]
cnt=4 s0=PALM(216,2402)* s1=PALM(4541,2174) s2=fng (2899,816) s3=fng (2054,833) [filtered=6803]
cnt=4 s0=PALM(216,2402)* s1=PALM(4536,2170) s2=fng (2927,793) s3=fng (2063,837) [filtered=6804]
cnt=4 s0=PALM(217,2402)* s1=PALM(4531,2167) s2=fng (2963,766) s3=fng (2071,840) [filtered=6805]
cnt=4 s0=PALM(217,2402)* s1=PALM(4527,2163) s2=fng (3002,740) s3=fng (2078,843) [filtered=6806]
cnt=4 s0=PALM(217,2402)* s1=PALM(4523,2160) s2=fng (3040,714) s3=fng (2085,845) [filtered=6807]
cnt=4 s0=PALM(218,2402)* s1=PALM(4519,2157) s2=fng (3080,691) s3=fng (2091,847) [filtered=6808]
cnt=4 s0=PALM(218,2402)* s1=PALM(4514,2154) s2=fng (3120,671) s3=fng (2095,849) [filtered=6809]
cnt=4 s0=PALM(218,2402)* s1=PALM(4510,2152) s2=fng (3159,651) s3=fng (2099,850) [filtered=6810]
cnt=4 s0=PALM(218,2402)* s1=PALM(4507,2149) s2=fng (3197,635) s3=fng (2103,850) [filtered=6811]
cnt=4 s0=PALM(218,2403)* s1=PALM(4505,2146) s2=fng (3233,623) s3=fng (2105,849) [filtered=6812]
cnt=4 s0=PALM(218,2403)* s1=PALM(4503,2144) s2=fng (3268,612) s3=fng (2107,849) [filtered=6813]
cnt=4 s0=PALM(218,2403)* s1=PALM(4501,2143) s2=fng (3302,604) s3=fng (2107,848) [filtered=6814]
cnt=4 s0=PALM(218,2403)* s1=PALM(4499,2142) s2=fng (3335,596) s3=fng (2107,847) [filtered=6815]
cnt=4 s0=PALM(218,2403)* s1=PALM(4498,2141) s2=fng (3366,591) s3=fng (2104,845) [filtered=6816]
cnt=4 s0=PALM(218,2403)* s1=PALM(4499,2139) s2=fng (3396,589) s3=fng (2099,843) [filtered=6817]
cnt=4 s0=PALM(218,2403)* s1=PALM(4499,2138) s2=fng (3425,587) s3=fng (2094,842) [filtered=6818]
cnt=4 s0=PALM(218,2403)* s1=PALM(4499,2137) s2=fng (3452,587) s3=fng (2088,839) [filtered=6819]
cnt=4 s0=PALM(218,2403)* s1=PALM(4500,2136) s2=fng (3477,592) s3=fng (2080,835) [filtered=6820]
cnt=4 s0=PALM(218,2403)* s1=PALM(4500,2136) s2=fng (3501,597) s3=fng (2072,832) [filtered=6821]
cnt=4 s0=PALM(219,2403)* s1=PALM(4501,2136) s2=fng (3522,602) s3=fng (2062,827) [filtered=6822]
cnt=4 s0=PALM(219,2403)* s1=PALM(4501,2136) s2=fng (3543,606) s3=fng (2052,823) [filtered=6823]
cnt=4 s0=PALM(219,2403)* s1=PALM(4502,2136) s2=fng (3562,611) s3=fng (2040,817) [filtered=6824]
cnt=4 s0=PALM(220,2403)* s1=PALM(4504,2136) s2=fng (3579,617) s3=fng (2025,810) [filtered=6825]
cnt=4 s0=PALM(220,2403)* s1=PALM(4505,2136) s2=fng (3595,622) s3=fng (2010,804) [filtered=6826]
cnt=4 s0=PALM(220,2403)* s1=PALM(4506,2137) s2=fng (3610,628) s3=fng (1994,797) [filtered=6827]
cnt=4 s0=PALM(221,2403)* s1=PALM(4508,2138) s2=fng (3623,635) s3=fng (1975,790) [filtered=6828]
cnt=4 s0=PALM(221,2403)* s1=PALM(4509,2138) s2=fng (3635,641) s3=fng (1957,783) [filtered=6829]
cnt=4 s0=PALM(222,2403)* s1=PALM(4511,2138) s2=fng (3645,646) s3=fng (1937,776) [filtered=6830]
cnt=4 s0=PALM(222,2403)* s1=PALM(4512,2138) s2=fng (3655,650) s3=fng (1918,770) [filtered=6831]
cnt=4 s0=PALM(223,2403)* s1=PALM(4514,2139) s2=fng (3663,655) s3=fng (1898,763) [filtered=6832]
cnt=4 s0=PALM(224,2403)* s1=PALM(4517,2140) s2=fng (3669,659) s3=fng (1878,756) [filtered=6833]
cnt=4 s0=PALM(224,2403)* s1=PALM(4519,2140) s2=fng (3675,662) s3=fng (1859,750) [filtered=6834]
cnt=4 s0=PALM(225,2403)* s1=PALM(4522,2141) s2=fng (3680,665) s3=fng (1839,744) [filtered=6835]
cnt=4 s0=PALM(226,2403)* s1=PALM(4525,2142) s2=fng (3684,668) s3=fng (1819,739) [filtered=6836]
cnt=4 s0=PALM(226,2403)* s1=PALM(4527,2143) s2=fng (3688,670) s3=fng (1800,735) [filtered=6837]
cnt=4 s0=PALM(227,2403)* s1=PALM(4530,2144) s2=fng (3690,673) s3=fng (1782,730) [filtered=6838]
cnt=4 s0=PALM(228,2402)* s1=PALM(4534,2145) s2=fng (3691,676) s3=fng (1764,725) [filtered=6839]
cnt=4 s0=PALM(229,2402)* s1=PALM(4537,2146) s2=fng (3692,678) s3=fng (1747,721) [filtered=6840]
cnt=4 s0=PALM(230,2402)* s1=PALM(4541,2148) s2=fng (3692,679) s3=fng (1732,718) [filtered=6841]
cnt=4 s0=PALM(231,2401)* s1=PALM(4547,2150) s2=fng (3689,680) s3=fng (1716,714) [filtered=6842]
cnt=4 s0=PALM(232,2401)* s1=PALM(4552,2151) s2=fng (3686,681) s3=fng (1701,711) [filtered=6843]
cnt=4 s0=PALM(233,2400)* s1=PALM(4557,2153) s2=fng (3681,681) s3=fng (1688,708) [filtered=6844]
cnt=4 s0=PALM(235,2400)* s1=PALM(4562,2155) s2=fng (3675,682) s3=fng (1675,705) [filtered=6845]
cnt=4 s0=PALM(236,2400)* s1=PALM(4567,2156) s2=fng (3670,682) s3=fng (1663,703) [filtered=6846]
cnt=4 s0=PALM(237,2399)* s1=PALM(4572,2159) s2=fng (3663,683) s3=fng (1652,700) [filtered=6847]
cnt=4 s0=PALM(238,2398)* s1=PALM(4577,2162) s2=fng (3655,684) s3=fng (1641,697) [filtered=6848]
cnt=4 s0=PALM(239,2398)* s1=PALM(4582,2164) s2=fng (3648,684) s3=fng (1630,695) [filtered=6849]
cnt=4 s0=PALM(241,2397)* s1=PALM(4587,2167) s2=fng (3639,685) s3=fng (1621,692) [filtered=6850]
cnt=4 s0=PALM(244,2395) s1=PALM(4593,2170) s2=fng (3627,687) s3=fng (1612,689) [filtered=6851]
cnt=4 s0=PALM(245,2394) s1=PALM(4599,2173) s2=fng (3616,688) s3=fng (1604,686) [filtered=6852]
cnt=4 s0=PALM(247,2392) s1=PALM(4606,2176) s2=fng (3603,689) s3=fng (1596,683) [filtered=6853]
cnt=4 s0=PALM(250,2390) s1=PALM(4613,2180) s2=fng (3588,690) s3=fng (1589,679) [filtered=6854]
cnt=4 s0=PALM(251,2389) s1=PALM(4620,2182) s2=fng (3573,691) s3=fng (1583,676) [filtered=6855]
cnt=4 s0=PALM(253,2388) s1=PALM(4627,2185) s2=fng (3556,692) s3=fng (1576,672) [filtered=6856]
cnt=4 s0=PALM(255,2386) s1=PALM(4633,2187) s2=fng (3539,693) s3=fng (1570,668) [filtered=6857]
cnt=4 s0=PALM(256,2385) s1=PALM(4638,2188) s2=fng (3522,694) s3=fng (1565,664) [filtered=6858]
cnt=4 s0=PALM(257,2384) s1=PALM(4643,2190) s2=fng (3505,695) s3=fng (1561,660) [filtered=6859]
cnt=4 s0=PALM(258,2382) s1=PALM(4647,2192) s2=fng (3488,695) s3=fng (1557,656) [filtered=6860]
cnt=4 s0=PALM(258,2381) s1=PALM(4650,2193) s2=fng (3471,695) s3=fng (1553,652) [filtered=6861]
cnt=4 s0=PALM(258,2380) s1=PALM(4652,2194) s2=fng (3454,695) s3=fng (1551,648) [filtered=6862]
cnt=4 s0=PALM(258,2379) s1=PALM(4653,2195) s2=fng (3437,695) s3=fng (1549,644) [filtered=6863]
cnt=4 s0=PALM(258,2378) s1=PALM(4654,2196) s2=fng (3420,695) s3=fng (1547,641) [filtered=6864]
cnt=4 s0=PALM(258,2377) s1=PALM(4654,2197) s2=fng (3404,695) s3=fng (1545,636) [filtered=6865]
cnt=4 s0=PALM(259,2375) s1=PALM(4654,2198) s2=fng (3389,695) s3=fng (1544,631) [filtered=6866]
cnt=4 s0=PALM(259,2374) s1=PALM(4653,2198) s2=fng (3373,695) s3=fng (1543,626) [filtered=6867]
cnt=4 s0=PALM(259,2373) s1=PALM(4653,2198) s2=fng (3358,695) s3=fng (1542,621) [filtered=6868]
cnt=4 s0=PALM(260,2371) s1=PALM(4652,2198) s2=fng (3341,696) s3=fng (1541,615) [filtered=6869]
cnt=4 s0=PALM(261,2369) s1=PALM(4650,2198) s2=fng (3323,696) s3=fng (1541,608) [filtered=6870]
cnt=4 s0=PALM(262,2368) s1=PALM(4649,2198) s2=fng (3306,696) s3=fng (1541,602) [filtered=6871]
cnt=4 s0=PALM(263,2367) s1=PALM(4646,2198) s2=fng (3290,696) s3=fng (1541,595) [filtered=6872]
cnt=4 s0=PALM(264,2365) s1=PALM(4642,2198) s2=fng (3276,696) s3=fng (1542,588) [filtered=6873]
cnt=3 s0=PALM(265,2362) s1=PALM(4638,2198) s3=fng (1544,581) [filtered=6874]
cnt=3 s0=PALM(265,2361) s1=PALM(4635,2198) s3=fng (1545,575) [filtered=6875]
cnt=3 s0=PALM(266,2359) s1=PALM(4632,2198) s3=fng (1547,568) [filtered=6876]
cnt=3 s0=PALM(266,2356) s1=PALM(4629,2198) s3=fng (1550,561) [filtered=6877]
cnt=3 s0=PALM(267,2353) s1=PALM(4626,2198) s3=fng (1554,555) [filtered=6878]
cnt=3 s0=PALM(267,2352) s1=PALM(4624,2198) s3=fng (1556,550) [filtered=6879]
cnt=2 s0=PALM(267,2350) s1=PALM(4622,2198) [filtered=6880]
cnt=2 s0=PALM(267,2348) s1=PALM(4619,2197) [filtered=6881]
cnt=2 s0=PALM(267,2346) s1=PALM(4616,2196) [filtered=6882]
cnt=2 s0=PALM(267,2345) s1=PALM(4614,2196) [filtered=6883]
cnt=2 s0=PALM(267,2344) s1=PALM(4610,2196) [filtered=6884]
cnt=2 s0=PALM(267,2343) s1=PALM(4606,2195) [filtered=6885]
cnt=2 s0=PALM(267,2341) s1=PALM(4602,2194) [filtered=6886]
cnt=2 s0=PALM(267,2340) s1=PALM(4599,2193) [filtered=6887]
cnt=2 s0=PALM(268,2339) s1=PALM(4595,2192) [filtered=6888]
cnt=2 s0=PALM(268,2337) s1=PALM(4591,2190) [filtered=6889]
cnt=2 s0=PALM(269,2335) s1=PALM(4586,2186) [filtered=6890]
cnt=2 s0=PALM(270,2334) s1=PALM(4582,2184) [filtered=6891]
cnt=2 s0=PALM(271,2332) s1=PALM(4576,2179) [filtered=6892]
cnt=2 s0=PALM(272,2330) s1=PALM(4569,2173) [filtered=6893]
cnt=2 s0=PALM(273,2328) s1=PALM(4562,2165) [filtered=6894]
cnt=2 s0=PALM(274,2326) s1=PALM(4554,2157) [filtered=6895]
cnt=2 s0=PALM(275,2325) s1=PALM(4546,2150) [filtered=6896]
cnt=2 s0=PALM(276,2323) s1=PALM(4537,2141) [filtered=6897]
cnt=2 s0=PALM(278,2320) s1=PALM(4528,2132) [filtered=6898]
cnt=2 s0=PALM(281,2317) s1=PALM(4520,2123) [filtered=6899]
cnt=2 s0=PALM(282,2316) s1=PALM(4513,2115) [filtered=6900]
cnt=2 s0=PALM(284,2313) s1=PALM(4506,2107) [filtered=6901]
cnt=2 s0=PALM(287,2310) s1=PALM(4499,2099) [filtered=6902]
cnt=2 s0=PALM(290,2307) s1=PALM(4492,2091) [filtered=6903]
cnt=2 s0=PALM(292,2305) s1=PALM(4486,2084) [filtered=6904]
cnt=2 s0=PALM(295,2302) s1=PALM(4481,2077) [filtered=6905]
cnt=2 s0=PALM(298,2299) s1=PALM(4475,2071) [filtered=6906]
cnt=2 s0=PALM(300,2297) s1=PALM(4470,2065) [filtered=6907]
cnt=2 s0=PALM(303,2293) s1=PALM(4465,2060) [filtered=6908]
cnt=2 s0=PALM(306,2289) s1=PALM(4459,2055) [filtered=6909]
cnt=2 s0=PALM(309,2285) s1=PALM(4453,2050) [filtered=6910]
cnt=2 s0=PALM(311,2282) s1=PALM(4448,2045) [filtered=6911]
cnt=2 s0=PALM(314,2278) s1=PALM(4444,2040) [filtered=6912]
cnt=2 s0=PALM(317,2274) s1=PALM(4440,2036) [filtered=6913]
cnt=2 s0=PALM(319,2271) s1=PALM(4436,2032) [filtered=6914]
cnt=2 s0=PALM(322,2268) s1=PALM(4432,2028) [filtered=6915]
cnt=2 s0=PALM(324,2265) s1=PALM(4428,2024) [filtered=6916]
cnt=2 s0=PALM(327,2262) s1=PALM(4424,2020) [filtered=6917]
cnt=3 s0=PALM(330,2258) s1=PALM(4420,2016) s2=fng (2933,392) [filtered=6918]
cnt=3 s0=PALM(332,2255) s1=PALM(4416,2012) s2=fng (2933,392) [filtered=6919]
cnt=3 s0=PALM(335,2250) s1=PALM(4413,2009) s2=fng (2933,391) [filtered=6920]
cnt=3 s0=PALM(338,2245) s1=PALM(4410,2006) s2=fng (2933,390) [filtered=6921]
cnt=3 s0=PALM(340,2241) s1=PALM(4407,2003) s2=fng (2933,390) [filtered=6922]
cnt=3 s0=PALM(344,2236) s1=PALM(4405,2001) s2=fng (2933,389) [filtered=6923]
cnt=3 s0=PALM(347,2232) s1=PALM(4403,1999) s2=fng (2933,389) [filtered=6924]
cnt=3 s0=PALM(351,2228) s1=PALM(4401,1997) s2=fng (2933,388) [filtered=6925]
cnt=3 s0=PALM(356,2223) s1=PALM(4399,1995) s2=fng (2933,387) [filtered=6926]
cnt=3 s0=PALM(360,2219) s1=PALM(4397,1993) s2=fng (2933,387) [filtered=6927]
cnt=3 s0=PALM(365,2214) s1=PALM(4395,1991) s2=fng (2933,386) [filtered=6928]
cnt=3 s0=PALM(370,2209) s1=PALM(4393,1989) s2=fng (2933,385) [filtered=6929]
cnt=3 s0=PALM(374,2205) s1=PALM(4391,1987) s2=fng (2933,385) [filtered=6930]
cnt=3 s0=PALM(380,2200) s1=PALM(4389,1986) s2=fng (2933,384) [filtered=6931]
cnt=3 s0=PALM(385,2196) s1=PALM(4387,1987) s2=fng (2933,384) [filtered=6932]
cnt=3 s0=PALM(391,2191) s1=PALM(4385,1985) s2=fng (2933,383) [filtered=6933]
cnt=3 s0=PALM(397,2187) s1=PALM(4383,1984) s2=fng (2933,383) [filtered=6934]
cnt=3 s0=PALM(403,2182) s1=PALM(4381,1983) s2=fng (2933,382) [filtered=6935]
cnt=3 s0=PALM(410,2177) s1=PALM(4379,1981) s2=fng (2932,381) [filtered=6936]
cnt=3 s0=PALM(416,2173) s1=PALM(4377,1980) s2=fng (2932,381) [filtered=6937]
cnt=3 s0=PALM(422,2168) s1=PALM(4375,1979) s2=fng (2932,380)* [filtered=6938]
cnt=3 s0=PALM(428,2164) s1=PALM(4373,1978) s2=fng (2932,379)* [filtered=6939]
cnt=3 s0=PALM(434,2160) s1=PALM(4371,1977) s2=fng (2931,378)* [filtered=6940]
cnt=3 s0=PALM(440,2155) s1=PALM(4370,1975) s2=fng (2931,377)* [filtered=6941]
cnt=3 s0=PALM(446,2151) s1=PALM(4369,1974) s2=fng (2931,377)* [filtered=6942]
cnt=3 s0=PALM(452,2146) s1=PALM(4370,1973) s2=fng (2930,376)* [filtered=6943]
cnt=3 s0=PALM(458,2142) s1=PALM(4370,1973) s2=fng (2930,376)* [filtered=6944]
cnt=3 s0=PALM(464,2138) s1=PALM(4369,1972) s2=fng (2929,376)* [filtered=6945]
cnt=3 s0=PALM(469,2134) s1=PALM(4367,1971) s2=fng (2928,376)* [filtered=6946]
cnt=3 s0=PALM(474,2130) s1=PALM(4366,1970) s2=fng (2928,376)* [filtered=6947]
cnt=3 s0=PALM(479,2127) s1=PALM(4365,1969) s2=fng (2927,375)* [filtered=6948]
cnt=2 s0=PALM(484,2124) s1=PALM(4363,1968) [filtered=6949]
cnt=2 s0=PALM(489,2120) s1=PALM(4362,1967) [filtered=6950]
cnt=2 s0=PALM(493,2117) s1=PALM(4361,1966) [filtered=6951]
cnt=2 s0=PALM(498,2114) s1=PALM(4361,1966) [filtered=6952]
cnt=2 s0=PALM(503,2110) s1=PALM(4360,1965) [filtered=6953]
cnt=2 s0=PALM(508,2107) s1=PALM(4360,1965) [filtered=6954]
cnt=2 s0=PALM(512,2105) s1=PALM(4360,1965) [filtered=6955]
cnt=2 s0=PALM(515,2103) s1=PALM(4360,1965)* [filtered=6956]
cnt=2 s0=PALM(519,2101) s1=PALM(4360,1965)* [filtered=6957]
cnt=2 s0=PALM(522,2100) s1=PALM(4360,1965)* [filtered=6958]
cnt=2 s0=PALM(525,2098) s1=PALM(4361,1965)* [filtered=6959]
cnt=2 s0=PALM(529,2096) s1=PALM(4361,1965)* [filtered=6960]
cnt=2 s0=PALM(533,2093) s1=PALM(4362,1966)* [filtered=6961]
cnt=2 s0=PALM(536,2092) s1=PALM(4362,1966)* [filtered=6962]
cnt=2 s0=PALM(539,2090) s1=PALM(4363,1966)* [filtered=6963]
cnt=2 s0=PALM(542,2088) s1=PALM(4364,1967)* [filtered=6964]
cnt=2 s0=PALM(544,2085) s1=PALM(4366,1968)* [filtered=6965]
cnt=2 s0=PALM(546,2084) s1=PALM(4367,1969)* [filtered=6966]
cnt=2 s0=PALM(548,2082) s1=PALM(4369,1970)* [filtered=6967]
cnt=2 s0=PALM(549,2080) s1=PALM(4371,1971)* [filtered=6968]
cnt=2 s0=PALM(551,2078) s1=PALM(4373,1973) [filtered=6969]
cnt=2 s0=PALM(553,2076) s1=PALM(4375,1975) [filtered=6970]
cnt=2 s0=PALM(554,2075) s1=PALM(4376,1976) [filtered=6971]
cnt=2 s0=PALM(555,2074) s1=PALM(4378,1977) [filtered=6972]
cnt=2 s0=PALM(555,2073) s1=PALM(4380,1978) [filtered=6973]
cnt=2 s0=PALM(555,2072) s1=PALM(4382,1980) [filtered=6974]
cnt=2 s0=PALM(555,2071) s1=PALM(4383,1981) [filtered=6975]
cnt=2 s0=PALM(555,2070) s1=PALM(4384,1982) [filtered=6976]
cnt=2 s0=PALM(554,2070) s1=PALM(4385,1983) [filtered=6977]
cnt=2 s0=PALM(554,2069) s1=PALM(4386,1984) [filtered=6978]
cnt=2 s0=PALM(553,2069) s1=PALM(4387,1984) [filtered=6979]
cnt=2 s0=PALM(552,2069) s1=PALM(4387,1984) [filtered=6980]
cnt=2 s0=PALM(551,2069) s1=PALM(4387,1985) [filtered=6981]
cnt=2 s0=PALM(550,2069) s1=PALM(4387,1985) [filtered=6982]
cnt=2 s0=PALM(549,2069) s1=PALM(4386,1985) [filtered=6983]
cnt=2 s0=PALM(548,2069) s1=PALM(4386,1985) [filtered=6984]
cnt=2 s0=PALM(547,2068) s1=PALM(4385,1985) [filtered=6985]
cnt=2 s0=PALM(546,2068) s1=PALM(4384,1985) [filtered=6986]
cnt=2 s0=PALM(545,2068) s1=PALM(4384,1985) [filtered=6987]
cnt=2 s0=PALM(544,2067) s1=PALM(4383,1985) [filtered=6988]
cnt=2 s0=PALM(543,2067) s1=PALM(4382,1985) [filtered=6989]
cnt=2 s0=PALM(542,2067)* s1=PALM(4381,1985) [filtered=6990]
cnt=2 s0=PALM(541,2066)* s1=PALM(4379,1984) [filtered=6991]
cnt=2 s0=PALM(540,2066)* s1=PALM(4378,1984) [filtered=6992]
cnt=2 s0=PALM(539,2066)* s1=PALM(4376,1984) [filtered=6993]
cnt=2 s0=PALM(537,2065)* s1=PALM(4374,1983)* [filtered=6994]
cnt=2 s0=PALM(536,2065)* s1=PALM(4373,1983)* [filtered=6995]
cnt=2 s0=PALM(535,2064)* s1=PALM(4372,1982)* [filtered=6996]
cnt=2 s0=PALM(534,2064)* s1=PALM(4370,1982)* [filtered=6997]
cnt=2 s0=PALM(533,2064)* s1=PALM(4369,1982)* [filtered=6998]
cnt=2 s0=PALM(532,2063)* s1=PALM(4367,1981)* [filtered=6999]
cnt=2 s0=PALM(531,2063)* s1=PALM(4365,1981)* [filtered=7000]
cnt=2 s0=PALM(531,2063)* s1=PALM(4364,1981)* [filtered=7001]
cnt=2 s0=PALM(530,2062)* s1=PALM(4363,1980)* [filtered=7002]
cnt=2 s0=PALM(530,2061)* s1=PALM(4361,1980)* [filtered=7003]
cnt=2 s0=PALM(530,2061)* s1=PALM(4360,1980)* [filtered=7004]
cnt=2 s0=PALM(529,2061)* s1=PALM(4358,1979)* [filtered=7005]
cnt=2 s0=PALM(529,2060)* s1=PALM(4356,1978)* [filtered=7006]
cnt=2 s0=PALM(529,2060)* s1=PALM(4354,1978)* [filtered=7007]
cnt=2 s0=PALM(529,2060)* s1=PALM(4353,1978)* [filtered=7008]
cnt=2 s0=PALM(529,2059)* s1=PALM(4351,1977)* [filtered=7009]
cnt=2 s0=PALM(529,2059)* s1=PALM(4349,1977)* [filtered=7010]
cnt=2 s0=PALM(529,2059)* s1=PALM(4348,1977)* [filtered=7011]
cnt=2 s0=PALM(529,2058)* s1=PALM(4346,1976)* [filtered=7012]
cnt=2 s0=PALM(530,2057)* s1=PALM(4344,1976)* [filtered=7013]
cnt=2 s0=PALM(530,2057)* s1=PALM(4343,1976)* [filtered=7014]
cnt=2 s0=PALM(530,2057)* s1=PALM(4341,1975)* [filtered=7015]
cnt=2 s0=PALM(531,2056)* s1=PALM(4339,1974)* [filtered=7016]
cnt=2 s0=PALM(531,2056)* s1=PALM(4338,1974)* [filtered=7017]
cnt=2 s0=PALM(532,2056)* s1=PALM(4337,1973)* [filtered=7018]
cnt=2 s0=PALM(532,2055)* s1=PALM(4335,1973)* [filtered=7019]
cnt=2 s0=PALM(533,2055)* s1=PALM(4333,1972)* [filtered=7020]
cnt=2 s0=PALM(533,2055)* s1=PALM(4332,1972)* [filtered=7021]
cnt=2 s0=PALM(533,2054)* s1=PALM(4331,1972)* [filtered=7022]
cnt=2 s0=PALM(534,2054)* s1=PALM(4330,1971)* [filtered=7023]
cnt=2 s0=PALM(534,2054)* s1=PALM(4329,1971)* [filtered=7024]
cnt=2 s0=PALM(534,2054)* s1=PALM(4328,1970)* [filtered=7025]
cnt=2 s0=PALM(534,2054)* s1=PALM(4326,1970)* [filtered=7026]
cnt=2 s0=PALM(534,2054)* s1=PALM(4325,1970)* [filtered=7027]
cnt=2 s0=PALM(534,2054)* s1=PALM(4324,1969)* [filtered=7028]
cnt=2 s0=PALM(534,2054)* s1=PALM(4323,1969)* [filtered=7029]
cnt=2 s0=PALM(534,2054)* s1=PALM(4322,1969)* [filtered=7030]
cnt=2 s0=PALM(534,2054)* s1=PALM(4321,1968)* [filtered=7031]
cnt=2 s0=PALM(534,2054)* s1=PALM(4320,1968)* [filtered=7032]
cnt=2 s0=PALM(534,2054)* s1=PALM(4320,1968)* [filtered=7033]
cnt=2 s0=PALM(534,2054)* s1=PALM(4319,1967)* [filtered=7034]
cnt=2 s0=PALM(533,2054)* s1=PALM(4318,1967)* [filtered=7035]
cnt=2 s0=PALM(533,2054)* s1=PALM(4318,1967)* [filtered=7036]
cnt=2 s0=PALM(533,2054)* s1=PALM(4317,1967)* [filtered=7037]
cnt=2 s0=PALM(532,2054)* s1=PALM(4316,1967)* [filtered=7038]
cnt=2 s0=PALM(532,2054)* s1=PALM(4316,1967)* [filtered=7039]
cnt=2 s0=PALM(532,2054)* s1=PALM(4315,1967)* [filtered=7040]
cnt=2 s0=PALM(531,2054)* s1=PALM(4314,1967)* [filtered=7041]
cnt=2 s0=PALM(531,2054)* s1=PALM(4313,1967)* [filtered=7042]
cnt=2 s0=PALM(530,2054)* s1=PALM(4313,1967)* [filtered=7043]
cnt=2 s0=PALM(530,2054)* s1=PALM(4313,1967)* [filtered=7044]
cnt=2 s0=PALM(530,2054)* s1=PALM(4312,1967)* [filtered=7045]
cnt=2 s0=PALM(529,2054)* s1=PALM(4312,1967)* [filtered=7046]
cnt=2 s0=PALM(529,2054)* s1=PALM(4312,1967)* [filtered=7047]
cnt=2 s0=PALM(529,2054)* s1=PALM(4311,1967)* [filtered=7048]
cnt=2 s0=PALM(529,2054)* s1=PALM(4311,1967)* [filtered=7049]
cnt=2 s0=PALM(529,2054)* s1=PALM(4311,1967)* [filtered=7050]
cnt=2 s0=PALM(529,2054)* s1=PALM(4310,1967)* [filtered=7051]
cnt=2 s0=PALM(529,2054)* s1=PALM(4310,1967)* [filtered=7052]
cnt=2 s0=PALM(529,2054)* s1=PALM(4309,1967)* [filtered=7053]
cnt=3 s0=PALM(529,2054)* s1=PALM(4309,1967)* s2=fng (3099,273) [filtered=7054]
cnt=3 s0=PALM(529,2054)* s1=PALM(4309,1967)* s2=fng (3099,273) [filtered=7055]
cnt=2 s0=PALM(529,2054)* s1=PALM(4308,1967)* [filtered=7056]
cnt=2 s0=PALM(529,2054)* s1=PALM(4308,1967)* [filtered=7057]
cnt=2 s0=PALM(529,2054)* s1=PALM(4308,1967)* [filtered=7058]
cnt=2 s0=PALM(529,2054)* s1=PALM(4307,1966)* [filtered=7059]
cnt=2 s0=PALM(529,2055)* s1=PALM(4307,1966)* [filtered=7060]
cnt=2 s0=PALM(529,2055)* s1=PALM(4307,1966)* [filtered=7061]
cnt=2 s0=PALM(529,2055)* s1=PALM(4306,1965)* [filtered=7062]
cnt=2 s0=PALM(529,2055)* s1=PALM(4305,1965)* [filtered=7063]
cnt=2 s0=PALM(529,2055)* s1=PALM(4305,1965)* [filtered=7064]
cnt=2 s0=PALM(529,2055)* s1=PALM(4305,1964)* [filtered=7065]
cnt=2 s0=PALM(529,2055)* s1=PALM(4305,1964)* [filtered=7066]
cnt=2 s0=PALM(529,2055)* s1=PALM(4304,1963)* [filtered=7067]
cnt=2 s0=PALM(529,2055)* s1=PALM(4304,1963)* [filtered=7068]
cnt=2 s0=PALM(530,2055)* s1=PALM(4304,1963)* [filtered=7069]
cnt=2 s0=PALM(531,2055)* s1=PALM(4303,1962)* [filtered=7070]
cnt=2 s0=PALM(531,2055)* s1=PALM(4303,1962)* [filtered=7071]
cnt=2 s0=PALM(532,2054)* s1=PALM(4303,1962)* [filtered=7072]
cnt=2 s0=PALM(533,2054)* s1=PALM(4303,1962)* [filtered=7073]
cnt=2 s0=PALM(533,2054)* s1=PALM(4303,1962)* [filtered=7074]
cnt=2 s0=PALM(534,2053)* s1=PALM(4302,1961)* [filtered=7075]
cnt=2 s0=PALM(535,2053)* s1=PALM(4302,1961)* [filtered=7076]
cnt=2 s0=PALM(536,2053)* s1=PALM(4302,1961)* [filtered=7077]
cnt=2 s0=PALM(536,2053)* s1=PALM(4302,1961)* [filtered=7078]
cnt=2 s0=PALM(537,2052)* s1=PALM(4301,1960)* [filtered=7079]
cnt=2 s0=PALM(538,2052)* s1=PALM(4300,1959)* [filtered=7080]
cnt=2 s0=PALM(538,2052)* s1=PALM(4300,1959)* [filtered=7081]
cnt=2 s0=PALM(539,2051)* s1=PALM(4299,1959)* [filtered=7082]
cnt=2 s0=PALM(540,2051)* s1=PALM(4299,1959)* [filtered=7083]
cnt=2 s0=PALM(541,2051)* s1=PALM(4299,1958)* [filtered=7084]
cnt=2 s0=PALM(541,2051)* s1=PALM(4299,1958)* [filtered=7085]
cnt=2 s0=PALM(542,2050)* s1=PALM(4298,1958)* [filtered=7086]
cnt=2 s0=PALM(542,2050)* s1=PALM(4298,1958)* [filtered=7087]
cnt=2 s0=PALM(543,2049)* s1=PALM(4298,1957)* [filtered=7088]
cnt=2 s0=PALM(543,2049)* s1=PALM(4298,1957)* [filtered=7089]
cnt=2 s0=PALM(544,2049)* s1=PALM(4297,1957)* [filtered=7090]
cnt=2 s0=PALM(545,2049)* s1=PALM(4297,1957)* [filtered=7091]
cnt=2 s0=PALM(546,2048)* s1=PALM(4296,1956)* [filtered=7092]
cnt=2 s0=PALM(546,2048)* s1=PALM(4296,1956)* [filtered=7093]
cnt=2 s0=PALM(546,2048)* s1=PALM(4296,1955)* [filtered=7094]
cnt=2 s0=PALM(546,2048)* s1=PALM(4296,1955)* [filtered=7095]
cnt=2 s0=PALM(547,2048)* s1=PALM(4295,1955)* [filtered=7096]
cnt=2 s0=PALM(547,2048)* s1=PALM(4295,1955)* [filtered=7097]
cnt=2 s0=PALM(547,2048)* s1=PALM(4295,1954)* [filtered=7098]
cnt=2 s0=PALM(547,2048)* s1=PALM(4295,1954)* [filtered=7099]
cnt=2 s0=PALM(547,2048)* s1=PALM(4294,1954)* [filtered=7100]
cnt=2 s0=PALM(547,2048)* s1=PALM(4294,1954)* [filtered=7101]
cnt=2 s0=PALM(547,2048)* s1=PALM(4294,1953)* [filtered=7102]
cnt=2 s0=PALM(547,2048)* s1=PALM(4294,1953)* [filtered=7103]
cnt=2 s0=PALM(547,2048)* s1=PALM(4293,1953)* [filtered=7104]
cnt=2 s0=PALM(547,2048)* s1=PALM(4293,1953)* [filtered=7105]
cnt=2 s0=PALM(547,2048)* s1=PALM(4293,1952)* [filtered=7106]
cnt=2 s0=PALM(547,2048)* s1=PALM(4293,1951)* [filtered=7107]
cnt=2 s0=PALM(547,2048)* s1=PALM(4293,1951)* [filtered=7108]
cnt=2 s0=PALM(547,2048)* s1=PALM(4293,1951)* [filtered=7109]
cnt=2 s0=PALM(547,2048)* s1=PALM(4293,1951)* [filtered=7110]
cnt=2 s0=PALM(547,2048)* s1=PALM(4293,1950)* [filtered=7111]
cnt=2 s0=PALM(547,2048)* s1=PALM(4293,1950)* [filtered=7112]
cnt=2 s0=PALM(548,2048)* s1=PALM(4293,1950)* [filtered=7113]
cnt=2 s0=PALM(548,2048)* s1=PALM(4293,1949)* [filtered=7114]
cnt=2 s0=PALM(548,2048)* s1=PALM(4293,1949)* [filtered=7115]
cnt=2 s0=PALM(548,2048)* s1=PALM(4293,1949)* [filtered=7116]
cnt=2 s0=PALM(548,2048)* s1=PALM(4293,1949)* [filtered=7117]
cnt=2 s0=PALM(548,2048)* s1=PALM(4293,1949)* [filtered=7118]
cnt=2 s0=PALM(548,2048)* s1=PALM(4293,1949)* [filtered=7119]
cnt=2 s0=PALM(548,2048)* s1=PALM(4293,1949)* [filtered=7120]
cnt=2 s0=PALM(548,2048)* s1=PALM(4293,1949)* [filtered=7121]
cnt=2 s0=PALM(548,2048)* s1=PALM(4293,1949)* [filtered=7122]
cnt=2 s0=PALM(548,2048)* s1=PALM(4293,1949)* [filtered=7123]
cnt=2 s0=PALM(548,2049)* s1=PALM(4293,1949)* [filtered=7124]
cnt=2 s0=PALM(548,2049)* s1=PALM(4293,1949)* [filtered=7125]
cnt=2 s0=PALM(548,2049)* s1=PALM(4293,1949)* [filtered=7126]
cnt=2 s0=PALM(548,2049)* s1=PALM(4293,1949)* [filtered=7127]
cnt=2 s0=PALM(547,2050)* s1=PALM(4293,1949)* [filtered=7128]
cnt=2 s0=PALM(547,2051)* s1=PALM(4293,1949)* [filtered=7129]
cnt=2 s0=PALM(547,2052)* s1=PALM(4293,1949)* [filtered=7130]
cnt=2 s0=PALM(546,2053)* s1=PALM(4293,1949)* [filtered=7131]
cnt=2 s0=PALM(546,2053)* s1=PALM(4293,1949)* [filtered=7132]
cnt=2 s0=PALM(546,2054)* s1=PALM(4293,1949)* [filtered=7133]
cnt=2 s0=PALM(545,2055)* s1=PALM(4293,1949)* [filtered=7134]
cnt=2 s0=PALM(545,2055)* s1=PALM(4293,1949)* [filtered=7135]
cnt=2 s0=PALM(545,2056)* s1=PALM(4293,1949)* [filtered=7136]
cnt=2 s0=PALM(545,2057)* s1=PALM(4293,1949)* [filtered=7137]
cnt=2 s0=PALM(544,2058)* s1=PALM(4293,1949)* [filtered=7138]
cnt=2 s0=PALM(544,2058)* s1=PALM(4293,1949)* [filtered=7139]
cnt=2 s0=PALM(543,2059)* s1=PALM(4293,1949)* [filtered=7140]
cnt=2 s0=PALM(542,2060)* s1=PALM(4294,1949)* [filtered=7141]
cnt=2 s0=PALM(542,2060)* s1=PALM(4294,1949)* [filtered=7142]
cnt=2 s0=PALM(541,2061)* s1=PALM(4294,1949)* [filtered=7143]
cnt=2 s0=PALM(541,2061)* s1=PALM(4294,1949)* [filtered=7144]
cnt=2 s0=PALM(540,2062)* s1=PALM(4294,1949)* [filtered=7145]
cnt=2 s0=PALM(539,2063)* s1=PALM(4295,1949)* [filtered=7146]
cnt=2 s0=PALM(538,2064)* s1=PALM(4295,1949)* [filtered=7147]
cnt=2 s0=PALM(537,2065)* s1=PALM(4295,1949)* [filtered=7148]
cnt=2 s0=PALM(537,2065)* s1=PALM(4295,1949)* [filtered=7149]
cnt=2 s0=PALM(536,2066)* s1=PALM(4296,1949)* [filtered=7150]
cnt=2 s0=PALM(536,2066)* s1=PALM(4296,1949)* [filtered=7151]
cnt=2 s0=PALM(535,2067)* s1=PALM(4296,1949)* [filtered=7152]
cnt=2 s0=PALM(534,2068)* s1=PALM(4296,1949)* [filtered=7153]
cnt=2 s0=PALM(534,2068)* s1=PALM(4296,1949)* [filtered=7154]
cnt=2 s0=PALM(534,2069)* s1=PALM(4296,1949)* [filtered=7155]
cnt=2 s0=PALM(534,2070)* s1=PALM(4296,1949)* [filtered=7156]
cnt=2 s0=PALM(533,2071)* s1=PALM(4297,1949)* [filtered=7157]
cnt=2 s0=PALM(533,2072)* s1=PALM(4298,1949)* [filtered=7158]
cnt=2 s0=PALM(533,2072)* s1=PALM(4298,1949)* [filtered=7159]
cnt=2 s0=PALM(532,2073)* s1=PALM(4298,1949)* [filtered=7160]
cnt=2 s0=PALM(532,2073)* s1=PALM(4298,1949)* [filtered=7161]
cnt=2 s0=PALM(532,2074)* s1=PALM(4298,1949)* [filtered=7162]
cnt=2 s0=PALM(531,2074)* s1=PALM(4299,1949)* [filtered=7163]
cnt=2 s0=PALM(531,2074)* s1=PALM(4299,1949)* [filtered=7164]
cnt=2 s0=PALM(531,2075)* s1=PALM(4299,1949)* [filtered=7165]
cnt=2 s0=PALM(531,2075)* s1=PALM(4299,1949)* [filtered=7166]
cnt=2 s0=PALM(531,2075)* s1=PALM(4299,1949)* [filtered=7167]
cnt=2 s0=PALM(531,2075)* s1=PALM(4299,1949)* [filtered=7168]
cnt=2 s0=PALM(531,2076)* s1=PALM(4299,1949)* [filtered=7169]
cnt=2 s0=PALM(531,2076)* s1=PALM(4299,1949)* [filtered=7170]
cnt=2 s0=PALM(531,2076)* s1=PALM(4299,1949)* [filtered=7171]
cnt=2 s0=PALM(531,2077)* s1=PALM(4299,1949)* [filtered=7172]
cnt=2 s0=PALM(531,2077)* s1=PALM(4299,1949)* [filtered=7173]
cnt=2 s0=PALM(530,2078)* s1=PALM(4299,1949)* [filtered=7174]
cnt=2 s0=PALM(530,2078)* s1=PALM(4299,1949)* [filtered=7175]
cnt=2 s0=PALM(530,2078)* s1=PALM(4299,1949)* [filtered=7176]
cnt=2 s0=PALM(529,2079)* s1=PALM(4299,1949)* [filtered=7177]
cnt=2 s0=PALM(529,2079)* s1=PALM(4299,1949)* [filtered=7178]
cnt=2 s0=PALM(529,2079)* s1=PALM(4299,1949)* [filtered=7179]
cnt=2 s0=PALM(528,2080)* s1=PALM(4299,1949)* [filtered=7180]
cnt=2 s0=PALM(528,2080)* s1=PALM(4299,1949)* [filtered=7181]
cnt=2 s0=PALM(528,2080)* s1=PALM(4299,1949)* [filtered=7182]
cnt=2 s0=PALM(527,2081)* s1=PALM(4299,1949)* [filtered=7183]
cnt=2 s0=PALM(527,2081)* s1=PALM(4299,1949)* [filtered=7184]
cnt=2 s0=PALM(527,2082)* s1=PALM(4299,1949)* [filtered=7185]
cnt=2 s0=PALM(527,2082)* s1=PALM(4299,1949)* [filtered=7186]
cnt=2 s0=PALM(526,2082)* s1=PALM(4299,1949)* [filtered=7187]
cnt=2 s0=PALM(525,2083)* s1=PALM(4299,1949)* [filtered=7188]
cnt=2 s0=PALM(525,2083)* s1=PALM(4299,1949)* [filtered=7189]
cnt=2 s0=PALM(524,2083)* s1=PALM(4299,1949)* [filtered=7190]
cnt=2 s0=PALM(524,2083)* s1=PALM(4299,1949)* [filtered=7191]
cnt=2 s0=PALM(524,2084)* s1=PALM(4299,1949)* [filtered=7192]
cnt=2 s0=PALM(523,2085)* s1=PALM(4299,1949)* [filtered=7193]
cnt=2 s0=PALM(523,2085)* s1=PALM(4299,1949)* [filtered=7194]
cnt=2 s0=PALM(523,2085)* s1=PALM(4299,1949)* [filtered=7195]
cnt=2 s0=PALM(523,2085)* s1=PALM(4299,1949)* [filtered=7196]
cnt=2 s0=PALM(522,2086)* s1=PALM(4299,1949)* [filtered=7197]
cnt=2 s0=PALM(521,2086)* s1=PALM(4299,1949)* [filtered=7198]
cnt=2 s0=PALM(521,2086)* s1=PALM(4299,1949)* [filtered=7199]
cnt=2 s0=PALM(521,2087)* s1=PALM(4299,1949)* [filtered=7200]
cnt=2 s0=PALM(521,2087)* s1=PALM(4299,1949)* [filtered=7201]
cnt=2 s0=PALM(520,2087)* s1=PALM(4299,1949)* [filtered=7202]
cnt=2 s0=PALM(520,2088)* s1=PALM(4299,1949)* [filtered=7203]
cnt=2 s0=PALM(520,2088)* s1=PALM(4299,1949)* [filtered=7204]
cnt=2 s0=PALM(519,2088)* s1=PALM(4299,1949)* [filtered=7205]
cnt=2 s0=PALM(519,2088)* s1=PALM(4299,1949)* [filtered=7206]
cnt=2 s0=PALM(519,2088)* s1=PALM(4299,1949)* [filtered=7207]
cnt=2 s0=PALM(519,2088)* s1=PALM(4299,1949)* [filtered=7208]
cnt=2 s0=PALM(519,2088)* s1=PALM(4299,1949)* [filtered=7209]
cnt=2 s0=PALM(519,2088)* s1=PALM(4299,1949)* [filtered=7210]
cnt=2 s0=PALM(519,2088)* s1=PALM(4299,1949)* [filtered=7211]
cnt=2 s0=PALM(519,2088)* s1=PALM(4299,1949)* [filtered=7212]
cnt=2 s0=PALM(519,2088)* s1=PALM(4299,1949)* [filtered=7213]
cnt=2 s0=PALM(519,2088)* s1=PALM(4299,1949)* [filtered=7214]
cnt=2 s0=PALM(519,2088)* s1=PALM(4299,1949)* [filtered=7215]
cnt=2 s0=PALM(519,2088)* s1=PALM(4299,1949)* [filtered=7216]
cnt=2 s0=PALM(519,2088)* s1=PALM(4299,1949)* [filtered=7217]
cnt=2 s0=PALM(519,2088)* s1=PALM(4299,1949)* [filtered=7218]
cnt=2 s0=PALM(519,2088)* s1=PALM(4299,1949)* [filtered=7219]
cnt=2 s0=PALM(519,2088)* s1=PALM(4299,1949)* [filtered=7220]
cnt=2 s0=PALM(519,2088)* s1=PALM(4299,1949)* [filtered=7221]
cnt=2 s0=PALM(519,2088)* s1=PALM(4299,1949)* [filtered=7222]
cnt=2 s0=PALM(519,2088)* s1=PALM(4299,1949)* [filtered=7223]
cnt=2 s0=PALM(519,2088)* s1=PALM(4299,1949)* [filtered=7224]
cnt=2 s0=PALM(519,2088)* s1=PALM(4299,1949)* [filtered=7225]
cnt=2 s0=PALM(519,2088)* s1=PALM(4299,1949)* [filtered=7226]
cnt=2 s0=PALM(519,2088)* s1=PALM(4299,1949)* [filtered=7227]
cnt=2 s0=PALM(519,2088)* s1=PALM(4299,1949)* [filtered=7228]
cnt=2 s0=PALM(519,2088)* s1=PALM(4299,1949)* [filtered=7229]
cnt=2 s0=PALM(519,2088)* s1=PALM(4299,1949)* [filtered=7230]
cnt=2 s0=PALM(519,2088)* s1=PALM(4299,1949)* [filtered=7231]
cnt=2 s0=PALM(519,2088)* s1=PALM(4299,1949)* [filtered=7232]
cnt=2 s0=PALM(519,2088)* s1=PALM(4299,1949)* [filtered=7233]
cnt=2 s0=PALM(519,2088)* s1=PALM(4299,1949)* [filtered=7234]
cnt=2 s0=PALM(519,2088)* s1=PALM(4299,1949)* [filtered=7235]
cnt=2 s0=PALM(519,2088)* s1=PALM(4300,1949)* [filtered=7236]
cnt=2 s0=PALM(519,2088)* s1=PALM(4300,1949)* [filtered=7237]
cnt=2 s0=PALM(519,2088)* s1=PALM(4300,1949)* [filtered=7238]
cnt=2 s0=PALM(519,2088)* s1=PALM(4301,1949)* [filtered=7239]
cnt=2 s0=PALM(519,2088)* s1=PALM(4301,1949)* [filtered=7240]
cnt=2 s0=PALM(519,2088)* s1=PALM(4302,1949)* [filtered=7241]
cnt=2 s0=PALM(519,2088)* s1=PALM(4302,1949)* [filtered=7242]
cnt=2 s0=PALM(519,2088)* s1=PALM(4302,1949)* [filtered=7243]
cnt=2 s0=PALM(519,2088)* s1=PALM(4303,1950)* [filtered=7244]
cnt=3 s0=PALM(519,2088)* s1=PALM(4303,1950)* s2=fng (3069,294) [filtered=7245]
cnt=3 s0=PALM(519,2088)* s1=PALM(4303,1950)* s2=fng (3069,294) [filtered=7246]
cnt=3 s0=PALM(519,2088)* s1=PALM(4304,1951)* s2=fng (3060,301) [filtered=7247]
cnt=3 s0=PALM(520,2088)* s1=PALM(4304,1952)* s2=fng (3046,311) [filtered=7248]
cnt=3 s0=PALM(520,2088)* s1=PALM(4304,1952)* s2=fng (3033,320) [filtered=7249]
cnt=3 s0=PALM(520,2088)* s1=PALM(4304,1953)* s2=fng (3018,331) [filtered=7250]
cnt=3 s0=PALM(520,2088)* s1=PALM(4304,1953)* s2=fng (3003,342) [filtered=7251]
cnt=3 s0=PALM(521,2088)* s1=PALM(4304,1954)* s2=fng (2988,353) [filtered=7252]
cnt=3 s0=PALM(521,2088)* s1=PALM(4304,1955)* s2=fng (2974,365) [filtered=7253]
cnt=3 s0=PALM(521,2088)* s1=PALM(4304,1956)* s2=fng (2961,376) [filtered=7254]
cnt=3 s0=PALM(522,2088)* s1=PALM(4304,1957)* s2=fng (2948,387) [filtered=7255]
cnt=3 s0=PALM(522,2088)* s1=PALM(4304,1958)* s2=fng (2936,397) [filtered=7256]
cnt=3 s0=PALM(523,2088)* s1=PALM(4304,1959)* s2=fng (2926,406) [filtered=7257]
cnt=3 s0=PALM(523,2088)* s1=PALM(4304,1959)* s2=fng (2916,415) [filtered=7258]
cnt=3 s0=PALM(523,2088)* s1=PALM(4304,1960)* s2=fng (2907,423) [filtered=7259]
cnt=3 s0=PALM(523,2088)* s1=PALM(4304,1961)* s2=fng (2898,431) [filtered=7260]
cnt=3 s0=PALM(524,2088)* s1=PALM(4304,1962)* s2=fng (2890,439) [filtered=7261]
cnt=3 s0=PALM(524,2088)* s1=PALM(4304,1964)* s2=fng (2884,445) [filtered=7262]
cnt=3 s0=PALM(524,2088)* s1=PALM(4304,1965)* s2=fng (2878,451) [filtered=7263]
cnt=3 s0=PALM(525,2088)* s1=PALM(4304,1966)* s2=fng (2872,456) [filtered=7264]
cnt=3 s0=PALM(525,2088)* s1=PALM(4304,1966)* s2=fng (2866,461) [filtered=7265]
cnt=3 s0=PALM(525,2087)* s1=PALM(4304,1967)* s2=fng (2862,465) [filtered=7266]
cnt=3 s0=PALM(525,2087)* s1=PALM(4304,1968)* s2=fng (2858,469) [filtered=7267]
cnt=3 s0=PALM(525,2087)* s1=PALM(4304,1968)* s2=fng (2854,473) [filtered=7268]
cnt=3 s0=PALM(526,2087)* s1=PALM(4304,1969)* s2=fng (2850,476) [filtered=7269]
cnt=3 s0=PALM(526,2087)* s1=PALM(4304,1969)* s2=fng (2846,479) [filtered=7270]
cnt=3 s0=PALM(527,2087)* s1=PALM(4304,1970)* s2=fng (2843,481) [filtered=7271]
cnt=3 s0=PALM(528,2086)* s1=PALM(4305,1971)* s2=fng (2841,482) [filtered=7272]
cnt=3 s0=PALM(528,2086)* s1=PALM(4305,1971)* s2=fng (2839,483) [filtered=7273]
cnt=3 s0=PALM(528,2086)* s1=PALM(4305,1972)* s2=fng (2837,484) [filtered=7274]
cnt=3 s0=PALM(528,2086)* s1=PALM(4305,1972)* s2=fng (2835,485) [filtered=7275]
cnt=3 s0=PALM(529,2086)* s1=PALM(4306,1973)* s2=fng (2833,485) [filtered=7276]
cnt=3 s0=PALM(529,2086)* s1=PALM(4306,1973)* s2=fng (2831,485) [filtered=7277]
cnt=3 s0=PALM(529,2085)* s1=PALM(4307,1974)* s2=fng (2830,485) [filtered=7278]
cnt=3 s0=PALM(529,2085)* s1=PALM(4307,1974)* s2=fng (2829,485) [filtered=7279]
cnt=3 s0=PALM(530,2085)* s1=PALM(4307,1975)* s2=fng (2828,485) [filtered=7280]
cnt=3 s0=PALM(530,2085)* s1=PALM(4307,1976)* s2=fng (2827,485) [filtered=7281]
cnt=3 s0=PALM(530,2085)* s1=PALM(4308,1977)* s2=fng (2827,485) [filtered=7282]
cnt=3 s0=PALM(530,2085)* s1=PALM(4308,1977)* s2=fng (2827,485) [filtered=7283]
cnt=3 s0=PALM(530,2085)* s1=PALM(4308,1978)* s2=fng (2827,485) [filtered=7284]
cnt=3 s0=PALM(530,2085)* s1=PALM(4309,1979)* s2=fng (2827,485) [filtered=7285]
cnt=3 s0=PALM(530,2085)* s1=PALM(4309,1979)* s2=fng (2827,485) [filtered=7286]
cnt=3 s0=PALM(530,2085)* s1=PALM(4309,1980)* s2=fng (2827,482) [filtered=7287]
cnt=3 s0=PALM(530,2085)* s1=PALM(4309,1980)* s2=fng (2827,479) [filtered=7288]
cnt=3 s0=PALM(530,2085)* s1=PALM(4310,1980)* s2=fng (2830,476) [filtered=7289]
cnt=3 s0=PALM(530,2085)* s1=PALM(4310,1980)* s2=fng (2833,473) [filtered=7290]
cnt=3 s0=PALM(530,2085)* s1=PALM(4311,1981)* s2=fng (2836,469) [filtered=7291]
cnt=3 s0=PALM(530,2085)* s1=PALM(4311,1981)* s2=fng (2839,465) [filtered=7292]
cnt=3 s0=PALM(530,2085)* s1=PALM(4311,1981)* s2=fng (2843,461) [filtered=7293]
cnt=3 s0=PALM(530,2085)* s1=PALM(4312,1982)* s2=fng (2848,456) [filtered=7294]
cnt=3 s0=PALM(530,2085)* s1=PALM(4312,1982)* s2=fng (2853,452) [filtered=7295]
cnt=3 s0=PALM(530,2085)* s1=PALM(4312,1982)* s2=fng (2860,447) [filtered=7296]
cnt=3 s0=PALM(530,2085)* s1=PALM(4312,1982)* s2=fng (2866,443) [filtered=7297]
cnt=3 s0=PALM(530,2085)* s1=PALM(4313,1983)* s2=fng (2873,437) [filtered=7298]
cnt=3 s0=PALM(530,2085)* s1=PALM(4313,1983)* s2=fng (2879,432) [filtered=7299]
cnt=3 s0=PALM(530,2085)* s1=PALM(4313,1983)* s2=fng (2886,425) [filtered=7300]
cnt=3 s0=PALM(530,2085)* s1=PALM(4314,1983)* s2=fng (2894,417) [filtered=7301]
cnt=3 s0=PALM(530,2085)* s1=PALM(4314,1983)* s2=fng (2902,410) [filtered=7302]
cnt=3 s0=PALM(530,2085)* s1=PALM(4314,1983)* s2=fng (2910,402) [filtered=7303]
cnt=3 s0=PALM(530,2085)* s1=PALM(4314,1983)* s2=fng (2917,395) [filtered=7304]
cnt=3 s0=PALM(530,2085)* s1=PALM(4315,1983)* s2=fng (2925,388) [filtered=7305]
cnt=3 s0=PALM(530,2085)* s1=PALM(4316,1983)* s2=fng (2933,380) [filtered=7306]
cnt=3 s0=PALM(530,2085)* s1=PALM(4316,1983)* s2=fng (2940,373) [filtered=7307]
cnt=3 s0=PALM(530,2085)* s1=PALM(4316,1983)* s2=fng (2948,367) [filtered=7308]
cnt=3 s0=PALM(530,2085)* s1=PALM(4316,1983)* s2=fng (2955,361) [filtered=7309]
cnt=3 s0=PALM(530,2085)* s1=PALM(4316,1983)* s2=fng (2961,355) [filtered=7310]
cnt=3 s0=PALM(530,2085)* s1=PALM(4316,1983)* s2=fng (2968,348) [filtered=7311]
cnt=3 s0=PALM(530,2085)* s1=PALM(4316,1983)* s2=fng (2974,342) [filtered=7312]
cnt=3 s0=PALM(530,2085)* s1=PALM(4316,1983)* s2=fng (2979,337) [filtered=7313]
cnt=3 s0=PALM(530,2085)* s1=PALM(4316,1983)* s2=fng (2984,332) [filtered=7314]
cnt=3 s0=PALM(530,2085)* s1=PALM(4316,1983)* s2=fng (2988,328) [filtered=7315]
cnt=3 s0=PALM(530,2085)* s1=PALM(4316,1983)* s2=fng (2992,324) [filtered=7316]
cnt=3 s0=PALM(530,2085)* s1=PALM(4316,1983)* s2=fng (2996,320) [filtered=7317]
cnt=3 s0=PALM(530,2085)* s1=PALM(4316,1983)* s2=fng (2999,317) [filtered=7318]
cnt=3 s0=PALM(530,2085)* s1=PALM(4316,1983)* s2=fng (3002,314) [filtered=7319]
cnt=3 s0=PALM(530,2085)* s1=PALM(4316,1983)* s2=fng (3004,312) [filtered=7320]
cnt=3 s0=PALM(530,2085)* s1=PALM(4316,1983)* s2=fng (3006,310) [filtered=7321]
cnt=3 s0=PALM(530,2085)* s1=PALM(4316,1983)* s2=fng (3008,308) [filtered=7322]
cnt=3 s0=PALM(530,2085)* s1=PALM(4316,1983)* s2=fng (3010,306) [filtered=7323]
cnt=3 s0=PALM(530,2085)* s1=PALM(4316,1983)* s2=fng (3012,305) [filtered=7324]
cnt=3 s0=PALM(530,2085)* s1=PALM(4316,1983)* s2=fng (3014,304) [filtered=7325]
cnt=3 s0=PALM(530,2085)* s1=PALM(4316,1983)* s2=fng (3016,303) [filtered=7326]
cnt=3 s0=PALM(530,2085)* s1=PALM(4316,1983)* s2=fng (3018,302) [filtered=7327]
cnt=3 s0=PALM(530,2085)* s1=PALM(4316,1983)* s2=fng (3019,302) [filtered=7328]
cnt=3 s0=PALM(530,2085)* s1=PALM(4316,1983)* s2=fng (3020,302) [filtered=7329]
cnt=3 s0=PALM(530,2085)* s1=PALM(4316,1983)* s2=fng (3019,302) [filtered=7330]
cnt=3 s0=PALM(530,2085)* s1=PALM(4316,1983)* s2=fng (3020,302) [filtered=7331]
cnt=3 s0=PALM(530,2085)* s1=PALM(4316,1983)* s2=fng (3020,302) [filtered=7332]
cnt=3 s0=PALM(530,2085)* s1=PALM(4316,1983)* s2=fng (3021,302) [filtered=7333]
cnt=3 s0=PALM(530,2085)* s1=PALM(4316,1983)* s2=fng (3022,302) [filtered=7334]
cnt=3 s0=PALM(530,2085)* s1=PALM(4316,1982)* s2=fng (3023,302) [filtered=7335]
cnt=3 s0=PALM(530,2085)* s1=PALM(4316,1982)* s2=fng (3024,302) [filtered=7336]
cnt=3 s0=PALM(530,2085)* s1=PALM(4316,1982)* s2=fng (3025,302) [filtered=7337]
cnt=3 s0=PALM(530,2085)* s1=PALM(4316,1982)* s2=fng (3025,302) [filtered=7338]
cnt=3 s0=PALM(530,2085)* s1=PALM(4316,1982)* s2=fng (3026,302) [filtered=7339]
cnt=3 s0=PALM(530,2085)* s1=PALM(4316,1982)* s2=fng (3026,302) [filtered=7340]
cnt=3 s0=PALM(530,2085)* s1=PALM(4316,1982)* s2=fng (3026,302) [filtered=7341]
cnt=3 s0=PALM(530,2085)* s1=PALM(4316,1982)* s2=fng (3026,302) [filtered=7342]
cnt=3 s0=PALM(530,2085)* s1=PALM(4317,1982)* s2=fng (3026,302)* [filtered=7343]
cnt=3 s0=PALM(530,2085)* s1=PALM(4317,1982)* s2=fng (3026,302)* [filtered=7344]
cnt=3 s0=PALM(530,2085)* s1=PALM(4317,1982)* s2=fng (3026,302)* [filtered=7345]
cnt=3 s0=PALM(530,2085)* s1=PALM(4318,1982)* s2=fng (3026,302)* [filtered=7346]
cnt=3 s0=PALM(530,2085)* s1=PALM(4318,1982)* s2=fng (3026,302)* [filtered=7347]
cnt=3 s0=PALM(530,2085)* s1=PALM(4318,1982)* s2=fng (3026,302)* [filtered=7348]
cnt=3 s0=PALM(530,2085)* s1=PALM(4318,1982)* s2=fng (3026,302)* [filtered=7349]
cnt=3 s0=PALM(530,2085)* s1=PALM(4318,1982)* s2=fng (3026,302)* [filtered=7350]
cnt=3 s0=PALM(530,2085)* s1=PALM(4318,1982)* s2=fng (3026,302)* [filtered=7351]
cnt=3 s0=PALM(530,2085)* s1=PALM(4318,1982)* s2=fng (3026,302)* [filtered=7352]
cnt=3 s0=PALM(530,2085)* s1=PALM(4318,1982)* s2=fng (3026,302)* [filtered=7353]
cnt=3 s0=PALM(530,2085)* s1=PALM(4318,1982)* s2=fng (3026,302)* [filtered=7354]
cnt=3 s0=PALM(530,2085)* s1=PALM(4318,1982)* s2=fng (3026,302)* [filtered=7355]
cnt=3 s0=PALM(530,2085)* s1=PALM(4318,1982)* s2=fng (3026,302)* [filtered=7356]
cnt=3 s0=PALM(530,2085)* s1=PALM(4318,1982)* s2=fng (3026,302)* [filtered=7357]
cnt=3 s0=PALM(530,2085)* s1=PALM(4318,1982)* s2=fng (3026,302)* [filtered=7358]
cnt=3 s0=PALM(530,2085)* s1=PALM(4318,1982)* s2=fng (3026,302)* [filtered=7359]
cnt=3 s0=PALM(530,2085)* s1=PALM(4318,1982)* s2=fng (3026,302)* [filtered=7360]
cnt=3 s0=PALM(530,2085)* s1=PALM(4318,1982)* s2=fng (3026,302)* [filtered=7361]
cnt=3 s0=PALM(530,2085)* s1=PALM(4318,1982)* s2=fng (3026,302)* [filtered=7362]
cnt=3 s0=PALM(530,2085)* s1=PALM(4318,1982)* s2=fng (3026,302)* [filtered=7363]
cnt=3 s0=PALM(530,2085)* s1=PALM(4319,1981)* s2=fng (3026,302)* [filtered=7364]
cnt=3 s0=PALM(530,2085)* s1=PALM(4319,1981)* s2=fng (3026,302)* [filtered=7365]
cnt=3 s0=PALM(530,2085)* s1=PALM(4320,1981)* s2=fng (3026,302)* [filtered=7366]
cnt=3 s0=PALM(530,2085)* s1=PALM(4320,1981)* s2=fng (3026,302)* [filtered=7367]
cnt=3 s0=PALM(530,2085)* s1=PALM(4320,1981)* s2=fng (3026,302)* [filtered=7368]
cnt=3 s0=PALM(530,2085)* s1=PALM(4320,1981)* s2=fng (3026,302)* [filtered=7369]
cnt=3 s0=PALM(530,2085)* s1=PALM(4320,1980)* s2=fng (3027,302)* [filtered=7370]
cnt=3 s0=PALM(530,2085)* s1=PALM(4320,1980)* s2=fng (3027,302)* [filtered=7371]
cnt=3 s0=PALM(530,2085)* s1=PALM(4320,1980)* s2=fng (3028,302)* [filtered=7372]
cnt=3 s0=PALM(530,2085)* s1=PALM(4320,1980)* s2=fng (3028,302)* [filtered=7373]
cnt=3 s0=PALM(530,2085)* s1=PALM(4320,1980)* s2=fng (3028,302)* [filtered=7374]
cnt=3 s0=PALM(530,2085)* s1=PALM(4320,1980)* s2=fng (3028,302)* [filtered=7375]
cnt=3 s0=PALM(530,2085)* s1=PALM(4320,1979)* s2=fng (3029,302)* [filtered=7376]
cnt=3 s0=PALM(530,2085)* s1=PALM(4320,1979)* s2=fng (3029,302)* [filtered=7377]
cnt=3 s0=PALM(530,2085)* s1=PALM(4320,1979)* s2=fng (3029,302)* [filtered=7378]
cnt=3 s0=PALM(530,2085)* s1=PALM(4320,1979)* s2=fng (3030,302)* [filtered=7379]
cnt=3 s0=PALM(530,2085)* s1=PALM(4320,1979)* s2=fng (3030,302)* [filtered=7380]
cnt=3 s0=PALM(530,2085)* s1=PALM(4320,1978)* s2=fng (3030,302)* [filtered=7381]
cnt=3 s0=PALM(530,2085)* s1=PALM(4320,1978)* s2=fng (3030,302)* [filtered=7382]
cnt=3 s0=PALM(530,2085)* s1=PALM(4320,1978)* s2=fng (3031,302)* [filtered=7383]
cnt=3 s0=PALM(530,2085)* s1=PALM(4320,1978)* s2=fng (3032,302)* [filtered=7384]
cnt=3 s0=PALM(530,2085)* s1=PALM(4320,1978)* s2=fng (3032,302)* [filtered=7385]
cnt=3 s0=PALM(530,2085)* s1=PALM(4320,1978)* s2=fng (3032,302)* [filtered=7386]
cnt=3 s0=PALM(530,2085)* s1=PALM(4320,1978)* s2=fng (3032,302)* [filtered=7387]
cnt=3 s0=PALM(530,2085)* s1=PALM(4320,1978)* s2=fng (3033,302)* [filtered=7388]
cnt=3 s0=PALM(530,2085)* s1=PALM(4320,1978)* s2=fng (3033,302)* [filtered=7389]
cnt=3 s0=PALM(530,2085)* s1=PALM(4320,1978)* s2=fng (3033,302)* [filtered=7390]
cnt=3 s0=PALM(530,2085)* s1=PALM(4320,1978)* s2=fng (3034,302)* [filtered=7391]
cnt=3 s0=PALM(530,2085)* s1=PALM(4320,1978)* s2=fng (3034,302)* [filtered=7392]
cnt=3 s0=PALM(530,2085)* s1=PALM(4320,1978)* s2=fng (3035,302)* [filtered=7393]
cnt=3 s0=PALM(530,2085)* s1=PALM(4320,1978)* s2=fng (3035,302)* [filtered=7394]
cnt=3 s0=PALM(530,2085)* s1=PALM(4320,1978)* s2=fng (3036,302)* [filtered=7395]
cnt=3 s0=PALM(530,2085)* s1=PALM(4320,1978)* s2=fng (3037,302)* [filtered=7396]
cnt=3 s0=PALM(530,2085)* s1=PALM(4320,1978)* s2=fng (3039,303)* [filtered=7397]
cnt=3 s0=PALM(530,2085)* s1=PALM(4320,1978)* s2=fng (3042,301) [filtered=7398]
cnt=3 s0=PALM(530,2085)* s1=PALM(4320,1978)* s2=fng (3044,300) [filtered=7399]
cnt=3 s0=PALM(530,2085)* s1=PALM(4320,1977)* s2=fng (3047,299) [filtered=7400]
cnt=3 s0=PALM(530,2085)* s1=PALM(4320,1977)* s2=fng (3049,299) [filtered=7401]
cnt=3 s0=PALM(530,2085)* s1=PALM(4320,1977)* s2=fng (3053,298) [filtered=7402]
cnt=3 s0=PALM(530,2085)* s1=PALM(4320,1977)* s2=fng (3056,298) [filtered=7403]
cnt=3 s0=PALM(530,2085)* s1=PALM(4320,1977)* s2=fng (3059,297) [filtered=7404]
cnt=3 s0=PALM(530,2085)* s1=PALM(4320,1977)* s2=fng (3062,296) [filtered=7405]
cnt=3 s0=PALM(530,2085)* s1=PALM(4320,1977)* s2=fng (3066,294) [filtered=7406]
cnt=3 s0=PALM(530,2085)* s1=PALM(4320,1977)* s2=fng (3071,293) [filtered=7407]
cnt=3 s0=PALM(530,2085)* s1=PALM(4320,1977)* s2=fng (3075,292) [filtered=7408]
cnt=3 s0=PALM(530,2085)* s1=PALM(4320,1977)* s2=fng (3079,291) [filtered=7409]
cnt=3 s0=PALM(530,2085)* s1=PALM(4320,1977)* s2=fng (3083,291) [filtered=7410]
cnt=3 s0=PALM(530,2085)* s1=PALM(4320,1977)* s2=fng (3086,290) [filtered=7411]
cnt=3 s0=PALM(530,2085)* s1=PALM(4320,1977)* s2=fng (3089,289) [filtered=7412]
cnt=3 s0=PALM(530,2085)* s1=PALM(4320,1977)* s2=fng (3092,288) [filtered=7413]
cnt=3 s0=PALM(530,2085)* s1=PALM(4320,1977)* s2=fng (3095,288) [filtered=7414]
cnt=3 s0=PALM(530,2085)* s1=PALM(4320,1977)* s2=fng (3098,287) [filtered=7415]
cnt=3 s0=PALM(530,2085)* s1=PALM(4320,1977)* s2=fng (3101,286) [filtered=7416]
cnt=3 s0=PALM(530,2085)* s1=PALM(4320,1977)* s2=fng (3103,285) [filtered=7417]
cnt=3 s0=PALM(530,2085)* s1=PALM(4320,1977)* s2=fng (3105,284) [filtered=7418]
cnt=3 s0=PALM(530,2085)* s1=PALM(4320,1977)* s2=fng (3107,284) [filtered=7419]
cnt=3 s0=PALM(530,2085)* s1=PALM(4320,1977)* s2=fng (3109,283) [filtered=7420]
cnt=3 s0=PALM(530,2085)* s1=PALM(4320,1977)* s2=fng (3111,283) [filtered=7421]
cnt=3 s0=PALM(530,2085)* s1=PALM(4320,1977)* s2=fng (3113,282) [filtered=7422]
cnt=3 s0=PALM(530,2085)* s1=PALM(4320,1977)* s2=fng (3115,281) [filtered=7423]
cnt=3 s0=PALM(530,2085)* s1=PALM(4320,1977)* s2=fng (3117,281) [filtered=7424]
cnt=3 s0=PALM(530,2085)* s1=PALM(4320,1977)* s2=fng (3119,281) [filtered=7425]
cnt=3 s0=PALM(530,2085)* s1=PALM(4320,1977)* s2=fng (3121,280) [filtered=7426]
cnt=3 s0=PALM(530,2085)* s1=PALM(4320,1977)* s2=fng (3123,280) [filtered=7427]
cnt=3 s0=PALM(530,2085)* s1=PALM(4320,1977)* s2=fng (3125,279) [filtered=7428]
cnt=3 s0=PALM(530,2085)* s1=PALM(4320,1977)* s2=fng (3130,277) [filtered=7429]
cnt=3 s0=PALM(530,2085)* s1=PALM(4320,1977)* s2=fng (3134,276) [filtered=7430]
cnt=3 s0=PALM(530,2085)* s1=PALM(4320,1977)* s2=fng (3141,274) [filtered=7431]
cnt=3 s0=PALM(530,2085)* s1=PALM(4320,1977)* s2=fng (3147,273) [filtered=7432]
cnt=3 s0=PALM(530,2085)* s1=PALM(4321,1977)* s2=fng (3156,270) [filtered=7433]
cnt=3 s0=PALM(530,2085)* s1=PALM(4321,1977)* s2=fng (3164,268) [filtered=7434]
cnt=3 s0=PALM(530,2085)* s1=PALM(4321,1977)* s2=fng (3178,265) [filtered=7435]
cnt=3 s0=PALM(530,2085)* s1=PALM(4321,1977)* s2=fng (3191,263) [filtered=7436]
cnt=3 s0=PALM(530,2085)* s1=PALM(4322,1977)* s2=fng (3209,259) [filtered=7437]
cnt=3 s0=PALM(530,2085)* s1=PALM(4322,1977)* s2=fng (3226,256) [filtered=7438]
cnt=3 s0=PALM(530,2084)* s1=PALM(4323,1977)* s2=fng (3247,252) [filtered=7439]
cnt=3 s0=PALM(530,2084)* s1=PALM(4324,1977)* s2=fng (3272,247) [filtered=7440]
cnt=3 s0=PALM(530,2084)* s1=PALM(4325,1977)* s2=fng (3296,243) [filtered=7441]
cnt=3 s0=PALM(530,2083)* s1=PALM(4326,1977)* s2=fng (3322,238) [filtered=7442]
cnt=3 s0=PALM(530,2083)* s1=PALM(4326,1977)* s2=fng (3347,234) [filtered=7443]
cnt=3 s0=PALM(530,2083)* s1=PALM(4327,1977)* s2=fng (3374,231) [filtered=7444]
cnt=3 s0=PALM(530,2083)* s1=PALM(4328,1977)* s2=fng (3401,228) [filtered=7445]
cnt=3 s0=PALM(530,2082)* s1=PALM(4329,1977)* s2=fng (3429,226) [filtered=7446]
cnt=3 s0=PALM(530,2082)* s1=PALM(4330,1977)* s2=fng (3457,224) [filtered=7447]
cnt=3 s0=PALM(530,2082)* s1=PALM(4332,1977)* s2=fng (3485,222) [filtered=7448]
cnt=3 s0=PALM(530,2082)* s1=PALM(4333,1977)* s2=fng (3513,220) [filtered=7449]
cnt=3 s0=PALM(530,2082)* s1=PALM(4334,1977)* s2=fng (3541,220) [filtered=7450]
cnt=3 s0=PALM(530,2082)* s1=PALM(4335,1977)* s2=fng (3569,220) [filtered=7451]
cnt=3 s0=PALM(530,2082)* s1=PALM(4337,1977)* s2=fng (3597,220) [filtered=7452]
cnt=3 s0=PALM(530,2082)* s1=PALM(4339,1977)* s2=fng (3625,223) [filtered=7453]
cnt=3 s0=PALM(530,2082)* s1=PALM(4340,1977)* s2=fng (3653,226) [filtered=7454]
cnt=3 s0=PALM(530,2082)* s1=PALM(4341,1977)* s2=fng (3681,230) [filtered=7455]
cnt=3 s0=PALM(530,2082)* s1=PALM(4342,1977)* s2=fng (3709,232) [filtered=7456]
cnt=3 s0=PALM(530,2082)* s1=PALM(4343,1977)* s2=fng (3737,236) [filtered=7457]
cnt=3 s0=PALM(530,2082)* s1=PALM(4345,1977)* s2=fng (3765,241) [filtered=7458]
cnt=3 s0=PALM(530,2082)* s1=PALM(4346,1977)* s2=fng (3793,246) [filtered=7459]
cnt=3 s0=PALM(530,2082)* s1=PALM(4347,1977)* s2=fng (3819,252) [filtered=7460]
cnt=3 s0=PALM(530,2082)* s1=PALM(4349,1977)* s2=fng (3843,259) [filtered=7461]
cnt=3 s0=PALM(530,2082)* s1=PALM(4350,1977)* s2=fng (3867,266) [filtered=7462]
cnt=3 s0=PALM(530,2082)* s1=PALM(4351,1977)* s2=fng (3889,273) [filtered=7463]
cnt=3 s0=PALM(530,2082)* s1=PALM(4351,1977)* s2=fng (3911,279) [filtered=7464]
cnt=3 s0=PALM(530,2082)* s1=PALM(4352,1977)* s2=fng (3931,285) [filtered=7465]
cnt=3 s0=PALM(530,2082)* s1=PALM(4352,1977)* s2=fng (3951,291) [filtered=7466]
cnt=3 s0=PALM(530,2082)* s1=PALM(4353,1977)* s2=fng (3971,294) [filtered=7467]
cnt=3 s0=PALM(530,2082)* s1=PALM(4353,1977)* s2=fng (3991,297) [filtered=7468]
cnt=3 s0=PALM(530,2082)* s1=PALM(4354,1977)* s2=fng (4007,301) [filtered=7469]
cnt=3 s0=PALM(530,2082)* s1=PALM(4355,1977)* s2=fng (4023,305) [filtered=7470]
cnt=3 s0=PALM(530,2082)* s1=PALM(4355,1977)* s2=fng (4037,310) [filtered=7471]
cnt=3 s0=PALM(530,2082)* s1=PALM(4355,1977)* s2=PALM(4051,315) [filtered=7472]
cnt=3 s0=PALM(530,2082)* s1=PALM(4356,1977)* s2=PALM(4063,321) [filtered=7473]
cnt=3 s0=PALM(531,2082)* s1=PALM(4356,1977)* s2=PALM(4075,326) [filtered=7474]
cnt=3 s0=PALM(531,2082)* s1=PALM(4356,1977)* s2=PALM(4087,331) [filtered=7475]
cnt=3 s0=PALM(531,2082)* s1=PALM(4357,1977)* s2=PALM(4097,336) [filtered=7476]
cnt=3 s0=PALM(531,2082)* s1=PALM(4357,1977)* s2=PALM(4107,341) [filtered=7477]
cnt=3 s0=PALM(531,2081)* s1=PALM(4357,1977)* s2=PALM(4116,345) [filtered=7478]
cnt=3 s0=PALM(531,2081)* s1=PALM(4357,1977)* s2=PALM(4125,349) [filtered=7479]
cnt=3 s0=PALM(531,2081)* s1=PALM(4358,1977)* s2=PALM(4133,353) [filtered=7480]
cnt=3 s0=PALM(531,2081)* s1=PALM(4358,1977)* s2=PALM(4141,357) [filtered=7481]
cnt=3 s0=PALM(531,2081)* s1=PALM(4358,1977)* s2=PALM(4148,360) [filtered=7482]
cnt=3 s0=PALM(531,2081)* s1=PALM(4358,1977)* s2=PALM(4155,363) [filtered=7483]
cnt=3 s0=PALM(531,2081)* s1=PALM(4359,1977)* s2=PALM(4161,365) [filtered=7484]
cnt=3 s0=PALM(532,2081)* s1=PALM(4360,1977)* s2=PALM(4167,367) [filtered=7485]
cnt=3 s0=PALM(532,2081)* s1=PALM(4360,1977)* s2=PALM(4173,369) [filtered=7486]
cnt=3 s0=PALM(532,2081)* s1=PALM(4360,1977)* s2=PALM(4177,371) [filtered=7487]
cnt=3 s0=PALM(532,2081)* s1=PALM(4360,1977)* s2=PALM(4181,373) [filtered=7488]
cnt=3 s0=PALM(532,2080)* s1=PALM(4361,1977)* s2=PALM(4185,374) [filtered=7489]
cnt=3 s0=PALM(532,2080)* s1=PALM(4361,1977)* s2=PALM(4189,375) [filtered=7490]
cnt=3 s0=PALM(532,2080)* s1=PALM(4361,1977)* s2=PALM(4192,375) [filtered=7491]
cnt=3 s0=PALM(532,2080)* s1=PALM(4362,1977)* s2=PALM(4194,375) [filtered=7492]
cnt=3 s0=PALM(532,2080)* s1=PALM(4362,1977)* s2=PALM(4196,375) [filtered=7493]
cnt=3 s0=PALM(532,2080)* s1=PALM(4362,1977)* s2=PALM(4196,375) [filtered=7494]
cnt=3 s0=PALM(532,2080)* s1=PALM(4363,1977)* s2=PALM(4196,375) [filtered=7495]
cnt=3 s0=PALM(532,2080)* s1=PALM(4364,1977)* s2=PALM(4196,375) [filtered=7496]
cnt=3 s0=PALM(532,2080)* s1=PALM(4365,1977)* s2=PALM(4192,375) [filtered=7497]
cnt=3 s0=PALM(532,2080)* s1=PALM(4365,1977)* s2=PALM(4188,375) [filtered=7498]
cnt=3 s0=PALM(532,2080)* s1=PALM(4366,1977)* s2=PALM(4183,375) [filtered=7499]
cnt=3 s0=PALM(532,2080)* s1=PALM(4366,1977)* s2=PALM(4178,375) [filtered=7500]
cnt=3 s0=PALM(532,2080)* s1=PALM(4367,1977)* s2=PALM(4172,372) [filtered=7501]
cnt=3 s0=PALM(532,2080)* s1=PALM(4368,1977)* s2=PALM(4164,369) [filtered=7502]
cnt=3 s0=PALM(532,2080)* s1=PALM(4368,1977)* s2=PALM(4156,366) [filtered=7503]
cnt=3 s0=PALM(532,2080)* s1=PALM(4369,1977)* s2=PALM(4145,366) [filtered=7504]
cnt=3 s0=PALM(532,2080)* s1=PALM(4369,1977)* s2=PALM(4134,366) [filtered=7505]
cnt=3 s0=PALM(532,2080)* s1=PALM(4370,1977)* s2=PALM(4121,366) [filtered=7506]
cnt=3 s0=PALM(532,2080)* s1=PALM(4372,1977)* s2=PALM(4104,366) [filtered=7507]
cnt=3 s0=PALM(532,2080)* s1=PALM(4373,1977)* s2=PALM(4087,366) [filtered=7508]
cnt=3 s0=PALM(532,2080)* s1=PALM(4375,1978)* s2=PALM(4067,366) [filtered=7509]
cnt=3 s0=PALM(532,2080)* s1=PALM(4376,1979)* s2=fng (4047,366) [filtered=7510]
cnt=3 s0=PALM(532,2080)* s1=PALM(4379,1980) s2=fng (4024,366) [filtered=7511]
cnt=3 s0=PALM(532,2080)* s1=PALM(4382,1983) s2=fng (3997,366) [filtered=7512]
cnt=3 s0=PALM(532,2080)* s1=PALM(4385,1984) s2=fng (3970,366) [filtered=7513]
cnt=3 s0=PALM(532,2080)* s1=PALM(4390,1987) s2=fng (3941,366) [filtered=7514]
cnt=3 s0=PALM(532,2080)* s1=PALM(4394,1989) s2=fng (3912,366) [filtered=7515]
cnt=3 s0=PALM(532,2080)* s1=PALM(4399,1992) s2=fng (3883,366) [filtered=7516]
cnt=3 s0=PALM(532,2080)* s1=PALM(4404,1996) s2=fng (3854,366) [filtered=7517]
cnt=3 s0=PALM(532,2080)* s1=PALM(4409,1999) s2=fng (3825,366) [filtered=7518]
cnt=3 s0=PALM(532,2080)* s1=PALM(4414,2003) s2=fng (3796,366) [filtered=7519]
cnt=3 s0=PALM(532,2080)* s1=PALM(4418,2006) s2=fng (3768,366) [filtered=7520]
cnt=3 s0=PALM(532,2080)* s1=PALM(4423,2010) s2=fng (3740,366) [filtered=7521]
cnt=3 s0=PALM(532,2080)* s1=PALM(4428,2014) s2=fng (3712,368) [filtered=7522]
cnt=3 s0=PALM(532,2080)* s1=PALM(4433,2017) s2=fng (3685,369) [filtered=7523]
cnt=3 s0=PALM(532,2080)* s1=PALM(4438,2021) s2=fng (3657,372) [filtered=7524]
cnt=3 s0=PALM(532,2080)* s1=PALM(4443,2025) s2=fng (3628,377) [filtered=7525]
cnt=3 s0=PALM(532,2080)* s1=PALM(4447,2028) s2=fng (3600,382) [filtered=7526]
cnt=3 s0=PALM(532,2080)* s1=PALM(4452,2032) s2=fng (3572,387) [filtered=7527]
cnt=3 s0=PALM(532,2080)* s1=PALM(4456,2035) s2=fng (3544,391) [filtered=7528]
cnt=3 s0=PALM(532,2080)* s1=PALM(4460,2038) s2=fng (3516,397) [filtered=7529]
cnt=3 s0=PALM(533,2079)* s1=PALM(4465,2042) s2=fng (3488,404) [filtered=7530]
cnt=3 s0=PALM(533,2079)* s1=PALM(4469,2045) s2=fng (3460,410) [filtered=7531]
cnt=3 s0=PALM(533,2079)* s1=PALM(4473,2049) s2=fng (3431,417) [filtered=7532]
cnt=3 s0=PALM(533,2079)* s1=PALM(4478,2054) s2=fng (3402,424) [filtered=7533]
cnt=3 s0=PALM(533,2079)* s1=PALM(4482,2058) s2=fng (3374,430) [filtered=7534]
cnt=3 s0=PALM(533,2078)* s1=PALM(4486,2063) s2=fng (3345,438) [filtered=7535]
cnt=3 s0=PALM(533,2078)* s1=PALM(4490,2067) s2=fng (3317,445) [filtered=7536]
cnt=3 s0=PALM(533,2078)* s1=PALM(4494,2071) s2=fng (3290,453) [filtered=7537]
cnt=3 s0=PALM(534,2078)* s1=PALM(4497,2074) s2=fng (3262,462) [filtered=7538]
cnt=3 s0=PALM(534,2078)* s1=PALM(4500,2077) s2=fng (3235,470) [filtered=7539]
cnt=3 s0=PALM(534,2078)* s1=PALM(4503,2080) s2=fng (3208,479) [filtered=7540]
cnt=3 s0=PALM(534,2078)* s1=PALM(4505,2084) s2=fng (3181,488) [filtered=7541]
cnt=3 s0=PALM(534,2078)* s1=PALM(4507,2087) s2=fng (3155,496) [filtered=7542]
cnt=3 s0=PALM(534,2078)* s1=PALM(4509,2091) s2=fng (3129,507) [filtered=7543]
cnt=3 s0=PALM(534,2078)* s1=PALM(4511,2094) s2=fng (3103,517) [filtered=7544]
cnt=3 s0=PALM(534,2078)* s1=PALM(4513,2097) s2=fng (3078,528) [filtered=7545]
cnt=3 s0=PALM(534,2078)* s1=PALM(4515,2100) s2=fng (3053,539) [filtered=7546]
cnt=3 s0=PALM(534,2078)* s1=PALM(4517,2102) s2=fng (3028,549) [filtered=7547]
cnt=3 s0=PALM(534,2078)* s1=PALM(4518,2105) s2=fng (3003,560) [filtered=7548]
cnt=3 s0=PALM(534,2078)* s1=PALM(4519,2108) s2=fng (2979,572) [filtered=7549]
cnt=3 s0=PALM(534,2078)* s1=PALM(4519,2110) s2=fng (2955,583) [filtered=7550]
cnt=3 s0=PALM(534,2078)* s1=PALM(4520,2113) s2=fng (2932,594) [filtered=7551]
cnt=3 s0=PALM(534,2078)* s1=PALM(4521,2115) s2=fng (2910,604) [filtered=7552]
cnt=3 s0=PALM(534,2078)* s1=PALM(4522,2118) s2=fng (2888,615) [filtered=7553]
cnt=3 s0=PALM(534,2078)* s1=PALM(4524,2121) s2=fng (2867,626) [filtered=7554]
cnt=3 s0=PALM(534,2078)* s1=PALM(4525,2123) s2=fng (2847,636) [filtered=7555]
cnt=3 s0=PALM(534,2078)* s1=PALM(4526,2126) s2=fng (2829,647) [filtered=7556]
cnt=3 s0=PALM(534,2078)* s1=PALM(4527,2129) s2=fng (2810,658) [filtered=7557]
cnt=3 s0=PALM(534,2078)* s1=PALM(4528,2131) s2=fng (2792,668) [filtered=7558]
cnt=3 s0=PALM(534,2078)* s1=PALM(4529,2133) s2=fng (2774,679) [filtered=7559]
cnt=3 s0=PALM(534,2078)* s1=PALM(4529,2135) s2=fng (2756,689) [filtered=7560]
cnt=3 s0=PALM(534,2078)* s1=PALM(4530,2137) s2=fng (2739,699) [filtered=7561]
cnt=3 s0=PALM(534,2078)* s1=PALM(4531,2138) s2=fng (2723,710) [filtered=7562]
cnt=3 s0=PALM(534,2078)* s1=PALM(4532,2138) s2=fng (2707,720) [filtered=7563]
cnt=3 s0=PALM(534,2078)* s1=PALM(4533,2139) s2=fng (2692,730) [filtered=7564]
cnt=3 s0=PALM(534,2078)* s1=PALM(4533,2140) s2=fng (2677,740) [filtered=7565]
cnt=3 s0=PALM(534,2078)* s1=PALM(4534,2142) s2=fng (2663,750) [filtered=7566]
cnt=3 s0=PALM(534,2078)* s1=PALM(4534,2143) s2=fng (2649,760) [filtered=7567]
cnt=3 s0=PALM(535,2078)* s1=PALM(4535,2144) s2=fng (2635,770) [filtered=7568]
cnt=3 s0=PALM(535,2078)* s1=PALM(4535,2146) s2=fng (2622,779) [filtered=7569]
cnt=3 s0=PALM(535,2078)* s1=PALM(4535,2147) s2=fng (2609,788) [filtered=7570]
cnt=3 s0=PALM(535,2078)* s1=PALM(4536,2148) s2=fng (2597,796) [filtered=7571]
cnt=3 s0=PALM(535,2078)* s1=PALM(4536,2149) s2=fng (2585,804) [filtered=7572]
cnt=3 s0=PALM(535,2078)* s1=PALM(4537,2150) s2=fng (2573,812) [filtered=7573]
cnt=3 s0=PALM(536,2078)* s1=PALM(4537,2151) s2=fng (2561,820) [filtered=7574]
cnt=3 s0=PALM(536,2078)* s1=PALM(4537,2152) s2=fng (2549,828) [filtered=7575]
cnt=3 s0=PALM(536,2078)* s1=PALM(4538,2153) s2=fng (2538,836) [filtered=7576]
cnt=3 s0=PALM(536,2078)* s1=PALM(4538,2154)* s2=fng (2527,844) [filtered=7577]
cnt=3 s0=PALM(536,2078)* s1=PALM(4538,2155)* s2=fng (2517,852) [filtered=7578]
cnt=3 s0=PALM(536,2078)* s1=PALM(4538,2156)* s2=fng (2508,860) [filtered=7579]
cnt=3 s0=PALM(536,2078)* s1=PALM(4538,2157)* s2=fng (2499,868) [filtered=7580]
cnt=3 s0=PALM(536,2078)* s1=PALM(4538,2158)* s2=fng (2491,875) [filtered=7581]
cnt=3 s0=PALM(536,2078)* s1=PALM(4538,2158)* s2=fng (2483,882) [filtered=7582]
cnt=3 s0=PALM(536,2077)* s1=PALM(4538,2159)* s2=fng (2475,889) [filtered=7583]
cnt=3 s0=PALM(536,2077)* s1=PALM(4538,2160)* s2=fng (2468,895) [filtered=7584]
cnt=3 s0=PALM(536,2077)* s1=PALM(4538,2160)* s2=fng (2461,901) [filtered=7585]
cnt=3 s0=PALM(536,2077)* s1=PALM(4538,2161)* s2=fng (2455,907) [filtered=7586]
cnt=3 s0=PALM(536,2077)* s1=PALM(4538,2161)* s2=fng (2449,913) [filtered=7587]
cnt=3 s0=PALM(536,2077)* s1=PALM(4538,2161)* s2=fng (2445,918) [filtered=7588]
cnt=3 s0=PALM(536,2077)* s1=PALM(4538,2162)* s2=fng (2441,922) [filtered=7589]
cnt=3 s0=PALM(536,2077)* s1=PALM(4538,2162)* s2=fng (2437,926) [filtered=7590]
cnt=3 s0=PALM(536,2077)* s1=PALM(4538,2162)* s2=fng (2434,929) [filtered=7591]
cnt=3 s0=PALM(536,2077)* s1=PALM(4538,2162)* s2=fng (2431,932) [filtered=7592]
cnt=3 s0=PALM(536,2077)* s1=PALM(4538,2163)* s2=fng (2429,934) [filtered=7593]
cnt=3 s0=PALM(536,2077)* s1=PALM(4538,2163)* s2=fng (2427,936) [filtered=7594]
cnt=3 s0=PALM(536,2077)* s1=PALM(4538,2163)* s2=fng (2425,938) [filtered=7595]
cnt=3 s0=PALM(536,2077)* s1=PALM(4539,2164)* s2=fng (2424,938) [filtered=7596]
cnt=3 s0=PALM(536,2077)* s1=PALM(4539,2164)* s2=fng (2423,938) [filtered=7597]
cnt=3 s0=PALM(536,2077)* s1=PALM(4539,2165)* s2=fng (2423,938) [filtered=7598]
cnt=3 s0=PALM(536,2077)* s1=PALM(4539,2165)* s2=fng (2423,938) [filtered=7599]
cnt=3 s0=PALM(536,2077)* s1=PALM(4540,2165)* s2=fng (2423,938) [filtered=7600]
cnt=3 s0=PALM(536,2077)* s1=PALM(4541,2166)* s2=fng (2426,938) [filtered=7601]
cnt=3 s0=PALM(536,2077)* s1=PALM(4541,2166)* s2=fng (2429,938) [filtered=7602]
cnt=3 s0=PALM(536,2077)* s1=PALM(4542,2166)* s2=fng (2434,935) [filtered=7603]
cnt=3 s0=PALM(536,2077)* s1=PALM(4542,2166)* s2=fng (2439,932) [filtered=7604]
cnt=3 s0=PALM(537,2077)* s1=PALM(4543,2167)* s2=fng (2444,928) [filtered=7605]
cnt=3 s0=PALM(537,2077)* s1=PALM(4544,2168)* s2=fng (2451,923) [filtered=7606]
cnt=3 s0=PALM(537,2077)* s1=PALM(4545,2168)* s2=fng (2458,918) [filtered=7607]
cnt=3 s0=PALM(537,2077)* s1=PALM(4546,2169)* s2=fng (2468,913) [filtered=7608]
cnt=3 s0=PALM(537,2077)* s1=PALM(4547,2169)* s2=fng (2478,908) [filtered=7609]
cnt=3 s0=PALM(537,2077)* s1=PALM(4548,2170)* s2=fng (2491,901) [filtered=7610]
cnt=3 s0=PALM(537,2077)* s1=PALM(4550,2171)* s2=fng (2508,895) [filtered=7611]
cnt=3 s0=PALM(537,2077)* s1=PALM(4551,2172)* s2=fng (2524,889) [filtered=7612]
cnt=3 s0=PALM(537,2077)* s1=PALM(4552,2173)* s2=fng (2544,883) [filtered=7613]
cnt=3 s0=PALM(537,2077)* s1=PALM(4553,2173)* s2=fng (2563,878) [filtered=7614]
cnt=3 s0=PALM(537,2077)* s1=PALM(4554,2174)* s2=fng (2588,871) [filtered=7615]
cnt=3 s0=PALM(537,2077)* s1=PALM(4556,2175)* s2=fng (2618,864) [filtered=7616]
cnt=3 s0=PALM(537,2077)* s1=PALM(4557,2175)* s2=fng (2647,858) [filtered=7617]
cnt=3 s0=PALM(537,2077)* s1=PALM(4559,2176)* s2=fng (2682,853) [filtered=7618]
cnt=3 s0=PALM(537,2077)* s1=PALM(4560,2176)* s2=fng (2717,848) [filtered=7619]
cnt=3 s0=PALM(537,2076)* s1=PALM(4562,2177)* s2=fng (2757,843) [filtered=7620]
cnt=3 s0=PALM(537,2076)* s1=PALM(4565,2178) s2=fng (2799,840) [filtered=7621]
cnt=3 s0=PALM(537,2076)* s1=PALM(4566,2178) s2=fng (2841,838) [filtered=7622]
cnt=3 s0=PALM(537,2076)* s1=PALM(4568,2179) s2=fng (2884,837) [filtered=7623]
cnt=3 s0=PALM(537,2076)* s1=PALM(4571,2181) s2=fng (2925,837) [filtered=7624]
cnt=3 s0=PALM(537,2076)* s1=PALM(4573,2182) s2=fng (2966,838) [filtered=7625]
cnt=3 s0=PALM(537,2076)* s1=PALM(4576,2183) s2=fng (3005,840) [filtered=7626]
cnt=3 s0=PALM(537,2076)* s1=PALM(4578,2184) s2=fng (3043,841) [filtered=7627]
cnt=3 s0=PALM(537,2076)* s1=PALM(4580,2185) s2=fng (3080,844) [filtered=7628]
cnt=3 s0=PALM(537,2076)* s1=PALM(4583,2187) s2=fng (3114,848) [filtered=7629]
cnt=3 s0=PALM(537,2076)* s1=PALM(4585,2188) s2=fng (3147,851) [filtered=7630]
cnt=3 s0=PALM(537,2076)* s1=PALM(4587,2189) s2=fng (3178,856) [filtered=7631]
cnt=3 s0=PALM(537,2076)* s1=PALM(4590,2190) s2=fng (3205,861) [filtered=7632]
cnt=3 s0=PALM(537,2076)* s1=PALM(4592,2191) s2=fng (3231,866) [filtered=7633]
cnt=3 s0=PALM(537,2076)* s1=PALM(4594,2192) s2=fng (3254,871) [filtered=7634]
cnt=3 s0=PALM(537,2076)* s1=PALM(4596,2193) s2=fng (3277,875) [filtered=7635]
cnt=3 s0=PALM(537,2076)* s1=PALM(4597,2194) s2=fng (3297,880) [filtered=7636]
cnt=3 s0=PALM(537,2076)* s1=PALM(4598,2195) s2=fng (3314,885) [filtered=7637]
cnt=3 s0=PALM(537,2076)* s1=PALM(4599,2196) s2=fng (3331,889) [filtered=7638]
cnt=3 s0=PALM(537,2076)* s1=PALM(4602,2197) s2=fng (3345,893) [filtered=7639]
cnt=3 s0=PALM(537,2076)* s1=PALM(4605,2199) s2=fng (3357,897) [filtered=7640]
cnt=3 s0=PALM(537,2076)* s1=PALM(4607,2200) s2=fng (3369,900) [filtered=7641]
cnt=3 s0=PALM(537,2076)* s1=PALM(4610,2201) s2=fng (3379,902) [filtered=7642]
cnt=3 s0=PALM(537,2076)* s1=PALM(4613,2202) s2=fng (3387,905) [filtered=7643]
cnt=3 s0=PALM(537,2076)* s1=PALM(4616,2203) s2=fng (3395,907) [filtered=7644]
cnt=3 s0=PALM(537,2076)* s1=PALM(4619,2204) s2=fng (3401,909) [filtered=7645]
cnt=3 s0=PALM(537,2076)* s1=PALM(4622,2205) s2=fng (3405,910) [filtered=7646]
cnt=3 s0=PALM(537,2076)* s1=PALM(4624,2206) s2=fng (3409,910) [filtered=7647]
cnt=3 s0=PALM(536,2076)* s1=PALM(4627,2207) s2=fng (3413,911) [filtered=7648]
cnt=3 s0=PALM(536,2076)* s1=PALM(4629,2207) s2=fng (3417,911) [filtered=7649]
cnt=3 s0=PALM(535,2076)* s1=PALM(4631,2208) s2=fng (3419,911) [filtered=7650]
cnt=3 s0=PALM(533,2076)* s1=PALM(4634,2209) s2=fng (3420,911) [filtered=7651]
cnt=3 s0=PALM(532,2076)* s1=PALM(4636,2209) s2=fng (3421,911) [filtered=7652]
cnt=3 s0=PALM(530,2077)* s1=PALM(4637,2210) s2=fng (3421,910) [filtered=7653]
cnt=3 s0=PALM(527,2078) s1=PALM(4639,2211) s2=fng (3417,910) [filtered=7654]
cnt=3 s0=PALM(525,2079) s1=PALM(4640,2211) s2=fng (3413,910) [filtered=7655]
cnt=3 s0=PALM(522,2081) s1=PALM(4641,2212) s2=fng (3408,909) [filtered=7656]
cnt=3 s0=PALM(518,2084) s1=PALM(4643,2212) s2=fng (3403,908) [filtered=7657]
cnt=3 s0=PALM(514,2086) s1=PALM(4644,2212) s2=fng (3398,907) [filtered=7658]
cnt=3 s0=PALM(510,2089) s1=PALM(4646,2213) s2=fng (3392,906) [filtered=7659]
cnt=3 s0=PALM(505,2092) s1=PALM(4647,2214) s2=fng (3385,905) [filtered=7660]
cnt=3 s0=PALM(499,2095) s1=PALM(4648,2214) s2=fng (3376,903) [filtered=7661]
cnt=3 s0=PALM(494,2097) s1=PALM(4649,2214) s2=fng (3367,902) [filtered=7662]
cnt=3 s0=PALM(489,2101) s1=PALM(4650,2215) s2=fng (3356,900) [filtered=7663]
cnt=3 s0=PALM(483,2105) s1=PALM(4651,2215) s2=fng (3344,897) [filtered=7664]
cnt=3 s0=PALM(478,2108) s1=PALM(4651,2215) s2=fng (3333,896) [filtered=7665]
cnt=3 s0=PALM(472,2112) s1=PALM(4652,2215) s2=fng (3319,894) [filtered=7666]
cnt=3 s0=PALM(466,2116) s1=PALM(4652,2215) s2=fng (3304,891) [filtered=7667]
cnt=3 s0=PALM(461,2119) s1=PALM(4652,2215) s2=fng (3290,890) [filtered=7668]
cnt=3 s0=PALM(455,2124) s1=PALM(4652,2215) s2=fng (3275,888) [filtered=7669]
cnt=3 s0=PALM(449,2129) s1=PALM(4652,2215) s2=fng (3259,886) [filtered=7670]
cnt=3 s0=PALM(444,2133) s1=PALM(4652,2215)* s2=fng (3243,885) [filtered=7671]
cnt=3 s0=PALM(439,2138) s1=PALM(4652,2215)* s2=fng (3227,883) [filtered=7672]
cnt=3 s0=PALM(433,2143) s1=PALM(4652,2215)* s2=fng (3211,882) [filtered=7673]
cnt=3 s0=PALM(428,2148) s1=PALM(4652,2215)* s2=fng (3195,880) [filtered=7674]
cnt=3 s0=PALM(424,2153) s1=PALM(4652,2215)* s2=fng (3179,879) [filtered=7675]
cnt=3 s0=PALM(421,2158) s1=PALM(4652,2215)* s2=fng (3163,878) [filtered=7676]
cnt=3 s0=PALM(417,2162) s1=PALM(4652,2215)* s2=fng (3148,877) [filtered=7677]
cnt=3 s0=PALM(414,2165) s1=PALM(4652,2215)* s2=fng (3134,876) [filtered=7678]
cnt=3 s0=PALM(412,2169) s1=PALM(4652,2215)* s2=fng (3119,875) [filtered=7679]
cnt=3 s0=PALM(411,2173) s1=PALM(4652,2215)* s2=fng (3104,874) [filtered=7680]
cnt=3 s0=PALM(412,2176) s1=PALM(4652,2215)* s2=fng (3090,873) [filtered=7681]
cnt=4 s0=PALM(412,2180) s1=PALM(4652,2215)* s2=fng (3076,872) s3=fng (2141,766) [filtered=7682]
cnt=4 s0=PALM(412,2183) s1=PALM(4652,2215)* s2=fng (3062,872) s3=fng (2141,766) [filtered=7683]
cnt=4 s0=PALM(412,2186) s1=PALM(4652,2215)* s2=fng (3050,871) s3=fng (2141,767) [filtered=7684]
cnt=4 s0=PALM(413,2189) s1=PALM(4652,2216)* s2=fng (3038,870) s3=fng (2142,768) [filtered=7685]
cnt=4 s0=PALM(413,2191) s1=PALM(4652,2216)* s2=fng (3026,870) s3=fng (2143,768) [filtered=7686]
cnt=4 s0=PALM(414,2193) s1=PALM(4652,2216)* s2=fng (3014,869) s3=fng (2144,769) [filtered=7687]
cnt=4 s0=PALM(414,2195) s1=PALM(4652,2216)* s2=fng (3002,869) s3=fng (2144,770) [filtered=7688]
cnt=4 s0=PALM(415,2197) s1=PALM(4651,2216)* s2=fng (2990,868) s3=fng (2145,772) [filtered=7689]
cnt=4 s0=PALM(416,2200) s1=PALM(4650,2216)* s2=fng (2978,867) s3=fng (2146,774) [filtered=7690]
cnt=4 s0=PALM(416,2202) s1=PALM(4650,2216)* s2=fng (2966,867) s3=fng (2147,775) [filtered=7691]
cnt=4 s0=PALM(417,2205) s1=PALM(4649,2216)* s2=fng (2954,866) s3=fng (2148,777) [filtered=7692]
cnt=4 s0=PALM(417,2207) s1=PALM(4649,2216)* s2=fng (2942,866) s3=fng (2148,778) [filtered=7693]
cnt=4 s0=PALM(418,2209) s1=PALM(4648,2216)* s2=fng (2930,865) s3=fng (2149,780) [filtered=7694]
cnt=4 s0=PALM(418,2211) s1=PALM(4648,2216)* s2=fng (2918,864) s3=fng (2150,781) [filtered=7695]
cnt=4 s0=PALM(419,2213) s1=PALM(4647,2216)* s2=fng (2906,863) s3=fng (2151,782) [filtered=7696]
cnt=4 s0=PALM(420,2214) s1=PALM(4646,2216)* s2=fng (2895,862) s3=fng (2152,784) [filtered=7697]
cnt=4 s0=PALM(421,2214) s1=PALM(4645,2216)* s2=fng (2884,861) s3=fng (2153,785) [filtered=7698]
cnt=4 s0=PALM(422,2216) s1=PALM(4644,2215)* s2=fng (2874,859) s3=fng (2154,787) [filtered=7699]
cnt=4 s0=PALM(422,2217) s1=PALM(4643,2215)* s2=fng (2864,858) s3=fng (2155,788) [filtered=7700]
cnt=4 s0=PALM(423,2218) s1=PALM(4642,2215)* s2=fng (2854,857) s3=fng (2156,790) [filtered=7701]
cnt=4 s0=PALM(423,2219) s1=PALM(4641,2215)* s2=fng (2844,856) s3=fng (2156,791)* [filtered=7702]
cnt=4 s0=PALM(424,2220) s1=PALM(4640,2215)* s2=fng (2836,854) s3=fng (2156,793)* [filtered=7703]
cnt=4 s0=PALM(425,2221) s1=PALM(4638,2214)* s2=fng (2829,853) s3=fng (2155,795)* [filtered=7704]
cnt=4 s0=PALM(425,2222) s1=PALM(4637,2214)* s2=fng (2822,852) s3=fng (2155,796)* [filtered=7705]
cnt=4 s0=PALM(426,2223) s1=PALM(4636,2214)* s2=fng (2816,851) s3=fng (2153,797)* [filtered=7706]
cnt=4 s0=PALM(426,2224) s1=PALM(4636,2214)* s2=fng (2810,850) s3=fng (2152,798)* [filtered=7707]
cnt=4 s0=PALM(427,2225) s1=PALM(4635,2214)* s2=fng (2806,849) s3=fng (2149,799) [filtered=7708]
cnt=4 s0=PALM(428,2226) s1=PALM(4634,2214)* s2=fng (2804,848) s3=fng (2145,800) [filtered=7709]
cnt=4 s0=PALM(428,2227) s1=PALM(4634,2214)* s2=fng (2802,847) s3=fng (2141,800) [filtered=7710]
cnt=4 s0=PALM(429,2228) s1=PALM(4633,2213)* s2=fng (2801,845) s3=fng (2136,800) [filtered=7711]
cnt=4 s0=PALM(430,2228)* s1=PALM(4633,2213)* s2=fng (2800,844) s3=fng (2132,800) [filtered=7712]
cnt=4 s0=PALM(431,2229)* s1=PALM(4632,2212)* s2=fng (2800,843) s3=fng (2126,800) [filtered=7713]
cnt=4 s0=PALM(431,2230)* s1=PALM(4631,2212)* s2=fng (2803,841) s3=fng (2119,800) [filtered=7714]
cnt=4 s0=PALM(431,2230)* s1=PALM(4631,2212)* s2=fng (2806,840) s3=fng (2113,800) [filtered=7715]
cnt=4 s0=PALM(432,2231)* s1=PALM(4630,2211)* s2=fng (2811,839) s3=fng (2106,800) [filtered=7716]
cnt=4 s0=PALM(432,2231)* s1=PALM(4630,2211)* s2=fng (2816,838) s3=fng (2100,800) [filtered=7717]
cnt=4 s0=PALM(432,2232)* s1=PALM(4630,2211)* s2=fng (2823,836) s3=fng (2091,800) [filtered=7718]
cnt=4 s0=PALM(432,2232)* s1=PALM(4630,2211)* s2=fng (2830,835) s3=fng (2083,800) [filtered=7719]
cnt=4 s0=PALM(432,2232)* s1=PALM(4630,2210)* s2=fng (2839,833) s3=fng (2075,799) [filtered=7720]
cnt=4 s0=PALM(432,2233)* s1=PALM(4630,2209)* s2=fng (2850,831) s3=fng (2066,799) [filtered=7721]
cnt=4 s0=PALM(432,2233)* s1=PALM(4630,2209)* s2=fng (2861,830) s3=fng (2058,799) [filtered=7722]
cnt=4 s0=PALM(432,2233)* s1=PALM(4630,2208)* s2=fng (2873,829) s3=fng (2049,799) [filtered=7723]
cnt=4 s0=PALM(432,2233)* s1=PALM(4630,2208)* s2=fng (2885,828) s3=fng (2041,799) [filtered=7724]
cnt=4 s0=PALM(432,2234)* s1=PALM(4630,2208)* s2=fng (2897,827) s3=fng (2033,798) [filtered=7725]
cnt=4 s0=PALM(432,2234)* s1=PALM(4631,2207)* s2=fng (2910,826) s3=fng (2024,798) [filtered=7726]
cnt=4 s0=PALM(432,2234)* s1=PALM(4631,2207)* s2=fng (2922,825) s3=fng (2016,798) [filtered=7727]
cnt=5 s0=PALM(432,2235)* s1=PALM(4632,2207)* s2=PALM(2935,825) s3=PALM(2009,798) s4=PALM(4645,2202) [filtered=7728]
cnt=5 s0=PALM(432,2235)* s1=PALM(4633,2206)* s2=PALM(2947,825) s3=PALM(2002,798) s4=PALM(4645,2202) [filtered=7729]
cnt=5 s0=PALM(432,2235)* s1=PALM(4633,2206)* s2=PALM(2958,825) s3=PALM(1996,798) s4=PALM(4645,2202) [filtered=7730]
cnt=4 s0=PALM(432,2235)* s2=fng (2969,826) s3=fng (1990,799) s4=PALM(4645,2202) [filtered=7731]
cnt=4 s0=PALM(432,2235)* s2=fng (2979,826) s3=fng (1984,799) s4=PALM(4645,2202) [filtered=7732]
cnt=4 s0=PALM(432,2235)* s2=fng (2988,827) s3=fng (1978,800) s4=PALM(4645,2202) [filtered=7733]
cnt=4 s0=PALM(432,2235)* s2=fng (2996,829) s3=fng (1973,800) s4=PALM(4646,2203) [filtered=7734]
cnt=4 s0=PALM(432,2235)* s2=fng (3004,831) s3=fng (1968,800) s4=PALM(4647,2203) [filtered=7735]
cnt=4 s0=PALM(432,2235)* s2=fng (3011,832) s3=fng (1964,800) s4=PALM(4648,2203) [filtered=7736]
cnt=3 s0=PALM(432,2235)* s3=fng (1959,800) s4=PALM(4649,2204) [filtered=7737]
cnt=3 s0=PALM(432,2236)* s3=fng (1955,800) s4=PALM(4651,2206) [filtered=7738]
cnt=3 s0=PALM(432,2236)* s3=fng (1951,801) s4=PALM(4654,2208) [filtered=7739]
cnt=3 s0=PALM(432,2236)* s3=fng (1948,801) s4=PALM(4656,2209) [filtered=7740]
cnt=3 s0=PALM(432,2237)* s3=fng (1945,801) s4=PALM(4659,2210) [filtered=7741]
cnt=3 s0=PALM(432,2237)* s3=fng (1941,802) s4=PALM(4662,2212) [filtered=7742]
cnt=3 s0=PALM(432,2238)* s3=fng (1938,802) s4=PALM(4665,2214) [filtered=7743]
cnt=3 s0=PALM(432,2238)* s3=fng (1936,802) s4=PALM(4667,2215) [filtered=7744]
cnt=3 s0=PALM(432,2238)* s3=fng (1935,803) s4=PALM(4669,2217) [filtered=7745]
cnt=3 s0=PALM(432,2239)* s3=fng (1934,803) s4=PALM(4671,2219) [filtered=7746]
cnt=3 s0=PALM(432,2239)* s3=fng (1933,803) s4=PALM(4673,2221) [filtered=7747]
cnt=3 s0=PALM(432,2239)* s3=fng (1932,803) s4=PALM(4674,2222) [filtered=7748]
cnt=3 s0=PALM(432,2240)* s3=fng (1932,803) s4=PALM(4676,2223) [filtered=7749]
cnt=3 s0=PALM(432,2240)* s3=fng (1933,803) s4=PALM(4678,2225) [filtered=7750]
cnt=3 s0=PALM(432,2241)* s3=fng (1935,803) s4=PALM(4680,2226) [filtered=7751]
cnt=3 s0=PALM(432,2241)* s3=fng (1936,803) s4=PALM(4681,2227) [filtered=7752]
cnt=3 s0=PALM(432,2241)* s3=fng (1938,802) s4=PALM(4683,2228) [filtered=7753]
cnt=3 s0=PALM(433,2242)* s3=fng (1942,802) s4=PALM(4685,2229) [filtered=7754]
cnt=3 s0=PALM(434,2242)* s3=fng (1946,801) s4=PALM(4686,2231) [filtered=7755]
cnt=3 s0=PALM(434,2242)* s3=fng (1950,801) s4=PALM(4687,2232) [filtered=7756]
cnt=3 s0=PALM(435,2243)* s3=fng (1955,801) s4=PALM(4689,2233) [filtered=7757]
cnt=3 s0=PALM(435,2244)* s3=fng (1961,800) s4=PALM(4691,2235) [filtered=7758]
cnt=3 s0=PALM(436,2244)* s3=fng (1968,799) s4=PALM(4693,2237) [filtered=7759]
cnt=3 s0=PALM(436,2244)* s3=fng (1974,799) s4=PALM(4694,2238) [filtered=7760]
cnt=3 s0=PALM(437,2245)* s3=fng (1981,798) s4=PALM(4695,2239) [filtered=7761]
cnt=3 s0=PALM(438,2245)* s3=fng (1988,797) s4=PALM(4696,2240) [filtered=7762]
cnt=3 s0=PALM(439,2246)* s3=fng (1995,796) s4=PALM(4697,2241) [filtered=7763]
cnt=3 s0=PALM(440,2246)* s3=fng (2001,796) s4=PALM(4698,2241) [filtered=7764]
cnt=3 s0=PALM(441,2247)* s3=fng (2008,795) s4=PALM(4699,2241) [filtered=7765]
cnt=3 s0=PALM(442,2247)* s3=fng (2014,794) s4=PALM(4699,2241) [filtered=7766]
cnt=3 s0=PALM(443,2247)* s3=fng (2019,793) s4=PALM(4699,2241) [filtered=7767]
cnt=3 s0=PALM(443,2247)* s3=fng (2023,792) s4=PALM(4699,2241) [filtered=7768]
cnt=3 s0=PALM(444,2247)* s3=fng (2027,791) s4=PALM(4699,2241) [filtered=7769]
cnt=4 s0=PALM(445,2247)* s1=fng (3205,851) s3=fng (2031,790) s4=PALM(4698,2240) [filtered=7770]
cnt=4 s0=PALM(445,2247)* s1=fng (3205,851) s3=fng (2034,790) s4=PALM(4698,2240) [filtered=7771]
cnt=4 s0=PALM(446,2247)* s1=fng (3206,851) s3=fng (2035,790) s4=PALM(4697,2239) [filtered=7772]
cnt=4 s0=PALM(447,2247)* s1=fng (3207,851) s3=fng (2035,789) s4=PALM(4696,2238) [filtered=7773]
cnt=4 s0=PALM(447,2247)* s1=fng (3207,851) s3=fng (2035,789) s4=PALM(4696,2237) [filtered=7774]
cnt=4 s0=PALM(447,2247)* s1=fng (3208,851) s3=fng (2031,789) s4=PALM(4696,2236) [filtered=7775]
cnt=4 s0=PALM(448,2247)* s1=fng (3212,852) s3=fng (2025,788) s4=PALM(4695,2235) [filtered=7776]
cnt=4 s0=PALM(448,2247)* s1=fng (3214,852) s3=fng (2020,788) s4=PALM(4695,2235) [filtered=7777]
cnt=4 s0=PALM(448,2247)* s1=fng (3218,853) s3=fng (2013,788) s4=PALM(4695,2234) [filtered=7778]
cnt=4 s0=PALM(448,2247)* s1=fng (3221,854) s3=fng (2007,788) s4=PALM(4695,2234)* [filtered=7779]
cnt=4 s0=PALM(448,2247)* s1=fng (3226,855) s3=fng (1998,788) s4=PALM(4695,2234)* [filtered=7780]
cnt=4 s0=PALM(448,2247)* s1=fng (3233,857) s3=fng (1987,788) s4=PALM(4695,2233)* [filtered=7781]
cnt=4 s0=PALM(448,2247)* s1=fng (3240,858) s3=fng (1976,788) s4=PALM(4695,2233)* [filtered=7782]
cnt=4 s0=PALM(448,2247)* s1=fng (3248,860) s3=fng (1963,788) s4=PALM(4695,2233)* [filtered=7783]
cnt=4 s0=PALM(448,2247)* s1=fng (3257,863) s3=fng (1948,788) s4=PALM(4695,2232)* [filtered=7784]
cnt=4 s0=PALM(448,2247)* s1=fng (3266,864) s3=fng (1933,788) s4=PALM(4695,2232)* [filtered=7785]
cnt=4 s0=PALM(448,2247)* s1=fng (3275,866) s3=fng (1918,788) s4=PALM(4695,2232)* [filtered=7786]
cnt=4 s0=PALM(448,2247)* s1=fng (3283,869) s3=fng (1904,788) s4=PALM(4695,2231)* [filtered=7787]
cnt=4 s0=PALM(448,2247)* s1=fng (3291,870) s3=fng (1890,788) s4=PALM(4695,2231)* [filtered=7788]
cnt=4 s0=PALM(448,2247)* s1=fng (3299,872) s3=fng (1876,789) s4=PALM(4695,2230)* [filtered=7789]
cnt=4 s0=PALM(448,2247)* s1=fng (3306,873) s3=fng (1863,789) s4=PALM(4695,2230)* [filtered=7790]
cnt=4 s0=PALM(448,2247)* s1=fng (3313,875) s3=fng (1850,789) s4=PALM(4695,2230)* [filtered=7791]
cnt=4 s0=PALM(448,2247)* s1=fng (3320,877) s3=fng (1837,790) s4=PALM(4695,2229)* [filtered=7792]
cnt=4 s0=PALM(448,2247)* s1=fng (3326,878) s3=fng (1825,790) s4=PALM(4695,2229)* [filtered=7793]
cnt=4 s0=PALM(448,2246)* s1=fng (3331,880) s3=fng (1815,790) s4=PALM(4695,2229)* [filtered=7794]
cnt=4 s0=PALM(448,2245)* s1=fng (3337,882) s3=fng (1805,791) s4=PALM(4695,2228)* [filtered=7795]
cnt=4 s0=PALM(448,2245)* s1=fng (3342,883) s3=fng (1796,791) s4=PALM(4695,2228)* [filtered=7796]
cnt=4 s0=PALM(447,2245)* s1=fng (3346,884) s3=fng (1788,791) s4=PALM(4695,2228)* [filtered=7797]
cnt=4 s0=PALM(447,2245)* s1=fng (3350,884) s3=fng (1780,791) s4=PALM(4695,2228)* [filtered=7798]
cnt=4 s0=PALM(447,2245)* s1=fng (3354,885) s3=fng (1773,791) s4=PALM(4695,2228)* [filtered=7799]
cnt=4 s0=PALM(446,2245)* s1=fng (3357,886) s3=fng (1767,791) s4=PALM(4695,2228)* [filtered=7800]
cnt=4 s0=PALM(446,2245)* s1=fng (3360,886) s3=fng (1761,791) s4=PALM(4695,2228)* [filtered=7801]
cnt=4 s0=PALM(445,2245)* s1=fng (3362,886) s3=fng (1756,790) s4=PALM(4695,2228)* [filtered=7802]
cnt=4 s0=PALM(445,2245)* s1=fng (3362,886) s3=fng (1753,790) s4=PALM(4695,2228)* [filtered=7803]
cnt=4 s0=PALM(445,2245)* s1=fng (3362,886) s3=fng (1750,790) s4=PALM(4695,2228)* [filtered=7804]
cnt=4 s0=PALM(444,2245)* s1=fng (3362,885) s3=fng (1749,789) s4=PALM(4695,2228)* [filtered=7805]
cnt=4 s0=PALM(444,2245)* s1=fng (3358,884) s3=fng (1752,788) s4=PALM(4695,2228)* [filtered=7806]
cnt=4 s0=PALM(444,2245)* s1=fng (3356,883) s3=fng (1755,788) s4=PALM(4695,2228)* [filtered=7807]
cnt=4 s0=PALM(443,2245)* s1=fng (3352,881) s3=fng (1760,787) s4=PALM(4695,2228)* [filtered=7808]
cnt=4 s0=PALM(443,2245)* s1=fng (3346,879) s3=fng (1766,786) s4=PALM(4695,2228)* [filtered=7809]
cnt=4 s0=PALM(443,2245)* s1=fng (3341,878) s3=fng (1771,785) s4=PALM(4695,2228)* [filtered=7810]
cnt=4 s0=PALM(442,2245)* s1=fng (3333,875) s3=fng (1781,783) s4=PALM(4695,2228)* [filtered=7811]
cnt=4 s0=PALM(442,2245)* s1=fng (3321,872) s3=fng (1793,781) s4=PALM(4695,2228)* [filtered=7812]
cnt=4 s0=PALM(442,2245)* s1=fng (3310,870) s3=fng (1804,780) s4=PALM(4695,2228)* [filtered=7813]
cnt=4 s0=PALM(442,2245)* s1=fng (3296,866) s3=fng (1819,778) s4=PALM(4694,2228)* [filtered=7814]
cnt=4 s0=PALM(442,2245)* s1=fng (3278,862) s3=fng (1838,776) s4=PALM(4693,2228)* [filtered=7815]
cnt=4 s0=PALM(442,2245)* s1=fng (3260,859) s3=fng (1856,775) s4=PALM(4693,2228)* [filtered=7816]
cnt=4 s0=PALM(442,2245)* s1=fng (3239,855) s3=fng (1876,773) s4=PALM(4692,2228)* [filtered=7817]
cnt=4 s0=PALM(442,2245)* s1=fng (3217,851) s3=fng (1897,771) s4=PALM(4691,2228)* [filtered=7818]
cnt=4 s0=PALM(442,2245)* s1=fng (3195,848) s3=fng (1918,770) s4=PALM(4690,2228)* [filtered=7819]
cnt=4 s0=PALM(443,2245)* s1=fng (3172,845) s3=fng (1939,769) s4=PALM(4689,2228)* [filtered=7820]
cnt=4 s0=PALM(443,2245)* s1=fng (3149,842) s3=fng (1959,768) s4=PALM(4688,2228)* [filtered=7821]
cnt=4 s0=PALM(443,2245)* s1=fng (3126,840) s3=fng (1979,767) s4=PALM(4687,2228)* [filtered=7822]
cnt=4 s0=PALM(444,2245)* s1=fng (3104,839) s3=fng (1998,767) s4=PALM(4686,2228)* [filtered=7823]
cnt=4 s0=PALM(444,2245)* s1=fng (3083,838) s3=fng (2016,766) s4=PALM(4684,2228)* [filtered=7824]
cnt=4 s0=PALM(444,2245)* s1=fng (3062,837) s3=fng (2034,766) s4=PALM(4683,2228)* [filtered=7825]
cnt=4 s0=PALM(445,2245)* s1=fng (3042,838) s3=fng (2051,766) s4=PALM(4681,2228)* [filtered=7826]
cnt=4 s0=PALM(445,2245)* s1=fng (3023,838) s3=fng (2067,766) s4=PALM(4680,2228)* [filtered=7827]
cnt=4 s0=PALM(446,2245)* s1=fng (3005,838) s3=fng (2082,765) s4=PALM(4679,2228)* [filtered=7828]
cnt=4 s0=PALM(447,2245)* s1=fng (2990,837) s3=fng (2095,764) s4=PALM(4677,2228)* [filtered=7829]
cnt=4 s0=PALM(447,2245)* s1=fng (2976,837) s3=fng (2107,764) s4=PALM(4676,2228)* [filtered=7830]
cnt=4 s0=PALM(448,2245)* s1=fng (2964,837) s3=fng (2118,764) s4=PALM(4675,2228)* [filtered=7831]
cnt=4 s0=PALM(448,2245)* s1=fng (2953,837) s3=fng (2127,764) s4=PALM(4674,2228)* [filtered=7832]
cnt=4 s0=PALM(448,2245)* s1=fng (2943,837) s3=fng (2135,764) s4=PALM(4674,2228)* [filtered=7833]
cnt=4 s0=PALM(449,2245)* s1=fng (2937,837) s3=fng (2141,764) s4=PALM(4673,2228)* [filtered=7834]
cnt=4 s0=PALM(449,2245)* s1=fng (2934,836) s3=fng (2143,763) s4=PALM(4672,2228)* [filtered=7835]
cnt=4 s0=PALM(449,2245)* s1=fng (2931,836) s3=fng (2145,763) s4=PALM(4671,2228)* [filtered=7836]
cnt=4 s0=PALM(450,2245)* s1=fng (2931,836) s3=fng (2145,762) s4=PALM(4670,2228)* [filtered=7837]
cnt=4 s0=PALM(450,2245)* s1=fng (2934,836) s3=fng (2141,761) s4=PALM(4669,2228)* [filtered=7838]
cnt=4 s0=PALM(450,2245)* s1=fng (2937,836) s3=fng (2137,760) s4=PALM(4669,2228)* [filtered=7839]
cnt=4 s0=PALM(451,2245)* s1=fng (2941,836) s3=fng (2132,759) s4=PALM(4668,2228)* [filtered=7840]
cnt=4 s0=PALM(452,2245)* s1=fng (2946,836) s3=fng (2127,758) s4=PALM(4667,2228)* [filtered=7841]
cnt=4 s0=PALM(452,2245)* s1=fng (2951,836) s3=fng (2123,758) s4=PALM(4667,2228)* [filtered=7842]
cnt=4 s0=PALM(452,2245)* s1=fng (2955,836) s3=fng (2118,757) s4=PALM(4666,2228)* [filtered=7843]
cnt=4 s0=PALM(452,2245)* s1=fng (2958,836) s3=fng (2114,757) s4=PALM(4666,2228)* [filtered=7844]
cnt=4 s0=PALM(453,2245)* s1=fng (2962,836) s3=fng (2108,756) s4=PALM(4666,2228)* [filtered=7845]
cnt=4 s0=PALM(453,2245)* s1=fng (2968,836) s3=fng (2101,755) s4=PALM(4666,2228)* [filtered=7846]
cnt=4 s0=PALM(453,2245)* s1=fng (2973,836) s3=fng (2094,755) s4=PALM(4666,2228)* [filtered=7847]
cnt=4 s0=PALM(454,2245)* s1=fng (2980,836) s3=fng (2086,754) s4=PALM(4665,2228)* [filtered=7848]
cnt=4 s0=PALM(454,2245)* s1=fng (2988,836) s3=fng (2078,753) s4=PALM(4665,2228)* [filtered=7849]
cnt=4 s0=PALM(454,2245)* s1=fng (2996,836) s3=fng (2070,753) s4=PALM(4665,2228)* [filtered=7850]
cnt=4 s0=PALM(454,2245)* s1=fng (3005,836) s3=fng (2061,752) s4=PALM(4665,2228)* [filtered=7851]
cnt=4 s0=PALM(454,2245)* s1=fng (3015,836) s3=fng (2052,752) s4=PALM(4665,2227)* [filtered=7852]
cnt=4 s0=PALM(454,2245)* s1=fng (3025,836) s3=fng (2044,752) s4=PALM(4665,2227)* [filtered=7853]
cnt=4 s0=PALM(454,2245)* s1=fng (3036,837) s3=fng (2035,752) s4=PALM(4665,2227)* [filtered=7854]
cnt=4 s0=PALM(454,2245)* s1=fng (3048,838) s3=fng (2027,752) s4=PALM(4665,2227)* [filtered=7855]
cnt=4 s0=PALM(454,2245)* s1=fng (3060,838) s3=fng (2020,752) s4=PALM(4665,2227)* [filtered=7856]
cnt=4 s0=PALM(454,2245)* s1=fng (3074,839) s3=fng (2013,752) s4=PALM(4665,2226)* [filtered=7857]
cnt=4 s0=PALM(454,2245)* s1=fng (3087,839) s3=fng (2007,752) s4=PALM(4665,2226)* [filtered=7858]
cnt=4 s0=PALM(454,2245)* s1=fng (3103,841) s3=fng (1999,752) s4=PALM(4665,2226)* [filtered=7859]
cnt=4 s0=PALM(454,2245)* s1=fng (3118,842) s3=fng (1992,752) s4=PALM(4665,2226)* [filtered=7860]
cnt=4 s0=PALM(454,2245)* s1=fng (3134,844) s3=fng (1985,752) s4=PALM(4665,2225)* [filtered=7861]
cnt=4 s0=PALM(454,2244)* s1=fng (3153,847) s3=fng (1976,752) s4=PALM(4665,2225)* [filtered=7862]
cnt=4 s0=PALM(454,2244)* s1=fng (3171,849) s3=fng (1968,752) s4=PALM(4665,2225)* [filtered=7863]
cnt=4 s0=PALM(454,2244)* s1=fng (3190,852) s3=fng (1960,753) s4=PALM(4665,2224)* [filtered=7864]
cnt=4 s0=PALM(454,2244)* s1=fng (3208,854) s3=fng (1952,753) s4=PALM(4665,2224)* [filtered=7865]
cnt=4 s0=PALM(453,2243)* s1=fng (3225,856) s3=fng (1944,753) s4=PALM(4665,2223)* [filtered=7866]
cnt=4 s0=PALM(453,2243)* s1=fng (3242,858) s3=fng (1936,753) s4=PALM(4665,2223)* [filtered=7867]
cnt=4 s0=PALM(453,2242)* s1=fng (3258,861) s3=fng (1928,754) s4=PALM(4665,2223)* [filtered=7868]
cnt=4 s0=PALM(452,2242)* s1=fng (3272,864) s3=fng (1920,754) s4=PALM(4665,2223)* [filtered=7869]
cnt=4 s0=PALM(452,2242)* s1=fng (3286,866) s3=fng (1912,754) s4=PALM(4665,2223)* [filtered=7870]
cnt=4 s0=PALM(452,2241)* s1=fng (3299,869) s3=fng (1905,754) s4=PALM(4665,2223)* [filtered=7871]
cnt=4 s0=PALM(452,2241)* s1=fng (3312,871) s3=fng (1898,754) s4=PALM(4665,2223)* [filtered=7872]
cnt=4 s0=PALM(451,2241)* s1=fng (3323,874) s3=fng (1892,754) s4=PALM(4665,2223)* [filtered=7873]
cnt=4 s0=PALM(450,2240)* s1=fng (3333,876) s3=fng (1886,754) s4=PALM(4666,2223)* [filtered=7874]
cnt=4 s0=PALM(450,2240)* s1=fng (3343,877) s3=fng (1880,754) s4=PALM(4666,2223)* [filtered=7875]
cnt=4 s0=PALM(450,2240)* s1=fng (3351,878) s3=fng (1875,754) s4=PALM(4667,2223)* [filtered=7876]
cnt=4 s0=PALM(450,2240)* s1=fng (3359,879) s3=fng (1870,754) s4=PALM(4667,2223)* [filtered=7877]
cnt=4 s0=PALM(449,2239)* s1=fng (3366,880) s3=fng (1866,754) s4=PALM(4668,2223)* [filtered=7878]
cnt=4 s0=PALM(448,2238)* s1=fng (3372,880) s3=fng (1862,753) s4=PALM(4669,2223)* [filtered=7879]
cnt=4 s0=PALM(448,2238)* s1=fng (3378,880) s3=fng (1858,753) s4=PALM(4669,2223)* [filtered=7880]
cnt=4 s0=PALM(447,2238)* s1=fng (3382,880) s3=fng (1856,752) s4=PALM(4669,2223)* [filtered=7881]
cnt=4 s0=PALM(446,2238)* s1=fng (3385,879) s3=fng (1856,751) s4=PALM(4669,2223)* [filtered=7882]
cnt=4 s0=PALM(446,2238)* s1=fng (3388,879) s3=fng (1856,751) s4=PALM(4669,2223)* [filtered=7883]
cnt=4 s0=PALM(445,2238)* s1=fng (3390,877) s3=fng (1859,750) s4=PALM(4669,2223)* [filtered=7884]
cnt=4 s0=PALM(445,2238)* s1=fng (3392,876) s3=fng (1862,749) s4=PALM(4669,2223)* [filtered=7885]
cnt=4 s0=PALM(444,2238)* s1=fng (3392,874) s3=fng (1867,748) s4=PALM(4669,2223)* [filtered=7886]
cnt=4 s0=PALM(443,2238)* s1=fng (3389,872) s3=fng (1874,747) s4=PALM(4669,2223)* [filtered=7887]
cnt=4 s0=PALM(443,2238)* s1=fng (3386,871) s3=fng (1880,747) s4=PALM(4669,2223)* [filtered=7888]
cnt=4 s0=PALM(442,2238)* s1=fng (3382,869) s3=fng (1888,746) s4=PALM(4669,2223)* [filtered=7889]
cnt=4 s0=PALM(442,2238)* s1=fng (3378,868) s3=fng (1895,745) s4=PALM(4669,2223)* [filtered=7890]
cnt=4 s0=PALM(441,2238)* s1=fng (3372,866) s3=fng (1904,744) s4=PALM(4669,2223)* [filtered=7891]
cnt=4 s0=PALM(441,2238)* s1=fng (3365,863) s3=fng (1916,743) s4=PALM(4669,2223)* [filtered=7892]
cnt=4 s0=PALM(441,2238)* s1=fng (3358,861) s3=fng (1927,743) s4=PALM(4669,2223)* [filtered=7893]
cnt=4 s0=PALM(441,2238)* s1=fng (3351,859) s3=fng (1939,742) s4=PALM(4669,2223)* [filtered=7894]
cnt=4 s0=PALM(441,2238)* s1=fng (3344,856) s3=fng (1952,741) s4=PALM(4669,2223)* [filtered=7895]
cnt=4 s0=PALM(441,2238)* s1=fng (3337,854) s3=fng (1964,740) s4=PALM(4669,2223)* [filtered=7896]
cnt=4 s0=PALM(441,2238)* s1=fng (3332,853) s3=fng (1975,740) s4=PALM(4669,2223)* [filtered=7897]
cnt=4 s0=PALM(441,2238)* s1=fng (3327,852) s3=fng (1985,740) s4=PALM(4669,2223)* [filtered=7898]
cnt=4 s0=PALM(441,2238)* s1=fng (3324,851) s3=fng (1994,739) s4=PALM(4669,2223)* [filtered=7899]
cnt=4 s0=PALM(441,2238)* s1=fng (3325,850) s3=fng (2000,738) s4=PALM(4669,2223)* [filtered=7900]
cnt=4 s0=PALM(441,2238)* s1=fng (3326,850) s3=fng (2005,737) s4=PALM(4669,2223)* [filtered=7901]
cnt=4 s0=PALM(441,2238)* s1=fng (3331,849) s3=fng (2006,736) s4=PALM(4669,2223)* [filtered=7902]
cnt=4 s0=PALM(441,2238)* s1=fng (3335,849) s3=fng (2007,736) s4=PALM(4669,2223)* [filtered=7903]
cnt=4 s0=PALM(441,2238)* s1=fng (3343,849) s3=fng (2003,735) s4=PALM(4669,2222)* [filtered=7904]
cnt=4 s0=PALM(441,2238)* s1=fng (3350,849) s3=fng (1999,734) s4=PALM(4669,2222)* [filtered=7905]
cnt=4 s0=PALM(441,2238)* s1=fng (3361,849) s3=fng (1993,733) s4=PALM(4669,2222)* [filtered=7906]
cnt=4 s0=PALM(441,2238)* s1=fng (3375,849) s3=fng (1984,732) s4=PALM(4669,2221)* [filtered=7907]
cnt=4 s0=PALM(441,2238)* s1=fng (3388,849) s3=fng (1976,732) s4=PALM(4669,2221)* [filtered=7908]
cnt=4 s0=PALM(441,2238)* s1=fng (3405,849) s3=fng (1965,732) s4=PALM(4670,2221)* [filtered=7909]
cnt=4 s0=PALM(441,2238)* s1=fng (3421,849) s3=fng (1954,732) s4=PALM(4670,2221)* [filtered=7910]
cnt=4 s0=PALM(441,2238)* s1=fng (3440,850) s3=fng (1940,732) s4=PALM(4671,2220)* [filtered=7911]
cnt=4 s0=PALM(441,2237)* s1=fng (3460,850) s3=fng (1923,732) s4=PALM(4672,2219)* [filtered=7912]
cnt=4 s0=PALM(441,2237)* s1=fng (3479,850) s3=fng (1906,732) s4=PALM(4672,2219)* [filtered=7913]
cnt=4 s0=PALM(441,2237)* s1=fng (3498,850) s3=fng (1889,732) s4=PALM(4673,2219)* [filtered=7914]
cnt=4 s0=PALM(441,2237)* s1=fng (3516,850) s3=fng (1873,732) s4=PALM(4674,2219)* [filtered=7915]
cnt=4 s0=PALM(441,2236)* s1=fng (3534,850) s3=fng (1855,731) s4=PALM(4675,2218)* [filtered=7916]
cnt=4 s0=PALM(441,2236)* s1=fng (3551,849) s3=fng (1837,729) s4=PALM(4676,2218)* [filtered=7917]
cnt=4 s0=PALM(441,2236)* s1=fng (3567,848) s3=fng (1820,728) s4=PALM(4676,2218)* [filtered=7918]
cnt=4 s0=PALM(441,2235)* s1=fng (3583,846) s3=fng (1803,726) s4=PALM(4677,2217)* [filtered=7919]
cnt=4 s0=PALM(441,2235)* s1=fng (3599,845) s3=fng (1787,725) s4=PALM(4677,2217)* [filtered=7920]
cnt=4 s0=PALM(441,2234)* s1=fng (3613,842) s3=fng (1771,722) s4=PALM(4678,2217)* [filtered=7921]
cnt=4 s0=PALM(440,2234)* s1=fng (3626,839) s3=fng (1756,719) s4=PALM(4679,2216)* [filtered=7922]
cnt=4 s0=PALM(439,2234)* s1=fng (3639,837) s3=fng (1742,717) s4=PALM(4680,2216)* [filtered=7923]
cnt=4 s0=PALM(438,2233)* s1=fng (3651,835) s3=fng (1730,715) s4=PALM(4682,2216)* [filtered=7924]
cnt=3 s0=PALM(436,2233)* s1=fng (3661,832) s4=PALM(4684,2216)* [filtered=7925]
cnt=2 s0=PALM(431,2232) s4=PALM(4687,2217) [filtered=7926]
cnt=2 s0=PALM(425,2231) s4=PALM(4690,2218) [filtered=7927]
cnt=2 s0=PALM(420,2230) s4=PALM(4693,2218) [filtered=7928]
cnt=2 s0=PALM(414,2230) s4=PALM(4696,2219) [filtered=7929]
cnt=2 s0=PALM(408,2229) s4=PALM(4699,2220) [filtered=7930]
cnt=2 s0=PALM(401,2229) s4=PALM(4703,2222) [filtered=7931]
cnt=2 s0=PALM(394,2229) s4=PALM(4708,2224) [filtered=7932]
cnt=2 s0=PALM(388,2229) s4=PALM(4711,2225) [filtered=7933]
cnt=2 s0=PALM(382,2229) s4=PALM(4715,2227) [filtered=7934]
cnt=2 s0=PALM(377,2229) s4=PALM(4719,2230) [filtered=7935]
cnt=1 s0=fng (372,2229) [filtered=7935]
cnt=1 s0=fng (367,2229) [filtered=7935]
cnt=1 s0=fng (363,2229) [filtered=7935]
cnt=1 s0=fng (360,2229) [filtered=7935]
cnt=1 s0=fng (355,2229) [filtered=7935]
cnt=1 s0=fng (350,2228) [filtered=7935]
cnt=1 s0=fng (346,2227) [filtered=7935]
cnt=1 s0=fng (342,2226) [filtered=7935]
cnt=1 s0=fng (340,2228) [filtered=7935]
cnt=1 s0=fng (340,2228) [filtered=7935]
cnt=1 s0=fng (4513,1853) [filtered=7935]
cnt=1 s0=fng (4513,1853) [filtered=7935]
cnt=1 s0=fng (4513,1853) [filtered=7935]
cnt=1 s0=fng (4513,1853) [filtered=7935]
cnt=1 s0=fng (4513,1853) [filtered=7935]
cnt=1 s0=fng (4513,1853) [filtered=7935]
cnt=1 s0=fng (4513,1853) [filtered=7935]
cnt=1 s0=fng (4513,1853) [filtered=7935]
cnt=1 s0=fng (4513,1853) [filtered=7935]
cnt=1 s0=fng (4513,1853) [filtered=7935]
cnt=1 s0=fng (4513,1853) [filtered=7935]
cnt=1 s0=fng (4513,1853) [filtered=7935]
cnt=1 s0=fng (4513,1853) [filtered=7935]
cnt=1 s0=fng (4513,1853) [filtered=7935]
cnt=1 s0=fng (4513,1853) [filtered=7935]
cnt=1 s0=fng (4513,1853) [filtered=7935]
cnt=1 s0=fng (4513,1853) [filtered=7935]
cnt=1 s0=fng (4513,1853) [filtered=7935]
cnt=1 s0=fng (4513,1853) [filtered=7935]
cnt=1 s0=fng (4513,1853) [filtered=7935]
cnt=1 s0=fng (4513,1853)* [filtered=7935]
cnt=1 s0=fng (4513,1853)* [filtered=7935]
cnt=1 s0=fng (4513,1853)* [filtered=7935]
cnt=1 s0=fng (4513,1853)* [filtered=7935]
cnt=1 s0=fng (4513,1853)* [filtered=7935]
cnt=1 s0=fng (4513,1853)* [filtered=7935]
cnt=1 s0=fng (4513,1853)* [filtered=7935]
cnt=1 s0=fng (4513,1853)* [filtered=7935]
cnt=1 s0=fng (4513,1853)* [filtered=7935]
cnt=1 s0=fng (4513,1853)* [filtered=7935]
cnt=1 s0=fng (4513,1853)* [filtered=7935]
cnt=1 s0=fng (4513,1853)* [filtered=7935]
cnt=1 s0=fng (4513,1853)* [filtered=7935]
cnt=1 s0=fng (4513,1853)* [filtered=7935]
cnt=1 s0=fng (4513,1853)* [filtered=7935]
cnt=1 s0=fng (4513,1853)* [filtered=7935]
cnt=1 s0=fng (4513,1853)* [filtered=7935]
cnt=1 s0=fng (4513,1853)* [filtered=7935]
cnt=1 s0=fng (4513,1853)* [filtered=7935]
cnt=1 s0=fng (4513,1853)* [filtered=7935]
cnt=1 s0=fng (4513,1853)* [filtered=7935]
cnt=1 s0=fng (4513,1853)* [filtered=7935]
cnt=1 s0=fng (4513,1853)* [filtered=7935]
cnt=1 s0=fng (4513,1853)* [filtered=7935]
cnt=1 s0=fng (4513,1853)* [filtered=7935]
cnt=1 s0=fng (4513,1853)* [filtered=7935]
cnt=1 s0=fng (4513,1853)* [filtered=7935]
cnt=1 s0=fng (4513,1853)* [filtered=7935]
cnt=1 s0=fng (4513,1853)* [filtered=7935]
cnt=1 s0=fng (4513,1853)* [filtered=7935]
cnt=1 s0=fng (4513,1853)* [filtered=7935]
cnt=1 s0=fng (4513,1853)* [filtered=7935]
cnt=1 s0=fng (4513,1853)* [filtered=7935]
cnt=1 s0=fng (4513,1853)* [filtered=7935]
cnt=1 s0=fng (4513,1853)* [filtered=7935]
cnt=1 s0=fng (4513,1853)* [filtered=7935]
cnt=1 s0=fng (4513,1853)* [filtered=7935]
cnt=1 s0=fng (4513,1853)* [filtered=7935]
cnt=1 s0=fng (4513,1853)* [filtered=7935]
cnt=1 s0=fng (4513,1853)* [filtered=7935]
cnt=1 s0=fng (4513,1853)* [filtered=7935]
cnt=1 s0=fng (4513,1853)* [filtered=7935]
cnt=1 s0=fng (4513,1853)* [filtered=7935]
cnt=1 s0=fng (4513,1853)* [filtered=7935]
cnt=1 s0=fng (4513,1853)* [filtered=7935]
cnt=1 s0=fng (4513,1853)* [filtered=7935]
cnt=1 s0=fng (4513,1853)* [filtered=7935]
cnt=1 s0=fng (4513,1853)* [filtered=7935]
cnt=1 s0=fng (4513,1853)* [filtered=7935]
cnt=1 s0=fng (4513,1853)* [filtered=7935]
cnt=1 s0=fng (4513,1853)* [filtered=7935]
cnt=1 s0=fng (4513,1853)* [filtered=7935]
cnt=1 s0=fng (4513,1853)* [filtered=7935]
cnt=1 s0=fng (4513,1853)* [filtered=7935]
cnt=1 s0=fng (4513,1853)* [filtered=7935]
cnt=1 s0=fng (4513,1853)* [filtered=7935]
cnt=1 s0=fng (4513,1853)* [filtered=7935]
cnt=1 s0=fng (4513,1853)* [filtered=7935]
cnt=1 s0=fng (4513,1853)* [filtered=7935]
cnt=1 s0=fng (4513,1853)* [filtered=7935]
cnt=1 s0=fng (4513,1853)* [filtered=7935]
cnt=1 s0=fng (4513,1853)* [filtered=7935]
cnt=1 s0=fng (4513,1853)* [filtered=7935]
cnt=1 s0=fng (4513,1853)* [filtered=7935]
cnt=1 s0=fng (4513,1853)* [filtered=7935]
cnt=1 s0=fng (4513,1853)* [filtered=7935]
cnt=1 s0=fng (4513,1853)* [filtered=7935]
cnt=1 s0=fng (4513,1853)* [filtered=7935]
cnt=1 s0=fng (4513,1853)* [filtered=7935]
cnt=1 s0=fng (4513,1853)* [filtered=7935]
cnt=1 s0=fng (4513,1853)* [filtered=7935]
cnt=1 s0=fng (4513,1853)* [filtered=7935]
cnt=1 s0=fng (4513,1853)* [filtered=7935]
cnt=1 s0=fng (4513,1853)* [filtered=7935]
cnt=1 s0=fng (4513,1853)* [filtered=7935]
cnt=1 s0=fng (4513,1853)* [filtered=7935]
cnt=1 s0=fng (4513,1853)* [filtered=7935]
cnt=1 s0=fng (4513,1853)* [filtered=7935]
cnt=1 s0=fng (4513,1853)* [filtered=7935]
cnt=1 s0=fng (4513,1853)* [filtered=7935]
cnt=1 s0=fng (4513,1853)* [filtered=7935]
cnt=1 s0=fng (4513,1853)* [filtered=7935]
cnt=1 s0=fng (4513,1853)* [filtered=7935]
cnt=1 s0=fng (4513,1853)* [filtered=7935]
cnt=1 s0=fng (4513,1853)* [filtered=7935]
cnt=1 s0=fng (4513,1853)* [filtered=7935]
cnt=1 s0=fng (4513,1853)* [filtered=7935]
cnt=1 s0=fng (4513,1853)* [filtered=7935]
cnt=1 s0=fng (4513,1853)* [filtered=7935]
cnt=1 s0=fng (4513,1853)* [filtered=7935]
cnt=1 s0=fng (4513,1853)* [filtered=7935]
cnt=1 s0=fng (4513,1853)* [filtered=7935]
cnt=1 s0=fng (4513,1853)* [filtered=7935]
cnt=1 s0=fng (4513,1853)* [filtered=7935]
cnt=1 s0=fng (4513,1853)* [filtered=7935]
cnt=1 s0=fng (4513,1853)* [filtered=7935]
cnt=1 s0=fng (4513,1853)* [filtered=7935]
cnt=1 s0=fng (4513,1853)* [filtered=7935]
cnt=1 s0=fng (4513,1853)* [filtered=7935]
cnt=1 s0=fng (4513,1853)* [filtered=7935]
cnt=1 s0=fng (4513,1853)* [filtered=7935]
cnt=1 s0=fng (4513,1853)* [filtered=7935]
cnt=1 s0=fng (4513,1853)* [filtered=7935]
cnt=1 s0=fng (4513,1853)* [filtered=7935]
cnt=1 s0=fng (4513,1853)* [filtered=7935]
cnt=1 s0=fng (4513,1853)* [filtered=7935]
cnt=1 s0=fng (4513,1853)* [filtered=7935]
cnt=1 s0=fng (4513,1853)* [filtered=7935]
cnt=1 s0=fng (4513,1853)* [filtered=7935]
cnt=1 s0=fng (4513,1853)* [filtered=7935]
cnt=1 s0=fng (4513,1853)* [filtered=7935]
cnt=1 s0=fng (4513,1853)* [filtered=7935]
cnt=1 s0=fng (4513,1853)* [filtered=7935]
cnt=1 s0=fng (4513,1853)* [filtered=7935]
cnt=1 s0=fng (4513,1853)* [filtered=7935]
cnt=1 s0=fng (4513,1853)* [filtered=7935]
cnt=1 s0=fng (4513,1853)* [filtered=7935]
cnt=1 s0=fng (4513,1853)* [filtered=7935]
cnt=1 s0=fng (4513,1853)* [filtered=7935]
cnt=1 s0=fng (4513,1853)* [filtered=7935]
cnt=1 s0=fng (4513,1853)* [filtered=7935]
cnt=1 s0=fng (4513,1853)* [filtered=7935]
cnt=1 s0=fng (4513,1853)* [filtered=7935]
cnt=1 s0=fng (4513,1853)* [filtered=7935]
cnt=1 s0=fng (4513,1853)* [filtered=7935]
cnt=1 s0=fng (4513,1853)* [filtered=7935]
cnt=1 s0=fng (4513,1853)* [filtered=7935]
cnt=1 s0=fng (4513,1853)* [filtered=7935]
cnt=1 s0=fng (4513,1853)* [filtered=7935]
cnt=1 s0=fng (4513,1853)* [filtered=7935]
cnt=1 s0=fng (4513,1853)* [filtered=7935]
cnt=1 s0=fng (4513,1853)* [filtered=7935]
cnt=1 s0=fng (4513,1853)* [filtered=7935]
cnt=1 s0=fng (4513,1853)* [filtered=7935]
cnt=1 s0=fng (4513,1853)* [filtered=7935]
cnt=1 s0=fng (4513,1853)* [filtered=7935]
cnt=1 s0=fng (4513,1853)* [filtered=7935]
cnt=1 s0=fng (4513,1853)* [filtered=7935]
cnt=1 s0=fng (4513,1853)* [filtered=7935]
cnt=1 s0=fng (4513,1853)* [filtered=7935]
cnt=1 s0=fng (4513,1853)* [filtered=7935]
cnt=1 s0=fng (4513,1853)* [filtered=7935]
cnt=1 s0=fng (4513,1853)* [filtered=7935]
cnt=1 s0=fng (4513,1853)* [filtered=7935]
cnt=1 s0=fng (4513,1853)* [filtered=7935]
cnt=1 s0=fng (4513,1853)* [filtered=7935]
cnt=1 s0=fng (4513,1853)* [filtered=7935]
cnt=1 s0=fng (4513,1853)* [filtered=7935]
cnt=1 s0=fng (4513,1853)* [filtered=7935]
cnt=1 s0=fng (4513,1853)* [filtered=7935]
cnt=1 s0=fng (4513,1853)* [filtered=7935]
cnt=1 s0=fng (4513,1853)* [filtered=7935]
cnt=1 s0=fng (4513,1853)* [filtered=7935]
cnt=1 s0=fng (4513,1853)* [filtered=7935]
cnt=1 s0=fng (4513,1853)* [filtered=7935]
cnt=1 s0=fng (4513,1853)* [filtered=7935]
cnt=1 s0=fng (4513,1853)* [filtered=7935]
cnt=1 s0=fng (4513,1853)* [filtered=7935]
cnt=1 s0=fng (4513,1853)* [filtered=7935]
cnt=1 s0=fng (4513,1853)* [filtered=7935]
cnt=1 s0=fng (4513,1853)* [filtered=7935]
cnt=1 s0=fng (4513,1853)* [filtered=7935]
cnt=1 s0=fng (4513,1853)* [filtered=7935]
cnt=1 s0=fng (4513,1853)* [filtered=7935]
cnt=1 s0=fng (4513,1853)* [filtered=7935]
cnt=1 s0=fng (4513,1853)* [filtered=7935]
cnt=1 s0=fng (4513,1853)* [filtered=7935]
cnt=1 s0=fng (4513,1853)* [filtered=7935]
cnt=1 s0=fng (4513,1853)* [filtered=7935]
cnt=1 s0=fng (4513,1853)* [filtered=7935]
cnt=1 s0=fng (4513,1853)* [filtered=7935]
cnt=1 s0=fng (4513,1853)* [filtered=7935]
cnt=1 s0=fng (4513,1853)* [filtered=7935]
cnt=1 s0=fng (4513,1853)* [filtered=7935]
cnt=1 s0=fng (4513,1853)* [filtered=7935]
cnt=1 s0=fng (4513,1853)* [filtered=7935]
cnt=1 s0=fng (4513,1853)* [filtered=7935]
cnt=1 s0=fng (4513,1853)* [filtered=7935]
cnt=1 s0=fng (4513,1853)* [filtered=7935]
cnt=1 s0=fng (4513,1853)* [filtered=7935]
cnt=1 s0=fng (4513,1853)* [filtered=7935]
cnt=1 s0=fng (4513,1853)* [filtered=7935]
cnt=1 s0=fng (4513,1853)* [filtered=7935]
cnt=1 s0=fng (4513,1853)* [filtered=7935]
cnt=1 s0=fng (4513,1853)* [filtered=7935]
cnt=1 s0=fng (4513,1853)* [filtered=7935]
cnt=1 s0=fng (4513,1853)* [filtered=7935]
cnt=1 s0=fng (4513,1853)* [filtered=7935]
cnt=1 s0=fng (4513,1853)* [filtered=7935]
cnt=1 s0=fng (4513,1853)* [filtered=7935]
cnt=1 s0=fng (4513,1853)* [filtered=7935]
cnt=1 s0=fng (4513,1853)* [filtered=7935]
cnt=1 s0=fng (4513,1853)* [filtered=7935]
cnt=1 s0=fng (4513,1853)* [filtered=7935]
cnt=1 s0=fng (4513,1853)* [filtered=7935]
cnt=1 s0=fng (4513,1853)* [filtered=7935]
cnt=1 s0=fng (4513,1853)* [filtered=7935]
cnt=1 s0=fng (4513,1853)* [filtered=7935]
cnt=1 s0=fng (4513,1853)* [filtered=7935]
cnt=1 s0=fng (4513,1853)* [filtered=7935]
cnt=1 s0=fng (4513,1853)* [filtered=7935]
cnt=1 s0=fng (4513,1853)* [filtered=7935]
cnt=1 s0=fng (4513,1853)* [filtered=7935]
cnt=1 s0=fng (4513,1853)* [filtered=7935]
cnt=1 s0=fng (4513,1853)* [filtered=7935]
cnt=1 s0=fng (4513,1853)* [filtered=7935]
cnt=1 s0=fng (4513,1853)* [filtered=7935]
cnt=1 s0=fng (4513,1853)* [filtered=7935]
cnt=1 s0=fng (4513,1853)* [filtered=7935]
cnt=1 s0=fng (4513,1853)* [filtered=7935]
cnt=1 s0=fng (4513,1853)* [filtered=7935]
cnt=1 s0=fng (4513,1853)* [filtered=7935]
cnt=1 s0=fng (4513,1853)* [filtered=7935]
cnt=1 s0=fng (4513,1853)* [filtered=7935]
cnt=1 s0=fng (4513,1853)* [filtered=7935]
cnt=1 s0=fng (4513,1853)* [filtered=7935]
cnt=1 s0=fng (4513,1853)* [filtered=7935]
cnt=1 s0=fng (4513,1853)* [filtered=7935]
cnt=1 s0=fng (4513,1853)* [filtered=7935]
cnt=1 s0=fng (4513,1853)* [filtered=7935]
cnt=1 s0=fng (4513,1853)* [filtered=7935]
cnt=1 s0=fng (4513,1853)* [filtered=7935]
cnt=1 s0=fng (4513,1853)* [filtered=7935]
cnt=1 s0=fng (4513,1853)* [filtered=7935]
cnt=1 s0=fng (4513,1853)* [filtered=7935]
cnt=1 s0=fng (4513,1853)* [filtered=7935]
cnt=1 s0=fng (4513,1853)* [filtered=7935]
cnt=1 s0=fng (4513,1853)* [filtered=7935]
cnt=1 s0=fng (4513,1853)* [filtered=7935]
cnt=1 s0=fng (4513,1853)* [filtered=7935]
cnt=1 s0=fng (4513,1853)* [filtered=7935]
cnt=1 s0=fng (4513,1853)* [filtered=7935]
cnt=1 s0=fng (4513,1853)* [filtered=7935]
cnt=1 s0=fng (4513,1853)* [filtered=7935]
cnt=1 s0=fng (4513,1853)* [filtered=7935]
cnt=1 s0=fng (4513,1853)* [filtered=7935]
cnt=1 s0=fng (4513,1853)* [filtered=7935]
cnt=1 s0=fng (4513,1853)* [filtered=7935]
cnt=1 s0=fng (4513,1853)* [filtered=7935]
cnt=1 s0=fng (4513,1853)* [filtered=7935]
cnt=1 s0=fng (4513,1853)* [filtered=7935]
cnt=1 s0=fng (4513,1853)* [filtered=7935]
cnt=1 s0=fng (4513,1853)* [filtered=7935]
cnt=1 s0=fng (4513,1853)* [filtered=7935]
cnt=1 s0=fng (4513,1853)* [filtered=7935]
cnt=1 s0=fng (4513,1853)* [filtered=7935]
cnt=1 s0=fng (4513,1853)* [filtered=7935]
cnt=1 s0=fng (4513,1853)* [filtered=7935]
cnt=1 s0=fng (4513,1853)* [filtered=7935]
cnt=1 s0=fng (4513,1853)* [filtered=7935]
cnt=1 s0=fng (4513,1853)* [filtered=7935]
cnt=1 s0=fng (4513,1853)* [filtered=7935]
cnt=1 s0=fng (4513,1853)* [filtered=7935]
cnt=1 s0=fng (4513,1853)* [filtered=7935]
cnt=1 s0=fng (4513,1853)* [filtered=7935]
cnt=1 s0=fng (4513,1853)* [filtered=7935]
cnt=1 s0=fng (4513,1853)* [filtered=7935]
cnt=1 s0=fng (4513,1853)* [filtered=7935]
cnt=1 s0=fng (4513,1853)* [filtered=7935]
cnt=1 s0=fng (4513,1853)* [filtered=7935]
cnt=1 s0=fng (4513,1853)* [filtered=7935]
cnt=1 s0=fng (4513,1853)* [filtered=7935]
cnt=1 s0=fng (4513,1853)* [filtered=7935]
cnt=1 s0=fng (4513,1853)* [filtered=7935]
cnt=1 s0=fng (4513,1853)* [filtered=7935]
cnt=1 s0=fng (4513,1853)* [filtered=7935]
cnt=1 s0=fng (4513,1853)* [filtered=7935]
cnt=1 s0=fng (4513,1853)* [filtered=7935]
cnt=1 s0=fng (4513,1853)* [filtered=7935]
cnt=1 s0=fng (4513,1853)* [filtered=7935]
cnt=1 s0=fng (4513,1853)* [filtered=7935]
cnt=1 s0=fng (4513,1853)* [filtered=7935]
cnt=1 s0=fng (4513,1853)* [filtered=7935]
cnt=1 s0=fng (4513,1853)* [filtered=7935]
cnt=1 s0=fng (4513,1853)* [filtered=7935]
cnt=1 s0=fng (4513,1853)* [filtered=7935]
cnt=1 s0=fng (4513,1853)* [filtered=7935]
cnt=1 s0=fng (4515,1858) [filtered=7935]
cnt=1 s0=fng (4519,1865) [filtered=7935]
cnt=1 s0=fng (4524,1875) [filtered=7935]
cnt=1 s0=fng (4529,1886) [filtered=7935]
cnt=1 s0=fng (4532,1896) [filtered=7935]
cnt=1 s0=fng (4536,1906) [filtered=7935]
cnt=1 s0=fng (4540,1917) [filtered=7935]
cnt=1 s0=fng (4543,1928) [filtered=7935]
cnt=1 s0=fng (4546,1940) [filtered=7935]
cnt=1 s0=fng (4548,1951) [filtered=7935]
cnt=1 s0=fng (4551,1962) [filtered=7935]
cnt=1 s0=fng (4554,1973) [filtered=7935]
cnt=1 s0=fng (4557,1983) [filtered=7935]
cnt=1 s0=fng (4560,1993) [filtered=7935]
cnt=1 s0=fng (4562,2003) [filtered=7935]
cnt=1 s0=fng (4564,2012) [filtered=7935]
cnt=1 s0=fng (4567,2021) [filtered=7935]
cnt=1 s0=fng (4569,2030) [filtered=7935]
cnt=1 s0=fng (4570,2038) [filtered=7935]
cnt=1 s0=fng (4571,2047) [filtered=7935]
cnt=1 s0=fng (4572,2056) [filtered=7935]
cnt=1 s0=fng (4573,2064) [filtered=7935]
cnt=1 s0=fng (4573,2071) [filtered=7935]
cnt=1 s0=fng (4573,2077) [filtered=7935]
cnt=1 s0=fng (4572,2083) [filtered=7935]
cnt=1 s0=fng (4571,2089) [filtered=7935]
cnt=1 s0=fng (4569,2095) [filtered=7935]
cnt=1 s0=fng (4568,2100) [filtered=7935]
cnt=1 s0=fng (4568,2104) [filtered=7935]
cnt=1 s0=fng (4568,2109) [filtered=7935]
cnt=1 s0=fng (4569,2115) [filtered=7935]
cnt=1 s0=fng (4570,2121) [filtered=7935]
cnt=1 s0=fng (4570,2121) [filtered=7935]
cnt=1 s0=fng (4590,1783) [filtered=7935]
cnt=1 s0=fng (4590,1783) [filtered=7935]
cnt=1 s0=fng (4586,1780) [filtered=7935]
cnt=1 s0=fng (4583,1778) [filtered=7935]
cnt=1 s0=fng (4577,1773) [filtered=7935]
cnt=1 s0=fng (4569,1767) [filtered=7935]
cnt=1 s0=fng (4560,1759) [filtered=7935]
cnt=1 s0=fng (4551,1752) [filtered=7935]
cnt=1 s0=fng (4542,1744) [filtered=7935]
cnt=1 s0=fng (4534,1736) [filtered=7935]
cnt=1 s0=fng (4527,1728) [filtered=7935]
cnt=1 s0=fng (4521,1721) [filtered=7935]
cnt=1 s0=fng (4516,1714) [filtered=7935]
cnt=2 s0=PALM(4512,1707) s1=PALM(39,2245) [filtered=7936]
cnt=2 s0=PALM(4510,1701) s1=PALM(40,2245) [filtered=7937]
cnt=2 s0=PALM(4508,1696) s1=PALM(41,2245) [filtered=7938]
cnt=2 s0=PALM(4506,1692) s1=PALM(42,2245) [filtered=7939]
cnt=2 s0=PALM(4505,1687) s1=PALM(44,2245) [filtered=7940]
cnt=2 s0=PALM(4505,1682) s1=PALM(46,2244) [filtered=7941]
cnt=2 s0=PALM(4504,1677) s1=PALM(49,2244) [filtered=7942]
cnt=2 s0=PALM(4503,1673) s1=PALM(50,2244) [filtered=7943]
cnt=2 s0=PALM(4502,1668) s1=PALM(55,2242) [filtered=7944]
cnt=2 s0=PALM(4501,1663) s1=PALM(66,2239) [filtered=7945]
cnt=2 s0=PALM(4501,1659) s1=PALM(76,2237) [filtered=7946]
cnt=2 s0=PALM(4499,1655) s1=PALM(92,2232) [filtered=7947]
cnt=2 s0=PALM(4497,1650) s1=PALM(117,2224) [filtered=7948]
cnt=2 s0=PALM(4496,1646) s1=PALM(142,2216) [filtered=7949]
cnt=2 s0=PALM(4493,1641) s1=PALM(167,2204) [filtered=7950]
cnt=2 s0=PALM(4489,1634) s1=PALM(193,2189) [filtered=7951]
cnt=2 s0=PALM(4485,1627) s1=PALM(218,2173) [filtered=7952]
cnt=2 s0=PALM(4482,1621) s1=PALM(243,2157) [filtered=7953]
cnt=2 s0=PALM(4478,1614) s1=PALM(266,2142) [filtered=7954]
cnt=2 s0=PALM(4475,1608) s1=PALM(288,2128) [filtered=7955]
cnt=2 s0=PALM(4472,1603) s1=PALM(305,2117) [filtered=7956]
cnt=2 s0=PALM(4467,1598) s1=PALM(320,2106) [filtered=7957]
cnt=2 s0=PALM(4463,1593) s1=PALM(335,2096) [filtered=7958]
cnt=2 s0=PALM(4460,1588) s1=PALM(348,2087) [filtered=7959]
cnt=2 s0=PALM(4456,1583) s1=PALM(359,2079) [filtered=7960]
cnt=2 s0=PALM(4453,1579) s1=PALM(370,2071) [filtered=7961]
cnt=2 s0=PALM(4449,1575) s1=PALM(380,2065) [filtered=7962]
cnt=2 s0=PALM(4446,1571) s1=PALM(390,2059) [filtered=7963]
cnt=2 s0=PALM(4444,1567) s1=PALM(398,2054) [filtered=7964]
cnt=2 s0=PALM(4441,1564) s1=PALM(404,2050) [filtered=7965]
cnt=2 s0=PALM(4439,1561) s1=PALM(410,2046) [filtered=7966]
cnt=2 s0=PALM(4437,1559) s1=PALM(416,2042) [filtered=7967]
cnt=2 s0=PALM(4435,1557) s1=PALM(422,2038) [filtered=7968]
cnt=2 s0=PALM(4434,1555) s1=PALM(426,2035) [filtered=7969]
cnt=2 s0=PALM(4434,1553) s1=PALM(430,2032) [filtered=7970]
cnt=2 s0=PALM(4434,1551) s1=PALM(434,2029) [filtered=7971]
cnt=2 s0=PALM(4434,1550) s1=PALM(437,2027) [filtered=7972]
cnt=2 s0=PALM(4434,1550) s1=PALM(439,2025) [filtered=7973]
cnt=2 s0=PALM(4434,1550) s1=PALM(441,2023) [filtered=7974]
cnt=2 s0=PALM(4437,1550) s1=PALM(443,2021) [filtered=7975]
cnt=2 s0=PALM(4439,1550) s1=PALM(444,2019) [filtered=7976]
cnt=2 s0=PALM(4440,1550) s1=PALM(445,2017) [filtered=7977]
cnt=2 s0=PALM(4441,1551) s1=PALM(445,2015) [filtered=7978]
cnt=2 s0=PALM(4442,1551) s1=PALM(445,2013) [filtered=7979]
cnt=2 s0=PALM(4443,1552) s1=PALM(445,2010) [filtered=7980]
cnt=2 s0=PALM(4444,1552) s1=PALM(445,2008) [filtered=7981]
cnt=2 s0=PALM(4445,1553) s1=PALM(445,2005) [filtered=7982]
cnt=2 s0=PALM(4446,1554) s1=PALM(445,2003) [filtered=7983]
cnt=2 s0=PALM(4447,1554) s1=PALM(445,2002) [filtered=7984]
cnt=2 s0=PALM(4448,1555) s1=PALM(445,2001) [filtered=7985]
cnt=2 s0=PALM(4449,1557) s1=PALM(445,1999) [filtered=7986]
cnt=2 s0=PALM(4450,1558) s1=PALM(445,1997) [filtered=7987]
cnt=2 s0=PALM(4451,1559)* s1=PALM(445,1996) [filtered=7988]
cnt=2 s0=PALM(4452,1561)* s1=PALM(445,1995) [filtered=7989]
cnt=2 s0=PALM(4453,1563)* s1=PALM(445,1994) [filtered=7990]
cnt=2 s0=PALM(4454,1565)* s1=PALM(445,1992) [filtered=7991]
cnt=2 s0=PALM(4454,1566)* s1=PALM(445,1991) [filtered=7992]
cnt=2 s0=PALM(4455,1568)* s1=PALM(445,1990) [filtered=7993]
cnt=2 s0=PALM(4455,1570)* s1=PALM(445,1988) [filtered=7994]
cnt=2 s0=PALM(4455,1571)* s1=PALM(445,1987)* [filtered=7995]
cnt=2 s0=PALM(4455,1572)* s1=PALM(442,1986) [filtered=7996]
cnt=2 s0=PALM(4455,1574)* s1=PALM(439,1985) [filtered=7997]
cnt=2 s0=PALM(4455,1576)* s1=PALM(436,1983) [filtered=7998]
cnt=2 s0=PALM(4455,1577)* s1=PALM(433,1982) [filtered=7999]
cnt=2 s0=PALM(4455,1579)* s1=PALM(430,1981) [filtered=8000]
cnt=2 s0=PALM(4455,1582)* s1=PALM(427,1980) [filtered=8001]
cnt=2 s0=PALM(4455,1583)* s1=PALM(424,1980) [filtered=8002]
cnt=2 s0=PALM(4455,1585)* s1=PALM(421,1979) [filtered=8003]
cnt=2 s0=PALM(4454,1588) s1=PALM(418,1978) [filtered=8004]
cnt=2 s0=PALM(4454,1589) s1=PALM(415,1978) [filtered=8005]
cnt=2 s0=PALM(4453,1591) s1=PALM(412,1978) [filtered=8006]
cnt=2 s0=PALM(4453,1592) s1=PALM(409,1978) [filtered=8007]
cnt=2 s0=PALM(4452,1595) s1=PALM(406,1978) [filtered=8008]
cnt=2 s0=PALM(4450,1598) s1=PALM(406,1978) [filtered=8009]
cnt=2 s0=PALM(4449,1600) s1=PALM(405,1978) [filtered=8010]
cnt=2 s0=PALM(4447,1603) s1=PALM(404,1978) [filtered=8011]
cnt=3 s0=PALM(4444,1607) s1=PALM(404,1979) s2=fng (1419,269) [filtered=8012]
cnt=3 s0=PALM(4442,1610) s1=PALM(404,1979) s2=fng (1419,269) [filtered=8013]
cnt=3 s0=PALM(4439,1614) s1=PALM(403,1980) s2=fng (1420,270) [filtered=8014]
cnt=3 s0=PALM(4437,1617) s1=PALM(403,1980) s2=fng (1421,270) [filtered=8015]
cnt=3 s0=PALM(4435,1621) s1=PALM(403,1981) s2=fng (1423,271) [filtered=8016]
cnt=3 s0=PALM(4431,1626) s1=PALM(403,1983) s2=fng (1426,274) [filtered=8017]
cnt=3 s0=PALM(4428,1630) s1=PALM(403,1984) s2=fng (1429,275) [filtered=8018]
cnt=3 s0=PALM(4424,1635) s1=PALM(403,1986) s2=fng (1433,278) [filtered=8019]
cnt=3 s0=PALM(4421,1639) s1=PALM(403,1987) s2=fng (1436,280) [filtered=8020]
cnt=3 s0=PALM(4417,1643) s1=PALM(403,1988) s2=fng (1441,284) [filtered=8021]
cnt=3 s0=PALM(4413,1647) s1=PALM(403,1989) s2=fng (1445,287) [filtered=8022]
cnt=3 s0=PALM(4409,1651) s1=PALM(403,1992) s2=fng (1451,292) [filtered=8023]
cnt=3 s0=PALM(4405,1655) s1=PALM(403,1994)* s2=fng (1456,296) [filtered=8024]
cnt=3 s0=PALM(4400,1661) s1=PALM(403,1997)* s2=fng (1463,303) [filtered=8025]
cnt=3 s0=PALM(4395,1666) s1=PALM(403,1999)* s2=fng (1469,309) [filtered=8026]
cnt=4 s0=PALM(4389,1672) s1=PALM(403,2004) s2=fng (1476,319) s3=fng (2745,593) [filtered=8027]
cnt=4 s0=PALM(4383,1678) s1=PALM(403,2008) s2=fng (1483,328) s3=fng (2745,593) [filtered=8028]
cnt=4 s0=PALM(4377,1685) s1=PALM(403,2015) s2=fng (1491,341) s3=fng (2744,594) [filtered=8029]
cnt=4 s0=PALM(4371,1692) s1=PALM(403,2021) s2=fng (1499,353) s3=fng (2744,594) [filtered=8030]
cnt=4 s0=PALM(4365,1699) s1=PALM(403,2027) s2=fng (1507,365) s3=fng (2744,594) [filtered=8031]
cnt=4 s0=PALM(4359,1707) s1=PALM(403,2038) s2=fng (1516,381) s3=fng (2740,598) [filtered=8032]
cnt=4 s0=PALM(4353,1715) s1=PALM(403,2048) s2=fng (1525,397) s3=fng (2738,601) [filtered=8033]
cnt=4 s0=PALM(4347,1725) s1=PALM(403,2060) s2=fng (1534,417) s3=fng (2734,608) [filtered=8034]
cnt=4 s0=PALM(4341,1735) s1=PALM(403,2072) s2=fng (1543,437) s3=fng (2731,615) [filtered=8035]
cnt=4 s0=PALM(4335,1747) s1=PALM(404,2086) s2=fng (1551,460) s3=fng (2726,626) [filtered=8036]
cnt=4 s0=PALM(4329,1759) s1=PALM(405,2100) s2=fng (1559,483) s3=fng (2722,636) [filtered=8037]
cnt=4 s0=PALM(4324,1771) s1=PALM(406,2114) s2=fng (1566,508) s3=fng (2715,651) [filtered=8038]
cnt=4 s0=PALM(4319,1783) s1=PALM(407,2128) s2=fng (1573,533) s3=fng (2709,665) [filtered=8039]
cnt=4 s0=PALM(4315,1796) s1=PALM(408,2142) s2=fng (1579,559) s3=fng (2702,684) [filtered=8040]
cnt=4 s0=PALM(4311,1809) s1=PALM(409,2156) s2=fng (1585,585) s3=fng (2696,702) [filtered=8041]
cnt=4 s0=PALM(4307,1822) s1=PALM(409,2170) s2=fng (1591,611) s3=fng (2690,720) [filtered=8042]
cnt=4 s0=PALM(4304,1835) s1=PALM(409,2184) s2=fng (1595,637) s3=fng (2684,740) [filtered=8043]
cnt=4 s0=PALM(4301,1848) s1=PALM(409,2198) s2=fng (1599,663) s3=fng (2678,760) [filtered=8044]
cnt=4 s0=PALM(4299,1862) s1=PALM(409,2212) s2=fng (1601,689) s3=fng (2674,782) [filtered=8045]
cnt=4 s0=PALM(4297,1876) s1=PALM(409,2226) s2=fng (1603,715) s3=fng (2670,804) [filtered=8046]
cnt=4 s0=PALM(4297,1890) s1=PALM(408,2240) s2=fng (1604,739) s3=fng (2666,828) [filtered=8047]
cnt=4 s0=PALM(4297,1904) s1=PALM(408,2254) s2=fng (1605,763) s3=fng (2662,852) [filtered=8048]
cnt=4 s0=PALM(4297,1919) s1=PALM(407,2268) s2=fng (1605,785) s3=fng (2660,876) [filtered=8049]
cnt=4 s0=PALM(4297,1934) s1=PALM(406,2282) s2=fng (1605,807) s3=fng (2658,900) [filtered=8050]
cnt=4 s0=PALM(4300,1950) s1=PALM(404,2296) s2=fng (1602,827) s3=fng (2656,924) [filtered=8051]
cnt=4 s0=PALM(4303,1966) s1=PALM(403,2310) s2=fng (1599,847) s3=fng (2654,948) [filtered=8052]
cnt=4 s0=PALM(4307,1982) s1=PALM(400,2323) s2=fng (1594,865) s3=fng (2654,972) [filtered=8053]
cnt=4 s0=PALM(4311,1998) s1=PALM(398,2336) s2=fng (1589,883) s3=fng (2654,996) [filtered=8054]
cnt=4 s0=PALM(4316,2014) s1=PALM(394,2348) s2=fng (1584,898) s3=fng (2654,1020) [filtered=8055]
cnt=4 s0=PALM(4321,2030) s1=PALM(391,2360) s2=fng (1579,913) s3=fng (2654,1044) [filtered=8056]
cnt=4 s0=PALM(4326,2045) s1=PALM(386,2371) s2=fng (1572,926) s3=fng (2654,1066) [filtered=8057]
cnt=4 s0=PALM(4331,2060) s1=PALM(382,2382) s2=fng (1565,939) s3=fng (2654,1088) [filtered=8058]
cnt=4 s0=PALM(4336,2074) s1=PALM(378,2392) s2=fng (1558,949) s3=fng (2658,1108) [filtered=8059]
cnt=4 s0=PALM(4341,2088) s1=PALM(374,2402) s2=fng (1551,959) s3=fng (2662,1128) [filtered=8060]
cnt=4 s0=PALM(4345,2102) s1=PALM(370,2411) s2=fng (1543,967) s3=fng (2667,1146) [filtered=8061]
cnt=4 s0=PALM(4348,2116) s1=PALM(366,2420) s2=fng (1536,975) s3=fng (2672,1164) [filtered=8062]
cnt=4 s0=PALM(4352,2129) s1=PALM(361,2428) s2=fng (1528,981) s3=fng (2677,1181) [filtered=8063]
cnt=4 s0=PALM(4356,2141) s1=PALM(354,2435) s2=fng (1519,985) s3=fng (2683,1196) [filtered=8064]
cnt=4 s0=PALM(4359,2153) s1=PALM(348,2442) s2=fng (1511,989) s3=fng (2688,1211) [filtered=8065]
cnt=4 s0=PALM(4362,2164) s1=PALM(342,2449) s2=fng (1502,992) s3=fng (2694,1224) [filtered=8066]
cnt=4 s0=PALM(4365,2175) s1=PALM(336,2456) s2=fng (1494,995) s3=fng (2699,1237) [filtered=8067]
cnt=4 s0=PALM(4369,2185) s1=PALM(330,2462) s2=fng (1485,997) s3=fng (2705,1248) [filtered=8068]
cnt=4 s0=PALM(4372,2195) s1=PALM(324,2468) s2=fng (1477,999) s3=fng (2711,1259) [filtered=8069]
cnt=4 s0=PALM(4376,2205) s1=PALM(318,2474) s2=fng (1468,1001) s3=fng (2718,1268) [filtered=8070]
cnt=4 s0=PALM(4381,2215) s1=PALM(311,2480) s2=fng (1459,1002) s3=fng (2727,1274) [filtered=8071]
cnt=4 s0=PALM(4385,2225) s1=PALM(305,2486) s2=fng (1451,1003) s3=fng (2736,1280) [filtered=8072]
cnt=4 s0=PALM(4392,2235) s1=PALM(298,2492) s2=fng (1442,1004) s3=fng (2747,1284) [filtered=8073]
cnt=4 s0=PALM(4398,2245) s1=PALM(291,2498) s2=fng (1434,1005) s3=fng (2758,1288) [filtered=8074]
cnt=4 s0=PALM(4406,2254) s1=PALM(285,2503) s2=fng (1425,1005) s3=fng (2770,1292) [filtered=8075]
cnt=4 s0=PALM(4415,2262) s1=PALM(278,2507) s2=fng (1416,1005) s3=fng (2784,1295) [filtered=8076]
cnt=4 s0=PALM(4423,2270) s1=PALM(272,2511) s2=fng (1408,1005) s3=fng (2797,1298) [filtered=8077]
cnt=4 s0=PALM(4434,2278) s1=PALM(266,2515) s2=fng (1399,1005) s3=fng (2813,1302) [filtered=8078]
cnt=4 s0=PALM(4444,2286) s1=PALM(260,2519) s2=fng (1391,1005) s3=fng (2828,1306) [filtered=8079]
cnt=4 s0=PALM(4455,2294) s1=PALM(254,2523) s2=fng (1382,1005) s3=fng (2845,1310) [filtered=8080]
cnt=4 s0=PALM(4467,2302) s1=PALM(248,2527) s2=fng (1373,1006) s3=fng (2863,1314) [filtered=8081]
cnt=4 s0=PALM(4478,2310) s1=PALM(242,2531) s2=fng (1365,1007) s3=fng (2880,1318) [filtered=8082]
cnt=4 s0=PALM(4490,2317) s1=PALM(237,2534) s2=fng (1356,1008) s3=fng (2899,1322) [filtered=8083]
cnt=4 s0=PALM(4502,2324) s1=PALM(233,2537) s2=fng (1347,1009) s3=fng (2918,1327) [filtered=8084]
cnt=4 s0=PALM(4513,2331) s1=PALM(229,2540) s2=fng (1339,1010) s3=fng (2936,1332) [filtered=8085]
cnt=4 s0=PALM(4525,2339) s1=PALM(225,2543) s2=fng (1330,1012) s3=fng (2955,1339) [filtered=8086]
cnt=4 s0=PALM(4536,2346) s1=PALM(222,2546) s2=fng (1322,1014) s3=fng (2974,1347) [filtered=8087]
cnt=4 s0=PALM(4547,2353) s1=PALM(218,2549) s2=fng (1314,1016) s3=fng (2991,1356) [filtered=8088]
cnt=4 s0=PALM(4558,2360) s1=PALM(215,2552) s2=fng (1307,1018) s3=fng (3008,1365) [filtered=8089]
cnt=4 s0=PALM(4569,2368) s1=PALM(212,2555) s2=fng (1299,1021) s3=fng (3026,1377) [filtered=8090]
cnt=4 s0=PALM(4579,2376) s1=PALM(208,2558) s2=fng (1292,1025) s3=fng (3042,1389) [filtered=8091]
cnt=4 s0=PALM(4588,2384) s1=PALM(205,2561) s2=fng (1286,1029) s3=fng (3058,1401) [filtered=8092]
cnt=4 s0=PALM(4598,2391) s1=PALM(202,2565) s2=fng (1281,1034) s3=fng (3072,1413) [filtered=8093]
cnt=4 s0=PALM(4611,2397) s1=PALM(198,2569) s2=fng (1277,1040) s3=fng (3084,1425) [filtered=8094]
cnt=4 s0=PALM(4623,2403) s1=PALM(194,2573) s2=fng (1273,1046) s3=fng (3094,1437) [filtered=8095]
cnt=4 s0=PALM(4634,2409) s1=PALM(191,2577) s2=fng (1270,1052) s3=fng (3104,1449) [filtered=8096]
cnt=4 s0=PALM(4646,2413) s1=PALM(188,2582) s2=fng (1267,1058) s3=fng (3113,1460) [filtered=8097]
cnt=4 s0=PALM(4657,2416) s1=PALM(184,2587) s2=fng (1265,1064) s3=fng (3121,1471) [filtered=8098]
cnt=4 s0=PALM(4667,2419) s1=PALM(180,2592) s2=fng (1265,1071) s3=fng (3128,1480) [filtered=8099]
cnt=4 s0=PALM(4676,2422) s1=PALM(177,2597) s2=fng (1266,1078) s3=fng (3134,1489) [filtered=8100]
cnt=4 s0=PALM(4683,2424) s1=PALM(173,2601) s2=fng (1266,1085) s3=fng (3139,1498) [filtered=8101]
cnt=4 s0=PALM(4690,2425) s1=PALM(170,2605) s2=fng (1266,1092) s3=fng (3143,1505) [filtered=8102]
cnt=4 s0=PALM(4695,2426) s1=PALM(168,2608) s2=fng (1267,1099) s3=fng (3147,1511) [filtered=8103]
cnt=4 s0=PALM(4699,2427) s1=PALM(167,2611) s2=fng (1267,1106) s3=fng (3150,1517) [filtered=8104]
cnt=4 s0=PALM(4703,2427) s1=PALM(166,2614) s2=fng (1268,1112) s3=fng (3153,1521) [filtered=8105]
cnt=4 s0=PALM(4706,2428) s1=PALM(165,2617) s2=fng (1269,1118) s3=fng (3155,1524) [filtered=8106]
cnt=4 s0=PALM(4709,2429) s1=PALM(164,2620) s2=fng (1269,1124) s3=fng (3157,1527) [filtered=8107]
cnt=4 s0=PALM(4712,2429) s1=PALM(163,2623) s2=fng (1270,1130) s3=fng (3158,1528) [filtered=8108]
cnt=4 s0=PALM(4714,2429) s1=PALM(162,2626) s2=fng (1271,1135) s3=fng (3158,1528) [filtered=8109]
cnt=4 s0=PALM(4715,2429) s1=PALM(161,2629) s2=fng (1272,1139) s3=fng (3158,1525) [filtered=8110]
cnt=4 s0=PALM(4715,2429) s1=PALM(160,2632) s2=fng (1273,1143) s3=fng (3158,1522) [filtered=8111]
cnt=4 s0=PALM(4717,2429) s1=PALM(159,2634) s2=fng (1274,1146) s3=fng (3158,1518) [filtered=8112]
cnt=4 s0=PALM(4718,2429) s1=PALM(158,2636) s2=fng (1276,1149) s3=fng (3158,1513) [filtered=8113]
cnt=4 s0=PALM(4720,2429) s1=PALM(157,2638) s2=fng (1278,1150) s3=fng (3158,1507) [filtered=8114]
cnt=4 s0=PALM(4721,2429) s1=PALM(156,2640) s2=fng (1279,1151) s3=fng (3158,1501) [filtered=8115]
cnt=4 s0=PALM(4721,2429) s1=PALM(155,2641) s2=fng (1280,1152) s3=fng (3155,1495) [filtered=8116]
cnt=4 s0=PALM(4721,2429) s1=PALM(154,2642) s2=fng (1282,1152) s3=fng (3152,1487) [filtered=8117]
cnt=4 s0=PALM(4721,2429) s1=PALM(154,2643) s2=fng (1283,1152) s3=fng (3151,1479) [filtered=8118]
cnt=4 s0=PALM(4721,2429) s1=PALM(153,2643) s2=fng (1286,1152) s3=fng (3149,1470) [filtered=8119]
cnt=4 s0=PALM(4721,2429) s1=PALM(152,2643) s2=fng (1289,1149) s3=fng (3145,1459) [filtered=8120]
cnt=4 s0=PALM(4720,2429) s1=PALM(150,2643) s2=fng (1292,1146) s3=fng (3140,1446) [filtered=8121]
cnt=4 s0=PALM(4720,2429) s1=PALM(149,2643) s2=fng (1294,1143) s3=fng (3137,1433) [filtered=8122]
cnt=4 s0=PALM(4719,2426) s1=PALM(148,2643) s2=fng (1297,1139) s3=fng (3133,1418) [filtered=8123]
cnt=4 s0=PALM(4718,2422) s1=PALM(147,2640) s2=fng (1300,1134) s3=fng (3128,1402) [filtered=8124]
cnt=4 s0=PALM(4718,2418) s1=PALM(146,2637) s2=fng (1302,1129) s3=fng (3123,1386) [filtered=8125]
cnt=4 s0=PALM(4716,2414) s1=PALM(145,2634) s2=fng (1306,1123) s3=fng (3116,1368) [filtered=8126]
cnt=4 s0=PALM(4713,2410) s1=PALM(145,2630) s2=fng (1310,1117) s3=fng (3109,1349) [filtered=8127]
cnt=4 s0=PALM(4712,2406) s1=PALM(145,2626) s2=fng (1313,1111) s3=fng (3103,1330) [filtered=8128]
cnt=4 s0=PALM(4708,2400) s1=PALM(146,2622) s2=fng (1317,1104) s3=fng (3095,1309) [filtered=8129]
cnt=4 s0=PALM(4703,2394) s1=PALM(146,2617) s2=fng (1321,1095) s3=fng (3086,1286) [filtered=8130]
cnt=4 s0=PALM(4699,2388) s1=PALM(146,2612) s2=fng (1324,1086) s3=fng (3078,1263) [filtered=8131]
cnt=4 s0=PALM(4692,2381) s1=PALM(147,2607) s2=fng (1328,1077) s3=fng (3069,1239) [filtered=8132]
cnt=4 s0=PALM(4684,2373) s1=PALM(148,2601) s2=fng (1333,1066) s3=fng (3060,1214) [filtered=8133]
cnt=4 s0=PALM(4677,2365) s1=PALM(149,2595) s2=fng (1337,1055) s3=fng (3052,1190) [filtered=8134]
cnt=4 s0=PALM(4665,2356) s1=PALM(151,2589) s2=fng (1342,1042) s3=fng (3045,1164) [filtered=8135]
cnt=4 s0=PALM(4654,2347) s1=PALM(152,2583) s2=fng (1346,1029) s3=fng (3038,1139) [filtered=8136]
cnt=4 s0=PALM(4641,2337) s1=PALM(154,2577) s2=fng (1350,1016) s3=fng (3033,1116) [filtered=8137]
cnt=5 s0=PALM(4625,2326) s1=PALM(157,2571) s2=PALM(1355,1002) s3=PALM(3029,1093) s4=PALM(180,2469) [filtered=8138]
cnt=5 s0=PALM(4610,2315) s1=PALM(159,2565) s2=PALM(1359,988) s3=PALM(3025,1070) s4=PALM(180,2469) [filtered=8139]
cnt=5 s0=PALM(4596,2302) s1=PALM(161,2560) s2=PALM(1362,973) s3=PALM(3023,1046) s4=PALM(180,2468) [filtered=8140]
cnt=5 s0=PALM(4583,2289) s1=PALM(162,2555) s2=PALM(1365,958) s3=PALM(3021,1023) s4=PALM(180,2468) [filtered=8141]
cnt=4 s0=PALM(4571,2274) s2=fng (1367,942) s3=fng (3021,1001) s4=PALM(180,2467) [filtered=8142]
cnt=4 s0=PALM(4558,2258) s2=fng (1369,925) s3=fng (3025,977) s4=PALM(180,2466) [filtered=8143]
cnt=4 s0=PALM(4546,2243) s2=fng (1371,908) s3=fng (3029,954) s4=PALM(180,2466) [filtered=8144]
cnt=4 s0=PALM(4534,2227) s2=fng (1371,891) s3=fng (3034,930) s4=PALM(180,2465) [filtered=8145]
cnt=4 s0=PALM(4523,2211) s2=fng (1371,873) s3=fng (3040,904) s4=PALM(180,2463) [filtered=8146]
cnt=4 s0=PALM(4512,2196) s2=fng (1371,855) s3=fng (3045,879) s4=PALM(180,2462) [filtered=8147]
cnt=4 s0=PALM(4502,2181) s2=fng (1367,836) s3=fng (3053,853) s4=PALM(180,2459) [filtered=8148]
cnt=4 s0=PALM(4492,2167) s2=fng (1365,817) s3=fng (3060,827) s4=PALM(180,2457) [filtered=8149]
cnt=4 s0=PALM(4483,2153) s2=fng (1362,796) s3=fng (3068,801) s4=PALM(181,2452) [filtered=8150]
cnt=4 s0=PALM(4475,2140) s2=fng (1356,774) s3=fng (3077,776) s4=PALM(182,2445) [filtered=8151]
cnt=4 s0=PALM(4467,2127) s2=fng (1351,753) s3=fng (3086,751) s4=PALM(183,2438) [filtered=8152]
cnt=4 s0=PALM(4460,2115) s2=fng (1344,730) s3=fng (3095,727) s4=PALM(185,2429) [filtered=8153]
cnt=4 s0=PALM(4453,2104) s2=fng (1338,708) s3=fng (3103,704) s4=PALM(186,2421) [filtered=8154]
cnt=4 s0=PALM(4447,2094) s2=fng (1329,685) s3=fng (3113,682) s4=PALM(188,2410) [filtered=8155]
cnt=4 s0=PALM(4442,2084) s2=fng (1319,662) s3=fng (3123,661) s4=PALM(190,2398) [filtered=8156]
cnt=4 s0=PALM(4437,2075) s2=fng (1309,639) s3=fng (3132,641) s4=PALM(191,2386) [filtered=8157]
cnt=4 s0=PALM(4433,2067) s2=fng (1299,617) s3=fng (3141,623) s4=PALM(193,2373) [filtered=8158]
cnt=4 s0=PALM(4429,2059) s2=fng (1290,596) s3=fng (3149,605) s4=PALM(194,2361) [filtered=8159]
cnt=4 s0=PALM(4426,2052) s2=fng (1281,575) s3=fng (3157,589) s4=PALM(196,2349) [filtered=8160]
cnt=4 s0=PALM(4423,2046) s2=fng (1273,555) s3=fng (3165,573) s4=PALM(197,2338) [filtered=8161]
cnt=4 s0=PALM(4421,2042) s2=fng (1265,536) s3=fng (3173,559) s4=PALM(198,2327) [filtered=8162]
cnt=4 s0=PALM(4420,2038) s2=fng (1258,517) s3=fng (3179,549) s4=PALM(198,2314) [filtered=8163]
cnt=4 s0=PALM(4419,2034) s2=fng (1251,499) s3=fng (3185,539) s4=PALM(198,2302) [filtered=8164]
cnt=4 s0=PALM(4419,2032) s2=fng (1245,482) s3=fng (3189,532) s4=PALM(198,2290) [filtered=8165]
cnt=4 s0=PALM(4419,2030) s2=fng (1239,465) s3=fng (3193,527) s4=PALM(198,2277) [filtered=8166]
cnt=4 s0=PALM(4419,2028) s2=fng (1233,449) s3=fng (3197,522) s4=PALM(198,2265) [filtered=8167]
cnt=3 s0=PALM(4422,2027) s2=fng (1227,434) s4=PALM(198,2259) [filtered=8168]
cnt=3 s0=PALM(4426,2027) s2=fng (1221,419) s4=PALM(198,2251) [filtered=8169]
cnt=2 s0=PALM(4431,2027) s2=fng (1215,406) [filtered=8170]
cnt=2 s0=PALM(4436,2027) s2=fng (1210,395) [filtered=8171]
cnt=2 s0=PALM(4441,2027) s2=fng (1206,384) [filtered=8172]
cnt=1 s0=fng (4447,2030) [filtered=8172]
cnt=1 s0=fng (4453,2033) [filtered=8172]
cnt=1 s0=fng (4459,2035) [filtered=8172]
cnt=1 s0=fng (4465,2037) [filtered=8172]
cnt=1 s0=fng (4470,2037) [filtered=8172]
cnt=1 s0=fng (4476,2039) [filtered=8172]
cnt=1 s0=fng (4482,2041) [filtered=8172]
cnt=1 s0=fng (4488,2044) [filtered=8172]
cnt=1 s0=fng (4494,2047) [filtered=8172]
cnt=1 s0=fng (4499,2048) [filtered=8172]
cnt=1 s0=fng (4504,2051) [filtered=8172]
cnt=1 s0=fng (4509,2054) [filtered=8172]
cnt=1 s0=fng (4514,2057) [filtered=8172]
cnt=1 s0=fng (4518,2059) [filtered=8172]
cnt=1 s0=fng (4522,2062) [filtered=8172]
cnt=1 s0=fng (4525,2064) [filtered=8172]
cnt=1 s0=fng (4529,2066) [filtered=8172]
cnt=1 s0=fng (4533,2068) [filtered=8172]
cnt=1 s0=fng (4536,2069) [filtered=8172]
cnt=1 s0=fng (4539,2071) [filtered=8172]
cnt=1 s0=fng (4542,2073) [filtered=8172]
cnt=1 s0=fng (4545,2076) [filtered=8172]
cnt=1 s0=fng (4548,2079) [filtered=8172]
cnt=1 s0=fng (4550,2080) [filtered=8172]
cnt=1 s0=fng (4552,2083) [filtered=8172]
cnt=1 s0=fng (4555,2087) [filtered=8172]
cnt=1 s0=fng (4558,2091) [filtered=8172]
cnt=1 s0=fng (4560,2094) [filtered=8172]
cnt=1 s0=fng (4563,2099) [filtered=8172]
cnt=1 s0=fng (4566,2104) [filtered=8172]
cnt=1 s0=fng (4569,2109) [filtered=8172]
cnt=1 s0=fng (4572,2114) [filtered=8172]
cnt=1 s0=fng (4574,2118) [filtered=8172]
cnt=1 s0=fng (4577,2123) [filtered=8172]
cnt=1 s0=fng (4580,2128) [filtered=8172]
cnt=1 s0=fng (4584,2134) [filtered=8172]
cnt=1 s0=fng (4588,2141) [filtered=8172]
cnt=1 s0=fng (4590,2147) [filtered=8172]
cnt=1 s0=fng (4594,2154) [filtered=8172]
cnt=1 s0=fng (4598,2161) [filtered=8172]
cnt=1 s0=fng (4603,2168) [filtered=8172]
cnt=1 s0=fng (4609,2175) [filtered=8172]
cnt=1 s0=fng (4615,2182) [filtered=8172]
cnt=1 s0=fng (4622,2190) [filtered=8172]
cnt=1 s0=fng (4629,2198) [filtered=8172]
cnt=1 s0=fng (4629,2198) [filtered=8172]
cnt=2 s0=fng (2876,1566) s1=fng (1328,1183) [filtered=8172]
cnt=2 s0=fng (2876,1565) s1=fng (1328,1183) [filtered=8172]
cnt=2 s0=fng (2876,1565) s1=fng (1328,1183) [filtered=8172]
cnt=2 s0=fng (2876,1564) s1=fng (1327,1182) [filtered=8172]
cnt=2 s0=fng (2876,1562) s1=fng (1326,1181) [filtered=8172]
cnt=2 s0=fng (2877,1560) s1=fng (1326,1180) [filtered=8172]
cnt=2 s0=fng (2877,1557) s1=fng (1325,1179) [filtered=8172]
cnt=2 s0=fng (2877,1555) s1=fng (1325,1178) [filtered=8172]
cnt=2 s0=fng (2878,1551) s1=fng (1324,1177) [filtered=8172]
cnt=2 s0=fng (2879,1544) s1=fng (1323,1175) [filtered=8172]
cnt=2 s0=fng (2881,1532) s1=fng (1322,1171) [filtered=8172]
cnt=2 s0=fng (2882,1521) s1=fng (1322,1169) [filtered=8172]
cnt=3 s0=fng (2884,1508) s1=fng (1321,1165) s2=PALM(4746,2376) [filtered=8173]
cnt=3 s0=fng (2888,1491) s1=fng (1320,1161) s2=PALM(4746,2376) [filtered=8174]
cnt=3 s0=fng (2892,1470) s1=fng (1318,1156) s2=PALM(4746,2376) [filtered=8175]
cnt=3 s0=fng (2897,1444) s1=fng (1315,1147) s2=PALM(4745,2375) [filtered=8176]
cnt=3 s0=fng (2902,1419) s1=fng (1314,1138) s2=PALM(4745,2374) [filtered=8177]
cnt=3 s0=fng (2908,1390) s1=fng (1311,1126) s2=PALM(4744,2373) [filtered=8178]
cnt=3 s0=fng (2916,1357) s1=fng (1306,1111) s2=PALM(4741,2370) [filtered=8179]
cnt=3 s0=fng (2925,1321) s1=fng (1301,1094) s2=PALM(4734,2364) [filtered=8180]
cnt=3 s0=fng (2934,1285) s1=fng (1298,1077) s2=PALM(4727,2359) [filtered=8181]
cnt=3 s0=fng (2945,1247) s1=fng (1294,1060) s2=PALM(4715,2350) [filtered=8182]
cnt=3 s0=fng (2958,1208) s1=fng (1291,1042) s2=PALM(4698,2337) [filtered=8183]
cnt=3 s0=fng (2970,1170) s1=fng (1289,1025) s2=PALM(4682,2325) [filtered=8184]
cnt=3 s0=fng (2983,1133) s1=fng (1287,1007) s2=PALM(4660,2309) [filtered=8185]
cnt=3 s0=fng (2996,1097) s1=fng (1286,988) s2=PALM(4636,2292) [filtered=8186]
cnt=3 s0=fng (3008,1062) s1=fng (1285,970) s2=PALM(4613,2276) [filtered=8187]
cnt=3 s0=fng (3021,1028) s1=fng (1284,950) s2=PALM(4595,2258) [filtered=8188]
cnt=3 s0=fng (3034,993) s1=fng (1283,928) s2=PALM(4579,2240) [filtered=8189]
cnt=3 s0=fng (3046,959) s1=fng (1282,907) s2=PALM(4564,2223) [filtered=8190]
cnt=3 s0=fng (3058,926) s1=fng (1282,886) s2=PALM(4552,2206) [filtered=8191]
cnt=3 s0=fng (3071,895) s1=fng (1283,863) s2=PALM(4542,2189) [filtered=8192]
cnt=3 s0=fng (3083,864) s1=fng (1284,841) s2=PALM(4532,2173) [filtered=8193]
cnt=3 s0=fng (3093,834) s1=fng (1285,819) s2=PALM(4523,2158) [filtered=8194]
cnt=3 s0=fng (3102,804) s1=fng (1287,798) s2=PALM(4516,2143) [filtered=8195]
cnt=3 s0=fng (3111,774) s1=fng (1290,776) s2=PALM(4510,2128) [filtered=8196]
cnt=3 s0=fng (3120,744) s1=fng (1292,755) s2=PALM(4504,2114) [filtered=8197]
cnt=3 s0=fng (3128,714) s1=fng (1295,734) s2=PALM(4501,2101) [filtered=8198]
cnt=3 s0=fng (3135,684) s1=fng (1298,713) s2=PALM(4499,2089) [filtered=8199]
cnt=3 s0=fng (3142,654) s1=fng (1300,692) s2=PALM(4497,2077) [filtered=8200]
cnt=3 s0=fng (3148,626) s1=fng (1302,674) s2=PALM(4497,2065) [filtered=8201]
cnt=3 s0=fng (3154,601) s1=fng (1305,658) s2=PALM(4497,2053) [filtered=8202]
cnt=2 s0=fng (3160,580) s2=PALM(4497,2042) [filtered=8203]
cnt=2 s0=fng (3164,564) s2=PALM(4497,2032) [filtered=8204]
cnt=2 s0=fng (3168,548) s2=PALM(4497,2023) [filtered=8205]
cnt=1 s2=fng (4497,2014) [filtered=8205]
cnt=1 s2=fng (4500,2007) [filtered=8205]
cnt=1 s2=fng (4503,2002) [filtered=8205]
cnt=1 s2=fng (4506,1998) [filtered=8205]
cnt=1 s2=fng (4509,1994) [filtered=8205]
cnt=1 s2=fng (4513,1991) [filtered=8205]
cnt=1 s2=fng (4517,1989) [filtered=8205]
cnt=1 s2=fng (4522,1987) [filtered=8205]
cnt=1 s2=fng (4527,1986) [filtered=8205]
cnt=1 s2=fng (4532,1987) [filtered=8205]
cnt=1 s2=fng (4537,1986) [filtered=8205]
cnt=1 s2=fng (4542,1985) [filtered=8205]
cnt=1 s2=fng (4547,1985) [filtered=8205]
cnt=1 s2=fng (4551,1985) [filtered=8205]
cnt=1 s2=fng (4554,1985) [filtered=8205]
cnt=1 s2=fng (4558,1986) [filtered=8205]
cnt=1 s2=fng (4562,1988) [filtered=8205]
cnt=1 s2=fng (4566,1991) [filtered=8205]
cnt=1 s2=fng (4569,1992) [filtered=8205]
cnt=1 s2=fng (4571,1995) [filtered=8205]
cnt=1 s2=fng (4573,1999) [filtered=8205]
cnt=1 s2=fng (4573,1999) [filtered=8205]
cnt=2 s0=fng (2957,1877) s1=fng (1210,1359) [filtered=8205]
cnt=2 s0=fng (2957,1877) s1=fng (1210,1359) [filtered=8205]
cnt=2 s0=fng (2957,1877) s1=fng (1210,1358) [filtered=8205]
cnt=2 s0=fng (2957,1877) s1=fng (1210,1357) [filtered=8205]
cnt=2 s0=fng (2957,1877) s1=fng (1210,1356) [filtered=8205]
cnt=2 s0=fng (2957,1876) s1=fng (1209,1354) [filtered=8205]
cnt=2 s0=fng (2957,1876) s1=fng (1209,1353) [filtered=8205]
cnt=2 s0=fng (2956,1875) s1=fng (1209,1351) [filtered=8205]
cnt=2 s0=fng (2955,1874) s1=fng (1208,1348) [filtered=8205]
cnt=2 s0=fng (2955,1872) s1=fng (1207,1344) [filtered=8205]
cnt=2 s0=fng (2955,1871) s1=fng (1207,1341) [filtered=8205]
cnt=2 s0=fng (2954,1869) s1=fng (1206,1334) [filtered=8205]
cnt=2 s0=fng (2954,1866) s1=fng (1205,1325) [filtered=8205]
cnt=2 s0=fng (2953,1862) s1=fng (1203,1315) [filtered=8205]
cnt=2 s0=fng (2953,1857) s1=fng (1202,1303) [filtered=8205]
cnt=2 s0=fng (2953,1854) s1=fng (1201,1292) [filtered=8205]
cnt=2 s0=fng (2952,1847) s1=fng (1201,1281) [filtered=8205]
cnt=2 s0=fng (2951,1837) s1=fng (1201,1270) [filtered=8205]
cnt=2 s0=fng (2950,1824) s1=fng (1201,1259) [filtered=8205]
cnt=2 s0=fng (2949,1806) s1=fng (1201,1247) [filtered=8205]
cnt=2 s0=fng (2949,1789) s1=fng (1201,1236) [filtered=8205]
cnt=2 s0=fng (2949,1770) s1=fng (1201,1224) [filtered=8205]
cnt=2 s0=fng (2949,1748) s1=fng (1202,1212) [filtered=8205]
cnt=2 s0=fng (2950,1722) s1=fng (1203,1199) [filtered=8205]
cnt=2 s0=fng (2950,1696) s1=fng (1203,1187) [filtered=8205]
cnt=2 s0=fng (2952,1667) s1=fng (1204,1174) [filtered=8205]
cnt=2 s0=fng (2955,1634) s1=fng (1205,1160) [filtered=8205]
cnt=2 s0=fng (2960,1597) s1=fng (1207,1145) [filtered=8205]
cnt=2 s0=fng (2966,1555) s1=fng (1209,1130) [filtered=8205]
cnt=2 s0=fng (2971,1514) s1=fng (1210,1115) [filtered=8205]
cnt=3 s0=fng (2978,1473) s1=fng (1211,1099) s2=PALM(4680,2325) [filtered=8206]
cnt=3 s0=fng (2986,1430) s1=fng (1212,1082) s2=PALM(4680,2324) [filtered=8207]
cnt=3 s0=fng (2993,1388) s1=fng (1213,1066) s2=PALM(4680,2324) [filtered=8208]
cnt=3 s0=fng (3001,1346) s1=fng (1214,1050) s2=PALM(4679,2323) [filtered=8209]
cnt=3 s0=fng (3009,1304) s1=fng (1215,1032) s2=PALM(4677,2321) [filtered=8210]
cnt=3 s0=fng (3017,1262) s1=fng (1217,1014) s2=PALM(4672,2316) [filtered=8211]
cnt=3 s0=fng (3025,1221) s1=fng (1218,997) s2=PALM(4669,2313) [filtered=8212]
cnt=3 s0=fng (3032,1180) s1=fng (1219,978) s2=PALM(4664,2308) [filtered=8213]
cnt=3 s0=fng (3039,1140) s1=fng (1220,958) s2=PALM(4657,2301) [filtered=8214]
cnt=3 s0=fng (3045,1100) s1=fng (1222,938) s2=PALM(4650,2291) [filtered=8215]
cnt=3 s0=fng (3050,1061) s1=fng (1223,919) s2=PALM(4643,2282) [filtered=8216]
cnt=3 s0=fng (3055,1024) s1=fng (1225,899) s2=PALM(4636,2272) [filtered=8217]
cnt=3 s0=fng (3060,987) s1=fng (1227,880) s2=PALM(4629,2261) [filtered=8218]
cnt=3 s0=fng (3065,953) s1=fng (1229,861) s2=PALM(4623,2249) [filtered=8219]
cnt=3 s0=fng (3069,920) s1=fng (1230,843) s2=PALM(4617,2237) [filtered=8220]
cnt=3 s0=fng (3075,890) s1=fng (1231,824) s2=PALM(4612,2225) [filtered=8221]
cnt=3 s0=fng (3080,866) s1=fng (1233,806) s2=PALM(4608,2213) [filtered=8222]
cnt=3 s0=fng (3084,846) s1=fng (1236,790) s2=PALM(4604,2202) [filtered=8223]
cnt=2 s1=fng (1237,782) s2=PALM(4602,2191) [filtered=8224]
cnt=2 s1=fng (1240,771) s2=PALM(4601,2179) [filtered=8225]
cnt=2 s1=fng (1241,760) s2=PALM(4601,2168) [filtered=8226]
cnt=1 s2=fng (4600,2157) [filtered=8226]
cnt=1 s2=fng (4601,2147) [filtered=8226]
cnt=1 s2=fng (4603,2138) [filtered=8226]
cnt=1 s2=fng (4605,2130) [filtered=8226]
cnt=1 s2=fng (4606,2122) [filtered=8226]
cnt=1 s2=fng (4608,2115) [filtered=8226]
cnt=1 s2=fng (4609,2109) [filtered=8226]
cnt=1 s2=fng (4611,2104) [filtered=8226]
cnt=1 s2=fng (4612,2099) [filtered=8226]
cnt=1 s2=fng (4613,2095) [filtered=8226]
cnt=1 s0=fng (4714,1779) [filtered=8226]
cnt=1 s0=fng (4714,1779) [filtered=8226]
cnt=1 s0=fng (4714,1779) [filtered=8226]
cnt=1 s0=fng (4714,1779) [filtered=8226]
cnt=1 s0=fng (4714,1780) [filtered=8226]
cnt=1 s0=fng (4714,1780) [filtered=8226]
cnt=1 s0=fng (4714,1780) [filtered=8226]
cnt=1 s0=fng (4714,1781) [filtered=8226]
cnt=1 s0=fng (4714,1781) [filtered=8226]
cnt=1 s0=fng (4714,1781) [filtered=8226]
cnt=1 s0=fng (4714,1781) [filtered=8226]
cnt=1 s0=fng (4714,1781) [filtered=8226]
cnt=1 s0=fng (4713,1781) [filtered=8226]
cnt=1 s0=fng (4712,1781) [filtered=8226]
cnt=1 s0=fng (4711,1781) [filtered=8226]
cnt=1 s0=fng (4710,1780) [filtered=8226]
cnt=1 s0=fng (4710,1780) [filtered=8226]
cnt=1 s0=fng (4709,1780) [filtered=8226]
cnt=1 s0=fng (4708,1779) [filtered=8226]
cnt=1 s0=fng (4707,1778) [filtered=8226]
cnt=1 s0=fng (4706,1777)* [filtered=8226]
cnt=1 s0=fng (4705,1776)* [filtered=8226]
cnt=1 s0=fng (4704,1775)* [filtered=8226]
cnt=1 s0=fng (4703,1773)* [filtered=8226]
cnt=1 s0=fng (4701,1770) [filtered=8226]
cnt=1 s0=fng (4700,1768) [filtered=8226]
cnt=1 s0=fng (4698,1765) [filtered=8226]
cnt=1 s0=fng (4696,1761) [filtered=8226]
cnt=1 s0=fng (4694,1757) [filtered=8226]
cnt=1 s0=fng (4691,1753) [filtered=8226]
cnt=1 s0=fng (4690,1750) [filtered=8226]
cnt=1 s0=fng (4689,1746) [filtered=8226]
cnt=1 s0=fng (4688,1742) [filtered=8226]
cnt=1 s0=fng (4686,1738) [filtered=8226]
cnt=1 s0=fng (4685,1734) [filtered=8226]
cnt=1 s0=fng (4684,1731) [filtered=8226]
cnt=1 s0=fng (4683,1728) [filtered=8226]
cnt=1 s0=fng (4681,1725) [filtered=8226]
cnt=1 s0=fng (4679,1721) [filtered=8226]
cnt=1 s0=fng (4678,1718) [filtered=8226]
cnt=1 s0=fng (4677,1716) [filtered=8226]
cnt=1 s0=fng (4675,1714) [filtered=8226]
cnt=1 s0=fng (4673,1712) [filtered=8226]
cnt=1 s0=fng (4671,1710) [filtered=8226]
cnt=1 s0=fng (4670,1709) [filtered=8226]
cnt=1 s0=fng (4668,1707) [filtered=8226]
cnt=1 s0=fng (4665,1706) [filtered=8226]
cnt=1 s0=fng (4662,1704) [filtered=8226]
cnt=1 s0=fng (4660,1703) [filtered=8226]
cnt=1 s0=fng (4658,1702) [filtered=8226]
cnt=1 s0=fng (4655,1700) [filtered=8226]
cnt=1 s0=fng (4652,1699) [filtered=8226]
cnt=1 s0=fng (4649,1697) [filtered=8226]
cnt=1 s0=fng (4647,1696) [filtered=8226]
cnt=1 s0=fng (4644,1695) [filtered=8226]
cnt=1 s0=fng (4641,1694) [filtered=8226]
cnt=1 s0=fng (4638,1693) [filtered=8226]
cnt=1 s0=fng (4635,1692) [filtered=8226]
cnt=1 s0=fng (4633,1691) [filtered=8226]
cnt=1 s0=fng (4631,1690) [filtered=8226]
cnt=1 s0=fng (4628,1689) [filtered=8226]
cnt=1 s0=fng (4626,1688) [filtered=8226]
cnt=1 s0=fng (4625,1687) [filtered=8226]
cnt=1 s0=fng (4624,1687) [filtered=8226]
cnt=1 s0=fng (4623,1686) [filtered=8226]
cnt=1 s0=fng (4622,1686) [filtered=8226]
cnt=1 s0=fng (4620,1686) [filtered=8226]
cnt=1 s0=fng (4619,1686) [filtered=8226]
cnt=1 s0=fng (4619,1686) [filtered=8226]
cnt=1 s0=fng (4619,1686) [filtered=8226]
cnt=1 s0=fng (4619,1686) [filtered=8226]
cnt=1 s0=fng (4619,1686) [filtered=8226]
cnt=1 s0=fng (4619,1686) [filtered=8226]
cnt=1 s0=fng (4619,1686) [filtered=8226]
cnt=1 s0=fng (4620,1687) [filtered=8226]
cnt=1 s0=fng (4621,1688) [filtered=8226]
cnt=1 s0=fng (4622,1688) [filtered=8226]
cnt=1 s0=fng (4623,1689) [filtered=8226]
cnt=1 s0=fng (4624,1690) [filtered=8226]
cnt=1 s0=fng (4625,1691) [filtered=8226]
cnt=1 s0=fng (4627,1692)* [filtered=8226]
cnt=1 s0=fng (4628,1693)* [filtered=8226]
cnt=2 s0=PALM(4630,1694)* s1=PALM(27,2173) [filtered=8227]
cnt=2 s0=PALM(4633,1696) s1=PALM(27,2173) [filtered=8228]
cnt=2 s0=PALM(4636,1698) s1=PALM(27,2173) [filtered=8229]
cnt=2 s0=PALM(4639,1700) s1=PALM(27,2173) [filtered=8230]
cnt=2 s0=PALM(4641,1701) s1=PALM(27,2173) [filtered=8231]
cnt=2 s0=PALM(4644,1702) s1=PALM(27,2172) [filtered=8232]
cnt=2 s0=PALM(4647,1704) s1=PALM(27,2172) [filtered=8233]
cnt=2 s0=PALM(4650,1706) s1=PALM(27,2172) [filtered=8234]
cnt=2 s0=PALM(4652,1707) s1=PALM(27,2172) [filtered=8235]
cnt=2 s0=PALM(4655,1709) s1=PALM(27,2171) [filtered=8236]
cnt=2 s0=PALM(4658,1711) s1=PALM(27,2170) [filtered=8237]
cnt=2 s0=PALM(4661,1714) s1=PALM(27,2169) [filtered=8238]
cnt=2 s0=PALM(4664,1716) s1=PALM(27,2168) [filtered=8239]
cnt=2 s0=PALM(4666,1717) s1=PALM(27,2168) [filtered=8240]
cnt=2 s0=PALM(4669,1720) s1=PALM(27,2167) [filtered=8241]
cnt=2 s0=PALM(4673,1723) s1=PALM(27,2166) [filtered=8242]
cnt=2 s0=PALM(4677,1727) s1=PALM(27,2164) [filtered=8243]
cnt=2 s0=PALM(4680,1729) s1=PALM(27,2163) [filtered=8244]
cnt=2 s0=PALM(4683,1733) s1=PALM(28,2162) [filtered=8245]
cnt=2 s0=PALM(4687,1737) s1=PALM(29,2161) [filtered=8246]
cnt=2 s0=PALM(4691,1741) s1=PALM(30,2159)* [filtered=8247]
cnt=2 s0=PALM(4694,1746) s1=PALM(31,2157)* [filtered=8248]
cnt=2 s0=PALM(4696,1750) s1=PALM(31,2156)* [filtered=8249]
cnt=2 s0=PALM(4700,1755) s1=PALM(32,2154)* [filtered=8250]
cnt=2 s0=PALM(4704,1760) s1=PALM(33,2151) [filtered=8251]
cnt=2 s0=PALM(4708,1766) s1=PALM(34,2148) [filtered=8252]
cnt=2 s0=PALM(4711,1772) s1=PALM(36,2143) [filtered=8253]
cnt=2 s0=PALM(4713,1777) s1=PALM(37,2140) [filtered=8254]
cnt=2 s0=PALM(4715,1783) s1=PALM(39,2135) [filtered=8255]
cnt=2 s0=PALM(4718,1789) s1=PALM(41,2130) [filtered=8256]
cnt=2 s0=PALM(4721,1795) s1=PALM(44,2125) [filtered=8257]
cnt=2 s0=PALM(4724,1801) s1=PALM(46,2120) [filtered=8258]
cnt=2 s0=PALM(4726,1806) s1=PALM(46,2116) [filtered=8259]
cnt=2 s0=PALM(4728,1812) s1=PALM(47,2113) [filtered=8260]
cnt=2 s0=PALM(4730,1818) s1=PALM(48,2111) [filtered=8261]
cnt=2 s0=PALM(4732,1823) s1=PALM(49,2109) [filtered=8262]
cnt=2 s0=PALM(4733,1827) s1=PALM(49,2108) [filtered=8263]
cnt=2 s0=PALM(4735,1832) s1=PALM(49,2108) [filtered=8264]
cnt=2 s0=PALM(4737,1837) s1=PALM(49,2108) [filtered=8265]
cnt=2 s0=PALM(4739,1842) s1=PALM(49,2109) [filtered=8266]
cnt=2 s0=PALM(4743,1846) s1=PALM(49,2110) [filtered=8267]
cnt=2 s0=PALM(4745,1849) s1=PALM(49,2110) [filtered=8268]
cnt=2 s0=PALM(4748,1852) s1=PALM(49,2111) [filtered=8269]
cnt=2 s0=PALM(4751,1856) s1=PALM(49,2112) [filtered=8270]
cnt=1 s0=fng (4754,1859) [filtered=8270]
cnt=1 s0=fng (4756,1862) [filtered=8270]
cnt=1 s0=fng (4757,1864) [filtered=8270]
cnt=1 s0=fng (4758,1866) [filtered=8270]
cnt=1 s0=fng (4759,1869) [filtered=8270]
cnt=1 s0=fng (4760,1871) [filtered=8270]
cnt=1 s0=fng (4760,1873) [filtered=8270]
cnt=1 s0=fng (4760,1874) [filtered=8270]
cnt=1 s0=fng (4760,1875) [filtered=8270]
cnt=1 s0=fng (4760,1876) [filtered=8270]
cnt=1 s0=fng (4760,1876) [filtered=8270]
cnt=1 s0=fng (4760,1877) [filtered=8270]
cnt=1 s0=fng (4760,1877) [filtered=8270]
cnt=1 s0=fng (4760,1877) [filtered=8270]
cnt=1 s0=fng (4760,1876) [filtered=8270]
cnt=1 s0=fng (4760,1875) [filtered=8270]
cnt=1 s0=fng (4760,1875) [filtered=8270]
cnt=1 s0=fng (4759,1874) [filtered=8270]
cnt=1 s0=fng (4759,1873) [filtered=8270]
cnt=1 s0=fng (4759,1871) [filtered=8270]
cnt=1 s0=fng (4759,1869) [filtered=8270]
cnt=1 s0=fng (4759,1868) [filtered=8270]
cnt=1 s0=fng (4759,1867) [filtered=8270]
cnt=1 s0=fng (4759,1866) [filtered=8270]
cnt=1 s0=fng (4759,1864)* [filtered=8270]
cnt=1 s0=fng (4759,1862)* [filtered=8270]
cnt=1 s0=fng (4759,1861)* [filtered=8270]
cnt=1 s0=fng (4759,1859)* [filtered=8270]
cnt=1 s0=fng (4759,1857)* [filtered=8270]
cnt=1 s0=fng (4759,1855)* [filtered=8270]
cnt=1 s0=fng (1091,31) [filtered=8270]
cnt=1 s0=fng (1091,31) [filtered=8270]
cnt=1 s0=fng (1091,31) [filtered=8270]
cnt=1 s0=fng (1091,31) [filtered=8270]
cnt=1 s0=fng (1091,31) [filtered=8270]
cnt=1 s0=fng (1091,31) [filtered=8270]
cnt=1 s0=fng (1091,31) [filtered=8270]
cnt=1 s0=fng (1091,31) [filtered=8270]
cnt=1 s0=fng (1091,31) [filtered=8270]
cnt=1 s0=fng (1091,31) [filtered=8270]
cnt=1 s0=fng (1091,31) [filtered=8270]
cnt=1 s0=fng (1091,31) [filtered=8270]
cnt=1 s0=fng (1091,31) [filtered=8270]
cnt=1 s0=fng (1091,31) [filtered=8270]
cnt=1 s0=fng (1091,31) [filtered=8270]
cnt=1 s0=fng (1091,31) [filtered=8270]
cnt=1 s0=fng (1091,31) [filtered=8270]
cnt=1 s0=fng (1090,31) [filtered=8270]
cnt=1 s0=fng (1090,31) [filtered=8270]
cnt=1 s0=fng (1089,31) [filtered=8270]
cnt=1 s0=fng (4754,1665) [filtered=8270]
cnt=1 s0=fng (4754,1665) [filtered=8270]
cnt=1 s0=fng (4754,1665) [filtered=8270]
cnt=1 s0=fng (4754,1665) [filtered=8270]
cnt=1 s0=fng (4754,1665) [filtered=8270]
cnt=1 s0=fng (4754,1665) [filtered=8270]
cnt=1 s0=fng (4754,1665) [filtered=8270]
cnt=1 s0=fng (4754,1665) [filtered=8270]
cnt=1 s0=fng (4754,1665) [filtered=8270]
cnt=1 s0=fng (4754,1665) [filtered=8270]
cnt=1 s0=fng (4754,1665) [filtered=8270]
cnt=1 s0=fng (4754,1665) [filtered=8270]
cnt=1 s0=fng (4754,1665) [filtered=8270]
cnt=1 s0=fng (4754,1665) [filtered=8270]
cnt=1 s0=fng (4754,1665) [filtered=8270]
cnt=1 s0=fng (4754,1665) [filtered=8270]
cnt=1 s0=fng (4754,1665) [filtered=8270]
cnt=1 s0=fng (4754,1665) [filtered=8270]
cnt=1 s0=fng (4754,1665) [filtered=8270]
cnt=1 s0=fng (4754,1665) [filtered=8270]
cnt=1 s0=fng (4754,1665)* [filtered=8270]
cnt=1 s0=fng (4754,1665)* [filtered=8270]
cnt=1 s0=fng (4754,1665)* [filtered=8270]
cnt=1 s0=fng (4754,1665)* [filtered=8270]
cnt=1 s0=fng (4753,1665)* [filtered=8270]
cnt=1 s0=fng (4752,1665)* [filtered=8270]
cnt=1 s0=fng (4751,1664)* [filtered=8270]
cnt=1 s0=fng (4751,1664)* [filtered=8270]
cnt=1 s0=fng (4751,1664)* [filtered=8270]
cnt=1 s0=fng (4750,1663)* [filtered=8270]
cnt=1 s0=fng (4750,1663)* [filtered=8270]
cnt=1 s0=fng (4750,1662)* [filtered=8270]
cnt=1 s0=fng (4750,1662)* [filtered=8270]
cnt=1 s0=fng (4750,1661)* [filtered=8270]
cnt=1 s0=fng (4749,1661)* [filtered=8270]
cnt=1 s0=fng (4749,1660)* [filtered=8270]
cnt=1 s0=fng (4749,1660)* [filtered=8270]
cnt=1 s0=fng (4749,1660)* [filtered=8270]
cnt=1 s0=fng (4749,1659)* [filtered=8270]
cnt=1 s0=fng (4749,1659)* [filtered=8270]
cnt=1 s0=fng (4749,1658)* [filtered=8270]
cnt=1 s0=fng (4749,1657)* [filtered=8270]
cnt=1 s0=fng (4749,1657)* [filtered=8270]
cnt=1 s0=fng (4749,1657)* [filtered=8270]
cnt=1 s0=fng (4749,1656)* [filtered=8270]
cnt=1 s0=fng (4749,1656)* [filtered=8270]
cnt=1 s0=fng (4749,1655)* [filtered=8270]
cnt=1 s0=fng (4749,1655)* [filtered=8270]
cnt=1 s0=fng (4749,1654)* [filtered=8270]
cnt=1 s0=fng (4749,1654)* [filtered=8270]
cnt=1 s0=fng (4749,1654)* [filtered=8270]
cnt=1 s0=fng (4749,1654)* [filtered=8270]
cnt=1 s0=fng (4749,1654)* [filtered=8270]
cnt=1 s0=fng (4749,1654)* [filtered=8270]
cnt=1 s0=fng (4749,1654)* [filtered=8270]
cnt=1 s0=fng (4749,1654)* [filtered=8270]
cnt=1 s0=fng (4749,1654)* [filtered=8270]
cnt=1 s0=fng (4749,1654)* [filtered=8270]
cnt=1 s0=fng (4748,1654)* [filtered=8270]
cnt=1 s0=fng (4748,1654)* [filtered=8270]
cnt=1 s0=fng (4748,1654)* [filtered=8270]
cnt=1 s0=fng (4748,1654)* [filtered=8270]
cnt=1 s0=fng (4748,1654)* [filtered=8270]
cnt=1 s0=fng (4748,1654)* [filtered=8270]
cnt=1 s0=fng (4747,1654)* [filtered=8270]
cnt=1 s0=fng (4746,1654)* [filtered=8270]
cnt=1 s0=fng (4746,1654)* [filtered=8270]
cnt=1 s0=fng (4745,1654)* [filtered=8270]
cnt=1 s0=fng (4745,1654)* [filtered=8270]
cnt=1 s0=fng (4744,1654)* [filtered=8270]
cnt=1 s0=fng (4743,1654)* [filtered=8270]
cnt=1 s0=fng (4743,1654)* [filtered=8270]
cnt=1 s0=fng (4742,1654)* [filtered=8270]
cnt=1 s0=fng (4742,1654)* [filtered=8270]
cnt=1 s0=fng (4742,1654)* [filtered=8270]
cnt=1 s0=fng (4742,1654)* [filtered=8270]
cnt=1 s0=fng (4742,1654)* [filtered=8270]
cnt=1 s0=fng (4742,1654)* [filtered=8270]
cnt=1 s0=fng (4742,1654)* [filtered=8270]
cnt=1 s0=fng (4742,1654)* [filtered=8270]
cnt=1 s0=fng (4742,1654)* [filtered=8270]
cnt=1 s0=fng (4742,1654)* [filtered=8270]
cnt=1 s0=fng (4742,1654)* [filtered=8270]
cnt=1 s0=fng (4742,1654)* [filtered=8270]
cnt=1 s0=fng (4742,1654)* [filtered=8270]
cnt=1 s0=fng (4742,1654)* [filtered=8270]
cnt=1 s0=fng (4742,1654)* [filtered=8270]
cnt=1 s0=fng (4742,1654)* [filtered=8270]
cnt=1 s0=fng (4742,1654)* [filtered=8270]
cnt=1 s0=fng (4742,1654)* [filtered=8270]
cnt=1 s0=fng (4742,1654)* [filtered=8270]
cnt=1 s0=fng (4742,1654)* [filtered=8270]
cnt=1 s0=fng (4742,1654)* [filtered=8270]
cnt=1 s0=fng (4742,1654)* [filtered=8270]
cnt=1 s0=fng (4742,1654)* [filtered=8270]
cnt=1 s0=fng (4742,1654)* [filtered=8270]
cnt=1 s0=fng (4742,1654)* [filtered=8270]
cnt=1 s0=fng (4742,1654)* [filtered=8270]
cnt=1 s0=fng (4742,1654)* [filtered=8270]
cnt=1 s0=fng (4742,1654)* [filtered=8270]
cnt=1 s0=fng (4742,1654)* [filtered=8270]
cnt=1 s0=fng (4742,1654)* [filtered=8270]
cnt=1 s0=fng (4742,1654)* [filtered=8270]
cnt=1 s0=fng (4742,1654)* [filtered=8270]
cnt=1 s0=fng (4742,1654)* [filtered=8270]
cnt=1 s0=fng (4742,1654)* [filtered=8270]
cnt=1 s0=fng (4742,1654)* [filtered=8270]
cnt=1 s0=fng (4742,1654)* [filtered=8270]
cnt=1 s0=fng (4742,1654)* [filtered=8270]
cnt=1 s0=fng (4742,1654)* [filtered=8270]
cnt=1 s0=fng (4742,1654)* [filtered=8270]
cnt=1 s0=fng (4742,1654)* [filtered=8270]
cnt=1 s0=fng (4742,1654)* [filtered=8270]
cnt=1 s0=fng (4742,1654)* [filtered=8270]
cnt=1 s0=fng (4742,1654)* [filtered=8270]
cnt=1 s0=fng (4742,1654)* [filtered=8270]
cnt=1 s0=fng (4742,1653)* [filtered=8270]
cnt=1 s0=fng (4742,1653)* [filtered=8270]
cnt=1 s0=fng (4742,1653)* [filtered=8270]
cnt=1 s0=fng (4742,1652)* [filtered=8270]
cnt=1 s0=fng (4742,1651)* [filtered=8270]
cnt=1 s0=fng (4742,1650)* [filtered=8270]
cnt=1 s0=fng (4742,1650)* [filtered=8270]
cnt=1 s0=fng (4742,1649)* [filtered=8270]
cnt=1 s0=fng (4741,1647)* [filtered=8270]
cnt=1 s0=fng (4740,1645)* [filtered=8270]
cnt=1 s0=fng (4739,1643)* [filtered=8270]
cnt=1 s0=fng (4739,1642)* [filtered=8270]
cnt=1 s0=fng (4738,1640)* [filtered=8270]
cnt=1 s0=fng (4736,1637) [filtered=8270]
cnt=1 s0=fng (4734,1635) [filtered=8270]
cnt=1 s0=fng (4733,1634) [filtered=8270]
cnt=1 s0=fng (4732,1632) [filtered=8270]
cnt=1 s0=fng (4731,1630) [filtered=8270]
cnt=1 s0=fng (4730,1628) [filtered=8270]
cnt=1 s0=fng (4729,1625) [filtered=8270]
cnt=1 s0=fng (4728,1624) [filtered=8270]
cnt=1 s0=fng (4727,1622) [filtered=8270]
cnt=1 s0=fng (4726,1620) [filtered=8270]
cnt=1 s0=fng (4725,1619) [filtered=8270]
cnt=1 s0=fng (4725,1618) [filtered=8270]
cnt=1 s0=fng (4725,1617) [filtered=8270]
cnt=2 s0=PALM(4725,1617) s1=fng (904,13) [filtered=8271]
cnt=2 s0=PALM(4725,1618) s1=fng (904,13) [filtered=8272]
cnt=2 s0=PALM(4725,1618) s1=fng (904,13) [filtered=8273]
cnt=2 s0=PALM(4725,1618) s1=fng (904,13) [filtered=8274]
cnt=2 s0=PALM(4725,1619) s1=fng (904,13) [filtered=8275]
cnt=2 s0=PALM(4725,1621) s1=fng (904,13) [filtered=8276]
cnt=2 s0=PALM(4725,1624) s1=fng (903,13) [filtered=8277]
cnt=2 s0=PALM(4726,1627) s1=fng (903,13) [filtered=8278]
cnt=2 s0=PALM(4727,1628) s1=fng (903,13) [filtered=8279]
cnt=2 s0=PALM(4727,1630) s1=fng (902,13) [filtered=8280]
cnt=2 s0=PALM(4727,1632) s1=fng (901,13) [filtered=8281]
cnt=2 s0=PALM(4727,1633) s1=fng (900,13) [filtered=8282]
cnt=2 s0=PALM(4727,1634) s1=fng (899,13) [filtered=8283]
cnt=2 s0=PALM(4727,1635) s1=fng (898,13) [filtered=8284]
cnt=2 s0=PALM(4727,1636) s1=fng (897,13) [filtered=8285]
cnt=1 s0=fng (4727,1637) [filtered=8285]
cnt=1 s0=fng (4727,1637) [filtered=8285]
cnt=1 s0=fng (4727,1637) [filtered=8285]
cnt=1 s0=fng (4727,1637) [filtered=8285]
cnt=1 s0=fng (4727,1637) [filtered=8285]
cnt=1 s0=fng (4727,1637) [filtered=8285]
cnt=1 s0=fng (4727,1637) [filtered=8285]
cnt=1 s0=fng (4727,1637) [filtered=8285]
cnt=1 s0=fng (4727,1637) [filtered=8285]
cnt=1 s0=fng (4727,1637) [filtered=8285]
cnt=1 s0=fng (4727,1636) [filtered=8285]
cnt=1 s0=fng (4727,1635) [filtered=8285]
cnt=1 s0=fng (4727,1635)* [filtered=8285]
cnt=1 s0=fng (4727,1634)* [filtered=8285]
cnt=1 s0=fng (4727,1633)* [filtered=8285]
cnt=1 s0=fng (4727,1632)* [filtered=8285]
cnt=1 s0=fng (4727,1631)* [filtered=8285]
cnt=1 s0=fng (4727,1631)* [filtered=8285]
cnt=1 s0=fng (4727,1630)* [filtered=8285]
cnt=1 s0=fng (4727,1629)* [filtered=8285]
cnt=1 s0=fng (4727,1628)* [filtered=8285]
cnt=1 s0=fng (4727,1628)* [filtered=8285]
cnt=1 s0=fng (4727,1627)* [filtered=8285]
cnt=1 s0=fng (4728,1626)* [filtered=8285]
cnt=1 s0=fng (4729,1625)* [filtered=8285]
cnt=1 s0=fng (4730,1623)* [filtered=8285]
cnt=1 s0=fng (4730,1622)* [filtered=8285]
cnt=1 s0=fng (4731,1621)* [filtered=8285]
cnt=1 s0=fng (4732,1620)* [filtered=8285]
cnt=1 s0=fng (4732,1618)* [filtered=8285]
cnt=1 s0=fng (4733,1616)* [filtered=8285]
cnt=1 s0=fng (4733,1615)* [filtered=8285]
cnt=1 s0=fng (4733,1614)* [filtered=8285]
cnt=1 s0=fng (4733,1613)* [filtered=8285]
cnt=1 s0=fng (4733,1611)* [filtered=8285]
cnt=1 s0=fng (4733,1609)* [filtered=8285]
cnt=1 s0=fng (4733,1608)* [filtered=8285]
cnt=1 s0=fng (4733,1607)* [filtered=8285]
cnt=1 s0=fng (4733,1606)* [filtered=8285]
cnt=1 s0=fng (4733,1604)* [filtered=8285]
cnt=1 s0=fng (4733,1602)* [filtered=8285]
cnt=1 s0=fng (4733,1601)* [filtered=8285]
cnt=1 s0=fng (4733,1600)* [filtered=8285]
cnt=1 s0=fng (4733,1599)* [filtered=8285]
cnt=1 s0=fng (4733,1597)* [filtered=8285]
cnt=1 s0=fng (4733,1596)* [filtered=8285]
cnt=1 s0=fng (4733,1595)* [filtered=8285]
cnt=1 s0=fng (4733,1594)* [filtered=8285]
cnt=1 s0=fng (4733,1593)* [filtered=8285]
cnt=1 s0=fng (4733,1593)* [filtered=8285]
cnt=1 s0=fng (4733,1593)* [filtered=8285]
cnt=1 s0=fng (4733,1593)* [filtered=8285]
cnt=1 s0=fng (4733,1593)* [filtered=8285]
cnt=1 s0=fng (4733,1593)* [filtered=8285]
cnt=1 s0=fng (4734,1593)* [filtered=8285]
cnt=1 s0=fng (4734,1593)* [filtered=8285]
cnt=1 s0=fng (4735,1593)* [filtered=8285]
cnt=1 s0=fng (4736,1594)* [filtered=8285]
cnt=1 s0=fng (4737,1595)* [filtered=8285]
cnt=1 s0=fng (4738,1595)* [filtered=8285]
cnt=1 s0=fng (4739,1595)* [filtered=8285]
cnt=1 s0=fng (4740,1596)* [filtered=8285]
cnt=1 s0=fng (4741,1597)* [filtered=8285]
cnt=1 s0=fng (4742,1598)* [filtered=8285]
cnt=1 s0=fng (4742,1599)* [filtered=8285]
cnt=1 s0=fng (4743,1600)* [filtered=8285]
cnt=1 s0=fng (4744,1601)* [filtered=8285]
cnt=1 s0=fng (4745,1601)* [filtered=8285]
cnt=1 s0=fng (4746,1602)* [filtered=8285]
cnt=1 s0=fng (4747,1602)* [filtered=8285]
cnt=1 s0=fng (4748,1603)* [filtered=8285]
cnt=1 s0=fng (4749,1604)* [filtered=8285]
cnt=1 s0=fng (4750,1604)* [filtered=8285]
cnt=1 s0=fng (4750,1604)* [filtered=8285]
cnt=1 s0=fng (4751,1605)* [filtered=8285]
cnt=1 s0=fng (4752,1605)* [filtered=8285]
cnt=1 s0=fng (4752,1606)* [filtered=8285]
cnt=1 s0=fng (4752,1607)* [filtered=8285]
cnt=1 s0=fng (4752,1607)* [filtered=8285]
cnt=1 s0=fng (4752,1607)* [filtered=8285]
cnt=1 s0=fng (4752,1608)* [filtered=8285]
cnt=1 s0=fng (4752,1608)* [filtered=8285]
cnt=1 s0=fng (4753,1608)* [filtered=8285]
cnt=1 s0=fng (4754,1608)* [filtered=8285]
cnt=1 s0=fng (4755,1608)* [filtered=8285]
cnt=1 s0=fng (4756,1608)* [filtered=8285]
cnt=1 s0=fng (4757,1608)* [filtered=8285]
cnt=1 s0=fng (4758,1608)* [filtered=8285]
cnt=1 s0=fng (4758,1608)* [filtered=8285]
cnt=1 s0=fng (4759,1608)* [filtered=8285]
cnt=1 s0=fng (4760,1608)* [filtered=8285]
cnt=1 s0=fng (4761,1608)* [filtered=8285]
cnt=1 s0=fng (4762,1608)* [filtered=8285]
cnt=1 s0=fng (4762,1608)* [filtered=8285]
cnt=1 s0=fng (4762,1608)* [filtered=8285]
cnt=1 s0=fng (4762,1608)* [filtered=8285]
cnt=1 s0=fng (4762,1608)* [filtered=8285]
cnt=1 s0=fng (4762,1608)* [filtered=8285]
cnt=1 s0=fng (4762,1608)* [filtered=8285]
cnt=1 s0=fng (4762,1608)* [filtered=8285]
cnt=1 s0=fng (4762,1608)* [filtered=8285]
cnt=1 s0=fng (4762,1608)* [filtered=8285]
cnt=1 s0=fng (4762,1608)* [filtered=8285]
cnt=1 s0=fng (4762,1608)* [filtered=8285]
cnt=1 s0=fng (4762,1608)* [filtered=8285]
cnt=1 s0=fng (4762,1608)* [filtered=8285]
cnt=1 s0=fng (4762,1608)* [filtered=8285]
cnt=1 s0=fng (4762,1608)* [filtered=8285]
cnt=1 s0=fng (4762,1608)* [filtered=8285]
cnt=1 s0=fng (4762,1609)* [filtered=8285]
cnt=1 s0=fng (4762,1610)* [filtered=8285]
cnt=1 s0=fng (4762,1610)* [filtered=8285]
cnt=1 s0=fng (4762,1610)* [filtered=8285]
cnt=1 s0=fng (4762,1611)* [filtered=8285]
cnt=1 s0=fng (4762,1612)* [filtered=8285]
cnt=1 s0=fng (4762,1613)* [filtered=8285]
cnt=1 s0=fng (4762,1613)* [filtered=8285]
cnt=1 s0=fng (4762,1614)* [filtered=8285]
cnt=1 s0=fng (4762,1615)* [filtered=8285]
cnt=1 s0=fng (4762,1615)* [filtered=8285]
cnt=1 s0=fng (4762,1616)* [filtered=8285]
cnt=1 s0=fng (4762,1616)* [filtered=8285]
cnt=1 s0=fng (4762,1617)* [filtered=8285]
cnt=1 s0=fng (4762,1618)* [filtered=8285]
cnt=1 s0=fng (4762,1619)* [filtered=8285]
cnt=1 s0=fng (4762,1619)* [filtered=8285]
cnt=1 s0=fng (4762,1619)* [filtered=8285]
cnt=1 s0=fng (4762,1620)* [filtered=8285]
cnt=1 s0=fng (4762,1620)* [filtered=8285]
cnt=1 s0=fng (4762,1621)* [filtered=8285]
cnt=1 s0=fng (4762,1621)* [filtered=8285]
cnt=1 s0=fng (4762,1621)* [filtered=8285]
cnt=1 s0=fng (4762,1622)* [filtered=8285]
cnt=1 s0=fng (4762,1622)* [filtered=8285]
cnt=1 s0=fng (4762,1622)* [filtered=8285]
cnt=1 s0=fng (4762,1622)* [filtered=8285]
cnt=1 s0=fng (4762,1622)* [filtered=8285]
cnt=1 s0=fng (4762,1622)* [filtered=8285]
cnt=1 s0=fng (4762,1622)* [filtered=8285]
cnt=1 s0=fng (4762,1622)* [filtered=8285]
cnt=1 s0=fng (4762,1622)* [filtered=8285]
cnt=1 s0=fng (4762,1622)* [filtered=8285]
cnt=1 s0=fng (4762,1622)* [filtered=8285]
cnt=1 s0=fng (4762,1622)* [filtered=8285]
cnt=1 s0=fng (4762,1622)* [filtered=8285]
cnt=1 s0=fng (4762,1622)* [filtered=8285]
cnt=1 s0=fng (4762,1622)* [filtered=8285]
cnt=1 s0=fng (4762,1621)* [filtered=8285]
cnt=1 s0=fng (4762,1620)* [filtered=8285]
cnt=1 s0=fng (4762,1620)* [filtered=8285]
cnt=1 s0=fng (4762,1620)* [filtered=8285]
cnt=1 s0=fng (4762,1620)* [filtered=8285]
cnt=1 s0=fng (4762,1620)* [filtered=8285]
cnt=1 s0=fng (4762,1620)* [filtered=8285]
cnt=1 s0=fng (4762,1620)* [filtered=8285]
cnt=1 s0=fng (4762,1620)* [filtered=8285]
cnt=1 s0=fng (4762,1620)* [filtered=8285]
cnt=1 s0=fng (4762,1620)* [filtered=8285]
cnt=1 s0=fng (4762,1620)* [filtered=8285]
cnt=1 s0=fng (4762,1620)* [filtered=8285]
cnt=1 s0=fng (4762,1620)* [filtered=8285]
cnt=1 s0=fng (4762,1620)* [filtered=8285]
cnt=1 s0=fng (4762,1620)* [filtered=8285]
cnt=1 s0=fng (4762,1620)* [filtered=8285]
cnt=1 s0=fng (4762,1620)* [filtered=8285]
cnt=1 s0=fng (4762,1620)* [filtered=8285]
cnt=1 s0=fng (4762,1620)* [filtered=8285]
cnt=1 s0=fng (4762,1620)* [filtered=8285]
cnt=1 s0=fng (4762,1620)* [filtered=8285]
cnt=1 s0=fng (4762,1620)* [filtered=8285]
cnt=1 s0=fng (4762,1620)* [filtered=8285]
cnt=1 s0=fng (4762,1620)* [filtered=8285]
cnt=1 s0=fng (4762,1620)* [filtered=8285]
cnt=1 s0=fng (4762,1620)* [filtered=8285]
cnt=1 s0=fng (4762,1619)* [filtered=8285]
cnt=1 s0=fng (4762,1619)* [filtered=8285]
cnt=1 s0=fng (4762,1618)* [filtered=8285]
cnt=1 s0=fng (4762,1618)* [filtered=8285]
cnt=1 s0=fng (4762,1617)* [filtered=8285]
cnt=1 s0=fng (4762,1616)* [filtered=8285]
cnt=1 s0=fng (4762,1615)* [filtered=8285]
cnt=1 s0=fng (4762,1614)* [filtered=8285]
cnt=1 s0=fng (4762,1613)* [filtered=8285]
cnt=1 s0=fng (4762,1612)* [filtered=8285]
cnt=1 s0=fng (4762,1611)* [filtered=8285]
cnt=1 s0=fng (4762,1609)* [filtered=8285]
cnt=1 s0=fng (4762,1608)* [filtered=8285]
cnt=1 s0=fng (4762,1607)* [filtered=8285]
cnt=1 s0=fng (4762,1607)* [filtered=8285]
cnt=1 s0=fng (4762,1607)* [filtered=8285]
cnt=1 s0=fng (4762,1607)* [filtered=8285]
cnt=1 s0=fng (4762,1607)* [filtered=8285]
cnt=1 s0=fng (4762,1607)* [filtered=8285]
cnt=1 s0=fng (4762,1601) [filtered=8285]
cnt=1 s0=fng (4762,1601) [filtered=8285]
cnt=1 s0=fng (4762,1601) [filtered=8285]
cnt=1 s0=fng (4762,1601) [filtered=8285]
cnt=1 s0=fng (4762,1601) [filtered=8285]
cnt=1 s0=fng (4762,1601) [filtered=8285]
cnt=1 s0=fng (4762,1601) [filtered=8285]
cnt=1 s0=fng (4762,1601) [filtered=8285]
cnt=1 s0=fng (4762,1601) [filtered=8285]
cnt=1 s0=fng (4762,1671) [filtered=8285]
cnt=1 s0=fng (4762,1671) [filtered=8285]
cnt=1 s0=fng (4762,1671) [filtered=8285]
cnt=1 s0=fng (4762,1671) [filtered=8285]
cnt=1 s0=fng (4762,1671) [filtered=8285]
cnt=1 s0=fng (4762,1671) [filtered=8285]
cnt=1 s0=fng (4762,1671) [filtered=8285]
cnt=1 s0=fng (4762,1671) [filtered=8285]
cnt=1 s0=fng (4762,1671) [filtered=8285]
cnt=1 s0=fng (4762,1671) [filtered=8285]
cnt=1 s0=fng (4762,1671) [filtered=8285]
cnt=1 s0=fng (4762,1671) [filtered=8285]
cnt=1 s0=fng (4762,1670) [filtered=8285]
cnt=1 s0=fng (4762,1669) [filtered=8285]
cnt=1 s0=fng (4762,1669) [filtered=8285]
cnt=1 s0=fng (4762,1668) [filtered=8285]
cnt=1 s0=fng (4762,1668) [filtered=8285]
cnt=1 s0=fng (4762,1668) [filtered=8285]
cnt=1 s0=fng (4762,1667) [filtered=8285]
cnt=1 s0=fng (4762,1626) [filtered=8285]
cnt=1 s0=fng (4762,1626) [filtered=8285]
cnt=1 s0=fng (4762,1626) [filtered=8285]
cnt=1 s0=fng (4762,1626) [filtered=8285]
cnt=1 s0=fng (4762,1625) [filtered=8285]
cnt=1 s0=fng (4762,1625) [filtered=8285]
cnt=1 s0=fng (4762,1624) [filtered=8285]
cnt=1 s0=fng (4762,1623) [filtered=8285]
cnt=1 s0=fng (4762,1623) [filtered=8285]
cnt=1 s0=fng (4762,1622) [filtered=8285]
cnt=1 s0=fng (4762,1622) [filtered=8285]
cnt=1 s0=fng (4762,1622) [filtered=8285]
cnt=1 s0=fng (1006,36) [filtered=8285]
cnt=1 s0=fng (1006,36) [filtered=8285]
cnt=1 s0=fng (1006,36) [filtered=8285]
cnt=1 s0=fng (1006,36) [filtered=8285]
cnt=1 s0=fng (1006,36) [filtered=8285]
cnt=1 s0=fng (1006,36) [filtered=8285]
cnt=1 s0=fng (1006,36) [filtered=8285]
cnt=2 s0=fng (1006,36) s1=PALM(4762,1715) [filtered=8286]
cnt=2 s0=fng (1006,36) s1=PALM(4762,1715) [filtered=8287]
cnt=2 s0=fng (1006,36) s1=PALM(4762,1715) [filtered=8288]
cnt=2 s0=fng (1006,36) s1=PALM(4762,1715) [filtered=8289]
cnt=2 s0=fng (1006,36) s1=PALM(4762,1715) [filtered=8290]
cnt=2 s0=fng (1006,36) s1=PALM(4762,1715) [filtered=8291]
cnt=2 s0=fng (1006,36) s1=PALM(4762,1715) [filtered=8292]
cnt=2 s0=fng (1006,36) s1=PALM(4762,1715) [filtered=8293]
cnt=2 s0=fng (1006,36) s1=PALM(4762,1715) [filtered=8294]
cnt=2 s0=fng (1006,36) s1=PALM(4762,1715) [filtered=8295]
cnt=1 s0=fng (1006,36) [filtered=8295]
cnt=1 s0=fng (1006,36) [filtered=8295]
cnt=1 s0=fng (1006,36) [filtered=8295]
cnt=1 s0=fng (1006,36)* [filtered=8295]
cnt=1 s0=fng (1006,36)* [filtered=8295]
cnt=1 s0=fng (1006,36)* [filtered=8295]
cnt=1 s0=fng (1006,36)* [filtered=8295]
cnt=1 s0=fng (1006,36)* [filtered=8295]
cnt=2 s0=fng (1005,36)* s1=PALM(4762,1702) [filtered=8296]
cnt=2 s0=fng (1004,36)* s1=PALM(4762,1702) [filtered=8297]
cnt=2 s0=fng (1002,35)* s1=PALM(4762,1702) [filtered=8298]
cnt=2 s0=fng (1000,34)* s1=PALM(4762,1702) [filtered=8299]
cnt=2 s0=fng (999,34)* s1=PALM(4762,1702) [filtered=8300]
cnt=2 s0=fng (997,33)* s1=PALM(4762,1702) [filtered=8301]
cnt=1 s1=fng (4762,1702) [filtered=8301]
cnt=1 s1=fng (4762,1702) [filtered=8301]
cnt=1 s1=fng (4762,1702) [filtered=8301]
cnt=1 s1=fng (4762,1702) [filtered=8301]
cnt=1 s1=fng (4762,1702) [filtered=8301]
cnt=1 s1=fng (4762,1702) [filtered=8301]
cnt=1 s1=fng (4762,1702) [filtered=8301]
cnt=1 s1=fng (4762,1702) [filtered=8301]
cnt=1 s1=fng (4762,1702) [filtered=8301]
cnt=1 s1=fng (4762,1702) [filtered=8301]
cnt=1 s1=fng (4762,1702) [filtered=8301]
cnt=1 s1=fng (4762,1702) [filtered=8301]
cnt=1 s1=fng (4762,1702) [filtered=8301]
cnt=1 s1=fng (4762,1702) [filtered=8301]
cnt=1 s1=fng (4762,1702)* [filtered=8301]
cnt=1 s1=fng (4762,1702)* [filtered=8301]
cnt=1 s1=fng (4762,1702)* [filtered=8301]
cnt=1 s1=fng (4762,1702)* [filtered=8301]
cnt=1 s1=fng (4762,1702)* [filtered=8301]
cnt=1 s1=fng (4762,1702)* [filtered=8301]
cnt=1 s1=fng (4762,1702)* [filtered=8301]
cnt=1 s1=fng (4762,1702)* [filtered=8301]
cnt=1 s1=fng (4762,1702)* [filtered=8301]
cnt=1 s1=fng (4762,1702)* [filtered=8301]
cnt=1 s1=fng (4762,1702)* [filtered=8301]
cnt=1 s1=fng (4762,1701)* [filtered=8301]
cnt=1 s1=fng (4762,1701)* [filtered=8301]
cnt=1 s1=fng (4762,1701)* [filtered=8301]
cnt=1 s1=fng (4762,1700)* [filtered=8301]
cnt=1 s1=fng (4762,1699)* [filtered=8301]
cnt=1 s1=fng (4762,1699)* [filtered=8301]
cnt=1 s1=fng (4762,1699)* [filtered=8301]
cnt=1 s1=fng (4762,1698)* [filtered=8301]
cnt=1 s1=fng (4762,1697)* [filtered=8301]
cnt=1 s1=fng (4762,1696)* [filtered=8301]
cnt=1 s1=fng (4762,1695)* [filtered=8301]
cnt=1 s1=fng (4762,1695)* [filtered=8301]
cnt=1 s1=fng (4762,1695)* [filtered=8301]
cnt=1 s1=fng (4762,1694)* [filtered=8301]
cnt=1 s1=fng (4762,1693)* [filtered=8301]
cnt=1 s1=fng (4762,1693)* [filtered=8301]
cnt=1 s1=fng (4762,1693)* [filtered=8301]
cnt=1 s1=fng (4762,1692)* [filtered=8301]
cnt=1 s1=fng (4762,1691)* [filtered=8301]
cnt=1 s1=fng (4762,1691)* [filtered=8301]
cnt=1 s1=fng (4762,1690)* [filtered=8301]
cnt=1 s1=fng (4762,1690)* [filtered=8301]
cnt=1 s0=fng (4762,1688) [filtered=8301]
cnt=1 s0=fng (4762,1688) [filtered=8301]
cnt=1 s0=fng (4762,1688) [filtered=8301]
cnt=1 s0=fng (4762,1688) [filtered=8301]
cnt=1 s0=fng (4762,1688) [filtered=8301]
cnt=2 s0=PALM(4762,1688) s1=fng (1081,17) [filtered=8302]
cnt=2 s0=PALM(4762,1688) s1=fng (1081,17) [filtered=8303]
cnt=2 s0=PALM(4762,1688) s1=fng (1081,17) [filtered=8304]
cnt=2 s0=PALM(4762,1688) s1=fng (1081,17) [filtered=8305]
cnt=2 s0=PALM(4762,1688) s1=fng (1082,17) [filtered=8306]
cnt=2 s0=PALM(4762,1688) s1=fng (1083,17) [filtered=8307]
cnt=2 s0=PALM(4762,1687) s1=fng (1084,17) [filtered=8308]
cnt=2 s0=PALM(4762,1687) s1=fng (1085,17) [filtered=8309]
cnt=2 s0=PALM(4762,1687) s1=fng (1086,17) [filtered=8310]
cnt=2 s0=PALM(4762,1687) s1=fng (1087,17) [filtered=8311]
cnt=2 s0=PALM(4762,1687) s1=fng (1088,17) [filtered=8312]
cnt=2 s0=PALM(4762,1686) s1=fng (1089,17) [filtered=8313]
cnt=2 s0=PALM(4762,1686) s1=fng (1090,17) [filtered=8314]
cnt=2 s0=PALM(4762,1686) s1=fng (1091,17) [filtered=8315]
cnt=2 s0=PALM(4762,1686) s1=fng (1092,17) [filtered=8316]
cnt=2 s0=PALM(4762,1685)* s1=fng (1093,17) [filtered=8317]
cnt=2 s0=PALM(4762,1684)* s1=fng (1094,18) [filtered=8318]
cnt=2 s0=PALM(4762,1684)* s1=fng (1095,18) [filtered=8319]
cnt=2 s0=PALM(4762,1684)* s1=fng (1095,19) [filtered=8320]
cnt=2 s0=PALM(4762,1683)* s1=fng (1095,19) [filtered=8321]
cnt=2 s0=PALM(4761,1683)* s1=fng (1095,19)* [filtered=8322]
cnt=2 s0=PALM(4760,1682)* s1=fng (1095,19)* [filtered=8323]
cnt=2 s0=PALM(4759,1682)* s1=fng (1095,19)* [filtered=8324]
cnt=2 s0=PALM(4758,1682)* s1=fng (1095,19)* [filtered=8325]
cnt=2 s0=PALM(4757,1681)* s1=fng (1095,19)* [filtered=8326]
cnt=1 s0=fng (4756,1680)* [filtered=8326]
cnt=1 s0=fng (4755,1680)* [filtered=8326]
cnt=1 s0=fng (4755,1680)* [filtered=8326]
cnt=1 s0=fng (4755,1680)* [filtered=8326]
cnt=1 s0=fng (4754,1680)* [filtered=8326]
cnt=1 s0=fng (4754,1680)* [filtered=8326]
cnt=1 s0=fng (4754,1680)* [filtered=8326]
cnt=1 s0=fng (4754,1680)* [filtered=8326]
cnt=1 s0=fng (4754,1680)* [filtered=8326]
cnt=1 s0=fng (4754,1680)* [filtered=8326]
cnt=1 s0=fng (4754,1680)* [filtered=8326]
cnt=1 s0=fng (4754,1680)* [filtered=8326]
cnt=1 s0=fng (4754,1680)* [filtered=8326]
cnt=1 s0=fng (4754,1680)* [filtered=8326]
cnt=1 s0=fng (4754,1680)* [filtered=8326]
cnt=1 s0=fng (4754,1680)* [filtered=8326]
cnt=1 s0=fng (4754,1680)* [filtered=8326]
cnt=1 s0=fng (4754,1680)* [filtered=8326]
cnt=1 s0=fng (4754,1680)* [filtered=8326]
cnt=1 s0=fng (4754,1680)* [filtered=8326]
cnt=1 s0=fng (4754,1680)* [filtered=8326]
cnt=1 s0=fng (4754,1680)* [filtered=8326]
cnt=1 s0=fng (4754,1680)* [filtered=8326]
cnt=1 s0=fng (4754,1680)* [filtered=8326]
cnt=1 s0=fng (4754,1680)* [filtered=8326]
cnt=1 s0=fng (4754,1680)* [filtered=8326]
cnt=1 s0=fng (4754,1680)* [filtered=8326]
cnt=1 s0=fng (4754,1680)* [filtered=8326]
cnt=1 s0=fng (4754,1680)* [filtered=8326]
cnt=1 s0=fng (4754,1680)* [filtered=8326]
cnt=1 s0=fng (4754,1680)* [filtered=8326]
cnt=1 s0=fng (4754,1680)* [filtered=8326]
cnt=1 s0=fng (4754,1680)* [filtered=8326]
cnt=1 s0=fng (4754,1680)* [filtered=8326]
cnt=1 s0=fng (4754,1680)* [filtered=8326]
cnt=1 s0=fng (4754,1680)* [filtered=8326]
cnt=1 s0=fng (4754,1680)* [filtered=8326]
cnt=1 s0=fng (4754,1680)* [filtered=8326]
cnt=1 s0=fng (4754,1680)* [filtered=8326]
cnt=1 s0=fng (4754,1679)* [filtered=8326]
cnt=1 s0=fng (4754,1679)* [filtered=8326]
cnt=1 s0=fng (4754,1679)* [filtered=8326]
cnt=1 s0=fng (4754,1679)* [filtered=8326]
cnt=1 s0=fng (4754,1679)* [filtered=8326]
cnt=1 s0=fng (4754,1679)* [filtered=8326]
cnt=1 s0=fng (4754,1678)* [filtered=8326]
cnt=1 s0=fng (4754,1678)* [filtered=8326]
cnt=1 s0=fng (4754,1678)* [filtered=8326]
cnt=1 s0=fng (4754,1678)* [filtered=8326]
cnt=1 s0=fng (4754,1678)* [filtered=8326]
cnt=1 s0=fng (4754,1678)* [filtered=8326]
cnt=1 s0=fng (4754,1678)* [filtered=8326]
cnt=1 s0=fng (4754,1678)* [filtered=8326]
cnt=1 s0=fng (4754,1678)* [filtered=8326]
cnt=1 s0=fng (4754,1678)* [filtered=8326]
cnt=1 s0=fng (4754,1678)* [filtered=8326]
cnt=1 s0=fng (4754,1678)* [filtered=8326]
cnt=1 s0=fng (4754,1678)* [filtered=8326]
cnt=1 s0=fng (4754,1678)* [filtered=8326]
cnt=1 s0=fng (4754,1678)* [filtered=8326]
cnt=1 s0=fng (4754,1677)* [filtered=8326]
cnt=1 s0=fng (4754,1677)* [filtered=8326]
cnt=1 s0=fng (4754,1677)* [filtered=8326]
cnt=1 s0=fng (4754,1677)* [filtered=8326]
cnt=1 s0=fng (4754,1677)* [filtered=8326]
cnt=1 s0=fng (4754,1677)* [filtered=8326]
cnt=1 s0=fng (4754,1677)* [filtered=8326]
cnt=1 s0=fng (4753,1676)* [filtered=8326]
cnt=1 s0=fng (4752,1676)* [filtered=8326]
cnt=1 s0=fng (4752,1676)* [filtered=8326]
cnt=1 s0=fng (4752,1675)* [filtered=8326]
cnt=1 s0=fng (4752,1675)* [filtered=8326]
cnt=1 s0=fng (4752,1675)* [filtered=8326]
cnt=1 s0=fng (4751,1674)* [filtered=8326]
cnt=1 s0=fng (4750,1674)* [filtered=8326]
cnt=1 s0=fng (4749,1673)* [filtered=8326]
cnt=1 s0=fng (4748,1672)* [filtered=8326]
cnt=1 s0=fng (4748,1672)* [filtered=8326]
cnt=1 s0=fng (4747,1671)* [filtered=8326]
cnt=1 s0=fng (4746,1670)* [filtered=8326]
cnt=1 s0=fng (4745,1669)* [filtered=8326]
cnt=1 s0=fng (4744,1668)* [filtered=8326]
cnt=1 s0=fng (4743,1668)* [filtered=8326]
cnt=1 s0=fng (4742,1667)* [filtered=8326]
cnt=1 s0=fng (4741,1665)* [filtered=8326]
cnt=1 s0=fng (4739,1663) [filtered=8326]
cnt=1 s0=fng (4736,1661) [filtered=8326]
cnt=1 s0=fng (4735,1660) [filtered=8326]
cnt=1 s0=fng (4732,1657) [filtered=8326]
cnt=1 s0=fng (4727,1653) [filtered=8326]
cnt=1 s0=fng (4722,1648) [filtered=8326]
cnt=1 s0=fng (4718,1645) [filtered=8326]
cnt=1 s0=fng (4713,1640) [filtered=8326]
cnt=1 s0=fng (4707,1635) [filtered=8326]
cnt=1 s0=fng (4701,1630) [filtered=8326]
cnt=1 s0=fng (4694,1625) [filtered=8326]
cnt=1 s0=fng (4688,1621) [filtered=8326]
cnt=1 s0=fng (4682,1616) [filtered=8326]
cnt=1 s0=fng (4676,1611) [filtered=8326]
cnt=1 s0=fng (4671,1606) [filtered=8326]
cnt=1 s0=fng (4667,1602) [filtered=8326]
cnt=1 s0=fng (4662,1598) [filtered=8326]
cnt=1 s0=fng (4657,1594) [filtered=8326]
cnt=1 s0=fng (4652,1590) [filtered=8326]
cnt=1 s0=fng (4647,1587) [filtered=8326]
cnt=1 s0=fng (4643,1584) [filtered=8326]
cnt=1 s0=fng (4638,1581) [filtered=8326]
cnt=1 s0=fng (4633,1578) [filtered=8326]
cnt=1 s0=fng (4628,1574) [filtered=8326]
cnt=1 s0=fng (4623,1571) [filtered=8326]
cnt=1 s0=fng (4617,1568) [filtered=8326]
cnt=1 s0=fng (4610,1564) [filtered=8326]
cnt=1 s0=fng (4604,1560) [filtered=8326]
cnt=1 s0=fng (4599,1556) [filtered=8326]
cnt=1 s0=fng (4594,1553) [filtered=8326]
cnt=1 s0=fng (4589,1550) [filtered=8326]
cnt=1 s0=fng (4584,1547) [filtered=8326]
cnt=1 s0=fng (4579,1544) [filtered=8326]
cnt=1 s0=fng (4574,1540) [filtered=8326]
cnt=1 s0=fng (4570,1537) [filtered=8326]
cnt=1 s0=fng (4566,1535) [filtered=8326]
cnt=1 s0=fng (4563,1533) [filtered=8326]
cnt=1 s0=fng (4561,1531) [filtered=8326]
cnt=1 s0=fng (4559,1529) [filtered=8326]
cnt=1 s0=fng (4557,1528) [filtered=8326]
cnt=1 s0=fng (4555,1526) [filtered=8326]
cnt=1 s0=fng (4553,1525) [filtered=8326]
cnt=1 s0=fng (4551,1523) [filtered=8326]
cnt=1 s0=fng (4550,1522) [filtered=8326]
cnt=1 s0=fng (4549,1521) [filtered=8326]
cnt=1 s0=fng (4548,1519) [filtered=8326]
cnt=1 s0=fng (4546,1518) [filtered=8326]
cnt=1 s0=fng (4544,1517) [filtered=8326]
cnt=1 s0=fng (4543,1516) [filtered=8326]
cnt=1 s0=fng (4542,1515) [filtered=8326]
cnt=1 s0=fng (4540,1514) [filtered=8326]
cnt=1 s0=fng (4538,1513) [filtered=8326]
cnt=1 s0=fng (4537,1513) [filtered=8326]
cnt=1 s0=fng (4536,1512) [filtered=8326]
cnt=1 s0=fng (4534,1510) [filtered=8326]
cnt=1 s0=fng (4532,1509) [filtered=8326]
cnt=1 s0=fng (4530,1508) [filtered=8326]
cnt=1 s0=fng (4529,1507) [filtered=8326]
cnt=1 s0=fng (4527,1506) [filtered=8326]
cnt=1 s0=fng (4524,1505) [filtered=8326]
cnt=1 s0=fng (4521,1504) [filtered=8326]
cnt=1 s0=fng (4520,1503) [filtered=8326]
cnt=1 s0=fng (4518,1502) [filtered=8326]
cnt=1 s0=fng (4515,1501) [filtered=8326]
cnt=1 s0=fng (4513,1500) [filtered=8326]
cnt=1 s0=fng (4510,1499) [filtered=8326]
cnt=1 s0=fng (4509,1498) [filtered=8326]
cnt=1 s0=fng (4507,1497) [filtered=8326]
cnt=1 s0=fng (4505,1496) [filtered=8326]
cnt=1 s0=fng (4503,1495) [filtered=8326]
cnt=1 s0=fng (4501,1494) [filtered=8326]
cnt=1 s0=fng (4500,1494) [filtered=8326]
cnt=1 s0=fng (4499,1493) [filtered=8326]
cnt=1 s0=fng (4498,1493) [filtered=8326]
cnt=1 s0=fng (4497,1492) [filtered=8326]
cnt=1 s0=fng (4497,1492) [filtered=8326]
cnt=1 s0=fng (4496,1491) [filtered=8326]
cnt=1 s0=fng (4495,1491) [filtered=8326]
cnt=1 s0=fng (4494,1490) [filtered=8326]
cnt=1 s0=fng (4493,1490) [filtered=8326]
cnt=1 s0=fng (4492,1490) [filtered=8326]
cnt=1 s0=fng (4491,1490) [filtered=8326]
cnt=1 s0=fng (4491,1490) [filtered=8326]
cnt=1 s0=fng (4490,1490) [filtered=8326]
cnt=1 s0=fng (4490,1490) [filtered=8326]
cnt=1 s0=fng (4490,1490)* [filtered=8326]
cnt=1 s0=fng (4490,1490)* [filtered=8326]
cnt=1 s0=fng (4490,1490)* [filtered=8326]
cnt=1 s0=fng (4491,1491)* [filtered=8326]
cnt=1 s0=fng (4492,1492)* [filtered=8326]
cnt=1 s0=fng (4493,1493)* [filtered=8326]
cnt=1 s0=fng (4494,1494)* [filtered=8326]
cnt=1 s0=fng (4496,1496) [filtered=8326]
cnt=1 s0=fng (4500,1499) [filtered=8326]
cnt=1 s0=fng (4505,1502) [filtered=8326]
cnt=1 s0=fng (4508,1504) [filtered=8326]
cnt=1 s0=fng (4513,1508) [filtered=8326]
cnt=1 s0=fng (4519,1513) [filtered=8326]
cnt=1 s0=fng (4526,1518) [filtered=8326]
cnt=1 s0=fng (4534,1524) [filtered=8326]
cnt=1 s0=fng (4541,1530) [filtered=8326]
cnt=1 s0=fng (4549,1538) [filtered=8326]
cnt=1 s0=fng (4557,1547) [filtered=8326]
cnt=1 s0=fng (4564,1556) [filtered=8326]
cnt=1 s0=fng (4570,1564) [filtered=8326]
cnt=1 s0=fng (4576,1574) [filtered=8326]
cnt=1 s0=fng (4583,1583) [filtered=8326]
cnt=1 s0=fng (4589,1592) [filtered=8326]
cnt=1 s0=fng (4594,1600) [filtered=8326]
cnt=1 s0=fng (4598,1607) [filtered=8326]
cnt=1 s0=fng (4602,1612) [filtered=8326]
cnt=1 s0=fng (4606,1616) [filtered=8326]
cnt=1 s0=fng (4608,1618) [filtered=8326]
cnt=1 s0=fng (4610,1620) [filtered=8326]
cnt=1 s0=fng (4610,1621) [filtered=8326]
cnt=1 s0=fng (4610,1621) [filtered=8326]
cnt=1 s0=fng (4606,1621) [filtered=8326]
cnt=1 s0=fng (4602,1618) [filtered=8326]
cnt=1 s0=fng (4600,1616) [filtered=8326]
cnt=1 s0=fng (4597,1614) [filtered=8326]
cnt=1 s0=fng (4594,1612) [filtered=8326]
cnt=1 s0=fng (4591,1610) [filtered=8326]
cnt=1 s0=fng (4588,1608) [filtered=8326]
cnt=1 s0=fng (4586,1607) [filtered=8326]
cnt=1 s0=fng (4583,1605) [filtered=8326]
cnt=1 s0=fng (4580,1603) [filtered=8326]
cnt=1 s0=fng (4578,1601) [filtered=8326]
cnt=1 s0=fng (4577,1600) [filtered=8326]
cnt=1 s0=fng (4575,1598) [filtered=8326]
cnt=1 s0=fng (4573,1596) [filtered=8326]
cnt=1 s0=fng (4570,1594) [filtered=8326]
cnt=1 s0=fng (4567,1591) [filtered=8326]
cnt=1 s0=fng (4566,1590) [filtered=8326]
cnt=1 s0=fng (4564,1588) [filtered=8326]
cnt=1 s0=fng (4561,1585) [filtered=8326]
cnt=1 s0=fng (4558,1582) [filtered=8326]
cnt=1 s0=fng (4555,1579) [filtered=8326]
cnt=1 s0=fng (4553,1578) [filtered=8326]
cnt=1 s0=fng (4551,1576) [filtered=8326]
cnt=1 s0=fng (4548,1574) [filtered=8326]
cnt=1 s0=fng (4546,1572) [filtered=8326]
cnt=1 s0=fng (4545,1571) [filtered=8326]
cnt=1 s0=fng (4544,1569) [filtered=8326]
cnt=1 s0=fng (4543,1567) [filtered=8326]
cnt=1 s0=fng (4542,1565) [filtered=8326]
cnt=1 s0=fng (4540,1563) [filtered=8326]
cnt=1 s0=fng (4539,1562) [filtered=8326]
cnt=1 s0=fng (4539,1560) [filtered=8326]
cnt=1 s0=fng (4538,1559) [filtered=8326]
cnt=1 s0=fng (4538,1557) [filtered=8326]
cnt=1 s0=fng (4537,1555) [filtered=8326]
cnt=1 s0=fng (4537,1554) [filtered=8326]
cnt=1 s0=fng (4536,1553) [filtered=8326]
cnt=1 s0=fng (4535,1552) [filtered=8326]
cnt=1 s0=fng (4535,1551) [filtered=8326]
cnt=1 s0=fng (4535,1550) [filtered=8326]
cnt=1 s0=fng (4534,1550) [filtered=8326]
cnt=1 s0=fng (4534,1549) [filtered=8326]
cnt=1 s0=fng (4534,1548) [filtered=8326]
cnt=1 s0=fng (4534,1548) [filtered=8326]
cnt=1 s0=fng (4534,1548) [filtered=8326]
cnt=1 s0=fng (4534,1548) [filtered=8326]
cnt=1 s0=fng (4534,1548) [filtered=8326]
cnt=1 s0=fng (4534,1549) [filtered=8326]
cnt=1 s0=fng (4534,1550) [filtered=8326]
cnt=1 s0=fng (4534,1550)* [filtered=8326]
cnt=1 s0=fng (4535,1551)* [filtered=8326]
cnt=1 s0=fng (4537,1552)* [filtered=8326]
cnt=1 s0=fng (4539,1554) [filtered=8326]
cnt=1 s0=fng (4542,1556) [filtered=8326]
cnt=1 s0=fng (4543,1557) [filtered=8326]
cnt=1 s0=fng (4546,1560) [filtered=8326]
cnt=1 s0=fng (4549,1563) [filtered=8326]
cnt=1 s0=fng (4553,1567) [filtered=8326]
cnt=1 s0=fng (4558,1572) [filtered=8326]
cnt=1 s0=fng (4562,1575) [filtered=8326]
cnt=1 s0=fng (4567,1579) [filtered=8326]
cnt=1 s0=fng (4572,1584) [filtered=8326]
cnt=1 s0=fng (4577,1589) [filtered=8326]
cnt=1 s0=fng (4581,1593) [filtered=8326]
cnt=1 s0=fng (4585,1598) [filtered=8326]
cnt=1 s0=fng (4589,1603) [filtered=8326]
cnt=1 s0=fng (4593,1608) [filtered=8326]
cnt=1 s0=fng (4597,1612) [filtered=8326]
cnt=1 s0=fng (4600,1615) [filtered=8326]
cnt=1 s0=fng (4603,1618) [filtered=8326]
cnt=1 s0=fng (4607,1622) [filtered=8326]
cnt=1 s0=fng (4612,1626) [filtered=8326]
cnt=1 s0=fng (4617,1630) [filtered=8326]
cnt=1 s0=fng (4621,1633) [filtered=8326]
cnt=1 s0=fng (4625,1636) [filtered=8326]
cnt=1 s0=fng (4630,1640) [filtered=8326]
cnt=1 s0=fng (4635,1645) [filtered=8326]
cnt=1 s0=fng (4640,1650) [filtered=8326]
cnt=1 s0=fng (4644,1654) [filtered=8326]
cnt=1 s0=fng (4648,1658) [filtered=8326]
cnt=1 s0=fng (4652,1662) [filtered=8326]
cnt=1 s0=fng (4657,1666) [filtered=8326]
cnt=1 s0=fng (4661,1669) [filtered=8326]
cnt=1 s0=fng (4665,1672) [filtered=8326]
cnt=1 s0=fng (4669,1675) [filtered=8326]
cnt=1 s0=fng (4674,1679) [filtered=8326]
cnt=1 s0=fng (4678,1683) [filtered=8326]
cnt=1 s0=fng (4681,1686) [filtered=8326]
cnt=1 s0=fng (4684,1688) [filtered=8326]
cnt=1 s0=fng (4687,1689) [filtered=8326]
cnt=1 s0=fng (4690,1689) [filtered=8326]
cnt=1 s0=fng (4693,1689) [filtered=8326]
cnt=1 s0=fng (4695,1689) [filtered=8326]
cnt=1 s0=fng (4697,1688) [filtered=8326]
cnt=1 s0=fng (4700,1686) [filtered=8326]
cnt=1 s0=fng (4702,1684) [filtered=8326]
cnt=1 s0=fng (4703,1683) [filtered=8326]
cnt=1 s0=fng (4704,1680) [filtered=8326]
cnt=1 s0=fng (4706,1675) [filtered=8326]
cnt=1 s0=fng (4708,1669) [filtered=8326]
cnt=1 s0=fng (4710,1663) [filtered=8326]
cnt=1 s0=fng (4711,1658) [filtered=8326]
cnt=1 s0=fng (4713,1652) [filtered=8326]
cnt=1 s0=fng (4716,1645) [filtered=8326]
cnt=1 s0=fng (4716,1645) [filtered=8326]
cnt=1 s0=fng (4755,1595) [filtered=8326]
cnt=1 s0=fng (4755,1595) [filtered=8326]
cnt=1 s0=fng (4755,1595) [filtered=8326]
cnt=1 s0=fng (4755,1596) [filtered=8326]
cnt=1 s0=fng (4755,1596) [filtered=8326]
cnt=1 s0=fng (4755,1597) [filtered=8326]
cnt=1 s0=fng (4755,1597) [filtered=8326]
cnt=1 s0=fng (4755,1598) [filtered=8326]
cnt=1 s0=fng (4755,1600) [filtered=8326]
cnt=1 s0=fng (4755,1602) [filtered=8326]
cnt=1 s0=fng (4755,1604) [filtered=8326]
cnt=1 s0=fng (4755,1605) [filtered=8326]
cnt=1 s0=fng (4755,1607) [filtered=8326]
cnt=1 s0=fng (4755,1610) [filtered=8326]
cnt=1 s0=fng (4762,1786) [filtered=8326]
cnt=1 s0=fng (4762,1785) [filtered=8326]
cnt=1 s0=fng (4762,1785) [filtered=8326]
cnt=1 s0=fng (4762,1785) [filtered=8326]
cnt=1 s0=fng (4762,1784) [filtered=8326]
cnt=1 s0=fng (4762,1783) [filtered=8326]
cnt=1 s0=fng (4762,1782) [filtered=8326]
cnt=1 s0=fng (4762,1781) [filtered=8326]
cnt=1 s0=fng (4762,1780) [filtered=8326]
cnt=1 s0=fng (4762,1777) [filtered=8326]
cnt=1 s0=fng (4762,1772) [filtered=8326]
cnt=1 s0=fng (4762,1768) [filtered=8326]
cnt=1 s0=fng (4758,1763) [filtered=8326]
cnt=1 s0=fng (4752,1757) [filtered=8326]
cnt=1 s0=fng (4745,1752) [filtered=8326]
cnt=1 s0=fng (4737,1746) [filtered=8326]
cnt=1 s0=fng (4730,1741) [filtered=8326]
cnt=1 s0=fng (4723,1736) [filtered=8326]
cnt=1 s0=fng (4717,1731) [filtered=8326]
cnt=1 s0=fng (4712,1726) [filtered=8326]
cnt=1 s0=fng (4708,1722) [filtered=8326]
cnt=1 s0=fng (4704,1718) [filtered=8326]
cnt=1 s0=fng (4700,1714) [filtered=8326]
cnt=1 s0=fng (4698,1710) [filtered=8326]
cnt=1 s0=fng (4696,1707) [filtered=8326]
cnt=1 s0=fng (4695,1705) [filtered=8326]
cnt=1 s0=fng (4694,1702) [filtered=8326]
cnt=1 s0=fng (4693,1699) [filtered=8326]
cnt=1 s0=fng (4692,1698) [filtered=8326]
cnt=1 s0=fng (4692,1696) [filtered=8326]
cnt=1 s0=fng (4692,1695) [filtered=8326]
cnt=1 s0=fng (4692,1695) [filtered=8326]
cnt=1 s0=fng (4692,1695) [filtered=8326]
cnt=1 s0=fng (4692,1695) [filtered=8326]
cnt=1 s0=fng (4692,1695) [filtered=8326]
cnt=1 s0=fng (4692,1695) [filtered=8326]
cnt=1 s0=fng (4692,1696) [filtered=8326]
cnt=1 s0=fng (4692,1697) [filtered=8326]
cnt=1 s0=fng (4692,1699) [filtered=8326]
cnt=1 s0=fng (4692,1700) [filtered=8326]
cnt=1 s0=fng (4692,1702) [filtered=8326]
cnt=1 s0=fng (4692,1704) [filtered=8326]
cnt=1 s0=fng (4692,1706) [filtered=8326]
cnt=1 s0=fng (4692,1708) [filtered=8326]
cnt=1 s0=fng (4692,1709) [filtered=8326]
cnt=1 s0=fng (4692,1711) [filtered=8326]
cnt=1 s0=fng (4692,1714) [filtered=8326]
cnt=1 s0=fng (4692,1717)* [filtered=8326]
cnt=1 s0=fng (4692,1720)* [filtered=8326]
cnt=1 s0=fng (4692,1721)* [filtered=8326]
cnt=1 s0=fng (4692,1723)* [filtered=8326]
cnt=1 s0=fng (4692,1725)* [filtered=8326]
cnt=1 s0=fng (4692,1727)* [filtered=8326]
cnt=1 s0=fng (4692,1730)* [filtered=8326]
cnt=1 s0=fng (4692,1731)* [filtered=8326]
cnt=1 s0=fng (4692,1733)* [filtered=8326]
cnt=1 s0=fng (4692,1736)* [filtered=8326]
cnt=1 s0=fng (4692,1739)* [filtered=8326]
cnt=1 s0=fng (4692,1741)* [filtered=8326]
cnt=1 s0=fng (4692,1744)* [filtered=8326]
cnt=1 s0=fng (4692,1747)* [filtered=8326]
cnt=1 s0=fng (4692,1751) [filtered=8326]
cnt=1 s0=fng (4692,1755) [filtered=8326]
cnt=1 s0=fng (4692,1757) [filtered=8326]
cnt=1 s0=fng (4692,1760) [filtered=8326]
cnt=1 s0=fng (4691,1763) [filtered=8326]
cnt=1 s0=fng (4690,1767) [filtered=8326]
cnt=1 s0=fng (4689,1769) [filtered=8326]
cnt=1 s0=fng (4688,1772) [filtered=8326]
cnt=1 s0=fng (4687,1775) [filtered=8326]
cnt=1 s0=fng (4686,1779) [filtered=8326]
cnt=1 s0=fng (4685,1783) [filtered=8326]
cnt=1 s0=fng (4684,1785) [filtered=8326]
cnt=1 s0=fng (4683,1788) [filtered=8326]
cnt=1 s0=fng (4682,1792) [filtered=8326]
cnt=1 s0=fng (4681,1796) [filtered=8326]
cnt=1 s0=fng (4681,1800) [filtered=8326]
cnt=1 s0=fng (4681,1803) [filtered=8326]
cnt=1 s0=fng (4681,1808) [filtered=8326]
cnt=1 s0=fng (4682,1813) [filtered=8326]
cnt=1 s0=fng (4683,1818) [filtered=8326]
cnt=1 s0=fng (4685,1823) [filtered=8326]
cnt=1 s0=fng (4686,1827) [filtered=8326]
cnt=1 s0=fng (4687,1832) [filtered=8326]
cnt=1 s0=fng (4689,1837) [filtered=8326]
cnt=1 s0=fng (4691,1842) [filtered=8326]
cnt=1 s0=fng (4692,1846) [filtered=8326]
cnt=1 s0=fng (4694,1851) [filtered=8326]
cnt=1 s0=fng (4696,1856) [filtered=8326]
cnt=1 s0=fng (4697,1860) [filtered=8326]
cnt=1 s0=fng (4698,1864) [filtered=8326]
cnt=1 s0=fng (4699,1867) [filtered=8326]
cnt=1 s0=fng (4699,1869) [filtered=8326]
cnt=1 s0=fng (4699,1870) [filtered=8326]
cnt=1 s0=fng (4699,1870) [filtered=8326]
cnt=1 s0=fng (4698,1870) [filtered=8326]
cnt=1 s0=fng (4698,1870) [filtered=8326]
cnt=1 s0=fng (4697,1869) [filtered=8326]
cnt=1 s0=fng (4695,1868) [filtered=8326]
cnt=1 s0=fng (4691,1866) [filtered=8326]
cnt=1 s0=fng (4689,1865) [filtered=8326]
cnt=1 s0=fng (4685,1863) [filtered=8326]
cnt=1 s0=fng (4680,1861) [filtered=8326]
cnt=1 s0=fng (4675,1858) [filtered=8326]
cnt=1 s0=fng (4671,1855) [filtered=8326]
cnt=1 s0=fng (4668,1854) [filtered=8326]
cnt=1 s0=fng (4664,1851) [filtered=8326]
cnt=1 s0=fng (4661,1848) [filtered=8326]
cnt=1 s0=fng (4658,1845) [filtered=8326]
cnt=1 s0=fng (4656,1843) [filtered=8326]
cnt=1 s0=fng (4652,1840) [filtered=8326]
cnt=1 s0=fng (4648,1837) [filtered=8326]
cnt=1 s0=fng (4643,1833) [filtered=8326]
cnt=1 s0=fng (4638,1828) [filtered=8326]
cnt=1 s0=fng (4634,1824) [filtered=8326]
cnt=1 s0=fng (4628,1819) [filtered=8326]
cnt=1 s0=fng (4621,1814) [filtered=8326]
cnt=1 s0=fng (4612,1809) [filtered=8326]
cnt=1 s0=fng (4604,1805) [filtered=8326]
cnt=1 s0=fng (4597,1800) [filtered=8326]
cnt=1 s0=fng (4590,1795) [filtered=8326]
cnt=1 s0=fng (4584,1789) [filtered=8326]
cnt=1 s0=fng (4578,1783) [filtered=8326]
cnt=1 s0=fng (4573,1778) [filtered=8326]
cnt=1 s0=fng (4567,1773) [filtered=8326]
cnt=1 s0=fng (4561,1768) [filtered=8326]
cnt=1 s0=fng (4556,1763) [filtered=8326]
cnt=1 s0=fng (4551,1757) [filtered=8326]
cnt=1 s0=fng (4547,1752) [filtered=8326]
cnt=1 s0=fng (4542,1747) [filtered=8326]
cnt=1 s0=fng (4538,1742) [filtered=8326]
cnt=1 s0=fng (4535,1738) [filtered=8326]
cnt=1 s0=fng (4533,1735) [filtered=8326]
cnt=1 s0=fng (4533,1732) [filtered=8326]
cnt=1 s0=fng (4534,1728) [filtered=8326]
cnt=1 s0=fng (4535,1726) [filtered=8326]
cnt=1 s0=fng (4536,1725) [filtered=8326]
cnt=1 s0=fng (4537,1724) [filtered=8326]
cnt=1 s0=fng (4539,1723) [filtered=8326]
cnt=1 s0=fng (4542,1723) [filtered=8326]
cnt=1 s0=fng (4545,1724) [filtered=8326]
cnt=1 s0=fng (4550,1726) [filtered=8326]
cnt=1 s0=fng (4553,1727) [filtered=8326]
cnt=1 s0=fng (4557,1730) [filtered=8326]
cnt=1 s0=fng (4562,1734) [filtered=8326]
cnt=1 s0=fng (4567,1739) [filtered=8326]
cnt=1 s0=fng (4572,1745) [filtered=8326]
cnt=1 s0=fng (4577,1750) [filtered=8326]
cnt=1 s0=fng (4582,1757) [filtered=8326]
cnt=1 s0=fng (4587,1766) [filtered=8326]
cnt=1 s0=fng (4593,1775) [filtered=8326]
cnt=1 s0=fng (4602,1786) [filtered=8326]
cnt=1 s0=fng (4611,1796) [filtered=8326]
cnt=1 s0=fng (4620,1807) [filtered=8326]
cnt=1 s0=fng (4620,1807) [filtered=8326]
cnt=1 s0=fng (4762,1739) [filtered=8326]
cnt=1 s0=fng (4762,1739) [filtered=8326]
cnt=1 s0=fng (4762,1740) [filtered=8326]
cnt=1 s0=fng (4762,1741) [filtered=8326]
cnt=1 s0=fng (4762,1741) [filtered=8326]
cnt=1 s0=fng (4762,1742) [filtered=8326]
cnt=1 s0=fng (4762,1743) [filtered=8326]
cnt=1 s0=fng (4762,1745) [filtered=8326]
cnt=1 s0=fng (4762,1746) [filtered=8326]
cnt=1 s0=fng (4762,1747) [filtered=8326]
cnt=1 s0=fng (4762,1749) [filtered=8326]
cnt=1 s0=fng (4762,1751) [filtered=8326]
cnt=1 s0=fng (4762,1754) [filtered=8326]
cnt=1 s0=fng (4762,1755) [filtered=8326]
cnt=1 s0=fng (4762,1757) [filtered=8326]
cnt=1 s0=fng (4762,1760) [filtered=8326]
cnt=1 s0=fng (4762,1763) [filtered=8326]
cnt=1 s0=fng (4762,1765) [filtered=8326]
cnt=1 s0=fng (4762,1766) [filtered=8326]
cnt=1 s0=fng (4762,1768) [filtered=8326]
cnt=1 s0=fng (4762,1770)* [filtered=8326]
cnt=1 s0=fng (4762,1772)* [filtered=8326]
cnt=1 s0=fng (4762,1773)* [filtered=8326]
cnt=1 s0=fng (4762,1774)* [filtered=8326]
cnt=1 s0=fng (4762,1775)* [filtered=8326]
cnt=1 s0=fng (4760,1777) [filtered=8326]
cnt=1 s0=fng (4757,1779) [filtered=8326]
cnt=1 s0=fng (4756,1780) [filtered=8326]
cnt=1 s0=fng (4754,1781) [filtered=8326]
cnt=1 s0=fng (4752,1782) [filtered=8326]
cnt=1 s0=fng (4750,1784) [filtered=8326]
cnt=1 s0=fng (4748,1786) [filtered=8326]
cnt=1 s0=fng (4747,1787) [filtered=8326]
cnt=1 s0=fng (4746,1789) [filtered=8326]
cnt=1 s0=fng (4745,1792) [filtered=8326]
cnt=1 s0=fng (4745,1795) [filtered=8326]
cnt=1 s0=fng (4745,1797) [filtered=8326]
cnt=1 s0=fng (4745,1800) [filtered=8326]
cnt=1 s0=fng (4745,1803) [filtered=8326]
cnt=1 s0=fng (4745,1807) [filtered=8326]
cnt=1 s0=fng (4745,1812) [filtered=8326]
cnt=1 s0=fng (4745,1815) [filtered=8326]
cnt=1 s0=fng (4745,1820) [filtered=8326]
cnt=1 s0=fng (4745,1825) [filtered=8326]
cnt=1 s0=fng (4745,1832) [filtered=8326]
cnt=1 s0=fng (4746,1841) [filtered=8326]
cnt=1 s0=fng (4747,1849) [filtered=8326]
cnt=1 s0=fng (4748,1858) [filtered=8326]
cnt=1 s0=fng (4749,1866) [filtered=8326]
cnt=1 s0=fng (940,11) [filtered=8326]
cnt=1 s0=fng (940,11) [filtered=8326]
cnt=1 s0=fng (940,11) [filtered=8326]
cnt=1 s0=fng (940,11) [filtered=8326]
cnt=1 s0=fng (940,11) [filtered=8326]
cnt=1 s0=fng (940,11) [filtered=8326]
cnt=1 s0=fng (940,11) [filtered=8326]
cnt=1 s0=fng (939,11) [filtered=8326]
cnt=1 s0=fng (939,11) [filtered=8326]
cnt=1 s0=fng (939,11) [filtered=8326]
cnt=1 s0=fng (938,11) [filtered=8326]
cnt=1 s0=fng (937,11) [filtered=8326]
cnt=1 s0=fng (67,1969) [filtered=8326]
cnt=1 s0=fng (67,1969) [filtered=8326]
cnt=1 s0=fng (67,1969) [filtered=8326]
cnt=1 s0=fng (67,1968) [filtered=8326]
cnt=1 s0=fng (67,1967) [filtered=8326]
cnt=1 s0=fng (67,1967) [filtered=8326]
cnt=1 s0=fng (68,1966) [filtered=8326]
cnt=1 s0=fng (69,1965) [filtered=8326]
cnt=1 s0=fng (70,1964) [filtered=8326]
cnt=1 s0=fng (71,1963) [filtered=8326]
cnt=1 s0=fng (72,1962) [filtered=8326]
cnt=1 s0=fng (73,1961) [filtered=8326]
cnt=1 s0=fng (74,1960) [filtered=8326]
cnt=2 s0=PALM(74,1959) s1=PALM(4762,1758) [filtered=8327]
cnt=2 s0=PALM(74,1958) s1=PALM(4762,1758) [filtered=8328]
cnt=2 s0=PALM(75,1956) s1=PALM(4762,1758) [filtered=8329]
cnt=2 s0=PALM(76,1954) s1=PALM(4762,1758) [filtered=8330]
cnt=2 s0=PALM(77,1952) s1=PALM(4762,1758) [filtered=8331]
cnt=2 s0=PALM(78,1950) s1=PALM(4762,1758) [filtered=8332]
cnt=2 s0=PALM(78,1949) s1=PALM(4762,1758) [filtered=8333]
cnt=2 s0=PALM(79,1947)* s1=PALM(4762,1757) [filtered=8334]
cnt=2 s0=PALM(80,1945)* s1=PALM(4762,1757) [filtered=8335]
cnt=2 s0=PALM(80,1943)* s1=PALM(4762,1756) [filtered=8336]
cnt=1 s1=fng (4762,1755) [filtered=8336]
cnt=1 s1=fng (4762,1755) [filtered=8336]
cnt=1 s1=fng (4762,1754) [filtered=8336]
cnt=1 s1=fng (4762,1754) [filtered=8336]
cnt=1 s1=fng (4762,1753) [filtered=8336]
cnt=1 s1=fng (4762,1752) [filtered=8336]
cnt=1 s1=fng (4762,1752) [filtered=8336]
cnt=1 s1=fng (4762,1752) [filtered=8336]
cnt=1 s1=fng (4762,1751) [filtered=8336]
cnt=1 s1=fng (4762,1751) [filtered=8336]
cnt=1 s1=fng (4762,1751)* [filtered=8336]
cnt=1 s1=fng (4762,1750)* [filtered=8336]
cnt=1 s1=fng (4762,1750)* [filtered=8336]
cnt=1 s1=fng (4762,1749)* [filtered=8336]
cnt=1 s1=fng (4762,1748)* [filtered=8336]
cnt=1 s1=fng (4762,1748)* [filtered=8336]
cnt=1 s1=fng (4762,1748)* [filtered=8336]
cnt=1 s1=fng (4762,1747)* [filtered=8336]
cnt=1 s1=fng (4762,1745)* [filtered=8336]
cnt=1 s1=fng (4762,1744)* [filtered=8336]
cnt=1 s1=fng (4762,1743)* [filtered=8336]
cnt=1 s1=fng (4762,1742)* [filtered=8336]
cnt=1 s1=fng (4762,1741)* [filtered=8336]
cnt=1 s1=fng (4762,1740)* [filtered=8336]
cnt=1 s1=fng (4762,1739)* [filtered=8336]
cnt=1 s1=fng (4762,1739)* [filtered=8336]
cnt=1 s1=fng (4762,1738)* [filtered=8336]
cnt=1 s1=fng (4762,1737)* [filtered=8336]
cnt=1 s1=fng (4762,1736)* [filtered=8336]
cnt=1 s1=fng (4762,1736)* [filtered=8336]
cnt=1 s1=fng (4762,1735)* [filtered=8336]
cnt=1 s1=fng (4762,1735)* [filtered=8336]
cnt=1 s1=fng (4762,1734)* [filtered=8336]
cnt=1 s1=fng (4762,1733)* [filtered=8336]
cnt=1 s1=fng (4762,1733)* [filtered=8336]
cnt=1 s1=fng (4762,1733)* [filtered=8336]
cnt=1 s1=fng (4762,1732)* [filtered=8336]
cnt=1 s1=fng (4762,1732)* [filtered=8336]
cnt=1 s1=fng (4762,1731)* [filtered=8336]
cnt=1 s1=fng (4762,1731)* [filtered=8336]
cnt=1 s1=fng (4762,1730)* [filtered=8336]
cnt=1 s1=fng (4762,1729)* [filtered=8336]
cnt=1 s1=fng (4762,1729)* [filtered=8336]
cnt=1 s1=fng (4762,1729)* [filtered=8336]
cnt=1 s1=fng (4762,1729)* [filtered=8336]
cnt=2 s0=fng (1157,21) s1=PALM(4762,1728)* [filtered=8337]
cnt=2 s0=fng (1157,21) s1=PALM(4762,1728)* [filtered=8338]
cnt=2 s0=fng (1157,21) s1=PALM(4761,1727)* [filtered=8339]
cnt=2 s0=fng (1157,21) s1=PALM(4760,1727)* [filtered=8340]
cnt=2 s0=fng (1157,21) s1=PALM(4759,1726)* [filtered=8341]
cnt=2 s0=fng (1158,21) s1=PALM(4758,1725)* [filtered=8342]
cnt=2 s0=fng (1158,21) s1=PALM(4757,1724)* [filtered=8343]
cnt=2 s0=fng (1158,21) s1=PALM(4757,1723)* [filtered=8344]
cnt=2 s0=fng (1159,21) s1=PALM(4757,1723)* [filtered=8345]
cnt=2 s0=fng (1160,21) s1=PALM(4756,1723)* [filtered=8346]
cnt=2 s0=fng (1160,21) s1=PALM(4756,1723)* [filtered=8347]
cnt=2 s0=fng (1161,21) s1=PALM(4756,1723)* [filtered=8348]
cnt=2 s0=fng (1161,21) s1=PALM(4756,1723)* [filtered=8349]
cnt=2 s0=fng (1161,21) s1=PALM(4755,1723)* [filtered=8350]
cnt=2 s0=fng (1162,21) s1=PALM(4755,1723)* [filtered=8351]
cnt=2 s0=fng (1162,21) s1=PALM(4754,1723)* [filtered=8352]
cnt=1 s1=fng (4754,1723)* [filtered=8352]
cnt=1 s1=fng (4754,1723)* [filtered=8352]
cnt=1 s1=fng (4754,1723)* [filtered=8352]
cnt=1 s1=fng (4754,1723)* [filtered=8352]
cnt=1 s1=fng (4754,1723)* [filtered=8352]
cnt=1 s1=fng (4754,1723)* [filtered=8352]
cnt=1 s1=fng (4754,1723)* [filtered=8352]
cnt=1 s1=fng (4754,1723)* [filtered=8352]
cnt=1 s1=fng (4754,1723)* [filtered=8352]
cnt=1 s1=fng (4754,1723)* [filtered=8352]
cnt=1 s1=fng (4754,1723)* [filtered=8352]
cnt=1 s1=fng (4754,1723)* [filtered=8352]
cnt=1 s1=fng (4754,1723)* [filtered=8352]
cnt=1 s1=fng (4754,1723)* [filtered=8352]
cnt=1 s1=fng (4754,1723)* [filtered=8352]
cnt=1 s1=fng (4754,1723)* [filtered=8352]
cnt=1 s1=fng (4754,1723)* [filtered=8352]
cnt=1 s1=fng (4754,1723)* [filtered=8352]
cnt=1 s1=fng (4754,1723)* [filtered=8352]
cnt=1 s1=fng (4754,1723)* [filtered=8352]
cnt=1 s1=fng (4754,1723)* [filtered=8352]
cnt=1 s1=fng (4754,1723)* [filtered=8352]
cnt=1 s1=fng (4754,1723)* [filtered=8352]
cnt=1 s1=fng (4754,1723)* [filtered=8352]
cnt=1 s1=fng (4754,1723)* [filtered=8352]
cnt=1 s1=fng (4754,1723)* [filtered=8352]
cnt=1 s1=fng (4754,1723)* [filtered=8352]
cnt=1 s1=fng (4754,1723)* [filtered=8352]
cnt=1 s1=fng (4754,1723)* [filtered=8352]
cnt=1 s1=fng (4754,1723)* [filtered=8352]
cnt=1 s1=fng (4754,1723)* [filtered=8352]
cnt=1 s1=fng (4754,1723)* [filtered=8352]
cnt=1 s1=fng (4754,1723)* [filtered=8352]
cnt=1 s1=fng (4754,1723)* [filtered=8352]
cnt=1 s1=fng (4754,1723)* [filtered=8352]
cnt=1 s1=fng (4754,1723)* [filtered=8352]
cnt=1 s1=fng (4754,1723)* [filtered=8352]
cnt=1 s1=fng (4754,1723)* [filtered=8352]
cnt=1 s1=fng (4754,1723)* [filtered=8352]
cnt=1 s1=fng (4754,1723)* [filtered=8352]
cnt=1 s1=fng (4754,1722)* [filtered=8352]
cnt=1 s1=fng (4754,1721)* [filtered=8352]
cnt=1 s1=fng (4754,1720)* [filtered=8352]
cnt=1 s1=fng (4754,1719)* [filtered=8352]
cnt=1 s1=fng (4754,1718)* [filtered=8352]
cnt=1 s1=fng (4754,1716)* [filtered=8352]
cnt=1 s1=fng (4754,1714)* [filtered=8352]
cnt=1 s1=fng (4754,1711)* [filtered=8352]
cnt=1 s1=fng (4754,1710)* [filtered=8352]
cnt=1 s1=fng (4754,1708)* [filtered=8352]
cnt=1 s1=fng (4754,1706)* [filtered=8352]
cnt=1 s1=fng (4754,1705)* [filtered=8352]
cnt=1 s1=fng (4754,1705)* [filtered=8352]
cnt=1 s1=fng (4754,1705)* [filtered=8352]
cnt=1 s1=fng (4754,1706)* [filtered=8352]
cnt=1 s1=fng (4754,1707)* [filtered=8352]
cnt=1 s1=fng (4755,1709)* [filtered=8352]
cnt=1 s1=fng (4756,1711)* [filtered=8352]
cnt=1 s1=fng (4756,1712)* [filtered=8352]
cnt=1 s1=fng (4757,1714)* [filtered=8352]
cnt=1 s0=fng (4747,1569) [filtered=8352]
cnt=1 s0=fng (4747,1568) [filtered=8352]
cnt=1 s0=fng (4747,1568) [filtered=8352]
cnt=1 s0=fng (4747,1567) [filtered=8352]
cnt=1 s0=fng (4747,1567) [filtered=8352]
cnt=1 s0=fng (4747,1566) [filtered=8352]
cnt=1 s0=fng (4747,1566) [filtered=8352]
cnt=1 s0=fng (4747,1566) [filtered=8352]
cnt=1 s0=fng (4747,1566) [filtered=8352]
cnt=1 s0=fng (4747,1566) [filtered=8352]
cnt=1 s0=fng (4747,1567) [filtered=8352]
cnt=1 s0=fng (4747,1567) [filtered=8352]
cnt=1 s0=fng (4747,1567) [filtered=8352]
cnt=1 s0=fng (4747,1568) [filtered=8352]
cnt=1 s0=fng (4747,1569) [filtered=8352]
cnt=1 s0=fng (4747,1570) [filtered=8352]
cnt=1 s0=fng (4747,1570) [filtered=8352]
cnt=1 s0=fng (4746,1571) [filtered=8352]
cnt=1 s0=fng (4745,1572) [filtered=8352]
cnt=1 s0=fng (4744,1573) [filtered=8352]
cnt=1 s0=fng (4743,1574)* [filtered=8352]
cnt=1 s0=fng (4742,1575)* [filtered=8352]
cnt=1 s0=fng (4741,1576)* [filtered=8352]
cnt=1 s0=fng (4740,1577)* [filtered=8352]
cnt=1 s0=fng (4739,1579)* [filtered=8352]
cnt=1 s0=fng (4739,1580)* [filtered=8352]
cnt=1 s0=fng (4738,1582)* [filtered=8352]
cnt=1 s0=fng (4737,1584)* [filtered=8352]
cnt=1 s0=fng (4737,1587)* [filtered=8352]
cnt=1 s0=fng (4737,1590)* [filtered=8352]
cnt=1 s0=fng (4737,1592)* [filtered=8352]
cnt=1 s0=fng (4737,1596) [filtered=8352]
cnt=1 s0=fng (4737,1600) [filtered=8352]
cnt=1 s0=fng (4737,1604) [filtered=8352]
cnt=1 s0=fng (4737,1608) [filtered=8352]
cnt=1 s0=fng (4737,1611) [filtered=8352]
cnt=1 s0=fng (4737,1615) [filtered=8352]
cnt=1 s0=fng (4737,1619) [filtered=8352]
cnt=1 s0=fng (4737,1622) [filtered=8352]
cnt=1 s0=fng (4737,1625) [filtered=8352]
cnt=1 s0=fng (4737,1627) [filtered=8352]
cnt=1 s0=fng (4737,1629) [filtered=8352]
cnt=1 s0=fng (4736,1630) [filtered=8352]
cnt=1 s0=fng (4735,1631) [filtered=8352]
cnt=1 s0=fng (4734,1631) [filtered=8352]
cnt=1 s0=fng (4733,1632) [filtered=8352]
cnt=1 s0=fng (4732,1632) [filtered=8352]
cnt=1 s0=fng (4730,1632) [filtered=8352]
cnt=1 s0=fng (4726,1631) [filtered=8352]
cnt=1 s0=fng (4724,1631) [filtered=8352]
cnt=1 s0=fng (4720,1630) [filtered=8352]
cnt=1 s0=fng (4715,1629) [filtered=8352]
cnt=1 s0=fng (4709,1627) [filtered=8352]
cnt=1 s0=fng (4703,1626) [filtered=8352]
cnt=1 s0=fng (4695,1624) [filtered=8352]
cnt=2 s0=PALM(4686,1621) s1=fng (1043,27) [filtered=8353]
cnt=2 s0=PALM(4675,1617) s1=fng (1043,27) [filtered=8354]
cnt=2 s0=PALM(4665,1614) s1=fng (1043,27) [filtered=8355]
cnt=2 s0=PALM(4654,1610) s1=fng (1043,27) [filtered=8356]
cnt=2 s0=PALM(4645,1606) s1=fng (1043,27) [filtered=8357]
cnt=2 s0=PALM(4637,1603) s1=fng (1043,27) [filtered=8358]
cnt=2 s0=PALM(4632,1601) s1=fng (1043,27) [filtered=8359]
cnt=2 s0=PALM(4628,1600) s1=fng (1043,27) [filtered=8360]
cnt=2 s0=PALM(4625,1598) s1=fng (1043,27) [filtered=8361]
cnt=2 s0=PALM(4624,1597) s1=fng (1043,27) [filtered=8362]
cnt=2 s0=PALM(4624,1597) s1=fng (1043,27) [filtered=8363]
cnt=2 s0=PALM(4627,1597) s1=fng (1043,27) [filtered=8364]
cnt=2 s0=PALM(4629,1597) s1=fng (1043,27) [filtered=8365]
cnt=2 s0=PALM(4630,1598) s1=fng (1043,27) [filtered=8366]
cnt=2 s0=PALM(4631,1599) s1=fng (1043,27) [filtered=8367]
cnt=2 s0=PALM(4633,1600) s1=fng (1043,27) [filtered=8368]
cnt=2 s0=PALM(4635,1602) s1=fng (1043,27) [filtered=8369]
cnt=2 s0=PALM(4636,1603) s1=fng (1043,27) [filtered=8370]
cnt=2 s0=PALM(4639,1606) s1=fng (1043,27) [filtered=8371]
cnt=2 s0=PALM(4644,1611) s1=fng (1043,27) [filtered=8372]
cnt=2 s0=PALM(4649,1616) s1=fng (1043,27)* [filtered=8373]
cnt=2 s0=PALM(4655,1624) s1=fng (1043,27)* [filtered=8374]
cnt=2 s0=PALM(4660,1631) s1=fng (1043,27)* [filtered=8375]
cnt=1 s0=fng (4665,1640) [filtered=8375]
cnt=1 s0=fng (4670,1649) [filtered=8375]
cnt=1 s0=fng (4675,1658) [filtered=8375]
cnt=1 s0=fng (4681,1667) [filtered=8375]
cnt=1 s0=fng (4685,1676) [filtered=8375]
cnt=1 s0=fng (4690,1685) [filtered=8375]
cnt=1 s0=fng (4695,1694) [filtered=8375]
cnt=1 s0=fng (4700,1703) [filtered=8375]
cnt=1 s0=fng (4704,1711) [filtered=8375]
cnt=1 s0=fng (4708,1719) [filtered=8375]
cnt=1 s0=fng (4713,1727) [filtered=8375]
cnt=1 s0=fng (4713,1727) [filtered=8375]
cnt=1 s0=fng (4762,1739) [filtered=8375]
cnt=1 s0=fng (4762,1739) [filtered=8375]
cnt=1 s0=fng (4762,1738) [filtered=8375]
cnt=1 s0=fng (4762,1738) [filtered=8375]
cnt=1 s0=fng (4762,1737) [filtered=8375]
cnt=1 s0=fng (4762,1737) [filtered=8375]
cnt=1 s0=fng (4762,1737) [filtered=8375]
cnt=1 s0=fng (4762,1737) [filtered=8375]
cnt=1 s0=fng (4762,1737) [filtered=8375]
cnt=1 s0=fng (4762,1737) [filtered=8375]
cnt=1 s0=fng (4762,1737) [filtered=8375]
cnt=1 s0=fng (4762,1737) [filtered=8375]
cnt=1 s0=fng (4762,1737) [filtered=8375]
cnt=1 s0=fng (4762,1737) [filtered=8375]
cnt=1 s0=fng (4762,1737) [filtered=8375]
cnt=1 s0=fng (4762,1738) [filtered=8375]
cnt=1 s0=fng (4762,1739) [filtered=8375]
cnt=1 s0=fng (4762,1739) [filtered=8375]
cnt=1 s0=fng (4762,1739) [filtered=8375]
cnt=1 s0=fng (4752,1808) [filtered=8375]
cnt=1 s0=fng (4752,1808) [filtered=8375]
cnt=1 s0=fng (4752,1808) [filtered=8375]
cnt=1 s0=fng (76,2165) [filtered=8375]
cnt=1 s0=fng (76,2165) [filtered=8375]
cnt=1 s0=fng (76,2165) [filtered=8375]
cnt=1 s0=fng (76,2165) [filtered=8375]
cnt=1 s0=fng (76,2165) [filtered=8375]
cnt=1 s0=fng (76,2165) [filtered=8375]
cnt=1 s0=fng (76,2165) [filtered=8375]
cnt=1 s0=fng (76,2165) [filtered=8375]
cnt=1 s0=fng (76,2165) [filtered=8375]
cnt=1 s0=fng (76,2165) [filtered=8375]
cnt=1 s0=fng (76,2164) [filtered=8375]
cnt=1 s0=fng (76,2163) [filtered=8375]
cnt=1 s0=fng (76,2163) [filtered=8375]
cnt=1 s0=fng (76,2163) [filtered=8375]
cnt=1 s0=fng (76,2163) [filtered=8375]
cnt=1 s0=fng (76,2163) [filtered=8375]
cnt=1 s0=fng (76,2163) [filtered=8375]
cnt=1 s0=fng (76,2162) [filtered=8375]
cnt=1 s0=fng (76,2162) [filtered=8375]
cnt=1 s0=fng (76,2162) [filtered=8375]
cnt=1 s0=fng (76,2162)* [filtered=8375]
cnt=1 s0=fng (76,2162)* [filtered=8375]
cnt=1 s0=fng (76,2162)* [filtered=8375]
cnt=1 s0=fng (76,2162)* [filtered=8375]
cnt=1 s0=fng (76,2162)* [filtered=8375]
cnt=1 s0=fng (76,2162)* [filtered=8375]
cnt=1 s0=fng (76,2162)* [filtered=8375]
cnt=1 s0=fng (76,2162)* [filtered=8375]
cnt=1 s0=fng (76,2162)* [filtered=8375]
cnt=1 s0=fng (76,2162)* [filtered=8375]
cnt=1 s0=fng (76,2162)* [filtered=8375]
cnt=1 s0=fng (76,2162)* [filtered=8375]
cnt=1 s0=fng (76,2162)* [filtered=8375]
cnt=1 s0=fng (75,2162)* [filtered=8375]
cnt=1 s0=fng (74,2162)* [filtered=8375]
cnt=1 s0=fng (74,2162)* [filtered=8375]
cnt=1 s0=fng (73,2162)* [filtered=8375]
cnt=1 s0=fng (73,2162)* [filtered=8375]
cnt=1 s0=fng (72,2162)* [filtered=8375]
cnt=1 s0=fng (71,2162)* [filtered=8375]
cnt=1 s0=fng (70,2162)* [filtered=8375]
cnt=1 s0=fng (69,2162)* [filtered=8375]
cnt=1 s0=fng (68,2162)* [filtered=8375]
cnt=1 s0=fng (67,2162)* [filtered=8375]
cnt=1 s0=fng (67,2162)* [filtered=8375]
cnt=1 s0=fng (66,2162)* [filtered=8375]
cnt=1 s0=fng (66,2162)* [filtered=8375]
cnt=1 s0=fng (66,2162)* [filtered=8375]
cnt=1 s0=fng (66,2162)* [filtered=8375]
cnt=1 s0=fng (66,2162)* [filtered=8375]
cnt=1 s0=fng (65,2162)* [filtered=8375]
cnt=1 s0=fng (65,2162)* [filtered=8375]
cnt=1 s0=fng (65,2162)* [filtered=8375]
cnt=1 s0=fng (64,2162)* [filtered=8375]
cnt=1 s0=fng (64,2162)* [filtered=8375]
cnt=1 s0=fng (64,2162)* [filtered=8375]
cnt=1 s0=fng (64,2162)* [filtered=8375]
cnt=1 s0=fng (64,2161)* [filtered=8375]
cnt=1 s0=fng (64,2161)* [filtered=8375]
cnt=1 s0=fng (64,2160)* [filtered=8375]
cnt=1 s0=fng (64,2160)* [filtered=8375]
cnt=1 s0=fng (64,2160)* [filtered=8375]
cnt=1 s0=fng (63,2160)* [filtered=8375]
cnt=1 s0=fng (63,2160)* [filtered=8375]
cnt=1 s0=fng (63,2160)* [filtered=8375]
cnt=1 s0=fng (62,2160)* [filtered=8375]
cnt=1 s0=fng (62,2160)* [filtered=8375]
cnt=1 s0=fng (62,2160)* [filtered=8375]
cnt=1 s0=fng (62,2160)* [filtered=8375]
cnt=1 s0=fng (61,2160)* [filtered=8375]
cnt=1 s0=fng (60,2160)* [filtered=8375]
cnt=1 s0=fng (60,2160)* [filtered=8375]
cnt=1 s0=fng (60,2160)* [filtered=8375]
cnt=1 s0=fng (60,2160)* [filtered=8375]
cnt=1 s0=fng (59,2160)* [filtered=8375]
cnt=1 s0=fng (59,2160)* [filtered=8375]
cnt=1 s0=fng (58,2160)* [filtered=8375]
cnt=1 s0=fng (58,2160)* [filtered=8375]
cnt=1 s0=fng (57,2160)* [filtered=8375]
cnt=1 s0=fng (57,2160)* [filtered=8375]
cnt=1 s0=fng (57,2160)* [filtered=8375]
cnt=1 s0=fng (57,2160)* [filtered=8375]
cnt=1 s0=fng (57,2160)* [filtered=8375]
cnt=1 s0=fng (57,2160)* [filtered=8375]
cnt=1 s0=fng (57,2160)* [filtered=8375]
cnt=1 s0=fng (57,2160)* [filtered=8375]
cnt=1 s0=fng (57,2160)* [filtered=8375]
cnt=1 s0=fng (57,2160)* [filtered=8375]
cnt=1 s0=fng (57,2160)* [filtered=8375]
cnt=1 s0=fng (57,2160)* [filtered=8375]
cnt=1 s0=fng (57,2160)* [filtered=8375]
cnt=1 s0=fng (57,2160)* [filtered=8375]
cnt=1 s0=fng (56,2160)* [filtered=8375]
cnt=1 s0=fng (55,2160)* [filtered=8375]
cnt=1 s0=fng (55,2160)* [filtered=8375]
cnt=1 s0=fng (54,2160)* [filtered=8375]
cnt=1 s0=fng (54,2160)* [filtered=8375]
cnt=1 s0=fng (53,2160)* [filtered=8375]
cnt=1 s0=fng (52,2160)* [filtered=8375]
cnt=1 s0=fng (52,2160)* [filtered=8375]
cnt=1 s0=fng (51,2160)* [filtered=8375]
cnt=1 s0=fng (51,2160)* [filtered=8375]
cnt=1 s0=fng (51,2160)* [filtered=8375]
cnt=1 s0=fng (51,2160)* [filtered=8375]
cnt=1 s0=fng (51,2160)* [filtered=8375]
cnt=1 s0=fng (51,2160)* [filtered=8375]
cnt=1 s0=fng (51,2160)* [filtered=8375]
cnt=1 s0=fng (51,2160)* [filtered=8375]
cnt=1 s0=fng (51,2160)* [filtered=8375]
cnt=1 s0=fng (51,2160)* [filtered=8375]
cnt=1 s0=fng (51,2160)* [filtered=8375]
cnt=1 s0=fng (51,2160)* [filtered=8375]
cnt=1 s0=fng (51,2160)* [filtered=8375]
cnt=1 s0=fng (51,2160)* [filtered=8375]
cnt=1 s0=fng (51,2160)* [filtered=8375]
cnt=1 s0=fng (51,2160)* [filtered=8375]
cnt=1 s0=fng (51,2160)* [filtered=8375]
cnt=1 s0=fng (50,2160)* [filtered=8375]
cnt=1 s0=fng (50,2160)* [filtered=8375]
cnt=1 s0=fng (50,2160)* [filtered=8375]
cnt=1 s0=fng (49,2160)* [filtered=8375]
cnt=1 s0=fng (49,2160)* [filtered=8375]
cnt=1 s0=fng (48,2160)* [filtered=8375]
cnt=1 s0=fng (48,2160)* [filtered=8375]
cnt=1 s0=fng (48,2160)* [filtered=8375]
cnt=1 s0=fng (48,2160)* [filtered=8375]
cnt=1 s0=fng (48,2160)* [filtered=8375]
cnt=1 s0=fng (48,2160)* [filtered=8375]
cnt=1 s0=fng (48,2160)* [filtered=8375]
cnt=1 s0=fng (48,2160)* [filtered=8375]
cnt=1 s0=fng (48,2160)* [filtered=8375]
cnt=1 s0=fng (48,2160)* [filtered=8375]
cnt=1 s0=fng (48,2160)* [filtered=8375]
cnt=1 s0=fng (48,2160)* [filtered=8375]
cnt=1 s0=fng (48,2160)* [filtered=8375]
cnt=1 s0=fng (48,2160)* [filtered=8375]
cnt=1 s0=fng (48,2160)* [filtered=8375]
cnt=1 s0=fng (48,2160)* [filtered=8375]
cnt=1 s0=fng (48,2160)* [filtered=8375]
cnt=1 s0=fng (48,2160)* [filtered=8375]
cnt=1 s0=fng (48,2159)* [filtered=8375]
cnt=1 s0=fng (48,2159)* [filtered=8375]
cnt=1 s0=fng (48,2159)* [filtered=8375]
cnt=1 s0=fng (48,2158)* [filtered=8375]
cnt=1 s0=fng (48,2157)* [filtered=8375]
cnt=1 s0=fng (48,2155)* [filtered=8375]
cnt=1 s0=fng (48,2154)* [filtered=8375]
cnt=1 s0=fng (49,2152)* [filtered=8375]
cnt=1 s0=fng (50,2150)* [filtered=8375]
cnt=1 s0=fng (51,2147) [filtered=8375]
cnt=1 s0=fng (52,2144) [filtered=8375]
cnt=1 s0=fng (52,2143) [filtered=8375]
cnt=1 s0=fng (53,2141) [filtered=8375]
cnt=1 s0=fng (54,2139) [filtered=8375]
cnt=1 s0=fng (54,2137) [filtered=8375]
cnt=1 s0=fng (54,2135) [filtered=8375]
cnt=1 s0=fng (54,2134) [filtered=8375]
cnt=1 s0=fng (54,2134) [filtered=8375]
cnt=1 s0=fng (54,2134) [filtered=8375]
cnt=1 s0=fng (54,2134) [filtered=8375]
cnt=1 s0=fng (54,2134) [filtered=8375]
cnt=1 s0=fng (54,2134) [filtered=8375]
cnt=1 s0=fng (54,2134) [filtered=8375]
cnt=1 s0=fng (54,2135) [filtered=8375]
cnt=1 s0=fng (54,2135) [filtered=8375]
cnt=1 s0=fng (54,2135) [filtered=8375]
cnt=1 s0=fng (54,2136) [filtered=8375]
cnt=1 s0=fng (54,2137) [filtered=8375]
cnt=1 s0=fng (54,2138) [filtered=8375]
cnt=1 s0=fng (54,2139) [filtered=8375]
cnt=1 s0=fng (54,2141)* [filtered=8375]
cnt=1 s0=fng (54,2142)* [filtered=8375]
cnt=1 s0=fng (54,2143)* [filtered=8375]
